v -0.310508741704772 0.668415782350008 -0.292924305665563
v -0.308465122587371 0.709026884989586 -0.243234494017906
v -0.305689926664111 0.644329193718343 -0.334746799163966
v -0.303339891263935 0.729959750457486 -0.221873912016646
v -0.302338327452787 0.654338119291163 -0.284571490903781
v -0.301355291301545 0.626872579900841 -0.341635239929334
v -0.300539626577753 0.688518512992938 -0.313400259355492
v -0.299973454740191 0.646211326283239 -0.358320328754334
v -0.297711892117096 0.690731928817361 -0.23331558767032
v -0.297315636233537 0.739896159388181 -0.215854279696063
v -0.296901799686602 0.733017482307907 -0.268565230333323
v -0.293331937837091 0.752070766442992 -0.247885549210032
v -0.292600520181023 0.62764547880115 -0.370208968726581
v -0.292025033932205 0.748928189089303 -0.211792271686216
v -0.290864911509653 0.711491922623284 -0.211174758796333
v -0.289918906465215 0.758297175535593 -0.239962384571361
v -0.289329580284304 0.634082895767288 -0.33123930028257
v -0.287447759682501 0.757514552615099 -0.208202431761911
v -0.287118795945881 0.66687195895169 -0.358419811720898
v -0.28686874653975 0.764109826575964 -0.234022456877267
v -0.28458855476006 0.651647465732748 -0.289079479745105
v -0.283920287828205 0.770290241722087 -0.22932377828195
v -0.283764366531212 0.722917120091395 -0.205352082937821
v -0.283612708339053 0.765995222173355 -0.203709563464623
v -0.281737106132258 0.703308575896505 -0.33219016577506
v -0.28107192755029 0.777621156064325 -0.22470723457471
v -0.280228527922078 0.634857239049477 -0.353642115564528
v -0.278847305685538 0.654195102030013 -0.370327033989692
v -0.27750642766228 0.733329207148437 -0.201334412740643
v -0.27586261584445 0.784883287196852 -0.192875995596682
v -0.275474808030994 0.685810429343487 -0.239598937239045
v -0.273928163431895 0.750037725549954 -0.291956889354814
v -0.272889090301184 0.797690833318493 -0.213943076421962
v -0.272099290184391 0.743006125862586 -0.197652910010338
v -0.270808933779997 0.76714573597285 -0.271412788350209
v -0.270489877094109 0.65695051912274 -0.355254066381182
v -0.269765604663306 0.770105539774703 -0.261155284901174
v -0.268939066795573 0.772635431596911 -0.253297416743555
v -0.267711957232678 0.751806682690191 -0.192900520559476
v -0.267664733433373 0.704937957629799 -0.217195300429934
v -0.267527614313515 0.776379295043643 -0.247396336368269
v -0.265526073045617 0.666749299613926 -0.308578236578829
v -0.265398224187956 0.782241951868744 -0.242869942633521
v -0.263520067390253 0.701420031376589 -0.33702997452438
v -0.261220005886411 0.715393355522554 -0.210332021894146
v -0.260207518687399 0.824720271572552 -0.170553492619859
v -0.259423620669599 0.769743409749291 -0.181750515741107
v -0.256288719666575 0.802975575015741 -0.232135621730296
v -0.255445230161339 0.725156949981429 -0.205211796653045
v -0.255092507594214 0.843547900946881 -0.190202258982145
v -0.255006223244191 0.687848261247052 -0.329232553845189
v -0.252259264358808 0.703020281462585 -0.263940551121107
v -0.250967323005365 0.74643764235677 -0.29827754586643
v -0.250230681250013 0.734446562626882 -0.200766561120975
v -0.246675169867455 0.762471106620881 -0.277306827709659
v -0.24623623224753 0.764639165765978 -0.265785662789842
v -0.246192997385334 0.765803160614369 -0.256980057195313
v -0.245680550818939 0.742886164669564 -0.195858382597636
v -0.245226790162679 0.768584065913933 -0.250419326652452
v -0.245181897204824 0.719612188330811 -0.242440412899566
v -0.243231667169705 0.806269860554206 -0.159799689235786
v -0.243073028401195 0.773909424393038 -0.245547395849442
v -0.243041559107065 0.866970454360274 -0.150270249256745
v -0.241390032337371 0.726195917891071 -0.233653389831735
v -0.239779886917203 0.728784623969871 -0.288972978572338
v -0.237940444048508 0.732420720925237 -0.226385342809433
v -0.236297969571856 0.760738227832736 -0.184568684302047
v -0.235682422787228 0.853372736856356 -0.207175468392014
v -0.235043052576256 0.892540600983977 -0.170097952970847
v -0.234525140382631 1.28040726225522 0.201208285751835
v -0.234365548283408 0.73904962814185 -0.220545770376408
v -0.233931710763859 0.889130733894651 -0.138762136922022
v -0.233890818053693 1.28134887443673 0.191596528002837
v -0.233830921618632 0.744567008754033 -0.267609838127177
v -0.233093990850277 1.30211747188104 0.203358798756808
v -0.233041956553554 1.25877011932594 0.199083160755962
v -0.232947919874948 0.794254227123363 -0.234133893259857
v -0.232467449342835 1.30297498573839 0.193738254479941
v -0.232460819712126 1.28006142547029 0.207517425148338
v -0.232460508272083 0.747949855457885 -0.256452278690377
v -0.232407351026362 1.25978377998665 0.189478910185921
v -0.232039243483606 1.28249978041828 0.179479616539547
v -0.231622849389385 0.750070651378611 -0.247581015438533
v -0.231013259217684 1.30159288445598 0.209650590226949
v -0.230999917239844 1.2585587341547 0.205405227296141
v -0.230638008006612 1.30389688896138 0.181598038764679
v -0.230629184966257 0.746372673529549 -0.215016211533578
v -0.230566405744094 1.26117755877498 0.177386849117579
v -0.230327028338633 0.901422836647127 -0.129081678523011
v -0.229974604319539 0.753607559392232 -0.240806206038681
v -0.229369457485523 1.28398682515499 0.164024701374731
v -0.228858634983297 1.32344477546658 0.205479754006531
v -0.228769249446675 1.23747413039656 0.19699778761129
v -0.228247917194489 1.32421671163365 0.195850334433203
v -0.228147016916521 1.23856755413745 0.187401835243467
v -0.227994194955762 1.30504107277361 0.16610848154235
v -0.227912381267649 1.26300844647836 0.161966812215908
v -0.227298003503799 0.75930823000998 -0.235325689353133
v -0.226804208801829 1.32265763907295 0.211745683284314
v -0.226757818907766 1.23738486937725 0.203331612774249
v -0.226470365409988 1.32491225908307 0.183687040513711
v -0.226345518679709 1.24019739894388 0.175333870834368
v -0.226315165076857 1.28585719569319 0.144385122152995
v -0.226230437360548 1.28062210383315 0.209714777917791
v -0.226070910600229 0.912676200794228 -0.117888984816361
v -0.225549978942185 0.845157259603521 -0.139714603859245
v -0.224966949580591 1.30652346858744 0.146430360578782
v -0.224881500788627 1.26524966749055 0.142363612103974
v -0.224826886530285 1.25954073875886 0.207644597259245
v -0.224744598419202 1.301634564111 0.211796675729235
v -0.224621130793075 0.916927706957354 -0.159008788960508
v -0.223897218941001 1.32572253456112 0.168163647391124
v -0.223749120758258 1.24236175462583 0.159947575505184
v -0.222223162570908 1.28847095779422 0.117228768441357
v -0.221796601374032 1.34406350242651 0.207548712145448
v -0.221686027257724 1.21700854047631 0.195011862817599
v -0.22121595341235 1.34476689268155 0.197911990419989
v -0.221082868274522 1.21818506931838 0.185424990188894
v -0.220947305774534 1.32683435591652 0.148448825831279
v -0.22091076831868 1.30862335490085 0.119222929804812
v -0.220823824509597 1.26837505409589 0.115257523823873
v -0.220793030357355 1.24498097485556 0.140381704798121
v -0.220688073355185 0.929163721442253 -0.150441822373681
v -0.220670496514851 1.23874942868742 0.205608964237413
v -0.220621736979864 1.32192162735706 0.213814328517951
v -0.220259127435768 0.765013928811131 -0.20312424805919
v -0.219845268090313 1.34287904486139 0.213774921186278
v -0.219715182058309 1.21703142988342 0.201355963124953
v -0.219520801951465 1.3452374317756 0.18572534895413
v -0.219350182111493 1.22004483462737 0.173380580204356
v -0.217502974750636 0.797720204898422 -0.162302774596835
v -0.217066412181276 1.34573097520476 0.170169348548563
v -0.216994097944368 1.328433070876 0.121191549754117
v -0.216854094979542 1.22253286790207 0.158027106156488
v -0.216830765008987 1.24860283848385 0.113324694592116
v -0.216641927216281 0.778591167402458 -0.2230438355268
v -0.216510745881539 1.29210641316795 0.0792048582520749
v -0.216114482820862 0.93973353053382 -0.140808804358198
v -0.216074959044486 0.865843529007751 -0.128183540308243
v -0.215243576394525 1.31155870257244 0.0811306200582937
v -0.207620414384567 1.2825737882772 0.21000053031345
v -0.215170028815177 1.2727009185 0.0772994661402147
v -0.21496927817044 0.934115940673472 -0.0886399573688965
v -0.214246245869184 1.34647496409504 0.150417152694599
v -0.214015877567432 1.2255214046941 0.138498243468227
v -0.213968825610813 1.34094751696086 0.215724273117209
v -0.213736652964034 1.21876904469145 0.203670433827083
v -0.21211410341932 1.36359599726652 0.209519322076148
v -0.212027367998062 1.19758254894895 0.193130979037008
v -0.21174522034997 0.90753375372043 -0.188009632605305
v -0.21157204255651 1.36422876533851 0.19987507421771
v -0.211457226603994 1.33066502993146 0.0830308457271531
v -0.211452441003323 1.1988304241089 0.183551858509625
v -0.21132399469713 1.25361651038439 0.0754330195066717
v -0.21092756935853 0.877208695225382 -0.120236990949765
v -0.210797087835177 1.29574298615439 0.0411812367897273
v -0.210465822025306 1.34758114139275 0.12310994212716
v -0.210351954087431 1.36197108683083 0.215701311196775
v -0.210210967666207 1.22962593763219 0.111489418689581
v -0.210109340089031 1.19772493197695 0.199486282008807
v -0.209986658257659 1.36448849599011 0.187666505321454
v -0.209885432200982 0.844373234322278 -0.208817693979551
v -0.209817545868254 1.20091343884596 0.171530245050006
v -0.209572011610453 1.31448517737725 0.0430376854021674
v -0.209519839573506 1.27703734443736 0.039342455269618
v -0.20768791019662 1.36467678790315 0.172079012516749
v -0.207548058528897 0.888479978587432 -0.107865699262395
v -0.207463871412343 1.20371463341421 0.156208408510288
v -0.206670512538819 1.29839466248661 0.0140337106550551
v -0.205918307143291 1.33289749426074 0.0448704607120354
v -0.205818815239833 1.25863160763998 0.0375413133577843
v -0.205473187476466 1.31662586904931 0.0158405797815844
v -0.205435819327067 1.28018576986851 0.0122423715029705
v -0.205151701510402 1.34914430447163 0.0848842993234482
v -0.205046040163101 1.36507075750628 0.152291058900153
v -0.205041978863491 1.35871175087132 0.217517130833083
v -0.205093676081204 1.23511817793094 0.0746181834415247
v -0.204784797798239 1.20704360606243 0.136714007591941
v -0.20428213454356 1.19985504134766 0.201839706120284
v -0.204105207677166 0.96128669619775 -0.112769455053651
v -0.20369330772308 1.30029517343991 -0.00559823668180043
v -0.203477223366879 1.22164564159671 0.20400849017989
v -0.20251448840721 1.31816129083902 -0.00382646606409275
v -0.202494345731805 1.2824514468447 -0.00735521005850398
v -0.201913106598431 1.33453912704323 0.0176249513542516
v -0.201883452496623 1.36547460269434 0.124859246615401
v -0.201842131540866 1.26228048798159 0.0104893828545659
v -0.201339139304779 1.30181284450699 -0.0210482090962209
v -0.201199285520413 1.21161645825183 0.109752155105695
v -0.200176355058078 1.31939219411655 -0.0193042287597937
v -0.200169168157584 1.35045457597272 0.0465861219572845
v -0.200164258197001 1.28425307619631 -0.02277800084847
v -0.199898636522682 1.38172922709347 0.211367858612292
v -0.199856796580829 1.17970110432741 0.19141785765621
v -0.199710828525379 1.24089094092922 0.0358180931024469
v -0.19951242851312 0.933090427622375 -0.177898409862961
v -0.199497154604285 1.30300239804099 -0.0331578763713456
v -0.199401856515635 1.38229005228826 0.201715940795164
v -0.199319935721252 1.18103672314116 0.181848556341587
v -0.199017243216603 1.33571765595766 -0.0020761828289473
v -0.198981278386386 1.26489916996533 -0.00907470541862462
v -0.198939101590952 1.30285015782155 0.212044752794797
v -0.19842398569838 1.37970837874431 0.217509394445512
v -0.198343578074171 1.32034785515082 -0.0314363968961395
v -0.198342451817983 1.28566589637721 -0.0348665115577844
v -0.198181562138283 0.806900999010392 -0.179129224050181
v -0.198030938430396 1.30394542368966 -0.0427635027640889
v -0.198018164989507 1.17998553951195 0.197786243479575
v -0.197949603687059 1.38235443493782 0.189487272778812
v -0.197803079522257 1.18332630610755 0.169848752191356
v -0.197272362727035 0.908486109304514 -0.0798721545909062
v -0.197148700800024 0.837141644727106 -0.142014517410569
v -0.196890613506902 1.28678633981991 -0.0444550492762733
v -0.196886106061772 1.32110581598787 -0.0410601195148691
v -0.196818217289778 1.36642765274054 0.0865823422674902
v -0.196732719946564 1.3366614100131 -0.0175817673176306
v -0.196712574579328 1.26698469392077 -0.0244702664592665
v -0.199662056912006 1.26567321499629 0.208377231949951
v -0.196315568289297 1.35159955347784 0.0192926393379706
v -0.196272299649199 1.21784201526474 0.0719725870802728
v -0.195909365237086 1.24501598967056 0.00881140866182947
v -0.195846925048933 1.38226889271444 0.173871517713062
v -0.195624777309895 1.1864316068761 0.154558474410999
v -0.195455017507499 1.30475875828413 -0.0490020056039868
v -0.195210847286709 0.944463894277351 -0.170984287689718
v -0.194939375623755 1.26861275332276 -0.03653833877645
v -0.194939029136336 1.33739552794514 -0.0297351757105984
v -0.202622382750779 1.33778604064652 0.215467851736567
v -0.194344208152383 1.28783414314287 -0.0506708665447171
v -0.194310402668331 1.32167502633151 -0.0473225438753863
v -0.193985706214766 1.37529518928432 0.219207432798639
v -0.193145447903555 1.20239965126958 0.202150851005079
v -0.193814459368061 1.3821333039071 0.153976182632704
v -0.19353157977119 1.35243566895899 -0.000441183734227635
v -0.193525414457473 1.26991464195758 -0.0461093609862101
v -0.193514819626278 1.33797205532086 -0.0393765984948252
v -0.193175680990544 1.24796992703055 -0.0107213067514162
v -0.193152349269391 1.19008386179191 0.135096746236622
v -0.192951905433202 0.825306154443746 -0.197674576739576
v -0.19240946878753 1.18257009669855 0.200184468561534
v -0.19705951695124 1.24768069880318 0.206612804707135
v -0.19175301280032 1.36738081742316 0.0483054491355573
v -0.191353123371443 1.22406974808155 0.034192284653378
v -0.191341312775098 1.35309696552015 -0.0159750148802853
v -0.191231110728688 0.982779033608084 -0.0206806510293586
v -0.19102521080623 1.27117232246627 -0.0523048292533913
v -0.191005744566427 1.2503280700655 -0.026090811587223
v -0.190982228754117 1.33822384264684 -0.0456703496267739
v -0.190488945096246 1.38237608623721 0.126590668853312
v -0.190428844168706 0.95438722940463 -0.162670870096429
v -0.190281305200902 1.30556469245611 -0.0510083219129697
v -0.18984225097233 1.19508507361551 0.108177868686891
v -0.189621805604361 1.35360507873902 -0.0281510922514876
v -0.189308958892324 1.25216285355072 -0.0381393183792082
v -0.189223432014261 1.34961219394889 0.216696955079299
v -0.189222679710471 1.28901361686174 -0.0526404445336159
v -0.189108553808391 1.32203912582565 -0.0493723637221236
v -0.188261432254681 1.3540202236733 -0.0378087602788309
v -0.188137686862092 1.36807114931658 0.0209657250400794
v -0.187958206746187 1.25363808648212 -0.0476937839588175
v -0.187780153878669 1.22863900567324 0.00722828237860692
v -0.190862970984521 1.36669334021311 0.218373432285715
v -0.186486425898507 0.857620365901294 -0.130610496949097
v -0.186238729710953 1.2275863532671 0.204685989451986
v -0.185981040465513 1.27268816766 -0.0542413530435281
v -0.185853497546114 1.33793393969793 -0.0477851544466161
v -0.185843896132346 1.35383225461899 -0.0441464642462119
v -0.185835697207461 1.38272571124569 0.0882519231402683
v -0.185527994802011 1.255096880081 -0.053870019507013
v -0.185502715301302 1.16344418419445 0.189862324580135
v -0.185421629804684 1.39811486826712 0.213052176096176
v -0.185326807064806 1.20179957349617 0.0704417847643552
v -0.185217504006164 1.23191839482081 -0.0122735178195588
v -0.185015494441111 1.1648635895052 0.180302008514133
v -0.184980543047663 1.398621992613 0.203394383368488
v -0.184246439742905 1.39580775942484 0.219164097847283
v -0.184126296123464 1.39832068646077 0.191068887585566
v -0.18381684062961 1.16392578588699 0.196249658146643
v -0.183643811749627 1.16734288209051 0.168322004548868
v -0.183463010067617 1.3689536621809 -0.014364359052336
v -0.183233326583181 0.899008935380206 -0.190550674554158
v -0.183177986127464 1.23453145860765 -0.0276185435825062
v -0.182867702860847 1.18724743754628 0.200700864662375
v -0.18084513285849 1.33544678351993 0.215345883942537
v -0.189272946043185 1.32030327050855 0.21380943235063
v -0.182192244312559 1.39799748169375 0.175436192875846
v -0.181849381288535 1.36925877501695 -0.0265610808574905
v -0.181677636194802 1.17072249771831 0.153059993309915
v -0.181585667721298 1.23656584456988 -0.0396480477921192
v -0.181182449318676 1.38307533625417 0.0499131774272252
v -0.180987074654444 0.868557013948551 -0.122939943870328
v -0.180967014403215 1.35257879103547 -0.0463573536120637
v -0.180828879690584 1.20852467555054 0.0327048600473036
v -0.180699972443369 1.39053188478858 0.220773320038572
v -0.180584276144361 1.2569418259432 -0.0557743341795968
v -0.180568591027524 1.36949826580289 -0.0362365535213407
v -0.180396806624269 1.0104198401037 -0.0463258861107149
v -0.180316262232167 1.23819974187178 -0.0491873223194688
v -0.17996001231517 1.39781205686617 0.15559839010655
v -0.169550821869563 1.28786229100747 0.210712660731663
v -0.179444915831264 1.17466348563164 0.133628048045185
v -0.178657594896514 1.16713353095619 0.198709303406475
v -0.178172804046728 1.20886437758899 0.202870858560077
v -0.178356446196195 1.36886448474766 -0.042619462487485
v -0.178145969880269 1.33737636415303 -0.0478036269065321
v -0.178055402003397 0.9754518964085 -0.136488927584122
v -0.177982605474627 1.23987403222206 -0.0553427831229151
v -0.177859546024742 1.38332786267961 0.0225286170059537
v -0.177549319461219 1.21349819753825 0.00577877364742423
v -0.176985323207311 1.39767363063932 0.128173366198134
v -0.176745158777178 0.877756672387034 -0.112487504378979
v -0.166369463443741 1.27048270104118 0.209019783106226
v -0.176458933656628 1.18005525027737 0.106748975030066
v -0.17545596652835 1.38350704050488 0.00272780113408132
v -0.175201215148408 1.21705883897825 -0.0136972549067537
v -0.175142287823698 1.38235581918371 0.2199930043464
v -0.174932485608115 0.952185563050855 -0.0182903768227099
v -0.174151816568851 1.35073841987652 -0.0465065303629841
v -0.17394349352124 1.3665303658274 -0.0449397636689089
v -0.173681808532174 0.852489726118818 -0.159482954751169
v -0.173563504104741 1.38364660198705 -0.0128592141310913
v -0.17332683470926 1.21990313363018 -0.0290204607729092
v -0.173180268623358 1.24206809524048 -0.0572130260029546
v -0.172818725542452 1.39747199725937 0.0897775866277408
v -0.172407716396526 1.18724363225955 0.0690586346226506
v -0.172079264526276 1.38375255370572 -0.0250763145669026
v -0.171868039116789 1.22212556997092 -0.0410323734011568
v -0.170903027017402 1.38384083744446 -0.0347672899530987
v -0.170702685097132 1.22390950659841 -0.0505575303474857
v -0.170330858530661 1.17247977773157 0.199288884106375
v -0.169935785558837 0.924108645803275 -0.180892171735113
v -0.169356368035929 1.41232194965076 0.214469577505504
v -0.157563862029031 1.34117978794667 0.216023674144936
v -0.169219788446055 1.19382507832411 0.201427149042859
v -0.169126102761463 1.14939340298455 0.18853578662066
v -0.168985262975875 1.38279954838434 -0.0411920408605091
v -0.168937498866949 1.41278639197716 0.204812197831833
v -0.168690265727307 1.15089625249988 0.178985078298987
v -0.168649585533382 1.39726084714989 0.0513808759069347
v -0.168494951983174 1.22578883430974 -0.056693501344421
v -0.168380711668309 1.19443005534963 0.0313649794641141
v -0.167893607782019 1.4100301238303 0.220649102410249
v -0.167867547526242 1.33677347197785 -0.0478144564596503
v -0.167864595156919 1.37136605899998 0.218947519206692
v -0.167770321671733 1.41255089532084 0.192559694369632
v -0.167720192400121 1.15013003176708 0.194947429044153
v -0.16748360293918 1.15356211361691 0.167025197426555
v -0.166851444795316 1.23359568242972 0.205380541024465
v -0.166720975100753 0.896744051085863 -0.0875001114632515
v -0.164833756553853 1.32408634433322 0.214301837704105
v -0.16609589928174 1.41200446366819 0.176903598696263
v -0.165913657935345 1.34877015551354 -0.0466614361307944
v -0.165754877379732 1.15719068871777 0.15178978846806
v -0.165674896425523 1.39712242092304 0.0239558519985189
v -0.165595024038393 0.877121088483417 -0.179920266406006
v -0.165439626137673 1.19977139501235 0.00447413913291254
v -0.165281679351835 1.37953595980492 -0.0436079630297589
v -0.164989900808319 1.40429354179016 0.222209201892711
v -0.164160028786775 1.41155501963749 0.157038171020361
v -0.163889383331192 1.22837736279468 -0.0585254133730162
v -0.163875104610642 0.934610714928576 -0.176209872010922
v -0.163795615135147 1.16137255148569 0.132382791439623
v -0.160442135427417 1.30720005793001 0.212663705275801
v -0.163520560472431 1.39700905501313 0.00412481323269941
v -0.163408674332806 1.15415640735837 0.197485547403947
v -0.163336230383103 1.20359056454059 -0.0149774714342277
v -0.16182764049933 1.39693087129983 -0.011484765958967
v -0.161657917617465 1.20665013143925 -0.0302801406271586
v -0.161580088413588 1.41106487837485 0.129576346649303
v -0.161334479818818 0.874460246845273 -0.148764783378478
v -0.16105592438956 1.16736480175564 0.105656680703274
v -0.160583769202673 1.35811158480176 0.217675392865443
v -0.160498710039335 1.39686185727333 -0.0237199727119975
v -0.160350785130726 1.20903757252119 -0.0422764168035201
v -0.160189713348832 0.944174431372267 -0.168036356020638
v -0.160126139544527 1.39487211628955 0.221301720615521
v -0.1594463657086 1.39681431375474 -0.0334250204175965
v -0.159308545927092 1.21095719873263 -0.0517887506760846
v -0.15921988396876 1.2639076058911 -0.0549823182070855
v -0.160456234785833 1.17911407488299 0.200004251256448
v -0.157967496698332 1.410376647513 0.0911296152140459
v -0.157844461880107 1.39546271097208 -0.0398820815220391
v -0.157647209473399 1.17463389019122 0.0678808977785033
v -0.157298988630425 1.21308569619781 -0.0579009042902454
v -0.15694515681632 1.02239401218556 -0.0742991551065135
v -0.156884795837836 1.16032849876097 0.198140607579944
v -0.156497944272576 1.34819534676501 -0.0466724301922248
v -0.15604619613099 1.33702981016117 -0.047732442687276
v -0.155416975066331 0.885089589045936 -0.142334260403651
v -0.154866886686653 1.39148157204086 -0.042372694467225
v -0.154357492442467 1.40969804420302 0.0526838256966844
v -0.154284180524333 0.00167938257630554 0.264844441389345
v -0.154154301966309 1.1821657027065 0.0302183574206274
v -0.154144721796151 1.03033326209774 0.0344841578505966
v -0.153984882225044 0.014346622578033 0.265072204074919
v -0.153606073110542 0.0301954684700295 0.265466276949302
v -0.153132708418893 1.20081883800382 0.202206335483559
v -0.153082728348337 1.2162042211163 -0.0596817252491674
v -0.157559395451857 1.25408906938791 0.20744618483835
v -0.15202796774372 0.900835013253986 -0.170225112141697
v -0.151777436886931 1.40920793345298 0.0252220049135923
v -0.151701902472614 -0.00696811713280894 0.263266400848208
v -0.151606385147989 1.18781127212218 0.00335522785190023
v -0.15110944402118 1.13737724014578 0.187400554970875
v -0.151013181434641 1.42448314944211 0.215764952859763
v -0.15074000547713 1.13895339608492 0.177857436986843
v -0.150723456776303 0.00233207123904886 0.220511259175836
v -0.150693724511854 0.89371501581082 -0.133540967865237
v -0.15066206217206 1.42490901837732 0.206103417719022
v -0.150425194052716 0.0164274207547482 0.220802301441358
v -0.130090658964386 1.33136118995362 0.215190738698357
v -0.150240169903488 1.42193230774297 0.221846694016672
v -0.150070988603896 1.13837787530837 0.193838541624032
v -0.14999150765928 0.0366169079870068 0.221405935368277
v -0.149911902506502 1.40885317699261 0.00536562177150131
v -0.149788830859919 1.19181790023279 -0.0160805196114278
v -0.149692778127185 1.4245387173377 0.193836581851109
v -0.149643452578853 1.14196173594758 0.166000345198706
v -0.148844665771948 1.16746568704765 0.198898757814448
v -0.148838434800945 0.00263881160062653 0.197004531207105
v -0.148542087405416 0.0174884602814608 0.197339237598823
v -0.148442806019107 1.40857168739334 -0.0102652083267465
v -0.148380196823363 0.963832366766811 -0.14383271778261
v -0.148372440689711 0.000838333273246923 0.305836482750474
v -0.14833464225767 1.19505281906374 -0.0313672899545131
v -0.148304789752091 1.42380308725519 0.178160328141991
v -0.148174131058491 1.14583071771998 0.150796496702455
v -0.148078908335212 0.0401215157855693 0.198221958407481
v -0.148076275898695 0.0121322117137256 0.306002806544381
v -0.148057829017669 -0.00613097204887659 0.220223684232785
v -0.147777187212562 0.0237243458457251 0.30617536874139
v -0.147323610434763 1.41609812310952 0.223459560117762
v -0.14729176574079 1.40835241915846 -0.0225161815956868
v -0.147206616557667 1.19757546440046 -0.0433516541836421
v -0.146876813937278 1.14323842907864 0.196458849477435
v -0.146697543739276 1.42313288782187 0.158271407493519
v -0.146548633736064 0.350937527763491 0.150055434269212
v -0.146527155015348 0.364458904606792 0.142866758253229
v -0.146500143353396 1.15026689659313 0.131427289572842
v -0.146460660986063 0.336482289101095 0.153404433017661
v -0.146421212897326 0.600636074919652 -0.00314205088251446
v -0.14642011223 0.936169498669182 -0.0320797863298609
v -0.146414080197516 -0.00750448363005752 0.30309506411757
v -0.146377872135412 1.40817562774953 -0.0322347204019667
v -0.146348096356578 0.395481128334175 0.123056912441448
v -0.146299539404867 1.1995959818197 -0.0528546240319475
v -0.14616285408247 0.58283708903082 -4.84863074874387e-05
v -0.146145580998892 0.299602368605583 0.152704383314574
v -0.146139337472539 0.0415835041013023 0.175460600966186
v -0.146072625812288 -0.00583253705560972 0.196709081653203
v -0.145996781976083 0.46098774771144 0.0737475594125586
v -0.145970396970825 0.0179228271512596 0.173165287054237
v -0.145876053346099 0.911125189584452 -0.165357002719244
v -0.145875858993718 0.00282435161884419 0.172093024185251
v -0.14569854116851 0.526091150395946 0.0274005987662555
v -0.144785675335538 1.18588462066423 0.20076152024684
v -0.145608634033989 0.567046927127005 0.00501150778988882
v -0.145494338095547 0.55529916591352 0.0104193603378047
v -0.145487116318611 0.219093092791937 0.152355196887786
v -0.14503310389966 1.40662196191512 -0.0387130719232183
v -0.144913194000357 0.140177532775555 0.14608724742784
v -0.144794422351174 0.0828121562682831 0.14077742741923
v -0.144654382892661 0.0953755044426215 0.141785648247935
v -0.144653133027808 0.106751623955071 0.143238635574128
v -0.144609343467194 1.20204314883716 -0.0589365369272339
v -0.144555527031767 1.4223515395537 0.130778571027938
v -0.144338114373487 0.0660561685857691 0.137765260023683
v -0.144267106783594 1.15631990867569 0.104629109403525
v -0.144032129976631 1.33882996292772 -0.0475400970062522
v -0.143967960701146 1.05761633240235 0.00653259225754696
v -0.143664055988782 0.0430964012908233 0.265766379449628
v -0.143372150950922 -0.00976163415700768 0.259396636660907
v -0.143069049745395 1.40586507417965 0.222468316277088
v -0.143041036832064 -0.00554733915695093 0.171421912594126
v -0.142666297868561 0.996332937687194 0.035370709778719
v -0.142587397884772 1.40226309678768 -0.041243734158006
v -0.142509854764056 0.0418931311135057 0.132401545092324
v -0.142391967923553 0.618455813160593 -0.00659272384278688
v -0.143420189264432 1.15124762067238 0.197289008212883
v -0.145340070589684 1.22478156461526 0.204617995815649
v -0.141626499728643 1.32648912587325 -0.0487055948645857
v -0.141558246908569 1.42126347802676 0.0922891910456093
v -0.141274217518756 1.16423071883214 0.0670164320879837
v -0.141097713759846 1.20587044833454 -0.0606501877732218
v -0.140578561862129 0.919905013357434 -0.157769756764233
v -0.140415004108967 0.0183579405095811 0.126556374026106
v -0.140226014277579 0.911947038670662 -0.11085313044426
v -0.139948562812144 -0.0102430099465746 0.295196682977073
v -0.139820326346163 0.0671819656057995 0.180389920404389
v -0.139664599988225 0.0538437754580797 0.2218582160306
v -0.139587277021178 -0.00923553098601304 0.219729629383738
v -0.139359469716289 0.0329427449495364 0.295653369046224
v -0.139135973367463 0.00342262734461319 0.123224658491981
v -0.144524178532999 1.24898841487473 -0.0563897957764648
v -0.138863969775565 1.17631947863829 0.199834507435733
v -0.138558451314948 1.42016576987757 0.0537988669029065
v -0.138337841880839 1.17212226510017 0.0293940207653683
v -0.138010084110943 1.22594586471121 -0.0586422022658205
v -0.137557004216331 0.0597749801391635 0.198790421725665
v -0.137370312117422 1.15843874332992 0.19804720084698
v -0.13732076915397 -0.00875908917324835 0.196463396687303
v -0.132069414367172 1.39247740260292 0.221204849831251
v -0.136521254961803 1.29993607564026 -0.0513077641460999
v -0.136419007669037 1.41939405297534 0.0263069728037161
v -0.136309514260533 -0.00461298522286355 0.122596912043048
v -0.13625831160544 1.20674828098504 0.20288372514112
v -0.136216262833017 1.1779897482399 0.00254380580857196
v -0.135837093582818 0.654753570997267 -0.00160312438386881
v -0.135714283791138 0.345566702246383 0.187922321831378
v -0.135679773009334 0.361532449406396 0.186224323999657
v -0.135617126394457 0.0845602084323254 0.174437094667404
v -0.135615556425842 0.307685271862701 0.187367553331621
v -0.135507845106385 0.376157479574485 0.180036103254209
v -0.135495955147502 1.05039585970607 0.0559728144345493
v -0.135447816770732 0.225571259902692 0.185971399216282
v -0.135446492972691 0.341829390154782 0.114992514094153
v -0.135416450446118 0.353535018923431 0.107061653440714
v -0.135410971442548 0.0987222209334062 0.174023094059708
v -0.135381556889769 0.328421188872039 0.117900077814681
v -0.135379847308243 0.145101385878269 0.178174934803002
v -0.13533831529323 0.110828520685652 0.175271066630789
v -0.135215410688086 0.381801881082774 0.0824433334499496
v -0.135157637395433 0.292984532359124 0.117969495909706
v -0.134929360657918 0.409734865638274 0.164376544791095
v -0.134868360353752 1.41882205747489 0.00642751244108945
v -0.134826055365194 1.18184595122593 -0.0170017563615152
v -0.13467365823994 0.213735318371978 0.118919665845581
v -0.134657067484085 0.445404601471372 0.0218203181425991
v -0.134633939873236 -0.00842950938176087 0.171116087945742
v -0.134442950147146 0.791412539748932 0.00351126802564389
v -0.134241848875896 0.136315747910602 0.113863085445394
v -0.134157958238566 0.0817099134980644 0.107350626544387
v -0.134097770198423 0.509879663513352 -0.0342631725509965
v -0.134049605046781 0.092691744732356 0.109755090761427
v -0.134049555660202 0.103547325416794 0.111089448752321
v -0.134021603230703 1.2609208489263 0.208238831602656
v -0.133800711710232 0.478337443543488 0.126288118613801
v -0.13372323569533 0.54052691563479 -0.0550795195281373
v -0.133650294296093 1.41838125130045 -0.00922033999676895
v -0.133616649556844 1.18523631069743 -0.0322740018884573
v -0.133582890992978 0.066560802953843 0.101773831636958
v -0.133375742185016 0.554165443520326 -0.0623799525906688
v -0.132418390925703 1.16724440789905 0.198959270175864
v -0.132856800294985 0.570828150398198 -0.0697894725879003
v -0.13277268617648 0.545670974632929 0.0895215126366674
v -0.132693542442592 1.4180282563725 -0.0214855212102505
v -0.132678681447548 1.18786726686321 -0.0442484592991507
v -0.132309017852869 0.574389564141122 0.0762604899990868
v -0.132089201170952 0.589533080815885 -0.0753751435514961
v -0.132066783553095 0.585103737986503 0.0725833480149666
v -0.131937275003537 1.41775814377041 -0.0312140827116257
v -0.131925455555211 1.18999618813364 -0.0537411561646966
v -0.131670709643193 1.1281390628232 0.186597955312348
v -0.131631862529849 0.599184465843572 0.0706171013421975
v -0.131535823360451 0.0426742783728984 0.092655794368324
v -0.131374758822039 1.12983412006413 0.17707102323072
v -0.131224393134384 1.43414371404766 0.216819455806237
v -0.131044404368535 1.12927396278961 0.193048788965987
v -0.13099899955309 0.614547707131133 0.0696467980544509
v -0.130946103733555 1.43453985409058 0.207154617301451
v -0.130816050965405 1.41607331417528 -0.0377065309858885
v -0.130752402324785 -0.0101382768058786 0.28147753207916
v -0.130631669103374 1.19272453410634 -0.0597966191888868
v -0.130589122118237 1.43154594817802 0.222895871611801
v -0.130560472479868 -0.00981349115738425 0.255570981673768
v -0.130230971816185 1.19290179987337 0.201537355362787
v -0.130545830579201 1.1328666626537 0.165158505789565
v -0.130190284220565 1.43406156266462 0.194876031528597
v -0.130190690483611 1.37404532441821 0.219394018566909
v -0.129584097859546 -0.00744987266263494 0.125501205063558
v -0.129355044254735 1.13696927509479 0.149984039054551
v -0.129306999498799 1.00655565095045 -0.0878866537166281
v -0.12921082485888 1.24429547157526 0.206629709084289
v -0.129172128045873 0.0196024481097671 0.0831271403664254
v -0.129119728578867 0.93879370214847 -0.135948202774288
v -0.12911040536242 1.43317224411338 0.179183034657293
v -0.129106112762742 1.1346093574415 0.195719127548806
v -0.128892156278331 0.869150257072439 0.00583848688259658
v -0.128774906253565 1.41151446108905 -0.0402589980953631
v -0.128665850064978 1.05441011977079 0.0652473656945617
v -0.128602062950812 1.42541042883531 0.224407685373375
v -0.12805599808864 1.19725502539749 -0.0614443300974391
v -0.128032351738292 1.32946114234658 -0.048346159093709
v -0.127974924679469 1.14167530661343 0.130655459568347
v -0.127859960283107 1.43233533474676 0.159275841920834
v -0.127764918730604 1.0501482866384 0.0796052472652234
v -0.127704793735757 0.0050022784057114 0.0774674307040789
v -0.127203421005965 0.609628995521816 -0.0791238758110787
v -0.12671477281357 -0.00933749416475725 0.219545126536047
v -0.126508956275223 1.14289249970809 0.196524516066526
v -0.126365524765376 1.07681571969815 0.0259552633104776
v -0.12619135939376 1.43132556827148 0.13175804539549
v -0.126142520475585 1.14808495683755 0.103909482890109
v -0.125917823385538 0.621585572959123 0.0739897593296767
v -0.125708329067995 -0.00259317945261223 0.0768505085423907
v -0.125019206424273 1.1788030578952 0.200158811316625
v -0.125339553738043 1.04422063498406 -0.0393202075738576
v -0.125052293518136 1.02451607379123 0.0707290190869239
v -0.121180010326705 1.20684847148008 -0.060456987281965
v -0.124450532354131 1.41474334190049 0.223437937761672
v -0.12437658028882 -0.00902868903940912 0.196182119081595
v -0.124224285288726 1.2278536428791 0.20503026431796
v -0.124165310007348 1.06683254390525 -0.025958249235605
v -0.123854370495058 1.42990814179321 0.093232783708096
v -0.123717537784342 1.15605168110118 0.0663048186138245
v -0.125593298116294 1.15210886384843 0.197465952860808
v -0.123679954728126 0.996623783218239 -0.00134270771331518
v -0.129468744811657 1.35585281291173 0.217607095652584
v -0.122915405096339 0.643173734469096 -0.0806850213270097
v -0.122717048660079 1.16468058366848 0.19875325985158
v -0.12253083998935 1.05011914055387 0.104790867421309
v -0.122508871803513 -0.00865915597221707 0.170866558578794
v -0.122475626165141 0.652145836896598 0.0731114504300606
v -0.109115714707719 1.2288047568042 -0.0582188004621131
v -0.12177510378136 0.000385924867197844 0.319454832380434
v -0.121768059527588 -0.00556885901276576 0.0834386796488203
v -0.12162515802225 -0.00793298104637041 0.316274733054138
v -0.121563146068047 0.788742146804345 0.0738834834970009
v -0.121517207023107 1.42849076156059 0.0547075274587136
v -0.121478169286421 0.0112213793038002 0.319607650398647
v -0.121394106461453 1.16397106858556 0.0286806987530049
v -0.121345327515003 0.949975311944258 -0.0595138173156244
v -0.121330055327987 0.927102663464712 0.013872027457095
v -0.121194417849003 0.0213993044047363 0.319754060763399
v -0.120763387425272 1.08158866576639 0.0310472938520885
v -0.120564375323343 -0.0105999898910555 0.307048783011186
v -0.120091615227929 -0.00765250584146026 0.128813682060159
v -0.119848615132381 1.42748099270152 0.02718973065306
v -0.119831425663285 0.71836079703668 -0.00422615529951397
v -0.119725615325704 1.17001414063035 0.00184283450058959
v -0.119526586767395 1.08297086275679 0.0369486192866597
v -0.119444609780045 0.0324848710025765 0.306255669143494
v -0.119146178754388 0.986978212369655 0.00582294156447205
v -0.119113929028005 1.21176042027016 0.20346958708406
v -0.11878639246606 1.34571331076401 -0.0467342930038796
v -0.118767887677828 0.991600964524961 0.0535836739461612
v -0.118643383273262 1.42675573912027 0.00729338755455709
v -0.118560973862242 1.17426203488041 -0.0175874987759483
v -0.118554336674378 0.966940021879493 0.00982734333531246
v -0.118296039025133 -0.0103484275906451 0.287735586379326
v -0.118067757737892 1.02359713062776 0.0778943815898794
v -0.11789321226597 1.08410734930282 0.0443711667228175
v -0.117839980265571 0.973135833292362 0.0688258472943473
v -0.117691314985651 1.42617240016832 -0.00836989625130352
v -0.117622901155696 1.17774129327079 -0.0328595279743343
v -0.117537600805218 -0.00624947920269245 0.0984001383936096
v -0.116995514025253 1.18014425462851 -0.0449426599927874
v -0.116947071344372 1.42572185840367 -0.0206457872348313
v -0.116406566989583 1.18234380366396 -0.0544290787759262
v -0.116357050206598 1.42536645406307 -0.0303836174331515
v -0.115737959305905 1.01215148087412 0.0953127782811754
v -0.115659599626771 0.87169343668825 -0.0652573781412429
v -0.115567944245387 1.18527229453616 -0.0604665894624699
v -0.115452809750782 1.4235932050626 -0.0368858923685787
v -0.11465998577457 0.0470047495203874 0.265841153738121
v -0.114517662977905 -0.00995656106593326 0.254285200574252
v -0.117946059713376 1.19580764734537 0.201889289118435
v -0.114065151132665 1.1902554324783 -0.0620737971695966
v -0.113763448041456 1.41887952986244 -0.0394554283921703
v -0.113414008082687 0.857063257967756 0.0796132278959654
v -0.112402724190807 0.931018015278964 0.0951624600155351
v -0.112250918746095 0.976908862330316 -0.0852713935395364
v -0.112174941475699 0.957279735979258 -0.0667465545887108
v -0.111609370975396 1.24893111020894 0.207176401898711
v -0.111300742691664 1.12094763966599 0.185919667395392
v -0.111092514431971 1.12270144136726 0.176397683228614
v -0.111032813125927 1.12216368366581 0.192382190073334
v -0.110878087119186 -0.00949690962256977 0.219518398052724
v -0.110831371290077 -0.00217848450127685 0.0612622872518609
v -0.110569130172717 -0.00512477948746059 0.0691555275366881
v -0.110485726454575 1.12586336629594 0.16449964338726
v -0.110439356607152 0.00516339485966239 0.0618241967622644
v -0.110379083453285 1.18001364413183 0.200356242007167
v -0.110341578985826 1.44116901111009 0.217618020228457
v -0.110241083702637 1.08687741506515 0.0530700164308318
v -0.110210762204983 1.12779014344241 0.19508823954348
v -0.110137447791694 1.44153531592034 0.207949861326931
v -0.109911103151819 0.712696609411168 0.0666647960192236
v -0.109876376667819 -0.00601934270060641 0.0903125800698537
v -0.109833666933952 1.43853762974908 0.223690480934992
v -0.109661212640724 0.0591786287031739 0.222023555863902
v -0.109609299048126 1.44098639995502 0.195663161019808
v -0.109608088604763 1.08392452429498 -0.00897601343067328
v -0.109604612248323 1.13014945139172 0.149346908418237
v -0.109334978563371 0.019525510652736 0.0684230164508811
v -0.109069745368706 1.13730776174691 0.196087289713458
v -0.10900808710605 -0.00918917099293357 0.196224328950613
v -0.108960002630253 -0.00776123414453425 0.129907927649201
v -0.108891007171744 1.07082967934038 0.105180624850441
v -0.108856097805334 1.43998991628277 0.17995794300172
v -0.108548948453497 1.13507273099332 0.130050627194711
v -0.108500075691581 -0.00879616266818073 0.170909993265292
v -0.108223102633838 1.4322817483529 0.225188521726688
v -0.107979528788211 1.16457703232769 0.198815012962115
v -0.107979393609855 1.43902306142417 0.160036040564766
v -0.107960854413299 1.14989699792364 0.197325372249511
v -0.107761610383741 0.991967008588874 0.0364523802242384
v -0.107476938731785 0.0424001471827517 0.0795819551609815
v -0.10714578247982 1.14174882857118 0.10334477281782
v -0.107028387306713 0.0658367960888657 0.198943939808136
v -0.110305810900697 1.22817588416435 0.205133718731839
v -0.106810868811549 1.43785000516582 0.132499611130252
v -0.106171393795268 1.08728616456344 -0.00797401420097593
v -0.105880844590904 0.0720704268840798 0.18942851220726
v -0.105735322587056 0.0662048724925344 0.0903025833917341
v -0.105279962633688 0.0849347060470455 0.185828169919243
v -0.105269235444756 1.14987842992506 0.0657711510302873
v -0.105171825593876 1.43619612314109 0.0939474956246428
v -0.105060279378335 0.0809318288983453 0.0967852388808791
v -0.105013653729768 0.0998035444293287 0.185427466191934
v -0.104922662315033 0.0914977234894081 0.0996209647882104
v -0.104868083614838 0.112019759561925 0.186125510214752
v -0.104853920000882 1.03080482316101 -0.0610290837419152
v -0.104795611383793 0.10204126482537 0.10163273835754
v -0.10473350518728 1.4212786444533 0.224179989986247
v -0.104576709202486 0.14662525987026 0.189439850827809
v -0.104500445492264 -0.0103934959678571 0.281422519061365
v -0.104484427834907 0.134541196500317 0.104323338340098
v -0.104125780828037 0.999683518093208 0.113879662614947
v -0.103868676352254 0.227886402840911 0.198445698494345
v -0.103811135407507 1.08929784418748 -0.0103794324290166
v -0.103719894789554 0.211171262329594 0.109607391679718
v -0.103541500287362 1.15791142579839 0.0281654840817846
v -0.103247257779957 0.310862780118332 0.201082933398028
v -0.103019664971266 0.28939938302201 0.107686804739353
v -0.102984668657908 0.349221791332662 0.201992692605224
v -0.102769767922464 0.365109326818205 0.19946043901241
v -0.10270449454744 0.32396553747637 0.10662227000135
v -0.102553726707803 0.336374324550528 0.103119087478117
v -0.102361677316412 1.43335955539936 0.0278580085424078
v -0.102338575071791 1.16410644264288 0.00134140946936967
v -0.102322627791143 0.380667294424284 0.194461907755698
v -0.102297324370355 0.347726633336645 0.0942222952239458
v -0.102211713000536 0.723464484531532 -0.0721221233165337
v -0.102206847204318 1.21607053136883 0.203984231150756
v -0.101928933600113 -0.00634725040954378 0.0980486954490637
v -0.10190506362443 1.33638841410179 -0.0475339970416684
v -0.101533021442979 0.37509958117337 0.0675182281020324
v -0.101516777892713 1.16845532968985 -0.0180822734516081
v -0.101034979111305 0.415149172176783 0.180200931663149
v -0.100851578840528 1.17201263953444 -0.0333483255156277
v -0.100850341063822 1.43183871341365 -0.00772581824022697
v -0.100348026878324 1.17475858543221 -0.0453233068446119
v -0.10032732212674 1.43130894172898 -0.0200106454791317
v -0.0993154116987749 1.40333327198912 0.222438661293028
v -0.100019283504262 1.17672017708779 -0.0549125828623362
v -0.0999144661614872 1.43089629212879 -0.0297550169464651
v -0.0996303002891178 0.439020115957618 0.00204804803487468
v -0.0996050703564557 1.17975954517438 -0.0609406170850715
v -0.0992242149777164 1.42905616568531 -0.0362649680603735
v -0.099083368579489 1.18500878506199 -0.062525228180778
v -0.0988526821790882 -0.0101333447967743 0.255559427442471
v -0.0986006596473834 -0.00570765572175288 0.0827547348537432
v -0.0985962727218268 1.09103176486033 0.0600922211255885
v -0.0985378643376231 -0.0106452428093871 0.295084624688943
v -0.0961734961437111 1.19314412267268 -0.0616996637671226
v -0.0984408268500793 0.483613432351064 0.143657234595202
v -0.0981050686037843 1.21444921956458 -0.0595898024595113
v -0.0978689212772538 1.42424355781209 -0.0388459450985993
v -0.0978511401195639 -0.00780683863976317 0.128611069279053
v -0.097676873254381 0.507089650743798 -0.0566019953135784
v -0.0972551667743426 0.0323279230101319 0.295605136443427
v -0.0966904487778639 0.539595466298763 -0.0785677292927763
v -0.116889785667586 1.31676821435181 0.213821842480264
v -0.0959471796116452 0.550894657303939 0.111090281275202
v -0.0959396104527659 1.09996303083597 -0.0148207986351311
v -0.0952929543410395 1.07926321826772 0.104876265804009
v -0.0951058944413603 -0.00965779621246348 0.219656227566263
v -0.0951043553175528 0.555454676669943 -0.0860115115102657
v -0.0950173214907343 -0.00285414736809524 0.0760070608424543
v -0.0948652433490644 0.578995903856325 0.100206202410577
v -0.0941484004506328 1.38580446354532 0.220733139045347
v -0.0943444472090524 -0.00883719821358635 0.171181622061497
v -0.0940703519262455 1.1823159633131 0.200670846817327
v -0.0939213689261952 1.25518511095426 -0.055529677380386
v -0.0939137362974966 -0.00801466226738071 0.302969169062689
v -0.0935222769618431 -0.00935124518473444 0.196371542023365
v -0.0934501006574145 0.588721200420368 0.0975719527466301
v -0.0930320465184998 1.35348338115422 -0.0458380870791533
v -0.0925580542943276 1.10654960789913 0.00603107743095682
v -0.0922725660156079 0.801833877816586 -0.0659540410874635
v -0.0922648471667574 0.00462300372426906 0.0764907173259152
v -0.092174677920378 0.000292240921981986 0.305704835502191
v -0.0918779812555173 0.0115398048356815 0.305870499211083
v -0.0915776763943766 0.0229558249591649 0.306044224841778
v -0.119756405840822 1.29813752752322 0.2119726714965
v -0.0913929523767608 1.16502144959068 0.198940328938203
v -0.091387831620465 0.57518085718464 -0.0927592113184585
v -0.090172033120467 1.11602047952884 0.18546220716908
v -0.0901246318878646 1.11729453274372 0.191934261228883
v -0.0901122246163282 1.14804776718191 0.197281251830803
v -0.0900564514473801 1.11779107795796 0.17594142928798
v -0.0899998447947388 1.23669426244901 0.206077773812114
v -0.0899985389957299 1.12308165097297 0.194665520936131
v -0.0899323735550059 1.13342848527002 0.195762208983258
v -0.0898983634416126 0.599100510929808 0.0975919555896322
v -0.0897103707101999 1.12111283465623 0.164061527891861
v -0.0896857581388773 1.13090346084509 0.129803059574061
v -0.0946940668764094 1.36452965195722 0.21863529526972
v -0.0891716198598741 1.12560329529795 0.1489351347575
v -0.0889687189547073 1.13848177741272 0.103399288541806
v -0.0888027780334569 0.0188361501036981 0.0827053231532078
v -0.0887115812916401 1.44540565011448 0.218143743289498
v -0.0885867075817734 1.44576114928637 0.208474125837602
v -0.0884295270846158 -0.00774846888087189 0.125141147224801
v -0.0883308524700823 1.44274045426791 0.224212230025503
v -0.0882913889027844 1.44516086802425 0.196181195318681
v -0.0878751295532403 1.44409575210383 0.1804675264906
v -0.0875724093091761 0.59679765826159 -0.0972914096626792
v -0.0873876505589077 1.44305672777708 0.160536567120209
v -0.0871717446658409 -0.0103215547940788 0.259407837452573
v -0.087119650724918 1.14670700306683 0.0660001805268757
v -0.0871071067344104 1.43640272795053 0.225700266333184
v -0.0868770223796632 1.2907009678525 0.211409450336513
v -0.0867347384279482 1.44177789836842 0.132987131570032
v -0.0862979561376526 0.610288467902321 0.0998076154740526
v -0.0858414578191667 0.0424864362413388 0.265829444145937
v -0.0858370121774582 0.614389759586015 -0.0998972610891192
v -0.0858194452721368 1.43998385491591 0.094417583612318
v -0.0856668089557972 0.714633557997109 0.100200957610425
v -0.0856150533026856 1.1546625904447 0.028483747942502
v -0.0853990465524881 1.22001544277035 0.204461524454909
v -0.0849042007088791 1.43818979859089 0.0558480341409309
v -0.0847426854050298 0.6249454458691 0.0997438637608163
v -0.0843013131643372 1.42529903293966 0.224681166932315
v -0.0842882891201976 1.34633298754975 0.21689308793605
v -0.0842727417707537 1.1606762255016 0.00111792116915144
v -0.0842511733955698 1.43691099969483 0.0282986021787205
v -0.0840331776643711 0.716846117612166 -0.0935276291353115
v -0.0770966109896577 1.20522923337924 -0.0604047192218101
v -0.0838281727340875 1.16490829684602 -0.0183426608929459
v -0.0837804035893176 1.43599118206749 0.00837938035586643
v -0.0834737782365141 0.78971021354527 0.0999770117395186
v -0.0834517838978124 1.16851012563886 -0.0336080494006825
v -0.0834063167332738 1.43525473186159 -0.00730190775369004
v -0.0831759645184909 1.1712698241554 -0.0455863764886394
v -0.0831149125000131 1.43468422982519 -0.0195919048274521
v -0.0830822039482017 0.0417142252793486 0.0930259307694264
v -0.0830575301653243 1.18166469333869 -0.0627824522495423
v -0.0829451375410847 1.17354559614828 -0.0550717396223225
v -0.0828844402658622 1.43423357850868 -0.029340935087402
v -0.0828534858441702 1.17660764353693 -0.0611034730713215
v -0.0824132206550113 1.43234561931002 -0.0358566987585801
v -0.0824069707541742 -0.00956517943890869 0.220169296241433
v -0.0823499282376705 1.27410578861182 0.209797069027073
v -0.0817828777470868 -0.00889213629562194 0.171388099247039
v -0.0815459582740185 -0.0050705944128322 0.122141580521264
v -0.0813972761529118 1.42745355126297 -0.038447211940348
v -0.0813360092550279 0.793674220228921 -0.0884887732243225
v -0.0813314244502507 1.08666086046781 0.100172168672832
v -0.0810360937256519 0.647542907409205 0.104688718704207
v -0.0801992965914986 -0.00927902986411082 0.196862012060994
v -0.0800143999970884 1.10199319520458 0.00728032608838758
v -0.0798795534812081 0.0532810065007215 0.222128338960795
v -0.0798222189721397 -0.00739033848376538 0.263474258494396
v -0.0795573320688391 0.658030401879935 -0.0958031574565562
v -0.0785783246160643 0.875520589468708 -0.0859402050642391
v -0.078049543572297 0.00276851134619675 0.122850686421036
v -0.0778826038577729 0.065512438691428 0.102865387344303
v -0.0771919945576645 0.00101748843136377 0.264938584709545
v -0.0776763265180607 1.18521363355395 0.201044376713904
v -0.0768906771752342 0.0136465012317258 0.265169194893246
v -0.0767348883256901 0.0591874954790209 0.199137438057804
v -0.0767298221026978 1.09596357072578 0.0575009618568019
v -0.0765135405950667 0.0293851833307105 0.26555233730568
v -0.0760367797043176 0.0808053655896884 0.108629766455808
v -0.0758413404218313 0.091946387183875 0.111044580515364
v -0.0755856716437186 0.102646818593417 0.113226359783627
v -0.0753889727180758 0.0174808533455905 0.126525596241108
v -0.0748777627225483 0.08391365081508 0.174838655204854
v -0.0748243095687762 0.853896336585557 0.10544166626872
v -0.0747977180659002 1.31173789742168 0.213536186263821
v -0.0747814543397063 0.135343223298475 0.116156374592155
v -0.0746014986676807 0.0983102590322864 0.174852158474935
v -0.0743805158049824 0.110345871030887 0.175671296348372
v -0.0733776080363363 1.2337563618532 -0.0575526759686948
v -0.073985968331761 -0.00677325121413456 0.220589457547084
v -0.0737569926127066 0.14480299021548 0.178961498647974
v -0.0736407434811774 1.16627011349243 0.199151613814169
v -0.0728195104595327 0.212395211083927 0.123030743245312
v -0.0728035648435706 -0.00617167391466127 0.171751309324447
v -0.0726298890669566 1.14074207138559 0.0657526894482355
v -0.0722517967356332 0.2258331138531 0.188237710163949
v -0.0722052933253192 0.957100962903691 -0.0774721918129005
v -0.0718787671603328 0.0664090064794416 0.180880215384874
v -0.0717001303455447 0.923346590398557 0.116087809040184
v -0.071122264994941 1.14758242221559 0.197317828014075
v -0.0710150232514914 0.0407561105112351 0.133000521614599
v -0.0710145315212924 0.00167659813909282 0.220923466466385
v -0.070971681109444 -0.00650411195917844 0.197212572455882
v -0.0709467996647111 0.290916361944303 0.121082748303142
v -0.0708252733157733 0.308492761343961 0.191189184200506
v -0.0707152767954795 0.0157395775931021 0.221221587529493
v -0.0702823339315725 0.035832163270662 0.221796005977579
v -0.0701906248096422 0.346644196129332 0.192109315181638
v -0.0701025050702583 0.325591929658355 0.119274443353467
v -0.0700549819460917 1.11549945520027 0.0648550553224933
v -0.0698333541527447 1.12858724215769 0.129833763349118
v -0.0697988456166585 0.362153324006379 0.189309908851262
v -0.0697623362756588 1.02939297336804 -0.0628260513581116
v -0.0697309337078135 1.13150560721273 0.195633811203761
v -0.0697167394071339 0.33809635544671 0.115360504455261
v -0.0696729482201807 1.13325169226584 0.104997497671059
v -0.0696203404508906 1.09376501230398 0.0944911469134438
v -0.0694474194187656 1.10280411970456 0.0186344421625294
v -0.0693938064121645 0.00212140784694611 0.172472832570879
v -0.0691885704648835 0.350127446759244 0.106250520324567
v -0.0691299763898232 0.377233150901184 0.183902912552535
v -0.0690000484288969 1.12063642876068 0.194469252650454
v -0.0689316928256614 1.1287022934322 0.0657697681309014
v -0.0688103959633396 0.995270056970156 0.123206335371387
v -0.0686764840237246 1.11478355484077 0.191721623714554
v -0.0685873088193051 1.11347683768959 0.185241738199676
v -0.0685622532575944 1.11522096204019 0.175716861370542
v -0.0685070418896621 0.0171195890937396 0.173671800706887
v -0.0684963447259463 1.11857359418283 0.163837006225997
v -0.0683200624629906 1.12312409068699 0.148717368211406
v -0.0677396128298919 0.00192672444754032 0.197550936196145
v -0.0677336977923368 0.37836175859319 0.080242439278509
v -0.0676505169112392 1.10023449907241 0.0585897572106063
v -0.0675151291234233 1.18887221932561 -0.0619877304605705
v -0.0674434929385547 0.0167155949494315 0.197910370418093
v -0.0672595402620547 0.410926180257702 0.168256681740619
v -0.0670643769503772 0.0406807661830346 0.176113480076567
v -0.0670408030611759 0.0647643648845694 0.138842552943556
v -0.0669863525923504 0.0392823081850248 0.198768496708954
v -0.0667118099665497 1.44681516218525 0.218390967141526
v -0.0666650564637187 1.44716040253866 0.208719950911473
v -0.0666568505877423 1.36047035184486 -0.0450164914159714
v -0.0666410044912785 1.15035634487837 0.0267516222742718
v -0.0666088193058167 1.44654822910289 0.196424673345361
v -0.0665368540666196 1.44546397544607 0.180707425100925
v -0.0664741012069357 1.44412251510255 0.224456033448445
v -0.0664731257649308 1.1009336611884 0.093280282427372
v -0.066442290654095 1.44439305599459 0.160771383912858
v -0.0663757005294113 1.15960164866536 0.00180615862018512
v -0.0663662101834174 1.18059278180142 -0.0627368403723019
v -0.066314233732412 1.4430781959363 0.133215811965418
v -0.0661364483568707 1.44124323087104 0.0946386038333713
v -0.0660188241391963 1.11021504887994 0.0943674255445902
v -0.0659561547098031 1.43939861727651 0.056060451316703
v -0.0658306096590948 1.43809340479398 0.0285058236417602
v -0.0658150013305401 1.16354734005553 -0.0183867618257822
v -0.0658033549028889 1.17531637718399 -0.0611499902698404
v -0.0657361516009992 1.43713565475026 0.00858100252497576
v -0.0657290985347294 1.16717679684814 -0.0336520356284877
v -0.0656868937919289 1.16996169491457 -0.0456314454054294
v -0.0656642615061951 1.43639121868508 -0.00710255365524713
v -0.0656377529196062 1.1722469229546 -0.0551171824980813
v -0.0656059967707688 1.43580020834385 -0.0193957230255398
v -0.0655637737108747 0.0815627809340765 0.14190617815013
v -0.0655622977395076 1.43534133147273 -0.0291464812573242
v -0.0653552696009037 1.12261774185158 0.0962834183223161
v -0.0653313894326934 0.094227399933356 0.142827040598032
v -0.0653236008651147 1.43342271436591 -0.0356664205307922
v -0.0636644205269793 1.31299122587956 -0.0496605431589183
v -0.0651293553099483 1.43771344507343 0.226005268019774
v -0.0650527273350297 0.1056921401711 0.144624562862793
v -0.0646902796219178 1.42849091916623 -0.0382627417848728
v -0.0646855791428274 1.10657701810996 0.0598183074555462
v -0.0646125924999758 1.05641510000588 0.122744192306659
v -0.0643585637305595 0.443822702240888 0.0155652244424571
v -0.0641986577984975 0.139334530573036 0.147789990498402
v -0.0637594525742676 1.12150510089104 0.0360325792736078
v -0.059102495700767 1.42770942404756 0.225046565347863
v -0.063401551518116 0.478067853519453 0.127253071845864
v -0.0627956508562065 1.34683844087507 -0.0463065880191938
v -0.062660891022675 1.33297558451911 0.215691076823743
v -0.0625359020833471 1.13517273124771 0.0356593636498481
v -0.0624527358897898 1.10497527136727 -0.0271591561167852
v -0.0621305240222527 0.218739577100341 0.155933232031405
v -0.0614818792267962 1.10552670745702 0.0263014686752492
v -0.0666395423354094 1.4108875100678 0.223349859398692
v -0.0666091129365887 1.26023909361847 0.208518036930461
v -0.060861291741264 0.513621361108729 -0.0377599837513556
v -0.0601923226840904 1.07849531350607 0.121375643083726
v -0.0601432080378818 0.299663166687603 0.156620425810207
v -0.0596446133025377 1.08596803625448 -0.0503156708839497
v -0.0596327570652825 0.54438270171749 0.0922702150594579
v -0.0595520022237511 1.18787725342179 0.20139916141893
v -0.0592483495586095 0.336352575416089 0.155706390029169
v -0.0592362467283953 0.547148812388518 -0.0569559274087129
v -0.0588652071425526 1.11116675050265 0.0298524007916866
v -0.0587795363864093 0.350991623326376 0.15256978359187
v -0.0529708826944132 1.39156802867278 0.221511598254251
v -0.0581008338373644 0.364502255636762 0.144834690258831
v -0.0579937543686774 0.572364740984055 0.0806978755159957
v -0.0567610144776634 1.08104220548368 0.12088577591427
v -0.0566090373958631 1.10561462239599 -0.00992416446547144
v -0.0564696149330889 0.563322398701228 -0.0632502096488452
v -0.0577344124812327 1.24462473126225 0.207022262980476
v -0.0562225590591316 0.39540365658031 0.12443758989498
v -0.0554347334494324 1.16858112923202 0.199467727273979
v -0.0553981407488781 0.582066221302104 0.0777293669277373
v -0.045530685012104 1.27431172340035 -0.0533978171049378
v -0.0494934294429263 1.37156536637634 0.219559207245629
v -0.0534464851341796 1.29928691121073 0.212424237422905
v -0.0521880621923015 0.460757556505126 0.0719560445045564
v -0.0517511430545397 1.22799421777262 0.205420134017905
v -0.0516984689936356 1.14880361543943 0.197520146221473
v -0.0514240793018874 1.18989143356813 -0.0618097379821052
v -0.0508674288791529 1.0874205094629 0.112740418961486
v -0.0505080962169847 1.10604785043192 0.0043317281228787
v -0.049651230306803 1.18144063613829 -0.062574149479512
v -0.0495932768287406 0.584133172573037 -0.0679129196057235
v -0.0491431526193104 1.13178861140705 0.195730001685052
v -0.048920183617895 1.12925856924239 0.113671098477529
v -0.0509144983605193 1.28261033311912 0.210793591460724
v -0.0487761659836002 1.12785284697587 0.129880553753432
v -0.048707724949487 1.17618512619957 -0.0609840246355378
v -0.0486661070543858 0.591661557487538 0.0775422243372244
v -0.0483093235921815 1.17312397030025 -0.0549496249817907
v -0.0482616809111626 1.43225737701828 -0.0356986116077
v -0.0482409012000765 1.43417278588984 -0.0291777228376661
v -0.0481709841555822 1.17082445228979 -0.0454645868098325
v -0.0481581754090492 0.527495084324127 0.028425507249465
v -0.0481011714600681 1.43462868936499 -0.0194263633322161
v -0.048079376458264 1.4272989212597 -0.0382997795142656
v -0.0479734970314858 1.16802812171226 -0.0334836513281155
v -0.0479240440634865 1.43519979834605 -0.00713401722174162
v -0.0477565482563234 1.16436510175186 -0.0182198967191827
v -0.0476983438572996 1.43593025123855 0.00854960632748475
v -0.0476650600760918 1.12060705181101 0.194527493335627
v -0.0474497010056745 1.16005867948174 0.00124948383847524
v -0.0472335994394778 1.15195067408803 0.0178976381096234
v -0.047139682047475 1.1226542462397 0.148712402162056
v -0.0426473578905916 1.23422145904641 -0.0573558418799561
v -0.0472089977562807 1.21104966382449 0.203760245732207
v -0.0535672847784541 1.40584981640708 -0.0404532371722824
v -0.0470133663886178 1.43813424101915 0.0560276290437922
v -0.0469618475491135 1.11822405270375 0.163848283175889
v -0.046921597391593 1.11468318077583 0.191769950092605
v -0.0467687947321575 1.11500568285573 0.175747484086315
v -0.0467065910710963 1.1133282363536 0.185281792737705
v -0.0464546946419964 1.43991715525536 0.094603274132041
v -0.0463816574125233 0.557422928118059 0.0132923763653568
v -0.0458985995564213 1.44170969990401 0.133179861474557
v -0.0455010761887253 1.44298859177706 0.160734434779243
v -0.045303270760452 1.12213308487536 0.105079396243596
v -0.0452002242334605 1.44403055895883 0.180669537064186
v -0.0451519754742898 1.0953120442959 0.103665003675779
v -0.0449289935704744 1.44509240747856 0.196386240443165
v -0.0447460464553727 1.44568556134469 0.208680800703011
v -0.0447148549905214 1.44534034317367 0.218352199907225
v -0.0444374672047129 1.110816317228 0.103103948660994
v -0.0440698102879508 1.44258471842008 0.224483113782545
v -0.0439062101274844 1.10216664722715 0.101929640821536
v -0.0437724746785583 1.43614313120533 0.225960460658866
v -0.0433570659424409 0.569562232659844 0.00887604971260596
v -0.040280248320342 1.42516799967043 0.224892949196172
v -0.0431800575279155 1.13800313656806 0.0202080167015983
v -0.0428664613266262 1.10861023084121 0.0114705838168613
v -0.0423620603750665 1.12345780712342 0.0180630158118435
v -0.0420154033405447 1.191583657537 0.201856490618386
v -0.0417122458989204 1.11388305844796 0.0161387955930727
v -0.0412783478890009 1.32030271672826 0.214551347025116
v -0.0404283618552396 1.3664708916628 -0.0442934156623677
v -0.0389701629434652 1.20618114931832 -0.0601247597268638
v -0.0371179250141095 1.17205079603425 0.199904132518349
v -0.0354856940163109 0.586307757139799 0.0060945812492159
v -0.0352850510211527 1.19307275865832 -0.0613390193764064
v -0.0391165049342931 1.35683783011721 0.218159814611523
v -0.0331394244529846 1.18443686201241 -0.0621947555560391
v -0.0322303656090945 1.15185238166908 0.197916020327753
v -0.0320326351010065 1.42402120958096 -0.0385463688293833
v -0.0320310685313118 1.28694649816224 0.211317141773876
v -0.0318549686326929 1.1792373198348 -0.0605976726587239
v -0.0315646454842184 1.42891510231333 -0.0359484254547765
v -0.0312321744189605 1.17619298161791 -0.0545601934121564
v -0.0312196220549889 1.43078245950866 -0.0294307169528444
v -0.0309057957693661 1.17389922317488 -0.0450733315235327
v -0.0308950765768847 1.43119475060159 -0.0196827786958883
v -0.0308115496019062 0.715266564662741 0.103247177613273
v -0.0304884465898339 1.4317235265198 -0.00739350868811554
v -0.0304562825075916 1.17107197446059 -0.0330914685787873
v -0.0299669858891059 1.43238831489404 0.00828504915921764
v -0.0299315559185797 1.16739298638598 -0.0178259927589305
v -0.02938501300323 0.875970585618985 -0.082434235937386
v -0.0293083312978532 1.4332468613341 0.0282037134667724
v -0.029204399140368 1.16288881550819 0.00162676937917043
v -0.0289088163360295 0.794092134446453 -0.0870358695756928
v -0.0285956666427647 1.13447641991368 0.196084400787715
v -0.0285313941316769 0.717210553551044 -0.0926325676646528
v -0.0283923981949567 1.43441594012657 0.0557499314828576
v -0.02777929262537 1.15443941189754 0.0171408083816444
v -0.0276151795035507 1.36951504125296 -0.043928997918164
v -0.0274348063343184 1.27023658095409 0.209703083882067
v -0.0271147880504352 1.4360699717897 0.0943163101870362
v -0.0266815752768372 1.12969978516153 0.129700103260932
v -0.0264367496498639 1.12322147691891 0.194871112632139
v -0.0260358880564829 1.1246373953703 0.148983177552161
v -0.0258346427605995 1.43771448481627 0.132881757516554
v -0.0258212588579685 1.13132593081735 0.112300400328824
v -0.0257828252778701 1.31457448836108 -0.0493142567006275
v -0.0255329785651115 1.12042877451228 0.164143124753706
v -0.0254660233958337 0.605436534751307 -0.0843277022595438
v -0.0253980920592046 0.623512667723685 -0.0972353560864492
v -0.0253082631257989 1.11726340250437 0.192109319887481
v -0.0252980175164684 0.95608369985968 -0.0726086003395306
v -0.0252773032054954 0.653630810133224 -0.0957758223857778
v -0.0251775378259814 0.596626907586817 0.00695659515246862
v -0.0251105573724799 1.11743776836112 0.176068518626685
v -0.0249711391506963 1.11584658313184 0.18561288065238
v -0.0249187024588062 1.43888356551578 0.160427975756887
v -0.0247447226907462 1.19602680365009 0.202377120240089
v -0.024601469870338 0.647902876658241 0.105359703487498
v -0.0245477927543629 0.599745922318759 0.0945358261305881
v -0.0245336484109385 0.617310350527437 0.105363482589863
v -0.0332193834541565 1.40623044130916 0.223061769274705
v -0.0244197091142887 1.12327627502224 0.105764413825903
v -0.0242974428850495 1.21072493717994 -0.0596027259285139
v -0.0242285278784905 1.4398431559328 0.180356812411831
v -0.0241971049724978 0.782530739885801 0.102005078785311
v -0.020582074017684 1.41904179750416 0.22438981377726
v -0.0237150409210048 1.08846129575925 0.114593106584465
v -0.0236205124294421 1.44083977178976 0.196068693317618
v -0.023548492565732 1.08211111402374 0.122439161142459
v -0.0235079494799018 1.35693541333043 -0.0451097375019639
v -0.0234554827515843 0.853204873932578 0.107104213469253
v -0.0234196425604868 1.08713588516058 -0.0468271669664455
v -0.0233783635694658 1.10995599412093 0.0123571695859717
v -0.0233674708126002 1.106229988576 -0.0292488650436904
v -0.0233588268411923 1.10707002686225 -0.0120602541888607
v -0.0233112591950776 1.11202065660712 0.104441187023227
v -0.0233101404795595 1.10776164094631 0.002262925987359
v -0.023146501837965 1.4318920940641 0.225645237034676
v -0.0230197934537823 1.03030797323063 -0.0623784296276882
v -0.0228904939130696 0.922701480440399 0.117982805438915
v -0.0228628139909912 1.13981029858155 0.0190950303617807
v -0.0227582117009459 1.05188144928195 0.129366328796694
v -0.0226617011510748 1.4382553819318 0.224163641640055
v -0.022647349739027 1.44131057253499 0.208421372387306
v -0.0226443211922669 1.10348601807768 0.103574935893183
v -0.0224963733607238 1.44093682395832 0.218095290397614
v -0.0222746429264143 1.09672076339167 0.105290174627729
v -0.0219513107225411 0.995778938337691 0.125359539708554
v -0.0208924155026184 1.12470108774604 0.0159926609064932
v -0.0207111555199687 1.08082233030332 0.121842475155158
v -0.0205311521149172 1.24472816503942 -0.0562046256810875
v -0.0199427947809022 1.19795266527613 -0.0607817727236218
v -0.0197140388365815 1.11513464054277 0.0135977601567737
v -0.0195831995268507 1.30801599851849 0.213457602621738
v -0.019188860457369 1.17679115570884 0.200458619136511
v -0.0190946954110487 1.38415156722197 -0.0424361831118913
v -0.0182882359342538 1.23652546619298 0.206428169030395
v -0.0172012224180146 1.18955038157624 -0.061611441167346
v -0.0170209312590976 1.41881125103749 -0.0389895940146858
v -0.0155762165103006 1.18441947014489 -0.0600060070417744
v -0.0155641080510098 1.42344186685654 -0.0364129235467443
v -0.0150475905407386 0.589499639995169 0.00855729112561542
v -0.014930411622855 1.2913073467704 0.211833833371138
v -0.0147898302143206 1.42519629631381 -0.0299043146866555
v -0.0147325369202855 1.18140089511336 -0.0539652480219209
v -0.0147134802895003 1.37296784291718 -0.0434787168850222
v -0.0142898189873702 1.4255520623868 -0.0201611236242087
v -0.0142224001131127 1.17912364634077 -0.0444763835095719
v -0.0136609303763284 1.42600589285002 -0.00787819857951857
v -0.0135397385868374 1.17625964923814 -0.0324999627046215
v -0.0152201399741573 1.22063513368115 0.204864081689197
v -0.0132787119978704 1.1569071173443 0.198509257321268
v -0.0128574275229323 1.4265805111003 0.00779279685344093
v -0.0127112941316317 1.17255244530519 -0.0172379013038176
v -0.0118361822309336 1.42730859290184 0.027700297096519
v -0.0115627280538727 1.167813464374 0.00219132219985254
v -0.0103696395466666 1.42834844305088 0.0562633917183546
v -0.00873145764360444 1.27557109637293 0.210321302976304
v -0.00895776976094081 1.38727975310313 -0.0420765072712316
v -0.00534450721533511 1.41217521469513 0.22379246025136
v -0.00855884927245346 1.13980238717252 0.196720590132321
v -0.00844441140566832 1.42971788214468 0.093777717583033
v -0.00791627377893325 1.15871901609877 0.0169024030473598
v -0.00787667176501114 1.20105873967698 0.202956310381932
v -0.00743828980805639 0.575951662319326 0.00757431806570469
v -0.00707458041998996 1.32740718838533 0.215428877155609
v -0.0064662658726421 1.43112495883419 0.132323033290495
v -0.00627966982071937 1.38066640073873 0.220680626682567
v -0.00603418473377265 1.25769739904372 0.208571354881357
v -0.00567239194029695 1.12871968547439 0.195534338181932
v -0.00547982364769961 1.20463964636565 -0.0601197379475419
v -0.0052051987872527 1.12950059096312 0.149589979367281
v -0.0051499776166945 1.13462820027276 0.129028345904867
v -0.00505525155828462 1.43213691548284 0.159856091427668
v -0.00498745560360815 1.13507381744752 0.112168139483285
v -0.00461427109660007 0.565783002670832 0.00530165070164637
v -0.00441524813579403 1.12555392708752 0.164777780794092
v -0.00412630438045702 1.12276813114529 0.192777504948679
v -0.00381767069110303 1.12279199775329 0.176725227350951
v -0.00380284710679091 1.42514157055886 0.225080861170635
v -0.0036267470022622 1.12130247588598 0.186279274215805
v -0.00345021466257212 1.4328604377751 0.179829713091539
v -0.00309752543904312 0.536393118799503 -0.00210080091797876
v -0.00299942456401764 1.41181462466964 -0.0396148020621542
v -0.00296989553442234 1.37728582108576 -0.042991119864149
v -0.00282601648522001 1.12661580700187 0.10420959618247
v -0.00244917559097629 1.43371932271732 0.195537427730161
v -0.0021210046168586 1.19669056452868 -0.0608263096675033
v -0.00209385278844332 1.43119654462452 0.223575853186656
v -0.0019769191157761 1.14268187705109 0.0195764221039274
v -0.00189223540174813 1.18262101899561 0.20112282689859
v -0.0017438219245644 1.434179135747 0.207828726735191
v -0.00165119170315153 1.24085188459859 0.206934119493048
v -0.00158559641446876 0.596484750746389 -0.0648836393031107
v -0.00152161746375445 1.43378081258532 0.217500187203374
v -0.00118008595620439 1.11502883879414 0.101615414306514
v -0.00107781696850007 1.39243630277653 -0.0415267477504376
v -0.00106566571849825 1.36630505910041 0.219290030239909
v -0.000574641657656385 0.576460889793554 0.0778884246530087
v -0.000462151874173589 1.41598990606106 -0.0370779991708341
v -0.000176935663175514 1.10640556695233 0.0999353809819856
v -0.000135856477358365 1.19169005174136 -0.0592057660267969
v 0.000294151888591471 0.465864609130656 -0.0295638332518649
v 0.00077144087826414 1.41753648668633 -0.0305877543933194
v 0.00031551281703537 1.39666878001536 0.222290896075354
v 0.000933886781136595 1.18872726820776 -0.0531581497768612
v 0.0014378082396761 1.41781281133826 -0.0208516271560466
v 0.00146010143393308 1.12614953323403 0.0166870019642995
v 0.00161930357204304 1.18650381716906 -0.0436628295611303
v 0.00184055702508766 1.09979054441568 0.10134844250417
v 0.00227853536121708 1.41815787425018 -0.0085784513913026
v 0.00252674050768287 1.18366141997971 -0.0316846674585582
v 0.003453919928469 1.09047772921626 0.113201987358052
v 0.00362627785907705 1.11576862834682 0.0141205419931169
v 0.00363029334694984 0.397206207976785 -0.077498929694247
v 0.00363994484273075 1.18002427459578 -0.0164147243138478
v 0.00380997066448969 1.10869677918416 0.00470781548523108
v 0.0047138994418115 1.41915886008418 0.0269731127145064
v 0.00482010442512976 1.16381865415801 0.199294647927208
v -0.00193816751338192 1.34657067652079 0.217343820633201
v 0.00492454769487661 0.587668610472956 -0.061552308578663
v 0.00508342346999308 1.39821906692723 -0.0409232961647673
v 0.00533363198905842 0.364564999328766 -0.0950310625816691
v 0.00596088648619434 0.349829924581147 -0.104887228254587
v 0.00615838449325943 0.554369772260982 0.0706581636097613
v 0.00624436595379321 0.339718006677492 -0.117796318312418
v 0.0063603562637556 1.10972474410668 0.0091059407082304
v 0.00657501498667989 0.321896902041516 -0.152385232882325
v 0.00660017205234315 1.41992593946128 0.0544842133381472
v 0.00664416246617594 1.17462794121802 0.00222582976964156
v 0.00676042107604086 1.38461480843951 0.221139858778692
v 0.00715239325094566 0.583411972508183 -0.0595094647553378
v 0.0072834536540895 1.27879389873265 0.210718498810566
v 0.00744431943889085 1.3828722160324 -0.0423849612735479
v 0.00773907303348109 0.276713139211392 -0.224030946926588
v 0.00825029048446753 0.55858997703008 -0.05978452098556
v 0.00832046932007527 1.20653763778416 0.20357327317425
v 0.0144396868405706 1.24089316598711 -0.0564149933430921
v 0.0087003452909328 0.540564504496816 0.0648491158443664
v 0.00887051194852099 0.247675898005053 -0.297679209044344
v 0.00900991174797375 0.875498303272523 -0.0709800290066165
v 0.00920005230202591 0.23702274356556 -0.328633555587927
v 0.00923767201966502 1.42101327413342 0.0930010481407723
v 0.00934076493315631 0.234270133415059 -0.339689709531358
v 0.00935873608534063 0.231151336573377 -0.351619738714766
v 0.00960963948157618 1.0842544440005 0.121372070037186
v 0.00975676613912296 1.10809596104837 -0.00957160911348416
v 0.0100301855157027 1.16504424789712 0.0265628789861917
v 0.010074308500936 1.40318695058571 -0.0404063562128922
v 0.0101464799624385 0.508986953023205 0.0512940383841712
v 0.0103698452909999 0.233272801347397 -0.368136103131795
v 0.0104799244136112 1.14769279404897 0.197626176901334
v 0.0249203360723557 1.34048145345252 0.216880124497657
v 0.0109109314578593 0.492316716617202 -0.0751574710959949
v 0.0111559871343361 1.28182216772638 -0.0523703970599484
v 0.0101632261503654 1.25600413231695 0.208482924148781
v 0.0114841101558488 0.1983897879301 -0.391221990744776
v 0.0116405076387525 1.20572745032106 -0.0599313539733065
v 0.0117691731758074 0.79778635837426 0.105562767691175
v 0.0118751412696002 1.42210072344197 0.131517894159375
v 0.0122070854010064 0.1771598076044 -0.392949188890059
v 0.0122457200447078 0.178826718225606 -0.417552252542227
v 0.0122816545589906 0.179433489697443 -0.432529154443342
v 0.0124162635430886 0.202512860764929 -0.416974164672759
v 0.0130109848076948 0.204203259131727 -0.432212082773744
v 0.0131832687621404 0.436738936222051 0.0127018429704324
v 0.0133385665652237 1.13169826279549 0.0923218381870097
v 0.0134923170734719 0.424981554487388 -0.114019999416557
v 0.0135548421023241 1.40665435093457 -0.0379351307263538
v 0.0135718534735248 0.240248134285893 -0.391902903749907
v 0.0139310771474415 1.14358605898838 0.0307473105759791
v 0.014001237883318 1.37178819915299 0.219910097659828
v 0.0140905203343184 1.13701281158771 0.196493765135391
v 0.014164272364224 1.20093166535614 -0.0582154133700469
v 0.0142572163535738 1.41609749831877 0.2242810457936
v 0.0143067479306295 1.42272582858499 0.159081092211164
v 0.0143809110814469 1.18939288023515 0.201874142483296
v 0.0146792402527952 1.14434092041834 0.103962267301421
v 0.0147374536661932 1.13726826451436 0.150514571843018
v 0.0147801799880428 1.14178691341368 0.129744519329064
v 0.0150129924712453 0.38747823635311 -0.126003989880038
v 0.0151895362263328 1.40791578363394 -0.0314711985100774
v 0.0152104932367995 0.949116223605274 -0.0626204424989533
v 0.0153590677559082 0.180126788593487 -0.441297092066123
v 0.0154649667250186 1.19807821340336 -0.0521561524687194
v 0.0155100094166627 0.3734711817536 -0.133636692040846
v 0.0155735286791534 1.10725452229877 -0.0268394484345801
v 0.0156954190068796 1.11880856620599 0.0886171199980607
v 0.0157919987514563 1.13357592274819 0.165726966838416
v 0.0157945304904566 0.36378224331116 -0.144219872395555
v 0.0158122810326992 1.42335339307813 0.178990975859758
v 0.0160129122443466 1.40807912891705 -0.0217455060019044
v 0.016090730577224 1.38844615468497 -0.041788550033098
v 0.016104906732534 1.13109344457496 0.193747095930889
v 0.016149710421069 0.346902372451436 -0.176901080870804
v 0.0161940955656951 0.155283407703829 -0.397019541707183
v 0.0162394212999905 0.368590450046696 -0.0437374737857217
v 0.0162586052124527 0.15609533291268 -0.418418822689991
v 0.0162756973453917 0.205434262283831 -0.440922186240172
v 0.0162864436289919 0.795718528299105 -0.0800826566782559
v 0.0163149727052324 1.19592836175392 -0.0426530844197611
v 0.0163380427728858 0.156452663604446 -0.432733682325235
v 0.016545777016344 1.13102320968322 0.177691896955583
v 0.0167825858890962 1.12961398950944 0.187252060777499
v 0.0169748331254976 0.194208380150185 -0.364094849622776
v 0.0170470335144544 1.40830047079908 -0.00948365223719382
v 0.0170697104943145 1.10956451165622 0.0862086178191976
v 0.0171236798202444 1.42406026290701 0.194685330227378
v 0.0171652971758068 0.249470099782873 -0.415318726211417
v 0.0173159628915612 1.4215771152702 0.222726465736013
v 0.0173435325803111 0.298919622851465 -0.242777145314276
v 0.0174358280543505 1.19317042850725 -0.0306660345750965
v 0.0174700023864013 1.15518517374362 0.0654488041237233
v 0.017484677847791 0.720690676961622 0.104665107016779
v 0.0177570504037358 0.33828482005384 -0.0662578035759979
v 0.018045757784373 1.42440545547742 0.206966507714888
v 0.0182244306683544 0.326395170790076 -0.0783570107738986
v 0.0182595368030805 1.12607104212954 0.028118078265158
v 0.018340145999682 1.42396160686113 0.216633586314209
v 0.0183408568127988 0.317186046998039 -0.0940956370952943
v 0.0183434421031018 0.261388112721086 -0.355282834606476
v 0.0183631952499552 0.271185352463808 -0.311401140158221
v 0.0183647913977401 0.299356497530138 -0.127951737033409
v 0.0183699433679051 1.40856983893301 0.00615961547461112
v 0.0185388754756912 1.13869389770887 0.0617969121920801
v 0.0185584288550671 0.262475175020833 -0.339746305049641
v 0.0185903117945782 0.261172569744017 -0.348549780799467
v 0.018814144668377 0.256434965456122 -0.203337948733082
v 0.0188237728750266 1.18964615098358 -0.0153831533639239
v 0.0191670456842563 0.157015924314474 -0.441547107019533
v 0.0193418213998002 0.226424049155803 -0.279926969664161
v 0.0193958057214933 0.268232717613423 -0.366279549879891
v 0.019404131004693 0.25417836593629 -0.430080922185901
v 0.0195025595455652 0.213703001489432 -0.313061665612529
v 0.0196105642581986 0.209118613744371 -0.325523990842539
v 0.0196991301783719 1.2228363739709 -0.0581852397599083
v 0.0198842098701018 0.203036934142498 -0.343323766188206
v 0.0202417733732031 1.40895682242609 0.0283041545742319
v 0.0203411293379103 1.10290031634414 0.086748430063945
v 0.0205713458404909 1.08815442520133 -0.0439145608575116
v 0.0207056926577214 0.719028456063464 -0.087269912311666
v 0.020722205008589 1.1849536094758 0.00404452013460603
v 0.0210270922674939 1.11503072697365 0.0255461483193875
v 0.021083206209682 1.08887931180988 0.11395881168567
v 0.0215521344959783 1.17254434126422 0.200250935229006
v 0.0215920261349273 1.30062545897867 0.212936332784069
v 0.0216357837130604 1.3570152948887 0.218495632710617
v 0.0219356105622397 1.12308313897374 0.0586198764965686
v 0.0223336792323915 0.177273673137037 -0.371658814123593
v 0.0223705320137947 1.40940687216357 0.0535183037324114
v 0.0225185283206467 1.39271786038628 -0.0413327334630485
v 0.022764072929058 0.255686950388412 -0.438211608117946
v 0.0233422797432015 1.06997199965435 0.115304031900634
v 0.0234767385774177 0.28006533951925 -0.388427888400683
v 0.0235119916992487 1.03017784517532 -0.062732023842717
v 0.023696393918225 1.2119448181815 0.204178747012596
v 0.023775964886542 0.112505377687521 -0.404264619923315
v 0.0238748575864858 0.11286090151633 -0.420957181901458
v 0.0239870971414691 0.113073010457097 -0.433772817715265
v 0.0239874723801857 1.21639399059902 -0.0588076463318038
v 0.0239920099008751 1.11275800438113 0.056128714212761
v 0.0243378458261738 0.9968767207305 0.123423176757305
v 0.0245218863730584 0.180980647684212 -0.444447710934599
v 0.024633807657775 1.17784820528161 0.0300556997939624
v 0.0234794295675508 1.39728313810849 0.222473573154036
v 0.0251719396493793 1.10815039163499 0.0213052412134502
v 0.0252029369537386 0.206364286753372 -0.444029798187108
v 0.0257131687427995 0.923723830027038 0.11610860058797
v 0.0313761147307421 1.28350822445801 0.211300846358938
v 0.0261256872442157 1.40993482511025 0.0920436343164926
v 0.0261314347494524 0.155425277399454 -0.378651383639434
v 0.0264410900540464 0.114636002043735 -0.442436097512645
v 0.026716292546086 1.3954569921277 -0.0389294301904249
v 0.026931922127898 1.2119451826911 -0.0571265934901652
v 0.0275180686598466 0.157851108426393 -0.444716307368434
v 0.0277092008348852 0.854099323735594 0.105453908460308
v 0.0279701324221867 1.15822952885574 0.198791502702838
v 0.0280050170811343 1.10589503219802 0.0543369241066911
v 0.0280328624528271 0.293741924435589 -0.409690975476077
v 0.0280988666578047 1.16822820514351 0.0673060607330526
v 0.0286280518894422 1.20926645720312 -0.050976305618263
v 0.0286762117247905 1.39638619857526 -0.0324966240821137
v 0.0279721266369328 1.34831188655634 -0.0457008282325806
v 0.0290261646898848 0.873961101127877 -0.0321721333770427
v 0.0291843749115759 1.19652896508813 0.202655002402367
v 0.0294691188168017 1.41056508031217 0.130528939547152
v 0.0296206450430511 1.20723785271009 -0.0414609817327949
v 0.02758814183331 1.26613658002585 0.209565783493802
v 0.0296374055703483 1.39643730501007 -0.0227813101952649
v 0.0297732185561281 0.253269788979101 -0.441376429464979
v 0.0301497761656818 0.6653145534475 -0.0837664132444239
v 0.030171083434214 0.640342574852415 0.11159315689497
v 0.0306756918795316 1.09958262309809 0.0887683383566834
v 0.030848436467137 0.301215235393769 -0.423536325206805
v 0.0308515959251885 1.39649445405524 -0.0105347434993887
v 0.0309342544790088 1.20460399988707 -0.0294612542234126
v 0.0311314307730194 1.40493521935291 0.22326847582073
v 0.0312943262820861 1.15828215135334 0.104463324602922
v 0.0318770701047608 1.41100565414894 0.158019865470536
v 0.0323520054411483 1.14830770555282 0.197757916574424
v 0.0324018224248235 1.39655901515112 0.0050894894813111
v 0.0325652345355543 1.20126145686829 -0.014158729976502
v 0.0326824401845937 1.24850912562252 0.207851008502573
v 0.032709652447395 1.15268231227075 0.131505676680801
v 0.0333011651751285 1.14845203037987 0.151786410205469
v 0.0333466150922465 0.112725462125855 -0.390430163521417
v 0.0333852575094896 0.303184251738372 -0.430788234815184
v 0.0334002652383003 1.3804598513244 -0.0424897214583796
v 0.0335987091587953 0.119118406092171 -0.446224065434913
v 0.0337122636365199 1.41140295477708 0.177908247047322
v 0.0343838220032665 1.39664852146751 0.0249401991618111
v 0.0344542234304176 1.22827000882955 -0.0575741430382259
v 0.0345357425519718 0.634448773230051 -0.0897687395853267
v 0.0346333461487077 1.14492675156147 0.167019468639361
v 0.0347336895707126 1.19683049524647 0.00527895551811072
v 0.0349465096633526 1.14255969131383 0.195043070126064
v 0.0334099783507554 1.25916668814715 -0.0545073857326196
v 0.0353031295722859 1.41191231262675 0.193583561442308
v 0.0353540949299785 1.23210747851582 0.206234557661061
v 0.0353632518791824 1.40953248359824 0.221633006498506
v 0.0355528935762468 1.14246895063462 0.178993018907217
v 0.0284286713427604 1.32174080148834 0.215054294011528
v 0.0358338403911296 0.607493298410998 0.105565407689793
v 0.0358351324721491 1.14112574477705 0.188558932397446
v 0.0359811047205872 0.620535287878708 -0.0887777392109089
v 0.0362376943517954 1.18265106920912 0.201279015200548
v 0.0364186650950215 1.41211969954798 0.205851343432554
v 0.0383744107604762 1.30863080872502 -0.049577854279019
v 0.0367776108297292 1.41162872477249 0.21551372946738
v 0.0371208543632572 1.39676423793831 0.0523927669558474
v 0.0372745961076369 1.10286261323839 0.0115317923023551
v 0.0373664796737046 0.29683880870046 -0.434737840728825
v 0.0374917447580151 0.589693203936328 0.102968661986478
v 0.0375982332624499 1.19074859616775 0.0321385337791327
v 0.0415441091604031 1.37009556679713 0.219885805559223
v 0.0377525543023436 0.207785745954284 -0.444851204143427
v 0.0378101331972611 0.182366314474412 -0.44533867463809
v 0.0379939256611921 1.38266126564948 -0.0401375885761551
v 0.0380742374614598 1.21678320389841 0.204722966159216
v 0.0380849133103973 0.880666507648928 0.0336320081421424
v 0.0381339828377152 1.22453371597532 -0.0558178153463642
v 0.0393780827419427 0.250732867584574 -0.442100430573484
v 0.0394175407434477 0.609808700221843 -0.0854259471312593
v 0.0399634400118604 0.0726648727235348 -0.412817980201835
v 0.0400135771035225 1.22218791901685 -0.0497088192126509
v 0.0400870261676608 0.0728268086522885 -0.424104564459528
v 0.0401351156031308 1.10141267910412 0.0508387284636294
v 0.0401578693476934 1.38333183930267 -0.0337290060339634
v 0.040177516876899 0.159117315014577 -0.445641856524273
v 0.0402401806906621 0.0729767452673988 -0.435355287065308
v 0.0410379858838185 1.39689982694032 0.0908340557424861
v 0.0411262700626107 1.22030794632852 -0.0401819093086295
v 0.0411918966815047 0.565088573100148 0.0961748462679477
v 0.0414585206965428 0.802726547159308 0.0869796287587264
v 0.0415603711840356 0.281774388350047 -0.43703121386614
v 0.0416014526179657 1.18190387531593 0.0696645204239756
v 0.0416280940191459 0.941465788250451 -0.0305466716575093
v 0.0417842827809755 0.0757504347902744 -0.443688071148533
v 0.0420547588186088 1.20343655767983 0.203403837403931
v 0.0422596677993209 1.09641939464065 0.0920342511835384
v 0.0426238582912559 1.38311540385599 -0.0117964596294911
v 0.0427413004717104 1.36666220441888 -0.043808591453032
v 0.0427497286676063 1.21778575174415 -0.0280943549693614
v 0.0427673763543623 0.600288767458622 -0.0827950028410892
v 0.0431566612036243 1.24124079545415 -0.0562413663485726
v 0.0433289376919318 1.17066971407106 0.200133313445152
v 0.0438058448932481 0.596086763282206 -0.0807839416887637
v 0.0442509347592928 0.571052536131264 -0.0802574299766408
v 0.0443814981042601 1.38294968523165 0.00380687386284091
v 0.0445833692293394 1.21467164876274 -0.0127695880219912
v 0.0447750680293702 0.543737949880582 0.0863244112964237
v 0.0449010906735459 0.796846332080843 -0.0476400305388919
v 0.0449581035358249 1.39702794263231 0.129274801387683
v 0.0451299106373259 0.123343701530785 -0.446112400758103
v 0.0454078241153776 0.0832984065631265 -0.403560754248964
v 0.0515236716261352 1.28892713851089 0.211933229123858
v 0.0454573941172465 0.504021453897386 -0.0926712637872087
v 0.0455142669836512 1.1728600549991 0.107155790988427
v 0.0461078158995941 0.083780043875461 -0.446390104917806
v 0.0461520117226468 0.529959099545498 0.0791987215849209
v 0.0466005767326343 0.281696496537825 -0.366037175479281
v 0.046620416371787 1.39152655798327 0.222023328486287
v 0.0466271279992882 1.38274586204251 0.023631398783965
v 0.0467080703804932 0.435092026962523 -0.125522629778328
v 0.0468079694659336 0.273642289289401 -0.357104245855489
v 0.0470018336490367 1.21056934308858 0.00669765719928928
v 0.0470040949129929 1.34758410371938 0.217692143517451
v 0.0470278066244368 0.498865322584518 0.0632681317709975
v 0.0471647610429315 0.294353123553106 -0.387631384255273
v 0.0471849243966459 0.272492848940078 -0.352338141736655
v 0.0473160049288347 0.273737940329338 -0.344198706920369
v 0.047536546594089 1.36845965039934 -0.0414953074032466
v 0.0475528528441014 1.23843446086783 -0.0543884721179758
v 0.0476326847818772 0.282264742739986 -0.316448442447464
v 0.047636522000279 0.397541920842964 -0.136142542296555
v 0.0477607962140293 1.39711054665805 0.156731755274132
v 0.0477947616368821 0.308959755184706 -0.408267116211122
v 0.0478697803764579 0.358677970685383 -0.185373544755559
v 0.0478833715267458 0.311171617962828 -0.250058092731685
v 0.0479166382612261 0.38411927616148 -0.142905373479366
v 0.0479982875359059 0.374868373119037 -0.153119586296849
v 0.0480692565062056 1.16691430294456 0.133957482251583
v 0.0482265938948017 0.316851869112133 -0.422057441831768
v 0.0484141024291214 0.318657332387323 -0.429183727923477
v 0.0501351309872745 1.26789767912482 0.20984593906436
v 0.0485694597993995 1.16197149848525 0.199245996072708
v 0.0469614535040002 1.19206088720935 0.202274549908777
v 0.0486326556052489 0.310958641534594 -0.433324987495745
v 0.048705784249041 0.427863708284051 0.0210580915195859
v 0.0491184711310344 0.289857967412892 -0.436301329434921
v 0.0497255940471382 1.38245808703169 0.0510473472273846
v 0.0497303134067892 1.23649876319744 -0.0482368705085496
v 0.0498293897450214 1.36891337219244 -0.0351072566239724
v 0.049889228083042 1.39723831934241 0.176594257304275
v 0.0499906025559315 1.16251472002333 0.153323913227971
v 0.0502013933608781 1.35167620198546 -0.0452536557384587
v 0.0502138114342872 1.25518037047342 -0.0548209385326157
v 0.0502324792764207 1.20494273309461 0.0336039192232967
v 0.0503153648129552 1.25117587547357 0.20819461468994
v 0.0503426162351054 0.20563371499415 -0.308743609270606
v 0.0503822601154515 0.200881617400018 -0.321813399470713
v 0.0504276735263755 0.361177974983891 -0.0360111739656145
v 0.0505138864939374 0.218260839464867 -0.275002087883936
v 0.0505326587711851 0.249930771801834 -0.442268746740371
v 0.0508663248869739 1.20941138536022 0.204037294616854
v 0.0506567899294559 0.724866635001387 0.0833200190129654
v 0.0506817931732522 0.194215501363544 -0.341200591154653
v 0.0507864602852601 0.248567218496137 -0.197977200353396
v 0.0509486144889014 1.23477493604397 -0.0386937347630904
v 0.0510261288329207 1.36865887460626 -0.0254202221866359
v 0.0511162324139923 0.292492670704358 -0.121991836292541
v 0.0512969456121444 1.21953339121839 0.205049003307993
v 0.0513052771982985 0.331628864432954 -0.0597999917786122
v 0.0513868904515032 0.187897659371428 -0.359084073607142
v 0.0514263667450491 1.09692106911337 -0.000486306360150381
v 0.051465430858204 0.310417746101886 -0.0880115664299828
v 0.0515306200892531 0.31978832670309 -0.072321384898331
v 0.0516097692988126 0.0976355140517578 -0.446237286995411
v 0.051619747434669 1.15909858384187 0.168576631973209
v 0.0517308383590432 1.39522489343485 0.220303663799626
v 0.0517328832766303 1.39752223606896 0.192247748063744
v 0.051888570467113 0.208384140559286 -0.444897516198402
v 0.051913434461816 1.15665004025818 0.196589891151687
v 0.0525133325921087 1.23256900211938 -0.0266637528274385
v 0.0525422358434411 1.36832925258747 -0.0132088123018129
v 0.0526938214051157 0.178983587856042 -0.366115024863872
v 0.0527358879749398 1.15665449718139 0.180555679451559
v 0.0528777208446629 1.0923160392337 0.0918845333681776
v 0.0529643952890597 0.720693899969832 -0.0560152586705602
v 0.05302264274694 1.39756709909048 0.204499465605552
v 0.0530617256415706 1.15537264930449 0.190127595067504
v 0.0532792592315383 0.183062105050819 -0.445381874834975
v 0.05343707752751 1.39702706486912 0.214156899640138
v 0.0541692726040298 1.38201772469555 0.0896317232579792
v 0.0541659115434228 1.09660173350296 0.0469318967907398
v 0.0544722298496023 1.36791309723199 0.00237132148268734
v 0.0546733473725288 1.22963526521809 -0.011242666038445
v 0.0548012585470105 1.19676540920872 0.0712152020835637
v 0.054927555310065 1.32961360406647 0.2159634484323
v 0.055080514670716 1.2534584115181 -0.0528573576811656
v 0.0551409791698977 1.35311637208561 -0.0429750614642016
v 0.0554616360035907 1.27013163617082 -0.0533103967507814
v 0.0556225272451503 1.33580658920206 -0.0467983468241669
v 0.0558707393120878 0.800039111860256 0.0204127612793353
v 0.0559011477070572 1.18453734071548 0.201546824863783
v 0.0559339802434877 0.159793313807344 -0.445671644190005
v 0.0559700139903263 0.156797444991814 -0.373747603981645
v 0.0569151187951893 0.972139415504083 -0.0171743895071586
v 0.0569410707258869 1.3673845269916 0.0221659321603429
v 0.0571746240189237 0.28221974280552 -0.437282111265709
v 0.0572631312708723 1.2259384403074 0.00825567879772546
v 0.0574665509559077 1.25197266565581 -0.0466596497054344
v 0.0575349722552348 1.35334414286888 -0.0366084585550569
v 0.057819992707152 1.20457587000386 0.203578523018873
v 0.0582258998611359 1.03214602550276 -0.060867886271089
v 0.0585733756171913 1.38156232122689 0.127822996091997
v 0.0587568330879289 1.28611449520543 -0.0517075148316138
v 0.0587652586971552 1.25042969983464 -0.0370979794804839
v 0.0587736764924198 1.00188515459667 0.114174820739462
v 0.0588167997469354 1.35292174062602 -0.0269372360032531
v 0.0588887454180365 1.31936110247355 -0.0484105790436571
v 0.0593093232976964 1.18843482249258 0.108800790114486
v 0.0599383429810565 1.30269230413717 -0.0500580023757159
v 0.0603448107073015 1.36664708359026 0.0495400165057338
v 0.060432899679035 1.24844091378886 -0.0250460260019225
v 0.0603368998928766 1.35241188122154 -0.0155636050099105
v 0.0605438208931678 0.297375649817729 -0.435116660983281
v 0.0605851826692919 1.26939182215308 -0.0512478524048469
v 0.0606526170023829 1.37569125737532 0.220535841592852
v 0.0606645891665261 1.33690921407008 -0.04455271881862
v 0.0607408890240742 0.125148713933934 -0.446124015334158
v 0.0607598839790063 1.22087340241909 0.0352128577606239
v 0.0610690697920345 1.31072204835254 0.214127582059798
v 0.0614042418504477 1.07782274515185 0.0972862629501264
v 0.0616086781466978 0.251508863463605 -0.442280457216372
v 0.0617275328690778 1.3812378912834 0.155241601662251
v 0.0622036169012049 0.113783940029229 -0.386686178143268
v 0.0622696825332558 1.17744554658238 0.200894286290958
v 0.0622873645100441 1.18290546403725 0.135659824181408
v 0.062516758881095 1.35168610644584 0.000808988409638486
v 0.0625357531856128 1.24592827805238 -0.00966929940086141
v 0.0630866327996126 1.26835674991358 -0.0450048219359016
v 0.0631298774629991 1.3369241633639 -0.0382066049243446
v 0.0633667985968092 1.21847159266358 0.204995678270576
v 0.0634251566659598 0.983151020171461 -0.0115923389372878
v 0.0639572347025612 1.28603812797547 -0.0495783623127742
v 0.0640101557060736 1.32011902931084 -0.0461987543759861
v 0.0640817320627667 0.303995662085008 -0.431201589710684
v 0.0641197880100157 1.38106018418769 0.17507539729648
v 0.0644470483530475 1.26698352788695 -0.0354261712742106
v 0.0644761781886027 1.33631827793555 -0.0285529844983995
v 0.0645298305808438 1.17881440724096 0.155069297105176
v 0.0651113392779641 1.30306813239032 -0.0478840081612154
v 0.0651722209840507 1.35079578937613 0.0205703134008939
v 0.0651888184948404 1.36557277704412 0.0878688537507664
v 0.0652662408925375 1.24265673566905 0.00986239156284618
v 0.0654704723686433 0.722901284878802 0.013925703754747
v 0.0656095666120562 0.0917901651380011 -0.446350407425199
v 0.0657467905465553 1.21351613290583 0.0729171629375494
v 0.0658849093622316 0.208941073378216 -0.444944338652864
v 0.0660270543640573 0.857389700003174 0.0796532941592672
v 0.0655064977381039 1.19852560157212 0.202997178794207
v 0.0660832421402387 0.931668713474512 0.095233719153854
v 0.0661786544824691 1.26524154604726 -0.0233503585344987
v 0.0661867275726042 1.33554633052933 -0.0163827482421398
v 0.0661878772522123 1.38107752359819 0.190703101431437
v 0.0662312977782875 1.37874504777542 0.218754568953462
v 0.0662870049473429 0.302267592004685 -0.42379271750577
v 0.0638867812676427 1.23479305735743 0.206625412000073
v 0.0664147317217828 1.17564632346052 0.170352410621926
v 0.0664990818313434 1.08750018663397 -0.0148575586529438
v 0.0665032522944284 1.28533081892679 -0.0433025885798658
v 0.0665245880951563 1.31991335749868 -0.0398738931554247
v 0.0665961144600588 1.17305818907617 0.198347803939497
v 0.0675239093224115 1.2717291864894 0.210305736469826
v 0.0676309216821723 1.38094167424662 0.202937129878649
v 0.0676551997505601 1.30261682608882 -0.0415831989536828
v 0.0677071779810566 1.17334722618724 0.18234902880224
v 0.0727357288710041 1.25277733545986 0.208454141372469
v 0.0678983370921128 1.28414891075371 -0.0337048595731568
v 0.0679120103770339 1.31911541592793 -0.0302386775168918
v 0.0679245635547882 1.08967894999404 0.040285419684432
v 0.0679434242500684 0.0734087993627857 -0.403661349941082
v 0.068083288472764 1.17209513381459 0.191923652037723
v 0.0680970543754633 1.38033075050947 0.212587404997791
v 0.0683428927423336 0.980785223272456 -0.00562981250452768
v 0.0683609515137169 1.3345649251744 -0.000855797430313346
v 0.0683675727610132 1.26303582039733 -0.00794348626065963
v 0.0683802450304369 0.295450014691036 -0.409724401688727
v 0.0685234732408851 0.0725636709147176 -0.446593908187746
v 0.0686348784604323 0.183646967346252 -0.44542650871454
v 0.0688224142784596 1.34957556741142 0.0478993455079775
v 0.0690570051683962 1.30163090834434 -0.0319663297102892
v 0.0692070801491588 1.23793436045729 0.0369444233524729
v 0.0696436007774345 1.04026673979563 -0.0510749043920512
v 0.0696728571395174 1.28264609074254 -0.0216052019642261
v 0.069674381253575 1.31810866096713 -0.0180908142809073
v 0.0699268018103196 0.063384718745435 -0.443922982098514
v 0.0700041758886407 0.0599648017209155 -0.414721064443696
v 0.0700307462795726 1.01462114776491 0.0956188579471741
v 0.0700364543753056 1.36448561417648 0.126196604735913
v 0.0701267259835436 0.060092369994064 -0.424762016805011
v 0.0702855986555067 0.0602304146669711 -0.435600638813048
v 0.0706994521515273 1.20604853030944 0.11060408146716
v 0.0708381662819238 1.30038220204028 -0.0198420660904412
v 0.0709197624994943 0.254757657697687 -0.441806995681458
v 0.0711496862896213 1.33329925484814 0.0188701234734676
v 0.0711999333116083 1.26016839953802 0.0116270403970082
v 0.07172070449213 1.07034803056101 0.0760064045404796
v 0.0717606043114769 0.160305265568316 -0.445703545445098
v 0.0717666425792793 1.0472278868208 -0.0413527847522698
v 0.0718743377335038 0.282658435765894 -0.38860131385699
v 0.0719068111618781 0.967750600137503 0.00989216706713796
v 0.0719131917972047 1.31682267481318 -0.00259315732267584
v 0.0719201012006667 1.28074685903016 -0.00616758293243586
v 0.0719789219214865 1.0260515410443 0.078138015268073
v 0.0720041418149653 0.667731873954854 -0.0512248200904227
v 0.0723909048514545 0.64037268410581 0.0890184025589613
v 0.0726803205439273 1.35789515573762 0.218838847165433
v 0.0730994873748279 1.29879190018651 -0.00437421761057868
v 0.0734139938556556 1.19486895452983 0.202656794388857
v 0.0734841104946046 1.36370862978063 0.153571650734015
v 0.073881961518489 1.21566692777908 0.204757547819038
v 0.074038493946795 1.20101249662938 0.137528919711163
v 0.074523401313328 0.927640909275095 0.0138757098978336
v 0.0745490431701908 1.23133824517815 0.0747339059996944
v 0.074791158028311 1.31516401213661 0.0170955553695859
v 0.0748209676087363 1.27827504021031 0.0134424078005552
v 0.0749820103212714 1.33155904743318 0.0461495304491694
v 0.0749993456818865 0.271874602003446 -0.366701951294357
v 0.0750648561066171 1.25623868379304 0.0386914757135707
v 0.0758990443366732 0.641499480721492 -0.0570128150831005
v 0.0760111333073268 1.29672865965604 0.01527510442644
v 0.076043226103553 0.947353530483997 0.129154435335526
v 0.0760998962624868 1.0228502203875 0.0899374642177098
v 0.0761001140624681 1.36318432481607 0.173372130735691
v 0.0763663503114098 0.26514782340748 -0.356196880058304
v 0.076560015531507 1.19726779836837 0.156986315070692
v 0.0765786037594595 0.606994472990678 0.0837464732726461
v 0.0767124124861863 0.264782925703808 -0.349949452312304
v 0.0768162386217039 0.124407304383511 -0.446173499040617
v 0.0769806120061721 0.266821057314824 -0.341233626507013
v 0.0770473768933435 1.06815173382429 0.0620369778537902
v 0.0775240169781988 0.257757850899377 -0.438801842433828
v 0.0778118542767405 0.275317806996243 -0.312698756383442
v 0.0778498548548493 0.0984641220570982 -0.446305383646285
v 0.0780130383132052 0.208581300615032 -0.444357778715708
v 0.0783559097078013 1.36290540488754 0.188970800995577
v 0.0784893309499657 1.36046765536421 0.217011046721059
v 0.0784989482059954 1.08161123281647 0.0330038746723102
v 0.0785669389484199 0.958439411577124 0.0126074755089258
v 0.0786633536113849 1.19178410803183 0.200253792529167
v 0.0786878602987106 1.19433992404249 0.1723011740169
v 0.0787381586026017 1.04630626522781 -0.0389319677554032
v 0.0787400041107669 1.31287971062147 0.0443227183743239
v 0.0787871640665419 1.27488879284393 0.0405615568855324
v 0.0789460791943459 1.02713742320153 0.0709493487839633
v 0.0792143773217954 1.34601612292193 0.124425157320035
v 0.0793072536571621 0.305063464496638 -0.245149867144816
v 0.0794518392960344 1.2335106642121 0.206563197238548
v 0.0798696878567147 1.22465059757428 0.11250970686575
v 0.0799266255202823 1.36257192586329 0.201185318754041
v 0.0799994369159603 1.29390388646825 0.0424491894535319
v 0.080015404075989 1.19251340553393 0.18429787731508
v 0.080334129427442 0.628056338857819 -0.0595660197654805
v 0.0804056164121173 0.211329690319584 -0.327573536324226
v 0.080427437063652 1.32905712940417 0.0843430766810521
v 0.080430667632262 0.215325322740408 -0.314711805014502
v 0.0804350433019758 1.3618885047565 0.210828145649709
v 0.08045469431332 1.19128470264723 0.193879364446708
v 0.0804790463556905 0.352229113298103 -0.178339297860325
v 0.080510011576096 0.256696930444969 -0.430751310783346
v 0.0805557451681796 0.205579987541318 -0.344549929098967
v 0.0806360914917763 1.25050615950144 0.0765741920182356
v 0.0808105427535768 0.614303596129707 -0.0602760998680878
v 0.0808616752955918 0.496650707705643 -0.0791680959404348
v 0.0808783738314 0.427116706119076 -0.11409252046287
v 0.0809345573951766 0.227823746728678 -0.281889596072041
v 0.0809575541191731 0.566963773648198 -0.0638520048559935
v 0.0809652279423318 0.594747624212065 -0.0602812462996114
v 0.0809667154602873 1.064242899519 -0.0318458140042292
v 0.0810607697167938 0.601715748940927 -0.0609113677696215
v 0.0811376279632246 0.368345056770533 -0.145178320366377
v 0.081218306112346 0.390718901888083 -0.126592817068299
v 0.0812808251744701 0.377779515687649 -0.133993118100788
v 0.081492075708574 0.920370619977785 0.087809233049832
v 0.081586253351367 0.183441972061256 -0.444770345661642
v 0.0817895074041863 0.586990515203807 0.0780820482303403
v 0.0819457658151249 0.258586176795833 -0.206485340680424
v 0.0822042130119219 0.252673514111222 -0.415958828564108
v 0.082339873733821 1.3384965755559 0.216975910071711
v 0.0823605377901402 0.56792385470663 0.0704445867869609
v 0.0766108989646527 1.29231936799079 0.212387782032324
v 0.082572969799014 1.21305193822693 0.204529505615762
v 0.0826912234634793 0.551370627857441 0.0611306137077686
v 0.0828439220176037 0.538897907677349 0.0542799731845863
v 0.0829005961596752 1.34474396097109 0.151752436969105
v 0.0829414149789958 1.25308498567479 0.208529877218708
v 0.0830020131757649 0.303529649693506 -0.132346271101972
v 0.0830779859675431 0.509011934572914 0.0387941477799887
v 0.0830824713979032 0.180104978139577 -0.372825359105833
v 0.0832876820937891 1.22043634597573 0.139450166786446
v 0.0833217328408205 0.439071668863306 -0.000163404219013896
v 0.0834002328466848 1.07598093767538 0.0265905403889736
v 0.0836658887083495 0.372580453452451 -0.0506571838503982
v 0.0836741154724346 0.321485686893923 -0.0990355408254092
v 0.0838769315552797 0.330771949507798 -0.0859750093917725
v 0.0839105429502834 0.342427162932257 -0.0727312500872246
v 0.0843030221261158 1.0632583645544 0.0594620032711031
v 0.08437017567181 1.3095953667243 0.0824435322050934
v 0.0844890076640007 1.26996368012349 0.078525087460508
v 0.0846423103850663 0.160604273708894 -0.445829689290597
v 0.0848219254692342 0.19764710030171 -0.365182833565338
v 0.0849922613761866 0.244392371853797 -0.392258448693715
v 0.0856940131555083 1.34385418672737 0.171517752541623
v 0.0857040057043792 1.28981697440966 0.0804924331067159
v 0.0858592110684373 0.157951921393612 -0.379827840576781
v 0.0858756966250576 1.32653400103254 0.122534430596049
v 0.0860299962878897 1.21707701954164 0.158960923812386
v 0.0861967245639162 1.24470313774986 0.1144470604506
v 0.0864626741418218 0.208395139784475 -0.441408232216241
v 0.0868088962097927 0.654845996145897 0.0185920098263923
v 0.087330346070324 1.05488977213668 -0.0206545087611217
v 0.0874887177121887 0.0846804292250452 -0.403447570538565
v 0.0875006347676787 0.0850618519485653 -0.446497833902285
v 0.087539949240703 0.238021543228074 -0.368386037655107
v 0.0876567250836239 1.07027964226824 0.0221319343165676
v 0.088095441767003 1.34325865113172 0.187084779173084
v 0.0883056091063085 1.34066236479456 0.215108131486566
v 0.0883425136694128 1.21445730032558 0.174315852837992
v 0.0884246345220761 1.21136332113627 0.2022728150211
v 0.0884702093167604 0.235590993237959 -0.352177098606248
v 0.0885637334347711 0.238159554333285 -0.340592373711469
v 0.0887250094175092 0.240931348341806 -0.329923342964568
v 0.0892976119686854 1.23264236324334 0.2065164285446
v 0.0893415741361223 1.31798013388661 0.21498155286696
v 0.0894313811912167 0.207560021496623 -0.432800561541646
v 0.0895211930468914 0.251342276836472 -0.299434692906763
v 0.0897305162862876 1.32474967709207 0.149811391231424
v 0.0897605085311516 0.121043586864907 -0.446337212586839
v 0.0897663368903935 1.34270086937023 0.199276689615761
v 0.0897746632767647 0.206324034877956 -0.41752343010288
v 0.0899367462362842 1.21250652106689 0.186360084518414
v 0.0900043213586326 1.24074017672366 0.141500212942735
v 0.0900052417465837 1.30627160704675 0.120559992575951
v 0.0901837972449561 1.2649927290783 0.116482320788092
v 0.0903060777272979 1.34195086044679 0.208912719572531
v 0.0903822990275024 0.183379579724502 -0.441759598106757
v 0.0904199900461036 1.21133134975316 0.195947721740255
v 0.0904210872531863 0.20272208468645 -0.392030308105661
v 0.09045886055624 1.05174791030014 -0.0165877143315828
v 0.0910713930536911 0.281573620968842 -0.22745748896106
v 0.0911275588506605 0.114811531958842 -0.391268663530574
v 0.0911644444615454 0.625741242271621 0.0131877176302055
v 0.0914081490715258 1.28569042329541 0.118530855042048
v 0.0925037870310417 0.32701716085756 -0.15669995102883
v 0.0926524772403826 1.3234620055909 0.169537621573495
v 0.092884004604761 1.23780705282935 0.161056330958411
v 0.0929467115733704 0.893127848935072 0.17129155269819
v 0.0931663673623294 0.181099415821007 -0.393789186477456
v 0.0931725015184888 0.160051627636783 -0.442065954119412
v 0.0932003461088528 0.182604406507084 -0.418025220708143
v 0.0932753023767735 0.183027370601255 -0.433061942874128
v 0.0932941703079991 0.34458884003581 -0.124224529826902
v 0.0935123024742025 0.400385258663196 -0.0830670132938935
v 0.0935425829579157 1.25343940696951 0.208610911703866
v 0.0935576314099678 0.368233252474156 -0.100684866687864
v 0.0935597391323587 0.353931291473897 -0.11021263418883
v 0.0936179949201958 1.29664739095601 0.212896072558656
v 0.0937617066876239 0.469424323714249 -0.0400255978195254
v 0.0939548086961716 1.30395450619618 0.147783430097107
v 0.0940993581005617 0.540943849047864 -0.0124069549990125
v 0.0941123463766818 1.26157053852477 0.143592365489029
v 0.094152778189167 0.570548326227848 -0.00261939773274672
v 0.0942614177684512 0.0773916686708656 -0.443824330441364
v 0.0942821066219528 0.872384801240186 0.139076313140403
v 0.0944697941977185 0.580807157042377 0.00103883497213489
v 0.0949934151631091 1.27503041187068 0.21075792081856
v 0.0951562496561702 1.32253923602578 0.185071670564232
v 0.095303202974716 0.594573736537861 0.0051340780125734
v 0.095335316100499 1.23550473165328 0.176446482429613
v 0.0953818567538781 1.28282549860449 0.145698380697338
v 0.0954198574399862 1.31975902395886 0.213075470838466
v 0.0954578091531054 1.23224045396135 0.204390309687614
v 0.0957944964935269 0.609573369480009 0.00928374264541063
v 0.0958200278245507 0.158708803258088 -0.397984617799346
v 0.0958804084266163 0.159482412033162 -0.419168978306405
v 0.0959681819245806 0.159792605344539 -0.433424320726541
v 0.0961098687523001 0.0744300811008043 -0.412609079521073
v 0.096260961157222 0.0745862065949117 -0.424204267059808
v 0.0963068284343839 1.06116779094264 0.0231683530073165
v 0.0964129947926933 0.07473667879872 -0.435501232908579
v 0.0968979662168522 1.32175002539047 0.197240075314762
v 0.0969495540797909 1.302256060181 0.167468132417964
v 0.0970275639591873 1.23377214040741 0.188515249707464
v 0.0970862831363582 1.25904232490381 0.163191462426449
v 0.0974599504340895 1.32092164261943 0.206868006828792
v 0.0975547504746411 1.23264254182125 0.198109176864435
v 0.0982629832174254 0.117484398099507 -0.443710093716138
v 0.0983907017903305 1.28072394500072 0.165341656630572
v 0.0987073285047612 1.04164028395688 -0.0116379598238099
v 0.0992463800222325 0.971019587095041 0.135728585609839
v 0.099510569298229 1.30099215273275 0.182967456011425
v 0.099621523752038 1.2570788449755 0.178617726747896
v 0.0997830931656554 1.29802928801105 0.210950410552727
v 0.0998008817496011 1.25384025707022 0.206566763757501
v 0.100346374931542 1.04080626282708 0.0730311645242727
v 0.100382123123103 0.908661605744064 0.0540672003630248
v 0.100806758877121 0.115314472447377 -0.404940040155529
v 0.100900024875218 0.115655334422895 -0.421507234021632
v 0.100964660880954 1.27910927270429 0.180804911707072
v 0.101016523129344 0.115855805483899 -0.434297386694379
v 0.101216584418316 1.27597653516559 0.208768597844146
v 0.101289905074509 1.29996325845019 0.195111135014895
v 0.101376179407886 1.25557337743837 0.190710986833346
v 0.101859620011285 1.29905809393676 0.204730527229634
v 0.101924824662357 1.25452306776585 0.200313763416559
v 0.102234429217924 0.980239574464696 -0.0047796322486546
v 0.10275303090846 1.27783334661212 0.192923012343136
v 0.102954620352626 0.866077027042512 0.187912564807656
v 0.103318079880653 1.27685871142225 0.202534660139522
v 0.103686505752347 0.848263191199364 0.155447860290367
v 0.106836035970503 0.853851305884249 0.195814235211204
v 0.10727024134264 0.838323585763218 0.162995525403279
v 0.109397722059825 0.843224595843135 0.205506537645565
v 0.109625868313456 0.829438854547971 0.172680242350374
v 0.112817152297735 0.825764791115337 0.224351658523602
v 0.113065904562701 0.812787076618335 0.193613703179208
v 0.113297866366254 0.85935962398527 0.108355905788515
v 0.114985384251039 1.03496840201617 0.0376684084299037
v 0.117268848645458 1.014149898423 0.00397810558218196
v 0.117961389148398 0.911681733532187 0.180941367136901
v 0.118882478297697 0.793273276413917 0.258755996319652
v 0.119434930608579 0.777824125452568 0.234249089217569
v 0.122492926344056 0.836380829466213 0.125734661418855
v 0.12521331917981 0.760571054753958 0.291624786122679
v 0.125754181171914 0.827867604440856 0.133544228239489
v 0.126417618651422 0.741607173627059 0.272754420149682
v 0.127159657253539 0.928126131366894 0.0454137446920151
v 0.127614811506881 0.820972604909411 0.143156347959018
v 0.12829168469009 0.745400036425245 0.307514441977278
v 0.128425367642541 0.882114132230325 0.199537452513469
v 0.12873598172593 0.985027303826423 0.12011149399023
v 0.128849015349863 0.727537883709088 0.344725939099118
v 0.129011107089529 0.731367373860237 0.333214231459403
v 0.129264178487884 0.73893264903375 0.314846029418269
v 0.129307685674294 0.73478719990553 0.32338346247646
v 0.129504261155976 0.710440223114762 0.366654567157489
v 0.129783021271697 0.725586660094998 0.291084442899085
v 0.130410842215518 0.805215485115365 0.166146999706137
v 0.130679239012729 0.868089072579303 0.210003600523472
v 0.131081097016909 0.71862276321608 0.298031497050776
v 0.131668848288748 0.667158165061553 0.407803903460846
v 0.132116716825277 0.712659827377146 0.305227028088089
v 0.132919026274512 0.856774424585886 0.219815404653496
v 0.133247407596952 0.706523400508317 0.312961216509499
v 0.134688563752265 0.699556784454247 0.321928968097539
v 0.135467193554767 0.838647461958039 0.238101378149455
v 0.13577148764153 0.767696632285886 0.212766448413247
v 0.136176763289397 0.681999640956974 0.343452209514825
v 0.137439735311332 0.644201281578094 0.388730941530494
v 0.137874106718534 0.6329633653039 0.433914303777567
v 0.139806890392019 0.805969363329018 0.270395796227946
v 0.14161952765758 0.609089917654495 0.432754756704313
v 0.142204094332308 0.727632655051371 0.256566929582488
v 0.142944048551612 0.678797476557044 0.416430746428908
v 0.144322983325674 0.725674393770968 0.376638512876469
v 0.144409872723157 0.773245188041687 0.301240911189095
v 0.144467354570567 0.868018044958273 0.0975888451933153
v 0.144517008501644 0.628317332752802 0.449372995064214
v 0.145280908558749 0.743126628344157 0.35477575063354
v 0.145322926771479 0.710499133026259 0.277224887990431
v 0.145973272074791 0.976187012510928 0.0857242612927248
v 0.146028217225209 0.745818867101252 0.34264564915052
v 0.146661587037748 0.757499761273324 0.315948887285731
v 0.146757726921647 0.703012981011941 0.283670571981011
v 0.146834032648558 0.748237972094516 0.332301384446188
v 0.147223419601952 0.75169297845242 0.323506693955541
v 0.148054489707676 0.954654624457839 0.0520909634031689
v 0.148333125958144 0.919945076816802 0.170959432649779
v 0.148688749042683 0.695297276348218 0.289387970024533
v 0.150912677905946 0.599119429639761 0.449894386449447
v 0.151196294609294 0.686527803144107 0.294907667697179
v 0.151245325367669 0.605724084294873 0.410810078292142
v 0.152995246990984 0.624444768227142 0.371544336235983
v 0.154085402618724 0.843658697613901 0.116991218745121
v 0.154178278775736 0.676512425864167 0.301197384108124
v 0.155496215697094 0.658133972792911 0.322169120455766
v 0.155702718540281 0.834097377746392 0.127038163205554
v 0.156337946640379 0.638280256993573 0.437884783194423
v 0.157138122609181 0.827805230977011 0.136824863908783
v 0.158925765387764 0.811796104518943 0.160563357617827
v 0.159329356591209 0.889511936155516 0.191341840116318
v 0.160493652713168 0.595773715469007 0.421768632677919
v 0.161162102988139 0.676295852681988 0.413033726069894
v 0.162291694047579 0.876001943629032 0.201255330266192
v 0.16244265358124 0.772444705186119 0.209183147006568
v 0.162448111436101 0.863792969289854 0.213007771994502
v 0.163391456457193 0.615000926926615 0.438385845487237
v 0.163971792990761 0.844978954536188 0.232012543382495
v 0.166497940431578 0.810061957989121 0.266342450669078
v 0.166685449955213 0.908586696433265 0.139881460155647
v 0.166965050790412 0.730181333858778 0.254766712599347
v 0.167635095972955 0.723616988693909 0.371885814240944
v 0.167765598031574 0.887143057565175 0.108327456763501
v 0.169140079529568 0.712274486852841 0.275896621970894
v 0.16933413134211 0.775140098844137 0.299262357667438
v 0.169519552968499 0.611428968046015 0.415109216567445
v 0.169996612158354 0.741878433257225 0.350374484415463
v 0.170314604046957 0.745515247745062 0.339328002311751
v 0.170343091423168 0.704657237811385 0.282025564828086
v 0.170679849108355 0.758727060645914 0.314552420337194
v 0.170753297029762 0.748746231732062 0.32990385891715
v 0.170893170473476 0.622363796278621 0.368409884185238
v 0.170990793443374 0.752738870164216 0.321784473536961
v 0.172385237188971 0.69645771350863 0.287030573543042
v 0.17518866610734 0.686942083746718 0.291604122464367
v 0.176394909876683 0.656948469763119 0.396118413500953
v 0.177472768539249 0.880077416962474 0.160714417534959
v 0.17804665868532 0.860556811758795 0.129213798862191
v 0.178438587466977 0.65666148225044 0.31769866861893
v 0.178552498927792 0.675943298842012 0.296966269126901
v 0.180143996482641 0.868917921130425 0.17036906639165
v 0.180195460940778 0.858046277144952 0.182627415749754
v 0.180536549934102 0.850879180684095 0.1388041374549
v 0.180537718918332 0.842622840020042 0.150939944560267
v 0.181181509446968 0.839474136389034 0.204146143824436
v 0.181517074242095 0.825808571403216 0.174412420044978
v 0.181847846266048 0.634389414652719 0.377333660833391
v 0.182797175282817 0.801304800661385 0.244822736221568
v 0.183352273053665 0.786084299261896 0.221130467592817
v 0.184977516209272 0.761827808236243 0.28326400030492
v 0.185988354148894 0.744727857277061 0.300965608938418
v 0.186024898304804 0.743413602132049 0.264691702978921
v 0.186472923781432 0.737760494642666 0.307453057945149
v 0.186583999166031 0.700305835990345 0.350915650687387
v 0.187091317922077 0.732045307056819 0.314082835765814
v 0.187291731813534 0.725430019293723 0.284744411491828
v 0.187960276531463 0.726230576207298 0.321284752744246
v 0.188124124922898 0.717966574544552 0.290818064892607
v 0.189139494506671 0.719500873596063 0.329819168704701
v 0.189699895351298 0.710461868705567 0.296099192507927
v 0.191927928903949 0.701971074349781 0.301209528483772
v 0.192895349651934 0.672395981929935 0.328060037708379
v 0.194655316635212 0.692099519237796 0.307312890788162
v 0.0722826602350212 0.961842495136043 0.0255474337483628
v 0.0213967800573471 1.08625485601698 0.114145536850878
v -0.0889159874183068 1.32530304755684 0.214802085167864
v 0.0710967730856023 1.02087577151502 0.0860534745767079
v -0.11398088224457 0.961061956064396 -0.0460627022279601
v -0.118729012788439 0.975707558668728 0.0160451027872532
v -0.118615178952632 0.973966108904176 0.0222938492257158
v 0.0700587735288343 0.946694685071892 0.0665308101953198
v 0.0720300972893056 0.951189233778533 0.0506177655656415
v 0.0728519532747107 0.952945553358113 0.0439167524775069
v -0.0203833969805045 1.24418405714409 0.207170402803856
v -0.113948461346741 1.04116015910399 -0.0511257417345185
v -0.124177618029994 0.967758703852901 0.00638694119783968
v -0.118744773936283 0.973387718417763 0.00853884538194855
v -0.118120204397988 0.97142782179234 -0.000263313400982006
v -0.122576085662332 0.973988634565175 0.0135733114565841
v -0.118726136620881 0.975501334523141 0.0158160330566348
v 0.0480697953159588 1.08867876569718 0.095696875444832
v 0.0689223037365797 0.954064488814474 0.0813662830569406
v 0.0104166624583212 1.09280656482529 0.106952386583846
v 0.015681545420762 1.08867251246162 0.111974638174267
v 0.0122618344130264 1.08717875636443 0.115622785573677
v 0.0134009910177531 1.08701312485208 0.115504230830444
v 0.0762006789711644 1.04664171536696 -0.039813092291363
v 0.0764498601773881 1.04589401319607 -0.0393684484961458
v 0.068537534355357 0.686325487791523 0.0472059882679185
v -0.11623809831256 0.967067516915415 -0.0214225392732306
v -0.112820255329322 1.06206136510568 -0.0297415808293304
v -0.111948953188248 1.06739292929608 -0.0239322495120997
v -0.115142462370973 1.05639707011415 -0.0327530625128445
v 0.0770697347077437 1.04640651253695 -0.0383022925617053
v -0.112558589499434 1.04176273821072 -0.0503807816146628
v -0.102307549373519 1.05055985048131 -0.0478296969243893
v -0.123471623238328 0.0494148253829166 0.250341546411322
v 0.0669678295199009 0.981411778730966 -0.00242718748999192
v 0.0719352141608502 0.968532906169722 0.0112408176698259
v 0.0719803440745049 0.969145507801363 0.00963040561818428
v 0.0718863301410257 0.968038065299349 0.0125840730778507
v 0.0681481657706408 0.691152336904756 -0.022543952836605
v -0.113245987845975 0.967618274440895 -0.0621571862631685
v 0.0720490528843564 1.02335639660884 0.0761423239592869
v 0.0712146721329652 1.02156751226448 0.0849955747371733
v 0.0711122689951454 1.02138163323137 0.0858741373085689
v 0.0646358079671833 0.989025264992672 0.0932885549549696
v 0.0350641590732945 0.82337635511356 0.0944388386449408
v -0.113092664358498 1.05701469385521 -0.0349048827843486
v -0.116511891250057 1.05090076724426 -0.0376755414334197
v -0.11721409306105 1.04926405184439 -0.0384751274508816
v 0.00776436497350052 1.09364858343104 0.106449740601516
v -0.114966043660177 1.06029669993646 -0.0289662183749021
v -0.117549467337265 1.04891276266451 -0.0385966019342268
v -0.0917793152460273 -0.0070763419846898 0.11118149214322
v 0.157666379613295 0.930887741459378 0.097382917136792
v 0.0231273066505487 1.08929094051683 0.109225713933976
v 0.0165959444208651 1.08685744495096 0.115094496652853
v -0.124607165921513 -0.0100731558690229 0.271184075653791
v -0.117585639519661 -0.0102747499625089 0.281446340090251
v -0.126893640828815 -0.00680238525478806 0.111022333232843
v 0.00689323448103167 0.445423081809022 -0.0717919163342109
v -0.113681789258741 0.9595615479597 -0.0486593841388249
v -0.0829457925867693 0.409461141707129 0.0415417262722447
v -0.0647108415480217 1.11343019262672 0.0481380879659553
v 0.0415094334831574 0.838554357858182 -0.00719993051151722
v -0.0095211882130494 0.7565264615185 0.104404972652224
v -0.121151548558674 0.685302833074874 0.0343848138484236
v -0.11293927962967 1.03002168280323 -0.0624023514953517
v -0.109290546017148 1.03382275822905 -0.0572518213424006
v -0.107101137084929 1.02331292882739 -0.058906178471571
v -0.0660461307614481 0.411092230417039 0.0479038318604831
v -0.108741489388884 1.03603996025966 -0.0558664530309914
v -0.119105633713723 0.98560546569327 0.00609726919023899
v -0.121347399225809 0.986915904243742 0.00666350509012778
v -0.119449671841821 0.97901773944036 0.0131772233120652
v -0.118743954823622 0.976080610872097 0.0155995110651741
v -0.0571426639192102 0.752488389104005 0.101612094676396
v 0.0827970047491425 1.04494014687903 -0.0291866030269199
v 0.0112464982785518 0.428724069871677 -0.00558546402043833
v 0.0140878588417045 0.416567677173933 -0.00400362097571825
v -0.119032485662476 0.988059964045523 0.00350641397188845
v 0.0661991060964803 1.07888537142175 0.0792558084461299
v 0.0704562230250777 1.01137535849662 0.0892754615546526
v 0.0702860167604331 1.00736279645812 0.0908525618292003
v 0.0816074021947003 1.01051756877218 0.100833066129757
v 0.0707181990901533 1.01513297685829 0.0879014502296341
v 0.0648373354583479 0.989569392719483 0.0931383787965448
v -0.118941336754289 0.989481400671288 0.0316850476343467
v -0.119100037620443 0.987542061319872 0.0116484407282344
v 0.072031182697104 0.965772174055449 0.0174767632838861
v 0.00711626924301778 1.07709258504656 0.11886731671489
v 0.0181283694758772 1.08638571902753 0.114997252039702
v 0.0758076201967002 1.07231910472164 0.0587147412879311
v 0.0663711226699603 0.981701608902194 -0.00353657537078381
v -0.119070590946457 0.987139627852291 0.00448700495680572
v -0.11153806316808 1.05785092179331 -0.0357519721032507
v -0.113472475498915 1.0499782825852 -0.0421039084913271
v -0.106421974495827 1.06831800521971 -0.0336279955681246
v -0.114328577004336 1.04444890108523 -0.0478138251994521
v -0.101150157710211 0.993839638875323 -0.0658817045930216
v -0.107918360204615 0.979737847219409 -0.0655413792969808
v -0.110470257858623 0.974399889497995 -0.0654152541797214
v -0.106669089720269 1.01257505668284 -0.0624466700703091
v -0.10636074160954 1.01107918126578 -0.0626854916242783
v 0.0634296810574291 0.977096510803952 0.0994963712860152
v 0.0676967371569449 0.958679479929206 0.0854803470912161
v 0.0301055376932886 0.467802129403284 0.037984987370715
v 0.0039067030094081 0.514354917708352 -0.0386291360069868
v 0.00112884299560763 0.888464351979808 0.111606407028612
v 0.0873200402595119 0.448270514916662 -0.0770590591411977
v -0.0458504449382046 0.958985768705277 0.120594570405151
v -0.0475778065485645 0.888275732165568 0.111596011254719
v 0.0662298261545311 0.23842350813035 -0.24074371428218
v 0.00196222261777065 0.431535408553721 -0.0535313814730559
v -0.0885296066631007 0.993952893032349 -0.0692506377774079
v 0.0116648743622894 0.472862944622628 0.0319979406773018
v 0.0814401616051507 0.243204961762255 -0.244187468376233
v 0.0936370045809132 0.434904791188722 -0.0615463055567095
v -0.106051995839446 0.760097337426633 -0.0350900981934887
v -0.110582361146969 0.835492067444512 -0.0300577771024334
v -0.119024403291677 0.689109027764399 -0.0368626238502013
v -0.122177026649482 0.75205457458005 0.0350880320224338
v -0.123928479114916 0.824237898858344 0.0415622479608046
v 0.0551857815210946 0.759873808479823 -0.0168571633920725
v 0.0532637646207718 0.762452873430821 0.0518663901461504
v 0.0661858364786952 0.400222080868251 -0.0147995461654061
v 0.0499269969401409 0.986805906876607 -0.0457072789642992
v -0.000320233083846082 0.677804569757578 0.107420167254122
v -0.118494827477379 0.899398050076481 -0.0256926753420739
v 0.0702752278386927 0.892515304639135 0.0467645020285504
v -0.117372031705337 0.892082960716234 0.0467426276765302
v -0.197668159202927 0.972032864902917 -0.066725053041505
v 0.131621060360124 0.995168455466965 0.0448511834374534
v 0.0651747697326287 0.468968495723912 0.0315523637759918
v 0.0375241392065925 0.992186782502058 -0.061711328247117
v 0.0345756258415001 0.273961858013137 -0.162964468693403
v -0.131719585726131 1.27988638337891 0.210119654193701
v 0.005220315925515 0.48742578107693 0.0108651025661531
v 0.0668942367305125 0.276048434094822 -0.165161735727684
v -0.0551341394130676 0.681268217327675 0.102780330548962
v 0.156762549941858 0.924829067145441 0.0769353690801034
v -0.0986535867717494 0.473054883350708 -0.0272769736393519
v -0.000893012908609866 0.9931307725175 -0.0676703120911238
v 0.156329361015002 0.942386854472097 0.112802860724186
v 0.00175604793119368 0.818315031810697 0.10372949362281
v 0.0509513463496262 0.270529944600248 -0.159984518322969
v 0.147710715840572 0.946807000129844 0.129996477072939
v -0.049510707270637 0.818213538235679 0.103723372527015
v -0.0873469748340135 0.268189582092436 0.194817441347425
v -0.202329491205671 0.960027423910312 -0.0524538803891537
v -0.116864035243771 0.474449889735485 -0.0161075622580609
v 0.0185894680330586 0.27789573149313 -0.165644842883246
v 0.0824738894954449 0.28105791324467 -0.169415805891198
v 0.0857752197046908 0.316901367133473 -0.202898393410692
v -0.119742116389048 0.267785837351806 0.192906625912983
v -0.055910409628792 0.502570129111308 0.0821131297820071
v -0.180525182246743 0.991840354191652 -0.0935343050800824
v 0.06358851701681 0.331870717591011 -0.215261705950188
v -0.192251007150718 0.985853268150723 -0.0795476705821831
v -0.134377418841254 0.477642132492362 -0.00622142720419869
v 0.147462627642556 0.907634594466035 0.076870600727758
v 0.0872247764230833 0.292801668826697 -0.181592645854627
v 0.138316025160394 0.953211925311275 0.144968455552554
v 0.00715704401008049 0.299305020626454 -0.188208089904456
v 0.0917875900423664 0.304295390913201 -0.192078719994945
v 0.0126945798275285 0.289165933748819 -0.177861590807704
v -0.103581657275805 0.266211300478257 0.199663777193917
v -0.194950881889278 0.943150751862163 -0.0534651670958032
v -0.0715385350257032 0.267162937598531 0.189713447182227
v -0.0906065600770731 0.96314403612456 0.109184397693461
v 0.131704103932676 0.986252819186146 0.0265380186221584
v -0.140322376857022 0.256038812575531 0.135162346398746
v -0.135531686598287 0.266628265882697 0.186669476273951
v -0.140796698884812 0.262586814254137 0.169337891265428
v 0.0798636267542732 0.327457952987546 -0.213427871096156
v -0.173310360033719 1.00575801586502 0.00597588835148007
v 0.0193612424680241 0.989647034390297 -0.0626762331708351
v 0.135813505912053 0.898072088162584 0.0715012949426652
v -0.0661975023867575 0.262748140270352 0.172429067987078
v -0.0611368660300672 0.259201371893972 0.156276828920806
v -0.0665386618434819 0.254827969522322 0.138507990167274
v -0.145813813226809 0.259037728058238 0.152528445551583
v 0.0831998594041818 0.47404180171811 0.0193153717804874
f 1 9 2
f 1 2 11
f 1 3 5
f 1 7 3
f 1 5 9
f 1 11 7
f 2 4 11
f 2 15 4
f 2 9 15
f 3 6 5
f 3 8 6
f 3 7 8
f 4 10 12
f 4 23 10
f 4 12 11
f 4 15 23
f 5 6 17
f 5 31 9
f 5 17 21
f 5 21 31
f 6 8 13
f 6 13 27
f 6 27 17
f 7 19 8
f 7 11 25
f 7 25 19
f 8 28 13
f 8 19 28
f 9 40 15
f 9 31 40
f 10 16 12
f 10 14 16
f 10 29 14
f 10 23 29
f 11 12 35
f 11 32 25
f 11 35 32
f 12 16 37
f 12 37 35
f 13 28 27
f 14 20 16
f 14 18 20
f 14 34 18
f 14 29 34
f 15 40 23
f 16 20 38
f 16 38 37
f 17 42 21
f 17 27 42
f 18 22 20
f 18 26 22
f 18 24 26
f 18 39 24
f 18 34 39
f 19 25 44
f 19 44 28
f 20 22 41
f 20 41 38
f 21 52 31
f 21 42 52
f 22 26 43
f 22 43 41
f 23 45 29
f 23 40 45
f 24 33 26
f 24 30 33
f 24 47 30
f 24 39 47
f 25 32 53
f 25 53 44
f 26 33 43
f 27 28 36
f 27 36 42
f 28 44 36
f 29 49 34
f 29 45 49
f 30 46 33
f 30 61 46
f 30 47 61
f 31 52 40
f 32 35 55
f 32 55 53
f 33 48 43
f 33 46 50
f 33 50 48
f 34 54 39
f 34 49 54
f 35 37 56
f 35 56 55
f 36 51 42
f 36 44 51
f 37 38 57
f 37 57 56
f 38 41 59
f 38 59 57
f 39 58 47
f 39 54 58
f 40 60 45
f 40 52 60
f 41 43 62
f 41 62 59
f 42 51 52
f 43 48 77
f 43 77 62
f 44 65 51
f 44 53 65
f 45 64 49
f 45 60 64
f 46 63 50
f 46 61 106
f 46 106 63
f 47 58 67
f 47 67 61
f 48 50 68
f 48 68 77
f 49 66 54
f 49 64 66
f 50 63 69
f 50 69 68
f 51 65 52
f 52 74 60
f 52 65 74
f 53 55 74
f 53 74 65
f 54 71 58
f 54 66 71
f 55 56 74
f 56 57 80
f 56 80 74
f 57 59 83
f 57 83 80
f 58 126 67
f 58 71 87
f 58 87 126
f 59 62 90
f 59 90 83
f 60 80 64
f 60 74 80
f 61 67 131
f 61 131 106
f 62 77 136
f 62 98 90
f 62 136 98
f 63 72 69
f 63 139 72
f 63 106 139
f 64 83 66
f 64 80 83
f 66 90 71
f 66 83 90
f 67 126 131
f 68 69 150
f 68 162 77
f 68 150 162
f 69 72 111
f 69 111 150
f 70 75 73
f 70 73 76
f 70 79 75
f 70 76 85
f 70 85 79
f 71 98 87
f 71 90 98
f 72 89 111
f 72 155 89
f 72 139 155
f 73 75 78
f 73 81 76
f 73 78 82
f 73 82 81
f 75 94 78
f 75 79 84
f 75 84 92
f 75 92 94
f 76 81 95
f 76 100 85
f 76 95 93
f 76 93 100
f 77 239 136
f 77 162 239
f 78 86 82
f 78 101 86
f 78 94 101
f 79 104 84
f 79 85 109
f 79 109 104
f 81 82 88
f 81 88 102
f 81 102 95
f 82 86 91
f 82 91 88
f 84 99 92
f 84 110 99
f 84 104 110
f 85 100 124
f 85 124 109
f 86 96 91
f 86 112 96
f 86 101 112
f 87 98 136
f 87 136 126
f 88 91 97
f 88 97 113
f 88 113 102
f 89 105 123
f 89 167 105
f 89 123 111
f 89 155 167
f 91 96 107
f 91 108 97
f 91 107 103
f 91 103 108
f 92 115 94
f 92 99 115
f 93 95 116
f 93 116 100
f 94 117 101
f 94 115 117
f 95 102 118
f 95 118 116
f 96 112 107
f 97 108 113
f 99 110 125
f 99 127 115
f 99 125 127
f 100 116 128
f 100 128 124
f 101 129 112
f 101 117 129
f 102 113 130
f 102 130 118
f 103 107 114
f 103 114 108
f 104 109 141
f 104 141 110
f 105 138 123
f 105 180 138
f 105 143 180
f 105 211 143
f 105 167 211
f 106 131 212
f 106 212 139
f 107 112 119
f 107 120 114
f 107 119 133
f 107 133 120
f 108 122 113
f 108 114 121
f 108 121 135
f 108 135 122
f 109 124 241
f 109 218 141
f 109 241 218
f 110 202 125
f 110 141 202
f 111 123 196
f 111 196 150
f 112 132 119
f 112 129 132
f 113 122 145
f 113 134 130
f 113 145 134
f 114 120 140
f 114 137 121
f 114 140 137
f 115 151 117
f 115 127 148
f 115 148 151
f 116 118 153
f 116 149 128
f 116 153 149
f 117 161 129
f 117 151 161
f 118 130 163
f 118 163 153
f 119 132 144
f 119 144 133
f 120 133 152
f 120 152 140
f 121 154 135
f 121 137 142
f 121 142 154
f 122 135 145
f 123 138 225
f 123 225 196
f 124 128 147
f 124 147 182
f 124 182 241
f 125 146 127
f 125 228 146
f 125 202 285
f 125 285 228
f 126 206 131
f 126 136 206
f 127 146 158
f 127 158 148
f 128 160 147
f 128 149 160
f 129 166 132
f 129 161 166
f 130 134 168
f 130 168 163
f 131 206 212
f 132 166 144
f 133 144 157
f 133 157 152
f 134 145 178
f 134 178 168
f 135 159 145
f 135 154 159
f 136 239 206
f 137 140 156
f 137 156 142
f 138 180 306
f 138 250 225
f 138 306 250
f 139 263 155
f 139 212 263
f 140 152 170
f 140 164 156
f 140 170 164
f 141 300 202
f 141 218 312
f 141 312 300
f 142 171 154
f 142 156 165
f 142 165 171
f 143 2143 180
f 143 211 2179
f 143 2161 2143
f 143 2179 2161
f 144 186 157
f 144 166 175
f 144 175 186
f 145 159 189
f 145 189 178
f 146 176 158
f 146 228 176
f 147 160 179
f 147 179 182
f 148 193 151
f 148 158 203
f 148 203 193
f 149 153 194
f 149 194 160
f 150 281 162
f 150 196 281
f 151 209 161
f 151 193 198
f 151 198 209
f 152 157 174
f 152 174 170
f 153 163 199
f 153 199 194
f 154 177 159
f 154 171 177
f 155 291 167
f 155 263 291
f 156 164 169
f 156 169 165
f 157 215 174
f 157 186 215
f 158 176 231
f 158 231 203
f 159 177 220
f 159 220 189
f 160 208 179
f 160 194 208
f 161 209 166
f 162 355 239
f 162 281 355
f 163 168 210
f 163 210 199
f 164 172 169
f 164 170 185
f 164 185 172
f 165 169 173
f 165 187 171
f 165 173 187
f 166 222 175
f 166 209 222
f 167 349 211
f 167 291 311
f 167 311 349
f 168 178 238
f 168 223 210
f 168 238 223
f 169 172 183
f 169 184 173
f 169 183 181
f 169 181 184
f 170 174 191
f 170 191 185
f 171 195 177
f 171 187 195
f 172 185 183
f 173 184 187
f 174 242 191
f 174 215 242
f 175 233 186
f 175 222 233
f 176 228 255
f 176 262 231
f 176 255 262
f 177 195 243
f 177 243 220
f 178 189 238
f 179 232 182
f 179 208 240
f 179 240 232
f 180 2168 306
f 180 2143 2170
f 180 2170 2168
f 181 183 188
f 181 188 184
f 182 232 264
f 182 264 241
f 183 185 200
f 183 190 188
f 183 216 190
f 183 200 216
f 184 201 187
f 184 188 192
f 184 192 217
f 184 217 201
f 185 191 219
f 185 219 200
f 186 249 215
f 186 233 249
f 187 221 195
f 187 201 237
f 187 237 221
f 188 190 197
f 188 197 192
f 189 220 252
f 189 252 238
f 190 204 197
f 190 227 204
f 190 216 227
f 191 259 219
f 191 242 259
f 192 197 205
f 192 205 226
f 192 226 217
f 193 275 198
f 193 203 276
f 193 271 275
f 193 276 271
f 194 199 274
f 194 270 208
f 194 274 270
f 195 221 261
f 195 261 243
f 196 225 331
f 196 331 281
f 197 204 207
f 197 207 205
f 198 277 209
f 198 275 277
f 199 210 279
f 199 279 274
f 200 234 216
f 200 219 234
f 201 217 237
f 202 363 285
f 202 300 363
f 203 231 294
f 203 294 276
f 204 214 207
f 204 236 214
f 204 227 236
f 205 207 213
f 205 213 235
f 205 235 226
f 206 320 212
f 206 239 320
f 207 229 213
f 207 214 224
f 207 224 229
f 208 278 240
f 208 270 278
f 209 286 222
f 209 277 286
f 210 223 288
f 210 288 279
f 211 442 317
f 211 317 2179
f 211 349 442
f 212 320 263
f 213 229 246
f 213 246 235
f 214 230 224
f 214 236 230
f 215 268 242
f 215 249 268
f 216 244 227
f 216 234 244
f 217 226 247
f 217 247 237
f 218 241 312
f 219 259 234
f 220 243 272
f 220 272 252
f 221 237 261
f 222 286 233
f 223 238 301
f 223 301 288
f 224 256 229
f 224 230 251
f 224 251 256
f 225 250 361
f 225 361 331
f 226 235 254
f 226 254 247
f 227 253 236
f 227 244 253
f 228 284 255
f 228 285 284
f 229 265 246
f 229 256 265
f 230 236 248
f 230 248 257
f 230 257 251
f 231 262 316
f 231 316 294
f 232 240 283
f 232 303 264
f 232 283 303
f 233 310 249
f 233 286 299
f 233 299 310
f 234 280 244
f 234 259 280
f 235 246 260
f 235 260 254
f 236 258 248
f 236 253 258
f 237 247 282
f 237 273 261
f 237 282 273
f 238 252 313
f 238 313 301
f 239 355 320
f 240 278 302
f 240 302 283
f 241 264 348
f 241 399 312
f 241 348 399
f 242 290 259
f 242 268 290
f 243 261 293
f 243 293 272
f 244 287 253
f 244 280 287
f 245 297 2143
f 245 2187 297
f 245 317 475
f 245 2161 317
f 245 475 2187
f 245 2143 2161
f 246 269 260
f 246 265 269
f 247 254 289
f 247 289 282
f 248 266 257
f 248 258 267
f 248 267 266
f 249 324 268
f 249 310 324
f 250 306 423
f 250 375 361
f 250 423 375
f 251 379 256
f 251 257 503
f 251 503 379
f 252 272 325
f 252 325 313
f 253 296 258
f 253 287 296
f 254 260 298
f 254 298 289
f 255 344 262
f 255 284 333
f 255 333 372
f 255 372 344
f 256 379 265
f 257 266 305
f 257 305 343
f 257 343 503
f 258 296 267
f 259 314 280
f 259 290 308
f 259 308 314
f 260 269 298
f 261 273 315
f 261 309 293
f 261 315 309
f 262 344 316
f 263 370 291
f 263 320 370
f 264 303 348
f 265 295 269
f 265 379 295
f 266 267 292
f 266 292 305
f 267 304 292
f 267 296 304
f 268 339 290
f 268 324 339
f 269 295 307
f 269 307 298
f 270 274 335
f 270 335 278
f 271 332 275
f 271 276 342
f 271 342 332
f 272 293 341
f 272 341 325
f 273 282 315
f 274 279 338
f 274 338 335
f 275 337 277
f 275 332 337
f 276 294 358
f 276 358 342
f 277 345 286
f 277 337 345
f 278 346 302
f 278 335 346
f 279 288 347
f 279 347 338
f 280 321 287
f 280 314 321
f 281 331 400
f 281 400 355
f 282 289 322
f 282 322 315
f 283 302 330
f 283 334 303
f 283 330 334
f 284 285 350
f 284 350 333
f 285 363 350
f 286 351 299
f 286 345 351
f 287 326 296
f 287 321 326
f 288 301 362
f 288 353 347
f 288 362 353
f 289 298 327
f 289 327 322
f 290 354 308
f 290 339 354
f 291 389 311
f 291 370 389
f 292 304 319
f 292 318 305
f 292 319 318
f 293 309 356
f 293 356 341
f 294 316 376
f 294 376 358
f 295 323 307
f 295 379 323
f 296 336 304
f 296 326 328
f 296 328 336
f 297 603 385
f 297 385 2168
f 297 394 470
f 297 2187 394
f 297 470 603
f 297 2170 2143
f 297 2168 2170
f 298 307 329
f 298 329 327
f 299 359 310
f 299 351 359
f 300 312 2148
f 300 786 363
f 300 2148 786
f 301 313 362
f 302 365 330
f 302 346 365
f 303 334 348
f 304 357 319
f 304 336 357
f 305 318 343
f 306 385 572
f 306 2168 385
f 306 572 423
f 307 323 340
f 307 340 329
f 308 354 314
f 309 315 356
f 310 369 324
f 310 359 369
f 311 487 349
f 311 389 408
f 311 408 487
f 312 399 536
f 312 536 2148
f 313 325 371
f 313 371 362
f 314 367 321
f 314 354 364
f 314 364 367
f 315 322 368
f 315 366 356
f 315 368 366
f 316 344 376
f 317 442 2026
f 317 2029 475
f 317 2026 2029
f 317 2161 2179
f 318 319 352
f 318 352 343
f 319 387 352
f 319 357 387
f 320 355 370
f 321 373 326
f 321 367 373
f 322 327 374
f 322 374 368
f 323 360 340
f 323 494 360
f 323 379 494
f 324 381 339
f 324 369 381
f 325 341 383
f 325 383 371
f 326 377 328
f 326 373 377
f 327 329 378
f 327 378 374
f 328 382 336
f 328 377 382
f 329 340 378
f 330 380 334
f 330 365 386
f 330 386 380
f 331 361 453
f 331 453 400
f 332 409 337
f 332 342 412
f 332 405 409
f 332 412 405
f 333 350 411
f 333 608 372
f 333 411 608
f 334 397 348
f 334 380 397
f 335 338 406
f 335 404 346
f 335 406 404
f 336 390 357
f 336 382 390
f 337 417 345
f 337 409 417
f 338 347 418
f 338 418 406
f 339 391 354
f 339 381 391
f 340 360 384
f 340 384 378
f 341 356 393
f 341 393 383
f 342 358 432
f 342 432 412
f 343 352 388
f 343 388 503
f 344 372 569
f 344 502 376
f 344 569 502
f 345 426 351
f 345 417 426
f 346 413 365
f 346 404 413
f 347 353 427
f 347 427 418
f 348 397 480
f 348 573 399
f 348 480 573
f 349 622 442
f 349 487 622
f 350 363 411
f 351 426 359
f 352 387 388
f 353 362 439
f 353 439 427
f 354 415 364
f 354 391 401
f 354 401 415
f 355 400 370
f 356 366 416
f 356 403 393
f 356 416 403
f 357 390 387
f 358 376 473
f 358 473 432
f 359 466 369
f 359 426 436
f 359 436 466
f 360 398 384
f 360 498 398
f 360 494 498
f 361 375 485
f 361 485 453
f 362 371 468
f 362 468 439
f 363 764 411
f 363 786 764
f 364 415 367
f 365 435 386
f 365 413 435
f 366 368 416
f 367 422 373
f 367 415 422
f 368 374 425
f 368 425 416
f 369 482 381
f 369 466 482
f 370 400 389
f 371 383 483
f 371 483 468
f 372 608 569
f 373 433 377
f 373 422 433
f 374 378 434
f 374 434 425
f 375 423 575
f 375 575 485
f 376 502 473
f 377 460 382
f 377 433 444
f 377 444 460
f 378 384 446
f 378 446 434
f 379 503 494
f 380 386 419
f 380 456 397
f 380 419 456
f 381 496 391
f 381 482 496
f 382 476 390
f 382 460 476
f 383 393 497
f 383 497 483
f 384 398 465
f 384 465 446
f 385 2079 572
f 385 603 2110
f 385 2025 2079
f 385 2110 2025
f 386 479 419
f 386 435 479
f 387 469 388
f 387 390 476
f 387 635 469
f 387 476 579
f 387 579 779
f 387 779 635
f 388 469 481
f 388 481 503
f 389 400 453
f 389 453 408
f 391 504 401
f 391 496 504
f 392 395 407
f 392 429 395
f 392 407 402
f 392 402 443
f 392 424 429
f 392 443 424
f 393 403 507
f 393 507 497
f 394 514 470
f 394 475 598
f 394 2187 475
f 394 598 514
f 395 396 410
f 395 431 396
f 395 410 407
f 395 429 431
f 396 414 410
f 396 471 414
f 396 431 492
f 396 492 471
f 397 456 506
f 397 506 480
f 398 484 465
f 398 498 484
f 399 573 536
f 401 504 415
f 402 407 430
f 402 430 472
f 402 488 443
f 402 472 488
f 403 416 507
f 404 406 553
f 404 558 413
f 404 553 558
f 405 557 409
f 405 412 564
f 405 564 557
f 406 418 556
f 406 556 553
f 407 410 420
f 407 420 430
f 408 453 485
f 408 485 487
f 409 560 417
f 409 557 560
f 410 414 421
f 410 421 420
f 411 799 608
f 411 764 826
f 411 826 799
f 412 432 581
f 412 581 564
f 413 577 435
f 413 558 577
f 414 428 421
f 414 490 428
f 414 471 490
f 415 539 422
f 415 504 525
f 415 525 539
f 416 425 540
f 416 526 507
f 416 540 526
f 417 568 426
f 417 560 568
f 418 427 567
f 418 567 556
f 419 495 456
f 419 479 500
f 419 500 495
f 420 421 452
f 420 450 430
f 420 454 450
f 420 452 454
f 421 428 449
f 421 449 452
f 422 546 433
f 422 539 546
f 423 572 662
f 423 662 575
f 424 615 429
f 424 443 617
f 424 617 615
f 425 434 547
f 425 547 540
f 426 576 436
f 426 568 576
f 427 439 584
f 427 571 567
f 427 584 571
f 428 499 449
f 428 490 499
f 429 624 431
f 429 615 620
f 429 620 624
f 430 450 491
f 430 491 472
f 431 632 492
f 431 624 632
f 432 473 600
f 432 600 581
f 433 551 444
f 433 546 551
f 434 446 552
f 434 552 547
f 435 590 479
f 435 577 590
f 436 585 466
f 436 576 585
f 437 513 438
f 437 438 516
f 437 440 509
f 437 516 440
f 437 509 510
f 437 510 513
f 438 445 517
f 438 524 445
f 438 513 524
f 438 517 516
f 439 468 584
f 440 448 512
f 440 519 448
f 440 512 509
f 440 516 519
f 441 544 447
f 441 447 554
f 441 478 549
f 441 559 478
f 441 549 544
f 441 554 559
f 442 622 2040
f 442 2027 2026
f 442 2028 2027
f 442 2040 2028
f 443 488 617
f 444 561 460
f 444 551 561
f 445 451 522
f 445 537 451
f 445 522 517
f 445 524 537
f 446 465 552
f 447 542 457
f 447 457 550
f 447 544 542
f 447 550 554
f 448 2184 512
f 448 519 523
f 448 523 2183
f 448 2183 2193
f 448 2185 2184
f 448 2193 2185
f 449 477 452
f 449 467 477
f 449 489 467
f 449 499 489
f 450 454 474
f 450 474 501
f 450 501 491
f 451 455 528
f 451 545 455
f 451 528 522
f 451 537 545
f 452 486 454
f 452 477 486
f 454 493 474
f 454 486 493
f 455 458 533
f 455 548 458
f 455 2171 528
f 455 533 2171
f 455 545 548
f 456 495 566
f 456 566 506
f 457 538 458
f 457 458 550
f 457 542 538
f 458 538 533
f 458 548 550
f 459 461 520
f 459 527 461
f 459 520 515
f 459 515 2185
f 459 2183 527
f 459 2193 2183
f 459 2185 2193
f 460 579 476
f 460 561 579
f 461 464 521
f 461 531 464
f 461 521 520
f 461 527 531
f 462 511 463
f 462 463 534
f 462 467 489
f 462 532 467
f 462 489 511
f 462 534 532
f 463 518 464
f 463 464 535
f 463 511 518
f 463 535 534
f 464 518 521
f 464 531 535
f 465 484 563
f 465 563 552
f 466 592 482
f 466 585 592
f 467 541 477
f 467 532 541
f 468 483 593
f 468 593 584
f 469 583 481
f 469 635 583
f 470 514 591
f 470 591 683
f 470 683 603
f 471 2047 490
f 471 492 632
f 471 632 655
f 471 655 2047
f 472 562 488
f 472 491 565
f 472 565 562
f 473 502 600
f 474 493 505
f 474 529 501
f 474 505 529
f 475 697 598
f 475 2099 697
f 475 2029 2019
f 475 2019 2099
f 477 555 486
f 477 541 555
f 478 594 508
f 478 508 609
f 478 588 549
f 478 559 594
f 478 609 588
f 479 606 500
f 479 590 606
f 480 506 602
f 480 602 573
f 481 583 503
f 482 604 496
f 482 592 604
f 483 497 605
f 483 605 593
f 484 498 599
f 484 582 563
f 484 599 582
f 485 575 487
f 486 574 493
f 486 555 574
f 487 575 622
f 488 562 640
f 488 626 617
f 488 640 626
f 489 499 704
f 489 704 511
f 490 681 499
f 490 2047 681
f 491 501 589
f 491 589 565
f 493 587 505
f 493 574 587
f 494 775 498
f 494 503 775
f 495 500 543
f 495 543 596
f 495 596 566
f 496 619 504
f 496 604 619
f 497 507 621
f 497 621 605
f 498 614 599
f 498 775 614
f 499 681 700
f 499 700 704
f 500 610 543
f 500 606 610
f 501 529 601
f 501 601 589
f 502 569 772
f 502 745 600
f 502 772 745
f 503 583 737
f 503 737 775
f 504 637 525
f 504 619 628
f 504 628 637
f 505 570 529
f 505 2071 570
f 505 587 595
f 505 595 616
f 505 616 2071
f 506 566 634
f 506 634 602
f 507 526 638
f 507 630 621
f 507 638 630
f 508 594 613
f 508 2132 609
f 508 613 2078
f 508 2078 629
f 508 629 2132
f 509 726 510
f 509 512 724
f 509 724 726
f 510 727 513
f 510 726 727
f 511 706 518
f 511 704 706
f 512 2166 724
f 512 2184 2166
f 513 732 524
f 513 727 732
f 514 598 580
f 514 580 625
f 514 625 591
f 515 520 716
f 515 716 720
f 515 720 2166
f 515 2166 2184
f 515 2184 2185
f 516 517 729
f 516 729 519
f 517 522 733
f 517 733 729
f 518 710 521
f 518 706 710
f 519 728 523
f 519 729 728
f 520 521 712
f 520 712 716
f 521 710 712
f 522 528 738
f 522 738 733
f 523 725 527
f 523 527 2183
f 523 728 725
f 524 757 537
f 524 732 740
f 524 740 757
f 525 637 539
f 526 540 638
f 527 722 531
f 527 725 722
f 528 748 738
f 528 2162 748
f 528 2171 2162
f 529 570 612
f 529 612 601
f 530 578 2131
f 530 2134 578
f 530 2133 618
f 530 618 2134
f 530 2130 629
f 530 629 2133
f 530 781 2130
f 530 2131 781
f 531 718 535
f 531 722 718
f 532 534 711
f 532 709 541
f 532 711 709
f 533 538 761
f 533 761 2153
f 533 2153 2162
f 533 2162 2171
f 534 535 714
f 534 714 711
f 535 718 714
f 536 573 664
f 536 664 845
f 536 845 814
f 536 814 2148
f 537 765 545
f 537 757 765
f 538 542 763
f 538 763 761
f 539 644 546
f 539 637 644
f 540 547 645
f 540 645 638
f 541 705 555
f 541 709 705
f 542 544 769
f 542 769 763
f 543 610 596
f 544 549 788
f 544 788 769
f 545 771 548
f 545 765 771
f 546 648 551
f 546 644 648
f 547 552 647
f 547 647 645
f 548 771 550
f 549 588 809
f 549 809 788
f 550 778 554
f 550 771 778
f 551 654 561
f 551 648 650
f 551 650 654
f 552 563 653
f 552 649 647
f 552 653 649
f 553 556 666
f 553 667 558
f 553 666 665
f 553 665 667
f 554 796 559
f 554 778 796
f 555 698 574
f 555 705 698
f 556 567 671
f 556 671 666
f 557 677 560
f 557 564 680
f 557 674 677
f 557 680 674
f 558 676 577
f 558 667 676
f 559 816 594
f 559 796 816
f 560 682 568
f 560 677 682
f 561 659 579
f 561 654 659
f 562 565 2069
f 562 2069 640
f 563 582 658
f 563 658 653
f 564 581 693
f 564 693 680
f 565 589 656
f 565 656 2069
f 566 596 657
f 566 657 634
f 567 571 684
f 567 684 671
f 568 690 576
f 568 682 690
f 569 608 799
f 569 799 772
f 570 627 612
f 570 646 627
f 570 2071 646
f 571 584 691
f 571 691 684
f 572 2115 662
f 572 2079 2080
f 572 2080 2081
f 572 2081 2114
f 572 2114 2115
f 573 602 664
f 574 685 587
f 574 698 685
f 575 662 622
f 576 690 585
f 577 686 590
f 577 676 686
f 578 623 2140
f 578 2142 623
f 578 652 2131
f 578 2140 652
f 578 2134 660
f 578 660 2142
f 579 659 779
f 580 586 631
f 580 641 586
f 580 598 641
f 580 631 625
f 581 600 715
f 581 715 693
f 582 599 658
f 583 635 737
f 584 593 699
f 584 699 691
f 585 702 592
f 585 690 695
f 585 695 702
f 586 611 642
f 586 651 611
f 586 642 631
f 586 641 651
f 587 672 595
f 587 685 672
f 588 609 818
f 588 818 809
f 589 601 668
f 589 668 656
f 590 696 606
f 590 686 696
f 591 625 703
f 591 703 683
f 592 708 604
f 592 702 708
f 593 605 707
f 593 707 699
f 594 824 613
f 594 816 824
f 595 670 616
f 595 669 670
f 595 672 669
f 596 610 673
f 596 673 657
f 597 603 683
f 597 2060 603
f 597 683 2063
f 597 2064 2060
f 597 2063 2064
f 598 636 641
f 598 697 636
f 599 614 758
f 599 756 658
f 599 758 756
f 600 745 715
f 601 612 687
f 601 687 668
f 602 634 701
f 602 701 664
f 603 2060 2059
f 603 2059 2108
f 603 2108 2110
f 604 708 619
f 605 621 723
f 605 723 707
f 606 694 610
f 606 696 694
f 607 633 697
f 607 2092 633
f 607 697 2100
f 607 2085 2084
f 607 2084 2106
f 607 2100 2085
f 607 2106 2092
f 609 734 856
f 609 2132 734
f 609 856 818
f 610 694 673
f 611 689 642
f 611 651 719
f 611 961 689
f 611 719 961
f 612 627 692
f 612 692 687
f 613 851 678
f 613 678 2078
f 613 824 851
f 614 876 758
f 614 775 876
f 615 617 783
f 615 783 620
f 616 679 646
f 616 646 2071
f 616 670 679
f 617 626 776
f 617 776 783
f 618 833 660
f 618 660 2134
f 618 678 820
f 618 2133 678
f 618 820 833
f 619 730 628
f 619 708 730
f 620 784 624
f 620 783 784
f 621 630 731
f 621 731 723
f 622 662 2053
f 622 2018 2040
f 622 2053 2018
f 623 643 639
f 623 639 2073
f 623 661 643
f 623 2142 661
f 623 2073 663
f 623 663 2140
f 624 785 632
f 624 784 785
f 625 631 721
f 625 721 703
f 626 640 755
f 626 755 776
f 627 646 688
f 627 688 692
f 628 730 637
f 629 2078 678
f 629 678 2133
f 629 2130 734
f 629 734 2132
f 630 638 731
f 631 642 766
f 631 766 721
f 632 762 655
f 632 785 762
f 633 2100 697
f 633 2084 2087
f 633 2106 2084
f 633 2087 2100
f 633 2092 2106
f 634 657 735
f 634 735 701
f 635 779 737
f 636 651 641
f 636 643 651
f 636 2020 643
f 636 697 2099
f 636 2019 2020
f 636 2099 2019
f 637 742 644
f 637 730 742
f 638 645 741
f 638 739 731
f 638 741 739
f 639 643 2020
f 639 2040 2018
f 639 2018 2073
f 639 2020 2019
f 639 2019 2030
f 639 2027 2028
f 639 2030 2027
f 639 2028 2040
f 640 717 755
f 640 2070 717
f 640 2069 2070
f 642 689 675
f 642 675 780
f 642 780 766
f 643 719 651
f 643 661 719
f 644 744 648
f 644 742 744
f 645 647 743
f 645 743 741
f 646 679 688
f 647 649 746
f 647 746 743
f 648 747 650
f 648 744 747
f 649 653 749
f 649 749 746
f 650 750 654
f 650 747 750
f 652 663 857
f 652 2140 663
f 652 849 781
f 652 781 2131
f 652 857 849
f 653 658 751
f 653 751 749
f 654 759 659
f 654 750 759
f 655 817 681
f 655 681 2047
f 655 762 817
f 656 668 752
f 656 752 717
f 656 717 2070
f 656 2070 2069
f 657 673 735
f 658 756 751
f 659 759 1029
f 659 1029 779
f 660 886 661
f 660 661 2142
f 660 833 871
f 660 871 886
f 661 2181 719
f 661 886 2181
f 662 2113 2053
f 662 2111 2112
f 662 2115 2111
f 662 2112 2113
f 663 884 857
f 663 2113 884
f 663 2018 2053
f 663 2073 2018
f 663 2053 2113
f 664 701 793
f 664 793 974
f 664 974 845
f 665 666 789
f 665 790 667
f 665 789 790
f 666 671 792
f 666 792 789
f 667 794 676
f 667 790 794
f 668 687 768
f 668 768 752
f 669 770 670
f 669 672 770
f 670 753 679
f 670 770 753
f 671 684 797
f 671 797 792
f 672 685 782
f 672 782 770
f 673 694 774
f 673 774 735
f 674 803 677
f 674 680 803
f 675 689 754
f 675 754 853
f 675 853 780
f 676 795 686
f 676 794 795
f 677 804 682
f 677 803 804
f 678 851 820
f 679 736 688
f 679 753 736
f 680 693 806
f 680 806 803
f 681 854 700
f 681 817 854
f 682 807 690
f 682 804 807
f 683 703 2042
f 683 2042 2063
f 684 691 798
f 684 800 797
f 684 798 800
f 685 698 802
f 685 802 782
f 686 791 696
f 686 795 791
f 687 692 773
f 687 777 768
f 687 773 777
f 688 760 692
f 688 736 760
f 689 767 754
f 689 976 767
f 689 961 976
f 690 808 695
f 690 807 808
f 691 699 798
f 692 760 773
f 693 715 813
f 693 813 806
f 694 696 787
f 694 787 774
f 695 810 702
f 695 808 810
f 696 791 787
f 698 705 838
f 698 838 802
f 699 707 801
f 699 801 798
f 700 863 704
f 700 854 863
f 701 735 793
f 702 815 708
f 702 810 815
f 703 721 2042
f 704 870 706
f 704 863 885
f 704 885 870
f 705 709 859
f 705 859 838
f 706 874 710
f 706 870 874
f 707 723 812
f 707 812 801
f 708 823 730
f 708 815 819
f 708 819 823
f 709 711 866
f 709 866 859
f 710 875 712
f 710 874 875
f 711 714 867
f 711 867 866
f 712 878 716
f 712 875 878
f 713 978 900
f 713 900 2126
f 713 2046 978
f 713 2045 2046
f 713 2083 2045
f 713 2081 2080
f 713 2080 2083
f 713 2114 2081
f 713 2111 2115
f 713 2126 2111
f 713 2115 2114
f 714 718 868
f 714 868 867
f 715 745 825
f 715 825 813
f 716 883 720
f 716 878 883
f 717 752 811
f 717 811 755
f 718 722 873
f 718 873 868
f 719 911 961
f 719 2181 911
f 720 883 2160
f 720 2160 2178
f 720 2178 2166
f 721 766 2109
f 721 2041 2042
f 721 2107 2041
f 721 2109 2107
f 722 725 880
f 722 880 873
f 723 731 821
f 723 821 812
f 724 895 726
f 724 892 895
f 724 2160 892
f 724 2178 2160
f 724 2166 2178
f 725 728 891
f 725 891 880
f 726 899 727
f 726 895 899
f 727 899 732
f 728 729 896
f 728 896 891
f 729 733 907
f 729 902 896
f 729 907 902
f 730 832 742
f 730 823 828
f 730 828 832
f 731 739 831
f 731 827 821
f 731 831 827
f 732 908 740
f 732 899 908
f 733 738 919
f 733 919 907
f 734 781 829
f 734 2130 781
f 734 829 856
f 735 774 822
f 735 822 793
f 736 753 2065
f 736 805 760
f 736 2065 805
f 737 956 775
f 737 779 967
f 737 967 956
f 738 748 2074
f 738 2074 919
f 739 741 831
f 740 923 757
f 740 908 923
f 741 743 834
f 741 834 831
f 742 835 744
f 742 832 835
f 743 746 836
f 743 836 834
f 744 837 747
f 744 835 837
f 745 772 973
f 745 973 825
f 746 749 842
f 746 840 836
f 746 842 840
f 747 841 750
f 747 837 841
f 748 975 962
f 748 962 2074
f 748 2153 975
f 748 2162 2153
f 749 751 839
f 749 839 842
f 750 843 759
f 750 841 843
f 751 756 839
f 752 768 811
f 753 770 847
f 753 847 2065
f 754 767 850
f 754 850 864
f 754 905 853
f 754 864 905
f 755 855 776
f 755 811 855
f 756 758 830
f 756 830 921
f 756 921 839
f 757 966 765
f 757 923 966
f 758 876 830
f 759 843 848
f 759 848 1029
f 760 805 773
f 761 763 982
f 761 982 975
f 761 975 2153
f 762 785 865
f 762 865 817
f 763 769 990
f 763 990 982
f 764 786 2016
f 764 2016 826
f 765 979 771
f 765 966 979
f 766 780 970
f 766 970 978
f 766 978 2046
f 766 2046 2109
f 767 988 850
f 767 976 988
f 768 777 844
f 768 844 811
f 769 788 990
f 770 782 847
f 771 987 778
f 771 979 987
f 772 799 985
f 772 985 973
f 773 846 777
f 773 805 846
f 774 787 861
f 774 861 822
f 775 995 876
f 775 956 995
f 776 860 783
f 776 855 860
f 777 852 844
f 777 846 852
f 778 994 796
f 778 987 994
f 779 929 967
f 779 1029 929
f 780 853 989
f 780 989 970
f 781 849 829
f 782 802 858
f 782 858 847
f 783 860 784
f 784 862 785
f 784 860 862
f 785 862 865
f 786 814 872
f 786 2148 814
f 786 872 2016
f 787 791 879
f 787 879 861
f 788 809 1005
f 788 1005 990
f 789 912 790
f 789 792 914
f 789 913 912
f 789 914 913
f 790 909 794
f 790 912 909
f 791 795 887
f 791 887 879
f 792 797 916
f 792 916 914
f 793 822 991
f 793 991 974
f 794 901 795
f 794 909 901
f 795 901 887
f 796 1011 816
f 796 994 1011
f 797 800 917
f 797 917 916
f 798 898 800
f 798 801 903
f 798 903 898
f 799 826 996
f 799 996 985
f 800 898 917
f 801 812 882
f 801 882 903
f 802 838 869
f 802 869 858
f 803 928 804
f 803 806 927
f 803 927 928
f 804 931 807
f 804 928 931
f 805 847 846
f 805 2065 847
f 806 813 933
f 806 933 927
f 807 932 808
f 807 931 932
f 808 932 810
f 809 818 1097
f 809 1096 1005
f 809 1097 1096
f 810 938 815
f 810 932 935
f 810 935 938
f 811 844 877
f 811 877 855
f 812 821 882
f 813 825 957
f 813 957 933
f 814 845 997
f 814 997 872
f 815 939 819
f 815 938 939
f 816 1108 824
f 816 1011 1107
f 816 1107 1108
f 817 894 854
f 817 865 894
f 818 856 1097
f 819 941 823
f 819 939 941
f 820 2088 833
f 820 851 2151
f 820 1073 2088
f 820 2151 1073
f 821 827 930
f 821 930 882
f 822 861 1028
f 822 999 991
f 822 1028 999
f 823 942 828
f 823 941 942
f 824 1108 851
f 825 965 957
f 825 973 965
f 826 968 1062
f 826 2016 968
f 826 1062 996
f 827 831 936
f 827 936 930
f 828 942 832
f 829 849 1083
f 829 1100 856
f 829 1083 1100
f 830 876 1058
f 830 1058 921
f 831 834 946
f 831 943 936
f 831 946 943
f 832 948 835
f 832 942 945
f 832 945 948
f 833 2159 871
f 833 2088 1113
f 833 1113 2159
f 834 836 947
f 834 947 946
f 835 950 837
f 835 948 950
f 836 840 949
f 836 949 947
f 837 952 841
f 837 950 952
f 838 859 888
f 838 888 869
f 839 937 842
f 839 921 937
f 840 842 944
f 840 944 949
f 841 952 843
f 842 937 944
f 843 955 848
f 843 952 955
f 844 852 877
f 845 974 1008
f 845 1008 997
f 846 847 881
f 846 881 852
f 847 858 881
f 848 955 959
f 848 959 1029
f 849 857 1081
f 849 1081 1083
f 850 904 864
f 850 1002 904
f 850 988 1002
f 851 1108 1106
f 851 1106 2151
f 852 890 877
f 852 881 890
f 853 905 1003
f 853 1003 989
f 854 926 863
f 854 894 926
f 855 889 860
f 855 877 889
f 856 1100 1097
f 857 884 1078
f 857 1078 1081
f 858 869 906
f 858 906 881
f 859 866 925
f 859 925 888
f 860 889 862
f 861 879 980
f 861 980 1028
f 862 893 865
f 862 889 893
f 863 924 885
f 863 926 924
f 864 904 920
f 864 972 905
f 864 920 972
f 865 893 894
f 866 867 951
f 866 951 925
f 867 868 954
f 867 954 951
f 868 873 958
f 868 958 954
f 869 888 915
f 869 915 906
f 870 954 874
f 870 885 951
f 870 951 954
f 871 2123 886
f 871 1119 2123
f 871 2159 1119
f 872 1056 968
f 872 968 2016
f 872 997 1056
f 873 880 963
f 873 963 958
f 874 958 875
f 874 954 958
f 875 963 878
f 875 958 963
f 876 995 1027
f 876 1027 1058
f 877 890 889
f 878 971 883
f 878 963 971
f 879 887 993
f 879 993 980
f 880 891 2192
f 880 971 963
f 880 2192 971
f 881 906 890
f 882 953 903
f 882 910 953
f 882 969 910
f 882 930 969
f 883 971 2190
f 883 2180 2160
f 883 2190 2180
f 884 900 1099
f 884 2126 900
f 884 1099 1078
f 884 2113 2111
f 884 2111 2126
f 885 924 925
f 885 925 951
f 886 2122 911
f 886 911 2181
f 886 1128 2122
f 886 2123 1128
f 887 901 1000
f 887 1000 993
f 888 924 915
f 888 925 924
f 889 890 918
f 889 918 893
f 890 906 918
f 891 896 977
f 891 977 2191
f 891 2191 2192
f 892 981 895
f 892 977 981
f 892 2180 977
f 892 2160 2180
f 893 922 894
f 893 918 922
f 894 922 926
f 895 984 899
f 895 981 984
f 896 902 981
f 896 981 977
f 897 953 910
f 897 910 964
f 897 940 953
f 897 960 940
f 897 2075 960
f 897 964 2075
f 898 903 1009
f 898 1009 917
f 899 984 908
f 900 978 1127
f 900 1127 1099
f 901 909 1006
f 901 1006 1000
f 902 907 986
f 902 984 981
f 902 986 984
f 903 953 1007
f 903 1007 1009
f 904 960 920
f 904 934 960
f 904 1041 934
f 904 1002 1041
f 905 972 1052
f 905 1052 1003
f 906 915 918
f 907 919 992
f 907 992 986
f 908 986 923
f 908 984 986
f 909 912 1023
f 909 1023 1006
f 910 969 964
f 911 1136 961
f 911 2122 1136
f 912 913 1032
f 912 1032 1023
f 913 914 1034
f 913 1034 1032
f 914 916 1033
f 914 1033 1034
f 915 922 918
f 915 924 922
f 916 917 1031
f 916 1031 1033
f 917 1009 1026
f 917 1026 1031
f 919 998 992
f 919 2082 998
f 919 2074 2082
f 920 960 983
f 920 983 972
f 921 1001 937
f 921 1058 1001
f 922 924 926
f 923 992 966
f 923 986 992
f 927 1044 928
f 927 933 1044
f 928 1043 931
f 928 1044 1043
f 929 1057 967
f 929 1029 1057
f 930 936 1025
f 930 1051 969
f 930 1025 1051
f 931 1042 932
f 931 1043 1042
f 932 1040 935
f 932 1042 1040
f 933 957 1046
f 933 1046 1044
f 934 940 960
f 934 1045 940
f 934 1041 1047
f 934 1047 1045
f 935 1038 938
f 935 1040 1038
f 936 943 1021
f 936 1021 1024
f 936 1024 1025
f 937 1004 944
f 937 1001 1004
f 938 1037 939
f 938 1038 1037
f 939 1035 941
f 939 1037 1035
f 940 1039 953
f 940 1045 1039
f 941 1030 942
f 941 1035 1030
f 942 1022 945
f 942 1030 1022
f 943 946 1021
f 944 1010 949
f 944 1004 1010
f 945 1022 948
f 946 947 1019
f 946 1019 1021
f 947 949 1015
f 947 1015 1019
f 948 1020 950
f 948 1022 1020
f 949 1010 1012
f 949 1012 1015
f 950 1017 952
f 950 1020 1017
f 952 1014 955
f 952 1017 1014
f 953 1039 1007
f 955 1013 959
f 955 1014 1013
f 956 967 1118
f 956 1094 995
f 956 1118 1094
f 957 965 1048
f 957 1048 1046
f 959 1013 1018
f 959 1018 1029
f 960 2075 983
f 961 1130 976
f 961 1136 1130
f 962 975 1016
f 962 1016 998
f 962 998 2082
f 962 2082 2074
f 964 969 1053
f 964 1055 983
f 964 983 2075
f 964 1053 1055
f 965 973 1050
f 965 1050 1048
f 966 2167 979
f 966 992 998
f 966 998 2167
f 967 1057 1118
f 968 1056 1228
f 968 1206 1062
f 968 1228 1206
f 969 1051 1053
f 970 1120 978
f 970 989 1122
f 970 1122 1120
f 971 2191 2190
f 971 2192 2191
f 972 983 1052
f 973 985 1109
f 973 1109 1050
f 974 991 1087
f 974 1087 1008
f 975 982 1036
f 975 1036 1016
f 976 1138 988
f 976 1130 1138
f 977 2180 2190
f 977 2190 2191
f 978 1120 1127
f 979 1016 987
f 979 2167 1016
f 980 993 1054
f 980 1054 1028
f 982 990 1049
f 982 1049 1036
f 983 1055 1052
f 985 996 1213
f 985 1213 1109
f 987 1036 994
f 987 1016 1036
f 988 1117 1002
f 988 1138 1117
f 989 1003 1123
f 989 1123 1122
f 990 1005 1060
f 990 1060 1049
f 991 999 2024
f 991 2024 1087
f 993 1000 1064
f 993 1059 1054
f 993 1064 1059
f 994 1049 1011
f 994 1036 1049
f 995 1139 1027
f 995 1094 1263
f 995 1263 1139
f 996 1062 1176
f 996 1176 1213
f 997 1008 1142
f 997 1142 1056
f 998 1016 2167
f 999 1028 1145
f 999 1145 2024
f 1000 1006 1064
f 1001 1061 1004
f 1001 1058 1061
f 1002 1115 1041
f 1002 1117 1115
f 1003 1052 1125
f 1003 1125 1123
f 1004 1063 1010
f 1004 1061 1063
f 1005 1101 1060
f 1005 1096 1101
f 1006 1023 1082
f 1006 1082 1064
f 1007 1089 1009
f 1007 1039 1093
f 1007 1093 1089
f 1008 1087 1066
f 1008 1066 1142
f 1009 1089 1026
f 1010 1067 1012
f 1010 1063 1067
f 1011 1049 1060
f 1011 1060 1101
f 1011 1101 1107
f 1012 1069 1015
f 1012 1067 1069
f 1013 1014 1070
f 1013 1068 1018
f 1013 1070 1068
f 1014 1017 1070
f 1015 1071 1019
f 1015 1069 1071
f 1017 1020 1072
f 1017 1072 1070
f 1018 1065 1029
f 1018 1068 1065
f 1019 1075 1021
f 1019 1071 1075
f 1020 1022 1074
f 1020 1074 1072
f 1021 1080 1024
f 1021 1075 1077
f 1021 1077 1080
f 1022 1030 1079
f 1022 1076 1074
f 1022 1079 1076
f 1023 1032 1090
f 1023 1090 1082
f 1024 1080 1025
f 1025 1129 1051
f 1025 1080 1085
f 1025 1085 1129
f 1026 1091 1031
f 1026 1089 1091
f 1027 1111 1058
f 1027 1139 1111
f 1028 1054 1105
f 1028 1105 1159
f 1028 1159 1145
f 1029 1086 1057
f 1029 1065 1147
f 1029 1144 1086
f 1029 1147 1144
f 1030 1035 1084
f 1030 1084 1079
f 1031 1095 1033
f 1031 1091 1095
f 1032 1034 1098
f 1032 1098 1090
f 1033 1102 1034
f 1033 1095 1102
f 1034 1103 1098
f 1034 1102 1103
f 1035 1037 1088
f 1035 1088 1084
f 1037 1038 1092
f 1037 1092 1088
f 1038 1040 1112
f 1038 1104 1092
f 1038 1112 1104
f 1039 1045 1110
f 1039 1110 1093
f 1040 1042 1112
f 1041 1135 1047
f 1041 1115 1135
f 1042 1043 1116
f 1042 1116 1112
f 1043 1044 1132
f 1043 1132 1116
f 1044 1046 1134
f 1044 1134 1132
f 1045 1047 1124
f 1045 1124 1110
f 1046 1048 1131
f 1046 1131 1134
f 1047 1133 1124
f 1047 1135 1133
f 1048 1050 1126
f 1048 1126 1131
f 1050 1109 1114
f 1050 1114 1126
f 1051 1129 1053
f 1052 1055 1121
f 1052 1121 1125
f 1053 1141 1055
f 1053 1129 1137
f 1053 1137 1141
f 1054 1059 1105
f 1055 1141 1121
f 1056 1142 1174
f 1056 1174 1228
f 1057 1086 1118
f 1058 1140 1061
f 1058 1111 1140
f 1059 1064 1143
f 1059 1143 1105
f 1061 1146 1063
f 1061 1140 1146
f 1062 1206 1176
f 1063 1148 1067
f 1063 1146 1148
f 1064 1082 1169
f 1064 1160 1143
f 1064 1169 1160
f 1065 1068 1149
f 1065 1149 1147
f 1066 1087 1166
f 1066 1151 1142
f 1066 1166 1151
f 1067 1153 1069
f 1067 1148 1153
f 1068 1070 1152
f 1068 1152 1149
f 1069 1156 1071
f 1069 1153 1156
f 1070 1072 1155
f 1070 1155 1152
f 1071 1158 1075
f 1071 1156 1158
f 1072 1074 1157
f 1072 1157 1155
f 1073 1106 2139
f 1073 2151 1106
f 1073 2077 1113
f 1073 1113 2088
f 1073 1322 2077
f 1073 2139 1322
f 1074 1076 1161
f 1074 1161 1157
f 1075 1162 1077
f 1075 1158 1162
f 1076 1079 1161
f 1077 1162 1080
f 1078 1249 1081
f 1078 1099 1291
f 1078 1291 1249
f 1079 1084 1165
f 1079 1163 1161
f 1079 1165 1163
f 1080 1164 1085
f 1080 1162 1164
f 1081 1308 1083
f 1081 1249 1308
f 1082 1090 1178
f 1082 1178 1169
f 1083 1349 1100
f 1083 1308 1349
f 1084 1088 1170
f 1084 1170 1165
f 1085 1171 1129
f 1085 1164 1171
f 1086 1154 1118
f 1086 1144 1154
f 1087 1177 1166
f 1087 2024 1177
f 1088 1092 1175
f 1088 1175 1170
f 1089 1181 1091
f 1089 1093 1183
f 1089 1183 1181
f 1090 1098 1186
f 1090 1186 1178
f 1091 1185 1095
f 1091 1181 1180
f 1091 1180 1185
f 1092 1104 1182
f 1092 1182 1175
f 1093 1110 1194
f 1093 1194 1183
f 1094 1118 1391
f 1094 1436 1263
f 1094 1391 1436
f 1095 1187 1102
f 1095 1185 1187
f 1096 1097 1433
f 1096 1202 1101
f 1096 1433 1202
f 1097 1100 1399
f 1097 1399 1421
f 1097 1421 1433
f 1098 1103 1189
f 1098 1189 1186
f 1099 1127 2154
f 1099 2154 1291
f 1100 1349 1399
f 1101 1207 1107
f 1101 1202 1150
f 1101 1150 1207
f 1102 1189 1103
f 1102 1187 1189
f 1104 1112 1190
f 1104 1190 1182
f 1105 1143 1199
f 1105 1172 1159
f 1105 1199 1172
f 1106 1108 1400
f 1106 1400 2139
f 1107 1441 1108
f 1107 1207 1441
f 1108 1431 1400
f 1108 1441 1431
f 1109 1168 1114
f 1109 1213 1168
f 1110 1124 1204
f 1110 1204 1194
f 1111 1139 1246
f 1111 1179 1140
f 1111 1344 1179
f 1111 1246 1344
f 1112 1116 1195
f 1112 1195 1190
f 1113 2156 1119
f 1113 1119 2159
f 1113 2077 1267
f 1113 1267 2156
f 1114 1188 1126
f 1114 1168 1188
f 1115 1117 1221
f 1115 1218 1135
f 1115 1221 1218
f 1116 1132 1200
f 1116 1200 1195
f 1117 1138 1254
f 1117 1254 1221
f 1118 1154 1391
f 1119 2120 1128
f 1119 1128 2123
f 1119 1384 2120
f 1119 2156 1384
f 1120 1122 1295
f 1120 1348 1127
f 1120 1295 1348
f 1121 1235 1125
f 1121 1141 1222
f 1121 1222 1235
f 1122 1123 1255
f 1122 1255 1295
f 1123 1125 1225
f 1123 1225 1255
f 1124 1133 1209
f 1124 1209 1204
f 1125 1235 1225
f 1126 1197 1131
f 1126 1188 1197
f 1127 1348 1363
f 1127 1363 2154
f 1128 1370 1136
f 1128 1136 2122
f 1128 1376 1370
f 1128 2120 1376
f 1129 1216 1137
f 1129 1171 1198
f 1129 1198 1216
f 1130 1136 1361
f 1130 2102 1138
f 1130 1361 2102
f 1131 1203 1134
f 1131 1197 1203
f 1132 1134 1200
f 1133 1135 1209
f 1134 1203 1200
f 1135 1218 1209
f 1136 1370 1361
f 1137 1216 1141
f 1138 2035 1254
f 1138 2102 2035
f 1139 1425 1246
f 1139 1263 1425
f 1140 1196 1146
f 1140 1179 1196
f 1141 1216 1222
f 1142 1151 1430
f 1142 1430 1174
f 1143 1160 1227
f 1143 1227 1199
f 1144 1147 1192
f 1144 1167 1154
f 1144 1192 1167
f 1145 1159 1201
f 1145 1201 1177
f 1145 1177 2024
f 1146 1210 1148
f 1146 1196 1210
f 1147 1149 1208
f 1147 1208 1192
f 1148 1214 1153
f 1148 1210 1214
f 1149 1152 1212
f 1149 1212 1208
f 1150 1173 1207
f 1150 1229 1173
f 1150 1202 1229
f 1151 1166 1241
f 1151 1241 1354
f 1151 1354 1430
f 1152 1155 1212
f 1153 1214 1156
f 1154 1167 1193
f 1154 1193 1391
f 1155 1157 1215
f 1155 1215 1212
f 1156 1217 1158
f 1156 1214 1217
f 1157 1161 1219
f 1157 1219 1215
f 1158 1220 1162
f 1158 1217 1220
f 1159 1172 1245
f 1159 1245 1201
f 1160 1169 1260
f 1160 1260 1227
f 1161 1163 1226
f 1161 1226 1219
f 1162 1238 1164
f 1162 1220 1224
f 1162 1224 1238
f 1163 1165 1226
f 1164 1238 1171
f 1165 1170 1237
f 1165 1237 1226
f 1166 1177 1241
f 1167 1192 1205
f 1167 1205 1193
f 1168 1283 1188
f 1168 1213 1283
f 1169 1178 1281
f 1169 1281 1260
f 1170 1175 1251
f 1170 1251 1237
f 1171 1279 1198
f 1171 1238 1256
f 1171 1256 1279
f 1172 1199 1285
f 1172 1285 1245
f 1173 1184 1233
f 1173 1240 1184
f 1173 1233 1207
f 1173 1229 1240
f 1174 1261 1228
f 1174 1430 1261
f 1175 1182 1268
f 1175 1268 1251
f 1176 1206 1239
f 1176 1239 1213
f 1177 1201 1264
f 1177 1264 1241
f 1178 1186 1302
f 1178 1302 1281
f 1179 1266 1196
f 1179 1344 1266
f 1180 1181 1288
f 1180 1287 1185
f 1180 1288 1287
f 1181 1183 1288
f 1182 1190 1299
f 1182 1284 1268
f 1182 1299 1284
f 1183 1194 1275
f 1183 1275 1286
f 1183 1286 1288
f 1184 1244 1191
f 1184 1191 1247
f 1184 1247 1233
f 1184 1240 1244
f 1185 1297 1187
f 1185 1287 1297
f 1186 1189 1312
f 1186 1312 1302
f 1187 1311 1189
f 1187 1297 1311
f 1188 1318 1197
f 1188 1283 1318
f 1189 1311 1312
f 1190 1195 1299
f 1191 2119 1211
f 1191 1211 2149
f 1191 1244 2119
f 1191 1258 1247
f 1191 2149 1258
f 1192 1230 1205
f 1192 1208 1257
f 1192 1257 1230
f 1193 1205 1242
f 1193 1242 1391
f 1194 1204 1296
f 1194 1296 1275
f 1195 1200 1316
f 1195 1316 1299
f 1196 1282 1210
f 1196 1266 1282
f 1197 1327 1203
f 1197 1318 1327
f 1198 1279 1216
f 1199 1227 1353
f 1199 1353 1285
f 1200 1203 1324
f 1200 1324 1316
f 1201 1245 1364
f 1201 1411 1264
f 1201 1364 1427
f 1201 1427 1411
f 1202 1451 1229
f 1202 1433 1451
f 1203 1327 1324
f 1204 1209 1315
f 1204 1315 1296
f 1205 1230 1242
f 1206 1228 1280
f 1206 1280 1239
f 1207 1233 1461
f 1207 1461 1441
f 1208 1212 1277
f 1208 1277 1257
f 1209 1218 1315
f 1210 1293 1214
f 1210 1282 1293
f 1211 1262 2072
f 1211 2119 1262
f 1211 2090 1274
f 1211 1274 2149
f 1211 2072 2125
f 1211 2125 2090
f 1212 1215 1300
f 1212 1290 1277
f 1212 1300 1290
f 1213 1239 1373
f 1213 1373 1283
f 1214 1309 1217
f 1214 1293 1309
f 1215 1219 1314
f 1215 1314 1300
f 1216 1326 1222
f 1216 1279 1326
f 1217 1320 1220
f 1217 1309 1320
f 1218 1221 2062
f 1218 1347 1315
f 1218 2062 1347
f 1219 1226 1332
f 1219 1332 1314
f 1220 1337 1224
f 1220 1320 1337
f 1221 1254 2035
f 1221 2036 2033
f 1221 2033 2062
f 1221 2035 2036
f 1222 1351 1235
f 1222 1326 1351
f 1223 1289 1231
f 1223 1231 1305
f 1223 1276 1289
f 1223 2072 1276
f 1223 1305 2091
f 1223 2125 2072
f 1223 2091 2090
f 1223 2090 2125
f 1224 1337 1238
f 1225 1235 1439
f 1225 1543 1255
f 1225 1439 1543
f 1226 1237 1358
f 1226 1346 1332
f 1226 1358 1346
f 1227 1260 1385
f 1227 1385 1353
f 1228 1261 1355
f 1228 1355 1280
f 1229 1475 1240
f 1229 1451 1472
f 1229 1472 1475
f 1230 1301 1242
f 1230 1257 1301
f 1231 1294 1232
f 1231 1232 1323
f 1231 1289 1294
f 1231 1323 1305
f 1232 1294 1234
f 1232 1234 1328
f 1232 1325 1323
f 1232 1328 1325
f 1233 1247 1479
f 1233 1479 1461
f 1234 1298 1236
f 1234 1236 1331
f 1234 1294 1298
f 1234 1331 1328
f 1235 1351 1374
f 1235 1374 1439
f 1236 1298 1303
f 1236 1303 2175
f 1236 2163 1331
f 1236 2177 2163
f 1236 2175 2177
f 1237 1251 1378
f 1237 1378 1358
f 1238 1350 1256
f 1238 1337 1350
f 1239 1280 1373
f 1240 1476 1244
f 1240 1475 1476
f 1241 1264 1396
f 1241 1377 1354
f 1241 1396 1377
f 1242 1301 1391
f 1243 1319 1248
f 1243 1248 1339
f 1243 1303 1319
f 1243 2175 1303
f 1243 1339 1336
f 1243 1336 2175
f 1244 1485 1262
f 1244 1262 2119
f 1244 1476 1485
f 1245 1285 1393
f 1245 1393 1364
f 1246 1420 1344
f 1246 1473 1420
f 1246 1425 1473
f 1247 1258 1488
f 1247 1488 1479
f 1248 1330 1250
f 1248 1250 1342
f 1248 1319 1330
f 1248 1342 1339
f 1249 1291 1465
f 1249 1392 1308
f 1249 1465 1392
f 1250 1334 1252
f 1250 1252 1343
f 1250 1330 1334
f 1250 1343 1342
f 1251 1268 1394
f 1251 1394 1378
f 1252 1335 1253
f 1252 1253 1345
f 1252 1334 1335
f 1252 1345 1343
f 1253 1259 1313
f 1253 1329 1259
f 1253 1313 1345
f 1253 1335 1329
f 1255 1639 1295
f 1255 1543 1639
f 1256 1321 1279
f 1256 1372 1321
f 1256 1350 1372
f 1257 1277 1359
f 1257 1359 1301
f 1258 1496 1488
f 1258 2118 1496
f 1258 2127 2118
f 1258 2149 2127
f 1259 1278 1265
f 1259 1265 1313
f 1259 1340 1278
f 1259 1329 1340
f 1260 1281 1408
f 1260 1408 1385
f 1261 1443 1355
f 1261 1430 1495
f 1261 1495 1443
f 1262 1492 1276
f 1262 1276 2072
f 1262 1485 1492
f 1263 1570 1425
f 1263 1436 1585
f 1263 1585 1570
f 1264 1411 1396
f 1265 1270 1269
f 1265 1269 1357
f 1265 1272 1270
f 1265 1278 1272
f 1265 1357 1313
f 1266 1382 1282
f 1266 1344 1368
f 1266 1368 1382
f 1267 1322 1462
f 1267 2077 1322
f 1267 2058 1384
f 1267 1384 2156
f 1267 1462 2058
f 1268 1284 1407
f 1268 1407 1394
f 1269 1270 1304
f 1269 1304 1379
f 1269 1379 1357
f 1270 1272 1271
f 1270 1271 1306
f 1270 1306 1304
f 1271 1272 1273
f 1271 1273 1292
f 1271 1292 1310
f 1271 1310 1306
f 1272 1317 1273
f 1272 1278 1317
f 1273 1307 1292
f 1273 1341 1307
f 1273 1317 1341
f 1274 2091 1517
f 1274 1517 2118
f 1274 2090 2091
f 1274 2118 2127
f 1274 2127 2149
f 1275 1321 1286
f 1275 1296 1356
f 1275 1333 1321
f 1275 1356 1333
f 1276 1503 1289
f 1276 1492 1503
f 1277 1290 1381
f 1277 1381 1359
f 1278 1362 1317
f 1278 1340 1362
f 1279 1321 1333
f 1279 1333 1326
f 1280 1355 1443
f 1280 1490 1373
f 1280 1443 1490
f 1281 1302 1424
f 1281 1424 1408
f 1282 1389 1293
f 1282 1382 1389
f 1283 1405 1318
f 1283 1373 1405
f 1284 1299 1418
f 1284 1418 1407
f 1285 1353 1434
f 1285 1434 1393
f 1286 1412 1288
f 1286 1321 1406
f 1286 1406 1412
f 1287 1288 1412
f 1287 1413 1297
f 1287 1412 1413
f 1289 1508 1294
f 1289 1503 1508
f 1290 1300 1390
f 1290 1390 1381
f 1291 2138 1465
f 1291 2146 2138
f 1291 2188 2146
f 1291 2154 2188
f 1292 1307 1371
f 1292 1338 1310
f 1292 1371 1338
f 1293 1395 1309
f 1293 1389 1395
f 1294 1508 1298
f 1295 1749 1348
f 1295 1639 1749
f 1296 1315 1369
f 1296 1369 1356
f 1297 1429 1311
f 1297 1413 1422
f 1297 1422 1429
f 1298 1509 1303
f 1298 1508 1509
f 1299 1316 1426
f 1299 1426 1418
f 1300 1314 1397
f 1300 1397 1390
f 1301 1359 1416
f 1301 1416 1391
f 1302 1312 1432
f 1302 1432 1424
f 1303 1506 1319
f 1303 1509 1506
f 1304 1306 1365
f 1304 1365 1414
f 1304 1414 1379
f 1305 1323 1530
f 1305 1530 1517
f 1305 1517 2091
f 1306 1310 1366
f 1306 1366 1365
f 1307 1341 1360
f 1307 1360 1375
f 1307 1375 1371
f 1308 1480 1349
f 1308 1392 1480
f 1309 1395 1320
f 1310 1338 1380
f 1310 1367 1366
f 1310 1380 1367
f 1311 1432 1312
f 1311 1429 1432
f 1313 1542 1345
f 1313 1357 1542
f 1314 1332 1403
f 1314 1403 1397
f 1315 1347 1369
f 1316 1324 1435
f 1316 1435 1426
f 1317 1387 1341
f 1317 1362 1387
f 1318 1428 1327
f 1318 1405 1428
f 1319 1507 1330
f 1319 1506 1507
f 1320 1404 1337
f 1320 1395 1404
f 1321 1372 1388
f 1321 1388 1406
f 1322 1400 1534
f 1322 2139 1400
f 1322 1534 1462
f 1323 1325 1541
f 1323 1541 1530
f 1324 1327 1437
f 1324 1437 1435
f 1325 1328 1544
f 1325 1545 1541
f 1325 1544 1545
f 1326 1333 1356
f 1326 1356 1351
f 1327 1428 1437
f 1328 1331 1539
f 1328 1539 1544
f 1329 1335 1498
f 1329 1493 1340
f 1329 1498 1493
f 1330 1502 1334
f 1330 1507 1502
f 1331 2147 1539
f 1331 2163 2147
f 1332 1346 1409
f 1332 1409 1403
f 1334 1499 1335
f 1334 1502 1499
f 1335 1499 1498
f 1336 1339 1531
f 1336 1531 1536
f 1336 1536 2147
f 1336 2147 2163
f 1336 2163 2177
f 1336 2177 2175
f 1337 1423 1350
f 1337 1404 1410
f 1337 1410 1423
f 1338 1371 1383
f 1338 1417 1380
f 1338 1383 1417
f 1339 1342 1528
f 1339 1528 1531
f 1340 1489 1362
f 1340 1493 1489
f 1341 1402 1360
f 1341 1387 1402
f 1342 1343 1529
f 1342 1529 1528
f 1343 1345 1535
f 1343 1535 1529
f 1344 1420 1368
f 1345 1542 1535
f 1346 1358 1419
f 1346 1419 1409
f 1347 1386 1369
f 1347 1455 1386
f 1347 1401 1455
f 1347 2033 1401
f 1347 2062 2033
f 1348 1583 1363
f 1348 1749 1583
f 1349 1557 1399
f 1349 1480 1557
f 1350 1423 1372
f 1351 1356 1369
f 1351 1369 1386
f 1351 1386 1374
f 1352 1556 1468
f 1352 1468 2067
f 1352 2031 1556
f 1352 2015 2031
f 1352 2103 2015
f 1352 2067 2068
f 1352 2068 2103
f 1353 1385 1474
f 1353 1474 1434
f 1354 1377 1484
f 1354 1601 1430
f 1354 1484 1601
f 1357 1379 1554
f 1357 1554 1542
f 1358 1378 1438
f 1358 1438 1419
f 1359 1381 1416
f 1360 1398 1375
f 1360 1440 1398
f 1360 1402 1415
f 1360 1415 1440
f 1361 1370 1587
f 1361 1587 1602
f 1361 1602 2031
f 1361 2031 2015
f 1361 2015 2103
f 1361 2103 2102
f 1362 1497 1387
f 1362 1489 1497
f 1363 1583 2146
f 1363 2146 2188
f 1363 2188 2154
f 1364 1393 1467
f 1364 1447 1427
f 1364 1467 1447
f 1365 1366 1452
f 1365 1483 1414
f 1365 1452 1483
f 1366 1367 1454
f 1366 1454 1452
f 1367 1380 1466
f 1367 1458 1454
f 1367 1466 1458
f 1368 1449 1382
f 1368 1420 1449
f 1370 1376 1631
f 1370 1631 1587
f 1371 1375 1445
f 1371 1445 1383
f 1372 1442 1388
f 1372 1423 1442
f 1373 1490 1405
f 1374 1386 1455
f 1374 1455 1439
f 1375 1398 1444
f 1375 1444 1445
f 1376 1384 1629
f 1376 2120 1384
f 1376 1629 1631
f 1377 1396 1513
f 1377 1513 1484
f 1378 1394 1459
f 1378 1459 1438
f 1379 1414 1575
f 1379 1575 1554
f 1380 1417 1487
f 1380 1487 1466
f 1381 1390 1446
f 1381 1446 1416
f 1382 1453 1389
f 1382 1449 1453
f 1383 1457 1417
f 1383 1445 1457
f 1384 2058 1629
f 1385 1408 1514
f 1385 1514 1474
f 1387 1505 1402
f 1387 1497 1505
f 1388 1464 1406
f 1388 1442 1464
f 1389 1460 1395
f 1389 1453 1460
f 1390 1397 1456
f 1390 1456 1446
f 1391 1416 1470
f 1391 1589 1436
f 1391 1470 1524
f 1391 1524 1571
f 1391 1571 1589
f 1392 1693 1448
f 1392 1448 2076
f 1392 1465 1693
f 1392 2076 1480
f 1393 1434 1515
f 1393 1515 1467
f 1394 1407 1481
f 1394 1481 1459
f 1395 1471 1404
f 1395 1460 1471
f 1396 1411 1527
f 1396 1527 1513
f 1397 1403 1469
f 1397 1469 1456
f 1398 1440 1463
f 1398 1450 1444
f 1398 1463 1450
f 1399 1685 1421
f 1399 1557 1685
f 1400 1431 1686
f 1400 1686 1534
f 1401 1563 1455
f 1401 1468 1563
f 1401 2067 1468
f 1401 2033 2034
f 1401 2034 2067
f 1402 1511 1415
f 1402 1505 1511
f 1403 1409 1477
f 1403 1477 1469
f 1404 1478 1410
f 1404 1471 1478
f 1405 1490 1428
f 1406 1486 1412
f 1406 1464 1486
f 1407 1418 1522
f 1407 1504 1481
f 1407 1522 1504
f 1408 1424 1551
f 1408 1551 1514
f 1409 1419 1477
f 1410 1478 1423
f 1411 1427 1637
f 1411 1637 1527
f 1412 1510 1413
f 1412 1486 1510
f 1413 1523 1422
f 1413 1510 1523
f 1414 1483 1605
f 1414 1605 1575
f 1415 1516 1440
f 1415 1511 1512
f 1415 1512 1516
f 1416 1446 1470
f 1417 1457 1482
f 1417 1482 1546
f 1417 1546 1487
f 1418 1426 1522
f 1419 1438 1519
f 1419 1491 1477
f 1419 1519 1491
f 1420 1501 1449
f 1420 1473 1501
f 1421 1700 1433
f 1421 1685 1700
f 1422 1547 1429
f 1422 1523 1547
f 1423 1526 1442
f 1423 1478 1494
f 1423 1494 1526
f 1424 1432 1559
f 1424 1559 1551
f 1425 1525 1473
f 1425 1570 1525
f 1426 1435 1549
f 1426 1549 1522
f 1427 1447 1540
f 1427 1540 1637
f 1428 1548 1437
f 1428 1490 1548
f 1429 1555 1432
f 1429 1547 1555
f 1430 1567 1495
f 1430 1601 1567
f 1431 1441 1707
f 1431 1707 1686
f 1432 1555 1559
f 1433 1733 1451
f 1433 1700 1733
f 1434 1474 1573
f 1434 1573 1515
f 1435 1437 1558
f 1435 1558 1549
f 1436 1591 1585
f 1436 1589 1591
f 1437 1548 1561
f 1437 1561 1558
f 1438 1459 1519
f 1439 1455 1563
f 1439 1563 1543
f 1440 1518 1463
f 1440 1516 1518
f 1441 1461 1756
f 1441 1756 1707
f 1442 1566 1464
f 1442 1526 1566
f 1443 1597 1490
f 1443 1495 1597
f 1444 1560 1445
f 1444 1450 1550
f 1444 1550 1560
f 1445 1560 1457
f 1446 1456 1500
f 1446 1500 1470
f 1447 1467 1540
f 1448 1629 1572
f 1448 1572 2076
f 1448 2141 1629
f 1448 1693 2141
f 1449 1520 1453
f 1449 1501 1520
f 1450 1463 1532
f 1450 1532 1550
f 1451 1743 1472
f 1451 1733 1743
f 1452 1454 1667
f 1452 1651 1483
f 1452 1667 1651
f 1453 1537 1460
f 1453 1520 1537
f 1454 1458 1670
f 1454 1670 1667
f 1456 1469 1538
f 1456 1521 1500
f 1456 1538 1521
f 1457 1574 1482
f 1457 1560 1574
f 1458 1466 1666
f 1458 1666 1671
f 1458 1671 1670
f 1459 1481 1584
f 1459 1562 1519
f 1459 1584 1562
f 1460 1537 1471
f 1461 1479 1760
f 1461 1760 1756
f 1462 1534 2136
f 1462 1572 1629
f 1462 2136 1572
f 1462 1629 2058
f 1463 1518 1532
f 1464 1590 1486
f 1464 1566 1590
f 1465 1576 1681
f 1465 2138 1576
f 1465 1681 1693
f 1466 1487 1658
f 1466 1658 1666
f 1467 1515 1582
f 1467 1533 1540
f 1467 1582 1533
f 1468 1556 1563
f 1469 1477 1553
f 1469 1553 1538
f 1470 1500 1524
f 1471 1552 1478
f 1471 1537 1552
f 1472 1750 1475
f 1472 1743 1750
f 1473 1525 1501
f 1474 1514 1606
f 1474 1606 1573
f 1475 1748 1476
f 1475 1750 1748
f 1476 1747 1485
f 1476 1748 1747
f 1477 1491 1577
f 1477 1564 1553
f 1477 1577 1564
f 1478 1579 1494
f 1478 1552 1565
f 1478 1565 1579
f 1479 1488 1763
f 1479 1763 1760
f 1480 2135 1557
f 1480 2076 1572
f 1480 1572 2135
f 1481 1504 1604
f 1481 1604 1584
f 1482 1599 1546
f 1482 1574 1599
f 1483 1651 1605
f 1484 1513 1643
f 1484 1761 1601
f 1484 1643 1761
f 1485 1744 1492
f 1485 1747 1744
f 1486 1607 1510
f 1486 1590 1607
f 1487 1546 1626
f 1487 1626 1658
f 1488 1496 1768
f 1488 1764 1763
f 1488 1768 1764
f 1489 1493 1698
f 1489 1680 1497
f 1489 1698 1680
f 1490 1597 1548
f 1491 1519 1577
f 1492 1745 1503
f 1492 1744 1745
f 1493 1498 1705
f 1493 1705 1698
f 1494 1579 1526
f 1495 1567 1687
f 1495 1687 1597
f 1496 2118 1517
f 1496 1517 2145
f 1496 2145 1768
f 1497 1657 1505
f 1497 1680 1657
f 1498 1499 1708
f 1498 1708 1705
f 1499 1502 1710
f 1499 1710 1708
f 1500 1521 1569
f 1500 1569 1524
f 1501 1568 1520
f 1501 1525 1568
f 1502 1507 1713
f 1502 1713 1710
f 1503 1752 1508
f 1503 1745 1752
f 1504 1522 1617
f 1504 1617 1604
f 1505 1636 1511
f 1505 1657 1636
f 1506 2169 1507
f 1506 1509 1739
f 1506 1739 2169
f 1507 1727 1713
f 1507 2169 1727
f 1508 1751 1509
f 1508 1753 1751
f 1508 1752 1753
f 1509 1751 1739
f 1510 1607 1523
f 1511 1616 1512
f 1511 1636 1616
f 1512 1616 1516
f 1513 1527 1647
f 1513 1647 1643
f 1514 1551 1642
f 1514 1642 1606
f 1515 1573 1630
f 1515 1630 1582
f 1516 1595 1518
f 1516 1616 1595
f 1517 1530 2137
f 1517 2137 1771
f 1517 1771 2145
f 1518 1578 1532
f 1518 1595 1578
f 1519 1562 1592
f 1519 1592 1577
f 1520 1586 1537
f 1520 1568 1580
f 1520 1580 1586
f 1521 1538 1581
f 1521 1581 1569
f 1522 1549 1634
f 1522 1634 1617
f 1523 1638 1547
f 1523 1607 1620
f 1523 1620 1638
f 1524 1569 1571
f 1525 1570 1568
f 1526 1600 1566
f 1526 1579 1600
f 1527 1637 1647
f 1528 1529 1736
f 1528 1746 1531
f 1528 1736 1746
f 1529 1535 1734
f 1529 1734 1736
f 1530 1541 1776
f 1530 1776 1773
f 1530 1773 2137
f 1531 2124 1536
f 1531 1746 2124
f 1532 1603 1550
f 1532 1578 1603
f 1533 1582 1540
f 1534 2039 1625
f 1534 1625 2136
f 1534 1686 2039
f 1535 1542 1741
f 1535 1741 1734
f 1536 2124 1757
f 1536 1757 2150
f 1536 2157 2147
f 1536 2150 2157
f 1537 1593 1552
f 1537 1586 1593
f 1538 1553 1594
f 1538 1588 1581
f 1538 1594 1588
f 1539 1774 1544
f 1539 1767 1774
f 1539 2150 1767
f 1539 2147 2157
f 1539 2157 2150
f 1540 1582 1612
f 1540 1612 1637
f 1541 1545 1776
f 1542 1554 1769
f 1542 1781 1741
f 1542 1769 1781
f 1543 1563 1650
f 1543 1650 1639
f 1544 1775 1545
f 1544 1774 1775
f 1545 1775 1776
f 1546 1599 1626
f 1547 1646 1555
f 1547 1638 1646
f 1548 1635 1561
f 1548 1597 1635
f 1549 1558 1644
f 1549 1644 1634
f 1550 1628 1560
f 1550 1603 1628
f 1551 1559 1652
f 1551 1652 1642
f 1552 1609 1565
f 1552 1593 1609
f 1553 1564 1608
f 1553 1608 1594
f 1554 1575 1769
f 1555 1652 1559
f 1555 1646 1652
f 1556 1650 1563
f 1556 2031 1602
f 1556 1602 2093
f 1556 1718 1650
f 1556 2093 1718
f 1557 1625 2052
f 1557 2135 1625
f 1557 2052 1685
f 1558 1561 1653
f 1558 1653 1644
f 1560 1659 1574
f 1560 1628 1659
f 1561 1635 1653
f 1562 1584 1623
f 1562 1623 1592
f 1564 1577 1608
f 1565 1609 1579
f 1566 1627 1590
f 1566 1600 1627
f 1567 1601 1759
f 1567 1759 1687
f 1568 1570 1596
f 1568 1596 1580
f 1569 1598 1571
f 1569 1581 1598
f 1570 1585 1596
f 1571 1615 1589
f 1571 1598 1615
f 1572 1625 2135
f 1572 2136 1625
f 1573 1606 1689
f 1573 1689 1630
f 1574 1678 1599
f 1574 1659 1678
f 1575 1605 1785
f 1575 1785 1769
f 1576 1583 1663
f 1576 2138 1583
f 1576 1663 1613
f 1576 1613 2105
f 1576 2048 1681
f 1576 2105 2048
f 1577 1592 1660
f 1577 1622 1608
f 1577 1660 1622
f 1578 1595 1674
f 1578 1674 1603
f 1579 1662 1600
f 1579 1609 1624
f 1579 1624 1662
f 1580 1610 1586
f 1580 1596 1610
f 1581 1588 1611
f 1581 1611 1598
f 1582 1630 1612
f 1583 1749 1663
f 1583 2138 2146
f 1584 1604 1669
f 1584 1669 1623
f 1585 1591 1614
f 1585 1614 1596
f 1586 1618 1593
f 1586 1610 1618
f 1587 1668 1602
f 1587 1631 2116
f 1587 2095 1668
f 1587 2057 2098
f 1587 2116 2057
f 1587 2098 2095
f 1588 1594 1619
f 1588 1619 1611
f 1589 1621 1591
f 1589 1615 1621
f 1590 1672 1607
f 1590 1627 1672
f 1591 1621 1614
f 1592 1623 1660
f 1593 1632 1609
f 1593 1618 1632
f 1594 1608 1633
f 1594 1633 1619
f 1595 1616 1712
f 1595 1712 1674
f 1596 1614 1610
f 1597 1687 1635
f 1598 1611 1641
f 1598 1641 1615
f 1599 1709 1626
f 1599 1678 1709
f 1600 1694 1627
f 1600 1662 1694
f 1601 1804 1759
f 1601 1761 1804
f 1602 1668 1677
f 1602 1677 2093
f 1603 1674 1628
f 1604 1617 1704
f 1604 1690 1669
f 1604 1704 1690
f 1605 1651 1821
f 1605 1821 1785
f 1606 1642 1720
f 1606 1720 1689
f 1607 1692 1620
f 1607 1672 1692
f 1608 1622 1675
f 1608 1655 1633
f 1608 1675 1655
f 1609 1676 1624
f 1609 1632 1656
f 1609 1656 1676
f 1610 1614 1640
f 1610 1648 1618
f 1610 1640 1648
f 1611 1619 1649
f 1611 1649 1641
f 1612 1630 1691
f 1612 1691 1637
f 1613 1722 1654
f 1613 1654 2048
f 1613 1663 1679
f 1613 1679 2038
f 1613 2038 1722
f 1613 2048 2105
f 1614 1621 1640
f 1615 1645 1621
f 1615 1641 1645
f 1616 1636 1712
f 1617 1634 1704
f 1618 1664 1632
f 1618 1648 1664
f 1619 1633 1665
f 1619 1665 1649
f 1620 1706 1638
f 1620 1692 1706
f 1621 1645 1640
f 1622 1660 1675
f 1623 1726 1660
f 1623 1669 1726
f 1624 1676 1662
f 1625 2039 1790
f 1625 1790 2052
f 1626 1793 1658
f 1626 1709 1714
f 1626 1714 1793
f 1627 1729 1672
f 1627 1694 1729
f 1628 1715 1659
f 1628 1674 1715
f 1629 2141 1631
f 1630 1689 1691
f 1631 1693 2021
f 1631 2141 1693
f 1631 2021 2032
f 1631 2032 2117
f 1631 2117 2116
f 1632 1683 1656
f 1632 1664 1683
f 1633 1655 1682
f 1633 1682 1665
f 1634 1644 1716
f 1634 1716 1704
f 1635 1717 1653
f 1635 1687 1717
f 1636 1657 1740
f 1636 1740 1712
f 1637 1728 1647
f 1637 1691 1728
f 1638 1721 1646
f 1638 1706 1721
f 1639 1650 1718
f 1639 1718 1749
f 1640 1645 1648
f 1641 1649 1645
f 1642 1652 1738
f 1642 1738 1720
f 1643 1647 1766
f 1643 1846 1761
f 1643 1766 1846
f 1644 1653 1730
f 1644 1730 1716
f 1645 1661 1648
f 1645 1649 1661
f 1646 1732 1652
f 1646 1721 1732
f 1647 1728 1766
f 1648 1661 1664
f 1649 1665 1661
f 1651 1667 1857
f 1651 1792 1821
f 1651 1857 1792
f 1652 1732 1738
f 1653 1717 1737
f 1653 1737 1730
f 1654 1886 1719
f 1654 1719 2050
f 1654 1722 1886
f 1654 2050 2048
f 1655 1675 1682
f 1656 1683 1676
f 1657 1680 1758
f 1657 1758 1740
f 1658 1793 1666
f 1659 1755 1678
f 1659 1715 1755
f 1660 1697 1675
f 1660 1735 1697
f 1660 1726 1735
f 1661 1673 1664
f 1661 1665 1673
f 1662 1676 1699
f 1662 1699 1694
f 1663 2038 1679
f 1663 1749 2037
f 1663 2037 2038
f 1664 1673 1683
f 1665 1682 1673
f 1666 1860 1671
f 1666 1793 1843
f 1666 1843 1860
f 1667 1670 1858
f 1667 1858 1857
f 1668 2056 1677
f 1668 2017 2056
f 1668 2097 2017
f 1668 2095 2094
f 1668 2094 2097
f 1669 1690 1765
f 1669 1765 1726
f 1670 1671 1858
f 1671 1860 1858
f 1672 1770 1692
f 1672 1729 1770
f 1673 1682 1688
f 1673 1688 1683
f 1674 1712 1715
f 1675 1695 1682
f 1675 1723 1695
f 1675 1697 1723
f 1676 1683 1696
f 1676 1696 1724
f 1676 1724 1699
f 1677 1684 1711
f 1677 2056 1684
f 1677 1711 2104
f 1677 1718 2093
f 1677 2104 1718
f 1678 1780 1709
f 1678 1755 1780
f 1679 1791 1819
f 1679 2044 1791
f 1679 1819 2089
f 1679 2089 2044
f 1680 1698 1782
f 1680 1782 1758
f 1681 2014 1693
f 1681 2101 2014
f 1681 2048 2050
f 1681 2050 2049
f 1681 2049 2051
f 1681 2051 2101
f 1682 1701 1688
f 1682 1695 1701
f 1683 1688 1701
f 1683 1701 1696
f 1684 1725 1711
f 1684 2054 1725
f 1684 2055 2054
f 1684 2056 2055
f 1685 1822 1700
f 1685 1790 1822
f 1685 2052 1790
f 1686 1707 1790
f 1686 1790 2039
f 1687 1759 1717
f 1689 1762 1691
f 1689 1720 1762
f 1690 1704 1783
f 1690 1783 1765
f 1691 1762 1728
f 1692 1770 1706
f 1693 2014 2023
f 1693 2022 2021
f 1693 2023 2022
f 1694 1699 1742
f 1694 1742 1729
f 1695 1723 1701
f 1696 1701 1724
f 1697 1778 1723
f 1697 1735 1778
f 1698 1705 1794
f 1698 1794 1782
f 1699 1724 1779
f 1699 1779 1742
f 1700 1822 1733
f 1701 1723 1731
f 1701 1731 1724
f 1702 1754 1827
f 1702 2032 1754
f 1702 1827 1900
f 1702 1900 1870
f 1702 1870 2057
f 1702 2117 2032
f 1702 2057 2116
f 1702 2116 2117
f 1703 1875 1725
f 1703 1725 2055
f 1703 1911 1875
f 1703 2096 1911
f 1703 2056 2017
f 1703 2017 2097
f 1703 2055 2056
f 1703 2094 2095
f 1703 2097 2094
f 1703 2095 2096
f 1704 1716 1796
f 1704 1796 1783
f 1705 1708 1800
f 1705 1800 1794
f 1706 1798 1721
f 1706 1770 1787
f 1706 1787 1798
f 1707 1756 1822
f 1707 1822 1790
f 1708 1710 1801
f 1708 1801 1800
f 1709 1808 1714
f 1709 1780 1808
f 1710 1713 1802
f 1710 1802 1801
f 1711 1725 1777
f 1711 1795 1772
f 1711 1772 2104
f 1711 1777 1795
f 1712 1789 1715
f 1712 1740 1789
f 1713 1727 1806
f 1713 1806 1802
f 1714 1808 1793
f 1715 1789 1755
f 1716 1730 1809
f 1716 1809 1796
f 1717 1797 1737
f 1717 1759 1797
f 1718 1772 1749
f 1718 2104 1772
f 1719 1907 1876
f 1719 1876 2022
f 1719 1886 1907
f 1719 2023 2014
f 1719 2014 2101
f 1719 2022 2023
f 1719 2049 2050
f 1719 2101 2049
f 1720 1738 1799
f 1720 1799 1762
f 1721 1811 1732
f 1721 1798 1811
f 1722 1869 1899
f 1722 2089 1869
f 1722 1899 1886
f 1722 2038 2037
f 1722 2037 2044
f 1722 2044 2089
f 1723 1778 1731
f 1724 1731 1779
f 1725 1875 1777
f 1725 2054 2055
f 1726 1786 1735
f 1726 1765 1786
f 1727 1820 1806
f 1727 2165 1820
f 1727 2186 2165
f 1727 2169 2186
f 1728 1762 1803
f 1728 1803 1766
f 1729 1742 1788
f 1729 1788 1770
f 1730 1737 1809
f 1731 1778 1784
f 1731 1784 1779
f 1732 1817 1738
f 1732 1811 1817
f 1733 1853 1743
f 1733 1822 1853
f 1734 1802 1736
f 1734 1741 1801
f 1734 1801 1802
f 1735 1813 1778
f 1735 1786 1813
f 1736 1806 1746
f 1736 1802 1806
f 1737 1797 1815
f 1737 1815 1809
f 1738 1817 1799
f 1739 1751 1824
f 1739 1824 2165
f 1739 2165 2186
f 1739 2186 2169
f 1740 1758 1805
f 1740 1805 1789
f 1741 1781 1800
f 1741 1800 1801
f 1742 1779 1814
f 1742 1814 1788
f 1743 1848 1750
f 1743 1853 1848
f 1744 2121 1745
f 1744 1747 1840
f 1744 1840 1838
f 1744 1838 2121
f 1745 1833 1752
f 1745 2121 1833
f 1746 1806 1820
f 1746 1820 2128
f 1746 2128 2124
f 1747 1748 1842
f 1747 1842 1840
f 1748 1750 1845
f 1748 1845 1842
f 1749 1772 1791
f 1749 1791 2037
f 1750 1848 1845
f 1751 1753 1832
f 1751 1832 1824
f 1752 1835 1753
f 1752 1833 1835
f 1753 1836 1832
f 1753 1835 1836
f 1754 1844 1827
f 1754 1897 1844
f 1754 1876 1897
f 1754 2022 1876
f 1754 2021 2022
f 1754 2032 2021
f 1755 1816 1780
f 1755 1789 1816
f 1756 1760 1853
f 1756 1853 1822
f 1757 2128 1820
f 1757 1820 2173
f 1757 2124 2128
f 1757 2164 2150
f 1757 2173 2164
f 1758 1782 1810
f 1758 1810 1805
f 1759 1804 1797
f 1760 1763 1848
f 1760 1848 1853
f 1761 1837 1804
f 1761 1846 1837
f 1762 1799 1803
f 1763 1764 1842
f 1763 1842 1845
f 1763 1845 1848
f 1764 1768 1840
f 1764 1840 1842
f 1765 1783 1825
f 1765 1807 1786
f 1765 1825 1807
f 1766 1803 1834
f 1766 1834 1846
f 1767 1832 1774
f 1767 1824 1832
f 1767 2164 1824
f 1767 2150 2164
f 1768 1838 1840
f 1768 2194 1838
f 1768 2145 2194
f 1769 1818 1781
f 1769 1785 1828
f 1769 1828 1818
f 1770 1812 1787
f 1770 1788 1812
f 1771 1773 1833
f 1771 2137 1773
f 1771 1833 2129
f 1771 2129 1838
f 1771 1838 2194
f 1771 2194 2145
f 1772 1795 1791
f 1773 1776 1835
f 1773 1835 1833
f 1774 1836 1775
f 1774 1832 1836
f 1775 1836 1776
f 1776 1836 1835
f 1777 1859 1795
f 1777 1898 1859
f 1777 1875 1898
f 1778 1813 1784
f 1779 1784 1814
f 1780 1829 1808
f 1780 1816 1829
f 1781 1794 1800
f 1781 1818 1794
f 1782 1794 1818
f 1782 1818 1810
f 1783 1796 1825
f 1784 1813 1823
f 1784 1823 1814
f 1785 1821 1854
f 1785 1854 1828
f 1786 1807 1839
f 1786 1839 1813
f 1787 1826 1798
f 1787 1812 1826
f 1788 1841 1812
f 1788 1814 1841
f 1789 1805 1816
f 1791 1795 1819
f 1791 2044 2037
f 1792 1877 1821
f 1792 1857 1877
f 1793 1808 1867
f 1793 1867 1843
f 1795 1859 1819
f 1796 1809 1847
f 1796 1847 1825
f 1797 1804 1851
f 1797 1851 1815
f 1798 1849 1811
f 1798 1826 1849
f 1799 1852 1803
f 1799 1817 1852
f 1803 1852 1834
f 1804 1837 1873
f 1804 1873 1851
f 1805 1810 1831
f 1805 1831 1816
f 1807 1825 1862
f 1807 1862 1839
f 1808 1829 1867
f 1809 1815 1861
f 1809 1861 1847
f 1810 1818 1830
f 1810 1830 1831
f 1811 1863 1817
f 1811 1849 1863
f 1812 1841 1826
f 1813 1839 1823
f 1814 1823 1841
f 1815 1851 1865
f 1815 1865 1861
f 1816 1831 1829
f 1817 1866 1852
f 1817 1863 1866
f 1818 1828 1830
f 1819 1859 1869
f 1819 1869 2089
f 1820 2165 2176
f 1820 2176 2173
f 1821 1877 1854
f 1823 1839 1850
f 1823 1850 1841
f 1824 2164 2173
f 1824 2176 2165
f 1824 2173 2176
f 1825 1847 1871
f 1825 1871 1862
f 1826 1841 1864
f 1826 1872 1849
f 1826 1864 1872
f 1827 1844 1888
f 1827 1888 1910
f 1827 1910 1900
f 1828 1854 1830
f 1829 1831 1856
f 1829 1856 1867
f 1830 1855 1831
f 1830 1854 1855
f 1831 1855 1856
f 1833 2121 2129
f 1834 1874 1846
f 1834 1852 1874
f 1837 1846 1881
f 1837 1881 1873
f 1838 2129 2121
f 1839 1868 1850
f 1839 1862 1868
f 1841 1850 1864
f 1843 1880 1860
f 1843 1867 1880
f 1844 1890 1888
f 1844 1903 1890
f 1844 1897 1903
f 1846 1874 1881
f 1847 1861 1882
f 1847 1882 1871
f 1849 1883 1863
f 1849 1872 1883
f 1850 1868 1864
f 1851 1884 1865
f 1851 1873 1884
f 1852 1866 1874
f 1854 1877 1855
f 1855 1878 1856
f 1855 1877 1878
f 1856 1880 1867
f 1856 1878 1880
f 1857 1858 1878
f 1857 1878 1877
f 1858 1860 1880
f 1858 1880 1878
f 1859 1898 1869
f 1861 1865 1884
f 1861 1884 1882
f 1862 1871 1868
f 1863 1885 1866
f 1863 1883 1885
f 1864 1868 1872
f 1866 1885 1874
f 1868 1871 1879
f 1868 1879 1872
f 1869 1898 1899
f 1870 1900 1948
f 1870 1911 2096
f 1870 2174 1911
f 1870 1948 2174
f 1870 2098 2057
f 1870 2096 2095
f 1870 2095 2098
f 1871 1882 1879
f 1872 1879 1883
f 1873 1881 1889
f 1873 1889 1884
f 1874 1885 1881
f 1875 1941 1898
f 1875 1911 1941
f 1876 1937 1897
f 1876 1907 2189
f 1876 2189 1937
f 1879 1882 1887
f 1879 1887 1883
f 1881 1885 1889
f 1882 1884 1887
f 1883 1887 1885
f 1884 1889 1887
f 1885 1887 1889
f 1886 1899 2182
f 1886 1947 1907
f 1886 2182 1947
f 1888 1890 1892
f 1888 1892 1891
f 1888 1891 1910
f 1890 1905 1892
f 1890 1903 1905
f 1891 1892 1894
f 1891 1894 1893
f 1891 1893 1919
f 1891 1919 1910
f 1892 1908 1894
f 1892 1905 1908
f 1893 1894 1896
f 1893 1896 1895
f 1893 1895 1923
f 1893 1923 1919
f 1894 1918 1896
f 1894 1908 1918
f 1895 1896 1902
f 1895 1902 1901
f 1895 1901 1926
f 1895 1926 1923
f 1896 1927 1902
f 1896 1918 1927
f 1897 1954 1903
f 1897 1937 1954
f 1898 2144 1899
f 1898 1941 2144
f 1899 2144 2182
f 1900 1910 1961
f 1900 1961 1948
f 1901 1902 1906
f 1901 1906 1904
f 1901 1904 1931
f 1901 1931 1926
f 1902 1933 1906
f 1902 1927 1933
f 1903 1957 1905
f 1903 1954 1957
f 1904 1906 1909
f 1904 1909 1936
f 1904 1936 1931
f 1905 1959 1908
f 1905 1957 1959
f 1906 1917 1909
f 1906 1940 1917
f 1906 1933 1940
f 1907 1947 2152
f 1907 2152 2172
f 1907 2172 2189
f 1908 1960 1918
f 1908 1959 1960
f 1909 1920 1914
f 1909 1914 1943
f 1909 1917 1920
f 1909 1943 1936
f 1910 1919 1964
f 1910 1964 1961
f 1911 2155 1941
f 1911 2158 2155
f 1911 2174 2158
f 1912 1913 1925
f 1912 1942 1913
f 1912 1928 1916
f 1912 1916 1935
f 1912 1925 1928
f 1912 1935 1939
f 1912 1939 1942
f 1913 1915 1924
f 1913 1945 1915
f 1913 1924 1925
f 1913 1942 1945
f 1914 1922 1915
f 1914 1915 1946
f 1914 1920 1922
f 1914 1946 1943
f 1915 1922 1924
f 1915 1945 1946
f 1916 1928 1921
f 1916 1921 1934
f 1916 1934 1935
f 1917 1940 1920
f 1918 1965 1927
f 1918 1960 1965
f 1919 1923 1966
f 1919 1966 1964
f 1920 1944 1922
f 1920 1940 1944
f 1921 1928 1929
f 1921 1929 1930
f 1921 1930 1934
f 1922 1949 1924
f 1922 1944 1949
f 1923 1926 1968
f 1923 1968 1966
f 1924 1951 1925
f 1924 1949 1951
f 1925 1955 1928
f 1925 1951 1955
f 1926 1931 1969
f 1926 1969 1968
f 1927 1971 1933
f 1927 1965 1971
f 1928 1953 1929
f 1928 1956 1953
f 1928 1955 1956
f 1929 1932 1930
f 1929 1952 1932
f 1929 1953 1952
f 1930 1932 1938
f 1930 1938 1934
f 1931 1936 1975
f 1931 1975 1969
f 1932 1950 1938
f 1932 1962 1950
f 1932 1952 1962
f 1933 1974 1940
f 1933 1971 1974
f 1934 1963 1935
f 1934 1938 1958
f 1934 1958 1963
f 1935 1972 1939
f 1935 1963 1972
f 1936 1943 1980
f 1936 1980 1975
f 1937 1988 1954
f 1937 1973 1988
f 1937 2172 1973
f 1937 2189 2172
f 1938 1950 1967
f 1938 1967 1958
f 1939 1977 1942
f 1939 1972 1977
f 1940 1974 1944
f 1941 2066 1947
f 1941 1947 2144
f 1941 2155 2066
f 1942 1978 1945
f 1942 1977 1978
f 1943 1946 1983
f 1943 1983 1980
f 1944 1979 1949
f 1944 1974 1979
f 1945 1981 1946
f 1945 1978 1981
f 1946 1981 1983
f 1947 2066 2152
f 1947 2182 2144
f 1948 1961 1987
f 1948 1987 1970
f 1948 1970 2158
f 1948 2158 2174
f 1949 1984 1951
f 1949 1979 1984
f 1950 1962 1967
f 1951 1985 1955
f 1951 1984 1985
f 1952 1953 1982
f 1952 1982 1962
f 1953 1956 1982
f 1954 1988 1957
f 1955 1989 1956
f 1955 1985 1990
f 1955 1990 1989
f 1956 1989 1982
f 1957 1993 1959
f 1957 1988 1993
f 1958 1986 1963
f 1958 1967 1986
f 1959 1994 1960
f 1959 1993 1994
f 1960 1996 1965
f 1960 1994 1996
f 1961 1964 1991
f 1961 1991 1987
f 1962 1976 1967
f 1962 1982 1976
f 1963 2004 1972
f 1963 1986 2004
f 1964 1966 1992
f 1964 1992 1991
f 1965 1999 1971
f 1965 1996 1999
f 1966 1968 1995
f 1966 1995 1992
f 1967 1976 1986
f 1968 1969 1998
f 1968 1998 1995
f 1969 1975 2000
f 1969 2000 1998
f 1970 1988 1973
f 1970 1973 2066
f 1970 1987 1988
f 1970 2066 2155
f 1970 2155 2158
f 1971 2002 1974
f 1971 1999 2002
f 1972 2004 1977
f 1973 2152 2066
f 1973 2172 2152
f 1974 2008 1979
f 1974 2002 2006
f 1974 2006 2008
f 1975 1980 2000
f 1976 1982 1997
f 1976 1997 1986
f 1977 2009 1978
f 1977 2004 2009
f 1978 2007 1981
f 1978 2009 2007
f 1979 2010 1984
f 1979 2008 2010
f 1980 1983 2001
f 1980 2001 2000
f 1981 2005 1983
f 1981 2007 2005
f 1982 1989 1997
f 1983 2003 2001
f 1983 2005 2003
f 1984 2011 1985
f 1984 2010 2011
f 1985 2013 1990
f 1985 2011 2013
f 1986 1997 2004
f 1987 1993 1988
f 1987 1991 1993
f 1989 1990 2012
f 1989 2012 1997
f 1990 2013 2012
f 1991 1992 1994
f 1991 1994 1993
f 1992 1996 1994
f 1992 1995 1996
f 1995 1999 1996
f 1995 1998 1999
f 1997 2012 2004
f 1998 2002 1999
f 1998 2000 2002
f 2000 2001 2002
f 2001 2006 2002
f 2001 2003 2006
f 2003 2005 2008
f 2003 2008 2006
f 2004 2013 2009
f 2004 2012 2013
f 2005 2007 2010
f 2005 2010 2008
f 2007 2009 2011
f 2007 2011 2010
f 2009 2013 2011
f 2019 2029 2026
f 2019 2026 2030
f 2025 2045 2083
f 2025 2110 2045
f 2025 2083 2079
f 2026 2027 2030
f 2033 2036 2034
f 2034 2036 2068
f 2034 2068 2067
f 2035 2102 2036
f 2036 2103 2068
f 2036 2102 2103
f 2041 2043 2042
f 2041 2060 2043
f 2041 2059 2060
f 2041 2107 2059
f 2042 2043 2063
f 2043 2060 2061
f 2043 2061 2064
f 2043 2064 2063
f 2045 2109 2046
f 2045 2110 2109
f 2049 2101 2051
f 2059 2107 2108
f 2060 2064 2061
f 2079 2083 2080
f 2084 2085 2086
f 2084 2086 2087
f 2085 2100 2086
f 2086 2100 2087
f 2107 2109 2108
f 2108 2109 2110
f 2111 2113 2112
