MeshVersionFormatted 1
Dimension 3
Vertices
2472
-0.3105087417047722 0.6684157823500076 -0.292924305665563 0
-0.3084651225873711 0.7090268849895864 -0.2432344940179065 0
-0.305689926664111 0.644329193718343 -0.3347467991639664 0
-0.3033398912639348 0.7299597504574857 -0.2218739120166463 0
-0.3023383274527869 0.6543381192911631 -0.2845714909037806 0
-0.3013552913015453 0.6268725799008412 -0.3416352399293339 0
-0.3005396265777526 0.6885185129929383 -0.3134002593554915 0
-0.2999734547401914 0.646211326283239 -0.3583203287543343 0
-0.2977118921170959 0.6907319288173613 -0.2333155876703198 0
-0.2973156362335366 0.7398961593881807 -0.215854279696063 0
-0.2969017996866022 0.7330174823079072 -0.2685652303333232 0
-0.2933319378370913 0.7520707664429918 -0.247885549210032 0
-0.2926005201810229 0.6276454788011498 -0.3702089687265812 0
-0.2920250339322047 0.7489281890893033 -0.2117922716862162 0
-0.2908649115096525 0.711491922623284 -0.2111747587963335 0
-0.2899189064652148 0.7582971755355929 -0.2399623845713608 0
-0.2893295802843042 0.6340828957672876 -0.3312393002825704 0
-0.2874477596825014 0.757514552615099 -0.2082024317619111 0
-0.2871187959458806 0.6668719589516897 -0.3584198117208978 0
-0.2868687465397501 0.7641098265759638 -0.2340224568772671 0
-0.2845885547600602 0.6516474657327485 -0.2890794797451052 0
-0.2839202878282053 0.7702902417220872 -0.2293237782819499 0
-0.283764366531212 0.7229171200913953 -0.2053520829378208 0
-0.2836127083390527 0.7659952221733546 -0.2037095634646233 0
-0.2817371061322584 0.7033085758965052 -0.3321901657750601 0
-0.2810719275502902 0.7776211560643254 -0.2247072345747101 0
-0.2802285279220781 0.6348572390494767 -0.3536421155645277 0
-0.2788473056855383 0.6541951020300132 -0.3703270339896918 0
-0.2775064276622803 0.7333292071484365 -0.2013344127406428 0
-0.2758626158444504 0.7848832871968523 -0.1928759955966823 0
-0.2754748080309944 0.6858104293434872 -0.2395989372390449 0
-0.2739281634318949 0.7500377255499543 -0.2919568893548141 0
-0.2728890903011844 0.7976908333184931 -0.2139430764219616 0
-0.2720992901843909 0.7430061258625855 -0.1976529100103376 0
-0.2708089337799975 0.7671457359728496 -0.2714127883502094 0
-0.2704898770941088 0.6569505191227405 -0.3552540663811821 0
-0.2697656046633059 0.770105539774703 -0.2611552849011737 0
-0.2689390667955734 0.7726354315969114 -0.2532974167435555 0
-0.2677119572326782 0.7518066826901912 -0.192900520559476 0
-0.267664733433373 0.7049379576297992 -0.2171953004299336 0
-0.2675276143135155 0.7763792950436433 -0.2473963363682688 0
-0.2655260730456173 0.6667492996139256 -0.3085782365788287 0
-0.265398224187956 0.782241951868744 -0.2428699426335212 0
-0.2635200673902534 0.7014200313765887 -0.3370299745243798 0
-0.2612200058864113 0.7153933555225538 -0.2103320218941463 0
-0.260207518687399 0.8247202715725521 -0.1705534926198591 0
-0.259423620669599 0.7697434097492906 -0.1817505157411065 0
-0.2562887196665751 0.8029755750157412 -0.2321356217302956 0
-0.2554452301613389 0.725156949981429 -0.2052117966530455 0
-0.2550925075942139 0.8435479009468815 -0.1902022589821452 0
-0.2550062232441913 0.6878482612470522 -0.3292325538451895 0
-0.252259264358808 0.7030202814625847 -0.2639405511211073 0
-0.2509673230053646 0.7464376423567699 -0.2982775458664299 0
-0.2502306812500126 0.7344465626268825 -0.200766561120975 0
-0.2466751698674547 0.7624711066208806 -0.277306827709659 0
-0.2462362322475296 0.7646391657659777 -0.2657856627898417 0
-0.2461929973853336 0.765803160614369 -0.2569800571953134 0
-0.2456805508189392 0.7428861646695641 -0.195858382597636 0
-0.2452267901626792 0.7685840659139331 -0.2504193266524524 0
-0.2451818972048242 0.7196121883308106 -0.2424404128995665 0
-0.2432316671697046 0.8062698605542058 -0.1597996892357865 0
-0.2430730284011952 0.7739094243930384 -0.2455473958494419 0
-0.2430415591070652 0.8669704543602735 -0.1502702492567445 0
-0.2413900323373714 0.7261959178910711 -0.233653389831735 0
-0.2397798869172026 0.7287846239698712 -0.2889729785723384 0
-0.237940444048508 0.7324207209252368 -0.2263853428094325 0
-0.2362979695718558 0.7607382278327357 -0.1845686843020469 0
-0.2356824227872276 0.8533727368563557 -0.2071754683920141 0
-0.2350430525762558 0.8925406009839769 -0.170097952970847 0
-0.2345251403826311 1.280407262255221 0.2012082857518353 0
-0.2343655482834078 0.7390496281418499 -0.220545770376408 0
-0.2339317107638594 0.889130733894651 -0.1387621369220221 0
-0.2338908180536931 1.281348874436734 0.1915965280028374 0
-0.2338309216186319 0.7445670087540328 -0.2676098381271774 0
-0.233093990850277 1.30211747188104 0.2033587987568075 0
-0.2330419565535535 1.258770119325937 0.1990831607559617 0
-0.2329479198749478 0.7942542271233635 -0.2341338932598573 0
-0.2324674493428346 1.302974985738386 0.1937382544799409 0
-0.2324608197121261 1.280061425470287 0.2075174251483375 0
-0.2324605082720833 0.7479498554578852 -0.2564522786903771 0
-0.232407351026362 1.259783779986649 0.1894789101859212 0
-0.2320392434836061 1.28249978041828 0.1794796165395472 0
-0.2316228493893854 0.7500706513786111 -0.2475810154385332 0
-0.2310132592176843 1.301592884455983 0.2096505902269485 0
-0.230999917239844 1.2585587341547 0.2054052272961408 0
-0.2306380080066118 1.303896888961379 0.1815980387646791 0
-0.2306291849662565 0.7463726735295491 -0.2150162115335784 0
-0.2305664057440943 1.261177558774984 0.1773868491175788 0
-0.2303270283386332 0.9014228366471266 -0.1290816785230112 0
-0.2299746043195389 0.7536075593922317 -0.2408062060386809 0
-0.2293694574855228 1.283986825154992 0.164024701374731 0
-0.2288586349832974 1.323444775466582 0.2054797540065315 0
-0.2287692494466754 1.237474130396559 0.1969977876112902 0
-0.228247917194489 1.32421671163365 0.1958503344332033 0
-0.228147016916521 1.238567554137447 0.1874018352434671 0
-0.2279941949557623 1.305041072773612 0.1661084815423502 0
-0.2279123812676493 1.263008446478363 0.1619668122159083 0
-0.2272980035037991 0.7593082300099804 -0.2353256893531326 0
-0.2268042088018287 1.322657639072949 0.2117456832843138 0
-0.2267578189077656 1.237384869377245 0.2033316127742489 0
-0.2264703654099878 1.324912259083069 0.1836870405137108 0
-0.2263455186797087 1.240197398943882 0.1753338708343676 0
-0.2263151650768569 1.285857195693186 0.1443851221529954 0
-0.2262304373605479 1.280622103833149 0.2097147779177913 0
-0.2260709106002285 0.9126762007942282 -0.1178889848163606 0
-0.2255499789421852 0.8451572596035207 -0.1397146038592454 0
-0.2249669495805915 1.306523468587439 0.146430360578782 0
-0.2248815007886275 1.265249667490545 0.1423636121039738 0
-0.2248268865302848 1.25954073875886 0.2076445972592454 0
-0.2247445984192024 1.301634564111003 0.2117966757292349 0
-0.2246211307930751 0.9169277069573541 -0.1590087889605076 0
-0.2238972189410011 1.325722534561122 0.1681636473911237 0
-0.2237491207582578 1.242361754625827 0.1599475755051836 0
-0.2222231625709084 1.288470957794215 0.1172287684413574 0
-0.2217966013740323 1.344063502426514 0.2075487121454483 0
-0.2216860272577237 1.217008540476306 0.1950118628175986 0
-0.2212159534123496 1.344766892681553 0.1979119904199886 0
-0.2210828682745218 1.218185069318376 0.1854249901888936 0
-0.2209473057745339 1.326834355916517 0.1484488258312794 0
-0.2209107683186804 1.308623354900855 0.1192229298048122 0
-0.2208238245095968 1.26837505409589 0.1152575238238729 0
-0.2207930303573545 1.244980974855564 0.1403817047981214 0
-0.2206880733551854 0.9291637214422535 -0.1504418223736807 0
-0.2206704965148512 1.238749428687425 0.205608964237413 0
-0.2206217369798643 1.321921627357059 0.2138143285179505 0
-0.220259127435768 0.7650139288111311 -0.2031242480591896 0
-0.2198452680903133 1.342879044861386 0.2137749211862783 0
-0.2197151820583087 1.217031429883416 0.2013559631249531 0
-0.2195208019514647 1.3452374317756 0.1857253489541301 0
-0.2193501821114931 1.22004483462737 0.1733805802043562 0
-0.2175029747506357 0.7977202048984218 -0.1623027745968347 0
-0.217066412181276 1.345730975204758 0.1701693485485631 0
-0.2169940979443679 1.328433070876003 0.1211915497541168 0
-0.2168540949795423 1.22253286790207 0.1580271061564877 0
-0.2168307650089868 1.248602838483847 0.1133246945921163 0
-0.2166419272162814 0.7785911674024584 -0.2230438355268002 0
-0.2165107458815393 1.292106413167945 0.07920485825207485 0
-0.2161144828208617 0.9397335305338204 -0.1408088043581984 0
-0.216074959044486 0.8658435290077513 -0.1281835403082429 0
-0.2152435763945247 1.311558702572437 0.08113062005829372 0
-0.2151700288151772 1.272700918499996 0.07729946614021471 0
-0.2149692781704401 0.9341159406734716 -0.08863995736889646 0
-0.2142462458691838 1.346474964095037 0.1504171526945994 0
-0.2140158775674321 1.225521404694102 0.1384982434682269 0
-0.2139688256108131 1.340947516960859 0.2157242731172087 0
-0.2137366529640344 1.218769044691447 0.2036704338270827 0
-0.2077847993382702 1.263071245219147 0.2080794356678669 0
-0.2121141034193199 1.363595997266518 0.2095193220761477 0
-0.2120273679980623 1.19758254894895 0.1931309790370077 0
-0.2117452203499705 0.9075337537204295 -0.188009632605305 0
-0.2115720425565099 1.364228765338506 0.1998750742177103 0
-0.2114572266039936 1.330665029931461 0.08303084572715309 0
-0.2114524410033229 1.1988304241089 0.1835518585096246 0
-0.2113239946971301 1.253616510384388 0.07543301950667169 0
-0.2109275693585303 0.8772086952253821 -0.1202369909497651 0
-0.2107970878351769 1.295742986154391 0.04118123678972734 0
-0.2104658220253059 1.347581141392746 0.1231099421271596 0
-0.2103519540874311 1.361971086830826 0.2157013111967751 0
-0.2102109676662074 1.229625937632192 0.1114894186895811 0
-0.2101093400890305 1.197724931976954 0.1994862820088066 0
-0.2099866582576591 1.364488495990112 0.1876665053214544 0
-0.2098854322009818 0.8443732343222778 -0.2088176939795507 0
-0.2098175458682542 1.200913438845965 0.1715302450500061 0
-0.2095720116104529 1.314485177377253 0.04303768540216737 0
-0.2095198395735058 1.277037344437357 0.03934245526961797 0
-0.2076879101966201 1.364676787903149 0.1720790125167494 0
-0.2075480585288974 0.8884799785874319 -0.1078656992623954 0
-0.207463871412343 1.203714633414209 0.1562084085102882 0
-0.2066705125388189 1.298394662486606 0.01403371065505506 0
-0.2059183071432906 1.332897494260736 0.04487046071203544 0
-0.2058188152398329 1.258631607639985 0.03754131335778431 0
-0.2054731874764665 1.316625869049314 0.01584057978158438 0
-0.2054358193270673 1.280185769868511 0.01224237150297054 0
-0.2051517015104015 1.349144304471629 0.08488429932344818 0
-0.2050460401631011 1.365070757506277 0.1522910589001535 0
-0.2050419788634907 1.358711750871315 0.2175171308330831 0
-0.2049598971566118 1.235261758961759 0.07365427624219142 0
-0.2047847977982391 1.207043606062431 0.1367140075919408 0
-0.2042821345435596 1.199855041347661 0.2018397061202845 0
-0.2041052076771658 0.9612866961977498 -0.1127694550536514 0
-0.2036933077230801 1.300295173439905 -0.005598236681800428 0
-0.2025144884072103 1.318161290839017 -0.003826466064092753 0
-0.2024943457318046 1.282451446844696 -0.00735521005850398 0
-0.201913106598431 1.334539127043228 0.01762495135425156 0
-0.2018834524966233 1.365474602694336 0.1248592466154009 0
-0.2018421315408657 1.262280487981587 0.01048938285456585 0
-0.2013391393047792 1.301812844506992 -0.02104820909622089 0
-0.2011992855204133 1.21161645825183 0.1097521551056946 0
-0.2001763550580781 1.319392194116549 -0.01930422875979369 0
-0.200169168157584 1.350454575972723 0.04658612195728452 0
-0.200253984098508 1.284183699910936 -0.02218410736304959 0
-0.1998986365226825 1.381729227093469 0.211367858612292 0
-0.1998567965808294 1.179701104327407 0.1914178576562103 0
-0.1997108285253789 1.240890940929218 0.0358180931024469 0
-0.1995124285131197 0.9330904276223755 -0.177898409862961 0
-0.1994971546042847 1.303002398040993 -0.03315787637134562 0
-0.1994018565156349 1.382290052288262 0.2017159407951644 0
-0.1993199357212521 1.181036723141162 0.181848556341587 0
-0.1990172432166031 1.335717655957659 -0.002076182828947302 0
-0.1989812783863863 1.264899169965334 -0.009074705418624623 0
-0.1989391015909517 1.302850157821549 0.2120447527947973 0
-0.1984239856983798 1.379708378744306 0.2175093944455122 0
-0.1983435780741714 1.320347855150819 -0.03143639689613949 0
-0.1983424518179831 1.285665896377206 -0.03486651155778436 0
-0.1981815621382829 0.8069009990103925 -0.1791292240501813 0
-0.1980309384303965 1.303945423689655 -0.04276350276408888 0
-0.1980181649895066 1.179985539511952 0.1977862434795751 0
-0.1979496036870588 1.38235443493782 0.1894872727788125 0
-0.1978030795222572 1.183326306107553 0.1698487521913564 0
-0.1972723627270346 0.9084861093045145 -0.07987215459090624 0
-0.1971487008000241 0.8371416447271055 -0.142014517410569 0
-0.1968906135069021 1.286786339819913 -0.0444550492762733 0
-0.1968861060617716 1.321105815987873 -0.04106011951486906 0
-0.1968182172897781 1.366427652740538 0.08658234226749016 0
-0.196732719946564 1.336661410013096 -0.01758176731763059 0
-0.1967125745793278 1.266984693920768 -0.02447026645926646 0
-0.1963155682892972 1.351599553477836 0.01929263933797061 0
-0.1962722996491991 1.217842015264742 0.07197258708027278 0
-0.1959093652370858 1.245015989670556 0.008811408661829466 0
-0.1958469250489329 1.382268892714439 0.1738715177130625 0
-0.1956247773098952 1.186431606876105 0.1545584744109993 0
-0.1954550175074992 1.304758758284131 -0.04900200560398681 0
-0.195210847286709 0.9444638942773508 -0.1709842876897179 0
-0.1949393756237546 1.268612753322756 -0.03653833877645001 0
-0.1949390291363362 1.337395527945144 -0.02973517571059841 0
-0.2026275877787828 1.339233184385951 0.2156103060572852 0
-0.1943442081523831 1.287834143142869 -0.05067086654471709 0
-0.1943104026683312 1.321675026331505 -0.04732254387538628 0
-0.1939857062147659 1.375295189284324 0.2192074327986385 0
-0.1947418640304411 1.204384633636574 0.2023395768061692 0
-0.1938144593680614 1.3821333039071 0.153976182632704 0
-0.1935315797711896 1.352435668958991 -0.0004411837342276348 0
-0.1935254144574733 1.269914641957578 -0.04610936098621007 0
-0.1935148196262783 1.33797205532086 -0.03937659849482525 0
-0.193175680990544 1.247969927030549 -0.01072130675141624 0
-0.1931523492693915 1.190083861791907 0.1350967462366224 0
-0.192951905433202 0.8253061544437459 -0.1976745767395759 0
-0.1924094687875301 1.18257009669855 0.2001844685615342 0
-0.1923328256271924 1.246019906077489 0.206472704501622 0
-0.1917530128003198 1.367380817423155 0.0483054491355573 0
-0.1913531233714427 1.224069748081547 0.03419228465337797 0
-0.1913413127750985 1.35309696552015 -0.01597501488028527 0
-0.1912311107286879 0.9827790336080842 -0.02068065102935863 0
-0.1910252108062302 1.271172322466272 -0.05230482925339126 0
-0.1910057445664267 1.250328070065505 -0.026090811587223 0
-0.190982228754117 1.33822384264684 -0.04567034962677385 0
-0.1904889450962461 1.382376086237213 0.1265906688533116 0
-0.1904288441687063 0.9543872294046297 -0.1626708700964286 0
-0.190281305200902 1.305564692456113 -0.05100832191296968 0
-0.1898422509723302 1.195085073615514 0.1081778686868906 0
-0.1896218056043608 1.353605078739023 -0.0281510922514876 0
-0.1893089588923239 1.252162853550719 -0.03813931837920816 0
-0.1892234320142611 1.34961219394889 0.2166969550792991 0
-0.1892226797104713 1.289013616861742 -0.05264044453361585 0
-0.1891085538083907 1.322039125825649 -0.04937236372212362 0
-0.1882614322546812 1.354020223673303 -0.03780876027883086 0
-0.1881376868620916 1.368071149316585 0.02096572504007936 0
-0.187958206746187 1.253638086482125 -0.04769378395881755 0
-0.1877801538786688 1.228639005673244 0.007228282378606919 0
-0.1902422439921834 1.366767565772864 0.2183837687193095 0
-0.1864864258985072 0.8576203659012935 -0.1306104969490972 0
-0.186238729710953 1.227586353267101 0.2046859894519857 0
-0.1859810404655126 1.272688167659996 -0.05424135304352811 0
-0.1858534975461139 1.337933939697934 -0.04778515444661606 0
-0.1858438961323463 1.353832254618993 -0.04414646424621192 0
-0.1858356972074611 1.382725711245692 0.08825192314026835 0
-0.1855279948020107 1.255096880081002 -0.05387001950701298 0
-0.1855027153013021 1.163444184194448 0.1898623245801351 0
-0.1854216298046836 1.398114868267124 0.2130521760961757 0
-0.1853268070648056 1.201799573496167 0.07044178476435523 0
-0.1852175040061637 1.231918394820814 -0.01227351781955875 0
-0.1850154944411107 1.164863589505203 0.1803020085141333 0
-0.1849805430476631 1.398621992612995 0.2033943833684877 0
-0.1842464397429051 1.395807759424844 0.2191640978472831 0
-0.184126296123464 1.398320686460767 0.1910688875855658 0
-0.1838168406296101 1.163925785886992 0.196249658146643 0
-0.1836438117496274 1.167342882090509 0.1683220045488679 0
-0.1834630100676167 1.368953662180896 -0.01436435905233599 0
-0.1832333265831811 0.8990089353802061 -0.1905506745541578 0
-0.1831779861274643 1.234531458607647 -0.02761854358250623 0
-0.1828677028608472 1.187247437546282 0.2007008646623752 0
-0.1868162027701299 1.335370739599745 0.2153087032807428 0
-0.1933606004819169 1.318573383176532 0.2136189502671646 0
-0.1821922443125591 1.397997481693747 0.1754361928758458 0
-0.1818493812885345 1.369258775016948 -0.02656108085749045 0
-0.1816776361948021 1.170722497718309 0.1530599933099153 0
-0.1815856677212975 1.236565844569879 -0.03964804779211922 0
-0.181182449318676 1.383075336254171 0.04991317742722516 0
-0.1809870746544439 0.8685570139485513 -0.1229399438703277 0
-0.1809670144032155 1.352578791035465 -0.04635735361206368 0
-0.1808288796905845 1.208524675550537 0.03270486004730364 0
-0.1806999724433691 1.390531884788576 0.2207733200385723 0
-0.1805842761443613 1.256941825943196 -0.05577433417959677 0
-0.1805685910275242 1.369498265802888 -0.03623655352134074 0
-0.1803968066242694 1.010419840103697 -0.04632588611071486 0
-0.1803162622321665 1.238199741871779 -0.0491873223194688 0
-0.1799600123151701 1.397812056866168 0.1555983901065497 0
-0.1701090865438006 1.287156009973202 0.2106404688631167 0
-0.1794449158312635 1.174663485631644 0.1336280480451845 0
-0.1786575948965141 1.167133530956191 0.1987093034064749 0
-0.1783564461961952 1.36886448474766 -0.04261946248748495 0
-0.1781459698802688 1.337376364153027 -0.0478036269065321 0
-0.1780554020033971 0.9754518964084998 -0.1364889275841223 0
-0.177982605474627 1.239874032222062 -0.05534278312291509 0
-0.1778595460247422 1.383327862679613 0.02252861700595368 0
-0.1775493194612192 1.213498197538251 0.005778773647424233 0
-0.06276360213927391 1.32484164027567 0.06616576737519607 0
-0.1769853232073106 1.397673630639321 0.1281733661981339 0
-0.1767451587771781 0.8777566723870336 -0.1124875043789788 0
-0.1688968991825298 1.270135485037555 0.2089729485863802 0
-0.1764589336566277 1.180055250277374 0.1067489750300661 0
-0.1754559665283498 1.383507040504878 0.002727801134081317 0
-0.1752012151484083 1.217058838978247 -0.01369725490675373 0
-0.1751422878236982 1.382355819183712 0.2199930043463998 0
-0.1749324856081154 0.9521855630508548 -0.01829037682270993 0
-0.1741518165688513 1.350738419876519 -0.04650653036298415 0
-0.1739434935212397 1.366530365827396 -0.04493976366890888 0
-0.1736818085321737 0.852489726118818 -0.1594829547511687 0
-0.1735635041047409 1.383646601987051 -0.01285921413109133 0
-0.1733268347092596 1.219903133630177 -0.02902046077290919 0
-0.1731802686233584 1.242068095240477 -0.05721302600295456 0
-0.172818725542452 1.397471997259371 0.08977758662774078 0
-0.1724077163965259 1.187243632259552 0.06905863462265062 0
-0.1720792645262761 1.383752553705715 -0.02507631456690256 0
-0.1718680391167887 1.222125569970916 -0.04103237340115683 0
-0.1709030270174021 1.38384083744446 -0.03476728995309875 0
-0.1707026850971317 1.223909506598414 -0.05055753034748567 0
-0.170330858530661 1.172479777731567 0.1992888841063748 0
-0.1699357855588367 0.9241086458032755 -0.1808921717351127 0
-0.1693563680359289 1.412321949650762 0.2144695775055043 0
-0.1624916950479235 1.339057323190964 0.215790211348707 0
-0.1692197884460548 1.193825078324106 0.2014271490428588 0
-0.169126102761463 1.149393402984548 0.1885357866206597 0
-0.1689852629758746 1.382799548384338 -0.04119204086050911 0
-0.1689374988669493 1.412786391977158 0.2048121978318334 0
-0.1686902657273068 1.150896252499881 0.1789850782989871 0
-0.1686495855333823 1.397260847149886 0.05138087590693467 0
-0.1684949519831743 1.225788834309741 -0.05669350134442096 0
-0.168380711668309 1.194430055349634 0.03136497946411412 0
-0.1678936077820186 1.410030123830301 0.2206491024102495 0
-0.1678675475262425 1.336773471977845 -0.04781445645965027 0
-0.1620679281946038 1.374834689044123 0.2193180475746351 0
-0.1677703216717329 1.412550895320836 0.1925596943696321 0
-0.1677201924001212 1.150130031767076 0.1949474290441528 0
-0.1674836029391798 1.153562113616905 0.1670251974265551 0
-0.1671565731856378 1.29335474349905 -0.05210576626947298 0
-0.1668514447953157 1.233595682429718 0.2053805410244648 0
-0.1667209751007531 0.8967440510858633 -0.08750011146325146 0
-0.1686404028522682 1.32312464650516 0.2141884358184892 0
-0.1660958992817402 1.412004463668189 0.1769035986962634 0
-0.165913657935345 1.348770155513541 -0.04666143613079442 0
-0.1657548773797323 1.157190688717771 0.1517897884680605 0
-0.1656748964255229 1.39712242092304 0.02395585199851891 0
-0.1655950240383931 0.8771210884834173 -0.1799202664060058 0
-0.1654396261376732 1.199771395012351 0.004474139132912544 0
-0.1652816793518349 1.379535959804919 -0.04360796302975888 0
-0.1649899008083195 1.404293541790157 0.2222092018927114 0
-0.1641600287867747 1.411555019637491 0.1570381710203612 0
-0.1638893833311923 1.228377362794678 -0.05852541337301616 0
-0.1638751046106419 0.9346107149285758 -0.1762098720109217 0
-0.1637956151351468 1.161372551485689 0.1323827914396226 0
-0.1586712097685921 1.308493261234285 0.212799870984767 0
-0.1635205604724307 1.397009055013131 0.004124813232699406 0
-0.1634086743328061 1.154156407358368 0.1974855474039474 0
-0.1633362303831033 1.203590564540587 -0.01497747143422769 0
-0.1618276404993303 1.396930871299826 -0.01148476595896702 0
-0.1616579176174647 1.20665013143925 -0.03028014062715858 0
-0.1615800884135883 1.411064878374846 0.1295763466493025 0
-0.1613344798188175 0.8744602468452733 -0.1487647833784776 0
-0.1610559243895603 1.167364801755645 0.1056566807032742 0
-0.1605837692026727 1.358111584801763 0.2176753928654431 0
-0.1604987100393355 1.396861857273326 -0.02371997271199745 0
-0.1603507851307261 1.209037572521186 -0.04227641680352006 0
-0.1601897133488325 0.9441744313722665 -0.1680363560206379 0
-0.1623822262308075 1.392726127110305 0.2210789352770821 0
-0.1594463657085999 1.396814313754735 -0.03342502041759648 0
-0.1593085459270925 1.210957198732628 -0.05178875067608463 0
-0.1592198839687601 1.263907605891096 -0.05498231820708552 0
-0.1613119189669462 1.178413752006516 0.1999297311794062 0
-0.1579674966983318 1.410376647512998 0.09112961521404593 0
-0.1578444618801065 1.395462710972079 -0.03988208152203905 0
-0.1576472094733988 1.174633890191217 0.0678808977785033 0
-0.1572989886304254 1.213085696197808 -0.05790090429024541 0
-0.15694515681632 1.022394012185555 -0.07429915510651347 0
-0.1568847958378359 1.160328498760967 0.1981406075799441 0
-0.1564979442725765 1.348195346765015 -0.04667243019222476 0
-0.1560461961309901 1.337029810161174 -0.04773244268727604 0
-0.155416975066331 0.8850895890459356 -0.142334260403651 0
-0.1548668866866527 1.391481572040861 -0.04237269446722501 0
-0.1543574924424667 1.409698044203025 0.05268382569668444 0
-0.1542841805243334 0.001679382576305536 0.2648444413893453 0
-0.154154301966309 1.182165702706504 0.03021835742062743 0
-0.1541447217961514 1.030333262097741 0.03448415785059664 0
-0.1539848822250443 0.01434662257803304 0.2650722040749193 0
-0.153606073110542 0.03019546847002946 0.2654662769493021 0
-0.1531327084188925 1.20081883800382 0.2022063354835592 0
-0.1530827283483365 1.216204221116302 -0.05968172524916736 0
-0.1593311452112263 1.250857116051136 0.2071188600284062 0
-0.1520279677437202 0.9008350132539864 -0.1702251121416971 0
-0.1517774368869306 1.409207933452976 0.02522200491359226 0
-0.1517019024726138 -0.006968117132808943 0.2632664008482083 0
-0.1516063851479888 1.187811272122177 0.003355227851900233 0
-0.1511094440211797 1.137377240145785 0.1874005549708754 0
-0.1510131814346408 1.42448314944211 0.2157649528597632 0
-0.1507400054771302 1.138953396084921 0.1778574369868428 0
-0.1507234567763027 0.002332071239048859 0.2205112591758363 0
-0.1506937245118545 0.89371501581082 -0.1335409678652374 0
-0.1506620621720597 1.424909018377318 0.2061034177190215 0
-0.1504251940527156 0.01642742075474816 0.2208023014413575 0
-0.1310007880106185 1.33451896504244 0.2154971037628658 0
-0.1502401699034884 1.421932307742967 0.2218466940166718 0
-0.1500709886038964 1.13837787530837 0.1938385416240322 0
-0.1499915076592796 0.03661690798700683 0.2214059353682769 0
-0.1499119025065015 1.408853176992612 0.005365621771501308 0
-0.1497888308599188 1.191817900232786 -0.01608051961142777 0
-0.1496927781271853 1.424538717337696 0.193836581851109 0
-0.1496434525788529 1.141961735947585 0.1660003451987059 0
-0.1488446657719479 1.167465687047645 0.1988987578144482 0
-0.1488384348009448 0.002638811600626532 0.1970045312071047 0
-0.1485420874054157 0.0174884602814608 0.1973392375988225 0
-0.1484428060191068 1.408571687393342 -0.01026520832674646 0
-0.1483801968233626 0.9638323667668114 -0.1438327177826098 0
-0.1483724406897109 0.0008383332732469235 0.3058364827504745 0
-0.1483346422576705 1.195052819063741 -0.03136728995451313 0
-0.1483047897520913 1.423803087255187 0.1781603281419909 0
-0.1481741310584908 1.145830717719982 0.1507964967024552 0
-0.148078908335212 0.04012151578556931 0.1982219584074812 0
-0.1480762758986947 0.0121322117137256 0.3060028065443807 0
-0.1480578290176692 -0.00613097204887659 0.2202236842327854 0
-0.1477771872125622 0.02372434584572512 0.3061753687413904 0
-0.1473236104347628 1.416098123109521 0.2234595601177622 0
-0.1472917657407903 1.408352419158462 -0.02251618159568682 0
-0.1472066165576671 1.197575464400461 -0.04335165418364208 0
-0.1468768139372777 1.143238429078639 0.1964588494774354 0
-0.1466975437392756 1.423132887821875 0.1582714074935191 0
-0.1465486337360637 0.3509375277634911 0.1500554342692116 0
-0.1465271550153484 0.3644589046067921 0.1428667582532287 0
-0.1465001433533964 1.150266896593132 0.1314272895728416 0
-0.146460660986063 0.3364822891010951 0.1534044330176606 0
-0.1464212128973264 0.6006360749196517 -0.003142050882514458 0
-0.1464201122300002 0.9361694986691818 -0.03207978632986087 0
-0.1464140801975162 -0.007504483630057516 0.3030950641175704 0
-0.1463778721354123 1.408175627749532 -0.03223472040196668 0
-0.1463480963565785 0.395481128334175 0.1230569124414485 0
-0.1462995394048671 1.199595981819704 -0.05285462403194752 0
-0.1461628540824701 0.5828370890308202 -4.848630748743865e-05 0
-0.1461455809988917 0.299602368605583 0.1527043833145738 0
-0.1461393374725393 0.04158350410130226 0.1754606009661857 0
-0.146072625812288 -0.00583253705560972 0.1967090816532034 0
-0.1459967819760832 0.4609877477114402 0.0737475594125586 0
-0.1459703969708253 0.0179228271512596 0.1731652870542365 0
-0.1458760533460988 0.9111251895844515 -0.1653570027192443 0
-0.1458758589937177 0.002824351618844189 0.1720930241852508 0
-0.1456985411685102 0.5260911503959462 0.02740059876625553 0
-0.1462844996153707 1.186583590234445 0.2008236235855912 0
-0.145608634033989 0.567046927127005 0.005011507789888819 0
-0.1454943380955471 0.5552991659135196 0.01041936033780475 0
-0.1454871163186109 0.2190930927919373 0.152355196887786 0
-0.14503310389966 1.406621961915116 -0.03871307192321825 0
-0.1449131940003566 0.1401775327755546 0.14608724742784 0
-0.1447944223511739 0.08281215626828309 0.14077742741923 0
-0.1446543828926606 0.09537550444262152 0.1417856482479353 0
-0.1446531330278079 0.1067516239550712 0.1432386355741277 0
-0.1446093434671942 1.202043148837161 -0.05893653692723387 0
-0.1445555270317673 1.422351539553698 0.1307785710279379 0
-0.1443381143734867 0.06605616858576908 0.1377652600236826 0
-0.1442671067835941 1.156319908675693 0.1046291094035247 0
-0.1440321299766308 1.338829962927721 -0.04754009700625218 0
-0.143967960701146 1.057616332402351 0.00653259225754696 0
-0.1436640559887815 0.04309640129082333 0.2657663794496276 0
-0.143372150950922 -0.009761634157007676 0.2593966366609068 0
-0.1472802185299923 1.404982965450732 0.2223612327651947 0
-0.1430410368320639 -0.005547339156950933 0.1714219125941255 0
-0.1426662978685612 0.9963329376871944 0.03537070977871903 0
-0.1425873978847717 1.402263096787676 -0.04124373415800604 0
-0.1425098547640558 0.04189313111350571 0.1324015450923237 0
-0.1423919679235534 0.6184558131605926 -0.006592723842786877 0
-0.1434265831164288 1.151241191396548 0.1972883293096228 0
-0.1460589743755591 1.224087393772142 0.2045455958749256 0
-0.1416264997286427 1.32648912587325 -0.04870559486458574 0
-0.141558246908569 1.421263478026756 0.09228919104560927 0
-0.1412742175187559 1.164230718832143 0.06701643208798369 0
-0.1410977137598456 1.20587044833454 -0.0606501877732218 0
-0.1405785618621292 0.9199050133574337 -0.1577697567642334 0
-0.1404150041089672 0.01835794050958106 0.1265563740261058 0
-0.140226014277579 0.9119470386706615 -0.1108531304442602 0
-0.1399485628121437 -0.01024300994657459 0.2951966829770731 0
-0.139820326346163 0.06718196560579953 0.1803899204043893 0
-0.1396645999882247 0.05384377545807972 0.2218582160305997 0
-0.1395872770211775 -0.009235530986013044 0.2197296293837381 0
-0.1393594697162887 0.03294274494953644 0.2956533690462245 0
-0.1391359733674628 0.003422627344613191 0.1232246584919806 0
-0.139355320389659 1.174877457497252 0.1996876922020407 0
-0.1385584513149477 1.420165769877565 0.05379886690290651 0
-0.1383378418808388 1.172122265100171 0.02939402076536832 0
-0.140544130416142 1.230368218066419 -0.05821585521773887 0
-0.1375570042163315 0.05977498013916346 0.1987904217256653 0
-0.1373703121174217 1.158438743329918 0.1980472008469796 0
-0.1373207691539697 -0.008759089173248354 0.196463396687303 0
-0.1386304312184657 1.392983663158991 0.2212216382161561 0
-0.1364190076690373 1.419394052975339 0.02630697280371612 0
-0.1363095142605328 -0.004612985222863548 0.1225969120430477 0
-0.1362583116054399 1.206748280985039 0.20288372514112 0
-0.136216262833017 1.1779897482399 0.002543805808571956 0
-0.1358370935828184 0.6547535709972666 -0.001603124383868809 0
-0.1357142837911379 0.3455667022463828 0.1879223218313779 0
-0.1356797730093342 0.3615324494063958 0.1862243239996569 0
-0.1356171263944566 0.0845602084323254 0.1744370946674043 0
-0.1356155564258425 0.3076852718627012 0.1873675533316205 0
-0.1355078451063849 0.376157479574485 0.1800361032542087 0
-0.1354959551475021 1.05039585970607 0.0559728144345493 0
-0.1354478167707324 0.2255712599026919 0.1859713992162821 0
-0.1354464929726905 0.3418293901547821 0.1149925140941532 0
-0.135416450446118 0.3535350189234309 0.1070616534407136 0
-0.135410971442548 0.09872222093340624 0.1740230940597076 0
-0.1353815568897686 0.3284211888720394 0.1179000778146813 0
-0.1353798473082435 0.1451013858782692 0.1781749348030016 0
-0.1353383152932305 0.110828520685652 0.1752710666307894 0
-0.1352154106880865 0.3818018810827742 0.08244333344994956 0
-0.1351576373954332 0.2929845323591244 0.1179694959097064 0
-0.1349293606579185 0.4097348656382743 0.1643765447910953 0
-0.1348683603537516 1.418822057474887 0.006427512441089453 0
-0.1348260553651943 1.181845951225934 -0.01700175636151523 0
-0.1346736582399395 0.213735318371978 0.1189196658455809 0
-0.134657067484085 0.445404601471372 0.02182031814259908 0
-0.134633939873236 -0.008429509381760875 0.1711160879457416 0
-0.1344429501471458 0.7914125397489322 0.003511268025643895 0
-0.1342418488758962 0.1363157479106017 0.1138630854453938 0
-0.1341579582385662 0.08170991349806436 0.1073506265443874 0
-0.1340977701984232 0.5098796635133518 -0.03426317255099645 0
-0.1340496050467808 0.092691744732356 0.1097550907614273 0
-0.1340495556602022 0.1035473254167943 0.1110894487523211 0
-0.1340216032307032 1.260920848926297 0.208238831602656 0
-0.1338007117102325 0.478337443543488 0.1262881186138013 0
-0.1337232356953301 0.5405269156347903 -0.05507951952813731 0
-0.1336502942960934 1.418381251300453 -0.009220339996768953 0
-0.1336166495568444 1.185236310697426 -0.03227400188845727 0
-0.1335828909929782 0.06656080295384305 0.101773831636958 0
-0.1333757421850163 0.5541654435203257 -0.06237995259066877 0
-0.1324183909257027 1.167244407899048 0.1989592701758641 0
-0.1328568002949853 0.5708281503981978 -0.06978947258790034 0
-0.1327726861764803 0.5456709746329294 0.08952151263666738 0
-0.1326935424425921 1.418028256372504 -0.02148552121025048 0
-0.1326786814475483 1.18786726686321 -0.04424845929915075 0
-0.1323090178528689 0.5743895641411219 0.07626048999908676 0
-0.1320892011709522 0.5895330808158845 -0.0753751435514961 0
-0.1320667835530948 0.5851037379865034 0.07258334801496658 0
-0.1319372750035365 1.417758143770412 -0.03121408271162573 0
-0.1319254555552113 1.189996188133639 -0.05374115616469655 0
-0.1316707096431931 1.128139062823196 0.1865979553123476 0
-0.1316318625298489 0.5991844658435718 0.07061710134219748 0
-0.1315358233604508 0.04267427837289844 0.09265579436832402 0
-0.1313747588220387 1.129834120064129 0.1770710232307199 0
-0.1312243931343839 1.434143714047658 0.2168194558062366 0
-0.1310444043685353 1.129273962789613 0.1930487889659865 0
-0.1309989995530903 0.6145477071311329 0.06964679805445093 0
-0.130946103733555 1.43453985409058 0.2071546173014506 0
-0.1308160509654051 1.416073314175277 -0.03770653098588851 0
-0.1307524023247846 -0.01013827680587858 0.2814775320791604 0
-0.1306316691033744 1.192724534106339 -0.05979661918888677 0
-0.1305891221182371 1.431545948178021 0.2228958716118009 0
-0.1305604724798678 -0.009813491157384247 0.2555709816737682 0
-0.1322833772265763 1.193178673920438 0.2015541962671415 0
-0.1305458305792013 1.132866662653702 0.1651585057895648 0
-0.1301902842205653 1.434061562664618 0.1948760315285969 0
-0.1297091542502206 1.372688106112206 0.2192623893780584 0
-0.129584097859546 -0.007449872662634941 0.1255012050635582 0
-0.1293550442547355 1.136969275094786 0.1499840390545509 0
-0.1293069994987989 1.006555650950447 -0.0878866537166281 0
-0.1292108248588796 1.244295471575255 0.2066297090842894 0
-0.1291721280458731 0.01960244810976707 0.08312714036642539 0
-0.1291197285788666 0.9387937021484697 -0.1359482027742879 0
-0.1291104053624196 1.433172244113381 0.1791830346572926 0
-0.1291061127627421 1.134609357441499 0.1957191275488057 0
-0.1288921562783306 0.869150257072439 0.005838486882596583 0
-0.1287749062535653 1.411514461089046 -0.04025899809536305 0
-0.1286658500649779 1.054410119770792 0.06524736569456166 0
-0.1286020629508118 1.425410428835313 0.2244076853733751 0
-0.1280559980886397 1.197255025397491 -0.06144433009743906 0
-0.1280323517382919 1.329461142346585 -0.04834615909370903 0
-0.1279749246794689 1.141675306613432 0.1306554595683468 0
-0.127859960283107 1.432335334746757 0.1592758419208338 0
-0.1277649187306036 1.050148286638395 0.07960524726522339 0
-0.1277047937357572 0.005002278405711399 0.07746743070407888 0
-0.1272034210059646 0.6096289955218156 -0.07912387581107874 0
-0.1267147728135705 -0.009337494164757248 0.2195451265360475 0
-0.1265089562752231 1.142892499708091 0.196524516066526 0
-0.1263655247653762 1.076815719698155 0.02595526331047759 0
-0.1261913593937596 1.431325568271476 0.1317580453954902 0
-0.1261425204755849 1.148084956837548 0.1039094828901089 0
-0.1259178233855375 0.6215855729591232 0.07398975932967673 0
-0.1257083290679952 -0.002593179452612228 0.07685050854239074 0
-0.1255075985014656 1.17760016635015 0.2000364443715721 0
-0.1253395537380432 1.044220634984055 -0.03932020757385758 0
-0.125052293518136 1.024516073791231 0.07072901908692394 0
-0.1307369075319972 1.276173182955707 -0.0536312987677017 0
-0.1229390321707529 1.207642845411073 -0.0603865862109955 0
-0.1244505323541311 1.414743341900491 0.2234379377616725 0
-0.1243765802888198 -0.00902868903940912 0.1961821190815955 0
-0.1259319895633246 1.22792395868488 0.2050284221810118 0
-0.1241653100073478 1.066832543905252 -0.02595824923560502 0
-0.1238543704950579 1.429908141793208 0.09323278370809603 0
-0.1237175377843419 1.156051681101181 0.06630481861382453 0
-0.1240951973692928 1.15209634779387 0.1974721589814832 0
-0.1236799547281261 0.9966237832182391 -0.001342707713315183 0
-0.1377474564298936 1.351214537138453 0.2171096118114695 0
-0.122915405096339 0.6431737344690959 -0.08068502132700972 0
-0.122755369009715 1.012093092745319 -0.04083359515331583 0
-0.1227170486600785 1.164680583668484 0.1987532598515799 0
-0.1225308399893505 1.05011914055387 0.1047908674213093 0
-0.1225088718035127 -0.008659155972217066 0.1708665585787936 0
-0.1224756261651414 0.6521458368965977 0.07311145043006059 0
-0.1217751037813595 0.0003859248671978441 0.3194548323804338 0
-0.1217680595275884 -0.005568859012765755 0.08343867964882035 0
-0.1216251580222497 -0.007932981046370415 0.3162747330541381 0
-0.1215631460680469 0.7887421468043452 0.07388348349700091 0
-0.1215172070231075 1.428490761560594 0.05470752745871361 0
-0.1214781692864215 0.01122137930380023 0.3196076503986471 0
-0.1213941064614529 1.163971068585562 0.02868069875300491 0
-0.1213453275150032 0.949975311944258 -0.05951381731562436 0
-0.1213300553279874 0.9271026634647119 0.01387202745709501 0
-0.1211944178490026 0.02139930440473634 0.3197540607633993 0
-0.1207633874252722 1.081588665766388 0.03104729385208846 0
-0.1205643753233429 -0.01059998989105549 0.3070487830111859 0
-0.1200916152279292 -0.007652505841460258 0.1288136820601591 0
-0.1198486151323811 1.427480992701517 0.02718973065306005 0
-0.119831425663285 0.7183607970366798 -0.004226155299513968 0
-0.1197256153257039 1.170014140630347 0.001842834500589592 0
-0.1195265867673953 1.082970862756786 0.03694861928665966 0
-0.119444609780045 0.03248487100257655 0.3062556691434937 0
-0.1191461787543884 0.9869782123696551 0.005822941564472051 0
-0.1191139290280053 1.211760420270163 0.2034695870840596 0
-0.1187863924660604 1.34571331076401 -0.04673429300387956 0
-0.1187678876778278 0.991600964524961 0.0535836739461612 0
-0.1186433832732621 1.426755739120273 0.007293387554557093 0
-0.1186355880089559 0.9756295982721442 0.01597146696426793 0
-0.1185609738622419 1.17426203488041 -0.01758749877594828 0
-0.1185543366743777 0.9669400218794929 0.009827343335312461 0
-0.1183717474040572 1.045278027878682 -0.04167269222833642 0
-0.118296039025133 -0.01034842759064506 0.2877355863793256 0
-0.1180677577378919 1.023597130627757 0.07789438158987941 0
-0.1178932122659695 1.084107349302821 0.04437116672281746 0
-0.1178399802655708 0.9731358332923622 0.06882584729434733 0
-0.1176913149856513 1.426172400168318 -0.008369896251303521 0
-0.1176229011556965 1.177741293270793 -0.03285952797433431 0
-0.1175376008052182 -0.00624947920269245 0.09840013839360956 0
-0.1169955140252531 1.180144254628511 -0.04494265999278745 0
-0.116947071344372 1.425721858403673 -0.02064578723483135 0
-0.1167853956109972 1.009440272981866 -0.04227865546124955 0
-0.1164065669895832 1.182343803663964 -0.05442907877592618 0
-0.1163570502065984 1.425366454063072 -0.03038361743315154 0
-0.1162747489301057 1.038573636670481 -0.05130559847913059 0
-0.1159571375484371 0.9937883136212957 -0.05054007526257648 0
-0.1157379593059054 1.012151480874119 0.0953127782811754 0
-0.1156595996267711 0.8716934366882499 -0.06525737814124288 0
-0.1155679442453875 1.185272294536163 -0.06046658946246989 0
-0.1154528097507818 1.423593205062595 -0.03688589236857868 0
-0.1146599857745698 0.04700474952038744 0.2658411537381205 0
-0.1145176629779052 -0.009956561065933256 0.2542852005742524 0
-0.1165049189773739 1.195954534235347 0.2019112854055266 0
-0.114065151132665 1.1902554324783 -0.06207379716959657 0
-0.1137634480414556 1.418879529862439 -0.0394554283921703 0
-0.113414008082687 0.8570632579677564 0.07961322789596538 0
-0.1124027241908066 0.931018015278964 0.09516246001553508 0
-0.1122509187460946 0.9769088623303156 -0.08527139353953642 0
-0.1121749414756989 0.957279735979258 -0.06674655458871076 0
-0.106464605980608 1.232436628639436 -0.05784594022512644 0
-0.1113007426916641 1.120947639665988 0.1859196673953918 0
-0.1110925144319707 1.122701441367262 0.1763976832286143 0
-0.1110328131259274 1.122163683665806 0.192382190073334 0
-0.1108780871191859 -0.009496909622569773 0.2195183980527243 0
-0.1108313712900765 -0.002178484501276854 0.06126228725186095 0
-0.1105691301727175 -0.005124779487460592 0.06915552753668809 0
-0.1104857264545746 1.125863366295939 0.1644996433872596 0
-0.1104393566071518 0.00516339485966239 0.06182419676226443 0
-0.110379083453285 1.18001364413183 0.2003562420071669 0
-0.1103415789858258 1.441169011110085 0.217618020228457 0
-0.1102410837026367 1.086877415065146 0.05307001643083178 0
-0.110210762204983 1.127790143442405 0.1950882395434803 0
-0.1101374477916939 1.441535315920339 0.2079498613269314 0
-0.1099111031518188 0.7126966094111677 0.06666479601922362 0
-0.1098763766678194 -0.006019342700606414 0.09031258006985368 0
-0.1098336669339525 1.43853762974908 0.2236904809349917 0
-0.1096612126407236 0.05917862870317392 0.2220235558639019 0
-0.1096092990481256 1.440986399955021 0.1956631610198084 0
-0.1096080886047633 1.083924524294982 -0.00897601343067328 0
-0.1096046122483228 1.130149451391719 0.1493469084182373 0
-0.1093349785633714 0.01952551065273598 0.06842301645088114 0
-0.1090697453687058 1.137307761746908 0.1960872897134584 0
-0.1090080871060496 -0.009189170992933569 0.196224328950613 0
-0.1089600026302532 -0.007761234144534252 0.1299079276492007 0
-0.1088910071717437 1.070829679340382 0.1051806248504413 0
-0.1088560978053343 1.439989916282768 0.17995794300172 0
-0.108548948453497 1.135072730993317 0.1300506271947114 0
-0.1085000756915806 -0.008796162668180734 0.1709099932652922 0
-0.1082231026338377 1.432281748352895 0.2251885217266876 0
-0.1079795287882105 1.164577032327685 0.1988150129621148 0
-0.1079793936098552 1.439023061424166 0.1600360405647656 0
-0.1073765173768076 1.150129263064576 0.1973527183403502 0
-0.1077616103837414 0.9919670085888735 0.03645238022423836 0
-0.1074769387317851 0.04240014718275173 0.0795819551609815 0
-0.1071457824798201 1.141748828571176 0.1033447728178195 0
-0.1070283873067126 0.06583679608886567 0.1989439398081357 0
-0.1082280363225058 1.234979215652539 0.2058157453538989 0
-0.1068108688115493 1.437850005165822 0.1324996111302519 0
-0.1176280358774809 1.396044357236563 -0.04173838249553076 0
-0.1061713937952685 1.08728616456344 -0.007974014200975932 0
-0.1058808445909038 0.07207042688407983 0.18942851220726 0
-0.1057353225870561 0.06620487249253443 0.09030258339173407 0
-0.1052799626336883 0.08493470604704555 0.1858281699192425 0
-0.105269235444756 1.149878429925063 0.06577115103028726 0
-0.1051718255938755 1.436196123141088 0.09394749562464279 0
-0.1050602793783345 0.0809318288983453 0.09678523888087912 0
-0.105013653729768 0.09980354442932866 0.1854274661919343 0
-0.1049226623150333 0.09149772348940806 0.09962096478821043 0
-0.1048680836148378 0.1120197595619247 0.1861255102147523 0
-0.1048539200008822 1.030804823161008 -0.06102908374191522 0
-0.1047956113837933 0.1020412648253695 0.1016327383575397 0
-0.1047335051872796 1.421278644453304 0.2241799899862471 0
-0.1045767092024858 0.1466252598702604 0.1894398508278092 0
-0.1045004454922643 -0.01039349596785707 0.2814225190613648 0
-0.1044844278349072 0.1345411965003173 0.1043233383400977 0
-0.1041257808280371 0.9996835180932075 0.1138796626149468 0
-0.1038686763522537 0.2278864028409108 0.1984456984943452 0
-0.103811135407507 1.089297844187485 -0.01037943242901657 0
-0.1037198947895543 0.2111712623295943 0.1096073916797184 0
-0.1035415002873616 1.157911425798391 0.02816548408178462 0
-0.1032472577799566 0.3108627801183317 0.2010829333980282 0
-0.1030196649712661 0.2893993830220098 0.1076868047393532 0
-0.1029846686579085 0.349221791332662 0.2019926926052237 0
-0.1027697679224635 0.3651093268182055 0.1994604390124102 0
-0.1027044945474399 0.32396553747637 0.1066222700013497 0
-0.1025537267078034 0.3363743245505276 0.1031190874781174 0
-0.1023616773164124 1.433359555399359 0.02785800854240779 0
-0.1023385750717912 1.164106442642876 0.00134140946936967 0
-0.1023226277911428 0.3806672944242839 0.1944619077556979 0
-0.1022973243703555 0.3477266333366454 0.09422229522394585 0
-0.1022117130005365 0.7234644845315323 -0.07212212331653373 0
-0.1022068472043182 1.216070531368826 0.2039842311507564 0
-0.1019289336001132 -0.006347250409543785 0.09804869544906369 0
-0.1019050636244297 1.336388414101788 -0.04753399704166844 0
-0.1015330214429792 0.3750995811733701 0.06751822810203237 0
-0.1015167778927126 1.168455329689847 -0.01808227345160814 0
-0.1013647469396074 1.046615830000139 -0.04438097212778766 0
-0.1010349791113051 0.4151491721767832 0.1802009316631492 0
-0.1008515788405283 1.172012639534439 -0.03334832551562771 0
-0.1008503410638221 1.43183871341365 -0.007725818240226973 0
-0.1003480268783241 1.174758585432214 -0.04532330684461192 0
-0.1003273221267397 1.431308941728979 -0.02001064547913169 0
-0.10007399493513 1.404228827392104 0.2225232825878845 0
-0.1000192835042625 1.176720177087792 -0.05491258286233616 0
-0.09991446616148725 1.430896292128788 -0.02975501694646505 0
-0.09963030028911779 0.4390201159576182 0.002048048034874683 0
-0.09960507035645566 1.179759545174382 -0.06094061708507147 0
-0.09922421497771639 1.429056165685311 -0.03626496806037345 0
-0.09908336857948896 1.185008785061989 -0.06252522818077805 0
-0.09885268217908819 -0.01013334479677432 0.2555594274424706 0
-0.09860065964738343 -0.005707655721752885 0.0827547348537432 0
-0.09859627272182678 1.091031764860326 0.06009222112558854 0
-0.09853786433762307 -0.01064524280938714 0.2950846246889429 0
-0.0895895040030911 1.195997132951031 -0.06138389536692861 0
-0.09844082685007925 0.4836134323510639 0.1436572345952024 0
-0.09786892127725383 1.424243557812091 -0.03884594509859927 0
-0.09785114011956389 -0.007806838639763169 0.1286110692790535 0
-0.09767687325438101 0.5070896507437983 -0.05660199531357843 0
-0.09725516677434264 0.03232792301013191 0.2956051364434271 0
-0.09671654445713074 0.9870521782726644 -0.01452949287362051 0
-0.09669044877786387 0.5395954662987631 -0.07856772929277631 0
-0.09594717961164516 0.5508946573039395 0.1110902812752022 0
-0.09593961045276594 1.099963030835972 -0.01482079863513105 0
-0.09529295434103952 1.079263218267725 0.1048762658040092 0
-0.09510589444136029 -0.009657796212463475 0.219656227566263 0
-0.09510435531755278 0.5554546766699431 -0.08601151151026569 0
-0.09501732149073426 -0.002854147368095238 0.0760070608424543 0
-0.09486524334906436 0.5789959038563255 0.1002062024105774 0
-0.09469069646200889 1.384386536723668 0.2205902950250018 0
-0.09456888806367131 1.253279523742741 0.2076916772039278 0
-0.09434444720905238 -0.008837198213586354 0.1711816220614966 0
-0.09407035192624552 1.182315963313096 0.2006708468173274 0
-0.09230911853270607 1.262308295230985 -0.05481694865002819 0
-0.09391373629749664 -0.00801466226738071 0.3029691690626892 0
-0.09352227696184312 -0.009351245184734442 0.1963715420233652 0
-0.09345010065741449 0.5887212004203685 0.09757195274663008 0
-0.09255805429432756 1.106549607899129 0.006031077430956822 0
-0.09227256601560786 0.8018338778165858 -0.06595404108746347 0
-0.09226484716675742 0.004623003724269058 0.07649071732591517 0
-0.09217467792037802 0.0002922409219819865 0.3057048355021913 0
-0.09187798125551726 0.01153980483568151 0.3058704992110829 0
-0.09157767639437658 0.02295582495916491 0.3060442248417782 0
-0.09139295237676079 1.165021449590678 0.1989403289382026 0
-0.09138783162046502 0.5751808571846398 -0.09275921131845848 0
-0.09017203312046695 1.116020479528842 0.1854622071690799 0
-0.09012463188786463 1.117294532743722 0.1919342612288827 0
-0.09011222461632817 1.148047767181909 0.1972812518308027 0
-0.09005645144738011 1.117791077957956 0.1759414292879802 0
-0.0864274888978977 1.240873938587252 0.2065081025677821 0
-0.0899985389957299 1.123081650972966 0.1946655209361315 0
-0.08993237355500591 1.133428485270022 0.1957622089832577 0
-0.08989836344161262 0.599100510929808 0.09759195558963221 0
-0.08971037071019988 1.121112834656233 0.1640615278918607 0
-0.08968575813887728 1.13090346084509 0.1298030595740612 0
-0.09530816208221657 1.363449013862303 0.2185258463642279 0
-0.0891716198598741 1.125603295297948 0.1489351347575002 0
-0.08896871895470726 1.138481777412719 0.1033992885418064 0
-0.0888027780334569 0.01883615010369812 0.08270532315320783 0
-0.08871158129164008 1.445405650114478 0.2181437432894979 0
-0.08858670758177339 1.445761149286368 0.2084741258376023 0
-0.08842952708461585 -0.007748468880871886 0.1251411472248007 0
-0.08833085247008227 1.442740454267911 0.2242122300255029 0
-0.08829138890278437 1.445160868024251 0.1961811953186811 0
-0.08787512955324034 1.44409575210383 0.1804675264905996 0
-0.08757240930917609 0.5967976582615898 -0.09729140966267916 0
-0.08739565301492919 1.014817880342759 -0.04185672407206396 0
-0.08738765055890774 1.443056727777085 0.1605365671202087 0
-0.08717174466584088 -0.01032155479407882 0.2594078374525734 0
-0.08711965072491804 1.146707003066829 0.0660001805268757 0
-0.08710710673441041 1.436402727950535 0.2257002663331836 0
-0.08673473842794821 1.441777898368422 0.1329871315700318 0
-0.08629795613765258 0.6102884679023211 0.09980761547405262 0
-0.08584145781916667 0.04248643624133883 0.2658294441459371 0
-0.08583701217745825 0.6143897595860152 -0.0998972610891192 0
-0.08581944527213675 1.439983854915908 0.09441758361231804 0
-0.08566680895579716 0.7146335579971091 0.1002009576104249 0
-0.08561505330268557 1.154662590444698 0.028483747942502 0
-0.08539904655248814 1.220015442770349 0.2044615244549091 0
-0.08490420070887911 1.438189798590893 0.05584803414093094 0
-0.0847426854050298 0.6249454458691004 0.09974386376081631 0
-0.0843013131643372 1.425299032939664 0.2246811669323149 0
-0.08428828912019759 1.346332987549754 0.2168930879360504 0
-0.08427274177075372 1.160676225501604 0.001117921169151444 0
-0.08425117339556981 1.436910999694826 0.02829860217872053 0
-0.08403317766437114 0.7168461176121664 -0.0935276291353115 0
-0.08382817273408749 1.164908296846017 -0.01834266089294589 0
-0.0837804035893176 1.435991182067489 0.008379380355866425 0
-0.08347377823651411 0.7897102135452696 0.09997701173951859 0
-0.08345178389781244 1.168510125638864 -0.0336080494006825 0
-0.08340631673327376 1.435254731861586 -0.007301907753690037 0
-0.08317596451849091 1.171269824155404 -0.04558637648863943 0
-0.08311491250001307 1.434684229825188 -0.01959190482745213 0
-0.0830822039482017 0.04171422527934859 0.09302593076942642 0
-0.0830575301653243 1.181664693338691 -0.06278245224954229 0
-0.08294513754108468 1.173545596148275 -0.05507173962232251 0
-0.08288444026586217 1.434233578508676 -0.02934093508740196 0
-0.08285348584417018 1.176607643536933 -0.06110347307132145 0
-0.08241322065501133 1.432345619310021 -0.03585669875858012 0
-0.08240697075417418 -0.009565179438908687 0.2201692962414333 0
-0.08234992823767051 1.274105788611822 0.2097970690270728 0
-0.0817828777470868 -0.008892136295621942 0.1713880992470388 0
-0.08154595827401852 -0.005070594412832203 0.1221415805212637 0
-0.08139727615291176 1.427453551262971 -0.03844721194034799 0
-0.08133600925502792 0.7936742202289209 -0.08848877322432246 0
-0.08133142445025066 1.086660860467814 0.1001721686728323 0
-0.08103609372565186 0.6475429074092045 0.1046887187042069 0
-0.08074746974024055 1.408258924935513 0.2230196719066545 0
-0.08019929659149856 -0.009279029864110815 0.1968620120609935 0
-0.08001439999708837 1.101993195204581 0.007280326088387579 0
-0.07988569655197553 1.357130701876262 -0.04541223819226535 0
-0.07987955348120811 0.0532810065007215 0.2221283389607948 0
-0.07982221897213972 -0.00739033848376538 0.2634742584943958 0
-0.07955733206883907 0.6580304018799352 -0.09580315745655622 0
-0.08862636828654187 1.327505398636928 0.2150202485159858 0
-0.07857832461606432 0.8755205894687084 -0.08594020506423912 0
-0.07804954357229699 0.00276851134619675 0.1228506864210358 0
-0.07788260385777293 0.06551243869142805 0.1028653873443033 0
-0.07719199455766446 0.00101748843136377 0.2649385847095448 0
-0.07767632651806129 1.185213633553954 0.2010443767139036 0
-0.07689067717523415 0.0136465012317258 0.2651691948932461 0
-0.07673488832569014 0.05918749547902086 0.1991374380578044 0
-0.07672982210269777 1.095963570725776 0.05750096185680194 0
-0.07651354059506672 0.02938518333071049 0.2655523373056796 0
-0.0760367797043176 0.08080536558968844 0.1086297664558082 0
-0.07584134042183133 0.091946387183875 0.1110445805153635 0
-0.07558567164371859 0.1026468185934175 0.1132263597836267 0
-0.07538897271807578 0.0174808533455905 0.1265255962411085 0
-0.07487776272254826 0.08391365081507995 0.1748386552048535 0
-0.07482430956877623 0.8538963365855566 0.1054416662687202 0
-0.07479771806590019 1.311737897421678 0.2135361862638209 0
-0.07478145433970629 0.1353432232984747 0.1161563745921552 0
-0.07460149866768072 0.09831025903228635 0.1748521584749351 0
-0.07438051580498235 0.1103458710308867 0.1756712963483722 0
-0.07398596833176101 -0.006773251214134557 0.2205894575470841 0
-0.07375699261270657 0.1448029902154798 0.1789614986479739 0
-0.07090688808306504 1.402491606098943 -0.04087090594892057 0
-0.07364074348117738 1.166270113492426 0.1991516138141693 0
-0.07281951045953267 0.212395211083927 0.1230307432453119 0
-0.07280356484357056 -0.006171673914661265 0.171751309324447 0
-0.07262988906695664 1.140742071385592 0.06575268944823549 0
-0.07225179673563317 0.2258331138531004 0.1882377101639491 0
-0.07220529332531919 0.9571009629036907 -0.07747219181290055 0
-0.07187876716033284 0.06640900647944163 0.1808802153848739 0
-0.0717001303455447 0.9233465903985567 0.1160878090401843 0
-0.07112226499494095 1.147582422215591 0.1973178280140755 0
-0.07101502325149142 0.04075611051123505 0.1330005216145995 0
-0.07101453152129236 0.001676598139092815 0.2209234664663847 0
-0.070971681109444 -0.00650411195917844 0.1972125724558823 0
-0.07094679966471111 0.290916361944303 0.1210827483031423 0
-0.07082527331577328 0.3084927613439613 0.1911891842005055 0
-0.07071527679547952 0.01573957759310208 0.2212215875294926 0
-0.07028233393157253 0.03583216327066199 0.2217960059775786 0
-0.07019062480964222 0.3466441961293317 0.1921093151816379 0
-0.07660706030570871 1.290528963272738 0.2114437976484177 0
-0.07010250507025832 0.325591929658355 0.1192744433534673 0
-0.07005498194609172 1.115499455200273 0.0648550553224933 0
-0.06983335415274466 1.128587242157687 0.129833763349118 0
-0.06979884561665849 0.3621533240063793 0.1893099088512623 0
-0.06976233627565878 1.029392973368043 -0.06282605135811156 0
-0.0697309337078135 1.13150560721273 0.1956338112037612 0
-0.06971673940713394 0.3380963554467098 0.1153605044552614 0
-0.06967294822018072 1.133251692265842 0.1049974976710594 0
-0.06962034045089061 1.093765012303983 0.09449114691344383 0
-0.06944741941876557 1.102804119704563 0.01863444216252939 0
-0.06939380641216449 0.002121407846946111 0.172472832570879 0
-0.06918857046488347 0.3501274467592445 0.1062505203245665 0
-0.06912997638982318 0.377233150901184 0.1839029125525351 0
-0.0690000484288969 1.120636428760675 0.1944692526504537 0
-0.06893169282566144 1.128702293432204 0.06576976813090138 0
-0.06881039596333963 0.9952700569701557 0.123206335371387 0
-0.06867648402372459 1.114783554840774 0.1917216237145543 0
-0.06858730881930505 1.113476837689588 0.1852417381996756 0
-0.06856225325759435 1.115220962040192 0.1757168613705422 0
-0.06850704188966208 0.01711958909373956 0.1736718007068874 0
-0.06849634472594626 1.118573594182835 0.1638370062259969 0
-0.06832006246299063 1.123124090686987 0.1487173682114063 0
-0.06773961282989194 0.001926724447540315 0.1975509361961455 0
-0.06773369779233679 0.3783617585931899 0.08024243927850899 0
-0.06765051691123919 1.100234499072409 0.05858975721060633 0
-0.06751512912342328 1.188872219325607 -0.06198773046057054 0
-0.06744349293855473 0.01671559494943145 0.1979103704180927 0
-0.06725954026205466 0.4109261802577019 0.1682566817406191 0
-0.06706437695037723 0.04068076618303462 0.1761134800765673 0
-0.06704080306117589 0.06476436488456937 0.1388425529435564 0
-0.06698635259235043 0.03928230818502478 0.1987684967089538 0
-0.06671180996654974 1.44681516218525 0.2183909671415262 0
-0.06666505646371873 1.447160402538658 0.2087199509114729 0
-0.06664100449127847 1.150356344878374 0.0267516222742718 0
-0.06660881930581669 1.446548229102895 0.1964246733453608 0
-0.06653685406661958 1.445463975446067 0.1807074251009247 0
-0.0664741012069357 1.444122515102549 0.2244560334484454 0
-0.06647312576493081 1.100933661188402 0.09328028242737196 0
-0.06644229065409496 1.44439305599459 0.1607713839128584 0
-0.06637570052941127 1.159601648665361 0.001806158620185121 0
-0.06636621018341737 1.180592781801423 -0.06273684037230194 0
-0.06631423373241202 1.443078195936297 0.1332158119654176 0
-0.06613644835687066 1.441243230871045 0.09463860383337132 0
-0.0660188241391963 1.110215048879942 0.0943674255445902 0
-0.06595615470980315 1.439398617276507 0.05606045131670301 0
-0.06583060965909476 1.438093404793981 0.02850582364176024 0
-0.06581500133054013 1.163547340055532 -0.01838676182578224 0
-0.06580335490288891 1.175316377183986 -0.06114999026984043 0
-0.06573615160099922 1.437135654750256 0.008581002524975762 0
-0.06572909853472936 1.167176796848136 -0.03365203562848768 0
-0.06568689379192888 1.169961694914565 -0.04563144540542942 0
-0.06566426150619514 1.436391218685078 -0.007102553655247132 0
-0.06563775291960616 1.172246922954599 -0.05511718249808127 0
-0.06560599677076878 1.435800208343845 -0.01939572302553981 0
-0.06556377371087474 0.08156278093407651 0.1419061781501303 0
-0.06556229773950761 1.435341331472726 -0.02914648125732425 0
-0.0653552696009037 1.122617741851581 0.0962834183223161 0
-0.0653313894326934 0.09422739993335601 0.1428270405980323 0
-0.06532360086511468 1.43342271436591 -0.03566642053079218 0
-0.06277048759338767 1.307175858421347 -0.05023180488469751 0
-0.06512935530994829 1.437713445073428 0.226005268019774 0
-0.06505272733502974 0.1056921401711004 0.1446245628627928 0
-0.06469027962191776 1.428490919166232 -0.03826274178487284 0
-0.06468557914282735 1.106577018109958 0.05981830745554616 0
-0.06461259249997583 1.056415100005881 0.1227441923066589 0
-0.06435856373055945 0.4438227022408879 0.01556522444245712 0
-0.06419865779849745 0.1393345305730358 0.1477899904984022 0
-0.06375945257426763 1.121505100891036 0.0360325792736078 0
-0.06024838662902753 1.427420507046863 0.2250120281787056 0
-0.06340155151811604 0.4780678535194534 0.1272530718458635 0
-0.06279565085620653 1.34683844087507 -0.04630658801919376 0
-0.04018764320676176 1.337071657390617 0.2162098408122491 0
-0.06253590208334711 1.135172731247714 0.03565936364984815 0
-0.06245273588978978 1.104975271367274 -0.02715915611678515 0
-0.0621305240222527 0.2187395771003409 0.1559332320314054 0
-0.06148187922679617 1.105526707457018 0.0263014686752492 0
-0.05697672736509261 1.413020110525214 0.2236094015528686 0
-0.06086129174126403 0.5136213611087292 -0.0377599837513556 0
-0.06019232268409038 1.07849531350607 0.1213756430837259 0
-0.06014320803788179 0.299663166687603 0.1566204258102073 0
-0.05964461330253771 1.085968036254476 -0.0503156708839497 0
-0.05963275706528253 0.5443827017174905 0.09227021505945787 0
-0.05955200222375112 1.187877253421788 0.2013991614189298 0
-0.05924834955860954 0.3363525754160889 0.1557063900291686 0
-0.05923624672839532 0.547148812388518 -0.0569559274087129 0
-0.05886520714255261 1.111166750502653 0.02985240079168662 0
-0.05877953638640934 0.3509916233263756 0.1525697835918705 0
-0.05835384729344523 1.391378210783975 0.2214648927199789 0
-0.05810083383736443 0.3645022556367623 0.1448346902588312 0
-0.03284809910026486 1.321545437781236 0.2147176412264436 0
-0.05799375436867744 0.5723647409840553 0.08069787551599568 0
-0.0567610144776634 1.081042205483683 0.1208857759142698 0
-0.05660903739586315 1.105614622395986 -0.009924164465471438 0
-0.05646961493308886 0.563322398701228 -0.06325020964884517 0
-0.05131441843228438 1.246867834860552 0.2072761892259143 0
-0.05622255905913162 0.3954036565803098 0.1244375898949801 0
-0.05543473344943245 1.168581129232018 0.1994677272739792 0
-0.05539814074887814 0.5820662213021044 0.0777293669277373 0
-0.04914594503707832 1.270502129847203 -0.05379275687375683 0
-0.05458679777157793 1.3726343660551 0.2196383140323676 0
-0.05218806219230152 0.4607575565051262 0.07195604450455637 0
-0.05064063722112638 1.227628357883566 0.2053891262385778 0
-0.05169846899363562 1.14880361543943 0.1975201462214728 0
-0.05142407930188736 1.189891433568134 -0.06180973798210523 0
-0.05086742887915285 1.087420509462901 0.1127404189614857 0
-0.05050809621698465 1.106047850431916 0.0043317281228787 0
-0.04965123030680302 1.18144063613829 -0.06257414947951198 0
-0.04959327682874064 0.584133172573037 -0.0679129196057235 0
-0.0491431526193104 1.131788611407051 0.1957300016850521 0
-0.04892018361789498 1.129258569242386 0.1136710984775294 0
-0.04889012024150169 1.282646307803683 0.2108074510526992 0
-0.04877616598360021 1.127852846975871 0.1298805537534324 0
-0.048707724949487 1.176185126199568 -0.06098402463553778 0
-0.04866610705438583 0.5916615574875378 0.07754222433722438 0
-0.04830932359218154 1.173123970300249 -0.05494962498179068 0
-0.04826168091116256 1.432257377018285 -0.03569861160770001 0
-0.04824090120007646 1.434172785889843 -0.02917772283766609 0
-0.04817098415558219 1.170824452289789 -0.04546458680983248 0
-0.04815817540904923 0.5274950843241266 0.02842550724946498 0
-0.04810117146006815 1.434628689364993 -0.0194263633322161 0
-0.04807937645826404 1.427298921259697 -0.03829977951426562 0
-0.04797349703148576 1.168028121712257 -0.03348365132811552 0
-0.04792404406348649 1.435199798346047 -0.007134017221741618 0
-0.04775654825632339 1.164365101751855 -0.01821989671918274 0
-0.0476983438572996 1.435930251238547 0.008549606327484749 0
-0.04766506007609178 1.120607051811015 0.1945274933356272 0
-0.04744970100567453 1.160058679481739 0.001249483838475243 0
-0.04723359943947777 1.151950674088027 0.01789763810962341 0
-0.04713968204747498 1.122654246239703 0.1487124021620563 0
-0.04710201126633207 1.236735717357476 -0.05712764150612541 0
-0.04916197607935016 1.209880963594988 0.2036344657697463 0
-0.04701336638861781 1.438134241019148 0.05602762904379217 0
-0.04696184754911351 1.118224052703746 0.1638482831758894 0
-0.04692159739159299 1.114683180775832 0.1917699500926054 0
-0.0467687947321575 1.11500568285573 0.175747484086315 0
-0.04670659107109626 1.113328236353597 0.1852817927377048 0
-0.04645469464199642 1.439917155255365 0.09460327413204099 0
-0.0463816574125233 0.5574229281180592 0.01329237636535675 0
-0.04589859955642128 1.441709699904013 0.1331798614745567 0
-0.04550107618872529 1.442988591777065 0.1607344347792428 0
-0.04530327076045201 1.122133084875356 0.1050793962435964 0
-0.04520022423346048 1.444030558958828 0.1806695370641858 0
-0.04515197547428976 1.095312044295895 0.103665003675779 0
-0.04492899357047436 1.445092407478558 0.1963862404431648 0
-0.04474604645537272 1.445685561344695 0.2086808007030113 0
-0.04471485499052141 1.44534034317367 0.218352199907225 0
-0.04443746720471285 1.110816317228002 0.1031039486609936 0
-0.04675038427180552 1.264373778745174 0.2090264768329671 0
-0.04406981028795076 1.442584718420083 0.2244831137825445 0
-0.04390621012748442 1.10216664722715 0.1019296408215365 0
-0.04377247467855833 1.436143131205328 0.2259604606588659 0
-0.04335706594244088 0.5695622326598436 0.008876049712605957 0
-0.03823467926340082 1.426928428414985 0.2250773917023713 0
-0.04318005752791546 1.138003136568061 0.02020801670159826 0
-0.04286646132662625 1.108610230841209 0.01147058381686125 0
-0.04236206037506654 1.123457807123421 0.01806301581184354 0
-0.04201540334054471 1.191583657537002 0.2018564906183857 0
-0.04171224589892036 1.113883058447963 0.01613879559307266 0
-0.04042836185523963 1.366470891662804 -0.04429341566236768 0
-0.03897016294346517 1.206181149318318 -0.06012475972686376 0
-0.03711792501410952 1.172050796034249 0.1999041325183495 0
-0.03548569401631087 0.586307757139799 0.0060945812492159 0
-0.03536498367390684 1.19303464492354 -0.06134312053304964 0
-0.03362259450913241 1.358097792520428 0.2183123844038341 0
-0.03313942445298457 1.184436862012406 -0.06219475555603907 0
-0.03223036560909454 1.151852381669084 0.1979160203277526 0
-0.03203263510100651 1.424021209580957 -0.03854636882938327 0
-0.03203106853131177 1.286946498162236 0.2113171417738761 0
-0.03185496863269294 1.1792373198348 -0.06059767265872389 0
-0.03156464548421845 1.428915102313325 -0.03594842545477649 0
-0.03123217441896053 1.176192981617908 -0.05456019341215643 0
-0.0312196220549889 1.430782459508659 -0.02943071695284442 0
-0.03090579576936614 1.173899223174884 -0.04507333152353275 0
-0.03089507657688473 1.431194750601595 -0.01968277869588829 0
-0.0308115496019062 0.7152665646627407 0.1032471776132731 0
-0.03048844658983385 1.431723526519804 -0.007393508688115544 0
-0.03045628250759164 1.171071974460586 -0.03309146857878729 0
-0.0299669858891059 1.432388314894041 0.008285049159217642 0
-0.02993155591857974 1.167392986385978 -0.01782599275893049 0
-0.02938501300323004 0.8759705856189848 -0.08243423593738596 0
-0.02930833129785321 1.433246861334095 0.02820371346677238 0
-0.02920439914036799 1.162888815508192 0.001626769379170431 0
-0.0289088163360295 0.794092134446453 -0.08703586957569279 0
-0.02859566664276469 1.134476419913685 0.1960844007877146 0
-0.02853139413167693 0.7172105535510436 -0.09263256766465283 0
-0.0283923981949567 1.434415940126568 0.05574993148285763 0
-0.02777929262537004 1.154439411897538 0.01714080838164439 0
-0.02761517950355069 1.369515041252962 -0.043928997918164 0
-0.02743480633431844 1.270236580954085 0.2097030838820665 0
-0.02711478805043521 1.436069971789703 0.09431631018703622 0
-0.02668157527683723 1.12969978516153 0.1297001032609322 0
-0.02643674964986392 1.123221476918905 0.1948711126321394 0
-0.02603588805648288 1.124637395370298 0.1489831775521608 0
-0.02583464276059955 1.437714484816266 0.1328817575165539 0
-0.02582125885796849 1.131325930817353 0.1123004003288237 0
-0.01410284500719475 1.315120062227401 -0.04920124622506466 0
-0.02553297856511147 1.120428774512283 0.1641431247537063 0
-0.02546602339583371 0.6054365347513073 -0.08432770225954382 0
-0.02539809205920462 0.6235126677236854 -0.09723535608644923 0
-0.0253082631257989 1.11726340250437 0.1921093198874813 0
-0.0252980175164684 0.9560836998596798 -0.07260860033953055 0
-0.02527730320549543 0.6536308101332244 -0.09577582238577778 0
-0.02517753782598144 0.5966269075868169 0.006956595152468617 0
-0.02511055737247989 1.117437768361118 0.1760685186266853 0
-0.02497113915069626 1.115846583131842 0.1856128806523797 0
-0.02491870245880623 1.438883565515775 0.1604279757568871 0
-0.02474472269074621 1.196026803650095 0.202377120240089 0
-0.02460146987033805 0.6479028766582408 0.1053597034874984 0
-0.02454779275436291 0.5997459223187586 0.09453582613058806 0
-0.02453364841093846 0.6173103505274373 0.1053634825898631 0
-0.03609490749170385 1.40862159438572 0.2232832492499503 0
-0.0244197091142887 1.123276275022244 0.1057644138259033 0
-0.02429744288504954 1.21072493717994 -0.05960272592851391 0
-0.0242285278784905 1.439843155932803 0.1803568124118309 0
-0.0241971049724978 0.7825307398858008 0.1020050787853107 0
-0.03169864826405944 1.392004673249892 0.2216649285565148 0
-0.02071552963678938 1.421198190634113 0.2246015996199346 0
-0.0237150409210048 1.088461295759247 0.1145931065844651 0
-0.02362051242944213 1.440839771789756 0.1960686933176184 0
-0.02354849256573196 1.082111114023738 0.1224391611424594 0
-0.02350794947990176 1.356935413330426 -0.0451097375019639 0
-0.02345548275158428 0.8532048739325785 0.1071042134692529 0
-0.02341964256048683 1.087135885160584 -0.04682716696644554 0
-0.02337836356946585 1.109955994120925 0.01235716958597172 0
-0.02336747081260022 1.106229988575997 -0.02924886504369041 0
-0.02335882684119233 1.10707002686225 -0.01206025418886068 0
-0.02331125919507757 1.112020656607125 0.1044411870232273 0
-0.0233101404795595 1.107761640946314 0.002262925987358999 0
-0.02314650183796502 1.431892094064102 0.2256452370346762 0
-0.02301979345378227 1.030307973230628 -0.06237842962768815 0
-0.02690527879388819 1.252842321229512 0.2079900781008378 0
-0.0228904939130696 0.9227014804403991 0.117982805438915 0
-0.02286281399099119 1.139810298581553 0.01909503036178066 0
-0.02275821170094586 1.051881449281952 0.1293663287966941 0
-0.0226617011510748 1.438255381931802 0.2241636416400554 0
-0.02264734973902705 1.441310572534988 0.2084213723873057 0
-0.02264432119226685 1.103486018077678 0.1035749358931828 0
-0.0224963733607238 1.440936823958316 0.2180952903976136 0
-0.0222746429264143 1.096720763391672 0.1052901746277287 0
-0.02195131072254114 0.9957789383376914 0.1253595397085535 0
-0.02089241550261842 1.12470108774604 0.01599266090649323 0
-0.02071115551996869 1.080822330303315 0.1218424751551579 0
-0.02053115211491718 1.244728165039421 -0.05620462568108753 0
-0.01994279478090222 1.197952665276131 -0.06078177272362176 0
-0.01971403883658149 1.115134640542772 0.01359776015677366 0
-0.02301131345751448 1.307141576856851 0.2133538673641774 0
-0.01918886045736895 1.176791155708841 0.2004586191365109 0
-0.01909469541104875 1.384151567221974 -0.04243618311189133 0
-0.01828823593425377 1.236525466192981 0.2064281690303947 0
-0.01720122241801458 1.189550381576238 -0.06161144116734597 0
-0.01702093125909759 1.418811251037491 -0.03898959401468584 0
-0.01557621651030056 1.184419470144889 -0.06000600704177443 0
-0.01556410805100983 1.423441866856537 -0.03641292354674434 0
-0.01504759054073855 0.5894996399951692 0.008557291125615415 0
-0.01493041162285502 1.291307346770398 0.2118338333711378 0
-0.01478983021432057 1.425196296313813 -0.0299043146866555 0
-0.01473253692028548 1.18140089511336 -0.05396524802192086 0
-0.01471348028950026 1.372967842917179 -0.04347871688502223 0
-0.0142898189873702 1.4255520623868 -0.02016112362420869 0
-0.01422240011311271 1.179123646340769 -0.04447638350957185 0
-0.01366093037632837 1.426005892850017 -0.007878198579518575 0
-0.01353973858683741 1.176259649238137 -0.03249996270462151 0
-0.01582923124697539 1.217359802718486 0.2045359711825725 0
-0.01327871199787042 1.156907117344303 0.1985092573212684 0
-0.01285742752293234 1.426580511100304 0.007792796853440934 0
-0.01271129413163166 1.172552445305186 -0.01723790130381756 0
-0.01183618223093358 1.427308592901845 0.02770029709651899 0
-0.01156272805387265 1.167813464374003 0.00219132219985254 0
-0.01042254973979767 1.428310807362209 0.05523240209981881 0
-0.01039077991513221 1.274506164383961 0.2102084292024349 0
-0.008957769760940815 1.387279753103126 -0.04207650727123156 0
-0.005601102427875501 1.412246343662486 0.2237981617755496 0
-0.008558849272453456 1.139802387172519 0.1967205901323206 0
-0.008444411405668317 1.42971788214468 0.09377771758303295 0
-0.007916273778933253 1.158719016098774 0.01690240304735977 0
-0.00787667176501114 1.201058739676983 0.2029563103819321 0
-0.007438289808056386 0.5759516623193258 0.007574318065704688 0
-0.006466265872642096 1.431124958834189 0.1323230332904951 0
-0.006279669820719369 1.38066640073873 0.2206806266825674 0
-0.006034184733772652 1.25769739904372 0.208571354881357 0
-0.00567239194029695 1.128719685474386 0.1955343381819323 0
-0.005479823647699611 1.204639646365652 -0.0601197379475419 0
-0.005205198787252702 1.129500590963119 0.1495899793672807 0
-0.005149977616694501 1.134628200272757 0.1290283459048665 0
-0.005055251558284624 1.432136915482844 0.1598560914276678 0
-0.004987455603608151 1.135073817447521 0.1121681394832846 0
-0.004614271096600071 0.5657830026708321 0.005301650701646371 0
-0.004415248135794025 1.125553927087517 0.164777780794092 0
-0.004126304380457024 1.122768131145289 0.1927775049486789 0
-0.003817670691103031 1.122791997753288 0.1767252273509508 0
-0.003802847106790908 1.425141570558857 0.2250808611706349 0
-0.003626747002262204 1.12130247588598 0.1862792742158046 0
-0.003450214662572115 1.4328604377751 0.1798297130915393 0
-0.003097525439043122 0.5363931187995031 -0.002100800917978762 0
-0.002999424564017639 1.411814624669636 -0.03961480206215424 0
-0.00296989553442234 1.377285821085757 -0.04299111986414896 0
-0.002826016485220011 1.126615807001873 0.1042095961824703 0
-0.002449175590976294 1.433719322717321 0.1955374277301614 0
-0.002121004616858602 1.196690564528679 -0.06082630966750331 0
-0.002093852788443318 1.431196544624521 0.2235758531866564 0
-0.001976919115776105 1.142681877051088 0.0195764221039274 0
-0.001892235401748127 1.182621018995613 0.2011228268985903 0
-0.001743821924564404 1.434179135747004 0.2078287267351906 0
-0.001651191703151533 1.240851884598587 0.206934119493048 0
-0.00158559641446876 0.5964847507463892 -0.06488363930311072 0
-0.001521617463754454 1.433780812585323 0.2175001872033739 0
-0.001180085956204391 1.115028838794139 0.1016154143065135 0
-0.001077816968500067 1.392436302776532 -0.04152674775043759 0
-0.001065665718498254 1.36630505910041 0.2192900302399095 0
-0.0005746416576563849 0.5764608897935537 0.07788842465300869 0
-0.0004621518741735886 1.41598990606106 -0.03707799917083414 0
-0.0001769356631755141 1.106405566952331 0.09993538098198564 0
-0.0001358564773583648 1.191690051741358 -0.05920576602679693 0
0.0002941518885914707 0.4658646091306562 -0.0295638332518649 0
0.0007714408782641402 1.417536486686332 -0.03058775439331936 0
0.002112692717314324 1.397652722600835 0.2223973405452268 0
0.0009338867811365947 1.188727268207757 -0.05315814977686122 0
0.001437808239676097 1.417812811338262 -0.02085162715604662 0
0.001460101433933082 1.126149533234027 0.01668700196429954 0
0.00161930357204304 1.18650381716906 -0.0436628295611303 0
0.001840557025087664 1.099790544415681 0.10134844250417 0
0.002278535361217082 1.418157874250177 -0.008578451391302602 0
0.002526740507682868 1.183661419979711 -0.03168466745855825 0
0.003453919928469003 1.090477729216263 0.1132019873580523 0
0.003626277859077053 1.115768628346818 0.01412054199311687 0
0.003630293346949837 0.3972062079767852 -0.07749892969424699 0
0.003639944842730752 1.180024274595783 -0.01641472431384783 0
0.003809970664489688 1.108696779184162 0.004707815485231082 0
0.004713899441811498 1.419158860084181 0.02697311271450635 0
0.004820104425129756 1.163818654158011 0.1992946479272081 0
0.001432347529963037 1.346881157816957 0.2173917217053122 0
0.004924547694876609 0.5876686104729564 -0.06155230857866299 0
0.005083423469993076 1.398219066927229 -0.04092329616476732 0
0.005333631989058417 0.3645649993287657 -0.0950310625816691 0
0.00596088648619434 0.3498299245811474 -0.1048872282545869 0
0.006158384493259429 0.5543697722609819 0.07065816360976135 0
0.006244365953793213 0.3397180066774919 -0.1177963183124184 0
0.006360356263755598 1.109724744106676 0.009105940708230398 0
0.006575014986679888 0.3218969020415157 -0.1523852328823255 0
0.006600172052343145 1.419925939461279 0.05448421333814715 0
0.00664416246617594 1.174627941218015 0.002225829769641557 0
0.007748547640774197 1.385760316213216 0.2212576244555672 0
0.007152393250945663 0.5834119725081831 -0.05950946475533778 0
0.0072834536540895 1.278793898732645 0.210718498810566 0
0.007444319438890845 1.382872216032398 -0.04238496127354788 0
0.007739073033481085 0.276713139211392 -0.2240309469265875 0
0.008250290484467532 0.5585899770300795 -0.05978452098556003 0
0.008320469320075269 1.206537637784159 0.2035732731742495 0
0.01598086720237871 1.241642000517699 -0.05633307785436756 0
0.008700345290932804 0.5405645044968165 0.06484911584436642 0
0.008870511948520985 0.2476758980050525 -0.2976792090443439 0
0.009009911747973748 0.8754983032725233 -0.07098002900661654 0
0.009200052302025915 0.23702274356556 -0.3286335555879265 0
0.009237672019665022 1.421013274133415 0.0930010481407723 0
0.009340764933156311 0.234270133415059 -0.3396897095313581 0
0.00935873608534063 0.2311513365733773 -0.3516197387147658 0
0.009609639481576185 1.084254444000504 0.121372070037186 0
0.00975676613912296 1.108095961048372 -0.009571609113484161 0
0.01003018551570273 1.165044247897117 0.02656287898619171 0
0.01007430850093599 1.403186950585713 -0.04040635621289217 0
0.01014647996243852 0.5089869530232045 0.05129403838417118 0
0.01036984529099986 0.2332728013473965 -0.3681361031317954 0
0.01047992441361117 1.147692794048973 0.1976261769013344 0
0.02445420596083745 1.337507894950988 0.2165848901358371 0
0.01091093145785932 0.4923167166172018 -0.07515747109599491 0
0.01115598713433613 1.281822167726378 -0.05237039705994839 0
0.01332113841753845 1.258521100690522 0.2087461680739733 0
0.01148411015584877 0.1983897879301004 -0.3912219907447758 0
0.01164050763875252 1.205727450321057 -0.05993135397330646 0
0.01176917317580739 0.7977863583742597 0.1055627676911753 0
0.01187514126960015 1.422100723441966 0.1315178941593753 0
0.01220708540100641 0.1771598076044004 -0.392949188890059 0
0.01224572004470779 0.1788267182256065 -0.417552252542227 0
0.01228165455899057 0.1794334896974428 -0.4325291544433416 0
0.01241626354308862 0.2025128607649295 -0.4169741646727595 0
0.01301098480769478 0.2042032591317269 -0.4322120827737441 0
0.01318326876214037 0.4367389362220505 0.01270184297043242 0
0.01333856656522372 1.131698262795491 0.0923218381870097 0
0.01349231707347186 0.4249815544873884 -0.1140199994165568 0
0.01355484210232411 1.406654350934569 -0.03793513072635378 0
0.01357185347352477 0.2402481342858931 -0.391902903749907 0
0.01393107714744153 1.143586058988378 0.03074731057597911 0
0.01400123788331797 1.371788199152995 0.2199100976598283 0
0.01409052033431843 1.137012811587711 0.1964937651353906 0
0.01416427236422402 1.200931665356138 -0.05821541337004688 0
0.0142572163535738 1.416097498318774 0.2242810457936003 0
0.01430674793062947 1.422725828584986 0.1590810922111636 0
0.01438091108144687 1.189392880235153 0.2018741424832964 0
0.0146792402527952 1.14434092041834 0.1039622673014205 0
0.0147374536661932 1.13726826451436 0.1505145718430184 0
0.01478017998804279 1.141786913413676 0.1297445193290643 0
0.01501299247124532 0.3874782363531099 -0.1260039898800385 0
0.01518953622633279 1.407915783633937 -0.0314711985100774 0
0.01521049323679952 0.9491162236052744 -0.06262044249895328 0
0.01535906775590819 0.1801267885934875 -0.441297092066123 0
0.01546496672501863 1.198078213403359 -0.05215615246871943 0
0.01551000941666266 0.3734711817535997 -0.1336366920408457 0
0.01557352867915338 1.107254522298766 -0.02683944843458011 0
0.01569541900687964 1.118808566205993 0.08861711999806071 0
0.01579199875145634 1.133575922748191 0.1657269668384155 0
0.01579453049045659 0.3637822433111602 -0.1442198723955547 0
0.01581228103269916 1.423353393078128 0.1789909758597578 0
0.01601291224434664 1.40807912891705 -0.02174550600190436 0
0.01609073057722399 1.388446154684972 -0.04178855003309796 0
0.01610490673253404 1.131093444574957 0.1937470959308893 0
0.01614971042106898 0.3469023724514357 -0.176901080870804 0
0.01619409556569511 0.1552834077038289 -0.3970195417071825 0
0.01623942129999049 0.3685904500466962 -0.04373747378572174 0
0.01625860521245266 0.1560953329126802 -0.418418822689991 0
0.01627569734539173 0.2054342622838307 -0.4409221862401723 0
0.01628644362899191 0.7957185282991049 -0.08008265667825593 0
0.01631497270523244 1.195928361753919 -0.04265308441976114 0
0.0163380427728858 0.1564526636044461 -0.4327336823252348 0
0.01654577701634397 1.13102320968322 0.1776918969555828 0
0.01678258588909623 1.129613989509439 0.1872520607774994 0
0.02056756778306144 1.399710141822665 0.2226975523230429 0
0.01697483312549762 0.1942083801501845 -0.3640948496227758 0
0.01704703351445441 1.408300470799084 -0.009483652237193815 0
0.01706971049431448 1.109564511656224 0.08620861781919764 0
0.01712367982024438 1.424060262907013 0.1946853302273779 0
0.01716529717580677 0.2494700997828729 -0.4153187262114166 0
0.01731596289156118 1.421577115270204 0.2227264657360129 0
0.01734353258031113 0.2989196228514647 -0.242777145314276 0
0.01743582805435054 1.193170428507251 -0.03066603457509653 0
0.01747000238640134 1.155185173743619 0.06544880412372328 0
0.01748467784779104 0.7206906769616223 0.1046651070167786 0
0.01775705040373577 0.3382848200538403 -0.06625780357599786 0
0.01804575778437295 1.424405455477417 0.2069665077148883 0
0.01822443066835437 0.3263951707900763 -0.07835701077389862 0
0.0182595368030805 1.126071042129544 0.028118078265158 0
0.01834014599968198 1.423961606861131 0.2166335863142086 0
0.01834085681279878 0.3171860469980385 -0.09409563709529434 0
0.01834344210310183 0.2613881127210864 -0.3552828346064757 0
0.01836319524995524 0.2711853524638077 -0.3114011401582212 0
0.0183647913977401 0.2993564975301377 -0.1279517370334092 0
0.01836994336790509 1.408569838933013 0.006159615474611121 0
0.01853887547569116 1.13869389770887 0.06179691219208011 0
0.0185584288550671 0.262475175020833 -0.339746305049641 0
0.01859031179457819 0.2611725697440166 -0.3485497807994666 0
0.01881414466837701 0.2564349654561221 -0.2033379487330823 0
0.01882377287502662 1.189646150983577 -0.01538315336392389 0
0.01916704568425633 0.1570159243144745 -0.4415471070195328 0
0.01934182139980018 0.2264240491558031 -0.2799269696641614 0
0.01939580572149328 0.2682327176134233 -0.3662795498798912 0
0.01940413100469304 0.2541783659362903 -0.4300809221859011 0
0.01950255954556517 0.2137030014894322 -0.3130616656125285 0
0.01961056425819861 0.2091186137443708 -0.3255239908425389 0
0.01969913017837188 1.222836373970904 -0.0581852397599083 0
0.01988420987010176 0.2030369341424982 -0.3433237661882064 0
0.0200499835931664 1.408916275349254 0.02603249444863089 0
0.02034112933791032 1.102900316344135 0.08674843006394498 0
0.0205713458404909 1.088154425201325 -0.04391456085751162 0
0.02070569265772143 0.7190284560634639 -0.08726991231166603 0
0.02072220500858901 1.184953609475802 0.004044520134606031 0
0.0210270922674939 1.115030726973653 0.02554614831938752 0
0.02108320620968201 1.088879311809877 0.1139588116856698 0
0.02155213449597826 1.172544341264224 0.2002509352290063 0
0.02159202613492733 1.300625458978671 0.2129363327840687 0
0.0264587390655091 1.358817990569247 0.2186977941883379 0
0.02193561056223967 1.123083138973737 0.05861987649656863 0
0.02233367923239154 0.1772736731370372 -0.3716588141235934 0
0.02237053201379474 1.409406872163573 0.05351830373241136 0
0.02251852832064666 1.392717860386279 -0.04133273346304845 0
0.02411903746058595 1.354679886321354 -0.04509042508487859 0
0.02276407292905804 0.2556869503884122 -0.4382116081179463 0
0.02334227974320152 1.069971999654347 0.1153040319006343 0
0.02347673857741772 0.2800653395192504 -0.3884278884006834 0
0.02351199169924867 1.03017784517532 -0.06273202384271701 0
0.02369639391822498 1.211944818181496 0.2041787470125959 0
0.02377596488654197 0.1125053776875209 -0.4042646199233154 0
0.02387485758648579 0.1128609015163303 -0.4209571819014579 0
0.02398709714146911 0.1130730104570968 -0.4337728177152649 0
0.02398747238018573 1.216393990599021 -0.05880764633180383 0
0.02399200990087506 1.112758004381131 0.056128714212761 0
0.02433784582617384 0.9968767207305003 0.123423176757305 0
0.02452188637305836 0.1809806476842122 -0.4444477109345992 0
0.02463380765777495 1.17784820528161 0.03005569979396239 0
0.02517193964937933 1.108150391634987 0.02130524121345018 0
0.02520293695373862 0.2063642867533719 -0.444029798187108 0
0.02571316874279953 0.9237238300270383 0.1161086005879703 0
0.02599140771264705 1.283102862234019 0.2112349194890958 0
0.02612568724421566 1.409934825110249 0.09204363431649262 0
0.02613143474945239 0.1554252773994544 -0.3786513836394339 0
0.02644109005404636 0.1146360020437353 -0.4424360975126447 0
0.02671629254608598 1.395456992127703 -0.03892943019042486 0
0.02693192212789802 1.211945182691102 -0.0571265934901652 0
0.03174290731031867 1.382884733297681 0.2210943634477151 0
0.02751806865984658 0.1578511084263934 -0.4447163073684341 0
0.02770920083488516 0.8540993237355937 0.1054539084603085 0
0.02797013242218674 1.158229528855743 0.1987915027028381 0
0.02800501708113425 1.105895032198017 0.05433692410669112 0
0.02803286245282705 0.2937419244355892 -0.4096909754760766 0
0.02809886665780467 1.168228205143506 0.06730606073305263 0
0.02862805188944217 1.209266457203123 -0.05097630561826301 0
0.02867621172479046 1.396386198575264 -0.03249662408211366 0
0.02902616468988484 0.8739611011278769 -0.03217213337704274 0
0.02918437491157588 1.196528965088127 0.2026550024023668 0
0.02946911881680173 1.410565080312169 0.1305289395471517 0
0.02962064504305106 1.20723785271009 -0.04146098173279494 0
0.02733632772105912 1.267678894948069 0.2097169338151145 0
0.02963740557034833 1.396437305010072 -0.02278131019526491 0
0.02977321855612811 0.2532697889791009 -0.4413764294649788 0
0.03014977616568176 0.6653145534475001 -0.08376641324442385 0
0.03017108343421403 0.6403425748524152 0.1115931568949701 0
0.03067569187953156 1.099582623098093 0.08876833835668341 0
0.03084843646713696 0.3012152353937695 -0.4235363252068053 0
0.03085159592518855 1.396494454055244 -0.01053474349938873 0
0.03093425447900883 1.204603999887069 -0.02946125422341261 0
0.03113143077301939 1.404935219352914 0.2232684758207295 0
0.03129432628208609 1.15828215135334 0.1044633246029219 0
0.03187707010476076 1.411005654148944 0.1580198654705365 0
0.03235200544114833 1.148307705552825 0.1977579165744236 0
0.03240182242482353 1.396559015151119 0.005089489481311098 0
0.03256523453555429 1.201261456868289 -0.01415872997650196 0
0.03268244018459371 1.24850912562252 0.2078510085025733 0
0.03270965244739496 1.152682312270753 0.1315056766808008 0
0.03330116517512852 1.148452030379872 0.151786410205469 0
0.03334661509224646 0.1127254621258548 -0.3904301635214165 0
0.03338525750948957 0.3031842517383718 -0.4307882348151843 0
0.03340026523830028 1.380459851324403 -0.04248972145837961 0
0.03359870915879525 0.1191184060921713 -0.4462240654349131 0
0.03371226363651986 1.411402954777076 0.1779082470473224 0
0.03438382200326651 1.396648521467515 0.0249401991618111 0
0.0344542234304176 1.22827000882955 -0.05757414303822592 0
0.03453574255197177 0.6344487732300514 -0.08976873958532668 0
0.03463334614870767 1.144926751561474 0.1670194686393611 0
0.03473368957071263 1.196830495246473 0.005278955518110723 0
0.03494650966335261 1.142559691313829 0.1950430701260642 0
0.03422413597634313 1.25912544328651 -0.05450741390628629 0
0.0353031295722859 1.411912312626752 0.1935835614423083 0
0.03535409492997846 1.232107478515824 0.2062345576610611 0
0.03536325187918243 1.409532483598239 0.2216330064985059 0
0.0355528935762468 1.142468950634623 0.1789930189072173 0
0.03559591759796385 1.323534791705655 0.2152674999501251 0
0.03583384039112956 0.6074932984109982 0.1055654076897928 0
0.03583513247214906 1.141125744777047 0.1885589323974456 0
0.03598110472058717 0.6205352878787077 -0.08877773921090891 0
0.03623769435179536 1.182651069209119 0.2012790152005478 0
0.03641866509502154 1.412119699547981 0.2058513434325536 0
0.04198732684493584 1.316803638983867 -0.04874949399918969 0
0.03677761082972916 1.411628724772492 0.2155137294673803 0
0.03712085436325724 1.396764237938311 0.05239276695584736 0
0.03727459610763695 1.102862613238388 0.0115317923023551 0
0.03736647967370458 0.29683880870046 -0.4347378407288248 0
0.0374917447580151 0.5896932039363281 0.1029686619864778 0
0.0375982332624499 1.19074859616775 0.03213853377913275 0
0.04249096899352889 1.365261014987365 0.2194143460897815 0
0.03775255430234364 0.2077857459542844 -0.4448512041434272 0
0.03781013319726111 0.1823663144744121 -0.4453386746380903 0
0.03799392566119214 1.382661265649481 -0.0401375885761551 0
0.03807423746145977 1.216783203898413 0.2047229661592158 0
0.03808491331039732 0.8806665076489276 0.03363200814214243 0
0.03813398283771521 1.224533715975323 -0.05581781534636418 0
0.03937808274194272 0.2507328675845742 -0.4421004305734842 0
0.03941754074344769 0.6098087002218426 -0.08542594713125926 0
0.03996344001186038 0.07266487272353481 -0.4128179802018348 0
0.04001357710352246 1.222187919016849 -0.04970881921265093 0
0.04008702616766082 0.07282680865228847 -0.4241045644595284 0
0.04013511560313077 1.101412679104123 0.0508387284636294 0
0.04015786934769339 1.383331839302671 -0.03372900603396341 0
0.040177516876899 0.1591173150145768 -0.4456418565242733 0
0.0402401806906621 0.07297674526739883 -0.4353552870653082 0
0.04103798588381849 1.396899826940316 0.09083405574248614 0
0.04112627006261066 1.22030794632852 -0.04018190930862948 0
0.04119189668150472 0.5650885731001478 0.0961748462679477 0
0.04145852069654285 0.8027265471593082 0.08697962875872636 0
0.0415603711840356 0.2817743883500474 -0.4370312138661396 0
0.04160145261796569 1.181903875315926 0.06966452042397561 0
0.04162809401914586 0.9414657882504512 -0.03054667165750927 0
0.04178428278097555 0.07575043479027435 -0.4436880711485328 0
0.04205475881860879 1.203436557679827 0.2034038374039308 0
0.04225966779932086 1.096419394640645 0.09203425118353845 0
0.04262385829125589 1.383115403855993 -0.01179645962949105 0
0.04274130047171043 1.366662204418879 -0.04380859145303195 0
0.04274972866760629 1.217785751744154 -0.02809435496936137 0
0.04276737635436231 0.6002887674586225 -0.0827950028410892 0
0.0431566612036243 1.241240795454151 -0.05624136634857259 0
0.04332893769193177 1.170669714071064 0.200133313445152 0
0.04380584489324815 0.5960867632822061 -0.08078394168876367 0
0.04425093475929284 0.5710525361312641 -0.08025742997664079 0
0.04438149810426006 1.382949685231648 0.003806873862840905 0
0.04458336922933942 1.214671648762738 -0.01276958802199121 0
0.04477506802937022 0.543737949880582 0.08632441129642371 0
0.04490109067354595 0.7968463320808433 -0.04764003053889192 0
0.04495810353582491 1.397027942632309 0.1292748013876826 0
0.04512991063732591 0.1233437015307849 -0.4461124007581033 0
0.04540782411537761 0.08329840656312648 -0.4035607542489636 0
0.04942073423847469 1.287231637079206 0.2117555379462902 0
0.04545739411724647 0.5040214538973857 -0.09267126378720869 0
0.04551426698365119 1.172860054999096 0.1071557909884268 0
0.04610781589959412 0.08378004387546095 -0.446390104917806 0
0.04615201172264676 0.5299590995454978 0.07919872158492086 0
0.04660057673263431 0.2816964965378248 -0.3660371754792813 0
0.04662041637178704 1.391526557983271 0.2220233284862874 0
0.04662712799928823 1.38274586204251 0.02363139878396496 0
0.04670807038049324 0.4350920269625229 -0.1255226297783279 0
0.04680796946593361 0.2736422892894012 -0.3571042458554885 0
0.04700183364903673 1.210569343088579 0.006697657199289275 0
0.04702780662443683 0.4988653225845179 0.06326813177099755 0
0.04716476104293152 0.2943531235531061 -0.3876313842552732 0
0.04718492439664593 0.2724928489400776 -0.3523381417366555 0
0.04718908017610079 1.014337544739935 0.06638436157544776 0
0.04731600492883473 0.273737940329338 -0.3441987069203694 0
0.04753654659408896 1.368459650399339 -0.04149530740324662 0
0.04755285284410135 1.238434460867829 -0.05438847211797578 0
0.04763268478187718 0.282264742739986 -0.3164484424474643 0
0.047636522000279 0.397541920842964 -0.1361425422965553 0
0.04776079621402934 1.397110546658051 0.1567317552741315 0
0.04779476163688208 0.3089597551847064 -0.4082671162111219 0
0.04786978037645795 0.3586779706853834 -0.1853735447555592 0
0.04788337152674579 0.3111716179628281 -0.250058092731685 0
0.04791663826122608 0.3841192761614802 -0.1429053734793657 0
0.04799828753590588 0.3748683731190373 -0.1531195862968494 0
0.04806925650620564 1.166914302944564 0.1339574822515834 0
0.0482265938948017 0.3168518691121329 -0.4220574418317679 0
0.04841410242912145 0.3186573323873234 -0.4291837279234766 0
0.04884055853914106 1.269342277792158 0.2099828306287438 0
0.0485694597993995 1.161971498485247 0.1992459960727081 0
0.05095457619472955 1.193113789848806 0.2023963324339614 0
0.04863265560524891 0.3109586415345938 -0.433324987495745 0
0.04870578424904103 0.4278637082840515 0.02105809151958593 0
0.04911847113103436 0.2898579674128918 -0.4363013294349205 0
0.04972559404713825 1.382458087031686 0.05104734722738458 0
0.04973031340678924 1.236498763197442 -0.04823687050854961 0
0.04982938974502138 1.368913372192443 -0.03510725662397244 0
0.049889228083042 1.397238319342412 0.1765942573042745 0
0.04999060255593155 1.162514720023325 0.1533239132279706 0
0.05020139336087809 1.351676201985456 -0.04525365573845865 0
0.05021381143428719 1.255180370473415 -0.05482093853261573 0
0.05023247927642066 1.204942733094605 0.03360391922329671 0
0.05031536481295518 1.251175875473572 0.2081946146899397 0
0.0503426162351054 0.2056337149941497 -0.3087436092706057 0
0.05038226011545148 0.2008816174000182 -0.321813399470713 0
0.0504276735263755 0.3611779749838909 -0.03601117396561448 0
0.05051388649393739 0.218260839464867 -0.275002087883936 0
0.05053265877118511 0.2499307718018343 -0.4422687467403711 0
0.05053781752210951 1.209089486168021 0.2040040410492958 0
0.05065678992945587 0.7248666350013866 0.08332001901296542 0
0.05068179317325222 0.1942155013635442 -0.3412005911546525 0
0.05078646028526007 0.2485672184961374 -0.1979772003533961 0
0.05094861448890142 1.234774936043974 -0.03869373476309038 0
0.05102612883292071 1.368658874606256 -0.02542022218663592 0
0.0511162324139923 0.2924926707043582 -0.1219918362925415 0
0.05129694561214437 1.219533391218387 0.2050490033079929 0
0.05130527719829851 0.3316288644329544 -0.05979999177861217 0
0.05138689045150323 0.1878976593714281 -0.3590840736071417 0
0.05142636674504908 1.096921069113368 -0.0004863063601503806 0
0.05146543085820404 0.3104177461018858 -0.08801156642998276 0
0.05153062008925306 0.3197883267030902 -0.07232138489833095 0
0.05160976929881258 0.0976355140517578 -0.4462372869954114 0
0.05161974743466904 1.159098583841873 0.168576631973209 0
0.05173083835904316 1.395224893434848 0.2203036637996258 0
0.05173288327663034 1.397522236068957 0.1922477480637435 0
0.05188857046711303 0.2083841405592858 -0.4448975161984023 0
0.05191343446181601 1.156650040258185 0.1965898911516871 0
0.05202118235108266 0.9882223043979056 0.03238467084886254 0
0.05251333259210872 1.232569002119377 -0.02666375282743846 0
0.05254223584344112 1.368329252587471 -0.01320881230181286 0
0.05269382140511575 0.1789835878560421 -0.3661150248638722 0
0.05273588797493978 1.156654497181387 0.1805556794515588 0
0.05287772084466294 1.092316039233702 0.09188453336817763 0
0.05296439528905972 0.720693899969832 -0.0560152586705602 0
0.05302264274694002 1.397567099090478 0.2044994656055515 0
0.05306172564157063 1.155372649304494 0.1901275950675039 0
0.05327925923153826 0.1830621050508186 -0.4453818748349753 0
0.05343707752750995 1.397027064869118 0.214156899640138 0
0.05414670861967688 1.382020057909993 0.08943605406494026 0
0.05416591154342285 1.096601733502956 0.0469318967907398 0
0.05447222984960226 1.36791309723199 0.002371321482687337 0
0.05467334737252877 1.229635265218092 -0.01124266603844503 0
0.05480125854701051 1.196765409208716 0.0712152020835637 0
0.05508051467071604 1.253458411518097 -0.05285735768116562 0
0.05514097916989766 1.353116372085611 -0.0429750614642016 0
0.05546163600359072 1.270131636170823 -0.05331039675078136 0
0.05562252724515029 1.335806589202058 -0.04679834682416695 0
0.05587073931208777 0.8000391118602559 0.02041276127933529 0
0.05590114770705723 1.184537340715477 0.2015468248637831 0
0.0559339802434877 0.1597933138073438 -0.4456716441900049 0
0.05597001399032633 0.1567974449918142 -0.3737476039816454 0
0.05615518464538627 0.994249912391673 0.08239194269537041 0
0.05691511879518935 0.9721394155040826 -0.01717438950715858 0
0.05694107072588689 1.367384526991597 0.02216593216034289 0
0.05717462401892374 0.2822197428055199 -0.437282111265709 0
0.05726313127087229 1.225938440307401 0.008255678797725458 0
0.05746655095590769 1.251972665655807 -0.04665964970543438 0
0.05753497225523477 1.353344142868879 -0.03660845855505691 0
0.05781999270715205 1.204575870003858 0.2035785230188731 0
0.0582258998611359 1.032146025502762 -0.06086788627108904 0
0.05857337561719128 1.381562321226891 0.1278229960919972 0
0.05875683308792892 1.286114495205428 -0.05170751483161383 0
0.05876525869715521 1.250429699834642 -0.03709797948048392 0
0.05877367649241984 1.001885154596669 0.1141748207394622 0
0.05881679974693538 1.352921740626016 -0.02693723600325314 0
0.05888874541803654 1.319361102473547 -0.04841057904365707 0
0.05930932329769645 1.188434822492581 0.108800790114486 0
0.05993834298105649 1.302692304137167 -0.05005800237571586 0
0.06034481070730149 1.366647083590262 0.04954001650573375 0
0.06043289967903498 1.248440913788857 -0.02504602600192248 0
0.06044620186792082 1.352375220058093 -0.01474579025322123 0
0.06054382089316782 0.2973756498177289 -0.4351166609832807 0
0.06058518266929191 1.269391822153079 -0.05124785240484691 0
0.06065261700238286 1.375691257375322 0.2205358415928524 0
0.06066458916652609 1.336909214070082 -0.04455271881862004 0
0.06074088902407421 0.1251487139339339 -0.4461240153341577 0
0.06075988397900633 1.220873402419085 0.03521285776062386 0
0.06077244903634349 0.9680755430761969 0.04924810951890579 0
0.06286711653882732 1.309091860433018 0.2139755410384228 0
0.06140424185044774 1.077822745151848 0.09728626295012643 0
0.06160867814669782 0.2515088634636049 -0.4422804572163723 0
0.06172753286907784 1.3812378912834 0.1552416016622512 0
0.06220361690120487 0.1137839400292287 -0.3866861781432682 0
0.06226968253325579 1.177445546582375 0.2008942862909581 0
0.0622873645100441 1.182905464037252 0.1356598241814076 0
0.06251675888109501 1.351686106445835 0.0008089884096384864 0
0.06253575318561283 1.24592827805238 -0.009669299400861413 0
0.06308663279961263 1.268356749913583 -0.04500482193590161 0
0.06312987746299914 1.3369241633639 -0.03820660492434464 0
0.06336679859680924 1.218471592663581 0.204995678270576 0
0.06342515666595983 0.9831510201714606 -0.01159233893728784 0
0.06395723470256118 1.286038127975469 -0.04957836231277421 0
0.06401015570607357 1.320119029310838 -0.04619875437598612 0
0.06408173206276666 0.303995662085008 -0.4312015897106836 0
0.06411978801001569 1.381060184187692 0.1750753972964801 0
0.06444704835304749 1.266983527886949 -0.0354261712742106 0
0.06447617818860268 1.336318277935549 -0.02855298449839953 0
0.0645298305808438 1.178814407240959 0.1550692971051763 0
0.06511133927796406 1.303068132390323 -0.04788400816121537 0
0.0651722209840507 1.350795789376127 0.02057031340089392 0
0.06518881849484043 1.36557277704412 0.08786885375076642 0
0.06526624089253752 1.242656735669052 0.009862391562846184 0
0.06547047236864326 0.7229012848788022 0.01392570375474701 0
0.06560956661205622 0.09179016513800112 -0.4463504074251989 0
0.06574679054655527 1.213516132905834 0.07291716293754937 0
0.0658849093622316 0.2089410733782158 -0.4449443386528638 0
0.06602705436405731 0.8573897000031739 0.07965329415926717 0
0.0660306071654243 1.19947329669831 0.2030949682359869 0
0.06608324214023874 0.9316687134745115 0.09523371915385397 0
0.06617865448246912 1.265241546047255 -0.02335035853449869 0
0.06618672757260421 1.335546330529332 -0.01638274824213983 0
0.06618787725221226 1.381077523598188 0.1907031014314365 0
0.06623129777828746 1.37874504777542 0.2187545689534619 0
0.06628700494734294 0.3022675920046853 -0.4237927175057702 0
0.06630075377042638 1.234515126959835 0.2066082611513904 0
0.06641473172178278 1.175646323460516 0.170352410621926 0
0.0664990818313434 1.087500186633973 -0.01485755865294384 0
0.06650325229442836 1.285330818926786 -0.04330258857986583 0
0.06652458809515627 1.319913357498678 -0.03987389315542465 0
0.06659611446005881 1.173058189076174 0.1983478039394967 0
0.06752390932241148 1.271729186489395 0.2103057364698259 0
0.06763092168217227 1.380941674246621 0.202937129878649 0
0.06765519975056009 1.302616826088822 -0.04158319895368279 0
0.06770717798105658 1.173347226187238 0.1823490288022395 0
0.06780395658851232 1.252512510256863 0.2084060526230819 0
0.06789833709211282 1.284148910753707 -0.03370485957315675 0
0.06791201037703387 1.319115415927929 -0.03023867751689184 0
0.06792456355478821 1.089678949994042 0.04028541968443201 0
0.06794342425006838 0.07340879936278574 -0.403661349941082 0
0.06808328847276396 1.172095133814586 0.1919236520377233 0
0.06809705437546335 1.380330750509465 0.2125874049977912 0
0.06834289274233363 0.980785223272456 -0.005629812504527681 0
0.06836095151371688 1.334564925174398 -0.0008557974303133459 0
0.06836757276101321 1.263035820397332 -0.007943486260659625 0
0.06838024503043687 0.2954500146910357 -0.4097244016887275 0
0.06852347324088509 0.07256367091471758 -0.4465939081877456 0
0.06863487846043226 0.1836469673462522 -0.4454265087145395 0
0.06882241427845964 1.349575567411418 0.04789934550797748 0
0.06905700516839625 1.301630908344338 -0.03196632971028924 0
0.06920708014915883 1.237934360457286 0.03694442335247287 0
0.06964360077743451 1.040266739795626 -0.05107490439205117 0
0.06967285713951737 1.282646090742537 -0.02160520196422605 0
0.06967438125357503 1.318108660967132 -0.01809081428090735 0
0.06992680181031963 0.063384718745435 -0.4439229820985139 0
0.07000417588864069 0.05996480172091548 -0.4147210644436958 0
0.07003074627957265 1.014621147764908 0.09561885794717409 0
0.07003645437530556 1.364485614176477 0.1261966047359131 0
0.07012672598354355 0.06009236999406403 -0.4247620168050106 0
0.07028559865550668 0.06023041466697107 -0.4356006388130481 0
0.07069945215152726 1.206048530309442 0.1106040814671599 0
0.07083816628192377 1.300382202040276 -0.01984206609044124 0
0.07091976249949428 0.2547576576976873 -0.4418069956814579 0
0.07114968628962126 1.333299254848135 0.01887012347346765 0
0.07119993331160826 1.260168399538021 0.01162704039700822 0
0.07145721494209832 0.974060991158318 0.06898447380025378 0
0.07172070449212997 1.07034803056101 0.07600640454047961 0
0.07176060431147693 0.1603052655683163 -0.445703545445098 0
0.07176664257927934 1.047227886820805 -0.04135278475226985 0
0.07187433773350377 0.2826584357658942 -0.3886013138569902 0
0.07190681116187812 0.9677506001375032 0.009892167067137955 0
0.07191319179720471 1.316822674813179 -0.002593157322675836 0
0.07192010120066669 1.280746859030162 -0.006167582932435862 0
0.07197892192148646 1.026051541044304 0.07813801526807304 0
0.07200414181496527 0.6677318739548544 -0.05122482009042266 0
0.0723909048514545 0.6403726841058097 0.08901840255896132 0
0.07268032054392731 1.357895155737617 0.2188388471654327 0
0.07283252235133227 0.9932475361587728 0.05384741822922504 0
0.07299536205326815 0.9884002375129101 0.00601715860614882 0
0.07309948737482791 1.298791900186507 -0.004374217610578685 0
0.07341399385565556 1.194868954529829 0.2026567943888574 0
0.07348411049460457 1.363708629780628 0.153571650734015 0
0.07388196151848903 1.215666927779077 0.2047575478190383 0
0.07403849394679504 1.201012496629381 0.1375289197111626 0
0.07452340131332802 0.927640909275095 0.0138757098978336 0
0.07454904317019079 1.231338245178147 0.07473390599969443 0
0.07479115802831102 1.315164012136614 0.01709555536958585 0
0.07482096760873627 1.278275040210314 0.01344240780055522 0
0.07498201032127136 1.331559047433183 0.0461495304491694 0
0.07499934568188649 0.2718746020034465 -0.3667019512943567 0
0.07506485610661712 1.256238683793035 0.03869147571357071 0
0.07589904433667322 0.6414994807214921 -0.05701281508310051 0
0.07601113330732684 1.296728659656043 0.01527510442644004 0
0.07604322610355296 0.9473535304839971 0.1291544353355264 0
0.07609989626248681 1.022850220387502 0.0899374642177098 0
0.07610011406246814 1.363184324816066 0.1733721307356905 0
0.07636635031140983 0.2651478234074803 -0.356196880058304 0
0.07656001553150701 1.197267798368365 0.1569863150706918 0
0.07657860375945946 0.6069944729906777 0.08374647327264606 0
0.07671241248618631 0.2647829257038078 -0.349949452312304 0
0.07681623862170388 0.1244073043835107 -0.4461734990406174 0
0.07698061200617212 0.2668210573148241 -0.341233626507013 0
0.07704737689334346 1.068151733824291 0.06203697785379021 0
0.07752401697819877 0.2577578508993768 -0.4388018424338277 0
0.07781185427674049 0.2753178069962429 -0.3126987563834421 0
0.07784985485484933 0.09846412205709823 -0.4463053836462846 0
0.07801303831320518 0.2085813006150317 -0.4443577787157076 0
0.07835590970780126 1.362905404887538 0.1889708009955773 0
0.07848933094996574 1.360467655364208 0.2170110467210593 0
0.0784989482059954 1.081611232816467 0.03300387467231024 0
0.07856693894841993 0.9584394115771244 0.01260747550892583 0
0.07866335361138485 1.191784108031829 0.2002537925291673 0
0.07868786029871064 1.194339924042487 0.1723011740168996 0
0.07873815860260172 1.046306265227806 -0.0389319677554032 0
0.07874000411076693 1.312879710621469 0.0443227183743239 0
0.0787871640665419 1.27488879284393 0.0405615568855324 0
0.07894607919434593 1.027137423201531 0.07094934878396333 0
0.07921437732179543 1.346016122921935 0.124425157320035 0
0.07930725365716211 0.3050634644966378 -0.2451498671448158 0
0.07945183929603444 1.2335106642121 0.2065631972385485 0
0.07986968785671475 1.224650597574277 0.1125097068657505 0
0.07992662552028232 1.362571925863287 0.2011853187540414 0
0.07999943691596031 1.293903886468249 0.04244918945353186 0
0.08001540407598898 1.192513405533934 0.1842978773150797 0
0.08033412942744199 0.6280563388578189 -0.0595660197654805 0
0.0804056164121173 0.211329690319584 -0.3275735363242256 0
0.08042743706365205 1.329057129404172 0.08434307668105206 0
0.08043066763226198 0.2153253227404076 -0.3147118050145017 0
0.08043504330197584 1.361888504756501 0.2108281456497091 0
0.08045469431332 1.191284702647228 0.1938793644467081 0
0.08047904635569053 0.3522291132981034 -0.1783392978603251 0
0.08051001157609602 0.2566969304449693 -0.4307513107833459 0
0.08055574516817957 0.2055799875413181 -0.3445499290989669 0
0.08063609149177631 1.250506159501439 0.07657419201823559 0
0.08081054275357677 0.614303596129707 -0.06027609986808784 0
0.08086167529559177 0.4966507077056429 -0.07916809594043478 0
0.08087837383139995 0.4271167061190756 -0.1140925204628699 0
0.08093455739517658 0.227823746728678 -0.2818895960720409 0
0.08095755411917309 0.5669637736481979 -0.06385200485599354 0
0.0809652279423318 0.5947476242120652 -0.06028124629961143 0
0.08096671546028733 1.064242899519002 -0.03184581400422917 0
0.08106076971679384 0.6017157489409269 -0.06091136776962153 0
0.08113762796322457 0.3683450567705326 -0.1451783203663767 0
0.08121830611234601 0.3907189018880826 -0.1265928170682985 0
0.08128082517447008 0.3777795156876487 -0.133993118100788 0
0.08149207570857397 0.9203706199777848 0.08780923304983199 0
0.08158625335136704 0.1834419720612561 -0.4447703456616421 0
0.08178950740418625 0.5869905152038073 0.07808204823034032 0
0.0819457658151249 0.2585861767958326 -0.2064853406804243 0
0.08220421301192189 0.2526735141112219 -0.4159588285641083 0
0.08233987373382098 1.338496575555904 0.2169759100717114 0
0.08236053779014016 0.5679238547066299 0.07044458678696092 0
0.08044011677697913 1.293633967128353 0.2125360678775584 0
0.08257296979901402 1.21305193822693 0.2045295056157624 0
0.08269122346347929 0.5513706278574407 0.06113061370776857 0
0.08284392201760366 0.538897907677349 0.05427997318458627 0
0.08290059615967524 1.344743960971091 0.1517524369691047 0
0.08294141497899585 1.253084985674785 0.2085298772187076 0
0.08300201317576487 0.3035296496935065 -0.1323462711019723 0
0.08307798596754312 0.5090119345729139 0.03879414777998874 0
0.08308247139790323 0.1801049781395771 -0.3728253591058333 0
0.08328768209378912 1.220436345975727 0.1394501667864462 0
0.08332173284082053 0.4390716688633058 -0.0001634042190138962 0
0.0834002328466848 1.075980937675383 0.02659054038897362 0
0.08366588870834946 0.3725804534524514 -0.05065718385039819 0
0.08367411547243463 0.3214856868939234 -0.09903554082540922 0
0.08387693155527971 0.3307719495077979 -0.08597500939177255 0
0.08391054295028341 0.3424271629322566 -0.07273125008722459 0
0.08430302212611579 1.063258364554397 0.05946200327110313 0
0.08437017567180996 1.309595366724297 0.0824435322050934 0
0.08448900766400072 1.269963680123487 0.078525087460508 0
0.08464231038506634 0.1606042737088941 -0.4458296892905972 0
0.08482192546923421 0.1976471003017095 -0.3651828335653384 0
0.08499226137618662 0.2443923718537965 -0.3922584486937146 0
0.08569401315550831 1.343854186727371 0.1715177525416229 0
0.08570400570437917 1.289816974409662 0.08049243310671589 0
0.0858592110684373 0.1579519213936122 -0.3798278405767812 0
0.08587569662505762 1.326534001032544 0.122534430596049 0
0.08602999628788971 1.217077019541644 0.158960923812386 0
0.08619672456391625 1.244703137749864 0.1144470604506001 0
0.08646267414182177 0.2083951397844754 -0.4414082322162406 0
0.08680889620979272 0.6548459961458972 0.01859200982639234 0
0.08733034607032397 1.054889772136684 -0.02065450876112172 0
0.08748871771218872 0.08468042922504515 -0.4034475705385646 0
0.08750063476767872 0.0850618519485653 -0.4464978339022848 0
0.08753994924070305 0.238021543228074 -0.3683860376551068 0
0.08765672508362388 1.070279642268238 0.02213193431656758 0
0.08809544176700304 1.343258651131723 0.1870847791730837 0
0.08830560910630852 1.340662364794558 0.2151081314865658 0
0.08834251366941276 1.214457300325585 0.1743158528379919 0
0.08842463452207613 1.211363321136272 0.2022728150211 0
0.08847020931676038 0.2355909932379592 -0.3521770986062481 0
0.08856373343477114 0.2381595543332854 -0.3405923737114693 0
0.08872500941750924 0.2409313483418059 -0.3299233429645677 0
0.08929761196868541 1.232642363243339 0.2065164285445995 0
0.08934157413612234 1.317980133886608 0.2149815528669604 0
0.08943138119121666 0.2075600214966234 -0.4328005615416456 0
0.08952119304689139 0.251342276836472 -0.2994346929067631 0
0.08973051628628764 1.324749677092071 0.1498113912314245 0
0.08976050853115163 0.121043586864907 -0.4463372125868392 0
0.08976633689039354 1.342700869370231 0.1992766896157606 0
0.08977466327676466 0.2063240348779561 -0.4175234301028796 0
0.08993674623628423 1.212506521066892 0.1863600845184143 0
0.09000432135863257 1.240740176723655 0.1415002129427351 0
0.0900052417465837 1.306271607046752 0.1205599925759511 0
0.09018379724495615 1.2649927290783 0.1164823207880921 0
0.0903060777272979 1.341950860446786 0.2089127195725311 0
0.09038229902750236 0.1833795797245024 -0.4417595981067567 0
0.09041999004610363 1.211331349753159 0.1959477217402553 0
0.09042108725318633 0.2027220846864498 -0.3920303081056608 0
0.09045886055624003 1.051747910300135 -0.01658771433158278 0
0.09107139305369108 0.281573620968842 -0.2274574889610599 0
0.09112755885066046 0.1148115319588422 -0.3912686635305744 0
0.09116444446154537 0.6257412422716209 0.01318771763020546 0
0.09140814907152583 1.285690423295412 0.118530855042048 0
0.0925037870310417 0.3270171608575605 -0.1566999510288298 0
0.09265247724038256 1.323462005590903 0.1695376215734946 0
0.09288400460476098 1.237807052829348 0.1610563309584106 0
0.09294671157337042 0.8931278489350718 0.1712915526981905 0
0.09316636736232936 0.1810994158210072 -0.3937891864774565 0
0.09317250151848883 0.1600516276367833 -0.442065954119412 0
0.09320034610885278 0.1826044065070839 -0.4180252207081433 0
0.09327530237677348 0.1830273706012552 -0.4330619428741281 0
0.09329417030799909 0.3445888400358097 -0.1242245298269019 0
0.09351230247420249 0.4003852586631957 -0.08306701329389349 0
0.09354258295791568 1.253439406969514 0.2086109117038658 0
0.09355763140996784 0.3682332524741561 -0.1006848666878643 0
0.09355973913235868 0.3539312914738966 -0.1102126341888304 0
0.09361799492019576 1.296647390956006 0.2128960725586561 0
0.0937617066876239 0.4694243237142487 -0.04002559781952542 0
0.09395480869617165 1.303954506196175 0.1477834300971069 0
0.09409935810056175 0.540943849047864 -0.01240695499901251 0
0.09411234637668178 1.261570538524772 0.143592365489029 0
0.09415277818916701 0.5705483262278481 -0.00261939773274672 0
0.09426141776845118 0.07739166867086561 -0.4438243304413643 0
0.0942821066219528 0.872384801240186 0.1390763131404033 0
0.09446979419771855 0.5808071570423768 0.001038834972134889 0
0.09499341516310908 1.27503041187068 0.2107579208185595 0
0.09515624965617023 1.322539236025782 0.1850716705642321 0
0.09530320297471601 0.5945737365378614 0.005134078012573401 0
0.09533531610049897 1.23550473165328 0.1764464824296126 0
0.09538185675387814 1.282825498604488 0.1456983806973377 0
0.09541985743998618 1.319759023958864 0.2130754708384663 0
0.09545780915310537 1.232240453961354 0.204390309687614 0
0.09579449649352687 0.6095733694800086 0.009283742645410625 0
0.09582002782455071 0.1587088032580884 -0.3979846177993456 0
0.09588040842661626 0.159482412033162 -0.4191689783064045 0
0.09596818192458059 0.1597926053445387 -0.4334243207265415 0
0.09610986875230013 0.07443008110080429 -0.4126090795210732 0
0.09626096115722205 0.07458620659491169 -0.424204267059808 0
0.09630682843438387 1.06116779094264 0.02316835300731654 0
0.09641299479269327 0.07473667879872001 -0.435501232908579 0
0.09689796621685218 1.321750025390474 0.1972400753147618 0
0.09694955407979089 1.302256060181004 0.1674681324179641 0
0.0970275639591873 1.233772140407412 0.1885152497074645 0
0.09708628313635823 1.259042324903805 0.1631914624264486 0
0.09745995043408953 1.320921642619431 0.2068680068287921 0
0.09755475047464107 1.23264254182125 0.198109176864435 0
0.09826298321742544 0.1174843980995072 -0.4437100937161378 0
0.09839070179033049 1.28072394500072 0.1653416566305725 0
0.09870732850476116 1.041640283956879 -0.01163795982380991 0
0.09924638002223252 0.9710195870950409 0.1357285856098394 0
0.09951056929822905 1.300992152732746 0.1829674560114245 0
0.09962152375203798 1.257078844975499 0.1786177267478959 0
0.09978309316565542 1.298029288011051 0.2109504105527273 0
0.09980088174960106 1.25384025707022 0.2065667637575014 0
0.1003463749315415 1.040806262827084 0.07303116452427275 0
0.1003821231231028 0.9086616057440644 0.05406720036302479 0
0.1008067588771207 0.1153144724473768 -0.4049400401555287 0
0.1009000248752182 0.115655334422895 -0.4215072340216324 0
0.100964660880954 1.279109272704289 0.1808049117070725 0
0.101016523129344 0.1158558054838986 -0.4342973866943793 0
0.1012165844183163 1.275976535165587 0.2087685978441461 0
0.1012899050745094 1.299963258450191 0.1951111350148954 0
0.1013761794078859 1.255573377438367 0.1907109868333457 0
0.1018596200112845 1.299058093936756 0.2047305272296341 0
0.101924824662357 1.254523067765847 0.2003137634165593 0
0.1022344292179238 0.9802395744646965 -0.004779632248654603 0
0.1027530309084598 1.277833346612121 0.1929230123431356 0
0.1029546203526259 0.8660770270425122 0.1879125648076558 0
0.1033180798806534 1.27685871142225 0.2025346601395221 0
0.1036865057523466 0.8482631911993639 0.1554478602903672 0
0.1068360359705032 0.8538513058842485 0.195814235211204 0
0.10727024134264 0.8383235857632179 0.1629955254032791 0
0.1093977220598251 0.8432245958431355 0.205506537645565 0
0.1096258683134561 0.8294388545479709 0.1726802423503745 0
0.1128171522977348 0.8257647911153372 0.2243516585236016 0
0.1130659045627014 0.8127870766183348 0.1936137031792075 0
0.1132978663662539 0.8593596239852702 0.1083559057885152 0
0.1149853842510391 1.034968402016168 0.03766840842990367 0
0.1172688486454576 1.014149898423002 0.003978105582181965 0
0.1179613891483985 0.911681733532187 0.1809413671369011 0
0.1188824782976972 0.7932732764139165 0.2587559963196521 0
0.1194349306085788 0.7778241254525684 0.234249089217569 0
0.1224929263440561 0.8363808294662125 0.1257346614188547 0
0.1252133191798103 0.7605710547539578 0.2916247861226789 0
0.1257541811719141 0.8278676044408564 0.1335442282394891 0
0.1264176186514223 0.741607173627059 0.2727544201496819 0
0.1271596572535389 0.928126131366894 0.04541374469201515 0
0.1276148115068813 0.820972604909411 0.1431563479590183 0
0.1282916846900899 0.745400036425245 0.307514441977278 0
0.1284253676425413 0.8821141322303249 0.1995374525134689 0
0.1287359817259305 0.9850273038264226 0.1201114939902302 0
0.1288490153498629 0.7275378837090885 0.3447259390991176 0
0.1290111070895295 0.7313673738602371 0.3332142314594026 0
0.129264178487884 0.7389326490337504 0.3148460294182688 0
0.1293076856742942 0.7347871999055301 0.3233834624764602 0
0.1295042611559758 0.710440223114762 0.366654567157489 0
0.1297830212716968 0.7255866600949983 0.2910844428990847 0
0.1304108422155181 0.805215485115365 0.1661469997061373 0
0.1306792390127288 0.8680890725793033 0.2100036005234722 0
0.1310810970169091 0.7186227632160801 0.2980314970507757 0
0.1316688482887476 0.667158165061553 0.4078039034608461 0
0.1321167168252771 0.7126598273771463 0.3052270280880886 0
0.1329190262745125 0.8567744245858864 0.2198154046534956 0
0.1332474075969519 0.7065234005083171 0.3129612165094989 0
0.1346885637522647 0.6995567844542474 0.3219289680975391 0
0.1354671935547671 0.8386474619580393 0.2381013781494552 0
0.1357714876415302 0.7676966322858857 0.2127664484132473 0
0.1361767632893971 0.6819996409569735 0.3434522095148249 0
0.137439735311332 0.6442012815780941 0.3887309415304937 0
0.1378741067185336 0.6329633653039 0.433914303777567 0
0.1398068903920194 0.8059693633290177 0.2703957962279455 0
0.1416195276575798 0.6090899176544955 0.432754756704313 0
0.1422040943323082 0.7276326550513705 0.2565669295824881 0
0.1429440485516121 0.6787974765570445 0.416430746428908 0
0.1443229833256742 0.7256743937709679 0.3766385128764694 0
0.1444098727231569 0.7732451880416868 0.3012409111890954 0
0.1444673545705671 0.8680180449582731 0.09758884519331534 0
0.1445170085016438 0.6283173327528023 0.4493729950642139 0
0.1452809085587492 0.7431266283441571 0.3547757506335402 0
0.1453229267714786 0.7104991330262591 0.2772248879904311 0
0.1459732720747906 0.9761870125109284 0.08572426129272476 0
0.1460282172252094 0.7458188671012517 0.3426456491505204 0
0.1466615870377476 0.7574997612733243 0.3159488872857311 0
0.1467577269216469 0.7030129810119413 0.283670571981011 0
0.1468340326485579 0.748237972094516 0.3323013844461883 0
0.1472234196019523 0.7516929784524202 0.3235066939555411 0
0.1480544897076764 0.9546546244578388 0.05209096340316893 0
0.1483331259581435 0.9199450768168022 0.1709594326497785 0
0.148688749042683 0.6952972763482183 0.2893879700245329 0
0.150912677905946 0.5991194296397611 0.4498943864494472 0
0.151196294609294 0.6865278031441067 0.2949076676971786 0
0.1512453253676692 0.605724084294873 0.4108100782921417 0
0.1529952469909841 0.6244447682271417 0.371544336235983 0
0.1540854026187244 0.843658697613901 0.1169912187451208 0
0.1541782787757359 0.676512425864167 0.3011973841081245 0
0.1554962156970943 0.6581339727929113 0.3221691204557659 0
0.1557027185402807 0.8340973777463918 0.1270381632055543 0
0.1563379466403794 0.638280256993573 0.4378847831944226 0
0.1571381226091809 0.8278052309770111 0.1368248639087832 0
0.1589257653877638 0.8117961045189428 0.1605633576178274 0
0.1593293565912091 0.8895119361555159 0.1913418401163182 0
0.1604936527131677 0.5957737154690075 0.4217686326779192 0
0.1611621029881387 0.6762958526819883 0.4130337260698942 0
0.162291694047579 0.8760019436290325 0.2012553302661916 0
0.1624426535812398 0.7724447051861192 0.2091831470065682 0
0.1624481114361014 0.8637929692898541 0.2130077719945019 0
0.1633914564571926 0.6150009269266147 0.4383858454872369 0
0.1639717929907611 0.8449789545361878 0.2320125433824953 0
0.1664979404315777 0.8100619579891206 0.2663424506690785 0
0.1666854499552131 0.9085866964332646 0.1398814601556471 0
0.1669650507904118 0.7301813338587785 0.2547667125993475 0
0.1676350959729553 0.7236169886939086 0.3718858142409435 0
0.1677655980315739 0.8871430575651753 0.1083274567635008 0
0.1691400795295677 0.7122744868528414 0.2758966219708937 0
0.1693341313421095 0.7751400988441375 0.2992623576674376 0
0.1695195529684992 0.6114289680460145 0.415109216567445 0
0.1699966121583545 0.7418784332572255 0.3503744844154634 0
0.1703146040469571 0.7455152477450624 0.3393280023117505 0
0.1703430914231678 0.7046572378113853 0.2820255648280859 0
0.1706798491083554 0.7587270606459144 0.314552420337194 0
0.1707532970297617 0.7487462317320622 0.32990385891715 0
0.1708931704734755 0.6223637962786212 0.3684098841852379 0
0.1709907934433738 0.7527388701642158 0.3217844735369606 0
0.1723852371889711 0.6964577135086298 0.2870305735430421 0
0.1751886661073403 0.6869420837467179 0.291604122464367 0
0.176394909876683 0.6569484697631194 0.3961184135009531 0
0.1774727685392485 0.8800774169624738 0.1607144175349587 0
0.1780466586853198 0.8605568117587953 0.1292137988621906 0
0.1784385874669774 0.65666148225044 0.3176986686189297 0
0.1785524989277922 0.6759432988420118 0.2969662691269013 0
0.1801439964826407 0.8689179211304252 0.1703690663916501 0
0.1801954609407778 0.8580462771449524 0.1826274157497539 0
0.1805365499341017 0.8508791806840954 0.1388041374548996 0
0.1805377189183323 0.8426228400200421 0.1509399445602674 0
0.1811815094469682 0.8394741363890345 0.2041461438244364 0
0.1815170742420953 0.8258085714032162 0.1744124200449776 0
0.1818478462660482 0.6343894146527186 0.3773336608333907 0
0.1827971752828175 0.8013048006613853 0.2448227362215678 0
0.1833522730536646 0.7860842992618957 0.2211304675928172 0
0.1849775162092718 0.7618278082362426 0.2832640003049198 0
0.1859883541488939 0.744727857277061 0.3009656089384176 0
0.1860248983048043 0.7434136021320488 0.2646917029789205 0
0.1864729237814315 0.7377604946426664 0.3074530579451489 0
0.1865839991660314 0.7003058359903455 0.3509156506873874 0
0.1870913179220773 0.7320453070568191 0.3140828357658141 0
0.1872917318135335 0.7254300192937231 0.2847444114918279 0
0.1879602765314631 0.7262305762072983 0.3212847527442463 0
0.1881241249228984 0.7179665745445523 0.2908180648926068 0
0.1891394945066707 0.7195008735960632 0.3298191687047012 0
0.1896998953512982 0.7104618687055666 0.2960991925079273 0
0.1919279289039487 0.7019710743497811 0.3012095284837722 0
0.1928953496519343 0.6723959819299348 0.3280600377083788 0
0.1946553166352116 0.6920995192377959 0.3073128907881619 0
-0.1084531278316262 0.04993130239939106 0.1336638139704568 0
-0.1131113863352816 0.3106598395519177 0.1456193270661985 0
-0.1028371788488132 0.3976688389989908 0.1162102227425662 0
-0.0972712555669281 0.5450474348584617 -0.01563610302030428 0
-0.02066398035143932 0.6327010485287007 0.05135314810470409 0
-0.1156283078919125 1.039327662787256 -0.005590542254822832 0
-0.1475815957272156 1.248118868809753 -0.006738990373965689 0
-0.1350895252293047 1.27130150266451 0.1186875971010207 0
-0.1287555663256968 1.389811243213019 -0.0005354755564135364 0
-0.1168598793342795 1.396367219316287 0.1324461377581052 0
-0.09714060872306955 1.296957355004474 -0.01854838219105032 0
-0.002719138896422767 0.6516759851504665 0.001304882955588749 0
-0.009831394460146957 0.7874449682286259 0.002313336989703425 0
-0.01010000382374003 0.9072055752161282 0.01063432761311243 0
0.004247720088847747 1.025350064820412 0.02847024689620107 0
-0.005670463140608512 1.153738301930424 0.1362897489142775 0
0.02681293730902739 1.240070077830683 -0.002548034976576103 0
0.002520858366710786 1.252256191522158 0.1333678724994336 0
0.002847764448669622 1.382050748269851 -0.009120964361759326 0
0.01035832824786033 1.381052070764155 0.1302413287402896 0
0.1505191348963293 0.7770084806740269 0.251890947885737 0
0.1317777449027645 0.895766026351125 0.1346720656493822 0
-0.1139808822445697 0.9610619560643964 -0.04606270222796015 0
-0.1191056337137233 0.98560546569327 0.006097269190238988 0
-0.1139662952736843 0.983380392836615 0.003996551250911626 0
-0.1314782718095443 0.986694042197319 0.02633896517353322 0
0.02312730665054871 1.089290940516834 0.1092257139339761 0
-0.1163366297670444 1.040124803657385 -0.05240584118673199 0
-0.1139968744270575 1.028505432928399 -0.06404901124147266 0
-0.08797325629123588 1.370424682636919 0.03612731439753337 0
-0.1132063545516836 1.009729665461492 -0.0702038156232956 0
0.06463580796718334 0.9890252649926717 0.09328855495496959 0
0.01124649827855184 0.4287240698716769 -0.005585464020438309 0
-0.1046239276869977 1.011421569574524 -0.06077800285650345 0
-0.1132459878459753 0.9676182744408952 -0.06215718626316853 0
0.06342968105742913 0.9770965108039519 0.09949637128601521 0
0.06814816577064084 0.6911523369047562 -0.0225439528366051 0
-0.1192969172507281 1.059471355003196 -0.02766465399672225 0
-0.05805193937990964 1.260007856214777 0.06971221567460863 0
0.07939340495280882 1.075315978322023 0.009498723826092129 0
-0.1188054733505711 0.9877057784771885 -0.0001986753317250508 0
-0.1183493683199374 0.9945595966764621 -0.01041228721168524 0
-0.1190705909464565 0.9871396278522919 0.00448700495680511 0
-0.1190324856624762 0.9880599640455224 0.003506413971888471 0
0.007116269243017576 1.077092585046563 0.1188673167148904 0
0.01504953216110426 1.083787481900482 0.1160792708445254 0
0.01659594442086475 1.086857444950957 0.115094496652853 0
-0.02171578170283826 0.7051391580723689 0.04142578435455453 0
-0.1125585820197077 1.041762767815587 -0.05038082276919165 0
-0.1087414893888836 1.036039960259663 -0.05586645303099155 0
-0.1092905460171477 1.033822758229053 -0.05725182134240062 0
-0.1216599203081737 1.325079279452767 0.06571806724722522 0
-0.1010224619321642 1.060529702175368 -0.04116830755298161 0
0.06892230373657972 0.9540644888144744 0.08136628305694063 0
0.06769673715694488 0.9586794799292058 0.08548034709121609 0
-0.0001040788718176377 0.815750282903954 0.1036059005368117 0
-0.06471084154802169 1.113430192626719 0.04813808796595564 0
0.0712146721329652 1.021567512264481 0.0849955747371732 0
0.07204905288435637 1.023356396608837 0.07614232395928694 0
0.07392915349588394 1.023121467204158 0.08254500340524953 0
0.07228266023502115 0.9618424951360431 0.02554743374836284 0
0.07306352443700423 0.9496391080275308 0.05074349695375218 0
-0.1187290640433113 0.9757101313099837 0.01604692725230715 0
-0.1187439548236223 0.9760806108720965 0.01559951106517419 0
-0.118615178952632 0.9739661089041759 0.02229384922571576 0
-0.1189413367542886 0.989481400671288 0.03168504763434665 0
-0.1191000376204429 0.9875420613198722 0.01164844072823436 0
0.01408785884170442 0.4165676771739333 -0.004003620975718297 0
0.0700587735288343 0.9466946850718917 0.0665308101953198 0
0.07203009728930559 0.951189233778533 0.05061776556564154 0
0.0728519532747107 0.9529455533581133 0.04391675247750695 0
-0.1071011370849291 1.023312928827392 -0.058906178471571 0
0.01451047584818171 1.08782041336848 0.113787091566215 0
-0.1224534023048504 1.29944695369744 0.2120883275634688 0
0.01340099101775582 1.087013124852076 0.1155042308304433 0
0.01226183441302638 1.087178756364434 0.115622785573677 0
-0.05160337538878294 1.34110091424786 -0.008233944476331296 0
-0.06372059201790209 1.319832499099743 0.1312464643932545 0
0.07620067897116442 1.046641715366958 -0.03981309229136301 0
0.07644986017738814 1.045894013196073 -0.03936844849614582 0
0.0770697347077437 1.046406512536946 -0.03830229256170526 0
0.04150943348315743 0.8385543578581822 -0.007199930511517225 0
-0.1130926643584981 1.057014693855215 -0.03490488278434858 0
-0.1156329103043838 1.057355912308172 -0.03145425732825214 0
-0.1175472097278616 1.048914122468623 -0.03859639222937761 0
-0.1093129582749084 0.9860226600472544 -0.06451144223849761 0
-0.09256021775721877 1.003051946410139 -0.06722066651793367 0
-0.1011501577102113 0.9938396388753226 -0.06588170459302155 0
-0.1063607416095396 1.01107918126578 -0.06268549162427832 0
-0.1079183602046151 0.9797378472194088 -0.06554137929698078 0
-0.1066690897202687 1.012575056682839 -0.06244667007030912 0
-0.106028410184996 1.019009407251066 -0.06194632096224266 0
-0.1104702578586226 0.9743998894979951 -0.06541525417972138 0
0.001869305355440757 1.034798243521963 0.1200711890059799 0
-0.1051568278102065 1.088685879309812 -0.007090923576813472 0
-0.1067937959397139 1.087941454358673 -0.003090615502055848 0
-0.112607252110946 1.087925060015082 0.03011900103985117 0
-0.1007340784081987 1.096500293483392 -0.001893809089521206 0
0.07045622302507769 1.011375358496619 0.08927546155465257 0
0.07028601676043314 1.007362796458116 0.09085256182920028 0
0.08160740219470031 1.010517568772182 0.1008330661297573 0
0.06483733545834786 0.989569392719483 0.09313837879654475 0
-0.1225760856623353 0.9739886345651786 0.01357331145658728 0
0.03584185849044718 0.8242306731044218 0.09406746803438217 0
0.0663711226699604 0.9817016089021945 -0.003536575370783699 0
0.06696782951990086 0.9814117787309659 -0.002427187489991938 0
-0.05174699992136054 1.19182698466851 0.06873186157922896 0
0.07109677308560235 1.020875771515017 0.08605347457670787 0
0.07111226899514538 1.021381633231367 0.08587413730856881 0
0.0707181990901533 1.015132976858292 0.08790145022963405 0
0.00799707850189609 1.036436113558886 0.07597340654902503 0
-0.1140814035046011 0.9601666817920761 -0.04386268797586722 0
0.006893234481031667 0.4454230818090223 -0.07179191633421085 0
-0.1291487165897997 1.278993733593322 0.2100449498720844 0
0.0404567542615426 0.9064304574802474 0.0679114327571084 0
-0.08294579258676932 0.409461141707129 0.04154172627224474 0
-0.1240989917757916 0.9678703703258456 0.006522919414568094 0
-0.118120204397988 0.9714278217923402 -0.0002633134009820057 0
-0.1187447739362832 0.9733877184177629 0.008538845381948558 0
-0.06438908053030011 0.8257827956733865 0.05146461469222387 0
-0.0703286392995523 0.8274735385572695 -0.0003844326508796675 0
-0.009521188213049404 0.7565264615185002 0.1044049726522242 0
0.02281806939540775 0.8358333159209349 -0.0555190412756172 0
-0.001881769016064885 1.197003317937082 0.06193582870002795 0
-0.1187257904081437 0.9755014725613904 0.01581540417399213 0
-0.06604613076144812 0.4110922304170389 0.04790383186048305 0
-0.1049500667124556 1.088839314740749 -0.006949470510214181 0
-0.1115377301650142 1.086187146286815 0.01288968456260478 0
0.006113228053937227 0.9744473578941948 0.07237470281565829 0
-0.1005961434403946 1.096608442687978 -0.004600497436387259 0
-0.1005816608660485 0.4070598485654942 0.03478313806845353 0
0.07013726311804352 0.9920950847277255 -0.01137823699243409 0
-0.06179938626582877 0.8484434348739097 -0.04828802732585528 0
-0.05714266391921016 0.7524883891040052 0.1016120946763958 0
-0.1211515485586735 0.6853028330748737 0.03438481384842362 0
0.04484138280804056 1.088003925052631 -0.02908013411486059 0
0.07580762019670351 1.072319104721631 0.05871474128793985 0
0.07172088331360676 0.9703602248910779 0.03432943979523187 0
-0.0711372820361144 0.9574081264425347 0.03879990098685336 0
-0.1731386355285617 1.329715985982677 0.07654710578674996 0
-0.1131344819104783 0.9337125706297426 -0.06633649283977652 0
-0.1131742187109042 0.9539859198590589 -0.05794706666614742 0
-0.06203616441506905 0.875967985040158 0.05237430891090028 0
0.03772750881390428 1.347873714378191 0.1427225045619447 0
-0.1207755109217001 1.062983582103074 0.08192218040701787 0
-0.06050665556025855 0.6944100550923199 -0.05166598840984923 0
-0.04216134016289774 1.185340722229354 0.01413775400999485 0
-0.038679130972496 1.011757406005188 0.06207165570858825 0
-0.1256819584873641 0.05001937540596388 0.2464535825043244 0
-0.04554672468309778 1.062637278309125 0.09060744173398837 0
0.1576663796132951 0.9308877414593785 0.09738291713679191 0
-0.06136110970283886 0.6723716074173155 0.05644711136250492 0
-0.06981860751493445 0.9074392412125631 -0.04226866624147335 0
0.07198034407450493 0.9691455078013628 0.009630405618184285 0
0.07193521416085016 0.9685329061697218 0.01124081766982583 0
0.0718863301410257 0.9680380652993491 0.01258407307785072 0
0.07203118269710393 0.9657721740554496 0.01747676328388503 0
-0.06327887556141308 0.7456737461438037 -0.05244229510480433 0
-0.01595057339951549 1.234589726070116 0.08880648068211598 0
-0.07609289643587998 0.7858553227156686 0.01227435041004271 0
-0.03912933113668161 0.9202838960394403 0.06339441499219887 0
-0.05578666627094521 0.7055229704774217 0.004461779202895649 0
-0.059807650717594 0.7550357489391611 -0.009364903403138673 0
-0.003702873169973721 1.182730698157495 0.1177685376739618 0
-0.09880497790231556 1.194016593549956 0.04403150484879492 0
-0.09849780444089948 0.8326838284585854 -0.07687307568278268 0
-0.03882992484105725 1.347676247961804 0.1802520725125376 0
-0.1230235826610571 -0.01010027135326388 0.2720692031662499 0
-0.07460295018244824 0.8755701365641295 -0.007502668127199776 0
-0.1099767076541243 1.057586683411844 -0.04000580941600304 0
-0.1143285795163139 1.044448815035192 -0.04781394091979016 0
-0.1134725195237789 1.049977998234169 -0.04210420212784578 0
-0.1162380983125596 0.9670675169154146 -0.0214225392732307 0
-0.04677881320334117 0.9640727933098098 -0.02377108964578982 0
0.0848246230311869 1.068336870580234 0.009467526255197103 0
-0.1733571495568988 1.329897251905421 0.02762038436192674 0
-0.1843309598604594 1.288640026282807 0.07214102008744608 0
-0.01202106285657583 0.8321776956421528 -0.04581074044621086 0
-0.1127689142384419 1.062216580105587 -0.02963123999367857 0
-0.114410642507113 1.057253287571386 -0.03315959644212906 0
-0.1165118912500571 1.050900767244258 -0.03767554143341953 0
-0.05703719730023771 0.7713398271116335 0.06337857983693126 0
-0.1149516178553803 1.057054184059672 -0.03222592960420236 0
-0.1172140930610508 1.049264051844388 -0.03847512745088191 0
-0.1115916382737574 1.068623232469968 -0.02294530760501268 0
-0.00354736876143818 0.8165777070976934 0.06512629489636987 0
-0.05477087663186032 0.6364345223587492 -0.05209155495607407 0
0.005045458041921644 1.075515660661802 0.06019577149069853 0
-0.03693369303082569 1.210144080682861 0.121251544254306 0
-0.01833011001634596 1.341311485502687 0.1309187950988976 0
-0.05834715927090494 0.9175959417324974 0.0008127019248360481 0
0.03580987742419187 0.9514233667838253 0.08327396907636764 0
-0.1672707642102104 1.020376551100719 -0.005920864130059114 0
-0.08838402616693707 1.188684968737745 -0.003524737495983672 0
-0.06022582344038666 1.266248290246638 0.1819728012006784 0
-0.1201818703251354 1.253104907644121 0.06476254767363031 0
-0.1287040550449375 1.386476178117836 0.05240842447045962 0
0.0161663929876062 1.258213379201662 0.05382645385196998 0
-0.001175539151321687 1.384757793355618 0.05379655955248422 0
-0.1216086670753004 1.31797061890057 0.2139175801399003 0
-0.05690475118603952 1.405555187212294 0.04651819241594361 0
-0.1833832893919656 1.316648976618843 0.1442533252179973 0
0.0301055376932886 0.4678021294032843 0.03798498737071498 0
-0.05627457199878472 1.230454341084559 0.1778795184058411 0
-0.04673993479389813 1.302226150767726 0.1781273674427982 0
-0.1120448814860867 1.182248878744024 0.0889569263174636 0
-0.1725364831653986 1.24275411968671 0.07324637777802079 0
0.003906703009408099 0.5143549177083524 -0.03862913600698684 0
0.001128842995607626 0.8884643519798083 0.1116064070286116 0
-0.0697867201815018 0.6597845438159479 0.002094946508971328 0
-0.0622932925555052 1.017521230558845 0.006125161757026009 0
-0.05234960222026779 1.256084888195502 -0.0007403331285572769 0
-0.05198874018061197 1.260190494064927 0.1371315425567189 0
-0.05284922154750792 1.407078683826577 0.00391750172026715 0
-0.04629315168788383 1.390661559971339 0.1382875636687477 0
-0.09672568322220033 0.437079440405908 0.1290661339622103 0
0.08732004025951193 0.4482705149166621 -0.07705905914119768 0
0.005275747425984966 0.754303912310323 0.05579760627943683 0
0.04032031723073027 1.33045950065084 0.09607921299863849 0
-0.04585044493820462 0.9589857687052774 0.120594570405151 0
-0.04639120375738351 1.072991226179224 0.02499780581014125 0
-0.1461072694813677 1.325960586039395 0.165670979183358 0
-0.04757780654856449 0.8882757321655677 0.1115960112547186 0
0.05249840232466581 1.286101267400771 0.08415721158999227 0
0.06622982615453114 0.2384235081303498 -0.2407437142821802 0
0.006255260104361245 0.9195970720549439 0.06379096374066656 0
0.01204318902711897 0.681521746346732 0.06157721755993238 0
0.04738241466786656 0.4405466092789319 -0.07166083223331106 0
-0.1374246374933007 1.343860237046206 -0.01217401766031711 0
-0.1292323652085575 1.328634954930081 0.124215499087869 0
0.03256159901252352 1.338916933457744 -0.0008123702554021225 0
-0.01983427091302774 0.8486558021405045 0.003029188572857423 0
-0.01029709283658055 0.9659249151990781 0.0185943277412951 0
0.005551392919062054 0.7212555689316178 0.0008575250373651504 0
0.0422794608441493 1.234082631445065 0.0800578711319819 0
-0.04362157530858159 0.8005714654619895 -0.04364082131633159 0
0.04249829288395964 0.5863189862918613 0.04268916387780333 0
0.0260534802760783 0.6271422531423871 0.05314318698154083 0
-0.0921562943974255 0.4933608982866075 0.03534828783361747 0
0.03955693939372687 0.6042918085406606 -0.02308917910176665 0
-0.01390156246380921 0.8691676995342692 0.04898241981957537 0
0.05177478300160643 0.900801005201486 -0.009148211739604572 0
0.04718028118674435 0.4183998823626863 -0.03740933128400656 0
-0.07441473312987591 0.6189272685163204 0.05580502465157729 0
0.001962222617770654 0.4315354085537207 -0.05353138147305594 0
-0.1503474733080285 1.216029731509844 0.03902819132555509 0
-0.02178352376895679 0.7404743342878177 -0.04421700388962136 0
-0.1374636701223104 1.18074600615532 0.1331394473834337 0
-0.09676363618041132 0.5866746996394482 -0.04227393862675971 0
0.0242165978130723 1.201456456592314 0.08916239166075465 0
-0.01290440726831272 0.6755093927186211 -0.04579487534111271 0
-0.02081155174215195 0.8899978313463648 0.08205469572036167 0
-0.1874697775106972 1.30915339154521 0.1073281810300123 0
-0.08826426766309961 1.04698430090268 0.08561833804457229 0
-0.07098946746956081 1.407526384621195 0.09144650392278734 0
-0.08813284587382129 0.5942298232554051 0.05624718948601003 0
0.04362421259361283 0.4888235351548825 0.006546334503870163 0
-0.09294469853239752 0.6190748072966267 0.0007850251714979463 0
0.04854046177663143 0.5214904113233317 -0.03710776290541173 0
-0.1424753019704876 1.199693721314336 0.09478487667389172 0
-0.09683263058447027 0.6509873598995294 0.03255757105080487 0
0.004896474125722011 1.076203696026455 0.0973499305839633 0
0.05502750443711912 1.305026505439318 0.1415344824062091 0
-0.1945125922316461 1.274636137636281 0.1391068133645603 0
-0.08784994945295738 0.9208316382212737 0.06559052644433214 0
0.06902159864767227 0.6805528501957987 0.05245850596749702 0
-0.03055633934643819 1.20908950789277 0.1690320755632636 0
-0.07765649495915546 1.401650160731109 0.1746701391970046 0
0.01166487436228945 0.4728629446226275 0.0319979406773018 0
-0.07995716693554611 0.8345974048488146 -0.08721448914428079 0
0.01498927611160047 0.8348758014043447 0.02779058293818742 0
-0.1912799240584205 1.272096919004169 0.1020270675984239 0
-0.1014553902815207 0.5914242126949963 0.01737738834162115 0
-0.09960902727355934 1.336487611294666 0.1739533740530383 0
0.08144016160515075 0.2432049617622553 -0.2441874683762326 0
0.0936370045809132 0.4349047911887222 -0.06154630555670945 0
0.05133568386468584 0.3017734272201422 -0.1873654427370061 0
-0.09763383935373503 1.059447976721517 0.04321658485346649 0
-0.02548891105137884 1.389284571899223 0.1898411567940647 0
-0.08845212375233093 1.220094383736285 0.1195687957192859 0
-0.1548450432068539 1.369751855637879 0.08915449982898238 0
0.04097759471212128 1.309321570919912 0.03808425235305619 0
0.03696362768171539 0.8354037166043602 -0.03990608195796733 0
0.01665512308929892 0.7540034194653018 -0.03873552632680612 0
-0.09490352330059677 1.072699306743499 0.0005447324259757558 0
-0.1331800373341532 1.358061932906067 0.1781407887948402 0
-0.05809667490206959 1.177280719065008 0.1615656071978167 0
-0.08633874323661646 0.9520717112520702 -0.03970576015068377 0
-0.09638111230997305 0.5573893197196379 0.0388154222161774 0
-0.1020171764780669 1.298494388897946 0.02804452839797622 0
-0.08798306869980424 1.292085465291985 0.09237293909312044 0
-0.09067137639073221 1.356226545638703 0.09874133167676313 0
-0.01993811348530927 1.296983588584407 0.0276530317405914 0
-0.01626551827425985 1.294375211181091 0.1055382455819183 0
-0.03235766295760247 1.358105908589367 0.03698944288838088 0
-0.02919504706105076 1.354579872134638 0.09078188289548134 0
0.04537309731400068 0.5451929261694954 0.03050205777315001 0
-0.1060519958394464 0.7600973374266328 -0.03509009819348872 0
-0.1743000350431005 1.222620517440418 0.1172253994847522 0
-0.08379491484068374 0.9070081916121291 0.03033997644443517 0
-0.09777555618629556 0.5288276933065736 0.07058259074593541 0
-0.1105823611469693 0.8354920674445123 -0.03005777710243344 0
-0.02666338862221723 1.231365314592255 0.03806460564438311 0
-0.02145654342595701 1.070658033509952 -0.01204877017338579 0
0.03226479707567045 0.9376660426725235 0.0238924948414759 0
-0.02342976685946448 1.152552990734984 0.0647912283689612 0
-0.1190244032916774 0.6891090277643994 -0.03686262385020127 0
0.04601743583225125 0.5662433681118524 -0.01878780619757418 0
-0.1221770266494823 0.75205457458005 0.03508803202243375 0
0.014254337965834 0.8230100238343754 -0.01735399596504689 0
0.003798356356984138 0.989718618118459 -0.02669731228148162 0
-0.03083936229759333 1.407354276693933 0.1001939774630066 0
-0.127871390432416 1.204986590270519 0.1799138353090163 0
-0.1239284791149164 0.8242378988583443 0.04156224796080464 0
-0.003075140337648053 1.195933590051055 0.01282982022024478 0
-0.1339651127856196 1.198613383290077 0.06320574628670622 0
-0.1000069851416873 0.2607360016805074 0.1591957973271178 0
0.009026273691566226 1.085863257377199 0.02505547110423532 0
-0.02956626922302355 1.249747221039576 0.1842167212868686 0
-0.1549433838525825 1.385163098255943 0.1680351943659853 0
0.05654268975131508 1.059837726652118 0.00959867686628013 0
-0.0954077065037761 0.4395134939195862 0.07251416521918569 0
0.01362088343304856 0.8675465533529868 0.07083962663013969 0
-0.01802896742325764 1.27735282102005 0.1839560381085806 0
-0.1069362236487969 0.496758938932109 0.0005126061135444767 0
-0.1571716381311224 0.9640326975284383 -0.08038955585418163 0
-0.003420583322183953 1.225525842254131 0.1766271239740922 0
0.0551857815210946 0.7598738084798228 -0.01685716339207245 0
0.02953157397641064 0.6869712863421303 -0.03343898434392925 0
0.05326376462077182 0.7624528734308212 0.05186639014615035 0
-0.1335410541572092 1.205803041895064 0.01302256365495956 0
-0.08407267488371223 1.236955859384008 -0.02509805247301619 0
-0.1709851949204424 1.354314077247099 0.1340461706359858 0
-0.01347895543273086 0.9245702670793985 -0.03489814602515816 0
-0.1626200315240913 1.214732860175951 0.1633988169566781 0
-0.117183616244903 1.398840705643913 0.1736615817238702 0
0.06618583647869525 0.4002220808682514 -0.01479954616540613 0
0.04992699694014088 0.9868059068766069 -0.04570727896429915 0
-0.0003202330838460825 0.677804569757578 0.1074201672541216 0
-0.1184948274773792 0.8993980500764809 -0.02569267534207394 0
0.07027522783869267 0.8925153046391345 0.04676450202855038 0
-0.1173720317053372 0.8920829607162342 0.04674262767653019 0
-0.0336703780450396 1.195913587128412 -0.03036869389746898 0
0.05134742507655498 0.3803382788054158 -0.08095121671123817 0
0.02894441999604924 1.36961475998223 0.1676772458715986 0
0.0162767387692417 1.239251393767102 0.1803577815258407 0
0.1247934584833157 0.9220688778537492 0.0895741745277616 0
-0.0832521221760051 1.192549055908922 -0.03307338833011858 0
-0.1976681592029269 0.972032864902917 -0.066725053041505 0
-0.05374357047604691 0.8348063619575807 -0.08648803731996596 0
0.01499896853269924 1.188659810625587 0.1712415902479764 0
0.0500653577495603 1.301368469677205 -0.005116024775902141 0
0.1316210603601241 0.9951684554669652 0.04485118343745336 0
-0.09741308134177137 1.247388373835188 0.1745560872182192 0
0.03281806835479919 0.8355441354674502 0.05948318153666488 0
0.05105080926671045 1.230767346504044 0.1495892507410327 0
0.06517476973262869 0.4689684957239119 0.03155236377599183 0
0.04382924838442886 1.055215799315578 0.07032961931495112 0
-0.1064668781043552 1.165564669582019 0.1687369228190581 0
0.04331144102856412 0.4652735330172577 -0.02850543128136665 0
0.03861640517137647 0.6634160630731624 0.01244981542431278 0
-0.03304153700785022 1.08948996525376 0.06264058919599744 0
0.03654274048111301 0.6474734995499752 -0.03393740886536314 0
-0.1717283928080258 1.270690499384666 0.030943054678956 0
0.03671819654896771 0.9906311245540184 -0.06174416438502116 0
0.05168509095131441 0.2672274162928351 -0.2529509312596013 0
0.00812941626873644 1.392499455528675 0.1881891544527333 0
0.02983674699715491 1.274952926413645 0.1843763970193259 0
-0.1812937381890148 1.342861137053059 0.1796765479462796 0
0.03457562584150008 0.2739618580131375 -0.1629644686934026 0
-0.1307238520056878 1.208509321261603 -0.01981558270357792 0
-0.04024141111325214 1.418436733227432 0.1752809227019717 0
0.005220315925514998 0.4874257810769304 0.01086510256615314 0
0.01923159385841911 1.221522718934109 0.03464274520846441 0
0.06689423673051248 0.2760484340948219 -0.1651617357276842 0
-0.009949452294027876 0.8347952188594882 -0.07900794929115466 0
0.07944362794922337 1.033676418199974 0.01759069888703122 0
-0.107422359722416 0.2016492410959131 0.1553232901549114 0
0.04354413813055738 0.410597422713238 -0.1005565278301121 0
-0.09537663304588162 0.9164001627239832 -0.07634337982647493 0
0.009923162829493088 0.7170710702725861 -0.04354626443906602 0
0.1567023727624347 0.9250351771016789 0.07676368144613287 0
0.03870545323024176 0.6160734277770438 -0.05525625199669113 0
-0.09852642538370356 0.4774859761804501 -0.03109488994158204 0
0.004958969669209364 1.319318552741368 0.1722294011588416 0
0.05195531638760264 0.3531268091526527 -0.1102626054878321 0
-0.1041397357790466 0.3723723073432575 0.1472218036646021 0
-0.0008930129086098665 0.9931307725174999 -0.06767031209112379 0
0.1563293610150018 0.9423868544720966 0.1128028607241859 0
-0.03271289180482011 1.118739968497196 0.05873935982075358 0
-0.09792786869410003 0.3357346450617747 0.1553944392060295 0
0.05128822433190326 0.333343542260258 -0.1435245909895204 0
0.07118632777091767 1.312322815658465 0.1859074305711506 0
0.05095134634962618 0.2705299446002478 -0.1599845183229688 0
0.1477107158405718 0.9468070001298436 0.1299964770729386 0
-0.04951070727063701 0.8182135382356788 0.1037233725270155 0
-0.08734697483401348 0.268189582092436 0.1948174413474253 0
-0.2023324692275482 0.9600213189843214 -0.05246240608101958 0
-0.1168640352437705 0.474449889735485 -0.01610756225806088 0
0.01858946803305855 0.2778957314931298 -0.1656448428832458 0
0.08247388949544489 0.2810579132446696 -0.1694158058911983 0
0.08577521970469081 0.3169013671334727 -0.2028983934106925 0
-0.1197421163890481 0.267785837351806 0.1929066259129829 0
-0.05591040962879203 0.5025701291113083 0.08211312978200712 0
-0.1805251822467429 0.9918403541916524 -0.09353430508008242 0
0.06358851701681004 0.3318707175910106 -0.2152617059501875 0
-0.1922510071507176 0.9858532681507233 -0.07954767058218312 0
-0.1435130951672747 1.277337925285973 0.1727297711917569 0
-0.1773843727895368 1.289038853606362 -0.01376061604159887 0
-0.1343774188412541 0.4776421324923619 -0.006221427204198687 0
0.1474626276425564 0.9076345944660347 0.07687060072775799 0
0.08722477642308329 0.2928016688266966 -0.181592645854627 0
0.1191419942922988 0.9462074062184664 0.11063907303496 0
0.138534553842037 0.9524861903216124 0.1455354633200043 0
0.007157044010080486 0.2993050206264538 -0.1882080899044565 0
0.1061100535215831 0.9788570723369234 0.04377159243940322 0
-0.19761893104032 1.247579250680195 0.168190406062559 0
0.1014021230413747 1.00147028475469 0.07115862568808833 0
0.09178759004236639 0.3042953909132012 -0.1920787199949449 0
0.01269457982752845 0.2891659337488189 -0.1778615908077039 0
0.04293693091351105 1.031598944043719 -0.01610936309594057 0
0.04697782631124255 0.8403528097545918 0.02702238471073886 0
0.04660626108708062 1.363536166469182 0.1950083986976403 0
0.06094889683807254 0.8287144059317149 0.05003302771930122 0
-0.1035816573308838 0.2662112931237128 0.1996637769601681 0
-0.1949508818892777 0.9431507518621631 -0.05346516709580319 0
0.07207067559871221 1.279305779503619 0.1748333738061073 0
0.05948208392663275 1.342469691173469 0.1705900931462951 0
-0.01103798239536395 1.167748623045203 0.1682120895980598 0
-0.07153853502570323 0.2671629375985308 0.1897134471822273 0
-0.1412292749845749 1.299031252021147 -0.0156015121741905 0
-0.09060656007707313 0.9631440361245598 0.109184397693461 0
-0.06202602679400582 1.16148773310618 0.1062093891113849 0
0.1315690182539138 0.9865138811354646 0.02632690208108011 0
-0.1403223768570221 0.2560388125755308 0.1351623463987462 0
-0.1355316865982874 0.2666282658826965 0.1866694762739513 0
-0.02914691466962977 0.8350313600327188 -0.08473505275653936 0
-0.1407966988848121 0.2625868142541374 0.169337891265428 0
0.07986415164066549 0.3274790801094942 -0.2133979443363095 0
-0.1732561309295097 1.005827551435528 0.006056552397119722 0
0.01936124246802409 0.9896470343902972 -0.06267623317083515 0
0.135813505912053 0.8980720881625835 0.07150129494266524 0
-0.06619750238675748 0.2627481402703517 0.1724290679870782 0
-0.2042813429619629 1.29940534185937 0.1814249577783526 0
-0.06113686603006725 0.259201371893972 0.1562768289208064 0
-0.06653866184348191 0.254827969522322 0.1385079901672738 0
-0.1458163486587513 0.2593477306987602 0.1525297901011799 0
0.06932893137553263 1.053071433312558 0.03706131352968617 0
0.08319985940418183 0.4740418017181099 0.01931537178048742 0
Triangles
0
Tetrahedra
7219
496 597 424 433 0
2031 2297 2236 2101 0
2345 2239 534 444 0
1976 1974 2002 1929 0
1552 1358 1427 1391 0
2456 2212 2310 2187 0
1172 2042 1209 1219 0
2024 864 713 871 0
2355 2030 2394 2354 0
20 16 66 34 0
1922 1982 1935 1987 0
488 2024 508 708 0
1816 1536 1507 1533 0
2158 2284 2233 2175 0
695 485 2024 691 0
1140 1222 2385 1213 0
2222 2319 2242 2043 0
1033 2222 1082 1087 0
2419 835 2205 1116 0
1316 1190 1182 1193 0
1267 2316 2235 2040 0
1955 2017 1934 1956 0
1267 2040 2254 2316 0
1256 1540 1350 1257 0
1565 1556 1519 1413 0
1403 1445 1366 1407 0
444 2410 437 514 0
378 245 280 2432 0
1235 1546 1535 1328 0
1390 2138 2232 1381 0
1888 1802 1867 1887 0
1325 1114 1183 1221 0
45 10 40 23 0
1156 1359 2408 1435 0
1627 2369 2374 1370 0
1507 1254 1335 1339 0
1333 1236 1549 1238 0
110 94 78 75 0
1215 2231 2280 2383 0
476 2024 451 485 0
1107 1115 1041 2395 0
1709 1734 1683 2305 0
376 381 389 326 0
658 766 867 820 0
1495 1440 1442 1564 0
1683 2040 1663 1616 0
1778 1850 1848 2280 0
1066 1158 1070 1153 0
792 915 793 918 0
666 2046 2311 767 0
182 2432 215 199 0
1465 1425 1349 1542 0
1395 1387 1286 1270 0
1326 2187 1290 1411 0
1991 1988 1955 2017 0
1859 1776 1654 1738 0
792 915 797 793 0
1264 1301 1165 1231 0
2409 1513 1763 1761 0
1920 2045 1997 1900 0
1110 1111 1211 2028 0
809 696 683 806 0
1891 1899 1847 1883 0
439 436 2025 513 0
2028 1110 1111 2267 0
1189 1067 1165 2452 0
1656 1576 1626 1618 0
2042 2100 2254 2318 0
1522 2360 1535 2266 0
2237 2318 2100 2042 0
805 808 764 740 0
2033 2304 2220 2315 0
1982 2014 1935 1987 0
1139 1052 1136 1050 0
498 405 604 478 0
1437 1316 1285 1315 0
1139 1130 1137 1204 0
1180 1065 2302 1210 0
1208 1361 1300 1320 0
2358 2271 345 352 0
733 988 908 990 0
1696 1908 2441 2439 0
1639 1430 2040 1267 0
746 2217 645 637 0
1730 1809 1748 1772 0
1879 2444 1697 2400 0
2471 2160 1782 1728 0
573 425 435 2359 0
1565 1556 1659 1519 0
1353 2444 1687 2159 0
1022 1073 1071 1017 0
1475 1526 1474 1365 0
1091 2335 1040 1038 0
1940 1977 1968 1948 0
1060 1089 2100 1122 0
560 579 483 549 0
877 2297 861 2190 0
1434 1264 1391 1427 0
1019 1072 1016 1064 0
1549 2409 1236 1330 0
1727 1695 1660 1747 0
1172 1219 1209 1196 0
910 2385 2173 926 0
1559 1474 1543 1365 0
232 199 215 387 0
1016 1066 1064 1072 0
2310 2227 2290 2303 0
1045 1112 989 2395 0
1169 1167 1083 2170 0
799 2279 2267 999 0
1859 1873 1893 1776 0
1395 1349 1297 1400 0
1204 1118 1137 1120 0
2371 647 645 2394 0
558 662 657 548 0
2259 2460 2156 2201 0
2222 1351 1363 1424 0
1365 1543 1526 1474 0
1806 1819 1814 1857 0
1349 1425 1250 1542 0
159 144 2322 135 0
2354 355 306 313 0
1016 1070 1066 1072 0
1529 1587 1574 1526 0
2446 1435 1769 1695 0
2302 1173 2390 1199 0
569 422 665 2349 0
1947 1907 1964 2045 0
2254 1640 1626 1600 0
1521 1623 1643 1601 0
2156 785 2189 2293 0
1573 1586 1530 1525 0
1305 1402 1304 1246 0
2331 1852 1850 1757 0
2056 1215 2383 2266 0
700 2277 654 723 0
923 892 800 922 0
2034 2030 2235 2313 0
1441 1626 2375 1672 0
2034 2313 2235 2100 0
1156 1147 2347 1069 0
1533 1536 1335 1252 0
1495 2446 1448 1388 0
2034 2235 961 2100 0
1105 1093 1085 1036 0
2296 2272 456 446 0
2444 2334 2361 1582 0
1663 1691 2375 1683 0
552 2024 571 805 0
1763 2409 1761 1842 0
1161 1158 1145 1218 0
1034 1085 1010 1036 0
1143 2285 2173 1119 0
47 87 58 39 0
1909 2400 1879 1697 0
883 1075 2237 1160 0
2042 1223 1230 1337 0
1515 1417 2187 1491 0
2028 1111 2261 1109 0
623 2151 2301 2308 0
106 237 61 162 0
378 296 325 287 0
1221 1183 1218 1145 0
597 2355 667 2394 0
2338 1176 2170 1169 0
1814 2416 1608 1769 0
2123 2125 1593 1581 0
952 927 2366 1005 0
2450 1889 1771 1650 0
1143 2285 1135 2173 0
909 958 2456 1011 0
2450 1771 1892 2416 0
2288 664 663 891 0
2135 2311 638 621 0
1096 2329 2187 1187 0
2413 1055 974 2329 0
1763 1513 1845 1762 0
2367 1535 1546 1786 0
1585 1499 2040 1483 0
2367 1508 1843 1845 0
658 867 684 820 0
952 927 1005 954 0
1344 2389 1536 1252 0
2065 813 653 649 0
1468 1664 1523 1393 0
1573 1530 1586 1575 0
784 856 2301 2308 0
1441 2375 1668 1672 0
979 2027 2262 1020 0
130 118 262 239 0
1605 1865 1719 1686 0
1514 2409 2415 1761 0
2088 643 700 634 0
2021 1995 1961 1994 0
1324 2389 1335 1512 0
2290 1150 1164 2350 0
1314 1296 1377 1343 0
827 1109 853 1111 0
1468 1445 1407 1523 0
1308 1566 1579 1310 0
2140 653 605 2064 0
12 40 16 10 0
1525 1430 1478 1250 0
126 47 67 61 0
786 758 808 740 0
2050 1367 2069 2285 0
1 42 52 5 0
1776 1650 1856 1897 0
1440 1410 1317 1388 0
1818 1890 1877 1866 0
1521 1623 1517 1516 0
1318 1547 1263 1350 0
2398 1777 2300 1544 0
2409 2415 1784 1549 0
1541 2393 2300 1341 0
1710 1743 2263 2406 0
2208 686 2107 2308 0
2456 2187 1092 1096 0
630 788 640 766 0
394 659 2191 562 0
1348 1254 1534 1256 0
2191 470 394 559 0
979 2348 2262 2027 0
1466 1237 2260 1484 0
1459 1551 1633 1463 0
787 640 721 760 0
1441 1267 2375 2254 0
682 758 673 675 0
708 890 931 875 0
1792 1804 1547 1828 0
1637 1748 1699 1578 0
1282 1804 1498 1263 0
226 253 151 148 0
708 2024 508 710 0
1310 1579 1487 1462 0
1865 1841 1686 1840 0
1403 1449 1346 1380 0
1523 1393 1510 1407 0
1841 1765 1790 1686 0
1322 1449 1346 1455 0
1314 1373 1385 1422 0
1831 1865 1864 1887 0
2331 1852 1758 1855 0
1176 1283 1260 2329 0
931 864 2024 871 0
1552 1439 1358 1479 0
846 881 855 894 0
1466 1770 1484 2260 0
1904 2002 1970 1902 0
926 2173 910 869 0
2174 2045 2370 1983 0
1922 1987 1935 1923 0
2010 1946 1985 1941 0
1954 1959 1989 1932 0
1954 1932 1989 1930 0
186 171 2387 165 0
1930 1950 1927 1984 0
1409 1415 2040 1342 0
1552 1439 1645 1528 0
1637 1742 1701 1748 0
1883 1894 1847 1814 0
1883 1814 1861 1894 0
1883 1894 1899 1847 0
2102 1759 1687 1801 0
2010 1979 1941 1985 0
1057 1134 1055 2413 0
1920 2001 1971 1974 0
77 61 205 237 0
336 328 277 272 0
1565 1429 1556 1413 0
1174 1085 1067 1189 0
1675 2132 1503 2381 0
1684 2370 1764 1917 0
2381 1562 1569 1473 0
2125 2055 1593 1581 0
1731 1653 1578 1645 0
1904 2005 1976 1933 0
298 2097 310 2431 0
2137 2097 901 2431 0
1922 1949 1987 1952 0
2370 2045 1947 1983 0
2234 2038 2327 2244 0
2022 1938 1965 1966 0
460 726 878 722 0
695 2024 764 691 0
897 2420 981 2453 0
420 671 690 684 0
1763 1845 2409 1846 0
2320 2331 1852 1850 0
1456 1743 2406 1753 0
2367 1786 1845 1783 0
1019 1064 1005 2366 0
1719 1888 1866 1865 0
931 956 875 890 0
684 921 690 703 0
2025 2340 981 728 0
252 233 224 263 0
728 2420 981 897 0
772 894 846 782 0
1321 1173 1204 1199 0
550 669 553 689 0
1934 1932 2017 1989 0
1939 1968 1940 1986 0
855 886 912 895 0
968 885 2401 976 0
72 139 69 279 0
819 1110 1015 2267 0
682 584 675 614 0
922 920 1010 907 0
611 453 485 492 0
684 690 921 928 0
462 531 718 461 0
488 2024 448 466 0
1459 1488 1551 1372 0
855 898 782 894 0
2220 2278 2315 2053 0
2220 2278 2053 826 0
868 890 930 708 0
611 695 451 690 0
542 769 2324 775 0
1906 1937 1928 1975 0
2214 2037 2162 2184 0
800 907 892 798 0
2013 1927 1984 1930 0
155 123 111 89 0
745 929 2026 2239 0
16 34 14 29 0
428 622 630 430 0
155 111 279 72 0
867 757 721 659 0
708 710 875 931 0
1583 1629 2305 2254 0
855 912 924 895 0
391 442 401 487 0
1942 1960 1977 1948 0
541 773 2272 539 0
461 956 715 718 0
967 1020 2262 1002 0
720 968 882 716 0
921 782 778 848 0
532 462 718 463 0
444 2410 521 437 0
27 13 6 8 0
791 2272 995 1009 0
552 2024 485 571 0
1481 1757 1758 1244 0
675 592 614 584 0
855 898 924 928 0
740 808 786 805 0
518 716 714 463 0
1104 1110 1211 2028 0
2028 1104 1110 2267 0
1477 1760 2406 1480 0
979 1020 1039 2027 0
921 690 695 778 0
2389 1512 1507 1335 0
444 519 2026 514 0
1633 1868 1665 1803 0
1468 1346 1455 1322 0
538 2024 552 709 0
2415 1514 1749 1511 0
1865 1866 1686 1841 0
827 2175 853 1109 0
2383 1848 1781 2266 0
1282 1494 1345 1498 0
2413 1146 1142 1361 0
1036 1010 1027 1085 0
817 938 933 809 0
32 65 74 52 0
1149 1162 1160 2237 0
321 325 296 327 0
597 650 661 761 0
1481 1757 1244 1248 0
111 329 195 123 0
62 59 22 41 0
1092 1185 2039 1094 0
2395 1186 1095 1107 0
1076 2071 2175 2205 0
1076 2250 2175 2071 0
2097 298 362 2431 0
578 408 554 557 0
261 279 318 139 0
450 2345 2324 534 0
450 2345 2262 2324 0
719 807 828 810 0
1647 1621 1591 1597 0
623 2308 2301 588 0
1529 1587 1526 1594 0
2366 1114 1145 1061 0
1305 1261 1234 1294 0
1586 1530 1525 1430 0
952 927 954 838 0
2371 1061 1031 2366 0
1022 1017 1018 1073 0
2217 824 830 935 0
1313 1221 1325 1183 0
251 341 242 225 0
1176 1242 1169 2338 0
2218 2297 2228 2236 0
2297 2101 2228 2236 0
1305 1234 1246 1304 0
842 927 761 838 0
560 661 549 656 0
1197 1209 2042 1246 0
1176 1088 2170 1169 0
1558 1483 2040 1476 0
922 1010 1034 1004 0
1154 1071 1068 1157 0
656 650 754 756 0
69 106 279 139 0
747 883 749 837 0
1246 1421 1402 2042 0
561 404 578 411 0
254 212 263 204 0
548 657 651 662 0
1625 1267 1655 1591 0
263 244 258 233 0
1197 1365 2042 1159 0
179 149 193 160 0
916 1048 1042 958 0
2413 1208 2329 1113 0
124 116 146 128 0
938 1050 962 1047 0
696 578 561 554 0
106 211 131 205 0
111 388 329 123 0
1047 1052 962 1046 0
256 302 234 264 0
578 404 408 431 0
574 550 679 555 0
2147 2273 2182 2187 0
313 280 2030 320 0
1174 1085 1189 1191 0
2302 1180 1217 1117 0
1172 2042 1149 1159 0
225 341 203 302 0
648 662 763 883 0
434 587 403 478 0
1207 1201 1192 1332 0
1045 970 1046 936 0
750 693 565 685 0
962 1052 970 1046 0
2374 1358 1231 1427 0
817 933 934 806 0
1173 1321 1217 2390 0
1139 1130 1207 1136 0
561 404 554 578 0
230 153 198 179 0
2440 134 130 113 0
90 66 71 59 0
179 238 207 193 0
258 263 233 252 0
596 346 378 2454 0
358 2033 368 465 0
577 583 641 2301 0
231 175 2392 220 0
1187 1185 2039 1092 0
1037 1093 1027 1035 0
2379 1545 1716 1808 0
1603 1660 1642 1695 0
1442 1440 1495 1410 0
1821 1701 1731 1742 0
1332 1192 1287 1323 0
2043 1186 1272 1179 0
2390 1217 2302 1180 0
1046 1052 970 1054 0
1030 1067 1034 1094 0
1495 1442 1433 1553 0
1332 1287 1410 1323 0
1495 1410 1433 1442 0
1495 1567 1442 1553 0
1495 1564 1442 1567 0
1595 1648 1576 1441 0
1871 1825 1819 1814 0
1895 1856 1884 1891 0
1814 1825 1807 1861 0
1613 1653 1578 1742 0
1893 1844 1856 1776 0
1769 1807 1814 1825 0
1892 1771 1897 1847 0
1647 1591 1655 1597 0
1859 1882 1776 1893 0
1567 1603 1564 1660 0
1727 1660 1695 1642 0
1187 1092 2039 2187 0
1564 1603 1651 1660 0
2446 1695 1740 1651 0
1819 1747 1769 1825 0
2369 2041 2347 2391 0
1892 1894 1847 1897 0
1892 1897 1771 1889 0
1644 1808 1701 1619 0
1876 1873 1813 1844 0
1876 1813 1827 1862 0
1876 1844 1862 1884 0
1472 1716 1452 1545 0
1970 2006 2005 1975 0
1876 1827 1813 1873 0
1619 1731 1808 1701 0
1716 1731 1472 1645 0
1827 1738 1701 1772 0
1036 1085 1098 1034 0
1882 1654 1776 1650 0
2117 2134 1503 2152 0
2134 1503 2038 2381 0
1503 2134 2038 2152 0
1637 1578 1520 1742 0
1637 1748 1701 1699 0
1637 1619 1742 1588 0
1637 1742 1619 1701 0
1748 1742 1613 1578 0
674 689 669 798 0
1716 1472 1627 1645 0
1637 1588 1742 1520 0
2247 1833 2286 1824 0
1893 1844 1776 1873 0
1740 1660 1651 1695 0
493 418 455 345 0
1893 1873 1895 1844 0
1219 1223 2042 1319 0
1034 1098 1067 1085 0
1893 1856 1844 1895 0
1189 1067 1098 1085 0
1182 1193 1190 1093 0
1139 1052 1130 1136 0
1033 2335 2224 2222 0
2278 2335 2224 1033 0
1332 1433 1323 1410 0
1175 1255 1179 2043 0
2043 2408 2368 2190 0
1207 1192 1204 1329 0
1037 1101 1093 1035 0
2043 2167 2368 2408 0
2212 2182 2062 2236 0
2130 2182 2326 2062 0
1956 2015 1932 1930 0
1105 1191 1098 1085 0
795 915 792 920 0
1956 2015 1930 2013 0
1913 1967 2045 1900 0
1187 1290 2329 2187 0
1821 1738 1701 1827 0
1034 1010 1085 1067 0
2310 998 1062 1058 0
2043 1272 1255 1179 0
2377 2303 2358 2031 0
1827 1813 1738 1772 0
1204 1130 1118 1192 0
1199 1118 1112 1173 0
1552 1391 1479 1358 0
1179 1095 2238 1186 0
1139 1137 1130 1052 0
955 1021 2237 883 0
1174 1085 1191 1182 0
1329 1192 1287 1332 0
2358 262 2440 168 0
1047 1052 1046 1137 0
1199 1321 1173 2390 0
2302 1117 1217 1173 0
1054 1120 1118 1112 0
578 408 404 554 0
1046 934 970 962 0
828 962 934 817 0
1329 1173 1217 1287 0
565 776 500 566 0
1046 1052 1054 1137 0
1207 1192 1201 1130 0
2355 2034 961 780 0
1207 1192 1130 1204 0
2355 2034 2235 961 0
1047 1050 1052 1139 0
598 416 408 557 0
1046 936 970 934 0
1130 1137 1054 1052 0
1207 1332 1192 1329 0
273 357 269 292 0
854 936 828 970 0
1047 1137 1139 1052 0
1045 1120 1112 2395 0
1046 1120 1137 1054 0
1162 1223 1166 2042 0
1047 1052 1050 962 0
854 937 936 978 0
1332 1201 1192 1323 0
565 573 693 776 0
817 696 809 806 0
1332 1410 1442 1433 0
1207 1130 1201 1136 0
1180 2390 1217 1243 0
322 247 2304 308 0
1527 1284 1388 1431 0
390 2220 400 501 0
1437 1429 1285 1306 0
1199 1173 1112 1117 0
1304 1319 2042 1402 0
1137 1120 1118 1054 0
1192 1329 1173 1204 0
814 943 2033 818 0
1291 1231 1301 1418 0
1329 1173 1287 1192 0
1215 2136 1266 2251 0
1139 1204 1207 1130 0
1204 1173 1192 1118 0
2291 814 2033 698 0
2268 2251 1227 2136 0
2446 1740 1726 1651 0
750 565 776 500 0
922 1004 907 1010 0
1189 1067 1094 1098 0
978 1045 989 937 0
699 553 604 564 0
589 712 2033 602 0
2043 2302 2190 2390 0
2374 1231 1358 1203 0
1189 1098 1191 1085 0
310 2097 2137 2431 0
2211 1375 1222 1352 0
533 2431 310 2137 0
771 2173 2277 852 0
1465 1349 1374 1395 0
1321 1329 1204 1173 0
1199 1173 1204 1118 0
1285 1413 1434 1264 0
2335 1091 1095 1179 0
1045 1112 1120 1054 0
582 435 2359 573 0
1045 1054 1120 1046 0
1045 1115 1120 2395 0
1045 1054 1046 970 0
240 288 2199 257 0
1199 1117 2302 1173 0
1194 1303 1199 2390 0
1317 1431 1321 1440 0
1527 1284 1431 2390 0
1241 1363 2222 1230 0
2374 1203 1358 1289 0
1561 1479 1653 1552 0
1554 1431 1527 1388 0
1552 1358 1528 1427 0
1659 1653 1613 1742 0
1190 1101 1093 1193 0
1427 1231 1391 1358 0
1427 1231 1264 1391 0
1427 1231 1301 1264 0
1198 1187 1279 2329 0
903 1048 916 958 0
1062 2310 1030 998 0
1034 1004 1010 1067 0
1105 1037 1093 1036 0
1552 1358 1439 1528 0
1095 2395 2238 1186 0
1032 866 2310 984 0
2187 2273 2041 2379 0
2347 2041 2369 2350 0
889 767 2197 813 0
813 2197 2234 767 0
2249 2138 1607 2215 0
2215 1638 2138 1607 0
1390 1636 2346 2138 0
818 705 712 2033 0
2154 753 2345 2139 0
742 2345 925 2139 0
1740 1695 1747 1660 0
1473 2381 1367 2285 0
1175 1179 1091 2335 0
965 945 1048 903 0
1067 1062 1148 2452 0
1316 1190 1306 1182 0
72 111 279 69 0
2222 2043 1255 1175 0
2278 2033 943 818 0
685 750 693 810 0
822 944 818 2278 0
2278 2033 818 712 0
2395 1041 1107 1095 0
1152 883 1149 1160 0
1105 1036 1085 1098 0
1034 1098 1094 1067 0
1367 1357 1562 1473 0
2043 2302 2390 1186 0
2043 2190 2368 2390 0
2238 2335 1179 2043 0
2222 1168 1170 1230 0
1172 1149 1219 1196 0
2043 1255 1399 1383 0
2254 1600 1365 1559 0
1617 1575 1591 1602 0
2029 469 601 594 0
1119 1140 2173 1044 0
1106 1101 1093 1037 0
1184 1094 1189 2452 0
1434 1391 1264 1413 0
1827 1813 1772 1809 0
2382 800 892 794 0
984 1032 1058 2310 0
1094 1067 2452 1062 0
1189 2452 1094 1067 0
1292 1185 2039 1187 0
1437 1434 1285 1413 0
1291 1165 1301 1231 0
1174 1067 1165 1189 0
1291 2452 2039 1184 0
1291 1189 1165 2452 0
1437 1429 1413 1285 0
1836 1882 1654 1859 0
1174 1191 1189 1301 0
1174 1301 1165 1264 0
1174 1165 1301 1189 0
1208 1213 1361 1320 0
1315 1301 1264 1434 0
1764 2045 1907 2370 0
1315 1285 1264 1174 0
1315 1191 1174 1301 0
1315 1264 1301 1174 0
1315 1191 1182 1174 0
1315 1193 1182 1191 0
1315 1182 1193 1316 0
2452 1148 1165 1231 0
1291 1189 2452 1184 0
2452 1203 1148 1231 0
1418 2452 1417 1291 0
1291 1301 1165 1189 0
1208 2413 1338 1361 0
1292 1187 2039 1290 0
1279 2329 1187 1290 0
1279 1326 2329 1290 0
1730 1613 1699 1748 0
1338 1220 1283 1331 0
1338 2329 1208 1198 0
1528 1427 1358 2374 0
1827 1809 1862 1813 0
1808 1619 1644 1545 0
1588 1619 1731 1545 0
1876 1862 1844 1813 0
1730 1649 1613 1748 0
1588 1731 1538 1545 0
1627 1398 2374 1528 0
1519 1659 1649 1556 0
1561 1479 1519 1653 0
1748 1659 1649 1613 0
1561 1413 1391 1434 0
1827 1772 1748 1809 0
1645 1520 1398 1439 0
1645 1520 1439 1578 0
1731 1578 1653 1742 0
1627 1472 1398 1645 0
1813 1844 1873 1776 0
1552 1645 1439 1479 0
1561 1434 1391 1552 0
1519 1659 1613 1649 0
1561 1479 1391 1519 0
1561 1434 1437 1413 0
1561 1391 1479 1552 0
1519 1659 1653 1613 0
1479 1645 1653 1552 0
1552 1427 1434 1391 0
1479 1578 1653 1645 0
1479 1613 1519 1653 0
1479 1578 1645 1439 0
1479 1653 1578 1613 0
2374 1427 1231 1418 0
1565 1561 1413 1519 0
1545 1731 1538 1472 0
2374 1289 1439 1398 0
2374 1439 1289 1358 0
2181 851 1086 832 0
1086 851 2181 1084 0
1701 1748 1742 1827 0
2379 2350 2041 2187 0
1827 1772 1701 1748 0
2374 1427 1418 1528 0
1565 1519 1659 1561 0
1413 1519 1561 1391 0
1908 1735 1885 1787 0
1565 1437 1413 1561 0
1565 1413 1437 1429 0
1821 1742 1827 1701 0
1859 1738 1808 1821 0
1859 1654 1776 1882 0
1873 1827 1813 1738 0
1731 1588 1520 1742 0
2247 2041 2258 2379 0
1849 2450 1860 1878 0
1748 1578 1613 1699 0
1637 1742 1748 1578 0
1748 1613 1742 1659 0
2145 1116 2241 1076 0
1076 2241 2145 1327 0
1561 1519 1659 1653 0
1730 1699 1772 1748 0
1821 1731 1701 1808 0
1742 1578 1520 1731 0
1731 1545 1808 1716 0
2320 1262 1500 1493 0
2427 2345 971 534 0
2385 1213 1375 2413 0
1731 1578 1520 1645 0
1748 1772 1701 1699 0
1895 1844 1884 1856 0
1895 1844 1876 1884 0
1895 1844 1873 1876 0
1532 1644 1416 2379 0
2379 1545 1808 1644 0
527 2183 2143 616 0
1836 1532 1644 1654 0
527 2143 2337 616 0
527 2337 2143 575 0
2354 2219 2188 2235 0
2188 2062 2235 2219 0
2305 2319 2317 2242 0
2305 2316 2317 2319 0
1571 2040 1483 1585 0
1576 1587 1574 1529 0
1655 1652 1597 1441 0
1655 1591 1441 1597 0
1312 2146 2201 1485 0
2450 1872 1881 1878 0
1625 1671 1655 1267 0
1740 1769 1747 1695 0
1889 1897 1776 1893 0
1899 1856 1891 1847 0
1849 1872 2450 1878 0
1897 1899 1894 1847 0
1889 2450 1892 1881 0
1726 1769 1806 1819 0
1892 1847 1814 1771 0
1364 1386 1281 1294 0
1486 2043 1590 1611 0
955 1021 1024 2237 0
1554 1440 1388 1495 0
1554 1495 1564 1440 0
648 883 706 662 0
1700 2451 1775 1793 0
1576 1574 1587 1604 0
2446 1726 1714 1641 0
1622 1595 1652 1648 0
1700 1714 2451 1793 0
2345 1002 925 2149 0
2167 2408 2043 2242 0
2139 2345 925 2149 0
1486 1509 2043 1611 0
2286 2317 2242 2247 0
1628 1652 1622 1595 0
2366 1074 1023 1019 0
1663 1691 1639 2375 0
1631 1616 2040 1683 0
1691 2375 1680 1671 0
1576 1618 1604 1587 0
1597 1595 1652 1628 0
1639 1663 2040 1616 0
2375 1680 1668 1672 0
285 386 351 317 0
1606 1585 2040 1669 0
1671 1680 1668 2375 0
2042 1166 1230 1223 0
1707 2247 1733 1788 0
1465 1395 1374 1458 0
1529 1526 1475 1365 0
1652 1647 1655 1597 0
1441 1672 1656 1626 0
1525 1430 1530 1478 0
1104 2210 1099 1009 0
1104 1099 2210 1206 0
1465 1374 1425 1458 0
1021 2237 1075 1024 0
1162 2042 1149 1219 0
459 576 558 443 0
1576 1587 1529 1594 0
1583 1667 2305 1629 0
2035 2261 2028 1104 0
2028 2233 2035 1104 0
2028 2267 2233 1104 0
1529 1505 1475 1526 0
883 1021 1075 1022 0
1016 1005 1064 1008 0
903 958 945 1048 0
1305 1294 1364 1261 0
1219 1319 2042 1304 0
2222 1230 1170 1241 0
1216 1234 1261 1294 0
2138 1638 2364 1703 0
2138 1453 2328 1703 0
2222 1496 1424 1524 0
1219 2042 1209 1234 0
2249 1453 2328 2138 0
2335 2043 1175 1179 0
1022 1073 1068 1071 0
2042 1351 1337 1230 0
2222 1175 2335 2043 0
957 1018 1021 964 0
1022 1021 1075 1073 0
1073 1021 1018 1022 0
2222 1383 1255 2043 0
883 2237 1075 1021 0
742 2154 2345 2139 0
742 2154 525 2345 0
2042 1337 1319 1223 0
2222 1443 1424 1363 0
1016 954 1008 1014 0
2042 1337 1408 1319 0
2042 1402 1319 1408 0
2042 1408 1474 1402 0
1421 1365 1474 2042 0
2042 1424 1414 1337 0
2042 1424 1337 1351 0
2042 1414 1424 1482 0
2042 1496 1482 1424 0
2254 1583 1615 1570 0
1482 1570 1583 2254 0
2042 2254 2222 2318 0
1197 2042 1209 1172 0
1197 1159 2042 1172 0
1297 1200 1218 1183 0
901 2228 2297 877 0
2042 2254 1482 1583 0
2042 1559 1482 2254 0
2042 1474 1482 1559 0
2042 1474 1408 1482 0
2042 1365 1474 1559 0
2218 2297 901 2228 0
2377 2431 2297 2031 0
2042 1414 1408 1337 0
1079 1166 1082 2237 0
1149 1162 1219 1160 0
1166 2237 1168 1082 0
1166 1162 2237 1077 0
1079 1166 2237 1077 0
2033 2315 2253 2304 0
1026 1082 2237 1079 0
2237 1230 1166 1168 0
1082 1168 1170 2222 0
2237 1082 1026 1033 0
1202 1283 1176 1134 0
2222 1524 1583 1496 0
2222 1363 1351 1230 0
1154 1152 1157 1068 0
1152 1160 1068 883 0
1219 1162 2042 1223 0
1216 1219 1234 1304 0
1152 1219 1160 1149 0
1172 1219 1149 2042 0
2237 1162 1160 1075 0
1196 1149 1219 1152 0
1068 1022 883 1075 0
1068 1075 883 1160 0
1216 1196 1234 1219 0
1068 1075 1073 1022 0
1599 1430 1592 1542 0
861 2097 2297 877 0
1312 1086 2270 1084 0
1312 2270 1086 1354 0
1072 2366 1161 1064 0
1234 2042 1304 1219 0
1234 1219 1196 1209 0
1226 1375 1356 1331 0
1197 2042 1365 1246 0
1365 1600 1594 1543 0
1157 1073 1068 1160 0
1073 1160 1075 1068 0
1157 1068 1152 1160 0
1475 1474 1526 1461 0
1239 2341 1226 1125 0
2157 2205 835 1116 0
1216 1304 1234 1294 0
2205 823 2157 835 0
1421 1402 1396 1305 0
1475 1451 1461 1505 0
1216 1261 1234 1196 0
1157 1068 1073 1071 0
1216 1196 1152 1212 0
1216 1157 1154 1152 0
1216 1212 1152 1154 0
1216 1152 1196 1219 0
1216 1219 1160 1152 0
1216 1152 1160 1157 0
1216 1196 1212 1261 0
1216 1261 1212 1281 0
1216 1281 1294 1261 0
1122 1159 2042 1365 0
1305 1402 1396 1304 0
1305 1234 1304 1294 0
1305 1294 1396 1364 0
1421 1451 1396 1461 0
1246 2042 1304 1234 0
1246 2042 1234 1209 0
1246 2042 1402 1304 0
1421 1364 1305 1396 0
1305 1304 1396 1294 0
1421 1396 1451 1386 0
1075 2237 1077 1024 0
2237 1026 1077 1024 0
251 351 316 285 0
1097 1267 2254 2316 0
955 883 957 1021 0
1226 1375 1331 1220 0
2078 1684 1712 2077 0
2329 1198 1338 1279 0
1465 1349 1476 1542 0
1226 1375 1220 1146 0
1395 1374 1270 1349 0
324 389 356 326 0
1151 1064 1066 1158 0
1576 1594 1618 1587 0
1647 1621 1597 1628 0
1691 1698 2375 1711 0
1558 2040 1250 1476 0
1325 1183 1349 1313 0
1632 2250 1539 2241 0
951 952 2371 2366 0
1529 1526 1574 1505 0
1576 1626 1618 1594 0
1526 1543 1365 1594 0
1441 1576 1656 1648 0
1441 2254 1626 1600 0
1602 1575 1573 1586 0
1616 1558 1571 2040 0
1529 1594 1526 1365 0
1542 1250 1525 1425 0
1364 1261 1294 1281 0
1421 1386 1364 1396 0
1669 1631 1585 2040 0
1573 1506 1525 1530 0
1016 1008 1064 1066 0
1016 1005 1008 954 0
2254 1615 1600 1559 0
2254 1482 1570 1559 0
1421 1461 1402 1474 0
1576 1648 1604 1618 0
1364 1386 1294 1396 0
2341 1392 1356 1375 0
1648 1441 1652 1656 0
1325 1349 1400 1313 0
2412 2418 2045 1980 0
1617 1591 1655 1647 0
1441 1652 1597 1595 0
1475 1526 1505 1461 0
1475 1461 1451 1421 0
1421 1461 1396 1402 0
1246 1365 1421 2042 0
1421 1305 1246 1402 0
1421 1474 1402 2042 0
1559 1570 2254 1615 0
1441 1668 1656 1672 0
1475 1461 1421 1474 0
2128 1557 1620 1582 0
1475 1365 1474 1421 0
1576 1656 1648 1618 0
1576 1648 1595 1622 0
1576 1604 1648 1622 0
2375 1680 1672 1690 0
1441 1626 1656 1576 0
1458 1454 1425 1525 0
1656 1668 1441 1652 0
1595 1648 1441 1652 0
1297 1183 1270 1200 0
1521 1420 1407 1516 0
1176 2329 1088 1134 0
2375 1690 1672 1640 0
1441 1600 1365 2254 0
1640 1615 2254 1662 0
1441 1626 1576 1594 0
1441 1365 1594 1529 0
1441 1529 1594 1576 0
1441 1600 1626 1594 0
1441 1594 1365 1600 0
1626 1640 2254 2375 0
1599 1430 2040 1639 0
2385 1222 1375 1213 0
1072 1066 1158 1070 0
1542 1425 1525 1458 0
1428 2040 1415 1342 0
1031 761 1061 2371 0
1465 1374 1349 1425 0
1592 1586 1525 1430 0
7 3 42 1 0
12 57 56 37 0
889 2197 906 813 0
889 1102 906 2197 0
1655 1267 1671 1441 0
1331 1361 1220 1375 0
206 212 227 254 0
1313 1218 1221 1183 0
2074 2095 813 653 0
1706 2375 1711 1691 0
1599 1542 1558 1430 0
1395 1349 1270 1297 0
1625 1655 1617 1591 0
1617 1586 1575 1602 0
1458 1454 1374 1425 0
1465 1400 1349 1395 0
1325 1183 1114 1349 0
1617 1621 1591 1647 0
1250 1114 1349 1325 0
1599 1592 1430 1625 0
2366 1078 1023 1074 0
1458 1387 1374 1454 0
313 271 2030 280 0
1428 1342 2338 2040 0
1395 1270 1286 1297 0
1906 2005 1933 1936 0
1616 1585 2040 1571 0
1639 1671 2375 1691 0
1481 1757 1248 1490 0
7 1 42 52 0
1571 1483 2040 1558 0
1400 1313 1349 1297 0
1114 2366 1221 1325 0
1019 1005 1064 1016 0
304 267 296 293 0
1395 1374 1387 1270 0
1163 1074 1078 2366 0
464 397 383 445 0
1151 1158 1066 1153 0
784 770 975 994 0
2366 1342 1228 1224 0
1476 2040 1409 1483 0
1072 1064 1158 1066 0
1016 1066 1014 1008 0
1016 1014 1066 1070 0
2043 1676 1611 2167 0
1676 2167 2043 2242 0
2286 2167 1676 2242 0
1676 2451 2167 2286 0
1676 2451 1611 2167 0
528 460 722 726 0
528 726 524 460 0
726 460 2401 524 0
1297 1183 1218 1313 0
1297 1349 1183 1313 0
785 2181 738 832 0
832 2181 851 785 0
1151 1158 1145 1064 0
1161 1145 1064 2366 0
1671 1668 1441 2375 0
1297 1270 1183 1349 0
1483 1415 2040 1409 0
2444 1582 1589 1670 0
1000 2235 1144 1267 0
1000 2235 1031 1144 0
1161 1218 1145 1221 0
1616 1639 1599 2040 0
1161 2366 1072 1074 0
1218 1200 1145 1183 0
1218 1145 1151 1158 0
1218 1145 1200 1151 0
1218 1200 1214 1151 0
1218 1158 1151 1153 0
1218 1214 1153 1151 0
2366 1114 1221 1145 0
486 572 422 2349 0
2349 572 422 665 0
1617 1591 1621 1602 0
1126 1299 1259 2327 0
1773 1770 2260 1484 0
1242 1167 1169 2338 0
1221 1145 1114 1183 0
1655 1441 1591 1267 0
1525 1506 1454 1425 0
1297 1270 1286 1200 0
1639 1671 1625 1267 0
1617 1625 1575 1592 0
1639 1267 2375 1671 0
1297 1200 1214 1218 0
1297 1286 1214 1200 0
1525 1478 1506 1425 0
1483 2040 1428 1499 0
2334 1295 2388 2361 0
1161 1158 1072 1064 0
1161 1145 1158 1064 0
1019 1064 2366 1072 0
1019 2366 1074 1072 0
954 1016 1005 1019 0
2371 927 761 1061 0
1005 2366 1064 1061 0
733 990 2410 988 0
2371 1061 2366 927 0
1458 1374 1387 1395 0
1167 2366 1163 1078 0
1167 1228 1224 2366 0
1167 2366 1224 1163 0
2329 1326 1283 1260 0
1029 1055 1134 2329 0
1586 1575 1530 1430 0
2432 216 224 245 0
1592 1430 1525 1542 0
2344 1503 2381 2038 0
911 2244 856 1007 0
2338 1176 1242 1260 0
1226 1356 1375 2341 0
605 649 653 608 0
1525 1506 1478 1530 0
1379 1356 1239 2341 0
2341 1226 1356 1239 0
965 2413 903 1048 0
2456 804 702 711 0
280 2432 245 235 0
1652 1668 1441 1655 0
469 2029 588 511 0
1617 1575 1586 1592 0
1059 987 2413 969 0
1134 1338 1142 1220 0
1146 1361 1375 1220 0
1142 1220 1361 1146 0
1428 1415 2040 1483 0
1409 1342 2040 1325 0
2147 2182 2258 2221 0
2147 2182 2273 2258 0
504 2354 402 392 0
1267 1430 2040 1144 0
1250 1478 1525 1425 0
1441 1267 2254 1097 0
1639 2040 1663 2375 0
2375 1683 1691 1706 0
1465 1458 1425 1542 0
1647 1652 1628 1597 0
1476 2040 1250 1409 0
1558 1430 1542 1250 0
1558 1542 1476 1250 0
1144 1430 2040 1250 0
1349 1400 1409 1325 0
1331 1220 1361 1338 0
1706 2305 1734 1711 0
1599 2040 1430 1558 0
1683 1706 2305 1734 0
2317 2041 2221 2247 0
1639 2375 1267 2040 0
1122 2042 2254 1365 0
1365 2042 2254 1559 0
2254 1629 1615 1583 0
1671 1441 1267 2375 0
1409 1476 1349 1250 0
1542 1430 1525 1250 0
1616 2040 1599 1558 0
1680 1691 1698 2375 0
1906 1970 1928 1904 0
2258 2041 2247 2221 0
1639 1599 1430 1625 0
1639 1267 1625 1430 0
2159 1687 1759 1646 0
1441 1626 2254 2375 0
1709 2258 1669 1704 0
2251 1848 1754 2383 0
1480 1244 1481 1758 0
1298 1236 2409 1235 0
2263 1760 1858 1855 0
1256 1502 1504 1811 0
2409 1842 1846 1784 0
1314 1343 1389 1422 0
1755 1508 1843 2402 0
2260 1855 1858 1773 0
1812 1533 1534 1746 0
1916 1953 1927 2010 0
2263 1753 1743 1863 0
1248 1490 2282 1266 0
448 2024 690 451 0
2331 1757 1850 2282 0
155 72 89 111 0
2331 1758 1852 1757 0
2263 1855 1758 1760 0
2409 1784 1846 1785 0
2367 1783 1535 1786 0
2233 505 2158 627 0
1267 2040 2375 2254 0
1763 1846 2409 1842 0
2328 2265 2037 1470 0
1984 1981 2011 2012 0
1967 1998 1997 2003 0
2409 1513 1508 1845 0
1687 1801 2104 2102 0
2375 2254 2040 2305 0
1918 1969 1902 1970 0
2444 1369 2334 1131 0
2128 2129 1557 1582 0
2212 2041 2182 2236 0
965 2385 939 910 0
1126 994 1124 2327 0
1477 1456 2406 1753 0
2367 1845 1843 1783 0
2263 1760 1753 1858 0
1235 1328 1535 1309 0
1749 2415 1761 1514 0
1778 2320 1774 1850 0
1252 2389 1536 1335 0
2174 1983 1980 2045 0
20 22 34 71 0
2367 1508 2402 1843 0
2409 1546 1550 1786 0
2409 1846 1786 1785 0
1546 1328 1236 1330 0
1235 1328 1236 1546 0
1236 1546 1330 2409 0
1235 1309 1535 1227 0
476 466 2024 538 0
1722 1623 1601 1643 0
2320 1493 1484 1251 0
2251 1754 1848 2240 0
1497 1508 1755 2402 0
2427 1002 2262 1020 0
1522 1781 2360 2266 0
975 1124 994 982 0
1233 1155 1178 2263 0
799 1015 2267 819 0
1566 1840 1666 1820 0
383 338 377 359 0
2409 1550 1549 1785 0
2409 1784 1785 1549 0
2409 1846 1845 1786 0
2409 1785 1786 1550 0
2409 1513 1845 1763 0
1293 2402 1280 1227 0
1333 1330 1549 1236 0
1477 1753 2406 1760 0
1438 1100 1099 1206 0
1480 1758 2263 1244 0
1514 1761 1513 2409 0
167 89 123 155 0
12 37 16 38 0
1456 2406 1743 1438 0
2406 1743 1438 1710 0
1832 1743 1863 2263 0
1456 2406 1233 1477 0
1057 1055 974 2413 0
1756 2389 1816 1536 0
1298 2409 1236 1238 0
69 162 50 68 0
1293 1227 1235 2367 0
1302 1238 2409 1298 0
1293 2409 1235 1298 0
1544 1777 2300 2415 0
1507 1504 1254 1339 0
1834 2415 1761 1749 0
1282 1494 1368 1345 0
1293 2367 1235 2409 0
1240 2415 1307 1302 0
1256 1534 1504 1254 0
1834 2415 1777 1842 0
2384 2035 2261 2250 0
2352 2257 2035 2384 0
2384 2035 2250 2257 0
535 2027 765 768 0
535 2027 539 456 0
2027 986 765 768 0
1837 2045 1854 1764 0
1837 1712 2045 1764 0
639 594 744 2108 0
2073 2072 652 744 0
1256 1254 1504 1339 0
1566 1555 1276 1820 0
1269 1362 1560 1547 0
1708 1498 1804 1715 0
1533 1344 1252 1347 0
1811 1504 1720 1718 0
1521 1643 1623 1516 0
1584 1750 1643 1664 0
1372 1551 1487 1605 0
1584 1643 1601 1523 0
1510 1501 1393 1664 0
1584 1643 1750 1681 0
1463 1492 1633 1665 0
1584 1750 1768 1610 0
1632 2384 2289 2250 0
1632 1800 2289 2384 0
1521 1510 1643 1516 0
1521 1420 1516 1517 0
1521 1407 1420 1445 0
1521 1407 1510 1516 0
1584 1750 1664 1768 0
1812 1816 1507 1533 0
1457 1371 1488 1372 0
1803 1877 1890 1853 0
1533 1254 1507 1504 0
1816 2389 1507 1536 0
1840 1686 1666 1841 0
1841 1790 1826 1839 0
1762 1513 1845 1508 0
1762 1508 1843 1755 0
1762 1845 1843 1508 0
1533 1536 1756 1816 0
786 774 849 758 0
1256 1540 1502 1811 0
1533 1536 1507 1335 0
1976 1904 1929 2002 0
2234 906 813 2308 0
460 722 878 963 0
1815 1750 1635 1768 0
1812 1744 1534 1811 0
1812 1504 1534 1533 0
1812 1720 1811 1504 0
1812 1746 1534 1744 0
1719 1686 1865 1866 0
1841 1839 1866 1790 0
1686 1765 1666 1841 0
1820 1815 1841 1666 0
1449 1276 1450 1566 0
2156 785 655 2189 0
2189 655 2156 862 0
1719 1790 1686 1866 0
1812 1507 1504 1533 0
1269 1362 1273 1560 0
1566 1666 1635 1820 0
1566 1555 1820 1635 0
1314 1343 1377 1389 0
1422 1373 1492 1551 0
1257 1502 1263 1334 0
1841 1790 1765 1826 0
1756 1533 1816 1746 0
1841 1686 1790 1866 0
1403 1346 1407 1366 0
1820 1635 1555 1768 0
1688 1322 1768 1792 0
1334 1502 1263 1498 0
1257 1540 1263 1502 0
1815 1765 1799 1826 0
1815 1765 1725 1799 0
1274 1450 1276 1566 0
646 485 691 571 0
1372 1373 1487 1551 0
1810 1804 1540 1502 0
1459 1551 1488 1633 0
1811 1256 1534 1504 0
1681 1610 1635 1750 0
1820 1666 1635 1815 0
1815 1635 1750 1725 0
1768 1635 1610 1750 0
1815 1826 1841 1765 0
1566 1840 1579 1666 0
1820 1768 1815 1635 0
1407 1403 1445 1468 0
1820 1666 1841 1840 0
1841 1666 1815 1765 0
1815 1666 1725 1765 0
1815 1666 1635 1725 0
1722 1799 1750 1725 0
1269 1274 1560 1273 0
1471 1385 1373 1492 0
1779 1838 1560 1828 0
1459 1658 1488 1457 0
1579 1686 1666 1840 0
1547 1540 1804 1263 0
1724 1890 1818 1719 0
1350 1263 1540 1547 0
1275 1377 1276 1274 0
1803 1870 1890 1868 0
1459 1463 1633 1665 0
1868 1678 1677 1665 0
1868 1867 1658 1674 0
1868 1674 1658 1677 0
1888 1802 1658 1867 0
1468 1346 1322 1393 0
1277 1450 1449 1276 0
1389 1462 1314 1422 0
1605 1551 1488 1372 0
1803 1890 1877 1818 0
1724 1890 1868 1803 0
1792 1555 1322 1768 0
1724 1888 1868 1890 0
1314 1377 1450 1389 0
2175 2035 2185 2071 0
2007 1938 1996 2014 0
2250 2035 2175 2071 0
2175 2071 2185 2205 0
1803 1678 1665 1673 0
1605 1308 1310 1371 0
1724 1818 1890 1803 0
1719 1724 1890 1888 0
1376 1141 2152 1133 0
1818 1719 1890 1866 0
17 19 3 42 0
1376 2152 1381 1133 0
1890 1866 1719 1888 0
1269 1263 1547 1282 0
1818 1839 1866 1877 0
1579 1840 1865 1686 0
1314 1422 1385 1343 0
1866 1839 1818 1790 0
1719 1790 1866 1818 0
1633 1665 1868 1658 0
1579 1865 1605 1686 0
1751 1540 1804 1547 0
1422 1385 1492 1373 0
1658 1677 1665 1868 0
1314 1462 1389 1450 0
1314 1462 1487 1422 0
1277 1276 1377 1450 0
1633 1803 1724 1868 0
1459 1677 1665 1658 0
1275 1310 1377 1274 0
1584 1664 1643 1523 0
1310 1377 1314 1275 0
1449 1555 1276 1566 0
1366 1445 1420 1407 0
1633 1658 1868 1724 0
1658 1888 1868 1724 0
1688 1368 1282 1494 0
1274 1276 1450 1377 0
1688 1368 1322 1282 0
1610 1635 1768 1555 0
1314 1487 1462 1310 0
1277 1380 1450 1377 0
1274 1566 1310 1450 0
1314 1450 1310 1462 0
1311 1296 1377 1277 0
1311 1377 1380 1277 0
1422 1487 1373 1551 0
1314 1450 1377 1310 0
1551 1373 1492 1463 0
1459 1373 1551 1463 0
1828 1276 1566 1274 0
1275 1296 1377 1314 0
1308 1566 1310 1274 0
1584 1610 1768 1537 0
1468 1393 1523 1407 0
1737 2389 1512 1723 0
1274 1450 1310 1377 0
1310 1605 1487 1579 0
1507 2389 1723 1512 0
1610 1768 1537 1555 0
813 906 2234 2197 0
1459 1674 1658 1457 0
1459 1488 1372 1457 0
1371 1310 1605 1372 0
1282 1498 1345 1263 0
1310 1566 1462 1450 0
1282 1263 1547 1804 0
1708 1804 1498 1792 0
1498 1804 1502 1263 0
1310 1566 1579 1462 0
1812 1723 1507 1816 0
1792 1768 1820 1555 0
1372 1310 1487 1314 0
863 808 786 849 0
1277 1377 1276 1275 0
1335 1507 2389 1536 0
1277 1296 1377 1275 0
1455 1322 1449 1555 0
1605 1633 1488 1551 0
1277 1450 1380 1449 0
1403 1468 1346 1455 0
1257 1340 1502 1334 0
1708 1498 1494 1792 0
1831 1864 1612 1795 0
27 17 19 8 0
1455 1537 1322 1555 0
1318 1362 1269 1547 0
1708 1792 1494 1688 0
1584 1768 1664 1537 0
1459 1633 1488 1658 0
1463 1551 1633 1492 0
1537 1455 1322 1468 0
1537 1523 1468 1664 0
1523 1510 1521 1407 0
1523 1643 1601 1521 0
1523 1510 1643 1521 0
1468 1393 1407 1346 0
1523 1664 1643 1510 0
1537 1664 1468 1393 0
1523 1445 1407 1521 0
1584 1681 1601 1643 0
1681 1610 1750 1584 0
1459 1551 1373 1372 0
1828 1820 1840 1566 0
1605 1719 1612 1633 0
1812 1534 1504 1811 0
1314 1373 1422 1487 0
1372 1487 1373 1314 0
1257 1263 1540 1350 0
1463 1373 1492 1471 0
1419 1371 1308 1605 0
1459 1658 1674 1677 0
1459 1658 1665 1633 0
1257 1350 1318 1263 0
1419 1371 1605 1488 0
1828 1566 1840 1560 0
1795 1838 1864 1580 0
1828 1560 1547 1269 0
1612 1488 1605 1633 0
2442 1834 2300 2435 0
1792 1688 1322 1282 0
2357 1295 1253 1081 0
1779 1580 1838 1795 0
1779 1791 1828 1547 0
1612 1488 1419 1605 0
1560 1384 1362 1273 0
1605 1372 1488 1371 0
1605 1372 1310 1487 0
1580 1419 1308 1605 0
979 2262 967 1020 0
1812 1533 1746 1816 0
1812 1723 1720 1507 0
1830 2300 2389 1767 0
2415 1336 1238 1240 0
1419 1605 1580 1612 0
1715 1804 1502 1498 0
448 921 690 2024 0
1334 1498 1263 1345 0
1544 1784 2415 1549 0
684 898 690 928 0
2024 695 921 690 0
1830 2298 1767 2389 0
1318 1263 1547 1269 0
1828 1547 1791 1804 0
1348 1534 1540 1256 0
1256 1502 1540 1257 0
1777 2300 2415 1834 0
2389 1512 2300 1737 0
1612 1888 1658 1724 0
1580 1605 1579 1865 0
1612 1864 1865 1580 0
1544 2415 1784 1777 0
1810 1540 1804 1751 0
1792 1547 1804 1282 0
2024 740 571 805 0
2300 1336 2393 1544 0
1777 1784 1842 2415 0
1784 2409 1842 2415 0
2300 1247 1341 2438 0
1544 2415 1336 1238 0
1256 1340 1502 1257 0
1533 1254 1335 1507 0
1544 1238 1333 1549 0
1544 1333 1238 1336 0
1830 2300 2425 1737 0
1751 1547 1804 1791 0
1256 1504 1502 1340 0
1718 1810 1502 1715 0
1811 1751 1540 1810 0
1256 1348 1350 1540 0
1256 1504 1340 1339 0
1811 1744 1540 1751 0
1533 1252 1335 1254 0
1612 1865 1605 1580 0
1612 1724 1633 1719 0
1612 1488 1633 1658 0
1347 1254 1534 1348 0
1811 1502 1504 1718 0
1533 1504 1534 1254 0
1533 1254 1534 1347 0
1812 1504 1507 1720 0
1811 1540 1744 1534 0
1811 1810 1502 1718 0
1792 1688 1282 1494 0
1792 1498 1282 1804 0
1612 1719 1888 1724 0
1792 1498 1494 1282 0
1540 1502 1804 1263 0
1779 1560 1547 1828 0
1612 1865 1719 1605 0
1810 1804 1791 1751 0
1779 1838 1580 1560 0
1795 1580 1864 1612 0
1580 1840 1566 1560 0
1580 1560 1838 1840 0
1560 1273 1274 1308 0
1566 1274 1308 1560 0
1560 1273 1308 1384 0
1580 1384 1560 1308 0
1605 1579 1308 1580 0
1605 1310 1308 1579 0
1580 1566 1579 1308 0
1580 1419 1384 1308 0
1580 1579 1566 1840 0
1580 1308 1560 1566 0
1580 1838 1864 1840 0
1580 1840 1864 1865 0
1580 1865 1579 1840 0
1688 1494 1501 1368 0
1888 1868 1867 1658 0
1612 1658 1633 1724 0
1715 1502 1804 1810 0
716 963 968 880 0
1537 1468 1322 1393 0
1688 1501 1664 1393 0
1688 1393 1368 1501 0
1688 1393 1322 1368 0
1322 1393 1768 1537 0
1768 1393 1664 1537 0
1523 1664 1510 1393 0
1688 1768 1393 1664 0
1767 2300 2389 1541 0
2424 1834 2300 1777 0
2424 2300 2398 1777 0
1831 1887 1802 1888 0
1831 1888 1658 1612 0
1811 1534 1256 1540 0
1811 1540 1502 1810 0
1831 1887 1888 1865 0
691 2024 740 571 0
1831 1865 1888 1612 0
1831 1864 1865 1612 0
1865 1719 1888 1612 0
1658 1831 1802 1888 0
1934 2017 1994 1989 0
1942 1960 1972 1977 0
931 710 956 2024 0
2320 1774 1852 1773 0
1934 2021 2017 1935 0
2025 729 2340 2458 0
921 695 874 778 0
499 453 599 526 0
1986 1962 1972 1942 0
2320 1484 1237 1251 0
2022 2007 1966 1999 0
1956 1932 2017 1934 0
1999 1966 1992 2007 0
1934 1961 1959 1994 0
490 562 586 406 0
963 879 714 959 0
1996 1977 1968 1986 0
1934 2021 1935 1961 0
2019 1935 2021 2023 0
1967 1997 1969 2003 0
1942 1948 1977 1940 0
2023 1965 2000 2022 0
2019 2023 2014 1935 0
1919 1953 1924 1930 0
1961 1995 2023 1965 0
1944 1968 1931 1973 0
963 722 873 718 0
502 567 614 584 0
859 781 865 760 0
1992 1962 1972 1986 0
2007 1939 1986 1996 0
2007 1986 1963 1992 0
1939 1962 1986 1942 0
1939 1940 1968 1931 0
1939 1968 1973 1931 0
1940 1977 1986 1968 0
1940 1942 1939 1986 0
2023 1995 2000 1965 0
1996 1973 2014 1938 0
1939 1986 1962 1963 0
2022 1938 2007 2014 0
2022 1935 1965 1938 0
2022 1938 1966 2007 0
1944 1968 1948 1940 0
1944 1968 1940 1931 0
1942 1972 1986 1977 0
1942 1977 1986 1940 0
1934 1994 1959 1989 0
1926 1944 1973 1945 0
2013 2015 1930 1989 0
2045 1998 1967 1964 0
1932 2015 2017 1989 0
2007 1963 1986 1939 0
1934 1932 1989 1959 0
1923 1988 1955 1952 0
1982 1938 1935 2014 0
2019 1935 2017 2021 0
1924 1932 1930 1956 0
2260 1863 1766 1770 0
1992 1986 1963 1962 0
1996 1968 1939 1986 0
2023 1935 1965 2022 0
1996 1968 1973 1939 0
2007 1992 1963 1966 0
2007 1963 1938 1966 0
1958 1910 1997 1971 0
2022 2000 1999 1965 0
2013 1984 1927 2011 0
2022 1966 1965 1999 0
2187 2182 2130 2212 0
2187 2041 2182 2212 0
1987 2019 1935 1988 0
1925 1934 1956 1955 0
2290 2041 2187 2212 0
2456 2212 2130 2303 0
2456 2187 2130 2212 0
1993 2015 1956 2013 0
1925 1932 1956 1934 0
2242 2319 2213 2043 0
1930 2015 1932 1989 0
1880 2436 1684 1921 0
1989 2015 2020 2018 0
1989 2017 2020 2015 0
1989 2017 1994 2020 0
2013 1984 1989 1930 0
2319 2101 2317 2213 0
2242 2319 2317 2213 0
1984 2011 2016 2012 0
1938 1963 2007 1939 0
1936 2008 2005 1978 0
2021 1961 2023 1935 0
1906 1903 1933 1904 0
1922 1949 1945 1982 0
1954 1989 1984 1930 0
1914 1953 1916 2010 0
1954 1950 1930 1984 0
2021 1994 1961 1934 0
1104 1206 2210 2035 0
2035 2263 1155 1206 0
1935 2022 2014 1938 0
1987 2014 1935 2019 0
1935 2022 2023 2014 0
2386 2263 2035 1206 0
1155 1206 1104 2035 0
1982 2014 1973 1938 0
2021 1994 2017 2020 0
1961 2023 1935 1965 0
2021 2023 1961 1995 0
2021 2017 1994 1934 0
2013 2016 2018 1984 0
1712 1764 1684 1880 0
2013 2015 1989 2018 0
2013 2018 1989 1984 0
730 988 900 2414 0
1988 1935 2017 2019 0
1916 1927 1950 1981 0
1934 1935 2017 1988 0
1955 2017 1988 1934 0
1914 1911 2044 1916 0
1923 1988 1934 1955 0
1953 1930 2013 1956 0
1958 2045 1997 1910 0
1922 1982 1926 1938 0
1933 1978 1936 2005 0
1104 2267 1015 1110 0
1104 2028 1211 2261 0
277 272 281 198 0
1956 2015 2017 1932 0
2044 1941 2010 1979 0
1684 1921 2436 1951 0
2044 1979 2010 2008 0
2286 2041 2317 2247 0
2286 2041 2408 2317 0
1979 1936 2044 1941 0
1922 1982 1945 1926 0
1906 2005 1975 1970 0
1990 2011 1993 1953 0
1993 1956 1953 2013 0
2249 2138 2215 1381 0
1993 1956 2015 1991 0
1993 2013 1953 2011 0
1381 1638 2138 2215 0
1581 2215 1638 1376 0
1376 1581 2215 2152 0
1991 2015 2017 1956 0
1991 1956 2017 1955 0
2152 2249 2215 1381 0
1920 1929 1902 2001 0
2044 2008 1936 1979 0
1577 2036 2333 1485 0
1936 1937 2044 1912 0
2010 1946 1990 1985 0
2010 1953 2011 1990 0
2010 1946 1953 1990 0
1914 1941 2044 1911 0
1914 2010 1916 2044 0
2045 1998 1964 1947 0
2094 2093 2085 1684 0
1969 2004 2001 2002 0
1958 1980 2045 2418 0
1976 2005 1978 1933 0
1976 2005 1904 2002 0
1904 1929 2002 1902 0
1904 1901 1929 1902 0
1916 1981 2044 2010 0
1958 1997 2045 1980 0
450 534 2324 542 0
2045 1997 1998 1980 0
1978 1936 2008 1979 0
1920 2001 1997 1971 0
2171 2256 2038 2152 0
2171 2162 2256 2152 0
1926 1945 1973 1982 0
1943 1984 1981 1950 0
1981 1984 1927 1950 0
1937 1981 2044 1943 0
1914 1946 1919 1953 0
1975 2009 2006 2005 0
1975 2008 2005 1936 0
1975 2008 2009 2005 0
2283 2303 2219 2031 0
2198 2344 1759 1801 0
1947 1983 2045 1998 0
1906 2005 1904 1933 0
1970 2002 2005 2006 0
1970 2006 2004 2002 0
1906 1903 1905 1933 0
1914 1941 1946 2010 0
1926 1973 1938 1982 0
1914 1916 1953 1919 0
34 49 29 64 0
1998 1980 1983 2045 0
1969 2002 1970 2004 0
2045 1998 1997 1967 0
2320 1852 1855 1773 0
2328 1453 2037 2265 0
1696 1697 2400 1909 0
1854 1920 1837 1898 0
1969 2001 2004 2003 0
1969 1997 2001 2003 0
1143 1119 1121 1225 0
1792 1276 1555 1820 0
1792 1322 1555 1276 0
1282 1276 1322 1792 0
1792 1282 1276 1269 0
1828 1792 1276 1269 0
1828 1276 1792 1820 0
1906 1936 1933 1905 0
1900 1997 2001 1969 0
450 2324 454 542 0
450 2262 454 2324 0
1557 1581 1503 2152 0
1684 1951 2441 1921 0
1916 2044 1943 1912 0
1906 2005 1936 1975 0
1906 2005 1970 1904 0
1904 2002 2005 1970 0
1327 1539 2241 1467 0
1271 1327 2241 1467 0
1900 1997 1969 1967 0
1900 1920 1854 1898 0
1684 1764 2085 1917 0
608 2029 2216 2463 0
608 2216 2029 469 0
450 2345 534 444 0
1885 1951 1921 2441 0
1909 2400 1908 1879 0
2155 1909 1879 1697 0
2171 2244 2173 2211 0
2301 2244 2173 2171 0
1764 2436 2045 2370 0
1697 1896 1661 2155 0
861 2297 2097 2223 0
2439 1957 2370 1917 0
1557 1696 1503 1581 0
2097 2297 2431 362 0
861 2223 410 2297 0
2297 362 410 2245 0
2297 2245 2431 362 0
2439 2376 1957 2457 0
1917 1957 1896 2439 0
2370 2045 1907 1947 0
2439 1957 1896 2457 0
1904 1933 1976 1929 0
1900 1997 1967 2045 0
1920 1901 1902 1929 0
2439 1957 2376 1951 0
2441 1885 1951 1908 0
2094 1607 2093 1684 0
2105 1577 2333 1485 0
699 553 689 587 0
1536 1341 1541 2389 0
1344 1341 1536 2389 0
1692 1503 2082 2081 0
1684 2078 2059 1581 0
1607 1638 2138 1703 0
1121 1258 1143 1225 0
2063 1728 2344 1782 0
1920 1997 1910 1971 0
2084 1684 2094 1729 0
428 624 630 618 0
1557 1470 1582 1689 0
499 586 419 490 0
1829 2400 1869 1805 0
1829 1687 1879 2444 0
926 965 2385 987 0
2277 852 869 759 0
1904 1901 1903 1929 0
1367 2381 1593 1503 0
2055 1684 2125 1880 0
2131 1503 1696 1581 0
794 689 674 798 0
2068 2285 1135 1143 0
2244 2038 2327 2341 0
922 892 907 1004 0
1915 1902 1918 1969 0
1593 1503 1675 1581 0
2285 2381 1406 1473 0
669 679 798 689 0
922 907 795 920 0
939 965 945 1048 0
2082 1735 1696 1503 0
2082 1692 1735 1503 0
1915 1969 1900 1902 0
1915 1967 1900 1969 0
2125 1684 2123 1880 0
286 2358 221 209 0
1913 1900 1915 1967 0
2249 2037 2328 1453 0
587 550 405 553 0
794 674 800 798 0
2152 2134 2038 2171 0
59 71 20 66 0
1004 1030 998 1067 0
2414 728 985 900 0
1904 1929 1903 1933 0
1920 1901 1898 1902 0
1902 2001 1969 1900 0
2223 2297 2097 362 0
2223 362 410 2297 0
1906 1928 1970 1975 0
2152 2256 2038 1557 0
1929 2001 1974 2002 0
1920 2001 1974 1929 0
1929 2002 1902 2001 0
2220 826 2053 734 0
946 947 1033 2224 0
2053 2224 2318 2237 0
947 2224 946 826 0
1902 2002 1970 1969 0
1920 1900 2001 1902 0
1902 2002 1969 2001 0
1920 1900 1902 1898 0
1906 1975 1936 1937 0
1920 1997 2001 1900 0
1920 1910 2045 1837 0
1920 1854 2045 1900 0
1920 2045 1910 1997 0
1922 1935 1982 1938 0
510 437 521 2410 0
1904 1970 1928 1918 0
1904 1902 1970 1918 0
1913 1907 2045 1964 0
1913 1967 1964 2045 0
1925 1934 1955 1923 0
1916 1950 1943 1981 0
2280 2226 1278 1522 0
2226 1278 2292 2280 0
2318 2316 2305 2319 0
1916 1981 1943 2044 0
1927 1953 1919 1930 0
2254 2318 2316 2305 0
728 981 985 897 0
1912 1905 1911 1936 0
1912 2044 1936 1911 0
959 714 710 879 0
1912 1937 1906 1936 0
1912 1936 1906 1905 0
1925 1932 1924 1956 0
1922 1982 1987 1949 0
669 797 668 792 0
1922 1987 1923 1952 0
2025 729 732 896 0
447 516 439 2025 0
1923 1988 1935 1934 0
1975 1936 2044 2008 0
1912 2044 1943 1937 0
1911 1941 2044 1936 0
1914 1941 2010 2044 0
1914 1946 1953 2010 0
1916 1911 2044 1912 0
1923 1935 1988 1987 0
1923 1988 1952 1987 0
2332 2205 616 681 0
2332 2183 616 2205 0
730 988 731 905 0
394 470 491 559 0
815 894 859 881 0
1828 1792 1269 1547 0
730 905 900 988 0
868 703 708 930 0
1792 1282 1269 1547 0
428 624 618 613 0
675 786 758 774 0
2184 2249 2264 2037 0
968 882 976 2401 0
499 599 419 586 0
805 808 786 863 0
764 808 805 874 0
2024 874 805 840 0
1773 1493 1484 2320 0
1717 1446 2260 1766 0
1271 1116 2241 2145 0
1717 1436 2260 1446 0
2186 2036 2257 2270 0
1211 1111 2261 2028 0
2260 1717 1766 1832 0
1766 2260 1770 1466 0
1766 1466 1446 2260 0
1858 1770 2260 1773 0
1446 1111 1436 1211 0
1446 1111 1211 1110 0
2166 2037 2184 2264 0
1832 2260 1863 1766 0
2231 2383 1266 2282 0
2320 1484 2260 1237 0
1248 2282 1195 2231 0
2232 1133 2249 2275 0
2232 2249 2346 2275 0
1390 2346 1123 2232 0
2260 1863 1858 2263 0
1778 2320 2280 1500 0
1778 1500 2280 2380 0
2472 1781 2380 2280 0
2263 1858 1753 1863 0
1773 1774 1493 2320 0
1880 1764 1684 2436 0
1684 2436 1764 2370 0
439 2025 506 509 0
1485 2351 2036 2307 0
2105 2333 1577 2294 0
2035 1155 2261 1104 0
832 1103 1086 2169 0
832 860 1103 2169 0
535 530 2027 457 0
765 2027 2348 979 0
2257 2270 2036 2307 0
2154 753 525 2345 0
447 2340 2025 509 0
2025 2340 729 896 0
979 986 2027 1039 0
971 2239 534 2345 0
971 534 2239 762 0
971 2239 929 762 0
691 485 2024 571 0
2251 1754 2240 1755 0
2251 2240 1843 1755 0
691 571 682 646 0
893 874 2024 840 0
963 714 879 880 0
874 2024 805 764 0
2401 726 885 878 0
931 2024 864 893 0
2024 715 871 713 0
535 456 457 2027 0
878 968 2401 460 0
878 2401 968 885 0
502 614 592 584 0
463 722 963 718 0
488 708 448 2024 0
518 463 714 515 0
921 874 848 778 0
959 718 872 956 0
682 805 740 786 0
682 758 786 740 0
874 2024 764 695 0
502 584 492 567 0
959 873 872 718 0
931 871 2024 956 0
2024 840 709 864 0
2024 864 709 713 0
720 882 968 2401 0
691 485 646 625 0
476 451 2024 448 0
710 461 2024 508 0
552 840 701 709 0
584 567 614 646 0
855 848 912 886 0
772 898 757 894 0
490 419 406 586 0
740 691 764 2024 0
611 695 485 451 0
476 552 538 2024 0
893 864 840 2024 0
167 486 138 180 0
138 303 486 248 0
497 427 448 703 0
462 714 710 959 0
855 924 894 895 0
138 180 486 303 0
921 2024 874 695 0
921 782 690 778 0
956 872 715 718 0
959 879 710 875 0
959 875 710 956 0
928 690 782 898 0
963 718 873 959 0
2168 2301 692 2277 0
963 722 878 873 0
956 461 2024 710 0
956 710 931 875 0
956 715 2024 461 0
956 715 872 871 0
930 893 921 2024 0
708 2024 710 931 0
867 721 757 865 0
716 880 968 882 0
956 871 2024 715 0
618 630 788 624 0
928 782 690 921 0
518 460 716 463 0
684 898 671 690 0
858 684 928 899 0
429 471 406 401 0
932 858 928 899 0
815 881 846 894 0
490 449 429 419 0
930 893 2024 931 0
2191 630 559 640 0
855 881 895 894 0
855 898 894 924 0
846 782 894 855 0
930 921 928 684 0
391 423 487 428 0
671 659 757 898 0
391 559 562 394 0
820 766 867 870 0
855 782 898 928 0
855 921 782 928 0
855 924 921 928 0
855 848 782 921 0
855 924 912 921 0
855 848 921 912 0
2263 2261 1155 2260 0
2384 2035 2263 2261 0
2035 1155 2263 2261 0
772 690 898 782 0
772 782 898 894 0
772 898 671 757 0
772 898 690 671 0
427 703 684 420 0
391 559 487 471 0
2162 917 891 2243 0
865 787 760 781 0
658 867 659 2172 0
700 643 2455 723 0
788 787 624 640 0
428 640 624 487 0
815 757 894 772 0
815 865 859 894 0
815 760 865 721 0
2172 684 413 489 0
448 930 2024 708 0
815 757 721 865 0
420 690 599 451 0
2172 898 867 659 0
787 760 624 640 0
611 599 451 453 0
659 867 766 721 0
815 760 859 865 0
394 391 559 428 0
703 448 690 420 0
867 865 757 894 0
867 894 757 898 0
757 894 865 815 0
2024 893 921 874 0
820 867 898 870 0
788 787 721 865 0
721 787 760 865 0
788 865 721 867 0
870 789 766 867 0
448 703 930 708 0
630 788 766 789 0
858 684 703 930 0
766 789 788 867 0
766 721 867 788 0
659 757 898 867 0
658 766 659 867 0
659 721 766 640 0
538 713 2024 709 0
659 766 2191 640 0
515 714 710 462 0
428 630 559 430 0
2243 2171 917 1141 0
622 788 630 789 0
2152 2243 1133 1141 0
420 599 690 671 0
2171 1141 2243 2152 0
708 890 930 931 0
708 2024 931 930 0
930 703 921 684 0
460 716 968 517 0
460 968 2401 517 0
716 880 714 963 0
463 714 462 963 0
736 914 905 2410 0
703 690 684 420 0
700 2455 643 2162 0
899 870 820 898 0
899 898 684 928 0
932 858 868 930 0
932 928 858 930 0
899 684 820 858 0
858 930 928 684 0
858 930 703 868 0
884 998 2310 984 0
436 2414 507 506 0
2192 2166 2037 2214 0
571 646 584 682 0
905 988 2410 914 0
736 914 2410 745 0
439 506 2025 436 0
2366 1031 1144 1114 0
1144 2235 1031 2366 0
745 914 2410 929 0
731 905 2410 736 0
728 900 897 985 0
819 1111 2267 827 0
2414 985 728 981 0
730 900 728 2414 0
587 553 689 550 0
922 1010 1036 1034 0
923 1004 998 892 0
513 733 732 516 0
907 1010 915 920 0
394 430 491 395 0
732 2025 2414 436 0
2410 988 990 914 0
923 803 800 2382 0
923 892 922 1004 0
998 1030 1062 1067 0
795 920 907 915 0
922 920 1036 1010 0
574 689 679 550 0
1764 2370 1907 1886 0
1886 2370 1907 1947 0
923 1034 1004 922 0
798 674 795 669 0
610 966 723 2277 0
922 907 892 800 0
922 795 907 800 0
699 674 689 553 0
700 643 723 654 0
965 2413 1048 1051 0
800 798 795 907 0
795 669 797 798 0
792 797 915 795 0
587 550 689 574 0
1381 1636 2138 1638 0
1390 1636 2138 1381 0
800 795 798 674 0
2232 2249 2138 2346 0
2382 803 800 687 0
919 918 915 792 0
919 920 792 915 0
699 674 794 689 0
923 1013 2310 1030 0
919 1027 1037 920 0
1037 1027 1036 920 0
910 2173 852 869 0
884 998 892 2310 0
486 374 572 484 0
563 503 2336 455 0
2025 896 732 902 0
1828 1274 1566 1560 0
1828 1560 1269 1274 0
2234 2244 2171 2038 0
723 966 917 2277 0
2277 966 2173 980 0
887 2329 974 935 0
510 736 2410 521 0
2025 2414 728 981 0
2025 981 902 2414 0
1134 1283 1338 1220 0
771 852 993 2173 0
556 799 2267 819 0
521 2410 745 736 0
31 21 5 52 0
2025 981 2340 896 0
2166 2246 891 876 0
604 699 587 553 0
891 1133 2246 2184 0
2166 2184 891 2246 0
583 2277 610 654 0
733 990 908 913 0
230 163 209 198 0
2277 610 966 692 0
629 2151 2301 623 0
2382 687 674 564 0
521 2239 745 2026 0
2025 902 981 896 0
2205 2257 2186 2036 0
2410 905 731 988 0
2324 1020 992 983 0
2025 506 2414 436 0
506 2025 728 509 0
2427 1002 971 2345 0
765 986 2027 979 0
737 2410 733 913 0
913 990 2410 733 0
737 2026 913 925 0
514 437 513 2410 0
514 733 2410 513 0
583 654 641 2277 0
469 2029 686 588 0
2162 891 917 2455 0
469 511 393 2029 0
550 668 679 670 0
550 689 679 669 0
2272 1053 995 1063 0
550 679 668 669 0
692 2277 771 980 0
498 418 405 478 0
723 610 2277 654 0
553 669 674 689 0
794 892 798 800 0
318 354 162 279 0
674 800 687 2382 0
1756 1536 2248 2389 0
2389 1536 2248 1541 0
514 737 519 2026 0
545 775 2312 547 0
2312 999 992 1039 0
2312 1053 999 1039 0
2027 1020 1039 2312 0
293 296 258 267 0
106 162 61 50 0
547 999 783 992 0
547 775 992 783 0
436 2410 510 507 0
513 2025 516 732 0
509 728 2340 2025 0
436 2410 507 2414 0
521 2026 444 2239 0
514 2026 444 2410 0
521 444 534 2239 0
2414 731 988 2410 0
2414 731 730 988 0
732 513 436 733 0
2345 1002 2262 2427 0
2414 988 900 985 0
2414 2410 988 733 0
436 2410 513 437 0
2414 988 908 733 0
131 61 126 67 0
447 509 2025 439 0
45 23 29 10 0
517 720 716 968 0
718 531 715 461 0
462 461 710 508 0
2190 2213 2238 2043 0
2190 2101 2238 2213 0
61 77 205 126 0
333 300 276 344 0
403 550 405 587 0
345 385 328 336 0
574 403 412 434 0
492 646 571 485 0
344 403 364 412 0
549 597 661 579 0
555 670 550 679 0
148 145 115 151 0
279 106 318 139 0
110 104 84 75 0
279 318 106 162 0
394 430 428 559 0
487 613 423 615 0
487 423 442 615 0
517 720 968 2401 0
448 420 703 427 0
517 458 2401 460 0
428 640 559 630 0
630 2191 559 470 0
518 716 460 517 0
515 462 463 714 0
630 766 640 2191 0
391 471 562 559 0
640 788 721 766 0
491 470 630 559 0
2250 2028 2175 2035 0
2175 1109 2028 2250 0
394 491 430 559 0
394 2191 559 562 0
428 559 640 487 0
490 562 406 471 0
624 788 640 630 0
394 470 395 491 0
559 430 630 491 0
428 630 622 618 0
471 391 401 487 0
618 630 622 788 0
428 630 624 640 0
659 470 2191 658 0
611 625 485 695 0
463 963 716 714 0
406 562 391 471 0
451 2024 695 485 0
2182 2273 2041 2187 0
2182 2041 2258 2221 0
2182 2041 2273 2258 0
391 428 487 559 0
406 471 391 401 0
2172 898 671 684 0
476 2024 485 552 0
451 695 2024 690 0
611 485 453 451 0
611 599 690 451 0
394 391 406 562 0
409 562 394 406 0
490 406 419 429 0
490 406 429 471 0
821 2210 812 1100 0
448 420 451 690 0
515 710 508 462 0
488 708 497 448 0
611 453 526 599 0
499 419 453 449 0
488 2024 466 461 0
488 461 508 2024 0
499 449 490 419 0
499 453 526 473 0
512 2426 724 2340 0
2458 2340 2025 447 0
586 562 659 409 0
2172 867 898 684 0
586 406 409 419 0
586 406 562 409 0
586 671 599 420 0
586 420 409 671 0
586 599 419 420 0
586 420 419 409 0
497 708 703 448 0
497 684 427 703 0
497 684 489 427 0
499 449 453 473 0
419 599 453 451 0
451 419 599 420 0
499 453 419 599 0
625 485 695 691 0
611 526 453 492 0
675 673 614 592 0
675 682 614 673 0
492 485 611 625 0
552 701 805 571 0
584 614 682 646 0
571 740 682 805 0
520 516 447 2025 0
532 722 463 718 0
532 531 718 462 0
672 673 774 675 0
502 492 473 526 0
552 840 2024 805 0
552 805 701 840 0
552 2024 840 709 0
520 2025 2458 729 0
520 732 2025 729 0
529 2024 466 538 0
524 2401 458 460 0
520 2025 732 516 0
520 2458 2025 447 0
528 460 463 722 0
528 722 463 532 0
529 2024 538 713 0
529 715 531 461 0
529 713 715 2024 0
529 461 2024 715 0
529 461 466 2024 0
492 571 646 584 0
492 485 625 646 0
502 567 492 526 0
476 2024 466 448 0
675 758 673 774 0
765 2027 530 2348 0
463 963 460 716 0
45 49 64 29 0
963 716 968 460 0
11 2 40 4 0
512 720 2401 724 0
59 22 20 71 0
23 4 40 15 0
12 60 57 38 0
5 9 31 1 0
66 54 34 49 0
2027 530 454 457 0
66 34 54 71 0
23 40 4 10 0
901 2297 2097 877 0
66 64 49 34 0
106 61 205 131 0
111 150 195 279 0
2296 2027 1053 2312 0
1452 1545 2379 1432 0
20 71 34 66 0
2272 995 1009 1063 0
12 60 38 16 0
2143 2205 2036 2209 0
2183 2143 2036 2144 0
2183 2036 2143 2205 0
2143 2036 2255 2209 0
2144 2036 2255 2143 0
2027 530 2348 454 0
2027 2312 2262 1020 0
44 19 36 25 0
25 51 65 52 0
535 2027 530 765 0
2138 2364 1453 1703 0
742 737 2026 519 0
2027 1039 1053 2312 0
2138 1636 1453 2364 0
742 2026 2345 519 0
688 701 571 805 0
688 682 805 571 0
688 682 584 675 0
672 592 673 675 0
688 571 584 682 0
675 758 786 682 0
688 786 805 682 0
688 786 682 675 0
105 142 210 180 0
541 2272 773 791 0
2210 1104 2035 2233 0
2272 773 791 995 0
860 1100 2210 821 0
2296 456 2027 2312 0
69 139 63 106 0
66 16 20 38 0
289 309 388 167 0
69 162 150 279 0
2274 2035 2233 2210 0
87 98 62 136 0
2274 2233 2035 2185 0
2188 2235 2170 2217 0
2188 2235 2217 2354 0
2272 1009 791 812 0
2210 812 1100 1099 0
59 57 64 38 0
66 38 64 16 0
59 38 66 20 0
539 768 2272 2027 0
35 74 32 55 0
35 32 60 11 0
25 42 52 7 0
39 18 22 34 0
105 138 167 123 0
60 16 40 45 0
11 40 12 4 0
59 66 64 83 0
20 34 14 16 0
56 74 80 60 0
138 329 223 360 0
55 53 74 32 0
11 52 1 7 0
111 279 195 329 0
1497 1754 2251 1755 0
1366 1346 1311 1380 0
25 52 65 32 0
1452 2369 2379 1627 0
31 5 1 52 0
8 6 17 3 0
7 3 19 42 0
36 27 19 28 0
1497 1490 1266 1754 0
1497 2251 1754 1266 0
1497 1280 2251 1266 0
27 19 28 8 0
5 42 17 3 0
8 19 3 17 0
5 1 42 3 0
8 7 3 19 0
90 83 66 59 0
11 52 32 60 0
28 8 13 27 0
44 51 25 36 0
12 57 60 56 0
34 29 16 64 0
5 42 52 21 0
17 6 5 3 0
53 65 74 32 0
35 56 74 55 0
17 21 42 5 0
27 17 8 6 0
2030 2219 2354 2235 0
2354 2355 2235 2217 0
12 56 60 35 0
43 26 22 62 0
2030 2355 2235 2354 0
42 19 27 17 0
25 53 32 65 0
2354 2030 2269 2219 0
36 19 27 42 0
25 19 42 7 0
25 51 52 42 0
25 42 19 36 0
25 11 7 52 0
28 19 36 44 0
44 53 25 65 0
36 42 51 25 0
44 51 65 25 0
59 38 64 66 0
60 52 32 74 0
24 47 26 33 0
57 80 64 60 0
57 60 56 80 0
57 64 80 83 0
560 661 579 549 0
35 60 74 56 0
2037 1397 2265 1453 0
38 64 60 57 0
2037 1470 2265 1397 0
16 64 60 38 0
12 35 37 56 0
12 38 57 37 0
33 61 46 30 0
16 64 66 34 0
39 87 22 26 0
59 83 64 57 0
16 10 29 14 0
16 29 10 45 0
16 64 29 45 0
16 45 60 64 0
16 45 10 40 0
39 26 18 24 0
20 14 34 18 0
20 22 18 34 0
2317 2236 2041 2347 0
2317 2236 2347 2228 0
975 994 1124 1126 0
2408 2347 2317 2041 0
2317 2228 2347 2408 0
77 61 237 162 0
24 30 47 33 0
47 58 126 67 0
39 22 18 26 0
39 87 71 22 0
39 34 22 71 0
39 87 58 71 0
39 54 71 58 0
39 54 34 71 0
41 20 59 22 0
41 20 38 59 0
62 87 22 71 0
62 71 22 59 0
62 22 87 26 0
90 59 71 62 0
318 162 354 237 0
261 211 139 318 0
126 61 77 33 0
100 116 124 128 0
105 167 138 180 0
942 927 841 842 0
623 577 511 2301 0
43 41 62 22 0
2086 2088 636 634 0
237 77 136 205 0
305 353 2032 312 0
256 234 302 251 0
155 388 279 111 0
369 279 399 354 0
87 62 126 136 0
77 50 68 48 0
77 50 162 68 0
388 329 399 279 0
2357 1253 1470 1397 0
111 329 388 279 0
2357 1253 1295 1470 0
652 2052 2072 2073 0
155 139 72 279 0
369 279 354 318 0
318 106 237 205 0
77 61 162 50 0
521 2239 534 762 0
745 929 2239 762 0
521 762 745 2239 0
126 61 33 47 0
98 62 90 71 0
126 58 47 87 0
965 1051 1048 939 0
1583 2254 2305 2222 0
205 126 77 136 0
2222 2319 2305 2242 0
2222 1583 1598 2305 0
2318 2319 2305 2222 0
2254 2318 2305 2222 0
1598 2222 2305 2242 0
388 452 329 407 0
131 205 126 61 0
345 286 277 379 0
69 162 68 150 0
2214 2037 2184 2166 0
388 452 399 329 0
1376 2215 1638 1381 0
407 452 329 360 0
484 452 407 360 0
407 360 374 484 0
1381 1376 2215 2152 0
2086 636 2089 634 0
2413 1361 1375 1146 0
318 162 237 106 0
388 279 399 369 0
856 994 1007 2308 0
261 318 279 369 0
106 69 50 63 0
106 318 211 205 0
106 205 61 237 0
106 211 318 139 0
106 50 61 46 0
106 63 50 46 0
69 139 72 63 0
69 106 50 162 0
69 150 111 279 0
69 279 106 162 0
123 223 329 195 0
138 360 223 248 0
359 378 321 325 0
212 263 224 233 0
511 2301 577 595 0
744 639 652 649 0
474 393 2029 2463 0
2301 2308 2029 588 0
887 1042 2456 958 0
841 844 751 754 0
594 652 384 601 0
636 700 2088 638 0
486 484 407 374 0
2089 636 700 634 0
634 700 2088 636 0
1215 2251 2268 2136 0
2056 1215 2266 2268 0
916 1042 1048 2413 0
1215 2251 2266 2268 0
2074 2073 2052 652 0
155 279 289 261 0
1138 2385 1213 1140 0
751 647 761 650 0
1096 2456 2329 1042 0
2413 916 969 903 0
2244 2341 2211 2038 0
952 954 1005 1019 0
1134 2329 1338 1283 0
702 2271 590 581 0
916 974 887 2329 0
2413 1138 2385 1213 0
916 2329 887 1042 0
987 1056 2385 977 0
2413 1128 1213 1208 0
942 954 842 949 0
916 958 1042 887 0
856 678 2301 759 0
2147 1326 1394 1411 0
2147 1326 1260 1378 0
2290 2041 2212 2236 0
1029 2170 2329 1088 0
965 1051 2385 2413 0
759 911 2301 856 0
2188 2130 2326 2062 0
2235 2188 2326 2062 0
1059 1056 2385 987 0
1059 969 2413 1057 0
916 974 2413 969 0
2080 965 2413 903 0
2329 1088 1134 1029 0
2413 1113 1042 1048 0
1048 2413 1128 1051 0
842 838 761 751 0
987 969 2080 2413 0
2156 2373 862 1081 0
2162 2256 2184 2037 0
588 2308 686 707 0
700 654 2277 641 0
759 692 2277 771 0
2301 641 2277 583 0
2168 2301 2277 583 0
556 2281 2296 477 0
623 707 2308 588 0
248 422 486 374 0
248 303 486 422 0
486 374 407 248 0
2208 2308 744 725 0
825 2227 2310 2377 0
825 2377 2310 2382 0
2377 2310 2382 2303 0
2227 2303 2310 2377 0
623 2301 511 588 0
952 927 838 2371 0
2301 511 588 2029 0
204 263 224 212 0
434 403 412 364 0
841 751 842 761 0
486 422 572 374 0
2328 1703 2265 1470 0
2328 1453 2265 1703 0
608 652 384 594 0
649 639 652 594 0
841 842 751 844 0
652 608 649 594 0
110 75 78 104 0
2156 1081 862 2176 0
2156 862 655 2176 0
486 572 2349 620 0
167 407 486 309 0
289 388 155 167 0
105 89 123 167 0
2088 700 2162 638 0
155 139 279 261 0
608 469 2029 594 0
2372 2421 315 243 0
605 2065 2067 2064 0
289 261 279 369 0
378 320 2030 280 0
2394 537 645 637 0
333 403 364 344 0
295 605 243 315 0
295 594 608 384 0
333 364 300 344 0
2216 2029 393 2463 0
608 605 2029 2463 0
2216 393 2029 469 0
2463 605 2029 474 0
295 384 608 653 0
295 653 608 605 0
653 384 569 2349 0
2372 315 295 243 0
171 154 165 141 0
741 2100 2034 961 0
741 2034 780 961 0
2387 2454 2030 2432 0
2199 2454 2387 2432 0
2387 2313 2030 2454 0
2199 2454 2252 2313 0
2387 2313 2454 2199 0
304 321 296 327 0
383 377 397 359 0
496 2030 780 596 0
935 2170 2130 2329 0
312 2032 363 353 0
353 305 2220 288 0
475 432 706 576 0
942 927 842 954 0
656 650 756 661 0
199 2252 480 387 0
278 2032 386 319 0
280 235 271 2030 0
537 2394 424 415 0
951 952 2366 1023 0
304 327 338 321 0
313 320 2394 367 0
607 2330 860 738 0
378 245 287 280 0
2432 191 187 196 0
2432 191 196 204 0
293 267 258 263 0
378 2432 2454 346 0
304 296 321 293 0
952 1019 2366 1023 0
2354 2394 313 2030 0
355 365 313 2394 0
397 433 377 445 0
751 761 748 838 0
2444 1299 2327 1259 0
1646 1299 2444 1259 0
280 235 2030 2432 0
355 2394 313 2354 0
1646 2344 1548 1259 0
1259 2344 1548 2341 0
1259 2327 2344 2341 0
478 405 587 403 0
300 276 238 268 0
587 403 550 574 0
434 403 364 385 0
842 927 838 954 0
339 2269 291 270 0
403 555 550 574 0
367 313 365 2394 0
219 2432 235 186 0
952 836 951 2371 0
203 341 189 2432 0
2394 2030 320 313 0
2269 259 2030 306 0
2427 971 769 534 0
542 769 534 2324 0
971 769 534 762 0
2242 2213 2408 2043 0
1598 2222 2242 1630 0
501 2032 635 626 0
278 242 2252 232 0
2219 2230 2031 2200 0
2432 2387 219 2030 0
2432 235 2030 219 0
219 235 2030 259 0
271 2030 235 259 0
2354 306 2269 2030 0
2232 1133 2275 1123 0
219 259 2030 2387 0
2232 2275 2346 1123 0
434 574 403 587 0
2275 2264 2346 1123 0
2269 2387 2030 259 0
2354 306 2030 313 0
543 706 548 648 0
294 317 301 356 0
414 522 501 2032 0
952 2366 927 2371 0
952 1019 1005 2366 0
383 377 445 397 0
2366 927 1061 1005 0
359 325 321 327 0
203 346 255 341 0
2432 181 187 183 0
341 346 2432 203 0
841 927 761 842 0
414 363 366 2032 0
2394 637 523 537 0
433 597 424 544 0
748 647 645 2371 0
293 258 296 378 0
464 483 445 549 0
549 650 661 597 0
2394 373 367 320 0
942 844 949 842 0
215 341 189 225 0
496 2030 320 2394 0
496 377 373 325 0
756 751 841 761 0
549 650 597 647 0
359 377 397 496 0
591 505 2281 477 0
591 2284 2267 2281 0
612 591 2284 2267 0
2355 667 2030 780 0
645 746 2371 2217 0
464 549 560 483 0
942 844 842 841 0
761 748 647 751 0
1031 2355 2371 2366 0
662 651 548 648 0
597 544 549 647 0
359 327 321 338 0
838 836 2371 748 0
761 748 2371 647 0
748 2371 645 746 0
761 647 2371 597 0
756 751 754 841 0
756 751 650 754 0
942 1008 954 949 0
942 954 1005 927 0
942 1005 954 1008 0
359 377 327 338 0
949 1008 954 1014 0
215 341 242 387 0
748 836 2371 746 0
927 2371 761 838 0
761 2371 748 838 0
761 597 2371 1031 0
597 647 650 761 0
756 650 751 761 0
756 650 761 661 0
397 377 433 496 0
263 258 244 267 0
1797 1836 2379 1808 0
1644 1545 1432 2379 0
971 2239 2345 997 0
464 445 483 397 0
549 661 650 656 0
971 997 929 2239 0
378 224 263 252 0
549 483 597 579 0
2394 424 373 496 0
421 543 536 2032 0
377 325 359 327 0
2394 373 424 367 0
496 780 2030 667 0
378 287 320 280 0
667 496 2394 2030 0
378 325 320 287 0
263 244 233 212 0
256 290 316 302 0
359 377 496 325 0
496 373 433 424 0
496 433 373 377 0
496 483 433 397 0
496 373 2394 320 0
366 421 414 2032 0
378 252 245 224 0
263 227 244 212 0
2432 191 204 224 0
2432 216 191 224 0
378 263 224 204 0
378 346 254 204 0
378 263 204 254 0
263 212 254 227 0
2210 1206 2274 2035 0
2386 2035 2274 1206 0
2210 1100 2274 1206 0
1404 1206 2274 1100 0
1404 2386 2274 1206 0
378 252 263 258 0
293 263 258 378 0
378 296 287 252 0
321 296 378 293 0
321 325 378 296 0
234 302 255 264 0
496 596 378 2030 0
496 320 2030 378 0
496 325 320 378 0
496 378 359 325 0
215 199 2432 387 0
295 441 315 2372 0
234 228 255 213 0
2349 653 295 441 0
295 605 315 441 0
295 2349 441 2372 0
326 381 389 334 0
203 249 255 346 0
295 441 653 605 0
203 255 249 213 0
324 294 326 356 0
256 246 264 234 0
215 341 387 2432 0
234 213 255 203 0
206 249 254 222 0
206 254 227 222 0
203 189 196 2432 0
203 346 196 206 0
206 204 212 254 0
206 196 204 346 0
256 265 294 290 0
251 242 341 351 0
578 598 431 408 0
2454 596 2030 378 0
351 341 387 242 0
351 386 242 387 0
324 356 389 386 0
2042 1122 2254 2100 0
475 432 372 706 0
2237 2100 1089 2042 0
443 548 432 576 0
734 834 831 2237 0
475 576 443 432 0
558 662 548 576 0
256 316 290 294 0
326 389 356 334 0
524 726 729 2340 0
524 729 2458 2340 0
520 729 2458 524 0
256 264 290 302 0
256 302 316 251 0
199 480 2454 2432 0
232 2252 199 387 0
2467 112 86 101 0
324 372 319 386 0
308 368 2304 322 0
312 366 363 2032 0
376 389 372 324 0
189 187 196 2432 0
225 203 234 302 0
372 432 421 2032 0
414 2032 501 400 0
256 264 265 290 0
475 386 706 372 0
326 334 356 294 0
376 459 443 475 0
749 839 883 763 0
414 2032 400 353 0
312 366 2032 319 0
2237 955 953 1024 0
644 536 2032 635 0
548 662 706 576 0
548 706 543 432 0
2238 1179 1186 2043 0
964 1018 1017 960 0
964 1017 1018 1022 0
752 651 755 763 0
1557 2334 2256 2038 0
1557 2444 1582 2334 0
2334 1557 2444 2038 0
1557 1470 2256 2334 0
1557 2334 1582 1470 0
372 706 2032 386 0
414 536 2032 421 0
324 386 389 372 0
2395 1043 937 1045 0
648 662 651 763 0
386 324 285 319 0
376 443 432 475 0
2158 505 2233 2284 0
591 505 2284 2281 0
376 389 324 326 0
957 839 843 883 0
612 591 505 2284 0
505 2233 2284 2281 0
2158 505 2284 612 0
475 386 372 389 0
294 301 334 356 0
706 662 548 648 0
257 312 305 2032 0
644 543 2032 536 0
278 319 386 285 0
644 648 2032 543 0
257 278 2032 2252 0
2130 2182 2062 2212 0
2130 2212 2062 2303 0
536 522 2032 635 0
763 651 755 657 0
644 749 2032 648 0
234 264 255 246 0
627 2332 681 2185 0
627 2186 2332 2185 0
662 657 651 763 0
845 763 850 843 0
964 1018 1021 1022 0
957 850 964 883 0
957 960 964 850 0
475 443 576 459 0
964 1022 1021 883 0
251 294 285 316 0
2335 2043 2319 2222 0
883 839 843 763 0
944 1040 943 2278 0
285 386 317 356 0
285 356 324 386 0
845 843 755 763 0
2380 1500 2280 1522 0
957 960 1018 964 0
2280 1500 2226 1522 0
648 883 763 749 0
285 356 317 294 0
850 843 763 883 0
957 839 883 955 0
957 850 843 845 0
957 845 960 850 0
843 957 883 850 0
648 763 752 749 0
408 431 404 330 0
1095 2335 1179 2238 0
749 883 2032 648 0
257 278 2252 232 0
734 2032 626 635 0
706 2032 432 372 0
734 747 2032 635 0
747 2032 635 644 0
734 834 2237 747 0
837 839 883 749 0
2237 1026 1024 953 0
883 957 1021 964 0
2238 2319 2335 2043 0
752 755 843 763 0
2238 1186 2302 2043 0
372 2032 421 366 0
443 548 576 558 0
839 763 752 843 0
749 839 763 752 0
837 955 953 2237 0
953 834 2237 950 0
837 839 955 883 0
837 2237 883 955 0
342 284 275 343 0
376 475 432 372 0
644 2032 749 747 0
251 302 316 341 0
648 752 763 651 0
363 353 2032 414 0
747 883 837 2237 0
548 706 432 576 0
706 883 2032 633 0
834 953 2237 837 0
837 747 2237 834 0
749 2032 883 747 0
648 706 883 2032 0
648 543 706 2032 0
2032 543 706 432 0
414 536 522 2032 0
635 501 522 2032 0
950 834 2237 947 0
747 734 2032 2237 0
2237 947 831 826 0
288 305 2220 257 0
747 2237 2032 883 0
386 633 706 2032 0
376 372 389 475 0
421 2032 432 543 0
372 2032 366 319 0
2327 2334 2038 2234 0
2327 2444 2334 1131 0
2334 2327 1131 906 0
906 2334 2327 2234 0
2327 2334 2444 2038 0
294 316 290 317 0
294 317 290 301 0
294 265 301 290 0
376 475 381 459 0
256 294 251 316 0
278 2032 319 312 0
285 317 316 294 0
1108 2290 2350 2374 0
1108 1062 2290 2452 0
2252 386 242 278 0
1108 2452 2290 2374 0
376 475 389 381 0
319 2032 386 372 0
232 242 387 215 0
2290 2212 2310 2303 0
285 351 316 317 0
2252 386 278 2032 0
285 294 324 356 0
2200 2031 2219 2163 0
251 316 351 341 0
234 255 228 246 0
251 234 302 225 0
215 2432 189 341 0
203 249 346 206 0
256 264 246 265 0
182 2432 189 215 0
251 341 225 302 0
199 2432 2199 182 0
2432 2030 378 2454 0
182 187 189 2432 0
182 181 187 2432 0
213 249 228 255 0
213 249 222 228 0
213 222 249 206 0
203 302 255 234 0
203 255 302 341 0
203 249 206 213 0
232 387 242 2252 0
225 341 189 203 0
215 242 341 225 0
242 386 2252 387 0
257 312 2032 278 0
719 565 557 685 0
285 386 242 351 0
285 351 242 251 0
278 285 386 242 0
582 589 2033 465 0
2395 1045 937 989 0
148 229 176 260 0
166 2392 175 220 0
129 226 161 117 0
94 125 117 115 0
2392 208 166 161 0
125 117 115 145 0
208 284 371 220 0
208 342 284 275 0
2440 88 2467 91 0
2278 712 2220 2033 0
335 416 472 343 0
340 431 330 411 0
817 962 933 938 0
390 353 400 2220 0
298 201 362 2467 0
591 2281 556 477 0
589 2033 481 602 0
719 557 598 578 0
342 500 566 343 0
109 70 76 85 0
117 115 145 151 0
2316 307 2317 2319 0
148 229 158 176 0
2318 307 2316 2319 0
118 124 146 239 0
2237 2224 2222 1033 0
310 2467 147 104 0
2295 2031 2200 2276 0
226 145 176 148 0
2295 2031 2276 2287 0
153 149 146 116 0
2431 2031 2377 2358 0
277 281 209 198 0
113 102 2440 88 0
147 82 2467 88 0
345 379 418 455 0
286 277 332 209 0
124 95 118 116 0
230 153 146 118 0
2289 2250 1694 1539 0
2467 86 78 101 0
110 78 94 101 0
193 268 238 207 0
2322 2358 2031 2287 0
262 209 163 168 0
434 385 478 403 0
478 405 385 418 0
272 238 198 193 0
230 198 153 163 0
333 403 385 364 0
277 379 332 328 0
333 405 385 403 0
230 198 238 179 0
238 198 193 179 0
179 193 207 160 0
295 601 469 594 0
272 238 193 268 0
295 384 601 594 0
2343 358 435 2033 0
238 268 276 207 0
300 272 333 268 0
153 230 146 179 0
109 73 76 70 0
92 94 110 75 0
179 193 149 153 0
179 153 198 193 0
2287 2031 2322 2295 0
153 146 118 116 0
2322 2283 2230 2031 0
2230 2031 2200 2295 0
604 417 2382 564 0
396 345 286 2358 0
604 417 553 405 0
604 553 417 564 0
281 238 230 198 0
478 403 385 405 0
336 405 417 385 0
345 379 385 418 0
403 555 574 412 0
345 336 328 277 0
418 405 417 498 0
333 268 276 300 0
328 333 300 272 0
345 417 385 336 0
604 553 587 405 0
478 405 604 587 0
345 328 385 379 0
336 385 333 405 0
277 379 328 345 0
328 364 333 385 0
328 364 300 333 0
336 385 328 333 0
336 328 272 333 0
580 741 2034 780 0
580 780 2454 596 0
803 2382 801 687 0
426 2382 564 568 0
417 405 604 498 0
629 583 577 2301 0
493 345 426 417 0
493 417 540 498 0
2382 892 923 2310 0
2382 800 794 674 0
113 2440 97 88 0
564 674 699 553 0
828 970 936 934 0
2303 2283 2229 2271 0
884 866 984 2310 0
803 801 2382 904 0
790 779 866 2382 0
822 712 2278 818 0
1032 2310 866 825 0
984 1058 998 2310 0
352 2271 361 286 0
345 352 286 2358 0
465 2033 481 589 0
790 2382 866 884 0
2382 800 923 892 0
2310 998 892 923 0
417 426 493 2382 0
493 418 417 498 0
2382 564 674 699 0
604 417 498 2382 0
697 604 609 2382 0
697 699 604 2382 0
2382 604 564 699 0
790 2382 794 699 0
794 699 2382 674 0
884 2382 892 794 0
790 794 2382 884 0
2237 2032 2053 734 0
308 2356 247 2304 0
450 519 2345 444 0
322 2304 247 266 0
2033 2304 2356 308 0
2343 308 2356 231 0
683 554 677 696 0
589 705 2033 712 0
580 2034 2454 780 0
322 2304 380 368 0
299 286 2358 221 0
602 712 2033 2220 0
719 817 828 807 0
750 828 810 719 0
335 343 472 375 0
2343 343 425 350 0
2220 481 2033 602 0
358 368 2033 308 0
719 807 696 817 0
2226 2292 1262 2280 0
2287 2358 2031 2431 0
380 2033 2220 481 0
2343 350 425 358 0
337 353 390 2220 0
337 2220 288 353 0
2220 626 2032 501 0
2220 501 617 626 0
626 734 2220 2032 0
2280 1262 2396 2292 0
368 380 2033 2304 0
390 501 494 2220 0
380 481 368 2033 0
368 2033 481 465 0
2343 358 425 435 0
380 2304 2220 2033 0
273 192 292 269 0
308 2033 2304 368 0
817 807 806 934 0
297 2343 231 308 0
231 2356 247 308 0
2156 2293 862 2373 0
2033 818 705 814 0
358 308 2343 297 0
102 95 124 81 0
435 465 2033 358 0
416 425 500 343 0
698 705 2033 582 0
705 589 2033 582 0
938 1047 962 933 0
340 274 269 357 0
582 465 2033 435 0
148 158 127 145 0
698 2033 705 814 0
582 693 573 2359 0
1047 962 934 1046 0
342 566 284 343 0
750 598 719 565 0
937 811 854 810 0
937 936 978 1045 0
696 807 680 806 0
527 2143 2183 2144 0
527 2143 2144 575 0
527 2144 2325 575 0
750 565 693 776 0
696 554 677 680 0
698 2359 693 582 0
2343 2033 2356 308 0
660 563 2336 593 0
2336 676 593 2382 0
2309 2343 2033 2356 0
314 292 273 192 0
2359 2291 2033 698 0
854 936 810 828 0
582 2359 435 2033 0
2359 2033 582 698 0
566 343 500 425 0
933 962 934 1047 0
854 811 776 750 0
854 810 811 750 0
683 561 554 696 0
978 1054 1112 1045 0
357 269 330 273 0
978 1054 1045 970 0
578 404 431 411 0
828 934 936 807 0
696 677 806 680 0
472 500 343 416 0
2359 2297 2033 2291 0
817 806 807 696 0
335 472 408 431 0
431 472 408 598 0
854 2291 776 811 0
854 937 2291 811 0
750 565 500 598 0
750 565 719 685 0
750 810 685 719 0
719 810 685 807 0
828 970 934 962 0
2395 1115 1043 1045 0
828 934 807 817 0
719 807 685 680 0
817 806 809 933 0
2343 308 358 2033 0
978 970 1045 936 0
335 431 330 357 0
472 375 343 500 0
425 2343 435 2359 0
343 350 2343 284 0
683 806 696 677 0
2359 435 2033 2343 0
719 696 557 578 0
828 807 936 810 0
598 408 416 472 0
598 416 500 472 0
598 565 500 416 0
565 573 566 425 0
500 565 566 425 0
500 565 425 416 0
817 962 934 933 0
854 937 810 936 0
565 776 566 573 0
978 1112 989 1045 0
719 807 680 696 0
335 408 330 431 0
854 970 978 936 0
750 810 811 693 0
854 989 776 2291 0
124 130 102 2440 0
2309 2033 2253 2356 0
127 99 115 125 0
854 828 810 750 0
854 989 937 978 0
750 693 811 776 0
2190 2408 2213 2043 0
340 330 357 269 0
719 680 685 557 0
314 197 208 260 0
127 115 145 125 0
357 472 375 335 0
168 163 262 130 0
118 116 146 124 0
357 431 472 335 0
102 147 88 81 0
342 275 375 343 0
2218 2347 2342 2236 0
2236 2041 2347 2342 0
2297 2309 2253 2245 0
1503 2134 2117 1367 0
2134 2038 2211 2381 0
1367 2134 2381 1503 0
226 283 125 129 0
525 454 450 2262 0
2262 525 454 2348 0
147 82 88 81 0
109 76 124 85 0
2348 2433 525 454 0
92 110 99 84 0
125 117 226 129 0
314 292 375 273 0
2297 2253 2309 2033 0
2309 2343 2359 2033 0
2467 112 96 86 0
208 151 260 197 0
192 260 229 148 0
84 79 75 104 0
262 163 209 230 0
2358 209 262 168 0
109 147 124 81 0
109 73 147 81 0
96 86 91 2467 0
147 73 82 81 0
2358 209 168 221 0
70 79 104 75 0
277 328 332 281 0
130 124 118 239 0
148 176 158 145 0
92 84 75 110 0
888 882 2401 976 0
888 882 720 2401 0
109 81 76 73 0
330 404 411 431 0
79 85 70 109 0
85 76 124 100 0
335 416 408 472 0
269 274 192 292 0
110 78 2467 104 0
226 151 161 117 0
110 101 2467 78 0
73 82 2467 147 0
1307 1324 1511 2300 0
101 94 125 117 0
393 595 2029 511 0
511 2301 595 2029 0
595 474 393 2029 0
335 275 375 273 0
202 229 148 192 0
192 197 314 260 0
700 2029 474 595 0
2029 700 2301 595 0
349 362 2392 410 0
349 2392 331 410 0
2343 284 220 371 0
2343 220 231 2392 0
2343 231 284 297 0
371 342 284 208 0
371 208 253 342 0
2276 2163 2031 2200 0
314 375 275 273 0
282 129 283 226 0
2276 2253 2031 2163 0
2392 161 166 129 0
2392 253 161 282 0
282 129 226 161 0
2392 129 166 132 0
2321 527 2183 785 0
119 2392 143 132 0
527 2183 785 2144 0
226 151 117 145 0
226 161 151 253 0
226 145 148 151 0
253 176 260 148 0
226 145 117 125 0
125 2467 110 101 0
101 125 129 117 0
92 125 94 115 0
148 115 145 127 0
342 314 275 208 0
314 208 197 275 0
314 229 292 192 0
314 273 197 192 0
314 197 273 275 0
202 158 148 229 0
202 292 192 274 0
202 292 229 192 0
314 229 192 260 0
340 330 431 357 0
335 275 343 375 0
342 375 275 314 0
342 375 500 343 0
357 375 273 335 0
330 357 273 335 0
357 292 273 375 0
357 292 274 269 0
151 192 260 197 0
2308 2107 744 2029 0
1830 1756 2298 2389 0
2219 2031 2303 2314 0
2183 2036 2205 2186 0
2040 2235 2326 2316 0
2229 2303 2219 2283 0
1756 2248 2298 2389 0
638 700 767 636 0
2338 2326 2040 2235 0
1272 1399 1412 2043 0
1464 2222 2043 1383 0
2033 2315 2220 2278 0
448 930 703 921 0
448 921 2024 930 0
448 921 703 690 0
649 744 813 652 0
2108 2029 2061 594 0
2108 744 2029 594 0
620 572 2349 665 0
1202 1134 1220 1283 0
1176 1283 2329 1134 0
2329 1338 1283 1326 0
378 2030 2432 280 0
2178 1696 1697 1557 0
2180 1557 2161 2179 0
605 2047 2087 2126 0
2214 2357 2197 2037 0
971 769 983 2427 0
2214 2197 2162 2037 0
2311 889 2176 2403 0
1819 1825 1769 1814 0
2450 1650 1518 1654 0
2450 1489 1518 1650 0
631 2048 636 2047 0
2048 631 636 767 0
474 605 315 243 0
2088 2086 636 638 0
2088 2162 643 638 0
2266 2299 1781 1843 0
2266 2251 2299 1843 0
2251 2299 1843 2240 0
2213 2319 2238 2043 0
2310 1094 1030 1092 0
1062 1067 1030 1094 0
2065 653 605 649 0
2050 2096 1406 2285 0
1889 2450 1771 1892 0
1881 1857 2416 1892 0
1909 2400 1696 1908 0
2400 1735 1696 1908 0
1869 2471 1908 1787 0
1869 1787 1805 2471 0
2471 1787 1735 1908 0
939 2385 1044 910 0
60 11 12 35 0
12 40 10 4 0
60 74 32 35 0
1627 1398 1472 1370 0
1398 1472 1520 1645 0
2279 799 551 783 0
1832 2261 2263 2260 0
2267 1110 1111 819 0
2384 2261 2263 1832 0
1800 2384 1832 2261 0
2279 783 551 547 0
799 2267 551 556 0
1800 2261 1832 1717 0
1832 2261 2260 1717 0
2096 2068 2099 1225 0
1367 2050 1473 2285 0
1367 1357 2050 2069 0
2117 2173 2134 2171 0
1301 1427 1264 1434 0
1562 2381 1609 1367 0
93 124 76 100 0
93 116 124 100 0
93 95 124 116 0
2166 2264 2275 1123 0
2246 1133 1123 2275 0
2166 2275 2246 1123 0
112 2392 132 129 0
2171 2244 2211 2038 0
1106 1093 1105 1037 0
1106 1093 1101 1193 0
2134 2211 2038 2171 0
2050 2285 1406 1473 0
1097 2316 2235 1267 0
1000 2235 1267 1097 0
1376 2117 1367 1503 0
1873 1738 1821 1827 0
1873 1738 1813 1776 0
1873 1859 1738 1776 0
1000 961 2235 1097 0
1097 2100 2235 2316 0
961 2100 2235 1097 0
30 61 47 33 0
908 985 988 2414 0
1897 1856 1847 1771 0
1899 1891 1856 1895 0
1899 1897 1856 1847 0
2074 744 2073 652 0
2322 2283 2031 2271 0
2303 2031 2283 2271 0
2303 2358 2271 2336 0
2322 2271 2031 2358 0
2358 2031 2303 2271 0
2446 1603 1448 1695 0
1284 1360 2446 1388 0
2269 2354 355 306 0
2030 306 259 313 0
1537 1584 1523 1664 0
101 129 2467 112 0
2446 1360 1448 1388 0
1527 2446 1624 1641 0
1554 2446 1495 1388 0
1554 2446 1603 1495 0
1527 1554 2446 1641 0
1554 1603 2446 1651 0
2198 2344 1801 1829 0
1728 1646 2344 1657 0
2198 2344 2400 2471 0
2198 2344 1829 2400 0
2379 2369 2041 2350 0
1833 1860 2286 1851 0
1833 2286 1824 1851 0
2069 2050 2070 1357 0
2099 1143 1258 1225 0
744 608 2029 594 0
813 2065 767 605 0
1434 1264 1315 1285 0
1437 1315 1285 1434 0
2179 2180 1557 1689 0
1879 2155 1732 1909 0
2180 2084 1607 1689 0
1697 1696 2439 1909 0
1697 1729 1696 2178 0
1697 2439 1696 1729 0
26 47 87 126 0
26 39 47 24 0
26 33 47 126 0
26 47 39 87 0
590 2229 711 603 0
813 906 717 744 0
2440 88 147 2467 0
732 2414 902 733 0
902 985 908 2414 0
902 2414 908 733 0
732 902 2414 2025 0
902 985 2414 981 0
1624 1641 2446 1714 0
590 2271 467 581 0
1880 2045 1764 2436 0
1880 2045 1958 1910 0
1880 2045 2437 1958 0
1712 2045 1764 1880 0
1712 2045 1880 1910 0
1880 2436 2437 2045 0
1665 1677 1463 1678 0
1665 1463 1677 1459 0
1665 1463 1673 1678 0
1665 1673 1463 1471 0
1537 1322 1555 1768 0
1768 1322 1688 1393 0
1431 1388 1317 1284 0
1860 1878 2450 1874 0
2053 2278 2315 2319 0
2450 1532 1654 1518 0
2053 2278 2319 2224 0
1482 1583 1496 2042 0
2225 2276 2031 2287 0
2225 2287 2031 2431 0
1051 1044 939 2385 0
418 417 405 385 0
418 493 417 345 0
418 417 385 345 0
517 720 2401 512 0
517 458 512 2401 0
180 348 210 167 0
180 167 210 105 0
442 423 487 391 0
2357 1102 1295 1081 0
2176 1081 1102 2357 0
889 1081 1102 2176 0
1279 1361 1300 1338 0
1198 1338 1279 1300 0
1198 1208 1338 1300 0
295 608 2216 2463 0
295 2216 608 469 0
295 469 608 594 0
295 605 608 2463 0
313 2030 271 259 0
119 112 2392 132 0
129 2392 282 283 0
282 253 331 2392 0
1135 966 980 2173 0
1143 1006 1119 2173 0
2095 2074 2052 653 0
2064 2065 2067 767 0
2109 569 2054 665 0
2075 2219 2031 2163 0
965 987 2080 2413 0
1924 1930 1953 1956 0
2305 2247 2317 2221 0
2349 384 569 303 0
1557 2178 1696 2161 0
1714 2451 1726 2446 0
2428 384 2349 303 0
2451 1835 1806 2416 0
1611 2451 1700 1714 0
1611 1624 2451 1714 0
2386 2035 2384 2352 0
1562 1473 2381 1367 0
2341 2381 2211 2038 0
2390 1317 1243 1284 0
1431 1440 1388 1554 0
2390 1217 1317 1321 0
1353 1687 1759 2159 0
2444 1353 2327 1299 0
1388 1440 1410 1495 0
2124 1684 1921 1880 0
2123 1713 1684 1696 0
2124 1684 1713 1921 0
102 124 2440 147 0
102 81 124 147 0
373 496 325 320 0
2175 2158 2185 2233 0
286 379 396 332 0
2336 455 503 396 0
1564 1495 1603 1567 0
1564 1603 1495 1554 0
2381 1562 1657 1569 0
1721 1692 1503 1735 0
1721 2471 1782 1805 0
1721 2381 1503 1692 0
1721 1787 2471 1805 0
1975 1981 2044 1937 0
1975 2044 1936 1937 0
153 163 118 230 0
813 653 767 2065 0
605 813 649 608 0
605 767 813 2234 0
649 813 744 608 0
744 2029 608 813 0
1853 1870 1890 1803 0
2043 1399 1464 1383 0
2385 1051 1044 1140 0
926 2385 977 987 0
1973 1944 1926 1931 0
287 378 252 245 0
1312 1253 2201 2146 0
1312 1253 2399 2201 0
208 260 342 314 0
2052 653 2074 652 0
2064 653 2065 767 0
2116 666 767 2058 0
2057 653 2095 2114 0
2110 906 813 889 0
652 608 653 649 0
2052 384 569 653 0
2113 767 653 2116 0
717 2095 2115 813 0
666 2058 2046 767 0
2058 767 653 2046 0
2116 2058 653 620 0
2116 653 665 620 0
2116 767 653 2058 0
813 653 652 2074 0
813 653 649 652 0
2057 2115 2112 2114 0
717 813 2074 2095 0
1137 1054 1118 1130 0
2117 2152 1503 1376 0
1137 1118 1204 1130 0
2117 2152 1376 1141 0
1376 1503 1593 1581 0
257 2252 2032 2220 0
2220 2252 2032 2053 0
2075 2220 2252 2199 0
2220 2075 2252 2053 0
2199 2220 2252 257 0
2091 2056 2266 1227 0
694 568 687 2382 0
609 676 2382 593 0
699 790 2382 697 0
694 687 801 2382 0
631 700 636 767 0
631 605 700 767 0
1125 1056 2385 1059 0
2059 1581 1593 2055 0
2123 1684 1581 1696 0
1243 1317 2390 1217 0
1500 2280 1262 2320 0
1288 2043 1186 1272 0
2064 605 2065 653 0
2089 474 700 605 0
2210 1206 1099 1100 0
1697 1909 1896 2155 0
209 230 281 262 0
209 198 281 230 0
209 262 281 332 0
1292 2039 1184 1291 0
1292 1290 2039 1417 0
2394 537 544 645 0
597 544 647 2394 0
544 647 2394 645 0
694 702 2382 801 0
1404 2274 1354 1103 0
2274 1103 1086 1354 0
1665 1463 1492 1471 0
1585 2040 1531 1606 0
2345 519 450 525 0
799 999 2267 1015 0
999 2279 783 799 0
2279 999 783 547 0
1543 1365 1600 1559 0
1819 1769 1747 1740 0
1740 1769 1695 2446 0
2209 2205 2036 2241 0
963 714 462 959 0
963 462 718 959 0
486 248 407 138 0
167 138 486 407 0
138 329 407 123 0
248 138 360 407 0
2108 639 594 601 0
167 123 138 407 0
138 329 360 407 0
2108 744 2107 2029 0
2061 2029 686 601 0
2061 2029 601 594 0
2073 717 744 2074 0
2052 2051 652 2072 0
2072 2076 744 717 0
2450 1654 1532 1836 0
1651 1660 1603 1695 0
1554 1564 1603 1651 0
2446 1603 1695 1651 0
1641 1726 1651 2446 0
1641 2446 1651 1554 0
1303 1288 2390 1186 0
1194 1186 1303 2390 0
286 396 379 345 0
462 710 461 956 0
462 461 718 956 0
1225 2068 1143 2285 0
2068 1225 2096 2285 0
208 342 260 253 0
208 253 260 151 0
1800 2384 1632 2060 0
12 40 60 16 0
12 40 11 60 0
123 407 388 329 0
167 388 123 407 0
1509 1527 2368 1624 0
1509 2368 2043 1611 0
1332 1410 1329 1442 0
1329 1410 1440 1442 0
1329 1317 1410 1287 0
1329 1217 1317 1287 0
1329 1321 1317 1217 0
1431 1440 1317 1388 0
1317 1410 1440 1329 0
2295 2031 2322 2230 0
682 571 691 740 0
773 768 995 2272 0
2173 1143 993 980 0
1143 1135 980 2173 0
1006 2173 1143 993 0
1006 1119 1121 1143 0
2429 1511 1512 2300 0
323 270 250 2322 0
2105 2333 1397 2306 0
2146 1397 2201 2333 0
2306 2333 1397 2146 0
1057 2413 1142 1134 0
1057 1146 2413 1059 0
2413 2080 903 969 0
2134 2285 2117 1367 0
92 110 125 99 0
92 94 125 110 0
92 99 125 115 0
2467 104 298 201 0
2467 88 82 91 0
1871 1814 1819 1857 0
1871 1814 1892 1894 0
1871 1875 1814 1894 0
2351 2257 2036 2307 0
2374 1398 1439 1528 0
1515 1528 1614 2374 0
2386 2035 2352 2274 0
2243 1133 891 2184 0
2243 2184 2152 1133 0
1657 1548 1646 2344 0
1759 2344 1646 1687 0
1759 1801 2344 1687 0
2063 2344 1646 1759 0
1728 1657 2381 1562 0
1288 1186 2043 2390 0
1408 1482 1414 2042 0
2078 1638 1581 1607 0
2078 2077 1638 1607 0
1562 2381 1728 1609 0
2190 2408 2101 2213 0
2317 2101 2408 2213 0
2344 2381 2471 1728 0
2344 2471 1782 1728 0
2156 2325 655 785 0
2450 1650 1654 1882 0
1836 1654 1882 2450 0
1859 1873 1738 1821 0
1859 1644 1738 1654 0
1859 1644 1654 1836 0
1681 1750 1635 1725 0
1681 1750 1722 1643 0
2129 1689 1557 1582 0
1689 1607 2180 1557 0
540 417 2382 498 0
540 2382 417 493 0
2048 2064 2067 767 0
2090 2049 2089 605 0
2089 2049 474 605 0
605 2067 2066 2064 0
2067 2064 2047 2066 0
2067 2064 2048 2047 0
2067 2066 2047 631 0
2067 2047 2048 631 0
2067 2048 767 631 0
767 2067 605 2065 0
2141 653 2196 441 0
605 2126 474 315 0
2065 813 649 605 0
2067 631 767 605 0
2050 2069 2070 2096 0
2096 2069 2070 2098 0
2285 1143 1225 1119 0
2096 2068 2285 2069 0
2359 2033 2297 2309 0
2291 2033 814 943 0
1359 2391 1382 1245 0
1359 1489 1382 2391 0
784 2301 678 642 0
2342 2236 2290 2227 0
2342 2236 2041 2290 0
1615 1629 2254 1682 0
605 2126 2049 474 0
1213 1361 1375 2413 0
1213 1208 1361 2413 0
1213 1128 2413 1138 0
2194 2072 2193 2195 0
2052 652 2051 384 0
744 717 982 906 0
744 2308 813 906 0
2076 982 744 717 0
2195 384 2051 652 0
2195 601 384 652 0
2195 2194 2072 652 0
2032 2053 2252 857 0
95 124 81 76 0
95 93 124 76 0
81 76 124 109 0
2033 2297 2253 2315 0
1107 1194 2395 1186 0
1747 1769 1825 1807 0
1747 1727 1769 1807 0
1747 1695 1769 1727 0
1317 1321 1329 1440 0
1332 1329 1410 1287 0
1627 1452 1370 1472 0
1716 1472 1452 1627 0
1897 1856 1893 1895 0
1897 1899 1856 1895 0
1897 1856 1776 1893 0
2072 744 2073 717 0
744 2193 2076 2072 0
2379 2041 2258 2273 0
1527 2368 2390 1412 0
1527 2446 1388 1284 0
1495 1448 2446 1603 0
1554 1527 2446 1388 0
1527 2368 1412 1509 0
2077 2078 1684 1607 0
2078 1581 1684 1607 0
2059 1638 1581 2078 0
1729 2094 2085 1684 0
2077 1684 1712 1764 0
1581 1607 1638 2215 0
1638 1593 2059 1581 0
1581 1638 1593 1376 0
2215 1581 1607 2152 0
1173 1217 1321 1329 0
2302 1217 2390 1173 0
486 309 348 167 0
361 2271 299 286 0
493 2336 455 563 0
2336 345 455 396 0
345 455 396 379 0
426 2336 345 493 0
605 2126 2087 2049 0
2090 631 700 636 0
2064 2048 2142 767 0
2196 653 620 441 0
315 2140 605 2126 0
2048 636 2142 767 0
2142 638 767 636 0
620 2349 486 348 0
1670 1620 1687 2444 0
567 611 492 526 0
1624 2368 1509 1611 0
1032 1150 1164 2290 0
768 773 539 2272 0
768 539 535 2027 0
986 2272 768 2027 0
1245 1156 2347 1171 0
2440 168 262 130 0
107 96 2467 112 0
107 2467 119 112 0
1145 2366 1061 1064 0
1161 2366 1163 1221 0
1125 1226 1146 1375 0
1125 1375 1146 2413 0
2385 965 2413 987 0
2152 1581 1607 1557 0
1004 1030 1067 1034 0
1004 923 1030 1034 0
1004 998 1030 923 0
1417 2039 1292 1291 0
1418 1231 1301 1427 0
1417 2452 2039 1291 0
1349 1542 1250 1476 0
610 2277 2168 692 0
1889 2450 1878 1882 0
1889 1650 2450 1882 0
1889 1878 2450 1881 0
1897 1650 1771 1889 0
1882 1889 1776 1893 0
2451 1435 1769 2446 0
1714 1726 2451 1806 0
1726 1740 1769 1819 0
1726 1769 2451 1806 0
1769 1435 2416 1608 0
1208 2413 1128 1113 0
1208 1198 2329 1113 0
1208 1361 1338 1300 0
1115 1120 2395 1199 0
2395 1120 1112 1199 0
2395 1112 1117 1199 0
1194 2395 1199 1115 0
2286 2408 2041 2391 0
1467 2378 1636 2447 0
1577 2333 2036 2294 0
2079 2209 1271 1116 0
2241 1577 2036 2209 0
2120 2301 629 2151 0
2120 629 2301 642 0
1390 2079 2209 1271 0
1271 2209 1390 2127 0
939 2385 965 1051 0
1245 1401 1268 2391 0
2267 1053 1063 1015 0
2267 1053 1015 999 0
2267 1063 1053 2296 0
612 591 2267 827 0
2389 1252 1344 1247 0
2016 2011 1984 2013 0
2392 371 220 208 0
2392 161 253 208 0
2131 1675 1503 1581 0
2131 2081 2132 1713 0
2083 1696 1735 1713 0
2081 1503 2131 2132 0
2131 1675 2132 1503 0
1675 1609 2381 1593 0
1464 1630 1568 1590 0
1464 1568 1630 1598 0
540 2382 609 498 0
609 2382 604 498 0
744 725 2076 2193 0
1397 2037 2255 1453 0
1361 1331 1356 1375 0
61 33 46 50 0
48 50 33 77 0
50 33 77 61 0
2093 1607 2094 1703 0
2092 1607 1638 2077 0
2092 1684 1607 2077 0
1661 1896 1697 1729 0
2178 2161 1557 2179 0
2092 1638 1607 1703 0
2085 1886 1917 1764 0
1586 1575 1430 1592 0
31 2 11 1 0
31 11 52 1 0
31 9 2 1 0
2440 347 239 262 0
134 130 168 2440 0
1712 1837 2045 1910 0
2090 2087 2049 605 0
2087 631 636 2047 0
2089 2090 700 636 0
2087 2049 2089 2090 0
2087 2089 2049 2086 0
636 2086 2089 2087 0
636 2089 2090 2087 0
2087 2090 636 631 0
2086 2049 2087 2126 0
638 2142 767 2141 0
2148 636 638 2142 0
2455 2288 891 664 0
643 621 638 2162 0
700 605 474 2029 0
2066 605 2064 2047 0
653 2064 2142 767 0
700 2090 2089 605 0
1042 945 958 1048 0
958 1011 1042 2456 0
1423 1412 1527 2390 0
1423 1412 2390 1288 0
1567 1642 1603 1660 0
1567 1495 1603 1553 0
1567 1553 1603 1642 0
2385 1044 910 2173 0
926 965 910 2385 0
82 73 2467 78 0
73 104 2467 78 0
91 82 2467 86 0
86 82 2467 78 0
98 62 71 87 0
277 332 379 286 0
277 281 332 209 0
43 33 26 77 0
126 136 62 77 0
126 26 62 87 0
795 798 797 907 0
795 797 915 907 0
1522 2383 1781 2266 0
2091 1522 2056 1278 0
2091 2266 2056 1522 0
1089 2042 1159 1149 0
1089 2042 1122 1159 0
1493 1262 1251 2320 0
1493 1500 2320 1778 0
1774 2320 1778 1493 0
73 2467 104 147 0
605 2140 315 441 0
1808 1701 1738 1644 0
1808 1644 1738 1859 0
1808 1738 1701 1821 0
770 725 982 994 0
770 994 982 975 0
770 725 994 856 0
2076 982 725 744 0
2229 2303 2188 2219 0
887 935 824 2130 0
1722 1750 1681 1725 0
1799 1750 1725 1815 0
1681 1722 1601 1643 0
2092 1764 1684 2077 0
1607 1703 2093 2092 0
1607 2093 1684 2092 0
2093 2092 1764 1684 0
2093 1764 2085 1684 0
2078 2059 1712 1684 0
1917 2085 1729 1886 0
1684 2085 1729 1917 0
2177 1697 1729 1661 0
2109 2112 2054 2114 0
653 2057 2112 2114 0
2095 2057 2115 813 0
2109 653 2112 2114 0
2114 2115 2095 2057 0
2116 889 767 666 0
620 653 2046 2058 0
2054 2114 653 2109 0
2110 813 2111 889 0
813 2095 2057 653 0
717 2110 906 813 0
2115 717 813 2110 0
2115 2110 813 2111 0
813 744 2074 652 0
717 2074 813 744 0
889 2113 767 813 0
2116 2113 767 889 0
2113 2111 813 889 0
1472 1538 1588 1731 0
1857 1871 1814 1892 0
2416 1814 1771 1892 0
1857 1814 2416 1892 0
2416 2450 1771 1489 0
1100 1206 1426 1404 0
1100 1103 2274 1404 0
1872 1835 2416 1881 0
2392 283 2467 362 0
2392 283 349 282 0
1835 1817 2451 1775 0
1814 1608 2416 1771 0
73 104 109 147 0
70 104 109 73 0
70 109 104 79 0
816 2130 887 824 0
2170 2235 2326 2338 0
2329 1055 974 935 0
1352 1392 2211 1375 0
1222 2285 1225 1119 0
2099 2098 2069 2096 0
2096 2069 2099 2068 0
993 1006 1121 1143 0
1406 2211 2285 1352 0
1225 2285 1222 1352 0
1320 1222 1375 1352 0
1320 1375 1361 1300 0
1320 1375 1222 1213 0
2068 1367 2285 2069 0
2096 2050 2069 2285 0
1320 1361 1375 1213 0
851 785 2259 2373 0
1836 1644 2379 1808 0
1836 1859 1644 1808 0
73 70 104 75 0
78 75 73 104 0
1938 1973 1926 1931 0
1938 1996 1973 1939 0
1938 1973 1931 1939 0
1938 2007 1996 1939 0
95 102 124 118 0
163 230 262 118 0
1316 1285 1306 1437 0
1315 1285 1174 1182 0
1316 1285 1182 1306 0
1316 1182 1285 1315 0
1731 1472 1645 1520 0
1731 1588 1472 1520 0
1731 1716 1472 1545 0
445 483 397 433 0
2350 2347 2041 2342 0
2186 2183 2036 2259 0
2181 2186 2270 2259 0
2270 2186 2036 2259 0
2102 2104 1687 2103 0
2102 1732 2104 2103 0
1670 1687 2102 1759 0
2103 1687 2102 1670 0
1732 2103 1620 1879 0
1620 2103 1687 1879 0
1473 1367 1357 2050 0
1279 1326 1338 2329 0
1577 2241 2351 1632 0
1577 2036 2351 2241 0
1577 2294 2036 2209 0
738 2169 860 832 0
2169 2274 2233 2210 0
2169 2274 2185 2233 0
1882 1889 1650 1776 0
1897 1856 1771 1650 0
1199 1120 1118 1204 0
1199 1112 1118 1120 0
309 407 388 167 0
230 146 262 118 0
163 262 130 118 0
130 124 102 118 0
118 146 262 239 0
2206 2202 2106 2203 0
686 2029 469 601 0
686 2107 2308 2029 0
725 2076 770 982 0
2029 2061 2107 2108 0
1668 1441 1655 1671 0
887 909 2456 804 0
816 2456 804 887 0
2 40 4 15 0
2 9 40 15 0
52 11 40 60 0
2 40 31 11 0
31 11 40 52 0
2 40 9 31 0
857 633 2032 883 0
2192 2255 2037 2166 0
857 2252 741 2100 0
633 2252 468 580 0
633 741 2252 580 0
633 2252 2032 386 0
1590 1611 2043 1676 0
2192 2357 2255 2156 0
527 2144 785 2325 0
1590 2043 1630 1676 0
1590 1630 2043 1464 0
1089 2100 2237 1060 0
883 2237 1089 1149 0
684 899 820 898 0
2191 766 659 658 0
409 659 2172 470 0
470 395 409 394 0
2172 413 409 470 0
470 413 409 395 0
659 409 562 394 0
2172 489 413 470 0
659 409 394 470 0
470 630 2191 658 0
659 470 394 2191 0
725 707 2308 2150 0
1176 2338 2329 1260 0
2147 1394 1326 1378 0
2326 2040 2397 2338 0
2130 935 2329 887 0
652 2207 2204 639 0
2111 2115 2057 813 0
2113 665 2112 2111 0
653 2112 2057 2111 0
2109 2116 2113 653 0
2113 653 767 813 0
2336 2303 2358 2377 0
2456 2329 2187 1096 0
887 2329 2456 1042 0
2130 2329 2456 887 0
2112 2057 2111 2115 0
653 2113 2109 2112 0
653 2111 2113 2112 0
665 2113 2112 2109 0
2113 653 813 2111 0
653 813 2111 2057 0
2109 2054 2112 665 0
2184 2037 2256 2249 0
2142 2140 653 441 0
2052 2054 653 569 0
2052 653 2114 2095 0
653 2054 2052 2114 0
653 2116 665 2109 0
665 2116 2113 2109 0
653 665 569 2109 0
2325 2156 2144 785 0
1376 1503 1367 1593 0
1376 1503 1581 2152 0
1593 1503 2381 1675 0
248 407 360 374 0
2120 2150 2151 2153 0
1403 1346 1468 1407 0
1403 1455 1346 1449 0
856 2121 725 2308 0
2150 707 2118 725 0
816 2130 824 2188 0
856 784 994 770 0
2377 2303 2382 2336 0
784 642 2120 2301 0
770 856 784 2121 0
2121 770 856 725 0
1036 1027 1010 920 0
1036 1027 1037 1093 0
1036 1085 1027 1093 0
1776 1650 1897 1889 0
2252 633 2032 857 0
633 2252 386 468 0
857 2053 2252 2100 0
1981 1916 1927 2010 0
1981 2011 2010 1927 0
1981 2011 2012 2010 0
1981 1984 2011 1927 0
1874 1882 2450 1836 0
1851 1874 2450 1836 0
2379 2391 2041 2369 0
2391 1532 1416 2379 0
696 557 680 719 0
696 557 578 554 0
696 680 557 554 0
2419 1123 2143 876 0
2123 1684 2124 1880 0
2264 2037 2255 2166 0
1123 2209 2419 2143 0
2123 2124 1684 1713 0
2125 1684 2055 1581 0
2125 2123 1684 1581 0
2123 1593 1675 1581 0
1675 1581 2122 2123 0
2133 1675 2131 1581 0
2133 2122 1675 1581 0
2131 2082 1696 1503 0
2133 1696 2122 1581 0
2133 2131 1696 1581 0
2131 1696 2083 1713 0
2055 1581 1684 2059 0
2055 1684 1880 1712 0
2055 1684 1712 2059 0
2131 2082 1503 2081 0
2131 2083 2081 1713 0
2142 2048 2047 636 0
2048 2064 2142 2047 0
2162 2243 891 2184 0
2234 2256 2038 2171 0
638 767 700 2162 0
2162 2184 2152 2243 0
43 48 33 77 0
62 26 77 43 0
62 77 26 126 0
26 33 126 77 0
567 492 646 584 0
567 492 625 646 0
567 492 611 625 0
2247 2286 2041 2379 0
214 2163 174 240 0
240 2163 174 190 0
593 2382 540 493 0
609 697 2382 676 0
568 687 2382 564 0
2173 771 980 993 0
1006 852 910 2173 0
1006 993 852 2173 0
857 2252 633 741 0
1412 2043 1509 2368 0
1412 2043 1399 1486 0
1412 2390 2043 2368 0
1412 2043 1486 1509 0
1412 2043 1288 1272 0
2288 891 663 2166 0
1423 1303 1288 2390 0
1412 2390 1288 2043 0
2392 129 282 161 0
2127 1467 2378 1636 0
2378 1467 2127 2209 0
2378 1390 2127 1636 0
2451 1835 1793 1806 0
2451 1793 1835 1775 0
1817 1835 2451 2416 0
581 568 2382 426 0
581 2382 568 694 0
2382 694 581 702 0
1076 2205 2157 1116 0
2071 2035 2185 2257 0
2250 2035 2071 2257 0
2082 2131 2083 2081 0
2082 1735 2083 1696 0
2082 2083 2131 1696 0
310 147 2440 239 0
1620 1582 1557 2444 0
1620 2444 1557 1697 0
155 388 123 167 0
155 388 289 279 0
155 388 111 123 0
279 369 388 289 0
94 101 125 110 0
1927 2011 1953 2013 0
1927 2013 1953 1930 0
1927 1953 2011 2010 0
1927 1919 1953 1916 0
549 483 445 433 0
597 483 433 496 0
433 483 597 549 0
1657 2381 2344 1728 0
2456 909 887 958 0
808 778 848 874 0
808 874 863 805 0
808 863 848 849 0
2330 2233 505 2210 0
2330 505 2233 627 0
778 695 874 764 0
764 2024 805 740 0
738 2181 2169 832 0
597 544 2394 424 0
2394 544 537 424 0
684 867 898 820 0
2358 332 347 262 0
1193 1093 1191 1105 0
1193 1106 1093 1105 0
1191 1093 1085 1105 0
1191 1182 1093 1193 0
1191 1085 1093 1182 0
2133 2122 1696 1713 0
2133 1696 2131 1713 0
2081 2381 1692 1503 0
2081 1503 2132 2381 0
2132 2381 1675 1685 0
1593 1367 1609 2381 0
2122 2123 1696 1713 0
2122 1696 2123 1581 0
2081 2381 1685 1692 0
941 2170 1029 1028 0
2132 1685 2081 2381 0
824 2170 935 2217 0
824 2170 2130 935 0
2381 1675 1685 1609 0
824 2130 2170 2188 0
1981 2008 2012 2009 0
1981 1975 2044 2008 0
2012 2008 1981 2010 0
1981 2009 1975 2008 0
1981 2008 2044 2010 0
1426 1710 2406 1438 0
1426 1438 1206 1100 0
2277 917 2173 966 0
966 2173 1141 917 0
2162 2171 917 2243 0
2350 2290 2041 2187 0
2249 2037 1453 2264 0
1449 1277 1322 1346 0
1449 1322 1277 1276 0
1449 1277 1346 1380 0
1449 1322 1276 1555 0
1096 1113 2329 1198 0
1096 1198 2329 1187 0
1011 2456 1013 1092 0
1524 1568 1464 1598 0
1464 1630 2043 2222 0
2467 283 201 362 0
2467 310 298 104 0
919 918 1027 915 0
919 1037 1027 1035 0
919 1027 918 1035 0
915 1027 920 1010 0
919 1027 920 915 0
1031 1114 2366 1061 0
2366 1167 1080 1078 0
2366 1163 1074 1161 0
1135 966 2173 1141 0
771 980 2277 2173 0
852 2173 2277 869 0
1119 2173 1006 1044 0
2384 2035 2386 2263 0
1832 2384 1800 2386 0
2440 262 239 130 0
2440 347 262 2358 0
282 253 161 226 0
2403 2311 666 2164 0
190 170 2163 174 0
2198 1801 1805 1829 0
2158 627 681 2185 0
2198 1805 1782 2471 0
827 2267 2175 1109 0
2198 1805 2471 2400 0
612 681 2175 2158 0
2198 1805 2400 1829 0
2241 2257 2205 2036 0
2250 2261 2028 2035 0
669 795 797 792 0
668 797 669 679 0
668 793 797 670 0
668 797 793 792 0
668 670 797 679 0
679 798 797 669 0
1292 1185 1184 2039 0
2311 2403 2176 2164 0
2192 2037 2357 2214 0
2156 2176 655 2192 0
1260 2147 2329 1326 0
1150 2342 1132 1205 0
1803 1853 1870 1673 0
1665 1868 1678 1803 0
1803 1870 1868 1678 0
1803 1870 1678 1673 0
2289 2384 2261 2250 0
2289 1800 2261 2384 0
2140 605 653 441 0
2321 2181 738 785 0
738 2181 627 2169 0
785 2181 851 2259 0
2047 636 2148 2142 0
2148 2140 2047 2142 0
2142 2140 2047 2064 0
2148 2087 2086 636 0
2222 2043 2242 1630 0
1598 2242 2305 1667 0
2126 2087 2148 2047 0
2126 2148 2087 2086 0
767 2311 638 2046 0
2064 2140 2047 605 0
2142 653 2141 441 0
2142 653 2140 2064 0
2140 2047 605 2126 0
616 2205 2143 835 0
2148 2047 2087 636 0
2166 1123 2246 876 0
2047 2126 2140 2148 0
315 2449 2372 441 0
2196 2046 620 653 0
620 2349 653 665 0
569 653 2109 2054 0
663 2166 891 876 0
2143 1123 2166 876 0
1123 2166 2264 2143 0
2148 636 2086 638 0
2186 2257 2185 2270 0
2196 767 2046 653 0
2205 2185 2186 2257 0
2233 2158 2185 627 0
2186 2259 2181 785 0
2186 2183 2259 785 0
832 2181 2169 1086 0
1184 2039 1185 1094 0
1094 2039 1092 2310 0
1011 1096 2456 1092 0
1366 1403 1346 1380 0
1311 1380 1346 1277 0
2308 2119 707 623 0
816 824 727 2188 0
816 2188 727 711 0
2150 2119 2118 707 0
707 2150 2119 2308 0
856 678 784 2301 0
140 170 2163 164 0
140 2163 170 152 0
152 2163 170 174 0
973 2190 991 877 0
629 2120 2151 2153 0
2329 2187 2130 2456 0
1187 2039 1290 2187 0
1187 1092 2187 1096 0
2456 2229 711 702 0
816 711 804 2456 0
816 2130 2188 2456 0
2188 2456 2229 711 0
816 2456 2188 711 0
2150 2121 2308 725 0
770 2121 2153 725 0
575 2323 2192 621 0
575 2192 2363 621 0
2121 2120 2150 2308 0
2308 2120 784 2121 0
2151 2120 2308 2150 0
2120 2153 2121 2150 0
2121 725 2150 2153 0
935 2329 1055 1029 0
935 2170 1029 941 0
1029 2170 935 2329 0
588 2308 2029 686 0
2171 2243 2162 2152 0
623 2119 2151 2308 0
2120 2301 2151 2308 0
2119 2150 2151 2308 0
1879 1620 1732 2155 0
2155 1732 1909 1896 0
1697 1879 2155 1620 0
2042 1496 2222 1583 0
1620 1697 1879 2444 0
2177 1697 2178 1729 0
2103 1879 1732 2104 0
2177 1557 1697 2129 0
2177 1689 1557 2129 0
1663 1683 2375 2040 0
1171 2347 1069 1156 0
1582 1670 2444 1620 0
642 678 692 2301 0
610 2277 583 2168 0
2234 2334 2038 2256 0
2311 889 767 2197 0
638 767 2162 2311 0
2033 2356 2304 2253 0
1250 1558 1430 2040 0
2117 1135 2173 1141 0
2117 2134 2173 2285 0
1875 1814 1894 1861 0
1875 1814 1861 1825 0
1875 1871 1814 1825 0
595 641 634 700 0
595 577 641 2301 0
240 2199 2163 190 0
2304 2199 2163 240 0
2159 2444 1646 1299 0
140 2163 2200 164 0
140 156 164 2200 0
137 2200 156 140 0
2160 1721 2381 2471 0
2381 1609 1685 1728 0
575 2192 655 2363 0
296 378 258 252 0
1689 1557 2178 2177 0
2178 1697 2177 1557 0
2084 1607 2094 1684 0
2084 1607 1689 1703 0
2084 2094 1607 1703 0
2175 2233 2185 2035 0
2175 2233 2035 2028 0
438 2271 581 467 0
593 493 563 2336 0
2192 2357 2037 2255 0
2259 2373 2460 1084 0
1397 2255 2037 2357 0
2259 2460 2201 1084 0
1378 1394 1447 2147 0
1447 1469 2273 1394 0
652 384 2052 653 0
653 652 384 608 0
2311 2165 2164 2363 0
2419 2143 835 876 0
1123 2419 2209 1116 0
2382 702 2456 801 0
711 603 2188 727 0
727 2188 619 603 0
2164 862 2176 655 0
2264 2255 2037 1453 0
2127 2378 2209 1390 0
2079 1123 2209 1116 0
473 526 492 453 0
629 583 2301 642 0
711 2229 590 702 0
711 2229 2188 603 0
2210 2281 2233 505 0
642 2301 2168 583 0
642 2301 692 2168 0
2190 829 973 1065 0
1290 2329 2187 1326 0
2285 2134 2211 2381 0
1140 1222 2285 2385 0
2173 2385 1140 2285 0
2173 2134 2211 2285 0
926 2385 2173 2244 0
801 909 804 2456 0
2271 2456 702 2229 0
1528 1645 1398 1439 0
1627 1398 1528 1645 0
1627 1528 2374 1614 0
1464 2043 1486 1399 0
1255 2043 1399 1272 0
1486 1590 2043 1464 0
593 540 2382 609 0
593 2382 493 2336 0
564 417 2382 426 0
493 2382 426 2336 0
1353 1687 1589 1759 0
1589 1687 1670 1759 0
801 2456 804 702 0
2159 1353 2444 1299 0
2327 2038 2344 2341 0
272 281 238 300 0
272 281 300 328 0
272 281 328 277 0
272 281 198 238 0
272 268 300 238 0
2467 125 129 101 0
112 2392 129 2467 0
2390 1317 1284 1431 0
2390 1243 1210 1284 0
2390 1243 1180 1210 0
1817 2450 1849 1872 0
1817 1835 2416 1872 0
137 2200 141 156 0
141 156 2200 165 0
621 2214 2162 2323 0
2192 2323 2214 621 0
621 2311 2162 2214 0
658 2172 684 867 0
2192 2214 2176 621 0
2172 659 671 898 0
684 427 413 489 0
684 409 413 420 0
684 413 427 420 0
684 409 420 671 0
409 2172 671 684 0
409 413 2172 684 0
2172 671 659 409 0
2152 2038 1503 1557 0
659 409 671 586 0
700 917 2162 2171 0
2117 2173 2171 1141 0
2117 2171 2134 2152 0
1409 1400 1349 1476 0
1476 1349 1465 1400 0
1409 1349 1325 1250 0
2169 1103 2210 860 0
1806 1814 1769 2416 0
1806 1819 1769 1814 0
1806 2416 1769 2451 0
1726 2446 1769 1740 0
254 249 206 346 0
254 206 204 346 0
597 433 549 544 0
829 1065 2190 1001 0
1001 2297 2190 829 0
1424 1524 1443 2222 0
1616 1585 1631 2040 0
1707 2305 1733 2247 0
1707 1667 2242 1745 0
2358 347 396 479 0
152 2163 174 157 0
2336 396 503 479 0
2358 396 347 332 0
686 2061 2107 2029 0
2191 766 658 630 0
2172 470 659 658 0
2161 1607 1557 2180 0
2180 2161 1607 2084 0
777 1012 1049 2218 0
777 2218 847 1012 0
2178 1689 2179 1557 0
2128 2129 1697 1557 0
777 2218 1049 996 0
2177 1697 1661 2129 0
1697 1620 2129 2128 0
1013 1011 909 2456 0
1620 1697 2129 1661 0
2179 2161 2180 2178 0
2180 2161 1729 2178 0
1620 1697 1661 2155 0
1696 2161 1607 1557 0
2161 2084 1684 1607 0
1607 1581 1696 1557 0
1607 1684 1696 1581 0
1696 1729 2161 2178 0
2161 1729 1684 2084 0
2128 1557 1697 1620 0
2103 1879 2104 1687 0
1607 2161 1696 1684 0
1729 1696 2161 1684 0
1729 2084 2161 2180 0
848 863 886 849 0
849 758 808 786 0
778 808 764 874 0
2302 2238 2043 2190 0
1854 2045 1907 1764 0
1854 2045 1900 1913 0
1854 1907 2045 1913 0
1854 2045 1837 1920 0
2381 1685 1692 1721 0
1418 2374 1417 2452 0
1418 1515 1417 2374 0
608 2029 605 813 0
744 594 649 608 0
744 649 594 639 0
1808 1797 1716 2379 0
1452 1716 2379 1545 0
2440 97 88 91 0
147 310 2440 2467 0
1857 2416 1814 1806 0
2451 2416 1769 1435 0
2416 1835 1857 1881 0
772 894 815 846 0
1611 2043 2167 2368 0
1611 2451 2368 2167 0
110 201 104 2467 0
286 332 2358 209 0
209 2358 262 332 0
1619 1588 1731 1742 0
1619 1731 1545 1808 0
1619 1742 1731 1701 0
2449 315 210 441 0
2440 147 88 102 0
1142 1361 1338 2413 0
1142 1220 1338 1361 0
1142 1338 1134 2413 0
787 624 613 618 0
788 640 721 787 0
787 624 618 788 0
624 787 781 760 0
787 613 624 615 0
787 624 781 615 0
598 578 557 408 0
598 565 557 719 0
598 416 557 565 0
149 128 146 116 0
149 179 146 160 0
149 160 146 128 0
149 153 146 179 0
624 613 487 615 0
624 487 613 428 0
613 487 423 428 0
2207 2108 2204 639 0
725 2076 2193 770 0
744 2195 2106 725 0
725 744 2195 2193 0
2106 744 652 2195 0
744 2195 2072 652 0
2195 744 2072 2193 0
2203 2204 2106 2206 0
2194 652 2195 2051 0
2194 2072 652 2051 0
2392 371 208 253 0
874 808 863 848 0
921 848 874 912 0
848 863 912 886 0
848 912 863 874 0
282 349 2392 331 0
151 253 260 148 0
226 253 148 176 0
151 260 192 148 0
151 208 253 161 0
1892 1814 1847 1894 0
767 638 2196 2046 0
638 2311 2162 621 0
653 2196 767 2141 0
2196 2141 638 767 0
2141 767 653 2142 0
666 2135 2311 2046 0
889 2311 767 666 0
666 2164 2311 2165 0
25 11 52 32 0
2198 1782 1759 2344 0
1735 1908 2400 2471 0
1697 1503 1557 1696 0
1697 2400 1503 1696 0
2400 2471 1869 1805 0
102 113 2440 130 0
130 239 2440 124 0
124 147 239 2440 0
652 2106 601 2204 0
2204 652 2106 2207 0
744 2106 2202 725 0
2208 744 2202 725 0
2106 744 2202 2206 0
2202 744 2208 2206 0
2204 2106 2206 2207 0
2106 744 2206 2207 0
2106 744 2207 652 0
2106 601 2195 652 0
639 601 2204 652 0
639 652 594 601 0
2204 2108 601 639 0
725 2208 2308 707 0
2207 652 744 639 0
2206 2107 2207 744 0
2207 2107 2108 744 0
2208 2107 2206 744 0
2208 686 2308 707 0
2207 2108 639 744 0
1625 1575 1592 1430 0
1625 1267 1575 1430 0
1625 1575 1591 1617 0
1625 1575 1267 1591 0
2269 2219 2030 2387 0
2387 2313 2219 2030 0
2188 2354 2269 2219 0
305 2032 2220 257 0
617 734 2220 626 0
494 2220 501 617 0
400 2032 2220 353 0
400 2220 2032 501 0
353 2032 2220 305 0
2220 2053 2032 734 0
2040 2326 2221 2316 0
1669 2040 1606 2221 0
2326 2040 2221 2397 0
2040 2316 2221 2305 0
2237 1168 2222 1230 0
2042 1351 1230 2222 0
1082 1168 2222 2237 0
2042 1424 1351 2222 0
1496 2042 2222 1424 0
2222 1524 1598 1583 0
154 171 165 2230 0
2387 171 2230 165 0
154 2200 165 141 0
2408 991 1265 1232 0
2190 991 1232 973 0
2408 1147 1265 991 0
1222 2385 1375 2211 0
133 2225 157 143 0
2245 2253 2356 2309 0
133 119 2225 143 0
603 619 495 2188 0
482 495 2339 603 0
2365 2288 663 2166 0
590 2271 702 2229 0
1583 2254 2222 2042 0
1447 2258 1531 2397 0
1447 2273 1469 1572 0
1447 2258 1572 1531 0
1003 2227 1032 825 0
190 2199 2163 170 0
217 184 2199 190 0
257 288 2199 2220 0
901 991 2228 877 0
877 991 2228 2190 0
2188 2229 2339 603 0
603 590 2229 482 0
482 2339 2229 603 0
177 171 2230 194 0
154 165 2200 2230 0
2387 165 2230 2200 0
2387 171 194 2230 0
177 2230 171 154 0
2284 2233 2267 2281 0
2284 2267 2175 612 0
2158 2284 2175 612 0
2029 2308 2301 2234 0
605 813 2029 2234 0
605 2029 700 2234 0
2303 2031 2236 2314 0
2297 2253 2101 2031 0
2377 2236 2303 2031 0
2101 2236 2031 2314 0
2032 2053 857 2237 0
883 2032 857 2237 0
2053 2237 2100 857 0
2033 2238 2297 2315 0
2033 2278 943 2238 0
2033 2315 2278 2238 0
2033 943 2291 2238 0
2297 2291 2238 2033 0
1076 2241 2205 1116 0
1083 1029 2170 1028 0
1088 2170 1083 1029 0
2387 194 241 2230 0
218 177 2230 241 0
1598 2242 1667 1630 0
1630 2242 1676 2043 0
241 2230 194 177 0
889 2176 1102 2197 0
2311 889 2197 2176 0
2197 2176 1102 2357 0
1215 2383 1266 2231 0
2282 1850 2320 2280 0
2280 1850 2320 1778 0
2267 1109 827 1111 0
2267 1015 1063 1104 0
591 2267 819 556 0
2267 1109 2028 2175 0
2210 1009 1104 2281 0
1009 2210 1099 812 0
2281 1063 1009 1104 0
2281 1063 2272 1009 0
911 869 2244 977 0
2301 869 2173 2244 0
2301 869 2244 911 0
926 869 977 2244 0
926 2244 2173 869 0
1290 2187 1417 1411 0
1326 2147 2187 1411 0
410 2245 362 2392 0
362 2225 2392 2245 0
133 2276 157 2225 0
157 2276 152 2163 0
1733 1788 2247 1741 0
2242 1788 1707 1745 0
1707 2247 1788 2242 0
2305 1741 1733 2247 0
2250 1076 2362 1327 0
1076 2241 2071 2205 0
2028 1109 2261 2250 0
2250 1076 1327 2241 0
1076 2250 2071 2241 0
2190 1232 1210 973 0
2190 1065 973 1210 0
2152 2249 1607 2215 0
2184 1133 2275 2249 0
2184 2249 2152 1133 0
877 2228 2297 2190 0
973 861 2190 877 0
2250 1405 1327 2362 0
1539 1327 2250 1405 0
140 2276 2163 152 0
152 2276 157 133 0
120 2276 140 152 0
120 2276 152 133 0
495 482 2339 382 0
603 2188 495 2339 0
1497 1755 2251 2402 0
2383 2251 1848 2266 0
2402 2251 1843 1755 0
2253 2075 2031 2163 0
2431 2031 2225 2253 0
2276 2031 2253 2225 0
2101 2031 2253 2314 0
2254 2316 2040 2305 0
2305 2317 2247 2242 0
2391 2347 2408 2041 0
2286 2317 2408 2242 0
2209 2036 2255 2294 0
2333 2036 2255 2201 0
2333 2255 2036 2294 0
2037 2357 2256 1470 0
2328 1470 2037 2256 0
2197 2357 2256 2037 0
2162 2256 2037 2197 0
2249 2037 2256 2328 0
702 581 2382 2271 0
702 2382 2456 2271 0
426 2271 2382 581 0
438 581 2271 426 0
2185 2257 2035 2274 0
2035 2274 2257 2352 0
2352 2257 2384 1632 0
1632 2384 2250 2257 0
2187 1515 2374 1417 0
700 2301 2171 2234 0
605 700 767 2234 0
700 2234 2162 767 0
700 2162 2234 2171 0
2456 2187 2310 1092 0
1606 2258 2397 1531 0
1606 1531 1572 2258 0
1606 1572 1634 2258 0
2147 2258 1447 2397 0
2273 2258 1572 1447 0
2385 1125 2341 2244 0
926 2385 2244 977 0
2173 2211 2244 2385 0
2261 1436 2260 1717 0
1694 2261 1717 1436 0
1800 1694 2261 1717 0
2183 2259 785 2144 0
2181 2259 1084 851 0
2144 2156 2259 785 0
2164 2363 2176 2311 0
889 862 2176 2403 0
2192 2176 2363 621 0
119 133 2225 107 0
1178 1211 2260 1155 0
2261 1155 2260 1211 0
2261 1405 1111 1436 0
1694 1405 2261 1436 0
482 2229 467 590 0
482 2283 382 370 0
482 370 467 2283 0
482 2339 382 2283 0
967 2262 2345 1002 0
1097 2100 1122 961 0
1122 961 2100 972 0
2134 2173 2211 2171 0
2229 2271 467 590 0
1539 2241 2250 1327 0
2188 2130 2170 2326 0
2184 2249 2275 2264 0
2166 2264 2184 2275 0
1123 2264 2209 2143 0
2249 2264 1453 2346 0
2346 2294 2264 1453 0
2367 1783 2266 1535 0
1227 1535 2266 1309 0
2367 2266 1783 1843 0
2091 1227 2266 1309 0
2367 2251 2266 1843 0
2029 2301 700 2234 0
591 2267 556 2281 0
2324 2427 2262 1020 0
2324 1020 983 2427 0
1741 1794 1788 2247 0
1789 2247 1794 1741 0
1734 2305 2247 1741 0
941 935 2217 830 0
830 2217 735 824 0
727 735 2188 824 0
2279 1053 2267 999 0
2279 2267 1053 2296 0
1032 2227 2310 825 0
941 2170 2217 935 0
824 2170 2217 2188 0
901 1147 2228 991 0
2408 1147 991 2228 0
164 2199 184 170 0
164 2163 2199 170 0
190 2199 170 184 0
382 2269 339 323 0
495 2339 2269 382 0
392 2269 339 382 0
495 2269 392 382 0
382 2339 2269 323 0
2188 2269 495 2339 0
2190 2408 1232 991 0
2169 2270 2274 1086 0
2274 1086 2270 1354 0
2181 2270 1086 1084 0
2181 2270 2169 1086 0
1669 1704 2258 1606 0
1669 2221 1606 2258 0
1606 1704 2258 1634 0
1133 2249 2152 1381 0
438 2271 467 361 0
361 370 2271 467 0
861 2190 2297 829 0
973 829 2190 861 0
199 217 2199 232 0
199 2199 217 184 0
217 2199 232 257 0
477 546 2272 440 0
2355 1031 2235 2366 0
1736 2242 1667 1745 0
2305 1667 2242 1707 0
2329 1326 2147 2187 0
1411 1394 2273 1469 0
1491 1411 2273 1469 0
2147 1411 1394 2273 0
2147 1411 2273 2187 0
2296 1053 2272 1063 0
585 546 2272 477 0
585 477 2272 607 0
2281 1063 2296 2272 0
2169 1103 1086 2274 0
2169 1103 2274 2210 0
2262 2324 1020 2312 0
2262 2348 454 2027 0
2305 1682 1667 1707 0
2305 1629 1667 1682 0
2225 133 120 107 0
120 2276 133 2225 0
140 2163 2276 2200 0
137 2276 2200 140 0
114 140 2276 137 0
120 140 2276 114 0
616 823 2205 835 0
2301 2277 869 759 0
700 2277 723 917 0
700 917 2171 2277 0
2301 869 2277 2173 0
901 1012 2228 1147 0
946 1033 1038 2278 0
477 2296 556 440 0
440 2296 556 551 0
556 2267 2296 2281 0
2280 1195 2396 1262 0
2280 1522 1278 2383 0
2280 1781 2383 1848 0
1683 2305 2375 2040 0
1734 1789 1741 2247 0
1709 2247 1789 1734 0
1176 2170 2329 2338 0
1080 1083 1167 2170 0
2170 1176 2329 1088 0
2147 2329 2338 1260 0
1669 2258 1709 2221 0
1709 2258 1704 1752 0
1417 1491 1411 2187 0
1491 1614 2187 1515 0
1266 2282 1754 1490 0
2383 2282 2280 1848 0
2383 1754 2282 1848 0
2280 2282 2231 1195 0
339 2269 270 323 0
270 323 2269 2230 0
382 2283 2339 323 0
382 2283 323 370 0
2229 2283 482 467 0
2229 2339 482 2283 0
2221 2258 1709 2247 0
1709 1789 2247 1752 0
2258 2247 1752 1709 0
1119 1140 1222 2285 0
1143 2068 1225 2099 0
2068 1367 1135 2285 0
1119 2285 2173 1140 0
2385 2285 2211 1222 0
2173 2285 2211 2385 0
1736 1796 1775 2286 0
1817 1796 2286 1775 0
2416 2286 2451 1817 0
2451 2286 1775 1817 0
541 446 2272 440 0
541 2272 546 440 0
2296 2272 1053 2027 0
199 2199 2252 232 0
199 2252 2454 480 0
2260 1770 1858 1863 0
2263 2260 1863 1832 0
2261 1405 2250 1109 0
1405 2261 1111 1109 0
2261 1111 1211 1436 0
1694 2250 2261 1405 0
114 103 2287 107 0
114 2287 120 107 0
2225 120 2287 107 0
2225 2467 2431 362 0
120 2287 2276 2225 0
853 2175 681 823 0
1076 823 2205 2175 0
2365 664 663 2288 0
643 621 2288 664 0
904 909 801 2456 0
825 2382 2310 866 0
825 2382 779 739 0
825 779 2382 866 0
825 2382 739 2377 0
218 241 2230 270 0
241 291 2230 270 0
270 2230 2269 291 0
2283 370 467 2271 0
1058 1032 2290 2310 0
1108 2290 1058 1032 0
1108 1058 2290 1062 0
2281 2267 1063 1104 0
2210 1104 2233 2281 0
802 829 2297 1001 0
2291 1001 989 802 0
989 2291 2302 1001 0
943 1041 2395 1040 0
2399 2201 1253 1081 0
2408 1435 1265 1147 0
2228 1012 2347 1069 0
2281 2296 477 2272 0
1381 1133 2249 2232 0
2187 1417 2039 1290 0
2187 2273 1491 1411 0
1491 2187 2379 2273 0
2289 2261 1694 2250 0
2289 1800 1694 2261 0
299 2271 361 311 0
2105 2294 1577 2445 0
2105 1397 2255 1453 0
1577 2378 2294 2209 0
2105 2255 2294 1453 0
989 2395 2291 937 0
2291 776 802 989 0
551 446 2296 547 0
440 446 2296 551 0
137 2295 141 2200 0
137 2295 2200 2276 0
114 2276 2295 137 0
121 2295 137 114 0
121 137 2295 141 0
556 2296 2267 551 0
2279 2267 2296 551 0
477 2296 440 2272 0
541 2272 446 539 0
2261 1155 1211 1104 0
961 2100 972 741 0
741 2100 2252 2034 0
861 829 2297 410 0
2310 1013 904 2456 0
904 2456 1013 909 0
700 2455 917 723 0
643 2162 2288 621 0
2288 2323 621 2162 0
1007 2244 856 2308 0
1056 2244 977 911 0
1056 1007 2244 911 0
727 735 619 2188 0
735 628 619 2188 0
2188 619 2354 628 0
2267 2281 1063 2296 0
1737 2429 1512 2300 0
612 853 827 2175 0
1109 2028 1111 2267 0
1736 1745 1796 2242 0
1736 2286 2242 1796 0
1736 2286 1676 2242 0
595 2301 641 700 0
700 2277 2301 641 0
700 2301 2277 2171 0
410 2392 331 606 0
606 371 2309 2392 0
2392 2343 220 371 0
410 2392 606 2309 0
311 323 2283 370 0
2230 323 2283 2322 0
901 2218 1012 847 0
847 2377 901 2218 0
901 2218 2228 1012 0
2312 2279 999 1053 0
456 2296 446 547 0
2296 1053 2279 2312 0
172 169 2199 164 0
164 172 184 2199 0
164 2163 2387 2199 0
164 2387 2200 156 0
164 2200 2387 2163 0
114 2276 120 2287 0
2071 2257 2185 2205 0
2241 2257 2071 2205 0
2250 2257 2071 2241 0
1178 2260 1237 1188 0
1178 1237 2260 1211 0
1480 1760 2263 1758 0
2331 1855 1758 2263 0
2406 1760 1753 2263 0
824 2217 735 2188 0
735 743 2217 833 0
830 735 2217 833 0
977 2244 1056 2385 0
1156 1435 2408 1147 0
2408 2391 1359 1245 0
2408 2286 1435 1359 0
2408 1435 2446 1265 0
1404 2352 1563 1354 0
1404 2352 1354 2274 0
2352 2274 2404 1354 0
1563 2352 2404 1354 0
1001 2302 1065 2190 0
1003 996 2227 825 0
825 2227 2377 996 0
103 114 2287 108 0
2467 2431 298 310 0
2188 2130 2062 2303 0
2229 2456 2188 2303 0
2188 2456 2130 2303 0
2212 2236 2062 2303 0
2290 2212 2187 2310 0
527 2183 616 2332 0
1796 1823 2242 1745 0
2242 1745 1823 1788 0
2286 2247 2242 1823 0
2305 2242 2247 1707 0
2304 2220 2075 2199 0
288 2199 2304 240 0
288 266 240 2304 0
2304 266 240 214 0
2304 2075 2163 2199 0
2304 2163 214 240 0
2345 2262 753 525 0
2310 904 2382 2456 0
2382 2456 904 801 0
2320 1484 1773 2260 0
2320 1855 2260 1773 0
182 2199 184 172 0
2144 2143 2255 2166 0
2192 2144 2255 2166 0
2143 2264 2255 2166 0
1485 2307 1312 1354 0
1485 1563 2307 1354 0
2404 2270 2307 1354 0
1563 2404 2307 1354 0
1312 2307 2270 1354 0
2188 2229 2219 2339 0
551 547 2296 2279 0
440 2272 2296 446 0
906 1102 2334 2197 0
2162 2234 2197 767 0
2029 2234 813 2308 0
1577 2241 2353 1467 0
1577 2353 2241 1632 0
371 2392 2343 2309 0
410 2309 2245 2392 0
2297 2245 410 2309 0
371 566 606 2309 0
802 2309 410 606 0
802 2297 829 410 0
2456 1092 2310 1013 0
154 141 121 2295 0
154 2295 2200 141 0
121 154 2295 135 0
2147 2273 1394 1447 0
1596 2273 1572 1469 0
1596 2273 1469 1491 0
666 2135 2165 2311 0
2162 2311 767 2197 0
2162 2311 2197 2214 0
621 2176 2311 2214 0
621 2311 2176 2363 0
2027 454 2312 457 0
775 992 2312 547 0
2313 2314 2062 307 0
2075 307 2314 2313 0
2316 2313 2062 307 0
2100 2313 2316 307 0
2075 2313 2053 307 0
2053 307 2313 2100 0
2062 2314 2317 307 0
307 2314 2317 2101 0
2315 307 2314 2075 0
2315 2101 2314 307 0
2315 2075 2053 307 0
2315 307 2053 2319 0
2053 307 2100 2318 0
2053 2319 307 2318 0
2315 2319 2101 307 0
2316 2062 2317 307 0
2318 2100 2316 307 0
307 2101 2317 2319 0
1737 2425 2462 2300 0
2300 1749 1511 2415 0
547 999 992 2312 0
2027 2312 456 457 0
547 2279 999 2312 0
456 2312 2296 547 0
1248 2282 2231 1266 0
311 2283 2271 370 0
2229 2271 2283 467 0
361 2271 370 311 0
1188 1251 1195 2320 0
769 983 2324 775 0
775 2324 992 983 0
2027 2262 2312 454 0
311 299 2322 236 0
299 2322 2271 311 0
627 527 2332 2321 0
2332 2186 627 2321 0
1097 1122 2100 2254 0
1122 2254 1097 1365 0
218 2230 2322 270 0
270 323 2230 2322 0
323 2283 2322 311 0
250 2322 311 323 0
250 218 2322 270 0
901 2297 2431 2097 0
1832 1743 2263 1710 0
1743 1753 2263 2406 0
2323 2214 2184 2166 0
2323 2166 2184 2288 0
2254 1629 2305 1682 0
2254 2375 1662 1682 0
1682 1615 1662 2254 0
2254 1682 2305 2375 0
2075 2387 2163 2199 0
2075 2387 2219 2163 0
1020 992 1039 2312 0
2324 2312 992 1020 0
2324 992 2312 775 0
2147 2338 2329 2170 0
1088 1169 1083 2170 0
1169 1167 2170 2338 0
1705 2305 1733 1682 0
1733 2305 1707 1682 0
2187 1614 1491 2379 0
2187 2379 2374 1614 0
1515 2374 1614 2187 0
1309 1535 2266 1522 0
1441 2254 1365 1097 0
2375 1626 1640 1672 0
1367 2285 2381 2134 0
1796 1817 2286 1849 0
1817 2450 2286 1849 0
739 676 2382 779 0
739 2336 676 660 0
739 2336 2382 676 0
2384 1800 2386 2060 0
2386 2352 2384 2060 0
2386 1832 1693 1800 0
2386 1693 1832 1710 0
2264 2255 2209 2143 0
1178 1244 2263 1188 0
1244 2331 1758 2263 0
1188 2331 1244 2263 0
617 734 712 2220 0
826 734 2220 712 0
826 712 2220 2278 0
387 2432 346 480 0
199 2199 184 182 0
769 2324 983 2427 0
154 2295 135 2230 0
154 2230 2200 2295 0
159 2230 177 154 0
159 135 2230 154 0
1032 2290 2310 2227 0
1032 1003 1150 2227 0
1271 2209 2241 1116 0
607 2210 821 860 0
738 2169 2330 860 0
2162 2184 891 2288 0
2162 2256 2152 2184 0
218 188 2322 159 0
250 2322 218 188 0
822 826 946 2278 0
822 2278 946 944 0
944 1038 2278 946 0
121 2287 114 108 0
135 122 2287 108 0
135 2287 121 108 0
2440 310 239 398 0
947 2237 1026 1033 0
946 2224 1033 2278 0
2303 2456 2271 2229 0
121 2295 114 2287 0
114 2295 2276 2287 0
2156 2189 862 2293 0
2351 2036 2257 2241 0
1632 2257 2241 2351 0
159 2322 218 2230 0
2210 1100 1103 2274 0
575 2325 655 2192 0
2192 2176 655 2363 0
2192 2325 655 2156 0
2366 1167 2170 1080 0
2254 1615 1640 1600 0
1640 2375 1662 2254 0
1188 1244 2331 1248 0
1248 2331 1757 1244 0
1244 1758 2331 1757 0
2170 2188 2326 2235 0
2182 2221 2326 2062 0
1108 2350 1164 1177 0
1108 1164 2290 1032 0
1108 1164 2350 2290 0
1108 2350 1177 2374 0
2374 2290 2350 2187 0
982 1124 2327 1131 0
906 2327 1131 982 0
982 994 2327 1124 0
2308 994 2327 982 0
2331 1852 1855 2320 0
1188 1251 2320 1237 0
1188 1237 2320 2260 0
2263 1855 2260 2331 0
1007 2327 994 1127 0
1007 994 2327 2308 0
1557 2328 1689 1607 0
2152 1607 2328 1557 0
1557 1470 2328 2256 0
2152 2328 2256 1557 0
2290 2342 2350 2041 0
2209 2205 2241 1116 0
2209 2241 1467 1271 0
2331 1855 2260 2320 0
2263 2260 1855 1858 0
1011 1042 2456 1096 0
311 2322 250 236 0
178 2322 236 188 0
250 2322 188 236 0
539 456 2027 2272 0
539 456 2272 446 0
2296 2272 2027 456 0
504 2354 619 628 0
504 619 2354 495 0
2188 619 495 2354 0
2356 185 143 175 0
157 2225 2356 143 0
2324 2427 769 534 0
1188 1195 1248 2331 0
2280 1781 1522 2383 0
2105 2333 2306 1485 0
2105 1397 2333 2255 0
1397 2333 2255 2201 0
2105 2255 2333 2294 0
2467 2431 362 298 0
362 2431 2225 2245 0
311 2283 2322 2271 0
2322 2271 2358 299 0
236 2358 299 2322 0
2357 1102 2334 1295 0
2411 1102 1295 2334 0
2197 1102 2334 2357 0
165 2387 169 156 0
164 2387 156 169 0
165 2200 2387 156 0
1038 2335 2278 1033 0
1087 2335 1038 1033 0
1087 2222 2335 1033 0
2224 2335 2319 2222 0
632 2336 563 503 0
632 563 2336 660 0
802 1001 2297 2291 0
802 2297 410 2309 0
2291 2297 2190 1001 0
1852 2320 1850 1774 0
1188 1195 2331 2320 0
796 2377 996 825 0
777 996 796 2377 0
777 2218 996 2377 0
2218 2227 996 2377 0
122 135 2287 144 0
1225 1406 2096 2285 0
2285 2381 2211 1406 0
1352 1222 2211 2285 0
1225 1406 2285 1352 0
2355 2354 2394 2217 0
2355 2394 2030 667 0
2217 645 637 2394 0
2320 1262 1251 1195 0
2235 2366 2170 2217 0
2217 830 833 941 0
856 2301 2244 911 0
911 869 759 2301 0
1823 2247 1788 1794 0
1823 2247 2242 1788 0
1378 1260 2147 2338 0
1596 2379 2273 1491 0
1596 2379 1491 1614 0
1796 2286 1823 1849 0
1823 2286 1796 2242 0
2190 2228 2101 2408 0
188 178 2322 144 0
2190 2101 2297 2238 0
1178 2263 2260 1188 0
1188 2331 2260 2320 0
1178 2260 2263 1155 0
2340 2468 981 2466 0
2340 2401 976 888 0
2356 157 214 2163 0
157 214 2163 174 0
1379 1392 1356 2341 0
2385 2341 1125 1375 0
1460 2341 1392 1379 0
1375 1392 2211 2341 0
2381 2344 2038 2341 0
1596 1572 2258 1634 0
1679 1596 2258 1634 0
2147 2258 2273 1447 0
1596 2258 1572 2273 0
2234 2327 906 2308 0
628 735 2217 2188 0
2354 628 2217 2188 0
735 637 628 2217 0
743 637 735 2217 0
533 2431 2137 901 0
533 2377 901 847 0
1003 1150 2227 996 0
1032 1150 2290 2227 0
2290 2227 1150 2342 0
1150 2342 2227 996 0
178 2440 2322 144 0
2230 2295 135 2322 0
188 2322 159 144 0
2440 347 398 239 0
2162 2184 2288 2323 0
2170 2326 2130 2147 0
2170 2326 2147 2338 0
2182 2326 2221 2147 0
2368 2408 1232 2190 0
2446 1265 1360 1232 0
2446 2408 1265 1232 0
1611 1624 2368 2451 0
1700 1676 2451 1611 0
371 342 566 284 0
220 231 284 2343 0
566 371 2343 2309 0
566 343 2343 284 0
2408 991 2190 2228 0
2192 2255 2144 2156 0
135 2295 121 2287 0
2117 2285 1135 1367 0
1135 2117 2173 2285 0
1001 1180 1065 2302 0
2390 1210 2302 2190 0
1001 2291 2302 2190 0
2200 2219 2387 2163 0
2218 2342 996 2227 0
2218 2342 1049 996 0
996 1090 2342 1049 0
1132 1090 2342 996 0
1132 2342 1150 996 0
744 906 982 2308 0
906 2308 2327 982 0
627 2186 2185 2181 0
883 2237 857 1060 0
1490 2282 1754 1757 0
1248 1757 2282 1490 0
1007 2327 2244 2308 0
994 2327 1126 1127 0
1007 1129 2327 1127 0
1129 1007 2327 2244 0
182 2199 172 169 0
2199 2387 164 169 0
1548 2344 1657 1569 0
2381 1569 1657 2344 0
1728 2063 2344 1646 0
1444 2341 1569 1460 0
607 2330 2210 860 0
860 2169 2330 2210 0
632 660 2336 739 0
2264 2294 2255 1453 0
744 2308 2029 813 0
1188 2263 2260 2331 0
236 2322 178 2358 0
627 2181 2185 2169 0
1444 2341 1460 1379 0
2063 2344 1759 1782 0
1444 2341 1548 1569 0
1782 2471 2344 2198 0
1702 2379 1679 1614 0
1596 1679 2379 1614 0
1607 1703 2328 1689 0
1607 2138 2328 1703 0
547 2296 2279 2312 0
925 2345 997 1002 0
971 2345 1002 997 0
2169 2270 2185 2274 0
2404 2274 2270 1354 0
2323 2214 2162 2184 0
1381 2249 2138 2232 0
2209 1467 2127 1271 0
1390 2346 2232 2138 0
2378 2346 2209 1390 0
2249 2264 2346 2275 0
1123 2209 2264 2346 0
1069 1049 1012 2347 0
1147 1012 2228 1069 0
2218 1012 1049 2347 0
2408 1147 2228 2347 0
2218 2228 1012 2347 0
1248 1757 2331 2282 0
1248 2331 1195 2282 0
2324 2345 2427 534 0
943 1040 2395 2238 0
943 2395 2291 2238 0
2286 1833 1823 1849 0
1860 2286 1849 1833 0
1860 2286 2450 1849 0
337 266 288 2304 0
337 2220 2304 288 0
1125 2244 1056 1129 0
2244 1007 1056 1129 0
753 525 2348 2422 0
2262 2348 753 525 0
2310 2290 1058 1062 0
2310 1092 2187 2039 0
142 2349 210 180 0
2372 2449 2349 441 0
142 180 2372 2349 0
616 2183 2143 2205 0
2320 1195 2280 1262 0
2320 1850 2282 2331 0
1512 1511 1324 2300 0
180 486 348 167 0
2349 180 486 348 0
2449 2349 210 142 0
295 2349 2372 2430 0
2372 2449 142 2349 0
948 1025 2170 941 0
941 1025 2170 1028 0
2217 941 833 948 0
2139 753 2345 967 0
1693 1710 2386 1426 0
1693 2386 1404 1426 0
1426 1206 2386 1404 0
1426 2386 2406 1710 0
2230 2322 135 159 0
1524 1464 2222 1598 0
2340 976 885 2469 0
2340 981 2468 896 0
851 785 2373 2293 0
851 2373 2259 1084 0
785 2373 2156 2259 0
2374 2350 1177 1249 0
1164 2350 1249 1177 0
1577 2036 1485 2351 0
144 2440 2322 2287 0
144 2322 135 2287 0
159 218 177 2230 0
2305 1733 1741 1711 0
2305 1711 1705 1733 0
2408 1147 2347 1156 0
1147 2228 2347 1069 0
2301 2244 2171 2234 0
182 2432 2199 169 0
203 2432 196 346 0
182 169 181 2432 0
341 2432 346 387 0
2432 480 387 199 0
2199 2432 2387 169 0
1693 2352 2060 1563 0
1404 2352 1693 1563 0
2353 2241 1539 1467 0
2353 1539 2241 1632 0
217 190 2199 257 0
504 392 495 2354 0
495 2188 2354 2269 0
2269 2354 495 392 0
1031 780 2355 1000 0
2366 2371 2217 2355 0
1031 667 2355 780 0
597 2355 2371 1031 0
2355 2366 2235 2217 0
1000 2355 1031 2235 0
2417 2300 2393 1544 0
1541 2417 2398 2300 0
1767 2398 2300 1541 0
2356 157 143 185 0
2356 185 214 157 0
157 2276 2356 2225 0
157 2356 2276 2163 0
1378 2338 1355 1260 0
1242 2338 1228 1167 0
1167 2338 1228 2366 0
2429 1749 1511 2300 0
2282 2320 1195 2280 0
2320 2331 2282 1195 0
2238 943 1040 2278 0
944 1040 2278 1038 0
135 2287 2322 2295 0
2442 1834 2425 2300 0
525 2262 450 2345 0
967 2262 753 2345 0
1794 2247 1824 1833 0
1823 2247 1794 1833 0
2262 454 2324 2312 0
173 186 2387 165 0
173 169 165 2387 0
2411 2334 2464 1369 0
1470 1295 2334 2361 0
347 479 2358 570 0
2359 776 802 2291 0
802 2297 2359 2291 0
802 2359 566 776 0
802 2359 2309 566 0
802 2359 2297 2309 0
1817 2416 2450 1872 0
2450 1892 1881 2416 0
1817 2416 2286 2450 0
1359 1489 2391 2416 0
2286 1359 2391 2416 0
1705 2375 2305 1682 0
2375 1705 1690 1682 0
2375 1662 1682 1690 0
856 2308 784 2121 0
2308 856 2301 2244 0
2339 2230 2269 323 0
2188 2269 2339 2219 0
2339 2283 2230 323 0
2229 2219 2339 2283 0
1359 2286 1435 2416 0
1739 2258 1704 1634 0
1739 1634 1679 2258 0
827 2175 2267 612 0
2233 2267 2281 1104 0
2426 728 2448 2340 0
1470 2361 2334 1582 0
2300 2423 2443 1341 0
2417 1544 2398 2300 0
575 2143 2144 2166 0
575 2144 2192 2166 0
1044 2173 1006 910 0
1044 1140 2173 2385 0
2214 2311 2197 2176 0
2214 2176 2197 2357 0
822 712 826 2278 0
575 2365 2323 621 0
621 2288 2365 2323 0
621 664 2365 2288 0
2217 948 2366 2170 0
2170 1025 1083 1028 0
2366 1080 2170 1025 0
1083 1080 1025 2170 0
948 2366 2170 1025 0
2145 2241 1271 1327 0
2310 1062 2452 2290 0
2452 2310 2290 2187 0
1178 1233 2263 1244 0
2366 1114 1144 1250 0
2259 2201 1312 1084 0
2181 2259 2270 1084 0
2270 1312 1084 2259 0
1312 2270 2036 2259 0
1312 2036 2201 2259 0
2416 2391 2286 2450 0
1467 1577 2241 2209 0
1577 2378 2209 1467 0
2409 1508 2367 1845 0
1293 2367 2402 1227 0
1097 2316 2254 2100 0
1144 2235 2040 1267 0
2446 1232 1360 1284 0
1624 1527 2368 2446 0
1527 2446 1284 2390 0
1284 1232 2390 2446 0
1370 2369 1432 1452 0
2234 2162 2256 2171 0
2162 2256 2197 2234 0
1596 2258 2379 1679 0
1596 2379 2258 2273 0
2174 2370 2405 1983 0
2439 1957 1951 2370 0
2434 1983 2405 2370 0
2390 1232 1210 2190 0
2390 1232 2368 2446 0
2390 1232 1284 1210 0
2390 2190 2368 1232 0
746 743 833 2217 0
746 637 743 2217 0
2371 746 833 2217 0
591 2267 827 819 0
2286 2247 1823 1833 0
2291 814 698 811 0
776 2291 693 811 0
566 573 776 2359 0
693 2291 2359 698 0
776 2359 573 693 0
2444 2038 1557 1503 0
2344 2038 2444 1503 0
2366 2338 2170 1167 0
2452 1148 1203 1108 0
2452 1148 1108 1062 0
2374 1108 1203 1177 0
2452 2187 2290 2374 0
1382 2391 1489 1518 0
479 2336 396 2358 0
632 503 600 2336 0
479 503 2336 600 0
2287 2440 2431 2467 0
2225 2287 2431 2467 0
1485 1563 2351 2307 0
1563 2257 2351 2307 0
1563 2351 2257 1632 0
2374 1289 1249 1177 0
2374 1289 1177 1203 0
2374 2452 2187 1417 0
634 654 700 641 0
2088 2162 700 643 0
986 2272 1053 995 0
768 995 2272 986 0
2374 2452 1203 1108 0
2272 2210 821 607 0
607 2281 2272 2210 0
512 2459 2340 2461 0
2440 347 2358 398 0
2440 2431 310 398 0
1640 1690 1662 2375 0
398 570 347 2358 0
2431 2440 2358 398 0
1352 1406 2211 1460 0
1352 2211 1392 1460 0
1460 2381 1406 2211 0
2136 1280 1266 2251 0
2245 2431 2225 2253 0
1370 1205 2350 1249 0
1164 2350 1205 1249 0
796 739 2377 825 0
1824 2247 1794 1789 0
1824 2247 1789 1752 0
2378 2445 1636 2447 0
2378 1453 2294 2346 0
1577 2445 2294 2378 0
2301 2171 2173 2277 0
1702 1679 2379 1780 0
2412 2174 1980 2045 0
1951 2370 1957 2174 0
504 2394 2354 628 0
504 637 2394 628 0
1798 2258 1752 1739 0
1752 1704 1739 2258 0
1392 2211 2341 1460 0
1460 2381 2211 2341 0
1254 1533 1252 1347 0
1533 1536 1252 1344 0
2263 1233 1155 1206 0
729 726 885 2340 0
729 2340 885 896 0
2286 2450 2379 1851 0
2272 477 2281 607 0
2281 505 607 477 0
2218 2347 1049 2342 0
1090 1069 2347 1049 0
2342 1090 2347 1049 0
566 2343 2359 2309 0
2309 566 606 802 0
2291 2238 2302 2190 0
119 107 2225 2467 0
1215 2251 1266 2383 0
1215 2280 2231 1195 0
2348 530 2433 454 0
2384 2352 1632 2060 0
1632 2250 2241 2257 0
2297 2190 2238 2291 0
2357 2201 1081 1253 0
2156 2357 1081 2176 0
2156 1081 2357 2201 0
1397 2201 2357 1253 0
1370 2369 2350 1205 0
1452 2369 1627 1370 0
981 2420 2340 2453 0
728 2420 2340 981 0
1375 2211 2385 2341 0
2413 1125 1375 2385 0
1059 1125 2413 2385 0
1125 1375 2341 1226 0
1056 1125 2385 2244 0
2138 2249 1453 2346 0
2324 2345 2262 2427 0
734 831 826 2237 0
2224 2237 826 947 0
2224 1033 2237 947 0
2224 2278 826 2053 0
1710 2263 2386 2406 0
1832 2386 1710 2263 0
1087 1091 1038 2335 0
1087 2335 1175 1091 0
1087 1175 2335 2222 0
2302 1180 1117 1001 0
2245 2225 2356 2253 0
2356 2276 2253 2225 0
940 1041 2395 943 0
2444 1589 2388 1369 0
2361 1589 2444 1582 0
181 2432 169 183 0
173 169 2387 2432 0
2184 2256 2152 2249 0
2249 2328 2256 2152 0
2175 2284 2233 2267 0
392 2354 402 355 0
2269 355 2354 392 0
2234 2334 2256 2197 0
1260 2338 1355 1242 0
1428 1355 1378 2338 0
1447 2147 2338 1378 0
1798 1824 1752 2258 0
1824 2258 2247 1752 0
2408 2347 2391 1245 0
1245 1268 2347 2391 0
2408 1245 1156 2347 0
2286 1359 2408 2391 0
1624 2446 2451 1714 0
1726 2451 1769 2446 0
2451 2368 2446 1624 0
2144 2156 2255 2259 0
2259 2255 2201 2156 0
1239 1129 2341 1125 0
1125 2341 2244 1129 0
1239 2341 1129 1229 0
2244 2341 2327 1129 0
2244 2385 2211 2341 0
1181 1090 1171 2347 0
1171 1090 1069 2347 0
2339 2219 2269 2230 0
2339 2283 2219 2230 0
2290 2236 2303 2227 0
950 1026 947 2237 0
765 2407 2348 530 0
979 753 967 2262 0
979 753 2262 2348 0
979 2348 2407 753 0
1563 1632 2352 2060 0
1563 2257 2352 1632 0
2298 2248 1767 2389 0
1832 2384 2386 2263 0
2251 2383 1754 1266 0
2231 2282 2280 2383 0
1266 1754 2282 2383 0
2390 1180 2302 1210 0
2302 1065 2190 1210 0
1423 2390 1431 1303 0
1303 1321 2390 1431 0
186 171 194 2387 0
1829 1869 2400 1879 0
2400 1869 1908 1879 0
1829 1801 1687 2444 0
2344 2444 1801 1829 0
2344 2444 1829 2400 0
2117 2171 2152 1141 0
2390 2302 1194 1186 0
1194 2302 2390 1199 0
1303 1199 2390 1321 0
1431 2390 1317 1321 0
1527 2368 2446 2390 0
1423 2390 1527 1431 0
2392 253 331 371 0
2392 371 331 606 0
2392 231 2343 2356 0
2392 143 2356 2225 0
1416 2391 1401 1532 0
1518 1401 2391 1532 0
349 362 283 2392 0
2392 2225 362 2467 0
2392 175 2356 143 0
2146 1253 2201 1397 0
2146 2333 2201 1485 0
1485 2333 2306 2146 0
2192 2357 2156 2176 0
2225 107 2287 2467 0
1382 2391 1518 1401 0
2393 2423 2300 1341 0
2344 2038 2327 2444 0
2303 2456 2310 2382 0
2303 2271 2456 2382 0
2356 2253 2276 2163 0
2371 597 647 2394 0
504 2394 637 523 0
628 637 2394 2217 0
597 667 2355 1031 0
2217 645 2394 2371 0
2302 1117 989 1001 0
2291 2395 989 2302 0
2302 989 1117 2395 0
2130 2170 2147 2329 0
2130 2147 2187 2329 0
2280 1195 1215 2396 0
2280 2396 1215 1278 0
2345 1002 2149 967 0
2139 2345 2149 967 0
2056 2268 2266 1227 0
1522 2383 2056 1278 0
1215 2251 2383 2266 0
2280 2383 1278 1215 0
2446 1232 2368 2408 0
2451 2368 2408 2446 0
2266 1848 1781 2299 0
2266 2251 1848 2299 0
352 361 2271 438 0
566 343 425 2343 0
566 2343 425 2359 0
566 425 573 2359 0
1775 1676 1736 2286 0
1156 1359 1245 2408 0
2286 2451 2408 1435 0
2238 2395 2291 2302 0
2344 1801 2444 1687 0
2176 889 1081 862 0
1353 2327 1299 1124 0
2159 2444 1687 1646 0
2344 1259 1646 2444 0
2344 2444 1646 1687 0
322 2304 266 337 0
322 337 380 2304 0
380 337 390 2220 0
2266 1783 2360 1535 0
2091 1522 1309 2266 0
2205 823 1076 2157 0
2326 2397 2147 2338 0
2326 2397 2221 2147 0
632 704 2336 600 0
632 2336 704 739 0
1082 2222 1170 1087 0
2237 2222 1082 1033 0
2237 2042 2222 2318 0
2237 2318 2222 2224 0
1230 2222 2237 2042 0
2060 1800 2386 1693 0
857 2237 2100 1060 0
1122 2100 1060 972 0
1775 2451 1676 2286 0
1700 2451 1676 1775 0
2382 2303 2271 2336 0
2336 2377 704 739 0
796 704 2377 739 0
916 2329 1042 2413 0
2413 1134 1055 2329 0
1096 1113 1042 2329 0
1084 2201 2399 2460 0
1312 2399 1084 2201 0
1325 1224 1342 2366 0
2175 2267 2233 2028 0
1444 2341 1379 1239 0
884 2382 866 2310 0
169 173 183 2432 0
191 183 2432 187 0
295 384 2349 2428 0
1229 1127 2327 1129 0
1259 1127 2327 1229 0
1259 2327 1127 1126 0
2327 2341 1259 1229 0
2327 1129 2341 1229 0
1697 2444 1557 1503 0
512 2340 724 2401 0
1851 1822 2379 1798 0
2286 2379 1824 1851 0
2286 2391 2379 2450 0
1824 1851 2379 1798 0
1798 1780 1822 2379 0
1798 2379 1739 1780 0
1780 2379 1739 1679 0
190 240 2199 257 0
2375 1711 2305 1706 0
1734 2305 1741 1711 0
2321 2186 2181 785 0
2321 2183 2186 785 0
1497 1280 2402 2251 0
1280 2402 2251 1227 0
2367 2251 1843 2402 0
2152 2249 2328 1607 0
2249 2138 2328 1607 0
2311 889 2403 666 0
660 676 593 2336 0
1235 2367 1227 1535 0
1235 1535 1546 2367 0
2409 1786 1845 2367 0
2409 2367 1546 1786 0
2143 2419 2205 2209 0
2352 2274 2257 2404 0
1563 2352 2257 2404 0
2257 2270 2307 2404 0
1563 2257 2307 2404 0
2257 2274 2270 2404 0
2413 1208 1338 2329 0
2413 2329 1338 1134 0
2230 2283 2219 2031 0
1150 2350 2342 1205 0
1150 1164 2350 1205 0
2290 2342 1150 2350 0
2356 185 175 231 0
2356 247 185 231 0
2245 2392 2356 2225 0
1040 2335 2278 1038 0
923 904 2382 2310 0
884 892 2382 2310 0
129 283 125 2467 0
742 519 2345 525 0
888 2401 720 724 0
1227 2251 2266 2367 0
1293 2367 1508 2402 0
1227 2251 2367 2402 0
777 847 2377 533 0
533 2377 2431 901 0
777 2218 2377 847 0
901 2377 2297 2218 0
2120 784 2301 2308 0
512 458 2461 2401 0
2401 2458 458 2461 0
2401 2340 2458 2461 0
332 2358 396 286 0
2174 2370 1957 2405 0
1917 2405 1957 2370 0
2406 1760 2263 1480 0
1480 1244 2263 1233 0
2379 2258 1739 1679 0
2286 2247 1824 2379 0
2286 2391 2041 2379 0
1456 1233 2406 1206 0
1456 1206 2406 1438 0
1426 2406 1206 1438 0
1426 2386 1206 2406 0
2406 1233 2263 1206 0
2406 2263 2386 1206 0
2219 2387 2230 2200 0
2374 1398 1370 1249 0
1614 2379 2374 1627 0
2350 1370 1249 2374 0
2380 1781 1522 2280 0
1524 2222 1464 1443 0
1598 1630 1464 2222 0
339 2269 355 291 0
355 291 2269 306 0
392 339 2269 355 0
2407 753 2348 2422 0
1736 2242 1630 1667 0
1630 2242 1736 1676 0
1242 1342 2338 1355 0
1075 1162 1077 2237 0
2237 2042 1149 1162 0
1077 2237 1079 1026 0
2237 2042 1166 1230 0
1089 2237 2042 1149 0
2237 1162 1166 2042 0
883 2237 1060 1089 0
2100 1089 2042 1122 0
1131 1102 2411 2334 0
1131 2334 2411 1369 0
1406 1473 2381 1569 0
1293 2409 1298 1513 0
1447 2147 2397 2338 0
1245 2347 1181 1171 0
2371 833 746 836 0
2371 948 833 951 0
2371 833 836 951 0
2371 2217 833 948 0
1404 2386 2352 2274 0
1404 2386 1693 2352 0
219 194 259 2387 0
219 194 2387 186 0
1205 1432 2369 1416 0
1836 2379 1644 1532 0
2374 1398 1249 1289 0
2374 1398 1627 1370 0
2369 2379 2374 2350 0
2304 214 247 266 0
2304 247 214 2356 0
2304 2356 214 2163 0
853 681 2175 612 0
436 2410 437 510 0
436 513 2410 733 0
2234 2327 2308 2244 0
1497 1508 2402 1280 0
1293 1508 1280 2402 0
454 2324 545 542 0
1048 1128 2413 1113 0
1057 2413 974 969 0
119 2225 143 2392 0
2392 2356 175 231 0
2392 2225 2467 119 0
1477 2406 1233 1480 0
479 2336 570 600 0
2030 2219 2235 2313 0
2235 2062 2313 2219 0
2219 2303 2062 2314 0
2188 2062 2219 2303 0
2062 2303 2236 2314 0
2326 2235 2062 2316 0
2326 2062 2221 2316 0
2182 2317 2062 2236 0
2182 2317 2221 2062 0
2319 2222 2318 2224 0
2278 2335 2319 2224 0
2238 2319 2278 2335 0
2075 2313 2252 2053 0
2252 2053 2313 2100 0
2253 2315 2314 2075 0
2253 2101 2314 2315 0
2254 2100 2316 2318 0
2242 2213 2317 2408 0
2034 580 2252 741 0
580 2252 2454 2034 0
2370 2436 2045 2174 0
2436 2174 2412 2045 0
2467 2431 310 2440 0
1057 1146 1142 2413 0
1051 2385 1138 1140 0
1051 1138 2385 2413 0
1125 2413 1146 1059 0
1059 2385 2413 987 0
2400 2444 1503 2344 0
2400 2444 1697 1503 0
210 441 348 2349 0
2449 441 210 2349 0
2349 348 620 441 0
1850 2282 1848 2280 0
2472 1781 2280 1848 0
1302 2409 1513 1298 0
1238 1549 2409 1236 0
2290 2236 2212 2303 0
1406 1569 2381 1460 0
2160 1685 2381 1721 0
1460 2381 2341 1569 0
1569 2381 2341 2344 0
2439 2370 1951 1684 0
1684 2436 2370 1951 0
1951 2436 2370 2174 0
1951 2174 2412 2436 0
506 730 2414 507 0
732 733 436 2414 0
883 1149 1160 2237 0
1229 1444 2341 1548 0
1229 2341 1259 1548 0
1569 2341 1548 2344 0
950 1026 2237 953 0
2389 1341 2300 1247 0
1344 1341 2389 1247 0
1293 1513 1508 2409 0
1293 1508 2367 2409 0
521 2026 2410 444 0
737 514 2410 2026 0
737 2410 514 733 0
1324 1252 1335 2389 0
1444 2341 1239 1229 0
851 2189 785 2293 0
2271 345 352 426 0
299 2271 2358 286 0
903 1048 2413 916 0
1051 1128 1138 2413 0
125 283 201 2467 0
2253 2075 2163 2304 0
1042 1113 2413 2329 0
916 2329 2413 974 0
2415 1514 1302 2409 0
2415 1302 1514 1307 0
2415 2300 1749 1834 0
2415 2409 1842 1761 0
2441 2439 2376 1951 0
2441 2376 1908 1951 0
1737 1816 2389 1723 0
1507 1816 1723 2389 0
2416 1489 1771 1608 0
2416 1608 1359 1489 0
2450 2391 1489 2416 0
2379 1416 2369 1432 0
1822 1836 2379 1797 0
1822 1851 2379 1836 0
1690 2375 1711 1705 0
1690 2375 1698 1711 0
2375 1711 1705 2305 0
681 823 2205 616 0
306 259 291 2269 0
291 2387 259 241 0
2269 291 2387 259 0
2269 2230 2387 291 0
1227 2367 2266 1535 0
504 402 2354 2394 0
628 2394 2354 2217 0
504 2394 415 402 0
504 415 2394 523 0
2075 2313 2219 2387 0
2075 2199 2252 2313 0
2075 2313 2387 2199 0
2075 2219 2314 2031 0
2253 2075 2314 2031 0
2304 2199 288 2220 0
2304 2075 2220 2315 0
2253 2315 2075 2304 0
2235 2313 2062 2316 0
2100 2313 2235 2316 0
2062 2314 2236 2317 0
2317 2314 2236 2101 0
2053 2318 2100 2237 0
2053 2319 2318 2224 0
2315 2238 2101 2319 0
2315 2319 2278 2238 0
2434 2370 1947 1983 0
2465 1947 2370 1886 0
1917 1886 2370 1764 0
194 259 2387 241 0
291 2230 2387 241 0
507 731 730 2414 0
507 2414 2410 731 0
436 2410 2414 733 0
1541 2300 2393 2417 0
1359 1608 2416 1435 0
345 396 2336 2358 0
2358 2271 2336 345 0
286 2358 352 2271 0
2373 1081 2156 2460 0
2156 1081 2201 2460 0
2143 835 2205 2419 0
2419 2205 2209 1116 0
2192 2357 2176 2214 0
796 2377 704 777 0
2412 2436 2045 2418 0
1958 2418 2045 2437 0
2228 2101 2297 2190 0
2186 2270 2185 2181 0
2185 2270 2257 2274 0
2181 2270 2185 2169 0
1632 2250 2289 1539 0
1694 1539 2250 1405 0
1514 2409 1513 1302 0
1544 1549 2415 1238 0
1549 1238 2409 2415 0
2415 1238 2409 1302 0
2420 724 2340 888 0
728 2448 2340 2420 0
2327 1126 1299 1124 0
1132 1181 2342 1090 0
1181 1090 2347 2342 0
2269 2219 2387 2230 0
506 728 2414 730 0
506 2414 728 2025 0
439 2025 516 513 0
2025 436 732 513 0
2205 823 681 2175 0
2252 2454 2034 2313 0
2252 2313 2034 2100 0
2431 2031 2253 2297 0
2297 2101 2253 2315 0
2297 2238 2101 2315 0
2317 2236 2228 2101 0
2317 2101 2228 2408 0
2213 2101 2238 2319 0
2313 2219 2062 2314 0
2075 2314 2219 2313 0
2220 2075 2053 2315 0
2316 2062 2221 2317 0
2316 2317 2221 2305 0
173 186 2432 2387 0
183 186 2432 173 0
2253 2245 2431 2297 0
2330 2169 2233 2210 0
1583 1667 1598 2305 0
457 547 545 2312 0
457 2312 456 547 0
2182 2041 2317 2236 0
2182 2041 2221 2317 0
2130 2187 2147 2182 0
2372 2449 315 2421 0
2192 2166 2214 2323 0
2323 2288 2365 2166 0
2422 2433 2348 530 0
979 2348 765 2407 0
2407 2422 2348 530 0
2300 1336 1240 2423 0
2393 1336 2300 2423 0
2183 2186 2205 2332 0
2332 527 2183 2321 0
2332 2183 2186 2321 0
2435 1834 2300 2424 0
2300 2429 1749 2462 0
2425 1749 2462 2300 0
2425 1834 1749 2300 0
1798 2258 1739 2379 0
380 494 2220 390 0
380 2304 337 2220 0
512 2459 2426 2340 0
509 728 2426 2340 0
1824 2379 2247 2258 0
2366 2040 1250 1144 0
1250 2040 2366 1325 0
1000 2355 961 780 0
1000 2355 2235 961 0
1370 1432 2369 1205 0
1242 1228 2338 1342 0
1342 2366 1228 2338 0
2334 1131 1102 906 0
1428 1378 1447 2338 0
1428 1531 2397 1447 0
1447 2397 1428 2338 0
1693 2386 2060 2352 0
1557 2328 1470 1689 0
1689 1703 2328 1470 0
180 2428 2349 303 0
295 2428 2349 2430 0
1241 1175 1170 2222 0
2415 1511 1307 1514 0
1336 2300 1240 2415 0
2300 1307 1240 2415 0
1544 1336 2415 2300 0
2415 1307 1511 2300 0
1131 1353 1124 2327 0
524 726 2340 2401 0
697 676 779 2382 0
790 779 2382 697 0
2430 2349 2372 180 0
2430 2428 2349 180 0
2291 943 814 940 0
523 2394 537 415 0
667 2394 496 597 0
1186 1194 2395 2302 0
521 2410 2026 745 0
2156 2357 2255 2201 0
1397 2201 2255 2357 0
2277 852 759 771 0
692 966 2277 980 0
678 759 692 2301 0
2301 2277 759 692 0
398 570 2358 2431 0
398 533 570 2431 0
634 643 700 654 0
2138 1636 2364 1638 0
2346 1453 2138 1636 0
398 2431 310 533 0
2287 2358 2431 2440 0
2355 2030 2034 780 0
2355 2030 2235 2034 0
2454 2313 2030 2034 0
378 204 2432 346 0
2432 200 183 216 0
2432 191 216 183 0
346 204 2432 196 0
378 2432 204 224 0
2246 1133 2275 2184 0
1830 2389 1737 1816 0
913 997 2410 990 0
737 913 2026 2410 0
653 665 2349 569 0
2349 653 384 295 0
653 620 441 2349 0
2389 2248 1767 1541 0
1816 1756 1830 2389 0
1885 1713 1735 2441 0
1735 1885 2441 1908 0
1696 2441 1735 1713 0
1416 1268 1401 2391 0
1268 2369 1416 1205 0
1268 2369 2391 1416 0
2450 2391 2379 1532 0
2422 525 2348 2433 0
494 617 602 2220 0
602 712 2220 617 0
1680 2375 1698 1690 0
1917 2434 2405 2370 0
2465 2370 1947 2434 0
371 2343 284 566 0
1094 2452 2039 2310 0
2452 2310 2187 2039 0
510 736 731 2410 0
507 731 2410 510 0
1830 2435 2300 1767 0
1767 2424 2300 2398 0
1767 2435 2300 2424 0
2377 2431 901 2297 0
2218 2377 2297 2236 0
2345 2026 2239 444 0
1798 1824 2258 2379 0
1951 1921 2436 2412 0
2412 1921 2436 2418 0
2045 2418 2436 2437 0
853 2175 823 1109 0
1076 1109 823 2175 0
1076 1109 2175 2250 0
2199 2252 232 257 0
2377 2382 739 2336 0
2166 2184 2246 2275 0
2288 2166 2184 891 0
2291 814 811 937 0
2395 940 2291 937 0
2395 2291 940 943 0
1324 1307 1247 2300 0
1307 1247 2300 2438 0
2366 948 2371 951 0
951 1023 2366 1025 0
948 951 2366 1025 0
948 941 2170 2217 0
2366 2217 2371 948 0
1880 2436 1921 2437 0
2437 2418 2436 1921 0
463 963 722 460 0
963 968 878 460 0
818 943 2278 944 0
1452 2369 1432 2379 0
1829 2444 1879 2400 0
1908 2471 1869 2400 0
570 479 2358 2336 0
570 2336 704 600 0
2300 2438 1341 2443 0
1307 2438 2300 1240 0
1205 1181 2350 2342 0
1132 1205 2342 1181 0
1181 2347 2350 2342 0
1123 2079 2209 1390 0
1390 2346 2209 1123 0
457 454 2312 545 0
2312 2324 545 454 0
1330 2409 1550 1549 0
1330 1546 1550 2409 0
1235 2367 1546 2409 0
1245 1382 1401 2391 0
1268 2347 2391 2369 0
2218 2236 2228 2347 0
2377 2297 2236 2031 0
1684 1951 2439 2441 0
1684 2439 1729 1696 0
1908 2376 2439 1909 0
1697 1896 2439 1729 0
1697 2439 1896 1909 0
1908 2439 1696 1909 0
113 122 108 2440 0
108 2440 122 2287 0
2286 2408 2167 2242 0
906 2334 2234 2197 0
857 2100 741 972 0
2100 1060 972 857 0
183 2432 186 200 0
1009 812 2272 2210 0
821 2272 812 2210 0
860 1103 2210 1100 0
2272 1009 2210 2281 0
1683 1706 2375 2305 0
1734 1709 2247 2305 0
1709 2305 2221 2247 0
1709 1683 2221 2305 0
494 481 2220 602 0
380 2220 494 481 0
816 2456 887 2130 0
2130 2326 2182 2147 0
570 704 2377 777 0
570 2377 704 2336 0
2027 986 1053 1039 0
2027 2272 1053 986 0
2291 693 2359 776 0
989 937 2291 854 0
1485 2036 1312 2307 0
1312 2036 2270 2307 0
1312 2201 2036 1485 0
1485 2036 2333 2201 0
144 134 2440 113 0
113 122 2440 144 0
122 2287 2440 144 0
1716 2379 1702 1627 0
1702 1627 2379 1614 0
1716 1452 2379 1627 0
2369 2350 2374 1370 0
2158 2185 681 2175 0
681 2175 2185 2205 0
627 2181 738 2321 0
627 2186 2181 2321 0
2471 2344 2400 1503 0
2160 1721 2471 1782 0
1684 2441 1713 1921 0
1684 1713 2441 1696 0
1885 2441 1921 1713 0
1830 2442 2300 2435 0
1830 2442 2425 2300 0
2221 2305 1683 2040 0
2250 1076 1109 2362 0
2250 1405 2362 1109 0
2392 166 208 220 0
143 2392 175 166 0
2356 214 185 247 0
2167 2451 2408 2286 0
2167 2451 2368 2408 0
570 533 777 2377 0
2300 2423 1240 2443 0
2300 2438 2443 1240 0
2383 1215 2056 1278 0
1522 2056 2383 2266 0
2268 2251 2266 1227 0
2136 2251 1227 1280 0
1369 1589 1353 2444 0
1670 1589 2444 1687 0
1353 1687 2444 1589 0
1620 1879 1687 2444 0
2344 2444 2327 1259 0
1466 1237 1211 2260 0
2222 1443 1363 1383 0
2308 2244 2301 2234 0
623 2301 629 577 0
2310 1030 1013 1092 0
2277 917 2171 2173 0
2173 2171 1141 917 0
607 505 2281 2210 0
607 505 2210 2330 0
2105 2294 2445 1453 0
2378 1453 1636 2445 0
2445 1453 2294 2378 0
2266 1783 1781 2360 0
2266 1781 1783 1843 0
2340 2458 524 2401 0
2340 885 2401 726 0
2340 888 724 2401 0
2340 885 976 2401 0
512 2461 2340 2401 0
569 422 2349 303 0
486 422 303 2349 0
2237 2053 2224 826 0
826 2237 2053 734 0
2224 2278 946 826 0
2374 1439 1358 1528 0
1417 2452 2187 2039 0
1268 1181 1245 2347 0
2260 1436 1211 1446 0
2261 1436 1211 2260 0
108 2287 103 91 0
107 2287 2467 91 0
2446 1435 1695 1265 0
2451 2408 1435 2446 0
1467 2378 2447 1577 0
2378 2445 2447 1577 0
2260 1466 1446 1211 0
1797 1822 1780 2379 0
1797 1716 2379 1780 0
2379 1644 1416 1432 0
2391 2379 1416 2369 0
1702 2379 1716 1780 0
2366 1221 1224 1163 0
2338 2366 2170 2235 0
2235 2366 2040 2338 0
1144 2235 2366 2040 0
1342 2366 2338 2040 0
2239 2026 2345 997 0
2239 997 929 2026 0
2426 2448 724 2340 0
2448 724 2340 2420 0
585 546 812 2272 0
129 283 2467 2392 0
119 2467 2392 112 0
143 132 2392 166 0
2372 142 2449 2421 0
2450 1489 1650 1771 0
2450 1518 1489 2391 0
2336 2271 426 345 0
426 352 2271 438 0
2382 426 2336 2271 0
2346 2209 2264 2294 0
2264 2209 2255 2294 0
2378 2294 2209 2346 0
178 2440 144 134 0
178 168 2440 134 0
178 2440 2358 2322 0
2451 1714 1806 1793 0
2253 2356 2304 2163 0
1067 1148 1165 2452 0
1291 1165 1231 2452 0
1291 1231 1418 2452 0
2374 1203 2452 1231 0
1418 1231 2374 2452 0
575 663 2166 2365 0
575 2166 2192 2323 0
575 2365 2166 2323 0
2453 2340 981 2466 0
2453 2420 2340 888 0
415 402 2394 355 0
355 415 365 2394 0
2354 355 2394 402 0
2378 1453 2346 1636 0
1636 2346 2378 1390 0
700 2162 917 2455 0
643 2288 2455 664 0
480 596 2454 346 0
480 580 2454 596 0
2432 2454 346 480 0
2199 199 2454 2432 0
2199 2252 2454 199 0
580 2454 2252 480 0
551 2279 2267 799 0
1184 2039 1094 2452 0
1062 1094 1030 2310 0
1094 1062 2452 2310 0
811 2291 693 698 0
2415 1302 1240 1238 0
723 664 643 2455 0
2162 891 2455 2288 0
643 2162 2455 2288 0
2238 1040 2395 1095 0
2238 2395 2302 1186 0
2439 2376 2457 1909 0
2439 2457 1896 1909 0
546 2272 791 812 0
585 812 821 2272 0
585 607 2272 821 0
1236 1235 1546 2409 0
493 345 455 2336 0
738 2330 2169 627 0
2330 2233 2169 627 0
2169 2233 2185 627 0
2309 2356 2245 2392 0
2392 2309 2356 2343 0
2164 655 2176 2363 0
2164 2176 862 2403 0
108 2440 2287 91 0
108 97 2440 91 0
113 2440 108 97 0
2467 2287 2440 91 0
2037 1397 2357 1470 0
1325 2366 1221 1224 0
2040 1409 1325 1250 0
1325 2366 1250 1114 0
1325 2040 2366 1342 0
2358 2440 2287 2322 0
2208 2308 2107 744 0
1025 1023 2366 1078 0
1080 1078 1025 2366 0
1131 2444 1369 1353 0
1353 2444 2327 1131 0
1834 1761 2415 1842 0
2459 509 2340 447 0
2459 509 2426 2340 0
2332 2205 681 2185 0
2332 2186 2205 2185 0
2259 2373 2156 2460 0
2460 2201 2399 1081 0
1503 1721 1735 2471 0
1721 1787 1735 2471 0
1908 2376 2441 2439 0
2450 2416 1881 1872 0
1857 1835 2416 1806 0
2416 2286 1435 2451 0
780 2034 2454 2030 0
2280 2292 2396 1278 0
1500 2226 1262 2280 0
2458 524 2401 458 0
1268 1181 2369 1205 0
1181 2350 2369 1205 0
2156 785 2293 2373 0
200 186 235 2432 0
2432 2387 186 219 0
1828 1276 1820 1566 0
1828 1840 1838 1560 0
1828 1274 1269 1276 0
2461 2459 2340 447 0
2461 2458 458 2470 0
2461 2340 2458 447 0
2238 2335 2278 1040 0
2335 1040 1095 1091 0
2238 1040 1095 2335 0
2471 2381 2160 1728 0
2381 1721 1503 2471 0
2300 2429 2462 1737 0
415 424 367 2394 0
597 496 424 2394 0
295 605 2463 243 0
243 605 2463 474 0
2446 1448 1265 1695 0
2446 1448 1360 1265 0
914 2410 929 990 0
929 2410 997 990 0
745 2026 929 2410 0
2410 997 2026 929 0
913 2410 997 2026 0
1241 2222 1255 1175 0
1241 1383 2222 1363 0
1170 1175 1087 2222 0
2308 994 982 725 0
744 2308 982 725 0
725 2308 994 856 0
1684 2441 2439 1696 0
1735 1696 1908 2441 0
904 1013 2310 923 0
803 2382 923 904 0
1145 1221 2366 1161 0
1585 2040 1499 1531 0
1428 2040 1531 1499 0
1428 1531 2040 2397 0
1606 2397 2040 1531 0
2338 2397 1428 2040 0
1830 2300 1737 2389 0
2389 1324 1247 2300 0
2389 2300 1341 1541 0
1512 2300 1324 2389 0
2464 1295 2388 2334 0
2411 2334 1295 2464 0
1369 2334 2388 2444 0
1324 1252 2389 1247 0
2374 1528 1418 1515 0
1917 2465 2370 1886 0
1917 2370 2465 2434 0
2357 2334 2256 1470 0
2381 1503 2344 2471 0
2160 1728 2381 1685 0
2251 1848 2299 2240 0
1606 2258 2221 2397 0
2147 2258 2397 2221 0
1606 2221 2040 2397 0
1199 2302 1117 2395 0
1043 1115 2395 1041 0
2302 2395 1199 1194 0
1040 2395 1095 1041 0
1107 1115 2395 1194 0
2340 976 2466 888 0
2453 2340 2466 888 0
2282 1850 1754 1757 0
2282 1754 1850 1848 0
1428 1342 1355 2338 0
107 2287 91 103 0
2388 2361 1589 2444 0
1369 2464 2388 2334 0
2388 2334 2361 2444 0
940 1043 937 2395 0
940 2395 1041 1043 0
2291 937 940 814 0
178 2358 168 236 0
107 91 2467 96 0
110 201 2467 125 0
570 2336 2358 2377 0
570 2431 2377 2358 0
570 533 2377 2431 0
2340 976 2468 2466 0
2340 2468 976 2469 0
541 546 2272 791 0
297 358 350 2343 0
284 297 350 2343 0
923 2310 998 1030 0
2135 2311 2046 638 0
2135 2165 2311 621 0
2311 621 2165 2363 0
1860 2450 1851 1874 0
1860 2450 2286 1851 0
2450 1532 1518 2391 0
2377 2236 2227 2303 0
2456 2303 2310 2212 0
2369 1181 2347 2350 0
2371 838 952 836 0
1684 1729 2439 1917 0
1684 2439 2370 1917 0
1241 1383 1255 2222 0
1464 1443 2222 1383 0
663 835 2143 876 0
616 2143 663 835 0
663 2143 2166 876 0
2337 2143 663 616 0
2337 663 2143 575 0
575 2143 2166 663 0
2450 1878 1882 1874 0
2450 2379 1851 1836 0
2450 1532 2379 1836 0
2218 2236 2227 2377 0
2218 2342 2227 2236 0
2349 210 180 348 0
180 2349 486 303 0
460 878 726 2401 0
1112 1117 989 2395 0
2379 2369 2374 1627 0
2379 2374 2350 2187 0
1268 2347 2369 1181 0
378 245 2432 224 0
2432 216 245 235 0
2432 216 235 200 0
2340 2469 885 896 0
2340 2468 2469 896 0
387 468 2252 480 0
580 2252 468 480 0
575 2192 2144 2325 0
2192 2156 2144 2325 0
2183 2036 2259 2144 0
2144 2255 2036 2259 0
2259 2255 2036 2201 0
178 2358 2440 168 0
236 221 2358 168 0
236 299 2358 221 0
2461 2458 2470 447 0
1696 1735 2400 1503 0
1735 1503 2471 2400 0
1480 2263 2406 1233 0
2345 519 2026 444 0
387 386 2252 468 0
742 2345 2026 925 0
742 925 2026 737 0
925 2026 997 2345 0
913 2026 997 925 0
223 138 123 329 0
463 462 718 963 0
415 2394 367 365 0
462 710 956 959 0
462 956 718 959 0
834 831 2237 947 0
542 775 2324 545 0
545 2324 2312 775 0
1470 2357 2334 1295 0
2197 2357 2334 2256 0
1778 2472 2380 2280 0
1778 2472 2280 1848 0
2371 2355 597 2394 0
2217 2394 2355 2371 0
780 2030 2454 596 0
1669 2221 1709 1683 0
1669 2040 1683 1631 0
1683 1669 2221 2040 0
1917 2439 1896 1729 0
End