BODY MODEL: 60866 vertices, 121728 triangles; actual surface skin: 636 vertices, 1268 triangles; 60866 render bindings
HAIR: 469 Cosserat guides, 20 segments each; E=4 GPa, fiber diameter=80 um; animated triangle contacts + guide self-contact
Facial render mouth opening: 340 seal triangles
GPU SECONDARY presentation=Immediate
SCENE GPU: AdapterInfo { name: "Apple M4 Max", vendor: 0, device: 0, device_type: IntegratedGpu, device_pci_bus_id: "", driver: "", driver_info: "", backend: Metal, subgroup_min_size: 4, subgroup_max_size: 64, transient_saves_memory: Some(true), limit_bucket: None }
BODY MODEL: 60866 vertices, 121728 triangles; actual surface skin: 636 vertices, 1268 triangles; 60866 render bindings
HAIR: 469 Cosserat guides, 20 segments each; E=4 GPa, fiber diameter=80 um; animated triangle contacts + guide self-contact
Facial render mouth opening: 340 seal triangles
FULL MODEL WORKER work_ms=276.064 physics_ms=0.001 mesh_ms=76.777 partition_ms=9.993 streams_ms=189.293
FULL MODEL WORKER work_ms=723.594 physics_ms=348.146 mesh_ms=160.922 partition_ms=16.359 streams_ms=198.168
FULL MODEL WORKER work_ms=754.434 physics_ms=390.890 mesh_ms=163.754 partition_ms=12.425 streams_ms=187.365
FULL MODEL WORKER work_ms=727.639 physics_ms=335.807 mesh_ms=158.261 partition_ms=17.182 streams_ms=216.388
FULL MODEL WORKER work_ms=748.589 physics_ms=373.096 mesh_ms=183.552 partition_ms=10.491 streams_ms=181.450
FULL MODEL WORKER work_ms=644.692 physics_ms=296.501 mesh_ms=156.031 partition_ms=11.043 streams_ms=181.117
FULL MODEL WORKER work_ms=635.335 physics_ms=292.845 mesh_ms=153.442 partition_ms=12.635 streams_ms=176.414
FULL MODEL WORKER work_ms=614.620 physics_ms=289.206 mesh_ms=140.718 partition_ms=9.795 streams_ms=174.901
PRESENT CADENCE frame=1 interval_ms=7.587417 paused=false
PRESENT CADENCE frame=2 interval_ms=8.812875 paused=false
PRESENT CADENCE frame=3 interval_ms=1.624333 paused=false
PRESENT CADENCE frame=4 interval_ms=16.677042 paused=false
PRESENT CADENCE frame=5 interval_ms=9.105958 paused=false
PRESENT CADENCE frame=6 interval_ms=14.972500 paused=false
PRESENT CADENCE frame=7 interval_ms=10.286709 paused=false
PRESENT CADENCE frame=8 interval_ms=0.162500 paused=false
PRESENT CADENCE frame=9 interval_ms=9.417916 paused=false
PRESENT CADENCE frame=10 interval_ms=0.158292 paused=false
PRESENT CADENCE frame=11 interval_ms=13.255333 paused=false
PRESENT CADENCE frame=12 interval_ms=0.237709 paused=false
PRESENT CADENCE frame=13 interval_ms=8.863583 paused=false
PRESENT CADENCE frame=14 interval_ms=0.212292 paused=false
PRESENT CADENCE frame=15 interval_ms=8.808875 paused=false
PRESENT CADENCE frame=16 interval_ms=0.169791 paused=false
PRESENT CADENCE frame=17 interval_ms=9.577084 paused=false
PRESENT CADENCE frame=18 interval_ms=0.248625 paused=false
PRESENT CADENCE frame=19 interval_ms=7.827500 paused=false
PRESENT CADENCE frame=20 interval_ms=0.240583 paused=false
PRESENT CADENCE frame=21 interval_ms=9.033750 paused=false
PRESENT CADENCE frame=22 interval_ms=8.413208 paused=false
PRESENT CADENCE frame=23 interval_ms=0.307959 paused=false
PRESENT CADENCE frame=24 interval_ms=9.095375 paused=false
PRESENT CADENCE frame=25 interval_ms=10.280166 paused=false
PRESENT CADENCE frame=26 interval_ms=0.203500 paused=false
PRESENT CADENCE frame=27 interval_ms=14.429875 paused=false
PRESENT CADENCE frame=28 interval_ms=0.154667 paused=false
PRESENT CADENCE frame=29 interval_ms=11.727958 paused=false
FULL MODEL WORKER work_ms=813.225 physics_ms=366.983 mesh_ms=162.931 partition_ms=10.347 streams_ms=272.964
PRESENT CADENCE frame=30 interval_ms=34.700084 paused=false
PRESENT CADENCE frame=31 interval_ms=0.855333 paused=false
PRESENT CADENCE frame=32 interval_ms=7.035500 paused=false
PRESENT CADENCE frame=33 interval_ms=0.270250 paused=false
PRESENT CADENCE frame=34 interval_ms=8.366250 paused=false
PRESENT CADENCE frame=35 interval_ms=7.553958 paused=false
PRESENT CADENCE frame=36 interval_ms=0.241042 paused=false
PRESENT CADENCE frame=37 interval_ms=9.286750 paused=false
PRESENT CADENCE frame=38 interval_ms=9.270542 paused=false
PRESENT CADENCE frame=39 interval_ms=0.177041 paused=false
PRESENT CADENCE frame=40 interval_ms=10.992459 paused=false
PRESENT CADENCE frame=41 interval_ms=0.246958 paused=false
PRESENT CADENCE frame=42 interval_ms=8.077333 paused=false
PRESENT CADENCE frame=43 interval_ms=0.306209 paused=false
PRESENT CADENCE frame=44 interval_ms=11.151291 paused=false
PRESENT CADENCE frame=45 interval_ms=0.155584 paused=false
PRESENT CADENCE frame=46 interval_ms=8.069958 paused=false
PRESENT CADENCE frame=47 interval_ms=0.216625 paused=false
PRESENT CADENCE frame=48 interval_ms=8.121542 paused=false
PRESENT CADENCE frame=49 interval_ms=6.831041 paused=false
PRESENT CADENCE frame=50 interval_ms=0.203834 paused=false
PRESENT CADENCE frame=51 interval_ms=9.218083 paused=false
PRESENT CADENCE frame=52 interval_ms=10.176292 paused=false
PRESENT CADENCE frame=53 interval_ms=0.244416 paused=false
PRESENT CADENCE frame=54 interval_ms=9.397584 paused=false
PRESENT CADENCE frame=55 interval_ms=0.260000 paused=false
PRESENT CADENCE frame=56 interval_ms=7.541166 paused=false
PRESENT CADENCE frame=57 interval_ms=0.187042 paused=false
PRESENT CADENCE frame=58 interval_ms=12.415500 paused=false
PRESENT CADENCE frame=59 interval_ms=9.720042 paused=false
PRESENT CADENCE frame=60 interval_ms=0.135333 paused=false
PRESENT CADENCE frame=61 interval_ms=8.988542 paused=false
PRESENT CADENCE frame=62 interval_ms=0.242708 paused=false
PRESENT CADENCE frame=63 interval_ms=8.510417 paused=false
PRESENT CADENCE frame=64 interval_ms=0.241750 paused=false
PRESENT CADENCE frame=65 interval_ms=7.827041 paused=false
PRESENT CADENCE frame=66 interval_ms=0.138000 paused=false
PRESENT CADENCE frame=67 interval_ms=9.456292 paused=false
PRESENT CADENCE frame=68 interval_ms=0.268750 paused=false
PRESENT CADENCE frame=69 interval_ms=6.805500 paused=false
PRESENT CADENCE frame=70 interval_ms=6.472917 paused=false
PRESENT CADENCE frame=71 interval_ms=11.838625 paused=false
PRESENT CADENCE frame=72 interval_ms=0.225958 paused=false
PRESENT CADENCE frame=73 interval_ms=5.782083 paused=false
PRESENT CADENCE frame=74 interval_ms=0.155250 paused=false
PRESENT CADENCE frame=75 interval_ms=10.406792 paused=false
PRESENT CADENCE frame=76 interval_ms=9.591208 paused=false
PRESENT CADENCE frame=77 interval_ms=0.146000 paused=false
PRESENT CADENCE frame=78 interval_ms=9.715042 paused=false
PRESENT CADENCE frame=79 interval_ms=10.055417 paused=false
PRESENT CADENCE frame=80 interval_ms=0.213166 paused=false
PRESENT CADENCE frame=81 interval_ms=9.106459 paused=false
PRESENT CADENCE frame=82 interval_ms=8.056708 paused=false
PRESENT CADENCE frame=83 interval_ms=0.139708 paused=false
PRESENT CADENCE frame=84 interval_ms=10.326667 paused=false
PRESENT CADENCE frame=85 interval_ms=0.166875 paused=false
PRESENT CADENCE frame=86 interval_ms=8.107458 paused=false
PRESENT CADENCE frame=87 interval_ms=0.207584 paused=false
PRESENT CADENCE frame=88 interval_ms=9.347916 paused=false
PRESENT CADENCE frame=89 interval_ms=0.251000 paused=false
PRESENT CADENCE frame=90 interval_ms=8.373084 paused=false
PRESENT CADENCE frame=91 interval_ms=0.141416 paused=false
PRESENT CADENCE frame=92 interval_ms=9.883667 paused=false
PRESENT CADENCE frame=93 interval_ms=0.291167 paused=false
PRESENT CADENCE frame=94 interval_ms=8.168416 paused=false
PRESENT CADENCE frame=95 interval_ms=0.214834 paused=false
PRESENT CADENCE frame=96 interval_ms=9.159416 paused=false
PRESENT CADENCE frame=97 interval_ms=0.150500 paused=false
PRESENT CADENCE frame=98 interval_ms=7.661292 paused=false
PRESENT CADENCE frame=99 interval_ms=0.250125 paused=false
PRESENT CADENCE frame=100 interval_ms=8.614750 paused=false
PRESENT CADENCE frame=101 interval_ms=7.406833 paused=false
PRESENT CADENCE frame=102 interval_ms=2.831959 paused=false
PRESENT CADENCE frame=103 interval_ms=5.760500 paused=false
PRESENT CADENCE frame=104 interval_ms=11.638708 paused=false
PRESENT CADENCE frame=105 interval_ms=0.318625 paused=false
PRESENT CADENCE frame=106 interval_ms=7.707042 paused=false
PRESENT CADENCE frame=107 interval_ms=6.354375 paused=false
PRESENT CADENCE frame=108 interval_ms=0.387625 paused=false
PRESENT CADENCE frame=109 interval_ms=7.450208 paused=false
PRESENT CADENCE frame=110 interval_ms=0.237625 paused=false
PRESENT CADENCE frame=111 interval_ms=11.209958 paused=false
PRESENT CADENCE frame=112 interval_ms=9.583750 paused=false
PRESENT CADENCE frame=113 interval_ms=0.283500 paused=false
PRESENT CADENCE frame=114 interval_ms=16.799667 paused=false
PRESENT CADENCE frame=115 interval_ms=0.190042 paused=false
PRESENT CADENCE frame=116 interval_ms=11.015166 paused=false
PRESENT CADENCE frame=117 interval_ms=0.266084 paused=false
PRESENT CADENCE frame=118 interval_ms=9.069791 paused=false
PRESENT CADENCE frame=119 interval_ms=0.285375 paused=false
PRESENT CADENCE frame=120 interval_ms=9.503584 paused=false
PRESENT CADENCE frame=121 interval_ms=0.213333 paused=false
PRESENT CADENCE frame=122 interval_ms=8.698833 paused=false
PRESENT CADENCE frame=123 interval_ms=0.241125 paused=false
PRESENT CADENCE frame=124 interval_ms=10.345750 paused=false
PRESENT CADENCE frame=125 interval_ms=0.261625 paused=false
PRESENT CADENCE frame=126 interval_ms=9.065834 paused=false
PRESENT CADENCE frame=127 interval_ms=0.198041 paused=false
PRESENT CADENCE frame=128 interval_ms=9.687125 paused=false
PRESENT CADENCE frame=129 interval_ms=0.166125 paused=false
PRESENT CADENCE frame=130 interval_ms=8.344292 paused=false
PRESENT CADENCE frame=131 interval_ms=0.201667 paused=false
PRESENT CADENCE frame=132 interval_ms=10.794541 paused=false
PRESENT CADENCE frame=133 interval_ms=8.307750 paused=false
PRESENT CADENCE frame=134 interval_ms=0.141917 paused=false
PRESENT CADENCE frame=135 interval_ms=9.229167 paused=false
PRESENT CADENCE frame=136 interval_ms=0.266250 paused=false
PRESENT CADENCE frame=137 interval_ms=8.180250 paused=false
PRESENT CADENCE frame=138 interval_ms=0.297458 paused=false
PRESENT CADENCE frame=139 interval_ms=9.562000 paused=false
PRESENT CADENCE frame=140 interval_ms=0.158750 paused=false
PRESENT CADENCE frame=141 interval_ms=7.972833 paused=false
PRESENT CADENCE frame=142 interval_ms=0.375792 paused=false
PRESENT CADENCE frame=143 interval_ms=9.932167 paused=false
PRESENT CADENCE frame=144 interval_ms=9.404208 paused=false
PRESENT CADENCE frame=145 interval_ms=0.334208 paused=false
PRESENT CADENCE frame=146 interval_ms=11.462209 paused=false
PRESENT CADENCE frame=147 interval_ms=0.313791 paused=false
PRESENT CADENCE frame=148 interval_ms=8.528417 paused=false
PRESENT CADENCE frame=149 interval_ms=0.162542 paused=false
PRESENT CADENCE frame=150 interval_ms=17.083666 paused=false
PRESENT CADENCE frame=151 interval_ms=0.236375 paused=false
PRESENT CADENCE frame=152 interval_ms=16.651292 paused=false
PRESENT CADENCE frame=153 interval_ms=0.211917 paused=false
PRESENT CADENCE frame=154 interval_ms=9.659041 paused=false
PRESENT CADENCE frame=155 interval_ms=9.120500 paused=false
PRESENT CADENCE frame=156 interval_ms=0.155417 paused=false
PRESENT CADENCE frame=157 interval_ms=10.158292 paused=false
PRESENT CADENCE frame=158 interval_ms=10.663875 paused=false
PRESENT CADENCE frame=159 interval_ms=0.169416 paused=false
PRESENT CADENCE frame=160 interval_ms=9.698125 paused=false
PRESENT CADENCE frame=161 interval_ms=8.023542 paused=false
PRESENT CADENCE frame=162 interval_ms=0.360375 paused=false
PRESENT CADENCE frame=163 interval_ms=10.989875 paused=false
PRESENT CADENCE frame=164 interval_ms=0.447833 paused=false
PRESENT CADENCE frame=165 interval_ms=9.896084 paused=false
PRESENT CADENCE frame=166 interval_ms=0.252000 paused=false
PRESENT CADENCE frame=167 interval_ms=11.028416 paused=false
PRESENT CADENCE frame=168 interval_ms=0.249042 paused=false
PRESENT CADENCE frame=169 interval_ms=9.296875 paused=false
PRESENT CADENCE frame=170 interval_ms=0.212250 paused=false
PRESENT CADENCE frame=171 interval_ms=15.475333 paused=false
PRESENT CADENCE frame=172 interval_ms=0.246750 paused=false
PRESENT CADENCE frame=173 interval_ms=10.969792 paused=false
PRESENT CADENCE frame=174 interval_ms=0.218625 paused=false
PRESENT CADENCE frame=175 interval_ms=9.800917 paused=false
PRESENT CADENCE frame=176 interval_ms=0.313833 paused=false
PRESENT CADENCE frame=177 interval_ms=17.525208 paused=false
PRESENT CADENCE frame=178 interval_ms=0.305625 paused=false
PRESENT CADENCE frame=179 interval_ms=10.848084 paused=false
PRESENT CADENCE frame=180 interval_ms=0.139875 paused=false
PRESENT CADENCE frame=181 interval_ms=9.641416 paused=false
PRESENT CADENCE frame=182 interval_ms=0.358750 paused=false
PRESENT CADENCE frame=183 interval_ms=11.316209 paused=false
PRESENT CADENCE frame=184 interval_ms=0.336958 paused=false
PRESENT CADENCE frame=185 interval_ms=15.915958 paused=false
FULL MODEL WORKER work_ms=889.853 physics_ms=389.600 mesh_ms=223.396 partition_ms=16.835 streams_ms=260.021
PRESENT CADENCE frame=186 interval_ms=35.742209 paused=false
PRESENT CADENCE frame=187 interval_ms=1.162333 paused=false
PRESENT CADENCE frame=188 interval_ms=7.266833 paused=false
PRESENT CADENCE frame=189 interval_ms=0.285167 paused=false
PRESENT CADENCE frame=190 interval_ms=11.107083 paused=false
PRESENT CADENCE frame=191 interval_ms=8.219917 paused=false
PRESENT CADENCE frame=192 interval_ms=0.304167 paused=false
PRESENT CADENCE frame=193 interval_ms=8.971083 paused=false
PRESENT CADENCE frame=194 interval_ms=10.774000 paused=false
PRESENT CADENCE frame=195 interval_ms=0.258542 paused=false
PRESENT CADENCE frame=196 interval_ms=10.923500 paused=false
PRESENT CADENCE frame=197 interval_ms=0.200125 paused=false
PRESENT CADENCE frame=198 interval_ms=8.150958 paused=false
PRESENT CADENCE frame=199 interval_ms=0.248583 paused=false
PRESENT CADENCE frame=200 interval_ms=10.755834 paused=false
PRESENT CADENCE frame=201 interval_ms=8.379708 paused=false
PRESENT CADENCE frame=202 interval_ms=0.292833 paused=false
PRESENT CADENCE frame=203 interval_ms=9.719584 paused=false
PRESENT CADENCE frame=204 interval_ms=8.965000 paused=false
PRESENT CADENCE frame=205 interval_ms=0.298708 paused=false
PRESENT CADENCE frame=206 interval_ms=16.081875 paused=false
PRESENT CADENCE frame=207 interval_ms=0.271167 paused=false
PRESENT CADENCE frame=208 interval_ms=8.629625 paused=false
PRESENT CADENCE frame=209 interval_ms=9.456125 paused=false
PRESENT CADENCE frame=210 interval_ms=0.327833 paused=false
PRESENT CADENCE frame=211 interval_ms=11.161000 paused=false
PRESENT CADENCE frame=212 interval_ms=0.209750 paused=false
PRESENT CADENCE frame=213 interval_ms=10.063708 paused=false
PRESENT CADENCE frame=214 interval_ms=0.265834 paused=false
PRESENT CADENCE frame=215 interval_ms=10.725625 paused=false
PRESENT CADENCE frame=216 interval_ms=0.142083 paused=false
PRESENT CADENCE frame=217 interval_ms=9.604583 paused=false
PRESENT CADENCE frame=218 interval_ms=0.285375 paused=false
PRESENT CADENCE frame=219 interval_ms=11.269709 paused=false
PRESENT CADENCE frame=220 interval_ms=9.202750 paused=false
PRESENT CADENCE frame=221 interval_ms=0.301250 paused=false
PRESENT CADENCE frame=222 interval_ms=10.723791 paused=false
PRESENT CADENCE frame=223 interval_ms=8.664709 paused=false
PRESENT CADENCE frame=224 interval_ms=0.301333 paused=false
PRESENT CADENCE frame=225 interval_ms=10.257750 paused=false
PRESENT CADENCE frame=226 interval_ms=10.373583 paused=false
PRESENT CADENCE frame=227 interval_ms=0.264250 paused=false
PRESENT CADENCE frame=228 interval_ms=15.129625 paused=false
PRESENT CADENCE frame=229 interval_ms=0.286917 paused=false
PRESENT CADENCE frame=230 interval_ms=9.308542 paused=false
PRESENT CADENCE frame=231 interval_ms=11.979000 paused=false
PRESENT CADENCE frame=232 interval_ms=0.305791 paused=false
PRESENT CADENCE frame=233 interval_ms=15.677459 paused=false
PRESENT CADENCE frame=234 interval_ms=0.303916 paused=false
PRESENT CADENCE frame=235 interval_ms=9.477500 paused=false
PRESENT CADENCE frame=236 interval_ms=11.037500 paused=false
PRESENT CADENCE frame=237 interval_ms=0.183500 paused=false
PRESENT CADENCE frame=238 interval_ms=9.799875 paused=false
PRESENT CADENCE frame=239 interval_ms=11.003834 paused=false
PRESENT CADENCE frame=240 interval_ms=0.193583 paused=false
PRESENT CADENCE frame=241 interval_ms=10.060250 paused=false
PRESENT CADENCE frame=242 interval_ms=10.157500 paused=false
PRESENT CADENCE frame=243 interval_ms=0.190833 paused=false
PRESENT CADENCE frame=244 interval_ms=9.540834 paused=false
PRESENT CADENCE frame=245 interval_ms=9.152833 paused=false
PRESENT CADENCE frame=246 interval_ms=0.214958 paused=false
PRESENT CADENCE frame=247 interval_ms=18.370084 paused=false
PRESENT CADENCE frame=248 interval_ms=0.333041 paused=false
PRESENT CADENCE frame=249 interval_ms=8.865542 paused=false
PRESENT CADENCE frame=250 interval_ms=13.404292 paused=false
PRESENT CADENCE frame=251 interval_ms=0.360416 paused=false
PRESENT CADENCE frame=252 interval_ms=9.363250 paused=false
PRESENT CADENCE frame=253 interval_ms=9.811875 paused=false
PRESENT CADENCE frame=254 interval_ms=0.357542 paused=false
PRESENT CADENCE frame=255 interval_ms=11.605625 paused=false
PRESENT CADENCE frame=256 interval_ms=0.314958 paused=false
PRESENT CADENCE frame=257 interval_ms=10.726084 paused=false
PRESENT CADENCE frame=258 interval_ms=11.757916 paused=false
PRESENT CADENCE frame=259 interval_ms=0.314375 paused=false
PRESENT CADENCE frame=260 interval_ms=10.966709 paused=false
PRESENT CADENCE frame=261 interval_ms=0.451958 paused=false
PRESENT CADENCE frame=262 interval_ms=10.647750 paused=false
PRESENT CADENCE frame=263 interval_ms=0.301875 paused=false
PRESENT CADENCE frame=264 interval_ms=10.469042 paused=false
PRESENT CADENCE frame=265 interval_ms=9.982750 paused=false
PRESENT CADENCE frame=266 interval_ms=0.131750 paused=false
PRESENT CADENCE frame=267 interval_ms=10.500791 paused=false
PRESENT CADENCE frame=268 interval_ms=12.256709 paused=false
PRESENT CADENCE frame=269 interval_ms=0.330291 paused=false
PRESENT CADENCE frame=270 interval_ms=10.978667 paused=false
PRESENT CADENCE frame=271 interval_ms=0.165250 paused=false
PRESENT CADENCE frame=272 interval_ms=10.612208 paused=false
PRESENT CADENCE frame=273 interval_ms=15.770875 paused=false
PRESENT CADENCE frame=274 interval_ms=0.217125 paused=false
PRESENT CADENCE frame=275 interval_ms=11.893959 paused=false
PRESENT CADENCE frame=276 interval_ms=0.330166 paused=false
PRESENT CADENCE frame=277 interval_ms=16.622042 paused=false
PRESENT CADENCE frame=278 interval_ms=0.287333 paused=false
PRESENT CADENCE frame=279 interval_ms=9.824084 paused=false
PRESENT CADENCE frame=280 interval_ms=11.800541 paused=false
PRESENT CADENCE frame=281 interval_ms=0.325125 paused=false
PRESENT CADENCE frame=282 interval_ms=15.312834 paused=false
PRESENT CADENCE frame=283 interval_ms=0.145333 paused=false
PRESENT CADENCE frame=284 interval_ms=10.321417 paused=false
PRESENT CADENCE frame=285 interval_ms=0.144958 paused=false
PRESENT CADENCE frame=286 interval_ms=8.374167 paused=false
PRESENT CADENCE frame=287 interval_ms=0.162208 paused=false
PRESENT CADENCE frame=288 interval_ms=10.629417 paused=false
PRESENT CADENCE frame=289 interval_ms=0.204875 paused=false
PRESENT CADENCE frame=290 interval_ms=8.960333 paused=false
PRESENT CADENCE frame=291 interval_ms=0.208833 paused=false
PRESENT CADENCE frame=292 interval_ms=17.774834 paused=false
PRESENT CADENCE frame=293 interval_ms=0.173958 paused=false
PRESENT CADENCE frame=294 interval_ms=8.379333 paused=false
PRESENT CADENCE frame=295 interval_ms=9.966542 paused=false
PRESENT CADENCE frame=296 interval_ms=0.293167 paused=false
PRESENT CADENCE frame=297 interval_ms=17.849083 paused=false
PRESENT CADENCE frame=298 interval_ms=0.252792 paused=false
PRESENT CADENCE frame=299 interval_ms=11.325500 paused=false
PRESENT CADENCE frame=300 interval_ms=10.387041 paused=false
PRESENT CADENCE frame=301 interval_ms=0.215042 paused=false
PRESENT CADENCE frame=302 interval_ms=10.595583 paused=false
PRESENT CADENCE frame=303 interval_ms=10.874709 paused=false
PRESENT CADENCE frame=304 interval_ms=0.279375 paused=false
PRESENT CADENCE frame=305 interval_ms=9.805250 paused=false
PRESENT CADENCE frame=306 interval_ms=8.213833 paused=false
PRESENT CADENCE frame=307 interval_ms=0.175250 paused=false
PRESENT CADENCE frame=308 interval_ms=16.538458 paused=false
FULL MODEL WORKER work_ms=855.233 physics_ms=405.837 mesh_ms=198.969 partition_ms=12.819 streams_ms=237.608
PRESENT CADENCE frame=309 interval_ms=37.878584 paused=false
PRESENT CADENCE frame=310 interval_ms=1.294375 paused=false
PRESENT CADENCE frame=311 interval_ms=14.112500 paused=false
PRESENT CADENCE frame=312 interval_ms=0.255041 paused=false
PRESENT CADENCE frame=313 interval_ms=11.793709 paused=false
PRESENT CADENCE frame=314 interval_ms=0.191291 paused=false
PRESENT CADENCE frame=315 interval_ms=8.151917 paused=false
PRESENT CADENCE frame=316 interval_ms=0.248417 paused=false
PRESENT CADENCE frame=317 interval_ms=11.261250 paused=false
PRESENT CADENCE frame=318 interval_ms=0.173625 paused=false
PRESENT CADENCE frame=319 interval_ms=9.629916 paused=false
PRESENT CADENCE frame=320 interval_ms=0.196167 paused=false
PRESENT CADENCE frame=321 interval_ms=12.053792 paused=false
PRESENT CADENCE frame=322 interval_ms=0.202208 paused=false
PRESENT CADENCE frame=323 interval_ms=10.043708 paused=false
PRESENT CADENCE frame=324 interval_ms=9.833875 paused=false
PRESENT CADENCE frame=325 interval_ms=0.872500 paused=false
PRESENT CADENCE frame=326 interval_ms=0.112792 paused=false
PRESENT CADENCE frame=327 interval_ms=16.792167 paused=false
PRESENT CADENCE frame=328 interval_ms=12.638500 paused=false
PRESENT CADENCE frame=329 interval_ms=0.151041 paused=false
PRESENT CADENCE frame=330 interval_ms=8.412542 paused=false
PRESENT CADENCE frame=331 interval_ms=0.409250 paused=false
PRESENT CADENCE frame=332 interval_ms=13.101250 paused=false
PRESENT CADENCE frame=333 interval_ms=0.195542 paused=false
PRESENT CADENCE frame=334 interval_ms=11.065500 paused=false
PRESENT CADENCE frame=335 interval_ms=0.847791 paused=false
PRESENT CADENCE frame=336 interval_ms=11.053792 paused=false
PRESENT CADENCE frame=337 interval_ms=1.379542 paused=false
PRESENT CADENCE frame=338 interval_ms=9.216708 paused=false
PRESENT CADENCE frame=339 interval_ms=10.915708 paused=false
PRESENT CADENCE frame=340 interval_ms=0.173917 paused=false
PRESENT CADENCE frame=341 interval_ms=10.195917 paused=false
PRESENT CADENCE frame=342 interval_ms=0.786083 paused=false
PRESENT CADENCE frame=343 interval_ms=10.715542 paused=false
PRESENT CADENCE frame=344 interval_ms=0.223125 paused=false
PRESENT CADENCE frame=345 interval_ms=10.128041 paused=false
PRESENT CADENCE frame=346 interval_ms=0.166459 paused=false
PRESENT CADENCE frame=347 interval_ms=9.327500 paused=false
PRESENT CADENCE frame=348 interval_ms=9.532416 paused=false
PRESENT CADENCE frame=349 interval_ms=0.276459 paused=false
PRESENT CADENCE frame=350 interval_ms=9.587500 paused=false
PRESENT CADENCE frame=351 interval_ms=9.643875 paused=false
PRESENT CADENCE frame=352 interval_ms=0.706875 paused=false
PRESENT CADENCE frame=353 interval_ms=0.135375 paused=false
PRESENT CADENCE frame=354 interval_ms=10.422291 paused=false
PRESENT CADENCE frame=355 interval_ms=0.213250 paused=false
PRESENT CADENCE frame=356 interval_ms=8.330334 paused=false
PRESENT CADENCE frame=357 interval_ms=9.173541 paused=false
PRESENT CADENCE frame=358 interval_ms=0.289334 paused=false
PRESENT CADENCE frame=359 interval_ms=9.733708 paused=false
PRESENT CADENCE frame=360 interval_ms=0.232833 paused=false
PRESENT CADENCE frame=361 interval_ms=9.449667 paused=false
PRESENT CADENCE frame=362 interval_ms=0.270750 paused=false
PRESENT CADENCE frame=363 interval_ms=9.626167 paused=false
PRESENT CADENCE frame=364 interval_ms=0.202375 paused=false
PRESENT CADENCE frame=365 interval_ms=9.766625 paused=false
PRESENT CADENCE frame=366 interval_ms=0.255083 paused=false
PRESENT CADENCE frame=367 interval_ms=8.842250 paused=false
PRESENT CADENCE frame=368 interval_ms=0.258833 paused=false
PRESENT CADENCE frame=369 interval_ms=10.295750 paused=false
PRESENT CADENCE frame=370 interval_ms=0.265959 paused=false
PRESENT CADENCE frame=371 interval_ms=9.212458 paused=false
PRESENT CADENCE frame=372 interval_ms=0.278625 paused=false
PRESENT CADENCE frame=373 interval_ms=10.361958 paused=false
PRESENT CADENCE frame=374 interval_ms=0.400209 paused=false
PRESENT CADENCE frame=375 interval_ms=7.128291 paused=false
PRESENT CADENCE frame=376 interval_ms=9.552500 paused=false
PRESENT CADENCE frame=377 interval_ms=10.198584 paused=false
PRESENT CADENCE frame=378 interval_ms=0.369125 paused=false
PRESENT CADENCE frame=379 interval_ms=11.284291 paused=false
PRESENT CADENCE frame=380 interval_ms=0.499792 paused=false
PRESENT CADENCE frame=381 interval_ms=10.444833 paused=false
PRESENT CADENCE frame=382 interval_ms=0.267334 paused=false
PRESENT CADENCE frame=383 interval_ms=8.965875 paused=false
PRESENT CADENCE frame=384 interval_ms=10.902250 paused=false
PRESENT CADENCE frame=385 interval_ms=0.205916 paused=false
PRESENT CADENCE frame=386 interval_ms=14.418084 paused=false
PRESENT CADENCE frame=387 interval_ms=0.188458 paused=false
PRESENT CADENCE frame=388 interval_ms=10.249167 paused=false
PRESENT CADENCE frame=389 interval_ms=0.234708 paused=false
PRESENT CADENCE frame=390 interval_ms=9.627708 paused=false
PRESENT CADENCE frame=391 interval_ms=10.668334 paused=false
PRESENT CADENCE frame=392 interval_ms=0.349625 paused=false
PRESENT CADENCE frame=393 interval_ms=15.247833 paused=false
PRESENT CADENCE frame=394 interval_ms=0.396667 paused=false
PRESENT CADENCE frame=395 interval_ms=10.408958 paused=false
PRESENT CADENCE frame=396 interval_ms=0.538458 paused=false
PRESENT CADENCE frame=397 interval_ms=10.245834 paused=false
PRESENT CADENCE frame=398 interval_ms=0.261958 paused=false
PRESENT CADENCE frame=399 interval_ms=10.628667 paused=false
PRESENT CADENCE frame=400 interval_ms=0.262416 paused=false
PRESENT CADENCE frame=401 interval_ms=9.266834 paused=false
PRESENT CADENCE frame=402 interval_ms=0.194791 paused=false
PRESENT CADENCE frame=403 interval_ms=9.762000 paused=false
PRESENT CADENCE frame=404 interval_ms=0.201125 paused=false
PRESENT CADENCE frame=405 interval_ms=10.480084 paused=false
PRESENT CADENCE frame=406 interval_ms=0.224333 paused=false
PRESENT CADENCE frame=407 interval_ms=11.016792 paused=false
PRESENT CADENCE frame=408 interval_ms=0.191916 paused=false
PRESENT CADENCE frame=409 interval_ms=10.851084 paused=false
PRESENT CADENCE frame=410 interval_ms=10.815750 paused=false
PRESENT CADENCE frame=411 interval_ms=0.323666 paused=false
PRESENT CADENCE frame=412 interval_ms=8.029834 paused=false
PRESENT CADENCE frame=413 interval_ms=12.321875 paused=false
PRESENT CADENCE frame=414 interval_ms=0.134833 paused=false
PRESENT CADENCE frame=415 interval_ms=7.560833 paused=false
PRESENT CADENCE frame=416 interval_ms=9.081167 paused=false
PRESENT CADENCE frame=417 interval_ms=0.273542 paused=false
PRESENT CADENCE frame=418 interval_ms=9.536500 paused=false
PRESENT CADENCE frame=419 interval_ms=0.184916 paused=false
PRESENT CADENCE frame=420 interval_ms=9.175334 paused=false
PRESENT CADENCE frame=421 interval_ms=10.208083 paused=false
PRESENT CADENCE frame=422 interval_ms=0.125833 paused=false
PRESENT CADENCE frame=423 interval_ms=8.901417 paused=false
PRESENT CADENCE frame=424 interval_ms=10.222208 paused=false
PRESENT CADENCE frame=425 interval_ms=0.253542 paused=false
PRESENT CADENCE frame=426 interval_ms=8.940542 paused=false
PRESENT CADENCE frame=427 interval_ms=0.271291 paused=false
PRESENT CADENCE frame=428 interval_ms=9.716042 paused=false
PRESENT CADENCE frame=429 interval_ms=0.152375 paused=false
PRESENT CADENCE frame=430 interval_ms=8.767917 paused=false
PRESENT CADENCE frame=431 interval_ms=7.618750 paused=false
PRESENT CADENCE frame=432 interval_ms=7.531083 paused=false
PRESENT CADENCE frame=433 interval_ms=0.192500 paused=false
PRESENT CADENCE frame=434 interval_ms=8.893542 paused=false
PRESENT CADENCE frame=435 interval_ms=0.158000 paused=false
PRESENT CADENCE frame=436 interval_ms=8.731791 paused=false
PRESENT CADENCE frame=437 interval_ms=0.202542 paused=false
PRESENT CADENCE frame=438 interval_ms=8.501583 paused=false
PRESENT CADENCE frame=439 interval_ms=0.189792 paused=false
PRESENT CADENCE frame=440 interval_ms=9.296917 paused=false
PRESENT CADENCE frame=441 interval_ms=10.703166 paused=false
PRESENT CADENCE frame=442 interval_ms=0.171625 paused=false
PRESENT CADENCE frame=443 interval_ms=7.157375 paused=false
PRESENT CADENCE frame=444 interval_ms=13.987459 paused=false
PRESENT CADENCE frame=445 interval_ms=0.288250 paused=false
PRESENT CADENCE frame=446 interval_ms=13.494708 paused=false
PRESENT CADENCE frame=447 interval_ms=0.215375 paused=false
PRESENT CADENCE frame=448 interval_ms=6.412125 paused=false
PRESENT CADENCE frame=449 interval_ms=9.248458 paused=false
PRESENT CADENCE frame=450 interval_ms=0.184584 paused=false
PRESENT CADENCE frame=451 interval_ms=9.701291 paused=false
PRESENT CADENCE frame=452 interval_ms=0.124292 paused=false
PRESENT CADENCE frame=453 interval_ms=9.642167 paused=false
PRESENT CADENCE frame=454 interval_ms=10.532375 paused=false
PRESENT CADENCE frame=455 interval_ms=0.225041 paused=false
PRESENT CADENCE frame=456 interval_ms=9.783542 paused=false
PRESENT CADENCE frame=457 interval_ms=0.249333 paused=false
PRESENT CADENCE frame=458 interval_ms=9.712834 paused=false
PRESENT CADENCE frame=459 interval_ms=0.230208 paused=false
PRESENT CADENCE frame=460 interval_ms=10.174667 paused=false
PRESENT CADENCE frame=461 interval_ms=0.207541 paused=false
PRESENT CADENCE frame=462 interval_ms=9.211542 paused=false
PRESENT CADENCE frame=463 interval_ms=0.205625 paused=false
PRESENT CADENCE frame=464 interval_ms=9.633917 paused=false
PRESENT CADENCE frame=465 interval_ms=0.201583 paused=false
PRESENT CADENCE frame=466 interval_ms=8.694792 paused=false
PRESENT CADENCE frame=467 interval_ms=11.954041 paused=false
PRESENT CADENCE frame=468 interval_ms=0.124542 paused=false
PRESENT CADENCE frame=469 interval_ms=8.959458 paused=false
PRESENT CADENCE frame=470 interval_ms=10.803000 paused=false
FULL MODEL WORKER work_ms=978.877 physics_ms=497.520 mesh_ms=220.693 partition_ms=15.654 streams_ms=245.009
PRESENT CADENCE frame=471 interval_ms=33.073000 paused=false
PRESENT CADENCE frame=472 interval_ms=0.873709 paused=false
PRESENT CADENCE frame=473 interval_ms=17.097791 paused=false
PRESENT CADENCE frame=474 interval_ms=0.228375 paused=false
PRESENT CADENCE frame=475 interval_ms=6.486834 paused=false
PRESENT CADENCE frame=476 interval_ms=9.324041 paused=false
PRESENT CADENCE frame=477 interval_ms=0.139292 paused=false
PRESENT CADENCE frame=478 interval_ms=7.789042 paused=false
PRESENT CADENCE frame=479 interval_ms=9.119125 paused=false
PRESENT CADENCE frame=480 interval_ms=8.304041 paused=false
PRESENT CADENCE frame=481 interval_ms=0.171250 paused=false
PRESENT CADENCE frame=482 interval_ms=9.028750 paused=false
PRESENT CADENCE frame=483 interval_ms=8.686209 paused=false
PRESENT CADENCE frame=484 interval_ms=0.289125 paused=false
PRESENT CADENCE frame=485 interval_ms=8.320958 paused=false
PRESENT CADENCE frame=486 interval_ms=0.222917 paused=false
PRESENT CADENCE frame=487 interval_ms=8.505583 paused=false
PRESENT CADENCE frame=488 interval_ms=0.329042 paused=false
PRESENT CADENCE frame=489 interval_ms=9.985333 paused=false
PRESENT CADENCE frame=490 interval_ms=0.232708 paused=false
PRESENT CADENCE frame=491 interval_ms=7.412125 paused=false
PRESENT CADENCE frame=492 interval_ms=7.432834 paused=false
PRESENT CADENCE frame=493 interval_ms=0.163291 paused=false
PRESENT CADENCE frame=494 interval_ms=8.205125 paused=false
PRESENT CADENCE frame=495 interval_ms=7.726084 paused=false
PRESENT CADENCE frame=496 interval_ms=16.593416 paused=false
PRESENT CADENCE frame=497 interval_ms=0.236834 paused=false
PRESENT CADENCE frame=498 interval_ms=12.122583 paused=false
PRESENT CADENCE frame=499 interval_ms=0.157917 paused=false
PRESENT CADENCE frame=500 interval_ms=7.328208 paused=false
PRESENT CADENCE frame=501 interval_ms=8.470875 paused=false
PRESENT CADENCE frame=502 interval_ms=0.370083 paused=false
PRESENT CADENCE frame=503 interval_ms=10.123959 paused=false
PRESENT CADENCE frame=504 interval_ms=0.327666 paused=false
PRESENT CADENCE frame=505 interval_ms=8.163917 paused=false
PRESENT CADENCE frame=506 interval_ms=8.733125 paused=false
PRESENT CADENCE frame=507 interval_ms=0.138875 paused=false
PRESENT CADENCE frame=508 interval_ms=8.508542 paused=false
PRESENT CADENCE frame=509 interval_ms=0.142541 paused=false
PRESENT CADENCE frame=510 interval_ms=7.214042 paused=false
PRESENT CADENCE frame=511 interval_ms=7.522458 paused=false
PRESENT CADENCE frame=512 interval_ms=12.657500 paused=false
PRESENT CADENCE frame=513 interval_ms=0.214750 paused=false
PRESENT CADENCE frame=514 interval_ms=8.332084 paused=false
PRESENT CADENCE frame=515 interval_ms=0.156833 paused=false
PRESENT CADENCE frame=516 interval_ms=9.920208 paused=false
PRESENT CADENCE frame=517 interval_ms=0.163709 paused=false
PRESENT CADENCE frame=518 interval_ms=8.559958 paused=false
PRESENT CADENCE frame=519 interval_ms=6.911792 paused=false
PRESENT CADENCE frame=520 interval_ms=6.994250 paused=false
PRESENT CADENCE frame=521 interval_ms=16.917000 paused=false
PRESENT CADENCE frame=522 interval_ms=0.271416 paused=false
PRESENT CADENCE frame=523 interval_ms=13.840875 paused=false
PRESENT CADENCE frame=524 interval_ms=0.212792 paused=false
PRESENT CADENCE frame=525 interval_ms=14.297792 paused=false
PRESENT CADENCE frame=526 interval_ms=0.211041 paused=false
PRESENT CADENCE frame=527 interval_ms=7.525542 paused=false
PRESENT CADENCE frame=528 interval_ms=0.224875 paused=false
PRESENT CADENCE frame=529 interval_ms=7.744167 paused=false
PRESENT CADENCE frame=530 interval_ms=6.980666 paused=false
PRESENT CADENCE frame=531 interval_ms=23.749792 paused=false
PRESENT CADENCE frame=532 interval_ms=0.295667 paused=false
PRESENT CADENCE frame=533 interval_ms=8.521416 paused=false
PRESENT CADENCE frame=534 interval_ms=11.206167 paused=false
PRESENT CADENCE frame=535 interval_ms=0.124750 paused=false
PRESENT CADENCE frame=536 interval_ms=7.828875 paused=false
PRESENT CADENCE frame=537 interval_ms=8.731750 paused=false
PRESENT CADENCE frame=538 interval_ms=0.302375 paused=false
PRESENT CADENCE frame=539 interval_ms=6.046583 paused=false
PRESENT CADENCE frame=540 interval_ms=9.198834 paused=false
PRESENT CADENCE frame=541 interval_ms=0.138416 paused=false
PRESENT CADENCE frame=542 interval_ms=7.860500 paused=false
PRESENT CADENCE frame=543 interval_ms=11.382084 paused=false
PRESENT CADENCE frame=544 interval_ms=0.215000 paused=false
PRESENT CADENCE frame=545 interval_ms=8.837750 paused=false
PRESENT CADENCE frame=546 interval_ms=10.797541 paused=false
PRESENT CADENCE frame=547 interval_ms=0.128875 paused=false
PRESENT CADENCE frame=548 interval_ms=8.815375 paused=false
PRESENT CADENCE frame=549 interval_ms=0.134834 paused=false
PRESENT CADENCE frame=550 interval_ms=7.659750 paused=false
PRESENT CADENCE frame=551 interval_ms=8.186916 paused=false
PRESENT CADENCE frame=552 interval_ms=8.411292 paused=false
PRESENT CADENCE frame=553 interval_ms=0.142167 paused=false
PRESENT CADENCE frame=554 interval_ms=7.471583 paused=false
PRESENT CADENCE frame=555 interval_ms=7.724833 paused=false
PRESENT CADENCE frame=556 interval_ms=8.566625 paused=false
PRESENT CADENCE frame=557 interval_ms=0.161709 paused=false
PRESENT CADENCE frame=558 interval_ms=7.696000 paused=false
PRESENT CADENCE frame=559 interval_ms=8.567250 paused=false
PRESENT CADENCE frame=560 interval_ms=0.309875 paused=false
PRESENT CADENCE frame=561 interval_ms=9.090375 paused=false
PRESENT CADENCE frame=562 interval_ms=8.206958 paused=false
PRESENT CADENCE frame=563 interval_ms=0.168375 paused=false
PRESENT CADENCE frame=564 interval_ms=5.769250 paused=false
PRESENT CADENCE frame=565 interval_ms=0.160875 paused=false
PRESENT CADENCE frame=566 interval_ms=5.920833 paused=false
PRESENT CADENCE frame=567 interval_ms=11.018459 paused=false
PRESENT CADENCE frame=568 interval_ms=6.516208 paused=false
PRESENT CADENCE frame=569 interval_ms=10.870167 paused=false
PRESENT CADENCE frame=570 interval_ms=0.240000 paused=false
PRESENT CADENCE frame=571 interval_ms=9.460833 paused=false
PRESENT CADENCE frame=572 interval_ms=0.164542 paused=false
PRESENT CADENCE frame=573 interval_ms=10.160166 paused=false
PRESENT CADENCE frame=574 interval_ms=0.206750 paused=false
PRESENT CADENCE frame=575 interval_ms=8.738917 paused=false
PRESENT CADENCE frame=576 interval_ms=8.504042 paused=false
PRESENT CADENCE frame=577 interval_ms=0.158291 paused=false
PRESENT CADENCE frame=578 interval_ms=9.468334 paused=false
PRESENT CADENCE frame=579 interval_ms=0.335458 paused=false
PRESENT CADENCE frame=580 interval_ms=9.728083 paused=false
PRESENT CADENCE frame=581 interval_ms=0.229250 paused=false
PRESENT CADENCE frame=582 interval_ms=8.999334 paused=false
PRESENT CADENCE frame=583 interval_ms=0.141958 paused=false
PRESENT CADENCE frame=584 interval_ms=8.095667 paused=false
PRESENT CADENCE frame=585 interval_ms=0.216750 paused=false
PRESENT CADENCE frame=586 interval_ms=8.113833 paused=false
PRESENT CADENCE frame=587 interval_ms=8.764167 paused=false
PRESENT CADENCE frame=588 interval_ms=7.964458 paused=false
PRESENT CADENCE frame=589 interval_ms=0.151250 paused=false
PRESENT CADENCE frame=590 interval_ms=8.285667 paused=false
PRESENT CADENCE frame=591 interval_ms=0.160041 paused=false
PRESENT CADENCE frame=592 interval_ms=7.601584 paused=false
PRESENT CADENCE frame=593 interval_ms=7.641458 paused=false
PRESENT CADENCE frame=594 interval_ms=8.866042 paused=false
PRESENT CADENCE frame=595 interval_ms=6.786791 paused=false
PRESENT CADENCE frame=596 interval_ms=6.739625 paused=false
PRESENT CADENCE frame=597 interval_ms=0.211125 paused=false
PRESENT CADENCE frame=598 interval_ms=8.920042 paused=false
PRESENT CADENCE frame=599 interval_ms=0.132042 paused=false
PRESENT CADENCE frame=600 interval_ms=8.788666 paused=false
PRESENT CADENCE frame=601 interval_ms=8.422750 paused=false
PRESENT CADENCE frame=602 interval_ms=0.219042 paused=false
PRESENT CADENCE frame=603 interval_ms=8.781958 paused=false
PRESENT CADENCE frame=604 interval_ms=0.195334 paused=false
PRESENT CADENCE frame=605 interval_ms=8.809041 paused=false
PRESENT CADENCE frame=606 interval_ms=9.048250 paused=false
PRESENT CADENCE frame=607 interval_ms=0.155417 paused=false
PRESENT CADENCE frame=608 interval_ms=9.499500 paused=false
PRESENT CADENCE frame=609 interval_ms=10.693208 paused=false
PRESENT CADENCE frame=610 interval_ms=0.305625 paused=false
PRESENT CADENCE frame=611 interval_ms=8.395542 paused=false
FULL MODEL WORKER work_ms=867.246 physics_ms=379.592 mesh_ms=196.527 partition_ms=14.639 streams_ms=276.487
PRESENT CADENCE frame=612 interval_ms=32.592458 paused=false
PRESENT CADENCE frame=613 interval_ms=0.852167 paused=false
PRESENT CADENCE frame=614 interval_ms=6.998792 paused=false
PRESENT CADENCE frame=615 interval_ms=0.269666 paused=false
PRESENT CADENCE frame=616 interval_ms=7.568959 paused=false
PRESENT CADENCE frame=617 interval_ms=8.124708 paused=false
PRESENT CADENCE frame=618 interval_ms=11.506250 paused=false
PRESENT CADENCE frame=619 interval_ms=0.208167 paused=false
PRESENT CADENCE frame=620 interval_ms=8.207250 paused=false
PRESENT CADENCE frame=621 interval_ms=9.234166 paused=false
PRESENT CADENCE frame=622 interval_ms=0.140584 paused=false
PRESENT CADENCE frame=623 interval_ms=7.522000 paused=false
PRESENT CADENCE frame=624 interval_ms=0.173166 paused=false
PRESENT CADENCE frame=625 interval_ms=7.699167 paused=false
PRESENT CADENCE frame=626 interval_ms=10.868542 paused=false
PRESENT CADENCE frame=627 interval_ms=0.243166 paused=false
PRESENT CADENCE frame=628 interval_ms=7.817542 paused=false
PRESENT CADENCE frame=629 interval_ms=0.218625 paused=false
PRESENT CADENCE frame=630 interval_ms=9.521958 paused=false
PRESENT CADENCE frame=631 interval_ms=6.388000 paused=false
PRESENT CADENCE frame=632 interval_ms=6.429292 paused=false
PRESENT CADENCE frame=633 interval_ms=9.498708 paused=false
PRESENT CADENCE frame=634 interval_ms=0.158709 paused=false
PRESENT CADENCE frame=635 interval_ms=11.665250 paused=false
PRESENT CADENCE frame=636 interval_ms=0.161208 paused=false
PRESENT CADENCE frame=637 interval_ms=9.016875 paused=false
PRESENT CADENCE frame=638 interval_ms=0.191042 paused=false
PRESENT CADENCE frame=639 interval_ms=8.913166 paused=false
PRESENT CADENCE frame=640 interval_ms=0.159417 paused=false
PRESENT CADENCE frame=641 interval_ms=15.981750 paused=false
PRESENT CADENCE frame=642 interval_ms=0.124167 paused=false
PRESENT CADENCE frame=643 interval_ms=9.526375 paused=false
PRESENT CADENCE frame=644 interval_ms=0.174708 paused=false
PRESENT CADENCE frame=645 interval_ms=9.327500 paused=false
PRESENT CADENCE frame=646 interval_ms=0.188917 paused=false
PRESENT CADENCE frame=647 interval_ms=10.806000 paused=false
PRESENT CADENCE frame=648 interval_ms=0.181541 paused=false
PRESENT CADENCE frame=649 interval_ms=10.066125 paused=false
PRESENT CADENCE frame=650 interval_ms=0.166042 paused=false
PRESENT CADENCE frame=651 interval_ms=9.134417 paused=false
PRESENT CADENCE frame=652 interval_ms=10.815541 paused=false
PRESENT CADENCE frame=653 interval_ms=0.249250 paused=false
PRESENT CADENCE frame=654 interval_ms=6.810667 paused=false
PRESENT CADENCE frame=655 interval_ms=9.616875 paused=false
PRESENT CADENCE frame=656 interval_ms=11.109458 paused=false
PRESENT CADENCE frame=657 interval_ms=0.213500 paused=false
PRESENT CADENCE frame=658 interval_ms=14.209042 paused=false
PRESENT CADENCE frame=659 interval_ms=0.211167 paused=false
PRESENT CADENCE frame=660 interval_ms=8.301125 paused=false
PRESENT CADENCE frame=661 interval_ms=11.905708 paused=false
PRESENT CADENCE frame=662 interval_ms=0.176458 paused=false
PRESENT CADENCE frame=663 interval_ms=8.304792 paused=false
PRESENT CADENCE frame=664 interval_ms=12.768667 paused=false
PRESENT CADENCE frame=665 interval_ms=0.255375 paused=false
PRESENT CADENCE frame=666 interval_ms=15.132208 paused=false
PRESENT CADENCE frame=667 interval_ms=0.207667 paused=false
PRESENT CADENCE frame=668 interval_ms=13.773625 paused=false
PRESENT CADENCE frame=669 interval_ms=0.233958 paused=false
PRESENT CADENCE frame=670 interval_ms=15.257750 paused=false
PRESENT CADENCE frame=671 interval_ms=0.218208 paused=false
PRESENT CADENCE frame=672 interval_ms=9.573125 paused=false
PRESENT CADENCE frame=673 interval_ms=0.309750 paused=false
PRESENT CADENCE frame=674 interval_ms=6.272875 paused=false
PRESENT CADENCE frame=675 interval_ms=13.437375 paused=false
PRESENT CADENCE frame=676 interval_ms=0.143875 paused=false
PRESENT CADENCE frame=677 interval_ms=6.860709 paused=false
PRESENT CADENCE frame=678 interval_ms=9.055541 paused=false
PRESENT CADENCE frame=679 interval_ms=14.829959 paused=false
PRESENT CADENCE frame=680 interval_ms=0.179833 paused=false
PRESENT CADENCE frame=681 interval_ms=10.606458 paused=false
PRESENT CADENCE frame=682 interval_ms=0.130375 paused=false
PRESENT CADENCE frame=683 interval_ms=10.275125 paused=false
PRESENT CADENCE frame=684 interval_ms=0.209292 paused=false
PRESENT CADENCE frame=685 interval_ms=9.358292 paused=false
PRESENT CADENCE frame=686 interval_ms=0.128125 paused=false
PRESENT CADENCE frame=687 interval_ms=8.889166 paused=false
PRESENT CADENCE frame=688 interval_ms=9.047417 paused=false
PRESENT CADENCE frame=689 interval_ms=0.236167 paused=false
PRESENT CADENCE frame=690 interval_ms=8.694750 paused=false
PRESENT CADENCE frame=691 interval_ms=0.184791 paused=false
PRESENT CADENCE frame=692 interval_ms=10.017042 paused=false
PRESENT CADENCE frame=693 interval_ms=0.244292 paused=false
PRESENT CADENCE frame=694 interval_ms=9.718583 paused=false
PRESENT CADENCE frame=695 interval_ms=0.196750 paused=false
PRESENT CADENCE frame=696 interval_ms=15.450708 paused=false
PRESENT CADENCE frame=697 interval_ms=0.404584 paused=false
PRESENT CADENCE frame=698 interval_ms=8.880750 paused=false
PRESENT CADENCE frame=699 interval_ms=10.990250 paused=false
PRESENT CADENCE frame=700 interval_ms=0.121208 paused=false
PRESENT CADENCE frame=701 interval_ms=7.473125 paused=false
PRESENT CADENCE frame=702 interval_ms=15.697792 paused=false
PRESENT CADENCE frame=703 interval_ms=0.175916 paused=false
PRESENT CADENCE frame=704 interval_ms=8.691209 paused=false
PRESENT CADENCE frame=705 interval_ms=0.149291 paused=false
PRESENT CADENCE frame=706 interval_ms=15.741667 paused=false
PRESENT CADENCE frame=707 interval_ms=0.270000 paused=false
PRESENT CADENCE frame=708 interval_ms=8.161000 paused=false
PRESENT CADENCE frame=709 interval_ms=9.619333 paused=false
PRESENT CADENCE frame=710 interval_ms=0.236167 paused=false
PRESENT CADENCE frame=711 interval_ms=9.440750 paused=false
PRESENT CADENCE frame=712 interval_ms=0.197750 paused=false
PRESENT CADENCE frame=713 interval_ms=8.901458 paused=false
PRESENT CADENCE frame=714 interval_ms=0.194042 paused=false
PRESENT CADENCE frame=715 interval_ms=9.472417 paused=false
PRESENT CADENCE frame=716 interval_ms=0.194208 paused=false
PRESENT CADENCE frame=717 interval_ms=15.633792 paused=false
PRESENT CADENCE frame=718 interval_ms=0.250375 paused=false
PRESENT CADENCE frame=719 interval_ms=13.886583 paused=false
PRESENT CADENCE frame=720 interval_ms=0.282708 paused=false
PRESENT CADENCE frame=721 interval_ms=13.664834 paused=false
PRESENT CADENCE frame=722 interval_ms=0.254458 paused=false
PRESENT CADENCE frame=723 interval_ms=14.011333 paused=false
PRESENT CADENCE frame=724 interval_ms=0.187375 paused=false
PRESENT CADENCE frame=725 interval_ms=8.334917 paused=false
PRESENT CADENCE frame=726 interval_ms=0.257542 paused=false
PRESENT CADENCE frame=727 interval_ms=8.776541 paused=false
PRESENT CADENCE frame=728 interval_ms=12.770625 paused=false
PRESENT CADENCE frame=729 interval_ms=0.169375 paused=false
PRESENT CADENCE frame=730 interval_ms=15.197000 paused=false
PRESENT CADENCE frame=731 interval_ms=0.169084 paused=false
PRESENT CADENCE frame=732 interval_ms=8.618208 paused=false
PRESENT CADENCE frame=733 interval_ms=12.688125 paused=false
PRESENT CADENCE frame=734 interval_ms=0.245625 paused=false
PRESENT CADENCE frame=735 interval_ms=8.552917 paused=false
PRESENT CADENCE frame=736 interval_ms=0.168125 paused=false
PRESENT CADENCE frame=737 interval_ms=8.543791 paused=false
PRESENT CADENCE frame=738 interval_ms=0.168917 paused=false
PRESENT CADENCE frame=739 interval_ms=7.258292 paused=false
PRESENT CADENCE frame=740 interval_ms=10.055458 paused=false
PRESENT CADENCE frame=741 interval_ms=11.253333 paused=false
PRESENT CADENCE frame=742 interval_ms=0.225084 paused=false
PRESENT CADENCE frame=743 interval_ms=7.400666 paused=false
PRESENT CADENCE frame=744 interval_ms=13.182125 paused=false
PRESENT CADENCE frame=745 interval_ms=0.205334 paused=false
PRESENT CADENCE frame=746 interval_ms=14.452041 paused=false
PRESENT CADENCE frame=747 interval_ms=0.138417 paused=false
PRESENT CADENCE frame=748 interval_ms=14.619667 paused=false
PRESENT CADENCE frame=749 interval_ms=0.172458 paused=false
PRESENT CADENCE frame=750 interval_ms=11.028458 paused=false
PRESENT CADENCE frame=751 interval_ms=0.126042 paused=false
PRESENT CADENCE frame=752 interval_ms=8.048333 paused=false
FULL MODEL WORKER work_ms=894.238 physics_ms=423.629 mesh_ms=188.984 partition_ms=16.133 streams_ms=265.491
PRESENT CADENCE frame=753 interval_ms=33.692750 paused=false
PRESENT CADENCE frame=754 interval_ms=1.032625 paused=false
PRESENT CADENCE frame=755 interval_ms=6.933084 paused=false
PRESENT CADENCE frame=756 interval_ms=0.159500 paused=false
PRESENT CADENCE frame=757 interval_ms=8.686416 paused=false
PRESENT CADENCE frame=758 interval_ms=7.447792 paused=false
PRESENT CADENCE frame=759 interval_ms=7.014500 paused=false
PRESENT CADENCE frame=760 interval_ms=12.733375 paused=false
PRESENT CADENCE frame=761 interval_ms=0.307583 paused=false
PRESENT CADENCE frame=762 interval_ms=6.602125 paused=false
PRESENT CADENCE frame=763 interval_ms=12.765334 paused=false
PRESENT CADENCE frame=764 interval_ms=0.145875 paused=false
PRESENT CADENCE frame=765 interval_ms=15.059000 paused=false
PRESENT CADENCE frame=766 interval_ms=0.182458 paused=false
PRESENT CADENCE frame=767 interval_ms=13.237250 paused=false
PRESENT CADENCE frame=768 interval_ms=0.154167 paused=false
PRESENT CADENCE frame=769 interval_ms=7.343875 paused=false
PRESENT CADENCE frame=770 interval_ms=12.128791 paused=false
PRESENT CADENCE frame=771 interval_ms=0.263667 paused=false
PRESENT CADENCE frame=772 interval_ms=7.337167 paused=false
PRESENT CADENCE frame=773 interval_ms=10.595750 paused=false
PRESENT CADENCE frame=774 interval_ms=0.164958 paused=false
PRESENT CADENCE frame=775 interval_ms=14.403667 paused=false
PRESENT CADENCE frame=776 interval_ms=0.136041 paused=false
PRESENT CADENCE frame=777 interval_ms=6.946584 paused=false
PRESENT CADENCE frame=778 interval_ms=12.098833 paused=false
PRESENT CADENCE frame=779 interval_ms=0.231250 paused=false
PRESENT CADENCE frame=780 interval_ms=6.665292 paused=false
PRESENT CADENCE frame=781 interval_ms=12.689666 paused=false
PRESENT CADENCE frame=782 interval_ms=0.133250 paused=false
PRESENT CADENCE frame=783 interval_ms=7.598584 paused=false
PRESENT CADENCE frame=784 interval_ms=9.375000 paused=false
PRESENT CADENCE frame=785 interval_ms=0.211750 paused=false
PRESENT CADENCE frame=786 interval_ms=6.800458 paused=false
PRESENT CADENCE frame=787 interval_ms=8.161333 paused=false
PRESENT CADENCE frame=788 interval_ms=0.213042 paused=false
PRESENT CADENCE frame=789 interval_ms=9.467458 paused=false
PRESENT CADENCE frame=790 interval_ms=0.193292 paused=false
PRESENT CADENCE frame=791 interval_ms=9.389708 paused=false
PRESENT CADENCE frame=792 interval_ms=0.186667 paused=false
PRESENT CADENCE frame=793 interval_ms=8.874792 paused=false
PRESENT CADENCE frame=794 interval_ms=0.126125 paused=false
PRESENT CADENCE frame=795 interval_ms=9.432083 paused=false
PRESENT CADENCE frame=796 interval_ms=0.182083 paused=false
PRESENT CADENCE frame=797 interval_ms=9.633417 paused=false
PRESENT CADENCE frame=798 interval_ms=0.178458 paused=false
PRESENT CADENCE frame=799 interval_ms=9.750334 paused=false
PRESENT CADENCE frame=800 interval_ms=0.157166 paused=false
PRESENT CADENCE frame=801 interval_ms=9.120584 paused=false
PRESENT CADENCE frame=802 interval_ms=11.324333 paused=false
PRESENT CADENCE frame=803 interval_ms=0.225250 paused=false
PRESENT CADENCE frame=804 interval_ms=8.494917 paused=false
PRESENT CADENCE frame=805 interval_ms=8.512916 paused=false
PRESENT CADENCE frame=806 interval_ms=8.472792 paused=false
PRESENT CADENCE frame=807 interval_ms=0.228042 paused=false
PRESENT CADENCE frame=808 interval_ms=8.647666 paused=false
PRESENT CADENCE frame=809 interval_ms=10.285750 paused=false
PRESENT CADENCE frame=810 interval_ms=0.204417 paused=false
PRESENT CADENCE frame=811 interval_ms=15.180417 paused=false
PRESENT CADENCE frame=812 interval_ms=0.150500 paused=false
PRESENT CADENCE frame=813 interval_ms=8.399750 paused=false
PRESENT CADENCE frame=814 interval_ms=0.146041 paused=false
PRESENT CADENCE frame=815 interval_ms=8.361584 paused=false
PRESENT CADENCE frame=816 interval_ms=0.133375 paused=false
PRESENT CADENCE frame=817 interval_ms=6.636833 paused=false
PRESENT CADENCE frame=818 interval_ms=6.446167 paused=false
PRESENT CADENCE frame=819 interval_ms=10.274875 paused=false
PRESENT CADENCE frame=820 interval_ms=0.134750 paused=false
PRESENT CADENCE frame=821 interval_ms=6.843125 paused=false
PRESENT CADENCE frame=822 interval_ms=0.196041 paused=false
PRESENT CADENCE frame=823 interval_ms=8.502584 paused=false
PRESENT CADENCE frame=824 interval_ms=11.839083 paused=false
PRESENT CADENCE frame=825 interval_ms=0.319708 paused=false
PRESENT CADENCE frame=826 interval_ms=7.149917 paused=false
PRESENT CADENCE frame=827 interval_ms=6.967833 paused=false
PRESENT CADENCE frame=828 interval_ms=11.378834 paused=false
PRESENT CADENCE frame=829 interval_ms=0.215666 paused=false
PRESENT CADENCE frame=830 interval_ms=7.387709 paused=false
PRESENT CADENCE frame=831 interval_ms=11.218958 paused=false
PRESENT CADENCE frame=832 interval_ms=0.158750 paused=false
PRESENT CADENCE frame=833 interval_ms=7.763708 paused=false
PRESENT CADENCE frame=834 interval_ms=0.155417 paused=false
PRESENT CADENCE frame=835 interval_ms=9.478375 paused=false
PRESENT CADENCE frame=836 interval_ms=0.189583 paused=false
PRESENT CADENCE frame=837 interval_ms=9.685834 paused=false
PRESENT CADENCE frame=838 interval_ms=0.148083 paused=false
PRESENT CADENCE frame=839 interval_ms=9.335333 paused=false
PRESENT CADENCE frame=840 interval_ms=0.153792 paused=false
PRESENT CADENCE frame=841 interval_ms=9.068792 paused=false
PRESENT CADENCE frame=842 interval_ms=10.291958 paused=false
PRESENT CADENCE frame=843 interval_ms=0.181375 paused=false
PRESENT CADENCE frame=844 interval_ms=9.166292 paused=false
PRESENT CADENCE frame=845 interval_ms=8.783250 paused=false
PRESENT CADENCE frame=846 interval_ms=0.105041 paused=false
PRESENT CADENCE frame=847 interval_ms=9.300084 paused=false
PRESENT CADENCE frame=848 interval_ms=0.162166 paused=false
PRESENT CADENCE frame=849 interval_ms=9.207084 paused=false
PRESENT CADENCE frame=850 interval_ms=0.133708 paused=false
PRESENT CADENCE frame=851 interval_ms=8.233042 paused=false
PRESENT CADENCE frame=852 interval_ms=0.134708 paused=false
PRESENT CADENCE frame=853 interval_ms=8.591750 paused=false
PRESENT CADENCE frame=854 interval_ms=0.147458 paused=false
PRESENT CADENCE frame=855 interval_ms=9.068625 paused=false
PRESENT CADENCE frame=856 interval_ms=9.414209 paused=false
PRESENT CADENCE frame=857 interval_ms=0.233458 paused=false
PRESENT CADENCE frame=858 interval_ms=8.404250 paused=false
PRESENT CADENCE frame=859 interval_ms=0.206417 paused=false
PRESENT CADENCE frame=860 interval_ms=9.186375 paused=false
PRESENT CADENCE frame=861 interval_ms=0.165708 paused=false
PRESENT CADENCE frame=862 interval_ms=7.828708 paused=false
PRESENT CADENCE frame=863 interval_ms=10.482209 paused=false
PRESENT CADENCE frame=864 interval_ms=0.116541 paused=false
PRESENT CADENCE frame=865 interval_ms=9.654417 paused=false
PRESENT CADENCE frame=866 interval_ms=9.353625 paused=false
PRESENT CADENCE frame=867 interval_ms=0.252750 paused=false
PRESENT CADENCE frame=868 interval_ms=8.594667 paused=false
PRESENT CADENCE frame=869 interval_ms=0.202625 paused=false
PRESENT CADENCE frame=870 interval_ms=8.069291 paused=false
PRESENT CADENCE frame=871 interval_ms=11.528917 paused=false
PRESENT CADENCE frame=872 interval_ms=0.123625 paused=false
PRESENT CADENCE frame=873 interval_ms=7.902958 paused=false
PRESENT CADENCE frame=874 interval_ms=8.895459 paused=false
PRESENT CADENCE frame=875 interval_ms=0.239875 paused=false
PRESENT CADENCE frame=876 interval_ms=9.962750 paused=false
PRESENT CADENCE frame=877 interval_ms=0.237458 paused=false
PRESENT CADENCE frame=878 interval_ms=9.610375 paused=false
PRESENT CADENCE frame=879 interval_ms=10.653625 paused=false
PRESENT CADENCE frame=880 interval_ms=0.143417 paused=false
PRESENT CADENCE frame=881 interval_ms=7.506208 paused=false
PRESENT CADENCE frame=882 interval_ms=11.418667 paused=false
PRESENT CADENCE frame=883 interval_ms=0.215000 paused=false
PRESENT CADENCE frame=884 interval_ms=6.995958 paused=false
PRESENT CADENCE frame=885 interval_ms=10.725750 paused=false
PRESENT CADENCE frame=886 interval_ms=0.132250 paused=false
PRESENT CADENCE frame=887 interval_ms=7.177000 paused=false
PRESENT CADENCE frame=888 interval_ms=9.346125 paused=false
PRESENT CADENCE frame=889 interval_ms=0.232125 paused=false
PRESENT CADENCE frame=890 interval_ms=8.878958 paused=false
FULL MODEL WORKER work_ms=826.120 physics_ms=400.473 mesh_ms=181.968 partition_ms=10.333 streams_ms=233.347
PRESENT CADENCE frame=891 interval_ms=36.200667 paused=false
PRESENT CADENCE frame=892 interval_ms=0.922792 paused=false
PRESENT CADENCE frame=893 interval_ms=13.883166 paused=false
PRESENT CADENCE frame=894 interval_ms=0.244542 paused=false
PRESENT CADENCE frame=895 interval_ms=9.111750 paused=false
PRESENT CADENCE frame=896 interval_ms=0.291542 paused=false
PRESENT CADENCE frame=897 interval_ms=9.192625 paused=false
PRESENT CADENCE frame=898 interval_ms=0.197583 paused=false
PRESENT CADENCE frame=899 interval_ms=8.697708 paused=false
PRESENT CADENCE frame=900 interval_ms=0.202709 paused=false
PRESENT CADENCE frame=901 interval_ms=7.978375 paused=false
PRESENT CADENCE frame=902 interval_ms=8.058125 paused=false
PRESENT CADENCE frame=903 interval_ms=0.186291 paused=false
PRESENT CADENCE frame=904 interval_ms=8.682334 paused=false
PRESENT CADENCE frame=905 interval_ms=0.174083 paused=false
PRESENT CADENCE frame=906 interval_ms=8.284083 paused=false
PRESENT CADENCE frame=907 interval_ms=0.127334 paused=false
PRESENT CADENCE frame=908 interval_ms=7.319583 paused=false
PRESENT CADENCE frame=909 interval_ms=7.865000 paused=false
PRESENT CADENCE frame=910 interval_ms=0.240958 paused=false
PRESENT CADENCE frame=911 interval_ms=9.612084 paused=false
PRESENT CADENCE frame=912 interval_ms=0.217416 paused=false
PRESENT CADENCE frame=913 interval_ms=9.917250 paused=false
PRESENT CADENCE frame=914 interval_ms=0.202500 paused=false
PRESENT CADENCE frame=915 interval_ms=7.158584 paused=false
PRESENT CADENCE frame=916 interval_ms=10.026916 paused=false
PRESENT CADENCE frame=917 interval_ms=0.180292 paused=false
PRESENT CADENCE frame=918 interval_ms=14.036958 paused=false
PRESENT CADENCE frame=919 interval_ms=0.195209 paused=false
PRESENT CADENCE frame=920 interval_ms=9.116000 paused=false
PRESENT CADENCE frame=921 interval_ms=0.171916 paused=false
PRESENT CADENCE frame=922 interval_ms=10.099084 paused=false
PRESENT CADENCE frame=923 interval_ms=0.164041 paused=false
PRESENT CADENCE frame=924 interval_ms=8.753625 paused=false
PRESENT CADENCE frame=925 interval_ms=0.215709 paused=false
PRESENT CADENCE frame=926 interval_ms=8.294875 paused=false
PRESENT CADENCE frame=927 interval_ms=0.133125 paused=false
PRESENT CADENCE frame=928 interval_ms=7.708333 paused=false
PRESENT CADENCE frame=929 interval_ms=0.174708 paused=false
PRESENT CADENCE frame=930 interval_ms=7.631625 paused=false
PRESENT CADENCE frame=931 interval_ms=12.111750 paused=false
PRESENT CADENCE frame=932 interval_ms=0.210417 paused=false
PRESENT CADENCE frame=933 interval_ms=8.142167 paused=false
PRESENT CADENCE frame=934 interval_ms=9.972458 paused=false
PRESENT CADENCE frame=935 interval_ms=0.141458 paused=false
PRESENT CADENCE frame=936 interval_ms=8.584209 paused=false
PRESENT CADENCE frame=937 interval_ms=0.162750 paused=false
PRESENT CADENCE frame=938 interval_ms=9.091541 paused=false
PRESENT CADENCE frame=939 interval_ms=0.153417 paused=false
PRESENT CADENCE frame=940 interval_ms=7.881542 paused=false
PRESENT CADENCE frame=941 interval_ms=8.270625 paused=false
PRESENT CADENCE frame=942 interval_ms=0.216166 paused=false
PRESENT CADENCE frame=943 interval_ms=8.552834 paused=false
PRESENT CADENCE frame=944 interval_ms=0.201208 paused=false
PRESENT CADENCE frame=945 interval_ms=8.000083 paused=false
PRESENT CADENCE frame=946 interval_ms=0.171375 paused=false
PRESENT CADENCE frame=947 interval_ms=7.805125 paused=false
PRESENT CADENCE frame=948 interval_ms=0.175084 paused=false
PRESENT CADENCE frame=949 interval_ms=8.104000 paused=false
PRESENT CADENCE frame=950 interval_ms=0.213041 paused=false
PRESENT CADENCE frame=951 interval_ms=8.352959 paused=false
PRESENT CADENCE frame=952 interval_ms=8.754000 paused=false
PRESENT CADENCE frame=953 interval_ms=0.137125 paused=false
PRESENT CADENCE frame=954 interval_ms=8.541208 paused=false
PRESENT CADENCE frame=955 interval_ms=0.203250 paused=false
PRESENT CADENCE frame=956 interval_ms=7.221792 paused=false
PRESENT CADENCE frame=957 interval_ms=6.854291 paused=false
PRESENT CADENCE frame=958 interval_ms=9.651500 paused=false
PRESENT CADENCE frame=959 interval_ms=0.148084 paused=false
PRESENT CADENCE frame=960 interval_ms=9.859541 paused=false
PRESENT CADENCE frame=961 interval_ms=0.138334 paused=false
PRESENT CADENCE frame=962 interval_ms=10.534041 paused=false
PRESENT CADENCE frame=963 interval_ms=0.133750 paused=false
PRESENT CADENCE frame=964 interval_ms=15.479500 paused=false
PRESENT CADENCE frame=965 interval_ms=0.132667 paused=false
PRESENT CADENCE frame=966 interval_ms=9.989958 paused=false
PRESENT CADENCE frame=967 interval_ms=0.178709 paused=false
PRESENT CADENCE frame=968 interval_ms=9.979875 paused=false
PRESENT CADENCE frame=969 interval_ms=0.185666 paused=false
PRESENT CADENCE frame=970 interval_ms=8.826750 paused=false
PRESENT CADENCE frame=971 interval_ms=0.173334 paused=false
PRESENT CADENCE frame=972 interval_ms=9.287708 paused=false
PRESENT CADENCE frame=973 interval_ms=0.138250 paused=false
PRESENT CADENCE frame=974 interval_ms=8.875208 paused=false
PRESENT CADENCE frame=975 interval_ms=9.503875 paused=false
PRESENT CADENCE frame=976 interval_ms=0.252792 paused=false
PRESENT CADENCE frame=977 interval_ms=7.982708 paused=false
PRESENT CADENCE frame=978 interval_ms=8.414334 paused=false
PRESENT CADENCE frame=979 interval_ms=0.152333 paused=false
PRESENT CADENCE frame=980 interval_ms=8.239333 paused=false
PRESENT CADENCE frame=981 interval_ms=0.137084 paused=false
PRESENT CADENCE frame=982 interval_ms=8.725750 paused=false
PRESENT CADENCE frame=983 interval_ms=0.162708 paused=false
PRESENT CADENCE frame=984 interval_ms=8.062125 paused=false
PRESENT CADENCE frame=985 interval_ms=0.140167 paused=false
PRESENT CADENCE frame=986 interval_ms=8.351916 paused=false
PRESENT CADENCE frame=987 interval_ms=0.124292 paused=false
PRESENT CADENCE frame=988 interval_ms=8.353750 paused=false
PRESENT CADENCE frame=989 interval_ms=0.126500 paused=false
PRESENT CADENCE frame=990 interval_ms=9.019833 paused=false
PRESENT CADENCE frame=991 interval_ms=0.114667 paused=false
PRESENT CADENCE frame=992 interval_ms=8.200625 paused=false
PRESENT CADENCE frame=993 interval_ms=0.283667 paused=false
PRESENT CADENCE frame=994 interval_ms=9.139000 paused=false
PRESENT CADENCE frame=995 interval_ms=0.162125 paused=false
PRESENT CADENCE frame=996 interval_ms=8.204125 paused=false
PRESENT CADENCE frame=997 interval_ms=0.161500 paused=false
PRESENT CADENCE frame=998 interval_ms=9.001166 paused=false
PRESENT CADENCE frame=999 interval_ms=0.146167 paused=false
PRESENT CADENCE frame=1000 interval_ms=8.657167 paused=false
PRESENT CADENCE frame=1001 interval_ms=0.129333 paused=false
PRESENT CADENCE frame=1002 interval_ms=5.778667 paused=false
PRESENT CADENCE frame=1003 interval_ms=12.280916 paused=false
PRESENT CADENCE frame=1004 interval_ms=0.213792 paused=false
PRESENT CADENCE frame=1005 interval_ms=7.270208 paused=false
PRESENT CADENCE frame=1006 interval_ms=8.992834 paused=false
PRESENT CADENCE frame=1007 interval_ms=0.172166 paused=false
PRESENT CADENCE frame=1008 interval_ms=8.484792 paused=false
PRESENT CADENCE frame=1009 interval_ms=0.175417 paused=false
PRESENT CADENCE frame=1010 interval_ms=8.844333 paused=false
PRESENT CADENCE frame=1011 interval_ms=0.200042 paused=false
PRESENT CADENCE frame=1012 interval_ms=9.047750 paused=false
PRESENT CADENCE frame=1013 interval_ms=0.189750 paused=false
PRESENT CADENCE frame=1014 interval_ms=8.589375 paused=false
PRESENT CADENCE frame=1015 interval_ms=9.181583 paused=false
PRESENT CADENCE frame=1016 interval_ms=0.207667 paused=false
PRESENT CADENCE frame=1017 interval_ms=8.596250 paused=false
PRESENT CADENCE frame=1018 interval_ms=0.175125 paused=false
PRESENT CADENCE frame=1019 interval_ms=8.010250 paused=false
PRESENT CADENCE frame=1020 interval_ms=8.369958 paused=false
PRESENT CADENCE frame=1021 interval_ms=0.133917 paused=false
PRESENT CADENCE frame=1022 interval_ms=8.753291 paused=false
PRESENT CADENCE frame=1023 interval_ms=0.189000 paused=false
PRESENT CADENCE frame=1024 interval_ms=8.387750 paused=false
PRESENT CADENCE frame=1025 interval_ms=0.130459 paused=false
PRESENT CADENCE frame=1026 interval_ms=7.907375 paused=false
PRESENT CADENCE frame=1027 interval_ms=0.181333 paused=false
PRESENT CADENCE frame=1028 interval_ms=9.738167 paused=false
PRESENT CADENCE frame=1029 interval_ms=0.163041 paused=false
PRESENT CADENCE frame=1030 interval_ms=14.771667 paused=false
PRESENT CADENCE frame=1031 interval_ms=0.184083 paused=false
PRESENT CADENCE frame=1032 interval_ms=11.211875 paused=false
PRESENT CADENCE frame=1033 interval_ms=0.150000 paused=false
PRESENT CADENCE frame=1034 interval_ms=9.723334 paused=false
PRESENT CADENCE frame=1035 interval_ms=0.181125 paused=false
PRESENT CADENCE frame=1036 interval_ms=8.044666 paused=false
PRESENT CADENCE frame=1037 interval_ms=9.302334 paused=false
FULL MODEL WORKER work_ms=777.034 physics_ms=346.175 mesh_ms=176.258 partition_ms=10.433 streams_ms=244.168
PRESENT CADENCE frame=1038 interval_ms=37.436625 paused=false
PRESENT CADENCE frame=1039 interval_ms=0.707291 paused=false
PRESENT CADENCE frame=1040 interval_ms=14.261625 paused=false
PRESENT CADENCE frame=1041 interval_ms=0.254292 paused=false
PRESENT CADENCE frame=1042 interval_ms=7.378125 paused=false
PRESENT CADENCE frame=1043 interval_ms=6.316042 paused=false
PRESENT CADENCE frame=1044 interval_ms=10.518250 paused=false
PRESENT CADENCE frame=1045 interval_ms=0.296958 paused=false
PRESENT CADENCE frame=1046 interval_ms=9.411958 paused=false
PRESENT CADENCE frame=1047 interval_ms=0.200584 paused=false
PRESENT CADENCE frame=1048 interval_ms=9.001375 paused=false
PRESENT CADENCE frame=1049 interval_ms=0.185333 paused=false
PRESENT CADENCE frame=1050 interval_ms=9.201042 paused=false
PRESENT CADENCE frame=1051 interval_ms=0.271166 paused=false
PRESENT CADENCE frame=1052 interval_ms=9.021709 paused=false
PRESENT CADENCE frame=1053 interval_ms=0.197250 paused=false
PRESENT CADENCE frame=1054 interval_ms=9.239625 paused=false
PRESENT CADENCE frame=1055 interval_ms=10.746791 paused=false
PRESENT CADENCE frame=1056 interval_ms=0.159292 paused=false
PRESENT CADENCE frame=1057 interval_ms=8.159333 paused=false
PRESENT CADENCE frame=1058 interval_ms=9.932084 paused=false
PRESENT CADENCE frame=1059 interval_ms=0.225916 paused=false
PRESENT CADENCE frame=1060 interval_ms=9.205709 paused=false
PRESENT CADENCE frame=1061 interval_ms=0.212708 paused=false
PRESENT CADENCE frame=1062 interval_ms=10.531875 paused=false
PRESENT CADENCE frame=1063 interval_ms=0.210833 paused=false
PRESENT CADENCE frame=1064 interval_ms=8.600834 paused=false
PRESENT CADENCE frame=1065 interval_ms=0.222791 paused=false
PRESENT CADENCE frame=1066 interval_ms=9.122792 paused=false
PRESENT CADENCE frame=1067 interval_ms=0.213250 paused=false
PRESENT CADENCE frame=1068 interval_ms=8.554208 paused=false
PRESENT CADENCE frame=1069 interval_ms=0.371209 paused=false
PRESENT CADENCE frame=1070 interval_ms=8.134166 paused=false
PRESENT CADENCE frame=1071 interval_ms=0.263292 paused=false
PRESENT CADENCE frame=1072 interval_ms=8.347542 paused=false
PRESENT CADENCE frame=1073 interval_ms=8.809125 paused=false
PRESENT CADENCE frame=1074 interval_ms=0.177916 paused=false
PRESENT CADENCE frame=1075 interval_ms=8.152250 paused=false
PRESENT CADENCE frame=1076 interval_ms=9.761750 paused=false
PRESENT CADENCE frame=1077 interval_ms=0.215500 paused=false
PRESENT CADENCE frame=1078 interval_ms=8.530042 paused=false
PRESENT CADENCE frame=1079 interval_ms=0.180208 paused=false
PRESENT CADENCE frame=1080 interval_ms=10.233750 paused=false
PRESENT CADENCE frame=1081 interval_ms=0.250417 paused=false
PRESENT CADENCE frame=1082 interval_ms=9.703625 paused=false
PRESENT CADENCE frame=1083 interval_ms=0.188417 paused=false
PRESENT CADENCE frame=1084 interval_ms=7.255958 paused=false
PRESENT CADENCE frame=1085 interval_ms=8.711292 paused=false
PRESENT CADENCE frame=1086 interval_ms=10.701166 paused=false
PRESENT CADENCE frame=1087 interval_ms=0.232625 paused=false
PRESENT CADENCE frame=1088 interval_ms=9.147834 paused=false
PRESENT CADENCE frame=1089 interval_ms=0.197416 paused=false
PRESENT CADENCE frame=1090 interval_ms=10.795917 paused=false
PRESENT CADENCE frame=1091 interval_ms=0.224208 paused=false
PRESENT CADENCE frame=1092 interval_ms=10.226959 paused=false
PRESENT CADENCE frame=1093 interval_ms=0.427708 paused=false
PRESENT CADENCE frame=1094 interval_ms=8.105167 paused=false
PRESENT CADENCE frame=1095 interval_ms=0.219000 paused=false
PRESENT CADENCE frame=1096 interval_ms=8.448500 paused=false
PRESENT CADENCE frame=1097 interval_ms=0.193750 paused=false
PRESENT CADENCE frame=1098 interval_ms=9.319541 paused=false
PRESENT CADENCE frame=1099 interval_ms=9.580792 paused=false
PRESENT CADENCE frame=1100 interval_ms=0.197250 paused=false
PRESENT CADENCE frame=1101 interval_ms=10.031292 paused=false
PRESENT CADENCE frame=1102 interval_ms=0.142875 paused=false
PRESENT CADENCE frame=1103 interval_ms=9.428416 paused=false
PRESENT CADENCE frame=1104 interval_ms=0.159125 paused=false
PRESENT CADENCE frame=1105 interval_ms=9.596625 paused=false
PRESENT CADENCE frame=1106 interval_ms=0.185709 paused=false
PRESENT CADENCE frame=1107 interval_ms=8.920083 paused=false
PRESENT CADENCE frame=1108 interval_ms=9.356000 paused=false
PRESENT CADENCE frame=1109 interval_ms=0.273625 paused=false
PRESENT CADENCE frame=1110 interval_ms=9.913542 paused=false
PRESENT CADENCE frame=1111 interval_ms=0.191291 paused=false
PRESENT CADENCE frame=1112 interval_ms=8.591042 paused=false
PRESENT CADENCE frame=1113 interval_ms=9.351333 paused=false
PRESENT CADENCE frame=1114 interval_ms=0.283000 paused=false
PRESENT CADENCE frame=1115 interval_ms=8.593125 paused=false
PRESENT CADENCE frame=1116 interval_ms=0.150542 paused=false
PRESENT CADENCE frame=1117 interval_ms=9.593542 paused=false
PRESENT CADENCE frame=1118 interval_ms=0.195458 paused=false
PRESENT CADENCE frame=1119 interval_ms=17.288542 paused=false
PRESENT CADENCE frame=1120 interval_ms=0.154708 paused=false
PRESENT CADENCE frame=1121 interval_ms=10.116125 paused=false
PRESENT CADENCE frame=1122 interval_ms=0.163875 paused=false
PRESENT CADENCE frame=1123 interval_ms=10.323083 paused=false
PRESENT CADENCE frame=1124 interval_ms=0.171167 paused=false
PRESENT CADENCE frame=1125 interval_ms=8.416125 paused=false
PRESENT CADENCE frame=1126 interval_ms=0.138417 paused=false
PRESENT CADENCE frame=1127 interval_ms=9.509833 paused=false
PRESENT CADENCE frame=1128 interval_ms=0.180333 paused=false
PRESENT CADENCE frame=1129 interval_ms=9.076417 paused=false
PRESENT CADENCE frame=1130 interval_ms=0.204208 paused=false
PRESENT CADENCE frame=1131 interval_ms=9.304917 paused=false
PRESENT CADENCE frame=1132 interval_ms=11.605625 paused=false
PRESENT CADENCE frame=1133 interval_ms=0.423417 paused=false
PRESENT CADENCE frame=1134 interval_ms=9.731666 paused=false
PRESENT CADENCE frame=1135 interval_ms=10.183584 paused=false
PRESENT CADENCE frame=1136 interval_ms=0.158500 paused=false
PRESENT CADENCE frame=1137 interval_ms=7.316791 paused=false
PRESENT CADENCE frame=1138 interval_ms=8.299417 paused=false
PRESENT CADENCE frame=1139 interval_ms=9.698875 paused=false
PRESENT CADENCE frame=1140 interval_ms=0.285292 paused=false
PRESENT CADENCE frame=1141 interval_ms=9.612250 paused=false
PRESENT CADENCE frame=1142 interval_ms=10.051750 paused=false
PRESENT CADENCE frame=1143 interval_ms=0.164083 paused=false
PRESENT CADENCE frame=1144 interval_ms=9.094292 paused=false
PRESENT CADENCE frame=1145 interval_ms=0.120083 paused=false
PRESENT CADENCE frame=1146 interval_ms=8.977417 paused=false
PRESENT CADENCE frame=1147 interval_ms=0.142166 paused=false
PRESENT CADENCE frame=1148 interval_ms=9.769292 paused=false
PRESENT CADENCE frame=1149 interval_ms=0.135625 paused=false
PRESENT CADENCE frame=1150 interval_ms=11.205167 paused=false
PRESENT CADENCE frame=1151 interval_ms=1.127958 paused=false
PRESENT CADENCE frame=1152 interval_ms=15.964917 paused=false
PRESENT CADENCE frame=1153 interval_ms=0.149083 paused=false
PRESENT CADENCE frame=1154 interval_ms=8.834042 paused=false
PRESENT CADENCE frame=1155 interval_ms=9.370500 paused=false
PRESENT CADENCE frame=1156 interval_ms=0.269833 paused=false
PRESENT CADENCE frame=1157 interval_ms=16.750958 paused=false
PRESENT CADENCE frame=1158 interval_ms=0.349959 paused=false
PRESENT CADENCE frame=1159 interval_ms=9.998833 paused=false
PRESENT CADENCE frame=1160 interval_ms=0.309083 paused=false
PRESENT CADENCE frame=1161 interval_ms=9.524584 paused=false
PRESENT CADENCE frame=1162 interval_ms=9.562375 paused=false
PRESENT CADENCE frame=1163 interval_ms=0.166208 paused=false
PRESENT CADENCE frame=1164 interval_ms=10.185208 paused=false
PRESENT CADENCE frame=1165 interval_ms=0.184000 paused=false
PRESENT CADENCE frame=1166 interval_ms=11.265542 paused=false
PRESENT CADENCE frame=1167 interval_ms=0.177792 paused=false
PRESENT CADENCE frame=1168 interval_ms=9.152916 paused=false
PRESENT CADENCE frame=1169 interval_ms=11.324792 paused=false
PRESENT CADENCE frame=1170 interval_ms=0.241625 paused=false
PRESENT CADENCE frame=1171 interval_ms=8.378458 paused=false
PRESENT CADENCE frame=1172 interval_ms=11.455334 paused=false
PRESENT CADENCE frame=1173 interval_ms=0.195458 paused=false
PRESENT CADENCE frame=1174 interval_ms=10.316417 paused=false
PRESENT CADENCE frame=1175 interval_ms=0.180666 paused=false
PRESENT CADENCE frame=1176 interval_ms=9.319584 paused=false
PRESENT CADENCE frame=1177 interval_ms=11.321041 paused=false
PRESENT CADENCE frame=1178 interval_ms=0.230625 paused=false
PRESENT CADENCE frame=1179 interval_ms=7.998500 paused=false
PRESENT CADENCE frame=1180 interval_ms=13.068542 paused=false
PRESENT CADENCE frame=1181 interval_ms=0.160375 paused=false
PRESENT CADENCE frame=1182 interval_ms=9.368375 paused=false
FULL MODEL WORKER work_ms=865.141 physics_ms=376.242 mesh_ms=183.890 partition_ms=18.717 streams_ms=286.292
PRESENT CADENCE frame=1183 interval_ms=37.472292 paused=false
PRESENT CADENCE frame=1184 interval_ms=1.149666 paused=false
PRESENT CADENCE frame=1185 interval_ms=14.473000 paused=false
PRESENT CADENCE frame=1186 interval_ms=0.178459 paused=false
PRESENT CADENCE frame=1187 interval_ms=9.335041 paused=false
PRESENT CADENCE frame=1188 interval_ms=0.148417 paused=false
PRESENT CADENCE frame=1189 interval_ms=17.827667 paused=false
PRESENT CADENCE frame=1190 interval_ms=0.137958 paused=false
PRESENT CADENCE frame=1191 interval_ms=10.397250 paused=false
PRESENT CADENCE frame=1192 interval_ms=0.137125 paused=false
PRESENT CADENCE frame=1193 interval_ms=10.085625 paused=false
PRESENT CADENCE frame=1194 interval_ms=0.134583 paused=false
PRESENT CADENCE frame=1195 interval_ms=9.051459 paused=false
PRESENT CADENCE frame=1196 interval_ms=0.138458 paused=false
PRESENT CADENCE frame=1197 interval_ms=9.586000 paused=false
PRESENT CADENCE frame=1198 interval_ms=0.200208 paused=false
PRESENT CADENCE frame=1199 interval_ms=16.596500 paused=false
PRESENT CADENCE frame=1200 interval_ms=0.166625 paused=false
PRESENT CADENCE frame=1201 interval_ms=9.224709 paused=false
PRESENT CADENCE frame=1202 interval_ms=0.144916 paused=false
PRESENT CADENCE frame=1203 interval_ms=8.262917 paused=false
PRESENT CADENCE frame=1204 interval_ms=0.157208 paused=false
PRESENT CADENCE frame=1205 interval_ms=7.833167 paused=false
PRESENT CADENCE frame=1206 interval_ms=10.026875 paused=false
PRESENT CADENCE frame=1207 interval_ms=0.255500 paused=false
PRESENT CADENCE frame=1208 interval_ms=9.812208 paused=false
PRESENT CADENCE frame=1209 interval_ms=0.250292 paused=false
PRESENT CADENCE frame=1210 interval_ms=10.076417 paused=false
PRESENT CADENCE frame=1211 interval_ms=0.308833 paused=false
PRESENT CADENCE frame=1212 interval_ms=9.726250 paused=false
PRESENT CADENCE frame=1213 interval_ms=0.237208 paused=false
PRESENT CADENCE frame=1214 interval_ms=17.385334 paused=false
PRESENT CADENCE frame=1215 interval_ms=0.238583 paused=false
PRESENT CADENCE frame=1216 interval_ms=9.444292 paused=false
PRESENT CADENCE frame=1217 interval_ms=0.308291 paused=false
PRESENT CADENCE frame=1218 interval_ms=9.348292 paused=false
PRESENT CADENCE frame=1219 interval_ms=0.207375 paused=false
PRESENT CADENCE frame=1220 interval_ms=8.655708 paused=false
PRESENT CADENCE frame=1221 interval_ms=10.408584 paused=false
PRESENT CADENCE frame=1222 interval_ms=0.180791 paused=false
PRESENT CADENCE frame=1223 interval_ms=8.697084 paused=false
PRESENT CADENCE frame=1224 interval_ms=0.231583 paused=false
PRESENT CADENCE frame=1225 interval_ms=9.947042 paused=false
PRESENT CADENCE frame=1226 interval_ms=0.143666 paused=false
PRESENT CADENCE frame=1227 interval_ms=10.001375 paused=false
PRESENT CADENCE frame=1228 interval_ms=0.171667 paused=false
PRESENT CADENCE frame=1229 interval_ms=7.415167 paused=false
PRESENT CADENCE frame=1230 interval_ms=8.266500 paused=false
PRESENT CADENCE frame=1231 interval_ms=0.258333 paused=false
PRESENT CADENCE frame=1232 interval_ms=9.565542 paused=false
PRESENT CADENCE frame=1233 interval_ms=0.220333 paused=false
PRESENT CADENCE frame=1234 interval_ms=10.251042 paused=false
PRESENT CADENCE frame=1235 interval_ms=0.255833 paused=false
PRESENT CADENCE frame=1236 interval_ms=16.714250 paused=false
PRESENT CADENCE frame=1237 interval_ms=0.241500 paused=false
PRESENT CADENCE frame=1238 interval_ms=9.385083 paused=false
PRESENT CADENCE frame=1239 interval_ms=0.237917 paused=false
PRESENT CADENCE frame=1240 interval_ms=10.062458 paused=false
PRESENT CADENCE frame=1241 interval_ms=0.229250 paused=false
PRESENT CADENCE frame=1242 interval_ms=9.143709 paused=false
PRESENT CADENCE frame=1243 interval_ms=0.237291 paused=false
PRESENT CADENCE frame=1244 interval_ms=10.206709 paused=false
PRESENT CADENCE frame=1245 interval_ms=0.224375 paused=false
PRESENT CADENCE frame=1246 interval_ms=9.469083 paused=false
PRESENT CADENCE frame=1247 interval_ms=0.221458 paused=false
PRESENT CADENCE frame=1248 interval_ms=9.642625 paused=false
PRESENT CADENCE frame=1249 interval_ms=0.204959 paused=false
PRESENT CADENCE frame=1250 interval_ms=9.220041 paused=false
PRESENT CADENCE frame=1251 interval_ms=0.237000 paused=false
PRESENT CADENCE frame=1252 interval_ms=9.587125 paused=false
PRESENT CADENCE frame=1253 interval_ms=0.178500 paused=false
PRESENT CADENCE frame=1254 interval_ms=10.552125 paused=false
PRESENT CADENCE frame=1255 interval_ms=0.235334 paused=false
PRESENT CADENCE frame=1256 interval_ms=8.301416 paused=false
PRESENT CADENCE frame=1257 interval_ms=0.206792 paused=false
PRESENT CADENCE frame=1258 interval_ms=8.866708 paused=false
PRESENT CADENCE frame=1259 interval_ms=0.179167 paused=false
PRESENT CADENCE frame=1260 interval_ms=9.053458 paused=false
PRESENT CADENCE frame=1261 interval_ms=0.334459 paused=false
PRESENT CADENCE frame=1262 interval_ms=9.356291 paused=false
PRESENT CADENCE frame=1263 interval_ms=0.256250 paused=false
PRESENT CADENCE frame=1264 interval_ms=8.965292 paused=false
PRESENT CADENCE frame=1265 interval_ms=0.186125 paused=false
PRESENT CADENCE frame=1266 interval_ms=8.547708 paused=false
PRESENT CADENCE frame=1267 interval_ms=10.733542 paused=false
PRESENT CADENCE frame=1268 interval_ms=0.185083 paused=false
PRESENT CADENCE frame=1269 interval_ms=6.705459 paused=false
PRESENT CADENCE frame=1270 interval_ms=12.046625 paused=false
PRESENT CADENCE frame=1271 interval_ms=0.224000 paused=false
PRESENT CADENCE frame=1272 interval_ms=7.685625 paused=false
PRESENT CADENCE frame=1273 interval_ms=15.647416 paused=false
PRESENT CADENCE frame=1274 interval_ms=0.158459 paused=false
PRESENT CADENCE frame=1275 interval_ms=13.344958 paused=false
PRESENT CADENCE frame=1276 interval_ms=0.164333 paused=false
PRESENT CADENCE frame=1277 interval_ms=13.399292 paused=false
PRESENT CADENCE frame=1278 interval_ms=0.258667 paused=false
PRESENT CADENCE frame=1279 interval_ms=7.420333 paused=false
PRESENT CADENCE frame=1280 interval_ms=10.382708 paused=false
PRESENT CADENCE frame=1281 interval_ms=0.247625 paused=false
PRESENT CADENCE frame=1282 interval_ms=9.764125 paused=false
PRESENT CADENCE frame=1283 interval_ms=0.210375 paused=false
PRESENT CADENCE frame=1284 interval_ms=9.219667 paused=false
PRESENT CADENCE frame=1285 interval_ms=0.188417 paused=false
PRESENT CADENCE frame=1286 interval_ms=9.294541 paused=false
PRESENT CADENCE frame=1287 interval_ms=0.209334 paused=false
PRESENT CADENCE frame=1288 interval_ms=10.130458 paused=false
PRESENT CADENCE frame=1289 interval_ms=0.186042 paused=false
PRESENT CADENCE frame=1290 interval_ms=9.572666 paused=false
PRESENT CADENCE frame=1291 interval_ms=8.414125 paused=false
PRESENT CADENCE frame=1292 interval_ms=0.159375 paused=false
PRESENT CADENCE frame=1293 interval_ms=15.703625 paused=false
PRESENT CADENCE frame=1294 interval_ms=0.142834 paused=false
PRESENT CADENCE frame=1295 interval_ms=13.222750 paused=false
PRESENT CADENCE frame=1296 interval_ms=0.120083 paused=false
PRESENT CADENCE frame=1297 interval_ms=8.248958 paused=false
PRESENT CADENCE frame=1298 interval_ms=0.131334 paused=false
PRESENT CADENCE frame=1299 interval_ms=8.872500 paused=false
PRESENT CADENCE frame=1300 interval_ms=0.159500 paused=false
PRESENT CADENCE frame=1301 interval_ms=10.009250 paused=false
PRESENT CADENCE frame=1302 interval_ms=0.144041 paused=false
PRESENT CADENCE frame=1303 interval_ms=16.891500 paused=false
PRESENT CADENCE frame=1304 interval_ms=0.153167 paused=false
PRESENT CADENCE frame=1305 interval_ms=8.984500 paused=false
PRESENT CADENCE frame=1306 interval_ms=0.144750 paused=false
PRESENT CADENCE frame=1307 interval_ms=9.292292 paused=false
PRESENT CADENCE frame=1308 interval_ms=0.318833 paused=false
PRESENT CADENCE frame=1309 interval_ms=7.850625 paused=false
PRESENT CADENCE frame=1310 interval_ms=0.156833 paused=false
PRESENT CADENCE frame=1311 interval_ms=8.254875 paused=false
PRESENT CADENCE frame=1312 interval_ms=0.150250 paused=false
PRESENT CADENCE frame=1313 interval_ms=9.696084 paused=false
PRESENT CADENCE frame=1314 interval_ms=0.172916 paused=false
PRESENT CADENCE frame=1315 interval_ms=9.216375 paused=false
PRESENT CADENCE frame=1316 interval_ms=0.243875 paused=false
PRESENT CADENCE frame=1317 interval_ms=8.601667 paused=false
PRESENT CADENCE frame=1318 interval_ms=0.168750 paused=false
PRESENT CADENCE frame=1319 interval_ms=15.616917 paused=false
PRESENT CADENCE frame=1320 interval_ms=0.125916 paused=false
PRESENT CADENCE frame=1321 interval_ms=8.725542 paused=false
PRESENT CADENCE frame=1322 interval_ms=8.117250 paused=false
FULL MODEL WORKER work_ms=815.401 physics_ms=368.132 mesh_ms=187.397 partition_ms=11.083 streams_ms=248.789
PRESENT CADENCE frame=1323 interval_ms=31.594208 paused=false
PRESENT CADENCE frame=1324 interval_ms=1.347834 paused=false
PRESENT CADENCE frame=1325 interval_ms=9.367166 paused=false
PRESENT CADENCE frame=1326 interval_ms=0.245667 paused=false
PRESENT CADENCE frame=1327 interval_ms=15.708375 paused=false
PRESENT CADENCE frame=1328 interval_ms=0.209625 paused=false
PRESENT CADENCE frame=1329 interval_ms=12.054542 paused=false
PRESENT CADENCE frame=1330 interval_ms=0.198375 paused=false
PRESENT CADENCE frame=1331 interval_ms=7.670250 paused=false
PRESENT CADENCE frame=1332 interval_ms=14.359416 paused=false
PRESENT CADENCE frame=1333 interval_ms=0.187042 paused=false
PRESENT CADENCE frame=1334 interval_ms=10.247667 paused=false
PRESENT CADENCE frame=1335 interval_ms=0.164166 paused=false
PRESENT CADENCE frame=1336 interval_ms=7.526292 paused=false
PRESENT CADENCE frame=1337 interval_ms=11.142000 paused=false
PRESENT CADENCE frame=1338 interval_ms=0.204333 paused=false
PRESENT CADENCE frame=1339 interval_ms=15.347750 paused=false
PRESENT CADENCE frame=1340 interval_ms=0.276125 paused=false
PRESENT CADENCE frame=1341 interval_ms=7.145334 paused=false
PRESENT CADENCE frame=1342 interval_ms=11.722583 paused=false
PRESENT CADENCE frame=1343 interval_ms=0.164250 paused=false
PRESENT CADENCE frame=1344 interval_ms=7.679792 paused=false
PRESENT CADENCE frame=1345 interval_ms=7.860416 paused=false
PRESENT CADENCE frame=1346 interval_ms=0.239875 paused=false
PRESENT CADENCE frame=1347 interval_ms=9.044959 paused=false
PRESENT CADENCE frame=1348 interval_ms=10.137666 paused=false
PRESENT CADENCE frame=1349 interval_ms=0.134250 paused=false
PRESENT CADENCE frame=1350 interval_ms=6.575625 paused=false
PRESENT CADENCE frame=1351 interval_ms=6.024667 paused=false
PRESENT CADENCE frame=1352 interval_ms=10.058208 paused=false
PRESENT CADENCE frame=1353 interval_ms=0.150375 paused=false
PRESENT CADENCE frame=1354 interval_ms=9.905209 paused=false
PRESENT CADENCE frame=1355 interval_ms=0.150250 paused=false
PRESENT CADENCE frame=1356 interval_ms=9.703625 paused=false
PRESENT CADENCE frame=1357 interval_ms=0.166125 paused=false
PRESENT CADENCE frame=1358 interval_ms=9.313708 paused=false
PRESENT CADENCE frame=1359 interval_ms=0.152167 paused=false
PRESENT CADENCE frame=1360 interval_ms=17.825750 paused=false
PRESENT CADENCE frame=1361 interval_ms=0.147375 paused=false
PRESENT CADENCE frame=1362 interval_ms=9.103500 paused=false
PRESENT CADENCE frame=1363 interval_ms=0.162500 paused=false
PRESENT CADENCE frame=1364 interval_ms=9.426791 paused=false
PRESENT CADENCE frame=1365 interval_ms=10.250042 paused=false
PRESENT CADENCE frame=1366 interval_ms=0.234917 paused=false
PRESENT CADENCE frame=1367 interval_ms=7.742041 paused=false
PRESENT CADENCE frame=1368 interval_ms=12.913084 paused=false
PRESENT CADENCE frame=1369 interval_ms=0.146750 paused=false
PRESENT CADENCE frame=1370 interval_ms=8.978458 paused=false
PRESENT CADENCE frame=1371 interval_ms=9.726125 paused=false
PRESENT CADENCE frame=1372 interval_ms=0.315542 paused=false
PRESENT CADENCE frame=1373 interval_ms=8.743375 paused=false
PRESENT CADENCE frame=1374 interval_ms=0.211291 paused=false
PRESENT CADENCE frame=1375 interval_ms=9.258875 paused=false
PRESENT CADENCE frame=1376 interval_ms=0.275792 paused=false
PRESENT CADENCE frame=1377 interval_ms=9.168625 paused=false
PRESENT CADENCE frame=1378 interval_ms=0.220500 paused=false
PRESENT CADENCE frame=1379 interval_ms=8.835792 paused=false
PRESENT CADENCE frame=1380 interval_ms=0.160541 paused=false
PRESENT CADENCE frame=1381 interval_ms=9.222584 paused=false
PRESENT CADENCE frame=1382 interval_ms=0.192458 paused=false
PRESENT CADENCE frame=1383 interval_ms=9.668208 paused=false
PRESENT CADENCE frame=1384 interval_ms=0.193584 paused=false
PRESENT CADENCE frame=1385 interval_ms=9.096833 paused=false
PRESENT CADENCE frame=1386 interval_ms=0.185375 paused=false
PRESENT CADENCE frame=1387 interval_ms=10.401083 paused=false
PRESENT CADENCE frame=1388 interval_ms=0.176375 paused=false
PRESENT CADENCE frame=1389 interval_ms=8.023167 paused=false
PRESENT CADENCE frame=1390 interval_ms=11.848000 paused=false
PRESENT CADENCE frame=1391 interval_ms=0.136750 paused=false
PRESENT CADENCE frame=1392 interval_ms=8.131583 paused=false
PRESENT CADENCE frame=1393 interval_ms=0.133334 paused=false
PRESENT CADENCE frame=1394 interval_ms=7.520583 paused=false
PRESENT CADENCE frame=1395 interval_ms=10.519208 paused=false
PRESENT CADENCE frame=1396 interval_ms=14.759625 paused=false
PRESENT CADENCE frame=1397 interval_ms=0.135959 paused=false
PRESENT CADENCE frame=1398 interval_ms=10.192041 paused=false
PRESENT CADENCE frame=1399 interval_ms=0.137209 paused=false
PRESENT CADENCE frame=1400 interval_ms=10.245166 paused=false
PRESENT CADENCE frame=1401 interval_ms=0.157709 paused=false
PRESENT CADENCE frame=1402 interval_ms=10.211625 paused=false
PRESENT CADENCE frame=1403 interval_ms=11.087833 paused=false
PRESENT CADENCE frame=1404 interval_ms=0.259875 paused=false
PRESENT CADENCE frame=1405 interval_ms=15.926417 paused=false
PRESENT CADENCE frame=1406 interval_ms=0.202291 paused=false
PRESENT CADENCE frame=1407 interval_ms=11.898042 paused=false
PRESENT CADENCE frame=1408 interval_ms=0.643958 paused=false
PRESENT CADENCE frame=1409 interval_ms=16.620292 paused=false
PRESENT CADENCE frame=1410 interval_ms=0.251625 paused=false
PRESENT CADENCE frame=1411 interval_ms=8.814667 paused=false
PRESENT CADENCE frame=1412 interval_ms=0.234041 paused=false
PRESENT CADENCE frame=1413 interval_ms=9.384125 paused=false
PRESENT CADENCE frame=1414 interval_ms=0.177417 paused=false
PRESENT CADENCE frame=1415 interval_ms=9.210125 paused=false
PRESENT CADENCE frame=1416 interval_ms=0.137708 paused=false
PRESENT CADENCE frame=1417 interval_ms=9.738292 paused=false
PRESENT CADENCE frame=1418 interval_ms=0.141250 paused=false
PRESENT CADENCE frame=1419 interval_ms=9.165167 paused=false
PRESENT CADENCE frame=1420 interval_ms=0.183250 paused=false
PRESENT CADENCE frame=1421 interval_ms=9.750625 paused=false
PRESENT CADENCE frame=1422 interval_ms=0.206708 paused=false
PRESENT CADENCE frame=1423 interval_ms=9.771583 paused=false
PRESENT CADENCE frame=1424 interval_ms=0.161709 paused=false
PRESENT CADENCE frame=1425 interval_ms=10.678083 paused=false
PRESENT CADENCE frame=1426 interval_ms=0.151833 paused=false
PRESENT CADENCE frame=1427 interval_ms=8.902500 paused=false
PRESENT CADENCE frame=1428 interval_ms=10.642375 paused=false
PRESENT CADENCE frame=1429 interval_ms=0.221750 paused=false
PRESENT CADENCE frame=1430 interval_ms=8.589375 paused=false
PRESENT CADENCE frame=1431 interval_ms=0.184250 paused=false
PRESENT CADENCE frame=1432 interval_ms=7.790334 paused=false
PRESENT CADENCE frame=1433 interval_ms=0.207166 paused=false
PRESENT CADENCE frame=1434 interval_ms=9.314375 paused=false
PRESENT CADENCE frame=1435 interval_ms=0.198959 paused=false
PRESENT CADENCE frame=1436 interval_ms=7.163791 paused=false
PRESENT CADENCE frame=1437 interval_ms=9.507375 paused=false
PRESENT CADENCE frame=1438 interval_ms=10.928000 paused=false
PRESENT CADENCE frame=1439 interval_ms=0.246875 paused=false
PRESENT CADENCE frame=1440 interval_ms=14.319834 paused=false
FULL MODEL WORKER work_ms=713.277 physics_ms=313.327 mesh_ms=162.295 partition_ms=10.880 streams_ms=226.774
PRESENT CADENCE frame=1441 interval_ms=30.541125 paused=false
PRESENT CADENCE frame=1442 interval_ms=1.041166 paused=false
PRESENT CADENCE frame=1443 interval_ms=5.442334 paused=false
PRESENT CADENCE frame=1444 interval_ms=0.227708 paused=false
PRESENT CADENCE frame=1445 interval_ms=9.344167 paused=false
PRESENT CADENCE frame=1446 interval_ms=9.515500 paused=false
PRESENT CADENCE frame=1447 interval_ms=9.467708 paused=false
PRESENT CADENCE frame=1448 interval_ms=0.293167 paused=false
PRESENT CADENCE frame=1449 interval_ms=9.563958 paused=false
PRESENT CADENCE frame=1450 interval_ms=0.181833 paused=false
PRESENT CADENCE frame=1451 interval_ms=9.400542 paused=false
PRESENT CADENCE frame=1452 interval_ms=0.213500 paused=false
PRESENT CADENCE frame=1453 interval_ms=9.195542 paused=false
PRESENT CADENCE frame=1454 interval_ms=10.587541 paused=false
PRESENT CADENCE frame=1455 interval_ms=0.127375 paused=false
PRESENT CADENCE frame=1456 interval_ms=8.002167 paused=false
PRESENT CADENCE frame=1457 interval_ms=0.165625 paused=false
PRESENT CADENCE frame=1458 interval_ms=8.465042 paused=false
PRESENT CADENCE frame=1459 interval_ms=0.120208 paused=false
PRESENT CADENCE frame=1460 interval_ms=8.524500 paused=false
PRESENT CADENCE frame=1461 interval_ms=0.154583 paused=false
PRESENT CADENCE frame=1462 interval_ms=7.790750 paused=false
PRESENT CADENCE frame=1463 interval_ms=8.126584 paused=false
PRESENT CADENCE frame=1464 interval_ms=11.442791 paused=false
PRESENT CADENCE frame=1465 interval_ms=0.144459 paused=false
PRESENT CADENCE frame=1466 interval_ms=15.882833 paused=false
PRESENT CADENCE frame=1467 interval_ms=0.142792 paused=false
PRESENT CADENCE frame=1468 interval_ms=11.464833 paused=false
PRESENT CADENCE frame=1469 interval_ms=0.190833 paused=false
PRESENT CADENCE frame=1470 interval_ms=8.210500 paused=false
PRESENT CADENCE frame=1471 interval_ms=8.990250 paused=false
PRESENT CADENCE frame=1472 interval_ms=0.210292 paused=false
PRESENT CADENCE frame=1473 interval_ms=5.828083 paused=false
PRESENT CADENCE frame=1474 interval_ms=13.986417 paused=false
PRESENT CADENCE frame=1475 interval_ms=0.121167 paused=false
PRESENT CADENCE frame=1476 interval_ms=12.839666 paused=false
PRESENT CADENCE frame=1477 interval_ms=0.176875 paused=false
PRESENT CADENCE frame=1478 interval_ms=7.239042 paused=false
PRESENT CADENCE frame=1479 interval_ms=8.850917 paused=false
PRESENT CADENCE frame=1480 interval_ms=9.471916 paused=false
PRESENT CADENCE frame=1481 interval_ms=0.181417 paused=false
PRESENT CADENCE frame=1482 interval_ms=9.890833 paused=false
PRESENT CADENCE frame=1483 interval_ms=10.038959 paused=false
PRESENT CADENCE frame=1484 interval_ms=0.272333 paused=false
PRESENT CADENCE frame=1485 interval_ms=15.244417 paused=false
PRESENT CADENCE frame=1486 interval_ms=0.205958 paused=false
PRESENT CADENCE frame=1487 interval_ms=9.605250 paused=false
PRESENT CADENCE frame=1488 interval_ms=0.202958 paused=false
PRESENT CADENCE frame=1489 interval_ms=8.732042 paused=false
PRESENT CADENCE frame=1490 interval_ms=9.397208 paused=false
PRESENT CADENCE frame=1491 interval_ms=9.596042 paused=false
PRESENT CADENCE frame=1492 interval_ms=0.194250 paused=false
PRESENT CADENCE frame=1493 interval_ms=8.133083 paused=false
PRESENT CADENCE frame=1494 interval_ms=10.697584 paused=false
PRESENT CADENCE frame=1495 interval_ms=0.172666 paused=false
PRESENT CADENCE frame=1496 interval_ms=7.740667 paused=false
PRESENT CADENCE frame=1497 interval_ms=11.660667 paused=false
PRESENT CADENCE frame=1498 interval_ms=0.251208 paused=false
PRESENT CADENCE frame=1499 interval_ms=15.305125 paused=false
PRESENT CADENCE frame=1500 interval_ms=0.207875 paused=false
PRESENT CADENCE frame=1501 interval_ms=8.222083 paused=false
PRESENT CADENCE frame=1502 interval_ms=0.234292 paused=false
PRESENT CADENCE frame=1503 interval_ms=7.732458 paused=false
PRESENT CADENCE frame=1504 interval_ms=11.384959 paused=false
PRESENT CADENCE frame=1505 interval_ms=0.129625 paused=false
PRESENT CADENCE frame=1506 interval_ms=6.465083 paused=false
PRESENT CADENCE frame=1507 interval_ms=0.128708 paused=false
PRESENT CADENCE frame=1508 interval_ms=8.644875 paused=false
PRESENT CADENCE frame=1509 interval_ms=8.838375 paused=false
PRESENT CADENCE frame=1510 interval_ms=9.378250 paused=false
PRESENT CADENCE frame=1511 interval_ms=0.133292 paused=false
PRESENT CADENCE frame=1512 interval_ms=8.608875 paused=false
PRESENT CADENCE frame=1513 interval_ms=8.599500 paused=false
PRESENT CADENCE frame=1514 interval_ms=0.226458 paused=false
PRESENT CADENCE frame=1515 interval_ms=9.327209 paused=false
PRESENT CADENCE frame=1516 interval_ms=7.133000 paused=false
PRESENT CADENCE frame=1517 interval_ms=7.815458 paused=false
PRESENT CADENCE frame=1518 interval_ms=0.223792 paused=false
PRESENT CADENCE frame=1519 interval_ms=7.381041 paused=false
PRESENT CADENCE frame=1520 interval_ms=7.419959 paused=false
PRESENT CADENCE frame=1521 interval_ms=0.154458 paused=false
PRESENT CADENCE frame=1522 interval_ms=7.773125 paused=false
PRESENT CADENCE frame=1523 interval_ms=0.170875 paused=false
PRESENT CADENCE frame=1524 interval_ms=7.772667 paused=false
PRESENT CADENCE frame=1525 interval_ms=7.946958 paused=false
PRESENT CADENCE frame=1526 interval_ms=8.381208 paused=false
PRESENT CADENCE frame=1527 interval_ms=0.148334 paused=false
PRESENT CADENCE frame=1528 interval_ms=7.186416 paused=false
PRESENT CADENCE frame=1529 interval_ms=0.183209 paused=false
PRESENT CADENCE frame=1530 interval_ms=7.084583 paused=false
PRESENT CADENCE frame=1531 interval_ms=11.465542 paused=false
PRESENT CADENCE frame=1532 interval_ms=0.241333 paused=false
PRESENT CADENCE frame=1533 interval_ms=9.574500 paused=false
PRESENT CADENCE frame=1534 interval_ms=0.196792 paused=false
PRESENT CADENCE frame=1535 interval_ms=9.281291 paused=false
PRESENT CADENCE frame=1536 interval_ms=10.819542 paused=false
PRESENT CADENCE frame=1537 interval_ms=0.147792 paused=false
PRESENT CADENCE frame=1538 interval_ms=6.590416 paused=false
PRESENT CADENCE frame=1539 interval_ms=0.146834 paused=false
PRESENT CADENCE frame=1540 interval_ms=9.296083 paused=false
PRESENT CADENCE frame=1541 interval_ms=5.894167 paused=false
PRESENT CADENCE frame=1542 interval_ms=13.203958 paused=false
PRESENT CADENCE frame=1543 interval_ms=0.132375 paused=false
PRESENT CADENCE frame=1544 interval_ms=9.870958 paused=false
PRESENT CADENCE frame=1545 interval_ms=0.227959 paused=false
PRESENT CADENCE frame=1546 interval_ms=8.655875 paused=false
PRESENT CADENCE frame=1547 interval_ms=7.969458 paused=false
PRESENT CADENCE frame=1548 interval_ms=0.220625 paused=false
PRESENT CADENCE frame=1549 interval_ms=8.901125 paused=false
PRESENT CADENCE frame=1550 interval_ms=0.162083 paused=false
PRESENT CADENCE frame=1551 interval_ms=7.645750 paused=false
PRESENT CADENCE frame=1552 interval_ms=8.167375 paused=false
PRESENT CADENCE frame=1553 interval_ms=8.002834 paused=false
PRESENT CADENCE frame=1554 interval_ms=0.289125 paused=false
PRESENT CADENCE frame=1555 interval_ms=9.044416 paused=false
FULL MODEL WORKER work_ms=707.381 physics_ms=312.470 mesh_ms=161.937 partition_ms=10.685 streams_ms=222.289
PRESENT CADENCE frame=1556 interval_ms=34.475084 paused=false
PRESENT CADENCE frame=1557 interval_ms=0.680500 paused=false
PRESENT CADENCE frame=1558 interval_ms=9.256750 paused=false
PRESENT CADENCE frame=1559 interval_ms=0.194958 paused=false
PRESENT CADENCE frame=1560 interval_ms=10.016625 paused=false
PRESENT CADENCE frame=1561 interval_ms=7.739083 paused=false
PRESENT CADENCE frame=1562 interval_ms=8.226917 paused=false
PRESENT CADENCE frame=1563 interval_ms=4.935417 paused=false
PRESENT CADENCE frame=1564 interval_ms=19.826333 paused=false
PRESENT CADENCE frame=1565 interval_ms=0.235917 paused=false
PRESENT CADENCE frame=1566 interval_ms=5.960208 paused=false
PRESENT CADENCE frame=1567 interval_ms=11.618958 paused=false
PRESENT CADENCE frame=1568 interval_ms=0.201792 paused=false
PRESENT CADENCE frame=1569 interval_ms=5.923875 paused=false
PRESENT CADENCE frame=1570 interval_ms=9.314333 paused=false
PRESENT CADENCE frame=1571 interval_ms=0.181500 paused=false
PRESENT CADENCE frame=1572 interval_ms=8.170042 paused=false
PRESENT CADENCE frame=1573 interval_ms=0.186792 paused=false
PRESENT CADENCE frame=1574 interval_ms=7.188250 paused=false
PRESENT CADENCE frame=1575 interval_ms=8.390291 paused=false
PRESENT CADENCE frame=1576 interval_ms=8.592834 paused=false
PRESENT CADENCE frame=1577 interval_ms=0.226125 paused=false
PRESENT CADENCE frame=1578 interval_ms=7.914291 paused=false
PRESENT CADENCE frame=1579 interval_ms=6.969000 paused=false
PRESENT CADENCE frame=1580 interval_ms=10.367292 paused=false
PRESENT CADENCE frame=1581 interval_ms=0.218083 paused=false
PRESENT CADENCE frame=1582 interval_ms=7.643875 paused=false
PRESENT CADENCE frame=1583 interval_ms=13.673250 paused=false
PRESENT CADENCE frame=1584 interval_ms=0.140625 paused=false
PRESENT CADENCE frame=1585 interval_ms=8.534750 paused=false
PRESENT CADENCE frame=1586 interval_ms=11.557292 paused=false
PRESENT CADENCE frame=1587 interval_ms=0.272125 paused=false
PRESENT CADENCE frame=1588 interval_ms=9.428667 paused=false
PRESENT CADENCE frame=1589 interval_ms=0.194208 paused=false
PRESENT CADENCE frame=1590 interval_ms=9.450292 paused=false
PRESENT CADENCE frame=1591 interval_ms=0.222666 paused=false
PRESENT CADENCE frame=1592 interval_ms=8.657000 paused=false
PRESENT CADENCE frame=1593 interval_ms=9.300292 paused=false
PRESENT CADENCE frame=1594 interval_ms=0.187083 paused=false
PRESENT CADENCE frame=1595 interval_ms=6.789750 paused=false
PRESENT CADENCE frame=1596 interval_ms=12.069625 paused=false
PRESENT CADENCE frame=1597 interval_ms=0.230709 paused=false
PRESENT CADENCE frame=1598 interval_ms=7.506208 paused=false
PRESENT CADENCE frame=1599 interval_ms=0.197083 paused=false
PRESENT CADENCE frame=1600 interval_ms=6.522959 paused=false
PRESENT CADENCE frame=1601 interval_ms=12.048708 paused=false
PRESENT CADENCE frame=1602 interval_ms=0.179708 paused=false
PRESENT CADENCE frame=1603 interval_ms=13.694500 paused=false
PRESENT CADENCE frame=1604 interval_ms=0.127959 paused=false
PRESENT CADENCE frame=1605 interval_ms=7.460791 paused=false
PRESENT CADENCE frame=1606 interval_ms=0.142167 paused=false
PRESENT CADENCE frame=1607 interval_ms=6.094375 paused=false
PRESENT CADENCE frame=1608 interval_ms=9.340042 paused=false
PRESENT CADENCE frame=1609 interval_ms=13.723541 paused=false
PRESENT CADENCE frame=1610 interval_ms=0.154625 paused=false
PRESENT CADENCE frame=1611 interval_ms=10.694917 paused=false
PRESENT CADENCE frame=1612 interval_ms=0.140958 paused=false
PRESENT CADENCE frame=1613 interval_ms=10.525042 paused=false
PRESENT CADENCE frame=1614 interval_ms=9.169208 paused=false
PRESENT CADENCE frame=1615 interval_ms=0.239584 paused=false
PRESENT CADENCE frame=1616 interval_ms=16.574958 paused=false
PRESENT CADENCE frame=1617 interval_ms=0.198250 paused=false
PRESENT CADENCE frame=1618 interval_ms=8.433167 paused=false
PRESENT CADENCE frame=1619 interval_ms=0.199875 paused=false
PRESENT CADENCE frame=1620 interval_ms=9.349125 paused=false
PRESENT CADENCE frame=1621 interval_ms=0.216291 paused=false
PRESENT CADENCE frame=1622 interval_ms=8.252042 paused=false
PRESENT CADENCE frame=1623 interval_ms=11.381625 paused=false
PRESENT CADENCE frame=1624 interval_ms=0.169417 paused=false
PRESENT CADENCE frame=1625 interval_ms=9.685666 paused=false
PRESENT CADENCE frame=1626 interval_ms=7.497542 paused=false
PRESENT CADENCE frame=1627 interval_ms=0.208167 paused=false
PRESENT CADENCE frame=1628 interval_ms=8.675333 paused=false
PRESENT CADENCE frame=1629 interval_ms=0.209208 paused=false
PRESENT CADENCE frame=1630 interval_ms=8.520750 paused=false
PRESENT CADENCE frame=1631 interval_ms=0.173542 paused=false
PRESENT CADENCE frame=1632 interval_ms=6.611083 paused=false
PRESENT CADENCE frame=1633 interval_ms=8.513125 paused=false
PRESENT CADENCE frame=1634 interval_ms=12.852917 paused=false
PRESENT CADENCE frame=1635 interval_ms=0.240000 paused=false
PRESENT CADENCE frame=1636 interval_ms=8.545125 paused=false
PRESENT CADENCE frame=1637 interval_ms=0.169208 paused=false
PRESENT CADENCE frame=1638 interval_ms=8.565250 paused=false
PRESENT CADENCE frame=1639 interval_ms=9.968125 paused=false
PRESENT CADENCE frame=1640 interval_ms=0.166667 paused=false
PRESENT CADENCE frame=1641 interval_ms=10.161667 paused=false
PRESENT CADENCE frame=1642 interval_ms=16.491833 paused=false
PRESENT CADENCE frame=1643 interval_ms=0.226625 paused=false
PRESENT CADENCE frame=1644 interval_ms=9.046375 paused=false
PRESENT CADENCE frame=1645 interval_ms=0.232250 paused=false
PRESENT CADENCE frame=1646 interval_ms=8.063167 paused=false
PRESENT CADENCE frame=1647 interval_ms=13.109583 paused=false
PRESENT CADENCE frame=1648 interval_ms=0.136042 paused=false
PRESENT CADENCE frame=1649 interval_ms=8.865583 paused=false
PRESENT CADENCE frame=1650 interval_ms=0.161333 paused=false
PRESENT CADENCE frame=1651 interval_ms=8.477167 paused=false
PRESENT CADENCE frame=1652 interval_ms=14.107708 paused=false
PRESENT CADENCE frame=1653 interval_ms=0.363750 paused=false
PRESENT CADENCE frame=1654 interval_ms=11.561167 paused=false
PRESENT CADENCE frame=1655 interval_ms=0.225667 paused=false
PRESENT CADENCE frame=1656 interval_ms=8.742166 paused=false
PRESENT CADENCE frame=1657 interval_ms=11.302834 paused=false
PRESENT CADENCE frame=1658 interval_ms=0.146416 paused=false
PRESENT CADENCE frame=1659 interval_ms=8.508250 paused=false
PRESENT CADENCE frame=1660 interval_ms=10.645584 paused=false
PRESENT CADENCE frame=1661 interval_ms=0.273833 paused=false
PRESENT CADENCE frame=1662 interval_ms=9.170958 paused=false
PRESENT CADENCE frame=1663 interval_ms=9.179750 paused=false
PRESENT CADENCE frame=1664 interval_ms=0.185209 paused=false
PRESENT CADENCE frame=1665 interval_ms=8.420416 paused=false
PRESENT CADENCE frame=1666 interval_ms=8.554500 paused=false
PRESENT CADENCE frame=1667 interval_ms=9.217125 paused=false
PRESENT CADENCE frame=1668 interval_ms=0.201375 paused=false
PRESENT CADENCE frame=1669 interval_ms=9.561084 paused=false
PRESENT CADENCE frame=1670 interval_ms=0.232416 paused=false
PRESENT CADENCE frame=1671 interval_ms=10.617459 paused=false
PRESENT CADENCE frame=1672 interval_ms=0.160041 paused=false
PRESENT CADENCE frame=1673 interval_ms=7.970875 paused=false
PRESENT CADENCE frame=1674 interval_ms=12.715084 paused=false
PRESENT CADENCE frame=1675 interval_ms=0.249708 paused=false
PRESENT CADENCE frame=1676 interval_ms=8.310625 paused=false
FULL MODEL WORKER work_ms=768.748 physics_ms=313.640 mesh_ms=181.613 partition_ms=14.599 streams_ms=258.896
PRESENT CADENCE frame=1677 interval_ms=37.348625 paused=false
PRESENT CADENCE frame=1678 interval_ms=0.770542 paused=false
PRESENT CADENCE frame=1679 interval_ms=8.901000 paused=false
PRESENT CADENCE frame=1680 interval_ms=6.754416 paused=false
PRESENT CADENCE frame=1681 interval_ms=8.923042 paused=false
PRESENT CADENCE frame=1682 interval_ms=10.385250 paused=false
PRESENT CADENCE frame=1683 interval_ms=0.198792 paused=false
PRESENT CADENCE frame=1684 interval_ms=10.708416 paused=false
PRESENT CADENCE frame=1685 interval_ms=0.227917 paused=false
PRESENT CADENCE frame=1686 interval_ms=9.651375 paused=false
PRESENT CADENCE frame=1687 interval_ms=10.333708 paused=false
PRESENT CADENCE frame=1688 interval_ms=0.243709 paused=false
PRESENT CADENCE frame=1689 interval_ms=8.810875 paused=false
PRESENT CADENCE frame=1690 interval_ms=9.883125 paused=false
PRESENT CADENCE frame=1691 interval_ms=0.176791 paused=false
PRESENT CADENCE frame=1692 interval_ms=9.494375 paused=false
PRESENT CADENCE frame=1693 interval_ms=10.512459 paused=false
PRESENT CADENCE frame=1694 interval_ms=0.253875 paused=false
PRESENT CADENCE frame=1695 interval_ms=8.427916 paused=false
PRESENT CADENCE frame=1696 interval_ms=10.143334 paused=false
PRESENT CADENCE frame=1697 interval_ms=0.189333 paused=false
PRESENT CADENCE frame=1698 interval_ms=9.854500 paused=false
PRESENT CADENCE frame=1699 interval_ms=0.155458 paused=false
PRESENT CADENCE frame=1700 interval_ms=9.563875 paused=false
PRESENT CADENCE frame=1701 interval_ms=8.700292 paused=false
PRESENT CADENCE frame=1702 interval_ms=0.292708 paused=false
PRESENT CADENCE frame=1703 interval_ms=8.134667 paused=false
PRESENT CADENCE frame=1704 interval_ms=8.501125 paused=false
PRESENT CADENCE frame=1705 interval_ms=9.058125 paused=false
PRESENT CADENCE frame=1706 interval_ms=0.271042 paused=false
PRESENT CADENCE frame=1707 interval_ms=9.824708 paused=false
PRESENT CADENCE frame=1708 interval_ms=0.273708 paused=false
PRESENT CADENCE frame=1709 interval_ms=9.119084 paused=false
PRESENT CADENCE frame=1710 interval_ms=12.572333 paused=false
PRESENT CADENCE frame=1711 interval_ms=0.147167 paused=false
PRESENT CADENCE frame=1712 interval_ms=9.647291 paused=false
PRESENT CADENCE frame=1713 interval_ms=0.209167 paused=false
PRESENT CADENCE frame=1714 interval_ms=15.567417 paused=false
PRESENT CADENCE frame=1715 interval_ms=0.207666 paused=false
PRESENT CADENCE frame=1716 interval_ms=13.756792 paused=false
PRESENT CADENCE frame=1717 interval_ms=0.185042 paused=false
PRESENT CADENCE frame=1718 interval_ms=14.948291 paused=false
PRESENT CADENCE frame=1719 interval_ms=0.187959 paused=false
PRESENT CADENCE frame=1720 interval_ms=7.983250 paused=false
PRESENT CADENCE frame=1721 interval_ms=9.093458 paused=false
PRESENT CADENCE frame=1722 interval_ms=11.191000 paused=false
PRESENT CADENCE frame=1723 interval_ms=0.186917 paused=false
PRESENT CADENCE frame=1724 interval_ms=7.973875 paused=false
PRESENT CADENCE frame=1725 interval_ms=11.084250 paused=false
PRESENT CADENCE frame=1726 interval_ms=0.311625 paused=false
PRESENT CADENCE frame=1727 interval_ms=10.302291 paused=false
PRESENT CADENCE frame=1728 interval_ms=0.238542 paused=false
PRESENT CADENCE frame=1729 interval_ms=9.179167 paused=false
PRESENT CADENCE frame=1730 interval_ms=10.335375 paused=false
PRESENT CADENCE frame=1731 interval_ms=0.168458 paused=false
PRESENT CADENCE frame=1732 interval_ms=16.017250 paused=false
PRESENT CADENCE frame=1733 interval_ms=0.178375 paused=false
PRESENT CADENCE frame=1734 interval_ms=13.198917 paused=false
PRESENT CADENCE frame=1735 interval_ms=0.176708 paused=false
PRESENT CADENCE frame=1736 interval_ms=16.898417 paused=false
PRESENT CADENCE frame=1737 interval_ms=0.176875 paused=false
PRESENT CADENCE frame=1738 interval_ms=13.755750 paused=false
PRESENT CADENCE frame=1739 interval_ms=0.165500 paused=false
PRESENT CADENCE frame=1740 interval_ms=15.979583 paused=false
PRESENT CADENCE frame=1741 interval_ms=0.152292 paused=false
PRESENT CADENCE frame=1742 interval_ms=9.496541 paused=false
PRESENT CADENCE frame=1743 interval_ms=11.815292 paused=false
PRESENT CADENCE frame=1744 interval_ms=0.275208 paused=false
PRESENT CADENCE frame=1745 interval_ms=14.538125 paused=false
PRESENT CADENCE frame=1746 interval_ms=0.295625 paused=false
PRESENT CADENCE frame=1747 interval_ms=9.566500 paused=false
PRESENT CADENCE frame=1748 interval_ms=10.476750 paused=false
PRESENT CADENCE frame=1749 interval_ms=0.179584 paused=false
PRESENT CADENCE frame=1750 interval_ms=9.908000 paused=false
PRESENT CADENCE frame=1751 interval_ms=9.952625 paused=false
PRESENT CADENCE frame=1752 interval_ms=0.295666 paused=false
PRESENT CADENCE frame=1753 interval_ms=8.040500 paused=false
PRESENT CADENCE frame=1754 interval_ms=11.510667 paused=false
PRESENT CADENCE frame=1755 interval_ms=0.271333 paused=false
PRESENT CADENCE frame=1756 interval_ms=7.890084 paused=false
PRESENT CADENCE frame=1757 interval_ms=0.172416 paused=false
PRESENT CADENCE frame=1758 interval_ms=8.755292 paused=false
PRESENT CADENCE frame=1759 interval_ms=10.955375 paused=false
PRESENT CADENCE frame=1760 interval_ms=0.284875 paused=false
PRESENT CADENCE frame=1761 interval_ms=10.251625 paused=false
PRESENT CADENCE frame=1762 interval_ms=0.221250 paused=false
PRESENT CADENCE frame=1763 interval_ms=9.865417 paused=false
PRESENT CADENCE frame=1764 interval_ms=0.222041 paused=false
PRESENT CADENCE frame=1765 interval_ms=10.102792 paused=false
PRESENT CADENCE frame=1766 interval_ms=0.341875 paused=false
PRESENT CADENCE frame=1767 interval_ms=12.076958 paused=false
PRESENT CADENCE frame=1768 interval_ms=0.402834 paused=false
PRESENT CADENCE frame=1769 interval_ms=15.891166 paused=false
PRESENT CADENCE frame=1770 interval_ms=0.239209 paused=false
PRESENT CADENCE frame=1771 interval_ms=13.113166 paused=false
PRESENT CADENCE frame=1772 interval_ms=0.252709 paused=false
PRESENT CADENCE frame=1773 interval_ms=16.615750 paused=false
PRESENT CADENCE frame=1774 interval_ms=0.285666 paused=false
PRESENT CADENCE frame=1775 interval_ms=11.813584 paused=false
PRESENT CADENCE frame=1776 interval_ms=0.227833 paused=false
PRESENT CADENCE frame=1777 interval_ms=9.264042 paused=false
PRESENT CADENCE frame=1778 interval_ms=12.737000 paused=false
PRESENT CADENCE frame=1779 interval_ms=0.185541 paused=false
PRESENT CADENCE frame=1780 interval_ms=9.658167 paused=false
PRESENT CADENCE frame=1781 interval_ms=10.108583 paused=false
PRESENT CADENCE frame=1782 interval_ms=0.265167 paused=false
PRESENT CADENCE frame=1783 interval_ms=9.977500 paused=false
PRESENT CADENCE frame=1784 interval_ms=0.287292 paused=false
PRESENT CADENCE frame=1785 interval_ms=9.251958 paused=false
PRESENT CADENCE frame=1786 interval_ms=0.244500 paused=false
PRESENT CADENCE frame=1787 interval_ms=9.909500 paused=false
PRESENT CADENCE frame=1788 interval_ms=11.028708 paused=false
PRESENT CADENCE frame=1789 interval_ms=0.222500 paused=false
PRESENT CADENCE frame=1790 interval_ms=10.418917 paused=false
PRESENT CADENCE frame=1791 interval_ms=0.172500 paused=false
PRESENT CADENCE frame=1792 interval_ms=9.814917 paused=false
PRESENT CADENCE frame=1793 interval_ms=0.187458 paused=false
PRESENT CADENCE frame=1794 interval_ms=10.411708 paused=false
PRESENT CADENCE frame=1795 interval_ms=0.190709 paused=false
PRESENT CADENCE frame=1796 interval_ms=9.417416 paused=false
PRESENT CADENCE frame=1797 interval_ms=10.774125 paused=false
PRESENT CADENCE frame=1798 interval_ms=0.307417 paused=false
PRESENT CADENCE frame=1799 interval_ms=8.771167 paused=false
PRESENT CADENCE frame=1800 interval_ms=0.200791 paused=false
PRESENT CADENCE frame=1801 interval_ms=8.972250 paused=false
PRESENT CADENCE frame=1802 interval_ms=0.234459 paused=false
PRESENT CADENCE frame=1803 interval_ms=8.524916 paused=false
PRESENT CADENCE frame=1804 interval_ms=14.367209 paused=false
PRESENT CADENCE frame=1805 interval_ms=0.312833 paused=false
PRESENT CADENCE frame=1806 interval_ms=15.483042 paused=false
PRESENT CADENCE frame=1807 interval_ms=0.181958 paused=false
PRESENT CADENCE frame=1808 interval_ms=11.390583 paused=false
PRESENT CADENCE frame=1809 interval_ms=0.158459 paused=false
PRESENT CADENCE frame=1810 interval_ms=7.885666 paused=false
PRESENT CADENCE frame=1811 interval_ms=7.579542 paused=false
FULL MODEL WORKER work_ms=904.167 physics_ms=409.252 mesh_ms=214.648 partition_ms=18.619 streams_ms=261.648
PRESENT CADENCE frame=1812 interval_ms=38.226250 paused=false
PRESENT CADENCE frame=1813 interval_ms=1.752583 paused=false
PRESENT CADENCE frame=1814 interval_ms=7.329750 paused=false
PRESENT CADENCE frame=1815 interval_ms=0.206584 paused=false
PRESENT CADENCE frame=1816 interval_ms=9.453666 paused=false
PRESENT CADENCE frame=1817 interval_ms=9.493667 paused=false
PRESENT CADENCE frame=1818 interval_ms=9.390667 paused=false
PRESENT CADENCE frame=1819 interval_ms=10.442458 paused=false
PRESENT CADENCE frame=1820 interval_ms=0.188375 paused=false
PRESENT CADENCE frame=1821 interval_ms=16.241208 paused=false
PRESENT CADENCE frame=1822 interval_ms=0.162459 paused=false
PRESENT CADENCE frame=1823 interval_ms=8.571541 paused=false
PRESENT CADENCE frame=1824 interval_ms=10.245334 paused=false
PRESENT CADENCE frame=1825 interval_ms=0.233125 paused=false
PRESENT CADENCE frame=1826 interval_ms=9.691791 paused=false
PRESENT CADENCE frame=1827 interval_ms=11.373084 paused=false
PRESENT CADENCE frame=1828 interval_ms=0.163708 paused=false
PRESENT CADENCE frame=1829 interval_ms=9.328208 paused=false
PRESENT CADENCE frame=1830 interval_ms=11.348042 paused=false
PRESENT CADENCE frame=1831 interval_ms=0.241792 paused=false
PRESENT CADENCE frame=1832 interval_ms=8.893166 paused=false
PRESENT CADENCE frame=1833 interval_ms=12.084375 paused=false
PRESENT CADENCE frame=1834 interval_ms=0.159167 paused=false
PRESENT CADENCE frame=1835 interval_ms=9.698500 paused=false
PRESENT CADENCE frame=1836 interval_ms=10.606333 paused=false
PRESENT CADENCE frame=1837 interval_ms=0.257084 paused=false
PRESENT CADENCE frame=1838 interval_ms=9.497041 paused=false
PRESENT CADENCE frame=1839 interval_ms=9.393209 paused=false
PRESENT CADENCE frame=1840 interval_ms=0.215791 paused=false
PRESENT CADENCE frame=1841 interval_ms=8.414584 paused=false
PRESENT CADENCE frame=1842 interval_ms=7.750958 paused=false
PRESENT CADENCE frame=1843 interval_ms=11.813583 paused=false
PRESENT CADENCE frame=1844 interval_ms=0.146834 paused=false
PRESENT CADENCE frame=1845 interval_ms=7.717041 paused=false
PRESENT CADENCE frame=1846 interval_ms=13.223292 paused=false
PRESENT CADENCE frame=1847 interval_ms=0.278167 paused=false
PRESENT CADENCE frame=1848 interval_ms=7.869166 paused=false
PRESENT CADENCE frame=1849 interval_ms=6.807709 paused=false
PRESENT CADENCE frame=1850 interval_ms=9.883250 paused=false
PRESENT CADENCE frame=1851 interval_ms=10.154666 paused=false
PRESENT CADENCE frame=1852 interval_ms=0.218625 paused=false
PRESENT CADENCE frame=1853 interval_ms=15.572500 paused=false
PRESENT CADENCE frame=1854 interval_ms=0.172667 paused=false
PRESENT CADENCE frame=1855 interval_ms=10.180208 paused=false
PRESENT CADENCE frame=1856 interval_ms=9.550667 paused=false
PRESENT CADENCE frame=1857 interval_ms=0.311417 paused=false
PRESENT CADENCE frame=1858 interval_ms=9.084541 paused=false
PRESENT CADENCE frame=1859 interval_ms=11.569542 paused=false
PRESENT CADENCE frame=1860 interval_ms=0.268417 paused=false
PRESENT CADENCE frame=1861 interval_ms=10.188083 paused=false
PRESENT CADENCE frame=1862 interval_ms=11.053458 paused=false
PRESENT CADENCE frame=1863 interval_ms=0.261417 paused=false
PRESENT CADENCE frame=1864 interval_ms=8.556708 paused=false
PRESENT CADENCE frame=1865 interval_ms=10.936792 paused=false
PRESENT CADENCE frame=1866 interval_ms=0.169833 paused=false
PRESENT CADENCE frame=1867 interval_ms=8.288834 paused=false
PRESENT CADENCE frame=1868 interval_ms=0.157458 paused=false
PRESENT CADENCE frame=1869 interval_ms=9.596958 paused=false
PRESENT CADENCE frame=1870 interval_ms=0.259417 paused=false
PRESENT CADENCE frame=1871 interval_ms=9.857667 paused=false
PRESENT CADENCE frame=1872 interval_ms=12.293750 paused=false
PRESENT CADENCE frame=1873 interval_ms=0.272625 paused=false
PRESENT CADENCE frame=1874 interval_ms=9.757916 paused=false
PRESENT CADENCE frame=1875 interval_ms=12.112667 paused=false
PRESENT CADENCE frame=1876 interval_ms=0.202375 paused=false
PRESENT CADENCE frame=1877 interval_ms=11.075750 paused=false
PRESENT CADENCE frame=1878 interval_ms=0.181208 paused=false
PRESENT CADENCE frame=1879 interval_ms=11.372292 paused=false
PRESENT CADENCE frame=1880 interval_ms=0.186542 paused=false
PRESENT CADENCE frame=1881 interval_ms=9.756250 paused=false
PRESENT CADENCE frame=1882 interval_ms=0.200041 paused=false
PRESENT CADENCE frame=1883 interval_ms=9.208667 paused=false
PRESENT CADENCE frame=1884 interval_ms=0.202583 paused=false
PRESENT CADENCE frame=1885 interval_ms=9.656959 paused=false
PRESENT CADENCE frame=1886 interval_ms=0.208666 paused=false
PRESENT CADENCE frame=1887 interval_ms=10.747417 paused=false
PRESENT CADENCE frame=1888 interval_ms=12.785583 paused=false
PRESENT CADENCE frame=1889 interval_ms=0.484709 paused=false
PRESENT CADENCE frame=1890 interval_ms=9.998583 paused=false
PRESENT CADENCE frame=1891 interval_ms=10.473750 paused=false
PRESENT CADENCE frame=1892 interval_ms=0.213208 paused=false
PRESENT CADENCE frame=1893 interval_ms=9.891417 paused=false
PRESENT CADENCE frame=1894 interval_ms=9.867708 paused=false
PRESENT CADENCE frame=1895 interval_ms=0.153667 paused=false
PRESENT CADENCE frame=1896 interval_ms=6.883792 paused=false
PRESENT CADENCE frame=1897 interval_ms=6.945916 paused=false
PRESENT CADENCE frame=1898 interval_ms=9.388750 paused=false
PRESENT CADENCE frame=1899 interval_ms=0.257042 paused=false
PRESENT CADENCE frame=1900 interval_ms=10.325833 paused=false
PRESENT CADENCE frame=1901 interval_ms=0.247084 paused=false
PRESENT CADENCE frame=1902 interval_ms=10.367333 paused=false
PRESENT CADENCE frame=1903 interval_ms=0.194542 paused=false
PRESENT CADENCE frame=1904 interval_ms=10.005625 paused=false
PRESENT CADENCE frame=1905 interval_ms=0.175000 paused=false
PRESENT CADENCE frame=1906 interval_ms=9.144583 paused=false
PRESENT CADENCE frame=1907 interval_ms=9.163083 paused=false
PRESENT CADENCE frame=1908 interval_ms=0.289959 paused=false
PRESENT CADENCE frame=1909 interval_ms=10.606958 paused=false
PRESENT CADENCE frame=1910 interval_ms=10.344708 paused=false
PRESENT CADENCE frame=1911 interval_ms=0.190125 paused=false
PRESENT CADENCE frame=1912 interval_ms=15.211209 paused=false
PRESENT CADENCE frame=1913 interval_ms=0.240125 paused=false
PRESENT CADENCE frame=1914 interval_ms=9.642583 paused=false
PRESENT CADENCE frame=1915 interval_ms=10.772083 paused=false
PRESENT CADENCE frame=1916 interval_ms=0.349084 paused=false
PRESENT CADENCE frame=1917 interval_ms=8.023958 paused=false
PRESENT CADENCE frame=1918 interval_ms=0.254208 paused=false
PRESENT CADENCE frame=1919 interval_ms=8.458084 paused=false
PRESENT CADENCE frame=1920 interval_ms=9.476458 paused=false
PRESENT CADENCE frame=1921 interval_ms=12.453042 paused=false
PRESENT CADENCE frame=1922 interval_ms=0.255333 paused=false
PRESENT CADENCE frame=1923 interval_ms=9.198125 paused=false
PRESENT CADENCE frame=1924 interval_ms=12.140750 paused=false
PRESENT CADENCE frame=1925 interval_ms=0.191208 paused=false
PRESENT CADENCE frame=1926 interval_ms=15.825792 paused=false
PRESENT CADENCE frame=1927 interval_ms=0.259792 paused=false
PRESENT CADENCE frame=1928 interval_ms=13.157333 paused=false
PRESENT CADENCE frame=1929 interval_ms=0.177000 paused=false
PRESENT CADENCE frame=1930 interval_ms=15.918458 paused=false
PRESENT CADENCE frame=1931 interval_ms=0.308917 paused=false
PRESENT CADENCE frame=1932 interval_ms=9.732542 paused=false
PRESENT CADENCE frame=1933 interval_ms=0.196250 paused=false
PRESENT CADENCE frame=1934 interval_ms=7.366291 paused=false
PRESENT CADENCE frame=1935 interval_ms=12.742625 paused=false
PRESENT CADENCE frame=1936 interval_ms=0.232500 paused=false
PRESENT CADENCE frame=1937 interval_ms=8.375459 paused=false
PRESENT CADENCE frame=1938 interval_ms=0.232791 paused=false
PRESENT CADENCE frame=1939 interval_ms=9.583167 paused=false
PRESENT CADENCE frame=1940 interval_ms=0.238875 paused=false
PRESENT CADENCE frame=1941 interval_ms=7.550708 paused=false
PRESENT CADENCE frame=1942 interval_ms=10.199584 paused=false
PRESENT CADENCE frame=1943 interval_ms=10.150125 paused=false
PRESENT CADENCE frame=1944 interval_ms=0.272541 paused=false
PRESENT CADENCE frame=1945 interval_ms=9.635667 paused=false
PRESENT CADENCE frame=1946 interval_ms=8.843958 paused=false
PRESENT CADENCE frame=1947 interval_ms=0.169084 paused=false
PRESENT CADENCE frame=1948 interval_ms=15.700375 paused=false
FULL MODEL WORKER work_ms=934.458 physics_ms=439.984 mesh_ms=213.660 partition_ms=15.123 streams_ms=265.690
PRESENT CADENCE frame=1949 interval_ms=37.457125 paused=false
PRESENT CADENCE frame=1950 interval_ms=1.399000 paused=false
PRESENT CADENCE frame=1951 interval_ms=12.363833 paused=false
PRESENT CADENCE frame=1952 interval_ms=0.161042 paused=false
PRESENT CADENCE frame=1953 interval_ms=8.418750 paused=false
PRESENT CADENCE frame=1954 interval_ms=8.699958 paused=false
PRESENT CADENCE frame=1955 interval_ms=0.314333 paused=false
PRESENT CADENCE frame=1956 interval_ms=9.278167 paused=false
PRESENT CADENCE frame=1957 interval_ms=10.269792 paused=false
PRESENT CADENCE frame=1958 interval_ms=0.148041 paused=false
PRESENT CADENCE frame=1959 interval_ms=8.564334 paused=false
PRESENT CADENCE frame=1960 interval_ms=9.281541 paused=false
PRESENT CADENCE frame=1961 interval_ms=0.269250 paused=false
PRESENT CADENCE frame=1962 interval_ms=8.941917 paused=false
PRESENT CADENCE frame=1963 interval_ms=0.256625 paused=false
PRESENT CADENCE frame=1964 interval_ms=9.268833 paused=false
PRESENT CADENCE frame=1965 interval_ms=9.383334 paused=false
PRESENT CADENCE frame=1966 interval_ms=0.151583 paused=false
PRESENT CADENCE frame=1967 interval_ms=8.663667 paused=false
PRESENT CADENCE frame=1968 interval_ms=0.196583 paused=false
PRESENT CADENCE frame=1969 interval_ms=8.159333 paused=false
PRESENT CADENCE frame=1970 interval_ms=0.165084 paused=false
PRESENT CADENCE frame=1971 interval_ms=7.742625 paused=false
PRESENT CADENCE frame=1972 interval_ms=0.194416 paused=false
PRESENT CADENCE frame=1973 interval_ms=9.777500 paused=false
PRESENT CADENCE frame=1974 interval_ms=0.159167 paused=false
PRESENT CADENCE frame=1975 interval_ms=8.241542 paused=false
PRESENT CADENCE frame=1976 interval_ms=9.501000 paused=false
PRESENT CADENCE frame=1977 interval_ms=8.439583 paused=false
PRESENT CADENCE frame=1978 interval_ms=0.159750 paused=false
PRESENT CADENCE frame=1979 interval_ms=8.261917 paused=false
PRESENT CADENCE frame=1980 interval_ms=8.666125 paused=false
PRESENT CADENCE frame=1981 interval_ms=0.264291 paused=false
PRESENT CADENCE frame=1982 interval_ms=8.103417 paused=false
PRESENT CADENCE frame=1983 interval_ms=7.965708 paused=false
PRESENT CADENCE frame=1984 interval_ms=0.268042 paused=false
PRESENT CADENCE frame=1985 interval_ms=6.332708 paused=false
PRESENT CADENCE frame=1986 interval_ms=12.714542 paused=false
PRESENT CADENCE frame=1987 interval_ms=0.222583 paused=false
PRESENT CADENCE frame=1988 interval_ms=15.399917 paused=false
PRESENT CADENCE frame=1989 interval_ms=0.293500 paused=false
PRESENT CADENCE frame=1990 interval_ms=10.345292 paused=false
PRESENT CADENCE frame=1991 interval_ms=0.239416 paused=false
PRESENT CADENCE frame=1992 interval_ms=6.613625 paused=false
PRESENT CADENCE frame=1993 interval_ms=13.288000 paused=false
PRESENT CADENCE frame=1994 interval_ms=0.170167 paused=false
PRESENT CADENCE frame=1995 interval_ms=7.192833 paused=false
PRESENT CADENCE frame=1996 interval_ms=0.174834 paused=false
PRESENT CADENCE frame=1997 interval_ms=8.741125 paused=false
PRESENT CADENCE frame=1998 interval_ms=9.790583 paused=false
PRESENT CADENCE frame=1999 interval_ms=0.240167 paused=false
PRESENT CADENCE frame=2000 interval_ms=9.608583 paused=false
PRESENT CADENCE frame=2001 interval_ms=0.220583 paused=false
PRESENT CADENCE frame=2002 interval_ms=8.623584 paused=false
PRESENT CADENCE frame=2003 interval_ms=0.191583 paused=false
PRESENT CADENCE frame=2004 interval_ms=16.269208 paused=false
PRESENT CADENCE frame=2005 interval_ms=0.249917 paused=false
PRESENT CADENCE frame=2006 interval_ms=12.619042 paused=false
PRESENT CADENCE frame=2007 interval_ms=0.280708 paused=false
PRESENT CADENCE frame=2008 interval_ms=14.854250 paused=false
PRESENT CADENCE frame=2009 interval_ms=0.200333 paused=false
PRESENT CADENCE frame=2010 interval_ms=13.190250 paused=false
PRESENT CADENCE frame=2011 interval_ms=0.203042 paused=false
PRESENT CADENCE frame=2012 interval_ms=8.483292 paused=false
PRESENT CADENCE frame=2013 interval_ms=8.915250 paused=false
PRESENT CADENCE frame=2014 interval_ms=0.181916 paused=false
PRESENT CADENCE frame=2015 interval_ms=8.242625 paused=false
PRESENT CADENCE frame=2016 interval_ms=8.614209 paused=false
PRESENT CADENCE frame=2017 interval_ms=0.296750 paused=false
PRESENT CADENCE frame=2018 interval_ms=8.850916 paused=false
PRESENT CADENCE frame=2019 interval_ms=9.869959 paused=false
PRESENT CADENCE frame=2020 interval_ms=0.159458 paused=false
PRESENT CADENCE frame=2021 interval_ms=15.997667 paused=false
PRESENT CADENCE frame=2022 interval_ms=0.151500 paused=false
PRESENT CADENCE frame=2023 interval_ms=7.918458 paused=false
PRESENT CADENCE frame=2024 interval_ms=0.149792 paused=false
PRESENT CADENCE frame=2025 interval_ms=9.052416 paused=false
PRESENT CADENCE frame=2026 interval_ms=0.166584 paused=false
PRESENT CADENCE frame=2027 interval_ms=8.378000 paused=false
PRESENT CADENCE frame=2028 interval_ms=0.190333 paused=false
PRESENT CADENCE frame=2029 interval_ms=7.718875 paused=false
PRESENT CADENCE frame=2030 interval_ms=0.157208 paused=false
PRESENT CADENCE frame=2031 interval_ms=9.315792 paused=false
PRESENT CADENCE frame=2032 interval_ms=0.165708 paused=false
PRESENT CADENCE frame=2033 interval_ms=8.814375 paused=false
PRESENT CADENCE frame=2034 interval_ms=0.183334 paused=false
PRESENT CADENCE frame=2035 interval_ms=8.905541 paused=false
PRESENT CADENCE frame=2036 interval_ms=0.182500 paused=false
PRESENT CADENCE frame=2037 interval_ms=9.442375 paused=false
PRESENT CADENCE frame=2038 interval_ms=0.165709 paused=false
PRESENT CADENCE frame=2039 interval_ms=7.118916 paused=false
PRESENT CADENCE frame=2040 interval_ms=10.304000 paused=false
PRESENT CADENCE frame=2041 interval_ms=0.429417 paused=false
PRESENT CADENCE frame=2042 interval_ms=9.484167 paused=false
PRESENT CADENCE frame=2043 interval_ms=10.497250 paused=false
PRESENT CADENCE frame=2044 interval_ms=0.180000 paused=false
PRESENT CADENCE frame=2045 interval_ms=10.136750 paused=false
PRESENT CADENCE frame=2046 interval_ms=0.257708 paused=false
PRESENT CADENCE frame=2047 interval_ms=10.327542 paused=false
PRESENT CADENCE frame=2048 interval_ms=0.238875 paused=false
PRESENT CADENCE frame=2049 interval_ms=8.928583 paused=false
PRESENT CADENCE frame=2050 interval_ms=0.272458 paused=false
PRESENT CADENCE frame=2051 interval_ms=10.223167 paused=false
PRESENT CADENCE frame=2052 interval_ms=0.287042 paused=false
PRESENT CADENCE frame=2053 interval_ms=10.108458 paused=false
PRESENT CADENCE frame=2054 interval_ms=0.255333 paused=false
PRESENT CADENCE frame=2055 interval_ms=8.741959 paused=false
PRESENT CADENCE frame=2056 interval_ms=11.788250 paused=false
PRESENT CADENCE frame=2057 interval_ms=0.204583 paused=false
PRESENT CADENCE frame=2058 interval_ms=9.104000 paused=false
PRESENT CADENCE frame=2059 interval_ms=0.194208 paused=false
PRESENT CADENCE frame=2060 interval_ms=8.320584 paused=false
PRESENT CADENCE frame=2061 interval_ms=10.448791 paused=false
PRESENT CADENCE frame=2062 interval_ms=0.206292 paused=false
PRESENT CADENCE frame=2063 interval_ms=8.253083 paused=false
PRESENT CADENCE frame=2064 interval_ms=10.159625 paused=false
PRESENT CADENCE frame=2065 interval_ms=0.255625 paused=false
PRESENT CADENCE frame=2066 interval_ms=14.730959 paused=false
PRESENT CADENCE frame=2067 interval_ms=0.184833 paused=false
PRESENT CADENCE frame=2068 interval_ms=6.676542 paused=false
PRESENT CADENCE frame=2069 interval_ms=6.605000 paused=false
PRESENT CADENCE frame=2070 interval_ms=9.747083 paused=false
PRESENT CADENCE frame=2071 interval_ms=0.201917 paused=false
PRESENT CADENCE frame=2072 interval_ms=8.032000 paused=false
PRESENT CADENCE frame=2073 interval_ms=8.775000 paused=false
PRESENT CADENCE frame=2074 interval_ms=0.290958 paused=false
PRESENT CADENCE frame=2075 interval_ms=9.539625 paused=false
PRESENT CADENCE frame=2076 interval_ms=0.272875 paused=false
PRESENT CADENCE frame=2077 interval_ms=9.546667 paused=false
PRESENT CADENCE frame=2078 interval_ms=0.255166 paused=false
PRESENT CADENCE frame=2079 interval_ms=8.883917 paused=false
PRESENT CADENCE frame=2080 interval_ms=8.553375 paused=false
FULL MODEL WORKER work_ms=789.528 physics_ms=370.267 mesh_ms=184.249 partition_ms=12.585 streams_ms=222.427
PRESENT CADENCE frame=2081 interval_ms=36.212042 paused=false
PRESENT CADENCE frame=2082 interval_ms=3.207916 paused=false
PRESENT CADENCE frame=2083 interval_ms=3.072250 paused=false
PRESENT CADENCE frame=2084 interval_ms=0.151667 paused=false
PRESENT CADENCE frame=2085 interval_ms=7.785708 paused=false
PRESENT CADENCE frame=2086 interval_ms=10.135542 paused=false
PRESENT CADENCE frame=2087 interval_ms=9.701500 paused=false
PRESENT CADENCE frame=2088 interval_ms=0.293708 paused=false
PRESENT CADENCE frame=2089 interval_ms=8.016292 paused=false
PRESENT CADENCE frame=2090 interval_ms=0.254708 paused=false
PRESENT CADENCE frame=2091 interval_ms=8.106667 paused=false
PRESENT CADENCE frame=2092 interval_ms=8.763292 paused=false
PRESENT CADENCE frame=2093 interval_ms=0.176416 paused=false
PRESENT CADENCE frame=2094 interval_ms=8.231042 paused=false
PRESENT CADENCE frame=2095 interval_ms=0.221875 paused=false
PRESENT CADENCE frame=2096 interval_ms=8.121750 paused=false
PRESENT CADENCE frame=2097 interval_ms=7.656250 paused=false
PRESENT CADENCE frame=2098 interval_ms=0.371250 paused=false
PRESENT CADENCE frame=2099 interval_ms=7.359750 paused=false
PRESENT CADENCE frame=2100 interval_ms=0.204792 paused=false
PRESENT CADENCE frame=2101 interval_ms=9.673500 paused=false
PRESENT CADENCE frame=2102 interval_ms=0.274833 paused=false
PRESENT CADENCE frame=2103 interval_ms=7.853250 paused=false
PRESENT CADENCE frame=2104 interval_ms=11.486333 paused=false
PRESENT CADENCE frame=2105 interval_ms=0.149459 paused=false
PRESENT CADENCE frame=2106 interval_ms=13.333791 paused=false
PRESENT CADENCE frame=2107 interval_ms=0.155709 paused=false
PRESENT CADENCE frame=2108 interval_ms=8.871541 paused=false
PRESENT CADENCE frame=2109 interval_ms=8.014750 paused=false
PRESENT CADENCE frame=2110 interval_ms=0.219625 paused=false
PRESENT CADENCE frame=2111 interval_ms=8.988500 paused=false
PRESENT CADENCE frame=2112 interval_ms=0.192917 paused=false
PRESENT CADENCE frame=2113 interval_ms=8.027875 paused=false
PRESENT CADENCE frame=2114 interval_ms=10.243458 paused=false
PRESENT CADENCE frame=2115 interval_ms=0.136042 paused=false
PRESENT CADENCE frame=2116 interval_ms=15.297083 paused=false
PRESENT CADENCE frame=2117 interval_ms=0.200334 paused=false
PRESENT CADENCE frame=2118 interval_ms=11.281875 paused=false
PRESENT CADENCE frame=2119 interval_ms=0.165791 paused=false
PRESENT CADENCE frame=2120 interval_ms=8.157042 paused=false
PRESENT CADENCE frame=2121 interval_ms=9.398917 paused=false
PRESENT CADENCE frame=2122 interval_ms=0.294291 paused=false
PRESENT CADENCE frame=2123 interval_ms=5.993625 paused=false
PRESENT CADENCE frame=2124 interval_ms=6.860250 paused=false
PRESENT CADENCE frame=2125 interval_ms=9.753500 paused=false
PRESENT CADENCE frame=2126 interval_ms=0.266959 paused=false
PRESENT CADENCE frame=2127 interval_ms=13.624666 paused=false
PRESENT CADENCE frame=2128 interval_ms=0.236917 paused=false
PRESENT CADENCE frame=2129 interval_ms=9.066208 paused=false
PRESENT CADENCE frame=2130 interval_ms=0.245209 paused=false
PRESENT CADENCE frame=2131 interval_ms=8.764583 paused=false
PRESENT CADENCE frame=2132 interval_ms=0.206125 paused=false
PRESENT CADENCE frame=2133 interval_ms=8.124000 paused=false
PRESENT CADENCE frame=2134 interval_ms=9.035625 paused=false
PRESENT CADENCE frame=2135 interval_ms=0.160583 paused=false
PRESENT CADENCE frame=2136 interval_ms=7.353250 paused=false
PRESENT CADENCE frame=2137 interval_ms=0.194625 paused=false
PRESENT CADENCE frame=2138 interval_ms=8.135292 paused=false
PRESENT CADENCE frame=2139 interval_ms=11.858583 paused=false
PRESENT CADENCE frame=2140 interval_ms=0.277334 paused=false
PRESENT CADENCE frame=2141 interval_ms=8.408916 paused=false
PRESENT CADENCE frame=2142 interval_ms=0.188834 paused=false
PRESENT CADENCE frame=2143 interval_ms=8.604041 paused=false
PRESENT CADENCE frame=2144 interval_ms=0.261500 paused=false
PRESENT CADENCE frame=2145 interval_ms=9.199000 paused=false
PRESENT CADENCE frame=2146 interval_ms=12.727417 paused=false
PRESENT CADENCE frame=2147 interval_ms=0.201583 paused=false
PRESENT CADENCE frame=2148 interval_ms=13.914584 paused=false
PRESENT CADENCE frame=2149 interval_ms=0.181625 paused=false
PRESENT CADENCE frame=2150 interval_ms=8.109958 paused=false
PRESENT CADENCE frame=2151 interval_ms=14.226458 paused=false
PRESENT CADENCE frame=2152 interval_ms=0.270709 paused=false
PRESENT CADENCE frame=2153 interval_ms=9.231041 paused=false
PRESENT CADENCE frame=2154 interval_ms=0.236375 paused=false
PRESENT CADENCE frame=2155 interval_ms=8.228209 paused=false
PRESENT CADENCE frame=2156 interval_ms=9.073708 paused=false
PRESENT CADENCE frame=2157 interval_ms=0.185792 paused=false
PRESENT CADENCE frame=2158 interval_ms=9.156833 paused=false
PRESENT CADENCE frame=2159 interval_ms=10.918500 paused=false
PRESENT CADENCE frame=2160 interval_ms=0.275250 paused=false
PRESENT CADENCE frame=2161 interval_ms=9.934125 paused=false
PRESENT CADENCE frame=2162 interval_ms=0.277708 paused=false
PRESENT CADENCE frame=2163 interval_ms=9.715834 paused=false
PRESENT CADENCE frame=2164 interval_ms=0.229041 paused=false
PRESENT CADENCE frame=2165 interval_ms=9.620500 paused=false
PRESENT CADENCE frame=2166 interval_ms=0.219417 paused=false
PRESENT CADENCE frame=2167 interval_ms=9.173500 paused=false
PRESENT CADENCE frame=2168 interval_ms=11.115125 paused=false
PRESENT CADENCE frame=2169 interval_ms=0.368667 paused=false
PRESENT CADENCE frame=2170 interval_ms=13.458791 paused=false
PRESENT CADENCE frame=2171 interval_ms=0.197000 paused=false
PRESENT CADENCE frame=2172 interval_ms=8.431709 paused=false
PRESENT CADENCE frame=2173 interval_ms=0.175125 paused=false
PRESENT CADENCE frame=2174 interval_ms=9.681750 paused=false
PRESENT CADENCE frame=2175 interval_ms=10.053708 paused=false
PRESENT CADENCE frame=2176 interval_ms=0.291792 paused=false
PRESENT CADENCE frame=2177 interval_ms=16.080000 paused=false
PRESENT CADENCE frame=2178 interval_ms=0.250333 paused=false
PRESENT CADENCE frame=2179 interval_ms=10.348500 paused=false
PRESENT CADENCE frame=2180 interval_ms=0.204000 paused=false
PRESENT CADENCE frame=2181 interval_ms=9.146250 paused=false
PRESENT CADENCE frame=2182 interval_ms=0.253750 paused=false
PRESENT CADENCE frame=2183 interval_ms=9.600042 paused=false
PRESENT CADENCE frame=2184 interval_ms=0.208083 paused=false
PRESENT CADENCE frame=2185 interval_ms=8.151083 paused=false
PRESENT CADENCE frame=2186 interval_ms=8.149292 paused=false
PRESENT CADENCE frame=2187 interval_ms=0.148458 paused=false
PRESENT CADENCE frame=2188 interval_ms=9.741209 paused=false
PRESENT CADENCE frame=2189 interval_ms=0.164000 paused=false
PRESENT CADENCE frame=2190 interval_ms=9.427125 paused=false
PRESENT CADENCE frame=2191 interval_ms=0.141041 paused=false
PRESENT CADENCE frame=2192 interval_ms=10.641250 paused=false
PRESENT CADENCE frame=2193 interval_ms=0.191500 paused=false
PRESENT CADENCE frame=2194 interval_ms=11.116917 paused=false
PRESENT CADENCE frame=2195 interval_ms=0.315000 paused=false
PRESENT CADENCE frame=2196 interval_ms=16.066958 paused=false
PRESENT CADENCE frame=2197 interval_ms=0.152375 paused=false
PRESENT CADENCE frame=2198 interval_ms=10.107167 paused=false
PRESENT CADENCE frame=2199 interval_ms=0.142625 paused=false
PRESENT CADENCE frame=2200 interval_ms=10.292458 paused=false
PRESENT CADENCE frame=2201 interval_ms=0.143459 paused=false
PRESENT CADENCE frame=2202 interval_ms=9.805208 paused=false
PRESENT CADENCE frame=2203 interval_ms=0.129333 paused=false
PRESENT CADENCE frame=2204 interval_ms=9.375334 paused=false
PRESENT CADENCE frame=2205 interval_ms=0.140250 paused=false
PRESENT CADENCE frame=2206 interval_ms=8.736166 paused=false
PRESENT CADENCE frame=2207 interval_ms=10.773792 paused=false
PRESENT CADENCE frame=2208 interval_ms=0.199458 paused=false
PRESENT CADENCE frame=2209 interval_ms=15.542250 paused=false
PRESENT CADENCE frame=2210 interval_ms=0.334584 paused=false
PRESENT CADENCE frame=2211 interval_ms=10.896291 paused=false
PRESENT CADENCE frame=2212 interval_ms=0.187667 paused=false
PRESENT CADENCE frame=2213 interval_ms=9.005083 paused=false
PRESENT CADENCE frame=2214 interval_ms=10.858000 paused=false
PRESENT CADENCE frame=2215 interval_ms=0.148209 paused=false
PRESENT CADENCE frame=2216 interval_ms=10.779791 paused=false
PRESENT CADENCE frame=2217 interval_ms=0.141584 paused=false
PRESENT CADENCE frame=2218 interval_ms=7.986833 paused=false
PRESENT CADENCE frame=2219 interval_ms=10.961792 paused=false
PRESENT CADENCE frame=2220 interval_ms=0.274958 paused=false
PRESENT CADENCE frame=2221 interval_ms=7.542667 paused=false
PRESENT CADENCE frame=2222 interval_ms=8.164250 paused=false
PRESENT CADENCE frame=2223 interval_ms=9.507416 paused=false
PRESENT CADENCE frame=2224 interval_ms=0.255292 paused=false
PRESENT CADENCE frame=2225 interval_ms=15.451167 paused=false
FULL MODEL WORKER work_ms=876.900 physics_ms=411.966 mesh_ms=185.307 partition_ms=11.467 streams_ms=268.160
PRESENT CADENCE frame=2226 interval_ms=36.660083 paused=false
PRESENT CADENCE frame=2227 interval_ms=0.774542 paused=false
PRESENT CADENCE frame=2228 interval_ms=14.103541 paused=false
PRESENT CADENCE frame=2229 interval_ms=0.245542 paused=false
PRESENT CADENCE frame=2230 interval_ms=9.152417 paused=false
PRESENT CADENCE frame=2231 interval_ms=0.215625 paused=false
PRESENT CADENCE frame=2232 interval_ms=7.927125 paused=false
PRESENT CADENCE frame=2233 interval_ms=11.220000 paused=false
PRESENT CADENCE frame=2234 interval_ms=0.140250 paused=false
PRESENT CADENCE frame=2235 interval_ms=8.449333 paused=false
PRESENT CADENCE frame=2236 interval_ms=14.554667 paused=false
PRESENT CADENCE frame=2237 interval_ms=0.286750 paused=false
PRESENT CADENCE frame=2238 interval_ms=9.739000 paused=false
PRESENT CADENCE frame=2239 interval_ms=0.219916 paused=false
PRESENT CADENCE frame=2240 interval_ms=8.832792 paused=false
PRESENT CADENCE frame=2241 interval_ms=0.186083 paused=false
PRESENT CADENCE frame=2242 interval_ms=8.432334 paused=false
PRESENT CADENCE frame=2243 interval_ms=0.176333 paused=false
PRESENT CADENCE frame=2244 interval_ms=8.221167 paused=false
PRESENT CADENCE frame=2245 interval_ms=0.221000 paused=false
PRESENT CADENCE frame=2246 interval_ms=8.012125 paused=false
PRESENT CADENCE frame=2247 interval_ms=8.869250 paused=false
PRESENT CADENCE frame=2248 interval_ms=0.174083 paused=false
PRESENT CADENCE frame=2249 interval_ms=7.623708 paused=false
PRESENT CADENCE frame=2250 interval_ms=8.005875 paused=false
PRESENT CADENCE frame=2251 interval_ms=7.117959 paused=false
PRESENT CADENCE frame=2252 interval_ms=0.195166 paused=false
PRESENT CADENCE frame=2253 interval_ms=8.120875 paused=false
PRESENT CADENCE frame=2254 interval_ms=8.616625 paused=false
PRESENT CADENCE frame=2255 interval_ms=0.349292 paused=false
PRESENT CADENCE frame=2256 interval_ms=6.870583 paused=false
PRESENT CADENCE frame=2257 interval_ms=8.000167 paused=false
PRESENT CADENCE frame=2258 interval_ms=0.134792 paused=false
PRESENT CADENCE frame=2259 interval_ms=9.749958 paused=false
PRESENT CADENCE frame=2260 interval_ms=0.221917 paused=false
PRESENT CADENCE frame=2261 interval_ms=9.835625 paused=false
PRESENT CADENCE frame=2262 interval_ms=0.117666 paused=false
PRESENT CADENCE frame=2263 interval_ms=9.531125 paused=false
PRESENT CADENCE frame=2264 interval_ms=0.156667 paused=false
PRESENT CADENCE frame=2265 interval_ms=8.727417 paused=false
PRESENT CADENCE frame=2266 interval_ms=0.138541 paused=false
PRESENT CADENCE frame=2267 interval_ms=8.896584 paused=false
PRESENT CADENCE frame=2268 interval_ms=0.138625 paused=false
PRESENT CADENCE frame=2269 interval_ms=9.460750 paused=false
PRESENT CADENCE frame=2270 interval_ms=0.175041 paused=false
PRESENT CADENCE frame=2271 interval_ms=9.693042 paused=false
PRESENT CADENCE frame=2272 interval_ms=0.144583 paused=false
PRESENT CADENCE frame=2273 interval_ms=8.915584 paused=false
PRESENT CADENCE frame=2274 interval_ms=0.186000 paused=false
PRESENT CADENCE frame=2275 interval_ms=9.901375 paused=false
PRESENT CADENCE frame=2276 interval_ms=0.188625 paused=false
PRESENT CADENCE frame=2277 interval_ms=8.030708 paused=false
PRESENT CADENCE frame=2278 interval_ms=11.293083 paused=false
PRESENT CADENCE frame=2279 interval_ms=0.237459 paused=false
PRESENT CADENCE frame=2280 interval_ms=7.658791 paused=false
PRESENT CADENCE frame=2281 interval_ms=11.850500 paused=false
PRESENT CADENCE frame=2282 interval_ms=0.146917 paused=false
PRESENT CADENCE frame=2283 interval_ms=8.787208 paused=false
PRESENT CADENCE frame=2284 interval_ms=10.415292 paused=false
PRESENT CADENCE frame=2285 interval_ms=0.257208 paused=false
PRESENT CADENCE frame=2286 interval_ms=15.836125 paused=false
PRESENT CADENCE frame=2287 interval_ms=0.252542 paused=false
PRESENT CADENCE frame=2288 interval_ms=11.379000 paused=false
PRESENT CADENCE frame=2289 interval_ms=0.215208 paused=false
PRESENT CADENCE frame=2290 interval_ms=14.786084 paused=false
PRESENT CADENCE frame=2291 interval_ms=0.211166 paused=false
PRESENT CADENCE frame=2292 interval_ms=8.244917 paused=false
PRESENT CADENCE frame=2293 interval_ms=0.174958 paused=false
PRESENT CADENCE frame=2294 interval_ms=8.777250 paused=false
PRESENT CADENCE frame=2295 interval_ms=0.240167 paused=false
PRESENT CADENCE frame=2296 interval_ms=9.645417 paused=false
PRESENT CADENCE frame=2297 interval_ms=0.238583 paused=false
PRESENT CADENCE frame=2298 interval_ms=8.677125 paused=false
PRESENT CADENCE frame=2299 interval_ms=0.202500 paused=false
PRESENT CADENCE frame=2300 interval_ms=8.875458 paused=false
PRESENT CADENCE frame=2301 interval_ms=0.195292 paused=false
PRESENT CADENCE frame=2302 interval_ms=8.959667 paused=false
PRESENT CADENCE frame=2303 interval_ms=0.198291 paused=false
PRESENT CADENCE frame=2304 interval_ms=9.947459 paused=false
PRESENT CADENCE frame=2305 interval_ms=0.146166 paused=false
PRESENT CADENCE frame=2306 interval_ms=6.955792 paused=false
PRESENT CADENCE frame=2307 interval_ms=10.961375 paused=false
PRESENT CADENCE frame=2308 interval_ms=0.127417 paused=false
PRESENT CADENCE frame=2309 interval_ms=16.055500 paused=false
PRESENT CADENCE frame=2310 interval_ms=0.127666 paused=false
PRESENT CADENCE frame=2311 interval_ms=9.120459 paused=false
PRESENT CADENCE frame=2312 interval_ms=0.141625 paused=false
PRESENT CADENCE frame=2313 interval_ms=9.906958 paused=false
PRESENT CADENCE frame=2314 interval_ms=0.191667 paused=false
PRESENT CADENCE frame=2315 interval_ms=9.343083 paused=false
PRESENT CADENCE frame=2316 interval_ms=9.788125 paused=false
PRESENT CADENCE frame=2317 interval_ms=0.220083 paused=false
PRESENT CADENCE frame=2318 interval_ms=9.746959 paused=false
PRESENT CADENCE frame=2319 interval_ms=0.381916 paused=false
PRESENT CADENCE frame=2320 interval_ms=9.240042 paused=false
PRESENT CADENCE frame=2321 interval_ms=0.178208 paused=false
PRESENT CADENCE frame=2322 interval_ms=9.627000 paused=false
PRESENT CADENCE frame=2323 interval_ms=0.284375 paused=false
PRESENT CADENCE frame=2324 interval_ms=9.094417 paused=false
PRESENT CADENCE frame=2325 interval_ms=0.133667 paused=false
PRESENT CADENCE frame=2326 interval_ms=9.543708 paused=false
PRESENT CADENCE frame=2327 interval_ms=0.114333 paused=false
PRESENT CADENCE frame=2328 interval_ms=8.010042 paused=false
PRESENT CADENCE frame=2329 interval_ms=8.811042 paused=false
PRESENT CADENCE frame=2330 interval_ms=0.265375 paused=false
PRESENT CADENCE frame=2331 interval_ms=9.430458 paused=false
PRESENT CADENCE frame=2332 interval_ms=0.211333 paused=false
PRESENT CADENCE frame=2333 interval_ms=9.528000 paused=false
PRESENT CADENCE frame=2334 interval_ms=0.207125 paused=false
PRESENT CADENCE frame=2335 interval_ms=8.910250 paused=false
PRESENT CADENCE frame=2336 interval_ms=0.228875 paused=false
PRESENT CADENCE frame=2337 interval_ms=9.157584 paused=false
PRESENT CADENCE frame=2338 interval_ms=0.182333 paused=false
PRESENT CADENCE frame=2339 interval_ms=8.705625 paused=false
PRESENT CADENCE frame=2340 interval_ms=0.185500 paused=false
PRESENT CADENCE frame=2341 interval_ms=8.318542 paused=false
PRESENT CADENCE frame=2342 interval_ms=0.176041 paused=false
PRESENT CADENCE frame=2343 interval_ms=8.561500 paused=false
PRESENT CADENCE frame=2344 interval_ms=0.192250 paused=false
PRESENT CADENCE frame=2345 interval_ms=8.742917 paused=false
PRESENT CADENCE frame=2346 interval_ms=9.132625 paused=false
PRESENT CADENCE frame=2347 interval_ms=0.138625 paused=false
PRESENT CADENCE frame=2348 interval_ms=9.740875 paused=false
PRESENT CADENCE frame=2349 interval_ms=0.134458 paused=false
PRESENT CADENCE frame=2350 interval_ms=16.312375 paused=false
PRESENT CADENCE frame=2351 interval_ms=0.164750 paused=false
PRESENT CADENCE frame=2352 interval_ms=8.314459 paused=false
PRESENT CADENCE frame=2353 interval_ms=8.075083 paused=false
PRESENT CADENCE frame=2354 interval_ms=0.233708 paused=false
PRESENT CADENCE frame=2355 interval_ms=9.915542 paused=false
PRESENT CADENCE frame=2356 interval_ms=0.232792 paused=false
PRESENT CADENCE frame=2357 interval_ms=9.488333 paused=false
FULL MODEL WORKER work_ms=741.893 physics_ms=342.971 mesh_ms=170.050 partition_ms=11.527 streams_ms=217.344
PRESENT CADENCE frame=2358 interval_ms=35.624625 paused=false
PRESENT CADENCE frame=2359 interval_ms=0.890417 paused=false
PRESENT CADENCE frame=2360 interval_ms=16.068333 paused=false
PRESENT CADENCE frame=2361 interval_ms=0.220500 paused=false
PRESENT CADENCE frame=2362 interval_ms=8.750708 paused=false
PRESENT CADENCE frame=2363 interval_ms=0.168667 paused=false
PRESENT CADENCE frame=2364 interval_ms=9.569292 paused=false
PRESENT CADENCE frame=2365 interval_ms=8.189708 paused=false
PRESENT CADENCE frame=2366 interval_ms=0.159458 paused=false
PRESENT CADENCE frame=2367 interval_ms=8.601167 paused=false
PRESENT CADENCE frame=2368 interval_ms=10.517500 paused=false
PRESENT CADENCE frame=2369 interval_ms=0.260417 paused=false
PRESENT CADENCE frame=2370 interval_ms=9.303208 paused=false
PRESENT CADENCE frame=2371 interval_ms=0.204833 paused=false
PRESENT CADENCE frame=2372 interval_ms=9.206292 paused=false
PRESENT CADENCE frame=2373 interval_ms=9.004417 paused=false
PRESENT CADENCE frame=2374 interval_ms=0.188708 paused=false
PRESENT CADENCE frame=2375 interval_ms=9.228750 paused=false
PRESENT CADENCE frame=2376 interval_ms=8.930333 paused=false
PRESENT CADENCE frame=2377 interval_ms=0.217709 paused=false
PRESENT CADENCE frame=2378 interval_ms=8.527458 paused=false
PRESENT CADENCE frame=2379 interval_ms=0.217292 paused=false
PRESENT CADENCE frame=2380 interval_ms=7.269916 paused=false
PRESENT CADENCE frame=2381 interval_ms=11.460709 paused=false
PRESENT CADENCE frame=2382 interval_ms=0.129500 paused=false
PRESENT CADENCE frame=2383 interval_ms=14.709625 paused=false
PRESENT CADENCE frame=2384 interval_ms=0.143083 paused=false
PRESENT CADENCE frame=2385 interval_ms=7.041292 paused=false
PRESENT CADENCE frame=2386 interval_ms=12.516708 paused=false
PRESENT CADENCE frame=2387 interval_ms=0.269917 paused=false
PRESENT CADENCE frame=2388 interval_ms=7.901000 paused=false
PRESENT CADENCE frame=2389 interval_ms=8.863750 paused=false
PRESENT CADENCE frame=2390 interval_ms=10.366583 paused=false
PRESENT CADENCE frame=2391 interval_ms=0.209625 paused=false
PRESENT CADENCE frame=2392 interval_ms=7.100917 paused=false
PRESENT CADENCE frame=2393 interval_ms=10.198833 paused=false
PRESENT CADENCE frame=2394 interval_ms=0.151958 paused=false
PRESENT CADENCE frame=2395 interval_ms=10.109042 paused=false
PRESENT CADENCE frame=2396 interval_ms=0.213417 paused=false
PRESENT CADENCE frame=2397 interval_ms=9.457416 paused=false
PRESENT CADENCE frame=2398 interval_ms=0.163750 paused=false
PRESENT CADENCE frame=2399 interval_ms=9.579375 paused=false
PRESENT CADENCE frame=2400 interval_ms=0.146584 paused=false
PRESENT CADENCE frame=2401 interval_ms=9.076708 paused=false
PRESENT CADENCE frame=2402 interval_ms=10.622833 paused=false
PRESENT CADENCE frame=2403 interval_ms=0.292000 paused=false
PRESENT CADENCE frame=2404 interval_ms=14.380709 paused=false
PRESENT CADENCE frame=2405 interval_ms=0.241916 paused=false
PRESENT CADENCE frame=2406 interval_ms=10.626959 paused=false
PRESENT CADENCE frame=2407 interval_ms=0.168875 paused=false
PRESENT CADENCE frame=2408 interval_ms=8.710166 paused=false
PRESENT CADENCE frame=2409 interval_ms=0.173334 paused=false
PRESENT CADENCE frame=2410 interval_ms=8.625166 paused=false
PRESENT CADENCE frame=2411 interval_ms=0.234625 paused=false
PRESENT CADENCE frame=2412 interval_ms=9.111375 paused=false
PRESENT CADENCE frame=2413 interval_ms=0.184834 paused=false
PRESENT CADENCE frame=2414 interval_ms=8.129916 paused=false
PRESENT CADENCE frame=2415 interval_ms=10.962500 paused=false
PRESENT CADENCE frame=2416 interval_ms=0.148792 paused=false
PRESENT CADENCE frame=2417 interval_ms=10.544000 paused=false
PRESENT CADENCE frame=2418 interval_ms=0.142292 paused=false
PRESENT CADENCE frame=2419 interval_ms=8.786625 paused=false
PRESENT CADENCE frame=2420 interval_ms=8.748083 paused=false
PRESENT CADENCE frame=2421 interval_ms=10.631333 paused=false
PRESENT CADENCE frame=2422 interval_ms=0.140667 paused=false
PRESENT CADENCE frame=2423 interval_ms=9.663292 paused=false
PRESENT CADENCE frame=2424 interval_ms=9.626416 paused=false
PRESENT CADENCE frame=2425 interval_ms=0.339917 paused=false
PRESENT CADENCE frame=2426 interval_ms=8.680333 paused=false
PRESENT CADENCE frame=2427 interval_ms=0.205875 paused=false
PRESENT CADENCE frame=2428 interval_ms=9.822375 paused=false
PRESENT CADENCE frame=2429 interval_ms=0.191375 paused=false
PRESENT CADENCE frame=2430 interval_ms=9.132167 paused=false
PRESENT CADENCE frame=2431 interval_ms=0.247208 paused=false
PRESENT CADENCE frame=2432 interval_ms=9.902542 paused=false
PRESENT CADENCE frame=2433 interval_ms=0.373542 paused=false
PRESENT CADENCE frame=2434 interval_ms=8.604833 paused=false
PRESENT CADENCE frame=2435 interval_ms=12.329083 paused=false
PRESENT CADENCE frame=2436 interval_ms=0.181084 paused=false
PRESENT CADENCE frame=2437 interval_ms=13.886375 paused=false
PRESENT CADENCE frame=2438 interval_ms=0.166000 paused=false
PRESENT CADENCE frame=2439 interval_ms=9.087875 paused=false
PRESENT CADENCE frame=2440 interval_ms=9.641916 paused=false
PRESENT CADENCE frame=2441 interval_ms=0.253709 paused=false
PRESENT CADENCE frame=2442 interval_ms=6.997458 paused=false
PRESENT CADENCE frame=2443 interval_ms=9.584250 paused=false
PRESENT CADENCE frame=2444 interval_ms=8.349667 paused=false
PRESENT CADENCE frame=2445 interval_ms=0.588375 paused=false
PRESENT CADENCE frame=2446 interval_ms=8.911916 paused=false
PRESENT CADENCE frame=2447 interval_ms=11.290667 paused=false
PRESENT CADENCE frame=2448 interval_ms=0.143750 paused=false
PRESENT CADENCE frame=2449 interval_ms=14.412250 paused=false
PRESENT CADENCE frame=2450 interval_ms=0.289958 paused=false
PRESENT CADENCE frame=2451 interval_ms=9.750000 paused=false
PRESENT CADENCE frame=2452 interval_ms=0.248917 paused=false
PRESENT CADENCE frame=2453 interval_ms=10.090042 paused=false
PRESENT CADENCE frame=2454 interval_ms=9.938833 paused=false
PRESENT CADENCE frame=2455 interval_ms=0.150125 paused=false
PRESENT CADENCE frame=2456 interval_ms=9.127000 paused=false
PRESENT CADENCE frame=2457 interval_ms=10.619958 paused=false
PRESENT CADENCE frame=2458 interval_ms=0.229334 paused=false
PRESENT CADENCE frame=2459 interval_ms=9.405916 paused=false
PRESENT CADENCE frame=2460 interval_ms=0.264042 paused=false
PRESENT CADENCE frame=2461 interval_ms=9.144000 paused=false
PRESENT CADENCE frame=2462 interval_ms=9.489292 paused=false
PRESENT CADENCE frame=2463 interval_ms=0.191333 paused=false
PRESENT CADENCE frame=2464 interval_ms=9.679125 paused=false
PRESENT CADENCE frame=2465 interval_ms=0.144167 paused=false
PRESENT CADENCE frame=2466 interval_ms=8.523416 paused=false
PRESENT CADENCE frame=2467 interval_ms=11.794209 paused=false
PRESENT CADENCE frame=2468 interval_ms=0.275625 paused=false
PRESENT CADENCE frame=2469 interval_ms=8.603500 paused=false
PRESENT CADENCE frame=2470 interval_ms=8.145875 paused=false
PRESENT CADENCE frame=2471 interval_ms=0.158125 paused=false
PRESENT CADENCE frame=2472 interval_ms=8.312000 paused=false
PRESENT CADENCE frame=2473 interval_ms=0.139208 paused=false
PRESENT CADENCE frame=2474 interval_ms=6.761083 paused=false
PRESENT CADENCE frame=2475 interval_ms=5.767417 paused=false
PRESENT CADENCE frame=2476 interval_ms=13.629792 paused=false
FULL MODEL WORKER work_ms=754.077 physics_ms=325.554 mesh_ms=181.631 partition_ms=11.230 streams_ms=235.662
PRESENT CADENCE frame=2477 interval_ms=41.593041 paused=false
PRESENT CADENCE frame=2478 interval_ms=0.951250 paused=false
PRESENT CADENCE frame=2479 interval_ms=13.073167 paused=false
PRESENT CADENCE frame=2480 interval_ms=0.280708 paused=false
PRESENT CADENCE frame=2481 interval_ms=8.638792 paused=false
PRESENT CADENCE frame=2482 interval_ms=0.170750 paused=false
PRESENT CADENCE frame=2483 interval_ms=9.510917 paused=false
PRESENT CADENCE frame=2484 interval_ms=0.179208 paused=false
PRESENT CADENCE frame=2485 interval_ms=10.007375 paused=false
PRESENT CADENCE frame=2486 interval_ms=0.162042 paused=false
PRESENT CADENCE frame=2487 interval_ms=9.149083 paused=false
PRESENT CADENCE frame=2488 interval_ms=0.154708 paused=false
PRESENT CADENCE frame=2489 interval_ms=8.498875 paused=false
PRESENT CADENCE frame=2490 interval_ms=8.718584 paused=false
PRESENT CADENCE frame=2491 interval_ms=0.231416 paused=false
PRESENT CADENCE frame=2492 interval_ms=7.412667 paused=false
PRESENT CADENCE frame=2493 interval_ms=8.517083 paused=false
PRESENT CADENCE frame=2494 interval_ms=0.142792 paused=false
PRESENT CADENCE frame=2495 interval_ms=8.080958 paused=false
PRESENT CADENCE frame=2496 interval_ms=0.197084 paused=false
PRESENT CADENCE frame=2497 interval_ms=7.688041 paused=false
PRESENT CADENCE frame=2498 interval_ms=0.149584 paused=false
PRESENT CADENCE frame=2499 interval_ms=7.854583 paused=false
PRESENT CADENCE frame=2500 interval_ms=7.899083 paused=false
PRESENT CADENCE frame=2501 interval_ms=0.232417 paused=false
PRESENT CADENCE frame=2502 interval_ms=6.317792 paused=false
PRESENT CADENCE frame=2503 interval_ms=5.576791 paused=false
PRESENT CADENCE frame=2504 interval_ms=11.645417 paused=false
PRESENT CADENCE frame=2505 interval_ms=0.268583 paused=false
PRESENT CADENCE frame=2506 interval_ms=13.404584 paused=false
PRESENT CADENCE frame=2507 interval_ms=0.214750 paused=false
PRESENT CADENCE frame=2508 interval_ms=13.751333 paused=false
PRESENT CADENCE frame=2509 interval_ms=0.211375 paused=false
PRESENT CADENCE frame=2510 interval_ms=14.086667 paused=false
PRESENT CADENCE frame=2511 interval_ms=0.254291 paused=false
PRESENT CADENCE frame=2512 interval_ms=13.457750 paused=false
PRESENT CADENCE frame=2513 interval_ms=0.206917 paused=false
PRESENT CADENCE frame=2514 interval_ms=11.569000 paused=false
PRESENT CADENCE frame=2515 interval_ms=0.238583 paused=false
PRESENT CADENCE frame=2516 interval_ms=6.771667 paused=false
PRESENT CADENCE frame=2517 interval_ms=11.319208 paused=false
PRESENT CADENCE frame=2518 interval_ms=0.139750 paused=false
PRESENT CADENCE frame=2519 interval_ms=7.994084 paused=false
PRESENT CADENCE frame=2520 interval_ms=0.141916 paused=false
PRESENT CADENCE frame=2521 interval_ms=6.246667 paused=false
PRESENT CADENCE frame=2522 interval_ms=5.649292 paused=false
PRESENT CADENCE frame=2523 interval_ms=7.133041 paused=false
PRESENT CADENCE frame=2524 interval_ms=11.157250 paused=false
PRESENT CADENCE frame=2525 interval_ms=0.209667 paused=false
PRESENT CADENCE frame=2526 interval_ms=7.061125 paused=false
PRESENT CADENCE frame=2527 interval_ms=11.366708 paused=false
PRESENT CADENCE frame=2528 interval_ms=0.190459 paused=false
PRESENT CADENCE frame=2529 interval_ms=7.160750 paused=false
PRESENT CADENCE frame=2530 interval_ms=0.154333 paused=false
PRESENT CADENCE frame=2531 interval_ms=9.755833 paused=false
PRESENT CADENCE frame=2532 interval_ms=0.168542 paused=false
PRESENT CADENCE frame=2533 interval_ms=10.443250 paused=false
PRESENT CADENCE frame=2534 interval_ms=0.164333 paused=false
PRESENT CADENCE frame=2535 interval_ms=9.480292 paused=false
PRESENT CADENCE frame=2536 interval_ms=0.169833 paused=false
PRESENT CADENCE frame=2537 interval_ms=8.733250 paused=false
PRESENT CADENCE frame=2538 interval_ms=0.165667 paused=false
PRESENT CADENCE frame=2539 interval_ms=9.484958 paused=false
PRESENT CADENCE frame=2540 interval_ms=0.192917 paused=false
PRESENT CADENCE frame=2541 interval_ms=9.975500 paused=false
PRESENT CADENCE frame=2542 interval_ms=0.163958 paused=false
PRESENT CADENCE frame=2543 interval_ms=16.113334 paused=false
PRESENT CADENCE frame=2544 interval_ms=0.188500 paused=false
PRESENT CADENCE frame=2545 interval_ms=10.193625 paused=false
PRESENT CADENCE frame=2546 interval_ms=0.305666 paused=false
PRESENT CADENCE frame=2547 interval_ms=17.515709 paused=false
PRESENT CADENCE frame=2548 interval_ms=0.184250 paused=false
PRESENT CADENCE frame=2549 interval_ms=9.732875 paused=false
PRESENT CADENCE frame=2550 interval_ms=10.628916 paused=false
PRESENT CADENCE frame=2551 interval_ms=0.282292 paused=false
PRESENT CADENCE frame=2552 interval_ms=14.093167 paused=false
PRESENT CADENCE frame=2553 interval_ms=0.221333 paused=false
PRESENT CADENCE frame=2554 interval_ms=9.357083 paused=false
PRESENT CADENCE frame=2555 interval_ms=0.228167 paused=false
PRESENT CADENCE frame=2556 interval_ms=13.250583 paused=false
PRESENT CADENCE frame=2557 interval_ms=0.239667 paused=false
PRESENT CADENCE frame=2558 interval_ms=16.457333 paused=false
PRESENT CADENCE frame=2559 interval_ms=0.236792 paused=false
PRESENT CADENCE frame=2560 interval_ms=11.294042 paused=false
PRESENT CADENCE frame=2561 interval_ms=0.255625 paused=false
PRESENT CADENCE frame=2562 interval_ms=7.396708 paused=false
PRESENT CADENCE frame=2563 interval_ms=10.751875 paused=false
PRESENT CADENCE frame=2564 interval_ms=0.135250 paused=false
PRESENT CADENCE frame=2565 interval_ms=7.031292 paused=false
PRESENT CADENCE frame=2566 interval_ms=10.717041 paused=false
PRESENT CADENCE frame=2567 interval_ms=0.490042 paused=false
PRESENT CADENCE frame=2568 interval_ms=6.848625 paused=false
PRESENT CADENCE frame=2569 interval_ms=11.032458 paused=false
PRESENT CADENCE frame=2570 interval_ms=0.162084 paused=false
PRESENT CADENCE frame=2571 interval_ms=7.628958 paused=false
PRESENT CADENCE frame=2572 interval_ms=0.240958 paused=false
PRESENT CADENCE frame=2573 interval_ms=15.032125 paused=false
PRESENT CADENCE frame=2574 interval_ms=0.190000 paused=false
PRESENT CADENCE frame=2575 interval_ms=6.617625 paused=false
PRESENT CADENCE frame=2576 interval_ms=6.231542 paused=false
PRESENT CADENCE frame=2577 interval_ms=10.552375 paused=false
PRESENT CADENCE frame=2578 interval_ms=0.254375 paused=false
PRESENT CADENCE frame=2579 interval_ms=13.485250 paused=false
PRESENT CADENCE frame=2580 interval_ms=0.179792 paused=false
PRESENT CADENCE frame=2581 interval_ms=8.743333 paused=false
PRESENT CADENCE frame=2582 interval_ms=0.184708 paused=false
PRESENT CADENCE frame=2583 interval_ms=10.129625 paused=false
PRESENT CADENCE frame=2584 interval_ms=0.201250 paused=false
PRESENT CADENCE frame=2585 interval_ms=8.476834 paused=false
PRESENT CADENCE frame=2586 interval_ms=0.191333 paused=false
PRESENT CADENCE frame=2587 interval_ms=9.763292 paused=false
PRESENT CADENCE frame=2588 interval_ms=0.729125 paused=false
PRESENT CADENCE frame=2589 interval_ms=8.784541 paused=false
PRESENT CADENCE frame=2590 interval_ms=0.225625 paused=false
PRESENT CADENCE frame=2591 interval_ms=9.857834 paused=false
PRESENT CADENCE frame=2592 interval_ms=0.298541 paused=false
PRESENT CADENCE frame=2593 interval_ms=8.004625 paused=false
PRESENT CADENCE frame=2594 interval_ms=0.332250 paused=false
PRESENT CADENCE frame=2595 interval_ms=9.819000 paused=false
PRESENT CADENCE frame=2596 interval_ms=0.170834 paused=false
PRESENT CADENCE frame=2597 interval_ms=7.768458 paused=false
PRESENT CADENCE frame=2598 interval_ms=0.208458 paused=false
PRESENT CADENCE frame=2599 interval_ms=8.667750 paused=false
PRESENT CADENCE frame=2600 interval_ms=0.214667 paused=false
PRESENT CADENCE frame=2601 interval_ms=8.917125 paused=false
PRESENT CADENCE frame=2602 interval_ms=0.163958 paused=false
PRESENT CADENCE frame=2603 interval_ms=8.342000 paused=false
PRESENT CADENCE frame=2604 interval_ms=0.185875 paused=false
PRESENT CADENCE frame=2605 interval_ms=9.751750 paused=false
PRESENT CADENCE frame=2606 interval_ms=0.218750 paused=false
PRESENT CADENCE frame=2607 interval_ms=9.209500 paused=false
PRESENT CADENCE frame=2608 interval_ms=0.163167 paused=false
PRESENT CADENCE frame=2609 interval_ms=8.077292 paused=false
PRESENT CADENCE frame=2610 interval_ms=11.090458 paused=false
PRESENT CADENCE frame=2611 interval_ms=0.181458 paused=false
PRESENT CADENCE frame=2612 interval_ms=9.261584 paused=false
PRESENT CADENCE frame=2613 interval_ms=0.218250 paused=false
PRESENT CADENCE frame=2614 interval_ms=8.213458 paused=false
PRESENT CADENCE frame=2615 interval_ms=9.465625 paused=false
PRESENT CADENCE frame=2616 interval_ms=0.201958 paused=false
PRESENT CADENCE frame=2617 interval_ms=16.222375 paused=false
PRESENT CADENCE frame=2618 interval_ms=0.255875 paused=false
PRESENT CADENCE frame=2619 interval_ms=9.197417 paused=false
PRESENT CADENCE frame=2620 interval_ms=0.199667 paused=false
PRESENT CADENCE frame=2621 interval_ms=6.845666 paused=false
PRESENT CADENCE frame=2622 interval_ms=11.869000 paused=false
PRESENT CADENCE frame=2623 interval_ms=0.158750 paused=false
PRESENT CADENCE frame=2624 interval_ms=15.138542 paused=false
PRESENT CADENCE frame=2625 interval_ms=0.232833 paused=false
PRESENT CADENCE frame=2626 interval_ms=11.028500 paused=false
PRESENT CADENCE frame=2627 interval_ms=0.203459 paused=false
PRESENT CADENCE frame=2628 interval_ms=14.465875 paused=false
PRESENT CADENCE frame=2629 interval_ms=0.169416 paused=false
PRESENT CADENCE frame=2630 interval_ms=11.206584 paused=false
PRESENT CADENCE frame=2631 interval_ms=0.146208 paused=false
PRESENT CADENCE frame=2632 interval_ms=7.023167 paused=false
PRESENT CADENCE frame=2633 interval_ms=10.893083 paused=false
FULL MODEL WORKER work_ms=928.746 physics_ms=358.634 mesh_ms=246.690 partition_ms=12.437 streams_ms=310.985
PRESENT CADENCE frame=2634 interval_ms=35.449625 paused=false
PRESENT CADENCE frame=2635 interval_ms=2.165917 paused=false
PRESENT CADENCE frame=2636 interval_ms=8.966291 paused=false
PRESENT CADENCE frame=2637 interval_ms=0.211250 paused=false
PRESENT CADENCE frame=2638 interval_ms=8.043459 paused=false
PRESENT CADENCE frame=2639 interval_ms=8.185541 paused=false
PRESENT CADENCE frame=2640 interval_ms=10.907875 paused=false
PRESENT CADENCE frame=2641 interval_ms=0.248042 paused=false
PRESENT CADENCE frame=2642 interval_ms=9.599542 paused=false
PRESENT CADENCE frame=2643 interval_ms=0.230291 paused=false
PRESENT CADENCE frame=2644 interval_ms=9.074292 paused=false
PRESENT CADENCE frame=2645 interval_ms=0.253958 paused=false
PRESENT CADENCE frame=2646 interval_ms=9.699917 paused=false
PRESENT CADENCE frame=2647 interval_ms=0.174208 paused=false
PRESENT CADENCE frame=2648 interval_ms=8.838167 paused=false
PRESENT CADENCE frame=2649 interval_ms=12.891375 paused=false
PRESENT CADENCE frame=2650 interval_ms=0.167000 paused=false
PRESENT CADENCE frame=2651 interval_ms=14.150250 paused=false
PRESENT CADENCE frame=2652 interval_ms=0.147458 paused=false
PRESENT CADENCE frame=2653 interval_ms=14.581959 paused=false
PRESENT CADENCE frame=2654 interval_ms=0.142750 paused=false
PRESENT CADENCE frame=2655 interval_ms=16.759416 paused=false
PRESENT CADENCE frame=2656 interval_ms=0.144167 paused=false
PRESENT CADENCE frame=2657 interval_ms=15.606542 paused=false
PRESENT CADENCE frame=2658 interval_ms=0.163166 paused=false
PRESENT CADENCE frame=2659 interval_ms=8.950584 paused=false
PRESENT CADENCE frame=2660 interval_ms=0.149208 paused=false
PRESENT CADENCE frame=2661 interval_ms=8.878250 paused=false
PRESENT CADENCE frame=2662 interval_ms=0.217125 paused=false
PRESENT CADENCE frame=2663 interval_ms=27.922792 paused=false
PRESENT CADENCE frame=2664 interval_ms=0.145125 paused=false
PRESENT CADENCE frame=2665 interval_ms=14.687666 paused=false
PRESENT CADENCE frame=2666 interval_ms=0.141834 paused=false
PRESENT CADENCE frame=2667 interval_ms=8.947083 paused=false
PRESENT CADENCE frame=2668 interval_ms=8.866125 paused=false
PRESENT CADENCE frame=2669 interval_ms=10.792542 paused=false
PRESENT CADENCE frame=2670 interval_ms=0.149541 paused=false
PRESENT CADENCE frame=2671 interval_ms=8.047625 paused=false
PRESENT CADENCE frame=2672 interval_ms=12.461584 paused=false
PRESENT CADENCE frame=2673 interval_ms=0.245541 paused=false
PRESENT CADENCE frame=2674 interval_ms=14.560959 paused=false
PRESENT CADENCE frame=2675 interval_ms=0.237041 paused=false
PRESENT CADENCE frame=2676 interval_ms=13.403584 paused=false
PRESENT CADENCE frame=2677 interval_ms=0.192500 paused=false
PRESENT CADENCE frame=2678 interval_ms=14.526625 paused=false
PRESENT CADENCE frame=2679 interval_ms=0.192750 paused=false
PRESENT CADENCE frame=2680 interval_ms=7.874291 paused=false
PRESENT CADENCE frame=2681 interval_ms=9.007125 paused=false
PRESENT CADENCE frame=2682 interval_ms=0.237709 paused=false
PRESENT CADENCE frame=2683 interval_ms=9.843375 paused=false
PRESENT CADENCE frame=2684 interval_ms=0.161750 paused=false
PRESENT CADENCE frame=2685 interval_ms=7.704375 paused=false
PRESENT CADENCE frame=2686 interval_ms=11.836958 paused=false
PRESENT CADENCE frame=2687 interval_ms=0.250542 paused=false
PRESENT CADENCE frame=2688 interval_ms=15.262125 paused=false
PRESENT CADENCE frame=2689 interval_ms=0.207958 paused=false
PRESENT CADENCE frame=2690 interval_ms=11.303667 paused=false
PRESENT CADENCE frame=2691 interval_ms=0.354291 paused=false
PRESENT CADENCE frame=2692 interval_ms=7.543542 paused=false
PRESENT CADENCE frame=2693 interval_ms=10.090500 paused=false
PRESENT CADENCE frame=2694 interval_ms=0.170125 paused=false
PRESENT CADENCE frame=2695 interval_ms=8.407667 paused=false
PRESENT CADENCE frame=2696 interval_ms=0.175000 paused=false
PRESENT CADENCE frame=2697 interval_ms=9.671708 paused=false
PRESENT CADENCE frame=2698 interval_ms=0.140667 paused=false
PRESENT CADENCE frame=2699 interval_ms=9.473750 paused=false
PRESENT CADENCE frame=2700 interval_ms=0.152125 paused=false
PRESENT CADENCE frame=2701 interval_ms=9.261666 paused=false
PRESENT CADENCE frame=2702 interval_ms=0.131542 paused=false
PRESENT CADENCE frame=2703 interval_ms=9.087000 paused=false
PRESENT CADENCE frame=2704 interval_ms=13.521292 paused=false
PRESENT CADENCE frame=2705 interval_ms=0.246833 paused=false
PRESENT CADENCE frame=2706 interval_ms=13.940167 paused=false
PRESENT CADENCE frame=2707 interval_ms=0.204416 paused=false
PRESENT CADENCE frame=2708 interval_ms=14.836667 paused=false
PRESENT CADENCE frame=2709 interval_ms=0.243833 paused=false
PRESENT CADENCE frame=2710 interval_ms=8.573834 paused=false
PRESENT CADENCE frame=2711 interval_ms=10.295875 paused=false
PRESENT CADENCE frame=2712 interval_ms=0.157500 paused=false
PRESENT CADENCE frame=2713 interval_ms=10.770500 paused=false
PRESENT CADENCE frame=2714 interval_ms=0.271208 paused=false
PRESENT CADENCE frame=2715 interval_ms=10.951417 paused=false
PRESENT CADENCE frame=2716 interval_ms=0.189583 paused=false
PRESENT CADENCE frame=2717 interval_ms=9.749917 paused=false
PRESENT CADENCE frame=2718 interval_ms=0.176250 paused=false
PRESENT CADENCE frame=2719 interval_ms=9.086250 paused=false
PRESENT CADENCE frame=2720 interval_ms=11.726875 paused=false
PRESENT CADENCE frame=2721 interval_ms=0.229916 paused=false
PRESENT CADENCE frame=2722 interval_ms=8.845542 paused=false
PRESENT CADENCE frame=2723 interval_ms=11.004458 paused=false
PRESENT CADENCE frame=2724 interval_ms=0.162375 paused=false
PRESENT CADENCE frame=2725 interval_ms=9.143917 paused=false
PRESENT CADENCE frame=2726 interval_ms=0.120792 paused=false
PRESENT CADENCE frame=2727 interval_ms=8.336000 paused=false
PRESENT CADENCE frame=2728 interval_ms=0.162375 paused=false
PRESENT CADENCE frame=2729 interval_ms=8.719791 paused=false
PRESENT CADENCE frame=2730 interval_ms=0.149375 paused=false
PRESENT CADENCE frame=2731 interval_ms=10.070167 paused=false
PRESENT CADENCE frame=2732 interval_ms=13.848917 paused=false
PRESENT CADENCE frame=2733 interval_ms=0.245041 paused=false
PRESENT CADENCE frame=2734 interval_ms=7.329250 paused=false
PRESENT CADENCE frame=2735 interval_ms=10.170292 paused=false
PRESENT CADENCE frame=2736 interval_ms=0.161708 paused=false
PRESENT CADENCE frame=2737 interval_ms=10.085459 paused=false
PRESENT CADENCE frame=2738 interval_ms=0.183625 paused=false
PRESENT CADENCE frame=2739 interval_ms=10.608708 paused=false
PRESENT CADENCE frame=2740 interval_ms=0.220792 paused=false
PRESENT CADENCE frame=2741 interval_ms=9.744750 paused=false
PRESENT CADENCE frame=2742 interval_ms=0.166500 paused=false
PRESENT CADENCE frame=2743 interval_ms=9.430375 paused=false
PRESENT CADENCE frame=2744 interval_ms=0.142166 paused=false
PRESENT CADENCE frame=2745 interval_ms=8.755084 paused=false
PRESENT CADENCE frame=2746 interval_ms=0.131833 paused=false
PRESENT CADENCE frame=2747 interval_ms=9.044417 paused=false
PRESENT CADENCE frame=2748 interval_ms=9.968541 paused=false
PRESENT CADENCE frame=2749 interval_ms=0.197209 paused=false
PRESENT CADENCE frame=2750 interval_ms=9.254958 paused=false
PRESENT CADENCE frame=2751 interval_ms=11.066958 paused=false
PRESENT CADENCE frame=2752 interval_ms=0.154792 paused=false
PRESENT CADENCE frame=2753 interval_ms=8.004583 paused=false
PRESENT CADENCE frame=2754 interval_ms=8.406792 paused=false
PRESENT CADENCE frame=2755 interval_ms=0.271958 paused=false
PRESENT CADENCE frame=2756 interval_ms=9.285417 paused=false
PRESENT CADENCE frame=2757 interval_ms=0.225292 paused=false
PRESENT CADENCE frame=2758 interval_ms=9.310375 paused=false
PRESENT CADENCE frame=2759 interval_ms=0.178375 paused=false
PRESENT CADENCE frame=2760 interval_ms=8.104791 paused=false
PRESENT CADENCE frame=2761 interval_ms=6.829500 paused=false
PRESENT CADENCE frame=2762 interval_ms=6.976625 paused=false
PRESENT CADENCE frame=2763 interval_ms=8.391125 paused=false
PRESENT CADENCE frame=2764 interval_ms=0.154334 paused=false
PRESENT CADENCE frame=2765 interval_ms=9.494083 paused=false
PRESENT CADENCE frame=2766 interval_ms=0.168750 paused=false
PRESENT CADENCE frame=2767 interval_ms=8.594750 paused=false
PRESENT CADENCE frame=2768 interval_ms=2.329625 paused=false
PRESENT CADENCE frame=2769 interval_ms=7.886583 paused=false
PRESENT CADENCE frame=2770 interval_ms=0.165000 paused=false
PRESENT CADENCE frame=2771 interval_ms=16.963209 paused=false
PRESENT CADENCE frame=2772 interval_ms=0.165416 paused=false
PRESENT CADENCE frame=2773 interval_ms=7.870000 paused=false
PRESENT CADENCE frame=2774 interval_ms=8.616375 paused=false
PRESENT CADENCE frame=2775 interval_ms=10.871042 paused=false
PRESENT CADENCE frame=2776 interval_ms=0.193375 paused=false
PRESENT CADENCE frame=2777 interval_ms=9.380417 paused=false
PRESENT CADENCE frame=2778 interval_ms=0.145625 paused=false
PRESENT CADENCE frame=2779 interval_ms=10.707291 paused=false
PRESENT CADENCE frame=2780 interval_ms=11.258042 paused=false
PRESENT CADENCE frame=2781 interval_ms=0.286542 paused=false
PRESENT CADENCE frame=2782 interval_ms=11.047666 paused=false
PRESENT CADENCE frame=2783 interval_ms=0.216792 paused=false
PRESENT CADENCE frame=2784 interval_ms=10.107500 paused=false
FULL MODEL WORKER work_ms=956.632 physics_ms=468.401 mesh_ms=220.296 partition_ms=18.398 streams_ms=249.536
PRESENT CADENCE frame=2785 interval_ms=38.218292 paused=false
PRESENT CADENCE frame=2786 interval_ms=0.704916 paused=false
PRESENT CADENCE frame=2787 interval_ms=12.668834 paused=false
PRESENT CADENCE frame=2788 interval_ms=0.273416 paused=false
PRESENT CADENCE frame=2789 interval_ms=9.365542 paused=false
PRESENT CADENCE frame=2790 interval_ms=9.494958 paused=false
PRESENT CADENCE frame=2791 interval_ms=0.430417 paused=false
PRESENT CADENCE frame=2792 interval_ms=16.409167 paused=false
PRESENT CADENCE frame=2793 interval_ms=0.226625 paused=false
PRESENT CADENCE frame=2794 interval_ms=9.143166 paused=false
PRESENT CADENCE frame=2795 interval_ms=0.181250 paused=false
PRESENT CADENCE frame=2796 interval_ms=8.642500 paused=false
PRESENT CADENCE frame=2797 interval_ms=0.201834 paused=false
PRESENT CADENCE frame=2798 interval_ms=8.603083 paused=false
PRESENT CADENCE frame=2799 interval_ms=13.885125 paused=false
PRESENT CADENCE frame=2800 interval_ms=0.217750 paused=false
PRESENT CADENCE frame=2801 interval_ms=14.549083 paused=false
PRESENT CADENCE frame=2802 interval_ms=0.137417 paused=false
PRESENT CADENCE frame=2803 interval_ms=8.616917 paused=false
PRESENT CADENCE frame=2804 interval_ms=0.170625 paused=false
PRESENT CADENCE frame=2805 interval_ms=7.929208 paused=false
PRESENT CADENCE frame=2806 interval_ms=9.976208 paused=false
PRESENT CADENCE frame=2807 interval_ms=0.233084 paused=false
PRESENT CADENCE frame=2808 interval_ms=8.117666 paused=false
PRESENT CADENCE frame=2809 interval_ms=8.477417 paused=false
PRESENT CADENCE frame=2810 interval_ms=0.206708 paused=false
PRESENT CADENCE frame=2811 interval_ms=10.292834 paused=false
PRESENT CADENCE frame=2812 interval_ms=0.158750 paused=false
PRESENT CADENCE frame=2813 interval_ms=8.703375 paused=false
PRESENT CADENCE frame=2814 interval_ms=11.591250 paused=false
PRESENT CADENCE frame=2815 interval_ms=0.419666 paused=false
PRESENT CADENCE frame=2816 interval_ms=8.796917 paused=false
PRESENT CADENCE frame=2817 interval_ms=10.294917 paused=false
PRESENT CADENCE frame=2818 interval_ms=0.179458 paused=false
PRESENT CADENCE frame=2819 interval_ms=8.488833 paused=false
PRESENT CADENCE frame=2820 interval_ms=10.853709 paused=false
PRESENT CADENCE frame=2821 interval_ms=0.280750 paused=false
PRESENT CADENCE frame=2822 interval_ms=14.584833 paused=false
PRESENT CADENCE frame=2823 interval_ms=0.214333 paused=false
PRESENT CADENCE frame=2824 interval_ms=7.851292 paused=false
PRESENT CADENCE frame=2825 interval_ms=8.412125 paused=false
PRESENT CADENCE frame=2826 interval_ms=8.113125 paused=false
PRESENT CADENCE frame=2827 interval_ms=0.248917 paused=false
PRESENT CADENCE frame=2828 interval_ms=8.776166 paused=false
PRESENT CADENCE frame=2829 interval_ms=9.364167 paused=false
PRESENT CADENCE frame=2830 interval_ms=0.206125 paused=false
PRESENT CADENCE frame=2831 interval_ms=16.172792 paused=false
PRESENT CADENCE frame=2832 interval_ms=0.178250 paused=false
PRESENT CADENCE frame=2833 interval_ms=10.265000 paused=false
PRESENT CADENCE frame=2834 interval_ms=0.179541 paused=false
PRESENT CADENCE frame=2835 interval_ms=7.412834 paused=false
PRESENT CADENCE frame=2836 interval_ms=7.274291 paused=false
PRESENT CADENCE frame=2837 interval_ms=9.693959 paused=false
PRESENT CADENCE frame=2838 interval_ms=10.107500 paused=false
PRESENT CADENCE frame=2839 interval_ms=0.314666 paused=false
PRESENT CADENCE frame=2840 interval_ms=15.448709 paused=false
PRESENT CADENCE frame=2841 interval_ms=0.238166 paused=false
PRESENT CADENCE frame=2842 interval_ms=13.186167 paused=false
PRESENT CADENCE frame=2843 interval_ms=0.278958 paused=false
PRESENT CADENCE frame=2844 interval_ms=15.426167 paused=false
PRESENT CADENCE frame=2845 interval_ms=0.228792 paused=false
PRESENT CADENCE frame=2846 interval_ms=10.420041 paused=false
PRESENT CADENCE frame=2847 interval_ms=0.214584 paused=false
PRESENT CADENCE frame=2848 interval_ms=9.710250 paused=false
PRESENT CADENCE frame=2849 interval_ms=9.723916 paused=false
PRESENT CADENCE frame=2850 interval_ms=0.178084 paused=false
PRESENT CADENCE frame=2851 interval_ms=9.396875 paused=false
PRESENT CADENCE frame=2852 interval_ms=0.191791 paused=false
PRESENT CADENCE frame=2853 interval_ms=15.477209 paused=false
PRESENT CADENCE frame=2854 interval_ms=0.275375 paused=false
PRESENT CADENCE frame=2855 interval_ms=7.904291 paused=false
PRESENT CADENCE frame=2856 interval_ms=0.133042 paused=false
PRESENT CADENCE frame=2857 interval_ms=7.441125 paused=false
PRESENT CADENCE frame=2858 interval_ms=8.051083 paused=false
PRESENT CADENCE frame=2859 interval_ms=11.282084 paused=false
PRESENT CADENCE frame=2860 interval_ms=0.291916 paused=false
PRESENT CADENCE frame=2861 interval_ms=9.677709 paused=false
PRESENT CADENCE frame=2862 interval_ms=9.966250 paused=false
PRESENT CADENCE frame=2863 interval_ms=0.255791 paused=false
PRESENT CADENCE frame=2864 interval_ms=7.674625 paused=false
PRESENT CADENCE frame=2865 interval_ms=8.510084 paused=false
PRESENT CADENCE frame=2866 interval_ms=0.157500 paused=false
PRESENT CADENCE frame=2867 interval_ms=10.365333 paused=false
PRESENT CADENCE frame=2868 interval_ms=0.328667 paused=false
PRESENT CADENCE frame=2869 interval_ms=10.367291 paused=false
PRESENT CADENCE frame=2870 interval_ms=0.178209 paused=false
PRESENT CADENCE frame=2871 interval_ms=9.910666 paused=false
PRESENT CADENCE frame=2872 interval_ms=10.753500 paused=false
PRESENT CADENCE frame=2873 interval_ms=0.179750 paused=false
PRESENT CADENCE frame=2874 interval_ms=9.255542 paused=false
PRESENT CADENCE frame=2875 interval_ms=0.175750 paused=false
PRESENT CADENCE frame=2876 interval_ms=10.203083 paused=false
PRESENT CADENCE frame=2877 interval_ms=0.216875 paused=false
PRESENT CADENCE frame=2878 interval_ms=9.650000 paused=false
PRESENT CADENCE frame=2879 interval_ms=12.066167 paused=false
PRESENT CADENCE frame=2880 interval_ms=0.165208 paused=false
PRESENT CADENCE frame=2881 interval_ms=15.037709 paused=false
PRESENT CADENCE frame=2882 interval_ms=0.192125 paused=false
PRESENT CADENCE frame=2883 interval_ms=13.258333 paused=false
PRESENT CADENCE frame=2884 interval_ms=0.137958 paused=false
PRESENT CADENCE frame=2885 interval_ms=10.499875 paused=false
PRESENT CADENCE frame=2886 interval_ms=0.138167 paused=false
PRESENT CADENCE frame=2887 interval_ms=9.215042 paused=false
PRESENT CADENCE frame=2888 interval_ms=9.533458 paused=false
PRESENT CADENCE frame=2889 interval_ms=0.296083 paused=false
PRESENT CADENCE frame=2890 interval_ms=9.487334 paused=false
PRESENT CADENCE frame=2891 interval_ms=9.431791 paused=false
PRESENT CADENCE frame=2892 interval_ms=0.131750 paused=false
PRESENT CADENCE frame=2893 interval_ms=15.783959 paused=false
PRESENT CADENCE frame=2894 interval_ms=0.134083 paused=false
PRESENT CADENCE frame=2895 interval_ms=7.914917 paused=false
PRESENT CADENCE frame=2896 interval_ms=7.584458 paused=false
PRESENT CADENCE frame=2897 interval_ms=9.536542 paused=false
PRESENT CADENCE frame=2898 interval_ms=0.150041 paused=false
PRESENT CADENCE frame=2899 interval_ms=10.083084 paused=false
PRESENT CADENCE frame=2900 interval_ms=0.171500 paused=false
PRESENT CADENCE frame=2901 interval_ms=14.103375 paused=false
PRESENT CADENCE frame=2902 interval_ms=0.201875 paused=false
PRESENT CADENCE frame=2903 interval_ms=10.052791 paused=false
PRESENT CADENCE frame=2904 interval_ms=0.156125 paused=false
PRESENT CADENCE frame=2905 interval_ms=9.425042 paused=false
PRESENT CADENCE frame=2906 interval_ms=9.911750 paused=false
PRESENT CADENCE frame=2907 interval_ms=0.289833 paused=false
PRESENT CADENCE frame=2908 interval_ms=8.758625 paused=false
FULL MODEL WORKER work_ms=815.620 physics_ms=350.980 mesh_ms=210.293 partition_ms=15.687 streams_ms=238.659
PRESENT CADENCE frame=2909 interval_ms=36.563709 paused=false
PRESENT CADENCE frame=2910 interval_ms=0.688583 paused=false
PRESENT CADENCE frame=2911 interval_ms=7.666583 paused=false
PRESENT CADENCE frame=2912 interval_ms=0.288375 paused=false
PRESENT CADENCE frame=2913 interval_ms=10.226875 paused=false
PRESENT CADENCE frame=2914 interval_ms=9.956292 paused=false
PRESENT CADENCE frame=2915 interval_ms=10.206292 paused=false
PRESENT CADENCE frame=2916 interval_ms=0.323500 paused=false
PRESENT CADENCE frame=2917 interval_ms=15.899625 paused=false
PRESENT CADENCE frame=2918 interval_ms=0.241250 paused=false
PRESENT CADENCE frame=2919 interval_ms=10.263708 paused=false
PRESENT CADENCE frame=2920 interval_ms=0.281042 paused=false
PRESENT CADENCE frame=2921 interval_ms=8.384375 paused=false
PRESENT CADENCE frame=2922 interval_ms=9.663166 paused=false
PRESENT CADENCE frame=2923 interval_ms=0.322750 paused=false
PRESENT CADENCE frame=2924 interval_ms=9.561417 paused=false
PRESENT CADENCE frame=2925 interval_ms=0.196417 paused=false
PRESENT CADENCE frame=2926 interval_ms=14.696291 paused=false
PRESENT CADENCE frame=2927 interval_ms=0.192917 paused=false
PRESENT CADENCE frame=2928 interval_ms=13.668750 paused=false
PRESENT CADENCE frame=2929 interval_ms=0.212375 paused=false
PRESENT CADENCE frame=2930 interval_ms=13.315542 paused=false
PRESENT CADENCE frame=2931 interval_ms=0.198416 paused=false
PRESENT CADENCE frame=2932 interval_ms=13.992209 paused=false
PRESENT CADENCE frame=2933 interval_ms=0.136333 paused=false
PRESENT CADENCE frame=2934 interval_ms=7.997500 paused=false
PRESENT CADENCE frame=2935 interval_ms=9.439292 paused=false
PRESENT CADENCE frame=2936 interval_ms=11.877000 paused=false
PRESENT CADENCE frame=2937 interval_ms=0.154291 paused=false
PRESENT CADENCE frame=2938 interval_ms=10.608834 paused=false
PRESENT CADENCE frame=2939 interval_ms=0.138083 paused=false
PRESENT CADENCE frame=2940 interval_ms=10.661417 paused=false
PRESENT CADENCE frame=2941 interval_ms=0.202708 paused=false
PRESENT CADENCE frame=2942 interval_ms=10.507792 paused=false
PRESENT CADENCE frame=2943 interval_ms=10.398458 paused=false
PRESENT CADENCE frame=2944 interval_ms=0.208708 paused=false
PRESENT CADENCE frame=2945 interval_ms=8.591375 paused=false
PRESENT CADENCE frame=2946 interval_ms=0.221667 paused=false
PRESENT CADENCE frame=2947 interval_ms=8.114708 paused=false
PRESENT CADENCE frame=2948 interval_ms=0.187584 paused=false
PRESENT CADENCE frame=2949 interval_ms=9.533125 paused=false
PRESENT CADENCE frame=2950 interval_ms=10.106041 paused=false
PRESENT CADENCE frame=2951 interval_ms=0.146709 paused=false
PRESENT CADENCE frame=2952 interval_ms=9.312750 paused=false
PRESENT CADENCE frame=2953 interval_ms=9.636625 paused=false
PRESENT CADENCE frame=2954 interval_ms=0.233125 paused=false
PRESENT CADENCE frame=2955 interval_ms=8.725166 paused=false
PRESENT CADENCE frame=2956 interval_ms=0.201584 paused=false
PRESENT CADENCE frame=2957 interval_ms=9.238708 paused=false
PRESENT CADENCE frame=2958 interval_ms=0.213917 paused=false
PRESENT CADENCE frame=2959 interval_ms=7.259541 paused=false
PRESENT CADENCE frame=2960 interval_ms=13.304167 paused=false
PRESENT CADENCE frame=2961 interval_ms=0.143083 paused=false
PRESENT CADENCE frame=2962 interval_ms=7.090959 paused=false
PRESENT CADENCE frame=2963 interval_ms=0.161416 paused=false
PRESENT CADENCE frame=2964 interval_ms=9.559375 paused=false
PRESENT CADENCE frame=2965 interval_ms=0.192750 paused=false
PRESENT CADENCE frame=2966 interval_ms=8.116667 paused=false
PRESENT CADENCE frame=2967 interval_ms=9.265708 paused=false
PRESENT CADENCE frame=2968 interval_ms=7.350709 paused=false
PRESENT CADENCE frame=2969 interval_ms=8.157458 paused=false
PRESENT CADENCE frame=2970 interval_ms=0.218208 paused=false
PRESENT CADENCE frame=2971 interval_ms=8.705667 paused=false
PRESENT CADENCE frame=2972 interval_ms=8.877833 paused=false
PRESENT CADENCE frame=2973 interval_ms=0.344834 paused=false
PRESENT CADENCE frame=2974 interval_ms=9.860958 paused=false
PRESENT CADENCE frame=2975 interval_ms=0.194333 paused=false
PRESENT CADENCE frame=2976 interval_ms=7.711667 paused=false
PRESENT CADENCE frame=2977 interval_ms=9.965250 paused=false
PRESENT CADENCE frame=2978 interval_ms=0.272000 paused=false
PRESENT CADENCE frame=2979 interval_ms=10.484417 paused=false
PRESENT CADENCE frame=2980 interval_ms=0.211458 paused=false
PRESENT CADENCE frame=2981 interval_ms=9.469917 paused=false
PRESENT CADENCE frame=2982 interval_ms=11.772333 paused=false
PRESENT CADENCE frame=2983 interval_ms=0.186792 paused=false
PRESENT CADENCE frame=2984 interval_ms=8.734791 paused=false
PRESENT CADENCE frame=2985 interval_ms=0.146375 paused=false
PRESENT CADENCE frame=2986 interval_ms=8.223459 paused=false
PRESENT CADENCE frame=2987 interval_ms=9.388625 paused=false
PRESENT CADENCE frame=2988 interval_ms=9.907583 paused=false
PRESENT CADENCE frame=2989 interval_ms=0.187500 paused=false
PRESENT CADENCE frame=2990 interval_ms=9.418167 paused=false
PRESENT CADENCE frame=2991 interval_ms=0.160708 paused=false
PRESENT CADENCE frame=2992 interval_ms=8.802458 paused=false
PRESENT CADENCE frame=2993 interval_ms=12.086875 paused=false
PRESENT CADENCE frame=2994 interval_ms=0.345167 paused=false
PRESENT CADENCE frame=2995 interval_ms=9.286917 paused=false
PRESENT CADENCE frame=2996 interval_ms=0.234958 paused=false
PRESENT CADENCE frame=2997 interval_ms=15.464833 paused=false
PRESENT CADENCE frame=2998 interval_ms=0.204375 paused=false
PRESENT CADENCE frame=2999 interval_ms=10.479875 paused=false
PRESENT CADENCE frame=3000 interval_ms=7.612584 paused=false
PRESENT CADENCE frame=3001 interval_ms=7.619500 paused=false
PRESENT CADENCE frame=3002 interval_ms=0.180750 paused=false
PRESENT CADENCE frame=3003 interval_ms=8.946958 paused=false
PRESENT CADENCE frame=3004 interval_ms=0.166750 paused=false
PRESENT CADENCE frame=3005 interval_ms=15.720458 paused=false
PRESENT CADENCE frame=3006 interval_ms=0.193167 paused=false
PRESENT CADENCE frame=3007 interval_ms=9.572208 paused=false
PRESENT CADENCE frame=3008 interval_ms=10.866959 paused=false
PRESENT CADENCE frame=3009 interval_ms=0.222500 paused=false
PRESENT CADENCE frame=3010 interval_ms=8.159458 paused=false
PRESENT CADENCE frame=3011 interval_ms=0.207875 paused=false
PRESENT CADENCE frame=3012 interval_ms=7.374625 paused=false
PRESENT CADENCE frame=3013 interval_ms=11.443833 paused=false
PRESENT CADENCE frame=3014 interval_ms=0.169334 paused=false
PRESENT CADENCE frame=3015 interval_ms=14.847000 paused=false
PRESENT CADENCE frame=3016 interval_ms=0.129708 paused=false
PRESENT CADENCE frame=3017 interval_ms=9.566833 paused=false
PRESENT CADENCE frame=3018 interval_ms=0.126042 paused=false
PRESENT CADENCE frame=3019 interval_ms=7.840833 paused=false
PRESENT CADENCE frame=3020 interval_ms=10.444209 paused=false
PRESENT CADENCE frame=3021 interval_ms=0.271291 paused=false
PRESENT CADENCE frame=3022 interval_ms=9.872042 paused=false
PRESENT CADENCE frame=3023 interval_ms=0.212208 paused=false
PRESENT CADENCE frame=3024 interval_ms=8.946709 paused=false
PRESENT CADENCE frame=3025 interval_ms=9.563541 paused=false
PRESENT CADENCE frame=3026 interval_ms=0.299167 paused=false
PRESENT CADENCE frame=3027 interval_ms=14.694958 paused=false
PRESENT CADENCE frame=3028 interval_ms=0.133417 paused=false
PRESENT CADENCE frame=3029 interval_ms=10.157500 paused=false
PRESENT CADENCE frame=3030 interval_ms=0.199292 paused=false
PRESENT CADENCE frame=3031 interval_ms=8.755791 paused=false
PRESENT CADENCE frame=3032 interval_ms=11.072917 paused=false
PRESENT CADENCE frame=3033 interval_ms=0.202917 paused=false
PRESENT CADENCE frame=3034 interval_ms=8.247416 paused=false
PRESENT CADENCE frame=3035 interval_ms=13.057584 paused=false
PRESENT CADENCE frame=3036 interval_ms=0.194000 paused=false
PRESENT CADENCE frame=3037 interval_ms=9.610541 paused=false
PRESENT CADENCE frame=3038 interval_ms=8.685125 paused=false
PRESENT CADENCE frame=3039 interval_ms=0.269625 paused=false
PRESENT CADENCE frame=3040 interval_ms=8.941250 paused=false
PRESENT CADENCE frame=3041 interval_ms=10.206292 paused=false
PRESENT CADENCE frame=3042 interval_ms=0.152292 paused=false
PRESENT CADENCE frame=3043 interval_ms=9.226791 paused=false
PRESENT CADENCE frame=3044 interval_ms=10.862792 paused=false
PRESENT CADENCE frame=3045 interval_ms=0.316958 paused=false
PRESENT CADENCE frame=3046 interval_ms=6.659167 paused=false
PRESENT CADENCE frame=3047 interval_ms=7.293792 paused=false
PRESENT CADENCE frame=3048 interval_ms=10.085208 paused=false
PRESENT CADENCE frame=3049 interval_ms=0.220917 paused=false
PRESENT CADENCE frame=3050 interval_ms=9.544125 paused=false
PRESENT CADENCE frame=3051 interval_ms=0.237958 paused=false
PRESENT CADENCE frame=3052 interval_ms=9.150917 paused=false
PRESENT CADENCE frame=3053 interval_ms=0.223416 paused=false
PRESENT CADENCE frame=3054 interval_ms=10.519417 paused=false
PRESENT CADENCE frame=3055 interval_ms=0.249833 paused=false
PRESENT CADENCE frame=3056 interval_ms=8.515167 paused=false
PRESENT CADENCE frame=3057 interval_ms=0.214583 paused=false
PRESENT CADENCE frame=3058 interval_ms=8.335792 paused=false
FULL MODEL WORKER work_ms=946.739 physics_ms=394.627 mesh_ms=248.016 partition_ms=19.825 streams_ms=284.271
PRESENT CADENCE frame=3059 interval_ms=34.139000 paused=false
PRESENT CADENCE frame=3060 interval_ms=0.701542 paused=false
PRESENT CADENCE frame=3061 interval_ms=8.262041 paused=false
PRESENT CADENCE frame=3062 interval_ms=8.743167 paused=false
PRESENT CADENCE frame=3063 interval_ms=8.440125 paused=false
PRESENT CADENCE frame=3064 interval_ms=0.278875 paused=false
PRESENT CADENCE frame=3065 interval_ms=7.504333 paused=false
PRESENT CADENCE frame=3066 interval_ms=7.758834 paused=false
PRESENT CADENCE frame=3067 interval_ms=0.186583 paused=false
PRESENT CADENCE frame=3068 interval_ms=7.700708 paused=false
PRESENT CADENCE frame=3069 interval_ms=0.159709 paused=false
PRESENT CADENCE frame=3070 interval_ms=8.226291 paused=false
PRESENT CADENCE frame=3071 interval_ms=7.848792 paused=false
PRESENT CADENCE frame=3072 interval_ms=7.603083 paused=false
PRESENT CADENCE frame=3073 interval_ms=11.027167 paused=false
PRESENT CADENCE frame=3074 interval_ms=0.305708 paused=false
PRESENT CADENCE frame=3075 interval_ms=14.089834 paused=false
PRESENT CADENCE frame=3076 interval_ms=0.223208 paused=false
PRESENT CADENCE frame=3077 interval_ms=8.188208 paused=false
PRESENT CADENCE frame=3078 interval_ms=0.282292 paused=false
PRESENT CADENCE frame=3079 interval_ms=9.272417 paused=false
PRESENT CADENCE frame=3080 interval_ms=7.598000 paused=false
PRESENT CADENCE frame=3081 interval_ms=7.350750 paused=false
PRESENT CADENCE frame=3082 interval_ms=8.885916 paused=false
PRESENT CADENCE frame=3083 interval_ms=0.206625 paused=false
PRESENT CADENCE frame=3084 interval_ms=8.749000 paused=false
PRESENT CADENCE frame=3085 interval_ms=0.230292 paused=false
PRESENT CADENCE frame=3086 interval_ms=14.610500 paused=false
PRESENT CADENCE frame=3087 interval_ms=0.200125 paused=false
PRESENT CADENCE frame=3088 interval_ms=10.963958 paused=false
PRESENT CADENCE frame=3089 interval_ms=0.164959 paused=false
PRESENT CADENCE frame=3090 interval_ms=9.372625 paused=false
PRESENT CADENCE frame=3091 interval_ms=0.183416 paused=false
PRESENT CADENCE frame=3092 interval_ms=8.970750 paused=false
PRESENT CADENCE frame=3093 interval_ms=0.164834 paused=false
PRESENT CADENCE frame=3094 interval_ms=8.455500 paused=false
PRESENT CADENCE frame=3095 interval_ms=0.163833 paused=false
PRESENT CADENCE frame=3096 interval_ms=8.490500 paused=false
PRESENT CADENCE frame=3097 interval_ms=0.191542 paused=false
PRESENT CADENCE frame=3098 interval_ms=9.479666 paused=false
PRESENT CADENCE frame=3099 interval_ms=0.182084 paused=false
PRESENT CADENCE frame=3100 interval_ms=8.285791 paused=false
PRESENT CADENCE frame=3101 interval_ms=10.894834 paused=false
PRESENT CADENCE frame=3102 interval_ms=0.256541 paused=false
PRESENT CADENCE frame=3103 interval_ms=8.367375 paused=false
PRESENT CADENCE frame=3104 interval_ms=12.146584 paused=false
PRESENT CADENCE frame=3105 interval_ms=0.175875 paused=false
PRESENT CADENCE frame=3106 interval_ms=8.115083 paused=false
PRESENT CADENCE frame=3107 interval_ms=11.354292 paused=false
PRESENT CADENCE frame=3108 interval_ms=0.268666 paused=false
PRESENT CADENCE frame=3109 interval_ms=7.909125 paused=false
PRESENT CADENCE frame=3110 interval_ms=8.252667 paused=false
PRESENT CADENCE frame=3111 interval_ms=0.180250 paused=false
PRESENT CADENCE frame=3112 interval_ms=7.653208 paused=false
PRESENT CADENCE frame=3113 interval_ms=7.701750 paused=false
PRESENT CADENCE frame=3114 interval_ms=0.273959 paused=false
PRESENT CADENCE frame=3115 interval_ms=18.310958 paused=false
PRESENT CADENCE frame=3116 interval_ms=0.283000 paused=false
PRESENT CADENCE frame=3117 interval_ms=14.166083 paused=false
PRESENT CADENCE frame=3118 interval_ms=0.246000 paused=false
PRESENT CADENCE frame=3119 interval_ms=13.649334 paused=false
PRESENT CADENCE frame=3120 interval_ms=0.307125 paused=false
PRESENT CADENCE frame=3121 interval_ms=14.996333 paused=false
PRESENT CADENCE frame=3122 interval_ms=0.290042 paused=false
PRESENT CADENCE frame=3123 interval_ms=13.278000 paused=false
PRESENT CADENCE frame=3124 interval_ms=0.240416 paused=false
PRESENT CADENCE frame=3125 interval_ms=14.990167 paused=false
PRESENT CADENCE frame=3126 interval_ms=0.266333 paused=false
PRESENT CADENCE frame=3127 interval_ms=13.832375 paused=false
PRESENT CADENCE frame=3128 interval_ms=0.233542 paused=false
PRESENT CADENCE frame=3129 interval_ms=8.778167 paused=false
PRESENT CADENCE frame=3130 interval_ms=16.157375 paused=false
PRESENT CADENCE frame=3131 interval_ms=0.180666 paused=false
PRESENT CADENCE frame=3132 interval_ms=8.911959 paused=false
PRESENT CADENCE frame=3133 interval_ms=9.040666 paused=false
PRESENT CADENCE frame=3134 interval_ms=15.101167 paused=false
PRESENT CADENCE frame=3135 interval_ms=0.158625 paused=false
PRESENT CADENCE frame=3136 interval_ms=8.951042 paused=false
PRESENT CADENCE frame=3137 interval_ms=15.986333 paused=false
PRESENT CADENCE frame=3138 interval_ms=1.425500 paused=false
PRESENT CADENCE frame=3139 interval_ms=8.099333 paused=false
PRESENT CADENCE frame=3140 interval_ms=0.281459 paused=false
PRESENT CADENCE frame=3141 interval_ms=15.195583 paused=false
PRESENT CADENCE frame=3142 interval_ms=0.218458 paused=false
PRESENT CADENCE frame=3143 interval_ms=8.037334 paused=false
PRESENT CADENCE frame=3144 interval_ms=17.602041 paused=false
PRESENT CADENCE frame=3145 interval_ms=0.243292 paused=false
PRESENT CADENCE frame=3146 interval_ms=15.590750 paused=false
PRESENT CADENCE frame=3147 interval_ms=0.222875 paused=false
PRESENT CADENCE frame=3148 interval_ms=10.574125 paused=false
PRESENT CADENCE frame=3149 interval_ms=0.240333 paused=false
PRESENT CADENCE frame=3150 interval_ms=10.909959 paused=false
PRESENT CADENCE frame=3151 interval_ms=10.863625 paused=false
PRESENT CADENCE frame=3152 interval_ms=0.131708 paused=false
PRESENT CADENCE frame=3153 interval_ms=9.943250 paused=false
PRESENT CADENCE frame=3154 interval_ms=0.146583 paused=false
PRESENT CADENCE frame=3155 interval_ms=10.308917 paused=false
PRESENT CADENCE frame=3156 interval_ms=0.160583 paused=false
PRESENT CADENCE frame=3157 interval_ms=8.871917 paused=false
PRESENT CADENCE frame=3158 interval_ms=14.516375 paused=false
PRESENT CADENCE frame=3159 interval_ms=0.263083 paused=false
PRESENT CADENCE frame=3160 interval_ms=9.069834 paused=false
PRESENT CADENCE frame=3161 interval_ms=9.994000 paused=false
PRESENT CADENCE frame=3162 interval_ms=0.179208 paused=false
PRESENT CADENCE frame=3163 interval_ms=9.231583 paused=false
PRESENT CADENCE frame=3164 interval_ms=10.770334 paused=false
PRESENT CADENCE frame=3165 interval_ms=0.229125 paused=false
PRESENT CADENCE frame=3166 interval_ms=8.932875 paused=false
PRESENT CADENCE frame=3167 interval_ms=11.565458 paused=false
PRESENT CADENCE frame=3168 interval_ms=0.166958 paused=false
PRESENT CADENCE frame=3169 interval_ms=10.429584 paused=false
PRESENT CADENCE frame=3170 interval_ms=11.096958 paused=false
PRESENT CADENCE frame=3171 interval_ms=0.255750 paused=false
PRESENT CADENCE frame=3172 interval_ms=9.855167 paused=false
PRESENT CADENCE frame=3173 interval_ms=0.380875 paused=false
PRESENT CADENCE frame=3174 interval_ms=9.885625 paused=false
PRESENT CADENCE frame=3175 interval_ms=0.262625 paused=false
PRESENT CADENCE frame=3176 interval_ms=10.159958 paused=false
PRESENT CADENCE frame=3177 interval_ms=0.266958 paused=false
PRESENT CADENCE frame=3178 interval_ms=9.776959 paused=false
FULL MODEL WORKER work_ms=805.142 physics_ms=365.034 mesh_ms=197.325 partition_ms=12.968 streams_ms=229.815
PRESENT CADENCE frame=3179 interval_ms=38.366666 paused=false
PRESENT CADENCE frame=3180 interval_ms=0.840750 paused=false
PRESENT CADENCE frame=3181 interval_ms=13.720292 paused=false
PRESENT CADENCE frame=3182 interval_ms=0.284208 paused=false
PRESENT CADENCE frame=3183 interval_ms=14.337167 paused=false
PRESENT CADENCE frame=3184 interval_ms=0.259667 paused=false
PRESENT CADENCE frame=3185 interval_ms=15.451375 paused=false
PRESENT CADENCE frame=3186 interval_ms=0.225708 paused=false
PRESENT CADENCE frame=3187 interval_ms=7.849958 paused=false
PRESENT CADENCE frame=3188 interval_ms=11.328750 paused=false
PRESENT CADENCE frame=3189 interval_ms=10.665792 paused=false
PRESENT CADENCE frame=3190 interval_ms=0.304083 paused=false
PRESENT CADENCE frame=3191 interval_ms=9.634375 paused=false
PRESENT CADENCE frame=3192 interval_ms=0.260125 paused=false
PRESENT CADENCE frame=3193 interval_ms=9.910375 paused=false
PRESENT CADENCE frame=3194 interval_ms=11.153000 paused=false
PRESENT CADENCE frame=3195 interval_ms=0.152334 paused=false
PRESENT CADENCE frame=3196 interval_ms=14.849666 paused=false
PRESENT CADENCE frame=3197 interval_ms=0.184542 paused=false
PRESENT CADENCE frame=3198 interval_ms=10.946958 paused=false
PRESENT CADENCE frame=3199 interval_ms=11.185750 paused=false
PRESENT CADENCE frame=3200 interval_ms=0.254500 paused=false
PRESENT CADENCE frame=3201 interval_ms=9.474917 paused=false
PRESENT CADENCE frame=3202 interval_ms=9.472417 paused=false
PRESENT CADENCE frame=3203 interval_ms=0.154833 paused=false
PRESENT CADENCE frame=3204 interval_ms=9.949250 paused=false
PRESENT CADENCE frame=3205 interval_ms=12.270833 paused=false
PRESENT CADENCE frame=3206 interval_ms=0.306084 paused=false
PRESENT CADENCE frame=3207 interval_ms=15.618958 paused=false
PRESENT CADENCE frame=3208 interval_ms=0.284583 paused=false
PRESENT CADENCE frame=3209 interval_ms=13.019959 paused=false
PRESENT CADENCE frame=3210 interval_ms=0.256041 paused=false
PRESENT CADENCE frame=3211 interval_ms=16.790209 paused=false
PRESENT CADENCE frame=3212 interval_ms=0.258583 paused=false
PRESENT CADENCE frame=3213 interval_ms=11.703167 paused=false
PRESENT CADENCE frame=3214 interval_ms=0.267125 paused=false
PRESENT CADENCE frame=3215 interval_ms=9.216458 paused=false
PRESENT CADENCE frame=3216 interval_ms=7.870250 paused=false
PRESENT CADENCE frame=3217 interval_ms=10.313042 paused=false
PRESENT CADENCE frame=3218 interval_ms=0.329250 paused=false
PRESENT CADENCE frame=3219 interval_ms=12.246208 paused=false
PRESENT CADENCE frame=3220 interval_ms=0.285125 paused=false
PRESENT CADENCE frame=3221 interval_ms=10.482333 paused=false
PRESENT CADENCE frame=3222 interval_ms=0.224584 paused=false
PRESENT CADENCE frame=3223 interval_ms=10.757666 paused=false
PRESENT CADENCE frame=3224 interval_ms=11.544917 paused=false
PRESENT CADENCE frame=3225 interval_ms=0.201750 paused=false
PRESENT CADENCE frame=3226 interval_ms=15.136375 paused=false
PRESENT CADENCE frame=3227 interval_ms=0.223333 paused=false
PRESENT CADENCE frame=3228 interval_ms=10.362750 paused=false
PRESENT CADENCE frame=3229 interval_ms=10.241334 paused=false
PRESENT CADENCE frame=3230 interval_ms=0.243375 paused=false
PRESENT CADENCE frame=3231 interval_ms=9.955750 paused=false
PRESENT CADENCE frame=3232 interval_ms=10.980083 paused=false
PRESENT CADENCE frame=3233 interval_ms=0.151250 paused=false
PRESENT CADENCE frame=3234 interval_ms=10.486792 paused=false
PRESENT CADENCE frame=3235 interval_ms=11.329000 paused=false
PRESENT CADENCE frame=3236 interval_ms=0.292250 paused=false
PRESENT CADENCE frame=3237 interval_ms=10.000625 paused=false
PRESENT CADENCE frame=3238 interval_ms=0.230791 paused=false
PRESENT CADENCE frame=3239 interval_ms=10.819584 paused=false
PRESENT CADENCE frame=3240 interval_ms=0.245958 paused=false
PRESENT CADENCE frame=3241 interval_ms=10.934125 paused=false
PRESENT CADENCE frame=3242 interval_ms=5.794875 paused=false
PRESENT CADENCE frame=3243 interval_ms=6.280292 paused=false
PRESENT CADENCE frame=3244 interval_ms=0.243000 paused=false
PRESENT CADENCE frame=3245 interval_ms=10.497208 paused=false
PRESENT CADENCE frame=3246 interval_ms=10.980333 paused=false
PRESENT CADENCE frame=3247 interval_ms=0.170625 paused=false
PRESENT CADENCE frame=3248 interval_ms=15.722709 paused=false
PRESENT CADENCE frame=3249 interval_ms=0.155125 paused=false
PRESENT CADENCE frame=3250 interval_ms=14.404666 paused=false
PRESENT CADENCE frame=3251 interval_ms=0.177125 paused=false
PRESENT CADENCE frame=3252 interval_ms=13.662875 paused=false
PRESENT CADENCE frame=3253 interval_ms=0.196834 paused=false
PRESENT CADENCE frame=3254 interval_ms=17.883375 paused=false
PRESENT CADENCE frame=3255 interval_ms=0.328291 paused=false
PRESENT CADENCE frame=3256 interval_ms=11.621834 paused=false
PRESENT CADENCE frame=3257 interval_ms=0.166166 paused=false
PRESENT CADENCE frame=3258 interval_ms=17.287250 paused=false
PRESENT CADENCE frame=3259 interval_ms=0.183209 paused=false
PRESENT CADENCE frame=3260 interval_ms=12.467541 paused=false
PRESENT CADENCE frame=3261 interval_ms=0.214250 paused=false
PRESENT CADENCE frame=3262 interval_ms=17.117250 paused=false
PRESENT CADENCE frame=3263 interval_ms=0.159042 paused=false
PRESENT CADENCE frame=3264 interval_ms=10.942958 paused=false
PRESENT CADENCE frame=3265 interval_ms=0.135209 paused=false
PRESENT CADENCE frame=3266 interval_ms=10.129125 paused=false
PRESENT CADENCE frame=3267 interval_ms=12.232375 paused=false
PRESENT CADENCE frame=3268 interval_ms=0.266875 paused=false
PRESENT CADENCE frame=3269 interval_ms=10.801708 paused=false
PRESENT CADENCE frame=3270 interval_ms=11.484167 paused=false
PRESENT CADENCE frame=3271 interval_ms=0.242500 paused=false
PRESENT CADENCE frame=3272 interval_ms=10.512375 paused=false
PRESENT CADENCE frame=3273 interval_ms=0.167791 paused=false
PRESENT CADENCE frame=3274 interval_ms=10.907375 paused=false
PRESENT CADENCE frame=3275 interval_ms=0.207042 paused=false
PRESENT CADENCE frame=3276 interval_ms=9.930000 paused=false
PRESENT CADENCE frame=3277 interval_ms=0.176458 paused=false
PRESENT CADENCE frame=3278 interval_ms=9.554042 paused=false
PRESENT CADENCE frame=3279 interval_ms=9.335875 paused=false
PRESENT CADENCE frame=3280 interval_ms=0.279458 paused=false
PRESENT CADENCE frame=3281 interval_ms=11.538834 paused=false
PRESENT CADENCE frame=3282 interval_ms=0.322041 paused=false
PRESENT CADENCE frame=3283 interval_ms=11.815042 paused=false
PRESENT CADENCE frame=3284 interval_ms=11.544333 paused=false
PRESENT CADENCE frame=3285 interval_ms=0.153875 paused=false
PRESENT CADENCE frame=3286 interval_ms=9.974500 paused=false
PRESENT CADENCE frame=3287 interval_ms=0.141959 paused=false
PRESENT CADENCE frame=3288 interval_ms=9.569833 paused=false
PRESENT CADENCE frame=3289 interval_ms=12.410833 paused=false
PRESENT CADENCE frame=3290 interval_ms=0.295750 paused=false
PRESENT CADENCE frame=3291 interval_ms=15.829250 paused=false
PRESENT CADENCE frame=3292 interval_ms=0.224792 paused=false
PRESENT CADENCE frame=3293 interval_ms=8.765792 paused=false
PRESENT CADENCE frame=3294 interval_ms=12.041208 paused=false
PRESENT CADENCE frame=3295 interval_ms=0.178250 paused=false
PRESENT CADENCE frame=3296 interval_ms=10.866875 paused=false
PRESENT CADENCE frame=3297 interval_ms=0.213417 paused=false
PRESENT CADENCE frame=3298 interval_ms=11.276041 paused=false
PRESENT CADENCE frame=3299 interval_ms=12.091792 paused=false
PRESENT CADENCE frame=3300 interval_ms=0.299583 paused=false
PRESENT CADENCE frame=3301 interval_ms=15.287417 paused=false
PRESENT CADENCE frame=3302 interval_ms=0.200750 paused=false
PRESENT CADENCE frame=3303 interval_ms=10.623875 paused=false
PRESENT CADENCE frame=3304 interval_ms=0.246542 paused=false
PRESENT CADENCE frame=3305 interval_ms=10.021208 paused=false
PRESENT CADENCE frame=3306 interval_ms=0.235542 paused=false
PRESENT CADENCE frame=3307 interval_ms=10.725916 paused=false
PRESENT CADENCE frame=3308 interval_ms=0.278709 paused=false
PRESENT CADENCE frame=3309 interval_ms=10.387791 paused=false
PRESENT CADENCE frame=3310 interval_ms=11.354584 paused=false
PRESENT CADENCE frame=3311 interval_ms=0.174791 paused=false
PRESENT CADENCE frame=3312 interval_ms=10.858000 paused=false
PRESENT CADENCE frame=3313 interval_ms=0.164584 paused=false
PRESENT CADENCE frame=3314 interval_ms=10.587000 paused=false
PRESENT CADENCE frame=3315 interval_ms=0.132125 paused=false
PRESENT CADENCE frame=3316 interval_ms=13.602750 paused=false
PRESENT CADENCE frame=3317 interval_ms=0.184250 paused=false
PRESENT CADENCE frame=3318 interval_ms=15.140208 paused=false
PRESENT CADENCE frame=3319 interval_ms=0.161500 paused=false
PRESENT CADENCE frame=3320 interval_ms=14.022583 paused=false
PRESENT CADENCE frame=3321 interval_ms=0.144000 paused=false
PRESENT CADENCE frame=3322 interval_ms=16.490959 paused=false
PRESENT CADENCE frame=3323 interval_ms=0.149166 paused=false
PRESENT CADENCE frame=3324 interval_ms=13.286334 paused=false
PRESENT CADENCE frame=3325 interval_ms=0.162916 paused=false
PRESENT CADENCE frame=3326 interval_ms=18.407792 paused=false
FULL MODEL WORKER work_ms=1041.649 physics_ms=452.761 mesh_ms=251.960 partition_ms=21.636 streams_ms=315.291
PRESENT CADENCE frame=3327 interval_ms=38.407542 paused=false
PRESENT CADENCE frame=3328 interval_ms=1.056125 paused=false
PRESENT CADENCE frame=3329 interval_ms=16.660666 paused=false
PRESENT CADENCE frame=3330 interval_ms=0.213292 paused=false
PRESENT CADENCE frame=3331 interval_ms=16.408708 paused=false
PRESENT CADENCE frame=3332 interval_ms=0.170334 paused=false
PRESENT CADENCE frame=3333 interval_ms=16.671041 paused=false
PRESENT CADENCE frame=3334 interval_ms=0.166334 paused=false
PRESENT CADENCE frame=3335 interval_ms=16.152583 paused=false
PRESENT CADENCE frame=3336 interval_ms=0.145958 paused=false
PRESENT CADENCE frame=3337 interval_ms=10.361709 paused=false
PRESENT CADENCE frame=3338 interval_ms=14.728916 paused=false
PRESENT CADENCE frame=3339 interval_ms=0.287084 paused=false
PRESENT CADENCE frame=3340 interval_ms=16.380833 paused=false
PRESENT CADENCE frame=3341 interval_ms=0.272458 paused=false
PRESENT CADENCE frame=3342 interval_ms=16.322709 paused=false
PRESENT CADENCE frame=3343 interval_ms=0.226125 paused=false
PRESENT CADENCE frame=3344 interval_ms=26.047375 paused=false
PRESENT CADENCE frame=3345 interval_ms=0.287958 paused=false
PRESENT CADENCE frame=3346 interval_ms=15.159958 paused=false
PRESENT CADENCE frame=3347 interval_ms=0.200584 paused=false
PRESENT CADENCE frame=3348 interval_ms=16.399958 paused=false
PRESENT CADENCE frame=3349 interval_ms=0.439250 paused=false
PRESENT CADENCE frame=3350 interval_ms=13.888375 paused=false
PRESENT CADENCE frame=3351 interval_ms=0.225458 paused=false
PRESENT CADENCE frame=3352 interval_ms=16.005542 paused=false
PRESENT CADENCE frame=3353 interval_ms=0.260333 paused=false
PRESENT CADENCE frame=3354 interval_ms=12.739500 paused=false
PRESENT CADENCE frame=3355 interval_ms=0.271584 paused=false
PRESENT CADENCE frame=3356 interval_ms=12.165083 paused=false
PRESENT CADENCE frame=3357 interval_ms=0.279375 paused=false
PRESENT CADENCE frame=3358 interval_ms=11.786833 paused=false
PRESENT CADENCE frame=3359 interval_ms=0.241000 paused=false
PRESENT CADENCE frame=3360 interval_ms=15.539667 paused=false
PRESENT CADENCE frame=3361 interval_ms=0.265083 paused=false
PRESENT CADENCE frame=3362 interval_ms=16.323167 paused=false
PRESENT CADENCE frame=3363 interval_ms=0.232958 paused=false
PRESENT CADENCE frame=3364 interval_ms=16.407709 paused=false
PRESENT CADENCE frame=3365 interval_ms=0.218458 paused=false
PRESENT CADENCE frame=3366 interval_ms=16.342875 paused=false
PRESENT CADENCE frame=3367 interval_ms=0.223750 paused=false
PRESENT CADENCE frame=3368 interval_ms=12.297292 paused=false
PRESENT CADENCE frame=3369 interval_ms=0.359875 paused=false
PRESENT CADENCE frame=3370 interval_ms=12.035583 paused=false
PRESENT CADENCE frame=3371 interval_ms=0.218250 paused=false
PRESENT CADENCE frame=3372 interval_ms=16.491917 paused=false
PRESENT CADENCE frame=3373 interval_ms=0.212250 paused=false
PRESENT CADENCE frame=3374 interval_ms=16.345916 paused=false
PRESENT CADENCE frame=3375 interval_ms=0.212917 paused=false
PRESENT CADENCE frame=3376 interval_ms=16.330208 paused=false
PRESENT CADENCE frame=3377 interval_ms=0.239542 paused=false
PRESENT CADENCE frame=3378 interval_ms=9.874750 paused=false
PRESENT CADENCE frame=3379 interval_ms=11.504208 paused=false
PRESENT CADENCE frame=3380 interval_ms=0.189959 paused=false
PRESENT CADENCE frame=3381 interval_ms=11.392541 paused=false
PRESENT CADENCE frame=3382 interval_ms=0.150084 paused=false
PRESENT CADENCE frame=3383 interval_ms=12.673750 paused=false
PRESENT CADENCE frame=3384 interval_ms=0.161125 paused=false
PRESENT CADENCE frame=3385 interval_ms=16.757291 paused=false
PRESENT CADENCE frame=3386 interval_ms=0.171459 paused=false
PRESENT CADENCE frame=3387 interval_ms=11.429416 paused=false
PRESENT CADENCE frame=3388 interval_ms=0.158250 paused=false
PRESENT CADENCE frame=3389 interval_ms=12.468667 paused=false
PRESENT CADENCE frame=3390 interval_ms=0.238125 paused=false
PRESENT CADENCE frame=3391 interval_ms=13.550292 paused=false
PRESENT CADENCE frame=3392 interval_ms=0.174000 paused=false
PRESENT CADENCE frame=3393 interval_ms=11.704125 paused=false
PRESENT CADENCE frame=3394 interval_ms=18.704083 paused=false
PRESENT CADENCE frame=3395 interval_ms=0.444125 paused=false
PRESENT CADENCE frame=3396 interval_ms=10.924708 paused=false
PRESENT CADENCE frame=3397 interval_ms=0.297209 paused=false
PRESENT CADENCE frame=3398 interval_ms=13.983375 paused=false
PRESENT CADENCE frame=3399 interval_ms=0.152791 paused=false
PRESENT CADENCE frame=3400 interval_ms=16.284917 paused=false
PRESENT CADENCE frame=3401 interval_ms=81.844292 paused=false
PRESENT CADENCE frame=3402 interval_ms=0.294416 paused=false
PRESENT CADENCE frame=3403 interval_ms=3.477500 paused=false
PRESENT CADENCE frame=3404 interval_ms=0.274459 paused=false
PRESENT CADENCE frame=3405 interval_ms=16.280208 paused=false
PRESENT CADENCE frame=3406 interval_ms=0.228250 paused=false
PRESENT CADENCE frame=3407 interval_ms=15.302500 paused=false
PRESENT CADENCE frame=3408 interval_ms=0.670250 paused=false
PRESENT CADENCE frame=3409 interval_ms=12.565500 paused=false
PRESENT CADENCE frame=3410 interval_ms=1.700583 paused=false
PRESENT CADENCE frame=3411 interval_ms=11.498750 paused=false
PRESENT CADENCE frame=3412 interval_ms=0.679834 paused=false
PRESENT CADENCE frame=3413 interval_ms=14.890458 paused=false
PRESENT CADENCE frame=3414 interval_ms=0.211792 paused=false
PRESENT CADENCE frame=3415 interval_ms=13.708291 paused=false
PRESENT CADENCE frame=3416 interval_ms=1.244459 paused=false
PRESENT CADENCE frame=3417 interval_ms=11.542333 paused=false
PRESENT CADENCE frame=3418 interval_ms=0.192042 paused=false
PRESENT CADENCE frame=3419 interval_ms=16.711041 paused=false
PRESENT CADENCE frame=3420 interval_ms=0.263500 paused=false
PRESENT CADENCE frame=3421 interval_ms=11.503167 paused=false
PRESENT CADENCE frame=3422 interval_ms=0.234875 paused=false
PRESENT CADENCE frame=3423 interval_ms=15.299292 paused=false
PRESENT CADENCE frame=3424 interval_ms=0.335583 paused=false
PRESENT CADENCE frame=3425 interval_ms=13.630667 paused=false
PRESENT CADENCE frame=3426 interval_ms=0.546791 paused=false
PRESENT CADENCE frame=3427 interval_ms=13.216209 paused=false
PRESENT CADENCE frame=3428 interval_ms=0.516750 paused=false
PRESENT CADENCE frame=3429 interval_ms=15.843166 paused=false
PRESENT CADENCE frame=3430 interval_ms=0.271750 paused=false
PRESENT CADENCE frame=3431 interval_ms=12.497417 paused=false
PRESENT CADENCE frame=3432 interval_ms=0.197458 paused=false
PRESENT CADENCE frame=3433 interval_ms=11.789459 paused=false
PRESENT CADENCE frame=3434 interval_ms=9.276791 paused=false
PRESENT CADENCE frame=3435 interval_ms=0.919584 paused=false
PRESENT CADENCE frame=3436 interval_ms=0.176333 paused=false
PRESENT CADENCE frame=3437 interval_ms=11.488292 paused=false
PRESENT CADENCE frame=3438 interval_ms=0.524833 paused=false
PRESENT CADENCE frame=3439 interval_ms=14.797667 paused=false
PRESENT CADENCE frame=3440 interval_ms=0.504166 paused=false
PRESENT CADENCE frame=3441 interval_ms=9.846709 paused=false
PRESENT CADENCE frame=3442 interval_ms=0.229750 paused=false
PRESENT CADENCE frame=3443 interval_ms=13.123875 paused=false
PRESENT CADENCE frame=3444 interval_ms=0.464666 paused=false
PRESENT CADENCE frame=3445 interval_ms=14.898959 paused=false
PRESENT CADENCE frame=3446 interval_ms=0.389458 paused=false
PRESENT CADENCE frame=3447 interval_ms=13.621708 paused=false
PRESENT CADENCE frame=3448 interval_ms=0.452375 paused=false
PRESENT CADENCE frame=3449 interval_ms=12.547250 paused=false
PRESENT CADENCE frame=3450 interval_ms=0.509834 paused=false
PRESENT CADENCE frame=3451 interval_ms=15.078041 paused=false
PRESENT CADENCE frame=3452 interval_ms=0.900125 paused=false
PRESENT CADENCE frame=3453 interval_ms=13.116500 paused=false
PRESENT CADENCE frame=3454 interval_ms=10.828334 paused=false
PRESENT CADENCE frame=3455 interval_ms=4.151958 paused=false
PRESENT CADENCE frame=3456 interval_ms=0.799292 paused=false
PRESENT CADENCE frame=3457 interval_ms=13.000250 paused=false
FULL MODEL WORKER work_ms=1068.797 physics_ms=523.239 mesh_ms=225.562 partition_ms=18.978 streams_ms=301.018
PRESENT CADENCE frame=3458 interval_ms=37.807833 paused=false
PRESENT CADENCE frame=3459 interval_ms=1.544792 paused=false
PRESENT CADENCE frame=3460 interval_ms=7.166500 paused=false
PRESENT CADENCE frame=3461 interval_ms=2.284666 paused=false
PRESENT CADENCE frame=3462 interval_ms=16.406334 paused=false
PRESENT CADENCE frame=3463 interval_ms=12.679791 paused=false
PRESENT CADENCE frame=3464 interval_ms=3.863792 paused=false
PRESENT CADENCE frame=3465 interval_ms=0.306708 paused=false
PRESENT CADENCE frame=3466 interval_ms=16.300834 paused=false
PRESENT CADENCE frame=3467 interval_ms=0.371958 paused=false
PRESENT CADENCE frame=3468 interval_ms=16.327583 paused=false
PRESENT CADENCE frame=3469 interval_ms=0.161542 paused=false
PRESENT CADENCE frame=3470 interval_ms=16.478292 paused=false
PRESENT CADENCE frame=3471 interval_ms=0.140958 paused=false
PRESENT CADENCE frame=3472 interval_ms=16.525208 paused=false
PRESENT CADENCE frame=3473 interval_ms=0.154792 paused=false
PRESENT CADENCE frame=3474 interval_ms=16.450750 paused=false
PRESENT CADENCE frame=3475 interval_ms=0.169667 paused=false
PRESENT CADENCE frame=3476 interval_ms=16.343041 paused=false
PRESENT CADENCE frame=3477 interval_ms=0.161167 paused=false
PRESENT CADENCE frame=3478 interval_ms=9.558917 paused=false
PRESENT CADENCE frame=3479 interval_ms=14.502375 paused=false
PRESENT CADENCE frame=3480 interval_ms=0.730875 paused=false
PRESENT CADENCE frame=3481 interval_ms=0.140750 paused=false
PRESENT CADENCE frame=3482 interval_ms=9.913708 paused=false
PRESENT CADENCE frame=3483 interval_ms=0.168750 paused=false
PRESENT CADENCE frame=3484 interval_ms=15.184500 paused=false
PRESENT CADENCE frame=3485 interval_ms=0.295042 paused=false
PRESENT CADENCE frame=3486 interval_ms=11.819625 paused=false
PRESENT CADENCE frame=3487 interval_ms=0.177041 paused=false
PRESENT CADENCE frame=3488 interval_ms=12.168125 paused=false
PRESENT CADENCE frame=3489 interval_ms=0.272625 paused=false
PRESENT CADENCE frame=3490 interval_ms=12.584459 paused=false
PRESENT CADENCE frame=3491 interval_ms=0.247375 paused=false
PRESENT CADENCE frame=3492 interval_ms=11.767458 paused=false
PRESENT CADENCE frame=3493 interval_ms=0.138250 paused=false
PRESENT CADENCE frame=3494 interval_ms=11.982958 paused=false
PRESENT CADENCE frame=3495 interval_ms=0.254084 paused=false
PRESENT CADENCE frame=3496 interval_ms=11.795458 paused=false
PRESENT CADENCE frame=3497 interval_ms=0.521792 paused=false
PRESENT CADENCE frame=3498 interval_ms=11.069083 paused=false
PRESENT CADENCE frame=3499 interval_ms=0.333875 paused=false
PRESENT CADENCE frame=3500 interval_ms=17.502542 paused=false
PRESENT CADENCE frame=3501 interval_ms=0.297166 paused=false
PRESENT CADENCE frame=3502 interval_ms=9.789250 paused=false
PRESENT CADENCE frame=3503 interval_ms=0.163959 paused=false
PRESENT CADENCE frame=3504 interval_ms=12.037875 paused=false
PRESENT CADENCE frame=3505 interval_ms=0.467875 paused=false
PRESENT CADENCE frame=3506 interval_ms=11.961291 paused=false
PRESENT CADENCE frame=3507 interval_ms=0.460417 paused=false
PRESENT CADENCE frame=3508 interval_ms=11.425417 paused=false
PRESENT CADENCE frame=3509 interval_ms=0.562958 paused=false
PRESENT CADENCE frame=3510 interval_ms=17.150917 paused=false
PRESENT CADENCE frame=3511 interval_ms=0.320458 paused=false
PRESENT CADENCE frame=3512 interval_ms=19.238333 paused=false
PRESENT CADENCE frame=3513 interval_ms=0.566459 paused=false
PRESENT CADENCE frame=3514 interval_ms=10.869333 paused=false
PRESENT CADENCE frame=3515 interval_ms=0.580250 paused=false
PRESENT CADENCE frame=3516 interval_ms=16.926083 paused=false
PRESENT CADENCE frame=3517 interval_ms=0.577042 paused=false
PRESENT CADENCE frame=3518 interval_ms=13.149000 paused=false
PRESENT CADENCE frame=3519 interval_ms=0.655542 paused=false
PRESENT CADENCE frame=3520 interval_ms=12.733333 paused=false
PRESENT CADENCE frame=3521 interval_ms=0.379167 paused=false
PRESENT CADENCE frame=3522 interval_ms=13.579083 paused=false
PRESENT CADENCE frame=3523 interval_ms=0.368917 paused=false
PRESENT CADENCE frame=3524 interval_ms=13.484166 paused=false
PRESENT CADENCE frame=3525 interval_ms=0.316459 paused=false
PRESENT CADENCE frame=3526 interval_ms=14.072833 paused=false
PRESENT CADENCE frame=3527 interval_ms=0.332542 paused=false
PRESENT CADENCE frame=3528 interval_ms=14.116083 paused=false
PRESENT CADENCE frame=3529 interval_ms=0.289292 paused=false
PRESENT CADENCE frame=3530 interval_ms=13.318500 paused=false
PRESENT CADENCE frame=3531 interval_ms=0.285916 paused=false
PRESENT CADENCE frame=3532 interval_ms=16.133792 paused=false
PRESENT CADENCE frame=3533 interval_ms=0.326208 paused=false
PRESENT CADENCE frame=3534 interval_ms=13.720709 paused=false
PRESENT CADENCE frame=3535 interval_ms=0.366833 paused=false
PRESENT CADENCE frame=3536 interval_ms=15.726792 paused=false
PRESENT CADENCE frame=3537 interval_ms=0.270708 paused=false
PRESENT CADENCE frame=3538 interval_ms=13.469625 paused=false
PRESENT CADENCE frame=3539 interval_ms=0.592667 paused=false
PRESENT CADENCE frame=3540 interval_ms=16.961875 paused=false
PRESENT CADENCE frame=3541 interval_ms=0.302375 paused=false
PRESENT CADENCE frame=3542 interval_ms=14.437875 paused=false
PRESENT CADENCE frame=3543 interval_ms=0.206541 paused=false
PRESENT CADENCE frame=3544 interval_ms=13.552167 paused=false
PRESENT CADENCE frame=3545 interval_ms=0.195458 paused=false
PRESENT CADENCE frame=3546 interval_ms=13.772542 paused=false
PRESENT CADENCE frame=3547 interval_ms=0.185208 paused=false
PRESENT CADENCE frame=3548 interval_ms=11.914709 paused=false
PRESENT CADENCE frame=3549 interval_ms=0.178041 paused=false
PRESENT CADENCE frame=3550 interval_ms=13.237042 paused=false
PRESENT CADENCE frame=3551 interval_ms=0.171000 paused=false
PRESENT CADENCE frame=3552 interval_ms=13.841333 paused=false
PRESENT CADENCE frame=3553 interval_ms=0.175417 paused=false
PRESENT CADENCE frame=3554 interval_ms=12.452833 paused=false
PRESENT CADENCE frame=3555 interval_ms=0.200209 paused=false
PRESENT CADENCE frame=3556 interval_ms=16.310875 paused=false
PRESENT CADENCE frame=3557 interval_ms=0.204333 paused=false
PRESENT CADENCE frame=3558 interval_ms=11.739542 paused=false
PRESENT CADENCE frame=3559 interval_ms=0.201500 paused=false
PRESENT CADENCE frame=3560 interval_ms=18.038000 paused=false
PRESENT CADENCE frame=3561 interval_ms=0.154458 paused=false
PRESENT CADENCE frame=3562 interval_ms=20.027250 paused=false
PRESENT CADENCE frame=3563 interval_ms=0.165667 paused=false
PRESENT CADENCE frame=3564 interval_ms=12.695041 paused=false
PRESENT CADENCE frame=3565 interval_ms=0.207625 paused=false
PRESENT CADENCE frame=3566 interval_ms=13.768167 paused=false
PRESENT CADENCE frame=3567 interval_ms=0.210500 paused=false
PRESENT CADENCE frame=3568 interval_ms=15.383333 paused=false
PRESENT CADENCE frame=3569 interval_ms=0.205375 paused=false
PRESENT CADENCE frame=3570 interval_ms=10.136084 paused=false
PRESENT CADENCE frame=3571 interval_ms=0.187416 paused=false
PRESENT CADENCE frame=3572 interval_ms=11.924709 paused=false
PRESENT CADENCE frame=3573 interval_ms=0.208250 paused=false
PRESENT CADENCE frame=3574 interval_ms=16.576125 paused=false
PRESENT CADENCE frame=3575 interval_ms=0.180250 paused=false
PRESENT CADENCE frame=3576 interval_ms=11.311000 paused=false
PRESENT CADENCE frame=3577 interval_ms=0.200916 paused=false
PRESENT CADENCE frame=3578 interval_ms=11.515084 paused=false
PRESENT CADENCE frame=3579 interval_ms=0.164250 paused=false
PRESENT CADENCE frame=3580 interval_ms=10.551291 paused=false
PRESENT CADENCE frame=3581 interval_ms=0.357500 paused=false
PRESENT CADENCE frame=3582 interval_ms=11.208417 paused=false
PRESENT CADENCE frame=3583 interval_ms=0.255833 paused=false
PRESENT CADENCE frame=3584 interval_ms=18.017125 paused=false
PRESENT CADENCE frame=3585 interval_ms=0.166209 paused=false
PRESENT CADENCE frame=3586 interval_ms=9.867875 paused=false
PRESENT CADENCE frame=3587 interval_ms=0.203666 paused=false
PRESENT CADENCE frame=3588 interval_ms=13.169125 paused=false
PRESENT CADENCE frame=3589 interval_ms=0.326250 paused=false
PRESENT CADENCE frame=3590 interval_ms=12.508792 paused=false
FULL MODEL WORKER work_ms=970.450 physics_ms=439.038 mesh_ms=240.988 partition_ms=16.214 streams_ms=274.210
PRESENT CADENCE frame=3591 interval_ms=37.920542 paused=false
PRESENT CADENCE frame=3592 interval_ms=1.209833 paused=false
PRESENT CADENCE frame=3593 interval_ms=10.745458 paused=false
PRESENT CADENCE frame=3594 interval_ms=0.300250 paused=false
PRESENT CADENCE frame=3595 interval_ms=11.880417 paused=false
PRESENT CADENCE frame=3596 interval_ms=0.246667 paused=false
PRESENT CADENCE frame=3597 interval_ms=16.448958 paused=false
PRESENT CADENCE frame=3598 interval_ms=0.156333 paused=false
PRESENT CADENCE frame=3599 interval_ms=11.313792 paused=false
PRESENT CADENCE frame=3600 interval_ms=0.170583 paused=false
PRESENT CADENCE frame=3601 interval_ms=9.511167 paused=false
PRESENT CADENCE frame=3602 interval_ms=0.169792 paused=false
PRESENT CADENCE frame=3603 interval_ms=10.735291 paused=false
PRESENT CADENCE frame=3604 interval_ms=0.223250 paused=false
PRESENT CADENCE frame=3605 interval_ms=16.707917 paused=false
PRESENT CADENCE frame=3606 interval_ms=0.223125 paused=false
PRESENT CADENCE frame=3607 interval_ms=18.325500 paused=false
PRESENT CADENCE frame=3608 interval_ms=0.180417 paused=false
PRESENT CADENCE frame=3609 interval_ms=10.361208 paused=false
PRESENT CADENCE frame=3610 interval_ms=0.240208 paused=false
PRESENT CADENCE frame=3611 interval_ms=17.433000 paused=false
PRESENT CADENCE frame=3612 interval_ms=0.233750 paused=false
PRESENT CADENCE frame=3613 interval_ms=9.994334 paused=false
PRESENT CADENCE frame=3614 interval_ms=0.210375 paused=false
PRESENT CADENCE frame=3615 interval_ms=9.913541 paused=false
PRESENT CADENCE frame=3616 interval_ms=0.212542 paused=false
PRESENT CADENCE frame=3617 interval_ms=9.786792 paused=false
PRESENT CADENCE frame=3618 interval_ms=0.262291 paused=false
PRESENT CADENCE frame=3619 interval_ms=8.700084 paused=false
PRESENT CADENCE frame=3620 interval_ms=0.216166 paused=false
PRESENT CADENCE frame=3621 interval_ms=10.362084 paused=false
PRESENT CADENCE frame=3622 interval_ms=0.279000 paused=false
PRESENT CADENCE frame=3623 interval_ms=10.105458 paused=false
PRESENT CADENCE frame=3624 interval_ms=0.155417 paused=false
PRESENT CADENCE frame=3625 interval_ms=9.829833 paused=false
PRESENT CADENCE frame=3626 interval_ms=0.233500 paused=false
PRESENT CADENCE frame=3627 interval_ms=10.113625 paused=false
PRESENT CADENCE frame=3628 interval_ms=0.156000 paused=false
PRESENT CADENCE frame=3629 interval_ms=11.353375 paused=false
PRESENT CADENCE frame=3630 interval_ms=0.149875 paused=false
PRESENT CADENCE frame=3631 interval_ms=10.902667 paused=false
PRESENT CADENCE frame=3632 interval_ms=0.171500 paused=false
PRESENT CADENCE frame=3633 interval_ms=9.746708 paused=false
PRESENT CADENCE frame=3634 interval_ms=0.134042 paused=false
PRESENT CADENCE frame=3635 interval_ms=9.921416 paused=false
PRESENT CADENCE frame=3636 interval_ms=0.175084 paused=false
PRESENT CADENCE frame=3637 interval_ms=9.864416 paused=false
PRESENT CADENCE frame=3638 interval_ms=0.161459 paused=false
PRESENT CADENCE frame=3639 interval_ms=11.703500 paused=false
PRESENT CADENCE frame=3640 interval_ms=0.210791 paused=false
PRESENT CADENCE frame=3641 interval_ms=11.321417 paused=false
PRESENT CADENCE frame=3642 interval_ms=0.198250 paused=false
PRESENT CADENCE frame=3643 interval_ms=11.618292 paused=false
PRESENT CADENCE frame=3644 interval_ms=0.182208 paused=false
PRESENT CADENCE frame=3645 interval_ms=8.705625 paused=false
PRESENT CADENCE frame=3646 interval_ms=0.159708 paused=false
PRESENT CADENCE frame=3647 interval_ms=9.016875 paused=false
PRESENT CADENCE frame=3648 interval_ms=0.156500 paused=false
PRESENT CADENCE frame=3649 interval_ms=11.600959 paused=false
PRESENT CADENCE frame=3650 interval_ms=0.156416 paused=false
PRESENT CADENCE frame=3651 interval_ms=11.663042 paused=false
PRESENT CADENCE frame=3652 interval_ms=0.241625 paused=false
PRESENT CADENCE frame=3653 interval_ms=14.879042 paused=false
PRESENT CADENCE frame=3654 interval_ms=0.197958 paused=false
PRESENT CADENCE frame=3655 interval_ms=11.905458 paused=false
PRESENT CADENCE frame=3656 interval_ms=0.178625 paused=false
PRESENT CADENCE frame=3657 interval_ms=11.509334 paused=false
PRESENT CADENCE frame=3658 interval_ms=0.208750 paused=false
PRESENT CADENCE frame=3659 interval_ms=12.559083 paused=false
PRESENT CADENCE frame=3660 interval_ms=0.167833 paused=false
PRESENT CADENCE frame=3661 interval_ms=11.830250 paused=false
PRESENT CADENCE frame=3662 interval_ms=0.247084 paused=false
PRESENT CADENCE frame=3663 interval_ms=14.558625 paused=false
PRESENT CADENCE frame=3664 interval_ms=0.213250 paused=false
PRESENT CADENCE frame=3665 interval_ms=11.603041 paused=false
PRESENT CADENCE frame=3666 interval_ms=0.179792 paused=false
PRESENT CADENCE frame=3667 interval_ms=10.987875 paused=false
PRESENT CADENCE frame=3668 interval_ms=0.196833 paused=false
PRESENT CADENCE frame=3669 interval_ms=14.079667 paused=false
PRESENT CADENCE frame=3670 interval_ms=0.204083 paused=false
PRESENT CADENCE frame=3671 interval_ms=10.857042 paused=false
PRESENT CADENCE frame=3672 interval_ms=0.253875 paused=false
PRESENT CADENCE frame=3673 interval_ms=13.263833 paused=false
PRESENT CADENCE frame=3674 interval_ms=0.164625 paused=false
PRESENT CADENCE frame=3675 interval_ms=12.117625 paused=false
PRESENT CADENCE frame=3676 interval_ms=0.154500 paused=false
PRESENT CADENCE frame=3677 interval_ms=11.449042 paused=false
PRESENT CADENCE frame=3678 interval_ms=0.207875 paused=false
PRESENT CADENCE frame=3679 interval_ms=12.309458 paused=false
PRESENT CADENCE frame=3680 interval_ms=0.289125 paused=false
PRESENT CADENCE frame=3681 interval_ms=12.230875 paused=false
PRESENT CADENCE frame=3682 interval_ms=0.280250 paused=false
PRESENT CADENCE frame=3683 interval_ms=9.692792 paused=false
PRESENT CADENCE frame=3684 interval_ms=0.179792 paused=false
PRESENT CADENCE frame=3685 interval_ms=11.292208 paused=false
PRESENT CADENCE frame=3686 interval_ms=0.187083 paused=false
PRESENT CADENCE frame=3687 interval_ms=12.000834 paused=false
PRESENT CADENCE frame=3688 interval_ms=0.219416 paused=false
PRESENT CADENCE frame=3689 interval_ms=12.097667 paused=false
PRESENT CADENCE frame=3690 interval_ms=0.270625 paused=false
PRESENT CADENCE frame=3691 interval_ms=14.643000 paused=false
PRESENT CADENCE frame=3692 interval_ms=0.170667 paused=false
PRESENT CADENCE frame=3693 interval_ms=8.897500 paused=false
PRESENT CADENCE frame=3694 interval_ms=0.200458 paused=false
PRESENT CADENCE frame=3695 interval_ms=12.120417 paused=false
PRESENT CADENCE frame=3696 interval_ms=0.228916 paused=false
PRESENT CADENCE frame=3697 interval_ms=14.475459 paused=false
PRESENT CADENCE frame=3698 interval_ms=0.198750 paused=false
PRESENT CADENCE frame=3699 interval_ms=11.555625 paused=false
PRESENT CADENCE frame=3700 interval_ms=0.157291 paused=false
PRESENT CADENCE frame=3701 interval_ms=11.459917 paused=false
PRESENT CADENCE frame=3702 interval_ms=19.954125 paused=false
PRESENT CADENCE frame=3703 interval_ms=0.891917 paused=false
PRESENT CADENCE frame=3704 interval_ms=7.020166 paused=false
PRESENT CADENCE frame=3705 interval_ms=0.321459 paused=false
PRESENT CADENCE frame=3706 interval_ms=11.163625 paused=false
PRESENT CADENCE frame=3707 interval_ms=0.334291 paused=false
PRESENT CADENCE frame=3708 interval_ms=12.392167 paused=false
PRESENT CADENCE frame=3709 interval_ms=0.385333 paused=false
PRESENT CADENCE frame=3710 interval_ms=12.978750 paused=false
PRESENT CADENCE frame=3711 interval_ms=0.314959 paused=false
PRESENT CADENCE frame=3712 interval_ms=11.954958 paused=false
PRESENT CADENCE frame=3713 interval_ms=0.269792 paused=false
PRESENT CADENCE frame=3714 interval_ms=11.351750 paused=false
PRESENT CADENCE frame=3715 interval_ms=0.324416 paused=false
PRESENT CADENCE frame=3716 interval_ms=16.717000 paused=false
PRESENT CADENCE frame=3717 interval_ms=0.359292 paused=false
PRESENT CADENCE frame=3718 interval_ms=11.429875 paused=false
PRESENT CADENCE frame=3719 interval_ms=0.295417 paused=false
PRESENT CADENCE frame=3720 interval_ms=16.878458 paused=false
PRESENT CADENCE frame=3721 interval_ms=0.387375 paused=false
PRESENT CADENCE frame=3722 interval_ms=10.809083 paused=false
PRESENT CADENCE frame=3723 interval_ms=0.359834 paused=false
PRESENT CADENCE frame=3724 interval_ms=10.212000 paused=false
PRESENT CADENCE frame=3725 interval_ms=0.342375 paused=false
PRESENT CADENCE frame=3726 interval_ms=11.339875 paused=false
PRESENT CADENCE frame=3727 interval_ms=0.387166 paused=false
PRESENT CADENCE frame=3728 interval_ms=11.442417 paused=false
PRESENT CADENCE frame=3729 interval_ms=0.280833 paused=false
PRESENT CADENCE frame=3730 interval_ms=10.037375 paused=false
PRESENT CADENCE frame=3731 interval_ms=0.390584 paused=false
PRESENT CADENCE frame=3732 interval_ms=9.461166 paused=false
PRESENT CADENCE frame=3733 interval_ms=0.341959 paused=false
PRESENT CADENCE frame=3734 interval_ms=9.173291 paused=false
PRESENT CADENCE frame=3735 interval_ms=0.409959 paused=false
PRESENT CADENCE frame=3736 interval_ms=13.603500 paused=false
PRESENT CADENCE frame=3737 interval_ms=0.303708 paused=false
PRESENT CADENCE frame=3738 interval_ms=14.624583 paused=false
PRESENT CADENCE frame=3739 interval_ms=0.423417 paused=false
PRESENT CADENCE frame=3740 interval_ms=13.669125 paused=false
FULL MODEL WORKER work_ms=938.416 physics_ms=399.596 mesh_ms=217.428 partition_ms=19.018 streams_ms=302.374
PRESENT CADENCE frame=3741 interval_ms=40.192375 paused=false
PRESENT CADENCE frame=3742 interval_ms=0.922083 paused=false
PRESENT CADENCE frame=3743 interval_ms=3.392209 paused=false
PRESENT CADENCE frame=3744 interval_ms=0.511625 paused=false
PRESENT CADENCE frame=3745 interval_ms=13.656458 paused=false
PRESENT CADENCE frame=3746 interval_ms=11.805000 paused=false
PRESENT CADENCE frame=3747 interval_ms=0.538792 paused=false
PRESENT CADENCE frame=3748 interval_ms=0.209958 paused=false
PRESENT CADENCE frame=3749 interval_ms=11.381917 paused=false
PRESENT CADENCE frame=3750 interval_ms=0.327250 paused=false
PRESENT CADENCE frame=3751 interval_ms=12.006666 paused=false
PRESENT CADENCE frame=3752 interval_ms=0.319750 paused=false
PRESENT CADENCE frame=3753 interval_ms=11.656334 paused=false
PRESENT CADENCE frame=3754 interval_ms=0.323791 paused=false
PRESENT CADENCE frame=3755 interval_ms=11.848250 paused=false
PRESENT CADENCE frame=3756 interval_ms=0.438375 paused=false
PRESENT CADENCE frame=3757 interval_ms=9.313750 paused=false
PRESENT CADENCE frame=3758 interval_ms=0.328667 paused=false
PRESENT CADENCE frame=3759 interval_ms=12.857958 paused=false
PRESENT CADENCE frame=3760 interval_ms=0.300042 paused=false
PRESENT CADENCE frame=3761 interval_ms=11.551792 paused=false
PRESENT CADENCE frame=3762 interval_ms=0.250458 paused=false
PRESENT CADENCE frame=3763 interval_ms=9.967917 paused=false
PRESENT CADENCE frame=3764 interval_ms=0.436875 paused=false
PRESENT CADENCE frame=3765 interval_ms=11.056583 paused=false
PRESENT CADENCE frame=3766 interval_ms=0.299708 paused=false
PRESENT CADENCE frame=3767 interval_ms=14.813625 paused=false
PRESENT CADENCE frame=3768 interval_ms=0.387459 paused=false
PRESENT CADENCE frame=3769 interval_ms=9.545416 paused=false
PRESENT CADENCE frame=3770 interval_ms=0.434334 paused=false
PRESENT CADENCE frame=3771 interval_ms=12.460416 paused=false
PRESENT CADENCE frame=3772 interval_ms=0.313417 paused=false
PRESENT CADENCE frame=3773 interval_ms=11.187875 paused=false
PRESENT CADENCE frame=3774 interval_ms=0.356583 paused=false
PRESENT CADENCE frame=3775 interval_ms=11.996959 paused=false
PRESENT CADENCE frame=3776 interval_ms=0.928416 paused=false
PRESENT CADENCE frame=3777 interval_ms=12.080792 paused=false
PRESENT CADENCE frame=3778 interval_ms=0.519167 paused=false
PRESENT CADENCE frame=3779 interval_ms=15.395208 paused=false
PRESENT CADENCE frame=3780 interval_ms=0.401875 paused=false
PRESENT CADENCE frame=3781 interval_ms=11.914583 paused=false
PRESENT CADENCE frame=3782 interval_ms=0.420667 paused=false
PRESENT CADENCE frame=3783 interval_ms=11.209500 paused=false
PRESENT CADENCE frame=3784 interval_ms=0.400375 paused=false
PRESENT CADENCE frame=3785 interval_ms=11.917792 paused=false
PRESENT CADENCE frame=3786 interval_ms=0.312208 paused=false
PRESENT CADENCE frame=3787 interval_ms=10.883250 paused=false
PRESENT CADENCE frame=3788 interval_ms=0.335042 paused=false
PRESENT CADENCE frame=3789 interval_ms=10.751875 paused=false
PRESENT CADENCE frame=3790 interval_ms=0.387375 paused=false
PRESENT CADENCE frame=3791 interval_ms=11.272125 paused=false
PRESENT CADENCE frame=3792 interval_ms=0.358250 paused=false
PRESENT CADENCE frame=3793 interval_ms=12.271916 paused=false
PRESENT CADENCE frame=3794 interval_ms=0.872750 paused=false
PRESENT CADENCE frame=3795 interval_ms=10.295792 paused=false
PRESENT CADENCE frame=3796 interval_ms=0.339375 paused=false
PRESENT CADENCE frame=3797 interval_ms=17.189000 paused=false
PRESENT CADENCE frame=3798 interval_ms=0.337000 paused=false
PRESENT CADENCE frame=3799 interval_ms=11.256333 paused=false
PRESENT CADENCE frame=3800 interval_ms=0.316917 paused=false
PRESENT CADENCE frame=3801 interval_ms=10.686833 paused=false
PRESENT CADENCE frame=3802 interval_ms=0.460875 paused=false
PRESENT CADENCE frame=3803 interval_ms=11.331125 paused=false
PRESENT CADENCE frame=3804 interval_ms=0.363625 paused=false
PRESENT CADENCE frame=3805 interval_ms=15.220959 paused=false
PRESENT CADENCE frame=3806 interval_ms=0.414875 paused=false
PRESENT CADENCE frame=3807 interval_ms=10.866250 paused=false
PRESENT CADENCE frame=3808 interval_ms=0.331041 paused=false
PRESENT CADENCE frame=3809 interval_ms=10.914000 paused=false
PRESENT CADENCE frame=3810 interval_ms=0.378667 paused=false
PRESENT CADENCE frame=3811 interval_ms=11.005000 paused=false
PRESENT CADENCE frame=3812 interval_ms=0.314042 paused=false
PRESENT CADENCE frame=3813 interval_ms=11.553000 paused=false
PRESENT CADENCE frame=3814 interval_ms=0.371458 paused=false
PRESENT CADENCE frame=3815 interval_ms=15.162750 paused=false
PRESENT CADENCE frame=3816 interval_ms=0.359167 paused=false
PRESENT CADENCE frame=3817 interval_ms=10.958166 paused=false
PRESENT CADENCE frame=3818 interval_ms=0.352500 paused=false
PRESENT CADENCE frame=3819 interval_ms=12.206459 paused=false
PRESENT CADENCE frame=3820 interval_ms=0.280500 paused=false
PRESENT CADENCE frame=3821 interval_ms=12.445000 paused=false
PRESENT CADENCE frame=3822 interval_ms=0.498583 paused=false
PRESENT CADENCE frame=3823 interval_ms=15.485208 paused=false
PRESENT CADENCE frame=3824 interval_ms=0.470042 paused=false
PRESENT CADENCE frame=3825 interval_ms=11.136833 paused=false
PRESENT CADENCE frame=3826 interval_ms=0.387459 paused=false
PRESENT CADENCE frame=3827 interval_ms=13.045541 paused=false
PRESENT CADENCE frame=3828 interval_ms=0.406334 paused=false
PRESENT CADENCE frame=3829 interval_ms=13.817958 paused=false
PRESENT CADENCE frame=3830 interval_ms=0.269500 paused=false
PRESENT CADENCE frame=3831 interval_ms=11.139458 paused=false
PRESENT CADENCE frame=3832 interval_ms=0.234250 paused=false
PRESENT CADENCE frame=3833 interval_ms=12.335459 paused=false
PRESENT CADENCE frame=3834 interval_ms=0.213291 paused=false
PRESENT CADENCE frame=3835 interval_ms=12.364917 paused=false
PRESENT CADENCE frame=3836 interval_ms=0.236250 paused=false
PRESENT CADENCE frame=3837 interval_ms=12.111292 paused=false
PRESENT CADENCE frame=3838 interval_ms=0.259000 paused=false
PRESENT CADENCE frame=3839 interval_ms=11.180166 paused=false
PRESENT CADENCE frame=3840 interval_ms=0.221750 paused=false
PRESENT CADENCE frame=3841 interval_ms=11.262125 paused=false
PRESENT CADENCE frame=3842 interval_ms=0.192375 paused=false
PRESENT CADENCE frame=3843 interval_ms=15.174625 paused=false
PRESENT CADENCE frame=3844 interval_ms=0.269709 paused=false
PRESENT CADENCE frame=3845 interval_ms=11.043625 paused=false
PRESENT CADENCE frame=3846 interval_ms=0.249083 paused=false
PRESENT CADENCE frame=3847 interval_ms=10.767625 paused=false
PRESENT CADENCE frame=3848 interval_ms=0.247625 paused=false
PRESENT CADENCE frame=3849 interval_ms=9.996458 paused=false
PRESENT CADENCE frame=3850 interval_ms=0.237042 paused=false
PRESENT CADENCE frame=3851 interval_ms=16.313833 paused=false
PRESENT CADENCE frame=3852 interval_ms=0.338625 paused=false
PRESENT CADENCE frame=3853 interval_ms=11.370750 paused=false
PRESENT CADENCE frame=3854 interval_ms=0.266625 paused=false
PRESENT CADENCE frame=3855 interval_ms=10.924667 paused=false
PRESENT CADENCE frame=3856 interval_ms=0.236208 paused=false
PRESENT CADENCE frame=3857 interval_ms=10.827750 paused=false
PRESENT CADENCE frame=3858 interval_ms=0.293500 paused=false
PRESENT CADENCE frame=3859 interval_ms=11.465459 paused=false
PRESENT CADENCE frame=3860 interval_ms=0.211958 paused=false
PRESENT CADENCE frame=3861 interval_ms=10.526292 paused=false
PRESENT CADENCE frame=3862 interval_ms=0.328875 paused=false
PRESENT CADENCE frame=3863 interval_ms=16.221583 paused=false
PRESENT CADENCE frame=3864 interval_ms=0.223000 paused=false
PRESENT CADENCE frame=3865 interval_ms=9.618500 paused=false
PRESENT CADENCE frame=3866 interval_ms=0.327750 paused=false
PRESENT CADENCE frame=3867 interval_ms=12.731167 paused=false
PRESENT CADENCE frame=3868 interval_ms=0.333541 paused=false
PRESENT CADENCE frame=3869 interval_ms=13.682792 paused=false
PRESENT CADENCE frame=3870 interval_ms=0.313708 paused=false
PRESENT CADENCE frame=3871 interval_ms=10.073792 paused=false
PRESENT CADENCE frame=3872 interval_ms=0.386708 paused=false
PRESENT CADENCE frame=3873 interval_ms=10.591667 paused=false
PRESENT CADENCE frame=3874 interval_ms=0.349833 paused=false
PRESENT CADENCE frame=3875 interval_ms=11.405834 paused=false
PRESENT CADENCE frame=3876 interval_ms=0.925125 paused=false
PRESENT CADENCE frame=3877 interval_ms=10.020083 paused=false
PRESENT CADENCE frame=3878 interval_ms=0.375708 paused=false
PRESENT CADENCE frame=3879 interval_ms=9.971542 paused=false
PRESENT CADENCE frame=3880 interval_ms=0.971708 paused=false
PRESENT CADENCE frame=3881 interval_ms=9.854750 paused=false
PRESENT CADENCE frame=3882 interval_ms=0.366959 paused=false
PRESENT CADENCE frame=3883 interval_ms=16.105625 paused=false
PRESENT CADENCE frame=3884 interval_ms=0.392375 paused=false
PRESENT CADENCE frame=3885 interval_ms=10.174041 paused=false
PRESENT CADENCE frame=3886 interval_ms=0.323250 paused=false
PRESENT CADENCE frame=3887 interval_ms=10.964125 paused=false
PRESENT CADENCE frame=3888 interval_ms=0.862292 paused=false
PRESENT CADENCE frame=3889 interval_ms=10.251083 paused=false
PRESENT CADENCE frame=3890 interval_ms=0.325625 paused=false
PRESENT CADENCE frame=3891 interval_ms=12.004167 paused=false
PRESENT CADENCE frame=3892 interval_ms=0.934542 paused=false
PRESENT CADENCE frame=3893 interval_ms=9.767500 paused=false
PRESENT CADENCE frame=3894 interval_ms=0.349041 paused=false
PRESENT CADENCE frame=3895 interval_ms=10.308750 paused=false
PRESENT CADENCE frame=3896 interval_ms=0.464750 paused=false
PRESENT CADENCE frame=3897 interval_ms=8.108917 paused=false
PRESENT CADENCE frame=3898 interval_ms=0.931958 paused=false
PRESENT CADENCE frame=3899 interval_ms=9.777250 paused=false
PRESENT CADENCE frame=3900 interval_ms=0.307834 paused=false
PRESENT CADENCE frame=3901 interval_ms=10.353958 paused=false
PRESENT CADENCE frame=3902 interval_ms=0.289417 paused=false
PRESENT CADENCE frame=3903 interval_ms=11.731083 paused=false
PRESENT CADENCE frame=3904 interval_ms=0.936000 paused=false
PRESENT CADENCE frame=3905 interval_ms=9.663708 paused=false
PRESENT CADENCE frame=3906 interval_ms=0.313125 paused=false
PRESENT CADENCE frame=3907 interval_ms=9.782542 paused=false
FULL MODEL WORKER work_ms=1047.733 physics_ms=492.891 mesh_ms=258.342 partition_ms=17.574 streams_ms=278.927
PRESENT CADENCE frame=3908 interval_ms=39.499500 paused=false
PRESENT CADENCE frame=3909 interval_ms=1.181708 paused=false
PRESENT CADENCE frame=3910 interval_ms=6.218542 paused=false
PRESENT CADENCE frame=3911 interval_ms=0.250333 paused=false
PRESENT CADENCE frame=3912 interval_ms=8.753584 paused=false
PRESENT CADENCE frame=3913 interval_ms=2.548833 paused=false
PRESENT CADENCE frame=3914 interval_ms=9.571667 paused=false
PRESENT CADENCE frame=3915 interval_ms=0.828750 paused=false
PRESENT CADENCE frame=3916 interval_ms=11.500333 paused=false
PRESENT CADENCE frame=3917 interval_ms=0.328833 paused=false
PRESENT CADENCE frame=3918 interval_ms=12.554250 paused=false
PRESENT CADENCE frame=3919 interval_ms=0.245292 paused=false
PRESENT CADENCE frame=3920 interval_ms=12.287750 paused=false
PRESENT CADENCE frame=3921 interval_ms=0.881667 paused=false
PRESENT CADENCE frame=3922 interval_ms=10.357000 paused=false
PRESENT CADENCE frame=3923 interval_ms=0.327083 paused=false
PRESENT CADENCE frame=3924 interval_ms=15.612708 paused=false
PRESENT CADENCE frame=3925 interval_ms=0.285209 paused=false
PRESENT CADENCE frame=3926 interval_ms=10.537916 paused=false
PRESENT CADENCE frame=3927 interval_ms=0.990334 paused=false
PRESENT CADENCE frame=3928 interval_ms=10.177375 paused=false
PRESENT CADENCE frame=3929 interval_ms=0.259250 paused=false
PRESENT CADENCE frame=3930 interval_ms=10.589875 paused=false
PRESENT CADENCE frame=3931 interval_ms=0.489541 paused=false
PRESENT CADENCE frame=3932 interval_ms=18.552375 paused=false
PRESENT CADENCE frame=3933 interval_ms=0.921834 paused=false
PRESENT CADENCE frame=3934 interval_ms=9.173208 paused=false
PRESENT CADENCE frame=3935 interval_ms=0.418125 paused=false
PRESENT CADENCE frame=3936 interval_ms=17.508083 paused=false
PRESENT CADENCE frame=3937 interval_ms=0.927667 paused=false
PRESENT CADENCE frame=3938 interval_ms=9.422792 paused=false
PRESENT CADENCE frame=3939 interval_ms=0.335541 paused=false
PRESENT CADENCE frame=3940 interval_ms=9.063875 paused=false
PRESENT CADENCE frame=3941 interval_ms=0.305084 paused=false
PRESENT CADENCE frame=3942 interval_ms=10.327041 paused=false
PRESENT CADENCE frame=3943 interval_ms=0.318167 paused=false
PRESENT CADENCE frame=3944 interval_ms=8.136292 paused=false
PRESENT CADENCE frame=3945 interval_ms=1.049875 paused=false
PRESENT CADENCE frame=3946 interval_ms=15.729000 paused=false
PRESENT CADENCE frame=3947 interval_ms=0.237625 paused=false
PRESENT CADENCE frame=3948 interval_ms=8.075125 paused=false
PRESENT CADENCE frame=3949 interval_ms=9.986708 paused=false
PRESENT CADENCE frame=3950 interval_ms=1.497042 paused=false
PRESENT CADENCE frame=3951 interval_ms=0.151208 paused=false
PRESENT CADENCE frame=3952 interval_ms=11.038542 paused=false
PRESENT CADENCE frame=3953 interval_ms=0.331958 paused=false
PRESENT CADENCE frame=3954 interval_ms=17.071583 paused=false
PRESENT CADENCE frame=3955 interval_ms=0.839334 paused=false
PRESENT CADENCE frame=3956 interval_ms=10.452958 paused=false
PRESENT CADENCE frame=3957 interval_ms=0.303542 paused=false
PRESENT CADENCE frame=3958 interval_ms=16.476041 paused=false
PRESENT CADENCE frame=3959 interval_ms=0.477792 paused=false
PRESENT CADENCE frame=3960 interval_ms=10.082042 paused=false
PRESENT CADENCE frame=3961 interval_ms=0.387083 paused=false
PRESENT CADENCE frame=3962 interval_ms=9.553875 paused=false
PRESENT CADENCE frame=3963 interval_ms=0.831417 paused=false
PRESENT CADENCE frame=3964 interval_ms=9.411291 paused=false
PRESENT CADENCE frame=3965 interval_ms=0.910917 paused=false
PRESENT CADENCE frame=3966 interval_ms=15.726583 paused=false
PRESENT CADENCE frame=3967 interval_ms=0.318750 paused=false
PRESENT CADENCE frame=3968 interval_ms=9.705917 paused=false
PRESENT CADENCE frame=3969 interval_ms=0.307375 paused=false
PRESENT CADENCE frame=3970 interval_ms=17.288667 paused=false
PRESENT CADENCE frame=3971 interval_ms=0.950500 paused=false
PRESENT CADENCE frame=3972 interval_ms=9.257958 paused=false
PRESENT CADENCE frame=3973 interval_ms=0.395875 paused=false
PRESENT CADENCE frame=3974 interval_ms=9.106625 paused=false
PRESENT CADENCE frame=3975 interval_ms=0.408167 paused=false
PRESENT CADENCE frame=3976 interval_ms=10.435583 paused=false
PRESENT CADENCE frame=3977 interval_ms=0.949542 paused=false
PRESENT CADENCE frame=3978 interval_ms=17.093583 paused=false
PRESENT CADENCE frame=3979 interval_ms=0.309500 paused=false
PRESENT CADENCE frame=3980 interval_ms=9.584958 paused=false
PRESENT CADENCE frame=3981 interval_ms=0.333959 paused=false
PRESENT CADENCE frame=3982 interval_ms=10.594708 paused=false
PRESENT CADENCE frame=3983 interval_ms=0.836917 paused=false
PRESENT CADENCE frame=3984 interval_ms=16.031958 paused=false
PRESENT CADENCE frame=3985 interval_ms=0.320583 paused=false
PRESENT CADENCE frame=3986 interval_ms=10.320959 paused=false
PRESENT CADENCE frame=3987 interval_ms=0.358166 paused=false
PRESENT CADENCE frame=3988 interval_ms=17.338167 paused=false
PRESENT CADENCE frame=3989 interval_ms=0.897583 paused=false
PRESENT CADENCE frame=3990 interval_ms=17.562375 paused=false
PRESENT CADENCE frame=3991 interval_ms=0.998084 paused=false
PRESENT CADENCE frame=3992 interval_ms=17.474250 paused=false
PRESENT CADENCE frame=3993 interval_ms=0.247041 paused=false
PRESENT CADENCE frame=3994 interval_ms=10.312792 paused=false
PRESENT CADENCE frame=3995 interval_ms=0.464625 paused=false
PRESENT CADENCE frame=3996 interval_ms=12.349958 paused=false
PRESENT CADENCE frame=3997 interval_ms=0.883125 paused=false
PRESENT CADENCE frame=3998 interval_ms=14.189500 paused=false
PRESENT CADENCE frame=3999 interval_ms=0.867667 paused=false
PRESENT CADENCE frame=4000 interval_ms=12.545583 paused=false
PRESENT CADENCE frame=4001 interval_ms=0.282334 paused=false
PRESENT CADENCE frame=4002 interval_ms=11.466666 paused=false
PRESENT CADENCE frame=4003 interval_ms=0.308750 paused=false
PRESENT CADENCE frame=4004 interval_ms=16.639375 paused=false
PRESENT CADENCE frame=4005 interval_ms=0.604667 paused=false
PRESENT CADENCE frame=4006 interval_ms=12.005542 paused=false
PRESENT CADENCE frame=4007 interval_ms=0.457625 paused=false
PRESENT CADENCE frame=4008 interval_ms=15.265708 paused=false
PRESENT CADENCE frame=4009 interval_ms=1.044458 paused=false
PRESENT CADENCE frame=4010 interval_ms=12.150417 paused=false
PRESENT CADENCE frame=4011 interval_ms=0.803458 paused=false
PRESENT CADENCE frame=4012 interval_ms=12.480084 paused=false
PRESENT CADENCE frame=4013 interval_ms=0.430208 paused=false
PRESENT CADENCE frame=4014 interval_ms=11.944125 paused=false
PRESENT CADENCE frame=4015 interval_ms=0.293542 paused=false
PRESENT CADENCE frame=4016 interval_ms=11.304750 paused=false
PRESENT CADENCE frame=4017 interval_ms=0.430750 paused=false
PRESENT CADENCE frame=4018 interval_ms=11.310333 paused=false
PRESENT CADENCE frame=4019 interval_ms=0.392167 paused=false
PRESENT CADENCE frame=4020 interval_ms=11.497500 paused=false
PRESENT CADENCE frame=4021 interval_ms=0.305916 paused=false
PRESENT CADENCE frame=4022 interval_ms=16.062167 paused=false
PRESENT CADENCE frame=4023 interval_ms=0.312583 paused=false
PRESENT CADENCE frame=4024 interval_ms=11.938667 paused=false
PRESENT CADENCE frame=4025 interval_ms=0.353792 paused=false
PRESENT CADENCE frame=4026 interval_ms=11.812166 paused=false
PRESENT CADENCE frame=4027 interval_ms=0.381292 paused=false
PRESENT CADENCE frame=4028 interval_ms=9.929208 paused=false
PRESENT CADENCE frame=4029 interval_ms=0.309417 paused=false
PRESENT CADENCE frame=4030 interval_ms=9.754458 paused=false
PRESENT CADENCE frame=4031 interval_ms=0.249209 paused=false
PRESENT CADENCE frame=4032 interval_ms=10.013500 paused=false
PRESENT CADENCE frame=4033 interval_ms=10.723875 paused=false
PRESENT CADENCE frame=4034 interval_ms=4.572666 paused=false
PRESENT CADENCE frame=4035 interval_ms=0.379750 paused=false
PRESENT CADENCE frame=4036 interval_ms=12.586875 paused=false
PRESENT CADENCE frame=4037 interval_ms=0.333917 paused=false
PRESENT CADENCE frame=4038 interval_ms=11.555542 paused=false
PRESENT CADENCE frame=4039 interval_ms=0.416916 paused=false
PRESENT CADENCE frame=4040 interval_ms=16.047917 paused=false
PRESENT CADENCE frame=4041 interval_ms=0.323000 paused=false
PRESENT CADENCE frame=4042 interval_ms=12.068125 paused=false
PRESENT CADENCE frame=4043 interval_ms=0.334542 paused=false
PRESENT CADENCE frame=4044 interval_ms=15.338708 paused=false
PRESENT CADENCE frame=4045 interval_ms=0.315542 paused=false
PRESENT CADENCE frame=4046 interval_ms=12.985000 paused=false
PRESENT CADENCE frame=4047 interval_ms=0.360708 paused=false
PRESENT CADENCE frame=4048 interval_ms=11.861667 paused=false
PRESENT CADENCE frame=4049 interval_ms=0.556833 paused=false
PRESENT CADENCE frame=4050 interval_ms=12.973000 paused=false
PRESENT CADENCE frame=4051 interval_ms=0.325708 paused=false
PRESENT CADENCE frame=4052 interval_ms=11.920584 paused=false
PRESENT CADENCE frame=4053 interval_ms=0.336416 paused=false
PRESENT CADENCE frame=4054 interval_ms=12.205084 paused=false
PRESENT CADENCE frame=4055 interval_ms=0.312833 paused=false
PRESENT CADENCE frame=4056 interval_ms=15.460375 paused=false
PRESENT CADENCE frame=4057 interval_ms=0.388042 paused=false
PRESENT CADENCE frame=4058 interval_ms=12.823750 paused=false
PRESENT CADENCE frame=4059 interval_ms=0.386666 paused=false
PRESENT CADENCE frame=4060 interval_ms=14.430709 paused=false
FULL MODEL WORKER work_ms=1020.477 physics_ms=467.028 mesh_ms=234.896 partition_ms=17.955 streams_ms=300.597
PRESENT CADENCE frame=4061 interval_ms=41.777083 paused=false
PRESENT CADENCE frame=4062 interval_ms=1.042417 paused=false
PRESENT CADENCE frame=4063 interval_ms=13.546708 paused=false
PRESENT CADENCE frame=4064 interval_ms=0.434208 paused=false
PRESENT CADENCE frame=4065 interval_ms=9.252667 paused=false
PRESENT CADENCE frame=4066 interval_ms=1.818125 paused=false
PRESENT CADENCE frame=4067 interval_ms=10.097375 paused=false
PRESENT CADENCE frame=4068 interval_ms=0.305542 paused=false
PRESENT CADENCE frame=4069 interval_ms=16.753458 paused=false
PRESENT CADENCE frame=4070 interval_ms=0.269875 paused=false
PRESENT CADENCE frame=4071 interval_ms=11.094958 paused=false
PRESENT CADENCE frame=4072 interval_ms=0.437500 paused=false
PRESENT CADENCE frame=4073 interval_ms=16.505584 paused=false
PRESENT CADENCE frame=4074 interval_ms=0.346625 paused=false
PRESENT CADENCE frame=4075 interval_ms=11.249333 paused=false
PRESENT CADENCE frame=4076 interval_ms=0.284833 paused=false
PRESENT CADENCE frame=4077 interval_ms=16.672917 paused=false
PRESENT CADENCE frame=4078 interval_ms=0.377208 paused=false
PRESENT CADENCE frame=4079 interval_ms=11.856375 paused=false
PRESENT CADENCE frame=4080 interval_ms=0.390250 paused=false
PRESENT CADENCE frame=4081 interval_ms=10.808417 paused=false
PRESENT CADENCE frame=4082 interval_ms=0.246792 paused=false
PRESENT CADENCE frame=4083 interval_ms=11.218125 paused=false
PRESENT CADENCE frame=4084 interval_ms=0.233791 paused=false
PRESENT CADENCE frame=4085 interval_ms=11.443834 paused=false
PRESENT CADENCE frame=4086 interval_ms=0.334583 paused=false
PRESENT CADENCE frame=4087 interval_ms=10.409667 paused=false
PRESENT CADENCE frame=4088 interval_ms=0.299041 paused=false
PRESENT CADENCE frame=4089 interval_ms=10.362667 paused=false
PRESENT CADENCE frame=4090 interval_ms=0.340833 paused=false
PRESENT CADENCE frame=4091 interval_ms=15.533917 paused=false
PRESENT CADENCE frame=4092 interval_ms=0.272375 paused=false
PRESENT CADENCE frame=4093 interval_ms=10.184583 paused=false
PRESENT CADENCE frame=4094 interval_ms=0.282625 paused=false
PRESENT CADENCE frame=4095 interval_ms=17.085375 paused=false
PRESENT CADENCE frame=4096 interval_ms=0.228834 paused=false
PRESENT CADENCE frame=4097 interval_ms=9.429791 paused=false
PRESENT CADENCE frame=4098 interval_ms=0.336125 paused=false
PRESENT CADENCE frame=4099 interval_ms=11.145750 paused=false
PRESENT CADENCE frame=4100 interval_ms=0.230042 paused=false
PRESENT CADENCE frame=4101 interval_ms=12.147208 paused=false
PRESENT CADENCE frame=4102 interval_ms=0.400000 paused=false
PRESENT CADENCE frame=4103 interval_ms=11.596042 paused=false
PRESENT CADENCE frame=4104 interval_ms=0.284500 paused=false
PRESENT CADENCE frame=4105 interval_ms=11.570458 paused=false
PRESENT CADENCE frame=4106 interval_ms=0.342500 paused=false
PRESENT CADENCE frame=4107 interval_ms=10.382334 paused=false
PRESENT CADENCE frame=4108 interval_ms=0.337708 paused=false
PRESENT CADENCE frame=4109 interval_ms=9.939000 paused=false
PRESENT CADENCE frame=4110 interval_ms=0.480792 paused=false
PRESENT CADENCE frame=4111 interval_ms=8.087916 paused=false
PRESENT CADENCE frame=4112 interval_ms=10.381917 paused=false
PRESENT CADENCE frame=4113 interval_ms=0.471208 paused=false
PRESENT CADENCE frame=4114 interval_ms=0.140375 paused=false
PRESENT CADENCE frame=4115 interval_ms=10.004500 paused=false
PRESENT CADENCE frame=4116 interval_ms=0.429375 paused=false
PRESENT CADENCE frame=4117 interval_ms=9.494042 paused=false
PRESENT CADENCE frame=4118 interval_ms=0.299750 paused=false
PRESENT CADENCE frame=4119 interval_ms=10.144792 paused=false
PRESENT CADENCE frame=4120 interval_ms=0.387375 paused=false
PRESENT CADENCE frame=4121 interval_ms=10.131416 paused=false
PRESENT CADENCE frame=4122 interval_ms=0.273000 paused=false
PRESENT CADENCE frame=4123 interval_ms=10.026209 paused=false
PRESENT CADENCE frame=4124 interval_ms=0.225000 paused=false
PRESENT CADENCE frame=4125 interval_ms=10.238625 paused=false
PRESENT CADENCE frame=4126 interval_ms=0.348000 paused=false
PRESENT CADENCE frame=4127 interval_ms=8.483041 paused=false
PRESENT CADENCE frame=4128 interval_ms=0.346459 paused=false
PRESENT CADENCE frame=4129 interval_ms=9.047916 paused=false
PRESENT CADENCE frame=4130 interval_ms=0.342084 paused=false
PRESENT CADENCE frame=4131 interval_ms=11.841250 paused=false
PRESENT CADENCE frame=4132 interval_ms=0.262833 paused=false
PRESENT CADENCE frame=4133 interval_ms=11.950292 paused=false
PRESENT CADENCE frame=4134 interval_ms=0.274083 paused=false
PRESENT CADENCE frame=4135 interval_ms=11.616375 paused=false
PRESENT CADENCE frame=4136 interval_ms=0.191333 paused=false
PRESENT CADENCE frame=4137 interval_ms=14.042542 paused=false
PRESENT CADENCE frame=4138 interval_ms=0.182500 paused=false
PRESENT CADENCE frame=4139 interval_ms=14.537792 paused=false
PRESENT CADENCE frame=4140 interval_ms=0.188333 paused=false
PRESENT CADENCE frame=4141 interval_ms=13.362792 paused=false
PRESENT CADENCE frame=4142 interval_ms=0.169750 paused=false
PRESENT CADENCE frame=4143 interval_ms=15.196125 paused=false
PRESENT CADENCE frame=4144 interval_ms=0.195875 paused=false
PRESENT CADENCE frame=4145 interval_ms=13.223750 paused=false
PRESENT CADENCE frame=4146 interval_ms=0.257500 paused=false
PRESENT CADENCE frame=4147 interval_ms=13.619833 paused=false
PRESENT CADENCE frame=4148 interval_ms=0.172583 paused=false
PRESENT CADENCE frame=4149 interval_ms=13.206792 paused=false
PRESENT CADENCE frame=4150 interval_ms=0.193542 paused=false
PRESENT CADENCE frame=4151 interval_ms=17.615000 paused=false
PRESENT CADENCE frame=4152 interval_ms=0.360916 paused=false
PRESENT CADENCE frame=4153 interval_ms=17.231250 paused=false
PRESENT CADENCE frame=4154 interval_ms=0.186792 paused=false
PRESENT CADENCE frame=4155 interval_ms=16.487458 paused=false
PRESENT CADENCE frame=4156 interval_ms=0.184375 paused=false
PRESENT CADENCE frame=4157 interval_ms=16.574375 paused=false
PRESENT CADENCE frame=4158 interval_ms=0.226375 paused=false
PRESENT CADENCE frame=4159 interval_ms=16.335709 paused=false
PRESENT CADENCE frame=4160 interval_ms=0.171625 paused=false
PRESENT CADENCE frame=4161 interval_ms=16.505041 paused=false
PRESENT CADENCE frame=4162 interval_ms=0.221209 paused=false
PRESENT CADENCE frame=4163 interval_ms=16.505000 paused=false
PRESENT CADENCE frame=4164 interval_ms=0.177791 paused=false
PRESENT CADENCE frame=4165 interval_ms=16.462667 paused=false
PRESENT CADENCE frame=4166 interval_ms=0.211125 paused=false
PRESENT CADENCE frame=4167 interval_ms=16.496583 paused=false
PRESENT CADENCE frame=4168 interval_ms=0.191417 paused=false
PRESENT CADENCE frame=4169 interval_ms=16.448833 paused=false
PRESENT CADENCE frame=4170 interval_ms=0.160542 paused=false
PRESENT CADENCE frame=4171 interval_ms=16.430500 paused=false
PRESENT CADENCE frame=4172 interval_ms=3.476125 paused=false
PRESENT CADENCE frame=4173 interval_ms=13.253333 paused=false
PRESENT CADENCE frame=4174 interval_ms=0.259959 paused=false
PRESENT CADENCE frame=4175 interval_ms=16.362666 paused=false
PRESENT CADENCE frame=4176 interval_ms=0.262167 paused=false
PRESENT CADENCE frame=4177 interval_ms=16.440875 paused=false
PRESENT CADENCE frame=4178 interval_ms=0.301167 paused=false
PRESENT CADENCE frame=4179 interval_ms=16.386041 paused=false
PRESENT CADENCE frame=4180 interval_ms=0.273792 paused=false
PRESENT CADENCE frame=4181 interval_ms=16.321583 paused=false
PRESENT CADENCE frame=4182 interval_ms=0.245459 paused=false
PRESENT CADENCE frame=4183 interval_ms=16.428500 paused=false
PRESENT CADENCE frame=4184 interval_ms=0.208875 paused=false
PRESENT CADENCE frame=4185 interval_ms=16.542250 paused=false
PRESENT CADENCE frame=4186 interval_ms=0.224500 paused=false
PRESENT CADENCE frame=4187 interval_ms=16.403541 paused=false
PRESENT CADENCE frame=4188 interval_ms=0.258792 paused=false
PRESENT CADENCE frame=4189 interval_ms=16.436000 paused=false
PRESENT CADENCE frame=4190 interval_ms=0.236375 paused=false
PRESENT CADENCE frame=4191 interval_ms=16.425250 paused=false
PRESENT CADENCE frame=4192 interval_ms=0.291875 paused=false
PRESENT CADENCE frame=4193 interval_ms=16.391125 paused=false
PRESENT CADENCE frame=4194 interval_ms=0.328000 paused=false
PRESENT CADENCE frame=4195 interval_ms=16.274167 paused=false
PRESENT CADENCE frame=4196 interval_ms=0.738666 paused=false
PRESENT CADENCE frame=4197 interval_ms=16.026500 paused=false
PRESENT CADENCE frame=4198 interval_ms=0.292709 paused=false
PRESENT CADENCE frame=4199 interval_ms=16.165375 paused=false
FULL MODEL WORKER work_ms=982.695 physics_ms=458.717 mesh_ms=230.222 partition_ms=17.836 streams_ms=275.920
PRESENT CADENCE frame=4200 interval_ms=36.684125 paused=false
PRESENT CADENCE frame=4201 interval_ms=1.324333 paused=false
PRESENT CADENCE frame=4202 interval_ms=12.115458 paused=false
PRESENT CADENCE frame=4203 interval_ms=0.270084 paused=false
PRESENT CADENCE frame=4204 interval_ms=16.337416 paused=false
PRESENT CADENCE frame=4205 interval_ms=1.649709 paused=false
PRESENT CADENCE frame=4206 interval_ms=15.022375 paused=false
PRESENT CADENCE frame=4207 interval_ms=0.368916 paused=false
PRESENT CADENCE frame=4208 interval_ms=16.370125 paused=false
PRESENT CADENCE frame=4209 interval_ms=0.403417 paused=false
PRESENT CADENCE frame=4210 interval_ms=16.368542 paused=false
PRESENT CADENCE frame=4211 interval_ms=0.384916 paused=false
PRESENT CADENCE frame=4212 interval_ms=16.177334 paused=false
PRESENT CADENCE frame=4213 interval_ms=0.394625 paused=false
PRESENT CADENCE frame=4214 interval_ms=16.091166 paused=false
PRESENT CADENCE frame=4215 interval_ms=0.324209 paused=false
PRESENT CADENCE frame=4216 interval_ms=16.335666 paused=false
PRESENT CADENCE frame=4217 interval_ms=0.287209 paused=false
PRESENT CADENCE frame=4218 interval_ms=16.539000 paused=false
PRESENT CADENCE frame=4219 interval_ms=0.310791 paused=false
PRESENT CADENCE frame=4220 interval_ms=16.210959 paused=false
PRESENT CADENCE frame=4221 interval_ms=0.848833 paused=false
PRESENT CADENCE frame=4222 interval_ms=15.896583 paused=false
PRESENT CADENCE frame=4223 interval_ms=0.356875 paused=false
PRESENT CADENCE frame=4224 interval_ms=16.370542 paused=false
PRESENT CADENCE frame=4225 interval_ms=0.357625 paused=false
PRESENT CADENCE frame=4226 interval_ms=16.408250 paused=false
PRESENT CADENCE frame=4227 interval_ms=1.572250 paused=false
PRESENT CADENCE frame=4228 interval_ms=15.038708 paused=false
PRESENT CADENCE frame=4229 interval_ms=0.324125 paused=false
PRESENT CADENCE frame=4230 interval_ms=16.320459 paused=false
PRESENT CADENCE frame=4231 interval_ms=0.304041 paused=false
PRESENT CADENCE frame=4232 interval_ms=16.277875 paused=false
PRESENT CADENCE frame=4233 interval_ms=0.335417 paused=false
PRESENT CADENCE frame=4234 interval_ms=8.781000 paused=false
PRESENT CADENCE frame=4235 interval_ms=0.323917 paused=false
PRESENT CADENCE frame=4236 interval_ms=11.777666 paused=false
PRESENT CADENCE frame=4237 interval_ms=0.345959 paused=false
PRESENT CADENCE frame=4238 interval_ms=11.121375 paused=false
PRESENT CADENCE frame=4239 interval_ms=0.310958 paused=false
PRESENT CADENCE frame=4240 interval_ms=11.188167 paused=false
PRESENT CADENCE frame=4241 interval_ms=0.253083 paused=false
PRESENT CADENCE frame=4242 interval_ms=10.554750 paused=false
PRESENT CADENCE frame=4243 interval_ms=0.344500 paused=false
PRESENT CADENCE frame=4244 interval_ms=18.034167 paused=false
PRESENT CADENCE frame=4245 interval_ms=0.380416 paused=false
PRESENT CADENCE frame=4246 interval_ms=11.862167 paused=false
PRESENT CADENCE frame=4247 interval_ms=0.394667 paused=false
PRESENT CADENCE frame=4248 interval_ms=11.165625 paused=false
PRESENT CADENCE frame=4249 interval_ms=0.393250 paused=false
PRESENT CADENCE frame=4250 interval_ms=11.151708 paused=false
PRESENT CADENCE frame=4251 interval_ms=0.348792 paused=false
PRESENT CADENCE frame=4252 interval_ms=10.427875 paused=false
PRESENT CADENCE frame=4253 interval_ms=0.383041 paused=false
PRESENT CADENCE frame=4254 interval_ms=11.643584 paused=false
PRESENT CADENCE frame=4255 interval_ms=0.309458 paused=false
PRESENT CADENCE frame=4256 interval_ms=10.817042 paused=false
PRESENT CADENCE frame=4257 interval_ms=0.405291 paused=false
PRESENT CADENCE frame=4258 interval_ms=9.787042 paused=false
PRESENT CADENCE frame=4259 interval_ms=0.364667 paused=false
PRESENT CADENCE frame=4260 interval_ms=11.471833 paused=false
PRESENT CADENCE frame=4261 interval_ms=0.339375 paused=false
PRESENT CADENCE frame=4262 interval_ms=9.256333 paused=false
PRESENT CADENCE frame=4263 interval_ms=0.406875 paused=false
PRESENT CADENCE frame=4264 interval_ms=10.072334 paused=false
PRESENT CADENCE frame=4265 interval_ms=0.410375 paused=false
PRESENT CADENCE frame=4266 interval_ms=9.361416 paused=false
PRESENT CADENCE frame=4267 interval_ms=0.366667 paused=false
PRESENT CADENCE frame=4268 interval_ms=17.549792 paused=false
PRESENT CADENCE frame=4269 interval_ms=0.394208 paused=false
PRESENT CADENCE frame=4270 interval_ms=12.536750 paused=false
PRESENT CADENCE frame=4271 interval_ms=0.310583 paused=false
PRESENT CADENCE frame=4272 interval_ms=12.230250 paused=false
PRESENT CADENCE frame=4273 interval_ms=0.619084 paused=false
PRESENT CADENCE frame=4274 interval_ms=11.851458 paused=false
PRESENT CADENCE frame=4275 interval_ms=0.309708 paused=false
PRESENT CADENCE frame=4276 interval_ms=11.474000 paused=false
PRESENT CADENCE frame=4277 interval_ms=0.336584 paused=false
PRESENT CADENCE frame=4278 interval_ms=10.303000 paused=false
PRESENT CADENCE frame=4279 interval_ms=0.468291 paused=false
PRESENT CADENCE frame=4280 interval_ms=11.183000 paused=false
PRESENT CADENCE frame=4281 interval_ms=0.394167 paused=false
PRESENT CADENCE frame=4282 interval_ms=15.178292 paused=false
PRESENT CADENCE frame=4283 interval_ms=0.329958 paused=false
PRESENT CADENCE frame=4284 interval_ms=9.830667 paused=false
PRESENT CADENCE frame=4285 interval_ms=0.264458 paused=false
PRESENT CADENCE frame=4286 interval_ms=12.100625 paused=false
PRESENT CADENCE frame=4287 interval_ms=0.326042 paused=false
PRESENT CADENCE frame=4288 interval_ms=14.715416 paused=false
PRESENT CADENCE frame=4289 interval_ms=0.286959 paused=false
PRESENT CADENCE frame=4290 interval_ms=9.774250 paused=false
PRESENT CADENCE frame=4291 interval_ms=0.305916 paused=false
PRESENT CADENCE frame=4292 interval_ms=10.753792 paused=false
PRESENT CADENCE frame=4293 interval_ms=0.234167 paused=false
PRESENT CADENCE frame=4294 interval_ms=11.220166 paused=false
PRESENT CADENCE frame=4295 interval_ms=0.450042 paused=false
PRESENT CADENCE frame=4296 interval_ms=12.022708 paused=false
PRESENT CADENCE frame=4297 interval_ms=0.353459 paused=false
PRESENT CADENCE frame=4298 interval_ms=14.769458 paused=false
PRESENT CADENCE frame=4299 interval_ms=0.263917 paused=false
PRESENT CADENCE frame=4300 interval_ms=10.146166 paused=false
PRESENT CADENCE frame=4301 interval_ms=0.199792 paused=false
PRESENT CADENCE frame=4302 interval_ms=11.410333 paused=false
PRESENT CADENCE frame=4303 interval_ms=0.905584 paused=false
PRESENT CADENCE frame=4304 interval_ms=9.770000 paused=false
PRESENT CADENCE frame=4305 interval_ms=0.275000 paused=false
PRESENT CADENCE frame=4306 interval_ms=10.492208 paused=false
PRESENT CADENCE frame=4307 interval_ms=0.329583 paused=false
PRESENT CADENCE frame=4308 interval_ms=17.357667 paused=false
PRESENT CADENCE frame=4309 interval_ms=0.966333 paused=false
PRESENT CADENCE frame=4310 interval_ms=10.723292 paused=false
PRESENT CADENCE frame=4311 interval_ms=0.248125 paused=false
PRESENT CADENCE frame=4312 interval_ms=11.522292 paused=false
PRESENT CADENCE frame=4313 interval_ms=1.069833 paused=false
PRESENT CADENCE frame=4314 interval_ms=8.652625 paused=false
PRESENT CADENCE frame=4315 interval_ms=0.657958 paused=false
PRESENT CADENCE frame=4316 interval_ms=17.002375 paused=false
PRESENT CADENCE frame=4317 interval_ms=0.240542 paused=false
PRESENT CADENCE frame=4318 interval_ms=12.935583 paused=false
PRESENT CADENCE frame=4319 interval_ms=0.262625 paused=false
PRESENT CADENCE frame=4320 interval_ms=12.385209 paused=false
PRESENT CADENCE frame=4321 interval_ms=0.235916 paused=false
PRESENT CADENCE frame=4322 interval_ms=10.314542 paused=false
PRESENT CADENCE frame=4323 interval_ms=0.330167 paused=false
PRESENT CADENCE frame=4324 interval_ms=10.576333 paused=false
PRESENT CADENCE frame=4325 interval_ms=0.266833 paused=false
PRESENT CADENCE frame=4326 interval_ms=11.827250 paused=false
PRESENT CADENCE frame=4327 interval_ms=0.260000 paused=false
PRESENT CADENCE frame=4328 interval_ms=11.243292 paused=false
PRESENT CADENCE frame=4329 interval_ms=0.314042 paused=false
PRESENT CADENCE frame=4330 interval_ms=15.268291 paused=false
PRESENT CADENCE frame=4331 interval_ms=0.252250 paused=false
PRESENT CADENCE frame=4332 interval_ms=9.385625 paused=false
PRESENT CADENCE frame=4333 interval_ms=0.301250 paused=false
PRESENT CADENCE frame=4334 interval_ms=10.599959 paused=false
PRESENT CADENCE frame=4335 interval_ms=0.299208 paused=false
PRESENT CADENCE frame=4336 interval_ms=10.750333 paused=false
PRESENT CADENCE frame=4337 interval_ms=0.203417 paused=false
PRESENT CADENCE frame=4338 interval_ms=9.784875 paused=false
PRESENT CADENCE frame=4339 interval_ms=0.263917 paused=false
PRESENT CADENCE frame=4340 interval_ms=16.500500 paused=false
FULL MODEL WORKER work_ms=960.360 physics_ms=409.073 mesh_ms=249.010 partition_ms=17.128 streams_ms=285.149
PRESENT CADENCE frame=4341 interval_ms=41.462916 paused=false
PRESENT CADENCE frame=4342 interval_ms=1.193000 paused=false
PRESENT CADENCE frame=4343 interval_ms=12.984459 paused=false
PRESENT CADENCE frame=4344 interval_ms=0.294333 paused=false
PRESENT CADENCE frame=4345 interval_ms=12.786208 paused=false
PRESENT CADENCE frame=4346 interval_ms=1.680792 paused=false
PRESENT CADENCE frame=4347 interval_ms=15.318000 paused=false
PRESENT CADENCE frame=4348 interval_ms=0.365667 paused=false
PRESENT CADENCE frame=4349 interval_ms=9.229041 paused=false
PRESENT CADENCE frame=4350 interval_ms=0.280292 paused=false
PRESENT CADENCE frame=4351 interval_ms=10.749000 paused=false
PRESENT CADENCE frame=4352 interval_ms=9.738583 paused=false
PRESENT CADENCE frame=4353 interval_ms=1.876375 paused=false
PRESENT CADENCE frame=4354 interval_ms=0.292834 paused=false
PRESENT CADENCE frame=4355 interval_ms=9.645875 paused=false
PRESENT CADENCE frame=4356 interval_ms=0.361250 paused=false
PRESENT CADENCE frame=4357 interval_ms=9.842500 paused=false
PRESENT CADENCE frame=4358 interval_ms=0.321166 paused=false
PRESENT CADENCE frame=4359 interval_ms=11.011917 paused=false
PRESENT CADENCE frame=4360 interval_ms=0.502792 paused=false
PRESENT CADENCE frame=4361 interval_ms=15.024625 paused=false
PRESENT CADENCE frame=4362 interval_ms=0.341291 paused=false
PRESENT CADENCE frame=4363 interval_ms=10.028667 paused=false
PRESENT CADENCE frame=4364 interval_ms=0.586458 paused=false
PRESENT CADENCE frame=4365 interval_ms=10.594917 paused=false
PRESENT CADENCE frame=4366 interval_ms=0.468292 paused=false
PRESENT CADENCE frame=4367 interval_ms=10.800208 paused=false
PRESENT CADENCE frame=4368 interval_ms=0.719292 paused=false
PRESENT CADENCE frame=4369 interval_ms=15.069291 paused=false
PRESENT CADENCE frame=4370 interval_ms=0.351209 paused=false
PRESENT CADENCE frame=4371 interval_ms=10.262791 paused=false
PRESENT CADENCE frame=4372 interval_ms=0.705709 paused=false
PRESENT CADENCE frame=4373 interval_ms=9.737666 paused=false
PRESENT CADENCE frame=4374 interval_ms=0.634834 paused=false
PRESENT CADENCE frame=4375 interval_ms=11.373666 paused=false
PRESENT CADENCE frame=4376 interval_ms=0.794584 paused=false
PRESENT CADENCE frame=4377 interval_ms=14.043750 paused=false
PRESENT CADENCE frame=4378 interval_ms=18.652291 paused=false
PRESENT CADENCE frame=4379 interval_ms=0.206834 paused=false
PRESENT CADENCE frame=4380 interval_ms=0.334375 paused=false
PRESENT CADENCE frame=4381 interval_ms=0.293375 paused=false
PRESENT CADENCE frame=4382 interval_ms=11.236666 paused=false
PRESENT CADENCE frame=4383 interval_ms=12.600334 paused=false
PRESENT CADENCE frame=4384 interval_ms=3.375333 paused=false
PRESENT CADENCE frame=4385 interval_ms=0.228583 paused=false
PRESENT CADENCE frame=4386 interval_ms=10.889959 paused=false
PRESENT CADENCE frame=4387 interval_ms=0.582416 paused=false
PRESENT CADENCE frame=4388 interval_ms=8.822250 paused=false
PRESENT CADENCE frame=4389 interval_ms=0.344959 paused=false
PRESENT CADENCE frame=4390 interval_ms=9.786583 paused=false
PRESENT CADENCE frame=4391 interval_ms=0.488375 paused=false
PRESENT CADENCE frame=4392 interval_ms=10.161250 paused=false
PRESENT CADENCE frame=4393 interval_ms=0.578083 paused=false
PRESENT CADENCE frame=4394 interval_ms=9.341834 paused=false
PRESENT CADENCE frame=4395 interval_ms=0.457375 paused=false
PRESENT CADENCE frame=4396 interval_ms=9.914125 paused=false
PRESENT CADENCE frame=4397 interval_ms=0.550583 paused=false
PRESENT CADENCE frame=4398 interval_ms=11.300583 paused=false
PRESENT CADENCE frame=4399 interval_ms=0.577584 paused=false
PRESENT CADENCE frame=4400 interval_ms=15.855791 paused=false
PRESENT CADENCE frame=4401 interval_ms=0.358625 paused=false
PRESENT CADENCE frame=4402 interval_ms=9.724709 paused=false
PRESENT CADENCE frame=4403 interval_ms=0.284750 paused=false
PRESENT CADENCE frame=4404 interval_ms=10.748000 paused=false
PRESENT CADENCE frame=4405 interval_ms=0.467083 paused=false
PRESENT CADENCE frame=4406 interval_ms=15.795500 paused=false
PRESENT CADENCE frame=4407 interval_ms=0.382875 paused=false
PRESENT CADENCE frame=4408 interval_ms=10.319250 paused=false
PRESENT CADENCE frame=4409 interval_ms=0.609167 paused=false
PRESENT CADENCE frame=4410 interval_ms=10.090833 paused=false
PRESENT CADENCE frame=4411 interval_ms=0.342250 paused=false
PRESENT CADENCE frame=4412 interval_ms=8.906333 paused=false
PRESENT CADENCE frame=4413 interval_ms=0.517375 paused=false
PRESENT CADENCE frame=4414 interval_ms=17.505542 paused=false
PRESENT CADENCE frame=4415 interval_ms=0.563292 paused=false
PRESENT CADENCE frame=4416 interval_ms=9.275708 paused=false
PRESENT CADENCE frame=4417 interval_ms=0.359125 paused=false
PRESENT CADENCE frame=4418 interval_ms=11.625708 paused=false
PRESENT CADENCE frame=4419 interval_ms=0.872459 paused=false
PRESENT CADENCE frame=4420 interval_ms=11.497750 paused=false
PRESENT CADENCE frame=4421 interval_ms=0.482083 paused=false
PRESENT CADENCE frame=4422 interval_ms=10.622250 paused=false
PRESENT CADENCE frame=4423 interval_ms=0.396958 paused=false
PRESENT CADENCE frame=4424 interval_ms=12.502750 paused=false
PRESENT CADENCE frame=4425 interval_ms=10.419250 paused=false
PRESENT CADENCE frame=4426 interval_ms=2.079792 paused=false
PRESENT CADENCE frame=4427 interval_ms=0.151708 paused=false
PRESENT CADENCE frame=4428 interval_ms=11.430584 paused=false
PRESENT CADENCE frame=4429 interval_ms=0.460291 paused=false
PRESENT CADENCE frame=4430 interval_ms=11.138417 paused=false
PRESENT CADENCE frame=4431 interval_ms=0.740792 paused=false
PRESENT CADENCE frame=4432 interval_ms=11.074375 paused=false
PRESENT CADENCE frame=4433 interval_ms=0.943958 paused=false
PRESENT CADENCE frame=4434 interval_ms=9.917750 paused=false
PRESENT CADENCE frame=4435 interval_ms=0.630875 paused=false
PRESENT CADENCE frame=4436 interval_ms=15.775833 paused=false
PRESENT CADENCE frame=4437 interval_ms=0.685125 paused=false
PRESENT CADENCE frame=4438 interval_ms=11.067584 paused=false
PRESENT CADENCE frame=4439 interval_ms=0.447000 paused=false
PRESENT CADENCE frame=4440 interval_ms=12.333583 paused=false
PRESENT CADENCE frame=4441 interval_ms=0.501000 paused=false
PRESENT CADENCE frame=4442 interval_ms=12.138917 paused=false
PRESENT CADENCE frame=4443 interval_ms=0.538541 paused=false
PRESENT CADENCE frame=4444 interval_ms=15.527125 paused=false
PRESENT CADENCE frame=4445 interval_ms=0.346292 paused=false
PRESENT CADENCE frame=4446 interval_ms=12.113875 paused=false
PRESENT CADENCE frame=4447 interval_ms=0.278458 paused=false
PRESENT CADENCE frame=4448 interval_ms=15.479500 paused=false
PRESENT CADENCE frame=4449 interval_ms=0.373334 paused=false
PRESENT CADENCE frame=4450 interval_ms=12.555666 paused=false
PRESENT CADENCE frame=4451 interval_ms=0.251459 paused=false
PRESENT CADENCE frame=4452 interval_ms=16.045166 paused=false
PRESENT CADENCE frame=4453 interval_ms=0.317875 paused=false
PRESENT CADENCE frame=4454 interval_ms=11.475209 paused=false
PRESENT CADENCE frame=4455 interval_ms=0.246375 paused=false
PRESENT CADENCE frame=4456 interval_ms=9.296583 paused=false
PRESENT CADENCE frame=4457 interval_ms=10.282000 paused=false
PRESENT CADENCE frame=4458 interval_ms=4.711583 paused=false
PRESENT CADENCE frame=4459 interval_ms=0.294875 paused=false
PRESENT CADENCE frame=4460 interval_ms=12.573417 paused=false
PRESENT CADENCE frame=4461 interval_ms=0.240333 paused=false
PRESENT CADENCE frame=4462 interval_ms=10.980625 paused=false
PRESENT CADENCE frame=4463 interval_ms=0.264209 paused=false
PRESENT CADENCE frame=4464 interval_ms=11.317000 paused=false
PRESENT CADENCE frame=4465 interval_ms=0.238000 paused=false
PRESENT CADENCE frame=4466 interval_ms=16.482791 paused=false
PRESENT CADENCE frame=4467 interval_ms=0.327375 paused=false
PRESENT CADENCE frame=4468 interval_ms=12.795959 paused=false
PRESENT CADENCE frame=4469 interval_ms=0.302541 paused=false
PRESENT CADENCE frame=4470 interval_ms=11.058375 paused=false
PRESENT CADENCE frame=4471 interval_ms=0.272917 paused=false
PRESENT CADENCE frame=4472 interval_ms=17.695375 paused=false
PRESENT CADENCE frame=4473 interval_ms=0.581792 paused=false
PRESENT CADENCE frame=4474 interval_ms=10.469708 paused=false
PRESENT CADENCE frame=4475 interval_ms=0.233042 paused=false
PRESENT CADENCE frame=4476 interval_ms=13.181833 paused=false
PRESENT CADENCE frame=4477 interval_ms=0.302417 paused=false
PRESENT CADENCE frame=4478 interval_ms=10.732083 paused=false
PRESENT CADENCE frame=4479 interval_ms=0.294500 paused=false
PRESENT CADENCE frame=4480 interval_ms=11.378875 paused=false
PRESENT CADENCE frame=4481 interval_ms=0.310458 paused=false
PRESENT CADENCE frame=4482 interval_ms=19.461000 paused=false
PRESENT CADENCE frame=4483 interval_ms=0.887417 paused=false
PRESENT CADENCE frame=4484 interval_ms=12.915250 paused=false
PRESENT CADENCE frame=4485 interval_ms=0.585625 paused=false
PRESENT CADENCE frame=4486 interval_ms=12.456833 paused=false
PRESENT CADENCE frame=4487 interval_ms=0.653667 paused=false
PRESENT CADENCE frame=4488 interval_ms=12.065333 paused=false
PRESENT CADENCE frame=4489 interval_ms=0.609500 paused=false
PRESENT CADENCE frame=4490 interval_ms=11.429000 paused=false
PRESENT CADENCE frame=4491 interval_ms=0.459584 paused=false
PRESENT CADENCE frame=4492 interval_ms=12.240125 paused=false
PRESENT CADENCE frame=4493 interval_ms=0.318791 paused=false
PRESENT CADENCE frame=4494 interval_ms=10.907750 paused=false
PRESENT CADENCE frame=4495 interval_ms=0.255584 paused=false
PRESENT CADENCE frame=4496 interval_ms=17.546875 paused=false
FULL MODEL WORKER work_ms=1020.784 physics_ms=453.967 mesh_ms=247.288 partition_ms=13.595 streams_ms=305.934
PRESENT CADENCE frame=4497 interval_ms=43.962291 paused=false
PRESENT CADENCE frame=4498 interval_ms=1.334000 paused=false
PRESENT CADENCE frame=4499 interval_ms=11.126625 paused=false
PRESENT CADENCE frame=4500 interval_ms=10.764917 paused=false
PRESENT CADENCE frame=4501 interval_ms=2.212042 paused=false
PRESENT CADENCE frame=4502 interval_ms=2.365375 paused=false
PRESENT CADENCE frame=4503 interval_ms=9.368750 paused=false
PRESENT CADENCE frame=4504 interval_ms=0.283041 paused=false
PRESENT CADENCE frame=4505 interval_ms=18.433875 paused=false
PRESENT CADENCE frame=4506 interval_ms=0.318709 paused=false
PRESENT CADENCE frame=4507 interval_ms=16.707000 paused=false
PRESENT CADENCE frame=4508 interval_ms=0.309375 paused=false
PRESENT CADENCE frame=4509 interval_ms=11.930458 paused=false
PRESENT CADENCE frame=4510 interval_ms=0.271375 paused=false
PRESENT CADENCE frame=4511 interval_ms=11.676583 paused=false
PRESENT CADENCE frame=4512 interval_ms=0.236875 paused=false
PRESENT CADENCE frame=4513 interval_ms=12.955375 paused=false
PRESENT CADENCE frame=4514 interval_ms=0.280875 paused=false
PRESENT CADENCE frame=4515 interval_ms=12.732625 paused=false
PRESENT CADENCE frame=4516 interval_ms=0.367542 paused=false
PRESENT CADENCE frame=4517 interval_ms=12.005000 paused=false
PRESENT CADENCE frame=4518 interval_ms=0.292875 paused=false
PRESENT CADENCE frame=4519 interval_ms=11.915458 paused=false
PRESENT CADENCE frame=4520 interval_ms=0.261459 paused=false
PRESENT CADENCE frame=4521 interval_ms=11.439833 paused=false
PRESENT CADENCE frame=4522 interval_ms=0.423792 paused=false
PRESENT CADENCE frame=4523 interval_ms=10.607250 paused=false
PRESENT CADENCE frame=4524 interval_ms=0.286958 paused=false
PRESENT CADENCE frame=4525 interval_ms=11.720958 paused=false
PRESENT CADENCE frame=4526 interval_ms=0.213750 paused=false
PRESENT CADENCE frame=4527 interval_ms=15.781959 paused=false
PRESENT CADENCE frame=4528 interval_ms=0.250458 paused=false
PRESENT CADENCE frame=4529 interval_ms=10.774667 paused=false
PRESENT CADENCE frame=4530 interval_ms=0.775791 paused=false
PRESENT CADENCE frame=4531 interval_ms=11.328917 paused=false
PRESENT CADENCE frame=4532 interval_ms=0.391125 paused=false
PRESENT CADENCE frame=4533 interval_ms=11.344875 paused=false
PRESENT CADENCE frame=4534 interval_ms=0.565417 paused=false
PRESENT CADENCE frame=4535 interval_ms=10.377333 paused=false
PRESENT CADENCE frame=4536 interval_ms=0.597000 paused=false
PRESENT CADENCE frame=4537 interval_ms=17.538250 paused=false
PRESENT CADENCE frame=4538 interval_ms=0.586167 paused=false
PRESENT CADENCE frame=4539 interval_ms=17.369500 paused=false
PRESENT CADENCE frame=4540 interval_ms=0.445000 paused=false
PRESENT CADENCE frame=4541 interval_ms=9.623541 paused=false
PRESENT CADENCE frame=4542 interval_ms=0.577334 paused=false
PRESENT CADENCE frame=4543 interval_ms=14.008833 paused=false
PRESENT CADENCE frame=4544 interval_ms=0.677875 paused=false
PRESENT CADENCE frame=4545 interval_ms=14.626667 paused=false
PRESENT CADENCE frame=4546 interval_ms=0.778666 paused=false
PRESENT CADENCE frame=4547 interval_ms=12.327334 paused=false
PRESENT CADENCE frame=4548 interval_ms=0.514875 paused=false
PRESENT CADENCE frame=4549 interval_ms=14.122166 paused=false
PRESENT CADENCE frame=4550 interval_ms=0.692584 paused=false
PRESENT CADENCE frame=4551 interval_ms=17.448666 paused=false
PRESENT CADENCE frame=4552 interval_ms=0.258625 paused=false
PRESENT CADENCE frame=4553 interval_ms=16.079042 paused=false
PRESENT CADENCE frame=4554 interval_ms=0.255417 paused=false
PRESENT CADENCE frame=4555 interval_ms=16.281708 paused=false
PRESENT CADENCE frame=4556 interval_ms=0.266042 paused=false
PRESENT CADENCE frame=4557 interval_ms=16.312166 paused=false
PRESENT CADENCE frame=4558 interval_ms=0.229292 paused=false
PRESENT CADENCE frame=4559 interval_ms=16.426417 paused=false
PRESENT CADENCE frame=4560 interval_ms=0.248708 paused=false
PRESENT CADENCE frame=4561 interval_ms=16.420542 paused=false
PRESENT CADENCE frame=4562 interval_ms=0.264708 paused=false
PRESENT CADENCE frame=4563 interval_ms=16.359417 paused=false
PRESENT CADENCE frame=4564 interval_ms=0.253208 paused=false
PRESENT CADENCE frame=4565 interval_ms=16.427208 paused=false
PRESENT CADENCE frame=4566 interval_ms=0.279792 paused=false
PRESENT CADENCE frame=4567 interval_ms=16.383542 paused=false
PRESENT CADENCE frame=4568 interval_ms=0.285333 paused=false
PRESENT CADENCE frame=4569 interval_ms=16.408625 paused=false
PRESENT CADENCE frame=4570 interval_ms=0.898167 paused=false
PRESENT CADENCE frame=4571 interval_ms=15.692875 paused=false
PRESENT CADENCE frame=4572 interval_ms=0.793208 paused=false
PRESENT CADENCE frame=4573 interval_ms=15.972667 paused=false
PRESENT CADENCE frame=4574 interval_ms=0.828875 paused=false
PRESENT CADENCE frame=4575 interval_ms=15.819208 paused=false
PRESENT CADENCE frame=4576 interval_ms=0.674750 paused=false
PRESENT CADENCE frame=4577 interval_ms=15.967250 paused=false
PRESENT CADENCE frame=4578 interval_ms=0.715833 paused=false
PRESENT CADENCE frame=4579 interval_ms=16.001750 paused=false
PRESENT CADENCE frame=4580 interval_ms=0.712667 paused=false
PRESENT CADENCE frame=4581 interval_ms=15.949875 paused=false
PRESENT CADENCE frame=4582 interval_ms=0.672875 paused=false
PRESENT CADENCE frame=4583 interval_ms=15.987500 paused=false
PRESENT CADENCE frame=4584 interval_ms=0.757458 paused=false
PRESENT CADENCE frame=4585 interval_ms=15.810459 paused=false
PRESENT CADENCE frame=4586 interval_ms=0.857250 paused=false
PRESENT CADENCE frame=4587 interval_ms=15.865583 paused=false
PRESENT CADENCE frame=4588 interval_ms=0.701500 paused=false
PRESENT CADENCE frame=4589 interval_ms=15.957875 paused=false
PRESENT CADENCE frame=4590 interval_ms=0.672375 paused=false
PRESENT CADENCE frame=4591 interval_ms=15.980625 paused=false
PRESENT CADENCE frame=4592 interval_ms=0.729083 paused=false
PRESENT CADENCE frame=4593 interval_ms=15.800917 paused=false
PRESENT CADENCE frame=4594 interval_ms=0.627042 paused=false
PRESENT CADENCE frame=4595 interval_ms=16.229833 paused=false
PRESENT CADENCE frame=4596 interval_ms=0.685708 paused=false
PRESENT CADENCE frame=4597 interval_ms=15.909667 paused=false
PRESENT CADENCE frame=4598 interval_ms=0.677667 paused=false
PRESENT CADENCE frame=4599 interval_ms=21.872000 paused=false
PRESENT CADENCE frame=4600 interval_ms=0.415208 paused=false
PRESENT CADENCE frame=4601 interval_ms=10.319042 paused=false
PRESENT CADENCE frame=4602 interval_ms=0.634041 paused=false
PRESENT CADENCE frame=4603 interval_ms=16.030417 paused=false
PRESENT CADENCE frame=4604 interval_ms=0.589917 paused=false
PRESENT CADENCE frame=4605 interval_ms=16.121333 paused=false
PRESENT CADENCE frame=4606 interval_ms=0.660542 paused=false
PRESENT CADENCE frame=4607 interval_ms=15.979375 paused=false
PRESENT CADENCE frame=4608 interval_ms=0.679250 paused=false
PRESENT CADENCE frame=4609 interval_ms=16.067250 paused=false
PRESENT CADENCE frame=4610 interval_ms=0.637875 paused=false
PRESENT CADENCE frame=4611 interval_ms=15.993541 paused=false
PRESENT CADENCE frame=4612 interval_ms=0.677625 paused=false
PRESENT CADENCE frame=4613 interval_ms=16.081625 paused=false
PRESENT CADENCE frame=4614 interval_ms=0.603167 paused=false
PRESENT CADENCE frame=4615 interval_ms=15.939000 paused=false
PRESENT CADENCE frame=4616 interval_ms=1.365958 paused=false
PRESENT CADENCE frame=4617 interval_ms=15.404584 paused=false
PRESENT CADENCE frame=4618 interval_ms=0.514500 paused=false
PRESENT CADENCE frame=4619 interval_ms=16.075541 paused=false
PRESENT CADENCE frame=4620 interval_ms=0.654125 paused=false
PRESENT CADENCE frame=4621 interval_ms=16.103209 paused=false
PRESENT CADENCE frame=4622 interval_ms=0.689958 paused=false
PRESENT CADENCE frame=4623 interval_ms=15.938167 paused=false
PRESENT CADENCE frame=4624 interval_ms=0.616166 paused=false
PRESENT CADENCE frame=4625 interval_ms=16.057250 paused=false
PRESENT CADENCE frame=4626 interval_ms=0.632875 paused=false
PRESENT CADENCE frame=4627 interval_ms=15.763667 paused=false
FULL MODEL WORKER work_ms=1037.289 physics_ms=455.906 mesh_ms=232.636 partition_ms=17.938 streams_ms=330.808
PRESENT CADENCE frame=4628 interval_ms=40.869292 paused=false
PRESENT CADENCE frame=4629 interval_ms=1.462708 paused=false
PRESENT CADENCE frame=4630 interval_ms=7.921167 paused=false
PRESENT CADENCE frame=4631 interval_ms=1.895000 paused=false
PRESENT CADENCE frame=4632 interval_ms=14.620958 paused=false
PRESENT CADENCE frame=4633 interval_ms=0.586542 paused=false
PRESENT CADENCE frame=4634 interval_ms=16.157666 paused=false
PRESENT CADENCE frame=4635 interval_ms=0.572500 paused=false
PRESENT CADENCE frame=4636 interval_ms=16.106459 paused=false
PRESENT CADENCE frame=4637 interval_ms=0.571250 paused=false
PRESENT CADENCE frame=4638 interval_ms=8.804666 paused=false
PRESENT CADENCE frame=4639 interval_ms=0.315667 paused=false
PRESENT CADENCE frame=4640 interval_ms=15.263708 paused=false
PRESENT CADENCE frame=4641 interval_ms=0.650209 paused=false
PRESENT CADENCE frame=4642 interval_ms=9.171458 paused=false
PRESENT CADENCE frame=4643 interval_ms=0.342958 paused=false
PRESENT CADENCE frame=4644 interval_ms=14.883084 paused=false
PRESENT CADENCE frame=4645 interval_ms=0.352083 paused=false
PRESENT CADENCE frame=4646 interval_ms=9.268958 paused=false
PRESENT CADENCE frame=4647 interval_ms=0.380459 paused=false
PRESENT CADENCE frame=4648 interval_ms=11.404708 paused=false
PRESENT CADENCE frame=4649 interval_ms=0.609708 paused=false
PRESENT CADENCE frame=4650 interval_ms=12.277834 paused=false
PRESENT CADENCE frame=4651 interval_ms=0.663625 paused=false
PRESENT CADENCE frame=4652 interval_ms=13.892958 paused=false
PRESENT CADENCE frame=4653 interval_ms=0.371417 paused=false
PRESENT CADENCE frame=4654 interval_ms=11.746208 paused=false
PRESENT CADENCE frame=4655 interval_ms=0.624417 paused=false
PRESENT CADENCE frame=4656 interval_ms=15.182083 paused=false
PRESENT CADENCE frame=4657 interval_ms=0.440250 paused=false
PRESENT CADENCE frame=4658 interval_ms=11.969625 paused=false
PRESENT CADENCE frame=4659 interval_ms=0.566000 paused=false
PRESENT CADENCE frame=4660 interval_ms=14.754958 paused=false
PRESENT CADENCE frame=4661 interval_ms=0.665792 paused=false
PRESENT CADENCE frame=4662 interval_ms=10.086750 paused=false
PRESENT CADENCE frame=4663 interval_ms=0.510125 paused=false
PRESENT CADENCE frame=4664 interval_ms=15.879167 paused=false
PRESENT CADENCE frame=4665 interval_ms=0.419125 paused=false
PRESENT CADENCE frame=4666 interval_ms=11.955166 paused=false
PRESENT CADENCE frame=4667 interval_ms=0.281459 paused=false
PRESENT CADENCE frame=4668 interval_ms=15.464000 paused=false
PRESENT CADENCE frame=4669 interval_ms=0.263083 paused=false
PRESENT CADENCE frame=4670 interval_ms=10.916958 paused=false
PRESENT CADENCE frame=4671 interval_ms=0.329667 paused=false
PRESENT CADENCE frame=4672 interval_ms=11.262792 paused=false
PRESENT CADENCE frame=4673 interval_ms=0.289750 paused=false
PRESENT CADENCE frame=4674 interval_ms=15.067291 paused=false
PRESENT CADENCE frame=4675 interval_ms=0.298250 paused=false
PRESENT CADENCE frame=4676 interval_ms=11.005209 paused=false
PRESENT CADENCE frame=4677 interval_ms=0.243083 paused=false
PRESENT CADENCE frame=4678 interval_ms=11.133250 paused=false
PRESENT CADENCE frame=4679 interval_ms=0.256417 paused=false
PRESENT CADENCE frame=4680 interval_ms=11.351583 paused=false
PRESENT CADENCE frame=4681 interval_ms=0.323958 paused=false
PRESENT CADENCE frame=4682 interval_ms=11.691834 paused=false
PRESENT CADENCE frame=4683 interval_ms=0.262666 paused=false
PRESENT CADENCE frame=4684 interval_ms=14.744042 paused=false
PRESENT CADENCE frame=4685 interval_ms=0.285125 paused=false
PRESENT CADENCE frame=4686 interval_ms=11.049208 paused=false
PRESENT CADENCE frame=4687 interval_ms=0.288750 paused=false
PRESENT CADENCE frame=4688 interval_ms=12.019500 paused=false
PRESENT CADENCE frame=4689 interval_ms=0.248000 paused=false
PRESENT CADENCE frame=4690 interval_ms=14.622917 paused=false
PRESENT CADENCE frame=4691 interval_ms=0.338625 paused=false
PRESENT CADENCE frame=4692 interval_ms=11.279500 paused=false
PRESENT CADENCE frame=4693 interval_ms=0.818083 paused=false
PRESENT CADENCE frame=4694 interval_ms=11.546334 paused=false
PRESENT CADENCE frame=4695 interval_ms=0.341291 paused=false
PRESENT CADENCE frame=4696 interval_ms=13.968334 paused=false
PRESENT CADENCE frame=4697 interval_ms=0.600375 paused=false
PRESENT CADENCE frame=4698 interval_ms=14.227875 paused=false
PRESENT CADENCE frame=4699 interval_ms=0.332458 paused=false
PRESENT CADENCE frame=4700 interval_ms=13.421833 paused=false
PRESENT CADENCE frame=4701 interval_ms=0.604084 paused=false
PRESENT CADENCE frame=4702 interval_ms=9.956583 paused=false
PRESENT CADENCE frame=4703 interval_ms=0.408625 paused=false
PRESENT CADENCE frame=4704 interval_ms=18.177708 paused=false
PRESENT CADENCE frame=4705 interval_ms=0.662417 paused=false
PRESENT CADENCE frame=4706 interval_ms=9.536208 paused=false
PRESENT CADENCE frame=4707 interval_ms=0.326625 paused=false
PRESENT CADENCE frame=4708 interval_ms=17.696042 paused=false
PRESENT CADENCE frame=4709 interval_ms=0.730917 paused=false
PRESENT CADENCE frame=4710 interval_ms=17.785416 paused=false
PRESENT CADENCE frame=4711 interval_ms=0.704667 paused=false
PRESENT CADENCE frame=4712 interval_ms=8.129708 paused=false
PRESENT CADENCE frame=4713 interval_ms=0.381500 paused=false
PRESENT CADENCE frame=4714 interval_ms=17.045042 paused=false
PRESENT CADENCE frame=4715 interval_ms=0.765167 paused=false
PRESENT CADENCE frame=4716 interval_ms=17.399916 paused=false
PRESENT CADENCE frame=4717 interval_ms=0.723084 paused=false
PRESENT CADENCE frame=4718 interval_ms=17.106541 paused=false
PRESENT CADENCE frame=4719 interval_ms=0.704042 paused=false
PRESENT CADENCE frame=4720 interval_ms=9.401875 paused=false
PRESENT CADENCE frame=4721 interval_ms=0.407750 paused=false
PRESENT CADENCE frame=4722 interval_ms=12.627958 paused=false
PRESENT CADENCE frame=4723 interval_ms=0.726167 paused=false
PRESENT CADENCE frame=4724 interval_ms=12.099958 paused=false
PRESENT CADENCE frame=4725 interval_ms=0.612167 paused=false
PRESENT CADENCE frame=4726 interval_ms=10.387750 paused=false
PRESENT CADENCE frame=4727 interval_ms=0.549833 paused=false
PRESENT CADENCE frame=4728 interval_ms=11.090167 paused=false
PRESENT CADENCE frame=4729 interval_ms=0.689542 paused=false
PRESENT CADENCE frame=4730 interval_ms=10.279125 paused=false
PRESENT CADENCE frame=4731 interval_ms=0.566958 paused=false
PRESENT CADENCE frame=4732 interval_ms=10.564250 paused=false
PRESENT CADENCE frame=4733 interval_ms=0.777500 paused=false
PRESENT CADENCE frame=4734 interval_ms=14.319667 paused=false
PRESENT CADENCE frame=4735 interval_ms=0.755583 paused=false
PRESENT CADENCE frame=4736 interval_ms=11.373542 paused=false
PRESENT CADENCE frame=4737 interval_ms=0.640250 paused=false
PRESENT CADENCE frame=4738 interval_ms=10.934041 paused=false
PRESENT CADENCE frame=4739 interval_ms=0.840875 paused=false
PRESENT CADENCE frame=4740 interval_ms=10.266167 paused=false
PRESENT CADENCE frame=4741 interval_ms=0.715458 paused=false
PRESENT CADENCE frame=4742 interval_ms=14.530459 paused=false
PRESENT CADENCE frame=4743 interval_ms=0.657875 paused=false
PRESENT CADENCE frame=4744 interval_ms=10.273166 paused=false
PRESENT CADENCE frame=4745 interval_ms=0.535500 paused=false
PRESENT CADENCE frame=4746 interval_ms=10.544500 paused=false
PRESENT CADENCE frame=4747 interval_ms=0.799584 paused=false
PRESENT CADENCE frame=4748 interval_ms=10.869791 paused=false
PRESENT CADENCE frame=4749 interval_ms=0.523042 paused=false
PRESENT CADENCE frame=4750 interval_ms=10.357750 paused=false
PRESENT CADENCE frame=4751 interval_ms=0.662625 paused=false
PRESENT CADENCE frame=4752 interval_ms=10.591250 paused=false
PRESENT CADENCE frame=4753 interval_ms=0.614292 paused=false
PRESENT CADENCE frame=4754 interval_ms=10.416500 paused=false
PRESENT CADENCE frame=4755 interval_ms=0.639750 paused=false
PRESENT CADENCE frame=4756 interval_ms=14.512208 paused=false
PRESENT CADENCE frame=4757 interval_ms=0.703750 paused=false
PRESENT CADENCE frame=4758 interval_ms=17.331167 paused=false
PRESENT CADENCE frame=4759 interval_ms=0.723250 paused=false
PRESENT CADENCE frame=4760 interval_ms=9.230208 paused=false
PRESENT CADENCE frame=4761 interval_ms=0.476375 paused=false
PRESENT CADENCE frame=4762 interval_ms=10.537167 paused=false
PRESENT CADENCE frame=4763 interval_ms=0.577208 paused=false
PRESENT CADENCE frame=4764 interval_ms=10.753792 paused=false
PRESENT CADENCE frame=4765 interval_ms=0.651541 paused=false
PRESENT CADENCE frame=4766 interval_ms=9.951834 paused=false
PRESENT CADENCE frame=4767 interval_ms=0.433083 paused=false
PRESENT CADENCE frame=4768 interval_ms=8.335375 paused=false
PRESENT CADENCE frame=4769 interval_ms=0.729042 paused=false
PRESENT CADENCE frame=4770 interval_ms=15.990666 paused=false
PRESENT CADENCE frame=4771 interval_ms=0.609334 paused=false
PRESENT CADENCE frame=4772 interval_ms=9.176416 paused=false
PRESENT CADENCE frame=4773 interval_ms=0.315584 paused=false
PRESENT CADENCE frame=4774 interval_ms=9.306333 paused=false
PRESENT CADENCE frame=4775 interval_ms=0.614875 paused=false
PRESENT CADENCE frame=4776 interval_ms=10.022000 paused=false
PRESENT CADENCE frame=4777 interval_ms=0.293000 paused=false
PRESENT CADENCE frame=4778 interval_ms=10.597667 paused=false
PRESENT CADENCE frame=4779 interval_ms=0.702375 paused=false
PRESENT CADENCE frame=4780 interval_ms=15.427750 paused=false
PRESENT CADENCE frame=4781 interval_ms=0.382333 paused=false
PRESENT CADENCE frame=4782 interval_ms=10.157583 paused=false
PRESENT CADENCE frame=4783 interval_ms=0.694875 paused=false
PRESENT CADENCE frame=4784 interval_ms=10.200459 paused=false
PRESENT CADENCE frame=4785 interval_ms=0.303500 paused=false
PRESENT CADENCE frame=4786 interval_ms=11.030291 paused=false
PRESENT CADENCE frame=4787 interval_ms=0.312250 paused=false
PRESENT CADENCE frame=4788 interval_ms=11.008167 paused=false
PRESENT CADENCE frame=4789 interval_ms=0.448125 paused=false
PRESENT CADENCE frame=4790 interval_ms=14.767167 paused=false
PRESENT CADENCE frame=4791 interval_ms=0.412166 paused=false
PRESENT CADENCE frame=4792 interval_ms=10.851125 paused=false
PRESENT CADENCE frame=4793 interval_ms=0.581500 paused=false
PRESENT CADENCE frame=4794 interval_ms=14.825584 paused=false
PRESENT CADENCE frame=4795 interval_ms=0.715916 paused=false
PRESENT CADENCE frame=4796 interval_ms=9.394834 paused=false
PRESENT CADENCE frame=4797 interval_ms=0.292666 paused=false
PRESENT CADENCE frame=4798 interval_ms=9.232084 paused=false
PRESENT CADENCE frame=4799 interval_ms=0.663500 paused=false
PRESENT CADENCE frame=4800 interval_ms=10.419541 paused=false
PRESENT CADENCE frame=4801 interval_ms=0.568750 paused=false
PRESENT CADENCE frame=4802 interval_ms=10.370209 paused=false
PRESENT CADENCE frame=4803 interval_ms=0.660041 paused=false
PRESENT CADENCE frame=4804 interval_ms=14.672250 paused=false
PRESENT CADENCE frame=4805 interval_ms=0.709875 paused=false
PRESENT CADENCE frame=4806 interval_ms=10.479375 paused=false
PRESENT CADENCE frame=4807 interval_ms=0.705250 paused=false
PRESENT CADENCE frame=4808 interval_ms=10.658834 paused=false
PRESENT CADENCE frame=4809 interval_ms=0.542291 paused=false
PRESENT CADENCE frame=4810 interval_ms=9.653125 paused=false
PRESENT CADENCE frame=4811 interval_ms=0.642834 paused=false
PRESENT CADENCE frame=4812 interval_ms=14.872791 paused=false
PRESENT CADENCE frame=4813 interval_ms=0.413584 paused=false
PRESENT CADENCE frame=4814 interval_ms=11.554125 paused=false
PRESENT CADENCE frame=4815 interval_ms=0.676875 paused=false
PRESENT CADENCE frame=4816 interval_ms=11.374125 paused=false
PRESENT CADENCE frame=4817 interval_ms=0.560333 paused=false
PRESENT CADENCE frame=4818 interval_ms=12.256667 paused=false
PRESENT CADENCE frame=4819 interval_ms=0.767375 paused=false
PRESENT CADENCE frame=4820 interval_ms=10.765125 paused=false
FULL MODEL WORKER work_ms=1265.940 physics_ms=616.270 mesh_ms=287.370 partition_ms=26.909 streams_ms=335.391
PRESENT CADENCE frame=4821 interval_ms=47.010250 paused=false
PRESENT CADENCE frame=4822 interval_ms=1.329750 paused=false
PRESENT CADENCE frame=4823 interval_ms=4.198875 paused=false
PRESENT CADENCE frame=4824 interval_ms=0.448541 paused=false
PRESENT CADENCE frame=4825 interval_ms=18.340667 paused=false
PRESENT CADENCE frame=4826 interval_ms=2.200542 paused=false
PRESENT CADENCE frame=4827 interval_ms=10.618291 paused=false
PRESENT CADENCE frame=4828 interval_ms=0.512959 paused=false
PRESENT CADENCE frame=4829 interval_ms=11.277291 paused=false
PRESENT CADENCE frame=4830 interval_ms=0.390042 paused=false
PRESENT CADENCE frame=4831 interval_ms=18.239292 paused=false
PRESENT CADENCE frame=4832 interval_ms=0.294458 paused=false
PRESENT CADENCE frame=4833 interval_ms=12.312500 paused=false
PRESENT CADENCE frame=4834 interval_ms=0.337167 paused=false
PRESENT CADENCE frame=4835 interval_ms=12.431250 paused=false
PRESENT CADENCE frame=4836 interval_ms=0.276125 paused=false
PRESENT CADENCE frame=4837 interval_ms=12.445375 paused=false
PRESENT CADENCE frame=4838 interval_ms=0.347875 paused=false
PRESENT CADENCE frame=4839 interval_ms=12.342166 paused=false
PRESENT CADENCE frame=4840 interval_ms=0.311417 paused=false
PRESENT CADENCE frame=4841 interval_ms=14.112500 paused=false
PRESENT CADENCE frame=4842 interval_ms=0.249417 paused=false
PRESENT CADENCE frame=4843 interval_ms=11.101708 paused=false
PRESENT CADENCE frame=4844 interval_ms=0.280500 paused=false
PRESENT CADENCE frame=4845 interval_ms=12.425958 paused=false
PRESENT CADENCE frame=4846 interval_ms=0.299500 paused=false
PRESENT CADENCE frame=4847 interval_ms=11.695375 paused=false
PRESENT CADENCE frame=4848 interval_ms=0.407125 paused=false
PRESENT CADENCE frame=4849 interval_ms=12.267750 paused=false
PRESENT CADENCE frame=4850 interval_ms=0.616500 paused=false
PRESENT CADENCE frame=4851 interval_ms=11.122750 paused=false
PRESENT CADENCE frame=4852 interval_ms=0.483500 paused=false
PRESENT CADENCE frame=4853 interval_ms=10.017625 paused=false
PRESENT CADENCE frame=4854 interval_ms=0.556167 paused=false
PRESENT CADENCE frame=4855 interval_ms=10.730083 paused=false
PRESENT CADENCE frame=4856 interval_ms=0.468834 paused=false
PRESENT CADENCE frame=4857 interval_ms=11.633208 paused=false
PRESENT CADENCE frame=4858 interval_ms=0.275375 paused=false
PRESENT CADENCE frame=4859 interval_ms=11.332250 paused=false
PRESENT CADENCE frame=4860 interval_ms=0.232458 paused=false
PRESENT CADENCE frame=4861 interval_ms=10.860959 paused=false
PRESENT CADENCE frame=4862 interval_ms=0.240958 paused=false
PRESENT CADENCE frame=4863 interval_ms=10.876792 paused=false
PRESENT CADENCE frame=4864 interval_ms=0.352416 paused=false
PRESENT CADENCE frame=4865 interval_ms=15.740250 paused=false
PRESENT CADENCE frame=4866 interval_ms=0.390667 paused=false
PRESENT CADENCE frame=4867 interval_ms=12.425167 paused=false
PRESENT CADENCE frame=4868 interval_ms=0.333791 paused=false
PRESENT CADENCE frame=4869 interval_ms=15.957834 paused=false
PRESENT CADENCE frame=4870 interval_ms=0.318583 paused=false
PRESENT CADENCE frame=4871 interval_ms=13.361875 paused=false
PRESENT CADENCE frame=4872 interval_ms=0.395292 paused=false
PRESENT CADENCE frame=4873 interval_ms=14.940041 paused=false
PRESENT CADENCE frame=4874 interval_ms=0.452292 paused=false
PRESENT CADENCE frame=4875 interval_ms=13.675167 paused=false
PRESENT CADENCE frame=4876 interval_ms=0.314833 paused=false
PRESENT CADENCE frame=4877 interval_ms=11.907542 paused=false
PRESENT CADENCE frame=4878 interval_ms=0.270958 paused=false
PRESENT CADENCE frame=4879 interval_ms=12.134417 paused=false
PRESENT CADENCE frame=4880 interval_ms=0.302083 paused=false
PRESENT CADENCE frame=4881 interval_ms=9.985208 paused=false
PRESENT CADENCE frame=4882 interval_ms=0.311334 paused=false
PRESENT CADENCE frame=4883 interval_ms=11.356291 paused=false
PRESENT CADENCE frame=4884 interval_ms=0.245917 paused=false
PRESENT CADENCE frame=4885 interval_ms=12.154458 paused=false
PRESENT CADENCE frame=4886 interval_ms=0.252084 paused=false
PRESENT CADENCE frame=4887 interval_ms=12.704041 paused=false
PRESENT CADENCE frame=4888 interval_ms=0.294375 paused=false
PRESENT CADENCE frame=4889 interval_ms=10.452750 paused=false
PRESENT CADENCE frame=4890 interval_ms=0.279125 paused=false
PRESENT CADENCE frame=4891 interval_ms=12.229334 paused=false
PRESENT CADENCE frame=4892 interval_ms=0.304833 paused=false
PRESENT CADENCE frame=4893 interval_ms=11.641167 paused=false
PRESENT CADENCE frame=4894 interval_ms=0.378458 paused=false
PRESENT CADENCE frame=4895 interval_ms=15.288375 paused=false
PRESENT CADENCE frame=4896 interval_ms=0.367417 paused=false
PRESENT CADENCE frame=4897 interval_ms=12.112875 paused=false
PRESENT CADENCE frame=4898 interval_ms=0.283958 paused=false
PRESENT CADENCE frame=4899 interval_ms=11.600417 paused=false
PRESENT CADENCE frame=4900 interval_ms=0.247666 paused=false
PRESENT CADENCE frame=4901 interval_ms=12.905042 paused=false
PRESENT CADENCE frame=4902 interval_ms=0.343000 paused=false
PRESENT CADENCE frame=4903 interval_ms=11.482208 paused=false
PRESENT CADENCE frame=4904 interval_ms=0.286084 paused=false
PRESENT CADENCE frame=4905 interval_ms=12.540291 paused=false
PRESENT CADENCE frame=4906 interval_ms=0.420917 paused=false
PRESENT CADENCE frame=4907 interval_ms=10.666750 paused=false
PRESENT CADENCE frame=4908 interval_ms=0.380000 paused=false
PRESENT CADENCE frame=4909 interval_ms=11.255375 paused=false
PRESENT CADENCE frame=4910 interval_ms=0.283917 paused=false
PRESENT CADENCE frame=4911 interval_ms=11.224666 paused=false
PRESENT CADENCE frame=4912 interval_ms=0.236417 paused=false
PRESENT CADENCE frame=4913 interval_ms=11.914833 paused=false
PRESENT CADENCE frame=4914 interval_ms=0.359584 paused=false
PRESENT CADENCE frame=4915 interval_ms=10.917125 paused=false
PRESENT CADENCE frame=4916 interval_ms=0.268458 paused=false
PRESENT CADENCE frame=4917 interval_ms=10.937292 paused=false
PRESENT CADENCE frame=4918 interval_ms=0.444000 paused=false
PRESENT CADENCE frame=4919 interval_ms=11.594375 paused=false
PRESENT CADENCE frame=4920 interval_ms=0.315958 paused=false
PRESENT CADENCE frame=4921 interval_ms=13.771833 paused=false
PRESENT CADENCE frame=4922 interval_ms=0.306334 paused=false
PRESENT CADENCE frame=4923 interval_ms=14.577875 paused=false
PRESENT CADENCE frame=4924 interval_ms=0.268416 paused=false
PRESENT CADENCE frame=4925 interval_ms=12.920542 paused=false
PRESENT CADENCE frame=4926 interval_ms=0.385292 paused=false
PRESENT CADENCE frame=4927 interval_ms=14.426458 paused=false
PRESENT CADENCE frame=4928 interval_ms=0.334625 paused=false
PRESENT CADENCE frame=4929 interval_ms=15.264083 paused=false
PRESENT CADENCE frame=4930 interval_ms=0.529709 paused=false
PRESENT CADENCE frame=4931 interval_ms=13.170208 paused=false
PRESENT CADENCE frame=4932 interval_ms=0.250708 paused=false
PRESENT CADENCE frame=4933 interval_ms=13.367417 paused=false
PRESENT CADENCE frame=4934 interval_ms=0.175833 paused=false
PRESENT CADENCE frame=4935 interval_ms=11.570292 paused=false
PRESENT CADENCE frame=4936 interval_ms=0.458458 paused=false
PRESENT CADENCE frame=4937 interval_ms=14.865292 paused=false
PRESENT CADENCE frame=4938 interval_ms=0.783083 paused=false
PRESENT CADENCE frame=4939 interval_ms=13.092500 paused=false
PRESENT CADENCE frame=4940 interval_ms=10.767792 paused=false
PRESENT CADENCE frame=4941 interval_ms=2.298542 paused=false
PRESENT CADENCE frame=4942 interval_ms=0.226916 paused=false
PRESENT CADENCE frame=4943 interval_ms=12.056667 paused=false
PRESENT CADENCE frame=4944 interval_ms=0.668833 paused=false
PRESENT CADENCE frame=4945 interval_ms=12.335250 paused=false
PRESENT CADENCE frame=4946 interval_ms=0.620167 paused=false
PRESENT CADENCE frame=4947 interval_ms=10.379917 paused=false
PRESENT CADENCE frame=4948 interval_ms=0.273166 paused=false
PRESENT CADENCE frame=4949 interval_ms=12.602084 paused=false
PRESENT CADENCE frame=4950 interval_ms=0.615541 paused=false
PRESENT CADENCE frame=4951 interval_ms=12.716417 paused=false
PRESENT CADENCE frame=4952 interval_ms=0.644417 paused=false
PRESENT CADENCE frame=4953 interval_ms=14.046750 paused=false
PRESENT CADENCE frame=4954 interval_ms=0.248125 paused=false
PRESENT CADENCE frame=4955 interval_ms=12.357750 paused=false
PRESENT CADENCE frame=4956 interval_ms=0.289875 paused=false
PRESENT CADENCE frame=4957 interval_ms=12.558791 paused=false
PRESENT CADENCE frame=4958 interval_ms=0.240209 paused=false
PRESENT CADENCE frame=4959 interval_ms=20.587833 paused=false
PRESENT CADENCE frame=4960 interval_ms=0.246500 paused=false
PRESENT CADENCE frame=4961 interval_ms=13.928958 paused=false
PRESENT CADENCE frame=4962 interval_ms=0.243417 paused=false
PRESENT CADENCE frame=4963 interval_ms=12.693250 paused=false
PRESENT CADENCE frame=4964 interval_ms=0.210750 paused=false
PRESENT CADENCE frame=4965 interval_ms=12.222208 paused=false
PRESENT CADENCE frame=4966 interval_ms=0.240959 paused=false
PRESENT CADENCE frame=4967 interval_ms=16.633625 paused=false
PRESENT CADENCE frame=4968 interval_ms=0.165875 paused=false
PRESENT CADENCE frame=4969 interval_ms=12.425166 paused=false
PRESENT CADENCE frame=4970 interval_ms=0.223750 paused=false
PRESENT CADENCE frame=4971 interval_ms=11.136167 paused=false
PRESENT CADENCE frame=4972 interval_ms=0.225292 paused=false
PRESENT CADENCE frame=4973 interval_ms=11.491666 paused=false
PRESENT CADENCE frame=4974 interval_ms=0.223042 paused=false
PRESENT CADENCE frame=4975 interval_ms=11.344917 paused=false
PRESENT CADENCE frame=4976 interval_ms=0.691708 paused=false
PRESENT CADENCE frame=4977 interval_ms=11.052417 paused=false
PRESENT CADENCE frame=4978 interval_ms=0.725500 paused=false
PRESENT CADENCE frame=4979 interval_ms=15.829458 paused=false
PRESENT CADENCE frame=4980 interval_ms=0.422083 paused=false
PRESENT CADENCE frame=4981 interval_ms=11.503125 paused=false
PRESENT CADENCE frame=4982 interval_ms=0.656500 paused=false
PRESENT CADENCE frame=4983 interval_ms=12.185250 paused=false
PRESENT CADENCE frame=4984 interval_ms=0.669334 paused=false
PRESENT CADENCE frame=4985 interval_ms=10.955208 paused=false
PRESENT CADENCE frame=4986 interval_ms=0.541833 paused=false
PRESENT CADENCE frame=4987 interval_ms=12.166459 paused=false
PRESENT CADENCE frame=4988 interval_ms=0.750500 paused=false
PRESENT CADENCE frame=4989 interval_ms=11.039041 paused=false
PRESENT CADENCE frame=4990 interval_ms=0.828709 paused=false
PRESENT CADENCE frame=4991 interval_ms=11.634750 paused=false
PRESENT CADENCE frame=4992 interval_ms=0.678125 paused=false
PRESENT CADENCE frame=4993 interval_ms=10.401041 paused=false
PRESENT CADENCE frame=4994 interval_ms=0.398834 paused=false
PRESENT CADENCE frame=4995 interval_ms=17.419625 paused=false
PRESENT CADENCE frame=4996 interval_ms=0.762666 paused=false
PRESENT CADENCE frame=4997 interval_ms=12.052250 paused=false
PRESENT CADENCE frame=4998 interval_ms=0.547417 paused=false
PRESENT CADENCE frame=4999 interval_ms=12.668875 paused=false
PRESENT CADENCE frame=5000 interval_ms=0.623417 paused=false
PRESENT CADENCE frame=5001 interval_ms=11.923125 paused=false
PRESENT CADENCE frame=5002 interval_ms=0.554500 paused=false
PRESENT CADENCE frame=5003 interval_ms=11.460083 paused=false
PRESENT CADENCE frame=5004 interval_ms=0.553167 paused=false
PRESENT CADENCE frame=5005 interval_ms=10.840166 paused=false
PRESENT CADENCE frame=5006 interval_ms=0.772292 paused=false
PRESENT CADENCE frame=5007 interval_ms=11.601458 paused=false
PRESENT CADENCE frame=5008 interval_ms=0.525334 paused=false
PRESENT CADENCE frame=5009 interval_ms=10.689041 paused=false
FULL MODEL WORKER work_ms=1269.487 physics_ms=631.711 mesh_ms=313.184 partition_ms=23.354 streams_ms=301.237
PRESENT CADENCE frame=5010 interval_ms=47.290667 paused=false
PRESENT CADENCE frame=5011 interval_ms=1.317542 paused=false
PRESENT CADENCE frame=5012 interval_ms=6.065208 paused=false
PRESENT CADENCE frame=5013 interval_ms=1.948042 paused=false
PRESENT CADENCE frame=5014 interval_ms=7.897625 paused=false
PRESENT CADENCE frame=5015 interval_ms=0.542416 paused=false
PRESENT CADENCE frame=5016 interval_ms=14.318500 paused=false
PRESENT CADENCE frame=5017 interval_ms=10.646917 paused=false
PRESENT CADENCE frame=5018 interval_ms=1.422667 paused=false
PRESENT CADENCE frame=5019 interval_ms=0.237791 paused=false
PRESENT CADENCE frame=5020 interval_ms=10.809500 paused=false
PRESENT CADENCE frame=5021 interval_ms=0.392709 paused=false
PRESENT CADENCE frame=5022 interval_ms=13.495041 paused=false
PRESENT CADENCE frame=5023 interval_ms=0.434084 paused=false
PRESENT CADENCE frame=5024 interval_ms=12.600541 paused=false
PRESENT CADENCE frame=5025 interval_ms=0.418375 paused=false
PRESENT CADENCE frame=5026 interval_ms=11.292584 paused=false
PRESENT CADENCE frame=5027 interval_ms=0.302541 paused=false
PRESENT CADENCE frame=5028 interval_ms=11.805042 paused=false
PRESENT CADENCE frame=5029 interval_ms=0.401167 paused=false
PRESENT CADENCE frame=5030 interval_ms=11.343333 paused=false
PRESENT CADENCE frame=5031 interval_ms=0.388375 paused=false
PRESENT CADENCE frame=5032 interval_ms=16.171375 paused=false
PRESENT CADENCE frame=5033 interval_ms=0.443292 paused=false
PRESENT CADENCE frame=5034 interval_ms=12.468333 paused=false
PRESENT CADENCE frame=5035 interval_ms=0.360625 paused=false
PRESENT CADENCE frame=5036 interval_ms=11.803167 paused=false
PRESENT CADENCE frame=5037 interval_ms=0.384791 paused=false
PRESENT CADENCE frame=5038 interval_ms=12.397542 paused=false
PRESENT CADENCE frame=5039 interval_ms=0.713625 paused=false
PRESENT CADENCE frame=5040 interval_ms=12.281333 paused=false
PRESENT CADENCE frame=5041 interval_ms=0.775500 paused=false
PRESENT CADENCE frame=5042 interval_ms=15.123375 paused=false
PRESENT CADENCE frame=5043 interval_ms=0.657459 paused=false
PRESENT CADENCE frame=5044 interval_ms=12.458583 paused=false
PRESENT CADENCE frame=5045 interval_ms=0.633625 paused=false
PRESENT CADENCE frame=5046 interval_ms=15.028625 paused=false
PRESENT CADENCE frame=5047 interval_ms=0.359875 paused=false
PRESENT CADENCE frame=5048 interval_ms=11.300542 paused=false
PRESENT CADENCE frame=5049 interval_ms=0.769750 paused=false
PRESENT CADENCE frame=5050 interval_ms=12.368000 paused=false
PRESENT CADENCE frame=5051 interval_ms=0.676416 paused=false
PRESENT CADENCE frame=5052 interval_ms=11.588875 paused=false
PRESENT CADENCE frame=5053 interval_ms=0.629292 paused=false
PRESENT CADENCE frame=5054 interval_ms=11.444583 paused=false
PRESENT CADENCE frame=5055 interval_ms=0.755459 paused=false
PRESENT CADENCE frame=5056 interval_ms=14.589500 paused=false
PRESENT CADENCE frame=5057 interval_ms=0.425291 paused=false
PRESENT CADENCE frame=5058 interval_ms=11.559500 paused=false
PRESENT CADENCE frame=5059 interval_ms=0.713250 paused=false
PRESENT CADENCE frame=5060 interval_ms=11.254959 paused=false
PRESENT CADENCE frame=5061 interval_ms=0.606250 paused=false
PRESENT CADENCE frame=5062 interval_ms=11.699875 paused=false
PRESENT CADENCE frame=5063 interval_ms=0.764875 paused=false
PRESENT CADENCE frame=5064 interval_ms=14.117125 paused=false
PRESENT CADENCE frame=5065 interval_ms=0.785666 paused=false
PRESENT CADENCE frame=5066 interval_ms=12.024750 paused=false
PRESENT CADENCE frame=5067 interval_ms=0.573084 paused=false
PRESENT CADENCE frame=5068 interval_ms=11.240333 paused=false
PRESENT CADENCE frame=5069 interval_ms=0.568792 paused=false
PRESENT CADENCE frame=5070 interval_ms=10.071375 paused=false
PRESENT CADENCE frame=5071 interval_ms=0.554208 paused=false
PRESENT CADENCE frame=5072 interval_ms=11.539500 paused=false
PRESENT CADENCE frame=5073 interval_ms=0.603208 paused=false
PRESENT CADENCE frame=5074 interval_ms=10.322709 paused=false
PRESENT CADENCE frame=5075 interval_ms=0.427291 paused=false
PRESENT CADENCE frame=5076 interval_ms=8.446834 paused=false
PRESENT CADENCE frame=5077 interval_ms=0.614291 paused=false
PRESENT CADENCE frame=5078 interval_ms=16.736542 paused=false
PRESENT CADENCE frame=5079 interval_ms=0.866417 paused=false
PRESENT CADENCE frame=5080 interval_ms=13.775833 paused=false
PRESENT CADENCE frame=5081 interval_ms=0.786875 paused=false
PRESENT CADENCE frame=5082 interval_ms=12.003125 paused=false
PRESENT CADENCE frame=5083 interval_ms=0.622833 paused=false
PRESENT CADENCE frame=5084 interval_ms=10.538959 paused=false
PRESENT CADENCE frame=5085 interval_ms=0.278750 paused=false
PRESENT CADENCE frame=5086 interval_ms=11.279166 paused=false
PRESENT CADENCE frame=5087 interval_ms=0.706834 paused=false
PRESENT CADENCE frame=5088 interval_ms=12.303875 paused=false
PRESENT CADENCE frame=5089 interval_ms=0.728291 paused=false
PRESENT CADENCE frame=5090 interval_ms=12.008667 paused=false
PRESENT CADENCE frame=5091 interval_ms=0.603333 paused=false
PRESENT CADENCE frame=5092 interval_ms=11.148917 paused=false
PRESENT CADENCE frame=5093 interval_ms=0.665167 paused=false
PRESENT CADENCE frame=5094 interval_ms=11.420166 paused=false
PRESENT CADENCE frame=5095 interval_ms=0.608417 paused=false
PRESENT CADENCE frame=5096 interval_ms=10.948667 paused=false
PRESENT CADENCE frame=5097 interval_ms=0.687958 paused=false
PRESENT CADENCE frame=5098 interval_ms=11.924542 paused=false
PRESENT CADENCE frame=5099 interval_ms=0.687916 paused=false
PRESENT CADENCE frame=5100 interval_ms=8.709459 paused=false
PRESENT CADENCE frame=5101 interval_ms=0.417208 paused=false
PRESENT CADENCE frame=5102 interval_ms=8.250125 paused=false
PRESENT CADENCE frame=5103 interval_ms=0.659792 paused=false
PRESENT CADENCE frame=5104 interval_ms=9.363458 paused=false
PRESENT CADENCE frame=5105 interval_ms=0.451667 paused=false
PRESENT CADENCE frame=5106 interval_ms=10.924791 paused=false
PRESENT CADENCE frame=5107 interval_ms=0.294000 paused=false
PRESENT CADENCE frame=5108 interval_ms=13.059834 paused=false
PRESENT CADENCE frame=5109 interval_ms=0.408500 paused=false
PRESENT CADENCE frame=5110 interval_ms=11.465083 paused=false
PRESENT CADENCE frame=5111 interval_ms=0.398375 paused=false
PRESENT CADENCE frame=5112 interval_ms=11.915292 paused=false
PRESENT CADENCE frame=5113 interval_ms=0.857666 paused=false
PRESENT CADENCE frame=5114 interval_ms=12.488000 paused=false
PRESENT CADENCE frame=5115 interval_ms=0.818584 paused=false
PRESENT CADENCE frame=5116 interval_ms=10.670250 paused=false
PRESENT CADENCE frame=5117 interval_ms=0.350333 paused=false
PRESENT CADENCE frame=5118 interval_ms=12.378875 paused=false
PRESENT CADENCE frame=5119 interval_ms=0.746708 paused=false
PRESENT CADENCE frame=5120 interval_ms=19.036917 paused=false
PRESENT CADENCE frame=5121 interval_ms=0.860625 paused=false
PRESENT CADENCE frame=5122 interval_ms=15.331792 paused=false
PRESENT CADENCE frame=5123 interval_ms=0.452333 paused=false
PRESENT CADENCE frame=5124 interval_ms=13.368917 paused=false
PRESENT CADENCE frame=5125 interval_ms=0.765708 paused=false
PRESENT CADENCE frame=5126 interval_ms=13.224333 paused=false
PRESENT CADENCE frame=5127 interval_ms=0.737959 paused=false
PRESENT CADENCE frame=5128 interval_ms=12.817416 paused=false
PRESENT CADENCE frame=5129 interval_ms=0.899875 paused=false
PRESENT CADENCE frame=5130 interval_ms=10.630834 paused=false
PRESENT CADENCE frame=5131 interval_ms=0.676375 paused=false
PRESENT CADENCE frame=5132 interval_ms=12.331041 paused=false
PRESENT CADENCE frame=5133 interval_ms=0.598792 paused=false
PRESENT CADENCE frame=5134 interval_ms=11.456583 paused=false
PRESENT CADENCE frame=5135 interval_ms=0.805792 paused=false
PRESENT CADENCE frame=5136 interval_ms=10.915958 paused=false
PRESENT CADENCE frame=5137 interval_ms=0.540750 paused=false
PRESENT CADENCE frame=5138 interval_ms=10.726417 paused=false
PRESENT CADENCE frame=5139 interval_ms=0.689083 paused=false
PRESENT CADENCE frame=5140 interval_ms=11.057209 paused=false
PRESENT CADENCE frame=5141 interval_ms=0.742000 paused=false
PRESENT CADENCE frame=5142 interval_ms=15.048458 paused=false
PRESENT CADENCE frame=5143 interval_ms=0.477792 paused=false
PRESENT CADENCE frame=5144 interval_ms=12.112625 paused=false
PRESENT CADENCE frame=5145 interval_ms=0.678875 paused=false
PRESENT CADENCE frame=5146 interval_ms=16.335875 paused=false
PRESENT CADENCE frame=5147 interval_ms=0.565916 paused=false
PRESENT CADENCE frame=5148 interval_ms=12.041667 paused=false
PRESENT CADENCE frame=5149 interval_ms=0.681500 paused=false
PRESENT CADENCE frame=5150 interval_ms=12.195958 paused=false
PRESENT CADENCE frame=5151 interval_ms=0.501334 paused=false
PRESENT CADENCE frame=5152 interval_ms=10.287916 paused=false
PRESENT CADENCE frame=5153 interval_ms=0.678875 paused=false
PRESENT CADENCE frame=5154 interval_ms=16.258584 paused=false
PRESENT CADENCE frame=5155 interval_ms=0.560791 paused=false
PRESENT CADENCE frame=5156 interval_ms=10.888084 paused=false
PRESENT CADENCE frame=5157 interval_ms=0.615958 paused=false
PRESENT CADENCE frame=5158 interval_ms=11.074917 paused=false
PRESENT CADENCE frame=5159 interval_ms=0.589375 paused=false
PRESENT CADENCE frame=5160 interval_ms=12.942583 paused=false
PRESENT CADENCE frame=5161 interval_ms=0.729375 paused=false
PRESENT CADENCE frame=5162 interval_ms=14.502458 paused=false
PRESENT CADENCE frame=5163 interval_ms=0.332334 paused=false
PRESENT CADENCE frame=5164 interval_ms=11.715708 paused=false
PRESENT CADENCE frame=5165 interval_ms=0.363208 paused=false
PRESENT CADENCE frame=5166 interval_ms=11.327667 paused=false
PRESENT CADENCE frame=5167 interval_ms=0.812875 paused=false
PRESENT CADENCE frame=5168 interval_ms=14.771792 paused=false
PRESENT CADENCE frame=5169 interval_ms=0.306375 paused=false
PRESENT CADENCE frame=5170 interval_ms=12.344958 paused=false
PRESENT CADENCE frame=5171 interval_ms=0.380208 paused=false
PRESENT CADENCE frame=5172 interval_ms=14.961917 paused=false
PRESENT CADENCE frame=5173 interval_ms=0.459583 paused=false
PRESENT CADENCE frame=5174 interval_ms=11.323875 paused=false
PRESENT CADENCE frame=5175 interval_ms=0.310834 paused=false
PRESENT CADENCE frame=5176 interval_ms=11.383000 paused=false
PRESENT CADENCE frame=5177 interval_ms=0.341125 paused=false
PRESENT CADENCE frame=5178 interval_ms=10.144750 paused=false
PRESENT CADENCE frame=5179 interval_ms=0.730375 paused=false
PRESENT CADENCE frame=5180 interval_ms=11.100833 paused=false
PRESENT CADENCE frame=5181 interval_ms=0.563083 paused=false
PRESENT CADENCE frame=5182 interval_ms=11.008792 paused=false
PRESENT CADENCE frame=5183 interval_ms=0.693667 paused=false
PRESENT CADENCE frame=5184 interval_ms=10.144708 paused=false
PRESENT CADENCE frame=5185 interval_ms=0.784542 paused=false
PRESENT CADENCE frame=5186 interval_ms=9.291375 paused=false
PRESENT CADENCE frame=5187 interval_ms=0.379583 paused=false
PRESENT CADENCE frame=5188 interval_ms=17.332875 paused=false
PRESENT CADENCE frame=5189 interval_ms=0.872667 paused=false
PRESENT CADENCE frame=5190 interval_ms=9.597958 paused=false
PRESENT CADENCE frame=5191 interval_ms=0.406500 paused=false
PRESENT CADENCE frame=5192 interval_ms=8.918000 paused=false
PRESENT CADENCE frame=5193 interval_ms=0.374125 paused=false
PRESENT CADENCE frame=5194 interval_ms=10.454583 paused=false
PRESENT CADENCE frame=5195 interval_ms=0.795209 paused=false
PRESENT CADENCE frame=5196 interval_ms=10.611750 paused=false
PRESENT CADENCE frame=5197 interval_ms=0.767500 paused=false
PRESENT CADENCE frame=5198 interval_ms=15.791791 paused=false
PRESENT CADENCE frame=5199 interval_ms=0.523584 paused=false
PRESENT CADENCE frame=5200 interval_ms=10.201333 paused=false
PRESENT CADENCE frame=5201 interval_ms=0.623458 paused=false
PRESENT CADENCE frame=5202 interval_ms=11.280959 paused=false
PRESENT CADENCE frame=5203 interval_ms=0.571375 paused=false
PRESENT CADENCE frame=5204 interval_ms=10.907791 paused=false
PRESENT CADENCE frame=5205 interval_ms=0.709292 paused=false
PRESENT CADENCE frame=5206 interval_ms=16.536750 paused=false
PRESENT CADENCE frame=5207 interval_ms=0.342750 paused=false
PRESENT CADENCE frame=5208 interval_ms=10.263500 paused=false
PRESENT CADENCE frame=5209 interval_ms=0.748917 paused=false
PRESENT CADENCE frame=5210 interval_ms=10.659083 paused=false
FULL MODEL WORKER work_ms=1303.241 physics_ms=619.051 mesh_ms=296.813 partition_ms=26.940 streams_ms=360.436
PRESENT CADENCE frame=5211 interval_ms=44.922458 paused=false
PRESENT CADENCE frame=5212 interval_ms=1.441625 paused=false
PRESENT CADENCE frame=5213 interval_ms=7.410209 paused=false
PRESENT CADENCE frame=5214 interval_ms=0.397708 paused=false
PRESENT CADENCE frame=5215 interval_ms=17.739792 paused=false
PRESENT CADENCE frame=5216 interval_ms=0.729833 paused=false
PRESENT CADENCE frame=5217 interval_ms=10.193625 paused=false
PRESENT CADENCE frame=5218 interval_ms=0.318375 paused=false
PRESENT CADENCE frame=5219 interval_ms=9.309708 paused=false
PRESENT CADENCE frame=5220 interval_ms=0.278709 paused=false
PRESENT CADENCE frame=5221 interval_ms=10.787458 paused=false
PRESENT CADENCE frame=5222 interval_ms=0.379833 paused=false
PRESENT CADENCE frame=5223 interval_ms=14.901125 paused=false
PRESENT CADENCE frame=5224 interval_ms=0.385375 paused=false
PRESENT CADENCE frame=5225 interval_ms=10.630209 paused=false
PRESENT CADENCE frame=5226 interval_ms=0.327458 paused=false
PRESENT CADENCE frame=5227 interval_ms=10.114708 paused=false
PRESENT CADENCE frame=5228 interval_ms=0.295334 paused=false
PRESENT CADENCE frame=5229 interval_ms=11.991541 paused=false
PRESENT CADENCE frame=5230 interval_ms=0.578042 paused=false
PRESENT CADENCE frame=5231 interval_ms=10.777083 paused=false
PRESENT CADENCE frame=5232 interval_ms=0.423000 paused=false
PRESENT CADENCE frame=5233 interval_ms=14.747167 paused=false
PRESENT CADENCE frame=5234 interval_ms=0.413167 paused=false
PRESENT CADENCE frame=5235 interval_ms=9.795708 paused=false
PRESENT CADENCE frame=5236 interval_ms=0.416000 paused=false
PRESENT CADENCE frame=5237 interval_ms=7.015083 paused=false
PRESENT CADENCE frame=5238 interval_ms=0.360125 paused=false
PRESENT CADENCE frame=5239 interval_ms=8.859125 paused=false
PRESENT CADENCE frame=5240 interval_ms=0.722959 paused=false
PRESENT CADENCE frame=5241 interval_ms=11.930541 paused=false
PRESENT CADENCE frame=5242 interval_ms=0.660334 paused=false
PRESENT CADENCE frame=5243 interval_ms=11.052250 paused=false
PRESENT CADENCE frame=5244 interval_ms=0.647041 paused=false
PRESENT CADENCE frame=5245 interval_ms=11.750625 paused=false
PRESENT CADENCE frame=5246 interval_ms=0.600709 paused=false
PRESENT CADENCE frame=5247 interval_ms=11.199333 paused=false
PRESENT CADENCE frame=5248 interval_ms=0.587542 paused=false
PRESENT CADENCE frame=5249 interval_ms=10.776916 paused=false
PRESENT CADENCE frame=5250 interval_ms=0.581000 paused=false
PRESENT CADENCE frame=5251 interval_ms=10.680250 paused=false
PRESENT CADENCE frame=5252 interval_ms=0.801709 paused=false
PRESENT CADENCE frame=5253 interval_ms=9.573958 paused=false
PRESENT CADENCE frame=5254 interval_ms=0.720125 paused=false
PRESENT CADENCE frame=5255 interval_ms=10.583667 paused=false
PRESENT CADENCE frame=5256 interval_ms=0.711500 paused=false
PRESENT CADENCE frame=5257 interval_ms=13.824750 paused=false
PRESENT CADENCE frame=5258 interval_ms=0.733416 paused=false
PRESENT CADENCE frame=5259 interval_ms=10.977167 paused=false
PRESENT CADENCE frame=5260 interval_ms=0.541458 paused=false
PRESENT CADENCE frame=5261 interval_ms=10.450959 paused=false
PRESENT CADENCE frame=5262 interval_ms=0.746500 paused=false
PRESENT CADENCE frame=5263 interval_ms=14.889041 paused=false
PRESENT CADENCE frame=5264 interval_ms=0.399500 paused=false
PRESENT CADENCE frame=5265 interval_ms=10.871834 paused=false
PRESENT CADENCE frame=5266 interval_ms=0.640041 paused=false
PRESENT CADENCE frame=5267 interval_ms=10.040209 paused=false
PRESENT CADENCE frame=5268 interval_ms=0.610833 paused=false
PRESENT CADENCE frame=5269 interval_ms=8.941333 paused=false
PRESENT CADENCE frame=5270 interval_ms=0.319209 paused=false
PRESENT CADENCE frame=5271 interval_ms=10.771083 paused=false
PRESENT CADENCE frame=5272 interval_ms=0.576833 paused=false
PRESENT CADENCE frame=5273 interval_ms=8.800167 paused=false
PRESENT CADENCE frame=5274 interval_ms=0.376917 paused=false
PRESENT CADENCE frame=5275 interval_ms=8.765541 paused=false
PRESENT CADENCE frame=5276 interval_ms=0.621042 paused=false
PRESENT CADENCE frame=5277 interval_ms=11.292792 paused=false
PRESENT CADENCE frame=5278 interval_ms=0.561375 paused=false
PRESENT CADENCE frame=5279 interval_ms=12.077750 paused=false
PRESENT CADENCE frame=5280 interval_ms=0.807791 paused=false
PRESENT CADENCE frame=5281 interval_ms=18.656375 paused=false
PRESENT CADENCE frame=5282 interval_ms=0.756625 paused=false
PRESENT CADENCE frame=5283 interval_ms=16.846792 paused=false
PRESENT CADENCE frame=5284 interval_ms=0.297500 paused=false
PRESENT CADENCE frame=5285 interval_ms=11.293625 paused=false
PRESENT CADENCE frame=5286 interval_ms=0.344458 paused=false
PRESENT CADENCE frame=5287 interval_ms=11.509959 paused=false
PRESENT CADENCE frame=5288 interval_ms=0.319416 paused=false
PRESENT CADENCE frame=5289 interval_ms=18.414834 paused=false
PRESENT CADENCE frame=5290 interval_ms=0.364291 paused=false
PRESENT CADENCE frame=5291 interval_ms=10.284959 paused=false
PRESENT CADENCE frame=5292 interval_ms=0.627875 paused=false
PRESENT CADENCE frame=5293 interval_ms=10.373708 paused=false
PRESENT CADENCE frame=5294 interval_ms=0.658000 paused=false
PRESENT CADENCE frame=5295 interval_ms=10.818708 paused=false
PRESENT CADENCE frame=5296 interval_ms=0.834334 paused=false
PRESENT CADENCE frame=5297 interval_ms=10.173125 paused=false
PRESENT CADENCE frame=5298 interval_ms=0.825208 paused=false
PRESENT CADENCE frame=5299 interval_ms=10.589417 paused=false
PRESENT CADENCE frame=5300 interval_ms=0.612291 paused=false
PRESENT CADENCE frame=5301 interval_ms=10.523667 paused=false
PRESENT CADENCE frame=5302 interval_ms=0.577542 paused=false
PRESENT CADENCE frame=5303 interval_ms=10.440875 paused=false
PRESENT CADENCE frame=5304 interval_ms=0.518083 paused=false
PRESENT CADENCE frame=5305 interval_ms=10.300708 paused=false
PRESENT CADENCE frame=5306 interval_ms=0.562750 paused=false
PRESENT CADENCE frame=5307 interval_ms=14.441292 paused=false
PRESENT CADENCE frame=5308 interval_ms=2.020542 paused=false
PRESENT CADENCE frame=5309 interval_ms=9.137958 paused=false
PRESENT CADENCE frame=5310 interval_ms=0.700500 paused=false
PRESENT CADENCE frame=5311 interval_ms=11.969000 paused=false
PRESENT CADENCE frame=5312 interval_ms=0.740667 paused=false
PRESENT CADENCE frame=5313 interval_ms=9.566458 paused=false
PRESENT CADENCE frame=5314 interval_ms=0.326917 paused=false
PRESENT CADENCE frame=5315 interval_ms=9.830000 paused=false
PRESENT CADENCE frame=5316 interval_ms=0.340000 paused=false
PRESENT CADENCE frame=5317 interval_ms=10.661625 paused=false
PRESENT CADENCE frame=5318 interval_ms=0.653291 paused=false
PRESENT CADENCE frame=5319 interval_ms=10.952042 paused=false
PRESENT CADENCE frame=5320 interval_ms=0.691375 paused=false
PRESENT CADENCE frame=5321 interval_ms=12.001292 paused=false
PRESENT CADENCE frame=5322 interval_ms=0.702416 paused=false
PRESENT CADENCE frame=5323 interval_ms=18.702625 paused=false
PRESENT CADENCE frame=5324 interval_ms=0.694542 paused=false
PRESENT CADENCE frame=5325 interval_ms=10.627833 paused=false
PRESENT CADENCE frame=5326 interval_ms=0.662792 paused=false
PRESENT CADENCE frame=5327 interval_ms=15.639875 paused=false
PRESENT CADENCE frame=5328 interval_ms=0.752208 paused=false
PRESENT CADENCE frame=5329 interval_ms=11.251459 paused=false
PRESENT CADENCE frame=5330 interval_ms=0.718458 paused=false
PRESENT CADENCE frame=5331 interval_ms=10.932500 paused=false
PRESENT CADENCE frame=5332 interval_ms=0.659083 paused=false
PRESENT CADENCE frame=5333 interval_ms=10.209667 paused=false
PRESENT CADENCE frame=5334 interval_ms=0.568792 paused=false
PRESENT CADENCE frame=5335 interval_ms=11.456333 paused=false
PRESENT CADENCE frame=5336 interval_ms=0.739792 paused=false
PRESENT CADENCE frame=5337 interval_ms=14.372916 paused=false
PRESENT CADENCE frame=5338 interval_ms=0.771417 paused=false
PRESENT CADENCE frame=5339 interval_ms=12.521750 paused=false
PRESENT CADENCE frame=5340 interval_ms=0.713625 paused=false
PRESENT CADENCE frame=5341 interval_ms=12.652500 paused=false
PRESENT CADENCE frame=5342 interval_ms=0.802708 paused=false
PRESENT CADENCE frame=5343 interval_ms=11.454250 paused=false
PRESENT CADENCE frame=5344 interval_ms=0.412292 paused=false
PRESENT CADENCE frame=5345 interval_ms=12.381667 paused=false
PRESENT CADENCE frame=5346 interval_ms=0.402750 paused=false
PRESENT CADENCE frame=5347 interval_ms=15.292833 paused=false
PRESENT CADENCE frame=5348 interval_ms=0.505208 paused=false
PRESENT CADENCE frame=5349 interval_ms=14.290250 paused=false
PRESENT CADENCE frame=5350 interval_ms=0.378042 paused=false
PRESENT CADENCE frame=5351 interval_ms=11.928042 paused=false
PRESENT CADENCE frame=5352 interval_ms=0.831583 paused=false
PRESENT CADENCE frame=5353 interval_ms=11.139875 paused=false
PRESENT CADENCE frame=5354 interval_ms=0.424875 paused=false
PRESENT CADENCE frame=5355 interval_ms=11.298292 paused=false
PRESENT CADENCE frame=5356 interval_ms=10.701541 paused=false
PRESENT CADENCE frame=5357 interval_ms=2.011167 paused=false
PRESENT CADENCE frame=5358 interval_ms=0.365667 paused=false
PRESENT CADENCE frame=5359 interval_ms=11.909083 paused=false
PRESENT CADENCE frame=5360 interval_ms=0.292250 paused=false
PRESENT CADENCE frame=5361 interval_ms=11.659875 paused=false
PRESENT CADENCE frame=5362 interval_ms=0.424375 paused=false
PRESENT CADENCE frame=5363 interval_ms=18.387708 paused=false
PRESENT CADENCE frame=5364 interval_ms=0.514709 paused=false
PRESENT CADENCE frame=5365 interval_ms=12.766625 paused=false
PRESENT CADENCE frame=5366 interval_ms=0.464458 paused=false
PRESENT CADENCE frame=5367 interval_ms=13.050667 paused=false
PRESENT CADENCE frame=5368 interval_ms=0.405333 paused=false
PRESENT CADENCE frame=5369 interval_ms=12.439042 paused=false
PRESENT CADENCE frame=5370 interval_ms=0.341416 paused=false
PRESENT CADENCE frame=5371 interval_ms=11.246125 paused=false
PRESENT CADENCE frame=5372 interval_ms=0.449292 paused=false
PRESENT CADENCE frame=5373 interval_ms=17.877667 paused=false
PRESENT CADENCE frame=5374 interval_ms=0.394833 paused=false
PRESENT CADENCE frame=5375 interval_ms=13.603250 paused=false
PRESENT CADENCE frame=5376 interval_ms=0.395125 paused=false
PRESENT CADENCE frame=5377 interval_ms=14.027750 paused=false
PRESENT CADENCE frame=5378 interval_ms=0.815708 paused=false
PRESENT CADENCE frame=5379 interval_ms=13.068209 paused=false
PRESENT CADENCE frame=5380 interval_ms=0.463416 paused=false
PRESENT CADENCE frame=5381 interval_ms=13.580209 paused=false
PRESENT CADENCE frame=5382 interval_ms=0.420750 paused=false
PRESENT CADENCE frame=5383 interval_ms=12.450291 paused=false
PRESENT CADENCE frame=5384 interval_ms=0.409375 paused=false
PRESENT CADENCE frame=5385 interval_ms=16.976584 paused=false
PRESENT CADENCE frame=5386 interval_ms=0.433375 paused=false
PRESENT CADENCE frame=5387 interval_ms=12.421666 paused=false
PRESENT CADENCE frame=5388 interval_ms=0.796334 paused=false
PRESENT CADENCE frame=5389 interval_ms=14.047041 paused=false
PRESENT CADENCE frame=5390 interval_ms=0.900584 paused=false
PRESENT CADENCE frame=5391 interval_ms=12.796375 paused=false
PRESENT CADENCE frame=5392 interval_ms=0.786666 paused=false
PRESENT CADENCE frame=5393 interval_ms=12.135167 paused=false
PRESENT CADENCE frame=5394 interval_ms=0.704167 paused=false
PRESENT CADENCE frame=5395 interval_ms=11.085750 paused=false
PRESENT CADENCE frame=5396 interval_ms=0.454958 paused=false
PRESENT CADENCE frame=5397 interval_ms=19.104375 paused=false
PRESENT CADENCE frame=5398 interval_ms=0.845000 paused=false
PRESENT CADENCE frame=5399 interval_ms=12.467833 paused=false
PRESENT CADENCE frame=5400 interval_ms=0.788375 paused=false
PRESENT CADENCE frame=5401 interval_ms=12.463417 paused=false
PRESENT CADENCE frame=5402 interval_ms=0.844708 paused=false
PRESENT CADENCE frame=5403 interval_ms=15.194042 paused=false
PRESENT CADENCE frame=5404 interval_ms=0.457083 paused=false
PRESENT CADENCE frame=5405 interval_ms=14.390292 paused=false
PRESENT CADENCE frame=5406 interval_ms=0.480583 paused=false
PRESENT CADENCE frame=5407 interval_ms=13.411000 paused=false
FULL MODEL WORKER work_ms=1298.088 physics_ms=588.416 mesh_ms=296.106 partition_ms=18.437 streams_ms=395.129
PRESENT CADENCE frame=5408 interval_ms=51.427167 paused=false
PRESENT CADENCE frame=5409 interval_ms=1.610417 paused=false
PRESENT CADENCE frame=5410 interval_ms=18.407583 paused=false
PRESENT CADENCE frame=5411 interval_ms=0.510042 paused=false
PRESENT CADENCE frame=5412 interval_ms=21.453333 paused=false
PRESENT CADENCE frame=5413 interval_ms=0.797667 paused=false
PRESENT CADENCE frame=5414 interval_ms=11.874291 paused=false
PRESENT CADENCE frame=5415 interval_ms=0.402417 paused=false
PRESENT CADENCE frame=5416 interval_ms=13.351250 paused=false
PRESENT CADENCE frame=5417 interval_ms=0.712083 paused=false
PRESENT CADENCE frame=5418 interval_ms=19.670334 paused=false
PRESENT CADENCE frame=5419 interval_ms=0.831000 paused=false
PRESENT CADENCE frame=5420 interval_ms=12.533291 paused=false
PRESENT CADENCE frame=5421 interval_ms=0.754542 paused=false
PRESENT CADENCE frame=5422 interval_ms=12.028792 paused=false
PRESENT CADENCE frame=5423 interval_ms=0.749875 paused=false
PRESENT CADENCE frame=5424 interval_ms=13.121416 paused=false
PRESENT CADENCE frame=5425 interval_ms=0.847334 paused=false
PRESENT CADENCE frame=5426 interval_ms=11.376583 paused=false
PRESENT CADENCE frame=5427 interval_ms=0.730167 paused=false
PRESENT CADENCE frame=5428 interval_ms=10.982958 paused=false
PRESENT CADENCE frame=5429 interval_ms=0.792125 paused=false
PRESENT CADENCE frame=5430 interval_ms=13.336417 paused=false
PRESENT CADENCE frame=5431 interval_ms=0.790166 paused=false
PRESENT CADENCE frame=5432 interval_ms=13.039334 paused=false
PRESENT CADENCE frame=5433 interval_ms=0.755875 paused=false
PRESENT CADENCE frame=5434 interval_ms=15.318500 paused=false
PRESENT CADENCE frame=5435 interval_ms=0.686291 paused=false
PRESENT CADENCE frame=5436 interval_ms=12.614292 paused=false
PRESENT CADENCE frame=5437 interval_ms=0.802000 paused=false
PRESENT CADENCE frame=5438 interval_ms=14.256917 paused=false
PRESENT CADENCE frame=5439 interval_ms=0.724375 paused=false
PRESENT CADENCE frame=5440 interval_ms=12.288375 paused=false
PRESENT CADENCE frame=5441 interval_ms=0.915958 paused=false
PRESENT CADENCE frame=5442 interval_ms=12.173292 paused=false
PRESENT CADENCE frame=5443 interval_ms=0.812458 paused=false
PRESENT CADENCE frame=5444 interval_ms=14.368375 paused=false
PRESENT CADENCE frame=5445 interval_ms=0.501375 paused=false
PRESENT CADENCE frame=5446 interval_ms=12.603167 paused=false
PRESENT CADENCE frame=5447 interval_ms=0.674166 paused=false
PRESENT CADENCE frame=5448 interval_ms=10.825625 paused=false
PRESENT CADENCE frame=5449 interval_ms=0.364459 paused=false
PRESENT CADENCE frame=5450 interval_ms=16.742083 paused=false
PRESENT CADENCE frame=5451 interval_ms=0.711958 paused=false
PRESENT CADENCE frame=5452 interval_ms=12.163500 paused=false
PRESENT CADENCE frame=5453 interval_ms=0.891167 paused=false
PRESENT CADENCE frame=5454 interval_ms=10.669583 paused=false
PRESENT CADENCE frame=5455 interval_ms=0.721459 paused=false
PRESENT CADENCE frame=5456 interval_ms=11.261625 paused=false
PRESENT CADENCE frame=5457 interval_ms=0.892833 paused=false
PRESENT CADENCE frame=5458 interval_ms=11.014208 paused=false
PRESENT CADENCE frame=5459 interval_ms=0.694542 paused=false
PRESENT CADENCE frame=5460 interval_ms=11.971875 paused=false
PRESENT CADENCE frame=5461 interval_ms=0.620375 paused=false
PRESENT CADENCE frame=5462 interval_ms=11.948750 paused=false
PRESENT CADENCE frame=5463 interval_ms=0.765958 paused=false
PRESENT CADENCE frame=5464 interval_ms=10.480334 paused=false
PRESENT CADENCE frame=5465 interval_ms=0.436333 paused=false
PRESENT CADENCE frame=5466 interval_ms=12.389125 paused=false
PRESENT CADENCE frame=5467 interval_ms=0.696458 paused=false
PRESENT CADENCE frame=5468 interval_ms=11.113959 paused=false
PRESENT CADENCE frame=5469 interval_ms=0.786708 paused=false
PRESENT CADENCE frame=5470 interval_ms=16.693958 paused=false
PRESENT CADENCE frame=5471 interval_ms=0.606834 paused=false
PRESENT CADENCE frame=5472 interval_ms=12.397291 paused=false
PRESENT CADENCE frame=5473 interval_ms=0.890417 paused=false
PRESENT CADENCE frame=5474 interval_ms=12.464375 paused=false
PRESENT CADENCE frame=5475 interval_ms=0.666667 paused=false
PRESENT CADENCE frame=5476 interval_ms=12.347875 paused=false
PRESENT CADENCE frame=5477 interval_ms=0.778500 paused=false
PRESENT CADENCE frame=5478 interval_ms=11.136458 paused=false
PRESENT CADENCE frame=5479 interval_ms=0.354833 paused=false
PRESENT CADENCE frame=5480 interval_ms=13.505042 paused=false
PRESENT CADENCE frame=5481 interval_ms=0.289167 paused=false
PRESENT CADENCE frame=5482 interval_ms=12.572125 paused=false
PRESENT CADENCE frame=5483 interval_ms=1.022083 paused=false
PRESENT CADENCE frame=5484 interval_ms=12.287417 paused=false
PRESENT CADENCE frame=5485 interval_ms=0.544166 paused=false
PRESENT CADENCE frame=5486 interval_ms=12.872834 paused=false
PRESENT CADENCE frame=5487 interval_ms=0.502791 paused=false
PRESENT CADENCE frame=5488 interval_ms=12.963250 paused=false
PRESENT CADENCE frame=5489 interval_ms=0.802209 paused=false
PRESENT CADENCE frame=5490 interval_ms=14.020041 paused=false
PRESENT CADENCE frame=5491 interval_ms=0.746709 paused=false
PRESENT CADENCE frame=5492 interval_ms=20.018208 paused=false
PRESENT CADENCE frame=5493 interval_ms=0.794167 paused=false
PRESENT CADENCE frame=5494 interval_ms=13.591458 paused=false
PRESENT CADENCE frame=5495 interval_ms=0.774542 paused=false
PRESENT CADENCE frame=5496 interval_ms=11.947291 paused=false
PRESENT CADENCE frame=5497 interval_ms=0.741959 paused=false
PRESENT CADENCE frame=5498 interval_ms=11.585041 paused=false
PRESENT CADENCE frame=5499 interval_ms=0.347709 paused=false
PRESENT CADENCE frame=5500 interval_ms=11.080291 paused=false
PRESENT CADENCE frame=5501 interval_ms=0.381625 paused=false
PRESENT CADENCE frame=5502 interval_ms=11.329334 paused=false
PRESENT CADENCE frame=5503 interval_ms=11.621541 paused=false
PRESENT CADENCE frame=5504 interval_ms=0.966209 paused=false
PRESENT CADENCE frame=5505 interval_ms=11.817833 paused=false
PRESENT CADENCE frame=5506 interval_ms=0.478083 paused=false
PRESENT CADENCE frame=5507 interval_ms=12.177667 paused=false
PRESENT CADENCE frame=5508 interval_ms=0.701917 paused=false
PRESENT CADENCE frame=5509 interval_ms=11.783708 paused=false
PRESENT CADENCE frame=5510 interval_ms=0.459375 paused=false
PRESENT CADENCE frame=5511 interval_ms=11.546875 paused=false
PRESENT CADENCE frame=5512 interval_ms=0.420208 paused=false
PRESENT CADENCE frame=5513 interval_ms=12.451375 paused=false
PRESENT CADENCE frame=5514 interval_ms=0.413125 paused=false
PRESENT CADENCE frame=5515 interval_ms=17.901125 paused=false
PRESENT CADENCE frame=5516 interval_ms=0.445834 paused=false
PRESENT CADENCE frame=5517 interval_ms=11.352708 paused=false
PRESENT CADENCE frame=5518 interval_ms=0.405750 paused=false
PRESENT CADENCE frame=5519 interval_ms=10.821917 paused=false
PRESENT CADENCE frame=5520 interval_ms=11.944750 paused=false
PRESENT CADENCE frame=5521 interval_ms=1.115833 paused=false
PRESENT CADENCE frame=5522 interval_ms=0.327792 paused=false
PRESENT CADENCE frame=5523 interval_ms=12.502416 paused=false
PRESENT CADENCE frame=5524 interval_ms=11.755042 paused=false
PRESENT CADENCE frame=5525 interval_ms=1.955333 paused=false
PRESENT CADENCE frame=5526 interval_ms=0.369125 paused=false
PRESENT CADENCE frame=5527 interval_ms=12.031959 paused=false
PRESENT CADENCE frame=5528 interval_ms=0.401875 paused=false
PRESENT CADENCE frame=5529 interval_ms=18.796291 paused=false
PRESENT CADENCE frame=5530 interval_ms=0.885459 paused=false
PRESENT CADENCE frame=5531 interval_ms=11.901916 paused=false
PRESENT CADENCE frame=5532 interval_ms=0.785792 paused=false
PRESENT CADENCE frame=5533 interval_ms=11.660250 paused=false
PRESENT CADENCE frame=5534 interval_ms=0.853000 paused=false
PRESENT CADENCE frame=5535 interval_ms=18.053083 paused=false
PRESENT CADENCE frame=5536 interval_ms=0.491167 paused=false
PRESENT CADENCE frame=5537 interval_ms=11.838292 paused=false
PRESENT CADENCE frame=5538 interval_ms=0.474916 paused=false
PRESENT CADENCE frame=5539 interval_ms=13.955917 paused=false
PRESENT CADENCE frame=5540 interval_ms=0.469625 paused=false
PRESENT CADENCE frame=5541 interval_ms=15.484292 paused=false
PRESENT CADENCE frame=5542 interval_ms=0.499333 paused=false
PRESENT CADENCE frame=5543 interval_ms=13.524583 paused=false
PRESENT CADENCE frame=5544 interval_ms=0.450334 paused=false
PRESENT CADENCE frame=5545 interval_ms=12.171625 paused=false
PRESENT CADENCE frame=5546 interval_ms=0.889541 paused=false
PRESENT CADENCE frame=5547 interval_ms=13.819500 paused=false
PRESENT CADENCE frame=5548 interval_ms=0.864459 paused=false
PRESENT CADENCE frame=5549 interval_ms=12.984083 paused=false
PRESENT CADENCE frame=5550 interval_ms=0.684458 paused=false
PRESENT CADENCE frame=5551 interval_ms=12.163917 paused=false
PRESENT CADENCE frame=5552 interval_ms=0.724625 paused=false
PRESENT CADENCE frame=5553 interval_ms=11.708042 paused=false
PRESENT CADENCE frame=5554 interval_ms=0.530625 paused=false
PRESENT CADENCE frame=5555 interval_ms=12.300500 paused=false
PRESENT CADENCE frame=5556 interval_ms=0.713958 paused=false
PRESENT CADENCE frame=5557 interval_ms=20.313208 paused=false
PRESENT CADENCE frame=5558 interval_ms=0.796709 paused=false
PRESENT CADENCE frame=5559 interval_ms=12.091625 paused=false
PRESENT CADENCE frame=5560 interval_ms=0.506958 paused=false
PRESENT CADENCE frame=5561 interval_ms=17.720792 paused=false
PRESENT CADENCE frame=5562 interval_ms=0.791500 paused=false
PRESENT CADENCE frame=5563 interval_ms=13.392958 paused=false
PRESENT CADENCE frame=5564 interval_ms=0.845000 paused=false
PRESENT CADENCE frame=5565 interval_ms=15.151292 paused=false
PRESENT CADENCE frame=5566 interval_ms=0.887458 paused=false
PRESENT CADENCE frame=5567 interval_ms=12.227208 paused=false
PRESENT CADENCE frame=5568 interval_ms=0.807959 paused=false
PRESENT CADENCE frame=5569 interval_ms=13.097458 paused=false
PRESENT CADENCE frame=5570 interval_ms=0.728042 paused=false
PRESENT CADENCE frame=5571 interval_ms=12.401458 paused=false
PRESENT CADENCE frame=5572 interval_ms=0.655458 paused=false
PRESENT CADENCE frame=5573 interval_ms=12.177542 paused=false
PRESENT CADENCE frame=5574 interval_ms=0.811167 paused=false
PRESENT CADENCE frame=5575 interval_ms=11.981875 paused=false
PRESENT CADENCE frame=5576 interval_ms=0.734333 paused=false
PRESENT CADENCE frame=5577 interval_ms=12.283292 paused=false
PRESENT CADENCE frame=5578 interval_ms=0.696166 paused=false
PRESENT CADENCE frame=5579 interval_ms=12.901334 paused=false
FULL MODEL WORKER work_ms=1239.153 physics_ms=618.409 mesh_ms=285.410 partition_ms=20.807 streams_ms=314.527
PRESENT CADENCE frame=5580 interval_ms=50.143750 paused=false
PRESENT CADENCE frame=5581 interval_ms=1.600458 paused=false
PRESENT CADENCE frame=5582 interval_ms=6.651000 paused=false
PRESENT CADENCE frame=5583 interval_ms=2.247708 paused=false
PRESENT CADENCE frame=5584 interval_ms=12.750375 paused=false
PRESENT CADENCE frame=5585 interval_ms=0.802417 paused=false
PRESENT CADENCE frame=5586 interval_ms=14.298125 paused=false
PRESENT CADENCE frame=5587 interval_ms=0.775542 paused=false
PRESENT CADENCE frame=5588 interval_ms=19.789416 paused=false
PRESENT CADENCE frame=5589 interval_ms=0.750250 paused=false
PRESENT CADENCE frame=5590 interval_ms=15.783042 paused=false
PRESENT CADENCE frame=5591 interval_ms=0.336042 paused=false
PRESENT CADENCE frame=5592 interval_ms=13.210791 paused=false
PRESENT CADENCE frame=5593 interval_ms=0.294417 paused=false
PRESENT CADENCE frame=5594 interval_ms=15.397583 paused=false
PRESENT CADENCE frame=5595 interval_ms=0.386542 paused=false
PRESENT CADENCE frame=5596 interval_ms=10.706167 paused=false
PRESENT CADENCE frame=5597 interval_ms=0.388375 paused=false
PRESENT CADENCE frame=5598 interval_ms=12.894666 paused=false
PRESENT CADENCE frame=5599 interval_ms=0.703250 paused=false
PRESENT CADENCE frame=5600 interval_ms=11.798792 paused=false
PRESENT CADENCE frame=5601 interval_ms=0.331750 paused=false
PRESENT CADENCE frame=5602 interval_ms=11.408708 paused=false
PRESENT CADENCE frame=5603 interval_ms=0.312000 paused=false
PRESENT CADENCE frame=5604 interval_ms=12.962709 paused=false
PRESENT CADENCE frame=5605 interval_ms=0.317458 paused=false
PRESENT CADENCE frame=5606 interval_ms=12.930333 paused=false
PRESENT CADENCE frame=5607 interval_ms=0.321542 paused=false
PRESENT CADENCE frame=5608 interval_ms=15.558417 paused=false
PRESENT CADENCE frame=5609 interval_ms=0.393833 paused=false
PRESENT CADENCE frame=5610 interval_ms=12.573958 paused=false
PRESENT CADENCE frame=5611 interval_ms=0.408167 paused=false
PRESENT CADENCE frame=5612 interval_ms=14.730583 paused=false
PRESENT CADENCE frame=5613 interval_ms=0.344625 paused=false
PRESENT CADENCE frame=5614 interval_ms=11.181125 paused=false
PRESENT CADENCE frame=5615 interval_ms=0.320500 paused=false
PRESENT CADENCE frame=5616 interval_ms=16.318667 paused=false
PRESENT CADENCE frame=5617 interval_ms=0.316375 paused=false
PRESENT CADENCE frame=5618 interval_ms=11.703000 paused=false
PRESENT CADENCE frame=5619 interval_ms=0.304583 paused=false
PRESENT CADENCE frame=5620 interval_ms=11.230500 paused=false
PRESENT CADENCE frame=5621 interval_ms=0.371209 paused=false
PRESENT CADENCE frame=5622 interval_ms=11.146791 paused=false
PRESENT CADENCE frame=5623 interval_ms=0.315417 paused=false
PRESENT CADENCE frame=5624 interval_ms=10.917542 paused=false
PRESENT CADENCE frame=5625 interval_ms=0.457916 paused=false
PRESENT CADENCE frame=5626 interval_ms=14.621292 paused=false
PRESENT CADENCE frame=5627 interval_ms=0.384625 paused=false
PRESENT CADENCE frame=5628 interval_ms=10.984625 paused=false
PRESENT CADENCE frame=5629 interval_ms=0.325042 paused=false
PRESENT CADENCE frame=5630 interval_ms=9.396375 paused=false
PRESENT CADENCE frame=5631 interval_ms=0.365958 paused=false
PRESENT CADENCE frame=5632 interval_ms=11.104625 paused=false
PRESENT CADENCE frame=5633 interval_ms=0.307833 paused=false
PRESENT CADENCE frame=5634 interval_ms=11.894125 paused=false
PRESENT CADENCE frame=5635 interval_ms=0.832250 paused=false
PRESENT CADENCE frame=5636 interval_ms=11.563334 paused=false
PRESENT CADENCE frame=5637 interval_ms=0.675916 paused=false
PRESENT CADENCE frame=5638 interval_ms=15.052875 paused=false
PRESENT CADENCE frame=5639 interval_ms=0.345917 paused=false
PRESENT CADENCE frame=5640 interval_ms=11.330000 paused=false
PRESENT CADENCE frame=5641 interval_ms=0.638042 paused=false
PRESENT CADENCE frame=5642 interval_ms=14.893750 paused=false
PRESENT CADENCE frame=5643 interval_ms=0.399333 paused=false
PRESENT CADENCE frame=5644 interval_ms=11.332125 paused=false
PRESENT CADENCE frame=5645 interval_ms=0.617708 paused=false
PRESENT CADENCE frame=5646 interval_ms=11.397042 paused=false
PRESENT CADENCE frame=5647 interval_ms=0.518458 paused=false
PRESENT CADENCE frame=5648 interval_ms=14.374375 paused=false
PRESENT CADENCE frame=5649 interval_ms=0.375542 paused=false
PRESENT CADENCE frame=5650 interval_ms=10.690875 paused=false
PRESENT CADENCE frame=5651 interval_ms=0.504375 paused=false
PRESENT CADENCE frame=5652 interval_ms=11.489250 paused=false
PRESENT CADENCE frame=5653 interval_ms=0.606000 paused=false
PRESENT CADENCE frame=5654 interval_ms=9.746833 paused=false
PRESENT CADENCE frame=5655 interval_ms=0.469667 paused=false
PRESENT CADENCE frame=5656 interval_ms=11.174292 paused=false
PRESENT CADENCE frame=5657 interval_ms=0.567458 paused=false
PRESENT CADENCE frame=5658 interval_ms=9.586458 paused=false
PRESENT CADENCE frame=5659 interval_ms=0.627292 paused=false
PRESENT CADENCE frame=5660 interval_ms=11.254708 paused=false
PRESENT CADENCE frame=5661 interval_ms=0.572709 paused=false
PRESENT CADENCE frame=5662 interval_ms=14.154791 paused=false
PRESENT CADENCE frame=5663 interval_ms=0.393625 paused=false
PRESENT CADENCE frame=5664 interval_ms=10.334625 paused=false
PRESENT CADENCE frame=5665 interval_ms=0.599084 paused=false
PRESENT CADENCE frame=5666 interval_ms=11.300666 paused=false
PRESENT CADENCE frame=5667 interval_ms=0.550542 paused=false
PRESENT CADENCE frame=5668 interval_ms=9.186167 paused=false
PRESENT CADENCE frame=5669 interval_ms=0.221958 paused=false
PRESENT CADENCE frame=5670 interval_ms=16.107542 paused=false
PRESENT CADENCE frame=5671 interval_ms=0.550541 paused=false
PRESENT CADENCE frame=5672 interval_ms=9.097625 paused=false
PRESENT CADENCE frame=5673 interval_ms=0.297125 paused=false
PRESENT CADENCE frame=5674 interval_ms=12.342542 paused=false
PRESENT CADENCE frame=5675 interval_ms=0.690375 paused=false
PRESENT CADENCE frame=5676 interval_ms=11.176375 paused=false
PRESENT CADENCE frame=5677 interval_ms=0.597583 paused=false
PRESENT CADENCE frame=5678 interval_ms=11.644459 paused=false
PRESENT CADENCE frame=5679 interval_ms=0.684583 paused=false
PRESENT CADENCE frame=5680 interval_ms=18.027125 paused=false
PRESENT CADENCE frame=5681 interval_ms=0.824458 paused=false
PRESENT CADENCE frame=5682 interval_ms=12.204417 paused=false
PRESENT CADENCE frame=5683 interval_ms=0.669083 paused=false
PRESENT CADENCE frame=5684 interval_ms=11.635250 paused=false
PRESENT CADENCE frame=5685 interval_ms=0.654417 paused=false
PRESENT CADENCE frame=5686 interval_ms=10.738417 paused=false
PRESENT CADENCE frame=5687 interval_ms=0.614625 paused=false
PRESENT CADENCE frame=5688 interval_ms=14.792875 paused=false
PRESENT CADENCE frame=5689 interval_ms=0.398875 paused=false
PRESENT CADENCE frame=5690 interval_ms=11.765166 paused=false
PRESENT CADENCE frame=5691 interval_ms=0.638209 paused=false
PRESENT CADENCE frame=5692 interval_ms=10.735666 paused=false
PRESENT CADENCE frame=5693 interval_ms=0.459209 paused=false
PRESENT CADENCE frame=5694 interval_ms=11.640875 paused=false
PRESENT CADENCE frame=5695 interval_ms=0.658125 paused=false
PRESENT CADENCE frame=5696 interval_ms=14.185416 paused=false
PRESENT CADENCE frame=5697 interval_ms=0.424625 paused=false
PRESENT CADENCE frame=5698 interval_ms=12.330084 paused=false
PRESENT CADENCE frame=5699 interval_ms=0.676208 paused=false
PRESENT CADENCE frame=5700 interval_ms=10.226292 paused=false
PRESENT CADENCE frame=5701 interval_ms=0.617500 paused=false
PRESENT CADENCE frame=5702 interval_ms=8.319458 paused=false
PRESENT CADENCE frame=5703 interval_ms=0.442292 paused=false
PRESENT CADENCE frame=5704 interval_ms=16.955750 paused=false
PRESENT CADENCE frame=5705 interval_ms=0.501625 paused=false
PRESENT CADENCE frame=5706 interval_ms=10.256125 paused=false
PRESENT CADENCE frame=5707 interval_ms=0.629000 paused=false
PRESENT CADENCE frame=5708 interval_ms=10.168875 paused=false
PRESENT CADENCE frame=5709 interval_ms=0.862791 paused=false
PRESENT CADENCE frame=5710 interval_ms=9.071250 paused=false
PRESENT CADENCE frame=5711 interval_ms=0.560000 paused=false
PRESENT CADENCE frame=5712 interval_ms=11.250542 paused=false
PRESENT CADENCE frame=5713 interval_ms=0.645500 paused=false
PRESENT CADENCE frame=5714 interval_ms=11.078958 paused=false
PRESENT CADENCE frame=5715 interval_ms=0.348417 paused=false
PRESENT CADENCE frame=5716 interval_ms=9.676292 paused=false
PRESENT CADENCE frame=5717 interval_ms=0.525250 paused=false
PRESENT CADENCE frame=5718 interval_ms=8.677958 paused=false
PRESENT CADENCE frame=5719 interval_ms=0.183875 paused=false
PRESENT CADENCE frame=5720 interval_ms=9.801583 paused=false
PRESENT CADENCE frame=5721 interval_ms=12.802834 paused=false
PRESENT CADENCE frame=5722 interval_ms=0.670416 paused=false
PRESENT CADENCE frame=5723 interval_ms=0.145792 paused=false
PRESENT CADENCE frame=5724 interval_ms=11.687667 paused=false
PRESENT CADENCE frame=5725 interval_ms=0.670250 paused=false
PRESENT CADENCE frame=5726 interval_ms=11.106791 paused=false
PRESENT CADENCE frame=5727 interval_ms=0.681584 paused=false
PRESENT CADENCE frame=5728 interval_ms=11.805125 paused=false
PRESENT CADENCE frame=5729 interval_ms=0.546666 paused=false
PRESENT CADENCE frame=5730 interval_ms=11.129459 paused=false
PRESENT CADENCE frame=5731 interval_ms=0.376541 paused=false
PRESENT CADENCE frame=5732 interval_ms=10.340417 paused=false
PRESENT CADENCE frame=5733 interval_ms=0.586458 paused=false
PRESENT CADENCE frame=5734 interval_ms=11.605709 paused=false
PRESENT CADENCE frame=5735 interval_ms=0.733291 paused=false
PRESENT CADENCE frame=5736 interval_ms=11.017000 paused=false
PRESENT CADENCE frame=5737 interval_ms=0.660000 paused=false
PRESENT CADENCE frame=5738 interval_ms=11.005917 paused=false
PRESENT CADENCE frame=5739 interval_ms=0.754083 paused=false
PRESENT CADENCE frame=5740 interval_ms=9.701250 paused=false
FULL MODEL WORKER work_ms=1054.664 physics_ms=484.152 mesh_ms=256.484 partition_ms=21.838 streams_ms=292.189
PRESENT CADENCE frame=5741 interval_ms=48.104250 paused=false
PRESENT CADENCE frame=5742 interval_ms=2.179875 paused=false
PRESENT CADENCE frame=5743 interval_ms=11.802750 paused=false
PRESENT CADENCE frame=5744 interval_ms=2.296459 paused=false
PRESENT CADENCE frame=5745 interval_ms=10.792583 paused=false
PRESENT CADENCE frame=5746 interval_ms=0.621917 paused=false
PRESENT CADENCE frame=5747 interval_ms=17.693958 paused=false
PRESENT CADENCE frame=5748 interval_ms=0.455000 paused=false
PRESENT CADENCE frame=5749 interval_ms=12.987875 paused=false
PRESENT CADENCE frame=5750 interval_ms=0.758458 paused=false
PRESENT CADENCE frame=5751 interval_ms=12.393250 paused=false
PRESENT CADENCE frame=5752 interval_ms=0.733917 paused=false
PRESENT CADENCE frame=5753 interval_ms=18.004292 paused=false
PRESENT CADENCE frame=5754 interval_ms=0.739000 paused=false
PRESENT CADENCE frame=5755 interval_ms=12.131875 paused=false
PRESENT CADENCE frame=5756 interval_ms=0.547833 paused=false
PRESENT CADENCE frame=5757 interval_ms=11.936833 paused=false
PRESENT CADENCE frame=5758 interval_ms=0.547167 paused=false
PRESENT CADENCE frame=5759 interval_ms=11.789083 paused=false
PRESENT CADENCE frame=5760 interval_ms=0.685834 paused=false
PRESENT CADENCE frame=5761 interval_ms=10.779541 paused=false
PRESENT CADENCE frame=5762 interval_ms=0.506959 paused=false
PRESENT CADENCE frame=5763 interval_ms=11.440458 paused=false
PRESENT CADENCE frame=5764 interval_ms=0.628375 paused=false
PRESENT CADENCE frame=5765 interval_ms=11.308875 paused=false
PRESENT CADENCE frame=5766 interval_ms=1.074917 paused=false
PRESENT CADENCE frame=5767 interval_ms=10.166333 paused=false
PRESENT CADENCE frame=5768 interval_ms=0.424042 paused=false
PRESENT CADENCE frame=5769 interval_ms=8.927625 paused=false
PRESENT CADENCE frame=5770 interval_ms=11.484958 paused=false
PRESENT CADENCE frame=5771 interval_ms=0.423125 paused=false
PRESENT CADENCE frame=5772 interval_ms=12.429542 paused=false
PRESENT CADENCE frame=5773 interval_ms=0.485833 paused=false
PRESENT CADENCE frame=5774 interval_ms=14.147333 paused=false
PRESENT CADENCE frame=5775 interval_ms=0.795667 paused=false
PRESENT CADENCE frame=5776 interval_ms=13.387875 paused=false
PRESENT CADENCE frame=5777 interval_ms=0.310833 paused=false
PRESENT CADENCE frame=5778 interval_ms=12.340209 paused=false
PRESENT CADENCE frame=5779 interval_ms=0.315000 paused=false
PRESENT CADENCE frame=5780 interval_ms=12.986500 paused=false
PRESENT CADENCE frame=5781 interval_ms=0.295250 paused=false
PRESENT CADENCE frame=5782 interval_ms=12.671791 paused=false
PRESENT CADENCE frame=5783 interval_ms=0.257917 paused=false
PRESENT CADENCE frame=5784 interval_ms=11.721208 paused=false
PRESENT CADENCE frame=5785 interval_ms=0.271959 paused=false
PRESENT CADENCE frame=5786 interval_ms=12.149833 paused=false
PRESENT CADENCE frame=5787 interval_ms=0.400417 paused=false
PRESENT CADENCE frame=5788 interval_ms=11.883208 paused=false
PRESENT CADENCE frame=5789 interval_ms=0.279375 paused=false
PRESENT CADENCE frame=5790 interval_ms=11.789250 paused=false
PRESENT CADENCE frame=5791 interval_ms=0.265000 paused=false
PRESENT CADENCE frame=5792 interval_ms=15.099417 paused=false
PRESENT CADENCE frame=5793 interval_ms=0.212958 paused=false
PRESENT CADENCE frame=5794 interval_ms=12.912083 paused=false
PRESENT CADENCE frame=5795 interval_ms=0.331042 paused=false
PRESENT CADENCE frame=5796 interval_ms=19.535792 paused=false
PRESENT CADENCE frame=5797 interval_ms=0.889333 paused=false
PRESENT CADENCE frame=5798 interval_ms=14.051500 paused=false
PRESENT CADENCE frame=5799 interval_ms=0.427167 paused=false
PRESENT CADENCE frame=5800 interval_ms=14.122750 paused=false
PRESENT CADENCE frame=5801 interval_ms=0.292916 paused=false
PRESENT CADENCE frame=5802 interval_ms=13.128667 paused=false
PRESENT CADENCE frame=5803 interval_ms=0.779000 paused=false
PRESENT CADENCE frame=5804 interval_ms=13.425708 paused=false
PRESENT CADENCE frame=5805 interval_ms=0.785459 paused=false
PRESENT CADENCE frame=5806 interval_ms=12.392708 paused=false
PRESENT CADENCE frame=5807 interval_ms=0.871000 paused=false
PRESENT CADENCE frame=5808 interval_ms=12.991500 paused=false
PRESENT CADENCE frame=5809 interval_ms=0.491750 paused=false
PRESENT CADENCE frame=5810 interval_ms=16.537125 paused=false
PRESENT CADENCE frame=5811 interval_ms=0.725250 paused=false
PRESENT CADENCE frame=5812 interval_ms=12.875958 paused=false
PRESENT CADENCE frame=5813 interval_ms=0.500375 paused=false
PRESENT CADENCE frame=5814 interval_ms=11.743709 paused=false
PRESENT CADENCE frame=5815 interval_ms=0.351541 paused=false
PRESENT CADENCE frame=5816 interval_ms=12.302959 paused=false
PRESENT CADENCE frame=5817 interval_ms=0.465125 paused=false
PRESENT CADENCE frame=5818 interval_ms=18.014375 paused=false
PRESENT CADENCE frame=5819 interval_ms=1.048416 paused=false
PRESENT CADENCE frame=5820 interval_ms=12.436334 paused=false
PRESENT CADENCE frame=5821 interval_ms=0.830083 paused=false
PRESENT CADENCE frame=5822 interval_ms=11.940167 paused=false
PRESENT CADENCE frame=5823 interval_ms=0.645083 paused=false
PRESENT CADENCE frame=5824 interval_ms=11.954667 paused=false
PRESENT CADENCE frame=5825 interval_ms=0.460208 paused=false
PRESENT CADENCE frame=5826 interval_ms=12.835875 paused=false
PRESENT CADENCE frame=5827 interval_ms=0.788958 paused=false
PRESENT CADENCE frame=5828 interval_ms=12.229334 paused=false
PRESENT CADENCE frame=5829 interval_ms=0.784958 paused=false
PRESENT CADENCE frame=5830 interval_ms=12.439667 paused=false
PRESENT CADENCE frame=5831 interval_ms=0.431291 paused=false
PRESENT CADENCE frame=5832 interval_ms=18.595750 paused=false
PRESENT CADENCE frame=5833 interval_ms=0.885917 paused=false
PRESENT CADENCE frame=5834 interval_ms=17.575333 paused=false
PRESENT CADENCE frame=5835 interval_ms=0.429084 paused=false
PRESENT CADENCE frame=5836 interval_ms=12.847041 paused=false
PRESENT CADENCE frame=5837 interval_ms=0.778584 paused=false
PRESENT CADENCE frame=5838 interval_ms=16.743333 paused=false
PRESENT CADENCE frame=5839 interval_ms=0.457625 paused=false
PRESENT CADENCE frame=5840 interval_ms=12.489792 paused=false
PRESENT CADENCE frame=5841 interval_ms=0.780500 paused=false
PRESENT CADENCE frame=5842 interval_ms=15.461750 paused=false
PRESENT CADENCE frame=5843 interval_ms=0.418375 paused=false
PRESENT CADENCE frame=5844 interval_ms=12.283291 paused=false
PRESENT CADENCE frame=5845 interval_ms=0.781209 paused=false
PRESENT CADENCE frame=5846 interval_ms=14.478000 paused=false
PRESENT CADENCE frame=5847 interval_ms=0.778041 paused=false
PRESENT CADENCE frame=5848 interval_ms=12.752959 paused=false
PRESENT CADENCE frame=5849 interval_ms=0.747791 paused=false
PRESENT CADENCE frame=5850 interval_ms=14.653042 paused=false
PRESENT CADENCE frame=5851 interval_ms=0.524000 paused=false
PRESENT CADENCE frame=5852 interval_ms=13.756833 paused=false
PRESENT CADENCE frame=5853 interval_ms=0.880000 paused=false
PRESENT CADENCE frame=5854 interval_ms=15.173584 paused=false
PRESENT CADENCE frame=5855 interval_ms=0.771458 paused=false
PRESENT CADENCE frame=5856 interval_ms=13.514833 paused=false
PRESENT CADENCE frame=5857 interval_ms=0.779417 paused=false
PRESENT CADENCE frame=5858 interval_ms=13.736708 paused=false
PRESENT CADENCE frame=5859 interval_ms=0.744875 paused=false
PRESENT CADENCE frame=5860 interval_ms=19.185709 paused=false
PRESENT CADENCE frame=5861 interval_ms=0.775291 paused=false
PRESENT CADENCE frame=5862 interval_ms=12.430459 paused=false
PRESENT CADENCE frame=5863 interval_ms=0.323375 paused=false
PRESENT CADENCE frame=5864 interval_ms=12.695666 paused=false
PRESENT CADENCE frame=5865 interval_ms=0.329375 paused=false
PRESENT CADENCE frame=5866 interval_ms=12.925000 paused=false
PRESENT CADENCE frame=5867 interval_ms=0.323250 paused=false
PRESENT CADENCE frame=5868 interval_ms=12.358709 paused=false
PRESENT CADENCE frame=5869 interval_ms=0.318791 paused=false
PRESENT CADENCE frame=5870 interval_ms=12.689959 paused=false
PRESENT CADENCE frame=5871 interval_ms=0.324583 paused=false
PRESENT CADENCE frame=5872 interval_ms=11.374875 paused=false
PRESENT CADENCE frame=5873 interval_ms=0.438792 paused=false
PRESENT CADENCE frame=5874 interval_ms=14.037125 paused=false
PRESENT CADENCE frame=5875 interval_ms=0.368833 paused=false
PRESENT CADENCE frame=5876 interval_ms=13.207792 paused=false
PRESENT CADENCE frame=5877 interval_ms=0.464000 paused=false
PRESENT CADENCE frame=5878 interval_ms=12.567541 paused=false
PRESENT CADENCE frame=5879 interval_ms=0.374209 paused=false
PRESENT CADENCE frame=5880 interval_ms=16.029875 paused=false
PRESENT CADENCE frame=5881 interval_ms=0.499791 paused=false
PRESENT CADENCE frame=5882 interval_ms=13.713334 paused=false
PRESENT CADENCE frame=5883 interval_ms=0.392875 paused=false
PRESENT CADENCE frame=5884 interval_ms=14.942083 paused=false
PRESENT CADENCE frame=5885 interval_ms=0.440542 paused=false
PRESENT CADENCE frame=5886 interval_ms=13.285000 paused=false
PRESENT CADENCE frame=5887 interval_ms=0.439875 paused=false
PRESENT CADENCE frame=5888 interval_ms=13.033416 paused=false
PRESENT CADENCE frame=5889 interval_ms=0.389250 paused=false
PRESENT CADENCE frame=5890 interval_ms=13.073459 paused=false
PRESENT CADENCE frame=5891 interval_ms=0.382000 paused=false
PRESENT CADENCE frame=5892 interval_ms=12.697083 paused=false
PRESENT CADENCE frame=5893 interval_ms=0.409333 paused=false
PRESENT CADENCE frame=5894 interval_ms=13.355875 paused=false
PRESENT CADENCE frame=5895 interval_ms=0.455792 paused=false
PRESENT CADENCE frame=5896 interval_ms=16.051000 paused=false
PRESENT CADENCE frame=5897 interval_ms=0.411333 paused=false
PRESENT CADENCE frame=5898 interval_ms=13.267500 paused=false
FULL MODEL WORKER work_ms=1153.579 physics_ms=541.465 mesh_ms=303.012 partition_ms=25.053 streams_ms=284.048
PRESENT CADENCE frame=5899 interval_ms=51.594167 paused=false
PRESENT CADENCE frame=5900 interval_ms=2.051875 paused=false
PRESENT CADENCE frame=5901 interval_ms=6.024208 paused=false
PRESENT CADENCE frame=5902 interval_ms=0.338667 paused=false
PRESENT CADENCE frame=5903 interval_ms=13.121167 paused=false
PRESENT CADENCE frame=5904 interval_ms=2.206541 paused=false
PRESENT CADENCE frame=5905 interval_ms=10.959875 paused=false
PRESENT CADENCE frame=5906 interval_ms=1.290875 paused=false
PRESENT CADENCE frame=5907 interval_ms=11.779500 paused=false
PRESENT CADENCE frame=5908 interval_ms=0.660792 paused=false
PRESENT CADENCE frame=5909 interval_ms=12.005458 paused=false
PRESENT CADENCE frame=5910 interval_ms=0.791834 paused=false
PRESENT CADENCE frame=5911 interval_ms=15.981166 paused=false
PRESENT CADENCE frame=5912 interval_ms=0.427209 paused=false
PRESENT CADENCE frame=5913 interval_ms=12.248250 paused=false
PRESENT CADENCE frame=5914 interval_ms=0.690583 paused=false
PRESENT CADENCE frame=5915 interval_ms=12.319625 paused=false
PRESENT CADENCE frame=5916 interval_ms=0.680375 paused=false
PRESENT CADENCE frame=5917 interval_ms=12.554750 paused=false
PRESENT CADENCE frame=5918 interval_ms=0.611875 paused=false
PRESENT CADENCE frame=5919 interval_ms=12.416708 paused=false
PRESENT CADENCE frame=5920 interval_ms=0.725584 paused=false
PRESENT CADENCE frame=5921 interval_ms=11.809833 paused=false
PRESENT CADENCE frame=5922 interval_ms=0.644708 paused=false
PRESENT CADENCE frame=5923 interval_ms=12.069625 paused=false
PRESENT CADENCE frame=5924 interval_ms=0.629959 paused=false
PRESENT CADENCE frame=5925 interval_ms=12.383666 paused=false
PRESENT CADENCE frame=5926 interval_ms=0.619292 paused=false
PRESENT CADENCE frame=5927 interval_ms=15.793833 paused=false
PRESENT CADENCE frame=5928 interval_ms=0.387084 paused=false
PRESENT CADENCE frame=5929 interval_ms=12.590333 paused=false
PRESENT CADENCE frame=5930 interval_ms=0.685583 paused=false
PRESENT CADENCE frame=5931 interval_ms=12.975375 paused=false
PRESENT CADENCE frame=5932 interval_ms=0.490875 paused=false
PRESENT CADENCE frame=5933 interval_ms=12.690334 paused=false
PRESENT CADENCE frame=5934 interval_ms=0.414333 paused=false
PRESENT CADENCE frame=5935 interval_ms=15.423958 paused=false
PRESENT CADENCE frame=5936 interval_ms=0.426459 paused=false
PRESENT CADENCE frame=5937 interval_ms=12.395541 paused=false
PRESENT CADENCE frame=5938 interval_ms=0.413792 paused=false
PRESENT CADENCE frame=5939 interval_ms=12.378958 paused=false
PRESENT CADENCE frame=5940 interval_ms=0.314292 paused=false
PRESENT CADENCE frame=5941 interval_ms=11.818667 paused=false
PRESENT CADENCE frame=5942 interval_ms=0.330083 paused=false
PRESENT CADENCE frame=5943 interval_ms=12.713125 paused=false
PRESENT CADENCE frame=5944 interval_ms=0.396250 paused=false
PRESENT CADENCE frame=5945 interval_ms=12.540833 paused=false
PRESENT CADENCE frame=5946 interval_ms=0.343792 paused=false
PRESENT CADENCE frame=5947 interval_ms=12.619292 paused=false
PRESENT CADENCE frame=5948 interval_ms=0.370708 paused=false
PRESENT CADENCE frame=5949 interval_ms=11.472625 paused=false
PRESENT CADENCE frame=5950 interval_ms=0.330667 paused=false
PRESENT CADENCE frame=5951 interval_ms=10.270541 paused=false
PRESENT CADENCE frame=5952 interval_ms=0.352042 paused=false
PRESENT CADENCE frame=5953 interval_ms=9.494083 paused=false
PRESENT CADENCE frame=5954 interval_ms=0.374542 paused=false
PRESENT CADENCE frame=5955 interval_ms=13.122250 paused=false
PRESENT CADENCE frame=5956 interval_ms=0.366833 paused=false
PRESENT CADENCE frame=5957 interval_ms=11.838834 paused=false
PRESENT CADENCE frame=5958 interval_ms=0.378458 paused=false
PRESENT CADENCE frame=5959 interval_ms=12.864542 paused=false
PRESENT CADENCE frame=5960 interval_ms=0.356708 paused=false
PRESENT CADENCE frame=5961 interval_ms=11.790542 paused=false
PRESENT CADENCE frame=5962 interval_ms=0.303958 paused=false
PRESENT CADENCE frame=5963 interval_ms=11.549000 paused=false
PRESENT CADENCE frame=5964 interval_ms=0.327208 paused=false
PRESENT CADENCE frame=5965 interval_ms=11.935750 paused=false
PRESENT CADENCE frame=5966 interval_ms=0.402084 paused=false
PRESENT CADENCE frame=5967 interval_ms=15.148375 paused=false
PRESENT CADENCE frame=5968 interval_ms=0.342500 paused=false
PRESENT CADENCE frame=5969 interval_ms=11.657250 paused=false
PRESENT CADENCE frame=5970 interval_ms=0.375083 paused=false
PRESENT CADENCE frame=5971 interval_ms=11.800750 paused=false
PRESENT CADENCE frame=5972 interval_ms=0.491750 paused=false
PRESENT CADENCE frame=5973 interval_ms=12.640792 paused=false
PRESENT CADENCE frame=5974 interval_ms=0.756041 paused=false
PRESENT CADENCE frame=5975 interval_ms=12.343959 paused=false
PRESENT CADENCE frame=5976 interval_ms=0.781333 paused=false
PRESENT CADENCE frame=5977 interval_ms=10.722625 paused=false
PRESENT CADENCE frame=5978 interval_ms=0.423083 paused=false
PRESENT CADENCE frame=5979 interval_ms=13.195875 paused=false
PRESENT CADENCE frame=5980 interval_ms=1.063667 paused=false
PRESENT CADENCE frame=5981 interval_ms=12.594208 paused=false
PRESENT CADENCE frame=5982 interval_ms=0.520459 paused=false
PRESENT CADENCE frame=5983 interval_ms=12.649791 paused=false
PRESENT CADENCE frame=5984 interval_ms=0.409917 paused=false
PRESENT CADENCE frame=5985 interval_ms=13.833667 paused=false
PRESENT CADENCE frame=5986 interval_ms=0.523333 paused=false
PRESENT CADENCE frame=5987 interval_ms=15.448042 paused=false
PRESENT CADENCE frame=5988 interval_ms=0.373291 paused=false
PRESENT CADENCE frame=5989 interval_ms=13.145959 paused=false
PRESENT CADENCE frame=5990 interval_ms=0.390041 paused=false
PRESENT CADENCE frame=5991 interval_ms=12.523584 paused=false
PRESENT CADENCE frame=5992 interval_ms=0.342208 paused=false
PRESENT CADENCE frame=5993 interval_ms=15.441167 paused=false
PRESENT CADENCE frame=5994 interval_ms=28.412000 paused=false
PRESENT CADENCE frame=5995 interval_ms=0.550375 paused=false
PRESENT CADENCE frame=5996 interval_ms=2.779625 paused=false
PRESENT CADENCE frame=5997 interval_ms=0.361875 paused=false
PRESENT CADENCE frame=5998 interval_ms=14.044791 paused=false
PRESENT CADENCE frame=5999 interval_ms=0.397959 paused=false
PRESENT CADENCE frame=6000 interval_ms=13.413541 paused=false
PRESENT CADENCE frame=6001 interval_ms=0.433334 paused=false
PRESENT CADENCE frame=6002 interval_ms=13.518166 paused=false
PRESENT CADENCE frame=6003 interval_ms=0.507625 paused=false
PRESENT CADENCE frame=6004 interval_ms=20.768375 paused=false
PRESENT CADENCE frame=6005 interval_ms=0.467709 paused=false
PRESENT CADENCE frame=6006 interval_ms=14.192000 paused=false
PRESENT CADENCE frame=6007 interval_ms=0.437291 paused=false
PRESENT CADENCE frame=6008 interval_ms=13.485167 paused=false
PRESENT CADENCE frame=6009 interval_ms=0.443042 paused=false
PRESENT CADENCE frame=6010 interval_ms=12.943750 paused=false
PRESENT CADENCE frame=6011 interval_ms=0.403250 paused=false
PRESENT CADENCE frame=6012 interval_ms=12.574291 paused=false
PRESENT CADENCE frame=6013 interval_ms=0.442334 paused=false
PRESENT CADENCE frame=6014 interval_ms=12.657125 paused=false
PRESENT CADENCE frame=6015 interval_ms=0.950833 paused=false
PRESENT CADENCE frame=6016 interval_ms=12.002167 paused=false
PRESENT CADENCE frame=6017 interval_ms=0.725416 paused=false
PRESENT CADENCE frame=6018 interval_ms=16.125167 paused=false
PRESENT CADENCE frame=6019 interval_ms=0.499750 paused=false
PRESENT CADENCE frame=6020 interval_ms=13.368042 paused=false
PRESENT CADENCE frame=6021 interval_ms=0.661458 paused=false
PRESENT CADENCE frame=6022 interval_ms=12.022208 paused=false
PRESENT CADENCE frame=6023 interval_ms=0.620209 paused=false
PRESENT CADENCE frame=6024 interval_ms=12.758958 paused=false
PRESENT CADENCE frame=6025 interval_ms=0.634042 paused=false
PRESENT CADENCE frame=6026 interval_ms=11.780333 paused=false
PRESENT CADENCE frame=6027 interval_ms=0.681000 paused=false
PRESENT CADENCE frame=6028 interval_ms=12.119167 paused=false
PRESENT CADENCE frame=6029 interval_ms=0.668166 paused=false
PRESENT CADENCE frame=6030 interval_ms=11.034542 paused=false
PRESENT CADENCE frame=6031 interval_ms=0.439667 paused=false
PRESENT CADENCE frame=6032 interval_ms=13.673375 paused=false
PRESENT CADENCE frame=6033 interval_ms=0.726000 paused=false
PRESENT CADENCE frame=6034 interval_ms=12.443458 paused=false
PRESENT CADENCE frame=6035 interval_ms=0.705833 paused=false
PRESENT CADENCE frame=6036 interval_ms=11.590334 paused=false
PRESENT CADENCE frame=6037 interval_ms=0.644791 paused=false
PRESENT CADENCE frame=6038 interval_ms=12.115500 paused=false
PRESENT CADENCE frame=6039 interval_ms=0.713500 paused=false
PRESENT CADENCE frame=6040 interval_ms=12.646750 paused=false
PRESENT CADENCE frame=6041 interval_ms=0.781584 paused=false
PRESENT CADENCE frame=6042 interval_ms=11.162875 paused=false
PRESENT CADENCE frame=6043 interval_ms=0.668625 paused=false
PRESENT CADENCE frame=6044 interval_ms=11.538291 paused=false
PRESENT CADENCE frame=6045 interval_ms=0.716042 paused=false
PRESENT CADENCE frame=6046 interval_ms=14.285292 paused=false
PRESENT CADENCE frame=6047 interval_ms=0.390625 paused=false
PRESENT CADENCE frame=6048 interval_ms=11.684666 paused=false
PRESENT CADENCE frame=6049 interval_ms=0.679875 paused=false
PRESENT CADENCE frame=6050 interval_ms=11.753000 paused=false
PRESENT CADENCE frame=6051 interval_ms=0.919667 paused=false
PRESENT CADENCE frame=6052 interval_ms=11.353292 paused=false
PRESENT CADENCE frame=6053 interval_ms=0.330458 paused=false
PRESENT CADENCE frame=6054 interval_ms=12.552167 paused=false
PRESENT CADENCE frame=6055 interval_ms=0.693000 paused=false
PRESENT CADENCE frame=6056 interval_ms=13.248458 paused=false
PRESENT CADENCE frame=6057 interval_ms=0.668292 paused=false
PRESENT CADENCE frame=6058 interval_ms=10.554166 paused=false
PRESENT CADENCE frame=6059 interval_ms=0.522834 paused=false
PRESENT CADENCE frame=6060 interval_ms=12.500083 paused=false
PRESENT CADENCE frame=6061 interval_ms=0.741792 paused=false
PRESENT CADENCE frame=6062 interval_ms=11.938958 paused=false
PRESENT CADENCE frame=6063 interval_ms=0.795583 paused=false
PRESENT CADENCE frame=6064 interval_ms=10.135500 paused=false
PRESENT CADENCE frame=6065 interval_ms=0.808917 paused=false
PRESENT CADENCE frame=6066 interval_ms=11.269958 paused=false
PRESENT CADENCE frame=6067 interval_ms=0.751667 paused=false
PRESENT CADENCE frame=6068 interval_ms=11.699042 paused=false
PRESENT CADENCE frame=6069 interval_ms=0.875291 paused=false
PRESENT CADENCE frame=6070 interval_ms=9.566250 paused=false
PRESENT CADENCE frame=6071 interval_ms=0.680334 paused=false
PRESENT CADENCE frame=6072 interval_ms=11.849458 paused=false
FULL MODEL WORKER work_ms=1202.519 physics_ms=514.773 mesh_ms=292.088 partition_ms=17.881 streams_ms=377.777
PRESENT CADENCE frame=6073 interval_ms=50.485417 paused=false
PRESENT CADENCE frame=6074 interval_ms=1.757000 paused=false
PRESENT CADENCE frame=6075 interval_ms=12.443666 paused=false
PRESENT CADENCE frame=6076 interval_ms=2.106667 paused=false
PRESENT CADENCE frame=6077 interval_ms=7.472417 paused=false
PRESENT CADENCE frame=6078 interval_ms=0.321625 paused=false
PRESENT CADENCE frame=6079 interval_ms=18.832333 paused=false
PRESENT CADENCE frame=6080 interval_ms=0.758792 paused=false
PRESENT CADENCE frame=6081 interval_ms=18.046666 paused=false
PRESENT CADENCE frame=6082 interval_ms=0.643042 paused=false
PRESENT CADENCE frame=6083 interval_ms=8.475875 paused=false
PRESENT CADENCE frame=6084 interval_ms=0.263625 paused=false
PRESENT CADENCE frame=6085 interval_ms=11.495167 paused=false
PRESENT CADENCE frame=6086 interval_ms=0.735541 paused=false
PRESENT CADENCE frame=6087 interval_ms=14.692750 paused=false
PRESENT CADENCE frame=6088 interval_ms=0.711750 paused=false
PRESENT CADENCE frame=6089 interval_ms=12.766709 paused=false
PRESENT CADENCE frame=6090 interval_ms=0.727041 paused=false
PRESENT CADENCE frame=6091 interval_ms=14.800042 paused=false
PRESENT CADENCE frame=6092 interval_ms=0.426625 paused=false
PRESENT CADENCE frame=6093 interval_ms=18.958583 paused=false
PRESENT CADENCE frame=6094 interval_ms=0.835084 paused=false
PRESENT CADENCE frame=6095 interval_ms=18.279875 paused=false
PRESENT CADENCE frame=6096 interval_ms=1.028125 paused=false
PRESENT CADENCE frame=6097 interval_ms=11.482958 paused=false
PRESENT CADENCE frame=6098 interval_ms=0.647333 paused=false
PRESENT CADENCE frame=6099 interval_ms=13.132334 paused=false
PRESENT CADENCE frame=6100 interval_ms=0.725125 paused=false
PRESENT CADENCE frame=6101 interval_ms=10.012375 paused=false
PRESENT CADENCE frame=6102 interval_ms=0.555916 paused=false
PRESENT CADENCE frame=6103 interval_ms=11.418709 paused=false
PRESENT CADENCE frame=6104 interval_ms=0.723916 paused=false
PRESENT CADENCE frame=6105 interval_ms=10.699709 paused=false
PRESENT CADENCE frame=6106 interval_ms=0.752375 paused=false
PRESENT CADENCE frame=6107 interval_ms=15.133750 paused=false
PRESENT CADENCE frame=6108 interval_ms=0.801416 paused=false
PRESENT CADENCE frame=6109 interval_ms=11.001250 paused=false
PRESENT CADENCE frame=6110 interval_ms=0.679084 paused=false
PRESENT CADENCE frame=6111 interval_ms=11.804416 paused=false
PRESENT CADENCE frame=6112 interval_ms=0.624875 paused=false
PRESENT CADENCE frame=6113 interval_ms=18.011334 paused=false
PRESENT CADENCE frame=6114 interval_ms=0.641125 paused=false
PRESENT CADENCE frame=6115 interval_ms=11.736500 paused=false
PRESENT CADENCE frame=6116 interval_ms=0.752666 paused=false
PRESENT CADENCE frame=6117 interval_ms=11.262625 paused=false
PRESENT CADENCE frame=6118 interval_ms=0.728917 paused=false
PRESENT CADENCE frame=6119 interval_ms=17.543250 paused=false
PRESENT CADENCE frame=6120 interval_ms=0.581458 paused=false
PRESENT CADENCE frame=6121 interval_ms=17.905792 paused=false
PRESENT CADENCE frame=6122 interval_ms=0.669375 paused=false
PRESENT CADENCE frame=6123 interval_ms=15.894375 paused=false
PRESENT CADENCE frame=6124 interval_ms=0.907833 paused=false
PRESENT CADENCE frame=6125 interval_ms=11.579292 paused=false
PRESENT CADENCE frame=6126 interval_ms=0.608000 paused=false
PRESENT CADENCE frame=6127 interval_ms=14.200000 paused=false
PRESENT CADENCE frame=6128 interval_ms=0.341583 paused=false
PRESENT CADENCE frame=6129 interval_ms=12.601959 paused=false
PRESENT CADENCE frame=6130 interval_ms=0.738583 paused=false
PRESENT CADENCE frame=6131 interval_ms=13.367708 paused=false
PRESENT CADENCE frame=6132 interval_ms=0.728084 paused=false
PRESENT CADENCE frame=6133 interval_ms=11.227250 paused=false
PRESENT CADENCE frame=6134 interval_ms=0.635500 paused=false
PRESENT CADENCE frame=6135 interval_ms=16.507208 paused=false
PRESENT CADENCE frame=6136 interval_ms=0.702833 paused=false
PRESENT CADENCE frame=6137 interval_ms=15.658792 paused=false
PRESENT CADENCE frame=6138 interval_ms=0.669000 paused=false
PRESENT CADENCE frame=6139 interval_ms=16.203458 paused=false
PRESENT CADENCE frame=6140 interval_ms=0.597875 paused=false
PRESENT CADENCE frame=6141 interval_ms=16.355334 paused=false
PRESENT CADENCE frame=6142 interval_ms=0.741583 paused=false
PRESENT CADENCE frame=6143 interval_ms=15.876917 paused=false
PRESENT CADENCE frame=6144 interval_ms=0.839541 paused=false
PRESENT CADENCE frame=6145 interval_ms=15.453917 paused=false
PRESENT CADENCE frame=6146 interval_ms=0.572500 paused=false
PRESENT CADENCE frame=6147 interval_ms=16.137667 paused=false
PRESENT CADENCE frame=6148 interval_ms=0.718875 paused=false
PRESENT CADENCE frame=6149 interval_ms=15.887375 paused=false
PRESENT CADENCE frame=6150 interval_ms=0.614500 paused=false
PRESENT CADENCE frame=6151 interval_ms=16.191416 paused=false
PRESENT CADENCE frame=6152 interval_ms=0.729042 paused=false
PRESENT CADENCE frame=6153 interval_ms=15.887500 paused=false
PRESENT CADENCE frame=6154 interval_ms=0.740708 paused=false
PRESENT CADENCE frame=6155 interval_ms=15.867375 paused=false
PRESENT CADENCE frame=6156 interval_ms=0.568334 paused=false
PRESENT CADENCE frame=6157 interval_ms=16.159541 paused=false
PRESENT CADENCE frame=6158 interval_ms=0.350709 paused=false
PRESENT CADENCE frame=6159 interval_ms=16.308875 paused=false
PRESENT CADENCE frame=6160 interval_ms=0.581375 paused=false
PRESENT CADENCE frame=6161 interval_ms=16.075083 paused=false
PRESENT CADENCE frame=6162 interval_ms=0.706333 paused=false
PRESENT CADENCE frame=6163 interval_ms=16.116334 paused=false
PRESENT CADENCE frame=6164 interval_ms=0.723375 paused=false
PRESENT CADENCE frame=6165 interval_ms=15.719000 paused=false
PRESENT CADENCE frame=6166 interval_ms=0.699125 paused=false
PRESENT CADENCE frame=6167 interval_ms=16.476250 paused=false
PRESENT CADENCE frame=6168 interval_ms=0.712875 paused=false
PRESENT CADENCE frame=6169 interval_ms=15.635208 paused=false
PRESENT CADENCE frame=6170 interval_ms=0.780708 paused=false
PRESENT CADENCE frame=6171 interval_ms=15.688500 paused=false
PRESENT CADENCE frame=6172 interval_ms=0.514750 paused=false
PRESENT CADENCE frame=6173 interval_ms=16.292417 paused=false
PRESENT CADENCE frame=6174 interval_ms=0.708458 paused=false
PRESENT CADENCE frame=6175 interval_ms=15.960625 paused=false
PRESENT CADENCE frame=6176 interval_ms=0.746250 paused=false
PRESENT CADENCE frame=6177 interval_ms=15.847459 paused=false
PRESENT CADENCE frame=6178 interval_ms=0.600541 paused=false
PRESENT CADENCE frame=6179 interval_ms=16.173334 paused=false
PRESENT CADENCE frame=6180 interval_ms=0.761375 paused=false
PRESENT CADENCE frame=6181 interval_ms=15.831875 paused=false
PRESENT CADENCE frame=6182 interval_ms=0.614083 paused=false
PRESENT CADENCE frame=6183 interval_ms=16.015917 paused=false
PRESENT CADENCE frame=6184 interval_ms=0.589708 paused=false
PRESENT CADENCE frame=6185 interval_ms=16.133792 paused=false
PRESENT CADENCE frame=6186 interval_ms=0.604208 paused=false
PRESENT CADENCE frame=6187 interval_ms=15.980083 paused=false
PRESENT CADENCE frame=6188 interval_ms=0.681542 paused=false
PRESENT CADENCE frame=6189 interval_ms=16.024083 paused=false
PRESENT CADENCE frame=6190 interval_ms=0.632167 paused=false
PRESENT CADENCE frame=6191 interval_ms=16.355542 paused=false
PRESENT CADENCE frame=6192 interval_ms=0.400041 paused=false
PRESENT CADENCE frame=6193 interval_ms=15.897042 paused=false
PRESENT CADENCE frame=6194 interval_ms=0.634042 paused=false
PRESENT CADENCE frame=6195 interval_ms=16.013625 paused=false
PRESENT CADENCE frame=6196 interval_ms=0.611041 paused=false
PRESENT CADENCE frame=6197 interval_ms=16.186209 paused=false
PRESENT CADENCE frame=6198 interval_ms=0.689125 paused=false
PRESENT CADENCE frame=6199 interval_ms=15.852875 paused=false
PRESENT CADENCE frame=6200 interval_ms=0.592041 paused=false
PRESENT CADENCE frame=6201 interval_ms=16.056084 paused=false
PRESENT CADENCE frame=6202 interval_ms=0.375041 paused=false
PRESENT CADENCE frame=6203 interval_ms=16.335834 paused=false
PRESENT CADENCE frame=6204 interval_ms=0.373000 paused=false
PRESENT CADENCE frame=6205 interval_ms=16.336208 paused=false
PRESENT CADENCE frame=6206 interval_ms=0.329708 paused=false
PRESENT CADENCE frame=6207 interval_ms=16.263084 paused=false
PRESENT CADENCE frame=6208 interval_ms=0.680500 paused=false
PRESENT CADENCE frame=6209 interval_ms=16.066416 paused=false
PRESENT CADENCE frame=6210 interval_ms=0.393542 paused=false
PRESENT CADENCE frame=6211 interval_ms=16.212083 paused=false
PRESENT CADENCE frame=6212 interval_ms=0.631042 paused=false
PRESENT CADENCE frame=6213 interval_ms=16.151000 paused=false
FULL MODEL WORKER work_ms=1147.430 physics_ms=526.143 mesh_ms=286.099 partition_ms=17.170 streams_ms=318.017
PRESENT CADENCE frame=6214 interval_ms=42.593125 paused=false
PRESENT CADENCE frame=6215 interval_ms=0.924167 paused=false
PRESENT CADENCE frame=6216 interval_ms=6.401916 paused=false
PRESENT CADENCE frame=6217 interval_ms=0.299292 paused=false
PRESENT CADENCE frame=6218 interval_ms=13.567250 paused=false
PRESENT CADENCE frame=6219 interval_ms=0.388792 paused=false
PRESENT CADENCE frame=6220 interval_ms=11.941583 paused=false
PRESENT CADENCE frame=6221 interval_ms=0.374250 paused=false
PRESENT CADENCE frame=6222 interval_ms=12.664583 paused=false
PRESENT CADENCE frame=6223 interval_ms=0.384292 paused=false
PRESENT CADENCE frame=6224 interval_ms=11.090667 paused=false
PRESENT CADENCE frame=6225 interval_ms=0.329875 paused=false
PRESENT CADENCE frame=6226 interval_ms=11.361375 paused=false
PRESENT CADENCE frame=6227 interval_ms=0.585291 paused=false
PRESENT CADENCE frame=6228 interval_ms=15.461459 paused=false
PRESENT CADENCE frame=6229 interval_ms=0.402000 paused=false
PRESENT CADENCE frame=6230 interval_ms=11.903458 paused=false
PRESENT CADENCE frame=6231 interval_ms=0.715667 paused=false
PRESENT CADENCE frame=6232 interval_ms=11.262375 paused=false
PRESENT CADENCE frame=6233 interval_ms=0.738500 paused=false
PRESENT CADENCE frame=6234 interval_ms=11.367916 paused=false
PRESENT CADENCE frame=6235 interval_ms=0.580459 paused=false
PRESENT CADENCE frame=6236 interval_ms=10.247958 paused=false
PRESENT CADENCE frame=6237 interval_ms=0.705833 paused=false
PRESENT CADENCE frame=6238 interval_ms=12.618667 paused=false
PRESENT CADENCE frame=6239 interval_ms=0.348875 paused=false
PRESENT CADENCE frame=6240 interval_ms=13.083125 paused=false
PRESENT CADENCE frame=6241 interval_ms=0.333333 paused=false
PRESENT CADENCE frame=6242 interval_ms=11.953709 paused=false
PRESENT CADENCE frame=6243 interval_ms=0.201041 paused=false
PRESENT CADENCE frame=6244 interval_ms=11.960500 paused=false
PRESENT CADENCE frame=6245 interval_ms=0.322417 paused=false
PRESENT CADENCE frame=6246 interval_ms=11.441833 paused=false
PRESENT CADENCE frame=6247 interval_ms=0.312125 paused=false
PRESENT CADENCE frame=6248 interval_ms=16.750084 paused=false
PRESENT CADENCE frame=6249 interval_ms=0.410208 paused=false
PRESENT CADENCE frame=6250 interval_ms=11.462417 paused=false
PRESENT CADENCE frame=6251 interval_ms=0.285250 paused=false
PRESENT CADENCE frame=6252 interval_ms=12.043166 paused=false
PRESENT CADENCE frame=6253 interval_ms=0.295834 paused=false
PRESENT CADENCE frame=6254 interval_ms=16.046166 paused=false
PRESENT CADENCE frame=6255 interval_ms=0.301417 paused=false
PRESENT CADENCE frame=6256 interval_ms=10.446917 paused=false
PRESENT CADENCE frame=6257 interval_ms=0.333875 paused=false
PRESENT CADENCE frame=6258 interval_ms=11.578458 paused=false
PRESENT CADENCE frame=6259 interval_ms=0.287042 paused=false
PRESENT CADENCE frame=6260 interval_ms=12.398250 paused=false
PRESENT CADENCE frame=6261 interval_ms=0.334000 paused=false
PRESENT CADENCE frame=6262 interval_ms=11.471875 paused=false
PRESENT CADENCE frame=6263 interval_ms=0.298333 paused=false
PRESENT CADENCE frame=6264 interval_ms=16.478625 paused=false
PRESENT CADENCE frame=6265 interval_ms=0.337833 paused=false
PRESENT CADENCE frame=6266 interval_ms=11.222042 paused=false
PRESENT CADENCE frame=6267 interval_ms=0.348500 paused=false
PRESENT CADENCE frame=6268 interval_ms=8.878167 paused=false
PRESENT CADENCE frame=6269 interval_ms=0.302166 paused=false
PRESENT CADENCE frame=6270 interval_ms=12.374834 paused=false
PRESENT CADENCE frame=6271 interval_ms=0.356875 paused=false
PRESENT CADENCE frame=6272 interval_ms=12.419208 paused=false
PRESENT CADENCE frame=6273 interval_ms=0.667417 paused=false
PRESENT CADENCE frame=6274 interval_ms=12.385833 paused=false
PRESENT CADENCE frame=6275 interval_ms=0.757917 paused=false
PRESENT CADENCE frame=6276 interval_ms=15.138333 paused=false
PRESENT CADENCE frame=6277 interval_ms=0.680375 paused=false
PRESENT CADENCE frame=6278 interval_ms=10.491667 paused=false
PRESENT CADENCE frame=6279 interval_ms=0.539791 paused=false
PRESENT CADENCE frame=6280 interval_ms=11.439917 paused=false
PRESENT CADENCE frame=6281 interval_ms=0.833750 paused=false
PRESENT CADENCE frame=6282 interval_ms=11.834583 paused=false
PRESENT CADENCE frame=6283 interval_ms=0.736167 paused=false
PRESENT CADENCE frame=6284 interval_ms=11.892833 paused=false
PRESENT CADENCE frame=6285 interval_ms=10.403000 paused=false
PRESENT CADENCE frame=6286 interval_ms=0.257584 paused=false
PRESENT CADENCE frame=6287 interval_ms=12.136083 paused=false
PRESENT CADENCE frame=6288 interval_ms=0.763167 paused=false
PRESENT CADENCE frame=6289 interval_ms=12.184083 paused=false
PRESENT CADENCE frame=6290 interval_ms=0.508792 paused=false
PRESENT CADENCE frame=6291 interval_ms=10.766666 paused=false
PRESENT CADENCE frame=6292 interval_ms=0.339250 paused=false
PRESENT CADENCE frame=6293 interval_ms=12.070667 paused=false
PRESENT CADENCE frame=6294 interval_ms=0.644708 paused=false
PRESENT CADENCE frame=6295 interval_ms=15.778917 paused=false
PRESENT CADENCE frame=6296 interval_ms=0.403167 paused=false
PRESENT CADENCE frame=6297 interval_ms=12.253500 paused=false
PRESENT CADENCE frame=6298 interval_ms=0.644666 paused=false
PRESENT CADENCE frame=6299 interval_ms=16.014084 paused=false
PRESENT CADENCE frame=6300 interval_ms=0.430125 paused=false
PRESENT CADENCE frame=6301 interval_ms=12.272958 paused=false
PRESENT CADENCE frame=6302 interval_ms=0.186417 paused=false
PRESENT CADENCE frame=6303 interval_ms=13.047375 paused=false
PRESENT CADENCE frame=6304 interval_ms=0.559125 paused=false
PRESENT CADENCE frame=6305 interval_ms=12.932208 paused=false
PRESENT CADENCE frame=6306 interval_ms=0.210167 paused=false
PRESENT CADENCE frame=6307 interval_ms=12.366541 paused=false
PRESENT CADENCE frame=6308 interval_ms=0.235500 paused=false
PRESENT CADENCE frame=6309 interval_ms=13.244334 paused=false
PRESENT CADENCE frame=6310 interval_ms=0.205666 paused=false
PRESENT CADENCE frame=6311 interval_ms=10.701667 paused=false
PRESENT CADENCE frame=6312 interval_ms=0.155125 paused=false
PRESENT CADENCE frame=6313 interval_ms=12.976750 paused=false
PRESENT CADENCE frame=6314 interval_ms=0.151167 paused=false
PRESENT CADENCE frame=6315 interval_ms=12.143666 paused=false
PRESENT CADENCE frame=6316 interval_ms=0.201250 paused=false
PRESENT CADENCE frame=6317 interval_ms=12.563959 paused=false
PRESENT CADENCE frame=6318 interval_ms=0.163166 paused=false
PRESENT CADENCE frame=6319 interval_ms=12.806292 paused=false
PRESENT CADENCE frame=6320 interval_ms=0.155583 paused=false
PRESENT CADENCE frame=6321 interval_ms=12.365542 paused=false
PRESENT CADENCE frame=6322 interval_ms=0.203792 paused=false
PRESENT CADENCE frame=6323 interval_ms=14.028000 paused=false
PRESENT CADENCE frame=6324 interval_ms=0.231708 paused=false
PRESENT CADENCE frame=6325 interval_ms=13.655833 paused=false
PRESENT CADENCE frame=6326 interval_ms=0.275459 paused=false
PRESENT CADENCE frame=6327 interval_ms=15.632125 paused=false
PRESENT CADENCE frame=6328 interval_ms=0.412750 paused=false
PRESENT CADENCE frame=6329 interval_ms=14.121041 paused=false
PRESENT CADENCE frame=6330 interval_ms=0.186875 paused=false
PRESENT CADENCE frame=6331 interval_ms=13.385084 paused=false
PRESENT CADENCE frame=6332 interval_ms=0.224041 paused=false
PRESENT CADENCE frame=6333 interval_ms=14.419209 paused=false
PRESENT CADENCE frame=6334 interval_ms=0.217500 paused=false
PRESENT CADENCE frame=6335 interval_ms=12.344333 paused=false
PRESENT CADENCE frame=6336 interval_ms=0.189000 paused=false
PRESENT CADENCE frame=6337 interval_ms=12.215708 paused=false
PRESENT CADENCE frame=6338 interval_ms=0.217167 paused=false
PRESENT CADENCE frame=6339 interval_ms=15.737875 paused=false
PRESENT CADENCE frame=6340 interval_ms=0.172042 paused=false
PRESENT CADENCE frame=6341 interval_ms=13.211333 paused=false
PRESENT CADENCE frame=6342 interval_ms=0.347500 paused=false
PRESENT CADENCE frame=6343 interval_ms=13.279458 paused=false
PRESENT CADENCE frame=6344 interval_ms=0.248542 paused=false
PRESENT CADENCE frame=6345 interval_ms=12.730208 paused=false
PRESENT CADENCE frame=6346 interval_ms=0.201667 paused=false
PRESENT CADENCE frame=6347 interval_ms=12.243167 paused=false
PRESENT CADENCE frame=6348 interval_ms=0.216500 paused=false
PRESENT CADENCE frame=6349 interval_ms=15.671750 paused=false
PRESENT CADENCE frame=6350 interval_ms=0.245750 paused=false
PRESENT CADENCE frame=6351 interval_ms=12.898250 paused=false
PRESENT CADENCE frame=6352 interval_ms=0.227708 paused=false
PRESENT CADENCE frame=6353 interval_ms=13.134292 paused=false
PRESENT CADENCE frame=6354 interval_ms=0.224625 paused=false
PRESENT CADENCE frame=6355 interval_ms=13.096333 paused=false
PRESENT CADENCE frame=6356 interval_ms=0.423542 paused=false
PRESENT CADENCE frame=6357 interval_ms=11.593375 paused=false
PRESENT CADENCE frame=6358 interval_ms=0.404125 paused=false
PRESENT CADENCE frame=6359 interval_ms=12.518125 paused=false
PRESENT CADENCE frame=6360 interval_ms=0.441458 paused=false
PRESENT CADENCE frame=6361 interval_ms=13.679125 paused=false
PRESENT CADENCE frame=6362 interval_ms=0.500583 paused=false
PRESENT CADENCE frame=6363 interval_ms=11.794625 paused=false
PRESENT CADENCE frame=6364 interval_ms=0.274375 paused=false
PRESENT CADENCE frame=6365 interval_ms=20.715792 paused=false
PRESENT CADENCE frame=6366 interval_ms=0.599833 paused=false
PRESENT CADENCE frame=6367 interval_ms=15.859084 paused=false
PRESENT CADENCE frame=6368 interval_ms=0.336833 paused=false
PRESENT CADENCE frame=6369 interval_ms=11.446292 paused=false
PRESENT CADENCE frame=6370 interval_ms=0.397375 paused=false
PRESENT CADENCE frame=6371 interval_ms=13.414458 paused=false
PRESENT CADENCE frame=6372 interval_ms=0.481708 paused=false
PRESENT CADENCE frame=6373 interval_ms=14.409125 paused=false
PRESENT CADENCE frame=6374 interval_ms=0.475792 paused=false
PRESENT CADENCE frame=6375 interval_ms=12.065167 paused=false
PRESENT CADENCE frame=6376 interval_ms=0.419416 paused=false
PRESENT CADENCE frame=6377 interval_ms=15.000375 paused=false
FULL MODEL WORKER work_ms=1119.727 physics_ms=521.359 mesh_ms=276.722 partition_ms=24.192 streams_ms=297.454
PRESENT CADENCE frame=6378 interval_ms=51.200709 paused=false
PRESENT CADENCE frame=6379 interval_ms=1.315458 paused=false
PRESENT CADENCE frame=6380 interval_ms=8.489708 paused=false
PRESENT CADENCE frame=6381 interval_ms=0.456625 paused=false
PRESENT CADENCE frame=6382 interval_ms=12.483834 paused=false
PRESENT CADENCE frame=6383 interval_ms=0.526791 paused=false
PRESENT CADENCE frame=6384 interval_ms=12.751209 paused=false
PRESENT CADENCE frame=6385 interval_ms=0.435000 paused=false
PRESENT CADENCE frame=6386 interval_ms=12.861833 paused=false
PRESENT CADENCE frame=6387 interval_ms=0.386917 paused=false
PRESENT CADENCE frame=6388 interval_ms=11.922541 paused=false
PRESENT CADENCE frame=6389 interval_ms=0.439792 paused=false
PRESENT CADENCE frame=6390 interval_ms=16.637292 paused=false
PRESENT CADENCE frame=6391 interval_ms=0.337875 paused=false
PRESENT CADENCE frame=6392 interval_ms=12.617250 paused=false
PRESENT CADENCE frame=6393 interval_ms=0.551375 paused=false
PRESENT CADENCE frame=6394 interval_ms=15.236291 paused=false
PRESENT CADENCE frame=6395 interval_ms=0.587250 paused=false
PRESENT CADENCE frame=6396 interval_ms=12.941542 paused=false
PRESENT CADENCE frame=6397 interval_ms=0.499792 paused=false
PRESENT CADENCE frame=6398 interval_ms=12.655125 paused=false
PRESENT CADENCE frame=6399 interval_ms=0.393625 paused=false
PRESENT CADENCE frame=6400 interval_ms=11.895333 paused=false
PRESENT CADENCE frame=6401 interval_ms=0.425583 paused=false
PRESENT CADENCE frame=6402 interval_ms=13.112917 paused=false
PRESENT CADENCE frame=6403 interval_ms=0.515333 paused=false
PRESENT CADENCE frame=6404 interval_ms=13.531709 paused=false
PRESENT CADENCE frame=6405 interval_ms=0.538041 paused=false
PRESENT CADENCE frame=6406 interval_ms=12.093125 paused=false
PRESENT CADENCE frame=6407 interval_ms=0.817250 paused=false
PRESENT CADENCE frame=6408 interval_ms=12.298750 paused=false
PRESENT CADENCE frame=6409 interval_ms=0.610709 paused=false
PRESENT CADENCE frame=6410 interval_ms=12.019500 paused=false
PRESENT CADENCE frame=6411 interval_ms=0.534291 paused=false
PRESENT CADENCE frame=6412 interval_ms=10.621250 paused=false
PRESENT CADENCE frame=6413 interval_ms=0.208375 paused=false
PRESENT CADENCE frame=6414 interval_ms=13.299292 paused=false
PRESENT CADENCE frame=6415 interval_ms=1.100083 paused=false
PRESENT CADENCE frame=6416 interval_ms=14.279709 paused=false
PRESENT CADENCE frame=6417 interval_ms=0.592541 paused=false
PRESENT CADENCE frame=6418 interval_ms=11.968084 paused=false
PRESENT CADENCE frame=6419 interval_ms=0.611291 paused=false
PRESENT CADENCE frame=6420 interval_ms=19.493459 paused=false
PRESENT CADENCE frame=6421 interval_ms=0.737958 paused=false
PRESENT CADENCE frame=6422 interval_ms=13.463625 paused=false
PRESENT CADENCE frame=6423 interval_ms=0.699917 paused=false
PRESENT CADENCE frame=6424 interval_ms=12.067416 paused=false
PRESENT CADENCE frame=6425 interval_ms=0.444792 paused=false
PRESENT CADENCE frame=6426 interval_ms=12.298792 paused=false
PRESENT CADENCE frame=6427 interval_ms=0.676375 paused=false
PRESENT CADENCE frame=6428 interval_ms=15.348291 paused=false
PRESENT CADENCE frame=6429 interval_ms=0.298084 paused=false
PRESENT CADENCE frame=6430 interval_ms=13.197250 paused=false
PRESENT CADENCE frame=6431 interval_ms=0.550750 paused=false
PRESENT CADENCE frame=6432 interval_ms=11.525000 paused=false
PRESENT CADENCE frame=6433 interval_ms=0.475000 paused=false
PRESENT CADENCE frame=6434 interval_ms=11.133916 paused=false
PRESENT CADENCE frame=6435 interval_ms=0.601834 paused=false
PRESENT CADENCE frame=6436 interval_ms=13.664000 paused=false
PRESENT CADENCE frame=6437 interval_ms=0.571250 paused=false
PRESENT CADENCE frame=6438 interval_ms=11.264583 paused=false
PRESENT CADENCE frame=6439 interval_ms=0.231667 paused=false
PRESENT CADENCE frame=6440 interval_ms=17.453666 paused=false
PRESENT CADENCE frame=6441 interval_ms=0.649042 paused=false
PRESENT CADENCE frame=6442 interval_ms=13.764542 paused=false
PRESENT CADENCE frame=6443 interval_ms=0.794125 paused=false
PRESENT CADENCE frame=6444 interval_ms=13.516166 paused=false
PRESENT CADENCE frame=6445 interval_ms=0.615625 paused=false
PRESENT CADENCE frame=6446 interval_ms=12.288000 paused=false
PRESENT CADENCE frame=6447 interval_ms=0.227125 paused=false
PRESENT CADENCE frame=6448 interval_ms=12.025167 paused=false
PRESENT CADENCE frame=6449 interval_ms=0.558292 paused=false
PRESENT CADENCE frame=6450 interval_ms=12.556583 paused=false
PRESENT CADENCE frame=6451 interval_ms=0.262958 paused=false
PRESENT CADENCE frame=6452 interval_ms=12.989042 paused=false
PRESENT CADENCE frame=6453 interval_ms=0.192833 paused=false
PRESENT CADENCE frame=6454 interval_ms=11.468084 paused=false
PRESENT CADENCE frame=6455 interval_ms=0.158583 paused=false
PRESENT CADENCE frame=6456 interval_ms=12.005750 paused=false
PRESENT CADENCE frame=6457 interval_ms=0.324458 paused=false
PRESENT CADENCE frame=6458 interval_ms=12.359875 paused=false
PRESENT CADENCE frame=6459 interval_ms=0.194000 paused=false
PRESENT CADENCE frame=6460 interval_ms=12.758625 paused=false
PRESENT CADENCE frame=6461 interval_ms=0.220500 paused=false
PRESENT CADENCE frame=6462 interval_ms=12.089042 paused=false
PRESENT CADENCE frame=6463 interval_ms=0.577625 paused=false
PRESENT CADENCE frame=6464 interval_ms=11.451292 paused=false
PRESENT CADENCE frame=6465 interval_ms=0.634500 paused=false
PRESENT CADENCE frame=6466 interval_ms=11.040208 paused=false
PRESENT CADENCE frame=6467 interval_ms=0.208750 paused=false
PRESENT CADENCE frame=6468 interval_ms=13.884708 paused=false
PRESENT CADENCE frame=6469 interval_ms=0.568917 paused=false
PRESENT CADENCE frame=6470 interval_ms=13.185000 paused=false
PRESENT CADENCE frame=6471 interval_ms=0.714833 paused=false
PRESENT CADENCE frame=6472 interval_ms=11.541084 paused=false
PRESENT CADENCE frame=6473 interval_ms=0.291416 paused=false
PRESENT CADENCE frame=6474 interval_ms=12.548667 paused=false
PRESENT CADENCE frame=6475 interval_ms=0.964500 paused=false
PRESENT CADENCE frame=6476 interval_ms=20.799833 paused=false
PRESENT CADENCE frame=6477 interval_ms=0.926709 paused=false
PRESENT CADENCE frame=6478 interval_ms=12.422958 paused=false
PRESENT CADENCE frame=6479 interval_ms=0.717917 paused=false
PRESENT CADENCE frame=6480 interval_ms=11.679000 paused=false
PRESENT CADENCE frame=6481 interval_ms=0.601125 paused=false
PRESENT CADENCE frame=6482 interval_ms=11.972583 paused=false
PRESENT CADENCE frame=6483 interval_ms=0.568042 paused=false
PRESENT CADENCE frame=6484 interval_ms=10.021916 paused=false
PRESENT CADENCE frame=6485 interval_ms=0.259084 paused=false
PRESENT CADENCE frame=6486 interval_ms=13.125625 paused=false
PRESENT CADENCE frame=6487 interval_ms=0.663750 paused=false
PRESENT CADENCE frame=6488 interval_ms=12.231416 paused=false
PRESENT CADENCE frame=6489 interval_ms=0.632917 paused=false
PRESENT CADENCE frame=6490 interval_ms=10.991792 paused=false
PRESENT CADENCE frame=6491 interval_ms=0.235916 paused=false
PRESENT CADENCE frame=6492 interval_ms=11.998209 paused=false
PRESENT CADENCE frame=6493 interval_ms=0.645541 paused=false
PRESENT CADENCE frame=6494 interval_ms=12.660417 paused=false
PRESENT CADENCE frame=6495 interval_ms=0.765250 paused=false
PRESENT CADENCE frame=6496 interval_ms=10.983500 paused=false
PRESENT CADENCE frame=6497 interval_ms=0.185125 paused=false
PRESENT CADENCE frame=6498 interval_ms=12.032333 paused=false
PRESENT CADENCE frame=6499 interval_ms=0.654500 paused=false
PRESENT CADENCE frame=6500 interval_ms=18.930084 paused=false
PRESENT CADENCE frame=6501 interval_ms=0.723875 paused=false
PRESENT CADENCE frame=6502 interval_ms=11.783750 paused=false
PRESENT CADENCE frame=6503 interval_ms=0.575541 paused=false
PRESENT CADENCE frame=6504 interval_ms=11.902875 paused=false
PRESENT CADENCE frame=6505 interval_ms=0.684375 paused=false
PRESENT CADENCE frame=6506 interval_ms=11.685209 paused=false
PRESENT CADENCE frame=6507 interval_ms=0.559833 paused=false
PRESENT CADENCE frame=6508 interval_ms=10.810208 paused=false
PRESENT CADENCE frame=6509 interval_ms=0.562292 paused=false
PRESENT CADENCE frame=6510 interval_ms=12.292625 paused=false
PRESENT CADENCE frame=6511 interval_ms=0.714625 paused=false
PRESENT CADENCE frame=6512 interval_ms=13.965375 paused=false
PRESENT CADENCE frame=6513 interval_ms=0.347167 paused=false
PRESENT CADENCE frame=6514 interval_ms=11.231958 paused=false
PRESENT CADENCE frame=6515 interval_ms=0.586083 paused=false
PRESENT CADENCE frame=6516 interval_ms=12.815459 paused=false
PRESENT CADENCE frame=6517 interval_ms=0.748375 paused=false
PRESENT CADENCE frame=6518 interval_ms=11.247500 paused=false
PRESENT CADENCE frame=6519 interval_ms=0.768333 paused=false
PRESENT CADENCE frame=6520 interval_ms=12.786917 paused=false
PRESENT CADENCE frame=6521 interval_ms=0.707083 paused=false
PRESENT CADENCE frame=6522 interval_ms=18.639292 paused=false
PRESENT CADENCE frame=6523 interval_ms=0.655875 paused=false
PRESENT CADENCE frame=6524 interval_ms=11.884208 paused=false
PRESENT CADENCE frame=6525 interval_ms=0.686833 paused=false
PRESENT CADENCE frame=6526 interval_ms=12.296625 paused=false
PRESENT CADENCE frame=6527 interval_ms=0.578584 paused=false
PRESENT CADENCE frame=6528 interval_ms=10.786041 paused=false
PRESENT CADENCE frame=6529 interval_ms=0.279959 paused=false
PRESENT CADENCE frame=6530 interval_ms=9.774583 paused=false
PRESENT CADENCE frame=6531 interval_ms=0.705917 paused=false
PRESENT CADENCE frame=6532 interval_ms=14.284833 paused=false
PRESENT CADENCE frame=6533 interval_ms=0.765667 paused=false
PRESENT CADENCE frame=6534 interval_ms=12.368541 paused=false
PRESENT CADENCE frame=6535 interval_ms=0.733834 paused=false
PRESENT CADENCE frame=6536 interval_ms=19.168416 paused=false
PRESENT CADENCE frame=6537 interval_ms=11.221084 paused=false
PRESENT CADENCE frame=6538 interval_ms=2.197458 paused=false
PRESENT CADENCE frame=6539 interval_ms=0.313125 paused=false
PRESENT CADENCE frame=6540 interval_ms=12.464500 paused=false
PRESENT CADENCE frame=6541 interval_ms=0.620083 paused=false
PRESENT CADENCE frame=6542 interval_ms=11.200875 paused=false
PRESENT CADENCE frame=6543 interval_ms=0.224459 paused=false
PRESENT CADENCE frame=6544 interval_ms=19.219791 paused=false
PRESENT CADENCE frame=6545 interval_ms=0.662209 paused=false
PRESENT CADENCE frame=6546 interval_ms=13.177500 paused=false
PRESENT CADENCE frame=6547 interval_ms=0.733916 paused=false
PRESENT CADENCE frame=6548 interval_ms=13.272542 paused=false
PRESENT CADENCE frame=6549 interval_ms=0.619333 paused=false
PRESENT CADENCE frame=6550 interval_ms=11.483417 paused=false
PRESENT CADENCE frame=6551 interval_ms=0.551875 paused=false
PRESENT CADENCE frame=6552 interval_ms=14.009750 paused=false
PRESENT CADENCE frame=6553 interval_ms=0.777375 paused=false
PRESENT CADENCE frame=6554 interval_ms=12.972000 paused=false
PRESENT CADENCE frame=6555 interval_ms=0.685208 paused=false
PRESENT CADENCE frame=6556 interval_ms=14.830375 paused=false
PRESENT CADENCE frame=6557 interval_ms=0.411417 paused=false
PRESENT CADENCE frame=6558 interval_ms=12.691500 paused=false
PRESENT CADENCE frame=6559 interval_ms=0.710125 paused=false
PRESENT CADENCE frame=6560 interval_ms=18.582167 paused=false
PRESENT CADENCE frame=6561 interval_ms=0.718000 paused=false
PRESENT CADENCE frame=6562 interval_ms=10.986250 paused=false
PRESENT CADENCE frame=6563 interval_ms=0.653000 paused=false
PRESENT CADENCE frame=6564 interval_ms=11.241083 paused=false
PRESENT CADENCE frame=6565 interval_ms=0.614708 paused=false
PRESENT CADENCE frame=6566 interval_ms=11.530709 paused=false
PRESENT CADENCE frame=6567 interval_ms=0.699125 paused=false
PRESENT CADENCE frame=6568 interval_ms=10.550666 paused=false
FULL MODEL WORKER work_ms=1335.298 physics_ms=577.998 mesh_ms=370.852 partition_ms=18.693 streams_ms=367.756
PRESENT CADENCE frame=6569 interval_ms=49.240750 paused=false
PRESENT CADENCE frame=6570 interval_ms=1.511875 paused=false
PRESENT CADENCE frame=6571 interval_ms=19.031292 paused=false
PRESENT CADENCE frame=6572 interval_ms=0.378833 paused=false
PRESENT CADENCE frame=6573 interval_ms=13.628209 paused=false
PRESENT CADENCE frame=6574 interval_ms=0.692583 paused=false
PRESENT CADENCE frame=6575 interval_ms=11.646500 paused=false
PRESENT CADENCE frame=6576 interval_ms=0.632625 paused=false
PRESENT CADENCE frame=6577 interval_ms=11.353417 paused=false
PRESENT CADENCE frame=6578 interval_ms=0.552250 paused=false
PRESENT CADENCE frame=6579 interval_ms=11.866500 paused=false
PRESENT CADENCE frame=6580 interval_ms=0.549916 paused=false
PRESENT CADENCE frame=6581 interval_ms=11.593375 paused=false
PRESENT CADENCE frame=6582 interval_ms=0.574667 paused=false
PRESENT CADENCE frame=6583 interval_ms=11.620792 paused=false
PRESENT CADENCE frame=6584 interval_ms=0.516375 paused=false
PRESENT CADENCE frame=6585 interval_ms=9.576458 paused=false
PRESENT CADENCE frame=6586 interval_ms=0.509083 paused=false
PRESENT CADENCE frame=6587 interval_ms=9.128292 paused=false
PRESENT CADENCE frame=6588 interval_ms=0.687083 paused=false
PRESENT CADENCE frame=6589 interval_ms=18.975875 paused=false
PRESENT CADENCE frame=6590 interval_ms=0.588542 paused=false
PRESENT CADENCE frame=6591 interval_ms=10.343417 paused=false
PRESENT CADENCE frame=6592 interval_ms=0.459333 paused=false
PRESENT CADENCE frame=6593 interval_ms=10.424083 paused=false
PRESENT CADENCE frame=6594 interval_ms=0.513750 paused=false
PRESENT CADENCE frame=6595 interval_ms=18.421500 paused=false
PRESENT CADENCE frame=6596 interval_ms=0.628834 paused=false
PRESENT CADENCE frame=6597 interval_ms=10.789125 paused=false
PRESENT CADENCE frame=6598 interval_ms=0.215000 paused=false
PRESENT CADENCE frame=6599 interval_ms=10.938708 paused=false
PRESENT CADENCE frame=6600 interval_ms=0.199667 paused=false
PRESENT CADENCE frame=6601 interval_ms=10.635458 paused=false
PRESENT CADENCE frame=6602 interval_ms=0.324750 paused=false
PRESENT CADENCE frame=6603 interval_ms=11.316042 paused=false
PRESENT CADENCE frame=6604 interval_ms=0.248750 paused=false
PRESENT CADENCE frame=6605 interval_ms=10.622375 paused=false
PRESENT CADENCE frame=6606 interval_ms=0.263125 paused=false
PRESENT CADENCE frame=6607 interval_ms=10.929250 paused=false
PRESENT CADENCE frame=6608 interval_ms=0.239041 paused=false
PRESENT CADENCE frame=6609 interval_ms=10.812417 paused=false
PRESENT CADENCE frame=6610 interval_ms=0.283542 paused=false
PRESENT CADENCE frame=6611 interval_ms=11.156958 paused=false
PRESENT CADENCE frame=6612 interval_ms=0.306583 paused=false
PRESENT CADENCE frame=6613 interval_ms=11.259875 paused=false
PRESENT CADENCE frame=6614 interval_ms=0.295750 paused=false
PRESENT CADENCE frame=6615 interval_ms=10.828292 paused=false
PRESENT CADENCE frame=6616 interval_ms=0.242000 paused=false
PRESENT CADENCE frame=6617 interval_ms=8.720333 paused=false
PRESENT CADENCE frame=6618 interval_ms=0.283625 paused=false
PRESENT CADENCE frame=6619 interval_ms=8.736959 paused=false
PRESENT CADENCE frame=6620 interval_ms=0.237958 paused=false
PRESENT CADENCE frame=6621 interval_ms=12.473292 paused=false
PRESENT CADENCE frame=6622 interval_ms=0.267333 paused=false
PRESENT CADENCE frame=6623 interval_ms=12.390667 paused=false
PRESENT CADENCE frame=6624 interval_ms=0.298833 paused=false
PRESENT CADENCE frame=6625 interval_ms=13.943458 paused=false
PRESENT CADENCE frame=6626 interval_ms=0.370792 paused=false
PRESENT CADENCE frame=6627 interval_ms=20.147042 paused=false
PRESENT CADENCE frame=6628 interval_ms=1.135833 paused=false
PRESENT CADENCE frame=6629 interval_ms=14.528250 paused=false
PRESENT CADENCE frame=6630 interval_ms=0.375958 paused=false
PRESENT CADENCE frame=6631 interval_ms=11.902875 paused=false
PRESENT CADENCE frame=6632 interval_ms=0.642000 paused=false
PRESENT CADENCE frame=6633 interval_ms=12.167167 paused=false
PRESENT CADENCE frame=6634 interval_ms=0.658958 paused=false
PRESENT CADENCE frame=6635 interval_ms=13.124042 paused=false
PRESENT CADENCE frame=6636 interval_ms=0.613708 paused=false
PRESENT CADENCE frame=6637 interval_ms=11.605917 paused=false
PRESENT CADENCE frame=6638 interval_ms=0.578833 paused=false
PRESENT CADENCE frame=6639 interval_ms=12.653875 paused=false
PRESENT CADENCE frame=6640 interval_ms=0.706584 paused=false
PRESENT CADENCE frame=6641 interval_ms=14.844833 paused=false
PRESENT CADENCE frame=6642 interval_ms=0.609542 paused=false
PRESENT CADENCE frame=6643 interval_ms=12.875125 paused=false
PRESENT CADENCE frame=6644 interval_ms=0.716708 paused=false
PRESENT CADENCE frame=6645 interval_ms=14.944625 paused=false
PRESENT CADENCE frame=6646 interval_ms=0.842917 paused=false
PRESENT CADENCE frame=6647 interval_ms=12.074458 paused=false
PRESENT CADENCE frame=6648 interval_ms=0.745042 paused=false
PRESENT CADENCE frame=6649 interval_ms=12.263500 paused=false
PRESENT CADENCE frame=6650 interval_ms=0.596333 paused=false
PRESENT CADENCE frame=6651 interval_ms=12.919167 paused=false
PRESENT CADENCE frame=6652 interval_ms=0.606208 paused=false
PRESENT CADENCE frame=6653 interval_ms=10.805625 paused=false
PRESENT CADENCE frame=6654 interval_ms=0.279542 paused=false
PRESENT CADENCE frame=6655 interval_ms=16.918666 paused=false
PRESENT CADENCE frame=6656 interval_ms=0.328667 paused=false
PRESENT CADENCE frame=6657 interval_ms=13.794417 paused=false
PRESENT CADENCE frame=6658 interval_ms=0.651791 paused=false
PRESENT CADENCE frame=6659 interval_ms=14.230625 paused=false
PRESENT CADENCE frame=6660 interval_ms=0.883625 paused=false
PRESENT CADENCE frame=6661 interval_ms=13.096417 paused=false
PRESENT CADENCE frame=6662 interval_ms=0.786250 paused=false
PRESENT CADENCE frame=6663 interval_ms=12.282625 paused=false
PRESENT CADENCE frame=6664 interval_ms=0.702000 paused=false
PRESENT CADENCE frame=6665 interval_ms=13.363208 paused=false
PRESENT CADENCE frame=6666 interval_ms=0.773375 paused=false
PRESENT CADENCE frame=6667 interval_ms=12.539250 paused=false
PRESENT CADENCE frame=6668 interval_ms=0.662167 paused=false
PRESENT CADENCE frame=6669 interval_ms=12.544958 paused=false
PRESENT CADENCE frame=6670 interval_ms=0.741209 paused=false
PRESENT CADENCE frame=6671 interval_ms=12.324916 paused=false
PRESENT CADENCE frame=6672 interval_ms=0.681459 paused=false
PRESENT CADENCE frame=6673 interval_ms=12.391791 paused=false
PRESENT CADENCE frame=6674 interval_ms=0.835709 paused=false
PRESENT CADENCE frame=6675 interval_ms=15.821791 paused=false
PRESENT CADENCE frame=6676 interval_ms=0.457542 paused=false
PRESENT CADENCE frame=6677 interval_ms=20.113208 paused=false
PRESENT CADENCE frame=6678 interval_ms=0.855750 paused=false
PRESENT CADENCE frame=6679 interval_ms=14.330959 paused=false
PRESENT CADENCE frame=6680 interval_ms=0.743416 paused=false
PRESENT CADENCE frame=6681 interval_ms=14.041709 paused=false
PRESENT CADENCE frame=6682 interval_ms=1.038375 paused=false
PRESENT CADENCE frame=6683 interval_ms=14.366041 paused=false
PRESENT CADENCE frame=6684 interval_ms=0.889209 paused=false
PRESENT CADENCE frame=6685 interval_ms=13.873708 paused=false
PRESENT CADENCE frame=6686 interval_ms=0.731917 paused=false
PRESENT CADENCE frame=6687 interval_ms=12.705541 paused=false
PRESENT CADENCE frame=6688 interval_ms=0.737334 paused=false
PRESENT CADENCE frame=6689 interval_ms=13.143458 paused=false
PRESENT CADENCE frame=6690 interval_ms=0.802417 paused=false
PRESENT CADENCE frame=6691 interval_ms=11.977375 paused=false
PRESENT CADENCE frame=6692 interval_ms=0.718708 paused=false
PRESENT CADENCE frame=6693 interval_ms=11.799417 paused=false
PRESENT CADENCE frame=6694 interval_ms=0.626291 paused=false
PRESENT CADENCE frame=6695 interval_ms=11.873500 paused=false
PRESENT CADENCE frame=6696 interval_ms=0.399959 paused=false
PRESENT CADENCE frame=6697 interval_ms=13.705333 paused=false
PRESENT CADENCE frame=6698 interval_ms=0.773958 paused=false
PRESENT CADENCE frame=6699 interval_ms=11.216667 paused=false
PRESENT CADENCE frame=6700 interval_ms=0.283667 paused=false
PRESENT CADENCE frame=6701 interval_ms=12.447708 paused=false
PRESENT CADENCE frame=6702 interval_ms=0.577083 paused=false
PRESENT CADENCE frame=6703 interval_ms=11.275750 paused=false
PRESENT CADENCE frame=6704 interval_ms=0.414750 paused=false
PRESENT CADENCE frame=6705 interval_ms=12.335459 paused=false
PRESENT CADENCE frame=6706 interval_ms=0.720500 paused=false
PRESENT CADENCE frame=6707 interval_ms=10.309583 paused=false
PRESENT CADENCE frame=6708 interval_ms=0.365125 paused=false
PRESENT CADENCE frame=6709 interval_ms=9.660750 paused=false
PRESENT CADENCE frame=6710 interval_ms=0.562042 paused=false
PRESENT CADENCE frame=6711 interval_ms=11.590500 paused=false
PRESENT CADENCE frame=6712 interval_ms=0.617083 paused=false
PRESENT CADENCE frame=6713 interval_ms=12.577042 paused=false
PRESENT CADENCE frame=6714 interval_ms=0.785041 paused=false
PRESENT CADENCE frame=6715 interval_ms=11.527375 paused=false
PRESENT CADENCE frame=6716 interval_ms=0.699000 paused=false
PRESENT CADENCE frame=6717 interval_ms=12.663834 paused=false
PRESENT CADENCE frame=6718 interval_ms=0.806416 paused=false
PRESENT CADENCE frame=6719 interval_ms=15.279500 paused=false
PRESENT CADENCE frame=6720 interval_ms=0.363125 paused=false
PRESENT CADENCE frame=6721 interval_ms=13.364625 paused=false
PRESENT CADENCE frame=6722 interval_ms=0.608834 paused=false
PRESENT CADENCE frame=6723 interval_ms=13.757500 paused=false
PRESENT CADENCE frame=6724 interval_ms=0.655083 paused=false
PRESENT CADENCE frame=6725 interval_ms=12.806667 paused=false
PRESENT CADENCE frame=6726 interval_ms=0.611375 paused=false
PRESENT CADENCE frame=6727 interval_ms=12.154500 paused=false
PRESENT CADENCE frame=6728 interval_ms=0.635833 paused=false
PRESENT CADENCE frame=6729 interval_ms=11.716125 paused=false
PRESENT CADENCE frame=6730 interval_ms=0.536500 paused=false
PRESENT CADENCE frame=6731 interval_ms=10.813208 paused=false
PRESENT CADENCE frame=6732 interval_ms=0.447542 paused=false
PRESENT CADENCE frame=6733 interval_ms=11.824167 paused=false
PRESENT CADENCE frame=6734 interval_ms=0.650000 paused=false
PRESENT CADENCE frame=6735 interval_ms=12.176166 paused=false
PRESENT CADENCE frame=6736 interval_ms=0.663250 paused=false
PRESENT CADENCE frame=6737 interval_ms=15.200000 paused=false
PRESENT CADENCE frame=6738 interval_ms=0.928834 paused=false
PRESENT CADENCE frame=6739 interval_ms=11.904291 paused=false
PRESENT CADENCE frame=6740 interval_ms=0.687417 paused=false
PRESENT CADENCE frame=6741 interval_ms=11.384708 paused=false
PRESENT CADENCE frame=6742 interval_ms=0.357250 paused=false
PRESENT CADENCE frame=6743 interval_ms=16.769167 paused=false
PRESENT CADENCE frame=6744 interval_ms=0.935458 paused=false
PRESENT CADENCE frame=6745 interval_ms=18.375667 paused=false
PRESENT CADENCE frame=6746 interval_ms=0.692833 paused=false
PRESENT CADENCE frame=6747 interval_ms=12.773417 paused=false
PRESENT CADENCE frame=6748 interval_ms=0.681875 paused=false
PRESENT CADENCE frame=6749 interval_ms=13.342042 paused=false
PRESENT CADENCE frame=6750 interval_ms=0.703333 paused=false
PRESENT CADENCE frame=6751 interval_ms=12.637750 paused=false
PRESENT CADENCE frame=6752 interval_ms=0.590250 paused=false
PRESENT CADENCE frame=6753 interval_ms=15.828792 paused=false
PRESENT CADENCE frame=6754 interval_ms=0.407958 paused=false
PRESENT CADENCE frame=6755 interval_ms=13.021250 paused=false
PRESENT CADENCE frame=6756 interval_ms=0.966750 paused=false
PRESENT CADENCE frame=6757 interval_ms=13.032917 paused=false
PRESENT CADENCE frame=6758 interval_ms=0.760833 paused=false
PRESENT CADENCE frame=6759 interval_ms=12.628750 paused=false
FULL MODEL WORKER work_ms=1314.654 physics_ms=633.615 mesh_ms=325.119 partition_ms=22.753 streams_ms=333.167
PRESENT CADENCE frame=6760 interval_ms=48.523125 paused=false
PRESENT CADENCE frame=6761 interval_ms=1.711292 paused=false
PRESENT CADENCE frame=6762 interval_ms=17.606583 paused=false
PRESENT CADENCE frame=6763 interval_ms=2.039167 paused=false
PRESENT CADENCE frame=6764 interval_ms=18.102208 paused=false
PRESENT CADENCE frame=6765 interval_ms=0.702958 paused=false
PRESENT CADENCE frame=6766 interval_ms=14.074959 paused=false
PRESENT CADENCE frame=6767 interval_ms=0.825500 paused=false
PRESENT CADENCE frame=6768 interval_ms=11.502666 paused=false
PRESENT CADENCE frame=6769 interval_ms=0.735167 paused=false
PRESENT CADENCE frame=6770 interval_ms=12.568958 paused=false
PRESENT CADENCE frame=6771 interval_ms=0.381375 paused=false
PRESENT CADENCE frame=6772 interval_ms=12.873792 paused=false
PRESENT CADENCE frame=6773 interval_ms=0.344042 paused=false
PRESENT CADENCE frame=6774 interval_ms=11.433833 paused=false
PRESENT CADENCE frame=6775 interval_ms=0.291708 paused=false
PRESENT CADENCE frame=6776 interval_ms=16.203750 paused=false
PRESENT CADENCE frame=6777 interval_ms=0.277500 paused=false
PRESENT CADENCE frame=6778 interval_ms=11.953750 paused=false
PRESENT CADENCE frame=6779 interval_ms=0.258375 paused=false
PRESENT CADENCE frame=6780 interval_ms=12.718417 paused=false
PRESENT CADENCE frame=6781 interval_ms=0.216917 paused=false
PRESENT CADENCE frame=6782 interval_ms=11.836458 paused=false
PRESENT CADENCE frame=6783 interval_ms=0.262875 paused=false
PRESENT CADENCE frame=6784 interval_ms=12.092833 paused=false
PRESENT CADENCE frame=6785 interval_ms=0.278000 paused=false
PRESENT CADENCE frame=6786 interval_ms=12.213834 paused=false
PRESENT CADENCE frame=6787 interval_ms=0.506208 paused=false
PRESENT CADENCE frame=6788 interval_ms=12.731875 paused=false
PRESENT CADENCE frame=6789 interval_ms=0.279042 paused=false
PRESENT CADENCE frame=6790 interval_ms=10.125291 paused=false
PRESENT CADENCE frame=6791 interval_ms=0.268834 paused=false
PRESENT CADENCE frame=6792 interval_ms=17.966791 paused=false
PRESENT CADENCE frame=6793 interval_ms=0.347500 paused=false
PRESENT CADENCE frame=6794 interval_ms=18.672167 paused=false
PRESENT CADENCE frame=6795 interval_ms=0.280375 paused=false
PRESENT CADENCE frame=6796 interval_ms=13.638333 paused=false
PRESENT CADENCE frame=6797 interval_ms=0.278875 paused=false
PRESENT CADENCE frame=6798 interval_ms=11.762209 paused=false
PRESENT CADENCE frame=6799 interval_ms=0.276208 paused=false
PRESENT CADENCE frame=6800 interval_ms=12.785042 paused=false
PRESENT CADENCE frame=6801 interval_ms=0.347958 paused=false
PRESENT CADENCE frame=6802 interval_ms=12.127500 paused=false
PRESENT CADENCE frame=6803 interval_ms=0.232083 paused=false
PRESENT CADENCE frame=6804 interval_ms=12.158667 paused=false
PRESENT CADENCE frame=6805 interval_ms=0.263167 paused=false
PRESENT CADENCE frame=6806 interval_ms=11.993583 paused=false
PRESENT CADENCE frame=6807 interval_ms=0.246667 paused=false
PRESENT CADENCE frame=6808 interval_ms=12.241625 paused=false
PRESENT CADENCE frame=6809 interval_ms=0.326958 paused=false
PRESENT CADENCE frame=6810 interval_ms=9.939542 paused=false
PRESENT CADENCE frame=6811 interval_ms=0.664916 paused=false
PRESENT CADENCE frame=6812 interval_ms=10.536625 paused=false
PRESENT CADENCE frame=6813 interval_ms=0.770292 paused=false
PRESENT CADENCE frame=6814 interval_ms=8.942542 paused=false
PRESENT CADENCE frame=6815 interval_ms=0.641000 paused=false
PRESENT CADENCE frame=6816 interval_ms=10.915750 paused=false
PRESENT CADENCE frame=6817 interval_ms=0.363125 paused=false
PRESENT CADENCE frame=6818 interval_ms=9.684250 paused=false
PRESENT CADENCE frame=6819 interval_ms=0.274750 paused=false
PRESENT CADENCE frame=6820 interval_ms=12.722666 paused=false
PRESENT CADENCE frame=6821 interval_ms=0.749584 paused=false
PRESENT CADENCE frame=6822 interval_ms=11.483833 paused=false
PRESENT CADENCE frame=6823 interval_ms=0.712708 paused=false
PRESENT CADENCE frame=6824 interval_ms=16.163584 paused=false
PRESENT CADENCE frame=6825 interval_ms=0.840916 paused=false
PRESENT CADENCE frame=6826 interval_ms=18.503042 paused=false
PRESENT CADENCE frame=6827 interval_ms=0.687042 paused=false
PRESENT CADENCE frame=6828 interval_ms=11.710250 paused=false
PRESENT CADENCE frame=6829 interval_ms=0.810791 paused=false
PRESENT CADENCE frame=6830 interval_ms=12.571750 paused=false
PRESENT CADENCE frame=6831 interval_ms=0.848834 paused=false
PRESENT CADENCE frame=6832 interval_ms=11.648250 paused=false
PRESENT CADENCE frame=6833 interval_ms=0.626666 paused=false
PRESENT CADENCE frame=6834 interval_ms=10.839792 paused=false
PRESENT CADENCE frame=6835 interval_ms=0.794750 paused=false
PRESENT CADENCE frame=6836 interval_ms=16.382375 paused=false
PRESENT CADENCE frame=6837 interval_ms=0.580792 paused=false
PRESENT CADENCE frame=6838 interval_ms=11.885791 paused=false
PRESENT CADENCE frame=6839 interval_ms=0.831167 paused=false
PRESENT CADENCE frame=6840 interval_ms=11.057042 paused=false
PRESENT CADENCE frame=6841 interval_ms=0.615833 paused=false
PRESENT CADENCE frame=6842 interval_ms=11.062417 paused=false
PRESENT CADENCE frame=6843 interval_ms=0.754083 paused=false
PRESENT CADENCE frame=6844 interval_ms=15.622125 paused=false
PRESENT CADENCE frame=6845 interval_ms=0.449083 paused=false
PRESENT CADENCE frame=6846 interval_ms=13.641917 paused=false
PRESENT CADENCE frame=6847 interval_ms=0.670750 paused=false
PRESENT CADENCE frame=6848 interval_ms=11.282042 paused=false
PRESENT CADENCE frame=6849 interval_ms=0.422625 paused=false
PRESENT CADENCE frame=6850 interval_ms=17.314458 paused=false
PRESENT CADENCE frame=6851 interval_ms=0.743708 paused=false
PRESENT CADENCE frame=6852 interval_ms=13.241084 paused=false
PRESENT CADENCE frame=6853 interval_ms=0.854500 paused=false
PRESENT CADENCE frame=6854 interval_ms=13.287541 paused=false
PRESENT CADENCE frame=6855 interval_ms=0.842459 paused=false
PRESENT CADENCE frame=6856 interval_ms=14.391625 paused=false
PRESENT CADENCE frame=6857 interval_ms=0.852625 paused=false
PRESENT CADENCE frame=6858 interval_ms=12.805291 paused=false
PRESENT CADENCE frame=6859 interval_ms=0.859167 paused=false
PRESENT CADENCE frame=6860 interval_ms=15.431333 paused=false
PRESENT CADENCE frame=6861 interval_ms=0.780375 paused=false
PRESENT CADENCE frame=6862 interval_ms=13.638125 paused=false
PRESENT CADENCE frame=6863 interval_ms=0.900917 paused=false
PRESENT CADENCE frame=6864 interval_ms=15.157542 paused=false
PRESENT CADENCE frame=6865 interval_ms=0.801708 paused=false
PRESENT CADENCE frame=6866 interval_ms=13.910292 paused=false
PRESENT CADENCE frame=6867 interval_ms=0.631583 paused=false
PRESENT CADENCE frame=6868 interval_ms=13.122458 paused=false
PRESENT CADENCE frame=6869 interval_ms=0.727667 paused=false
PRESENT CADENCE frame=6870 interval_ms=12.645208 paused=false
PRESENT CADENCE frame=6871 interval_ms=0.926667 paused=false
PRESENT CADENCE frame=6872 interval_ms=20.286417 paused=false
PRESENT CADENCE frame=6873 interval_ms=0.789000 paused=false
PRESENT CADENCE frame=6874 interval_ms=13.767541 paused=false
PRESENT CADENCE frame=6875 interval_ms=0.813959 paused=false
PRESENT CADENCE frame=6876 interval_ms=12.789791 paused=false
PRESENT CADENCE frame=6877 interval_ms=0.823167 paused=false
PRESENT CADENCE frame=6878 interval_ms=12.898708 paused=false
PRESENT CADENCE frame=6879 interval_ms=0.813334 paused=false
PRESENT CADENCE frame=6880 interval_ms=14.172791 paused=false
PRESENT CADENCE frame=6881 interval_ms=0.396000 paused=false
PRESENT CADENCE frame=6882 interval_ms=14.079459 paused=false
PRESENT CADENCE frame=6883 interval_ms=0.491125 paused=false
PRESENT CADENCE frame=6884 interval_ms=13.130166 paused=false
PRESENT CADENCE frame=6885 interval_ms=0.335667 paused=false
PRESENT CADENCE frame=6886 interval_ms=13.615917 paused=false
PRESENT CADENCE frame=6887 interval_ms=0.359750 paused=false
PRESENT CADENCE frame=6888 interval_ms=13.436375 paused=false
PRESENT CADENCE frame=6889 interval_ms=0.376916 paused=false
PRESENT CADENCE frame=6890 interval_ms=13.380292 paused=false
PRESENT CADENCE frame=6891 interval_ms=0.380500 paused=false
PRESENT CADENCE frame=6892 interval_ms=15.616500 paused=false
PRESENT CADENCE frame=6893 interval_ms=0.386250 paused=false
PRESENT CADENCE frame=6894 interval_ms=14.123917 paused=false
PRESENT CADENCE frame=6895 interval_ms=0.358166 paused=false
PRESENT CADENCE frame=6896 interval_ms=13.105084 paused=false
PRESENT CADENCE frame=6897 interval_ms=0.882083 paused=false
PRESENT CADENCE frame=6898 interval_ms=12.400542 paused=false
PRESENT CADENCE frame=6899 interval_ms=0.748416 paused=false
PRESENT CADENCE frame=6900 interval_ms=13.127417 paused=false
PRESENT CADENCE frame=6901 interval_ms=0.802792 paused=false
PRESENT CADENCE frame=6902 interval_ms=12.746166 paused=false
PRESENT CADENCE frame=6903 interval_ms=0.869292 paused=false
PRESENT CADENCE frame=6904 interval_ms=10.738500 paused=false
PRESENT CADENCE frame=6905 interval_ms=0.479958 paused=false
PRESENT CADENCE frame=6906 interval_ms=14.012750 paused=false
PRESENT CADENCE frame=6907 interval_ms=0.875959 paused=false
PRESENT CADENCE frame=6908 interval_ms=12.600458 paused=false
PRESENT CADENCE frame=6909 interval_ms=0.331792 paused=false
PRESENT CADENCE frame=6910 interval_ms=14.041333 paused=false
PRESENT CADENCE frame=6911 interval_ms=0.862833 paused=false
PRESENT CADENCE frame=6912 interval_ms=12.840584 paused=false
PRESENT CADENCE frame=6913 interval_ms=0.884125 paused=false
PRESENT CADENCE frame=6914 interval_ms=19.190750 paused=false
PRESENT CADENCE frame=6915 interval_ms=0.864750 paused=false
PRESENT CADENCE frame=6916 interval_ms=18.696708 paused=false
PRESENT CADENCE frame=6917 interval_ms=1.010333 paused=false
PRESENT CADENCE frame=6918 interval_ms=18.725625 paused=false
PRESENT CADENCE frame=6919 interval_ms=0.760000 paused=false
PRESENT CADENCE frame=6920 interval_ms=15.254542 paused=false
PRESENT CADENCE frame=6921 interval_ms=0.871458 paused=false
PRESENT CADENCE frame=6922 interval_ms=12.214084 paused=false
PRESENT CADENCE frame=6923 interval_ms=0.884541 paused=false
PRESENT CADENCE frame=6924 interval_ms=12.542792 paused=false
PRESENT CADENCE frame=6925 interval_ms=0.820667 paused=false
PRESENT CADENCE frame=6926 interval_ms=13.229833 paused=false
PRESENT CADENCE frame=6927 interval_ms=0.634000 paused=false
PRESENT CADENCE frame=6928 interval_ms=15.173792 paused=false
FULL MODEL WORKER work_ms=1239.169 physics_ms=590.813 mesh_ms=293.724 partition_ms=17.242 streams_ms=337.389
PRESENT CADENCE frame=6929 interval_ms=52.642041 paused=false
PRESENT CADENCE frame=6930 interval_ms=1.790209 paused=false
PRESENT CADENCE frame=6931 interval_ms=15.449416 paused=false
PRESENT CADENCE frame=6932 interval_ms=0.775584 paused=false
PRESENT CADENCE frame=6933 interval_ms=16.386750 paused=false
PRESENT CADENCE frame=6934 interval_ms=0.451875 paused=false
PRESENT CADENCE frame=6935 interval_ms=12.214750 paused=false
PRESENT CADENCE frame=6936 interval_ms=0.706458 paused=false
PRESENT CADENCE frame=6937 interval_ms=18.377167 paused=false
PRESENT CADENCE frame=6938 interval_ms=0.756750 paused=false
PRESENT CADENCE frame=6939 interval_ms=15.517875 paused=false
PRESENT CADENCE frame=6940 interval_ms=0.451708 paused=false
PRESENT CADENCE frame=6941 interval_ms=18.578542 paused=false
PRESENT CADENCE frame=6942 interval_ms=0.376833 paused=false
PRESENT CADENCE frame=6943 interval_ms=15.608375 paused=false
PRESENT CADENCE frame=6944 interval_ms=0.592708 paused=false
PRESENT CADENCE frame=6945 interval_ms=11.305750 paused=false
PRESENT CADENCE frame=6946 interval_ms=0.283792 paused=false
PRESENT CADENCE frame=6947 interval_ms=11.158667 paused=false
PRESENT CADENCE frame=6948 interval_ms=0.250416 paused=false
PRESENT CADENCE frame=6949 interval_ms=14.794167 paused=false
PRESENT CADENCE frame=6950 interval_ms=0.256083 paused=false
PRESENT CADENCE frame=6951 interval_ms=12.422792 paused=false
PRESENT CADENCE frame=6952 interval_ms=0.249417 paused=false
PRESENT CADENCE frame=6953 interval_ms=16.513083 paused=false
PRESENT CADENCE frame=6954 interval_ms=0.388833 paused=false
PRESENT CADENCE frame=6955 interval_ms=18.839625 paused=false
PRESENT CADENCE frame=6956 interval_ms=0.286709 paused=false
PRESENT CADENCE frame=6957 interval_ms=16.042250 paused=false
PRESENT CADENCE frame=6958 interval_ms=0.259583 paused=false
PRESENT CADENCE frame=6959 interval_ms=10.531500 paused=false
PRESENT CADENCE frame=6960 interval_ms=0.241083 paused=false
PRESENT CADENCE frame=6961 interval_ms=16.174292 paused=false
PRESENT CADENCE frame=6962 interval_ms=0.409333 paused=false
PRESENT CADENCE frame=6963 interval_ms=10.467459 paused=false
PRESENT CADENCE frame=6964 interval_ms=0.185541 paused=false
PRESENT CADENCE frame=6965 interval_ms=10.663375 paused=false
PRESENT CADENCE frame=6966 interval_ms=0.214542 paused=false
PRESENT CADENCE frame=6967 interval_ms=16.845042 paused=false
PRESENT CADENCE frame=6968 interval_ms=0.222958 paused=false
PRESENT CADENCE frame=6969 interval_ms=11.100292 paused=false
PRESENT CADENCE frame=6970 interval_ms=0.229333 paused=false
PRESENT CADENCE frame=6971 interval_ms=9.732000 paused=false
PRESENT CADENCE frame=6972 interval_ms=0.551917 paused=false
PRESENT CADENCE frame=6973 interval_ms=9.840750 paused=false
PRESENT CADENCE frame=6974 interval_ms=0.402333 paused=false
PRESENT CADENCE frame=6975 interval_ms=10.408125 paused=false
PRESENT CADENCE frame=6976 interval_ms=0.210792 paused=false
PRESENT CADENCE frame=6977 interval_ms=16.115625 paused=false
PRESENT CADENCE frame=6978 interval_ms=0.298250 paused=false
PRESENT CADENCE frame=6979 interval_ms=10.670125 paused=false
PRESENT CADENCE frame=6980 interval_ms=0.730000 paused=false
PRESENT CADENCE frame=6981 interval_ms=15.142000 paused=false
PRESENT CADENCE frame=6982 interval_ms=0.368125 paused=false
PRESENT CADENCE frame=6983 interval_ms=10.201250 paused=false
PRESENT CADENCE frame=6984 interval_ms=0.659958 paused=false
PRESENT CADENCE frame=6985 interval_ms=16.567750 paused=false
PRESENT CADENCE frame=6986 interval_ms=0.406417 paused=false
PRESENT CADENCE frame=6987 interval_ms=9.002791 paused=false
PRESENT CADENCE frame=6988 interval_ms=0.325584 paused=false
PRESENT CADENCE frame=6989 interval_ms=11.760458 paused=false
PRESENT CADENCE frame=6990 interval_ms=0.760083 paused=false
PRESENT CADENCE frame=6991 interval_ms=10.562334 paused=false
PRESENT CADENCE frame=6992 interval_ms=0.772250 paused=false
PRESENT CADENCE frame=6993 interval_ms=15.554791 paused=false
PRESENT CADENCE frame=6994 interval_ms=0.364709 paused=false
PRESENT CADENCE frame=6995 interval_ms=12.262541 paused=false
PRESENT CADENCE frame=6996 interval_ms=1.053042 paused=false
PRESENT CADENCE frame=6997 interval_ms=11.358458 paused=false
PRESENT CADENCE frame=6998 interval_ms=0.575417 paused=false
PRESENT CADENCE frame=6999 interval_ms=10.392000 paused=false
PRESENT CADENCE frame=7000 interval_ms=0.434083 paused=false
PRESENT CADENCE frame=7001 interval_ms=10.908375 paused=false
PRESENT CADENCE frame=7002 interval_ms=0.845417 paused=false
PRESENT CADENCE frame=7003 interval_ms=11.380917 paused=false
PRESENT CADENCE frame=7004 interval_ms=0.747083 paused=false
PRESENT CADENCE frame=7005 interval_ms=11.387500 paused=false
PRESENT CADENCE frame=7006 interval_ms=0.630417 paused=false
PRESENT CADENCE frame=7007 interval_ms=10.917916 paused=false
PRESENT CADENCE frame=7008 interval_ms=0.589125 paused=false
PRESENT CADENCE frame=7009 interval_ms=15.485792 paused=false
PRESENT CADENCE frame=7010 interval_ms=0.453875 paused=false
PRESENT CADENCE frame=7011 interval_ms=18.280000 paused=false
PRESENT CADENCE frame=7012 interval_ms=0.773792 paused=false
PRESENT CADENCE frame=7013 interval_ms=10.716250 paused=false
PRESENT CADENCE frame=7014 interval_ms=0.573208 paused=false
PRESENT CADENCE frame=7015 interval_ms=11.742042 paused=false
PRESENT CADENCE frame=7016 interval_ms=0.749875 paused=false
PRESENT CADENCE frame=7017 interval_ms=12.040416 paused=false
PRESENT CADENCE frame=7018 interval_ms=0.358125 paused=false
PRESENT CADENCE frame=7019 interval_ms=10.373417 paused=false
PRESENT CADENCE frame=7020 interval_ms=0.395750 paused=false
PRESENT CADENCE frame=7021 interval_ms=11.485875 paused=false
PRESENT CADENCE frame=7022 interval_ms=0.442458 paused=false
PRESENT CADENCE frame=7023 interval_ms=19.008084 paused=false
PRESENT CADENCE frame=7024 interval_ms=0.850875 paused=false
PRESENT CADENCE frame=7025 interval_ms=11.037416 paused=false
PRESENT CADENCE frame=7026 interval_ms=0.415834 paused=false
PRESENT CADENCE frame=7027 interval_ms=12.918625 paused=false
PRESENT CADENCE frame=7028 interval_ms=0.722958 paused=false
PRESENT CADENCE frame=7029 interval_ms=9.897000 paused=false
PRESENT CADENCE frame=7030 interval_ms=0.361750 paused=false
PRESENT CADENCE frame=7031 interval_ms=19.820875 paused=false
PRESENT CADENCE frame=7032 interval_ms=11.012792 paused=false
PRESENT CADENCE frame=7033 interval_ms=2.534000 paused=false
PRESENT CADENCE frame=7034 interval_ms=0.270875 paused=false
PRESENT CADENCE frame=7035 interval_ms=12.374833 paused=false
PRESENT CADENCE frame=7036 interval_ms=0.626750 paused=false
PRESENT CADENCE frame=7037 interval_ms=11.592708 paused=false
PRESENT CADENCE frame=7038 interval_ms=0.487375 paused=false
PRESENT CADENCE frame=7039 interval_ms=12.380709 paused=false
PRESENT CADENCE frame=7040 interval_ms=0.567125 paused=false
PRESENT CADENCE frame=7041 interval_ms=11.428291 paused=false
PRESENT CADENCE frame=7042 interval_ms=0.448625 paused=false
PRESENT CADENCE frame=7043 interval_ms=12.492292 paused=false
PRESENT CADENCE frame=7044 interval_ms=0.685583 paused=false
PRESENT CADENCE frame=7045 interval_ms=12.605667 paused=false
PRESENT CADENCE frame=7046 interval_ms=0.612125 paused=false
PRESENT CADENCE frame=7047 interval_ms=18.925000 paused=false
PRESENT CADENCE frame=7048 interval_ms=0.696375 paused=false
PRESENT CADENCE frame=7049 interval_ms=15.756458 paused=false
PRESENT CADENCE frame=7050 interval_ms=0.380334 paused=false
PRESENT CADENCE frame=7051 interval_ms=10.822041 paused=false
PRESENT CADENCE frame=7052 interval_ms=0.437250 paused=false
PRESENT CADENCE frame=7053 interval_ms=12.619000 paused=false
PRESENT CADENCE frame=7054 interval_ms=0.276125 paused=false
PRESENT CADENCE frame=7055 interval_ms=13.715584 paused=false
PRESENT CADENCE frame=7056 interval_ms=0.287000 paused=false
PRESENT CADENCE frame=7057 interval_ms=12.123125 paused=false
PRESENT CADENCE frame=7058 interval_ms=0.319083 paused=false
PRESENT CADENCE frame=7059 interval_ms=16.858208 paused=false
PRESENT CADENCE frame=7060 interval_ms=0.247209 paused=false
PRESENT CADENCE frame=7061 interval_ms=11.778041 paused=false
PRESENT CADENCE frame=7062 interval_ms=0.246334 paused=false
PRESENT CADENCE frame=7063 interval_ms=12.212000 paused=false
PRESENT CADENCE frame=7064 interval_ms=0.386208 paused=false
PRESENT CADENCE frame=7065 interval_ms=13.156042 paused=false
PRESENT CADENCE frame=7066 interval_ms=0.303708 paused=false
PRESENT CADENCE frame=7067 interval_ms=12.699167 paused=false
PRESENT CADENCE frame=7068 interval_ms=0.283916 paused=false
PRESENT CADENCE frame=7069 interval_ms=11.444459 paused=false
PRESENT CADENCE frame=7070 interval_ms=0.292541 paused=false
PRESENT CADENCE frame=7071 interval_ms=17.548084 paused=false
PRESENT CADENCE frame=7072 interval_ms=0.382041 paused=false
PRESENT CADENCE frame=7073 interval_ms=19.887459 paused=false
PRESENT CADENCE frame=7074 interval_ms=0.592791 paused=false
PRESENT CADENCE frame=7075 interval_ms=12.372875 paused=false
PRESENT CADENCE frame=7076 interval_ms=0.460292 paused=false
PRESENT CADENCE frame=7077 interval_ms=12.984167 paused=false
PRESENT CADENCE frame=7078 interval_ms=0.618291 paused=false
PRESENT CADENCE frame=7079 interval_ms=11.976792 paused=false
PRESENT CADENCE frame=7080 interval_ms=0.534125 paused=false
PRESENT CADENCE frame=7081 interval_ms=19.922542 paused=false
PRESENT CADENCE frame=7082 interval_ms=1.252375 paused=false
PRESENT CADENCE frame=7083 interval_ms=19.966041 paused=false
PRESENT CADENCE frame=7084 interval_ms=11.890042 paused=false
PRESENT CADENCE frame=7085 interval_ms=2.226458 paused=false
PRESENT CADENCE frame=7086 interval_ms=0.361209 paused=false
PRESENT CADENCE frame=7087 interval_ms=13.676666 paused=false
FULL MODEL WORKER work_ms=1162.773 physics_ms=535.999 mesh_ms=292.109 partition_ms=22.624 streams_ms=312.041
PRESENT CADENCE frame=7088 interval_ms=51.403459 paused=false
PRESENT CADENCE frame=7089 interval_ms=1.762208 paused=false
PRESENT CADENCE frame=7090 interval_ms=5.020042 paused=false
PRESENT CADENCE frame=7091 interval_ms=0.474291 paused=false
PRESENT CADENCE frame=7092 interval_ms=11.607125 paused=false
PRESENT CADENCE frame=7093 interval_ms=1.699459 paused=false
PRESENT CADENCE frame=7094 interval_ms=10.957791 paused=false
PRESENT CADENCE frame=7095 interval_ms=0.262334 paused=false
PRESENT CADENCE frame=7096 interval_ms=12.287083 paused=false
PRESENT CADENCE frame=7097 interval_ms=0.319667 paused=false
PRESENT CADENCE frame=7098 interval_ms=17.775000 paused=false
PRESENT CADENCE frame=7099 interval_ms=0.286541 paused=false
PRESENT CADENCE frame=7100 interval_ms=13.677584 paused=false
PRESENT CADENCE frame=7101 interval_ms=0.316291 paused=false
PRESENT CADENCE frame=7102 interval_ms=12.484750 paused=false
PRESENT CADENCE frame=7103 interval_ms=0.426042 paused=false
PRESENT CADENCE frame=7104 interval_ms=14.933708 paused=false
PRESENT CADENCE frame=7105 interval_ms=0.396667 paused=false
PRESENT CADENCE frame=7106 interval_ms=13.081833 paused=false
PRESENT CADENCE frame=7107 interval_ms=0.368709 paused=false
PRESENT CADENCE frame=7108 interval_ms=12.438958 paused=false
PRESENT CADENCE frame=7109 interval_ms=0.243708 paused=false
PRESENT CADENCE frame=7110 interval_ms=13.572834 paused=false
PRESENT CADENCE frame=7111 interval_ms=0.261333 paused=false
PRESENT CADENCE frame=7112 interval_ms=12.732542 paused=false
PRESENT CADENCE frame=7113 interval_ms=0.256208 paused=false
PRESENT CADENCE frame=7114 interval_ms=13.013083 paused=false
PRESENT CADENCE frame=7115 interval_ms=0.568375 paused=false
PRESENT CADENCE frame=7116 interval_ms=11.543125 paused=false
PRESENT CADENCE frame=7117 interval_ms=0.403625 paused=false
PRESENT CADENCE frame=7118 interval_ms=16.959709 paused=false
PRESENT CADENCE frame=7119 interval_ms=0.651708 paused=false
PRESENT CADENCE frame=7120 interval_ms=11.824625 paused=false
PRESENT CADENCE frame=7121 interval_ms=0.575750 paused=false
PRESENT CADENCE frame=7122 interval_ms=11.904208 paused=false
PRESENT CADENCE frame=7123 interval_ms=0.528125 paused=false
PRESENT CADENCE frame=7124 interval_ms=12.371250 paused=false
PRESENT CADENCE frame=7125 interval_ms=0.368334 paused=false
PRESENT CADENCE frame=7126 interval_ms=17.733458 paused=false
PRESENT CADENCE frame=7127 interval_ms=0.579500 paused=false
PRESENT CADENCE frame=7128 interval_ms=12.201333 paused=false
PRESENT CADENCE frame=7129 interval_ms=0.646459 paused=false
PRESENT CADENCE frame=7130 interval_ms=19.577166 paused=false
PRESENT CADENCE frame=7131 interval_ms=0.609167 paused=false
PRESENT CADENCE frame=7132 interval_ms=12.287542 paused=false
PRESENT CADENCE frame=7133 interval_ms=0.772333 paused=false
PRESENT CADENCE frame=7134 interval_ms=11.285625 paused=false
PRESENT CADENCE frame=7135 interval_ms=0.191667 paused=false
PRESENT CADENCE frame=7136 interval_ms=12.628416 paused=false
PRESENT CADENCE frame=7137 interval_ms=0.173709 paused=false
PRESENT CADENCE frame=7138 interval_ms=12.725250 paused=false
PRESENT CADENCE frame=7139 interval_ms=0.296000 paused=false
PRESENT CADENCE frame=7140 interval_ms=15.661375 paused=false
PRESENT CADENCE frame=7141 interval_ms=0.218250 paused=false
PRESENT CADENCE frame=7142 interval_ms=12.710791 paused=false
PRESENT CADENCE frame=7143 interval_ms=0.176459 paused=false
PRESENT CADENCE frame=7144 interval_ms=13.134916 paused=false
PRESENT CADENCE frame=7145 interval_ms=0.193042 paused=false
PRESENT CADENCE frame=7146 interval_ms=11.832083 paused=false
PRESENT CADENCE frame=7147 interval_ms=0.236917 paused=false
PRESENT CADENCE frame=7148 interval_ms=11.213292 paused=false
PRESENT CADENCE frame=7149 interval_ms=0.268291 paused=false
PRESENT CADENCE frame=7150 interval_ms=11.597125 paused=false
PRESENT CADENCE frame=7151 interval_ms=0.181709 paused=false
PRESENT CADENCE frame=7152 interval_ms=10.169375 paused=false
PRESENT CADENCE frame=7153 interval_ms=10.726166 paused=false
PRESENT CADENCE frame=7154 interval_ms=2.006750 paused=false
PRESENT CADENCE frame=7155 interval_ms=0.172625 paused=false
PRESENT CADENCE frame=7156 interval_ms=14.675792 paused=false
PRESENT CADENCE frame=7157 interval_ms=0.792792 paused=false
PRESENT CADENCE frame=7158 interval_ms=13.360750 paused=false
PRESENT CADENCE frame=7159 interval_ms=0.585666 paused=false
PRESENT CADENCE frame=7160 interval_ms=14.019334 paused=false
PRESENT CADENCE frame=7161 interval_ms=0.544666 paused=false
PRESENT CADENCE frame=7162 interval_ms=13.078959 paused=false
PRESENT CADENCE frame=7163 interval_ms=0.675291 paused=false
PRESENT CADENCE frame=7164 interval_ms=14.438792 paused=false
PRESENT CADENCE frame=7165 interval_ms=0.743917 paused=false
PRESENT CADENCE frame=7166 interval_ms=13.233625 paused=false
PRESENT CADENCE frame=7167 interval_ms=0.730875 paused=false
PRESENT CADENCE frame=7168 interval_ms=13.403958 paused=false
PRESENT CADENCE frame=7169 interval_ms=0.178792 paused=false
PRESENT CADENCE frame=7170 interval_ms=13.321166 paused=false
PRESENT CADENCE frame=7171 interval_ms=0.432167 paused=false
PRESENT CADENCE frame=7172 interval_ms=12.854167 paused=false
PRESENT CADENCE frame=7173 interval_ms=0.192416 paused=false
PRESENT CADENCE frame=7174 interval_ms=12.524667 paused=false
PRESENT CADENCE frame=7175 interval_ms=0.161917 paused=false
PRESENT CADENCE frame=7176 interval_ms=12.083250 paused=false
PRESENT CADENCE frame=7177 interval_ms=0.182166 paused=false
PRESENT CADENCE frame=7178 interval_ms=12.929542 paused=false
PRESENT CADENCE frame=7179 interval_ms=0.267375 paused=false
PRESENT CADENCE frame=7180 interval_ms=17.053208 paused=false
PRESENT CADENCE frame=7181 interval_ms=0.191959 paused=false
PRESENT CADENCE frame=7182 interval_ms=11.754916 paused=false
PRESENT CADENCE frame=7183 interval_ms=0.282334 paused=false
PRESENT CADENCE frame=7184 interval_ms=13.129291 paused=false
PRESENT CADENCE frame=7185 interval_ms=0.267625 paused=false
PRESENT CADENCE frame=7186 interval_ms=12.421625 paused=false
PRESENT CADENCE frame=7187 interval_ms=0.194625 paused=false
PRESENT CADENCE frame=7188 interval_ms=14.579000 paused=false
PRESENT CADENCE frame=7189 interval_ms=0.325250 paused=false
PRESENT CADENCE frame=7190 interval_ms=13.465542 paused=false
PRESENT CADENCE frame=7191 interval_ms=0.224375 paused=false
PRESENT CADENCE frame=7192 interval_ms=13.185875 paused=false
PRESENT CADENCE frame=7193 interval_ms=0.199708 paused=false
PRESENT CADENCE frame=7194 interval_ms=12.884875 paused=false
PRESENT CADENCE frame=7195 interval_ms=0.170667 paused=false
PRESENT CADENCE frame=7196 interval_ms=12.671083 paused=false
PRESENT CADENCE frame=7197 interval_ms=0.249792 paused=false
PRESENT CADENCE frame=7198 interval_ms=13.410417 paused=false
PRESENT CADENCE frame=7199 interval_ms=0.189500 paused=false
PRESENT CADENCE frame=7200 interval_ms=13.481125 paused=false
PRESENT CADENCE frame=7201 interval_ms=0.239916 paused=false
PRESENT CADENCE frame=7202 interval_ms=12.528584 paused=false
PRESENT CADENCE frame=7203 interval_ms=0.221458 paused=false
PRESENT CADENCE frame=7204 interval_ms=12.094458 paused=false
PRESENT CADENCE frame=7205 interval_ms=0.208125 paused=false
PRESENT CADENCE frame=7206 interval_ms=12.292834 paused=false
PRESENT CADENCE frame=7207 interval_ms=0.231708 paused=false
PRESENT CADENCE frame=7208 interval_ms=12.796083 paused=false
PRESENT CADENCE frame=7209 interval_ms=0.259459 paused=false
PRESENT CADENCE frame=7210 interval_ms=15.538208 paused=false
PRESENT CADENCE frame=7211 interval_ms=0.211167 paused=false
PRESENT CADENCE frame=7212 interval_ms=12.001791 paused=false
PRESENT CADENCE frame=7213 interval_ms=0.184667 paused=false
PRESENT CADENCE frame=7214 interval_ms=14.170333 paused=false
PRESENT CADENCE frame=7215 interval_ms=0.238167 paused=false
PRESENT CADENCE frame=7216 interval_ms=13.682167 paused=false
PRESENT CADENCE frame=7217 interval_ms=0.203541 paused=false
PRESENT CADENCE frame=7218 interval_ms=12.341167 paused=false
PRESENT CADENCE frame=7219 interval_ms=0.290542 paused=false
PRESENT CADENCE frame=7220 interval_ms=12.589458 paused=false
PRESENT CADENCE frame=7221 interval_ms=0.221292 paused=false
PRESENT CADENCE frame=7222 interval_ms=12.832208 paused=false
PRESENT CADENCE frame=7223 interval_ms=0.294542 paused=false
PRESENT CADENCE frame=7224 interval_ms=18.205708 paused=false
PRESENT CADENCE frame=7225 interval_ms=0.217958 paused=false
PRESENT CADENCE frame=7226 interval_ms=12.740417 paused=false
PRESENT CADENCE frame=7227 interval_ms=0.237708 paused=false
PRESENT CADENCE frame=7228 interval_ms=12.195292 paused=false
PRESENT CADENCE frame=7229 interval_ms=0.192583 paused=false
PRESENT CADENCE frame=7230 interval_ms=12.758084 paused=false
PRESENT CADENCE frame=7231 interval_ms=0.268041 paused=false
PRESENT CADENCE frame=7232 interval_ms=12.827084 paused=false
PRESENT CADENCE frame=7233 interval_ms=0.188166 paused=false
PRESENT CADENCE frame=7234 interval_ms=12.129334 paused=false
PRESENT CADENCE frame=7235 interval_ms=0.221250 paused=false
PRESENT CADENCE frame=7236 interval_ms=15.259291 paused=false
PRESENT CADENCE frame=7237 interval_ms=0.226000 paused=false
PRESENT CADENCE frame=7238 interval_ms=13.569000 paused=false
PRESENT CADENCE frame=7239 interval_ms=0.227750 paused=false
PRESENT CADENCE frame=7240 interval_ms=13.521500 paused=false
PRESENT CADENCE frame=7241 interval_ms=0.613584 paused=false
PRESENT CADENCE frame=7242 interval_ms=11.890833 paused=false
PRESENT CADENCE frame=7243 interval_ms=0.226042 paused=false
PRESENT CADENCE frame=7244 interval_ms=12.815875 paused=false
PRESENT CADENCE frame=7245 interval_ms=0.204458 paused=false
PRESENT CADENCE frame=7246 interval_ms=12.307208 paused=false
PRESENT CADENCE frame=7247 interval_ms=0.189125 paused=false
PRESENT CADENCE frame=7248 interval_ms=11.054667 paused=false
PRESENT CADENCE frame=7249 interval_ms=0.179542 paused=false
PRESENT CADENCE frame=7250 interval_ms=11.718541 paused=false
PRESENT CADENCE frame=7251 interval_ms=0.248250 paused=false
PRESENT CADENCE frame=7252 interval_ms=12.666417 paused=false
FULL MODEL WORKER work_ms=1146.755 physics_ms=491.250 mesh_ms=260.313 partition_ms=19.532 streams_ms=375.659
PRESENT CADENCE frame=7253 interval_ms=52.324125 paused=false
PRESENT CADENCE frame=7254 interval_ms=1.742000 paused=false
PRESENT CADENCE frame=7255 interval_ms=4.376542 paused=false
PRESENT CADENCE frame=7256 interval_ms=0.258125 paused=false
PRESENT CADENCE frame=7257 interval_ms=16.347708 paused=false
PRESENT CADENCE frame=7258 interval_ms=0.245958 paused=false
PRESENT CADENCE frame=7259 interval_ms=13.936584 paused=false
PRESENT CADENCE frame=7260 interval_ms=0.264125 paused=false
PRESENT CADENCE frame=7261 interval_ms=13.959166 paused=false
PRESENT CADENCE frame=7262 interval_ms=0.229459 paused=false
PRESENT CADENCE frame=7263 interval_ms=12.220958 paused=false
PRESENT CADENCE frame=7264 interval_ms=0.419750 paused=false
PRESENT CADENCE frame=7265 interval_ms=11.965708 paused=false
PRESENT CADENCE frame=7266 interval_ms=0.371000 paused=false
