time_s,sample,offset_x_m,offset_y_m,offset_z_m,volume_m3,mechanical_change_j,support_work_j,viscous_heat_j,numerical_defect_j
0.000000,0,0.000000004,-0.000000012,0.000000000,0.095347012947,0.000000000000,0.000000000000,0.000000000000,0.000000000000
0.000000,1,-0.000000004,-0.000000012,0.000000000,0.095347012947,0.000000000000,0.000000000000,0.000000000000,0.000000000000
0.000000,2,0.000000004,0.000000000,0.000000004,0.088990545417,0.000000000000,0.000000000000,0.000000000000,0.000000000000
0.000000,3,-0.000000004,0.000000000,0.000000004,0.088990545417,0.000000000000,0.000000000000,0.000000000000,0.000000000000
0.050000,0,-0.000025548,-0.012063946,-0.000137518,0.095364167276,-0.050144476833,0.003345693183,0.053457016055,-0.000033153961
0.050000,1,-0.000025556,-0.012063774,-0.000094166,0.095364291234,-0.047857588226,0.005675269636,0.053499590060,-0.000033267802
0.050000,2,0.000025593,-0.011390932,-0.000163478,0.089008452401,-0.077294839327,-0.022618422719,0.054648012571,-0.000028404037
0.050000,3,0.000025584,-0.011560692,-0.000193367,0.089008893092,-0.022639843376,0.033626748565,0.056240491092,-0.000026100848
0.100000,0,-0.000169276,-0.044467471,-0.001120465,0.095400759242,-1.176251144501,0.094334451762,1.270517995568,-0.000067600695
0.100000,1,-0.000169154,-0.044463161,-0.000849642,0.095401128529,-1.149966997624,0.123675520441,1.273574418673,-0.000068099391
0.100000,2,0.000155407,-0.040092843,-0.001520157,0.089045804163,-1.491921780567,-0.230191818869,1.261677647050,-0.000052314648
0.100000,3,0.000155176,-0.041095209,-0.001706024,0.089047807126,-0.856215813687,0.472756125452,1.328924148069,-0.000047791071
0.150000,0,-0.000395540,-0.086422455,-0.004481306,0.095450224050,-6.210236774631,0.369194254963,6.579353274728,-0.000077754866
0.150000,1,-0.000394924,-0.086392515,-0.003919931,0.095450749581,-6.113768406371,0.484936866767,6.598626554113,-0.000078719024
0.150000,2,0.000283169,-0.074257050,-0.006275563,0.089078000042,-7.015602035511,-0.778214994297,6.237329040113,-0.000058001101
0.150000,3,0.000282016,-0.076044853,-0.006597095,0.089082163338,-4.923297741748,1.706861534215,6.630108084675,-0.000051191287
0.200000,0,-0.000484035,-0.124008396,-0.012505849,0.095490901446,-17.336760340717,0.369989925608,17.706692893066,-0.000057373260
0.200000,1,-0.000483077,-0.123912409,-0.012031299,0.095490933049,-17.180816039606,0.556241684541,17.736999282582,-0.000058441566
0.200000,2,0.000122596,-0.103584341,-0.016726756,0.089111264402,-17.613693970519,-1.434070672417,16.179580644399,-0.000042653703
0.200000,3,0.000120976,-0.104329573,-0.016834053,0.089114296830,-14.598539742775,2.436360083272,17.034859953101,-0.000039872945
0.250000,0,-0.000177964,-0.149030880,-0.026690213,0.095504496182,-32.781554289866,-0.277505771453,32.504019360376,-0.000029158036
0.250000,1,-0.000178263,-0.148868819,-0.027069084,0.095503298439,-32.650378204987,-0.164760909239,32.485588910586,-0.000028385162
0.250000,2,-0.000492898,-0.124575355,-0.033088694,0.089125838118,-30.131562160289,-0.944176603663,29.187365332053,-0.000020224573
0.250000,3,-0.000490317,-0.121653865,-0.032783902,0.089119450126,-29.031203277089,0.821788364666,29.852970200227,-0.000021441527
0.300000,0,0.000621636,-0.161691052,-0.045831033,0.095490093650,-47.096766415049,-0.246150355602,46.850605675036,-0.000010384412
0.300000,1,0.000621528,-0.161592607,-0.047688380,0.095487632402,-46.997562600513,-0.223542912091,46.774009008663,-0.000010679759
0.300000,2,-0.001275119,-0.137755345,-0.052006767,0.089114179354,-39.046399635730,2.973404445211,42.019797303930,-0.000006777011
0.300000,3,-0.001275171,-0.130314590,-0.051564984,0.089092089618,-43.557012923636,-2.290289911197,41.266702530404,-0.000020482036
0.350000,0,0.001738383,-0.165505662,-0.065494766,0.095459578158,-56.669072930417,1.601836051608,58.270907034687,-0.000001947338
0.350000,1,0.001749207,-0.165732513,-0.068623579,0.095457261527,-56.418755296650,1.907018299072,58.325775785413,0.000002189691
0.350000,2,-0.001581847,-0.142464180,-0.067509086,0.089092221132,-41.897881035503,10.662128478592,52.560010588830,0.000001074735
0.350000,3,-0.001627065,-0.133714092,-0.066545422,0.089060903060,-54.683255011681,-4.705327511842,49.977916798182,-0.000010701658
0.400000,0,0.002708071,-0.164146694,-0.079738279,0.095431265694,-62.972368218502,3.691110559861,66.663489420365,0.000010642002
0.400000,1,0.002740342,-0.164947305,-0.082841282,0.095431167828,-62.440405797544,4.658412714696,67.098838473450,0.000019961210
0.400000,2,-0.000928588,-0.138596206,-0.074879230,0.089063818867,-42.296573257838,17.679030222093,59.975611705498,0.000008225568
0.400000,3,-0.001046210,-0.135257385,-0.071421598,0.089042052903,-62.497713343206,-6.005169617349,56.492544081342,0.000000355486
0.450000,0,0.002947237,-0.161244442,-0.085014936,0.095409601712,-68.496552535008,3.980533381364,72.477112690232,0.000026773860
0.450000,1,0.002982862,-0.162637278,-0.086285076,0.095412732891,-67.948023494562,5.320455594449,73.268509696565,0.000030607554
0.450000,2,0.000535472,-0.129881537,-0.074273039,0.089044913605,-44.714378334142,19.496054071149,64.210451004458,0.000018599168
0.450000,3,0.000441227,-0.138536309,-0.066423762,0.089054116779,-68.137648351428,-7.085436356157,61.052207805931,-0.000004189340
0.500000,0,0.001934531,-0.160460456,-0.082032380,0.095404313775,-73.441862138721,2.560570333779,76.002462007077,0.000029534577
0.500000,1,0.001932995,-0.162005898,-0.080075844,0.095410696615,-73.482712831797,3.386098594219,76.868831517439,0.000020091423
0.500000,2,0.002029533,-0.121955704,-0.068628454,0.089028736599,-48.745604715924,17.375184776228,66.120814570231,0.000025078079
0.500000,3,0.002120682,-0.145234369,-0.057232041,0.089076929304,-70.140621829405,-5.944326979773,64.196285845254,-0.000009004379
0.550000,0,-0.000517133,-0.165658550,-0.073445458,0.095424908239,-76.501856679402,1.395871011575,77.897736675360,0.000008984382
0.550000,1,-0.000536541,-0.166550906,-0.067739049,0.095433576183,-77.366442647181,1.318430139659,78.684876978408,0.000004191568
0.550000,2,0.002746887,-0.120752139,-0.059080423,0.089028917294,-52.658140370863,14.249468814538,66.907622781566,0.000013596165
0.550000,3,0.002841698,-0.153816012,-0.048170628,0.089110630239,-63.357589984499,4.402570381000,67.760175278646,0.000014913147
0.600000,0,-0.003940671,-0.178004616,-0.061535016,0.095461188115,-75.888210390406,3.877444804738,79.765657437369,0.000002242226
0.600000,1,-0.003870746,-0.177443330,-0.052630507,0.095469244511,-76.904940522299,3.738422418853,80.643364540242,0.000001599089
0.600000,2,0.002243155,-0.130225011,-0.045739291,0.089054289151,-58.536581115038,8.728061224084,67.264637096168,-0.000005242954
0.600000,3,0.001837547,-0.159245806,-0.040675987,0.089139049718,-44.318151085372,29.095829435312,73.414027252916,0.000046732232
0.650000,0,-0.007264591,-0.190830563,-0.048723572,0.095492672570,-72.440059971662,10.913018471209,83.353109887431,0.000031444561
0.650000,1,-0.007036343,-0.188356621,-0.038744605,0.095495193911,-72.851087987326,11.651078220374,84.502200161604,0.000033953904
0.650000,2,0.000179182,-0.147528884,-0.031340505,0.089091754188,-67.893282507661,0.684252585531,68.577529364065,-0.000005729127
0.650000,3,-0.000636104,-0.154506351,-0.036008305,0.089128364495,-22.784473326779,56.617413399784,79.401950802527,0.000064075964
0.700000,0,-0.009061639,-0.192578166,-0.038209789,0.095494868063,-72.236335993630,15.578428203497,87.814824686285,0.000060489157
0.700000,1,-0.008807419,-0.188363167,-0.031080273,0.095488352972,-71.976626851739,17.038812414096,89.015494597466,0.000055331630
0.700000,2,-0.003564112,-0.162946466,-0.020887855,0.089127219906,-79.195645927483,-6.436186127442,72.759473132602,0.000013332561
0.700000,3,-0.003422600,-0.135116358,-0.036520711,0.089072206207,-14.257083653113,67.878930333903,82.136080341525,0.000066354510
0.750000,0,-0.008116160,-0.179263833,-0.032304061,0.095454601035,-77.711368132034,12.574976904065,90.286393403356,0.000048367257
0.750000,1,-0.008091065,-0.174234992,-0.032626348,0.095438796126,-77.195999398787,13.977388655965,91.173431549678,0.000043494927
0.750000,2,-0.007573685,-0.169700440,-0.018482185,0.089133538755,-84.159638724449,-5.500557815516,78.659112930665,0.000032021733
0.750000,3,-0.005695534,-0.107120517,-0.043728285,0.089000262545,-15.756789971068,67.627843822780,83.384723675147,0.000089881299
0.800000,0,-0.004075657,-0.162194485,-0.030842130,0.095415547382,-83.075547198068,7.886735836178,90.962336567781,0.000053533536
0.800000,1,-0.004263949,-0.158194014,-0.041398919,0.095394646315,-82.486146079866,9.104967115698,91.591172437811,0.000059242247
0.800000,2,-0.009582950,-0.171495224,-0.026134044,0.089129494167,-70.692131039749,12.863863967532,83.556023720140,0.000028712858
0.800000,3,-0.007683173,-0.089510111,-0.053516416,0.088963060437,-12.688040151054,75.706461404480,88.394619685207,0.000118129673
0.850000,0,0.002144180,-0.158823875,-0.031695676,0.095409404790,-83.459384214350,8.051924302691,91.511375726643,0.000067209602
0.850000,1,0.002121509,-0.158479075,-0.051196381,0.095391075552,-83.097459694821,8.988606259945,92.086143830036,0.000077875270
0.850000,2,-0.008786653,-0.173498861,-0.043418772,0.089130194556,-34.390925278368,52.723315767008,87.114272918902,0.000031873525
0.850000,3,-0.009237018,-0.100212855,-0.056490167,0.088974484661,-8.777435944129,86.368322286676,95.145884068755,0.000125837949
0.900000,0,0.008472713,-0.174279825,-0.033594632,0.095436130634,-76.372510163169,15.545870038114,91.918435123524,0.000054922240
0.900000,1,0.008908022,-0.179784130,-0.056782099,0.095429199972,-76.536771796804,15.828993538754,92.365811022824,0.000045687266
0.900000,2,-0.006176061,-0.171738615,-0.065365282,0.089123543087,10.532189610623,100.605763047445,90.073604415979,0.000030979157
0.900000,3,-0.008813065,-0.139509780,-0.048757982,0.089024763337,-14.560884979643,83.189550416936,97.750534891273,0.000099494694
0.950000,0,0.012744613,-0.194007383,-0.038483381,0.095471061699,-66.576378876169,26.595653397249,93.172100060001,0.000067786583
0.950000,1,0.013336254,-0.205219429,-0.058059870,0.095485573752,-67.385954258842,26.805531451197,94.191540893845,0.000055183805
0.950000,2,-0.003907234,-0.157195185,-0.084683791,0.089076480716,36.273212990987,128.190057484506,91.916890906548,0.000046413028
0.950000,3,-0.003907724,-0.187591123,-0.036009728,0.089135095716,-34.055558886527,68.590388345908,102.646060893553,0.000113661118
1.000000,0,0.013555713,-0.199163007,-0.049438739,0.095459356118,-67.461934780549,27.654908271366,95.116910606164,0.000067554249
1.000000,1,0.013576445,-0.212897229,-0.058175765,0.095493349584,-70.114094472132,27.806952888109,97.921123206533,0.000075846292
1.000000,2,-0.002558313,-0.128014969,-0.098203556,0.088987657679,36.903264994905,130.783706404392,93.880515717238,0.000074307750
1.000000,3,0.004123032,-0.219147993,-0.024781155,0.089246681555,-58.061747396366,61.645951255644,119.707848746569,0.000150094559
1.050000,0,0.009824858,-0.190294286,-0.065874460,0.095413461999,-76.905254259746,19.263310394381,96.168645744604,0.000081090476
1.050000,1,0.009080708,-0.201562365,-0.059038357,0.095448707967,-82.753989964967,17.381643672563,100.135721295241,0.000087657712
1.050000,2,-0.001089104,-0.101253474,-0.105465742,0.088931580517,52.143193340724,155.827765694260,103.684677394001,0.000105040465
1.050000,3,0.007047805,-0.225912601,-0.021968161,0.089264366850,-54.089380046207,87.322412621886,141.411962931083,0.000170262990
1.100000,0,0.001368173,-0.188096243,-0.081712420,0.095395515307,-82.296769165618,15.255969024866,97.552845603434,0.000107412950
1.100000,1,0.000641996,-0.191782880,-0.059394685,0.095420476853,-90.436252269651,10.430903012017,100.867269326167,0.000114044500
1.100000,2,0.001231642,-0.105367086,-0.102076706,0.088948232094,93.206847393914,215.888203707183,122.681493513684,0.000137200415
1.100000,3,0.005405472,-0.214506526,-0.035422079,0.089207123272,0.822072568615,156.736874725768,155.914956553460,0.000154396307
1.150000,0,-0.009839542,-0.207408485,-0.090067050,0.095436507875,-76.324932028956,23.190691413954,99.515724679809,0.000101236899
1.150000,1,-0.009654242,-0.200079343,-0.057580140,0.095442830074,-85.425646889320,15.854533340565,101.280283871145,0.000103641260
1.150000,2,0.000490051,-0.149185999,-0.082829490,0.088996467126,115.075953344941,249.500637585230,134.424789550834,0.000105310545
1.150000,3,0.002479615,-0.191195362,-0.063608871,0.089143583070,80.492281876413,243.007085026197,162.514933778821,0.000130629038
1.200000,0,-0.019614381,-0.235582103,-0.088941775,0.095518310421,-58.314646503919,45.094729327220,103.409495655299,0.000119824161
1.200000,1,-0.018744101,-0.218564711,-0.055278535,0.095492061616,-68.071934197385,34.568899182202,102.640949866611,0.000116487023
1.200000,2,-0.008635268,-0.213689163,-0.054522469,0.089142563219,90.972758216391,231.040461174387,140.067782390590,0.000079432594
1.200000,3,0.003392332,-0.159690500,-0.093234582,0.089074665447,131.897441360085,296.103431932321,164.206127537315,0.000136965079
1.250000,0,-0.023756141,-0.244037906,-0.081243839,0.095534682437,-50.041334720877,59.941326958050,109.982809420680,0.000147741753
1.250000,1,-0.023860718,-0.223311880,-0.056710626,0.095487408546,-58.561354481178,47.003615714581,105.565107921476,0.000137725718
1.250000,2,-0.026733472,-0.263363124,-0.022911146,0.089366500218,30.888734352071,200.260451347892,169.371831078401,0.000114082580
1.250000,3,0.004445964,-0.119219160,-0.112001062,0.088956487802,131.669640618885,298.184583370512,166.515108499011,0.000165747384
1.300000,0,-0.020269311,-0.221376338,-0.070909046,0.095454208209,-61.222897788809,52.025809722009,113.248844414131,0.000136903313
1.300000,1,-0.022220729,-0.203823725,-0.064636928,0.095411396127,-65.871103733870,40.970840445788,106.842089158332,0.000144978674
1.300000,2,-0.036121214,-0.270918682,0.005019018,0.089421032170,3.839786123616,220.285843759765,216.446183537035,0.000125900885
1.300000,3,0.005743482,-0.077927366,-0.117191284,0.088882129520,142.086860444163,325.130767008883,183.044103335375,0.000196770654
1.350000,0,-0.009788728,-0.189168087,-0.059041737,0.095389653943,-72.066520978204,42.600859439622,114.667559157997,0.000178740171
1.350000,1,-0.012343937,-0.180532713,-0.075979887,0.095357039812,-73.087787206005,35.702516328678,108.790481312601,0.000177777918
1.350000,2,-0.033008021,-0.240951462,0.008030838,0.089277050558,62.498328060851,309.734351123443,247.236135672943,0.000112610352
1.350000,3,0.005489006,-0.070251296,-0.115149205,0.088912750215,232.399389583709,453.442660975137,221.043496317836,0.000224926408
1.400000,0,0.004894503,-0.180719766,-0.044576738,0.095398123969,-74.799619065761,42.750764346689,117.550565192569,0.000181780120
1.400000,1,0.003228065,-0.185392116,-0.082880391,0.095376092655,-73.175826833441,38.949287937052,112.125290089687,0.000175319194
1.400000,2,-0.022540519,-0.197009349,-0.023142359,0.089127232355,159.144361814396,418.713438154413,259.569190196293,0.000113856276
1.400000,3,0.005485528,-0.119801780,-0.101852749,0.088972491144,333.943978723808,587.476021550853,253.532251324126,0.000208497081
1.450000,0,0.018731343,-0.203951928,-0.029435003,0.095472631321,-60.712297233073,58.887908791356,119.600360627127,0.000154602697
1.450000,1,0.017779552,-0.222752982,-0.081006307,0.095475053048,-57.544353556708,55.763270117226,113.307771759904,0.000148085970
1.450000,2,-0.018696967,-0.155890884,-0.069935614,0.089056585152,222.903511218760,489.425138167991,266.521733930132,0.000106980900
1.450000,3,0.019629651,-0.207765858,-0.078462239,0.089082605581,333.674708370526,596.003801377838,262.329283611195,0.000190603884
1.500000,0,0.028317203,-0.230186672,-0.020584102,0.095540805670,-38.675731161792,86.044684517402,124.720604811974,0.000189132779
1.500000,1,0.026023121,-0.257710904,-0.072242747,0.095586212646,-34.322062025392,85.045892903484,119.368131392219,0.000176463344
1.500000,2,-0.015294854,-0.119694657,-0.107840883,0.088969760172,219.782365871025,493.282122884599,273.499893720932,0.000136707358
1.500000,3,0.046894226,-0.290106435,-0.042110254,0.089426111142,230.605098799250,531.822404718857,301.217512054123,0.000206134517
1.550000,0,0.031108370,-0.225190120,-0.026051501,0.095495397891,-40.499433959361,90.150011701127,130.649648047660,0.000202387171
1.550000,1,0.026107643,-0.252903173,-0.061450012,0.095549832508,-38.903221765267,89.494340850591,128.397750010876,0.000187395019
1.550000,2,-0.016582344,-0.081690553,-0.126951197,0.088885162627,201.390774504969,489.626933828679,288.236324138294,0.000164814584
1.550000,3,0.067995155,-0.320606500,0.008214177,0.089652371217,127.632398733203,515.016377063068,387.384191128962,0.000212799098
1.600000,0,0.024635565,-0.192341995,-0.047589853,0.095381811379,-54.433729534916,78.350665015995,132.784605000034,0.000210449123
1.600000,1,0.018261485,-0.213008731,-0.052279282,0.095424960843,-57.398794953638,73.982527810810,131.381502073626,0.000179309178
1.600000,2,-0.018467041,-0.062784760,-0.139381817,0.088862219428,277.985973752386,602.551549739666,324.565775030605,0.000199043326
1.600000,3,0.064735563,-0.285176596,0.032705556,0.089440423503,148.093923686802,602.042272259809,453.948564175563,0.000215602556
1.650000,0,0.010286243,-0.173002970,-0.073269334,0.095333397279,-59.561918990768,78.724247122804,138.286403408280,0.000237294708
1.650000,1,0.003647091,-0.179911450,-0.043185204,0.095366761788,-65.807629525913,69.641903130501,135.449738639892,0.000205983479
1.650000,2,-0.011623323,-0.103054729,-0.149095879,0.088931751855,469.099514392538,846.784298822516,377.685012317612,0.000227887634
1.650000,3,0.046079807,-0.214189813,0.002357012,0.089136355807,257.789350303929,735.475811777374,477.686670585584,0.000209112140
1.700000,0,-0.006776900,-0.198333804,-0.088126849,0.095389085485,-54.856531791742,88.403015572127,143.259760455814,0.000213091944
1.700000,1,-0.013625841,-0.185033420,-0.032390092,0.095404702077,-63.462559026024,76.459585160154,139.922324714295,0.000180528117
1.700000,2,-0.021504767,-0.194482514,-0.134929746,0.089022743816,575.088976914712,981.961925277843,406.873139350536,0.000190987405
1.700000,3,0.036524911,-0.153212336,-0.054727709,0.089047451442,330.619123816897,825.599654474173,494.980744980262,0.000214322987
1.750000,0,-0.019425225,-0.249151432,-0.089025336,0.095537517639,-29.845658878745,116.540130285288,146.385998382597,0.000209218564
1.750000,1,-0.027824886,-0.217387345,-0.023419622,0.095502358788,-41.916102318527,100.395519818320,142.311795411012,0.000173274165
1.750000,2,-0.053558992,-0.290541793,-0.088978939,0.089297573589,513.910735719910,950.701319672605,436.790772913517,0.000188960822
1.750000,3,0.029087568,-0.112205606,-0.098091979,0.089016648362,312.606173044241,828.329675372778,515.723719089216,0.000216760679
1.800000,0,-0.024543222,-0.275589748,-0.081972877,0.095618481183,-15.247082974191,142.703626213721,157.950950758154,0.000241570242
1.800000,1,-0.035978073,-0.237527039,-0.024056627,0.095537811066,-26.828041393691,121.433017195355,148.261260255577,0.000201666532
1.800000,2,-0.082920561,-0.359289706,-0.016797505,0.089720025586,361.579934675459,895.343141463782,533.763402284508,0.000195496184
1.800000,3,0.023380191,-0.078784072,-0.112974984,0.088921734099,258.652990473462,794.973093958204,536.320325320914,0.000221836174
1.850000,0,-0.019918284,-0.252254640,-0.073682682,0.095502358393,-37.149374930747,130.100039981662,167.249639881935,0.000224969527
1.850000,1,-0.033487455,-0.219984567,-0.041640065,0.095438609728,-40.384807024789,112.291154992008,152.676158930073,0.000196913276
1.850000,2,-0.085699422,-0.345522565,0.045687540,0.089701768323,297.399737095163,947.718597100736,650.319056563147,0.000196557573
1.850000,3,0.022168026,-0.058074136,-0.126893861,0.088843160360,277.492442412072,845.359382630136,567.867170110036,0.000229891973
1.900000,0,-0.005828414,-0.206366596,-0.064285691,0.095379498323,-54.724475516930,115.861258829071,170.585974012807,0.000239666806
1.900000,1,-0.020127722,-0.187524419,-0.070314362,0.095342549612,-51.067400994954,105.362001465772,156.429627204964,0.000224744238
1.900000,2,-0.064600562,-0.253723797,0.051390288,0.089313312873,410.886799823406,1121.198887481385,710.312286171494,0.000198513515
1.900000,3,0.013397917,-0.075661125,-0.158705786,0.088932179207,450.384044104482,1066.700156762142,616.316350821427,0.000238163768
1.950000,0,0.014264610,-0.186680287,-0.050361933,0.095371772857,-60.327717919940,116.010965531780,176.338934459228,0.000251007508
1.950000,1,-0.000992690,-0.188435178,-0.091397194,0.095353107650,-52.466517793278,111.186683028780,163.653438610902,0.000237788843
1.950000,2,-0.050371762,-0.166863054,0.010848870,0.089091475449,512.815254213424,1259.730816016432,746.915759789399,0.000197986390
1.950000,3,0.004645068,-0.150843371,-0.164191489,0.089011464869,651.841655454356,1315.387910251737,663.546479636387,0.000224839007
2.000000,0,0.032418807,-0.207051738,-0.033548750,0.095456007487,-49.024277638650,130.447110096320,179.471608201250,0.000220466280
2.000000,1,0.015578780,-0.233027960,-0.096751711,0.095468868319,-37.144802223456,129.947948882043,167.092960433820,0.000209328321
2.000000,2,-0.032172032,-0.100970079,-0.026273909,0.089058609657,485.267134376783,1284.230355522990,798.963420523278,0.000199377070
2.000000,3,0.025789097,-0.256180331,-0.124325395,0.089163751000,677.190607617582,1365.555042344197,688.364649859855,0.000215133242
2.050000,0,0.045400392,-0.237655899,-0.022334432,0.095546485298,-24.762909629565,159.223984363122,183.987136115671,0.000242122984
2.050000,1,0.025286139,-0.277610885,-0.091498490,0.095616416833,-8.999037022188,166.397256434307,175.396532587852,0.000239131357
2.050000,2,-0.021928104,-0.044801603,-0.037878635,0.088918110394,379.517677266058,1236.531907686601,857.014434802128,0.000204381585
2.050000,3,0.060258258,-0.353992924,-0.057149467,0.089627157121,530.601774625138,1291.748241047665,761.146686231075,0.000219808551
2.100000,0,0.049538633,-0.238978772,-0.026578658,0.095506742004,-26.253041464518,165.583134492879,191.836433854046,0.000257896648
2.100000,1,0.026505516,-0.276848545,-0.082771535,0.095586039346,-14.768899780666,174.640663210902,189.409823582028,0.000260590460
2.100000,2,-0.008676801,-0.018285444,-0.043820135,0.088800963353,307.748041577189,1223.547460311386,915.799618604273,0.000199870076
2.100000,3,0.065623809,-0.380763080,0.022235745,0.089854264835,385.252198133008,1279.270393470763,894.018420286879,0.000224949126
2.150000,0,0.039961798,-0.206282582,-0.049034640,0.095385365907,-43.441088013460,152.280629850858,195.721986792603,0.000268928284
2.150000,1,0.017659736,-0.232981065,-0.072966502,0.095421667077,-38.874579919655,155.789628818486,194.664457682488,0.000248944346
2.150000,2,0.003846575,-0.029042979,-0.074192076,0.089041235104,373.846688760789,1343.047886431826,969.201398986447,0.000201315410
2.150000,3,0.045530937,-0.309219507,0.059313521,0.089529772033,421.606712115918,1412.933391119528,991.326900436418,0.000221432810
2.200000,0,0.021570886,-0.180449459,-0.073531199,0.095331899685,-49.996292746625,152.385019668431,202.381612040610,0.000299625553
2.200000,1,-0.000822660,-0.191878256,-0.058149840,0.095355270830,-49.869664318705,150.232072157952,200.102015826386,0.000279349729
2.200000,2,0.025107459,-0.073612031,-0.108867288,0.088984375224,542.276104630166,1553.995032382416,1011.719128945291,0.000201193042
2.200000,3,0.032670994,-0.209677388,0.037309173,0.089163369053,545.576075796436,1583.055117000818,1037.479258467570,0.000217263190
2.250000,0,0.002535211,-0.201075057,-0.085092031,0.095387344848,-48.358624236827,160.176467107143,208.535380695050,0.000289351080
2.250000,1,-0.021843105,-0.190463005,-0.037397581,0.095399020388,-51.119060612935,155.462272373367,206.581607124877,0.000274138576
2.250000,2,0.038950609,-0.177849978,-0.119674038,0.089122163657,567.140027433785,1599.925056951497,1032.785230357615,0.000200839904
2.250000,3,0.017446665,-0.124937177,0.003915893,0.089028972874,565.877293589725,1659.368503907445,1093.491427775113,0.000217457396
2.300000,0,-0.009870757,-0.253254486,-0.085684645,0.095535930762,-27.328156922197,183.869343518051,211.197783251437,0.000282811189
2.300000,1,-0.037798452,-0.220846829,-0.018759989,0.095504106238,-34.176260439864,175.954955593926,210.131484339342,0.000268305552
2.300000,2,0.030745816,-0.299967652,-0.089381034,0.089371105116,454.938026189912,1530.369436086498,1075.431611732513,0.000201835927
2.300000,3,0.009397574,-0.056362815,-0.005811852,0.088942067391,465.841167340954,1631.879669092840,1166.038719533025,0.000217781143
2.350000,0,-0.016581360,-0.283797797,-0.081998442,0.095626085285,-12.976007486013,209.604358954904,222.580687770238,0.000321329321
2.350000,1,-0.047308826,-0.243925028,-0.013085736,0.095554800355,-20.964518322792,197.072150796118,218.036964153436,0.000295034527
2.350000,2,0.032532194,-0.355456432,-0.032791304,0.089851153067,290.751047591961,1472.932811708962,1182.181966999456,0.000202882455
2.350000,3,-0.006163605,-0.012885556,0.003872495,0.088816820092,344.920053069229,1584.210613664706,1239.290786041421,0.000225445947
2.400000,0,-0.014929819,-0.263994890,-0.077317390,0.095515357751,-34.235886776818,199.136029297833,233.372228352444,0.000312277793
2.400000,1,-0.043907380,-0.230183601,-0.027917332,0.095461332213,-36.110328039918,188.923349990876,225.033952010149,0.000273979355
2.400000,2,0.048586744,-0.328523887,0.002952403,0.089588167853,234.796368739487,1516.642346291640,1281.846180993924,0.000203441771
2.400000,3,-0.024812301,-0.004725823,-0.011885287,0.088870749709,326.605282451916,1632.951587509430,1306.346528540565,0.000223483055
2.450000,0,-0.004059076,-0.219388643,-0.068735092,0.095390536967,-53.216780911235,183.589453692499,236.806555478522,0.000320874788
2.450000,1,-0.030919788,-0.196052270,-0.054477182,0.095360940979,-49.795744428383,178.990668967983,228.786700137390,0.000286741025
2.450000,2,0.053725824,-0.256052418,-0.017711325,0.089426613482,303.157686541892,1627.178192009917,1324.020708488048,0.000203020023
2.450000,3,-0.045969743,-0.026012232,-0.053586054,0.088858405823,410.001333711809,1761.608584719671,1351.607482550582,0.000231542725
2.500000,0,0.012662952,-0.195327614,-0.053649538,0.095373150779,-59.976457691096,182.128274969888,242.105075157658,0.000342496673
2.500000,1,-0.014417553,-0.188637754,-0.074891750,0.095355110783,-54.409526449960,180.930116116918,235.339944565177,0.000301998300
2.500000,2,0.039286726,-0.172952015,-0.052285946,0.089143190374,371.106587644909,1721.956162450456,1350.849778823391,0.000204017844
2.500000,3,-0.077394108,-0.093771502,-0.084748711,0.088981816807,445.615657796549,1819.917222797631,1374.301794374038,0.000229372961
2.550000,0,0.027224133,-0.207468545,-0.037157527,0.095435152707,-55.397253010311,190.250668731723,245.648234933232,0.000313191199
2.550000,1,-0.001342357,-0.224764086,-0.084050710,0.095443267252,-47.414695308287,191.204600896420,238.619569372940,0.000273168233
2.550000,2,0.032128380,-0.116665959,-0.058734568,0.089026647578,355.941987384035,1743.097518761360,1387.155737137890,0.000205760565
2.550000,3,-0.100597560,-0.215504245,-0.089572530,0.089130997088,382.854907355781,1774.995434036255,1392.140754804111,0.000228123641
2.600000,0,0.037732929,-0.235641038,-0.027658921,0.095514991091,-40.015936761515,209.032579637778,249.048858259402,0.000341860108
2.600000,1,0.007532548,-0.269592343,-0.086439747,0.095568928950,-29.140088930827,214.516916312797,243.657302713801,0.000297470178
2.600000,2,0.029385269,-0.079402055,-0.050318759,0.088816374616,294.149255620740,1720.199352937667,1426.050302438013,0.000205121086
2.600000,3,-0.095628045,-0.299733339,-0.076753482,0.089605618288,249.576158315500,1703.176308856753,1453.600376504108,0.000225962859
2.650000,0,0.039920499,-0.244404684,-0.031877125,0.095505647740,-41.109236085984,214.695196822554,255.804787691451,0.000354782913
2.650000,1,0.010832198,-0.278413812,-0.085311493,0.095572602308,-33.231147363427,221.854358269821,255.085821293665,0.000315660417
2.650000,2,0.041982884,-0.050113066,-0.047458473,0.088677990702,239.040997642621,1707.010818260384,1467.970026827846,0.000206210083
2.650000,3,-0.091903436,-0.304270118,-0.060080141,0.089466164907,157.928332278300,1697.701186211742,1539.773081610323,0.000227676885
2.700000,0,0.029933028,-0.222623614,-0.048610535,0.095423343366,-56.936945245853,202.560107019410,259.497387671827,0.000335406564
2.700000,1,0.005008055,-0.248633412,-0.080624769,0.095457176631,-55.287141438324,205.557790784032,260.845211040160,0.000278817803
2.700000,2,0.056176509,-0.057012469,-0.069259455,0.088789196676,260.047341183309,1769.479463237060,1509.432329370507,0.000207316757
2.700000,3,-0.100662092,-0.271371077,-0.073599493,0.089213499052,166.950969350218,1755.571036656646,1588.620294302934,0.000226996512
2.750000,0,0.014420326,-0.200558036,-0.065637258,0.095368005064,-65.606098149755,196.928894851671,262.535364687280,0.000371685854
2.750000,1,-0.007669623,-0.215414569,-0.069580768,0.095383195401,-67.051730933520,196.248155441209,263.300193632722,0.000307257993
2.750000,2,0.081454246,-0.089705381,-0.084819742,0.088940299953,321.601599773064,1867.300958737192,1545.699566473653,0.000207509526
2.750000,3,-0.092808959,-0.210688421,-0.095957504,0.089026036909,208.026092217947,1826.165946446141,1618.140074517065,0.000220288877
2.800000,0,0.000191399,-0.211102761,-0.075291578,0.095397537310,-66.807028854626,199.003319783571,265.810704057709,0.000355419511
2.800000,1,-0.020843771,-0.207908896,-0.054587954,0.095396938413,-69.424689667056,197.078773398469,266.503757264724,0.000294199199
2.800000,2,0.115071086,-0.159514484,-0.082842173,0.089193668409,306.335497350548,1870.215141914534,1563.879853036120,0.000208472136
2.800000,3,-0.079661301,-0.152434610,-0.106002961,0.089324285804,234.278140161810,1877.032766886533,1642.754854894300,0.000228169583
2.850000,0,-0.009593905,-0.247348087,-0.079952572,0.095494950541,-56.537077849413,211.152617990883,267.690039050054,0.000343209758
2.850000,1,-0.030572830,-0.225397475,-0.042706773,0.095464001340,-61.681342603729,206.765785472465,268.447419645409,0.000291569216
2.850000,2,0.106734615,-0.239688932,-0.072435111,0.089469476061,245.443026837136,1832.906440808541,1587.463618443292,0.000204471888
2.850000,3,-0.063341066,-0.127613181,-0.102170262,0.089343148484,224.293347814531,1885.232076283064,1660.938957358820,0.000228890294
2.900000,0,-0.016555065,-0.271566533,-0.081591294,0.095557145456,-48.855580693767,225.003569527210,273.859516505087,0.000366284110
2.900000,1,-0.036077910,-0.243394070,-0.038930383,0.095508095276,-54.771393186612,217.705247150943,272.476969852562,0.000329515007
2.900000,2,0.067908252,-0.284964373,-0.056185922,0.089633994241,167.682879905530,1807.783911120523,1640.101240518776,0.000209303783
2.900000,3,-0.055564221,-0.113901165,-0.100867693,0.089140379003,204.330737640079,1881.230553350801,1676.900043089685,0.000227378970
2.950000,0,-0.016906806,-0.262006226,-0.079819826,0.095504976406,-60.445039260440,219.835616159085,280.281012051910,0.000356632384
2.950000,1,-0.031679205,-0.238709424,-0.044340126,0.095467854672,-63.243377267082,213.526430849609,276.770131789853,0.000323673163
2.950000,2,0.054283966,-0.267237482,-0.056060747,0.089641412348,133.989021813339,1830.366674469424,1696.377860039542,0.000207383458
2.950000,3,-0.054394090,-0.100667168,-0.094818173,0.088860175686,183.869807242959,1887.957650748413,1704.088070287006,0.000226781560
3.000000,0,-0.010228864,-0.234694581,-0.073386475,0.095421428722,-73.908609980151,208.062748667672,281.971694652357,0.000336004534
3.000000,1,-0.020374711,-0.218361496,-0.053828678,0.095405931642,-74.428325111698,203.900537824882,278.329177661065,0.000314724486
3.000000,2,0.056680526,-0.227436805,-0.081463023,0.089144827774,149.634618792478,1879.987276550468,1730.352864642529,0.000206884541
3.000000,3,-0.059886194,-0.106984577,-0.083251051,0.088719242230,191.387144879871,1931.768654901992,1740.381735823692,0.000225801579
3.050000,0,-0.001099198,-0.216815928,-0.062631034,0.095398065382,-79.871260304080,203.637024599500,283.508649288244,0.000364384664
3.050000,1,-0.008537105,-0.210791356,-0.061556785,0.095400174625,-79.799984148948,200.220136127866,280.020442692813,0.000322416000
3.050000,2,0.059783696,-0.186977088,-0.086197529,0.089025727512,169.501053564025,1925.005455817456,1755.504605374608,0.000203121178
3.050000,3,-0.074932177,-0.140686423,-0.059153287,0.089097978273,198.024420710059,1967.988115599396,1769.963918959881,0.000224070552
3.100000,0,0.006974279,-0.220281912,-0.052771783,0.095427414781,-79.091737452371,206.138551245266,285.230640507558,0.000351809921
3.100000,1,0.000228194,-0.228644274,-0.067639984,0.095445618419,-77.909534676795,203.384091685946,281.293931315373,0.000304952632
3.100000,2,0.048853859,-0.155470984,-0.080376265,0.089007502913,164.024504593043,1937.765751291235,1773.741455529971,0.000208831780
3.100000,3,-0.074299647,-0.196991332,-0.055584095,0.089262902863,170.190432691337,1953.964287068703,1783.774082056841,0.000227679483
3.150000,0,0.012755605,-0.235939264,-0.047761846,0.095466363737,-73.679192685443,213.444330646539,287.123903994943,0.000380662961
3.150000,1,0.007524826,-0.253752031,-0.072790516,0.095499370844,-71.224667908361,212.116015076519,283.341017838209,0.000334853330
3.150000,2,0.025067440,-0.136252336,-0.087134085,0.088836259872,144.153435789651,1932.879813909780,1788.726586045774,0.000207925646
3.150000,3,-0.037355284,-0.241769083,-0.064232400,0.089422623026,135.059192079392,1936.124338989735,1801.065381360945,0.000234450610
3.200000,0,0.012911246,-0.243357249,-0.047993872,0.095480296680,-74.193865796123,215.803328331001,289.997596090914,0.000401963790
3.200000,1,0.012221627,-0.260577543,-0.074969533,0.095507897704,-72.306181364885,214.954927275440,287.261465307561,0.000356667237
3.200000,2,0.016830740,-0.132117802,-0.093677208,0.088976772627,123.562393341102,1930.211663439774,1806.649475836959,0.000205738286
3.200000,3,0.009182735,-0.255010880,-0.055819708,0.089294094471,101.723564301862,1940.454105463334,1838.730777706297,0.000236544832
3.250000,0,0.007031025,-0.234760892,-0.051568170,0.095452513665,-81.746715552295,209.691486029858,291.438573029127,0.000371446974
3.250000,1,0.010865715,-0.248010565,-0.073458701,0.095466432780,-81.263210881786,208.014370706814,289.277908883286,0.000327294685
3.250000,2,0.009018095,-0.135354583,-0.093823429,0.089082368494,102.972916151534,1934.893497129470,1831.920790333884,0.000209355948
3.250000,3,0.020992594,-0.229888048,-0.045197787,0.089153354557,86.492304935027,1962.856905636636,1876.364839636167,0.000238934567
3.300000,0,0.000632100,-0.224358885,-0.056233040,0.095422994759,-87.979461036059,203.821126679747,291.800960354585,0.000372638780
3.300000,1,0.006861080,-0.232577606,-0.068714664,0.095420953060,-88.023191706749,201.596178758965,289.619696267996,0.000325802282
3.300000,2,0.007841176,-0.154707362,-0.075502552,0.089173915928,90.273004164413,1942.109320648349,1851.836520509086,0.000204025150
3.300000,3,0.003800929,-0.199636429,-0.061009360,0.088951861337,83.052460617126,1982.102549105612,1899.050328670121,0.000240181644
3.350000,0,-0.003441961,-0.227080305,-0.061598812,0.095428474455,-89.828718911107,202.653765824569,292.482869411923,0.000384676248
3.350000,1,0.003259670,-0.226926353,-0.063399017,0.095415410858,-90.118711292429,200.278599823975,290.397659480813,0.000348364409
3.350000,2,0.003833948,-0.190964497,-0.053223024,0.089207216919,68.232321068204,1930.386533400745,1862.154416673340,0.000204340798
3.350000,3,-0.000521629,-0.175751927,-0.070831706,0.088943513839,79.183336015709,1993.822950584847,1914.639848018827,0.000233449698
3.400000,0,-0.006333677,-0.240441019,-0.067536696,0.095456022028,-87.707560787365,205.771473795311,293.479437846815,0.000403264139
3.400000,1,0.000705994,-0.232521610,-0.060352093,0.095435847907,-88.474159083550,202.930325852363,291.404849930672,0.000364994760
3.400000,2,-0.014943486,-0.222698891,-0.060873318,0.089319030589,45.752460989076,1917.321087127425,1871.568828269315,0.000202130965
3.400000,3,0.018724980,-0.159073744,-0.079864826,0.088964161696,72.027665755178,1998.177703381489,1926.150273901799,0.000236275497
3.450000,0,-0.009033970,-0.250198486,-0.071542947,0.095475346304,-86.082714230172,208.866678057715,294.949821826687,0.000429538800
3.450000,1,0.000448292,-0.240510217,-0.059248131,0.095457267223,-86.930050099544,205.624997779095,292.555434292550,0.000386413911
3.450000,2,-0.047332890,-0.226199741,-0.067751619,0.089173524308,24.239424217962,1914.172181775981,1889.932961469938,0.000203911921
3.450000,3,0.034116516,-0.151958924,-0.095886865,0.088974817895,61.770649667933,1999.044930215436,1937.274512801547,0.000232254054
3.500000,0,-0.008614062,-0.248924679,-0.072219748,0.095469125311,-88.730638102066,207.373836782679,296.104890861534,0.000415976789
3.500000,1,0.003764026,-0.241167941,-0.058599672,0.095460455556,-89.110673374553,204.282655194147,293.393695165322,0.000366596622
3.500000,2,-0.072847060,-0.213405477,-0.056181696,0.089229708322,10.014024944594,1921.989508779388,1911.975685645660,0.000201810866
3.500000,3,0.038084710,-0.156582599,-0.099342271,0.089057681569,45.784778325386,1997.433181241936,1951.648636954451,0.000234037910
3.550000,0,-0.005216636,-0.242148365,-0.070533229,0.095446787462,-92.739214789181,203.628945457613,296.368558876374,0.000398629579
3.550000,1,0.008261348,-0.236525741,-0.058325179,0.095446951687,-92.849118311421,200.732616472291,293.582087975264,0.000353191551
3.550000,2,-0.062426483,-0.197667784,-0.055793870,0.089062889460,3.166252938043,1929.824222275016,1926.658173357595,0.000204020621
3.550000,3,0.047631284,-0.172794264,-0.096440049,0.089164381320,26.255463349895,1992.765279744214,1966.510053984911,0.000237590601
3.600000,0,-0.001978555,-0.237152829,-0.068098131,0.095434419608,-95.126116948704,201.508395239673,296.634927534483,0.000415346105
3.600000,1,0.010779325,-0.234780085,-0.059278020,0.095444168191,-95.139509194290,198.682403964189,293.822278262716,0.000365104237
3.600000,2,-0.035716201,-0.175231183,-0.062698234,0.089022180537,-1.432518874318,1933.360188293170,1934.792910917681,0.000203750191
3.600000,3,0.056813066,-0.193574053,-0.085307185,0.089238391699,9.459677543624,1984.000125141202,1974.540687659566,0.000240061998
3.650000,0,0.000541617,-0.236350536,-0.066252611,0.095432392346,-95.477902212129,201.737372567993,297.215715403550,0.000440623428
3.650000,1,0.011809201,-0.237849702,-0.061860819,0.095446596728,-95.420148678209,198.977341341527,294.397876111483,0.000386091747
3.650000,2,-0.030946718,-0.163300019,-0.070480230,0.089063371489,-6.935300683032,1935.642484530722,1942.577989548430,0.000204334673
3.650000,3,0.062618908,-0.211500177,-0.072090391,0.089223705687,-3.458518037593,1977.152974622637,1980.611731032752,0.000238372531
3.700000,0,0.001788623,-0.238852922,-0.064626474,0.095440689118,-95.083358628330,202.675434462882,297.759239763108,0.000446671896
3.700000,1,0.012647333,-0.241771001,-0.064603033,0.095451356703,-95.005578435952,199.986658837320,294.992626977225,0.000389703953
3.700000,2,-0.038005336,-0.167763287,-0.081433686,0.089066075685,-13.530726352986,1935.444421808676,1948.975353378076,0.000205216413
3.700000,3,0.072038719,-0.212618569,-0.071567612,0.089137989791,-12.749457550046,1975.650201244059,1988.399902011531,0.000243217436
3.750000,0,0.001190718,-0.240968073,-0.062210325,0.095454090184,-95.360569025916,202.663112919647,298.024107417146,0.000425471584
3.750000,1,0.012452588,-0.242952102,-0.065899828,0.095457202272,-95.328003061974,199.976543494691,295.304914044007,0.000367487341
3.750000,2,-0.036077998,-0.177314526,-0.080306888,0.089133269979,-20.208156715939,1934.893089194861,1955.101449344734,0.000203433932
3.750000,3,0.085915320,-0.195299808,-0.073834327,0.089062973125,-20.271938151529,1977.021222642751,1997.293401050302,0.000240256032
3.800000,0,-0.000162974,-0.240569090,-0.059751073,0.095455815985,-96.358526140245,201.768556012302,298.127500000187,0.000417847639
3.800000,1,0.010426743,-0.241977220,-0.066076486,0.095453338056,-96.318491313318,199.068298557331,295.387148788136,0.000358917486
3.800000,2,-0.037792036,-0.188083393,-0.071930828,0.089013215905,-30.303053129690,1932.424911866293,1962.728168946245,0.000203950258
3.800000,3,0.085646532,-0.182758603,-0.070085894,0.089013369764,-26.321455090701,1979.108947751882,2005.430639335007,0.000236492435
3.850000,0,-0.000358952,-0.239962132,-0.058722135,0.095451996875,-97.293999390027,201.081860314835,298.376287755474,0.000428050612
3.850000,1,0.008132682,-0.241233735,-0.066185124,0.095445138375,-97.213941136022,198.385386707596,295.599702446449,0.000374602830
3.850000,2,-0.038891150,-0.200876044,-0.069875672,0.089153234927,-39.453119555508,1929.278496296883,1968.731819068314,0.000203215921
3.850000,3,0.063244078,-0.179168155,-0.066572235,0.089109773981,-30.912187703494,1980.034758687103,2010.947181159499,0.000234768913
3.900000,0,0.000482408,-0.240291653,-0.059342517,0.095449634015,-97.836585034075,200.948925622925,298.785950661179,0.000440004178
3.900000,1,0.006218120,-0.240794261,-0.066402275,0.095441057331,-97.725872947020,198.254853003827,295.981115845542,0.000389894694
3.900000,2,-0.030479025,-0.205471139,-0.067230830,0.089173802558,-44.672986527353,1927.900856618734,1972.574044090085,0.000200943996
3.900000,3,0.036873895,-0.173315989,-0.062292978,0.089157275650,-34.678964600703,1980.368873943597,2015.048070485982,0.000231941693
3.950000,0,0.000893881,-0.240276053,-0.060576247,0.095449605061,-98.123783442359,200.970162638615,299.094381065334,0.000434984359
3.950000,1,0.004352805,-0.240591802,-0.065945928,0.095446226108,-97.997499206949,198.275409206617,296.273292546771,0.000384133204
3.950000,2,-0.017501586,-0.203057847,-0.066845407,0.089126789073,-47.681276088044,1927.909355461725,1975.590833584860,0.000202035089
3.950000,3,0.027680715,-0.174983236,-0.061925354,0.089051935719,-37.131703364898,1980.362973992290,2017.494910411083,0.000233053907
4.000000,0,0.001113021,-0.240019148,-0.061625021,0.095448768153,-98.233959793745,200.946731113285,299.181108932326,0.000418025295
4.000000,1,0.003053377,-0.241352846,-0.064446238,0.095448499145,-98.101712868375,198.251696695634,296.353777060122,0.000367496113
4.000000,2,-0.016438091,-0.193190858,-0.070026614,0.089104692069,-50.954017336733,1928.019435174300,1978.973651904062,0.000199393025
4.000000,3,0.026022728,-0.189493456,-0.063858224,0.089051209090,-40.790249447922,1980.237739509396,2021.028211463914,0.000222506608
4.050000,0,0.001903981,-0.251784612,-0.062709984,0.095477916034,-84.706511591741,214.615062220967,299.322005481964,0.000431669255
4.050000,1,0.002188753,-0.253374284,-0.062964708,0.095481797528,-84.347519891063,212.183367193514,296.531264794245,0.000377709667
4.050000,2,-0.018083381,-0.196025548,-0.068459582,0.089082605510,-40.149969375891,1942.398287251448,1982.548456862075,0.000200234733
4.050000,3,0.016632188,-0.213167544,-0.062055353,0.089125038452,-26.480737288297,2000.190994645828,2026.671955967511,0.000224033397
4.100000,0,0.002628732,-0.279139922,-0.064063000,0.095559665403,-35.817226115596,265.792322018833,301.610001793182,0.000453658752
4.100000,1,0.000690062,-0.279627391,-0.062484751,0.095562916459,-34.921813172442,264.060920335583,298.983137404573,0.000403896548
4.100000,2,-0.007594219,-0.222108015,-0.068979635,0.089076940157,9.894658968320,1996.503909474105,1986.609449326351,0.000198820562
4.100000,3,0.004730272,-0.240810868,-0.061243175,0.089222833674,39.636519400633,2077.204659395263,2037.568365385821,0.000225391201
4.150000,0,0.002708714,-0.303809301,-0.066003731,0.095633939873,59.028312768666,368.123515133185,309.095679730249,0.000477365730
4.150000,1,-0.001683948,-0.303568243,-0.063408327,0.095636572413,60.151663820383,366.755887437472,306.604651513169,0.000427896080
4.150000,2,0.011565033,-0.245949734,-0.073654144,0.089229792430,121.601191373632,2117.289570185060,1995.688578832799,0.000200021366
4.150000,3,-0.010441939,-0.253671314,-0.066651452,0.089256217896,169.580215578088,2222.058723878331,2052.478732144406,0.000223844173
4.200000,0,0.002564752,-0.311526306,-0.069446676,0.095627332873,188.816255784440,507.625446447380,318.809678441796,0.000487778856
4.200000,1,-0.003945892,-0.310928301,-0.066436558,0.095626092911,189.727218275054,505.900774034950,316.173991032415,0.000435272520
4.200000,2,0.023596002,-0.248190439,-0.078769903,0.089241263699,280.525866240451,2289.670321135764,2009.144651059809,0.000196164491
4.200000,3,-0.026642560,-0.244310573,-0.078882938,0.089102119522,328.118005379485,2393.422785423643,2065.305006177607,0.000226133457
4.250000,0,0.002138803,-0.298750211,-0.075022205,0.095537959364,314.624990809636,638.534626193309,323.910091254499,0.000455870824
4.250000,1,-0.005746648,-0.297250526,-0.071983371,0.095532199846,314.663895846059,635.621019388391,320.957525800546,0.000402258214
4.250000,2,0.027227575,-0.229337335,-0.085420402,0.089070493619,437.638471245438,2454.807355301284,2017.169079653705,0.000195597855
4.250000,3,-0.036101007,-0.219469806,-0.097161909,0.089149235150,451.935091306174,2522.793025267993,2070.858155399940,0.000221438129
4.300000,0,0.001088629,-0.269782069,-0.082166804,0.095419061493,396.050050573339,720.795730728206,324.746125817795,0.000445662928
4.300000,1,-0.007474106,-0.268032855,-0.079378707,0.095418951763,394.540777529945,716.193180887340,321.652795147127,0.000391789732
4.300000,2,0.034487440,-0.196502531,-0.097795409,0.089187847175,530.396767206564,2550.556027607810,2020.159455779587,0.000195378336
4.300000,3,-0.037339552,-0.186787731,-0.114633083,0.089081767402,510.167857599580,2584.242473824808,2074.074828827781,0.000212602561
4.350000,0,0.000218535,-0.236827593,-0.087449478,0.095329495411,421.618946370065,750.032607080047,328.414130505532,0.000469795550
4.350000,1,-0.008870588,-0.235981918,-0.085168183,0.095330245555,419.541879018773,744.881634612810,325.340173422868,0.000417828831
4.350000,2,0.042911217,-0.161138399,-0.110910103,0.088989958952,539.826544966907,2565.107891082825,2025.281537558392,0.000191442469
4.350000,3,-0.038375584,-0.156631945,-0.121935719,0.088806417304,514.802793628874,2596.146287895209,2081.343708325372,0.000214059046
4.400000,0,-0.000021840,-0.211949262,-0.085827416,0.095288052333,410.353552581513,748.239986317945,337.886925385811,0.000491649379
4.400000,1,-0.009962690,-0.211824092,-0.084461640,0.095291110855,408.679497021870,743.409977842278,334.730920337697,0.000439517289
4.400000,2,0.048595375,-0.133096151,-0.116362588,0.089022866073,508.789573325866,2545.376781976144,2036.587404989539,0.000196339256
4.400000,3,-0.048683718,-0.136395806,-0.121455332,0.088825834182,498.381553513334,2590.116555161274,2091.735214699349,0.000213051416
4.450000,0,0.000284657,-0.196986063,-0.075668177,0.095297743635,391.074661355334,740.552585030673,349.478434544595,0.000510869257
4.450000,1,-0.010907301,-0.196987027,-0.075570609,0.095300219831,389.827948553585,735.969725111127,346.142237784294,0.000461226751
4.450000,2,0.049449104,-0.115481206,-0.108997263,0.088950862675,477.219848172384,2527.882491707791,2050.662839339918,0.000195804508
4.450000,3,-0.065008056,-0.123759516,-0.113672944,0.088880382355,478.187972933317,2579.713063089633,2101.525306736798,0.000216580489
4.500000,0,0.000578148,-0.188852062,-0.060012994,0.095329460089,379.538690693775,738.494861227160,358.956688914834,0.000518381448
4.500000,1,-0.011885796,-0.189027037,-0.061086862,0.095331721052,378.519057498626,733.983551220047,355.464960212103,0.000466490681
4.500000,2,0.057214553,-0.111462817,-0.096297415,0.089071699373,461.863087610591,2524.053163403164,2062.190270955213,0.000195162634
4.500000,3,-0.080355808,-0.119320699,-0.101956982,0.089041187725,464.272714145646,2573.482556069370,2109.210055067104,0.000213143385
4.550000,0,0.000295917,-0.184851008,-0.043178072,0.095357028991,372.416664223268,737.839358893304,365.423203580424,0.000508910388
4.550000,1,-0.013328306,-0.185303470,-0.045133863,0.095358105818,371.548549196267,733.344687115130,361.796597498853,0.000459579989
4.550000,2,0.068357149,-0.115191189,-0.085302502,0.089166828620,454.999871030455,2524.467087254831,2069.467407015870,0.000190791488
4.550000,3,-0.092111011,-0.115721319,-0.090429605,0.089090044618,457.642158337026,2573.189049069994,2115.547102294528,0.000211561564
4.600000,0,-0.000304552,-0.181230271,-0.027817120,0.095376994802,360.365457117442,730.424445981547,370.059480113365,0.000491249259
4.600000,1,-0.015154634,-0.181695440,-0.030378108,0.095375124907,359.692743835927,725.968111306373,366.275816660619,0.000449190173
4.600000,2,0.074422798,-0.115928000,-0.073865410,0.089095890301,444.463484138126,2518.545217796640,2074.081928341025,0.000194682503
4.600000,3,-0.102119465,-0.107306840,-0.077559651,0.088961024450,451.218095141949,2572.387414908657,2121.169535190560,0.000215423856
4.650000,0,-0.000813502,-0.175635277,-0.015354817,0.095396286192,338.997256529027,712.973403842833,373.976629533684,0.000482219877
4.650000,1,-0.016819520,-0.176061326,-0.018137404,0.095395712503,338.670615097686,708.691748238236,370.021572958545,0.000439817995
4.650000,2,0.081099743,-0.113507416,-0.062281382,0.089021752138,426.127597878627,2503.406676448594,2077.279275014326,0.000196444351
4.650000,3,-0.107551887,-0.100671998,-0.061291967,0.088961244729,443.148391652685,2569.427040312390,2126.278869268868,0.000220609167
4.700000,0,-0.001074193,-0.170844798,-0.007540562,0.095407005089,308.638220196184,686.035633118256,377.397906112888,0.000493190816
4.700000,1,-0.017844346,-0.171457477,-0.010142326,0.095406213890,308.586491430935,681.866094209462,373.280052994629,0.000450216103
4.700000,2,0.091837458,-0.112482236,-0.051672282,0.088988749795,395.386050495962,2475.264206853412,2079.878354292228,0.000197934770
4.700000,3,-0.110385656,-0.100003112,-0.047651247,0.089124765316,416.086099207873,2546.842360067108,2130.756481329370,0.000220470139
4.750000,0,-0.001246210,-0.172646386,-0.006051528,0.095408885724,268.739300982119,648.648834879938,379.910026059643,0.000492161823
4.750000,1,-0.018238864,-0.173581611,-0.008195920,0.095407876345,268.368755010594,644.032738774061,375.664424795508,0.000441032040
4.750000,2,0.099191222,-0.117615708,-0.042863687,0.089065568999,356.440439000437,2438.440286210394,2082.000046058220,0.000198848256
4.750000,3,-0.112587478,-0.105785962,-0.041258486,0.089065149832,368.477385551485,2502.700618930550,2134.223461445216,0.000228066155
4.800000,0,-0.001615930,-0.185560827,-0.010845313,0.095433444425,216.583211643197,597.725852353729,381.143117068047,0.000476357515
4.800000,1,-0.018244873,-0.186476320,-0.012425540,0.095432681570,215.638348130837,592.487599826888,376.849674973301,0.000423277248
4.800000,2,0.098107936,-0.131691006,-0.038657229,0.089054338147,294.560075864710,2378.110862443815,2083.550989853537,0.000203274426
4.800000,3,-0.117211802,-0.120198861,-0.041487561,0.088974655419,310.250491838946,2446.716575276134,2136.466310304604,0.000226867418
4.850000,0,-0.001967859,-0.210047191,-0.020525785,0.095483782975,150.086702598431,532.002529869093,381.916310775931,0.000483505269
4.850000,1,-0.017752901,-0.210511489,-0.021536826,0.095483273884,148.472288390201,526.134525299514,377.662664437998,0.000427528684
4.850000,2,0.089005875,-0.154271492,-0.041745078,0.089069519810,208.270894699733,2293.161926143765,2084.891233773904,0.000202329867
4.850000,3,-0.119007925,-0.145246939,-0.046120696,0.089045896671,233.352580940985,2371.827601730055,2138.475251259796,0.000230470729
4.900000,0,-0.002105788,-0.242229621,-0.034184555,0.095549843040,73.504578231410,458.507457613095,385.003399656875,0.000520275190
4.900000,1,-0.016467210,-0.242136087,-0.034627138,0.095548494367,71.688655161279,452.465069213998,380.776872565004,0.000458512285
4.900000,2,0.078451939,-0.183780429,-0.050774972,0.089160687027,120.748150977696,2209.053459322453,2088.305509379004,0.000201034242
4.900000,3,-0.111014357,-0.178333792,-0.054519538,0.089050658633,144.154931505883,2287.070253418843,2142.915555120162,0.000233207205
4.950000,0,-0.002008455,-0.274983406,-0.051487331,0.095617258575,2.249691909953,396.105699479662,393.856556558232,0.000548988522
4.950000,1,-0.014110016,-0.274456081,-0.051371084,0.095612929491,0.746116170327,390.223224263469,389.477596247589,0.000488154447
4.950000,2,0.066974128,-0.216707086,-0.061422577,0.089292672702,43.541502098154,2140.546039899264,2097.004736189176,0.000198388059
4.950000,3,-0.095026136,-0.213479003,-0.065865413,0.089234332995,60.460703920605,2213.179090987399,2152.718614764306,0.000227697513
5.000000,0,-0.001660508,-0.300433627,-0.071407680,0.095660391279,-38.550655084279,370.444716512440,408.995945493173,0.000573896455
5.000000,1,-0.010513873,-0.299653933,-0.070861774,0.095657711242,-39.531556993089,364.709945718019,404.242016729653,0.000514018545
5.000000,2,0.051215720,-0.242999276,-0.073073214,0.089223933879,-1.414571796994,2110.943798135981,2112.358568243787,0.000198310809
5.000000,3,-0.070568503,-0.242842094,-0.079256523,0.089433825619,13.208305901094,2181.846044551941,2168.637970527582,0.000231876735
5.050000,0,-0.001310798,-0.301685142,-0.091231417,0.095606719200,-54.027396725353,370.443664297101,424.471626115510,0.000565093056
5.050000,1,-0.005907080,-0.300999645,-0.090452129,0.095605760870,-54.635538178196,364.708893502680,419.344942410783,0.000510729906
5.050000,2,0.028518769,-0.245906924,-0.083366513,0.089205736201,-17.773319276639,2110.942271648605,2128.715790160718,0.000199235471
5.050000,3,-0.039476846,-0.245706912,-0.091238083,0.089220566716,-3.718609358606,2181.844518064565,2185.563362755081,0.000235331910
5.100000,0,-0.001095177,-0.275421295,-0.107066491,0.095465663202,-61.124447491216,370.443664297101,431.568648535601,0.000536747284
5.100000,1,-0.001004893,-0.275192151,-0.106216092,0.095465122331,-61.552936875577,364.708893502680,426.262316732109,0.000486353852
5.100000,2,0.000263983,-0.223387767,-0.091369083,0.088976739118,-25.175936995512,2110.942271648605,2136.118405531114,0.000196886993
5.100000,3,-0.005930907,-0.224424209,-0.099676780,0.089062664253,-11.556810113220,2181.844518064565,2193.401565502259,0.000237324476
5.150000,0,-0.001037297,-0.243899489,-0.114159771,0.095359398856,-65.422757250440,370.443664297101,435.866978719065,0.000557171524
5.150000,1,0.003593784,-0.244049100,-0.113436937,0.095359595589,-65.710655565576,364.708893502680,430.420055643952,0.000506575696
5.150000,2,-0.028046404,-0.197113170,-0.097712593,0.088806698525,-28.589427269846,2110.942271648605,2139.531900374642,0.000201456187
5.150000,3,0.025895065,-0.199441631,-0.102906327,0.088866536957,-15.344255025252,2181.844518064565,2197.189016019462,0.000242929646
5.200000,0,-0.001008615,-0.224774795,-0.109672452,0.095328874845,-72.239037819720,370.443664297101,442.683284789196,0.000582672374
5.200000,1,0.007835301,-0.225019121,-0.109239609,0.095329730215,-72.340332184126,364.708893502680,437.049764227167,0.000538540360
5.200000,2,-0.052401219,-0.181560500,-0.096953436,0.088977816423,-33.404537085504,2110.942271648605,2144.347005758098,0.000197023984
5.200000,3,0.059137683,-0.184138348,-0.097247741,0.088973651489,-19.894400481415,2181.844518064565,2201.739165762648,0.000247216668
5.250000,0,-0.000875848,-0.223967646,-0.095887273,0.095364625751,-77.470668598962,370.443664297101,447.914893796305,0.000560900242
5.250000,1,0.011951801,-0.224105663,-0.095820798,0.095366555399,-77.464233207203,364.708893502680,442.173644940228,0.000518230344
5.250000,2,-0.071765188,-0.180345767,-0.085016373,0.089090961664,-36.831494919481,2110.942271648605,2147.773959397417,0.000192829328
5.250000,3,0.089793022,-0.179899236,-0.082575555,0.089017666774,-22.465369556416,2181.844518064565,2204.310134542511,0.000246921531
5.300000,0,-0.000509433,-0.239320505,-0.077429407,0.095439946925,-78.591985184900,370.443664297101,449.036173713445,0.000524231444
5.300000,1,0.016383398,-0.239138655,-0.077801072,0.095440414132,-78.581815977132,364.708893502680,443.291191483738,0.000482003925
5.300000,2,-0.089548555,-0.187347107,-0.065890923,0.089270738764,-38.188556458873,2110.942271648605,2149.131022933424,0.000194825942
5.300000,3,0.117677248,-0.182101163,-0.065194267,0.089151020330,-23.708975147968,2181.844518064565,2205.553731709764,0.000238497231
5.350000,0,0.000058685,-0.258715561,-0.057734617,0.095515687236,-79.588919107083,370.443664297101,450.033131930703,0.000548526519
5.350000,1,0.021089113,-0.258150400,-0.058611642,0.095516291468,-79.553192057488,364.708893502680,444.262592484149,0.000506923980
5.350000,2,-0.108447410,-0.193560830,-0.050448531,0.089205235870,-41.166957130216,2110.942271648605,2152.109420310262,0.000191531437
5.350000,3,0.142257012,-0.184351018,-0.052063867,0.089090396873,-27.163963534162,2181.844518064565,2209.008719675149,0.000238076421
5.400000,0,0.000404869,-0.266779719,-0.039961244,0.095549654829,-83.284383852610,370.443664297101,453.728631019106,0.000582869395
5.400000,1,0.024961060,-0.266053630,-0.041300240,0.095549139855,-83.141660153972,364.708893502680,447.851092924375,0.000539267722
5.400000,2,-0.127531450,-0.192083723,-0.046151126,0.089006376957,-45.218919332632,2110.942271648605,2156.161385329369,0.000194348128
5.400000,3,0.162028719,-0.178536400,-0.049048663,0.089174182721,-31.443713393152,2181.844518064565,2213.288467865021,0.000236407305
5.450000,0,0.000598446,-0.260237848,-0.028371158,0.095521107207,-87.099979975420,370.443664297101,457.544219239328,0.000574966807
5.450000,1,0.027024886,-0.259564712,-0.029960346,0.095520734574,-86.852955054365,364.708893502680,451.562395005117,0.000546448071
5.450000,2,-0.139097545,-0.181479577,-0.052455720,0.088857309183,-47.379485889134,2110.942271648605,2158.321951525878,0.000193988135
5.450000,3,0.170615765,-0.163312772,-0.057412003,0.089044691268,-33.771108755978,2181.844518064565,2215.615856442068,0.000229621525
5.500000,0,0.001003478,-0.244374866,-0.025958300,0.095459142813,-88.942938138983,370.443664297101,459.387148973869,0.000546537785
5.500000,1,0.027166024,-0.243876547,-0.027518465,0.095458525556,-88.644242336918,364.708893502680,453.353664477476,0.000528637876
5.500000,2,-0.137073664,-0.167612309,-0.065083438,0.089081260950,-48.210594348573,2110.942271648605,2159.153063251718,0.000197254538
5.500000,3,0.165305340,-0.149646368,-0.072818578,0.089028487602,-34.901912504422,2181.844518064565,2216.746659756778,0.000229187792
5.550000,0,0.001572253,-0.227175593,-0.032025345,0.095406325479,-90.254797092450,370.443664297101,460.699027820725,0.000566431173
5.550000,1,0.025828736,-0.226863673,-0.033360649,0.095405876234,-89.927654684879,364.708893502680,454.637089569981,0.000541382421
5.550000,2,-0.124956739,-0.161300630,-0.077306471,0.089029331187,-49.652398639921,2110.942271648605,2160.594865943922,0.000195655394
5.550000,3,0.152895729,-0.147019125,-0.088882807,0.088986003861,-36.779064314193,2181.844518064565,2218.623813902202,0.000231523444
5.600000,0,0.001908420,-0.218736961,-0.041489030,0.095392174583,-92.194157525459,370.443664297101,462.638413105175,0.000591282614
5.600000,1,0.023819287,-0.218521777,-0.042553255,0.095393226137,-91.834778023905,364.708893502680,456.544232859211,0.000561332624
5.600000,2,-0.111516172,-0.167921675,-0.084242862,0.089233496014,-51.764030648535,2110.942271648605,2162.706498068456,0.000195771316
5.600000,3,0.140742262,-0.157278790,-0.098673822,0.088931768390,-39.179284919639,2181.844518064565,2221.024034297154,0.000231312949
5.650000,0,0.001895961,-0.223303351,-0.049472109,0.095402131298,-93.733252043756,370.443664297101,464.177501954773,0.000585613916
5.650000,1,0.021704959,-0.223061961,-0.050299506,0.095401752239,-93.351973158975,364.708893502680,458.061432182134,0.000565520477
5.650000,2,-0.101274389,-0.181625966,-0.086410104,0.089143908563,-53.406344631245,2110.942271648605,2164.348812343248,0.000196063397
5.650000,3,0.131833645,-0.175100931,-0.101082969,0.089069948716,-40.970850962347,2181.844518064565,2222.815598692866,0.000229665955
5.700000,0,0.001803660,-0.236051605,-0.055322370,0.095431254134,-94.171004090736,370.443664297101,464.615237384185,0.000568996348
5.700000,1,0.019442355,-0.235702183,-0.055942466,0.095429997723,-93.781048135407,364.708893502680,458.490486655928,0.000545017839
5.700000,2,-0.094070428,-0.196118567,-0.087073997,0.089032003942,-54.371803398904,2110.942271648605,2165.314276007909,0.000200960397
5.700000,3,0.122625811,-0.192873071,-0.100134918,0.089169687645,-42.431587174630,2181.844518064565,2224.276335216358,0.000229977162
5.750000,0,0.001885529,-0.249616836,-0.060822352,0.095469784890,-94.407035853049,370.443664297101,464.851279777808,0.000579627658
5.750000,1,0.016714159,-0.249240707,-0.061212634,0.095468229843,-94.009117006418,364.708893502680,458.718560502461,0.000549993362
5.750000,2,-0.084674751,-0.207693702,-0.086755703,0.088918014606,-55.777191921837,2110.942271648605,2166.719664365873,0.000200795429
5.750000,3,0.108449227,-0.204652983,-0.098425113,0.089087922188,-44.536442084143,2181.844518064565,2226.381190007311,0.000229858603
5.800000,0,0.002152771,-0.259130502,-0.066752477,0.095489662737,-95.292250954686,370.443664297101,465.736512561204,0.000597309416
5.800000,1,0.013246619,-0.258805885,-0.066901592,0.095488826640,-94.877376613500,364.708893502680,459.586841140128,0.000571023947
5.800000,2,-0.067093288,-0.212284588,-0.084160985,0.089005582630,-57.571821548441,2110.942271648605,2168.514293611287,0.000200414239
5.800000,3,0.087264600,-0.209760934,-0.094337457,0.089104788632,-46.644387797948,2181.844518064565,2228.489136491065,0.000230628552
5.850000,0,0.002287579,-0.261397590,-0.072298505,0.095485609307,-96.413243257458,370.443664297101,466.857512448765,0.000604894206
5.850000,1,0.008933340,-0.261186913,-0.072222069,0.095485245190,-95.978595115432,364.708893502680,460.688065157373,0.000576539260
5.850000,2,-0.041718011,-0.209869127,-0.078114083,0.089007625759,-58.542360742989,2110.942271648605,2169.484835351216,0.000202959619
5.850000,3,0.059388152,-0.208869072,-0.085141519,0.089087368370,-47.596107165661,2181.844518064565,2229.440854079769,0.000228849541
5.900000,0,0.002226038,-0.256113375,-0.076429757,0.095455293961,-97.107963904902,370.443664297101,467.552225603826,0.000597401822
5.900000,1,0.004243858,-0.256050750,-0.076171293,0.095456799298,-96.655961645715,364.708893502680,461.365417778538,0.000562630142
5.900000,2,-0.013727887,-0.204571442,-0.069229862,0.089081858041,-58.770388922352,2110.942271648605,2169.712864371403,0.000203800442
5.900000,3,0.027584058,-0.204416347,-0.071196905,0.088999410855,-47.791277293286,2181.844518064565,2229.636025351623,0.000229993772
5.950000,0,0.001971109,-0.248037382,-0.078724287,0.095429496708,-97.499383991750,370.443664297101,467.943640920102,0.000592631250
5.950000,1,-0.000404359,-0.248070431,-0.078338775,0.095430126036,-97.030733072904,364.708893502680,461.740193130058,0.000566554473
5.950000,2,0.008642612,-0.198938151,-0.061199920,0.089147319233,-59.029529783638,2110.942271648605,2169.971997428990,0.000195996744
5.950000,3,-0.001659053,-0.200296528,-0.058114131,0.089161802906,-48.117684441861,2181.844518064565,2229.962432137301,0.000229630874
6.000000,0,0.001729125,-0.242850492,-0.078669239,0.095417353291,-97.933882923246,370.443664297101,468.378140279956,0.000593059608
6.000000,1,-0.004769667,-0.242915232,-0.078259411,0.095419223705,-97.448484649832,364.708893502680,462.157953409645,0.000575257132
6.000000,2,0.027297320,-0.195438508,-0.055923947,0.089138357767,-59.452137468864,2110.942271648605,2170.394606307877,0.000197190407
6.000000,3,-0.027489372,-0.196240080,-0.049406751,0.089025250507,-48.756330109581,2181.844518064565,2230.601078522794,0.000230348648
6.050000,0,0.001490902,-0.253564316,-0.075462882,0.095455659383,-86.040598084843,382.572242465924,468.613449168442,0.000608617675
6.050000,1,-0.008985448,-0.253561820,-0.075171464,0.095457851998,-85.523389224796,376.864280653756,462.388259762333,0.000589883780
6.050000,2,0.044599420,-0.207238557,-0.053887925,0.089074462658,-44.005611459678,2127.180580054203,2171.186386912828,0.000195398944
6.050000,3,-0.051070973,-0.207261142,-0.045741475,0.089238293815,-32.888875012655,2198.835465572133,2231.724571839831,0.000231255046
6.100000,0,0.001070096,-0.282151699,-0.068855563,0.095558523837,-38.783926370188,431.350522491496,470.135080094302,0.000631232617
6.100000,1,-0.013255740,-0.282018921,-0.068810111,0.095558316243,-38.225365236989,425.697049166043,463.923026756447,0.000612353413
6.100000,2,0.062908954,-0.233261905,-0.055150730,0.089125601282,17.715654817396,2193.022563450621,2175.307106178004,0.000197544776
6.100000,3,-0.073810781,-0.231899692,-0.047638090,0.089213043136,31.891817611553,2268.387720941083,2236.496129774202,0.000226444675
6.150000,0,0.000683517,-0.309107566,-0.061119706,0.095652566379,57.471014383291,535.069054586485,477.598698633421,0.000658430226
6.150000,1,-0.017035597,-0.308845012,-0.061336454,0.095652157236,58.025000592153,529.409296340093,471.384935105090,0.000639357148
6.150000,2,0.079826181,-0.249365637,-0.060169458,0.089223542149,142.257270427858,2328.325054247172,2186.067979170143,0.000195350829
6.150000,3,-0.093792107,-0.245825589,-0.055555567,0.089274126045,151.170441059475,2398.741334107289,2247.571123106861,0.000230059052
6.200000,0,0.000287850,-0.318221456,-0.056861989,0.095656189944,192.303214172598,680.910194309425,488.607648550138,0.000668413309
6.200000,1,-0.019621409,-0.317833987,-0.057276652,0.095655144494,192.706529110602,675.062513485749,482.356630714757,0.000646339609
6.200000,2,0.090289990,-0.244857715,-0.071974126,0.089176189360,301.032778854128,2498.321895266586,2197.289314736127,0.000198323669
6.200000,3,-0.106891467,-0.239705749,-0.071367899,0.089139696828,308.904971464633,2566.946809514802,2258.042065830678,0.000227780512
6.250000,0,-0.000218774,-0.303595464,-0.059320732,0.095550655265,323.260719873253,817.767956279417,494.507873616125,0.000637209959
6.250000,1,-0.020550282,-0.303173785,-0.059846787,0.095550906697,323.496804597351,811.720985130010,488.224803222404,0.000622689744
6.250000,2,0.090512221,-0.222219293,-0.093229933,0.089277463484,437.584160475112,2639.127594672875,2201.543628824704,0.000194626942
6.250000,3,-0.109518099,-0.217151354,-0.096644293,0.089086988471,444.088126611231,2705.925551229961,2261.837654136013,0.000229517287
6.300000,0,-0.000785071,-0.270943924,-0.067658072,0.095421741437,406.114872327196,901.226279010520,495.112027518981,0.000620835655
6.300000,1,-0.019842404,-0.270585939,-0.068242616,0.095420647459,406.140850072735,894.968447310809,488.828207485148,0.000610247072
6.300000,2,0.081871935,-0.190290373,-0.118965191,0.089071864504,512.258496479000,2714.659649970210,2202.401348318924,0.000194827713
6.300000,3,-0.100828322,-0.186819362,-0.124770766,0.089069097169,511.981691413005,2774.863735034585,2262.882273516641,0.000229895064
6.350000,0,-0.001164015,-0.235187175,-0.075879653,0.095323572231,429.070136840089,928.164892667506,499.095404481274,0.000648653855
6.350000,1,-0.018219697,-0.234920060,-0.076494578,0.095322791547,429.116434236193,921.932083752125,492.816287710305,0.000638194372
6.350000,2,0.071628663,-0.160734449,-0.136187664,0.088855292904,519.105834575951,2727.223511791422,2208.117873767466,0.000196551996
6.350000,3,-0.090106747,-0.159416097,-0.143982836,0.088963011513,518.370608099929,2786.724721865319,2268.354343847473,0.000230082085
6.400000,0,-0.001401940,-0.209001306,-0.076766834,0.095280215323,413.320244945634,923.427764476177,510.108193291548,0.000673761004
6.400000,1,-0.016830931,-0.208830425,-0.077389328,0.095279736158,413.380634506969,917.194318210573,503.814345328141,0.000661624536
6.400000,2,0.065421357,-0.141132932,-0.136283606,0.088883998504,490.361319957259,2709.465724010723,2219.104600825139,0.000196771676
6.400000,3,-0.083923764,-0.139164363,-0.145684763,0.089011836710,497.214242258378,2776.227273954255,2279.013262187200,0.000230491327
6.450000,0,-0.001807347,-0.194393994,-0.068688980,0.095288909198,390.263765373699,913.757054314629,523.493982245382,0.000693304451
6.450000,1,-0.016403989,-0.194278829,-0.069306134,0.095287468700,390.403409610317,907.574041680401,517.171314279225,0.000682209140
6.450000,2,0.064854178,-0.130805556,-0.125592263,0.088912290152,463.645171578478,2694.089579981654,2230.444604465428,0.000196062253
6.450000,3,-0.084917250,-0.127765160,-0.135738659,0.088910244258,473.402085442790,2763.680829439478,2290.278973289306,0.000229292619
6.500000,0,-0.002406106,-0.188168810,-0.055698991,0.095322838889,377.241203317099,911.284504441889,534.043997579704,0.000696454913
6.500000,1,-0.016772090,-0.188059636,-0.056305411,0.095321962143,377.425705440707,905.119622854417,527.694600866385,0.000683452673
6.500000,2,0.066877368,-0.128126098,-0.114448205,0.088957655278,451.918245120190,2690.765499609377,2238.847450584996,0.000196095812
6.500000,3,-0.088770731,-0.125239986,-0.124700560,0.088913128117,459.465350486009,2758.149517877074,2298.684397187170,0.000229796106
6.550000,0,-0.003019225,-0.186644852,-0.042090603,0.095356210887,370.096905533865,910.664936553792,540.568714857902,0.000683837974
6.550000,1,-0.017231231,-0.186503699,-0.042669389,0.095355147096,370.297464364624,904.500338107670,534.203543441269,0.000669698221
6.550000,2,0.067418309,-0.128923604,-0.104740595,0.089019799667,447.234413539158,2691.510045710569,2244.275826274424,0.000194103017
6.550000,3,-0.091562503,-0.124699524,-0.114450667,0.088906319437,453.898508141870,2758.068676840278,2304.170395702577,0.000227004172
6.600000,0,-0.003532347,-0.185319090,-0.029461819,0.095376238003,358.223063561851,902.802574770892,544.580180150429,0.000668941388
6.600000,1,-0.017243771,-0.185153227,-0.029978237,0.095375672981,358.411493178294,896.619692736142,538.208850336581,0.000650778733
6.600000,2,0.065244705,-0.127300078,-0.090526208,0.089003851961,437.135798922310,2685.479853218975,2248.344247969509,0.000193672847
6.600000,3,-0.091893468,-0.121628570,-0.099171240,0.088927482000,448.178053752521,2756.544295345943,2308.366474601085,0.000233007664
6.650000,0,-0.004008110,-0.181404448,-0.018868501,0.095394632768,336.540345488440,884.128647908992,547.588966649541,0.000664228988
6.650000,1,-0.016815683,-0.181241183,-0.019292009,0.095394921365,336.762756267750,877.981604712313,541.219501450598,0.000653006033
6.650000,2,0.061567112,-0.125055839,-0.069463926,0.089052339460,421.925785656737,2674.012657050680,2252.087066493845,0.000195099904
6.650000,3,-0.091053125,-0.119939633,-0.076546264,0.089094525396,434.763769066916,2747.097347441362,2312.333813883294,0.000235508849
6.700000,0,-0.004407844,-0.177488577,-0.012590584,0.095402736128,305.312460259446,855.441495655407,550.129704967393,0.000669571432
6.700000,1,-0.016068670,-0.177294876,-0.012924930,0.095402793236,305.537566136944,849.305539396744,543.768627593087,0.000654333287
6.700000,2,0.058310477,-0.128152620,-0.047719052,0.089178595704,396.170765628444,2651.745718192484,2255.575153311382,0.000200747346
6.700000,3,-0.089382422,-0.123864716,-0.052297335,0.089141104734,405.946310401525,2722.135210371815,2316.189136361335,0.000236391046
6.750000,0,-0.004614874,-0.179361425,-0.012334800,0.095407225844,263.875788065935,815.856270505133,551.981155004213,0.000672565014
6.750000,1,-0.015030996,-0.179169128,-0.012585153,0.095408282970,264.141324231138,809.772456790761,545.631788386298,0.000655826674
6.750000,2,0.055766375,-0.136662705,-0.032896684,0.089225868017,351.929327845749,2610.275073361011,2258.345944286511,0.000198771253
6.750000,3,-0.086042453,-0.132195318,-0.035530129,0.089127063263,356.350319876634,2675.818009889420,2319.467923366878,0.000233354092
6.800000,0,-0.004682876,-0.191656274,-0.017254228,0.095435094335,210.625204309239,763.450865035167,552.826322826330,0.000662100401
6.800000,1,-0.013690143,-0.191486029,-0.017430012,0.095435988185,210.917720289713,757.403324112724,546.486241342491,0.000637519480
6.800000,2,0.051649774,-0.149706041,-0.028662944,0.088994777188,285.768389872097,2545.804814479698,2260.036626787551,0.000202179951
6.800000,3,-0.081097616,-0.145016452,-0.030312379,0.089044136242,288.004558305114,2609.594600758565,2321.590279389735,0.000236936284
6.850000,0,-0.004638951,-0.214841329,-0.025436078,0.095483291500,143.480437863644,696.899561087834,553.419790916932,0.000667692741
6.850000,1,-0.011899608,-0.214716260,-0.025535482,0.095484205022,143.802422427716,690.883544293753,547.081770598232,0.000648732193
6.850000,2,0.045057834,-0.171113872,-0.031774084,0.089076797655,197.845944711965,2459.448383263659,2261.602640381339,0.000201829645
6.850000,3,-0.073387212,-0.166767420,-0.033261452,0.089119903988,204.374556514278,2527.690522386284,2323.316198901897,0.000233029887
6.900000,0,-0.004426785,-0.245469174,-0.036467333,0.095549681580,66.755349003428,623.128131479703,556.373471762021,0.000689285745
6.900000,1,-0.009485607,-0.245372367,-0.036487667,0.095550619098,67.136955968244,617.166460120931,550.030176350876,0.000672198188
6.900000,2,0.034971055,-0.199748660,-0.038206150,0.089093018195,101.664566608504,2366.963260670158,2265.298893153049,0.000199091393
6.900000,3,-0.061245793,-0.196672129,-0.039868704,0.089148456141,115.208693652443,2442.038198472321,2326.829736890546,0.000232070664
6.950000,0,-0.003965823,-0.276710539,-0.051268682,0.095615126124,-4.057131641027,560.794946978962,564.852793395704,0.000714775715
6.950000,1,-0.006412108,-0.276693193,-0.051211233,0.095616826684,-3.676470873856,554.826823563356,558.503992823618,0.000698386405
6.950000,2,0.021350447,-0.228335538,-0.048357951,0.089335610633,22.019087412843,2295.500558183810,2273.481674059401,0.000203288434
6.950000,3,-0.042788495,-0.226863705,-0.049971734,0.089229332865,34.301101885205,2368.947392235350,2334.646518024894,0.000227674745
7.000000,0,-0.003194275,-0.301107058,-0.069626925,0.095660289019,-43.790215277344,535.354606648705,579.145565029077,0.000743103028
7.000000,1,-0.002849979,-0.301153438,-0.069520713,0.095661130458,-43.416769798211,529.385925254914,572.803419941089,0.000724887962
7.000000,2,0.005823714,-0.249575513,-0.064109761,0.089294314640,-20.414989824477,2266.136952973114,2286.552144969447,0.000202171857
7.000000,3,-0.019095839,-0.250780798,-0.065232638,0.089267663235,-9.303824656834,2338.406268038244,2347.710323773036,0.000231077955
7.050000,0,-0.002114679,-0.301884384,-0.088572835,0.095608607380,-58.151777745819,535.353554433366,593.506071655287,0.000739476101
7.050000,1,0.001017579,-0.301956620,-0.088453392,0.095608155296,-57.796357608950,529.384873039575,587.181947262469,0.000716613942
7.050000,2,-0.009859668,-0.248728809,-0.082788927,0.089300340680,-33.675096055522,2266.135426485738,2299.810723097521,0.000200556262
7.050000,3,0.005419746,-0.251533411,-0.082670950,0.089330491690,-23.218002821441,2338.404741550868,2361.622975511678,0.000231139365
7.100000,0,-0.000844689,-0.275639535,-0.103765022,0.095464709698,-64.380839860082,535.353554433366,599.735106843210,0.000712549762
7.100000,1,0.004896150,-0.275706705,-0.103680158,0.095466196663,-64.030996796581,529.384873039575,593.416559467448,0.000689631290
7.100000,2,-0.023997790,-0.225162566,-0.098511809,0.089002780620,-39.622845734919,2266.135426485738,2305.758470372344,0.000198151686
7.100000,3,0.027731845,-0.228358820,-0.098062932,0.089146979999,-29.714465057251,2338.404741550868,2368.119437029902,0.000230421780
7.150000,0,0.000416097,-0.244408612,-0.110598906,0.095358209336,-68.174087537148,535.353554433366,603.528373877865,0.000731907351
7.150000,1,0.008565705,-0.244413043,-0.110586756,0.095358478089,-67.811661254902,529.384873039575,597.197249421993,0.000715127514
7.150000,2,-0.038152465,-0.200279245,-0.106626126,0.088888641581,-43.673465509674,2266.135426485738,2309.809092177948,0.000200182536
7.150000,3,0.049795602,-0.202872525,-0.107008411,0.088962589727,-33.520665948863,2338.404741550868,2371.925634153905,0.000226654172
7.200000,0,0.001631020,-0.225651294,-0.106502835,0.095327737176,-74.668414606347,535.353554433366,610.022734708363,0.000765668651
7.200000,1,0.012076448,-0.225560509,-0.106586779,0.095328382246,-74.290245283757,529.384873039575,603.675867068847,0.000748745512
7.200000,2,-0.052057325,-0.188275893,-0.102625904,0.088880510993,-49.410184888516,2266.135426485738,2315.545813273728,0.000201899473
7.200000,3,0.071723203,-0.187387470,-0.104791901,0.088900792985,-38.861948473358,2338.404741550868,2377.266917348426,0.000227324199
7.250000,0,0.002812213,-0.225082439,-0.093687295,0.095362362220,-79.745476031334,535.353554433366,615.099780261279,0.000749796578
7.250000,1,0.015545898,-0.224876159,-0.093879675,0.095362364930,-79.361411630894,529.384873039575,608.747019328492,0.000734658021
7.250000,2,-0.065327482,-0.188993307,-0.088518674,0.089027781117,-52.880516500902,2266.135426485738,2319.016143866423,0.000200879782
7.250000,3,0.092246039,-0.184652654,-0.092351306,0.088942721592,-42.285227657825,2338.404741550868,2380.690199635250,0.000230426556
7.300000,0,0.003956996,-0.240345171,-0.076412098,0.095434414551,-80.846486327703,535.353554433366,616.200755222630,0.000714461560
7.300000,1,0.019110599,-0.240002474,-0.076725587,0.095433289728,-80.466043341044,529.384873039575,609.851614036851,0.000697656229
7.300000,2,-0.076671932,-0.197026152,-0.070455134,0.089090755396,-53.493601121591,2266.135426485738,2319.629227746349,0.000200139019
7.300000,3,0.110353406,-0.190024513,-0.075831501,0.089140764257,-43.154080788171,2338.404741550868,2381.559053365313,0.000231026274
7.350000,0,0.005064572,-0.259482468,-0.057876917,0.095510134163,-81.714718348218,535.353554433366,617.069011835374,0.000739053790
7.350000,1,0.022592690,-0.259022211,-0.058329293,0.095508717104,-81.334653397798,529.384873039575,610.720244713026,0.000718275651
7.350000,2,-0.088300373,-0.205967557,-0.054849757,0.089212204953,-55.412832702759,2266.135426485738,2321.548455984465,0.000196795966
7.350000,3,0.127056730,-0.195904507,-0.062307188,0.089184827458,-45.179276879273,2338.404741550868,2383.584248680109,0.000230249969
7.400000,0,0.006059764,-0.267606468,-0.041274872,0.095546473085,-85.066600592696,535.353554433366,620.420931073243,0.000776047181
7.400000,1,0.025285365,-0.267044429,-0.041873536,0.095545407742,-84.674122466990,529.384873039575,614.059746357372,0.000750850805
7.400000,2,-0.096946294,-0.207432229,-0.044731516,0.089240920510,-58.805836510403,2266.135426485738,2324.941459720460,0.000196724318
7.400000,3,0.140456311,-0.195082211,-0.055606318,0.089332978016,-48.514008615366,2338.404741550868,2386.918976243942,0.000226077709
7.450000,0,0.006723264,-0.261442227,-0.030714448,0.095521884176,-88.502631107850,535.353554433366,623.856951928782,0.000766387565
7.450000,1,0.026298092,-0.260841515,-0.031420874,0.095521792638,-88.092352481231,529.384873039575,617.477966501827,0.000740981019
7.450000,2,-0.098078176,-0.196839123,-0.042268420,0.089036834450,-60.916407552109,2266.135426485738,2327.052035846822,0.000201808974
7.450000,3,0.144088435,-0.183651441,-0.056106580,0.089069911331,-50.489857526123,2338.404741550868,2388.894828575770,0.000229498778
7.500000,0,0.006836804,-0.246114426,-0.028822051,0.095457796155,-90.086095164205,535.353554433366,625.440399548067,0.000749950496
7.500000,1,0.025240431,-0.245577320,-0.029557215,0.095457752981,-89.663116099876,529.384873039575,619.048705247616,0.000716108163
7.500000,2,-0.091242487,-0.182638073,-0.047638405,0.089010368855,-61.915611910746,2266.135426485738,2328.051238206173,0.000199809687
7.500000,3,0.135800048,-0.170259337,-0.062705063,0.088939273182,-51.427620175279,2338.404741550868,2389.832591179376,0.000229453227
7.550000,0,0.006455322,-0.229467885,-0.034671924,0.095406260847,-91.225819174368,535.353554433366,626.580139216011,0.000765608277
7.550000,1,0.022611561,-0.229039893,-0.035359729,0.095407000114,-90.798214055210,529.384873039575,620.183821463947,0.000734369160
7.550000,2,-0.079872139,-0.176022349,-0.057977929,0.089010684585,-63.436014796057,2266.135426485738,2329.571645168247,0.000203886451
7.550000,3,0.121030672,-0.166245845,-0.072233007,0.088877710924,-53.047438209662,2338.404741550868,2391.452409236586,0.000229476053
7.600000,0,0.005926739,-0.221178859,-0.043415743,0.095396290468,-93.020962449021,535.353554433366,628.375306456323,0.000789573936
7.600000,1,0.019578633,-0.220888800,-0.044013423,0.095397121433,-92.592618046807,529.384873039575,621.978255695030,0.000764608646
7.600000,2,-0.068374709,-0.180973380,-0.067178732,0.089010299143,-65.200478330804,2266.135426485738,2331.336108778528,0.000203961983
7.600000,3,0.105333494,-0.174239763,-0.079532047,0.089036330094,-54.992275957340,2338.404741550868,2393.397245840460,0.000228332250
7.650000,0,0.005489556,-0.225518101,-0.050629245,0.095408267223,-94.462717491125,535.353554433366,629.817061119830,0.000789195338
7.650000,1,0.016833349,-0.225340230,-0.051125515,0.095408932299,-94.032708375855,529.384873039575,623.418346834542,0.000765419110
7.650000,2,-0.057463027,-0.193698070,-0.070735309,0.089060057672,-66.129043239190,2266.135426485738,2332.264675083823,0.000205358891
7.650000,3,0.092002792,-0.188857374,-0.081902228,0.089018869657,-56.139069744563,2338.404741550868,2394.544039318188,0.000228022756
7.700000,0,0.005078684,-0.237719324,-0.055911402,0.095437327768,-94.864767181260,535.353554433366,630.219094846350,0.000773231723
7.700000,1,0.014091026,-0.237650224,-0.056290478,0.095438914893,-94.432783939030,529.384873039575,623.818393744463,0.000736765855
7.700000,2,-0.047206877,-0.207393932,-0.071183746,0.089182680951,-66.580203670973,2266.135426485738,2332.715835249910,0.000205093194
7.700000,3,0.079480236,-0.204632683,-0.080709309,0.089309247892,-56.785457598937,2338.404741550868,2395.190425845740,0.000226695937
7.750000,0,0.004507875,-0.250618947,-0.060921457,0.095469114605,-95.064951615560,535.353554433366,630.419286794769,0.000780745841
7.750000,1,0.010826372,-0.250635764,-0.061161102,0.095470205890,-94.635772181926,529.384873039575,624.021389984833,0.000744763329
7.750000,2,-0.035626404,-0.216569764,-0.072071711,0.089091285517,-67.652959444948,2266.135426485738,2333.788587903015,0.000201972325
7.750000,3,0.063585056,-0.215373655,-0.078913846,0.089176946797,-58.015441849066,2338.404741550868,2396.420407594022,0.000224194087
7.800000,0,0.003643639,-0.259607869,-0.066338760,0.095488343057,-95.852419858735,535.353554433366,631.206765046464,0.000790754361
7.800000,1,0.006761995,-0.259674740,-0.066422175,0.095488634923,-95.430344358974,529.384873039575,624.815981800961,0.000764402409
7.800000,2,-0.020580217,-0.218935313,-0.074307297,0.089041108389,-69.021876471231,2266.135426485738,2335.157505076796,0.000202119821
7.800000,3,0.041754767,-0.219098938,-0.077606922,0.089038434807,-59.537184858995,2338.404741550868,2397.942146447954,0.000220038089
7.850000,0,0.002530369,-0.261545586,-0.071461932,0.095484177457,-96.839857235960,535.353554433366,632.194208707577,0.000797038249
7.850000,1,0.002137872,-0.261641235,-0.071396583,0.095484616250,-96.421726822548,529.384873039575,625.807369089029,0.000769226904
7.850000,2,-0.001255808,-0.214751736,-0.075811367,0.088946239306,-69.716576739866,2266.135426485738,2335.852204100935,0.000200875325
7.850000,3,0.014404706,-0.216005264,-0.075306224,0.089018852707,-60.270707043562,2338.404741550868,2398.675670137100,0.000221542668
7.900000,0,0.001325734,-0.256303729,-0.075350631,0.095456365303,-97.434740688153,535.353554433366,632.789093597286,0.000798475765
7.900000,1,-0.002455098,-0.256359425,-0.075181657,0.095456036013,-97.013314476965,529.384873039575,626.398953041873,0.000765525330
7.900000,2,0.018096836,-0.207251132,-0.074139422,0.088995757398,-69.902401794450,2266.135426485738,2336.038024162014,0.000195881817
7.900000,3,-0.013406810,-0.208628503,-0.070685549,0.089025523282,-60.405874424524,2338.404741550868,2398.810841338362,0.000225362969
7.950000,0,0.000169811,-0.248499762,-0.077578842,0.095430146168,-97.773108705184,535.353554433366,633.127465401416,0.000802262865
7.950000,1,-0.006645372,-0.248490830,-0.077364309,0.095429505540,-97.342635395870,529.384873039575,626.728278024427,0.000769588979
7.950000,2,0.033750027,-0.200567695,-0.069112611,0.089117163488,-70.137505060150,2266.135426485738,2336.273128457913,0.000196912016
7.950000,3,-0.037453877,-0.201612583,-0.064281310,0.089148717235,-60.604680620745,2338.404741550868,2399.009645844444,0.000223672828
8.000000,0,-0.000918625,-0.243521139,-0.077616560,0.095413939717,-98.171512709655,535.353554433366,633.525870293057,0.000803150034
8.000000,1,-0.010448915,-0.243437855,-0.077413317,0.095413458940,-97.731929104984,529.384873039575,627.117580779333,0.000778634771
8.000000,2,0.046480327,-0.197081021,-0.063438668,0.089215172026,-70.463316669038,2266.135426485738,2336.598942406464,0.000199251681
8.000000,3,-0.056852219,-0.196573649,-0.058871222,0.089164758852,-60.982907041224,2338.404741550868,2399.387869461502,0.000220869408
8.050000,0,-0.002005026,-0.243049369,-0.074570281,0.095422967722,-98.471285433744,535.353554433366,633.825637533992,0.000797666881
8.050000,1,-0.014116895,-0.242854651,-0.074441268,0.095421664919,-98.028034601694,529.384873039575,627.413677979927,0.000770338654
8.050000,2,0.057403840,-0.197639942,-0.059686369,0.089220166776,-70.767301529357,2266.135426485738,2336.902929801476,0.000201786374
8.050000,3,-0.074504674,-0.194661875,-0.056488822,0.089134600384,-61.510409122641,2338.404741550868,2399.915367634939,0.000216961428
8.100000,0,-0.003095124,-0.245462335,-0.068422097,0.095443872798,-98.550444147681,535.353554433366,633.904791886000,0.000793304952
8.100000,1,-0.017715677,-0.245153742,-0.068426638,0.095444493453,-98.108965618953,529.384873039575,627.494598736712,0.000760078180
8.100000,2,0.069118480,-0.199040040,-0.058566274,0.088992660427,-71.132624286856,2266.135426485738,2337.268254138753,0.000203366154
8.100000,3,-0.091731778,-0.194041742,-0.057375614,0.089005087923,-62.120353882932,2338.404741550868,2400.525313680991,0.000218247187
8.150000,0,-0.004144467,-0.248601660,-0.060876906,0.095462109789,-98.600817226373,535.353554433366,633.955168426132,0.000796766392
8.150000,1,-0.020956764,-0.248169847,-0.061063396,0.095463638230,-98.162205557702,529.384873039575,627.547850167019,0.000771569738
8.150000,2,0.079010030,-0.198065479,-0.059289231,0.088955400963,-71.502463083756,2266.135426485738,2337.638090391024,0.000200821526
8.150000,3,-0.107421741,-0.191010917,-0.061621170,0.089022021817,-62.609074521539,2338.404741550868,2401.014031772238,0.000215699826
8.200000,0,-0.005034754,-0.250413804,-0.054714555,0.095468327764,-98.795317200155,535.353554433366,634.149671132646,0.000799499123
8.200000,1,-0.023347150,-0.249885185,-0.055097540,0.095468880814,-98.356423547530,529.384873039575,627.742073994414,0.000777407306
8.200000,2,0.086194128,-0.195134861,-0.061836703,0.088995986585,-71.709478861445,2266.135426485738,2337.845103908269,0.000198561081
8.200000,3,-0.118954410,-0.186415448,-0.068500986,0.088935076748,-62.818435992916,2338.404741550868,2401.223393351884,0.000215808096
8.250000,0,-0.005669814,-0.249306426,-0.051941022,0.095459844770,-99.037719709587,535.353554433366,634.392071242112,0.000797099158
8.250000,1,-0.024589288,-0.248743083,-0.052504663,0.095461008574,-98.594881815964,529.384873039575,627.980541117324,0.000786261782
8.250000,2,0.088091660,-0.192949681,-0.066544546,0.089058197126,-71.776188118603,2266.135426485738,2337.911811541620,0.000196937274
8.250000,3,-0.124358052,-0.183905098,-0.077146131,0.089129770687,-62.880729011619,2338.404741550868,2401.285687202445,0.000216639953
8.300000,0,-0.006039133,-0.245903599,-0.052368208,0.095453309409,-99.196375193959,535.353554433366,634.550725339723,0.000795712397
8.300000,1,-0.024742676,-0.245337683,-0.053075594,0.095452129130,-98.748683614108,529.384873039575,628.134340121413,0.000783467726
8.300000,2,0.085322502,-0.192843970,-0.072164561,0.089197045176,-71.889308561669,2266.135426485738,2338.024931879287,0.000196831876
8.300000,3,-0.122590699,-0.183907067,-0.085224843,0.089092303902,-63.076119607466,2338.404741550868,2401.481081200438,0.000220042100
8.350000,0,-0.006198684,-0.242355382,-0.054351051,0.095441423327,-99.308030341146,535.353554433366,634.662383102821,0.000798328308
8.350000,1,-0.024039210,-0.241855631,-0.055146373,0.095442220658,-98.857030425529,529.384873039575,628.242688307047,0.000784841940
8.350000,2,0.080440095,-0.194605292,-0.077055240,0.089184418750,-72.124740725777,2266.135426485738,2338.260360654210,0.000193442692
8.350000,3,-0.116872807,-0.186531550,-0.090626827,0.089175111883,-63.498464592889,2338.404741550868,2401.903424862176,0.000218718416
8.400000,0,-0.006207350,-0.240525514,-0.056537679,0.095436112947,-99.429307033320,535.353554433366,634.783659058730,0.000797592043
8.400000,1,-0.022689765,-0.240117415,-0.057357361,0.095436727343,-98.976703131484,529.384873039575,628.362359538455,0.000783367393
8.400000,2,0.073928976,-0.198021270,-0.079213147,0.089067341034,-72.380125836274,2266.135426485738,2338.515744325310,0.000192003295
8.400000,3,-0.111016191,-0.190813865,-0.092796285,0.089084807736,-63.983114500745,2338.404741550868,2402.388074080280,0.000218028665
8.450000,0,-0.006036495,-0.241269704,-0.058618947,0.095436295448,-99.516099408360,535.353554433366,634.870448944375,0.000795102647
8.450000,1,-0.020719725,-0.240971944,-0.059396387,0.095435309595,-99.062896107550,529.384873039575,628.448548387354,0.000779240226
8.450000,2,0.067335906,-0.201790115,-0.078537983,0.088897452898,-72.577663019750,2266.135426485738,2338.713286536251,0.000197030759
8.450000,3,-0.104155534,-0.195524365,-0.091909819,0.089028587461,-64.397650157616,2338.404741550868,2402.802611953864,0.000220245375
8.500000,0,-0.005676971,-0.244126533,-0.060876841,0.095443077893,-99.542883850711,535.353554433366,634.897230700645,0.000792416567
8.500000,1,-0.018122998,-0.243962239,-0.061541641,0.095442233873,-99.090333467860,529.384873039575,628.475984849759,0.000778342321
8.500000,2,0.058391671,-0.205426123,-0.076344673,0.088981675766,-72.765081843827,2266.135426485738,2338.900705439919,0.000197110350
8.500000,3,-0.094310320,-0.199839288,-0.088306182,0.089037504278,-64.704536935182,2338.404741550868,2403.109499992483,0.000221506428
8.550000,0,-0.005130969,-0.247631721,-0.063311672,0.095454294135,-99.563601895685,535.353554433366,634.917950106118,0.000793777066
8.550000,1,-0.014926797,-0.247566247,-0.063809423,0.095453027863,-99.113290485543,529.384873039575,628.498945824393,0.000782299272
8.550000,2,0.046679594,-0.207912497,-0.073384733,0.089061273602,-72.926116435280,2266.135426485738,2339.061740874584,0.000197953563
8.550000,3,-0.079008782,-0.203968086,-0.082335586,0.089031854380,-64.915630209482,2338.404741550868,2403.320593562837,0.000221802481
8.600000,0,-0.004414159,-0.250059892,-0.065539608,0.095458436769,-99.630264714772,535.353554433366,634.984611434337,0.000792286197
8.600000,1,-0.011216227,-0.250080188,-0.065832368,0.095458447413,-99.182659690102,529.384873039575,628.568312755738,0.000780026058
8.600000,2,0.031588668,-0.207823978,-0.069942367,0.089176815393,-73.010425187597,2266.135426485738,2339.146046171143,0.000194497805
8.600000,3,-0.060126076,-0.205908132,-0.074901994,0.089102278849,-65.020663012151,2338.404741550868,2403.425626974710,0.000222411686
8.650000,0,-0.003551139,-0.250694968,-0.067307953,0.095455405406,-99.714971511638,535.353554433366,635.069318764504,0.000792819498
8.650000,1,-0.007141642,-0.250765108,-0.067392953,0.095456337808,-99.268622090552,529.384873039575,628.654270863120,0.000775732990
8.650000,2,0.015683242,-0.206260212,-0.065725723,0.089153546130,-73.054876733570,2266.135426485738,2339.190494749103,0.000191529791
8.650000,3,-0.039243560,-0.205719380,-0.066817951,0.089136895466,-65.087209513896,2338.404741550868,2403.492171585670,0.000220520901
8.700000,0,-0.002565407,-0.249834478,-0.068531481,0.095446619493,-99.776023535993,535.353554433366,635.130371707876,0.000793738516
8.700000,1,-0.002833086,-0.249906924,-0.068435058,0.095446487816,-99.328458057587,529.384873039575,628.714107387386,0.000776290221
8.700000,2,0.000128062,-0.204594807,-0.061656145,0.089197007956,-73.113938178310,2266.135426485738,2339.249556437650,0.000191773598
8.700000,3,-0.018137904,-0.204904733,-0.059722384,0.089196842826,-65.205937700418,2338.404741550868,2403.610905022058,0.000225770766
8.750000,0,-0.001502824,-0.248081417,-0.068978615,0.095441181621,-99.813445370728,535.353554433366,635.167797643013,0.000797838918
8.750000,1,0.001548541,-0.248138796,-0.068748556,0.095441664184,-99.363035903305,529.384873039575,628.748684821923,0.000775879040
8.750000,2,-0.014355398,-0.202819596,-0.058713285,0.088981835616,-73.212628593034,2266.135426485738,2339.348250147826,0.000195069049
8.750000,3,0.003034507,-0.203923138,-0.054626961,0.089062666144,-65.412300940973,2338.404741550868,2403.817274798138,0.000232306290
8.800000,0,-0.000392871,-0.246540584,-0.068329450,0.095441182190,-99.841225213781,535.353554433366,635.195575379847,0.000795732699
8.800000,1,0.005865341,-0.246533611,-0.068027823,0.095442749380,-99.388063649299,529.384873039575,628.773706666364,0.000769977488
8.800000,2,-0.028417588,-0.202039271,-0.057421340,0.089023391819,-73.352494155463,2266.135426485738,2339.488113428436,0.000192787230
8.800000,3,0.024473086,-0.202676795,-0.052612998,0.089057424882,-65.705453784100,2338.404741550868,2404.110426742662,0.000231407687
8.850000,0,0.000721039,-0.246039802,-0.066554077,0.095443121567,-99.858893830952,535.353554433366,635.213247652932,0.000799388612
8.850000,1,0.010011218,-0.245951321,-0.066254042,0.095444979790,-99.404551151825,529.384873039575,628.790192813616,0.000768622214
8.850000,2,-0.042216246,-0.201367721,-0.058188085,0.089058322900,-73.503054606487,2266.135426485738,2339.638675345346,0.000194253113
8.850000,3,0.045095403,-0.201020515,-0.053511399,0.088937273755,-66.009416528801,2338.404741550868,2404.414389093416,0.000231013741
8.900000,0,0.001813294,-0.246372173,-0.064175037,0.095440997141,-99.865099892423,535.353554433366,635.219455598255,0.000801272465
8.900000,1,0.013871000,-0.246182242,-0.063947730,0.095441790138,-99.411598627210,529.384873039575,628.797233368287,0.000761701500
8.900000,2,-0.055000659,-0.200202092,-0.060626171,0.089042673073,-73.616187909518,2266.135426485738,2339.751806856838,0.000192461573
8.900000,3,0.064715286,-0.198890432,-0.056967726,0.089079040441,-66.219365067360,2338.404741550868,2404.624342749418,0.000236131185
8.950000,0,0.002848522,-0.246837078,-0.061964448,0.095447286463,-99.872248520438,535.353554433366,635.226606434998,0.000803481193
8.950000,1,0.017282821,-0.246529026,-0.061877862,0.095446555330,-99.420825753205,529.384873039575,628.806462229250,0.000763436467
8.950000,2,-0.066312940,-0.199078297,-0.064039709,0.089140267893,-73.680619917692,2266.135426485738,2339.816235805018,0.000189401580
8.950000,3,0.082450412,-0.196256648,-0.062751465,0.089091647449,-66.321727926520,2338.404741550868,2404.726708301538,0.000238824145
9.000000,0,0.003789336,-0.247007204,-0.060427318,0.095455654523,-99.891319712774,535.353554433366,635.245679971376,0.000805825235
9.000000,1,0.020106808,-0.246604249,-0.060528578,0.095453955921,-99.441771436097,529.384873039575,628.827409306097,0.000764830423
9.000000,2,-0.073718524,-0.198334917,-0.067812018,0.089172648278,-73.719136052234,2266.135426485738,2339.854755115334,0.000192577353
9.000000,3,0.096599441,-0.194054476,-0.070180715,0.089250483343,-66.378115580705,2338.404741550868,2404.783096206288,0.000239074712
9.050000,0,0.004603921,-0.246791475,-0.059640154,0.095454659791,-99.916273324938,535.353554433366,635.270634111474,0.000806353169
9.050000,1,0.022240533,-0.246301939,-0.059955902,0.095454818829,-99.467425446919,529.384873039575,628.853066136114,0.000767649617
9.050000,2,-0.078464000,-0.197273031,-0.072286357,0.089040930283,-73.774669647316,2266.135426485738,2339.910286123796,0.000189990733
9.050000,3,0.105386282,-0.191928759,-0.077808718,0.089115951841,-66.458616661998,2338.404741550868,2404.863595567149,0.000237354280
9.100000,0,0.005252321,-0.246031968,-0.059466819,0.095450398733,-99.936140374059,535.353554433366,635.290502744542,0.000807937116
9.100000,1,0.023581169,-0.245501181,-0.059991228,0.095449898410,-99.486974236508,529.384873039575,628.872617881612,0.000770605527
9.100000,2,-0.080328818,-0.197258692,-0.076196867,0.089001391272,-73.872992882867,2266.135426485738,2340.008612451196,0.000193082582
9.100000,3,0.110363463,-0.190935731,-0.084208523,0.089039873351,-66.627227276352,2338.404741550868,2405.032202935093,0.000234107871
9.150000,0,0.005722387,-0.245094845,-0.059780480,0.095442161493,-99.948839412906,535.353554433366,635.303201786913,0.000807940639
9.150000,1,0.024103681,-0.244571686,-0.060480475,0.095441206323,-99.499176853263,529.384873039575,628.884816274952,0.000766382112
9.150000,2,-0.080343431,-0.197938174,-0.078576995,0.088987509628,-73.995032293136,2266.135426485738,2340.130647882265,0.000189103382
9.150000,3,0.112945981,-0.190743109,-0.088446928,0.088974456250,-66.862259726945,2338.404741550868,2405.267238364009,0.000237086194
9.200000,0,0.005998327,-0.244784366,-0.060550741,0.095446428106,-99.958003800638,535.353554433366,635.312364259365,0.000806025360
9.200000,1,0.023839297,-0.244301164,-0.061366404,0.095444648754,-99.508331896898,529.384873039575,628.893968585985,0.000763649510
9.200000,2,-0.078482843,-0.198984941,-0.078713064,0.089011638551,-74.109538451866,2266.135426485738,2340.245152254872,0.000187317260
9.200000,3,0.113601500,-0.190921834,-0.090426883,0.088945856149,-67.098365692077,2338.404741550868,2405.503339070928,0.000231827981
9.250000,0,0.006082094,-0.245182407,-0.061697152,0.095448867294,-99.963107115052,535.353554433366,635.317464636599,0.000803088181
9.250000,1,0.022825111,-0.244790552,-0.062555453,0.095448424586,-99.514050611012,529.384873039575,628.899680701248,0.000757050659
9.250000,2,-0.073832472,-0.200426923,-0.077014000,0.089066524787,-74.191900826113,2266.135426485738,2340.327516528311,0.000189216450
9.250000,3,0.110778239,-0.192506232,-0.089925269,0.089056013945,-67.289424750413,2338.404741550868,2405.694399457333,0.000233156051
9.300000,0,0.005979230,-0.245953951,-0.062914498,0.095447979123,-99.965177212919,535.353554433366,635.319537978898,0.000806332613
9.300000,1,0.021105179,-0.245657904,-0.063736535,0.095449504706,-99.517293047813,529.384873039575,628.902927213502,0.000761126111
9.300000,2,-0.067013102,-0.201641536,-0.074654196,0.089216632345,-74.249379522142,2266.135426485738,2340.384994756629,0.000188748737
9.300000,3,0.103638655,-0.194700445,-0.087144682,0.089204294186,-67.422634017814,2338.404741550868,2405.827609783923,0.000234215239
9.350000,0,0.005689928,-0.246838326,-0.063905593,0.095447447976,-99.968846583645,535.353554433366,635.323212300980,0.000811283969
9.350000,1,0.018722582,-0.246651455,-0.064618263,0.095449797431,-99.522472844741,529.384873039575,628.908105194959,0.000759310641
9.350000,2,-0.057170049,-0.202775337,-0.071677673,0.089207940794,-74.285736221624,2266.135426485738,2340.421349834332,0.000187126959
9.350000,3,0.092942140,-0.196717433,-0.082658781,0.089128717430,-67.509723143094,2338.404741550868,2405.914700001586,0.000235307622
9.400000,0,0.005213889,-0.247524023,-0.064628975,0.095444526434,-99.976521538741,535.353554433366,635.330890479992,0.000814507885
9.400000,1,0.015727774,-0.247441538,-0.065173047,0.095445260857,-99.531571922428,529.384873039575,628.917203888678,0.000758926673
9.400000,2,-0.045744850,-0.203601689,-0.068412337,0.089096250218,-74.314125395603,2266.135426485738,2340.449739308545,0.000187427193
9.400000,3,0.079630666,-0.199246952,-0.076624100,0.089038913329,-67.557390618141,2338.404741550868,2405.962369070898,0.000236901887
9.450000,0,0.004559034,-0.247759921,-0.065146073,0.095447761963,-99.986113133141,535.353554433366,635.340479040084,0.000811473576
9.450000,1,0.012206133,-0.247752070,-0.065485088,0.095446824653,-99.542076813846,529.384873039575,628.927708083826,0.000758230403
9.450000,2,-0.032444389,-0.204111939,-0.064647609,0.088982680305,-74.347983569330,2266.135426485738,2340.483596277536,0.000186222458
9.450000,3,0.064689792,-0.201248190,-0.070227286,0.089019418038,-67.599770959526,2338.404741550868,2406.004744964117,0.000232453720
9.500000,0,0.003755884,-0.247519824,-0.065435636,0.095448675587,-99.993819870950,535.353554433366,635.348188069837,0.000813765520
9.500000,1,0.008285891,-0.247572178,-0.065557497,0.095449069829,-99.549927776096,529.384873039575,628.935560649282,0.000759833609
9.500000,2,-0.018629062,-0.204224481,-0.061611679,0.088959557714,-74.395629455059,2266.135426485738,2340.531243926833,0.000187986026
9.500000,3,0.046738366,-0.202825661,-0.064413853,0.088943433221,-67.661472819939,2338.404741550868,2406.066445484274,0.000231113464
9.550000,0,0.002832526,-0.247106260,-0.065392765,0.095448489793,-99.998606212424,535.353554433366,635.352977023463,0.000816377673
9.550000,1,0.004107401,-0.247176829,-0.065316208,0.095448886688,-99.554214391848,529.384873039575,628.939841741758,0.000754310332
9.550000,2,-0.004382330,-0.204284235,-0.059851579,0.088996183769,-74.456252140102,2266.135426485738,2340.591864068147,0.000185442296
9.550000,3,0.026881060,-0.204478007,-0.059969656,0.089134268858,-67.762184633747,2338.404741550868,2406.167157429946,0.000231245327
9.600000,0,0.001824746,-0.246749869,-0.064975627,0.095443912205,-100.001190698780,535.353554433366,635.355557655262,0.000812523115
9.600000,1,-0.000187509,-0.246810228,-0.064741756,0.095444528138,-99.556166245881,529.384873039575,628.941792277807,0.000752992348
9.600000,2,0.010354840,-0.204174032,-0.059311888,0.089161227816,-74.521121041429,2266.135426485738,2340.656732658969,0.000185131794
9.600000,3,0.005750814,-0.204911272,-0.057327470,0.089144035154,-67.889827501591,2338.404741550868,2406.294800644473,0.000231592012
9.650000,0,0.000759496,-0.246487209,-0.064286662,0.095442841286,-100.002207388582,535.353554433366,635.356574941409,0.000813119461
9.650000,1,-0.004474871,-0.246508319,-0.063959248,0.095442136189,-99.557092511375,529.384873039575,628.942720207491,0.000754656537
9.650000,2,0.025422771,-0.203903459,-0.060070245,0.089267755781,-74.584239771085,2266.135426485738,2340.719853652601,0.000187395770
9.650000,3,-0.015708417,-0.204842486,-0.056423933,0.089225894884,-68.019062870796,2338.404741550868,2406.424036172219,0.000231750551
9.700000,0,-0.000329882,-0.246432748,-0.063500081,0.095447310869,-100.002899682413,535.353554433366,635.357265834831,0.000811719052
9.700000,1,-0.008623386,-0.246370025,-0.063155806,0.095445586448,-99.558506277368,529.384873039575,628.944134080502,0.000754763556
9.700000,2,0.039417495,-0.203095788,-0.061949780,0.089099128907,-74.633101797532,2266.135426485738,2340.768715128571,0.000186845294
9.700000,3,-0.036418886,-0.203828950,-0.057531368,0.089115563268,-68.124310180363,2338.404741550868,2406.529284986107,0.000233254872
9.750000,0,-0.001408741,-0.246471028,-0.062768852,0.095450680953,-100.004307239386,535.353554433366,635.358675650230,0.000813977478
9.750000,1,-0.012494765,-0.246317226,-0.062485057,0.095451535692,-99.561305885539,529.384873039575,628.946934994533,0.000756069417
9.750000,2,0.051262192,-0.201911178,-0.064526224,0.089014765435,-74.668216296352,2266.135426485738,2340.803828959120,0.000186177024
9.750000,3,-0.055938604,-0.201687641,-0.060925687,0.089059694588,-68.193730031383,2338.404741550868,2406.598703924124,0.000232341869
9.800000,0,-0.002440261,-0.246434462,-0.062188614,0.095450763783,-100.007065721542,535.353554433366,635.361442037236,0.000821882328
9.800000,1,-0.015948731,-0.246169807,-0.062038675,0.095451335063,-99.565663397371,529.384873039575,628.951300802770,0.000764365821
9.800000,2,0.061430701,-0.200610303,-0.067442352,0.088879392410,-74.704085533921,2266.135426485738,2340.839698970638,0.000186950974
9.800000,3,-0.072798570,-0.199234893,-0.065764434,0.088959805468,-68.248720607383,2338.404741550868,2406.653694101767,0.000231943511
9.850000,0,-0.003387268,-0.246299661,-0.061832104,0.095446401457,-100.010347984292,535.353554433366,635.364724415199,0.000821997541
9.850000,1,-0.018861896,-0.245934471,-0.061869613,0.095447020744,-99.570297250927,529.384873039575,628.955932743215,0.000762452710
9.850000,2,0.069107521,-0.199673590,-0.070512727,0.088987364300,-74.749203403110,2266.135426485738,2340.884818189139,0.000188300286
9.850000,3,-0.086729572,-0.196769160,-0.071251041,0.089054725850,-68.309674007443,2338.404741550868,2406.714648621358,0.000233063042
9.900000,0,-0.004221321,-0.246101708,-0.061767391,0.095446571713,-100.012922871359,535.353554433366,635.367304821314,0.000827516589
9.900000,1,-0.021138848,-0.245668040,-0.062020290,0.095446856004,-99.573803643630,529.384873039575,628.959440969304,0.000764286097
9.900000,2,0.075220887,-0.198712959,-0.073168562,0.089105473349,-74.806099613370,2266.135426485738,2340.941707548030,0.000181448915
9.900000,3,-0.097497676,-0.194180685,-0.076271557,0.089004722356,-68.383017480806,2338.404741550868,2406.787990084956,0.000231053277
9.950000,0,-0.004915918,-0.245983960,-0.061999351,0.095447348544,-100.014597390204,535.353554433366,635.368984134578,0.000832311008
9.950000,1,-0.022713308,-0.245495329,-0.062468972,0.095447306395,-99.576172957269,529.384873039575,628.961808482384,0.000762485537
9.950000,2,0.078295310,-0.198314703,-0.074971644,0.089290283572,-74.871253561895,2266.135426485738,2341.006863897248,0.000183849609
9.950000,3,-0.105406076,-0.192373338,-0.080506482,0.089178743172,-68.474572955166,2338.404741550868,2406.879545863893,0.000231357853
10.000000,0,-0.005451752,-0.245948746,-0.062424157,0.095448074068,-100.015539875682,535.353554433366,635.369926135373,0.000831826326
10.000000,1,-0.023547470,-0.245457920,-0.063078936,0.095449729133,-99.577756517044,529.384873039575,628.963394325279,0.000764768657
10.000000,2,0.079192324,-0.198377482,-0.075718081,0.089216459661,-74.933640586295,2266.135426485738,2341.069248728393,0.000181656354
10.000000,3,-0.109991455,-0.191164207,-0.083849996,0.089079777767,-68.590647931290,2338.404741550868,2406.995622752141,0.000233269977
10.050000,0,-0.005811318,-0.246061092,-0.062892723,0.095446971453,-100.015995124655,535.353554433366,635.370377929490,0.000828371469
10.050000,1,-0.023621883,-0.245598093,-0.063680260,0.095447454430,-99.578975073604,529.384873039575,628.964613015860,0.000764902678
10.050000,2,0.077102110,-0.198628857,-0.075401330,0.089025717167,-74.990884224564,2266.135426485738,2341.126496334581,0.000185624273
10.050000,3,-0.110950500,-0.191058890,-0.085743768,0.089112460149,-68.719818564797,2338.404741550868,2407.124791920784,0.000231805113
10.100000,0,-0.005984509,-0.246318476,-0.063313695,0.095446484319,-100.016415915813,535.353554433366,635.370796313883,0.000825964704
10.100000,1,-0.022942231,-0.245913263,-0.064164279,0.095444583729,-99.580384169605,529.384873039575,628.966022845595,0.000765636413
10.100000,2,0.072782461,-0.199439833,-0.074295415,0.088940367763,-75.037447666891,2266.135426485738,2341.173061309801,0.000187157167
10.100000,3,-0.108118935,-0.191976047,-0.085818059,0.089014550467,-68.838181946457,2338.404741550868,2407.243155347926,0.000231850595
10.150000,0,-0.005960167,-0.246541306,-0.063665402,0.095447426653,-100.017215757134,535.353554433366,635.371598118869,0.000827928369
10.150000,1,-0.021517215,-0.246230400,-0.064498084,0.095445994776,-99.582304646680,529.384873039575,628.967942982534,0.000765296276
10.150000,2,0.066469284,-0.200584414,-0.072658685,0.088953882031,-75.073679211180,2266.135426485738,2341.209291746051,0.000186049128
10.150000,3,-0.102441299,-0.193599068,-0.084281325,0.088971395458,-68.934293342983,2338.404741550868,2407.339266401046,0.000231507189
10.200000,0,-0.005740158,-0.246716287,-0.063947847,0.095449296959,-100.018444227511,535.353554433366,635.372830565468,0.000831904591
10.200000,1,-0.019396882,-0.246494472,-0.064689966,0.095449282142,-99.584569183919,529.384873039575,628.970211778996,0.000769555500
10.200000,2,0.057150276,-0.201505512,-0.070466555,0.089031867203,-75.099645700489,2266.135426485738,2341.235259901019,0.000187714786
10.200000,3,-0.094053959,-0.195527347,-0.080978974,0.089033156036,-69.000888863290,2338.404741550868,2407.405860612990,0.000230198827
10.250000,0,-0.005333348,-0.246799541,-0.064153372,0.095449131273,-100.019836375029,535.353554433366,635.374224884175,0.000834075781
10.250000,1,-0.016650275,-0.246678759,-0.064741470,0.095449862703,-99.586728998729,529.384873039575,628.972378753172,0.000776714866
10.250000,2,0.046681939,-0.202754842,-0.067627396,0.089193973784,-75.121679411030,2266.135426485738,2341.257293818770,0.000187921995
10.250000,3,-0.082479293,-0.197968960,-0.076632798,0.089109822131,-69.038305844624,2338.404741550868,2407.443278001503,0.000230606006
10.300000,0,-0.004751777,-0.246768483,-0.064229046,0.095444439223,-100.020966103355,535.353554433366,635.375353296134,0.000832759413
10.300000,1,-0.013362244,-0.246734944,-0.064621186,0.095445060412,-99.588247662279,529.384873039575,628.973895463745,0.000774761889
10.300000,2,0.034239590,-0.203946605,-0.065028054,0.089236871436,-75.143800296569,2266.135426485738,2341.279414572999,0.000187790686
10.300000,3,-0.068097759,-0.200785725,-0.071962046,0.089192777629,-69.063486776168,2338.404741550868,2407.468460940573,0.000232613533
10.350000,0,-0.004018454,-0.246663969,-0.064133403,0.095447243822,-100.021636817311,535.353554433366,635.376025962986,0.000834712309
10.350000,1,-0.009647870,-0.246691840,-0.064310921,0.095445223451,-99.588963487556,529.384873039575,628.974604251604,0.000767724470
10.350000,2,0.020952769,-0.204627267,-0.063088041,0.089036038751,-75.172591303022,2266.135426485738,2341.308204598768,0.000186810002
10.350000,3,-0.050766540,-0.203086632,-0.067373873,0.089172956931,-69.095238036143,2338.404741550868,2407.500209162934,0.000229575917
10.400000,0,-0.003155336,-0.246523978,-0.063908288,0.095447380559,-100.021933250958,535.353554433366,635.376321883484,0.000834199161
10.400000,1,-0.005623769,-0.246597820,-0.063878374,0.095447429798,-99.589182351094,529.384873039575,628.974822584920,0.000767194248
10.400000,2,0.006427647,-0.205210424,-0.061892918,0.089005067692,-75.205293001142,2266.135426485738,2341.340904381217,0.000184894331
10.400000,3,-0.032153728,-0.204947573,-0.063457415,0.089131606051,-69.142344470139,2338.404741550868,2407.547314369466,0.000228348454
10.450000,0,-0.002194222,-0.246448122,-0.063625032,0.095447615398,-100.022076484620,535.353554433366,635.376465572116,0.000834654131
10.450000,1,-0.001421700,-0.246517229,-0.063423335,0.095450057220,-99.589411569200,529.384873039575,628.975051757537,0.000767148760
10.450000,2,-0.008398965,-0.205179748,-0.061463107,0.088964654626,-75.239846189418,2266.135426485738,2341.375454311802,0.000181636641
10.450000,3,-0.011899348,-0.205929820,-0.060327170,0.088966106708,-69.206244214779,2338.404741550868,2407.611215667278,0.000229901623
10.500000,0,-0.001162870,-0.246394582,-0.063329701,0.095445045715,-100.022246214210,535.353554433366,635.376638559081,0.000837911506
10.500000,1,0.002826186,-0.246432793,-0.063017872,0.095447453952,-99.590001361832,529.384873039575,628.975644822520,0.000770421111
10.500000,2,-0.022861247,-0.204647772,-0.061813337,0.089031666120,-75.274150305697,2266.135426485738,2341.409760658886,0.000183867445
10.500000,3,0.008750995,-0.205587398,-0.058811217,0.088981406435,-69.282956555682,2338.404741550868,2407.687928672916,0.000230566358
10.550000,0,-0.000095723,-0.246344742,-0.063049147,0.095442941496,-100.022562813912,535.353554433366,635.376959600872,0.000842353595
10.550000,1,0.006977517,-0.246318231,-0.062699383,0.095443751819,-99.591122602676,529.384873039575,628.976765291158,0.000769648905
10.550000,2,-0.036243111,-0.203733017,-0.062925148,0.089140235207,-75.307166777442,2266.135426485738,2341.442778307767,0.000185044581
10.550000,3,0.029137689,-0.204600228,-0.059007651,0.088994258154,-69.357147608457,2338.404741550868,2407.762119978584,0.000230819251
10.600000,0,0.000975420,-0.246331770,-0.062830335,0.095449057013,-100.023065752560,535.353554433366,635.377463995652,0.000843809726
10.600000,1,0.010900709,-0.246212879,-0.062523396,0.095447428683,-99.592672789093,529.384873039575,628.978314307057,0.000768478387
10.600000,2,-0.048071351,-0.202474737,-0.064574971,0.089223795091,-75.340208576270,2266.135426485738,2341.475820806341,0.000185744327
10.600000,3,0.048545158,-0.202877210,-0.060962663,0.089223918271,-69.424730136142,2338.404741550868,2407.829697961376,0.000226274357
10.650000,0,0.002015034,-0.246281615,-0.062735286,0.095449048262,-100.023617964890,535.353554433366,635.378017316734,0.000844918479
10.650000,1,0.014461506,-0.246068664,-0.062540802,0.095448075385,-99.594296002725,529.384873039575,628.979935053807,0.000766011505
10.650000,2,-0.058437552,-0.200982569,-0.066822464,0.089155726334,-75.373832340128,2266.135426485738,2341.509443042124,0.000184216253
10.650000,3,0.065338287,-0.200081029,-0.064213223,0.089136380950,-69.483004033848,2338.404741550868,2407.887972356748,0.000226772023
10.700000,0,0.002987682,-0.246236926,-0.062755876,0.095449185440,-100.024072793925,535.353554433366,635.378463852933,0.000836625643
10.700000,1,0.017538924,-0.245923662,-0.062731857,0.095450293466,-99.595677002383,529.384873039575,628.981317411328,0.000767369368
10.700000,2,-0.066827987,-0.199942961,-0.069267025,0.089045423924,-75.411547560797,2266.135426485738,2341.547156345984,0.000182299445
10.700000,3,0.080085907,-0.197709039,-0.068292720,0.089180865509,-69.533824499652,2338.404741550868,2407.938783657503,0.000217606974
10.750000,0,0.003864442,-0.246222512,-0.062857818,0.095447661287,-100.024372934514,535.353554433366,635.378770499527,0.000843131648
10.750000,1,0.020040577,-0.245829214,-0.063038445,0.095447945819,-99.596785293138,529.384873039575,628.982427548780,0.000769216065
10.750000,2,-0.072966756,-0.198910296,-0.071612992,0.089007204746,-75.455693990801,2266.135426485738,2341.591298414836,0.000177938292
10.750000,3,0.091913594,-0.195202745,-0.072841144,0.089012423056,-69.589905964304,2338.404741550868,2407.994867228923,0.000219713743
10.800000,0,0.004611552,-0.246216995,-0.063014827,0.095446391884,-100.024563258398,535.353554433366,635.378958426788,0.000840735025
10.800000,1,0.021879769,-0.245771971,-0.063407823,0.095445208817,-99.597709256512,529.384873039575,628.983346538385,0.000764242295
10.800000,2,-0.075964112,-0.198321235,-0.073237559,0.088971954217,-75.501904752720,2266.135426485738,2341.637512551333,0.000181312869
10.800000,3,0.100346869,-0.193072417,-0.077319542,0.088912306910,-69.659789471787,2338.404741550868,2408.064752314582,0.000221291919
10.850000,0,0.005209818,-0.246270068,-0.063195679,0.095448771165,-100.024697330580,535.353554433366,635.379092010495,0.000840246550
10.850000,1,0.023008933,-0.245798121,-0.063780452,0.095447012337,-99.598598782966,529.384873039575,628.984237975639,0.000766153096
10.850000,2,-0.077170019,-0.198193636,-0.074212810,0.088985535032,-75.550407869444,2266.135426485738,2341.686014253568,0.000179898379
10.850000,3,0.105410662,-0.192076643,-0.080835490,0.088989731113,-69.747135283719,2338.404741550868,2408.152097473616,0.000220639022
10.900000,0,0.005635248,-0.246327419,-0.063373706,0.095449305036,-100.024853372414,535.353554433366,635.379248133725,0.000840327946
10.900000,1,0.023389263,-0.245871893,-0.064107274,0.095449477910,-99.599602467234,529.384873039575,628.985245897460,0.000770390649
10.900000,2,-0.075653365,-0.198557513,-0.074220132,0.089127388942,-75.598576746462,2266.135426485738,2341.734183375004,0.000180142796
10.900000,3,0.107236164,-0.191734306,-0.083238282,0.089154807170,-69.847314763215,2338.404741550868,2408.252275775819,0.000219461729
10.950000,0,0.005877658,-0.246402626,-0.063530094,0.095448717667,-100.025098058409,535.353554433366,635.379491267048,0.000838775273
10.950000,1,0.023015763,-0.245987050,-0.064348812,0.095450182882,-99.600761576940,529.384873039575,628.986402262732,0.000767646215
10.950000,2,-0.071853984,-0.199217164,-0.073659090,0.089153877014,-75.638886843902,2266.135426485738,2341.774492185689,0.000178856043
10.950000,3,0.105853190,-0.192145459,-0.084250786,0.089178474241,-69.950277479180,2338.404741550868,2408.355236994736,0.000217964680
11.000000,0,0.005927371,-0.246465318,-0.063652565,0.095445582585,-100.025368711795,535.353554433366,635.379765351883,0.000842206722
11.000000,1,0.021897149,-0.246122701,-0.064482763,0.095447052778,-99.601889218770,529.384873039575,628.987531717850,0.000769459503
11.000000,2,-0.065751408,-0.200410018,-0.072533158,0.089135831557,-75.672154730591,2266.135426485738,2341.807759673729,0.000178457392
11.000000,3,0.101475504,-0.193623370,-0.083579419,0.089171120145,-70.042421862298,2338.404741550868,2408.447381029117,0.000217615942
11.050000,0,0.005783184,-0.246464456,-0.063721113,0.095445050130,-100.025641361392,535.353554433366,635.380040965831,0.000845171073
11.050000,1,0.020067742,-0.246213603,-0.064486359,0.095443838428,-99.602863693094,529.384873039575,628.988510069318,0.000773336647
11.050000,2,-0.057245601,-0.201837286,-0.070614010,0.089078804196,-75.695095412184,2266.135426485738,2341.830700307300,0.000178409369
11.050000,3,0.093656172,-0.195589166,-0.081370143,0.089057971949,-70.111629019102,2338.404741550868,2408.516588921314,0.000218351335
11.100000,0,0.005452971,-0.246467463,-0.063716725,0.095446154128,-100.025869494783,535.353554433366,635.380273819362,0.000849891214
11.100000,1,0.017592975,-0.246308570,-0.064349609,0.095445839153,-99.603562667395,529.384873039575,628.989210182518,0.000774475545
11.100000,2,-0.047137756,-0.203010422,-0.068494843,0.088990440541,-75.714268148296,2266.135426485738,2341.849872657754,0.000178023710
11.100000,3,0.083001304,-0.198013806,-0.077973738,0.088939013106,-70.155036506491,2338.404741550868,2408.559998901553,0.000220844186
11.150000,0,0.004945869,-0.246436320,-0.063655175,0.095448307002,-100.026039913357,535.353554433366,635.380439816142,0.000845469419
11.150000,1,0.014547334,-0.246372296,-0.064105083,0.095449532786,-99.603937403560,529.384873039575,628.989585483897,0.000775040759
11.150000,2,-0.034883567,-0.204245578,-0.066093116,0.088951450395,-75.732309647174,2266.135426485738,2341.867914366901,0.000178233980
11.150000,3,0.069684671,-0.200696868,-0.073817188,0.089011176694,-70.178659898511,2338.404741550868,2408.583622467383,0.000221017997
11.200000,0,0.004281784,-0.246399315,-0.063561736,0.095446102576,-100.026131483474,535.353554433366,635.380528842799,0.000842925960
11.200000,1,0.011032514,-0.246405525,-0.063805719,0.095446954944,-99.604071812753,529.384873039575,628.989720887350,0.000776035019
11.200000,2,-0.022068036,-0.205031933,-0.063962973,0.089086113344,-75.752071540278,2266.135426485738,2341.887675386527,0.000177360501
11.200000,3,0.053825890,-0.202833546,-0.069276827,0.089016521103,-70.199825351757,2338.404741550868,2408.604789259900,0.000222357268
11.250000,0,0.003478412,-0.246371452,-0.063448070,0.095445711411,-100.026193769562,535.353554433366,635.380594930152,0.000846727224
11.250000,1,0.007159948,-0.246427268,-0.063484732,0.095445238278,-99.604169626848,529.384873039575,628.989821300934,0.000778634509
11.250000,2,-0.007821634,-0.205407739,-0.062412140,0.089217767495,-75.777024723731,2266.135426485738,2341.912628163362,0.000176953883
11.250000,3,0.036267612,-0.204747616,-0.064842282,0.089194866215,-70.230410060178,2338.404741550868,2408.635372312555,0.000220701501
11.300000,0,0.002563966,-0.246332012,-0.063325549,0.095447719390,-100.026261466381,535.353554433366,635.380662286356,0.000846386609
11.300000,1,0.003058769,-0.246408324,-0.063183317,0.095445540901,-99.604386628425,529.384873039575,628.990033580261,0.000773912259
11.300000,2,0.006506651,-0.205350145,-0.061780911,0.089219082676,-75.806196408970,2266.135426485738,2341.941799809061,0.000176914344
11.300000,3,0.016729223,-0.205727400,-0.061298470,0.089136096954,-70.280708592717,2338.404741550868,2408.685673654156,0.000223510565
11.350000,0,0.001564479,-0.246328795,-0.063215071,0.095448600096,-100.026362151966,535.353554433366,635.380762710321,0.000846124989
11.350000,1,-0.001141611,-0.246379739,-0.062942135,0.095448147135,-99.604836106762,529.384873039575,628.990483107383,0.000773961043
11.350000,2,0.020388137,-0.204732197,-0.061928643,0.089131753471,-75.839218793574,2266.135426485738,2341.974822501874,0.000177222554
11.350000,3,-0.003099577,-0.205737556,-0.059219419,0.089160839473,-70.347977096351,2338.404741550868,2408.752942962051,0.000224314827
11.400000,0,0.000513414,-0.246309130,-0.063138103,0.095449047246,-100.026490741122,535.353554433366,635.380885705606,0.000840531118
11.400000,1,-0.005300273,-0.246314230,-0.062802597,0.095451692928,-99.605514095007,529.384873039575,628.991161372630,0.000774238045
11.400000,2,0.033514491,-0.203743940,-0.062612522,0.088973492782,-75.871330379556,2266.135426485738,2342.006933634686,0.000176769384
11.400000,3,-0.022721467,-0.204806256,-0.058862060,0.089021465072,-70.421814973615,2338.404741550868,2408.826780318311,0.000223793822
11.450000,0,-0.000554622,-0.246296849,-0.063104425,0.095446346985,-100.026619759659,535.353554433366,635.381017463355,0.000843270330
11.450000,1,-0.009280587,-0.246219918,-0.062784446,0.095447518661,-99.606314984259,529.384873039575,628.991965686703,0.000777662866
11.450000,2,0.045490533,-0.202590175,-0.064077540,0.088926274725,-75.903433487036,2266.135426485738,2342.039038988661,0.000179015880
11.450000,3,-0.041553063,-0.203376432,-0.060196762,0.089029104292,-70.491648141996,2338.404741550868,2408.896614345646,0.000224652777
11.500000,0,-0.001605787,-0.246293622,-0.063109257,0.095447071805,-100.026731491124,535.353554433366,635.381127253391,0.000841328902
11.500000,1,-0.012955605,-0.246125336,-0.062877133,0.095446219497,-99.607129403098,529.384873039575,628.992779022283,0.000776579607
11.500000,2,0.055923116,-0.201120212,-0.066128756,0.088912569160,-75.935961113384,2266.135426485738,2342.071565533352,0.000177934223
11.500000,3,-0.058742609,-0.201141129,-0.062666013,0.089011162601,-70.550677636939,2338.404741550868,2408.955647197899,0.000228010087
11.550000,0,-0.002601351,-0.246274148,-0.063147219,0.095447723216,-100.026832331857,535.353554433366,635.381233204804,0.000846439581
11.550000,1,-0.016200295,-0.246015434,-0.063061111,0.095446629114,-99.607943469009,529.384873039575,628.993592746222,0.000776237637
11.550000,2,0.064148135,-0.200119956,-0.068437081,0.089179282431,-75.968846005040,2266.135426485738,2342.104455674072,0.000183183286
11.550000,3,-0.073974067,-0.198562284,-0.066398899,0.089128173216,-70.601095809758,2338.404741550868,2409.006066390794,0.000229030164
11.600000,0,-0.003511902,-0.246289476,-0.063209988,0.095448916985,-100.026915333745,535.353554433366,635.381317509579,0.000847742469
11.600000,1,-0.018913644,-0.245937667,-0.063311596,0.095449471662,-99.608735843693,529.384873039575,628.994380947812,0.000772064543
11.600000,2,0.070344317,-0.199266594,-0.070588786,0.089225755924,-76.004647196771,2266.135426485738,2342.140254882608,0.000181200089
11.600000,3,-0.085848115,-0.196293008,-0.070703296,0.089096617778,-70.649999020065,2338.404741550868,2409.054967622319,0.000227051382
11.650000,0,-0.004303850,-0.246302915,-0.063293484,0.095446784732,-100.027002147536,535.353554433366,635.381404463978,0.000847883077
11.650000,1,-0.021006443,-0.245889926,-0.063599846,0.095449845847,-99.609537352477,529.384873039575,628.995182758210,0.000772366156
11.650000,2,0.073783003,-0.198571347,-0.072340547,0.089166008942,-76.045979139131,2266.135426485738,2342.181589082365,0.000183457490
11.650000,3,-0.094834432,-0.194440680,-0.075094536,0.089200534977,-70.708109730510,2338.404741550868,2409.113078448124,0.000227166741
11.700000,0,-0.004954315,-0.246319214,-0.063378252,0.095444915415,-100.027095958768,535.353554433366,635.381503300352,0.000852908219
11.700000,1,-0.022413538,-0.245865443,-0.063884285,0.095445700694,-99.610398922420,529.384873039575,628.996044806352,0.000772844356
11.700000,2,0.075313462,-0.198578050,-0.073450526,0.089039783899,-76.092548508806,2266.135426485738,2342.228156678156,0.000181683605
11.700000,3,-0.100719307,-0.193079122,-0.078984903,0.089047691309,-70.784675558393,2338.404741550868,2409.189643101155,0.000225991888
11.750000,0,-0.005441831,-0.246341573,-0.063443799,0.095447486918,-100.027216710642,535.353554433366,635.381617328780,0.000846184773
11.750000,1,-0.023090920,-0.245882959,-0.064115241,0.095444591428,-99.611317183013,529.384873039575,628.996961768187,0.000771545597
11.750000,2,0.074033396,-0.198972461,-0.073939914,0.088946772033,-76.137696965064,2266.135426485738,2342.273309653478,0.000186202670
11.750000,3,-0.103523569,-0.192757159,-0.081802465,0.089029235716,-70.875984535835,2338.404741550868,2409.280951909607,0.000225822898
11.800000,0,-0.005752683,-0.246338160,-0.063488711,0.095448217196,-100.027331571031,535.353554433366,635.381732054207,0.000846049812
11.800000,1,-0.023020064,-0.245914747,-0.064265749,0.095446405514,-99.612216287900,529.384873039575,628.997861248527,0.000771921050
11.800000,2,0.070717609,-0.199514001,-0.073752218,0.088927480372,-76.175872234844,2266.135426485738,2342.311480754405,0.000182033815
11.800000,3,-0.103139025,-0.192833310,-0.083212360,0.088963201617,-70.971304913512,2338.404741550868,2409.376269856081,0.000223391693
11.850000,0,-0.005877774,-0.246348659,-0.063513276,0.095450098582,-100.027449206019,535.353554433366,635.381846972135,0.000843332751
11.850000,1,-0.022204993,-0.245978586,-0.064327736,0.095450157673,-99.613048696278,529.384873039575,628.998690809429,0.000769073574
11.850000,2,0.064830464,-0.200863099,-0.072536148,0.089138105449,-76.206192595505,2266.135426485738,2342.341799049830,0.000179968577
11.850000,3,-0.099354338,-0.193996195,-0.082994830,0.088986641759,-71.063716203101,2338.404741550868,2409.468680301690,0.000222547713
11.900000,0,-0.005811924,-0.246345948,-0.063519623,0.095446363589,-100.027550909048,535.353554433366,635.381948863861,0.000843521448
11.900000,1,-0.020669270,-0.246060595,-0.064296446,0.095448189361,-99.613722118244,529.384873039575,628.999363055747,0.000767897927
11.900000,2,0.056847747,-0.201933440,-0.070793543,0.089263535020,-76.228474952795,2266.135426485738,2342.364084818006,0.000183379462
11.900000,3,-0.092556137,-0.195919053,-0.081085442,0.089095911128,-71.133170691542,2338.404741550868,2409.538134388240,0.000222145823
11.950000,0,-0.005559968,-0.246332493,-0.063499072,0.095445882260,-100.027630534560,535.353554433366,635.382032382950,0.000847415026
11.950000,1,-0.018466563,-0.246141092,-0.064171928,0.095446285016,-99.614168894254,529.384873039575,628.999809932618,0.000767998788
11.950000,2,0.047075190,-0.202910116,-0.068606870,0.089181616897,-76.246536232045,2266.135426485738,2342.382149891706,0.000187173910
11.950000,3,-0.083081950,-0.197916889,-0.078102560,0.089140665603,-71.178115935080,2338.404741550868,2409.583079358480,0.000221872527
12.000000,0,-0.005125523,-0.246330841,-0.063458848,0.095447915674,-100.027696689023,535.353554433366,635.382096826346,0.000845703958
12.000000,1,-0.015663519,-0.246230796,-0.063972918,0.095445064891,-99.614412295388,529.384873039575,629.000050133943,0.000764798979
12.000000,2,0.035356745,-0.204142382,-0.066361979,0.089051812985,-76.260740411641,2266.135426485738,2342.396349342315,0.000182444923
12.000000,3,-0.071003696,-0.200483106,-0.074245399,0.089206097661,-71.203770679458,2338.404741550868,2409.608736173385,0.000223943052
