   Compiling physics v0.1.0 (/tmp/voxy-contact-replay-20261006/crates/physics)
warning: unused import: `separation_lower_bound`
 --> crates/physics/src/biomechanics/surface_contact.rs:3:23
  |
3 |     PreparedTriangle, separation_lower_bound, triangle_distance, triangle_pair_path_is_open,
  |                       ^^^^^^^^^^^^^^^^^^^^^^
  |
  = note: `#[warn(unused_imports)]` (part of `#[warn(unused)]`) on by default

   Compiling physics_voxel v0.1.0 (/tmp/voxy-contact-replay-20261006/crates/physics_voxel)
   Compiling voxy_gameplay v0.1.0 (/tmp/voxy-contact-replay-20261006/crates/voxy_gameplay)
   Compiling voxy_rush v0.1.0 (/tmp/voxy-contact-replay-20261006/crates/voxy_rush)
   Compiling voxy_gpu v0.1.0 (/tmp/voxy-contact-replay-20261006/crates/voxy_gpu)
   Compiling voxy_runtime v0.1.0 (/tmp/voxy-contact-replay-20261006/crates/voxy_runtime)
   Compiling voxy_editor v0.1.0 (/tmp/voxy-contact-replay-20261006/crates/voxy_editor)
warning: multiple methods are never used
   --> crates/voxy_editor/src/animation_runtime.rs:197:19
    |
194 | impl AnimationRuntime {
    | --------------------- methods in this implementation
...
197 |     pub(super) fn initialize_root_reference(
    |                   ^^^^^^^^^^^^^^^^^^^^^^^^^
...
227 |     pub(super) fn initialize_root_reference_at_phase(
    |                   ^^^^^^^^^^^^^^^^^^^^^^^^^^^^^^^^^^
...
243 |     fn initialize_root_reference_at_scaled_phase(
    |        ^^^^^^^^^^^^^^^^^^^^^^^^^^^^^^^^^^^^^^^^^
...
278 |     pub(super) fn capture_owner_reference_with_scale(
    |                   ^^^^^^^^^^^^^^^^^^^^^^^^^^^^^^^^^^
...
300 |     fn capture_owner_reference_with_similarity(
    |        ^^^^^^^^^^^^^^^^^^^^^^^^^^^^^^^^^^^^^^^
...
328 |     pub(super) fn capture_owner_reference_from_parent(
    |                   ^^^^^^^^^^^^^^^^^^^^^^^^^^^^^^^^^^^
...
636 |     pub(super) fn fixed_step_scene_fades(
    |                   ^^^^^^^^^^^^^^^^^^^^^^
...
759 |     pub(super) fn set_clip_events(
    |                   ^^^^^^^^^^^^^^^
...
989 |     pub(super) fn prepare(
    |                   ^^^^^^^
    |
    = note: `#[warn(dead_code)]` (part of `#[warn(unused)]`) on by default

warning: associated function `new` is never used
   --> crates/voxy_editor/src/foot_placement.rs:235:19
    |
228 | impl FootRuntime {
    | ---------------- associated function in this implementation
...
235 |     pub(super) fn new(model: &ModelAsset, settings: ModelFootPlacement) -> Result<Self, String> {
    |                   ^^^

warning: method `bind_motion` is never used
   --> crates/voxy_editor/src/model_playback.rs:179:19
    |
150 | impl PreparedModelFade {
    | ---------------------- method in this implementation
...
179 |     pub(crate) fn bind_motion(
    |                   ^^^^^^^^^^^

warning: methods `prepare_certified_fade`, `set_clip_events`, and `advance_with_motion` are never used
   --> crates/voxy_editor/src/model_playback.rs:370:19
    |
337 | impl ModelPlayback {
    | ------------------ methods in this implementation
...
370 |     pub(crate) fn prepare_certified_fade(
    |                   ^^^^^^^^^^^^^^^^^^^^^^
...
523 |     pub(crate) fn set_clip_events(
    |                   ^^^^^^^^^^^^^^^
...
648 |     pub(crate) fn advance_with_motion<T>(
    |                   ^^^^^^^^^^^^^^^^^^^

   Compiling voxy_app v0.1.0 (/tmp/voxy-contact-replay-20261006/crates/voxy_app)
warning: `physics` (lib) generated 1 warning (run `cargo fix --lib -p physics` to apply 1 suggestion)
warning: field `initial_energy_j` is never read
  --> crates/voxy_app/src/tissue_demo.rs:82:9
   |
79 |     Continuum {
   |     --------- field in this variant
...
82 |         initial_energy_j: f64,
   |         ^^^^^^^^^^^^^^^^
   |
   = note: `DemoTissue` has derived impls for the traits `Debug` and `Clone`, but these are intentionally ignored during dead code analysis
   = note: `#[warn(dead_code)]` (part of `#[warn(unused)]`) on by default

warning: method `volumes` is never used
  --> crates/voxy_app/src/tissue_demo.rs:95:8
   |
88 | impl DemoTissue {
   | --------------- method in this implementation
...
95 |     fn volumes(&self) -> Vec<f64> {
   |        ^^^^^^^

warning: multiple associated items are never used
   --> crates/voxy_app/src/tissue_demo.rs:325:19
    |
146 | impl TissueDemo {
    | --------------- associated items in this implementation
...
325 |     pub(crate) fn body_volumes_m3(&self) -> Vec<f64> {
    |                   ^^^^^^^^^^^^^^^
...
333 |     pub(crate) fn body_energy_receipts(&self) -> Result<Vec<[f64; 4]>, &'static str> {
    |                   ^^^^^^^^^^^^^^^^^^^^
...
357 |     pub(crate) fn body_step_counts(&self) -> Vec<(u64, u64, usize)> {
    |                   ^^^^^^^^^^^^^^^^
...
374 |     pub(crate) fn body_thermal_diagnostics(&self) -> Result<Vec<(f64, f64, f64)>, &'static str> {
    |                   ^^^^^^^^^^^^^^^^^^^^^^^^
...
467 |     pub(crate) fn advance_with_palette(
    |                   ^^^^^^^^^^^^^^^^^^^^
...
477 |     pub(crate) fn bind_contact_surface(
    |                   ^^^^^^^^^^^^^^^^^^^^
...
483 |     pub(crate) fn bind_contact_surfaces(
    |                   ^^^^^^^^^^^^^^^^^^^^^
...
505 |     pub(crate) fn advance_with_palette_and_surface(
    |                   ^^^^^^^^^^^^^^^^^^^^^^^^^^^^^^^^
...
519 |     pub(crate) fn advance_with_palette_and_surfaces(
    |                   ^^^^^^^^^^^^^^^^^^^^^^^^^^^^^^^^^
...
533 |     pub(crate) fn advance_with_palette64_and_surfaces(
    |                   ^^^^^^^^^^^^^^^^^^^^^^^^^^^^^^^^^^^
...
549 |     pub(crate) fn tissue_mesh(&self) -> Result<SceneMesh, voxy_render::SceneError> {
    |                   ^^^^^^^^^^^
...
967 |     fn advance_continuum(
    |        ^^^^^^^^^^^^^^^^^

warning: associated items `female_from_assets` and `set_strain_fixture` are never used
    --> crates/voxy_app/src/female_demo.rs:199:19
     |
 195 | impl FemaleDemo {
     | --------------- associated items in this implementation
...
 199 |     pub(crate) fn female_from_assets(
     |                   ^^^^^^^^^^^^^^^^^^
...
1018 |     pub(crate) fn set_strain_fixture(&mut self, x_stretch: f64) -> Result<(), &'static str> {
     |                   ^^^^^^^^^^^^^^^^^^

warning: field `assembly_ms` is never read
 --> crates/voxy_app/src/skin_light_diffusion.rs:6:5
  |
5 | struct Timings {
  |        ------- field in this struct
6 |     assembly_ms: f64,
  |     ^^^^^^^^^^^
  |
  = note: `Timings` has a derived impl for the trait `Debug`, but this is intentionally ignored during dead code analysis

warning: function `diffuse` is never used
  --> crates/voxy_app/src/skin_light_diffusion.rs:11:15
   |
11 | pub(super) fn diffuse(
   |               ^^^^^^^

warning: function `diffuse_measured` is never used
  --> crates/voxy_app/src/skin_light_diffusion.rs:70:4
   |
70 | fn diffuse_measured(
   |    ^^^^^^^^^^^^^^^^

warning: function `diffuse_measured_with_parallel` is never used
  --> crates/voxy_app/src/skin_light_diffusion.rs:78:4
   |
78 | fn diffuse_measured_with_parallel(
   |    ^^^^^^^^^^^^^^^^^^^^^^^^^^^^^^

warning: function `status` is never used
  --> crates/voxy_app/src/model_presentation.rs:36:8
   |
36 | pub fn status(parameters: &Path, current: &Value) -> Value {
   |        ^^^^^^

warning: function `atomic_json` is never used
  --> crates/voxy_app/src/model_presentation.rs:82:4
   |
82 | fn atomic_json(path: &Path, value: &Value) -> Result<(), Box<dyn std::error::Error>> {
   |    ^^^^^^^^^^^

warning: function `request_film_state` is never used
  --> crates/voxy_app/src/model_presentation.rs:95:8
   |
95 | pub fn request_film_state(parameters: &Path) -> Result<Value, Box<dyn std::error::Error>> {
   |        ^^^^^^^^^^^^^^^^^^

warning: function `film_state_status` is never used
   --> crates/voxy_app/src/model_presentation.rs:150:8
    |
150 | pub fn film_state_status(parameters: &Path, id: &str) -> Result<Value, Box<dyn std::error::Error>> {
    |        ^^^^^^^^^^^^^^^^^

warning: method `to_json` is never used
  --> crates/voxy_app/src/view_settings.rs:15:12
   |
14 | impl ViewSettings {
   | ----------------- method in this implementation
15 |     pub fn to_json(&self) -> Value {
   |            ^^^^^^^

warning: function `deform` is never used
   --> crates/voxy_app/src/female_face.rs:107:15
    |
107 | pub(crate) fn deform(vertices: &mut [SceneVertex], body_vertices: usize, pose: FacePose) {
    |               ^^^^^^

warning: method `append` is never used
   --> crates/voxy_app/src/female_features.rs:236:12
    |
 31 | impl FaceFeatures {
    | ----------------- method in this implementation
...
236 |     pub fn append(
    |            ^^^^^^

warning: method `apply` is never used
    --> crates/voxy_app/src/face_parameters.rs:2570:19
     |
2530 | impl FaceParameters {
     | ------------------- method in this implementation
...
2570 |     pub(crate) fn apply(&self, vertices: &mut [SceneVertex], head: Mat4) {
     |                   ^^^^^

warning: method `restore_snapshot` is never used
   --> crates/voxy_app/src/surface_film_preview.rs:345:12
    |
 20 | impl FilmPreview {
    | ---------------- method in this implementation
...
345 |     pub fn restore_snapshot(&mut self, snapshot: &serde_json::Value) -> Result<(), &'static str> {
    |            ^^^^^^^^^^^^^^^^

warning: method `topology` is never used
   --> crates/voxy_app/src/fem_demo.rs:100:19
    |
 56 | impl FemDemo {
    | ------------ method in this implementation
...
100 |     pub(crate) fn topology(&self) -> Result<(usize, usize), Box<dyn std::error::Error>> {
    |                   ^^^^^^^^

warning: `voxy_editor` (lib) generated 4 warnings
warning: `voxy_app` (lib) generated 18 warnings
warning: methods `biomechanics_title`, `is_body`, and `body_motion_title` are never used
   --> crates/voxy_app/examples/../src/tissue_demo.rs:181:19
    |
146 | impl TissueDemo {
    | --------------- methods in this implementation
...
181 |     pub(crate) fn biomechanics_title(&self) -> Option<String> {
    |                   ^^^^^^^^^^^^^^^^^^
...
321 |     pub(crate) fn is_body(&self) -> bool {
    |                   ^^^^^^^
...
418 |     pub(crate) fn body_motion_title(&self) -> Option<String> {
    |                   ^^^^^^^^^^^^^^^^^
    |
    = note: `#[warn(dead_code)]` (part of `#[warn(unused)]`) on by default

warning: `voxy_app` (example "body_motion_snapshot" test) generated 1 warning
    Finished `release` profile [optimized] target(s) in 20.00s
     Running unittests examples/body_motion_snapshot.rs (/tmp/voxy-moving-supports-final-20261005/release/examples/body_motion_snapshot-80326302b011fb26)

running 1 test
IMPORTED support centers: [[-0.0990283414721489, 0.7890225052833557, 0.1306656002998352], [0.06097165495157242, 0.7890225052833557, 0.1306656002998352], [-0.08844652771949768, 0.4791085422039032, -0.05612833797931671], [0.047629572451114655, 0.4791243374347687, -0.056171491742134094]]
IMPORTED support centers: [[-0.0990283414721489, 0.7890225052833557, 0.1306656002998352], [0.06097165495157242, 0.7890225052833557, 0.1306656002998352], [-0.08844652771949768, 0.4791085422039032, -0.05612833797931671], [0.047629572451114655, 0.4791243374347687, -0.056171491742134094]]
IMPLICIT_FEASIBLE_VELOCITY_PREDICTOR dt=1.04166666666666665e-3
IMPLICIT_FEASIBLE_VELOCITY_PREDICTOR dt=1.04166666666666665e-3
IMPLICIT_FEASIBLE_VELOCITY_PREDICTOR dt=1.04166666666666665e-3
IMPLICIT_FEASIBLE_VELOCITY_PREDICTOR dt=1.04166666666666665e-3
IMPLICIT_FEASIBLE_VELOCITY_PREDICTOR dt=1.04166666666666665e-3
IMPLICIT_FEASIBLE_VELOCITY_PREDICTOR dt=1.04166666666666665e-3
IMPLICIT_FEASIBLE_VELOCITY_PREDICTOR dt=1.04166666666666665e-3
IMPLICIT_FEASIBLE_VELOCITY_PREDICTOR dt=1.04166666666666665e-3
IMPLICIT_FEASIBLE_VELOCITY_PREDICTOR dt=1.04166666666666665e-3
IMPLICIT_FEASIBLE_VELOCITY_PREDICTOR dt=1.04166666666666665e-3
IMPLICIT_FEASIBLE_VELOCITY_PREDICTOR dt=1.04166666666666665e-3
IMPLICIT_FEASIBLE_VELOCITY_PREDICTOR dt=1.04166666666666665e-3
IMPLICIT_FEASIBLE_VELOCITY_PREDICTOR dt=1.04166666666666665e-3
IMPLICIT_FEASIBLE_VELOCITY_PREDICTOR dt=1.04166666666666665e-3
IMPLICIT_FEASIBLE_VELOCITY_PREDICTOR dt=1.04166666666666665e-3
IMPLICIT_FEASIBLE_VELOCITY_PREDICTOR dt=1.04166666666666665e-3
IMPLICIT_FEASIBLE_VELOCITY_PREDICTOR dt=1.04166666666666665e-3
IMPLICIT_FEASIBLE_VELOCITY_PREDICTOR dt=1.04166666666666665e-3
IMPLICIT_FEASIBLE_VELOCITY_PREDICTOR dt=1.04166666666666665e-3
IMPLICIT_FEASIBLE_VELOCITY_PREDICTOR dt=1.04166666666666665e-3
IMPLICIT_FEASIBLE_VELOCITY_PREDICTOR dt=1.04166666666666665e-3
IMPLICIT_FEASIBLE_VELOCITY_PREDICTOR dt=1.04166666666666665e-3
IMPLICIT_FEASIBLE_VELOCITY_PREDICTOR dt=1.04166666666666665e-3
IMPLICIT_FEASIBLE_VELOCITY_PREDICTOR dt=1.04166666666666665e-3
IMPLICIT_FEASIBLE_VELOCITY_PREDICTOR dt=1.04166666666666665e-3
IMPLICIT_FEASIBLE_VELOCITY_PREDICTOR dt=1.04166666666666665e-3
IMPLICIT_FEASIBLE_VELOCITY_PREDICTOR dt=1.04166666666666665e-3
IMPLICIT_FEASIBLE_VELOCITY_PREDICTOR dt=1.04166666666666665e-3
IMPLICIT_FEASIBLE_VELOCITY_PREDICTOR dt=1.04166666666666665e-3
IMPLICIT_FEASIBLE_VELOCITY_PREDICTOR dt=1.04166666666666665e-3
IMPLICIT_FEASIBLE_VELOCITY_PREDICTOR dt=1.04166666666666665e-3
IMPLICIT_FEASIBLE_VELOCITY_PREDICTOR dt=1.04166666666666665e-3
IMPLICIT_FEASIBLE_VELOCITY_PREDICTOR dt=1.04166666666666665e-3
IMPLICIT_FEASIBLE_VELOCITY_PREDICTOR dt=1.04166666666666665e-3
IMPLICIT_FEASIBLE_VELOCITY_PREDICTOR dt=1.04166666666666665e-3
IMPLICIT_FEASIBLE_VELOCITY_PREDICTOR dt=1.04166666666666665e-3
IMPLICIT_FEASIBLE_VELOCITY_PREDICTOR dt=1.04166666666666665e-3
IMPLICIT_FEASIBLE_VELOCITY_PREDICTOR dt=1.04166666666666665e-3
IMPLICIT_FEASIBLE_VELOCITY_PREDICTOR dt=1.04166666666666665e-3
IMPLICIT_FEASIBLE_VELOCITY_PREDICTOR dt=1.04166666666666665e-3
IMPLICIT_FEASIBLE_VELOCITY_PREDICTOR dt=1.04166666666666665e-3
IMPLICIT_FEASIBLE_VELOCITY_PREDICTOR dt=1.04166666666666665e-3
IMPLICIT_FEASIBLE_VELOCITY_PREDICTOR dt=1.04166666666666665e-3
IMPLICIT_FEASIBLE_VELOCITY_PREDICTOR dt=1.04166666666666665e-3
IMPLICIT_FEASIBLE_VELOCITY_PREDICTOR dt=1.04166666666666665e-3
IMPLICIT_FEASIBLE_VELOCITY_PREDICTOR dt=1.04166666666666665e-3
IMPLICIT_FEASIBLE_VELOCITY_PREDICTOR dt=1.04166666666666665e-3
IMPLICIT_FEASIBLE_VELOCITY_PREDICTOR dt=1.04166666666666665e-3
IMPLICIT_FEASIBLE_VELOCITY_PREDICTOR dt=1.04166666666666665e-3
IMPLICIT_FEASIBLE_VELOCITY_PREDICTOR dt=1.04166666666666665e-3
IMPLICIT_FEASIBLE_VELOCITY_PREDICTOR dt=1.04166666666666665e-3
IMPLICIT_FEASIBLE_VELOCITY_PREDICTOR dt=1.04166666666666665e-3
IMPLICIT_FEASIBLE_VELOCITY_PREDICTOR dt=1.04166666666666665e-3
IMPLICIT_FEASIBLE_VELOCITY_PREDICTOR dt=1.04166666666666665e-3
IMPLICIT_FEASIBLE_VELOCITY_PREDICTOR dt=1.04166666666666665e-3
IMPLICIT_FEASIBLE_VELOCITY_PREDICTOR dt=1.04166666666666665e-3
IMPLICIT_FEASIBLE_VELOCITY_PREDICTOR dt=1.04166666666666665e-3
IMPLICIT_FEASIBLE_VELOCITY_PREDICTOR dt=1.04166666666666665e-3
IMPLICIT_FEASIBLE_VELOCITY_PREDICTOR dt=1.04166666666666665e-3
IMPLICIT_FEASIBLE_VELOCITY_PREDICTOR dt=1.04166666666666665e-3
IMPLICIT_FEASIBLE_VELOCITY_PREDICTOR dt=1.04166666666666665e-3
IMPLICIT_FEASIBLE_VELOCITY_PREDICTOR dt=1.04166666666666665e-3
IMPLICIT_FEASIBLE_VELOCITY_PREDICTOR dt=1.04166666666666665e-3
IMPLICIT_FEASIBLE_VELOCITY_PREDICTOR dt=1.04166666666666665e-3
IMPLICIT_FEASIBLE_VELOCITY_PREDICTOR dt=1.04166666666666665e-3
IMPLICIT_FEASIBLE_VELOCITY_PREDICTOR dt=1.04166666666666665e-3
IMPLICIT_FEASIBLE_VELOCITY_PREDICTOR dt=1.04166666666666665e-3
IMPLICIT_FEASIBLE_VELOCITY_PREDICTOR dt=1.04166666666666665e-3
IMPLICIT_FEASIBLE_VELOCITY_PREDICTOR dt=1.04166666666666665e-3
IMPLICIT_FEASIBLE_VELOCITY_PREDICTOR dt=1.04166666666666665e-3
IMPLICIT_FEASIBLE_VELOCITY_PREDICTOR dt=1.04166666666666665e-3
IMPLICIT_FEASIBLE_VELOCITY_PREDICTOR dt=1.04166666666666665e-3
IMPLICIT_FEASIBLE_VELOCITY_PREDICTOR dt=1.04166666666666665e-3
IMPLICIT_FEASIBLE_VELOCITY_PREDICTOR dt=1.04166666666666665e-3
IMPLICIT_FEASIBLE_VELOCITY_PREDICTOR dt=1.04166666666666665e-3
IMPLICIT_FEASIBLE_VELOCITY_PREDICTOR dt=1.04166666666666665e-3
IMPLICIT_FEASIBLE_VELOCITY_PREDICTOR dt=1.04166666666666665e-3
IMPLICIT_FEASIBLE_VELOCITY_PREDICTOR dt=1.04166666666666665e-3
IMPLICIT_FEASIBLE_VELOCITY_PREDICTOR dt=1.04166666666666665e-3
IMPLICIT_FEASIBLE_VELOCITY_PREDICTOR dt=1.04166666666666665e-3
IMPLICIT_FEASIBLE_VELOCITY_PREDICTOR dt=1.04166666666666665e-3
IMPLICIT_FEASIBLE_VELOCITY_PREDICTOR dt=1.04166666666666665e-3
IMPLICIT_FEASIBLE_VELOCITY_PREDICTOR dt=1.04166666666666665e-3
IMPLICIT_FEASIBLE_VELOCITY_PREDICTOR dt=1.04166666666666665e-3
IMPLICIT_FEASIBLE_VELOCITY_PREDICTOR dt=1.04166666666666665e-3
IMPLICIT_FEASIBLE_VELOCITY_PREDICTOR dt=1.04166666666666665e-3
IMPLICIT_FEASIBLE_VELOCITY_PREDICTOR dt=1.04166666666666665e-3
IMPLICIT_FEASIBLE_VELOCITY_PREDICTOR dt=1.04166666666666665e-3
IMPLICIT_FEASIBLE_VELOCITY_PREDICTOR dt=1.04166666666666665e-3
IMPLICIT_FEASIBLE_VELOCITY_PREDICTOR dt=1.04166666666666665e-3
IMPLICIT_FEASIBLE_VELOCITY_PREDICTOR dt=1.04166666666666665e-3
IMPLICIT_FEASIBLE_VELOCITY_PREDICTOR dt=1.04166666666666665e-3
IMPLICIT_FEASIBLE_VELOCITY_PREDICTOR dt=1.04166666666666665e-3
IMPLICIT_FEASIBLE_VELOCITY_PREDICTOR dt=1.04166666666666665e-3
IMPLICIT_FEASIBLE_VELOCITY_PREDICTOR dt=1.04166666666666665e-3
IMPLICIT_FEASIBLE_VELOCITY_PREDICTOR dt=1.04166666666666665e-3
IMPLICIT_FEASIBLE_VELOCITY_PREDICTOR dt=1.04166666666666665e-3
IMPLICIT_FEASIBLE_VELOCITY_PREDICTOR dt=1.04166666666666665e-3
IMPLICIT_FEASIBLE_VELOCITY_PREDICTOR dt=1.04166666666666665e-3
IMPLICIT_FEASIBLE_VELOCITY_PREDICTOR dt=1.04166666666666665e-3
IMPLICIT_FEASIBLE_VELOCITY_PREDICTOR dt=1.04166666666666665e-3
IMPLICIT_FEASIBLE_VELOCITY_PREDICTOR dt=1.04166666666666665e-3
IMPLICIT_FEASIBLE_VELOCITY_PREDICTOR dt=1.04166666666666665e-3
IMPLICIT_FEASIBLE_VELOCITY_PREDICTOR dt=1.04166666666666665e-3
IMPLICIT_FEASIBLE_VELOCITY_PREDICTOR dt=1.04166666666666665e-3
IMPLICIT_FEASIBLE_VELOCITY_PREDICTOR dt=1.04166666666666665e-3
IMPLICIT_FEASIBLE_VELOCITY_PREDICTOR dt=1.04166666666666665e-3
IMPLICIT_FEASIBLE_VELOCITY_PREDICTOR dt=1.04166666666666665e-3
IMPLICIT_FEASIBLE_VELOCITY_PREDICTOR dt=1.04166666666666665e-3
IMPLICIT_FEASIBLE_VELOCITY_PREDICTOR dt=1.04166666666666665e-3
IMPLICIT_FEASIBLE_VELOCITY_PREDICTOR dt=1.04166666666666665e-3
IMPLICIT_FEASIBLE_VELOCITY_PREDICTOR dt=1.04166666666666665e-3
IMPLICIT_FEASIBLE_VELOCITY_PREDICTOR dt=1.04166666666666665e-3
IMPLICIT_FEASIBLE_VELOCITY_PREDICTOR dt=1.04166666666666665e-3
IMPLICIT_FEASIBLE_VELOCITY_PREDICTOR dt=1.04166666666666665e-3
IMPLICIT_FEASIBLE_VELOCITY_PREDICTOR dt=1.04166666666666665e-3
IMPLICIT_FEASIBLE_VELOCITY_PREDICTOR dt=1.04166666666666665e-3
IMPLICIT_FEASIBLE_VELOCITY_PREDICTOR dt=1.04166666666666665e-3
IMPLICIT_FEASIBLE_VELOCITY_PREDICTOR dt=1.04166666666666665e-3
IMPLICIT_FEASIBLE_VELOCITY_PREDICTOR dt=1.04166666666666665e-3
IMPLICIT_FEASIBLE_VELOCITY_PREDICTOR dt=1.04166666666666665e-3
IMPLICIT_FEASIBLE_VELOCITY_PREDICTOR dt=1.04166666666666665e-3
IMPLICIT_FEASIBLE_VELOCITY_PREDICTOR dt=1.04166666666666665e-3
IMPLICIT_FEASIBLE_VELOCITY_PREDICTOR dt=1.04166666666666665e-3
IMPLICIT_FEASIBLE_VELOCITY_PREDICTOR dt=1.04166666666666665e-3
IMPLICIT_FEASIBLE_VELOCITY_PREDICTOR dt=1.04166666666666665e-3
IMPLICIT_FEASIBLE_VELOCITY_PREDICTOR dt=1.04166666666666665e-3
IMPLICIT_FEASIBLE_VELOCITY_PREDICTOR dt=1.04166666666666665e-3
IMPLICIT_FEASIBLE_VELOCITY_PREDICTOR dt=1.04166666666666665e-3
IMPLICIT_FEASIBLE_VELOCITY_PREDICTOR dt=1.04166666666666665e-3
IMPLICIT_FEASIBLE_VELOCITY_PREDICTOR dt=1.04166666666666665e-3
IMPLICIT_FEASIBLE_VELOCITY_PREDICTOR dt=1.04166666666666665e-3
IMPLICIT_FEASIBLE_VELOCITY_PREDICTOR dt=1.04166666666666665e-3
IMPLICIT_FEASIBLE_VELOCITY_PREDICTOR dt=1.04166666666666665e-3
IMPLICIT_FEASIBLE_VELOCITY_PREDICTOR dt=1.04166666666666665e-3
IMPLICIT_FEASIBLE_VELOCITY_PREDICTOR dt=1.04166666666666665e-3
IMPLICIT_FEASIBLE_VELOCITY_PREDICTOR dt=1.04166666666666665e-3
IMPLICIT_FEASIBLE_VELOCITY_PREDICTOR dt=1.04166666666666665e-3
IMPLICIT_FEASIBLE_VELOCITY_PREDICTOR dt=1.04166666666666665e-3
IMPLICIT_FEASIBLE_VELOCITY_PREDICTOR dt=1.04166666666666665e-3
IMPLICIT_FEASIBLE_VELOCITY_PREDICTOR dt=1.04166666666666665e-3
IMPLICIT_FEASIBLE_VELOCITY_PREDICTOR dt=1.04166666666666665e-3
IMPLICIT_FEASIBLE_VELOCITY_PREDICTOR dt=1.04166666666666665e-3
IMPLICIT_FEASIBLE_VELOCITY_PREDICTOR dt=1.04166666666666665e-3
IMPLICIT_FEASIBLE_VELOCITY_PREDICTOR dt=1.04166666666666665e-3
IMPLICIT_FEASIBLE_VELOCITY_PREDICTOR dt=1.04166666666666665e-3
IMPLICIT_FEASIBLE_VELOCITY_PREDICTOR dt=1.04166666666666665e-3
IMPLICIT_FEASIBLE_VELOCITY_PREDICTOR dt=1.04166666666666665e-3
IMPLICIT_FEASIBLE_VELOCITY_PREDICTOR dt=1.04166666666666665e-3
IMPLICIT_FEASIBLE_VELOCITY_PREDICTOR dt=1.04166666666666665e-3
IMPLICIT_FEASIBLE_VELOCITY_PREDICTOR dt=1.04166666666666665e-3
IMPLICIT_FEASIBLE_VELOCITY_PREDICTOR dt=1.04166666666666665e-3
IMPLICIT_FEASIBLE_VELOCITY_PREDICTOR dt=1.04166666666666665e-3
IMPLICIT_FEASIBLE_VELOCITY_PREDICTOR dt=1.04166666666666665e-3
IMPLICIT_FEASIBLE_VELOCITY_PREDICTOR dt=1.04166666666666665e-3
IMPLICIT_FEASIBLE_VELOCITY_PREDICTOR dt=1.04166666666666665e-3
IMPLICIT_FEASIBLE_VELOCITY_PREDICTOR dt=1.04166666666666665e-3
IMPLICIT_FEASIBLE_VELOCITY_PREDICTOR dt=1.04166666666666665e-3
IMPLICIT_FEASIBLE_VELOCITY_PREDICTOR dt=1.04166666666666665e-3
IMPLICIT_FEASIBLE_VELOCITY_PREDICTOR dt=1.04166666666666665e-3
IMPLICIT_FEASIBLE_VELOCITY_PREDICTOR dt=1.04166666666666665e-3
IMPLICIT_FEASIBLE_VELOCITY_PREDICTOR dt=1.04166666666666665e-3
IMPLICIT_FEASIBLE_VELOCITY_PREDICTOR dt=1.04166666666666665e-3
IMPLICIT_FEASIBLE_VELOCITY_PREDICTOR dt=1.04166666666666665e-3
IMPLICIT_FEASIBLE_VELOCITY_PREDICTOR dt=1.04166666666666665e-3
IMPLICIT_FEASIBLE_VELOCITY_PREDICTOR dt=1.04166666666666665e-3
IMPLICIT_FEASIBLE_VELOCITY_PREDICTOR dt=1.04166666666666665e-3
IMPLICIT_FEASIBLE_VELOCITY_PREDICTOR dt=1.04166666666666665e-3
IMPLICIT_FEASIBLE_VELOCITY_PREDICTOR dt=1.04166666666666665e-3
IMPLICIT_FEASIBLE_VELOCITY_PREDICTOR dt=1.04166666666666665e-3
IMPLICIT_FEASIBLE_VELOCITY_PREDICTOR dt=1.04166666666666665e-3
IMPLICIT_FEASIBLE_VELOCITY_PREDICTOR dt=1.04166666666666665e-3
IMPLICIT_FEASIBLE_VELOCITY_PREDICTOR dt=1.04166666666666665e-3
IMPLICIT_FEASIBLE_VELOCITY_PREDICTOR dt=1.04166666666666665e-3
IMPLICIT_FEASIBLE_VELOCITY_PREDICTOR dt=1.04166666666666665e-3
IMPLICIT_FEASIBLE_VELOCITY_PREDICTOR dt=1.04166666666666665e-3
IMPLICIT_FEASIBLE_VELOCITY_PREDICTOR dt=1.04166666666666665e-3
IMPLICIT_FEASIBLE_VELOCITY_PREDICTOR dt=1.04166666666666665e-3
IMPLICIT_FEASIBLE_VELOCITY_PREDICTOR dt=1.04166666666666665e-3
IMPLICIT_FEASIBLE_VELOCITY_PREDICTOR dt=1.04166666666666665e-3
IMPLICIT_FEASIBLE_VELOCITY_PREDICTOR dt=1.04166666666666665e-3
IMPLICIT_FEASIBLE_VELOCITY_PREDICTOR dt=1.04166666666666665e-3
IMPLICIT_FEASIBLE_VELOCITY_PREDICTOR dt=1.04166666666666665e-3
IMPLICIT_FEASIBLE_VELOCITY_PREDICTOR dt=1.04166666666666665e-3
IMPLICIT_FEASIBLE_VELOCITY_PREDICTOR dt=1.04166666666666665e-3
IMPLICIT_FEASIBLE_VELOCITY_PREDICTOR dt=1.04166666666666665e-3
IMPLICIT_FEASIBLE_VELOCITY_PREDICTOR dt=1.04166666666666665e-3
IMPLICIT_FEASIBLE_VELOCITY_PREDICTOR dt=1.04166666666666665e-3
WIDE_IMPORTED_CONTACT_COMMITTED step=12
IMPLICIT_FEASIBLE_VELOCITY_PREDICTOR dt=1.04166666666666665e-3
IMPLICIT_FEASIBLE_VELOCITY_PREDICTOR dt=1.04166666666666665e-3
IMPLICIT_FEASIBLE_VELOCITY_PREDICTOR dt=1.04166666666666665e-3
IMPLICIT_FEASIBLE_VELOCITY_PREDICTOR dt=1.04166666666666665e-3
IMPLICIT_FEASIBLE_VELOCITY_PREDICTOR dt=1.04166666666666665e-3
IMPLICIT_FEASIBLE_VELOCITY_PREDICTOR dt=1.04166666666666665e-3
IMPLICIT_FEASIBLE_VELOCITY_PREDICTOR dt=1.04166666666666665e-3
IMPLICIT_FEASIBLE_VELOCITY_PREDICTOR dt=1.04166666666666665e-3
IMPLICIT_FEASIBLE_VELOCITY_PREDICTOR dt=1.04166666666666665e-3
IMPLICIT_FEASIBLE_VELOCITY_PREDICTOR dt=1.04166666666666665e-3
IMPLICIT_FEASIBLE_VELOCITY_PREDICTOR dt=1.04166666666666665e-3
IMPLICIT_FEASIBLE_VELOCITY_PREDICTOR dt=1.04166666666666665e-3
IMPLICIT_FEASIBLE_VELOCITY_PREDICTOR dt=1.04166666666666665e-3
IMPLICIT_FEASIBLE_VELOCITY_PREDICTOR dt=1.04166666666666665e-3
IMPLICIT_FEASIBLE_VELOCITY_PREDICTOR dt=1.04166666666666665e-3
IMPLICIT_FEASIBLE_VELOCITY_PREDICTOR dt=1.04166666666666665e-3
IMPLICIT_FEASIBLE_VELOCITY_PREDICTOR dt=1.04166666666666665e-3
IMPLICIT_FEASIBLE_VELOCITY_PREDICTOR dt=1.04166666666666665e-3
IMPLICIT_FEASIBLE_VELOCITY_PREDICTOR dt=1.04166666666666665e-3
IMPLICIT_FEASIBLE_VELOCITY_PREDICTOR dt=1.04166666666666665e-3
IMPLICIT_FEASIBLE_VELOCITY_PREDICTOR dt=1.04166666666666665e-3
IMPLICIT_FEASIBLE_VELOCITY_PREDICTOR dt=1.04166666666666665e-3
IMPLICIT_FEASIBLE_VELOCITY_PREDICTOR dt=1.04166666666666665e-3
IMPLICIT_FEASIBLE_VELOCITY_PREDICTOR dt=1.04166666666666665e-3
IMPLICIT_FEASIBLE_VELOCITY_PREDICTOR dt=1.04166666666666665e-3
IMPLICIT_FEASIBLE_VELOCITY_PREDICTOR dt=1.04166666666666665e-3
IMPLICIT_FEASIBLE_VELOCITY_PREDICTOR dt=1.04166666666666665e-3
IMPLICIT_FEASIBLE_VELOCITY_PREDICTOR dt=1.04166666666666665e-3
IMPLICIT_FEASIBLE_VELOCITY_PREDICTOR dt=1.04166666666666665e-3
IMPLICIT_FEASIBLE_VELOCITY_PREDICTOR dt=1.04166666666666665e-3
IMPLICIT_FEASIBLE_VELOCITY_PREDICTOR dt=1.04166666666666665e-3
IMPLICIT_FEASIBLE_VELOCITY_PREDICTOR dt=1.04166666666666665e-3
IMPLICIT_FEASIBLE_VELOCITY_PREDICTOR dt=1.04166666666666665e-3
IMPLICIT_FEASIBLE_VELOCITY_PREDICTOR dt=1.04166666666666665e-3
IMPLICIT_FEASIBLE_VELOCITY_PREDICTOR dt=1.04166666666666665e-3
IMPLICIT_FEASIBLE_VELOCITY_PREDICTOR dt=1.04166666666666665e-3
IMPLICIT_FEASIBLE_VELOCITY_PREDICTOR dt=1.04166666666666665e-3
IMPLICIT_FEASIBLE_VELOCITY_PREDICTOR dt=1.04166666666666665e-3
IMPLICIT_FEASIBLE_VELOCITY_PREDICTOR dt=1.04166666666666665e-3
IMPLICIT_FEASIBLE_VELOCITY_PREDICTOR dt=1.04166666666666665e-3
IMPLICIT_FEASIBLE_VELOCITY_PREDICTOR dt=1.04166666666666665e-3
IMPLICIT_FEASIBLE_VELOCITY_PREDICTOR dt=1.04166666666666665e-3
IMPLICIT_FEASIBLE_VELOCITY_PREDICTOR dt=1.04166666666666665e-3
IMPLICIT_FEASIBLE_VELOCITY_PREDICTOR dt=1.04166666666666665e-3
IMPLICIT_FEASIBLE_VELOCITY_PREDICTOR dt=1.04166666666666665e-3
IMPLICIT_FEASIBLE_VELOCITY_PREDICTOR dt=1.04166666666666665e-3
IMPLICIT_FEASIBLE_VELOCITY_PREDICTOR dt=1.04166666666666665e-3
IMPLICIT_FEASIBLE_VELOCITY_PREDICTOR dt=1.04166666666666665e-3
IMPLICIT_FEASIBLE_VELOCITY_PREDICTOR dt=1.04166666666666665e-3
IMPLICIT_FEASIBLE_VELOCITY_PREDICTOR dt=1.04166666666666665e-3
IMPLICIT_FEASIBLE_VELOCITY_PREDICTOR dt=1.04166666666666665e-3
IMPLICIT_FEASIBLE_VELOCITY_PREDICTOR dt=1.04166666666666665e-3
IMPLICIT_FEASIBLE_VELOCITY_PREDICTOR dt=1.04166666666666665e-3
IMPLICIT_FEASIBLE_VELOCITY_PREDICTOR dt=1.04166666666666665e-3
IMPLICIT_FEASIBLE_VELOCITY_PREDICTOR dt=1.04166666666666665e-3
IMPLICIT_FEASIBLE_VELOCITY_PREDICTOR dt=1.04166666666666665e-3
IMPLICIT_FEASIBLE_VELOCITY_PREDICTOR dt=1.04166666666666665e-3
IMPLICIT_FEASIBLE_VELOCITY_PREDICTOR dt=1.04166666666666665e-3
IMPLICIT_FEASIBLE_VELOCITY_PREDICTOR dt=1.04166666666666665e-3
IMPLICIT_FEASIBLE_VELOCITY_PREDICTOR dt=1.04166666666666665e-3
IMPLICIT_FEASIBLE_VELOCITY_PREDICTOR dt=1.04166666666666665e-3
IMPLICIT_FEASIBLE_VELOCITY_PREDICTOR dt=1.04166666666666665e-3
IMPLICIT_FEASIBLE_VELOCITY_PREDICTOR dt=1.04166666666666665e-3
IMPLICIT_FEASIBLE_VELOCITY_PREDICTOR dt=1.04166666666666665e-3
IMPLICIT_FEASIBLE_VELOCITY_PREDICTOR dt=1.04166666666666665e-3
IMPLICIT_FEASIBLE_VELOCITY_PREDICTOR dt=1.04166666666666665e-3
IMPLICIT_FEASIBLE_VELOCITY_PREDICTOR dt=1.04166666666666665e-3
IMPLICIT_FEASIBLE_VELOCITY_PREDICTOR dt=1.04166666666666665e-3
IMPLICIT_FEASIBLE_VELOCITY_PREDICTOR dt=1.04166666666666665e-3
IMPLICIT_FEASIBLE_VELOCITY_PREDICTOR dt=1.04166666666666665e-3
IMPLICIT_FEASIBLE_VELOCITY_PREDICTOR dt=1.04166666666666665e-3
IMPLICIT_FEASIBLE_VELOCITY_PREDICTOR dt=1.04166666666666665e-3
IMPLICIT_FEASIBLE_VELOCITY_PREDICTOR dt=1.04166666666666665e-3
IMPLICIT_FEASIBLE_VELOCITY_PREDICTOR dt=1.04166666666666665e-3
IMPLICIT_FEASIBLE_VELOCITY_PREDICTOR dt=1.04166666666666665e-3
IMPLICIT_FEASIBLE_VELOCITY_PREDICTOR dt=1.04166666666666665e-3
IMPLICIT_FEASIBLE_VELOCITY_PREDICTOR dt=1.04166666666666665e-3
IMPLICIT_FEASIBLE_VELOCITY_PREDICTOR dt=1.04166666666666665e-3
IMPLICIT_FEASIBLE_VELOCITY_PREDICTOR dt=1.04166666666666665e-3
IMPLICIT_FEASIBLE_VELOCITY_PREDICTOR dt=1.04166666666666665e-3
IMPLICIT_FEASIBLE_VELOCITY_PREDICTOR dt=1.04166666666666665e-3
IMPLICIT_FEASIBLE_VELOCITY_PREDICTOR dt=1.04166666666666665e-3
IMPLICIT_FEASIBLE_VELOCITY_PREDICTOR dt=1.04166666666666665e-3
IMPLICIT_FEASIBLE_VELOCITY_PREDICTOR dt=1.04166666666666665e-3
IMPLICIT_FEASIBLE_VELOCITY_PREDICTOR dt=1.04166666666666665e-3
IMPLICIT_FEASIBLE_VELOCITY_PREDICTOR dt=1.04166666666666665e-3
IMPLICIT_FEASIBLE_VELOCITY_PREDICTOR dt=1.04166666666666665e-3
IMPLICIT_FEASIBLE_VELOCITY_PREDICTOR dt=1.04166666666666665e-3
IMPLICIT_FEASIBLE_VELOCITY_PREDICTOR dt=1.04166666666666665e-3
IMPLICIT_FEASIBLE_VELOCITY_PREDICTOR dt=1.04166666666666665e-3
IMPLICIT_FEASIBLE_VELOCITY_PREDICTOR dt=1.04166666666666665e-3
IMPLICIT_FEASIBLE_VELOCITY_PREDICTOR dt=1.04166666666666665e-3
IMPLICIT_FEASIBLE_VELOCITY_PREDICTOR dt=1.04166666666666665e-3
IMPLICIT_FEASIBLE_VELOCITY_PREDICTOR dt=1.04166666666666665e-3
IMPLICIT_FEASIBLE_VELOCITY_PREDICTOR dt=1.04166666666666665e-3
IMPLICIT_FEASIBLE_VELOCITY_PREDICTOR dt=1.04166666666666665e-3
IMPLICIT_FEASIBLE_VELOCITY_PREDICTOR dt=1.04166666666666665e-3
IMPLICIT_FEASIBLE_VELOCITY_PREDICTOR dt=1.04166666666666665e-3
IMPLICIT_FEASIBLE_VELOCITY_PREDICTOR dt=1.04166666666666665e-3
IMPLICIT_FEASIBLE_VELOCITY_PREDICTOR dt=1.04166666666666665e-3
IMPLICIT_FEASIBLE_VELOCITY_PREDICTOR dt=1.04166666666666665e-3
IMPLICIT_FEASIBLE_VELOCITY_PREDICTOR dt=1.04166666666666665e-3
IMPLICIT_FEASIBLE_VELOCITY_PREDICTOR dt=1.04166666666666665e-3
IMPLICIT_FEASIBLE_VELOCITY_PREDICTOR dt=1.04166666666666665e-3
IMPLICIT_FEASIBLE_VELOCITY_PREDICTOR dt=1.04166666666666665e-3
IMPLICIT_FEASIBLE_VELOCITY_PREDICTOR dt=1.04166666666666665e-3
IMPLICIT_FEASIBLE_VELOCITY_PREDICTOR dt=1.04166666666666665e-3
IMPLICIT_FEASIBLE_VELOCITY_PREDICTOR dt=1.04166666666666665e-3
IMPLICIT_FEASIBLE_VELOCITY_PREDICTOR dt=1.04166666666666665e-3
IMPLICIT_FEASIBLE_VELOCITY_PREDICTOR dt=1.04166666666666665e-3
IMPLICIT_FEASIBLE_VELOCITY_PREDICTOR dt=1.04166666666666665e-3
IMPLICIT_FEASIBLE_VELOCITY_PREDICTOR dt=1.04166666666666665e-3
IMPLICIT_FEASIBLE_VELOCITY_PREDICTOR dt=1.04166666666666665e-3
IMPLICIT_FEASIBLE_VELOCITY_PREDICTOR dt=1.04166666666666665e-3
IMPLICIT_FEASIBLE_VELOCITY_PREDICTOR dt=1.04166666666666665e-3
IMPLICIT_FEASIBLE_VELOCITY_PREDICTOR dt=1.04166666666666665e-3
IMPLICIT_FEASIBLE_VELOCITY_PREDICTOR dt=1.04166666666666665e-3
IMPLICIT_FEASIBLE_VELOCITY_PREDICTOR dt=1.04166666666666665e-3
IMPLICIT_FEASIBLE_VELOCITY_PREDICTOR dt=1.04166666666666665e-3
IMPLICIT_FEASIBLE_VELOCITY_PREDICTOR dt=1.04166666666666665e-3
IMPLICIT_FEASIBLE_VELOCITY_PREDICTOR dt=1.04166666666666665e-3
IMPLICIT_FEASIBLE_VELOCITY_PREDICTOR dt=1.04166666666666665e-3
IMPLICIT_FEASIBLE_VELOCITY_PREDICTOR dt=1.04166666666666665e-3
IMPLICIT_FEASIBLE_VELOCITY_PREDICTOR dt=1.04166666666666665e-3
IMPLICIT_FEASIBLE_VELOCITY_PREDICTOR dt=1.04166666666666665e-3
IMPLICIT_FEASIBLE_VELOCITY_PREDICTOR dt=1.04166666666666665e-3
IMPLICIT_FEASIBLE_VELOCITY_PREDICTOR dt=1.04166666666666665e-3
IMPLICIT_FEASIBLE_VELOCITY_PREDICTOR dt=1.04166666666666665e-3
IMPLICIT_FEASIBLE_VELOCITY_PREDICTOR dt=1.04166666666666665e-3
IMPLICIT_FEASIBLE_VELOCITY_PREDICTOR dt=1.04166666666666665e-3
IMPLICIT_FEASIBLE_VELOCITY_PREDICTOR dt=1.04166666666666665e-3
IMPLICIT_FEASIBLE_VELOCITY_PREDICTOR dt=1.04166666666666665e-3
IMPLICIT_FEASIBLE_VELOCITY_PREDICTOR dt=1.04166666666666665e-3
IMPLICIT_FEASIBLE_VELOCITY_PREDICTOR dt=1.04166666666666665e-3
IMPLICIT_FEASIBLE_VELOCITY_PREDICTOR dt=1.04166666666666665e-3
IMPLICIT_FEASIBLE_VELOCITY_PREDICTOR dt=1.04166666666666665e-3
IMPLICIT_FEASIBLE_VELOCITY_PREDICTOR dt=1.04166666666666665e-3
IMPLICIT_FEASIBLE_VELOCITY_PREDICTOR dt=1.04166666666666665e-3
IMPLICIT_FEASIBLE_VELOCITY_PREDICTOR dt=1.04166666666666665e-3
IMPLICIT_FEASIBLE_VELOCITY_PREDICTOR dt=1.04166666666666665e-3
IMPLICIT_FEASIBLE_VELOCITY_PREDICTOR dt=1.04166666666666665e-3
IMPLICIT_FEASIBLE_VELOCITY_PREDICTOR dt=1.04166666666666665e-3
IMPLICIT_FEASIBLE_VELOCITY_PREDICTOR dt=1.04166666666666665e-3
IMPLICIT_FEASIBLE_VELOCITY_PREDICTOR dt=1.04166666666666665e-3
IMPLICIT_FEASIBLE_VELOCITY_PREDICTOR dt=1.04166666666666665e-3
IMPLICIT_FEASIBLE_VELOCITY_PREDICTOR dt=1.04166666666666665e-3
IMPLICIT_FEASIBLE_VELOCITY_PREDICTOR dt=1.04166666666666665e-3
IMPLICIT_FEASIBLE_VELOCITY_PREDICTOR dt=1.04166666666666665e-3
IMPLICIT_FEASIBLE_VELOCITY_PREDICTOR dt=1.04166666666666665e-3
IMPLICIT_FEASIBLE_VELOCITY_PREDICTOR dt=1.04166666666666665e-3
IMPLICIT_FEASIBLE_VELOCITY_PREDICTOR dt=1.04166666666666665e-3
IMPLICIT_FEASIBLE_VELOCITY_PREDICTOR dt=1.04166666666666665e-3
IMPLICIT_FEASIBLE_VELOCITY_PREDICTOR dt=1.04166666666666665e-3
IMPLICIT_FEASIBLE_VELOCITY_PREDICTOR dt=1.04166666666666665e-3
IMPLICIT_FEASIBLE_VELOCITY_PREDICTOR dt=1.04166666666666665e-3
IMPLICIT_FEASIBLE_VELOCITY_PREDICTOR dt=1.04166666666666665e-3
IMPLICIT_FEASIBLE_VELOCITY_PREDICTOR dt=1.04166666666666665e-3
IMPLICIT_FEASIBLE_VELOCITY_PREDICTOR dt=1.04166666666666665e-3
IMPLICIT_FEASIBLE_VELOCITY_PREDICTOR dt=1.04166666666666665e-3
IMPLICIT_FEASIBLE_VELOCITY_PREDICTOR dt=1.04166666666666665e-3
IMPLICIT_FEASIBLE_VELOCITY_PREDICTOR dt=1.04166666666666665e-3
IMPLICIT_FEASIBLE_VELOCITY_PREDICTOR dt=1.04166666666666665e-3
IMPLICIT_FEASIBLE_VELOCITY_PREDICTOR dt=1.04166666666666665e-3
IMPLICIT_FEASIBLE_VELOCITY_PREDICTOR dt=1.04166666666666665e-3
IMPLICIT_FEASIBLE_VELOCITY_PREDICTOR dt=1.04166666666666665e-3
IMPLICIT_FEASIBLE_VELOCITY_PREDICTOR dt=1.04166666666666665e-3
IMPLICIT_FEASIBLE_VELOCITY_PREDICTOR dt=1.04166666666666665e-3
IMPLICIT_FEASIBLE_VELOCITY_PREDICTOR dt=1.04166666666666665e-3
IMPLICIT_FEASIBLE_VELOCITY_PREDICTOR dt=1.04166666666666665e-3
IMPLICIT_FEASIBLE_VELOCITY_PREDICTOR dt=1.04166666666666665e-3
IMPLICIT_FEASIBLE_VELOCITY_PREDICTOR dt=1.04166666666666665e-3
IMPLICIT_FEASIBLE_VELOCITY_PREDICTOR dt=1.04166666666666665e-3
IMPLICIT_FEASIBLE_VELOCITY_PREDICTOR dt=1.04166666666666665e-3
IMPLICIT_FEASIBLE_VELOCITY_PREDICTOR dt=1.04166666666666665e-3
IMPLICIT_FEASIBLE_VELOCITY_PREDICTOR dt=1.04166666666666665e-3
IMPLICIT_FEASIBLE_VELOCITY_PREDICTOR dt=1.04166666666666665e-3
IMPLICIT_FEASIBLE_VELOCITY_PREDICTOR dt=1.04166666666666665e-3
IMPLICIT_FEASIBLE_VELOCITY_PREDICTOR dt=1.04166666666666665e-3
IMPLICIT_FEASIBLE_VELOCITY_PREDICTOR dt=1.04166666666666665e-3
IMPLICIT_FEASIBLE_VELOCITY_PREDICTOR dt=1.04166666666666665e-3
IMPLICIT_FEASIBLE_VELOCITY_PREDICTOR dt=1.04166666666666665e-3
IMPLICIT_FEASIBLE_VELOCITY_PREDICTOR dt=1.04166666666666665e-3
IMPLICIT_FEASIBLE_VELOCITY_PREDICTOR dt=1.04166666666666665e-3
IMPLICIT_FEASIBLE_VELOCITY_PREDICTOR dt=1.04166666666666665e-3
IMPLICIT_FEASIBLE_VELOCITY_PREDICTOR dt=1.04166666666666665e-3
IMPLICIT_FEASIBLE_VELOCITY_PREDICTOR dt=1.04166666666666665e-3
IMPLICIT_FEASIBLE_VELOCITY_PREDICTOR dt=1.04166666666666665e-3
IMPLICIT_FEASIBLE_VELOCITY_PREDICTOR dt=1.04166666666666665e-3
IMPLICIT_FEASIBLE_VELOCITY_PREDICTOR dt=1.04166666666666665e-3
IMPLICIT_FEASIBLE_VELOCITY_PREDICTOR dt=1.04166666666666665e-3
IMPLICIT_FEASIBLE_VELOCITY_PREDICTOR dt=1.04166666666666665e-3
IMPLICIT_FEASIBLE_VELOCITY_PREDICTOR dt=1.04166666666666665e-3
WIDE_IMPORTED_CONTACT_COMMITTED step=24
IMPLICIT_FEASIBLE_VELOCITY_PREDICTOR dt=1.04166666666666665e-3
IMPLICIT_FEASIBLE_VELOCITY_PREDICTOR dt=1.04166666666666665e-3
IMPLICIT_FEASIBLE_VELOCITY_PREDICTOR dt=1.04166666666666665e-3
IMPLICIT_FEASIBLE_VELOCITY_PREDICTOR dt=1.04166666666666665e-3
IMPLICIT_FEASIBLE_VELOCITY_PREDICTOR dt=1.04166666666666665e-3
IMPLICIT_FEASIBLE_VELOCITY_PREDICTOR dt=1.04166666666666665e-3
IMPLICIT_FEASIBLE_VELOCITY_PREDICTOR dt=1.04166666666666665e-3
IMPLICIT_FEASIBLE_VELOCITY_PREDICTOR dt=1.04166666666666665e-3
IMPLICIT_FEASIBLE_VELOCITY_PREDICTOR dt=1.04166666666666665e-3
IMPLICIT_FEASIBLE_VELOCITY_PREDICTOR dt=1.04166666666666665e-3
IMPLICIT_FEASIBLE_VELOCITY_PREDICTOR dt=1.04166666666666665e-3
IMPLICIT_FEASIBLE_VELOCITY_PREDICTOR dt=1.04166666666666665e-3
IMPLICIT_FEASIBLE_VELOCITY_PREDICTOR dt=1.04166666666666665e-3
IMPLICIT_FEASIBLE_VELOCITY_PREDICTOR dt=1.04166666666666665e-3
IMPLICIT_FEASIBLE_VELOCITY_PREDICTOR dt=1.04166666666666665e-3
IMPLICIT_FEASIBLE_VELOCITY_PREDICTOR dt=1.04166666666666665e-3
IMPLICIT_FEASIBLE_VELOCITY_PREDICTOR dt=1.04166666666666665e-3
IMPLICIT_FEASIBLE_VELOCITY_PREDICTOR dt=1.04166666666666665e-3
IMPLICIT_FEASIBLE_VELOCITY_PREDICTOR dt=1.04166666666666665e-3
IMPLICIT_FEASIBLE_VELOCITY_PREDICTOR dt=1.04166666666666665e-3
IMPLICIT_FEASIBLE_VELOCITY_PREDICTOR dt=1.04166666666666665e-3
IMPLICIT_FEASIBLE_VELOCITY_PREDICTOR dt=1.04166666666666665e-3
IMPLICIT_FEASIBLE_VELOCITY_PREDICTOR dt=1.04166666666666665e-3
IMPLICIT_FEASIBLE_VELOCITY_PREDICTOR dt=1.04166666666666665e-3
IMPLICIT_FEASIBLE_VELOCITY_PREDICTOR dt=1.04166666666666665e-3
IMPLICIT_FEASIBLE_VELOCITY_PREDICTOR dt=1.04166666666666665e-3
IMPLICIT_FEASIBLE_VELOCITY_PREDICTOR dt=1.04166666666666665e-3
IMPLICIT_FEASIBLE_VELOCITY_PREDICTOR dt=1.04166666666666665e-3
IMPLICIT_FEASIBLE_VELOCITY_PREDICTOR dt=1.04166666666666665e-3
IMPLICIT_FEASIBLE_VELOCITY_PREDICTOR dt=1.04166666666666665e-3
IMPLICIT_FEASIBLE_VELOCITY_PREDICTOR dt=1.04166666666666665e-3
IMPLICIT_FEASIBLE_VELOCITY_PREDICTOR dt=1.04166666666666665e-3
IMPLICIT_FEASIBLE_VELOCITY_PREDICTOR dt=1.04166666666666665e-3
IMPLICIT_FEASIBLE_VELOCITY_PREDICTOR dt=1.04166666666666665e-3
IMPLICIT_FEASIBLE_VELOCITY_PREDICTOR dt=1.04166666666666665e-3
IMPLICIT_FEASIBLE_VELOCITY_PREDICTOR dt=1.04166666666666665e-3
IMPLICIT_FEASIBLE_VELOCITY_PREDICTOR dt=1.04166666666666665e-3
IMPLICIT_FEASIBLE_VELOCITY_PREDICTOR dt=1.04166666666666665e-3
IMPLICIT_FEASIBLE_VELOCITY_PREDICTOR dt=1.04166666666666665e-3
IMPLICIT_FEASIBLE_VELOCITY_PREDICTOR dt=1.04166666666666665e-3
IMPLICIT_FEASIBLE_VELOCITY_PREDICTOR dt=1.04166666666666665e-3
IMPLICIT_FEASIBLE_VELOCITY_PREDICTOR dt=1.04166666666666665e-3
IMPLICIT_FEASIBLE_VELOCITY_PREDICTOR dt=1.04166666666666665e-3
IMPLICIT_FEASIBLE_VELOCITY_PREDICTOR dt=1.04166666666666665e-3
IMPLICIT_FEASIBLE_VELOCITY_PREDICTOR dt=1.04166666666666665e-3
IMPLICIT_FEASIBLE_VELOCITY_PREDICTOR dt=1.04166666666666665e-3
IMPLICIT_FEASIBLE_VELOCITY_PREDICTOR dt=1.04166666666666665e-3
IMPLICIT_FEASIBLE_VELOCITY_PREDICTOR dt=1.04166666666666665e-3
IMPLICIT_FEASIBLE_VELOCITY_PREDICTOR dt=1.04166666666666665e-3
IMPLICIT_FEASIBLE_VELOCITY_PREDICTOR dt=1.04166666666666665e-3
IMPLICIT_FEASIBLE_VELOCITY_PREDICTOR dt=1.04166666666666665e-3
IMPLICIT_FEASIBLE_VELOCITY_PREDICTOR dt=1.04166666666666665e-3
IMPLICIT_FEASIBLE_VELOCITY_PREDICTOR dt=1.04166666666666665e-3
IMPLICIT_FEASIBLE_VELOCITY_PREDICTOR dt=1.04166666666666665e-3
IMPLICIT_FEASIBLE_VELOCITY_PREDICTOR dt=1.04166666666666665e-3
IMPLICIT_FEASIBLE_VELOCITY_PREDICTOR dt=1.04166666666666665e-3
IMPLICIT_FEASIBLE_VELOCITY_PREDICTOR dt=1.04166666666666665e-3
IMPLICIT_FEASIBLE_VELOCITY_PREDICTOR dt=1.04166666666666665e-3
IMPLICIT_FEASIBLE_VELOCITY_PREDICTOR dt=1.04166666666666665e-3
IMPLICIT_FEASIBLE_VELOCITY_PREDICTOR dt=1.04166666666666665e-3
IMPLICIT_FEASIBLE_VELOCITY_PREDICTOR dt=1.04166666666666665e-3
IMPLICIT_FEASIBLE_VELOCITY_PREDICTOR dt=1.04166666666666665e-3
IMPLICIT_FEASIBLE_VELOCITY_PREDICTOR dt=1.04166666666666665e-3
IMPLICIT_FEASIBLE_VELOCITY_PREDICTOR dt=1.04166666666666665e-3
IMPLICIT_FEASIBLE_VELOCITY_PREDICTOR dt=1.04166666666666665e-3
IMPLICIT_FEASIBLE_VELOCITY_PREDICTOR dt=1.04166666666666665e-3
IMPLICIT_FEASIBLE_VELOCITY_PREDICTOR dt=1.04166666666666665e-3
IMPLICIT_FEASIBLE_VELOCITY_PREDICTOR dt=1.04166666666666665e-3
IMPLICIT_FEASIBLE_VELOCITY_PREDICTOR dt=1.04166666666666665e-3
IMPLICIT_FEASIBLE_VELOCITY_PREDICTOR dt=1.04166666666666665e-3
IMPLICIT_FEASIBLE_VELOCITY_PREDICTOR dt=1.04166666666666665e-3
IMPLICIT_FEASIBLE_VELOCITY_PREDICTOR dt=1.04166666666666665e-3
IMPLICIT_FEASIBLE_VELOCITY_PREDICTOR dt=1.04166666666666665e-3
IMPLICIT_FEASIBLE_VELOCITY_PREDICTOR dt=1.04166666666666665e-3
IMPLICIT_FEASIBLE_VELOCITY_PREDICTOR dt=1.04166666666666665e-3
IMPLICIT_FEASIBLE_VELOCITY_PREDICTOR dt=1.04166666666666665e-3
IMPLICIT_FEASIBLE_VELOCITY_PREDICTOR dt=1.04166666666666665e-3
IMPLICIT_FEASIBLE_VELOCITY_PREDICTOR dt=1.04166666666666665e-3
IMPLICIT_FEASIBLE_VELOCITY_PREDICTOR dt=1.04166666666666665e-3
IMPLICIT_FEASIBLE_VELOCITY_PREDICTOR dt=1.04166666666666665e-3
IMPLICIT_FEASIBLE_VELOCITY_PREDICTOR dt=1.04166666666666665e-3
IMPLICIT_FEASIBLE_VELOCITY_PREDICTOR dt=1.04166666666666665e-3
IMPLICIT_FEASIBLE_VELOCITY_PREDICTOR dt=1.04166666666666665e-3
IMPLICIT_FEASIBLE_VELOCITY_PREDICTOR dt=1.04166666666666665e-3
IMPLICIT_FEASIBLE_VELOCITY_PREDICTOR dt=1.04166666666666665e-3
IMPLICIT_FEASIBLE_VELOCITY_PREDICTOR dt=1.04166666666666665e-3
IMPLICIT_FEASIBLE_VELOCITY_PREDICTOR dt=1.04166666666666665e-3
IMPLICIT_FEASIBLE_VELOCITY_PREDICTOR dt=1.04166666666666665e-3
IMPLICIT_FEASIBLE_VELOCITY_PREDICTOR dt=1.04166666666666665e-3
IMPLICIT_FEASIBLE_VELOCITY_PREDICTOR dt=1.04166666666666665e-3
IMPLICIT_FEASIBLE_VELOCITY_PREDICTOR dt=1.04166666666666665e-3
IMPLICIT_FEASIBLE_VELOCITY_PREDICTOR dt=1.04166666666666665e-3
IMPLICIT_FEASIBLE_VELOCITY_PREDICTOR dt=1.04166666666666665e-3
IMPLICIT_FEASIBLE_VELOCITY_PREDICTOR dt=1.04166666666666665e-3
IMPLICIT_FEASIBLE_VELOCITY_PREDICTOR dt=1.04166666666666665e-3
IMPLICIT_FEASIBLE_VELOCITY_PREDICTOR dt=1.04166666666666665e-3
IMPLICIT_FEASIBLE_VELOCITY_PREDICTOR dt=1.04166666666666665e-3
IMPLICIT_FEASIBLE_VELOCITY_PREDICTOR dt=1.04166666666666665e-3
IMPLICIT_FEASIBLE_VELOCITY_PREDICTOR dt=1.04166666666666665e-3
IMPLICIT_FEASIBLE_VELOCITY_PREDICTOR dt=1.04166666666666665e-3
IMPLICIT_FEASIBLE_VELOCITY_PREDICTOR dt=1.04166666666666665e-3
IMPLICIT_FEASIBLE_VELOCITY_PREDICTOR dt=1.04166666666666665e-3
IMPLICIT_FEASIBLE_VELOCITY_PREDICTOR dt=1.04166666666666665e-3
IMPLICIT_FEASIBLE_VELOCITY_PREDICTOR dt=1.04166666666666665e-3
IMPLICIT_FEASIBLE_VELOCITY_PREDICTOR dt=1.04166666666666665e-3
IMPLICIT_FEASIBLE_VELOCITY_PREDICTOR dt=1.04166666666666665e-3
IMPLICIT_FEASIBLE_VELOCITY_PREDICTOR dt=1.04166666666666665e-3
IMPLICIT_FEASIBLE_VELOCITY_PREDICTOR dt=1.04166666666666665e-3
IMPLICIT_FEASIBLE_VELOCITY_PREDICTOR dt=1.04166666666666665e-3
IMPLICIT_FEASIBLE_VELOCITY_PREDICTOR dt=1.04166666666666665e-3
IMPLICIT_FEASIBLE_VELOCITY_PREDICTOR dt=1.04166666666666665e-3
IMPLICIT_FEASIBLE_VELOCITY_PREDICTOR dt=1.04166666666666665e-3
IMPLICIT_FEASIBLE_VELOCITY_PREDICTOR dt=1.04166666666666665e-3
IMPLICIT_FEASIBLE_VELOCITY_PREDICTOR dt=1.04166666666666665e-3
IMPLICIT_FEASIBLE_VELOCITY_PREDICTOR dt=1.04166666666666665e-3
IMPLICIT_FEASIBLE_VELOCITY_PREDICTOR dt=1.04166666666666665e-3
IMPLICIT_FEASIBLE_VELOCITY_PREDICTOR dt=1.04166666666666665e-3
IMPLICIT_FEASIBLE_VELOCITY_PREDICTOR dt=1.04166666666666665e-3
IMPLICIT_FEASIBLE_VELOCITY_PREDICTOR dt=1.04166666666666665e-3
IMPLICIT_FEASIBLE_VELOCITY_PREDICTOR dt=1.04166666666666665e-3
IMPLICIT_FEASIBLE_VELOCITY_PREDICTOR dt=1.04166666666666665e-3
IMPLICIT_FEASIBLE_VELOCITY_PREDICTOR dt=1.04166666666666665e-3
IMPLICIT_FEASIBLE_VELOCITY_PREDICTOR dt=1.04166666666666665e-3
IMPLICIT_FEASIBLE_VELOCITY_PREDICTOR dt=1.04166666666666665e-3
IMPLICIT_FEASIBLE_VELOCITY_PREDICTOR dt=1.04166666666666665e-3
IMPLICIT_FEASIBLE_VELOCITY_PREDICTOR dt=1.04166666666666665e-3
IMPLICIT_FEASIBLE_VELOCITY_PREDICTOR dt=1.04166666666666665e-3
IMPLICIT_FEASIBLE_VELOCITY_PREDICTOR dt=1.04166666666666665e-3
IMPLICIT_FEASIBLE_VELOCITY_PREDICTOR dt=1.04166666666666665e-3
IMPLICIT_FEASIBLE_VELOCITY_PREDICTOR dt=1.04166666666666665e-3
IMPLICIT_FEASIBLE_VELOCITY_PREDICTOR dt=1.04166666666666665e-3
IMPLICIT_FEASIBLE_VELOCITY_PREDICTOR dt=1.04166666666666665e-3
IMPLICIT_FEASIBLE_VELOCITY_PREDICTOR dt=1.04166666666666665e-3
IMPLICIT_FEASIBLE_VELOCITY_PREDICTOR dt=1.04166666666666665e-3
IMPLICIT_FEASIBLE_VELOCITY_PREDICTOR dt=1.04166666666666665e-3
IMPLICIT_FEASIBLE_VELOCITY_PREDICTOR dt=1.04166666666666665e-3
IMPLICIT_FEASIBLE_VELOCITY_PREDICTOR dt=1.04166666666666665e-3
IMPLICIT_FEASIBLE_VELOCITY_PREDICTOR dt=1.04166666666666665e-3
IMPLICIT_FEASIBLE_VELOCITY_PREDICTOR dt=1.04166666666666665e-3
IMPLICIT_FEASIBLE_VELOCITY_PREDICTOR dt=1.04166666666666665e-3
IMPLICIT_FEASIBLE_VELOCITY_PREDICTOR dt=1.04166666666666665e-3
IMPLICIT_FEASIBLE_VELOCITY_PREDICTOR dt=1.04166666666666665e-3
IMPLICIT_FEASIBLE_VELOCITY_PREDICTOR dt=1.04166666666666665e-3
IMPLICIT_FEASIBLE_VELOCITY_PREDICTOR dt=1.04166666666666665e-3
IMPLICIT_FEASIBLE_VELOCITY_PREDICTOR dt=1.04166666666666665e-3
IMPLICIT_FEASIBLE_VELOCITY_PREDICTOR dt=1.04166666666666665e-3
IMPLICIT_FEASIBLE_VELOCITY_PREDICTOR dt=1.04166666666666665e-3
IMPLICIT_FEASIBLE_VELOCITY_PREDICTOR dt=1.04166666666666665e-3
IMPLICIT_FEASIBLE_VELOCITY_PREDICTOR dt=1.04166666666666665e-3
IMPLICIT_FEASIBLE_VELOCITY_PREDICTOR dt=1.04166666666666665e-3
IMPLICIT_FEASIBLE_VELOCITY_PREDICTOR dt=1.04166666666666665e-3
IMPLICIT_FEASIBLE_VELOCITY_PREDICTOR dt=1.04166666666666665e-3
IMPLICIT_FEASIBLE_VELOCITY_PREDICTOR dt=1.04166666666666665e-3
IMPLICIT_FEASIBLE_VELOCITY_PREDICTOR dt=1.04166666666666665e-3
IMPLICIT_FEASIBLE_VELOCITY_PREDICTOR dt=1.04166666666666665e-3
IMPLICIT_FEASIBLE_VELOCITY_PREDICTOR dt=1.04166666666666665e-3
IMPLICIT_FEASIBLE_VELOCITY_PREDICTOR dt=1.04166666666666665e-3
IMPLICIT_FEASIBLE_VELOCITY_PREDICTOR dt=1.04166666666666665e-3
IMPLICIT_FEASIBLE_VELOCITY_PREDICTOR dt=1.04166666666666665e-3
IMPLICIT_FEASIBLE_VELOCITY_PREDICTOR dt=1.04166666666666665e-3
IMPLICIT_FEASIBLE_VELOCITY_PREDICTOR dt=1.04166666666666665e-3
IMPLICIT_FEASIBLE_VELOCITY_PREDICTOR dt=1.04166666666666665e-3
IMPLICIT_FEASIBLE_VELOCITY_PREDICTOR dt=1.04166666666666665e-3
IMPLICIT_FEASIBLE_VELOCITY_PREDICTOR dt=1.04166666666666665e-3
IMPLICIT_FEASIBLE_VELOCITY_PREDICTOR dt=1.04166666666666665e-3
IMPLICIT_FEASIBLE_VELOCITY_PREDICTOR dt=1.04166666666666665e-3
IMPLICIT_FEASIBLE_VELOCITY_PREDICTOR dt=1.04166666666666665e-3
IMPLICIT_FEASIBLE_VELOCITY_PREDICTOR dt=1.04166666666666665e-3
IMPLICIT_FEASIBLE_VELOCITY_PREDICTOR dt=1.04166666666666665e-3
IMPLICIT_FEASIBLE_VELOCITY_PREDICTOR dt=1.04166666666666665e-3
IMPLICIT_FEASIBLE_VELOCITY_PREDICTOR dt=1.04166666666666665e-3
IMPLICIT_FEASIBLE_VELOCITY_PREDICTOR dt=1.04166666666666665e-3
IMPLICIT_FEASIBLE_VELOCITY_PREDICTOR dt=1.04166666666666665e-3
IMPLICIT_FEASIBLE_VELOCITY_PREDICTOR dt=1.04166666666666665e-3
IMPLICIT_FEASIBLE_VELOCITY_PREDICTOR dt=1.04166666666666665e-3
IMPLICIT_FEASIBLE_VELOCITY_PREDICTOR dt=1.04166666666666665e-3
IMPLICIT_FEASIBLE_VELOCITY_PREDICTOR dt=1.04166666666666665e-3
IMPLICIT_FEASIBLE_VELOCITY_PREDICTOR dt=1.04166666666666665e-3
IMPLICIT_FEASIBLE_VELOCITY_PREDICTOR dt=1.04166666666666665e-3
IMPLICIT_FEASIBLE_VELOCITY_PREDICTOR dt=1.04166666666666665e-3
IMPLICIT_FEASIBLE_VELOCITY_PREDICTOR dt=1.04166666666666665e-3
IMPLICIT_FEASIBLE_VELOCITY_PREDICTOR dt=1.04166666666666665e-3
IMPLICIT_FEASIBLE_VELOCITY_PREDICTOR dt=1.04166666666666665e-3
IMPLICIT_FEASIBLE_VELOCITY_PREDICTOR dt=1.04166666666666665e-3
IMPLICIT_FEASIBLE_VELOCITY_PREDICTOR dt=1.04166666666666665e-3
IMPLICIT_FEASIBLE_VELOCITY_PREDICTOR dt=1.04166666666666665e-3
IMPLICIT_FEASIBLE_VELOCITY_PREDICTOR dt=1.04166666666666665e-3
IMPLICIT_FEASIBLE_VELOCITY_PREDICTOR dt=1.04166666666666665e-3
IMPLICIT_FEASIBLE_VELOCITY_PREDICTOR dt=1.04166666666666665e-3
IMPLICIT_FEASIBLE_VELOCITY_PREDICTOR dt=1.04166666666666665e-3
IMPLICIT_FEASIBLE_VELOCITY_PREDICTOR dt=1.04166666666666665e-3
IMPLICIT_FEASIBLE_VELOCITY_PREDICTOR dt=1.04166666666666665e-3
WIDE_IMPORTED_CONTACT_COMMITTED step=36
IMPLICIT_FEASIBLE_VELOCITY_PREDICTOR dt=1.04166666666666665e-3
IMPLICIT_FEASIBLE_VELOCITY_PREDICTOR dt=1.04166666666666665e-3
IMPLICIT_FEASIBLE_VELOCITY_PREDICTOR dt=1.04166666666666665e-3
IMPLICIT_FEASIBLE_VELOCITY_PREDICTOR dt=1.04166666666666665e-3
IMPLICIT_FEASIBLE_VELOCITY_PREDICTOR dt=1.04166666666666665e-3
IMPLICIT_FEASIBLE_VELOCITY_PREDICTOR dt=1.04166666666666665e-3
IMPLICIT_FEASIBLE_VELOCITY_PREDICTOR dt=1.04166666666666665e-3
IMPLICIT_FEASIBLE_VELOCITY_PREDICTOR dt=1.04166666666666665e-3
IMPLICIT_FEASIBLE_VELOCITY_PREDICTOR dt=1.04166666666666665e-3
IMPLICIT_FEASIBLE_VELOCITY_PREDICTOR dt=1.04166666666666665e-3
IMPLICIT_FEASIBLE_VELOCITY_PREDICTOR dt=1.04166666666666665e-3
IMPLICIT_FEASIBLE_VELOCITY_PREDICTOR dt=1.04166666666666665e-3
IMPLICIT_FEASIBLE_VELOCITY_PREDICTOR dt=1.04166666666666665e-3
IMPLICIT_FEASIBLE_VELOCITY_PREDICTOR dt=1.04166666666666665e-3
IMPLICIT_FEASIBLE_VELOCITY_PREDICTOR dt=1.04166666666666665e-3
IMPLICIT_FEASIBLE_VELOCITY_PREDICTOR dt=1.04166666666666665e-3
IMPLICIT_FEASIBLE_VELOCITY_PREDICTOR dt=1.04166666666666665e-3
IMPLICIT_FEASIBLE_VELOCITY_PREDICTOR dt=1.04166666666666665e-3
IMPLICIT_FEASIBLE_VELOCITY_PREDICTOR dt=1.04166666666666665e-3
IMPLICIT_FEASIBLE_VELOCITY_PREDICTOR dt=1.04166666666666665e-3
IMPLICIT_FEASIBLE_VELOCITY_PREDICTOR dt=1.04166666666666665e-3
IMPLICIT_FEASIBLE_VELOCITY_PREDICTOR dt=1.04166666666666665e-3
IMPLICIT_FEASIBLE_VELOCITY_PREDICTOR dt=1.04166666666666665e-3
IMPLICIT_FEASIBLE_VELOCITY_PREDICTOR dt=1.04166666666666665e-3
IMPLICIT_FEASIBLE_VELOCITY_PREDICTOR dt=1.04166666666666665e-3
IMPLICIT_FEASIBLE_VELOCITY_PREDICTOR dt=1.04166666666666665e-3
IMPLICIT_FEASIBLE_VELOCITY_PREDICTOR dt=1.04166666666666665e-3
IMPLICIT_FEASIBLE_VELOCITY_PREDICTOR dt=1.04166666666666665e-3
IMPLICIT_FEASIBLE_VELOCITY_PREDICTOR dt=1.04166666666666665e-3
IMPLICIT_FEASIBLE_VELOCITY_PREDICTOR dt=1.04166666666666665e-3
IMPLICIT_FEASIBLE_VELOCITY_PREDICTOR dt=1.04166666666666665e-3
IMPLICIT_FEASIBLE_VELOCITY_PREDICTOR dt=1.04166666666666665e-3
IMPLICIT_FEASIBLE_VELOCITY_PREDICTOR dt=1.04166666666666665e-3
IMPLICIT_FEASIBLE_VELOCITY_PREDICTOR dt=1.04166666666666665e-3
IMPLICIT_FEASIBLE_VELOCITY_PREDICTOR dt=1.04166666666666665e-3
IMPLICIT_FEASIBLE_VELOCITY_PREDICTOR dt=1.04166666666666665e-3
IMPLICIT_FEASIBLE_VELOCITY_PREDICTOR dt=1.04166666666666665e-3
IMPLICIT_FEASIBLE_VELOCITY_PREDICTOR dt=1.04166666666666665e-3
IMPLICIT_FEASIBLE_VELOCITY_PREDICTOR dt=1.04166666666666665e-3
IMPLICIT_FEASIBLE_VELOCITY_PREDICTOR dt=1.04166666666666665e-3
IMPLICIT_FEASIBLE_VELOCITY_PREDICTOR dt=1.04166666666666665e-3
IMPLICIT_FEASIBLE_VELOCITY_PREDICTOR dt=1.04166666666666665e-3
IMPLICIT_FEASIBLE_VELOCITY_PREDICTOR dt=1.04166666666666665e-3
IMPLICIT_FEASIBLE_VELOCITY_PREDICTOR dt=1.04166666666666665e-3
IMPLICIT_FEASIBLE_VELOCITY_PREDICTOR dt=1.04166666666666665e-3
IMPLICIT_FEASIBLE_VELOCITY_PREDICTOR dt=1.04166666666666665e-3
IMPLICIT_FEASIBLE_VELOCITY_PREDICTOR dt=1.04166666666666665e-3
IMPLICIT_FEASIBLE_VELOCITY_PREDICTOR dt=1.04166666666666665e-3
IMPLICIT_FEASIBLE_VELOCITY_PREDICTOR dt=1.04166666666666665e-3
IMPLICIT_FEASIBLE_VELOCITY_PREDICTOR dt=1.04166666666666665e-3
IMPLICIT_FEASIBLE_VELOCITY_PREDICTOR dt=1.04166666666666665e-3
IMPLICIT_FEASIBLE_VELOCITY_PREDICTOR dt=1.04166666666666665e-3
IMPLICIT_FEASIBLE_VELOCITY_PREDICTOR dt=1.04166666666666665e-3
IMPLICIT_FEASIBLE_VELOCITY_PREDICTOR dt=1.04166666666666665e-3
IMPLICIT_FEASIBLE_VELOCITY_PREDICTOR dt=1.04166666666666665e-3
IMPLICIT_FEASIBLE_VELOCITY_PREDICTOR dt=1.04166666666666665e-3
IMPLICIT_FEASIBLE_VELOCITY_PREDICTOR dt=1.04166666666666665e-3
IMPLICIT_FEASIBLE_VELOCITY_PREDICTOR dt=1.04166666666666665e-3
IMPLICIT_FEASIBLE_VELOCITY_PREDICTOR dt=1.04166666666666665e-3
IMPLICIT_FEASIBLE_VELOCITY_PREDICTOR dt=1.04166666666666665e-3
IMPLICIT_FEASIBLE_VELOCITY_PREDICTOR dt=1.04166666666666665e-3
IMPLICIT_FEASIBLE_VELOCITY_PREDICTOR dt=1.04166666666666665e-3
IMPLICIT_FEASIBLE_VELOCITY_PREDICTOR dt=1.04166666666666665e-3
IMPLICIT_FEASIBLE_VELOCITY_PREDICTOR dt=1.04166666666666665e-3
IMPLICIT_FEASIBLE_VELOCITY_PREDICTOR dt=1.04166666666666665e-3
IMPLICIT_FEASIBLE_VELOCITY_PREDICTOR dt=1.04166666666666665e-3
IMPLICIT_FEASIBLE_VELOCITY_PREDICTOR dt=1.04166666666666665e-3
IMPLICIT_FEASIBLE_VELOCITY_PREDICTOR dt=1.04166666666666665e-3
IMPLICIT_FEASIBLE_VELOCITY_PREDICTOR dt=1.04166666666666665e-3
IMPLICIT_FEASIBLE_VELOCITY_PREDICTOR dt=1.04166666666666665e-3
IMPLICIT_FEASIBLE_VELOCITY_PREDICTOR dt=1.04166666666666665e-3
IMPLICIT_FEASIBLE_VELOCITY_PREDICTOR dt=1.04166666666666665e-3
IMPLICIT_FEASIBLE_VELOCITY_PREDICTOR dt=1.04166666666666665e-3
IMPLICIT_FEASIBLE_VELOCITY_PREDICTOR dt=1.04166666666666665e-3
IMPLICIT_FEASIBLE_VELOCITY_PREDICTOR dt=1.04166666666666665e-3
IMPLICIT_FEASIBLE_VELOCITY_PREDICTOR dt=1.04166666666666665e-3
IMPLICIT_FEASIBLE_VELOCITY_PREDICTOR dt=1.04166666666666665e-3
IMPLICIT_FEASIBLE_VELOCITY_PREDICTOR dt=1.04166666666666665e-3
IMPLICIT_FEASIBLE_VELOCITY_PREDICTOR dt=1.04166666666666665e-3
IMPLICIT_FEASIBLE_VELOCITY_PREDICTOR dt=1.04166666666666665e-3
IMPLICIT_FEASIBLE_VELOCITY_PREDICTOR dt=1.04166666666666665e-3
IMPLICIT_FEASIBLE_VELOCITY_PREDICTOR dt=1.04166666666666665e-3
IMPLICIT_FEASIBLE_VELOCITY_PREDICTOR dt=1.04166666666666665e-3
IMPLICIT_FEASIBLE_VELOCITY_PREDICTOR dt=1.04166666666666665e-3
IMPLICIT_FEASIBLE_VELOCITY_PREDICTOR dt=1.04166666666666665e-3
IMPLICIT_FEASIBLE_VELOCITY_PREDICTOR dt=1.04166666666666665e-3
IMPLICIT_FEASIBLE_VELOCITY_PREDICTOR dt=1.04166666666666665e-3
IMPLICIT_FEASIBLE_VELOCITY_PREDICTOR dt=1.04166666666666665e-3
IMPLICIT_FEASIBLE_VELOCITY_PREDICTOR dt=1.04166666666666665e-3
IMPLICIT_FEASIBLE_VELOCITY_PREDICTOR dt=1.04166666666666665e-3
IMPLICIT_FEASIBLE_VELOCITY_PREDICTOR dt=1.04166666666666665e-3
IMPLICIT_FEASIBLE_VELOCITY_PREDICTOR dt=1.04166666666666665e-3
IMPLICIT_FEASIBLE_VELOCITY_PREDICTOR dt=1.04166666666666665e-3
IMPLICIT_FEASIBLE_VELOCITY_PREDICTOR dt=1.04166666666666665e-3
IMPLICIT_FEASIBLE_VELOCITY_PREDICTOR dt=1.04166666666666665e-3
IMPLICIT_FEASIBLE_VELOCITY_PREDICTOR dt=1.04166666666666665e-3
IMPLICIT_FEASIBLE_VELOCITY_PREDICTOR dt=1.04166666666666665e-3
IMPLICIT_FEASIBLE_VELOCITY_PREDICTOR dt=1.04166666666666665e-3
IMPLICIT_FEASIBLE_VELOCITY_PREDICTOR dt=1.04166666666666665e-3
IMPLICIT_FEASIBLE_VELOCITY_PREDICTOR dt=1.04166666666666665e-3
IMPLICIT_FEASIBLE_VELOCITY_PREDICTOR dt=1.04166666666666665e-3
IMPLICIT_FEASIBLE_VELOCITY_PREDICTOR dt=1.04166666666666665e-3
IMPLICIT_FEASIBLE_VELOCITY_PREDICTOR dt=1.04166666666666665e-3
IMPLICIT_FEASIBLE_VELOCITY_PREDICTOR dt=1.04166666666666665e-3
IMPLICIT_FEASIBLE_VELOCITY_PREDICTOR dt=1.04166666666666665e-3
IMPLICIT_FEASIBLE_VELOCITY_PREDICTOR dt=1.04166666666666665e-3
IMPLICIT_FEASIBLE_VELOCITY_PREDICTOR dt=1.04166666666666665e-3
IMPLICIT_FEASIBLE_VELOCITY_PREDICTOR dt=1.04166666666666665e-3
IMPLICIT_FEASIBLE_VELOCITY_PREDICTOR dt=1.04166666666666665e-3
IMPLICIT_FEASIBLE_VELOCITY_PREDICTOR dt=1.04166666666666665e-3
IMPLICIT_FEASIBLE_VELOCITY_PREDICTOR dt=1.04166666666666665e-3
IMPLICIT_FEASIBLE_VELOCITY_PREDICTOR dt=1.04166666666666665e-3
IMPLICIT_FEASIBLE_VELOCITY_PREDICTOR dt=1.04166666666666665e-3
IMPLICIT_FEASIBLE_VELOCITY_PREDICTOR dt=1.04166666666666665e-3
IMPLICIT_FEASIBLE_VELOCITY_PREDICTOR dt=1.04166666666666665e-3
IMPLICIT_FEASIBLE_VELOCITY_PREDICTOR dt=1.04166666666666665e-3
IMPLICIT_FEASIBLE_VELOCITY_PREDICTOR dt=1.04166666666666665e-3
IMPLICIT_FEASIBLE_VELOCITY_PREDICTOR dt=1.04166666666666665e-3
IMPLICIT_FEASIBLE_VELOCITY_PREDICTOR dt=1.04166666666666665e-3
IMPLICIT_FEASIBLE_VELOCITY_PREDICTOR dt=1.04166666666666665e-3
IMPLICIT_FEASIBLE_VELOCITY_PREDICTOR dt=1.04166666666666665e-3
IMPLICIT_FEASIBLE_VELOCITY_PREDICTOR dt=1.04166666666666665e-3
IMPLICIT_FEASIBLE_VELOCITY_PREDICTOR dt=1.04166666666666665e-3
IMPLICIT_FEASIBLE_VELOCITY_PREDICTOR dt=1.04166666666666665e-3
IMPLICIT_FEASIBLE_VELOCITY_PREDICTOR dt=1.04166666666666665e-3
IMPLICIT_FEASIBLE_VELOCITY_PREDICTOR dt=1.04166666666666665e-3
IMPLICIT_FEASIBLE_VELOCITY_PREDICTOR dt=1.04166666666666665e-3
IMPLICIT_FEASIBLE_VELOCITY_PREDICTOR dt=1.04166666666666665e-3
IMPLICIT_FEASIBLE_VELOCITY_PREDICTOR dt=1.04166666666666665e-3
IMPLICIT_FEASIBLE_VELOCITY_PREDICTOR dt=1.04166666666666665e-3
IMPLICIT_FEASIBLE_VELOCITY_PREDICTOR dt=1.04166666666666665e-3
IMPLICIT_FEASIBLE_VELOCITY_PREDICTOR dt=1.04166666666666665e-3
IMPLICIT_FEASIBLE_VELOCITY_PREDICTOR dt=1.04166666666666665e-3
IMPLICIT_FEASIBLE_VELOCITY_PREDICTOR dt=1.04166666666666665e-3
IMPLICIT_FEASIBLE_VELOCITY_PREDICTOR dt=1.04166666666666665e-3
IMPLICIT_FEASIBLE_VELOCITY_PREDICTOR dt=1.04166666666666665e-3
IMPLICIT_FEASIBLE_VELOCITY_PREDICTOR dt=1.04166666666666665e-3
IMPLICIT_FEASIBLE_VELOCITY_PREDICTOR dt=1.04166666666666665e-3
IMPLICIT_FEASIBLE_VELOCITY_PREDICTOR dt=1.04166666666666665e-3
IMPLICIT_FEASIBLE_VELOCITY_PREDICTOR dt=1.04166666666666665e-3
IMPLICIT_FEASIBLE_VELOCITY_PREDICTOR dt=1.04166666666666665e-3
IMPLICIT_FEASIBLE_VELOCITY_PREDICTOR dt=1.04166666666666665e-3
IMPLICIT_FEASIBLE_VELOCITY_PREDICTOR dt=1.04166666666666665e-3
IMPLICIT_FEASIBLE_VELOCITY_PREDICTOR dt=1.04166666666666665e-3
IMPLICIT_FEASIBLE_VELOCITY_PREDICTOR dt=1.04166666666666665e-3
IMPLICIT_FEASIBLE_VELOCITY_PREDICTOR dt=1.04166666666666665e-3
IMPLICIT_FEASIBLE_VELOCITY_PREDICTOR dt=1.04166666666666665e-3
IMPLICIT_FEASIBLE_VELOCITY_PREDICTOR dt=1.04166666666666665e-3
IMPLICIT_FEASIBLE_VELOCITY_PREDICTOR dt=1.04166666666666665e-3
IMPLICIT_FEASIBLE_VELOCITY_PREDICTOR dt=1.04166666666666665e-3
IMPLICIT_FEASIBLE_VELOCITY_PREDICTOR dt=1.04166666666666665e-3
IMPLICIT_FEASIBLE_VELOCITY_PREDICTOR dt=1.04166666666666665e-3
IMPLICIT_FEASIBLE_VELOCITY_PREDICTOR dt=1.04166666666666665e-3
IMPLICIT_FEASIBLE_VELOCITY_PREDICTOR dt=1.04166666666666665e-3
IMPLICIT_FEASIBLE_VELOCITY_PREDICTOR dt=1.04166666666666665e-3
IMPLICIT_FEASIBLE_VELOCITY_PREDICTOR dt=1.04166666666666665e-3
IMPLICIT_FEASIBLE_VELOCITY_PREDICTOR dt=1.04166666666666665e-3
IMPLICIT_FEASIBLE_VELOCITY_PREDICTOR dt=1.04166666666666665e-3
IMPLICIT_FEASIBLE_VELOCITY_PREDICTOR dt=1.04166666666666665e-3
IMPLICIT_FEASIBLE_VELOCITY_PREDICTOR dt=1.04166666666666665e-3
IMPLICIT_FEASIBLE_VELOCITY_PREDICTOR dt=1.04166666666666665e-3
IMPLICIT_FEASIBLE_VELOCITY_PREDICTOR dt=1.04166666666666665e-3
IMPLICIT_FEASIBLE_VELOCITY_PREDICTOR dt=1.04166666666666665e-3
IMPLICIT_FEASIBLE_VELOCITY_PREDICTOR dt=1.04166666666666665e-3
IMPLICIT_FEASIBLE_VELOCITY_PREDICTOR dt=1.04166666666666665e-3
IMPLICIT_FEASIBLE_VELOCITY_PREDICTOR dt=1.04166666666666665e-3
IMPLICIT_FEASIBLE_VELOCITY_PREDICTOR dt=1.04166666666666665e-3
IMPLICIT_FEASIBLE_VELOCITY_PREDICTOR dt=1.04166666666666665e-3
IMPLICIT_FEASIBLE_VELOCITY_PREDICTOR dt=1.04166666666666665e-3
IMPLICIT_FEASIBLE_VELOCITY_PREDICTOR dt=1.04166666666666665e-3
IMPLICIT_FEASIBLE_VELOCITY_PREDICTOR dt=1.04166666666666665e-3
IMPLICIT_FEASIBLE_VELOCITY_PREDICTOR dt=1.04166666666666665e-3
IMPLICIT_FEASIBLE_VELOCITY_PREDICTOR dt=1.04166666666666665e-3
IMPLICIT_FEASIBLE_VELOCITY_PREDICTOR dt=1.04166666666666665e-3
IMPLICIT_FEASIBLE_VELOCITY_PREDICTOR dt=1.04166666666666665e-3
IMPLICIT_FEASIBLE_VELOCITY_PREDICTOR dt=1.04166666666666665e-3
IMPLICIT_FEASIBLE_VELOCITY_PREDICTOR dt=1.04166666666666665e-3
IMPLICIT_FEASIBLE_VELOCITY_PREDICTOR dt=1.04166666666666665e-3
IMPLICIT_FEASIBLE_VELOCITY_PREDICTOR dt=1.04166666666666665e-3
IMPLICIT_FEASIBLE_VELOCITY_PREDICTOR dt=1.04166666666666665e-3
IMPLICIT_FEASIBLE_VELOCITY_PREDICTOR dt=1.04166666666666665e-3
IMPLICIT_FEASIBLE_VELOCITY_PREDICTOR dt=1.04166666666666665e-3
IMPLICIT_FEASIBLE_VELOCITY_PREDICTOR dt=1.04166666666666665e-3
IMPLICIT_FEASIBLE_VELOCITY_PREDICTOR dt=1.04166666666666665e-3
IMPLICIT_FEASIBLE_VELOCITY_PREDICTOR dt=1.04166666666666665e-3
IMPLICIT_FEASIBLE_VELOCITY_PREDICTOR dt=1.04166666666666665e-3
IMPLICIT_FEASIBLE_VELOCITY_PREDICTOR dt=1.04166666666666665e-3
IMPLICIT_FEASIBLE_VELOCITY_PREDICTOR dt=1.04166666666666665e-3
IMPLICIT_FEASIBLE_VELOCITY_PREDICTOR dt=1.04166666666666665e-3
IMPLICIT_FEASIBLE_VELOCITY_PREDICTOR dt=1.04166666666666665e-3
IMPLICIT_FEASIBLE_VELOCITY_PREDICTOR dt=1.04166666666666665e-3
IMPLICIT_FEASIBLE_VELOCITY_PREDICTOR dt=1.04166666666666665e-3
IMPLICIT_WORK_COMPONENTS origin=[-0.08609080705290084, 0.5931805338012843, -0.10129882841027062] dt=1.04166666666666665e-3 non_surface_potential_defect_j=6.15826833971766519e-17 prescribed_surface_defect_j=1.77715748032446913e-6 kinematic_defect_j=8.48961486775330011e-11 arithmetic_remainder_j=1.05411662099021575e-16
IMPLICIT_WORK_REJECTION dt=1.04166666666666665e-3 defect_j=1.77724237664014101e-6 budget_j=1.25000000000000010e-6 maximum_kinematic_residual_m=1.89612938997457507e-11
IMPLICIT_QUADRATURE_RETRY attempt=0 panels=2 reason="implicit contact work defect"
IMPLICIT_FEASIBLE_VELOCITY_PREDICTOR dt=1.04166666666666665e-3
WIDE_IMPORTED_CONTACT_COMMITTED step=48
IMPLICIT_FEASIBLE_VELOCITY_PREDICTOR dt=1.04166666666666665e-3
IMPLICIT_FEASIBLE_VELOCITY_PREDICTOR dt=1.04166666666666665e-3
IMPLICIT_FEASIBLE_VELOCITY_PREDICTOR dt=1.04166666666666665e-3
IMPLICIT_FEASIBLE_VELOCITY_PREDICTOR dt=1.04166666666666665e-3
IMPLICIT_FEASIBLE_VELOCITY_PREDICTOR dt=1.04166666666666665e-3
IMPLICIT_FEASIBLE_VELOCITY_PREDICTOR dt=1.04166666666666665e-3
IMPLICIT_FEASIBLE_VELOCITY_PREDICTOR dt=1.04166666666666665e-3
IMPLICIT_FEASIBLE_VELOCITY_PREDICTOR dt=1.04166666666666665e-3
IMPLICIT_FEASIBLE_VELOCITY_PREDICTOR dt=1.04166666666666665e-3
IMPLICIT_FEASIBLE_VELOCITY_PREDICTOR dt=1.04166666666666665e-3
IMPLICIT_FEASIBLE_VELOCITY_PREDICTOR dt=1.04166666666666665e-3
IMPLICIT_FEASIBLE_VELOCITY_PREDICTOR dt=1.04166666666666665e-3
IMPLICIT_LINE_SEARCH_REJECTION iteration=27 dt=1.04166666666666665e-3 weighted_residual_j=8.78843208298384221e-2 residual_budget_j=9.99999999999999980e-13 slope_j=-8.84333767014355565e-2 objective_noise_j=4.32340806122306996e-12 alpha=3.55271367880050093e-15 gap_trials=48 volume_trials=48 safe_trials=0 objective_trials=0 smallest_objective_change_j=inf smallest_trial_norm_j=inf
IMPLICIT_QUADRATURE_RETRY attempt=0 panels=2 reason="implicit contact path quadrature refinement"
IMPLICIT_LINE_SEARCH_REJECTION iteration=20 dt=1.04166666666666665e-3 weighted_residual_j=8.97248834609081364e-2 residual_budget_j=9.99999999999999980e-13 slope_j=-9.86772158546429523e-2 objective_noise_j=4.38222750410773547e-12 alpha=3.55271367880050093e-15 gap_trials=48 volume_trials=48 safe_trials=0 objective_trials=0 smallest_objective_change_j=inf smallest_trial_norm_j=inf
IMPLICIT_QUADRATURE_RETRY attempt=1 panels=3 reason="implicit contact path quadrature refinement"
IMPLICIT_LINE_SEARCH_REJECTION iteration=40 dt=1.04166666666666665e-3 weighted_residual_j=2.86803087044129341e-3 residual_budget_j=9.99999999999999980e-13 slope_j=-5.87280408421845526e-4 objective_noise_j=4.35981553782640408e-12 alpha=3.55271367880050093e-15 gap_trials=48 volume_trials=48 safe_trials=0 objective_trials=0 smallest_objective_change_j=inf smallest_trial_norm_j=inf
IMPLICIT_QUADRATURE_RETRY attempt=2 panels=4 reason="implicit contact path quadrature refinement"
IMPLICIT_LINE_SEARCH_REJECTION iteration=32 dt=1.04166666666666665e-3 weighted_residual_j=2.16670833551394458e-3 residual_budget_j=9.99999999999999980e-13 slope_j=-9.16151119301004653e-4 objective_noise_j=4.37441612816127270e-12 alpha=3.55271367880050093e-15 gap_trials=48 volume_trials=48 safe_trials=0 objective_trials=0 smallest_objective_change_j=inf smallest_trial_norm_j=inf
IMPLICIT_QUADRATURE_RETRY attempt=3 panels=5 reason="implicit contact path quadrature refinement"
IMPLICIT_LINE_SEARCH_REJECTION iteration=37 dt=1.04166666666666665e-3 weighted_residual_j=1.66217528790506080e-3 residual_budget_j=9.99999999999999980e-13 slope_j=-5.42474242616218779e-5 objective_noise_j=4.43234977113826739e-12 alpha=7.10542735760100186e-15 gap_trials=47 volume_trials=47 safe_trials=0 objective_trials=0 smallest_objective_change_j=inf smallest_trial_norm_j=inf
IMPLICIT_QUADRATURE_RETRY attempt=4 panels=6 reason="implicit contact path quadrature refinement"
IMPLICIT_LINE_SEARCH_REJECTION iteration=29 dt=1.04166666666666665e-3 weighted_residual_j=1.21632099917199916e-3 residual_budget_j=9.99999999999999980e-13 slope_j=-3.34816707018872363e-4 objective_noise_j=4.48732555978787176e-12 alpha=3.55271367880050093e-15 gap_trials=48 volume_trials=48 safe_trials=0 objective_trials=0 smallest_objective_change_j=inf smallest_trial_norm_j=inf
IMPLICIT_QUADRATURE_RETRY attempt=5 panels=7 reason="implicit contact path quadrature refinement"
IMPLICIT_LINE_SEARCH_REJECTION iteration=33 dt=1.04166666666666665e-3 weighted_residual_j=8.46868675226180819e-4 residual_budget_j=9.99999999999999980e-13 slope_j=-3.15101251176788194e-5 objective_noise_j=4.54279301498292639e-12 alpha=1.42108547152020037e-14 gap_trials=46 volume_trials=46 safe_trials=0 objective_trials=0 smallest_objective_change_j=inf smallest_trial_norm_j=inf
IMPLICIT_QUADRATURE_RETRY attempt=6 panels=8 reason="implicit contact path quadrature refinement"
IMPLICIT_LINE_SEARCH_REJECTION iteration=40 dt=1.04166666666666665e-3 weighted_residual_j=5.44211960537392637e-4 residual_budget_j=9.99999999999999980e-13 slope_j=-3.20035196750729632e-6 objective_noise_j=4.59843491928126608e-12 alpha=7.10542735760100186e-15 gap_trials=47 volume_trials=47 safe_trials=0 objective_trials=0 smallest_objective_change_j=inf smallest_trial_norm_j=inf
IMPLICIT_QUADRATURE_RETRY attempt=7 panels=9 reason="implicit contact path quadrature refinement"
IMPLICIT_CONTACT_FRAME_DIFFERENCE dt=1.04166666666666665e-3 maximum_endpoint_roundoff_m=2.77555756156289135e-17 maximum_force_difference_n=2.18621210024139145e-9 objective_difference_j=-2.42861286636752993e-16
IMPLICIT_NONLINEAR_LIMIT dt=1.04166666666666665e-3 weighted_residual_j=3.07081442330580051e-4 residual_budget_j=9.99999999999999980e-13 residual_impulse_work_j=-3.11145667769560218e-3 impulse_work_budget_j=1.25000000000000003e-9 maximum_residual_n=8.99388820509233256e0 maximum_direction_m=1.29137452961516146e-7 maximum_diagonal_n_m=3.16439753950338364e8 minimum_inertia_n_m=1.61740800000000076e5
IMPLICIT_LAST_STEP alpha=4.65661287307739258e-10 maximum_applied_increment_m=6.01325629914772897e-17
IMPLICIT_NONCONVERGED_WORK_REFINEMENT kind=contact dt=1.04166666666666665e-3 panels=10
IMPLICIT_QUADRATURE_RETRY attempt=8 panels=10 reason="implicit contact work defect"
IMPLICIT_CONTACT_FRAME_DIFFERENCE dt=1.04166666666666665e-3 maximum_endpoint_roundoff_m=1.11022302462515654e-16 maximum_force_difference_n=3.24339097801384924e-8 objective_difference_j=-3.95516952522712018e-15
IMPLICIT_NONLINEAR_LIMIT dt=1.04166666666666665e-3 weighted_residual_j=1.38189915618504153e-4 residual_budget_j=9.99999999999999980e-13 residual_impulse_work_j=-2.22349094817421173e-3 impulse_work_budget_j=1.25000000000000003e-9 maximum_residual_n=6.02864216451648360e0 maximum_direction_m=1.07140744641851409e-7 maximum_diagonal_n_m=6.32721725794434547e8 minimum_inertia_n_m=1.61740800000000076e5
IMPLICIT_LAST_STEP alpha=9.09494701772928238e-13 maximum_applied_increment_m=1.08420217248550443e-19
IMPLICIT_NONCONVERGED_WORK_REFINEMENT kind=contact dt=1.04166666666666665e-3 panels=11
IMPLICIT_QUADRATURE_RETRY attempt=9 panels=11 reason="implicit contact work defect"
IMPLICIT_LINE_SEARCH_REJECTION iteration=75 dt=1.04166666666666665e-3 weighted_residual_j=3.57848807028462646e-5 residual_budget_j=9.99999999999999980e-13 slope_j=-4.32940401797738038e-6 objective_noise_j=4.76433684435832053e-12 alpha=3.55271367880050093e-15 gap_trials=48 volume_trials=48 safe_trials=0 objective_trials=0 smallest_objective_change_j=inf smallest_trial_norm_j=inf
IMPLICIT_QUADRATURE_RETRY attempt=10 panels=12 reason="implicit contact path quadrature refinement"
IMPLICIT_LINE_SEARCH_REJECTION iteration=60 dt=1.04166666666666665e-3 weighted_residual_j=4.37373231173856410e-8 residual_budget_j=9.99999999999999980e-13 slope_j=-1.65671483897622462e-9 objective_noise_j=4.82002979210920213e-12 alpha=9.09494701772928238e-13 gap_trials=40 volume_trials=40 safe_trials=0 objective_trials=0 smallest_objective_change_j=inf smallest_trial_norm_j=inf
IMPLICIT_QUADRATURE_RETRY attempt=11 panels=13 reason="implicit contact path quadrature refinement"
IMPLICIT_WORK_COMPONENTS origin=[-0.08603406697738145, 0.5941664640248115, -0.10159488894793547] dt=1.04166666666666665e-3 non_surface_potential_defect_j=-5.87203896618149201e-16 prescribed_surface_defect_j=6.89935821402025418e-4 kinematic_defect_j=-6.11366526413277221e-10 arithmetic_remainder_j=1.84313204652233279e-16
IMPLICIT_WORK_REJECTION dt=1.04166666666666665e-3 defect_j=6.89935210035096114e-4 budget_j=1.25000000000000010e-6 maximum_kinematic_residual_m=1.06900916070629126e-11
IMPLICIT_QUADRATURE_RETRY attempt=12 panels=14 reason="implicit contact work defect"
IMPLICIT_WORK_COMPONENTS origin=[-0.08603406697738145, 0.5941664640248115, -0.10159488894793547] dt=1.04166666666666665e-3 non_surface_potential_defect_j=-8.43075609324728248e-16 prescribed_surface_defect_j=1.38503869479920244e-4 kinematic_defect_j=1.63467461296101353e-10 arithmetic_remainder_j=-3.63799062658945894e-16
IMPLICIT_WORK_REJECTION dt=1.04166666666666665e-3 defect_j=1.38504032946174666e-4 budget_j=1.25000000000000010e-6 maximum_kinematic_residual_m=2.48573221468123551e-12
IMPLICIT_QUADRATURE_RETRY attempt=13 panels=15 reason="implicit contact work defect"
IMPLICIT_WORK_COMPONENTS origin=[-0.08603406697738145, 0.5941664640248115, -0.10159488894793547] dt=1.04166666666666665e-3 non_surface_potential_defect_j=-3.60822483003175876e-16 prescribed_surface_defect_j=1.73269647069096422e-5 kinematic_defect_j=3.60491475932744077e-11 arithmetic_remainder_j=-1.36594756535715015e-16
IMPLICIT_WORK_REJECTION dt=1.04166666666666665e-3 defect_j=1.73270007555598182e-5 budget_j=1.25000000000000010e-6 maximum_kinematic_residual_m=6.36809181775443989e-13
IMPLICIT_QUADRATURE_RETRY attempt=14 panels=16 reason="implicit contact work defect"
IMPLICIT_WORK_COMPONENTS origin=[-0.08603406697738145, 0.5941664640248115, -0.10159488894793547] dt=1.04166666666666665e-3 non_surface_potential_defect_j=-1.66533453693773481e-16 prescribed_surface_defect_j=-2.81602429853464176e-6 kinematic_defect_j=6.07951213824555969e-11 arithmetic_remainder_j=-8.57100992623601766e-17
IMPLICIT_WORK_REJECTION dt=1.04166666666666665e-3 defect_j=-2.81596350366550285e-6 budget_j=1.25000000000000010e-6 maximum_kinematic_residual_m=1.07197605826725439e-12
IMPLICIT_QUADRATURE_RETRY attempt=15 panels=17 reason="implicit contact work defect"
IMPLICIT_WORK_COMPONENTS origin=[-0.08603406697738145, 0.5941664640248115, -0.10159488894793547] dt=1.04166666666666665e-3 non_surface_potential_defect_j=1.68268177169750288e-16 prescribed_surface_defect_j=2.97218093730025612e-6 kinematic_defect_j=3.51069482814166329e-10 arithmetic_remainder_j=1.74905527344434986e-16
IMPLICIT_WORK_REJECTION dt=1.04166666666666665e-3 defect_j=2.97253200712624399e-6 budget_j=1.25000000000000010e-6 maximum_kinematic_residual_m=6.16809229560255634e-12
IMPLICIT_QUADRATURE_RETRY attempt=16 panels=18 reason="implicit contact work defect"
IMPLICIT_WORK_COMPONENTS origin=[-0.08597415941886521, 0.5950903580186035, -0.10188204056892457] dt=1.04166666666666665e-3 non_surface_potential_defect_j=-1.31838984174237339e-16 prescribed_surface_defect_j=-1.24378989432511397e-2 kinematic_defect_j=5.36213881869510560e-11 arithmetic_remainder_j=1.42639713042913736e-16
IMPLICIT_WORK_REJECTION dt=1.04166666666666665e-3 defect_j=-1.24378988896297407e-2 budget_j=1.25000000000000010e-6 maximum_kinematic_residual_m=1.27761463572257511e-10
IMPLICIT_QUADRATURE_RETRY attempt=0 panels=2 reason="implicit contact work defect"
IMPLICIT_WORK_COMPONENTS origin=[-0.08597415941886521, 0.5950903580186035, -0.10188204056892457] dt=1.04166666666666665e-3 non_surface_potential_defect_j=-1.05471187339389871e-15 prescribed_surface_defect_j=-1.13275621453929332e-2 kinematic_defect_j=2.66289433316883065e-10 arithmetic_remainder_j=5.08169369892218573e-16
IMPLICIT_WORK_REJECTION dt=1.04166666666666665e-3 defect_j=-1.13275618791040464e-2 budget_j=1.25000000000000010e-6 maximum_kinematic_residual_m=1.33635848264049284e-10
IMPLICIT_QUADRATURE_RETRY attempt=1 panels=3 reason="implicit contact work defect"
IMPLICIT_WORK_COMPONENTS origin=[-0.08597415941886521, 0.5950903580186035, -0.10188204056892457] dt=1.04166666666666665e-3 non_surface_potential_defect_j=8.08381139805192106e-16 prescribed_surface_defect_j=-1.02015624486866754e-2 kinematic_defect_j=4.90815173738810416e-10 arithmetic_remainder_j=2.66634960367339441e-16
IMPLICIT_WORK_REJECTION dt=1.04166666666666665e-3 defect_j=-1.02015619578704267e-2 budget_j=1.25000000000000010e-6 maximum_kinematic_residual_m=1.37888178414376228e-10
IMPLICIT_QUADRATURE_RETRY attempt=2 panels=4 reason="implicit contact work defect"
IMPLICIT_WORK_COMPONENTS origin=[-0.08597415941886521, 0.5950903580186035, -0.10188204056892457] dt=1.04166666666666665e-3 non_surface_potential_defect_j=9.29811783123568603e-16 prescribed_surface_defect_j=-9.06391212046410086e-3 kinematic_defect_j=7.22466746989906797e-10 arithmetic_remainder_j=5.47332996999705217e-16
IMPLICIT_WORK_REJECTION dt=1.04166666666666665e-3 defect_j=-9.06391139799587672e-3 budget_j=1.25000000000000010e-6 maximum_kinematic_residual_m=1.41103315338432511e-10
IMPLICIT_QUADRATURE_RETRY attempt=3 panels=5 reason="implicit contact work defect"
IMPLICIT_WORK_COMPONENTS origin=[-0.08597415941886521, 0.5950903580186035, -0.10188204056892457] dt=1.04166666666666665e-3 non_surface_potential_defect_j=3.74700270810990332e-16 prescribed_surface_defect_j=-7.91864185721461236e-3 kinematic_defect_j=9.57413880314210989e-10 arithmetic_remainder_j=3.17251955229361920e-17
IMPLICIT_WORK_REJECTION dt=1.04166666666666665e-3 defect_j=-7.91864089980032562e-3 budget_j=1.25000000000000010e-6 maximum_kinematic_residual_m=1.44483441094005009e-10
IMPLICIT_QUADRATURE_RETRY attempt=4 panels=6 reason="implicit contact work defect"
IMPLICIT_WORK_COMPONENTS origin=[-0.08597415941886521, 0.5950903580186035, -0.10188204056892457] dt=1.04166666666666665e-3 non_surface_potential_defect_j=4.37150315946155388e-16 prescribed_surface_defect_j=-6.77034929881291381e-3 kinematic_defect_j=1.19013599361007914e-9 arithmetic_remainder_j=6.76160779046453518e-16
IMPLICIT_WORK_REJECTION dt=1.04166666666666665e-3 defect_j=-6.77034810867580689e-3 budget_j=1.25000000000000010e-6 maximum_kinematic_residual_m=1.48835140311451633e-10
IMPLICIT_QUADRATURE_RETRY attempt=5 panels=7 reason="implicit contact work defect"
IMPLICIT_WORK_COMPONENTS origin=[-0.08597415941886521, 0.5950903580186035, -0.10188204056892457] dt=1.04166666666666665e-3 non_surface_potential_defect_j=6.59194920871186696e-17 prescribed_surface_defect_j=-5.62572861041979802e-3 kinematic_defect_j=-1.31012991233378227e-10 arithmetic_remainder_j=-5.29300300827371603e-17
IMPLICIT_WORK_REJECTION dt=1.04166666666666665e-3 defect_j=-5.62572874143277626e-3 budget_j=1.25000000000000010e-6 maximum_kinematic_residual_m=4.66931667755712126e-11
IMPLICIT_QUADRATURE_RETRY attempt=6 panels=8 reason="implicit contact work defect"
IMPLICIT_WORK_COMPONENTS origin=[-0.08597415941886521, 0.5950903580186035, -0.10188204056892457] dt=1.04166666666666665e-3 non_surface_potential_defect_j=5.58580959264531884e-16 prescribed_surface_defect_j=-4.49586256864214009e-3 kinematic_defect_j=-1.89295795649427917e-10 arithmetic_remainder_j=-1.60150636919738701e-17
IMPLICIT_WORK_REJECTION dt=1.04166666666666665e-3 defect_j=-4.49586275793739318e-3 budget_j=1.25000000000000010e-6 maximum_kinematic_residual_m=4.73048826062842480e-11
IMPLICIT_QUADRATURE_RETRY attempt=7 panels=9 reason="implicit contact work defect"
IMPLICIT_WORK_COMPONENTS origin=[-0.08597415941886521, 0.5950903580186035, -0.10188204056892457] dt=1.04166666666666665e-3 non_surface_potential_defect_j=8.43075609324728248e-16 prescribed_surface_defect_j=-3.40014491495505347e-3 kinematic_defect_j=-2.49539690758797191e-10 arithmetic_remainder_j=4.92426203776313333e-16
IMPLICIT_WORK_REJECTION dt=1.04166666666666665e-3 defect_j=-3.40014516449340873e-3 budget_j=1.25000000000000010e-6 maximum_kinematic_residual_m=4.77100751280720194e-11
IMPLICIT_QUADRATURE_RETRY attempt=8 panels=10 reason="implicit contact work defect"
IMPLICIT_WORK_COMPONENTS origin=[-0.08597415941886521, 0.5950903580186035, -0.10188204056892457] dt=1.04166666666666665e-3 non_surface_potential_defect_j=3.05311331771918049e-16 prescribed_surface_defect_j=-2.37205983049770461e-3 kinematic_defect_j=-3.08033122645545761e-10 arithmetic_remainder_j=3.60153962249555419e-16
IMPLICIT_WORK_REJECTION dt=1.04166666666666665e-3 defect_j=-2.37206013853016179e-3 budget_j=1.25000000000000010e-6 maximum_kinematic_residual_m=4.79591913600009578e-11
IMPLICIT_QUADRATURE_RETRY attempt=9 panels=11 reason="implicit contact work defect"
IMPLICIT_WORK_COMPONENTS origin=[-0.08597415941886521, 0.5950903580186035, -0.10188204056892457] dt=1.04166666666666665e-3 non_surface_potential_defect_j=6.03683769639928869e-16 prescribed_surface_defect_j=-1.46525667809823193e-3 kinematic_defect_j=-3.61471731049705481e-10 arithmetic_remainder_j=1.45746841651679324e-16
IMPLICIT_WORK_REJECTION dt=1.04166666666666665e-3 defect_j=-1.46525703956921355e-3 budget_j=1.25000000000000010e-6 maximum_kinematic_residual_m=4.81686913730958351e-11
IMPLICIT_QUADRATURE_RETRY attempt=10 panels=12 reason="implicit contact work defect"
IMPLICIT_WORK_COMPONENTS origin=[-0.08597415941886521, 0.5950903580186035, -0.10188204056892457] dt=1.04166666666666665e-3 non_surface_potential_defect_j=1.92901250528620949e-15 prescribed_surface_defect_j=-7.51121346217634850e-4 kinematic_defect_j=-4.04056311749972810e-10 arithmetic_remainder_j=5.74964270530324562e-16
IMPLICIT_WORK_REJECTION dt=1.04166666666666665e-3 defect_j=-7.51121750271442623e-4 budget_j=1.25000000000000010e-6 maximum_kinematic_residual_m=4.83966180797384612e-11
IMPLICIT_QUADRATURE_RETRY attempt=11 panels=13 reason="implicit contact work defect"
IMPLICIT_WORK_COMPONENTS origin=[-0.08597415941886521, 0.5950903580186035, -0.10188204056892457] dt=1.04166666666666665e-3 non_surface_potential_defect_j=1.26287869051111556e-15 prescribed_surface_defect_j=-2.89894589147219467e-4 kinematic_defect_j=-4.33452568822685890e-10 arithmetic_remainder_j=-1.53736479926655512e-19
IMPLICIT_WORK_REJECTION dt=1.04166666666666665e-3 defect_j=-2.89895022598525565e-4 budget_j=1.25000000000000010e-6 maximum_kinematic_residual_m=4.87183888134398897e-11
IMPLICIT_QUADRATURE_RETRY attempt=12 panels=14 reason="implicit contact work defect"
IMPLICIT_WORK_COMPONENTS origin=[-0.08597415941886521, 0.5950903580186035, -0.10188204056892457] dt=1.04166666666666665e-3 non_surface_potential_defect_j=-2.81025203108242749e-16 prescribed_surface_defect_j=-7.38321978080262731e-5 kinematic_defect_j=3.13413738862260805e-10 arithmetic_remainder_j=6.11166035179499731e-16
IMPLICIT_WORK_REJECTION dt=1.04166666666666665e-3 defect_j=-7.38318843939572700e-5 budget_j=1.25000000000000010e-6 maximum_kinematic_residual_m=5.37809522393670192e-11
IMPLICIT_QUADRATURE_RETRY attempt=13 panels=15 reason="implicit contact work defect"
IMPLICIT_WORK_COMPONENTS origin=[-0.08597415941886521, 0.5950903580186035, -0.10188204056892457] dt=1.04166666666666665e-3 non_surface_potential_defect_j=7.32053306862212594e-16 prescribed_surface_defect_j=-1.05962137919822508e-5 kinematic_defect_j=-4.49747025837644350e-10 arithmetic_remainder_j=5.67012748737974817e-16
IMPLICIT_WORK_REJECTION dt=1.04166666666666665e-3 defect_j=-1.05966635377090224e-5 budget_j=1.25000000000000010e-6 maximum_kinematic_residual_m=4.91315517797360525e-11
IMPLICIT_QUADRATURE_RETRY attempt=14 panels=16 reason="implicit contact work defect"
IMPLICIT_FEASIBLE_VELOCITY_PREDICTOR dt=1.04166666666666665e-3
IMPLICIT_FEASIBLE_VELOCITY_PREDICTOR dt=1.04166666666666665e-3
IMPLICIT_FEASIBLE_VELOCITY_PREDICTOR dt=1.04166666666666665e-3
IMPLICIT_FEASIBLE_VELOCITY_PREDICTOR dt=1.04166666666666665e-3
IMPLICIT_FEASIBLE_VELOCITY_PREDICTOR dt=1.04166666666666665e-3
IMPLICIT_FEASIBLE_VELOCITY_PREDICTOR dt=1.04166666666666665e-3
IMPLICIT_FEASIBLE_VELOCITY_PREDICTOR dt=1.04166666666666665e-3
IMPLICIT_FEASIBLE_VELOCITY_PREDICTOR dt=1.04166666666666665e-3
IMPLICIT_FEASIBLE_VELOCITY_PREDICTOR dt=1.04166666666666665e-3
IMPLICIT_FEASIBLE_VELOCITY_PREDICTOR dt=1.04166666666666665e-3
IMPLICIT_FEASIBLE_VELOCITY_PREDICTOR dt=1.04166666666666665e-3
IMPLICIT_FEASIBLE_VELOCITY_PREDICTOR dt=1.04166666666666665e-3
IMPLICIT_FEASIBLE_VELOCITY_PREDICTOR dt=1.04166666666666665e-3
IMPLICIT_FEASIBLE_VELOCITY_PREDICTOR dt=1.04166666666666665e-3
IMPLICIT_FEASIBLE_VELOCITY_PREDICTOR dt=1.04166666666666665e-3
IMPLICIT_FEASIBLE_VELOCITY_PREDICTOR dt=1.04166666666666665e-3
IMPLICIT_FEASIBLE_VELOCITY_PREDICTOR dt=1.04166666666666665e-3
IMPLICIT_FEASIBLE_VELOCITY_PREDICTOR dt=1.04166666666666665e-3
IMPLICIT_FEASIBLE_VELOCITY_PREDICTOR dt=1.04166666666666665e-3
IMPLICIT_FEASIBLE_VELOCITY_PREDICTOR dt=1.04166666666666665e-3
IMPLICIT_FEASIBLE_VELOCITY_PREDICTOR dt=1.04166666666666665e-3
IMPLICIT_FEASIBLE_VELOCITY_PREDICTOR dt=1.04166666666666665e-3
IMPLICIT_FEASIBLE_VELOCITY_PREDICTOR dt=1.04166666666666665e-3
IMPLICIT_FEASIBLE_VELOCITY_PREDICTOR dt=1.04166666666666665e-3
IMPLICIT_FEASIBLE_VELOCITY_PREDICTOR dt=1.04166666666666665e-3
IMPLICIT_FEASIBLE_VELOCITY_PREDICTOR dt=1.04166666666666665e-3
IMPLICIT_FEASIBLE_VELOCITY_PREDICTOR dt=1.04166666666666665e-3
IMPLICIT_FEASIBLE_VELOCITY_PREDICTOR dt=1.04166666666666665e-3
IMPLICIT_FEASIBLE_VELOCITY_PREDICTOR dt=1.04166666666666665e-3
IMPLICIT_FEASIBLE_VELOCITY_PREDICTOR dt=1.04166666666666665e-3
IMPLICIT_LINE_SEARCH_REJECTION iteration=28 dt=1.04166666666666665e-3 weighted_residual_j=3.00679676684630567e-2 residual_budget_j=9.99999999999999980e-13 slope_j=-3.91831244932915740e-2 objective_noise_j=5.00513506224444945e-12 alpha=3.55271367880050093e-15 gap_trials=48 volume_trials=48 safe_trials=0 objective_trials=0 smallest_objective_change_j=inf smallest_trial_norm_j=inf
IMPLICIT_QUADRATURE_RETRY attempt=0 panels=2 reason="implicit contact path quadrature refinement"
IMPLICIT_LINE_SEARCH_REJECTION iteration=42 dt=1.04166666666666665e-3 weighted_residual_j=1.32192284515334499e-3 residual_budget_j=9.99999999999999980e-13 slope_j=-1.10380399002040527e-3 objective_noise_j=5.16684151091113416e-12 alpha=3.55271367880050093e-15 gap_trials=48 volume_trials=48 safe_trials=0 objective_trials=0 smallest_objective_change_j=inf smallest_trial_norm_j=inf
IMPLICIT_QUADRATURE_RETRY attempt=1 panels=3 reason="implicit contact path quadrature refinement"
IMPLICIT_LINE_SEARCH_REJECTION iteration=48 dt=1.04166666666666665e-3 weighted_residual_j=5.49541906808276867e-4 residual_budget_j=9.99999999999999980e-13 slope_j=-3.63733038352403537e-4 objective_noise_j=5.28434652669836357e-12 alpha=3.55271367880050093e-15 gap_trials=48 volume_trials=48 safe_trials=0 objective_trials=0 smallest_objective_change_j=inf smallest_trial_norm_j=inf
IMPLICIT_QUADRATURE_RETRY attempt=2 panels=4 reason="implicit contact path quadrature refinement"
IMPLICIT_LINE_SEARCH_REJECTION iteration=29 dt=1.04166666666666665e-3 weighted_residual_j=2.79990443419324731e-4 residual_budget_j=9.99999999999999980e-13 slope_j=-2.94307816605818555e-4 objective_noise_j=5.26961032576712236e-12 alpha=3.55271367880050093e-15 gap_trials=48 volume_trials=48 safe_trials=0 objective_trials=0 smallest_objective_change_j=inf smallest_trial_norm_j=inf
IMPLICIT_QUADRATURE_RETRY attempt=3 panels=5 reason="implicit contact path quadrature refinement"
IMPLICIT_LINE_SEARCH_REJECTION iteration=29 dt=1.04166666666666665e-3 weighted_residual_j=1.40835435643344874e-4 residual_budget_j=9.99999999999999980e-13 slope_j=-1.37093165409869771e-4 objective_noise_j=5.30264877275981429e-12 alpha=3.55271367880050093e-15 gap_trials=48 volume_trials=48 safe_trials=0 objective_trials=0 smallest_objective_change_j=inf smallest_trial_norm_j=inf
IMPLICIT_QUADRATURE_RETRY attempt=4 panels=6 reason="implicit contact path quadrature refinement"
IMPLICIT_LINE_SEARCH_REJECTION iteration=41 dt=1.04166666666666665e-3 weighted_residual_j=4.94974630951428848e-5 residual_budget_j=9.99999999999999980e-13 slope_j=-4.37186269233421200e-4 objective_noise_j=5.33559505961896868e-12 alpha=3.55271367880050093e-15 gap_trials=48 volume_trials=48 safe_trials=0 objective_trials=0 smallest_objective_change_j=inf smallest_trial_norm_j=inf
IMPLICIT_QUADRATURE_RETRY attempt=5 panels=7 reason="implicit contact path quadrature refinement"
IMPLICIT_CONTACT_FRAME_DIFFERENCE dt=1.04166666666666665e-3 maximum_endpoint_roundoff_m=2.77555756156289135e-17 maximum_force_difference_n=1.52569867850615992e-9 objective_difference_j=1.46063716677247157e-15
IMPLICIT_NONLINEAR_LIMIT dt=1.04166666666666665e-3 weighted_residual_j=4.10071799393007513e-6 residual_budget_j=9.99999999999999980e-13 residual_impulse_work_j=-1.21494316915571367e-4 impulse_work_budget_j=1.25000000000000003e-9 maximum_residual_n=1.04671978365967000e0 maximum_direction_m=3.48195879016784912e-8 maximum_diagonal_n_m=5.74995240929351449e7 minimum_inertia_n_m=1.61740800000000076e5
IMPLICIT_LAST_STEP alpha=1.86264514923095703e-9 maximum_applied_increment_m=6.48623949689453028e-17
IMPLICIT_NONCONVERGED_WORK_REFINEMENT kind=contact dt=1.04166666666666665e-3 panels=8
IMPLICIT_QUADRATURE_RETRY attempt=6 panels=8 reason="implicit contact work defect"
IMPLICIT_WORK_COMPONENTS origin=[-0.08557868412414807, 0.5998351813957618, -0.10354656995226337] dt=1.04166666666666665e-3 non_surface_potential_defect_j=-5.13478148889134900e-16 prescribed_surface_defect_j=1.29520275293369160e-3 kinematic_defect_j=9.53403127545931437e-10 arithmetic_remainder_j=2.66881023438516815e-16
IMPLICIT_WORK_REJECTION dt=1.04166666666666665e-3 defect_j=1.29520370633657254e-3 budget_j=1.25000000000000010e-6 maximum_kinematic_residual_m=7.79465179467225822e-11
IMPLICIT_QUADRATURE_RETRY attempt=7 panels=9 reason="implicit contact work defect"
IMPLICIT_WORK_COMPONENTS origin=[-0.08557868412414807, 0.5998351813957618, -0.10354656995226337] dt=1.04166666666666665e-3 non_surface_potential_defect_j=-4.37150315946155388e-16 prescribed_surface_defect_j=2.65420804124033571e-4 kinematic_defect_j=1.11072841996426408e-9 arithmetic_remainder_j=1.93287412849274184e-16
IMPLICIT_WORK_REJECTION dt=1.04166666666666665e-3 defect_j=2.65421914852209673e-4 budget_j=1.25000000000000010e-6 maximum_kinematic_residual_m=3.85881310628957697e-11
IMPLICIT_QUADRATURE_RETRY attempt=8 panels=10 reason="implicit contact work defect"
IMPLICIT_WORK_COMPONENTS origin=[-0.08557868412414807, 0.5998351813957618, -0.10354656995226337] dt=1.04166666666666665e-3 non_surface_potential_defect_j=-1.73819292292876071e-15 prescribed_surface_defect_j=4.74923678412926889e-5 kinematic_defect_j=4.88804957637532442e-10 arithmetic_remainder_j=7.29261486268062420e-16
IMPLICIT_WORK_REJECTION dt=1.04166666666666665e-3 defect_j=4.74928566452413950e-5 budget_j=1.25000000000000010e-6 maximum_kinematic_residual_m=1.44819654315439528e-11
IMPLICIT_QUADRATURE_RETRY attempt=9 panels=11 reason="implicit contact work defect"
IMPLICIT_WORK_COMPONENTS origin=[-0.08557868412414807, 0.5998351813957618, -0.10354656995226337] dt=1.04166666666666665e-3 non_surface_potential_defect_j=-8.74300631892310776e-16 prescribed_surface_defect_j=5.23598545658018888e-6 kinematic_defect_j=-2.04429779806788536e-11 arithmetic_remainder_j=3.85917104615005405e-16
IMPLICIT_WORK_REJECTION dt=1.04166666666666665e-3 defect_j=5.23596501311382467e-6 budget_j=1.25000000000000010e-6 maximum_kinematic_residual_m=1.48791417554916539e-12
IMPLICIT_QUADRATURE_RETRY attempt=10 panels=12 reason="implicit contact work defect"
IMPLICIT_WORK_COMPONENTS origin=[-0.08556321553079807, 0.6002276212803538, -0.10372650655379785] dt=1.04166666666666665e-3 non_surface_potential_defect_j=9.99200722162640886e-16 prescribed_surface_defect_j=-5.45377476562740847e-3 kinematic_defect_j=-6.41958817001387396e-11 arithmetic_remainder_j=-2.45880323819004133e-16
IMPLICIT_WORK_REJECTION dt=1.04166666666666665e-3 defect_j=-5.45377482982253685e-3 budget_j=1.25000000000000010e-6 maximum_kinematic_residual_m=2.42876514256265552e-12
IMPLICIT_QUADRATURE_RETRY attempt=0 panels=2 reason="implicit contact work defect"
IMPLICIT_WORK_COMPONENTS origin=[-0.08556321553079807, 0.6002276212803538, -0.10372650655379785] dt=1.04166666666666665e-3 non_surface_potential_defect_j=1.00613961606654811e-15 prescribed_surface_defect_j=-4.44114265781749701e-3 kinematic_defect_j=-7.66872446441163998e-11 arithmetic_remainder_j=2.85777693217049815e-16
IMPLICIT_WORK_REJECTION dt=1.04166666666666665e-3 defect_j=-4.44114273450344973e-3 budget_j=1.25000000000000010e-6 maximum_kinematic_residual_m=2.43687887794066804e-12
IMPLICIT_QUADRATURE_RETRY attempt=1 panels=3 reason="implicit contact work defect"
IMPLICIT_WORK_COMPONENTS origin=[-0.08556321553079807, 0.6002276212803538, -0.10372650655379785] dt=1.04166666666666665e-3 non_surface_potential_defect_j=-2.77555756156289135e-17 prescribed_surface_defect_j=-3.43511348862622981e-3 kinematic_defect_j=-8.24585182858093868e-11 arithmetic_remainder_j=6.84953192797189969e-17
IMPLICIT_WORK_REJECTION dt=1.04166666666666665e-3 defect_j=-3.43511357108470736e-3 budget_j=1.25000000000000010e-6 maximum_kinematic_residual_m=2.44600889022505985e-12
IMPLICIT_QUADRATURE_RETRY attempt=2 panels=4 reason="implicit contact work defect"
IMPLICIT_WORK_COMPONENTS origin=[-0.08556321553079807, 0.6002276212803538, -0.10372650655379785] dt=1.04166666666666665e-3 non_surface_potential_defect_j=9.47159017883336674e-16 prescribed_surface_defect_j=-2.46855882917147718e-3 kinematic_defect_j=-8.35583761021904225e-11 arithmetic_remainder_j=-4.74708603860358319e-16
IMPLICIT_WORK_REJECTION dt=1.04166666666666665e-3 defect_j=-2.46855891272938083e-3 budget_j=1.25000000000000010e-6 maximum_kinematic_residual_m=2.45341708103932743e-12
IMPLICIT_QUADRATURE_RETRY attempt=3 panels=5 reason="implicit contact work defect"
IMPLICIT_WORK_COMPONENTS origin=[-0.08556321553079807, 0.6002276212803538, -0.10372650655379785] dt=1.04166666666666665e-3 non_surface_potential_defect_j=1.16573417585641437e-15 prescribed_surface_defect_j=-1.59007276820486224e-3 kinematic_defect_j=-8.19347654448403362e-11 arithmetic_remainder_j=3.47860867206935351e-16
IMPLICIT_WORK_REJECTION dt=1.04166666666666665e-3 defect_j=-1.59007285013811409e-3 budget_j=1.25000000000000010e-6 maximum_kinematic_residual_m=2.45935525633803054e-12
IMPLICIT_QUADRATURE_RETRY attempt=4 panels=6 reason="implicit contact work defect"
IMPLICIT_WORK_COMPONENTS origin=[-0.08556321553079807, 0.6002276212803538, -0.10372650655379785] dt=1.04166666666666665e-3 non_surface_potential_defect_j=1.16920362280836798e-15 prescribed_surface_defect_j=-8.66273575662709211e-4 kinematic_defect_j=-8.00890412743173770e-11 arithmetic_remainder_j=-1.26662130558855869e-16
IMPLICIT_WORK_REJECTION dt=1.04166666666666665e-3 defect_j=-8.66273655750707944e-4 budget_j=1.25000000000000010e-6 maximum_kinematic_residual_m=2.46402046986601841e-12
IMPLICIT_QUADRATURE_RETRY attempt=5 panels=7 reason="implicit contact work defect"
IMPLICIT_WORK_COMPONENTS origin=[-0.08556321553079807, 0.6002276212803538, -0.10372650655379785] dt=1.04166666666666665e-3 non_surface_potential_defect_j=-1.22124532708767219e-15 prescribed_surface_defect_j=-3.64702236741832470e-4 kinematic_defect_j=-7.87121227074109110e-11 arithmetic_remainder_j=2.80108078184603156e-16
IMPLICIT_WORK_REJECTION dt=1.04166666666666665e-3 defect_j=-3.64702315454896314e-4 budget_j=1.25000000000000010e-6 maximum_kinematic_residual_m=2.46732354599460413e-12
IMPLICIT_QUADRATURE_RETRY attempt=6 panels=8 reason="implicit contact work defect"
IMPLICIT_WORK_COMPONENTS origin=[-0.08556321553079807, 0.6002276212803538, -0.10372650655379785] dt=1.04166666666666665e-3 non_surface_potential_defect_j=1.84574577843932275e-15 prescribed_surface_defect_j=-1.04448837978702094e-4 kinematic_defect_j=-7.84859262192995317e-11 arithmetic_remainder_j=-1.60703325917822132e-18
IMPLICIT_WORK_REJECTION dt=1.04166666666666665e-3 defect_j=-1.04448916462784175e-4 budget_j=1.25000000000000010e-6 maximum_kinematic_residual_m=2.46916088920620669e-12
IMPLICIT_QUADRATURE_RETRY attempt=7 panels=9 reason="implicit contact work defect"
IMPLICIT_WORK_COMPONENTS origin=[-0.08556321553079807, 0.6002276212803538, -0.10372650655379785] dt=1.04166666666666665e-3 non_surface_potential_defect_j=3.57353036051222261e-16 prescribed_surface_defect_j=-1.74210283134419719e-5 kinematic_defect_j=-7.79952106614523947e-11 arithmetic_remainder_j=1.90496862804544892e-16
IMPLICIT_WORK_REJECTION dt=1.04166666666666665e-3 defect_j=-1.74211063081047834e-5 budget_j=1.25000000000000010e-6 maximum_kinematic_residual_m=2.46983266087227871e-12
IMPLICIT_QUADRATURE_RETRY attempt=8 panels=10 reason="implicit contact work defect"
IMPLICIT_WORK_COMPONENTS origin=[-0.08556321553079807, 0.6002276212803538, -0.10372650655379785] dt=1.04166666666666665e-3 non_surface_potential_defect_j=1.16226472890446075e-15 prescribed_surface_defect_j=-1.43111840573452442e-6 kinematic_defect_j=-7.83358688172383963e-11 arithmetic_remainder_j=-4.66864867010546684e-16
IMPLICIT_WORK_REJECTION dt=1.04166666666666665e-3 defect_j=-1.43119674090794180e-6 budget_j=1.25000000000000010e-6 maximum_kinematic_residual_m=2.46999274332304619e-12
IMPLICIT_QUADRATURE_RETRY attempt=9 panels=11 reason="implicit contact work defect"
IMPLICIT_FEASIBLE_VELOCITY_PREDICTOR dt=1.04166666666666665e-3
IMPLICIT_FEASIBLE_VELOCITY_PREDICTOR dt=1.04166666666666665e-3
IMPLICIT_FEASIBLE_VELOCITY_PREDICTOR dt=1.04166666666666665e-3
IMPLICIT_FEASIBLE_VELOCITY_PREDICTOR dt=1.04166666666666665e-3
IMPLICIT_FEASIBLE_VELOCITY_PREDICTOR dt=1.04166666666666665e-3
IMPLICIT_FEASIBLE_VELOCITY_PREDICTOR dt=1.04166666666666665e-3
IMPLICIT_FEASIBLE_VELOCITY_PREDICTOR dt=1.04166666666666665e-3
IMPLICIT_FEASIBLE_VELOCITY_PREDICTOR dt=1.04166666666666665e-3
IMPLICIT_FEASIBLE_VELOCITY_PREDICTOR dt=1.04166666666666665e-3
IMPLICIT_FEASIBLE_VELOCITY_PREDICTOR dt=1.04166666666666665e-3
IMPLICIT_FEASIBLE_VELOCITY_PREDICTOR dt=1.04166666666666665e-3
IMPLICIT_FEASIBLE_VELOCITY_PREDICTOR dt=1.04166666666666665e-3
IMPLICIT_FEASIBLE_VELOCITY_PREDICTOR dt=1.04166666666666665e-3
IMPLICIT_FEASIBLE_VELOCITY_PREDICTOR dt=1.04166666666666665e-3
IMPLICIT_FEASIBLE_VELOCITY_PREDICTOR dt=1.04166666666666665e-3
IMPLICIT_FEASIBLE_VELOCITY_PREDICTOR dt=1.04166666666666665e-3
IMPLICIT_FEASIBLE_VELOCITY_PREDICTOR dt=1.04166666666666665e-3
IMPLICIT_FEASIBLE_VELOCITY_PREDICTOR dt=1.04166666666666665e-3
IMPLICIT_FEASIBLE_VELOCITY_PREDICTOR dt=1.04166666666666665e-3
IMPLICIT_FEASIBLE_VELOCITY_PREDICTOR dt=1.04166666666666665e-3
IMPLICIT_FEASIBLE_VELOCITY_PREDICTOR dt=1.04166666666666665e-3
IMPLICIT_FEASIBLE_VELOCITY_PREDICTOR dt=1.04166666666666665e-3
IMPLICIT_FEASIBLE_VELOCITY_PREDICTOR dt=1.04166666666666665e-3
IMPLICIT_FEASIBLE_VELOCITY_PREDICTOR dt=1.04166666666666665e-3
IMPLICIT_FEASIBLE_VELOCITY_PREDICTOR dt=1.04166666666666665e-3
IMPLICIT_FEASIBLE_VELOCITY_PREDICTOR dt=1.04166666666666665e-3
IMPLICIT_FEASIBLE_VELOCITY_PREDICTOR dt=1.04166666666666665e-3
IMPLICIT_FEASIBLE_VELOCITY_PREDICTOR dt=1.04166666666666665e-3
IMPLICIT_FEASIBLE_VELOCITY_PREDICTOR dt=1.04166666666666665e-3
IMPLICIT_FEASIBLE_VELOCITY_PREDICTOR dt=1.04166666666666665e-3
IMPLICIT_LINE_SEARCH_REJECTION iteration=27 dt=1.04166666666666665e-3 weighted_residual_j=3.75559194586818853e-4 residual_budget_j=9.99999999999999980e-13 slope_j=-1.06145544936939564e-3 objective_noise_j=6.52653883537737206e-12 alpha=3.55271367880050093e-15 gap_trials=48 volume_trials=48 safe_trials=0 objective_trials=0 smallest_objective_change_j=inf smallest_trial_norm_j=inf
IMPLICIT_QUADRATURE_RETRY attempt=0 panels=2 reason="implicit contact path quadrature refinement"
IMPLICIT_LINE_SEARCH_REJECTION iteration=30 dt=1.04166666666666665e-3 weighted_residual_j=4.07799357820538936e-5 residual_budget_j=9.99999999999999980e-13 slope_j=-1.96122184208223101e-5 objective_noise_j=6.57099015214301751e-12 alpha=3.55271367880050093e-15 gap_trials=48 volume_trials=48 safe_trials=0 objective_trials=0 smallest_objective_change_j=inf smallest_trial_norm_j=inf
IMPLICIT_QUADRATURE_RETRY attempt=1 panels=3 reason="implicit contact path quadrature refinement"
IMPLICIT_WORK_COMPONENTS origin=[-0.08544937895448516, 0.6026666715709497, -0.10447493103953014] dt=1.04166666666666665e-3 non_surface_potential_defect_j=-1.67183974997264784e-15 prescribed_surface_defect_j=1.37775139172035925e-3 kinematic_defect_j=7.07262171802136054e-11 arithmetic_remainder_j=-2.31782095686666745e-16
IMPLICIT_WORK_REJECTION dt=1.04166666666666665e-3 defect_j=1.37775146244467281e-3 budget_j=1.25000000000000010e-6 maximum_kinematic_residual_m=3.69790029760425076e-11
IMPLICIT_QUADRATURE_RETRY attempt=2 panels=4 reason="implicit contact work defect"
IMPLICIT_WORK_COMPONENTS origin=[-0.08544937895448516, 0.6026666715709497, -0.10447493103953014] dt=1.04166666666666665e-3 non_surface_potential_defect_j=-1.25767452008318514e-16 prescribed_surface_defect_j=2.77023514365785581e-4 kinematic_defect_j=2.20372088978492472e-10 arithmetic_remainder_j=-1.01826912787122970e-16
IMPLICIT_WORK_REJECTION dt=1.04166666666666665e-3 defect_j=2.77023734737646965e-4 budget_j=1.25000000000000010e-6 maximum_kinematic_residual_m=1.45368064916225059e-11
IMPLICIT_QUADRATURE_RETRY attempt=3 panels=5 reason="implicit contact work defect"
IMPLICIT_WORK_COMPONENTS origin=[-0.08544937895448516, 0.6026666715709497, -0.10447493103953014] dt=1.04166666666666665e-3 non_surface_potential_defect_j=1.17787724018825202e-15 prescribed_surface_defect_j=4.97990573880887494e-5 kinematic_defect_j=2.36504170400878531e-10 arithmetic_remainder_j=-4.40606210370952933e-16
IMPLICIT_WORK_REJECTION dt=1.04166666666666665e-3 defect_j=4.97992938929964213e-5 budget_j=1.25000000000000010e-6 maximum_kinematic_residual_m=2.65968982948727728e-11
IMPLICIT_QUADRATURE_RETRY attempt=4 panels=6 reason="implicit contact work defect"
IMPLICIT_WORK_COMPONENTS origin=[-0.08544937895448516, 0.6026666715709497, -0.10447493103953014] dt=1.04166666666666665e-3 non_surface_potential_defect_j=-1.67834496300756086e-16 prescribed_surface_defect_j=5.56776833810640470e-6 kinematic_defect_j=-9.37473665557143118e-11 arithmetic_remainder_j=2.08515794691485623e-16
IMPLICIT_WORK_REJECTION dt=1.04166666666666665e-3 defect_j=5.56767459078053029e-6 budget_j=1.25000000000000010e-6 maximum_kinematic_residual_m=2.96050420886106308e-10
IMPLICIT_QUADRATURE_RETRY attempt=5 panels=7 reason="implicit contact work defect"
IMPLICIT_WORK_COMPONENTS origin=[-0.08543780968806758, 0.6030289234762405, -0.10450950118961949] dt=1.04166666666666665e-3 non_surface_potential_defect_j=1.24206200879939388e-15 prescribed_surface_defect_j=-1.32784032457216976e-3 kinematic_defect_j=-7.32905594910291877e-10 arithmetic_remainder_j=-4.91604370059239848e-16
IMPLICIT_WORK_REJECTION dt=1.04166666666666665e-3 defect_j=-1.32784105747701421e-3 budget_j=1.25000000000000010e-6 maximum_kinematic_residual_m=3.63827963524750164e-11
IMPLICIT_QUADRATURE_RETRY attempt=0 panels=2 reason="implicit contact work defect"
IMPLICIT_WORK_COMPONENTS origin=[-0.08543780968806758, 0.6030289234762405, -0.10450950118961949] dt=1.04166666666666665e-3 non_surface_potential_defect_j=-1.57165946923498723e-15 prescribed_surface_defect_j=-7.03987536363876593e-4 kinematic_defect_j=-5.49414935852114142e-10 arithmetic_remainder_j=-6.11927094282607720e-16
IMPLICIT_WORK_REJECTION dt=1.04166666666666665e-3 defect_j=-7.03988085780996031e-4 budget_j=1.25000000000000010e-6 maximum_kinematic_residual_m=3.75863394770116488e-11
IMPLICIT_QUADRATURE_RETRY attempt=1 panels=3 reason="implicit contact work defect"
IMPLICIT_WORK_COMPONENTS origin=[-0.08543780968806758, 0.6030289234762405, -0.10450950118961949] dt=1.04166666666666665e-3 non_surface_potential_defect_j=-9.12464548363800532e-16 prescribed_surface_defect_j=-2.81073274453801439e-4 kinematic_defect_j=-4.46911164803440565e-10 arithmetic_remainder_j=-6.54417655048672442e-17
IMPLICIT_WORK_REJECTION dt=1.04166666666666665e-3 defect_j=-2.81073721365944149e-4 budget_j=1.25000000000000010e-6 maximum_kinematic_residual_m=3.76500417756560346e-11
IMPLICIT_QUADRATURE_RETRY attempt=2 panels=4 reason="implicit contact work defect"
IMPLICIT_WORK_COMPONENTS origin=[-0.08543780968806758, 0.6030289234762405, -0.10450950118961949] dt=1.04166666666666665e-3 non_surface_potential_defect_j=-1.36002320516581676e-15 prescribed_surface_defect_j=-7.35342552939510091e-5 kinematic_defect_j=-4.00555595094463646e-10 arithmetic_remainder_j=-2.26056152963227674e-16
IMPLICIT_WORK_REJECTION dt=1.04166666666666665e-3 defect_j=-7.35346558511321829e-5 budget_j=1.25000000000000010e-6 maximum_kinematic_residual_m=3.76304966462522039e-11
IMPLICIT_QUADRATURE_RETRY attempt=3 panels=5 reason="implicit contact work defect"
IMPLICIT_WORK_COMPONENTS origin=[-0.08543780968806758, 0.6030289234762405, -0.10450950118961949] dt=1.04166666666666665e-3 non_surface_potential_defect_j=-1.04083408558608426e-16 prescribed_surface_defect_j=-1.07181547004033678e-5 kinematic_defect_j=-3.86109579608061781e-10 arithmetic_remainder_j=-1.13221199993587818e-16
IMPLICIT_WORK_REJECTION dt=1.04166666666666665e-3 defect_j=-1.07185408102002805e-5 budget_j=1.25000000000000010e-6 maximum_kinematic_residual_m=3.76214619353387736e-11
IMPLICIT_QUADRATURE_RETRY attempt=4 panels=6 reason="implicit contact work defect"
IMPLICIT_FEASIBLE_VELOCITY_PREDICTOR dt=1.04166666666666665e-3
IMPLICIT_FEASIBLE_VELOCITY_PREDICTOR dt=1.04166666666666665e-3
IMPLICIT_FEASIBLE_VELOCITY_PREDICTOR dt=1.04166666666666665e-3
IMPLICIT_FEASIBLE_VELOCITY_PREDICTOR dt=1.04166666666666665e-3
IMPLICIT_FEASIBLE_VELOCITY_PREDICTOR dt=1.04166666666666665e-3
IMPLICIT_FEASIBLE_VELOCITY_PREDICTOR dt=1.04166666666666665e-3
IMPLICIT_FEASIBLE_VELOCITY_PREDICTOR dt=1.04166666666666665e-3
IMPLICIT_WORK_COMPONENTS origin=[-0.08538720780445448, 0.6034594717692989, -0.10465627436693879] dt=1.04166666666666665e-3 non_surface_potential_defect_j=-9.07477218370367211e-16 prescribed_surface_defect_j=1.04917083408233303e-3 kinematic_defect_j=-1.28989410115804091e-10 arithmetic_remainder_j=-8.57786877552640936e-16
IMPLICIT_WORK_REJECTION dt=1.04166666666666665e-3 defect_j=1.04917070509115765e-3 budget_j=1.25000000000000010e-6 maximum_kinematic_residual_m=2.39561221265602471e-11
IMPLICIT_QUADRATURE_RETRY attempt=0 panels=2 reason="implicit contact work defect"
IMPLICIT_FEASIBLE_VELOCITY_PREDICTOR dt=1.04166666666666665e-3
IMPLICIT_FEASIBLE_VELOCITY_PREDICTOR dt=1.04166666666666665e-3
IMPLICIT_FEASIBLE_VELOCITY_PREDICTOR dt=1.04166666666666665e-3
IMPLICIT_FEASIBLE_VELOCITY_PREDICTOR dt=1.04166666666666665e-3
IMPLICIT_FEASIBLE_VELOCITY_PREDICTOR dt=1.04166666666666665e-3
IMPLICIT_FEASIBLE_VELOCITY_PREDICTOR dt=1.04166666666666665e-3
IMPLICIT_WORK_COMPONENTS origin=[-0.08538720780445448, 0.6034594717692989, -0.10465627436693879] dt=1.04166666666666665e-3 non_surface_potential_defect_j=2.14953922716976109e-15 prescribed_surface_defect_j=2.07841973588784520e-4 kinematic_defect_j=-1.02605663489538861e-9 arithmetic_remainder_j=-1.44792659036597354e-16
IMPLICIT_WORK_REJECTION dt=1.04166666666666665e-3 defect_j=2.07840947534154372e-4 budget_j=1.25000000000000010e-6 maximum_kinematic_residual_m=9.05773182477941086e-10
IMPLICIT_QUADRATURE_RETRY attempt=1 panels=3 reason="implicit contact work defect"
IMPLICIT_WORK_COMPONENTS origin=[-0.08538720780445448, 0.6034594717692989, -0.10465627436693879] dt=1.04166666666666665e-3 non_surface_potential_defect_j=-5.57930437961040582e-16 prescribed_surface_defect_j=3.45900358828931526e-5 kinematic_defect_j=2.59385076090845211e-10 arithmetic_remainder_j=-8.82062841820949184e-16
IMPLICIT_WORK_REJECTION dt=1.04166666666666665e-3 defect_j=3.45902952665292501e-5 budget_j=1.25000000000000010e-6 maximum_kinematic_residual_m=7.90572024077923485e-12
IMPLICIT_QUADRATURE_RETRY attempt=2 panels=4 reason="implicit contact work defect"
IMPLICIT_WORK_COMPONENTS origin=[-0.08538720780445448, 0.6034594717692989, -0.10465627436693879] dt=1.04166666666666665e-3 non_surface_potential_defect_j=-8.93382590128055654e-16 prescribed_surface_defect_j=3.42044381564099442e-6 kinematic_defect_j=-4.28682070200073618e-11 arithmetic_remainder_j=-3.33294759250358369e-16
IMPLICIT_WORK_REJECTION dt=1.04166666666666665e-3 defect_j=3.42040094620729707e-6 budget_j=1.25000000000000010e-6 maximum_kinematic_residual_m=1.86385294490134601e-12
IMPLICIT_QUADRATURE_RETRY attempt=3 panels=5 reason="implicit contact work defect"
IMPLICIT_FEASIBLE_VELOCITY_PREDICTOR dt=1.04166666666666665e-3
IMPLICIT_WORK_COMPONENTS origin=[-0.08536164052752626, 0.6035379973603121, -0.10467297364615538] dt=1.04166666666666665e-3 non_surface_potential_defect_j=2.02268757298895707e-15 prescribed_surface_defect_j=-6.96388933593621723e-4 kinematic_defect_j=7.55347828491366837e-10 arithmetic_remainder_j=-5.57649223022552154e-16
IMPLICIT_WORK_REJECTION dt=1.04166666666666665e-3 defect_j=-6.96388178244328193e-4 budget_j=1.25000000000000010e-6 maximum_kinematic_residual_m=7.20932332386702013e-11
IMPLICIT_QUADRATURE_RETRY attempt=0 panels=2 reason="implicit contact work defect"
IMPLICIT_FEASIBLE_VELOCITY_PREDICTOR dt=1.04166666666666665e-3
IMPLICIT_WORK_COMPONENTS origin=[-0.08536164052752626, 0.6035379973603121, -0.10467297364615538] dt=1.04166666666666665e-3 non_surface_potential_defect_j=1.23165366794353304e-15 prescribed_surface_defect_j=-2.73568609440152932e-4 kinematic_defect_j=7.43827055491356158e-10 arithmetic_remainder_j=-2.06418541114083975e-16
IMPLICIT_WORK_REJECTION dt=1.04166666666666665e-3 defect_j=-2.73567865612072206e-4 budget_j=1.25000000000000010e-6 maximum_kinematic_residual_m=7.83025944024783385e-11
IMPLICIT_QUADRATURE_RETRY attempt=1 panels=3 reason="implicit contact work defect"
IMPLICIT_FEASIBLE_VELOCITY_PREDICTOR dt=1.04166666666666665e-3
IMPLICIT_WORK_COMPONENTS origin=[-0.08536164052752626, 0.6035379973603121, -0.10467297364615538] dt=1.04166666666666665e-3 non_surface_potential_defect_j=-2.55004350968590643e-16 prescribed_surface_defect_j=-7.01523698170454513e-5 kinematic_defect_j=7.25775120415746069e-10 arithmetic_remainder_j=-7.07624876663398572e-16
IMPLICIT_WORK_REJECTION dt=1.04166666666666665e-3 defect_j=-7.01516440428876648e-5 budget_j=1.25000000000000010e-6 maximum_kinematic_residual_m=8.26056830360508143e-11
IMPLICIT_QUADRATURE_RETRY attempt=2 panels=4 reason="implicit contact work defect"
IMPLICIT_FEASIBLE_VELOCITY_PREDICTOR dt=1.04166666666666665e-3
IMPLICIT_WORK_COMPONENTS origin=[-0.08536164052752626, 0.6035379973603121, -0.10467297364615538] dt=1.04166666666666665e-3 non_surface_potential_defect_j=3.90312782094781596e-16 prescribed_surface_defect_j=-9.99390736602240315e-6 kinematic_defect_j=7.18175046714945430e-10 arithmetic_remainder_j=-1.33079040409017635e-16
IMPLICIT_WORK_REJECTION dt=1.04166666666666665e-3 defect_j=-9.99318919071845446e-6 budget_j=1.25000000000000010e-6 maximum_kinematic_residual_m=8.42027416487946961e-11
IMPLICIT_QUADRATURE_RETRY attempt=3 panels=5 reason="implicit contact work defect"
IMPLICIT_FEASIBLE_VELOCITY_PREDICTOR dt=1.04166666666666665e-3
IMPLICIT_FEASIBLE_VELOCITY_PREDICTOR dt=1.04166666666666665e-3
IMPLICIT_FEASIBLE_VELOCITY_PREDICTOR dt=1.04166666666666665e-3
IMPLICIT_FEASIBLE_VELOCITY_PREDICTOR dt=1.04166666666666665e-3
IMPLICIT_FEASIBLE_VELOCITY_PREDICTOR dt=1.04166666666666665e-3
IMPLICIT_FEASIBLE_VELOCITY_PREDICTOR dt=1.04166666666666665e-3
IMPLICIT_FEASIBLE_VELOCITY_PREDICTOR dt=1.04166666666666665e-3
IMPLICIT_FEASIBLE_VELOCITY_PREDICTOR dt=1.04166666666666665e-3
IMPLICIT_FEASIBLE_VELOCITY_PREDICTOR dt=1.04166666666666665e-3
IMPLICIT_FEASIBLE_VELOCITY_PREDICTOR dt=1.04166666666666665e-3
IMPLICIT_FEASIBLE_VELOCITY_PREDICTOR dt=1.04166666666666665e-3
IMPLICIT_FEASIBLE_VELOCITY_PREDICTOR dt=1.04166666666666665e-3
IMPLICIT_FEASIBLE_VELOCITY_PREDICTOR dt=1.04166666666666665e-3
IMPLICIT_FEASIBLE_VELOCITY_PREDICTOR dt=1.04166666666666665e-3
IMPLICIT_FEASIBLE_VELOCITY_PREDICTOR dt=1.04166666666666665e-3
IMPLICIT_FEASIBLE_VELOCITY_PREDICTOR dt=1.04166666666666665e-3
IMPLICIT_FEASIBLE_VELOCITY_PREDICTOR dt=1.04166666666666665e-3
IMPLICIT_WORK_COMPONENTS origin=[-0.08536725288179794, 0.6036822572492733, -0.10444244302453115] dt=1.04166666666666665e-3 non_surface_potential_defect_j=7.68482499857725543e-16 prescribed_surface_defect_j=7.71374358925838721e-5 kinematic_defect_j=1.67924299120071011e-10 arithmetic_remainder_j=-2.84149060617716609e-16
IMPLICIT_WORK_REJECTION dt=1.04166666666666665e-3 defect_j=7.71376038173673256e-5 budget_j=1.25000000000000010e-6 maximum_kinematic_residual_m=1.17162166470355378e-11
IMPLICIT_QUADRATURE_RETRY attempt=0 panels=2 reason="implicit contact work defect"
IMPLICIT_FEASIBLE_VELOCITY_PREDICTOR dt=1.04166666666666665e-3
IMPLICIT_WORK_COMPONENTS origin=[-0.08536725288179794, 0.6036822572492733, -0.10444244302453115] dt=1.04166666666666665e-3 non_surface_potential_defect_j=-3.09127723419067024e-15 prescribed_surface_defect_j=9.79983028523423449e-6 kinematic_defect_j=-9.86361934647963026e-11 arithmetic_remainder_j=1.21932086823151042e-16
IMPLICIT_WORK_REJECTION dt=1.04166666666666665e-3 defect_j=9.79973164607142455e-6 budget_j=1.25000000000000010e-6 maximum_kinematic_residual_m=4.73153075964197201e-12
IMPLICIT_QUADRATURE_RETRY attempt=1 panels=3 reason="implicit contact work defect"
IMPLICIT_FEASIBLE_VELOCITY_PREDICTOR dt=1.04166666666666665e-3
IMPLICIT_FEASIBLE_VELOCITY_PREDICTOR dt=1.04166666666666665e-3
IMPLICIT_FEASIBLE_VELOCITY_PREDICTOR dt=1.04166666666666665e-3
IMPLICIT_FEASIBLE_VELOCITY_PREDICTOR dt=1.04166666666666665e-3
IMPLICIT_FEASIBLE_VELOCITY_PREDICTOR dt=1.04166666666666665e-3
IMPLICIT_FEASIBLE_VELOCITY_PREDICTOR dt=1.04166666666666665e-3
IMPLICIT_FEASIBLE_VELOCITY_PREDICTOR dt=1.04166666666666665e-3
IMPLICIT_FEASIBLE_VELOCITY_PREDICTOR dt=1.04166666666666665e-3
IMPLICIT_FEASIBLE_VELOCITY_PREDICTOR dt=1.04166666666666665e-3
IMPLICIT_FEASIBLE_VELOCITY_PREDICTOR dt=1.04166666666666665e-3
IMPLICIT_FEASIBLE_VELOCITY_PREDICTOR dt=1.04166666666666665e-3
IMPLICIT_FEASIBLE_VELOCITY_PREDICTOR dt=1.04166666666666665e-3
IMPLICIT_FEASIBLE_VELOCITY_PREDICTOR dt=1.04166666666666665e-3
IMPLICIT_FEASIBLE_VELOCITY_PREDICTOR dt=1.04166666666666665e-3
IMPLICIT_FEASIBLE_VELOCITY_PREDICTOR dt=1.04166666666666665e-3
IMPLICIT_FEASIBLE_VELOCITY_PREDICTOR dt=1.04166666666666665e-3
IMPLICIT_FEASIBLE_VELOCITY_PREDICTOR dt=1.04166666666666665e-3
IMPLICIT_FEASIBLE_VELOCITY_PREDICTOR dt=1.04166666666666665e-3
IMPLICIT_FEASIBLE_VELOCITY_PREDICTOR dt=1.04166666666666665e-3
IMPLICIT_FEASIBLE_VELOCITY_PREDICTOR dt=1.04166666666666665e-3
IMPLICIT_FEASIBLE_VELOCITY_PREDICTOR dt=1.04166666666666665e-3
IMPLICIT_FEASIBLE_VELOCITY_PREDICTOR dt=1.04166666666666665e-3
IMPLICIT_FEASIBLE_VELOCITY_PREDICTOR dt=1.04166666666666665e-3
IMPLICIT_FEASIBLE_VELOCITY_PREDICTOR dt=1.04166666666666665e-3
IMPLICIT_FEASIBLE_VELOCITY_PREDICTOR dt=1.04166666666666665e-3
IMPLICIT_FEASIBLE_VELOCITY_PREDICTOR dt=1.04166666666666665e-3
IMPLICIT_FEASIBLE_VELOCITY_PREDICTOR dt=1.04166666666666665e-3
IMPLICIT_FEASIBLE_VELOCITY_PREDICTOR dt=1.04166666666666665e-3
IMPLICIT_FEASIBLE_VELOCITY_PREDICTOR dt=1.04166666666666665e-3
IMPLICIT_FEASIBLE_VELOCITY_PREDICTOR dt=1.04166666666666665e-3
IMPLICIT_FEASIBLE_VELOCITY_PREDICTOR dt=1.04166666666666665e-3
IMPLICIT_FEASIBLE_VELOCITY_PREDICTOR dt=1.04166666666666665e-3
IMPLICIT_FEASIBLE_VELOCITY_PREDICTOR dt=1.04166666666666665e-3
IMPLICIT_FEASIBLE_VELOCITY_PREDICTOR dt=1.04166666666666665e-3
IMPLICIT_FEASIBLE_VELOCITY_PREDICTOR dt=1.04166666666666665e-3
IMPLICIT_FEASIBLE_VELOCITY_PREDICTOR dt=1.04166666666666665e-3
IMPLICIT_FEASIBLE_VELOCITY_PREDICTOR dt=1.04166666666666665e-3
IMPLICIT_FEASIBLE_VELOCITY_PREDICTOR dt=1.04166666666666665e-3
IMPLICIT_FEASIBLE_VELOCITY_PREDICTOR dt=1.04166666666666665e-3
IMPLICIT_FEASIBLE_VELOCITY_PREDICTOR dt=1.04166666666666665e-3
IMPLICIT_FEASIBLE_VELOCITY_PREDICTOR dt=1.04166666666666665e-3
IMPLICIT_FEASIBLE_VELOCITY_PREDICTOR dt=1.04166666666666665e-3
IMPLICIT_FEASIBLE_VELOCITY_PREDICTOR dt=1.04166666666666665e-3
IMPLICIT_FEASIBLE_VELOCITY_PREDICTOR dt=1.04166666666666665e-3
IMPLICIT_FEASIBLE_VELOCITY_PREDICTOR dt=1.04166666666666665e-3
IMPLICIT_FEASIBLE_VELOCITY_PREDICTOR dt=1.04166666666666665e-3
IMPLICIT_FEASIBLE_VELOCITY_PREDICTOR dt=1.04166666666666665e-3
IMPLICIT_FEASIBLE_VELOCITY_PREDICTOR dt=1.04166666666666665e-3
IMPLICIT_FEASIBLE_VELOCITY_PREDICTOR dt=1.04166666666666665e-3
IMPLICIT_FEASIBLE_VELOCITY_PREDICTOR dt=1.04166666666666665e-3
IMPLICIT_FEASIBLE_VELOCITY_PREDICTOR dt=1.04166666666666665e-3
IMPLICIT_FEASIBLE_VELOCITY_PREDICTOR dt=1.04166666666666665e-3
IMPLICIT_FEASIBLE_VELOCITY_PREDICTOR dt=1.04166666666666665e-3
IMPLICIT_FEASIBLE_VELOCITY_PREDICTOR dt=1.04166666666666665e-3
IMPLICIT_FEASIBLE_VELOCITY_PREDICTOR dt=1.04166666666666665e-3
IMPLICIT_FEASIBLE_VELOCITY_PREDICTOR dt=1.04166666666666665e-3
IMPLICIT_FEASIBLE_VELOCITY_PREDICTOR dt=1.04166666666666665e-3
IMPLICIT_FEASIBLE_VELOCITY_PREDICTOR dt=1.04166666666666665e-3
IMPLICIT_FEASIBLE_VELOCITY_PREDICTOR dt=1.04166666666666665e-3
IMPLICIT_FEASIBLE_VELOCITY_PREDICTOR dt=1.04166666666666665e-3
IMPLICIT_FEASIBLE_VELOCITY_PREDICTOR dt=1.04166666666666665e-3
IMPLICIT_FEASIBLE_VELOCITY_PREDICTOR dt=1.04166666666666665e-3
IMPLICIT_FEASIBLE_VELOCITY_PREDICTOR dt=1.04166666666666665e-3
IMPLICIT_FEASIBLE_VELOCITY_PREDICTOR dt=1.04166666666666665e-3
IMPLICIT_FEASIBLE_VELOCITY_PREDICTOR dt=1.04166666666666665e-3
IMPLICIT_FEASIBLE_VELOCITY_PREDICTOR dt=1.04166666666666665e-3
IMPLICIT_FEASIBLE_VELOCITY_PREDICTOR dt=1.04166666666666665e-3
IMPLICIT_FEASIBLE_VELOCITY_PREDICTOR dt=1.04166666666666665e-3
IMPLICIT_WORK_COMPONENTS origin=[-0.08450588879030797, 0.6051006309105816, -0.1020053249725837] dt=1.04166666666666665e-3 non_surface_potential_defect_j=1.02001740387436257e-15 prescribed_surface_defect_j=-3.59534204749656361e-6 kinematic_defect_j=-4.79140615770948473e-10 arithmetic_remainder_j=5.23585422471806042e-16
IMPLICIT_WORK_REJECTION dt=1.04166666666666665e-3 defect_j=-3.59582118656873173e-6 budget_j=1.25000000000000010e-6 maximum_kinematic_residual_m=1.86388313095330049e-11
IMPLICIT_FEASIBLE_VELOCITY_PREDICTOR dt=1.04166666666666665e-3
IMPLICIT_QUADRATURE_RETRY attempt=0 panels=2 reason="implicit contact work defect"
IMPLICIT_FEASIBLE_VELOCITY_PREDICTOR dt=1.04166666666666665e-3
IMPLICIT_FEASIBLE_VELOCITY_PREDICTOR dt=1.04166666666666665e-3
IMPLICIT_FEASIBLE_VELOCITY_PREDICTOR dt=1.04166666666666665e-3
IMPLICIT_FEASIBLE_VELOCITY_PREDICTOR dt=1.04166666666666665e-3
IMPLICIT_FEASIBLE_VELOCITY_PREDICTOR dt=1.04166666666666665e-3
IMPLICIT_FEASIBLE_VELOCITY_PREDICTOR dt=1.04166666666666665e-3
IMPLICIT_FEASIBLE_VELOCITY_PREDICTOR dt=1.04166666666666665e-3
IMPLICIT_FEASIBLE_VELOCITY_PREDICTOR dt=1.04166666666666665e-3
IMPLICIT_WORK_COMPONENTS origin=[-0.08450588879030797, 0.6051006309105816, -0.1020053249725837] dt=1.04166666666666665e-3 non_surface_potential_defect_j=-3.06005221162308771e-15 prescribed_surface_defect_j=8.64375519350930877e-6 kinematic_defect_j=-1.80915214271624578e-11 arithmetic_remainder_j=3.38361657401274390e-16
IMPLICIT_WORK_REJECTION dt=1.04166666666666665e-3 defect_j=8.64373709926619105e-6 budget_j=1.25000000000000010e-6 maximum_kinematic_residual_m=1.84088674208895964e-11
IMPLICIT_QUADRATURE_RETRY attempt=1 panels=3 reason="implicit contact work defect"
IMPLICIT_FEASIBLE_VELOCITY_PREDICTOR dt=1.04166666666666665e-3
IMPLICIT_WORK_COMPONENTS origin=[-0.08450588879030797, 0.6051006309105816, -0.1020053249725837] dt=1.04166666666666665e-3 non_surface_potential_defect_j=-1.66186508998578120e-15 prescribed_surface_defect_j=2.00956011193326178e-6 kinematic_defect_j=3.82882026169803837e-11 arithmetic_remainder_j=1.12609695145229416e-16
IMPLICIT_WORK_REJECTION dt=1.04166666666666665e-3 defect_j=2.00959839858662337e-6 budget_j=1.25000000000000010e-6 maximum_kinematic_residual_m=2.04758058381868113e-11
IMPLICIT_QUADRATURE_RETRY attempt=2 panels=4 reason="implicit contact work defect"
IMPLICIT_FEASIBLE_VELOCITY_PREDICTOR dt=1.04166666666666665e-3
IMPLICIT_FEASIBLE_VELOCITY_PREDICTOR dt=1.04166666666666665e-3
IMPLICIT_FEASIBLE_VELOCITY_PREDICTOR dt=1.04166666666666665e-3
IMPLICIT_FEASIBLE_VELOCITY_PREDICTOR dt=1.04166666666666665e-3
WIDE_IMPORTED_CONTACT_COMMITTED step=60
IMPLICIT_FEASIBLE_VELOCITY_PREDICTOR dt=1.04166666666666665e-3
IMPLICIT_FEASIBLE_VELOCITY_PREDICTOR dt=1.04166666666666665e-3
IMPLICIT_FEASIBLE_VELOCITY_PREDICTOR dt=1.04166666666666665e-3
IMPLICIT_FEASIBLE_VELOCITY_PREDICTOR dt=1.04166666666666665e-3
IMPLICIT_FEASIBLE_VELOCITY_PREDICTOR dt=1.04166666666666665e-3
IMPLICIT_FEASIBLE_VELOCITY_PREDICTOR dt=1.04166666666666665e-3
IMPLICIT_FEASIBLE_VELOCITY_PREDICTOR dt=1.04166666666666665e-3
IMPLICIT_FEASIBLE_VELOCITY_PREDICTOR dt=1.04166666666666665e-3
IMPLICIT_FEASIBLE_VELOCITY_PREDICTOR dt=1.04166666666666665e-3
IMPLICIT_FEASIBLE_VELOCITY_PREDICTOR dt=1.04166666666666665e-3
IMPLICIT_FEASIBLE_VELOCITY_PREDICTOR dt=1.04166666666666665e-3
IMPLICIT_FEASIBLE_VELOCITY_PREDICTOR dt=1.04166666666666665e-3
IMPLICIT_FEASIBLE_VELOCITY_PREDICTOR dt=1.04166666666666665e-3
IMPLICIT_FEASIBLE_VELOCITY_PREDICTOR dt=1.04166666666666665e-3
IMPLICIT_FEASIBLE_VELOCITY_PREDICTOR dt=1.04166666666666665e-3
IMPLICIT_WORK_COMPONENTS origin=[-0.08399652160855291, 0.6060184470437232, -0.10138751216038638] dt=1.04166666666666665e-3 non_surface_potential_defect_j=-1.17961196366422882e-15 prescribed_surface_defect_j=-2.25161112380153666e-6 kinematic_defect_j=7.18970899641149536e-10 arithmetic_remainder_j=-5.17279632756412200e-16
IMPLICIT_WORK_REJECTION dt=1.04166666666666665e-3 defect_j=-2.25089215459878711e-6 budget_j=1.25000000000000010e-6 maximum_kinematic_residual_m=3.14933034078340723e-11
IMPLICIT_QUADRATURE_RETRY attempt=0 panels=2 reason="implicit contact work defect"
IMPLICIT_FEASIBLE_VELOCITY_PREDICTOR dt=1.04166666666666665e-3
IMPLICIT_FEASIBLE_VELOCITY_PREDICTOR dt=1.04166666666666665e-3
IMPLICIT_WORK_COMPONENTS origin=[-0.08389880952842985, 0.6063050517132698, -0.10126928509350011] dt=1.04166666666666665e-3 non_surface_potential_defect_j=1.85962356624713721e-15 prescribed_surface_defect_j=-2.78265558473249830e-6 kinematic_defect_j=6.84360014620493740e-10 arithmetic_remainder_j=-1.13189859774539409e-16
IMPLICIT_WORK_REJECTION dt=1.04166666666666665e-3 defect_j=-2.78197122297144410e-6 budget_j=1.25000000000000010e-6 maximum_kinematic_residual_m=2.88348932980851767e-11
IMPLICIT_QUADRATURE_RETRY attempt=0 panels=2 reason="implicit contact work defect"
IMPLICIT_FEASIBLE_VELOCITY_PREDICTOR dt=1.04166666666666665e-3
IMPLICIT_FEASIBLE_VELOCITY_PREDICTOR dt=1.04166666666666665e-3
IMPLICIT_FEASIBLE_VELOCITY_PREDICTOR dt=1.04166666666666665e-3
IMPLICIT_FEASIBLE_VELOCITY_PREDICTOR dt=1.04166666666666665e-3
IMPLICIT_FEASIBLE_VELOCITY_PREDICTOR dt=1.04166666666666665e-3
IMPLICIT_FEASIBLE_VELOCITY_PREDICTOR dt=1.04166666666666665e-3
IMPLICIT_FEASIBLE_VELOCITY_PREDICTOR dt=1.04166666666666665e-3
IMPLICIT_WORK_COMPONENTS origin=[-0.08378295381154915, 0.6065769279604635, -0.10123746532948429] dt=1.04166666666666665e-3 non_surface_potential_defect_j=-6.93889390390722838e-16 prescribed_surface_defect_j=5.36683568532597233e-4 kinematic_defect_j=8.68239617526350970e-10 arithmetic_remainder_j=-2.91605068135922588e-16
IMPLICIT_WORK_REJECTION dt=1.04166666666666665e-3 defect_j=5.36684436771229264e-4 budget_j=1.25000000000000010e-6 maximum_kinematic_residual_m=1.51528711453408071e-11
IMPLICIT_QUADRATURE_RETRY attempt=0 panels=2 reason="implicit contact work defect"
IMPLICIT_FEASIBLE_VELOCITY_PREDICTOR dt=1.04166666666666665e-3
IMPLICIT_FEASIBLE_VELOCITY_PREDICTOR dt=1.04166666666666665e-3
IMPLICIT_FEASIBLE_VELOCITY_PREDICTOR dt=1.04166666666666665e-3
IMPLICIT_FEASIBLE_VELOCITY_PREDICTOR dt=1.04166666666666665e-3
IMPLICIT_FEASIBLE_VELOCITY_PREDICTOR dt=1.04166666666666665e-3
IMPLICIT_FEASIBLE_VELOCITY_PREDICTOR dt=1.04166666666666665e-3
IMPLICIT_WORK_COMPONENTS origin=[-0.08378295381154915, 0.6065769279604635, -0.10123746532948429] dt=1.04166666666666665e-3 non_surface_potential_defect_j=1.03042574473022341e-15 prescribed_surface_defect_j=1.04016807663572268e-4 kinematic_defect_j=-3.61144636669037813e-10 arithmetic_remainder_j=-4.78010338288755582e-17
IMPLICIT_WORK_REJECTION dt=1.04166666666666665e-3 defect_j=1.04016446519918223e-4 budget_j=1.25000000000000010e-6 maximum_kinematic_residual_m=5.79522302542045953e-12
IMPLICIT_QUADRATURE_RETRY attempt=1 panels=3 reason="implicit contact work defect"
IMPLICIT_WORK_COMPONENTS origin=[-0.08378295381154915, 0.6065769279604635, -0.10123746532948429] dt=1.04166666666666665e-3 non_surface_potential_defect_j=-2.44596010112729800e-15 prescribed_surface_defect_j=1.44406221821744918e-5 kinematic_defect_j=3.21048631498566865e-10 arithmetic_remainder_j=3.53641337676353917e-16
IMPLICIT_WORK_REJECTION dt=1.04166666666666665e-3 defect_j=1.44409432287136716e-5 budget_j=1.25000000000000010e-6 maximum_kinematic_residual_m=5.01766255498262148e-12
IMPLICIT_QUADRATURE_RETRY attempt=2 panels=4 reason="implicit contact work defect"
IMPLICIT_STAGE_REJECTION stage="local contact quadrature" dt=1.04166666666666665e-3 error="closed surface contact gap"
IMPLICIT_FEASIBLE_VELOCITY_PREDICTOR dt=1.04166666666666665e-3
IMPLICIT_WORK_COMPONENTS origin=[-0.08364907251238111, 0.6068933047333853, -0.10127106440577723] dt=1.04166666666666665e-3 non_surface_potential_defect_j=2.64371857738865401e-15 prescribed_surface_defect_j=-1.17406264748080792e-3 kinematic_defect_j=-9.44109428987548822e-10 arithmetic_remainder_j=-8.80040974175853169e-16
IMPLICIT_WORK_REJECTION dt=1.04166666666666665e-3 defect_j=-1.17406359158847323e-3 budget_j=1.25000000000000010e-6 maximum_kinematic_residual_m=1.16562264967099219e-10
IMPLICIT_QUADRATURE_RETRY attempt=0 panels=2 reason="implicit contact work defect"
IMPLICIT_STAGE_REJECTION stage="local contact quadrature" dt=1.04166666666666665e-3 error="closed surface contact gap"
IMPLICIT_FEASIBLE_VELOCITY_PREDICTOR dt=1.04166666666666665e-3
IMPLICIT_WORK_COMPONENTS origin=[-0.08364907251238111, 0.6068933047333853, -0.10127106440577723] dt=1.04166666666666665e-3 non_surface_potential_defect_j=1.83186799063150829e-15 prescribed_surface_defect_j=-5.56731281940774743e-4 kinematic_defect_j=-9.71993623484453318e-10 arithmetic_remainder_j=-5.12735724510866506e-16
IMPLICIT_WORK_REJECTION dt=1.04166666666666665e-3 defect_j=-5.56732253933079095e-4 budget_j=1.25000000000000010e-6 maximum_kinematic_residual_m=1.16435695313903478e-10
IMPLICIT_QUADRATURE_RETRY attempt=1 panels=3 reason="implicit contact work defect"
IMPLICIT_STAGE_REJECTION stage="local contact quadrature" dt=1.04166666666666665e-3 error="closed surface contact gap"
IMPLICIT_FEASIBLE_VELOCITY_PREDICTOR dt=1.04166666666666665e-3
IMPLICIT_WORK_COMPONENTS origin=[-0.08364907251238111, 0.6068933047333853, -0.10127106440577723] dt=1.04166666666666665e-3 non_surface_potential_defect_j=1.13103970633687823e-15 prescribed_surface_defect_j=-1.90592342244019102e-4 kinematic_defect_j=-9.99861034869270368e-10 arithmetic_remainder_j=-3.34177791097870977e-16
IMPLICIT_WORK_REJECTION dt=1.04166666666666665e-3 defect_j=-1.90593342104257110e-4 budget_j=1.25000000000000010e-6 maximum_kinematic_residual_m=1.18852547541150461e-10
IMPLICIT_QUADRATURE_RETRY attempt=2 panels=4 reason="implicit contact work defect"
IMPLICIT_STAGE_REJECTION stage="local contact quadrature" dt=1.04166666666666665e-3 error="closed surface contact gap"
IMPLICIT_FEASIBLE_VELOCITY_PREDICTOR dt=1.04166666666666665e-3
IMPLICIT_WORK_COMPONENTS origin=[-0.08364907251238111, 0.6068933047333853, -0.10127106440577723] dt=1.04166666666666665e-3 non_surface_potential_defect_j=0.00000000000000000e0 prescribed_surface_defect_j=-4.07964968428215034e-5 kinematic_defect_j=-1.01406824050300813e-9 arithmetic_remainder_j=-2.76155187178004149e-16
IMPLICIT_WORK_REJECTION dt=1.04166666666666665e-3 defect_j=-4.07975109113381616e-5 budget_j=1.25000000000000010e-6 maximum_kinematic_residual_m=1.20771261535260882e-10
IMPLICIT_QUADRATURE_RETRY attempt=3 panels=5 reason="implicit contact work defect"
IMPLICIT_STAGE_REJECTION stage="local contact quadrature" dt=1.04166666666666665e-3 error="closed surface contact gap"
IMPLICIT_FEASIBLE_VELOCITY_PREDICTOR dt=1.04166666666666665e-3
IMPLICIT_WORK_COMPONENTS origin=[-0.08364907251238111, 0.6068933047333853, -0.10127106440577723] dt=1.04166666666666665e-3 non_surface_potential_defect_j=-1.13103970633687823e-15 prescribed_surface_defect_j=-4.63419789151241820e-6 kinematic_defect_j=-1.01779697874004979e-9 arithmetic_remainder_j=-1.27839294597302533e-15
IMPLICIT_WORK_REJECTION dt=1.04166666666666665e-3 defect_j=-4.63521569090059090e-6 budget_j=1.25000000000000010e-6 maximum_kinematic_residual_m=1.21487277160957363e-10
IMPLICIT_QUADRATURE_RETRY attempt=4 panels=6 reason="implicit contact work defect"
IMPLICIT_STAGE_REJECTION stage="local contact quadrature" dt=1.04166666666666665e-3 error="closed surface contact gap"
IMPLICIT_FEASIBLE_VELOCITY_PREDICTOR dt=1.04166666666666665e-3
IMPLICIT_FEASIBLE_VELOCITY_PREDICTOR dt=1.04166666666666665e-3
IMPLICIT_WORK_COMPONENTS origin=[-0.0834966738297835, 0.6072694435214498, -0.1012737595404513] dt=1.04166666666666665e-3 non_surface_potential_defect_j=-2.51534904016637029e-16 prescribed_surface_defect_j=-7.76352987039400798e-6 kinematic_defect_j=5.06512362881774737e-10 arithmetic_remainder_j=4.22703321997786041e-17
IMPLICIT_WORK_REJECTION dt=1.04166666666666665e-3 defect_j=-7.76302335824039077e-6 budget_j=1.25000000000000010e-6 maximum_kinematic_residual_m=5.95558975399756996e-11
IMPLICIT_QUADRATURE_RETRY attempt=0 panels=2 reason="implicit contact work defect"
IMPLICIT_FEASIBLE_VELOCITY_PREDICTOR dt=1.04166666666666665e-3
IMPLICIT_WORK_COMPONENTS origin=[-0.0834966738297835, 0.6072694435214498, -0.1012737595404513] dt=1.04166666666666665e-3 non_surface_potential_defect_j=-2.16840434497100887e-16 prescribed_surface_defect_j=-3.12589787278857827e-6 kinematic_defect_j=5.01621754991053454e-10 arithmetic_remainder_j=2.79717384237682110e-16
IMPLICIT_WORK_REJECTION dt=1.04166666666666665e-3 defect_j=-3.12539625097071026e-6 budget_j=1.25000000000000010e-6 maximum_kinematic_residual_m=5.95520055116744926e-11
IMPLICIT_QUADRATURE_RETRY attempt=1 panels=3 reason="implicit contact work defect"
IMPLICIT_FEASIBLE_VELOCITY_PREDICTOR dt=1.04166666666666665e-3
IMPLICIT_FEASIBLE_VELOCITY_PREDICTOR dt=1.04166666666666665e-3
IMPLICIT_WORK_COMPONENTS origin=[-0.08332739235593167, 0.6076531414756741, -0.10119149255520755] dt=1.04166666666666665e-3 non_surface_potential_defect_j=5.37764277552810199e-16 prescribed_surface_defect_j=-2.99939261722211871e-5 kinematic_defect_j=4.33312013670855180e-10 arithmetic_remainder_j=3.95720240430053050e-16
IMPLICIT_WORK_REJECTION dt=1.04166666666666665e-3 defect_j=-2.99934928592740318e-5 budget_j=1.25000000000000010e-6 maximum_kinematic_residual_m=5.57371436331333125e-11
IMPLICIT_QUADRATURE_RETRY attempt=0 panels=2 reason="implicit contact work defect"
IMPLICIT_FEASIBLE_VELOCITY_PREDICTOR dt=1.04166666666666665e-3
IMPLICIT_WORK_COMPONENTS origin=[-0.08332739235593167, 0.6076531414756741, -0.10119149255520755] dt=1.04166666666666665e-3 non_surface_potential_defect_j=4.44089209850062616e-16 prescribed_surface_defect_j=1.66652386588943681e-6 kinematic_defect_j=4.35034510783586050e-10 arithmetic_remainder_j=1.34204408382739698e-15
IMPLICIT_WORK_REJECTION dt=1.04166666666666665e-3 defect_j=1.66695890218635369e-6 budget_j=1.25000000000000010e-6 maximum_kinematic_residual_m=5.57814200646128411e-11
IMPLICIT_QUADRATURE_RETRY attempt=1 panels=3 reason="implicit contact work defect"
IMPLICIT_FEASIBLE_VELOCITY_PREDICTOR dt=1.04166666666666665e-3
IMPLICIT_WORK_COMPONENTS origin=[-0.08332739235593167, 0.6076531414756741, -0.10119149255520755] dt=1.04166666666666665e-3 non_surface_potential_defect_j=-2.45636844198315885e-15 prescribed_surface_defect_j=-4.05810308717397721e-6 kinematic_defect_j=4.37747729451065247e-10 arithmetic_remainder_j=7.90366443082987646e-17
IMPLICIT_WORK_REJECTION dt=1.04166666666666665e-3 defect_j=-4.05766534182185794e-6 budget_j=1.25000000000000010e-6 maximum_kinematic_residual_m=5.57925382326310282e-11
IMPLICIT_QUADRATURE_RETRY attempt=2 panels=4 reason="implicit contact work defect"
IMPLICIT_FEASIBLE_VELOCITY_PREDICTOR dt=1.04166666666666665e-3
IMPLICIT_WORK_COMPONENTS origin=[-0.08332739235593167, 0.6076531414756741, -0.10119149255520755] dt=1.04166666666666665e-3 non_surface_potential_defect_j=1.41900380334902820e-15 prescribed_surface_defect_j=1.72911792186818949e-6 kinematic_defect_j=4.37672540630102704e-10 arithmetic_remainder_j=9.28017767341283994e-16
IMPLICIT_WORK_REJECTION dt=1.04166666666666665e-3 defect_j=1.72955559675584116e-6 budget_j=1.25000000000000010e-6 maximum_kinematic_residual_m=5.57919166595255422e-11
IMPLICIT_QUADRATURE_RETRY attempt=3 panels=5 reason="implicit contact work defect"
IMPLICIT_FEASIBLE_VELOCITY_PREDICTOR dt=1.04166666666666665e-3
IMPLICIT_FEASIBLE_VELOCITY_PREDICTOR dt=1.04166666666666665e-3
IMPLICIT_FEASIBLE_VELOCITY_PREDICTOR dt=1.04166666666666665e-3
IMPLICIT_FEASIBLE_VELOCITY_PREDICTOR dt=1.04166666666666665e-3
IMPLICIT_FEASIBLE_VELOCITY_PREDICTOR dt=1.04166666666666665e-3
IMPLICIT_FEASIBLE_VELOCITY_PREDICTOR dt=1.04166666666666665e-3
IMPLICIT_FEASIBLE_VELOCITY_PREDICTOR dt=1.04166666666666665e-3
IMPLICIT_STAGE_REJECTION stage="local contact quadrature" dt=1.04166666666666665e-3 error="closed surface contact gap"
IMPLICIT_FEASIBLE_VELOCITY_PREDICTOR dt=1.04166666666666665e-3
IMPLICIT_FEASIBLE_VELOCITY_PREDICTOR dt=1.04166666666666665e-3
IMPLICIT_FEASIBLE_VELOCITY_PREDICTOR dt=1.04166666666666665e-3
IMPLICIT_FEASIBLE_VELOCITY_PREDICTOR dt=1.04166666666666665e-3
IMPLICIT_WORK_COMPONENTS origin=[-0.08297535023043047, 0.6083686640314285, -0.1010865044295062] dt=1.04166666666666665e-3 non_surface_potential_defect_j=-2.30718222304915344e-15 prescribed_surface_defect_j=-6.44295073703523994e-5 kinematic_defect_j=4.38765228353242814e-10 arithmetic_remainder_j=-1.32916410083144809e-16
IMPLICIT_WORK_REJECTION dt=1.04166666666666665e-3 defect_j=-6.44290686075641448e-5 budget_j=1.25000000000000010e-6 maximum_kinematic_residual_m=3.36020316931383289e-11
IMPLICIT_QUADRATURE_RETRY attempt=0 panels=2 reason="implicit contact work defect"
IMPLICIT_FEASIBLE_VELOCITY_PREDICTOR dt=1.04166666666666665e-3
IMPLICIT_FEASIBLE_VELOCITY_PREDICTOR dt=1.04166666666666665e-3
IMPLICIT_FEASIBLE_VELOCITY_PREDICTOR dt=1.04166666666666665e-3
IMPLICIT_STAGE_REJECTION stage="local contact quadrature" dt=1.04166666666666665e-3 error="closed surface contact gap"
IMPLICIT_FEASIBLE_VELOCITY_PREDICTOR dt=1.04166666666666665e-3
IMPLICIT_WORK_COMPONENTS origin=[-0.08297535023043047, 0.6083686640314285, -0.1010865044295062] dt=1.04166666666666665e-3 non_surface_potential_defect_j=-8.04911692853238492e-16 prescribed_surface_defect_j=-8.81902682704172546e-6 kinematic_defect_j=4.32249494438982488e-10 arithmetic_remainder_j=-4.81814363254874645e-16
IMPLICIT_WORK_REJECTION dt=1.04166666666666665e-3 defect_j=-8.81859457883401253e-6 budget_j=1.25000000000000010e-6 maximum_kinematic_residual_m=3.40829472934497946e-11
IMPLICIT_QUADRATURE_RETRY attempt=1 panels=3 reason="implicit contact work defect"
IMPLICIT_STAGE_REJECTION stage="local contact quadrature" dt=1.04166666666666665e-3 error="closed surface contact gap"
IMPLICIT_FEASIBLE_VELOCITY_PREDICTOR dt=1.04166666666666665e-3
IMPLICIT_FEASIBLE_VELOCITY_PREDICTOR dt=1.04166666666666665e-3
IMPLICIT_LINE_SEARCH_REJECTION iteration=39 dt=1.04166666666666665e-3 weighted_residual_j=3.58620058243164230e-3 residual_budget_j=9.99999999999999980e-13 slope_j=-7.91741824457908730e-4 objective_noise_j=7.27218307792385524e-12 alpha=3.55271367880050093e-15 gap_trials=48 volume_trials=48 safe_trials=0 objective_trials=0 smallest_objective_change_j=inf smallest_trial_norm_j=inf
IMPLICIT_QUADRATURE_RETRY attempt=0 panels=2 reason="implicit contact path quadrature refinement"
IMPLICIT_LINE_SEARCH_REJECTION iteration=22 dt=1.04166666666666665e-3 weighted_residual_j=1.51088455079238272e-3 residual_budget_j=9.99999999999999980e-13 slope_j=-1.68511549507410345e-4 objective_noise_j=7.35294364166221376e-12 alpha=3.55271367880050093e-15 gap_trials=48 volume_trials=48 safe_trials=0 objective_trials=0 smallest_objective_change_j=inf smallest_trial_norm_j=inf
IMPLICIT_QUADRATURE_RETRY attempt=1 panels=3 reason="implicit contact path quadrature refinement"
IMPLICIT_LINE_SEARCH_REJECTION iteration=27 dt=1.04166666666666665e-3 weighted_residual_j=5.14011310111542113e-4 residual_budget_j=9.99999999999999980e-13 slope_j=-4.28531259699102898e-3 objective_noise_j=7.48742094869567083e-12 alpha=3.55271367880050093e-15 gap_trials=48 volume_trials=48 safe_trials=0 objective_trials=0 smallest_objective_change_j=inf smallest_trial_norm_j=inf
IMPLICIT_QUADRATURE_RETRY attempt=2 panels=4 reason="implicit contact path quadrature refinement"
IMPLICIT_LINE_SEARCH_REJECTION iteration=24 dt=1.04166666666666665e-3 weighted_residual_j=4.28228487458075336e-5 residual_budget_j=9.99999999999999980e-13 slope_j=-6.76225018781428440e-7 objective_noise_j=7.62831413433847228e-12 alpha=2.84217094304040074e-14 gap_trials=45 volume_trials=45 safe_trials=0 objective_trials=0 smallest_objective_change_j=inf smallest_trial_norm_j=inf
IMPLICIT_QUADRATURE_RETRY attempt=3 panels=5 reason="implicit contact path quadrature refinement"
IMPLICIT_WORK_COMPONENTS origin=[-0.08264148883612778, 0.6090646600974915, -0.10135027713134674] dt=1.04166666666666665e-3 non_surface_potential_defect_j=2.42861286636752993e-17 prescribed_surface_defect_j=1.24688686855177412e-3 kinematic_defect_j=1.85500968115392441e-10 arithmetic_remainder_j=-6.36873908645141373e-16
IMPLICIT_WORK_REJECTION dt=1.04166666666666665e-3 defect_j=1.24688705405212965e-3 budget_j=1.25000000000000010e-6 maximum_kinematic_residual_m=3.03750983241847516e-12
IMPLICIT_QUADRATURE_RETRY attempt=4 panels=6 reason="implicit contact work defect"
IMPLICIT_WORK_COMPONENTS origin=[-0.08264148883612778, 0.6090646600974915, -0.10135027713134674] dt=1.04166666666666665e-3 non_surface_potential_defect_j=1.94289029309402395e-16 prescribed_surface_defect_j=2.55028532075556274e-4 kinematic_defect_j=1.97308437966422882e-10 arithmetic_remainder_j=9.61280751179960369e-17
IMPLICIT_WORK_REJECTION dt=1.04166666666666665e-3 defect_j=2.55028729384284658e-4 budget_j=1.25000000000000010e-6 maximum_kinematic_residual_m=5.70417102224371475e-12
IMPLICIT_QUADRATURE_RETRY attempt=5 panels=7 reason="implicit contact work defect"
IMPLICIT_WORK_COMPONENTS origin=[-0.08264148883612778, 0.6090646600974915, -0.10135027713134674] dt=1.04166666666666665e-3 non_surface_potential_defect_j=2.20309881449054501e-16 prescribed_surface_defect_j=4.51542244665495635e-5 kinematic_defect_j=3.16644472394980812e-10 arithmetic_remainder_j=-1.52127117326872341e-17
IMPLICIT_WORK_REJECTION dt=1.04166666666666665e-3 defect_j=4.51545411112270556e-5 budget_j=1.25000000000000010e-6 maximum_kinematic_residual_m=1.14024053328616592e-11
IMPLICIT_QUADRATURE_RETRY attempt=6 panels=8 reason="implicit contact work defect"
IMPLICIT_WORK_COMPONENTS origin=[-0.08264148883612778, 0.6090646600974915, -0.10135027713134674] dt=1.04166666666666665e-3 non_surface_potential_defect_j=0.00000000000000000e0 prescribed_surface_defect_j=4.89937236508174341e-6 kinematic_defect_j=-6.94486010291829690e-10 arithmetic_remainder_j=7.48458640984633883e-16
IMPLICIT_WORK_REJECTION dt=1.04166666666666665e-3 defect_j=4.89867787981991022e-6 budget_j=1.25000000000000010e-6 maximum_kinematic_residual_m=2.85459858062695609e-11
IMPLICIT_QUADRATURE_RETRY attempt=7 panels=9 reason="implicit contact work defect"
IMPLICIT_FEASIBLE_VELOCITY_PREDICTOR dt=1.04166666666666665e-3
IMPLICIT_STAGE_REJECTION stage="local contact quadrature" dt=1.04166666666666665e-3 error="closed surface contact gap"
IMPLICIT_FEASIBLE_VELOCITY_PREDICTOR dt=1.04166666666666665e-3
IMPLICIT_FEASIBLE_VELOCITY_PREDICTOR dt=1.04166666666666665e-3
IMPLICIT_FEASIBLE_VELOCITY_PREDICTOR dt=1.04166666666666665e-3
IMPLICIT_WORK_COMPONENTS origin=[-0.08246565889753801, 0.6093624068748003, -0.10143508967638871] dt=1.04166666666666665e-3 non_surface_potential_defect_j=-1.22818422099157942e-15 prescribed_surface_defect_j=-4.24992407105523762e-3 kinematic_defect_j=4.48241467064137305e-10 arithmetic_remainder_j=-6.28520469719319463e-16
IMPLICIT_WORK_REJECTION dt=1.04166666666666665e-3 defect_j=-4.24992362281562727e-3 budget_j=1.25000000000000010e-6 maximum_kinematic_residual_m=5.24672790429931910e-11
IMPLICIT_FEASIBLE_VELOCITY_PREDICTOR dt=1.04166666666666665e-3
IMPLICIT_QUADRATURE_RETRY attempt=0 panels=2 reason="implicit contact work defect"
IMPLICIT_FEASIBLE_VELOCITY_PREDICTOR dt=1.04166666666666665e-3
IMPLICIT_FEASIBLE_VELOCITY_PREDICTOR dt=1.04166666666666665e-3
IMPLICIT_FEASIBLE_VELOCITY_PREDICTOR dt=1.04166666666666665e-3
IMPLICIT_STAGE_REJECTION stage="local contact quadrature" dt=1.04166666666666665e-3 error="closed surface contact gap"
IMPLICIT_FEASIBLE_VELOCITY_PREDICTOR dt=1.04166666666666665e-3
IMPLICIT_FEASIBLE_VELOCITY_PREDICTOR dt=1.04166666666666665e-3
IMPLICIT_FEASIBLE_VELOCITY_PREDICTOR dt=1.04166666666666665e-3
IMPLICIT_FEASIBLE_VELOCITY_PREDICTOR dt=1.04166666666666665e-3
IMPLICIT_FEASIBLE_VELOCITY_PREDICTOR dt=1.04166666666666665e-3
IMPLICIT_FEASIBLE_VELOCITY_PREDICTOR dt=1.04166666666666665e-3
IMPLICIT_WORK_COMPONENTS origin=[-0.08246565889753801, 0.6093624068748003, -0.10143508967638871] dt=1.04166666666666665e-3 non_surface_potential_defect_j=-2.00534033822918900e-15 prescribed_surface_defect_j=-3.25739028640372342e-3 kinematic_defect_j=7.41595987488011016e-10 arithmetic_remainder_j=1.11741772247913457e-15
IMPLICIT_WORK_REJECTION dt=1.04166666666666665e-3 defect_j=-3.25738954480862385e-3 budget_j=1.25000000000000010e-6 maximum_kinematic_residual_m=7.86104007002895802e-11
IMPLICIT_QUADRATURE_RETRY attempt=1 panels=3 reason="implicit contact work defect"
IMPLICIT_STAGE_REJECTION stage="local contact quadrature" dt=1.04166666666666665e-3 error="closed surface contact gap"
IMPLICIT_FEASIBLE_VELOCITY_PREDICTOR dt=1.04166666666666665e-3
IMPLICIT_WORK_COMPONENTS origin=[-0.08246565889753801, 0.6093624068748003, -0.10143508967638871] dt=1.04166666666666665e-3 non_surface_potential_defect_j=-2.04697370165263237e-15 prescribed_surface_defect_j=-2.30749808313853930e-3 kinematic_defect_j=1.05276469508629471e-9 arithmetic_remainder_j=7.82138365033359373e-16
IMPLICIT_WORK_REJECTION dt=1.04166666666666665e-3 defect_j=-2.30749703037510905e-3 budget_j=1.25000000000000010e-6 maximum_kinematic_residual_m=8.30400403658854841e-11
IMPLICIT_QUADRATURE_RETRY attempt=2 panels=4 reason="implicit contact work defect"
IMPLICIT_STAGE_REJECTION stage="local contact quadrature" dt=1.04166666666666665e-3 error="closed surface contact gap"
IMPLICIT_FEASIBLE_VELOCITY_PREDICTOR dt=1.04166666666666665e-3
IMPLICIT_WORK_COMPONENTS origin=[-0.08246565889753801, 0.6093624068748003, -0.10143508967638871] dt=1.04166666666666665e-3 non_surface_potential_defect_j=8.18789480661052949e-16 prescribed_surface_defect_j=-1.45323925779175522e-3 kinematic_defect_j=4.34345853215860854e-11 arithmetic_remainder_j=1.23732540055834783e-15
IMPLICIT_WORK_REJECTION dt=1.04166666666666665e-3 defect_j=-1.45323921435511379e-3 budget_j=1.25000000000000010e-6 maximum_kinematic_residual_m=6.18655896910541570e-12
IMPLICIT_QUADRATURE_RETRY attempt=3 panels=5 reason="implicit contact work defect"
IMPLICIT_STAGE_REJECTION stage="local contact quadrature" dt=1.04166666666666665e-3 error="closed surface contact gap"
IMPLICIT_FEASIBLE_VELOCITY_PREDICTOR dt=1.04166666666666665e-3
IMPLICIT_WORK_COMPONENTS origin=[-0.08246565889753801, 0.6093624068748003, -0.10143508967638871] dt=1.04166666666666665e-3 non_surface_potential_defect_j=-3.88578058618804789e-16 prescribed_surface_defect_j=-7.64231232694929279e-4 kinematic_defect_j=2.98420578189357048e-11 arithmetic_remainder_j=3.10341013412714084e-16
IMPLICIT_WORK_REJECTION dt=1.04166666666666665e-3 defect_j=-7.64231202852949697e-4 budget_j=1.25000000000000010e-6 maximum_kinematic_residual_m=7.74674939539414520e-12
IMPLICIT_QUADRATURE_RETRY attempt=4 panels=6 reason="implicit contact work defect"
IMPLICIT_STAGE_REJECTION stage="local contact quadrature" dt=1.04166666666666665e-3 error="closed surface contact gap"
IMPLICIT_FEASIBLE_VELOCITY_PREDICTOR dt=1.04166666666666665e-3
IMPLICIT_WORK_COMPONENTS origin=[-0.08246565889753801, 0.6093624068748003, -0.10143508967638871] dt=1.04166666666666665e-3 non_surface_potential_defect_j=-5.62050406216485499e-16 prescribed_surface_defect_j=-3.04712712321635005e-4 kinematic_defect_j=1.99092435805337019e-11 arithmetic_remainder_j=5.35106288164326205e-16
IMPLICIT_WORK_REJECTION dt=1.04166666666666665e-3 defect_j=-3.04712692412418369e-4 budget_j=1.25000000000000010e-6 maximum_kinematic_residual_m=8.52444376480028521e-12
IMPLICIT_QUADRATURE_RETRY attempt=5 panels=7 reason="implicit contact work defect"
IMPLICIT_STAGE_REJECTION stage="local contact quadrature" dt=1.04166666666666665e-3 error="closed surface contact gap"
IMPLICIT_FEASIBLE_VELOCITY_PREDICTOR dt=1.04166666666666665e-3
IMPLICIT_WORK_COMPONENTS origin=[-0.08246565889753801, 0.6093624068748003, -0.10143508967638871] dt=1.04166666666666665e-3 non_surface_potential_defect_j=9.85322934354826430e-16 prescribed_surface_defect_j=-8.06243106183758074e-5 kinematic_defect_j=1.66638781800307421e-11 arithmetic_remainder_j=3.21354135792914497e-16
IMPLICIT_WORK_REJECTION dt=1.04166666666666665e-3 defect_j=-8.06242939531909503e-5 budget_j=1.25000000000000010e-6 maximum_kinematic_residual_m=8.79582550458030132e-12
IMPLICIT_QUADRATURE_RETRY attempt=6 panels=8 reason="implicit contact work defect"
IMPLICIT_STAGE_REJECTION stage="local contact quadrature" dt=1.04166666666666665e-3 error="closed surface contact gap"
IMPLICIT_FEASIBLE_VELOCITY_PREDICTOR dt=1.04166666666666665e-3
IMPLICIT_WORK_COMPONENTS origin=[-0.08246565889753801, 0.6093624068748003, -0.10143508967638871] dt=1.04166666666666665e-3 non_surface_potential_defect_j=-6.31439345255557782e-16 prescribed_surface_defect_j=-1.20819191833211950e-5 kinematic_defect_j=1.58730741004348965e-11 arithmetic_remainder_j=3.69084442370694321e-16
IMPLICIT_WORK_REJECTION dt=1.04166666666666665e-3 defect_j=-1.20819033105094495e-5 budget_j=1.25000000000000010e-6 maximum_kinematic_residual_m=8.82811442763468956e-12
IMPLICIT_QUADRATURE_RETRY attempt=7 panels=9 reason="implicit contact work defect"
IMPLICIT_STAGE_REJECTION stage="local contact quadrature" dt=1.04166666666666665e-3 error="closed surface contact gap"
IMPLICIT_FEASIBLE_VELOCITY_PREDICTOR dt=1.04166666666666665e-3
IMPLICIT_FEASIBLE_VELOCITY_PREDICTOR dt=1.04166666666666665e-3
IMPLICIT_LINE_SEARCH_REJECTION iteration=25 dt=1.04166666666666665e-3 weighted_residual_j=1.14170407311341881e-4 residual_budget_j=9.99999999999999980e-13 slope_j=-7.25930167320066911e-5 objective_noise_j=7.68326477953000419e-12 alpha=3.55271367880050093e-15 gap_trials=48 volume_trials=48 safe_trials=0 objective_trials=0 smallest_objective_change_j=inf smallest_trial_norm_j=inf
IMPLICIT_QUADRATURE_RETRY attempt=0 panels=2 reason="implicit contact path quadrature refinement"
IMPLICIT_WORK_COMPONENTS origin=[-0.08208828332044633, 0.6098608526493257, -0.10152191943876404] dt=1.04166666666666665e-3 non_surface_potential_defect_j=-2.42514341941557632e-15 prescribed_surface_defect_j=1.36106366849291340e-3 kinematic_defect_j=-1.91532718055878004e-11 arithmetic_remainder_j=-1.08858387392165093e-15
IMPLICIT_WORK_REJECTION dt=1.04166666666666665e-3 defect_j=1.36106364933612787e-3 budget_j=1.25000000000000010e-6 maximum_kinematic_residual_m=4.22111130771174459e-13
IMPLICIT_QUADRATURE_RETRY attempt=1 panels=3 reason="implicit contact work defect"
IMPLICIT_WORK_COMPONENTS origin=[-0.08208828332044633, 0.6098608526493257, -0.10152191943876404] dt=1.04166666666666665e-3 non_surface_potential_defect_j=-2.01574867908504984e-15 prescribed_surface_defect_j=2.67538917703319694e-4 kinematic_defect_j=4.21813229453031711e-12 arithmetic_remainder_j=-5.61557433041183496e-16
IMPLICIT_WORK_REJECTION dt=1.04166666666666665e-3 defect_j=2.67538921918874682e-4 budget_j=1.25000000000000010e-6 maximum_kinematic_residual_m=1.19108659025167485e-12
IMPLICIT_QUADRATURE_RETRY attempt=2 panels=4 reason="implicit contact work defect"
IMPLICIT_WORK_COMPONENTS origin=[-0.08208828332044633, 0.6098608526493257, -0.10152191943876404] dt=1.04166666666666665e-3 non_surface_potential_defect_j=-1.45369827286856435e-15 prescribed_surface_defect_j=4.73369194950838418e-5 kinematic_defect_j=4.25968500184174933e-10 arithmetic_remainder_j=-1.15545373697558892e-15
IMPLICIT_WORK_REJECTION dt=1.04166666666666665e-3 defect_j=4.73373454609748740e-5 budget_j=1.25000000000000010e-6 maximum_kinematic_residual_m=9.95560740373350669e-12
IMPLICIT_QUADRATURE_RETRY attempt=3 panels=5 reason="implicit contact work defect"
IMPLICIT_WORK_COMPONENTS origin=[-0.08208828332044633, 0.6098608526493257, -0.10152191943876404] dt=1.04166666666666665e-3 non_surface_potential_defect_j=-1.53349555276349747e-15 prescribed_surface_defect_j=5.19423886846843985e-6 kinematic_defect_j=4.37225753105319605e-10 arithmetic_remainder_j=-3.47918783084703864e-16
IMPLICIT_WORK_REJECTION dt=1.04166666666666665e-3 defect_j=5.19467609234013084e-6 budget_j=1.25000000000000010e-6 maximum_kinematic_residual_m=1.36438512126756811e-11
IMPLICIT_QUADRATURE_RETRY attempt=4 panels=6 reason="implicit contact work defect"
IMPLICIT_STAGE_REJECTION stage="local contact quadrature" dt=1.04166666666666665e-3 error="closed surface contact gap"
IMPLICIT_FEASIBLE_VELOCITY_PREDICTOR dt=1.04166666666666665e-3
IMPLICIT_WORK_COMPONENTS origin=[-0.08190498496860248, 0.6100541313468627, -0.1016346577046558] dt=1.04166666666666665e-3 non_surface_potential_defect_j=1.51961776495568301e-15 prescribed_surface_defect_j=-2.19388461840371940e-3 kinematic_defect_j=6.30854628943510338e-10 arithmetic_remainder_j=3.59096653373145239e-16
IMPLICIT_WORK_REJECTION dt=1.04166666666666665e-3 defect_j=-2.19388398754721175e-3 budget_j=1.25000000000000010e-6 maximum_kinematic_residual_m=3.94721627887568982e-11
IMPLICIT_QUADRATURE_RETRY attempt=0 panels=2 reason="implicit contact work defect"
IMPLICIT_STAGE_REJECTION stage="local contact quadrature" dt=1.04166666666666665e-3 error="closed surface contact gap"
IMPLICIT_FEASIBLE_VELOCITY_PREDICTOR dt=1.04166666666666665e-3
IMPLICIT_WORK_COMPONENTS origin=[-0.08190498496860248, 0.6100541313468627, -0.1016346577046558] dt=1.04166666666666665e-3 non_surface_potential_defect_j=-1.04083408558608426e-16 prescribed_surface_defect_j=-1.35242731022193149e-3 kinematic_defect_j=7.33188284906259488e-10 arithmetic_remainder_j=-9.59252107271286319e-17
IMPLICIT_WORK_REJECTION dt=1.04166666666666665e-3 defect_j=-1.35242657703384659e-3 budget_j=1.25000000000000010e-6 maximum_kinematic_residual_m=3.77132642606289870e-11
IMPLICIT_QUADRATURE_RETRY attempt=1 panels=3 reason="implicit contact work defect"
IMPLICIT_STAGE_REJECTION stage="local contact quadrature" dt=1.04166666666666665e-3 error="closed surface contact gap"
IMPLICIT_FEASIBLE_VELOCITY_PREDICTOR dt=1.04166666666666665e-3
IMPLICIT_WORK_COMPONENTS origin=[-0.08190498496860248, 0.6100541313468627, -0.1016346577046558] dt=1.04166666666666665e-3 non_surface_potential_defect_j=3.46944695195361419e-16 prescribed_surface_defect_j=-6.87982237569449207e-4 kinematic_defect_j=8.59702178869479467e-10 arithmetic_remainder_j=1.07761152823692693e-17
IMPLICIT_WORK_REJECTION dt=1.04166666666666665e-3 defect_j=-6.87981377866912617e-4 budget_j=1.25000000000000010e-6 maximum_kinematic_residual_m=3.98988167808408956e-11
IMPLICIT_QUADRATURE_RETRY attempt=2 panels=4 reason="implicit contact work defect"
IMPLICIT_STAGE_REJECTION stage="local contact quadrature" dt=1.04166666666666665e-3 error="closed surface contact gap"
IMPLICIT_FEASIBLE_VELOCITY_PREDICTOR dt=1.04166666666666665e-3
IMPLICIT_WORK_COMPONENTS origin=[-0.08190498496860248, 0.6100541313468627, -0.1016346577046558] dt=1.04166666666666665e-3 non_surface_potential_defect_j=1.53349555276349747e-15 prescribed_surface_defect_j=-2.60944091267387840e-4 kinematic_defect_j=9.52686042547491794e-10 arithmetic_remainder_j=-1.90465522585496483e-16
IMPLICIT_WORK_REJECTION dt=1.04166666666666665e-3 defect_j=-2.60943138580002263e-4 budget_j=1.25000000000000010e-6 maximum_kinematic_residual_m=4.17211128925926156e-11
IMPLICIT_QUADRATURE_RETRY attempt=3 panels=5 reason="implicit contact work defect"
IMPLICIT_STAGE_REJECTION stage="local contact quadrature" dt=1.04166666666666665e-3 error="closed surface contact gap"
IMPLICIT_FEASIBLE_VELOCITY_PREDICTOR dt=1.04166666666666665e-3
IMPLICIT_WORK_COMPONENTS origin=[-0.08190498496860248, 0.6100541313468627, -0.1016346577046558] dt=1.04166666666666665e-3 non_surface_potential_defect_j=1.39471767468535290e-15 prescribed_surface_defect_j=-6.43371225522356436e-5 kinematic_defect_j=9.94612071473816710e-10 arithmetic_remainder_j=8.06695226602800828e-16
IMPLICIT_WORK_REJECTION dt=1.04166666666666665e-3 defect_j=-6.43361279379627568e-5 budget_j=1.25000000000000010e-6 maximum_kinematic_residual_m=4.26029935071334243e-11
IMPLICIT_QUADRATURE_RETRY attempt=4 panels=6 reason="implicit contact work defect"
IMPLICIT_STAGE_REJECTION stage="local contact quadrature" dt=1.04166666666666665e-3 error="closed surface contact gap"
IMPLICIT_FEASIBLE_VELOCITY_PREDICTOR dt=1.04166666666666665e-3
IMPLICIT_WORK_COMPONENTS origin=[-0.08190498496860248, 0.6100541313468627, -0.1016346577046558] dt=1.04166666666666665e-3 non_surface_potential_defect_j=5.34294830600856585e-16 prescribed_surface_defect_j=-8.78375483712569381e-6 kinematic_defect_j=1.00693003294334921e-9 arithmetic_remainder_j=3.88044745499389800e-16
IMPLICIT_WORK_REJECTION dt=1.04166666666666665e-3 defect_j=-8.78274790617041088e-6 budget_j=1.25000000000000010e-6 maximum_kinematic_residual_m=4.28851481236447452e-11
IMPLICIT_QUADRATURE_RETRY attempt=5 panels=7 reason="implicit contact work defect"
IMPLICIT_STAGE_REJECTION stage="local contact quadrature" dt=1.04166666666666665e-3 error="closed surface contact gap"
IMPLICIT_FEASIBLE_VELOCITY_PREDICTOR dt=1.04166666666666665e-3
IMPLICIT_FEASIBLE_VELOCITY_PREDICTOR dt=1.04166666666666665e-3
IMPLICIT_FEASIBLE_VELOCITY_PREDICTOR dt=1.04166666666666665e-3
IMPLICIT_FEASIBLE_VELOCITY_PREDICTOR dt=1.04166666666666665e-3
IMPLICIT_FEASIBLE_VELOCITY_PREDICTOR dt=1.04166666666666665e-3
IMPLICIT_FEASIBLE_VELOCITY_PREDICTOR dt=1.04166666666666665e-3
IMPLICIT_FEASIBLE_VELOCITY_PREDICTOR dt=1.04166666666666665e-3
IMPLICIT_FEASIBLE_VELOCITY_PREDICTOR dt=1.04166666666666665e-3
IMPLICIT_FEASIBLE_VELOCITY_PREDICTOR dt=1.04166666666666665e-3
IMPLICIT_FEASIBLE_VELOCITY_PREDICTOR dt=1.04166666666666665e-3
IMPLICIT_FEASIBLE_VELOCITY_PREDICTOR dt=1.04166666666666665e-3
IMPLICIT_FEASIBLE_VELOCITY_PREDICTOR dt=1.04166666666666665e-3
IMPLICIT_WORK_COMPONENTS origin=[-0.08158086481252777, 0.6103265715370382, -0.10182430287318879] dt=1.04166666666666665e-3 non_surface_potential_defect_j=6.66133814775093924e-16 prescribed_surface_defect_j=1.34852374453472220e-6 kinematic_defect_j=9.85925487906805497e-10 arithmetic_remainder_j=-2.62765290347808170e-16
IMPLICIT_WORK_REJECTION dt=1.04166666666666665e-3 defect_j=1.34950967042599753e-6 budget_j=1.25000000000000010e-6 maximum_kinematic_residual_m=3.42935121489321149e-11
IMPLICIT_QUADRATURE_RETRY attempt=0 panels=2 reason="implicit contact work defect"
IMPLICIT_FEASIBLE_VELOCITY_PREDICTOR dt=1.04166666666666665e-3
IMPLICIT_FEASIBLE_VELOCITY_PREDICTOR dt=1.04166666666666665e-3
IMPLICIT_FEASIBLE_VELOCITY_PREDICTOR dt=1.04166666666666665e-3
IMPLICIT_FEASIBLE_VELOCITY_PREDICTOR dt=1.04166666666666665e-3
IMPLICIT_LINE_SEARCH_REJECTION iteration=43 dt=1.04166666666666665e-3 weighted_residual_j=3.26435401032825478e-2 residual_budget_j=9.99999999999999980e-13 slope_j=-6.56790287628423175e-2 objective_noise_j=8.08559217245415025e-12 alpha=3.55271367880050093e-15 gap_trials=48 volume_trials=48 safe_trials=0 objective_trials=0 smallest_objective_change_j=inf smallest_trial_norm_j=inf
IMPLICIT_QUADRATURE_RETRY attempt=0 panels=2 reason="implicit contact path quadrature refinement"
IMPLICIT_LINE_SEARCH_REJECTION iteration=55 dt=1.04166666666666665e-3 weighted_residual_j=1.19393533502022784e-2 residual_budget_j=9.99999999999999980e-13 slope_j=-2.01432872314827849e0 objective_noise_j=7.99294173384906576e-12 alpha=3.55271367880050093e-15 gap_trials=48 volume_trials=48 safe_trials=0 objective_trials=0 smallest_objective_change_j=inf smallest_trial_norm_j=inf
IMPLICIT_QUADRATURE_RETRY attempt=1 panels=3 reason="implicit contact path quadrature refinement"
IMPLICIT_LINE_SEARCH_REJECTION iteration=70 dt=1.04166666666666665e-3 weighted_residual_j=2.85556029248496294e-3 residual_budget_j=9.99999999999999980e-13 slope_j=-9.44654828757658920e-4 objective_noise_j=6.87852318852239512e-12 alpha=3.55271367880050093e-15 gap_trials=48 volume_trials=48 safe_trials=0 objective_trials=0 smallest_objective_change_j=inf smallest_trial_norm_j=inf
IMPLICIT_QUADRATURE_RETRY attempt=2 panels=4 reason="implicit contact path quadrature refinement"
IMPLICIT_LINE_SEARCH_REJECTION iteration=34 dt=1.04166666666666665e-3 weighted_residual_j=8.70863780964375891e-4 residual_budget_j=9.99999999999999980e-13 slope_j=-1.15178760639392751e-3 objective_noise_j=7.23013906474205971e-12 alpha=3.55271367880050093e-15 gap_trials=48 volume_trials=48 safe_trials=0 objective_trials=0 smallest_objective_change_j=inf smallest_trial_norm_j=inf
IMPLICIT_QUADRATURE_RETRY attempt=3 panels=5 reason="implicit contact path quadrature refinement"
IMPLICIT_LINE_SEARCH_REJECTION iteration=33 dt=1.04166666666666665e-3 weighted_residual_j=6.87679903094739575e-4 residual_budget_j=9.99999999999999980e-13 slope_j=-2.00794813514052904e-4 objective_noise_j=7.28207130856499786e-12 alpha=3.55271367880050093e-15 gap_trials=48 volume_trials=48 safe_trials=0 objective_trials=0 smallest_objective_change_j=inf smallest_trial_norm_j=inf
IMPLICIT_QUADRATURE_RETRY attempt=4 panels=6 reason="implicit contact path quadrature refinement"
IMPLICIT_LINE_SEARCH_REJECTION iteration=33 dt=1.04166666666666665e-3 weighted_residual_j=5.04059061387855580e-4 residual_budget_j=9.99999999999999980e-13 slope_j=-1.03571557156466743e-4 objective_noise_j=7.33843700141521703e-12 alpha=3.55271367880050093e-15 gap_trials=48 volume_trials=48 safe_trials=0 objective_trials=0 smallest_objective_change_j=inf smallest_trial_norm_j=inf
IMPLICIT_QUADRATURE_RETRY attempt=5 panels=7 reason="implicit contact path quadrature refinement"
IMPLICIT_LINE_SEARCH_REJECTION iteration=32 dt=1.04166666666666665e-3 weighted_residual_j=3.67183755962632483e-4 residual_budget_j=9.99999999999999980e-13 slope_j=-2.25584491003910985e-5 objective_noise_j=7.38741710709245496e-12 alpha=3.55271367880050093e-15 gap_trials=48 volume_trials=48 safe_trials=0 objective_trials=0 smallest_objective_change_j=inf smallest_trial_norm_j=inf
IMPLICIT_QUADRATURE_RETRY attempt=6 panels=8 reason="implicit contact path quadrature refinement"
IMPLICIT_LINE_SEARCH_REJECTION iteration=46 dt=1.04166666666666665e-3 weighted_residual_j=2.39733822008131921e-4 residual_budget_j=9.99999999999999980e-13 slope_j=-3.93684151846960103e-5 objective_noise_j=7.44325273968496505e-12 alpha=3.55271367880050093e-15 gap_trials=48 volume_trials=48 safe_trials=0 objective_trials=0 smallest_objective_change_j=inf smallest_trial_norm_j=inf
IMPLICIT_QUADRATURE_RETRY attempt=7 panels=9 reason="implicit contact path quadrature refinement"
IMPLICIT_LINE_SEARCH_REJECTION iteration=41 dt=1.04166666666666665e-3 weighted_residual_j=1.42874642084850052e-4 residual_budget_j=9.99999999999999980e-13 slope_j=-1.07541125353592850e-6 objective_noise_j=7.49847340375427472e-12 alpha=3.55271367880050093e-15 gap_trials=48 volume_trials=48 safe_trials=0 objective_trials=0 smallest_objective_change_j=inf smallest_trial_norm_j=inf
IMPLICIT_QUADRATURE_RETRY attempt=8 panels=10 reason="implicit contact path quadrature refinement"
IMPLICIT_CONTACT_FRAME_DIFFERENCE dt=1.04166666666666665e-3 maximum_endpoint_roundoff_m=2.77555756156289135e-17 maximum_force_difference_n=2.04118144608855800e-8 objective_difference_j=6.55725473919233082e-16
IMPLICIT_NONLINEAR_LIMIT dt=1.04166666666666665e-3 weighted_residual_j=7.08486828699221040e-5 residual_budget_j=9.99999999999999980e-13 residual_impulse_work_j=-1.55375722605440286e-3 impulse_work_budget_j=1.25000000000000003e-9 maximum_residual_n=3.14008545845749154e0 maximum_direction_m=3.08899699957177604e-7 maximum_diagonal_n_m=2.52273931369234443e8 minimum_inertia_n_m=1.61740800000000076e5
IMPLICIT_LAST_STEP alpha=9.09494701772928238e-13 maximum_applied_increment_m=3.25260651745651330e-19
IMPLICIT_NONCONVERGED_WORK_REFINEMENT kind=contact dt=1.04166666666666665e-3 panels=11
IMPLICIT_QUADRATURE_RETRY attempt=9 panels=11 reason="implicit contact work defect"
IMPLICIT_LINE_SEARCH_REJECTION iteration=53 dt=1.04166666666666665e-3 weighted_residual_j=2.37154594491624236e-5 residual_budget_j=9.99999999999999980e-13 slope_j=-1.55425617421459241e-8 objective_noise_j=7.60896482882468230e-12 alpha=4.54747350886464119e-13 gap_trials=41 volume_trials=41 safe_trials=0 objective_trials=0 smallest_objective_change_j=inf smallest_trial_norm_j=inf
IMPLICIT_QUADRATURE_RETRY attempt=10 panels=12 reason="implicit contact path quadrature refinement"
IMPLICIT_CONTACT_FRAME_DIFFERENCE dt=1.04166666666666665e-3 maximum_endpoint_roundoff_m=1.11022302462515654e-16 maximum_force_difference_n=5.67203777279701171e-8 objective_difference_j=1.87350135405495166e-15
IMPLICIT_NONLINEAR_LIMIT dt=1.04166666666666665e-3 weighted_residual_j=1.72840186173023464e-6 residual_budget_j=9.99999999999999980e-13 residual_impulse_work_j=-2.58560335091227896e-4 impulse_work_budget_j=1.25000000000000003e-9 maximum_residual_n=4.89952900520073342e-1 maximum_direction_m=3.27078848232318248e-6 maximum_diagonal_n_m=1.00835704942986178e9 minimum_inertia_n_m=1.61740800000000076e5
IMPLICIT_LAST_STEP alpha=1.42108547152020037e-14 maximum_applied_increment_m=4.74338450462408190e-20
IMPLICIT_NONCONVERGED_WORK_REFINEMENT kind=contact dt=1.04166666666666665e-3 panels=13
IMPLICIT_QUADRATURE_RETRY attempt=11 panels=13 reason="implicit contact work defect"
IMPLICIT_WORK_COMPONENTS origin=[-0.08144208623285891, 0.6104488423803294, -0.10186991633017932] dt=1.04166666666666665e-3 non_surface_potential_defect_j=2.94902990916057206e-17 prescribed_surface_defect_j=5.98380709272604543e-4 kinematic_defect_j=-1.48061260164017748e-10 arithmetic_remainder_j=2.99103003785017654e-16
IMPLICIT_WORK_REJECTION dt=1.04166666666666665e-3 defect_j=5.98380561211672973e-4 budget_j=1.25000000000000010e-6 maximum_kinematic_residual_m=1.85644182589417978e-12
IMPLICIT_QUADRATURE_RETRY attempt=12 panels=14 reason="implicit contact work defect"
IMPLICIT_WORK_COMPONENTS origin=[-0.08144208623285891, 0.6104488423803294, -0.10186991633017932] dt=1.04166666666666665e-3 non_surface_potential_defect_j=-1.35134958778593273e-15 prescribed_surface_defect_j=1.23307884793832402e-4 kinematic_defect_j=-7.14288547243424718e-10 arithmetic_remainder_j=-5.70193780971388342e-16
IMPLICIT_WORK_REJECTION dt=1.04166666666666665e-3 defect_j=1.23307170503363615e-4 budget_j=1.25000000000000010e-6 maximum_kinematic_residual_m=9.86213217481993892e-12
IMPLICIT_QUADRATURE_RETRY attempt=13 panels=15 reason="implicit contact work defect"
IMPLICIT_WORK_COMPONENTS origin=[-0.08144208623285891, 0.6104488423803294, -0.10186991633017932] dt=1.04166666666666665e-3 non_surface_potential_defect_j=-1.25247034965525472e-15 prescribed_surface_defect_j=2.17016828013751745e-5 kinematic_defect_j=-2.88422144764658497e-10 arithmetic_remainder_j=-8.75077784621416596e-16
IMPLICIT_WORK_REJECTION dt=1.04166666666666665e-3 defect_j=2.17013943771028617e-5 budget_j=1.25000000000000010e-6 maximum_kinematic_residual_m=3.95204759895276606e-12
IMPLICIT_QUADRATURE_RETRY attempt=14 panels=16 reason="implicit contact work defect"
IMPLICIT_WORK_COMPONENTS origin=[-0.08144208623285891, 0.6104488423803294, -0.10186991633017932] dt=1.04166666666666665e-3 non_surface_potential_defect_j=-1.80411241501587938e-16 prescribed_surface_defect_j=2.32318928119991039e-6 kinematic_defect_j=-6.31237807509291707e-10 arithmetic_remainder_j=-8.92690140693675263e-16
IMPLICIT_WORK_REJECTION dt=1.04166666666666665e-3 defect_j=2.32255804231929971e-6 budget_j=1.25000000000000010e-6 maximum_kinematic_residual_m=9.04906618387490980e-12
IMPLICIT_QUADRATURE_RETRY attempt=15 panels=17 reason="implicit contact work defect"
IMPLICIT_STAGE_REJECTION stage="local contact quadrature" dt=1.04166666666666665e-3 error="closed surface contact gap"
IMPLICIT_INFEASIBLE_PREDICTOR dt=1.04166666666666665e-3 internal_gap_open=true volume_open=true ccd=Ok(Some(0.00026106476361082136)) nearest=Ok(Some(PrescribedContactFeature { distance_m: 0.00012797161423541015, gap_m: 2.797161423541014e-5, body_face: [10, 7, 11], obstacle_face_index: 1308, body_weights: [0.1441037286287974, 0.48845484165132325, 0.36744142971987936], obstacle_weights: [1.0, 0.0, 0.0] }))
IMPLICIT_STAGE_REJECTION stage="local contact quadrature" dt=5.20833333333333326e-4 error="closed surface contact gap"
IMPLICIT_INFEASIBLE_PREDICTOR dt=5.20833333333333326e-4 internal_gap_open=true volume_open=true ccd=Ok(Some(0.0005221295272163503)) nearest=Ok(Some(PrescribedContactFeature { distance_m: 0.00011397659866986578, gap_m: 1.3976598669865773e-5, body_face: [10, 7, 11], obstacle_face_index: 1308, body_weights: [0.1436262873110143, 0.4893398815099976, 0.3670338311789881], obstacle_weights: [1.0, 0.0, 0.0] }))
IMPLICIT_STAGE_REJECTION stage="local contact quadrature" dt=2.60416666666666663e-4 error="closed surface contact gap"
IMPLICIT_INFEASIBLE_PREDICTOR dt=2.60416666666666663e-4 internal_gap_open=true volume_open=true ccd=Ok(Some(0.0010442590544203002)) nearest=Ok(Some(PrescribedContactFeature { distance_m: 0.00010698583361067558, gap_m: 6.98583361067558e-6, body_face: [10, 7, 11], obstacle_face_index: 1308, body_weights: [0.14338634569998754, 0.4897779234775761, 0.36683573082243637], obstacle_weights: [1.0, 0.0, 0.0] }))
IMPLICIT_STAGE_REJECTION stage="local contact quadrature" dt=1.30208333333333332e-4 error="closed surface contact gap"
IMPLICIT_INFEASIBLE_PREDICTOR dt=1.30208333333333332e-4 internal_gap_open=true volume_open=true ccd=Ok(Some(0.002088518108865412)) nearest=Ok(Some(PrescribedContactFeature { distance_m: 0.00010349255144090553, gap_m: 3.492551440905525e-6, body_face: [10, 7, 11], obstacle_face_index: 1308, body_weights: [0.14326606848762813, 0.48999583244034683, 0.36673809907202504], obstacle_weights: [1.0, 0.0, 0.0] }))
IMPLICIT_STAGE_REJECTION stage="local contact quadrature" dt=6.51041666666666658e-5 error="closed surface contact gap"
IMPLICIT_INFEASIBLE_PREDICTOR dt=6.51041666666666658e-5 internal_gap_open=true volume_open=true ccd=Ok(Some(0.004177036218393084)) nearest=Ok(Some(PrescribedContactFeature { distance_m: 0.00010174648706950887, gap_m: 1.746487069508864e-6, body_face: [10, 7, 11], obstacle_face_index: 1308, body_weights: [0.14320585313704104, 0.4901045098406354, 0.3666896370223236], obstacle_weights: [1.0, 0.0, 0.0] }))
IMPLICIT_STAGE_REJECTION stage="local contact quadrature" dt=3.25520833333333329e-5 error="closed surface contact gap"
IMPLICIT_INFEASIBLE_PREDICTOR dt=3.25520833333333329e-5 internal_gap_open=true volume_open=true ccd=Ok(Some(0.00835407243458232)) nearest=Ok(Some(PrescribedContactFeature { distance_m: 0.00010087360550201937, gap_m: 8.736055020193634e-7, body_face: [10, 7, 11], obstacle_face_index: 1308, body_weights: [0.14317572625802427, 0.4901587793854347, 0.366665494356541], obstacle_weights: [1.0, 0.0, 0.0] }))
IMPLICIT_STAGE_REJECTION stage="local contact quadrature" dt=1.62760416666666664e-5 error="closed surface contact gap"
IMPLICIT_INFEASIBLE_PREDICTOR dt=1.62760416666666664e-5 internal_gap_open=true volume_open=true ccd=Ok(Some(0.016708144871546527)) nearest=Ok(Some(PrescribedContactFeature { distance_m: 0.00010043720317715564, gap_m: 4.3720317715563786e-7, body_face: [10, 7, 11], obstacle_face_index: 1308, body_weights: [0.1431606580153974, 0.4901858968833268, 0.3666534451012758], obstacle_weights: [1.0, 0.0, 0.0] }))
IMPLICIT_RESTORED_CONTACT_GUESS dt=1.62760416666666664e-5
IMPLICIT_WORK_COMPONENTS origin=[-0.08132334988153073, 0.6106038222404571, -0.10196249582964967] dt=1.62760416666666664e-5 non_surface_potential_defect_j=-1.76291273246143021e-16 prescribed_surface_defect_j=-2.90122216405108106e-3 kinematic_defect_j=-2.70134491772292490e-12 arithmetic_remainder_j=-6.69909437667700366e-16
IMPLICIT_WORK_REJECTION dt=1.62760416666666664e-5 defect_j=-2.90122216675327196e-3 budget_j=1.95312500000000016e-8 maximum_kinematic_residual_m=1.38286937781915975e-15
IMPLICIT_QUADRATURE_RETRY attempt=0 panels=2 reason="implicit contact work defect"
IMPLICIT_STAGE_REJECTION stage="local contact quadrature" dt=1.62760416666666664e-5 error="closed surface contact gap"
IMPLICIT_INFEASIBLE_PREDICTOR dt=1.62760416666666664e-5 internal_gap_open=true volume_open=true ccd=Ok(Some(0.016708144871546527)) nearest=Ok(Some(PrescribedContactFeature { distance_m: 0.00010043720317715564, gap_m: 4.3720317715563786e-7, body_face: [10, 7, 11], obstacle_face_index: 1308, body_weights: [0.1431606580153974, 0.4901858968833268, 0.3666534451012758], obstacle_weights: [1.0, 0.0, 0.0] }))
IMPLICIT_RESTORED_CONTACT_GUESS dt=1.62760416666666664e-5
IMPLICIT_WORK_COMPONENTS origin=[-0.08132334988153073, 0.6106038222404571, -0.10196249582964967] dt=1.62760416666666664e-5 non_surface_potential_defect_j=-1.35525271560688054e-16 prescribed_surface_defect_j=-2.35103822376228448e-3 kinematic_defect_j=-6.12364639951182006e-13 arithmetic_remainder_j=-5.77991989800285058e-17
IMPLICIT_WORK_REJECTION dt=1.62760416666666664e-5 defect_j=-2.35103822437484223e-3 budget_j=1.95312500000000016e-8 maximum_kinematic_residual_m=3.06536141413647767e-16
IMPLICIT_QUADRATURE_RETRY attempt=1 panels=3 reason="implicit contact work defect"
IMPLICIT_STAGE_REJECTION stage="local contact quadrature" dt=1.62760416666666664e-5 error="closed surface contact gap"
IMPLICIT_INFEASIBLE_PREDICTOR dt=1.62760416666666664e-5 internal_gap_open=true volume_open=true ccd=Ok(Some(0.016708144871546527)) nearest=Ok(Some(PrescribedContactFeature { distance_m: 0.00010043720317715564, gap_m: 4.3720317715563786e-7, body_face: [10, 7, 11], obstacle_face_index: 1308, body_weights: [0.1431606580153974, 0.4901858968833268, 0.3666534451012758], obstacle_weights: [1.0, 0.0, 0.0] }))
IMPLICIT_RESTORED_CONTACT_GUESS dt=1.62760416666666664e-5
IMPLICIT_WORK_COMPONENTS origin=[-0.08132334988153073, 0.6106038222404571, -0.10196249582964967] dt=1.62760416666666664e-5 non_surface_potential_defect_j=-1.18590033626464475e-15 prescribed_surface_defect_j=-1.81120501356061246e-3 kinematic_defect_j=8.16223529343222014e-14 arithmetic_remainder_j=-4.88034920279951023e-16
IMPLICIT_WORK_REJECTION dt=1.62760416666666664e-5 defect_j=-1.81120501348066404e-3 budget_j=1.95312500000000016e-8 maximum_kinematic_residual_m=7.57349098799015019e-17
IMPLICIT_QUADRATURE_RETRY attempt=2 panels=4 reason="implicit contact work defect"
IMPLICIT_STAGE_REJECTION stage="local contact quadrature" dt=1.62760416666666664e-5 error="closed surface contact gap"
IMPLICIT_INFEASIBLE_PREDICTOR dt=1.62760416666666664e-5 internal_gap_open=true volume_open=true ccd=Ok(Some(0.016708144871546527)) nearest=Ok(Some(PrescribedContactFeature { distance_m: 0.00010043720317715564, gap_m: 4.3720317715563786e-7, body_face: [10, 7, 11], obstacle_face_index: 1308, body_weights: [0.1431606580153974, 0.4901858968833268, 0.3666534451012758], obstacle_weights: [1.0, 0.0, 0.0] }))
IMPLICIT_RESTORED_CONTACT_GUESS dt=1.62760416666666664e-5
IMPLICIT_WORK_COMPONENTS origin=[-0.08132334988153073, 0.6106038222404571, -0.10196249582964967] dt=1.62760416666666664e-5 non_surface_potential_defect_j=-5.97720657691258594e-16 prescribed_surface_defect_j=-1.29704906218971018e-3 kinematic_defect_j=7.69880418282988986e-10 arithmetic_remainder_j=-8.74920077674549686e-16
IMPLICIT_WORK_REJECTION dt=1.62760416666666664e-5 defect_j=-1.29704829231076443e-3 budget_j=1.95312500000000016e-8 maximum_kinematic_residual_m=3.31887949333318014e-13
IMPLICIT_QUADRATURE_RETRY attempt=3 panels=5 reason="implicit contact work defect"
IMPLICIT_STAGE_REJECTION stage="local contact quadrature" dt=1.62760416666666664e-5 error="closed surface contact gap"
IMPLICIT_INFEASIBLE_PREDICTOR dt=1.62760416666666664e-5 internal_gap_open=true volume_open=true ccd=Ok(Some(0.016708144871546527)) nearest=Ok(Some(PrescribedContactFeature { distance_m: 0.00010043720317715564, gap_m: 4.3720317715563786e-7, body_face: [10, 7, 11], obstacle_face_index: 1308, body_weights: [0.1431606580153974, 0.4901858968833268, 0.3666534451012758], obstacle_weights: [1.0, 0.0, 0.0] }))
IMPLICIT_RESTORED_CONTACT_GUESS dt=1.62760416666666664e-5
IMPLICIT_WORK_COMPONENTS origin=[-0.08132334988153073, 0.6106038222404571, -0.10196249582964967] dt=1.62760416666666664e-5 non_surface_potential_defect_j=2.36572914036337068e-16 prescribed_surface_defect_j=-8.32845832802713102e-4 kinematic_defect_j=2.49157765187308295e-10 arithmetic_remainder_j=-1.03218148521120397e-15
IMPLICIT_WORK_REJECTION dt=1.62760416666666664e-5 defect_j=-8.32845583645743523e-4 budget_j=1.95312500000000016e-8 maximum_kinematic_residual_m=1.03180535811339333e-13
IMPLICIT_QUADRATURE_RETRY attempt=4 panels=6 reason="implicit contact work defect"
IMPLICIT_STAGE_REJECTION stage="local contact quadrature" dt=1.62760416666666664e-5 error="closed surface contact gap"
IMPLICIT_INFEASIBLE_PREDICTOR dt=1.62760416666666664e-5 internal_gap_open=true volume_open=true ccd=Ok(Some(0.016708144871546527)) nearest=Ok(Some(PrescribedContactFeature { distance_m: 0.00010043720317715564, gap_m: 4.3720317715563786e-7, body_face: [10, 7, 11], obstacle_face_index: 1308, body_weights: [0.1431606580153974, 0.4901858968833268, 0.3666534451012758], obstacle_weights: [1.0, 0.0, 0.0] }))
IMPLICIT_RESTORED_CONTACT_GUESS dt=1.62760416666666664e-5
IMPLICIT_WORK_COMPONENTS origin=[-0.08132334988153073, 0.6106038222404571, -0.10196249582964967] dt=1.62760416666666664e-5 non_surface_potential_defect_j=-2.02745806254789329e-16 prescribed_surface_defect_j=-4.52631614962190976e-4 kinematic_defect_j=8.48452079798716416e-11 arithmetic_remainder_j=-4.94910392591932586e-16
IMPLICIT_WORK_REJECTION dt=1.62760416666666664e-5 defect_j=-4.52631530117680652e-4 budget_j=1.95312500000000016e-8 maximum_kinematic_residual_m=3.41559047958481764e-14
IMPLICIT_QUADRATURE_RETRY attempt=5 panels=7 reason="implicit contact work defect"
IMPLICIT_STAGE_REJECTION stage="local contact quadrature" dt=1.62760416666666664e-5 error="closed surface contact gap"
IMPLICIT_INFEASIBLE_PREDICTOR dt=1.62760416666666664e-5 internal_gap_open=true volume_open=true ccd=Ok(Some(0.016708144871546527)) nearest=Ok(Some(PrescribedContactFeature { distance_m: 0.00010043720317715564, gap_m: 4.3720317715563786e-7, body_face: [10, 7, 11], obstacle_face_index: 1308, body_weights: [0.1431606580153974, 0.4901858968833268, 0.3666534451012758], obstacle_weights: [1.0, 0.0, 0.0] }))
IMPLICIT_RESTORED_CONTACT_GUESS dt=1.62760416666666664e-5
IMPLICIT_WORK_COMPONENTS origin=[-0.08132334988153073, 0.6106038222404571, -0.10196249582964967] dt=1.62760416666666664e-5 non_surface_potential_defect_j=7.80625564189563192e-17 prescribed_surface_defect_j=-1.90554066357211940e-4 kinematic_defect_j=3.43110856858549778e-11 arithmetic_remainder_j=-5.30204032042532738e-16
IMPLICIT_WORK_REJECTION dt=1.62760416666666664e-5 defect_j=-1.90554032046578396e-4 budget_j=1.95312500000000016e-8 maximum_kinematic_residual_m=1.35553587872114766e-14
IMPLICIT_QUADRATURE_RETRY attempt=6 panels=8 reason="implicit contact work defect"
IMPLICIT_STAGE_REJECTION stage="local contact quadrature" dt=1.62760416666666664e-5 error="closed surface contact gap"
IMPLICIT_INFEASIBLE_PREDICTOR dt=1.62760416666666664e-5 internal_gap_open=true volume_open=true ccd=Ok(Some(0.016708144871546527)) nearest=Ok(Some(PrescribedContactFeature { distance_m: 0.00010043720317715564, gap_m: 4.3720317715563786e-7, body_face: [10, 7, 11], obstacle_face_index: 1308, body_weights: [0.1431606580153974, 0.4901858968833268, 0.3666534451012758], obstacle_weights: [1.0, 0.0, 0.0] }))
IMPLICIT_RESTORED_CONTACT_GUESS dt=1.62760416666666664e-5
IMPLICIT_WORK_COMPONENTS origin=[-0.08132334988153073, 0.6106038222404571, -0.10196249582964967] dt=1.62760416666666664e-5 non_surface_potential_defect_j=-3.66460334300100499e-16 prescribed_surface_defect_j=-5.48891595743290338e-5 kinematic_defect_j=1.73834832155467465e-11 arithmetic_remainder_j=-2.06322958739942248e-16
IMPLICIT_WORK_REJECTION dt=1.62760416666666664e-5 defect_j=-5.48891421914186016e-5 budget_j=1.95312500000000016e-8 maximum_kinematic_residual_m=6.79714632831601023e-15
IMPLICIT_QUADRATURE_RETRY attempt=7 panels=9 reason="implicit contact work defect"
IMPLICIT_STAGE_REJECTION stage="local contact quadrature" dt=1.62760416666666664e-5 error="closed surface contact gap"
IMPLICIT_INFEASIBLE_PREDICTOR dt=1.62760416666666664e-5 internal_gap_open=true volume_open=true ccd=Ok(Some(0.016708144871546527)) nearest=Ok(Some(PrescribedContactFeature { distance_m: 0.00010043720317715564, gap_m: 4.3720317715563786e-7, body_face: [10, 7, 11], obstacle_face_index: 1308, body_weights: [0.1431606580153974, 0.4901858968833268, 0.3666534451012758], obstacle_weights: [1.0, 0.0, 0.0] }))
IMPLICIT_RESTORED_CONTACT_GUESS dt=1.62760416666666664e-5
IMPLICIT_WORK_COMPONENTS origin=[-0.08132334988153073, 0.6106038222404571, -0.10196249582964967] dt=1.62760416666666664e-5 non_surface_potential_defect_j=3.84241249928862771e-16 prescribed_surface_defect_j=-9.28731432415911586e-6 kinematic_defect_j=1.57332247283519230e-11 arithmetic_remainder_j=-3.49873020442917544e-16
IMPLICIT_WORK_REJECTION dt=1.62760416666666664e-5 defect_j=-9.28729859090001927e-6 budget_j=1.95312500000000016e-8 maximum_kinematic_residual_m=6.14426603806660435e-15
IMPLICIT_QUADRATURE_RETRY attempt=8 panels=10 reason="implicit contact work defect"
IMPLICIT_STAGE_REJECTION stage="local contact quadrature" dt=1.62760416666666664e-5 error="closed surface contact gap"
IMPLICIT_INFEASIBLE_PREDICTOR dt=1.62760416666666664e-5 internal_gap_open=true volume_open=true ccd=Ok(Some(0.016708144871546527)) nearest=Ok(Some(PrescribedContactFeature { distance_m: 0.00010043720317715564, gap_m: 4.3720317715563786e-7, body_face: [10, 7, 11], obstacle_face_index: 1308, body_weights: [0.1431606580153974, 0.4901858968833268, 0.3666534451012758], obstacle_weights: [1.0, 0.0, 0.0] }))
IMPLICIT_RESTORED_CONTACT_GUESS dt=1.62760416666666664e-5
IMPLICIT_WORK_COMPONENTS origin=[-0.08132334988153073, 0.6106038222404571, -0.10196249582964967] dt=1.62760416666666664e-5 non_surface_potential_defect_j=-2.28007716873701582e-16 prescribed_surface_defect_j=-7.80241199518612663e-7 kinematic_defect_j=1.96829041899173078e-11 arithmetic_remainder_j=-3.93251986421754018e-16
IMPLICIT_WORK_REJECTION dt=1.62760416666666664e-5 defect_j=-7.80221517235682449e-7 budget_j=1.95312500000000016e-8 maximum_kinematic_residual_m=7.64472561182128960e-15
IMPLICIT_QUADRATURE_RETRY attempt=9 panels=11 reason="implicit contact work defect"
IMPLICIT_STAGE_REJECTION stage="local contact quadrature" dt=1.62760416666666664e-5 error="closed surface contact gap"
IMPLICIT_INFEASIBLE_PREDICTOR dt=1.62760416666666664e-5 internal_gap_open=true volume_open=true ccd=Ok(Some(0.016708144871546527)) nearest=Ok(Some(PrescribedContactFeature { distance_m: 0.00010043720317715564, gap_m: 4.3720317715563786e-7, body_face: [10, 7, 11], obstacle_face_index: 1308, body_weights: [0.1431606580153974, 0.4901858968833268, 0.3666534451012758], obstacle_weights: [1.0, 0.0, 0.0] }))
IMPLICIT_RESTORED_CONTACT_GUESS dt=1.62760416666666664e-5
IMPLICIT_WORK_COMPONENTS origin=[-0.08132334988153073, 0.6106038222404571, -0.10196249582964967] dt=1.62760416666666664e-5 non_surface_potential_defect_j=3.97468516433185926e-16 prescribed_surface_defect_j=-2.76588075255601584e-8 kinematic_defect_j=1.88118179673799388e-11 arithmetic_remainder_j=-3.08108869838462189e-16
IMPLICIT_WORK_REJECTION dt=1.62760416666666664e-5 defect_j=-2.76399956182331319e-8 budget_j=1.95312500000000016e-8 maximum_kinematic_residual_m=7.26100528715498822e-15
IMPLICIT_QUADRATURE_RETRY attempt=10 panels=12 reason="implicit contact work defect"
IMPLICIT_STAGE_REJECTION stage="local contact quadrature" dt=1.62760416666666664e-5 error="closed surface contact gap"
IMPLICIT_INFEASIBLE_PREDICTOR dt=1.62760416666666664e-5 internal_gap_open=true volume_open=true ccd=Ok(Some(0.016708144871546527)) nearest=Ok(Some(PrescribedContactFeature { distance_m: 0.00010043720317715564, gap_m: 4.3720317715563786e-7, body_face: [10, 7, 11], obstacle_face_index: 1308, body_weights: [0.1431606580153974, 0.4901858968833268, 0.3666534451012758], obstacle_weights: [1.0, 0.0, 0.0] }))
IMPLICIT_RESTORED_CONTACT_GUESS dt=1.62760416666666664e-5
IMPLICIT_FEASIBLE_VELOCITY_PREDICTOR dt=1.62760416666666664e-5
IMPLICIT_FEASIBLE_VELOCITY_PREDICTOR dt=3.25520833333333329e-5
IMPLICIT_FEASIBLE_VELOCITY_PREDICTOR dt=6.51041666666666658e-5
IMPLICIT_FEASIBLE_VELOCITY_PREDICTOR dt=1.30208333333333332e-4
IMPLICIT_FEASIBLE_VELOCITY_PREDICTOR dt=2.60416666666666663e-4
IMPLICIT_FEASIBLE_VELOCITY_PREDICTOR dt=5.20833333333333326e-4
IMPLICIT_FEASIBLE_VELOCITY_PREDICTOR dt=1.04166666666666665e-3
IMPLICIT_FEASIBLE_VELOCITY_PREDICTOR dt=1.04166666666666665e-3
IMPLICIT_FEASIBLE_VELOCITY_PREDICTOR dt=1.04166666666666665e-3
IMPLICIT_FEASIBLE_VELOCITY_PREDICTOR dt=3.25520833333333329e-5
IMPLICIT_FEASIBLE_VELOCITY_PREDICTOR dt=1.04166666666666665e-3
IMPLICIT_FEASIBLE_VELOCITY_PREDICTOR dt=1.04166666666666665e-3
IMPLICIT_FEASIBLE_VELOCITY_PREDICTOR dt=3.25520833333333329e-5
IMPLICIT_FEASIBLE_VELOCITY_PREDICTOR dt=1.04166666666666665e-3
IMPLICIT_FEASIBLE_VELOCITY_PREDICTOR dt=1.04166666666666665e-3
IMPLICIT_FEASIBLE_VELOCITY_PREDICTOR dt=1.04166666666666665e-3
IMPLICIT_FEASIBLE_VELOCITY_PREDICTOR dt=3.25520833333333329e-5
IMPLICIT_FEASIBLE_VELOCITY_PREDICTOR dt=1.04166666666666665e-3
IMPLICIT_FEASIBLE_VELOCITY_PREDICTOR dt=1.04166666666666665e-3
IMPLICIT_FEASIBLE_VELOCITY_PREDICTOR dt=1.04166666666666665e-3
IMPLICIT_FEASIBLE_VELOCITY_PREDICTOR dt=3.25520833333333329e-5
IMPLICIT_FEASIBLE_VELOCITY_PREDICTOR dt=1.04166666666666665e-3
IMPLICIT_FEASIBLE_VELOCITY_PREDICTOR dt=3.25520833333333329e-5
IMPLICIT_FEASIBLE_VELOCITY_PREDICTOR dt=3.25520833333333329e-5
IMPLICIT_FEASIBLE_VELOCITY_PREDICTOR dt=3.25520833333333329e-5
IMPLICIT_FEASIBLE_VELOCITY_PREDICTOR dt=3.25520833333333329e-5
IMPLICIT_FEASIBLE_VELOCITY_PREDICTOR dt=3.25520833333333329e-5
IMPLICIT_FEASIBLE_VELOCITY_PREDICTOR dt=3.25520833333333329e-5
IMPLICIT_LINE_SEARCH_REJECTION iteration=49 dt=3.25520833333333329e-5 weighted_residual_j=1.41620046309726605e-4 residual_budget_j=9.99999999999999980e-13 slope_j=-1.36128745225400034e-4 objective_noise_j=1.99794182991704303e-11 alpha=3.55271367880050093e-15 gap_trials=48 volume_trials=48 safe_trials=0 objective_trials=0 smallest_objective_change_j=inf smallest_trial_norm_j=inf
IMPLICIT_QUADRATURE_RETRY attempt=0 panels=2 reason="implicit contact path quadrature refinement"
IMPLICIT_LINE_SEARCH_REJECTION iteration=24 dt=3.25520833333333329e-5 weighted_residual_j=3.36238018508715829e-5 residual_budget_j=9.99999999999999980e-13 slope_j=-3.04154431826667898e-5 objective_noise_j=2.16549031747056028e-11 alpha=3.55271367880050093e-15 gap_trials=48 volume_trials=48 safe_trials=0 objective_trials=0 smallest_objective_change_j=inf smallest_trial_norm_j=inf
IMPLICIT_QUADRATURE_RETRY attempt=1 panels=3 reason="implicit contact path quadrature refinement"
IMPLICIT_WORK_COMPONENTS origin=[-0.08122170395618315, 0.6107564481248725, -0.10216930070391975] dt=3.25520833333333329e-5 non_surface_potential_defect_j=1.60331817267156396e-15 prescribed_surface_defect_j=6.49939411998352434e-3 kinematic_defect_j=1.56016970181714200e-10 arithmetic_remainder_j=1.08414923292630104e-16
IMPLICIT_WORK_REJECTION dt=3.25520833333333329e-5 defect_j=6.49939427600220668e-3 budget_j=3.90625000000000032e-8 maximum_kinematic_residual_m=1.97599396697598073e-13
IMPLICIT_QUADRATURE_RETRY attempt=2 panels=4 reason="implicit contact work defect"
IMPLICIT_WORK_COMPONENTS origin=[-0.08122170395618315, 0.6107564481248725, -0.10216930070391975] dt=3.25520833333333329e-5 non_surface_potential_defect_j=-4.12701556956607263e-16 prescribed_surface_defect_j=6.44566893307063800e-4 kinematic_defect_j=2.60724329967570343e-11 arithmetic_remainder_j=-9.72034416780504949e-16
IMPLICIT_WORK_REJECTION dt=3.25520833333333329e-5 defect_j=6.44566919378112115e-4 budget_j=3.90625000000000032e-8 maximum_kinematic_residual_m=3.19163793294609602e-14
IMPLICIT_QUADRATURE_RETRY attempt=3 panels=5 reason="implicit contact work defect"
IMPLICIT_WORK_COMPONENTS origin=[-0.08122170395618315, 0.6107564481248725, -0.10216930070391975] dt=3.25520833333333329e-5 non_surface_potential_defect_j=-5.03178228250522608e-16 prescribed_surface_defect_j=1.33162061565936739e-4 kinematic_defect_j=2.58357247561842418e-10 arithmetic_remainder_j=-1.53488405152228408e-16
IMPLICIT_WORK_REJECTION dt=3.25520833333333329e-5 defect_j=1.33162319922527634e-4 budget_j=3.90625000000000032e-8 maximum_kinematic_residual_m=3.26034829695046394e-13
IMPLICIT_QUADRATURE_RETRY attempt=4 panels=6 reason="implicit contact work defect"
IMPLICIT_WORK_COMPONENTS origin=[-0.08122170395618315, 0.6107564481248725, -0.10216930070391975] dt=3.25520833333333329e-5 non_surface_potential_defect_j=-2.32073475020522224e-16 prescribed_surface_defect_j=2.01266302101379849e-5 kinematic_defect_j=2.58398890554442285e-11 arithmetic_remainder_j=-3.98514708002163393e-16
IMPLICIT_WORK_REJECTION dt=3.25520833333333329e-5 defect_j=2.01266560493964521e-5 budget_j=3.90625000000000032e-8 maximum_kinematic_residual_m=5.04839632554585083e-14
IMPLICIT_QUADRATURE_RETRY attempt=5 panels=7 reason="implicit contact work defect"
IMPLICIT_WORK_COMPONENTS origin=[-0.08122170395618315, 0.6107564481248725, -0.10216930070391975] dt=3.25520833333333329e-5 non_surface_potential_defect_j=-6.71934296397891373e-16 prescribed_surface_defect_j=1.66713155848422249e-6 kinematic_defect_j=7.79767636821008338e-11 arithmetic_remainder_j=-4.41722388037197287e-16
IMPLICIT_WORK_REJECTION dt=3.25520833333333329e-5 defect_j=1.66720953413424791e-6 budget_j=3.90625000000000032e-8 maximum_kinematic_residual_m=1.17438509275331199e-13
IMPLICIT_QUADRATURE_RETRY attempt=6 panels=8 reason="implicit contact work defect"
IMPLICIT_WORK_COMPONENTS origin=[-0.08122170395618315, 0.6107564481248725, -0.10216930070391975] dt=3.25520833333333329e-5 non_surface_potential_defect_j=2.91758804615849243e-16 prescribed_surface_defect_j=5.99490521091246373e-8 kinematic_defect_j=8.22383140682264913e-11 arithmetic_remainder_j=-6.21175741154559018e-16
IMPLICIT_WORK_REJECTION dt=3.25520833333333329e-5 defect_j=6.00312900937759273e-8 budget_j=3.90625000000000032e-8 maximum_kinematic_residual_m=1.28319772342566640e-13
IMPLICIT_QUADRATURE_RETRY attempt=7 panels=9 reason="implicit contact work defect"
IMPLICIT_STAGE_REJECTION stage="local contact quadrature" dt=3.25520833333333329e-5 error="closed surface contact gap"
IMPLICIT_INFEASIBLE_PREDICTOR dt=3.25520833333333329e-5 internal_gap_open=true volume_open=true ccd=Ok(Some(0.0047231766714877)) nearest=Ok(Some(PrescribedContactFeature { distance_m: 9.399070276773642e-5, gap_m: -6.009297232263585e-6, body_face: [11, 6, 10], obstacle_face_index: 2478, body_weights: [0.0, 0.12187806314642391, 0.8781219368535761], obstacle_weights: [0.9749793824309696, 0.0, 0.0250206175690304] }))
IMPLICIT_RESTORED_CONTACT_GUESS dt=3.25520833333333329e-5
IMPLICIT_WORK_COMPONENTS origin=[-0.08122035928429017, 0.6107574702165466, -0.1021738366967418] dt=3.25520833333333329e-5 non_surface_potential_defect_j=-1.11130722679764204e-15 prescribed_surface_defect_j=-1.35101196422517892e-3 kinematic_defect_j=-6.35719075569572652e-11 arithmetic_remainder_j=-1.11190458354880334e-15
IMPLICIT_WORK_REJECTION dt=3.25520833333333329e-5 defect_j=-1.35101202779930969e-3 budget_j=3.90625000000000032e-8 maximum_kinematic_residual_m=1.42224601399289505e-13
IMPLICIT_QUADRATURE_RETRY attempt=0 panels=2 reason="implicit contact work defect"
IMPLICIT_STAGE_REJECTION stage="local contact quadrature" dt=3.25520833333333329e-5 error="closed surface contact gap"
IMPLICIT_INFEASIBLE_PREDICTOR dt=3.25520833333333329e-5 internal_gap_open=true volume_open=true ccd=Ok(Some(0.0047231766714877)) nearest=Ok(Some(PrescribedContactFeature { distance_m: 9.399070276773642e-5, gap_m: -6.009297232263585e-6, body_face: [11, 6, 10], obstacle_face_index: 2478, body_weights: [0.0, 0.12187806314642391, 0.8781219368535761], obstacle_weights: [0.9749793824309696, 0.0, 0.0250206175690304] }))
IMPLICIT_RESTORED_CONTACT_GUESS dt=3.25520833333333329e-5
IMPLICIT_WORK_COMPONENTS origin=[-0.08122035928429017, 0.6107574702165466, -0.1021738366967418] dt=3.25520833333333329e-5 non_surface_potential_defect_j=-3.53449908230274445e-17 prescribed_surface_defect_j=-7.12403641671329152e-4 kinematic_defect_j=-5.70508523440633719e-12 arithmetic_remainder_j=-1.05280162880938305e-15
IMPLICIT_WORK_REJECTION dt=3.25520833333333329e-5 defect_j=-7.12403647377502533e-4 budget_j=3.90625000000000032e-8 maximum_kinematic_residual_m=1.50452706209864956e-13
IMPLICIT_QUADRATURE_RETRY attempt=1 panels=3 reason="implicit contact work defect"
IMPLICIT_STAGE_REJECTION stage="local contact quadrature" dt=3.25520833333333329e-5 error="closed surface contact gap"
IMPLICIT_INFEASIBLE_PREDICTOR dt=3.25520833333333329e-5 internal_gap_open=true volume_open=true ccd=Ok(Some(0.0047231766714877)) nearest=Ok(Some(PrescribedContactFeature { distance_m: 9.399070276773642e-5, gap_m: -6.009297232263585e-6, body_face: [11, 6, 10], obstacle_face_index: 2478, body_weights: [0.0, 0.12187806314642391, 0.8781219368535761], obstacle_weights: [0.9749793824309696, 0.0, 0.0250206175690304] }))
IMPLICIT_RESTORED_CONTACT_GUESS dt=3.25520833333333329e-5
IMPLICIT_WORK_COMPONENTS origin=[-0.08122035928429017, 0.6107574702165466, -0.1021738366967418] dt=3.25520833333333329e-5 non_surface_potential_defect_j=-2.75278931594069576e-16 prescribed_surface_defect_j=-2.82796386344333892e-4 kinematic_defect_j=5.99636524167911661e-11 arithmetic_remainder_j=-1.13753719019614756e-15
IMPLICIT_WORK_REJECTION dt=3.25520833333333329e-5 defect_j=-2.82796326382094292e-4 budget_j=3.90625000000000032e-8 maximum_kinematic_residual_m=1.45379293614578385e-13
IMPLICIT_QUADRATURE_RETRY attempt=2 panels=4 reason="implicit contact work defect"
IMPLICIT_STAGE_REJECTION stage="local contact quadrature" dt=3.25520833333333329e-5 error="closed surface contact gap"
IMPLICIT_INFEASIBLE_PREDICTOR dt=3.25520833333333329e-5 internal_gap_open=true volume_open=true ccd=Ok(Some(0.0047231766714877)) nearest=Ok(Some(PrescribedContactFeature { distance_m: 9.399070276773642e-5, gap_m: -6.009297232263585e-6, body_face: [11, 6, 10], obstacle_face_index: 2478, body_weights: [0.0, 0.12187806314642391, 0.8781219368535761], obstacle_weights: [0.9749793824309696, 0.0, 0.0250206175690304] }))
IMPLICIT_RESTORED_CONTACT_GUESS dt=3.25520833333333329e-5
IMPLICIT_WORK_COMPONENTS origin=[-0.08122035928429017, 0.6107574702165466, -0.1021738366967418] dt=3.25520833333333329e-5 non_surface_potential_defect_j=-5.91323864873594118e-16 prescribed_surface_defect_j=-7.36407718495162467e-5 kinematic_defect_j=1.08114397267405650e-10 arithmetic_remainder_j=-1.50081093360911817e-15
IMPLICIT_WORK_REJECTION dt=3.25520833333333329e-5 defect_j=-7.36406637372111141e-5 budget_j=3.90625000000000032e-8 maximum_kinematic_residual_m=1.50761083125926554e-13
IMPLICIT_QUADRATURE_RETRY attempt=3 panels=5 reason="implicit contact work defect"
IMPLICIT_STAGE_REJECTION stage="local contact quadrature" dt=3.25520833333333329e-5 error="closed surface contact gap"
IMPLICIT_INFEASIBLE_PREDICTOR dt=3.25520833333333329e-5 internal_gap_open=true volume_open=true ccd=Ok(Some(0.0047231766714877)) nearest=Ok(Some(PrescribedContactFeature { distance_m: 9.399070276773642e-5, gap_m: -6.009297232263585e-6, body_face: [11, 6, 10], obstacle_face_index: 2478, body_weights: [0.0, 0.12187806314642391, 0.8781219368535761], obstacle_weights: [0.9749793824309696, 0.0, 0.0250206175690304] }))
IMPLICIT_RESTORED_CONTACT_GUESS dt=3.25520833333333329e-5
IMPLICIT_WORK_COMPONENTS origin=[-0.08122035928429017, 0.6107574702165466, -0.1021738366967418] dt=3.25520833333333329e-5 non_surface_potential_defect_j=-5.31259064517897173e-18 prescribed_surface_defect_j=-1.07076046877437156e-5 kinematic_defect_j=1.31112086393428815e-10 arithmetic_remainder_j=-1.53071293041775889e-15
IMPLICIT_WORK_REJECTION dt=3.25520833333333329e-5 defect_j=-1.07074735771933477e-5 budget_j=3.90625000000000032e-8 maximum_kinematic_residual_m=1.60092863403062331e-13
IMPLICIT_QUADRATURE_RETRY attempt=4 panels=6 reason="implicit contact work defect"
IMPLICIT_STAGE_REJECTION stage="local contact quadrature" dt=3.25520833333333329e-5 error="closed surface contact gap"
IMPLICIT_INFEASIBLE_PREDICTOR dt=3.25520833333333329e-5 internal_gap_open=true volume_open=true ccd=Ok(Some(0.0047231766714877)) nearest=Ok(Some(PrescribedContactFeature { distance_m: 9.399070276773642e-5, gap_m: -6.009297232263585e-6, body_face: [11, 6, 10], obstacle_face_index: 2478, body_weights: [0.0, 0.12187806314642391, 0.8781219368535761], obstacle_weights: [0.9749793824309696, 0.0, 0.0250206175690304] }))
IMPLICIT_RESTORED_CONTACT_GUESS dt=3.25520833333333329e-5
IMPLICIT_WORK_COMPONENTS origin=[-0.08122035928429017, 0.6107574702165466, -0.1021738366967418] dt=3.25520833333333329e-5 non_surface_potential_defect_j=-1.84314369322535754e-17 prescribed_surface_defect_j=-7.35867206901746895e-7 kinematic_defect_j=1.37619801714386956e-10 arithmetic_remainder_j=-8.75260148167982487e-16
IMPLICIT_WORK_REJECTION dt=3.25520833333333329e-5 defect_j=-7.35729587993724093e-7 budget_j=3.90625000000000032e-8 maximum_kinematic_residual_m=1.63894133023943535e-13
IMPLICIT_QUADRATURE_RETRY attempt=5 panels=7 reason="implicit contact work defect"
IMPLICIT_STAGE_REJECTION stage="local contact quadrature" dt=3.25520833333333329e-5 error="closed surface contact gap"
IMPLICIT_INFEASIBLE_PREDICTOR dt=3.25520833333333329e-5 internal_gap_open=true volume_open=true ccd=Ok(Some(0.0047231766714877)) nearest=Ok(Some(PrescribedContactFeature { distance_m: 9.399070276773642e-5, gap_m: -6.009297232263585e-6, body_face: [11, 6, 10], obstacle_face_index: 2478, body_weights: [0.0, 0.12187806314642391, 0.8781219368535761], obstacle_weights: [0.9749793824309696, 0.0, 0.0250206175690304] }))
IMPLICIT_RESTORED_CONTACT_GUESS dt=3.25520833333333329e-5
IMPLICIT_FEASIBLE_VELOCITY_PREDICTOR dt=3.25520833333333329e-5
IMPLICIT_WORK_COMPONENTS origin=[-0.08121905981003831, 0.6107583724557674, -0.10217829395300952] dt=3.25520833333333329e-5 non_surface_potential_defect_j=-1.58076676748386546e-16 prescribed_surface_defect_j=-1.21332732893850734e-7 kinematic_defect_j=9.38041305949354074e-12 arithmetic_remainder_j=-2.92410093542948995e-16
IMPLICIT_WORK_REJECTION dt=3.25520833333333329e-5 defect_j=-1.21323352931278011e-7 budget_j=3.90625000000000032e-8 maximum_kinematic_residual_m=5.58969832090616334e-14
IMPLICIT_QUADRATURE_RETRY attempt=0 panels=2 reason="implicit contact work defect"
IMPLICIT_FEASIBLE_VELOCITY_PREDICTOR dt=3.25520833333333329e-5
IMPLICIT_FEASIBLE_VELOCITY_PREDICTOR dt=3.25520833333333329e-5
IMPLICIT_FEASIBLE_VELOCITY_PREDICTOR dt=3.25520833333333329e-5
IMPLICIT_FEASIBLE_VELOCITY_PREDICTOR dt=3.25520833333333329e-5
IMPLICIT_FEASIBLE_VELOCITY_PREDICTOR dt=3.25520833333333329e-5
IMPLICIT_FEASIBLE_VELOCITY_PREDICTOR dt=3.25520833333333329e-5
IMPLICIT_FEASIBLE_VELOCITY_PREDICTOR dt=3.25520833333333329e-5
IMPLICIT_FEASIBLE_VELOCITY_PREDICTOR dt=3.25520833333333329e-5
IMPLICIT_FEASIBLE_VELOCITY_PREDICTOR dt=3.25520833333333329e-5
IMPLICIT_FEASIBLE_VELOCITY_PREDICTOR dt=3.25520833333333329e-5
IMPLICIT_FEASIBLE_VELOCITY_PREDICTOR dt=3.25520833333333329e-5
IMPLICIT_FEASIBLE_VELOCITY_PREDICTOR dt=3.25520833333333329e-5
IMPLICIT_FEASIBLE_VELOCITY_PREDICTOR dt=3.25520833333333329e-5
IMPLICIT_FEASIBLE_VELOCITY_PREDICTOR dt=3.25520833333333329e-5
IMPLICIT_FEASIBLE_VELOCITY_PREDICTOR dt=3.25520833333333329e-5
IMPLICIT_FEASIBLE_VELOCITY_PREDICTOR dt=3.25520833333333329e-5
IMPLICIT_FEASIBLE_VELOCITY_PREDICTOR dt=3.25520833333333329e-5
IMPLICIT_FEASIBLE_VELOCITY_PREDICTOR dt=3.25520833333333329e-5
IMPLICIT_FEASIBLE_VELOCITY_PREDICTOR dt=3.25520833333333329e-5
IMPLICIT_FEASIBLE_VELOCITY_PREDICTOR dt=3.25520833333333329e-5
IMPLICIT_FEASIBLE_VELOCITY_PREDICTOR dt=3.25520833333333329e-5
IMPLICIT_FEASIBLE_VELOCITY_PREDICTOR dt=3.25520833333333329e-5
IMPLICIT_FEASIBLE_VELOCITY_PREDICTOR dt=3.25520833333333329e-5
IMPLICIT_FEASIBLE_VELOCITY_PREDICTOR dt=3.25520833333333329e-5
IMPLICIT_FEASIBLE_VELOCITY_PREDICTOR dt=3.25520833333333329e-5
IMPLICIT_FEASIBLE_VELOCITY_PREDICTOR dt=3.25520833333333329e-5
IMPLICIT_FEASIBLE_VELOCITY_PREDICTOR dt=3.25520833333333329e-5
IMPLICIT_FEASIBLE_VELOCITY_PREDICTOR dt=3.25520833333333329e-5
IMPLICIT_FEASIBLE_VELOCITY_PREDICTOR dt=3.25520833333333329e-5
IMPLICIT_FEASIBLE_VELOCITY_PREDICTOR dt=3.25520833333333329e-5
IMPLICIT_FEASIBLE_VELOCITY_PREDICTOR dt=3.25520833333333329e-5
IMPLICIT_FEASIBLE_VELOCITY_PREDICTOR dt=3.25520833333333329e-5
IMPLICIT_FEASIBLE_VELOCITY_PREDICTOR dt=3.25520833333333329e-5
IMPLICIT_FEASIBLE_VELOCITY_PREDICTOR dt=3.25520833333333329e-5
IMPLICIT_FEASIBLE_VELOCITY_PREDICTOR dt=3.25520833333333329e-5
IMPLICIT_FEASIBLE_VELOCITY_PREDICTOR dt=3.25520833333333329e-5
IMPLICIT_FEASIBLE_VELOCITY_PREDICTOR dt=3.25520833333333329e-5
IMPLICIT_FEASIBLE_VELOCITY_PREDICTOR dt=3.25520833333333329e-5
IMPLICIT_FEASIBLE_VELOCITY_PREDICTOR dt=3.25520833333333329e-5
IMPLICIT_FEASIBLE_VELOCITY_PREDICTOR dt=3.25520833333333329e-5
IMPLICIT_FEASIBLE_VELOCITY_PREDICTOR dt=3.25520833333333329e-5
IMPLICIT_FEASIBLE_VELOCITY_PREDICTOR dt=3.25520833333333329e-5
IMPLICIT_FEASIBLE_VELOCITY_PREDICTOR dt=3.25520833333333329e-5
IMPLICIT_WORK_COMPONENTS origin=[-0.08118218084884313, 0.6107041898689672, -0.1022700839087674] dt=3.25520833333333329e-5 non_surface_potential_defect_j=1.58401937400132198e-16 prescribed_surface_defect_j=2.08554260277131237e-6 kinematic_defect_j=1.05424521363776923e-10 arithmetic_remainder_j=1.31909949653349489e-16
IMPLICIT_WORK_REJECTION dt=3.25520833333333329e-5 defect_j=2.08564802758298804e-6 budget_j=3.90625000000000032e-8 maximum_kinematic_residual_m=1.23520675114045678e-12
IMPLICIT_QUADRATURE_RETRY attempt=0 panels=2 reason="implicit contact work defect"
IMPLICIT_FEASIBLE_VELOCITY_PREDICTOR dt=3.25520833333333329e-5
IMPLICIT_WORK_COMPONENTS origin=[-0.08118218084884313, 0.6107041898689672, -0.1022700839087674] dt=3.25520833333333329e-5 non_surface_potential_defect_j=3.91505404484515651e-16 prescribed_surface_defect_j=1.02039942884727059e-7 kinematic_defect_j=1.56893746117364151e-10 arithmetic_remainder_j=3.37978745569556243e-16
IMPLICIT_WORK_REJECTION dt=3.25520833333333329e-5 defect_j=1.02196837360328573e-7 budget_j=3.90625000000000032e-8 maximum_kinematic_residual_m=1.72801393974853325e-12
IMPLICIT_QUADRATURE_RETRY attempt=1 panels=3 reason="implicit contact work defect"
IMPLICIT_FEASIBLE_VELOCITY_PREDICTOR dt=3.25520833333333329e-5
IMPLICIT_LINE_SEARCH_REJECTION iteration=47 dt=3.25520833333333329e-5 weighted_residual_j=4.86136167171404021e-4 residual_budget_j=9.99999999999999980e-13 slope_j=-4.66624698651099874e-4 objective_noise_j=5.34264915345308782e-11 alpha=3.55271367880050093e-15 gap_trials=48 volume_trials=48 safe_trials=0 objective_trials=0 smallest_objective_change_j=inf smallest_trial_norm_j=inf
IMPLICIT_QUADRATURE_RETRY attempt=0 panels=2 reason="implicit contact path quadrature refinement"
IMPLICIT_CONTACT_FRAME_DIFFERENCE dt=3.25520833333333329e-5 maximum_endpoint_roundoff_m=1.11022302462515654e-16 maximum_force_difference_n=2.83861936622997746e-7 objective_difference_j=-1.58206781009084807e-14
IMPLICIT_NONLINEAR_LIMIT dt=3.25520833333333329e-5 weighted_residual_j=4.09892694399810464e-4 residual_budget_j=9.99999999999999980e-13 residual_impulse_work_j=-3.60361155698798357e-3 impulse_work_budget_j=1.25000000000000003e-9 maximum_residual_n=2.45722424336851418e2 maximum_direction_m=3.25553154051919222e-8 maximum_diagonal_n_m=5.58845148089397240e9 minimum_inertia_n_m=1.65622579200000077e8
IMPLICIT_LAST_STEP alpha=4.76837158203125000e-7 maximum_applied_increment_m=1.55235838357578766e-14
IMPLICIT_NONCONVERGED_WORK_REFINEMENT kind=contact dt=3.25520833333333329e-5 panels=3
IMPLICIT_QUADRATURE_RETRY attempt=1 panels=3 reason="implicit contact work defect"
IMPLICIT_LINE_SEARCH_REJECTION iteration=58 dt=3.25520833333333329e-5 weighted_residual_j=3.87177326277495253e-4 residual_budget_j=9.99999999999999980e-13 slope_j=-3.70467362318564774e-4 objective_noise_j=5.46745539223498956e-11 alpha=3.55271367880050093e-15 gap_trials=48 volume_trials=48 safe_trials=0 objective_trials=0 smallest_objective_change_j=inf smallest_trial_norm_j=inf
IMPLICIT_QUADRATURE_RETRY attempt=2 panels=4 reason="implicit contact path quadrature refinement"
IMPLICIT_LINE_SEARCH_REJECTION iteration=52 dt=3.25520833333333329e-5 weighted_residual_j=3.81399097568668841e-4 residual_budget_j=9.99999999999999980e-13 slope_j=-2.03982822185893057e-4 objective_noise_j=5.47582865391693896e-11 alpha=3.55271367880050093e-15 gap_trials=48 volume_trials=48 safe_trials=0 objective_trials=0 smallest_objective_change_j=inf smallest_trial_norm_j=inf
IMPLICIT_QUADRATURE_RETRY attempt=3 panels=5 reason="implicit contact path quadrature refinement"
IMPLICIT_LINE_SEARCH_REJECTION iteration=57 dt=3.25520833333333329e-5 weighted_residual_j=3.89428251208441404e-4 residual_budget_j=9.99999999999999980e-13 slope_j=-3.98514951148143143e-4 objective_noise_j=5.46550189788433522e-11 alpha=3.55271367880050093e-15 gap_trials=48 volume_trials=48 safe_trials=0 objective_trials=0 smallest_objective_change_j=inf smallest_trial_norm_j=inf
IMPLICIT_QUADRATURE_RETRY attempt=4 panels=6 reason="implicit contact path quadrature refinement"
IMPLICIT_LINE_SEARCH_REJECTION iteration=47 dt=3.25520833333333329e-5 weighted_residual_j=4.10716298148370781e-4 residual_budget_j=9.99999999999999980e-13 slope_j=-6.54969804138277976e-5 objective_noise_j=5.45030364010723111e-11 alpha=3.55271367880050093e-15 gap_trials=48 volume_trials=48 safe_trials=0 objective_trials=0 smallest_objective_change_j=inf smallest_trial_norm_j=inf
IMPLICIT_QUADRATURE_RETRY attempt=5 panels=7 reason="implicit contact path quadrature refinement"
IMPLICIT_LINE_SEARCH_REJECTION iteration=45 dt=3.25520833333333329e-5 weighted_residual_j=4.06219629878232344e-4 residual_budget_j=9.99999999999999980e-13 slope_j=-1.44205156726972335e-4 objective_noise_j=5.45273148448456088e-11 alpha=3.55271367880050093e-15 gap_trials=48 volume_trials=48 safe_trials=0 objective_trials=0 smallest_objective_change_j=inf smallest_trial_norm_j=inf
IMPLICIT_QUADRATURE_RETRY attempt=6 panels=8 reason="implicit contact path quadrature refinement"
IMPLICIT_LINE_SEARCH_REJECTION iteration=54 dt=3.25520833333333329e-5 weighted_residual_j=5.55128000464005463e-4 residual_budget_j=9.99999999999999980e-13 slope_j=-2.19619396188384914e-4 objective_noise_j=5.40295402574886512e-11 alpha=3.55271367880050093e-15 gap_trials=48 volume_trials=48 safe_trials=0 objective_trials=0 smallest_objective_change_j=inf smallest_trial_norm_j=inf
IMPLICIT_QUADRATURE_RETRY attempt=7 panels=9 reason="implicit contact path quadrature refinement"
IMPLICIT_LINE_SEARCH_REJECTION iteration=67 dt=3.25520833333333329e-5 weighted_residual_j=3.86520322129864889e-4 residual_budget_j=9.99999999999999980e-13 slope_j=-3.92216719532495516e-4 objective_noise_j=5.46853961245234711e-11 alpha=3.55271367880050093e-15 gap_trials=48 volume_trials=48 safe_trials=0 objective_trials=0 smallest_objective_change_j=inf smallest_trial_norm_j=inf
IMPLICIT_QUADRATURE_RETRY attempt=8 panels=10 reason="implicit contact path quadrature refinement"
IMPLICIT_LINE_SEARCH_REJECTION iteration=47 dt=3.25520833333333329e-5 weighted_residual_j=3.87897074218952547e-4 residual_budget_j=9.99999999999999980e-13 slope_j=-3.64120040706593373e-4 objective_noise_j=5.46705187774561029e-11 alpha=3.55271367880050093e-15 gap_trials=48 volume_trials=48 safe_trials=0 objective_trials=0 smallest_objective_change_j=inf smallest_trial_norm_j=inf
IMPLICIT_QUADRATURE_RETRY attempt=9 panels=11 reason="implicit contact path quadrature refinement"
IMPLICIT_LINE_SEARCH_REJECTION iteration=42 dt=3.25520833333333329e-5 weighted_residual_j=3.81878167309879267e-4 residual_budget_j=9.99999999999999980e-13 slope_j=-3.89577473677389359e-4 objective_noise_j=5.47490247771025203e-11 alpha=3.55271367880050093e-15 gap_trials=48 volume_trials=48 safe_trials=0 objective_trials=0 smallest_objective_change_j=inf smallest_trial_norm_j=inf
IMPLICIT_QUADRATURE_RETRY attempt=10 panels=12 reason="implicit contact path quadrature refinement"
IMPLICIT_LINE_SEARCH_REJECTION iteration=49 dt=3.25520833333333329e-5 weighted_residual_j=3.86381704973739473e-4 residual_budget_j=9.99999999999999980e-13 slope_j=-3.92160664552440325e-4 objective_noise_j=5.46870340989078092e-11 alpha=3.55271367880050093e-15 gap_trials=48 volume_trials=48 safe_trials=0 objective_trials=0 smallest_objective_change_j=inf smallest_trial_norm_j=inf
IMPLICIT_QUADRATURE_RETRY attempt=11 panels=13 reason="implicit contact path quadrature refinement"
IMPLICIT_LINE_SEARCH_REJECTION iteration=63 dt=3.25520833333333329e-5 weighted_residual_j=3.79733262461786182e-4 residual_budget_j=9.99999999999999980e-13 slope_j=-1.53496460185523784e-4 objective_noise_j=5.49393107152849851e-11 alpha=3.55271367880050093e-15 gap_trials=48 volume_trials=48 safe_trials=0 objective_trials=0 smallest_objective_change_j=inf smallest_trial_norm_j=inf
IMPLICIT_QUADRATURE_RETRY attempt=12 panels=14 reason="implicit contact path quadrature refinement"
IMPLICIT_LINE_SEARCH_REJECTION iteration=51 dt=3.25520833333333329e-5 weighted_residual_j=3.85655996014781495e-4 residual_budget_j=9.99999999999999980e-13 slope_j=-3.98058658354420258e-4 objective_noise_j=5.46953446308168562e-11 alpha=3.55271367880050093e-15 gap_trials=48 volume_trials=48 safe_trials=0 objective_trials=0 smallest_objective_change_j=inf smallest_trial_norm_j=inf
IMPLICIT_QUADRATURE_RETRY attempt=13 panels=15 reason="implicit contact path quadrature refinement"
IMPLICIT_LINE_SEARCH_REJECTION iteration=49 dt=3.25520833333333329e-5 weighted_residual_j=3.79304568881179535e-4 residual_budget_j=9.99999999999999980e-13 slope_j=-3.83826670318766566e-4 objective_noise_j=5.48041418126956527e-11 alpha=3.55271367880050093e-15 gap_trials=48 volume_trials=48 safe_trials=0 objective_trials=0 smallest_objective_change_j=inf smallest_trial_norm_j=inf
IMPLICIT_QUADRATURE_RETRY attempt=14 panels=16 reason="implicit contact path quadrature refinement"
IMPLICIT_LINE_SEARCH_REJECTION iteration=39 dt=3.25520833333333329e-5 weighted_residual_j=1.34896305083675398e-2 residual_budget_j=9.99999999999999980e-13 slope_j=-1.90272078273497416e-2 objective_noise_j=6.35865595206874040e-11 alpha=3.55271367880050093e-15 gap_trials=48 volume_trials=48 safe_trials=0 objective_trials=0 smallest_objective_change_j=inf smallest_trial_norm_j=inf
IMPLICIT_QUADRATURE_RETRY attempt=15 panels=17 reason="implicit contact path quadrature refinement"
IMPLICIT_LINE_SEARCH_REJECTION iteration=45 dt=3.25520833333333329e-5 weighted_residual_j=3.80647375508686987e-4 residual_budget_j=9.99999999999999980e-13 slope_j=-2.07274472314792306e-4 objective_noise_j=5.47734628372047332e-11 alpha=3.55271367880050093e-15 gap_trials=48 volume_trials=48 safe_trials=0 objective_trials=0 smallest_objective_change_j=inf smallest_trial_norm_j=inf
IMPLICIT_QUADRATURE_RETRY attempt=16 panels=18 reason="implicit contact path quadrature refinement"
IMPLICIT_LINE_SEARCH_REJECTION iteration=54 dt=3.25520833333333329e-5 weighted_residual_j=4.74697590347497936e-4 residual_budget_j=9.99999999999999980e-13 slope_j=-1.65367469355926714e-4 objective_noise_j=5.42526098338164110e-11 alpha=3.55271367880050093e-15 gap_trials=48 volume_trials=48 safe_trials=0 objective_trials=0 smallest_objective_change_j=inf smallest_trial_norm_j=inf
IMPLICIT_QUADRATURE_RETRY attempt=17 panels=19 reason="implicit contact path quadrature refinement"
IMPLICIT_LINE_SEARCH_REJECTION iteration=42 dt=3.25520833333333329e-5 weighted_residual_j=3.93699172004063891e-4 residual_budget_j=9.99999999999999980e-13 slope_j=-4.01686906812097528e-4 objective_noise_j=5.46170251761663832e-11 alpha=3.55271367880050093e-15 gap_trials=48 volume_trials=48 safe_trials=0 objective_trials=0 smallest_objective_change_j=inf smallest_trial_norm_j=inf
IMPLICIT_QUADRATURE_RETRY attempt=18 panels=20 reason="implicit contact path quadrature refinement"
IMPLICIT_LINE_SEARCH_REJECTION iteration=51 dt=3.25520833333333329e-5 weighted_residual_j=3.83372729336152441e-4 residual_budget_j=9.99999999999999980e-13 slope_j=-2.95572121024966980e-4 objective_noise_j=5.47254146591980826e-11 alpha=3.55271367880050093e-15 gap_trials=48 volume_trials=48 safe_trials=0 objective_trials=0 smallest_objective_change_j=inf smallest_trial_norm_j=inf
IMPLICIT_QUADRATURE_RETRY attempt=19 panels=21 reason="implicit contact path quadrature refinement"
IMPLICIT_LINE_SEARCH_REJECTION iteration=78 dt=3.25520833333333329e-5 weighted_residual_j=3.78732775542500017e-4 residual_budget_j=9.99999999999999980e-13 slope_j=-3.25182905594032412e-5 objective_noise_j=5.48908203194729843e-11 alpha=3.55271367880050093e-15 gap_trials=48 volume_trials=48 safe_trials=0 objective_trials=0 smallest_objective_change_j=inf smallest_trial_norm_j=inf
IMPLICIT_QUADRATURE_RETRY attempt=20 panels=22 reason="implicit contact path quadrature refinement"
IMPLICIT_LINE_SEARCH_REJECTION iteration=67 dt=3.25520833333333329e-5 weighted_residual_j=3.85128819018237985e-4 residual_budget_j=9.99999999999999980e-13 slope_j=-3.81509587965098466e-4 objective_noise_j=5.47019731745305637e-11 alpha=3.55271367880050093e-15 gap_trials=48 volume_trials=48 safe_trials=0 objective_trials=0 smallest_objective_change_j=inf smallest_trial_norm_j=inf
IMPLICIT_QUADRATURE_RETRY attempt=21 panels=23 reason="implicit contact path quadrature refinement"
IMPLICIT_LINE_SEARCH_REJECTION iteration=51 dt=3.25520833333333329e-5 weighted_residual_j=3.78798608515170721e-4 residual_budget_j=9.99999999999999980e-13 slope_j=-8.67561170277507518e-5 objective_noise_j=5.48897627724016578e-11 alpha=3.55271367880050093e-15 gap_trials=48 volume_trials=48 safe_trials=0 objective_trials=0 smallest_objective_change_j=inf smallest_trial_norm_j=inf
IMPLICIT_QUADRATURE_RETRY attempt=22 panels=24 reason="implicit contact path quadrature refinement"
IMPLICIT_LINE_SEARCH_REJECTION iteration=43 dt=3.25520833333333329e-5 weighted_residual_j=3.86143613881154981e-4 residual_budget_j=9.99999999999999980e-13 slope_j=-3.94074729136085122e-4 objective_noise_j=5.46896266624807175e-11 alpha=3.55271367880050093e-15 gap_trials=48 volume_trials=48 safe_trials=0 objective_trials=0 smallest_objective_change_j=inf smallest_trial_norm_j=inf
IMPLICIT_QUADRATURE_RETRY attempt=23 panels=25 reason="implicit contact path quadrature refinement"
IMPLICIT_LINE_SEARCH_REJECTION iteration=67 dt=3.25520833333333329e-5 weighted_residual_j=3.99434825004511807e-4 residual_budget_j=9.99999999999999980e-13 slope_j=-2.84312933436245234e-4 objective_noise_j=5.45743325497413385e-11 alpha=3.55271367880050093e-15 gap_trials=48 volume_trials=48 safe_trials=0 objective_trials=0 smallest_objective_change_j=inf smallest_trial_norm_j=inf
IMPLICIT_QUADRATURE_RETRY attempt=24 panels=26 reason="implicit contact path quadrature refinement"
IMPLICIT_LINE_SEARCH_REJECTION iteration=25 dt=3.25520833333333329e-5 weighted_residual_j=6.64296539826255139e-2 residual_budget_j=9.99999999999999980e-13 slope_j=-6.55788957312024717e-2 objective_noise_j=8.00143535469492588e-11 alpha=3.55271367880050093e-15 gap_trials=48 volume_trials=48 safe_trials=0 objective_trials=0 smallest_objective_change_j=inf smallest_trial_norm_j=inf
IMPLICIT_QUADRATURE_RETRY attempt=25 panels=27 reason="implicit contact path quadrature refinement"
IMPLICIT_LINE_SEARCH_REJECTION iteration=50 dt=3.25520833333333329e-5 weighted_residual_j=3.85205957155138306e-4 residual_budget_j=9.99999999999999980e-13 slope_j=-3.28081541898135067e-4 objective_noise_j=5.47009469826472045e-11 alpha=3.55271367880050093e-15 gap_trials=48 volume_trials=48 safe_trials=0 objective_trials=0 smallest_objective_change_j=inf smallest_trial_norm_j=inf
IMPLICIT_QUADRATURE_RETRY attempt=26 panels=28 reason="implicit contact path quadrature refinement"
IMPLICIT_LINE_SEARCH_REJECTION iteration=73 dt=3.25520833333333329e-5 weighted_residual_j=3.80883107587706260e-4 residual_budget_j=9.99999999999999980e-13 slope_j=-1.35225230125079908e-5 objective_noise_j=5.47681151432746415e-11 alpha=7.10542735760100186e-15 gap_trials=47 volume_trials=47 safe_trials=0 objective_trials=0 smallest_objective_change_j=inf smallest_trial_norm_j=inf
IMPLICIT_QUADRATURE_RETRY attempt=27 panels=29 reason="implicit contact path quadrature refinement"
IMPLICIT_LINE_SEARCH_REJECTION iteration=45 dt=3.25520833333333329e-5 weighted_residual_j=3.78562211160536957e-4 residual_budget_j=9.99999999999999980e-13 slope_j=-6.73362489589056492e-5 objective_noise_j=5.48706095714320735e-11 alpha=3.55271367880050093e-15 gap_trials=48 volume_trials=48 safe_trials=0 objective_trials=0 smallest_objective_change_j=inf smallest_trial_norm_j=inf
IMPLICIT_QUADRATURE_RETRY attempt=28 panels=30 reason="implicit contact path quadrature refinement"
IMPLICIT_LINE_SEARCH_REJECTION iteration=51 dt=3.25520833333333329e-5 weighted_residual_j=3.90661498622160480e-4 residual_budget_j=9.99999999999999980e-13 slope_j=-3.51700950456890909e-4 objective_noise_j=5.46433179554173503e-11 alpha=3.55271367880050093e-15 gap_trials=48 volume_trials=48 safe_trials=0 objective_trials=0 smallest_objective_change_j=inf smallest_trial_norm_j=inf
IMPLICIT_QUADRATURE_RETRY attempt=29 panels=31 reason="implicit contact path quadrature refinement"
IMPLICIT_LINE_SEARCH_REJECTION iteration=43 dt=3.25520833333333329e-5 weighted_residual_j=3.85862643192512597e-4 residual_budget_j=9.99999999999999980e-13 slope_j=-3.84425119967541414e-4 objective_noise_j=5.46929641184559205e-11 alpha=3.55271367880050093e-15 gap_trials=48 volume_trials=48 safe_trials=0 objective_trials=0 smallest_objective_change_j=inf smallest_trial_norm_j=inf
IMPLICIT_QUADRATURE_RETRY attempt=30 panels=32 reason="implicit contact path quadrature refinement"
IMPLICIT_LINE_SEARCH_REJECTION iteration=31 dt=3.25520833333333329e-5 weighted_residual_j=6.64296520525574363e-2 residual_budget_j=9.99999999999999980e-13 slope_j=-6.48328961445593099e-2 objective_noise_j=8.00143529830228829e-11 alpha=3.55271367880050093e-15 gap_trials=48 volume_trials=48 safe_trials=0 objective_trials=0 smallest_objective_change_j=inf smallest_trial_norm_j=inf
IMPLICIT_QUADRATURE_RETRY attempt=31 panels=33 reason="implicit contact path quadrature refinement"
IMPLICIT_LINE_SEARCH_REJECTION iteration=64 dt=1.62760416666666664e-5 weighted_residual_j=1.12231624644964448e-3 residual_budget_j=9.99999999999999980e-13 slope_j=-9.57773200733954395e-4 objective_noise_j=6.82512704248885787e-11 alpha=3.55271367880050093e-15 gap_trials=48 volume_trials=48 safe_trials=0 objective_trials=0 smallest_objective_change_j=inf smallest_trial_norm_j=inf
IMPLICIT_QUADRATURE_RETRY attempt=0 panels=2 reason="implicit contact path quadrature refinement"
IMPLICIT_LINE_SEARCH_REJECTION iteration=41 dt=1.62760416666666664e-5 weighted_residual_j=6.33694674959997149e-4 residual_budget_j=9.99999999999999980e-13 slope_j=-6.31386029500077242e-4 objective_noise_j=7.69000649958019738e-11 alpha=3.55271367880050093e-15 gap_trials=48 volume_trials=48 safe_trials=0 objective_trials=0 smallest_objective_change_j=inf smallest_trial_norm_j=inf
IMPLICIT_QUADRATURE_RETRY attempt=1 panels=3 reason="implicit contact path quadrature refinement"
IMPLICIT_LINE_SEARCH_REJECTION iteration=21 dt=1.62760416666666664e-5 weighted_residual_j=3.05542158897384464e-4 residual_budget_j=9.99999999999999980e-13 slope_j=-3.04855741759957365e-4 objective_noise_j=8.49878563908710527e-11 alpha=3.55271367880050093e-15 gap_trials=48 volume_trials=48 safe_trials=0 objective_trials=0 smallest_objective_change_j=inf smallest_trial_norm_j=inf
IMPLICIT_QUADRATURE_RETRY attempt=2 panels=4 reason="implicit contact path quadrature refinement"
IMPLICIT_LINE_SEARCH_REJECTION iteration=27 dt=1.62760416666666664e-5 weighted_residual_j=1.17642978133817875e-4 residual_budget_j=9.99999999999999980e-13 slope_j=-3.17878779437954227e-6 objective_noise_j=9.20049852230320050e-11 alpha=7.10542735760100186e-15 gap_trials=47 volume_trials=47 safe_trials=0 objective_trials=0 smallest_objective_change_j=inf smallest_trial_norm_j=inf
IMPLICIT_QUADRATURE_RETRY attempt=3 panels=5 reason="implicit contact path quadrature refinement"
IMPLICIT_LINE_SEARCH_REJECTION iteration=23 dt=1.62760416666666664e-5 weighted_residual_j=3.15105744813426456e-5 residual_budget_j=9.99999999999999980e-13 slope_j=-3.31342555080519025e-5 objective_noise_j=9.74804799773440932e-11 alpha=3.55271367880050093e-15 gap_trials=48 volume_trials=48 safe_trials=0 objective_trials=0 smallest_objective_change_j=inf smallest_trial_norm_j=inf
IMPLICIT_QUADRATURE_RETRY attempt=4 panels=6 reason="implicit contact path quadrature refinement"
IMPLICIT_LINE_SEARCH_REJECTION iteration=22 dt=1.62760416666666664e-5 weighted_residual_j=5.65000737449931319e-6 residual_budget_j=9.99999999999999980e-13 slope_j=-2.29345415595389318e-2 objective_noise_j=1.00887947448707158e-10 alpha=3.55271367880050093e-15 gap_trials=48 volume_trials=48 safe_trials=0 objective_trials=0 smallest_objective_change_j=inf smallest_trial_norm_j=inf
IMPLICIT_QUADRATURE_RETRY attempt=5 panels=7 reason="implicit contact path quadrature refinement"
IMPLICIT_LINE_SEARCH_REJECTION iteration=24 dt=1.62760416666666664e-5 weighted_residual_j=8.52280641613582992e-7 residual_budget_j=9.99999999999999980e-13 slope_j=-6.20820589588829554e-7 objective_noise_j=1.02418572870767728e-10 alpha=3.55271367880050093e-15 gap_trials=48 volume_trials=48 safe_trials=0 objective_trials=0 smallest_objective_change_j=inf smallest_trial_norm_j=inf
IMPLICIT_QUADRATURE_RETRY attempt=6 panels=8 reason="implicit contact path quadrature refinement"
IMPLICIT_LINE_SEARCH_REJECTION iteration=24 dt=1.62760416666666664e-5 weighted_residual_j=2.67657250953566855e-7 residual_budget_j=9.99999999999999980e-13 slope_j=-2.88262585101943402e-7 objective_noise_j=1.02845855498189561e-10 alpha=7.10542735760100186e-15 gap_trials=47 volume_trials=47 safe_trials=0 objective_trials=0 smallest_objective_change_j=inf smallest_trial_norm_j=inf
IMPLICIT_QUADRATURE_RETRY attempt=7 panels=9 reason="implicit contact path quadrature refinement"
IMPLICIT_LINE_SEARCH_REJECTION iteration=25 dt=1.62760416666666664e-5 weighted_residual_j=2.09007415233721335e-7 residual_budget_j=9.99999999999999980e-13 slope_j=-1.00692346297168686e-9 objective_noise_j=1.02909217962864655e-10 alpha=9.09494701772928238e-13 gap_trials=40 volume_trials=40 safe_trials=0 objective_trials=0 smallest_objective_change_j=inf smallest_trial_norm_j=inf
IMPLICIT_QUADRATURE_RETRY attempt=8 panels=10 reason="implicit contact path quadrature refinement"
IMPLICIT_LINE_SEARCH_REJECTION iteration=28 dt=1.62760416666666664e-5 weighted_residual_j=2.05332427514619118e-7 residual_budget_j=9.99999999999999980e-13 slope_j=-4.30227222774919146e-7 objective_noise_j=1.02913468343875028e-10 alpha=3.55271367880050093e-15 gap_trials=48 volume_trials=48 safe_trials=0 objective_trials=0 smallest_objective_change_j=inf smallest_trial_norm_j=inf
IMPLICIT_QUADRATURE_RETRY attempt=9 panels=11 reason="implicit contact path quadrature refinement"
IMPLICIT_LINE_SEARCH_REJECTION iteration=29 dt=1.62760416666666664e-5 weighted_residual_j=2.05235965712047928e-7 residual_budget_j=9.99999999999999980e-13 slope_j=-1.11663820205475484e-7 objective_noise_j=1.02913580413212797e-10 alpha=1.42108547152020037e-14 gap_trials=46 volume_trials=46 safe_trials=0 objective_trials=0 smallest_objective_change_j=inf smallest_trial_norm_j=inf
IMPLICIT_QUADRATURE_RETRY attempt=10 panels=12 reason="implicit contact path quadrature refinement"
IMPLICIT_CONTACT_FRAME_DIFFERENCE dt=1.62760416666666664e-5 maximum_endpoint_roundoff_m=2.77555756156289135e-17 maximum_force_difference_n=1.25560200103791431e-6 objective_difference_j=1.26149091173033412e-14
IMPLICIT_NONLINEAR_LIMIT dt=1.62760416666666664e-5 weighted_residual_j=2.05235193384588940e-7 residual_budget_j=9.99999999999999980e-13 residual_impulse_work_j=-8.21746895603432767e-5 impulse_work_budget_j=1.25000000000000003e-9 maximum_residual_n=1.09008531219978977e1 maximum_direction_m=9.39097944072628335e-9 maximum_diagonal_n_m=2.52372721990170471e11 minimum_inertia_n_m=6.62490316800000310e8
IMPLICIT_LAST_STEP alpha=2.27373675443232059e-13 maximum_applied_increment_m=2.11758236813575085e-21
IMPLICIT_LINE_SEARCH_REJECTION iteration=45 dt=8.13802083333333322e-6 weighted_residual_j=7.20078085612821275e-4 residual_budget_j=9.76562500000000061e-13 slope_j=-7.13578001190638927e-4 objective_noise_j=6.87997932499767479e-11 alpha=3.55271367880050093e-15 gap_trials=48 volume_trials=48 safe_trials=0 objective_trials=0 smallest_objective_change_j=inf smallest_trial_norm_j=inf
IMPLICIT_QUADRATURE_RETRY attempt=0 panels=2 reason="implicit contact path quadrature refinement"
IMPLICIT_LINE_SEARCH_REJECTION iteration=54 dt=8.13802083333333322e-6 weighted_residual_j=5.16205454853626276e-4 residual_budget_j=9.76562500000000061e-13 slope_j=-5.58001636577089340e-5 objective_noise_j=7.81134341307667024e-11 alpha=3.55271367880050093e-15 gap_trials=48 volume_trials=48 safe_trials=0 objective_trials=0 smallest_objective_change_j=inf smallest_trial_norm_j=inf
IMPLICIT_QUADRATURE_RETRY attempt=1 panels=3 reason="implicit contact path quadrature refinement"
IMPLICIT_LINE_SEARCH_REJECTION iteration=43 dt=8.13802083333333322e-6 weighted_residual_j=3.18966078543546946e-4 residual_budget_j=9.76562500000000061e-13 slope_j=-3.15702603780552635e-4 objective_noise_j=8.74269419560413291e-11 alpha=3.55271367880050093e-15 gap_trials=48 volume_trials=48 safe_trials=0 objective_trials=0 smallest_objective_change_j=inf smallest_trial_norm_j=inf
IMPLICIT_QUADRATURE_RETRY attempt=2 panels=4 reason="implicit contact path quadrature refinement"
IMPLICIT_LINE_SEARCH_REJECTION iteration=26 dt=8.13802083333333322e-6 weighted_residual_j=1.80542856568983231e-4 residual_budget_j=9.76562500000000061e-13 slope_j=-1.55718688662882229e-4 objective_noise_j=9.67394777926565967e-11 alpha=3.55271367880050093e-15 gap_trials=48 volume_trials=48 safe_trials=0 objective_trials=0 smallest_objective_change_j=inf smallest_trial_norm_j=inf
IMPLICIT_QUADRATURE_RETRY attempt=3 panels=5 reason="implicit contact path quadrature refinement"
IMPLICIT_LINE_SEARCH_REJECTION iteration=32 dt=8.13802083333333322e-6 weighted_residual_j=8.12701538226071984e-5 residual_budget_j=9.76562500000000061e-13 slope_j=-8.18400214638431023e-5 objective_noise_j=1.06050431420442394e-10 alpha=3.55271367880050093e-15 gap_trials=48 volume_trials=48 safe_trials=0 objective_trials=0 smallest_objective_change_j=inf smallest_trial_norm_j=inf
IMPLICIT_QUADRATURE_RETRY attempt=4 panels=6 reason="implicit contact path quadrature refinement"
IMPLICIT_LINE_SEARCH_REJECTION iteration=27 dt=8.13802083333333322e-6 weighted_residual_j=2.11140315422588542e-5 residual_budget_j=9.76562500000000061e-13 slope_j=-2.17018748294044859e-5 objective_noise_j=1.15358241771293992e-10 alpha=3.55271367880050093e-15 gap_trials=48 volume_trials=48 safe_trials=0 objective_trials=0 smallest_objective_change_j=inf smallest_trial_norm_j=inf
IMPLICIT_QUADRATURE_RETRY attempt=5 panels=7 reason="implicit contact path quadrature refinement"
IMPLICIT_CONTACT_FRAME_DIFFERENCE dt=8.13802083333333322e-6 maximum_endpoint_roundoff_m=1.11022302462515654e-16 maximum_force_difference_n=5.35632052560686134e-5 objective_difference_j=-1.77503844955850809e-13
IMPLICIT_NONLINEAR_LIMIT dt=8.13802083333333322e-6 weighted_residual_j=3.16100987422074399e-8 residual_budget_j=9.76562500000000061e-13 residual_impulse_work_j=-1.97420444272004185e-5 impulse_work_budget_j=1.22070312500000010e-9 maximum_residual_n=8.61264709092574776e0 maximum_direction_m=6.49609073688961648e-10 maximum_diagonal_n_m=8.17948412585335693e11 minimum_inertia_n_m=2.64996126720000124e9
IMPLICIT_LAST_STEP alpha=1.13686837721616030e-13 maximum_applied_increment_m=7.94093388050906568e-23
IMPLICIT_NONCONVERGED_WORK_REFINEMENT kind=contact dt=8.13802083333333322e-6 panels=8
IMPLICIT_QUADRATURE_RETRY attempt=6 panels=8 reason="implicit contact work defect"
IMPLICIT_WORK_COMPONENTS origin=[-0.08118114436860147, 0.6107021032955302, -0.10227013892390475] dt=8.13802083333333322e-6 non_surface_potential_defect_j=1.63660317936686894e-16 prescribed_surface_defect_j=3.48022323034506177e-4 kinematic_defect_j=-2.84074164184414471e-10 arithmetic_remainder_j=-7.33264206634761620e-16
IMPLICIT_WORK_REJECTION dt=8.13802083333333322e-6 defect_j=3.48022038959772389e-4 budget_j=9.76562500000000080e-9 maximum_kinematic_residual_m=5.40156697760132737e-14
IMPLICIT_QUADRATURE_RETRY attempt=7 panels=9 reason="implicit contact work defect"
IMPLICIT_WORK_COMPONENTS origin=[-0.08118114436860147, 0.6107021032955302, -0.10227013892390475] dt=8.13802083333333322e-6 non_surface_potential_defect_j=-5.55382562855699646e-16 prescribed_surface_defect_j=7.17623154785566441e-5 kinematic_defect_j=-1.84006349167103304e-10 arithmetic_remainder_j=-6.90635526558735244e-16
IMPLICIT_WORK_REJECTION dt=8.13802083333333322e-6 defect_j=7.17621314709614589e-5 budget_j=9.76562500000000080e-9 maximum_kinematic_residual_m=3.49806190602170363e-14
IMPLICIT_QUADRATURE_RETRY attempt=8 panels=10 reason="implicit contact work defect"
IMPLICIT_WORK_COMPONENTS origin=[-0.08118114436860147, 0.6107021032955302, -0.10227013892390475] dt=8.13802083333333322e-6 non_surface_potential_defect_j=-1.29150162786473288e-15 prescribed_surface_defect_j=1.10435191535487864e-5 kinematic_defect_j=-6.05818201268515102e-11 arithmetic_remainder_j=-4.25690324129274228e-16
IMPLICIT_WORK_REJECTION dt=8.13802083333333322e-6 defect_j=1.10434585700114676e-5 budget_j=9.76562500000000080e-9 maximum_kinematic_residual_m=1.15177711635264875e-14
IMPLICIT_QUADRATURE_RETRY attempt=9 panels=11 reason="implicit contact work defect"
IMPLICIT_WORK_COMPONENTS origin=[-0.08118114436860147, 0.6107021032955302, -0.10227013892390475] dt=8.13802083333333322e-6 non_surface_potential_defect_j=-5.67986413110843635e-16 prescribed_surface_defect_j=9.43619098608527301e-7 kinematic_defect_j=-1.47312034957951151e-10 arithmetic_remainder_j=-6.15103309016133736e-16
IMPLICIT_WORK_REJECTION dt=8.13802083333333322e-6 defect_j=9.43471785390479628e-7 budget_j=9.76562500000000080e-9 maximum_kinematic_residual_m=2.77332945198305075e-14
IMPLICIT_QUADRATURE_RETRY attempt=10 panels=12 reason="implicit contact work defect"
IMPLICIT_WORK_COMPONENTS origin=[-0.08118114436860147, 0.6107021032955302, -0.10227013892390475] dt=8.13802083333333322e-6 non_surface_potential_defect_j=-1.49890950346120988e-16 prescribed_surface_defect_j=3.53721125987728480e-8 kinematic_defect_j=-3.62083642787717506e-10 arithmetic_remainder_j=-6.24241246034900937e-16
IMPLICIT_WORK_REJECTION dt=8.13802083333333322e-6 defect_j=3.50100281818529341e-8 budget_j=9.76562500000000080e-9 maximum_kinematic_residual_m=6.91764730003521593e-14
IMPLICIT_QUADRATURE_RETRY attempt=11 panels=13 reason="implicit contact work defect"
IMPLICIT_STAGE_REJECTION stage="local contact quadrature" dt=8.13802083333333322e-6 error="closed surface contact gap"
IMPLICIT_INFEASIBLE_PREDICTOR dt=8.13802083333333322e-6 internal_gap_open=true volume_open=true ccd=Ok(Some(0.0007193937530246319)) nearest=Ok(Some(PrescribedContactFeature { distance_m: 9.972721597278511e-5, gap_m: -2.727840272148956e-7, body_face: [10, 7, 11], obstacle_face_index: 1308, body_weights: [0.14711384162797808, 0.4911629280697025, 0.3617232303023194], obstacle_weights: [1.0, 0.0, 0.0] }))
IMPLICIT_RESTORED_CONTACT_GUESS dt=8.13802083333333322e-6
IMPLICIT_LINE_SEARCH_REJECTION iteration=31 dt=8.13802083333333322e-6 weighted_residual_j=1.09192559079728389e-4 residual_budget_j=9.76562500000000061e-13 slope_j=-1.13235597588010674e-4 objective_noise_j=1.07286914785273252e-10 alpha=3.55271367880050093e-15 gap_trials=48 volume_trials=48 safe_trials=0 objective_trials=0 smallest_objective_change_j=inf smallest_trial_norm_j=inf
IMPLICIT_QUADRATURE_RETRY attempt=0 panels=2 reason="implicit contact path quadrature refinement"
IMPLICIT_STAGE_REJECTION stage="local contact quadrature" dt=8.13802083333333322e-6 error="closed surface contact gap"
IMPLICIT_INFEASIBLE_PREDICTOR dt=8.13802083333333322e-6 internal_gap_open=true volume_open=true ccd=Ok(Some(0.0007193937530246319)) nearest=Ok(Some(PrescribedContactFeature { distance_m: 9.972721597278511e-5, gap_m: -2.727840272148956e-7, body_face: [10, 7, 11], obstacle_face_index: 1308, body_weights: [0.14711384162797808, 0.4911629280697025, 0.3617232303023194], obstacle_weights: [1.0, 0.0, 0.0] }))
IMPLICIT_RESTORED_CONTACT_GUESS dt=8.13802083333333322e-6
IMPLICIT_LINE_SEARCH_REJECTION iteration=23 dt=8.13802083333333322e-6 weighted_residual_j=1.15325596654038094e-5 residual_budget_j=9.76562500000000061e-13 slope_j=-1.17932399783054231e-5 objective_noise_j=1.22139954713499672e-10 alpha=3.55271367880050093e-15 gap_trials=48 volume_trials=48 safe_trials=0 objective_trials=0 smallest_objective_change_j=inf smallest_trial_norm_j=inf
IMPLICIT_QUADRATURE_RETRY attempt=1 panels=3 reason="implicit contact path quadrature refinement"
IMPLICIT_STAGE_REJECTION stage="local contact quadrature" dt=8.13802083333333322e-6 error="closed surface contact gap"
IMPLICIT_INFEASIBLE_PREDICTOR dt=8.13802083333333322e-6 internal_gap_open=true volume_open=true ccd=Ok(Some(0.0007193937530246319)) nearest=Ok(Some(PrescribedContactFeature { distance_m: 9.972721597278511e-5, gap_m: -2.727840272148956e-7, body_face: [10, 7, 11], obstacle_face_index: 1308, body_weights: [0.14711384162797808, 0.4911629280697025, 0.3617232303023194], obstacle_weights: [1.0, 0.0, 0.0] }))
IMPLICIT_RESTORED_CONTACT_GUESS dt=8.13802083333333322e-6
IMPLICIT_LINE_SEARCH_REJECTION iteration=27 dt=8.13802083333333322e-6 weighted_residual_j=1.15325580781153490e-5 residual_budget_j=9.76562500000000061e-13 slope_j=-1.22600717347693997e-5 objective_noise_j=1.22139955207509641e-10 alpha=3.55271367880050093e-15 gap_trials=48 volume_trials=48 safe_trials=0 objective_trials=0 smallest_objective_change_j=inf smallest_trial_norm_j=inf
IMPLICIT_QUADRATURE_RETRY attempt=2 panels=4 reason="implicit contact path quadrature refinement"
IMPLICIT_STAGE_REJECTION stage="local contact quadrature" dt=8.13802083333333322e-6 error="closed surface contact gap"
IMPLICIT_INFEASIBLE_PREDICTOR dt=8.13802083333333322e-6 internal_gap_open=true volume_open=true ccd=Ok(Some(0.0007193937530246319)) nearest=Ok(Some(PrescribedContactFeature { distance_m: 9.972721597278511e-5, gap_m: -2.727840272148956e-7, body_face: [10, 7, 11], obstacle_face_index: 1308, body_weights: [0.14711384162797808, 0.4911629280697025, 0.3617232303023194], obstacle_weights: [1.0, 0.0, 0.0] }))
IMPLICIT_RESTORED_CONTACT_GUESS dt=8.13802083333333322e-6
IMPLICIT_LINE_SEARCH_REJECTION iteration=27 dt=8.13802083333333322e-6 weighted_residual_j=1.15325580780668293e-5 residual_budget_j=9.76562500000000061e-13 slope_j=-1.15234677951968912e-5 objective_noise_j=1.22139955207524944e-10 alpha=3.55271367880050093e-15 gap_trials=48 volume_trials=48 safe_trials=0 objective_trials=0 smallest_objective_change_j=inf smallest_trial_norm_j=inf
IMPLICIT_QUADRATURE_RETRY attempt=3 panels=5 reason="implicit contact path quadrature refinement"
IMPLICIT_STAGE_REJECTION stage="local contact quadrature" dt=8.13802083333333322e-6 error="closed surface contact gap"
IMPLICIT_INFEASIBLE_PREDICTOR dt=8.13802083333333322e-6 internal_gap_open=true volume_open=true ccd=Ok(Some(0.0007193937530246319)) nearest=Ok(Some(PrescribedContactFeature { distance_m: 9.972721597278511e-5, gap_m: -2.727840272148956e-7, body_face: [10, 7, 11], obstacle_face_index: 1308, body_weights: [0.14711384162797808, 0.4911629280697025, 0.3617232303023194], obstacle_weights: [1.0, 0.0, 0.0] }))
IMPLICIT_RESTORED_CONTACT_GUESS dt=8.13802083333333322e-6
IMPLICIT_LINE_SEARCH_REJECTION iteration=26 dt=8.13802083333333322e-6 weighted_residual_j=1.15325580780789859e-5 residual_budget_j=9.76562500000000061e-13 slope_j=-1.19897467259982670e-5 objective_noise_j=1.22139955207521196e-10 alpha=3.55271367880050093e-15 gap_trials=48 volume_trials=48 safe_trials=0 objective_trials=0 smallest_objective_change_j=inf smallest_trial_norm_j=inf
IMPLICIT_QUADRATURE_RETRY attempt=4 panels=6 reason="implicit contact path quadrature refinement"
IMPLICIT_STAGE_REJECTION stage="local contact quadrature" dt=8.13802083333333322e-6 error="closed surface contact gap"
IMPLICIT_INFEASIBLE_PREDICTOR dt=8.13802083333333322e-6 internal_gap_open=true volume_open=true ccd=Ok(Some(0.0007193937530246319)) nearest=Ok(Some(PrescribedContactFeature { distance_m: 9.972721597278511e-5, gap_m: -2.727840272148956e-7, body_face: [10, 7, 11], obstacle_face_index: 1308, body_weights: [0.14711384162797808, 0.4911629280697025, 0.3617232303023194], obstacle_weights: [1.0, 0.0, 0.0] }))
IMPLICIT_RESTORED_CONTACT_GUESS dt=8.13802083333333322e-6
IMPLICIT_LINE_SEARCH_REJECTION iteration=28 dt=8.13802083333333322e-6 weighted_residual_j=1.15325580780742205e-5 residual_budget_j=9.76562500000000061e-13 slope_j=-1.17331585777129465e-5 objective_noise_j=1.22139955207522695e-10 alpha=3.55271367880050093e-15 gap_trials=48 volume_trials=48 safe_trials=0 objective_trials=0 smallest_objective_change_j=inf smallest_trial_norm_j=inf
IMPLICIT_QUADRATURE_RETRY attempt=5 panels=7 reason="implicit contact path quadrature refinement"
IMPLICIT_STAGE_REJECTION stage="local contact quadrature" dt=8.13802083333333322e-6 error="closed surface contact gap"
IMPLICIT_INFEASIBLE_PREDICTOR dt=8.13802083333333322e-6 internal_gap_open=true volume_open=true ccd=Ok(Some(0.0007193937530246319)) nearest=Ok(Some(PrescribedContactFeature { distance_m: 9.972721597278511e-5, gap_m: -2.727840272148956e-7, body_face: [10, 7, 11], obstacle_face_index: 1308, body_weights: [0.14711384162797808, 0.4911629280697025, 0.3617232303023194], obstacle_weights: [1.0, 0.0, 0.0] }))
IMPLICIT_RESTORED_CONTACT_GUESS dt=8.13802083333333322e-6
IMPLICIT_LINE_SEARCH_REJECTION iteration=27 dt=8.13802083333333322e-6 weighted_residual_j=1.15325580780755995e-5 residual_budget_j=9.76562500000000061e-13 slope_j=-1.24252304459130781e-5 objective_noise_j=1.22139955207522307e-10 alpha=3.55271367880050093e-15 gap_trials=48 volume_trials=48 safe_trials=0 objective_trials=0 smallest_objective_change_j=inf smallest_trial_norm_j=inf
IMPLICIT_QUADRATURE_RETRY attempt=6 panels=8 reason="implicit contact path quadrature refinement"
IMPLICIT_STAGE_REJECTION stage="local contact quadrature" dt=8.13802083333333322e-6 error="closed surface contact gap"
IMPLICIT_INFEASIBLE_PREDICTOR dt=8.13802083333333322e-6 internal_gap_open=true volume_open=true ccd=Ok(Some(0.0007193937530246319)) nearest=Ok(Some(PrescribedContactFeature { distance_m: 9.972721597278511e-5, gap_m: -2.727840272148956e-7, body_face: [10, 7, 11], obstacle_face_index: 1308, body_weights: [0.14711384162797808, 0.4911629280697025, 0.3617232303023194], obstacle_weights: [1.0, 0.0, 0.0] }))
IMPLICIT_RESTORED_CONTACT_GUESS dt=8.13802083333333322e-6
IMPLICIT_LINE_SEARCH_REJECTION iteration=27 dt=8.13802083333333322e-6 weighted_residual_j=1.15325580780775341e-5 residual_budget_j=9.76562500000000061e-13 slope_j=-1.11474127355127018e-5 objective_noise_j=1.22139955207521687e-10 alpha=3.55271367880050093e-15 gap_trials=48 volume_trials=48 safe_trials=0 objective_trials=0 smallest_objective_change_j=inf smallest_trial_norm_j=inf
IMPLICIT_QUADRATURE_RETRY attempt=7 panels=9 reason="implicit contact path quadrature refinement"
IMPLICIT_STAGE_REJECTION stage="local contact quadrature" dt=8.13802083333333322e-6 error="closed surface contact gap"
IMPLICIT_INFEASIBLE_PREDICTOR dt=8.13802083333333322e-6 internal_gap_open=true volume_open=true ccd=Ok(Some(0.0007193937530246319)) nearest=Ok(Some(PrescribedContactFeature { distance_m: 9.972721597278511e-5, gap_m: -2.727840272148956e-7, body_face: [10, 7, 11], obstacle_face_index: 1308, body_weights: [0.14711384162797808, 0.4911629280697025, 0.3617232303023194], obstacle_weights: [1.0, 0.0, 0.0] }))
IMPLICIT_RESTORED_CONTACT_GUESS dt=8.13802083333333322e-6
IMPLICIT_LINE_SEARCH_REJECTION iteration=27 dt=8.13802083333333322e-6 weighted_residual_j=1.15325580780789876e-5 residual_budget_j=9.76562500000000061e-13 slope_j=-1.13775067831273341e-5 objective_noise_j=1.22139955207521170e-10 alpha=3.55271367880050093e-15 gap_trials=48 volume_trials=48 safe_trials=0 objective_trials=0 smallest_objective_change_j=inf smallest_trial_norm_j=inf
IMPLICIT_QUADRATURE_RETRY attempt=8 panels=10 reason="implicit contact path quadrature refinement"
IMPLICIT_STAGE_REJECTION stage="local contact quadrature" dt=8.13802083333333322e-6 error="closed surface contact gap"
IMPLICIT_INFEASIBLE_PREDICTOR dt=8.13802083333333322e-6 internal_gap_open=true volume_open=true ccd=Ok(Some(0.0007193937530246319)) nearest=Ok(Some(PrescribedContactFeature { distance_m: 9.972721597278511e-5, gap_m: -2.727840272148956e-7, body_face: [10, 7, 11], obstacle_face_index: 1308, body_weights: [0.14711384162797808, 0.4911629280697025, 0.3617232303023194], obstacle_weights: [1.0, 0.0, 0.0] }))
IMPLICIT_RESTORED_CONTACT_GUESS dt=8.13802083333333322e-6
IMPLICIT_LINE_SEARCH_REJECTION iteration=27 dt=8.13802083333333322e-6 weighted_residual_j=1.15325580780783761e-5 residual_budget_j=9.76562500000000061e-13 slope_j=-1.24252877595166990e-5 objective_noise_j=1.22139955207521428e-10 alpha=3.55271367880050093e-15 gap_trials=48 volume_trials=48 safe_trials=0 objective_trials=0 smallest_objective_change_j=inf smallest_trial_norm_j=inf
IMPLICIT_QUADRATURE_RETRY attempt=9 panels=11 reason="implicit contact path quadrature refinement"
IMPLICIT_STAGE_REJECTION stage="local contact quadrature" dt=8.13802083333333322e-6 error="closed surface contact gap"
IMPLICIT_INFEASIBLE_PREDICTOR dt=8.13802083333333322e-6 internal_gap_open=true volume_open=true ccd=Ok(Some(0.0007193937530246319)) nearest=Ok(Some(PrescribedContactFeature { distance_m: 9.972721597278511e-5, gap_m: -2.727840272148956e-7, body_face: [10, 7, 11], obstacle_face_index: 1308, body_weights: [0.14711384162797808, 0.4911629280697025, 0.3617232303023194], obstacle_weights: [1.0, 0.0, 0.0] }))
IMPLICIT_RESTORED_CONTACT_GUESS dt=8.13802083333333322e-6
IMPLICIT_LINE_SEARCH_REJECTION iteration=26 dt=8.13802083333333322e-6 weighted_residual_j=1.15325580780785065e-5 residual_budget_j=9.76562500000000061e-13 slope_j=-1.15383490461024939e-5 objective_noise_j=1.22139955207521377e-10 alpha=3.55271367880050093e-15 gap_trials=48 volume_trials=48 safe_trials=0 objective_trials=0 smallest_objective_change_j=inf smallest_trial_norm_j=inf
IMPLICIT_QUADRATURE_RETRY attempt=10 panels=12 reason="implicit contact path quadrature refinement"
IMPLICIT_STAGE_REJECTION stage="local contact quadrature" dt=8.13802083333333322e-6 error="closed surface contact gap"
IMPLICIT_INFEASIBLE_PREDICTOR dt=8.13802083333333322e-6 internal_gap_open=true volume_open=true ccd=Ok(Some(0.0007193937530246319)) nearest=Ok(Some(PrescribedContactFeature { distance_m: 9.972721597278511e-5, gap_m: -2.727840272148956e-7, body_face: [10, 7, 11], obstacle_face_index: 1308, body_weights: [0.14711384162797808, 0.4911629280697025, 0.3617232303023194], obstacle_weights: [1.0, 0.0, 0.0] }))
IMPLICIT_RESTORED_CONTACT_GUESS dt=8.13802083333333322e-6
IMPLICIT_LINE_SEARCH_REJECTION iteration=26 dt=8.13802083333333322e-6 weighted_residual_j=1.15325580780785421e-5 residual_budget_j=9.76562500000000061e-13 slope_j=-1.27592905285110162e-5 objective_noise_j=1.22139955207521402e-10 alpha=3.55271367880050093e-15 gap_trials=48 volume_trials=48 safe_trials=0 objective_trials=0 smallest_objective_change_j=inf smallest_trial_norm_j=inf
IMPLICIT_QUADRATURE_RETRY attempt=11 panels=13 reason="implicit contact path quadrature refinement"
IMPLICIT_STAGE_REJECTION stage="local contact quadrature" dt=8.13802083333333322e-6 error="closed surface contact gap"
IMPLICIT_INFEASIBLE_PREDICTOR dt=8.13802083333333322e-6 internal_gap_open=true volume_open=true ccd=Ok(Some(0.0007193937530246319)) nearest=Ok(Some(PrescribedContactFeature { distance_m: 9.972721597278511e-5, gap_m: -2.727840272148956e-7, body_face: [10, 7, 11], obstacle_face_index: 1308, body_weights: [0.14711384162797808, 0.4911629280697025, 0.3617232303023194], obstacle_weights: [1.0, 0.0, 0.0] }))
IMPLICIT_RESTORED_CONTACT_GUESS dt=8.13802083333333322e-6
IMPLICIT_LINE_SEARCH_REJECTION iteration=27 dt=8.13802083333333322e-6 weighted_residual_j=1.15325580780785048e-5 residual_budget_j=9.76562500000000061e-13 slope_j=-1.14971306365421301e-5 objective_noise_j=1.22139955207521402e-10 alpha=3.55271367880050093e-15 gap_trials=48 volume_trials=48 safe_trials=0 objective_trials=0 smallest_objective_change_j=inf smallest_trial_norm_j=inf
IMPLICIT_QUADRATURE_RETRY attempt=12 panels=14 reason="implicit contact path quadrature refinement"
IMPLICIT_STAGE_REJECTION stage="local contact quadrature" dt=8.13802083333333322e-6 error="closed surface contact gap"
IMPLICIT_INFEASIBLE_PREDICTOR dt=8.13802083333333322e-6 internal_gap_open=true volume_open=true ccd=Ok(Some(0.0007193937530246319)) nearest=Ok(Some(PrescribedContactFeature { distance_m: 9.972721597278511e-5, gap_m: -2.727840272148956e-7, body_face: [10, 7, 11], obstacle_face_index: 1308, body_weights: [0.14711384162797808, 0.4911629280697025, 0.3617232303023194], obstacle_weights: [1.0, 0.0, 0.0] }))
IMPLICIT_RESTORED_CONTACT_GUESS dt=8.13802083333333322e-6
IMPLICIT_LINE_SEARCH_REJECTION iteration=27 dt=8.13802083333333322e-6 weighted_residual_j=1.15325580780782744e-5 residual_budget_j=9.76562500000000061e-13 slope_j=-1.11421805163052079e-5 objective_noise_j=1.22139955207521454e-10 alpha=3.55271367880050093e-15 gap_trials=48 volume_trials=48 safe_trials=0 objective_trials=0 smallest_objective_change_j=inf smallest_trial_norm_j=inf
IMPLICIT_QUADRATURE_RETRY attempt=13 panels=15 reason="implicit contact path quadrature refinement"
IMPLICIT_STAGE_REJECTION stage="local contact quadrature" dt=8.13802083333333322e-6 error="closed surface contact gap"
IMPLICIT_INFEASIBLE_PREDICTOR dt=8.13802083333333322e-6 internal_gap_open=true volume_open=true ccd=Ok(Some(0.0007193937530246319)) nearest=Ok(Some(PrescribedContactFeature { distance_m: 9.972721597278511e-5, gap_m: -2.727840272148956e-7, body_face: [10, 7, 11], obstacle_face_index: 1308, body_weights: [0.14711384162797808, 0.4911629280697025, 0.3617232303023194], obstacle_weights: [1.0, 0.0, 0.0] }))
IMPLICIT_RESTORED_CONTACT_GUESS dt=8.13802083333333322e-6
IMPLICIT_LINE_SEARCH_REJECTION iteration=27 dt=8.13802083333333322e-6 weighted_residual_j=1.15325580780782558e-5 residual_budget_j=9.76562500000000061e-13 slope_j=-1.09019791823672939e-5 objective_noise_j=1.22139955207521454e-10 alpha=3.55271367880050093e-15 gap_trials=48 volume_trials=48 safe_trials=0 objective_trials=0 smallest_objective_change_j=inf smallest_trial_norm_j=inf
IMPLICIT_QUADRATURE_RETRY attempt=14 panels=16 reason="implicit contact path quadrature refinement"
IMPLICIT_STAGE_REJECTION stage="local contact quadrature" dt=8.13802083333333322e-6 error="closed surface contact gap"
IMPLICIT_INFEASIBLE_PREDICTOR dt=8.13802083333333322e-6 internal_gap_open=true volume_open=true ccd=Ok(Some(0.0007193937530246319)) nearest=Ok(Some(PrescribedContactFeature { distance_m: 9.972721597278511e-5, gap_m: -2.727840272148956e-7, body_face: [10, 7, 11], obstacle_face_index: 1308, body_weights: [0.14711384162797808, 0.4911629280697025, 0.3617232303023194], obstacle_weights: [1.0, 0.0, 0.0] }))
IMPLICIT_RESTORED_CONTACT_GUESS dt=8.13802083333333322e-6
IMPLICIT_LINE_SEARCH_REJECTION iteration=27 dt=8.13802083333333322e-6 weighted_residual_j=1.15325580780781270e-5 residual_budget_j=9.76562500000000061e-13 slope_j=-1.07269813321608469e-5 objective_noise_j=1.22139955207521428e-10 alpha=3.55271367880050093e-15 gap_trials=48 volume_trials=48 safe_trials=0 objective_trials=0 smallest_objective_change_j=inf smallest_trial_norm_j=inf
IMPLICIT_QUADRATURE_RETRY attempt=15 panels=17 reason="implicit contact path quadrature refinement"
IMPLICIT_STAGE_REJECTION stage="local contact quadrature" dt=8.13802083333333322e-6 error="closed surface contact gap"
IMPLICIT_INFEASIBLE_PREDICTOR dt=8.13802083333333322e-6 internal_gap_open=true volume_open=true ccd=Ok(Some(0.0007193937530246319)) nearest=Ok(Some(PrescribedContactFeature { distance_m: 9.972721597278511e-5, gap_m: -2.727840272148956e-7, body_face: [10, 7, 11], obstacle_face_index: 1308, body_weights: [0.14711384162797808, 0.4911629280697025, 0.3617232303023194], obstacle_weights: [1.0, 0.0, 0.0] }))
IMPLICIT_RESTORED_CONTACT_GUESS dt=8.13802083333333322e-6
IMPLICIT_LINE_SEARCH_REJECTION iteration=27 dt=8.13802083333333322e-6 weighted_residual_j=1.15325580780782117e-5 residual_budget_j=9.76562500000000061e-13 slope_j=-1.15282249199906240e-5 objective_noise_j=1.22139955207521454e-10 alpha=3.55271367880050093e-15 gap_trials=48 volume_trials=48 safe_trials=0 objective_trials=0 smallest_objective_change_j=inf smallest_trial_norm_j=inf
IMPLICIT_QUADRATURE_RETRY attempt=16 panels=18 reason="implicit contact path quadrature refinement"
IMPLICIT_STAGE_REJECTION stage="local contact quadrature" dt=8.13802083333333322e-6 error="closed surface contact gap"
IMPLICIT_INFEASIBLE_PREDICTOR dt=8.13802083333333322e-6 internal_gap_open=true volume_open=true ccd=Ok(Some(0.0007193937530246319)) nearest=Ok(Some(PrescribedContactFeature { distance_m: 9.972721597278511e-5, gap_m: -2.727840272148956e-7, body_face: [10, 7, 11], obstacle_face_index: 1308, body_weights: [0.14711384162797808, 0.4911629280697025, 0.3617232303023194], obstacle_weights: [1.0, 0.0, 0.0] }))
IMPLICIT_RESTORED_CONTACT_GUESS dt=8.13802083333333322e-6
test collision_tests::wide_imported_contact_completes_full_clip has been running for over 60 seconds
IMPLICIT_LINE_SEARCH_REJECTION iteration=27 dt=8.13802083333333322e-6 weighted_residual_j=1.15325580780783015e-5 residual_budget_j=9.76562500000000061e-13 slope_j=-1.16321240105846277e-5 objective_noise_j=1.22139955207521428e-10 alpha=3.55271367880050093e-15 gap_trials=48 volume_trials=48 safe_trials=0 objective_trials=0 smallest_objective_change_j=inf smallest_trial_norm_j=inf
IMPLICIT_QUADRATURE_RETRY attempt=17 panels=19 reason="implicit contact path quadrature refinement"
IMPLICIT_STAGE_REJECTION stage="local contact quadrature" dt=8.13802083333333322e-6 error="closed surface contact gap"
IMPLICIT_INFEASIBLE_PREDICTOR dt=8.13802083333333322e-6 internal_gap_open=true volume_open=true ccd=Ok(Some(0.0007193937530246319)) nearest=Ok(Some(PrescribedContactFeature { distance_m: 9.972721597278511e-5, gap_m: -2.727840272148956e-7, body_face: [10, 7, 11], obstacle_face_index: 1308, body_weights: [0.14711384162797808, 0.4911629280697025, 0.3617232303023194], obstacle_weights: [1.0, 0.0, 0.0] }))
IMPLICIT_RESTORED_CONTACT_GUESS dt=8.13802083333333322e-6
IMPLICIT_LINE_SEARCH_REJECTION iteration=27 dt=8.13802083333333322e-6 weighted_residual_j=1.15325580780783117e-5 residual_budget_j=9.76562500000000061e-13 slope_j=-1.15275311302216383e-5 objective_noise_j=1.22139955207521402e-10 alpha=3.55271367880050093e-15 gap_trials=48 volume_trials=48 safe_trials=0 objective_trials=0 smallest_objective_change_j=inf smallest_trial_norm_j=inf
IMPLICIT_QUADRATURE_RETRY attempt=18 panels=20 reason="implicit contact path quadrature refinement"
IMPLICIT_STAGE_REJECTION stage="local contact quadrature" dt=8.13802083333333322e-6 error="closed surface contact gap"
IMPLICIT_INFEASIBLE_PREDICTOR dt=8.13802083333333322e-6 internal_gap_open=true volume_open=true ccd=Ok(Some(0.0007193937530246319)) nearest=Ok(Some(PrescribedContactFeature { distance_m: 9.972721597278511e-5, gap_m: -2.727840272148956e-7, body_face: [10, 7, 11], obstacle_face_index: 1308, body_weights: [0.14711384162797808, 0.4911629280697025, 0.3617232303023194], obstacle_weights: [1.0, 0.0, 0.0] }))
IMPLICIT_RESTORED_CONTACT_GUESS dt=8.13802083333333322e-6
IMPLICIT_LINE_SEARCH_REJECTION iteration=27 dt=8.13802083333333322e-6 weighted_residual_j=1.15325580780780931e-5 residual_budget_j=9.76562500000000061e-13 slope_j=-1.04336265000453403e-5 objective_noise_j=1.22139955207521454e-10 alpha=3.55271367880050093e-15 gap_trials=48 volume_trials=48 safe_trials=0 objective_trials=0 smallest_objective_change_j=inf smallest_trial_norm_j=inf
IMPLICIT_QUADRATURE_RETRY attempt=19 panels=21 reason="implicit contact path quadrature refinement"
IMPLICIT_STAGE_REJECTION stage="local contact quadrature" dt=8.13802083333333322e-6 error="closed surface contact gap"
IMPLICIT_INFEASIBLE_PREDICTOR dt=8.13802083333333322e-6 internal_gap_open=true volume_open=true ccd=Ok(Some(0.0007193937530246319)) nearest=Ok(Some(PrescribedContactFeature { distance_m: 9.972721597278511e-5, gap_m: -2.727840272148956e-7, body_face: [10, 7, 11], obstacle_face_index: 1308, body_weights: [0.14711384162797808, 0.4911629280697025, 0.3617232303023194], obstacle_weights: [1.0, 0.0, 0.0] }))
IMPLICIT_RESTORED_CONTACT_GUESS dt=8.13802083333333322e-6
IMPLICIT_LINE_SEARCH_REJECTION iteration=27 dt=8.13802083333333322e-6 weighted_residual_j=1.15325580780782371e-5 residual_budget_j=9.76562500000000061e-13 slope_j=-1.14968824097661447e-5 objective_noise_j=1.22139955207521454e-10 alpha=3.55271367880050093e-15 gap_trials=48 volume_trials=48 safe_trials=0 objective_trials=0 smallest_objective_change_j=inf smallest_trial_norm_j=inf
IMPLICIT_QUADRATURE_RETRY attempt=20 panels=22 reason="implicit contact path quadrature refinement"
IMPLICIT_STAGE_REJECTION stage="local contact quadrature" dt=8.13802083333333322e-6 error="closed surface contact gap"
IMPLICIT_INFEASIBLE_PREDICTOR dt=8.13802083333333322e-6 internal_gap_open=true volume_open=true ccd=Ok(Some(0.0007193937530246319)) nearest=Ok(Some(PrescribedContactFeature { distance_m: 9.972721597278511e-5, gap_m: -2.727840272148956e-7, body_face: [10, 7, 11], obstacle_face_index: 1308, body_weights: [0.14711384162797808, 0.4911629280697025, 0.3617232303023194], obstacle_weights: [1.0, 0.0, 0.0] }))
IMPLICIT_RESTORED_CONTACT_GUESS dt=8.13802083333333322e-6
IMPLICIT_LINE_SEARCH_REJECTION iteration=27 dt=8.13802083333333322e-6 weighted_residual_j=1.15325580780780796e-5 residual_budget_j=9.76562500000000061e-13 slope_j=-1.22680189546011537e-5 objective_noise_j=1.22139955207521428e-10 alpha=3.55271367880050093e-15 gap_trials=48 volume_trials=48 safe_trials=0 objective_trials=0 smallest_objective_change_j=inf smallest_trial_norm_j=inf
IMPLICIT_QUADRATURE_RETRY attempt=21 panels=23 reason="implicit contact path quadrature refinement"
IMPLICIT_STAGE_REJECTION stage="local contact quadrature" dt=8.13802083333333322e-6 error="closed surface contact gap"
IMPLICIT_INFEASIBLE_PREDICTOR dt=8.13802083333333322e-6 internal_gap_open=true volume_open=true ccd=Ok(Some(0.0007193937530246319)) nearest=Ok(Some(PrescribedContactFeature { distance_m: 9.972721597278511e-5, gap_m: -2.727840272148956e-7, body_face: [10, 7, 11], obstacle_face_index: 1308, body_weights: [0.14711384162797808, 0.4911629280697025, 0.3617232303023194], obstacle_weights: [1.0, 0.0, 0.0] }))
IMPLICIT_RESTORED_CONTACT_GUESS dt=8.13802083333333322e-6
IMPLICIT_LINE_SEARCH_REJECTION iteration=26 dt=8.13802083333333322e-6 weighted_residual_j=1.15325580780781931e-5 residual_budget_j=9.76562500000000061e-13 slope_j=-1.11089943439123885e-5 objective_noise_j=1.22139955207521454e-10 alpha=3.55271367880050093e-15 gap_trials=48 volume_trials=48 safe_trials=0 objective_trials=0 smallest_objective_change_j=inf smallest_trial_norm_j=inf
IMPLICIT_QUADRATURE_RETRY attempt=22 panels=24 reason="implicit contact path quadrature refinement"
IMPLICIT_STAGE_REJECTION stage="local contact quadrature" dt=8.13802083333333322e-6 error="closed surface contact gap"
IMPLICIT_INFEASIBLE_PREDICTOR dt=8.13802083333333322e-6 internal_gap_open=true volume_open=true ccd=Ok(Some(0.0007193937530246319)) nearest=Ok(Some(PrescribedContactFeature { distance_m: 9.972721597278511e-5, gap_m: -2.727840272148956e-7, body_face: [10, 7, 11], obstacle_face_index: 1308, body_weights: [0.14711384162797808, 0.4911629280697025, 0.3617232303023194], obstacle_weights: [1.0, 0.0, 0.0] }))
IMPLICIT_RESTORED_CONTACT_GUESS dt=8.13802083333333322e-6
IMPLICIT_LINE_SEARCH_REJECTION iteration=27 dt=8.13802083333333322e-6 weighted_residual_j=1.15325580780783134e-5 residual_budget_j=9.76562500000000061e-13 slope_j=-1.16636012268572046e-5 objective_noise_j=1.22139955207521402e-10 alpha=3.55271367880050093e-15 gap_trials=48 volume_trials=48 safe_trials=0 objective_trials=0 smallest_objective_change_j=inf smallest_trial_norm_j=inf
IMPLICIT_QUADRATURE_RETRY attempt=23 panels=25 reason="implicit contact path quadrature refinement"
IMPLICIT_STAGE_REJECTION stage="local contact quadrature" dt=8.13802083333333322e-6 error="closed surface contact gap"
IMPLICIT_INFEASIBLE_PREDICTOR dt=8.13802083333333322e-6 internal_gap_open=true volume_open=true ccd=Ok(Some(0.0007193937530246319)) nearest=Ok(Some(PrescribedContactFeature { distance_m: 9.972721597278511e-5, gap_m: -2.727840272148956e-7, body_face: [10, 7, 11], obstacle_face_index: 1308, body_weights: [0.14711384162797808, 0.4911629280697025, 0.3617232303023194], obstacle_weights: [1.0, 0.0, 0.0] }))
IMPLICIT_RESTORED_CONTACT_GUESS dt=8.13802083333333322e-6
IMPLICIT_LINE_SEARCH_REJECTION iteration=27 dt=8.13802083333333322e-6 weighted_residual_j=1.15325580780782253e-5 residual_budget_j=9.76562500000000061e-13 slope_j=-1.15894989767243447e-5 objective_noise_j=1.22139955207521402e-10 alpha=3.55271367880050093e-15 gap_trials=48 volume_trials=48 safe_trials=0 objective_trials=0 smallest_objective_change_j=inf smallest_trial_norm_j=inf
IMPLICIT_QUADRATURE_RETRY attempt=24 panels=26 reason="implicit contact path quadrature refinement"
IMPLICIT_STAGE_REJECTION stage="local contact quadrature" dt=8.13802083333333322e-6 error="closed surface contact gap"
IMPLICIT_INFEASIBLE_PREDICTOR dt=8.13802083333333322e-6 internal_gap_open=true volume_open=true ccd=Ok(Some(0.0007193937530246319)) nearest=Ok(Some(PrescribedContactFeature { distance_m: 9.972721597278511e-5, gap_m: -2.727840272148956e-7, body_face: [10, 7, 11], obstacle_face_index: 1308, body_weights: [0.14711384162797808, 0.4911629280697025, 0.3617232303023194], obstacle_weights: [1.0, 0.0, 0.0] }))
IMPLICIT_RESTORED_CONTACT_GUESS dt=8.13802083333333322e-6
IMPLICIT_LINE_SEARCH_REJECTION iteration=27 dt=8.13802083333333322e-6 weighted_residual_j=1.15325580780782151e-5 residual_budget_j=9.76562500000000061e-13 slope_j=-1.15177650951382741e-5 objective_noise_j=1.22139955207521454e-10 alpha=3.55271367880050093e-15 gap_trials=48 volume_trials=48 safe_trials=0 objective_trials=0 smallest_objective_change_j=inf smallest_trial_norm_j=inf
IMPLICIT_QUADRATURE_RETRY attempt=25 panels=27 reason="implicit contact path quadrature refinement"
IMPLICIT_STAGE_REJECTION stage="local contact quadrature" dt=8.13802083333333322e-6 error="closed surface contact gap"
IMPLICIT_INFEASIBLE_PREDICTOR dt=8.13802083333333322e-6 internal_gap_open=true volume_open=true ccd=Ok(Some(0.0007193937530246319)) nearest=Ok(Some(PrescribedContactFeature { distance_m: 9.972721597278511e-5, gap_m: -2.727840272148956e-7, body_face: [10, 7, 11], obstacle_face_index: 1308, body_weights: [0.14711384162797808, 0.4911629280697025, 0.3617232303023194], obstacle_weights: [1.0, 0.0, 0.0] }))
IMPLICIT_RESTORED_CONTACT_GUESS dt=8.13802083333333322e-6
IMPLICIT_LINE_SEARCH_REJECTION iteration=27 dt=8.13802083333333322e-6 weighted_residual_j=1.15325580780781474e-5 residual_budget_j=9.76562500000000061e-13 slope_j=-1.16982804212152543e-5 objective_noise_j=1.22139955207521454e-10 alpha=3.55271367880050093e-15 gap_trials=48 volume_trials=48 safe_trials=0 objective_trials=0 smallest_objective_change_j=inf smallest_trial_norm_j=inf
IMPLICIT_QUADRATURE_RETRY attempt=26 panels=28 reason="implicit contact path quadrature refinement"
IMPLICIT_STAGE_REJECTION stage="local contact quadrature" dt=8.13802083333333322e-6 error="closed surface contact gap"
IMPLICIT_INFEASIBLE_PREDICTOR dt=8.13802083333333322e-6 internal_gap_open=true volume_open=true ccd=Ok(Some(0.0007193937530246319)) nearest=Ok(Some(PrescribedContactFeature { distance_m: 9.972721597278511e-5, gap_m: -2.727840272148956e-7, body_face: [10, 7, 11], obstacle_face_index: 1308, body_weights: [0.14711384162797808, 0.4911629280697025, 0.3617232303023194], obstacle_weights: [1.0, 0.0, 0.0] }))
IMPLICIT_RESTORED_CONTACT_GUESS dt=8.13802083333333322e-6
IMPLICIT_LINE_SEARCH_REJECTION iteration=27 dt=8.13802083333333322e-6 weighted_residual_j=1.15325580780781152e-5 residual_budget_j=9.76562500000000061e-13 slope_j=-1.15624330998817252e-5 objective_noise_j=1.22139955207521454e-10 alpha=3.55271367880050093e-15 gap_trials=48 volume_trials=48 safe_trials=0 objective_trials=0 smallest_objective_change_j=inf smallest_trial_norm_j=inf
IMPLICIT_QUADRATURE_RETRY attempt=27 panels=29 reason="implicit contact path quadrature refinement"
IMPLICIT_STAGE_REJECTION stage="local contact quadrature" dt=8.13802083333333322e-6 error="closed surface contact gap"
IMPLICIT_INFEASIBLE_PREDICTOR dt=8.13802083333333322e-6 internal_gap_open=true volume_open=true ccd=Ok(Some(0.0007193937530246319)) nearest=Ok(Some(PrescribedContactFeature { distance_m: 9.972721597278511e-5, gap_m: -2.727840272148956e-7, body_face: [10, 7, 11], obstacle_face_index: 1308, body_weights: [0.14711384162797808, 0.4911629280697025, 0.3617232303023194], obstacle_weights: [1.0, 0.0, 0.0] }))
IMPLICIT_RESTORED_CONTACT_GUESS dt=8.13802083333333322e-6
IMPLICIT_LINE_SEARCH_REJECTION iteration=27 dt=8.13802083333333322e-6 weighted_residual_j=1.15325580780781846e-5 residual_budget_j=9.76562500000000061e-13 slope_j=-1.16973149016233726e-5 objective_noise_j=1.22139955207521454e-10 alpha=3.55271367880050093e-15 gap_trials=48 volume_trials=48 safe_trials=0 objective_trials=0 smallest_objective_change_j=inf smallest_trial_norm_j=inf
IMPLICIT_QUADRATURE_RETRY attempt=28 panels=30 reason="implicit contact path quadrature refinement"
IMPLICIT_STAGE_REJECTION stage="local contact quadrature" dt=8.13802083333333322e-6 error="closed surface contact gap"
IMPLICIT_INFEASIBLE_PREDICTOR dt=8.13802083333333322e-6 internal_gap_open=true volume_open=true ccd=Ok(Some(0.0007193937530246319)) nearest=Ok(Some(PrescribedContactFeature { distance_m: 9.972721597278511e-5, gap_m: -2.727840272148956e-7, body_face: [10, 7, 11], obstacle_face_index: 1308, body_weights: [0.14711384162797808, 0.4911629280697025, 0.3617232303023194], obstacle_weights: [1.0, 0.0, 0.0] }))
IMPLICIT_RESTORED_CONTACT_GUESS dt=8.13802083333333322e-6
IMPLICIT_LINE_SEARCH_REJECTION iteration=27 dt=8.13802083333333322e-6 weighted_residual_j=1.15325580780782626e-5 residual_budget_j=9.76562500000000061e-13 slope_j=-1.10350653466705239e-5 objective_noise_j=1.22139955207521428e-10 alpha=3.55271367880050093e-15 gap_trials=48 volume_trials=48 safe_trials=0 objective_trials=0 smallest_objective_change_j=inf smallest_trial_norm_j=inf
IMPLICIT_QUADRATURE_RETRY attempt=29 panels=31 reason="implicit contact path quadrature refinement"
IMPLICIT_STAGE_REJECTION stage="local contact quadrature" dt=8.13802083333333322e-6 error="closed surface contact gap"
IMPLICIT_INFEASIBLE_PREDICTOR dt=8.13802083333333322e-6 internal_gap_open=true volume_open=true ccd=Ok(Some(0.0007193937530246319)) nearest=Ok(Some(PrescribedContactFeature { distance_m: 9.972721597278511e-5, gap_m: -2.727840272148956e-7, body_face: [10, 7, 11], obstacle_face_index: 1308, body_weights: [0.14711384162797808, 0.4911629280697025, 0.3617232303023194], obstacle_weights: [1.0, 0.0, 0.0] }))
IMPLICIT_RESTORED_CONTACT_GUESS dt=8.13802083333333322e-6
IMPLICIT_LINE_SEARCH_REJECTION iteration=27 dt=8.13802083333333322e-6 weighted_residual_j=1.15325580780780457e-5 residual_budget_j=9.76562500000000061e-13 slope_j=-1.08529010926949220e-5 objective_noise_j=1.22139955207521402e-10 alpha=3.55271367880050093e-15 gap_trials=48 volume_trials=48 safe_trials=0 objective_trials=0 smallest_objective_change_j=inf smallest_trial_norm_j=inf
IMPLICIT_QUADRATURE_RETRY attempt=30 panels=32 reason="implicit contact path quadrature refinement"
IMPLICIT_STAGE_REJECTION stage="local contact quadrature" dt=8.13802083333333322e-6 error="closed surface contact gap"
IMPLICIT_INFEASIBLE_PREDICTOR dt=8.13802083333333322e-6 internal_gap_open=true volume_open=true ccd=Ok(Some(0.0007193937530246319)) nearest=Ok(Some(PrescribedContactFeature { distance_m: 9.972721597278511e-5, gap_m: -2.727840272148956e-7, body_face: [10, 7, 11], obstacle_face_index: 1308, body_weights: [0.14711384162797808, 0.4911629280697025, 0.3617232303023194], obstacle_weights: [1.0, 0.0, 0.0] }))
IMPLICIT_RESTORED_CONTACT_GUESS dt=8.13802083333333322e-6
IMPLICIT_LINE_SEARCH_REJECTION iteration=27 dt=8.13802083333333322e-6 weighted_residual_j=1.15325580780781558e-5 residual_budget_j=9.76562500000000061e-13 slope_j=-1.16321052324477928e-5 objective_noise_j=1.22139955207521454e-10 alpha=3.55271367880050093e-15 gap_trials=48 volume_trials=48 safe_trials=0 objective_trials=0 smallest_objective_change_j=inf smallest_trial_norm_j=inf
IMPLICIT_QUADRATURE_RETRY attempt=31 panels=33 reason="implicit contact path quadrature refinement"
IMPLICIT_STAGE_REJECTION stage="local contact quadrature" dt=4.06901041666666661e-6 error="closed surface contact gap"
IMPLICIT_INFEASIBLE_PREDICTOR dt=4.06901041666666661e-6 internal_gap_open=true volume_open=true ccd=Ok(Some(0.0014387875040089019)) nearest=Ok(Some(PrescribedContactFeature { distance_m: 9.986370433882557e-5, gap_m: -1.3629566117443045e-7, body_face: [10, 7, 11], obstacle_face_index: 1308, body_weights: [0.14711032652440265, 0.4911522374246952, 0.3617374360509021], obstacle_weights: [1.0, 0.0, 0.0] }))
IMPLICIT_RESTORED_CONTACT_GUESS dt=4.06901041666666661e-6
IMPLICIT_CONTACT_FRAME_DIFFERENCE dt=4.06901041666666661e-6 maximum_endpoint_roundoff_m=1.11022302462515654e-16 maximum_force_difference_n=8.02199792815372348e-6 objective_difference_j=-3.29117288977442968e-12
IMPLICIT_NONLINEAR_LIMIT dt=4.06901041666666661e-6 weighted_residual_j=1.42719389609942638e-6 residual_budget_j=4.88281250000000030e-13 residual_impulse_work_j=-1.25161722018316652e-4 impulse_work_budget_j=6.10351562500000050e-10 maximum_residual_n=1.14988802793431205e2 maximum_direction_m=6.76681272685016869e-9 maximum_diagonal_n_m=9.35799597235010529e10 minimum_inertia_n_m=1.05998450688000050e10
IMPLICIT_LAST_STEP alpha=1.42108547152020037e-14 maximum_applied_increment_m=1.05879118406787542e-22
IMPLICIT_NONCONVERGED_WORK_REFINEMENT kind=contact dt=4.06901041666666661e-6 panels=2
IMPLICIT_QUADRATURE_RETRY attempt=0 panels=2 reason="implicit contact work defect"
IMPLICIT_STAGE_REJECTION stage="local contact quadrature" dt=4.06901041666666661e-6 error="closed surface contact gap"
IMPLICIT_INFEASIBLE_PREDICTOR dt=4.06901041666666661e-6 internal_gap_open=true volume_open=true ccd=Ok(Some(0.0014387875040089019)) nearest=Ok(Some(PrescribedContactFeature { distance_m: 9.986370433882557e-5, gap_m: -1.3629566117443045e-7, body_face: [10, 7, 11], obstacle_face_index: 1308, body_weights: [0.14711032652440265, 0.4911522374246952, 0.3617374360509021], obstacle_weights: [1.0, 0.0, 0.0] }))
IMPLICIT_RESTORED_CONTACT_GUESS dt=4.06901041666666661e-6
IMPLICIT_WORK_COMPONENTS origin=[-0.08118088063286309, 0.6107015911794331, -0.10227014299456888] dt=4.06901041666666661e-6 non_surface_potential_defect_j=1.36899497814313431e-15 prescribed_surface_defect_j=-2.10164640968671769e-3 kinematic_defect_j=2.55516827460190015e-11 arithmetic_remainder_j=-1.24047280293677740e-16
IMPLICIT_WORK_REJECTION dt=4.06901041666666661e-6 defect_j=-2.10164638413378986e-3 budget_j=4.88281250000000040e-9 maximum_kinematic_residual_m=2.41176961621137817e-15
IMPLICIT_QUADRATURE_RETRY attempt=1 panels=3 reason="implicit contact work defect"
IMPLICIT_STAGE_REJECTION stage="local contact quadrature" dt=4.06901041666666661e-6 error="closed surface contact gap"
IMPLICIT_INFEASIBLE_PREDICTOR dt=4.06901041666666661e-6 internal_gap_open=true volume_open=true ccd=Ok(Some(0.0014387875040089019)) nearest=Ok(Some(PrescribedContactFeature { distance_m: 9.986370433882557e-5, gap_m: -1.3629566117443045e-7, body_face: [10, 7, 11], obstacle_face_index: 1308, body_weights: [0.14711032652440265, 0.4911522374246952, 0.3617374360509021], obstacle_weights: [1.0, 0.0, 0.0] }))
IMPLICIT_RESTORED_CONTACT_GUESS dt=4.06901041666666661e-6
IMPLICIT_WORK_COMPONENTS origin=[-0.08118088063286309, 0.6107015911794331, -0.10227014299456888] dt=4.06901041666666661e-6 non_surface_potential_defect_j=4.72576621932119245e-16 prescribed_surface_defect_j=-1.58603531098627077e-3 kinematic_defect_j=-1.57610324879204268e-11 arithmetic_remainder_j=-1.77557508092949395e-16
IMPLICIT_WORK_REJECTION dt=4.06901041666666661e-6 defect_j=-1.58603532674700832e-3 budget_j=4.88281250000000040e-9 maximum_kinematic_residual_m=1.40210697835896261e-15
IMPLICIT_QUADRATURE_RETRY attempt=2 panels=4 reason="implicit contact work defect"
IMPLICIT_STAGE_REJECTION stage="local contact quadrature" dt=4.06901041666666661e-6 error="closed surface contact gap"
IMPLICIT_INFEASIBLE_PREDICTOR dt=4.06901041666666661e-6 internal_gap_open=true volume_open=true ccd=Ok(Some(0.0014387875040089019)) nearest=Ok(Some(PrescribedContactFeature { distance_m: 9.986370433882557e-5, gap_m: -1.3629566117443045e-7, body_face: [10, 7, 11], obstacle_face_index: 1308, body_weights: [0.14711032652440265, 0.4911522374246952, 0.3617374360509021], obstacle_weights: [1.0, 0.0, 0.0] }))
IMPLICIT_RESTORED_CONTACT_GUESS dt=4.06901041666666661e-6
IMPLICIT_WORK_COMPONENTS origin=[-0.08118088063286309, 0.6107015911794331, -0.10227014299456888] dt=4.06901041666666661e-6 non_surface_potential_defect_j=5.05441500285586098e-16 prescribed_surface_defect_j=-1.10025715027824091e-3 kinematic_defect_j=-1.08741667804419850e-11 arithmetic_remainder_j=-9.75991397368052417e-17
IMPLICIT_WORK_REJECTION dt=4.06901041666666661e-6 defect_j=-1.10025716115199983e-3 budget_j=4.88281250000000040e-9 maximum_kinematic_residual_m=9.33787544019743475e-16
IMPLICIT_QUADRATURE_RETRY attempt=3 panels=5 reason="implicit contact work defect"
IMPLICIT_STAGE_REJECTION stage="local contact quadrature" dt=4.06901041666666661e-6 error="closed surface contact gap"
IMPLICIT_INFEASIBLE_PREDICTOR dt=4.06901041666666661e-6 internal_gap_open=true volume_open=true ccd=Ok(Some(0.0014387875040089019)) nearest=Ok(Some(PrescribedContactFeature { distance_m: 9.986370433882557e-5, gap_m: -1.3629566117443045e-7, body_face: [10, 7, 11], obstacle_face_index: 1308, body_weights: [0.14711032652440265, 0.4911522374246952, 0.3617374360509021], obstacle_weights: [1.0, 0.0, 0.0] }))
IMPLICIT_RESTORED_CONTACT_GUESS dt=4.06901041666666661e-6
IMPLICIT_WORK_COMPONENTS origin=[-0.08118088063286309, 0.6107015911794331, -0.10227014299456888] dt=4.06901041666666661e-6 non_surface_potential_defect_j=1.81820704325819094e-15 prescribed_surface_defect_j=-6.72350887332247987e-4 kinematic_defect_j=-2.03925602761124730e-12 arithmetic_remainder_j=7.72062650045418354e-16
IMPLICIT_WORK_REJECTION dt=4.06901041666666661e-6 defect_j=-6.72350889368913745e-4 budget_j=4.88281250000000040e-9 maximum_kinematic_residual_m=1.96882855952131876e-16
IMPLICIT_QUADRATURE_RETRY attempt=4 panels=6 reason="implicit contact work defect"
IMPLICIT_STAGE_REJECTION stage="local contact quadrature" dt=4.06901041666666661e-6 error="closed surface contact gap"
IMPLICIT_INFEASIBLE_PREDICTOR dt=4.06901041666666661e-6 internal_gap_open=true volume_open=true ccd=Ok(Some(0.0014387875040089019)) nearest=Ok(Some(PrescribedContactFeature { distance_m: 9.986370433882557e-5, gap_m: -1.3629566117443045e-7, body_face: [10, 7, 11], obstacle_face_index: 1308, body_weights: [0.14711032652440265, 0.4911522374246952, 0.3617374360509021], obstacle_weights: [1.0, 0.0, 0.0] }))
IMPLICIT_RESTORED_CONTACT_GUESS dt=4.06901041666666661e-6
IMPLICIT_WORK_COMPONENTS origin=[-0.08118088063286309, 0.6107015911794331, -0.10227014299456888] dt=4.06901041666666661e-6 non_surface_potential_defect_j=1.07966885215179942e-15 prescribed_surface_defect_j=-3.38151624081875664e-4 kinematic_defect_j=-1.99390443219120971e-13 arithmetic_remainder_j=-4.32353978647438111e-16
IMPLICIT_WORK_REJECTION dt=4.06901041666666661e-6 defect_j=-3.38151624280618813e-4 budget_j=4.88281250000000040e-9 maximum_kinematic_residual_m=5.55047984841534198e-17
IMPLICIT_QUADRATURE_RETRY attempt=5 panels=7 reason="implicit contact work defect"
IMPLICIT_STAGE_REJECTION stage="local contact quadrature" dt=4.06901041666666661e-6 error="closed surface contact gap"
IMPLICIT_INFEASIBLE_PREDICTOR dt=4.06901041666666661e-6 internal_gap_open=true volume_open=true ccd=Ok(Some(0.0014387875040089019)) nearest=Ok(Some(PrescribedContactFeature { distance_m: 9.986370433882557e-5, gap_m: -1.3629566117443045e-7, body_face: [10, 7, 11], obstacle_face_index: 1308, body_weights: [0.14711032652440265, 0.4911522374246952, 0.3617374360509021], obstacle_weights: [1.0, 0.0, 0.0] }))
IMPLICIT_RESTORED_CONTACT_GUESS dt=4.06901041666666661e-6
IMPLICIT_WORK_COMPONENTS origin=[-0.08118088063286309, 0.6107015911794331, -0.10227014299456888] dt=4.06901041666666661e-6 non_surface_potential_defect_j=5.91039261803316673e-16 prescribed_surface_defect_j=-1.26369032643688407e-4 kinematic_defect_j=-6.70939199239172833e-12 arithmetic_remainder_j=-1.56234950842731105e-16
IMPLICIT_WORK_REJECTION dt=4.06901041666666661e-6 defect_j=-1.26369039352645582e-4 budget_j=4.88281250000000040e-9 maximum_kinematic_residual_m=5.36923597352660306e-16
IMPLICIT_QUADRATURE_RETRY attempt=6 panels=8 reason="implicit contact work defect"
IMPLICIT_STAGE_REJECTION stage="local contact quadrature" dt=4.06901041666666661e-6 error="closed surface contact gap"
IMPLICIT_INFEASIBLE_PREDICTOR dt=4.06901041666666661e-6 internal_gap_open=true volume_open=true ccd=Ok(Some(0.0014387875040089019)) nearest=Ok(Some(PrescribedContactFeature { distance_m: 9.986370433882557e-5, gap_m: -1.3629566117443045e-7, body_face: [10, 7, 11], obstacle_face_index: 1308, body_weights: [0.14711032652440265, 0.4911522374246952, 0.3617374360509021], obstacle_weights: [1.0, 0.0, 0.0] }))
IMPLICIT_RESTORED_CONTACT_GUESS dt=4.06901041666666661e-6
IMPLICIT_WORK_COMPONENTS origin=[-0.08118088063286309, 0.6107015911794331, -0.10227014299456888] dt=4.06901041666666661e-6 non_surface_potential_defect_j=8.75181546157455248e-16 prescribed_surface_defect_j=-3.05916775232024235e-5 kinematic_defect_j=2.15303054711985154e-11 arithmetic_remainder_j=-3.12418601598232896e-16
IMPLICIT_WORK_REJECTION dt=4.06901041666666661e-6 defect_j=-3.05916559923341894e-5 budget_j=4.88281250000000040e-9 maximum_kinematic_residual_m=1.69087321557216241e-15
IMPLICIT_QUADRATURE_RETRY attempt=7 panels=9 reason="implicit contact work defect"
IMPLICIT_STAGE_REJECTION stage="local contact quadrature" dt=4.06901041666666661e-6 error="closed surface contact gap"
IMPLICIT_INFEASIBLE_PREDICTOR dt=4.06901041666666661e-6 internal_gap_open=true volume_open=true ccd=Ok(Some(0.0014387875040089019)) nearest=Ok(Some(PrescribedContactFeature { distance_m: 9.986370433882557e-5, gap_m: -1.3629566117443045e-7, body_face: [10, 7, 11], obstacle_face_index: 1308, body_weights: [0.14711032652440265, 0.4911522374246952, 0.3617374360509021], obstacle_weights: [1.0, 0.0, 0.0] }))
IMPLICIT_RESTORED_CONTACT_GUESS dt=4.06901041666666661e-6
IMPLICIT_WORK_COMPONENTS origin=[-0.08118088063286309, 0.6107015911794331, -0.10227014299456888] dt=4.06901041666666661e-6 non_surface_potential_defect_j=4.97648797170846535e-16 prescribed_surface_defect_j=-4.08692340536035564e-6 kinematic_defect_j=-3.12670694197377771e-11 arithmetic_remainder_j=-4.25033228394274353e-16
IMPLICIT_WORK_REJECTION dt=4.06901041666666661e-6 defect_j=-4.08695467235715981e-6 budget_j=4.88281250000000040e-9 maximum_kinematic_residual_m=2.47691216732762783e-15
IMPLICIT_QUADRATURE_RETRY attempt=8 panels=10 reason="implicit contact work defect"
IMPLICIT_STAGE_REJECTION stage="local contact quadrature" dt=4.06901041666666661e-6 error="closed surface contact gap"
IMPLICIT_INFEASIBLE_PREDICTOR dt=4.06901041666666661e-6 internal_gap_open=true volume_open=true ccd=Ok(Some(0.0014387875040089019)) nearest=Ok(Some(PrescribedContactFeature { distance_m: 9.986370433882557e-5, gap_m: -1.3629566117443045e-7, body_face: [10, 7, 11], obstacle_face_index: 1308, body_weights: [0.14711032652440265, 0.4911522374246952, 0.3617374360509021], obstacle_weights: [1.0, 0.0, 0.0] }))
IMPLICIT_RESTORED_CONTACT_GUESS dt=4.06901041666666661e-6
IMPLICIT_WORK_COMPONENTS origin=[-0.08118088063286309, 0.6107015911794331, -0.10227014299456888] dt=4.06901041666666661e-6 non_surface_potential_defect_j=3.11958846341969798e-16 prescribed_surface_defect_j=-2.54313097023013690e-7 kinematic_defect_j=6.69943041658235493e-12 arithmetic_remainder_j=-2.43381335087865082e-17
IMPLICIT_WORK_REJECTION dt=4.06901041666666661e-6 defect_j=-2.54306397304976395e-7 budget_j=4.88281250000000040e-9 maximum_kinematic_residual_m=5.29407026978725645e-16
IMPLICIT_QUADRATURE_RETRY attempt=9 panels=11 reason="implicit contact work defect"
IMPLICIT_STAGE_REJECTION stage="local contact quadrature" dt=4.06901041666666661e-6 error="closed surface contact gap"
IMPLICIT_INFEASIBLE_PREDICTOR dt=4.06901041666666661e-6 internal_gap_open=true volume_open=true ccd=Ok(Some(0.0014387875040089019)) nearest=Ok(Some(PrescribedContactFeature { distance_m: 9.986370433882557e-5, gap_m: -1.3629566117443045e-7, body_face: [10, 7, 11], obstacle_face_index: 1308, body_weights: [0.14711032652440265, 0.4911522374246952, 0.3617374360509021], obstacle_weights: [1.0, 0.0, 0.0] }))
IMPLICIT_RESTORED_CONTACT_GUESS dt=4.06901041666666661e-6
IMPLICIT_WORK_COMPONENTS origin=[-0.08118088063286309, 0.6107015911794331, -0.10227014299456888] dt=4.06901041666666661e-6 non_surface_potential_defect_j=7.14001340690328945e-16 prescribed_surface_defect_j=-6.43093895150159689e-9 kinematic_defect_j=-1.00284215280178738e-13 arithmetic_remainder_j=-1.22609501422717669e-16
IMPLICIT_WORK_REJECTION dt=4.06901041666666661e-6 defect_j=-6.43103864432503780e-9 budget_j=4.88281250000000040e-9 maximum_kinematic_residual_m=5.54952693634968089e-17
IMPLICIT_QUADRATURE_RETRY attempt=10 panels=12 reason="implicit contact work defect"
IMPLICIT_STAGE_REJECTION stage="local contact quadrature" dt=4.06901041666666661e-6 error="closed surface contact gap"
IMPLICIT_INFEASIBLE_PREDICTOR dt=4.06901041666666661e-6 internal_gap_open=true volume_open=true ccd=Ok(Some(0.0014387875040089019)) nearest=Ok(Some(PrescribedContactFeature { distance_m: 9.986370433882557e-5, gap_m: -1.3629566117443045e-7, body_face: [10, 7, 11], obstacle_face_index: 1308, body_weights: [0.14711032652440265, 0.4911522374246952, 0.3617374360509021], obstacle_weights: [1.0, 0.0, 0.0] }))
IMPLICIT_RESTORED_CONTACT_GUESS dt=4.06901041666666661e-6
IMPLICIT_FEASIBLE_VELOCITY_PREDICTOR dt=4.06901041666666661e-6
IMPLICIT_WORK_COMPONENTS origin=[-0.08118074806465449, 0.6107013366489534, -0.1022701436345418] dt=4.06901041666666661e-6 non_surface_potential_defect_j=7.04236744874381371e-16 prescribed_surface_defect_j=-7.68751766679564262e-9 kinematic_defect_j=3.20489887638769641e-12 arithmetic_remainder_j=-8.60981123169159383e-17
IMPLICIT_WORK_REJECTION dt=4.06901041666666661e-6 defect_j=-7.68431214978062237e-9 budget_j=4.88281250000000040e-9 maximum_kinematic_residual_m=3.83959611473900717e-15
IMPLICIT_QUADRATURE_RETRY attempt=0 panels=2 reason="implicit contact work defect"
IMPLICIT_FEASIBLE_VELOCITY_PREDICTOR dt=4.06901041666666661e-6
IMPLICIT_FEASIBLE_VELOCITY_PREDICTOR dt=1.62760416666666664e-5
IMPLICIT_WORK_COMPONENTS origin=[-0.08118061503131345, 0.6107010831553423, -0.10227014335736047] dt=1.62760416666666664e-5 non_surface_potential_defect_j=-4.39305167763970328e-16 prescribed_surface_defect_j=-3.13258338254971628e-8 kinematic_defect_j=4.57268484806965189e-12 arithmetic_remainder_j=-6.43223108799081999e-16
IMPLICIT_WORK_REJECTION dt=1.62760416666666664e-5 defect_j=-3.13212622231773697e-8 budget_j=1.95312500000000016e-8 maximum_kinematic_residual_m=1.75946141201454784e-14
IMPLICIT_QUADRATURE_RETRY attempt=0 panels=2 reason="implicit contact work defect"
IMPLICIT_FEASIBLE_VELOCITY_PREDICTOR dt=1.62760416666666664e-5
IMPLICIT_FEASIBLE_VELOCITY_PREDICTOR dt=3.25520833333333329e-5
IMPLICIT_FEASIBLE_VELOCITY_PREDICTOR dt=3.25520833333333329e-5
IMPLICIT_FEASIBLE_VELOCITY_PREDICTOR dt=3.25520833333333329e-5
IMPLICIT_FEASIBLE_VELOCITY_PREDICTOR dt=3.25520833333333329e-5
IMPLICIT_FEASIBLE_VELOCITY_PREDICTOR dt=3.25520833333333329e-5
IMPLICIT_FEASIBLE_VELOCITY_PREDICTOR dt=3.25520833333333329e-5
IMPLICIT_FEASIBLE_VELOCITY_PREDICTOR dt=3.25520833333333329e-5
IMPLICIT_FEASIBLE_VELOCITY_PREDICTOR dt=3.25520833333333329e-5
IMPLICIT_FEASIBLE_VELOCITY_PREDICTOR dt=3.25520833333333329e-5
IMPLICIT_FEASIBLE_VELOCITY_PREDICTOR dt=3.25520833333333329e-5
IMPLICIT_FEASIBLE_VELOCITY_PREDICTOR dt=3.25520833333333329e-5
IMPLICIT_FEASIBLE_VELOCITY_PREDICTOR dt=3.25520833333333329e-5
IMPLICIT_FEASIBLE_VELOCITY_PREDICTOR dt=3.25520833333333329e-5
IMPLICIT_FEASIBLE_VELOCITY_PREDICTOR dt=3.25520833333333329e-5
IMPLICIT_FEASIBLE_VELOCITY_PREDICTOR dt=3.25520833333333329e-5
IMPLICIT_FEASIBLE_VELOCITY_PREDICTOR dt=3.25520833333333329e-5
IMPLICIT_FEASIBLE_VELOCITY_PREDICTOR dt=3.25520833333333329e-5
IMPLICIT_FEASIBLE_VELOCITY_PREDICTOR dt=3.25520833333333329e-5
IMPLICIT_FEASIBLE_VELOCITY_PREDICTOR dt=3.25520833333333329e-5
IMPLICIT_FEASIBLE_VELOCITY_PREDICTOR dt=3.25520833333333329e-5
IMPLICIT_FEASIBLE_VELOCITY_PREDICTOR dt=3.25520833333333329e-5
IMPLICIT_FEASIBLE_VELOCITY_PREDICTOR dt=3.25520833333333329e-5
IMPLICIT_FEASIBLE_VELOCITY_PREDICTOR dt=3.25520833333333329e-5
IMPLICIT_FEASIBLE_VELOCITY_PREDICTOR dt=3.25520833333333329e-5
IMPLICIT_FEASIBLE_VELOCITY_PREDICTOR dt=3.25520833333333329e-5
IMPLICIT_FEASIBLE_VELOCITY_PREDICTOR dt=3.25520833333333329e-5
IMPLICIT_FEASIBLE_VELOCITY_PREDICTOR dt=3.25520833333333329e-5
IMPLICIT_FEASIBLE_VELOCITY_PREDICTOR dt=3.25520833333333329e-5
IMPLICIT_FEASIBLE_VELOCITY_PREDICTOR dt=3.25520833333333329e-5
IMPLICIT_FEASIBLE_VELOCITY_PREDICTOR dt=3.25520833333333329e-5
IMPLICIT_FEASIBLE_VELOCITY_PREDICTOR dt=3.25520833333333329e-5
IMPLICIT_FEASIBLE_VELOCITY_PREDICTOR dt=3.25520833333333329e-5
IMPLICIT_FEASIBLE_VELOCITY_PREDICTOR dt=3.25520833333333329e-5
IMPLICIT_FEASIBLE_VELOCITY_PREDICTOR dt=3.25520833333333329e-5
IMPLICIT_FEASIBLE_VELOCITY_PREDICTOR dt=3.25520833333333329e-5
IMPLICIT_FEASIBLE_VELOCITY_PREDICTOR dt=3.25520833333333329e-5
IMPLICIT_FEASIBLE_VELOCITY_PREDICTOR dt=3.25520833333333329e-5
IMPLICIT_FEASIBLE_VELOCITY_PREDICTOR dt=3.25520833333333329e-5
IMPLICIT_FEASIBLE_VELOCITY_PREDICTOR dt=3.25520833333333329e-5
IMPLICIT_FEASIBLE_VELOCITY_PREDICTOR dt=3.25520833333333329e-5
IMPLICIT_FEASIBLE_VELOCITY_PREDICTOR dt=3.25520833333333329e-5
IMPLICIT_FEASIBLE_VELOCITY_PREDICTOR dt=3.25520833333333329e-5
IMPLICIT_FEASIBLE_VELOCITY_PREDICTOR dt=3.25520833333333329e-5
IMPLICIT_FEASIBLE_VELOCITY_PREDICTOR dt=3.25520833333333329e-5
IMPLICIT_FEASIBLE_VELOCITY_PREDICTOR dt=3.25520833333333329e-5
IMPLICIT_FEASIBLE_VELOCITY_PREDICTOR dt=3.25520833333333329e-5
IMPLICIT_FEASIBLE_VELOCITY_PREDICTOR dt=3.25520833333333329e-5
IMPLICIT_FEASIBLE_VELOCITY_PREDICTOR dt=3.25520833333333329e-5
IMPLICIT_FEASIBLE_VELOCITY_PREDICTOR dt=3.25520833333333329e-5
IMPLICIT_FEASIBLE_VELOCITY_PREDICTOR dt=3.25520833333333329e-5
IMPLICIT_FEASIBLE_VELOCITY_PREDICTOR dt=3.25520833333333329e-5
IMPLICIT_FEASIBLE_VELOCITY_PREDICTOR dt=3.25520833333333329e-5
IMPLICIT_FEASIBLE_VELOCITY_PREDICTOR dt=3.25520833333333329e-5
IMPLICIT_FEASIBLE_VELOCITY_PREDICTOR dt=3.25520833333333329e-5
IMPLICIT_FEASIBLE_VELOCITY_PREDICTOR dt=3.25520833333333329e-5
IMPLICIT_FEASIBLE_VELOCITY_PREDICTOR dt=3.25520833333333329e-5
IMPLICIT_FEASIBLE_VELOCITY_PREDICTOR dt=3.25520833333333329e-5
IMPLICIT_FEASIBLE_VELOCITY_PREDICTOR dt=3.25520833333333329e-5
IMPLICIT_FEASIBLE_VELOCITY_PREDICTOR dt=3.25520833333333329e-5
IMPLICIT_FEASIBLE_VELOCITY_PREDICTOR dt=3.25520833333333329e-5
IMPLICIT_FEASIBLE_VELOCITY_PREDICTOR dt=3.25520833333333329e-5
IMPLICIT_FEASIBLE_VELOCITY_PREDICTOR dt=3.25520833333333329e-5
IMPLICIT_FEASIBLE_VELOCITY_PREDICTOR dt=3.25520833333333329e-5
IMPLICIT_FEASIBLE_VELOCITY_PREDICTOR dt=3.25520833333333329e-5
IMPLICIT_FEASIBLE_VELOCITY_PREDICTOR dt=3.25520833333333329e-5
IMPLICIT_FEASIBLE_VELOCITY_PREDICTOR dt=3.25520833333333329e-5
IMPLICIT_FEASIBLE_VELOCITY_PREDICTOR dt=3.25520833333333329e-5
IMPLICIT_FEASIBLE_VELOCITY_PREDICTOR dt=3.25520833333333329e-5
IMPLICIT_FEASIBLE_VELOCITY_PREDICTOR dt=3.25520833333333329e-5
IMPLICIT_FEASIBLE_VELOCITY_PREDICTOR dt=3.25520833333333329e-5
IMPLICIT_FEASIBLE_VELOCITY_PREDICTOR dt=3.25520833333333329e-5
IMPLICIT_FEASIBLE_VELOCITY_PREDICTOR dt=3.25520833333333329e-5
IMPLICIT_FEASIBLE_VELOCITY_PREDICTOR dt=1.04166666666666665e-3
IMPLICIT_FEASIBLE_VELOCITY_PREDICTOR dt=1.04166666666666665e-3
IMPLICIT_FEASIBLE_VELOCITY_PREDICTOR dt=1.04166666666666665e-3
IMPLICIT_FEASIBLE_VELOCITY_PREDICTOR dt=8.13802083333333322e-6
IMPLICIT_FEASIBLE_VELOCITY_PREDICTOR dt=1.04166666666666665e-3
IMPLICIT_FEASIBLE_VELOCITY_PREDICTOR dt=8.13802083333333322e-6
IMPLICIT_FEASIBLE_VELOCITY_PREDICTOR dt=1.04166666666666665e-3
IMPLICIT_FEASIBLE_VELOCITY_PREDICTOR dt=1.04166666666666665e-3
IMPLICIT_FEASIBLE_VELOCITY_PREDICTOR dt=8.13802083333333322e-6
IMPLICIT_FEASIBLE_VELOCITY_PREDICTOR dt=1.04166666666666665e-3
IMPLICIT_FEASIBLE_VELOCITY_PREDICTOR dt=1.04166666666666665e-3
IMPLICIT_FEASIBLE_VELOCITY_PREDICTOR dt=1.04166666666666665e-3
IMPLICIT_FEASIBLE_VELOCITY_PREDICTOR dt=8.13802083333333322e-6
IMPLICIT_FEASIBLE_VELOCITY_PREDICTOR dt=1.04166666666666665e-3
IMPLICIT_FEASIBLE_VELOCITY_PREDICTOR dt=1.04166666666666665e-3
IMPLICIT_FEASIBLE_VELOCITY_PREDICTOR dt=8.13802083333333322e-6
IMPLICIT_FEASIBLE_VELOCITY_PREDICTOR dt=1.04166666666666665e-3
IMPLICIT_FEASIBLE_VELOCITY_PREDICTOR dt=8.13802083333333322e-6
IMPLICIT_FEASIBLE_VELOCITY_PREDICTOR dt=8.13802083333333322e-6
IMPLICIT_FEASIBLE_VELOCITY_PREDICTOR dt=8.13802083333333322e-6
IMPLICIT_FEASIBLE_VELOCITY_PREDICTOR dt=8.13802083333333322e-6
IMPLICIT_FEASIBLE_VELOCITY_PREDICTOR dt=8.13802083333333322e-6
IMPLICIT_FEASIBLE_VELOCITY_PREDICTOR dt=8.13802083333333322e-6
IMPLICIT_FEASIBLE_VELOCITY_PREDICTOR dt=8.13802083333333322e-6
IMPLICIT_FEASIBLE_VELOCITY_PREDICTOR dt=8.13802083333333322e-6
IMPLICIT_FEASIBLE_VELOCITY_PREDICTOR dt=8.13802083333333322e-6
IMPLICIT_FEASIBLE_VELOCITY_PREDICTOR dt=8.13802083333333322e-6
IMPLICIT_FEASIBLE_VELOCITY_PREDICTOR dt=8.13802083333333322e-6
IMPLICIT_FEASIBLE_VELOCITY_PREDICTOR dt=8.13802083333333322e-6
IMPLICIT_FEASIBLE_VELOCITY_PREDICTOR dt=8.13802083333333322e-6
IMPLICIT_FEASIBLE_VELOCITY_PREDICTOR dt=8.13802083333333322e-6
IMPLICIT_FEASIBLE_VELOCITY_PREDICTOR dt=8.13802083333333322e-6
IMPLICIT_FEASIBLE_VELOCITY_PREDICTOR dt=8.13802083333333322e-6
IMPLICIT_FEASIBLE_VELOCITY_PREDICTOR dt=8.13802083333333322e-6
IMPLICIT_FEASIBLE_VELOCITY_PREDICTOR dt=8.13802083333333322e-6
IMPLICIT_FEASIBLE_VELOCITY_PREDICTOR dt=8.13802083333333322e-6
IMPLICIT_FEASIBLE_VELOCITY_PREDICTOR dt=8.13802083333333322e-6
IMPLICIT_FEASIBLE_VELOCITY_PREDICTOR dt=8.13802083333333322e-6
IMPLICIT_FEASIBLE_VELOCITY_PREDICTOR dt=8.13802083333333322e-6
IMPLICIT_FEASIBLE_VELOCITY_PREDICTOR dt=8.13802083333333322e-6
IMPLICIT_FEASIBLE_VELOCITY_PREDICTOR dt=8.13802083333333322e-6
IMPLICIT_FEASIBLE_VELOCITY_PREDICTOR dt=8.13802083333333322e-6
IMPLICIT_FEASIBLE_VELOCITY_PREDICTOR dt=8.13802083333333322e-6
IMPLICIT_FEASIBLE_VELOCITY_PREDICTOR dt=8.13802083333333322e-6
IMPLICIT_FEASIBLE_VELOCITY_PREDICTOR dt=8.13802083333333322e-6
IMPLICIT_FEASIBLE_VELOCITY_PREDICTOR dt=8.13802083333333322e-6
IMPLICIT_FEASIBLE_VELOCITY_PREDICTOR dt=8.13802083333333322e-6
IMPLICIT_FEASIBLE_VELOCITY_PREDICTOR dt=8.13802083333333322e-6
IMPLICIT_FEASIBLE_VELOCITY_PREDICTOR dt=8.13802083333333322e-6
IMPLICIT_FEASIBLE_VELOCITY_PREDICTOR dt=8.13802083333333322e-6
IMPLICIT_FEASIBLE_VELOCITY_PREDICTOR dt=8.13802083333333322e-6
IMPLICIT_FEASIBLE_VELOCITY_PREDICTOR dt=8.13802083333333322e-6
IMPLICIT_FEASIBLE_VELOCITY_PREDICTOR dt=8.13802083333333322e-6
IMPLICIT_FEASIBLE_VELOCITY_PREDICTOR dt=8.13802083333333322e-6
IMPLICIT_FEASIBLE_VELOCITY_PREDICTOR dt=8.13802083333333322e-6
IMPLICIT_FEASIBLE_VELOCITY_PREDICTOR dt=8.13802083333333322e-6
IMPLICIT_FEASIBLE_VELOCITY_PREDICTOR dt=8.13802083333333322e-6
IMPLICIT_FEASIBLE_VELOCITY_PREDICTOR dt=8.13802083333333322e-6
IMPLICIT_FEASIBLE_VELOCITY_PREDICTOR dt=8.13802083333333322e-6
IMPLICIT_FEASIBLE_VELOCITY_PREDICTOR dt=8.13802083333333322e-6
IMPLICIT_FEASIBLE_VELOCITY_PREDICTOR dt=8.13802083333333322e-6
IMPLICIT_FEASIBLE_VELOCITY_PREDICTOR dt=8.13802083333333322e-6
IMPLICIT_FEASIBLE_VELOCITY_PREDICTOR dt=8.13802083333333322e-6
IMPLICIT_FEASIBLE_VELOCITY_PREDICTOR dt=8.13802083333333322e-6
IMPLICIT_FEASIBLE_VELOCITY_PREDICTOR dt=8.13802083333333322e-6
IMPLICIT_FEASIBLE_VELOCITY_PREDICTOR dt=8.13802083333333322e-6
IMPLICIT_FEASIBLE_VELOCITY_PREDICTOR dt=8.13802083333333322e-6
IMPLICIT_FEASIBLE_VELOCITY_PREDICTOR dt=8.13802083333333322e-6
IMPLICIT_FEASIBLE_VELOCITY_PREDICTOR dt=8.13802083333333322e-6
IMPLICIT_FEASIBLE_VELOCITY_PREDICTOR dt=8.13802083333333322e-6
IMPLICIT_FEASIBLE_VELOCITY_PREDICTOR dt=8.13802083333333322e-6
IMPLICIT_FEASIBLE_VELOCITY_PREDICTOR dt=8.13802083333333322e-6
IMPLICIT_FEASIBLE_VELOCITY_PREDICTOR dt=8.13802083333333322e-6
IMPLICIT_FEASIBLE_VELOCITY_PREDICTOR dt=8.13802083333333322e-6
IMPLICIT_FEASIBLE_VELOCITY_PREDICTOR dt=8.13802083333333322e-6
IMPLICIT_FEASIBLE_VELOCITY_PREDICTOR dt=8.13802083333333322e-6
IMPLICIT_FEASIBLE_VELOCITY_PREDICTOR dt=8.13802083333333322e-6
IMPLICIT_FEASIBLE_VELOCITY_PREDICTOR dt=8.13802083333333322e-6
IMPLICIT_FEASIBLE_VELOCITY_PREDICTOR dt=8.13802083333333322e-6
IMPLICIT_FEASIBLE_VELOCITY_PREDICTOR dt=8.13802083333333322e-6
IMPLICIT_FEASIBLE_VELOCITY_PREDICTOR dt=8.13802083333333322e-6
IMPLICIT_FEASIBLE_VELOCITY_PREDICTOR dt=8.13802083333333322e-6
IMPLICIT_FEASIBLE_VELOCITY_PREDICTOR dt=8.13802083333333322e-6
IMPLICIT_FEASIBLE_VELOCITY_PREDICTOR dt=8.13802083333333322e-6
IMPLICIT_FEASIBLE_VELOCITY_PREDICTOR dt=8.13802083333333322e-6
IMPLICIT_FEASIBLE_VELOCITY_PREDICTOR dt=8.13802083333333322e-6
IMPLICIT_FEASIBLE_VELOCITY_PREDICTOR dt=8.13802083333333322e-6
IMPLICIT_FEASIBLE_VELOCITY_PREDICTOR dt=8.13802083333333322e-6
IMPLICIT_FEASIBLE_VELOCITY_PREDICTOR dt=8.13802083333333322e-6
IMPLICIT_FEASIBLE_VELOCITY_PREDICTOR dt=8.13802083333333322e-6
IMPLICIT_FEASIBLE_VELOCITY_PREDICTOR dt=8.13802083333333322e-6
IMPLICIT_FEASIBLE_VELOCITY_PREDICTOR dt=8.13802083333333322e-6
IMPLICIT_FEASIBLE_VELOCITY_PREDICTOR dt=8.13802083333333322e-6
IMPLICIT_FEASIBLE_VELOCITY_PREDICTOR dt=8.13802083333333322e-6
IMPLICIT_FEASIBLE_VELOCITY_PREDICTOR dt=8.13802083333333322e-6
IMPLICIT_FEASIBLE_VELOCITY_PREDICTOR dt=8.13802083333333322e-6
IMPLICIT_FEASIBLE_VELOCITY_PREDICTOR dt=8.13802083333333322e-6
IMPLICIT_FEASIBLE_VELOCITY_PREDICTOR dt=8.13802083333333322e-6
IMPLICIT_FEASIBLE_VELOCITY_PREDICTOR dt=8.13802083333333322e-6
IMPLICIT_FEASIBLE_VELOCITY_PREDICTOR dt=8.13802083333333322e-6
IMPLICIT_FEASIBLE_VELOCITY_PREDICTOR dt=8.13802083333333322e-6
IMPLICIT_FEASIBLE_VELOCITY_PREDICTOR dt=8.13802083333333322e-6
IMPLICIT_FEASIBLE_VELOCITY_PREDICTOR dt=8.13802083333333322e-6
IMPLICIT_FEASIBLE_VELOCITY_PREDICTOR dt=8.13802083333333322e-6
IMPLICIT_FEASIBLE_VELOCITY_PREDICTOR dt=8.13802083333333322e-6
IMPLICIT_FEASIBLE_VELOCITY_PREDICTOR dt=8.13802083333333322e-6
IMPLICIT_FEASIBLE_VELOCITY_PREDICTOR dt=8.13802083333333322e-6
IMPLICIT_FEASIBLE_VELOCITY_PREDICTOR dt=8.13802083333333322e-6
IMPLICIT_FEASIBLE_VELOCITY_PREDICTOR dt=8.13802083333333322e-6
IMPLICIT_FEASIBLE_VELOCITY_PREDICTOR dt=8.13802083333333322e-6
IMPLICIT_FEASIBLE_VELOCITY_PREDICTOR dt=8.13802083333333322e-6
IMPLICIT_FEASIBLE_VELOCITY_PREDICTOR dt=8.13802083333333322e-6
IMPLICIT_FEASIBLE_VELOCITY_PREDICTOR dt=8.13802083333333322e-6
IMPLICIT_FEASIBLE_VELOCITY_PREDICTOR dt=8.13802083333333322e-6
IMPLICIT_FEASIBLE_VELOCITY_PREDICTOR dt=8.13802083333333322e-6
IMPLICIT_WORK_COMPONENTS origin=[-0.08124897152334758, 0.610788227594831, -0.10254362682669198] dt=8.13802083333333322e-6 non_surface_potential_defect_j=2.23573329988235869e-15 prescribed_surface_defect_j=1.91331458683618853e-8 kinematic_defect_j=2.50834867772893162e-10 arithmetic_remainder_j=-3.42313489616689328e-16
IMPLICIT_WORK_REJECTION dt=8.13802083333333322e-6 defect_j=1.93839826295545887e-8 budget_j=9.76562500000000080e-9 maximum_kinematic_residual_m=1.93636132925526991e-13
IMPLICIT_QUADRATURE_RETRY attempt=0 panels=2 reason="implicit contact work defect"
IMPLICIT_FEASIBLE_VELOCITY_PREDICTOR dt=8.13802083333333322e-6
IMPLICIT_FEASIBLE_VELOCITY_PREDICTOR dt=8.13802083333333322e-6
IMPLICIT_WORK_COMPONENTS origin=[-0.08125063441583032, 0.6107882834454099, -0.10254710082366514] dt=8.13802083333333322e-6 non_surface_potential_defect_j=-1.34945223398408309e-15 prescribed_surface_defect_j=-1.81343155796601682e-8 kinematic_defect_j=4.33309015970750507e-10 arithmetic_remainder_j=3.37488631130451223e-17
IMPLICIT_WORK_REJECTION dt=8.13802083333333322e-6 defect_j=-1.77010078793927886e-8 budget_j=9.76562500000000080e-9 maximum_kinematic_residual_m=3.40082992462728659e-13
IMPLICIT_QUADRATURE_RETRY attempt=0 panels=2 reason="implicit contact work defect"
IMPLICIT_FEASIBLE_VELOCITY_PREDICTOR dt=8.13802083333333322e-6
IMPLICIT_FEASIBLE_VELOCITY_PREDICTOR dt=8.13802083333333322e-6
IMPLICIT_FEASIBLE_VELOCITY_PREDICTOR dt=8.13802083333333322e-6
IMPLICIT_FEASIBLE_VELOCITY_PREDICTOR dt=8.13802083333333322e-6
IMPLICIT_FEASIBLE_VELOCITY_PREDICTOR dt=8.13802083333333322e-6
IMPLICIT_FEASIBLE_VELOCITY_PREDICTOR dt=8.13802083333333322e-6
IMPLICIT_FEASIBLE_VELOCITY_PREDICTOR dt=8.13802083333333322e-6
IMPLICIT_FEASIBLE_VELOCITY_PREDICTOR dt=8.13802083333333322e-6
IMPLICIT_FEASIBLE_VELOCITY_PREDICTOR dt=8.13802083333333322e-6
IMPLICIT_FEASIBLE_VELOCITY_PREDICTOR dt=8.13802083333333322e-6
IMPLICIT_FEASIBLE_VELOCITY_PREDICTOR dt=8.13802083333333322e-6
IMPLICIT_FEASIBLE_VELOCITY_PREDICTOR dt=8.13802083333333322e-6
IMPLICIT_FEASIBLE_VELOCITY_PREDICTOR dt=8.13802083333333322e-6
IMPLICIT_FEASIBLE_VELOCITY_PREDICTOR dt=8.13802083333333322e-6
IMPLICIT_FEASIBLE_VELOCITY_PREDICTOR dt=8.13802083333333322e-6
IMPLICIT_FEASIBLE_VELOCITY_PREDICTOR dt=8.13802083333333322e-6
IMPLICIT_FEASIBLE_VELOCITY_PREDICTOR dt=8.13802083333333322e-6
IMPLICIT_FEASIBLE_VELOCITY_PREDICTOR dt=8.13802083333333322e-6
IMPLICIT_FEASIBLE_VELOCITY_PREDICTOR dt=8.13802083333333322e-6
IMPLICIT_FEASIBLE_VELOCITY_PREDICTOR dt=8.13802083333333322e-6
IMPLICIT_FEASIBLE_VELOCITY_PREDICTOR dt=8.13802083333333322e-6
IMPLICIT_FEASIBLE_VELOCITY_PREDICTOR dt=8.13802083333333322e-6
IMPLICIT_FEASIBLE_VELOCITY_PREDICTOR dt=8.13802083333333322e-6
IMPLICIT_FEASIBLE_VELOCITY_PREDICTOR dt=8.13802083333333322e-6
IMPLICIT_FEASIBLE_VELOCITY_PREDICTOR dt=8.13802083333333322e-6
IMPLICIT_FEASIBLE_VELOCITY_PREDICTOR dt=8.13802083333333322e-6
IMPLICIT_FEASIBLE_VELOCITY_PREDICTOR dt=8.13802083333333322e-6
IMPLICIT_FEASIBLE_VELOCITY_PREDICTOR dt=8.13802083333333322e-6
IMPLICIT_FEASIBLE_VELOCITY_PREDICTOR dt=8.13802083333333322e-6
IMPLICIT_FEASIBLE_VELOCITY_PREDICTOR dt=8.13802083333333322e-6
IMPLICIT_FEASIBLE_VELOCITY_PREDICTOR dt=8.13802083333333322e-6
IMPLICIT_FEASIBLE_VELOCITY_PREDICTOR dt=8.13802083333333322e-6
IMPLICIT_FEASIBLE_VELOCITY_PREDICTOR dt=8.13802083333333322e-6
IMPLICIT_FEASIBLE_VELOCITY_PREDICTOR dt=8.13802083333333322e-6
IMPLICIT_FEASIBLE_VELOCITY_PREDICTOR dt=8.13802083333333322e-6
IMPLICIT_FEASIBLE_VELOCITY_PREDICTOR dt=8.13802083333333322e-6
IMPLICIT_FEASIBLE_VELOCITY_PREDICTOR dt=8.13802083333333322e-6
IMPLICIT_FEASIBLE_VELOCITY_PREDICTOR dt=8.13802083333333322e-6
IMPLICIT_FEASIBLE_VELOCITY_PREDICTOR dt=8.13802083333333322e-6
IMPLICIT_FEASIBLE_VELOCITY_PREDICTOR dt=8.13802083333333322e-6
IMPLICIT_FEASIBLE_VELOCITY_PREDICTOR dt=8.13802083333333322e-6
IMPLICIT_FEASIBLE_VELOCITY_PREDICTOR dt=8.13802083333333322e-6
IMPLICIT_FEASIBLE_VELOCITY_PREDICTOR dt=8.13802083333333322e-6
IMPLICIT_FEASIBLE_VELOCITY_PREDICTOR dt=8.13802083333333322e-6
IMPLICIT_FEASIBLE_VELOCITY_PREDICTOR dt=8.13802083333333322e-6
IMPLICIT_FEASIBLE_VELOCITY_PREDICTOR dt=8.13802083333333322e-6
IMPLICIT_FEASIBLE_VELOCITY_PREDICTOR dt=8.13802083333333322e-6
IMPLICIT_FEASIBLE_VELOCITY_PREDICTOR dt=8.13802083333333322e-6
IMPLICIT_FEASIBLE_VELOCITY_PREDICTOR dt=8.13802083333333322e-6
IMPLICIT_FEASIBLE_VELOCITY_PREDICTOR dt=8.13802083333333322e-6
IMPLICIT_FEASIBLE_VELOCITY_PREDICTOR dt=8.13802083333333322e-6
IMPLICIT_FEASIBLE_VELOCITY_PREDICTOR dt=8.13802083333333322e-6
IMPLICIT_FEASIBLE_VELOCITY_PREDICTOR dt=8.13802083333333322e-6
IMPLICIT_FEASIBLE_VELOCITY_PREDICTOR dt=8.13802083333333322e-6
IMPLICIT_FEASIBLE_VELOCITY_PREDICTOR dt=8.13802083333333322e-6
IMPLICIT_FEASIBLE_VELOCITY_PREDICTOR dt=8.13802083333333322e-6
IMPLICIT_FEASIBLE_VELOCITY_PREDICTOR dt=8.13802083333333322e-6
IMPLICIT_FEASIBLE_VELOCITY_PREDICTOR dt=8.13802083333333322e-6
IMPLICIT_FEASIBLE_VELOCITY_PREDICTOR dt=8.13802083333333322e-6
IMPLICIT_FEASIBLE_VELOCITY_PREDICTOR dt=8.13802083333333322e-6
IMPLICIT_FEASIBLE_VELOCITY_PREDICTOR dt=8.13802083333333322e-6
IMPLICIT_FEASIBLE_VELOCITY_PREDICTOR dt=8.13802083333333322e-6
IMPLICIT_FEASIBLE_VELOCITY_PREDICTOR dt=8.13802083333333322e-6
IMPLICIT_FEASIBLE_VELOCITY_PREDICTOR dt=8.13802083333333322e-6
IMPLICIT_FEASIBLE_VELOCITY_PREDICTOR dt=8.13802083333333322e-6
IMPLICIT_FEASIBLE_VELOCITY_PREDICTOR dt=8.13802083333333322e-6
IMPLICIT_FEASIBLE_VELOCITY_PREDICTOR dt=8.13802083333333322e-6
IMPLICIT_FEASIBLE_VELOCITY_PREDICTOR dt=8.13802083333333322e-6
IMPLICIT_FEASIBLE_VELOCITY_PREDICTOR dt=8.13802083333333322e-6
IMPLICIT_FEASIBLE_VELOCITY_PREDICTOR dt=8.13802083333333322e-6
IMPLICIT_FEASIBLE_VELOCITY_PREDICTOR dt=8.13802083333333322e-6
IMPLICIT_FEASIBLE_VELOCITY_PREDICTOR dt=8.13802083333333322e-6
IMPLICIT_FEASIBLE_VELOCITY_PREDICTOR dt=8.13802083333333322e-6
IMPLICIT_FEASIBLE_VELOCITY_PREDICTOR dt=8.13802083333333322e-6
IMPLICIT_FEASIBLE_VELOCITY_PREDICTOR dt=8.13802083333333322e-6
IMPLICIT_FEASIBLE_VELOCITY_PREDICTOR dt=8.13802083333333322e-6
IMPLICIT_FEASIBLE_VELOCITY_PREDICTOR dt=8.13802083333333322e-6
IMPLICIT_FEASIBLE_VELOCITY_PREDICTOR dt=8.13802083333333322e-6
IMPLICIT_FEASIBLE_VELOCITY_PREDICTOR dt=8.13802083333333322e-6
IMPLICIT_FEASIBLE_VELOCITY_PREDICTOR dt=8.13802083333333322e-6
IMPLICIT_FEASIBLE_VELOCITY_PREDICTOR dt=8.13802083333333322e-6
IMPLICIT_FEASIBLE_VELOCITY_PREDICTOR dt=8.13802083333333322e-6
IMPLICIT_FEASIBLE_VELOCITY_PREDICTOR dt=8.13802083333333322e-6
IMPLICIT_FEASIBLE_VELOCITY_PREDICTOR dt=8.13802083333333322e-6
IMPLICIT_FEASIBLE_VELOCITY_PREDICTOR dt=8.13802083333333322e-6
IMPLICIT_FEASIBLE_VELOCITY_PREDICTOR dt=8.13802083333333322e-6
IMPLICIT_FEASIBLE_VELOCITY_PREDICTOR dt=8.13802083333333322e-6
IMPLICIT_FEASIBLE_VELOCITY_PREDICTOR dt=8.13802083333333322e-6
IMPLICIT_FEASIBLE_VELOCITY_PREDICTOR dt=8.13802083333333322e-6
IMPLICIT_FEASIBLE_VELOCITY_PREDICTOR dt=8.13802083333333322e-6
IMPLICIT_FEASIBLE_VELOCITY_PREDICTOR dt=8.13802083333333322e-6
IMPLICIT_FEASIBLE_VELOCITY_PREDICTOR dt=8.13802083333333322e-6
IMPLICIT_FEASIBLE_VELOCITY_PREDICTOR dt=8.13802083333333322e-6
IMPLICIT_FEASIBLE_VELOCITY_PREDICTOR dt=8.13802083333333322e-6
IMPLICIT_FEASIBLE_VELOCITY_PREDICTOR dt=8.13802083333333322e-6
IMPLICIT_FEASIBLE_VELOCITY_PREDICTOR dt=8.13802083333333322e-6
IMPLICIT_FEASIBLE_VELOCITY_PREDICTOR dt=8.13802083333333322e-6
IMPLICIT_FEASIBLE_VELOCITY_PREDICTOR dt=8.13802083333333322e-6
IMPLICIT_FEASIBLE_VELOCITY_PREDICTOR dt=8.13802083333333322e-6
IMPLICIT_FEASIBLE_VELOCITY_PREDICTOR dt=8.13802083333333322e-6
IMPLICIT_FEASIBLE_VELOCITY_PREDICTOR dt=8.13802083333333322e-6
IMPLICIT_FEASIBLE_VELOCITY_PREDICTOR dt=8.13802083333333322e-6
IMPLICIT_FEASIBLE_VELOCITY_PREDICTOR dt=8.13802083333333322e-6
IMPLICIT_FEASIBLE_VELOCITY_PREDICTOR dt=8.13802083333333322e-6
IMPLICIT_FEASIBLE_VELOCITY_PREDICTOR dt=8.13802083333333322e-6
IMPLICIT_FEASIBLE_VELOCITY_PREDICTOR dt=8.13802083333333322e-6
IMPLICIT_FEASIBLE_VELOCITY_PREDICTOR dt=8.13802083333333322e-6
IMPLICIT_FEASIBLE_VELOCITY_PREDICTOR dt=8.13802083333333322e-6
IMPLICIT_FEASIBLE_VELOCITY_PREDICTOR dt=8.13802083333333322e-6
IMPLICIT_FEASIBLE_VELOCITY_PREDICTOR dt=8.13802083333333322e-6
IMPLICIT_FEASIBLE_VELOCITY_PREDICTOR dt=8.13802083333333322e-6
IMPLICIT_FEASIBLE_VELOCITY_PREDICTOR dt=8.13802083333333322e-6
IMPLICIT_FEASIBLE_VELOCITY_PREDICTOR dt=8.13802083333333322e-6
IMPLICIT_FEASIBLE_VELOCITY_PREDICTOR dt=8.13802083333333322e-6
IMPLICIT_FEASIBLE_VELOCITY_PREDICTOR dt=8.13802083333333322e-6
IMPLICIT_FEASIBLE_VELOCITY_PREDICTOR dt=8.13802083333333322e-6
IMPLICIT_FEASIBLE_VELOCITY_PREDICTOR dt=8.13802083333333322e-6
IMPLICIT_FEASIBLE_VELOCITY_PREDICTOR dt=8.13802083333333322e-6
IMPLICIT_FEASIBLE_VELOCITY_PREDICTOR dt=8.13802083333333322e-6
IMPLICIT_FEASIBLE_VELOCITY_PREDICTOR dt=8.13802083333333322e-6
IMPLICIT_FEASIBLE_VELOCITY_PREDICTOR dt=8.13802083333333322e-6
IMPLICIT_FEASIBLE_VELOCITY_PREDICTOR dt=8.13802083333333322e-6
IMPLICIT_FEASIBLE_VELOCITY_PREDICTOR dt=8.13802083333333322e-6
IMPLICIT_FEASIBLE_VELOCITY_PREDICTOR dt=8.13802083333333322e-6
IMPLICIT_FEASIBLE_VELOCITY_PREDICTOR dt=8.13802083333333322e-6
IMPLICIT_FEASIBLE_VELOCITY_PREDICTOR dt=8.13802083333333322e-6
IMPLICIT_FEASIBLE_VELOCITY_PREDICTOR dt=8.13802083333333322e-6
IMPLICIT_FEASIBLE_VELOCITY_PREDICTOR dt=8.13802083333333322e-6
IMPLICIT_FEASIBLE_VELOCITY_PREDICTOR dt=8.13802083333333322e-6
IMPLICIT_FEASIBLE_VELOCITY_PREDICTOR dt=8.13802083333333322e-6
IMPLICIT_FEASIBLE_VELOCITY_PREDICTOR dt=8.13802083333333322e-6
IMPLICIT_FEASIBLE_VELOCITY_PREDICTOR dt=8.13802083333333322e-6
IMPLICIT_FEASIBLE_VELOCITY_PREDICTOR dt=8.13802083333333322e-6
IMPLICIT_FEASIBLE_VELOCITY_PREDICTOR dt=8.13802083333333322e-6
IMPLICIT_FEASIBLE_VELOCITY_PREDICTOR dt=8.13802083333333322e-6
IMPLICIT_FEASIBLE_VELOCITY_PREDICTOR dt=8.13802083333333322e-6
IMPLICIT_FEASIBLE_VELOCITY_PREDICTOR dt=8.13802083333333322e-6
IMPLICIT_FEASIBLE_VELOCITY_PREDICTOR dt=8.13802083333333322e-6
IMPLICIT_FEASIBLE_VELOCITY_PREDICTOR dt=8.13802083333333322e-6
IMPLICIT_FEASIBLE_VELOCITY_PREDICTOR dt=8.13802083333333322e-6
IMPLICIT_FEASIBLE_VELOCITY_PREDICTOR dt=8.13802083333333322e-6
IMPLICIT_FEASIBLE_VELOCITY_PREDICTOR dt=8.13802083333333322e-6
IMPLICIT_FEASIBLE_VELOCITY_PREDICTOR dt=8.13802083333333322e-6
IMPLICIT_FEASIBLE_VELOCITY_PREDICTOR dt=8.13802083333333322e-6
IMPLICIT_FEASIBLE_VELOCITY_PREDICTOR dt=8.13802083333333322e-6
IMPLICIT_FEASIBLE_VELOCITY_PREDICTOR dt=8.13802083333333322e-6
IMPLICIT_FEASIBLE_VELOCITY_PREDICTOR dt=8.13802083333333322e-6
IMPLICIT_FEASIBLE_VELOCITY_PREDICTOR dt=8.13802083333333322e-6
IMPLICIT_FEASIBLE_VELOCITY_PREDICTOR dt=8.13802083333333322e-6
IMPLICIT_FEASIBLE_VELOCITY_PREDICTOR dt=8.13802083333333322e-6
IMPLICIT_FEASIBLE_VELOCITY_PREDICTOR dt=8.13802083333333322e-6
IMPLICIT_FEASIBLE_VELOCITY_PREDICTOR dt=8.13802083333333322e-6
IMPLICIT_FEASIBLE_VELOCITY_PREDICTOR dt=8.13802083333333322e-6
IMPLICIT_FEASIBLE_VELOCITY_PREDICTOR dt=8.13802083333333322e-6
IMPLICIT_FEASIBLE_VELOCITY_PREDICTOR dt=8.13802083333333322e-6
IMPLICIT_FEASIBLE_VELOCITY_PREDICTOR dt=8.13802083333333322e-6
IMPLICIT_FEASIBLE_VELOCITY_PREDICTOR dt=8.13802083333333322e-6
IMPLICIT_FEASIBLE_VELOCITY_PREDICTOR dt=8.13802083333333322e-6
IMPLICIT_FEASIBLE_VELOCITY_PREDICTOR dt=8.13802083333333322e-6
IMPLICIT_FEASIBLE_VELOCITY_PREDICTOR dt=8.13802083333333322e-6
IMPLICIT_FEASIBLE_VELOCITY_PREDICTOR dt=8.13802083333333322e-6
IMPLICIT_FEASIBLE_VELOCITY_PREDICTOR dt=8.13802083333333322e-6
IMPLICIT_FEASIBLE_VELOCITY_PREDICTOR dt=8.13802083333333322e-6
IMPLICIT_FEASIBLE_VELOCITY_PREDICTOR dt=8.13802083333333322e-6
IMPLICIT_FEASIBLE_VELOCITY_PREDICTOR dt=8.13802083333333322e-6
IMPLICIT_FEASIBLE_VELOCITY_PREDICTOR dt=8.13802083333333322e-6
IMPLICIT_FEASIBLE_VELOCITY_PREDICTOR dt=8.13802083333333322e-6
IMPLICIT_FEASIBLE_VELOCITY_PREDICTOR dt=8.13802083333333322e-6
IMPLICIT_FEASIBLE_VELOCITY_PREDICTOR dt=8.13802083333333322e-6
IMPLICIT_WORK_COMPONENTS origin=[-0.08137104953693046, 0.6107537549807824, -0.10283102578565328] dt=8.13802083333333322e-6 non_surface_potential_defect_j=-4.94287770436141471e-16 prescribed_surface_defect_j=7.68940587771149291e-7 kinematic_defect_j=2.16452209796698996e-10 arithmetic_remainder_j=-1.16351622008402898e-16
IMPLICIT_WORK_REJECTION dt=8.13802083333333322e-6 defect_j=7.69157039370306598e-7 budget_j=9.76562500000000080e-9 maximum_kinematic_residual_m=2.31459166069591937e-13
IMPLICIT_QUADRATURE_RETRY attempt=0 panels=2 reason="implicit contact work defect"
IMPLICIT_FEASIBLE_VELOCITY_PREDICTOR dt=8.13802083333333322e-6
IMPLICIT_WORK_COMPONENTS origin=[-0.08137104953693046, 0.6107537549807824, -0.10283102578565328] dt=8.13802083333333322e-6 non_surface_potential_defect_j=5.56195714485063775e-17 prescribed_surface_defect_j=2.16029410761917875e-8 kinematic_defect_j=3.36576277649679678e-10 arithmetic_remainder_j=3.08450885860695715e-16
IMPLICIT_WORK_REJECTION dt=8.13802083333333322e-6 defect_j=2.19395177179119245e-8 budget_j=9.76562500000000080e-9 maximum_kinematic_residual_m=3.59839106127017366e-13
IMPLICIT_QUADRATURE_RETRY attempt=1 panels=3 reason="implicit contact work defect"
IMPLICIT_FEASIBLE_VELOCITY_PREDICTOR dt=8.13802083333333322e-6
IMPLICIT_WORK_COMPONENTS origin=[-0.08137157347684616, 0.6107534824010836, -0.10283253900624367] dt=8.13802083333333322e-6 non_surface_potential_defect_j=-2.07407875596476998e-15 prescribed_surface_defect_j=1.07235331606446741e-7 kinematic_defect_j=1.78954182985490145e-12 arithmetic_remainder_j=-4.91151419190695611e-16
IMPLICIT_WORK_REJECTION dt=8.13802083333333322e-6 defect_j=1.07237118583046421e-7 budget_j=9.76562500000000080e-9 maximum_kinematic_residual_m=3.39292493670747663e-16
IMPLICIT_QUADRATURE_RETRY attempt=0 panels=2 reason="implicit contact work defect"
IMPLICIT_STAGE_REJECTION stage="local contact quadrature" dt=8.13802083333333322e-6 error="closed surface contact gap"
IMPLICIT_FEASIBLE_VELOCITY_PREDICTOR dt=8.13802083333333322e-6
IMPLICIT_WORK_COMPONENTS origin=[-0.08137209517371834, 0.610753212426708, -0.10283404935754793] dt=8.13802083333333322e-6 non_surface_potential_defect_j=3.18842174884537144e-15 prescribed_surface_defect_j=-5.85200487466040116e-5 kinematic_defect_j=4.60775830712896480e-12 arithmetic_remainder_j=-1.08226389640439058e-15
IMPLICIT_WORK_REJECTION dt=8.13802083333333322e-6 defect_j=-5.85200441367395466e-5 budget_j=9.76562500000000080e-9 maximum_kinematic_residual_m=2.41838070836469798e-15
IMPLICIT_QUADRATURE_RETRY attempt=0 panels=2 reason="implicit contact work defect"
IMPLICIT_STAGE_REJECTION stage="local contact quadrature" dt=8.13802083333333322e-6 error="closed surface contact gap"
IMPLICIT_FEASIBLE_VELOCITY_PREDICTOR dt=8.13802083333333322e-6
IMPLICIT_WORK_COMPONENTS origin=[-0.08137209517371834, 0.610753212426708, -0.10283404935754793] dt=8.13802083333333322e-6 non_surface_potential_defect_j=1.89106542924921683e-15 prescribed_surface_defect_j=-7.68903742882508148e-6 kinematic_defect_j=4.71724706970183613e-12 arithmetic_remainder_j=-1.13133391793715109e-15
IMPLICIT_WORK_REJECTION dt=8.13802083333333322e-6 defect_j=-7.68903271081828026e-6 budget_j=9.76562500000000080e-9 maximum_kinematic_residual_m=2.45383962511913113e-15
IMPLICIT_QUADRATURE_RETRY attempt=1 panels=3 reason="implicit contact work defect"
IMPLICIT_STAGE_REJECTION stage="local contact quadrature" dt=8.13802083333333322e-6 error="closed surface contact gap"
IMPLICIT_FEASIBLE_VELOCITY_PREDICTOR dt=8.13802083333333322e-6
IMPLICIT_WORK_COMPONENTS origin=[-0.08137209517371834, 0.610753212426708, -0.10283404935754793] dt=8.13802083333333322e-6 non_surface_potential_defect_j=1.84075844844588943e-15 prescribed_surface_defect_j=-4.67992715009460034e-7 kinematic_defect_j=4.92943234275504134e-12 arithmetic_remainder_j=-1.83646801480980958e-15
IMPLICIT_WORK_REJECTION dt=8.13802083333333322e-6 defect_j=-4.67987785572826845e-7 budget_j=9.76562500000000080e-9 maximum_kinematic_residual_m=2.56176009292880154e-15
IMPLICIT_QUADRATURE_RETRY attempt=2 panels=4 reason="implicit contact work defect"
IMPLICIT_STAGE_REJECTION stage="local contact quadrature" dt=8.13802083333333322e-6 error="closed surface contact gap"
IMPLICIT_FEASIBLE_VELOCITY_PREDICTOR dt=8.13802083333333322e-6
IMPLICIT_WORK_COMPONENTS origin=[-0.08137209517371834, 0.610753212426708, -0.10283404935754793] dt=8.13802083333333322e-6 non_surface_potential_defect_j=2.62333557654592653e-15 prescribed_surface_defect_j=-1.13180347064773456e-8 kinematic_defect_j=4.96919081899911871e-12 arithmetic_remainder_j=-1.76233222372498540e-15
IMPLICIT_WORK_REJECTION dt=8.13802083333333322e-6 defect_j=-1.13130646546549937e-8 budget_j=9.76562500000000080e-9 maximum_kinematic_residual_m=2.58312522847387038e-15
IMPLICIT_QUADRATURE_RETRY attempt=3 panels=5 reason="implicit contact work defect"
IMPLICIT_STAGE_REJECTION stage="local contact quadrature" dt=8.13802083333333322e-6 error="closed surface contact gap"
IMPLICIT_FEASIBLE_VELOCITY_PREDICTOR dt=8.13802083333333322e-6
IMPLICIT_FEASIBLE_VELOCITY_PREDICTOR dt=8.13802083333333322e-6
IMPLICIT_FEASIBLE_VELOCITY_PREDICTOR dt=8.13802083333333322e-6
IMPLICIT_FEASIBLE_VELOCITY_PREDICTOR dt=8.13802083333333322e-6
IMPLICIT_FEASIBLE_VELOCITY_PREDICTOR dt=8.13802083333333322e-6
IMPLICIT_FEASIBLE_VELOCITY_PREDICTOR dt=8.13802083333333322e-6
IMPLICIT_FEASIBLE_VELOCITY_PREDICTOR dt=8.13802083333333322e-6
IMPLICIT_FEASIBLE_VELOCITY_PREDICTOR dt=8.13802083333333322e-6
IMPLICIT_FEASIBLE_VELOCITY_PREDICTOR dt=8.13802083333333322e-6
IMPLICIT_FEASIBLE_VELOCITY_PREDICTOR dt=8.13802083333333322e-6
IMPLICIT_FEASIBLE_VELOCITY_PREDICTOR dt=8.13802083333333322e-6
IMPLICIT_FEASIBLE_VELOCITY_PREDICTOR dt=8.13802083333333322e-6
IMPLICIT_FEASIBLE_VELOCITY_PREDICTOR dt=8.13802083333333322e-6
IMPLICIT_FEASIBLE_VELOCITY_PREDICTOR dt=8.13802083333333322e-6
IMPLICIT_FEASIBLE_VELOCITY_PREDICTOR dt=8.13802083333333322e-6
IMPLICIT_FEASIBLE_VELOCITY_PREDICTOR dt=8.13802083333333322e-6
IMPLICIT_FEASIBLE_VELOCITY_PREDICTOR dt=8.13802083333333322e-6
IMPLICIT_FEASIBLE_VELOCITY_PREDICTOR dt=8.13802083333333322e-6
IMPLICIT_FEASIBLE_VELOCITY_PREDICTOR dt=8.13802083333333322e-6
IMPLICIT_FEASIBLE_VELOCITY_PREDICTOR dt=8.13802083333333322e-6
IMPLICIT_FEASIBLE_VELOCITY_PREDICTOR dt=8.13802083333333322e-6
IMPLICIT_FEASIBLE_VELOCITY_PREDICTOR dt=8.13802083333333322e-6
IMPLICIT_FEASIBLE_VELOCITY_PREDICTOR dt=8.13802083333333322e-6
IMPLICIT_FEASIBLE_VELOCITY_PREDICTOR dt=8.13802083333333322e-6
IMPLICIT_FEASIBLE_VELOCITY_PREDICTOR dt=8.13802083333333322e-6
IMPLICIT_FEASIBLE_VELOCITY_PREDICTOR dt=8.13802083333333322e-6
IMPLICIT_FEASIBLE_VELOCITY_PREDICTOR dt=8.13802083333333322e-6
IMPLICIT_FEASIBLE_VELOCITY_PREDICTOR dt=8.13802083333333322e-6
IMPLICIT_FEASIBLE_VELOCITY_PREDICTOR dt=8.13802083333333322e-6
IMPLICIT_FEASIBLE_VELOCITY_PREDICTOR dt=8.13802083333333322e-6
IMPLICIT_FEASIBLE_VELOCITY_PREDICTOR dt=8.13802083333333322e-6
IMPLICIT_FEASIBLE_VELOCITY_PREDICTOR dt=8.13802083333333322e-6
IMPLICIT_FEASIBLE_VELOCITY_PREDICTOR dt=8.13802083333333322e-6
IMPLICIT_FEASIBLE_VELOCITY_PREDICTOR dt=8.13802083333333322e-6
IMPLICIT_FEASIBLE_VELOCITY_PREDICTOR dt=8.13802083333333322e-6
IMPLICIT_FEASIBLE_VELOCITY_PREDICTOR dt=8.13802083333333322e-6
IMPLICIT_FEASIBLE_VELOCITY_PREDICTOR dt=8.13802083333333322e-6
IMPLICIT_FEASIBLE_VELOCITY_PREDICTOR dt=8.13802083333333322e-6
IMPLICIT_FEASIBLE_VELOCITY_PREDICTOR dt=8.13802083333333322e-6
IMPLICIT_FEASIBLE_VELOCITY_PREDICTOR dt=8.13802083333333322e-6
IMPLICIT_FEASIBLE_VELOCITY_PREDICTOR dt=8.13802083333333322e-6
IMPLICIT_FEASIBLE_VELOCITY_PREDICTOR dt=8.13802083333333322e-6
IMPLICIT_FEASIBLE_VELOCITY_PREDICTOR dt=8.13802083333333322e-6
IMPLICIT_FEASIBLE_VELOCITY_PREDICTOR dt=8.13802083333333322e-6
IMPLICIT_FEASIBLE_VELOCITY_PREDICTOR dt=8.13802083333333322e-6
IMPLICIT_FEASIBLE_VELOCITY_PREDICTOR dt=8.13802083333333322e-6
IMPLICIT_FEASIBLE_VELOCITY_PREDICTOR dt=8.13802083333333322e-6
IMPLICIT_FEASIBLE_VELOCITY_PREDICTOR dt=8.13802083333333322e-6
IMPLICIT_FEASIBLE_VELOCITY_PREDICTOR dt=8.13802083333333322e-6
IMPLICIT_FEASIBLE_VELOCITY_PREDICTOR dt=8.13802083333333322e-6
IMPLICIT_FEASIBLE_VELOCITY_PREDICTOR dt=8.13802083333333322e-6
IMPLICIT_FEASIBLE_VELOCITY_PREDICTOR dt=8.13802083333333322e-6
IMPLICIT_FEASIBLE_VELOCITY_PREDICTOR dt=8.13802083333333322e-6
IMPLICIT_FEASIBLE_VELOCITY_PREDICTOR dt=8.13802083333333322e-6
IMPLICIT_FEASIBLE_VELOCITY_PREDICTOR dt=8.13802083333333322e-6
IMPLICIT_FEASIBLE_VELOCITY_PREDICTOR dt=8.13802083333333322e-6
IMPLICIT_FEASIBLE_VELOCITY_PREDICTOR dt=8.13802083333333322e-6
IMPLICIT_FEASIBLE_VELOCITY_PREDICTOR dt=8.13802083333333322e-6
IMPLICIT_FEASIBLE_VELOCITY_PREDICTOR dt=8.13802083333333322e-6
IMPLICIT_FEASIBLE_VELOCITY_PREDICTOR dt=8.13802083333333322e-6
IMPLICIT_FEASIBLE_VELOCITY_PREDICTOR dt=8.13802083333333322e-6
IMPLICIT_FEASIBLE_VELOCITY_PREDICTOR dt=8.13802083333333322e-6
IMPLICIT_FEASIBLE_VELOCITY_PREDICTOR dt=8.13802083333333322e-6
IMPLICIT_FEASIBLE_VELOCITY_PREDICTOR dt=8.13802083333333322e-6
IMPLICIT_FEASIBLE_VELOCITY_PREDICTOR dt=8.13802083333333322e-6
IMPLICIT_FEASIBLE_VELOCITY_PREDICTOR dt=8.13802083333333322e-6
IMPLICIT_FEASIBLE_VELOCITY_PREDICTOR dt=8.13802083333333322e-6
IMPLICIT_FEASIBLE_VELOCITY_PREDICTOR dt=8.13802083333333322e-6
IMPLICIT_FEASIBLE_VELOCITY_PREDICTOR dt=8.13802083333333322e-6
IMPLICIT_FEASIBLE_VELOCITY_PREDICTOR dt=8.13802083333333322e-6
IMPLICIT_FEASIBLE_VELOCITY_PREDICTOR dt=8.13802083333333322e-6
IMPLICIT_FEASIBLE_VELOCITY_PREDICTOR dt=8.13802083333333322e-6
IMPLICIT_FEASIBLE_VELOCITY_PREDICTOR dt=8.13802083333333322e-6
IMPLICIT_FEASIBLE_VELOCITY_PREDICTOR dt=8.13802083333333322e-6
IMPLICIT_FEASIBLE_VELOCITY_PREDICTOR dt=8.13802083333333322e-6
IMPLICIT_FEASIBLE_VELOCITY_PREDICTOR dt=8.13802083333333322e-6
IMPLICIT_FEASIBLE_VELOCITY_PREDICTOR dt=8.13802083333333322e-6
IMPLICIT_FEASIBLE_VELOCITY_PREDICTOR dt=8.13802083333333322e-6
IMPLICIT_FEASIBLE_VELOCITY_PREDICTOR dt=8.13802083333333322e-6
IMPLICIT_FEASIBLE_VELOCITY_PREDICTOR dt=8.13802083333333322e-6
IMPLICIT_FEASIBLE_VELOCITY_PREDICTOR dt=8.13802083333333322e-6
IMPLICIT_FEASIBLE_VELOCITY_PREDICTOR dt=8.13802083333333322e-6
IMPLICIT_FEASIBLE_VELOCITY_PREDICTOR dt=8.13802083333333322e-6
IMPLICIT_FEASIBLE_VELOCITY_PREDICTOR dt=8.13802083333333322e-6
IMPLICIT_FEASIBLE_VELOCITY_PREDICTOR dt=8.13802083333333322e-6
IMPLICIT_FEASIBLE_VELOCITY_PREDICTOR dt=8.13802083333333322e-6
IMPLICIT_FEASIBLE_VELOCITY_PREDICTOR dt=8.13802083333333322e-6
IMPLICIT_FEASIBLE_VELOCITY_PREDICTOR dt=8.13802083333333322e-6
IMPLICIT_FEASIBLE_VELOCITY_PREDICTOR dt=8.13802083333333322e-6
IMPLICIT_FEASIBLE_VELOCITY_PREDICTOR dt=8.13802083333333322e-6
IMPLICIT_FEASIBLE_VELOCITY_PREDICTOR dt=8.13802083333333322e-6
IMPLICIT_FEASIBLE_VELOCITY_PREDICTOR dt=8.13802083333333322e-6
IMPLICIT_FEASIBLE_VELOCITY_PREDICTOR dt=8.13802083333333322e-6
IMPLICIT_FEASIBLE_VELOCITY_PREDICTOR dt=8.13802083333333322e-6
IMPLICIT_FEASIBLE_VELOCITY_PREDICTOR dt=8.13802083333333322e-6
IMPLICIT_FEASIBLE_VELOCITY_PREDICTOR dt=8.13802083333333322e-6
IMPLICIT_FEASIBLE_VELOCITY_PREDICTOR dt=8.13802083333333322e-6
IMPLICIT_FEASIBLE_VELOCITY_PREDICTOR dt=8.13802083333333322e-6
IMPLICIT_FEASIBLE_VELOCITY_PREDICTOR dt=8.13802083333333322e-6
IMPLICIT_FEASIBLE_VELOCITY_PREDICTOR dt=8.13802083333333322e-6
IMPLICIT_FEASIBLE_VELOCITY_PREDICTOR dt=8.13802083333333322e-6
IMPLICIT_FEASIBLE_VELOCITY_PREDICTOR dt=8.13802083333333322e-6
IMPLICIT_FEASIBLE_VELOCITY_PREDICTOR dt=8.13802083333333322e-6
IMPLICIT_FEASIBLE_VELOCITY_PREDICTOR dt=8.13802083333333322e-6
IMPLICIT_FEASIBLE_VELOCITY_PREDICTOR dt=8.13802083333333322e-6
IMPLICIT_FEASIBLE_VELOCITY_PREDICTOR dt=8.13802083333333322e-6
IMPLICIT_FEASIBLE_VELOCITY_PREDICTOR dt=8.13802083333333322e-6
IMPLICIT_FEASIBLE_VELOCITY_PREDICTOR dt=8.13802083333333322e-6
IMPLICIT_FEASIBLE_VELOCITY_PREDICTOR dt=8.13802083333333322e-6
IMPLICIT_FEASIBLE_VELOCITY_PREDICTOR dt=8.13802083333333322e-6
IMPLICIT_FEASIBLE_VELOCITY_PREDICTOR dt=8.13802083333333322e-6
IMPLICIT_FEASIBLE_VELOCITY_PREDICTOR dt=8.13802083333333322e-6
IMPLICIT_FEASIBLE_VELOCITY_PREDICTOR dt=8.13802083333333322e-6
IMPLICIT_FEASIBLE_VELOCITY_PREDICTOR dt=8.13802083333333322e-6
IMPLICIT_FEASIBLE_VELOCITY_PREDICTOR dt=8.13802083333333322e-6
IMPLICIT_FEASIBLE_VELOCITY_PREDICTOR dt=8.13802083333333322e-6
IMPLICIT_FEASIBLE_VELOCITY_PREDICTOR dt=8.13802083333333322e-6
IMPLICIT_FEASIBLE_VELOCITY_PREDICTOR dt=8.13802083333333322e-6
IMPLICIT_FEASIBLE_VELOCITY_PREDICTOR dt=8.13802083333333322e-6
IMPLICIT_FEASIBLE_VELOCITY_PREDICTOR dt=8.13802083333333322e-6
IMPLICIT_FEASIBLE_VELOCITY_PREDICTOR dt=8.13802083333333322e-6
IMPLICIT_FEASIBLE_VELOCITY_PREDICTOR dt=8.13802083333333322e-6
IMPLICIT_FEASIBLE_VELOCITY_PREDICTOR dt=8.13802083333333322e-6
IMPLICIT_FEASIBLE_VELOCITY_PREDICTOR dt=8.13802083333333322e-6
IMPLICIT_FEASIBLE_VELOCITY_PREDICTOR dt=8.13802083333333322e-6
IMPLICIT_FEASIBLE_VELOCITY_PREDICTOR dt=8.13802083333333322e-6
IMPLICIT_FEASIBLE_VELOCITY_PREDICTOR dt=8.13802083333333322e-6
IMPLICIT_FEASIBLE_VELOCITY_PREDICTOR dt=8.13802083333333322e-6
IMPLICIT_FEASIBLE_VELOCITY_PREDICTOR dt=8.13802083333333322e-6
IMPLICIT_FEASIBLE_VELOCITY_PREDICTOR dt=8.13802083333333322e-6
IMPLICIT_FEASIBLE_VELOCITY_PREDICTOR dt=8.13802083333333322e-6
IMPLICIT_FEASIBLE_VELOCITY_PREDICTOR dt=8.13802083333333322e-6
IMPLICIT_FEASIBLE_VELOCITY_PREDICTOR dt=8.13802083333333322e-6
IMPLICIT_FEASIBLE_VELOCITY_PREDICTOR dt=8.13802083333333322e-6
IMPLICIT_FEASIBLE_VELOCITY_PREDICTOR dt=8.13802083333333322e-6
IMPLICIT_FEASIBLE_VELOCITY_PREDICTOR dt=8.13802083333333322e-6
IMPLICIT_FEASIBLE_VELOCITY_PREDICTOR dt=8.13802083333333322e-6
IMPLICIT_FEASIBLE_VELOCITY_PREDICTOR dt=8.13802083333333322e-6
IMPLICIT_FEASIBLE_VELOCITY_PREDICTOR dt=8.13802083333333322e-6
IMPLICIT_FEASIBLE_VELOCITY_PREDICTOR dt=8.13802083333333322e-6
IMPLICIT_FEASIBLE_VELOCITY_PREDICTOR dt=8.13802083333333322e-6
IMPLICIT_FEASIBLE_VELOCITY_PREDICTOR dt=8.13802083333333322e-6
IMPLICIT_FEASIBLE_VELOCITY_PREDICTOR dt=8.13802083333333322e-6
IMPLICIT_FEASIBLE_VELOCITY_PREDICTOR dt=8.13802083333333322e-6
IMPLICIT_FEASIBLE_VELOCITY_PREDICTOR dt=8.13802083333333322e-6
IMPLICIT_FEASIBLE_VELOCITY_PREDICTOR dt=8.13802083333333322e-6
IMPLICIT_FEASIBLE_VELOCITY_PREDICTOR dt=8.13802083333333322e-6
IMPLICIT_FEASIBLE_VELOCITY_PREDICTOR dt=8.13802083333333322e-6
IMPLICIT_WORK_COMPONENTS origin=[-0.081439737090852, 0.6107333829189787, -0.10302321652191807] dt=8.13802083333333322e-6 non_surface_potential_defect_j=5.01497714883170076e-16 prescribed_surface_defect_j=1.13158614796248283e-8 kinematic_defect_j=4.21775482689698832e-13 arithmetic_remainder_j=-4.76690396259137365e-16
IMPLICIT_WORK_REJECTION dt=8.13802083333333322e-6 defect_j=1.13162832799148366e-8 budget_j=9.76562500000000080e-9 maximum_kinematic_residual_m=7.66514842321253803e-16
IMPLICIT_QUADRATURE_RETRY attempt=0 panels=2 reason="implicit contact work defect"
IMPLICIT_FEASIBLE_VELOCITY_PREDICTOR dt=8.13802083333333322e-6
IMPLICIT_WORK_COMPONENTS origin=[-0.08144026194766493, 0.6107333403814157, -0.10302428797794135] dt=8.13802083333333322e-6 non_surface_potential_defect_j=-2.06280305337092074e-15 prescribed_surface_defect_j=1.36568167322871756e-4 kinematic_defect_j=1.98930051285249113e-13 arithmetic_remainder_j=5.97192400299747530e-16
IMPLICIT_WORK_REJECTION dt=8.13802083333333322e-6 defect_j=1.36568167520336196e-4 budget_j=9.76562500000000080e-9 maximum_kinematic_residual_m=5.50634943186339293e-17
IMPLICIT_QUADRATURE_RETRY attempt=0 panels=2 reason="implicit contact work defect"
IMPLICIT_WORK_COMPONENTS origin=[-0.08144026194766493, 0.6107333403814157, -0.10302428797794135] dt=8.13802083333333322e-6 non_surface_potential_defect_j=-3.60307486971245261e-16 prescribed_surface_defect_j=2.04806839738414049e-5 kinematic_defect_j=7.11180939940897603e-10 arithmetic_remainder_j=5.77733935918948115e-16
IMPLICIT_WORK_REJECTION dt=8.13802083333333322e-6 defect_j=2.04813951549987722e-5 budget_j=9.76562500000000080e-9 maximum_kinematic_residual_m=1.81662699011596513e-13
IMPLICIT_QUADRATURE_RETRY attempt=1 panels=3 reason="implicit contact work defect"
IMPLICIT_WORK_COMPONENTS origin=[-0.08144026194766493, 0.6107333403814157, -0.10302428797794135] dt=8.13802083333333322e-6 non_surface_potential_defect_j=4.45336042348420946e-16 prescribed_surface_defect_j=1.70069230136856309e-6 kinematic_defect_j=1.33811356441412586e-11 arithmetic_remainder_j=5.17834306987965758e-16
IMPLICIT_WORK_REJECTION dt=8.13802083333333322e-6 defect_j=1.70070568346737758e-6 budget_j=9.76562500000000080e-9 maximum_kinematic_residual_m=3.41738428360886543e-15
IMPLICIT_QUADRATURE_RETRY attempt=2 panels=4 reason="implicit contact work defect"
IMPLICIT_WORK_COMPONENTS origin=[-0.08144026194766493, 0.6107333403814157, -0.10302428797794135] dt=8.13802083333333322e-6 non_surface_potential_defect_j=-5.50584968242451289e-16 prescribed_surface_defect_j=6.13842086618997642e-8 kinematic_defect_j=9.72808273878187106e-11 arithmetic_remainder_j=-2.13891502526124841e-16
IMPLICIT_WORK_REJECTION dt=8.13802083333333322e-6 defect_j=6.14814887248111121e-8 budget_j=9.76562500000000080e-9 maximum_kinematic_residual_m=2.48399281219525807e-14
IMPLICIT_QUADRATURE_RETRY attempt=3 panels=5 reason="implicit contact work defect"
IMPLICIT_STAGE_REJECTION stage="local contact quadrature" dt=8.13802083333333322e-6 error="closed surface contact gap"
IMPLICIT_FEASIBLE_VELOCITY_PREDICTOR dt=8.13802083333333322e-6
IMPLICIT_WORK_COMPONENTS origin=[-0.0814407894364947, 0.6107332988587157, -0.1030253568401318] dt=8.13802083333333322e-6 non_surface_potential_defect_j=1.34117841615530309e-15 prescribed_surface_defect_j=-1.63360975128223212e-4 kinematic_defect_j=9.41531103360203373e-12 arithmetic_remainder_j=1.00640457856036110e-16
IMPLICIT_WORK_REJECTION dt=8.13802083333333322e-6 defect_j=-1.63360965711470353e-4 budget_j=9.76562500000000080e-9 maximum_kinematic_residual_m=2.79353901224191608e-15
IMPLICIT_QUADRATURE_RETRY attempt=0 panels=2 reason="implicit contact work defect"
IMPLICIT_STAGE_REJECTION stage="local contact quadrature" dt=8.13802083333333322e-6 error="closed surface contact gap"
IMPLICIT_FEASIBLE_VELOCITY_PREDICTOR dt=8.13802083333333322e-6
IMPLICIT_WORK_COMPONENTS origin=[-0.0814407894364947, 0.6107332988587157, -0.1030253568401318] dt=8.13802083333333322e-6 non_surface_potential_defect_j=-6.96640553403404805e-16 prescribed_surface_defect_j=-3.33120515757644067e-5 kinematic_defect_j=9.76011495417747265e-12 arithmetic_remainder_j=1.12218193870030518e-16
IMPLICIT_WORK_REJECTION dt=8.13802083333333322e-6 defect_j=-3.33120418162338749e-5 budget_j=9.76562500000000080e-9 maximum_kinematic_residual_m=2.85771319294121726e-15
IMPLICIT_QUADRATURE_RETRY attempt=1 panels=3 reason="implicit contact work defect"
IMPLICIT_STAGE_REJECTION stage="local contact quadrature" dt=8.13802083333333322e-6 error="closed surface contact gap"
IMPLICIT_FEASIBLE_VELOCITY_PREDICTOR dt=8.13802083333333322e-6
IMPLICIT_WORK_COMPONENTS origin=[-0.0814407894364947, 0.6107332988587157, -0.1030253568401318] dt=8.13802083333333322e-6 non_surface_potential_defect_j=-3.09763336942686651e-16 prescribed_surface_defect_j=-3.51759408135000505e-6 kinematic_defect_j=1.07520454398232016e-11 arithmetic_remainder_j=2.04135085872074191e-16
IMPLICIT_WORK_REJECTION dt=8.13802083333333322e-6 defect_j=-3.51758332941019347e-6 budget_j=9.76562500000000080e-9 maximum_kinematic_residual_m=3.13962015734755174e-15
IMPLICIT_QUADRATURE_RETRY attempt=2 panels=4 reason="implicit contact work defect"
IMPLICIT_STAGE_REJECTION stage="local contact quadrature" dt=8.13802083333333322e-6 error="closed surface contact gap"
IMPLICIT_FEASIBLE_VELOCITY_PREDICTOR dt=8.13802083333333322e-6
IMPLICIT_WORK_COMPONENTS origin=[-0.0814407894364947, 0.6107332988587157, -0.1030253568401318] dt=8.13802083333333322e-6 non_surface_potential_defect_j=-4.55181953327304933e-16 prescribed_surface_defect_j=-1.62982049200331301e-7 kinematic_defect_j=1.08792988599950362e-11 arithmetic_remainder_j=1.70157576802829611e-16
IMPLICIT_WORK_REJECTION dt=8.13802083333333322e-6 defect_j=-1.62971170186495683e-7 budget_j=9.76562500000000080e-9 maximum_kinematic_residual_m=3.17318764953076603e-15
IMPLICIT_QUADRATURE_RETRY attempt=3 panels=5 reason="implicit contact work defect"
IMPLICIT_STAGE_REJECTION stage="local contact quadrature" dt=8.13802083333333322e-6 error="closed surface contact gap"
IMPLICIT_FEASIBLE_VELOCITY_PREDICTOR dt=8.13802083333333322e-6
IMPLICIT_FEASIBLE_VELOCITY_PREDICTOR dt=8.13802083333333322e-6
IMPLICIT_FEASIBLE_VELOCITY_PREDICTOR dt=8.13802083333333322e-6
IMPLICIT_FEASIBLE_VELOCITY_PREDICTOR dt=8.13802083333333322e-6
IMPLICIT_FEASIBLE_VELOCITY_PREDICTOR dt=8.13802083333333322e-6
IMPLICIT_FEASIBLE_VELOCITY_PREDICTOR dt=8.13802083333333322e-6
IMPLICIT_FEASIBLE_VELOCITY_PREDICTOR dt=8.13802083333333322e-6
IMPLICIT_FEASIBLE_VELOCITY_PREDICTOR dt=8.13802083333333322e-6
IMPLICIT_FEASIBLE_VELOCITY_PREDICTOR dt=8.13802083333333322e-6
IMPLICIT_FEASIBLE_VELOCITY_PREDICTOR dt=8.13802083333333322e-6
IMPLICIT_FEASIBLE_VELOCITY_PREDICTOR dt=8.13802083333333322e-6
IMPLICIT_FEASIBLE_VELOCITY_PREDICTOR dt=8.13802083333333322e-6
IMPLICIT_FEASIBLE_VELOCITY_PREDICTOR dt=8.13802083333333322e-6
IMPLICIT_FEASIBLE_VELOCITY_PREDICTOR dt=8.13802083333333322e-6
IMPLICIT_FEASIBLE_VELOCITY_PREDICTOR dt=8.13802083333333322e-6
IMPLICIT_FEASIBLE_VELOCITY_PREDICTOR dt=8.13802083333333322e-6
IMPLICIT_FEASIBLE_VELOCITY_PREDICTOR dt=8.13802083333333322e-6
IMPLICIT_FEASIBLE_VELOCITY_PREDICTOR dt=8.13802083333333322e-6
IMPLICIT_FEASIBLE_VELOCITY_PREDICTOR dt=8.13802083333333322e-6
IMPLICIT_FEASIBLE_VELOCITY_PREDICTOR dt=8.13802083333333322e-6
IMPLICIT_FEASIBLE_VELOCITY_PREDICTOR dt=8.13802083333333322e-6
IMPLICIT_FEASIBLE_VELOCITY_PREDICTOR dt=8.13802083333333322e-6
IMPLICIT_FEASIBLE_VELOCITY_PREDICTOR dt=8.13802083333333322e-6
IMPLICIT_FEASIBLE_VELOCITY_PREDICTOR dt=8.13802083333333322e-6
IMPLICIT_FEASIBLE_VELOCITY_PREDICTOR dt=8.13802083333333322e-6
IMPLICIT_FEASIBLE_VELOCITY_PREDICTOR dt=8.13802083333333322e-6
IMPLICIT_FEASIBLE_VELOCITY_PREDICTOR dt=8.13802083333333322e-6
IMPLICIT_FEASIBLE_VELOCITY_PREDICTOR dt=8.13802083333333322e-6
IMPLICIT_FEASIBLE_VELOCITY_PREDICTOR dt=8.13802083333333322e-6
IMPLICIT_FEASIBLE_VELOCITY_PREDICTOR dt=8.13802083333333322e-6
IMPLICIT_FEASIBLE_VELOCITY_PREDICTOR dt=8.13802083333333322e-6
IMPLICIT_FEASIBLE_VELOCITY_PREDICTOR dt=8.13802083333333322e-6
IMPLICIT_FEASIBLE_VELOCITY_PREDICTOR dt=8.13802083333333322e-6
IMPLICIT_FEASIBLE_VELOCITY_PREDICTOR dt=8.13802083333333322e-6
IMPLICIT_FEASIBLE_VELOCITY_PREDICTOR dt=8.13802083333333322e-6
IMPLICIT_FEASIBLE_VELOCITY_PREDICTOR dt=8.13802083333333322e-6
IMPLICIT_FEASIBLE_VELOCITY_PREDICTOR dt=8.13802083333333322e-6
IMPLICIT_FEASIBLE_VELOCITY_PREDICTOR dt=8.13802083333333322e-6
IMPLICIT_FEASIBLE_VELOCITY_PREDICTOR dt=8.13802083333333322e-6
IMPLICIT_FEASIBLE_VELOCITY_PREDICTOR dt=8.13802083333333322e-6
IMPLICIT_FEASIBLE_VELOCITY_PREDICTOR dt=8.13802083333333322e-6
IMPLICIT_FEASIBLE_VELOCITY_PREDICTOR dt=8.13802083333333322e-6
IMPLICIT_FEASIBLE_VELOCITY_PREDICTOR dt=8.13802083333333322e-6
IMPLICIT_FEASIBLE_VELOCITY_PREDICTOR dt=8.13802083333333322e-6
IMPLICIT_FEASIBLE_VELOCITY_PREDICTOR dt=8.13802083333333322e-6
IMPLICIT_FEASIBLE_VELOCITY_PREDICTOR dt=8.13802083333333322e-6
IMPLICIT_FEASIBLE_VELOCITY_PREDICTOR dt=8.13802083333333322e-6
IMPLICIT_FEASIBLE_VELOCITY_PREDICTOR dt=8.13802083333333322e-6
IMPLICIT_FEASIBLE_VELOCITY_PREDICTOR dt=8.13802083333333322e-6
IMPLICIT_FEASIBLE_VELOCITY_PREDICTOR dt=8.13802083333333322e-6
IMPLICIT_FEASIBLE_VELOCITY_PREDICTOR dt=8.13802083333333322e-6
IMPLICIT_FEASIBLE_VELOCITY_PREDICTOR dt=8.13802083333333322e-6
IMPLICIT_FEASIBLE_VELOCITY_PREDICTOR dt=8.13802083333333322e-6
IMPLICIT_FEASIBLE_VELOCITY_PREDICTOR dt=8.13802083333333322e-6
IMPLICIT_FEASIBLE_VELOCITY_PREDICTOR dt=8.13802083333333322e-6
IMPLICIT_FEASIBLE_VELOCITY_PREDICTOR dt=8.13802083333333322e-6
IMPLICIT_FEASIBLE_VELOCITY_PREDICTOR dt=8.13802083333333322e-6
IMPLICIT_FEASIBLE_VELOCITY_PREDICTOR dt=8.13802083333333322e-6
IMPLICIT_FEASIBLE_VELOCITY_PREDICTOR dt=8.13802083333333322e-6
IMPLICIT_FEASIBLE_VELOCITY_PREDICTOR dt=8.13802083333333322e-6
IMPLICIT_FEASIBLE_VELOCITY_PREDICTOR dt=8.13802083333333322e-6
IMPLICIT_FEASIBLE_VELOCITY_PREDICTOR dt=8.13802083333333322e-6
IMPLICIT_FEASIBLE_VELOCITY_PREDICTOR dt=8.13802083333333322e-6
IMPLICIT_FEASIBLE_VELOCITY_PREDICTOR dt=8.13802083333333322e-6
IMPLICIT_FEASIBLE_VELOCITY_PREDICTOR dt=8.13802083333333322e-6
IMPLICIT_FEASIBLE_VELOCITY_PREDICTOR dt=8.13802083333333322e-6
IMPLICIT_FEASIBLE_VELOCITY_PREDICTOR dt=8.13802083333333322e-6
IMPLICIT_FEASIBLE_VELOCITY_PREDICTOR dt=8.13802083333333322e-6
IMPLICIT_FEASIBLE_VELOCITY_PREDICTOR dt=8.13802083333333322e-6
IMPLICIT_FEASIBLE_VELOCITY_PREDICTOR dt=8.13802083333333322e-6
IMPLICIT_FEASIBLE_VELOCITY_PREDICTOR dt=8.13802083333333322e-6
IMPLICIT_FEASIBLE_VELOCITY_PREDICTOR dt=8.13802083333333322e-6
IMPLICIT_FEASIBLE_VELOCITY_PREDICTOR dt=8.13802083333333322e-6
IMPLICIT_FEASIBLE_VELOCITY_PREDICTOR dt=8.13802083333333322e-6
IMPLICIT_FEASIBLE_VELOCITY_PREDICTOR dt=8.13802083333333322e-6
IMPLICIT_FEASIBLE_VELOCITY_PREDICTOR dt=8.13802083333333322e-6
IMPLICIT_FEASIBLE_VELOCITY_PREDICTOR dt=8.13802083333333322e-6
IMPLICIT_FEASIBLE_VELOCITY_PREDICTOR dt=8.13802083333333322e-6
IMPLICIT_FEASIBLE_VELOCITY_PREDICTOR dt=8.13802083333333322e-6
IMPLICIT_FEASIBLE_VELOCITY_PREDICTOR dt=8.13802083333333322e-6
IMPLICIT_FEASIBLE_VELOCITY_PREDICTOR dt=8.13802083333333322e-6
IMPLICIT_FEASIBLE_VELOCITY_PREDICTOR dt=8.13802083333333322e-6
IMPLICIT_FEASIBLE_VELOCITY_PREDICTOR dt=8.13802083333333322e-6
IMPLICIT_FEASIBLE_VELOCITY_PREDICTOR dt=8.13802083333333322e-6
IMPLICIT_FEASIBLE_VELOCITY_PREDICTOR dt=8.13802083333333322e-6
IMPLICIT_FEASIBLE_VELOCITY_PREDICTOR dt=8.13802083333333322e-6
IMPLICIT_FEASIBLE_VELOCITY_PREDICTOR dt=8.13802083333333322e-6
IMPLICIT_FEASIBLE_VELOCITY_PREDICTOR dt=8.13802083333333322e-6
IMPLICIT_FEASIBLE_VELOCITY_PREDICTOR dt=8.13802083333333322e-6
IMPLICIT_FEASIBLE_VELOCITY_PREDICTOR dt=1.04166666666666665e-3
IMPLICIT_FEASIBLE_VELOCITY_PREDICTOR dt=1.04166666666666665e-3
IMPLICIT_FEASIBLE_VELOCITY_PREDICTOR dt=1.04166666666666665e-3
IMPLICIT_FEASIBLE_VELOCITY_PREDICTOR dt=1.62760416666666664e-5
IMPLICIT_FEASIBLE_VELOCITY_PREDICTOR dt=1.62760416666666664e-5
IMPLICIT_FEASIBLE_VELOCITY_PREDICTOR dt=1.04166666666666665e-3
IMPLICIT_FEASIBLE_VELOCITY_PREDICTOR dt=1.04166666666666665e-3
IMPLICIT_FEASIBLE_VELOCITY_PREDICTOR dt=1.04166666666666665e-3
IMPLICIT_FEASIBLE_VELOCITY_PREDICTOR dt=1.62760416666666664e-5
IMPLICIT_FEASIBLE_VELOCITY_PREDICTOR dt=1.04166666666666665e-3
IMPLICIT_FEASIBLE_VELOCITY_PREDICTOR dt=1.04166666666666665e-3
IMPLICIT_FEASIBLE_VELOCITY_PREDICTOR dt=1.04166666666666665e-3
IMPLICIT_FEASIBLE_VELOCITY_PREDICTOR dt=1.62760416666666664e-5
IMPLICIT_FEASIBLE_VELOCITY_PREDICTOR dt=1.04166666666666665e-3
IMPLICIT_FEASIBLE_VELOCITY_PREDICTOR dt=1.04166666666666665e-3
IMPLICIT_FEASIBLE_VELOCITY_PREDICTOR dt=1.04166666666666665e-3
IMPLICIT_FEASIBLE_VELOCITY_PREDICTOR dt=1.62760416666666664e-5
IMPLICIT_FEASIBLE_VELOCITY_PREDICTOR dt=1.62760416666666664e-5
IMPLICIT_FEASIBLE_VELOCITY_PREDICTOR dt=1.62760416666666664e-5
IMPLICIT_FEASIBLE_VELOCITY_PREDICTOR dt=1.62760416666666664e-5
IMPLICIT_FEASIBLE_VELOCITY_PREDICTOR dt=1.62760416666666664e-5
IMPLICIT_FEASIBLE_VELOCITY_PREDICTOR dt=1.62760416666666664e-5
IMPLICIT_FEASIBLE_VELOCITY_PREDICTOR dt=1.62760416666666664e-5
IMPLICIT_FEASIBLE_VELOCITY_PREDICTOR dt=1.62760416666666664e-5
IMPLICIT_FEASIBLE_VELOCITY_PREDICTOR dt=1.62760416666666664e-5
IMPLICIT_FEASIBLE_VELOCITY_PREDICTOR dt=1.62760416666666664e-5
IMPLICIT_FEASIBLE_VELOCITY_PREDICTOR dt=1.62760416666666664e-5
IMPLICIT_FEASIBLE_VELOCITY_PREDICTOR dt=1.62760416666666664e-5
IMPLICIT_FEASIBLE_VELOCITY_PREDICTOR dt=1.62760416666666664e-5
IMPLICIT_FEASIBLE_VELOCITY_PREDICTOR dt=1.62760416666666664e-5
IMPLICIT_FEASIBLE_VELOCITY_PREDICTOR dt=1.62760416666666664e-5
IMPLICIT_FEASIBLE_VELOCITY_PREDICTOR dt=1.62760416666666664e-5
IMPLICIT_FEASIBLE_VELOCITY_PREDICTOR dt=1.62760416666666664e-5
IMPLICIT_FEASIBLE_VELOCITY_PREDICTOR dt=1.62760416666666664e-5
IMPLICIT_FEASIBLE_VELOCITY_PREDICTOR dt=1.62760416666666664e-5
IMPLICIT_FEASIBLE_VELOCITY_PREDICTOR dt=1.62760416666666664e-5
IMPLICIT_FEASIBLE_VELOCITY_PREDICTOR dt=1.62760416666666664e-5
IMPLICIT_FEASIBLE_VELOCITY_PREDICTOR dt=1.62760416666666664e-5
IMPLICIT_FEASIBLE_VELOCITY_PREDICTOR dt=1.62760416666666664e-5
IMPLICIT_FEASIBLE_VELOCITY_PREDICTOR dt=1.62760416666666664e-5
IMPLICIT_FEASIBLE_VELOCITY_PREDICTOR dt=1.62760416666666664e-5
IMPLICIT_FEASIBLE_VELOCITY_PREDICTOR dt=1.62760416666666664e-5
IMPLICIT_FEASIBLE_VELOCITY_PREDICTOR dt=1.62760416666666664e-5
IMPLICIT_FEASIBLE_VELOCITY_PREDICTOR dt=1.62760416666666664e-5
IMPLICIT_FEASIBLE_VELOCITY_PREDICTOR dt=1.62760416666666664e-5
IMPLICIT_FEASIBLE_VELOCITY_PREDICTOR dt=1.62760416666666664e-5
IMPLICIT_FEASIBLE_VELOCITY_PREDICTOR dt=1.62760416666666664e-5
IMPLICIT_FEASIBLE_VELOCITY_PREDICTOR dt=1.62760416666666664e-5
IMPLICIT_FEASIBLE_VELOCITY_PREDICTOR dt=1.62760416666666664e-5
IMPLICIT_FEASIBLE_VELOCITY_PREDICTOR dt=1.62760416666666664e-5
IMPLICIT_FEASIBLE_VELOCITY_PREDICTOR dt=1.62760416666666664e-5
IMPLICIT_FEASIBLE_VELOCITY_PREDICTOR dt=1.62760416666666664e-5
IMPLICIT_FEASIBLE_VELOCITY_PREDICTOR dt=1.62760416666666664e-5
IMPLICIT_FEASIBLE_VELOCITY_PREDICTOR dt=1.62760416666666664e-5
IMPLICIT_FEASIBLE_VELOCITY_PREDICTOR dt=1.62760416666666664e-5
IMPLICIT_FEASIBLE_VELOCITY_PREDICTOR dt=1.62760416666666664e-5
IMPLICIT_FEASIBLE_VELOCITY_PREDICTOR dt=1.62760416666666664e-5
IMPLICIT_FEASIBLE_VELOCITY_PREDICTOR dt=1.62760416666666664e-5
IMPLICIT_FEASIBLE_VELOCITY_PREDICTOR dt=1.62760416666666664e-5
IMPLICIT_FEASIBLE_VELOCITY_PREDICTOR dt=1.62760416666666664e-5
IMPLICIT_FEASIBLE_VELOCITY_PREDICTOR dt=1.62760416666666664e-5
IMPLICIT_FEASIBLE_VELOCITY_PREDICTOR dt=1.62760416666666664e-5
IMPLICIT_FEASIBLE_VELOCITY_PREDICTOR dt=1.62760416666666664e-5
IMPLICIT_FEASIBLE_VELOCITY_PREDICTOR dt=1.62760416666666664e-5
IMPLICIT_FEASIBLE_VELOCITY_PREDICTOR dt=1.62760416666666664e-5
IMPLICIT_FEASIBLE_VELOCITY_PREDICTOR dt=1.62760416666666664e-5
IMPLICIT_FEASIBLE_VELOCITY_PREDICTOR dt=1.62760416666666664e-5
IMPLICIT_FEASIBLE_VELOCITY_PREDICTOR dt=1.62760416666666664e-5
IMPLICIT_FEASIBLE_VELOCITY_PREDICTOR dt=1.62760416666666664e-5
IMPLICIT_FEASIBLE_VELOCITY_PREDICTOR dt=1.62760416666666664e-5
IMPLICIT_FEASIBLE_VELOCITY_PREDICTOR dt=1.62760416666666664e-5
IMPLICIT_FEASIBLE_VELOCITY_PREDICTOR dt=1.62760416666666664e-5
IMPLICIT_FEASIBLE_VELOCITY_PREDICTOR dt=1.62760416666666664e-5
IMPLICIT_FEASIBLE_VELOCITY_PREDICTOR dt=1.62760416666666664e-5
IMPLICIT_FEASIBLE_VELOCITY_PREDICTOR dt=1.62760416666666664e-5
IMPLICIT_FEASIBLE_VELOCITY_PREDICTOR dt=1.62760416666666664e-5
IMPLICIT_FEASIBLE_VELOCITY_PREDICTOR dt=1.62760416666666664e-5
IMPLICIT_FEASIBLE_VELOCITY_PREDICTOR dt=1.62760416666666664e-5
IMPLICIT_FEASIBLE_VELOCITY_PREDICTOR dt=1.62760416666666664e-5
IMPLICIT_FEASIBLE_VELOCITY_PREDICTOR dt=1.62760416666666664e-5
IMPLICIT_FEASIBLE_VELOCITY_PREDICTOR dt=1.62760416666666664e-5
IMPLICIT_FEASIBLE_VELOCITY_PREDICTOR dt=1.62760416666666664e-5
IMPLICIT_FEASIBLE_VELOCITY_PREDICTOR dt=1.62760416666666664e-5
IMPLICIT_FEASIBLE_VELOCITY_PREDICTOR dt=1.62760416666666664e-5
IMPLICIT_FEASIBLE_VELOCITY_PREDICTOR dt=1.62760416666666664e-5
IMPLICIT_FEASIBLE_VELOCITY_PREDICTOR dt=1.62760416666666664e-5
IMPLICIT_FEASIBLE_VELOCITY_PREDICTOR dt=1.62760416666666664e-5
IMPLICIT_FEASIBLE_VELOCITY_PREDICTOR dt=1.62760416666666664e-5
IMPLICIT_FEASIBLE_VELOCITY_PREDICTOR dt=1.62760416666666664e-5
IMPLICIT_FEASIBLE_VELOCITY_PREDICTOR dt=1.62760416666666664e-5
IMPLICIT_FEASIBLE_VELOCITY_PREDICTOR dt=1.62760416666666664e-5
IMPLICIT_FEASIBLE_VELOCITY_PREDICTOR dt=1.62760416666666664e-5
IMPLICIT_FEASIBLE_VELOCITY_PREDICTOR dt=1.62760416666666664e-5
IMPLICIT_FEASIBLE_VELOCITY_PREDICTOR dt=1.62760416666666664e-5
IMPLICIT_FEASIBLE_VELOCITY_PREDICTOR dt=1.62760416666666664e-5
IMPLICIT_FEASIBLE_VELOCITY_PREDICTOR dt=1.62760416666666664e-5
IMPLICIT_FEASIBLE_VELOCITY_PREDICTOR dt=1.62760416666666664e-5
IMPLICIT_FEASIBLE_VELOCITY_PREDICTOR dt=1.62760416666666664e-5
IMPLICIT_FEASIBLE_VELOCITY_PREDICTOR dt=1.62760416666666664e-5
IMPLICIT_FEASIBLE_VELOCITY_PREDICTOR dt=1.62760416666666664e-5
IMPLICIT_FEASIBLE_VELOCITY_PREDICTOR dt=1.62760416666666664e-5
IMPLICIT_FEASIBLE_VELOCITY_PREDICTOR dt=1.62760416666666664e-5
IMPLICIT_FEASIBLE_VELOCITY_PREDICTOR dt=1.62760416666666664e-5
IMPLICIT_FEASIBLE_VELOCITY_PREDICTOR dt=1.62760416666666664e-5
IMPLICIT_FEASIBLE_VELOCITY_PREDICTOR dt=1.62760416666666664e-5
IMPLICIT_FEASIBLE_VELOCITY_PREDICTOR dt=1.62760416666666664e-5
IMPLICIT_FEASIBLE_VELOCITY_PREDICTOR dt=1.62760416666666664e-5
IMPLICIT_FEASIBLE_VELOCITY_PREDICTOR dt=1.62760416666666664e-5
IMPLICIT_FEASIBLE_VELOCITY_PREDICTOR dt=1.62760416666666664e-5
IMPLICIT_FEASIBLE_VELOCITY_PREDICTOR dt=1.62760416666666664e-5
IMPLICIT_FEASIBLE_VELOCITY_PREDICTOR dt=1.62760416666666664e-5
IMPLICIT_FEASIBLE_VELOCITY_PREDICTOR dt=1.62760416666666664e-5
IMPLICIT_FEASIBLE_VELOCITY_PREDICTOR dt=1.62760416666666664e-5
IMPLICIT_FEASIBLE_VELOCITY_PREDICTOR dt=1.62760416666666664e-5
IMPLICIT_FEASIBLE_VELOCITY_PREDICTOR dt=1.62760416666666664e-5
IMPLICIT_FEASIBLE_VELOCITY_PREDICTOR dt=1.62760416666666664e-5
IMPLICIT_FEASIBLE_VELOCITY_PREDICTOR dt=1.62760416666666664e-5
IMPLICIT_FEASIBLE_VELOCITY_PREDICTOR dt=1.62760416666666664e-5
IMPLICIT_FEASIBLE_VELOCITY_PREDICTOR dt=1.62760416666666664e-5
IMPLICIT_FEASIBLE_VELOCITY_PREDICTOR dt=1.62760416666666664e-5
IMPLICIT_FEASIBLE_VELOCITY_PREDICTOR dt=1.62760416666666664e-5
IMPLICIT_FEASIBLE_VELOCITY_PREDICTOR dt=1.62760416666666664e-5
IMPLICIT_FEASIBLE_VELOCITY_PREDICTOR dt=1.62760416666666664e-5
IMPLICIT_FEASIBLE_VELOCITY_PREDICTOR dt=1.62760416666666664e-5
IMPLICIT_FEASIBLE_VELOCITY_PREDICTOR dt=1.62760416666666664e-5
IMPLICIT_FEASIBLE_VELOCITY_PREDICTOR dt=1.62760416666666664e-5
IMPLICIT_FEASIBLE_VELOCITY_PREDICTOR dt=1.62760416666666664e-5
IMPLICIT_FEASIBLE_VELOCITY_PREDICTOR dt=1.62760416666666664e-5
IMPLICIT_FEASIBLE_VELOCITY_PREDICTOR dt=1.62760416666666664e-5
IMPLICIT_FEASIBLE_VELOCITY_PREDICTOR dt=1.62760416666666664e-5
IMPLICIT_FEASIBLE_VELOCITY_PREDICTOR dt=1.62760416666666664e-5
IMPLICIT_FEASIBLE_VELOCITY_PREDICTOR dt=1.62760416666666664e-5
IMPLICIT_FEASIBLE_VELOCITY_PREDICTOR dt=1.62760416666666664e-5
IMPLICIT_FEASIBLE_VELOCITY_PREDICTOR dt=1.62760416666666664e-5
IMPLICIT_FEASIBLE_VELOCITY_PREDICTOR dt=1.62760416666666664e-5
IMPLICIT_FEASIBLE_VELOCITY_PREDICTOR dt=1.62760416666666664e-5
IMPLICIT_FEASIBLE_VELOCITY_PREDICTOR dt=1.62760416666666664e-5
IMPLICIT_FEASIBLE_VELOCITY_PREDICTOR dt=1.62760416666666664e-5
IMPLICIT_FEASIBLE_VELOCITY_PREDICTOR dt=1.62760416666666664e-5
IMPLICIT_FEASIBLE_VELOCITY_PREDICTOR dt=1.62760416666666664e-5
IMPLICIT_FEASIBLE_VELOCITY_PREDICTOR dt=1.62760416666666664e-5
IMPLICIT_FEASIBLE_VELOCITY_PREDICTOR dt=1.62760416666666664e-5
IMPLICIT_FEASIBLE_VELOCITY_PREDICTOR dt=1.62760416666666664e-5
IMPLICIT_FEASIBLE_VELOCITY_PREDICTOR dt=1.62760416666666664e-5
IMPLICIT_FEASIBLE_VELOCITY_PREDICTOR dt=1.62760416666666664e-5
IMPLICIT_FEASIBLE_VELOCITY_PREDICTOR dt=1.62760416666666664e-5
IMPLICIT_FEASIBLE_VELOCITY_PREDICTOR dt=1.62760416666666664e-5
IMPLICIT_FEASIBLE_VELOCITY_PREDICTOR dt=1.62760416666666664e-5
IMPLICIT_FEASIBLE_VELOCITY_PREDICTOR dt=1.62760416666666664e-5
IMPLICIT_FEASIBLE_VELOCITY_PREDICTOR dt=1.62760416666666664e-5
IMPLICIT_FEASIBLE_VELOCITY_PREDICTOR dt=1.62760416666666664e-5
IMPLICIT_FEASIBLE_VELOCITY_PREDICTOR dt=1.62760416666666664e-5
IMPLICIT_FEASIBLE_VELOCITY_PREDICTOR dt=1.62760416666666664e-5
IMPLICIT_FEASIBLE_VELOCITY_PREDICTOR dt=1.62760416666666664e-5
IMPLICIT_FEASIBLE_VELOCITY_PREDICTOR dt=1.62760416666666664e-5
IMPLICIT_FEASIBLE_VELOCITY_PREDICTOR dt=1.62760416666666664e-5
IMPLICIT_FEASIBLE_VELOCITY_PREDICTOR dt=1.62760416666666664e-5
IMPLICIT_FEASIBLE_VELOCITY_PREDICTOR dt=1.62760416666666664e-5
IMPLICIT_FEASIBLE_VELOCITY_PREDICTOR dt=1.62760416666666664e-5
IMPLICIT_FEASIBLE_VELOCITY_PREDICTOR dt=1.62760416666666664e-5
IMPLICIT_FEASIBLE_VELOCITY_PREDICTOR dt=1.62760416666666664e-5
IMPLICIT_FEASIBLE_VELOCITY_PREDICTOR dt=1.62760416666666664e-5
IMPLICIT_FEASIBLE_VELOCITY_PREDICTOR dt=1.62760416666666664e-5
IMPLICIT_FEASIBLE_VELOCITY_PREDICTOR dt=1.62760416666666664e-5
IMPLICIT_FEASIBLE_VELOCITY_PREDICTOR dt=1.62760416666666664e-5
IMPLICIT_FEASIBLE_VELOCITY_PREDICTOR dt=1.62760416666666664e-5
IMPLICIT_FEASIBLE_VELOCITY_PREDICTOR dt=1.62760416666666664e-5
IMPLICIT_FEASIBLE_VELOCITY_PREDICTOR dt=1.62760416666666664e-5
IMPLICIT_FEASIBLE_VELOCITY_PREDICTOR dt=1.62760416666666664e-5
IMPLICIT_FEASIBLE_VELOCITY_PREDICTOR dt=1.62760416666666664e-5
IMPLICIT_FEASIBLE_VELOCITY_PREDICTOR dt=1.62760416666666664e-5
IMPLICIT_FEASIBLE_VELOCITY_PREDICTOR dt=1.62760416666666664e-5
IMPLICIT_FEASIBLE_VELOCITY_PREDICTOR dt=1.62760416666666664e-5
IMPLICIT_FEASIBLE_VELOCITY_PREDICTOR dt=1.62760416666666664e-5
IMPLICIT_FEASIBLE_VELOCITY_PREDICTOR dt=1.62760416666666664e-5
IMPLICIT_FEASIBLE_VELOCITY_PREDICTOR dt=1.62760416666666664e-5
IMPLICIT_FEASIBLE_VELOCITY_PREDICTOR dt=1.62760416666666664e-5
IMPLICIT_FEASIBLE_VELOCITY_PREDICTOR dt=1.62760416666666664e-5
IMPLICIT_FEASIBLE_VELOCITY_PREDICTOR dt=1.62760416666666664e-5
IMPLICIT_FEASIBLE_VELOCITY_PREDICTOR dt=1.62760416666666664e-5
IMPLICIT_FEASIBLE_VELOCITY_PREDICTOR dt=1.62760416666666664e-5
IMPLICIT_FEASIBLE_VELOCITY_PREDICTOR dt=1.62760416666666664e-5
IMPLICIT_FEASIBLE_VELOCITY_PREDICTOR dt=1.62760416666666664e-5
IMPLICIT_FEASIBLE_VELOCITY_PREDICTOR dt=1.62760416666666664e-5
IMPLICIT_FEASIBLE_VELOCITY_PREDICTOR dt=1.62760416666666664e-5
IMPLICIT_FEASIBLE_VELOCITY_PREDICTOR dt=1.62760416666666664e-5
IMPLICIT_FEASIBLE_VELOCITY_PREDICTOR dt=1.62760416666666664e-5
IMPLICIT_FEASIBLE_VELOCITY_PREDICTOR dt=1.62760416666666664e-5
IMPLICIT_FEASIBLE_VELOCITY_PREDICTOR dt=1.62760416666666664e-5
IMPLICIT_FEASIBLE_VELOCITY_PREDICTOR dt=1.62760416666666664e-5
IMPLICIT_FEASIBLE_VELOCITY_PREDICTOR dt=1.62760416666666664e-5
IMPLICIT_FEASIBLE_VELOCITY_PREDICTOR dt=1.62760416666666664e-5
IMPLICIT_FEASIBLE_VELOCITY_PREDICTOR dt=1.62760416666666664e-5
IMPLICIT_FEASIBLE_VELOCITY_PREDICTOR dt=1.62760416666666664e-5
IMPLICIT_FEASIBLE_VELOCITY_PREDICTOR dt=1.62760416666666664e-5
IMPLICIT_FEASIBLE_VELOCITY_PREDICTOR dt=1.62760416666666664e-5
IMPLICIT_FEASIBLE_VELOCITY_PREDICTOR dt=1.62760416666666664e-5
IMPLICIT_FEASIBLE_VELOCITY_PREDICTOR dt=1.62760416666666664e-5
IMPLICIT_FEASIBLE_VELOCITY_PREDICTOR dt=1.62760416666666664e-5
IMPLICIT_FEASIBLE_VELOCITY_PREDICTOR dt=1.62760416666666664e-5
IMPLICIT_FEASIBLE_VELOCITY_PREDICTOR dt=1.62760416666666664e-5
IMPLICIT_FEASIBLE_VELOCITY_PREDICTOR dt=1.62760416666666664e-5
IMPLICIT_FEASIBLE_VELOCITY_PREDICTOR dt=1.62760416666666664e-5
IMPLICIT_FEASIBLE_VELOCITY_PREDICTOR dt=1.62760416666666664e-5
IMPLICIT_FEASIBLE_VELOCITY_PREDICTOR dt=1.62760416666666664e-5
IMPLICIT_FEASIBLE_VELOCITY_PREDICTOR dt=1.62760416666666664e-5
IMPLICIT_FEASIBLE_VELOCITY_PREDICTOR dt=1.62760416666666664e-5
IMPLICIT_FEASIBLE_VELOCITY_PREDICTOR dt=1.62760416666666664e-5
IMPLICIT_FEASIBLE_VELOCITY_PREDICTOR dt=1.62760416666666664e-5
IMPLICIT_FEASIBLE_VELOCITY_PREDICTOR dt=1.62760416666666664e-5
IMPLICIT_FEASIBLE_VELOCITY_PREDICTOR dt=1.62760416666666664e-5
IMPLICIT_FEASIBLE_VELOCITY_PREDICTOR dt=1.62760416666666664e-5
IMPLICIT_FEASIBLE_VELOCITY_PREDICTOR dt=1.62760416666666664e-5
IMPLICIT_FEASIBLE_VELOCITY_PREDICTOR dt=1.62760416666666664e-5
IMPLICIT_FEASIBLE_VELOCITY_PREDICTOR dt=1.62760416666666664e-5
IMPLICIT_FEASIBLE_VELOCITY_PREDICTOR dt=1.62760416666666664e-5
IMPLICIT_FEASIBLE_VELOCITY_PREDICTOR dt=1.62760416666666664e-5
IMPLICIT_FEASIBLE_VELOCITY_PREDICTOR dt=1.62760416666666664e-5
IMPLICIT_FEASIBLE_VELOCITY_PREDICTOR dt=1.62760416666666664e-5
IMPLICIT_FEASIBLE_VELOCITY_PREDICTOR dt=1.62760416666666664e-5
IMPLICIT_FEASIBLE_VELOCITY_PREDICTOR dt=1.62760416666666664e-5
IMPLICIT_FEASIBLE_VELOCITY_PREDICTOR dt=1.62760416666666664e-5
IMPLICIT_FEASIBLE_VELOCITY_PREDICTOR dt=1.62760416666666664e-5
IMPLICIT_FEASIBLE_VELOCITY_PREDICTOR dt=1.62760416666666664e-5
IMPLICIT_FEASIBLE_VELOCITY_PREDICTOR dt=1.62760416666666664e-5
IMPLICIT_FEASIBLE_VELOCITY_PREDICTOR dt=1.62760416666666664e-5
IMPLICIT_FEASIBLE_VELOCITY_PREDICTOR dt=1.62760416666666664e-5
IMPLICIT_FEASIBLE_VELOCITY_PREDICTOR dt=1.62760416666666664e-5
IMPLICIT_FEASIBLE_VELOCITY_PREDICTOR dt=1.62760416666666664e-5
IMPLICIT_FEASIBLE_VELOCITY_PREDICTOR dt=1.62760416666666664e-5
IMPLICIT_FEASIBLE_VELOCITY_PREDICTOR dt=1.62760416666666664e-5
IMPLICIT_FEASIBLE_VELOCITY_PREDICTOR dt=1.62760416666666664e-5
IMPLICIT_FEASIBLE_VELOCITY_PREDICTOR dt=1.62760416666666664e-5
IMPLICIT_FEASIBLE_VELOCITY_PREDICTOR dt=1.62760416666666664e-5
IMPLICIT_FEASIBLE_VELOCITY_PREDICTOR dt=1.62760416666666664e-5
IMPLICIT_FEASIBLE_VELOCITY_PREDICTOR dt=1.62760416666666664e-5
IMPLICIT_FEASIBLE_VELOCITY_PREDICTOR dt=1.62760416666666664e-5
IMPLICIT_FEASIBLE_VELOCITY_PREDICTOR dt=1.62760416666666664e-5
IMPLICIT_FEASIBLE_VELOCITY_PREDICTOR dt=1.62760416666666664e-5
IMPLICIT_FEASIBLE_VELOCITY_PREDICTOR dt=1.62760416666666664e-5
IMPLICIT_FEASIBLE_VELOCITY_PREDICTOR dt=1.62760416666666664e-5
IMPLICIT_FEASIBLE_VELOCITY_PREDICTOR dt=1.62760416666666664e-5
IMPLICIT_FEASIBLE_VELOCITY_PREDICTOR dt=1.62760416666666664e-5
IMPLICIT_FEASIBLE_VELOCITY_PREDICTOR dt=1.62760416666666664e-5
IMPLICIT_FEASIBLE_VELOCITY_PREDICTOR dt=1.62760416666666664e-5
IMPLICIT_FEASIBLE_VELOCITY_PREDICTOR dt=1.62760416666666664e-5
IMPLICIT_FEASIBLE_VELOCITY_PREDICTOR dt=1.62760416666666664e-5
IMPLICIT_FEASIBLE_VELOCITY_PREDICTOR dt=1.62760416666666664e-5
IMPLICIT_FEASIBLE_VELOCITY_PREDICTOR dt=1.62760416666666664e-5
IMPLICIT_FEASIBLE_VELOCITY_PREDICTOR dt=1.62760416666666664e-5
IMPLICIT_FEASIBLE_VELOCITY_PREDICTOR dt=1.62760416666666664e-5
IMPLICIT_FEASIBLE_VELOCITY_PREDICTOR dt=1.62760416666666664e-5
IMPLICIT_FEASIBLE_VELOCITY_PREDICTOR dt=1.62760416666666664e-5
IMPLICIT_FEASIBLE_VELOCITY_PREDICTOR dt=1.62760416666666664e-5
IMPLICIT_FEASIBLE_VELOCITY_PREDICTOR dt=1.62760416666666664e-5
IMPLICIT_FEASIBLE_VELOCITY_PREDICTOR dt=1.62760416666666664e-5
IMPLICIT_FEASIBLE_VELOCITY_PREDICTOR dt=1.62760416666666664e-5
IMPLICIT_FEASIBLE_VELOCITY_PREDICTOR dt=1.62760416666666664e-5
IMPLICIT_FEASIBLE_VELOCITY_PREDICTOR dt=1.62760416666666664e-5
IMPLICIT_FEASIBLE_VELOCITY_PREDICTOR dt=1.62760416666666664e-5
IMPLICIT_FEASIBLE_VELOCITY_PREDICTOR dt=1.62760416666666664e-5
IMPLICIT_FEASIBLE_VELOCITY_PREDICTOR dt=1.62760416666666664e-5
IMPLICIT_FEASIBLE_VELOCITY_PREDICTOR dt=1.62760416666666664e-5
IMPLICIT_FEASIBLE_VELOCITY_PREDICTOR dt=1.62760416666666664e-5
IMPLICIT_FEASIBLE_VELOCITY_PREDICTOR dt=1.62760416666666664e-5
IMPLICIT_FEASIBLE_VELOCITY_PREDICTOR dt=1.62760416666666664e-5
IMPLICIT_FEASIBLE_VELOCITY_PREDICTOR dt=1.62760416666666664e-5
IMPLICIT_FEASIBLE_VELOCITY_PREDICTOR dt=1.04166666666666665e-3
IMPLICIT_FEASIBLE_VELOCITY_PREDICTOR dt=1.04166666666666665e-3
IMPLICIT_FEASIBLE_VELOCITY_PREDICTOR dt=1.04166666666666665e-3
IMPLICIT_FEASIBLE_VELOCITY_PREDICTOR dt=3.25520833333333329e-5
IMPLICIT_FEASIBLE_VELOCITY_PREDICTOR dt=1.04166666666666665e-3
IMPLICIT_FEASIBLE_VELOCITY_PREDICTOR dt=3.25520833333333329e-5
IMPLICIT_FEASIBLE_VELOCITY_PREDICTOR dt=1.04166666666666665e-3
IMPLICIT_FEASIBLE_VELOCITY_PREDICTOR dt=1.04166666666666665e-3
IMPLICIT_FEASIBLE_VELOCITY_PREDICTOR dt=3.25520833333333329e-5
IMPLICIT_FEASIBLE_VELOCITY_PREDICTOR dt=1.04166666666666665e-3
IMPLICIT_FEASIBLE_VELOCITY_PREDICTOR dt=1.04166666666666665e-3
IMPLICIT_FEASIBLE_VELOCITY_PREDICTOR dt=1.04166666666666665e-3
IMPLICIT_FEASIBLE_VELOCITY_PREDICTOR dt=1.04166666666666665e-3
IMPLICIT_FEASIBLE_VELOCITY_PREDICTOR dt=3.25520833333333329e-5
IMPLICIT_FEASIBLE_VELOCITY_PREDICTOR dt=1.04166666666666665e-3
IMPLICIT_FEASIBLE_VELOCITY_PREDICTOR dt=1.04166666666666665e-3
IMPLICIT_FEASIBLE_VELOCITY_PREDICTOR dt=3.25520833333333329e-5
IMPLICIT_FEASIBLE_VELOCITY_PREDICTOR dt=3.25520833333333329e-5
IMPLICIT_FEASIBLE_VELOCITY_PREDICTOR dt=3.25520833333333329e-5
IMPLICIT_FEASIBLE_VELOCITY_PREDICTOR dt=3.25520833333333329e-5
IMPLICIT_FEASIBLE_VELOCITY_PREDICTOR dt=3.25520833333333329e-5
IMPLICIT_FEASIBLE_VELOCITY_PREDICTOR dt=3.25520833333333329e-5
IMPLICIT_FEASIBLE_VELOCITY_PREDICTOR dt=3.25520833333333329e-5
IMPLICIT_FEASIBLE_VELOCITY_PREDICTOR dt=3.25520833333333329e-5
IMPLICIT_FEASIBLE_VELOCITY_PREDICTOR dt=3.25520833333333329e-5
IMPLICIT_FEASIBLE_VELOCITY_PREDICTOR dt=3.25520833333333329e-5
IMPLICIT_FEASIBLE_VELOCITY_PREDICTOR dt=3.25520833333333329e-5
IMPLICIT_FEASIBLE_VELOCITY_PREDICTOR dt=3.25520833333333329e-5
IMPLICIT_FEASIBLE_VELOCITY_PREDICTOR dt=3.25520833333333329e-5
IMPLICIT_FEASIBLE_VELOCITY_PREDICTOR dt=3.25520833333333329e-5
IMPLICIT_FEASIBLE_VELOCITY_PREDICTOR dt=3.25520833333333329e-5
IMPLICIT_FEASIBLE_VELOCITY_PREDICTOR dt=3.25520833333333329e-5
IMPLICIT_FEASIBLE_VELOCITY_PREDICTOR dt=3.25520833333333329e-5
IMPLICIT_FEASIBLE_VELOCITY_PREDICTOR dt=3.25520833333333329e-5
IMPLICIT_FEASIBLE_VELOCITY_PREDICTOR dt=3.25520833333333329e-5
IMPLICIT_FEASIBLE_VELOCITY_PREDICTOR dt=3.25520833333333329e-5
IMPLICIT_FEASIBLE_VELOCITY_PREDICTOR dt=3.25520833333333329e-5
IMPLICIT_FEASIBLE_VELOCITY_PREDICTOR dt=3.25520833333333329e-5
IMPLICIT_WORK_COMPONENTS origin=[-0.08244274616780074, 0.6107453242449375, -0.10385084562759006] dt=3.25520833333333329e-5 non_surface_potential_defect_j=-1.32435295369104367e-16 prescribed_surface_defect_j=9.75192867312987546e-6 kinematic_defect_j=7.25665665641867403e-10 arithmetic_remainder_j=-2.18692989851335873e-16
IMPLICIT_WORK_REJECTION dt=3.25520833333333329e-5 defect_j=9.75265433844438904e-6 budget_j=3.90625000000000032e-8 maximum_kinematic_residual_m=7.50903561606928310e-12
IMPLICIT_QUADRATURE_RETRY attempt=0 panels=2 reason="implicit contact work defect"
IMPLICIT_FEASIBLE_VELOCITY_PREDICTOR dt=3.25520833333333329e-5
IMPLICIT_WORK_COMPONENTS origin=[-0.08244274616780074, 0.6107453242449375, -0.10385084562759006] dt=3.25520833333333329e-5 non_surface_potential_defect_j=-5.51425224926127555e-16 prescribed_surface_defect_j=6.41616410631610179e-7 kinematic_defect_j=7.40726897519861505e-12 arithmetic_remainder_j=-3.85166649967350346e-16
IMPLICIT_WORK_REJECTION dt=3.25520833333333329e-5 defect_j=6.41623816963993503e-7 budget_j=3.90625000000000032e-8 maximum_kinematic_residual_m=5.07443106902583790e-14
IMPLICIT_QUADRATURE_RETRY attempt=1 panels=3 reason="implicit contact work defect"
IMPLICIT_FEASIBLE_VELOCITY_PREDICTOR dt=3.25520833333333329e-5
IMPLICIT_WORK_COMPONENTS origin=[-0.08245272763348054, 0.6107509795969355, -0.10385509650965809] dt=3.25520833333333329e-5 non_surface_potential_defect_j=8.47195577580173165e-16 prescribed_surface_defect_j=2.26898504248979467e-4 kinematic_defect_j=5.94830932287797846e-11 arithmetic_remainder_j=3.60740956082002649e-16
IMPLICIT_WORK_REJECTION dt=3.25520833333333329e-5 defect_j=2.26898563733280632e-4 budget_j=3.90625000000000032e-8 maximum_kinematic_residual_m=2.18828789283638785e-14
IMPLICIT_QUADRATURE_RETRY attempt=0 panels=2 reason="implicit contact work defect"
IMPLICIT_WORK_COMPONENTS origin=[-0.08245272763348054, 0.6107509795969355, -0.10385509650965809] dt=3.25520833333333329e-5 non_surface_potential_defect_j=1.34896434300646462e-15 prescribed_surface_defect_j=3.75967602060962717e-5 kinematic_defect_j=-2.05226135619841559e-11 arithmetic_remainder_j=1.03438392969274276e-16
IMPLICIT_WORK_REJECTION dt=3.25520833333333329e-5 defect_j=3.75967396849351124e-5 budget_j=3.90625000000000032e-8 maximum_kinematic_residual_m=7.55632544179756817e-15
IMPLICIT_QUADRATURE_RETRY attempt=1 panels=3 reason="implicit contact work defect"
IMPLICIT_WORK_COMPONENTS origin=[-0.08245272763348054, 0.6107509795969355, -0.10385509650965809] dt=3.25520833333333329e-5 non_surface_potential_defect_j=3.04660810468426746e-16 prescribed_surface_defect_j=3.79812324545616498e-6 kinematic_defect_j=-1.71183871145471332e-10 arithmetic_remainder_j=4.03353966048504821e-16
IMPLICIT_WORK_REJECTION dt=3.25520833333333329e-5 defect_j=3.79795206229303428e-6 budget_j=3.90625000000000032e-8 maximum_kinematic_residual_m=6.30017051999758092e-14
IMPLICIT_QUADRATURE_RETRY attempt=2 panels=4 reason="implicit contact work defect"
IMPLICIT_WORK_COMPONENTS origin=[-0.08245272763348054, 0.6107509795969355, -0.10385509650965809] dt=3.25520833333333329e-5 non_surface_potential_defect_j=1.11065670549415074e-15 prescribed_surface_defect_j=1.78284226115662994e-7 kinematic_defect_j=-1.16394398110222350e-10 arithmetic_remainder_j=-9.09888085896489764e-17
IMPLICIT_WORK_REJECTION dt=3.25520833333333329e-5 defect_j=1.78167832737220668e-7 budget_j=3.90625000000000032e-8 maximum_kinematic_residual_m=4.27144900192973943e-14
IMPLICIT_QUADRATURE_RETRY attempt=3 panels=5 reason="implicit contact work defect"
IMPLICIT_STAGE_REJECTION stage="local contact quadrature" dt=3.25520833333333329e-5 error="closed surface contact gap"
IMPLICIT_FEASIBLE_VELOCITY_PREDICTOR dt=3.25520833333333329e-5
IMPLICIT_WORK_COMPONENTS origin=[-0.08246280650174911, 0.610756634475657, -0.10385926975490263] dt=3.25520833333333329e-5 non_surface_potential_defect_j=-6.87817858224804013e-16 prescribed_surface_defect_j=-2.14628085289525006e-3 kinematic_defect_j=1.04318577599564555e-10 arithmetic_remainder_j=1.26466152126055481e-15
IMPLICIT_WORK_REJECTION dt=3.25520833333333329e-5 defect_j=-2.14628074857609562e-3 budget_j=3.90625000000000032e-8 maximum_kinematic_residual_m=2.92780390724741921e-13
IMPLICIT_QUADRATURE_RETRY attempt=0 panels=2 reason="implicit contact work defect"
IMPLICIT_STAGE_REJECTION stage="local contact quadrature" dt=3.25520833333333329e-5 error="closed surface contact gap"
IMPLICIT_FEASIBLE_VELOCITY_PREDICTOR dt=3.25520833333333329e-5
IMPLICIT_WORK_COMPONENTS origin=[-0.08246280650174911, 0.610756634475657, -0.10385926975490263] dt=3.25520833333333329e-5 non_surface_potential_defect_j=5.68121938382404323e-17 prescribed_surface_defect_j=-1.26614760105376212e-3 kinematic_defect_j=2.14517004242002082e-10 arithmetic_remainder_j=1.61724416484316525e-16
IMPLICIT_WORK_REJECTION dt=3.25520833333333329e-5 defect_j=-1.26614738653653934e-3 budget_j=3.90625000000000032e-8 maximum_kinematic_residual_m=5.36194739054075137e-13
IMPLICIT_QUADRATURE_RETRY attempt=1 panels=3 reason="implicit contact work defect"
IMPLICIT_STAGE_REJECTION stage="local contact quadrature" dt=3.25520833333333329e-5 error="closed surface contact gap"
IMPLICIT_FEASIBLE_VELOCITY_PREDICTOR dt=3.25520833333333329e-5
IMPLICIT_WORK_COMPONENTS origin=[-0.08246280650174911, 0.610756634475657, -0.10385926975490263] dt=3.25520833333333329e-5 non_surface_potential_defect_j=4.08527378592538071e-16 prescribed_surface_defect_j=-6.05411866929869398e-4 kinematic_defect_j=3.07765349258134154e-10 arithmetic_remainder_j=3.02355762141815359e-16
IMPLICIT_WORK_REJECTION dt=3.25520833333333329e-5 defect_j=-6.05411559163809257e-4 budget_j=3.90625000000000032e-8 maximum_kinematic_residual_m=7.13991321984628821e-13
IMPLICIT_QUADRATURE_RETRY attempt=2 panels=4 reason="implicit contact work defect"
IMPLICIT_STAGE_REJECTION stage="local contact quadrature" dt=3.25520833333333329e-5 error="closed surface contact gap"
IMPLICIT_FEASIBLE_VELOCITY_PREDICTOR dt=3.25520833333333329e-5
IMPLICIT_WORK_COMPONENTS origin=[-0.08246280650174911, 0.610756634475657, -0.10385926975490263] dt=3.25520833333333329e-5 non_surface_potential_defect_j=-5.62917767954473902e-16 prescribed_surface_defect_j=-2.11017094213784048e-4 kinematic_defect_j=3.47527043565635169e-10 arithmetic_remainder_j=1.39789719612507639e-15
IMPLICIT_WORK_REJECTION dt=3.25520833333333329e-5 defect_j=-2.11016746685905503e-4 budget_j=3.90625000000000032e-8 maximum_kinematic_residual_m=7.74036891304291305e-13
IMPLICIT_QUADRATURE_RETRY attempt=3 panels=5 reason="implicit contact work defect"
IMPLICIT_STAGE_REJECTION stage="local contact quadrature" dt=3.25520833333333329e-5 error="closed surface contact gap"
IMPLICIT_FEASIBLE_VELOCITY_PREDICTOR dt=3.25520833333333329e-5
IMPLICIT_WORK_COMPONENTS origin=[-0.08246280650174911, 0.610756634475657, -0.10385926975490263] dt=3.25520833333333329e-5 non_surface_potential_defect_j=-6.97358837342676452e-16 prescribed_surface_defect_j=-4.66784643600812871e-5 kinematic_defect_j=3.59466277538122648e-10 arithmetic_remainder_j=7.92077559754860379e-17
IMPLICIT_WORK_REJECTION dt=3.25520833333333329e-5 defect_j=-4.66781048944219000e-5 budget_j=3.90625000000000032e-8 maximum_kinematic_residual_m=7.87687196555659358e-13
IMPLICIT_QUADRATURE_RETRY attempt=4 panels=6 reason="implicit contact work defect"
IMPLICIT_STAGE_REJECTION stage="local contact quadrature" dt=3.25520833333333329e-5 error="closed surface contact gap"
IMPLICIT_FEASIBLE_VELOCITY_PREDICTOR dt=3.25520833333333329e-5
IMPLICIT_WORK_COMPONENTS origin=[-0.08246280650174911, 0.610756634475657, -0.10385926975490263] dt=3.25520833333333329e-5 non_surface_potential_defect_j=-1.51007678583781058e-15 prescribed_surface_defect_j=-5.57454157813399934e-6 kinematic_defect_j=3.65702034176338634e-10 arithmetic_remainder_j=1.13745352640895816e-15
IMPLICIT_WORK_REJECTION dt=3.25520833333333329e-5 defect_j=-5.57417587647244626e-6 budget_j=3.90625000000000032e-8 maximum_kinematic_residual_m=7.98134128232597106e-13
IMPLICIT_QUADRATURE_RETRY attempt=5 panels=7 reason="implicit contact work defect"
IMPLICIT_STAGE_REJECTION stage="local contact quadrature" dt=3.25520833333333329e-5 error="closed surface contact gap"
IMPLICIT_FEASIBLE_VELOCITY_PREDICTOR dt=3.25520833333333329e-5
IMPLICIT_WORK_COMPONENTS origin=[-0.08246280650174911, 0.610756634475657, -0.10385926975490263] dt=3.25520833333333329e-5 non_surface_potential_defect_j=5.20417042793042128e-16 prescribed_surface_defect_j=-3.02600628416494172e-7 kinematic_defect_j=3.67897803187688983e-10 arithmetic_remainder_j=3.25974455364532660e-17
IMPLICIT_WORK_REJECTION dt=3.25520833333333329e-5 defect_j=-3.02232730060291994e-7 budget_j=3.90625000000000032e-8 maximum_kinematic_residual_m=8.02505855008756736e-13
IMPLICIT_QUADRATURE_RETRY attempt=6 panels=8 reason="implicit contact work defect"
IMPLICIT_STAGE_REJECTION stage="local contact quadrature" dt=3.25520833333333329e-5 error="closed surface contact gap"
IMPLICIT_FEASIBLE_VELOCITY_PREDICTOR dt=3.25520833333333329e-5
IMPLICIT_FEASIBLE_VELOCITY_PREDICTOR dt=3.25520833333333329e-5
IMPLICIT_FEASIBLE_VELOCITY_PREDICTOR dt=3.25520833333333329e-5
IMPLICIT_FEASIBLE_VELOCITY_PREDICTOR dt=3.25520833333333329e-5
IMPLICIT_FEASIBLE_VELOCITY_PREDICTOR dt=3.25520833333333329e-5
IMPLICIT_FEASIBLE_VELOCITY_PREDICTOR dt=3.25520833333333329e-5
IMPLICIT_FEASIBLE_VELOCITY_PREDICTOR dt=3.25520833333333329e-5
IMPLICIT_FEASIBLE_VELOCITY_PREDICTOR dt=3.25520833333333329e-5
IMPLICIT_FEASIBLE_VELOCITY_PREDICTOR dt=3.25520833333333329e-5
IMPLICIT_FEASIBLE_VELOCITY_PREDICTOR dt=3.25520833333333329e-5
IMPLICIT_FEASIBLE_VELOCITY_PREDICTOR dt=3.25520833333333329e-5
IMPLICIT_FEASIBLE_VELOCITY_PREDICTOR dt=3.25520833333333329e-5
IMPLICIT_FEASIBLE_VELOCITY_PREDICTOR dt=3.25520833333333329e-5
IMPLICIT_FEASIBLE_VELOCITY_PREDICTOR dt=3.25520833333333329e-5
IMPLICIT_FEASIBLE_VELOCITY_PREDICTOR dt=3.25520833333333329e-5
IMPLICIT_FEASIBLE_VELOCITY_PREDICTOR dt=3.25520833333333329e-5
IMPLICIT_FEASIBLE_VELOCITY_PREDICTOR dt=3.25520833333333329e-5
IMPLICIT_FEASIBLE_VELOCITY_PREDICTOR dt=3.25520833333333329e-5
IMPLICIT_FEASIBLE_VELOCITY_PREDICTOR dt=3.25520833333333329e-5
IMPLICIT_FEASIBLE_VELOCITY_PREDICTOR dt=3.25520833333333329e-5
IMPLICIT_FEASIBLE_VELOCITY_PREDICTOR dt=3.25520833333333329e-5
IMPLICIT_FEASIBLE_VELOCITY_PREDICTOR dt=3.25520833333333329e-5
IMPLICIT_FEASIBLE_VELOCITY_PREDICTOR dt=3.25520833333333329e-5
IMPLICIT_FEASIBLE_VELOCITY_PREDICTOR dt=3.25520833333333329e-5
IMPLICIT_FEASIBLE_VELOCITY_PREDICTOR dt=3.25520833333333329e-5
IMPLICIT_FEASIBLE_VELOCITY_PREDICTOR dt=3.25520833333333329e-5
IMPLICIT_FEASIBLE_VELOCITY_PREDICTOR dt=3.25520833333333329e-5
IMPLICIT_FEASIBLE_VELOCITY_PREDICTOR dt=3.25520833333333329e-5
IMPLICIT_FEASIBLE_VELOCITY_PREDICTOR dt=3.25520833333333329e-5
IMPLICIT_FEASIBLE_VELOCITY_PREDICTOR dt=3.25520833333333329e-5
IMPLICIT_FEASIBLE_VELOCITY_PREDICTOR dt=3.25520833333333329e-5
IMPLICIT_FEASIBLE_VELOCITY_PREDICTOR dt=3.25520833333333329e-5
IMPLICIT_FEASIBLE_VELOCITY_PREDICTOR dt=3.25520833333333329e-5
IMPLICIT_FEASIBLE_VELOCITY_PREDICTOR dt=3.25520833333333329e-5
IMPLICIT_FEASIBLE_VELOCITY_PREDICTOR dt=3.25520833333333329e-5
IMPLICIT_FEASIBLE_VELOCITY_PREDICTOR dt=3.25520833333333329e-5
IMPLICIT_FEASIBLE_VELOCITY_PREDICTOR dt=3.25520833333333329e-5
IMPLICIT_FEASIBLE_VELOCITY_PREDICTOR dt=3.25520833333333329e-5
IMPLICIT_WORK_COMPONENTS origin=[-0.0828772024442828, 0.6109115790437679, -0.10396604979994158] dt=3.25520833333333329e-5 non_surface_potential_defect_j=-1.74773390204663315e-16 prescribed_surface_defect_j=2.87320697730109997e-7 kinematic_defect_j=-8.60314185116188508e-11 arithmetic_remainder_j=2.22076156902316531e-16
IMPLICIT_WORK_REJECTION dt=3.25520833333333329e-5 defect_j=2.87234666358901145e-7 budget_j=3.90625000000000032e-8 maximum_kinematic_residual_m=5.38561069587831058e-13
IMPLICIT_QUADRATURE_RETRY attempt=0 panels=2 reason="implicit contact work defect"
IMPLICIT_FEASIBLE_VELOCITY_PREDICTOR dt=3.25520833333333329e-5
IMPLICIT_WORK_COMPONENTS origin=[-0.08288860992158244, 0.6109135624823144, -0.10396801893407788] dt=3.25520833333333329e-5 non_surface_potential_defect_j=7.32053306862212594e-16 prescribed_surface_defect_j=1.02181620989794976e-4 kinematic_defect_j=-4.60268134183265199e-14 arithmetic_remainder_j=5.91369816410982664e-16
IMPLICIT_WORK_REJECTION dt=3.25520833333333329e-5 defect_j=1.02181620945091586e-4 budget_j=3.90625000000000032e-8 maximum_kinematic_residual_m=4.77567763573815210e-17
IMPLICIT_QUADRATURE_RETRY attempt=0 panels=2 reason="implicit contact work defect"
IMPLICIT_WORK_COMPONENTS origin=[-0.08288860992158244, 0.6109135624823144, -0.10396801893407788] dt=3.25520833333333329e-5 non_surface_potential_defect_j=5.62484087085479700e-16 prescribed_surface_defect_j=1.66394151701393031e-5 kinematic_defect_j=2.40765437863494367e-13 arithmetic_remainder_j=9.08864234821496128e-16
IMPLICIT_WORK_REJECTION dt=3.25520833333333329e-5 defect_j=1.66394154123760893e-5 budget_j=3.90625000000000032e-8 maximum_kinematic_residual_m=1.46269672738372040e-16
IMPLICIT_QUADRATURE_RETRY attempt=1 panels=3 reason="implicit contact work defect"
IMPLICIT_WORK_COMPONENTS origin=[-0.08288860992158244, 0.6109135624823144, -0.10396801893407788] dt=3.25520833333333329e-5 non_surface_potential_defect_j=3.53883589099268647e-16 prescribed_surface_defect_j=1.61765609323332588e-6 kinematic_defect_j=3.69573781033498774e-13 arithmetic_remainder_j=4.94344415764489103e-16
IMPLICIT_WORK_REJECTION dt=3.25520833333333329e-5 defect_j=1.61765646365533491e-6 budget_j=3.90625000000000032e-8 maximum_kinematic_residual_m=2.33273297190307941e-16
IMPLICIT_QUADRATURE_RETRY attempt=2 panels=4 reason="implicit contact work defect"
IMPLICIT_WORK_COMPONENTS origin=[-0.08288860992158244, 0.6109135624823144, -0.10396801893407788] dt=3.25520833333333329e-5 non_surface_potential_defect_j=1.57382787357995824e-15 prescribed_surface_defect_j=7.20127082921503958e-8 kinematic_defect_j=8.94232247601603065e-11 arithmetic_remainder_j=1.06873079806654942e-15
IMPLICIT_WORK_REJECTION dt=3.25520833333333329e-5 defect_j=7.21021341594692278e-8 budget_j=3.90625000000000032e-8 maximum_kinematic_residual_m=5.56372954011694369e-14
IMPLICIT_QUADRATURE_RETRY attempt=3 panels=5 reason="implicit contact work defect"
IMPLICIT_STAGE_REJECTION stage="local contact quadrature" dt=3.25520833333333329e-5 error="closed surface contact gap"
IMPLICIT_FEASIBLE_VELOCITY_PREDICTOR dt=3.25520833333333329e-5
IMPLICIT_WORK_COMPONENTS origin=[-0.082899977444464, 0.6109154396582397, -0.10396996618673701] dt=3.25520833333333329e-5 non_surface_potential_defect_j=8.79071121451246995e-16 prescribed_surface_defect_j=-5.17673903792774956e-4 kinematic_defect_j=3.71216197124696941e-11 arithmetic_remainder_j=-6.25821822749367263e-17
IMPLICIT_WORK_REJECTION dt=3.25520833333333329e-5 defect_j=-5.17673866670338755e-4 budget_j=3.90625000000000032e-8 maximum_kinematic_residual_m=6.36966743456160445e-14
IMPLICIT_QUADRATURE_RETRY attempt=0 panels=2 reason="implicit contact work defect"
IMPLICIT_STAGE_REJECTION stage="local contact quadrature" dt=3.25520833333333329e-5 error="closed surface contact gap"
IMPLICIT_FEASIBLE_VELOCITY_PREDICTOR dt=3.25520833333333329e-5
IMPLICIT_WORK_COMPONENTS origin=[-0.082899977444464, 0.6109154396582397, -0.10396996618673701] dt=3.25520833333333329e-5 non_surface_potential_defect_j=8.13585310233122527e-16 prescribed_surface_defect_j=-2.30926650576664377e-4 kinematic_defect_j=4.45302360854073361e-11 arithmetic_remainder_j=-6.68335253405007851e-16
IMPLICIT_WORK_REJECTION dt=3.25520833333333329e-5 defect_j=-2.30926606046283041e-4 budget_j=3.90625000000000032e-8 maximum_kinematic_residual_m=7.56613298218394154e-14
IMPLICIT_QUADRATURE_RETRY attempt=1 panels=3 reason="implicit contact work defect"
IMPLICIT_STAGE_REJECTION stage="local contact quadrature" dt=3.25520833333333329e-5 error="closed surface contact gap"
IMPLICIT_FEASIBLE_VELOCITY_PREDICTOR dt=3.25520833333333329e-5
IMPLICIT_WORK_COMPONENTS origin=[-0.082899977444464, 0.6109154396582397, -0.10396996618673701] dt=3.25520833333333329e-5 non_surface_potential_defect_j=1.20758437971435484e-15 prescribed_surface_defect_j=-7.23705933574613500e-5 kinematic_defect_j=4.51425799635221897e-11 arithmetic_remainder_j=3.72888890853287011e-16
IMPLICIT_WORK_REJECTION dt=3.25520833333333329e-5 defect_j=-7.23705482133009132e-5 budget_j=3.90625000000000032e-8 maximum_kinematic_residual_m=7.55021147328099190e-14
IMPLICIT_QUADRATURE_RETRY attempt=2 panels=4 reason="implicit contact work defect"
IMPLICIT_STAGE_REJECTION stage="local contact quadrature" dt=3.25520833333333329e-5 error="closed surface contact gap"
IMPLICIT_FEASIBLE_VELOCITY_PREDICTOR dt=3.25520833333333329e-5
IMPLICIT_WORK_COMPONENTS origin=[-0.082899977444464, 0.6109154396582397, -0.10396996618673701] dt=3.25520833333333329e-5 non_surface_potential_defect_j=4.38234518118640892e-16 prescribed_surface_defect_j=-1.37418686654021448e-5 kinematic_defect_j=4.58364256211783293e-11 arithmetic_remainder_j=-4.75351501867324333e-16
IMPLICIT_WORK_REJECTION dt=3.25520833333333329e-5 defect_j=-1.37418228290136406e-5 budget_j=3.90625000000000032e-8 maximum_kinematic_residual_m=7.60953732209350420e-14
IMPLICIT_QUADRATURE_RETRY attempt=3 panels=5 reason="implicit contact work defect"
IMPLICIT_STAGE_REJECTION stage="local contact quadrature" dt=3.25520833333333329e-5 error="closed surface contact gap"
IMPLICIT_FEASIBLE_VELOCITY_PREDICTOR dt=3.25520833333333329e-5
IMPLICIT_WORK_COMPONENTS origin=[-0.082899977444464, 0.6109154396582397, -0.10396996618673701] dt=3.25520833333333329e-5 non_surface_potential_defect_j=-1.23707467880596056e-15 prescribed_surface_defect_j=-1.33906505046777445e-6 kinematic_defect_j=4.68654513017619043e-11 arithmetic_remainder_j=-7.04084278943875597e-16
IMPLICIT_WORK_REJECTION dt=3.25520833333333329e-5 defect_j=-1.33901818695763165e-6 budget_j=3.90625000000000032e-8 maximum_kinematic_residual_m=7.77013866524447691e-14
IMPLICIT_QUADRATURE_RETRY attempt=4 panels=6 reason="implicit contact work defect"
IMPLICIT_STAGE_REJECTION stage="local contact quadrature" dt=3.25520833333333329e-5 error="closed surface contact gap"
IMPLICIT_FEASIBLE_VELOCITY_PREDICTOR dt=3.25520833333333329e-5
IMPLICIT_WORK_COMPONENTS origin=[-0.082899977444464, 0.6109154396582397, -0.10396996618673701] dt=3.25520833333333329e-5 non_surface_potential_defect_j=-4.15466272496445299e-16 prescribed_surface_defect_j=-5.65428359377813730e-8 kinematic_defect_j=4.71540392052936639e-11 arithmetic_remainder_j=-2.23414045442504698e-16
IMPLICIT_WORK_REJECTION dt=3.25520833333333329e-5 defect_j=-5.64956825374563973e-8 budget_j=3.90625000000000032e-8 maximum_kinematic_residual_m=7.81739395574543652e-14
IMPLICIT_QUADRATURE_RETRY attempt=5 panels=7 reason="implicit contact work defect"
IMPLICIT_STAGE_REJECTION stage="local contact quadrature" dt=3.25520833333333329e-5 error="closed surface contact gap"
IMPLICIT_FEASIBLE_VELOCITY_PREDICTOR dt=3.25520833333333329e-5
IMPLICIT_FEASIBLE_VELOCITY_PREDICTOR dt=3.25520833333333329e-5
IMPLICIT_FEASIBLE_VELOCITY_PREDICTOR dt=3.25520833333333329e-5
IMPLICIT_FEASIBLE_VELOCITY_PREDICTOR dt=3.25520833333333329e-5
IMPLICIT_FEASIBLE_VELOCITY_PREDICTOR dt=3.25520833333333329e-5
IMPLICIT_FEASIBLE_VELOCITY_PREDICTOR dt=3.25520833333333329e-5
IMPLICIT_FEASIBLE_VELOCITY_PREDICTOR dt=3.25520833333333329e-5
IMPLICIT_FEASIBLE_VELOCITY_PREDICTOR dt=3.25520833333333329e-5
IMPLICIT_FEASIBLE_VELOCITY_PREDICTOR dt=3.25520833333333329e-5
IMPLICIT_FEASIBLE_VELOCITY_PREDICTOR dt=3.25520833333333329e-5
IMPLICIT_FEASIBLE_VELOCITY_PREDICTOR dt=3.25520833333333329e-5
IMPLICIT_LINE_SEARCH_REJECTION iteration=22 dt=3.25520833333333329e-5 weighted_residual_j=2.13657443645526961e-2 residual_budget_j=9.99999999999999980e-13 slope_j=-2.12847709500436910e-2 objective_noise_j=1.53969448904096296e-11 alpha=3.55271367880050093e-15 gap_trials=48 volume_trials=48 safe_trials=0 objective_trials=0 smallest_objective_change_j=inf smallest_trial_norm_j=inf
IMPLICIT_QUADRATURE_RETRY attempt=0 panels=2 reason="implicit contact path quadrature refinement"
IMPLICIT_LINE_SEARCH_REJECTION iteration=24 dt=3.25520833333333329e-5 weighted_residual_j=1.99702980423117696e-2 residual_budget_j=9.99999999999999980e-13 slope_j=-1.98538064904314956e-2 objective_noise_j=1.66122245585167884e-11 alpha=3.55271367880050093e-15 gap_trials=48 volume_trials=48 safe_trials=0 objective_trials=0 smallest_objective_change_j=inf smallest_trial_norm_j=inf
IMPLICIT_QUADRATURE_RETRY attempt=1 panels=3 reason="implicit contact path quadrature refinement"
IMPLICIT_LINE_SEARCH_REJECTION iteration=26 dt=3.25520833333333329e-5 weighted_residual_j=7.23115114778545044e-4 residual_budget_j=9.99999999999999980e-13 slope_j=-7.07986908618845495e-4 objective_noise_j=1.78334152677957636e-11 alpha=3.55271367880050093e-15 gap_trials=48 volume_trials=48 safe_trials=0 objective_trials=0 smallest_objective_change_j=inf smallest_trial_norm_j=inf
IMPLICIT_QUADRATURE_RETRY attempt=2 panels=4 reason="implicit contact path quadrature refinement"
IMPLICIT_LINE_SEARCH_REJECTION iteration=29 dt=3.25520833333333329e-5 weighted_residual_j=5.31931331119155667e-4 residual_budget_j=9.99999999999999980e-13 slope_j=-2.11515627667893040e-4 objective_noise_j=1.90626102104786992e-11 alpha=3.55271367880050093e-15 gap_trials=48 volume_trials=48 safe_trials=0 objective_trials=0 smallest_objective_change_j=inf smallest_trial_norm_j=inf
IMPLICIT_QUADRATURE_RETRY attempt=3 panels=5 reason="implicit contact path quadrature refinement"
IMPLICIT_LINE_SEARCH_REJECTION iteration=35 dt=3.25520833333333329e-5 weighted_residual_j=3.83290017301903126e-4 residual_budget_j=9.99999999999999980e-13 slope_j=-1.22628268346194148e-4 objective_noise_j=2.02937055374907255e-11 alpha=3.55271367880050093e-15 gap_trials=48 volume_trials=48 safe_trials=0 objective_trials=0 smallest_objective_change_j=inf smallest_trial_norm_j=inf
IMPLICIT_QUADRATURE_RETRY attempt=4 panels=6 reason="implicit contact path quadrature refinement"
IMPLICIT_LINE_SEARCH_REJECTION iteration=34 dt=3.25520833333333329e-5 weighted_residual_j=1.92439980338573780e-4 residual_budget_j=9.99999999999999980e-13 slope_j=-1.25895277309253143e-4 objective_noise_j=2.15243704015855208e-11 alpha=3.55271367880050093e-15 gap_trials=48 volume_trials=48 safe_trials=0 objective_trials=0 smallest_objective_change_j=inf smallest_trial_norm_j=inf
IMPLICIT_QUADRATURE_RETRY attempt=5 panels=7 reason="implicit contact path quadrature refinement"
IMPLICIT_LINE_SEARCH_REJECTION iteration=30 dt=3.25520833333333329e-5 weighted_residual_j=9.10445128247414710e-5 residual_budget_j=9.99999999999999980e-13 slope_j=-8.64661902806427829e-6 objective_noise_j=2.27553855579683967e-11 alpha=1.42108547152020037e-14 gap_trials=46 volume_trials=46 safe_trials=0 objective_trials=0 smallest_objective_change_j=inf smallest_trial_norm_j=inf
IMPLICIT_QUADRATURE_RETRY attempt=6 panels=8 reason="implicit contact path quadrature refinement"
IMPLICIT_LINE_SEARCH_REJECTION iteration=38 dt=3.25520833333333329e-5 weighted_residual_j=2.63161228804525209e-5 residual_budget_j=9.99999999999999980e-13 slope_j=-7.39933076338743534e-7 objective_noise_j=2.39864396896774184e-11 alpha=5.68434188608080149e-14 gap_trials=44 volume_trials=44 safe_trials=0 objective_trials=0 smallest_objective_change_j=inf smallest_trial_norm_j=inf
IMPLICIT_QUADRATURE_RETRY attempt=7 panels=9 reason="implicit contact path quadrature refinement"
IMPLICIT_LINE_SEARCH_REJECTION iteration=40 dt=3.25520833333333329e-5 weighted_residual_j=6.50756260183737458e-7 residual_budget_j=9.99999999999999980e-13 slope_j=-8.68917180120810498e-8 objective_noise_j=2.52174282256385888e-11 alpha=1.13686837721616030e-13 gap_trials=43 volume_trials=43 safe_trials=0 objective_trials=0 smallest_objective_change_j=inf smallest_trial_norm_j=inf
IMPLICIT_QUADRATURE_RETRY attempt=8 panels=10 reason="implicit contact path quadrature refinement"
IMPLICIT_WORK_COMPONENTS origin=[-0.08302194763771464, 0.6109301077486063, -0.10399065165576296] dt=3.25520833333333329e-5 non_surface_potential_defect_j=-9.37834879199961335e-16 prescribed_surface_defect_j=8.82008984125366149e-4 kinematic_defect_j=4.91300591475937634e-12 arithmetic_remainder_j=3.85393638253602247e-16
IMPLICIT_WORK_REJECTION dt=3.25520833333333329e-5 defect_j=8.82008989037819623e-4 budget_j=3.90625000000000032e-8 maximum_kinematic_residual_m=4.89795785310262466e-15
IMPLICIT_QUADRATURE_RETRY attempt=9 panels=11 reason="implicit contact work defect"
IMPLICIT_WORK_COMPONENTS origin=[-0.08302194763771464, 0.6109301077486063, -0.10399065165576296] dt=3.25520833333333329e-5 non_surface_potential_defect_j=-2.77187127417644064e-15 prescribed_surface_defect_j=1.83544909992861856e-4 kinematic_defect_j=-2.23549328928510592e-12 arithmetic_remainder_j=1.01289343327148028e-15
IMPLICIT_WORK_REJECTION dt=3.25520833333333329e-5 defect_j=1.83544907755609589e-4 budget_j=3.90625000000000032e-8 maximum_kinematic_residual_m=2.24711742269345649e-15
IMPLICIT_QUADRATURE_RETRY attempt=10 panels=12 reason="implicit contact work defect"
IMPLICIT_WORK_COMPONENTS origin=[-0.08302194763771464, 0.6109301077486063, -0.10399065165576296] dt=3.25520833333333329e-5 non_surface_potential_defect_j=-1.67335763301412754e-15 prescribed_surface_defect_j=3.01203814758808146e-5 kinematic_defect_j=1.28023054583561091e-11 arithmetic_remainder_j=3.06810580088558160e-16
IMPLICIT_WORK_REJECTION dt=3.25520833333333329e-5 defect_j=3.01203942768197259e-5 budget_j=3.90625000000000032e-8 maximum_kinematic_residual_m=1.27642715190903755e-14
IMPLICIT_QUADRATURE_RETRY attempt=11 panels=13 reason="implicit contact work defect"
IMPLICIT_WORK_COMPONENTS origin=[-0.08302194763771464, 0.6109301077486063, -0.10399065165576296] dt=3.25520833333333329e-5 non_surface_potential_defect_j=-2.30306225479370852e-15 prescribed_surface_defect_j=2.85706661675800487e-6 kinematic_defect_j=2.71817427348412913e-11 arithmetic_remainder_j=3.62356247912416600e-16
IMPLICIT_WORK_REJECTION dt=3.25520833333333329e-5 defect_j=2.85709379656003370e-6 budget_j=3.90625000000000032e-8 maximum_kinematic_residual_m=2.70943071581028483e-14
IMPLICIT_QUADRATURE_RETRY attempt=12 panels=14 reason="implicit contact work defect"
IMPLICIT_WORK_COMPONENTS origin=[-0.08302194763771464, 0.6109301077486063, -0.10399065165576296] dt=3.25520833333333329e-5 non_surface_potential_defect_j=-1.25875872225567065e-15 prescribed_surface_defect_j=1.22574861133890997e-7 kinematic_defect_j=2.94295762914926410e-11 arithmetic_remainder_j=4.51567663741370834e-16
IMPLICIT_WORK_REJECTION dt=3.25520833333333329e-5 defect_j=1.22604289902991431e-7 budget_j=3.90625000000000032e-8 maximum_kinematic_residual_m=2.93332286899986722e-14
IMPLICIT_QUADRATURE_RETRY attempt=13 panels=15 reason="implicit contact work defect"
IMPLICIT_STAGE_REJECTION stage="local contact quadrature" dt=3.25520833333333329e-5 error="closed surface contact gap"
IMPLICIT_INFEASIBLE_PREDICTOR dt=3.25520833333333329e-5 internal_gap_open=true volume_open=true ccd=Ok(Some(6.035352976482169e-5)) nearest=Ok(Some(PrescribedContactFeature { distance_m: 9.038951460193854e-5, gap_m: -9.610485398061464e-6, body_face: [11, 6, 10], obstacle_face_index: 3062, body_weights: [0.0, 0.05221761427900662, 0.9477823857209934], obstacle_weights: [0.0897799235821259, 0.0, 0.9102200764178741] }))
IMPLICIT_RESTORED_CONTACT_GUESS dt=3.25520833333333329e-5
IMPLICIT_WORK_COMPONENTS origin=[-0.08303273555008904, 0.6109310067853376, -0.10399252814646696] dt=3.25520833333333329e-5 non_surface_potential_defect_j=7.73795090502904515e-16 prescribed_surface_defect_j=-7.59001479117990454e-3 kinematic_defect_j=-2.81204505151629578e-11 arithmetic_remainder_j=-9.34913462564881254e-16
IMPLICIT_WORK_REJECTION dt=3.25520833333333329e-5 defect_j=-7.59001481930051628e-3 budget_j=3.90625000000000032e-8 maximum_kinematic_residual_m=3.73525707163691739e-14
IMPLICIT_QUADRATURE_RETRY attempt=0 panels=2 reason="implicit contact work defect"
IMPLICIT_STAGE_REJECTION stage="local contact quadrature" dt=3.25520833333333329e-5 error="closed surface contact gap"
IMPLICIT_INFEASIBLE_PREDICTOR dt=3.25520833333333329e-5 internal_gap_open=true volume_open=true ccd=Ok(Some(6.035352976482169e-5)) nearest=Ok(Some(PrescribedContactFeature { distance_m: 9.038951460193854e-5, gap_m: -9.610485398061464e-6, body_face: [11, 6, 10], obstacle_face_index: 3062, body_weights: [0.0, 0.05221761427900662, 0.9477823857209934], obstacle_weights: [0.0897799235821259, 0.0, 0.9102200764178741] }))
IMPLICIT_RESTORED_CONTACT_GUESS dt=3.25520833333333329e-5
IMPLICIT_WORK_COMPONENTS origin=[-0.08303273555008904, 0.6109310067853376, -0.10399252814646696] dt=3.25520833333333329e-5 non_surface_potential_defect_j=2.51860164668382680e-16 prescribed_surface_defect_j=-6.55262303272285355e-3 kinematic_defect_j=3.09795217495275300e-10 arithmetic_remainder_j=-8.58926348624934784e-16
IMPLICIT_WORK_REJECTION dt=3.25520833333333329e-5 defect_j=-6.55262272292824344e-3 budget_j=3.90625000000000032e-8 maximum_kinematic_residual_m=1.55254152056931351e-13
IMPLICIT_QUADRATURE_RETRY attempt=1 panels=3 reason="implicit contact work defect"
IMPLICIT_STAGE_REJECTION stage="local contact quadrature" dt=3.25520833333333329e-5 error="closed surface contact gap"
IMPLICIT_INFEASIBLE_PREDICTOR dt=3.25520833333333329e-5 internal_gap_open=true volume_open=true ccd=Ok(Some(6.035352976482169e-5)) nearest=Ok(Some(PrescribedContactFeature { distance_m: 9.038951460193854e-5, gap_m: -9.610485398061464e-6, body_face: [11, 6, 10], obstacle_face_index: 3062, body_weights: [0.0, 0.05221761427900662, 0.9477823857209934], obstacle_weights: [0.0897799235821259, 0.0, 0.9102200764178741] }))
IMPLICIT_RESTORED_CONTACT_GUESS dt=3.25520833333333329e-5
IMPLICIT_WORK_COMPONENTS origin=[-0.08303273555008904, 0.6109310067853376, -0.10399252814646696] dt=3.25520833333333329e-5 non_surface_potential_defect_j=-1.78871674416658522e-15 prescribed_surface_defect_j=-5.49803955414176777e-3 kinematic_defect_j=2.58342152356343525e-12 arithmetic_remainder_j=-1.20756701553893613e-15
IMPLICIT_WORK_REJECTION dt=3.25520833333333329e-5 defect_j=-5.49803955156134231e-3 budget_j=3.90625000000000032e-8 maximum_kinematic_residual_m=1.54757662847865296e-15
IMPLICIT_QUADRATURE_RETRY attempt=2 panels=4 reason="implicit contact work defect"
IMPLICIT_STAGE_REJECTION stage="local contact quadrature" dt=3.25520833333333329e-5 error="closed surface contact gap"
IMPLICIT_INFEASIBLE_PREDICTOR dt=3.25520833333333329e-5 internal_gap_open=true volume_open=true ccd=Ok(Some(6.035352976482169e-5)) nearest=Ok(Some(PrescribedContactFeature { distance_m: 9.038951460193854e-5, gap_m: -9.610485398061464e-6, body_face: [11, 6, 10], obstacle_face_index: 3062, body_weights: [0.0, 0.05221761427900662, 0.9477823857209934], obstacle_weights: [0.0897799235821259, 0.0, 0.9102200764178741] }))
IMPLICIT_RESTORED_CONTACT_GUESS dt=3.25520833333333329e-5
IMPLICIT_WORK_COMPONENTS origin=[-0.08303273555008904, 0.6109310067853376, -0.10399252814646696] dt=3.25520833333333329e-5 non_surface_potential_defect_j=-7.12320827322976413e-17 prescribed_surface_defect_j=-4.44155855939302492e-3 kinematic_defect_j=8.52105775313473498e-12 arithmetic_remainder_j=-8.17684102664886087e-16
IMPLICIT_WORK_REJECTION dt=3.25520833333333329e-5 defect_j=-4.44155855087285598e-3 budget_j=3.90625000000000032e-8 maximum_kinematic_residual_m=3.68481016099070358e-15
IMPLICIT_QUADRATURE_RETRY attempt=3 panels=5 reason="implicit contact work defect"
IMPLICIT_STAGE_REJECTION stage="local contact quadrature" dt=3.25520833333333329e-5 error="closed surface contact gap"
IMPLICIT_INFEASIBLE_PREDICTOR dt=3.25520833333333329e-5 internal_gap_open=true volume_open=true ccd=Ok(Some(6.035352976482169e-5)) nearest=Ok(Some(PrescribedContactFeature { distance_m: 9.038951460193854e-5, gap_m: -9.610485398061464e-6, body_face: [11, 6, 10], obstacle_face_index: 3062, body_weights: [0.0, 0.05221761427900662, 0.9477823857209934], obstacle_weights: [0.0897799235821259, 0.0, 0.9102200764178741] }))
IMPLICIT_RESTORED_CONTACT_GUESS dt=3.25520833333333329e-5
IMPLICIT_WORK_COMPONENTS origin=[-0.08303273555008904, 0.6109310067853376, -0.10399252814646696] dt=3.25520833333333329e-5 non_surface_potential_defect_j=2.36572914036337068e-16 prescribed_surface_defect_j=-3.40395889220550165e-3 kinematic_defect_j=2.91771757918017106e-11 arithmetic_remainder_j=-9.50120245066937708e-16
IMPLICIT_WORK_REJECTION dt=3.25520833333333329e-5 defect_j=-3.40395886302903962e-3 budget_j=3.90625000000000032e-8 maximum_kinematic_residual_m=1.27501607972220661e-14
IMPLICIT_QUADRATURE_RETRY attempt=4 panels=6 reason="implicit contact work defect"
IMPLICIT_STAGE_REJECTION stage="local contact quadrature" dt=3.25520833333333329e-5 error="closed surface contact gap"
IMPLICIT_INFEASIBLE_PREDICTOR dt=3.25520833333333329e-5 internal_gap_open=true volume_open=true ccd=Ok(Some(6.035352976482169e-5)) nearest=Ok(Some(PrescribedContactFeature { distance_m: 9.038951460193854e-5, gap_m: -9.610485398061464e-6, body_face: [11, 6, 10], obstacle_face_index: 3062, body_weights: [0.0, 0.05221761427900662, 0.9477823857209934], obstacle_weights: [0.0897799235821259, 0.0, 0.9102200764178741] }))
IMPLICIT_RESTORED_CONTACT_GUESS dt=3.25520833333333329e-5
IMPLICIT_WORK_COMPONENTS origin=[-0.08303273555008904, 0.6109310067853376, -0.10399252814646696] dt=3.25520833333333329e-5 non_surface_potential_defect_j=-1.58748882095327559e-15 prescribed_surface_defect_j=-2.41735869919284304e-3 kinematic_defect_j=1.41878865941564533e-10 arithmetic_remainder_j=-8.29712394032370779e-16
IMPLICIT_WORK_REJECTION dt=3.25520833333333329e-5 defect_j=-2.41735855731639452e-3 budget_j=3.90625000000000032e-8 maximum_kinematic_residual_m=6.14041847560699641e-14
IMPLICIT_QUADRATURE_RETRY attempt=5 panels=7 reason="implicit contact work defect"
IMPLICIT_STAGE_REJECTION stage="local contact quadrature" dt=3.25520833333333329e-5 error="closed surface contact gap"
IMPLICIT_INFEASIBLE_PREDICTOR dt=3.25520833333333329e-5 internal_gap_open=true volume_open=true ccd=Ok(Some(6.035352976482169e-5)) nearest=Ok(Some(PrescribedContactFeature { distance_m: 9.038951460193854e-5, gap_m: -9.610485398061464e-6, body_face: [11, 6, 10], obstacle_face_index: 3062, body_weights: [0.0, 0.05221761427900662, 0.9477823857209934], obstacle_weights: [0.0897799235821259, 0.0, 0.9102200764178741] }))
IMPLICIT_RESTORED_CONTACT_GUESS dt=3.25520833333333329e-5
IMPLICIT_WORK_COMPONENTS origin=[-0.08303273555008904, 0.6109310067853376, -0.10399252814646696] dt=3.25520833333333329e-5 non_surface_potential_defect_j=1.49511479585751061e-16 prescribed_surface_defect_j=-1.53154840269143400e-3 kinematic_defect_j=3.78092731826058532e-10 arithmetic_remainder_j=-4.84428306930101416e-16
IMPLICIT_WORK_REJECTION dt=3.25520833333333329e-5 defect_j=-1.53154802459903698e-3 budget_j=3.90625000000000032e-8 maximum_kinematic_residual_m=1.60978739527654815e-13
IMPLICIT_QUADRATURE_RETRY attempt=6 panels=8 reason="implicit contact work defect"
IMPLICIT_STAGE_REJECTION stage="local contact quadrature" dt=3.25520833333333329e-5 error="closed surface contact gap"
IMPLICIT_INFEASIBLE_PREDICTOR dt=3.25520833333333329e-5 internal_gap_open=true volume_open=true ccd=Ok(Some(6.035352976482169e-5)) nearest=Ok(Some(PrescribedContactFeature { distance_m: 9.038951460193854e-5, gap_m: -9.610485398061464e-6, body_face: [11, 6, 10], obstacle_face_index: 3062, body_weights: [0.0, 0.05221761427900662, 0.9477823857209934], obstacle_weights: [0.0897799235821259, 0.0, 0.9102200764178741] }))
IMPLICIT_RESTORED_CONTACT_GUESS dt=3.25520833333333329e-5
IMPLICIT_WORK_COMPONENTS origin=[-0.08303273555008904, 0.6109310067853376, -0.10399252814646696] dt=3.25520833333333329e-5 non_surface_potential_defect_j=-6.35125632642008497e-16 prescribed_surface_defect_j=-8.14530358533385648e-4 kinematic_defect_j=5.77487026035899086e-10 arithmetic_remainder_j=-2.29589127386225361e-16
IMPLICIT_WORK_REJECTION dt=3.25520833333333329e-5 defect_j=-8.14529781047224326e-4 budget_j=3.90625000000000032e-8 maximum_kinematic_residual_m=2.42509114054207178e-13
IMPLICIT_QUADRATURE_RETRY attempt=7 panels=9 reason="implicit contact work defect"
IMPLICIT_STAGE_REJECTION stage="local contact quadrature" dt=3.25520833333333329e-5 error="closed surface contact gap"
IMPLICIT_INFEASIBLE_PREDICTOR dt=3.25520833333333329e-5 internal_gap_open=true volume_open=true ccd=Ok(Some(6.035352976482169e-5)) nearest=Ok(Some(PrescribedContactFeature { distance_m: 9.038951460193854e-5, gap_m: -9.610485398061464e-6, body_face: [11, 6, 10], obstacle_face_index: 3062, body_weights: [0.0, 0.05221761427900662, 0.9477823857209934], obstacle_weights: [0.0897799235821259, 0.0, 0.9102200764178741] }))
IMPLICIT_RESTORED_CONTACT_GUESS dt=3.25520833333333329e-5
IMPLICIT_WORK_COMPONENTS origin=[-0.08303273555008904, 0.6109310067853376, -0.10399252814646696] dt=3.25520833333333329e-5 non_surface_potential_defect_j=-9.58434720477185920e-16 prescribed_surface_defect_j=-3.31157437462749999e-4 kinematic_defect_j=7.96661661742496460e-10 arithmetic_remainder_j=-8.40446419056450900e-16
IMPLICIT_WORK_REJECTION dt=3.25520833333333329e-5 defect_j=-3.31156640802887138e-4 budget_j=3.90625000000000032e-8 maximum_kinematic_residual_m=3.31521883716371334e-13
IMPLICIT_QUADRATURE_RETRY attempt=8 panels=10 reason="implicit contact work defect"
IMPLICIT_STAGE_REJECTION stage="local contact quadrature" dt=3.25520833333333329e-5 error="closed surface contact gap"
IMPLICIT_INFEASIBLE_PREDICTOR dt=3.25520833333333329e-5 internal_gap_open=true volume_open=true ccd=Ok(Some(6.035352976482169e-5)) nearest=Ok(Some(PrescribedContactFeature { distance_m: 9.038951460193854e-5, gap_m: -9.610485398061464e-6, body_face: [11, 6, 10], obstacle_face_index: 3062, body_weights: [0.0, 0.05221761427900662, 0.9477823857209934], obstacle_weights: [0.0897799235821259, 0.0, 0.9102200764178741] }))
IMPLICIT_RESTORED_CONTACT_GUESS dt=3.25520833333333329e-5
IMPLICIT_WORK_COMPONENTS origin=[-0.08303273555008904, 0.6109310067853376, -0.10399252814646696] dt=3.25520833333333329e-5 non_surface_potential_defect_j=-2.90457762008866638e-16 prescribed_surface_defect_j=-9.03869230370484179e-5 kinematic_defect_j=9.00245795904559690e-10 arithmetic_remainder_j=-2.46031730958325839e-16
IMPLICIT_WORK_REJECTION dt=3.25520833333333329e-5 defect_j=-9.03860227917890029e-5 budget_j=3.90625000000000032e-8 maximum_kinematic_residual_m=3.72942516509177681e-13
IMPLICIT_QUADRATURE_RETRY attempt=9 panels=11 reason="implicit contact work defect"
IMPLICIT_STAGE_REJECTION stage="local contact quadrature" dt=3.25520833333333329e-5 error="closed surface contact gap"
IMPLICIT_INFEASIBLE_PREDICTOR dt=3.25520833333333329e-5 internal_gap_open=true volume_open=true ccd=Ok(Some(6.035352976482169e-5)) nearest=Ok(Some(PrescribedContactFeature { distance_m: 9.038951460193854e-5, gap_m: -9.610485398061464e-6, body_face: [11, 6, 10], obstacle_face_index: 3062, body_weights: [0.0, 0.05221761427900662, 0.9477823857209934], obstacle_weights: [0.0897799235821259, 0.0, 0.9102200764178741] }))
IMPLICIT_RESTORED_CONTACT_GUESS dt=3.25520833333333329e-5
IMPLICIT_WORK_COMPONENTS origin=[-0.08303273555008904, 0.6109310067853376, -0.10399252814646696] dt=3.25520833333333329e-5 non_surface_potential_defect_j=-5.86119694445663697e-16 prescribed_surface_defect_j=-1.41640064388654814e-5 kinematic_defect_j=9.65179381738131770e-10 arithmetic_remainder_j=-6.05063162794532497e-17
IMPLICIT_WORK_REJECTION dt=3.25520833333333329e-5 defect_j=-1.41630412601303693e-5 budget_j=3.90625000000000032e-8 maximum_kinematic_residual_m=3.99278444576417653e-13
IMPLICIT_QUADRATURE_RETRY attempt=10 panels=12 reason="implicit contact work defect"
IMPLICIT_STAGE_REJECTION stage="local contact quadrature" dt=3.25520833333333329e-5 error="closed surface contact gap"
IMPLICIT_INFEASIBLE_PREDICTOR dt=3.25520833333333329e-5 internal_gap_open=true volume_open=true ccd=Ok(Some(6.035352976482169e-5)) nearest=Ok(Some(PrescribedContactFeature { distance_m: 9.038951460193854e-5, gap_m: -9.610485398061464e-6, body_face: [11, 6, 10], obstacle_face_index: 3062, body_weights: [0.0, 0.05221761427900662, 0.9477823857209934], obstacle_weights: [0.0897799235821259, 0.0, 0.9102200764178741] }))
IMPLICIT_RESTORED_CONTACT_GUESS dt=3.25520833333333329e-5
IMPLICIT_WORK_COMPONENTS origin=[-0.08303273555008904, 0.6109310067853376, -0.10399252814646696] dt=3.25520833333333329e-5 non_surface_potential_defect_j=-1.42138904812849631e-15 prescribed_surface_defect_j=-1.07676863741863423e-6 kinematic_defect_j=9.59128018855631652e-10 arithmetic_remainder_j=-3.41390276643741344e-17
IMPLICIT_WORK_REJECTION dt=3.25520833333333329e-5 defect_j=-1.07580951085530668e-6 budget_j=3.90625000000000032e-8 maximum_kinematic_residual_m=3.96674121501405796e-13
IMPLICIT_QUADRATURE_RETRY attempt=11 panels=13 reason="implicit contact work defect"
IMPLICIT_STAGE_REJECTION stage="local contact quadrature" dt=3.25520833333333329e-5 error="closed surface contact gap"
IMPLICIT_INFEASIBLE_PREDICTOR dt=3.25520833333333329e-5 internal_gap_open=true volume_open=true ccd=Ok(Some(6.035352976482169e-5)) nearest=Ok(Some(PrescribedContactFeature { distance_m: 9.038951460193854e-5, gap_m: -9.610485398061464e-6, body_face: [11, 6, 10], obstacle_face_index: 3062, body_weights: [0.0, 0.05221761427900662, 0.9477823857209934], obstacle_weights: [0.0897799235821259, 0.0, 0.9102200764178741] }))
IMPLICIT_RESTORED_CONTACT_GUESS dt=3.25520833333333329e-5
IMPLICIT_FEASIBLE_VELOCITY_PREDICTOR dt=3.25520833333333329e-5
IMPLICIT_WORK_COMPONENTS origin=[-0.08304347150698219, 0.6109318526445117, -0.10399441348427121] dt=3.25520833333333329e-5 non_surface_potential_defect_j=-3.64291929955129490e-16 prescribed_surface_defect_j=-1.42691135859820660e-7 kinematic_defect_j=5.34279951408346879e-14 arithmetic_remainder_j=3.44908957385754115e-16
IMPLICIT_WORK_REJECTION dt=3.25520833333333329e-5 defect_j=-1.42691082451208492e-7 budget_j=3.90625000000000032e-8 maximum_kinematic_residual_m=2.43439674614456120e-14
IMPLICIT_QUADRATURE_RETRY attempt=0 panels=2 reason="implicit contact work defect"
IMPLICIT_FEASIBLE_VELOCITY_PREDICTOR dt=3.25520833333333329e-5
IMPLICIT_FEASIBLE_VELOCITY_PREDICTOR dt=3.25520833333333329e-5
IMPLICIT_FEASIBLE_VELOCITY_PREDICTOR dt=3.25520833333333329e-5
IMPLICIT_FEASIBLE_VELOCITY_PREDICTOR dt=3.25520833333333329e-5
IMPLICIT_FEASIBLE_VELOCITY_PREDICTOR dt=3.25520833333333329e-5
IMPLICIT_FEASIBLE_VELOCITY_PREDICTOR dt=3.25520833333333329e-5
IMPLICIT_FEASIBLE_VELOCITY_PREDICTOR dt=3.25520833333333329e-5
IMPLICIT_FEASIBLE_VELOCITY_PREDICTOR dt=3.25520833333333329e-5
IMPLICIT_FEASIBLE_VELOCITY_PREDICTOR dt=3.25520833333333329e-5
IMPLICIT_FEASIBLE_VELOCITY_PREDICTOR dt=3.25520833333333329e-5
IMPLICIT_FEASIBLE_VELOCITY_PREDICTOR dt=3.25520833333333329e-5
IMPLICIT_FEASIBLE_VELOCITY_PREDICTOR dt=3.25520833333333329e-5
IMPLICIT_FEASIBLE_VELOCITY_PREDICTOR dt=3.25520833333333329e-5
IMPLICIT_FEASIBLE_VELOCITY_PREDICTOR dt=3.25520833333333329e-5
IMPLICIT_FEASIBLE_VELOCITY_PREDICTOR dt=3.25520833333333329e-5
IMPLICIT_FEASIBLE_VELOCITY_PREDICTOR dt=3.25520833333333329e-5
IMPLICIT_FEASIBLE_VELOCITY_PREDICTOR dt=3.25520833333333329e-5
IMPLICIT_FEASIBLE_VELOCITY_PREDICTOR dt=3.25520833333333329e-5
IMPLICIT_FEASIBLE_VELOCITY_PREDICTOR dt=3.25520833333333329e-5
IMPLICIT_FEASIBLE_VELOCITY_PREDICTOR dt=3.25520833333333329e-5
IMPLICIT_FEASIBLE_VELOCITY_PREDICTOR dt=3.25520833333333329e-5
IMPLICIT_FEASIBLE_VELOCITY_PREDICTOR dt=3.25520833333333329e-5
IMPLICIT_FEASIBLE_VELOCITY_PREDICTOR dt=3.25520833333333329e-5
IMPLICIT_FEASIBLE_VELOCITY_PREDICTOR dt=3.25520833333333329e-5
IMPLICIT_FEASIBLE_VELOCITY_PREDICTOR dt=3.25520833333333329e-5
IMPLICIT_FEASIBLE_VELOCITY_PREDICTOR dt=3.25520833333333329e-5
IMPLICIT_FEASIBLE_VELOCITY_PREDICTOR dt=3.25520833333333329e-5
IMPLICIT_FEASIBLE_VELOCITY_PREDICTOR dt=3.25520833333333329e-5
IMPLICIT_FEASIBLE_VELOCITY_PREDICTOR dt=3.25520833333333329e-5
IMPLICIT_FEASIBLE_VELOCITY_PREDICTOR dt=3.25520833333333329e-5
IMPLICIT_FEASIBLE_VELOCITY_PREDICTOR dt=3.25520833333333329e-5
IMPLICIT_FEASIBLE_VELOCITY_PREDICTOR dt=3.25520833333333329e-5
IMPLICIT_FEASIBLE_VELOCITY_PREDICTOR dt=3.25520833333333329e-5
IMPLICIT_FEASIBLE_VELOCITY_PREDICTOR dt=3.25520833333333329e-5
IMPLICIT_FEASIBLE_VELOCITY_PREDICTOR dt=3.25520833333333329e-5
IMPLICIT_FEASIBLE_VELOCITY_PREDICTOR dt=3.25520833333333329e-5
IMPLICIT_FEASIBLE_VELOCITY_PREDICTOR dt=3.25520833333333329e-5
IMPLICIT_FEASIBLE_VELOCITY_PREDICTOR dt=3.25520833333333329e-5
IMPLICIT_FEASIBLE_VELOCITY_PREDICTOR dt=3.25520833333333329e-5
IMPLICIT_FEASIBLE_VELOCITY_PREDICTOR dt=3.25520833333333329e-5
IMPLICIT_FEASIBLE_VELOCITY_PREDICTOR dt=3.25520833333333329e-5
IMPLICIT_FEASIBLE_VELOCITY_PREDICTOR dt=3.25520833333333329e-5
IMPLICIT_FEASIBLE_VELOCITY_PREDICTOR dt=3.25520833333333329e-5
IMPLICIT_FEASIBLE_VELOCITY_PREDICTOR dt=3.25520833333333329e-5
IMPLICIT_WORK_COMPONENTS origin=[-0.08346717503289307, 0.6109106374122741, -0.10409344940086754] dt=3.25520833333333329e-5 non_surface_potential_defect_j=-6.81258435081266711e-16 prescribed_surface_defect_j=2.29299196106155967e-6 kinematic_defect_j=8.86944405007250567e-13 arithmetic_remainder_j=5.00822973731343221e-16
IMPLICIT_WORK_REJECTION dt=3.25520833333333329e-5 defect_j=2.29299284782552921e-6 budget_j=3.90625000000000032e-8 maximum_kinematic_residual_m=1.67091021601633097e-13
IMPLICIT_QUADRATURE_RETRY attempt=0 panels=2 reason="implicit contact work defect"
IMPLICIT_FEASIBLE_VELOCITY_PREDICTOR dt=3.25520833333333329e-5
IMPLICIT_WORK_COMPONENTS origin=[-0.08346717503289307, 0.6109106374122741, -0.10409344940086754] dt=3.25520833333333329e-5 non_surface_potential_defect_j=3.22821196857558945e-16 prescribed_surface_defect_j=9.16477282082409528e-8 kinematic_defect_j=2.28421122436798344e-12 arithmetic_remainder_j=4.39597023553858638e-16
IMPLICIT_WORK_REJECTION dt=3.25520833333333329e-5 defect_j=9.16500131818835412e-8 budget_j=3.90625000000000032e-8 maximum_kinematic_residual_m=2.03137796162119674e-13
IMPLICIT_QUADRATURE_RETRY attempt=1 panels=3 reason="implicit contact work defect"
IMPLICIT_FEASIBLE_VELOCITY_PREDICTOR dt=3.25520833333333329e-5
IMPLICIT_WORK_COMPONENTS origin=[-0.08347658150243152, 0.61090935585176, -0.10409610541903784] dt=3.25520833333333329e-5 non_surface_potential_defect_j=6.56375995222724384e-16 prescribed_surface_defect_j=1.48286939512573394e-3 kinematic_defect_j=-4.00712297186014961e-10 arithmetic_remainder_j=-5.05597155824533877e-16
IMPLICIT_WORK_REJECTION dt=3.25520833333333329e-5 defect_j=1.48286899441358753e-3 budget_j=3.90625000000000032e-8 maximum_kinematic_residual_m=1.67594150278456205e-13
IMPLICIT_QUADRATURE_RETRY attempt=0 panels=2 reason="implicit contact work defect"
IMPLICIT_WORK_COMPONENTS origin=[-0.08347658150243152, 0.61090935585176, -0.10409610541903784] dt=3.25520833333333329e-5 non_surface_potential_defect_j=7.42461647718073436e-16 prescribed_surface_defect_j=2.79617764018120650e-4 kinematic_defect_j=-3.22739283855591987e-11 arithmetic_remainder_j=-8.68381883294252945e-16
IMPLICIT_WORK_REJECTION dt=3.25520833333333329e-5 defect_j=2.79617731744066344e-4 budget_j=3.90625000000000032e-8 maximum_kinematic_residual_m=1.35568893757471651e-14
IMPLICIT_QUADRATURE_RETRY attempt=1 panels=3 reason="implicit contact work defect"
IMPLICIT_WORK_COMPONENTS origin=[-0.08347658150243152, 0.61090935585176, -0.10409610541903784] dt=3.25520833333333329e-5 non_surface_potential_defect_j=8.54568152353074595e-16 prescribed_surface_defect_j=4.94226593159272413e-5 kinematic_defect_j=-1.94590178479256385e-10 arithmetic_remainder_j=-8.32360205790597921e-16
IMPLICIT_WORK_REJECTION dt=3.25520833333333329e-5 defect_j=4.94224647257709700e-5 budget_j=3.90625000000000032e-8 maximum_kinematic_residual_m=8.16841097359295980e-14
IMPLICIT_QUADRATURE_RETRY attempt=2 panels=4 reason="implicit contact work defect"
IMPLICIT_WORK_COMPONENTS origin=[-0.08347658150243152, 0.61090935585176, -0.10409610541903784] dt=3.25520833333333329e-5 non_surface_potential_defect_j=1.60158344919558715e-15 prescribed_surface_defect_j=5.48408327358097347e-6 kinematic_defect_j=3.85682953255906932e-10 arithmetic_remainder_j=-7.19926733203066801e-16
IMPLICIT_WORK_REJECTION dt=3.25520833333333329e-5 defect_j=5.48446895741588609e-6 budget_j=3.90625000000000032e-8 maximum_kinematic_residual_m=1.61417942204432167e-13
IMPLICIT_QUADRATURE_RETRY attempt=3 panels=5 reason="implicit contact work defect"
IMPLICIT_WORK_COMPONENTS origin=[-0.08347658150243152, 0.61090935585176, -0.10409610541903784] dt=3.25520833333333329e-5 non_surface_potential_defect_j=1.14079752588924777e-15 prescribed_surface_defect_j=2.91393602469195009e-7 kinematic_defect_j=-1.49049466997403791e-11 arithmetic_remainder_j=-3.99354898511390655e-16
IMPLICIT_WORK_REJECTION dt=3.25520833333333329e-5 defect_j=2.91378698263937896e-7 budget_j=3.90625000000000032e-8 maximum_kinematic_residual_m=6.25855322902431170e-15
IMPLICIT_QUADRATURE_RETRY attempt=4 panels=6 reason="implicit contact work defect"
IMPLICIT_STAGE_REJECTION stage="local contact quadrature" dt=3.25520833333333329e-5 error="closed surface contact gap"
IMPLICIT_FEASIBLE_VELOCITY_PREDICTOR dt=3.25520833333333329e-5
IMPLICIT_WORK_COMPONENTS origin=[-0.08348599013151338, 0.6109080941722804, -0.10409876425007877] dt=3.25520833333333329e-5 non_surface_potential_defect_j=5.35162192338844989e-16 prescribed_surface_defect_j=-2.59433628694478178e-3 kinematic_defect_j=1.06032531247336453e-13 arithmetic_remainder_j=4.58673495927781064e-16
IMPLICIT_WORK_REJECTION dt=3.25520833333333329e-5 defect_j=-2.59433628683775541e-3 budget_j=3.90625000000000032e-8 maximum_kinematic_residual_m=2.29420567829721755e-16
IMPLICIT_QUADRATURE_RETRY attempt=0 panels=2 reason="implicit contact work defect"
IMPLICIT_STAGE_REJECTION stage="local contact quadrature" dt=3.25520833333333329e-5 error="closed surface contact gap"
IMPLICIT_FEASIBLE_VELOCITY_PREDICTOR dt=3.25520833333333329e-5
IMPLICIT_WORK_COMPONENTS origin=[-0.08348599013151338, 0.6109080941722804, -0.10409876425007877] dt=3.25520833333333329e-5 non_surface_potential_defect_j=-1.79110198894605332e-16 prescribed_surface_defect_j=-1.64567078788722130e-3 kinematic_defect_j=3.08927624173873376e-13 arithmetic_remainder_j=-6.75502429305645014e-16
IMPLICIT_WORK_REJECTION dt=3.25520833333333329e-5 defect_j=-1.64567078757914828e-3 budget_j=3.90625000000000032e-8 maximum_kinematic_residual_m=6.28569597630260213e-16
IMPLICIT_QUADRATURE_RETRY attempt=1 panels=3 reason="implicit contact work defect"
IMPLICIT_STAGE_REJECTION stage="local contact quadrature" dt=3.25520833333333329e-5 error="closed surface contact gap"
IMPLICIT_FEASIBLE_VELOCITY_PREDICTOR dt=3.25520833333333329e-5
IMPLICIT_WORK_COMPONENTS origin=[-0.08348599013151338, 0.6109080941722804, -0.10409876425007877] dt=3.25520833333333329e-5 non_surface_potential_defect_j=8.84708972748171618e-16 prescribed_surface_defect_j=-8.78986620264967104e-4 kinematic_defect_j=5.16558430007778764e-13 arithmetic_remainder_j=2.98309691255464998e-16
IMPLICIT_WORK_REJECTION dt=3.25520833333333329e-5 defect_j=-8.78986619747225656e-4 budget_j=3.90625000000000032e-8 maximum_kinematic_residual_m=9.86562990589606725e-16
IMPLICIT_QUADRATURE_RETRY attempt=2 panels=4 reason="implicit contact work defect"
IMPLICIT_STAGE_REJECTION stage="local contact quadrature" dt=3.25520833333333329e-5 error="closed surface contact gap"
IMPLICIT_FEASIBLE_VELOCITY_PREDICTOR dt=3.25520833333333329e-5
IMPLICIT_WORK_COMPONENTS origin=[-0.08348599013151338, 0.6109080941722804, -0.10409876425007877] dt=3.25520833333333329e-5 non_surface_potential_defect_j=1.12019768461202318e-15 prescribed_surface_defect_j=-3.61231420382290553e-4 kinematic_defect_j=6.44900674458690861e-13 arithmetic_remainder_j=-2.31677454030456337e-16
IMPLICIT_WORK_REJECTION dt=3.25520833333333329e-5 defect_j=-3.61231419736501359e-4 budget_j=3.90625000000000032e-8 maximum_kinematic_residual_m=1.17604087275860469e-15
IMPLICIT_QUADRATURE_RETRY attempt=3 panels=5 reason="implicit contact work defect"
IMPLICIT_STAGE_REJECTION stage="local contact quadrature" dt=3.25520833333333329e-5 error="closed surface contact gap"
IMPLICIT_FEASIBLE_VELOCITY_PREDICTOR dt=3.25520833333333329e-5
IMPLICIT_WORK_COMPONENTS origin=[-0.08348599013151338, 0.6109080941722804, -0.10409876425007877] dt=3.25520833333333329e-5 non_surface_potential_defect_j=3.34801630863523769e-16 prescribed_surface_defect_j=-1.00841276078630421e-4 kinematic_defect_j=6.01456281259493410e-13 arithmetic_remainder_j=4.71080861008941657e-16
IMPLICIT_WORK_REJECTION dt=3.25520833333333329e-5 defect_j=-1.00841275476368258e-4 budget_j=3.90625000000000032e-8 maximum_kinematic_residual_m=1.06915209107869003e-15
IMPLICIT_QUADRATURE_RETRY attempt=4 panels=6 reason="implicit contact work defect"
IMPLICIT_STAGE_REJECTION stage="local contact quadrature" dt=3.25520833333333329e-5 error="closed surface contact gap"
IMPLICIT_FEASIBLE_VELOCITY_PREDICTOR dt=3.25520833333333329e-5
IMPLICIT_WORK_COMPONENTS origin=[-0.08348599013151338, 0.6109080941722804, -0.10409876425007877] dt=3.25520833333333329e-5 non_surface_potential_defect_j=5.72458747072346341e-17 prescribed_surface_defect_j=-1.64156178580479321e-5 kinematic_defect_j=6.44803190899246686e-13 arithmetic_remainder_j=-1.38422283058975372e-16
IMPLICIT_WORK_REJECTION dt=3.25520833333333329e-5 defect_j=-1.64156172133259176e-5 budget_j=3.90625000000000032e-8 maximum_kinematic_residual_m=1.13926609032061199e-15
IMPLICIT_QUADRATURE_RETRY attempt=5 panels=7 reason="implicit contact work defect"
IMPLICIT_STAGE_REJECTION stage="local contact quadrature" dt=3.25520833333333329e-5 error="closed surface contact gap"
IMPLICIT_FEASIBLE_VELOCITY_PREDICTOR dt=3.25520833333333329e-5
IMPLICIT_WORK_COMPONENTS origin=[-0.08348599013151338, 0.6109080941722804, -0.10409876425007877] dt=3.25520833333333329e-5 non_surface_potential_defect_j=8.85576334486160022e-16 prescribed_surface_defect_j=-1.31566851116485863e-6 kinematic_defect_j=6.87836544320868370e-13 arithmetic_remainder_j=-2.26419232312579250e-16
IMPLICIT_WORK_REJECTION dt=3.25520833333333329e-5 defect_j=-1.31566782266915721e-6 budget_j=3.90625000000000032e-8 maximum_kinematic_residual_m=1.21583109248882271e-15
IMPLICIT_QUADRATURE_RETRY attempt=6 panels=8 reason="implicit contact work defect"
IMPLICIT_STAGE_REJECTION stage="local contact quadrature" dt=3.25520833333333329e-5 error="closed surface contact gap"
IMPLICIT_FEASIBLE_VELOCITY_PREDICTOR dt=3.25520833333333329e-5
IMPLICIT_WORK_COMPONENTS origin=[-0.08348599013151338, 0.6109080941722804, -0.10409876425007877] dt=3.25520833333333329e-5 non_surface_potential_defect_j=-1.73472347597680709e-16 prescribed_surface_defect_j=-4.40620440438679309e-8 kinematic_defect_j=6.67071160823639091e-13 arithmetic_remainder_j=-5.36586107662738671e-18
IMPLICIT_WORK_REJECTION dt=3.25520833333333329e-5 defect_j=-4.40613771515453159e-8 budget_j=3.90625000000000032e-8 maximum_kinematic_residual_m=1.17841934127449477e-15
IMPLICIT_QUADRATURE_RETRY attempt=7 panels=9 reason="implicit contact work defect"
IMPLICIT_STAGE_REJECTION stage="local contact quadrature" dt=3.25520833333333329e-5 error="closed surface contact gap"
IMPLICIT_FEASIBLE_VELOCITY_PREDICTOR dt=3.25520833333333329e-5
IMPLICIT_FEASIBLE_VELOCITY_PREDICTOR dt=3.25520833333333329e-5
IMPLICIT_FEASIBLE_VELOCITY_PREDICTOR dt=3.25520833333333329e-5
IMPLICIT_FEASIBLE_VELOCITY_PREDICTOR dt=3.25520833333333329e-5
IMPLICIT_FEASIBLE_VELOCITY_PREDICTOR dt=1.04166666666666665e-3
IMPLICIT_FEASIBLE_VELOCITY_PREDICTOR dt=1.04166666666666665e-3
IMPLICIT_FEASIBLE_VELOCITY_PREDICTOR dt=6.51041666666666658e-5
IMPLICIT_FEASIBLE_VELOCITY_PREDICTOR dt=1.04166666666666665e-3
IMPLICIT_FEASIBLE_VELOCITY_PREDICTOR dt=6.51041666666666658e-5
IMPLICIT_FEASIBLE_VELOCITY_PREDICTOR dt=1.04166666666666665e-3
IMPLICIT_FEASIBLE_VELOCITY_PREDICTOR dt=1.04166666666666665e-3
IMPLICIT_FEASIBLE_VELOCITY_PREDICTOR dt=1.04166666666666665e-3
IMPLICIT_FEASIBLE_VELOCITY_PREDICTOR dt=6.51041666666666658e-5
IMPLICIT_FEASIBLE_VELOCITY_PREDICTOR dt=1.04166666666666665e-3
IMPLICIT_FEASIBLE_VELOCITY_PREDICTOR dt=1.04166666666666665e-3
IMPLICIT_FEASIBLE_VELOCITY_PREDICTOR dt=1.04166666666666665e-3
IMPLICIT_FEASIBLE_VELOCITY_PREDICTOR dt=6.51041666666666658e-5
IMPLICIT_FEASIBLE_VELOCITY_PREDICTOR dt=1.04166666666666665e-3
IMPLICIT_FEASIBLE_VELOCITY_PREDICTOR dt=1.04166666666666665e-3
IMPLICIT_FEASIBLE_VELOCITY_PREDICTOR dt=1.04166666666666665e-3
IMPLICIT_FEASIBLE_VELOCITY_PREDICTOR dt=6.51041666666666658e-5
IMPLICIT_FEASIBLE_VELOCITY_PREDICTOR dt=6.51041666666666658e-5
IMPLICIT_FEASIBLE_VELOCITY_PREDICTOR dt=6.51041666666666658e-5
IMPLICIT_FEASIBLE_VELOCITY_PREDICTOR dt=6.51041666666666658e-5
IMPLICIT_FEASIBLE_VELOCITY_PREDICTOR dt=6.51041666666666658e-5
IMPLICIT_FEASIBLE_VELOCITY_PREDICTOR dt=6.51041666666666658e-5
IMPLICIT_FEASIBLE_VELOCITY_PREDICTOR dt=6.51041666666666658e-5
IMPLICIT_FEASIBLE_VELOCITY_PREDICTOR dt=6.51041666666666658e-5
IMPLICIT_FEASIBLE_VELOCITY_PREDICTOR dt=6.51041666666666658e-5
IMPLICIT_FEASIBLE_VELOCITY_PREDICTOR dt=6.51041666666666658e-5
IMPLICIT_FEASIBLE_VELOCITY_PREDICTOR dt=6.51041666666666658e-5
IMPLICIT_FEASIBLE_VELOCITY_PREDICTOR dt=6.51041666666666658e-5
IMPLICIT_FEASIBLE_VELOCITY_PREDICTOR dt=6.51041666666666658e-5
IMPLICIT_FEASIBLE_VELOCITY_PREDICTOR dt=6.51041666666666658e-5
IMPLICIT_FEASIBLE_VELOCITY_PREDICTOR dt=6.51041666666666658e-5
IMPLICIT_FEASIBLE_VELOCITY_PREDICTOR dt=6.51041666666666658e-5
IMPLICIT_FEASIBLE_VELOCITY_PREDICTOR dt=6.51041666666666658e-5
IMPLICIT_FEASIBLE_VELOCITY_PREDICTOR dt=6.51041666666666658e-5
IMPLICIT_FEASIBLE_VELOCITY_PREDICTOR dt=6.51041666666666658e-5
IMPLICIT_FEASIBLE_VELOCITY_PREDICTOR dt=6.51041666666666658e-5
IMPLICIT_FEASIBLE_VELOCITY_PREDICTOR dt=6.51041666666666658e-5
IMPLICIT_FEASIBLE_VELOCITY_PREDICTOR dt=6.51041666666666658e-5
IMPLICIT_FEASIBLE_VELOCITY_PREDICTOR dt=6.51041666666666658e-5
IMPLICIT_FEASIBLE_VELOCITY_PREDICTOR dt=6.51041666666666658e-5
IMPLICIT_WORK_COMPONENTS origin=[-0.08405432859156857, 0.6108369224810566, -0.104226129700793] dt=6.51041666666666658e-5 non_surface_potential_defect_j=-1.48318857196017007e-16 prescribed_surface_defect_j=8.02666267883362705e-8 kinematic_defect_j=1.34982888954574953e-11 arithmetic_remainder_j=3.33463318806861975e-16
IMPLICIT_WORK_REJECTION dt=6.51041666666666658e-5 defect_j=8.02801252623761896e-8 budget_j=7.81250000000000064e-8 maximum_kinematic_residual_m=2.30173074610567907e-12
IMPLICIT_QUADRATURE_RETRY attempt=0 panels=2 reason="implicit contact work defect"
IMPLICIT_FEASIBLE_VELOCITY_PREDICTOR dt=6.51041666666666658e-5
IMPLICIT_LINE_SEARCH_REJECTION iteration=54 dt=6.51041666666666658e-5 weighted_residual_j=9.80138600849837305e-4 residual_budget_j=9.99999999999999980e-13 slope_j=-3.87664035180788696e-4 objective_noise_j=1.92134643522201064e-11 alpha=3.55271367880050093e-15 gap_trials=48 volume_trials=48 safe_trials=0 objective_trials=0 smallest_objective_change_j=inf smallest_trial_norm_j=inf
IMPLICIT_QUADRATURE_RETRY attempt=0 panels=2 reason="implicit contact path quadrature refinement"
IMPLICIT_LINE_SEARCH_REJECTION iteration=28 dt=6.51041666666666658e-5 weighted_residual_j=2.93924376790005595e-4 residual_budget_j=9.99999999999999980e-13 slope_j=-2.64338055839277513e-4 objective_noise_j=2.09372749937914810e-11 alpha=3.55271367880050093e-15 gap_trials=48 volume_trials=48 safe_trials=0 objective_trials=0 smallest_objective_change_j=inf smallest_trial_norm_j=inf
IMPLICIT_QUADRATURE_RETRY attempt=1 panels=3 reason="implicit contact path quadrature refinement"
IMPLICIT_LINE_SEARCH_REJECTION iteration=32 dt=6.51041666666666658e-5 weighted_residual_j=2.25041483892454341e-5 residual_budget_j=9.99999999999999980e-13 slope_j=-1.31532157972791204e-5 objective_noise_j=2.26676415833182484e-11 alpha=3.55271367880050093e-15 gap_trials=48 volume_trials=48 safe_trials=0 objective_trials=0 smallest_objective_change_j=inf smallest_trial_norm_j=inf
IMPLICIT_QUADRATURE_RETRY attempt=2 panels=4 reason="implicit contact path quadrature refinement"
IMPLICIT_WORK_COMPONENTS origin=[-0.08407403007534875, 0.610835423933212, -0.10422975415713759] dt=6.51041666666666658e-5 non_surface_potential_defect_j=-1.54910806404728874e-15 prescribed_surface_defect_j=1.20774036790436421e-3 kinematic_defect_j=-1.22820808414110600e-9 arithmetic_remainder_j=2.16700144665211893e-16
IMPLICIT_WORK_REJECTION dt=6.51041666666666658e-5 defect_j=1.20773913969494766e-3 budget_j=7.81250000000000064e-8 maximum_kinematic_residual_m=1.33960859982976133e-12
IMPLICIT_QUADRATURE_RETRY attempt=3 panels=5 reason="implicit contact work defect"
IMPLICIT_WORK_COMPONENTS origin=[-0.08407403007534875, 0.610835423933212, -0.10422975415713759] dt=6.51041666666666658e-5 non_surface_potential_defect_j=-1.38777878078144568e-16 prescribed_surface_defect_j=2.46903579045334174e-4 kinematic_defect_j=-9.67574062540759378e-10 arithmetic_remainder_j=-1.35739465017224985e-16
IMPLICIT_WORK_REJECTION dt=6.51041666666666658e-5 defect_j=2.46902611470997116e-4 budget_j=7.81250000000000064e-8 maximum_kinematic_residual_m=1.06673076438973478e-12
IMPLICIT_QUADRATURE_RETRY attempt=4 panels=6 reason="implicit contact work defect"
IMPLICIT_WORK_COMPONENTS origin=[-0.08407403007534875, 0.610835423933212, -0.10422975415713759] dt=6.51041666666666658e-5 non_surface_potential_defect_j=2.44596010112729800e-16 prescribed_surface_defect_j=4.33527869063035198e-5 kinematic_defect_j=5.90506952279242536e-11 arithmetic_remainder_j=1.07779214477803911e-15
IMPLICIT_WORK_REJECTION dt=6.51041666666666658e-5 defect_j=4.33528459583211359e-5 budget_j=7.81250000000000064e-8 maximum_kinematic_residual_m=6.49917623109794521e-14
IMPLICIT_QUADRATURE_RETRY attempt=5 panels=7 reason="implicit contact work defect"
IMPLICIT_WORK_COMPONENTS origin=[-0.08407403007534875, 0.610835423933212, -0.10422975415713759] dt=6.51041666666666658e-5 non_surface_potential_defect_j=3.59087759527199069e-16 prescribed_surface_defect_j=4.63569282534601556e-6 kinematic_defect_j=1.24877600869224701e-10 arithmetic_remainder_j=-1.60449639550119469e-16
IMPLICIT_WORK_REJECTION dt=6.51041666666666658e-5 defect_j=4.63581770314552290e-6 budget_j=7.81250000000000064e-8 maximum_kinematic_residual_m=1.37510264473458300e-13
IMPLICIT_QUADRATURE_RETRY attempt=6 panels=8 reason="implicit contact work defect"
IMPLICIT_WORK_COMPONENTS origin=[-0.08407403007534875, 0.610835423933212, -0.10422975415713759] dt=6.51041666666666658e-5 non_surface_potential_defect_j=1.43548367637080787e-16 prescribed_surface_defect_j=2.33087784220684362e-7 kinematic_defect_j=1.36870941061467334e-10 arithmetic_remainder_j=6.15995499407388531e-16
IMPLICIT_WORK_REJECTION dt=6.51041666666666658e-5 defect_j=2.33224655921289697e-7 budget_j=7.81250000000000064e-8 maximum_kinematic_residual_m=1.50753075726429465e-13
IMPLICIT_QUADRATURE_RETRY attempt=7 panels=9 reason="implicit contact work defect"
IMPLICIT_STAGE_REJECTION stage="local contact quadrature" dt=6.51041666666666658e-5 error="closed surface contact gap"
IMPLICIT_FEASIBLE_VELOCITY_PREDICTOR dt=6.51041666666666658e-5
IMPLICIT_WORK_COMPONENTS origin=[-0.08409361949413387, 0.6108341910649479, -0.10423342513646398] dt=6.51041666666666658e-5 non_surface_potential_defect_j=-5.18682319317065321e-16 prescribed_surface_defect_j=-4.21001142332542988e-3 kinematic_defect_j=-2.19689634479526606e-12 arithmetic_remainder_j=-4.57932904581750087e-16
IMPLICIT_WORK_REJECTION dt=6.51041666666666658e-5 defect_j=-4.21001142552330284e-3 budget_j=7.81250000000000064e-8 maximum_kinematic_residual_m=2.96506220997302256e-14
IMPLICIT_QUADRATURE_RETRY attempt=0 panels=2 reason="implicit contact work defect"
IMPLICIT_STAGE_REJECTION stage="local contact quadrature" dt=6.51041666666666658e-5 error="closed surface contact gap"
IMPLICIT_FEASIBLE_VELOCITY_PREDICTOR dt=6.51041666666666658e-5
IMPLICIT_WORK_COMPONENTS origin=[-0.08409361949413387, 0.6108341910649479, -0.10423342513646398] dt=6.51041666666666658e-5 non_surface_potential_defect_j=5.00467722819308847e-16 prescribed_surface_defect_j=-3.13913861704636678e-3 kinematic_defect_j=5.80525728222197851e-12 arithmetic_remainder_j=5.89840286666478211e-16
IMPLICIT_WORK_REJECTION dt=6.51041666666666658e-5 defect_j=-3.13913861124001919e-3 budget_j=7.81250000000000064e-8 maximum_kinematic_residual_m=3.44067663086717462e-14
IMPLICIT_QUADRATURE_RETRY attempt=1 panels=3 reason="implicit contact work defect"
IMPLICIT_STAGE_REJECTION stage="local contact quadrature" dt=6.51041666666666658e-5 error="closed surface contact gap"
IMPLICIT_FEASIBLE_VELOCITY_PREDICTOR dt=6.51041666666666658e-5
IMPLICIT_WORK_COMPONENTS origin=[-0.08409361949413387, 0.6108341910649479, -0.10423342513646398] dt=6.51041666666666658e-5 non_surface_potential_defect_j=6.51388665229291064e-16 prescribed_surface_defect_j=-2.14249499115122229e-3 kinematic_defect_j=2.28747010216915066e-11 arithmetic_remainder_j=1.26444548970529921e-16
IMPLICIT_WORK_REJECTION dt=6.51041666666666658e-5 defect_j=-2.14249496827574343e-3 budget_j=7.81250000000000064e-8 maximum_kinematic_residual_m=7.39447294628020613e-14
IMPLICIT_QUADRATURE_RETRY attempt=2 panels=4 reason="implicit contact work defect"
IMPLICIT_STAGE_REJECTION stage="local contact quadrature" dt=6.51041666666666658e-5 error="closed surface contact gap"
IMPLICIT_FEASIBLE_VELOCITY_PREDICTOR dt=6.51041666666666658e-5
IMPLICIT_WORK_COMPONENTS origin=[-0.08409361949413387, 0.6108341910649479, -0.10423342513646398] dt=6.51041666666666658e-5 non_surface_potential_defect_j=8.64651232557189786e-16 prescribed_surface_defect_j=-1.27901032391019632e-3 kinematic_defect_j=4.10948687234397587e-11 arithmetic_remainder_j=5.93013060328656007e-17
IMPLICIT_WORK_REJECTION dt=6.51041666666666658e-5 defect_j=-1.27901028281440375e-3 budget_j=7.81250000000000064e-8 maximum_kinematic_residual_m=1.12231018478247541e-13
IMPLICIT_QUADRATURE_RETRY attempt=3 panels=5 reason="implicit contact work defect"
IMPLICIT_STAGE_REJECTION stage="local contact quadrature" dt=6.51041666666666658e-5 error="closed surface contact gap"
IMPLICIT_FEASIBLE_VELOCITY_PREDICTOR dt=6.51041666666666658e-5
IMPLICIT_WORK_COMPONENTS origin=[-0.08409361949413387, 0.6108341910649479, -0.10423342513646398] dt=6.51041666666666658e-5 non_surface_potential_defect_j=-5.20417042793042128e-17 prescribed_surface_defect_j=-6.21741351053082094e-4 kinematic_defect_j=4.91812529109064939e-11 arithmetic_remainder_j=2.24556057613640309e-16
IMPLICIT_WORK_REJECTION dt=6.51041666666666658e-5 defect_j=-6.21741301871656668e-4 budget_j=7.81250000000000064e-8 maximum_kinematic_residual_m=1.24357433530473960e-13
IMPLICIT_QUADRATURE_RETRY attempt=4 panels=6 reason="implicit contact work defect"
IMPLICIT_STAGE_REJECTION stage="local contact quadrature" dt=6.51041666666666658e-5 error="closed surface contact gap"
IMPLICIT_FEASIBLE_VELOCITY_PREDICTOR dt=6.51041666666666658e-5
IMPLICIT_WORK_COMPONENTS origin=[-0.08409361949413387, 0.6108341910649479, -0.10423342513646398] dt=6.51041666666666658e-5 non_surface_potential_defect_j=-5.02852967598776956e-16 prescribed_surface_defect_j=-2.21458469803964347e-4 kinematic_defect_j=4.97348351079856616e-11 arithmetic_remainder_j=-1.89235842504320052e-16
IMPLICIT_WORK_REJECTION dt=6.51041666666666658e-5 defect_j=-2.21458420069821328e-4 budget_j=7.81250000000000064e-8 maximum_kinematic_residual_m=1.21451148291963629e-13
IMPLICIT_QUADRATURE_RETRY attempt=5 panels=7 reason="implicit contact work defect"
IMPLICIT_STAGE_REJECTION stage="local contact quadrature" dt=6.51041666666666658e-5 error="closed surface contact gap"
IMPLICIT_FEASIBLE_VELOCITY_PREDICTOR dt=6.51041666666666658e-5
IMPLICIT_WORK_COMPONENTS origin=[-0.08409361949413387, 0.6108341910649479, -0.10423342513646398] dt=6.51041666666666658e-5 non_surface_potential_defect_j=-7.00394603425635864e-16 prescribed_surface_defect_j=-5.03022980005581429e-5 kinematic_defect_j=5.03052593473519982e-11 arithmetic_remainder_j=-6.12180780650310383e-16
IMPLICIT_WORK_REJECTION dt=6.51041666666666658e-5 defect_j=-5.03022476966113709e-5 budget_j=7.81250000000000064e-8 maximum_kinematic_residual_m=1.21276042864843642e-13
IMPLICIT_QUADRATURE_RETRY attempt=6 panels=8 reason="implicit contact work defect"
IMPLICIT_STAGE_REJECTION stage="local contact quadrature" dt=6.51041666666666658e-5 error="closed surface contact gap"
IMPLICIT_FEASIBLE_VELOCITY_PREDICTOR dt=6.51041666666666658e-5
IMPLICIT_WORK_COMPONENTS origin=[-0.08409361949413387, 0.6108341910649479, -0.10423342513646398] dt=6.51041666666666658e-5 non_surface_potential_defect_j=-4.90384642615193656e-16 prescribed_surface_defect_j=-6.19987478105968239e-6 kinematic_defect_j=5.18104573974788947e-11 arithmetic_remainder_j=-4.52086894938037720e-17
IMPLICIT_WORK_REJECTION dt=6.51041666666666658e-5 defect_j=-6.19982297113787825e-6 budget_j=7.81250000000000064e-8 maximum_kinematic_residual_m=1.24410074934079920e-13
IMPLICIT_QUADRATURE_RETRY attempt=7 panels=9 reason="implicit contact work defect"
IMPLICIT_STAGE_REJECTION stage="local contact quadrature" dt=6.51041666666666658e-5 error="closed surface contact gap"
IMPLICIT_FEASIBLE_VELOCITY_PREDICTOR dt=6.51041666666666658e-5
IMPLICIT_WORK_COMPONENTS origin=[-0.08409361949413387, 0.6108341910649479, -0.10423342513646398] dt=6.51041666666666658e-5 non_surface_potential_defect_j=9.23523410523152677e-16 prescribed_surface_defect_j=-3.49546785583722155e-7 kinematic_defect_j=5.24711111130084354e-11 arithmetic_remainder_j=6.47379023015226020e-16
IMPLICIT_WORK_REJECTION dt=6.51041666666666658e-5 defect_j=-3.49494312901706713e-7 budget_j=7.81250000000000064e-8 maximum_kinematic_residual_m=1.25881086560390362e-13
IMPLICIT_QUADRATURE_RETRY attempt=8 panels=10 reason="implicit contact work defect"
IMPLICIT_STAGE_REJECTION stage="local contact quadrature" dt=6.51041666666666658e-5 error="closed surface contact gap"
IMPLICIT_FEASIBLE_VELOCITY_PREDICTOR dt=6.51041666666666658e-5
IMPLICIT_FEASIBLE_VELOCITY_PREDICTOR dt=6.51041666666666658e-5
IMPLICIT_FEASIBLE_VELOCITY_PREDICTOR dt=6.51041666666666658e-5
IMPLICIT_FEASIBLE_VELOCITY_PREDICTOR dt=6.51041666666666658e-5
IMPLICIT_FEASIBLE_VELOCITY_PREDICTOR dt=6.51041666666666658e-5
IMPLICIT_FEASIBLE_VELOCITY_PREDICTOR dt=6.51041666666666658e-5
IMPLICIT_FEASIBLE_VELOCITY_PREDICTOR dt=6.51041666666666658e-5
IMPLICIT_FEASIBLE_VELOCITY_PREDICTOR dt=6.51041666666666658e-5
IMPLICIT_FEASIBLE_VELOCITY_PREDICTOR dt=6.51041666666666658e-5
IMPLICIT_FEASIBLE_VELOCITY_PREDICTOR dt=6.51041666666666658e-5
IMPLICIT_FEASIBLE_VELOCITY_PREDICTOR dt=6.51041666666666658e-5
IMPLICIT_FEASIBLE_VELOCITY_PREDICTOR dt=6.51041666666666658e-5
IMPLICIT_FEASIBLE_VELOCITY_PREDICTOR dt=6.51041666666666658e-5
IMPLICIT_FEASIBLE_VELOCITY_PREDICTOR dt=6.51041666666666658e-5
IMPLICIT_FEASIBLE_VELOCITY_PREDICTOR dt=6.51041666666666658e-5
IMPLICIT_FEASIBLE_VELOCITY_PREDICTOR dt=6.51041666666666658e-5
IMPLICIT_FEASIBLE_VELOCITY_PREDICTOR dt=6.51041666666666658e-5
IMPLICIT_FEASIBLE_VELOCITY_PREDICTOR dt=6.51041666666666658e-5
IMPLICIT_FEASIBLE_VELOCITY_PREDICTOR dt=6.51041666666666658e-5
IMPLICIT_FEASIBLE_VELOCITY_PREDICTOR dt=6.51041666666666658e-5
IMPLICIT_FEASIBLE_VELOCITY_PREDICTOR dt=6.51041666666666658e-5
IMPLICIT_FEASIBLE_VELOCITY_PREDICTOR dt=6.51041666666666658e-5
IMPLICIT_FEASIBLE_VELOCITY_PREDICTOR dt=6.51041666666666658e-5
IMPLICIT_FEASIBLE_VELOCITY_PREDICTOR dt=6.51041666666666658e-5
IMPLICIT_LINE_SEARCH_REJECTION iteration=27 dt=6.51041666666666658e-5 weighted_residual_j=2.92899750812624059e-2 residual_budget_j=9.99999999999999980e-13 slope_j=-2.88073227474049641e-2 objective_noise_j=1.31349443707659656e-11 alpha=3.55271367880050093e-15 gap_trials=48 volume_trials=48 safe_trials=0 objective_trials=0 smallest_objective_change_j=inf smallest_trial_norm_j=inf
IMPLICIT_QUADRATURE_RETRY attempt=0 panels=2 reason="implicit contact path quadrature refinement"
IMPLICIT_LINE_SEARCH_REJECTION iteration=26 dt=6.51041666666666658e-5 weighted_residual_j=2.73697813159132011e-2 residual_budget_j=9.99999999999999980e-13 slope_j=-2.69517417973618480e-2 objective_noise_j=1.38393951689694412e-11 alpha=3.55271367880050093e-15 gap_trials=48 volume_trials=48 safe_trials=0 objective_trials=0 smallest_objective_change_j=inf smallest_trial_norm_j=inf
IMPLICIT_QUADRATURE_RETRY attempt=1 panels=3 reason="implicit contact path quadrature refinement"
IMPLICIT_LINE_SEARCH_REJECTION iteration=28 dt=6.51041666666666658e-5 weighted_residual_j=8.09959562146973571e-4 residual_budget_j=9.99999999999999980e-13 slope_j=-3.03838620446419082e-4 objective_noise_j=1.45509706019507283e-11 alpha=3.55271367880050093e-15 gap_trials=48 volume_trials=48 safe_trials=0 objective_trials=0 smallest_objective_change_j=inf smallest_trial_norm_j=inf
IMPLICIT_QUADRATURE_RETRY attempt=2 panels=4 reason="implicit contact path quadrature refinement"
IMPLICIT_LINE_SEARCH_REJECTION iteration=25 dt=6.51041666666666658e-5 weighted_residual_j=6.20502943409370579e-4 residual_budget_j=9.99999999999999980e-13 slope_j=-1.83959302764958915e-4 objective_noise_j=1.52551820463623343e-11 alpha=3.55271367880050093e-15 gap_trials=48 volume_trials=48 safe_trials=0 objective_trials=0 smallest_objective_change_j=inf smallest_trial_norm_j=inf
IMPLICIT_QUADRATURE_RETRY attempt=3 panels=5 reason="implicit contact path quadrature refinement"
IMPLICIT_LINE_SEARCH_REJECTION iteration=33 dt=6.51041666666666658e-5 weighted_residual_j=4.22963705081968392e-4 residual_budget_j=9.99999999999999980e-13 slope_j=-1.39978367888557854e-4 objective_noise_j=1.59592057471194156e-11 alpha=3.55271367880050093e-15 gap_trials=48 volume_trials=48 safe_trials=0 objective_trials=0 smallest_objective_change_j=inf smallest_trial_norm_j=inf
IMPLICIT_QUADRATURE_RETRY attempt=4 panels=6 reason="implicit contact path quadrature refinement"
IMPLICIT_LINE_SEARCH_REJECTION iteration=27 dt=6.51041666666666658e-5 weighted_residual_j=2.08797585986394784e-4 residual_budget_j=9.99999999999999980e-13 slope_j=-3.95029862851322756e-5 objective_noise_j=1.66630012566119772e-11 alpha=3.55271367880050093e-15 gap_trials=48 volume_trials=48 safe_trials=0 objective_trials=0 smallest_objective_change_j=inf smallest_trial_norm_j=inf
IMPLICIT_QUADRATURE_RETRY attempt=5 panels=7 reason="implicit contact path quadrature refinement"
IMPLICIT_LINE_SEARCH_REJECTION iteration=30 dt=6.51041666666666658e-5 weighted_residual_j=8.37943883120781754e-5 residual_budget_j=9.99999999999999980e-13 slope_j=-3.20136230073911053e-5 objective_noise_j=1.73668011289816578e-11 alpha=3.55271367880050093e-15 gap_trials=48 volume_trials=48 safe_trials=0 objective_trials=0 smallest_objective_change_j=inf smallest_trial_norm_j=inf
IMPLICIT_QUADRATURE_RETRY attempt=6 panels=8 reason="implicit contact path quadrature refinement"
IMPLICIT_LINE_SEARCH_REJECTION iteration=33 dt=6.51041666666666658e-5 weighted_residual_j=2.01500055634891820e-5 residual_budget_j=9.99999999999999980e-13 slope_j=-1.35461111911531773e-6 objective_noise_j=1.80708010786461636e-11 alpha=2.84217094304040074e-14 gap_trials=45 volume_trials=45 safe_trials=0 objective_trials=0 smallest_objective_change_j=inf smallest_trial_norm_j=inf
IMPLICIT_QUADRATURE_RETRY attempt=7 panels=9 reason="implicit contact path quadrature refinement"
IMPLICIT_WORK_COMPONENTS origin=[-0.08451148324519873, 0.6108297466743565, -0.10435018812568829] dt=6.51041666666666658e-5 non_surface_potential_defect_j=1.05709711817336682e-16 prescribed_surface_defect_j=5.39513097717398988e-3 kinematic_defect_j=5.11423047972792509e-10 arithmetic_remainder_j=-8.57785554063660851e-16
IMPLICIT_WORK_REJECTION dt=6.51041666666666658e-5 defect_j=5.39513148859628588e-3 budget_j=7.81250000000000064e-8 maximum_kinematic_residual_m=1.00614372248227640e-12
IMPLICIT_QUADRATURE_RETRY attempt=8 panels=10 reason="implicit contact work defect"
IMPLICIT_WORK_COMPONENTS origin=[-0.08451148324519873, 0.6108297466743565, -0.10435018812568829] dt=6.51041666666666658e-5 non_surface_potential_defect_j=-5.84710231621432541e-16 prescribed_surface_defect_j=6.10595386772471598e-4 kinematic_defect_j=5.25337093065777675e-10 arithmetic_remainder_j=-3.22122394676074147e-17
IMPLICIT_WORK_REJECTION dt=6.51041666666666658e-5 defect_j=6.10595912108947742e-4 budget_j=7.81250000000000064e-8 maximum_kinematic_residual_m=1.03751470915546158e-12
IMPLICIT_QUADRATURE_RETRY attempt=9 panels=11 reason="implicit contact work defect"
IMPLICIT_WORK_COMPONENTS origin=[-0.08451148324519873, 0.6108297466743565, -0.10435018812568829] dt=6.51041666666666658e-5 non_surface_potential_defect_j=4.55446227606848275e-16 prescribed_surface_defect_j=1.24635236937959163e-4 kinematic_defect_j=-2.30317718096514581e-12 arithmetic_remainder_j=-2.22775700237630176e-16
IMPLICIT_WORK_REJECTION dt=6.51041666666666658e-5 defect_j=1.24635234635014653e-4 budget_j=7.81250000000000064e-8 maximum_kinematic_residual_m=4.53404878203965411e-15
IMPLICIT_QUADRATURE_RETRY attempt=10 panels=12 reason="implicit contact work defect"
IMPLICIT_WORK_COMPONENTS origin=[-0.08451148324519873, 0.6108297466743565, -0.10435018812568829] dt=6.51041666666666658e-5 non_surface_potential_defect_j=4.45878143434663698e-17 prescribed_surface_defect_j=1.84493077816469967e-5 kinematic_defect_j=-6.01678946574132656e-13 arithmetic_remainder_j=-4.08796152734613701e-16
IMPLICIT_WORK_REJECTION dt=6.51041666666666658e-5 defect_j=1.84493071796038417e-5 budget_j=7.81250000000000064e-8 maximum_kinematic_residual_m=1.18196671525759578e-15
IMPLICIT_QUADRATURE_RETRY attempt=11 panels=13 reason="implicit contact work defect"
IMPLICIT_WORK_COMPONENTS origin=[-0.08451148324519873, 0.6108297466743565, -0.10435018812568829] dt=6.51041666666666658e-5 non_surface_potential_defect_j=-3.20761212729836487e-16 prescribed_surface_defect_j=1.48310186494746588e-6 kinematic_defect_j=-5.01053779843904325e-11 arithmetic_remainder_j=-3.24317692317120480e-16
IMPLICIT_WORK_REJECTION dt=6.51041666666666658e-5 defect_j=1.48305175892440258e-6 budget_j=7.81250000000000064e-8 maximum_kinematic_residual_m=9.87108547570274275e-14
IMPLICIT_QUADRATURE_RETRY attempt=12 panels=14 reason="implicit contact work defect"
IMPLICIT_STAGE_REJECTION stage="local contact quadrature" dt=6.51041666666666658e-5 error="closed surface contact gap"
IMPLICIT_INFEASIBLE_PREDICTOR dt=6.51041666666666658e-5 internal_gap_open=true volume_open=true ccd=Ok(Some(7.569811175277487e-5)) nearest=Ok(Some(PrescribedContactFeature { distance_m: 8.343789803883914e-5, gap_m: -1.6562101961160863e-5, body_face: [6, 17, 10], obstacle_face_index: 3062, body_weights: [0.056376760404390665, 0.0, 0.9436232395956093], obstacle_weights: [0.08095954956777511, 0.0, 0.9190404504322249] }))
IMPLICIT_RESTORED_CONTACT_GUESS dt=6.51041666666666658e-5
IMPLICIT_WORK_COMPONENTS origin=[-0.08452674949387323, 0.6108288226680543, -0.10435593555215886] dt=6.51041666666666658e-5 non_surface_potential_defect_j=-2.26164573180476225e-15 prescribed_surface_defect_j=-7.53587373318567212e-3 kinematic_defect_j=-1.03703853872202382e-10 arithmetic_remainder_j=-5.60974992010827758e-16
IMPLICIT_WORK_REJECTION dt=6.51041666666666658e-5 defect_j=-7.53587383689234905e-3 budget_j=7.81250000000000064e-8 maximum_kinematic_residual_m=1.17271359181651824e-13
IMPLICIT_QUADRATURE_RETRY attempt=0 panels=2 reason="implicit contact work defect"
IMPLICIT_STAGE_REJECTION stage="local contact quadrature" dt=6.51041666666666658e-5 error="closed surface contact gap"
IMPLICIT_INFEASIBLE_PREDICTOR dt=6.51041666666666658e-5 internal_gap_open=true volume_open=true ccd=Ok(Some(7.569811175277487e-5)) nearest=Ok(Some(PrescribedContactFeature { distance_m: 8.343789803883914e-5, gap_m: -1.6562101961160863e-5, body_face: [6, 17, 10], obstacle_face_index: 3062, body_weights: [0.056376760404390665, 0.0, 0.9436232395956093], obstacle_weights: [0.08095954956777511, 0.0, 0.9190404504322249] }))
IMPLICIT_RESTORED_CONTACT_GUESS dt=6.51041666666666658e-5
IMPLICIT_WORK_COMPONENTS origin=[-0.08452674949387323, 0.6108288226680543, -0.10435593555215886] dt=6.51041666666666658e-5 non_surface_potential_defect_j=-1.43504999550181367e-15 prescribed_surface_defect_j=-6.49424451017591511e-3 kinematic_defect_j=6.88499673209024262e-10 arithmetic_remainder_j=4.39615817097375843e-16
IMPLICIT_WORK_REJECTION dt=6.51041666666666658e-5 defect_j=-6.49424382167723691e-3 budget_j=7.81250000000000064e-8 maximum_kinematic_residual_m=7.22543571401632577e-13
IMPLICIT_QUADRATURE_RETRY attempt=1 panels=3 reason="implicit contact work defect"
IMPLICIT_STAGE_REJECTION stage="local contact quadrature" dt=6.51041666666666658e-5 error="closed surface contact gap"
IMPLICIT_INFEASIBLE_PREDICTOR dt=6.51041666666666658e-5 internal_gap_open=true volume_open=true ccd=Ok(Some(7.569811175277487e-5)) nearest=Ok(Some(PrescribedContactFeature { distance_m: 8.343789803883914e-5, gap_m: -1.6562101961160863e-5, body_face: [6, 17, 10], obstacle_face_index: 3062, body_weights: [0.056376760404390665, 0.0, 0.9436232395956093], obstacle_weights: [0.08095954956777511, 0.0, 0.9190404504322249] }))
IMPLICIT_RESTORED_CONTACT_GUESS dt=6.51041666666666658e-5
IMPLICIT_WORK_COMPONENTS origin=[-0.08452674949387323, 0.6108288226680543, -0.10435593555215886] dt=6.51041666666666658e-5 non_surface_potential_defect_j=6.21031004399696940e-16 prescribed_surface_defect_j=-5.43652965020979297e-3 kinematic_defect_j=-8.10510852544447463e-10 arithmetic_remainder_j=2.32119638316147583e-16
IMPLICIT_WORK_REJECTION dt=6.51041666666666658e-5 defect_j=-5.43653046071979236e-3 budget_j=7.81250000000000064e-8 maximum_kinematic_residual_m=8.34736410716815577e-13
IMPLICIT_QUADRATURE_RETRY attempt=2 panels=4 reason="implicit contact work defect"
IMPLICIT_STAGE_REJECTION stage="local contact quadrature" dt=6.51041666666666658e-5 error="closed surface contact gap"
IMPLICIT_INFEASIBLE_PREDICTOR dt=6.51041666666666658e-5 internal_gap_open=true volume_open=true ccd=Ok(Some(7.569811175277487e-5)) nearest=Ok(Some(PrescribedContactFeature { distance_m: 8.343789803883914e-5, gap_m: -1.6562101961160863e-5, body_face: [6, 17, 10], obstacle_face_index: 3062, body_weights: [0.056376760404390665, 0.0, 0.9436232395956093], obstacle_weights: [0.08095954956777511, 0.0, 0.9190404504322249] }))
IMPLICIT_RESTORED_CONTACT_GUESS dt=6.51041666666666658e-5
IMPLICIT_WORK_COMPONENTS origin=[-0.08452674949387323, 0.6108288226680543, -0.10435593555215886] dt=6.51041666666666658e-5 non_surface_potential_defect_j=-4.43221848112074213e-16 prescribed_surface_defect_j=-4.37825953042774840e-3 kinematic_defect_j=-4.77811081951194037e-12 arithmetic_remainder_j=2.64298314103220047e-16
IMPLICIT_WORK_REJECTION dt=6.51041666666666658e-5 defect_j=-4.37825953520603814e-3 budget_j=7.81250000000000064e-8 maximum_kinematic_residual_m=4.28139579453264141e-15
IMPLICIT_QUADRATURE_RETRY attempt=3 panels=5 reason="implicit contact work defect"
IMPLICIT_STAGE_REJECTION stage="local contact quadrature" dt=6.51041666666666658e-5 error="closed surface contact gap"
IMPLICIT_INFEASIBLE_PREDICTOR dt=6.51041666666666658e-5 internal_gap_open=true volume_open=true ccd=Ok(Some(7.569811175277487e-5)) nearest=Ok(Some(PrescribedContactFeature { distance_m: 8.343789803883914e-5, gap_m: -1.6562101961160863e-5, body_face: [6, 17, 10], obstacle_face_index: 3062, body_weights: [0.056376760404390665, 0.0, 0.9436232395956093], obstacle_weights: [0.08095954956777511, 0.0, 0.9190404504322249] }))
IMPLICIT_RESTORED_CONTACT_GUESS dt=6.51041666666666658e-5
IMPLICIT_WORK_COMPONENTS origin=[-0.08452674949387323, 0.6108288226680543, -0.10435593555215886] dt=6.51041666666666658e-5 non_surface_potential_defect_j=-6.23633089613662150e-16 prescribed_surface_defect_j=-3.34079871559891679e-3 kinematic_defect_j=-6.95643503368834252e-11 arithmetic_remainder_j=-2.42898238449076962e-16
IMPLICIT_WORK_REJECTION dt=6.51041666666666658e-5 defect_j=-3.34079878516413365e-3 budget_j=7.81250000000000064e-8 maximum_kinematic_residual_m=6.28938700707355747e-14
IMPLICIT_QUADRATURE_RETRY attempt=4 panels=6 reason="implicit contact work defect"
IMPLICIT_STAGE_REJECTION stage="local contact quadrature" dt=6.51041666666666658e-5 error="closed surface contact gap"
IMPLICIT_INFEASIBLE_PREDICTOR dt=6.51041666666666658e-5 internal_gap_open=true volume_open=true ccd=Ok(Some(7.569811175277487e-5)) nearest=Ok(Some(PrescribedContactFeature { distance_m: 8.343789803883914e-5, gap_m: -1.6562101961160863e-5, body_face: [6, 17, 10], obstacle_face_index: 3062, body_weights: [0.056376760404390665, 0.0, 0.9436232395956093], obstacle_weights: [0.08095954956777511, 0.0, 0.9190404504322249] }))
IMPLICIT_RESTORED_CONTACT_GUESS dt=6.51041666666666658e-5
IMPLICIT_WORK_COMPONENTS origin=[-0.08452674949387323, 0.6108288226680543, -0.10435593555215886] dt=6.51041666666666658e-5 non_surface_potential_defect_j=-5.35595873207839190e-16 prescribed_surface_defect_j=-2.35731875737991937e-3 kinematic_defect_j=-3.77632506593670529e-11 arithmetic_remainder_j=5.76595232470262717e-16
IMPLICIT_WORK_REJECTION dt=6.51041666666666658e-5 defect_j=-2.35731879514312903e-3 budget_j=7.81250000000000064e-8 maximum_kinematic_residual_m=3.38939352929543136e-14
IMPLICIT_QUADRATURE_RETRY attempt=5 panels=7 reason="implicit contact work defect"
IMPLICIT_STAGE_REJECTION stage="local contact quadrature" dt=6.51041666666666658e-5 error="closed surface contact gap"
IMPLICIT_INFEASIBLE_PREDICTOR dt=6.51041666666666658e-5 internal_gap_open=true volume_open=true ccd=Ok(Some(7.569811175277487e-5)) nearest=Ok(Some(PrescribedContactFeature { distance_m: 8.343789803883914e-5, gap_m: -1.6562101961160863e-5, body_face: [6, 17, 10], obstacle_face_index: 3062, body_weights: [0.056376760404390665, 0.0, 0.9436232395956093], obstacle_weights: [0.08095954956777511, 0.0, 0.9190404504322249] }))
IMPLICIT_RESTORED_CONTACT_GUESS dt=6.51041666666666658e-5
IMPLICIT_WORK_COMPONENTS origin=[-0.08452674949387323, 0.6108288226680543, -0.10435593555215886] dt=6.51041666666666658e-5 non_surface_potential_defect_j=-9.58434720477185920e-17 prescribed_surface_defect_j=-1.47905226771104410e-3 kinematic_defect_j=8.08595530009694992e-10 arithmetic_remainder_j=3.99353164740826744e-16
IMPLICIT_WORK_REJECTION dt=6.51041666666666658e-5 defect_j=-1.47905145911521058e-3 budget_j=7.81250000000000064e-8 maximum_kinematic_residual_m=7.32894832401243847e-13
IMPLICIT_QUADRATURE_RETRY attempt=6 panels=8 reason="implicit contact work defect"
IMPLICIT_STAGE_REJECTION stage="local contact quadrature" dt=6.51041666666666658e-5 error="closed surface contact gap"
IMPLICIT_INFEASIBLE_PREDICTOR dt=6.51041666666666658e-5 internal_gap_open=true volume_open=true ccd=Ok(Some(7.569811175277487e-5)) nearest=Ok(Some(PrescribedContactFeature { distance_m: 8.343789803883914e-5, gap_m: -1.6562101961160863e-5, body_face: [6, 17, 10], obstacle_face_index: 3062, body_weights: [0.056376760404390665, 0.0, 0.9436232395956093], obstacle_weights: [0.08095954956777511, 0.0, 0.9190404504322249] }))
IMPLICIT_RESTORED_CONTACT_GUESS dt=6.51041666666666658e-5
IMPLICIT_WORK_COMPONENTS origin=[-0.08452674949387323, 0.6108288226680543, -0.10435593555215886] dt=6.51041666666666658e-5 non_surface_potential_defect_j=-1.16790258020138538e-15 prescribed_surface_defect_j=-7.74947228260479968e-4 kinematic_defect_j=4.78974112990805879e-10 arithmetic_remainder_j=-3.74281413018573081e-16
IMPLICIT_WORK_REJECTION dt=6.51041666666666658e-5 defect_j=-7.74946749287909161e-4 budget_j=7.81250000000000064e-8 maximum_kinematic_residual_m=4.27341069635426250e-13
IMPLICIT_QUADRATURE_RETRY attempt=7 panels=9 reason="implicit contact work defect"
IMPLICIT_STAGE_REJECTION stage="local contact quadrature" dt=6.51041666666666658e-5 error="closed surface contact gap"
IMPLICIT_INFEASIBLE_PREDICTOR dt=6.51041666666666658e-5 internal_gap_open=true volume_open=true ccd=Ok(Some(7.569811175277487e-5)) nearest=Ok(Some(PrescribedContactFeature { distance_m: 8.343789803883914e-5, gap_m: -1.6562101961160863e-5, body_face: [6, 17, 10], obstacle_face_index: 3062, body_weights: [0.056376760404390665, 0.0, 0.9436232395956093], obstacle_weights: [0.08095954956777511, 0.0, 0.9190404504322249] }))
IMPLICIT_RESTORED_CONTACT_GUESS dt=6.51041666666666658e-5
IMPLICIT_WORK_COMPONENTS origin=[-0.08452674949387323, 0.6108288226680543, -0.10435593555215886] dt=6.51041666666666658e-5 non_surface_potential_defect_j=-2.77642492330087975e-15 prescribed_surface_defect_j=-3.08036480145019585e-4 kinematic_defect_j=5.15306623398117296e-10 arithmetic_remainder_j=5.06695109047522463e-17
IMPLICIT_WORK_REJECTION dt=6.51041666666666658e-5 defect_j=-3.08035964841121943e-4 budget_j=7.81250000000000064e-8 maximum_kinematic_residual_m=4.55313365406873755e-13
IMPLICIT_QUADRATURE_RETRY attempt=8 panels=10 reason="implicit contact work defect"
IMPLICIT_STAGE_REJECTION stage="local contact quadrature" dt=6.51041666666666658e-5 error="closed surface contact gap"
IMPLICIT_INFEASIBLE_PREDICTOR dt=6.51041666666666658e-5 internal_gap_open=true volume_open=true ccd=Ok(Some(7.569811175277487e-5)) nearest=Ok(Some(PrescribedContactFeature { distance_m: 8.343789803883914e-5, gap_m: -1.6562101961160863e-5, body_face: [6, 17, 10], obstacle_face_index: 3062, body_weights: [0.056376760404390665, 0.0, 0.9436232395956093], obstacle_weights: [0.08095954956777511, 0.0, 0.9190404504322249] }))
IMPLICIT_RESTORED_CONTACT_GUESS dt=6.51041666666666658e-5
IMPLICIT_WORK_COMPONENTS origin=[-0.08452674949387323, 0.6108288226680543, -0.10435593555215886] dt=6.51041666666666658e-5 non_surface_potential_defect_j=-4.16767315103427904e-16 prescribed_surface_defect_j=-8.14037381965067633e-5 kinematic_defect_j=5.63478886265624076e-10 arithmetic_remainder_j=6.83162247509339158e-16
IMPLICIT_WORK_REJECTION dt=6.51041666666666658e-5 defect_j=-8.14031747173541028e-5 budget_j=7.81250000000000064e-8 maximum_kinematic_residual_m=4.95407981673280651e-13
IMPLICIT_QUADRATURE_RETRY attempt=9 panels=11 reason="implicit contact work defect"
IMPLICIT_STAGE_REJECTION stage="local contact quadrature" dt=6.51041666666666658e-5 error="closed surface contact gap"
IMPLICIT_INFEASIBLE_PREDICTOR dt=6.51041666666666658e-5 internal_gap_open=true volume_open=true ccd=Ok(Some(7.569811175277487e-5)) nearest=Ok(Some(PrescribedContactFeature { distance_m: 8.343789803883914e-5, gap_m: -1.6562101961160863e-5, body_face: [6, 17, 10], obstacle_face_index: 3062, body_weights: [0.056376760404390665, 0.0, 0.9436232395956093], obstacle_weights: [0.08095954956777511, 0.0, 0.9190404504322249] }))
IMPLICIT_RESTORED_CONTACT_GUESS dt=6.51041666666666658e-5
IMPLICIT_WORK_COMPONENTS origin=[-0.08452674949387323, 0.6108288226680543, -0.10435593555215886] dt=6.51041666666666658e-5 non_surface_potential_defect_j=-3.00540842212981829e-16 prescribed_surface_defect_j=-1.22170355222227180e-5 kinematic_defect_j=5.90423114970355950e-10 arithmetic_remainder_j=1.49562407441704726e-16
IMPLICIT_WORK_REJECTION dt=6.51041666666666658e-5 defect_j=-1.22164450992587261e-5 budget_j=7.81250000000000064e-8 maximum_kinematic_residual_m=5.18336960267547220e-13
IMPLICIT_QUADRATURE_RETRY attempt=10 panels=12 reason="implicit contact work defect"
IMPLICIT_STAGE_REJECTION stage="local contact quadrature" dt=6.51041666666666658e-5 error="closed surface contact gap"
IMPLICIT_INFEASIBLE_PREDICTOR dt=6.51041666666666658e-5 internal_gap_open=true volume_open=true ccd=Ok(Some(7.569811175277487e-5)) nearest=Ok(Some(PrescribedContactFeature { distance_m: 8.343789803883914e-5, gap_m: -1.6562101961160863e-5, body_face: [6, 17, 10], obstacle_face_index: 3062, body_weights: [0.056376760404390665, 0.0, 0.9436232395956093], obstacle_weights: [0.08095954956777511, 0.0, 0.9190404504322249] }))
IMPLICIT_RESTORED_CONTACT_GUESS dt=6.51041666666666658e-5
IMPLICIT_WORK_COMPONENTS origin=[-0.08452674949387323, 0.6108288226680543, -0.10435593555215886] dt=6.51041666666666658e-5 non_surface_potential_defect_j=-2.01227923213309623e-16 prescribed_surface_defect_j=-8.79524775005449374e-7 kinematic_defect_j=6.00060693755821912e-10 arithmetic_remainder_j=4.15552669857065238e-16
IMPLICIT_WORK_REJECTION dt=6.51041666666666658e-5 defect_j=-8.78924714097368805e-7 budget_j=7.81250000000000064e-8 maximum_kinematic_residual_m=5.26687421025526584e-13
IMPLICIT_QUADRATURE_RETRY attempt=11 panels=13 reason="implicit contact work defect"
IMPLICIT_STAGE_REJECTION stage="local contact quadrature" dt=6.51041666666666658e-5 error="closed surface contact gap"
IMPLICIT_INFEASIBLE_PREDICTOR dt=6.51041666666666658e-5 internal_gap_open=true volume_open=true ccd=Ok(Some(7.569811175277487e-5)) nearest=Ok(Some(PrescribedContactFeature { distance_m: 8.343789803883914e-5, gap_m: -1.6562101961160863e-5, body_face: [6, 17, 10], obstacle_face_index: 3062, body_weights: [0.056376760404390665, 0.0, 0.9436232395956093], obstacle_weights: [0.08095954956777511, 0.0, 0.9190404504322249] }))
IMPLICIT_RESTORED_CONTACT_GUESS dt=6.51041666666666658e-5
IMPLICIT_FEASIBLE_VELOCITY_PREDICTOR dt=6.51041666666666658e-5
IMPLICIT_WORK_COMPONENTS origin=[-0.08454191421853119, 0.6108278080444627, -0.10436165277668014] dt=6.51041666666666658e-5 non_surface_potential_defect_j=-1.21690851839773018e-15 prescribed_surface_defect_j=-8.74332615437168611e-8 kinematic_defect_j=2.70010372326115195e-12 arithmetic_remainder_j=-1.53427376428378736e-15
IMPLICIT_WORK_REJECTION dt=6.51041666666666658e-5 defect_j=-8.74305641911758826e-8 budget_j=7.81250000000000064e-8 maximum_kinematic_residual_m=7.85644579991487402e-13
IMPLICIT_QUADRATURE_RETRY attempt=0 panels=2 reason="implicit contact work defect"
IMPLICIT_FEASIBLE_VELOCITY_PREDICTOR dt=6.51041666666666658e-5
IMPLICIT_FEASIBLE_VELOCITY_PREDICTOR dt=6.51041666666666658e-5
IMPLICIT_FEASIBLE_VELOCITY_PREDICTOR dt=6.51041666666666658e-5
IMPLICIT_FEASIBLE_VELOCITY_PREDICTOR dt=6.51041666666666658e-5
IMPLICIT_FEASIBLE_VELOCITY_PREDICTOR dt=6.51041666666666658e-5
IMPLICIT_FEASIBLE_VELOCITY_PREDICTOR dt=6.51041666666666658e-5
IMPLICIT_FEASIBLE_VELOCITY_PREDICTOR dt=6.51041666666666658e-5
IMPLICIT_FEASIBLE_VELOCITY_PREDICTOR dt=6.51041666666666658e-5
IMPLICIT_FEASIBLE_VELOCITY_PREDICTOR dt=6.51041666666666658e-5
IMPLICIT_FEASIBLE_VELOCITY_PREDICTOR dt=1.04166666666666665e-3
IMPLICIT_FEASIBLE_VELOCITY_PREDICTOR dt=1.04166666666666665e-3
IMPLICIT_FEASIBLE_VELOCITY_PREDICTOR dt=1.04166666666666665e-3
IMPLICIT_FEASIBLE_VELOCITY_PREDICTOR dt=1.30208333333333332e-4
IMPLICIT_FEASIBLE_VELOCITY_PREDICTOR dt=1.04166666666666665e-3
IMPLICIT_FEASIBLE_VELOCITY_PREDICTOR dt=1.04166666666666665e-3
IMPLICIT_FEASIBLE_VELOCITY_PREDICTOR dt=1.30208333333333332e-4
IMPLICIT_FEASIBLE_VELOCITY_PREDICTOR dt=1.04166666666666665e-3
IMPLICIT_FEASIBLE_VELOCITY_PREDICTOR dt=1.04166666666666665e-3
IMPLICIT_FEASIBLE_VELOCITY_PREDICTOR dt=1.04166666666666665e-3
IMPLICIT_FEASIBLE_VELOCITY_PREDICTOR dt=1.30208333333333332e-4
IMPLICIT_FEASIBLE_VELOCITY_PREDICTOR dt=1.04166666666666665e-3
IMPLICIT_FEASIBLE_VELOCITY_PREDICTOR dt=1.04166666666666665e-3
IMPLICIT_FEASIBLE_VELOCITY_PREDICTOR dt=1.04166666666666665e-3
IMPLICIT_FEASIBLE_VELOCITY_PREDICTOR dt=1.30208333333333332e-4
IMPLICIT_FEASIBLE_VELOCITY_PREDICTOR dt=1.04166666666666665e-3
IMPLICIT_FEASIBLE_VELOCITY_PREDICTOR dt=1.30208333333333332e-4
IMPLICIT_FEASIBLE_VELOCITY_PREDICTOR dt=1.30208333333333332e-4
IMPLICIT_LINE_SEARCH_REJECTION iteration=21 dt=1.30208333333333332e-4 weighted_residual_j=9.67066843292765793e-2 residual_budget_j=9.99999999999999980e-13 slope_j=-9.89537997165188254e-2 objective_noise_j=1.09180674401241149e-11 alpha=3.55271367880050093e-15 gap_trials=48 volume_trials=48 safe_trials=0 objective_trials=0 smallest_objective_change_j=inf smallest_trial_norm_j=inf
IMPLICIT_QUADRATURE_RETRY attempt=0 panels=2 reason="implicit contact path quadrature refinement"
IMPLICIT_LINE_SEARCH_REJECTION iteration=45 dt=1.30208333333333332e-4 weighted_residual_j=1.55582279175551109e-3 residual_budget_j=9.99999999999999980e-13 slope_j=-1.62223257887952519e-3 objective_noise_j=1.13604352678782658e-11 alpha=3.55271367880050093e-15 gap_trials=48 volume_trials=48 safe_trials=0 objective_trials=0 smallest_objective_change_j=inf smallest_trial_norm_j=inf
IMPLICIT_QUADRATURE_RETRY attempt=1 panels=3 reason="implicit contact path quadrature refinement"
IMPLICIT_LINE_SEARCH_REJECTION iteration=28 dt=1.30208333333333332e-4 weighted_residual_j=1.07752589465901611e-3 residual_budget_j=9.99999999999999980e-13 slope_j=-7.13124717914239326e-4 objective_noise_j=1.18762918629104092e-11 alpha=3.55271367880050093e-15 gap_trials=48 volume_trials=48 safe_trials=0 objective_trials=0 smallest_objective_change_j=inf smallest_trial_norm_j=inf
IMPLICIT_QUADRATURE_RETRY attempt=2 panels=4 reason="implicit contact path quadrature refinement"
IMPLICIT_LINE_SEARCH_REJECTION iteration=21 dt=1.30208333333333332e-4 weighted_residual_j=7.62585036260960683e-4 residual_budget_j=9.99999999999999980e-13 slope_j=-2.01529873037389955e-4 objective_noise_j=1.23933187548368757e-11 alpha=3.55271367880050093e-15 gap_trials=48 volume_trials=48 safe_trials=0 objective_trials=0 smallest_objective_change_j=inf smallest_trial_norm_j=inf
IMPLICIT_QUADRATURE_RETRY attempt=3 panels=5 reason="implicit contact path quadrature refinement"
IMPLICIT_CONTACT_FRAME_DIFFERENCE dt=1.30208333333333332e-4 maximum_endpoint_roundoff_m=1.11022302462515654e-16 maximum_force_difference_n=9.36771584747475572e-8 objective_difference_j=-1.12201914426179883e-14
IMPLICIT_NONLINEAR_LIMIT dt=1.30208333333333332e-4 weighted_residual_j=3.58103388703261984e-4 residual_budget_j=9.99999999999999980e-13 residual_impulse_work_j=-2.27430849214406905e-3 impulse_work_budget_j=1.25000000000000003e-9 maximum_residual_n=7.79704126953790535e1 maximum_direction_m=6.46638635891954966e-7 maximum_diagonal_n_m=1.81438117356495571e9 minimum_inertia_n_m=1.03514112000000048e7
IMPLICIT_LAST_STEP alpha=7.10542735760100186e-15 maximum_applied_increment_m=4.65868120989865186e-21
IMPLICIT_NONCONVERGED_WORK_REFINEMENT kind=contact dt=1.30208333333333332e-4 panels=6
IMPLICIT_QUADRATURE_RETRY attempt=4 panels=6 reason="implicit contact work defect"
IMPLICIT_LINE_SEARCH_REJECTION iteration=28 dt=1.30208333333333332e-4 weighted_residual_j=1.43455604757638242e-4 residual_budget_j=9.99999999999999980e-13 slope_j=-7.45124069014300923e-5 objective_noise_j=1.34219108903679537e-11 alpha=3.55271367880050093e-15 gap_trials=48 volume_trials=48 safe_trials=0 objective_trials=0 smallest_objective_change_j=inf smallest_trial_norm_j=inf
IMPLICIT_QUADRATURE_RETRY attempt=5 panels=7 reason="implicit contact path quadrature refinement"
IMPLICIT_CONTACT_FRAME_DIFFERENCE dt=1.30208333333333332e-4 maximum_endpoint_roundoff_m=1.11022302462515654e-16 maximum_force_difference_n=1.95543748304771725e-7 objective_difference_j=-9.65200142033495467e-15
IMPLICIT_NONLINEAR_LIMIT dt=1.30208333333333332e-4 weighted_residual_j=2.63747615145359680e-5 residual_budget_j=9.99999999999999980e-13 residual_impulse_work_j=-7.60845013897487122e-4 impulse_work_budget_j=1.25000000000000003e-9 maximum_residual_n=2.11333524574548619e1 maximum_direction_m=3.30203582999036043e-8 maximum_diagonal_n_m=7.24758869976026726e9 minimum_inertia_n_m=1.03514112000000048e7
IMPLICIT_LAST_STEP alpha=2.27373675443232059e-13 maximum_applied_increment_m=6.77626357803440271e-21
IMPLICIT_NONCONVERGED_WORK_REFINEMENT kind=contact dt=1.30208333333333332e-4 panels=8
IMPLICIT_QUADRATURE_RETRY attempt=6 panels=8 reason="implicit contact work defect"
IMPLICIT_WORK_COMPONENTS origin=[-0.08486670490969801, 0.6107357131173552, -0.10443787813711558] dt=1.30208333333333332e-4 non_surface_potential_defect_j=-1.25420507313123153e-15 prescribed_surface_defect_j=2.52698646352109710e-3 kinematic_defect_j=3.44990881204120051e-10 arithmetic_remainder_j=-4.39607982042613740e-16
IMPLICIT_WORK_REJECTION dt=1.30208333333333332e-4 defect_j=2.52698680851028449e-3 budget_j=1.56250000000000013e-7 maximum_kinematic_residual_m=5.47548687163459946e-12
IMPLICIT_QUADRATURE_RETRY attempt=7 panels=9 reason="implicit contact work defect"
IMPLICIT_WORK_COMPONENTS origin=[-0.08486670490969801, 0.6107357131173552, -0.10443787813711558] dt=1.30208333333333332e-4 non_surface_potential_defect_j=-1.17787724018825202e-15 prescribed_surface_defect_j=4.43419352820489422e-4 kinematic_defect_j=-3.53190053277370767e-11 arithmetic_remainder_j=-6.67206158486317868e-16
IMPLICIT_WORK_REJECTION dt=1.30208333333333332e-4 defect_j=4.43419317499639011e-4 budget_j=1.56250000000000013e-7 maximum_kinematic_residual_m=1.04174684829004549e-13
IMPLICIT_QUADRATURE_RETRY attempt=8 panels=10 reason="implicit contact work defect"
IMPLICIT_WORK_COMPONENTS origin=[-0.08486670490969801, 0.6107357131173552, -0.10443787813711558] dt=1.30208333333333332e-4 non_surface_potential_defect_j=-5.03069808033274057e-17 prescribed_surface_defect_j=8.70858307202878983e-5 kinematic_defect_j=-6.36694447544637160e-10 arithmetic_remainder_j=3.10461715607697822e-16
IMPLICIT_WORK_REJECTION dt=1.30208333333333332e-4 defect_j=8.70851940261005084e-5 budget_j=1.56250000000000013e-7 maximum_kinematic_residual_m=1.87216727716302614e-12
IMPLICIT_QUADRATURE_RETRY attempt=9 panels=11 reason="implicit contact work defect"
IMPLICIT_WORK_COMPONENTS origin=[-0.08486670490969801, 0.6107357131173552, -0.10443787813711558] dt=1.30208333333333332e-4 non_surface_potential_defect_j=-2.63677968348474678e-16 prescribed_surface_defect_j=1.16122255922070615e-5 kinematic_defect_j=1.97613374011777190e-11 arithmetic_remainder_j=4.87027004012277609e-17
IMPLICIT_WORK_REJECTION dt=1.30208333333333332e-4 defect_j=1.16122453533294874e-5 budget_j=1.56250000000000013e-7 maximum_kinematic_residual_m=5.79679059202649338e-14
IMPLICIT_QUADRATURE_RETRY attempt=10 panels=12 reason="implicit contact work defect"
IMPLICIT_WORK_COMPONENTS origin=[-0.08486670490969801, 0.6107357131173552, -0.10443787813711558] dt=1.30208333333333332e-4 non_surface_potential_defect_j=-1.65145674912992035e-15 prescribed_surface_defect_j=7.97213983259360826e-7 kinematic_defect_j=1.77390288301163955e-11 arithmetic_remainder_j=4.32979102197401586e-16
IMPLICIT_WORK_REJECTION dt=1.30208333333333332e-4 defect_j=7.97231721069713295e-7 budget_j=1.56250000000000013e-7 maximum_kinematic_residual_m=5.10616261729587850e-14
IMPLICIT_QUADRATURE_RETRY attempt=11 panels=13 reason="implicit contact work defect"
IMPLICIT_STAGE_REJECTION stage="local contact quadrature" dt=1.30208333333333332e-4 error="closed surface contact gap"
IMPLICIT_INFEASIBLE_PREDICTOR dt=1.30208333333333332e-4 internal_gap_open=true volume_open=true ccd=Ok(Some(0.0007537200805560105)) nearest=Ok(Some(PrescribedContactFeature { distance_m: 4.629518349461231e-5, gap_m: -5.3704816505387695e-5, body_face: [10, 7, 11], obstacle_face_index: 1308, body_weights: [0.11517479456420887, 0.5515326856211712, 0.33329251981461994], obstacle_weights: [1.0, 0.0, 0.0] }))
IMPLICIT_RESTORED_CONTACT_GUESS dt=1.30208333333333332e-4
IMPLICIT_LINE_SEARCH_REJECTION iteration=24 dt=1.30208333333333332e-4 weighted_residual_j=3.87426891307883006e-2 residual_budget_j=9.99999999999999980e-13 slope_j=-3.27609634927173154e-2 objective_noise_j=2.57356406824127092e-11 alpha=3.55271367880050093e-15 gap_trials=48 volume_trials=48 safe_trials=0 objective_trials=0 smallest_objective_change_j=inf smallest_trial_norm_j=inf
IMPLICIT_QUADRATURE_RETRY attempt=0 panels=2 reason="implicit contact path quadrature refinement"
IMPLICIT_STAGE_REJECTION stage="local contact quadrature" dt=1.30208333333333332e-4 error="closed surface contact gap"
IMPLICIT_INFEASIBLE_PREDICTOR dt=1.30208333333333332e-4 internal_gap_open=true volume_open=true ccd=Ok(Some(0.0007537200805560105)) nearest=Ok(Some(PrescribedContactFeature { distance_m: 4.629518349461231e-5, gap_m: -5.3704816505387695e-5, body_face: [10, 7, 11], obstacle_face_index: 1308, body_weights: [0.11517479456420887, 0.5515326856211712, 0.33329251981461994], obstacle_weights: [1.0, 0.0, 0.0] }))
IMPLICIT_RESTORED_CONTACT_GUESS dt=1.30208333333333332e-4
IMPLICIT_LINE_SEARCH_REJECTION iteration=21 dt=1.30208333333333332e-4 weighted_residual_j=4.42067984016540627e-2 residual_budget_j=9.99999999999999980e-13 slope_j=-4.16648538795734019e-2 objective_noise_j=2.81697981069193960e-11 alpha=3.55271367880050093e-15 gap_trials=48 volume_trials=48 safe_trials=1 objective_trials=1 smallest_objective_change_j=2.66453525910037570e-15 smallest_trial_norm_j=4.42067984016605367e-2
IMPLICIT_STAGE_REJECTION stage="local contact quadrature" dt=6.51041666666666658e-5 error="closed surface contact gap"
IMPLICIT_INFEASIBLE_PREDICTOR dt=6.51041666666666658e-5 internal_gap_open=true volume_open=true ccd=Ok(Some(0.0015074401608381198)) nearest=Ok(Some(PrescribedContactFeature { distance_m: 8.073307205009485e-5, gap_m: -1.926692794990515e-5, body_face: [10, 7, 11], obstacle_face_index: 1308, body_weights: [0.1152094241040641, 0.5514225591865246, 0.3333680167094113], obstacle_weights: [1.0, 0.0, 0.0] }))
IMPLICIT_STAGE_REJECTION stage="local contact quadrature" dt=3.25520833333333329e-5 error="closed surface contact gap"
IMPLICIT_INFEASIBLE_PREDICTOR dt=3.25520833333333329e-5 internal_gap_open=true volume_open=true ccd=Ok(Some(0.0030148803222050666)) nearest=Ok(Some(PrescribedContactFeature { distance_m: 9.794908391977931e-5, gap_m: -2.050916080220696e-6, body_face: [10, 7, 11], obstacle_face_index: 1308, body_weights: [0.11522686497274137, 0.5513672480537432, 0.3334058869735155], obstacle_weights: [1.0, 0.0, 0.0] }))
IMPLICIT_RESTORED_CONTACT_GUESS dt=3.25520833333333329e-5
IMPLICIT_LINE_SEARCH_REJECTION iteration=29 dt=3.25520833333333329e-5 weighted_residual_j=5.43054037958169439e-4 residual_budget_j=9.99999999999999980e-13 slope_j=-5.47027929770965032e-4 objective_noise_j=3.71328416706571387e-11 alpha=3.55271367880050093e-15 gap_trials=48 volume_trials=48 safe_trials=0 objective_trials=0 smallest_objective_change_j=inf smallest_trial_norm_j=inf
IMPLICIT_QUADRATURE_RETRY attempt=0 panels=2 reason="implicit contact path quadrature refinement"
IMPLICIT_STAGE_REJECTION stage="local contact quadrature" dt=3.25520833333333329e-5 error="closed surface contact gap"
IMPLICIT_INFEASIBLE_PREDICTOR dt=3.25520833333333329e-5 internal_gap_open=true volume_open=true ccd=Ok(Some(0.0030148803222050666)) nearest=Ok(Some(PrescribedContactFeature { distance_m: 9.794908391977931e-5, gap_m: -2.050916080220696e-6, body_face: [10, 7, 11], obstacle_face_index: 1308, body_weights: [0.11522686497274137, 0.5513672480537432, 0.3334058869735155], obstacle_weights: [1.0, 0.0, 0.0] }))
IMPLICIT_RESTORED_CONTACT_GUESS dt=3.25520833333333329e-5
IMPLICIT_CONTACT_FRAME_DIFFERENCE dt=3.25520833333333329e-5 maximum_endpoint_roundoff_m=2.77555756156289135e-17 maximum_force_difference_n=8.13122369436314330e-8 objective_difference_j=3.14366588316516982e-13
IMPLICIT_NONLINEAR_LIMIT dt=3.25520833333333329e-5 weighted_residual_j=5.75225437089741556e-6 residual_budget_j=9.99999999999999980e-13 residual_impulse_work_j=-9.16858166641323024e-5 impulse_work_budget_j=1.25000000000000003e-9 maximum_residual_n=3.15810452544541249e1 maximum_direction_m=6.84557393946243855e-8 maximum_diagonal_n_m=1.46218687067970395e9 minimum_inertia_n_m=1.65622579200000077e8
IMPLICIT_LAST_STEP alpha=7.10542735760100186e-15 maximum_applied_increment_m=4.23516473627150170e-22
IMPLICIT_NONCONVERGED_WORK_REFINEMENT kind=contact dt=3.25520833333333329e-5 panels=3
IMPLICIT_QUADRATURE_RETRY attempt=1 panels=3 reason="implicit contact work defect"
IMPLICIT_STAGE_REJECTION stage="local contact quadrature" dt=3.25520833333333329e-5 error="closed surface contact gap"
IMPLICIT_INFEASIBLE_PREDICTOR dt=3.25520833333333329e-5 internal_gap_open=true volume_open=true ccd=Ok(Some(0.0030148803222050666)) nearest=Ok(Some(PrescribedContactFeature { distance_m: 9.794908391977931e-5, gap_m: -2.050916080220696e-6, body_face: [10, 7, 11], obstacle_face_index: 1308, body_weights: [0.11522686497274137, 0.5513672480537432, 0.3334058869735155], obstacle_weights: [1.0, 0.0, 0.0] }))
IMPLICIT_RESTORED_CONTACT_GUESS dt=3.25520833333333329e-5
IMPLICIT_CONTACT_FRAME_DIFFERENCE dt=3.25520833333333329e-5 maximum_endpoint_roundoff_m=2.77555756156289135e-17 maximum_force_difference_n=1.15066995931556448e-7 objective_difference_j=4.51819137659015269e-13
IMPLICIT_NONLINEAR_LIMIT dt=3.25520833333333329e-5 weighted_residual_j=8.65470718536142306e-7 residual_budget_j=9.99999999999999980e-13 residual_impulse_work_j=-9.87152800885009147e-5 impulse_work_budget_j=1.25000000000000003e-9 maximum_residual_n=1.00931703313725052e1 maximum_direction_m=3.78103555378871467e-8 maximum_diagonal_n_m=1.46218687067970395e9 minimum_inertia_n_m=1.65622579200000077e8
IMPLICIT_LAST_STEP alpha=2.84217094304040074e-14 maximum_applied_increment_m=8.47032947254300339e-22
IMPLICIT_NONCONVERGED_WORK_REFINEMENT kind=contact dt=3.25520833333333329e-5 panels=4
IMPLICIT_QUADRATURE_RETRY attempt=2 panels=4 reason="implicit contact work defect"
IMPLICIT_STAGE_REJECTION stage="local contact quadrature" dt=3.25520833333333329e-5 error="closed surface contact gap"
IMPLICIT_INFEASIBLE_PREDICTOR dt=3.25520833333333329e-5 internal_gap_open=true volume_open=true ccd=Ok(Some(0.0030148803222050666)) nearest=Ok(Some(PrescribedContactFeature { distance_m: 9.794908391977931e-5, gap_m: -2.050916080220696e-6, body_face: [10, 7, 11], obstacle_face_index: 1308, body_weights: [0.11522686497274137, 0.5513672480537432, 0.3334058869735155], obstacle_weights: [1.0, 0.0, 0.0] }))
IMPLICIT_RESTORED_CONTACT_GUESS dt=3.25520833333333329e-5
IMPLICIT_WORK_COMPONENTS origin=[-0.08490068360290626, 0.6107197564183253, -0.10443829025893456] dt=3.25520833333333329e-5 non_surface_potential_defect_j=-1.32381085260480091e-16 prescribed_surface_defect_j=-3.25096186105564055e-3 kinematic_defect_j=1.18353127220670200e-9 arithmetic_remainder_j=1.17171740483758193e-15
IMPLICIT_WORK_REJECTION dt=3.25520833333333329e-5 defect_j=-3.25096067752332889e-3 budget_j=3.90625000000000032e-8 maximum_kinematic_residual_m=8.16345158721645640e-13
IMPLICIT_QUADRATURE_RETRY attempt=3 panels=5 reason="implicit contact work defect"
IMPLICIT_STAGE_REJECTION stage="local contact quadrature" dt=3.25520833333333329e-5 error="closed surface contact gap"
IMPLICIT_INFEASIBLE_PREDICTOR dt=3.25520833333333329e-5 internal_gap_open=true volume_open=true ccd=Ok(Some(0.0030148803222050666)) nearest=Ok(Some(PrescribedContactFeature { distance_m: 9.794908391977931e-5, gap_m: -2.050916080220696e-6, body_face: [10, 7, 11], obstacle_face_index: 1308, body_weights: [0.11522686497274137, 0.5513672480537432, 0.3334058869735155], obstacle_weights: [1.0, 0.0, 0.0] }))
IMPLICIT_RESTORED_CONTACT_GUESS dt=3.25520833333333329e-5
IMPLICIT_WORK_COMPONENTS origin=[-0.08490068360290626, 0.6107197564183253, -0.10443829025893456] dt=3.25520833333333329e-5 non_surface_potential_defect_j=9.06040650491823918e-16 prescribed_surface_defect_j=-2.62847148399028042e-3 kinematic_defect_j=-7.69662117347220961e-11 arithmetic_remainder_j=6.96176696985664669e-16
IMPLICIT_WORK_REJECTION dt=3.25520833333333329e-5 defect_j=-2.62847156095489002e-3 budget_j=3.90625000000000032e-8 maximum_kinematic_residual_m=1.73036379739728921e-13
IMPLICIT_QUADRATURE_RETRY attempt=4 panels=6 reason="implicit contact work defect"
IMPLICIT_STAGE_REJECTION stage="local contact quadrature" dt=3.25520833333333329e-5 error="closed surface contact gap"
IMPLICIT_INFEASIBLE_PREDICTOR dt=3.25520833333333329e-5 internal_gap_open=true volume_open=true ccd=Ok(Some(0.0030148803222050666)) nearest=Ok(Some(PrescribedContactFeature { distance_m: 9.794908391977931e-5, gap_m: -2.050916080220696e-6, body_face: [10, 7, 11], obstacle_face_index: 1308, body_weights: [0.11522686497274137, 0.5513672480537432, 0.3334058869735155], obstacle_weights: [1.0, 0.0, 0.0] }))
IMPLICIT_RESTORED_CONTACT_GUESS dt=3.25520833333333329e-5
IMPLICIT_WORK_COMPONENTS origin=[-0.08490068360290626, 0.6107197564183253, -0.10443829025893456] dt=3.25520833333333329e-5 non_surface_potential_defect_j=-5.65330117788254150e-16 prescribed_surface_defect_j=-1.83803378309991107e-3 kinematic_defect_j=2.34466452592464714e-11 arithmetic_remainder_j=5.03694071315400477e-16
IMPLICIT_WORK_REJECTION dt=3.25520833333333329e-5 defect_j=-1.83803375965332742e-3 budget_j=3.90625000000000032e-8 maximum_kinematic_residual_m=3.42512408951604896e-14
IMPLICIT_QUADRATURE_RETRY attempt=5 panels=7 reason="implicit contact work defect"
IMPLICIT_STAGE_REJECTION stage="local contact quadrature" dt=3.25520833333333329e-5 error="closed surface contact gap"
IMPLICIT_INFEASIBLE_PREDICTOR dt=3.25520833333333329e-5 internal_gap_open=true volume_open=true ccd=Ok(Some(0.0030148803222050666)) nearest=Ok(Some(PrescribedContactFeature { distance_m: 9.794908391977931e-5, gap_m: -2.050916080220696e-6, body_face: [10, 7, 11], obstacle_face_index: 1308, body_weights: [0.11522686497274137, 0.5513672480537432, 0.3334058869735155], obstacle_weights: [1.0, 0.0, 0.0] }))
IMPLICIT_RESTORED_CONTACT_GUESS dt=3.25520833333333329e-5
IMPLICIT_WORK_COMPONENTS origin=[-0.08490068360290626, 0.6107197564183253, -0.10443829025893456] dt=3.25520833333333329e-5 non_surface_potential_defect_j=7.19097090901010816e-17 prescribed_surface_defect_j=-1.08328675408620985e-3 kinematic_defect_j=2.89252523895169584e-10 arithmetic_remainder_j=8.02257091596543515e-16
IMPLICIT_WORK_REJECTION dt=3.25520833333333329e-5 defect_j=-1.08328646483281171e-3 budget_j=3.90625000000000032e-8 maximum_kinematic_residual_m=2.14655306333619289e-13
IMPLICIT_QUADRATURE_RETRY attempt=6 panels=8 reason="implicit contact work defect"
IMPLICIT_STAGE_REJECTION stage="local contact quadrature" dt=3.25520833333333329e-5 error="closed surface contact gap"
IMPLICIT_INFEASIBLE_PREDICTOR dt=3.25520833333333329e-5 internal_gap_open=true volume_open=true ccd=Ok(Some(0.0030148803222050666)) nearest=Ok(Some(PrescribedContactFeature { distance_m: 9.794908391977931e-5, gap_m: -2.050916080220696e-6, body_face: [10, 7, 11], obstacle_face_index: 1308, body_weights: [0.11522686497274137, 0.5513672480537432, 0.3334058869735155], obstacle_weights: [1.0, 0.0, 0.0] }))
IMPLICIT_RESTORED_CONTACT_GUESS dt=3.25520833333333329e-5
IMPLICIT_WORK_COMPONENTS origin=[-0.08490068360290626, 0.6107197564183253, -0.10443829025893456] dt=3.25520833333333329e-5 non_surface_potential_defect_j=1.93096406919668340e-16 prescribed_surface_defect_j=-4.80740851028141954e-4 kinematic_defect_j=-7.87401060835591547e-10 arithmetic_remainder_j=9.59876794069886366e-16
IMPLICIT_WORK_REJECTION dt=3.25520833333333329e-5 defect_j=-4.80741638428049817e-4 budget_j=3.90625000000000032e-8 maximum_kinematic_residual_m=8.57694127444916590e-13
IMPLICIT_QUADRATURE_RETRY attempt=7 panels=9 reason="implicit contact work defect"
IMPLICIT_STAGE_REJECTION stage="local contact quadrature" dt=3.25520833333333329e-5 error="closed surface contact gap"
IMPLICIT_INFEASIBLE_PREDICTOR dt=3.25520833333333329e-5 internal_gap_open=true volume_open=true ccd=Ok(Some(0.0030148803222050666)) nearest=Ok(Some(PrescribedContactFeature { distance_m: 9.794908391977931e-5, gap_m: -2.050916080220696e-6, body_face: [10, 7, 11], obstacle_face_index: 1308, body_weights: [0.11522686497274137, 0.5513672480537432, 0.3334058869735155], obstacle_weights: [1.0, 0.0, 0.0] }))
IMPLICIT_RESTORED_CONTACT_GUESS dt=3.25520833333333329e-5
IMPLICIT_WORK_COMPONENTS origin=[-0.08490068360290626, 0.6107197564183253, -0.10443829025893456] dt=3.25520833333333329e-5 non_surface_potential_defect_j=-6.75457953458469262e-17 prescribed_surface_defect_j=-1.02420847809212359e-4 kinematic_defect_j=6.19427563781530708e-10 arithmetic_remainder_j=1.05857201429277337e-16
IMPLICIT_WORK_REJECTION dt=3.25520833333333329e-5 defect_j=-1.02420228381610266e-4 budget_j=3.90625000000000032e-8 maximum_kinematic_residual_m=3.89177500447444868e-13
IMPLICIT_QUADRATURE_RETRY attempt=8 panels=10 reason="implicit contact work defect"
IMPLICIT_STAGE_REJECTION stage="local contact quadrature" dt=3.25520833333333329e-5 error="closed surface contact gap"
IMPLICIT_INFEASIBLE_PREDICTOR dt=3.25520833333333329e-5 internal_gap_open=true volume_open=true ccd=Ok(Some(0.0030148803222050666)) nearest=Ok(Some(PrescribedContactFeature { distance_m: 9.794908391977931e-5, gap_m: -2.050916080220696e-6, body_face: [10, 7, 11], obstacle_face_index: 1308, body_weights: [0.11522686497274137, 0.5513672480537432, 0.3334058869735155], obstacle_weights: [1.0, 0.0, 0.0] }))
IMPLICIT_RESTORED_CONTACT_GUESS dt=3.25520833333333329e-5
IMPLICIT_WORK_COMPONENTS origin=[-0.08490068360290626, 0.6107197564183253, -0.10443829025893456] dt=3.25520833333333329e-5 non_surface_potential_defect_j=5.69043510229017002e-16 prescribed_surface_defect_j=6.31371311964582134e-5 kinematic_defect_j=-1.85803768939341003e-11 arithmetic_remainder_j=7.35542023813716243e-16
IMPLICIT_WORK_REJECTION dt=3.25520833333333329e-5 defect_j=6.31371126173859050e-5 budget_j=3.90625000000000032e-8 maximum_kinematic_residual_m=3.00376687227803946e-14
IMPLICIT_QUADRATURE_RETRY attempt=9 panels=11 reason="implicit contact work defect"
IMPLICIT_STAGE_REJECTION stage="local contact quadrature" dt=3.25520833333333329e-5 error="closed surface contact gap"
IMPLICIT_INFEASIBLE_PREDICTOR dt=3.25520833333333329e-5 internal_gap_open=true volume_open=true ccd=Ok(Some(0.0030148803222050666)) nearest=Ok(Some(PrescribedContactFeature { distance_m: 9.794908391977931e-5, gap_m: -2.050916080220696e-6, body_face: [10, 7, 11], obstacle_face_index: 1308, body_weights: [0.11522686497274137, 0.5513672480537432, 0.3334058869735155], obstacle_weights: [1.0, 0.0, 0.0] }))
IMPLICIT_RESTORED_CONTACT_GUESS dt=3.25520833333333329e-5
IMPLICIT_WORK_COMPONENTS origin=[-0.08490068360290626, 0.6107197564183253, -0.10443829025893456] dt=3.25520833333333329e-5 non_surface_potential_defect_j=4.06087923704445686e-16 prescribed_surface_defect_j=-3.07701612552576872e-5 kinematic_defect_j=-5.85228995733427367e-11 arithmetic_remainder_j=7.86907478163756304e-16
IMPLICIT_WORK_REJECTION dt=3.25520833333333329e-5 defect_j=-3.07702197769642652e-5 budget_j=3.90625000000000032e-8 maximum_kinematic_residual_m=3.29538286713898163e-14
IMPLICIT_QUADRATURE_RETRY attempt=10 panels=12 reason="implicit contact work defect"
IMPLICIT_STAGE_REJECTION stage="local contact quadrature" dt=3.25520833333333329e-5 error="closed surface contact gap"
IMPLICIT_INFEASIBLE_PREDICTOR dt=3.25520833333333329e-5 internal_gap_open=true volume_open=true ccd=Ok(Some(0.0030148803222050666)) nearest=Ok(Some(PrescribedContactFeature { distance_m: 9.794908391977931e-5, gap_m: -2.050916080220696e-6, body_face: [10, 7, 11], obstacle_face_index: 1308, body_weights: [0.11522686497274137, 0.5513672480537432, 0.3334058869735155], obstacle_weights: [1.0, 0.0, 0.0] }))
IMPLICIT_RESTORED_CONTACT_GUESS dt=3.25520833333333329e-5
IMPLICIT_WORK_COMPONENTS origin=[-0.08490068360290626, 0.6107197564183253, -0.10443829025893456] dt=3.25520833333333329e-5 non_surface_potential_defect_j=2.87584626251780051e-16 prescribed_surface_defect_j=1.43447103658341998e-5 kinematic_defect_j=-7.08640074178752515e-11 arithmetic_remainder_j=6.26662079433043528e-16
IMPLICIT_WORK_REJECTION dt=3.25520833333333329e-5 defect_j=1.43446395027410287e-5 budget_j=3.90625000000000032e-8 maximum_kinematic_residual_m=4.23790810658106892e-14
IMPLICIT_QUADRATURE_RETRY attempt=11 panels=13 reason="implicit contact work defect"
IMPLICIT_STAGE_REJECTION stage="local contact quadrature" dt=3.25520833333333329e-5 error="closed surface contact gap"
IMPLICIT_INFEASIBLE_PREDICTOR dt=3.25520833333333329e-5 internal_gap_open=true volume_open=true ccd=Ok(Some(0.0030148803222050666)) nearest=Ok(Some(PrescribedContactFeature { distance_m: 9.794908391977931e-5, gap_m: -2.050916080220696e-6, body_face: [10, 7, 11], obstacle_face_index: 1308, body_weights: [0.11522686497274137, 0.5513672480537432, 0.3334058869735155], obstacle_weights: [1.0, 0.0, 0.0] }))
IMPLICIT_RESTORED_CONTACT_GUESS dt=3.25520833333333329e-5
IMPLICIT_WORK_COMPONENTS origin=[-0.08490068360290626, 0.6107197564183253, -0.10443829025893456] dt=3.25520833333333329e-5 non_surface_potential_defect_j=3.34666105591963081e-16 prescribed_surface_defect_j=-4.28379795219856543e-6 kinematic_defect_j=-8.90802640798795536e-11 arithmetic_remainder_j=-6.03900610074425970e-16
IMPLICIT_WORK_REJECTION dt=3.25520833333333329e-5 defect_j=-4.28388703273187982e-6 budget_j=3.90625000000000032e-8 maximum_kinematic_residual_m=5.02295670741460462e-14
IMPLICIT_QUADRATURE_RETRY attempt=12 panels=14 reason="implicit contact work defect"
IMPLICIT_STAGE_REJECTION stage="local contact quadrature" dt=3.25520833333333329e-5 error="closed surface contact gap"
IMPLICIT_INFEASIBLE_PREDICTOR dt=3.25520833333333329e-5 internal_gap_open=true volume_open=true ccd=Ok(Some(0.0030148803222050666)) nearest=Ok(Some(PrescribedContactFeature { distance_m: 9.794908391977931e-5, gap_m: -2.050916080220696e-6, body_face: [10, 7, 11], obstacle_face_index: 1308, body_weights: [0.11522686497274137, 0.5513672480537432, 0.3334058869735155], obstacle_weights: [1.0, 0.0, 0.0] }))
IMPLICIT_RESTORED_CONTACT_GUESS dt=3.25520833333333329e-5
IMPLICIT_WORK_COMPONENTS origin=[-0.08490068360290626, 0.6107197564183253, -0.10443829025893456] dt=3.25520833333333329e-5 non_surface_potential_defect_j=5.12339736608025120e-16 prescribed_surface_defect_j=1.86277706133155738e-6 kinematic_defect_j=-9.40446914313022782e-11 arithmetic_remainder_j=4.19332766142424367e-16
IMPLICIT_WORK_REJECTION dt=3.25520833333333329e-5 defect_j=1.86268301757179858e-6 budget_j=3.90625000000000032e-8 maximum_kinematic_residual_m=5.35335190347992207e-14
IMPLICIT_QUADRATURE_RETRY attempt=13 panels=15 reason="implicit contact work defect"
IMPLICIT_STAGE_REJECTION stage="local contact quadrature" dt=3.25520833333333329e-5 error="closed surface contact gap"
IMPLICIT_INFEASIBLE_PREDICTOR dt=3.25520833333333329e-5 internal_gap_open=true volume_open=true ccd=Ok(Some(0.0030148803222050666)) nearest=Ok(Some(PrescribedContactFeature { distance_m: 9.794908391977931e-5, gap_m: -2.050916080220696e-6, body_face: [10, 7, 11], obstacle_face_index: 1308, body_weights: [0.11522686497274137, 0.5513672480537432, 0.3334058869735155], obstacle_weights: [1.0, 0.0, 0.0] }))
IMPLICIT_RESTORED_CONTACT_GUESS dt=3.25520833333333329e-5
IMPLICIT_WORK_COMPONENTS origin=[-0.08490068360290626, 0.6107197564183253, -0.10443829025893456] dt=3.25520833333333329e-5 non_surface_potential_defect_j=1.23376786217987977e-15 prescribed_surface_defect_j=-2.63682873698038722e-7 kinematic_defect_j=-9.22647550149968215e-11 arithmetic_remainder_j=5.96516388598499793e-16
IMPLICIT_WORK_REJECTION dt=3.25520833333333329e-5 defect_j=-2.63775136622769468e-7 budget_j=3.90625000000000032e-8 maximum_kinematic_residual_m=5.17218256749054153e-14
IMPLICIT_QUADRATURE_RETRY attempt=14 panels=16 reason="implicit contact work defect"
IMPLICIT_STAGE_REJECTION stage="local contact quadrature" dt=3.25520833333333329e-5 error="closed surface contact gap"
IMPLICIT_INFEASIBLE_PREDICTOR dt=3.25520833333333329e-5 internal_gap_open=true volume_open=true ccd=Ok(Some(0.0030148803222050666)) nearest=Ok(Some(PrescribedContactFeature { distance_m: 9.794908391977931e-5, gap_m: -2.050916080220696e-6, body_face: [10, 7, 11], obstacle_face_index: 1308, body_weights: [0.11522686497274137, 0.5513672480537432, 0.3334058869735155], obstacle_weights: [1.0, 0.0, 0.0] }))
IMPLICIT_RESTORED_CONTACT_GUESS dt=3.25520833333333329e-5
IMPLICIT_WORK_COMPONENTS origin=[-0.08490068360290626, 0.6107197564183253, -0.10443829025893456] dt=3.25520833333333329e-5 non_surface_potential_defect_j=1.34441069388202550e-17 prescribed_surface_defect_j=1.02764566136618468e-7 kinematic_defect_j=-9.12522232391710722e-11 arithmetic_remainder_j=3.74713823338146401e-16
IMPLICIT_WORK_REJECTION dt=3.25520833333333329e-5 defect_j=1.02673314301537227e-7 budget_j=3.90625000000000032e-8 maximum_kinematic_residual_m=5.10562695366003488e-14
IMPLICIT_QUADRATURE_RETRY attempt=15 panels=17 reason="implicit contact work defect"
IMPLICIT_STAGE_REJECTION stage="local contact quadrature" dt=3.25520833333333329e-5 error="closed surface contact gap"
IMPLICIT_INFEASIBLE_PREDICTOR dt=3.25520833333333329e-5 internal_gap_open=true volume_open=true ccd=Ok(Some(0.0030148803222050666)) nearest=Ok(Some(PrescribedContactFeature { distance_m: 9.794908391977931e-5, gap_m: -2.050916080220696e-6, body_face: [10, 7, 11], obstacle_face_index: 1308, body_weights: [0.11522686497274137, 0.5513672480537432, 0.3334058869735155], obstacle_weights: [1.0, 0.0, 0.0] }))
IMPLICIT_RESTORED_CONTACT_GUESS dt=3.25520833333333329e-5
IMPLICIT_STAGE_REJECTION stage="local contact quadrature" dt=3.25520833333333329e-5 error="closed surface contact gap"
IMPLICIT_INFEASIBLE_PREDICTOR dt=3.25520833333333329e-5 internal_gap_open=true volume_open=true ccd=Ok(Some(0.004716387284262444)) nearest=Ok(Some(PrescribedContactFeature { distance_m: 8.706950527244807e-5, gap_m: -1.2930494727551934e-5, body_face: [10, 7, 11], obstacle_face_index: 1308, body_weights: [0.11521800895641582, 0.5514184602217493, 0.33336353082183484], obstacle_weights: [1.0, 0.0, 0.0] }))
IMPLICIT_RESTORED_CONTACT_GUESS dt=3.25520833333333329e-5
IMPLICIT_LINE_SEARCH_REJECTION iteration=22 dt=3.25520833333333329e-5 weighted_residual_j=4.18570045628461306e-3 residual_budget_j=9.99999999999999980e-13 slope_j=-3.91547157963924829e-3 objective_noise_j=6.35061247892852528e-11 alpha=3.55271367880050093e-15 gap_trials=48 volume_trials=48 safe_trials=0 objective_trials=0 smallest_objective_change_j=inf smallest_trial_norm_j=inf
IMPLICIT_QUADRATURE_RETRY attempt=0 panels=2 reason="implicit contact path quadrature refinement"
IMPLICIT_STAGE_REJECTION stage="local contact quadrature" dt=3.25520833333333329e-5 error="closed surface contact gap"
IMPLICIT_INFEASIBLE_PREDICTOR dt=3.25520833333333329e-5 internal_gap_open=true volume_open=true ccd=Ok(Some(0.004716387284262444)) nearest=Ok(Some(PrescribedContactFeature { distance_m: 8.706950527244807e-5, gap_m: -1.2930494727551934e-5, body_face: [10, 7, 11], obstacle_face_index: 1308, body_weights: [0.11521800895641582, 0.5514184602217493, 0.33336353082183484], obstacle_weights: [1.0, 0.0, 0.0] }))
IMPLICIT_RESTORED_CONTACT_GUESS dt=3.25520833333333329e-5
IMPLICIT_LINE_SEARCH_REJECTION iteration=19 dt=3.25520833333333329e-5 weighted_residual_j=4.11082169183345659e-3 residual_budget_j=9.99999999999999980e-13 slope_j=-4.25210388838800826e-3 objective_noise_j=6.37904567756890832e-11 alpha=3.55271367880050093e-15 gap_trials=48 volume_trials=48 safe_trials=0 objective_trials=0 smallest_objective_change_j=inf smallest_trial_norm_j=inf
IMPLICIT_QUADRATURE_RETRY attempt=1 panels=3 reason="implicit contact path quadrature refinement"
IMPLICIT_STAGE_REJECTION stage="local contact quadrature" dt=3.25520833333333329e-5 error="closed surface contact gap"
IMPLICIT_INFEASIBLE_PREDICTOR dt=3.25520833333333329e-5 internal_gap_open=true volume_open=true ccd=Ok(Some(0.004716387284262444)) nearest=Ok(Some(PrescribedContactFeature { distance_m: 8.706950527244807e-5, gap_m: -1.2930494727551934e-5, body_face: [10, 7, 11], obstacle_face_index: 1308, body_weights: [0.11521800895641582, 0.5514184602217493, 0.33336353082183484], obstacle_weights: [1.0, 0.0, 0.0] }))
IMPLICIT_RESTORED_CONTACT_GUESS dt=3.25520833333333329e-5
IMPLICIT_LINE_SEARCH_REJECTION iteration=22 dt=3.25520833333333329e-5 weighted_residual_j=4.11082165142090134e-3 residual_budget_j=9.99999999999999980e-13 slope_j=-4.08606220999012480e-3 objective_noise_j=6.37904569299192090e-11 alpha=3.55271367880050093e-15 gap_trials=48 volume_trials=48 safe_trials=0 objective_trials=0 smallest_objective_change_j=inf smallest_trial_norm_j=inf
IMPLICIT_QUADRATURE_RETRY attempt=2 panels=4 reason="implicit contact path quadrature refinement"
IMPLICIT_STAGE_REJECTION stage="local contact quadrature" dt=3.25520833333333329e-5 error="closed surface contact gap"
IMPLICIT_INFEASIBLE_PREDICTOR dt=3.25520833333333329e-5 internal_gap_open=true volume_open=true ccd=Ok(Some(0.004716387284262444)) nearest=Ok(Some(PrescribedContactFeature { distance_m: 8.706950527244807e-5, gap_m: -1.2930494727551934e-5, body_face: [10, 7, 11], obstacle_face_index: 1308, body_weights: [0.11521800895641582, 0.5514184602217493, 0.33336353082183484], obstacle_weights: [1.0, 0.0, 0.0] }))
IMPLICIT_RESTORED_CONTACT_GUESS dt=3.25520833333333329e-5
IMPLICIT_LINE_SEARCH_REJECTION iteration=22 dt=3.25520833333333329e-5 weighted_residual_j=4.11082165142017883e-3 residual_budget_j=9.99999999999999980e-13 slope_j=-4.12215805728431261e-3 objective_noise_j=6.37904569299204756e-11 alpha=3.55271367880050093e-15 gap_trials=48 volume_trials=48 safe_trials=0 objective_trials=0 smallest_objective_change_j=inf smallest_trial_norm_j=inf
IMPLICIT_QUADRATURE_RETRY attempt=3 panels=5 reason="implicit contact path quadrature refinement"
IMPLICIT_STAGE_REJECTION stage="local contact quadrature" dt=3.25520833333333329e-5 error="closed surface contact gap"
IMPLICIT_INFEASIBLE_PREDICTOR dt=3.25520833333333329e-5 internal_gap_open=true volume_open=true ccd=Ok(Some(0.004716387284262444)) nearest=Ok(Some(PrescribedContactFeature { distance_m: 8.706950527244807e-5, gap_m: -1.2930494727551934e-5, body_face: [10, 7, 11], obstacle_face_index: 1308, body_weights: [0.11521800895641582, 0.5514184602217493, 0.33336353082183484], obstacle_weights: [1.0, 0.0, 0.0] }))
IMPLICIT_RESTORED_CONTACT_GUESS dt=3.25520833333333329e-5
IMPLICIT_LINE_SEARCH_REJECTION iteration=23 dt=3.25520833333333329e-5 weighted_residual_j=4.11082165142150069e-3 residual_budget_j=9.99999999999999980e-13 slope_j=-4.02849596307327217e-3 objective_noise_j=6.37904569299153833e-11 alpha=3.55271367880050093e-15 gap_trials=48 volume_trials=48 safe_trials=0 objective_trials=0 smallest_objective_change_j=inf smallest_trial_norm_j=inf
IMPLICIT_QUADRATURE_RETRY attempt=4 panels=6 reason="implicit contact path quadrature refinement"
IMPLICIT_STAGE_REJECTION stage="local contact quadrature" dt=3.25520833333333329e-5 error="closed surface contact gap"
IMPLICIT_INFEASIBLE_PREDICTOR dt=3.25520833333333329e-5 internal_gap_open=true volume_open=true ccd=Ok(Some(0.004716387284262444)) nearest=Ok(Some(PrescribedContactFeature { distance_m: 8.706950527244807e-5, gap_m: -1.2930494727551934e-5, body_face: [10, 7, 11], obstacle_face_index: 1308, body_weights: [0.11521800895641582, 0.5514184602217493, 0.33336353082183484], obstacle_weights: [1.0, 0.0, 0.0] }))
IMPLICIT_RESTORED_CONTACT_GUESS dt=3.25520833333333329e-5
IMPLICIT_LINE_SEARCH_REJECTION iteration=22 dt=3.25520833333333329e-5 weighted_residual_j=4.11082165142188666e-3 residual_budget_j=9.99999999999999980e-13 slope_j=-3.78343943972396166e-3 objective_noise_j=6.37904569299138970e-11 alpha=3.55271367880050093e-15 gap_trials=48 volume_trials=48 safe_trials=0 objective_trials=0 smallest_objective_change_j=inf smallest_trial_norm_j=inf
IMPLICIT_QUADRATURE_RETRY attempt=5 panels=7 reason="implicit contact path quadrature refinement"
IMPLICIT_STAGE_REJECTION stage="local contact quadrature" dt=3.25520833333333329e-5 error="closed surface contact gap"
IMPLICIT_INFEASIBLE_PREDICTOR dt=3.25520833333333329e-5 internal_gap_open=true volume_open=true ccd=Ok(Some(0.004716387284262444)) nearest=Ok(Some(PrescribedContactFeature { distance_m: 8.706950527244807e-5, gap_m: -1.2930494727551934e-5, body_face: [10, 7, 11], obstacle_face_index: 1308, body_weights: [0.11521800895641582, 0.5514184602217493, 0.33336353082183484], obstacle_weights: [1.0, 0.0, 0.0] }))
IMPLICIT_RESTORED_CONTACT_GUESS dt=3.25520833333333329e-5
IMPLICIT_LINE_SEARCH_REJECTION iteration=22 dt=3.25520833333333329e-5 weighted_residual_j=4.11082165142193697e-3 residual_budget_j=9.99999999999999980e-13 slope_j=-3.82797034356907812e-3 objective_noise_j=6.37904569299137419e-11 alpha=3.55271367880050093e-15 gap_trials=48 volume_trials=48 safe_trials=0 objective_trials=0 smallest_objective_change_j=inf smallest_trial_norm_j=inf
IMPLICIT_QUADRATURE_RETRY attempt=6 panels=8 reason="implicit contact path quadrature refinement"
IMPLICIT_STAGE_REJECTION stage="local contact quadrature" dt=3.25520833333333329e-5 error="closed surface contact gap"
IMPLICIT_INFEASIBLE_PREDICTOR dt=3.25520833333333329e-5 internal_gap_open=true volume_open=true ccd=Ok(Some(0.004716387284262444)) nearest=Ok(Some(PrescribedContactFeature { distance_m: 8.706950527244807e-5, gap_m: -1.2930494727551934e-5, body_face: [10, 7, 11], obstacle_face_index: 1308, body_weights: [0.11521800895641582, 0.5514184602217493, 0.33336353082183484], obstacle_weights: [1.0, 0.0, 0.0] }))
IMPLICIT_RESTORED_CONTACT_GUESS dt=3.25520833333333329e-5
IMPLICIT_LINE_SEARCH_REJECTION iteration=22 dt=3.25520833333333329e-5 weighted_residual_j=4.11082165142162125e-3 residual_budget_j=9.99999999999999980e-13 slope_j=-4.03649940204951069e-3 objective_noise_j=6.37904569299150214e-11 alpha=3.55271367880050093e-15 gap_trials=48 volume_trials=48 safe_trials=0 objective_trials=0 smallest_objective_change_j=inf smallest_trial_norm_j=inf
IMPLICIT_QUADRATURE_RETRY attempt=7 panels=9 reason="implicit contact path quadrature refinement"
IMPLICIT_STAGE_REJECTION stage="local contact quadrature" dt=3.25520833333333329e-5 error="closed surface contact gap"
IMPLICIT_INFEASIBLE_PREDICTOR dt=3.25520833333333329e-5 internal_gap_open=true volume_open=true ccd=Ok(Some(0.004716387284262444)) nearest=Ok(Some(PrescribedContactFeature { distance_m: 8.706950527244807e-5, gap_m: -1.2930494727551934e-5, body_face: [10, 7, 11], obstacle_face_index: 1308, body_weights: [0.11521800895641582, 0.5514184602217493, 0.33336353082183484], obstacle_weights: [1.0, 0.0, 0.0] }))
IMPLICIT_RESTORED_CONTACT_GUESS dt=3.25520833333333329e-5
IMPLICIT_LINE_SEARCH_REJECTION iteration=22 dt=3.25520833333333329e-5 weighted_residual_j=4.11082165142172187e-3 residual_budget_j=9.99999999999999980e-13 slope_j=-4.05922271871945409e-3 objective_noise_j=6.37904569299146078e-11 alpha=3.55271367880050093e-15 gap_trials=48 volume_trials=48 safe_trials=0 objective_trials=0 smallest_objective_change_j=inf smallest_trial_norm_j=inf
IMPLICIT_QUADRATURE_RETRY attempt=8 panels=10 reason="implicit contact path quadrature refinement"
IMPLICIT_STAGE_REJECTION stage="local contact quadrature" dt=3.25520833333333329e-5 error="closed surface contact gap"
IMPLICIT_INFEASIBLE_PREDICTOR dt=3.25520833333333329e-5 internal_gap_open=true volume_open=true ccd=Ok(Some(0.004716387284262444)) nearest=Ok(Some(PrescribedContactFeature { distance_m: 8.706950527244807e-5, gap_m: -1.2930494727551934e-5, body_face: [10, 7, 11], obstacle_face_index: 1308, body_weights: [0.11521800895641582, 0.5514184602217493, 0.33336353082183484], obstacle_weights: [1.0, 0.0, 0.0] }))
IMPLICIT_RESTORED_CONTACT_GUESS dt=3.25520833333333329e-5
IMPLICIT_LINE_SEARCH_REJECTION iteration=22 dt=3.25520833333333329e-5 weighted_residual_j=4.11082165142173921e-3 residual_budget_j=9.99999999999999980e-13 slope_j=-3.83952192619581171e-3 objective_noise_j=6.37904569299145044e-11 alpha=3.55271367880050093e-15 gap_trials=48 volume_trials=48 safe_trials=0 objective_trials=0 smallest_objective_change_j=inf smallest_trial_norm_j=inf
IMPLICIT_QUADRATURE_RETRY attempt=9 panels=11 reason="implicit contact path quadrature refinement"
IMPLICIT_STAGE_REJECTION stage="local contact quadrature" dt=3.25520833333333329e-5 error="closed surface contact gap"
IMPLICIT_INFEASIBLE_PREDICTOR dt=3.25520833333333329e-5 internal_gap_open=true volume_open=true ccd=Ok(Some(0.004716387284262444)) nearest=Ok(Some(PrescribedContactFeature { distance_m: 8.706950527244807e-5, gap_m: -1.2930494727551934e-5, body_face: [10, 7, 11], obstacle_face_index: 1308, body_weights: [0.11521800895641582, 0.5514184602217493, 0.33336353082183484], obstacle_weights: [1.0, 0.0, 0.0] }))
IMPLICIT_RESTORED_CONTACT_GUESS dt=3.25520833333333329e-5
IMPLICIT_LINE_SEARCH_REJECTION iteration=22 dt=3.25520833333333329e-5 weighted_residual_j=4.11082165142175396e-3 residual_budget_j=9.99999999999999980e-13 slope_j=-3.83954386779564302e-3 objective_noise_j=6.37904569299144527e-11 alpha=3.55271367880050093e-15 gap_trials=48 volume_trials=48 safe_trials=0 objective_trials=0 smallest_objective_change_j=inf smallest_trial_norm_j=inf
IMPLICIT_QUADRATURE_RETRY attempt=10 panels=12 reason="implicit contact path quadrature refinement"
IMPLICIT_STAGE_REJECTION stage="local contact quadrature" dt=3.25520833333333329e-5 error="closed surface contact gap"
IMPLICIT_INFEASIBLE_PREDICTOR dt=3.25520833333333329e-5 internal_gap_open=true volume_open=true ccd=Ok(Some(0.004716387284262444)) nearest=Ok(Some(PrescribedContactFeature { distance_m: 8.706950527244807e-5, gap_m: -1.2930494727551934e-5, body_face: [10, 7, 11], obstacle_face_index: 1308, body_weights: [0.11521800895641582, 0.5514184602217493, 0.33336353082183484], obstacle_weights: [1.0, 0.0, 0.0] }))
IMPLICIT_RESTORED_CONTACT_GUESS dt=3.25520833333333329e-5
IMPLICIT_LINE_SEARCH_REJECTION iteration=22 dt=3.25520833333333329e-5 weighted_residual_j=4.11082165142175309e-3 residual_budget_j=9.99999999999999980e-13 slope_j=-3.93253138964747700e-3 objective_noise_j=6.37904569299144269e-11 alpha=3.55271367880050093e-15 gap_trials=48 volume_trials=48 safe_trials=0 objective_trials=0 smallest_objective_change_j=inf smallest_trial_norm_j=inf
IMPLICIT_QUADRATURE_RETRY attempt=11 panels=13 reason="implicit contact path quadrature refinement"
IMPLICIT_STAGE_REJECTION stage="local contact quadrature" dt=3.25520833333333329e-5 error="closed surface contact gap"
IMPLICIT_INFEASIBLE_PREDICTOR dt=3.25520833333333329e-5 internal_gap_open=true volume_open=true ccd=Ok(Some(0.004716387284262444)) nearest=Ok(Some(PrescribedContactFeature { distance_m: 8.706950527244807e-5, gap_m: -1.2930494727551934e-5, body_face: [10, 7, 11], obstacle_face_index: 1308, body_weights: [0.11521800895641582, 0.5514184602217493, 0.33336353082183484], obstacle_weights: [1.0, 0.0, 0.0] }))
IMPLICIT_RESTORED_CONTACT_GUESS dt=3.25520833333333329e-5
IMPLICIT_LINE_SEARCH_REJECTION iteration=22 dt=3.25520833333333329e-5 weighted_residual_j=4.11082165142174615e-3 residual_budget_j=9.99999999999999980e-13 slope_j=-3.93875801351856354e-3 objective_noise_j=6.37904569299144786e-11 alpha=3.55271367880050093e-15 gap_trials=48 volume_trials=48 safe_trials=0 objective_trials=0 smallest_objective_change_j=inf smallest_trial_norm_j=inf
IMPLICIT_QUADRATURE_RETRY attempt=12 panels=14 reason="implicit contact path quadrature refinement"
IMPLICIT_STAGE_REJECTION stage="local contact quadrature" dt=3.25520833333333329e-5 error="closed surface contact gap"
IMPLICIT_INFEASIBLE_PREDICTOR dt=3.25520833333333329e-5 internal_gap_open=true volume_open=true ccd=Ok(Some(0.004716387284262444)) nearest=Ok(Some(PrescribedContactFeature { distance_m: 8.706950527244807e-5, gap_m: -1.2930494727551934e-5, body_face: [10, 7, 11], obstacle_face_index: 1308, body_weights: [0.11521800895641582, 0.5514184602217493, 0.33336353082183484], obstacle_weights: [1.0, 0.0, 0.0] }))
IMPLICIT_RESTORED_CONTACT_GUESS dt=3.25520833333333329e-5
IMPLICIT_LINE_SEARCH_REJECTION iteration=22 dt=3.25520833333333329e-5 weighted_residual_j=4.11082165142175656e-3 residual_budget_j=9.99999999999999980e-13 slope_j=-3.93257637622206838e-3 objective_noise_j=6.37904569299144269e-11 alpha=3.55271367880050093e-15 gap_trials=48 volume_trials=48 safe_trials=0 objective_trials=0 smallest_objective_change_j=inf smallest_trial_norm_j=inf
IMPLICIT_QUADRATURE_RETRY attempt=13 panels=15 reason="implicit contact path quadrature refinement"
IMPLICIT_STAGE_REJECTION stage="local contact quadrature" dt=3.25520833333333329e-5 error="closed surface contact gap"
IMPLICIT_INFEASIBLE_PREDICTOR dt=3.25520833333333329e-5 internal_gap_open=true volume_open=true ccd=Ok(Some(0.004716387284262444)) nearest=Ok(Some(PrescribedContactFeature { distance_m: 8.706950527244807e-5, gap_m: -1.2930494727551934e-5, body_face: [10, 7, 11], obstacle_face_index: 1308, body_weights: [0.11521800895641582, 0.5514184602217493, 0.33336353082183484], obstacle_weights: [1.0, 0.0, 0.0] }))
IMPLICIT_RESTORED_CONTACT_GUESS dt=3.25520833333333329e-5
IMPLICIT_LINE_SEARCH_REJECTION iteration=22 dt=3.25520833333333329e-5 weighted_residual_j=4.11082165142175222e-3 residual_budget_j=9.99999999999999980e-13 slope_j=-3.83286035274238608e-3 objective_noise_j=6.37904569299144527e-11 alpha=3.55271367880050093e-15 gap_trials=48 volume_trials=48 safe_trials=0 objective_trials=0 smallest_objective_change_j=inf smallest_trial_norm_j=inf
IMPLICIT_QUADRATURE_RETRY attempt=14 panels=16 reason="implicit contact path quadrature refinement"
IMPLICIT_STAGE_REJECTION stage="local contact quadrature" dt=3.25520833333333329e-5 error="closed surface contact gap"
IMPLICIT_INFEASIBLE_PREDICTOR dt=3.25520833333333329e-5 internal_gap_open=true volume_open=true ccd=Ok(Some(0.004716387284262444)) nearest=Ok(Some(PrescribedContactFeature { distance_m: 8.706950527244807e-5, gap_m: -1.2930494727551934e-5, body_face: [10, 7, 11], obstacle_face_index: 1308, body_weights: [0.11521800895641582, 0.5514184602217493, 0.33336353082183484], obstacle_weights: [1.0, 0.0, 0.0] }))
IMPLICIT_RESTORED_CONTACT_GUESS dt=3.25520833333333329e-5
IMPLICIT_LINE_SEARCH_REJECTION iteration=22 dt=3.25520833333333329e-5 weighted_residual_j=4.11082165142174875e-3 residual_budget_j=9.99999999999999980e-13 slope_j=-3.82121933979510161e-3 objective_noise_j=6.37904569299144527e-11 alpha=3.55271367880050093e-15 gap_trials=48 volume_trials=48 safe_trials=0 objective_trials=0 smallest_objective_change_j=inf smallest_trial_norm_j=inf
IMPLICIT_QUADRATURE_RETRY attempt=15 panels=17 reason="implicit contact path quadrature refinement"
IMPLICIT_STAGE_REJECTION stage="local contact quadrature" dt=3.25520833333333329e-5 error="closed surface contact gap"
IMPLICIT_INFEASIBLE_PREDICTOR dt=3.25520833333333329e-5 internal_gap_open=true volume_open=true ccd=Ok(Some(0.004716387284262444)) nearest=Ok(Some(PrescribedContactFeature { distance_m: 8.706950527244807e-5, gap_m: -1.2930494727551934e-5, body_face: [10, 7, 11], obstacle_face_index: 1308, body_weights: [0.11521800895641582, 0.5514184602217493, 0.33336353082183484], obstacle_weights: [1.0, 0.0, 0.0] }))
IMPLICIT_RESTORED_CONTACT_GUESS dt=3.25520833333333329e-5
IMPLICIT_LINE_SEARCH_REJECTION iteration=22 dt=3.25520833333333329e-5 weighted_residual_j=4.11082165142175396e-3 residual_budget_j=9.99999999999999980e-13 slope_j=-3.92772935815563582e-3 objective_noise_j=6.37904569299144527e-11 alpha=3.55271367880050093e-15 gap_trials=48 volume_trials=48 safe_trials=0 objective_trials=0 smallest_objective_change_j=inf smallest_trial_norm_j=inf
IMPLICIT_QUADRATURE_RETRY attempt=16 panels=18 reason="implicit contact path quadrature refinement"
IMPLICIT_STAGE_REJECTION stage="local contact quadrature" dt=3.25520833333333329e-5 error="closed surface contact gap"
IMPLICIT_INFEASIBLE_PREDICTOR dt=3.25520833333333329e-5 internal_gap_open=true volume_open=true ccd=Ok(Some(0.004716387284262444)) nearest=Ok(Some(PrescribedContactFeature { distance_m: 8.706950527244807e-5, gap_m: -1.2930494727551934e-5, body_face: [10, 7, 11], obstacle_face_index: 1308, body_weights: [0.11521800895641582, 0.5514184602217493, 0.33336353082183484], obstacle_weights: [1.0, 0.0, 0.0] }))
IMPLICIT_RESTORED_CONTACT_GUESS dt=3.25520833333333329e-5
IMPLICIT_LINE_SEARCH_REJECTION iteration=22 dt=3.25520833333333329e-5 weighted_residual_j=4.11082165142175309e-3 residual_budget_j=9.99999999999999980e-13 slope_j=-3.92706453750181310e-3 objective_noise_j=6.37904569299144398e-11 alpha=3.55271367880050093e-15 gap_trials=48 volume_trials=48 safe_trials=0 objective_trials=0 smallest_objective_change_j=inf smallest_trial_norm_j=inf
IMPLICIT_QUADRATURE_RETRY attempt=17 panels=19 reason="implicit contact path quadrature refinement"
IMPLICIT_STAGE_REJECTION stage="local contact quadrature" dt=3.25520833333333329e-5 error="closed surface contact gap"
IMPLICIT_INFEASIBLE_PREDICTOR dt=3.25520833333333329e-5 internal_gap_open=true volume_open=true ccd=Ok(Some(0.004716387284262444)) nearest=Ok(Some(PrescribedContactFeature { distance_m: 8.706950527244807e-5, gap_m: -1.2930494727551934e-5, body_face: [10, 7, 11], obstacle_face_index: 1308, body_weights: [0.11521800895641582, 0.5514184602217493, 0.33336353082183484], obstacle_weights: [1.0, 0.0, 0.0] }))
IMPLICIT_RESTORED_CONTACT_GUESS dt=3.25520833333333329e-5
IMPLICIT_LINE_SEARCH_REJECTION iteration=22 dt=3.25520833333333329e-5 weighted_residual_j=4.11082165142175569e-3 residual_budget_j=9.99999999999999980e-13 slope_j=-3.90932172142708072e-3 objective_noise_j=6.37904569299144527e-11 alpha=3.55271367880050093e-15 gap_trials=48 volume_trials=48 safe_trials=0 objective_trials=0 smallest_objective_change_j=inf smallest_trial_norm_j=inf
IMPLICIT_QUADRATURE_RETRY attempt=18 panels=20 reason="implicit contact path quadrature refinement"
IMPLICIT_STAGE_REJECTION stage="local contact quadrature" dt=3.25520833333333329e-5 error="closed surface contact gap"
IMPLICIT_INFEASIBLE_PREDICTOR dt=3.25520833333333329e-5 internal_gap_open=true volume_open=true ccd=Ok(Some(0.004716387284262444)) nearest=Ok(Some(PrescribedContactFeature { distance_m: 8.706950527244807e-5, gap_m: -1.2930494727551934e-5, body_face: [10, 7, 11], obstacle_face_index: 1308, body_weights: [0.11521800895641582, 0.5514184602217493, 0.33336353082183484], obstacle_weights: [1.0, 0.0, 0.0] }))
IMPLICIT_RESTORED_CONTACT_GUESS dt=3.25520833333333329e-5
IMPLICIT_LINE_SEARCH_REJECTION iteration=22 dt=3.25520833333333329e-5 weighted_residual_j=4.11082165142175483e-3 residual_budget_j=9.99999999999999980e-13 slope_j=-3.92793102272154596e-3 objective_noise_j=6.37904569299144398e-11 alpha=3.55271367880050093e-15 gap_trials=48 volume_trials=48 safe_trials=0 objective_trials=0 smallest_objective_change_j=inf smallest_trial_norm_j=inf
IMPLICIT_QUADRATURE_RETRY attempt=19 panels=21 reason="implicit contact path quadrature refinement"
IMPLICIT_STAGE_REJECTION stage="local contact quadrature" dt=3.25520833333333329e-5 error="closed surface contact gap"
IMPLICIT_INFEASIBLE_PREDICTOR dt=3.25520833333333329e-5 internal_gap_open=true volume_open=true ccd=Ok(Some(0.004716387284262444)) nearest=Ok(Some(PrescribedContactFeature { distance_m: 8.706950527244807e-5, gap_m: -1.2930494727551934e-5, body_face: [10, 7, 11], obstacle_face_index: 1308, body_weights: [0.11521800895641582, 0.5514184602217493, 0.33336353082183484], obstacle_weights: [1.0, 0.0, 0.0] }))
IMPLICIT_RESTORED_CONTACT_GUESS dt=3.25520833333333329e-5
IMPLICIT_LINE_SEARCH_REJECTION iteration=22 dt=3.25520833333333329e-5 weighted_residual_j=4.11082165142174962e-3 residual_budget_j=9.99999999999999980e-13 slope_j=-4.03509977760770598e-3 objective_noise_j=6.37904569299144527e-11 alpha=3.55271367880050093e-15 gap_trials=48 volume_trials=48 safe_trials=0 objective_trials=0 smallest_objective_change_j=inf smallest_trial_norm_j=inf
IMPLICIT_QUADRATURE_RETRY attempt=20 panels=22 reason="implicit contact path quadrature refinement"
IMPLICIT_STAGE_REJECTION stage="local contact quadrature" dt=3.25520833333333329e-5 error="closed surface contact gap"
IMPLICIT_INFEASIBLE_PREDICTOR dt=3.25520833333333329e-5 internal_gap_open=true volume_open=true ccd=Ok(Some(0.004716387284262444)) nearest=Ok(Some(PrescribedContactFeature { distance_m: 8.706950527244807e-5, gap_m: -1.2930494727551934e-5, body_face: [10, 7, 11], obstacle_face_index: 1308, body_weights: [0.11521800895641582, 0.5514184602217493, 0.33336353082183484], obstacle_weights: [1.0, 0.0, 0.0] }))
IMPLICIT_RESTORED_CONTACT_GUESS dt=3.25520833333333329e-5
IMPLICIT_LINE_SEARCH_REJECTION iteration=22 dt=3.25520833333333329e-5 weighted_residual_j=4.11082165142175483e-3 residual_budget_j=9.99999999999999980e-13 slope_j=-3.92725319231975161e-3 objective_noise_j=6.37904569299144527e-11 alpha=3.55271367880050093e-15 gap_trials=48 volume_trials=48 safe_trials=0 objective_trials=0 smallest_objective_change_j=inf smallest_trial_norm_j=inf
IMPLICIT_QUADRATURE_RETRY attempt=21 panels=23 reason="implicit contact path quadrature refinement"
IMPLICIT_STAGE_REJECTION stage="local contact quadrature" dt=3.25520833333333329e-5 error="closed surface contact gap"
IMPLICIT_INFEASIBLE_PREDICTOR dt=3.25520833333333329e-5 internal_gap_open=true volume_open=true ccd=Ok(Some(0.004716387284262444)) nearest=Ok(Some(PrescribedContactFeature { distance_m: 8.706950527244807e-5, gap_m: -1.2930494727551934e-5, body_face: [10, 7, 11], obstacle_face_index: 1308, body_weights: [0.11521800895641582, 0.5514184602217493, 0.33336353082183484], obstacle_weights: [1.0, 0.0, 0.0] }))
IMPLICIT_RESTORED_CONTACT_GUESS dt=3.25520833333333329e-5
IMPLICIT_LINE_SEARCH_REJECTION iteration=22 dt=3.25520833333333329e-5 weighted_residual_j=4.11082165142175222e-3 residual_budget_j=9.99999999999999980e-13 slope_j=-4.02917894637660774e-3 objective_noise_j=6.37904569299144527e-11 alpha=3.55271367880050093e-15 gap_trials=48 volume_trials=48 safe_trials=0 objective_trials=0 smallest_objective_change_j=inf smallest_trial_norm_j=inf
IMPLICIT_QUADRATURE_RETRY attempt=22 panels=24 reason="implicit contact path quadrature refinement"
IMPLICIT_STAGE_REJECTION stage="local contact quadrature" dt=3.25520833333333329e-5 error="closed surface contact gap"
IMPLICIT_INFEASIBLE_PREDICTOR dt=3.25520833333333329e-5 internal_gap_open=true volume_open=true ccd=Ok(Some(0.004716387284262444)) nearest=Ok(Some(PrescribedContactFeature { distance_m: 8.706950527244807e-5, gap_m: -1.2930494727551934e-5, body_face: [10, 7, 11], obstacle_face_index: 1308, body_weights: [0.11521800895641582, 0.5514184602217493, 0.33336353082183484], obstacle_weights: [1.0, 0.0, 0.0] }))
IMPLICIT_RESTORED_CONTACT_GUESS dt=3.25520833333333329e-5
IMPLICIT_LINE_SEARCH_REJECTION iteration=22 dt=3.25520833333333329e-5 weighted_residual_j=4.11082165142175049e-3 residual_budget_j=9.99999999999999980e-13 slope_j=-3.83935836826949234e-3 objective_noise_j=6.37904569299144527e-11 alpha=3.55271367880050093e-15 gap_trials=48 volume_trials=48 safe_trials=0 objective_trials=0 smallest_objective_change_j=inf smallest_trial_norm_j=inf
IMPLICIT_QUADRATURE_RETRY attempt=23 panels=25 reason="implicit contact path quadrature refinement"
IMPLICIT_STAGE_REJECTION stage="local contact quadrature" dt=3.25520833333333329e-5 error="closed surface contact gap"
IMPLICIT_INFEASIBLE_PREDICTOR dt=3.25520833333333329e-5 internal_gap_open=true volume_open=true ccd=Ok(Some(0.004716387284262444)) nearest=Ok(Some(PrescribedContactFeature { distance_m: 8.706950527244807e-5, gap_m: -1.2930494727551934e-5, body_face: [10, 7, 11], obstacle_face_index: 1308, body_weights: [0.11521800895641582, 0.5514184602217493, 0.33336353082183484], obstacle_weights: [1.0, 0.0, 0.0] }))
IMPLICIT_RESTORED_CONTACT_GUESS dt=3.25520833333333329e-5
IMPLICIT_LINE_SEARCH_REJECTION iteration=22 dt=3.25520833333333329e-5 weighted_residual_j=4.11082165142174615e-3 residual_budget_j=9.99999999999999980e-13 slope_j=-3.85148402346324531e-3 objective_noise_j=6.37904569299144527e-11 alpha=3.55271367880050093e-15 gap_trials=48 volume_trials=48 safe_trials=0 objective_trials=0 smallest_objective_change_j=inf smallest_trial_norm_j=inf
IMPLICIT_QUADRATURE_RETRY attempt=24 panels=26 reason="implicit contact path quadrature refinement"
IMPLICIT_STAGE_REJECTION stage="local contact quadrature" dt=3.25520833333333329e-5 error="closed surface contact gap"
IMPLICIT_INFEASIBLE_PREDICTOR dt=3.25520833333333329e-5 internal_gap_open=true volume_open=true ccd=Ok(Some(0.004716387284262444)) nearest=Ok(Some(PrescribedContactFeature { distance_m: 8.706950527244807e-5, gap_m: -1.2930494727551934e-5, body_face: [10, 7, 11], obstacle_face_index: 1308, body_weights: [0.11521800895641582, 0.5514184602217493, 0.33336353082183484], obstacle_weights: [1.0, 0.0, 0.0] }))
IMPLICIT_RESTORED_CONTACT_GUESS dt=3.25520833333333329e-5
IMPLICIT_LINE_SEARCH_REJECTION iteration=22 dt=3.25520833333333329e-5 weighted_residual_j=4.11082165142175049e-3 residual_budget_j=9.99999999999999980e-13 slope_j=-3.93254145976501199e-3 objective_noise_j=6.37904569299144527e-11 alpha=3.55271367880050093e-15 gap_trials=48 volume_trials=48 safe_trials=0 objective_trials=0 smallest_objective_change_j=inf smallest_trial_norm_j=inf
IMPLICIT_QUADRATURE_RETRY attempt=25 panels=27 reason="implicit contact path quadrature refinement"
IMPLICIT_STAGE_REJECTION stage="local contact quadrature" dt=3.25520833333333329e-5 error="closed surface contact gap"
IMPLICIT_INFEASIBLE_PREDICTOR dt=3.25520833333333329e-5 internal_gap_open=true volume_open=true ccd=Ok(Some(0.004716387284262444)) nearest=Ok(Some(PrescribedContactFeature { distance_m: 8.706950527244807e-5, gap_m: -1.2930494727551934e-5, body_face: [10, 7, 11], obstacle_face_index: 1308, body_weights: [0.11521800895641582, 0.5514184602217493, 0.33336353082183484], obstacle_weights: [1.0, 0.0, 0.0] }))
IMPLICIT_RESTORED_CONTACT_GUESS dt=3.25520833333333329e-5
IMPLICIT_LINE_SEARCH_REJECTION iteration=22 dt=3.25520833333333329e-5 weighted_residual_j=4.11082165142174962e-3 residual_budget_j=9.99999999999999980e-13 slope_j=-3.94456595972956375e-3 objective_noise_j=6.37904569299144527e-11 alpha=3.55271367880050093e-15 gap_trials=48 volume_trials=48 safe_trials=0 objective_trials=0 smallest_objective_change_j=inf smallest_trial_norm_j=inf
IMPLICIT_QUADRATURE_RETRY attempt=26 panels=28 reason="implicit contact path quadrature refinement"
IMPLICIT_STAGE_REJECTION stage="local contact quadrature" dt=3.25520833333333329e-5 error="closed surface contact gap"
IMPLICIT_INFEASIBLE_PREDICTOR dt=3.25520833333333329e-5 internal_gap_open=true volume_open=true ccd=Ok(Some(0.004716387284262444)) nearest=Ok(Some(PrescribedContactFeature { distance_m: 8.706950527244807e-5, gap_m: -1.2930494727551934e-5, body_face: [10, 7, 11], obstacle_face_index: 1308, body_weights: [0.11521800895641582, 0.5514184602217493, 0.33336353082183484], obstacle_weights: [1.0, 0.0, 0.0] }))
IMPLICIT_RESTORED_CONTACT_GUESS dt=3.25520833333333329e-5
IMPLICIT_LINE_SEARCH_REJECTION iteration=22 dt=3.25520833333333329e-5 weighted_residual_j=4.11082165142175222e-3 residual_budget_j=9.99999999999999980e-13 slope_j=-3.93904263376642846e-3 objective_noise_j=6.37904569299144398e-11 alpha=3.55271367880050093e-15 gap_trials=48 volume_trials=48 safe_trials=0 objective_trials=0 smallest_objective_change_j=inf smallest_trial_norm_j=inf
IMPLICIT_QUADRATURE_RETRY attempt=27 panels=29 reason="implicit contact path quadrature refinement"
IMPLICIT_STAGE_REJECTION stage="local contact quadrature" dt=3.25520833333333329e-5 error="closed surface contact gap"
IMPLICIT_INFEASIBLE_PREDICTOR dt=3.25520833333333329e-5 internal_gap_open=true volume_open=true ccd=Ok(Some(0.004716387284262444)) nearest=Ok(Some(PrescribedContactFeature { distance_m: 8.706950527244807e-5, gap_m: -1.2930494727551934e-5, body_face: [10, 7, 11], obstacle_face_index: 1308, body_weights: [0.11521800895641582, 0.5514184602217493, 0.33336353082183484], obstacle_weights: [1.0, 0.0, 0.0] }))
IMPLICIT_RESTORED_CONTACT_GUESS dt=3.25520833333333329e-5
IMPLICIT_LINE_SEARCH_REJECTION iteration=22 dt=3.25520833333333329e-5 weighted_residual_j=4.11082165142175569e-3 residual_budget_j=9.99999999999999980e-13 slope_j=-4.04676107028028274e-3 objective_noise_j=6.37904569299144527e-11 alpha=3.55271367880050093e-15 gap_trials=48 volume_trials=48 safe_trials=0 objective_trials=0 smallest_objective_change_j=inf smallest_trial_norm_j=inf
IMPLICIT_QUADRATURE_RETRY attempt=28 panels=30 reason="implicit contact path quadrature refinement"
IMPLICIT_STAGE_REJECTION stage="local contact quadrature" dt=3.25520833333333329e-5 error="closed surface contact gap"
IMPLICIT_INFEASIBLE_PREDICTOR dt=3.25520833333333329e-5 internal_gap_open=true volume_open=true ccd=Ok(Some(0.004716387284262444)) nearest=Ok(Some(PrescribedContactFeature { distance_m: 8.706950527244807e-5, gap_m: -1.2930494727551934e-5, body_face: [10, 7, 11], obstacle_face_index: 1308, body_weights: [0.11521800895641582, 0.5514184602217493, 0.33336353082183484], obstacle_weights: [1.0, 0.0, 0.0] }))
IMPLICIT_RESTORED_CONTACT_GUESS dt=3.25520833333333329e-5
IMPLICIT_LINE_SEARCH_REJECTION iteration=22 dt=3.25520833333333329e-5 weighted_residual_j=4.11082165142174702e-3 residual_budget_j=9.99999999999999980e-13 slope_j=-3.92706666950655165e-3 objective_noise_j=6.37904569299144527e-11 alpha=3.55271367880050093e-15 gap_trials=48 volume_trials=48 safe_trials=0 objective_trials=0 smallest_objective_change_j=inf smallest_trial_norm_j=inf
IMPLICIT_QUADRATURE_RETRY attempt=29 panels=31 reason="implicit contact path quadrature refinement"
IMPLICIT_STAGE_REJECTION stage="local contact quadrature" dt=3.25520833333333329e-5 error="closed surface contact gap"
IMPLICIT_INFEASIBLE_PREDICTOR dt=3.25520833333333329e-5 internal_gap_open=true volume_open=true ccd=Ok(Some(0.004716387284262444)) nearest=Ok(Some(PrescribedContactFeature { distance_m: 8.706950527244807e-5, gap_m: -1.2930494727551934e-5, body_face: [10, 7, 11], obstacle_face_index: 1308, body_weights: [0.11521800895641582, 0.5514184602217493, 0.33336353082183484], obstacle_weights: [1.0, 0.0, 0.0] }))
IMPLICIT_RESTORED_CONTACT_GUESS dt=3.25520833333333329e-5
IMPLICIT_LINE_SEARCH_REJECTION iteration=22 dt=3.25520833333333329e-5 weighted_residual_j=4.11082165142174962e-3 residual_budget_j=9.99999999999999980e-13 slope_j=-4.02420803635830313e-3 objective_noise_j=6.37904569299144527e-11 alpha=3.55271367880050093e-15 gap_trials=48 volume_trials=48 safe_trials=0 objective_trials=0 smallest_objective_change_j=inf smallest_trial_norm_j=inf
IMPLICIT_QUADRATURE_RETRY attempt=30 panels=32 reason="implicit contact path quadrature refinement"
IMPLICIT_STAGE_REJECTION stage="local contact quadrature" dt=3.25520833333333329e-5 error="closed surface contact gap"
IMPLICIT_INFEASIBLE_PREDICTOR dt=3.25520833333333329e-5 internal_gap_open=true volume_open=true ccd=Ok(Some(0.004716387284262444)) nearest=Ok(Some(PrescribedContactFeature { distance_m: 8.706950527244807e-5, gap_m: -1.2930494727551934e-5, body_face: [10, 7, 11], obstacle_face_index: 1308, body_weights: [0.11521800895641582, 0.5514184602217493, 0.33336353082183484], obstacle_weights: [1.0, 0.0, 0.0] }))
IMPLICIT_RESTORED_CONTACT_GUESS dt=3.25520833333333329e-5
IMPLICIT_LINE_SEARCH_REJECTION iteration=22 dt=3.25520833333333329e-5 weighted_residual_j=4.11082165142174875e-3 residual_budget_j=9.99999999999999980e-13 slope_j=-3.82770214201462802e-3 objective_noise_j=6.37904569299144527e-11 alpha=3.55271367880050093e-15 gap_trials=48 volume_trials=48 safe_trials=0 objective_trials=0 smallest_objective_change_j=inf smallest_trial_norm_j=inf
IMPLICIT_QUADRATURE_RETRY attempt=31 panels=33 reason="implicit contact path quadrature refinement"
IMPLICIT_STAGE_REJECTION stage="local contact quadrature" dt=1.62760416666666664e-5 error="closed surface contact gap"
IMPLICIT_INFEASIBLE_PREDICTOR dt=1.62760416666666664e-5 internal_gap_open=true volume_open=true ccd=Ok(Some(0.00943277456851257)) nearest=Ok(Some(PrescribedContactFeature { distance_m: 9.35656523899625e-5, gap_m: -6.434347610037502e-6, body_face: [10, 7, 11], obstacle_face_index: 1308, body_weights: [0.11522384373145828, 0.5513921920983069, 0.3333839641702348], obstacle_weights: [1.0, 0.0, 0.0] }))
IMPLICIT_RESTORED_CONTACT_GUESS dt=1.62760416666666664e-5
IMPLICIT_LINE_SEARCH_REJECTION iteration=23 dt=1.62760416666666664e-5 weighted_residual_j=3.47918597353536439e-3 residual_budget_j=9.99999999999999980e-13 slope_j=-3.48085723884347361e-3 objective_noise_j=1.20596877351470983e-10 alpha=3.55271367880050093e-15 gap_trials=48 volume_trials=48 safe_trials=0 objective_trials=0 smallest_objective_change_j=inf smallest_trial_norm_j=inf
IMPLICIT_QUADRATURE_RETRY attempt=0 panels=2 reason="implicit contact path quadrature refinement"
IMPLICIT_STAGE_REJECTION stage="local contact quadrature" dt=1.62760416666666664e-5 error="closed surface contact gap"
IMPLICIT_INFEASIBLE_PREDICTOR dt=1.62760416666666664e-5 internal_gap_open=true volume_open=true ccd=Ok(Some(0.00943277456851257)) nearest=Ok(Some(PrescribedContactFeature { distance_m: 9.35656523899625e-5, gap_m: -6.434347610037502e-6, body_face: [10, 7, 11], obstacle_face_index: 1308, body_weights: [0.11522384373145828, 0.5513921920983069, 0.3333839641702348], obstacle_weights: [1.0, 0.0, 0.0] }))
IMPLICIT_RESTORED_CONTACT_GUESS dt=1.62760416666666664e-5
IMPLICIT_LINE_SEARCH_REJECTION iteration=22 dt=1.62760416666666664e-5 weighted_residual_j=3.47769073911061459e-3 residual_budget_j=9.99999999999999980e-13 slope_j=-3.47412231106245971e-3 objective_noise_j=1.20609430450931079e-10 alpha=3.55271367880050093e-15 gap_trials=48 volume_trials=48 safe_trials=0 objective_trials=0 smallest_objective_change_j=inf smallest_trial_norm_j=inf
IMPLICIT_QUADRATURE_RETRY attempt=1 panels=3 reason="implicit contact path quadrature refinement"
IMPLICIT_STAGE_REJECTION stage="local contact quadrature" dt=1.62760416666666664e-5 error="closed surface contact gap"
IMPLICIT_INFEASIBLE_PREDICTOR dt=1.62760416666666664e-5 internal_gap_open=true volume_open=true ccd=Ok(Some(0.00943277456851257)) nearest=Ok(Some(PrescribedContactFeature { distance_m: 9.35656523899625e-5, gap_m: -6.434347610037502e-6, body_face: [10, 7, 11], obstacle_face_index: 1308, body_weights: [0.11522384373145828, 0.5513921920983069, 0.3333839641702348], obstacle_weights: [1.0, 0.0, 0.0] }))
IMPLICIT_RESTORED_CONTACT_GUESS dt=1.62760416666666664e-5
IMPLICIT_LINE_SEARCH_REJECTION iteration=25 dt=1.62760416666666664e-5 weighted_residual_j=3.47769073217256940e-3 residual_budget_j=9.99999999999999980e-13 slope_j=-3.49421601231377551e-3 objective_noise_j=1.20609430509123028e-10 alpha=3.55271367880050093e-15 gap_trials=48 volume_trials=48 safe_trials=0 objective_trials=0 smallest_objective_change_j=inf smallest_trial_norm_j=inf
IMPLICIT_QUADRATURE_RETRY attempt=2 panels=4 reason="implicit contact path quadrature refinement"
IMPLICIT_STAGE_REJECTION stage="local contact quadrature" dt=1.62760416666666664e-5 error="closed surface contact gap"
IMPLICIT_INFEASIBLE_PREDICTOR dt=1.62760416666666664e-5 internal_gap_open=true volume_open=true ccd=Ok(Some(0.00943277456851257)) nearest=Ok(Some(PrescribedContactFeature { distance_m: 9.35656523899625e-5, gap_m: -6.434347610037502e-6, body_face: [10, 7, 11], obstacle_face_index: 1308, body_weights: [0.11522384373145828, 0.5513921920983069, 0.3333839641702348], obstacle_weights: [1.0, 0.0, 0.0] }))
IMPLICIT_RESTORED_CONTACT_GUESS dt=1.62760416666666664e-5
IMPLICIT_LINE_SEARCH_REJECTION iteration=23 dt=1.62760416666666664e-5 weighted_residual_j=3.47769073217716424e-3 residual_budget_j=9.99999999999999980e-13 slope_j=-3.44501276410702191e-3 objective_noise_j=1.20609430509084099e-10 alpha=3.55271367880050093e-15 gap_trials=48 volume_trials=48 safe_trials=0 objective_trials=0 smallest_objective_change_j=inf smallest_trial_norm_j=inf
IMPLICIT_QUADRATURE_RETRY attempt=3 panels=5 reason="implicit contact path quadrature refinement"
IMPLICIT_STAGE_REJECTION stage="local contact quadrature" dt=1.62760416666666664e-5 error="closed surface contact gap"
IMPLICIT_INFEASIBLE_PREDICTOR dt=1.62760416666666664e-5 internal_gap_open=true volume_open=true ccd=Ok(Some(0.00943277456851257)) nearest=Ok(Some(PrescribedContactFeature { distance_m: 9.35656523899625e-5, gap_m: -6.434347610037502e-6, body_face: [10, 7, 11], obstacle_face_index: 1308, body_weights: [0.11522384373145828, 0.5513921920983069, 0.3333839641702348], obstacle_weights: [1.0, 0.0, 0.0] }))
IMPLICIT_RESTORED_CONTACT_GUESS dt=1.62760416666666664e-5
IMPLICIT_LINE_SEARCH_REJECTION iteration=23 dt=1.62760416666666664e-5 weighted_residual_j=3.47769073217639056e-3 residual_budget_j=9.99999999999999980e-13 slope_j=-3.56757224301807027e-3 objective_noise_j=1.20609430509091156e-10 alpha=3.55271367880050093e-15 gap_trials=48 volume_trials=48 safe_trials=0 objective_trials=0 smallest_objective_change_j=inf smallest_trial_norm_j=inf
IMPLICIT_QUADRATURE_RETRY attempt=4 panels=6 reason="implicit contact path quadrature refinement"
IMPLICIT_STAGE_REJECTION stage="local contact quadrature" dt=1.62760416666666664e-5 error="closed surface contact gap"
IMPLICIT_INFEASIBLE_PREDICTOR dt=1.62760416666666664e-5 internal_gap_open=true volume_open=true ccd=Ok(Some(0.00943277456851257)) nearest=Ok(Some(PrescribedContactFeature { distance_m: 9.35656523899625e-5, gap_m: -6.434347610037502e-6, body_face: [10, 7, 11], obstacle_face_index: 1308, body_weights: [0.11522384373145828, 0.5513921920983069, 0.3333839641702348], obstacle_weights: [1.0, 0.0, 0.0] }))
IMPLICIT_RESTORED_CONTACT_GUESS dt=1.62760416666666664e-5
IMPLICIT_LINE_SEARCH_REJECTION iteration=22 dt=1.62760416666666664e-5 weighted_residual_j=3.47769073217929058e-3 residual_budget_j=9.99999999999999980e-13 slope_j=-3.47567852431302383e-3 objective_noise_j=1.20609430509066987e-10 alpha=3.55271367880050093e-15 gap_trials=48 volume_trials=48 safe_trials=0 objective_trials=0 smallest_objective_change_j=inf smallest_trial_norm_j=inf
IMPLICIT_QUADRATURE_RETRY attempt=5 panels=7 reason="implicit contact path quadrature refinement"
IMPLICIT_STAGE_REJECTION stage="local contact quadrature" dt=1.62760416666666664e-5 error="closed surface contact gap"
IMPLICIT_INFEASIBLE_PREDICTOR dt=1.62760416666666664e-5 internal_gap_open=true volume_open=true ccd=Ok(Some(0.00943277456851257)) nearest=Ok(Some(PrescribedContactFeature { distance_m: 9.35656523899625e-5, gap_m: -6.434347610037502e-6, body_face: [10, 7, 11], obstacle_face_index: 1308, body_weights: [0.11522384373145828, 0.5513921920983069, 0.3333839641702348], obstacle_weights: [1.0, 0.0, 0.0] }))
IMPLICIT_RESTORED_CONTACT_GUESS dt=1.62760416666666664e-5
IMPLICIT_LINE_SEARCH_REJECTION iteration=23 dt=1.62760416666666664e-5 weighted_residual_j=3.47769073217894234e-3 residual_budget_j=9.99999999999999980e-13 slope_j=-3.48061327569327552e-3 objective_noise_j=1.20609430509069727e-10 alpha=3.55271367880050093e-15 gap_trials=48 volume_trials=48 safe_trials=0 objective_trials=0 smallest_objective_change_j=inf smallest_trial_norm_j=inf
IMPLICIT_QUADRATURE_RETRY attempt=6 panels=8 reason="implicit contact path quadrature refinement"
IMPLICIT_STAGE_REJECTION stage="local contact quadrature" dt=1.62760416666666664e-5 error="closed surface contact gap"
IMPLICIT_INFEASIBLE_PREDICTOR dt=1.62760416666666664e-5 internal_gap_open=true volume_open=true ccd=Ok(Some(0.00943277456851257)) nearest=Ok(Some(PrescribedContactFeature { distance_m: 9.35656523899625e-5, gap_m: -6.434347610037502e-6, body_face: [10, 7, 11], obstacle_face_index: 1308, body_weights: [0.11522384373145828, 0.5513921920983069, 0.3333839641702348], obstacle_weights: [1.0, 0.0, 0.0] }))
IMPLICIT_RESTORED_CONTACT_GUESS dt=1.62760416666666664e-5
IMPLICIT_LINE_SEARCH_REJECTION iteration=22 dt=1.62760416666666664e-5 weighted_residual_j=3.47769073217912405e-3 residual_budget_j=9.99999999999999980e-13 slope_j=-3.44312487200144034e-3 objective_noise_j=1.20609430509068279e-10 alpha=3.55271367880050093e-15 gap_trials=48 volume_trials=48 safe_trials=0 objective_trials=0 smallest_objective_change_j=inf smallest_trial_norm_j=inf
IMPLICIT_QUADRATURE_RETRY attempt=7 panels=9 reason="implicit contact path quadrature refinement"
IMPLICIT_STAGE_REJECTION stage="local contact quadrature" dt=1.62760416666666664e-5 error="closed surface contact gap"
IMPLICIT_INFEASIBLE_PREDICTOR dt=1.62760416666666664e-5 internal_gap_open=true volume_open=true ccd=Ok(Some(0.00943277456851257)) nearest=Ok(Some(PrescribedContactFeature { distance_m: 9.35656523899625e-5, gap_m: -6.434347610037502e-6, body_face: [10, 7, 11], obstacle_face_index: 1308, body_weights: [0.11522384373145828, 0.5513921920983069, 0.3333839641702348], obstacle_weights: [1.0, 0.0, 0.0] }))
IMPLICIT_RESTORED_CONTACT_GUESS dt=1.62760416666666664e-5
IMPLICIT_LINE_SEARCH_REJECTION iteration=22 dt=1.62760416666666664e-5 weighted_residual_j=3.47769073217918346e-3 residual_budget_j=9.99999999999999980e-13 slope_j=-3.47654035415937042e-3 objective_noise_j=1.20609430509067685e-10 alpha=3.55271367880050093e-15 gap_trials=48 volume_trials=48 safe_trials=0 objective_trials=0 smallest_objective_change_j=inf smallest_trial_norm_j=inf
IMPLICIT_QUADRATURE_RETRY attempt=8 panels=10 reason="implicit contact path quadrature refinement"
IMPLICIT_STAGE_REJECTION stage="local contact quadrature" dt=1.62760416666666664e-5 error="closed surface contact gap"
IMPLICIT_INFEASIBLE_PREDICTOR dt=1.62760416666666664e-5 internal_gap_open=true volume_open=true ccd=Ok(Some(0.00943277456851257)) nearest=Ok(Some(PrescribedContactFeature { distance_m: 9.35656523899625e-5, gap_m: -6.434347610037502e-6, body_face: [10, 7, 11], obstacle_face_index: 1308, body_weights: [0.11522384373145828, 0.5513921920983069, 0.3333839641702348], obstacle_weights: [1.0, 0.0, 0.0] }))
IMPLICIT_RESTORED_CONTACT_GUESS dt=1.62760416666666664e-5
IMPLICIT_LINE_SEARCH_REJECTION iteration=22 dt=1.62760416666666664e-5 weighted_residual_j=3.47769073217899264e-3 residual_budget_j=9.99999999999999980e-13 slope_j=-3.44263389097669006e-3 objective_noise_j=1.20609430509069391e-10 alpha=3.55271367880050093e-15 gap_trials=48 volume_trials=48 safe_trials=0 objective_trials=0 smallest_objective_change_j=inf smallest_trial_norm_j=inf
IMPLICIT_QUADRATURE_RETRY attempt=9 panels=11 reason="implicit contact path quadrature refinement"
IMPLICIT_STAGE_REJECTION stage="local contact quadrature" dt=1.62760416666666664e-5 error="closed surface contact gap"
IMPLICIT_INFEASIBLE_PREDICTOR dt=1.62760416666666664e-5 internal_gap_open=true volume_open=true ccd=Ok(Some(0.00943277456851257)) nearest=Ok(Some(PrescribedContactFeature { distance_m: 9.35656523899625e-5, gap_m: -6.434347610037502e-6, body_face: [10, 7, 11], obstacle_face_index: 1308, body_weights: [0.11522384373145828, 0.5513921920983069, 0.3333839641702348], obstacle_weights: [1.0, 0.0, 0.0] }))
IMPLICIT_RESTORED_CONTACT_GUESS dt=1.62760416666666664e-5
IMPLICIT_LINE_SEARCH_REJECTION iteration=22 dt=1.62760416666666664e-5 weighted_residual_j=3.47769073217896922e-3 residual_budget_j=9.99999999999999980e-13 slope_j=-3.46342196406362098e-3 objective_noise_j=1.20609430509069546e-10 alpha=3.55271367880050093e-15 gap_trials=48 volume_trials=48 safe_trials=0 objective_trials=0 smallest_objective_change_j=inf smallest_trial_norm_j=inf
IMPLICIT_QUADRATURE_RETRY attempt=10 panels=12 reason="implicit contact path quadrature refinement"
IMPLICIT_STAGE_REJECTION stage="local contact quadrature" dt=1.62760416666666664e-5 error="closed surface contact gap"
IMPLICIT_INFEASIBLE_PREDICTOR dt=1.62760416666666664e-5 internal_gap_open=true volume_open=true ccd=Ok(Some(0.00943277456851257)) nearest=Ok(Some(PrescribedContactFeature { distance_m: 9.35656523899625e-5, gap_m: -6.434347610037502e-6, body_face: [10, 7, 11], obstacle_face_index: 1308, body_weights: [0.11522384373145828, 0.5513921920983069, 0.3333839641702348], obstacle_weights: [1.0, 0.0, 0.0] }))
IMPLICIT_RESTORED_CONTACT_GUESS dt=1.62760416666666664e-5
IMPLICIT_LINE_SEARCH_REJECTION iteration=22 dt=1.62760416666666664e-5 weighted_residual_j=3.47769073217903861e-3 residual_budget_j=9.99999999999999980e-13 slope_j=-3.48677420357104391e-3 objective_noise_j=1.20609430509068926e-10 alpha=3.55271367880050093e-15 gap_trials=48 volume_trials=48 safe_trials=0 objective_trials=0 smallest_objective_change_j=inf smallest_trial_norm_j=inf
IMPLICIT_QUADRATURE_RETRY attempt=11 panels=13 reason="implicit contact path quadrature refinement"
IMPLICIT_STAGE_REJECTION stage="local contact quadrature" dt=1.62760416666666664e-5 error="closed surface contact gap"
IMPLICIT_INFEASIBLE_PREDICTOR dt=1.62760416666666664e-5 internal_gap_open=true volume_open=true ccd=Ok(Some(0.00943277456851257)) nearest=Ok(Some(PrescribedContactFeature { distance_m: 9.35656523899625e-5, gap_m: -6.434347610037502e-6, body_face: [10, 7, 11], obstacle_face_index: 1308, body_weights: [0.11522384373145828, 0.5513921920983069, 0.3333839641702348], obstacle_weights: [1.0, 0.0, 0.0] }))
IMPLICIT_RESTORED_CONTACT_GUESS dt=1.62760416666666664e-5
IMPLICIT_LINE_SEARCH_REJECTION iteration=22 dt=1.62760416666666664e-5 weighted_residual_j=3.47769073217900956e-3 residual_budget_j=9.99999999999999980e-13 slope_j=-3.48283921500082676e-3 objective_noise_j=1.20609430509069132e-10 alpha=3.55271367880050093e-15 gap_trials=48 volume_trials=48 safe_trials=0 objective_trials=0 smallest_objective_change_j=inf smallest_trial_norm_j=inf
IMPLICIT_QUADRATURE_RETRY attempt=12 panels=14 reason="implicit contact path quadrature refinement"
IMPLICIT_STAGE_REJECTION stage="local contact quadrature" dt=1.62760416666666664e-5 error="closed surface contact gap"
IMPLICIT_INFEASIBLE_PREDICTOR dt=1.62760416666666664e-5 internal_gap_open=true volume_open=true ccd=Ok(Some(0.00943277456851257)) nearest=Ok(Some(PrescribedContactFeature { distance_m: 9.35656523899625e-5, gap_m: -6.434347610037502e-6, body_face: [10, 7, 11], obstacle_face_index: 1308, body_weights: [0.11522384373145828, 0.5513921920983069, 0.3333839641702348], obstacle_weights: [1.0, 0.0, 0.0] }))
IMPLICIT_RESTORED_CONTACT_GUESS dt=1.62760416666666664e-5
IMPLICIT_LINE_SEARCH_REJECTION iteration=22 dt=1.62760416666666664e-5 weighted_residual_j=3.47769073217901303e-3 residual_budget_j=9.99999999999999980e-13 slope_j=-3.54254700112005463e-3 objective_noise_j=1.20609430509069132e-10 alpha=3.55271367880050093e-15 gap_trials=48 volume_trials=48 safe_trials=0 objective_trials=0 smallest_objective_change_j=inf smallest_trial_norm_j=inf
IMPLICIT_QUADRATURE_RETRY attempt=13 panels=15 reason="implicit contact path quadrature refinement"
IMPLICIT_STAGE_REJECTION stage="local contact quadrature" dt=1.62760416666666664e-5 error="closed surface contact gap"
IMPLICIT_INFEASIBLE_PREDICTOR dt=1.62760416666666664e-5 internal_gap_open=true volume_open=true ccd=Ok(Some(0.00943277456851257)) nearest=Ok(Some(PrescribedContactFeature { distance_m: 9.35656523899625e-5, gap_m: -6.434347610037502e-6, body_face: [10, 7, 11], obstacle_face_index: 1308, body_weights: [0.11522384373145828, 0.5513921920983069, 0.3333839641702348], obstacle_weights: [1.0, 0.0, 0.0] }))
IMPLICIT_RESTORED_CONTACT_GUESS dt=1.62760416666666664e-5
IMPLICIT_LINE_SEARCH_REJECTION iteration=22 dt=1.62760416666666664e-5 weighted_residual_j=3.47769073217900999e-3 residual_budget_j=9.99999999999999980e-13 slope_j=-3.52065169819635497e-3 objective_noise_j=1.20609430509069132e-10 alpha=3.55271367880050093e-15 gap_trials=48 volume_trials=48 safe_trials=0 objective_trials=0 smallest_objective_change_j=inf smallest_trial_norm_j=inf
IMPLICIT_QUADRATURE_RETRY attempt=14 panels=16 reason="implicit contact path quadrature refinement"
IMPLICIT_STAGE_REJECTION stage="local contact quadrature" dt=1.62760416666666664e-5 error="closed surface contact gap"
IMPLICIT_INFEASIBLE_PREDICTOR dt=1.62760416666666664e-5 internal_gap_open=true volume_open=true ccd=Ok(Some(0.00943277456851257)) nearest=Ok(Some(PrescribedContactFeature { distance_m: 9.35656523899625e-5, gap_m: -6.434347610037502e-6, body_face: [10, 7, 11], obstacle_face_index: 1308, body_weights: [0.11522384373145828, 0.5513921920983069, 0.3333839641702348], obstacle_weights: [1.0, 0.0, 0.0] }))
IMPLICIT_RESTORED_CONTACT_GUESS dt=1.62760416666666664e-5
IMPLICIT_LINE_SEARCH_REJECTION iteration=22 dt=1.62760416666666664e-5 weighted_residual_j=3.47769073217900392e-3 residual_budget_j=9.99999999999999980e-13 slope_j=-3.49305667180960363e-3 objective_noise_j=1.20609430509069158e-10 alpha=3.55271367880050093e-15 gap_trials=48 volume_trials=48 safe_trials=0 objective_trials=0 smallest_objective_change_j=inf smallest_trial_norm_j=inf
IMPLICIT_QUADRATURE_RETRY attempt=15 panels=17 reason="implicit contact path quadrature refinement"
IMPLICIT_STAGE_REJECTION stage="local contact quadrature" dt=1.62760416666666664e-5 error="closed surface contact gap"
IMPLICIT_INFEASIBLE_PREDICTOR dt=1.62760416666666664e-5 internal_gap_open=true volume_open=true ccd=Ok(Some(0.00943277456851257)) nearest=Ok(Some(PrescribedContactFeature { distance_m: 9.35656523899625e-5, gap_m: -6.434347610037502e-6, body_face: [10, 7, 11], obstacle_face_index: 1308, body_weights: [0.11522384373145828, 0.5513921920983069, 0.3333839641702348], obstacle_weights: [1.0, 0.0, 0.0] }))
IMPLICIT_RESTORED_CONTACT_GUESS dt=1.62760416666666664e-5
IMPLICIT_LINE_SEARCH_REJECTION iteration=22 dt=1.62760416666666664e-5 weighted_residual_j=3.47769073217900739e-3 residual_budget_j=9.99999999999999980e-13 slope_j=-3.52029365328350267e-3 objective_noise_j=1.20609430509069132e-10 alpha=3.55271367880050093e-15 gap_trials=48 volume_trials=48 safe_trials=0 objective_trials=0 smallest_objective_change_j=inf smallest_trial_norm_j=inf
IMPLICIT_QUADRATURE_RETRY attempt=16 panels=18 reason="implicit contact path quadrature refinement"
IMPLICIT_STAGE_REJECTION stage="local contact quadrature" dt=1.62760416666666664e-5 error="closed surface contact gap"
IMPLICIT_INFEASIBLE_PREDICTOR dt=1.62760416666666664e-5 internal_gap_open=true volume_open=true ccd=Ok(Some(0.00943277456851257)) nearest=Ok(Some(PrescribedContactFeature { distance_m: 9.35656523899625e-5, gap_m: -6.434347610037502e-6, body_face: [10, 7, 11], obstacle_face_index: 1308, body_weights: [0.11522384373145828, 0.5513921920983069, 0.3333839641702348], obstacle_weights: [1.0, 0.0, 0.0] }))
IMPLICIT_RESTORED_CONTACT_GUESS dt=1.62760416666666664e-5
IMPLICIT_LINE_SEARCH_REJECTION iteration=22 dt=1.62760416666666664e-5 weighted_residual_j=3.47769073217900869e-3 residual_budget_j=9.99999999999999980e-13 slope_j=-3.48739193874906574e-3 objective_noise_j=1.20609430509069158e-10 alpha=3.55271367880050093e-15 gap_trials=48 volume_trials=48 safe_trials=0 objective_trials=0 smallest_objective_change_j=inf smallest_trial_norm_j=inf
IMPLICIT_QUADRATURE_RETRY attempt=17 panels=19 reason="implicit contact path quadrature refinement"
IMPLICIT_STAGE_REJECTION stage="local contact quadrature" dt=1.62760416666666664e-5 error="closed surface contact gap"
IMPLICIT_INFEASIBLE_PREDICTOR dt=1.62760416666666664e-5 internal_gap_open=true volume_open=true ccd=Ok(Some(0.00943277456851257)) nearest=Ok(Some(PrescribedContactFeature { distance_m: 9.35656523899625e-5, gap_m: -6.434347610037502e-6, body_face: [10, 7, 11], obstacle_face_index: 1308, body_weights: [0.11522384373145828, 0.5513921920983069, 0.3333839641702348], obstacle_weights: [1.0, 0.0, 0.0] }))
IMPLICIT_RESTORED_CONTACT_GUESS dt=1.62760416666666664e-5
IMPLICIT_LINE_SEARCH_REJECTION iteration=22 dt=1.62760416666666664e-5 weighted_residual_j=3.47769073217900565e-3 residual_budget_j=9.99999999999999980e-13 slope_j=-3.48098964791162266e-3 objective_noise_j=1.20609430509069132e-10 alpha=3.55271367880050093e-15 gap_trials=48 volume_trials=48 safe_trials=0 objective_trials=0 smallest_objective_change_j=inf smallest_trial_norm_j=inf
IMPLICIT_QUADRATURE_RETRY attempt=18 panels=20 reason="implicit contact path quadrature refinement"
IMPLICIT_STAGE_REJECTION stage="local contact quadrature" dt=1.62760416666666664e-5 error="closed surface contact gap"
IMPLICIT_INFEASIBLE_PREDICTOR dt=1.62760416666666664e-5 internal_gap_open=true volume_open=true ccd=Ok(Some(0.00943277456851257)) nearest=Ok(Some(PrescribedContactFeature { distance_m: 9.35656523899625e-5, gap_m: -6.434347610037502e-6, body_face: [10, 7, 11], obstacle_face_index: 1308, body_weights: [0.11522384373145828, 0.5513921920983069, 0.3333839641702348], obstacle_weights: [1.0, 0.0, 0.0] }))
IMPLICIT_RESTORED_CONTACT_GUESS dt=1.62760416666666664e-5
IMPLICIT_LINE_SEARCH_REJECTION iteration=22 dt=1.62760416666666664e-5 weighted_residual_j=3.47769073217900609e-3 residual_budget_j=9.99999999999999980e-13 slope_j=-3.48474311332689453e-3 objective_noise_j=1.20609430509069158e-10 alpha=3.55271367880050093e-15 gap_trials=48 volume_trials=48 safe_trials=0 objective_trials=0 smallest_objective_change_j=inf smallest_trial_norm_j=inf
IMPLICIT_QUADRATURE_RETRY attempt=19 panels=21 reason="implicit contact path quadrature refinement"
IMPLICIT_STAGE_REJECTION stage="local contact quadrature" dt=1.62760416666666664e-5 error="closed surface contact gap"
IMPLICIT_INFEASIBLE_PREDICTOR dt=1.62760416666666664e-5 internal_gap_open=true volume_open=true ccd=Ok(Some(0.00943277456851257)) nearest=Ok(Some(PrescribedContactFeature { distance_m: 9.35656523899625e-5, gap_m: -6.434347610037502e-6, body_face: [10, 7, 11], obstacle_face_index: 1308, body_weights: [0.11522384373145828, 0.5513921920983069, 0.3333839641702348], obstacle_weights: [1.0, 0.0, 0.0] }))
IMPLICIT_RESTORED_CONTACT_GUESS dt=1.62760416666666664e-5
IMPLICIT_LINE_SEARCH_REJECTION iteration=22 dt=1.62760416666666664e-5 weighted_residual_j=3.47769073217900609e-3 residual_budget_j=9.99999999999999980e-13 slope_j=-3.49667813085174743e-3 objective_noise_j=1.20609430509069158e-10 alpha=3.55271367880050093e-15 gap_trials=48 volume_trials=48 safe_trials=0 objective_trials=0 smallest_objective_change_j=inf smallest_trial_norm_j=inf
IMPLICIT_QUADRATURE_RETRY attempt=20 panels=22 reason="implicit contact path quadrature refinement"
IMPLICIT_STAGE_REJECTION stage="local contact quadrature" dt=1.62760416666666664e-5 error="closed surface contact gap"
IMPLICIT_INFEASIBLE_PREDICTOR dt=1.62760416666666664e-5 internal_gap_open=true volume_open=true ccd=Ok(Some(0.00943277456851257)) nearest=Ok(Some(PrescribedContactFeature { distance_m: 9.35656523899625e-5, gap_m: -6.434347610037502e-6, body_face: [10, 7, 11], obstacle_face_index: 1308, body_weights: [0.11522384373145828, 0.5513921920983069, 0.3333839641702348], obstacle_weights: [1.0, 0.0, 0.0] }))
IMPLICIT_RESTORED_CONTACT_GUESS dt=1.62760416666666664e-5
IMPLICIT_LINE_SEARCH_REJECTION iteration=22 dt=1.62760416666666664e-5 weighted_residual_j=3.47769073217900435e-3 residual_budget_j=9.99999999999999980e-13 slope_j=-3.48412501319702531e-3 objective_noise_j=1.20609430509069158e-10 alpha=3.55271367880050093e-15 gap_trials=48 volume_trials=48 safe_trials=0 objective_trials=0 smallest_objective_change_j=inf smallest_trial_norm_j=inf
IMPLICIT_QUADRATURE_RETRY attempt=21 panels=23 reason="implicit contact path quadrature refinement"
IMPLICIT_STAGE_REJECTION stage="local contact quadrature" dt=1.62760416666666664e-5 error="closed surface contact gap"
IMPLICIT_INFEASIBLE_PREDICTOR dt=1.62760416666666664e-5 internal_gap_open=true volume_open=true ccd=Ok(Some(0.00943277456851257)) nearest=Ok(Some(PrescribedContactFeature { distance_m: 9.35656523899625e-5, gap_m: -6.434347610037502e-6, body_face: [10, 7, 11], obstacle_face_index: 1308, body_weights: [0.11522384373145828, 0.5513921920983069, 0.3333839641702348], obstacle_weights: [1.0, 0.0, 0.0] }))
IMPLICIT_RESTORED_CONTACT_GUESS dt=1.62760416666666664e-5
IMPLICIT_LINE_SEARCH_REJECTION iteration=22 dt=1.62760416666666664e-5 weighted_residual_j=3.47769073217900956e-3 residual_budget_j=9.99999999999999980e-13 slope_j=-3.52868739050833744e-3 objective_noise_j=1.20609430509069158e-10 alpha=3.55271367880050093e-15 gap_trials=48 volume_trials=48 safe_trials=0 objective_trials=0 smallest_objective_change_j=inf smallest_trial_norm_j=inf
IMPLICIT_QUADRATURE_RETRY attempt=22 panels=24 reason="implicit contact path quadrature refinement"
IMPLICIT_STAGE_REJECTION stage="local contact quadrature" dt=1.62760416666666664e-5 error="closed surface contact gap"
IMPLICIT_INFEASIBLE_PREDICTOR dt=1.62760416666666664e-5 internal_gap_open=true volume_open=true ccd=Ok(Some(0.00943277456851257)) nearest=Ok(Some(PrescribedContactFeature { distance_m: 9.35656523899625e-5, gap_m: -6.434347610037502e-6, body_face: [10, 7, 11], obstacle_face_index: 1308, body_weights: [0.11522384373145828, 0.5513921920983069, 0.3333839641702348], obstacle_weights: [1.0, 0.0, 0.0] }))
IMPLICIT_RESTORED_CONTACT_GUESS dt=1.62760416666666664e-5
IMPLICIT_LINE_SEARCH_REJECTION iteration=22 dt=1.62760416666666664e-5 weighted_residual_j=3.47769073217900479e-3 residual_budget_j=9.99999999999999980e-13 slope_j=-3.48911406573030464e-3 objective_noise_j=1.20609430509069184e-10 alpha=3.55271367880050093e-15 gap_trials=48 volume_trials=48 safe_trials=0 objective_trials=0 smallest_objective_change_j=inf smallest_trial_norm_j=inf
IMPLICIT_QUADRATURE_RETRY attempt=23 panels=25 reason="implicit contact path quadrature refinement"
IMPLICIT_STAGE_REJECTION stage="local contact quadrature" dt=1.62760416666666664e-5 error="closed surface contact gap"
IMPLICIT_INFEASIBLE_PREDICTOR dt=1.62760416666666664e-5 internal_gap_open=true volume_open=true ccd=Ok(Some(0.00943277456851257)) nearest=Ok(Some(PrescribedContactFeature { distance_m: 9.35656523899625e-5, gap_m: -6.434347610037502e-6, body_face: [10, 7, 11], obstacle_face_index: 1308, body_weights: [0.11522384373145828, 0.5513921920983069, 0.3333839641702348], obstacle_weights: [1.0, 0.0, 0.0] }))
IMPLICIT_RESTORED_CONTACT_GUESS dt=1.62760416666666664e-5
IMPLICIT_LINE_SEARCH_REJECTION iteration=22 dt=1.62760416666666664e-5 weighted_residual_j=3.47769073217900609e-3 residual_budget_j=9.99999999999999980e-13 slope_j=-3.49477207877767768e-3 objective_noise_j=1.20609430509069158e-10 alpha=3.55271367880050093e-15 gap_trials=48 volume_trials=48 safe_trials=0 objective_trials=0 smallest_objective_change_j=inf smallest_trial_norm_j=inf
IMPLICIT_QUADRATURE_RETRY attempt=24 panels=26 reason="implicit contact path quadrature refinement"
IMPLICIT_STAGE_REJECTION stage="local contact quadrature" dt=1.62760416666666664e-5 error="closed surface contact gap"
IMPLICIT_INFEASIBLE_PREDICTOR dt=1.62760416666666664e-5 internal_gap_open=true volume_open=true ccd=Ok(Some(0.00943277456851257)) nearest=Ok(Some(PrescribedContactFeature { distance_m: 9.35656523899625e-5, gap_m: -6.434347610037502e-6, body_face: [10, 7, 11], obstacle_face_index: 1308, body_weights: [0.11522384373145828, 0.5513921920983069, 0.3333839641702348], obstacle_weights: [1.0, 0.0, 0.0] }))
IMPLICIT_RESTORED_CONTACT_GUESS dt=1.62760416666666664e-5
IMPLICIT_LINE_SEARCH_REJECTION iteration=22 dt=1.62760416666666664e-5 weighted_residual_j=3.47769073217900305e-3 residual_budget_j=9.99999999999999980e-13 slope_j=-3.53285824888003837e-3 objective_noise_j=1.20609430509069158e-10 alpha=3.55271367880050093e-15 gap_trials=48 volume_trials=48 safe_trials=0 objective_trials=0 smallest_objective_change_j=inf smallest_trial_norm_j=inf
IMPLICIT_QUADRATURE_RETRY attempt=25 panels=27 reason="implicit contact path quadrature refinement"
IMPLICIT_STAGE_REJECTION stage="local contact quadrature" dt=1.62760416666666664e-5 error="closed surface contact gap"
IMPLICIT_INFEASIBLE_PREDICTOR dt=1.62760416666666664e-5 internal_gap_open=true volume_open=true ccd=Ok(Some(0.00943277456851257)) nearest=Ok(Some(PrescribedContactFeature { distance_m: 9.35656523899625e-5, gap_m: -6.434347610037502e-6, body_face: [10, 7, 11], obstacle_face_index: 1308, body_weights: [0.11522384373145828, 0.5513921920983069, 0.3333839641702348], obstacle_weights: [1.0, 0.0, 0.0] }))
IMPLICIT_RESTORED_CONTACT_GUESS dt=1.62760416666666664e-5
IMPLICIT_LINE_SEARCH_REJECTION iteration=22 dt=1.62760416666666664e-5 weighted_residual_j=3.47769073217900305e-3 residual_budget_j=9.99999999999999980e-13 slope_j=-3.49439347885042648e-3 objective_noise_j=1.20609430509069158e-10 alpha=3.55271367880050093e-15 gap_trials=48 volume_trials=48 safe_trials=0 objective_trials=0 smallest_objective_change_j=inf smallest_trial_norm_j=inf
IMPLICIT_QUADRATURE_RETRY attempt=26 panels=28 reason="implicit contact path quadrature refinement"
IMPLICIT_STAGE_REJECTION stage="local contact quadrature" dt=1.62760416666666664e-5 error="closed surface contact gap"
IMPLICIT_INFEASIBLE_PREDICTOR dt=1.62760416666666664e-5 internal_gap_open=true volume_open=true ccd=Ok(Some(0.00943277456851257)) nearest=Ok(Some(PrescribedContactFeature { distance_m: 9.35656523899625e-5, gap_m: -6.434347610037502e-6, body_face: [10, 7, 11], obstacle_face_index: 1308, body_weights: [0.11522384373145828, 0.5513921920983069, 0.3333839641702348], obstacle_weights: [1.0, 0.0, 0.0] }))
IMPLICIT_RESTORED_CONTACT_GUESS dt=1.62760416666666664e-5
IMPLICIT_LINE_SEARCH_REJECTION iteration=22 dt=1.62760416666666664e-5 weighted_residual_j=3.47769073217900132e-3 residual_budget_j=9.99999999999999980e-13 slope_j=-3.48048317634471740e-3 objective_noise_j=1.20609430509069184e-10 alpha=3.55271367880050093e-15 gap_trials=48 volume_trials=48 safe_trials=0 objective_trials=0 smallest_objective_change_j=inf smallest_trial_norm_j=inf
IMPLICIT_QUADRATURE_RETRY attempt=27 panels=29 reason="implicit contact path quadrature refinement"
IMPLICIT_STAGE_REJECTION stage="local contact quadrature" dt=1.62760416666666664e-5 error="closed surface contact gap"
IMPLICIT_INFEASIBLE_PREDICTOR dt=1.62760416666666664e-5 internal_gap_open=true volume_open=true ccd=Ok(Some(0.00943277456851257)) nearest=Ok(Some(PrescribedContactFeature { distance_m: 9.35656523899625e-5, gap_m: -6.434347610037502e-6, body_face: [10, 7, 11], obstacle_face_index: 1308, body_weights: [0.11522384373145828, 0.5513921920983069, 0.3333839641702348], obstacle_weights: [1.0, 0.0, 0.0] }))
IMPLICIT_RESTORED_CONTACT_GUESS dt=1.62760416666666664e-5
IMPLICIT_LINE_SEARCH_REJECTION iteration=22 dt=1.62760416666666664e-5 weighted_residual_j=3.47769073217900349e-3 residual_budget_j=9.99999999999999980e-13 slope_j=-3.47950751191471782e-3 objective_noise_j=1.20609430509069158e-10 alpha=3.55271367880050093e-15 gap_trials=48 volume_trials=48 safe_trials=0 objective_trials=0 smallest_objective_change_j=inf smallest_trial_norm_j=inf
IMPLICIT_QUADRATURE_RETRY attempt=28 panels=30 reason="implicit contact path quadrature refinement"
IMPLICIT_STAGE_REJECTION stage="local contact quadrature" dt=1.62760416666666664e-5 error="closed surface contact gap"
IMPLICIT_INFEASIBLE_PREDICTOR dt=1.62760416666666664e-5 internal_gap_open=true volume_open=true ccd=Ok(Some(0.00943277456851257)) nearest=Ok(Some(PrescribedContactFeature { distance_m: 9.35656523899625e-5, gap_m: -6.434347610037502e-6, body_face: [10, 7, 11], obstacle_face_index: 1308, body_weights: [0.11522384373145828, 0.5513921920983069, 0.3333839641702348], obstacle_weights: [1.0, 0.0, 0.0] }))
IMPLICIT_RESTORED_CONTACT_GUESS dt=1.62760416666666664e-5
IMPLICIT_LINE_SEARCH_REJECTION iteration=22 dt=1.62760416666666664e-5 weighted_residual_j=3.47769073217900479e-3 residual_budget_j=9.99999999999999980e-13 slope_j=-3.52781027026066035e-3 objective_noise_j=1.20609430509069132e-10 alpha=3.55271367880050093e-15 gap_trials=48 volume_trials=48 safe_trials=0 objective_trials=0 smallest_objective_change_j=inf smallest_trial_norm_j=inf
IMPLICIT_QUADRATURE_RETRY attempt=29 panels=31 reason="implicit contact path quadrature refinement"
IMPLICIT_STAGE_REJECTION stage="local contact quadrature" dt=1.62760416666666664e-5 error="closed surface contact gap"
IMPLICIT_INFEASIBLE_PREDICTOR dt=1.62760416666666664e-5 internal_gap_open=true volume_open=true ccd=Ok(Some(0.00943277456851257)) nearest=Ok(Some(PrescribedContactFeature { distance_m: 9.35656523899625e-5, gap_m: -6.434347610037502e-6, body_face: [10, 7, 11], obstacle_face_index: 1308, body_weights: [0.11522384373145828, 0.5513921920983069, 0.3333839641702348], obstacle_weights: [1.0, 0.0, 0.0] }))
IMPLICIT_RESTORED_CONTACT_GUESS dt=1.62760416666666664e-5
IMPLICIT_LINE_SEARCH_REJECTION iteration=22 dt=1.62760416666666664e-5 weighted_residual_j=3.47769073217900175e-3 residual_budget_j=9.99999999999999980e-13 slope_j=-3.48009746855765635e-3 objective_noise_j=1.20609430509069158e-10 alpha=3.55271367880050093e-15 gap_trials=48 volume_trials=48 safe_trials=0 objective_trials=0 smallest_objective_change_j=inf smallest_trial_norm_j=inf
IMPLICIT_QUADRATURE_RETRY attempt=30 panels=32 reason="implicit contact path quadrature refinement"
IMPLICIT_STAGE_REJECTION stage="local contact quadrature" dt=1.62760416666666664e-5 error="closed surface contact gap"
IMPLICIT_INFEASIBLE_PREDICTOR dt=1.62760416666666664e-5 internal_gap_open=true volume_open=true ccd=Ok(Some(0.00943277456851257)) nearest=Ok(Some(PrescribedContactFeature { distance_m: 9.35656523899625e-5, gap_m: -6.434347610037502e-6, body_face: [10, 7, 11], obstacle_face_index: 1308, body_weights: [0.11522384373145828, 0.5513921920983069, 0.3333839641702348], obstacle_weights: [1.0, 0.0, 0.0] }))
IMPLICIT_RESTORED_CONTACT_GUESS dt=1.62760416666666664e-5
IMPLICIT_LINE_SEARCH_REJECTION iteration=22 dt=1.62760416666666664e-5 weighted_residual_j=3.47769073217900435e-3 residual_budget_j=9.99999999999999980e-13 slope_j=-3.53211028991915702e-3 objective_noise_j=1.20609430509069132e-10 alpha=3.55271367880050093e-15 gap_trials=48 volume_trials=48 safe_trials=0 objective_trials=0 smallest_objective_change_j=inf smallest_trial_norm_j=inf
IMPLICIT_QUADRATURE_RETRY attempt=31 panels=33 reason="implicit contact path quadrature refinement"
IMPLICIT_STAGE_REJECTION stage="local contact quadrature" dt=8.13802083333333322e-6 error="closed surface contact gap"
IMPLICIT_INFEASIBLE_PREDICTOR dt=8.13802083333333322e-6 internal_gap_open=true volume_open=true ccd=Ok(Some(0.01886554913696196)) nearest=Ok(Some(PrescribedContactFeature { distance_m: 9.681352715636882e-5, gap_m: -3.186472843631186e-6, body_face: [10, 7, 11], obstacle_face_index: 1308, body_weights: [0.11522677407850357, 0.5513790423645942, 0.3333941835569022], obstacle_weights: [1.0, 0.0, 0.0] }))
IMPLICIT_RESTORED_CONTACT_GUESS dt=8.13802083333333322e-6
IMPLICIT_LINE_SEARCH_REJECTION iteration=23 dt=8.13802083333333322e-6 weighted_residual_j=2.83375314276056427e-3 residual_budget_j=9.76562500000000061e-13 slope_j=-2.87716707787527819e-3 objective_noise_j=2.35254069925020445e-10 alpha=3.55271367880050093e-15 gap_trials=48 volume_trials=48 safe_trials=0 objective_trials=0 smallest_objective_change_j=inf smallest_trial_norm_j=inf
IMPLICIT_QUADRATURE_RETRY attempt=0 panels=2 reason="implicit contact path quadrature refinement"
IMPLICIT_STAGE_REJECTION stage="local contact quadrature" dt=8.13802083333333322e-6 error="closed surface contact gap"
IMPLICIT_INFEASIBLE_PREDICTOR dt=8.13802083333333322e-6 internal_gap_open=true volume_open=true ccd=Ok(Some(0.01886554913696196)) nearest=Ok(Some(PrescribedContactFeature { distance_m: 9.681352715636882e-5, gap_m: -3.186472843631186e-6, body_face: [10, 7, 11], obstacle_face_index: 1308, body_weights: [0.11522677407850357, 0.5513790423645942, 0.3333941835569022], obstacle_weights: [1.0, 0.0, 0.0] }))
IMPLICIT_RESTORED_CONTACT_GUESS dt=8.13802083333333322e-6
IMPLICIT_LINE_SEARCH_REJECTION iteration=20 dt=8.13802083333333322e-6 weighted_residual_j=2.83409105563048715e-3 residual_budget_j=9.76562500000000061e-13 slope_j=-3.02217742607606248e-3 objective_noise_j=2.35248070216887350e-10 alpha=3.55271367880050093e-15 gap_trials=48 volume_trials=48 safe_trials=0 objective_trials=0 smallest_objective_change_j=inf smallest_trial_norm_j=inf
IMPLICIT_QUADRATURE_RETRY attempt=1 panels=3 reason="implicit contact path quadrature refinement"
IMPLICIT_STAGE_REJECTION stage="local contact quadrature" dt=8.13802083333333322e-6 error="closed surface contact gap"
IMPLICIT_INFEASIBLE_PREDICTOR dt=8.13802083333333322e-6 internal_gap_open=true volume_open=true ccd=Ok(Some(0.01886554913696196)) nearest=Ok(Some(PrescribedContactFeature { distance_m: 9.681352715636882e-5, gap_m: -3.186472843631186e-6, body_face: [10, 7, 11], obstacle_face_index: 1308, body_weights: [0.11522677407850357, 0.5513790423645942, 0.3333941835569022], obstacle_weights: [1.0, 0.0, 0.0] }))
IMPLICIT_RESTORED_CONTACT_GUESS dt=8.13802083333333322e-6
IMPLICIT_LINE_SEARCH_REJECTION iteration=23 dt=8.13802083333333322e-6 weighted_residual_j=2.83409105709448534e-3 residual_budget_j=9.76562500000000061e-13 slope_j=-2.88740390706943191e-3 objective_noise_j=2.35248070191506502e-10 alpha=3.55271367880050093e-15 gap_trials=48 volume_trials=48 safe_trials=0 objective_trials=0 smallest_objective_change_j=inf smallest_trial_norm_j=inf
IMPLICIT_QUADRATURE_RETRY attempt=2 panels=4 reason="implicit contact path quadrature refinement"
IMPLICIT_STAGE_REJECTION stage="local contact quadrature" dt=8.13802083333333322e-6 error="closed surface contact gap"
IMPLICIT_INFEASIBLE_PREDICTOR dt=8.13802083333333322e-6 internal_gap_open=true volume_open=true ccd=Ok(Some(0.01886554913696196)) nearest=Ok(Some(PrescribedContactFeature { distance_m: 9.681352715636882e-5, gap_m: -3.186472843631186e-6, body_face: [10, 7, 11], obstacle_face_index: 1308, body_weights: [0.11522677407850357, 0.5513790423645942, 0.3333941835569022], obstacle_weights: [1.0, 0.0, 0.0] }))
IMPLICIT_RESTORED_CONTACT_GUESS dt=8.13802083333333322e-6
IMPLICIT_LINE_SEARCH_REJECTION iteration=23 dt=8.13802083333333322e-6 weighted_residual_j=2.83409105712414478e-3 residual_budget_j=9.76562500000000061e-13 slope_j=-2.64721865519690651e-3 objective_noise_j=2.35248070190958392e-10 alpha=3.55271367880050093e-15 gap_trials=48 volume_trials=48 safe_trials=0 objective_trials=0 smallest_objective_change_j=inf smallest_trial_norm_j=inf
IMPLICIT_QUADRATURE_RETRY attempt=3 panels=5 reason="implicit contact path quadrature refinement"
IMPLICIT_STAGE_REJECTION stage="local contact quadrature" dt=8.13802083333333322e-6 error="closed surface contact gap"
IMPLICIT_INFEASIBLE_PREDICTOR dt=8.13802083333333322e-6 internal_gap_open=true volume_open=true ccd=Ok(Some(0.01886554913696196)) nearest=Ok(Some(PrescribedContactFeature { distance_m: 9.681352715636882e-5, gap_m: -3.186472843631186e-6, body_face: [10, 7, 11], obstacle_face_index: 1308, body_weights: [0.11522677407850357, 0.5513790423645942, 0.3333941835569022], obstacle_weights: [1.0, 0.0, 0.0] }))
IMPLICIT_RESTORED_CONTACT_GUESS dt=8.13802083333333322e-6
IMPLICIT_LINE_SEARCH_REJECTION iteration=23 dt=8.13802083333333322e-6 weighted_residual_j=2.83409105712418294e-3 residual_budget_j=9.76562500000000061e-13 slope_j=-2.88976196078424841e-3 objective_noise_j=2.35248070190949965e-10 alpha=3.55271367880050093e-15 gap_trials=48 volume_trials=48 safe_trials=0 objective_trials=0 smallest_objective_change_j=inf smallest_trial_norm_j=inf
IMPLICIT_QUADRATURE_RETRY attempt=4 panels=6 reason="implicit contact path quadrature refinement"
IMPLICIT_STAGE_REJECTION stage="local contact quadrature" dt=8.13802083333333322e-6 error="closed surface contact gap"
IMPLICIT_INFEASIBLE_PREDICTOR dt=8.13802083333333322e-6 internal_gap_open=true volume_open=true ccd=Ok(Some(0.01886554913696196)) nearest=Ok(Some(PrescribedContactFeature { distance_m: 9.681352715636882e-5, gap_m: -3.186472843631186e-6, body_face: [10, 7, 11], obstacle_face_index: 1308, body_weights: [0.11522677407850357, 0.5513790423645942, 0.3333941835569022], obstacle_weights: [1.0, 0.0, 0.0] }))
IMPLICIT_RESTORED_CONTACT_GUESS dt=8.13802083333333322e-6
IMPLICIT_LINE_SEARCH_REJECTION iteration=25 dt=8.13802083333333322e-6 weighted_residual_j=2.83409105713955433e-3 residual_budget_j=9.76562500000000061e-13 slope_j=-2.72772104246952682e-3 objective_noise_j=2.35248070190667690e-10 alpha=3.55271367880050093e-15 gap_trials=48 volume_trials=48 safe_trials=0 objective_trials=0 smallest_objective_change_j=inf smallest_trial_norm_j=inf
IMPLICIT_QUADRATURE_RETRY attempt=5 panels=7 reason="implicit contact path quadrature refinement"
IMPLICIT_STAGE_REJECTION stage="local contact quadrature" dt=8.13802083333333322e-6 error="closed surface contact gap"
IMPLICIT_INFEASIBLE_PREDICTOR dt=8.13802083333333322e-6 internal_gap_open=true volume_open=true ccd=Ok(Some(0.01886554913696196)) nearest=Ok(Some(PrescribedContactFeature { distance_m: 9.681352715636882e-5, gap_m: -3.186472843631186e-6, body_face: [10, 7, 11], obstacle_face_index: 1308, body_weights: [0.11522677407850357, 0.5513790423645942, 0.3333941835569022], obstacle_weights: [1.0, 0.0, 0.0] }))
IMPLICIT_RESTORED_CONTACT_GUESS dt=8.13802083333333322e-6
IMPLICIT_LINE_SEARCH_REJECTION iteration=22 dt=8.13802083333333322e-6 weighted_residual_j=2.83409105712774780e-3 residual_budget_j=9.76562500000000061e-13 slope_j=-2.80365836131980448e-3 objective_noise_j=2.35248070190892062e-10 alpha=3.55271367880050093e-15 gap_trials=48 volume_trials=48 safe_trials=0 objective_trials=0 smallest_objective_change_j=inf smallest_trial_norm_j=inf
IMPLICIT_QUADRATURE_RETRY attempt=6 panels=8 reason="implicit contact path quadrature refinement"
IMPLICIT_STAGE_REJECTION stage="local contact quadrature" dt=8.13802083333333322e-6 error="closed surface contact gap"
IMPLICIT_INFEASIBLE_PREDICTOR dt=8.13802083333333322e-6 internal_gap_open=true volume_open=true ccd=Ok(Some(0.01886554913696196)) nearest=Ok(Some(PrescribedContactFeature { distance_m: 9.681352715636882e-5, gap_m: -3.186472843631186e-6, body_face: [10, 7, 11], obstacle_face_index: 1308, body_weights: [0.11522677407850357, 0.5513790423645942, 0.3333941835569022], obstacle_weights: [1.0, 0.0, 0.0] }))
IMPLICIT_RESTORED_CONTACT_GUESS dt=8.13802083333333322e-6
IMPLICIT_LINE_SEARCH_REJECTION iteration=23 dt=8.13802083333333322e-6 weighted_residual_j=2.83409105712768925e-3 residual_budget_j=9.76562500000000061e-13 slope_j=-2.76686618248143078e-3 objective_noise_j=2.35248070190893045e-10 alpha=3.55271367880050093e-15 gap_trials=48 volume_trials=48 safe_trials=0 objective_trials=0 smallest_objective_change_j=inf smallest_trial_norm_j=inf
IMPLICIT_QUADRATURE_RETRY attempt=7 panels=9 reason="implicit contact path quadrature refinement"
IMPLICIT_STAGE_REJECTION stage="local contact quadrature" dt=8.13802083333333322e-6 error="closed surface contact gap"
IMPLICIT_INFEASIBLE_PREDICTOR dt=8.13802083333333322e-6 internal_gap_open=true volume_open=true ccd=Ok(Some(0.01886554913696196)) nearest=Ok(Some(PrescribedContactFeature { distance_m: 9.681352715636882e-5, gap_m: -3.186472843631186e-6, body_face: [10, 7, 11], obstacle_face_index: 1308, body_weights: [0.11522677407850357, 0.5513790423645942, 0.3333941835569022], obstacle_weights: [1.0, 0.0, 0.0] }))
IMPLICIT_RESTORED_CONTACT_GUESS dt=8.13802083333333322e-6
IMPLICIT_LINE_SEARCH_REJECTION iteration=24 dt=8.13802083333333322e-6 weighted_residual_j=2.83409105712730978e-3 residual_budget_j=9.76562500000000061e-13 slope_j=-2.84495969239307190e-3 objective_noise_j=2.35248070190900127e-10 alpha=3.55271367880050093e-15 gap_trials=48 volume_trials=48 safe_trials=0 objective_trials=0 smallest_objective_change_j=inf smallest_trial_norm_j=inf
IMPLICIT_QUADRATURE_RETRY attempt=8 panels=10 reason="implicit contact path quadrature refinement"
IMPLICIT_STAGE_REJECTION stage="local contact quadrature" dt=8.13802083333333322e-6 error="closed surface contact gap"
IMPLICIT_INFEASIBLE_PREDICTOR dt=8.13802083333333322e-6 internal_gap_open=true volume_open=true ccd=Ok(Some(0.01886554913696196)) nearest=Ok(Some(PrescribedContactFeature { distance_m: 9.681352715636882e-5, gap_m: -3.186472843631186e-6, body_face: [10, 7, 11], obstacle_face_index: 1308, body_weights: [0.11522677407850357, 0.5513790423645942, 0.3333941835569022], obstacle_weights: [1.0, 0.0, 0.0] }))
IMPLICIT_RESTORED_CONTACT_GUESS dt=8.13802083333333322e-6
IMPLICIT_LINE_SEARCH_REJECTION iteration=23 dt=8.13802083333333322e-6 weighted_residual_j=2.83409105712605211e-3 residual_budget_j=9.76562500000000061e-13 slope_j=-2.86245803175283605e-3 objective_noise_j=2.35248070190923237e-10 alpha=3.55271367880050093e-15 gap_trials=48 volume_trials=48 safe_trials=0 objective_trials=0 smallest_objective_change_j=inf smallest_trial_norm_j=inf
IMPLICIT_QUADRATURE_RETRY attempt=9 panels=11 reason="implicit contact path quadrature refinement"
IMPLICIT_STAGE_REJECTION stage="local contact quadrature" dt=8.13802083333333322e-6 error="closed surface contact gap"
IMPLICIT_INFEASIBLE_PREDICTOR dt=8.13802083333333322e-6 internal_gap_open=true volume_open=true ccd=Ok(Some(0.01886554913696196)) nearest=Ok(Some(PrescribedContactFeature { distance_m: 9.681352715636882e-5, gap_m: -3.186472843631186e-6, body_face: [10, 7, 11], obstacle_face_index: 1308, body_weights: [0.11522677407850357, 0.5513790423645942, 0.3333941835569022], obstacle_weights: [1.0, 0.0, 0.0] }))
IMPLICIT_RESTORED_CONTACT_GUESS dt=8.13802083333333322e-6
IMPLICIT_LINE_SEARCH_REJECTION iteration=23 dt=8.13802083333333322e-6 weighted_residual_j=2.83409105712594369e-3 residual_budget_j=9.76562500000000061e-13 slope_j=-2.80590097157796831e-3 objective_noise_j=2.35248070190925770e-10 alpha=3.55271367880050093e-15 gap_trials=48 volume_trials=48 safe_trials=0 objective_trials=0 smallest_objective_change_j=inf smallest_trial_norm_j=inf
IMPLICIT_QUADRATURE_RETRY attempt=10 panels=12 reason="implicit contact path quadrature refinement"
IMPLICIT_STAGE_REJECTION stage="local contact quadrature" dt=8.13802083333333322e-6 error="closed surface contact gap"
IMPLICIT_INFEASIBLE_PREDICTOR dt=8.13802083333333322e-6 internal_gap_open=true volume_open=true ccd=Ok(Some(0.01886554913696196)) nearest=Ok(Some(PrescribedContactFeature { distance_m: 9.681352715636882e-5, gap_m: -3.186472843631186e-6, body_face: [10, 7, 11], obstacle_face_index: 1308, body_weights: [0.11522677407850357, 0.5513790423645942, 0.3333941835569022], obstacle_weights: [1.0, 0.0, 0.0] }))
IMPLICIT_RESTORED_CONTACT_GUESS dt=8.13802083333333322e-6
IMPLICIT_LINE_SEARCH_REJECTION iteration=23 dt=8.13802083333333322e-6 weighted_residual_j=2.83409105712591203e-3 residual_budget_j=9.76562500000000061e-13 slope_j=-2.82403272883571853e-3 objective_noise_j=2.35248070190926287e-10 alpha=3.55271367880050093e-15 gap_trials=48 volume_trials=48 safe_trials=0 objective_trials=0 smallest_objective_change_j=inf smallest_trial_norm_j=inf
IMPLICIT_QUADRATURE_RETRY attempt=11 panels=13 reason="implicit contact path quadrature refinement"
IMPLICIT_STAGE_REJECTION stage="local contact quadrature" dt=8.13802083333333322e-6 error="closed surface contact gap"
IMPLICIT_INFEASIBLE_PREDICTOR dt=8.13802083333333322e-6 internal_gap_open=true volume_open=true ccd=Ok(Some(0.01886554913696196)) nearest=Ok(Some(PrescribedContactFeature { distance_m: 9.681352715636882e-5, gap_m: -3.186472843631186e-6, body_face: [10, 7, 11], obstacle_face_index: 1308, body_weights: [0.11522677407850357, 0.5513790423645942, 0.3333941835569022], obstacle_weights: [1.0, 0.0, 0.0] }))
IMPLICIT_RESTORED_CONTACT_GUESS dt=8.13802083333333322e-6
IMPLICIT_LINE_SEARCH_REJECTION iteration=23 dt=8.13802083333333322e-6 weighted_residual_j=2.83409105712596667e-3 residual_budget_j=9.76562500000000061e-13 slope_j=-2.66734986018122297e-3 objective_noise_j=2.35248070190925046e-10 alpha=3.55271367880050093e-15 gap_trials=48 volume_trials=48 safe_trials=0 objective_trials=0 smallest_objective_change_j=inf smallest_trial_norm_j=inf
IMPLICIT_QUADRATURE_RETRY attempt=12 panels=14 reason="implicit contact path quadrature refinement"
IMPLICIT_STAGE_REJECTION stage="local contact quadrature" dt=8.13802083333333322e-6 error="closed surface contact gap"
IMPLICIT_INFEASIBLE_PREDICTOR dt=8.13802083333333322e-6 internal_gap_open=true volume_open=true ccd=Ok(Some(0.01886554913696196)) nearest=Ok(Some(PrescribedContactFeature { distance_m: 9.681352715636882e-5, gap_m: -3.186472843631186e-6, body_face: [10, 7, 11], obstacle_face_index: 1308, body_weights: [0.11522677407850357, 0.5513790423645942, 0.3333941835569022], obstacle_weights: [1.0, 0.0, 0.0] }))
IMPLICIT_RESTORED_CONTACT_GUESS dt=8.13802083333333322e-6
IMPLICIT_LINE_SEARCH_REJECTION iteration=23 dt=8.13802083333333322e-6 weighted_residual_j=2.83409105712600961e-3 residual_budget_j=9.76562500000000061e-13 slope_j=-2.86782676380898521e-3 objective_noise_j=2.35248070190924271e-10 alpha=3.55271367880050093e-15 gap_trials=48 volume_trials=48 safe_trials=0 objective_trials=0 smallest_objective_change_j=inf smallest_trial_norm_j=inf
IMPLICIT_QUADRATURE_RETRY attempt=13 panels=15 reason="implicit contact path quadrature refinement"
IMPLICIT_STAGE_REJECTION stage="local contact quadrature" dt=8.13802083333333322e-6 error="closed surface contact gap"
IMPLICIT_INFEASIBLE_PREDICTOR dt=8.13802083333333322e-6 internal_gap_open=true volume_open=true ccd=Ok(Some(0.01886554913696196)) nearest=Ok(Some(PrescribedContactFeature { distance_m: 9.681352715636882e-5, gap_m: -3.186472843631186e-6, body_face: [10, 7, 11], obstacle_face_index: 1308, body_weights: [0.11522677407850357, 0.5513790423645942, 0.3333941835569022], obstacle_weights: [1.0, 0.0, 0.0] }))
IMPLICIT_RESTORED_CONTACT_GUESS dt=8.13802083333333322e-6
IMPLICIT_LINE_SEARCH_REJECTION iteration=23 dt=8.13802083333333322e-6 weighted_residual_j=2.83409105712599660e-3 residual_budget_j=9.76562500000000061e-13 slope_j=-2.99445598883933727e-3 objective_noise_j=2.35248070190924736e-10 alpha=3.55271367880050093e-15 gap_trials=48 volume_trials=48 safe_trials=0 objective_trials=0 smallest_objective_change_j=inf smallest_trial_norm_j=inf
IMPLICIT_QUADRATURE_RETRY attempt=14 panels=16 reason="implicit contact path quadrature refinement"
IMPLICIT_STAGE_REJECTION stage="local contact quadrature" dt=8.13802083333333322e-6 error="closed surface contact gap"
IMPLICIT_INFEASIBLE_PREDICTOR dt=8.13802083333333322e-6 internal_gap_open=true volume_open=true ccd=Ok(Some(0.01886554913696196)) nearest=Ok(Some(PrescribedContactFeature { distance_m: 9.681352715636882e-5, gap_m: -3.186472843631186e-6, body_face: [10, 7, 11], obstacle_face_index: 1308, body_weights: [0.11522677407850357, 0.5513790423645942, 0.3333941835569022], obstacle_weights: [1.0, 0.0, 0.0] }))
IMPLICIT_RESTORED_CONTACT_GUESS dt=8.13802083333333322e-6
IMPLICIT_LINE_SEARCH_REJECTION iteration=23 dt=8.13802083333333322e-6 weighted_residual_j=2.83409105712596320e-3 residual_budget_j=9.76562500000000061e-13 slope_j=-2.80290257703417903e-3 objective_noise_j=2.35248070190924581e-10 alpha=3.55271367880050093e-15 gap_trials=48 volume_trials=48 safe_trials=0 objective_trials=0 smallest_objective_change_j=inf smallest_trial_norm_j=inf
IMPLICIT_QUADRATURE_RETRY attempt=15 panels=17 reason="implicit contact path quadrature refinement"
IMPLICIT_STAGE_REJECTION stage="local contact quadrature" dt=8.13802083333333322e-6 error="closed surface contact gap"
IMPLICIT_INFEASIBLE_PREDICTOR dt=8.13802083333333322e-6 internal_gap_open=true volume_open=true ccd=Ok(Some(0.01886554913696196)) nearest=Ok(Some(PrescribedContactFeature { distance_m: 9.681352715636882e-5, gap_m: -3.186472843631186e-6, body_face: [10, 7, 11], obstacle_face_index: 1308, body_weights: [0.11522677407850357, 0.5513790423645942, 0.3333941835569022], obstacle_weights: [1.0, 0.0, 0.0] }))
IMPLICIT_RESTORED_CONTACT_GUESS dt=8.13802083333333322e-6
IMPLICIT_LINE_SEARCH_REJECTION iteration=23 dt=8.13802083333333322e-6 weighted_residual_j=2.83409105712600223e-3 residual_budget_j=9.76562500000000061e-13 slope_j=-2.93120058947679216e-3 objective_noise_j=2.35248070190924581e-10 alpha=3.55271367880050093e-15 gap_trials=48 volume_trials=48 safe_trials=0 objective_trials=0 smallest_objective_change_j=inf smallest_trial_norm_j=inf
IMPLICIT_QUADRATURE_RETRY attempt=16 panels=18 reason="implicit contact path quadrature refinement"
IMPLICIT_STAGE_REJECTION stage="local contact quadrature" dt=8.13802083333333322e-6 error="closed surface contact gap"
IMPLICIT_INFEASIBLE_PREDICTOR dt=8.13802083333333322e-6 internal_gap_open=true volume_open=true ccd=Ok(Some(0.01886554913696196)) nearest=Ok(Some(PrescribedContactFeature { distance_m: 9.681352715636882e-5, gap_m: -3.186472843631186e-6, body_face: [10, 7, 11], obstacle_face_index: 1308, body_weights: [0.11522677407850357, 0.5513790423645942, 0.3333941835569022], obstacle_weights: [1.0, 0.0, 0.0] }))
IMPLICIT_RESTORED_CONTACT_GUESS dt=8.13802083333333322e-6
IMPLICIT_LINE_SEARCH_REJECTION iteration=23 dt=8.13802083333333322e-6 weighted_residual_j=2.83409105712599833e-3 residual_budget_j=9.76562500000000061e-13 slope_j=-2.81090746510744092e-3 objective_noise_j=2.35248070190924633e-10 alpha=3.55271367880050093e-15 gap_trials=48 volume_trials=48 safe_trials=0 objective_trials=0 smallest_objective_change_j=inf smallest_trial_norm_j=inf
IMPLICIT_QUADRATURE_RETRY attempt=17 panels=19 reason="implicit contact path quadrature refinement"
IMPLICIT_STAGE_REJECTION stage="local contact quadrature" dt=8.13802083333333322e-6 error="closed surface contact gap"
IMPLICIT_INFEASIBLE_PREDICTOR dt=8.13802083333333322e-6 internal_gap_open=true volume_open=true ccd=Ok(Some(0.01886554913696196)) nearest=Ok(Some(PrescribedContactFeature { distance_m: 9.681352715636882e-5, gap_m: -3.186472843631186e-6, body_face: [10, 7, 11], obstacle_face_index: 1308, body_weights: [0.11522677407850357, 0.5513790423645942, 0.3333941835569022], obstacle_weights: [1.0, 0.0, 0.0] }))
IMPLICIT_RESTORED_CONTACT_GUESS dt=8.13802083333333322e-6
IMPLICIT_LINE_SEARCH_REJECTION iteration=23 dt=8.13802083333333322e-6 weighted_residual_j=2.83409105712600006e-3 residual_budget_j=9.76562500000000061e-13 slope_j=-2.84686916826359677e-3 objective_noise_j=2.35248070190924581e-10 alpha=3.55271367880050093e-15 gap_trials=48 volume_trials=48 safe_trials=0 objective_trials=0 smallest_objective_change_j=inf smallest_trial_norm_j=inf
IMPLICIT_QUADRATURE_RETRY attempt=18 panels=20 reason="implicit contact path quadrature refinement"
IMPLICIT_STAGE_REJECTION stage="local contact quadrature" dt=8.13802083333333322e-6 error="closed surface contact gap"
IMPLICIT_INFEASIBLE_PREDICTOR dt=8.13802083333333322e-6 internal_gap_open=true volume_open=true ccd=Ok(Some(0.01886554913696196)) nearest=Ok(Some(PrescribedContactFeature { distance_m: 9.681352715636882e-5, gap_m: -3.186472843631186e-6, body_face: [10, 7, 11], obstacle_face_index: 1308, body_weights: [0.11522677407850357, 0.5513790423645942, 0.3333941835569022], obstacle_weights: [1.0, 0.0, 0.0] }))
IMPLICIT_RESTORED_CONTACT_GUESS dt=8.13802083333333322e-6
IMPLICIT_LINE_SEARCH_REJECTION iteration=23 dt=8.13802083333333322e-6 weighted_residual_j=2.83409105712599746e-3 residual_budget_j=9.76562500000000061e-13 slope_j=-2.67832135271078072e-3 objective_noise_j=2.35248070190924581e-10 alpha=3.55271367880050093e-15 gap_trials=48 volume_trials=48 safe_trials=0 objective_trials=0 smallest_objective_change_j=inf smallest_trial_norm_j=inf
IMPLICIT_QUADRATURE_RETRY attempt=19 panels=21 reason="implicit contact path quadrature refinement"
IMPLICIT_STAGE_REJECTION stage="local contact quadrature" dt=8.13802083333333322e-6 error="closed surface contact gap"
IMPLICIT_INFEASIBLE_PREDICTOR dt=8.13802083333333322e-6 internal_gap_open=true volume_open=true ccd=Ok(Some(0.01886554913696196)) nearest=Ok(Some(PrescribedContactFeature { distance_m: 9.681352715636882e-5, gap_m: -3.186472843631186e-6, body_face: [10, 7, 11], obstacle_face_index: 1308, body_weights: [0.11522677407850357, 0.5513790423645942, 0.3333941835569022], obstacle_weights: [1.0, 0.0, 0.0] }))
IMPLICIT_RESTORED_CONTACT_GUESS dt=8.13802083333333322e-6
IMPLICIT_LINE_SEARCH_REJECTION iteration=23 dt=8.13802083333333322e-6 weighted_residual_j=2.83409105712599356e-3 residual_budget_j=9.76562500000000061e-13 slope_j=-2.86557191114966865e-3 objective_noise_j=2.35248070190924581e-10 alpha=3.55271367880050093e-15 gap_trials=48 volume_trials=48 safe_trials=0 objective_trials=0 smallest_objective_change_j=inf smallest_trial_norm_j=inf
IMPLICIT_QUADRATURE_RETRY attempt=20 panels=22 reason="implicit contact path quadrature refinement"
IMPLICIT_STAGE_REJECTION stage="local contact quadrature" dt=8.13802083333333322e-6 error="closed surface contact gap"
IMPLICIT_INFEASIBLE_PREDICTOR dt=8.13802083333333322e-6 internal_gap_open=true volume_open=true ccd=Ok(Some(0.01886554913696196)) nearest=Ok(Some(PrescribedContactFeature { distance_m: 9.681352715636882e-5, gap_m: -3.186472843631186e-6, body_face: [10, 7, 11], obstacle_face_index: 1308, body_weights: [0.11522677407850357, 0.5513790423645942, 0.3333941835569022], obstacle_weights: [1.0, 0.0, 0.0] }))
IMPLICIT_RESTORED_CONTACT_GUESS dt=8.13802083333333322e-6
IMPLICIT_LINE_SEARCH_REJECTION iteration=23 dt=8.13802083333333322e-6 weighted_residual_j=2.83409105712599790e-3 residual_budget_j=9.76562500000000061e-13 slope_j=-2.69692750733191433e-3 objective_noise_j=2.35248070190924581e-10 alpha=3.55271367880050093e-15 gap_trials=48 volume_trials=48 safe_trials=0 objective_trials=0 smallest_objective_change_j=inf smallest_trial_norm_j=inf
IMPLICIT_QUADRATURE_RETRY attempt=21 panels=23 reason="implicit contact path quadrature refinement"
IMPLICIT_STAGE_REJECTION stage="local contact quadrature" dt=8.13802083333333322e-6 error="closed surface contact gap"
IMPLICIT_INFEASIBLE_PREDICTOR dt=8.13802083333333322e-6 internal_gap_open=true volume_open=true ccd=Ok(Some(0.01886554913696196)) nearest=Ok(Some(PrescribedContactFeature { distance_m: 9.681352715636882e-5, gap_m: -3.186472843631186e-6, body_face: [10, 7, 11], obstacle_face_index: 1308, body_weights: [0.11522677407850357, 0.5513790423645942, 0.3333941835569022], obstacle_weights: [1.0, 0.0, 0.0] }))
IMPLICIT_RESTORED_CONTACT_GUESS dt=8.13802083333333322e-6
IMPLICIT_LINE_SEARCH_REJECTION iteration=23 dt=8.13802083333333322e-6 weighted_residual_j=2.83409105712600223e-3 residual_budget_j=9.76562500000000061e-13 slope_j=-2.98316268578585533e-3 objective_noise_j=2.35248070190924581e-10 alpha=3.55271367880050093e-15 gap_trials=48 volume_trials=48 safe_trials=0 objective_trials=0 smallest_objective_change_j=inf smallest_trial_norm_j=inf
IMPLICIT_QUADRATURE_RETRY attempt=22 panels=24 reason="implicit contact path quadrature refinement"
IMPLICIT_STAGE_REJECTION stage="local contact quadrature" dt=8.13802083333333322e-6 error="closed surface contact gap"
IMPLICIT_INFEASIBLE_PREDICTOR dt=8.13802083333333322e-6 internal_gap_open=true volume_open=true ccd=Ok(Some(0.01886554913696196)) nearest=Ok(Some(PrescribedContactFeature { distance_m: 9.681352715636882e-5, gap_m: -3.186472843631186e-6, body_face: [10, 7, 11], obstacle_face_index: 1308, body_weights: [0.11522677407850357, 0.5513790423645942, 0.3333941835569022], obstacle_weights: [1.0, 0.0, 0.0] }))
IMPLICIT_RESTORED_CONTACT_GUESS dt=8.13802083333333322e-6
IMPLICIT_LINE_SEARCH_REJECTION iteration=23 dt=8.13802083333333322e-6 weighted_residual_j=2.83409105712599486e-3 residual_budget_j=9.76562500000000061e-13 slope_j=-2.72386609404836558e-3 objective_noise_j=2.35248070190924581e-10 alpha=3.55271367880050093e-15 gap_trials=48 volume_trials=48 safe_trials=0 objective_trials=0 smallest_objective_change_j=inf smallest_trial_norm_j=inf
IMPLICIT_QUADRATURE_RETRY attempt=23 panels=25 reason="implicit contact path quadrature refinement"
IMPLICIT_STAGE_REJECTION stage="local contact quadrature" dt=8.13802083333333322e-6 error="closed surface contact gap"
IMPLICIT_INFEASIBLE_PREDICTOR dt=8.13802083333333322e-6 internal_gap_open=true volume_open=true ccd=Ok(Some(0.01886554913696196)) nearest=Ok(Some(PrescribedContactFeature { distance_m: 9.681352715636882e-5, gap_m: -3.186472843631186e-6, body_face: [10, 7, 11], obstacle_face_index: 1308, body_weights: [0.11522677407850357, 0.5513790423645942, 0.3333941835569022], obstacle_weights: [1.0, 0.0, 0.0] }))
IMPLICIT_RESTORED_CONTACT_GUESS dt=8.13802083333333322e-6
IMPLICIT_LINE_SEARCH_REJECTION iteration=23 dt=8.13802083333333322e-6 weighted_residual_j=2.83409105712599226e-3 residual_budget_j=9.76562500000000061e-13 slope_j=-2.75386180941131773e-3 objective_noise_j=2.35248070190924581e-10 alpha=3.55271367880050093e-15 gap_trials=48 volume_trials=48 safe_trials=0 objective_trials=0 smallest_objective_change_j=inf smallest_trial_norm_j=inf
IMPLICIT_QUADRATURE_RETRY attempt=24 panels=26 reason="implicit contact path quadrature refinement"
IMPLICIT_STAGE_REJECTION stage="local contact quadrature" dt=8.13802083333333322e-6 error="closed surface contact gap"
IMPLICIT_INFEASIBLE_PREDICTOR dt=8.13802083333333322e-6 internal_gap_open=true volume_open=true ccd=Ok(Some(0.01886554913696196)) nearest=Ok(Some(PrescribedContactFeature { distance_m: 9.681352715636882e-5, gap_m: -3.186472843631186e-6, body_face: [10, 7, 11], obstacle_face_index: 1308, body_weights: [0.11522677407850357, 0.5513790423645942, 0.3333941835569022], obstacle_weights: [1.0, 0.0, 0.0] }))
IMPLICIT_RESTORED_CONTACT_GUESS dt=8.13802083333333322e-6
IMPLICIT_LINE_SEARCH_REJECTION iteration=23 dt=8.13802083333333322e-6 weighted_residual_j=2.83409105712598619e-3 residual_budget_j=9.76562500000000061e-13 slope_j=-2.74882640625048963e-3 objective_noise_j=2.35248070190924581e-10 alpha=3.55271367880050093e-15 gap_trials=48 volume_trials=48 safe_trials=0 objective_trials=0 smallest_objective_change_j=inf smallest_trial_norm_j=inf
IMPLICIT_QUADRATURE_RETRY attempt=25 panels=27 reason="implicit contact path quadrature refinement"
IMPLICIT_STAGE_REJECTION stage="local contact quadrature" dt=8.13802083333333322e-6 error="closed surface contact gap"
IMPLICIT_INFEASIBLE_PREDICTOR dt=8.13802083333333322e-6 internal_gap_open=true volume_open=true ccd=Ok(Some(0.01886554913696196)) nearest=Ok(Some(PrescribedContactFeature { distance_m: 9.681352715636882e-5, gap_m: -3.186472843631186e-6, body_face: [10, 7, 11], obstacle_face_index: 1308, body_weights: [0.11522677407850357, 0.5513790423645942, 0.3333941835569022], obstacle_weights: [1.0, 0.0, 0.0] }))
IMPLICIT_RESTORED_CONTACT_GUESS dt=8.13802083333333322e-6
IMPLICIT_LINE_SEARCH_REJECTION iteration=23 dt=8.13802083333333322e-6 weighted_residual_j=2.83409105712598792e-3 residual_budget_j=9.76562500000000061e-13 slope_j=-2.75959024730259694e-3 objective_noise_j=2.35248070190924529e-10 alpha=3.55271367880050093e-15 gap_trials=48 volume_trials=48 safe_trials=0 objective_trials=0 smallest_objective_change_j=inf smallest_trial_norm_j=inf
IMPLICIT_QUADRATURE_RETRY attempt=26 panels=28 reason="implicit contact path quadrature refinement"
IMPLICIT_STAGE_REJECTION stage="local contact quadrature" dt=8.13802083333333322e-6 error="closed surface contact gap"
IMPLICIT_INFEASIBLE_PREDICTOR dt=8.13802083333333322e-6 internal_gap_open=true volume_open=true ccd=Ok(Some(0.01886554913696196)) nearest=Ok(Some(PrescribedContactFeature { distance_m: 9.681352715636882e-5, gap_m: -3.186472843631186e-6, body_face: [10, 7, 11], obstacle_face_index: 1308, body_weights: [0.11522677407850357, 0.5513790423645942, 0.3333941835569022], obstacle_weights: [1.0, 0.0, 0.0] }))
IMPLICIT_RESTORED_CONTACT_GUESS dt=8.13802083333333322e-6
IMPLICIT_LINE_SEARCH_REJECTION iteration=23 dt=8.13802083333333322e-6 weighted_residual_j=2.83409105712598705e-3 residual_budget_j=9.76562500000000061e-13 slope_j=-2.76511376691282191e-3 objective_noise_j=2.35248070190924581e-10 alpha=3.55271367880050093e-15 gap_trials=48 volume_trials=48 safe_trials=0 objective_trials=0 smallest_objective_change_j=inf smallest_trial_norm_j=inf
IMPLICIT_QUADRATURE_RETRY attempt=27 panels=29 reason="implicit contact path quadrature refinement"
IMPLICIT_STAGE_REJECTION stage="local contact quadrature" dt=8.13802083333333322e-6 error="closed surface contact gap"
IMPLICIT_INFEASIBLE_PREDICTOR dt=8.13802083333333322e-6 internal_gap_open=true volume_open=true ccd=Ok(Some(0.01886554913696196)) nearest=Ok(Some(PrescribedContactFeature { distance_m: 9.681352715636882e-5, gap_m: -3.186472843631186e-6, body_face: [10, 7, 11], obstacle_face_index: 1308, body_weights: [0.11522677407850357, 0.5513790423645942, 0.3333941835569022], obstacle_weights: [1.0, 0.0, 0.0] }))
IMPLICIT_RESTORED_CONTACT_GUESS dt=8.13802083333333322e-6
IMPLICIT_LINE_SEARCH_REJECTION iteration=23 dt=8.13802083333333322e-6 weighted_residual_j=2.83409105712599009e-3 residual_budget_j=9.76562500000000061e-13 slope_j=-2.86777032806488337e-3 objective_noise_j=2.35248070190924581e-10 alpha=3.55271367880050093e-15 gap_trials=48 volume_trials=48 safe_trials=0 objective_trials=0 smallest_objective_change_j=inf smallest_trial_norm_j=inf
IMPLICIT_QUADRATURE_RETRY attempt=28 panels=30 reason="implicit contact path quadrature refinement"
IMPLICIT_STAGE_REJECTION stage="local contact quadrature" dt=8.13802083333333322e-6 error="closed surface contact gap"
IMPLICIT_INFEASIBLE_PREDICTOR dt=8.13802083333333322e-6 internal_gap_open=true volume_open=true ccd=Ok(Some(0.01886554913696196)) nearest=Ok(Some(PrescribedContactFeature { distance_m: 9.681352715636882e-5, gap_m: -3.186472843631186e-6, body_face: [10, 7, 11], obstacle_face_index: 1308, body_weights: [0.11522677407850357, 0.5513790423645942, 0.3333941835569022], obstacle_weights: [1.0, 0.0, 0.0] }))
IMPLICIT_RESTORED_CONTACT_GUESS dt=8.13802083333333322e-6
IMPLICIT_LINE_SEARCH_REJECTION iteration=23 dt=8.13802083333333322e-6 weighted_residual_j=2.83409105712598489e-3 residual_budget_j=9.76562500000000061e-13 slope_j=-2.69670890190789291e-3 objective_noise_j=2.35248070190924581e-10 alpha=3.55271367880050093e-15 gap_trials=48 volume_trials=48 safe_trials=0 objective_trials=0 smallest_objective_change_j=inf smallest_trial_norm_j=inf
IMPLICIT_QUADRATURE_RETRY attempt=29 panels=31 reason="implicit contact path quadrature refinement"
IMPLICIT_STAGE_REJECTION stage="local contact quadrature" dt=8.13802083333333322e-6 error="closed surface contact gap"
IMPLICIT_INFEASIBLE_PREDICTOR dt=8.13802083333333322e-6 internal_gap_open=true volume_open=true ccd=Ok(Some(0.01886554913696196)) nearest=Ok(Some(PrescribedContactFeature { distance_m: 9.681352715636882e-5, gap_m: -3.186472843631186e-6, body_face: [10, 7, 11], obstacle_face_index: 1308, body_weights: [0.11522677407850357, 0.5513790423645942, 0.3333941835569022], obstacle_weights: [1.0, 0.0, 0.0] }))
IMPLICIT_RESTORED_CONTACT_GUESS dt=8.13802083333333322e-6
IMPLICIT_LINE_SEARCH_REJECTION iteration=23 dt=8.13802083333333322e-6 weighted_residual_j=2.83409105712598922e-3 residual_budget_j=9.76562500000000061e-13 slope_j=-2.79910922367615500e-3 objective_noise_j=2.35248070190924633e-10 alpha=3.55271367880050093e-15 gap_trials=48 volume_trials=48 safe_trials=0 objective_trials=0 smallest_objective_change_j=inf smallest_trial_norm_j=inf
IMPLICIT_QUADRATURE_RETRY attempt=30 panels=32 reason="implicit contact path quadrature refinement"
IMPLICIT_STAGE_REJECTION stage="local contact quadrature" dt=8.13802083333333322e-6 error="closed surface contact gap"
IMPLICIT_INFEASIBLE_PREDICTOR dt=8.13802083333333322e-6 internal_gap_open=true volume_open=true ccd=Ok(Some(0.01886554913696196)) nearest=Ok(Some(PrescribedContactFeature { distance_m: 9.681352715636882e-5, gap_m: -3.186472843631186e-6, body_face: [10, 7, 11], obstacle_face_index: 1308, body_weights: [0.11522677407850357, 0.5513790423645942, 0.3333941835569022], obstacle_weights: [1.0, 0.0, 0.0] }))
IMPLICIT_RESTORED_CONTACT_GUESS dt=8.13802083333333322e-6
IMPLICIT_LINE_SEARCH_REJECTION iteration=23 dt=8.13802083333333322e-6 weighted_residual_j=2.83409105712598402e-3 residual_budget_j=9.76562500000000061e-13 slope_j=-2.85926741228675332e-3 objective_noise_j=2.35248070190924581e-10 alpha=3.55271367880050093e-15 gap_trials=48 volume_trials=48 safe_trials=0 objective_trials=0 smallest_objective_change_j=inf smallest_trial_norm_j=inf
IMPLICIT_QUADRATURE_RETRY attempt=31 panels=33 reason="implicit contact path quadrature refinement"
IMPLICIT_STAGE_REJECTION stage="local contact quadrature" dt=4.06901041666666661e-6 error="closed surface contact gap"
IMPLICIT_INFEASIBLE_PREDICTOR dt=4.06901041666666661e-6 internal_gap_open=true volume_open=true ccd=Ok(Some(0.03773109827422336)) nearest=Ok(Some(PrescribedContactFeature { distance_m: 9.843741478029276e-5, gap_m: -1.5625852197072445e-6, body_face: [10, 7, 11], obstacle_face_index: 1308, body_weights: [0.1152282424918244, 0.5513724635790219, 0.3333992939291537], obstacle_weights: [1.0, 0.0, 0.0] }))
IMPLICIT_RESTORED_CONTACT_GUESS dt=4.06901041666666661e-6
IMPLICIT_LINE_SEARCH_REJECTION iteration=21 dt=4.06901041666666661e-6 weighted_residual_j=2.16033230851578068e-3 residual_budget_j=4.88281250000000030e-13 slope_j=-2.17401290608675545e-3 objective_noise_j=4.66125513598677873e-10 alpha=3.55271367880050093e-15 gap_trials=48 volume_trials=48 safe_trials=0 objective_trials=0 smallest_objective_change_j=inf smallest_trial_norm_j=inf
IMPLICIT_QUADRATURE_RETRY attempt=0 panels=2 reason="implicit contact path quadrature refinement"
IMPLICIT_STAGE_REJECTION stage="local contact quadrature" dt=4.06901041666666661e-6 error="closed surface contact gap"
IMPLICIT_INFEASIBLE_PREDICTOR dt=4.06901041666666661e-6 internal_gap_open=true volume_open=true ccd=Ok(Some(0.03773109827422336)) nearest=Ok(Some(PrescribedContactFeature { distance_m: 9.843741478029276e-5, gap_m: -1.5625852197072445e-6, body_face: [10, 7, 11], obstacle_face_index: 1308, body_weights: [0.1152282424918244, 0.5513724635790219, 0.3333992939291537], obstacle_weights: [1.0, 0.0, 0.0] }))
IMPLICIT_RESTORED_CONTACT_GUESS dt=4.06901041666666661e-6
IMPLICIT_LINE_SEARCH_REJECTION iteration=28 dt=4.06901041666666661e-6 weighted_residual_j=2.16030980124270978e-3 residual_budget_j=4.88281250000000030e-13 slope_j=-2.13587653349919630e-3 objective_noise_j=4.66126574389857483e-10 alpha=3.55271367880050093e-15 gap_trials=48 volume_trials=48 safe_trials=0 objective_trials=0 smallest_objective_change_j=inf smallest_trial_norm_j=inf
IMPLICIT_QUADRATURE_RETRY attempt=1 panels=3 reason="implicit contact path quadrature refinement"
IMPLICIT_STAGE_REJECTION stage="local contact quadrature" dt=4.06901041666666661e-6 error="closed surface contact gap"
IMPLICIT_INFEASIBLE_PREDICTOR dt=4.06901041666666661e-6 internal_gap_open=true volume_open=true ccd=Ok(Some(0.03773109827422336)) nearest=Ok(Some(PrescribedContactFeature { distance_m: 9.843741478029276e-5, gap_m: -1.5625852197072445e-6, body_face: [10, 7, 11], obstacle_face_index: 1308, body_weights: [0.1152282424918244, 0.5513724635790219, 0.3333992939291537], obstacle_weights: [1.0, 0.0, 0.0] }))
IMPLICIT_RESTORED_CONTACT_GUESS dt=4.06901041666666661e-6
IMPLICIT_LINE_SEARCH_REJECTION iteration=28 dt=4.06901041666666661e-6 weighted_residual_j=2.16030964803782697e-3 residual_budget_j=4.88281250000000030e-13 slope_j=-2.21005236697404154e-3 objective_noise_j=4.66126580875542232e-10 alpha=3.55271367880050093e-15 gap_trials=48 volume_trials=48 safe_trials=0 objective_trials=0 smallest_objective_change_j=inf smallest_trial_norm_j=inf
IMPLICIT_QUADRATURE_RETRY attempt=2 panels=4 reason="implicit contact path quadrature refinement"
IMPLICIT_STAGE_REJECTION stage="local contact quadrature" dt=4.06901041666666661e-6 error="closed surface contact gap"
IMPLICIT_INFEASIBLE_PREDICTOR dt=4.06901041666666661e-6 internal_gap_open=true volume_open=true ccd=Ok(Some(0.03773109827422336)) nearest=Ok(Some(PrescribedContactFeature { distance_m: 9.843741478029276e-5, gap_m: -1.5625852197072445e-6, body_face: [10, 7, 11], obstacle_face_index: 1308, body_weights: [0.1152282424918244, 0.5513724635790219, 0.3333992939291537], obstacle_weights: [1.0, 0.0, 0.0] }))
IMPLICIT_RESTORED_CONTACT_GUESS dt=4.06901041666666661e-6
IMPLICIT_LINE_SEARCH_REJECTION iteration=29 dt=4.06901041666666661e-6 weighted_residual_j=2.16030964776858792e-3 residual_budget_j=4.88281250000000030e-13 slope_j=-2.18319806504268079e-3 objective_noise_j=4.66126580886577234e-10 alpha=3.55271367880050093e-15 gap_trials=48 volume_trials=48 safe_trials=0 objective_trials=0 smallest_objective_change_j=inf smallest_trial_norm_j=inf
IMPLICIT_QUADRATURE_RETRY attempt=3 panels=5 reason="implicit contact path quadrature refinement"
IMPLICIT_STAGE_REJECTION stage="local contact quadrature" dt=4.06901041666666661e-6 error="closed surface contact gap"
IMPLICIT_INFEASIBLE_PREDICTOR dt=4.06901041666666661e-6 internal_gap_open=true volume_open=true ccd=Ok(Some(0.03773109827422336)) nearest=Ok(Some(PrescribedContactFeature { distance_m: 9.843741478029276e-5, gap_m: -1.5625852197072445e-6, body_face: [10, 7, 11], obstacle_face_index: 1308, body_weights: [0.1152282424918244, 0.5513724635790219, 0.3333992939291537], obstacle_weights: [1.0, 0.0, 0.0] }))
IMPLICIT_RESTORED_CONTACT_GUESS dt=4.06901041666666661e-6
IMPLICIT_LINE_SEARCH_REJECTION iteration=27 dt=4.06901041666666661e-6 weighted_residual_j=2.16030964777485287e-3 residual_budget_j=4.88281250000000030e-13 slope_j=-2.15569908087616694e-3 objective_noise_j=4.66126580886502064e-10 alpha=3.55271367880050093e-15 gap_trials=48 volume_trials=48 safe_trials=0 objective_trials=0 smallest_objective_change_j=inf smallest_trial_norm_j=inf
IMPLICIT_QUADRATURE_RETRY attempt=4 panels=6 reason="implicit contact path quadrature refinement"
IMPLICIT_STAGE_REJECTION stage="local contact quadrature" dt=4.06901041666666661e-6 error="closed surface contact gap"
IMPLICIT_INFEASIBLE_PREDICTOR dt=4.06901041666666661e-6 internal_gap_open=true volume_open=true ccd=Ok(Some(0.03773109827422336)) nearest=Ok(Some(PrescribedContactFeature { distance_m: 9.843741478029276e-5, gap_m: -1.5625852197072445e-6, body_face: [10, 7, 11], obstacle_face_index: 1308, body_weights: [0.1152282424918244, 0.5513724635790219, 0.3333992939291537], obstacle_weights: [1.0, 0.0, 0.0] }))
IMPLICIT_RESTORED_CONTACT_GUESS dt=4.06901041666666661e-6
IMPLICIT_LINE_SEARCH_REJECTION iteration=28 dt=4.06901041666666661e-6 weighted_residual_j=2.16030964780828446e-3 residual_budget_j=4.88281250000000030e-13 slope_j=-2.17434269584953349e-3 objective_noise_j=4.66126580884848117e-10 alpha=3.55271367880050093e-15 gap_trials=48 volume_trials=48 safe_trials=0 objective_trials=0 smallest_objective_change_j=inf smallest_trial_norm_j=inf
IMPLICIT_QUADRATURE_RETRY attempt=5 panels=7 reason="implicit contact path quadrature refinement"
IMPLICIT_STAGE_REJECTION stage="local contact quadrature" dt=4.06901041666666661e-6 error="closed surface contact gap"
IMPLICIT_INFEASIBLE_PREDICTOR dt=4.06901041666666661e-6 internal_gap_open=true volume_open=true ccd=Ok(Some(0.03773109827422336)) nearest=Ok(Some(PrescribedContactFeature { distance_m: 9.843741478029276e-5, gap_m: -1.5625852197072445e-6, body_face: [10, 7, 11], obstacle_face_index: 1308, body_weights: [0.1152282424918244, 0.5513724635790219, 0.3333992939291537], obstacle_weights: [1.0, 0.0, 0.0] }))
IMPLICIT_RESTORED_CONTACT_GUESS dt=4.06901041666666661e-6
IMPLICIT_LINE_SEARCH_REJECTION iteration=28 dt=4.06901041666666661e-6 weighted_residual_j=2.16030964777844895e-3 residual_budget_j=4.88281250000000030e-13 slope_j=-2.18783444291268704e-3 objective_noise_j=4.66126580886109877e-10 alpha=3.55271367880050093e-15 gap_trials=48 volume_trials=48 safe_trials=0 objective_trials=0 smallest_objective_change_j=inf smallest_trial_norm_j=inf
IMPLICIT_QUADRATURE_RETRY attempt=6 panels=8 reason="implicit contact path quadrature refinement"
IMPLICIT_STAGE_REJECTION stage="local contact quadrature" dt=4.06901041666666661e-6 error="closed surface contact gap"
IMPLICIT_INFEASIBLE_PREDICTOR dt=4.06901041666666661e-6 internal_gap_open=true volume_open=true ccd=Ok(Some(0.03773109827422336)) nearest=Ok(Some(PrescribedContactFeature { distance_m: 9.843741478029276e-5, gap_m: -1.5625852197072445e-6, body_face: [10, 7, 11], obstacle_face_index: 1308, body_weights: [0.1152282424918244, 0.5513724635790219, 0.3333992939291537], obstacle_weights: [1.0, 0.0, 0.0] }))
IMPLICIT_RESTORED_CONTACT_GUESS dt=4.06901041666666661e-6
IMPLICIT_LINE_SEARCH_REJECTION iteration=28 dt=4.06901041666666661e-6 weighted_residual_j=2.16030964776609685e-3 residual_budget_j=4.88281250000000030e-13 slope_j=-2.14541773766620475e-3 objective_noise_j=4.66126580886628416e-10 alpha=3.55271367880050093e-15 gap_trials=48 volume_trials=48 safe_trials=0 objective_trials=0 smallest_objective_change_j=inf smallest_trial_norm_j=inf
IMPLICIT_QUADRATURE_RETRY attempt=7 panels=9 reason="implicit contact path quadrature refinement"
IMPLICIT_STAGE_REJECTION stage="local contact quadrature" dt=4.06901041666666661e-6 error="closed surface contact gap"
IMPLICIT_INFEASIBLE_PREDICTOR dt=4.06901041666666661e-6 internal_gap_open=true volume_open=true ccd=Ok(Some(0.03773109827422336)) nearest=Ok(Some(PrescribedContactFeature { distance_m: 9.843741478029276e-5, gap_m: -1.5625852197072445e-6, body_face: [10, 7, 11], obstacle_face_index: 1308, body_weights: [0.1152282424918244, 0.5513724635790219, 0.3333992939291537], obstacle_weights: [1.0, 0.0, 0.0] }))
IMPLICIT_RESTORED_CONTACT_GUESS dt=4.06901041666666661e-6
IMPLICIT_LINE_SEARCH_REJECTION iteration=30 dt=4.06901041666666661e-6 weighted_residual_j=2.16030964775920827e-3 residual_budget_j=4.88281250000000030e-13 slope_j=-2.08003575433810418e-3 objective_noise_j=4.66126580886924030e-10 alpha=3.55271367880050093e-15 gap_trials=48 volume_trials=48 safe_trials=0 objective_trials=0 smallest_objective_change_j=inf smallest_trial_norm_j=inf
IMPLICIT_QUADRATURE_RETRY attempt=8 panels=10 reason="implicit contact path quadrature refinement"
IMPLICIT_STAGE_REJECTION stage="local contact quadrature" dt=4.06901041666666661e-6 error="closed surface contact gap"
IMPLICIT_INFEASIBLE_PREDICTOR dt=4.06901041666666661e-6 internal_gap_open=true volume_open=true ccd=Ok(Some(0.03773109827422336)) nearest=Ok(Some(PrescribedContactFeature { distance_m: 9.843741478029276e-5, gap_m: -1.5625852197072445e-6, body_face: [10, 7, 11], obstacle_face_index: 1308, body_weights: [0.1152282424918244, 0.5513724635790219, 0.3333992939291537], obstacle_weights: [1.0, 0.0, 0.0] }))
IMPLICIT_RESTORED_CONTACT_GUESS dt=4.06901041666666661e-6
IMPLICIT_LINE_SEARCH_REJECTION iteration=28 dt=4.06901041666666661e-6 weighted_residual_j=2.16030964776854585e-3 residual_budget_j=4.88281250000000030e-13 slope_j=-2.07307575446189028e-3 objective_noise_j=4.66126580886530602e-10 alpha=3.55271367880050093e-15 gap_trials=48 volume_trials=48 safe_trials=0 objective_trials=0 smallest_objective_change_j=inf smallest_trial_norm_j=inf
IMPLICIT_QUADRATURE_RETRY attempt=9 panels=11 reason="implicit contact path quadrature refinement"
IMPLICIT_STAGE_REJECTION stage="local contact quadrature" dt=4.06901041666666661e-6 error="closed surface contact gap"
IMPLICIT_INFEASIBLE_PREDICTOR dt=4.06901041666666661e-6 internal_gap_open=true volume_open=true ccd=Ok(Some(0.03773109827422336)) nearest=Ok(Some(PrescribedContactFeature { distance_m: 9.843741478029276e-5, gap_m: -1.5625852197072445e-6, body_face: [10, 7, 11], obstacle_face_index: 1308, body_weights: [0.1152282424918244, 0.5513724635790219, 0.3333992939291537], obstacle_weights: [1.0, 0.0, 0.0] }))
IMPLICIT_RESTORED_CONTACT_GUESS dt=4.06901041666666661e-6
IMPLICIT_LINE_SEARCH_REJECTION iteration=29 dt=4.06901041666666661e-6 weighted_residual_j=2.16030964776847646e-3 residual_budget_j=4.88281250000000030e-13 slope_j=-2.25677969145320371e-3 objective_noise_j=4.66126580886533084e-10 alpha=3.55271367880050093e-15 gap_trials=48 volume_trials=48 safe_trials=0 objective_trials=0 smallest_objective_change_j=inf smallest_trial_norm_j=inf
IMPLICIT_QUADRATURE_RETRY attempt=10 panels=12 reason="implicit contact path quadrature refinement"
IMPLICIT_STAGE_REJECTION stage="local contact quadrature" dt=4.06901041666666661e-6 error="closed surface contact gap"
IMPLICIT_INFEASIBLE_PREDICTOR dt=4.06901041666666661e-6 internal_gap_open=true volume_open=true ccd=Ok(Some(0.03773109827422336)) nearest=Ok(Some(PrescribedContactFeature { distance_m: 9.843741478029276e-5, gap_m: -1.5625852197072445e-6, body_face: [10, 7, 11], obstacle_face_index: 1308, body_weights: [0.1152282424918244, 0.5513724635790219, 0.3333992939291537], obstacle_weights: [1.0, 0.0, 0.0] }))
IMPLICIT_RESTORED_CONTACT_GUESS dt=4.06901041666666661e-6
IMPLICIT_LINE_SEARCH_REJECTION iteration=28 dt=4.06901041666666661e-6 weighted_residual_j=2.16030964776799117e-3 residual_budget_j=4.88281250000000030e-13 slope_j=-2.15541608644895461e-3 objective_noise_j=4.66126580886554694e-10 alpha=3.55271367880050093e-15 gap_trials=48 volume_trials=48 safe_trials=0 objective_trials=0 smallest_objective_change_j=inf smallest_trial_norm_j=inf
IMPLICIT_QUADRATURE_RETRY attempt=11 panels=13 reason="implicit contact path quadrature refinement"
IMPLICIT_STAGE_REJECTION stage="local contact quadrature" dt=4.06901041666666661e-6 error="closed surface contact gap"
IMPLICIT_INFEASIBLE_PREDICTOR dt=4.06901041666666661e-6 internal_gap_open=true volume_open=true ccd=Ok(Some(0.03773109827422336)) nearest=Ok(Some(PrescribedContactFeature { distance_m: 9.843741478029276e-5, gap_m: -1.5625852197072445e-6, body_face: [10, 7, 11], obstacle_face_index: 1308, body_weights: [0.1152282424918244, 0.5513724635790219, 0.3333992939291537], obstacle_weights: [1.0, 0.0, 0.0] }))
IMPLICIT_RESTORED_CONTACT_GUESS dt=4.06901041666666661e-6
IMPLICIT_LINE_SEARCH_REJECTION iteration=29 dt=4.06901041666666661e-6 weighted_residual_j=2.16030964776767849e-3 residual_budget_j=4.88281250000000030e-13 slope_j=-2.14206554897947718e-3 objective_noise_j=4.66126580886566481e-10 alpha=3.55271367880050093e-15 gap_trials=48 volume_trials=48 safe_trials=0 objective_trials=0 smallest_objective_change_j=inf smallest_trial_norm_j=inf
IMPLICIT_QUADRATURE_RETRY attempt=12 panels=14 reason="implicit contact path quadrature refinement"
IMPLICIT_STAGE_REJECTION stage="local contact quadrature" dt=4.06901041666666661e-6 error="closed surface contact gap"
IMPLICIT_INFEASIBLE_PREDICTOR dt=4.06901041666666661e-6 internal_gap_open=true volume_open=true ccd=Ok(Some(0.03773109827422336)) nearest=Ok(Some(PrescribedContactFeature { distance_m: 9.843741478029276e-5, gap_m: -1.5625852197072445e-6, body_face: [10, 7, 11], obstacle_face_index: 1308, body_weights: [0.1152282424918244, 0.5513724635790219, 0.3333992939291537], obstacle_weights: [1.0, 0.0, 0.0] }))
IMPLICIT_RESTORED_CONTACT_GUESS dt=4.06901041666666661e-6
IMPLICIT_LINE_SEARCH_REJECTION iteration=29 dt=4.06901041666666661e-6 weighted_residual_j=2.16030964776726562e-3 residual_budget_j=4.88281250000000030e-13 slope_j=-2.15004906357504043e-3 objective_noise_j=4.66126580886585610e-10 alpha=3.55271367880050093e-15 gap_trials=48 volume_trials=48 safe_trials=0 objective_trials=0 smallest_objective_change_j=inf smallest_trial_norm_j=inf
IMPLICIT_QUADRATURE_RETRY attempt=13 panels=15 reason="implicit contact path quadrature refinement"
IMPLICIT_STAGE_REJECTION stage="local contact quadrature" dt=4.06901041666666661e-6 error="closed surface contact gap"
IMPLICIT_INFEASIBLE_PREDICTOR dt=4.06901041666666661e-6 internal_gap_open=true volume_open=true ccd=Ok(Some(0.03773109827422336)) nearest=Ok(Some(PrescribedContactFeature { distance_m: 9.843741478029276e-5, gap_m: -1.5625852197072445e-6, body_face: [10, 7, 11], obstacle_face_index: 1308, body_weights: [0.1152282424918244, 0.5513724635790219, 0.3333992939291537], obstacle_weights: [1.0, 0.0, 0.0] }))
IMPLICIT_RESTORED_CONTACT_GUESS dt=4.06901041666666661e-6
IMPLICIT_LINE_SEARCH_REJECTION iteration=29 dt=4.06901041666666661e-6 weighted_residual_j=2.16030964776759088e-3 residual_budget_j=4.88281250000000030e-13 slope_j=-2.15752781586594795e-3 objective_noise_j=4.66126580886571444e-10 alpha=3.55271367880050093e-15 gap_trials=48 volume_trials=48 safe_trials=0 objective_trials=0 smallest_objective_change_j=inf smallest_trial_norm_j=inf
IMPLICIT_QUADRATURE_RETRY attempt=14 panels=16 reason="implicit contact path quadrature refinement"
IMPLICIT_STAGE_REJECTION stage="local contact quadrature" dt=4.06901041666666661e-6 error="closed surface contact gap"
IMPLICIT_INFEASIBLE_PREDICTOR dt=4.06901041666666661e-6 internal_gap_open=true volume_open=true ccd=Ok(Some(0.03773109827422336)) nearest=Ok(Some(PrescribedContactFeature { distance_m: 9.843741478029276e-5, gap_m: -1.5625852197072445e-6, body_face: [10, 7, 11], obstacle_face_index: 1308, body_weights: [0.1152282424918244, 0.5513724635790219, 0.3333992939291537], obstacle_weights: [1.0, 0.0, 0.0] }))
IMPLICIT_RESTORED_CONTACT_GUESS dt=4.06901041666666661e-6
IMPLICIT_LINE_SEARCH_REJECTION iteration=29 dt=4.06901041666666661e-6 weighted_residual_j=2.16030964776764943e-3 residual_budget_j=4.88281250000000030e-13 slope_j=-2.07123614010633946e-3 objective_noise_j=4.66126580886569583e-10 alpha=3.55271367880050093e-15 gap_trials=48 volume_trials=48 safe_trials=0 objective_trials=0 smallest_objective_change_j=inf smallest_trial_norm_j=inf
IMPLICIT_QUADRATURE_RETRY attempt=15 panels=17 reason="implicit contact path quadrature refinement"
IMPLICIT_STAGE_REJECTION stage="local contact quadrature" dt=4.06901041666666661e-6 error="closed surface contact gap"
IMPLICIT_INFEASIBLE_PREDICTOR dt=4.06901041666666661e-6 internal_gap_open=true volume_open=true ccd=Ok(Some(0.03773109827422336)) nearest=Ok(Some(PrescribedContactFeature { distance_m: 9.843741478029276e-5, gap_m: -1.5625852197072445e-6, body_face: [10, 7, 11], obstacle_face_index: 1308, body_weights: [0.1152282424918244, 0.5513724635790219, 0.3333992939291537], obstacle_weights: [1.0, 0.0, 0.0] }))
IMPLICIT_RESTORED_CONTACT_GUESS dt=4.06901041666666661e-6
IMPLICIT_LINE_SEARCH_REJECTION iteration=27 dt=4.06901041666666661e-6 weighted_residual_j=2.16030964776756573e-3 residual_budget_j=4.88281250000000030e-13 slope_j=-2.16483790720870721e-3 objective_noise_j=4.66126580886569480e-10 alpha=3.55271367880050093e-15 gap_trials=48 volume_trials=48 safe_trials=0 objective_trials=0 smallest_objective_change_j=inf smallest_trial_norm_j=inf
IMPLICIT_QUADRATURE_RETRY attempt=16 panels=18 reason="implicit contact path quadrature refinement"
IMPLICIT_STAGE_REJECTION stage="local contact quadrature" dt=4.06901041666666661e-6 error="closed surface contact gap"
IMPLICIT_INFEASIBLE_PREDICTOR dt=4.06901041666666661e-6 internal_gap_open=true volume_open=true ccd=Ok(Some(0.03773109827422336)) nearest=Ok(Some(PrescribedContactFeature { distance_m: 9.843741478029276e-5, gap_m: -1.5625852197072445e-6, body_face: [10, 7, 11], obstacle_face_index: 1308, body_weights: [0.1152282424918244, 0.5513724635790219, 0.3333992939291537], obstacle_weights: [1.0, 0.0, 0.0] }))
IMPLICIT_RESTORED_CONTACT_GUESS dt=4.06901041666666661e-6
IMPLICIT_LINE_SEARCH_REJECTION iteration=29 dt=4.06901041666666661e-6 weighted_residual_j=2.16030964776761343e-3 residual_budget_j=4.88281250000000030e-13 slope_j=-2.16919916394268291e-3 objective_noise_j=4.66126580886569893e-10 alpha=3.55271367880050093e-15 gap_trials=48 volume_trials=48 safe_trials=0 objective_trials=0 smallest_objective_change_j=inf smallest_trial_norm_j=inf
IMPLICIT_QUADRATURE_RETRY attempt=17 panels=19 reason="implicit contact path quadrature refinement"
IMPLICIT_STAGE_REJECTION stage="local contact quadrature" dt=4.06901041666666661e-6 error="closed surface contact gap"
IMPLICIT_INFEASIBLE_PREDICTOR dt=4.06901041666666661e-6 internal_gap_open=true volume_open=true ccd=Ok(Some(0.03773109827422336)) nearest=Ok(Some(PrescribedContactFeature { distance_m: 9.843741478029276e-5, gap_m: -1.5625852197072445e-6, body_face: [10, 7, 11], obstacle_face_index: 1308, body_weights: [0.1152282424918244, 0.5513724635790219, 0.3333992939291537], obstacle_weights: [1.0, 0.0, 0.0] }))
IMPLICIT_RESTORED_CONTACT_GUESS dt=4.06901041666666661e-6
IMPLICIT_LINE_SEARCH_REJECTION iteration=29 dt=4.06901041666666661e-6 weighted_residual_j=2.16030964776765377e-3 residual_budget_j=4.88281250000000030e-13 slope_j=-2.07312497848698412e-3 objective_noise_j=4.66126580886569376e-10 alpha=3.55271367880050093e-15 gap_trials=48 volume_trials=48 safe_trials=0 objective_trials=0 smallest_objective_change_j=inf smallest_trial_norm_j=inf
IMPLICIT_QUADRATURE_RETRY attempt=18 panels=20 reason="implicit contact path quadrature refinement"
IMPLICIT_STAGE_REJECTION stage="local contact quadrature" dt=4.06901041666666661e-6 error="closed surface contact gap"
IMPLICIT_INFEASIBLE_PREDICTOR dt=4.06901041666666661e-6 internal_gap_open=true volume_open=true ccd=Ok(Some(0.03773109827422336)) nearest=Ok(Some(PrescribedContactFeature { distance_m: 9.843741478029276e-5, gap_m: -1.5625852197072445e-6, body_face: [10, 7, 11], obstacle_face_index: 1308, body_weights: [0.1152282424918244, 0.5513724635790219, 0.3333992939291537], obstacle_weights: [1.0, 0.0, 0.0] }))
IMPLICIT_RESTORED_CONTACT_GUESS dt=4.06901041666666661e-6
IMPLICIT_LINE_SEARCH_REJECTION iteration=29 dt=4.06901041666666661e-6 weighted_residual_j=2.16030964776764509e-3 residual_budget_j=4.88281250000000030e-13 slope_j=-2.12132397910796619e-3 objective_noise_j=4.66126580886569893e-10 alpha=3.55271367880050093e-15 gap_trials=48 volume_trials=48 safe_trials=0 objective_trials=0 smallest_objective_change_j=inf smallest_trial_norm_j=inf
IMPLICIT_QUADRATURE_RETRY attempt=19 panels=21 reason="implicit contact path quadrature refinement"
IMPLICIT_STAGE_REJECTION stage="local contact quadrature" dt=4.06901041666666661e-6 error="closed surface contact gap"
IMPLICIT_INFEASIBLE_PREDICTOR dt=4.06901041666666661e-6 internal_gap_open=true volume_open=true ccd=Ok(Some(0.03773109827422336)) nearest=Ok(Some(PrescribedContactFeature { distance_m: 9.843741478029276e-5, gap_m: -1.5625852197072445e-6, body_face: [10, 7, 11], obstacle_face_index: 1308, body_weights: [0.1152282424918244, 0.5513724635790219, 0.3333992939291537], obstacle_weights: [1.0, 0.0, 0.0] }))
IMPLICIT_RESTORED_CONTACT_GUESS dt=4.06901041666666661e-6
IMPLICIT_LINE_SEARCH_REJECTION iteration=29 dt=4.06901041666666661e-6 weighted_residual_j=2.16030964776761647e-3 residual_budget_j=4.88281250000000030e-13 slope_j=-2.15756385086789343e-3 objective_noise_j=4.66126580886569686e-10 alpha=3.55271367880050093e-15 gap_trials=48 volume_trials=48 safe_trials=0 objective_trials=0 smallest_objective_change_j=inf smallest_trial_norm_j=inf
IMPLICIT_QUADRATURE_RETRY attempt=20 panels=22 reason="implicit contact path quadrature refinement"
IMPLICIT_STAGE_REJECTION stage="local contact quadrature" dt=4.06901041666666661e-6 error="closed surface contact gap"
IMPLICIT_INFEASIBLE_PREDICTOR dt=4.06901041666666661e-6 internal_gap_open=true volume_open=true ccd=Ok(Some(0.03773109827422336)) nearest=Ok(Some(PrescribedContactFeature { distance_m: 9.843741478029276e-5, gap_m: -1.5625852197072445e-6, body_face: [10, 7, 11], obstacle_face_index: 1308, body_weights: [0.1152282424918244, 0.5513724635790219, 0.3333992939291537], obstacle_weights: [1.0, 0.0, 0.0] }))
IMPLICIT_RESTORED_CONTACT_GUESS dt=4.06901041666666661e-6
IMPLICIT_LINE_SEARCH_REJECTION iteration=30 dt=4.06901041666666661e-6 weighted_residual_j=2.16030964776758178e-3 residual_budget_j=4.88281250000000030e-13 slope_j=-2.22611734722724707e-3 objective_noise_j=4.66126580886569583e-10 alpha=3.55271367880050093e-15 gap_trials=48 volume_trials=48 safe_trials=0 objective_trials=0 smallest_objective_change_j=inf smallest_trial_norm_j=inf
IMPLICIT_QUADRATURE_RETRY attempt=21 panels=23 reason="implicit contact path quadrature refinement"
IMPLICIT_STAGE_REJECTION stage="local contact quadrature" dt=4.06901041666666661e-6 error="closed surface contact gap"
IMPLICIT_INFEASIBLE_PREDICTOR dt=4.06901041666666661e-6 internal_gap_open=true volume_open=true ccd=Ok(Some(0.03773109827422336)) nearest=Ok(Some(PrescribedContactFeature { distance_m: 9.843741478029276e-5, gap_m: -1.5625852197072445e-6, body_face: [10, 7, 11], obstacle_face_index: 1308, body_weights: [0.1152282424918244, 0.5513724635790219, 0.3333992939291537], obstacle_weights: [1.0, 0.0, 0.0] }))
IMPLICIT_RESTORED_CONTACT_GUESS dt=4.06901041666666661e-6
IMPLICIT_LINE_SEARCH_REJECTION iteration=29 dt=4.06901041666666661e-6 weighted_residual_j=2.16030964776764639e-3 residual_budget_j=4.88281250000000030e-13 slope_j=-2.07970021795621197e-3 objective_noise_j=4.66126580886569583e-10 alpha=3.55271367880050093e-15 gap_trials=48 volume_trials=48 safe_trials=0 objective_trials=0 smallest_objective_change_j=inf smallest_trial_norm_j=inf
IMPLICIT_QUADRATURE_RETRY attempt=22 panels=24 reason="implicit contact path quadrature refinement"
IMPLICIT_STAGE_REJECTION stage="local contact quadrature" dt=4.06901041666666661e-6 error="closed surface contact gap"
IMPLICIT_INFEASIBLE_PREDICTOR dt=4.06901041666666661e-6 internal_gap_open=true volume_open=true ccd=Ok(Some(0.03773109827422336)) nearest=Ok(Some(PrescribedContactFeature { distance_m: 9.843741478029276e-5, gap_m: -1.5625852197072445e-6, body_face: [10, 7, 11], obstacle_face_index: 1308, body_weights: [0.1152282424918244, 0.5513724635790219, 0.3333992939291537], obstacle_weights: [1.0, 0.0, 0.0] }))
IMPLICIT_RESTORED_CONTACT_GUESS dt=4.06901041666666661e-6
IMPLICIT_LINE_SEARCH_REJECTION iteration=29 dt=4.06901041666666661e-6 weighted_residual_j=2.16030964776764769e-3 residual_budget_j=4.88281250000000030e-13 slope_j=-2.06303710248864321e-3 objective_noise_j=4.66126580886569583e-10 alpha=3.55271367880050093e-15 gap_trials=48 volume_trials=48 safe_trials=0 objective_trials=0 smallest_objective_change_j=inf smallest_trial_norm_j=inf
IMPLICIT_QUADRATURE_RETRY attempt=23 panels=25 reason="implicit contact path quadrature refinement"
IMPLICIT_STAGE_REJECTION stage="local contact quadrature" dt=4.06901041666666661e-6 error="closed surface contact gap"
IMPLICIT_INFEASIBLE_PREDICTOR dt=4.06901041666666661e-6 internal_gap_open=true volume_open=true ccd=Ok(Some(0.03773109827422336)) nearest=Ok(Some(PrescribedContactFeature { distance_m: 9.843741478029276e-5, gap_m: -1.5625852197072445e-6, body_face: [10, 7, 11], obstacle_face_index: 1308, body_weights: [0.1152282424918244, 0.5513724635790219, 0.3333992939291537], obstacle_weights: [1.0, 0.0, 0.0] }))
IMPLICIT_RESTORED_CONTACT_GUESS dt=4.06901041666666661e-6
IMPLICIT_LINE_SEARCH_REJECTION iteration=30 dt=4.06901041666666661e-6 weighted_residual_j=2.16030964776758568e-3 residual_budget_j=4.88281250000000030e-13 slope_j=-2.07970020239352238e-3 objective_noise_j=4.66126580886569583e-10 alpha=3.55271367880050093e-15 gap_trials=48 volume_trials=48 safe_trials=0 objective_trials=0 smallest_objective_change_j=inf smallest_trial_norm_j=inf
IMPLICIT_QUADRATURE_RETRY attempt=24 panels=26 reason="implicit contact path quadrature refinement"
IMPLICIT_STAGE_REJECTION stage="local contact quadrature" dt=4.06901041666666661e-6 error="closed surface contact gap"
IMPLICIT_INFEASIBLE_PREDICTOR dt=4.06901041666666661e-6 internal_gap_open=true volume_open=true ccd=Ok(Some(0.03773109827422336)) nearest=Ok(Some(PrescribedContactFeature { distance_m: 9.843741478029276e-5, gap_m: -1.5625852197072445e-6, body_face: [10, 7, 11], obstacle_face_index: 1308, body_weights: [0.1152282424918244, 0.5513724635790219, 0.3333992939291537], obstacle_weights: [1.0, 0.0, 0.0] }))
IMPLICIT_RESTORED_CONTACT_GUESS dt=4.06901041666666661e-6
IMPLICIT_LINE_SEARCH_REJECTION iteration=27 dt=4.06901041666666661e-6 weighted_residual_j=2.16030964776755142e-3 residual_budget_j=4.88281250000000030e-13 slope_j=-2.16048353207746882e-3 objective_noise_j=4.66126580886569583e-10 alpha=3.55271367880050093e-15 gap_trials=48 volume_trials=48 safe_trials=0 objective_trials=0 smallest_objective_change_j=inf smallest_trial_norm_j=inf
IMPLICIT_QUADRATURE_RETRY attempt=25 panels=27 reason="implicit contact path quadrature refinement"
IMPLICIT_STAGE_REJECTION stage="local contact quadrature" dt=4.06901041666666661e-6 error="closed surface contact gap"
IMPLICIT_INFEASIBLE_PREDICTOR dt=4.06901041666666661e-6 internal_gap_open=true volume_open=true ccd=Ok(Some(0.03773109827422336)) nearest=Ok(Some(PrescribedContactFeature { distance_m: 9.843741478029276e-5, gap_m: -1.5625852197072445e-6, body_face: [10, 7, 11], obstacle_face_index: 1308, body_weights: [0.1152282424918244, 0.5513724635790219, 0.3333992939291537], obstacle_weights: [1.0, 0.0, 0.0] }))
IMPLICIT_RESTORED_CONTACT_GUESS dt=4.06901041666666661e-6
IMPLICIT_LINE_SEARCH_REJECTION iteration=30 dt=4.06901041666666661e-6 weighted_residual_j=2.16030964776757700e-3 residual_budget_j=4.88281250000000030e-13 slope_j=-2.17005989794339261e-3 objective_noise_j=4.66126580886569583e-10 alpha=3.55271367880050093e-15 gap_trials=48 volume_trials=48 safe_trials=0 objective_trials=0 smallest_objective_change_j=inf smallest_trial_norm_j=inf
IMPLICIT_QUADRATURE_RETRY attempt=26 panels=28 reason="implicit contact path quadrature refinement"
IMPLICIT_STAGE_REJECTION stage="local contact quadrature" dt=4.06901041666666661e-6 error="closed surface contact gap"
IMPLICIT_INFEASIBLE_PREDICTOR dt=4.06901041666666661e-6 internal_gap_open=true volume_open=true ccd=Ok(Some(0.03773109827422336)) nearest=Ok(Some(PrescribedContactFeature { distance_m: 9.843741478029276e-5, gap_m: -1.5625852197072445e-6, body_face: [10, 7, 11], obstacle_face_index: 1308, body_weights: [0.1152282424918244, 0.5513724635790219, 0.3333992939291537], obstacle_weights: [1.0, 0.0, 0.0] }))
IMPLICIT_RESTORED_CONTACT_GUESS dt=4.06901041666666661e-6
IMPLICIT_LINE_SEARCH_REJECTION iteration=27 dt=4.06901041666666661e-6 weighted_residual_j=2.16030964776755142e-3 residual_budget_j=4.88281250000000030e-13 slope_j=-2.15618334904264623e-3 objective_noise_j=4.66126580886569583e-10 alpha=3.55271367880050093e-15 gap_trials=48 volume_trials=48 safe_trials=0 objective_trials=0 smallest_objective_change_j=inf smallest_trial_norm_j=inf
IMPLICIT_QUADRATURE_RETRY attempt=27 panels=29 reason="implicit contact path quadrature refinement"
IMPLICIT_STAGE_REJECTION stage="local contact quadrature" dt=4.06901041666666661e-6 error="closed surface contact gap"
IMPLICIT_INFEASIBLE_PREDICTOR dt=4.06901041666666661e-6 internal_gap_open=true volume_open=true ccd=Ok(Some(0.03773109827422336)) nearest=Ok(Some(PrescribedContactFeature { distance_m: 9.843741478029276e-5, gap_m: -1.5625852197072445e-6, body_face: [10, 7, 11], obstacle_face_index: 1308, body_weights: [0.1152282424918244, 0.5513724635790219, 0.3333992939291537], obstacle_weights: [1.0, 0.0, 0.0] }))
IMPLICIT_RESTORED_CONTACT_GUESS dt=4.06901041666666661e-6
IMPLICIT_LINE_SEARCH_REJECTION iteration=30 dt=4.06901041666666661e-6 weighted_residual_j=2.16030964776758134e-3 residual_budget_j=4.88281250000000030e-13 slope_j=-2.10736526817088300e-3 objective_noise_j=4.66126580886569583e-10 alpha=3.55271367880050093e-15 gap_trials=48 volume_trials=48 safe_trials=0 objective_trials=0 smallest_objective_change_j=inf smallest_trial_norm_j=inf
IMPLICIT_QUADRATURE_RETRY attempt=28 panels=30 reason="implicit contact path quadrature refinement"
IMPLICIT_STAGE_REJECTION stage="local contact quadrature" dt=4.06901041666666661e-6 error="closed surface contact gap"
IMPLICIT_INFEASIBLE_PREDICTOR dt=4.06901041666666661e-6 internal_gap_open=true volume_open=true ccd=Ok(Some(0.03773109827422336)) nearest=Ok(Some(PrescribedContactFeature { distance_m: 9.843741478029276e-5, gap_m: -1.5625852197072445e-6, body_face: [10, 7, 11], obstacle_face_index: 1308, body_weights: [0.1152282424918244, 0.5513724635790219, 0.3333992939291537], obstacle_weights: [1.0, 0.0, 0.0] }))
IMPLICIT_RESTORED_CONTACT_GUESS dt=4.06901041666666661e-6
IMPLICIT_LINE_SEARCH_REJECTION iteration=29 dt=4.06901041666666661e-6 weighted_residual_j=2.16030964776760650e-3 residual_budget_j=4.88281250000000030e-13 slope_j=-2.10686812344957307e-3 objective_noise_j=4.66126580886569480e-10 alpha=3.55271367880050093e-15 gap_trials=48 volume_trials=48 safe_trials=0 objective_trials=0 smallest_objective_change_j=inf smallest_trial_norm_j=inf
IMPLICIT_QUADRATURE_RETRY attempt=29 panels=31 reason="implicit contact path quadrature refinement"
IMPLICIT_STAGE_REJECTION stage="local contact quadrature" dt=4.06901041666666661e-6 error="closed surface contact gap"
IMPLICIT_INFEASIBLE_PREDICTOR dt=4.06901041666666661e-6 internal_gap_open=true volume_open=true ccd=Ok(Some(0.03773109827422336)) nearest=Ok(Some(PrescribedContactFeature { distance_m: 9.843741478029276e-5, gap_m: -1.5625852197072445e-6, body_face: [10, 7, 11], obstacle_face_index: 1308, body_weights: [0.1152282424918244, 0.5513724635790219, 0.3333992939291537], obstacle_weights: [1.0, 0.0, 0.0] }))
IMPLICIT_RESTORED_CONTACT_GUESS dt=4.06901041666666661e-6
IMPLICIT_LINE_SEARCH_REJECTION iteration=30 dt=4.06901041666666661e-6 weighted_residual_j=2.16030964776757874e-3 residual_budget_j=4.88281250000000030e-13 slope_j=-2.12312998694362022e-3 objective_noise_j=4.66126580886569583e-10 alpha=3.55271367880050093e-15 gap_trials=48 volume_trials=48 safe_trials=0 objective_trials=0 smallest_objective_change_j=inf smallest_trial_norm_j=inf
IMPLICIT_QUADRATURE_RETRY attempt=30 panels=32 reason="implicit contact path quadrature refinement"
IMPLICIT_STAGE_REJECTION stage="local contact quadrature" dt=4.06901041666666661e-6 error="closed surface contact gap"
IMPLICIT_INFEASIBLE_PREDICTOR dt=4.06901041666666661e-6 internal_gap_open=true volume_open=true ccd=Ok(Some(0.03773109827422336)) nearest=Ok(Some(PrescribedContactFeature { distance_m: 9.843741478029276e-5, gap_m: -1.5625852197072445e-6, body_face: [10, 7, 11], obstacle_face_index: 1308, body_weights: [0.1152282424918244, 0.5513724635790219, 0.3333992939291537], obstacle_weights: [1.0, 0.0, 0.0] }))
IMPLICIT_RESTORED_CONTACT_GUESS dt=4.06901041666666661e-6
IMPLICIT_LINE_SEARCH_REJECTION iteration=29 dt=4.06901041666666661e-6 weighted_residual_j=2.16030964776761517e-3 residual_budget_j=4.88281250000000030e-13 slope_j=-2.13758539376308464e-3 objective_noise_j=4.66126580886569583e-10 alpha=3.55271367880050093e-15 gap_trials=48 volume_trials=48 safe_trials=0 objective_trials=0 smallest_objective_change_j=inf smallest_trial_norm_j=inf
IMPLICIT_QUADRATURE_RETRY attempt=31 panels=33 reason="implicit contact path quadrature refinement"
IMPLICIT_STAGE_REJECTION stage="local contact quadrature" dt=2.03450520833333331e-6 error="closed surface contact gap"
IMPLICIT_INFEASIBLE_PREDICTOR dt=2.03450520833333331e-6 internal_gap_open=true volume_open=true ccd=Ok(Some(0.07546219654750584)) nearest=Ok(Some(PrescribedContactFeature { distance_m: 9.92493461448172e-5, gap_m: -7.506538551828112e-7, body_face: [10, 7, 11], obstacle_face_index: 1308, body_weights: [0.1152289775084242, 0.5513691732064668, 0.33340184928510896], obstacle_weights: [1.0, 0.0, 0.0] }))
IMPLICIT_RESTORED_CONTACT_GUESS dt=2.03450520833333331e-6
IMPLICIT_LINE_SEARCH_REJECTION iteration=30 dt=2.03450520833333331e-6 weighted_residual_j=1.53278166939882715e-3 residual_budget_j=2.44140625000000015e-13 slope_j=-1.53025256537276766e-3 objective_noise_j=9.18966076777952423e-10 alpha=3.55271367880050093e-15 gap_trials=48 volume_trials=48 safe_trials=0 objective_trials=0 smallest_objective_change_j=inf smallest_trial_norm_j=inf
IMPLICIT_QUADRATURE_RETRY attempt=0 panels=2 reason="implicit contact path quadrature refinement"
IMPLICIT_STAGE_REJECTION stage="local contact quadrature" dt=2.03450520833333331e-6 error="closed surface contact gap"
IMPLICIT_INFEASIBLE_PREDICTOR dt=2.03450520833333331e-6 internal_gap_open=true volume_open=true ccd=Ok(Some(0.07546219654750584)) nearest=Ok(Some(PrescribedContactFeature { distance_m: 9.92493461448172e-5, gap_m: -7.506538551828112e-7, body_face: [10, 7, 11], obstacle_face_index: 1308, body_weights: [0.1152289775084242, 0.5513691732064668, 0.33340184928510896], obstacle_weights: [1.0, 0.0, 0.0] }))
IMPLICIT_RESTORED_CONTACT_GUESS dt=2.03450520833333331e-6
IMPLICIT_LINE_SEARCH_REJECTION iteration=20 dt=2.03450520833333331e-6 weighted_residual_j=1.40180792392081196e-3 residual_budget_j=2.44140625000000015e-13 slope_j=-1.38839585727429404e-3 objective_noise_j=9.32422826170979460e-10 alpha=3.55271367880050093e-15 gap_trials=48 volume_trials=48 safe_trials=0 objective_trials=0 smallest_objective_change_j=inf smallest_trial_norm_j=inf
IMPLICIT_QUADRATURE_RETRY attempt=1 panels=3 reason="implicit contact path quadrature refinement"
IMPLICIT_STAGE_REJECTION stage="local contact quadrature" dt=2.03450520833333331e-6 error="closed surface contact gap"
IMPLICIT_INFEASIBLE_PREDICTOR dt=2.03450520833333331e-6 internal_gap_open=true volume_open=true ccd=Ok(Some(0.07546219654750584)) nearest=Ok(Some(PrescribedContactFeature { distance_m: 9.92493461448172e-5, gap_m: -7.506538551828112e-7, body_face: [10, 7, 11], obstacle_face_index: 1308, body_weights: [0.1152289775084242, 0.5513691732064668, 0.33340184928510896], obstacle_weights: [1.0, 0.0, 0.0] }))
IMPLICIT_RESTORED_CONTACT_GUESS dt=2.03450520833333331e-6
IMPLICIT_LINE_SEARCH_REJECTION iteration=25 dt=2.03450520833333331e-6 weighted_residual_j=1.37939520053116009e-3 residual_budget_j=2.44140625000000015e-13 slope_j=-1.47637886311729463e-3 objective_noise_j=9.34787657427980892e-10 alpha=3.55271367880050093e-15 gap_trials=48 volume_trials=48 safe_trials=0 objective_trials=0 smallest_objective_change_j=inf smallest_trial_norm_j=inf
IMPLICIT_QUADRATURE_RETRY attempt=2 panels=4 reason="implicit contact path quadrature refinement"
IMPLICIT_STAGE_REJECTION stage="local contact quadrature" dt=2.03450520833333331e-6 error="closed surface contact gap"
IMPLICIT_INFEASIBLE_PREDICTOR dt=2.03450520833333331e-6 internal_gap_open=true volume_open=true ccd=Ok(Some(0.07546219654750584)) nearest=Ok(Some(PrescribedContactFeature { distance_m: 9.92493461448172e-5, gap_m: -7.506538551828112e-7, body_face: [10, 7, 11], obstacle_face_index: 1308, body_weights: [0.1152289775084242, 0.5513691732064668, 0.33340184928510896], obstacle_weights: [1.0, 0.0, 0.0] }))
IMPLICIT_RESTORED_CONTACT_GUESS dt=2.03450520833333331e-6
IMPLICIT_LINE_SEARCH_REJECTION iteration=23 dt=2.03450520833333331e-6 weighted_residual_j=1.37754908787649519e-3 residual_budget_j=2.44140625000000015e-13 slope_j=-1.34648057663177352e-3 objective_noise_j=9.34983299609504399e-10 alpha=3.55271367880050093e-15 gap_trials=48 volume_trials=48 safe_trials=0 objective_trials=0 smallest_objective_change_j=inf smallest_trial_norm_j=inf
IMPLICIT_QUADRATURE_RETRY attempt=3 panels=5 reason="implicit contact path quadrature refinement"
IMPLICIT_STAGE_REJECTION stage="local contact quadrature" dt=2.03450520833333331e-6 error="closed surface contact gap"
IMPLICIT_INFEASIBLE_PREDICTOR dt=2.03450520833333331e-6 internal_gap_open=true volume_open=true ccd=Ok(Some(0.07546219654750584)) nearest=Ok(Some(PrescribedContactFeature { distance_m: 9.92493461448172e-5, gap_m: -7.506538551828112e-7, body_face: [10, 7, 11], obstacle_face_index: 1308, body_weights: [0.1152289775084242, 0.5513691732064668, 0.33340184928510896], obstacle_weights: [1.0, 0.0, 0.0] }))
IMPLICIT_RESTORED_CONTACT_GUESS dt=2.03450520833333331e-6
IMPLICIT_LINE_SEARCH_REJECTION iteration=26 dt=2.03450520833333331e-6 weighted_residual_j=1.37748740605218509e-3 residual_budget_j=2.44140625000000015e-13 slope_j=-1.37703651334600188e-3 objective_noise_j=9.34989838599316876e-10 alpha=3.55271367880050093e-15 gap_trials=48 volume_trials=48 safe_trials=0 objective_trials=0 smallest_objective_change_j=inf smallest_trial_norm_j=inf
IMPLICIT_QUADRATURE_RETRY attempt=4 panels=6 reason="implicit contact path quadrature refinement"
IMPLICIT_STAGE_REJECTION stage="local contact quadrature" dt=2.03450520833333331e-6 error="closed surface contact gap"
IMPLICIT_INFEASIBLE_PREDICTOR dt=2.03450520833333331e-6 internal_gap_open=true volume_open=true ccd=Ok(Some(0.07546219654750584)) nearest=Ok(Some(PrescribedContactFeature { distance_m: 9.92493461448172e-5, gap_m: -7.506538551828112e-7, body_face: [10, 7, 11], obstacle_face_index: 1308, body_weights: [0.1152289775084242, 0.5513691732064668, 0.33340184928510896], obstacle_weights: [1.0, 0.0, 0.0] }))
IMPLICIT_RESTORED_CONTACT_GUESS dt=2.03450520833333331e-6
IMPLICIT_LINE_SEARCH_REJECTION iteration=24 dt=2.03450520833333331e-6 weighted_residual_j=1.37748665622605682e-3 residual_budget_j=2.44140625000000015e-13 slope_j=-1.36594741554940864e-3 objective_noise_j=9.34989918098378101e-10 alpha=3.55271367880050093e-15 gap_trials=48 volume_trials=48 safe_trials=0 objective_trials=0 smallest_objective_change_j=inf smallest_trial_norm_j=inf
IMPLICIT_QUADRATURE_RETRY attempt=5 panels=7 reason="implicit contact path quadrature refinement"
IMPLICIT_STAGE_REJECTION stage="local contact quadrature" dt=2.03450520833333331e-6 error="closed surface contact gap"
IMPLICIT_INFEASIBLE_PREDICTOR dt=2.03450520833333331e-6 internal_gap_open=true volume_open=true ccd=Ok(Some(0.07546219654750584)) nearest=Ok(Some(PrescribedContactFeature { distance_m: 9.92493461448172e-5, gap_m: -7.506538551828112e-7, body_face: [10, 7, 11], obstacle_face_index: 1308, body_weights: [0.1152289775084242, 0.5513691732064668, 0.33340184928510896], obstacle_weights: [1.0, 0.0, 0.0] }))
IMPLICIT_RESTORED_CONTACT_GUESS dt=2.03450520833333331e-6
IMPLICIT_LINE_SEARCH_REJECTION iteration=25 dt=2.03450520833333331e-6 weighted_residual_j=1.37748665257228248e-3 residual_budget_j=2.44140625000000015e-13 slope_j=-1.48304229879932139e-3 objective_noise_j=9.34989918485733133e-10 alpha=3.55271367880050093e-15 gap_trials=48 volume_trials=48 safe_trials=0 objective_trials=0 smallest_objective_change_j=inf smallest_trial_norm_j=inf
IMPLICIT_QUADRATURE_RETRY attempt=6 panels=8 reason="implicit contact path quadrature refinement"
IMPLICIT_STAGE_REJECTION stage="local contact quadrature" dt=2.03450520833333331e-6 error="closed surface contact gap"
IMPLICIT_INFEASIBLE_PREDICTOR dt=2.03450520833333331e-6 internal_gap_open=true volume_open=true ccd=Ok(Some(0.07546219654750584)) nearest=Ok(Some(PrescribedContactFeature { distance_m: 9.92493461448172e-5, gap_m: -7.506538551828112e-7, body_face: [10, 7, 11], obstacle_face_index: 1308, body_weights: [0.1152289775084242, 0.5513691732064668, 0.33340184928510896], obstacle_weights: [1.0, 0.0, 0.0] }))
IMPLICIT_RESTORED_CONTACT_GUESS dt=2.03450520833333331e-6
IMPLICIT_LINE_SEARCH_REJECTION iteration=24 dt=2.03450520833333331e-6 weighted_residual_j=1.37748665299009779e-3 residual_budget_j=2.44140625000000015e-13 slope_j=-1.39485826875959890e-3 objective_noise_j=9.34989918441463668e-10 alpha=3.55271367880050093e-15 gap_trials=48 volume_trials=48 safe_trials=0 objective_trials=0 smallest_objective_change_j=inf smallest_trial_norm_j=inf
IMPLICIT_QUADRATURE_RETRY attempt=7 panels=9 reason="implicit contact path quadrature refinement"
IMPLICIT_STAGE_REJECTION stage="local contact quadrature" dt=2.03450520833333331e-6 error="closed surface contact gap"
IMPLICIT_INFEASIBLE_PREDICTOR dt=2.03450520833333331e-6 internal_gap_open=true volume_open=true ccd=Ok(Some(0.07546219654750584)) nearest=Ok(Some(PrescribedContactFeature { distance_m: 9.92493461448172e-5, gap_m: -7.506538551828112e-7, body_face: [10, 7, 11], obstacle_face_index: 1308, body_weights: [0.1152289775084242, 0.5513691732064668, 0.33340184928510896], obstacle_weights: [1.0, 0.0, 0.0] }))
IMPLICIT_RESTORED_CONTACT_GUESS dt=2.03450520833333331e-6
IMPLICIT_LINE_SEARCH_REJECTION iteration=24 dt=2.03450520833333331e-6 weighted_residual_j=1.37748665328101005e-3 residual_budget_j=2.44140625000000015e-13 slope_j=-1.42013925636694412e-3 objective_noise_j=9.34989918410630304e-10 alpha=3.55271367880050093e-15 gap_trials=48 volume_trials=48 safe_trials=0 objective_trials=0 smallest_objective_change_j=inf smallest_trial_norm_j=inf
IMPLICIT_QUADRATURE_RETRY attempt=8 panels=10 reason="implicit contact path quadrature refinement"
IMPLICIT_STAGE_REJECTION stage="local contact quadrature" dt=2.03450520833333331e-6 error="closed surface contact gap"
IMPLICIT_INFEASIBLE_PREDICTOR dt=2.03450520833333331e-6 internal_gap_open=true volume_open=true ccd=Ok(Some(0.07546219654750584)) nearest=Ok(Some(PrescribedContactFeature { distance_m: 9.92493461448172e-5, gap_m: -7.506538551828112e-7, body_face: [10, 7, 11], obstacle_face_index: 1308, body_weights: [0.1152289775084242, 0.5513691732064668, 0.33340184928510896], obstacle_weights: [1.0, 0.0, 0.0] }))
IMPLICIT_RESTORED_CONTACT_GUESS dt=2.03450520833333331e-6
IMPLICIT_LINE_SEARCH_REJECTION iteration=27 dt=2.03450520833333331e-6 weighted_residual_j=1.37748665325517872e-3 residual_budget_j=2.44140625000000015e-13 slope_j=-1.39292325118907617e-3 objective_noise_j=9.34989918413340147e-10 alpha=3.55271367880050093e-15 gap_trials=48 volume_trials=48 safe_trials=0 objective_trials=0 smallest_objective_change_j=inf smallest_trial_norm_j=inf
IMPLICIT_QUADRATURE_RETRY attempt=9 panels=11 reason="implicit contact path quadrature refinement"
IMPLICIT_STAGE_REJECTION stage="local contact quadrature" dt=2.03450520833333331e-6 error="closed surface contact gap"
IMPLICIT_INFEASIBLE_PREDICTOR dt=2.03450520833333331e-6 internal_gap_open=true volume_open=true ccd=Ok(Some(0.07546219654750584)) nearest=Ok(Some(PrescribedContactFeature { distance_m: 9.92493461448172e-5, gap_m: -7.506538551828112e-7, body_face: [10, 7, 11], obstacle_face_index: 1308, body_weights: [0.1152289775084242, 0.5513691732064668, 0.33340184928510896], obstacle_weights: [1.0, 0.0, 0.0] }))
IMPLICIT_RESTORED_CONTACT_GUESS dt=2.03450520833333331e-6
IMPLICIT_LINE_SEARCH_REJECTION iteration=22 dt=2.03450520833333331e-6 weighted_residual_j=1.37748665327679987e-3 residual_budget_j=2.44140625000000015e-13 slope_j=-1.37203819632723324e-3 objective_noise_j=9.34989918411054027e-10 alpha=3.55271367880050093e-15 gap_trials=48 volume_trials=48 safe_trials=0 objective_trials=0 smallest_objective_change_j=inf smallest_trial_norm_j=inf
IMPLICIT_QUADRATURE_RETRY attempt=10 panels=12 reason="implicit contact path quadrature refinement"
IMPLICIT_STAGE_REJECTION stage="local contact quadrature" dt=2.03450520833333331e-6 error="closed surface contact gap"
IMPLICIT_INFEASIBLE_PREDICTOR dt=2.03450520833333331e-6 internal_gap_open=true volume_open=true ccd=Ok(Some(0.07546219654750584)) nearest=Ok(Some(PrescribedContactFeature { distance_m: 9.92493461448172e-5, gap_m: -7.506538551828112e-7, body_face: [10, 7, 11], obstacle_face_index: 1308, body_weights: [0.1152289775084242, 0.5513691732064668, 0.33340184928510896], obstacle_weights: [1.0, 0.0, 0.0] }))
IMPLICIT_RESTORED_CONTACT_GUESS dt=2.03450520833333331e-6
IMPLICIT_LINE_SEARCH_REJECTION iteration=25 dt=2.03450520833333331e-6 weighted_residual_j=1.37748665325493217e-3 residual_budget_j=2.44140625000000015e-13 slope_j=-1.33245454648836504e-3 objective_noise_j=9.34989918413369305e-10 alpha=3.55271367880050093e-15 gap_trials=48 volume_trials=48 safe_trials=0 objective_trials=0 smallest_objective_change_j=inf smallest_trial_norm_j=inf
IMPLICIT_QUADRATURE_RETRY attempt=11 panels=13 reason="implicit contact path quadrature refinement"
IMPLICIT_STAGE_REJECTION stage="local contact quadrature" dt=2.03450520833333331e-6 error="closed surface contact gap"
IMPLICIT_INFEASIBLE_PREDICTOR dt=2.03450520833333331e-6 internal_gap_open=true volume_open=true ccd=Ok(Some(0.07546219654750584)) nearest=Ok(Some(PrescribedContactFeature { distance_m: 9.92493461448172e-5, gap_m: -7.506538551828112e-7, body_face: [10, 7, 11], obstacle_face_index: 1308, body_weights: [0.1152289775084242, 0.5513691732064668, 0.33340184928510896], obstacle_weights: [1.0, 0.0, 0.0] }))
IMPLICIT_RESTORED_CONTACT_GUESS dt=2.03450520833333331e-6
IMPLICIT_LINE_SEARCH_REJECTION iteration=24 dt=2.03450520833333331e-6 weighted_residual_j=1.37748665324398324e-3 residual_budget_j=2.44140625000000015e-13 slope_j=-1.42480774838153724e-3 objective_noise_j=9.34989918414539352e-10 alpha=3.55271367880050093e-15 gap_trials=48 volume_trials=48 safe_trials=0 objective_trials=0 smallest_objective_change_j=inf smallest_trial_norm_j=inf
IMPLICIT_QUADRATURE_RETRY attempt=12 panels=14 reason="implicit contact path quadrature refinement"
IMPLICIT_STAGE_REJECTION stage="local contact quadrature" dt=2.03450520833333331e-6 error="closed surface contact gap"
IMPLICIT_INFEASIBLE_PREDICTOR dt=2.03450520833333331e-6 internal_gap_open=true volume_open=true ccd=Ok(Some(0.07546219654750584)) nearest=Ok(Some(PrescribedContactFeature { distance_m: 9.92493461448172e-5, gap_m: -7.506538551828112e-7, body_face: [10, 7, 11], obstacle_face_index: 1308, body_weights: [0.1152289775084242, 0.5513691732064668, 0.33340184928510896], obstacle_weights: [1.0, 0.0, 0.0] }))
IMPLICIT_RESTORED_CONTACT_GUESS dt=2.03450520833333331e-6
IMPLICIT_LINE_SEARCH_REJECTION iteration=26 dt=2.03450520833333331e-6 weighted_residual_j=1.37748665325491070e-3 residual_budget_j=2.44140625000000015e-13 slope_j=-1.34363429882165819e-3 objective_noise_j=9.34989918413398050e-10 alpha=3.55271367880050093e-15 gap_trials=48 volume_trials=48 safe_trials=0 objective_trials=0 smallest_objective_change_j=inf smallest_trial_norm_j=inf
IMPLICIT_QUADRATURE_RETRY attempt=13 panels=15 reason="implicit contact path quadrature refinement"
IMPLICIT_STAGE_REJECTION stage="local contact quadrature" dt=2.03450520833333331e-6 error="closed surface contact gap"
IMPLICIT_INFEASIBLE_PREDICTOR dt=2.03450520833333331e-6 internal_gap_open=true volume_open=true ccd=Ok(Some(0.07546219654750584)) nearest=Ok(Some(PrescribedContactFeature { distance_m: 9.92493461448172e-5, gap_m: -7.506538551828112e-7, body_face: [10, 7, 11], obstacle_face_index: 1308, body_weights: [0.1152289775084242, 0.5513691732064668, 0.33340184928510896], obstacle_weights: [1.0, 0.0, 0.0] }))
IMPLICIT_RESTORED_CONTACT_GUESS dt=2.03450520833333331e-6
IMPLICIT_LINE_SEARCH_REJECTION iteration=25 dt=2.03450520833333331e-6 weighted_residual_j=1.37748665325420142e-3 residual_budget_j=2.44140625000000015e-13 slope_j=-1.37864181318764233e-3 objective_noise_j=9.34989918413464845e-10 alpha=3.55271367880050093e-15 gap_trials=48 volume_trials=48 safe_trials=0 objective_trials=0 smallest_objective_change_j=inf smallest_trial_norm_j=inf
IMPLICIT_QUADRATURE_RETRY attempt=14 panels=16 reason="implicit contact path quadrature refinement"
IMPLICIT_STAGE_REJECTION stage="local contact quadrature" dt=2.03450520833333331e-6 error="closed surface contact gap"
IMPLICIT_INFEASIBLE_PREDICTOR dt=2.03450520833333331e-6 internal_gap_open=true volume_open=true ccd=Ok(Some(0.07546219654750584)) nearest=Ok(Some(PrescribedContactFeature { distance_m: 9.92493461448172e-5, gap_m: -7.506538551828112e-7, body_face: [10, 7, 11], obstacle_face_index: 1308, body_weights: [0.1152289775084242, 0.5513691732064668, 0.33340184928510896], obstacle_weights: [1.0, 0.0, 0.0] }))
IMPLICIT_RESTORED_CONTACT_GUESS dt=2.03450520833333331e-6
IMPLICIT_LINE_SEARCH_REJECTION iteration=27 dt=2.03450520833333331e-6 weighted_residual_j=1.37748665325451432e-3 residual_budget_j=2.44140625000000015e-13 slope_j=-1.33161796022207221e-3 objective_noise_j=9.34989918413415628e-10 alpha=3.55271367880050093e-15 gap_trials=48 volume_trials=48 safe_trials=0 objective_trials=0 smallest_objective_change_j=inf smallest_trial_norm_j=inf
IMPLICIT_QUADRATURE_RETRY attempt=15 panels=17 reason="implicit contact path quadrature refinement"
IMPLICIT_STAGE_REJECTION stage="local contact quadrature" dt=2.03450520833333331e-6 error="closed surface contact gap"
IMPLICIT_INFEASIBLE_PREDICTOR dt=2.03450520833333331e-6 internal_gap_open=true volume_open=true ccd=Ok(Some(0.07546219654750584)) nearest=Ok(Some(PrescribedContactFeature { distance_m: 9.92493461448172e-5, gap_m: -7.506538551828112e-7, body_face: [10, 7, 11], obstacle_face_index: 1308, body_weights: [0.1152289775084242, 0.5513691732064668, 0.33340184928510896], obstacle_weights: [1.0, 0.0, 0.0] }))
IMPLICIT_RESTORED_CONTACT_GUESS dt=2.03450520833333331e-6
IMPLICIT_LINE_SEARCH_REJECTION iteration=21 dt=2.03450520833333331e-6 weighted_residual_j=1.37748665325346871e-3 residual_budget_j=2.44140625000000015e-13 slope_j=-1.37737534195979459e-3 objective_noise_j=9.34989918413521920e-10 alpha=3.55271367880050093e-15 gap_trials=48 volume_trials=48 safe_trials=0 objective_trials=0 smallest_objective_change_j=inf smallest_trial_norm_j=inf
IMPLICIT_QUADRATURE_RETRY attempt=16 panels=18 reason="implicit contact path quadrature refinement"
IMPLICIT_STAGE_REJECTION stage="local contact quadrature" dt=2.03450520833333331e-6 error="closed surface contact gap"
IMPLICIT_INFEASIBLE_PREDICTOR dt=2.03450520833333331e-6 internal_gap_open=true volume_open=true ccd=Ok(Some(0.07546219654750584)) nearest=Ok(Some(PrescribedContactFeature { distance_m: 9.92493461448172e-5, gap_m: -7.506538551828112e-7, body_face: [10, 7, 11], obstacle_face_index: 1308, body_weights: [0.1152289775084242, 0.5513691732064668, 0.33340184928510896], obstacle_weights: [1.0, 0.0, 0.0] }))
IMPLICIT_RESTORED_CONTACT_GUESS dt=2.03450520833333331e-6
IMPLICIT_LINE_SEARCH_REJECTION iteration=22 dt=2.03450520833333331e-6 weighted_residual_j=1.37748665325162362e-3 residual_budget_j=2.44140625000000015e-13 slope_j=-1.37798471282567919e-3 objective_noise_j=9.34989918413712999e-10 alpha=3.55271367880050093e-15 gap_trials=48 volume_trials=48 safe_trials=0 objective_trials=0 smallest_objective_change_j=inf smallest_trial_norm_j=inf
IMPLICIT_QUADRATURE_RETRY attempt=17 panels=19 reason="implicit contact path quadrature refinement"
IMPLICIT_STAGE_REJECTION stage="local contact quadrature" dt=2.03450520833333331e-6 error="closed surface contact gap"
IMPLICIT_INFEASIBLE_PREDICTOR dt=2.03450520833333331e-6 internal_gap_open=true volume_open=true ccd=Ok(Some(0.07546219654750584)) nearest=Ok(Some(PrescribedContactFeature { distance_m: 9.92493461448172e-5, gap_m: -7.506538551828112e-7, body_face: [10, 7, 11], obstacle_face_index: 1308, body_weights: [0.1152289775084242, 0.5513691732064668, 0.33340184928510896], obstacle_weights: [1.0, 0.0, 0.0] }))
IMPLICIT_RESTORED_CONTACT_GUESS dt=2.03450520833333331e-6
IMPLICIT_LINE_SEARCH_REJECTION iteration=23 dt=2.03450520833333331e-6 weighted_residual_j=1.37748665325191245e-3 residual_budget_j=2.44140625000000015e-13 slope_j=-1.40434960744278319e-3 objective_noise_j=9.34989918413683634e-10 alpha=3.55271367880050093e-15 gap_trials=48 volume_trials=48 safe_trials=0 objective_trials=0 smallest_objective_change_j=inf smallest_trial_norm_j=inf
IMPLICIT_QUADRATURE_RETRY attempt=18 panels=20 reason="implicit contact path quadrature refinement"
IMPLICIT_STAGE_REJECTION stage="local contact quadrature" dt=2.03450520833333331e-6 error="closed surface contact gap"
IMPLICIT_INFEASIBLE_PREDICTOR dt=2.03450520833333331e-6 internal_gap_open=true volume_open=true ccd=Ok(Some(0.07546219654750584)) nearest=Ok(Some(PrescribedContactFeature { distance_m: 9.92493461448172e-5, gap_m: -7.506538551828112e-7, body_face: [10, 7, 11], obstacle_face_index: 1308, body_weights: [0.1152289775084242, 0.5513691732064668, 0.33340184928510896], obstacle_weights: [1.0, 0.0, 0.0] }))
IMPLICIT_RESTORED_CONTACT_GUESS dt=2.03450520833333331e-6
IMPLICIT_LINE_SEARCH_REJECTION iteration=23 dt=2.03450520833333331e-6 weighted_residual_j=1.37748665325189163e-3 residual_budget_j=2.44140625000000015e-13 slope_j=-1.36982429657656036e-3 objective_noise_j=9.34989918413685495e-10 alpha=3.55271367880050093e-15 gap_trials=48 volume_trials=48 safe_trials=0 objective_trials=0 smallest_objective_change_j=inf smallest_trial_norm_j=inf
IMPLICIT_QUADRATURE_RETRY attempt=19 panels=21 reason="implicit contact path quadrature refinement"
IMPLICIT_STAGE_REJECTION stage="local contact quadrature" dt=2.03450520833333331e-6 error="closed surface contact gap"
IMPLICIT_INFEASIBLE_PREDICTOR dt=2.03450520833333331e-6 internal_gap_open=true volume_open=true ccd=Ok(Some(0.07546219654750584)) nearest=Ok(Some(PrescribedContactFeature { distance_m: 9.92493461448172e-5, gap_m: -7.506538551828112e-7, body_face: [10, 7, 11], obstacle_face_index: 1308, body_weights: [0.1152289775084242, 0.5513691732064668, 0.33340184928510896], obstacle_weights: [1.0, 0.0, 0.0] }))
IMPLICIT_RESTORED_CONTACT_GUESS dt=2.03450520833333331e-6
IMPLICIT_LINE_SEARCH_REJECTION iteration=24 dt=2.03450520833333331e-6 weighted_residual_j=1.37748665325166417e-3 residual_budget_j=2.44140625000000015e-13 slope_j=-1.48482486211803325e-3 objective_noise_j=9.34989918413692940e-10 alpha=3.55271367880050093e-15 gap_trials=48 volume_trials=48 safe_trials=0 objective_trials=0 smallest_objective_change_j=inf smallest_trial_norm_j=inf
IMPLICIT_QUADRATURE_RETRY attempt=20 panels=22 reason="implicit contact path quadrature refinement"
IMPLICIT_STAGE_REJECTION stage="local contact quadrature" dt=2.03450520833333331e-6 error="closed surface contact gap"
IMPLICIT_INFEASIBLE_PREDICTOR dt=2.03450520833333331e-6 internal_gap_open=true volume_open=true ccd=Ok(Some(0.07546219654750584)) nearest=Ok(Some(PrescribedContactFeature { distance_m: 9.92493461448172e-5, gap_m: -7.506538551828112e-7, body_face: [10, 7, 11], obstacle_face_index: 1308, body_weights: [0.1152289775084242, 0.5513691732064668, 0.33340184928510896], obstacle_weights: [1.0, 0.0, 0.0] }))
IMPLICIT_RESTORED_CONTACT_GUESS dt=2.03450520833333331e-6
IMPLICIT_LINE_SEARCH_REJECTION iteration=25 dt=2.03450520833333331e-6 weighted_residual_j=1.37748665325139832e-3 residual_budget_j=2.44140625000000015e-13 slope_j=-1.34523757013615074e-3 objective_noise_j=9.34989918413686116e-10 alpha=3.55271367880050093e-15 gap_trials=48 volume_trials=48 safe_trials=0 objective_trials=0 smallest_objective_change_j=inf smallest_trial_norm_j=inf
IMPLICIT_QUADRATURE_RETRY attempt=21 panels=23 reason="implicit contact path quadrature refinement"
IMPLICIT_STAGE_REJECTION stage="local contact quadrature" dt=2.03450520833333331e-6 error="closed surface contact gap"
IMPLICIT_INFEASIBLE_PREDICTOR dt=2.03450520833333331e-6 internal_gap_open=true volume_open=true ccd=Ok(Some(0.07546219654750584)) nearest=Ok(Some(PrescribedContactFeature { distance_m: 9.92493461448172e-5, gap_m: -7.506538551828112e-7, body_face: [10, 7, 11], obstacle_face_index: 1308, body_weights: [0.1152289775084242, 0.5513691732064668, 0.33340184928510896], obstacle_weights: [1.0, 0.0, 0.0] }))
IMPLICIT_RESTORED_CONTACT_GUESS dt=2.03450520833333331e-6
IMPLICIT_LINE_SEARCH_REJECTION iteration=28 dt=2.03450520833333331e-6 weighted_residual_j=1.37748665325196861e-3 residual_budget_j=2.44140625000000015e-13 slope_j=-1.49033136219678571e-3 objective_noise_j=9.34989918413685288e-10 alpha=3.55271367880050093e-15 gap_trials=48 volume_trials=48 safe_trials=0 objective_trials=0 smallest_objective_change_j=inf smallest_trial_norm_j=inf
IMPLICIT_QUADRATURE_RETRY attempt=22 panels=24 reason="implicit contact path quadrature refinement"
IMPLICIT_STAGE_REJECTION stage="local contact quadrature" dt=2.03450520833333331e-6 error="closed surface contact gap"
IMPLICIT_INFEASIBLE_PREDICTOR dt=2.03450520833333331e-6 internal_gap_open=true volume_open=true ccd=Ok(Some(0.07546219654750584)) nearest=Ok(Some(PrescribedContactFeature { distance_m: 9.92493461448172e-5, gap_m: -7.506538551828112e-7, body_face: [10, 7, 11], obstacle_face_index: 1308, body_weights: [0.1152289775084242, 0.5513691732064668, 0.33340184928510896], obstacle_weights: [1.0, 0.0, 0.0] }))
IMPLICIT_RESTORED_CONTACT_GUESS dt=2.03450520833333331e-6
IMPLICIT_LINE_SEARCH_REJECTION iteration=24 dt=2.03450520833333331e-6 weighted_residual_j=1.37748665325173572e-3 residual_budget_j=2.44140625000000015e-13 slope_j=-1.39490605555226744e-3 objective_noise_j=9.34989918413684668e-10 alpha=3.55271367880050093e-15 gap_trials=48 volume_trials=48 safe_trials=0 objective_trials=0 smallest_objective_change_j=inf smallest_trial_norm_j=inf
IMPLICIT_QUADRATURE_RETRY attempt=23 panels=25 reason="implicit contact path quadrature refinement"
IMPLICIT_STAGE_REJECTION stage="local contact quadrature" dt=2.03450520833333331e-6 error="closed surface contact gap"
IMPLICIT_INFEASIBLE_PREDICTOR dt=2.03450520833333331e-6 internal_gap_open=true volume_open=true ccd=Ok(Some(0.07546219654750584)) nearest=Ok(Some(PrescribedContactFeature { distance_m: 9.92493461448172e-5, gap_m: -7.506538551828112e-7, body_face: [10, 7, 11], obstacle_face_index: 1308, body_weights: [0.1152289775084242, 0.5513691732064668, 0.33340184928510896], obstacle_weights: [1.0, 0.0, 0.0] }))
IMPLICIT_RESTORED_CONTACT_GUESS dt=2.03450520833333331e-6
IMPLICIT_LINE_SEARCH_REJECTION iteration=23 dt=2.03450520833333331e-6 weighted_residual_j=1.37748665325156789e-3 residual_budget_j=2.44140625000000015e-13 slope_j=-1.38152143480342778e-3 objective_noise_j=9.34989918413684048e-10 alpha=3.55271367880050093e-15 gap_trials=48 volume_trials=48 safe_trials=0 objective_trials=0 smallest_objective_change_j=inf smallest_trial_norm_j=inf
IMPLICIT_QUADRATURE_RETRY attempt=24 panels=26 reason="implicit contact path quadrature refinement"
IMPLICIT_STAGE_REJECTION stage="local contact quadrature" dt=2.03450520833333331e-6 error="closed surface contact gap"
IMPLICIT_INFEASIBLE_PREDICTOR dt=2.03450520833333331e-6 internal_gap_open=true volume_open=true ccd=Ok(Some(0.07546219654750584)) nearest=Ok(Some(PrescribedContactFeature { distance_m: 9.92493461448172e-5, gap_m: -7.506538551828112e-7, body_face: [10, 7, 11], obstacle_face_index: 1308, body_weights: [0.1152289775084242, 0.5513691732064668, 0.33340184928510896], obstacle_weights: [1.0, 0.0, 0.0] }))
IMPLICIT_RESTORED_CONTACT_GUESS dt=2.03450520833333331e-6
IMPLICIT_LINE_SEARCH_REJECTION iteration=24 dt=2.03450520833333331e-6 weighted_residual_j=1.37748665325170537e-3 residual_budget_j=2.44140625000000015e-13 slope_j=-1.44491600848725005e-3 objective_noise_j=9.34989918413683841e-10 alpha=3.55271367880050093e-15 gap_trials=48 volume_trials=48 safe_trials=0 objective_trials=0 smallest_objective_change_j=inf smallest_trial_norm_j=inf
IMPLICIT_QUADRATURE_RETRY attempt=25 panels=27 reason="implicit contact path quadrature refinement"
IMPLICIT_STAGE_REJECTION stage="local contact quadrature" dt=2.03450520833333331e-6 error="closed surface contact gap"
IMPLICIT_INFEASIBLE_PREDICTOR dt=2.03450520833333331e-6 internal_gap_open=true volume_open=true ccd=Ok(Some(0.07546219654750584)) nearest=Ok(Some(PrescribedContactFeature { distance_m: 9.92493461448172e-5, gap_m: -7.506538551828112e-7, body_face: [10, 7, 11], obstacle_face_index: 1308, body_weights: [0.1152289775084242, 0.5513691732064668, 0.33340184928510896], obstacle_weights: [1.0, 0.0, 0.0] }))
IMPLICIT_RESTORED_CONTACT_GUESS dt=2.03450520833333331e-6
IMPLICIT_LINE_SEARCH_REJECTION iteration=25 dt=2.03450520833333331e-6 weighted_residual_j=1.37748665325166351e-3 residual_budget_j=2.44140625000000015e-13 slope_j=-1.40930369771183925e-3 objective_noise_j=9.34989918413683841e-10 alpha=3.55271367880050093e-15 gap_trials=48 volume_trials=48 safe_trials=0 objective_trials=0 smallest_objective_change_j=inf smallest_trial_norm_j=inf
IMPLICIT_QUADRATURE_RETRY attempt=26 panels=28 reason="implicit contact path quadrature refinement"
IMPLICIT_STAGE_REJECTION stage="local contact quadrature" dt=2.03450520833333331e-6 error="closed surface contact gap"
IMPLICIT_INFEASIBLE_PREDICTOR dt=2.03450520833333331e-6 internal_gap_open=true volume_open=true ccd=Ok(Some(0.07546219654750584)) nearest=Ok(Some(PrescribedContactFeature { distance_m: 9.92493461448172e-5, gap_m: -7.506538551828112e-7, body_face: [10, 7, 11], obstacle_face_index: 1308, body_weights: [0.1152289775084242, 0.5513691732064668, 0.33340184928510896], obstacle_weights: [1.0, 0.0, 0.0] }))
IMPLICIT_RESTORED_CONTACT_GUESS dt=2.03450520833333331e-6
IMPLICIT_LINE_SEARCH_REJECTION iteration=23 dt=2.03450520833333331e-6 weighted_residual_j=1.37748665325176521e-3 residual_budget_j=2.44140625000000015e-13 slope_j=-1.35772018931805080e-3 objective_noise_j=9.34989918413684048e-10 alpha=3.55271367880050093e-15 gap_trials=48 volume_trials=48 safe_trials=0 objective_trials=0 smallest_objective_change_j=inf smallest_trial_norm_j=inf
IMPLICIT_QUADRATURE_RETRY attempt=27 panels=29 reason="implicit contact path quadrature refinement"
IMPLICIT_STAGE_REJECTION stage="local contact quadrature" dt=2.03450520833333331e-6 error="closed surface contact gap"
IMPLICIT_INFEASIBLE_PREDICTOR dt=2.03450520833333331e-6 internal_gap_open=true volume_open=true ccd=Ok(Some(0.07546219654750584)) nearest=Ok(Some(PrescribedContactFeature { distance_m: 9.92493461448172e-5, gap_m: -7.506538551828112e-7, body_face: [10, 7, 11], obstacle_face_index: 1308, body_weights: [0.1152289775084242, 0.5513691732064668, 0.33340184928510896], obstacle_weights: [1.0, 0.0, 0.0] }))
IMPLICIT_RESTORED_CONTACT_GUESS dt=2.03450520833333331e-6
IMPLICIT_LINE_SEARCH_REJECTION iteration=23 dt=2.03450520833333331e-6 weighted_residual_j=1.37748665325162600e-3 residual_budget_j=2.44140625000000015e-13 slope_j=-1.43108773776885832e-3 objective_noise_j=9.34989918413684048e-10 alpha=3.55271367880050093e-15 gap_trials=48 volume_trials=48 safe_trials=0 objective_trials=0 smallest_objective_change_j=inf smallest_trial_norm_j=inf
IMPLICIT_QUADRATURE_RETRY attempt=28 panels=30 reason="implicit contact path quadrature refinement"
IMPLICIT_STAGE_REJECTION stage="local contact quadrature" dt=2.03450520833333331e-6 error="closed surface contact gap"
IMPLICIT_INFEASIBLE_PREDICTOR dt=2.03450520833333331e-6 internal_gap_open=true volume_open=true ccd=Ok(Some(0.07546219654750584)) nearest=Ok(Some(PrescribedContactFeature { distance_m: 9.92493461448172e-5, gap_m: -7.506538551828112e-7, body_face: [10, 7, 11], obstacle_face_index: 1308, body_weights: [0.1152289775084242, 0.5513691732064668, 0.33340184928510896], obstacle_weights: [1.0, 0.0, 0.0] }))
IMPLICIT_RESTORED_CONTACT_GUESS dt=2.03450520833333331e-6
IMPLICIT_LINE_SEARCH_REJECTION iteration=23 dt=2.03450520833333331e-6 weighted_residual_j=1.37748665325175589e-3 residual_budget_j=2.44140625000000015e-13 slope_j=-1.36078650437247706e-3 objective_noise_j=9.34989918413684048e-10 alpha=3.55271367880050093e-15 gap_trials=48 volume_trials=48 safe_trials=0 objective_trials=0 smallest_objective_change_j=inf smallest_trial_norm_j=inf
IMPLICIT_QUADRATURE_RETRY attempt=29 panels=31 reason="implicit contact path quadrature refinement"
IMPLICIT_STAGE_REJECTION stage="local contact quadrature" dt=2.03450520833333331e-6 error="closed surface contact gap"
IMPLICIT_INFEASIBLE_PREDICTOR dt=2.03450520833333331e-6 internal_gap_open=true volume_open=true ccd=Ok(Some(0.07546219654750584)) nearest=Ok(Some(PrescribedContactFeature { distance_m: 9.92493461448172e-5, gap_m: -7.506538551828112e-7, body_face: [10, 7, 11], obstacle_face_index: 1308, body_weights: [0.1152289775084242, 0.5513691732064668, 0.33340184928510896], obstacle_weights: [1.0, 0.0, 0.0] }))
IMPLICIT_RESTORED_CONTACT_GUESS dt=2.03450520833333331e-6
IMPLICIT_LINE_SEARCH_REJECTION iteration=21 dt=2.03450520833333331e-6 weighted_residual_j=1.37748665325195495e-3 residual_budget_j=2.44140625000000015e-13 slope_j=-1.37758126869299224e-3 objective_noise_j=9.34989918413684048e-10 alpha=3.55271367880050093e-15 gap_trials=48 volume_trials=48 safe_trials=0 objective_trials=0 smallest_objective_change_j=inf smallest_trial_norm_j=inf
IMPLICIT_QUADRATURE_RETRY attempt=30 panels=32 reason="implicit contact path quadrature refinement"
IMPLICIT_STAGE_REJECTION stage="local contact quadrature" dt=2.03450520833333331e-6 error="closed surface contact gap"
IMPLICIT_INFEASIBLE_PREDICTOR dt=2.03450520833333331e-6 internal_gap_open=true volume_open=true ccd=Ok(Some(0.07546219654750584)) nearest=Ok(Some(PrescribedContactFeature { distance_m: 9.92493461448172e-5, gap_m: -7.506538551828112e-7, body_face: [10, 7, 11], obstacle_face_index: 1308, body_weights: [0.1152289775084242, 0.5513691732064668, 0.33340184928510896], obstacle_weights: [1.0, 0.0, 0.0] }))
IMPLICIT_RESTORED_CONTACT_GUESS dt=2.03450520833333331e-6
IMPLICIT_LINE_SEARCH_REJECTION iteration=22 dt=2.03450520833333331e-6 weighted_residual_j=1.37748665325187342e-3 residual_budget_j=2.44140625000000015e-13 slope_j=-1.37013338956969285e-3 objective_noise_j=9.34989918413684254e-10 alpha=3.55271367880050093e-15 gap_trials=48 volume_trials=48 safe_trials=0 objective_trials=0 smallest_objective_change_j=inf smallest_trial_norm_j=inf
IMPLICIT_QUADRATURE_RETRY attempt=31 panels=33 reason="implicit contact path quadrature refinement"
IMPLICIT_STAGE_REJECTION stage="local contact quadrature" dt=1.01725260416666665e-6 error="closed surface contact gap"
IMPLICIT_INFEASIBLE_PREDICTOR dt=1.01725260416666665e-6 internal_gap_open=true volume_open=true ccd=Ok(Some(0.15092439309705147)) nearest=Ok(Some(PrescribedContactFeature { distance_m: 9.965530871428094e-5, gap_m: -3.4469128571906565e-7, body_face: [10, 7, 11], obstacle_face_index: 1308, body_weights: [0.11522934521920741, 0.551367527775236, 0.3334031270055566], obstacle_weights: [1.0, 0.0, 0.0] }))
IMPLICIT_RESTORED_CONTACT_GUESS dt=1.01725260416666665e-6
IMPLICIT_LINE_SEARCH_REJECTION iteration=27 dt=1.01725260416666665e-6 weighted_residual_j=3.75162658027691862e-3 residual_budget_j=1.22070312500000008e-13 slope_j=-3.75152278219230331e-3 objective_noise_j=1.27517187847559356e-9 alpha=3.55271367880050093e-15 gap_trials=48 volume_trials=48 safe_trials=0 objective_trials=0 smallest_objective_change_j=inf smallest_trial_norm_j=inf
IMPLICIT_QUADRATURE_RETRY attempt=0 panels=2 reason="implicit contact path quadrature refinement"
IMPLICIT_STAGE_REJECTION stage="local contact quadrature" dt=1.01725260416666665e-6 error="closed surface contact gap"
IMPLICIT_INFEASIBLE_PREDICTOR dt=1.01725260416666665e-6 internal_gap_open=true volume_open=true ccd=Ok(Some(0.15092439309705147)) nearest=Ok(Some(PrescribedContactFeature { distance_m: 9.965530871428094e-5, gap_m: -3.4469128571906565e-7, body_face: [10, 7, 11], obstacle_face_index: 1308, body_weights: [0.11522934521920741, 0.551367527775236, 0.3334031270055566], obstacle_weights: [1.0, 0.0, 0.0] }))
IMPLICIT_RESTORED_CONTACT_GUESS dt=1.01725260416666665e-6
IMPLICIT_LINE_SEARCH_REJECTION iteration=22 dt=1.01725260416666665e-6 weighted_residual_j=2.50929667072598327e-3 residual_budget_j=1.22070312500000008e-13 slope_j=-2.51099676278244630e-3 objective_noise_j=1.45077608027398573e-9 alpha=3.55271367880050093e-15 gap_trials=48 volume_trials=48 safe_trials=0 objective_trials=0 smallest_objective_change_j=inf smallest_trial_norm_j=inf
IMPLICIT_QUADRATURE_RETRY attempt=1 panels=3 reason="implicit contact path quadrature refinement"
IMPLICIT_STAGE_REJECTION stage="local contact quadrature" dt=1.01725260416666665e-6 error="closed surface contact gap"
IMPLICIT_INFEASIBLE_PREDICTOR dt=1.01725260416666665e-6 internal_gap_open=true volume_open=true ccd=Ok(Some(0.15092439309705147)) nearest=Ok(Some(PrescribedContactFeature { distance_m: 9.965530871428094e-5, gap_m: -3.4469128571906565e-7, body_face: [10, 7, 11], obstacle_face_index: 1308, body_weights: [0.11522934521920741, 0.551367527775236, 0.3334031270055566], obstacle_weights: [1.0, 0.0, 0.0] }))
IMPLICIT_RESTORED_CONTACT_GUESS dt=1.01725260416666665e-6
IMPLICIT_LINE_SEARCH_REJECTION iteration=25 dt=1.01725260416666665e-6 weighted_residual_j=1.60168996809454778e-3 residual_budget_j=1.22070312500000008e-13 slope_j=-1.60074029472731072e-3 objective_noise_j=1.60929007764172077e-9 alpha=3.55271367880050093e-15 gap_trials=48 volume_trials=48 safe_trials=0 objective_trials=0 smallest_objective_change_j=inf smallest_trial_norm_j=inf
IMPLICIT_QUADRATURE_RETRY attempt=2 panels=4 reason="implicit contact path quadrature refinement"
IMPLICIT_STAGE_REJECTION stage="local contact quadrature" dt=1.01725260416666665e-6 error="closed surface contact gap"
IMPLICIT_INFEASIBLE_PREDICTOR dt=1.01725260416666665e-6 internal_gap_open=true volume_open=true ccd=Ok(Some(0.15092439309705147)) nearest=Ok(Some(PrescribedContactFeature { distance_m: 9.965530871428094e-5, gap_m: -3.4469128571906565e-7, body_face: [10, 7, 11], obstacle_face_index: 1308, body_weights: [0.11522934521920741, 0.551367527775236, 0.3334031270055566], obstacle_weights: [1.0, 0.0, 0.0] }))
IMPLICIT_RESTORED_CONTACT_GUESS dt=1.01725260416666665e-6
IMPLICIT_LINE_SEARCH_REJECTION iteration=23 dt=1.01725260416666665e-6 weighted_residual_j=1.00756773106030649e-3 residual_budget_j=1.22070312500000008e-13 slope_j=-9.96980038742275405e-4 objective_noise_j=1.73958738896890504e-9 alpha=3.55271367880050093e-15 gap_trials=48 volume_trials=48 safe_trials=0 objective_trials=0 smallest_objective_change_j=inf smallest_trial_norm_j=inf
IMPLICIT_QUADRATURE_RETRY attempt=3 panels=5 reason="implicit contact path quadrature refinement"
IMPLICIT_STAGE_REJECTION stage="local contact quadrature" dt=1.01725260416666665e-6 error="closed surface contact gap"
IMPLICIT_INFEASIBLE_PREDICTOR dt=1.01725260416666665e-6 internal_gap_open=true volume_open=true ccd=Ok(Some(0.15092439309705147)) nearest=Ok(Some(PrescribedContactFeature { distance_m: 9.965530871428094e-5, gap_m: -3.4469128571906565e-7, body_face: [10, 7, 11], obstacle_face_index: 1308, body_weights: [0.11522934521920741, 0.551367527775236, 0.3334031270055566], obstacle_weights: [1.0, 0.0, 0.0] }))
IMPLICIT_RESTORED_CONTACT_GUESS dt=1.01725260416666665e-6
IMPLICIT_LINE_SEARCH_REJECTION iteration=22 dt=1.01725260416666665e-6 weighted_residual_j=6.74989100420809768e-4 residual_budget_j=1.22070312500000008e-13 slope_j=-6.60658222544894570e-4 objective_noise_j=1.83026696387557633e-9 alpha=3.55271367880050093e-15 gap_trials=48 volume_trials=48 safe_trials=0 objective_trials=0 smallest_objective_change_j=inf smallest_trial_norm_j=inf
IMPLICIT_QUADRATURE_RETRY attempt=4 panels=6 reason="implicit contact path quadrature refinement"
IMPLICIT_STAGE_REJECTION stage="local contact quadrature" dt=1.01725260416666665e-6 error="closed surface contact gap"
IMPLICIT_INFEASIBLE_PREDICTOR dt=1.01725260416666665e-6 internal_gap_open=true volume_open=true ccd=Ok(Some(0.15092439309705147)) nearest=Ok(Some(PrescribedContactFeature { distance_m: 9.965530871428094e-5, gap_m: -3.4469128571906565e-7, body_face: [10, 7, 11], obstacle_face_index: 1308, body_weights: [0.11522934521920741, 0.551367527775236, 0.3334031270055566], obstacle_weights: [1.0, 0.0, 0.0] }))
IMPLICIT_RESTORED_CONTACT_GUESS dt=1.01725260416666665e-6
IMPLICIT_LINE_SEARCH_REJECTION iteration=23 dt=1.01725260416666665e-6 weighted_residual_j=5.25863554818484236e-4 residual_budget_j=1.22070312500000008e-13 slope_j=-5.28220682372747318e-4 objective_noise_j=1.87825096675525726e-9 alpha=3.55271367880050093e-15 gap_trials=48 volume_trials=48 safe_trials=0 objective_trials=0 smallest_objective_change_j=inf smallest_trial_norm_j=inf
IMPLICIT_QUADRATURE_RETRY attempt=5 panels=7 reason="implicit contact path quadrature refinement"
IMPLICIT_STAGE_REJECTION stage="local contact quadrature" dt=1.01725260416666665e-6 error="closed surface contact gap"
IMPLICIT_INFEASIBLE_PREDICTOR dt=1.01725260416666665e-6 internal_gap_open=true volume_open=true ccd=Ok(Some(0.15092439309705147)) nearest=Ok(Some(PrescribedContactFeature { distance_m: 9.965530871428094e-5, gap_m: -3.4469128571906565e-7, body_face: [10, 7, 11], obstacle_face_index: 1308, body_weights: [0.11522934521920741, 0.551367527775236, 0.3334031270055566], obstacle_weights: [1.0, 0.0, 0.0] }))
IMPLICIT_RESTORED_CONTACT_GUESS dt=1.01725260416666665e-6
IMPLICIT_LINE_SEARCH_REJECTION iteration=27 dt=1.01725260416666665e-6 weighted_residual_j=4.77925230975136128e-4 residual_budget_j=1.22070312500000008e-13 slope_j=-4.88424112684891255e-4 objective_noise_j=1.89509448540697528e-9 alpha=3.55271367880050093e-15 gap_trials=48 volume_trials=48 safe_trials=0 objective_trials=0 smallest_objective_change_j=inf smallest_trial_norm_j=inf
IMPLICIT_QUADRATURE_RETRY attempt=6 panels=8 reason="implicit contact path quadrature refinement"
IMPLICIT_STAGE_REJECTION stage="local contact quadrature" dt=1.01725260416666665e-6 error="closed surface contact gap"
IMPLICIT_INFEASIBLE_PREDICTOR dt=1.01725260416666665e-6 internal_gap_open=true volume_open=true ccd=Ok(Some(0.15092439309705147)) nearest=Ok(Some(PrescribedContactFeature { distance_m: 9.965530871428094e-5, gap_m: -3.4469128571906565e-7, body_face: [10, 7, 11], obstacle_face_index: 1308, body_weights: [0.11522934521920741, 0.551367527775236, 0.3334031270055566], obstacle_weights: [1.0, 0.0, 0.0] }))
IMPLICIT_RESTORED_CONTACT_GUESS dt=1.01725260416666665e-6
IMPLICIT_LINE_SEARCH_REJECTION iteration=27 dt=1.01725260416666665e-6 weighted_residual_j=4.68612716623412879e-4 residual_budget_j=1.22070312500000008e-13 slope_j=-1.15694281782375774e-4 objective_noise_j=1.89846309293519539e-9 alpha=3.55271367880050093e-15 gap_trials=48 volume_trials=48 safe_trials=0 objective_trials=0 smallest_objective_change_j=inf smallest_trial_norm_j=inf
IMPLICIT_QUADRATURE_RETRY attempt=7 panels=9 reason="implicit contact path quadrature refinement"
IMPLICIT_STAGE_REJECTION stage="local contact quadrature" dt=1.01725260416666665e-6 error="closed surface contact gap"
IMPLICIT_INFEASIBLE_PREDICTOR dt=1.01725260416666665e-6 internal_gap_open=true volume_open=true ccd=Ok(Some(0.15092439309705147)) nearest=Ok(Some(PrescribedContactFeature { distance_m: 9.965530871428094e-5, gap_m: -3.4469128571906565e-7, body_face: [10, 7, 11], obstacle_face_index: 1308, body_weights: [0.11522934521920741, 0.551367527775236, 0.3334031270055566], obstacle_weights: [1.0, 0.0, 0.0] }))
IMPLICIT_RESTORED_CONTACT_GUESS dt=1.01725260416666665e-6
IMPLICIT_LINE_SEARCH_REJECTION iteration=25 dt=1.01725260416666665e-6 weighted_residual_j=4.67713277033271729e-4 residual_budget_j=1.22070312500000008e-13 slope_j=-4.67123114694024521e-4 objective_noise_j=1.89879021218112733e-9 alpha=3.55271367880050093e-15 gap_trials=48 volume_trials=48 safe_trials=0 objective_trials=0 smallest_objective_change_j=inf smallest_trial_norm_j=inf
IMPLICIT_QUADRATURE_RETRY attempt=8 panels=10 reason="implicit contact path quadrature refinement"
IMPLICIT_STAGE_REJECTION stage="local contact quadrature" dt=1.01725260416666665e-6 error="closed surface contact gap"
IMPLICIT_INFEASIBLE_PREDICTOR dt=1.01725260416666665e-6 internal_gap_open=true volume_open=true ccd=Ok(Some(0.15092439309705147)) nearest=Ok(Some(PrescribedContactFeature { distance_m: 9.965530871428094e-5, gap_m: -3.4469128571906565e-7, body_face: [10, 7, 11], obstacle_face_index: 1308, body_weights: [0.11522934521920741, 0.551367527775236, 0.3334031270055566], obstacle_weights: [1.0, 0.0, 0.0] }))
IMPLICIT_RESTORED_CONTACT_GUESS dt=1.01725260416666665e-6
IMPLICIT_LINE_SEARCH_REJECTION iteration=25 dt=1.01725260416666665e-6 weighted_residual_j=4.67676769470808074e-4 residual_budget_j=1.22070312500000008e-13 slope_j=-4.69726155673300865e-4 objective_noise_j=1.89880349619383137e-9 alpha=3.55271367880050093e-15 gap_trials=48 volume_trials=48 safe_trials=0 objective_trials=0 smallest_objective_change_j=inf smallest_trial_norm_j=inf
IMPLICIT_QUADRATURE_RETRY attempt=9 panels=11 reason="implicit contact path quadrature refinement"
IMPLICIT_STAGE_REJECTION stage="local contact quadrature" dt=1.01725260416666665e-6 error="closed surface contact gap"
IMPLICIT_INFEASIBLE_PREDICTOR dt=1.01725260416666665e-6 internal_gap_open=true volume_open=true ccd=Ok(Some(0.15092439309705147)) nearest=Ok(Some(PrescribedContactFeature { distance_m: 9.965530871428094e-5, gap_m: -3.4469128571906565e-7, body_face: [10, 7, 11], obstacle_face_index: 1308, body_weights: [0.11522934521920741, 0.551367527775236, 0.3334031270055566], obstacle_weights: [1.0, 0.0, 0.0] }))
IMPLICIT_RESTORED_CONTACT_GUESS dt=1.01725260416666665e-6
IMPLICIT_LINE_SEARCH_REJECTION iteration=26 dt=1.01725260416666665e-6 weighted_residual_j=4.67676235058823574e-4 residual_budget_j=1.22070312500000008e-13 slope_j=-4.44815688933130314e-4 objective_noise_j=1.89880369066903753e-9 alpha=3.55271367880050093e-15 gap_trials=48 volume_trials=48 safe_trials=0 objective_trials=0 smallest_objective_change_j=inf smallest_trial_norm_j=inf
IMPLICIT_QUADRATURE_RETRY attempt=10 panels=12 reason="implicit contact path quadrature refinement"
IMPLICIT_STAGE_REJECTION stage="local contact quadrature" dt=1.01725260416666665e-6 error="closed surface contact gap"
IMPLICIT_INFEASIBLE_PREDICTOR dt=1.01725260416666665e-6 internal_gap_open=true volume_open=true ccd=Ok(Some(0.15092439309705147)) nearest=Ok(Some(PrescribedContactFeature { distance_m: 9.965530871428094e-5, gap_m: -3.4469128571906565e-7, body_face: [10, 7, 11], obstacle_face_index: 1308, body_weights: [0.11522934521920741, 0.551367527775236, 0.3334031270055566], obstacle_weights: [1.0, 0.0, 0.0] }))
IMPLICIT_RESTORED_CONTACT_GUESS dt=1.01725260416666665e-6
IMPLICIT_LINE_SEARCH_REJECTION iteration=30 dt=1.01725260416666665e-6 weighted_residual_j=4.67676223447609847e-4 residual_budget_j=1.22070312500000008e-13 slope_j=-4.77279978941689480e-4 objective_noise_j=1.89880369489431580e-9 alpha=3.55271367880050093e-15 gap_trials=48 volume_trials=48 safe_trials=0 objective_trials=0 smallest_objective_change_j=inf smallest_trial_norm_j=inf
IMPLICIT_QUADRATURE_RETRY attempt=11 panels=13 reason="implicit contact path quadrature refinement"
IMPLICIT_STAGE_REJECTION stage="local contact quadrature" dt=1.01725260416666665e-6 error="closed surface contact gap"
IMPLICIT_INFEASIBLE_PREDICTOR dt=1.01725260416666665e-6 internal_gap_open=true volume_open=true ccd=Ok(Some(0.15092439309705147)) nearest=Ok(Some(PrescribedContactFeature { distance_m: 9.965530871428094e-5, gap_m: -3.4469128571906565e-7, body_face: [10, 7, 11], obstacle_face_index: 1308, body_weights: [0.11522934521920741, 0.551367527775236, 0.3334031270055566], obstacle_weights: [1.0, 0.0, 0.0] }))
IMPLICIT_RESTORED_CONTACT_GUESS dt=1.01725260416666665e-6
IMPLICIT_LINE_SEARCH_REJECTION iteration=24 dt=1.01725260416666665e-6 weighted_residual_j=4.67676228576836047e-4 residual_budget_j=1.22070312500000008e-13 slope_j=-4.67869501755787190e-4 objective_noise_j=1.89880369302788987e-9 alpha=3.55271367880050093e-15 gap_trials=48 volume_trials=48 safe_trials=0 objective_trials=0 smallest_objective_change_j=inf smallest_trial_norm_j=inf
IMPLICIT_QUADRATURE_RETRY attempt=12 panels=14 reason="implicit contact path quadrature refinement"
IMPLICIT_STAGE_REJECTION stage="local contact quadrature" dt=1.01725260416666665e-6 error="closed surface contact gap"
IMPLICIT_INFEASIBLE_PREDICTOR dt=1.01725260416666665e-6 internal_gap_open=true volume_open=true ccd=Ok(Some(0.15092439309705147)) nearest=Ok(Some(PrescribedContactFeature { distance_m: 9.965530871428094e-5, gap_m: -3.4469128571906565e-7, body_face: [10, 7, 11], obstacle_face_index: 1308, body_weights: [0.11522934521920741, 0.551367527775236, 0.3334031270055566], obstacle_weights: [1.0, 0.0, 0.0] }))
IMPLICIT_RESTORED_CONTACT_GUESS dt=1.01725260416666665e-6
IMPLICIT_LINE_SEARCH_REJECTION iteration=29 dt=1.01725260416666665e-6 weighted_residual_j=4.67676229399821444e-4 residual_budget_j=1.22070312500000008e-13 slope_j=-4.47340538814987212e-4 objective_noise_j=1.89880369272842113e-9 alpha=3.55271367880050093e-15 gap_trials=48 volume_trials=48 safe_trials=0 objective_trials=0 smallest_objective_change_j=inf smallest_trial_norm_j=inf
IMPLICIT_QUADRATURE_RETRY attempt=13 panels=15 reason="implicit contact path quadrature refinement"
IMPLICIT_STAGE_REJECTION stage="local contact quadrature" dt=1.01725260416666665e-6 error="closed surface contact gap"
IMPLICIT_INFEASIBLE_PREDICTOR dt=1.01725260416666665e-6 internal_gap_open=true volume_open=true ccd=Ok(Some(0.15092439309705147)) nearest=Ok(Some(PrescribedContactFeature { distance_m: 9.965530871428094e-5, gap_m: -3.4469128571906565e-7, body_face: [10, 7, 11], obstacle_face_index: 1308, body_weights: [0.11522934521920741, 0.551367527775236, 0.3334031270055566], obstacle_weights: [1.0, 0.0, 0.0] }))
IMPLICIT_RESTORED_CONTACT_GUESS dt=1.01725260416666665e-6
IMPLICIT_LINE_SEARCH_REJECTION iteration=27 dt=1.01725260416666665e-6 weighted_residual_j=4.67676228316993932e-4 residual_budget_j=1.22070312500000008e-13 slope_j=-4.83314269549464713e-4 objective_noise_j=1.89880369312244199e-9 alpha=3.55271367880050093e-15 gap_trials=48 volume_trials=48 safe_trials=0 objective_trials=0 smallest_objective_change_j=inf smallest_trial_norm_j=inf
IMPLICIT_QUADRATURE_RETRY attempt=14 panels=16 reason="implicit contact path quadrature refinement"
IMPLICIT_STAGE_REJECTION stage="local contact quadrature" dt=1.01725260416666665e-6 error="closed surface contact gap"
IMPLICIT_INFEASIBLE_PREDICTOR dt=1.01725260416666665e-6 internal_gap_open=true volume_open=true ccd=Ok(Some(0.15092439309705147)) nearest=Ok(Some(PrescribedContactFeature { distance_m: 9.965530871428094e-5, gap_m: -3.4469128571906565e-7, body_face: [10, 7, 11], obstacle_face_index: 1308, body_weights: [0.11522934521920741, 0.551367527775236, 0.3334031270055566], obstacle_weights: [1.0, 0.0, 0.0] }))
IMPLICIT_RESTORED_CONTACT_GUESS dt=1.01725260416666665e-6
IMPLICIT_LINE_SEARCH_REJECTION iteration=24 dt=1.01725260416666665e-6 weighted_residual_j=4.67676227514311846e-4 residual_budget_j=1.22070312500000008e-13 slope_j=-4.68594716951025586e-4 objective_noise_j=1.89880369341453891e-9 alpha=3.55271367880050093e-15 gap_trials=48 volume_trials=48 safe_trials=0 objective_trials=0 smallest_objective_change_j=inf smallest_trial_norm_j=inf
IMPLICIT_QUADRATURE_RETRY attempt=15 panels=17 reason="implicit contact path quadrature refinement"
IMPLICIT_STAGE_REJECTION stage="local contact quadrature" dt=1.01725260416666665e-6 error="closed surface contact gap"
IMPLICIT_INFEASIBLE_PREDICTOR dt=1.01725260416666665e-6 internal_gap_open=true volume_open=true ccd=Ok(Some(0.15092439309705147)) nearest=Ok(Some(PrescribedContactFeature { distance_m: 9.965530871428094e-5, gap_m: -3.4469128571906565e-7, body_face: [10, 7, 11], obstacle_face_index: 1308, body_weights: [0.11522934521920741, 0.551367527775236, 0.3334031270055566], obstacle_weights: [1.0, 0.0, 0.0] }))
IMPLICIT_RESTORED_CONTACT_GUESS dt=1.01725260416666665e-6
IMPLICIT_LINE_SEARCH_REJECTION iteration=29 dt=1.01725260416666665e-6 weighted_residual_j=4.67676228194824893e-4 residual_budget_j=1.22070312500000008e-13 slope_j=-4.68647093124557532e-4 objective_noise_j=1.89880369316689799e-9 alpha=3.55271367880050093e-15 gap_trials=48 volume_trials=48 safe_trials=0 objective_trials=0 smallest_objective_change_j=inf smallest_trial_norm_j=inf
IMPLICIT_QUADRATURE_RETRY attempt=16 panels=18 reason="implicit contact path quadrature refinement"
IMPLICIT_STAGE_REJECTION stage="local contact quadrature" dt=1.01725260416666665e-6 error="closed surface contact gap"
IMPLICIT_INFEASIBLE_PREDICTOR dt=1.01725260416666665e-6 internal_gap_open=true volume_open=true ccd=Ok(Some(0.15092439309705147)) nearest=Ok(Some(PrescribedContactFeature { distance_m: 9.965530871428094e-5, gap_m: -3.4469128571906565e-7, body_face: [10, 7, 11], obstacle_face_index: 1308, body_weights: [0.11522934521920741, 0.551367527775236, 0.3334031270055566], obstacle_weights: [1.0, 0.0, 0.0] }))
IMPLICIT_RESTORED_CONTACT_GUESS dt=1.01725260416666665e-6
IMPLICIT_LINE_SEARCH_REJECTION iteration=30 dt=1.01725260416666665e-6 weighted_residual_j=4.67676228265124399e-4 residual_budget_j=1.22070312500000008e-13 slope_j=-4.84472393547196085e-4 objective_noise_j=1.89880369314131660e-9 alpha=3.55271367880050093e-15 gap_trials=48 volume_trials=48 safe_trials=0 objective_trials=0 smallest_objective_change_j=inf smallest_trial_norm_j=inf
IMPLICIT_QUADRATURE_RETRY attempt=17 panels=19 reason="implicit contact path quadrature refinement"
IMPLICIT_STAGE_REJECTION stage="local contact quadrature" dt=1.01725260416666665e-6 error="closed surface contact gap"
IMPLICIT_INFEASIBLE_PREDICTOR dt=1.01725260416666665e-6 internal_gap_open=true volume_open=true ccd=Ok(Some(0.15092439309705147)) nearest=Ok(Some(PrescribedContactFeature { distance_m: 9.965530871428094e-5, gap_m: -3.4469128571906565e-7, body_face: [10, 7, 11], obstacle_face_index: 1308, body_weights: [0.11522934521920741, 0.551367527775236, 0.3334031270055566], obstacle_weights: [1.0, 0.0, 0.0] }))
IMPLICIT_RESTORED_CONTACT_GUESS dt=1.01725260416666665e-6
IMPLICIT_LINE_SEARCH_REJECTION iteration=28 dt=1.01725260416666665e-6 weighted_residual_j=4.67676228153160087e-4 residual_budget_j=1.22070312500000008e-13 slope_j=-4.61272918855681197e-4 objective_noise_j=1.89880369318205855e-9 alpha=3.55271367880050093e-15 gap_trials=48 volume_trials=48 safe_trials=0 objective_trials=0 smallest_objective_change_j=inf smallest_trial_norm_j=inf
IMPLICIT_QUADRATURE_RETRY attempt=18 panels=20 reason="implicit contact path quadrature refinement"
IMPLICIT_STAGE_REJECTION stage="local contact quadrature" dt=1.01725260416666665e-6 error="closed surface contact gap"
IMPLICIT_INFEASIBLE_PREDICTOR dt=1.01725260416666665e-6 internal_gap_open=true volume_open=true ccd=Ok(Some(0.15092439309705147)) nearest=Ok(Some(PrescribedContactFeature { distance_m: 9.965530871428094e-5, gap_m: -3.4469128571906565e-7, body_face: [10, 7, 11], obstacle_face_index: 1308, body_weights: [0.11522934521920741, 0.551367527775236, 0.3334031270055566], obstacle_weights: [1.0, 0.0, 0.0] }))
IMPLICIT_RESTORED_CONTACT_GUESS dt=1.01725260416666665e-6
IMPLICIT_LINE_SEARCH_REJECTION iteration=29 dt=1.01725260416666665e-6 weighted_residual_j=4.67676228148984716e-4 residual_budget_j=1.22070312500000008e-13 slope_j=-4.68647091790259354e-4 objective_noise_j=1.89880369318357850e-9 alpha=3.55271367880050093e-15 gap_trials=48 volume_trials=48 safe_trials=0 objective_trials=0 smallest_objective_change_j=inf smallest_trial_norm_j=inf
IMPLICIT_QUADRATURE_RETRY attempt=19 panels=21 reason="implicit contact path quadrature refinement"
IMPLICIT_STAGE_REJECTION stage="local contact quadrature" dt=1.01725260416666665e-6 error="closed surface contact gap"
IMPLICIT_INFEASIBLE_PREDICTOR dt=1.01725260416666665e-6 internal_gap_open=true volume_open=true ccd=Ok(Some(0.15092439309705147)) nearest=Ok(Some(PrescribedContactFeature { distance_m: 9.965530871428094e-5, gap_m: -3.4469128571906565e-7, body_face: [10, 7, 11], obstacle_face_index: 1308, body_weights: [0.11522934521920741, 0.551367527775236, 0.3334031270055566], obstacle_weights: [1.0, 0.0, 0.0] }))
IMPLICIT_RESTORED_CONTACT_GUESS dt=1.01725260416666665e-6
IMPLICIT_LINE_SEARCH_REJECTION iteration=30 dt=1.01725260416666665e-6 weighted_residual_j=4.67676228160363581e-4 residual_budget_j=1.22070312500000008e-13 slope_j=-4.55571383413428494e-4 objective_noise_j=1.89880369317943970e-9 alpha=3.55271367880050093e-15 gap_trials=48 volume_trials=48 safe_trials=0 objective_trials=0 smallest_objective_change_j=inf smallest_trial_norm_j=inf
IMPLICIT_QUADRATURE_RETRY attempt=20 panels=22 reason="implicit contact path quadrature refinement"
IMPLICIT_STAGE_REJECTION stage="local contact quadrature" dt=1.01725260416666665e-6 error="closed surface contact gap"
IMPLICIT_INFEASIBLE_PREDICTOR dt=1.01725260416666665e-6 internal_gap_open=true volume_open=true ccd=Ok(Some(0.15092439309705147)) nearest=Ok(Some(PrescribedContactFeature { distance_m: 9.965530871428094e-5, gap_m: -3.4469128571906565e-7, body_face: [10, 7, 11], obstacle_face_index: 1308, body_weights: [0.11522934521920741, 0.551367527775236, 0.3334031270055566], obstacle_weights: [1.0, 0.0, 0.0] }))
IMPLICIT_RESTORED_CONTACT_GUESS dt=1.01725260416666665e-6
IMPLICIT_LINE_SEARCH_REJECTION iteration=28 dt=1.01725260416666665e-6 weighted_residual_j=4.67676228166231662e-4 residual_budget_j=1.22070312500000008e-13 slope_j=-5.11216374289075203e-4 objective_noise_j=1.89880369317730227e-9 alpha=3.55271367880050093e-15 gap_trials=48 volume_trials=48 safe_trials=0 objective_trials=0 smallest_objective_change_j=inf smallest_trial_norm_j=inf
IMPLICIT_QUADRATURE_RETRY attempt=21 panels=23 reason="implicit contact path quadrature refinement"
IMPLICIT_STAGE_REJECTION stage="local contact quadrature" dt=1.01725260416666665e-6 error="closed surface contact gap"
IMPLICIT_INFEASIBLE_PREDICTOR dt=1.01725260416666665e-6 internal_gap_open=true volume_open=true ccd=Ok(Some(0.15092439309705147)) nearest=Ok(Some(PrescribedContactFeature { distance_m: 9.965530871428094e-5, gap_m: -3.4469128571906565e-7, body_face: [10, 7, 11], obstacle_face_index: 1308, body_weights: [0.11522934521920741, 0.551367527775236, 0.3334031270055566], obstacle_weights: [1.0, 0.0, 0.0] }))
IMPLICIT_RESTORED_CONTACT_GUESS dt=1.01725260416666665e-6
IMPLICIT_LINE_SEARCH_REJECTION iteration=28 dt=1.01725260416666665e-6 weighted_residual_j=4.67676228154456034e-4 residual_budget_j=1.22070312500000008e-13 slope_j=-4.68438871827185426e-4 objective_noise_j=1.89880369318158830e-9 alpha=3.55271367880050093e-15 gap_trials=48 volume_trials=48 safe_trials=0 objective_trials=0 smallest_objective_change_j=inf smallest_trial_norm_j=inf
IMPLICIT_QUADRATURE_RETRY attempt=22 panels=24 reason="implicit contact path quadrature refinement"
IMPLICIT_STAGE_REJECTION stage="local contact quadrature" dt=1.01725260416666665e-6 error="closed surface contact gap"
IMPLICIT_INFEASIBLE_PREDICTOR dt=1.01725260416666665e-6 internal_gap_open=true volume_open=true ccd=Ok(Some(0.15092439309705147)) nearest=Ok(Some(PrescribedContactFeature { distance_m: 9.965530871428094e-5, gap_m: -3.4469128571906565e-7, body_face: [10, 7, 11], obstacle_face_index: 1308, body_weights: [0.11522934521920741, 0.551367527775236, 0.3334031270055566], obstacle_weights: [1.0, 0.0, 0.0] }))
IMPLICIT_RESTORED_CONTACT_GUESS dt=1.01725260416666665e-6
IMPLICIT_LINE_SEARCH_REJECTION iteration=28 dt=1.01725260416666665e-6 weighted_residual_j=4.67676228158651409e-4 residual_budget_j=1.22070312500000008e-13 slope_j=-4.48267503187381596e-4 objective_noise_j=1.89880369318006091e-9 alpha=3.55271367880050093e-15 gap_trials=48 volume_trials=48 safe_trials=0 objective_trials=0 smallest_objective_change_j=inf smallest_trial_norm_j=inf
IMPLICIT_QUADRATURE_RETRY attempt=23 panels=25 reason="implicit contact path quadrature refinement"
IMPLICIT_STAGE_REJECTION stage="local contact quadrature" dt=1.01725260416666665e-6 error="closed surface contact gap"
IMPLICIT_INFEASIBLE_PREDICTOR dt=1.01725260416666665e-6 internal_gap_open=true volume_open=true ccd=Ok(Some(0.15092439309705147)) nearest=Ok(Some(PrescribedContactFeature { distance_m: 9.965530871428094e-5, gap_m: -3.4469128571906565e-7, body_face: [10, 7, 11], obstacle_face_index: 1308, body_weights: [0.11522934521920741, 0.551367527775236, 0.3334031270055566], obstacle_weights: [1.0, 0.0, 0.0] }))
IMPLICIT_RESTORED_CONTACT_GUESS dt=1.01725260416666665e-6
IMPLICIT_LINE_SEARCH_REJECTION iteration=28 dt=1.01725260416666665e-6 weighted_residual_j=4.67676228157860971e-4 residual_budget_j=1.22070312500000008e-13 slope_j=-4.47024498841111181e-4 objective_noise_j=1.89880369318034918e-9 alpha=3.55271367880050093e-15 gap_trials=48 volume_trials=48 safe_trials=0 objective_trials=0 smallest_objective_change_j=inf smallest_trial_norm_j=inf
IMPLICIT_QUADRATURE_RETRY attempt=24 panels=26 reason="implicit contact path quadrature refinement"
IMPLICIT_STAGE_REJECTION stage="local contact quadrature" dt=1.01725260416666665e-6 error="closed surface contact gap"
IMPLICIT_INFEASIBLE_PREDICTOR dt=1.01725260416666665e-6 internal_gap_open=true volume_open=true ccd=Ok(Some(0.15092439309705147)) nearest=Ok(Some(PrescribedContactFeature { distance_m: 9.965530871428094e-5, gap_m: -3.4469128571906565e-7, body_face: [10, 7, 11], obstacle_face_index: 1308, body_weights: [0.11522934521920741, 0.551367527775236, 0.3334031270055566], obstacle_weights: [1.0, 0.0, 0.0] }))
IMPLICIT_RESTORED_CONTACT_GUESS dt=1.01725260416666665e-6
IMPLICIT_LINE_SEARCH_REJECTION iteration=27 dt=1.01725260416666665e-6 weighted_residual_j=4.67676228158093912e-4 residual_budget_j=1.22070312500000008e-13 slope_j=-4.68206770528011875e-4 objective_noise_j=1.89880369318026564e-9 alpha=3.55271367880050093e-15 gap_trials=48 volume_trials=48 safe_trials=0 objective_trials=0 smallest_objective_change_j=inf smallest_trial_norm_j=inf
IMPLICIT_QUADRATURE_RETRY attempt=25 panels=27 reason="implicit contact path quadrature refinement"
IMPLICIT_STAGE_REJECTION stage="local contact quadrature" dt=1.01725260416666665e-6 error="closed surface contact gap"
IMPLICIT_INFEASIBLE_PREDICTOR dt=1.01725260416666665e-6 internal_gap_open=true volume_open=true ccd=Ok(Some(0.15092439309705147)) nearest=Ok(Some(PrescribedContactFeature { distance_m: 9.965530871428094e-5, gap_m: -3.4469128571906565e-7, body_face: [10, 7, 11], obstacle_face_index: 1308, body_weights: [0.11522934521920741, 0.551367527775236, 0.3334031270055566], obstacle_weights: [1.0, 0.0, 0.0] }))
IMPLICIT_RESTORED_CONTACT_GUESS dt=1.01725260416666665e-6
IMPLICIT_LINE_SEARCH_REJECTION iteration=28 dt=1.01725260416666665e-6 weighted_residual_j=4.67676228157996984e-4 residual_budget_j=1.22070312500000008e-13 slope_j=-4.75452270894618221e-4 objective_noise_j=1.89880369318029831e-9 alpha=3.55271367880050093e-15 gap_trials=48 volume_trials=48 safe_trials=0 objective_trials=0 smallest_objective_change_j=inf smallest_trial_norm_j=inf
IMPLICIT_QUADRATURE_RETRY attempt=26 panels=28 reason="implicit contact path quadrature refinement"
IMPLICIT_STAGE_REJECTION stage="local contact quadrature" dt=1.01725260416666665e-6 error="closed surface contact gap"
IMPLICIT_INFEASIBLE_PREDICTOR dt=1.01725260416666665e-6 internal_gap_open=true volume_open=true ccd=Ok(Some(0.15092439309705147)) nearest=Ok(Some(PrescribedContactFeature { distance_m: 9.965530871428094e-5, gap_m: -3.4469128571906565e-7, body_face: [10, 7, 11], obstacle_face_index: 1308, body_weights: [0.11522934521920741, 0.551367527775236, 0.3334031270055566], obstacle_weights: [1.0, 0.0, 0.0] }))
IMPLICIT_RESTORED_CONTACT_GUESS dt=1.01725260416666665e-6
IMPLICIT_LINE_SEARCH_REJECTION iteration=27 dt=1.01725260416666665e-6 weighted_residual_j=4.67676228158509378e-4 residual_budget_j=1.22070312500000008e-13 slope_j=-4.67914252418856209e-4 objective_noise_j=1.89880369318011468e-9 alpha=3.55271367880050093e-15 gap_trials=48 volume_trials=48 safe_trials=0 objective_trials=0 smallest_objective_change_j=inf smallest_trial_norm_j=inf
IMPLICIT_QUADRATURE_RETRY attempt=27 panels=29 reason="implicit contact path quadrature refinement"
IMPLICIT_STAGE_REJECTION stage="local contact quadrature" dt=1.01725260416666665e-6 error="closed surface contact gap"
IMPLICIT_INFEASIBLE_PREDICTOR dt=1.01725260416666665e-6 internal_gap_open=true volume_open=true ccd=Ok(Some(0.15092439309705147)) nearest=Ok(Some(PrescribedContactFeature { distance_m: 9.965530871428094e-5, gap_m: -3.4469128571906565e-7, body_face: [10, 7, 11], obstacle_face_index: 1308, body_weights: [0.11522934521920741, 0.551367527775236, 0.3334031270055566], obstacle_weights: [1.0, 0.0, 0.0] }))
IMPLICIT_RESTORED_CONTACT_GUESS dt=1.01725260416666665e-6
IMPLICIT_LINE_SEARCH_REJECTION iteration=27 dt=1.01725260416666665e-6 weighted_residual_j=4.67676228158224884e-4 residual_budget_j=1.22070312500000008e-13 slope_j=-4.68079623598620972e-4 objective_noise_j=1.89880369318021808e-9 alpha=3.55271367880050093e-15 gap_trials=48 volume_trials=48 safe_trials=0 objective_trials=0 smallest_objective_change_j=inf smallest_trial_norm_j=inf
IMPLICIT_QUADRATURE_RETRY attempt=28 panels=30 reason="implicit contact path quadrature refinement"
IMPLICIT_STAGE_REJECTION stage="local contact quadrature" dt=1.01725260416666665e-6 error="closed surface contact gap"
IMPLICIT_INFEASIBLE_PREDICTOR dt=1.01725260416666665e-6 internal_gap_open=true volume_open=true ccd=Ok(Some(0.15092439309705147)) nearest=Ok(Some(PrescribedContactFeature { distance_m: 9.965530871428094e-5, gap_m: -3.4469128571906565e-7, body_face: [10, 7, 11], obstacle_face_index: 1308, body_weights: [0.11522934521920741, 0.551367527775236, 0.3334031270055566], obstacle_weights: [1.0, 0.0, 0.0] }))
IMPLICIT_RESTORED_CONTACT_GUESS dt=1.01725260416666665e-6
IMPLICIT_LINE_SEARCH_REJECTION iteration=28 dt=1.01725260416666665e-6 weighted_residual_j=4.67676228158298230e-4 residual_budget_j=1.22070312500000008e-13 slope_j=-5.12690064252123261e-4 objective_noise_j=1.89880369318018830e-9 alpha=3.55271367880050093e-15 gap_trials=48 volume_trials=48 safe_trials=0 objective_trials=0 smallest_objective_change_j=inf smallest_trial_norm_j=inf
IMPLICIT_QUADRATURE_RETRY attempt=29 panels=31 reason="implicit contact path quadrature refinement"
IMPLICIT_STAGE_REJECTION stage="local contact quadrature" dt=1.01725260416666665e-6 error="closed surface contact gap"
IMPLICIT_INFEASIBLE_PREDICTOR dt=1.01725260416666665e-6 internal_gap_open=true volume_open=true ccd=Ok(Some(0.15092439309705147)) nearest=Ok(Some(PrescribedContactFeature { distance_m: 9.965530871428094e-5, gap_m: -3.4469128571906565e-7, body_face: [10, 7, 11], obstacle_face_index: 1308, body_weights: [0.11522934521920741, 0.551367527775236, 0.3334031270055566], obstacle_weights: [1.0, 0.0, 0.0] }))
IMPLICIT_RESTORED_CONTACT_GUESS dt=1.01725260416666665e-6
IMPLICIT_LINE_SEARCH_REJECTION iteration=28 dt=1.01725260416666665e-6 weighted_residual_j=4.67676228158279094e-4 residual_budget_j=1.22070312500000008e-13 slope_j=-4.40534466028342565e-4 objective_noise_j=1.89880369318019574e-9 alpha=3.55271367880050093e-15 gap_trials=48 volume_trials=48 safe_trials=0 objective_trials=0 smallest_objective_change_j=inf smallest_trial_norm_j=inf
IMPLICIT_QUADRATURE_RETRY attempt=30 panels=32 reason="implicit contact path quadrature refinement"
IMPLICIT_STAGE_REJECTION stage="local contact quadrature" dt=1.01725260416666665e-6 error="closed surface contact gap"
IMPLICIT_INFEASIBLE_PREDICTOR dt=1.01725260416666665e-6 internal_gap_open=true volume_open=true ccd=Ok(Some(0.15092439309705147)) nearest=Ok(Some(PrescribedContactFeature { distance_m: 9.965530871428094e-5, gap_m: -3.4469128571906565e-7, body_face: [10, 7, 11], obstacle_face_index: 1308, body_weights: [0.11522934521920741, 0.551367527775236, 0.3334031270055566], obstacle_weights: [1.0, 0.0, 0.0] }))
IMPLICIT_RESTORED_CONTACT_GUESS dt=1.01725260416666665e-6
IMPLICIT_LINE_SEARCH_REJECTION iteration=28 dt=1.01725260416666665e-6 weighted_residual_j=4.67676228158285165e-4 residual_budget_j=1.22070312500000008e-13 slope_j=-4.66566350210756626e-4 objective_noise_j=1.89880369318019450e-9 alpha=3.55271367880050093e-15 gap_trials=48 volume_trials=48 safe_trials=0 objective_trials=0 smallest_objective_change_j=inf smallest_trial_norm_j=inf
IMPLICIT_QUADRATURE_RETRY attempt=31 panels=33 reason="implicit contact path quadrature refinement"
IMPLICIT_LINE_SEARCH_REJECTION iteration=36 dt=5.08626302083333326e-7 weighted_residual_j=5.72876741063618918e-3 residual_budget_j=6.10351562500000038e-14 slope_j=-5.69092195394165293e-3 objective_noise_j=1.29379456580290917e-9 alpha=3.55271367880050093e-15 gap_trials=48 volume_trials=48 safe_trials=0 objective_trials=0 smallest_objective_change_j=inf smallest_trial_norm_j=inf
IMPLICIT_QUADRATURE_RETRY attempt=0 panels=2 reason="implicit contact path quadrature refinement"
IMPLICIT_LINE_SEARCH_REJECTION iteration=42 dt=5.08626302083333326e-7 weighted_residual_j=4.83226706400879339e-3 residual_budget_j=6.10351562500000038e-14 slope_j=-4.76912661972471105e-3 objective_noise_j=1.48871563857618644e-9 alpha=3.55271367880050093e-15 gap_trials=48 volume_trials=48 safe_trials=0 objective_trials=0 smallest_objective_change_j=inf smallest_trial_norm_j=inf
IMPLICIT_QUADRATURE_RETRY attempt=1 panels=3 reason="implicit contact path quadrature refinement"
IMPLICIT_LINE_SEARCH_REJECTION iteration=27 dt=5.08626302083333326e-7 weighted_residual_j=4.02846546875978810e-3 residual_budget_j=6.10351562500000038e-14 slope_j=-1.65632616544312975e-4 objective_noise_j=1.68361755672098503e-9 alpha=3.55271367880050093e-15 gap_trials=48 volume_trials=48 safe_trials=0 objective_trials=0 smallest_objective_change_j=inf smallest_trial_norm_j=inf
IMPLICIT_QUADRATURE_RETRY attempt=2 panels=4 reason="implicit contact path quadrature refinement"
IMPLICIT_LINE_SEARCH_REJECTION iteration=25 dt=5.08626302083333326e-7 weighted_residual_j=3.33356101510398802e-3 residual_budget_j=6.10351562500000038e-14 slope_j=-1.37996954585076171e-3 objective_noise_j=1.87847742840824832e-9 alpha=3.55271367880050093e-15 gap_trials=48 volume_trials=48 safe_trials=0 objective_trials=0 smallest_objective_change_j=inf smallest_trial_norm_j=inf
IMPLICIT_QUADRATURE_RETRY attempt=3 panels=5 reason="implicit contact path quadrature refinement"
IMPLICIT_LINE_SEARCH_REJECTION iteration=45 dt=5.08626302083333326e-7 weighted_residual_j=2.59914484635406264e-3 residual_budget_j=6.10351562500000038e-14 slope_j=-3.34886632991979855e-4 objective_noise_j=2.07333774545242352e-9 alpha=3.55271367880050093e-15 gap_trials=48 volume_trials=48 safe_trials=0 objective_trials=0 smallest_objective_change_j=inf smallest_trial_norm_j=inf
IMPLICIT_QUADRATURE_RETRY attempt=4 panels=6 reason="implicit contact path quadrature refinement"
IMPLICIT_LINE_SEARCH_REJECTION iteration=35 dt=5.08626302083333326e-7 weighted_residual_j=2.00516617075255409e-3 residual_budget_j=6.10351562500000038e-14 slope_j=-2.14340755437704631e-5 objective_noise_j=2.26805125148440273e-9 alpha=7.10542735760100186e-15 gap_trials=47 volume_trials=47 safe_trials=0 objective_trials=0 smallest_objective_change_j=inf smallest_trial_norm_j=inf
IMPLICIT_QUADRATURE_RETRY attempt=5 panels=7 reason="implicit contact path quadrature refinement"
IMPLICIT_LINE_SEARCH_REJECTION iteration=39 dt=5.08626302083333326e-7 weighted_residual_j=1.48707544788212009e-3 residual_budget_j=6.10351562500000038e-14 slope_j=-1.90691541880760716e-4 objective_noise_j=2.46247578141831095e-9 alpha=3.55271367880050093e-15 gap_trials=48 volume_trials=48 safe_trials=0 objective_trials=0 smallest_objective_change_j=inf smallest_trial_norm_j=inf
IMPLICIT_QUADRATURE_RETRY attempt=6 panels=8 reason="implicit contact path quadrature refinement"
IMPLICIT_LINE_SEARCH_REJECTION iteration=41 dt=5.08626302083333326e-7 weighted_residual_j=1.05165664127370860e-3 residual_budget_j=6.10351562500000038e-14 slope_j=-8.98503435433736959e-4 objective_noise_j=2.65643623086309921e-9 alpha=3.55271367880050093e-15 gap_trials=48 volume_trials=48 safe_trials=0 objective_trials=0 smallest_objective_change_j=inf smallest_trial_norm_j=inf
IMPLICIT_QUADRATURE_RETRY attempt=7 panels=9 reason="implicit contact path quadrature refinement"
IMPLICIT_LINE_SEARCH_REJECTION iteration=38 dt=5.08626302083333326e-7 weighted_residual_j=6.89707085088502015e-4 residual_budget_j=6.10351562500000038e-14 slope_j=-2.01281737385526377e-4 objective_noise_j=2.84953115456170311e-9 alpha=3.55271367880050093e-15 gap_trials=48 volume_trials=48 safe_trials=0 objective_trials=0 smallest_objective_change_j=inf smallest_trial_norm_j=inf
IMPLICIT_QUADRATURE_RETRY attempt=8 panels=10 reason="implicit contact path quadrature refinement"
IMPLICIT_LINE_SEARCH_REJECTION iteration=32 dt=5.08626302083333326e-7 weighted_residual_j=4.07096957503595095e-4 residual_budget_j=6.10351562500000038e-14 slope_j=-4.98954044225020612e-6 objective_noise_j=3.04080311070663815e-9 alpha=1.42108547152020037e-14 gap_trials=46 volume_trials=46 safe_trials=0 objective_trials=0 smallest_objective_change_j=inf smallest_trial_norm_j=inf
IMPLICIT_QUADRATURE_RETRY attempt=9 panels=11 reason="implicit contact path quadrature refinement"
IMPLICIT_LINE_SEARCH_REJECTION iteration=62 dt=5.08626302083333326e-7 weighted_residual_j=2.01867062540987468e-4 residual_budget_j=6.10351562500000038e-14 slope_j=-3.16441039354361758e-5 objective_noise_j=3.22856923691593409e-9 alpha=3.55271367880050093e-15 gap_trials=48 volume_trials=48 safe_trials=0 objective_trials=0 smallest_objective_change_j=inf smallest_trial_norm_j=inf
IMPLICIT_QUADRATURE_RETRY attempt=10 panels=12 reason="implicit contact path quadrature refinement"
IMPLICIT_LINE_SEARCH_REJECTION iteration=51 dt=5.08626302083333326e-7 weighted_residual_j=7.16518122694788194e-5 residual_budget_j=6.10351562500000038e-14 slope_j=-4.76672859258051063e-7 objective_noise_j=3.40934746845958675e-9 alpha=5.68434188608080149e-14 gap_trials=44 volume_trials=44 safe_trials=0 objective_trials=0 smallest_objective_change_j=inf smallest_trial_norm_j=inf
IMPLICIT_QUADRATURE_RETRY attempt=11 panels=13 reason="implicit contact path quadrature refinement"
IMPLICIT_LINE_SEARCH_REJECTION iteration=41 dt=5.08626302083333326e-7 weighted_residual_j=9.79263508029741131e-6 residual_budget_j=6.10351562500000038e-14 slope_j=-5.84951605862428253e-8 objective_noise_j=3.57729040171978695e-9 alpha=2.27373675443232059e-13 gap_trials=42 volume_trials=42 safe_trials=0 objective_trials=0 smallest_objective_change_j=inf smallest_trial_norm_j=inf
IMPLICIT_QUADRATURE_RETRY attempt=12 panels=14 reason="implicit contact path quadrature refinement"
IMPLICIT_CONTACT_FRAME_DIFFERENCE dt=5.08626302083333326e-7 maximum_endpoint_roundoff_m=1.11022302462515654e-16 maximum_force_difference_n=3.24606239897548221e-1 objective_difference_j=-8.63586979704678015e-13
IMPLICIT_NONLINEAR_LIMIT dt=5.08626302083333326e-7 weighted_residual_j=1.16230854124443480e-15 residual_budget_j=6.10351562500000038e-14 residual_impulse_work_j=7.94307145769301875e-9 impulse_work_budget_j=7.62939453125000062e-11 maximum_residual_n=2.84642794867977500e-2 maximum_direction_m=3.98645179587681867e-19 maximum_diagonal_n_m=4.30115245492792560e16 minimum_inertia_n_m=6.78390084403200317e11
IMPLICIT_LAST_STEP alpha=1.00000000000000000e0 maximum_applied_increment_m=3.98648115691355946e-19
IMPLICIT_NONCONVERGED_WORK_REFINEMENT kind=contact dt=5.08626302083333326e-7 panels=15
IMPLICIT_QUADRATURE_RETRY attempt=13 panels=15 reason="implicit contact work defect"
IMPLICIT_CONTACT_FRAME_DIFFERENCE dt=5.08626302083333326e-7 maximum_endpoint_roundoff_m=2.77555756156289135e-17 maximum_force_difference_n=1.34143220941768959e0 objective_difference_j=-2.54486709483359164e-12
IMPLICIT_NONLINEAR_LIMIT dt=5.08626302083333326e-7 weighted_residual_j=7.92553625026853583e-16 residual_budget_j=6.10351562500000038e-14 residual_impulse_work_j=6.55906877269200251e-9 impulse_work_budget_j=7.62939453125000062e-11 maximum_residual_n=2.35046510788379237e-2 maximum_direction_m=2.74698567928277410e-19 maximum_diagonal_n_m=5.04943448015901200e16 minimum_inertia_n_m=6.78390084403200317e11
IMPLICIT_LAST_STEP alpha=9.76562500000000000e-4 maximum_applied_increment_m=2.64697796016968856e-22
IMPLICIT_NONCONVERGED_WORK_REFINEMENT kind=contact dt=5.08626302083333326e-7 panels=16
IMPLICIT_QUADRATURE_RETRY attempt=14 panels=16 reason="implicit contact work defect"
IMPLICIT_CONTACT_FRAME_DIFFERENCE dt=5.08626302083333326e-7 maximum_endpoint_roundoff_m=2.77555756156289135e-17 maximum_force_difference_n=3.45167479128576815e-1 objective_difference_j=-7.75705888411692968e-13
IMPLICIT_NONLINEAR_LIMIT dt=5.08626302083333326e-7 weighted_residual_j=4.91840148059258614e-15 residual_budget_j=6.10351562500000038e-14 residual_impulse_work_j=1.63395478849529784e-8 impulse_work_budget_j=7.62939453125000062e-11 maximum_residual_n=5.85533122648485005e-2 maximum_direction_m=2.23971193235432643e-19 maximum_diagonal_n_m=5.49028599507564240e16 minimum_inertia_n_m=6.78390084403200317e11
IMPLICIT_LAST_STEP alpha=1.95312500000000000e-3 maximum_applied_increment_m=4.36751363427998612e-22
IMPLICIT_NONCONVERGED_WORK_REFINEMENT kind=contact dt=5.08626302083333326e-7 panels=17
IMPLICIT_QUADRATURE_RETRY attempt=15 panels=17 reason="implicit contact work defect"
IMPLICIT_CONTACT_FRAME_DIFFERENCE dt=5.08626302083333326e-7 maximum_endpoint_roundoff_m=2.77555756156289135e-17 maximum_force_difference_n=2.31206859873782378e0 objective_difference_j=-2.18310786115338828e-12
IMPLICIT_NONLINEAR_LIMIT dt=5.08626302083333326e-7 weighted_residual_j=2.06502814583635070e-14 residual_budget_j=6.10351562500000038e-14 residual_impulse_work_j=-3.34803696423851429e-8 impulse_work_budget_j=7.62939453125000062e-11 maximum_residual_n=1.19978234433801845e-1 maximum_direction_m=4.95712085752219039e-19 maximum_diagonal_n_m=5.64535713204584480e16 minimum_inertia_n_m=6.78390084403200317e11
IMPLICIT_LAST_STEP alpha=1.00000000000000000e0 maximum_applied_increment_m=4.95712797490778425e-19
IMPLICIT_NONCONVERGED_WORK_REFINEMENT kind=contact dt=5.08626302083333326e-7 panels=18
IMPLICIT_QUADRATURE_RETRY attempt=16 panels=18 reason="implicit contact work defect"
IMPLICIT_CONTACT_FRAME_DIFFERENCE dt=5.08626302083333326e-7 maximum_endpoint_roundoff_m=2.77555756156289135e-17 maximum_force_difference_n=5.63182835452607833e-1 objective_difference_j=2.53116277937337486e-12
IMPLICIT_NONLINEAR_LIMIT dt=5.08626302083333326e-7 weighted_residual_j=4.54828516994222359e-8 residual_budget_j=6.10351562500000038e-14 residual_impulse_work_j=-4.95970491455815520e-5 impulse_work_budget_j=7.62939453125000062e-11 maximum_residual_n=1.78058752340220963e2 maximum_direction_m=1.91094560155848546e-15 maximum_diagonal_n_m=5.53815954157800480e16 minimum_inertia_n_m=6.78390084403200317e11
IMPLICIT_LAST_STEP alpha=1.00000000000000000e0 maximum_applied_increment_m=1.91094559692374068e-15
IMPLICIT_NONCONVERGED_WORK_REFINEMENT kind=contact dt=5.08626302083333326e-7 panels=19
IMPLICIT_QUADRATURE_RETRY attempt=17 panels=19 reason="implicit contact work defect"
IMPLICIT_CONTACT_FRAME_DIFFERENCE dt=5.08626302083333326e-7 maximum_endpoint_roundoff_m=2.77555756156289135e-17 maximum_force_difference_n=1.58229181218484882e0 objective_difference_j=1.67096891878770748e-12
IMPLICIT_NONLINEAR_LIMIT dt=5.08626302083333326e-7 weighted_residual_j=3.72855285100396877e-15 residual_budget_j=6.10351562500000038e-14 residual_impulse_work_j=1.42265043278277733e-8 impulse_work_budget_j=7.62939453125000062e-11 maximum_residual_n=5.09794708050321788e-2 maximum_direction_m=2.32361184890520776e-17 maximum_diagonal_n_m=5.67357238317967840e16 minimum_inertia_n_m=6.78390084403200317e11
IMPLICIT_LAST_STEP alpha=1.00000000000000000e0 maximum_applied_increment_m=2.32361254464351873e-17
IMPLICIT_NONCONVERGED_WORK_REFINEMENT kind=contact dt=5.08626302083333326e-7 panels=20
IMPLICIT_QUADRATURE_RETRY attempt=18 panels=20 reason="implicit contact work defect"
IMPLICIT_CONTACT_FRAME_DIFFERENCE dt=5.08626302083333326e-7 maximum_endpoint_roundoff_m=2.77555756156289135e-17 maximum_force_difference_n=1.13712861458770931e0 objective_difference_j=1.90906318531247621e-12
IMPLICIT_NONLINEAR_LIMIT dt=5.08626302083333326e-7 weighted_residual_j=7.53350751919719084e-14 residual_budget_j=6.10351562500000038e-14 residual_impulse_work_j=-6.39477659050816032e-8 impulse_work_budget_j=7.62939453125000062e-11 maximum_residual_n=2.29160570670501329e-1 maximum_direction_m=3.21525509689070877e-18 maximum_diagonal_n_m=5.67337645463912880e16 minimum_inertia_n_m=6.78390084403200317e11
IMPLICIT_LAST_STEP alpha=1.00000000000000000e0 maximum_applied_increment_m=3.21525765843851900e-18
IMPLICIT_NONCONVERGED_WORK_REFINEMENT kind=contact dt=5.08626302083333326e-7 panels=21
IMPLICIT_QUADRATURE_RETRY attempt=19 panels=21 reason="implicit contact work defect"
IMPLICIT_CONTACT_FRAME_DIFFERENCE dt=5.08626302083333326e-7 maximum_endpoint_roundoff_m=2.77555756156289135e-17 maximum_force_difference_n=1.01199999012169428e0 objective_difference_j=1.65455843470496688e-12
IMPLICIT_NONLINEAR_LIMIT dt=5.08626302083333326e-7 weighted_residual_j=9.12256979707427374e-16 residual_budget_j=6.10351562500000038e-14 residual_impulse_work_j=-7.03697936916274776e-9 impulse_work_budget_j=7.62939453125000062e-11 maximum_residual_n=2.52172705368138850e-2 maximum_direction_m=2.17751584377862643e-14 maximum_diagonal_n_m=5.67353127979328240e16 minimum_inertia_n_m=6.78390084403200317e11
IMPLICIT_LAST_STEP alpha=3.90625000000000000e-3 maximum_applied_increment_m=8.50592073819544502e-17
IMPLICIT_NONCONVERGED_WORK_REFINEMENT kind=contact dt=5.08626302083333326e-7 panels=22
IMPLICIT_QUADRATURE_RETRY attempt=20 panels=22 reason="implicit contact work defect"
IMPLICIT_CONTACT_FRAME_DIFFERENCE dt=5.08626302083333326e-7 maximum_endpoint_roundoff_m=2.77555756156289135e-17 maximum_force_difference_n=2.57915306225186214e-1 objective_difference_j=5.30887833694038136e-13
IMPLICIT_NONLINEAR_LIMIT dt=5.08626302083333326e-7 weighted_residual_j=8.62896810267641643e-13 residual_budget_j=6.10351562500000038e-14 residual_impulse_work_j=2.16426625389735449e-7 impulse_work_budget_j=7.62939453125000062e-11 maximum_residual_n=7.75566269468981773e-1 maximum_direction_m=8.13979616013921447e-18 maximum_diagonal_n_m=5.67413797018818000e16 minimum_inertia_n_m=6.78390084403200317e11
IMPLICIT_LAST_STEP alpha=1.00000000000000000e0 maximum_applied_increment_m=8.13980133465661438e-18
IMPLICIT_NONCONVERGED_WORK_REFINEMENT kind=contact dt=5.08626302083333326e-7 panels=23
IMPLICIT_QUADRATURE_RETRY attempt=21 panels=23 reason="implicit contact work defect"
IMPLICIT_CONTACT_FRAME_DIFFERENCE dt=5.08626302083333326e-7 maximum_endpoint_roundoff_m=2.77555756156289135e-17 maximum_force_difference_n=8.88649197368067689e-1 objective_difference_j=1.56429730280294166e-12
IMPLICIT_NONLINEAR_LIMIT dt=5.08626302083333326e-7 weighted_residual_j=1.31281340291904188e-16 residual_budget_j=6.10351562500000038e-14 residual_impulse_work_j=-2.66949585710404615e-9 impulse_work_budget_j=7.62939453125000062e-11 maximum_residual_n=9.56623359525110573e-3 maximum_direction_m=1.01133062152280690e-19 maximum_diagonal_n_m=5.67353625518113040e16 minimum_inertia_n_m=6.78390084403200317e11
IMPLICIT_LAST_STEP alpha=1.00000000000000000e0 maximum_applied_increment_m=1.01127792968282951e-19
IMPLICIT_NONCONVERGED_WORK_REFINEMENT kind=contact dt=5.08626302083333326e-7 panels=24
IMPLICIT_QUADRATURE_RETRY attempt=22 panels=24 reason="implicit contact work defect"
IMPLICIT_CONTACT_FRAME_DIFFERENCE dt=5.08626302083333326e-7 maximum_endpoint_roundoff_m=2.77555756156289135e-17 maximum_force_difference_n=8.42634153377730399e-1 objective_difference_j=1.53411311432094521e-12
IMPLICIT_NONLINEAR_LIMIT dt=5.08626302083333326e-7 weighted_residual_j=4.52811111911002382e-16 residual_budget_j=6.10351562500000038e-14 residual_impulse_work_j=-4.95776858847785663e-9 impulse_work_budget_j=7.62939453125000062e-11 maximum_residual_n=1.77663421782199293e-2 maximum_direction_m=8.45161090775334118e-20 maximum_diagonal_n_m=5.67353387774506800e16 minimum_inertia_n_m=6.78390084403200317e11
IMPLICIT_LAST_STEP alpha=1.00000000000000000e0 maximum_applied_increment_m=8.45180062682181557e-20
IMPLICIT_NONCONVERGED_WORK_REFINEMENT kind=contact dt=5.08626302083333326e-7 panels=25
IMPLICIT_QUADRATURE_RETRY attempt=23 panels=25 reason="implicit contact work defect"
IMPLICIT_WORK_COMPONENTS origin=[-0.08490929095947551, 0.6107157065728849, -0.10443819636097283] dt=5.08626302083333326e-7 non_surface_potential_defect_j=2.32259822268918170e-16 prescribed_surface_defect_j=1.68942302967468871e-7 kinematic_defect_j=-6.48871881684664732e-11 arithmetic_remainder_j=1.29309371562460350e-15
IMPLICIT_ENDPOINT_COMPARISON dt=5.08626302083333326e-7 maximum_endpoint_change_m=4.44089209850062616e-16 discarded_impulse_endpoint_energy_change_j=Ok(2.3498559751367054e-6)
IMPLICIT_WORK_REJECTION dt=5.08626302083333326e-7 defect_j=1.68877417304653943e-7 budget_j=6.10351562500000050e-10 maximum_kinematic_residual_m=4.23020827004108395e-16
IMPLICIT_QUADRATURE_RETRY attempt=24 panels=26 reason="implicit contact work defect"
IMPLICIT_CONTACT_FRAME_DIFFERENCE dt=5.08626302083333326e-7 maximum_endpoint_roundoff_m=2.77555756156289135e-17 maximum_force_difference_n=8.05538107641041279e-1 objective_difference_j=1.51358092725928373e-12
IMPLICIT_NONLINEAR_LIMIT dt=5.08626302083333326e-7 weighted_residual_j=3.61310144246763729e-16 residual_budget_j=6.10351562500000038e-14 residual_impulse_work_j=-4.42861370445850476e-9 impulse_work_budget_j=7.62939453125000062e-11 maximum_residual_n=1.58700961619615555e-2 maximum_direction_m=1.37028562357524789e-14 maximum_diagonal_n_m=5.67353454949020880e16 minimum_inertia_n_m=6.78390084403200317e11
IMPLICIT_LAST_STEP alpha=1.25000000000000000e-1 maximum_applied_increment_m=1.71285702927586171e-15
IMPLICIT_NONCONVERGED_WORK_REFINEMENT kind=contact dt=5.08626302083333326e-7 panels=27
IMPLICIT_QUADRATURE_RETRY attempt=25 panels=27 reason="implicit contact work defect"
IMPLICIT_CONTACT_FRAME_DIFFERENCE dt=5.08626302083333326e-7 maximum_endpoint_roundoff_m=2.77555756156289135e-17 maximum_force_difference_n=8.09671298877219670e-1 objective_difference_j=1.51598872344393953e-12
IMPLICIT_NONLINEAR_LIMIT dt=5.08626302083333326e-7 weighted_residual_j=3.81437084099696492e-16 residual_budget_j=6.10351562500000038e-14 residual_impulse_work_j=-4.55029105765080311e-9 impulse_work_budget_j=7.62939453125000062e-11 maximum_residual_n=1.63061315688537434e-2 maximum_direction_m=7.78535021937958494e-20 maximum_diagonal_n_m=5.67353440108514240e16 minimum_inertia_n_m=6.78390084403200317e11
IMPLICIT_LAST_STEP alpha=1.00000000000000000e0 maximum_applied_increment_m=7.78476218085905405e-20
IMPLICIT_NONCONVERGED_WORK_REFINEMENT kind=contact dt=5.08626302083333326e-7 panels=28
IMPLICIT_QUADRATURE_RETRY attempt=26 panels=28 reason="implicit contact work defect"
IMPLICIT_CONTACT_FRAME_DIFFERENCE dt=5.08626302083333326e-7 maximum_endpoint_roundoff_m=2.77555756156289135e-17 maximum_force_difference_n=8.10536092991242185e-1 objective_difference_j=1.51650914048673258e-12
IMPLICIT_NONLINEAR_LIMIT dt=5.08626302083333326e-7 weighted_residual_j=3.52153301990210187e-16 residual_budget_j=6.10351562500000038e-14 residual_impulse_work_j=-4.37213542394980979e-9 impulse_work_budget_j=7.62939453125000062e-11 maximum_residual_n=1.56677043705713004e-2 maximum_direction_m=7.48000371441113077e-20 maximum_diagonal_n_m=5.67353461831752000e16 minimum_inertia_n_m=6.78390084403200317e11
IMPLICIT_LAST_STEP alpha=1.00000000000000000e0 maximum_applied_increment_m=7.48035971543953987e-20
IMPLICIT_NONCONVERGED_WORK_REFINEMENT kind=contact dt=5.08626302083333326e-7 panels=29
IMPLICIT_QUADRATURE_RETRY attempt=27 panels=29 reason="implicit contact work defect"
IMPLICIT_CONTACT_FRAME_DIFFERENCE dt=5.08626302083333326e-7 maximum_endpoint_roundoff_m=2.77555756156289135e-17 maximum_force_difference_n=9.13661885948386043e-1 objective_difference_j=1.66289204628355947e-12
IMPLICIT_NONLINEAR_LIMIT dt=5.08626302083333326e-7 weighted_residual_j=2.38465852595847027e-14 residual_budget_j=6.10351562500000038e-14 residual_impulse_work_j=-3.59782729576335335e-8 impulse_work_budget_j=7.62939453125000062e-11 maximum_residual_n=1.28928168021957390e-1 maximum_direction_m=1.72260393826304448e-17 maximum_diagonal_n_m=5.67345340410060160e16 minimum_inertia_n_m=6.78390084403200317e11
IMPLICIT_LAST_STEP alpha=1.00000000000000000e0 maximum_applied_increment_m=1.72260296389719009e-17
IMPLICIT_NONCONVERGED_WORK_REFINEMENT kind=contact dt=5.08626302083333326e-7 panels=30
IMPLICIT_QUADRATURE_RETRY attempt=28 panels=30 reason="implicit contact work defect"
IMPLICIT_LINE_SEARCH_REJECTION iteration=58 dt=5.08626302083333326e-7 weighted_residual_j=1.57087763661044051e-17 residual_budget_j=6.10351562500000038e-14 slope_j=-1.67855621840475343e-19 objective_noise_j=3.67579358251422995e-9 alpha=5.96046447753906250e-8 gap_trials=24 volume_trials=24 safe_trials=24 objective_trials=24 smallest_objective_change_j=2.64677169070637319e-13 smallest_trial_norm_j=3.76590905667444139e-14
IMPLICIT_LINE_SEARCH_REJECTION iteration=43 dt=2.54313151041666663e-7 weighted_residual_j=2.12059037693224052e-3 residual_budget_j=3.05175781250000019e-14 slope_j=-2.10424803297591060e-3 objective_noise_j=1.29384187131795432e-9 alpha=3.55271367880050093e-15 gap_trials=48 volume_trials=48 safe_trials=0 objective_trials=0 smallest_objective_change_j=inf smallest_trial_norm_j=inf
IMPLICIT_QUADRATURE_RETRY attempt=0 panels=2 reason="implicit contact path quadrature refinement"
IMPLICIT_LINE_SEARCH_REJECTION iteration=41 dt=2.54313151041666663e-7 weighted_residual_j=1.89339037852121980e-3 residual_budget_j=3.05175781250000019e-14 slope_j=-1.87117038731286702e-3 objective_noise_j=1.48877859571354972e-9 alpha=3.55271367880050093e-15 gap_trials=48 volume_trials=48 safe_trials=0 objective_trials=0 smallest_objective_change_j=inf smallest_trial_norm_j=inf
IMPLICIT_QUADRATURE_RETRY attempt=1 panels=3 reason="implicit contact path quadrature refinement"
IMPLICIT_LINE_SEARCH_REJECTION iteration=45 dt=2.54313151041666663e-7 weighted_residual_j=1.56720379847859539e-3 residual_budget_j=3.05175781250000019e-14 slope_j=-1.54911188511543314e-3 objective_noise_j=1.68371565377929073e-9 alpha=3.55271367880050093e-15 gap_trials=48 volume_trials=48 safe_trials=0 objective_trials=0 smallest_objective_change_j=inf smallest_trial_norm_j=inf
IMPLICIT_QUADRATURE_RETRY attempt=2 panels=4 reason="implicit contact path quadrature refinement"
IMPLICIT_LINE_SEARCH_REJECTION iteration=50 dt=2.54313151041666663e-7 weighted_residual_j=2.14533914593861234e-3 residual_budget_j=3.05175781250000019e-14 slope_j=-1.38613554729067907e-3 objective_noise_j=1.87865098909505778e-9 alpha=3.55271367880050093e-15 gap_trials=48 volume_trials=48 safe_trials=0 objective_trials=0 smallest_objective_change_j=inf smallest_trial_norm_j=inf
IMPLICIT_QUADRATURE_RETRY attempt=3 panels=5 reason="implicit contact path quadrature refinement"
IMPLICIT_LINE_SEARCH_REJECTION iteration=32 dt=2.54313151041666663e-7 weighted_residual_j=1.11107509770931178e-3 residual_budget_j=3.05175781250000019e-14 slope_j=-1.12354182094189306e-3 objective_noise_j=2.07358916192699711e-9 alpha=3.55271367880050093e-15 gap_trials=48 volume_trials=48 safe_trials=0 objective_trials=0 smallest_objective_change_j=inf smallest_trial_norm_j=inf
IMPLICIT_QUADRATURE_RETRY attempt=4 panels=6 reason="implicit contact path quadrature refinement"
IMPLICIT_LINE_SEARCH_REJECTION iteration=29 dt=2.54313151041666663e-7 weighted_residual_j=9.14397079070128653e-4 residual_budget_j=3.05175781250000019e-14 slope_j=-3.93497320156602323e-4 objective_noise_j=2.26852567889717759e-9 alpha=3.55271367880050093e-15 gap_trials=48 volume_trials=48 safe_trials=0 objective_trials=0 smallest_objective_change_j=inf smallest_trial_norm_j=inf
IMPLICIT_QUADRATURE_RETRY attempt=5 panels=7 reason="implicit contact path quadrature refinement"
IMPLICIT_LINE_SEARCH_REJECTION iteration=25 dt=2.54313151041666663e-7 weighted_residual_j=7.37548823103854477e-4 residual_budget_j=3.05175781250000019e-14 slope_j=-2.00818020538940029e-4 objective_noise_j=2.46346228648944564e-9 alpha=3.55271367880050093e-15 gap_trials=48 volume_trials=48 safe_trials=0 objective_trials=0 smallest_objective_change_j=inf smallest_trial_norm_j=inf
IMPLICIT_QUADRATURE_RETRY attempt=6 panels=8 reason="implicit contact path quadrature refinement"
IMPLICIT_LINE_SEARCH_REJECTION iteration=30 dt=2.54313151041666663e-7 weighted_residual_j=5.80376629798077907e-4 residual_budget_j=3.05175781250000019e-14 slope_j=-7.25980784720752582e-5 objective_noise_j=2.65839908145691102e-9 alpha=3.55271367880050093e-15 gap_trials=48 volume_trials=48 safe_trials=0 objective_trials=0 smallest_objective_change_j=inf smallest_trial_norm_j=inf
IMPLICIT_QUADRATURE_RETRY attempt=7 panels=9 reason="implicit contact path quadrature refinement"
IMPLICIT_LINE_SEARCH_REJECTION iteration=43 dt=2.54313151041666663e-7 weighted_residual_j=4.38756656408786753e-4 residual_budget_j=3.05175781250000019e-14 slope_j=-8.60224623022193307e-5 objective_noise_j=2.85333500634043127e-9 alpha=3.55271367880050093e-15 gap_trials=48 volume_trials=48 safe_trials=0 objective_trials=0 smallest_objective_change_j=inf smallest_trial_norm_j=inf
IMPLICIT_QUADRATURE_RETRY attempt=8 panels=10 reason="implicit contact path quadrature refinement"
IMPLICIT_LINE_SEARCH_REJECTION iteration=31 dt=2.54313151041666663e-7 weighted_residual_j=3.18668838746293914e-4 residual_budget_j=3.05175781250000019e-14 slope_j=-3.25760723137342187e-5 objective_noise_j=3.04827511436564801e-9 alpha=3.55271367880050093e-15 gap_trials=48 volume_trials=48 safe_trials=0 objective_trials=0 smallest_objective_change_j=inf smallest_trial_norm_j=inf
IMPLICIT_QUADRATURE_RETRY attempt=9 panels=11 reason="implicit contact path quadrature refinement"
IMPLICIT_LINE_SEARCH_REJECTION iteration=69 dt=2.54313151041666663e-7 weighted_residual_j=2.17616817896317037e-4 residual_budget_j=3.05175781250000019e-14 slope_j=-2.13567040828155781e-4 objective_noise_j=3.24321708621724718e-9 alpha=3.55271367880050093e-15 gap_trials=48 volume_trials=48 safe_trials=0 objective_trials=0 smallest_objective_change_j=inf smallest_trial_norm_j=inf
IMPLICIT_QUADRATURE_RETRY attempt=10 panels=12 reason="implicit contact path quadrature refinement"
IMPLICIT_LINE_SEARCH_REJECTION iteration=50 dt=2.54313151041666663e-7 weighted_residual_j=1.35844273979277724e-4 residual_budget_j=3.05175781250000019e-14 slope_j=-2.67676205894766138e-5 objective_noise_j=3.43815952348184513e-9 alpha=3.55271367880050093e-15 gap_trials=48 volume_trials=48 safe_trials=0 objective_trials=0 smallest_objective_change_j=inf smallest_trial_norm_j=inf
IMPLICIT_QUADRATURE_RETRY attempt=11 panels=13 reason="implicit contact path quadrature refinement"
IMPLICIT_CONTACT_FRAME_DIFFERENCE dt=2.54313151041666663e-7 maximum_endpoint_roundoff_m=1.11022302462515654e-16 maximum_force_difference_n=2.01707672163320240e0 objective_difference_j=-5.06594766136458929e-12
IMPLICIT_NONLINEAR_LIMIT dt=2.54313151041666663e-7 weighted_residual_j=7.32514328904197525e-5 residual_budget_j=3.05175781250000019e-14 residual_impulse_work_j=-9.85359811598238156e-4 impulse_work_budget_j=3.81469726562500031e-11 maximum_residual_n=1.42725459668258991e4 maximum_direction_m=3.22702248014689215e-9 maximum_diagonal_n_m=3.09024638300842800e16 minimum_inertia_n_m=2.71356033761280127e12
IMPLICIT_LAST_STEP alpha=7.10542735760100186e-15 maximum_applied_increment_m=1.98523347012726642e-23
IMPLICIT_NONCONVERGED_WORK_REFINEMENT kind=contact dt=2.54313151041666663e-7 panels=14
IMPLICIT_QUADRATURE_RETRY attempt=12 panels=14 reason="implicit contact work defect"
IMPLICIT_LINE_SEARCH_REJECTION iteration=63 dt=2.54313151041666663e-7 weighted_residual_j=2.98314166594273543e-5 residual_budget_j=3.05175781250000019e-14 slope_j=-5.77871768417362272e-6 objective_noise_j=3.82805852815942261e-9 alpha=3.55271367880050093e-15 gap_trials=48 volume_trials=48 safe_trials=0 objective_trials=0 smallest_objective_change_j=inf smallest_trial_norm_j=inf
IMPLICIT_QUADRATURE_RETRY attempt=13 panels=15 reason="implicit contact path quadrature refinement"
IMPLICIT_CONTACT_FRAME_DIFFERENCE dt=2.54313151041666663e-7 maximum_endpoint_roundoff_m=2.77555756156289135e-17 maximum_force_difference_n=2.36863734413054772e0 objective_difference_j=-1.10723236135257252e-12
IMPLICIT_NONLINEAR_LIMIT dt=2.54313151041666663e-7 weighted_residual_j=5.59511599472186796e-6 residual_budget_j=3.05175781250000019e-14 residual_impulse_work_j=-3.01640221547266364e-4 impulse_work_budget_j=3.81469726562500031e-11 maximum_residual_n=3.94966904336476000e3 maximum_direction_m=8.01226511237970909e-10 maximum_diagonal_n_m=1.23597231118117824e17 minimum_inertia_n_m=2.71356033761280127e12
IMPLICIT_LAST_STEP alpha=2.84217094304040074e-14 maximum_applied_increment_m=1.98523347012726642e-23
IMPLICIT_NONCONVERGED_WORK_REFINEMENT kind=contact dt=2.54313151041666663e-7 panels=16
IMPLICIT_QUADRATURE_RETRY attempt=14 panels=16 reason="implicit contact work defect"
IMPLICIT_CONTACT_FRAME_DIFFERENCE dt=2.54313151041666663e-7 maximum_endpoint_roundoff_m=1.11022302462515654e-16 maximum_force_difference_n=2.01678936321695801e0 objective_difference_j=2.56104859541750329e-12
IMPLICIT_NONLINEAR_LIMIT dt=2.54313151041666663e-7 weighted_residual_j=2.66046421704775389e-14 residual_budget_j=3.05175781250000019e-14 residual_impulse_work_j=-2.15715895692341332e-8 impulse_work_budget_j=3.81469726562500031e-11 maximum_residual_n=2.72362657735357061e-1 maximum_direction_m=5.87958933262198215e-14 maximum_diagonal_n_m=2.22573401573096320e17 minimum_inertia_n_m=2.71356033761280127e12
IMPLICIT_LAST_STEP alpha=1.95312500000000000e-3 maximum_applied_increment_m=1.14835730817838220e-16
IMPLICIT_NONCONVERGED_WORK_REFINEMENT kind=contact dt=2.54313151041666663e-7 panels=17
IMPLICIT_QUADRATURE_RETRY attempt=15 panels=17 reason="implicit contact work defect"
IMPLICIT_CONTACT_FRAME_DIFFERENCE dt=2.54313151041666663e-7 maximum_endpoint_roundoff_m=2.77555756156289135e-17 maximum_force_difference_n=3.35683933543623425e0 objective_difference_j=1.00378039213921966e-13
IMPLICIT_NONLINEAR_LIMIT dt=2.54313151041666663e-7 weighted_residual_j=1.12269833347292166e-15 residual_budget_j=3.05175781250000019e-14 residual_impulse_work_j=4.43135356649223885e-9 impulse_work_budget_j=3.81469726562500031e-11 maximum_residual_n=5.59500386007130146e-2 maximum_direction_m=1.23559792965506996e-14 maximum_diagonal_n_m=2.72687042120390016e17 minimum_inertia_n_m=2.71356033761280127e12
IMPLICIT_LAST_STEP alpha=6.25000000000000000e-2 maximum_applied_increment_m=7.72248706126238681e-16
IMPLICIT_NONCONVERGED_WORK_REFINEMENT kind=contact dt=2.54313151041666663e-7 panels=18
IMPLICIT_QUADRATURE_RETRY attempt=16 panels=18 reason="implicit contact work defect"
IMPLICIT_CONTACT_FRAME_DIFFERENCE dt=2.54313151041666663e-7 maximum_endpoint_roundoff_m=1.11022302462515654e-16 maximum_force_difference_n=8.63063990777300205e0 objective_difference_j=-1.76573339283336850e-12
IMPLICIT_NONLINEAR_LIMIT dt=2.54313151041666663e-7 weighted_residual_j=1.04052803879033113e-16 residual_budget_j=3.05175781250000019e-14 residual_impulse_work_j=1.34900864218908450e-9 impulse_work_budget_j=3.81469726562500031e-11 maximum_residual_n=1.70148740726290271e-2 maximum_direction_m=1.69721500224320081e-17 maximum_diagonal_n_m=3.08795304069027200e17 minimum_inertia_n_m=2.71356033761280127e12
IMPLICIT_LAST_STEP alpha=6.10351562500000000e-5 maximum_applied_increment_m=1.03232140446617854e-21
IMPLICIT_NONCONVERGED_WORK_REFINEMENT kind=contact dt=2.54313151041666663e-7 panels=19
IMPLICIT_QUADRATURE_RETRY attempt=17 panels=19 reason="implicit contact work defect"
IMPLICIT_CONTACT_FRAME_DIFFERENCE dt=2.54313151041666663e-7 maximum_endpoint_roundoff_m=2.77555756156289135e-17 maximum_force_difference_n=1.56696715479483828e0 objective_difference_j=-5.49948975248071292e-13
IMPLICIT_NONLINEAR_LIMIT dt=2.54313151041666663e-7 weighted_residual_j=1.32554500605306380e-9 residual_budget_j=3.05175781250000019e-14 residual_impulse_work_j=4.81771364932109019e-6 impulse_work_budget_j=3.81469726562500031e-11 maximum_residual_n=6.07947518981818575e1 maximum_direction_m=1.12192119577991826e-16 maximum_diagonal_n_m=3.28616558575013120e17 minimum_inertia_n_m=2.71356033761280127e12
IMPLICIT_LAST_STEP alpha=1.00000000000000000e0 maximum_applied_increment_m=1.12192121137122847e-16
IMPLICIT_NONCONVERGED_WORK_REFINEMENT kind=contact dt=2.54313151041666663e-7 panels=20
IMPLICIT_QUADRATURE_RETRY attempt=18 panels=20 reason="implicit contact work defect"
IMPLICIT_CONTACT_FRAME_DIFFERENCE dt=2.54313151041666663e-7 maximum_endpoint_roundoff_m=2.77555756156289135e-17 maximum_force_difference_n=6.39408030708727892e0 objective_difference_j=2.99797686675873365e-12
IMPLICIT_NONLINEAR_LIMIT dt=2.54313151041666663e-7 weighted_residual_j=1.55566722766213539e-13 residual_budget_j=3.05175781250000019e-14 residual_impulse_work_j=-5.21627476591768593e-8 impulse_work_budget_j=3.81469726562500031e-11 maximum_residual_n=6.58608305486268364e-1 maximum_direction_m=2.00166201093402658e-18 maximum_diagonal_n_m=3.30491156641831360e17 minimum_inertia_n_m=2.71356033761280127e12
IMPLICIT_LAST_STEP alpha=1.00000000000000000e0 maximum_applied_increment_m=2.00166458581501976e-18
IMPLICIT_NONCONVERGED_WORK_REFINEMENT kind=contact dt=2.54313151041666663e-7 panels=21
IMPLICIT_QUADRATURE_RETRY attempt=19 panels=21 reason="implicit contact work defect"
IMPLICIT_CONTACT_FRAME_DIFFERENCE dt=2.54313151041666663e-7 maximum_endpoint_roundoff_m=2.77555756156289135e-17 maximum_force_difference_n=8.00543746382754762e0 objective_difference_j=3.48299861174794501e-12
IMPLICIT_NONLINEAR_LIMIT dt=2.54313151041666663e-7 weighted_residual_j=1.52222281745779173e-13 residual_budget_j=3.05175781250000019e-14 residual_impulse_work_j=5.15996047519903498e-8 impulse_work_budget_j=3.81469726562500031e-11 maximum_residual_n=6.51490317090065219e-1 maximum_direction_m=1.17368901641377969e-18 maximum_diagonal_n_m=3.31079073874999552e17 minimum_inertia_n_m=2.71356033761280127e12
IMPLICIT_LAST_STEP alpha=1.00000000000000000e0 maximum_applied_increment_m=1.17368987987394118e-18
IMPLICIT_NONCONVERGED_WORK_REFINEMENT kind=contact dt=2.54313151041666663e-7 panels=22
IMPLICIT_QUADRATURE_RETRY attempt=20 panels=22 reason="implicit contact work defect"
IMPLICIT_CONTACT_FRAME_DIFFERENCE dt=2.54313151041666663e-7 maximum_endpoint_roundoff_m=2.77555756156289135e-17 maximum_force_difference_n=8.54721061106829438e0 objective_difference_j=3.49627965468002344e-12
IMPLICIT_NONLINEAR_LIMIT dt=2.54313151041666663e-7 weighted_residual_j=1.30637147127570195e-13 residual_budget_j=3.05175781250000019e-14 residual_impulse_work_j=4.78013779954418647e-8 impulse_work_budget_j=3.81469726562500031e-11 maximum_residual_n=6.03534631969523616e-1 maximum_direction_m=1.07557340134811907e-18 maximum_diagonal_n_m=3.31078418751475968e17 minimum_inertia_n_m=2.71356033761280127e12
IMPLICIT_LAST_STEP alpha=1.00000000000000000e0 maximum_applied_increment_m=1.07557302433535125e-18
IMPLICIT_NONCONVERGED_WORK_REFINEMENT kind=contact dt=2.54313151041666663e-7 panels=23
IMPLICIT_QUADRATURE_RETRY attempt=21 panels=23 reason="implicit contact work defect"
IMPLICIT_CONTACT_FRAME_DIFFERENCE dt=2.54313151041666663e-7 maximum_endpoint_roundoff_m=2.77555756156289135e-17 maximum_force_difference_n=1.04428465204691747e1 objective_difference_j=4.12515160919113555e-12
IMPLICIT_NONLINEAR_LIMIT dt=2.54313151041666663e-7 weighted_residual_j=6.13728132632029863e-13 residual_budget_j=3.05175781250000019e-14 residual_impulse_work_j=-1.03606635152543138e-7 impulse_work_budget_j=3.81469726562500031e-11 maximum_residual_n=1.30814796227787156e0 maximum_direction_m=1.41255214844194885e-19 maximum_diagonal_n_m=3.30994972010320960e17 minimum_inertia_n_m=2.71356033761280127e12
IMPLICIT_LAST_STEP alpha=1.00000000000000000e0 maximum_applied_increment_m=1.41255978844455430e-19
IMPLICIT_NONCONVERGED_WORK_REFINEMENT kind=contact dt=2.54313151041666663e-7 panels=24
IMPLICIT_QUADRATURE_RETRY attempt=22 panels=24 reason="implicit contact work defect"
IMPLICIT_CONTACT_FRAME_DIFFERENCE dt=2.54313151041666663e-7 maximum_endpoint_roundoff_m=2.77555756156289135e-17 maximum_force_difference_n=9.38518687707255594e0 objective_difference_j=3.73573394440995799e-12
IMPLICIT_NONLINEAR_LIMIT dt=2.54313151041666663e-7 weighted_residual_j=7.69746313404162203e-15 residual_budget_j=3.05175781250000019e-14 residual_impulse_work_j=-1.16032040963085513e-8 impulse_work_budget_j=3.81469726562500031e-11 maximum_residual_n=1.46501699375221506e-1 maximum_direction_m=9.18474895197300442e-20 maximum_diagonal_n_m=3.31046219399127872e17 minimum_inertia_n_m=2.71356033761280127e12
IMPLICIT_LAST_STEP alpha=5.00000000000000000e-1 maximum_applied_increment_m=4.59250676089440965e-20
IMPLICIT_NONCONVERGED_WORK_REFINEMENT kind=contact dt=2.54313151041666663e-7 panels=25
IMPLICIT_QUADRATURE_RETRY attempt=23 panels=25 reason="implicit contact work defect"
IMPLICIT_CONTACT_FRAME_DIFFERENCE dt=2.54313151041666663e-7 maximum_endpoint_roundoff_m=2.77555756156289135e-17 maximum_force_difference_n=9.45349352865014225e0 objective_difference_j=3.74341529996158329e-12
IMPLICIT_NONLINEAR_LIMIT dt=2.54313151041666663e-7 weighted_residual_j=7.89934679055243204e-15 residual_budget_j=3.05175781250000019e-14 residual_impulse_work_j=-1.17543794207705638e-8 impulse_work_budget_j=3.81469726562500031e-11 maximum_residual_n=1.48410436930134892e-1 maximum_direction_m=9.24653331751667390e-20 maximum_diagonal_n_m=3.31046184573713664e17 minimum_inertia_n_m=2.71356033761280127e12
IMPLICIT_LAST_STEP alpha=2.50000000000000000e-1 maximum_applied_increment_m=2.31147350371818053e-20
IMPLICIT_NONCONVERGED_WORK_REFINEMENT kind=contact dt=2.54313151041666663e-7 panels=26
IMPLICIT_QUADRATURE_RETRY attempt=24 panels=26 reason="implicit contact work defect"
IMPLICIT_CONTACT_FRAME_DIFFERENCE dt=2.54313151041666663e-7 maximum_endpoint_roundoff_m=2.77555756156289135e-17 maximum_force_difference_n=9.50749821364297532e0 objective_difference_j=3.74884151499443874e-12
IMPLICIT_NONLINEAR_LIMIT dt=2.54313151041666663e-7 weighted_residual_j=7.70871955102218036e-15 residual_budget_j=3.05175781250000019e-14 residual_impulse_work_j=-1.16116849823367629e-8 impulse_work_budget_j=3.81469726562500031e-11 maximum_residual_n=1.46608778508380055e-1 maximum_direction_m=3.16500165326590274e-14 maximum_diagonal_n_m=3.31046218551130496e17 minimum_inertia_n_m=2.71356033761280127e12
IMPLICIT_LAST_STEP alpha=3.90625000000000000e-3 maximum_applied_increment_m=1.23632876041678474e-16
IMPLICIT_NONCONVERGED_WORK_REFINEMENT kind=contact dt=2.54313151041666663e-7 panels=27
IMPLICIT_QUADRATURE_RETRY attempt=25 panels=27 reason="implicit contact work defect"
IMPLICIT_CONTACT_FRAME_DIFFERENCE dt=2.54313151041666663e-7 maximum_endpoint_roundoff_m=2.77555756156289135e-17 maximum_force_difference_n=4.80837146656995174e0 objective_difference_j=1.88996734928892351e-12
IMPLICIT_NONLINEAR_LIMIT dt=2.54313151041666663e-7 weighted_residual_j=1.61492286610889422e-9 residual_budget_j=3.05175781250000019e-14 residual_impulse_work_j=5.31795228522000429e-6 impulse_work_budget_j=3.81469726562500031e-11 maximum_residual_n=6.71034336637821980e1 maximum_direction_m=1.23774603808325192e-16 maximum_diagonal_n_m=3.34024874418218944e17 minimum_inertia_n_m=2.71356033761280127e12
IMPLICIT_LAST_STEP alpha=1.00000000000000000e0 maximum_applied_increment_m=1.23774601859110860e-16
IMPLICIT_NONCONVERGED_WORK_REFINEMENT kind=contact dt=2.54313151041666663e-7 panels=28
IMPLICIT_QUADRATURE_RETRY attempt=26 panels=28 reason="implicit contact work defect"
IMPLICIT_CONTACT_FRAME_DIFFERENCE dt=2.54313151041666663e-7 maximum_endpoint_roundoff_m=2.77555756156289135e-17 maximum_force_difference_n=9.13398623837565538e0 objective_difference_j=3.59577645436814919e-12
IMPLICIT_NONLINEAR_LIMIT dt=2.54313151041666663e-7 weighted_residual_j=1.42024331993218686e-13 residual_budget_j=3.05175781250000019e-14 residual_impulse_work_j=4.98412070555451112e-8 impulse_work_budget_j=3.81469726562500031e-11 maximum_residual_n=6.29289129297831096e-1 maximum_direction_m=1.14757326183975730e-18 maximum_diagonal_n_m=3.31077910648788608e17 minimum_inertia_n_m=2.71356033761280127e12
IMPLICIT_LAST_STEP alpha=1.00000000000000000e0 maximum_applied_increment_m=1.14757082485196678e-18
IMPLICIT_NONCONVERGED_WORK_REFINEMENT kind=contact dt=2.54313151041666663e-7 panels=29
IMPLICIT_QUADRATURE_RETRY attempt=27 panels=29 reason="implicit contact work defect"
IMPLICIT_CONTACT_FRAME_DIFFERENCE dt=2.54313151041666663e-7 maximum_endpoint_roundoff_m=2.77555756156289135e-17 maximum_force_difference_n=1.09795288157620234e1 objective_difference_j=4.21809115414006897e-12
IMPLICIT_NONLINEAR_LIMIT dt=2.54313151041666663e-7 weighted_residual_j=5.30086783823839095e-13 residual_budget_j=3.05175781250000019e-14 residual_impulse_work_j=-9.62882747617338406e-8 impulse_work_budget_j=3.81469726562500031e-11 maximum_residual_n=1.21574457372480538e0 maximum_direction_m=7.49822290898537898e-19 maximum_diagonal_n_m=3.30996082311283328e17 minimum_inertia_n_m=2.71356033761280127e12
IMPLICIT_LAST_STEP alpha=1.00000000000000000e0 maximum_applied_increment_m=7.49822681667068527e-19
IMPLICIT_NONCONVERGED_WORK_REFINEMENT kind=contact dt=2.54313151041666663e-7 panels=30
IMPLICIT_QUADRATURE_RETRY attempt=28 panels=30 reason="implicit contact work defect"
IMPLICIT_CONTACT_FRAME_DIFFERENCE dt=2.54313151041666663e-7 maximum_endpoint_roundoff_m=2.77555756156289135e-17 maximum_force_difference_n=1.09777858836459927e1 objective_difference_j=4.21791074289856738e-12
IMPLICIT_NONLINEAR_LIMIT dt=2.54313151041666663e-7 weighted_residual_j=5.29453557449551499e-13 residual_budget_j=3.05175781250000019e-14 residual_impulse_work_j=-9.62307466117338401e-8 impulse_work_budget_j=3.81469726562500031e-11 maximum_residual_n=1.21501821004494559e0 maximum_direction_m=7.50742918752081864e-19 maximum_diagonal_n_m=3.30996096353890240e17 minimum_inertia_n_m=2.71356033761280127e12
IMPLICIT_LAST_STEP alpha=1.00000000000000000e0 maximum_applied_increment_m=7.50742506508227493e-19
IMPLICIT_NONCONVERGED_WORK_REFINEMENT kind=contact dt=2.54313151041666663e-7 panels=31
IMPLICIT_QUADRATURE_RETRY attempt=29 panels=31 reason="implicit contact work defect"
IMPLICIT_CONTACT_FRAME_DIFFERENCE dt=2.54313151041666663e-7 maximum_endpoint_roundoff_m=2.77555756156289135e-17 maximum_force_difference_n=9.21800504630664364e0 objective_difference_j=3.65293906234853694e-12
IMPLICIT_NONLINEAR_LIMIT dt=2.54313151041666663e-7 weighted_residual_j=1.41769541408424402e-13 residual_budget_j=3.05175781250000019e-14 residual_impulse_work_j=4.97964793553881133e-8 impulse_work_budget_j=3.81469726562500031e-11 maximum_residual_n=6.28724405585671775e-1 maximum_direction_m=1.35762894012866299e-13 maximum_diagonal_n_m=3.31077899676235008e17 minimum_inertia_n_m=2.71356033761280127e12
IMPLICIT_LAST_STEP alpha=3.90625000000000000e-3 maximum_applied_increment_m=5.30323807795230417e-16
IMPLICIT_NONCONVERGED_WORK_REFINEMENT kind=contact dt=2.54313151041666663e-7 panels=32
IMPLICIT_QUADRATURE_RETRY attempt=30 panels=32 reason="implicit contact work defect"
IMPLICIT_CONTACT_FRAME_DIFFERENCE dt=2.54313151041666663e-7 maximum_endpoint_roundoff_m=2.77555756156289135e-17 maximum_force_difference_n=9.21794758396572433e0 objective_difference_j=3.65291824566682521e-12
IMPLICIT_NONLINEAR_LIMIT dt=2.54313151041666663e-7 weighted_residual_j=1.41873662960547320e-13 residual_budget_j=3.05175781250000019e-14 residual_impulse_work_j=4.98147624243258566e-8 impulse_work_budget_j=3.81469726562500031e-11 maximum_residual_n=6.28955244115786627e-1 maximum_direction_m=1.35789863277027251e-13 maximum_diagonal_n_m=3.31077904142857344e17 minimum_inertia_n_m=2.71356033761280127e12
IMPLICIT_LAST_STEP alpha=3.90625000000000000e-3 maximum_applied_increment_m=5.30429150900600270e-16
IMPLICIT_NONCONVERGED_WORK_REFINEMENT kind=contact dt=2.54313151041666663e-7 panels=33
IMPLICIT_QUADRATURE_RETRY attempt=31 panels=33 reason="implicit contact work defect"
CONTACT_FEATURE before=Some(PrescribedContactFeature { distance_m: 0.00010006126920816153, gap_m: 6.126920816152564e-8, body_face: [10, 7, 11], obstacle_face_index: 1308, body_weights: [0.11522971306497948, 0.5513658821806984, 0.33340440475432215], obstacle_weights: [1.0, 0.0, 0.0] }) pinned_weight=Some(-0.0)
IMPLICIT_LINE_SEARCH_REJECTION iteration=43 dt=2.54313151041666663e-7 weighted_residual_j=2.12059037693224052e-3 residual_budget_j=9.99999999999999980e-13 slope_j=-2.10424803297591060e-3 objective_noise_j=1.29384187131795432e-9 alpha=3.55271367880050093e-15 gap_trials=48 volume_trials=48 safe_trials=0 objective_trials=0 smallest_objective_change_j=inf smallest_trial_norm_j=inf
IMPLICIT_QUADRATURE_RETRY attempt=0 panels=2 reason="implicit contact path quadrature refinement"
IMPLICIT_LINE_SEARCH_REJECTION iteration=41 dt=2.54313151041666663e-7 weighted_residual_j=1.89339037852121980e-3 residual_budget_j=9.99999999999999980e-13 slope_j=-1.87117038731286702e-3 objective_noise_j=1.48877859571354972e-9 alpha=3.55271367880050093e-15 gap_trials=48 volume_trials=48 safe_trials=0 objective_trials=0 smallest_objective_change_j=inf smallest_trial_norm_j=inf
IMPLICIT_QUADRATURE_RETRY attempt=1 panels=3 reason="implicit contact path quadrature refinement"
IMPLICIT_LINE_SEARCH_REJECTION iteration=45 dt=2.54313151041666663e-7 weighted_residual_j=1.56720379847859539e-3 residual_budget_j=9.99999999999999980e-13 slope_j=-1.54911188511543314e-3 objective_noise_j=1.68371565377929073e-9 alpha=3.55271367880050093e-15 gap_trials=48 volume_trials=48 safe_trials=0 objective_trials=0 smallest_objective_change_j=inf smallest_trial_norm_j=inf
IMPLICIT_QUADRATURE_RETRY attempt=2 panels=4 reason="implicit contact path quadrature refinement"
IMPLICIT_LINE_SEARCH_REJECTION iteration=50 dt=2.54313151041666663e-7 weighted_residual_j=2.14533914593861234e-3 residual_budget_j=9.99999999999999980e-13 slope_j=-1.38613554729067907e-3 objective_noise_j=1.87865098909505778e-9 alpha=3.55271367880050093e-15 gap_trials=48 volume_trials=48 safe_trials=0 objective_trials=0 smallest_objective_change_j=inf smallest_trial_norm_j=inf
IMPLICIT_QUADRATURE_RETRY attempt=3 panels=5 reason="implicit contact path quadrature refinement"
IMPLICIT_LINE_SEARCH_REJECTION iteration=32 dt=2.54313151041666663e-7 weighted_residual_j=1.11107509770931178e-3 residual_budget_j=9.99999999999999980e-13 slope_j=-1.12354182094189306e-3 objective_noise_j=2.07358916192699711e-9 alpha=3.55271367880050093e-15 gap_trials=48 volume_trials=48 safe_trials=0 objective_trials=0 smallest_objective_change_j=inf smallest_trial_norm_j=inf
IMPLICIT_QUADRATURE_RETRY attempt=4 panels=6 reason="implicit contact path quadrature refinement"
IMPLICIT_LINE_SEARCH_REJECTION iteration=29 dt=2.54313151041666663e-7 weighted_residual_j=9.14397079070128653e-4 residual_budget_j=9.99999999999999980e-13 slope_j=-3.93497320156602323e-4 objective_noise_j=2.26852567889717759e-9 alpha=3.55271367880050093e-15 gap_trials=48 volume_trials=48 safe_trials=0 objective_trials=0 smallest_objective_change_j=inf smallest_trial_norm_j=inf
IMPLICIT_QUADRATURE_RETRY attempt=5 panels=7 reason="implicit contact path quadrature refinement"
IMPLICIT_LINE_SEARCH_REJECTION iteration=25 dt=2.54313151041666663e-7 weighted_residual_j=7.37548823103854477e-4 residual_budget_j=9.99999999999999980e-13 slope_j=-2.00818020538940029e-4 objective_noise_j=2.46346228648944564e-9 alpha=3.55271367880050093e-15 gap_trials=48 volume_trials=48 safe_trials=0 objective_trials=0 smallest_objective_change_j=inf smallest_trial_norm_j=inf
IMPLICIT_QUADRATURE_RETRY attempt=6 panels=8 reason="implicit contact path quadrature refinement"
IMPLICIT_LINE_SEARCH_REJECTION iteration=30 dt=2.54313151041666663e-7 weighted_residual_j=5.80376629798077907e-4 residual_budget_j=9.99999999999999980e-13 slope_j=-7.25980784720752582e-5 objective_noise_j=2.65839908145691102e-9 alpha=3.55271367880050093e-15 gap_trials=48 volume_trials=48 safe_trials=0 objective_trials=0 smallest_objective_change_j=inf smallest_trial_norm_j=inf
IMPLICIT_QUADRATURE_RETRY attempt=7 panels=9 reason="implicit contact path quadrature refinement"
IMPLICIT_LINE_SEARCH_REJECTION iteration=43 dt=2.54313151041666663e-7 weighted_residual_j=4.38756656408786753e-4 residual_budget_j=9.99999999999999980e-13 slope_j=-8.60224623022193307e-5 objective_noise_j=2.85333500634043127e-9 alpha=3.55271367880050093e-15 gap_trials=48 volume_trials=48 safe_trials=0 objective_trials=0 smallest_objective_change_j=inf smallest_trial_norm_j=inf
IMPLICIT_QUADRATURE_RETRY attempt=8 panels=10 reason="implicit contact path quadrature refinement"
IMPLICIT_LINE_SEARCH_REJECTION iteration=31 dt=2.54313151041666663e-7 weighted_residual_j=3.18668838746293914e-4 residual_budget_j=9.99999999999999980e-13 slope_j=-3.25760723137342187e-5 objective_noise_j=3.04827511436564801e-9 alpha=3.55271367880050093e-15 gap_trials=48 volume_trials=48 safe_trials=0 objective_trials=0 smallest_objective_change_j=inf smallest_trial_norm_j=inf
IMPLICIT_QUADRATURE_RETRY attempt=9 panels=11 reason="implicit contact path quadrature refinement"
IMPLICIT_LINE_SEARCH_REJECTION iteration=69 dt=2.54313151041666663e-7 weighted_residual_j=2.17616817896317037e-4 residual_budget_j=9.99999999999999980e-13 slope_j=-2.13567040828155781e-4 objective_noise_j=3.24321708621724718e-9 alpha=3.55271367880050093e-15 gap_trials=48 volume_trials=48 safe_trials=0 objective_trials=0 smallest_objective_change_j=inf smallest_trial_norm_j=inf
IMPLICIT_QUADRATURE_RETRY attempt=10 panels=12 reason="implicit contact path quadrature refinement"
IMPLICIT_LINE_SEARCH_REJECTION iteration=50 dt=2.54313151041666663e-7 weighted_residual_j=1.35844273979277724e-4 residual_budget_j=9.99999999999999980e-13 slope_j=-2.67676205894766138e-5 objective_noise_j=3.43815952348184513e-9 alpha=3.55271367880050093e-15 gap_trials=48 volume_trials=48 safe_trials=0 objective_trials=0 smallest_objective_change_j=inf smallest_trial_norm_j=inf
IMPLICIT_QUADRATURE_RETRY attempt=11 panels=13 reason="implicit contact path quadrature refinement"
IMPLICIT_CONTACT_FRAME_DIFFERENCE dt=2.54313151041666663e-7 maximum_endpoint_roundoff_m=1.11022302462515654e-16 maximum_force_difference_n=2.01707672163320240e0 objective_difference_j=-5.06594766136458929e-12
IMPLICIT_NONLINEAR_LIMIT dt=2.54313151041666663e-7 weighted_residual_j=7.32514328904197525e-5 residual_budget_j=9.99999999999999980e-13 residual_impulse_work_j=-9.85359811598238156e-4 impulse_work_budget_j=1.25000000000000003e-9 maximum_residual_n=1.42725459668258991e4 maximum_direction_m=3.22702248014689215e-9 maximum_diagonal_n_m=3.09024638300842800e16 minimum_inertia_n_m=2.71356033761280127e12
IMPLICIT_LAST_STEP alpha=7.10542735760100186e-15 maximum_applied_increment_m=1.98523347012726642e-23
CONTACT_REJECTION dt=2.54313151041666663e-7 depth=12 budget_j=6.10351562500000050e-10 error=implicit contact quadrature nonconvergence before=Ok(InertialDiagnostics { mass_kg: 1.5493889603929571, momentum_kg_m_s: [-0.30540711906547524, 0.04145103337638674, -0.21177210105901498], angular_momentum_kg_m2_s: [-0.12067865410798388, 0.006825081085534859, 0.17511118897020053], kinetic_j: 0.23558704038476388, potential_j: 3.1203589802704736, contact_j: 0.022044982685111212 }) diagnostic_trial=Err("implicit contact nonlinear nonconvergence") after=Ok(InertialDiagnostics { mass_kg: 1.5493889603929571, momentum_kg_m_s: [-0.30540711906547524, 0.04145103337638674, -0.21177210105901498], angular_momentum_kg_m2_s: [-0.12067865410798388, 0.006825081085534859, 0.17511118897020053], kinetic_j: 0.23558704038476388, potential_j: 3.1203589802704736, contact_j: 0.022044982685111212 })
CONTACT_FEATURE after=Ok(Some(PrescribedContactFeature { distance_m: 0.00010006126920816153, gap_m: 6.126920816152564e-8, body_face: [10, 7, 11], obstacle_face_index: 1308, body_weights: [0.11522971306497948, 0.5513658821806984, 0.33340440475432215], obstacle_weights: [1.0, 0.0, 0.0] }))
IMPLICIT_FEASIBLE_VELOCITY_PREDICTOR dt=1.27156575520833332e-7
IMPLICIT_LINE_SEARCH_REJECTION iteration=40 dt=1.27156575520833332e-7 weighted_residual_j=5.92691155583690340e-3 residual_budget_j=9.99999999999999980e-13 slope_j=-5.35142100252431439e-3 objective_noise_j=6.61478613936416925e-9 alpha=3.55271367880050093e-15 gap_trials=48 volume_trials=48 safe_trials=0 objective_trials=0 smallest_objective_change_j=inf smallest_trial_norm_j=inf
IMPLICIT_QUADRATURE_RETRY attempt=0 panels=2 reason="implicit contact path quadrature refinement"
IMPLICIT_LINE_SEARCH_REJECTION iteration=41 dt=1.27156575520833332e-7 weighted_residual_j=3.38709535663101260e-3 residual_budget_j=9.99999999999999980e-13 slope_j=-3.39851540028814980e-3 objective_noise_j=7.61747170019952867e-9 alpha=3.55271367880050093e-15 gap_trials=48 volume_trials=48 safe_trials=0 objective_trials=0 smallest_objective_change_j=inf smallest_trial_norm_j=inf
IMPLICIT_QUADRATURE_RETRY attempt=1 panels=3 reason="implicit contact path quadrature refinement"
IMPLICIT_LINE_SEARCH_REJECTION iteration=49 dt=1.27156575520833332e-7 weighted_residual_j=2.54540231642565390e-3 residual_budget_j=9.99999999999999980e-13 slope_j=-6.85863261461026213e-4 objective_noise_j=8.61721802782709399e-9 alpha=3.55271367880050093e-15 gap_trials=48 volume_trials=48 safe_trials=0 objective_trials=0 smallest_objective_change_j=inf smallest_trial_norm_j=inf
IMPLICIT_QUADRATURE_RETRY attempt=2 panels=4 reason="implicit contact path quadrature refinement"
IMPLICIT_LINE_SEARCH_REJECTION iteration=32 dt=1.27156575520833332e-7 weighted_residual_j=1.79350798355067077e-3 residual_budget_j=9.99999999999999980e-13 slope_j=-1.79325757857148036e-3 objective_noise_j=9.61161240937768622e-9 alpha=3.55271367880050093e-15 gap_trials=48 volume_trials=48 safe_trials=0 objective_trials=0 smallest_objective_change_j=inf smallest_trial_norm_j=inf
IMPLICIT_QUADRATURE_RETRY attempt=3 panels=5 reason="implicit contact path quadrature refinement"
IMPLICIT_LINE_SEARCH_REJECTION iteration=25 dt=1.27156575520833332e-7 weighted_residual_j=1.19153161763068532e-3 residual_budget_j=9.99999999999999980e-13 slope_j=-8.76746885281709239e-4 objective_noise_j=1.05983226600385856e-8 alpha=3.55271367880050093e-15 gap_trials=48 volume_trials=48 safe_trials=0 objective_trials=0 smallest_objective_change_j=inf smallest_trial_norm_j=inf
IMPLICIT_QUADRATURE_RETRY attempt=4 panels=6 reason="implicit contact path quadrature refinement"
IMPLICIT_LINE_SEARCH_REJECTION iteration=37 dt=1.27156575520833332e-7 weighted_residual_j=7.18731591296286904e-4 residual_budget_j=9.99999999999999980e-13 slope_j=-4.70403440523069725e-4 objective_noise_j=1.15692271175259526e-8 alpha=3.55271367880050093e-15 gap_trials=48 volume_trials=48 safe_trials=0 objective_trials=0 smallest_objective_change_j=inf smallest_trial_norm_j=inf
IMPLICIT_QUADRATURE_RETRY attempt=5 panels=7 reason="implicit contact path quadrature refinement"
IMPLICIT_LINE_SEARCH_REJECTION iteration=31 dt=1.27156575520833332e-7 weighted_residual_j=3.74116818873381776e-4 residual_budget_j=9.99999999999999980e-13 slope_j=-3.64110269983546323e-6 objective_noise_j=1.25094338012676450e-8 alpha=7.10542735760100186e-15 gap_trials=47 volume_trials=47 safe_trials=0 objective_trials=0 smallest_objective_change_j=inf smallest_trial_norm_j=inf
IMPLICIT_QUADRATURE_RETRY attempt=6 panels=8 reason="implicit contact path quadrature refinement"
IMPLICIT_LINE_SEARCH_REJECTION iteration=42 dt=1.27156575520833332e-7 weighted_residual_j=1.51524895608852618e-4 residual_budget_j=9.99999999999999980e-13 slope_j=-9.69457658961165756e-5 objective_noise_j=1.33938939502172466e-8 alpha=3.55271367880050093e-15 gap_trials=48 volume_trials=48 safe_trials=0 objective_trials=0 smallest_objective_change_j=inf smallest_trial_norm_j=inf
IMPLICIT_QUADRATURE_RETRY attempt=7 panels=9 reason="implicit contact path quadrature refinement"
IMPLICIT_LINE_SEARCH_REJECTION iteration=71 dt=1.27156575520833332e-7 weighted_residual_j=3.72345496397222074e-5 residual_budget_j=9.99999999999999980e-13 slope_j=-1.25121309492205695e-5 objective_noise_j=1.41754894889493551e-8 alpha=3.55271367880050093e-15 gap_trials=48 volume_trials=48 safe_trials=0 objective_trials=0 smallest_objective_change_j=inf smallest_trial_norm_j=inf
IMPLICIT_QUADRATURE_RETRY attempt=8 panels=10 reason="implicit contact path quadrature refinement"
IMPLICIT_CONTACT_FRAME_DIFFERENCE dt=1.27156575520833332e-7 maximum_endpoint_roundoff_m=1.11022302462515654e-16 maximum_force_difference_n=4.68964493187377229e0 objective_difference_j=-1.12921755279771219e-11
IMPLICIT_NONLINEAR_LIMIT dt=1.27156575520833332e-7 weighted_residual_j=1.41208389404059513e-6 residual_budget_j=9.99999999999999980e-13 residual_impulse_work_j=-2.79082694292705842e-4 impulse_work_budget_j=1.25000000000000003e-9 maximum_residual_n=3.96938103428424802e3 maximum_direction_m=1.51246199730067080e-10 maximum_diagonal_n_m=6.87715574017756320e16 minimum_inertia_n_m=1.08542413504512051e13
IMPLICIT_LAST_STEP alpha=1.42108547152020037e-14 maximum_applied_increment_m=2.06795153138256919e-24
CONTACT_REJECTION_PROBE_FAILED original="implicit contact quadrature nonconvergence" probe="implicit contact nonlinear nonconvergence"

thread 'collision_tests::wide_imported_contact_completes_full_clip' (36818478) panicked at crates/voxy_app/examples/body_motion_snapshot.rs:911:37:
imported contact rejected step 71: implicit contact quadrature nonconvergence
note: run with `RUST_BACKTRACE=1` environment variable to display a backtrace
test collision_tests::wide_imported_contact_completes_full_clip ... FAILED

failures:

failures:
    collision_tests::wide_imported_contact_completes_full_clip

test result: FAILED. 0 passed; 1 failed; 0 ignored; 0 measured; 32 filtered out; finished in 293.24s

error: test failed, to rerun pass `-p voxy_app --example body_motion_snapshot`
