v 0.025713168742799532 0.92372383002703828 0.11610860058797029
v 0.066083242140238738 0.93166871347451152 0.095233719153853966
v 0.024337845826173845 0.99687672073050027 0.12342317675730505
v 0.058773676492419838 1.0018851545966692 0.11417482073946217
v 0.16116210298813871 0.67629585268198833 0.41303372606989419
v 0.14294404855161214 0.67879747655704448 0.41643074642890804
v 0.15633794664037937 0.63828025699357305 0.43788478319442259
v 0.14451700850164384 0.62831733275280233 0.44937299506421391
v 0.1529952469909841 0.62444476822714168 0.37154433623598304
v 0.17089317047347552 0.62236379627862115 0.3684098841852379
v 0.15124532536766921 0.60572408429487301 0.41081007829214167
v 0.16049365271316773 0.59577371546900748 0.4217686326779192
v -0.31050874170477216 0.66841578235000765 -0.29292430566556305
v -0.30053962657775257 0.68851851299293831 -0.31340025935549154
v -0.30568992666411099 0.64432919371834296 -0.33474679916396644
v -0.29997345474019144 0.64621132628323896 -0.35832032875433428
v -0.25500622324419131 0.68784826124705223 -0.32923255384518946
v -0.26552607304561726 0.66674929961392559 -0.30857823657882866
v -0.27048987709410877 0.65695051912274049 -0.35525406638118207
v -0.28022852792207809 0.63485723904947666 -0.35364211556452774
v -0.29260052018102289 0.62764547880114985 -0.37020896872658116
v -0.30135529130154526 0.62687257990084122 -0.34163523992933387
v 0.084821925469234213 0.19764710030170954 -0.36518283356533843
v 0.080555745168179566 0.20557998754131815 -0.34454992909896687
v 0.051386890451503228 0.18789765937142813 -0.35908407360714167
v 0.050681793173252221 0.19421550136354424 -0.34120059115465251
v 0.046600576732634312 0.2816964965378248 -0.36603717547928133
v 0.019395805721493277 0.26823271761342327 -0.3662795498798912
v 0.046807969465933609 0.27364228928940121 -0.3571042458554885
v 0.018343442103101831 0.26138811272108642 -0.35528283460647569
v -0.07187876716033284 0.066409006479441632 0.18088021538487395
v -0.074877762722548258 0.083913650815079954 0.1748386552048535
v -0.1058808445909038 0.07207042688407983 0.18942851220726004
v -0.10527996263368834 0.084934706047045547 0.1858281699192425
v -0.13415795823856624 0.081709913498064363 0.10735062654438741
v -0.10506027937833452 0.080931828898345298 0.096785238880879115
v -0.13358289099297824 0.066560802953843048 0.10177383163695797
v -0.10573532258705612 0.066204872492534428 0.090302583391734068
v -0.16838071166830898 1.1944300553496336 0.031364979464114116
v -0.18082887969058448 1.208524675550537 0.032704860047303635
v -0.16543962613767321 1.1997713950123505 0.0044741391329125441
v -0.17754931946121916 1.2134981975382515 0.0057787736474242332
v -0.10354150028736162 1.1579114257983909 0.028165484081784618
v -0.12139410646145288 1.1639710685855622 0.028680698753004913
v -0.10233857507179117 1.1641064426428758 0.0013414094693696699
v -0.11972561532570386 1.1700141406303466 0.0018428345005895921
v -0.027779292625370045 1.1544394118975376 0.01714080838164439
v -0.047233599439477775 1.1519506740880272 0.017897638109623408
v -0.029204399140367987 1.1628888155081916 0.0016267693791704313
v -0.047449701005674527 1.1600586794817389 0.0012494838384752432
v 0.037598233262449904 1.19074859616775 0.032138533779132748
v 0.024633807657774953 1.1778482052816097 0.030055699793962394
v 0.034733689570712628 1.196830495246473 0.0052789555181107228
v 0.020722205008589012 1.1849536094758018 0.0040445201346060305
v 0.075064856106617117 1.2562386837930353 0.038691475713570705
v 0.069207080149158828 1.2379343604572857 0.036944423352472874
v 0.07119993331160826 1.2601683995380213 0.011627040397008216
v 0.065266240892537519 1.2426567356690519 0.0098623915628461845
v 0.074982010321271358 1.3315590474331833 0.046149530449169404
v 0.078740004110766926 1.3128797106214689 0.044322718374323902
v 0.071149686289621261 1.3332992548481353 0.01887012347346765
v 0.074791158028311017 1.3151640121366142 0.017095555369585853
v 0.037120854363257239 1.3967642379383114 0.05239276695584736
v 0.04972559404713825 1.3824580870316865 0.051047347227384576
v 0.034383822003266507 1.3966485214675148 0.024940199161811102
v 0.046627127999288226 1.3827458620425099 0.02363139878396496
v -0.028392398194956703 1.4344159401265679 0.055749931482857631
v -0.010422549739797671 1.4283108073622088 0.055232402099818806
v -0.029308331297853207 1.4332468613340952 0.028203713466772376
v -0.011836182230933578 1.427308592901845 0.027700297096518986
v -0.1035328130935611 1.4345423557527766 0.055395391335012423
v -0.084904200708879107 1.4381897985908934 0.055848034140930938
v -0.10236167731641244 1.4333595553993592 0.027858008542407789
v -0.084251173395569812 1.4369109996948264 0.028298602178720531
v -0.16864958553338233 1.3972608471498864 0.051380875906934673
v -0.15435749244246671 1.4096980442030249 0.052683825696684436
v -0.16567489642552291 1.3971224209230395 0.023955851998518907
v -0.15177743688693057 1.4092079334529763 0.025222004913592264
v -0.20591830714329062 1.3328974942607357 0.044870460712035438
v -0.20016916815758395 1.3504545759727227 0.046586121957284524
v -0.20191310659843104 1.3345391270432281 0.017624951354251558
v -0.19631556828929725 1.3515995534778356 0.01929263933797061
v -0.20581881523983286 1.2586316076399846 0.037541313357784309
v -0.20951983957350578 1.2770373444373573 0.039342455269617972
v -0.20184213154086572 1.2622804879815868 0.010489382854565854
v -0.20543581932706728 1.2801857698685108 0.012242371502970535
v -0.18167763619480209 1.1707224977183088 0.15305999330991527
v -0.19562477730989525 1.1864316068761049 0.15455847441099932
v -0.17944491583126354 1.1746634856316436 0.13362804804518452
v -0.19315234926939145 1.1900838617919065 0.13509674623662243
v -0.10960461224832282 1.1301494513917194 0.14934690841823733
v -0.12935504425473546 1.1369692750947857 0.14998403905455091
v -0.10854894845349702 1.1350727309933173 0.13005062719471142
v -0.12797492467946889 1.1416753066134324 0.13065545956834676
v -0.026035888056482881 1.1246373953702979 0.14898317755216078
v -0.047139682047474984 1.1226542462397031 0.14871240216205625
v -0.026681575276837233 1.1296997851615296 0.12970010326093218
v -0.048776165983600211 1.1278528469758706 0.12988055375343244
v 0.049990602555931546 1.162514720023325 0.15332391322797059
v 0.033301165175128516 1.1484520303798718 0.15178641020546899
v 0.048069256506205638 1.1669143029445639 0.13395748225158344
v 0.03270965244739496 1.152682312270753 0.13150567668080085
v 0.092884004604760984 1.2378070528293479 0.16105633095841063
v 0.08602999628788971 1.217077019541644 0.15896092381238597
v 0.090004321358632566 1.2407401767236552 0.14150021294273513
v 0.083287682093789117 1.220436345975727 0.1394501667864462
v 0.092652477240382558 1.3234620055909028 0.16953762157349456
v 0.096949554079790889 1.3022560601810038 0.16746813241796407
v 0.089730516286287643 1.324749677092071 0.14981139123142448
v 0.093954808696171649 1.3039545061961753 0.14778343009710693
v 0.049889228083041998 1.397238319342412 0.17659425730427453
v 0.064119788010015694 1.3810601841876922 0.17507539729648008
v 0.047760796214029344 1.3971105466580509 0.15673175527413152
v 0.061727532869077839 1.3812378912834002 0.15524160166225121
v -0.024228527878490502 1.4398431559328031 0.18035681241183094
v -0.0034502146625721153 1.4328604377750997 0.17982971309153928
v -0.02491870245880623 1.4388835655157752 0.16042797575688705
v -0.0050552515582846236 1.4321369154828438 0.15985609142766782
v -0.10885609780533428 1.4399899162827676 0.17995794300171997
v -0.087875129553240339 1.4440957521038302 0.18046752649059955
v -0.1079793936098552 1.4390230614241657 0.16003604056476561
v -0.087387650558907737 1.4430567277770849 0.1605365671202087
v -0.18219224431255915 1.3979974816937473 0.17543619287584583
v -0.16609589928174023 1.4120044636681888 0.17690359869626343
v -0.17996001231517006 1.3978120568661685 0.15559839010654969
v -0.16416002878677471 1.4115550196374909 0.15703817102036122
v -0.22389721894100112 1.3257225345611217 0.16816364739112366
v -0.21706641218127604 1.3457309752047579 0.17016934854856314
v -0.22094730577453386 1.3268343559165166 0.14844882583127944
v -0.21424624586918378 1.3464749640950373 0.15041715269459938
v -0.22374912075825781 1.2423617546258272 0.15994757550518357
v -0.22791238126764929 1.2630084464783629 0.16196681221590833
v -0.22079303035735454 1.2449809748555642 0.14038170479812137
v -0.22488150078862745 1.2652496674905453 0.1423636121039738
v -0.066136448356870658 1.4412432308710448 0.094638603833371318
v -0.046454694641996419 1.4399171552553647 0.09460327413204099
v -0.06595615470980315 1.4393986172765072 0.056060451316703008
v -0.047013366388617805 1.4381342410191482 0.056027629043792174
v -0.22222316257090841 1.2884709577942151 0.11722876844135736
v -0.22091076831868039 1.3086233549008548 0.11922292980481217
v -0.21651074588153935 1.2921064131679454 0.07920485825207485
v -0.21524357639452474 1.3115587025724373 0.081130620058293718
v -0.027114788050435212 1.4360699717897027 0.09431631018703622
v -0.0084444114056683173 1.4297178821446799 0.093777717583032952
v -0.21145722660399363 1.3306650299314609 0.083030845727153094
v -0.20515170151040152 1.3491443044716287 0.084884299323448181
v 0.0092376720196650219 1.4210132741334152 0.093001048140772299
v 0.026125687244215656 1.4099348251102488 0.092043634316492623
v 0.0066001720523431451 1.4199259394612793 0.054484213338147153
v 0.022370532013794742 1.4094068721635726 0.053518303732411357
v -0.20188345249662326 1.3654746026943361 0.12485924661540092
v -0.19048894509624614 1.3823760862372132 0.12659066885331161
v -0.19681821728977811 1.3664276527405379 0.086582342267490162
v -0.18583569720746107 1.3827257112456919 0.088251923140268348
v 0.04103798588381849 1.3968998269403163 0.090834055742486139
v 0.054146708619676881 1.3820200579099935 0.089436054064940262
v -0.17281872554245198 1.3974719972593714 0.089777586627740782
v -0.15796749669833177 1.4103766475129975 0.091129615214045931
v -0.141558246908569 1.4212634780267559 0.092289191045609273
v -0.12385437049505793 1.4299081417932085 0.093232783708096026
v -0.13855845131494771 1.4201657698775654 0.053798866902906514
v -0.12151720702310748 1.4284907615605944 0.054707527458713615
v -0.21132399469713015 1.2536165103843881 0.075433019506671695
v -0.21517002881517722 1.2727009184999962 0.077299466140214712
v -0.066641004491278466 1.1503563448783742 0.026751622274271802
v -0.072629889066956638 1.1407420713855918 0.065752689448235493
v -0.085615053302685568 1.1546625904446979 0.028483747942501997
v -0.087119650724918035 1.1467070030668289 0.066000180526875701
v 0.013931077147441531 1.1435860589883775 0.030747310575979112
v 0.018538875475691156 1.1386938977088696 0.061796912192080111
v 0.018259536803080505 1.1260710421295437 0.028118078265157997
v 0.021935610562239673 1.1230831389737372 0.058619876496568635
v -0.045303270760452014 1.1221330848753561 0.10507939624359641
v -0.044437467204712852 1.1108163172280019 0.10310394866099355
v -0.024419709114288701 1.1232762750222438 0.10576441382590331
v -0.023311259195077573 1.1120206566071249 0.10444118702322733
v -0.043180057527915455 1.1380031365680614 0.020208016701598261
v -0.04236206037506654 1.1234578071234207 0.018063015811843539
v -0.062535902083347111 1.1351727312477136 0.035659363649848147
v -0.063759452574267628 1.1215051008910357 0.036032579273607798
v 0.025171939649379325 1.1081503916349873 0.021305241213450177
v 0.021027092267493899 1.1150307269736535 0.025546148319387521
v 0.028005017081134252 1.1058950321980165 0.054336924106691123
v 0.023992009900875057 1.1127580043811311 0.056128714212760999
v -0.045151975474289757 1.0953120442958955 0.10366500367577901
v -0.022274642926414297 1.0967207633916725 0.1052901746277287
v -0.04390621012748442 1.1021666472271496 0.10192964082153647
v -0.02264432119226685 1.1034860180776778 0.10357493589318276
v -0.061481879226796168 1.1055267074570176 0.026301468675249198
v -0.058865207142552611 1.1111667505026526 0.02985240079168662
v -0.042866461326626248 1.1086102308412087 0.011470583816861252
v -0.041712245898920364 1.1138830584479629 0.016138795593072658
v 0.0053336319890584169 0.36456499932876568 -0.095031062581669101
v 0.0036302933469498366 0.39720620797678519 -0.077498929694246987
v 0.015012992471245323 0.38747823635310991 -0.12600398988003847
v 0.013492317073471864 0.42498155448738839 -0.1140199994165568
v 0.047869780376457949 0.35867797068538343 -0.1853735447555592
v 0.016149710421068976 0.34690237245143574 -0.176901080870804
v 0.047998287535905883 0.37486837311903731 -0.15311958629684944
v 0.015794530490456593 0.36378224331116021 -0.14421987239555473
v 0.051305277198298506 0.33162886443295436 -0.059799991778612172
v 0.050427673526375505 0.36117797498389087 -0.036011173965614485
v 0.01775705040373577 0.33828482005384031 -0.066257803575997865
v 0.016239421299990495 0.36859045004669622 -0.043737473785721737
v 0.093294170307999094 0.3445888400358097 -0.12422452982690191
v 0.092503787031041701 0.3270171608575605 -0.15669995102882978
v 0.081137627963224573 0.36834505677053264 -0.14517832036637668
v 0.080479046355690531 0.35222911329810336 -0.1783392978603251
v -0.10232262779114285 0.38066729442428393 0.19446190775569785
v -0.069129976389823183 0.37723315090118398 0.1839029125525351
v -0.10103497911130513 0.41514917217678321 0.18020093166314918
v -0.067259540262054662 0.41092618025770189 0.16825668174061914
v -0.14652715501534838 0.36445890460679209 0.1428667582532287
v -0.14654863373606367 0.35093752776349108 0.15005543426921156
v -0.13550784510638492 0.37615747957448498 0.18003610325420868
v -0.1356797730093342 0.36153244940639578 0.18622432399965685
v 0.094099358100561747 0.54094384904786397 -0.012406954999012509
v 0.080957554119173089 0.56696377364819794 -0.063852004855993544
v 0.094152778189167008 0.57054832622784812 -0.0026193977327467199
v 0.080965227942331797 0.59474762421206517 -0.06028124629961143
v 0.0061583844932594292 0.55436977226098194 0.070658163609761349
v 0.0087003452909328038 0.54056450449681648 0.064849115844366423
v 0.044775068029370216 0.54373794988058199 0.086324411296423709
v 0.046152011722646762 0.5299590995454978 0.079198721584920861
v -0.048158175409049229 0.52749508432412662 0.028425507249464979
v -0.060861291741264034 0.51362136110872925 -0.0377599837513556
v -0.0463816574125233 0.55742292811805916 0.013292376365356753
v -0.059236246728395316 0.54714881238851798 -0.0569559274087129
v -0.093450100657414492 0.58872120042036846 0.097571952746630081
v -0.13206678355309479 0.58510373798650339 0.072583348014966576
v -0.094865243349064363 0.57899590385632549 0.10020620241057737
v -0.13230901785286889 0.57438956414112186 0.076260489999086759
v 0.080861675295591767 0.4966507077056429 -0.079168095940434779
v 0.093761706687623902 0.46942432371424869 -0.040025597819525416
v 0.080878373831399952 0.4271167061190756 -0.11409252046286994
v 0.093512302474202488 0.40038525866319574 -0.083067013293893488
v -0.056222559059131622 0.39540365658030979 0.12443758989498012
v -0.067733697792336789 0.37836175859318993 0.080242439278508992
v -0.052188062192301515 0.46075755650512618 0.071956044504556366
v -0.064358563730559454 0.44382270224088788 0.015565224442457115
v -0.09963030028911779 0.4390201159576182 0.0020480480348746832
v -0.10153302144297918 0.37509958117337011 0.067518228102032368
v -0.13380071171023247 0.47833744354348795 0.12628811861380129
v -0.1349293606579185 0.40973486563827427 0.16437654479109531
v -0.098440826850079252 0.48361343235106391 0.14365723459520241
v 0.082360537790140159 0.56792385470662987 0.070444586786960917
v 0.081789507404186251 0.58699051520380729 0.078082048230340317
v 0.041191896681504719 0.56508857310014782 0.0961748462679477
v 0.037491744758015096 0.58969320393632807 0.10296866198647781
v -0.015047590540738551 0.58949963999516919 0.0085572911256154155
v -0.0074382898080563864 0.57595166231932582 0.0075743180657046882
v -0.00057464165765638495 0.5764608897935537 0.077888424653008687
v -0.0015855964144687595 0.59648475074638918 -0.064883639303110724
v 0.039417540743447686 0.60980870022184264 -0.085425947131259256
v 0.004924547694876609 0.58766861047295638 -0.061552308578662993
v 0.042767376354362306 0.60028876745862247 -0.082795002841089205
v -0.13285680029498534 0.57082815039819779 -0.069789472587900345
v -0.13208920117095216 0.58953308081588451 -0.075375143551496104
v -0.091387831620465015 0.57518085718463985 -0.092759211318458476
v -0.087572409309176091 0.59679765826158981 -0.097291409662679157
v -0.1272034210059646 0.6096289955218156 -0.079123875811078742
v -0.14239196792355341 0.61845581316059262 -0.0065927238427868767
v -0.122915405096339 0.64317373446909587 -0.080685021327009721
v -0.13583709358281837 0.65475357099726661 -0.0016031243838688092
v 0.075899044336673216 0.6414994807214921 -0.057012815083100507
v 0.034535742551971768 0.63444877323005144 -0.089768739585326676
v 0.07200414181496527 0.66773187395485445 -0.05122482009042266
v 0.030149776165681763 0.66531455344750012 -0.083766413244423854
v -0.12253083998935047 1.0501191405538699 0.1047908674213093
v -0.10412578082803711 0.99968351809320755 0.11387966261494675
v -0.064612592499975835 1.0564151000058815 0.12274419230665891
v -0.068810395963339627 0.99527005697015569 0.12320633537138698
v -0.0847426854050298 0.62494544586910039 0.099743863760816315
v -0.12591782338553753 0.6215855729591232 0.073989759329676733
v -0.086297956137652579 0.61028846790232105 0.099807615474052619
v -0.13099899955309033 0.61454770713113294 0.069646798054450926
v -0.12636552476537621 1.0768157196981549 0.025955263310477594
v -0.14396796070114598 1.0576163324023511 0.0065325922575469597
v -0.13549595514750207 1.0503958597060699 0.055972814434549295
v -0.15414472179615141 1.0303332620977415 0.034484157850596636
v -0.096716544457130738 0.98705217827266445 -0.014529492873620514
v -0.087395653014929187 1.0148178803427592 -0.041856724072063964
v -0.12367995472812607 0.99662378321823908 -0.0013427077133151832
v -0.12275536900971495 1.0120930927453189 -0.040833595153315833
v 0.07609989626248681 1.0228502203875018 0.089937464217709803
v 0.10034637493154153 1.0408062628270836 0.073031164524272746
v 0.078946079194345931 1.0271374232015307 0.070949348783963334
v 0.08430302212611579 1.0632583645543969 0.059462003271103125
v -0.1013647469396074 1.0466158300001389 -0.04438097212778766
v -0.12416531000734776 1.0668325439052517 -0.025958249235605024
v -0.12533955373804323 1.044220634984055 -0.039320207573857582
v -0.10960808860476334 1.0839245242949822 -0.0089760134306732797
v -0.2255499789421852 0.84515725960352073 -0.13971460385924536
v -0.19714870080002411 0.83714164472710551 -0.14201451741056903
v -0.21607495904448604 0.8658435290077513 -0.12818354030824286
v -0.18648642589850717 0.85762036590129354 -0.13061049694909721
v 0.10962586831345611 0.82943885454797095 0.17268024235037449
v 0.11306590456270138 0.81278707661833483 0.19361370317920754
v 0.10939772205982512 0.84322459584313547 0.20550653764556503
v 0.11281715229773481 0.82576479111533718 0.22435165852360156
v 0.16668544995521306 0.90858669643326462 0.13988146015564706
v 0.14833312595814352 0.91994507681680215 0.1709594326497785
v 0.17747276853924854 0.88007741696247377 0.16071441753495869
v 0.15932935659120906 0.88951193615551594 0.19134184011631822
v -0.16672097510075312 0.8967440510858633 -0.087500111463251457
v -0.17674515877717811 0.87775667238703359 -0.11248750437897881
v -0.14022601427757897 0.91194703867066151 -0.11085313044426021
v -0.15069372451185448 0.89371501581082002 -0.13354096786523742
v 0.16776559803157387 0.88714305756517531 0.10832745676350083
v 0.17804665868531977 0.86055681175879528 0.12921379886219059
v 0.14446735457056714 0.86801804495827306 0.097588845193315343
v 0.15408540261872439 0.843658697613901 0.11699121874512082
v -0.22462113079307511 0.91692770695735415 -0.15900878896050757
v -0.2350430525762558 0.89254060098397692 -0.17009795297084704
v -0.23393171076385944 0.88913073389465103 -0.13876213692202205
v -0.24304155910706515 0.86697045436027353 -0.15027024925674451
v -0.14838019682336256 0.96383236676681139 -0.14383271778260978
v -0.12911972857886655 0.93879370214846969 -0.13594820277428787
v -0.16018971334883247 0.94417443137226653 -0.16803635602063788
v -0.14057856186212925 0.91990501335743369 -0.15776975676423344
v 0.11796138914839849 0.91168173353218696 0.18094136713690112
v 0.092946711573370422 0.8931278489350718 0.17129155269819049
v 0.12842536764254131 0.88211413223032487 0.19953745251346888
v 0.10295462035262593 0.86607702704251222 0.18791256480765584
v -0.18039680662426938 1.0104198401036968 -0.046325886110714865
v -0.15694515681631999 1.022394012185555 -0.07429915510651347
v -0.11863558800895591 0.97562959827214424 0.015971466964267933
v -0.14642011223000018 0.93616949866918175 -0.032079786329860874
v -0.12134532751500315 0.94997531194425799 -0.059513817315624357
v 0.099246380022232517 0.97101958709504088 0.13572858560983944
v 0.12873598172593048 0.98502730382642256 0.12011149399023018
v -0.12930699949879887 1.0065556509504467 -0.087886653716628099
v -0.23062918496625651 0.74637267352954906 -0.21501621153357844
v -0.22025912743576803 0.76501392881113106 -0.2031242480591896
v -0.24568055081893925 0.74288616466956414 -0.19585838259763597
v -0.23629796957185578 0.7607382278327357 -0.18456868430204687
v -0.28376436653121195 0.7229171200913953 -0.20535208293782078
v -0.26122000588641126 0.71539335552255379 -0.21033202189414629
v -0.27750642766228029 0.73332920714843652 -0.20133441274064279
v -0.25544523016133891 0.72515694998142899 -0.20521179665304545
v 0.13211671682527715 0.71265982737714628 0.3052270280880886
v 0.13324740759695186 0.70652340050831708 0.31296121650949893
v 0.12930768567429418 0.7347871999055301 0.32338346247646022
v 0.12901110708952945 0.73136737386023709 0.3332142314594026
v 0.12521331917981027 0.76057105475395781 0.29162478612267889
v 0.12829168469008989 0.74540003642524499 0.30751444197727795
v 0.14440987272315686 0.77324518804168685 0.30124091118909541
v 0.14666158703774756 0.7574997612733243 0.31594888728573106
v -0.23294791987494778 0.79425422712336347 -0.23413389325985728
v -0.21664192721628139 0.77859116740245837 -0.22304383552680015
v -0.24307302840119516 0.77390942439303845 -0.24554739584944191
v -0.22729800350379914 0.75930823000998038 -0.23532568935313264
v 0.1751886661073403 0.68694208374671795 0.29160412246436695
v 0.15119629460929396 0.68652780314410666 0.29490766769717863
v 0.17238523718897114 0.69645771350862984 0.28703057354304207
v 0.14868874904268303 0.69529727634821825 0.28938797002453293
v -0.28686874653975014 0.76410982657596382 -0.23402245687726711
v -0.28991890646521479 0.75829717553559295 -0.23996238457136082
v -0.29202503393220469 0.74892818908930325 -0.21179227168621623
v -0.29731563623353663 0.73989615938818065 -0.21585427969606302
v 0.18598835414889392 0.74472785727706103 0.30096560893841762
v 0.18497751620927183 0.76182780823624263 0.28326400030491983
v 0.17067984910835543 0.75872706064591444 0.31455242033719405
v 0.16933413134210951 0.77514009884413748 0.29926235766743758
v 0.1452809085587492 0.7431266283441571 0.35477575063354017
v 0.16999661215835449 0.74187843325722547 0.35037448441546343
v 0.14602821722520942 0.74581886710125167 0.34264564915052037
v 0.17031460404695709 0.74551524774506239 0.33932800231175053
v 0.17855249892779224 0.67594329884201176 0.29696626912690127
v 0.15417827877573587 0.67651242586416704 0.30119738410812447
v -0.24667516986745475 0.76247110662088058 -0.27730682770965898
v -0.27080893377999748 0.76714573597284963 -0.27141278835020938
v -0.24623623224752955 0.76463916576597768 -0.26578566278984167
v -0.2697656046633059 0.77010553977470297 -0.26115528490117368
v -0.29086491150965255 0.71149192262328398 -0.21117475879633349
v -0.26766473343337305 0.70493795762979916 -0.21719530042993362
v 0.16244265358123977 0.77244470518611918 0.2091831470065682
v 0.1669650507904118 0.73018133385877848 0.25476671259934747
v 0.13577148764153024 0.76769663228588569 0.21276644841324735
v 0.14220409433230818 0.72763265505137054 0.25656692958248811
v 0.18279717528281747 0.80130480066138532 0.24482273622156778
v 0.18335227305366464 0.78608429926189571 0.22113046759281724
v 0.1811815094469682 0.83947413638903445 0.20414614382443638
v 0.18151707424209529 0.82580857140321617 0.17441242004497762
v -0.260207518687399 0.82472027157255212 -0.17055349261985905
v -0.27586261584445038 0.7848832871968523 -0.19287599559668234
v -0.24323166716970457 0.8062698605542058 -0.15979968923578647
v -0.25942362066959901 0.76974340974929056 -0.18175051574110654
v -0.23568242278722762 0.85337273685635573 -0.20717546839201409
v -0.25628871966657507 0.80297557501574124 -0.23213562173029564
v -0.25509250759421387 0.84354790094688148 -0.19020225898214518
v -0.27288909030118436 0.79769083331849311 -0.21394307642196164
v -0.095292954341039515 1.0792632182677249 0.10487626580400916
v -0.098596272721826778 1.0910317648603258 0.060092221125588541
v -0.10889100717174366 1.070829679340382 0.1051806248504413
v -0.11024108370263674 1.0868774150651457 0.053070016430831785
v 0.054165911543422846 1.0966017335029563 0.046931896790739801
v 0.067924563554788209 1.0896789499940418 0.040285419684432014
v 0.051426366745049079 1.0969210691133675 -0.00048630636015038059
v 0.066499081831343398 1.0875001866339733 -0.014857558652943845
v 0.0096096394815761849 1.084254444000504 0.12137207003718602
v 0.021083206209682015 1.0888793118098765 0.11395881168566982
v 0.04225966779932086 1.0964193946406453 0.092034251183538446
v 0.05287772084466294 1.0923160392337024 0.091884533368177632
v -0.023548492565731959 1.0821111140237376 0.12243916114245941
v -0.0567610144776634 1.0810422054836826 0.12088577591426981
v -0.020711155519968688 1.0808223303033153 0.12184247515515788
v -0.060192322684090381 1.0784953135060702 0.12137564308372585
v 0.015573528679153383 1.1072545222987664 -0.02683944843458011
v -0.023367470812600225 1.1062299885759965 -0.029248865043690411
v 0.0097567661391229597 1.1080959610483723 -0.0095716091134841613
v -0.02335882684119233 1.1070700268622502 -0.012060254188860683
v -0.062452735889789779 1.104975271367274 -0.027159156116785155
v -0.092558054294327563 1.106549607899129 0.0060310774309568216
v -0.056609037395863149 1.1056146223959855 -0.0099241644654714384
v -0.08001439999708837 1.1019931952045805 0.0072803260883875787
v -0.10276976792246351 0.36510932681820546 0.19946043901241017
v -0.10298466865790849 0.34922179133266196 0.20199269260522373
v -0.069798845616658486 0.36215332400637934 0.18930990885126231
v -0.070190624809642221 0.34664419612933167 0.19210931518163793
v -0.13571428379113787 0.34556670224638281 0.18792232183137789
v -0.14646066098606297 0.33648228910109507 0.1534044330176606
v 0.09107139305369108 0.28157362096884203 -0.22745748896105991
v 0.079307253657162111 0.30506346449663779 -0.24514986714481579
v 0.051116232413992296 0.29249267070435819 -0.12199183629254146
v 0.050786460285260071 0.24856721849613736 -0.19797720035339608
v 0.083002013175764874 0.30352964969350649 -0.13234627110197233
v 0.081945765815124902 0.25858617679583262 -0.20648534068042429
v 0.018814144668377015 0.2564349654561221 -0.20333794873308234
v 0.0077390730334810851 0.27671313921139196 -0.22403094692658751
v 0.019341821399800178 0.22642404915580308 -0.27992696966416142
v 0.008870511948520985 0.24767589800505255 -0.29767920904434386
v 0.017343532580311127 0.29891962285146467 -0.24277714531427605
v 0.047883371526745787 0.31117161796282805 -0.250058092731685
v 0.018363195249955243 0.27118535246380771 -0.31140114015822118
v 0.047632684781877183 0.28226474273998603 -0.31644844244746434
v -0.075585671643718585 0.10264681859341748 0.11322635978362668
v -0.074781454339706288 0.13534322329847467 0.11615637459215515
v -0.065052727335029745 0.10569214017110037 0.14462456286279285
v -0.064198657798497455 0.13933453057303583 0.14778999049840219
v -0.074601498667680718 0.098310259032286351 0.17485215847493513
v -0.074380515804982353 0.11034587103088672 0.17567129634837217
v -0.10501365372976797 0.099803544429328664 0.18542746619193434
v -0.10486808361483776 0.11201975956192474 0.18612551021475232
v -0.13533831529323048 0.11082852068565195 0.17527106663078937
v -0.14465313302780791 0.10675162395507121 0.14323863557412769
v -0.13541097144254804 0.098722220933406241 0.17402309405970764
v -0.14465438289266055 0.095375504442621523 0.14178564824793527
v -0.10479561138379333 0.10204126482536952 0.10163273835753966
v -0.13404955566020221 0.1035473254167943 0.11108944875232113
v -0.10448442783490716 0.13454119650031734 0.10432333834009767
v -0.13424184887589624 0.13631574791060175 0.11386308544539384
v -0.079879553481208107 0.053281006500721498 0.22212833896079481
v -0.10966121264072357 0.059178628703173919 0.22202355586390193
v -0.085841457819166675 0.042486436241338833 0.26582944414593712
v -0.11465998577456983 0.04700474952038744 0.26584115373812051
v 0.062203616901204871 0.11378394002922866 -0.38668617814326822
v 0.067943424250068385 0.073408799362785743 -0.40366134994108205
v 0.091127558850660456 0.11481153195884222 -0.39126866353057438
v 0.087488717712188718 0.084680429225045151 -0.40344757053856461
v -0.16377671673218769 1.3072253627163599 0.21264969033141604
v -0.14633196949351551 1.3109857684565906 0.21310663093523025
v -0.16652658701648154 1.3232559692390427 0.21421159022984906
v -0.15035937340404265 1.3272554749903041 0.21468567074693687
v -0.15280940936358189 1.256124634373289 0.20767082592395994
v -0.14773602758357618 1.2391757633839453 0.20602961569557035
v -0.13402160323070322 1.2609208489262969 0.20823883160265597
v -0.12921082485887964 1.2442954715752554 0.2066297090842894
v -0.11037908345328501 1.1800136441318296 0.20035624200716692
v -0.11439688509051865 1.1958220365239325 0.20190892060634744
v -0.12550759850146559 1.1776001663501503 0.20003644437157206
v -0.13055168427245811 1.1916522616485501 0.20141144889239962
v -0.12944696854674004 1.3152382129646845 0.21360884687654577
v -0.11282097101129168 1.3197551997705641 0.21413629826046227
v -0.13416106963182645 1.3319220840930914 0.21522545791843564
v -0.11780075588287831 1.3368806397508741 0.21579509707054856
v -0.11628625949293842 1.2654455062077581 0.20877374760026329
v -0.11160937097539597 1.24893111020894 0.20717640189871092
v -0.099194441226337859 1.2698067715202797 0.20928936632286235
v -0.094568888063671308 1.2532795237427408 0.20769167720392784
v -0.07698173601047581 1.1848208526365409 0.20100900695454577
v -0.081068599357333238 1.2028123257479288 0.20277422641242179
v -0.094070351926245521 1.1823159633130962 0.20067084681732744
v -0.097874776659073348 1.1994163414308761 0.20235104952611099
v -0.08428828912019759 1.3463329875497538 0.21689308793605042
v -0.10114393528944654 1.3417340266654936 0.21635629934898662
v -0.079440617418413073 1.3287158750847807 0.21518546994838447
v -0.096153612747578332 1.3242852261919427 0.21466576824090994
v -0.061011293263309785 1.2617495296358292 0.20869503630847569
v -0.065627292842244223 1.2783754138863495 0.21030126132114588
v -0.077738420497098004 1.2575324634031078 0.20819537350280665
v -0.082349928237670511 1.2741057886118217 0.20979706902707279
v -0.04201540334054471 1.1915836575370025 0.20185649061838568
v -0.047037925535403535 1.2103240775625859 0.20368905611589599
v -0.059552002223751122 1.1878772534217878 0.20139916141892977
v -0.064080412177898283 1.2064133871489893 0.2032157631802404
v -0.067305748864729009 1.3505499214099257 0.21739558817765434
v -0.062660891022674969 1.3329755845191071 0.21569107682374278
v -0.050369985074909474 1.354444220333707 0.21786571370126426
v -0.045871897909267489 1.337122684630887 0.21618549282493127
v -0.044277466496893514 1.2659857766105882 0.20919807911640875
v -0.02743480633431844 1.2702365809540852 0.20970308388206654
v -0.048890120241501689 1.2826463078036827 0.21080745105269919
v -0.032031068531311768 1.2869464981622358 0.21131714177387609
v -0.024744722690746207 1.1960268036500945 0.202377120240089
v -0.0078766717650111395 1.2010587396769827 0.20295631038193207
v -0.030133557335150107 1.2146192971811047 0.20419551336418845
v -0.013425516234746249 1.2191839379740175 0.20472850909202406
v -0.029110726510237994 1.3412568801995501 0.21667961193428339
v -0.012251480168926465 1.3457419944726521 0.21720921242526187
v -0.033622594509132409 1.3580977925204281 0.21831238440383408
v -0.017158351448780751 1.3619203068082211 0.21877460675371033
v 0.0028146910110581347 1.2958308827473977 0.21236985445089696
v -0.014930411622855022 1.2913073467703979 0.21183383337113784
v 0.0072834536540895001 1.2787938987326455 0.21071849881056601
v -0.010390779915132209 1.274506164383961 0.21020842920243488
v 0.0083204693200752688 1.2065376377841592 0.2035732731742495
v 0.023696393918224978 1.211944818181496 0.20417874701259595
v 0.0029608602179899135 1.2238887037961259 0.20527094544905866
v 0.01917533021682355 1.2283285181979919 0.20578552861430752
v 0.021635783713060353 1.3570152948886995 0.21849563271061731
v 0.014001237883317974 1.371788199152995 0.21991009765982827
v 0.0048310466984932132 1.3509270094678811 0.21780800014138985
v -0.0010656657184982543 1.3663050591004098 0.21929003023990945
v 0.041114228163782351 1.3056116084841831 0.21352544584769706
v 0.021592026134927333 1.3006254589786705 0.21293633278406873
v 0.045437178417810753 1.287295027589566 0.21174295782522393
v 0.025991407712647047 1.283102862234019 0.21123491948909578
v 0.03807423746145977 1.2167832038984128 0.20472296615921584
v 0.051296945612144373 1.2195333912183874 0.20504900330799294
v 0.035354094929978458 1.2321074785158239 0.20623455766106114
v 0.051156017556880179 1.2344494539898707 0.20653605617664419
v -0.1203607227445691 1.2476230285780163 -0.056407678329572254
v -0.10705376954070067 1.2516748151958663 -0.055941902968909163
v -0.11586921397445499 1.2357410917612872 -0.057563727405197149
v -0.10333344521248777 1.2391428768742558 -0.0571660754942456
v -0.1331963525355484 1.2864513332115588 -0.05262646761894748
v -0.13652125496180256 1.2999360756402569 -0.051307764146099874
v -0.1185748171761819 1.2902731178402809 -0.052177885149993657
v -0.12194890890631122 1.3034118924382709 -0.050893723420795241
v -0.13492588951757439 1.3544867230106727 -0.045943265915041956
v -0.13142442043437957 1.3420152598027815 -0.047162688479966061
v -0.14613937300151503 1.3504965588930486 -0.046393664846347119
v -0.14403212997663078 1.3388299629277212 -0.047540097006252183
v -0.093921368926195181 1.2551851109542571 -0.055529677380385965
v -0.08086740725089514 1.2584282079171643 -0.055144493381484271
v -0.090507961249457425 1.2421247397983781 -0.056807583443945271
v -0.077460304328893559 1.2449679439444281 -0.056461906298625714
v -0.10476111428145252 1.293888631091868 -0.051752809832609936
v -0.10818315254845684 1.3068757316566466 -0.050484045916229577
v -0.091449336412840476 1.2973740522075323 -0.051343085810229838
v -0.094907047223148966 1.3103155492845564 -0.050079111638013131
v -0.11032212801040281 1.3635276728592078 -0.044926674904396655
v -0.10602328208273099 1.3496401981348145 -0.04628259767348801
v -0.12294034708469914 1.3589594931962361 -0.045441245634830832
v -0.11878639246606043 1.3457133107640098 -0.04673429300387956
v -0.051013339523842682 1.2512674035415126 -0.055707770012383855
v -0.064255640364621835 1.2479950823848009 -0.056097140610040321
v -0.054699870537814943 1.2650026707295523 -0.054364503387819084
v -0.067779483348822556 1.261670547205705 -0.054758935245941193
v -0.068780197736454218 1.317180540649348 -0.049271341415404096
v -0.065289601829972843 1.3042279421277707 -0.050536211048620432
v -0.081803533495626635 1.3137635295470034 -0.049673493844269931
v -0.078322085012665577 1.3008132266427326 -0.05093820431875732
v -0.083786930277073401 1.371689984485055 -0.043987764220925638
v -0.079885696551975527 1.3571307018762624 -0.04541223819226535
v -0.097215786165684048 1.3678235669489769 -0.044436716336445345
v -0.093032046518499834 1.3534833811542222 -0.045838087079153253
v -0.037851259030577344 1.2548473152547099 -0.055288028860749877
v -0.041653158027048387 1.2684699638563919 -0.053956429249938577
v -0.024843332101378623 1.2586226390921422 -0.054849549029326164
v -0.028643701867694549 1.2720189445214423 -0.053540387281802569
v -0.055747933021614349 1.3205998306823252 -0.048867783572345162
v -0.042630330851938902 1.3240300142571699 -0.048462731378772023
v -0.052249453303903459 1.3076446989296051 -0.050132985650940508
v -0.039114254828066131 1.3110852407080145 -0.049726937256738817
v -0.070203455467869103 1.3749793190187263 -0.043595273724529857
v -0.056684824856962079 1.3777365631378635 -0.043255856011853486
v -0.066656850587742289 1.3604703518448644 -0.045016491415971402
v -0.053464726424714504 1.3635633207872155 -0.044645382105304429
v -0.015657595186182816 1.2755496384992346 -0.053125877931615523
v -0.0024710846176566603 1.2788837384733613 -0.052729978795150317
v -0.012061433807333821 1.2624821191087772 -0.054403578052163205
v 0.00059463156494032887 1.2661123450105376 -0.053981038019236739
v -0.011949756811439283 1.3181927542171323 -0.048886382044130657
v -0.02578282527787007 1.3145744883610848 -0.049314256700627473
v -0.015641602544291033 1.3312872377292775 -0.047608342013313543
v -0.029355309118216377 1.3275506297563928 -0.048047332812455254
v -0.043453421462934239 1.3800161261428325 -0.042965202858051124
v -0.030818445082706758 1.3820655006187594 -0.042700286220135206
v -0.040428361855239625 1.3664708916628041 -0.044293415662367677
v -0.027615179503550691 1.3695150412529615 -0.043928997918164001
v 0.024941030194802372 1.2840365971077601 -0.052082295789159926
v 0.025590319588872285 1.271186126225802 -0.053353160499506294
v 0.011155987134336132 1.2818221677263777 -0.052370397059948393
v 0.013228935517479223 1.2692261352383016 -0.053608854135585214
v 0.017939395781312539 1.3259970062637962 -0.047961989520616616
v 0.0027041315967422652 1.3220207790930563 -0.048432953729794517
v 0.01368500931895783 1.3398741390225581 -0.046609190788239392
v -0.0012081578750474109 1.3354038058285271 -0.047127498888298196
v -0.019094695411048745 1.3841515672219735 -0.042436183111891332
v -0.0089577697609408147 1.387279753103126 -0.042076507271231564
v -0.014713480289500258 1.3729678429171792 -0.04347871688502223
v -0.0029698955344223399 1.3772858210857566 -0.042991119864148962
v 0.071766642579279338 1.0472278868208049 -0.041352784752269847
v 0.063425156665959825 0.98315102017146061 -0.011592338937287838
v 0.069643600777434506 1.0402667397956264 -0.051074904392051174
v 0.056915118795189346 0.97213941550408256 -0.017174389507158577
v 0.090458860556240028 1.0517479103001355 -0.016587714331582779
v 0.087330346070323972 1.0548897721366843 -0.020654508761121716
v 0.087656725083623876 1.0702796422682379 0.02213193431656758
v 0.083400232846684796 1.0759809376753833 0.026590540388973623
v -0.10381113540750697 1.0892978441874848 -0.010379432429016566
v -0.095939610452765944 1.0999630308359716 -0.014820798635131055
v -0.1162747489301057 1.0385736366704814 -0.05130559847913059
v -0.10485392000088223 1.0308048231610076 -0.061029083741915222
v -0.11595713754843708 0.99378831362129572 -0.050540075262576478
v -0.11217494147569892 0.95727973597925797 -0.06674655458871076
v -0.11855433667437767 0.96694002187949291 0.0098273433353124606
v -0.12133005532798742 0.92710266346471193 0.01387202745709501
v 0.052964395289059718 0.72069389996983202 -0.056015258670560203
v 0.044901090673545946 0.79684633208084332 -0.047640030538891917
v 0.065470472368643257 0.72290128487880223 0.013925703754747011
v 0.055870739312087775 0.80003911186025589 0.020412761279335286
v -0.11983142566328503 0.71836079703667977 -0.004226155299513968
v -0.10991110315181876 0.71269660941116775 0.066664796019223621
v -0.13444295014714583 0.79141253974893222 0.0035112680256438947
v -0.12156314606804688 0.78874214680434518 0.073883483497000912
v 0.020705692657721431 0.71902845606346388 -0.087269912311666031
v -0.028531394131676935 0.71721055355104357 -0.092632567664652832
v 0.016286443628991912 0.79571852829910494 -0.080082656678255926
v -0.0289088163360295 0.79409213444645299 -0.087035869575692787
v -0.10221171300053648 0.72346448453153234 -0.072122123316533726
v -0.092272566015607863 0.80183387781658577 -0.065954041087463472
v -0.084033177664371142 0.71684611761216643 -0.093527629135311499
v -0.081336009255027916 0.79367422022892087 -0.088488773224322456
v 0.050656789929455867 0.72486663500138659 0.083320019012965416
v 0.04145852069654285 0.80272654715930825 0.086979628758726363
v 0.017484677847791036 0.72069067696162226 0.10466510701677856
v 0.01176917317580739 0.79778635837425971 0.10556276769117534
v -0.085666808955797161 0.71463355799710915 0.10020095761042486
v -0.030811549601906199 0.71526656466274074 0.10324717761327308
v -0.083473778236514112 0.7897102135452696 0.09997701173951859
v -0.024197104972497798 0.7825307398858008 0.10200507878531073
v -0.22885863498329745 1.3234447754665819 0.20547975400653146
v -0.22179660137403234 1.344063502426514 0.20754871214544834
v -0.228247917194489 1.3242167116336498 0.19585033443320327
v -0.22121595341234962 1.344766892681553 0.19791199041998861
v -0.064690279621917757 1.4284909191662318 -0.038262741784872836
v -0.048079376458264045 1.4272989212596967 -0.038299779514265622
v -0.06356014030370355 1.4199331632764658 -0.039105710191789114
v -0.04767547045978543 1.4190533809248529 -0.039115339969461524
v -0.18550271530130208 1.1634441841944481 0.18986232458013508
v -0.19985679658082944 1.1797011043274075 0.19141785765621033
v -0.18501549444111071 1.1648635895052033 0.18030200851413331
v -0.19931993572125206 1.181036723141162 0.181848556341587
v -0.0038028471067909075 1.4251415705588575 0.22508086117063486
v -0.0061598896620078114 1.4164479550161673 0.22420965427829753
v 0.014257216353573798 1.4160974983187742 0.22428104579360025
v 0.0099388465405217952 1.4086643647669401 0.22352443616473258
v -0.033139424452984567 1.1844368620124057 -0.062194755556039073
v -0.049651230306803018 1.1814406361382896 -0.062574149479511981
v -0.035364983673906836 1.1930346449235403 -0.06134312053304964
v -0.05142407930188736 1.1898914335681336 -0.061809737982105234
v -0.066366210183417373 1.1805927818014232 -0.062736840372301941
v -0.0830575301653243 1.1816646933386905 -0.062782452249542292
v -0.067515129123423279 1.1888722193256072 -0.061987730460570545
v -0.083401081427385282 1.1898492169800139 -0.061966574537602265
v 0.080454694313320002 1.1912847026472277 0.19387936444670809
v 0.068083288472763959 1.1720951338145855 0.19192365203772327
v 0.080015404075988977 1.1925134055339341 0.18429787731507974
v 0.067707177981056577 1.173347226187238 0.18234902880223955
v 0.050201393360878088 1.3516762019854562 -0.045253655738458652
v 0.041743167345933724 1.3489037082231157 -0.045571185389400637
v 0.042741300471710431 1.3666622044188792 -0.043808591453031953
v 0.034704297375443505 1.363408004155573 -0.044171839753483988
v -0.11034157898582575 1.4411690111100854 0.217618020228457
v -0.088711581291640085 1.4454056501144776 0.21814374328949793
v -0.11013744779169393 1.4415353159203392 0.20794986132693138
v -0.088586707581773394 1.4457611492863685 0.20847412583760228
v -0.22482688653028476 1.2595407387588602 0.20764459725924539
v -0.21362018886375184 1.261713273582056 0.20791585442069238
v -0.22623043736054788 1.2806221038331493 0.20971477791779125
v -0.21519106391750614 1.2820045111925427 0.20990628085025764
v -0.21211410341931991 1.3635959972665177 0.20951932207614765
v -0.19989863652268247 1.3817292270934693 0.21136785861229204
v -0.21157204255650991 1.3642287653385057 0.19987507421771031
v -0.19940185651563486 1.3822900522882615 0.20171594079516444
v 0.097459950434089532 1.3209216426194308 0.20686800682879214
v 0.10185962001128454 1.2990580939367558 0.20473052722963414
v 0.096897966216852177 1.3217500253904741 0.19724007531476179
v 0.10128990507450941 1.2999632584501915 0.19511113501489544
v -0.03090579576936614 1.1738992231748839 -0.045073331523532746
v -0.031232174418960534 1.1761929816179078 -0.054560193412156434
v -0.01422240011311271 1.1791236463407693 -0.044476383509571851
v -0.014732536920285477 1.1814008951133601 -0.053965248021920861
v 0.046620416371787043 1.3915265579832714 0.22202332848628742
v 0.031131430773019386 1.4049352193529143 0.22326847582072951
v 0.038388656766859819 1.3860601001143402 0.221441374976943
v 0.024739234977849078 1.3985716806761981 0.2226071300655077
v 0.053061725641570634 1.1553726493044945 0.1901275950675039
v 0.035835132472149062 1.1411257447770473 0.18855893239744559
v 0.052735887974939777 1.156654497181387 0.18055567945155876
v 0.035552893576246802 1.1424689506346228 0.17899301890721731
v -0.18542162980468357 1.3981148682671241 0.21305217609617574
v -0.16935636803592891 1.4123219496507617 0.21446957750550433
v -0.18498054304766309 1.3986219926129955 0.2033943833684877
v -0.16893749886694925 1.4127863919771577 0.20481219783183335
v -0.026436749649863922 1.1232214769189053 0.19487111263213941
v -0.0056723919402969503 1.1287196854743859 0.19553433818193228
v -0.028595666642764694 1.1344764199136848 0.19608440078771455
v -0.0085588492724534559 1.1398023871725187 0.19672059013232057
v -0.032032635101006512 1.424021209580957 -0.038546368829383268
v -0.017020931259097594 1.4188112510374911 -0.038989594014685838
v -0.032581580984121283 1.4163473090562824 -0.039309906857948232
v -0.01887321001990383 1.4120279283622725 -0.039671199524264331
v -0.19493937562375463 1.268612753322756 -0.036538338776450005
v -0.19352541445747329 1.269914641957578 -0.046109360986210067
v -0.18930895889232385 1.2521628535507194 -0.038139318379208163
v -0.18795820674618702 1.2536380864821248 -0.04769378395881755
v -0.21202736799806232 1.1975825489489496 0.19313097903700774
v -0.22168602725772374 1.2170085404763056 0.19501186281759855
v -0.21145244100332289 1.1988304241089003 0.1835518585096246
v -0.22108286827452178 1.2181850693183758 0.18542499018889361
v -0.1425873978847717 1.4022630967876764 -0.041243734158006043
v -0.13881170497051054 1.3949107659826314 -0.041954262388438454
v -0.15486688668665266 1.3914815720408606 -0.042372694467225011
v -0.15055070289010547 1.3850964778085528 -0.042984682173429475
v 0.053437077527509952 1.3970270648691177 0.21415689964013804
v 0.068097054375463345 1.3803307505094651 0.21258740499779125
v 0.053022642746940019 1.3975670990904785 0.20449946560555154
v 0.067630921682172274 1.380941674246621 0.20293712987864895
v -0.024971139150696264 1.1158465831318423 0.18561288065237971
v -0.04670659107109626 1.1133282363535972 0.18528179273770479
v -0.025110557372479886 1.1174377683611179 0.17606851862668535
v -0.046768794732157504 1.1150056828557298 0.17574748408631496
v 0.011640507638752517 1.2057274503210569 -0.059931353973306456
v 0.0079080244729221594 1.2131261891809171 -0.05920976527859944
v 0.023987472380185726 1.2163939905990213 -0.058807646331803826
v 0.019699130178371882 1.2228363739709036 -0.058185239759908303
v 0.010074308500935991 1.4031869505857126 -0.040406356212892167
v 0.0050834234699930758 1.3982190669272287 -0.040923296164767323
v -0.0029994245640176387 1.4118146246696361 -0.039614802062154245
v -0.0063750897423891506 1.406007845202121 -0.040207026709694213
v 0.055622527245150294 1.3358065892020579 -0.046798346824166948
v 0.058888745418036542 1.3193611024735468 -0.048410579043657066
v 0.04693660581876502 1.333545730619893 -0.047066142648237136
v 0.050146770320339762 1.3176585900236819 -0.048623188968808323
v -0.16528167935183485 1.3795359598049195 -0.043607963029758876
v -0.16028055791059503 1.3745681499497251 -0.044076082963767346
v -0.17394349352123972 1.366530365827396 -0.04493976366890888
v -0.16810958115230512 1.363163266753731 -0.045245107074221566
v -0.19949715460428474 1.303002398040993 -0.033157876371345617
v -0.19803093843039649 1.3039454236896555 -0.042763502764088877
v -0.1983424518179831 1.2856658963772056 -0.034866511557784363
v -0.19689061350690212 1.2867863398199129 -0.044455049276273299
v 0.080435043301975845 1.3618885047565015 0.21082814564970909
v 0.090306077727297901 1.3419508604467856 0.2089127195725311
v 0.079926625520282318 1.3625719258632869 0.20118531875404136
v 0.089766336890393539 1.3427008693702309 0.19927668961576059
v -0.097868921277253829 1.4242435578120911 -0.038845945098599274
v -0.081397276152911757 1.4274535512629711 -0.038447211940347989
v -0.095557559952162974 1.415617626302486 -0.039689902545103975
v -0.079640672034036242 1.4187733548715631 -0.039299259758812752
v 0.034454223430417596 1.22827000882955 -0.057574143038225917
v 0.02946573951578571 1.2332999452986524 -0.057096947866800557
v 0.043156661203624297 1.2412407954541507 -0.056241366348572588
v 0.037324147168703081 1.2446705385244261 -0.05592831249554308
v -0.068587308819305054 1.1134768376895885 0.18524173819967563
v -0.090172033120466955 1.1160204795288418 0.18546220716907991
v -0.068562253257594352 1.1152209620401916 0.17571686137054215
v -0.090056451447380115 1.1177910779579556 0.17594142928798023
v -0.1638893833311923 1.2283773627946777 -0.058525413373016165
v -0.15649764606588024 1.2320806060229552 -0.058122478566049955
v -0.15308272834833653 1.2162042211163016 -0.059681725249167358
v -0.14665254040026415 1.2204316289318584 -0.059230929655858022
v -0.18585349754611391 1.3379339396979339 -0.04778515444661606
v -0.1809670144032155 1.3525787910354654 -0.046357353612063681
v -0.17814596988026876 1.3373763641530274 -0.047803626906532101
v -0.17415181656885131 1.3507384198765189 -0.046506530362984147
v -0.10032732212673967 1.431308941728979 -0.020010645479131686
v -0.099914466161487248 1.430896292128788 -0.029755016946465054
v -0.11694707134437204 1.4257218584036726 -0.020645787234831348
v -0.11635705020659837 1.4253664540630717 -0.030383617433151544
v 0.05546163600359072 1.270131636170823 -0.053310396750781357
v 0.050213811434287187 1.255180370473415 -0.054820938532615729
v 0.047740156895867886 1.2707318602764945 -0.053288568045975669
v 0.043391478378170534 1.2570832495566373 -0.054665152788301752
v -0.11130074269166412 1.1209476396659876 0.18591966739539184
v -0.13167070964319305 1.1281390628231958 0.1865979553123476
v -0.11109251443197071 1.1227014413672625 0.17639768322861427
v -0.1313747588220387 1.1298341200641293 0.17707102323071988
v -0.14109771375984559 1.2058704483345404 -0.0606501877732218
v -0.1360904633182981 1.2107736672575304 -0.060138942834064166
v -0.12805599808863966 1.1972550253974907 -0.061444330097439062
v -0.12465561438303518 1.2029957368179816 -0.060856914362180048
v 0.10331807988065342 1.2768587114222503 0.20253466013952215
v 0.10192482466235697 1.2545230677658465 0.20031376341655929
v 0.10275303090845977 1.2778333466121214 0.19292301234313558
v 0.10137617940788593 1.2555733774383668 0.19071098683334572
v 0.033400265238300281 1.3804598513244033 -0.042489721458379613
v 0.026001901634852831 1.3767202341389209 -0.042897859529133588
v 0.022518528320646658 1.3927178603862786 -0.04133273346304845
v 0.016090730577223988 1.3884461546849722 -0.041788550033097963
v -0.19028130520090203 1.3055646924561128 -0.051008321912969681
v -0.1891085538083907 1.3220391258256488 -0.04937236372212362
v -0.18168718685455965 1.3066618168303661 -0.050858738800899479
v -0.18082653787963671 1.3224105435210118 -0.049296126025031139
v -0.23452514038263106 1.2804072622552207 0.20120828575183533
v -0.23309399085027704 1.30211747188104 0.20335879875680751
v -0.23389081805369311 1.2813488744367341 0.19159652800283741
v -0.23246744934283464 1.3029749857383863 0.19373825447994095
v 0.059938342981056492 1.3026923041371667 -0.050058002375715858
v 0.058756833087928922 1.2861144952054282 -0.051707514831613829
v 0.051324490574651604 1.3016157331590077 -0.050207621760121779
v 0.050455786315846435 1.2857759596050886 -0.051782192360711812
v -0.15110944402117971 1.1373772401457849 0.18740055497087543
v -0.169126102761463 1.1493934029845483 0.18853578662065973
v -0.15074000547713021 1.1389533960849214 0.17785743698684284
v -0.1686902657273068 1.1508962524998814 0.17898507829898708
v -0.06671180996654974 1.4468151621852501 0.21839096714152623
v -0.044714854990521413 1.4453403431736698 0.21835219990722504
v -0.06666505646371873 1.4471604025386575 0.20871995091147288
v -0.044746046455372723 1.4456855613446948 0.20868080070301126
v -0.10822310263383772 1.4322817483528951 0.22518852172668757
v -0.12860206295081178 1.4254104288353127 0.22440768537337508
v -0.10473350518727959 1.4212786444533041 0.22417998998624708
v -0.12445053235413106 1.4147433419004909 0.22343793776167248
v -0.099083368579488962 1.1850087850619888 -0.062525228180778047
v -0.11406515113266502 1.1902554324782999 -0.062073797169596566
v -0.098484933594162105 1.1926196364595332 -0.061762996354515785
v -0.11217681659915613 1.1969719138590396 -0.061395646709982134
v 0.097554750474641072 1.2326425418212497 0.19810917686443502
v 0.090419990046103627 1.2113313497531593 0.19594772174025527
v 0.097027563959187296 1.2337721404074118 0.1885152497074645
v 0.089936746236284226 1.2125065210668922 0.18636008451841435
v -0.20981754586825424 1.2009134388459646 0.17153024505000608
v -0.19780307952225717 1.183326306107553 0.16984875219135642
v -0.14964345257885295 1.1419617359475849 0.16600034519870585
v -0.1305458305792013 1.1328666626537016 0.16515850578956484
v 0.016545777016343965 1.1310232096832196 0.17769189695558277
v 0.015791998751456343 1.1335759227481907 0.16572696683841553
v 0.034633346148707667 1.1449267515614743 0.16701946863936107
v 0.078687860298710638 1.1943399240424868 0.17230117401689959
v 0.088342513669412759 1.2144573003255847 0.17431585283799195
v 0.10096466088095402 1.2791092727042888 0.1808049117070725
v 0.099510569298229046 1.3009921527327457 0.18296745601142453
v 0.078355909707801263 1.3629054048875375 0.18897080099557731
v 0.066187877252212257 1.3810775235981876 0.19070310143143651
v 0.018045757784372951 1.4244054554774166 0.20696650771488834
v 0.017123679820244375 1.4240602629070127 0.19468533022737788
v -0.0017438219245644038 1.4341791357470037 0.20782872673519065
v -0.0024491755909762936 1.4337193227173208 0.19553742773016142
v -0.15066206217205969 1.4249090183773181 0.20610341771902152
v -0.14969277812718534 1.4245387173376964 0.19383658185110902
v -0.16777032167173289 1.4125508953208359 0.19255969436963211
v -0.20998665825765911 1.3644884959901125 0.18766650532145443
v -0.21952080195146467 1.3452374317756004 0.18572534895413012
v -0.23203924348360605 1.2824997804182796 0.17947961653954725
v -0.23240735102636195 1.2597837799866491 0.18947891018592117
v -0.23056640574409426 1.2611775587749843 0.17738684911757879
v -0.16921978844605484 1.1938250783241058 0.2014271490428588
v -0.17848703177636199 1.2100129355516542 0.20298311100733241
v -0.18286770286084719 1.1872474375462825 0.20070086466237524
v -0.19394329919217773 1.2039487829748008 0.20230046328849738
v -0.19870330468982172 1.2841101173321734 0.2101967528869669
v -0.19646794790979033 1.2650465012595451 0.20833183918248441
v -0.20521695913033422 1.3385617638050524 0.21553151243108931
v -0.19463994379913518 1.3360372373318927 0.21533492040949648
v -0.19754813057286186 1.3543971062816458 0.21712782267287112
v -0.18922343201426112 1.3496121939488896 0.21669695507929912
v -0.16012613954452715 1.3948721162895545 0.22130172061552145
v -0.17514228782369823 1.382355819183712 0.21999300434639982
v -0.15322021658873919 1.3814121799619687 0.22001024504967479
v -0.16786459515691943 1.3713660589999845 0.21894751920669209
v -0.0086385867398073302 1.4059397268793317 0.22316067661867955
v 0.0051515668833150285 1.4004143668410434 0.22268556476412299
v 0.037624912811871525 1.3641888395048141 0.21928400370998419
v 0.0470040949129929 1.347584103719383 0.21769214351745098
v 0.051178215052842285 1.3709192751789461 0.22001663538640684
v 0.062389208399927842 1.3537448355319799 0.21837734965481126
v 0.067523909322411479 1.2717291864893954 0.21030573646982595
v 0.083980594253989571 1.2737166864484204 0.21057803483703896
v 0.065312025576690524 1.2912544744127066 0.21222922911227141
v 0.082436300704526871 1.2945123884632834 0.21263251567661393
v 0.073881961518489025 1.2156669277790768 0.20475754781903829
v 0.063366798596809243 1.218471592663581 0.20499567827057597
v 0.066030607165424304 1.1994732966983104 0.20309496823598691
v 0.057819992707152046 1.2045758700038576 0.20357852301887308
v 0.027970132422186739 1.1582295288557432 0.19879150270283813
v 0.043328937691931774 1.1706697140710645 0.20013331344515201
v 0.021552134495978259 1.172544341264224 0.20025093522900633
v 0.036237694351795358 1.182651069209119 0.20127901520054783
v -0.1265089562752231 1.1428924997080914 0.19652451606652604
v -0.12370967569219321 1.1529943362771253 0.19756536619698561
v -0.14236289178261335 1.1504463613133507 0.19721324285119635
v -0.13737031211742165 1.1584387433299184 0.1980472008469796
v -0.18521750400616366 1.2319183948208141 -0.012273517819558752
v -0.18317798612746433 1.2345314586076475 -0.027618543582506226
v -0.17520121514840825 1.2170588389782466 -0.013697254906753734
v -0.17332683470925964 1.2199031336301773 -0.029020460772909193
v -0.13482605536519426 1.1818459512259343 -0.017001756361515234
v -0.13361664955684438 1.1852363106974264 -0.03227400188845727
v -0.1185609738622419 1.1742620348804103 -0.017587498775948278
v -0.11762290115569646 1.1777412932707931 -0.032859527974334307
v 0.0036399448427307524 1.180024274595783 -0.016414724313847828
v 0.0025267405076828675 1.1836614199797113 -0.031684667458558247
v 0.018823772875026623 1.1896461509835765 -0.015383153363923895
v 0.017435828054350538 1.1931704285072511 -0.030666034575096535
v 0.054673347372528769 1.2296352652180917 -0.01124266603844503
v 0.052513332592108719 1.2325690021193771 -0.026663752827438464
v 0.06253575318561283 1.2459282780523799 -0.0096692994008614128
v 0.060432899679034979 1.248440913788857 -0.025046026001922475
v 0.073099487374827909 1.2987919001865074 -0.0043742176105786845
v 0.07083816628192377 1.300382202040276 -0.019842066090441243
v 0.071913191797204706 1.3168226748131786 -0.0025931573226758362
v 0.06967438125357503 1.3181086609671315 -0.01809081428090735
v 0.054472229849602261 1.3679130972319904 0.0023713214826873372
v 0.052542235843441115 1.3683292525874711 -0.01320881230181286
v 0.044381498104260064 1.3829496852316481 0.0038068738628409052
v 0.042623858291255895 1.3831154038559927 -0.011796459629491052
v 0.0033514186868873752 1.4185979618070597 0.0070805214853366105
v 0.0022785353612170822 1.4181578742501773 -0.0085784513913026023
v -0.012857427522932341 1.4265805111003043 0.0077927968534409336
v -0.013660930376328373 1.426005892850017 -0.0078781985795185749
v -0.1348683603537516 1.4188220574748871 0.006427512441089453
v -0.13365029429609337 1.4183812513004526 -0.0092203399967689531
v -0.14991190250650155 1.4088531769926123 0.0053656217715013083
v -0.14844280601910675 1.408571687393342 -0.010265208326746461
v -0.18552182684803281 1.3685641408540927 0.0011970603793050594
v -0.18346301006761667 1.368953662180896 -0.01436435905233599
v -0.19353157977118957 1.3524356689589911 -0.00044118373422763479
v -0.19134131277509847 1.3530969655201497 -0.015975014880285271
v -0.20369330772308009 1.3002951734399051 -0.0055982366818004281
v -0.2013391393047792 1.3018128445069916 -0.021048209096220891
v -0.20249434573180458 1.2824514468446961 -0.0073552100585039804
v -0.20016425819700134 1.2842530761963071 -0.022778000848469995
v -0.16901599530503303 1.3230070053827763 -0.049181081747226768
v -0.16885695802062034 1.3083319023614475 -0.050632629158679408
v -0.15315969496058185 1.2500870740060863 -0.056322404273014694
v -0.16515498814059826 1.24529730936912 -0.056854271270387974
v -0.15921988396876013 1.2639076058910959 -0.054982318207085518
v -0.17214191956511177 1.2597000270854586 -0.055460537959001105
v -0.12991299322526534 1.2164821818550993 -0.05954234938452807
v -0.12088184946962433 1.2093706729246092 -0.06020473298039427
v -0.083981767090646198 1.201523379128981 -0.060806539771144232
v -0.069171543838047578 1.2015757017771449 -0.060729491061859049
v 0.023664928084476011 1.2395033870237686 -0.056508250900309878
v 0.030850180368194147 1.248466343041402 -0.055582167707879014
v 0.038611529508371212 1.2852233535000726 -0.051896248119066485
v 0.03845382002522188 1.2999751479831052 -0.050435320835065828
v 0.022681629633602318 1.3585776368170956 -0.04471206437846359
v 0.028785119449987961 1.344671132568686 -0.046056987554369898
v -0.0010778169685000671 1.3924363027765323 -0.04152674775043759
v -0.010123702875471985 1.3995666077682922 -0.040863978879013926
v -0.047034783702041449 1.4072866794573706 -0.040278861831683513
v -0.061833833515282821 1.4071460194163405 -0.040365104023268469
v -0.15447540509752306 1.3684331120170989 -0.044656004068967761
v -0.16163478889453198 1.3594302796780033 -0.045583596944564306
v -0.025532978565111469 1.1204287745122825 0.16414312475370627
v -0.0038176706911030311 1.1227919977532876 0.17672522735095081
v -0.0044152481357940254 1.1255539270875168 0.164777780794092
v -0.10960929904812555 1.4409863999550212 0.19566316101980841
v -0.13094610373355503 1.4345398540905796 0.20715461730145063
v -0.13019028422056528 1.4340615626646183 0.19487603152859689
v -0.061361647071804137 1.410346502683133 0.22332317481274089
v -0.063658489207497559 1.4267365751597356 0.22492664186019212
v -0.080747469740240552 1.4082589249355133 0.22301967190665453
v -0.084301313164337199 1.4252990329396644 0.22468116693231488
v -0.071122264994940954 1.1475824222155915 0.19731782801407546
v -0.069730933707813497 1.1315056072127296 0.19563381120376122
v -0.051698468993635616 1.1488036154394299 0.19752014622147285
v -0.049143152619310404 1.1317886114070508 0.19573000168505206
v -0.029931555918579739 1.167392986385978 -0.017825992758930487
v -0.030456282507591637 1.1710719744605864 -0.033091468578787295
v -0.012711294131631662 1.1725524453051857 -0.017237901303817561
v -0.013539738586837408 1.1762596492381365 -0.032499962704621507
v -0.1015159362662027 1.4325082540425942 0.0079474118105669761
v -0.10085034106382207 1.4318387134136501 -0.0077258182402269726
v -0.11864338327326207 1.4267557391202725 0.0072933875545570931
v -0.11769131498565127 1.4261724001683178 -0.0083698962513035213
v -0.010329895279574397 1.2166238881735292 -0.058948180882477413
v -0.0054798236476996109 1.2046396463656524 -0.060119737947541899
v -0.024297442885049536 1.2107249371799402 -0.059602725928513914
v -0.019942794780902218 1.1979526652761312 -0.060781772723621764
v -0.12057192583651333 1.3915858950271192 -0.04219481410547575
v -0.12547289214802665 1.4035320497587145 -0.041034311918369329
v -0.10663851786919304 1.39761480665037 -0.041528988949064857
v -0.11094365504299225 1.4104809795130091 -0.040274357542060754
v -0.09785114011956389 -0.0078068386397631695 0.1286110692790535
v -0.10192893360011317 -0.0063472504095437848 0.098048695449063694
v -0.08842952708461585 -0.0077484688808718855 0.12514114722480071
v -0.098600659647383432 -0.0057076557217528847 0.082754734853743198
v -0.14041500410896715 0.018357940509581065 0.12655637402610584
v -0.12917212804587308 0.019602448109767072 0.083127140366425392
v -0.13913597336746275 0.0034226273446131914 0.12322465849198055
v -0.12770479373575722 0.0050022784057113991 0.077467430704078882
v -0.12437658028881982 -0.0090286890394091195 0.1961821190815955
v -0.12671477281357049 -0.0093374941647572478 0.21954512653604746
v -0.13732076915396968 -0.0087590891732483543 0.196463396687303
v -0.13958727702117751 -0.0092355309860130443 0.21972962938373811
v -0.1205643753233429 -0.010599989891055494 0.30704878301118588
v -0.11829603902513297 -0.010348427590645061 0.28773558637932561
v -0.098537864337623071 -0.010645242809387143 0.29508462468894292
v -0.10450044549226432 -0.010393495967857073 0.28142251906136484
v 0.024521886373058358 0.18098064768421221 -0.44444771093459917
v 0.037810133197261106 0.18236631447441212 -0.44533867463809029
v 0.02751806865984658 0.15785110842639336 -0.44471630736843409
v 0.040177516876899001 0.15911731501457682 -0.44564185652427329
v -0.082406970754174177 -0.0095651794389086872 0.22016929624143333
v -0.087171744665840878 -0.010321554794078824 0.2594078374525734
v -0.095105894441360292 -0.0096577962124634754 0.21965622756626305
v -0.098852682179088186 -0.010133344796774321 0.25555942744247057
v 0.016258605212452662 0.15609533291268016 -0.41841882268999098
v 0.016338042772885801 0.1564526636044461 -0.43273368232523479
v 0.023874857586485793 0.1128609015163303 -0.42095718190145792
v 0.02398709714146911 0.11307301045709682 -0.43377281771526494
v 0.048226593894801703 0.31685186911213292 -0.42205744183176785
v 0.04779476163688208 0.30895975518470642 -0.40826711621112188
v 0.066287004947342937 0.30226759200468534 -0.42379271750577024
v 0.068380245030436868 0.29545001469103571 -0.40972440168872748
v 0.093200346108852777 0.18260440650708393 -0.4180252207081433
v 0.095880408426616257 0.15948241203316196 -0.41916897830640454
v 0.093275302376773478 0.18302737060125521 -0.43306194287412814
v 0.095968181924580592 0.15979260534453865 -0.43342432072654147
v 0.071760604311476933 0.16030526556831634 -0.44570354544509805
v 0.084642310385066338 0.16060427370889407 -0.44582968929059724
v 0.076816238621703878 0.12440730438351068 -0.44617349904061743
v 0.089760508531151625 0.121043586864907 -0.44633721258683917
v 0.061608678146697821 0.2515088634636049 -0.44228045721637227
v 0.057174624018923745 0.28221974280551987 -0.43728211126570898
v 0.070919762499494277 0.25475765769768732 -0.44180699568145787
v 0.060543820893167816 0.2973756498177289 -0.43511666098328067
v 0.017165297175806775 0.24947009978287291 -0.41531872621141658
v 0.028032862452827052 0.29374192443558916 -0.40969097547607664
v 0.019404131004693036 0.25417836593629028 -0.4300809221859011
v 0.030848436467136961 0.30121523539376949 -0.42353632520680529
v -0.15042519405271562 0.016427420754748158 0.22080230144135754
v -0.15072345677630272 0.0023320712390488586 0.2205112591758363
v -0.15398488222504425 0.01434662257803304 0.26507220407491933
v -0.15428418052433343 0.0016793825763055364 0.26484444138934532
v -0.11043935660715176 0.0051633948596623899 0.06182419676226443
v -0.10933497856337139 0.019525510652735983 0.068423016450881141
v -0.092264847166757424 0.0046230037242690585 0.07649071732591517
v -0.088802778033456903 0.018836150103698122 0.082705323153207833
v -0.067443492938554728 0.01671559494943145 0.19791037041809273
v -0.070715276795479523 0.015739577593102079 0.22122158752949261
v -0.067739612829891938 0.001926724447540315 0.1975509361961455
v -0.071014531521292362 0.001676598139092815 0.22092346646638472
v 0.040087026167660821 0.072826808652288466 -0.42410456445952838
v 0.040240180690662104 0.072976745267398835 -0.43535528706530824
v 0.070126725983543553 0.060092369994064032 -0.42476201680501058
v 0.070285598655506681 0.060230414666971072 -0.43560063881304811
v 0.013571853473524773 0.24024813428589314 -0.39190290374990699
v 0.01148411015584877 0.1983897879301004 -0.39122199074477576
v 0.010369845290999859 0.23327280134739653 -0.3681361031317954
v 0.016974833125497624 0.19420838015018455 -0.36409484962277583
v 0.065884909362231597 0.20894107337821577 -0.44494433865286376
v 0.051888570467113031 0.20838414055928578 -0.44489751619840229
v 0.05053265877118511 0.24993077180183429 -0.44226874674037109
v -0.14250985476405578 0.041893131113505712 0.13240154509232366
v -0.14613933747253927 0.041583504101302259 0.17546060096618571
v -0.14433811437348668 0.066056168585769084 0.13776526002368264
v -0.13982032634616295 0.067181965605799532 0.18038992040438934
v -0.094344447209052384 -0.0088371982135863544 0.17118162206149665
v -0.10850007569158057 -0.0087961626681807344 0.17090999326529221
v -0.10896000263025322 -0.0077612341445342523 0.12990792764920073
v -0.14597039697082528 0.017922827151259597 0.17316528705423651
v -0.14854208740541566 0.017488460281460803 0.19733923759882252
v -0.14807890833521203 0.040121515785569307 0.19822195840748119
v 0.089774663276764657 0.20632403487795609 -0.41752343010287962
v 0.09042108725318633 0.20272208468644978 -0.39203030810566075
v 0.093166367362329361 0.18109941582100722 -0.39378918647745648
v -0.12250887180351275 -0.0086591559722170655 0.1708665585787936
v -0.10900808710604959 -0.0091891709929335687 0.19622432895061298
v 0.068634878460432258 0.18364696734625216 -0.44542650871453954
v 0.053279259231538256 0.18306210505081863 -0.44538187483497532
v -0.068507041889662085 0.017119589093739555 0.1736718007068874
v -0.06706437695037723 0.040680766183034622 0.17611348007656732
v -0.066986352592350432 0.039282308185024775 0.19876849670895377
v 0.01241626354308862 0.2025128607649295 -0.4169741646727595
v 0.012245720044707795 0.17882671822560647 -0.417552252542227
v 0.012207085401006412 0.17715980760440037 -0.39294918889005903
v -0.12119441784900259 0.021399304404736336 0.31975406076339929
v -0.11944460978004504 0.032484871002576549 0.30625566914349367
v -0.14777718721256222 0.023724345845725123 0.3061753687413904
v -0.13935946971628868 0.032942744949536439 0.29565336904622447
v -0.022890493913069604 0.92270148044039912 0.11798280543891504
v -0.02195131072254114 0.99577893833769138 0.12535953970855351
v 0.13166884828874759 0.66715816506155301 0.40780390346084611
v 0.13787410671853362 0.63296336530389996 0.43391430377756701
v 0.18184784626604822 0.63438941465271859 0.3773336608333907
v 0.16951955296849919 0.61142896804601454 0.41510921656744498
v -0.28173710613225844 0.70330857589650519 -0.33219016577506011
v -0.28711879594588063 0.66687195895168971 -0.35841981172089776
v -0.28458855476006018 0.65164746573274845 -0.28907947974510517
v -0.28932958028430422 0.6340828957672876 -0.33123930028257043
v 0.019884209870101765 0.20303693414249815 -0.34332376618820637
v 0.076366350311409828 0.26514782340748028 -0.35619688005830402
v 0.074999345681886487 0.27187460200344649 -0.36670195129435673
v -0.13561712639445656 0.084560208432325396 0.17443709466740434
v -0.076036779704317603 0.080805365589688441 0.10862976645580824
v -0.077882603857772931 0.065512438691428046 0.10286538734430331
v -0.1633362303831033 1.2035905645405873 -0.014977471434227688
v -0.10151677789271257 1.1684553296898466 -0.018082273451608136
v -0.047756548256323389 1.164365101751855 -0.01821989671918274
v 0.032565234535554294 1.2012614568682891 -0.014158729976501958
v 0.068367572761013212 1.2630358203973318 -0.0079434862606596254
v 0.068360951513716878 1.3345649251743981 -0.00085579743031334587
v 0.032401822424823534 1.3965590151511194 0.0050894894813110977
v -0.029966985889105902 1.4323883148940406 0.0082850491592176417
v -0.083780403589317598 1.4359911820674891 0.0083793803558664254
v -0.16352056047243074 1.3970090550131311 0.0041248132326994064
v -0.19901724321660313 1.3357176559576593 -0.0020761828289473025
v -0.1989812783863863 1.2648991699653345 -0.0090747054186246234
v -0.17645893365662774 1.1800552502773736 0.10674897503006614
v -0.18984225097233015 1.1950850736155139 0.10817786868689062
v -0.10714578247982007 1.1417488285711761 0.10334477281781954
v -0.12614252047558491 1.1480849568375475 0.10390948289010887
v -0.048920183617894977 1.129258569242386 0.11367109847752938
v -0.025821258857968488 1.1313259308173533 0.11230040032882373
v 0.045514266983651186 1.1728600549990957 0.10715579098842684
v 0.031294326282086088 1.1582821513533397 0.10446332460292188
v 0.086196724563916249 1.2447031377498641 0.1144470604506001
v 0.079869687856714749 1.2246505975742767 0.11250970686575047
v 0.085875696625057618 1.3265340010325437 0.12253443059604904
v 0.090005241746583697 1.3062716070467522 0.12055999257595107
v 0.044958103535824911 1.3970279426323089 0.12927480138768258
v 0.058573375617191281 1.3815623212268908 0.12782299609199715
v -0.025834642760599547 1.4377144848162655 0.1328817575165539
v -0.0064662658726420963 1.4311249588341886 0.13232303329049505
v -0.10681086881154928 1.4378500051658223 0.13249961113025188
v -0.08673473842794821 1.441777898368422 0.13298713157003184
v -0.17698532320731059 1.3976736306393214 0.12817336619813391
v -0.16158008841358829 1.4110648783748461 0.12957634664930251
v -0.21699409794436786 1.328433070876003 0.12119154975411675
v -0.21046582202530595 1.3475811413927461 0.12310994212715956
v -0.21683076500898679 1.248602838483847 0.11332469459211633
v -0.22082382450959676 1.2683750540958898 0.11525752382387289
v -0.21079708783517692 1.2957429861543905 0.041181236789727335
v -0.20957201161045286 1.3144851773772532 0.043037685402167368
v -0.19175301280031981 1.3673808174231554 0.048305449135557302
v -0.181182449318676 1.3830753362541708 0.049913177427225161
v 0.065188818494840428 1.3655727770441195 0.087868853750766418
v 0.060344810707301494 1.3666470835902622 0.049540016505733753
v -0.1051718255938755 1.436196123141088 0.093947495624642788
v -0.10526923544475597 1.1498784299250626 0.065771151030287259
v 0.013338566565223718 1.1316982627954908 0.092321838187009703
v 0.015695419006879638 1.118808566205993 0.088617119998060712
v -0.065355269600903695 1.122617741851581 0.0962834183223161
v -0.066018824139196297 1.1102150488799425 0.094367425544590197
v -0.020892415502618417 1.1247010877460399 0.015992660906493233
v -0.022862813990991188 1.1398102985815532 0.01909503036178066
v 0.020341129337910324 1.1029003163441353 0.086748430063944976
v 0.01706971049431448 1.1095645116562245 0.086208617819197642
v -0.069620340450890605 1.0937650123039833 0.094491146913443833
v -0.066473125764930807 1.1009336611884015 0.093280282427371963
v -0.023378363569465849 1.1099559941209252 0.012357169585971717
v -0.019714038836581488 1.115134640542772 0.013597760156773664
v 0.083665888708349456 0.37258045345245139 -0.050657183850398191
v 0.083910542950283412 0.34242716293225661 -0.072731250087224586
v 0.083674115472434626 0.32148568689392343 -0.099035540825409218
v -0.13541645044611797 0.35353501892343087 0.10706165344071362
v -0.13544649297269051 0.34182939015478209 0.11499251409415323
v 0.082843922017603655 0.53889790767734902 0.054279973184586272
v 0.083077985967543122 0.50901193457291394 0.038794147779988741
v 0.082691223463479291 0.55137062785744073 0.061130613707768566
v -0.057993754368677444 0.57236474098405532 0.080697875515995679
v -0.059632757065282531 0.54438270171749048 0.092270215059457872
v -0.055398140748878139 0.58206622130210439 0.077729366927737298
v 0.083321732840820534 0.43907166886330584 -0.00016340421901389623
v -0.063401551518116037 0.47806785351945341 0.12725307184586354
v -0.097676873254381014 0.5070896507437983 -0.056601995313578429
v -0.1327726861764803 0.54567097463292935 0.089521512636667383
v -0.095947179611645159 0.55089465730393949 0.11109028127520225
v 0.081060769716793837 0.60171574894092694 -0.060911367769621527
v 0.08081054275357677 0.61430359612970697 -0.060276099868087837
v -0.1333757421850163 0.55416544352032571 -0.062379952590668766
v -0.095104355317552777 0.55545467666994308 -0.08601151151026569
v -0.12247562616514138 0.65214583689659766 0.073111450430060593
v -0.025398092059204617 0.62351266772368541 -0.097235356086449232
v -0.025277303205495434 0.65363081013322444 -0.095775822385777781
v -0.022758211700945861 1.0518814492819524 0.12936632879669407
v -0.081036093725651862 0.6475429074092045 0.10468871870420693
v -0.10776161038374138 0.99196700858887354 0.036452380224238357
v 0.047189080176100795 1.0143375447399352 0.066384361575447762
v 0.056155184645386269 0.99424991239167304 0.08239194269537041
v 0.12761481150688125 0.82097260490941104 0.1431563479590183
v 0.13041084221551813 0.805215485115365 0.16614699970613728
v 0.12249292634405606 0.83638082946621251 0.12573466141885473
v 0.11329786636625394 0.85935962398527022 0.10835590578851523
v -0.19951242851311968 0.93309042762237548 -0.17789840986296104
v -0.21174522034997045 0.90753375372042955 -0.18800963260530501
v -0.17805540200339709 0.97545189640849983 -0.13648892758412232
v -0.19042884416870631 0.95438722940462972 -0.16267087009642858
v -0.19123111072868793 0.98277903360808416 -0.020680651029358635
v -0.11225091874609455 0.9769088623303156 -0.085271393539536416
v -0.265398224187956 0.78224195186874401 -0.24286994263352119
v 0.19192792890394872 0.70197107434978112 0.30120952848377225
v 0.18969989535129816 0.7104618687055666 0.29609919250792727
v -0.26893906679557344 0.77263543159691139 -0.25329741674355549
v 0.18729173181353354 0.72543001929372308 0.28474441149182794
v 0.18602489830480429 0.74341360213204877 0.26469170297892053
v 0.14432298332567417 0.72567439377096787 0.37663851287646943
v 0.16763509597295534 0.72361698869390856 0.37188581424094352
v 0.17843858746697738 0.65666148225043997 0.3176986686189297
v 0.15549621569709426 0.6581339727929113 0.3221691204557659
v -0.25096732300536462 0.7464376423567699 -0.29827754586642991
v -0.27392816343189486 0.75003772554995429 -0.29195688935481412
v -0.29771189211709592 0.69073192881736134 -0.23331558767031976
v -0.27547480803099444 0.68581042934348724 -0.23959893723904491
v -0.11789321226596955 1.0841073493028206 0.044371166722817462
v 0.080966715460287331 1.0642428995190019 -0.031845814004229173
v 0.0784989482059954 1.0816112328164673 0.033003874672310245
v 0.061404241850447738 1.0778227451518478 0.097286262950126434
v 0.023342279743201522 1.0699719996543473 0.11530403190063426
v 0.0205713458404909 1.0881544252013253 -0.043914560857511623
v -0.023419642560486831 1.0871358851605841 -0.046827166966445538
v -0.059644613302537709 1.0859680362544764 -0.050315670883949698
v -0.10324725777995655 0.31086278011833168 0.20108293339802824
v -0.070825273315773277 0.30849276134396125 0.19118918420050551
v -0.14614558099889174 0.29960236860558304 0.15270438331457381
v -0.13561555642584247 0.30768527186270117 0.18736755333162053
v 0.089521193046891392 0.25134227683647203 -0.29943469290676306
v 0.077811854276740491 0.27531780699624292 -0.31269875638344213
v 0.050513886493937392 0.21826083946486699 -0.27500208788393604
v 0.080934557395176576 0.22782374672867803 -0.28188959607204089
v -0.065331389432693399 0.094227399933356007 0.14282704059803225
v -0.075841340421831327 0.091946387183875003 0.11104458051536352
v -0.13404960504678082 0.092691744732356002 0.10975509076142727
v -0.1049226623150333 0.091497723489408059 0.099620964788210434
v -0.097255166774342636 0.032327923010131911 0.29560513644342706
v 0.033346615092246464 0.11272546212585483 -0.39043016352141652
v 0.04540782411537761 0.083298406563126481 -0.40356075424896365
v -0.1607783107864853 1.2904428082801629 0.21101005389845354
v -0.14250078187450382 1.2944228241833164 0.21149337207636265
v -0.14218443001910425 1.2226189729890573 0.20442039852402399
v -0.12422428528872576 1.2278536428791016 0.20503026431795993
v -0.12271704866007854 1.1646805836684844 0.19875325985157991
v -0.10797952878821054 1.1645770323276852 0.19881501296211485
v -0.12511531518620178 1.2986437802411424 0.21199525486702447
v -0.1082383448837963 1.3030027936612567 0.21250854210478015
v -0.10692251198138664 1.232456784618027 0.20557329277577158
v -0.089999844794738826 1.2366942624490112 0.20607777381211384
v -0.073640743481177384 1.1662701134924256 0.19915161381416929
v -0.091392952376760789 1.1650214495906783 0.19894032893820257
v -0.074797718065900187 1.311737897421678 0.21353618626382087
v -0.091489516277295846 1.3073820363348487 0.21302366687382057
v -0.073193510040242327 1.2408474634994564 0.20657190715044402
v -0.056448561305689371 1.2449949731206895 0.20706523063101545
v -0.037117925014109515 1.1720507960342492 0.19990413251834949
v -0.05543473344943245 1.1685811292320178 0.19946772727397921
v -0.058068822014663235 1.3160182540009675 0.21404344646654699
v -0.041278347889000866 1.3203027167282551 0.21455134702511622
v -0.039714082433352726 1.2492180054616129 0.2075672070162051
v -0.022922400428957601 1.2534623547457253 0.20807155919166867
v -0.01918886045736895 1.1767911557088411 0.20045861913651092
v -0.0018922354017481269 1.1826210189956132 0.20112282689859029
v -0.02437337822607899 1.3246628734786099 0.21506831350325703
v -0.0070906638141358114 1.3293844423652978 0.2156231649004974
v 0.011359188734725079 1.261799461936149 0.2090599538721114
v -0.0060341847337726517 1.2576973990437201 0.208571354881357
v 0.014380911081446873 1.189392880235153 0.20187414248329644
v 0.029184374911575883 1.1965289650881268 0.20265500240236684
v 0.028993786704839208 1.3407906598285211 0.2169312897836515
v 0.010822265978094936 1.3347507446621345 0.2162429724325286
v 0.048460388611181265 1.2690513388929123 0.20995228420874426
v 0.029631681969354645 1.2656652678754872 0.20952901537926311
v 0.04205475881860879 1.2034365576798269 0.20340383740393075
v 0.050537817522109507 1.2090894861680213 0.20400404104929584
v -0.12496646670455025 1.2601229773894065 -0.055192512960486231
v -0.11101083128334099 1.2643313099765539 -0.054708464110896714
v -0.13932313308526034 1.3133536275343991 -0.049994437456142404
v -0.12508583957190705 1.3165110751862705 -0.049613496492904655
v -0.14928786105820607 1.3605897270530969 -0.045408322481595001
v -0.13928606341785493 1.3661539187436305 -0.044807780250653365
v -0.09755412815966169 1.2680463164194915 -0.054274847785238493
v -0.084391613746316374 1.2714797569846834 -0.053870679183963835
v -0.11153476306178217 1.3198619491445074 -0.049216160330002992
v -0.098379808141234537 1.3233158718182418 -0.048810489654993586
v -0.11516039223486813 1.377612089467033 -0.043553860780218348
v -0.12779082402435121 1.371979787353838 -0.044173997400647994
v -0.058271580948059787 1.278224977832586 -0.053074260169237816
v -0.071307326118259073 1.2748534160114586 -0.053472269759871988
v -0.085321971276442865 1.3267873679305799 -0.048402780180888609
v -0.0723083646975059 1.3302374195064468 -0.047997474317903528
v -0.087842732188353367 1.386826117988823 -0.042506851395737441
v -0.10175820917859169 1.3826145867584216 -0.042992398272865537
v -0.045246273340378285 1.2816551529080003 -0.05266985315376807
v -0.032176944478436387 1.285106170358393 -0.052263159089434894
v -0.059268924276070278 1.3336323068863987 -0.047596179239109443
v -0.046180223348298577 1.3370286896745684 -0.04719449776676702
v -0.073664437698065077 1.3900568199247403 -0.042117268439842911
v -0.059535556445971305 1.3923474908020268 -0.041821129619875899
v -0.018998852054580573 1.2885415407535663 -0.051856770843334468
v -0.0054242108830022673 1.2918717831420203 -0.051458924696502581
v -0.019538914752061487 1.344225867558591 -0.046348049717416809
v -0.033006377802846931 1.3404866685652814 -0.046785930916587913
v -0.045761071659014441 1.3937100325827985 -0.041618744769646707
v -0.032874280894008845 1.3943431313502397 -0.041493019698255376
v 0.023550926360888735 1.2977791982846123 -0.05072810783377027
v 0.0088459120055072726 1.2950075553075566 -0.051076417574952973
v 0.0086171633125110003 1.3532298697055238 -0.045313580127643499
v -0.005560828498713033 1.3484662039779678 -0.045857292170374146
v -0.021414151306560492 1.3944643516998292 -0.041425016134118295
v -0.01344092226872845 1.393867882332535 -0.041445204604968547
v 0.077047376893343456 1.0681517338242905 0.062036977853790212
v 0.071720704492129972 1.0703480305610096 0.076006404540479605
v -0.10617139379526846 1.0872861645634395 -0.0079740142009759318
v -0.11837174740405723 1.0452780278786824 -0.041672692228336417
v -0.11678539561099717 1.0094402729818663 -0.042278655461249551
v -0.11914617875438845 0.98697821236965511 0.0058229415644720506
v 0.086808896209792721 0.65484599614589722 0.018592009826392336
v -0.079557332068839068 0.65803040187993522 -0.095803157456556223
v 0.072390904851454496 0.64037268410580972 0.089018402558961318
v 0.030171083434214034 0.64034257485241519 0.11159315689497006
v -0.024601469870338045 0.64790287665824076 0.10535970348749837
v -0.023146501837965017 1.4318920940641018 0.22564523703467623
v -0.023824460842089612 1.4220519031651078 0.22466942359762959
v -0.22067049651485116 1.2387494286874245 0.20560896423741301
v -0.20952552543395836 1.2416114703761454 0.20594905209024328
v 0.0016193035720430404 1.1865038171690603 -0.043662829561130295
v 0.00093388678113659473 1.1887272682077568 -0.053158149776861216
v 0.01678258588909623 1.1296139895094386 0.1872520607774994
v -0.15101318143464082 1.42448314944211 0.21576495285976321
v 0.014090520334318429 1.1370128115877114 0.19649376513539063
v 0.010479924413611175 1.1476927940489732 0.19762617690133438
v -0.18158566772129753 1.2365658445698788 -0.039648047792119216
v -0.18031626223216651 1.2381997418717785 -0.049187322319468804
v -0.22876924944667543 1.2374741303965588 0.19699778761129022
v -0.22814701691652095 1.2385675541374475 0.18740183524346707
v -0.1287749062535653 1.411514461089046 -0.040258998095363055
v -0.0021210046168586016 1.1966905645286789 -0.060826309667503312
v -0.17318026862335839 1.2420680952404772 -0.05721302600295456
v -0.13269354244259207 1.4180282563725037 -0.021485521210250477
v -0.13193727500353652 1.4177581437704123 -0.031214082711625735
v -0.022496373360723798 1.4409368239583162 0.21809529039761355
v -0.022647349739027045 1.4413105725349882 0.20842137238730565
v -0.14732361043476278 1.4160981231095207 0.22345956011776216
v -0.14306904974539519 1.4058650741796461 0.22246831627708769
v -0.18364381174962741 1.1673428820905092 0.16832200454886792
v -0.11048572645457455 1.125863366295939 0.16449964338725959
v 0.051619747434669044 1.159098583841873 0.16857663197320899
v 0.095335316100498974 1.2355047316532799 0.17644648242961264
v 0.095156249656170228 1.3225392360257824 0.18507167056423213
v 0.051732883276630337 1.3975222360689574 0.19224774806374353
v -0.023620512429442131 1.4408397717897556 0.19606869331761845
v -0.18412629612346398 1.3983206864607667 0.19106888758556578
v -0.22647036540998783 1.3249122590830693 0.18368704051371085
v -0.2263455186797087 1.2401973989438824 0.17533387083436763
v -0.16040192263847458 1.2166892397542521 0.2037393733043408
v -0.15313270841889254 1.2008188380038196 0.20220633548355918
v -0.17656214907259793 1.2690717989053171 0.20882985805088783
v -0.17961126173576658 1.2869256956654513 0.21057037672400303
v -0.18254428846194493 1.3352735726764757 0.21532072246344114
v -0.18185451493185506 1.3453776539361793 0.21631602083364726
v -0.13670512956774383 1.3905778727879217 0.22099420359999911
v -0.0093430210561367688 1.3939130112228733 0.22196847462509889
v 0.0009185971301949869 1.3931139943411632 0.22194361229266812
v 0.0048201044251297565 1.1638186541580113 0.19929464792720805
v -0.13297239486795645 1.1655104859607412 0.19878262496778612
v -0.16165791761746467 1.2066501314392504 -0.030280140627158579
v -0.10085157884052831 1.1720126395344388 -0.033348325515627712
v 0.030934254479008827 1.204603999887069 -0.029461254223412614
v 0.066178654482469124 1.265241546047255 -0.02335035853449869
v 0.066186727572604215 1.3355463305293316 -0.016382748242139832
v 0.030851595925188546 1.3964944540552444 -0.010534743499388731
v -0.030488446589833851 1.4317235265198041 -0.0073935086881155437
v -0.16182764049933035 1.3969308712998258 -0.011484765958967025
v -0.19673271994656405 1.3366614100130958 -0.017581767317630594
v -0.19671257457932778 1.2669846939207676 -0.024470266459266456
v -0.15399509599552164 1.3105576802519758 -0.050341461525073662
v -0.15537988766968808 1.3242388270308558 -0.048993993064614577
v -0.1441560721294407 1.2686786801082277 -0.054437840122476502
v -0.13912318479739816 1.2553928132840326 -0.055729485785971672
v -0.12202384616462097 1.2215592316787551 -0.059000989262599064
v -0.11754789875932714 1.2150092322411401 -0.059628615377089959
v -0.071422756455911229 1.2162922607822437 -0.059277357705645642
v -0.085210000954099252 1.2150120758179437 -0.059471463518268444
v 0.018483782302514851 1.2474024493790778 -0.055748418523077846
v 0.025115337652169722 1.2518220041811225 -0.05527705278396252
v -0.15590570172124446 1.3561279830310573 -0.045883027370783577
v -0.076488187961309628 1.3884841667063026 0.22108767486741798
v -0.058353847293445227 1.3913782107839754 0.22146489271997888
v -0.029139738971992069 1.2257261735499827 -0.058134375553839587
v -0.015712083329713411 1.2306268174538275 -0.057581913689863054
v -0.081782877747086799 -0.008892136295621942 0.17138809924703882
v -0.14587585899371772 0.0028243516188441887 0.17209302418525077
v -0.13463393987323596 -0.0084295093817608746 0.1711160879457416
v -0.13994856281214368 -0.010243009946574592 0.29519668297707313
v -0.13075240232478458 -0.010138276805878581 0.28147753207916038
v 0.025202936953738618 0.20636428675337193 -0.44402979818710803
v 0.037752554302343644 0.20778574595428442 -0.44485120414342716
v 0.089431381191216658 0.20756002149662339 -0.43280056154164565
v 0.077849854854849326 0.09846412205709823 -0.44630538364628464
v 0.08750063476767872 0.085061851948565304 -0.44649783390228481
v 0.078013038313205177 0.20858130061503175 -0.44435777871570764
v 0.013010984807694782 0.20420325913172691 -0.43221208277374407
v -0.14807627589869465 0.012132211713725603 0.30600280654438072
v -0.14837244068971089 0.00083833327324692349 0.30583648275047448
v -0.069393806412164485 0.002121407846946111 0.17247283257087903
v 0.096412994792693274 0.074736678798720008 -0.43550123290857901
v 0.096260961157222047 0.074586206594911691 -0.42420426705980802
v 0.049118471131034361 0.28985796741289183 -0.4363013294349205
v -0.10987637666781939 -0.0060193427006064136 0.090312580069853682
v -0.13755700421633149 0.059774980139163457 0.19879042172566527
v 0.095820027824550708 0.15870880325808839 -0.39798461779934563
v -0.11087808711918594 -0.0094969096225697731 0.21951839805272433
v -0.07028233393157253 0.035832163270661986 0.22179600597757865
v 0.022333679232391539 0.17727367313703724 -0.37165881412359336
v -0.091577676394376584 0.022955824959164907 0.30604422484177818
v 0.1295042611559758 0.71044022311476196 0.36665456715748901
v 0.19289534965193433 0.67239598192993477 0.32806003770837877
v -0.29690179968660224 0.7330174823079072 -0.26856523033332325
v -0.25225926435880797 0.70302028146258466 -0.26394055112110726
v -0.27884730568553828 0.65419510203001319 -0.3703270339896918
v 0.019610564258198605 0.2091186137443708 -0.32552399084253891
v 0.05038226011545148 0.20088161740001823 -0.32181339947071302
v 0.047184924396645928 0.27249284894007764 -0.35233814173665545
v 0.076712412486186307 0.26478292570380779 -0.34994945231230395
v -0.18778015387866881 1.2286390056732439 0.0072282823786069192
v -0.13621626283301702 1.1779897482399002 0.0025438058085719556
v -0.066375700529411275 1.1596016486653613 0.0018061586201851207
v -0.065815001330540135 1.1635473400555316 -0.018386761825782236
v 0.0066441624661759402 1.1746279412180152 0.0022258297696415574
v 0.057263131270872292 1.2259384403074014 0.0082556787977254575
v 0.076011133307326839 1.2967286596560428 0.015275104426440041
v 0.056941070725886889 1.367384526991597 0.022165932160342891
v 0.0047138994418114977 1.4191588600841809 0.02697311271450635
v -0.065830609659094763 1.4380934047939811 0.028505823641760242
v -0.065736151600999215 1.4371356547502558 0.0085810025249757615
v -0.13641900766903725 1.419394052975339 0.026306972803716119
v -0.18813768686209159 1.3680711493165847 0.020965725040079361
v -0.20667051253881885 1.2983946624866056 0.014033710655055064
v -0.2047847977982391 1.2070436060624314 0.13671400759194077
v -0.20119928552041327 1.2116164582518303 0.10975215510569464
v -0.14650014335339639 1.1502668965931315 0.13142728957284161
v -0.14426710678359408 1.1563199086756926 0.10462910940352468
v -0.069833354152744664 1.1285872421576866 0.12983376334911803
v -0.069672948220180719 1.1332516922658424 0.10499749767105938
v 0.014679240252795198 1.1443409204183399 0.10396226730142051
v 0.014780179988042791 1.1417869134136758 0.12974451932906428
v 0.074038493946795042 1.2010124966293814 0.13752891971116263
v 0.070699452151527259 1.2060485303094417 0.11060408146715991
v 0.095381856753878141 1.282825498604488 0.1456983806973377
v 0.091408149071525835 1.2856904232954121 0.11853085504204801
v 0.073484110494604571 1.3637086297806278 0.15357165073401496
v 0.070036454375305562 1.3644856141764765 0.12619660473591313
v 0.014306747930629471 1.4227258285849855 0.15908109221116362
v 0.011875141269600153 1.4221007234419665 0.13151789415937531
v -0.06644229065409496 1.4443930559945901 0.16077138391285845
v -0.06631423373241202 1.4430781959362966 0.1332158119654176
v -0.14669754373927563 1.4231328878218747 0.15827140749351915
v -0.14455552703176727 1.4223515395536979 0.13077857102793788
v -0.20504604016310107 1.3650707575062773 0.15229105890015349
v -0.22631516507685689 1.2858571956931861 0.14438512215299537
v -0.045898599556421282 1.4417096999040129 0.13317986147455674
v 0.029469118816801726 1.4105650803121688 0.13052893954715167
v -0.12619135939375958 1.4313255682714761 0.13175804539549019
v -0.08896871895470726 1.1384817774127192 0.10339928854180643
v 0.01747000238640134 1.1551851737436185 0.065448804123723281
v 0.0059608864861943403 0.34982992458114737 -0.10488722825458691
v 0.018224430668354372 0.32639517079007635 -0.078357010773898617
v 0.081280825174470078 0.37777951568764867 -0.13399311810078796
v 0.04791663826122608 0.38411927616148017 -0.14290537347936569
v 0.051530620089253056 0.31978832670309015 -0.072321384898330954
v 0.083876931555279713 0.33077194950779787 -0.08597500939177255
v 0.093559739132358682 0.35393129147389657 -0.11021263418883037
v -0.14634809635657847 0.39548112833417504 0.12305691244144848
v -0.13521541068808648 0.38180188108277419 0.082443333449949557
v 0.094469794197718546 0.58080715704237684 0.0010388349721348888
v 0.047027806624436834 0.49886532258451793 0.063268131770997549
v -0.043357065942440876 0.56956223265984363 0.0088760497126059573
v -0.13409777019842323 0.50987966351335179 -0.034263172550996451
v -0.13465706748408496 0.44540460147137201 0.021820318142599077
v -0.025466023395833714 0.60543653475130732 -0.084327702259543821
v -0.025177537825981439 0.59662690758681691 0.006956595152468617
v 0.080334129427441989 0.62805633885781886 -0.059566019765480496
v 0.035981104720587173 0.62053528787870771 -0.08877773921090891
v -0.049593276828740644 0.58413317257303699 -0.067912919605723501
v -0.056469614933088864 0.56332239870122802 -0.063250209648845174
v -0.1464212128973264 0.60063607491965165 -0.0031420508825144577
v -0.071700130345544705 0.92334659039855671 0.11608780904018434
v -0.024533648410938455 0.61731035052743732 0.1053634825898631
v -0.12076338742527215 1.0815886657663885 0.031047293852088459
v -0.11876788767782782 0.99160096452496105 0.053583673946161203
v 0.072832522351332266 0.99324753615877281 0.053847418229225036
v 0.071978921921486458 1.0260515410443043 0.078138015268073041
v -0.23032702833863317 0.90142283664712664 -0.1290816785230112
v -0.2109275693585303 0.87720869522538214 -0.12023699094976512
v 0.10727024134263996 0.83832358576321786 0.16299552540327908
v 0.12575418117191406 0.82786760444085639 0.13354422823948908
v 0.18053654993410173 0.8508791806840954 0.13880413745489961
v 0.18014399648264068 0.86891792113042521 0.17036906639165011
v -0.14587605334609877 0.91112518958445154 -0.16535700271924425
v -0.15541697506633101 0.8850895890459356 -0.14233426040365096
v 0.15570271854028073 0.83409737774639181 0.12703816320555433
v -0.22068807335518537 0.92916372144225345 -0.15044182237368073
v -0.19521084728670901 0.94446389427735078 -0.17098428768971793
v -0.16387510461064192 0.93461071492857584 -0.17620987201092173
v 0.16229169404757904 0.8760019436290325 0.20125533026619155
v 0.13067923901272882 0.86808907257930334 0.21000360052347219
v -0.20410520767716578 0.96128669619774976 -0.11276945505365138
v -0.21496927817044009 0.93411594067347159 -0.08863995736889646
v 0.076043226103552963 0.94735353048399706 0.1291544353355264
v -0.22997460431953887 0.75360755939223167 -0.24080620603868086
v -0.23436554828340783 0.73904962814184993 -0.22054577037640805
v -0.27209929018439094 0.74300612586258552 -0.19765291001033758
v -0.28744775968250136 0.75751455261509903 -0.20820243176191106
v 0.1467577269216469 0.70301298101194132 0.28367057198101098
v 0.13108109701690907 0.7186227632160801 0.2980314970507757
v 0.17099079344337376 0.75273887016421581 0.3217844735369606
v 0.14722341960195229 0.75169297845242022 0.3235066939555411
v -0.26752761431351546 0.77637929504364334 -0.24739633636826877
v -0.24522679016267923 0.76858406591393313 -0.25041932665245237
v 0.17034309142316784 0.70465723781138534 0.28202556482808594
v 0.18812412492289843 0.71796657454455226 0.29081806489260675
v -0.28392028782820533 0.77029024172208715 -0.22932377828194989
v 0.18647292378143154 0.73776049464266635 0.30745305794514888
v 0.12884901534986293 0.72753788370908845 0.34472593909911764
v 0.19465531663521163 0.69209951923779589 0.30731289078816193
v -0.23383092161863195 0.74456700875403281 -0.26760983812717742
v -0.23977988691720264 0.7287846239698712 -0.28897297857233839
v -0.30333989126393479 0.72995975045748573 -0.22187391201664627
v -0.30846512258737113 0.70902688498958644 -0.24323449401790648
v 0.15892576538776382 0.8117961045189428 0.16056335761782745
v 0.16649794043157773 0.81006195798912062 0.26634245066907847
v -0.21750297475063574 0.79772020489842177 -0.16230277459683468
v -0.13538155688976861 0.32842118887203936 0.11790007781468131
v -0.13515763739543324 0.29298453235912442 0.11796949590970636
v 0.0065750149866798877 0.32189690204151566 -0.15238523288232547
v -0.10457670920248581 0.14662525987026037 0.18943985082780923
v -0.13537984730824346 0.14510138587826915 0.17817493480300162
v -0.1449131940003566 0.14017753277555459 0.14608724742783999
v -0.14366405598878154 0.04309640129082333 0.26576637944962755
v 0.026131434749452391 0.15542527739945444 -0.3786513836394339
v 0.055970013990326334 0.15679744499181422 -0.37374760398164542
v -0.18142338269169339 1.3043897515470915 0.21228402476700395
v -0.16685144479531566 1.2335956824297178 0.20538054102446482
v -0.13863473072958421 1.1737779320219806 0.1995813247924631
v -0.13345126932098633 1.2428693711547207 -0.05694241859766995
v -0.15166976887511113 1.2965485307379305 -0.051715786418287238
v -0.15649794427257646 1.3481953467650147 -0.046672430192224765
v 0.058225899861135896 1.0321460255027624 -0.060867886271089036
v -0.1178399802655708 0.9731358332923622 0.068825847294347334
v -0.21984526809031329 1.3428790448613859 0.21377492118627833
v -0.21035195408743113 1.3619710868308259 0.2157013111967751
v -0.031564645484218445 1.4289151023133251 -0.035948425454776486
v -0.048261680911162563 1.4322573770182847 -0.035698611607700007
v -0.21010934008903054 1.1977249319769541 0.19948628200880658
v -0.19801816498950664 1.1799855395119521 0.19778624347957507
v -0.0020938527884433178 1.4311965446245212 0.2235758531866564
v -0.022661701151074798 1.4382553819318016 0.22416364164005542
v -0.048707724949486997 1.1761851261995679 -0.06098402463553778
v -0.065803354902888911 1.1753163771839863 -0.061149990269840429
v -0.099605070356455661 1.1797595451743823 -0.060940617085071473
v -0.082853485844170183 1.1766076435369326 -0.061103473071321454
v 0.05191343446181601 1.1566500402581845 0.19658989115168712
v 0.066596114460058808 1.1730581890761744 0.19834780393949675
v 0.060664589166526089 1.3369092140700816 -0.044552718818620045
v 0.055140979169897658 1.353116372085611 -0.042975061464201596
v -0.088330852470082266 1.4427404542679114 0.22421223002550295
v -0.066474101206935698 1.4441225151025494 0.22445603344844545
v -0.22675781890776564 1.2373848693772453 0.20333161277424894
v -0.23099991723984403 1.2585587341547 0.2054052272961408
v -0.18424643974290505 1.3958077594248439 0.21916409784728313
v -0.19842398569837977 1.3797083787443063 0.21750939444551223
v 0.099783093165655423 1.2980292880110509 0.21095041055272731
v 0.10121658441831627 1.275976535165587 0.20876859784414606
v -0.015576216510300556 1.1844194701448894 -0.060006007041774431
v -0.00013585647735836481 1.191690051741358 -0.059205766026796926
v 0.035363251879182434 1.409532483598239 0.22163300649850592
v 0.017315962891561176 1.4215771152702037 0.22272646573601287
v 0.016104906732534036 1.131093444574957 0.19374709593088935
v 0.03494650966335261 1.142559691313829 0.19504307012606417
v -0.15024016990348837 1.4219323077429669 0.22184669401667179
v -0.16789360778201856 1.4100301238303015 0.22064910241024946
v -0.0041263043804570243 1.1227681311452893 0.1927775049486789
v -0.015564108051009828 1.423441866856537 -0.036412923546744344
v -0.00046215187417358861 1.4159899060610601 -0.037077999170834139
v -0.18552799480201065 1.2550968800810021 -0.053870019507012978
v -0.17798260547462702 1.2398740322220616 -0.055342783122915087
v -0.2197151820583087 1.2170314298834155 0.20135596312495313
v -0.13081605096540511 1.4160733141752773 -0.037706530985888512
v -0.14503310389966001 1.4066219619151163 -0.038713071923218254
v 0.078489330949965741 1.3604676553642079 0.21701104672105928
v 0.066231297778287457 1.3787450477754204 0.21875456895346188
v -0.04692159739159299 1.1146831807758319 0.19176995009260539
v -0.068676484023724588 1.1147835548407736 0.19172162371455431
v 0.014164272364224018 1.2009316653561382 -0.058215413370046883
v 0.026716292546085985 1.3954569921277027 -0.038929430190424857
v 0.013554842102324105 1.4066543509345695 -0.03793513072635378
v 0.064010155706073574 1.3201190293108376 -0.046198754375986119
v 0.065111339277964059 1.3030681323903226 -0.047884008161215373
v -0.15784446188010653 1.3954627109720787 -0.039882081522039051
v -0.16898526297587457 1.3827995483843378 -0.041192040860509108
v -0.19102521080623019 1.2711723224662721 -0.052304829253391263
v -0.19434420815238312 1.2878341431428695 -0.050670866544717086
v 0.095419857439986183 1.3197590239588639 0.21307547083846631
v 0.088305609106308525 1.3406623647945579 0.21510813148656582
v -0.082413220655011332 1.432345619310021 -0.035856698758580122
v -0.065323600865114684 1.4334227143659104 -0.035666420530792178
v 0.026931922127898023 1.2119451826911016 -0.057126593490165196
v 0.038133982837715213 1.2245337159753227 -0.05581781534636418
v -0.090124631887864626 1.117294532743722 0.19193426122888269
v -0.11103281312592742 1.1221636836658064 0.19238219007333404
v -0.16849495198317427 1.2257888343097414 -0.056693501344420964
v -0.18584389613234631 1.3538322546189931 -0.044146464246211922
v -0.17835644619619523 1.3688644847476596 -0.042619462487484952
v -0.11545280975078182 1.4235932050625952 -0.036885892368578685
v 0.055080514670716035 1.2534584115180971 -0.052857357681165618
v 0.047552852844101351 1.2384344608678295 -0.054388472117975782
v -0.13104440436853532 1.1292739627896131 0.19304878896598654
v -0.15007098860389645 1.1383778753083695 0.19383854162403225
v -0.15729898863042535 1.2130856961978085 -0.057900904290245414
v -0.14460934346719417 1.202043148837161 -0.058936536927233871
v 0.099800881749601056 1.2538402570702196 0.20656676375750138
v 0.095457809153105366 1.2322404539613541 0.20439030968761396
v 0.047536546594088958 1.3684596503993389 -0.041495307403246619
v 0.037993925661192141 1.3826612656494808 -0.040137588576155098
v -0.19098222875411697 1.33822384264684 -0.045670349626773854
v -0.19431040266833122 1.3216750263315054 -0.047322543875386279
v -0.23101325921768429 1.301592884455983 0.20965059022694851
v -0.22680420880182872 1.3226576390729494 0.21174568328431384
v 0.060585182669291915 1.2693918221530793 -0.051247852404846909
v 0.063957234702561178 1.2860381279754687 -0.04957836231277421
v -0.18381684062961007 1.1639257858869922 0.19624965814664297
v -0.16772019240012123 1.150130031767076 0.19494742904415283
v -0.044069810287950761 1.4425847184200828 0.22448311378254451
v -0.13058912211823714 1.4315459481780213 0.22289587161180091
v -0.11556794424538747 1.1852722945361633 -0.06046658946246989
v -0.13063166910337443 1.1927245341063386 -0.05979661918888677
v 0.088424634522076134 1.2113633211362722 0.20227281502110001
v 0.078663353611384851 1.191784108031829 0.20025379252916731
v -0.15914580973726328 1.1794313296738601 0.20004292682056107
v -0.14569531628567967 1.1863527613496956 0.2008037241671386
v -0.19233282562719245 1.2460199060774888 0.20647270450162197
v -0.17234173156790239 1.2511372474902804 0.20708027553535741
v -0.19752339663188595 1.3204071484041029 0.21377846475466358
v -0.18234199556276043 1.320717234083455 0.21388472709441242
v -0.12970915425022056 1.372688106112206 0.21926238937805845
v -0.14587018001530239 1.3655157622163625 0.21847707243321018
v -0.024501292065760072 1.4089196116422347 0.22337207919895624
v -0.024079932393006376 1.3938153447223469 0.22188259780005989
v 0.027329392003519748 1.3789245399759302 0.2206811882775937
v 0.061069069792034497 1.3107220483525375 0.21412758205979812
v 0.066300753770426379 1.2345151269598351 0.20660826115139036
v -0.10796085441329858 1.1498969979236384 0.19732537224951127
v -0.16035078513072615 1.2090375725211864 -0.04227641680352006
v -0.17186803911678872 1.2221255699709157 -0.041032373401156834
v -0.10034802687832406 1.1747585854322145 -0.045323306844611923
v -0.1169955140252531 1.1801442546285112 -0.044942659992787445
v 0.029620645043051064 1.2072378527100895 -0.041460981732794944
v 0.016314972705232439 1.1959283617539189 -0.042653084419761143
v 0.064447048353047487 1.2669835278869486 -0.035426171274210605
v 0.058765258697155209 1.2504296998346416 -0.03709797948048392
v 0.064476178188602684 1.3363182779355489 -0.028552984498399533
v 0.067912010377033871 1.3191154159279286 -0.03023867751689184
v 0.02963740557034833 1.3964373050100722 -0.022781310195264914
v 0.041247123022041754 1.3832381504223832 -0.024026970177398445
v -0.030895076576884728 1.4311947506015947 -0.019682778695888289
v -0.014289818987370195 1.4255520623868001 -0.020161123624208688
v -0.16049871003933547 1.3968618572733265 -0.023719972711997453
v -0.14729176574079034 1.4083524191584615 -0.022516181595686816
v -0.19493902913633615 1.3373955279451439 -0.029735175710598409
v -0.18962180560436076 1.3536050787390232 -0.028151092251487597
v -0.1678675475262425 1.3367734719778455 -0.047814456459650267
v -0.15604619613099013 1.3370298101611744 -0.047732442687276042
v -0.16394540200574825 1.2784264198590782 -0.053568209106081954
v -0.14839962754799596 1.2824800496700455 -0.053092765576134203
v -0.13801008411094295 1.2259458647112071 -0.058642202265820502
v -0.12760212057229781 1.2314704419167282 -0.058044276435322333
v -0.097857660630181531 1.2027649573184878 -0.060750192633660674
v -0.098105068603784318 1.2144492195645848 -0.059589802459511315
v 0.014090297010622754 1.2314985154177769 -0.057350313671556442
v 0.008461529317681904 1.2419071524768404 -0.056343292994124147
v 0.03743857753390728 1.2713876863543025 -0.053274315226524323
v 0.033526855654319565 1.3300584374605424 -0.047480308751081682
v 0.0074443194388908451 1.3828722160323983 -0.042384961273547878
v -0.033161640135981441 1.4061108603636721 -0.0403276698895602
v -0.14492531294950761 1.3765038952333775 -0.043809143510682699
v 0.014737453666193195 1.1372682645143597 0.15051457184301836
v -0.0052051987872527017 1.1295005909631186 0.14958997936728066
v -0.14830478975209133 1.4238030872551866 0.1781603281419909
v -0.12911040536241963 1.4331722441133814 0.17918303465729257
v -0.10007399493512997 1.4042288273921035 0.22252328258788451
v -0.094690696462008894 1.3843865367236676 0.22059029502500177
v -0.032230365609094536 1.1518523816690844 0.19791602032775257
v -0.03897016294346517 1.2061811493183177 -0.060124759726863763
v -0.04307494856985794 1.2216208124630663 -0.058609654168616618
v -0.091988751106336586 1.4022989386343001 -0.040992997244772858
v -0.072803564843570562 -0.006171673914661265 0.17175130932444704
v -0.081545958274018518 -0.0050705944128322028 0.1221415805212637
v -0.14304103683206387 -0.0055473391569509332 0.17142191259412551
v -0.13630951426053278 -0.0046129852228635479 0.12259691204304772
v -0.14607262581228803 -0.0058325370556097196 0.19670908165320342
v -0.14641408019751617 -0.0075044836300575159 0.30309506411757042
v -0.12162515802224973 -0.0079329810463704149 0.31627473305413811
v 0.015359067755908194 0.18012678859348746 -0.441297092066123
v 0.016275697345391735 0.20543426228383074 -0.44092218624017226
v -0.079822218972139716 -0.00739033848376538 0.26347425849439576
v -0.093913736297496636 -0.0080146622673807101 0.30296916906268917
v 0.026441090054046362 0.11463600204373534 -0.44243609751264473
v 0.041784282780975547 0.075750434790274351 -0.44368807114853276
v 0.03338525750948957 0.30318425173837182 -0.4307882348151843
v 0.048414102429121447 0.31865733238732336 -0.42918372792347659
v 0.086462674141821766 0.20839513978447544 -0.44140823221624059
v 0.090382299027502361 0.18337957972450236 -0.44175959810675675
v 0.098262983217425437 0.1174843980995072 -0.44371009371613784
v 0.094261417768451178 0.07739166867086561 -0.44382433044136427
v 0.077524016978198773 0.25775785089937681 -0.43880184243382769
v 0.022764072929058042 0.25568695038841216 -0.43821160811794629
v -0.15170190247261378 -0.0069681171328089429 0.26326640084820835
v -0.12570832906799517 -0.0025931794526122282 0.076850508542390741
v -0.11083137129007652 -0.0021784845012768539 0.061262287251860947
v -0.070971681109444004 -0.0065041119591784397 0.19721257245588231
v 0.069926801810319628 0.063384718745434998 -0.44392298209851389
v 0.023476738577417722 0.28006533951925039 -0.38842788840068337
v 0.039378082741942724 0.25073286758457425 -0.44210043057348425
v 0.041560371184035605 0.28177438835004737 -0.43703121386613963
v -0.13153582336045078 0.042674278372898437 0.092655794368324024
v -0.12009161522792922 -0.0076525058414602578 0.12881368206015906
v -0.11753760080521825 -0.0062494792026924501 0.09840013839360956
v -0.14999150765927957 0.036616907987006835 0.22140593536827685
v -0.1396645999882247 0.053843775458079716 0.22185821603059969
v 0.083082471397903229 0.1801049781395771 -0.37282535910583331
v 0.085859211068437302 0.15795192139361225 -0.37982784057678115
v -0.09352227696184312 -0.0093512451847344424 0.19637154202336515
v 0.055933980243487696 0.1597933138073438 -0.44567164419000493
v -0.076734888325690143 0.059187495479020857 0.1991374380578044
v 0.016194095565695114 0.15528340770382887 -0.39701954170718251
v -0.091877981255517258 0.011539804835681507 0.30587049921108289
v -0.12147816928642147 0.011221379303800228 0.31960765039864714
v 0.080405616412117298 0.21132969031958396 -0.32757353632422564
v 0.018590311794578193 0.26117256974401659 -0.34854978079946664
v -0.19135312337144267 1.224069748081547 0.034192284653377973
v -0.13833784188083875 1.1721222651001715 0.029394020765368324
v 0.010030185515702728 1.1650442478971168 0.02656287898619171
v 0.060759883979006335 1.220873402419085 0.035212857760623856
v 0.079999436915960315 1.2939038864682486 0.042449189453531863
v -0.20746387141234296 1.2037146334142088 0.15620840851028819
v -0.14817413105849075 1.1458307177199816 0.15079649670245515
v -0.068320062462990633 1.1231240906869873 0.1487173682114063
v 0.076560015531507014 1.1972677983683653 0.15698631507069177
v 0.098390701790330493 1.28072394500072 0.16534165663057249
v 0.076100114062468138 1.3631843248160656 0.17337213073569052
v 0.01581228103269916 1.4233533930781279 0.17899097585975784
v -0.066536854066619577 1.445463975446067 0.18070742510092475
v -0.20768791019662008 1.3646767879031492 0.1720790125167494
v -0.22936945748552284 1.2839868251549915 0.16402470137473096
v 0.015510009416662661 0.37347118175359967 -0.13363669204084572
v 0.010146479962438525 0.50898695302320451 0.051294038384171181
v -0.024547792754362908 0.59974592231875856 0.094535826130588058
v -0.11240272419080663 0.931018015278964 0.095162460015535077
v -0.12866585006497788 1.0544101197707916 0.06524736569456166
v -0.18098707465444386 0.86855701394855134 -0.12293994387032772
v 0.10683603597050317 0.85385130588424851 0.19581423521120397
v -0.25023068125001258 0.73444656262688246 -0.20076656112097502
v 0.12926417848788396 0.73893264903375044 0.31484602941826878
v -0.23246050827208331 0.74794985545788517 -0.25645227869037712
v 0.16397179299076114 0.84497895453618777 0.23201254338249527
v 0.018364791397740096 0.29935649753013766 -0.12795173703340923
v -0.073756992612706573 0.14480299021547985 0.17896149864797389
v 0.041628094019145856 0.94146578825045124 -0.030546671657509267
v -0.031854968632692937 1.1792373198348003 -0.060597672658723886
v -0.10983366693395247 1.4385376297490797 0.22369048093499166
v -0.23246081971212612 1.2800614254702873 0.20751742514833754
v 0.051730838359043158 1.3952248934348481 0.22030366379962579
v -0.025308263125798897 1.1172634025043704 0.19210931988748131
v -0.19545501750749922 1.3047587582841309 -0.049002005603986806
v -0.099224214977716385 1.4290561656853109 -0.036264968060373451
v -0.17033085853066104 1.1724797777315668 0.1992888841063748
v -0.21072616448055942 1.3211951123046493 0.21379093395088269
v -0.1605837692026727 1.3581115848017631 0.21767539286544307
v 0.078224850789717804 1.3151228802258046 0.21464562962970019
v 0.079451839296034443 1.2335106642120999 0.20656319723854846
v -0.10906974536870578 1.1373077617469078 0.19608728971345843
v -0.1326786814475483 1.1878672668632098 -0.04424845929915075
v 0.050948614488901423 1.2347749360439737 -0.038693734763090376
v 0.069057005168396246 1.3016309083443378 -0.031966329710289239
v 0.051026128832920709 1.3686588746062556 -0.025420222186635921
v 0.0014378082396760972 1.4178128113382618 -0.020851627156046618
v -0.18184938128853451 1.3692587750169476 -0.026561080857490454
v -0.1773133068030181 1.2749461436506817 -0.053976214717914028
v -0.095017321490734261 -0.0028541473680952379 0.076007060842454302
v -0.14805782901766917 -0.0061309720488765904 0.2202236842327854
v 0.019167045684256326 0.15701592431447448 -0.44154710701953281
v -0.073985968331761007 -0.0067732512141345565 0.22058945754708409
v 0.064081732062766655 0.303995662085008 -0.43120158971068362
v 0.093172501518488826 0.16005162763678327 -0.44206595411941202
v 0.023511991699248669 1.0301778451753201 -0.062732023842717005
v 0.17639490987668305 0.65694846976311938 0.39611841350095311
v 0.16339145645719255 0.61500092692661468 0.43838584548723691
v 0.13743973531133202 0.64420128157809409 0.3887309415304937
v 0.14161952765757979 0.60908991765449549 0.43275475670431302
v 0.15091267790594598 0.59911942963976106 0.44989438644944718
v -0.26352006739025335 0.7014200313765887 -0.33702997452437977
v -0.30233832745278688 0.65433811929116314 -0.28457149090378064
v 0.087539949240703047 0.23802154322807395 -0.3683860376551068
v 0.088470209316760376 0.23559099323795915 -0.35217709860624807
v 0.0093587360853406298 0.23115133657337728 -0.35161973871476582
v -0.06556377371087474 0.081562780934076512 0.14190617815013029
v -0.067040803061175894 0.064764364884569367 0.13884255294355638
v -0.14479442235117393 0.082812156268283088 0.14077742741923002
v -0.19971082852537886 1.2408909409292181 0.0358180931024469
v -0.1959093652370858 1.2450159896705562 0.008811408661829466
v -0.15415430196630897 1.182165702706504 0.03021835742062743
v -0.1516063851479888 1.187811272122177 0.0033552278519002332
v -0.084272741770753723 1.1606762255016041 0.0011179211691514437
v -0.0079162737789332527 1.1587190160987744 0.016902403047359772
v -0.011562728053872651 1.1678134643740026 0.0021913221998525398
v 0.050232479276420661 1.2049427330946054 0.03360391922329671
v 0.047001833649036734 1.2105693430885791 0.0066976571992892753
v 0.078787164066541904 1.2748887928439296 0.040561556885532403
v 0.074820967608736272 1.2782750402103142 0.013442407800555223
v 0.068822414278459643 1.3495755674114185 0.047899345507977482
v 0.065172220984050705 1.3507957893761269 0.020570313400893915
v 0.020049983593166398 1.4089162753492537 0.026032494448630886
v -0.047411004938663515 1.4368553186335002 0.028473052151139683
v -0.1198486151323811 1.4274809927015173 0.027189730653060046
v -0.17785954602474224 1.3833278626796128 0.022528617005953683
v -0.20547318747646648 1.316625869049314 0.015840579781584381
v -0.21685409497954228 1.2225328679020697 0.15802710615648766
v -0.21401587756743212 1.2255214046941021 0.13849824346822689
v -0.16575487737973227 1.1571906887177708 0.15178978846806046
v -0.16379561513514684 1.1613725514856894 0.13238279143962262
v -0.089171619859874096 1.1256032952979484 0.14893513475750023
v -0.089685758138877275 1.1309034608450899 0.12980305957406116
v -0.005149977616694501 1.1346282002727575 0.1290283459048665
v 0.0645298305808438 1.1788144072409588 0.15506929710517625
v 0.062287364510044102 1.1829054640372521 0.1356598241814076
v 0.097086283136358226 1.2590423249038054 0.16319146242644858
v 0.094112346376681782 1.2615705385247715 0.14359236548902898
v 0.085694013155508314 1.3438541867273712 0.17151775254162288
v 0.082900596159675238 1.3447439609710907 0.15175243696910473
v 0.033712263636519857 1.4114029547770763 0.17790824704732244
v 0.031877070104760763 1.4110056541489442 0.15801986547053648
v -0.045200224233460484 1.4440305589588283 0.18066953706418581
v -0.045501076188725287 1.4429885917770648 0.16073443477924276
v -0.12785996028310698 1.4323353347467567 0.15927584192083383
v -0.19584692504893292 1.3822688927144391 0.17387151771306247
v -0.19381445936806141 1.3821333039071 0.15397618263270396
v -0.22799419495576229 1.3050410727736119 0.16610848154235017
v -0.22496694958059149 1.3065234685874387 0.14643036057878198
v 0.085704005704379166 1.2898169744096617 0.080492433106715888
v 0.08448900766400072 1.2699636801234875 0.078525087460508
v -0.12371753778434191 1.156051681101181 0.066304818613824534
v 0.080636091491776307 1.2505061595014388 0.076574192018235593
v 0.074549043170190787 1.2313382451781469 0.074733905999694428
v -0.14127421751875588 1.1642307188321435 0.067016432087983691
v -0.15764720947339877 1.174633890191217 0.067880897778503299
v 0.065746790546555273 1.2135161329058337 0.072917162937549365
v 0.054801258547010512 1.1967654092087157 0.071215202083563703
v -0.17240771639652586 1.1872436322595521 0.069058634622650619
v -0.18532680706480559 1.2017995734961668 0.070441784764355225
v 0.04160145261796569 1.1819038753159261 0.069664520423975612
v 0.028098866657804672 1.1682282051435064 0.067306060733052633
v -0.21021096766620745 1.2296259376321923 0.11148941868958112
v -0.19627229964919912 1.2178420152647416 0.071972587080272779
v -0.20495989715661178 1.2352617589617592 0.073654276242191424
v 0.074017416629158894 1.3477993998450244 0.086162560924212761
v 0.080427437063652046 1.3290571294041722 0.084343076681052065
v 0.08437017567180996 1.3095953667242972 0.082443532205093401
v -0.085819445272136752 1.4399838549159083 0.094417583612318043
v 0.0014601014339330823 1.1261495332340274 0.016687001964299536
v -0.0019769191157761046 1.142681877051088 0.019576422103927404
v -0.0028260164852200106 1.126615807001873 0.10420959618247028
v -0.0011800859562043908 1.1150288387941389 0.10161541430651351
v -0.068931692825661445 1.1287022934322044 0.065769768130901379
v -0.070054981946091721 1.1154994552002735 0.064855055322493305
v 0.0063603562637555983 1.109724744106676 0.0091059407082303978
v 0.0036262778590770532 1.115768628346818 0.014120541993116867
v 0.0018405570250876642 1.0997905444156808 0.10134844250417004
v -0.0001769356631755141 1.1064055669523309 0.099935380981985636
v -0.067650516911239189 1.1002344990724087 0.05858975721060633
v -0.064685579142827354 1.1065770181099579 0.059818307455546157
v 0.0062443659537932128 0.33971800667749191 -0.11779631831241838
v 0.047636522000279 0.39754192084296402 -0.13614254229655534
v 0.051465430858204035 0.31041774610188583 -0.088011566429982757
v 0.018340856812798775 0.31718604699803854 -0.094095637095294338
v 0.081218306112346011 0.39071890188808256 -0.1265928170682985
v 0.09355763140996784 0.36823325247415606 -0.10068486668786431
v -0.10229732437035549 0.34772663333664539 0.094222295223945846
v -0.1025537267078034 0.33637432455052757 0.10311908747811745
v -0.058100833837364432 0.36450225563676231 0.14483469025883117
v -0.06918857046488347 0.35012744675924445 0.10625052032456653
v 0.043805844893248146 0.59608676328220611 -0.080783941688763669
v -0.0046142710966000713 0.56578300267083215 0.005301650701646371
v 0.0071523932509456635 0.58341197250818311 -0.059509464755337776
v -0.096690448777863869 0.53959546629876309 -0.078567729292776306
v -0.14549433809554707 0.55529916591351958 0.010419360337804745
v -0.14560863403398902 0.567046927127005 0.0050115077898888194
v -0.13372323569533009 0.54052691563479027 -0.055079519528137305
v 0.010910931457859319 0.49231671661720178 -0.07515747109599491
v 0.00029415188859147068 0.46586460913065619 -0.029563833251864902
v -0.14599678197608318 0.46098774771144019 0.073747559412558603
v 0.045457394117246468 0.50402145389738573 -0.092671263787208691
v 0.046708070380493238 0.43509202696252292 -0.12552262977832787
v 0.048705784249041026 0.42786370828405146 0.021058091519585931
v -0.048666107054385829 0.59166155748753779 0.07754222433722438
v -0.089898363441612616 0.59910051092980798 0.097591955589632212
v -0.1316318625298489 0.59918446584357177 0.07061710134219748
v -0.1461628540824701 0.58283708903082021 -4.8486307487438651e-05
v 0.095303202974716006 0.59457373653786139 0.0051340780125734009
v -0.035485694016310874 0.58630775713979899 0.0060945812492158996
v 0.091164444461545369 0.62574124227162087 0.013187717630205459
v 0.076578603759459463 0.60699447299067766 0.08374647327264606
v -0.069762336275658782 1.0293929733680431 -0.062826051358111562
v -0.023019793453782265 1.0303079732306275 -0.062378429627688151
v -0.085837012177458247 0.61438975958601516 -0.099897261089119199
v 0.035833840391129565 0.60749329841099819 0.10556540768979285
v 0.096306828434383873 1.06116779094264 0.023168353007316539
v 0.1149853842510391 1.0349684020161685 0.037668408429903669
v 0.09870732850476116 1.0416402839568792 -0.011637959823809912
v 0.11726884864545761 1.014149898423002 0.003978105582181965
v 0.06077244903634349 0.96807554307619692 0.049248109518905792
v 0.052021182351082662 0.98822230439790559 0.03238467084886254
v 0.078738158602601721 1.0463062652278059 -0.038931967755403196
v 0.068342892742333627 0.98078522327245599 -0.0056298125045276814
v -0.12505229351813596 1.0245160737912309 0.070729019086923944
v -0.11806775773789187 1.0235971306277571 0.077894381589879408
v -0.20754805852889735 0.88847997858743188 -0.10786569926239536
v 0.10368650575234661 0.84826319119936389 0.15544786029036722
v 0.16244811143610138 0.86379296928985405 0.21300777199450191
v 0.18019546094077776 0.85804627714495241 0.18262741574975394
v -0.16133447981881754 0.87446024684527335 -0.14876478337847757
v 0.15713812260918092 0.82780523097701109 0.13682486390878321
v 0.18053771891833226 0.84262284002004206 0.15093994456026744
v -0.21611448282086165 0.93973353053382036 -0.1408088043581984
v -0.22607091060022855 0.91267620079422818 -0.11788898481636059
v -0.16993578555883671 0.92410864580327545 -0.18089217173511268
v -0.15202796774372018 0.90083501325398641 -0.17022511214169705
v 0.13291902627451246 0.85677442458588637 0.21981540465349564
v 0.14597327207479061 0.97618701251092843 0.085724261292724757
v 0.078566938948419929 0.95843941157712442 0.012607475508925825
v 0.1003821231231028 0.9086616057440644 0.054067200363024787
v 0.081492075708573974 0.9203706199777848 0.087809233049831986
v 0.12715965725353895 0.92812613136689404 0.045413744692015146
v 0.10223442921792381 0.98023957446469645 -0.0047796322486546028
v 0.14805448970767643 0.95465462445783877 0.052090963403168933
v -0.17493248560811536 0.95218556305085478 -0.018290376822709925
v -0.14266629786856122 0.99633293768719444 0.035370709778719034
v -0.237940444048508 0.7324207209252368 -0.22638534280943251
v -0.26771195723267815 0.75180668269019124 -0.19290052055947604
v 0.12978302127169683 0.72558666009499828 0.29108444289908475
v 0.14683403264855788 0.74823797209451604 0.33230138444618829
v -0.24619299738533362 0.76580316061436904 -0.25698005719531336
v -0.23162284938938538 0.75007065137861106 -0.24758101543853323
v 0.14532292677147862 0.71049913302625911 0.2772248879904311
v 0.16914007952956767 0.71227448685284145 0.27589662197089365
v -0.2810719275502902 0.77762115606432536 -0.22470723457471006
v -0.28361270833905272 0.76599522217335458 -0.20370956346462332
v 0.17075329702976172 0.74874623173206223 0.32990385891715002
v 0.18709131792207734 0.73204530705681914 0.31408283576581408
v 0.18796027653146308 0.72623057620729825 0.32128475274424628
v 0.18913949450667067 0.71950087359606318 0.32981916870470118
v 0.13468856375226468 0.6995567844542474 0.32192896809753913
v -0.29333193783709133 0.75207076644299176 -0.24788554921003203
v -0.24139003233737144 0.72619591789107107 -0.23365338983173503
v -0.2451818972048242 0.71961218833081064 -0.24244041289956647
v 0.11943493060857879 0.7778241254525684 0.23424908921756898
v 0.12641761865142231 0.74160717362705897 0.27275442014968188
v 0.11888247829769716 0.79327327641391654 0.25875599631965207
v 0.13546719355476711 0.8386474619580393 0.2381013781494552
v 0.13980689039201943 0.8059693633290177 0.27039579622794552
v -0.17368180853217374 0.85248972611881801 -0.15948295475116867
v -0.19818156213828286 0.80690099901039247 -0.17912922405018125
v -0.18323332658318114 0.8990089353802061 -0.19055067455415778
v -0.1655950240383931 0.8771210884834173 -0.17992026640600581
v -0.20988543220098177 0.84437323432227784 -0.20881769397955074
v -0.19295190543320195 0.82530615444374589 -0.19767457673957595
v -0.081331424450250656 1.0866608604678143 0.10017216867283234
v -0.07672982210269777 1.0959635707257764 0.057500961856801938
v 0.040135115603130767 1.1014126791041225 0.050838728463629398
v 0.037274596107636948 1.1028626132383883 0.011531792302355098
v 0.030675691879531564 1.0995826230980925 0.088768338356683407
v 0.0034539199284690028 1.0904777292162631 0.11320198735805229
v -0.050867428879152854 1.0874205094629015 0.11274041896148569
v -0.0237150409210048 1.088461295759247 0.11459310658446507
v 0.0038099706644896883 1.1086967791841615 0.0047078154852310816
v -0.023310140479559496 1.1077616409463138 0.0022629259873589991
v -0.050508096216984655 1.1060478504319162 0.0043317281228787002
v -0.069447419418765574 1.1028041197045633 0.018634442162529394
v -0.10301966497126613 0.28939938302200979 0.10768680473935321
v -0.10270449454743988 0.32396553747636997 0.10662227000134968
v -0.059248349558609539 0.33635257541608887 0.15570639002916858
v -0.060143208037881792 0.29966316668760301 0.1566204258102073
v -0.070102505070258322 0.32559192965835498 0.1192744433534673
v -0.07094679966471111 0.29091636194430298 0.12108274830314228
v 0.076980612006172122 0.26682105731482408 -0.341233626507013
v 0.088725009417509243 0.24093134834180585 -0.32992334296456766
v 0.080430667632261976 0.21532532274040758 -0.31471180501450169
v 0.0503426162351054 0.2056337149941497 -0.30874360927060573
v 0.019502559545565172 0.21370300148943217 -0.31306166561252852
v 0.0092000523020259149 0.23702274356556 -0.32863355558792651
v 0.0093407649331563106 0.23427013341505903 -0.33968970953135808
v 0.018558428855067102 0.26247517502083295 -0.33974630504964098
v 0.047316004928834726 0.27373794032933796 -0.34419870692036941
v -0.062130524022252699 0.21873957710034092 0.15593323203140541
v -0.072819510459532666 0.212395211083927 0.12303074324531187
v -0.10386867635225368 0.22788640284091083 0.19844569849434515
v -0.072251796735633173 0.2258331138531004 0.18823771016394908
v -0.13544781677073237 0.22557125990269189 0.18597139921628214
v -0.14548711631861094 0.21909309279193728 0.15235519688778604
v -0.13467365823993954 0.21373531837197804 0.11891966584558086
v -0.10371989478955428 0.21117126232959429 0.10960739167971836
v -0.10702838730671259 0.065836796088865668 0.19894393980813574
v 0.052693821405115748 0.17898358785604213 -0.36611502486387215
v -0.16927975262286726 1.3381603329733569 0.21566850063720655
v -0.15490973708133615 1.3431999910500274 0.2162359157542576
v -0.17338702858449256 1.3510370692832046 0.21691501861787227
v -0.1571086902628348 1.273327720485949 0.20934654823959958
v -0.13839416816844891 1.277701466089483 0.20987159343637396
v -0.13625831160543989 1.2067482809850385 0.20288372514112002
v -0.11911392902800533 1.2117604202701633 0.20346958708405963
v -0.12339708917436204 1.3546612542171943 0.21751984518687975
v -0.13955625702558916 1.3488590047074838 0.2168688151953001
v -0.12072732656117613 1.2820504845899807 0.21038809890746996
v -0.10369064977859221 1.2863830510797989 0.21090008149150996
v -0.085399046552488145 1.2200154427703491 0.20446152445490912
v -0.10220684720431822 1.216070531368826 0.20398423115075642
v -0.11252679275314714 1.3790420511606143 0.219974991441548
v -0.089377803308160197 1.3649915339409311 0.21870729527561608
v -0.10659285054559997 1.3601007117779154 0.21813990602423219
v -0.086877022379663216 1.290700967852505 0.2114094503365132
v -0.070172168479582242 1.2950028532746072 0.21191670694575215
v -0.051751143054539706 1.2279942177726169 0.20542013401790454
v -0.068571836422755328 1.2239521164057841 0.20493548323343758
v -0.071939786107575121 1.3691544375552256 0.21920697222815194
v -0.054586797771577933 1.3726343660551001 0.21963831403236755
v -0.03661717082518462 1.3036060582190914 0.2129357633436248
v -0.0534464851341796 1.2992869112107273 0.21242423742290495
v -0.034996815651132107 1.2322076045185011 0.2059189640765926
v -0.018288235934253771 1.2365254661929814 0.20642816903039474
v -0.021344175346093675 1.3780475057382156 0.22034426358562773
v -0.037580256441190396 1.3754798441438116 0.22000698641143707
v -0.040644262896418482 1.3930580816358398 0.22172250095217594
v -0.0019879556509775909 1.3127111292748435 0.2140106522281256
v -0.01958319952685067 1.308015998518494 0.21345760262173849
v -0.0016511917031515333 1.240851884598587 0.20693411949304802
v 0.015238774965863927 1.2449279256813586 0.20741575110172458
v -0.0062796698207193691 1.3806664007387297 0.22068062668256735
v 0.0067604210760408567 1.3846148084395051 0.22113985877869249
v 0.03559591759796385 1.3235347917056548 0.21526749995012506
v 0.016509553293283019 1.3178927707607484 0.21461467189045277
v 0.050315364812955177 1.2511758754735716 0.20819461468993969
v 0.032682440184593708 1.2485091256225198 0.20785100850257329
v -0.11186991804217006 1.2246344115524452 -0.058645525099313769
v -0.10013590785636339 1.2266574331074216 -0.058387706460071895
v -0.10957099095239697 1.2143838941490082 -0.059651812717899606
v -0.12929036969795382 1.273129218771776 -0.053925401993532726
v -0.11488413045075002 1.277226485638989 -0.053450344022843925
v -0.14162649972864272 1.3264891258732501 -0.048705594864585741
v -0.12803235173829186 1.3294611423465845 -0.048346159093709033
v -0.074240684051148254 1.2308491193536126 -0.057844957305102786
v -0.087487106772128398 1.2286417748477945 -0.058128842034966148
v -0.10118582012975974 1.2809491611513533 -0.053014977620686875
v -0.087926234691077243 1.2844555976467271 -0.052603236198293012
v -0.10190506362442969 1.3363884141017883 -0.047533997041668441
v -0.11486816206845979 1.332827036686046 -0.04794927339431445
v -0.057277136048860422 1.2184893627800804 -0.058990350477969355
v -0.047102011266332067 1.2367357173574764 -0.057127641506125412
v -0.06070548221527905 1.2335280442123646 -0.057512850364466114
v -0.074814672699863749 1.2878738177156501 -0.052200398346070126
v -0.061788032760768274 1.2912803780403614 -0.051799082443275822
v -0.075875472675608846 1.3434705564179632 -0.046705345394940354
v -0.088909040739266698 1.3399706415390855 -0.047115672102667761
v -0.033656614430824738 1.2405162223395265 -0.056686920166128835
v -0.020531152114917184 1.2447281650394209 -0.056204625681087535
v -0.035642060958220201 1.2981267226575648 -0.050991119179416566
v -0.048755343814548546 1.2946884466799113 -0.051396819991895354
v -0.062795650856206531 1.3468384408750704 -0.04630658801919376
v -0.049707297637428649 1.3501148219837018 -0.04591688237413219
v 0.0041075612202775003 1.2536129018969375 -0.055202369343403286
v -0.0078951799687582147 1.2492157570209916 -0.055697472321685433
v -0.0030581181991069517 1.2361644743803324 -0.056970166256524832
v -0.0085570190515780742 1.3050139555322444 -0.050173011467856729
v -0.022344423412378911 1.3015589902629445 -0.05058436569585912
v -0.036646538515900606 1.3533921978884682 -0.04552670731985671
v -0.023507949479901757 1.3569354133304263 -0.045109737501963905
v 0.015339430960536971 1.2575323514589452 -0.054758142756842418
v 0.025706320073528244 1.2597691444258243 -0.05448605923558264
v 0.021230041134994715 1.3118591748699711 -0.04934471009411228
v 0.0060485104064112449 1.30848155833675 -0.049755726831653344
v 0.0029215933517966475 1.3658242358337804 -0.044095131433824791
v -0.01018401838933547 1.361028878820425 -0.044636800356555553
v 0.072995362053268148 0.98840023751291006 0.0060171586061488203
v 0.071906811161878123 0.96775060013750325 0.0098921670671379552
v 0.071457214942098321 0.97406099115831801 0.068984473800253784
v 0.070030746279572648 1.0146211477649081 0.095618857947174091
v -0.11573795930590544 1.0121514808741185 0.095312778281175403
v -0.12776491873060358 1.0501482866383951 0.079605247265223389
v -0.11952658676739533 1.0829708627567862 0.036948619286659656
v 0.038084913310397317 0.88066650764892762 0.033632008142142442
v 0.029026164689884837 0.87396110112787695 -0.032172133377042743
v 0.074523401313328019 0.92764090927509502 0.013875709897833599
v -0.11341400808268698 0.8570632579677564 0.07961322789596538
v -0.12889215627833064 0.86915025707243898 0.005838486882596583
v 0.0090099117479737478 0.87549830327252331 -0.070980029006616541
v -0.029385013003230043 0.87597058561898478 -0.082434235937385955
v 0.015210493236799516 0.94911622360527437 -0.06262044249895328
v -0.025298017516468402 0.95608369985967978 -0.072608600339530552
v -0.11565959962677105 0.87169343668824995 -0.065257378141242883
v -0.078578324616064316 0.87552058946870837 -0.08594020506423912
v -0.072205293325319192 0.95710096290369073 -0.077472191812900548
v 0.066027054364057314 0.85738970000317394 0.079653294159267168
v 0.027709200834885164 0.85409932373559372 0.10545390846030846
v -0.074824309568776226 0.85389633658555664 0.1054416662687202
v -0.023455482751584281 0.85320487393257849 0.10710421346925288
v -0.2139688256108131 1.3409475169608591 0.21572427311720871
v -0.22062173697986431 1.3219216273570586 0.21381432851795051
v -0.065562297739507613 1.4353413314727261 -0.029146481257324247
v -0.048240901200076458 1.4341727858898432 -0.029177722837666092
v -0.17865759489651406 1.1671335309561908 0.19870930340647491
v -0.19240946878753007 1.1825700966985502 0.20018446856153416
v -0.0015216174637544544 1.4337808125853229 0.21750018720337391
v 0.018340145999681978 1.4239616068611307 0.21663358631420856
v -0.048309323592181541 1.1731239703002494 -0.054949624981790679
v -0.065637752919606163 1.1722469229545986 -0.055117182498081271
v -0.082945137541084679 1.1735455961482752 -0.055071739622322514
v 0.062269682533255793 1.1774455465823752 0.2008942862909581
v 0.073413993855655557 1.1948689545298288 0.20265679438885739
v 0.057534972255234768 1.3533441428688788 -0.036608458555056907
v 0.04982938974502138 1.3689133721924429 -0.03510725662397244
v -0.087107106734410411 1.4364027279505349 0.22570026633318363
v -0.23304195655355353 1.2587701193259371 0.19908316075596169
v -0.19398570621476585 1.3752951892843241 0.21920743279863852
v -0.20504197886349068 1.3587117508713151 0.21751713083308308
v 0.089341574136122343 1.3179801338866084 0.21498155286696038
v 0.093617994920195763 1.2966473909560063 0.21289607255865609
v -0.017201222418014583 1.1895503815762376 -0.061611441167345973
v 0.036777610829729163 1.4116287247724921 0.21551372946738032
v 0.0485694597993995 1.1619714984852472 0.1992459960727081
v 0.032352005441148329 1.1483077055528246 0.1977579165744236
v -0.18069997244336911 1.3905318847885761 0.22077332003857225
v -0.16498990080831949 1.4042935417901574 0.22220920189271143
v -0.0036267470022622039 1.1213024758859795 0.18627927421580459
v -0.031219622054988905 1.4307824595086589 -0.029430716952844424
v -0.014789830214320565 1.4251962963138129 -0.029904314686655498
v -0.18598104046551256 1.2726881676599962 -0.054241353043528111
v -0.18058427614436134 1.2569418259431957 -0.05577433417959677
v -0.21373665296403443 1.218769044691447 0.20367043382708266
v -0.20428213454355965 1.1998550413476614 0.20183970612028448
v -0.14637787213541231 1.4081756277495323 -0.032234720401966677
v -0.15944636570859988 1.3968143137547353 -0.033425020417596485
v 0.060652617002382864 1.3756912573753222 0.22053584159285244
v -0.047665060076091781 1.1206070518110147 0.19452749333562724
v 0.015464966725018625 1.198078213403359 -0.052156152468719429
v 0.028628051889442174 1.2092664572031226 -0.05097630561826301
v 0.015189536226332789 1.4079157836339369 -0.031471198510077403
v 0.00077144087826414021 1.4175364866863325 -0.030587754393319358
v 0.06312987746299914 1.3369241633639002 -0.038206604924344641
v 0.066524588095156267 1.3199133574986779 -0.039873893155424653
v -0.17090302701740206 1.3838408374444595 -0.034767289953098746
v -0.18056859102752415 1.369498265802888 -0.036236553521340739
v -0.1892226797104713 1.2890136168617421 -0.052640444533615854
v 0.082339873733820984 1.338496575555904 0.21697591007171138
v 0.072680320543927313 1.3578951557376167 0.2188388471654327
v -0.082884440265862169 1.4342335785086759 -0.029340935087401959
v 0.040013577103522463 1.2221879190168492 -0.049708819212650933
v 0.049730313406789239 1.2364987631974425 -0.048236870508549606
v -0.089998538995729904 1.1230816509729662 0.19466552093613149
v -0.069000048428896898 1.1206364287606752 0.1944692526504537
v -0.17070268509713166 1.2239095065984136 -0.050557530347485669
v -0.15930854592709248 1.2109571987326284 -0.051788750676084627
v -0.19351481962627826 1.3379720553208603 -0.039376598494825249
v -0.18826143225468123 1.354020223673303 -0.037808760278830858
v -0.11376344804145555 1.418879529862439 -0.039455428392170297
v 0.06308663279961263 1.2683567499135828 -0.045004821935901607
v 0.057466550955907691 1.2519726656558068 -0.046659649705434382
v -0.12910611276274214 1.1346093574414988 0.19571912754880566
v -0.11021076220498299 1.1277901434424051 0.19508823954348026
v -0.14629953940486706 1.1995959818197042 -0.052854624031947517
v -0.13192545555521129 1.1899961881336392 -0.053741156164696553
v 0.093542582957915676 1.2534394069695138 0.20861091170386581
v 0.09499341516310908 1.2750304118706799 0.21075792081855951
v 0.040157869347693387 1.3833318393026708 -0.033729006033963414
v 0.028676211724790457 1.3963861985752644 -0.032496624082113665
v -0.19688610606177159 1.3211058159878728 -0.041060119514869056
v -0.22474459841920236 1.3016345641110034 0.21179667572923491
v 0.067655199750560086 1.3026168260888225 -0.041583198953682794
v 0.066503252294428356 1.285330818926786 -0.043302588579865832
v -0.16340867433280615 1.1541564073583683 0.19748554740394736
v -0.14687681393727767 1.143238429078639 0.19645884947743536
v -0.043772474678558326 1.4361431312053283 0.22596046065886591
v -0.065129355309948289 1.4377134450734284 0.226005268019774
v -0.13122439313438389 1.4341437140476578 0.21681945580623663
v -0.10001928350426248 1.1767201770877924 -0.054912582862336155
v -0.11640656698958324 1.1823438036639644 -0.054429078775926176
v 0.082572969799014018 1.2130519382269302 0.20452950561576239
v 0.089297611968685409 1.232642363243339 0.20651642854459953
v -0.2193501821114931 1.2200448346273696 0.1733805802043562
v -0.1674836029391798 1.1535621136169052 0.16702519742655506
v -0.089710370710199883 1.1211128346562331 0.16406152789186068
v 0.066414731721782777 1.1756463234605163 0.17035241062192605
v 0.099621523752037977 1.2570788449754993 0.17861772674789586
v 0.088095441767003041 1.3432586511317226 0.18708477917308375
v 0.036418665095021535 1.412119699547981 0.20585134343255357
v 0.035303129572285902 1.4119123126267517 0.19358356144230832
v -0.044928993570474363 1.445092407478558 0.19638624044316477
v -0.19794960368705883 1.3823544349378203 0.1894872727788125
v -0.23063800800661177 1.3038968889613789 0.18159803876467909
v -0.15688479583783593 1.1603284987609666 0.19814060757994414
v -0.14884466577194788 1.1674656870476452 0.19889875781444816
v -0.20287024561724171 1.2222578455985464 0.20407240052369893
v -0.18623872971095295 1.2275863532671014 0.20468598945198566
v -0.2141110223504481 1.3020991759273968 0.21189508562070994
v -0.19893910159095174 1.3028501578215488 0.21204475279479734
v -0.18755581538530747 1.3689332290010103 0.21861047598972216
v -0.18007051354285974 1.3610837451895337 0.21787435530659754
v -0.043231240586193986 1.4255669206195047 0.22491723512022055
v -0.04233627659030148 1.4104820476815134 0.22343506186729686
v 0.016848111588566417 1.3911941873713261 0.22183901901304998
v 0.071510159388822131 1.3349804256663571 0.21657532822147996
v 0.054927555310065046 1.3296136040664746 0.21596344843229962
v 0.082941414978995848 1.2530849856747854 0.20852987721870758
v 0.067803956588512321 1.2525125102568631 0.20840605262308193
v 0.05590114770705723 1.1845373407154773 0.20154682486378314
v 0.048580317278528684 1.1929243844918005 0.20236846660382191
v -0.089932373555005912 1.1334284852700225 0.19576220898325772
v -0.090112224616328174 1.1480477671819092 0.19728125183080272
v -0.193175680990544 1.2479699270305491 -0.010721306751416242
v -0.19100574456642672 1.2503280700655048 -0.026090811587223005
v -0.14978883085991884 1.1918179002327858 -0.016080519611427771
v -0.14833464225767046 1.1950528190637408 -0.031367289954513128
v -0.083828172734087492 1.1649082968460169 -0.018342660892945895
v -0.083451783897812437 1.1685101256388637 -0.033608049400682495
v 0.04458336922933942 1.2146716487627385 -0.012769588021991213
v 0.04274972866760629 1.2177857517441542 -0.028094354969361371
v 0.071920101200666692 1.2807468590301616 -0.0061675829324358625
v 0.069672857139517375 1.2826460907425365 -0.021605201964226051
v 0.062516758881095008 1.3516861064458352 0.00080898840963848639
v 0.060446201867920824 1.3523752200580934 -0.01474579025322123
v 0.018369943367905095 1.4085698389330135 0.0061596154746111215
v 0.017047033514454413 1.4083004707990838 -0.0094836522371938153
v -0.047698343857299597 1.4359302512385475 0.0085496063274847489
v -0.047924044063486493 1.4351997983460474 -0.0071340172217416176
v -0.17545596652834977 1.3835070405048779 0.0027278011340813174
v -0.17356350410474092 1.3836466019870515 -0.012859214131091326
v -0.20251448840721031 1.3181612908390166 -0.0038264660640927525
v -0.20017635505807807 1.3193921941165487 -0.019304228759793693
v -0.16591365793534496 1.3487701555135414 -0.046661436130794418
v -0.18050060272800544 1.2907258370963055 -0.052429194347741494
v -0.16715657318563781 1.2933547434990496 -0.052105766269472976
v -0.14592455173930535 1.2373028555769183 -0.057554039167462441
v -0.11017799522165661 1.2050839092184318 -0.060579267847188131
v 0.0026100822450876304 1.2237086412782692 -0.058180984989829349
v 0.0351424656547768 1.259121494432786 -0.054503220319532197
v 0.036759921357572195 1.3150408269683493 -0.048950719227889815
v 0.015412619587357346 1.3714454166636598 -0.04347468480852508
v -0.020839007205835369 1.4038343123616757 -0.040493188170299163
v -0.13347964470714191 1.3843868416027092 -0.042971646487865958
v -0.068496344725946262 1.1185735941828345 0.16383700622599692
v -0.046961847549113506 1.1182240527037459 0.1638482831758894
v -0.066608819305816691 1.4465482291028948 0.19642467334536079
v -0.088291388902784373 1.4451608680242509 0.19618119531868106
v -0.1188454392901272 1.398259896452432 0.22184168073654614
v -0.013278711997870424 1.1569071173443031 0.1985092573212684
v -0.065729098534729358 1.1671767968481361 -0.033652035628487675
v -0.047973497031485762 1.1680281217122566 -0.033483651328115517
v -0.065664261506195143 1.4363912186850782 -0.0071025536552471319
v -0.083406316733273755 1.435254731861586 -0.0073019077536900373
v -0.054052222089642832 1.2031233648018931 -0.060502651632341323
v -0.076937024851904956 1.40548293630237 -0.04060377808363301
v -0.078049543572296987 0.0027685113461967496 0.1228506864210358
v -0.12958409785954597 -0.0074498726626349415 0.12550120506355819
v -0.12176805952758842 -0.0055688590127657553 0.083438679648820346
v -0.14883843480094477 0.0026388116006265325 0.19700453120710471
v -0.12177510378135951 0.00038592486719784408 0.31945483238043382
v -0.09217467792037802 0.00029224092198198645 0.3057048355021913
v 0.012281654558990565 0.17943348969744277 -0.43252915444334156
v -0.077191994557664456 0.0010174884313637698 0.26493858470954484
v 0.033598709158795252 0.11911840609217134 -0.44622406543491311
v 0.04863265560524891 0.31095864153459385 -0.433324987495745
v 0.081586253351367044 0.18344197206125606 -0.44477034566164214
v 0.10101652312934402 0.11585580548389859 -0.43429738669437928
v 0.080510011576096024 0.25669693044496927 -0.43075131078334589
v 0.029773218556128106 0.25326978897910085 -0.44137642946497879
v 0.037366479673704579 0.29683880870046003 -0.43473784072882482
v -0.14337215095092198 -0.0097616341570076759 0.25939663666090684
v -0.11056913017271747 -0.0051247794874605922 0.069155527536688091
v -0.080199296591498562 -0.0092790298641108153 0.19686201206099352
v 0.046107815899594125 0.083780043875460952 -0.44639010491780601
v 0.068523473240885091 0.072563670914717576 -0.44659390818774558
v 0.071874337733503768 0.28265843576589417 -0.3886013138569902
v 0.084992261376186623 0.24439237185379653 -0.39225844869371462
v 0.047164761042931519 0.29435312355310606 -0.38763138425527316
v -0.083082203948201705 0.041714225279348593 0.093025930769426418
v -0.071015023251491421 0.040756110511235052 0.13300052161459949
v -0.10747693873178513 0.04240014718275173 0.079581955160981502
v 0.070004175888640691 0.059964801720915478 -0.41472106444369583
v 0.039963440011860377 0.072664872723534807 -0.4128179802018348
v -0.15360607311054203 0.030195468470029463 0.26546627694930214
v 0.10080675887712066 0.11531447244737679 -0.4049400401555287
v 0.10090002487521821 0.11565533442289501 -0.42150723402163237
v -0.13056047247986777 -0.0098134911573842468 0.25557098167376824
v -0.11451766297790522 -0.0099565610659332563 0.25428520057425241
v 0.060740889024074207 0.12514871393393387 -0.44612401533415769
v -0.076513540595066723 0.029385183330710492 0.26555233730567962
v -0.076890677175234151 0.013646501231725798 0.26516919489324609
v 0.023775964886541972 0.11250537768752089 -0.40426461992331536
v -0.16105592438956035 1.1673648017556448 0.10565668070327416
v -0.0049874556036081513 1.1350738174475212 0.11216813948328458
v 0.059309323297696448 1.1884348224925811 0.10880079011448596
v 0.090183797244956149 1.2649927290782998 0.11648232078809206
v 0.079214377321795426 1.3460161229219345 0.12442515732003498
v -0.069716739407133937 0.3380963554467098 0.11536050445526144
v -0.058779536386409342 0.35099162332637562 0.15256978359187046
v -0.0030975254390431216 0.53639311879950313 -0.0021008009179787623
v 0.0082502904844675325 0.55858997703007951 -0.05978452098556003
v -0.14569854116851017 0.52609115039594623 0.027400598766255529
v 0.01318326876214037 0.43673893622205051 0.01270184297043242
v 0.18658399916603141 0.70030583599034546 0.35091565068738745
v 0.1361767632893971 0.68199964095697352 0.34345220951482491
v 0.088563733434771141 0.23815955433328539 -0.34059237371146933
v 0.082204213011921892 0.25267351411122185 -0.41595882856410832
v -0.075388972718075778 0.017480853345590502 0.12652559624110848
v 0.096109868752300126 0.074430081100804291 -0.41260907952107323
v 0.04512991063732591 0.12334370153078489 -0.44611240075810327
v 0.044250934759292843 0.57105253613126405 -0.080257429976640787
v 0.095794496493526865 0.60957336948000862 0.0092837426454106253
v -0.19727236272703463 0.90848610930451446 -0.079872154590906241
v 0.094282106621952799 0.87238480124018603 0.13907631314040331
v -0.048101171460068148 1.4346286893649927 -0.019426363332216104
v -0.06568689379192888 1.169961694914565 -0.045631445405429419
v -0.048170984155582186 1.1708244522897895 -0.04546458680983248
v -0.083175964518490908 1.1712698241554036 -0.045586376488639432
v 0.058816799746935378 1.3529217406260157 -0.026937236003253137
v 0.016012912244346644 1.4080791289170504 -0.021745506001904363
v -0.17207926452627614 1.3837525537057151 -0.025076314566902555
v -0.065605996770768782 1.4358002083438453 -0.01939572302553981
v -0.083114912500013072 1.4346842298251878 -0.019591904827452128
v 0.041126270062610659 1.2203079463285202 -0.040181909308629478
v -0.14720661655766715 1.1975754644004606 -0.043351654183642077
v -0.19834357807417136 1.3203478551508194 -0.031436396896139487
v 0.06789833709211282 1.2841489107537074 -0.033704859573156755
v 0.051609769298812579 0.097635514051757799 -0.44623728699541143
v 0.065609566612056219 0.091790165138001117 -0.44635040742519888
f 1 2 3
f 4 3 2
f 5 6 7
f 8 7 6
f 9 10 11
f 12 11 10
f 13 14 15
f 16 15 14
f 17 18 19
f 20 19 18
f 21 22 16
f 15 16 22
f 23 24 25
f 26 25 24
f 27 28 29
f 30 29 28
f 31 32 33
f 34 33 32
f 35 36 37
f 38 37 36
f 39 40 41
f 42 41 40
f 43 44 45
f 46 45 44
f 47 48 49
f 50 49 48
f 51 52 53
f 54 53 52
f 55 56 57
f 58 57 56
f 59 60 61
f 62 61 60
f 63 64 65
f 66 65 64
f 67 68 69
f 70 69 68
f 71 72 73
f 74 73 72
f 75 76 77
f 78 77 76
f 79 80 81
f 82 81 80
f 83 84 85
f 86 85 84
f 87 88 89
f 90 89 88
f 91 92 93
f 94 93 92
f 95 96 97
f 98 97 96
f 99 100 101
f 102 101 100
f 103 104 105
f 106 105 104
f 107 108 109
f 110 109 108
f 111 112 113
f 114 113 112
f 115 116 117
f 118 117 116
f 119 120 121
f 122 121 120
f 123 124 125
f 126 125 124
f 127 128 129
f 130 129 128
f 131 132 133
f 134 133 132
f 135 136 137
f 138 137 136
f 139 140 141
f 142 141 140
f 143 144 67
f 68 67 144
f 145 146 79
f 80 79 146
f 147 148 149
f 150 149 148
f 151 152 153
f 154 153 152
f 155 156 63
f 64 63 156
f 157 158 75
f 76 75 158
f 159 160 161
f 162 161 160
f 163 164 83
f 84 83 164
f 165 166 167
f 168 167 166
f 169 170 171
f 172 171 170
f 173 174 175
f 176 175 174
f 177 178 179
f 180 179 178
f 181 182 183
f 184 183 182
f 185 186 187
f 188 187 186
f 189 190 191
f 192 191 190
f 193 194 195
f 196 195 194
f 197 198 199
f 200 199 198
f 201 202 203
f 204 203 202
f 205 206 207
f 208 207 206
f 209 210 211
f 212 211 210
f 213 214 215
f 216 215 214
f 217 218 219
f 220 219 218
f 221 222 223
f 224 223 222
f 225 226 227
f 228 227 226
f 229 230 231
f 232 231 230
f 233 234 235
f 236 235 234
f 237 238 239
f 240 239 238
f 241 240 242
f 238 242 240
f 243 244 245
f 211 245 244
f 246 247 248
f 249 248 247
f 250 251 252
f 221 252 251
f 253 254 255
f 256 255 254
f 257 258 259
f 260 259 258
f 261 262 263
f 264 263 262
f 265 266 267
f 268 267 266
f 269 270 271
f 272 271 270
f 273 274 275
f 276 275 274
f 277 278 279
f 280 279 278
f 281 282 283
f 284 283 282
f 285 286 287
f 288 287 286
f 289 290 291
f 292 291 290
f 293 294 295
f 296 295 294
f 297 298 299
f 300 299 298
f 301 302 303
f 304 303 302
f 305 306 307
f 308 307 306
f 309 310 311
f 312 311 310
f 313 314 315
f 316 315 314
f 317 318 319
f 320 319 318
f 321 322 323
f 324 323 322
f 278 290 325
f 326 325 290
f 327 328 281
f 329 281 328
f 330 331 285
f 286 285 331
f 332 326 289
f 290 289 326
f 333 334 335
f 336 335 334
f 337 338 339
f 340 339 338
f 341 342 343
f 344 343 342
f 345 346 347
f 348 347 346
f 349 350 351
f 352 351 350
f 353 354 355
f 356 355 354
f 357 358 359
f 360 359 358
f 361 362 363
f 364 363 362
f 365 366 367
f 368 367 366
f 369 370 353
f 354 353 370
f 371 372 373
f 374 373 372
f 375 376 337
f 338 337 376
f 377 378 379
f 380 379 378
f 381 382 383
f 384 383 382
f 385 386 387
f 388 387 386
f 389 390 391
f 392 391 390
f 393 394 395
f 396 395 394
f 397 398 399
f 400 399 398
f 401 402 403
f 404 403 402
f 405 406 407
f 408 407 406
f 409 410 411
f 412 411 410
f 413 414 415
f 416 415 414
f 417 418 419
f 420 419 418
f 216 214 421
f 422 421 214
f 206 423 208
f 424 208 423
f 425 426 427
f 428 427 426
f 429 430 431
f 432 431 430
f 433 434 435
f 436 435 434
f 437 438 439
f 440 439 438
f 441 442 443
f 444 443 442
f 445 446 447
f 448 447 446
f 449 450 451
f 452 451 450
f 453 454 455
f 456 455 454
f 457 458 459
f 460 459 458
f 461 462 463
f 464 463 462
f 465 466 467
f 468 467 466
f 469 470 471
f 472 471 470
f 473 474 475
f 476 475 474
f 477 478 479
f 480 479 478
f 481 482 483
f 484 483 482
f 485 486 487
f 488 487 486
f 489 490 491
f 492 491 490
f 493 494 495
f 496 495 494
f 497 498 499
f 500 499 498
f 501 502 503
f 504 503 502
f 505 506 507
f 508 507 506
f 509 510 511
f 512 511 510
f 513 514 515
f 516 515 514
f 517 518 519
f 520 519 518
f 521 522 523
f 524 523 522
f 525 526 527
f 528 527 526
f 529 530 531
f 532 531 530
f 533 534 535
f 536 535 534
f 537 538 539
f 540 539 538
f 541 542 543
f 544 543 542
f 545 546 547
f 548 547 546
f 549 550 551
f 552 551 550
f 553 554 555
f 556 555 554
f 557 558 559
f 560 559 558
f 561 562 563
f 564 563 562
f 565 566 567
f 568 567 566
f 569 570 571
f 572 571 570
f 573 574 575
f 576 575 574
f 577 578 579
f 580 579 578
f 581 582 583
f 584 583 582
f 585 586 587
f 588 587 586
f 589 590 591
f 592 591 590
f 593 594 595
f 596 595 594
f 597 598 599
f 600 599 598
f 601 602 603
f 604 603 602
f 605 606 607
f 608 607 606
f 609 610 611
f 612 611 610
f 613 614 615
f 616 615 614
f 617 618 619
f 620 619 618
f 621 622 623
f 624 623 622
f 625 626 627
f 628 627 626
f 629 630 631
f 632 631 630
f 633 634 635
f 636 635 634
f 637 638 639
f 640 639 638
f 641 642 643
f 644 643 642
f 645 646 647
f 648 647 646
f 649 650 651
f 652 651 650
f 653 654 655
f 656 655 654
f 657 658 659
f 660 659 658
f 661 662 663
f 664 663 662
f 665 666 667
f 668 667 666
f 669 670 671
f 672 671 670
f 673 674 675
f 676 675 674
f 677 678 679
f 680 679 678
f 681 682 683
f 684 683 682
f 685 686 687
f 688 687 686
f 689 690 691
f 692 691 690
f 693 694 695
f 696 695 694
f 697 698 699
f 700 699 698
f 701 702 703
f 704 703 702
f 705 706 707
f 708 707 706
f 709 710 711
f 712 711 710
f 713 714 715
f 716 715 714
f 717 718 719
f 720 719 718
f 721 722 723
f 724 723 722
f 725 726 727
f 728 727 726
f 729 730 731
f 732 731 730
f 733 734 735
f 736 735 734
f 737 738 739
f 740 739 738
f 741 742 743
f 744 743 742
f 745 746 747
f 748 747 746
f 749 750 751
f 752 751 750
f 753 754 755
f 756 755 754
f 757 758 759
f 760 759 758
f 761 762 763
f 764 763 762
f 765 766 767
f 768 767 766
f 769 770 771
f 772 771 770
f 773 774 775
f 776 775 774
f 777 778 779
f 780 779 778
f 781 782 783
f 784 783 782
f 785 786 787
f 788 787 786
f 789 790 791
f 792 791 790
f 793 794 795
f 796 795 794
f 797 798 799
f 800 799 798
f 801 802 803
f 804 803 802
f 805 806 807
f 808 807 806
f 809 810 811
f 812 811 810
f 813 814 815
f 816 815 814
f 817 818 819
f 820 819 818
f 821 822 823
f 824 823 822
f 825 826 827
f 828 827 826
f 829 830 831
f 832 831 830
f 833 834 835
f 836 835 834
f 723 837 656
f 838 656 837
f 819 839 792
f 840 792 839
f 841 842 704
f 843 704 842
f 671 844 836
f 845 836 844
f 799 846 692
f 847 692 846
f 759 848 732
f 849 732 848
f 850 851 852
f 853 852 851
f 854 855 708
f 856 708 855
f 687 857 648
f 858 648 857
f 811 859 860
f 861 860 859
f 862 863 864
f 865 864 863
f 866 684 867
f 682 867 684
f 868 869 870
f 871 870 869
f 872 873 874
f 875 874 873
f 658 876 660
f 877 660 876
f 878 879 880
f 881 880 879
f 882 883 884
f 885 884 883
f 886 887 888
f 889 888 887
f 890 891 892
f 893 892 891
f 894 895 896
f 897 896 895
f 898 899 900
f 901 900 899
f 902 903 904
f 905 904 903
f 906 907 908
f 909 908 907
f 910 911 912
f 913 912 911
f 914 915 916
f 917 916 915
f 918 919 920
f 921 920 919
f 922 923 924
f 925 924 923
f 926 927 928
f 929 928 927
f 930 931 932
f 933 932 931
f 934 935 936
f 937 936 935
f 938 939 808
f 807 808 939
f 940 941 942
f 943 942 941
f 794 944 796
f 945 796 944
f 946 947 668
f 667 668 947
f 766 948 768
f 949 768 948
f 950 951 816
f 815 816 951
f 952 676 953
f 674 953 676
f 742 954 744
f 955 744 954
f 956 957 652
f 651 652 957
f 750 958 752
f 959 752 958
f 735 960 961
f 962 961 960
f 679 963 964
f 965 964 963
f 966 967 968
f 969 968 967
f 970 971 972
f 973 972 971
f 974 975 976
f 977 976 975
f 978 979 980
f 981 980 979
f 982 983 984
f 985 984 983
f 986 987 988
f 989 988 987
f 990 991 992
f 993 992 991
f 994 995 996
f 997 996 995
f 998 999 1000
f 1001 1000 999
f 1002 1003 1004
f 1005 1004 1003
f 1006 1007 1008
f 1009 1008 1007
f 1010 1011 1012
f 1013 1012 1011
f 1014 1015 1016
f 1017 1016 1015
f 1018 1019 1020
f 1021 1020 1019
f 1022 1023 1024
f 1025 1024 1023
f 1026 1027 1028
f 1029 1028 1027
f 1030 1031 1032
f 1033 1032 1031
f 1034 1035 1036
f 1037 1036 1035
f 1038 1039 1040
f 1041 1040 1039
f 1042 1043 1044
f 1045 1044 1043
f 1046 1047 1048
f 1049 1048 1047
f 1050 1051 1052
f 1053 1052 1051
f 1054 1055 1056
f 1057 1056 1055
f 1058 1059 1030
f 1060 1030 1059
f 1061 1062 1063
f 1064 1063 1062
f 1065 1066 990
f 1067 990 1066
f 1068 1069 1062
f 1070 1062 1069
f 1071 1072 1022
f 1073 1022 1072
f 998 1074 1075
f 1066 1075 1074
f 1076 1077 1058
f 1059 1058 1077
f 1078 1079 1046
f 1080 1046 1079
f 1081 1082 1055
f 1083 1055 1082
f 1084 1085 1086
f 1087 1086 1085
f 1 3 1088
f 1089 1088 3
f 1090 1091 6
f 8 6 1091
f 1092 1093 10
f 12 10 1093
f 1094 1095 14
f 16 14 1095
f 1096 1097 18
f 20 18 1097
f 21 20 22
f 1097 22 20
f 1057 25 1098
f 26 1098 25
f 1099 1100 29
f 27 29 1100
f 1064 33 1101
f 34 1101 33
f 1102 1103 36
f 38 36 1103
f 42 900 41
f 1104 41 900
f 46 904 45
f 1105 45 904
f 50 1106 49
f 974 49 1106
f 54 908 53
f 1107 53 908
f 58 912 57
f 1108 57 912
f 62 916 61
f 1109 61 916
f 66 920 65
f 1110 65 920
f 70 924 69
f 1111 69 924
f 74 1112 73
f 978 73 1112
f 78 928 77
f 1113 77 928
f 82 932 81
f 1114 81 932
f 86 936 85
f 1115 85 936
f 89 90 1116
f 1117 1116 90
f 93 94 1118
f 1119 1118 94
f 98 1120 97
f 1121 97 1120
f 101 102 1122
f 1123 1122 102
f 105 106 1124
f 1125 1124 106
f 109 110 1126
f 1127 1126 110
f 113 114 1128
f 1129 1128 114
f 117 118 1130
f 1131 1130 118
f 121 122 1132
f 1133 1132 122
f 125 126 1134
f 1135 1134 126
f 129 130 1136
f 1137 1136 130
f 133 134 1138
f 1139 1138 134
f 143 67 136
f 138 136 67
f 141 142 1140
f 1141 1140 142
f 147 149 144
f 68 144 149
f 153 1142 146
f 80 146 1142
f 155 63 148
f 150 148 63
f 153 154 1142
f 1143 1142 154
f 1144 1145 156
f 64 156 1145
f 159 161 158
f 76 158 161
f 1146 71 160
f 162 160 71
f 141 1140 164
f 84 164 1140
f 1147 43 168
f 167 168 43
f 170 1148 172
f 1149 172 1148
f 1150 1151 173
f 174 173 1151
f 1152 178 1153
f 177 1153 178
f 183 184 1154
f 1155 1154 184
f 1156 185 1157
f 187 1157 185
f 191 192 1158
f 1159 1158 192
f 203 204 193
f 194 193 204
f 207 208 199
f 197 199 208
f 1160 202 1161
f 201 1161 202
f 1162 427 205
f 206 205 427
f 210 209 419
f 417 419 209
f 1163 1164 213
f 214 213 1164
f 219 1165 217
f 1166 217 1165
f 223 224 1167
f 1165 1167 224
f 227 1168 225
f 1169 225 1168
f 1170 229 1168
f 231 1168 229
f 234 1171 236
f 1160 236 1171
f 239 1172 237
f 212 237 1172
f 1173 226 241
f 240 241 226
f 1174 243 1175
f 245 1175 243
f 1167 246 223
f 248 223 246
f 253 255 250
f 251 250 255
f 1176 256 1177
f 254 1177 256
f 1178 257 1179
f 259 1179 257
f 262 274 264
f 1180 264 274
f 266 1181 268
f 1182 268 1181
f 272 1089 271
f 1183 271 1089
f 274 273 1180
f 1184 1180 273
f 277 292 278
f 290 278 292
f 1185 327 283
f 281 283 327
f 287 1186 285
f 1187 285 1186
f 291 284 289
f 282 289 284
f 315 316 295
f 293 295 316
f 1188 1189 297
f 298 297 1189
f 309 301 310
f 303 310 301
f 318 307 320
f 308 320 307
f 1190 1191 312
f 311 312 1191
f 1192 1193 313
f 314 313 1193
f 1194 317 1195
f 319 1195 317
f 302 321 304
f 323 304 321
f 278 325 280
f 1196 280 325
f 282 281 1197
f 329 1197 281
f 331 330 302
f 321 302 330
f 326 332 1194
f 317 1194 332
f 352 350 333
f 334 333 350
f 337 339 360
f 359 360 339
f 341 356 342
f 354 342 356
f 364 347 363
f 348 363 347
f 390 349 1198
f 351 1198 349
f 353 355 1199
f 1200 1199 355
f 357 1201 358
f 374 358 1201
f 1202 1203 361
f 362 361 1203
f 1204 1205 365
f 366 365 1205
f 369 1206 370
f 1207 370 1206
f 1208 1209 371
f 372 371 1209
f 375 1210 376
f 1211 376 1210
f 377 382 378
f 1203 378 382
f 382 381 1203
f 362 1203 381
f 316 385 293
f 387 293 385
f 391 314 389
f 1193 389 314
f 269 395 1212
f 396 1212 395
f 1213 400 1214
f 398 1214 400
f 1215 404 1216
f 402 1216 404
f 271 1183 408
f 407 408 1183
f 1217 1218 409
f 410 409 1218
f 1219 614 413
f 414 413 614
f 418 1220 420
f 1221 420 1220
f 1222 1223 422
f 421 422 1223
f 423 1224 424
f 1225 424 1224
f 426 1226 428
f 1227 428 1226
f 430 433 432
f 435 432 433
f 424 1225 434
f 436 434 1225
f 439 1228 437
f 1229 437 1228
f 444 445 443
f 447 443 445
f 446 450 448
f 1230 448 450
f 450 449 1230
f 1231 1230 449
f 455 456 1232
f 1085 1232 456
f 1233 1234 457
f 458 457 1234
f 1235 1236 461
f 462 461 1236
f 466 1237 468
f 1238 468 1237
f 471 1239 469
f 1240 469 1239
f 1241 1242 473
f 474 473 1242
f 478 1243 480
f 1244 480 1243
f 1245 481 1246
f 483 1246 481
f 487 488 1247
f 1248 1247 488
f 491 1249 489
f 1250 489 1249
f 1251 493 1252
f 495 1252 493
f 498 1253 500
f 1254 500 1253
f 1255 1256 501
f 502 501 1256
f 1257 1258 505
f 506 505 1258
f 509 1259 510
f 1260 510 1259
f 515 516 1261
f 1262 1261 516
f 1263 1264 517
f 518 517 1264
f 1265 521 1266
f 523 1266 521
f 527 528 1267
f 1268 1267 528
f 529 1269 530
f 1270 530 1269
f 1271 1272 533
f 534 533 1272
f 538 1273 540
f 1274 540 1273
f 543 1275 541
f 1276 541 1275
f 1277 1278 545
f 546 545 1278
f 550 1279 552
f 1280 552 1279
f 1281 553 1282
f 555 1282 553
f 559 560 1283
f 1284 1283 560
f 563 1285 561
f 1286 561 1285
f 1287 565 1288
f 567 1288 565
f 570 1289 572
f 1290 572 1289
f 1291 1292 573
f 574 573 1292
f 1293 1294 577
f 578 577 1294
f 581 1295 582
f 1296 582 1295
f 587 588 1297
f 1298 1297 588
f 1299 1300 589
f 590 589 1300
f 1301 593 1302
f 595 1302 593
f 599 600 1303
f 1304 1303 600
f 601 1305 602
f 1306 602 1305
f 609 605 610
f 607 610 605
f 611 612 1307
f 1308 1307 612
f 1309 613 1310
f 615 1310 613
f 1311 617 1312
f 619 1312 617
f 623 1313 621
f 267 621 1313
f 264 1180 625
f 626 625 1180
f 268 1182 629
f 630 629 1182
f 263 633 1314
f 635 1314 633
f 1315 637 1316
f 639 1316 637
f 1184 1317 641
f 642 641 1317
f 685 687 646
f 648 646 687
f 650 713 652
f 715 652 713
f 721 723 654
f 656 654 723
f 1318 1319 657
f 658 657 1319
f 662 665 664
f 667 664 665
f 666 829 668
f 831 668 829
f 701 703 670
f 672 670 703
f 745 747 673
f 674 673 747
f 821 823 678
f 680 678 823
f 1320 1321 681
f 682 681 1321
f 705 707 686
f 688 686 707
f 797 799 690
f 692 690 799
f 1322 695 1323
f 696 1323 695
f 698 659 700
f 660 700 659
f 1324 841 702
f 704 702 841
f 1325 854 706
f 708 706 854
f 710 1326 712
f 1327 712 1326
f 714 743 716
f 744 716 743
f 1328 719 1329
f 720 1329 719
f 1330 1331 722
f 724 722 1331
f 1332 987 725
f 726 725 987
f 757 759 730
f 732 730 759
f 769 771 734
f 736 734 771
f 1333 983 737
f 738 737 983
f 803 804 741
f 742 741 804
f 746 813 748
f 815 748 813
f 727 728 749
f 750 749 728
f 717 755 718
f 756 718 755
f 689 691 758
f 760 758 691
f 762 649 764
f 651 764 649
f 739 740 765
f 766 765 740
f 789 791 770
f 772 770 791
f 1334 941 773
f 774 773 941
f 778 751 780
f 752 780 751
f 1335 783 1336
f 784 1336 783
f 786 767 788
f 768 788 767
f 817 819 790
f 792 790 819
f 775 776 793
f 794 793 776
f 833 835 798
f 800 798 835
f 675 676 801
f 802 801 676
f 806 777 808
f 779 808 777
f 645 647 810
f 812 810 647
f 814 785 816
f 787 816 785
f 653 655 818
f 820 818 655
f 1337 1338 822
f 824 822 1338
f 826 1339 828
f 1340 828 1339
f 830 795 832
f 796 832 795
f 669 671 834
f 836 834 671
f 655 656 1341
f 838 1341 656
f 791 792 1342
f 840 1342 792
f 703 704 1343
f 843 1343 704
f 835 836 1344
f 845 1344 836
f 691 692 1345
f 847 1345 692
f 731 732 1346
f 849 1346 732
f 1338 852 1347
f 853 1347 852
f 707 708 1348
f 856 1348 708
f 647 648 1349
f 858 1349 648
f 1331 860 1350
f 861 1350 860
f 863 862 1351
f 1352 1351 862
f 867 1353 866
f 1354 866 1353
f 869 1355 871
f 1356 871 1355
f 874 1357 872
f 1340 872 1357
f 876 1358 877
f 1359 877 1358
f 879 878 1265
f 521 1265 878
f 884 527 882
f 1267 882 527
f 887 530 889
f 1270 889 530
f 892 1360 890
f 1327 890 1360
f 895 1239 897
f 1361 897 1239
f 1104 900 1362
f 901 1362 900
f 1105 904 1363
f 905 1363 904
f 1107 908 1364
f 909 1364 908
f 1108 912 1365
f 913 1365 912
f 1109 916 1366
f 917 1366 916
f 1110 920 1367
f 921 1367 920
f 1111 924 1368
f 925 1368 924
f 1113 928 1369
f 929 1369 928
f 1114 932 1370
f 933 1370 932
f 1115 936 1371
f 937 1371 936
f 939 938 1372
f 1373 1372 938
f 942 1374 940
f 1375 940 1374
f 944 1376 945
f 1377 945 1376
f 947 946 1378
f 1379 1378 946
f 948 1380 949
f 1381 949 1380
f 951 950 1301
f 593 1301 950
f 953 599 952
f 1303 952 599
f 954 602 955
f 1306 955 602
f 957 956 1294
f 1299 1294 956
f 958 1275 959
f 1382 959 1275
f 841 961 842
f 962 842 961
f 854 964 855
f 965 855 964
f 968 1383 966
f 1384 966 1383
f 972 1252 970
f 1245 970 1252
f 906 976 907
f 977 907 976
f 926 980 927
f 981 927 980
f 984 1385 982
f 1386 982 1385
f 988 1288 986
f 1281 986 1288
f 1387 1065 992
f 990 992 1065
f 996 1388 994
f 1068 994 1388
f 1000 1389 998
f 1074 998 1389
f 1002 1390 1003
f 1391 1003 1390
f 1006 1392 1007
f 1393 1007 1392
f 1013 1011 1005
f 1004 1005 1011
f 1016 1017 1050
f 1051 1050 1017
f 1018 1037 1019
f 1035 1019 1037
f 1394 1071 1024
f 1022 1024 1071
f 1028 1029 1395
f 1396 1395 1029
f 1397 1058 1032
f 1030 1032 1058
f 1081 1034 1398
f 1036 1398 1034
f 1040 1041 1399
f 1400 1399 1041
f 1042 997 1043
f 995 1043 997
f 1401 1078 1048
f 1046 1048 1078
f 1402 1403 1053
f 1052 1053 1403
f 1034 1081 1054
f 1055 1054 1081
f 1030 1060 1031
f 1404 1031 1060
f 994 1068 1061
f 1062 1061 1068
f 990 1067 991
f 1405 991 1067
f 1070 1406 1062
f 1064 1062 1406
f 1073 1407 1022
f 1023 1022 1407
f 999 998 1408
f 1075 1408 998
f 1007 1393 1077
f 1059 1077 1393
f 1080 1409 1046
f 1047 1046 1409
f 1083 1410 1055
f 1057 1055 1410
f 1084 1411 1085
f 1232 1085 1411
f 3 1216 1089
f 1183 1089 1216
f 1204 1412 6
f 1090 6 1412
f 1413 1092 1206
f 10 1206 1092
f 1209 1094 1414
f 14 1414 1094
f 1211 1096 1415
f 18 1415 1096
f 21 1416 20
f 19 20 1416
f 1098 26 1417
f 1418 1417 26
f 29 1419 1099
f 1420 1099 1419
f 1101 34 447
f 443 447 34
f 36 1231 1102
f 1229 1102 1231
f 42 1421 900
f 898 900 1421
f 46 1422 904
f 902 904 1422
f 50 1423 1106
f 1424 1106 1423
f 54 1425 908
f 906 908 1425
f 58 1426 912
f 910 912 1426
f 62 1427 916
f 914 916 1427
f 66 1428 920
f 918 920 1428
f 70 1429 924
f 922 924 1429
f 74 1430 1112
f 1431 1112 1430
f 78 1432 928
f 926 928 1432
f 82 1433 932
f 930 932 1433
f 86 1434 936
f 934 936 1434
f 1435 1436 90
f 1117 90 1436
f 1437 1438 94
f 1119 94 1438
f 1439 1440 98
f 1120 98 1440
f 1123 102 1441
f 1442 1441 102
f 1443 1444 106
f 1125 106 1444
f 1445 1446 110
f 1127 110 1446
f 1447 1448 114
f 1129 114 1448
f 1449 1450 118
f 1131 118 1450
f 1451 1452 122
f 1133 122 1452
f 1453 1454 126
f 1135 126 1454
f 1455 151 130
f 1137 130 151
f 1456 139 134
f 1139 134 139
f 1130 143 1457
f 136 1457 143
f 145 79 142
f 1141 142 79
f 1450 147 1131
f 144 1131 147
f 151 153 1137
f 146 1137 153
f 1128 155 1458
f 148 1458 155
f 157 75 154
f 1143 154 75
f 1448 1144 1129
f 156 1129 1144
f 1454 159 1135
f 158 1135 159
f 1132 1146 1459
f 160 1459 1146
f 139 141 1139
f 164 1139 141
f 1118 1147 1460
f 168 1460 1147
f 1441 1148 1461
f 170 1461 1148
f 1440 1150 1120
f 173 1120 1150
f 177 48 1153
f 47 1153 48
f 172 1149 184
f 1155 184 1149
f 1151 1157 174
f 187 174 1157
f 192 178 1159
f 1152 1159 178
f 193 1462 203
f 1463 203 1462
f 1464 207 1465
f 199 1465 207
f 201 1466 1161
f 1467 1161 1466
f 1467 1162 1468
f 205 1468 1162
f 209 215 417
f 216 417 215
f 213 1469 1163
f 1470 1163 1469
f 1471 1167 219
f 1165 219 1167
f 1165 224 1166
f 1472 1166 224
f 1168 227 1170
f 1473 1170 227
f 1175 1169 231
f 1168 231 1169
f 217 1166 234
f 1171 234 1166
f 225 1169 239
f 1172 239 1169
f 1173 241 1474
f 1475 1474 241
f 1169 1175 1172
f 245 1172 1175
f 252 221 248
f 223 248 221
f 1476 253 1477
f 250 1477 253
f 1177 254 1478
f 1479 1478 254
f 1480 1481 259
f 1179 259 1481
f 274 262 276
f 1482 276 262
f 1476 1181 1479
f 266 1479 1181
f 1483 1088 272
f 1089 272 1088
f 273 1484 1184
f 1317 1184 1484
f 1485 1309 277
f 292 277 1309
f 283 1312 1185
f 1486 1185 1312
f 1186 287 1487
f 1488 1487 287
f 1310 1311 291
f 284 291 1311
f 1489 315 1490
f 295 1490 315
f 297 1491 1188
f 1492 1188 1491
f 310 303 1493
f 1494 1493 303
f 320 308 1495
f 1496 1495 308
f 312 1497 1190
f 1492 1190 1497
f 313 1498 1192
f 1499 1192 1498
f 319 1500 1195
f 1499 1195 1500
f 304 323 1501
f 1502 1501 323
f 325 1503 1196
f 1504 1196 1503
f 1197 329 318
f 307 318 329
f 330 1505 321
f 322 321 1505
f 332 1197 317
f 318 317 1197
f 1506 352 1507
f 333 1507 352
f 339 1508 359
f 1509 359 1508
f 356 341 1510
f 1511 1510 341
f 363 348 1512
f 1513 1512 348
f 1198 351 1514
f 1515 1514 351
f 355 1516 1200
f 1517 1200 1516
f 1201 357 1514
f 1518 1514 357
f 1517 1202 1519
f 361 1519 1202
f 365 1520 1204
f 1412 1204 1520
f 1521 1413 369
f 1206 369 1413
f 371 1522 1208
f 1523 1208 1522
f 1524 1525 375
f 1210 375 1525
f 1526 384 377
f 382 377 384
f 381 1527 362
f 364 362 1527
f 294 293 1528
f 387 1528 293
f 385 316 391
f 314 391 316
f 614 1212 414
f 396 414 1212
f 1215 1214 404
f 398 404 1214
f 1216 402 1183
f 407 1183 402
f 269 271 395
f 408 395 271
f 400 1213 409
f 1217 409 1213
f 1219 413 1218
f 410 1218 413
f 418 421 1220
f 1223 1220 421
f 422 1529 1222
f 1530 1222 1529
f 428 1227 423
f 1224 423 1227
f 426 429 1226
f 431 1226 429
f 1531 198 430
f 433 430 198
f 208 424 197
f 434 197 424
f 442 441 439
f 1228 439 441
f 1532 1533 444
f 445 444 1533
f 1534 452 446
f 450 446 452
f 437 1229 449
f 1231 449 1229
f 456 1535 1085
f 1087 1085 1535
f 1536 1233 1537
f 457 1537 1233
f 1354 1235 1538
f 461 1538 1235
f 1539 1351 466
f 1237 466 1351
f 471 1540 1239
f 1361 1239 1540
f 473 462 1241
f 1236 1241 462
f 468 1238 478
f 1243 478 1238
f 469 1240 483
f 1246 483 1240
f 488 474 1248
f 1242 1248 474
f 480 1244 491
f 1249 491 1244
f 1252 495 1245
f 481 1245 495
f 487 1247 498
f 1253 498 1247
f 501 489 1255
f 1250 1255 489
f 1251 1257 493
f 505 493 1257
f 500 1254 509
f 1259 509 1254
f 516 502 1262
f 1256 1262 502
f 1258 1263 506
f 517 506 1263
f 1266 523 1260
f 510 1260 523
f 528 515 1268
f 1261 1268 515
f 529 518 1269
f 1264 1269 518
f 1375 1271 1541
f 533 1541 1271
f 1542 1372 538
f 1273 538 1372
f 543 1543 1275
f 1382 1275 1543
f 545 534 1277
f 1272 1277 534
f 540 1274 550
f 1279 550 1274
f 541 1276 555
f 1282 555 1276
f 560 546 1284
f 1278 1284 546
f 552 1280 563
f 1285 563 1280
f 1288 567 1281
f 553 1281 567
f 559 1283 570
f 1289 570 1283
f 573 561 1291
f 1286 1291 561
f 1287 1293 565
f 577 565 1293
f 572 1290 581
f 1295 581 1290
f 588 574 1298
f 1292 1298 574
f 1294 1299 578
f 589 578 1299
f 1302 595 1296
f 582 1296 595
f 600 587 1304
f 1297 1304 587
f 601 590 1305
f 1300 1305 590
f 610 607 1213
f 1544 1213 607
f 1215 1308 1214
f 612 1214 1308
f 1310 615 1311
f 617 1311 615
f 1312 619 1486
f 1545 1486 619
f 1313 623 1315
f 637 1315 623
f 625 633 264
f 263 264 633
f 267 268 621
f 629 621 268
f 1314 635 1182
f 630 1182 635
f 1317 1316 642
f 639 642 1316
f 1180 1184 626
f 641 626 1184
f 646 1546 685
f 1547 685 1546
f 713 650 1548
f 1549 1548 650
f 721 654 1550
f 1551 1550 654
f 657 1552 1318
f 1553 1318 1552
f 1554 1555 662
f 665 662 1555
f 829 666 1556
f 1557 1556 666
f 701 670 1558
f 1559 1558 670
f 1560 745 1561
f 673 1561 745
f 678 1562 821
f 1563 821 1562
f 1564 1320 1565
f 681 1565 1320
f 705 686 1566
f 1567 1566 686
f 690 1568 797
f 1569 797 1568
f 696 1570 1323
f 1571 1323 1570
f 1572 1573 698
f 659 698 1573
f 1324 702 1574
f 1575 1574 702
f 1325 706 1576
f 1577 1576 706
f 1578 1574 710
f 1326 710 1574
f 1579 1580 714
f 743 714 1580
f 720 1581 1329
f 1582 1329 1581
f 1330 722 1564
f 1583 1564 722
f 1584 1332 1585
f 725 1585 1332
f 757 730 1586
f 1587 1586 730
f 734 1588 769
f 1589 769 1588
f 1571 1333 1590
f 737 1590 1333
f 1591 803 1592
f 741 1592 803
f 1593 1594 746
f 813 746 1594
f 1595 727 1596
f 749 1596 727
f 718 756 1597
f 1598 1597 756
f 689 758 1599
f 1600 1599 758
f 1601 1602 762
f 649 762 1602
f 1603 739 1604
f 765 1604 739
f 770 1605 789
f 1606 789 1605
f 1582 1334 1607
f 773 1607 1334
f 1608 1609 778
f 751 778 1609
f 784 1610 1336
f 1584 1336 1610
f 1611 1612 786
f 767 786 1612
f 790 1613 817
f 1614 817 1613
f 1615 775 1616
f 793 1616 775
f 798 1617 833
f 1618 833 1617
f 1619 675 1620
f 801 1620 675
f 777 806 1621
f 1622 1621 806
f 810 1623 645
f 1624 645 1623
f 785 814 1625
f 1626 1625 814
f 653 818 1627
f 1628 1627 818
f 822 1629 1337
f 1553 1337 1629
f 1630 1576 826
f 1339 826 1576
f 1631 1632 830
f 795 830 1632
f 834 1633 669
f 1634 669 1633
f 1341 838 87
f 88 87 838
f 1342 840 91
f 92 91 840
f 1343 843 99
f 100 99 843
f 1344 845 103
f 104 103 845
f 1345 847 107
f 108 107 847
f 1346 849 111
f 112 111 849
f 1347 853 115
f 116 115 853
f 1348 856 123
f 124 123 856
f 1349 858 127
f 128 127 858
f 1350 861 131
f 132 131 861
f 862 1635 1352
f 1636 1352 1635
f 867 1637 1353
f 1638 1353 1637
f 1639 1640 869
f 1355 869 1640
f 1357 874 1641
f 1642 1641 874
f 1643 1644 876
f 1358 876 1644
f 878 1645 521
f 522 521 1645
f 884 1646 527
f 525 527 1646
f 1647 532 887
f 530 887 532
f 1360 892 1258
f 1263 1258 892
f 1648 1240 895
f 1239 895 1240
f 1362 901 1649
f 1650 1649 901
f 1363 905 1651
f 1652 1651 905
f 1364 909 1653
f 1654 1653 909
f 1365 913 1655
f 1656 1655 913
f 1366 917 1657
f 1658 1657 917
f 1367 921 1659
f 1660 1659 921
f 1368 925 1661
f 1662 1661 925
f 1369 929 1663
f 1664 1663 929
f 1370 933 1665
f 1666 1665 933
f 1371 937 717
f 755 717 937
f 938 1667 1373
f 1668 1373 1667
f 942 1669 1374
f 1670 1374 1669
f 1671 1672 944
f 1376 944 1672
f 946 1673 1379
f 1674 1379 1673
f 1675 1676 948
f 1380 948 1676
f 950 1677 593
f 594 593 1677
f 953 1678 599
f 597 599 1678
f 1679 604 954
f 602 954 604
f 956 1680 1299
f 1300 1299 1680
f 1681 1276 958
f 1275 958 1276
f 842 962 1682
f 1683 1682 962
f 855 965 1684
f 1685 1684 965
f 968 1686 1383
f 1687 1383 1686
f 972 1688 1252
f 1251 1252 1688
f 907 977 1322
f 695 1322 977
f 927 981 1335
f 783 1335 981
f 984 1689 1385
f 1690 1385 1689
f 988 1691 1288
f 1287 1288 1691
f 1692 1387 1693
f 992 1693 1387
f 1388 996 1694
f 1695 1694 996
f 1696 1694 1000
f 1389 1000 1694
f 1697 1390 1698
f 1002 1698 1390
f 1699 1700 1006
f 1392 1006 1700
f 1011 1701 1004
f 1702 1004 1701
f 1703 1704 1017
f 1051 1017 1704
f 1037 1018 1705
f 1706 1705 1018
f 1707 1394 1708
f 1024 1708 1394
f 1029 1709 1396
f 1710 1396 1709
f 1707 1397 1711
f 1032 1711 1397
f 1398 1036 1700
f 1712 1700 1036
f 1713 1697 1041
f 1400 1041 1697
f 997 1042 1714
f 1715 1714 1042
f 1692 1401 1716
f 1048 1716 1401
f 1053 1717 1402
f 1710 1402 1717
f 1054 1718 1034
f 1035 1034 1718
f 1719 1720 1060
f 1404 1060 1720
f 1061 1721 994
f 995 994 1721
f 1722 1723 1067
f 1405 1067 1723
f 1724 1725 1070
f 1406 1070 1725
f 1726 1727 1073
f 1407 1073 1727
f 1408 1075 1012
f 1728 1012 1075
f 1729 1009 1077
f 1007 1077 1009
f 1730 453 1080
f 1409 1080 453
f 1731 1536 1083
f 1410 1083 1536
f 1411 1084 1732
f 1733 1732 1084
f 1215 1216 4
f 3 4 1216
f 1205 1204 5
f 6 5 1204
f 1206 10 1207
f 9 1207 10
f 1525 1414 13
f 14 13 1414
f 1523 1415 17
f 18 17 1415
f 21 16 1416
f 1095 1416 16
f 24 1734 26
f 1418 26 1734
f 29 30 1419
f 1735 1419 30
f 32 441 34
f 443 34 441
f 36 35 1231
f 1230 1231 35
f 1736 1421 40
f 42 40 1421
f 1737 1422 44
f 46 44 1422
f 165 1423 48
f 50 48 1423
f 52 1738 54
f 1425 54 1738
f 1739 1426 56
f 58 56 1426
f 1740 1427 60
f 62 60 1427
f 1145 1428 64
f 66 64 1428
f 149 1429 68
f 70 68 1429
f 137 1430 72
f 74 72 1430
f 161 1432 76
f 78 76 1432
f 1142 1433 80
f 82 80 1433
f 1140 1434 84
f 86 84 1434
f 88 1741 90
f 1435 90 1741
f 92 1742 94
f 1437 94 1742
f 96 1743 98
f 1439 98 1743
f 100 1682 102
f 1442 102 1682
f 104 1744 106
f 1443 106 1744
f 108 1745 110
f 1445 110 1745
f 112 1746 114
f 1447 114 1746
f 116 1747 118
f 1449 118 1747
f 120 1748 122
f 1451 122 1748
f 124 1684 126
f 1453 126 1684
f 128 1749 130
f 1455 130 1749
f 132 1750 134
f 1456 134 1750
f 1452 1457 135
f 136 135 1457
f 1136 145 140
f 142 140 145
f 1130 1131 143
f 144 143 1131
f 1136 1137 145
f 146 145 1137
f 1450 1458 147
f 148 147 1458
f 1134 157 152
f 154 152 157
f 1128 1129 155
f 156 155 1129
f 1134 1135 157
f 158 157 1135
f 1454 1459 159
f 160 159 1459
f 1138 1139 163
f 164 163 1139
f 1440 1460 166
f 168 166 1460
f 1738 1461 169
f 170 169 1461
f 1120 173 1121
f 175 1121 173
f 179 165 177
f 48 177 165
f 171 172 182
f 184 182 172
f 174 187 176
f 188 176 187
f 190 180 192
f 178 192 180
f 195 1751 193
f 1462 193 1751
f 1751 1465 200
f 199 200 1465
f 203 1463 201
f 1466 201 1463
f 1468 205 1464
f 207 1464 205
f 211 244 209
f 215 209 244
f 215 244 213
f 1469 213 244
f 219 220 1471
f 1176 1471 220
f 222 1752 224
f 1472 224 1752
f 227 228 1473
f 1481 1473 228
f 232 1174 231
f 1175 231 1174
f 234 233 217
f 218 217 233
f 239 240 225
f 226 225 240
f 241 242 1475
f 1470 1475 242
f 1172 245 212
f 211 212 245
f 1753 252 249
f 248 249 252
f 1753 1477 252
f 250 252 1477
f 1476 1479 253
f 254 253 1479
f 1476 1480 260
f 259 260 1480
f 261 258 262
f 1482 262 258
f 266 265 1479
f 1478 1479 265
f 1483 272 1754
f 270 1754 272
f 1753 1484 275
f 273 275 1484
f 277 279 1485
f 1755 1485 279
f 284 1311 283
f 1312 283 1311
f 1488 287 1307
f 288 1307 287
f 1309 1310 292
f 291 292 1310
f 1756 1490 296
f 295 296 1490
f 299 1757 297
f 1491 297 1757
f 303 304 1494
f 1501 1494 304
f 308 306 1496
f 1756 1496 306
f 312 310 1497
f 1493 1497 310
f 315 1489 313
f 1498 313 1489
f 319 320 1500
f 1495 1500 320
f 324 1757 323
f 1502 323 1757
f 325 326 1503
f 1194 1503 326
f 328 305 329
f 307 329 305
f 1505 330 1187
f 285 1187 330
f 1197 332 282
f 289 282 332
f 1758 1507 335
f 333 335 1507
f 339 340 1508
f 1758 1508 340
f 343 1759 341
f 1511 341 1759
f 346 1759 348
f 1513 348 1759
f 352 1506 351
f 1515 351 1506
f 355 356 1516
f 1510 1516 356
f 359 1509 357
f 1518 357 1509
f 1519 361 1512
f 363 1512 361
f 365 367 1520
f 344 1520 367
f 369 353 1521
f 1199 1521 353
f 371 373 1522
f 1760 1522 373
f 375 337 1524
f 360 1524 337
f 1526 377 1189
f 379 1189 377
f 383 1761 381
f 1527 381 1761
f 1528 387 336
f 388 336 387
f 391 392 385
f 386 385 392
f 394 416 396
f 414 396 416
f 403 404 397
f 398 397 404
f 405 407 401
f 402 401 407
f 406 393 408
f 395 408 393
f 409 411 400
f 399 400 411
f 413 415 410
f 412 410 415
f 417 216 418
f 421 418 216
f 214 1164 422
f 1529 422 1164
f 427 428 206
f 423 206 428
f 425 1762 426
f 429 426 1762
f 1762 1531 429
f 430 429 1531
f 198 197 433
f 434 433 197
f 439 440 442
f 1763 442 440
f 442 1763 444
f 1532 444 1763
f 446 445 1534
f 1533 1534 445
f 449 451 437
f 438 437 451
f 454 1725 456
f 1535 456 1725
f 459 1727 457
f 1537 457 1727
f 463 1640 461
f 1538 461 1640
f 1638 1539 465
f 466 465 1539
f 471 472 1540
f 1636 1540 472
f 473 475 462
f 464 462 475
f 467 468 477
f 478 477 468
f 483 484 469
f 470 469 484
f 486 476 488
f 474 488 476
f 491 492 480
f 479 480 492
f 495 496 481
f 482 481 496
f 485 487 497
f 498 497 487
f 503 490 501
f 489 501 490
f 493 505 494
f 507 494 505
f 509 511 500
f 499 500 511
f 514 504 516
f 502 516 504
f 506 517 508
f 519 508 517
f 523 524 510
f 512 510 524
f 526 513 528
f 515 528 513
f 531 520 529
f 518 529 520
f 535 1672 533
f 1541 533 1672
f 1670 1542 537
f 538 537 1542
f 543 544 1543
f 1668 1543 544
f 545 547 534
f 536 534 547
f 539 540 549
f 550 549 540
f 555 556 541
f 542 541 556
f 558 548 560
f 546 560 548
f 563 564 552
f 551 552 564
f 567 568 553
f 554 553 568
f 557 559 569
f 570 569 559
f 575 562 573
f 561 573 562
f 565 577 566
f 579 566 577
f 581 583 572
f 571 572 583
f 586 576 588
f 574 588 576
f 578 589 580
f 591 580 589
f 595 596 582
f 584 582 596
f 598 585 600
f 587 600 585
f 603 592 601
f 590 601 592
f 607 608 1544
f 1764 1544 608
f 610 1213 612
f 1214 612 1213
f 615 616 617
f 618 617 616
f 1754 1545 620
f 619 620 1545
f 623 624 637
f 638 637 624
f 633 625 634
f 627 634 625
f 621 629 622
f 631 622 629
f 635 636 630
f 632 630 636
f 639 640 642
f 644 642 640
f 626 641 628
f 643 628 641
f 645 1624 646
f 1546 646 1624
f 1602 1549 649
f 650 649 1549
f 654 653 1551
f 1627 1551 653
f 1552 657 1573
f 659 1573 657
f 1765 1554 661
f 662 661 1554
f 1555 1557 665
f 666 665 1557
f 670 669 1559
f 1634 1559 669
f 1561 673 1619
f 675 1619 673
f 677 1766 678
f 1562 678 1766
f 1565 681 1767
f 683 1767 681
f 686 685 1567
f 1547 1567 685
f 689 1599 690
f 1568 690 1599
f 694 1765 696
f 1570 696 1765
f 698 697 1572
f 1768 1572 697
f 702 701 1575
f 1558 1575 701
f 706 705 1577
f 1566 1577 705
f 1769 1578 709
f 710 709 1578
f 1548 1579 713
f 714 713 1579
f 718 1597 720
f 1581 720 1597
f 722 721 1583
f 1550 1583 721
f 727 1595 725
f 1585 725 1595
f 730 729 1587
f 1768 1587 729
f 733 1769 734
f 1588 734 1769
f 739 1603 737
f 1590 737 1603
f 1592 741 1580
f 743 1580 741
f 1560 1593 745
f 746 745 1593
f 1596 749 1609
f 751 1609 749
f 756 754 1598
f 1770 1598 754
f 758 757 1600
f 1586 1600 757
f 1771 1601 761
f 762 761 1601
f 1604 765 1612
f 767 1612 765
f 769 1589 770
f 1605 770 1589
f 775 1615 773
f 1607 773 1615
f 1621 1608 777
f 778 777 1608
f 782 1771 784
f 1610 784 1771
f 1625 1611 785
f 786 785 1611
f 789 1606 790
f 1613 790 1606
f 1616 793 1632
f 795 1632 793
f 797 1569 798
f 1617 798 1569
f 803 1591 801
f 1620 801 1591
f 1770 1622 805
f 806 805 1622
f 809 1767 810
f 1623 810 1767
f 1594 1626 813
f 814 813 1626
f 818 817 1628
f 1614 1628 817
f 821 1563 822
f 1629 822 1563
f 1766 1630 825
f 826 825 1630
f 1556 1631 829
f 830 829 1631
f 833 1618 834
f 1633 834 1618
f 837 1741 838
f 88 838 1741
f 839 1742 840
f 92 840 1742
f 842 1682 843
f 100 843 1682
f 844 1744 845
f 104 845 1744
f 846 1745 847
f 108 847 1745
f 848 1746 849
f 112 849 1746
f 851 1747 853
f 116 853 1747
f 855 1684 856
f 124 856 1684
f 857 1749 858
f 128 858 1749
f 859 1750 861
f 132 861 1750
f 864 1772 862
f 1635 862 1772
f 1321 1637 682
f 867 682 1637
f 1773 1639 868
f 869 868 1639
f 874 875 1642
f 1774 1642 875
f 1319 1643 658
f 876 658 1643
f 880 699 878
f 1645 878 699
f 1775 1646 885
f 884 885 1646
f 1776 1647 886
f 887 886 1647
f 892 893 1263
f 1264 1263 893
f 1777 1648 894
f 895 894 1648
f 899 1328 901
f 1650 901 1328
f 903 1778 905
f 1652 905 1778
f 907 1322 909
f 1654 909 1322
f 911 1779 913
f 1656 913 1779
f 915 1780 917
f 1658 917 1780
f 919 1781 921
f 1660 921 1781
f 923 1782 925
f 1662 925 1782
f 927 1335 929
f 1664 929 1335
f 931 1783 933
f 1666 933 1783
f 935 753 937
f 755 937 753
f 808 779 938
f 1667 938 779
f 1784 1669 943
f 942 943 1669
f 776 1671 794
f 944 794 1671
f 668 831 946
f 1673 946 831
f 740 1675 766
f 948 766 1675
f 816 787 950
f 1677 950 787
f 747 1678 674
f 953 674 1678
f 804 1679 742
f 954 742 1679
f 652 715 956
f 1680 956 715
f 728 1681 750
f 958 750 1681
f 960 95 962
f 1683 962 95
f 963 119 965
f 1685 965 119
f 827 1686 969
f 968 969 1686
f 711 1688 973
f 972 973 1688
f 975 693 977
f 695 977 693
f 979 781 981
f 783 981 781
f 663 1689 985
f 984 985 1689
f 763 1691 989
f 988 989 1691
f 992 993 1693
f 1785 1693 993
f 996 997 1695
f 1714 1695 997
f 1000 1001 1696
f 1786 1696 1001
f 1004 1702 1002
f 1698 1002 1702
f 1699 1006 1787
f 1008 1787 1006
f 1010 1788 1011
f 1701 1011 1788
f 1017 1015 1703
f 1787 1703 1015
f 1020 1789 1018
f 1706 1018 1789
f 1708 1024 1790
f 1025 1790 1024
f 1027 1790 1029
f 1709 1029 1790
f 1032 1033 1711
f 1789 1711 1033
f 1036 1037 1712
f 1705 1712 1037
f 1786 1713 1039
f 1041 1039 1713
f 1044 1785 1042
f 1715 1042 1785
f 1048 1049 1716
f 1788 1716 1049
f 1053 1051 1717
f 1704 1717 1051
f 1056 28 1054
f 1718 1054 28
f 1393 1719 1059
f 1060 1059 1719
f 1063 37 1061
f 1721 1061 37
f 1074 1722 1066
f 1067 1066 1722
f 1070 1069 1724
f 1038 1724 1069
f 1073 1072 1726
f 23 1726 1072
f 1728 1075 1065
f 1066 1065 1075
f 1026 1729 1076
f 1077 1076 1729
f 1080 1079 1730
f 31 1730 1079
f 1083 1082 1731
f 1014 1731 1082
f 1086 1399 1084
f 1733 1084 1399
f 1213 1544 1217
f 1791 1217 1544
f 1092 1792 1093
f 1793 1093 1792
f 1090 1794 1091
f 1795 1091 1794
f 1796 12 1793
f 1093 1793 12
f 1094 1797 1095
f 1416 1095 1797
f 1096 1798 1097
f 22 1097 1798
f 1100 1099 1799
f 1800 1799 1099
f 1056 1057 1801
f 1098 1801 1057
f 1802 1803 1102
f 1103 1102 1803
f 1063 1064 1804
f 1101 1804 1064
f 1736 1805 1421
f 1806 1421 1805
f 1737 1807 1422
f 1808 1422 1807
f 167 1809 165
f 1423 165 1809
f 1738 1810 1425
f 1811 1425 1810
f 1739 1812 1426
f 1813 1426 1812
f 1740 1814 1427
f 1815 1427 1814
f 1145 1816 1428
f 1817 1428 1816
f 149 150 1429
f 1818 1429 150
f 137 138 1430
f 1819 1430 138
f 161 162 1432
f 1820 1432 162
f 1142 1143 1433
f 1821 1433 1143
f 1140 1141 1434
f 1822 1434 1141
f 1741 1823 1435
f 1824 1435 1823
f 1742 1825 1437
f 1826 1437 1825
f 1743 1827 1439
f 1828 1439 1827
f 1682 1683 1442
f 1829 1442 1683
f 1744 1830 1443
f 1831 1443 1830
f 1745 1832 1445
f 1833 1445 1832
f 1746 1834 1447
f 1835 1447 1834
f 1747 1836 1449
f 1837 1449 1836
f 1748 1838 1451
f 1839 1451 1838
f 1684 1685 1453
f 1840 1453 1685
f 1749 1841 1455
f 1842 1455 1841
f 1750 1843 1456
f 1844 1456 1843
f 1845 1846 1740
f 1814 1740 1846
f 1147 1847 43
f 44 43 1847
f 1848 1849 55
f 56 55 1849
f 1850 1851 1737
f 1807 1737 1851
f 1852 1853 1739
f 1812 1739 1853
f 1854 1855 39
f 40 39 1855
f 1856 1857 51
f 52 51 1857
f 1436 1858 1859
f 1860 1859 1858
f 1144 1861 1145
f 1816 1145 1861
f 1862 1863 59
f 60 59 1863
f 1146 1864 71
f 72 71 1864
f 1152 1153 1865
f 1866 1865 1153
f 1148 1867 1149
f 1868 1149 1867
f 1869 1870 1150
f 1151 1150 1870
f 1871 1158 1872
f 1159 1872 1158
f 1154 1155 1873
f 1874 1873 1155
f 1875 1156 1876
f 1157 1876 1156
f 1462 1751 1877
f 200 1877 1751
f 1878 1465 195
f 1751 195 1465
f 1466 1463 1879
f 1880 1879 1463
f 1881 1882 1464
f 1468 1464 1882
f 1883 1884 1163
f 1164 1163 1884
f 1885 1886 237
f 238 237 1886
f 220 1887 1176
f 256 1176 1887
f 1888 251 1889
f 255 1889 251
f 1179 1481 1890
f 228 1890 1481
f 1891 1892 1893
f 1178 1893 1892
f 1894 196 1895
f 194 1895 196
f 1475 1470 1896
f 1469 1896 1470
f 1897 1898 1894
f 196 1894 1898
f 1171 1899 1160
f 202 1160 1899
f 1900 1901 1170
f 229 1170 1901
f 276 1482 1902
f 1903 1902 1482
f 1471 1176 1904
f 1177 1904 1176
f 1476 1477 1480
f 1905 1480 1477
f 1906 1313 1907
f 1315 1907 1313
f 1908 1219 1909
f 1218 1909 1219
f 1910 1314 1181
f 1182 1181 1314
f 1911 1316 1484
f 1317 1484 1316
f 1912 1913 1914
f 1915 1914 1913
f 1916 1187 1917
f 1186 1917 1187
f 605 1918 606
f 1919 606 1918
f 1185 1486 1920
f 1921 1920 1486
f 306 1922 1756
f 1490 1756 1922
f 1923 1491 324
f 1757 324 1491
f 1924 1925 1501
f 1494 1501 1925
f 296 1926 1756
f 1496 1756 1926
f 1497 1493 1927
f 1928 1927 1493
f 1929 1498 1930
f 1489 1930 1498
f 1500 1495 1931
f 1932 1931 1495
f 1757 299 1502
f 1933 1502 299
f 1913 286 1934
f 331 1934 286
f 1935 1936 1916
f 1937 1916 1936
f 1938 1939 1940
f 1915 1940 1939
f 1941 1942 1196
f 280 1196 1942
f 340 1943 1758
f 1507 1758 1943
f 335 1944 1758
f 1508 1758 1944
f 1759 346 1511
f 1945 1511 346
f 1946 1513 343
f 1759 343 1513
f 1947 1515 1948
f 1506 1948 1515
f 1949 1950 1510
f 1516 1510 1950
f 1518 1509 1951
f 1952 1951 1509
f 1953 1954 1512
f 1519 1512 1954
f 1955 1956 1199
f 1521 1199 1956
f 342 1957 344
f 1520 344 1957
f 358 1958 360
f 1524 360 1958
f 1959 1960 1760
f 1522 1760 1960
f 1961 1962 1963
f 345 1963 1962
f 1761 1964 1527
f 1965 1527 1964
f 1966 294 1967
f 1528 1967 294
f 1968 1969 1970
f 1971 1970 1969
f 1972 1156 1973
f 1875 1973 1156
f 183 1974 181
f 1975 181 1974
f 1976 1154 1977
f 1873 1977 1154
f 1978 1979 185
f 186 185 1979
f 1980 1981 1871
f 1158 1871 1981
f 1982 1983 191
f 189 191 1983
f 1984 1530 1985
f 1529 1985 1530
f 1986 1987 1988
f 1989 1988 1987
f 1990 1225 1991
f 1224 1991 1225
f 1992 1227 1993
f 1226 1993 1227
f 1994 1995 1417
f 1996 1417 1995
f 1997 1998 1735
f 1419 1735 1998
f 1987 1999 1989
f 2000 1989 1999
f 2001 1532 2002
f 1763 2002 1532
f 2003 2004 1533
f 1534 1533 2004
f 1530 1984 2005
f 2006 2005 1984
f 31 33 1730
f 2007 1730 33
f 2008 1537 1726
f 1727 1726 1537
f 2009 2010 2011
f 1774 2011 2010
f 2012 2013 1235
f 1236 1235 2013
f 1237 2014 1238
f 2015 1238 2014
f 1641 1642 2016
f 2017 2016 1642
f 2018 2019 1241
f 1242 1241 2019
f 2020 1244 2021
f 1243 2021 1244
f 1687 2022 2023
f 2024 2023 2022
f 2025 2026 1248
f 1247 1248 2026
f 2027 1250 2028
f 1249 2028 1250
f 1383 2029 1384
f 2030 1384 2029
f 2031 1254 2032
f 1253 2032 1254
f 2033 2034 1255
f 1256 1255 2034
f 2035 1644 2036
f 2037 2036 1644
f 2038 1260 2039
f 1259 2039 1260
f 2040 2041 1262
f 1261 1262 2041
f 2042 2043 1358
f 1359 1358 2043
f 2044 1265 2045
f 1266 2045 1265
f 1267 1268 2046
f 2047 2046 1268
f 2048 2049 2050
f 1674 2050 2049
f 2051 2052 1271
f 1272 1271 2052
f 1273 2053 1274
f 2054 1274 2053
f 1378 1379 2055
f 2056 2055 1379
f 2057 2058 1277
f 1278 1277 2058
f 2059 1280 2060
f 1279 2060 1280
f 1690 2061 2062
f 2063 2062 2061
f 2064 2065 1284
f 1283 1284 2065
f 2066 1286 2067
f 1285 2067 1286
f 1385 2068 1386
f 2069 1386 2068
f 2070 1290 2071
f 1289 2071 1290
f 2072 2073 1291
f 1292 1291 2073
f 2074 1676 2075
f 2076 2075 1676
f 2077 1296 2078
f 1295 2078 1296
f 2079 2080 1298
f 1297 1298 2080
f 2081 2082 1380
f 1381 1380 2082
f 2083 1301 2084
f 1302 2084 1301
f 1303 1304 2085
f 2086 2085 1304
f 2087 1487 2088
f 2089 2088 1487
f 1307 1308 1488
f 2090 1488 1308
f 1545 2091 1486
f 1921 1486 2091
f 269 1212 2092
f 2093 2092 1212
f 2094 2095 2096
f 1764 2096 2095
f 1754 620 2097
f 2098 2097 620
f 2099 2100 2101
f 2102 2101 2100
f 2103 618 2104
f 2105 2104 618
f 2 1 2106
f 2107 2106 1
f 2108 2109 1483
f 1088 1483 2109
f 2110 1546 2111
f 1624 2111 1546
f 2112 2113 1602
f 1549 1602 2113
f 2114 2115 1627
f 1551 1627 2115
f 2116 1552 2117
f 1573 2117 1552
f 694 2118 1765
f 1554 1765 2118
f 2119 2120 1555
f 1557 1555 2120
f 1559 1634 2121
f 2122 2121 1634
f 2123 1561 2124
f 1619 2124 1561
f 1766 825 1562
f 2125 1562 825
f 2126 1565 809
f 1767 809 1565
f 1567 1547 2127
f 2128 2127 1547
f 1599 2129 1568
f 2130 1568 2129
f 1765 661 1570
f 2131 1570 661
f 729 2132 1768
f 1572 1768 2132
f 2133 2134 1558
f 1575 1558 2134
f 2135 2136 1566
f 1577 1566 2136
f 733 2137 1769
f 1578 1769 2137
f 2138 2139 1548
f 1579 1548 2139
f 1597 2140 1581
f 2141 1581 2140
f 1583 1550 2142
f 2143 2142 1550
f 2144 1585 2145
f 1595 2145 1585
f 697 2146 1768
f 1587 1768 2146
f 1769 709 1588
f 2147 1588 709
f 2148 1590 2149
f 1603 2149 1590
f 2150 1592 2151
f 1580 2151 1592
f 2152 2153 1560
f 1593 1560 2153
f 2154 1596 2155
f 1609 2155 1596
f 1598 1770 2156
f 805 2156 1770
f 1600 1586 2157
f 2158 2157 1586
f 782 2159 1771
f 1601 1771 2159
f 2160 1604 2161
f 1612 2161 1604
f 2162 1605 2163
f 1589 2163 1605
f 2164 1607 2165
f 1615 2165 1607
f 2166 2167 1621
f 1608 1621 2167
f 1771 761 1610
f 2168 1610 761
f 2169 2170 1625
f 1611 1625 2170
f 2171 1613 2172
f 1606 2172 1613
f 2173 1616 2174
f 1632 2174 1616
f 2175 1617 2176
f 1569 2176 1617
f 2177 1620 2178
f 1591 2178 1620
f 754 2179 1770
f 1622 1770 2179
f 2180 1623 683
f 1767 683 1623
f 2181 2182 1594
f 1626 1594 2182
f 1628 1614 2183
f 2184 2183 1614
f 2185 1629 2186
f 1563 2186 1629
f 677 2187 1766
f 1630 1766 2187
f 2188 2189 1556
f 1631 1556 2189
f 2190 1633 2191
f 1618 2191 1633
f 1331 1350 724
f 2192 724 1350
f 655 1341 820
f 2193 820 1341
f 791 1342 772
f 2194 772 1342
f 703 1343 672
f 2195 672 1343
f 835 1344 800
f 2196 800 1344
f 691 1345 760
f 2197 760 1345
f 731 1346 2198
f 2199 2198 1346
f 1338 1347 824
f 2200 824 1347
f 707 1348 688
f 2201 688 1348
f 647 1349 812
f 2202 812 1349
f 1772 2203 1635
f 2204 1635 2203
f 1321 2205 1637
f 2206 1637 2205
f 2207 2208 1773
f 1639 1773 2208
f 873 2209 875
f 2210 875 2209
f 2211 2212 1319
f 1643 1319 2212
f 699 700 1645
f 2213 1645 700
f 1775 2214 1646
f 2215 1646 2214
f 2216 2217 1776
f 1647 1776 2217
f 891 2218 893
f 2219 893 2218
f 2220 2221 1777
f 1648 1777 2221
f 1115 1371 2222
f 2223 2222 1371
f 1104 1362 2224
f 2225 2224 1362
f 1105 1363 2226
f 2227 2226 1363
f 1107 1364 2228
f 2229 2228 1364
f 1108 1365 2230
f 2231 2230 1365
f 1109 1366 2232
f 2233 2232 1366
f 1110 1367 2234
f 2235 2234 1367
f 1111 1368 2236
f 2237 2236 1368
f 1113 1369 2238
f 2239 2238 1369
f 1114 1370 2240
f 2241 2240 1370
f 779 780 1667
f 2242 1667 780
f 1784 2243 1669
f 2244 1669 2243
f 774 2245 776
f 1671 776 2245
f 831 832 1673
f 2246 1673 832
f 738 2247 740
f 1675 740 2247
f 787 788 1677
f 2248 1677 788
f 747 748 1678
f 2249 1678 748
f 802 2250 804
f 1679 804 2250
f 715 716 1680
f 2251 1680 716
f 726 2252 728
f 1681 728 2252
f 771 2253 736
f 2254 736 2253
f 823 2255 680
f 2256 680 2255
f 827 828 1686
f 2257 1686 828
f 711 712 1688
f 2258 1688 712
f 1424 2259 1106
f 2260 1106 2259
f 1431 2261 1112
f 2262 1112 2261
f 664 667 2263
f 947 2263 667
f 764 651 2264
f 957 2264 651
f 2265 1693 1044
f 1785 1044 1693
f 2266 1695 2267
f 1714 2267 1695
f 1696 1786 2268
f 1039 2268 1786
f 2269 1698 2270
f 1702 2270 1698
f 2271 1699 1015
f 1787 1015 1699
f 2272 1701 1049
f 1788 1049 1701
f 1008 2273 1787
f 1703 1787 2273
f 1033 2274 1789
f 1706 1789 2274
f 2275 1708 1027
f 1790 1027 1708
f 1790 1025 1709
f 2276 1709 1025
f 2277 1711 1020
f 1789 1020 1711
f 2278 1712 2279
f 1705 2279 1712
f 1001 2280 1786
f 1713 1786 2280
f 993 2281 1785
f 1715 1785 2281
f 1716 1788 2282
f 1010 2282 1788
f 2283 2284 1704
f 1717 1704 2284
f 2285 1100 2286
f 1799 2286 1100
f 2287 1718 27
f 28 27 1718
f 2288 1103 2289
f 1803 2289 1103
f 2290 1721 38
f 37 38 1721
f 2291 458 2292
f 1234 2292 458
f 1724 1038 2293
f 1040 2293 1038
f 1407 2294 1023
f 2295 1023 2294
f 2296 999 2297
f 1408 2297 999
f 1028 2298 1026
f 1729 1026 2298
f 1409 2299 1047
f 2300 1047 2299
f 1731 1014 2301
f 1016 2301 1014
f 1791 1909 1217
f 1218 1217 1909
f 5 7 1792
f 1793 1792 7
f 9 11 1794
f 1795 1794 11
f 1796 1795 12
f 11 12 1795
f 17 19 1797
f 1416 1797 19
f 13 15 1798
f 22 1798 15
f 1799 1800 23
f 24 23 1800
f 1801 30 1056
f 28 1056 30
f 1803 1802 31
f 32 31 1802
f 37 1063 35
f 1804 35 1063
f 1806 2222 1421
f 898 1421 2222
f 1808 2224 1422
f 902 1422 2224
f 1809 2226 1423
f 1424 1423 2226
f 1811 976 1425
f 906 1425 976
f 1813 2228 1426
f 910 1426 2228
f 1815 2230 1427
f 914 1427 2230
f 1817 2232 1428
f 918 1428 2232
f 1818 2234 1429
f 922 1429 2234
f 1819 2236 1430
f 1431 1430 2236
f 1820 980 1432
f 926 1432 980
f 1821 2238 1433
f 930 1433 2238
f 1822 2240 1434
f 934 1434 2240
f 1435 1824 1436
f 1858 1436 1824
f 1437 1826 1438
f 2302 1438 1826
f 1460 1440 1828
f 1439 1828 1440
f 1441 1442 2303
f 1829 2303 1442
f 1443 1831 1444
f 2304 1444 1831
f 1445 1833 1446
f 2305 1446 1833
f 1447 1835 1448
f 2306 1448 1835
f 1449 1837 1450
f 1458 1450 1837
f 1451 1839 1452
f 1457 1452 1839
f 1453 1840 1454
f 1459 1454 1840
f 1455 1842 151
f 152 151 1842
f 1456 1844 139
f 140 139 1844
f 1848 55 1846
f 1814 1846 55
f 1850 1737 1847
f 44 1847 1737
f 1852 1739 1849
f 56 1849 1739
f 1854 39 1851
f 1807 1851 39
f 1856 51 1853
f 1812 1853 51
f 1859 1736 1855
f 40 1855 1736
f 1738 52 1461
f 1857 1461 52
f 1859 1860 1736
f 1805 1736 1860
f 1862 59 1861
f 1816 1861 59
f 1845 1740 1863
f 60 1863 1740
f 135 137 1864
f 72 1864 137
f 1866 169 1865
f 171 1865 169
f 1867 175 1868
f 176 1868 175
f 179 180 1869
f 1870 1869 180
f 181 1871 182
f 1872 182 1871
f 1873 1874 186
f 188 186 1874
f 189 1875 190
f 1876 190 1875
f 1463 1462 1880
f 1877 1880 1462
f 1878 1881 1465
f 1464 1465 1881
f 1466 1879 1467
f 1162 1467 1879
f 1882 1161 1468
f 1467 1468 1161
f 1883 1886 1884
f 2307 1884 1886
f 1886 1885 2307
f 2308 2307 1885
f 256 1887 255
f 1889 255 1887
f 222 221 1888
f 251 1888 221
f 1893 1178 1890
f 1179 1890 1178
f 1892 1891 230
f 232 230 1891
f 1895 2309 1894
f 2310 1894 2309
f 1896 2311 1475
f 1474 1475 2311
f 1897 233 1898
f 235 1898 233
f 2312 204 1899
f 202 1899 204
f 230 229 1902
f 1901 1902 229
f 1902 1903 230
f 1892 230 1903
f 246 1167 1904
f 1471 1904 1167
f 1480 1905 1481
f 1473 1481 1905
f 265 267 1906
f 1313 1906 267
f 614 1219 616
f 1908 616 1219
f 261 263 1910
f 1314 1910 263
f 1907 1315 1911
f 1316 1911 1315
f 1912 288 1913
f 286 1913 288
f 1919 1935 1917
f 1916 1917 1935
f 1918 1939 1919
f 1935 1919 1939
f 1920 1942 1185
f 327 1185 1942
f 1930 1489 1922
f 1490 1922 1489
f 1190 1492 1923
f 1491 1923 1492
f 1925 1928 1494
f 1493 1494 1928
f 1926 1932 1496
f 1495 1496 1932
f 1497 1927 1492
f 1188 1492 1927
f 1195 1499 1929
f 1498 1929 1499
f 1500 1931 1499
f 1192 1499 1931
f 1501 1502 1924
f 1933 1924 1502
f 1913 1934 1915
f 1940 1915 1934
f 1187 1916 1505
f 1937 1505 1916
f 1936 1935 1938
f 1939 1938 1935
f 328 327 1941
f 1942 1941 327
f 1948 1506 1943
f 1507 1943 1506
f 1952 1509 1944
f 1508 1944 1509
f 1510 1511 1949
f 1945 1949 1511
f 1946 1953 1513
f 1512 1513 1953
f 1947 1201 1515
f 1514 1515 1201
f 1202 1517 1950
f 1516 1950 1517
f 1514 1518 1198
f 1951 1198 1518
f 1200 1517 1954
f 1519 1954 1517
f 1956 2313 1521
f 1413 1521 2313
f 1412 1520 2314
f 1957 2314 1520
f 1958 1414 1524
f 1525 1524 1414
f 1523 1522 1415
f 1960 1415 1522
f 379 380 1961
f 1962 1961 380
f 1527 1965 364
f 347 364 1965
f 1967 1971 1966
f 1969 1966 1971
f 1968 1970 1193
f 389 1193 1970
f 393 1972 394
f 1973 394 1972
f 1974 397 1975
f 399 1975 397
f 403 1976 401
f 1977 401 1976
f 406 405 1978
f 1979 1978 405
f 411 412 1980
f 1981 1980 412
f 415 416 1982
f 1983 1982 416
f 1988 1989 1985
f 1984 1985 1989
f 420 1221 1986
f 1987 1986 1221
f 1991 2315 1990
f 1420 1990 2315
f 1993 1418 1992
f 1734 1992 1418
f 1995 1997 1996
f 1735 1996 1997
f 1990 1420 1998
f 1419 1998 1420
f 1999 440 2000
f 438 2000 440
f 2001 2003 1532
f 1533 1532 2003
f 2004 2005 1534
f 452 1534 2005
f 2005 2006 452
f 451 452 2006
f 454 453 2007
f 1730 2007 453
f 1410 1536 2008
f 1537 2008 1536
f 463 464 2009
f 2010 2009 464
f 465 467 2012
f 2013 2012 467
f 2014 472 2015
f 470 2015 472
f 2016 2017 476
f 475 476 2017
f 477 479 2018
f 2019 2018 479
f 2021 484 2020
f 482 2020 484
f 2023 2024 485
f 486 485 2024
f 492 490 2025
f 2026 2025 490
f 494 2027 496
f 2028 496 2027
f 2029 497 2030
f 499 2030 497
f 2032 503 2031
f 504 2031 503
f 507 508 2033
f 2034 2033 508
f 2036 511 2035
f 512 2035 511
f 513 2038 514
f 2039 514 2038
f 2040 519 2041
f 520 2041 519
f 2042 524 2043
f 522 2043 524
f 525 2044 526
f 2045 526 2044
f 531 532 2047
f 2046 2047 532
f 535 536 2048
f 2049 2048 536
f 537 539 2051
f 2052 2051 539
f 2053 544 2054
f 542 2054 544
f 2055 2056 548
f 547 548 2056
f 549 551 2057
f 2058 2057 551
f 2060 556 2059
f 554 2059 556
f 2062 2063 557
f 558 557 2063
f 564 562 2064
f 2065 2064 562
f 566 2066 568
f 2067 568 2066
f 2068 569 2069
f 571 2069 569
f 2071 575 2070
f 576 2070 575
f 579 580 2072
f 2073 2072 580
f 2075 583 2074
f 584 2074 583
f 585 2077 586
f 2078 586 2077
f 2079 591 2080
f 592 2080 591
f 2081 596 2082
f 594 2082 596
f 597 2083 598
f 2084 598 2083
f 603 604 2086
f 2085 2086 604
f 606 2087 608
f 2088 608 2087
f 2089 1487 2090
f 1488 2090 1487
f 1755 1921 2092
f 2091 2092 1921
f 1485 1755 2093
f 2092 2093 1755
f 624 622 2094
f 2095 2094 622
f 2098 627 2097
f 628 2097 627
f 631 632 2099
f 2100 2099 632
f 634 2103 636
f 2104 636 2103
f 638 2106 640
f 2107 640 2106
f 643 644 2108
f 2109 2108 644
f 1546 2110 1547
f 2128 1547 2110
f 2113 2138 1549
f 1548 1549 2138
f 2115 2143 1551
f 1550 1551 2143
f 1337 1553 2116
f 1552 2116 1553
f 2118 2119 1554
f 1555 1554 2119
f 2120 2188 1557
f 1556 1557 2188
f 2121 2133 1559
f 1558 1559 2133
f 2152 1560 2123
f 1561 2123 1560
f 1562 2125 1563
f 2186 1563 2125
f 1330 1564 2126
f 1565 2126 1564
f 2127 2135 1567
f 1566 1567 2135
f 1568 2130 1569
f 2176 1569 2130
f 1570 2131 1571
f 1333 1571 2131
f 2132 2117 1572
f 1573 1572 2117
f 2134 1326 1575
f 1574 1575 1326
f 2136 1339 1577
f 1576 1577 1339
f 2137 1324 1578
f 1574 1578 1324
f 2139 2151 1579
f 1580 1579 2151
f 1581 2141 1582
f 1334 1582 2141
f 1564 1583 1320
f 2142 1320 1583
f 1336 1584 2144
f 1585 2144 1584
f 2146 2158 1587
f 1586 1587 2158
f 1588 2147 1589
f 2163 1589 2147
f 1323 1571 2148
f 1590 2148 1571
f 2178 1591 2150
f 1592 2150 1591
f 2153 2181 1593
f 1594 1593 2181
f 2145 1595 2154
f 1596 2154 1595
f 1597 1598 2140
f 2156 2140 1598
f 1599 1600 2129
f 2157 2129 1600
f 2159 2112 1601
f 1602 1601 2112
f 2149 1603 2160
f 1604 2160 1603
f 2172 1606 2162
f 1605 2162 1606
f 1329 1582 2164
f 1607 2164 1582
f 2167 2155 1608
f 1609 1608 2155
f 1610 2168 1584
f 1332 1584 2168
f 2170 2161 1611
f 1612 1611 2161
f 1613 2171 1614
f 2184 1614 2171
f 2165 1615 2173
f 1616 2173 1615
f 2191 1618 2175
f 1617 2175 1618
f 2124 1619 2177
f 1620 2177 1619
f 2179 2166 1622
f 1621 1622 2166
f 2111 1624 2180
f 1623 2180 1624
f 2182 2169 1626
f 1625 1626 2169
f 2183 2114 1628
f 1627 1628 2114
f 1318 1553 2185
f 1629 2185 1553
f 2187 1325 1630
f 1576 1630 1325
f 2189 2174 1631
f 1632 1631 2174
f 1633 2190 1634
f 2122 1634 2190
f 723 724 837
f 2192 837 724
f 819 820 839
f 2193 839 820
f 771 772 2253
f 2194 2253 772
f 671 672 844
f 2195 844 672
f 799 800 846
f 2196 846 800
f 759 760 848
f 2197 848 760
f 850 2198 851
f 2199 851 2198
f 823 824 2255
f 2200 2255 824
f 687 688 857
f 2201 857 688
f 811 812 859
f 2202 859 812
f 1635 2204 1636
f 1540 1636 2204
f 2206 1539 1637
f 1638 1637 1539
f 2208 1538 1639
f 1640 1639 1538
f 875 2210 1774
f 2011 1774 2210
f 2212 2037 1643
f 1644 1643 2037
f 1645 2213 522
f 2043 522 2213
f 2215 2044 1646
f 525 1646 2044
f 2217 2046 1647
f 532 1647 2046
f 893 2219 1264
f 1269 1264 2219
f 2221 1246 1648
f 1240 1648 1246
f 898 2222 899
f 2223 899 2222
f 902 2224 903
f 2225 903 2224
f 1424 2226 2259
f 2227 2259 2226
f 910 2228 911
f 2229 911 2228
f 914 2230 915
f 2231 915 2230
f 918 2232 919
f 2233 919 2232
f 922 2234 923
f 2235 923 2234
f 1431 2236 2261
f 2237 2261 2236
f 930 2238 931
f 2239 931 2238
f 934 2240 935
f 2241 935 2240
f 1667 2242 1668
f 1543 1668 2242
f 2244 1542 1669
f 1670 1669 1542
f 2245 1541 1671
f 1672 1671 1541
f 1673 2246 1674
f 2050 1674 2246
f 2247 2076 1675
f 1676 1675 2076
f 1677 2248 594
f 2082 594 2248
f 2249 2083 1678
f 597 1678 2083
f 2250 2085 1679
f 604 1679 2085
f 1680 2251 1300
f 1305 1300 2251
f 2252 1282 1681
f 1276 1681 1282
f 735 736 960
f 2254 960 736
f 679 680 963
f 2256 963 680
f 2257 2022 1686
f 1687 1686 2022
f 2258 1257 1688
f 1251 1688 1257
f 974 1106 975
f 2260 975 1106
f 978 1112 979
f 2262 979 1112
f 663 664 1689
f 2263 1689 664
f 763 764 1691
f 2264 1691 764
f 1401 1692 2265
f 1693 2265 1692
f 1694 1695 1389
f 2266 1389 1695
f 1694 1696 1388
f 2268 1388 1696
f 2269 1400 1698
f 1697 1698 1400
f 1700 1699 1398
f 2271 1398 1699
f 1701 2272 1702
f 2270 1702 2272
f 2273 2283 1703
f 1704 1703 2283
f 2279 1705 2274
f 1706 2274 1705
f 1708 2275 1707
f 1397 1707 2275
f 1709 2276 1710
f 1402 1710 2276
f 1394 1707 2277
f 1711 2277 1707
f 1700 1712 1392
f 2278 1392 1712
f 2280 1390 1713
f 1697 1713 1390
f 2267 1714 2281
f 1715 2281 1714
f 1716 2282 1692
f 1387 1692 2282
f 1710 1717 1396
f 2284 1396 1717
f 2286 2316 2285
f 1021 2285 2316
f 1019 1035 2287
f 1718 2287 1035
f 2289 2317 2288
f 1045 2288 2317
f 1043 995 2290
f 1721 2290 995
f 2291 2318 458
f 460 458 2318
f 1725 1724 1535
f 2293 1535 1724
f 2294 2318 2295
f 1403 2295 2318
f 2297 1003 2296
f 1391 2296 1003
f 1009 1729 2319
f 2298 2319 1729
f 2299 1411 2300
f 1732 2300 1411
f 1536 1731 1233
f 2301 1233 1731
f 2101 2102 1791
f 1909 1791 2102
f 1205 5 2313
f 1792 2313 5
f 1207 9 2314
f 1794 2314 9
f 1796 8 1795
f 1091 1795 8
f 1208 1523 1797
f 17 1797 1523
f 1525 13 1210
f 1798 1210 13
f 1800 2315 24
f 1734 24 2315
f 1996 1735 1801
f 30 1801 1735
f 1802 1228 32
f 441 32 1228
f 448 1230 1804
f 35 1804 1230
f 1806 85 2222
f 1115 2222 85
f 1808 41 2224
f 1104 2224 41
f 1809 45 2226
f 1105 2226 45
f 1811 49 976
f 974 976 49
f 1813 53 2228
f 1107 2228 53
f 1815 57 2230
f 1108 2230 57
f 1817 61 2232
f 1109 2232 61
f 1818 65 2234
f 1110 2234 65
f 1819 69 2236
f 1111 2236 69
f 1820 73 980
f 978 980 73
f 1821 77 2238
f 1113 2238 77
f 1822 81 2240
f 1114 2240 81
f 133 1138 1824
f 1858 1824 1138
f 89 1116 1826
f 2302 1826 1116
f 93 1118 1828
f 1460 1828 1118
f 1829 97 2303
f 1121 2303 97
f 101 1122 1831
f 2304 1831 1122
f 105 1124 1833
f 2305 1833 1124
f 109 1126 1835
f 2306 1835 1126
f 113 1128 1837
f 1458 1837 1128
f 117 1130 1839
f 1457 1839 1130
f 121 1132 1840
f 1459 1840 1132
f 125 1134 1842
f 152 1842 1134
f 129 1136 1844
f 140 1844 1136
f 1124 1848 2305
f 1846 2305 1848
f 1438 1850 1119
f 1847 1119 1850
f 1444 1852 1125
f 1849 1125 1852
f 1116 1854 2302
f 1851 2302 1854
f 1122 1856 2304
f 1853 2304 1856
f 1436 1859 1117
f 1855 1117 1859
f 1441 1461 1123
f 1857 1123 1461
f 163 83 1860
f 1805 1860 83
f 1126 1862 2306
f 1861 2306 1862
f 1446 1845 1127
f 1863 1127 1845
f 1452 135 1133
f 1864 1133 135
f 1738 169 1810
f 1866 1810 169
f 2303 1121 1867
f 175 1867 1121
f 165 179 166
f 1869 166 179
f 182 1872 171
f 1865 171 1872
f 1868 176 1874
f 188 1874 176
f 180 190 1870
f 1876 1870 190
f 1531 1762 1877
f 1880 1877 1762
f 1898 235 1878
f 1881 1878 235
f 1879 425 1162
f 427 1162 425
f 236 1160 1882
f 1161 1882 1160
f 242 238 1883
f 1886 1883 238
f 1885 210 2308
f 419 2308 210
f 1887 2320 1889
f 2310 1889 2320
f 1888 2309 222
f 1752 222 2309
f 1890 1173 1893
f 1474 1893 1173
f 1891 2311 232
f 1174 232 2311
f 2312 1752 1895
f 2309 1895 1752
f 243 1174 1896
f 2311 1896 1174
f 2320 218 1897
f 233 1897 218
f 1752 2312 1472
f 1899 1472 2312
f 1902 1901 276
f 275 276 1901
f 1892 1903 1178
f 257 1178 1903
f 247 246 2321
f 1904 2321 246
f 1905 1900 1473
f 1170 1473 1900
f 265 1906 1478
f 2321 1478 1906
f 618 616 2105
f 1908 2105 616
f 1910 260 261
f 258 261 260
f 1911 249 1907
f 247 1907 249
f 1912 611 288
f 1307 288 611
f 1919 1917 606
f 2087 606 1917
f 1914 1915 1918
f 1939 1918 1915
f 279 280 1920
f 1942 1920 280
f 1504 1930 2322
f 1922 2322 1930
f 1191 1190 2323
f 1923 2323 1190
f 383 384 1925
f 1928 1925 384
f 1966 1969 1926
f 1932 1926 1969
f 1927 1526 1188
f 1189 1188 1526
f 1503 1194 1929
f 1195 1929 1194
f 1931 1968 1192
f 1193 1192 1968
f 1964 1761 1933
f 1924 1933 1761
f 1934 301 1940
f 309 1940 301
f 1505 1937 322
f 2323 322 1937
f 1938 311 1936
f 1191 1936 311
f 1941 2322 328
f 305 328 2322
f 1943 1959 1948
f 1760 1948 1959
f 386 1952 388
f 1944 388 1952
f 380 1949 1962
f 1945 1962 1949
f 367 368 1946
f 1953 1946 368
f 373 374 1947
f 1201 1947 374
f 378 1203 1950
f 1202 1950 1203
f 390 1198 392
f 1951 392 1198
f 1954 1955 1200
f 1199 1200 1955
f 1956 366 2313
f 1205 2313 366
f 1207 2314 370
f 1957 370 2314
f 1958 372 1414
f 1209 1414 372
f 1211 1415 376
f 1960 376 1415
f 1961 298 379
f 1189 379 298
f 1963 345 1965
f 347 1965 345
f 1971 1967 350
f 334 350 1967
f 1970 349 389
f 390 389 349
f 1973 1983 394
f 416 394 1983
f 403 397 1976
f 1974 1976 397
f 401 1977 405
f 1979 405 1977
f 393 406 1972
f 1978 1972 406
f 411 1980 399
f 1975 399 1980
f 415 1982 412
f 1981 412 1982
f 2307 1988 1884
f 1985 1884 1988
f 419 420 2308
f 1986 2308 420
f 1992 1734 1991
f 2315 1991 1734
f 1417 1418 1994
f 1993 1994 1418
f 432 435 1995
f 1997 1995 435
f 1998 436 1990
f 1225 1990 436
f 2002 1763 1999
f 440 1999 1763
f 1220 1223 2001
f 2003 2001 1223
f 1222 1530 2004
f 2005 2004 1530
f 2000 438 2006
f 451 2006 438
f 2007 1406 454
f 1725 454 1406
f 1057 1410 25
f 2008 25 1410
f 2009 1355 463
f 1640 463 1355
f 1638 465 1353
f 2012 1353 465
f 1352 1636 2014
f 472 2014 1636
f 2017 2010 475
f 464 475 2010
f 467 477 2013
f 2018 2013 477
f 2021 2015 484
f 470 484 2015
f 2024 2016 486
f 476 486 2016
f 2025 2019 492
f 479 492 2019
f 496 2028 482
f 2020 482 2028
f 2023 485 2029
f 497 2029 485
f 2026 490 2032
f 503 2032 490
f 494 507 2027
f 2033 2027 507
f 2030 499 2036
f 511 2036 499
f 514 2039 504
f 2031 504 2039
f 2040 2034 519
f 508 519 2034
f 2035 512 2042
f 524 2042 512
f 526 2045 513
f 2038 513 2045
f 2047 2041 531
f 520 531 2041
f 2048 1376 535
f 1672 535 1376
f 1670 537 1374
f 2051 1374 537
f 1373 1668 2053
f 544 2053 1668
f 2056 2049 547
f 536 547 2049
f 539 549 2052
f 2057 2052 549
f 2060 2054 556
f 542 556 2054
f 2063 2055 558
f 548 558 2055
f 2064 2058 564
f 551 564 2058
f 568 2067 554
f 2059 554 2067
f 2062 557 2068
f 569 2068 557
f 2065 562 2071
f 575 2071 562
f 566 579 2066
f 2072 2066 579
f 2069 571 2075
f 583 2075 571
f 586 2078 576
f 2070 576 2078
f 2079 2073 591
f 580 591 2073
f 2074 584 2081
f 596 2081 584
f 598 2084 585
f 2077 585 2084
f 2086 2080 603
f 592 603 2080
f 608 2088 1764
f 2096 1764 2088
f 2 2089 4
f 2090 4 2089
f 2092 2091 269
f 270 269 2091
f 1309 1485 613
f 2093 613 1485
f 2094 2106 624
f 638 624 2106
f 2103 634 2098
f 627 2098 634
f 622 631 2095
f 2099 2095 631
f 636 2104 632
f 2100 632 2104
f 640 2107 644
f 2109 644 2107
f 628 643 2097
f 2108 2097 643
f 2110 868 2128
f 870 2128 868
f 1661 2138 2324
f 2113 2324 2138
f 2143 2115 865
f 864 865 2115
f 1337 2116 1338
f 852 1338 2116
f 2325 2119 2326
f 2118 2326 2119
f 1651 2188 2327
f 2120 2327 2188
f 2133 2121 891
f 2218 891 2121
f 1657 2152 2328
f 2123 2328 2152
f 2125 969 2186
f 967 2186 969
f 1330 2126 1331
f 860 1331 2126
f 2135 2127 873
f 2209 873 2127
f 2130 885 2176
f 883 2176 885
f 2131 985 1333
f 983 1333 985
f 2117 2132 850
f 2198 850 2132
f 1326 2134 1327
f 890 1327 2134
f 1339 2136 1340
f 872 1340 2136
f 1324 2137 841
f 961 841 2137
f 1782 2151 1662
f 2139 1662 2151
f 2141 943 1334
f 941 1334 943
f 1320 2142 1321
f 2205 1321 2142
f 1335 1336 1664
f 2144 1664 1336
f 2158 2146 881
f 880 881 2146
f 2147 973 2163
f 971 2163 973
f 1322 1323 1654
f 2148 1654 1323
f 1659 2178 2329
f 2150 2329 2178
f 1780 2181 1658
f 2153 1658 2181
f 1663 2145 2330
f 2154 2330 2145
f 2140 2156 1784
f 2243 1784 2156
f 2129 2157 1775
f 2214 1775 2157
f 2331 2112 2332
f 2159 2332 2112
f 1653 2149 2333
f 2160 2333 2149
f 2162 2220 2172
f 1777 2172 2220
f 1328 1329 1650
f 2164 1650 1329
f 1783 2155 1666
f 2167 1666 2155
f 2168 989 1332
f 987 1332 989
f 1779 2161 1656
f 2170 1656 2161
f 2171 894 2184
f 896 2184 894
f 1649 2165 2334
f 2173 2334 2165
f 2175 2216 2191
f 1776 2191 2216
f 1781 2124 1660
f 2177 1660 2124
f 1665 2166 2335
f 2179 2335 2166
f 2180 2207 2111
f 1773 2111 2207
f 1655 2169 2336
f 2182 2336 2169
f 2114 2183 1772
f 2203 1772 2183
f 2185 2211 1318
f 1319 1318 2211
f 1325 2187 854
f 964 854 2187
f 1778 2174 1652
f 2189 1652 2174
f 2190 886 2122
f 888 2122 886
f 837 2192 1741
f 1823 1741 2192
f 839 2193 1742
f 1825 1742 2193
f 2253 2194 1743
f 1827 1743 2194
f 844 2195 1744
f 1830 1744 2195
f 846 2196 1745
f 1832 1745 2196
f 848 2197 1746
f 1834 1746 2197
f 851 2199 1747
f 1836 1747 2199
f 2255 2200 1748
f 1838 1748 2200
f 857 2201 1749
f 1841 1749 2201
f 859 2202 1750
f 1843 1750 2202
f 2204 897 1540
f 1361 1540 897
f 2206 863 1539
f 1351 1539 863
f 866 1354 2208
f 1538 2208 1354
f 2210 871 2011
f 1356 2011 871
f 966 1384 2212
f 2037 2212 1384
f 2213 877 2043
f 1359 2043 877
f 2215 879 2044
f 1265 2044 879
f 882 1267 2217
f 2046 2217 1267
f 2219 889 1269
f 1270 1269 889
f 970 1245 2221
f 1246 2221 1245
f 899 2223 1328
f 719 1328 2223
f 903 2225 1778
f 2334 1778 2225
f 2259 2227 2325
f 2327 2325 2227
f 911 2229 1779
f 2333 1779 2229
f 915 2231 1780
f 2336 1780 2231
f 919 2233 1781
f 2328 1781 2233
f 923 2235 1782
f 2329 1782 2235
f 2261 2237 2331
f 2324 2331 2237
f 931 2239 1783
f 2330 1783 2239
f 935 2241 753
f 2335 753 2241
f 2242 959 1543
f 1382 1543 959
f 2244 939 1542
f 1372 1542 939
f 940 1375 2245
f 1541 2245 1375
f 2246 945 2050
f 1377 2050 945
f 982 1386 2247
f 2076 2247 1386
f 2248 949 2082
f 1381 2082 949
f 2249 951 2083
f 1301 2083 951
f 952 1303 2250
f 2085 2250 1303
f 2251 955 1305
f 1306 1305 955
f 986 1281 2252
f 1282 2252 1281
f 960 2254 95
f 96 95 2254
f 963 2256 119
f 120 119 2256
f 2257 1357 2022
f 1641 2022 1357
f 2258 1360 1257
f 1258 1257 1360
f 975 2260 693
f 2326 693 2260
f 979 2262 781
f 2332 781 2262
f 2263 2061 1689
f 1690 1689 2061
f 2264 1293 1691
f 1287 1691 1293
f 1078 1401 2317
f 2265 2317 1401
f 1389 2266 1074
f 1722 1074 2266
f 1388 2268 1068
f 1069 1068 2268
f 1400 2269 1399
f 1733 1399 2269
f 1398 2271 1081
f 1082 1081 2271
f 2300 1732 2272
f 2270 2272 1732
f 2319 2337 2273
f 2283 2273 2337
f 2274 1404 2279
f 1720 2279 1404
f 2275 1076 1397
f 1058 1397 1076
f 2295 1403 2276
f 1402 2276 1403
f 2277 2316 1394
f 1071 1394 2316
f 1392 2278 1393
f 1719 1393 2278
f 2296 1391 2280
f 1390 2280 1391
f 2281 1405 2267
f 1723 2267 1405
f 2282 1728 1387
f 1065 1387 1728
f 2284 2338 1396
f 1395 1396 2338
f 2316 2286 1071
f 1072 1071 2286
f 2285 1021 2287
f 1019 2287 1021
f 2317 2289 1078
f 1079 1078 2289
f 2288 1045 2290
f 1043 2290 1045
f 2318 2291 1403
f 1052 1403 2291
f 1535 2293 1087
f 1086 1087 2293
f 459 460 2294
f 2318 2294 460
f 1013 1005 2297
f 1003 2297 1005
f 2319 2298 2337
f 2338 2337 2298
f 455 1232 2299
f 1411 2299 1232
f 1233 2301 1234
f 2292 1234 2301
f 1764 2101 1544
f 1791 1544 2101
f 1413 2313 1092
f 1792 1092 2313
f 1412 2314 1090
f 1794 1090 2314
f 1796 1793 8
f 7 8 1793
f 1209 1208 1094
f 1797 1094 1208
f 1210 1798 1211
f 1096 1211 1798
f 2315 1800 1420
f 1099 1420 1800
f 1801 1098 1996
f 1417 1996 1098
f 1228 1802 1229
f 1102 1229 1802
f 1804 1101 448
f 447 448 1101
f 83 85 1805
f 1806 1805 85
f 39 41 1807
f 1808 1807 41
f 43 45 167
f 1809 167 45
f 1810 47 1811
f 49 1811 47
f 51 53 1812
f 1813 1812 53
f 55 57 1814
f 1815 1814 57
f 59 61 1816
f 1817 1816 61
f 63 65 150
f 1818 150 65
f 67 69 138
f 1819 138 69
f 71 73 162
f 1820 162 73
f 75 77 1143
f 1821 1143 77
f 79 81 1141
f 1822 1141 81
f 1823 131 1824
f 133 1824 131
f 1825 87 1826
f 89 1826 87
f 1827 91 1828
f 93 1828 91
f 1683 95 1829
f 97 1829 95
f 1830 99 1831
f 101 1831 99
f 1832 103 1833
f 105 1833 103
f 1834 107 1835
f 109 1835 107
f 1836 111 1837
f 113 1837 111
f 1838 115 1839
f 117 1839 115
f 1685 119 1840
f 121 1840 119
f 1841 123 1842
f 125 1842 123
f 1843 127 1844
f 129 1844 127
f 1446 2305 1845
f 1846 1845 2305
f 1118 1119 1147
f 1847 1147 1119
f 1124 1125 1848
f 1849 1848 1125
f 1438 2302 1850
f 1851 1850 2302
f 1444 2304 1852
f 1853 1852 2304
f 1116 1117 1854
f 1855 1854 1117
f 1122 1123 1856
f 1857 1856 1123
f 1138 163 1858
f 1860 1858 163
f 1448 2306 1144
f 1861 1144 2306
f 1126 1127 1862
f 1863 1862 1127
f 1132 1133 1146
f 1864 1146 1133
f 1866 1153 1810
f 47 1810 1153
f 1441 2303 1148
f 1867 1148 2303
f 1440 166 1150
f 1869 1150 166
f 1872 1159 1865
f 1152 1865 1159
f 1149 1868 1155
f 1874 1155 1868
f 1870 1876 1151
f 1157 1151 1876
f 1877 200 1531
f 198 1531 200
f 195 196 1878
f 1898 1878 196
f 1879 1880 425
f 1762 425 1880
f 1882 1881 236
f 235 236 1881
f 1163 1470 1883
f 242 1883 1470
f 237 212 1885
f 210 1885 212
f 1887 220 2320
f 218 2320 220
f 2309 1888 2310
f 1889 2310 1888
f 1890 228 1173
f 226 1173 228
f 2311 1891 1474
f 1893 1474 1891
f 1895 194 2312
f 204 2312 194
f 1896 1469 243
f 244 243 1469
f 2320 1897 2310
f 1894 2310 1897
f 1166 1472 1171
f 1899 1171 1472
f 1753 275 1900
f 1901 1900 275
f 258 257 1482
f 1903 1482 257
f 1478 2321 1177
f 1904 1177 2321
f 1753 1900 1477
f 1905 1477 1900
f 1907 247 1906
f 2321 1906 247
f 2105 1908 2102
f 1909 2102 1908
f 1476 260 1181
f 1910 1181 260
f 1753 249 1484
f 1911 1484 249
f 611 1912 609
f 1914 609 1912
f 1917 1186 2087
f 1487 2087 1186
f 609 1914 605
f 1918 605 1914
f 1921 1755 1920
f 279 1920 1755
f 306 305 1922
f 2322 1922 305
f 322 2323 324
f 1923 324 2323
f 1925 1924 383
f 1761 383 1924
f 1926 296 1966
f 294 1966 296
f 1927 1928 1526
f 384 1526 1928
f 1504 1503 1930
f 1929 1930 1503
f 1931 1932 1968
f 1969 1968 1932
f 299 300 1933
f 1964 1933 300
f 1934 331 301
f 302 301 331
f 1936 1191 1937
f 2323 1937 1191
f 1940 309 1938
f 311 1938 309
f 1196 1504 1941
f 2322 1941 1504
f 1943 340 1959
f 338 1959 340
f 336 388 335
f 1944 335 388
f 1945 346 1962
f 345 1962 346
f 367 1946 344
f 343 344 1946
f 373 1947 1760
f 1948 1760 1947
f 378 1950 380
f 1949 380 1950
f 1951 1952 392
f 386 392 1952
f 1954 1953 1955
f 368 1955 1953
f 1955 368 1956
f 366 1956 368
f 342 354 1957
f 370 1957 354
f 358 374 1958
f 372 1958 374
f 1959 338 1960
f 376 1960 338
f 1963 300 1961
f 298 1961 300
f 300 1963 1964
f 1965 1964 1963
f 1967 1528 334
f 336 334 1528
f 1970 1971 349
f 350 349 1971
f 1875 189 1973
f 1983 1973 189
f 1976 1974 1154
f 183 1154 1974
f 1977 1873 1979
f 186 1979 1873
f 1972 1978 1156
f 185 1156 1978
f 1980 1871 1975
f 181 1975 1871
f 1982 191 1981
f 1158 1981 191
f 1164 1884 1529
f 1985 1529 1884
f 2308 1986 2307
f 1988 2307 1986
f 1991 1224 1992
f 1227 1992 1224
f 1226 431 1993
f 1994 1993 431
f 1995 1994 432
f 431 432 1994
f 1998 1997 436
f 435 436 1997
f 1221 2002 1987
f 1999 1987 2002
f 1220 2001 1221
f 2002 1221 2001
f 1223 1222 2003
f 2004 2003 1222
f 1989 2000 1984
f 2006 1984 2000
f 1064 1406 33
f 2007 33 1406
f 23 25 1726
f 2008 1726 25
f 2009 2011 1355
f 1356 1355 2011
f 1353 2012 1354
f 1235 1354 2012
f 1351 1352 1237
f 2014 1237 1352
f 1642 1774 2017
f 2010 2017 1774
f 2013 2018 1236
f 1241 1236 2018
f 2021 1243 2015
f 1238 2015 1243
f 2022 1641 2024
f 2016 2024 1641
f 1248 1242 2025
f 2019 2025 1242
f 2028 1249 2020
f 1244 2020 1249
f 1687 2023 1383
f 2029 1383 2023
f 2032 1253 2026
f 1247 2026 1253
f 2027 2033 1250
f 1255 1250 2033
f 1384 2030 2037
f 2036 2037 2030
f 2039 1259 2031
f 1254 2031 1259
f 1262 1256 2040
f 2034 2040 1256
f 2042 1358 2035
f 1644 2035 1358
f 2045 1266 2038
f 1260 2038 1266
f 1268 1261 2047
f 2041 2047 1261
f 2048 2050 1376
f 1377 1376 2050
f 1374 2051 1375
f 1271 1375 2051
f 1372 1373 1273
f 2053 1273 1373
f 1379 1674 2056
f 2049 2056 1674
f 2052 2057 1272
f 1277 1272 2057
f 2060 1279 2054
f 1274 2054 1279
f 2061 1378 2063
f 2055 2063 1378
f 1284 1278 2064
f 2058 2064 1278
f 2067 1285 2059
f 1280 2059 1285
f 1690 2062 1385
f 2068 1385 2062
f 2071 1289 2065
f 1283 2065 1289
f 2066 2072 1286
f 1291 1286 2072
f 1386 2069 2076
f 2075 2076 2069
f 2078 1295 2070
f 1290 2070 1295
f 1298 1292 2079
f 2073 2079 1292
f 2081 1380 2074
f 1676 2074 1380
f 2084 1302 2077
f 1296 2077 1302
f 1304 1297 2086
f 2080 2086 1297
f 2 2096 2089
f 2088 2089 2096
f 1308 1215 2090
f 4 2090 1215
f 1754 270 1545
f 2091 1545 270
f 613 2093 614
f 1212 614 2093
f 2 2106 2096
f 2094 2096 2106
f 2098 620 2103
f 618 2103 620
f 2095 2099 1764
f 2101 1764 2099
f 2104 2105 2100
f 2102 2100 2105
f 2107 1 2109
f 1088 2109 1
f 1754 2097 1483
f 2108 1483 2097
f 2111 1773 2110
f 868 2110 1773
f 2331 2324 2112
f 2113 2112 2324
f 2115 2114 864
f 1772 864 2114
f 2117 850 2116
f 852 2116 850
f 693 2326 694
f 2118 694 2326
f 2325 2327 2119
f 2120 2119 2327
f 2121 2122 2218
f 888 2218 2122
f 1781 2328 2124
f 2123 2124 2328
f 825 827 2125
f 969 2125 827
f 809 811 2126
f 860 2126 811
f 2127 2128 2209
f 870 2209 2128
f 2129 1775 2130
f 885 2130 1775
f 661 663 2131
f 985 2131 663
f 729 731 2132
f 2198 2132 731
f 2134 2133 890
f 891 890 2133
f 2136 2135 872
f 873 872 2135
f 733 735 2137
f 961 2137 735
f 1661 1662 2138
f 2139 2138 1662
f 2140 1784 2141
f 943 2141 1784
f 2142 2143 2205
f 865 2205 2143
f 1663 1664 2145
f 2144 2145 1664
f 2146 697 880
f 699 880 697
f 709 711 2147
f 973 2147 711
f 1653 1654 2149
f 2148 2149 1654
f 1782 2329 2151
f 2150 2151 2329
f 1657 1658 2152
f 2153 2152 1658
f 1783 2330 2155
f 2154 2155 2330
f 2156 805 2243
f 807 2243 805
f 2157 2158 2214
f 881 2214 2158
f 781 2332 782
f 2159 782 2332
f 1779 2333 2161
f 2160 2161 2333
f 2163 971 2162
f 2220 2162 971
f 1649 1650 2165
f 2164 2165 1650
f 1665 1666 2166
f 2167 2166 1666
f 761 763 2168
f 989 2168 763
f 1655 1656 2169
f 2170 2169 1656
f 2172 1777 2171
f 894 2171 1777
f 1778 2334 2174
f 2173 2174 2334
f 2176 883 2175
f 2216 2175 883
f 1659 1660 2178
f 2177 2178 1660
f 753 2335 754
f 2179 754 2335
f 683 684 2180
f 2207 2180 684
f 1780 2336 2181
f 2182 2181 2336
f 2183 2184 2203
f 896 2203 2184
f 2186 967 2185
f 2211 2185 967
f 677 679 2187
f 964 2187 679
f 1651 1652 2188
f 2189 2188 1652
f 2191 1776 2190
f 886 2190 1776
f 1350 131 2192
f 1823 2192 131
f 1341 87 2193
f 1825 2193 87
f 1342 91 2194
f 1827 2194 91
f 1343 99 2195
f 1830 2195 99
f 1344 103 2196
f 1832 2196 103
f 1345 107 2197
f 1834 2197 107
f 1346 111 2199
f 1836 2199 111
f 1347 115 2200
f 1838 2200 115
f 1348 123 2201
f 1841 2201 123
f 1349 127 2202
f 1843 2202 127
f 2203 896 2204
f 897 2204 896
f 2205 865 2206
f 863 2206 865
f 2208 2207 866
f 684 866 2207
f 2209 870 2210
f 871 2210 870
f 2212 2211 966
f 967 966 2211
f 700 660 2213
f 877 2213 660
f 2214 881 2215
f 879 2215 881
f 2217 2216 882
f 883 882 2216
f 2218 888 2219
f 889 2219 888
f 2221 2220 970
f 971 970 2220
f 1371 717 2223
f 719 2223 717
f 1362 1649 2225
f 2334 2225 1649
f 1363 1651 2227
f 2327 2227 1651
f 1364 1653 2229
f 2333 2229 1653
f 1365 1655 2231
f 2336 2231 1655
f 1366 1657 2233
f 2328 2233 1657
f 1367 1659 2235
f 2329 2235 1659
f 1368 1661 2237
f 2324 2237 1661
f 1369 1663 2239
f 2330 2239 1663
f 1370 1665 2241
f 2335 2241 1665
f 780 752 2242
f 959 2242 752
f 2243 807 2244
f 939 2244 807
f 2245 774 940
f 941 940 774
f 832 796 2246
f 945 2246 796
f 2247 738 982
f 983 982 738
f 788 768 2248
f 949 2248 768
f 748 815 2249
f 951 2249 815
f 2250 802 952
f 676 952 802
f 716 744 2251
f 955 2251 744
f 2252 726 986
f 987 986 726
f 2253 1743 2254
f 96 2254 1743
f 2255 1748 2256
f 120 2256 1748
f 828 1340 2257
f 1357 2257 1340
f 712 1327 2258
f 1360 2258 1327
f 2259 2325 2260
f 2326 2260 2325
f 2261 2331 2262
f 2332 2262 2331
f 2263 947 2061
f 1378 2061 947
f 2264 957 1293
f 1294 1293 957
f 2317 2265 1045
f 1044 1045 2265
f 1722 2266 1723
f 2267 1723 2266
f 1069 2268 1038
f 1039 1038 2268
f 1732 1733 2270
f 2269 2270 1733
f 1082 2271 1014
f 1015 1014 2271
f 1047 2300 1049
f 2272 1049 2300
f 1008 1009 2273
f 2319 2273 1009
f 2274 1033 1404
f 1031 1404 1033
f 1076 2275 1026
f 1027 1026 2275
f 1023 2295 1025
f 2276 1025 2295
f 2316 2277 1021
f 1020 1021 2277
f 1719 2278 1720
f 2279 1720 2278
f 999 2296 1001
f 2280 1001 2296
f 2281 993 1405
f 991 1405 993
f 2282 1010 1728
f 1012 1728 1010
f 2284 2283 2338
f 2337 2338 2283
f 2286 1799 1072
f 23 1072 1799
f 2287 27 2285
f 1100 2285 27
f 2289 1803 1079
f 31 1079 1803
f 2290 38 2288
f 1103 2288 38
f 2292 1050 2291
f 1052 2291 1050
f 2293 1040 1086
f 1399 1086 1040
f 1727 459 1407
f 2294 1407 459
f 1012 1013 1408
f 2297 1408 1013
f 2298 1028 2338
f 1395 2338 1028
f 453 455 1409
f 2299 1409 455
f 2301 1016 2292
f 1050 2292 1016
