solid artifacts/general-tissue-mesher-2026-10-07/character-volume-bounded.mesh__tracked_surface.stl
facet normal 0 0 0
outer loop
vertex 1.276148e-01 8.209726e-01 1.431563e-01
vertex 1.257542e-01 8.278676e-01 1.335442e-01
vertex 1.571381e-01 8.278052e-01 1.368249e-01
endloop
endfacet
facet normal 0 0 0
outer loop
vertex -1.105824e-01 8.354921e-01 -3.005778e-02
vertex -1.133578e-01 7.966232e-01 -3.122139e-02
vertex -1.344430e-01 7.914125e-01 3.511268e-03
endloop
endfacet
facet normal 0 0 0
outer loop
vertex 1.452809e-01 7.431266e-01 3.547758e-01
vertex 1.460282e-01 7.458189e-01 3.426456e-01
vertex 1.288490e-01 7.275379e-01 3.447259e-01
endloop
endfacet
facet normal 0 0 0
outer loop
vertex -8.558849e-03 1.139802e+00 1.967206e-01
vertex -1.327871e-02 1.156907e+00 1.985093e-01
vertex -3.223037e-02 1.151852e+00 1.979160e-01
endloop
endfacet
facet normal 0 0 0
outer loop
vertex -2.539809e-02 6.235127e-01 -9.723536e-02
vertex 3.453574e-02 6.344488e-01 -8.976874e-02
vertex 3.598110e-02 6.205353e-01 -8.877774e-02
endloop
endfacet
facet normal 0 0 0
outer loop
vertex 8.042744e-02 1.329057e+00 8.434308e-02
vertex 6.882241e-02 1.349576e+00 4.789935e-02
vertex 7.921438e-02 1.346016e+00 1.244252e-01
endloop
endfacet
facet normal 0 0 0
outer loop
vertex 1.881241e-01 7.179666e-01 2.908181e-01
vertex 1.870913e-01 7.320453e-01 3.140828e-01
vertex 1.896999e-01 7.104619e-01 2.960992e-01
endloop
endfacet
facet normal 0 0 0
outer loop
vertex -1.225761e-01 9.739887e-01 1.357331e-02
vertex -1.426663e-01 9.963329e-01 3.537071e-02
vertex -1.749325e-01 9.521856e-01 -1.829038e-02
endloop
endfacet
facet normal 0 0 0
outer loop
vertex 7.191319e-02 1.316823e+00 -2.593157e-03
vertex 7.601114e-02 1.296729e+00 1.527510e-02
vertex 7.309949e-02 1.298792e+00 -4.374218e-03
endloop
endfacet
facet normal 0 0 0
outer loop
vertex 1.836994e-02 1.408570e+00 6.159616e-03
vertex 2.004998e-02 1.408916e+00 2.603249e-02
vertex 3.240182e-02 1.396559e+00 5.089489e-03
endloop
endfacet
facet normal 0 0 0
outer loop
vertex -2.788473e-01 6.541951e-01 -3.703270e-01
vertex -2.802285e-01 6.348572e-01 -3.536421e-01
vertex -2.926005e-01 6.276455e-01 -3.702090e-01
endloop
endfacet
facet normal 0 0 0
outer loop
vertex 8.367412e-02 3.214857e-01 -9.903554e-02
vertex 8.300202e-02 3.035296e-01 -1.323463e-01
vertex 9.329417e-02 3.445888e-01 -1.242245e-01
endloop
endfacet
facet normal 0 0 0
outer loop
vertex 6.760421e-03 1.384615e+00 2.211399e-01
vertex 1.879735e-02 1.398751e+00 2.225938e-01
vertex 7.175545e-04 1.397241e+00 2.223494e-01
endloop
endfacet
facet normal 0 0 0
outer loop
vertex 1.579200e-02 1.133576e+00 1.657270e-01
vertex -3.817671e-03 1.122792e+00 1.767252e-01
vertex -4.415248e-03 1.125554e+00 1.647778e-01
endloop
endfacet
facet normal 0 0 0
outer loop
vertex 4.512991e-02 1.233437e-01 -4.461124e-01
vertex 5.160977e-02 9.763552e-02 -4.462373e-01
vertex 3.359871e-02 1.191184e-01 -4.462241e-01
endloop
endfacet
facet normal 0 0 0
outer loop
vertex -1.971487e-01 8.371416e-01 -1.420145e-01
vertex -2.160750e-01 8.658435e-01 -1.281835e-01
vertex -2.255500e-01 8.451573e-01 -1.397146e-01
endloop
endfacet
facet normal 0 0 0
outer loop
vertex 9.689797e-02 1.321750e+00 1.972401e-01
vertex 8.976634e-02 1.342701e+00 1.992767e-01
vertex 9.030608e-02 1.341951e+00 2.089127e-01
endloop
endfacet
facet normal 0 0 0
outer loop
vertex 2.377596e-02 1.125054e-01 -4.042646e-01
vertex 3.996344e-02 7.266487e-02 -4.128180e-01
vertex 4.540782e-02 8.329841e-02 -4.035608e-01
endloop
endfacet
facet normal 0 0 0
outer loop
vertex -2.195131e-02 9.957789e-01 1.253595e-01
vertex 2.334228e-02 1.069972e+00 1.153040e-01
vertex -2.275821e-02 1.051881e+00 1.293663e-01
endloop
endfacet
facet normal 0 0 0
outer loop
vertex 7.999944e-02 1.293904e+00 4.244919e-02
vertex 7.878716e-02 1.274889e+00 4.056156e-02
vertex 7.601114e-02 1.296729e+00 1.527510e-02
endloop
endfacet
facet normal 0 0 0
outer loop
vertex 4.540782e-02 8.329841e-02 -4.035608e-01
vertex 6.220362e-02 1.137839e-01 -3.866862e-01
vertex 3.334662e-02 1.127255e-01 -3.904302e-01
endloop
endfacet
facet normal 0 0 0
outer loop
vertex 8.294141e-02 1.253085e+00 2.085299e-01
vertex 6.752391e-02 1.271729e+00 2.103057e-01
vertex 6.780396e-02 1.252512e+00 2.084060e-01
endloop
endfacet
facet normal 0 0 0
outer loop
vertex 9.361800e-02 1.296647e+00 2.128961e-01
vertex 9.499341e-02 1.275030e+00 2.107579e-01
vertex 1.012166e-01 1.275977e+00 2.087686e-01
endloop
endfacet
facet normal 0 0 0
outer loop
vertex 4.791664e-02 3.841193e-01 -1.429054e-01
vertex 8.128083e-02 3.777795e-01 -1.339931e-01
vertex 8.113763e-02 3.683451e-01 -1.451783e-01
endloop
endfacet
facet normal 0 0 0
outer loop
vertex 5.129695e-02 1.219533e+00 2.050490e-01
vertex 6.460793e-02 1.233953e+00 2.065449e-01
vertex 3.815919e-02 1.235097e+00 2.065436e-01
endloop
endfacet
facet normal 0 0 0
outer loop
vertex 7.945184e-02 1.233511e+00 2.065632e-01
vertex 7.388196e-02 1.215667e+00 2.047575e-01
vertex 8.257297e-02 1.213052e+00 2.045295e-01
endloop
endfacet
facet normal 0 0 0
outer loop
vertex 7.986969e-02 1.224651e+00 1.125097e-01
vertex 8.063609e-02 1.250506e+00 7.657419e-02
vertex 8.619673e-02 1.244703e+00 1.144471e-01
endloop
endfacet
facet normal 0 0 0
outer loop
vertex 7.083817e-02 1.300382e+00 -1.984207e-02
vertex 7.192010e-02 1.280747e+00 -6.167583e-03
vertex 6.967286e-02 1.282646e+00 -2.160520e-02
endloop
endfacet
facet normal 0 0 0
outer loop
vertex -7.364074e-02 1.166270e+00 1.991516e-01
vertex -9.139295e-02 1.165021e+00 1.989403e-01
vertex -9.011222e-02 1.148048e+00 1.972813e-01
endloop
endfacet
facet normal 0 0 0
outer loop
vertex 6.160868e-02 2.515089e-01 -4.422805e-01
vertex 5.188857e-02 2.083841e-01 -4.448975e-01
vertex 5.053266e-02 2.499308e-01 -4.422688e-01
endloop
endfacet
facet normal 0 0 0
outer loop
vertex -1.268936e-01 -6.802385e-03 1.110223e-01
vertex -1.295841e-01 -7.449873e-03 1.255012e-01
vertex -1.363095e-01 -4.612985e-03 1.225969e-01
endloop
endfacet
facet normal 0 0 0
outer loop
vertex 1.706799e-01 7.587271e-01 3.145524e-01
vertex 1.444099e-01 7.732452e-01 3.012409e-01
vertex 1.466616e-01 7.574998e-01 3.159489e-01
endloop
endfacet
facet normal 0 0 0
outer loop
vertex -8.240697e-02 -9.565179e-03 2.201693e-01
vertex -9.352228e-02 -9.351245e-03 1.963715e-01
vertex -8.019929e-02 -9.279029e-03 1.968620e-01
endloop
endfacet
facet normal 0 0 0
outer loop
vertex 8.934157e-02 1.317980e+00 2.149816e-01
vertex 7.594024e-02 1.292415e+00 2.123941e-01
vertex 9.361800e-02 1.296647e+00 2.128961e-01
endloop
endfacet
facet normal 0 0 0
outer loop
vertex 8.096672e-02 1.064243e+00 -3.184582e-02
vertex 4.484138e-02 1.088004e+00 -2.908013e-02
vertex 6.649908e-02 1.087500e+00 -1.485756e-02
endloop
endfacet
facet normal 0 0 0
outer loop
vertex 8.096672e-02 1.064243e+00 -3.184582e-02
vertex 2.057135e-02 1.088154e+00 -4.391456e-02
vertex 4.484138e-02 1.088004e+00 -2.908013e-02
endloop
endfacet
facet normal 0 0 0
outer loop
vertex 9.980088e-02 1.253840e+00 2.065668e-01
vertex 1.019248e-01 1.254523e+00 2.003138e-01
vertex 1.012166e-01 1.275977e+00 2.087686e-01
endloop
endfacet
facet normal 0 0 0
outer loop
vertex -1.677703e-01 1.412551e+00 1.925597e-01
vertex -1.496928e-01 1.424539e+00 1.938366e-01
vertex -1.483048e-01 1.423803e+00 1.781603e-01
endloop
endfacet
facet normal 0 0 0
outer loop
vertex 7.878716e-02 1.274889e+00 4.056156e-02
vertex 7.119993e-02 1.260168e+00 1.162704e-02
vertex 7.482097e-02 1.278275e+00 1.344241e-02
endloop
endfacet
facet normal 0 0 0
outer loop
vertex 3.630293e-03 3.972062e-01 -7.749893e-02
vertex 1.408786e-02 4.165677e-01 -4.003621e-03
vertex 1.124650e-02 4.287241e-01 -5.585464e-03
endloop
endfacet
facet normal 0 0 0
outer loop
vertex -2.859567e-02 1.134476e+00 1.960844e-01
vertex -8.558849e-03 1.139802e+00 1.967206e-01
vertex -3.223037e-02 1.151852e+00 1.979160e-01
endloop
endfacet
facet normal 0 0 0
outer loop
vertex -5.702827e-02 1.413183e+00 2.236252e-01
vertex -5.835385e-02 1.391378e+00 2.214649e-01
vertex -3.609491e-02 1.408622e+00 2.232832e-01
endloop
endfacet
facet normal 0 0 0
outer loop
vertex 3.807424e-02 1.216783e+00 2.047230e-01
vertex 3.815919e-02 1.235097e+00 2.065436e-01
vertex 2.369639e-02 1.211945e+00 2.041788e-01
endloop
endfacet
facet normal 0 0 0
outer loop
vertex -1.286591e-01 1.334828e+00 2.155391e-01
vertex -1.258135e-01 1.355655e+00 2.176058e-01
vertex -1.589546e-01 1.341184e+00 2.160173e-01
endloop
endfacet
facet normal 0 0 0
outer loop
vertex -1.155679e-01 1.185272e+00 -6.046659e-02
vertex -1.140651e-01 1.190255e+00 -6.207380e-02
vertex -9.908337e-02 1.185009e+00 -6.252523e-02
endloop
endfacet
facet normal 0 0 0
outer loop
vertex 6.244366e-03 3.397180e-01 -1.177963e-01
vertex 1.551001e-02 3.734712e-01 -1.336367e-01
vertex 1.579453e-02 3.637823e-01 -1.442199e-01
endloop
endfacet
facet normal 0 0 0
outer loop
vertex 6.560957e-02 9.179016e-02 -4.463504e-01
vertex 7.681624e-02 1.244073e-01 -4.461735e-01
vertex 7.784986e-02 9.846412e-02 -4.463054e-01
endloop
endfacet
facet normal 0 0 0
outer loop
vertex 6.075988e-02 1.220873e+00 3.521286e-02
vertex 7.454904e-02 1.231338e+00 7.473391e-02
vertex 6.574679e-02 1.213516e+00 7.291716e-02
endloop
endfacet
facet normal 0 0 0
outer loop
vertex -1.568848e-01 1.160329e+00 1.981406e-01
vertex -1.488447e-01 1.167466e+00 1.988988e-01
vertex -1.591458e-01 1.179431e+00 2.000429e-01
endloop
endfacet
facet normal 0 0 0
outer loop
vertex 3.067569e-02 1.099583e+00 8.876834e-02
vertex 4.225967e-02 1.096419e+00 9.203425e-02
vertex 5.416591e-02 1.096602e+00 4.693190e-02
endloop
endfacet
facet normal 0 0 0
outer loop
vertex 3.494651e-02 1.142560e+00 1.950431e-01
vertex 1.409052e-02 1.137013e+00 1.964938e-01
vertex 1.610491e-02 1.131094e+00 1.937471e-01
endloop
endfacet
facet normal 0 0 0
outer loop
vertex 9.361800e-02 1.296647e+00 2.128961e-01
vertex 9.978309e-02 1.298029e+00 2.109504e-01
vertex 8.934157e-02 1.317980e+00 2.149816e-01
endloop
endfacet
facet normal 0 0 0
outer loop
vertex -6.973093e-02 1.131506e+00 1.956338e-01
vertex -7.112227e-02 1.147582e+00 1.973178e-01
vertex -8.993237e-02 1.133428e+00 1.957622e-01
endloop
endfacet
facet normal 0 0 0
outer loop
vertex -1.980309e-01 1.303945e+00 -4.276350e-02
vertex -1.968906e-01 1.286786e+00 -4.445505e-02
vertex -1.983425e-01 1.285666e+00 -3.486651e-02
endloop
endfacet
facet normal 0 0 0
outer loop
vertex -1.444647e-01 1.224169e+00 2.045619e-01
vertex -1.621310e-01 1.233205e+00 2.053658e-01
vertex -1.531327e-01 1.200819e+00 2.022063e-01
endloop
endfacet
facet normal 0 0 0
outer loop
vertex 2.108321e-02 1.088879e+00 1.139588e-01
vertex 5.287772e-02 1.092316e+00 9.188453e-02
vertex 4.225967e-02 1.096419e+00 9.203425e-02
endloop
endfacet
facet normal 0 0 0
outer loop
vertex 1.009647e-01 1.279109e+00 1.808049e-01
vertex 1.013762e-01 1.255573e+00 1.907110e-01
vertex 9.962153e-02 1.257079e+00 1.786177e-01
endloop
endfacet
facet normal 0 0 0
outer loop
vertex -2.247446e-01 1.301635e+00 2.117967e-01
vertex -2.268042e-01 1.322658e+00 2.117457e-01
vertex -2.310133e-01 1.301593e+00 2.096506e-01
endloop
endfacet
facet normal 0 0 0
outer loop
vertex -7.398597e-02 -6.773251e-03 2.205895e-01
vertex -8.717175e-02 -1.032155e-02 2.594078e-01
vertex -8.240697e-02 -9.565179e-03 2.201693e-01
endloop
endfacet
facet normal 0 0 0
outer loop
vertex 3.641867e-02 1.412120e+00 2.058513e-01
vertex 5.173288e-02 1.397522e+00 1.922477e-01
vertex 3.530313e-02 1.411912e+00 1.935836e-01
endloop
endfacet
facet normal 0 0 0
outer loop
vertex -2.001692e-01 1.350455e+00 4.658612e-02
vertex -2.051517e-01 1.349144e+00 8.488430e-02
vertex -1.917530e-01 1.367381e+00 4.830545e-02
endloop
endfacet
facet normal 0 0 0
outer loop
vertex -2.106877e-01 1.280535e+00 2.097844e-01
vertex -1.989391e-01 1.302850e+00 2.120447e-01
vertex -2.247446e-01 1.301635e+00 2.117967e-01
endloop
endfacet
facet normal 0 0 0
outer loop
vertex -1.088910e-01 1.070830e+00 1.051806e-01
vertex -9.859627e-02 1.091032e+00 6.009222e-02
vertex -1.102411e-01 1.086877e+00 5.307002e-02
endloop
endfacet
facet normal 0 0 0
outer loop
vertex 8.603000e-02 1.217077e+00 1.589609e-01
vertex 9.000432e-02 1.240740e+00 1.415002e-01
vertex 9.288400e-02 1.237807e+00 1.610563e-01
endloop
endfacet
facet normal 0 0 0
outer loop
vertex -2.025145e-01 1.318161e+00 -3.826466e-03
vertex -2.001764e-01 1.319392e+00 -1.930423e-02
vertex -2.013391e-01 1.301813e+00 -2.104821e-02
endloop
endfacet
facet normal 0 0 0
outer loop
vertex 8.973052e-02 1.324750e+00 1.498114e-01
vertex 8.587570e-02 1.326534e+00 1.225344e-01
vertex 8.290060e-02 1.344744e+00 1.517524e-01
endloop
endfacet
facet normal 0 0 0
outer loop
vertex 6.623130e-02 1.378745e+00 2.187546e-01
vertex 7.848933e-02 1.360468e+00 2.170110e-01
vertex 6.809705e-02 1.380331e+00 2.125874e-01
endloop
endfacet
facet normal 0 0 0
outer loop
vertex 9.446979e-02 5.808071e-01 1.038835e-03
vertex 9.415278e-02 5.705484e-01 -2.619398e-03
vertex 8.096523e-02 5.947476e-01 -6.028125e-02
endloop
endfacet
facet normal 0 0 0
outer loop
vertex 6.838024e-02 2.954500e-01 -4.097244e-01
vertex 8.220422e-02 2.526735e-01 -4.159588e-01
vertex 8.051001e-02 2.566969e-01 -4.307513e-01
endloop
endfacet
facet normal 0 0 0
outer loop
vertex 4.529007e-02 1.368747e+00 2.197724e-01
vertex 4.700410e-02 1.347584e+00 2.176921e-01
vertex 6.065262e-02 1.375691e+00 2.205358e-01
endloop
endfacet
facet normal 0 0 0
outer loop
vertex 6.770718e-02 1.173347e+00 1.823490e-01
vertex 8.001541e-02 1.192513e+00 1.842979e-01
vertex 6.808329e-02 1.172095e+00 1.919236e-01
endloop
endfacet
facet normal 0 0 0
outer loop
vertex -1.079795e-01 1.164577e+00 1.988150e-01
vertex -9.139295e-02 1.165021e+00 1.989403e-01
vertex -9.407035e-02 1.182316e+00 2.006709e-01
endloop
endfacet
facet normal 0 0 0
outer loop
vertex 1.601291e-02 1.408079e+00 -2.174551e-02
vertex 2.867621e-02 1.396386e+00 -3.249662e-02
vertex 1.518954e-02 1.407916e+00 -3.147120e-02
endloop
endfacet
facet normal 0 0 0
outer loop
vertex 4.540782e-02 8.329841e-02 -4.035608e-01
vertex 3.996344e-02 7.266487e-02 -4.128180e-01
vertex 6.794342e-02 7.340880e-02 -4.036613e-01
endloop
endfacet
facet normal 0 0 0
outer loop
vertex 6.526624e-02 1.242657e+00 9.862391e-03
vertex 6.920708e-02 1.237934e+00 3.694442e-02
vertex 5.726313e-02 1.225938e+00 8.255679e-03
endloop
endfacet
facet normal 0 0 0
outer loop
vertex 7.681624e-02 1.244073e-01 -4.461735e-01
vertex 8.976051e-02 1.210436e-01 -4.463372e-01
vertex 7.784986e-02 9.846412e-02 -4.463054e-01
endloop
endfacet
facet normal 0 0 0
outer loop
vertex 8.748872e-02 8.468043e-02 -4.034476e-01
vertex 6.794342e-02 7.340880e-02 -4.036613e-01
vertex 9.610987e-02 7.443008e-02 -4.126091e-01
endloop
endfacet
facet normal 0 0 0
outer loop
vertex -1.641600e-01 1.411555e+00 1.570382e-01
vertex -1.660959e-01 1.412004e+00 1.769036e-01
vertex -1.483048e-01 1.423803e+00 1.781603e-01
endloop
endfacet
facet normal 0 0 0
outer loop
vertex -1.373208e-01 -8.759089e-03 1.964634e-01
vertex -1.460726e-01 -5.832537e-03 1.967091e-01
vertex -1.430410e-01 -5.547339e-03 1.714219e-01
endloop
endfacet
facet normal 0 0 0
outer loop
vertex -2.070697e-02 1.421185e+00 2.246003e-01
vertex -3.838010e-02 1.426932e+00 2.250770e-01
vertex -3.609491e-02 1.408622e+00 2.232832e-01
endloop
endfacet
facet normal 0 0 0
outer loop
vertex -1.604987e-01 1.396862e+00 -2.371997e-02
vertex -1.472918e-01 1.408352e+00 -2.251618e-02
vertex -1.594464e-01 1.396814e+00 -3.342502e-02
endloop
endfacet
facet normal 0 0 0
outer loop
vertex -1.310444e-01 1.129274e+00 1.930488e-01
vertex -1.511094e-01 1.137377e+00 1.874005e-01
vertex -1.316707e-01 1.128139e+00 1.865980e-01
endloop
endfacet
facet normal 0 0 0
outer loop
vertex -1.841263e-01 1.398321e+00 1.910689e-01
vertex -1.849805e-01 1.398622e+00 2.033944e-01
vertex -1.689375e-01 1.412786e+00 2.048122e-01
endloop
endfacet
facet normal 0 0 0
outer loop
vertex 9.582002e-02 1.587088e-01 -3.979846e-01
vertex 9.112756e-02 1.148115e-01 -3.912687e-01
vertex 1.008068e-01 1.153145e-01 -4.049400e-01
endloop
endfacet
facet normal 0 0 0
outer loop
vertex 9.327530e-02 1.830274e-01 -4.330620e-01
vertex 9.317250e-02 1.600516e-01 -4.420660e-01
vertex 9.038230e-02 1.833796e-01 -4.417596e-01
endloop
endfacet
facet normal 0 0 0
outer loop
vertex -2.198453e-01 1.342879e+00 2.137749e-01
vertex -2.121141e-01 1.363596e+00 2.095193e-01
vertex -2.217966e-01 1.344064e+00 2.075487e-01
endloop
endfacet
facet normal 0 0 0
outer loop
vertex 9.265248e-02 1.323462e+00 1.695376e-01
vertex 9.515625e-02 1.322539e+00 1.850717e-01
vertex 9.951057e-02 1.300992e+00 1.829675e-01
endloop
endfacet
facet normal 0 0 0
outer loop
vertex -2.305664e-01 1.261178e+00 1.773869e-01
vertex -2.324073e-01 1.259784e+00 1.894789e-01
vertex -2.320392e-01 1.282500e+00 1.794796e-01
endloop
endfacet
facet normal 0 0 0
outer loop
vertex -2.025145e-01 1.318161e+00 -3.826466e-03
vertex -2.036933e-01 1.300295e+00 -5.598237e-03
vertex -2.066705e-01 1.298395e+00 1.403371e-02
endloop
endfacet
facet normal 0 0 0
outer loop
vertex 5.857338e-02 1.381562e+00 1.278230e-01
vertex 4.103798e-02 1.396900e+00 9.083406e-02
vertex 4.495810e-02 1.397028e+00 1.292748e-01
endloop
endfacet
facet normal 0 0 0
outer loop
vertex 4.103798e-02 1.396900e+00 9.083406e-02
vertex 5.857338e-02 1.381562e+00 1.278230e-01
vertex 5.414671e-02 1.382020e+00 8.943605e-02
endloop
endfacet
facet normal 0 0 0
outer loop
vertex 3.463335e-02 1.144927e+00 1.670195e-01
vertex 5.161975e-02 1.159099e+00 1.685766e-01
vertex 3.555289e-02 1.142469e+00 1.789930e-01
endloop
endfacet
facet normal 0 0 0
outer loop
vertex -1.464141e-01 -7.504484e-03 3.030951e-01
vertex -1.216252e-01 -7.932981e-03 3.162747e-01
vertex -1.483724e-01 8.383333e-04 3.058365e-01
endloop
endfacet
facet normal 0 0 0
outer loop
vertex -4.866611e-02 5.916616e-01 7.754222e-02
vertex -8.989836e-02 5.991005e-01 9.759196e-02
vertex -5.539814e-02 5.820662e-01 7.772937e-02
endloop
endfacet
facet normal 0 0 0
outer loop
vertex 1.915999e-02 1.282356e+00 -5.227769e-02
vertex 3.408489e-02 1.258789e+00 -5.454151e-02
vertex -2.053115e-02 1.244728e+00 -5.620462e-02
endloop
endfacet
facet normal 0 0 0
outer loop
vertex -2.139688e-01 1.340948e+00 2.157243e-01
vertex -2.103520e-01 1.361971e+00 2.157013e-01
vertex -2.198453e-01 1.342879e+00 2.137749e-01
endloop
endfacet
facet normal 0 0 0
outer loop
vertex 1.601291e-02 1.408079e+00 -2.174551e-02
vertex 1.704703e-02 1.408301e+00 -9.483652e-03
vertex 2.963741e-02 1.396437e+00 -2.278131e-02
endloop
endfacet
facet normal 0 0 0
outer loop
vertex 3.085160e-02 1.396495e+00 -1.053474e-02
vertex 1.704703e-02 1.408301e+00 -9.483652e-03
vertex 1.836994e-02 1.408570e+00 6.159616e-03
endloop
endfacet
facet normal 0 0 0
outer loop
vertex 7.610011e-02 1.363184e+00 1.733721e-01
vertex 7.835591e-02 1.362905e+00 1.889708e-01
vertex 8.809544e-02 1.343259e+00 1.870848e-01
endloop
endfacet
facet normal 0 0 0
outer loop
vertex 1.787739e-02 1.336439e+00 2.164456e-01
vertex 1.977784e-02 1.355996e+00 2.183854e-01
vertex -5.246229e-03 1.346578e+00 2.173276e-01
endloop
endfacet
facet normal 0 0 0
outer loop
vertex -1.468768e-01 1.143238e+00 1.964588e-01
vertex -1.500710e-01 1.138378e+00 1.938385e-01
vertex -1.291061e-01 1.134609e+00 1.957191e-01
endloop
endfacet
facet normal 0 0 0
outer loop
vertex -1.468768e-01 1.143238e+00 1.964588e-01
vertex -1.437532e-01 1.151065e+00 1.972689e-01
vertex -1.568848e-01 1.160329e+00 1.981406e-01
endloop
endfacet
facet normal 0 0 0
outer loop
vertex -1.096046e-01 1.130149e+00 1.493469e-01
vertex -8.968576e-02 1.130903e+00 1.298031e-01
vertex -8.917162e-02 1.125603e+00 1.489351e-01
endloop
endfacet
facet normal 0 0 0
outer loop
vertex 9.545781e-02 1.232240e+00 2.043903e-01
vertex 9.755475e-02 1.232643e+00 1.981092e-01
vertex 9.980088e-02 1.253840e+00 2.065668e-01
endloop
endfacet
facet normal 0 0 0
outer loop
vertex -1.265090e-01 1.142892e+00 1.965245e-01
vertex -1.253612e-01 1.153345e+00 1.975925e-01
vertex -1.437532e-01 1.151065e+00 1.972689e-01
endloop
endfacet
facet normal 0 0 0
outer loop
vertex -1.356867e-01 1.393923e+00 2.213290e-01
vertex -1.601261e-01 1.394872e+00 2.213017e-01
vertex -1.656914e-01 1.372468e+00 2.190668e-01
endloop
endfacet
facet normal 0 0 0
outer loop
vertex -1.949394e-01 1.268613e+00 -3.653834e-02
vertex -2.001643e-01 1.284253e+00 -2.277800e-02
vertex -1.983425e-01 1.285666e+00 -3.486651e-02
endloop
endfacet
facet normal 0 0 0
outer loop
vertex -2.070697e-02 1.421185e+00 2.246003e-01
vertex -3.802847e-03 1.425142e+00 2.250809e-01
vertex -2.314650e-02 1.431892e+00 2.256452e-01
endloop
endfacet
facet normal 0 0 0
outer loop
vertex -1.922510e-01 9.858533e-01 -7.954767e-02
vertex -1.805252e-01 9.918404e-01 -9.353431e-02
vertex -2.041052e-01 9.612867e-01 -1.127695e-01
endloop
endfacet
facet normal 0 0 0
outer loop
vertex 6.834289e-02 9.807853e-01 -5.629812e-03
vertex 6.342515e-02 9.831510e-01 -1.159234e-02
vertex 7.013726e-02 9.920951e-01 -1.137824e-02
endloop
endfacet
facet normal 0 0 0
outer loop
vertex -4.696185e-02 1.118224e+00 1.638483e-01
vertex -2.603589e-02 1.124637e+00 1.489832e-01
vertex -2.553298e-02 1.120429e+00 1.641431e-01
endloop
endfacet
facet normal 0 0 0
outer loop
vertex -1.968182e-01 1.366428e+00 8.658234e-02
vertex -1.917530e-01 1.367381e+00 4.830545e-02
vertex -2.051517e-01 1.349144e+00 8.488430e-02
endloop
endfacet
facet normal 0 0 0
outer loop
vertex 5.781999e-02 1.204576e+00 2.035785e-01
vertex 6.603061e-02 1.199473e+00 2.030950e-01
vertex 6.336680e-02 1.218472e+00 2.049957e-01
endloop
endfacet
facet normal 0 0 0
outer loop
vertex -3.450215e-03 1.432860e+00 1.798297e-01
vertex -2.449176e-03 1.433719e+00 1.955374e-01
vertex 1.581228e-02 1.423353e+00 1.789910e-01
endloop
endfacet
facet normal 0 0 0
outer loop
vertex 3.623769e-02 1.182651e+00 2.012790e-01
vertex 2.155213e-02 1.172544e+00 2.002509e-01
vertex 4.332894e-02 1.170670e+00 2.001333e-01
endloop
endfacet
facet normal 0 0 0
outer loop
vertex -6.666505e-02 1.447160e+00 2.087200e-01
vertex -4.471485e-02 1.445340e+00 2.183522e-01
vertex -4.474605e-02 1.445686e+00 2.086808e-01
endloop
endfacet
facet normal 0 0 0
outer loop
vertex -1.430690e-01 1.405865e+00 2.224683e-01
vertex -1.473236e-01 1.416098e+00 2.234596e-01
vertex -1.649899e-01 1.404294e+00 2.222092e-01
endloop
endfacet
facet normal 0 0 0
outer loop
vertex -1.156273e-02 1.167813e+00 2.191322e-03
vertex 6.644162e-03 1.174628e+00 2.225830e-03
vertex -7.916274e-03 1.158719e+00 1.690240e-02
endloop
endfacet
facet normal 0 0 0
outer loop
vertex 6.244366e-03 3.397180e-01 -1.177963e-01
vertex 1.836479e-02 2.993565e-01 -1.279517e-01
vertex 1.834086e-02 3.171861e-01 -9.409564e-02
endloop
endfacet
facet normal 0 0 0
outer loop
vertex 2.233368e-02 1.772737e-01 -3.716588e-01
vertex 1.148411e-02 1.983898e-01 -3.912220e-01
vertex 1.220709e-02 1.771598e-01 -3.929492e-01
endloop
endfacet
facet normal 0 0 0
outer loop
vertex -2.054358e-01 1.280186e+00 1.224237e-02
vertex -2.018421e-01 1.262280e+00 1.048938e-02
vertex -2.095198e-01 1.277037e+00 3.934246e-02
endloop
endfacet
facet normal 0 0 0
outer loop
vertex -2.140159e-01 1.225521e+00 1.384982e-01
vertex -2.168308e-01 1.248603e+00 1.133247e-01
vertex -2.102110e-01 1.229626e+00 1.114894e-01
endloop
endfacet
facet normal 0 0 0
outer loop
vertex 9.354258e-02 1.253439e+00 2.086109e-01
vertex 9.980088e-02 1.253840e+00 2.065668e-01
vertex 9.499341e-02 1.275030e+00 2.107579e-01
endloop
endfacet
facet normal 0 0 0
outer loop
vertex 8.290060e-02 1.344744e+00 1.517524e-01
vertex 8.587570e-02 1.326534e+00 1.225344e-01
vertex 7.921438e-02 1.346016e+00 1.244252e-01
endloop
endfacet
facet normal 0 0 0
outer loop
vertex 6.863488e-02 1.836470e-01 -4.454265e-01
vertex 6.588491e-02 2.089411e-01 -4.449444e-01
vertex 7.801304e-02 2.085813e-01 -4.443578e-01
endloop
endfacet
facet normal 0 0 0
outer loop
vertex 1.292642e-01 7.389327e-01 3.148460e-01
vertex 1.466616e-01 7.574998e-01 3.159489e-01
vertex 1.282917e-01 7.454000e-01 3.075144e-01
endloop
endfacet
facet normal 0 0 0
outer loop
vertex -2.704899e-01 6.569505e-01 -3.552541e-01
vertex -2.788473e-01 6.541951e-01 -3.703270e-01
vertex -2.635201e-01 7.014200e-01 -3.370300e-01
endloop
endfacet
facet normal 0 0 0
outer loop
vertex 1.220709e-02 1.771598e-01 -3.929492e-01
vertex 1.148411e-02 1.983898e-01 -3.912220e-01
vertex 1.224572e-02 1.788267e-01 -4.175523e-01
endloop
endfacet
facet normal 0 0 0
outer loop
vertex -1.959094e-01 1.245016e+00 8.811409e-03
vertex -1.931757e-01 1.247970e+00 -1.072131e-02
vertex -1.877802e-01 1.228639e+00 7.228282e-03
endloop
endfacet
facet normal 0 0 0
outer loop
vertex -1.775493e-01 1.213498e+00 5.778774e-03
vertex -1.752012e-01 1.217059e+00 -1.369725e-02
vertex -1.654396e-01 1.199771e+00 4.474139e-03
endloop
endfacet
facet normal 0 0 0
outer loop
vertex -2.522593e-01 7.030203e-01 -2.639405e-01
vertex -2.676647e-01 7.049379e-01 -2.171953e-01
vertex -2.754748e-01 6.858104e-01 -2.395989e-01
endloop
endfacet
facet normal 0 0 0
outer loop
vertex -6.601883e-02 1.110215e+00 9.436742e-02
vertex -7.005499e-02 1.115499e+00 6.485505e-02
vertex -6.468558e-02 1.106577e+00 5.981831e-02
endloop
endfacet
facet normal 0 0 0
outer loop
vertex 7.283252e-02 9.932475e-01 5.384742e-02
vertex 7.028601e-02 1.007363e+00 9.085256e-02
vertex 7.145721e-02 9.740610e-01 6.898447e-02
endloop
endfacet
facet normal 0 0 0
outer loop
vertex 6.836757e-02 1.263036e+00 -7.943486e-03
vertex 6.617866e-02 1.265242e+00 -2.335036e-02
vertex 7.192010e-02 1.280747e+00 -6.167583e-03
endloop
endfacet
facet normal 0 0 0
outer loop
vertex -1.058808e-01 7.207043e-02 1.894285e-01
vertex -1.375570e-01 5.977498e-02 1.987904e-01
vertex -1.070284e-01 6.583679e-02 1.989439e-01
endloop
endfacet
facet normal 0 0 0
outer loop
vertex 1.535907e-02 1.801268e-01 -4.412971e-01
vertex 1.627570e-02 2.054343e-01 -4.409222e-01
vertex 2.452189e-02 1.809807e-01 -4.444477e-01
endloop
endfacet
facet normal 0 0 0
outer loop
vertex 2.751807e-02 1.578511e-01 -4.447163e-01
vertex 3.781013e-02 1.823663e-01 -4.453387e-01
vertex 4.017752e-02 1.591173e-01 -4.456418e-01
endloop
endfacet
facet normal 0 0 0
outer loop
vertex 1.478018e-02 1.141787e+00 1.297445e-01
vertex 1.467924e-02 1.144341e+00 1.039623e-01
vertex 3.270965e-02 1.152682e+00 1.315057e-01
endloop
endfacet
facet normal 0 0 0
outer loop
vertex 9.320035e-02 1.826044e-01 -4.180252e-01
vertex 9.327530e-02 1.830274e-01 -4.330620e-01
vertex 8.977466e-02 2.063240e-01 -4.175234e-01
endloop
endfacet
facet normal 0 0 0
outer loop
vertex 4.332894e-02 1.170670e+00 2.001333e-01
vertex 2.155213e-02 1.172544e+00 2.002509e-01
vertex 2.797013e-02 1.158229e+00 1.987915e-01
endloop
endfacet
facet normal 0 0 0
outer loop
vertex 4.615201e-02 5.299591e-01 7.919872e-02
vertex 4.477507e-02 5.437379e-01 8.632441e-02
vertex 8.700346e-03 5.405645e-01 6.484912e-02
endloop
endfacet
facet normal 0 0 0
outer loop
vertex -2.018835e-01 1.365475e+00 1.248592e-01
vertex -1.938145e-01 1.382133e+00 1.539762e-01
vertex -1.904889e-01 1.382376e+00 1.265907e-01
endloop
endfacet
facet normal 0 0 0
outer loop
vertex 2.233368e-02 1.772737e-01 -3.716588e-01
vertex 5.269382e-02 1.789836e-01 -3.661150e-01
vertex 5.138689e-02 1.878977e-01 -3.590841e-01
endloop
endfacet
facet normal 0 0 0
outer loop
vertex -6.983335e-02 1.128587e+00 1.298338e-01
vertex -8.968576e-02 1.130903e+00 1.298031e-01
vertex -6.967295e-02 1.133252e+00 1.049975e-01
endloop
endfacet
facet normal 0 0 0
outer loop
vertex -4.492899e-02 1.445092e+00 1.963862e-01
vertex -6.660882e-02 1.446548e+00 1.964247e-01
vertex -4.474605e-02 1.445686e+00 2.086808e-01
endloop
endfacet
facet normal 0 0 0
outer loop
vertex 8.750063e-02 8.506186e-02 -4.464978e-01
vertex 6.992680e-02 6.338472e-02 -4.439230e-01
vertex 6.852347e-02 7.256367e-02 -4.465939e-01
endloop
endfacet
facet normal 0 0 0
outer loop
vertex -1.038111e-01 1.089298e+00 -1.037943e-02
vertex -1.096096e-01 1.071768e+00 -2.284133e-02
vertex -1.061714e-01 1.087286e+00 -7.974015e-03
endloop
endfacet
facet normal 0 0 0
outer loop
vertex -1.818494e-01 1.369259e+00 -2.656108e-02
vertex -1.913413e-01 1.353097e+00 -1.597502e-02
vertex -1.834630e-01 1.368954e+00 -1.436436e-02
endloop
endfacet
facet normal 0 0 0
outer loop
vertex -1.834630e-01 1.368954e+00 -1.436436e-02
vertex -1.754560e-01 1.383507e+00 2.727801e-03
vertex -1.735635e-01 1.383647e+00 -1.285921e-02
endloop
endfacet
facet normal 0 0 0
outer loop
vertex -1.618276e-01 1.396931e+00 -1.148477e-02
vertex -1.604987e-01 1.396862e+00 -2.371997e-02
vertex -1.735635e-01 1.383647e+00 -1.285921e-02
endloop
endfacet
facet normal 0 0 0
outer loop
vertex 1.468340e-01 7.482380e-01 3.323014e-01
vertex 1.460282e-01 7.458189e-01 3.426456e-01
vertex 1.703146e-01 7.455152e-01 3.393280e-01
endloop
endfacet
facet normal 0 0 0
outer loop
vertex -4.171225e-02 1.113883e+00 1.613880e-02
vertex -4.286646e-02 1.108610e+00 1.147058e-02
vertex -5.886521e-02 1.111167e+00 2.985240e-02
endloop
endfacet
facet normal 0 0 0
outer loop
vertex -3.548569e-02 5.863078e-01 6.094581e-03
vertex -4.335707e-02 5.695623e-01 8.876050e-03
vertex -5.646962e-02 5.633224e-01 -6.325021e-02
endloop
endfacet
facet normal 0 0 0
outer loop
vertex -4.286646e-02 1.108610e+00 1.147058e-02
vertex -2.331014e-02 1.107762e+00 2.262926e-03
vertex -5.050810e-02 1.106048e+00 4.331728e-03
endloop
endfacet
facet normal 0 0 0
outer loop
vertex 1.293077e-01 7.347872e-01 3.233835e-01
vertex 1.292642e-01 7.389327e-01 3.148460e-01
vertex 1.321167e-01 7.126598e-01 3.052270e-01
endloop
endfacet
facet normal 0 0 0
outer loop
vertex -1.327871e-02 1.156907e+00 1.985093e-01
vertex 4.820104e-03 1.163819e+00 1.992946e-01
vertex -1.918886e-02 1.176791e+00 2.004586e-01
endloop
endfacet
facet normal 0 0 0
outer loop
vertex 9.361800e-02 1.296647e+00 2.128961e-01
vertex 1.012166e-01 1.275977e+00 2.087686e-01
vertex 9.978309e-02 1.298029e+00 2.109504e-01
endloop
endfacet
facet normal 0 0 0
outer loop
vertex 1.707533e-01 7.487462e-01 3.299039e-01
vertex 1.709908e-01 7.527389e-01 3.217845e-01
vertex 1.472234e-01 7.516930e-01 3.235067e-01
endloop
endfacet
facet normal 0 0 0
outer loop
vertex 1.703431e-01 7.046573e-01 2.820256e-01
vertex 1.467577e-01 7.030130e-01 2.836706e-01
vertex 1.691401e-01 7.122745e-01 2.758966e-01
endloop
endfacet
facet normal 0 0 0
outer loop
vertex 1.860249e-01 7.434136e-01 2.646917e-01
vertex 1.691401e-01 7.122745e-01 2.758966e-01
vertex 1.669651e-01 7.301813e-01 2.547667e-01
endloop
endfacet
facet normal 0 0 0
outer loop
vertex 1.703146e-01 7.455152e-01 3.393280e-01
vertex 1.707533e-01 7.487462e-01 3.299039e-01
vertex 1.468340e-01 7.482380e-01 3.323014e-01
endloop
endfacet
facet normal 0 0 0
outer loop
vertex 7.187434e-02 2.826584e-01 -3.886013e-01
vertex 8.499226e-02 2.443924e-01 -3.922584e-01
vertex 8.220422e-02 2.526735e-01 -4.159588e-01
endloop
endfacet
facet normal 0 0 0
outer loop
vertex -4.696185e-02 1.118224e+00 1.638483e-01
vertex -2.553298e-02 1.120429e+00 1.641431e-01
vertex -4.676880e-02 1.115006e+00 1.757475e-01
endloop
endfacet
facet normal 0 0 0
outer loop
vertex 1.589258e-01 8.117961e-01 1.605634e-01
vertex 1.276148e-01 8.209726e-01 1.431563e-01
vertex 1.571381e-01 8.278052e-01 1.368249e-01
endloop
endfacet
facet normal 0 0 0
outer loop
vertex 1.453229e-01 7.104991e-01 2.772249e-01
vertex 1.467577e-01 7.030130e-01 2.836706e-01
vertex 1.310811e-01 7.186227e-01 2.980315e-01
endloop
endfacet
facet normal 0 0 0
outer loop
vertex 6.752391e-02 1.271729e+00 2.103057e-01
vertex 4.543718e-02 1.287295e+00 2.117430e-01
vertex 5.217909e-02 1.252735e+00 2.083571e-01
endloop
endfacet
facet normal 0 0 0
outer loop
vertex -1.488447e-01 1.167466e+00 1.988988e-01
vertex -1.437532e-01 1.151065e+00 1.972689e-01
vertex -1.373703e-01 1.158439e+00 1.980472e-01
endloop
endfacet
facet normal 0 0 0
outer loop
vertex 1.624481e-01 8.637930e-01 2.130078e-01
vertex 1.622917e-01 8.760020e-01 2.012553e-01
vertex 1.306792e-01 8.680891e-01 2.100036e-01
endloop
endfacet
facet normal 0 0 0
outer loop
vertex 4.119190e-02 5.650886e-01 9.617484e-02
vertex -5.746417e-04 5.764609e-01 7.788842e-02
vertex 6.158384e-03 5.543697e-01 7.065816e-02
endloop
endfacet
facet normal 0 0 0
outer loop
vertex 2.334228e-02 1.069972e+00 1.153040e-01
vertex 5.877368e-02 1.001885e+00 1.141748e-01
vertex 6.140424e-02 1.077823e+00 9.728626e-02
endloop
endfacet
facet normal 0 0 0
outer loop
vertex -1.052800e-01 8.493470e-02 1.858282e-01
vertex -1.058808e-01 7.207043e-02 1.894285e-01
vertex -7.487776e-02 8.391365e-02 1.748387e-01
endloop
endfacet
facet normal 0 0 0
outer loop
vertex -1.124027e-01 9.310180e-01 9.516246e-02
vertex -1.134140e-01 8.570632e-01 7.961323e-02
vertex -7.170013e-02 9.233466e-01 1.160878e-01
endloop
endfacet
facet normal 0 0 0
outer loop
vertex -7.651354e-02 2.938518e-02 2.655523e-01
vertex -9.725517e-02 3.232792e-02 2.956051e-01
vertex -9.157768e-02 2.295583e-02 3.060442e-01
endloop
endfacet
facet normal 0 0 0
outer loop
vertex 1.172688e-01 1.014150e+00 3.978106e-03
vertex 7.873816e-02 1.046306e+00 -3.893197e-02
vertex 9.870733e-02 1.041640e+00 -1.163796e-02
endloop
endfacet
facet normal 0 0 0
outer loop
vertex 2.613143e-02 1.554253e-01 -3.786514e-01
vertex 5.269382e-02 1.789836e-01 -3.661150e-01
vertex 2.233368e-02 1.772737e-01 -3.716588e-01
endloop
endfacet
facet normal 0 0 0
outer loop
vertex -2.343656e-01 7.390496e-01 -2.205458e-01
vertex -2.456806e-01 7.428862e-01 -1.958584e-01
vertex -2.502307e-01 7.344466e-01 -2.007666e-01
endloop
endfacet
facet normal 0 0 0
outer loop
vertex 4.924548e-03 5.876686e-01 -6.155231e-02
vertex 7.152393e-03 5.834120e-01 -5.950946e-02
vertex -7.438290e-03 5.759516e-01 7.574318e-03
endloop
endfacet
facet normal 0 0 0
outer loop
vertex 8.733035e-02 1.054890e+00 -2.065451e-02
vertex 7.620068e-02 1.046642e+00 -3.981309e-02
vertex 8.096672e-02 1.064243e+00 -3.184582e-02
endloop
endfacet
facet normal 0 0 0
outer loop
vertex -3.045628e-02 1.171072e+00 -3.309147e-02
vertex -1.353974e-02 1.176260e+00 -3.249996e-02
vertex -1.271129e-02 1.172552e+00 -1.723790e-02
endloop
endfacet
facet normal 0 0 0
outer loop
vertex -2.299746e-01 7.536076e-01 -2.408062e-01
vertex -2.452268e-01 7.685841e-01 -2.504193e-01
vertex -2.430730e-01 7.739094e-01 -2.455474e-01
endloop
endfacet
facet normal 0 0 0
outer loop
vertex -8.382817e-02 1.164908e+00 -1.834266e-02
vertex -6.637570e-02 1.159602e+00 1.806159e-03
vertex -8.427274e-02 1.160676e+00 1.117921e-03
endloop
endfacet
facet normal 0 0 0
outer loop
vertex -9.963030e-02 4.390201e-01 2.048048e-03
vertex -1.005817e-01 4.070598e-01 3.478314e-02
vertex -1.346571e-01 4.454046e-01 2.182032e-02
endloop
endfacet
facet normal 0 0 0
outer loop
vertex -2.675276e-01 7.763793e-01 -2.473963e-01
vertex -2.430730e-01 7.739094e-01 -2.455474e-01
vertex -2.452268e-01 7.685841e-01 -2.504193e-01
endloop
endfacet
facet normal 0 0 0
outer loop
vertex 3.996344e-02 7.266487e-02 -4.128180e-01
vertex 4.008703e-02 7.282681e-02 -4.241046e-01
vertex 7.000417e-02 5.996480e-02 -4.147211e-01
endloop
endfacet
facet normal 0 0 0
outer loop
vertex -1.520280e-01 9.008350e-01 -1.702251e-01
vertex -1.458760e-01 9.111252e-01 -1.653570e-01
vertex -1.554170e-01 8.850896e-01 -1.423343e-01
endloop
endfacet
facet normal 0 0 0
outer loop
vertex -1.641600e-01 1.411555e+00 1.570382e-01
vertex -1.466976e-01 1.423133e+00 1.582714e-01
vertex -1.445555e-01 1.422352e+00 1.307786e-01
endloop
endfacet
facet normal 0 0 0
outer loop
vertex -2.522593e-01 7.030203e-01 -2.639405e-01
vertex -2.754748e-01 6.858104e-01 -2.395989e-01
vertex -2.845885e-01 6.516474e-01 -2.890795e-01
endloop
endfacet
facet normal 0 0 0
outer loop
vertex -2.708089e-01 7.671458e-01 -2.714128e-01
vertex -2.697656e-01 7.701055e-01 -2.611553e-01
vertex -2.462362e-01 7.646391e-01 -2.657857e-01
endloop
endfacet
facet normal 0 0 0
outer loop
vertex -1.131345e-01 9.337125e-01 -6.633649e-02
vertex -7.857832e-02 8.755206e-01 -8.594020e-02
vertex -1.156596e-01 8.716934e-01 -6.525738e-02
endloop
endfacet
facet normal 0 0 0
outer loop
vertex -2.356824e-01 8.533728e-01 -2.071755e-01
vertex -2.117452e-01 9.075338e-01 -1.880096e-01
vertex -2.098854e-01 8.443732e-01 -2.088177e-01
endloop
endfacet
facet normal 0 0 0
outer loop
vertex -4.775655e-02 1.164365e+00 -1.821990e-02
vertex -3.045628e-02 1.171072e+00 -3.309147e-02
vertex -2.993156e-02 1.167393e+00 -1.782599e-02
endloop
endfacet
facet normal 0 0 0
outer loop
vertex -1.976919e-03 1.142682e+00 1.957642e-02
vertex -2.286281e-02 1.139810e+00 1.909503e-02
vertex -7.916274e-03 1.158719e+00 1.690240e-02
endloop
endfacet
facet normal 0 0 0
outer loop
vertex 1.631497e-02 1.195928e+00 -4.265308e-02
vertex 1.619304e-03 1.186504e+00 -4.366283e-02
vertex 9.338868e-04 1.188727e+00 -5.315815e-02
endloop
endfacet
facet normal 0 0 0
outer loop
vertex -1.227554e-01 1.012093e+00 -4.083360e-02
vertex -1.253396e-01 1.044221e+00 -3.932021e-02
vertex -1.176313e-01 1.012880e+00 -4.198609e-02
endloop
endfacet
facet normal 0 0 0
outer loop
vertex -2.246211e-01 9.169277e-01 -1.590088e-01
vertex -2.339317e-01 8.891307e-01 -1.387621e-01
vertex -2.303270e-01 9.014229e-01 -1.290817e-01
endloop
endfacet
facet normal 0 0 0
outer loop
vertex -2.339317e-01 8.891307e-01 -1.387621e-01
vertex -2.160750e-01 8.658435e-01 -1.281835e-01
vertex -2.109276e-01 8.772087e-01 -1.202370e-01
endloop
endfacet
facet normal 0 0 0
outer loop
vertex -2.612200e-01 7.153934e-01 -2.103320e-01
vertex -2.676647e-01 7.049379e-01 -2.171953e-01
vertex -2.451819e-01 7.196122e-01 -2.424404e-01
endloop
endfacet
facet normal 0 0 0
outer loop
vertex -1.198862e-01 1.069501e+00 7.033643e-02
vertex -1.178932e-01 1.084107e+00 4.437117e-02
vertex -1.277649e-01 1.050148e+00 7.960524e-02
endloop
endfacet
facet normal 0 0 0
outer loop
vertex 6.834289e-02 9.807853e-01 -5.629812e-03
vertex 6.696783e-02 9.814118e-01 -2.427188e-03
vertex 6.342515e-02 9.831510e-01 -1.159234e-02
endloop
endfacet
facet normal 0 0 0
outer loop
vertex -5.050810e-02 1.106048e+00 4.331728e-03
vertex -2.335883e-02 1.107070e+00 -1.206025e-02
vertex -5.660904e-02 1.105615e+00 -9.924164e-03
endloop
endfacet
facet normal 0 0 0
outer loop
vertex -2.089242e-02 1.124701e+00 1.599266e-02
vertex 1.460101e-03 1.126150e+00 1.668700e-02
vertex -1.971404e-02 1.115135e+00 1.359776e-02
endloop
endfacet
facet normal 0 0 0
outer loop
vertex 2.701584e-02 1.320290e+00 2.149041e-01
vertex -7.904745e-03 1.289964e+00 2.117380e-01
vertex 2.635341e-02 1.298558e+00 2.127566e-01
endloop
endfacet
facet normal 0 0 0
outer loop
vertex -5.964461e-02 1.085968e+00 -5.031567e-02
vertex -6.245274e-02 1.104975e+00 -2.715916e-02
vertex -2.341964e-02 1.087136e+00 -4.682717e-02
endloop
endfacet
facet normal 0 0 0
outer loop
vertex -2.053115e-02 1.244728e+00 -5.620462e-02
vertex 3.408489e-02 1.258789e+00 -5.454151e-02
vertex 1.809680e-02 1.240859e+00 -5.640058e-02
endloop
endfacet
facet normal 0 0 0
outer loop
vertex -9.816706e-02 1.082682e+00 -2.636704e-02
vertex -1.070947e-01 1.066287e+00 -3.483505e-02
vertex -1.029392e-01 1.078832e+00 -2.737937e-02
endloop
endfacet
facet normal 0 0 0
outer loop
vertex -2.643675e-02 1.123222e+00 1.948711e-01
vertex -5.672392e-03 1.128720e+00 1.955343e-01
vertex -2.859567e-02 1.134476e+00 1.960844e-01
endloop
endfacet
facet normal 0 0 0
outer loop
vertex -1.169437e-01 1.013016e+00 -4.221820e-02
vertex -1.183717e-01 1.045278e+00 -4.167269e-02
vertex -1.162748e-01 1.038574e+00 -5.130560e-02
endloop
endfacet
facet normal 0 0 0
outer loop
vertex -1.176313e-01 1.012880e+00 -4.198609e-02
vertex -1.183717e-01 1.045278e+00 -4.167269e-02
vertex -1.169437e-01 1.013016e+00 -4.221820e-02
endloop
endfacet
facet normal 0 0 0
outer loop
vertex -2.839240e-02 1.434416e+00 5.574993e-02
vertex -2.711479e-02 1.436070e+00 9.431631e-02
vertex -8.444412e-03 1.429718e+00 9.377772e-02
endloop
endfacet
facet normal 0 0 0
outer loop
vertex 5.217909e-02 1.252735e+00 2.083571e-01
vertex 6.780396e-02 1.252512e+00 2.084060e-01
vertex 6.752391e-02 1.271729e+00 2.103057e-01
endloop
endfacet
facet normal 0 0 0
outer loop
vertex -5.676102e-02 1.081042e+00 1.208858e-01
vertex -2.354849e-02 1.082111e+00 1.224392e-01
vertex -5.086743e-02 1.087420e+00 1.127404e-01
endloop
endfacet
facet normal 0 0 0
outer loop
vertex -2.051517e-01 1.349144e+00 8.488430e-02
vertex -2.059183e-01 1.332898e+00 4.487046e-02
vertex -2.114572e-01 1.330665e+00 8.303084e-02
endloop
endfacet
facet normal 0 0 0
outer loop
vertex 1.654578e-02 1.131023e+00 1.776919e-01
vertex -3.626747e-03 1.121302e+00 1.862793e-01
vertex -3.817671e-03 1.122792e+00 1.767252e-01
endloop
endfacet
facet normal 0 0 0
outer loop
vertex -1.098337e-01 1.438538e+00 2.236905e-01
vertex -8.871158e-02 1.445406e+00 2.181437e-01
vertex -1.103416e-01 1.441169e+00 2.176180e-01
endloop
endfacet
facet normal 0 0 0
outer loop
vertex -9.005645e-02 1.117791e+00 1.759414e-01
vertex -8.971037e-02 1.121113e+00 1.640615e-01
vertex -6.849635e-02 1.118574e+00 1.638370e-01
endloop
endfacet
facet normal 0 0 0
outer loop
vertex 1.400124e-02 1.371788e+00 2.199101e-01
vertex -1.065666e-03 1.366305e+00 2.192900e-01
vertex -5.246229e-03 1.346578e+00 2.173276e-01
endloop
endfacet
facet normal 0 0 0
outer loop
vertex -2.310133e-01 1.301593e+00 2.096506e-01
vertex -2.330940e-01 1.302117e+00 2.033588e-01
vertex -2.324608e-01 1.280061e+00 2.075174e-01
endloop
endfacet
facet normal 0 0 0
outer loop
vertex -1.000740e-01 1.404229e+00 2.225233e-01
vertex -9.469070e-02 1.384387e+00 2.205903e-01
vertex -8.074747e-02 1.408259e+00 2.230197e-01
endloop
endfacet
facet normal 0 0 0
outer loop
vertex -4.443747e-02 1.110816e+00 1.031040e-01
vertex -2.331126e-02 1.112021e+00 1.044412e-01
vertex -2.441971e-02 1.123276e+00 1.057644e-01
endloop
endfacet
facet normal 0 0 0
outer loop
vertex -8.133142e-02 1.086661e+00 1.001722e-01
vertex -6.962034e-02 1.093765e+00 9.449115e-02
vertex -7.672982e-02 1.095964e+00 5.750096e-02
endloop
endfacet
facet normal 0 0 0
outer loop
vertex 1.438091e-02 1.189393e+00 2.018741e-01
vertex 3.623769e-02 1.182651e+00 2.012790e-01
vertex 2.636346e-02 1.196372e+00 2.026273e-01
endloop
endfacet
facet normal 0 0 0
outer loop
vertex -1.828824e-02 1.236525e+00 2.064282e-01
vertex 3.815919e-02 1.235097e+00 2.065436e-01
vertex 3.268244e-02 1.248509e+00 2.078510e-01
endloop
endfacet
facet normal 0 0 0
outer loop
vertex -1.286021e-01 1.425410e+00 2.244077e-01
vertex -1.305891e-01 1.431546e+00 2.228959e-01
vertex -1.502402e-01 1.421932e+00 2.218467e-01
endloop
endfacet
facet normal 0 0 0
outer loop
vertex 5.217909e-02 1.252735e+00 2.083571e-01
vertex 2.786702e-02 1.265703e+00 2.095243e-01
vertex 3.268244e-02 1.248509e+00 2.078510e-01
endloop
endfacet
facet normal 0 0 0
outer loop
vertex -1.963156e-01 1.351600e+00 1.929264e-02
vertex -2.001692e-01 1.350455e+00 4.658612e-02
vertex -1.881377e-01 1.368071e+00 2.096573e-02
endloop
endfacet
facet normal 0 0 0
outer loop
vertex 2.809887e-02 1.168228e+00 6.730606e-02
vertex 1.747000e-02 1.155185e+00 6.544881e-02
vertex 2.463381e-02 1.177848e+00 3.005570e-02
endloop
endfacet
facet normal 0 0 0
outer loop
vertex -8.999854e-02 1.123082e+00 1.946655e-01
vertex -1.102108e-01 1.127790e+00 1.950882e-01
vertex -1.110328e-01 1.122164e+00 1.923822e-01
endloop
endfacet
facet normal 0 0 0
outer loop
vertex 8.934157e-02 1.317980e+00 2.149816e-01
vertex 9.978309e-02 1.298029e+00 2.109504e-01
vertex 9.541985e-02 1.319759e+00 2.130755e-01
endloop
endfacet
facet normal 0 0 0
outer loop
vertex 1.712368e-02 1.424060e+00 1.946853e-01
vertex 3.641867e-02 1.412120e+00 2.058513e-01
vertex 3.530313e-02 1.411912e+00 1.935836e-01
endloop
endfacet
facet normal 0 0 0
outer loop
vertex -1.881377e-01 1.368071e+00 2.096573e-02
vertex -1.778595e-01 1.383328e+00 2.252862e-02
vertex -1.754560e-01 1.383507e+00 2.727801e-03
endloop
endfacet
facet normal 0 0 0
outer loop
vertex -1.286021e-01 1.425410e+00 2.244077e-01
vertex -1.473236e-01 1.416098e+00 2.234596e-01
vertex -1.244505e-01 1.414743e+00 2.234379e-01
endloop
endfacet
facet normal 0 0 0
outer loop
vertex -1.356171e-01 8.456021e-02 1.744371e-01
vertex -1.354110e-01 9.872222e-02 1.740231e-01
vertex -1.446544e-01 9.537551e-02 1.417857e-01
endloop
endfacet
facet normal 0 0 0
outer loop
vertex -8.430132e-02 1.425299e+00 2.246812e-01
vertex -1.000740e-01 1.404229e+00 2.225233e-01
vertex -8.074747e-02 1.408259e+00 2.230197e-01
endloop
endfacet
facet normal 0 0 0
outer loop
vertex 1.425722e-02 1.416098e+00 2.242810e-01
vertex -3.802847e-03 1.425142e+00 2.250809e-01
vertex -4.864466e-03 1.412762e+00 2.238528e-01
endloop
endfacet
facet normal 0 0 0
outer loop
vertex 4.700410e-02 1.347584e+00 2.176921e-01
vertex 4.529007e-02 1.368747e+00 2.197724e-01
vertex 1.787739e-02 1.336439e+00 2.164456e-01
endloop
endfacet
facet normal 0 0 0
outer loop
vertex 8.570401e-02 1.289817e+00 8.049243e-02
vertex 9.018379e-02 1.264993e+00 1.164823e-01
vertex 8.448901e-02 1.269964e+00 7.852509e-02
endloop
endfacet
facet normal 0 0 0
outer loop
vertex 2.800502e-02 1.105895e+00 5.433692e-02
vertex 2.517194e-02 1.108150e+00 2.130524e-02
vertex 2.102709e-02 1.115031e+00 2.554615e-02
endloop
endfacet
facet normal 0 0 0
outer loop
vertex 2.517194e-02 1.108150e+00 2.130524e-02
vertex 2.800502e-02 1.105895e+00 5.433692e-02
vertex 4.013512e-02 1.101413e+00 5.083873e-02
endloop
endfacet
facet normal 0 0 0
outer loop
vertex 7.848933e-02 1.360468e+00 2.170110e-01
vertex 8.233988e-02 1.338497e+00 2.169759e-01
vertex 8.830561e-02 1.340662e+00 2.151081e-01
endloop
endfacet
facet normal 0 0 0
outer loop
vertex -3.609491e-02 1.408622e+00 2.232832e-01
vertex -3.005550e-02 1.393789e+00 2.218493e-01
vertex -4.864466e-03 1.412762e+00 2.238528e-01
endloop
endfacet
facet normal 0 0 0
outer loop
vertex 7.848933e-02 1.360468e+00 2.170110e-01
vertex 8.043505e-02 1.361889e+00 2.108281e-01
vertex 6.809705e-02 1.380331e+00 2.125874e-01
endloop
endfacet
facet normal 0 0 0
outer loop
vertex 9.411234e-02 1.261571e+00 1.435924e-01
vertex 9.140815e-02 1.285690e+00 1.185309e-01
vertex 9.538186e-02 1.282825e+00 1.456984e-01
endloop
endfacet
facet normal 0 0 0
outer loop
vertex 8.929761e-02 1.232642e+00 2.065164e-01
vertex 9.354258e-02 1.253439e+00 2.086109e-01
vertex 8.294141e-02 1.253085e+00 2.085299e-01
endloop
endfacet
facet normal 0 0 0
outer loop
vertex -2.668158e-02 1.129700e+00 1.297001e-01
vertex -2.603589e-02 1.124637e+00 1.489832e-01
vertex -4.713968e-02 1.122654e+00 1.487124e-01
endloop
endfacet
facet normal 0 0 0
outer loop
vertex 8.043505e-02 1.361889e+00 2.108281e-01
vertex 8.830561e-02 1.340662e+00 2.151081e-01
vertex 9.030608e-02 1.341951e+00 2.089127e-01
endloop
endfacet
facet normal 0 0 0
outer loop
vertex 7.848933e-02 1.360468e+00 2.170110e-01
vertex 6.623130e-02 1.378745e+00 2.187546e-01
vertex 7.268032e-02 1.357895e+00 2.188388e-01
endloop
endfacet
facet normal 0 0 0
outer loop
vertex 9.755475e-02 1.232643e+00 1.981092e-01
vertex 1.019248e-01 1.254523e+00 2.003138e-01
vertex 9.980088e-02 1.253840e+00 2.065668e-01
endloop
endfacet
facet normal 0 0 0
outer loop
vertex 2.635341e-02 1.298558e+00 2.127566e-01
vertex 3.426371e-03 1.278634e+00 2.106833e-01
vertex 2.599141e-02 1.283103e+00 2.112349e-01
endloop
endfacet
facet normal 0 0 0
outer loop
vertex 6.623130e-02 1.378745e+00 2.187546e-01
vertex 6.809705e-02 1.380331e+00 2.125874e-01
vertex 5.343708e-02 1.397027e+00 2.141569e-01
endloop
endfacet
facet normal 0 0 0
outer loop
vertex 6.460793e-02 1.233953e+00 2.065449e-01
vertex 3.268244e-02 1.248509e+00 2.078510e-01
vertex 3.815919e-02 1.235097e+00 2.065436e-01
endloop
endfacet
facet normal 0 0 0
outer loop
vertex 3.268244e-02 1.248509e+00 2.078510e-01
vertex 6.460793e-02 1.233953e+00 2.065449e-01
vertex 5.217909e-02 1.252735e+00 2.083571e-01
endloop
endfacet
facet normal 0 0 0
outer loop
vertex -5.622256e-02 3.954037e-01 1.244376e-01
vertex -6.773370e-02 3.783618e-01 8.024244e-02
vertex -5.218806e-02 4.607576e-01 7.195605e-02
endloop
endfacet
facet normal 0 0 0
outer loop
vertex 7.848933e-02 1.360468e+00 2.170110e-01
vertex 8.830561e-02 1.340662e+00 2.151081e-01
vertex 8.043505e-02 1.361889e+00 2.108281e-01
endloop
endfacet
facet normal 0 0 0
outer loop
vertex 1.019248e-01 1.254523e+00 2.003138e-01
vertex 1.027530e-01 1.277833e+00 1.929230e-01
vertex 1.033181e-01 1.276859e+00 2.025347e-01
endloop
endfacet
facet normal 0 0 0
outer loop
vertex 1.019248e-01 1.254523e+00 2.003138e-01
vertex 1.033181e-01 1.276859e+00 2.025347e-01
vertex 1.012166e-01 1.275977e+00 2.087686e-01
endloop
endfacet
facet normal 0 0 0
outer loop
vertex -1.337232e-01 5.405269e-01 -5.507952e-02
vertex -9.767687e-02 5.070897e-01 -5.660199e-02
vertex -1.340978e-01 5.098796e-01 -3.426317e-02
endloop
endfacet
facet normal 0 0 0
outer loop
vertex 1.425722e-02 1.416098e+00 2.242810e-01
vertex -4.864466e-03 1.412762e+00 2.238528e-01
vertex 7.175545e-04 1.397241e+00 2.223494e-01
endloop
endfacet
facet normal 0 0 0
outer loop
vertex 6.623130e-02 1.378745e+00 2.187546e-01
vertex 6.065262e-02 1.375691e+00 2.205358e-01
vertex 7.268032e-02 1.357895e+00 2.188388e-01
endloop
endfacet
facet normal 0 0 0
outer loop
vertex -1.297092e-01 1.372688e+00 2.192624e-01
vertex -9.469070e-02 1.384387e+00 2.205903e-01
vertex -1.356867e-01 1.393923e+00 2.213290e-01
endloop
endfacet
facet normal 0 0 0
outer loop
vertex 1.018596e-01 1.299058e+00 2.047305e-01
vertex 9.541985e-02 1.319759e+00 2.130755e-01
vertex 9.978309e-02 1.298029e+00 2.109504e-01
endloop
endfacet
facet normal 0 0 0
outer loop
vertex 9.499341e-02 1.275030e+00 2.107579e-01
vertex 9.980088e-02 1.253840e+00 2.065668e-01
vertex 1.012166e-01 1.275977e+00 2.087686e-01
endloop
endfacet
facet normal 0 0 0
outer loop
vertex 8.294141e-02 1.253085e+00 2.085299e-01
vertex 9.354258e-02 1.253439e+00 2.086109e-01
vertex 9.499341e-02 1.275030e+00 2.107579e-01
endloop
endfacet
facet normal 0 0 0
outer loop
vertex 7.945184e-02 1.233511e+00 2.065632e-01
vertex 8.929761e-02 1.232642e+00 2.065164e-01
vertex 8.294141e-02 1.253085e+00 2.085299e-01
endloop
endfacet
facet normal 0 0 0
outer loop
vertex 7.921438e-02 1.346016e+00 1.244252e-01
vertex 6.518882e-02 1.365573e+00 8.786885e-02
vertex 7.003646e-02 1.364486e+00 1.261966e-01
endloop
endfacet
facet normal 0 0 0
outer loop
vertex -2.371504e-02 1.088461e+00 1.145931e-01
vertex 1.840557e-03 1.099791e+00 1.013484e-01
vertex -2.227464e-02 1.096721e+00 1.052902e-01
endloop
endfacet
facet normal 0 0 0
outer loop
vertex -2.227464e-02 1.096721e+00 1.052902e-01
vertex 1.840557e-03 1.099791e+00 1.013484e-01
vertex -1.769357e-04 1.106406e+00 9.993538e-02
endloop
endfacet
facet normal 0 0 0
outer loop
vertex 4.988276e-03 1.260567e+00 2.089076e-01
vertex -2.743481e-02 1.270237e+00 2.097031e-01
vertex -1.989979e-02 1.258886e+00 2.086209e-01
endloop
endfacet
facet normal 0 0 0
outer loop
vertex 3.426371e-03 1.278634e+00 2.106833e-01
vertex -2.743481e-02 1.270237e+00 2.097031e-01
vertex 4.988276e-03 1.260567e+00 2.089076e-01
endloop
endfacet
facet normal 0 0 0
outer loop
vertex 7.268032e-02 1.357895e+00 2.188388e-01
vertex 8.233988e-02 1.338497e+00 2.169759e-01
vertex 7.848933e-02 1.360468e+00 2.170110e-01
endloop
endfacet
facet normal 0 0 0
outer loop
vertex 9.354258e-02 1.253439e+00 2.086109e-01
vertex 8.929761e-02 1.232642e+00 2.065164e-01
vertex 9.545781e-02 1.232240e+00 2.043903e-01
endloop
endfacet
facet normal 0 0 0
outer loop
vertex 9.354258e-02 1.253439e+00 2.086109e-01
vertex 9.545781e-02 1.232240e+00 2.043903e-01
vertex 9.980088e-02 1.253840e+00 2.065668e-01
endloop
endfacet
facet normal 0 0 0
outer loop
vertex 6.752391e-02 1.271729e+00 2.103057e-01
vertex 8.294141e-02 1.253085e+00 2.085299e-01
vertex 9.499341e-02 1.275030e+00 2.107579e-01
endloop
endfacet
facet normal 0 0 0
outer loop
vertex 9.533532e-02 1.235505e+00 1.764465e-01
vertex 9.288400e-02 1.237807e+00 1.610563e-01
vertex 9.962153e-02 1.257079e+00 1.786177e-01
endloop
endfacet
facet normal 0 0 0
outer loop
vertex -2.267578e-01 1.237385e+00 2.033316e-01
vertex -2.206705e-01 1.238749e+00 2.056090e-01
vertex -2.309999e-01 1.258559e+00 2.054052e-01
endloop
endfacet
facet normal 0 0 0
outer loop
vertex 5.781999e-02 1.204576e+00 2.035785e-01
vertex 5.129695e-02 1.219533e+00 2.050490e-01
vertex 5.053782e-02 1.209090e+00 2.040040e-01
endloop
endfacet
facet normal 0 0 0
outer loop
vertex 3.235200e-02 1.148308e+00 1.977579e-01
vertex 5.191343e-02 1.156650e+00 1.965899e-01
vertex 4.856946e-02 1.161971e+00 1.992460e-01
endloop
endfacet
facet normal 0 0 0
outer loop
vertex 4.988276e-03 1.260567e+00 2.089076e-01
vertex 2.786702e-02 1.265703e+00 2.095243e-01
vertex 2.599141e-02 1.283103e+00 2.112349e-01
endloop
endfacet
facet normal 0 0 0
outer loop
vertex 4.988276e-03 1.260567e+00 2.089076e-01
vertex 3.268244e-02 1.248509e+00 2.078510e-01
vertex 2.786702e-02 1.265703e+00 2.095243e-01
endloop
endfacet
facet normal 0 0 0
outer loop
vertex 4.856946e-02 1.161971e+00 1.992460e-01
vertex 2.797013e-02 1.158229e+00 1.987915e-01
vertex 3.235200e-02 1.148308e+00 1.977579e-01
endloop
endfacet
facet normal 0 0 0
outer loop
vertex -6.773370e-02 3.783618e-01 8.024244e-02
vertex -6.604613e-02 4.110922e-01 4.790383e-02
vertex -5.218806e-02 4.607576e-01 7.195605e-02
endloop
endfacet
facet normal 0 0 0
outer loop
vertex -1.892235e-03 1.182621e+00 2.011228e-01
vertex 1.438091e-02 1.189393e+00 2.018741e-01
vertex -7.876672e-03 1.201059e+00 2.029563e-01
endloop
endfacet
facet normal 0 0 0
outer loop
vertex 1.047992e-02 1.147693e+00 1.976262e-01
vertex 2.797013e-02 1.158229e+00 1.987915e-01
vertex 4.820104e-03 1.163819e+00 1.992946e-01
endloop
endfacet
facet normal 0 0 0
outer loop
vertex -1.463339e-02 1.216963e+00 2.045023e-01
vertex 8.320469e-03 1.206538e+00 2.035733e-01
vertex -1.828824e-02 1.236525e+00 2.064282e-01
endloop
endfacet
facet normal 0 0 0
outer loop
vertex -6.604613e-02 4.110922e-01 4.790383e-02
vertex -6.435856e-02 4.438227e-01 1.556522e-02
vertex -5.218806e-02 4.607576e-01 7.195605e-02
endloop
endfacet
facet normal 0 0 0
outer loop
vertex -2.743481e-02 1.270237e+00 2.097031e-01
vertex -7.904745e-03 1.289964e+00 2.117380e-01
vertex -3.684846e-02 1.286333e+00 2.112322e-01
endloop
endfacet
facet normal 0 0 0
outer loop
vertex -2.743481e-02 1.270237e+00 2.097031e-01
vertex -5.599460e-02 1.263622e+00 2.089049e-01
vertex -4.048337e-02 1.250713e+00 2.077107e-01
endloop
endfacet
facet normal 0 0 0
outer loop
vertex 3.270965e-02 1.152682e+00 1.315057e-01
vertex 1.473745e-02 1.137268e+00 1.505146e-01
vertex 1.478018e-02 1.141787e+00 1.297445e-01
endloop
endfacet
facet normal 0 0 0
outer loop
vertex -4.126304e-03 1.122768e+00 1.927775e-01
vertex 1.610491e-02 1.131094e+00 1.937471e-01
vertex -5.672392e-03 1.128720e+00 1.955343e-01
endloop
endfacet
facet normal 0 0 0
outer loop
vertex 3.815919e-02 1.235097e+00 2.065436e-01
vertex -1.828824e-02 1.236525e+00 2.064282e-01
vertex 2.369639e-02 1.211945e+00 2.041788e-01
endloop
endfacet
facet normal 0 0 0
outer loop
vertex 6.065262e-02 1.375691e+00 2.205358e-01
vertex 4.662042e-02 1.391527e+00 2.220233e-01
vertex 4.529007e-02 1.368747e+00 2.197724e-01
endloop
endfacet
facet normal 0 0 0
outer loop
vertex -5.554749e-02 1.279661e+00 2.104800e-01
vertex -5.599460e-02 1.263622e+00 2.089049e-01
vertex -3.684846e-02 1.286333e+00 2.112322e-01
endloop
endfacet
facet normal 0 0 0
outer loop
vertex 5.217909e-02 1.252735e+00 2.083571e-01
vertex 2.599141e-02 1.283103e+00 2.112349e-01
vertex 2.786702e-02 1.265703e+00 2.095243e-01
endloop
endfacet
facet normal 0 0 0
outer loop
vertex 1.027530e-01 1.277833e+00 1.929230e-01
vertex 1.019248e-01 1.254523e+00 2.003138e-01
vertex 1.013762e-01 1.255573e+00 1.907110e-01
endloop
endfacet
facet normal 0 0 0
outer loop
vertex 7.594024e-02 1.292415e+00 2.123941e-01
vertex 6.752391e-02 1.271729e+00 2.103057e-01
vertex 9.499341e-02 1.275030e+00 2.107579e-01
endloop
endfacet
facet normal 0 0 0
outer loop
vertex 3.426371e-03 1.278634e+00 2.106833e-01
vertex 4.988276e-03 1.260567e+00 2.089076e-01
vertex 2.599141e-02 1.283103e+00 2.112349e-01
endloop
endfacet
facet normal 0 0 0
outer loop
vertex -2.859567e-02 1.134476e+00 1.960844e-01
vertex -5.672392e-03 1.128720e+00 1.955343e-01
vertex -8.558849e-03 1.139802e+00 1.967206e-01
endloop
endfacet
facet normal 0 0 0
outer loop
vertex -1.828824e-02 1.236525e+00 2.064282e-01
vertex 4.988276e-03 1.260567e+00 2.089076e-01
vertex -1.989979e-02 1.258886e+00 2.086209e-01
endloop
endfacet
facet normal 0 0 0
outer loop
vertex -2.553298e-02 1.120429e+00 1.641431e-01
vertex -2.511056e-02 1.117438e+00 1.760685e-01
vertex -4.676880e-02 1.115006e+00 1.757475e-01
endloop
endfacet
facet normal 0 0 0
outer loop
vertex 2.599141e-02 1.283103e+00 2.112349e-01
vertex 5.217909e-02 1.252735e+00 2.083571e-01
vertex 4.543718e-02 1.287295e+00 2.117430e-01
endloop
endfacet
facet normal 0 0 0
outer loop
vertex -1.989979e-02 1.258886e+00 2.086209e-01
vertex -2.743481e-02 1.270237e+00 2.097031e-01
vertex -4.048337e-02 1.250713e+00 2.077107e-01
endloop
endfacet
facet normal 0 0 0
outer loop
vertex -2.643675e-02 1.123222e+00 1.948711e-01
vertex -2.530826e-02 1.117263e+00 1.921093e-01
vertex -4.126304e-03 1.122768e+00 1.927775e-01
endloop
endfacet
facet normal 0 0 0
outer loop
vertex 4.988276e-03 1.260567e+00 2.089076e-01
vertex -1.828824e-02 1.236525e+00 2.064282e-01
vertex 3.268244e-02 1.248509e+00 2.078510e-01
endloop
endfacet
facet normal 0 0 0
outer loop
vertex -1.065666e-03 1.366305e+00 2.192900e-01
vertex 1.400124e-02 1.371788e+00 2.199101e-01
vertex 6.760421e-03 1.384615e+00 2.211399e-01
endloop
endfacet
facet normal 0 0 0
outer loop
vertex 3.113143e-02 1.404935e+00 2.232685e-01
vertex 1.400124e-02 1.371788e+00 2.199101e-01
vertex 4.662042e-02 1.391527e+00 2.220233e-01
endloop
endfacet
facet normal 0 0 0
outer loop
vertex -1.102108e-01 1.127790e+00 1.950882e-01
vertex -8.999854e-02 1.123082e+00 1.946655e-01
vertex -8.993237e-02 1.133428e+00 1.957622e-01
endloop
endfacet
facet normal 0 0 0
outer loop
vertex 3.494651e-02 1.142560e+00 1.950431e-01
vertex 3.235200e-02 1.148308e+00 1.977579e-01
vertex 1.409052e-02 1.137013e+00 1.964938e-01
endloop
endfacet
facet normal 0 0 0
outer loop
vertex -3.684846e-02 1.286333e+00 2.112322e-01
vertex -5.599460e-02 1.263622e+00 2.089049e-01
vertex -2.743481e-02 1.270237e+00 2.097031e-01
endloop
endfacet
facet normal 0 0 0
outer loop
vertex -1.456985e-01 5.260912e-01 2.740060e-02
vertex -1.459968e-01 4.609877e-01 7.374756e-02
vertex -1.327727e-01 5.456710e-01 8.952151e-02
endloop
endfacet
facet normal 0 0 0
outer loop
vertex 3.235200e-02 1.148308e+00 1.977579e-01
vertex 1.047992e-02 1.147693e+00 1.976262e-01
vertex 1.409052e-02 1.137013e+00 1.964938e-01
endloop
endfacet
facet normal 0 0 0
outer loop
vertex -1.044844e-01 1.345412e-01 1.043233e-01
vertex -1.037199e-01 2.111713e-01 1.096074e-01
vertex -7.478146e-02 1.353432e-01 1.161564e-01
endloop
endfacet
facet normal 0 0 0
outer loop
vertex -3.684846e-02 1.286333e+00 2.112322e-01
vertex -6.901848e-02 1.293913e+00 2.118152e-01
vertex -5.554749e-02 1.279661e+00 2.104800e-01
endloop
endfacet
facet normal 0 0 0
outer loop
vertex -1.265090e-01 1.142892e+00 1.965245e-01
vertex -1.291061e-01 1.134609e+00 1.957191e-01
vertex -1.090697e-01 1.137308e+00 1.960873e-01
endloop
endfacet
facet normal 0 0 0
outer loop
vertex -1.958320e-02 1.308016e+00 2.134576e-01
vertex -7.904745e-03 1.289964e+00 2.117380e-01
vertex 2.701584e-02 1.320290e+00 2.149041e-01
endloop
endfacet
facet normal 0 0 0
outer loop
vertex -4.877616e-02 1.127853e+00 1.298805e-01
vertex -2.668158e-02 1.129700e+00 1.297001e-01
vertex -4.713968e-02 1.122654e+00 1.487124e-01
endloop
endfacet
facet normal 0 0 0
outer loop
vertex -4.530327e-02 1.122133e+00 1.050794e-01
vertex -4.443747e-02 1.110816e+00 1.031040e-01
vertex -2.441971e-02 1.123276e+00 1.057644e-01
endloop
endfacet
facet normal 0 0 0
outer loop
vertex -7.904745e-03 1.289964e+00 2.117380e-01
vertex -1.958320e-02 1.308016e+00 2.134576e-01
vertex -3.684846e-02 1.286333e+00 2.112322e-01
endloop
endfacet
facet normal 0 0 0
outer loop
vertex -1.989979e-02 1.258886e+00 2.086209e-01
vertex -4.048337e-02 1.250713e+00 2.077107e-01
vertex -1.828824e-02 1.236525e+00 2.064282e-01
endloop
endfacet
facet normal 0 0 0
outer loop
vertex -3.499682e-02 1.232208e+00 2.059190e-01
vertex -1.463339e-02 1.216963e+00 2.045023e-01
vertex -1.828824e-02 1.236525e+00 2.064282e-01
endloop
endfacet
facet normal 0 0 0
outer loop
vertex 8.430302e-02 1.063258e+00 5.946200e-02
vertex 7.704738e-02 1.068152e+00 6.203698e-02
vertex 7.894608e-02 1.027137e+00 7.094935e-02
endloop
endfacet
facet normal 0 0 0
outer loop
vertex -4.987455e-03 1.135074e+00 1.121681e-01
vertex 1.478018e-02 1.141787e+00 1.297445e-01
vertex -5.149978e-03 1.134628e+00 1.290284e-01
endloop
endfacet
facet normal 0 0 0
outer loop
vertex 1.400124e-02 1.371788e+00 2.199101e-01
vertex 4.529007e-02 1.368747e+00 2.197724e-01
vertex 4.662042e-02 1.391527e+00 2.220233e-01
endloop
endfacet
facet normal 0 0 0
outer loop
vertex -4.864466e-03 1.412762e+00 2.238528e-01
vertex -3.005550e-02 1.393789e+00 2.218493e-01
vertex 7.175545e-04 1.397241e+00 2.223494e-01
endloop
endfacet
facet normal 0 0 0
outer loop
vertex 1.400124e-02 1.371788e+00 2.199101e-01
vertex 1.977784e-02 1.355996e+00 2.183854e-01
vertex 4.529007e-02 1.368747e+00 2.197724e-01
endloop
endfacet
facet normal 0 0 0
outer loop
vertex -3.223037e-02 1.151852e+00 1.979160e-01
vertex -1.918886e-02 1.176791e+00 2.004586e-01
vertex -3.711792e-02 1.172051e+00 1.999041e-01
endloop
endfacet
facet normal 0 0 0
outer loop
vertex -3.838010e-02 1.426932e+00 2.250770e-01
vertex -2.314650e-02 1.431892e+00 2.256452e-01
vertex -4.377247e-02 1.436143e+00 2.259605e-01
endloop
endfacet
facet normal 0 0 0
outer loop
vertex -4.864466e-03 1.412762e+00 2.238528e-01
vertex -2.070697e-02 1.421185e+00 2.246003e-01
vertex -3.609491e-02 1.408622e+00 2.232832e-01
endloop
endfacet
facet normal 0 0 0
outer loop
vertex -1.751423e-01 1.382356e+00 2.199930e-01
vertex -1.601261e-01 1.394872e+00 2.213017e-01
vertex -1.807000e-01 1.390532e+00 2.207733e-01
endloop
endfacet
facet normal 0 0 0
outer loop
vertex -3.609491e-02 1.408622e+00 2.232832e-01
vertex -5.835385e-02 1.391378e+00 2.214649e-01
vertex -3.005550e-02 1.393789e+00 2.218493e-01
endloop
endfacet
facet normal 0 0 0
outer loop
vertex 2.797013e-02 1.158229e+00 1.987915e-01
vertex 2.155213e-02 1.172544e+00 2.002509e-01
vertex 4.820104e-03 1.163819e+00 1.992946e-01
endloop
endfacet
facet normal 0 0 0
outer loop
vertex 3.113143e-02 1.404935e+00 2.232685e-01
vertex 3.536325e-02 1.409532e+00 2.216330e-01
vertex 1.731596e-02 1.421577e+00 2.227265e-01
endloop
endfacet
facet normal 0 0 0
outer loop
vertex 1.977784e-02 1.355996e+00 2.183854e-01
vertex 1.787739e-02 1.336439e+00 2.164456e-01
vertex 4.529007e-02 1.368747e+00 2.197724e-01
endloop
endfacet
facet normal 0 0 0
outer loop
vertex 6.760421e-03 1.384615e+00 2.211399e-01
vertex 7.175545e-04 1.397241e+00 2.223494e-01
vertex -6.279670e-03 1.380666e+00 2.206806e-01
endloop
endfacet
facet normal 0 0 0
outer loop
vertex -3.802847e-03 1.425142e+00 2.250809e-01
vertex 1.425722e-02 1.416098e+00 2.242810e-01
vertex 1.731596e-02 1.421577e+00 2.227265e-01
endloop
endfacet
facet normal 0 0 0
outer loop
vertex -3.802847e-03 1.425142e+00 2.250809e-01
vertex 1.731596e-02 1.421577e+00 2.227265e-01
vertex -2.093853e-03 1.431197e+00 2.235759e-01
endloop
endfacet
facet normal 0 0 0
outer loop
vertex -2.314650e-02 1.431892e+00 2.256452e-01
vertex -3.802847e-03 1.425142e+00 2.250809e-01
vertex -2.093853e-03 1.431197e+00 2.235759e-01
endloop
endfacet
facet normal 0 0 0
outer loop
vertex -3.802847e-03 1.425142e+00 2.250809e-01
vertex -2.070697e-02 1.421185e+00 2.246003e-01
vertex -4.864466e-03 1.412762e+00 2.238528e-01
endloop
endfacet
facet normal 0 0 0
outer loop
vertex -6.461259e-02 1.056415e+00 1.227442e-01
vertex -1.041258e-01 9.996835e-01 1.138797e-01
vertex -6.881040e-02 9.952701e-01 1.232063e-01
endloop
endfacet
facet normal 0 0 0
outer loop
vertex -2.306380e-01 1.303897e+00 1.815980e-01
vertex -2.293695e-01 1.283987e+00 1.640247e-01
vertex -2.320392e-01 1.282500e+00 1.794796e-01
endloop
endfacet
facet normal 0 0 0
outer loop
vertex -5.835385e-02 1.391378e+00 2.214649e-01
vertex -9.469070e-02 1.384387e+00 2.205903e-01
vertex -8.859081e-02 1.364709e+00 2.186834e-01
endloop
endfacet
facet normal 0 0 0
outer loop
vertex -6.279670e-03 1.380666e+00 2.206806e-01
vertex -4.748460e-02 1.374800e+00 2.198886e-01
vertex -3.362259e-02 1.358098e+00 2.183124e-01
endloop
endfacet
facet normal 0 0 0
outer loop
vertex -3.005550e-02 1.393789e+00 2.218493e-01
vertex -6.279670e-03 1.380666e+00 2.206806e-01
vertex 7.175545e-04 1.397241e+00 2.223494e-01
endloop
endfacet
facet normal 0 0 0
outer loop
vertex -9.469070e-02 1.384387e+00 2.205903e-01
vertex -1.000740e-01 1.404229e+00 2.225233e-01
vertex -1.356867e-01 1.393923e+00 2.213290e-01
endloop
endfacet
facet normal 0 0 0
outer loop
vertex -4.748460e-02 1.374800e+00 2.198886e-01
vertex -6.279670e-03 1.380666e+00 2.206806e-01
vertex -3.005550e-02 1.393789e+00 2.218493e-01
endloop
endfacet
facet normal 0 0 0
outer loop
vertex -3.362259e-02 1.358098e+00 2.183124e-01
vertex -1.065666e-03 1.366305e+00 2.192900e-01
vertex -6.279670e-03 1.380666e+00 2.206806e-01
endloop
endfacet
facet normal 0 0 0
outer loop
vertex -5.835385e-02 1.391378e+00 2.214649e-01
vertex -4.748460e-02 1.374800e+00 2.198886e-01
vertex -3.005550e-02 1.393789e+00 2.218493e-01
endloop
endfacet
facet normal 0 0 0
outer loop
vertex 3.187707e-02 1.411006e+00 1.580199e-01
vertex 3.371226e-02 1.411403e+00 1.779082e-01
vertex 4.988923e-02 1.397238e+00 1.765943e-01
endloop
endfacet
facet normal 0 0 0
outer loop
vertex 4.820104e-03 1.163819e+00 1.992946e-01
vertex 2.155213e-02 1.172544e+00 2.002509e-01
vertex -1.892235e-03 1.182621e+00 2.011228e-01
endloop
endfacet
facet normal 0 0 0
outer loop
vertex 9.411234e-02 1.261571e+00 1.435924e-01
vertex 9.708628e-02 1.259042e+00 1.631915e-01
vertex 9.288400e-02 1.237807e+00 1.610563e-01
endloop
endfacet
facet normal 0 0 0
outer loop
vertex -1.892235e-03 1.182621e+00 2.011228e-01
vertex 2.155213e-02 1.172544e+00 2.002509e-01
vertex 1.438091e-02 1.189393e+00 2.018741e-01
endloop
endfacet
facet normal 0 0 0
outer loop
vertex -1.327871e-02 1.156907e+00 1.985093e-01
vertex -1.918886e-02 1.176791e+00 2.004586e-01
vertex -3.223037e-02 1.151852e+00 1.979160e-01
endloop
endfacet
facet normal 0 0 0
outer loop
vertex -2.668158e-02 1.129700e+00 1.297001e-01
vertex -4.877616e-02 1.127853e+00 1.298805e-01
vertex -4.892018e-02 1.129259e+00 1.136711e-01
endloop
endfacet
facet normal 0 0 0
outer loop
vertex 4.820104e-03 1.163819e+00 1.992946e-01
vertex -1.892235e-03 1.182621e+00 2.011228e-01
vertex -1.918886e-02 1.176791e+00 2.004586e-01
endloop
endfacet
facet normal 0 0 0
outer loop
vertex -2.643675e-02 1.123222e+00 1.948711e-01
vertex -4.126304e-03 1.122768e+00 1.927775e-01
vertex -5.672392e-03 1.128720e+00 1.955343e-01
endloop
endfacet
facet normal 0 0 0
outer loop
vertex 3.494651e-02 1.142560e+00 1.950431e-01
vertex 5.191343e-02 1.156650e+00 1.965899e-01
vertex 3.235200e-02 1.148308e+00 1.977579e-01
endloop
endfacet
facet normal 0 0 0
outer loop
vertex 2.072220e-02 1.184954e+00 4.044520e-03
vertex 2.463381e-02 1.177848e+00 3.005570e-02
vertex 1.003019e-02 1.165044e+00 2.656288e-02
endloop
endfacet
facet normal 0 0 0
outer loop
vertex -4.530327e-02 1.122133e+00 1.050794e-01
vertex -2.582126e-02 1.131326e+00 1.123004e-01
vertex -4.892018e-02 1.129259e+00 1.136711e-01
endloop
endfacet
facet normal 0 0 0
outer loop
vertex -2.582126e-02 1.131326e+00 1.123004e-01
vertex -2.668158e-02 1.129700e+00 1.297001e-01
vertex -4.892018e-02 1.129259e+00 1.136711e-01
endloop
endfacet
facet normal 0 0 0
outer loop
vertex -4.692160e-02 1.114683e+00 1.917700e-01
vertex -4.670659e-02 1.113328e+00 1.852818e-01
vertex -2.530826e-02 1.117263e+00 1.921093e-01
endloop
endfacet
facet normal 0 0 0
outer loop
vertex 1.003019e-02 1.165044e+00 2.656288e-02
vertex 1.393108e-02 1.143586e+00 3.074731e-02
vertex -7.916274e-03 1.158719e+00 1.690240e-02
endloop
endfacet
facet normal 0 0 0
outer loop
vertex -1.828824e-02 1.236525e+00 2.064282e-01
vertex -4.048337e-02 1.250713e+00 2.077107e-01
vertex -3.499682e-02 1.232208e+00 2.059190e-01
endloop
endfacet
facet normal 0 0 0
outer loop
vertex -8.294579e-02 4.094611e-01 4.154173e-02
vertex -6.435856e-02 4.438227e-01 1.556522e-02
vertex -6.604613e-02 4.110922e-01 4.790383e-02
endloop
endfacet
facet normal 0 0 0
outer loop
vertex -4.318006e-02 1.138003e+00 2.020802e-02
vertex -6.664100e-02 1.150356e+00 2.675162e-02
vertex -4.723360e-02 1.151951e+00 1.789764e-02
endloop
endfacet
facet normal 0 0 0
outer loop
vertex -6.664100e-02 1.150356e+00 2.675162e-02
vertex -6.637570e-02 1.159602e+00 1.806159e-03
vertex -4.723360e-02 1.151951e+00 1.789764e-02
endloop
endfacet
facet normal 0 0 0
outer loop
vertex 4.484138e-02 1.088004e+00 -2.908013e-02
vertex 2.057135e-02 1.088154e+00 -4.391456e-02
vertex 1.557353e-02 1.107255e+00 -2.683945e-02
endloop
endfacet
facet normal 0 0 0
outer loop
vertex -8.581945e-02 1.439984e+00 9.441759e-02
vertex -6.595615e-02 1.439399e+00 5.606045e-02
vertex -8.490420e-02 1.438190e+00 5.584804e-02
endloop
endfacet
facet normal 0 0 0
outer loop
vertex 9.538186e-02 1.282825e+00 1.456984e-01
vertex 9.708628e-02 1.259042e+00 1.631915e-01
vertex 9.411234e-02 1.261571e+00 1.435924e-01
endloop
endfacet
facet normal 0 0 0
outer loop
vertex 1.480545e-01 9.546546e-01 5.209097e-02
vertex 1.022344e-01 9.802396e-01 -4.779632e-03
vertex 1.316025e-01 9.864492e-01 2.637920e-02
endloop
endfacet
facet normal 0 0 0
outer loop
vertex 1.013762e-01 1.255573e+00 1.907110e-01
vertex 1.019248e-01 1.254523e+00 2.003138e-01
vertex 9.702756e-02 1.233772e+00 1.885152e-01
endloop
endfacet
facet normal 0 0 0
outer loop
vertex -1.362163e-01 1.177990e+00 2.543806e-03
vertex -1.516064e-01 1.187811e+00 3.355228e-03
vertex -1.497888e-01 1.191818e+00 -1.608052e-02
endloop
endfacet
facet normal 0 0 0
outer loop
vertex -5.672392e-03 1.128720e+00 1.955343e-01
vertex 1.409052e-02 1.137013e+00 1.964938e-01
vertex -8.558849e-03 1.139802e+00 1.967206e-01
endloop
endfacet
facet normal 0 0 0
outer loop
vertex 1.460101e-03 1.126150e+00 1.668700e-02
vertex 1.825954e-02 1.126071e+00 2.811808e-02
vertex 3.626278e-03 1.115769e+00 1.412054e-02
endloop
endfacet
facet normal 0 0 0
outer loop
vertex 1.091093e-02 4.923167e-01 -7.515747e-02
vertex 1.349232e-02 4.249816e-01 -1.140200e-01
vertex 6.893234e-03 4.454231e-01 -7.179192e-02
endloop
endfacet
facet normal 0 0 0
outer loop
vertex 6.893234e-03 4.454231e-01 -7.179192e-02
vertex 1.349232e-02 4.249816e-01 -1.140200e-01
vertex 3.630293e-03 3.972062e-01 -7.749893e-02
endloop
endfacet
facet normal 0 0 0
outer loop
vertex -4.415248e-03 1.125554e+00 1.647778e-01
vertex -3.817671e-03 1.122792e+00 1.767252e-01
vertex -2.553298e-02 1.120429e+00 1.641431e-01
endloop
endfacet
facet normal 0 0 0
outer loop
vertex 1.624481e-01 8.637930e-01 2.130078e-01
vertex 1.329190e-01 8.567744e-01 2.198154e-01
vertex 1.639718e-01 8.449789e-01 2.320125e-01
endloop
endfacet
facet normal 0 0 0
outer loop
vertex 1.654578e-02 1.131023e+00 1.776919e-01
vertex 1.678259e-02 1.129614e+00 1.872521e-01
vertex -3.626747e-03 1.121302e+00 1.862793e-01
endloop
endfacet
facet normal 0 0 0
outer loop
vertex 1.047992e-02 1.147693e+00 1.976262e-01
vertex 3.235200e-02 1.148308e+00 1.977579e-01
vertex 2.797013e-02 1.158229e+00 1.987915e-01
endloop
endfacet
facet normal 0 0 0
outer loop
vertex 8.086167e-02 4.966507e-01 -7.916810e-02
vertex 8.732004e-02 4.482705e-01 -7.705906e-02
vertex 8.087838e-02 4.271167e-01 -1.140925e-01
endloop
endfacet
facet normal 0 0 0
outer loop
vertex 1.610491e-02 1.131094e+00 1.937471e-01
vertex 1.409052e-02 1.137013e+00 1.964938e-01
vertex -5.672392e-03 1.128720e+00 1.955343e-01
endloop
endfacet
facet normal 0 0 0
outer loop
vertex 1.678259e-02 1.129614e+00 1.872521e-01
vertex 1.654578e-02 1.131023e+00 1.776919e-01
vertex 3.583513e-02 1.141126e+00 1.885589e-01
endloop
endfacet
facet normal 0 0 0
outer loop
vertex -1.327871e-02 1.156907e+00 1.985093e-01
vertex 1.047992e-02 1.147693e+00 1.976262e-01
vertex 4.820104e-03 1.163819e+00 1.992946e-01
endloop
endfacet
facet normal 0 0 0
outer loop
vertex -8.558849e-03 1.139802e+00 1.967206e-01
vertex 1.047992e-02 1.147693e+00 1.976262e-01
vertex -1.327871e-02 1.156907e+00 1.985093e-01
endloop
endfacet
facet normal 0 0 0
outer loop
vertex 1.409052e-02 1.137013e+00 1.964938e-01
vertex 1.047992e-02 1.147693e+00 1.976262e-01
vertex -8.558849e-03 1.139802e+00 1.967206e-01
endloop
endfacet
facet normal 0 0 0
outer loop
vertex 1.333857e-02 1.131698e+00 9.232184e-02
vertex 1.467924e-02 1.144341e+00 1.039623e-01
vertex -4.987455e-03 1.135074e+00 1.121681e-01
endloop
endfacet
facet normal 0 0 0
outer loop
vertex -4.987455e-03 1.135074e+00 1.121681e-01
vertex 1.467924e-02 1.144341e+00 1.039623e-01
vertex 1.478018e-02 1.141787e+00 1.297445e-01
endloop
endfacet
facet normal 0 0 0
outer loop
vertex 2.463381e-02 1.177848e+00 3.005570e-02
vertex 1.747000e-02 1.155185e+00 6.544881e-02
vertex 1.003019e-02 1.165044e+00 2.656288e-02
endloop
endfacet
facet normal 0 0 0
outer loop
vertex 1.747000e-02 1.155185e+00 6.544881e-02
vertex 1.393108e-02 1.143586e+00 3.074731e-02
vertex 1.003019e-02 1.165044e+00 2.656288e-02
endloop
endfacet
facet normal 0 0 0
outer loop
vertex -2.826016e-03 1.126616e+00 1.042096e-01
vertex 1.333857e-02 1.131698e+00 9.232184e-02
vertex -4.987455e-03 1.135074e+00 1.121681e-01
endloop
endfacet
facet normal 0 0 0
outer loop
vertex 1.333857e-02 1.131698e+00 9.232184e-02
vertex -2.826016e-03 1.126616e+00 1.042096e-01
vertex 1.569542e-02 1.118809e+00 8.861712e-02
endloop
endfacet
facet normal 0 0 0
outer loop
vertex 7.005877e-02 9.466947e-01 6.653081e-02
vertex 6.892230e-02 9.540645e-01 8.136629e-02
vertex 6.077245e-02 9.680755e-01 4.924811e-02
endloop
endfacet
facet normal 0 0 0
outer loop
vertex 5.296440e-02 7.206939e-01 -5.601526e-02
vertex 7.200414e-02 6.677319e-01 -5.122482e-02
vertex 3.014978e-02 6.653146e-01 -8.376642e-02
endloop
endfacet
facet normal 0 0 0
outer loop
vertex 1.033181e-01 1.276859e+00 2.025347e-01
vertex 1.018596e-01 1.299058e+00 2.047305e-01
vertex 9.978309e-02 1.298029e+00 2.109504e-01
endloop
endfacet
facet normal 0 0 0
outer loop
vertex 9.962153e-02 1.257079e+00 1.786177e-01
vertex 9.288400e-02 1.237807e+00 1.610563e-01
vertex 9.708628e-02 1.259042e+00 1.631915e-01
endloop
endfacet
facet normal 0 0 0
outer loop
vertex 4.332894e-02 1.170670e+00 2.001333e-01
vertex 2.797013e-02 1.158229e+00 1.987915e-01
vertex 4.856946e-02 1.161971e+00 1.992460e-01
endloop
endfacet
facet normal 0 0 0
outer loop
vertex 8.043505e-02 1.361889e+00 2.108281e-01
vertex 7.992662e-02 1.362572e+00 2.011853e-01
vertex 6.809705e-02 1.380331e+00 2.125874e-01
endloop
endfacet
facet normal 0 0 0
outer loop
vertex 9.288400e-02 1.237807e+00 1.610563e-01
vertex 8.834251e-02 1.214457e+00 1.743159e-01
vertex 8.603000e-02 1.217077e+00 1.589609e-01
endloop
endfacet
facet normal 0 0 0
outer loop
vertex -6.419866e-02 1.393345e-01 1.477900e-01
vertex -6.213053e-02 2.187396e-01 1.559332e-01
vertex -7.375699e-02 1.448030e-01 1.789615e-01
endloop
endfacet
facet normal 0 0 0
outer loop
vertex 9.533532e-02 1.235505e+00 1.764465e-01
vertex 1.013762e-01 1.255573e+00 1.907110e-01
vertex 9.702756e-02 1.233772e+00 1.885152e-01
endloop
endfacet
facet normal 0 0 0
outer loop
vertex 9.411234e-02 1.261571e+00 1.435924e-01
vertex 9.018379e-02 1.264993e+00 1.164823e-01
vertex 9.140815e-02 1.285690e+00 1.185309e-01
endloop
endfacet
facet normal 0 0 0
outer loop
vertex 9.962153e-02 1.257079e+00 1.786177e-01
vertex 1.013762e-01 1.255573e+00 1.907110e-01
vertex 9.533532e-02 1.235505e+00 1.764465e-01
endloop
endfacet
facet normal 0 0 0
outer loop
vertex 7.609989e-02 1.022850e+00 8.993746e-02
vertex 1.287360e-01 9.850273e-01 1.201115e-01
vertex 1.003464e-01 1.040806e+00 7.303116e-02
endloop
endfacet
facet normal 0 0 0
outer loop
vertex 8.603000e-02 1.217077e+00 1.589609e-01
vertex 8.328768e-02 1.220436e+00 1.394502e-01
vertex 9.000432e-02 1.240740e+00 1.415002e-01
endloop
endfacet
facet normal 0 0 0
outer loop
vertex 9.411234e-02 1.261571e+00 1.435924e-01
vertex 8.619673e-02 1.244703e+00 1.144471e-01
vertex 9.018379e-02 1.264993e+00 1.164823e-01
endloop
endfacet
facet normal 0 0 0
outer loop
vertex -1.015330e-01 3.750996e-01 6.751823e-02
vertex -8.294579e-02 4.094611e-01 4.154173e-02
vertex -6.773370e-02 3.783618e-01 8.024244e-02
endloop
endfacet
facet normal 0 0 0
outer loop
vertex -4.775655e-02 1.164365e+00 -1.821990e-02
vertex -2.920440e-02 1.162889e+00 1.626769e-03
vertex -4.744970e-02 1.160059e+00 1.249484e-03
endloop
endfacet
facet normal 0 0 0
outer loop
vertex 9.962153e-02 1.257079e+00 1.786177e-01
vertex 9.839070e-02 1.280724e+00 1.653417e-01
vertex 1.009647e-01 1.279109e+00 1.808049e-01
endloop
endfacet
facet normal 0 0 0
outer loop
vertex 9.951057e-02 1.300992e+00 1.829675e-01
vertex 1.009647e-01 1.279109e+00 1.808049e-01
vertex 9.839070e-02 1.280724e+00 1.653417e-01
endloop
endfacet
facet normal 0 0 0
outer loop
vertex 1.012166e-01 1.275977e+00 2.087686e-01
vertex 1.033181e-01 1.276859e+00 2.025347e-01
vertex 9.978309e-02 1.298029e+00 2.109504e-01
endloop
endfacet
facet normal 0 0 0
outer loop
vertex 9.395481e-02 1.303954e+00 1.477834e-01
vertex 9.839070e-02 1.280724e+00 1.653417e-01
vertex 9.538186e-02 1.282825e+00 1.456984e-01
endloop
endfacet
facet normal 0 0 0
outer loop
vertex 5.822590e-02 1.032146e+00 -6.086789e-02
vertex 5.691512e-02 9.721394e-01 -1.717439e-02
vertex 4.992700e-02 9.868059e-01 -4.570728e-02
endloop
endfacet
facet normal 0 0 0
outer loop
vertex 7.003646e-02 1.364486e+00 1.261966e-01
vertex 5.857338e-02 1.381562e+00 1.278230e-01
vertex 6.172753e-02 1.381238e+00 1.552416e-01
endloop
endfacet
facet normal 0 0 0
outer loop
vertex 5.857338e-02 1.381562e+00 1.278230e-01
vertex 7.003646e-02 1.364486e+00 1.261966e-01
vertex 6.518882e-02 1.365573e+00 8.786885e-02
endloop
endfacet
facet normal 0 0 0
outer loop
vertex 7.003646e-02 1.364486e+00 1.261966e-01
vertex 6.172753e-02 1.381238e+00 1.552416e-01
vertex 7.348411e-02 1.363709e+00 1.535717e-01
endloop
endfacet
facet normal 0 0 0
outer loop
vertex 7.348411e-02 1.363709e+00 1.535717e-01
vertex 7.610011e-02 1.363184e+00 1.733721e-01
vertex 8.569402e-02 1.343854e+00 1.715178e-01
endloop
endfacet
facet normal 0 0 0
outer loop
vertex 8.290060e-02 1.344744e+00 1.517524e-01
vertex 9.265248e-02 1.323462e+00 1.695376e-01
vertex 8.973052e-02 1.324750e+00 1.498114e-01
endloop
endfacet
facet normal 0 0 0
outer loop
vertex -8.403318e-02 7.168461e-01 -9.352763e-02
vertex -8.133601e-02 7.936742e-01 -8.848877e-02
vertex -2.853139e-02 7.172105e-01 -9.263257e-02
endloop
endfacet
facet normal 0 0 0
outer loop
vertex -8.133601e-02 7.936742e-01 -8.848877e-02
vertex -2.890882e-02 7.940921e-01 -8.703587e-02
vertex -2.853139e-02 7.172105e-01 -9.263257e-02
endloop
endfacet
facet normal 0 0 0
outer loop
vertex -3.045628e-02 1.171072e+00 -3.309147e-02
vertex -4.797350e-02 1.168028e+00 -3.348365e-02
vertex -3.090580e-02 1.173899e+00 -4.507333e-02
endloop
endfacet
facet normal 0 0 0
outer loop
vertex 4.490109e-02 7.968463e-01 -4.764003e-02
vertex 1.628644e-02 7.957186e-01 -8.008265e-02
vertex 2.902617e-02 8.739611e-01 -3.217213e-02
endloop
endfacet
facet normal 0 0 0
outer loop
vertex 1.853888e-02 1.138694e+00 6.179691e-02
vertex 1.393108e-02 1.143586e+00 3.074731e-02
vertex 1.747000e-02 1.155185e+00 6.544881e-02
endloop
endfacet
facet normal 0 0 0
outer loop
vertex 1.882377e-02 1.189646e+00 -1.538315e-02
vertex 6.644162e-03 1.174628e+00 2.225830e-03
vertex 3.639945e-03 1.180024e+00 -1.641472e-02
endloop
endfacet
facet normal 0 0 0
outer loop
vertex -8.294579e-02 4.094611e-01 4.154173e-02
vertex -6.604613e-02 4.110922e-01 4.790383e-02
vertex -6.773370e-02 3.783618e-01 8.024244e-02
endloop
endfacet
facet normal 0 0 0
outer loop
vertex -2.969018e-01 7.330175e-01 -2.685652e-01
vertex -2.817371e-01 7.033086e-01 -3.321902e-01
vertex -3.005396e-01 6.885185e-01 -3.134003e-01
endloop
endfacet
facet normal 0 0 0
outer loop
vertex -1.472066e-01 1.197575e+00 -4.335165e-02
vertex -1.603508e-01 1.209038e+00 -4.227642e-02
vertex -1.593086e-01 1.210957e+00 -5.178875e-02
endloop
endfacet
facet normal 0 0 0
outer loop
vertex -6.568690e-02 1.169962e+00 -4.563145e-02
vertex -4.797350e-02 1.168028e+00 -3.348365e-02
vertex -6.572910e-02 1.167177e+00 -3.365204e-02
endloop
endfacet
facet normal 0 0 0
outer loop
vertex 6.644162e-03 1.174628e+00 2.225830e-03
vertex -1.156273e-02 1.167813e+00 2.191322e-03
vertex -1.271129e-02 1.172552e+00 -1.723790e-02
endloop
endfacet
facet normal 0 0 0
outer loop
vertex -4.723360e-02 1.151951e+00 1.789764e-02
vertex -2.286281e-02 1.139810e+00 1.909503e-02
vertex -4.318006e-02 1.138003e+00 2.020802e-02
endloop
endfacet
facet normal 0 0 0
outer loop
vertex 6.547047e-02 7.229013e-01 1.392570e-02
vertex 6.814817e-02 6.911523e-01 -2.254395e-02
vertex 5.296440e-02 7.206939e-01 -5.601526e-02
endloop
endfacet
facet normal 0 0 0
outer loop
vertex -2.546602e-02 6.054366e-01 -8.432771e-02
vertex -2.517754e-02 5.966269e-01 6.956595e-03
vertex -4.959328e-02 5.841331e-01 -6.791292e-02
endloop
endfacet
facet normal 0 0 0
outer loop
vertex -2.517754e-02 5.966269e-01 6.956595e-03
vertex -2.546602e-02 6.054366e-01 -8.432771e-02
vertex -1.585596e-03 5.964848e-01 -6.488364e-02
endloop
endfacet
facet normal 0 0 0
outer loop
vertex -1.541543e-01 1.182166e+00 3.021836e-02
vertex -1.516064e-01 1.187811e+00 3.355228e-03
vertex -1.362163e-01 1.177990e+00 2.543806e-03
endloop
endfacet
facet normal 0 0 0
outer loop
vertex -8.294579e-02 4.094611e-01 4.154173e-02
vertex -1.005817e-01 4.070598e-01 3.478314e-02
vertex -9.963030e-02 4.390201e-01 2.048048e-03
endloop
endfacet
facet normal 0 0 0
outer loop
vertex -2.076879e-01 1.364677e+00 1.720790e-01
vertex -1.979496e-01 1.382354e+00 1.894873e-01
vertex -1.958469e-01 1.382269e+00 1.738715e-01
endloop
endfacet
facet normal 0 0 0
outer loop
vertex -7.916274e-03 1.158719e+00 1.690240e-02
vertex -2.777929e-02 1.154439e+00 1.714081e-02
vertex -1.156273e-02 1.167813e+00 2.191322e-03
endloop
endfacet
facet normal 0 0 0
outer loop
vertex -2.777929e-02 1.154439e+00 1.714081e-02
vertex -7.916274e-03 1.158719e+00 1.690240e-02
vertex -2.286281e-02 1.139810e+00 1.909503e-02
endloop
endfacet
facet normal 0 0 0
outer loop
vertex 6.644162e-03 1.174628e+00 2.225830e-03
vertex 2.072220e-02 1.184954e+00 4.044520e-03
vertex 1.003019e-02 1.165044e+00 2.656288e-02
endloop
endfacet
facet normal 0 0 0
outer loop
vertex 1.393108e-02 1.143586e+00 3.074731e-02
vertex 1.460101e-03 1.126150e+00 1.668700e-02
vertex -1.976919e-03 1.142682e+00 1.957642e-02
endloop
endfacet
facet normal 0 0 0
outer loop
vertex -1.005817e-01 4.070598e-01 3.478314e-02
vertex -1.015330e-01 3.750996e-01 6.751823e-02
vertex -1.346571e-01 4.454046e-01 2.182032e-02
endloop
endfacet
facet normal 0 0 0
outer loop
vertex -8.294579e-02 4.094611e-01 4.154173e-02
vertex -1.015330e-01 3.750996e-01 6.751823e-02
vertex -1.005817e-01 4.070598e-01 3.478314e-02
endloop
endfacet
facet normal 0 0 0
outer loop
vertex -2.920440e-02 1.162889e+00 1.626769e-03
vertex -4.775655e-02 1.164365e+00 -1.821990e-02
vertex -2.993156e-02 1.167393e+00 -1.782599e-02
endloop
endfacet
facet normal 0 0 0
outer loop
vertex -1.353974e-02 1.176260e+00 -3.249996e-02
vertex 2.526741e-03 1.183661e+00 -3.168467e-02
vertex -1.271129e-02 1.172552e+00 -1.723790e-02
endloop
endfacet
facet normal 0 0 0
outer loop
vertex -6.893169e-02 1.128702e+00 6.576977e-02
vertex -7.262989e-02 1.140742e+00 6.575269e-02
vertex -6.253590e-02 1.135173e+00 3.565937e-02
endloop
endfacet
facet normal 0 0 0
outer loop
vertex 6.308664e-02 1.268357e+00 -4.500482e-02
vertex 6.444705e-02 1.266984e+00 -3.542617e-02
vertex 5.876526e-02 1.250430e+00 -3.709798e-02
endloop
endfacet
facet normal 0 0 0
outer loop
vertex 1.882377e-02 1.189646e+00 -1.538315e-02
vertex 2.072220e-02 1.184954e+00 4.044520e-03
vertex 6.644162e-03 1.174628e+00 2.225830e-03
endloop
endfacet
facet normal 0 0 0
outer loop
vertex -2.853139e-02 7.172105e-01 -9.263257e-02
vertex 1.628644e-02 7.957186e-01 -8.008265e-02
vertex 2.070569e-02 7.190285e-01 -8.726991e-02
endloop
endfacet
facet normal 0 0 0
outer loop
vertex -2.853139e-02 7.172105e-01 -9.263257e-02
vertex -2.890882e-02 7.940921e-01 -8.703587e-02
vertex 1.628644e-02 7.957186e-01 -8.008265e-02
endloop
endfacet
facet normal 0 0 0
outer loop
vertex -4.815818e-02 5.274951e-01 2.842551e-02
vertex -6.086129e-02 5.136214e-01 -3.775998e-02
vertex -4.638166e-02 5.574229e-01 1.329238e-02
endloop
endfacet
facet normal 0 0 0
outer loop
vertex -6.086129e-02 5.136214e-01 -3.775998e-02
vertex -5.923625e-02 5.471488e-01 -5.695593e-02
vertex -4.638166e-02 5.574229e-01 1.329238e-02
endloop
endfacet
facet normal 0 0 0
outer loop
vertex -5.923625e-02 5.471488e-01 -5.695593e-02
vertex -4.335707e-02 5.695623e-01 8.876050e-03
vertex -4.638166e-02 5.574229e-01 1.329238e-02
endloop
endfacet
facet normal 0 0 0
outer loop
vertex -2.890882e-02 7.940921e-01 -8.703587e-02
vertex 9.009912e-03 8.754983e-01 -7.098003e-02
vertex 1.628644e-02 7.957186e-01 -8.008265e-02
endloop
endfacet
facet normal 0 0 0
outer loop
vertex 2.452189e-02 1.809807e-01 -4.444477e-01
vertex 1.627570e-02 2.054343e-01 -4.409222e-01
vertex 2.520294e-02 2.063643e-01 -4.440298e-01
endloop
endfacet
facet normal 0 0 0
outer loop
vertex -8.317596e-02 1.171270e+00 -4.558638e-02
vertex -6.568690e-02 1.169962e+00 -4.563145e-02
vertex -8.345179e-02 1.168510e+00 -3.360805e-02
endloop
endfacet
facet normal 0 0 0
outer loop
vertex -2.286281e-02 1.139810e+00 1.909503e-02
vertex 1.460101e-03 1.126150e+00 1.668700e-02
vertex -2.089242e-02 1.124701e+00 1.599266e-02
endloop
endfacet
facet normal 0 0 0
outer loop
vertex 6.220362e-02 1.137839e-01 -3.866862e-01
vertex 5.597001e-02 1.567974e-01 -3.737476e-01
vertex 3.334662e-02 1.127255e-01 -3.904302e-01
endloop
endfacet
facet normal 0 0 0
outer loop
vertex 3.334662e-02 1.127255e-01 -3.904302e-01
vertex 5.597001e-02 1.567974e-01 -3.737476e-01
vertex 2.613143e-02 1.554253e-01 -3.786514e-01
endloop
endfacet
facet normal 0 0 0
outer loop
vertex -1.353974e-02 1.176260e+00 -3.249996e-02
vertex 1.619304e-03 1.186504e+00 -4.366283e-02
vertex 2.526741e-03 1.183661e+00 -3.168467e-02
endloop
endfacet
facet normal 0 0 0
outer loop
vertex -2.286281e-02 1.139810e+00 1.909503e-02
vertex -4.723360e-02 1.151951e+00 1.789764e-02
vertex -2.777929e-02 1.154439e+00 1.714081e-02
endloop
endfacet
facet normal 0 0 0
outer loop
vertex -2.777929e-02 1.154439e+00 1.714081e-02
vertex -4.723360e-02 1.151951e+00 1.789764e-02
vertex -2.920440e-02 1.162889e+00 1.626769e-03
endloop
endfacet
facet normal 0 0 0
outer loop
vertex -1.185610e-01 1.174262e+00 -1.758750e-02
vertex -1.008516e-01 1.172013e+00 -3.334833e-02
vertex -1.015168e-01 1.168455e+00 -1.808227e-02
endloop
endfacet
facet normal 0 0 0
outer loop
vertex 1.460101e-03 1.126150e+00 1.668700e-02
vertex 3.626278e-03 1.115769e+00 1.412054e-02
vertex -1.971404e-02 1.115135e+00 1.359776e-02
endloop
endfacet
facet normal 0 0 0
outer loop
vertex 9.756766e-03 1.108096e+00 -9.571609e-03
vertex 5.142637e-02 1.096921e+00 -4.863064e-04
vertex 6.649908e-02 1.087500e+00 -1.485756e-02
endloop
endfacet
facet normal 0 0 0
outer loop
vertex -3.081155e-02 7.152666e-01 1.032472e-01
vertex -9.521188e-03 7.565265e-01 1.044050e-01
vertex -2.419711e-02 7.825307e-01 1.020051e-01
endloop
endfacet
facet normal 0 0 0
outer loop
vertex -9.521188e-03 7.565265e-01 1.044050e-01
vertex -3.081155e-02 7.152666e-01 1.032472e-01
vertex 1.748468e-02 7.206907e-01 1.046651e-01
endloop
endfacet
facet normal 0 0 0
outer loop
vertex -1.271129e-02 1.172552e+00 -1.723790e-02
vertex 2.526741e-03 1.183661e+00 -3.168467e-02
vertex 3.639945e-03 1.180024e+00 -1.641472e-02
endloop
endfacet
facet normal 0 0 0
outer loop
vertex 4.806979e-02 1.088679e+00 9.569687e-02
vertex 5.287772e-02 1.092316e+00 9.188453e-02
vertex 2.108321e-02 1.088879e+00 1.139588e-01
endloop
endfacet
facet normal 0 0 0
outer loop
vertex 1.557353e-02 1.107255e+00 -2.683945e-02
vertex -2.336747e-02 1.106230e+00 -2.924887e-02
vertex 9.756766e-03 1.108096e+00 -9.571609e-03
endloop
endfacet
facet normal 0 0 0
outer loop
vertex 1.460101e-03 1.126150e+00 1.668700e-02
vertex -2.286281e-02 1.139810e+00 1.909503e-02
vertex -1.976919e-03 1.142682e+00 1.957642e-02
endloop
endfacet
facet normal 0 0 0
outer loop
vertex 7.283252e-02 9.932475e-01 5.384742e-02
vertex 4.718908e-02 1.014338e+00 6.638436e-02
vertex 7.894608e-02 1.027137e+00 7.094935e-02
endloop
endfacet
facet normal 0 0 0
outer loop
vertex 1.654578e-02 1.131023e+00 1.776919e-01
vertex 1.579200e-02 1.133576e+00 1.657270e-01
vertex 3.555289e-02 1.142469e+00 1.789930e-01
endloop
endfacet
facet normal 0 0 0
outer loop
vertex 7.873816e-02 1.046306e+00 -3.893197e-02
vertex 1.172688e-01 1.014150e+00 3.978106e-03
vertex 1.022344e-01 9.802396e-01 -4.779632e-03
endloop
endfacet
facet normal 0 0 0
outer loop
vertex -3.123217e-02 1.176193e+00 -5.456019e-02
vertex -1.422240e-02 1.179124e+00 -4.447638e-02
vertex -3.090580e-02 1.173899e+00 -4.507333e-02
endloop
endfacet
facet normal 0 0 0
outer loop
vertex 1.467924e-02 1.144341e+00 1.039623e-01
vertex 1.747000e-02 1.155185e+00 6.544881e-02
vertex 3.129433e-02 1.158282e+00 1.044633e-01
endloop
endfacet
facet normal 0 0 0
outer loop
vertex 1.747000e-02 1.155185e+00 6.544881e-02
vertex 1.467924e-02 1.144341e+00 1.039623e-01
vertex 1.333857e-02 1.131698e+00 9.232184e-02
endloop
endfacet
facet normal 0 0 0
outer loop
vertex -7.916274e-03 1.158719e+00 1.690240e-02
vertex 1.393108e-02 1.143586e+00 3.074731e-02
vertex -1.976919e-03 1.142682e+00 1.957642e-02
endloop
endfacet
facet normal 0 0 0
outer loop
vertex 4.013512e-02 1.101413e+00 5.083873e-02
vertex 3.067569e-02 1.099583e+00 8.876834e-02
vertex 5.416591e-02 1.096602e+00 4.693190e-02
endloop
endfacet
facet normal 0 0 0
outer loop
vertex 6.644162e-03 1.174628e+00 2.225830e-03
vertex 1.003019e-02 1.165044e+00 2.656288e-02
vertex -7.916274e-03 1.158719e+00 1.690240e-02
endloop
endfacet
facet normal 0 0 0
outer loop
vertex 3.639945e-03 1.180024e+00 -1.641472e-02
vertex 6.644162e-03 1.174628e+00 2.225830e-03
vertex -1.271129e-02 1.172552e+00 -1.723790e-02
endloop
endfacet
facet normal 0 0 0
outer loop
vertex 1.849775e-01 7.618278e-01 2.832640e-01
vertex 1.827972e-01 8.013048e-01 2.448227e-01
vertex 1.664979e-01 8.100619e-01 2.663425e-01
endloop
endfacet
facet normal 0 0 0
outer loop
vertex 6.308664e-02 1.268357e+00 -4.500482e-02
vertex 5.876526e-02 1.250430e+00 -3.709798e-02
vertex 5.746655e-02 1.251973e+00 -4.665965e-02
endloop
endfacet
facet normal 0 0 0
outer loop
vertex -6.471084e-02 1.113430e+00 4.813809e-02
vertex -6.375945e-02 1.121505e+00 3.603258e-02
vertex -5.886521e-02 1.111167e+00 2.985240e-02
endloop
endfacet
facet normal 0 0 0
outer loop
vertex -1.156273e-02 1.167813e+00 2.191322e-03
vertex -2.920440e-02 1.162889e+00 1.626769e-03
vertex -1.271129e-02 1.172552e+00 -1.723790e-02
endloop
endfacet
facet normal 0 0 0
outer loop
vertex 1.825954e-02 1.126071e+00 2.811808e-02
vertex 1.853888e-02 1.138694e+00 6.179691e-02
vertex 2.193561e-02 1.123083e+00 5.861988e-02
endloop
endfacet
facet normal 0 0 0
outer loop
vertex -2.522593e-01 7.030203e-01 -2.639405e-01
vertex -2.655261e-01 6.667493e-01 -3.085782e-01
vertex -2.550062e-01 6.878483e-01 -3.292325e-01
endloop
endfacet
facet normal 0 0 0
outer loop
vertex -2.550062e-01 6.878483e-01 -3.292325e-01
vertex -2.397799e-01 7.287846e-01 -2.889730e-01
vertex -2.522593e-01 7.030203e-01 -2.639405e-01
endloop
endfacet
facet normal 0 0 0
outer loop
vertex -1.271129e-02 1.172552e+00 -1.723790e-02
vertex -2.920440e-02 1.162889e+00 1.626769e-03
vertex -2.993156e-02 1.167393e+00 -1.782599e-02
endloop
endfacet
facet normal 0 0 0
outer loop
vertex 1.393108e-02 1.143586e+00 3.074731e-02
vertex 1.825954e-02 1.126071e+00 2.811808e-02
vertex 1.460101e-03 1.126150e+00 1.668700e-02
endloop
endfacet
facet normal 0 0 0
outer loop
vertex -2.335883e-02 1.107070e+00 -1.206025e-02
vertex 3.809971e-03 1.108697e+00 4.707816e-03
vertex 9.756766e-03 1.108096e+00 -9.571609e-03
endloop
endfacet
facet normal 0 0 0
outer loop
vertex -1.213301e-01 9.271027e-01 1.387203e-02
vertex -1.288922e-01 8.691503e-01 5.838487e-03
vertex -1.173720e-01 8.920830e-01 4.674263e-02
endloop
endfacet
facet normal 0 0 0
outer loop
vertex 1.003821e-01 9.086616e-01 5.406720e-02
vertex 1.132979e-01 8.593596e-01 1.083559e-01
vertex 8.149207e-02 9.203706e-01 8.780923e-02
endloop
endfacet
facet normal 0 0 0
outer loop
vertex 7.609989e-02 1.022850e+00 8.993746e-02
vertex 8.078618e-02 1.012357e+00 9.920843e-02
vertex 1.287360e-01 9.850273e-01 1.201115e-01
endloop
endfacet
facet normal 0 0 0
outer loop
vertex 7.176664e-02 1.047228e+00 -4.135279e-02
vertex 8.733035e-02 1.054890e+00 -2.065451e-02
vertex 9.045886e-02 1.051748e+00 -1.658771e-02
endloop
endfacet
facet normal 0 0 0
outer loop
vertex 7.706974e-02 1.046407e+00 -3.830229e-02
vertex 8.733035e-02 1.054890e+00 -2.065451e-02
vertex 7.176664e-02 1.047228e+00 -4.135279e-02
endloop
endfacet
facet normal 0 0 0
outer loop
vertex 5.094862e-02 1.234775e+00 -3.869373e-02
vertex 4.973031e-02 1.236499e+00 -4.823687e-02
vertex 5.876526e-02 1.250430e+00 -3.709798e-02
endloop
endfacet
facet normal 0 0 0
outer loop
vertex 9.320035e-02 1.826044e-01 -4.180252e-01
vertex 9.316637e-02 1.810994e-01 -3.937892e-01
vertex 9.582002e-02 1.587088e-01 -3.979846e-01
endloop
endfacet
facet normal 0 0 0
outer loop
vertex 8.430302e-02 1.063258e+00 5.946200e-02
vertex 7.894608e-02 1.027137e+00 7.094935e-02
vertex 1.003464e-01 1.040806e+00 7.303116e-02
endloop
endfacet
facet normal 0 0 0
outer loop
vertex -1.271129e-02 1.172552e+00 -1.723790e-02
vertex -2.993156e-02 1.167393e+00 -1.782599e-02
vertex -3.045628e-02 1.171072e+00 -3.309147e-02
endloop
endfacet
facet normal 0 0 0
outer loop
vertex 7.986969e-02 1.224651e+00 1.125097e-01
vertex 7.454904e-02 1.231338e+00 7.473391e-02
vertex 8.063609e-02 1.250506e+00 7.657419e-02
endloop
endfacet
facet normal 0 0 0
outer loop
vertex 1.316211e-01 9.951684e-01 4.485118e-02
vertex 1.172688e-01 1.014150e+00 3.978106e-03
vertex 1.149854e-01 1.034968e+00 3.766841e-02
endloop
endfacet
facet normal 0 0 0
outer loop
vertex 6.905700e-02 1.301631e+00 -3.196633e-02
vertex 6.967286e-02 1.282646e+00 -2.160520e-02
vertex 6.789834e-02 1.284149e+00 -3.370486e-02
endloop
endfacet
facet normal 0 0 0
outer loop
vertex 7.601114e-02 1.296729e+00 1.527510e-02
vertex 7.191319e-02 1.316823e+00 -2.593157e-03
vertex 7.479116e-02 1.315164e+00 1.709555e-02
endloop
endfacet
facet normal 0 0 0
outer loop
vertex 7.506485e-02 1.256239e+00 3.869148e-02
vertex 6.920708e-02 1.237934e+00 3.694442e-02
vertex 7.119993e-02 1.260168e+00 1.162704e-02
endloop
endfacet
facet normal 0 0 0
outer loop
vertex 1.723852e-01 6.964577e-01 2.870306e-01
vertex 1.751887e-01 6.869421e-01 2.916041e-01
vertex 1.511963e-01 6.865278e-01 2.949077e-01
endloop
endfacet
facet normal 0 0 0
outer loop
vertex -1.585596e-03 5.964848e-01 -6.488364e-02
vertex -2.546602e-02 6.054366e-01 -8.432771e-02
vertex 3.598110e-02 6.205353e-01 -8.877774e-02
endloop
endfacet
facet normal 0 0 0
outer loop
vertex -2.335883e-02 1.107070e+00 -1.206025e-02
vertex -2.336747e-02 1.106230e+00 -2.924887e-02
vertex -5.660904e-02 1.105615e+00 -9.924164e-03
endloop
endfacet
facet normal 0 0 0
outer loop
vertex 3.247260e-02 3.982271e-01 -1.133969e-02
vertex 1.623942e-02 3.685904e-01 -4.373747e-02
vertex 5.042768e-02 3.611780e-01 -3.601117e-02
endloop
endfacet
facet normal 0 0 0
outer loop
vertex 2.102709e-02 1.115031e+00 2.554615e-02
vertex 2.517194e-02 1.108150e+00 2.130524e-02
vertex 6.360356e-03 1.109725e+00 9.105940e-03
endloop
endfacet
facet normal 0 0 0
outer loop
vertex 2.517194e-02 1.108150e+00 2.130524e-02
vertex 3.727460e-02 1.102863e+00 1.153179e-02
vertex 6.360356e-03 1.109725e+00 9.105940e-03
endloop
endfacet
facet normal 0 0 0
outer loop
vertex 3.017108e-02 6.403426e-01 1.115932e-01
vertex 1.748468e-02 7.206907e-01 1.046651e-01
vertex -3.202331e-04 6.778046e-01 1.074202e-01
endloop
endfacet
facet normal 0 0 0
outer loop
vertex 1.743583e-02 1.193170e+00 -3.066603e-02
vertex 2.526741e-03 1.183661e+00 -3.168467e-02
vertex 1.619304e-03 1.186504e+00 -4.366283e-02
endloop
endfacet
facet normal 0 0 0
outer loop
vertex -9.227256e-02 8.018339e-01 -6.595404e-02
vertex -8.403318e-02 7.168461e-01 -9.352763e-02
vertex -1.022117e-01 7.234645e-01 -7.212213e-02
endloop
endfacet
facet normal 0 0 0
outer loop
vertex -8.403318e-02 7.168461e-01 -9.352763e-02
vertex -9.227256e-02 8.018339e-01 -6.595404e-02
vertex -8.133601e-02 7.936742e-01 -8.848877e-02
endloop
endfacet
facet normal 0 0 0
outer loop
vertex 1.631497e-02 1.195928e+00 -4.265308e-02
vertex 1.743583e-02 1.193170e+00 -3.066603e-02
vertex 1.619304e-03 1.186504e+00 -4.366283e-02
endloop
endfacet
facet normal 0 0 0
outer loop
vertex 1.022344e-01 9.802396e-01 -4.779632e-03
vertex 7.856694e-02 9.584394e-01 1.260748e-02
vertex 6.834289e-02 9.807853e-01 -5.629812e-03
endloop
endfacet
facet normal 0 0 0
outer loop
vertex -1.346571e-01 4.454046e-01 2.182032e-02
vertex -1.459968e-01 4.609877e-01 7.374756e-02
vertex -1.401778e-01 4.857479e-01 2.461046e-02
endloop
endfacet
facet normal 0 0 0
outer loop
vertex -3.090580e-02 1.173899e+00 -4.507333e-02
vertex -1.422240e-02 1.179124e+00 -4.447638e-02
vertex -1.353974e-02 1.176260e+00 -3.249996e-02
endloop
endfacet
facet normal 0 0 0
outer loop
vertex -2.336747e-02 1.106230e+00 -2.924887e-02
vertex -2.335883e-02 1.107070e+00 -1.206025e-02
vertex 9.756766e-03 1.108096e+00 -9.571609e-03
endloop
endfacet
facet normal 0 0 0
outer loop
vertex 3.639945e-03 1.180024e+00 -1.641472e-02
vertex 2.526741e-03 1.183661e+00 -3.168467e-02
vertex 1.882377e-02 1.189646e+00 -1.538315e-02
endloop
endfacet
facet normal 0 0 0
outer loop
vertex 9.756766e-03 1.108096e+00 -9.571609e-03
vertex 3.809971e-03 1.108697e+00 4.707816e-03
vertex 5.142637e-02 1.096921e+00 -4.863064e-04
endloop
endfacet
facet normal 0 0 0
outer loop
vertex -2.371504e-02 1.088461e+00 1.145931e-01
vertex 3.453920e-03 1.090478e+00 1.132020e-01
vertex 1.840557e-03 1.099791e+00 1.013484e-01
endloop
endfacet
facet normal 0 0 0
outer loop
vertex 3.727460e-02 1.102863e+00 1.153179e-02
vertex 2.517194e-02 1.108150e+00 2.130524e-02
vertex 4.013512e-02 1.101413e+00 5.083873e-02
endloop
endfacet
facet normal 0 0 0
outer loop
vertex -2.301979e-02 1.030308e+00 -6.237843e-02
vertex -2.341964e-02 1.087136e+00 -4.682717e-02
vertex 2.057135e-02 1.088154e+00 -4.391456e-02
endloop
endfacet
facet normal 0 0 0
outer loop
vertex 4.477507e-02 5.437379e-01 8.632441e-02
vertex 6.158384e-03 5.543697e-01 7.065816e-02
vertex 8.700346e-03 5.405645e-01 6.484912e-02
endloop
endfacet
facet normal 0 0 0
outer loop
vertex 7.856694e-02 9.584394e-01 1.260748e-02
vertex 7.198034e-02 9.691455e-01 9.630405e-03
vertex 6.834289e-02 9.807853e-01 -5.629812e-03
endloop
endfacet
facet normal 0 0 0
outer loop
vertex 8.128083e-02 3.777795e-01 -1.339931e-01
vertex 9.355974e-02 3.539313e-01 -1.102126e-01
vertex 9.329417e-02 3.445888e-01 -1.242245e-01
endloop
endfacet
facet normal 0 0 0
outer loop
vertex 8.307799e-02 5.090119e-01 3.879415e-02
vertex 9.409936e-02 5.409439e-01 -1.240695e-02
vertex 8.284392e-02 5.388979e-01 5.427997e-02
endloop
endfacet
facet normal 0 0 0
outer loop
vertex -1.473254e-02 1.181401e+00 -5.396525e-02
vertex -1.422240e-02 1.179124e+00 -4.447638e-02
vertex -3.123217e-02 1.176193e+00 -5.456019e-02
endloop
endfacet
facet normal 0 0 0
outer loop
vertex -6.581500e-02 1.163547e+00 -1.838676e-02
vertex -6.637570e-02 1.159602e+00 1.806159e-03
vertex -8.382817e-02 1.164908e+00 -1.834266e-02
endloop
endfacet
facet normal 0 0 0
outer loop
vertex -6.535527e-02 1.122618e+00 9.628342e-02
vertex -7.005499e-02 1.115499e+00 6.485505e-02
vertex -6.601883e-02 1.110215e+00 9.436742e-02
endloop
endfacet
facet normal 0 0 0
outer loop
vertex 1.357185e-02 2.402481e-01 -3.919029e-01
vertex 1.036985e-02 2.332728e-01 -3.681361e-01
vertex 1.939581e-02 2.682327e-01 -3.662795e-01
endloop
endfacet
facet normal 0 0 0
outer loop
vertex -1.236800e-01 9.966238e-01 -1.342708e-03
vertex -1.227554e-01 1.012093e+00 -4.083360e-02
vertex -1.167854e-01 1.009440e+00 -4.227865e-02
endloop
endfacet
facet normal 0 0 0
outer loop
vertex -1.353974e-02 1.176260e+00 -3.249996e-02
vertex -3.045628e-02 1.171072e+00 -3.309147e-02
vertex -3.090580e-02 1.173899e+00 -4.507333e-02
endloop
endfacet
facet normal 0 0 0
outer loop
vertex -4.817098e-02 1.170824e+00 -4.546459e-02
vertex -3.123217e-02 1.176193e+00 -5.456019e-02
vertex -3.090580e-02 1.173899e+00 -4.507333e-02
endloop
endfacet
facet normal 0 0 0
outer loop
vertex -3.090580e-02 1.173899e+00 -4.507333e-02
vertex -4.797350e-02 1.168028e+00 -3.348365e-02
vertex -4.817098e-02 1.170824e+00 -4.546459e-02
endloop
endfacet
facet normal 0 0 0
outer loop
vertex 4.380585e-02 5.960867e-01 -8.078394e-02
vertex 4.924548e-03 5.876686e-01 -6.155231e-02
vertex 4.276738e-02 6.002887e-01 -8.279500e-02
endloop
endfacet
facet normal 0 0 0
outer loop
vertex 4.924548e-03 5.876686e-01 -6.155231e-02
vertex 4.380585e-02 5.960867e-01 -8.078394e-02
vertex 7.152393e-03 5.834120e-01 -5.950946e-02
endloop
endfacet
facet normal 0 0 0
outer loop
vertex 4.763652e-02 3.975419e-01 -1.361425e-01
vertex 1.501299e-02 3.874782e-01 -1.260040e-01
vertex 1.349232e-02 4.249816e-01 -1.140200e-01
endloop
endfacet
facet normal 0 0 0
outer loop
vertex 8.113763e-02 3.683451e-01 -1.451783e-01
vertex 8.128083e-02 3.777795e-01 -1.339931e-01
vertex 9.329417e-02 3.445888e-01 -1.242245e-01
endloop
endfacet
facet normal 0 0 0
outer loop
vertex -2.109276e-01 8.772087e-01 -1.202370e-01
vertex -2.075481e-01 8.884800e-01 -1.078657e-01
vertex -2.303270e-01 9.014229e-01 -1.290817e-01
endloop
endfacet
facet normal 0 0 0
outer loop
vertex -9.486524e-02 5.789959e-01 1.002062e-01
vertex -1.323090e-01 5.743896e-01 7.626049e-02
vertex -1.327727e-01 5.456710e-01 8.952151e-02
endloop
endfacet
facet normal 0 0 0
outer loop
vertex 8.128083e-02 3.777795e-01 -1.339931e-01
vertex 9.355763e-02 3.682333e-01 -1.006849e-01
vertex 9.355974e-02 3.539313e-01 -1.102126e-01
endloop
endfacet
facet normal 0 0 0
outer loop
vertex -4.614271e-03 5.657830e-01 5.301651e-03
vertex 7.152393e-03 5.834120e-01 -5.950946e-02
vertex 8.250291e-03 5.585900e-01 -5.978452e-02
endloop
endfacet
facet normal 0 0 0
outer loop
vertex 1.091093e-02 4.923167e-01 -7.515747e-02
vertex 8.250291e-03 5.585900e-01 -5.978452e-02
vertex 4.545739e-02 5.040215e-01 -9.267126e-02
endloop
endfacet
facet normal 0 0 0
outer loop
vertex 8.250291e-03 5.585900e-01 -5.978452e-02
vertex 4.425094e-02 5.710526e-01 -8.025743e-02
vertex 4.545739e-02 5.040215e-01 -9.267126e-02
endloop
endfacet
facet normal 0 0 0
outer loop
vertex 9.355763e-02 3.682333e-01 -1.006849e-01
vertex 8.128083e-02 3.777795e-01 -1.339931e-01
vertex 8.121831e-02 3.907189e-01 -1.265928e-01
endloop
endfacet
facet normal 0 0 0
outer loop
vertex 8.113763e-02 3.683451e-01 -1.451783e-01
vertex 4.799829e-02 3.748684e-01 -1.531196e-01
vertex 4.791664e-02 3.841193e-01 -1.429054e-01
endloop
endfacet
facet normal 0 0 0
outer loop
vertex 1.501299e-02 3.874782e-01 -1.260040e-01
vertex 4.791664e-02 3.841193e-01 -1.429054e-01
vertex 1.551001e-02 3.734712e-01 -1.336367e-01
endloop
endfacet
facet normal 0 0 0
outer loop
vertex 8.128083e-02 3.777795e-01 -1.339931e-01
vertex 4.791664e-02 3.841193e-01 -1.429054e-01
vertex 8.121831e-02 3.907189e-01 -1.265928e-01
endloop
endfacet
facet normal 0 0 0
outer loop
vertex 4.791664e-02 3.841193e-01 -1.429054e-01
vertex 1.579453e-02 3.637823e-01 -1.442199e-01
vertex 1.551001e-02 3.734712e-01 -1.336367e-01
endloop
endfacet
facet normal 0 0 0
outer loop
vertex 4.791664e-02 3.841193e-01 -1.429054e-01
vertex 4.799829e-02 3.748684e-01 -1.531196e-01
vertex 1.579453e-02 3.637823e-01 -1.442199e-01
endloop
endfacet
facet normal 0 0 0
outer loop
vertex 9.588041e-02 1.594824e-01 -4.191690e-01
vertex 9.596818e-02 1.597926e-01 -4.334243e-01
vertex 9.327530e-02 1.830274e-01 -4.330620e-01
endloop
endfacet
facet normal 0 0 0
outer loop
vertex -9.501732e-02 -2.854147e-03 7.600706e-02
vertex -1.108314e-01 -2.178485e-03 6.126229e-02
vertex -1.104394e-01 5.163395e-03 6.182420e-02
endloop
endfacet
facet normal 0 0 0
outer loop
vertex 3.453574e-02 6.344488e-01 -8.976874e-02
vertex -2.539809e-02 6.235127e-01 -9.723536e-02
vertex 3.014978e-02 6.653146e-01 -8.376642e-02
endloop
endfacet
facet normal 0 0 0
outer loop
vertex -1.972724e-01 9.084861e-01 -7.987215e-02
vertex -2.260709e-01 9.126762e-01 -1.178890e-01
vertex -2.075481e-01 8.884800e-01 -1.078657e-01
endloop
endfacet
facet normal 0 0 0
outer loop
vertex 1.304108e-01 8.052155e-01 1.661470e-01
vertex 1.276148e-01 8.209726e-01 1.431563e-01
vertex 1.589258e-01 8.117961e-01 1.605634e-01
endloop
endfacet
facet normal 0 0 0
outer loop
vertex 6.838024e-02 2.954500e-01 -4.097244e-01
vertex 4.779476e-02 3.089598e-01 -4.082671e-01
vertex 4.716476e-02 2.943531e-01 -3.876314e-01
endloop
endfacet
facet normal 0 0 0
outer loop
vertex 9.351230e-02 4.003853e-01 -8.306701e-02
vertex 8.121831e-02 3.907189e-01 -1.265928e-01
vertex 8.087838e-02 4.271167e-01 -1.140925e-01
endloop
endfacet
facet normal 0 0 0
outer loop
vertex 9.355763e-02 3.682333e-01 -1.006849e-01
vertex 8.121831e-02 3.907189e-01 -1.265928e-01
vertex 9.351230e-02 4.003853e-01 -8.306701e-02
endloop
endfacet
facet normal 0 0 0
outer loop
vertex 9.320035e-02 1.826044e-01 -4.180252e-01
vertex 9.588041e-02 1.594824e-01 -4.191690e-01
vertex 9.327530e-02 1.830274e-01 -4.330620e-01
endloop
endfacet
facet normal 0 0 0
outer loop
vertex 1.836319e-02 2.711853e-01 -3.114011e-01
vertex 4.763268e-02 2.822647e-01 -3.164485e-01
vertex 1.855843e-02 2.624752e-01 -3.397463e-01
endloop
endfacet
facet normal 0 0 0
outer loop
vertex 2.276407e-02 2.556869e-01 -4.382116e-01
vertex 3.736648e-02 2.968388e-01 -4.347378e-01
vertex 2.977322e-02 2.532698e-01 -4.413764e-01
endloop
endfacet
facet normal 0 0 0
outer loop
vertex 6.244366e-03 3.397180e-01 -1.177963e-01
vertex 1.834086e-02 3.171861e-01 -9.409564e-02
vertex 5.960886e-03 3.498299e-01 -1.048872e-01
endloop
endfacet
facet normal 0 0 0
outer loop
vertex 9.582002e-02 1.587088e-01 -3.979846e-01
vertex 9.316637e-02 1.810994e-01 -3.937892e-01
vertex 8.585921e-02 1.579519e-01 -3.798278e-01
endloop
endfacet
facet normal 0 0 0
outer loop
vertex 9.358736e-03 2.311513e-01 -3.516198e-01
vertex 1.697483e-02 1.942084e-01 -3.640949e-01
vertex 1.988421e-02 2.030369e-01 -3.433238e-01
endloop
endfacet
facet normal 0 0 0
outer loop
vertex 9.042109e-02 2.027221e-01 -3.920303e-01
vertex 8.753995e-02 2.380215e-01 -3.683860e-01
vertex 8.482192e-02 1.976471e-01 -3.651828e-01
endloop
endfacet
facet normal 0 0 0
outer loop
vertex 1.224572e-02 1.788267e-01 -4.175523e-01
vertex 1.148411e-02 1.983898e-01 -3.912220e-01
vertex 1.241626e-02 2.025129e-01 -4.169742e-01
endloop
endfacet
facet normal 0 0 0
outer loop
vertex -1.667210e-01 8.967441e-01 -8.750011e-02
vertex -1.972724e-01 9.084861e-01 -7.987215e-02
vertex -2.075481e-01 8.884800e-01 -1.078657e-01
endloop
endfacet
facet normal 0 0 0
outer loop
vertex 4.788337e-02 3.111716e-01 -2.500581e-01
vertex 1.836319e-02 2.711853e-01 -3.114011e-01
vertex 1.734353e-02 2.989196e-01 -2.427771e-01
endloop
endfacet
facet normal 0 0 0
outer loop
vertex 4.540782e-02 8.329841e-02 -4.035608e-01
vertex 3.334662e-02 1.127255e-01 -3.904302e-01
vertex 2.377596e-02 1.125054e-01 -4.042646e-01
endloop
endfacet
facet normal 0 0 0
outer loop
vertex 4.763268e-02 2.822647e-01 -3.164485e-01
vertex 1.836319e-02 2.711853e-01 -3.114011e-01
vertex 4.788337e-02 3.111716e-01 -2.500581e-01
endloop
endfacet
facet normal 0 0 0
outer loop
vertex 2.387486e-02 1.128609e-01 -4.209572e-01
vertex 2.398710e-02 1.130730e-01 -4.337728e-01
vertex 4.008703e-02 7.282681e-02 -4.241046e-01
endloop
endfacet
facet normal 0 0 0
outer loop
vertex 1.834344e-02 2.613881e-01 -3.552828e-01
vertex 1.859031e-02 2.611726e-01 -3.485498e-01
vertex 4.718493e-02 2.724929e-01 -3.523381e-01
endloop
endfacet
facet normal 0 0 0
outer loop
vertex 3.996344e-02 7.266487e-02 -4.128180e-01
vertex 2.387486e-02 1.128609e-01 -4.209572e-01
vertex 4.008703e-02 7.282681e-02 -4.241046e-01
endloop
endfacet
facet normal 0 0 0
outer loop
vertex 2.452189e-02 1.809807e-01 -4.444477e-01
vertex 2.751807e-02 1.578511e-01 -4.447163e-01
vertex 1.916705e-02 1.570159e-01 -4.415471e-01
endloop
endfacet
facet normal 0 0 0
outer loop
vertex -1.213453e-01 9.499753e-01 -5.951382e-02
vertex -1.667210e-01 8.967441e-01 -8.750011e-02
vertex -1.402260e-01 9.119470e-01 -1.108531e-01
endloop
endfacet
facet normal 0 0 0
outer loop
vertex 2.387486e-02 1.128609e-01 -4.209572e-01
vertex 3.996344e-02 7.266487e-02 -4.128180e-01
vertex 2.377596e-02 1.125054e-01 -4.042646e-01
endloop
endfacet
facet normal 0 0 0
outer loop
vertex 3.781013e-02 1.823663e-01 -4.453387e-01
vertex 2.751807e-02 1.578511e-01 -4.447163e-01
vertex 2.452189e-02 1.809807e-01 -4.444477e-01
endloop
endfacet
facet normal 0 0 0
outer loop
vertex 3.457563e-02 2.739619e-01 -1.629645e-01
vertex 5.111623e-02 2.924927e-01 -1.219918e-01
vertex 1.836479e-02 2.993565e-01 -1.279517e-01
endloop
endfacet
facet normal 0 0 0
outer loop
vertex 1.939581e-02 2.682327e-01 -3.662795e-01
vertex 1.834344e-02 2.613881e-01 -3.552828e-01
vertex 4.680797e-02 2.736423e-01 -3.571042e-01
endloop
endfacet
facet normal 0 0 0
outer loop
vertex 4.680797e-02 2.736423e-01 -3.571042e-01
vertex 1.834344e-02 2.613881e-01 -3.552828e-01
vertex 4.718493e-02 2.724929e-01 -3.523381e-01
endloop
endfacet
facet normal 0 0 0
outer loop
vertex 3.775255e-02 2.077857e-01 -4.448512e-01
vertex 3.781013e-02 1.823663e-01 -4.453387e-01
vertex 2.520294e-02 2.063643e-01 -4.440298e-01
endloop
endfacet
facet normal 0 0 0
outer loop
vertex 2.520294e-02 2.063643e-01 -4.440298e-01
vertex 3.781013e-02 1.823663e-01 -4.453387e-01
vertex 2.452189e-02 1.809807e-01 -4.444477e-01
endloop
endfacet
facet normal 0 0 0
outer loop
vertex 1.535907e-02 1.801268e-01 -4.412971e-01
vertex 2.452189e-02 1.809807e-01 -4.444477e-01
vertex 1.916705e-02 1.570159e-01 -4.415471e-01
endloop
endfacet
facet normal 0 0 0
outer loop
vertex 1.633804e-02 1.564527e-01 -4.327337e-01
vertex 1.535907e-02 1.801268e-01 -4.412971e-01
vertex 1.916705e-02 1.570159e-01 -4.415471e-01
endloop
endfacet
facet normal 0 0 0
outer loop
vertex 5.327926e-02 1.830621e-01 -4.453819e-01
vertex 4.017752e-02 1.591173e-01 -4.456418e-01
vertex 3.781013e-02 1.823663e-01 -4.453387e-01
endloop
endfacet
facet normal 0 0 0
outer loop
vertex 3.781013e-02 1.823663e-01 -4.453387e-01
vertex 3.775255e-02 2.077857e-01 -4.448512e-01
vertex 5.327926e-02 1.830621e-01 -4.453819e-01
endloop
endfacet
facet normal 0 0 0
outer loop
vertex 4.680797e-02 2.736423e-01 -3.571042e-01
vertex 7.499935e-02 2.718746e-01 -3.667020e-01
vertex 4.660058e-02 2.816965e-01 -3.660372e-01
endloop
endfacet
facet normal 0 0 0
outer loop
vertex 2.347674e-02 2.800653e-01 -3.884279e-01
vertex 1.357185e-02 2.402481e-01 -3.919029e-01
vertex 1.939581e-02 2.682327e-01 -3.662795e-01
endloop
endfacet
facet normal 0 0 0
outer loop
vertex 7.671241e-02 2.647829e-01 -3.499494e-01
vertex 4.718493e-02 2.724929e-01 -3.523381e-01
vertex 4.731600e-02 2.737379e-01 -3.441987e-01
endloop
endfacet
facet normal 0 0 0
outer loop
vertex 9.294671e-02 8.931279e-01 1.712916e-01
vertex 7.604323e-02 9.473535e-01 1.291544e-01
vertex 8.149207e-02 9.203706e-01 8.780923e-02
endloop
endfacet
facet normal 0 0 0
outer loop
vertex 9.428211e-02 8.723848e-01 1.390763e-01
vertex 9.294671e-02 8.931279e-01 1.712916e-01
vertex 8.149207e-02 9.203706e-01 8.780923e-02
endloop
endfacet
facet normal 0 0 0
outer loop
vertex 7.012673e-02 6.009237e-02 -4.247620e-01
vertex 9.626096e-02 7.458621e-02 -4.242043e-01
vertex 7.000417e-02 5.996480e-02 -4.147211e-01
endloop
endfacet
facet normal 0 0 0
outer loop
vertex 1.859031e-02 2.611726e-01 -3.485498e-01
vertex 9.340765e-03 2.342701e-01 -3.396897e-01
vertex 1.855843e-02 2.624752e-01 -3.397463e-01
endloop
endfacet
facet normal 0 0 0
outer loop
vertex 1.859031e-02 2.611726e-01 -3.485498e-01
vertex 1.834344e-02 2.613881e-01 -3.552828e-01
vertex 9.358736e-03 2.311513e-01 -3.516198e-01
endloop
endfacet
facet normal 0 0 0
outer loop
vertex 6.220362e-02 1.137839e-01 -3.866862e-01
vertex 4.540782e-02 8.329841e-02 -4.035608e-01
vertex 6.794342e-02 7.340880e-02 -4.036613e-01
endloop
endfacet
facet normal 0 0 0
outer loop
vertex 1.036985e-02 2.332728e-01 -3.681361e-01
vertex 9.358736e-03 2.311513e-01 -3.516198e-01
vertex 1.834344e-02 2.613881e-01 -3.552828e-01
endloop
endfacet
facet normal 0 0 0
outer loop
vertex 9.610987e-02 7.443008e-02 -4.126091e-01
vertex 7.000417e-02 5.996480e-02 -4.147211e-01
vertex 9.626096e-02 7.458621e-02 -4.242043e-01
endloop
endfacet
facet normal 0 0 0
outer loop
vertex 5.597001e-02 1.567974e-01 -3.737476e-01
vertex 5.269382e-02 1.789836e-01 -3.661150e-01
vertex 2.613143e-02 1.554253e-01 -3.786514e-01
endloop
endfacet
facet normal 0 0 0
outer loop
vertex -1.338007e-01 4.783374e-01 1.262881e-01
vertex -1.349294e-01 4.097349e-01 1.643765e-01
vertex -9.844083e-02 4.836134e-01 1.436572e-01
endloop
endfacet
facet normal 0 0 0
outer loop
vertex 1.697483e-02 1.942084e-01 -3.640949e-01
vertex 1.036985e-02 2.332728e-01 -3.681361e-01
vertex 1.148411e-02 1.983898e-01 -3.912220e-01
endloop
endfacet
facet normal 0 0 0
outer loop
vertex 7.930725e-02 3.050635e-01 -2.451499e-01
vertex 9.107139e-02 2.815736e-01 -2.274575e-01
vertex 8.952119e-02 2.513423e-01 -2.994347e-01
endloop
endfacet
facet normal 0 0 0
outer loop
vertex 1.716530e-02 2.494701e-01 -4.153187e-01
vertex 1.357185e-02 2.402481e-01 -3.919029e-01
vertex 2.347674e-02 2.800653e-01 -3.884279e-01
endloop
endfacet
facet normal 0 0 0
outer loop
vertex 1.939581e-02 2.682327e-01 -3.662795e-01
vertex 4.680797e-02 2.736423e-01 -3.571042e-01
vertex 4.660058e-02 2.816965e-01 -3.660372e-01
endloop
endfacet
facet normal 0 0 0
outer loop
vertex 4.718493e-02 2.724929e-01 -3.523381e-01
vertex 1.859031e-02 2.611726e-01 -3.485498e-01
vertex 4.731600e-02 2.737379e-01 -3.441987e-01
endloop
endfacet
facet normal 0 0 0
outer loop
vertex -1.093350e-01 1.952551e-02 6.842302e-02
vertex -1.277048e-01 5.002278e-03 7.746743e-02
vertex -1.291721e-01 1.960245e-02 8.312714e-02
endloop
endfacet
facet normal 0 0 0
outer loop
vertex 2.233368e-02 1.772737e-01 -3.716588e-01
vertex 1.697483e-02 1.942084e-01 -3.640949e-01
vertex 1.148411e-02 1.983898e-01 -3.912220e-01
endloop
endfacet
facet normal 0 0 0
outer loop
vertex 1.859031e-02 2.611726e-01 -3.485498e-01
vertex 1.855843e-02 2.624752e-01 -3.397463e-01
vertex 4.731600e-02 2.737379e-01 -3.441987e-01
endloop
endfacet
facet normal 0 0 0
outer loop
vertex 2.347674e-02 2.800653e-01 -3.884279e-01
vertex 1.939581e-02 2.682327e-01 -3.662795e-01
vertex 4.660058e-02 2.816965e-01 -3.660372e-01
endloop
endfacet
facet normal 0 0 0
outer loop
vertex 2.347674e-02 2.800653e-01 -3.884279e-01
vertex 4.660058e-02 2.816965e-01 -3.660372e-01
vertex 4.716476e-02 2.943531e-01 -3.876314e-01
endloop
endfacet
facet normal 0 0 0
outer loop
vertex 4.716476e-02 2.943531e-01 -3.876314e-01
vertex 2.803286e-02 2.937419e-01 -4.096910e-01
vertex 2.347674e-02 2.800653e-01 -3.884279e-01
endloop
endfacet
facet normal 0 0 0
outer loop
vertex 4.779476e-02 3.089598e-01 -4.082671e-01
vertex 2.803286e-02 2.937419e-01 -4.096910e-01
vertex 4.716476e-02 2.943531e-01 -3.876314e-01
endloop
endfacet
facet normal 0 0 0
outer loop
vertex 1.940413e-02 2.541784e-01 -4.300809e-01
vertex 1.716530e-02 2.494701e-01 -4.153187e-01
vertex 2.803286e-02 2.937419e-01 -4.096910e-01
endloop
endfacet
facet normal 0 0 0
outer loop
vertex 1.940413e-02 2.541784e-01 -4.300809e-01
vertex 2.803286e-02 2.937419e-01 -4.096910e-01
vertex 3.084844e-02 3.012152e-01 -4.235363e-01
endloop
endfacet
facet normal 0 0 0
outer loop
vertex 1.716530e-02 2.494701e-01 -4.153187e-01
vertex 2.347674e-02 2.800653e-01 -3.884279e-01
vertex 2.803286e-02 2.937419e-01 -4.096910e-01
endloop
endfacet
facet normal 0 0 0
outer loop
vertex 2.377596e-02 1.125054e-01 -4.042646e-01
vertex 3.334662e-02 1.127255e-01 -3.904302e-01
vertex 1.619410e-02 1.552834e-01 -3.970195e-01
endloop
endfacet
facet normal 0 0 0
outer loop
vertex 3.334662e-02 1.127255e-01 -3.904302e-01
vertex 2.613143e-02 1.554253e-01 -3.786514e-01
vertex 1.619410e-02 1.552834e-01 -3.970195e-01
endloop
endfacet
facet normal 0 0 0
outer loop
vertex 1.220709e-02 1.771598e-01 -3.929492e-01
vertex 1.224572e-02 1.788267e-01 -4.175523e-01
vertex 1.619410e-02 1.552834e-01 -3.970195e-01
endloop
endfacet
facet normal 0 0 0
outer loop
vertex 1.220709e-02 1.771598e-01 -3.929492e-01
vertex 1.619410e-02 1.552834e-01 -3.970195e-01
vertex 2.613143e-02 1.554253e-01 -3.786514e-01
endloop
endfacet
facet normal 0 0 0
outer loop
vertex 2.613143e-02 1.554253e-01 -3.786514e-01
vertex 2.233368e-02 1.772737e-01 -3.716588e-01
vertex 1.220709e-02 1.771598e-01 -3.929492e-01
endloop
endfacet
facet normal 0 0 0
outer loop
vertex 4.763268e-02 2.822647e-01 -3.164485e-01
vertex 4.731600e-02 2.737379e-01 -3.441987e-01
vertex 1.855843e-02 2.624752e-01 -3.397463e-01
endloop
endfacet
facet normal 0 0 0
outer loop
vertex 1.836479e-02 2.993565e-01 -1.279517e-01
vertex 6.244366e-03 3.397180e-01 -1.177963e-01
vertex 6.575015e-03 3.218969e-01 -1.523852e-01
endloop
endfacet
facet normal 0 0 0
outer loop
vertex 7.000417e-02 5.996480e-02 -4.147211e-01
vertex 9.610987e-02 7.443008e-02 -4.126091e-01
vertex 6.794342e-02 7.340880e-02 -4.036613e-01
endloop
endfacet
facet normal 0 0 0
outer loop
vertex 4.024018e-02 7.297675e-02 -4.353553e-01
vertex 4.008703e-02 7.282681e-02 -4.241046e-01
vertex 2.398710e-02 1.130730e-01 -4.337728e-01
endloop
endfacet
facet normal 0 0 0
outer loop
vertex 8.367412e-02 3.214857e-01 -9.903554e-02
vertex 9.355974e-02 3.539313e-01 -1.102126e-01
vertex 8.387693e-02 3.307720e-01 -8.597501e-02
endloop
endfacet
facet normal 0 0 0
outer loop
vertex -2.612200e-01 7.153934e-01 -2.103320e-01
vertex -2.413900e-01 7.261959e-01 -2.336534e-01
vertex -2.554452e-01 7.251570e-01 -2.052118e-01
endloop
endfacet
facet normal 0 0 0
outer loop
vertex 1.858947e-02 2.778957e-01 -1.656448e-01
vertex 1.836479e-02 2.993565e-01 -1.279517e-01
vertex 6.575015e-03 3.218969e-01 -1.523852e-01
endloop
endfacet
facet normal 0 0 0
outer loop
vertex 9.042109e-02 2.027221e-01 -3.920303e-01
vertex 8.482192e-02 1.976471e-01 -3.651828e-01
vertex 8.308247e-02 1.801050e-01 -3.728254e-01
endloop
endfacet
facet normal 0 0 0
outer loop
vertex 9.596818e-02 1.597926e-01 -4.334243e-01
vertex 9.588041e-02 1.594824e-01 -4.191690e-01
vertex 1.009000e-01 1.156553e-01 -4.215072e-01
endloop
endfacet
facet normal 0 0 0
outer loop
vertex 7.698061e-02 2.668211e-01 -3.412336e-01
vertex 4.763268e-02 2.822647e-01 -3.164485e-01
vertex 7.781185e-02 2.753178e-01 -3.126988e-01
endloop
endfacet
facet normal 0 0 0
outer loop
vertex 1.934182e-02 2.264241e-01 -2.799270e-01
vertex 5.034262e-02 2.056337e-01 -3.087436e-01
vertex 5.051389e-02 2.182608e-01 -2.750021e-01
endloop
endfacet
facet normal 0 0 0
outer loop
vertex 1.950256e-02 2.137030e-01 -3.130617e-01
vertex 5.034262e-02 2.056337e-01 -3.087436e-01
vertex 1.934182e-02 2.264241e-01 -2.799270e-01
endloop
endfacet
facet normal 0 0 0
outer loop
vertex 5.068179e-02 1.942155e-01 -3.412006e-01
vertex 8.055574e-02 2.055800e-01 -3.445499e-01
vertex 8.040562e-02 2.113297e-01 -3.275735e-01
endloop
endfacet
facet normal 0 0 0
outer loop
vertex 9.588041e-02 1.594824e-01 -4.191690e-01
vertex 9.582002e-02 1.587088e-01 -3.979846e-01
vertex 1.008068e-01 1.153145e-01 -4.049400e-01
endloop
endfacet
facet normal 0 0 0
outer loop
vertex 9.042109e-02 2.027221e-01 -3.920303e-01
vertex 8.308247e-02 1.801050e-01 -3.728254e-01
vertex 9.316637e-02 1.810994e-01 -3.937892e-01
endloop
endfacet
facet normal 0 0 0
outer loop
vertex 8.753995e-02 2.380215e-01 -3.683860e-01
vertex 8.499226e-02 2.443924e-01 -3.922584e-01
vertex 7.499935e-02 2.718746e-01 -3.667020e-01
endloop
endfacet
facet normal 0 0 0
outer loop
vertex -7.857832e-02 8.755206e-01 -8.594020e-02
vertex -8.133601e-02 7.936742e-01 -8.848877e-02
vertex -1.156596e-01 8.716934e-01 -6.525738e-02
endloop
endfacet
facet normal 0 0 0
outer loop
vertex -8.133601e-02 7.936742e-01 -8.848877e-02
vertex -9.227256e-02 8.018339e-01 -6.595404e-02
vertex -1.156596e-01 8.716934e-01 -6.525738e-02
endloop
endfacet
facet normal 0 0 0
outer loop
vertex 8.055574e-02 2.055800e-01 -3.445499e-01
vertex 5.138689e-02 1.878977e-01 -3.590841e-01
vertex 8.482192e-02 1.976471e-01 -3.651828e-01
endloop
endfacet
facet normal 0 0 0
outer loop
vertex 5.138689e-02 1.878977e-01 -3.590841e-01
vertex 8.308247e-02 1.801050e-01 -3.728254e-01
vertex 8.482192e-02 1.976471e-01 -3.651828e-01
endloop
endfacet
facet normal 0 0 0
outer loop
vertex 5.269382e-02 1.789836e-01 -3.661150e-01
vertex 8.308247e-02 1.801050e-01 -3.728254e-01
vertex 5.138689e-02 1.878977e-01 -3.590841e-01
endloop
endfacet
facet normal 0 0 0
outer loop
vertex 5.068179e-02 1.942155e-01 -3.412006e-01
vertex 5.138689e-02 1.878977e-01 -3.590841e-01
vertex 8.055574e-02 2.055800e-01 -3.445499e-01
endloop
endfacet
facet normal 0 0 0
outer loop
vertex 5.138689e-02 1.878977e-01 -3.590841e-01
vertex 5.068179e-02 1.942155e-01 -3.412006e-01
vertex 1.988421e-02 2.030369e-01 -3.433238e-01
endloop
endfacet
facet normal 0 0 0
outer loop
vertex 1.697483e-02 1.942084e-01 -3.640949e-01
vertex 5.138689e-02 1.878977e-01 -3.590841e-01
vertex 1.988421e-02 2.030369e-01 -3.433238e-01
endloop
endfacet
facet normal 0 0 0
outer loop
vertex 5.138689e-02 1.878977e-01 -3.590841e-01
vertex 1.697483e-02 1.942084e-01 -3.640949e-01
vertex 2.233368e-02 1.772737e-01 -3.716588e-01
endloop
endfacet
facet normal 0 0 0
outer loop
vertex 7.187434e-02 2.826584e-01 -3.886013e-01
vertex 8.220422e-02 2.526735e-01 -4.159588e-01
vertex 6.838024e-02 2.954500e-01 -4.097244e-01
endloop
endfacet
facet normal 0 0 0
outer loop
vertex 7.698061e-02 2.668211e-01 -3.412336e-01
vertex 8.856373e-02 2.381596e-01 -3.405924e-01
vertex 7.671241e-02 2.647829e-01 -3.499494e-01
endloop
endfacet
facet normal 0 0 0
outer loop
vertex 8.977466e-02 2.063240e-01 -4.175234e-01
vertex 9.042109e-02 2.027221e-01 -3.920303e-01
vertex 9.320035e-02 1.826044e-01 -4.180252e-01
endloop
endfacet
facet normal 0 0 0
outer loop
vertex 7.671241e-02 2.647829e-01 -3.499494e-01
vertex 7.636635e-02 2.651478e-01 -3.561969e-01
vertex 4.718493e-02 2.724929e-01 -3.523381e-01
endloop
endfacet
facet normal 0 0 0
outer loop
vertex 4.680797e-02 2.736423e-01 -3.571042e-01
vertex 7.636635e-02 2.651478e-01 -3.561969e-01
vertex 7.499935e-02 2.718746e-01 -3.667020e-01
endloop
endfacet
facet normal 0 0 0
outer loop
vertex 7.636635e-02 2.651478e-01 -3.561969e-01
vertex 4.680797e-02 2.736423e-01 -3.571042e-01
vertex 4.718493e-02 2.724929e-01 -3.523381e-01
endloop
endfacet
facet normal 0 0 0
outer loop
vertex 9.320035e-02 1.826044e-01 -4.180252e-01
vertex 9.582002e-02 1.587088e-01 -3.979846e-01
vertex 9.588041e-02 1.594824e-01 -4.191690e-01
endloop
endfacet
facet normal 0 0 0
outer loop
vertex 8.977466e-02 2.063240e-01 -4.175234e-01
vertex 9.327530e-02 1.830274e-01 -4.330620e-01
vertex 8.943138e-02 2.075600e-01 -4.328006e-01
endloop
endfacet
facet normal 0 0 0
outer loop
vertex 8.086167e-02 4.966507e-01 -7.916810e-02
vertex 4.545739e-02 5.040215e-01 -9.267126e-02
vertex 8.095755e-02 5.669638e-01 -6.385200e-02
endloop
endfacet
facet normal 0 0 0
outer loop
vertex 5.111623e-02 2.924927e-01 -1.219918e-01
vertex 1.834086e-02 3.171861e-01 -9.409564e-02
vertex 1.836479e-02 2.993565e-01 -1.279517e-01
endloop
endfacet
facet normal 0 0 0
outer loop
vertex 1.834086e-02 3.171861e-01 -9.409564e-02
vertex 5.111623e-02 2.924927e-01 -1.219918e-01
vertex 5.146543e-02 3.104177e-01 -8.801156e-02
endloop
endfacet
facet normal 0 0 0
outer loop
vertex 9.316637e-02 1.810994e-01 -3.937892e-01
vertex 8.308247e-02 1.801050e-01 -3.728254e-01
vertex 8.585921e-02 1.579519e-01 -3.798278e-01
endloop
endfacet
facet normal 0 0 0
outer loop
vertex 9.112756e-02 1.148115e-01 -3.912687e-01
vertex 9.582002e-02 1.587088e-01 -3.979846e-01
vertex 8.585921e-02 1.579519e-01 -3.798278e-01
endloop
endfacet
facet normal 0 0 0
outer loop
vertex 7.930725e-02 3.050635e-01 -2.451499e-01
vertex 8.952119e-02 2.513423e-01 -2.994347e-01
vertex 7.781185e-02 2.753178e-01 -3.126988e-01
endloop
endfacet
facet normal 0 0 0
outer loop
vertex 9.329417e-02 3.445888e-01 -1.242245e-01
vertex 9.355974e-02 3.539313e-01 -1.102126e-01
vertex 8.367412e-02 3.214857e-01 -9.903554e-02
endloop
endfacet
facet normal 0 0 0
outer loop
vertex 8.300202e-02 3.035296e-01 -1.323463e-01
vertex 9.250379e-02 3.270172e-01 -1.567000e-01
vertex 9.329417e-02 3.445888e-01 -1.242245e-01
endloop
endfacet
facet normal 0 0 0
outer loop
vertex -2.237491e-01 1.242362e+00 1.599476e-01
vertex -2.279124e-01 1.263008e+00 1.619668e-01
vertex -2.248815e-01 1.265250e+00 1.423636e-01
endloop
endfacet
facet normal 0 0 0
outer loop
vertex -9.562383e-02 1.297364e+00 -5.136437e-02
vertex -9.548453e-02 1.258469e+00 -5.521238e-02
vertex -1.484924e-01 1.250448e+00 -5.626428e-02
endloop
endfacet
facet normal 0 0 0
outer loop
vertex 9.316637e-02 1.810994e-01 -3.937892e-01
vertex 9.320035e-02 1.826044e-01 -4.180252e-01
vertex 9.042109e-02 2.027221e-01 -3.920303e-01
endloop
endfacet
facet normal 0 0 0
outer loop
vertex 8.748872e-02 8.468043e-02 -4.034476e-01
vertex 9.610987e-02 7.443008e-02 -4.126091e-01
vertex 1.008068e-01 1.153145e-01 -4.049400e-01
endloop
endfacet
facet normal 0 0 0
outer loop
vertex 8.847021e-02 2.355910e-01 -3.521771e-01
vertex 8.753995e-02 2.380215e-01 -3.683860e-01
vertex 7.636635e-02 2.651478e-01 -3.561969e-01
endloop
endfacet
facet normal 0 0 0
outer loop
vertex 8.847021e-02 2.355910e-01 -3.521771e-01
vertex 7.636635e-02 2.651478e-01 -3.561969e-01
vertex 7.671241e-02 2.647829e-01 -3.499494e-01
endloop
endfacet
facet normal 0 0 0
outer loop
vertex 7.671241e-02 2.647829e-01 -3.499494e-01
vertex 8.856373e-02 2.381596e-01 -3.405924e-01
vertex 8.847021e-02 2.355910e-01 -3.521771e-01
endloop
endfacet
facet normal 0 0 0
outer loop
vertex 4.731600e-02 2.737379e-01 -3.441987e-01
vertex 7.698061e-02 2.668211e-01 -3.412336e-01
vertex 7.671241e-02 2.647829e-01 -3.499494e-01
endloop
endfacet
facet normal 0 0 0
outer loop
vertex 8.952119e-02 2.513423e-01 -2.994347e-01
vertex 8.872501e-02 2.409313e-01 -3.299233e-01
vertex 7.781185e-02 2.753178e-01 -3.126988e-01
endloop
endfacet
facet normal 0 0 0
outer loop
vertex 7.499935e-02 2.718746e-01 -3.667020e-01
vertex 7.636635e-02 2.651478e-01 -3.561969e-01
vertex 8.753995e-02 2.380215e-01 -3.683860e-01
endloop
endfacet
facet normal 0 0 0
outer loop
vertex 8.499226e-02 2.443924e-01 -3.922584e-01
vertex 7.187434e-02 2.826584e-01 -3.886013e-01
vertex 7.499935e-02 2.718746e-01 -3.667020e-01
endloop
endfacet
facet normal 0 0 0
outer loop
vertex 2.433784e-02 9.968767e-01 1.234232e-01
vertex -2.195131e-02 9.957789e-01 1.253595e-01
vertex -2.289049e-02 9.227015e-01 1.179828e-01
endloop
endfacet
facet normal 0 0 0
outer loop
vertex 2.433784e-02 9.968767e-01 1.234232e-01
vertex -2.289049e-02 9.227015e-01 1.179828e-01
vertex 2.571317e-02 9.237238e-01 1.161086e-01
endloop
endfacet
facet normal 0 0 0
outer loop
vertex -1.517019e-01 -6.968117e-03 2.632664e-01
vertex -1.480578e-01 -6.130972e-03 2.202237e-01
vertex -1.433721e-01 -9.761634e-03 2.593966e-01
endloop
endfacet
facet normal 0 0 0
outer loop
vertex 1.751887e-01 6.869421e-01 2.916041e-01
vertex 1.785525e-01 6.759433e-01 2.969663e-01
vertex 1.541783e-01 6.765124e-01 3.011974e-01
endloop
endfacet
facet normal 0 0 0
outer loop
vertex 9.428211e-02 8.723848e-01 1.390763e-01
vertex 1.029546e-01 8.660770e-01 1.879126e-01
vertex 9.294671e-02 8.931279e-01 1.712916e-01
endloop
endfacet
facet normal 0 0 0
outer loop
vertex 8.284392e-02 5.388979e-01 5.427997e-02
vertex 9.415278e-02 5.705484e-01 -2.619398e-03
vertex 8.269122e-02 5.513706e-01 6.113061e-02
endloop
endfacet
facet normal 0 0 0
outer loop
vertex 9.409936e-02 5.409439e-01 -1.240695e-02
vertex 9.415278e-02 5.705484e-01 -2.619398e-03
vertex 8.284392e-02 5.388979e-01 5.427997e-02
endloop
endfacet
facet normal 0 0 0
outer loop
vertex 1.751887e-01 6.869421e-01 2.916041e-01
vertex 1.541783e-01 6.765124e-01 3.011974e-01
vertex 1.511963e-01 6.865278e-01 2.949077e-01
endloop
endfacet
facet normal 0 0 0
outer loop
vertex 1.541783e-01 6.765124e-01 3.011974e-01
vertex 1.361768e-01 6.819996e-01 3.434522e-01
vertex 1.346886e-01 6.995568e-01 3.219290e-01
endloop
endfacet
facet normal 0 0 0
outer loop
vertex -6.973093e-02 1.131506e+00 1.956338e-01
vertex -8.993237e-02 1.133428e+00 1.957622e-01
vertex -8.999854e-02 1.123082e+00 1.946655e-01
endloop
endfacet
facet normal 0 0 0
outer loop
vertex -7.651354e-02 2.938518e-02 2.655523e-01
vertex -7.028233e-02 3.583216e-02 2.217960e-01
vertex -8.584145e-02 4.248644e-02 2.658294e-01
endloop
endfacet
facet normal 0 0 0
outer loop
vertex -1.346571e-01 4.454046e-01 2.182032e-02
vertex -1.015330e-01 3.750996e-01 6.751823e-02
vertex -1.352154e-01 3.818019e-01 8.244333e-02
endloop
endfacet
facet normal 0 0 0
outer loop
vertex -7.170013e-02 9.233466e-01 1.160878e-01
vertex -1.134140e-01 8.570632e-01 7.961323e-02
vertex -7.482431e-02 8.538963e-01 1.054417e-01
endloop
endfacet
facet normal 0 0 0
outer loop
vertex 1.723852e-01 6.964577e-01 2.870306e-01
vertex 1.511963e-01 6.865278e-01 2.949077e-01
vertex 1.486887e-01 6.952973e-01 2.893880e-01
endloop
endfacet
facet normal 0 0 0
outer loop
vertex 1.257542e-01 8.278676e-01 1.335442e-01
vertex 1.557027e-01 8.340974e-01 1.270382e-01
vertex 1.571381e-01 8.278052e-01 1.368249e-01
endloop
endfacet
facet normal 0 0 0
outer loop
vertex 1.557027e-01 8.340974e-01 1.270382e-01
vertex 1.257542e-01 8.278676e-01 1.335442e-01
vertex 1.224929e-01 8.363808e-01 1.257347e-01
endloop
endfacet
facet normal 0 0 0
outer loop
vertex 1.511963e-01 6.865278e-01 2.949077e-01
vertex 1.541783e-01 6.765124e-01 3.011974e-01
vertex 1.346886e-01 6.995568e-01 3.219290e-01
endloop
endfacet
facet normal 0 0 0
outer loop
vertex 1.593294e-01 8.895119e-01 1.913418e-01
vertex 1.284254e-01 8.821141e-01 1.995375e-01
vertex 1.622917e-01 8.760020e-01 2.012553e-01
endloop
endfacet
facet normal 0 0 0
outer loop
vertex 1.453229e-01 7.104991e-01 2.772249e-01
vertex 1.691401e-01 7.122745e-01 2.758966e-01
vertex 1.467577e-01 7.030130e-01 2.836706e-01
endloop
endfacet
facet normal 0 0 0
outer loop
vertex 1.785525e-01 6.759433e-01 2.969663e-01
vertex 1.784386e-01 6.566615e-01 3.176987e-01
vertex 1.541783e-01 6.765124e-01 3.011974e-01
endloop
endfacet
facet normal 0 0 0
outer loop
vertex -5.799375e-02 5.723647e-01 8.069788e-02
vertex -5.963276e-02 5.443827e-01 9.227022e-02
vertex -4.815818e-02 5.274951e-01 2.842551e-02
endloop
endfacet
facet normal 0 0 0
outer loop
vertex -1.050137e-01 9.980354e-02 1.854275e-01
vertex -1.052800e-01 8.493470e-02 1.858282e-01
vertex -7.460150e-02 9.831026e-02 1.748522e-01
endloop
endfacet
facet normal 0 0 0
outer loop
vertex -1.037199e-01 2.111713e-01 1.096074e-01
vertex -7.281951e-02 2.123952e-01 1.230307e-01
vertex -7.478146e-02 1.353432e-01 1.161564e-01
endloop
endfacet
facet normal 0 0 0
outer loop
vertex 1.784386e-01 6.566615e-01 3.176987e-01
vertex 1.554962e-01 6.581340e-01 3.221691e-01
vertex 1.541783e-01 6.765124e-01 3.011974e-01
endloop
endfacet
facet normal 0 0 0
outer loop
vertex -2.938501e-02 8.759706e-01 -8.243424e-02
vertex 1.521049e-02 9.491162e-01 -6.262045e-02
vertex 9.009912e-03 8.754983e-01 -7.098003e-02
endloop
endfacet
facet normal 0 0 0
outer loop
vertex -6.435856e-02 4.438227e-01 1.556522e-02
vertex -6.086129e-02 5.136214e-01 -3.775998e-02
vertex -4.815818e-02 5.274951e-01 2.842551e-02
endloop
endfacet
facet normal 0 0 0
outer loop
vertex 1.460282e-01 7.458189e-01 3.426456e-01
vertex 1.699966e-01 7.418784e-01 3.503745e-01
vertex 1.703146e-01 7.455152e-01 3.393280e-01
endloop
endfacet
facet normal 0 0 0
outer loop
vertex -9.785114e-02 -7.806838e-03 1.286111e-01
vertex -9.434444e-02 -8.837198e-03 1.711816e-01
vertex -1.085001e-01 -8.796163e-03 1.709100e-01
endloop
endfacet
facet normal 0 0 0
outer loop
vertex 1.563379e-01 6.382803e-01 4.378848e-01
vertex 1.429441e-01 6.787975e-01 4.164307e-01
vertex 1.445170e-01 6.283174e-01 4.493730e-01
endloop
endfacet
facet normal 0 0 0
outer loop
vertex 1.541783e-01 6.765124e-01 3.011974e-01
vertex 1.554962e-01 6.581340e-01 3.221691e-01
vertex 1.361768e-01 6.819996e-01 3.434522e-01
endloop
endfacet
facet normal 0 0 0
outer loop
vertex 1.870913e-01 7.320453e-01 3.140828e-01
vertex 1.879603e-01 7.262306e-01 3.212847e-01
vertex 1.896999e-01 7.104619e-01 2.960992e-01
endloop
endfacet
facet normal 0 0 0
outer loop
vertex 1.460282e-01 7.458189e-01 3.426456e-01
vertex 1.290111e-01 7.313673e-01 3.332142e-01
vertex 1.288490e-01 7.275379e-01 3.447259e-01
endloop
endfacet
facet normal 0 0 0
outer loop
vertex 1.297830e-01 7.255867e-01 2.910844e-01
vertex 1.453229e-01 7.104991e-01 2.772249e-01
vertex 1.310811e-01 7.186227e-01 2.980315e-01
endloop
endfacet
facet normal 0 0 0
outer loop
vertex 1.443230e-01 7.256744e-01 3.766385e-01
vertex 1.452809e-01 7.431266e-01 3.547758e-01
vertex 1.288490e-01 7.275379e-01 3.447259e-01
endloop
endfacet
facet normal 0 0 0
outer loop
vertex 1.723852e-01 6.964577e-01 2.870306e-01
vertex 1.703431e-01 7.046573e-01 2.820256e-01
vertex 1.896999e-01 7.104619e-01 2.960992e-01
endloop
endfacet
facet normal 0 0 0
outer loop
vertex 1.703431e-01 7.046573e-01 2.820256e-01
vertex 1.881241e-01 7.179666e-01 2.908181e-01
vertex 1.896999e-01 7.104619e-01 2.960992e-01
endloop
endfacet
facet normal 0 0 0
outer loop
vertex 1.321167e-01 7.126598e-01 3.052270e-01
vertex 1.467577e-01 7.030130e-01 2.836706e-01
vertex 1.486887e-01 6.952973e-01 2.893880e-01
endloop
endfacet
facet normal 0 0 0
outer loop
vertex 1.723852e-01 6.964577e-01 2.870306e-01
vertex 1.486887e-01 6.952973e-01 2.893880e-01
vertex 1.703431e-01 7.046573e-01 2.820256e-01
endloop
endfacet
facet normal 0 0 0
outer loop
vertex 1.486887e-01 6.952973e-01 2.893880e-01
vertex 1.467577e-01 7.030130e-01 2.836706e-01
vertex 1.703431e-01 7.046573e-01 2.820256e-01
endloop
endfacet
facet normal 0 0 0
outer loop
vertex 1.467577e-01 7.030130e-01 2.836706e-01
vertex 1.321167e-01 7.126598e-01 3.052270e-01
vertex 1.310811e-01 7.186227e-01 2.980315e-01
endloop
endfacet
facet normal 0 0 0
outer loop
vertex 1.460282e-01 7.458189e-01 3.426456e-01
vertex 1.452809e-01 7.431266e-01 3.547758e-01
vertex 1.699966e-01 7.418784e-01 3.503745e-01
endloop
endfacet
facet normal 0 0 0
outer loop
vertex 1.511963e-01 6.865278e-01 2.949077e-01
vertex 1.332474e-01 7.065234e-01 3.129612e-01
vertex 1.486887e-01 6.952973e-01 2.893880e-01
endloop
endfacet
facet normal 0 0 0
outer loop
vertex 1.486887e-01 6.952973e-01 2.893880e-01
vertex 1.332474e-01 7.065234e-01 3.129612e-01
vertex 1.321167e-01 7.126598e-01 3.052270e-01
endloop
endfacet
facet normal 0 0 0
outer loop
vertex 1.332474e-01 7.065234e-01 3.129612e-01
vertex 1.511963e-01 6.865278e-01 2.949077e-01
vertex 1.346886e-01 6.995568e-01 3.219290e-01
endloop
endfacet
facet normal 0 0 0
outer loop
vertex 1.699966e-01 7.418784e-01 3.503745e-01
vertex 1.452809e-01 7.431266e-01 3.547758e-01
vertex 1.676351e-01 7.236170e-01 3.718858e-01
endloop
endfacet
facet normal 0 0 0
outer loop
vertex 1.676351e-01 7.236170e-01 3.718858e-01
vertex 1.452809e-01 7.431266e-01 3.547758e-01
vertex 1.443230e-01 7.256744e-01 3.766385e-01
endloop
endfacet
facet normal 0 0 0
outer loop
vertex 1.295043e-01 7.104402e-01 3.666546e-01
vertex 1.443230e-01 7.256744e-01 3.766385e-01
vertex 1.288490e-01 7.275379e-01 3.447259e-01
endloop
endfacet
facet normal 0 0 0
outer loop
vertex 1.879603e-01 7.262306e-01 3.212847e-01
vertex 1.891395e-01 7.195009e-01 3.298192e-01
vertex 1.919279e-01 7.019711e-01 3.012095e-01
endloop
endfacet
facet normal 0 0 0
outer loop
vertex 1.231598e-01 1.008497e+00 7.937771e-02
vertex 1.287360e-01 9.850273e-01 1.201115e-01
vertex 1.459733e-01 9.761870e-01 8.572426e-02
endloop
endfacet
facet normal 0 0 0
outer loop
vertex 1.472234e-01 7.516930e-01 3.235067e-01
vertex 1.709908e-01 7.527389e-01 3.217845e-01
vertex 1.466616e-01 7.574998e-01 3.159489e-01
endloop
endfacet
facet normal 0 0 0
outer loop
vertex 3.749175e-02 5.896932e-01 1.029687e-01
vertex -2.454779e-02 5.997459e-01 9.453583e-02
vertex -5.746417e-04 5.764609e-01 7.788842e-02
endloop
endfacet
facet normal 0 0 0
outer loop
vertex 1.444099e-01 7.732452e-01 3.012409e-01
vertex 1.282917e-01 7.454000e-01 3.075144e-01
vertex 1.466616e-01 7.574998e-01 3.159489e-01
endloop
endfacet
facet normal 0 0 0
outer loop
vertex 6.608324e-02 9.316687e-01 9.523372e-02
vertex 7.005877e-02 9.466947e-01 6.653081e-02
vertex 6.892230e-02 9.540645e-01 8.136629e-02
endloop
endfacet
facet normal 0 0 0
outer loop
vertex 6.892230e-02 9.540645e-01 8.136629e-02
vertex 7.005877e-02 9.466947e-01 6.653081e-02
vertex 8.149207e-02 9.203706e-01 8.780923e-02
endloop
endfacet
facet normal 0 0 0
outer loop
vertex 1.709908e-01 7.527389e-01 3.217845e-01
vertex 1.706799e-01 7.587271e-01 3.145524e-01
vertex 1.466616e-01 7.574998e-01 3.159489e-01
endloop
endfacet
facet normal 0 0 0
outer loop
vertex 1.827972e-01 8.013048e-01 2.448227e-01
vertex 1.849775e-01 7.618278e-01 2.832640e-01
vertex 1.860249e-01 7.434136e-01 2.646917e-01
endloop
endfacet
facet normal 0 0 0
outer loop
vertex 1.833523e-01 7.860843e-01 2.211305e-01
vertex 1.827972e-01 8.013048e-01 2.448227e-01
vertex 1.860249e-01 7.434136e-01 2.646917e-01
endloop
endfacet
facet normal 0 0 0
outer loop
vertex 1.172688e-01 1.014150e+00 3.978106e-03
vertex 1.316211e-01 9.951684e-01 4.485118e-02
vertex 1.316025e-01 9.864492e-01 2.637920e-02
endloop
endfacet
facet normal 0 0 0
outer loop
vertex 1.540854e-01 8.436587e-01 1.169912e-01
vertex 1.557027e-01 8.340974e-01 1.270382e-01
vertex 1.224929e-01 8.363808e-01 1.257347e-01
endloop
endfacet
facet normal 0 0 0
outer loop
vertex 1.453229e-01 7.104991e-01 2.772249e-01
vertex 1.422041e-01 7.276326e-01 2.565669e-01
vertex 1.691401e-01 7.122745e-01 2.758966e-01
endloop
endfacet
facet normal 0 0 0
outer loop
vertex 7.285196e-02 9.529455e-01 4.391675e-02
vertex 7.145721e-02 9.740610e-01 6.898447e-02
vertex 7.203010e-02 9.511892e-01 5.061777e-02
endloop
endfacet
facet normal 0 0 0
outer loop
vertex -2.331014e-02 1.107762e+00 2.262926e-03
vertex 3.809971e-03 1.108697e+00 4.707816e-03
vertex -2.335883e-02 1.107070e+00 -1.206025e-02
endloop
endfacet
facet normal 0 0 0
outer loop
vertex -1.157380e-01 1.012151e+00 9.531278e-02
vertex -1.178400e-01 9.731358e-01 6.882585e-02
vertex -1.041258e-01 9.996835e-01 1.138797e-01
endloop
endfacet
facet normal 0 0 0
outer loop
vertex 1.468340e-01 7.482380e-01 3.323014e-01
vertex 1.293077e-01 7.347872e-01 3.233835e-01
vertex 1.290111e-01 7.313673e-01 3.332142e-01
endloop
endfacet
facet normal 0 0 0
outer loop
vertex 1.329190e-01 8.567744e-01 2.198154e-01
vertex 1.354672e-01 8.386475e-01 2.381014e-01
vertex 1.639718e-01 8.449789e-01 2.320125e-01
endloop
endfacet
facet normal 0 0 0
outer loop
vertex 1.284254e-01 8.821141e-01 1.995375e-01
vertex 1.306792e-01 8.680891e-01 2.100036e-01
vertex 1.622917e-01 8.760020e-01 2.012553e-01
endloop
endfacet
facet normal 0 0 0
outer loop
vertex 3.626278e-03 1.115769e+00 1.412054e-02
vertex 1.825954e-02 1.126071e+00 2.811808e-02
vertex 2.102709e-02 1.115031e+00 2.554615e-02
endloop
endfacet
facet normal 0 0 0
outer loop
vertex 2.102709e-02 1.115031e+00 2.554615e-02
vertex 6.360356e-03 1.109725e+00 9.105940e-03
vertex 3.626278e-03 1.115769e+00 1.412054e-02
endloop
endfacet
facet normal 0 0 0
outer loop
vertex 1.624481e-01 8.637930e-01 2.130078e-01
vertex 1.306792e-01 8.680891e-01 2.100036e-01
vertex 1.329190e-01 8.567744e-01 2.198154e-01
endloop
endfacet
facet normal 0 0 0
outer loop
vertex -6.983335e-02 1.128587e+00 1.298338e-01
vertex -6.967295e-02 1.133252e+00 1.049975e-01
vertex -4.877616e-02 1.127853e+00 1.298805e-01
endloop
endfacet
facet normal 0 0 0
outer loop
vertex -6.967295e-02 1.133252e+00 1.049975e-01
vertex -4.892018e-02 1.129259e+00 1.136711e-01
vertex -4.877616e-02 1.127853e+00 1.298805e-01
endloop
endfacet
facet normal 0 0 0
outer loop
vertex 7.190681e-02 9.677506e-01 9.892168e-03
vertex 4.162809e-02 9.414658e-01 -3.054667e-02
vertex 5.691512e-02 9.721394e-01 -1.717439e-02
endloop
endfacet
facet normal 0 0 0
outer loop
vertex 7.704738e-02 1.068152e+00 6.203698e-02
vertex 7.197892e-02 1.026052e+00 7.813802e-02
vertex 7.894608e-02 1.027137e+00 7.094935e-02
endloop
endfacet
facet normal 0 0 0
outer loop
vertex 7.197892e-02 1.026052e+00 7.813802e-02
vertex 7.704738e-02 1.068152e+00 6.203698e-02
vertex 7.172070e-02 1.070348e+00 7.600641e-02
endloop
endfacet
facet normal 0 0 0
outer loop
vertex 8.340023e-02 1.075981e+00 2.659054e-02
vertex 7.750989e-02 1.073504e+00 5.085968e-02
vertex 7.704738e-02 1.068152e+00 6.203698e-02
endloop
endfacet
facet normal 0 0 0
outer loop
vertex 8.430302e-02 1.063258e+00 5.946200e-02
vertex 8.765672e-02 1.070280e+00 2.213193e-02
vertex 7.704738e-02 1.068152e+00 6.203698e-02
endloop
endfacet
facet normal 0 0 0
outer loop
vertex 8.765672e-02 1.070280e+00 2.213193e-02
vertex 8.340023e-02 1.075981e+00 2.659054e-02
vertex 7.704738e-02 1.068152e+00 6.203698e-02
endloop
endfacet
facet normal 0 0 0
outer loop
vertex 7.190681e-02 9.677506e-01 9.892168e-03
vertex 7.452340e-02 9.276409e-01 1.387571e-02
vertex 4.162809e-02 9.414658e-01 -3.054667e-02
endloop
endfacet
facet normal 0 0 0
outer loop
vertex 7.604323e-02 9.473535e-01 1.291544e-01
vertex 6.769674e-02 9.586795e-01 8.548035e-02
vertex 6.892230e-02 9.540645e-01 8.136629e-02
endloop
endfacet
facet normal 0 0 0
outer loop
vertex 6.769674e-02 9.586795e-01 8.548035e-02
vertex 6.608324e-02 9.316687e-01 9.523372e-02
vertex 6.892230e-02 9.540645e-01 8.136629e-02
endloop
endfacet
facet normal 0 0 0
outer loop
vertex 7.620068e-02 1.046642e+00 -3.981309e-02
vertex 7.644986e-02 1.045894e+00 -3.936845e-02
vertex 6.964360e-02 1.040267e+00 -5.107490e-02
endloop
endfacet
facet normal 0 0 0
outer loop
vertex 7.873816e-02 1.046306e+00 -3.893197e-02
vertex 7.644986e-02 1.045894e+00 -3.936845e-02
vertex 7.620068e-02 1.046642e+00 -3.981309e-02
endloop
endfacet
facet normal 0 0 0
outer loop
vertex 7.109677e-02 1.020876e+00 8.605348e-02
vertex 5.615519e-02 9.942499e-01 8.239194e-02
vertex 7.071820e-02 1.015133e+00 8.790145e-02
endloop
endfacet
facet normal 0 0 0
outer loop
vertex 1.132979e-01 8.593596e-01 1.083559e-01
vertex 9.428211e-02 8.723848e-01 1.390763e-01
vertex 8.149207e-02 9.203706e-01 8.780923e-02
endloop
endfacet
facet normal 0 0 0
outer loop
vertex 1.706971e-02 1.109565e+00 8.620862e-02
vertex -1.180086e-03 1.115029e+00 1.016154e-01
vertex -1.769357e-04 1.106406e+00 9.993538e-02
endloop
endfacet
facet normal 0 0 0
outer loop
vertex -1.449132e-01 1.401775e-01 1.460872e-01
vertex -1.353799e-01 1.451014e-01 1.781749e-01
vertex -1.454871e-01 2.190931e-01 1.523552e-01
endloop
endfacet
facet normal 0 0 0
outer loop
vertex 3.809971e-03 1.108697e+00 4.707816e-03
vertex 6.360356e-03 1.109725e+00 9.105940e-03
vertex 3.727460e-02 1.102863e+00 1.153179e-02
endloop
endfacet
facet normal 0 0 0
outer loop
vertex 5.416591e-02 1.096602e+00 4.693190e-02
vertex 3.727460e-02 1.102863e+00 1.153179e-02
vertex 4.013512e-02 1.101413e+00 5.083873e-02
endloop
endfacet
facet normal 0 0 0
outer loop
vertex 7.071820e-02 1.015133e+00 8.790145e-02
vertex 5.615519e-02 9.942499e-01 8.239194e-02
vertex 7.045622e-02 1.011375e+00 8.927546e-02
endloop
endfacet
facet normal 0 0 0
outer loop
vertex -4.866611e-02 5.916616e-01 7.754222e-02
vertex -2.517754e-02 5.966269e-01 6.956595e-03
vertex -2.454779e-02 5.997459e-01 9.453583e-02
endloop
endfacet
facet normal 0 0 0
outer loop
vertex -2.331014e-02 1.107762e+00 2.262926e-03
vertex -2.335883e-02 1.107070e+00 -1.206025e-02
vertex -5.050810e-02 1.106048e+00 4.331728e-03
endloop
endfacet
facet normal 0 0 0
outer loop
vertex 6.140424e-02 1.077823e+00 9.728626e-02
vertex 7.074607e-02 1.038209e+00 8.731732e-02
vertex 7.172070e-02 1.070348e+00 7.600641e-02
endloop
endfacet
facet normal 0 0 0
outer loop
vertex 3.809971e-03 1.108697e+00 4.707816e-03
vertex 3.727460e-02 1.102863e+00 1.153179e-02
vertex 5.142637e-02 1.096921e+00 -4.863064e-04
endloop
endfacet
facet normal 0 0 0
outer loop
vertex 9.756766e-03 1.108096e+00 -9.571609e-03
vertex 6.649908e-02 1.087500e+00 -1.485756e-02
vertex 1.557353e-02 1.107255e+00 -2.683945e-02
endloop
endfacet
facet normal 0 0 0
outer loop
vertex 2.034113e-02 1.102900e+00 8.674843e-02
vertex 3.067569e-02 1.099583e+00 8.876834e-02
vertex 4.013512e-02 1.101413e+00 5.083873e-02
endloop
endfacet
facet normal 0 0 0
outer loop
vertex -2.441971e-02 1.123276e+00 1.057644e-01
vertex -2.331126e-02 1.112021e+00 1.044412e-01
vertex -1.180086e-03 1.115029e+00 1.016154e-01
endloop
endfacet
facet normal 0 0 0
outer loop
vertex 3.270965e-02 1.152682e+00 1.315057e-01
vertex 1.467924e-02 1.144341e+00 1.039623e-01
vertex 3.129433e-02 1.158282e+00 1.044633e-01
endloop
endfacet
facet normal 0 0 0
outer loop
vertex -2.331126e-02 1.112021e+00 1.044412e-01
vertex -1.769357e-04 1.106406e+00 9.993538e-02
vertex -1.180086e-03 1.115029e+00 1.016154e-01
endloop
endfacet
facet normal 0 0 0
outer loop
vertex -2.264432e-02 1.103486e+00 1.035749e-01
vertex -2.227464e-02 1.096721e+00 1.052902e-01
vertex -1.769357e-04 1.106406e+00 9.993538e-02
endloop
endfacet
facet normal 0 0 0
outer loop
vertex -4.390621e-02 1.102167e+00 1.019296e-01
vertex -2.331126e-02 1.112021e+00 1.044412e-01
vertex -4.443747e-02 1.110816e+00 1.031040e-01
endloop
endfacet
facet normal 0 0 0
outer loop
vertex -2.264432e-02 1.103486e+00 1.035749e-01
vertex -2.331126e-02 1.112021e+00 1.044412e-01
vertex -4.390621e-02 1.102167e+00 1.019296e-01
endloop
endfacet
facet normal 0 0 0
outer loop
vertex -6.832007e-02 1.123124e+00 1.487174e-01
vertex -4.713968e-02 1.122654e+00 1.487124e-01
vertex -4.696185e-02 1.118224e+00 1.638483e-01
endloop
endfacet
facet normal 0 0 0
outer loop
vertex -2.264432e-02 1.103486e+00 1.035749e-01
vertex -1.769357e-04 1.106406e+00 9.993538e-02
vertex -2.331126e-02 1.112021e+00 1.044412e-01
endloop
endfacet
facet normal 0 0 0
outer loop
vertex 1.706971e-02 1.109565e+00 8.620862e-02
vertex 1.569542e-02 1.118809e+00 8.861712e-02
vertex -1.180086e-03 1.115029e+00 1.016154e-01
endloop
endfacet
facet normal 0 0 0
outer loop
vertex 3.453920e-03 1.090478e+00 1.132020e-01
vertex 2.034113e-02 1.102900e+00 8.674843e-02
vertex 1.840557e-03 1.099791e+00 1.013484e-01
endloop
endfacet
facet normal 0 0 0
outer loop
vertex 1.840557e-03 1.099791e+00 1.013484e-01
vertex 2.034113e-02 1.102900e+00 8.674843e-02
vertex 1.706971e-02 1.109565e+00 8.620862e-02
endloop
endfacet
facet normal 0 0 0
outer loop
vertex -4.390621e-02 1.102167e+00 1.019296e-01
vertex -2.227464e-02 1.096721e+00 1.052902e-01
vertex -2.264432e-02 1.103486e+00 1.035749e-01
endloop
endfacet
facet normal 0 0 0
outer loop
vertex 4.806979e-02 1.088679e+00 9.569687e-02
vertex 6.140424e-02 1.077823e+00 9.728626e-02
vertex 5.287772e-02 1.092316e+00 9.188453e-02
endloop
endfacet
facet normal 0 0 0
outer loop
vertex -2.371504e-02 1.088461e+00 1.145931e-01
vertex -2.354849e-02 1.082111e+00 1.224392e-01
vertex 3.453920e-03 1.090478e+00 1.132020e-01
endloop
endfacet
facet normal 0 0 0
outer loop
vertex 7.239091e-02 6.403727e-01 8.901840e-02
vertex 6.893069e-02 6.816370e-01 5.147205e-02
vertex 5.065679e-02 7.248666e-01 8.332002e-02
endloop
endfacet
facet normal 0 0 0
outer loop
vertex 3.017108e-02 6.403426e-01 1.115932e-01
vertex 7.239091e-02 6.403727e-01 8.901840e-02
vertex 5.065679e-02 7.248666e-01 8.332002e-02
endloop
endfacet
facet normal 0 0 0
outer loop
vertex -6.019232e-02 1.078495e+00 1.213756e-01
vertex -2.275821e-02 1.051881e+00 1.293663e-01
vertex -2.686304e-02 1.080460e+00 1.217697e-01
endloop
endfacet
facet normal 0 0 0
outer loop
vertex 1.306792e-01 8.680891e-01 2.100036e-01
vertex 1.093977e-01 8.432246e-01 2.055065e-01
vertex 1.329190e-01 8.567744e-01 2.198154e-01
endloop
endfacet
facet normal 0 0 0
outer loop
vertex 1.224929e-01 8.363808e-01 1.257347e-01
vertex 1.257542e-01 8.278676e-01 1.335442e-01
vertex 1.036865e-01 8.482632e-01 1.554479e-01
endloop
endfacet
facet normal 0 0 0
outer loop
vertex 1.284254e-01 8.821141e-01 1.995375e-01
vertex 1.593294e-01 8.895119e-01 1.913418e-01
vertex 1.179614e-01 9.116817e-01 1.809414e-01
endloop
endfacet
facet normal 0 0 0
outer loop
vertex -3.817671e-03 1.122792e+00 1.767252e-01
vertex -3.626747e-03 1.121302e+00 1.862793e-01
vertex -2.511056e-02 1.117438e+00 1.760685e-01
endloop
endfacet
facet normal 0 0 0
outer loop
vertex 9.609640e-03 1.084255e+00 1.213721e-01
vertex -2.071116e-02 1.080822e+00 1.218425e-01
vertex 1.226183e-02 1.087179e+00 1.156228e-01
endloop
endfacet
facet normal 0 0 0
outer loop
vertex -2.071116e-02 1.080822e+00 1.218425e-01
vertex 7.116269e-03 1.077093e+00 1.188673e-01
vertex 1.226183e-02 1.087179e+00 1.156228e-01
endloop
endfacet
facet normal 0 0 0
outer loop
vertex 1.036865e-01 8.482632e-01 1.554479e-01
vertex 1.257542e-01 8.278676e-01 1.335442e-01
vertex 1.072702e-01 8.383236e-01 1.629955e-01
endloop
endfacet
facet normal 0 0 0
outer loop
vertex 1.029546e-01 8.660770e-01 1.879126e-01
vertex 9.428211e-02 8.723848e-01 1.390763e-01
vertex 1.036865e-01 8.482632e-01 1.554479e-01
endloop
endfacet
facet normal 0 0 0
outer loop
vertex 4.119190e-02 5.650886e-01 9.617484e-02
vertex 6.158384e-03 5.543697e-01 7.065816e-02
vertex 4.477507e-02 5.437379e-01 8.632441e-02
endloop
endfacet
facet normal 0 0 0
outer loop
vertex 1.962223e-03 4.315354e-01 -5.353138e-02
vertex 6.893234e-03 4.454231e-01 -7.179192e-02
vertex 3.630293e-03 3.972062e-01 -7.749893e-02
endloop
endfacet
facet normal 0 0 0
outer loop
vertex 1.224929e-01 8.363808e-01 1.257347e-01
vertex 1.036865e-01 8.482632e-01 1.554479e-01
vertex 9.428211e-02 8.723848e-01 1.390763e-01
endloop
endfacet
facet normal 0 0 0
outer loop
vertex 6.463581e-02 9.890253e-01 9.328856e-02
vertex 7.604323e-02 9.473535e-01 1.291544e-01
vertex 9.924638e-02 9.710196e-01 1.357286e-01
endloop
endfacet
facet normal 0 0 0
outer loop
vertex 6.483734e-02 9.895694e-01 9.313838e-02
vertex 6.463581e-02 9.890253e-01 9.328856e-02
vertex 7.145721e-02 9.740610e-01 6.898447e-02
endloop
endfacet
facet normal 0 0 0
outer loop
vertex -6.832007e-02 1.123124e+00 1.487174e-01
vertex -6.983335e-02 1.128587e+00 1.298338e-01
vertex -4.877616e-02 1.127853e+00 1.298805e-01
endloop
endfacet
facet normal 0 0 0
outer loop
vertex 5.615519e-02 9.942499e-01 8.239194e-02
vertex 5.202118e-02 9.882223e-01 3.238467e-02
vertex 6.077245e-02 9.680755e-01 4.924811e-02
endloop
endfacet
facet normal 0 0 0
outer loop
vertex 4.145852e-02 8.027266e-01 8.697963e-02
vertex 1.176917e-02 7.977864e-01 1.055628e-01
vertex 1.748468e-02 7.206907e-01 1.046651e-01
endloop
endfacet
facet normal 0 0 0
outer loop
vertex 5.877368e-02 1.001885e+00 1.141748e-01
vertex 2.433784e-02 9.968767e-01 1.234232e-01
vertex 6.608324e-02 9.316687e-01 9.523372e-02
endloop
endfacet
facet normal 0 0 0
outer loop
vertex 2.433784e-02 9.968767e-01 1.234232e-01
vertex 2.571317e-02 9.237238e-01 1.161086e-01
vertex 6.608324e-02 9.316687e-01 9.523372e-02
endloop
endfacet
facet normal 0 0 0
outer loop
vertex 4.145852e-02 8.027266e-01 8.697963e-02
vertex 1.748468e-02 7.206907e-01 1.046651e-01
vertex 5.065679e-02 7.248666e-01 8.332002e-02
endloop
endfacet
facet normal 0 0 0
outer loop
vertex 3.506416e-02 8.233764e-01 9.443884e-02
vertex 4.145852e-02 8.027266e-01 8.697963e-02
vertex 6.602705e-02 8.573897e-01 7.965329e-02
endloop
endfacet
facet normal 0 0 0
outer loop
vertex -1.090697e-01 1.137308e+00 1.960873e-01
vertex -1.291061e-01 1.134609e+00 1.957191e-01
vertex -1.102108e-01 1.127790e+00 1.950882e-01
endloop
endfacet
facet normal 0 0 0
outer loop
vertex 1.130659e-01 8.127871e-01 1.936137e-01
vertex 1.096259e-01 8.294389e-01 1.726802e-01
vertex 1.304108e-01 8.052155e-01 1.661470e-01
endloop
endfacet
facet normal 0 0 0
outer loop
vertex 1.276148e-01 8.209726e-01 1.431563e-01
vertex 1.096259e-01 8.294389e-01 1.726802e-01
vertex 1.072702e-01 8.383236e-01 1.629955e-01
endloop
endfacet
facet normal 0 0 0
outer loop
vertex 1.096259e-01 8.294389e-01 1.726802e-01
vertex 1.276148e-01 8.209726e-01 1.431563e-01
vertex 1.304108e-01 8.052155e-01 1.661470e-01
endloop
endfacet
facet normal 0 0 0
outer loop
vertex -1.102108e-01 1.127790e+00 1.950882e-01
vertex -1.291061e-01 1.134609e+00 1.957191e-01
vertex -1.310444e-01 1.129274e+00 1.930488e-01
endloop
endfacet
facet normal 0 0 0
outer loop
vertex 5.051389e-02 2.182608e-01 -2.750021e-01
vertex 5.078646e-02 2.485672e-01 -1.979772e-01
vertex 1.881414e-02 2.564350e-01 -2.033380e-01
endloop
endfacet
facet normal 0 0 0
outer loop
vertex 1.934182e-02 2.264241e-01 -2.799270e-01
vertex 5.051389e-02 2.182608e-01 -2.750021e-01
vertex 1.881414e-02 2.564350e-01 -2.033380e-01
endloop
endfacet
facet normal 0 0 0
outer loop
vertex -2.345548e-02 8.532048e-01 1.071042e-01
vertex -1.040789e-04 8.157503e-01 1.036059e-01
vertex 2.770920e-02 8.540993e-01 1.054539e-01
endloop
endfacet
facet normal 0 0 0
outer loop
vertex -1.634087e-01 1.154156e+00 1.974856e-01
vertex -1.677202e-01 1.150130e+00 1.949474e-01
vertex -1.500710e-01 1.138378e+00 1.938385e-01
endloop
endfacet
facet normal 0 0 0
outer loop
vertex -1.102108e-01 1.127790e+00 1.950882e-01
vertex -1.310444e-01 1.129274e+00 1.930488e-01
vertex -1.110328e-01 1.122164e+00 1.923822e-01
endloop
endfacet
facet normal 0 0 0
outer loop
vertex -8.474269e-02 6.249455e-01 9.974387e-02
vertex -1.259178e-01 6.215855e-01 7.398976e-02
vertex -8.629796e-02 6.102884e-01 9.980761e-02
endloop
endfacet
facet normal 0 0 0
outer loop
vertex -2.451819e-01 7.196122e-01 -2.424404e-01
vertex -2.413900e-01 7.261959e-01 -2.336534e-01
vertex -2.612200e-01 7.153934e-01 -2.103320e-01
endloop
endfacet
facet normal 0 0 0
outer loop
vertex -8.993237e-02 1.133428e+00 1.957622e-01
vertex -1.090697e-01 1.137308e+00 1.960873e-01
vertex -1.102108e-01 1.127790e+00 1.950882e-01
endloop
endfacet
facet normal 0 0 0
outer loop
vertex -3.097525e-03 5.363931e-01 -2.100801e-03
vertex 5.220316e-03 4.874258e-01 1.086510e-02
vertex 1.014648e-02 5.089869e-01 5.129404e-02
endloop
endfacet
facet normal 0 0 0
outer loop
vertex 4.119190e-02 5.650886e-01 9.617484e-02
vertex 3.749175e-02 5.896932e-01 1.029687e-01
vertex -5.746417e-04 5.764609e-01 7.788842e-02
endloop
endfacet
facet normal 0 0 0
outer loop
vertex 2.770920e-02 8.540993e-01 1.054539e-01
vertex 3.506416e-02 8.233764e-01 9.443884e-02
vertex 6.602705e-02 8.573897e-01 7.965329e-02
endloop
endfacet
facet normal 0 0 0
outer loop
vertex 1.257542e-01 8.278676e-01 1.335442e-01
vertex 1.276148e-01 8.209726e-01 1.431563e-01
vertex 1.072702e-01 8.383236e-01 1.629955e-01
endloop
endfacet
facet normal 0 0 0
outer loop
vertex 3.017108e-02 6.403426e-01 1.115932e-01
vertex -3.202331e-04 6.778046e-01 1.074202e-01
vertex -2.460147e-02 6.479029e-01 1.053597e-01
endloop
endfacet
facet normal 0 0 0
outer loop
vertex 1.029546e-01 8.660770e-01 1.879126e-01
vertex 1.036865e-01 8.482632e-01 1.554479e-01
vertex 1.072702e-01 8.383236e-01 1.629955e-01
endloop
endfacet
facet normal 0 0 0
outer loop
vertex -2.453365e-02 6.173103e-01 1.053635e-01
vertex 3.583384e-02 6.074933e-01 1.055654e-01
vertex 3.017108e-02 6.403426e-01 1.115932e-01
endloop
endfacet
facet normal 0 0 0
outer loop
vertex -8.842953e-02 -7.748469e-03 1.251411e-01
vertex -9.434444e-02 -8.837198e-03 1.711816e-01
vertex -9.785114e-02 -7.806838e-03 1.286111e-01
endloop
endfacet
facet normal 0 0 0
outer loop
vertex 1.318327e-02 4.367389e-01 1.270184e-02
vertex 4.870578e-02 4.278637e-01 2.105809e-02
vertex 3.010554e-02 4.678021e-01 3.798499e-02
endloop
endfacet
facet normal 0 0 0
outer loop
vertex -5.799375e-02 5.723647e-01 8.069788e-02
vertex -4.815818e-02 5.274951e-01 2.842551e-02
vertex -4.638166e-02 5.574229e-01 1.329238e-02
endloop
endfacet
facet normal 0 0 0
outer loop
vertex -1.585596e-03 5.964848e-01 -6.488364e-02
vertex 4.924548e-03 5.876686e-01 -6.155231e-02
vertex -1.504759e-02 5.894997e-01 8.557291e-03
endloop
endfacet
facet normal 0 0 0
outer loop
vertex -9.486524e-02 5.789959e-01 1.002062e-01
vertex -5.963276e-02 5.443827e-01 9.227022e-02
vertex -5.799375e-02 5.723647e-01 8.069788e-02
endloop
endfacet
facet normal 0 0 0
outer loop
vertex -2.517754e-02 5.966269e-01 6.956595e-03
vertex -1.585596e-03 5.964848e-01 -6.488364e-02
vertex -1.504759e-02 5.894997e-01 8.557291e-03
endloop
endfacet
facet normal 0 0 0
outer loop
vertex -4.614271e-03 5.657830e-01 5.301651e-03
vertex 8.250291e-03 5.585900e-01 -5.978452e-02
vertex -3.097525e-03 5.363931e-01 -2.100801e-03
endloop
endfacet
facet normal 0 0 0
outer loop
vertex -1.667210e-01 8.967441e-01 -8.750011e-02
vertex -2.075481e-01 8.884800e-01 -1.078657e-01
vertex -1.767452e-01 8.777567e-01 -1.124875e-01
endloop
endfacet
facet normal 0 0 0
outer loop
vertex -1.259178e-01 6.215855e-01 7.398976e-02
vertex -1.309990e-01 6.145477e-01 6.964680e-02
vertex -8.629796e-02 6.102884e-01 9.980761e-02
endloop
endfacet
facet normal 0 0 0
outer loop
vertex -7.482431e-02 8.538963e-01 1.054417e-01
vertex -1.134140e-01 8.570632e-01 7.961323e-02
vertex -8.347378e-02 7.897102e-01 9.997701e-02
endloop
endfacet
facet normal 0 0 0
outer loop
vertex -7.482431e-02 8.538963e-01 1.054417e-01
vertex -8.347378e-02 7.897102e-01 9.997701e-02
vertex -4.951071e-02 8.182135e-01 1.037234e-01
endloop
endfacet
facet normal 0 0 0
outer loop
vertex -6.706437e-02 4.068077e-02 1.761135e-01
vertex -7.673489e-02 5.918749e-02 1.991374e-01
vertex -6.698635e-02 3.928231e-02 1.987685e-01
endloop
endfacet
facet normal 0 0 0
outer loop
vertex -7.673489e-02 5.918749e-02 1.991374e-01
vertex -6.706437e-02 4.068077e-02 1.761135e-01
vertex -7.187877e-02 6.640901e-02 1.808802e-01
endloop
endfacet
facet normal 0 0 0
outer loop
vertex -1.346339e-01 -8.429510e-03 1.711161e-01
vertex -1.363095e-01 -4.612985e-03 1.225969e-01
vertex -1.295841e-01 -7.449873e-03 1.255012e-01
endloop
endfacet
facet normal 0 0 0
outer loop
vertex -7.987955e-02 5.328101e-02 2.221283e-01
vertex -7.673489e-02 5.918749e-02 1.991374e-01
vertex -1.070284e-01 6.583679e-02 1.989439e-01
endloop
endfacet
facet normal 0 0 0
outer loop
vertex -1.070284e-01 6.583679e-02 1.989439e-01
vertex -7.673489e-02 5.918749e-02 1.991374e-01
vertex -1.058808e-01 7.207043e-02 1.894285e-01
endloop
endfacet
facet normal 0 0 0
outer loop
vertex -4.335707e-02 5.695623e-01 8.876050e-03
vertex -5.923625e-02 5.471488e-01 -5.695593e-02
vertex -5.646962e-02 5.633224e-01 -6.325021e-02
endloop
endfacet
facet normal 0 0 0
outer loop
vertex 3.906703e-03 5.143549e-01 -3.862914e-02
vertex -3.097525e-03 5.363931e-01 -2.100801e-03
vertex 8.250291e-03 5.585900e-01 -5.978452e-02
endloop
endfacet
facet normal 0 0 0
outer loop
vertex -7.101453e-02 1.676598e-03 2.209235e-01
vertex -7.398597e-02 -6.773251e-03 2.205895e-01
vertex -7.097168e-02 -6.504112e-03 1.972126e-01
endloop
endfacet
facet normal 0 0 0
outer loop
vertex 2.941519e-04 4.658646e-01 -2.956383e-02
vertex -3.097525e-03 5.363931e-01 -2.100801e-03
vertex 3.906703e-03 5.143549e-01 -3.862914e-02
endloop
endfacet
facet normal 0 0 0
outer loop
vertex 2.571317e-02 9.237238e-01 1.161086e-01
vertex -2.345548e-02 8.532048e-01 1.071042e-01
vertex 2.770920e-02 8.540993e-01 1.054539e-01
endloop
endfacet
facet normal 0 0 0
outer loop
vertex -2.289049e-02 9.227015e-01 1.179828e-01
vertex -2.345548e-02 8.532048e-01 1.071042e-01
vertex 2.571317e-02 9.237238e-01 1.161086e-01
endloop
endfacet
facet normal 0 0 0
outer loop
vertex -1.395873e-01 -9.235531e-03 2.197296e-01
vertex -1.305605e-01 -9.813491e-03 2.555710e-01
vertex -1.433721e-01 -9.761634e-03 2.593966e-01
endloop
endfacet
facet normal 0 0 0
outer loop
vertex 6.547047e-02 7.229013e-01 1.392570e-02
vertex 5.587074e-02 8.000391e-01 2.041276e-02
vertex 5.326376e-02 7.624529e-01 5.186639e-02
endloop
endfacet
facet normal 0 0 0
outer loop
vertex -1.246072e-01 -1.007316e-02 2.711841e-01
vertex -1.305605e-01 -9.813491e-03 2.555710e-01
vertex -1.145177e-01 -9.956561e-03 2.542852e-01
endloop
endfacet
facet normal 0 0 0
outer loop
vertex -7.438052e-02 1.103459e-01 1.756713e-01
vertex -1.048681e-01 1.120198e-01 1.861255e-01
vertex -1.050137e-01 9.980354e-02 1.854275e-01
endloop
endfacet
facet normal 0 0 0
outer loop
vertex -1.096612e-01 5.917863e-02 2.220236e-01
vertex -7.987955e-02 5.328101e-02 2.221283e-01
vertex -1.070284e-01 6.583679e-02 1.989439e-01
endloop
endfacet
facet normal 0 0 0
outer loop
vertex -2.527730e-02 6.536308e-01 -9.577582e-02
vertex -8.403318e-02 7.168461e-01 -9.352763e-02
vertex -2.853139e-02 7.172105e-01 -9.263257e-02
endloop
endfacet
facet normal 0 0 0
outer loop
vertex -8.403318e-02 7.168461e-01 -9.352763e-02
vertex -2.527730e-02 6.536308e-01 -9.577582e-02
vertex -7.955733e-02 6.580304e-01 -9.580316e-02
endloop
endfacet
facet normal 0 0 0
outer loop
vertex -4.692160e-02 1.114683e+00 1.917700e-01
vertex -6.867649e-02 1.114784e+00 1.917216e-01
vertex -6.858731e-02 1.113477e+00 1.852417e-01
endloop
endfacet
facet normal 0 0 0
outer loop
vertex -2.301979e-02 1.030308e+00 -6.237843e-02
vertex -2.529802e-02 9.560837e-01 -7.260860e-02
vertex -6.976233e-02 1.029393e+00 -6.282605e-02
endloop
endfacet
facet normal 0 0 0
outer loop
vertex -7.010251e-02 3.255919e-01 1.192744e-01
vertex -1.027045e-01 3.239655e-01 1.066223e-01
vertex -1.025537e-01 3.363743e-01 1.031191e-01
endloop
endfacet
facet normal 0 0 0
outer loop
vertex -2.529802e-02 9.560837e-01 -7.260860e-02
vertex -7.220529e-02 9.571010e-01 -7.747220e-02
vertex -6.976233e-02 1.029393e+00 -6.282605e-02
endloop
endfacet
facet normal 0 0 0
outer loop
vertex -1.277649e-01 1.050148e+00 7.960524e-02
vertex -1.180678e-01 1.023597e+00 7.789438e-02
vertex -1.157380e-01 1.012151e+00 9.531278e-02
endloop
endfacet
facet normal 0 0 0
outer loop
vertex -8.999854e-02 1.123082e+00 1.946655e-01
vertex -9.012463e-02 1.117295e+00 1.919343e-01
vertex -6.900005e-02 1.120636e+00 1.944693e-01
endloop
endfacet
facet normal 0 0 0
outer loop
vertex 8.732004e-02 4.482705e-01 -7.705906e-02
vertex 9.351230e-02 4.003853e-01 -8.306701e-02
vertex 8.087838e-02 4.271167e-01 -1.140925e-01
endloop
endfacet
facet normal 0 0 0
outer loop
vertex -1.113007e-01 1.120948e+00 1.859197e-01
vertex -1.110925e-01 1.122701e+00 1.763977e-01
vertex -9.017203e-02 1.116020e+00 1.854622e-01
endloop
endfacet
facet normal 0 0 0
outer loop
vertex -5.169847e-02 1.148804e+00 1.975202e-01
vertex -7.112227e-02 1.147582e+00 1.973178e-01
vertex -6.973093e-02 1.131506e+00 1.956338e-01
endloop
endfacet
facet normal 0 0 0
outer loop
vertex -4.959328e-02 5.841331e-01 -6.791292e-02
vertex -3.548569e-02 5.863078e-01 6.094581e-03
vertex -5.646962e-02 5.633224e-01 -6.325021e-02
endloop
endfacet
facet normal 0 0 0
outer loop
vertex -6.856225e-02 1.115221e+00 1.757169e-01
vertex -6.849635e-02 1.118574e+00 1.638370e-01
vertex -4.676880e-02 1.115006e+00 1.757475e-01
endloop
endfacet
facet normal 0 0 0
outer loop
vertex -6.971674e-02 3.380964e-01 1.153605e-01
vertex -1.025537e-01 3.363743e-01 1.031191e-01
vertex -6.918857e-02 3.501275e-01 1.062505e-01
endloop
endfacet
facet normal 0 0 0
outer loop
vertex -7.010251e-02 3.255919e-01 1.192744e-01
vertex -1.025537e-01 3.363743e-01 1.031191e-01
vertex -6.971674e-02 3.380964e-01 1.153605e-01
endloop
endfacet
facet normal 0 0 0
outer loop
vertex -8.133142e-02 1.086661e+00 1.001722e-01
vertex -5.086743e-02 1.087420e+00 1.127404e-01
vertex -6.962034e-02 1.093765e+00 9.449115e-02
endloop
endfacet
facet normal 0 0 0
outer loop
vertex -6.832007e-02 1.123124e+00 1.487174e-01
vertex -4.877616e-02 1.127853e+00 1.298805e-01
vertex -4.713968e-02 1.122654e+00 1.487124e-01
endloop
endfacet
facet normal 0 0 0
outer loop
vertex -6.849635e-02 1.118574e+00 1.638370e-01
vertex -6.832007e-02 1.123124e+00 1.487174e-01
vertex -4.696185e-02 1.118224e+00 1.638483e-01
endloop
endfacet
facet normal 0 0 0
outer loop
vertex -6.856225e-02 1.115221e+00 1.757169e-01
vertex -9.005645e-02 1.117791e+00 1.759414e-01
vertex -6.849635e-02 1.118574e+00 1.638370e-01
endloop
endfacet
facet normal 0 0 0
outer loop
vertex 5.691512e-02 9.721394e-01 -1.717439e-02
vertex 5.822590e-02 1.032146e+00 -6.086789e-02
vertex 6.964360e-02 1.040267e+00 -5.107490e-02
endloop
endfacet
facet normal 0 0 0
outer loop
vertex -7.262989e-02 1.140742e+00 6.575269e-02
vertex -6.893169e-02 1.128702e+00 6.576977e-02
vertex -6.535527e-02 1.122618e+00 9.628342e-02
endloop
endfacet
facet normal 0 0 0
outer loop
vertex -1.008516e-01 1.172013e+00 -3.334833e-02
vertex -1.185610e-01 1.174262e+00 -1.758750e-02
vertex -1.176229e-01 1.177741e+00 -3.285953e-02
endloop
endfacet
facet normal 0 0 0
outer loop
vertex -9.537663e-02 9.164001e-01 -7.634338e-02
vertex -7.857832e-02 8.755206e-01 -8.594020e-02
vertex -1.131345e-01 9.337125e-01 -6.633649e-02
endloop
endfacet
facet normal 0 0 0
outer loop
vertex -4.676880e-02 1.115006e+00 1.757475e-01
vertex -4.670659e-02 1.113328e+00 1.852818e-01
vertex -6.856225e-02 1.115221e+00 1.757169e-01
endloop
endfacet
facet normal 0 0 0
outer loop
vertex -2.275821e-02 1.051881e+00 1.293663e-01
vertex -6.019232e-02 1.078495e+00 1.213756e-01
vertex -6.461259e-02 1.056415e+00 1.227442e-01
endloop
endfacet
facet normal 0 0 0
outer loop
vertex -8.133142e-02 1.086661e+00 1.001722e-01
vertex -7.672982e-02 1.095964e+00 5.750096e-02
vertex -9.859627e-02 1.091032e+00 6.009222e-02
endloop
endfacet
facet normal 0 0 0
outer loop
vertex -1.052692e-01 1.149878e+00 6.577115e-02
vertex -8.711965e-02 1.146707e+00 6.600018e-02
vertex -8.896872e-02 1.138482e+00 1.033993e-01
endloop
endfacet
facet normal 0 0 0
outer loop
vertex -2.453365e-02 6.173103e-01 1.053635e-01
vertex -8.474269e-02 6.249455e-01 9.974387e-02
vertex -8.629796e-02 6.102884e-01 9.980761e-02
endloop
endfacet
facet normal 0 0 0
outer loop
vertex -2.454779e-02 5.997459e-01 9.453583e-02
vertex -2.453365e-02 6.173103e-01 1.053635e-01
vertex -8.629796e-02 6.102884e-01 9.980761e-02
endloop
endfacet
facet normal 0 0 0
outer loop
vertex -6.881040e-02 9.952701e-01 1.232063e-01
vertex -2.289049e-02 9.227015e-01 1.179828e-01
vertex -2.195131e-02 9.957789e-01 1.253595e-01
endloop
endfacet
facet normal 0 0 0
outer loop
vertex -6.881040e-02 9.952701e-01 1.232063e-01
vertex -7.170013e-02 9.233466e-01 1.160878e-01
vertex -2.289049e-02 9.227015e-01 1.179828e-01
endloop
endfacet
facet normal 0 0 0
outer loop
vertex -9.521188e-03 7.565265e-01 1.044050e-01
vertex 1.176917e-02 7.977864e-01 1.055628e-01
vertex -2.419711e-02 7.825307e-01 1.020051e-01
endloop
endfacet
facet normal 0 0 0
outer loop
vertex -7.094680e-02 2.909164e-01 1.210827e-01
vertex -1.027045e-01 3.239655e-01 1.066223e-01
vertex -7.010251e-02 3.255919e-01 1.192744e-01
endloop
endfacet
facet normal 0 0 0
outer loop
vertex -1.030197e-01 2.893994e-01 1.076868e-01
vertex -1.027045e-01 3.239655e-01 1.066223e-01
vertex -7.094680e-02 2.909164e-01 1.210827e-01
endloop
endfacet
facet normal 0 0 0
outer loop
vertex -9.486524e-02 5.789959e-01 1.002062e-01
vertex -5.799375e-02 5.723647e-01 8.069788e-02
vertex -9.345010e-02 5.887212e-01 9.757195e-02
endloop
endfacet
facet normal 0 0 0
outer loop
vertex -1.184948e-01 8.993980e-01 -2.569268e-02
vertex -1.156596e-01 8.716934e-01 -6.525738e-02
vertex -1.288922e-01 8.691503e-01 5.838487e-03
endloop
endfacet
facet normal 0 0 0
outer loop
vertex -1.354164e-01 3.535350e-01 1.070617e-01
vertex -1.025537e-01 3.363743e-01 1.031191e-01
vertex -1.354465e-01 3.418294e-01 1.149925e-01
endloop
endfacet
facet normal 0 0 0
outer loop
vertex -4.866611e-02 5.916616e-01 7.754222e-02
vertex -2.454779e-02 5.997459e-01 9.453583e-02
vertex -8.629796e-02 6.102884e-01 9.980761e-02
endloop
endfacet
facet normal 0 0 0
outer loop
vertex -6.967295e-02 1.133252e+00 1.049975e-01
vertex -6.535527e-02 1.122618e+00 9.628342e-02
vertex -4.892018e-02 1.129259e+00 1.136711e-01
endloop
endfacet
facet normal 0 0 0
outer loop
vertex -8.993237e-02 1.133428e+00 1.957622e-01
vertex -9.011222e-02 1.148048e+00 1.972813e-01
vertex -1.090697e-01 1.137308e+00 1.960873e-01
endloop
endfacet
facet normal 0 0 0
outer loop
vertex -8.971037e-02 1.121113e+00 1.640615e-01
vertex -9.005645e-02 1.117791e+00 1.759414e-01
vertex -1.104857e-01 1.125863e+00 1.644996e-01
endloop
endfacet
facet normal 0 0 0
outer loop
vertex -8.968576e-02 1.130903e+00 1.298031e-01
vertex -1.085489e-01 1.135073e+00 1.300506e-01
vertex -1.071458e-01 1.141749e+00 1.033448e-01
endloop
endfacet
facet normal 0 0 0
outer loop
vertex -9.529296e-02 1.079263e+00 1.048763e-01
vertex -1.088910e-01 1.070830e+00 1.051806e-01
vertex -6.019232e-02 1.078495e+00 1.213756e-01
endloop
endfacet
facet normal 0 0 0
outer loop
vertex -8.968576e-02 1.130903e+00 1.298031e-01
vertex -1.096046e-01 1.130149e+00 1.493469e-01
vertex -1.085489e-01 1.135073e+00 1.300506e-01
endloop
endfacet
facet normal 0 0 0
outer loop
vertex -1.066691e-01 1.012575e+00 -6.244667e-02
vertex -1.071011e-01 1.023313e+00 -5.890618e-02
vertex -1.063607e-01 1.011079e+00 -6.268549e-02
endloop
endfacet
facet normal 0 0 0
outer loop
vertex -9.011222e-02 1.148048e+00 1.972813e-01
vertex -8.993237e-02 1.133428e+00 1.957622e-01
vertex -7.112227e-02 1.147582e+00 1.973178e-01
endloop
endfacet
facet normal 0 0 0
outer loop
vertex -1.904889e-01 1.382376e+00 1.265907e-01
vertex -1.858357e-01 1.382726e+00 8.825193e-02
vertex -1.968182e-01 1.366428e+00 8.658234e-02
endloop
endfacet
facet normal 0 0 0
outer loop
vertex 1.176917e-02 7.977864e-01 1.055628e-01
vertex -9.521188e-03 7.565265e-01 1.044050e-01
vertex 1.748468e-02 7.206907e-01 1.046651e-01
endloop
endfacet
facet normal 0 0 0
outer loop
vertex -1.088910e-01 1.070830e+00 1.051806e-01
vertex -1.225308e-01 1.050119e+00 1.047909e-01
vertex -6.461259e-02 1.056415e+00 1.227442e-01
endloop
endfacet
facet normal 0 0 0
outer loop
vertex -6.461259e-02 1.056415e+00 1.227442e-01
vertex -1.225308e-01 1.050119e+00 1.047909e-01
vertex -1.041258e-01 9.996835e-01 1.138797e-01
endloop
endfacet
facet normal 0 0 0
outer loop
vertex -1.041258e-01 9.996835e-01 1.138797e-01
vertex -1.225308e-01 1.050119e+00 1.047909e-01
vertex -1.157380e-01 1.012151e+00 9.531278e-02
endloop
endfacet
facet normal 0 0 0
outer loop
vertex -1.309990e-01 6.145477e-01 6.964680e-02
vertex -8.989836e-02 5.991005e-01 9.759196e-02
vertex -8.629796e-02 6.102884e-01 9.980761e-02
endloop
endfacet
facet normal 0 0 0
outer loop
vertex 6.608324e-02 9.316687e-01 9.523372e-02
vertex 2.571317e-02 9.237238e-01 1.161086e-01
vertex 6.602705e-02 8.573897e-01 7.965329e-02
endloop
endfacet
facet normal 0 0 0
outer loop
vertex 6.602705e-02 8.573897e-01 7.965329e-02
vertex 2.571317e-02 9.237238e-01 1.161086e-01
vertex 2.770920e-02 8.540993e-01 1.054539e-01
endloop
endfacet
facet normal 0 0 0
outer loop
vertex -1.346737e-01 2.137353e-01 1.189197e-01
vertex -1.342418e-01 1.363157e-01 1.138631e-01
vertex -1.449132e-01 1.401775e-01 1.460872e-01
endloop
endfacet
facet normal 0 0 0
outer loop
vertex -2.106877e-01 1.280535e+00 2.097844e-01
vertex -2.247446e-01 1.301635e+00 2.117967e-01
vertex -2.262304e-01 1.280622e+00 2.097148e-01
endloop
endfacet
facet normal 0 0 0
outer loop
vertex -2.324608e-01 1.280061e+00 2.075174e-01
vertex -2.345251e-01 1.280407e+00 2.012083e-01
vertex -2.309999e-01 1.258559e+00 2.054052e-01
endloop
endfacet
facet normal 0 0 0
outer loop
vertex -1.468768e-01 1.143238e+00 1.964588e-01
vertex -1.634087e-01 1.154156e+00 1.974856e-01
vertex -1.500710e-01 1.138378e+00 1.938385e-01
endloop
endfacet
facet normal 0 0 0
outer loop
vertex -2.262304e-01 1.280622e+00 2.097148e-01
vertex -2.310133e-01 1.301593e+00 2.096506e-01
vertex -2.324608e-01 1.280061e+00 2.075174e-01
endloop
endfacet
facet normal 0 0 0
outer loop
vertex -1.641600e-01 1.411555e+00 1.570382e-01
vertex -1.445555e-01 1.422352e+00 1.307786e-01
vertex -1.615801e-01 1.411065e+00 1.295763e-01
endloop
endfacet
facet normal 0 0 0
outer loop
vertex -1.437532e-01 1.151065e+00 1.972689e-01
vertex -1.253612e-01 1.153345e+00 1.975925e-01
vertex -1.373703e-01 1.158439e+00 1.980472e-01
endloop
endfacet
facet normal 0 0 0
outer loop
vertex -1.816776e-01 1.170722e+00 1.530600e-01
vertex -1.836438e-01 1.167343e+00 1.683220e-01
vertex -1.978031e-01 1.183326e+00 1.698488e-01
endloop
endfacet
facet normal 0 0 0
outer loop
vertex -1.244505e-01 1.414743e+00 2.234379e-01
vertex -1.473236e-01 1.416098e+00 2.234596e-01
vertex -1.430690e-01 1.405865e+00 2.224683e-01
endloop
endfacet
facet normal 0 0 0
outer loop
vertex -1.156596e-01 8.716934e-01 -6.525738e-02
vertex -1.105824e-01 8.354921e-01 -3.005778e-02
vertex -1.288922e-01 8.691503e-01 5.838487e-03
endloop
endfacet
facet normal 0 0 0
outer loop
vertex -1.267148e-01 -9.337494e-03 2.195451e-01
vertex -1.305605e-01 -9.813491e-03 2.555710e-01
vertex -1.395873e-01 -9.235531e-03 2.197296e-01
endloop
endfacet
facet normal 0 0 0
outer loop
vertex -1.433721e-01 -9.761634e-03 2.593966e-01
vertex -1.480578e-01 -6.130972e-03 2.202237e-01
vertex -1.395873e-01 -9.235531e-03 2.197296e-01
endloop
endfacet
facet normal 0 0 0
outer loop
vertex -1.396646e-01 5.384377e-02 2.218582e-01
vertex -1.234716e-01 4.941482e-02 2.503415e-01
vertex -1.096612e-01 5.917863e-02 2.220236e-01
endloop
endfacet
facet normal 0 0 0
outer loop
vertex 5.051389e-02 2.182608e-01 -2.750021e-01
vertex 6.622983e-02 2.384235e-01 -2.407437e-01
vertex 5.078646e-02 2.485672e-01 -1.979772e-01
endloop
endfacet
facet normal 0 0 0
outer loop
vertex 8.093455e-02 2.278237e-01 -2.818896e-01
vertex 6.622983e-02 2.384235e-01 -2.407437e-01
vertex 5.051389e-02 2.182608e-01 -2.750021e-01
endloop
endfacet
facet normal 0 0 0
outer loop
vertex -1.375570e-01 5.977498e-02 1.987904e-01
vertex -1.396646e-01 5.384377e-02 2.218582e-01
vertex -1.096612e-01 5.917863e-02 2.220236e-01
endloop
endfacet
facet normal 0 0 0
outer loop
vertex -1.399486e-01 -1.024301e-02 2.951967e-01
vertex -1.517019e-01 -6.968117e-03 2.632664e-01
vertex -1.433721e-01 -9.761634e-03 2.593966e-01
endloop
endfacet
facet normal 0 0 0
outer loop
vertex -1.246072e-01 -1.007316e-02 2.711841e-01
vertex -1.182960e-01 -1.034843e-02 2.877356e-01
vertex -1.307524e-01 -1.013828e-02 2.814775e-01
endloop
endfacet
facet normal 0 0 0
outer loop
vertex -1.305605e-01 -9.813491e-03 2.555710e-01
vertex -1.246072e-01 -1.007316e-02 2.711841e-01
vertex -1.307524e-01 -1.013828e-02 2.814775e-01
endloop
endfacet
facet normal 0 0 0
outer loop
vertex -1.182960e-01 -1.034843e-02 2.877356e-01
vertex -9.853786e-02 -1.064524e-02 2.950846e-01
vertex -1.205644e-01 -1.059999e-02 3.070488e-01
endloop
endfacet
facet normal 0 0 0
outer loop
vertex -1.464141e-01 -7.504484e-03 3.030951e-01
vertex -1.399486e-01 -1.024301e-02 2.951967e-01
vertex -1.216252e-01 -7.932981e-03 3.162747e-01
endloop
endfacet
facet normal 0 0 0
outer loop
vertex -1.205644e-01 -1.059999e-02 3.070488e-01
vertex -1.399486e-01 -1.024301e-02 2.951967e-01
vertex -1.182960e-01 -1.034843e-02 2.877356e-01
endloop
endfacet
facet normal 0 0 0
outer loop
vertex -1.305605e-01 -9.813491e-03 2.555710e-01
vertex -1.307524e-01 -1.013828e-02 2.814775e-01
vertex -1.433721e-01 -9.761634e-03 2.593966e-01
endloop
endfacet
facet normal 0 0 0
outer loop
vertex -9.510589e-02 -9.657796e-03 2.196562e-01
vertex -8.717175e-02 -1.032155e-02 2.594078e-01
vertex -9.885268e-02 -1.013334e-02 2.555594e-01
endloop
endfacet
facet normal 0 0 0
outer loop
vertex -1.098764e-01 -6.019343e-03 9.031258e-02
vertex -1.089600e-01 -7.761234e-03 1.299079e-01
vertex -1.175376e-01 -6.249479e-03 9.840014e-02
endloop
endfacet
facet normal 0 0 0
outer loop
vertex -1.447944e-01 8.281215e-02 1.407774e-01
vertex -1.356171e-01 8.456021e-02 1.744371e-01
vertex -1.446544e-01 9.537551e-02 1.417857e-01
endloop
endfacet
facet normal 0 0 0
outer loop
vertex 2.941519e-04 4.658646e-01 -2.956383e-02
vertex 3.906703e-03 5.143549e-01 -3.862914e-02
vertex 1.091093e-02 4.923167e-01 -7.515747e-02
endloop
endfacet
facet normal 0 0 0
outer loop
vertex -1.089600e-01 -7.761234e-03 1.299079e-01
vertex -1.098764e-01 -6.019343e-03 9.031258e-02
vertex -1.019289e-01 -6.347250e-03 9.804869e-02
endloop
endfacet
facet normal 0 0 0
outer loop
vertex -1.375570e-01 5.977498e-02 1.987904e-01
vertex -1.058808e-01 7.207043e-02 1.894285e-01
vertex -1.398203e-01 6.718197e-02 1.803899e-01
endloop
endfacet
facet normal 0 0 0
outer loop
vertex -1.058808e-01 7.207043e-02 1.894285e-01
vertex -1.356171e-01 8.456021e-02 1.744371e-01
vertex -1.398203e-01 6.718197e-02 1.803899e-01
endloop
endfacet
facet normal 0 0 0
outer loop
vertex -1.354110e-01 9.872222e-02 1.740231e-01
vertex -1.356171e-01 8.456021e-02 1.744371e-01
vertex -1.052800e-01 8.493470e-02 1.858282e-01
endloop
endfacet
facet normal 0 0 0
outer loop
vertex -1.356171e-01 8.456021e-02 1.744371e-01
vertex -1.058808e-01 7.207043e-02 1.894285e-01
vertex -1.052800e-01 8.493470e-02 1.858282e-01
endloop
endfacet
facet normal 0 0 0
outer loop
vertex -1.375570e-01 5.977498e-02 1.987904e-01
vertex -1.096612e-01 5.917863e-02 2.220236e-01
vertex -1.070284e-01 6.583679e-02 1.989439e-01
endloop
endfacet
facet normal 0 0 0
outer loop
vertex -1.050137e-01 9.980354e-02 1.854275e-01
vertex -1.354110e-01 9.872222e-02 1.740231e-01
vertex -1.052800e-01 8.493470e-02 1.858282e-01
endloop
endfacet
facet normal 0 0 0
outer loop
vertex -1.353383e-01 1.108285e-01 1.752711e-01
vertex -1.354110e-01 9.872222e-02 1.740231e-01
vertex -1.050137e-01 9.980354e-02 1.854275e-01
endloop
endfacet
facet normal 0 0 0
outer loop
vertex -1.363095e-01 -4.612985e-03 1.225969e-01
vertex -1.217681e-01 -5.568859e-03 8.343868e-02
vertex -1.268936e-01 -6.802385e-03 1.110223e-01
endloop
endfacet
facet normal 0 0 0
outer loop
vertex -1.349294e-01 4.097349e-01 1.643765e-01
vertex -1.010350e-01 4.151492e-01 1.802009e-01
vertex -9.844083e-02 4.836134e-01 1.436572e-01
endloop
endfacet
facet normal 0 0 0
outer loop
vertex -8.403318e-02 7.168461e-01 -9.352763e-02
vertex -7.955733e-02 6.580304e-01 -9.580316e-02
vertex -1.022117e-01 7.234645e-01 -7.212213e-02
endloop
endfacet
facet normal 0 0 0
outer loop
vertex -1.190244e-01 6.891090e-01 -3.686262e-02
vertex -1.229154e-01 6.431738e-01 -8.068502e-02
vertex -1.358371e-01 6.547536e-01 -1.603124e-03
endloop
endfacet
facet normal 0 0 0
outer loop
vertex -1.272034e-01 6.096290e-01 -7.912388e-02
vertex -8.583701e-02 6.143898e-01 -9.989726e-02
vertex -8.757241e-02 5.967976e-01 -9.729141e-02
endloop
endfacet
facet normal 0 0 0
outer loop
vertex -8.103609e-02 6.475429e-01 1.046887e-01
vertex -1.224756e-01 6.521459e-01 7.311145e-02
vertex -8.474269e-02 6.249455e-01 9.974387e-02
endloop
endfacet
facet normal 0 0 0
outer loop
vertex -2.451819e-01 7.196122e-01 -2.424404e-01
vertex -2.676647e-01 7.049379e-01 -2.171953e-01
vertex -2.522593e-01 7.030203e-01 -2.639405e-01
endloop
endfacet
facet normal 0 0 0
outer loop
vertex -8.583701e-02 6.143898e-01 -9.989726e-02
vertex -1.229154e-01 6.431738e-01 -8.068502e-02
vertex -7.955733e-02 6.580304e-01 -9.580316e-02
endloop
endfacet
facet normal 0 0 0
outer loop
vertex -1.224756e-01 6.521459e-01 7.311145e-02
vertex -1.259178e-01 6.215855e-01 7.398976e-02
vertex -8.474269e-02 6.249455e-01 9.974387e-02
endloop
endfacet
facet normal 0 0 0
outer loop
vertex 8.095755e-02 5.669638e-01 -6.385200e-02
vertex 4.545739e-02 5.040215e-01 -9.267126e-02
vertex 4.425094e-02 5.710526e-01 -8.025743e-02
endloop
endfacet
facet normal 0 0 0
outer loop
vertex 5.065679e-02 7.248666e-01 8.332002e-02
vertex 6.547047e-02 7.229013e-01 1.392570e-02
vertex 5.326376e-02 7.624529e-01 5.186639e-02
endloop
endfacet
facet normal 0 0 0
outer loop
vertex -8.757241e-02 5.967976e-01 -9.729141e-02
vertex -9.138783e-02 5.751808e-01 -9.275921e-02
vertex -1.320892e-01 5.895331e-01 -7.537515e-02
endloop
endfacet
facet normal 0 0 0
outer loop
vertex -1.320892e-01 5.895331e-01 -7.537515e-02
vertex -9.138783e-02 5.751808e-01 -9.275921e-02
vertex -1.328568e-01 5.708281e-01 -6.978947e-02
endloop
endfacet
facet normal 0 0 0
outer loop
vertex -1.229154e-01 6.431738e-01 -8.068502e-02
vertex -8.583701e-02 6.143898e-01 -9.989726e-02
vertex -1.272034e-01 6.096290e-01 -7.912388e-02
endloop
endfacet
facet normal 0 0 0
outer loop
vertex -9.767687e-02 5.070897e-01 -5.660199e-02
vertex -1.337232e-01 5.405269e-01 -5.507952e-02
vertex -9.669045e-02 5.395955e-01 -7.856773e-02
endloop
endfacet
facet normal 0 0 0
outer loop
vertex -1.337232e-01 5.405269e-01 -5.507952e-02
vertex -1.333757e-01 5.541654e-01 -6.237995e-02
vertex -9.669045e-02 5.395955e-01 -7.856773e-02
endloop
endfacet
facet normal 0 0 0
outer loop
vertex -9.138783e-02 5.751808e-01 -9.275921e-02
vertex -9.510435e-02 5.554547e-01 -8.601151e-02
vertex -1.328568e-01 5.708281e-01 -6.978947e-02
endloop
endfacet
facet normal 0 0 0
outer loop
vertex -1.038687e-01 2.278864e-01 1.984457e-01
vertex -1.354478e-01 2.255713e-01 1.859714e-01
vertex -1.045767e-01 1.466253e-01 1.894398e-01
endloop
endfacet
facet normal 0 0 0
outer loop
vertex -2.550062e-01 6.878483e-01 -3.292325e-01
vertex -2.655261e-01 6.667493e-01 -3.085782e-01
vertex -2.704899e-01 6.569505e-01 -3.552541e-01
endloop
endfacet
facet normal 0 0 0
outer loop
vertex -2.338309e-01 7.445670e-01 -2.676098e-01
vertex -2.466752e-01 7.624711e-01 -2.773068e-01
vertex -2.462362e-01 7.646391e-01 -2.657857e-01
endloop
endfacet
facet normal 0 0 0
outer loop
vertex -2.655261e-01 6.667493e-01 -3.085782e-01
vertex -2.522593e-01 7.030203e-01 -2.639405e-01
vertex -2.845885e-01 6.516474e-01 -2.890795e-01
endloop
endfacet
facet normal 0 0 0
outer loop
vertex -3.056899e-01 6.443292e-01 -3.347468e-01
vertex -2.999735e-01 6.462113e-01 -3.583203e-01
vertex -3.013553e-01 6.268726e-01 -3.416352e-01
endloop
endfacet
facet normal 0 0 0
outer loop
vertex -2.362980e-01 7.607383e-01 -1.845687e-01
vertex -2.594236e-01 7.697434e-01 -1.817505e-01
vertex -2.456806e-01 7.428862e-01 -1.958584e-01
endloop
endfacet
facet normal 0 0 0
outer loop
vertex 1.422041e-01 7.276326e-01 2.565669e-01
vertex 1.453229e-01 7.104991e-01 2.772249e-01
vertex 1.264176e-01 7.416072e-01 2.727544e-01
endloop
endfacet
facet normal 0 0 0
outer loop
vertex -3.013553e-01 6.268726e-01 -3.416352e-01
vertex -2.999735e-01 6.462113e-01 -3.583203e-01
vertex -2.926005e-01 6.276455e-01 -3.702090e-01
endloop
endfacet
facet normal 0 0 0
outer loop
vertex -2.462362e-01 7.646391e-01 -2.657857e-01
vertex -2.697656e-01 7.701055e-01 -2.611553e-01
vertex -2.461930e-01 7.658032e-01 -2.569801e-01
endloop
endfacet
facet normal 0 0 0
outer loop
vertex -2.461930e-01 7.658032e-01 -2.569801e-01
vertex -2.697656e-01 7.701055e-01 -2.611553e-01
vertex -2.689391e-01 7.726355e-01 -2.532974e-01
endloop
endfacet
facet normal 0 0 0
outer loop
vertex -2.316228e-01 7.500706e-01 -2.475810e-01
vertex -2.324605e-01 7.479498e-01 -2.564523e-01
vertex -2.461930e-01 7.658032e-01 -2.569801e-01
endloop
endfacet
facet normal 0 0 0
outer loop
vertex -2.452268e-01 7.685841e-01 -2.504193e-01
vertex -2.316228e-01 7.500706e-01 -2.475810e-01
vertex -2.461930e-01 7.658032e-01 -2.569801e-01
endloop
endfacet
facet normal 0 0 0
outer loop
vertex -2.324605e-01 7.479498e-01 -2.564523e-01
vertex -2.462362e-01 7.646391e-01 -2.657857e-01
vertex -2.461930e-01 7.658032e-01 -2.569801e-01
endloop
endfacet
facet normal 0 0 0
outer loop
vertex -2.255500e-01 8.451573e-01 -1.397146e-01
vertex -2.175030e-01 7.977202e-01 -1.623028e-01
vertex -1.971487e-01 8.371416e-01 -1.420145e-01
endloop
endfacet
facet normal 0 0 0
outer loop
vertex -2.338309e-01 7.445670e-01 -2.676098e-01
vertex -2.462362e-01 7.646391e-01 -2.657857e-01
vertex -2.324605e-01 7.479498e-01 -2.564523e-01
endloop
endfacet
facet normal 0 0 0
outer loop
vertex -2.689391e-01 7.726355e-01 -2.532974e-01
vertex -2.452268e-01 7.685841e-01 -2.504193e-01
vertex -2.461930e-01 7.658032e-01 -2.569801e-01
endloop
endfacet
facet normal 0 0 0
outer loop
vertex -2.466752e-01 7.624711e-01 -2.773068e-01
vertex -2.708089e-01 7.671458e-01 -2.714128e-01
vertex -2.462362e-01 7.646391e-01 -2.657857e-01
endloop
endfacet
facet normal 0 0 0
outer loop
vertex -2.689391e-01 7.726355e-01 -2.532974e-01
vertex -2.675276e-01 7.763793e-01 -2.473963e-01
vertex -2.452268e-01 7.685841e-01 -2.504193e-01
endloop
endfacet
facet normal 0 0 0
outer loop
vertex -2.379404e-01 7.324207e-01 -2.263853e-01
vertex -2.299746e-01 7.536076e-01 -2.408062e-01
vertex -2.343656e-01 7.390496e-01 -2.205458e-01
endloop
endfacet
facet normal 0 0 0
outer loop
vertex -2.675276e-01 7.763793e-01 -2.473963e-01
vertex -2.868688e-01 7.641098e-01 -2.340225e-01
vertex -2.839203e-01 7.702903e-01 -2.293238e-01
endloop
endfacet
facet normal 0 0 0
outer loop
vertex -2.594236e-01 7.697434e-01 -1.817505e-01
vertex -2.362980e-01 7.607383e-01 -1.845687e-01
vertex -2.432317e-01 8.062699e-01 -1.597997e-01
endloop
endfacet
facet normal 0 0 0
outer loop
vertex -1.809871e-01 8.685570e-01 -1.229399e-01
vertex -1.767452e-01 8.777567e-01 -1.124875e-01
vertex -2.075481e-01 8.884800e-01 -1.078657e-01
endloop
endfacet
facet normal 0 0 0
outer loop
vertex -7.170013e-02 9.233466e-01 1.160878e-01
vertex -7.482431e-02 8.538963e-01 1.054417e-01
vertex -4.757781e-02 8.882757e-01 1.115960e-01
endloop
endfacet
facet normal 0 0 0
outer loop
vertex -4.757781e-02 8.882757e-01 1.115960e-01
vertex -7.482431e-02 8.538963e-01 1.054417e-01
vertex -2.345548e-02 8.532048e-01 1.071042e-01
endloop
endfacet
facet normal 0 0 0
outer loop
vertex -2.309999e-01 1.258559e+00 2.054052e-01
vertex -2.345251e-01 1.280407e+00 2.012083e-01
vertex -2.330420e-01 1.258770e+00 1.990832e-01
endloop
endfacet
facet normal 0 0 0
outer loop
vertex -9.434444e-02 -8.837198e-03 1.711816e-01
vertex -8.842953e-02 -7.748469e-03 1.251411e-01
vertex -8.178288e-02 -8.892137e-03 1.713881e-01
endloop
endfacet
facet normal 0 0 0
outer loop
vertex -2.839203e-01 7.702903e-01 -2.293238e-01
vertex -2.653982e-01 7.822419e-01 -2.428699e-01
vertex -2.675276e-01 7.763793e-01 -2.473963e-01
endloop
endfacet
facet normal 0 0 0
outer loop
vertex -2.329479e-01 7.942542e-01 -2.341339e-01
vertex -2.653982e-01 7.822419e-01 -2.428699e-01
vertex -2.562887e-01 8.029756e-01 -2.321356e-01
endloop
endfacet
facet normal 0 0 0
outer loop
vertex -2.430730e-01 7.739094e-01 -2.455474e-01
vertex -2.653982e-01 7.822419e-01 -2.428699e-01
vertex -2.329479e-01 7.942542e-01 -2.341339e-01
endloop
endfacet
facet normal 0 0 0
outer loop
vertex -2.653982e-01 7.822419e-01 -2.428699e-01
vertex -2.430730e-01 7.739094e-01 -2.455474e-01
vertex -2.675276e-01 7.763793e-01 -2.473963e-01
endloop
endfacet
facet normal 0 0 0
outer loop
vertex -2.430730e-01 7.739094e-01 -2.455474e-01
vertex -2.272980e-01 7.593082e-01 -2.353257e-01
vertex -2.299746e-01 7.536076e-01 -2.408062e-01
endloop
endfacet
facet normal 0 0 0
outer loop
vertex -2.299746e-01 7.536076e-01 -2.408062e-01
vertex -2.316228e-01 7.500706e-01 -2.475810e-01
vertex -2.452268e-01 7.685841e-01 -2.504193e-01
endloop
endfacet
facet normal 0 0 0
outer loop
vertex 4.545739e-02 5.040215e-01 -9.267126e-02
vertex 8.086167e-02 4.966507e-01 -7.916810e-02
vertex 4.670807e-02 4.350920e-01 -1.255226e-01
endloop
endfacet
facet normal 0 0 0
outer loop
vertex 8.087838e-02 4.271167e-01 -1.140925e-01
vertex 4.670807e-02 4.350920e-01 -1.255226e-01
vertex 8.086167e-02 4.966507e-01 -7.916810e-02
endloop
endfacet
facet normal 0 0 0
outer loop
vertex -1.520280e-01 9.008350e-01 -1.702251e-01
vertex -1.613345e-01 8.744602e-01 -1.487648e-01
vertex -1.655950e-01 8.771211e-01 -1.799203e-01
endloop
endfacet
facet normal 0 0 0
outer loop
vertex -2.206881e-01 9.291637e-01 -1.504418e-01
vertex -2.246211e-01 9.169277e-01 -1.590088e-01
vertex -2.303270e-01 9.014229e-01 -1.290817e-01
endloop
endfacet
facet normal 0 0 0
outer loop
vertex -6.572910e-02 1.167177e+00 -3.365204e-02
vertex -4.797350e-02 1.168028e+00 -3.348365e-02
vertex -4.775655e-02 1.164365e+00 -1.821990e-02
endloop
endfacet
facet normal 0 0 0
outer loop
vertex -2.336747e-02 1.106230e+00 -2.924887e-02
vertex -6.245274e-02 1.104975e+00 -2.715916e-02
vertex -5.660904e-02 1.105615e+00 -9.924164e-03
endloop
endfacet
facet normal 0 0 0
outer loop
vertex -4.171225e-02 1.113883e+00 1.613880e-02
vertex -6.375945e-02 1.121505e+00 3.603258e-02
vertex -4.236206e-02 1.123458e+00 1.806302e-02
endloop
endfacet
facet normal 0 0 0
outer loop
vertex 4.670807e-02 4.350920e-01 -1.255226e-01
vertex 1.091093e-02 4.923167e-01 -7.515747e-02
vertex 4.545739e-02 5.040215e-01 -9.267126e-02
endloop
endfacet
facet normal 0 0 0
outer loop
vertex 1.349232e-02 4.249816e-01 -1.140200e-01
vertex 1.091093e-02 4.923167e-01 -7.515747e-02
vertex 4.670807e-02 4.350920e-01 -1.255226e-01
endloop
endfacet
facet normal 0 0 0
outer loop
vertex -1.864864e-01 8.576204e-01 -1.306105e-01
vertex -1.809871e-01 8.685570e-01 -1.229399e-01
vertex -2.109276e-01 8.772087e-01 -1.202370e-01
endloop
endfacet
facet normal 0 0 0
outer loop
vertex -1.809871e-01 8.685570e-01 -1.229399e-01
vertex -2.075481e-01 8.884800e-01 -1.078657e-01
vertex -2.109276e-01 8.772087e-01 -1.202370e-01
endloop
endfacet
facet normal 0 0 0
outer loop
vertex -1.159571e-01 9.937883e-01 -5.054007e-02
vertex -1.160929e-01 1.012925e+00 -5.086718e-02
vertex -1.071011e-01 1.023313e+00 -5.890618e-02
endloop
endfacet
facet normal 0 0 0
outer loop
vertex -2.432317e-01 8.062699e-01 -1.597997e-01
vertex -2.175030e-01 7.977202e-01 -1.623028e-01
vertex -2.255500e-01 8.451573e-01 -1.397146e-01
endloop
endfacet
facet normal 0 0 0
outer loop
vertex -2.432317e-01 8.062699e-01 -1.597997e-01
vertex -2.362980e-01 7.607383e-01 -1.845687e-01
vertex -2.175030e-01 7.977202e-01 -1.623028e-01
endloop
endfacet
facet normal 0 0 0
outer loop
vertex -2.255500e-01 8.451573e-01 -1.397146e-01
vertex -2.602075e-01 8.247203e-01 -1.705535e-01
vertex -2.432317e-01 8.062699e-01 -1.597997e-01
endloop
endfacet
facet normal 0 0 0
outer loop
vertex -2.075481e-01 8.884800e-01 -1.078657e-01
vertex -2.260709e-01 9.126762e-01 -1.178890e-01
vertex -2.303270e-01 9.014229e-01 -1.290817e-01
endloop
endfacet
facet normal 0 0 0
outer loop
vertex -2.339317e-01 8.891307e-01 -1.387621e-01
vertex -2.246211e-01 9.169277e-01 -1.590088e-01
vertex -2.350430e-01 8.925406e-01 -1.700979e-01
endloop
endfacet
facet normal 0 0 0
outer loop
vertex -1.520280e-01 9.008350e-01 -1.702251e-01
vertex -1.554170e-01 8.850896e-01 -1.423343e-01
vertex -1.613345e-01 8.744602e-01 -1.487648e-01
endloop
endfacet
facet normal 0 0 0
outer loop
vertex -2.109276e-01 8.772087e-01 -1.202370e-01
vertex -2.160750e-01 8.658435e-01 -1.281835e-01
vertex -1.864864e-01 8.576204e-01 -1.306105e-01
endloop
endfacet
facet normal 0 0 0
outer loop
vertex -7.262989e-02 1.140742e+00 6.575269e-02
vertex -6.664100e-02 1.150356e+00 2.675162e-02
vertex -6.253590e-02 1.135173e+00 3.565937e-02
endloop
endfacet
facet normal 0 0 0
outer loop
vertex -8.561505e-02 1.154663e+00 2.848375e-02
vertex -6.664100e-02 1.150356e+00 2.675162e-02
vertex -7.262989e-02 1.140742e+00 6.575269e-02
endloop
endfacet
facet normal 0 0 0
outer loop
vertex -1.207634e-01 1.081589e+00 3.104729e-02
vertex -1.286658e-01 1.054410e+00 6.524736e-02
vertex -1.195266e-01 1.082971e+00 3.694862e-02
endloop
endfacet
facet normal 0 0 0
outer loop
vertex -1.191056e-01 9.856055e-01 6.097269e-03
vertex -1.186356e-01 9.756296e-01 1.597147e-02
vertex -9.671655e-02 9.870522e-01 -1.452949e-02
endloop
endfacet
facet normal 0 0 0
outer loop
vertex -6.893169e-02 1.128702e+00 6.576977e-02
vertex -7.005499e-02 1.115499e+00 6.485505e-02
vertex -6.535527e-02 1.122618e+00 9.628342e-02
endloop
endfacet
facet normal 0 0 0
outer loop
vertex -8.896872e-02 1.138482e+00 1.033993e-01
vertex -7.262989e-02 1.140742e+00 6.575269e-02
vertex -6.967295e-02 1.133252e+00 1.049975e-01
endloop
endfacet
facet normal 0 0 0
outer loop
vertex -6.967295e-02 1.133252e+00 1.049975e-01
vertex -7.262989e-02 1.140742e+00 6.575269e-02
vertex -6.535527e-02 1.122618e+00 9.628342e-02
endloop
endfacet
facet normal 0 0 0
outer loop
vertex -8.382817e-02 1.164908e+00 -1.834266e-02
vertex -1.008516e-01 1.172013e+00 -3.334833e-02
vertex -8.345179e-02 1.168510e+00 -3.360805e-02
endloop
endfacet
facet normal 0 0 0
outer loop
vertex -8.561505e-02 1.154663e+00 2.848375e-02
vertex -8.427274e-02 1.160676e+00 1.117921e-03
vertex -6.664100e-02 1.150356e+00 2.675162e-02
endloop
endfacet
facet normal 0 0 0
outer loop
vertex -7.005499e-02 1.115499e+00 6.485505e-02
vertex -6.471084e-02 1.113430e+00 4.813809e-02
vertex -6.468558e-02 1.106577e+00 5.981831e-02
endloop
endfacet
facet normal 0 0 0
outer loop
vertex -6.765052e-02 1.100235e+00 5.858976e-02
vertex -7.672982e-02 1.095964e+00 5.750096e-02
vertex -6.962034e-02 1.093765e+00 9.449115e-02
endloop
endfacet
facet normal 0 0 0
outer loop
vertex -6.962034e-02 1.093765e+00 9.449115e-02
vertex -6.468558e-02 1.106577e+00 5.981831e-02
vertex -6.765052e-02 1.100235e+00 5.858976e-02
endloop
endfacet
facet normal 0 0 0
outer loop
vertex -4.713968e-02 1.122654e+00 1.487124e-01
vertex -2.603589e-02 1.124637e+00 1.489832e-01
vertex -4.696185e-02 1.118224e+00 1.638483e-01
endloop
endfacet
facet normal 0 0 0
outer loop
vertex -1.030197e-01 2.893994e-01 1.076868e-01
vertex -7.281951e-02 2.123952e-01 1.230307e-01
vertex -1.037199e-01 2.111713e-01 1.096074e-01
endloop
endfacet
facet normal 0 0 0
outer loop
vertex -1.483802e-01 9.638324e-01 -1.438327e-01
vertex -1.293070e-01 1.006556e+00 -8.788665e-02
vertex -1.122509e-01 9.769089e-01 -8.527140e-02
endloop
endfacet
facet normal 0 0 0
outer loop
vertex -9.816706e-02 1.082682e+00 -2.636704e-02
vertex -9.593961e-02 1.099963e+00 -1.482080e-02
vertex -8.339833e-02 1.095127e+00 -2.708560e-02
endloop
endfacet
facet normal 0 0 0
outer loop
vertex -1.008516e-01 1.172013e+00 -3.334833e-02
vertex -1.003480e-01 1.174759e+00 -4.532331e-02
vertex -8.345179e-02 1.168510e+00 -3.360805e-02
endloop
endfacet
facet normal 0 0 0
outer loop
vertex -2.207930e-01 1.244981e+00 1.403817e-01
vertex -2.237491e-01 1.242362e+00 1.599476e-01
vertex -2.248815e-01 1.265250e+00 1.423636e-01
endloop
endfacet
facet normal 0 0 0
outer loop
vertex 2.902617e-02 8.739611e-01 -3.217213e-02
vertex 9.009912e-03 8.754983e-01 -7.098003e-02
vertex 4.162809e-02 9.414658e-01 -3.054667e-02
endloop
endfacet
facet normal 0 0 0
outer loop
vertex -5.050810e-02 1.106048e+00 4.331728e-03
vertex -8.001440e-02 1.101993e+00 7.280326e-03
vertex -6.944742e-02 1.102804e+00 1.863444e-02
endloop
endfacet
facet normal 0 0 0
outer loop
vertex -1.187258e-01 9.755012e-01 1.581444e-02
vertex -1.187448e-01 9.733877e-01 8.538845e-03
vertex -1.185543e-01 9.669400e-01 9.827344e-03
endloop
endfacet
facet normal 0 0 0
outer loop
vertex -1.187448e-01 9.733877e-01 8.538845e-03
vertex -1.187258e-01 9.755012e-01 1.581444e-02
vertex -1.211673e-01 9.720340e-01 1.159304e-02
endloop
endfacet
facet normal 0 0 0
outer loop
vertex -1.159571e-01 9.937883e-01 -5.054007e-02
vertex -1.162381e-01 9.670675e-01 -2.142254e-02
vertex -1.181202e-01 9.714278e-01 -2.633134e-04
endloop
endfacet
facet normal 0 0 0
outer loop
vertex -8.566681e-02 7.146336e-01 1.002010e-01
vertex -3.081155e-02 7.152666e-01 1.032472e-01
vertex -8.347378e-02 7.897102e-01 9.997701e-02
endloop
endfacet
facet normal 0 0 0
outer loop
vertex -1.667210e-01 8.967441e-01 -8.750011e-02
vertex -1.767452e-01 8.777567e-01 -1.124875e-01
vertex -1.402260e-01 9.119470e-01 -1.108531e-01
endloop
endfacet
facet normal 0 0 0
outer loop
vertex -1.541447e-01 1.030333e+00 3.448416e-02
vertex -1.803968e-01 1.010420e+00 -4.632588e-02
vertex -1.733627e-01 1.005691e+00 5.898037e-03
endloop
endfacet
facet normal 0 0 0
outer loop
vertex -1.167854e-01 1.009440e+00 -4.227865e-02
vertex -1.190325e-01 9.880599e-01 3.506414e-03
vertex -1.236800e-01 9.966238e-01 -1.342708e-03
endloop
endfacet
facet normal 0 0 0
outer loop
vertex -1.190325e-01 9.880599e-01 3.506414e-03
vertex -1.167854e-01 1.009440e+00 -4.227865e-02
vertex -1.159571e-01 9.937883e-01 -5.054007e-02
endloop
endfacet
facet normal 0 0 0
outer loop
vertex -1.187679e-01 9.916010e-01 5.358367e-02
vertex -1.186270e-01 9.753266e-01 2.470783e-02
vertex -1.178400e-01 9.731358e-01 6.882585e-02
endloop
endfacet
facet normal 0 0 0
outer loop
vertex -1.405786e-01 9.199050e-01 -1.577698e-01
vertex -1.291197e-01 9.387937e-01 -1.359482e-01
vertex -1.402260e-01 9.119470e-01 -1.108531e-01
endloop
endfacet
facet normal 0 0 0
outer loop
vertex -1.156596e-01 8.716934e-01 -6.525738e-02
vertex -9.227256e-02 8.018339e-01 -6.595404e-02
vertex -1.105824e-01 8.354921e-01 -3.005778e-02
endloop
endfacet
facet normal 0 0 0
outer loop
vertex 1.018596e-01 1.299058e+00 2.047305e-01
vertex 9.689797e-02 1.321750e+00 1.972401e-01
vertex 9.745995e-02 1.320922e+00 2.068680e-01
endloop
endfacet
facet normal 0 0 0
outer loop
vertex 1.018596e-01 1.299058e+00 2.047305e-01
vertex 1.012899e-01 1.299963e+00 1.951111e-01
vertex 9.689797e-02 1.321750e+00 1.972401e-01
endloop
endfacet
facet normal 0 0 0
outer loop
vertex -8.347378e-02 7.897102e-01 9.997701e-02
vertex -1.215631e-01 7.887421e-01 7.388348e-02
vertex -8.566681e-02 7.146336e-01 1.002010e-01
endloop
endfacet
facet normal 0 0 0
outer loop
vertex -1.186270e-01 9.753266e-01 2.470783e-02
vertex -1.187679e-01 9.916010e-01 5.358367e-02
vertex -1.187291e-01 9.757102e-01 1.604693e-02
endloop
endfacet
facet normal 0 0 0
outer loop
vertex -1.077616e-01 9.919670e-01 3.645238e-02
vertex -1.187291e-01 9.757102e-01 1.604693e-02
vertex -1.186356e-01 9.756296e-01 1.597147e-02
endloop
endfacet
facet normal 0 0 0
outer loop
vertex -1.780554e-01 9.754519e-01 -1.364889e-01
vertex -1.293070e-01 1.006556e+00 -8.788665e-02
vertex -1.483802e-01 9.638324e-01 -1.438327e-01
endloop
endfacet
facet normal 0 0 0
outer loop
vertex -1.186270e-01 9.753266e-01 2.470783e-02
vertex -1.185543e-01 9.669400e-01 9.827344e-03
vertex -1.178400e-01 9.731358e-01 6.882585e-02
endloop
endfacet
facet normal 0 0 0
outer loop
vertex -1.838108e-01 1.349148e+00 2.166778e-01
vertex -1.825443e-01 1.335274e+00 2.153207e-01
vertex -1.589546e-01 1.341184e+00 2.160173e-01
endloop
endfacet
facet normal 0 0 0
outer loop
vertex -2.339317e-01 8.891307e-01 -1.387621e-01
vertex -2.430416e-01 8.669705e-01 -1.502703e-01
vertex -2.160750e-01 8.658435e-01 -1.281835e-01
endloop
endfacet
facet normal 0 0 0
outer loop
vertex -6.512935e-02 1.437714e+00 2.260053e-01
vertex -4.377247e-02 1.436143e+00 2.259605e-01
vertex -4.406981e-02 1.442585e+00 2.244831e-01
endloop
endfacet
facet normal 0 0 0
outer loop
vertex 1.429441e-01 6.787975e-01 4.164307e-01
vertex 1.443230e-01 7.256744e-01 3.766385e-01
vertex 1.295043e-01 7.104402e-01 3.666546e-01
endloop
endfacet
facet normal 0 0 0
outer loop
vertex -2.109276e-01 8.772087e-01 -1.202370e-01
vertex -2.303270e-01 9.014229e-01 -1.290817e-01
vertex -2.339317e-01 8.891307e-01 -1.387621e-01
endloop
endfacet
facet normal 0 0 0
outer loop
vertex -2.430416e-01 8.669705e-01 -1.502703e-01
vertex -2.255500e-01 8.451573e-01 -1.397146e-01
vertex -2.160750e-01 8.658435e-01 -1.281835e-01
endloop
endfacet
facet normal 0 0 0
outer loop
vertex -2.260709e-01 9.126762e-01 -1.178890e-01
vertex -2.206881e-01 9.291637e-01 -1.504418e-01
vertex -2.303270e-01 9.014229e-01 -1.290817e-01
endloop
endfacet
facet normal 0 0 0
outer loop
vertex -2.339317e-01 8.891307e-01 -1.387621e-01
vertex -2.350430e-01 8.925406e-01 -1.700979e-01
vertex -2.430416e-01 8.669705e-01 -1.502703e-01
endloop
endfacet
facet normal 0 0 0
outer loop
vertex -1.023386e-01 1.164106e+00 1.341410e-03
vertex -1.213941e-01 1.163971e+00 2.868070e-02
vertex -1.197256e-01 1.170014e+00 1.842835e-03
endloop
endfacet
facet normal 0 0 0
outer loop
vertex -6.253590e-02 1.135173e+00 3.565937e-02
vertex -4.318006e-02 1.138003e+00 2.020802e-02
vertex -4.236206e-02 1.123458e+00 1.806302e-02
endloop
endfacet
facet normal 0 0 0
outer loop
vertex -6.664100e-02 1.150356e+00 2.675162e-02
vertex -4.318006e-02 1.138003e+00 2.020802e-02
vertex -6.253590e-02 1.135173e+00 3.565937e-02
endloop
endfacet
facet normal 0 0 0
outer loop
vertex -7.170013e-02 9.233466e-01 1.160878e-01
vertex -4.757781e-02 8.882757e-01 1.115960e-01
vertex -2.289049e-02 9.227015e-01 1.179828e-01
endloop
endfacet
facet normal 0 0 0
outer loop
vertex -8.427274e-02 1.160676e+00 1.117921e-03
vertex -6.637570e-02 1.159602e+00 1.806159e-03
vertex -6.664100e-02 1.150356e+00 2.675162e-02
endloop
endfacet
facet normal 0 0 0
outer loop
vertex 2.941519e-04 4.658646e-01 -2.956383e-02
vertex 6.893234e-03 4.454231e-01 -7.179192e-02
vertex 1.962223e-03 4.315354e-01 -5.353138e-02
endloop
endfacet
facet normal 0 0 0
outer loop
vertex 1.962223e-03 4.315354e-01 -5.353138e-02
vertex 1.124650e-02 4.287241e-01 -5.585464e-03
vertex 2.941519e-04 4.658646e-01 -2.956383e-02
endloop
endfacet
facet normal 0 0 0
outer loop
vertex -2.287692e-01 1.237474e+00 1.969978e-01
vertex -2.281470e-01 1.238568e+00 1.874018e-01
vertex -2.216860e-01 1.217009e+00 1.950119e-01
endloop
endfacet
facet normal 0 0 0
outer loop
vertex -1.720793e-01 1.383753e+00 -2.507631e-02
vertex -1.818494e-01 1.369259e+00 -2.656108e-02
vertex -1.735635e-01 1.383647e+00 -1.285921e-02
endloop
endfacet
facet normal 0 0 0
outer loop
vertex -4.236206e-02 1.123458e+00 1.806302e-02
vertex -6.375945e-02 1.121505e+00 3.603258e-02
vertex -6.253590e-02 1.135173e+00 3.565937e-02
endloop
endfacet
facet normal 0 0 0
outer loop
vertex -1.604987e-01 1.396862e+00 -2.371997e-02
vertex -1.618276e-01 1.396931e+00 -1.148477e-02
vertex -1.484428e-01 1.408572e+00 -1.026521e-02
endloop
endfacet
facet normal 0 0 0
outer loop
vertex 6.547047e-02 7.229013e-01 1.392570e-02
vertex 5.296440e-02 7.206939e-01 -5.601526e-02
vertex 5.518578e-02 7.598738e-01 -1.685716e-02
endloop
endfacet
facet normal 0 0 0
outer loop
vertex -1.015168e-01 1.168455e+00 -1.808227e-02
vertex -1.008516e-01 1.172013e+00 -3.334833e-02
vertex -8.382817e-02 1.164908e+00 -1.834266e-02
endloop
endfacet
facet normal 0 0 0
outer loop
vertex 5.587074e-02 8.000391e-01 2.041276e-02
vertex 6.547047e-02 7.229013e-01 1.392570e-02
vertex 5.518578e-02 7.598738e-01 -1.685716e-02
endloop
endfacet
facet normal 0 0 0
outer loop
vertex -1.023386e-01 1.164106e+00 1.341410e-03
vertex -8.427274e-02 1.160676e+00 1.117921e-03
vertex -8.561505e-02 1.154663e+00 2.848375e-02
endloop
endfacet
facet normal 0 0 0
outer loop
vertex -1.497888e-01 1.191818e+00 -1.608052e-02
vertex -1.348260e-01 1.181846e+00 -1.700176e-02
vertex -1.362163e-01 1.177990e+00 2.543806e-03
endloop
endfacet
facet normal 0 0 0
outer loop
vertex -1.176229e-01 1.177741e+00 -3.285953e-02
vertex -1.169955e-01 1.180144e+00 -4.494266e-02
vertex -1.003480e-01 1.174759e+00 -4.532331e-02
endloop
endfacet
facet normal 0 0 0
outer loop
vertex -8.345179e-02 1.168510e+00 -3.360805e-02
vertex -6.572910e-02 1.167177e+00 -3.365204e-02
vertex -8.382817e-02 1.164908e+00 -1.834266e-02
endloop
endfacet
facet normal 0 0 0
outer loop
vertex -5.660904e-02 1.105615e+00 -9.924164e-03
vertex -9.255806e-02 1.106550e+00 6.031077e-03
vertex -8.001440e-02 1.101993e+00 7.280326e-03
endloop
endfacet
facet normal 0 0 0
outer loop
vertex -1.994971e-01 1.303002e+00 -3.315788e-02
vertex -1.983425e-01 1.285666e+00 -3.486651e-02
vertex -2.001643e-01 1.284253e+00 -2.277800e-02
endloop
endfacet
facet normal 0 0 0
outer loop
vertex -1.213941e-01 1.163971e+00 2.868070e-02
vertex -1.023386e-01 1.164106e+00 1.341410e-03
vertex -1.035415e-01 1.157911e+00 2.816548e-02
endloop
endfacet
facet normal 0 0 0
outer loop
vertex -8.561505e-02 1.154663e+00 2.848375e-02
vertex -1.035415e-01 1.157911e+00 2.816548e-02
vertex -1.023386e-01 1.164106e+00 1.341410e-03
endloop
endfacet
facet normal 0 0 0
outer loop
vertex -8.382817e-02 1.164908e+00 -1.834266e-02
vertex -8.427274e-02 1.160676e+00 1.117921e-03
vertex -1.023386e-01 1.164106e+00 1.341410e-03
endloop
endfacet
facet normal 0 0 0
outer loop
vertex -6.637570e-02 1.159602e+00 1.806159e-03
vertex -6.581500e-02 1.163547e+00 -1.838676e-02
vertex -4.775655e-02 1.164365e+00 -1.821990e-02
endloop
endfacet
facet normal 0 0 0
outer loop
vertex -6.881040e-02 9.952701e-01 1.232063e-01
vertex -2.195131e-02 9.957789e-01 1.253595e-01
vertex -6.461259e-02 1.056415e+00 1.227442e-01
endloop
endfacet
facet normal 0 0 0
outer loop
vertex -2.195131e-02 9.957789e-01 1.253595e-01
vertex -2.275821e-02 1.051881e+00 1.293663e-01
vertex -6.461259e-02 1.056415e+00 1.227442e-01
endloop
endfacet
facet normal 0 0 0
outer loop
vertex -6.245274e-02 1.104975e+00 -2.715916e-02
vertex -9.255806e-02 1.106550e+00 6.031077e-03
vertex -5.660904e-02 1.105615e+00 -9.924164e-03
endloop
endfacet
facet normal 0 0 0
outer loop
vertex -5.660904e-02 1.105615e+00 -9.924164e-03
vertex -8.001440e-02 1.101993e+00 7.280326e-03
vertex -5.050810e-02 1.106048e+00 4.331728e-03
endloop
endfacet
facet normal 0 0 0
outer loop
vertex -1.383378e-01 1.172122e+00 2.939402e-02
vertex -1.541543e-01 1.182166e+00 3.021836e-02
vertex -1.362163e-01 1.177990e+00 2.543806e-03
endloop
endfacet
facet normal 0 0 0
outer loop
vertex -9.860066e-02 -5.707656e-03 8.275473e-02
vertex -8.842953e-02 -7.748469e-03 1.251411e-01
vertex -1.019289e-01 -6.347250e-03 9.804869e-02
endloop
endfacet
facet normal 0 0 0
outer loop
vertex -1.286658e-01 1.054410e+00 6.524736e-02
vertex -1.207634e-01 1.081589e+00 3.104729e-02
vertex -1.354960e-01 1.050396e+00 5.597281e-02
endloop
endfacet
facet normal 0 0 0
outer loop
vertex -1.383378e-01 1.172122e+00 2.939402e-02
vertex -1.362163e-01 1.177990e+00 2.543806e-03
vertex -1.213941e-01 1.163971e+00 2.868070e-02
endloop
endfacet
facet normal 0 0 0
outer loop
vertex -2.209108e-01 1.308623e+00 1.192229e-01
vertex -2.152436e-01 1.311559e+00 8.113062e-02
vertex -2.222232e-01 1.288471e+00 1.172288e-01
endloop
endfacet
facet normal 0 0 0
outer loop
vertex -6.637570e-02 1.159602e+00 1.806159e-03
vertex -4.775655e-02 1.164365e+00 -1.821990e-02
vertex -4.744970e-02 1.160059e+00 1.249484e-03
endloop
endfacet
facet normal 0 0 0
outer loop
vertex -2.013391e-01 1.301813e+00 -2.104821e-02
vertex -2.001764e-01 1.319392e+00 -1.930423e-02
vertex -1.994971e-01 1.303002e+00 -3.315788e-02
endloop
endfacet
facet normal 0 0 0
outer loop
vertex -2.170664e-01 1.345731e+00 1.701694e-01
vertex -2.195208e-01 1.345237e+00 1.857253e-01
vertex -2.076879e-01 1.364677e+00 1.720790e-01
endloop
endfacet
facet normal 0 0 0
outer loop
vertex -9.593961e-02 1.099963e+00 -1.482080e-02
vertex -9.255806e-02 1.106550e+00 6.031077e-03
vertex -6.245274e-02 1.104975e+00 -2.715916e-02
endloop
endfacet
facet normal 0 0 0
outer loop
vertex -2.216860e-01 1.217009e+00 1.950119e-01
vertex -2.281470e-01 1.238568e+00 1.874018e-01
vertex -2.210829e-01 1.218185e+00 1.854250e-01
endloop
endfacet
facet normal 0 0 0
outer loop
vertex -2.263455e-01 1.240197e+00 1.753339e-01
vertex -2.210829e-01 1.218185e+00 1.854250e-01
vertex -2.281470e-01 1.238568e+00 1.874018e-01
endloop
endfacet
facet normal 0 0 0
outer loop
vertex -2.036933e-01 1.300295e+00 -5.598237e-03
vertex -2.013391e-01 1.301813e+00 -2.104821e-02
vertex -2.024944e-01 1.282451e+00 -7.355210e-03
endloop
endfacet
facet normal 0 0 0
outer loop
vertex -6.572910e-02 1.167177e+00 -3.365204e-02
vertex -6.581500e-02 1.163547e+00 -1.838676e-02
vertex -8.382817e-02 1.164908e+00 -1.834266e-02
endloop
endfacet
facet normal 0 0 0
outer loop
vertex -2.142462e-01 1.346475e+00 1.504171e-01
vertex -2.050460e-01 1.365071e+00 1.522911e-01
vertex -2.018835e-01 1.365475e+00 1.248592e-01
endloop
endfacet
facet normal 0 0 0
outer loop
vertex -1.125636e-01 6.833191e-01 -7.640357e-02
vertex -1.229154e-01 6.431738e-01 -8.068502e-02
vertex -1.190244e-01 6.891090e-01 -3.686262e-02
endloop
endfacet
facet normal 0 0 0
outer loop
vertex -2.263455e-01 1.240197e+00 1.753339e-01
vertex -2.193502e-01 1.220045e+00 1.733806e-01
vertex -2.210829e-01 1.218185e+00 1.854250e-01
endloop
endfacet
facet normal 0 0 0
outer loop
vertex -6.563775e-02 1.172247e+00 -5.511718e-02
vertex -4.870772e-02 1.176185e+00 -6.098402e-02
vertex -4.830932e-02 1.173124e+00 -5.494963e-02
endloop
endfacet
facet normal 0 0 0
outer loop
vertex -6.512935e-02 1.437714e+00 2.260053e-01
vertex -6.039187e-02 1.427408e+00 2.250101e-01
vertex -4.377247e-02 1.436143e+00 2.259605e-01
endloop
endfacet
facet normal 0 0 0
outer loop
vertex -6.568690e-02 1.169962e+00 -4.563145e-02
vertex -6.563775e-02 1.172247e+00 -5.511718e-02
vertex -4.817098e-02 1.170824e+00 -4.546459e-02
endloop
endfacet
facet normal 0 0 0
outer loop
vertex -8.345179e-02 1.168510e+00 -3.360805e-02
vertex -6.568690e-02 1.169962e+00 -4.563145e-02
vertex -6.572910e-02 1.167177e+00 -3.365204e-02
endloop
endfacet
facet normal 0 0 0
outer loop
vertex -6.563775e-02 1.172247e+00 -5.511718e-02
vertex -6.580336e-02 1.175316e+00 -6.114999e-02
vertex -4.870772e-02 1.176185e+00 -6.098402e-02
endloop
endfacet
facet normal 0 0 0
outer loop
vertex 7.299536e-02 9.884002e-01 6.017159e-03
vertex 5.202118e-02 9.882223e-01 3.238467e-02
vertex 4.718908e-02 1.014338e+00 6.638436e-02
endloop
endfacet
facet normal 0 0 0
outer loop
vertex -1.088910e-01 1.070830e+00 1.051806e-01
vertex -9.529296e-02 1.079263e+00 1.048763e-01
vertex -9.859627e-02 1.091032e+00 6.009222e-02
endloop
endfacet
facet normal 0 0 0
outer loop
vertex -9.529296e-02 1.079263e+00 1.048763e-01
vertex -8.133142e-02 1.086661e+00 1.001722e-01
vertex -9.859627e-02 1.091032e+00 6.009222e-02
endloop
endfacet
facet normal 0 0 0
outer loop
vertex -2.114572e-01 1.330665e+00 8.303084e-02
vertex -2.152436e-01 1.311559e+00 8.113062e-02
vertex -2.209108e-01 1.308623e+00 1.192229e-01
endloop
endfacet
facet normal 0 0 0
outer loop
vertex -1.092905e-01 1.033823e+00 -5.725182e-02
vertex -1.087415e-01 1.036040e+00 -5.586645e-02
vertex -1.013647e-01 1.046616e+00 -4.438097e-02
endloop
endfacet
facet normal 0 0 0
outer loop
vertex -9.908337e-02 1.185009e+00 -6.252523e-02
vertex -9.960507e-02 1.179760e+00 -6.094062e-02
vertex -1.155679e-01 1.185272e+00 -6.046659e-02
endloop
endfacet
facet normal 0 0 0
outer loop
vertex -9.594718e-02 5.508947e-01 1.110903e-01
vertex -1.338007e-01 4.783374e-01 1.262881e-01
vertex -9.844083e-02 4.836134e-01 1.436572e-01
endloop
endfacet
facet normal 0 0 0
outer loop
vertex -1.327727e-01 5.456710e-01 8.952151e-02
vertex -1.338007e-01 4.783374e-01 1.262881e-01
vertex -9.594718e-02 5.508947e-01 1.110903e-01
endloop
endfacet
facet normal 0 0 0
outer loop
vertex 1.166487e-02 4.728630e-01 3.199794e-02
vertex 1.318327e-02 4.367389e-01 1.270184e-02
vertex 3.010554e-02 4.678021e-01 3.798499e-02
endloop
endfacet
facet normal 0 0 0
outer loop
vertex 1.014648e-02 5.089869e-01 5.129404e-02
vertex 3.010554e-02 4.678021e-01 3.798499e-02
vertex 4.702781e-02 4.988653e-01 6.326813e-02
endloop
endfacet
facet normal 0 0 0
outer loop
vertex -1.913413e-01 1.353097e+00 -1.597502e-02
vertex -1.896218e-01 1.353605e+00 -2.815109e-02
vertex -1.949390e-01 1.337396e+00 -2.973518e-02
endloop
endfacet
facet normal 0 0 0
outer loop
vertex -1.215631e-01 7.887421e-01 7.388348e-02
vertex -8.347378e-02 7.897102e-01 9.997701e-02
vertex -1.134140e-01 8.570632e-01 7.961323e-02
endloop
endfacet
facet normal 0 0 0
outer loop
vertex -1.083153e-01 1.232319e+00 -5.786655e-02
vertex -1.441677e-01 1.223212e+00 -5.894318e-02
vertex -1.484924e-01 1.250448e+00 -5.626428e-02
endloop
endfacet
facet normal 0 0 0
outer loop
vertex -1.484924e-01 1.250448e+00 -5.626428e-02
vertex -9.548453e-02 1.258469e+00 -5.521238e-02
vertex -1.083153e-01 1.232319e+00 -5.786655e-02
endloop
endfacet
facet normal 0 0 0
outer loop
vertex -1.882614e-01 1.354020e+00 -3.780876e-02
vertex -1.896218e-01 1.353605e+00 -2.815109e-02
vertex -1.805686e-01 1.369498e+00 -3.623655e-02
endloop
endfacet
facet normal 0 0 0
outer loop
vertex -6.340155e-02 4.780678e-01 1.272531e-01
vertex -6.725954e-02 4.109262e-01 1.682567e-01
vertex -5.622256e-02 3.954037e-01 1.244376e-01
endloop
endfacet
facet normal 0 0 0
outer loop
vertex -1.030197e-01 2.893994e-01 1.076868e-01
vertex -1.037199e-01 2.111713e-01 1.096074e-01
vertex -1.346737e-01 2.137353e-01 1.189197e-01
endloop
endfacet
facet normal 0 0 0
outer loop
vertex -1.030197e-01 2.893994e-01 1.076868e-01
vertex -1.346737e-01 2.137353e-01 1.189197e-01
vertex -1.351576e-01 2.929845e-01 1.179695e-01
endloop
endfacet
facet normal 0 0 0
outer loop
vertex -2.104658e-01 1.347581e+00 1.231099e-01
vertex -2.142462e-01 1.346475e+00 1.504171e-01
vertex -2.018835e-01 1.365475e+00 1.248592e-01
endloop
endfacet
facet normal 0 0 0
outer loop
vertex -2.050460e-01 1.365071e+00 1.522911e-01
vertex -2.076879e-01 1.364677e+00 1.720790e-01
vertex -1.958469e-01 1.382269e+00 1.738715e-01
endloop
endfacet
facet normal 0 0 0
outer loop
vertex -1.735635e-01 1.383647e+00 -1.285921e-02
vertex -1.818494e-01 1.369259e+00 -2.656108e-02
vertex -1.834630e-01 1.368954e+00 -1.436436e-02
endloop
endfacet
facet normal 0 0 0
outer loop
vertex -1.949390e-01 1.337396e+00 -2.973518e-02
vertex -1.967327e-01 1.336661e+00 -1.758177e-02
vertex -1.913413e-01 1.353097e+00 -1.597502e-02
endloop
endfacet
facet normal 0 0 0
outer loop
vertex -1.978031e-01 1.183326e+00 1.698488e-01
vertex -2.074639e-01 1.203715e+00 1.562084e-01
vertex -1.956248e-01 1.186432e+00 1.545585e-01
endloop
endfacet
facet normal 0 0 0
outer loop
vertex -1.983425e-01 1.285666e+00 -3.486651e-02
vertex -1.994971e-01 1.303002e+00 -3.315788e-02
vertex -1.980309e-01 1.303945e+00 -4.276350e-02
endloop
endfacet
facet normal 0 0 0
outer loop
vertex -1.896218e-01 1.353605e+00 -2.815109e-02
vertex -1.935148e-01 1.337972e+00 -3.937660e-02
vertex -1.949390e-01 1.337396e+00 -2.973518e-02
endloop
endfacet
facet normal 0 0 0
outer loop
vertex 1.443230e-01 7.256744e-01 3.766385e-01
vertex 1.611621e-01 6.762959e-01 4.130337e-01
vertex 1.676351e-01 7.236170e-01 3.718858e-01
endloop
endfacet
facet normal 0 0 0
outer loop
vertex -1.818494e-01 1.369259e+00 -2.656108e-02
vertex -1.805686e-01 1.369498e+00 -3.623655e-02
vertex -1.896218e-01 1.353605e+00 -2.815109e-02
endloop
endfacet
facet normal 0 0 0
outer loop
vertex 1.429441e-01 6.787975e-01 4.164307e-01
vertex 1.611621e-01 6.762959e-01 4.130337e-01
vertex 1.443230e-01 7.256744e-01 3.766385e-01
endloop
endfacet
facet normal 0 0 0
outer loop
vertex -1.935316e-01 1.352436e+00 -4.411837e-04
vertex -1.913413e-01 1.353097e+00 -1.597502e-02
vertex -1.967327e-01 1.336661e+00 -1.758177e-02
endloop
endfacet
facet normal 0 0 0
outer loop
vertex -2.142462e-01 1.346475e+00 1.504171e-01
vertex -2.076879e-01 1.364677e+00 1.720790e-01
vertex -2.050460e-01 1.365071e+00 1.522911e-01
endloop
endfacet
facet normal 0 0 0
outer loop
vertex 4.702781e-02 4.988653e-01 6.326813e-02
vertex 4.870578e-02 4.278637e-01 2.105809e-02
vertex 6.517477e-02 4.689685e-01 3.155236e-02
endloop
endfacet
facet normal 0 0 0
outer loop
vertex 3.010554e-02 4.678021e-01 3.798499e-02
vertex 4.870578e-02 4.278637e-01 2.105809e-02
vertex 4.702781e-02 4.988653e-01 6.326813e-02
endloop
endfacet
facet normal 0 0 0
outer loop
vertex -1.938145e-01 1.382133e+00 1.539762e-01
vertex -1.769853e-01 1.397674e+00 1.281734e-01
vertex -1.904889e-01 1.382376e+00 1.265907e-01
endloop
endfacet
facet normal 0 0 0
outer loop
vertex -8.871158e-02 1.445406e+00 2.181437e-01
vertex -1.101374e-01 1.441535e+00 2.079499e-01
vertex -1.103416e-01 1.441169e+00 2.176180e-01
endloop
endfacet
facet normal 0 0 0
outer loop
vertex -2.050460e-01 1.365071e+00 1.522911e-01
vertex -1.938145e-01 1.382133e+00 1.539762e-01
vertex -2.018835e-01 1.365475e+00 1.248592e-01
endloop
endfacet
facet normal 0 0 0
outer loop
vertex -1.935316e-01 1.352436e+00 -4.411837e-04
vertex -1.963156e-01 1.351600e+00 1.929264e-02
vertex -1.881377e-01 1.368071e+00 2.096573e-02
endloop
endfacet
facet normal 0 0 0
outer loop
vertex -1.834630e-01 1.368954e+00 -1.436436e-02
vertex -1.935316e-01 1.352436e+00 -4.411837e-04
vertex -1.881377e-01 1.368071e+00 2.096573e-02
endloop
endfacet
facet normal 0 0 0
outer loop
vertex -1.896218e-01 1.353605e+00 -2.815109e-02
vertex -1.913413e-01 1.353097e+00 -1.597502e-02
vertex -1.818494e-01 1.369259e+00 -2.656108e-02
endloop
endfacet
facet normal 0 0 0
outer loop
vertex -1.913413e-01 1.353097e+00 -1.597502e-02
vertex -1.935316e-01 1.352436e+00 -4.411837e-04
vertex -1.834630e-01 1.368954e+00 -1.436436e-02
endloop
endfacet
facet normal 0 0 0
outer loop
vertex -1.754560e-01 1.383507e+00 2.727801e-03
vertex -1.834630e-01 1.368954e+00 -1.436436e-02
vertex -1.881377e-01 1.368071e+00 2.096573e-02
endloop
endfacet
facet normal 0 0 0
outer loop
vertex -2.050460e-01 1.365071e+00 1.522911e-01
vertex -1.958469e-01 1.382269e+00 1.738715e-01
vertex -1.938145e-01 1.382133e+00 1.539762e-01
endloop
endfacet
facet normal 0 0 0
outer loop
vertex -2.142462e-01 1.346475e+00 1.504171e-01
vertex -2.170664e-01 1.345731e+00 1.701694e-01
vertex -2.076879e-01 1.364677e+00 1.720790e-01
endloop
endfacet
facet normal 0 0 0
outer loop
vertex -1.105824e-01 8.354921e-01 -3.005778e-02
vertex -9.227256e-02 8.018339e-01 -6.595404e-02
vertex -1.133578e-01 7.966232e-01 -3.122139e-02
endloop
endfacet
facet normal 0 0 0
outer loop
vertex -1.656914e-01 1.372468e+00 2.190668e-01
vertex -1.751423e-01 1.382356e+00 2.199930e-01
vertex -1.910663e-01 1.367614e+00 2.184633e-01
endloop
endfacet
facet normal 0 0 0
outer loop
vertex -2.195208e-01 1.345237e+00 1.857253e-01
vertex -2.099867e-01 1.364488e+00 1.876665e-01
vertex -2.076879e-01 1.364677e+00 1.720790e-01
endloop
endfacet
facet normal 0 0 0
outer loop
vertex -1.841263e-01 1.398321e+00 1.910689e-01
vertex -1.677703e-01 1.412551e+00 1.925597e-01
vertex -1.821923e-01 1.397997e+00 1.754362e-01
endloop
endfacet
facet normal 0 0 0
outer loop
vertex -2.209473e-01 1.326834e+00 1.484488e-01
vertex -2.170664e-01 1.345731e+00 1.701694e-01
vertex -2.142462e-01 1.346475e+00 1.504171e-01
endloop
endfacet
facet normal 0 0 0
outer loop
vertex -2.248815e-01 1.265250e+00 1.423636e-01
vertex -2.279124e-01 1.263008e+00 1.619668e-01
vertex -2.293695e-01 1.283987e+00 1.640247e-01
endloop
endfacet
facet normal 0 0 0
outer loop
vertex 6.964360e-02 1.040267e+00 -5.107490e-02
vertex 6.342515e-02 9.831510e-01 -1.159234e-02
vertex 5.691512e-02 9.721394e-01 -1.717439e-02
endloop
endfacet
facet normal 0 0 0
outer loop
vertex -1.990172e-01 1.335718e+00 -2.076183e-03
vertex -2.019131e-01 1.334539e+00 1.762495e-02
vertex -1.963156e-01 1.351600e+00 1.929264e-02
endloop
endfacet
facet normal 0 0 0
outer loop
vertex -2.114572e-01 1.330665e+00 8.303084e-02
vertex -2.169941e-01 1.328433e+00 1.211915e-01
vertex -2.104658e-01 1.347581e+00 1.231099e-01
endloop
endfacet
facet normal 0 0 0
outer loop
vertex -2.324073e-01 1.259784e+00 1.894789e-01
vertex -2.305664e-01 1.261178e+00 1.773869e-01
vertex -2.263455e-01 1.240197e+00 1.753339e-01
endloop
endfacet
facet normal 0 0 0
outer loop
vertex 6.814817e-02 6.911523e-01 -2.254395e-02
vertex 8.680890e-02 6.548460e-01 1.859201e-02
vertex 7.200414e-02 6.677319e-01 -5.122482e-02
endloop
endfacet
facet normal 0 0 0
outer loop
vertex -2.140159e-01 1.225521e+00 1.384982e-01
vertex -2.237491e-01 1.242362e+00 1.599476e-01
vertex -2.207930e-01 1.244981e+00 1.403817e-01
endloop
endfacet
facet normal 0 0 0
outer loop
vertex -2.140159e-01 1.225521e+00 1.384982e-01
vertex -2.168541e-01 1.222533e+00 1.580271e-01
vertex -2.237491e-01 1.242362e+00 1.599476e-01
endloop
endfacet
facet normal 0 0 0
outer loop
vertex -2.279942e-01 1.305041e+00 1.661085e-01
vertex -2.249669e-01 1.306523e+00 1.464304e-01
vertex -2.293695e-01 1.283987e+00 1.640247e-01
endloop
endfacet
facet normal 0 0 0
outer loop
vertex -1.456985e-01 5.260912e-01 2.740060e-02
vertex -1.327727e-01 5.456710e-01 8.952151e-02
vertex -1.323090e-01 5.743896e-01 7.626049e-02
endloop
endfacet
facet normal 0 0 0
outer loop
vertex -2.249669e-01 1.306523e+00 1.464304e-01
vertex -2.263152e-01 1.285857e+00 1.443851e-01
vertex -2.293695e-01 1.283987e+00 1.640247e-01
endloop
endfacet
facet normal 0 0 0
outer loop
vertex -2.248815e-01 1.265250e+00 1.423636e-01
vertex -2.222232e-01 1.288471e+00 1.172288e-01
vertex -2.208238e-01 1.268375e+00 1.152575e-01
endloop
endfacet
facet normal 0 0 0
outer loop
vertex -2.293695e-01 1.283987e+00 1.640247e-01
vertex -2.305664e-01 1.261178e+00 1.773869e-01
vertex -2.320392e-01 1.282500e+00 1.794796e-01
endloop
endfacet
facet normal 0 0 0
outer loop
vertex -2.279124e-01 1.263008e+00 1.619668e-01
vertex -2.305664e-01 1.261178e+00 1.773869e-01
vertex -2.293695e-01 1.283987e+00 1.640247e-01
endloop
endfacet
facet normal 0 0 0
outer loop
vertex -1.386347e-01 1.173778e+00 1.995813e-01
vertex -1.456953e-01 1.186353e+00 2.008037e-01
vertex -1.488447e-01 1.167466e+00 1.988988e-01
endloop
endfacet
facet normal 0 0 0
outer loop
vertex -1.938145e-01 1.382133e+00 1.539762e-01
vertex -1.821923e-01 1.397997e+00 1.754362e-01
vertex -1.799600e-01 1.397812e+00 1.555984e-01
endloop
endfacet
facet normal 0 0 0
outer loop
vertex -1.956248e-01 1.186432e+00 1.545585e-01
vertex -1.794449e-01 1.174664e+00 1.336281e-01
vertex -1.816776e-01 1.170722e+00 1.530600e-01
endloop
endfacet
facet normal 0 0 0
outer loop
vertex -2.237491e-01 1.242362e+00 1.599476e-01
vertex -2.193502e-01 1.220045e+00 1.733806e-01
vertex -2.263455e-01 1.240197e+00 1.753339e-01
endloop
endfacet
facet normal 0 0 0
outer loop
vertex -2.168541e-01 1.222533e+00 1.580271e-01
vertex -2.193502e-01 1.220045e+00 1.733806e-01
vertex -2.237491e-01 1.242362e+00 1.599476e-01
endloop
endfacet
facet normal 0 0 0
outer loop
vertex -2.279124e-01 1.263008e+00 1.619668e-01
vertex -2.237491e-01 1.242362e+00 1.599476e-01
vertex -2.305664e-01 1.261178e+00 1.773869e-01
endloop
endfacet
facet normal 0 0 0
outer loop
vertex -1.997108e-01 1.240891e+00 3.581809e-02
vertex -2.058188e-01 1.258632e+00 3.754131e-02
vertex -2.018421e-01 1.262280e+00 1.048938e-02
endloop
endfacet
facet normal 0 0 0
outer loop
vertex -1.958469e-01 1.382269e+00 1.738715e-01
vertex -1.821923e-01 1.397997e+00 1.754362e-01
vertex -1.938145e-01 1.382133e+00 1.539762e-01
endloop
endfacet
facet normal 0 0 0
outer loop
vertex -1.227170e-01 1.164681e+00 1.987533e-01
vertex -1.103791e-01 1.180014e+00 2.003562e-01
vertex -1.255076e-01 1.177600e+00 2.000365e-01
endloop
endfacet
facet normal 0 0 0
outer loop
vertex -1.794449e-01 1.174664e+00 1.336281e-01
vertex -1.956248e-01 1.186432e+00 1.545585e-01
vertex -1.931524e-01 1.190084e+00 1.350967e-01
endloop
endfacet
facet normal 0 0 0
outer loop
vertex -2.248269e-01 1.259541e+00 2.076446e-01
vertex -2.106877e-01 1.280535e+00 2.097844e-01
vertex -2.262304e-01 1.280622e+00 2.097148e-01
endloop
endfacet
facet normal 0 0 0
outer loop
vertex -1.956248e-01 1.186432e+00 1.545585e-01
vertex -2.074639e-01 1.203715e+00 1.562084e-01
vertex -1.931524e-01 1.190084e+00 1.350967e-01
endloop
endfacet
facet normal 0 0 0
outer loop
vertex -2.168308e-01 1.248603e+00 1.133247e-01
vertex -2.248815e-01 1.265250e+00 1.423636e-01
vertex -2.208238e-01 1.268375e+00 1.152575e-01
endloop
endfacet
facet normal 0 0 0
outer loop
vertex -1.979496e-01 1.382354e+00 1.894873e-01
vertex -1.821923e-01 1.397997e+00 1.754362e-01
vertex -1.958469e-01 1.382269e+00 1.738715e-01
endloop
endfacet
facet normal 0 0 0
outer loop
vertex -8.852961e-02 9.939529e-01 -6.925064e-02
vertex -1.048539e-01 1.030805e+00 -6.102908e-02
vertex -6.976233e-02 1.029393e+00 -6.282605e-02
endloop
endfacet
facet normal 0 0 0
outer loop
vertex -1.979496e-01 1.382354e+00 1.894873e-01
vertex -1.841263e-01 1.398321e+00 1.910689e-01
vertex -1.821923e-01 1.397997e+00 1.754362e-01
endloop
endfacet
facet normal 0 0 0
outer loop
vertex -1.263655e-01 1.076816e+00 2.595526e-02
vertex -1.354960e-01 1.050396e+00 5.597281e-02
vertex -1.207634e-01 1.081589e+00 3.104729e-02
endloop
endfacet
facet normal 0 0 0
outer loop
vertex -8.896872e-02 1.138482e+00 1.033993e-01
vertex -8.711965e-02 1.146707e+00 6.600018e-02
vertex -7.262989e-02 1.140742e+00 6.575269e-02
endloop
endfacet
facet normal 0 0 0
outer loop
vertex -1.227170e-01 1.164681e+00 1.987533e-01
vertex -1.373703e-01 1.158439e+00 1.980472e-01
vertex -1.253612e-01 1.153345e+00 1.975925e-01
endloop
endfacet
facet normal 0 0 0
outer loop
vertex -1.956248e-01 1.186432e+00 1.545585e-01
vertex -1.816776e-01 1.170722e+00 1.530600e-01
vertex -1.978031e-01 1.183326e+00 1.698488e-01
endloop
endfacet
facet normal 0 0 0
outer loop
vertex -1.488447e-01 1.167466e+00 1.988988e-01
vertex -1.456953e-01 1.186353e+00 2.008037e-01
vertex -1.591458e-01 1.179431e+00 2.000429e-01
endloop
endfacet
facet normal 0 0 0
outer loop
vertex -1.568848e-01 1.160329e+00 1.981406e-01
vertex -1.634087e-01 1.154156e+00 1.974856e-01
vertex -1.468768e-01 1.143238e+00 1.964588e-01
endloop
endfacet
facet normal 0 0 0
outer loop
vertex -1.468768e-01 1.143238e+00 1.964588e-01
vertex -1.291061e-01 1.134609e+00 1.957191e-01
vertex -1.265090e-01 1.142892e+00 1.965245e-01
endloop
endfacet
facet normal 0 0 0
outer loop
vertex -1.500710e-01 1.138378e+00 1.938385e-01
vertex -1.310444e-01 1.129274e+00 1.930488e-01
vertex -1.291061e-01 1.134609e+00 1.957191e-01
endloop
endfacet
facet normal 0 0 0
outer loop
vertex 6.140424e-02 1.077823e+00 9.728626e-02
vertex 7.003075e-02 1.014621e+00 9.561886e-02
vertex 7.074607e-02 1.038209e+00 8.731732e-02
endloop
endfacet
facet normal 0 0 0
outer loop
vertex 5.877368e-02 1.001885e+00 1.141748e-01
vertex 7.003075e-02 1.014621e+00 9.561886e-02
vertex 6.140424e-02 1.077823e+00 9.728626e-02
endloop
endfacet
facet normal 0 0 0
outer loop
vertex -1.079609e-01 1.149897e+00 1.973254e-01
vertex -1.265090e-01 1.142892e+00 1.965245e-01
vertex -1.090697e-01 1.137308e+00 1.960873e-01
endloop
endfacet
facet normal 0 0 0
outer loop
vertex -1.568848e-01 1.160329e+00 1.981406e-01
vertex -1.437532e-01 1.151065e+00 1.972689e-01
vertex -1.488447e-01 1.167466e+00 1.988988e-01
endloop
endfacet
facet normal 0 0 0
outer loop
vertex -8.561505e-02 1.154663e+00 2.848375e-02
vertex -7.262989e-02 1.140742e+00 6.575269e-02
vertex -8.711965e-02 1.146707e+00 6.600018e-02
endloop
endfacet
facet normal 0 0 0
outer loop
vertex -6.253590e-02 1.135173e+00 3.565937e-02
vertex -6.375945e-02 1.121505e+00 3.603258e-02
vertex -6.893169e-02 1.128702e+00 6.576977e-02
endloop
endfacet
facet normal 0 0 0
outer loop
vertex -6.893169e-02 1.128702e+00 6.576977e-02
vertex -6.375945e-02 1.121505e+00 3.603258e-02
vertex -7.005499e-02 1.115499e+00 6.485505e-02
endloop
endfacet
facet normal 0 0 0
outer loop
vertex -1.569452e-01 1.022394e+00 -7.429916e-02
vertex -1.803968e-01 1.010420e+00 -4.632588e-02
vertex -1.241653e-01 1.066833e+00 -2.595825e-02
endloop
endfacet
facet normal 0 0 0
outer loop
vertex -1.241653e-01 1.066833e+00 -2.595825e-02
vertex -1.803968e-01 1.010420e+00 -4.632588e-02
vertex -1.439680e-01 1.057616e+00 6.532592e-03
endloop
endfacet
facet normal 0 0 0
outer loop
vertex -2.248815e-01 1.265250e+00 1.423636e-01
vertex -2.168308e-01 1.248603e+00 1.133247e-01
vertex -2.207930e-01 1.244981e+00 1.403817e-01
endloop
endfacet
facet normal 0 0 0
outer loop
vertex -1.035415e-01 1.157911e+00 2.816548e-02
vertex -8.711965e-02 1.146707e+00 6.600018e-02
vertex -1.052692e-01 1.149878e+00 6.577115e-02
endloop
endfacet
facet normal 0 0 0
outer loop
vertex -8.711965e-02 1.146707e+00 6.600018e-02
vertex -1.035415e-01 1.157911e+00 2.816548e-02
vertex -8.561505e-02 1.154663e+00 2.848375e-02
endloop
endfacet
facet normal 0 0 0
outer loop
vertex -9.139295e-02 1.165021e+00 1.989403e-01
vertex -1.079795e-01 1.164577e+00 1.988150e-01
vertex -1.079609e-01 1.149897e+00 1.973254e-01
endloop
endfacet
facet normal 0 0 0
outer loop
vertex -1.904889e-01 1.382376e+00 1.265907e-01
vertex -1.968182e-01 1.366428e+00 8.658234e-02
vertex -2.018835e-01 1.365475e+00 1.248592e-01
endloop
endfacet
facet normal 0 0 0
outer loop
vertex -9.011222e-02 1.148048e+00 1.972813e-01
vertex -1.079609e-01 1.149897e+00 1.973254e-01
vertex -1.090697e-01 1.137308e+00 1.960873e-01
endloop
endfacet
facet normal 0 0 0
outer loop
vertex -1.329724e-01 1.165511e+00 1.987826e-01
vertex -1.386347e-01 1.173778e+00 1.995813e-01
vertex -1.373703e-01 1.158439e+00 1.980472e-01
endloop
endfacet
facet normal 0 0 0
outer loop
vertex -1.373703e-01 1.158439e+00 1.980472e-01
vertex -1.227170e-01 1.164681e+00 1.987533e-01
vertex -1.329724e-01 1.165511e+00 1.987826e-01
endloop
endfacet
facet normal 0 0 0
outer loop
vertex -9.011222e-02 1.148048e+00 1.972813e-01
vertex -9.139295e-02 1.165021e+00 1.989403e-01
vertex -1.079609e-01 1.149897e+00 1.973254e-01
endloop
endfacet
facet normal 0 0 0
outer loop
vertex -1.103791e-01 1.180014e+00 2.003562e-01
vertex -1.227170e-01 1.164681e+00 1.987533e-01
vertex -1.079795e-01 1.164577e+00 1.988150e-01
endloop
endfacet
facet normal 0 0 0
outer loop
vertex -7.112227e-02 1.147582e+00 1.973178e-01
vertex -7.364074e-02 1.166270e+00 1.991516e-01
vertex -9.011222e-02 1.148048e+00 1.972813e-01
endloop
endfacet
facet normal 0 0 0
outer loop
vertex -1.103791e-01 1.180014e+00 2.003562e-01
vertex -1.079795e-01 1.164577e+00 1.988150e-01
vertex -9.407035e-02 1.182316e+00 2.006709e-01
endloop
endfacet
facet normal 0 0 0
outer loop
vertex -1.307189e-01 1.191081e+00 2.013535e-01
vertex -1.386347e-01 1.173778e+00 1.995813e-01
vertex -1.255076e-01 1.177600e+00 2.000365e-01
endloop
endfacet
facet normal 0 0 0
outer loop
vertex -1.255076e-01 1.177600e+00 2.000365e-01
vertex -1.329724e-01 1.165511e+00 1.987826e-01
vertex -1.227170e-01 1.164681e+00 1.987533e-01
endloop
endfacet
facet normal 0 0 0
outer loop
vertex -1.079795e-01 1.164577e+00 1.988150e-01
vertex -1.227170e-01 1.164681e+00 1.987533e-01
vertex -1.253612e-01 1.153345e+00 1.975925e-01
endloop
endfacet
facet normal 0 0 0
outer loop
vertex -6.595615e-02 1.439399e+00 5.606045e-02
vertex -6.613645e-02 1.441243e+00 9.463860e-02
vertex -4.645469e-02 1.439917e+00 9.460328e-02
endloop
endfacet
facet normal 0 0 0
outer loop
vertex -2.222232e-01 1.288471e+00 1.172288e-01
vertex -2.263152e-01 1.285857e+00 1.443851e-01
vertex -2.249669e-01 1.306523e+00 1.464304e-01
endloop
endfacet
facet normal 0 0 0
outer loop
vertex -8.074747e-02 1.408259e+00 2.230197e-01
vertex -6.039187e-02 1.427408e+00 2.250101e-01
vertex -8.430132e-02 1.425299e+00 2.246812e-01
endloop
endfacet
facet normal 0 0 0
outer loop
vertex -2.206705e-01 1.238749e+00 2.056090e-01
vertex -1.923328e-01 1.246020e+00 2.064727e-01
vertex -2.248269e-01 1.259541e+00 2.076446e-01
endloop
endfacet
facet normal 0 0 0
outer loop
vertex -1.764589e-01 1.180055e+00 1.067490e-01
vertex -1.794449e-01 1.174664e+00 1.336281e-01
vertex -1.931524e-01 1.190084e+00 1.350967e-01
endloop
endfacet
facet normal 0 0 0
outer loop
vertex -2.137367e-01 1.218769e+00 2.036704e-01
vertex -1.862387e-01 1.227586e+00 2.046860e-01
vertex -1.923328e-01 1.246020e+00 2.064727e-01
endloop
endfacet
facet normal 0 0 0
outer loop
vertex -2.938501e-02 8.759706e-01 -8.243424e-02
vertex 9.009912e-03 8.754983e-01 -7.098003e-02
vertex -2.890882e-02 7.940921e-01 -8.703587e-02
endloop
endfacet
facet normal 0 0 0
outer loop
vertex -2.890882e-02 7.940921e-01 -8.703587e-02
vertex -7.857832e-02 8.755206e-01 -8.594020e-02
vertex -2.938501e-02 8.759706e-01 -8.243424e-02
endloop
endfacet
facet normal 0 0 0
outer loop
vertex -1.000740e-01 1.404229e+00 2.225233e-01
vertex -1.244505e-01 1.414743e+00 2.234379e-01
vertex -1.356867e-01 1.393923e+00 2.213290e-01
endloop
endfacet
facet normal 0 0 0
outer loop
vertex -8.738765e-02 1.443057e+00 1.605366e-01
vertex -8.673474e-02 1.441778e+00 1.329871e-01
vertex -1.068109e-01 1.437850e+00 1.324996e-01
endloop
endfacet
facet normal 0 0 0
outer loop
vertex -1.473236e-01 1.416098e+00 2.234596e-01
vertex -1.678936e-01 1.410030e+00 2.206491e-01
vertex -1.649899e-01 1.404294e+00 2.222092e-01
endloop
endfacet
facet normal 0 0 0
outer loop
vertex -1.079794e-01 1.439023e+00 1.600360e-01
vertex -1.088561e-01 1.439990e+00 1.799579e-01
vertex -8.787513e-02 1.444096e+00 1.804675e-01
endloop
endfacet
facet normal 0 0 0
outer loop
vertex -1.068109e-01 1.437850e+00 1.324996e-01
vertex -1.079794e-01 1.439023e+00 1.600360e-01
vertex -8.738765e-02 1.443057e+00 1.605366e-01
endloop
endfacet
facet normal 0 0 0
outer loop
vertex -1.463481e-01 3.954811e-01 1.230569e-01
vertex -1.459968e-01 4.609877e-01 7.374756e-02
vertex -1.352154e-01 3.818019e-01 8.244333e-02
endloop
endfacet
facet normal 0 0 0
outer loop
vertex -1.338007e-01 4.783374e-01 1.262881e-01
vertex -1.459968e-01 4.609877e-01 7.374756e-02
vertex -1.463481e-01 3.954811e-01 1.230569e-01
endloop
endfacet
facet normal 0 0 0
outer loop
vertex -2.267578e-01 1.237385e+00 2.033316e-01
vertex -2.330420e-01 1.258770e+00 1.990832e-01
vertex -2.287692e-01 1.237474e+00 1.969978e-01
endloop
endfacet
facet normal 0 0 0
outer loop
vertex -8.858671e-02 1.445761e+00 2.084741e-01
vertex -8.871158e-02 1.445406e+00 2.181437e-01
vertex -6.666505e-02 1.447160e+00 2.087200e-01
endloop
endfacet
facet normal 0 0 0
outer loop
vertex -1.082231e-01 1.432282e+00 2.251885e-01
vertex -1.047335e-01 1.421279e+00 2.241800e-01
vertex -8.710711e-02 1.436403e+00 2.257003e-01
endloop
endfacet
facet normal 0 0 0
outer loop
vertex 1.014648e-02 5.089869e-01 5.129404e-02
vertex 1.166487e-02 4.728630e-01 3.199794e-02
vertex 3.010554e-02 4.678021e-01 3.798499e-02
endloop
endfacet
facet normal 0 0 0
outer loop
vertex 1.166487e-02 4.728630e-01 3.199794e-02
vertex 1.014648e-02 5.089869e-01 5.129404e-02
vertex 5.220316e-03 4.874258e-01 1.086510e-02
endloop
endfacet
facet normal 0 0 0
outer loop
vertex -1.506621e-01 1.424909e+00 2.061034e-01
vertex -1.510132e-01 1.424483e+00 2.157650e-01
vertex -1.312244e-01 1.434144e+00 2.168195e-01
endloop
endfacet
facet normal 0 0 0
outer loop
vertex -1.125636e-01 6.833191e-01 -7.640357e-02
vertex -1.022117e-01 7.234645e-01 -7.212213e-02
vertex -7.955733e-02 6.580304e-01 -9.580316e-02
endloop
endfacet
facet normal 0 0 0
outer loop
vertex -7.955733e-02 6.580304e-01 -9.580316e-02
vertex -1.229154e-01 6.431738e-01 -8.068502e-02
vertex -1.125636e-01 6.833191e-01 -7.640357e-02
endloop
endfacet
facet normal 0 0 0
outer loop
vertex -1.344430e-01 7.914125e-01 3.511268e-03
vertex -1.288922e-01 8.691503e-01 5.838487e-03
vertex -1.105824e-01 8.354921e-01 -3.005778e-02
endloop
endfacet
facet normal 0 0 0
outer loop
vertex -1.133578e-01 7.966232e-01 -3.122139e-02
vertex -1.060520e-01 7.600973e-01 -3.509010e-02
vertex -1.344430e-01 7.914125e-01 3.511268e-03
endloop
endfacet
facet normal 0 0 0
outer loop
vertex -1.656914e-01 1.372468e+00 2.190668e-01
vertex -1.603166e-01 1.358969e+00 2.177612e-01
vertex -1.297092e-01 1.372688e+00 2.192624e-01
endloop
endfacet
facet normal 0 0 0
outer loop
vertex -5.702827e-02 1.413183e+00 2.236252e-01
vertex -8.074747e-02 1.408259e+00 2.230197e-01
vertex -5.835385e-02 1.391378e+00 2.214649e-01
endloop
endfacet
facet normal 0 0 0
outer loop
vertex -8.428829e-02 1.346333e+00 2.168931e-01
vertex -4.748460e-02 1.374800e+00 2.198886e-01
vertex -8.859081e-02 1.364709e+00 2.186834e-01
endloop
endfacet
facet normal 0 0 0
outer loop
vertex -1.297092e-01 1.372688e+00 2.192624e-01
vertex -1.258135e-01 1.355655e+00 2.176058e-01
vertex -8.859081e-02 1.364709e+00 2.186834e-01
endloop
endfacet
facet normal 0 0 0
outer loop
vertex -9.469070e-02 1.384387e+00 2.205903e-01
vertex -5.835385e-02 1.391378e+00 2.214649e-01
vertex -8.074747e-02 1.408259e+00 2.230197e-01
endloop
endfacet
facet normal 0 0 0
outer loop
vertex -1.244505e-01 1.414743e+00 2.234379e-01
vertex -1.430690e-01 1.405865e+00 2.224683e-01
vertex -1.356867e-01 1.393923e+00 2.213290e-01
endloop
endfacet
facet normal 0 0 0
outer loop
vertex -1.305891e-01 1.431546e+00 2.228959e-01
vertex -1.286021e-01 1.425410e+00 2.244077e-01
vertex -1.082231e-01 1.432282e+00 2.251885e-01
endloop
endfacet
facet normal 0 0 0
outer loop
vertex -1.244505e-01 1.414743e+00 2.234379e-01
vertex -1.047335e-01 1.421279e+00 2.241800e-01
vertex -1.286021e-01 1.425410e+00 2.244077e-01
endloop
endfacet
facet normal 0 0 0
outer loop
vertex -8.833085e-02 1.442740e+00 2.242122e-01
vertex -8.871158e-02 1.445406e+00 2.181437e-01
vertex -1.098337e-01 1.438538e+00 2.236905e-01
endloop
endfacet
facet normal 0 0 0
outer loop
vertex -8.859081e-02 1.364709e+00 2.186834e-01
vertex -9.469070e-02 1.384387e+00 2.205903e-01
vertex -1.297092e-01 1.372688e+00 2.192624e-01
endloop
endfacet
facet normal 0 0 0
outer loop
vertex -1.000740e-01 1.404229e+00 2.225233e-01
vertex -1.047335e-01 1.421279e+00 2.241800e-01
vertex -1.244505e-01 1.414743e+00 2.234379e-01
endloop
endfacet
facet normal 0 0 0
outer loop
vertex -5.835385e-02 1.391378e+00 2.214649e-01
vertex -8.859081e-02 1.364709e+00 2.186834e-01
vertex -4.748460e-02 1.374800e+00 2.198886e-01
endloop
endfacet
facet normal 0 0 0
outer loop
vertex -1.989391e-01 1.302850e+00 2.120447e-01
vertex -2.206217e-01 1.321922e+00 2.138143e-01
vertex -2.247446e-01 1.301635e+00 2.117967e-01
endloop
endfacet
facet normal 0 0 0
outer loop
vertex -1.386347e-01 1.173778e+00 1.995813e-01
vertex -1.307189e-01 1.191081e+00 2.013535e-01
vertex -1.456953e-01 1.186353e+00 2.008037e-01
endloop
endfacet
facet normal 0 0 0
outer loop
vertex 1.521049e-02 9.491162e-01 -6.262045e-02
vertex 4.162809e-02 9.414658e-01 -3.054667e-02
vertex 9.009912e-03 8.754983e-01 -7.098003e-02
endloop
endfacet
facet normal 0 0 0
outer loop
vertex -2.330940e-01 1.302117e+00 2.033588e-01
vertex -2.345251e-01 1.280407e+00 2.012083e-01
vertex -2.324608e-01 1.280061e+00 2.075174e-01
endloop
endfacet
facet normal 0 0 0
outer loop
vertex -1.386347e-01 1.173778e+00 1.995813e-01
vertex -1.329724e-01 1.165511e+00 1.987826e-01
vertex -1.255076e-01 1.177600e+00 2.000365e-01
endloop
endfacet
facet normal 0 0 0
outer loop
vertex -1.621310e-01 1.233205e+00 2.053658e-01
vertex -1.444647e-01 1.224169e+00 2.045619e-01
vertex -1.292108e-01 1.244295e+00 2.066297e-01
endloop
endfacet
facet normal 0 0 0
outer loop
vertex 8.178951e-02 5.869905e-01 7.808205e-02
vertex 8.236054e-02 5.679238e-01 7.044458e-02
vertex 9.579450e-02 6.095734e-01 9.283743e-03
endloop
endfacet
facet normal 0 0 0
outer loop
vertex 8.236054e-02 5.679238e-01 7.044458e-02
vertex 9.530320e-02 5.945737e-01 5.134078e-03
vertex 9.579450e-02 6.095734e-01 9.283743e-03
endloop
endfacet
facet normal 0 0 0
outer loop
vertex -1.286591e-01 1.334828e+00 2.155391e-01
vertex -9.193692e-02 1.326503e+00 2.149050e-01
vertex -8.428829e-02 1.346333e+00 2.168931e-01
endloop
endfacet
facet normal 0 0 0
outer loop
vertex -1.022068e-01 1.216071e+00 2.039842e-01
vertex -8.866204e-02 1.240327e+00 2.064430e-01
vertex -1.106388e-01 1.227873e+00 2.051021e-01
endloop
endfacet
facet normal 0 0 0
outer loop
vertex -1.116094e-01 1.248931e+00 2.071764e-01
vertex -1.106388e-01 1.227873e+00 2.051021e-01
vertex -8.866204e-02 1.240327e+00 2.064430e-01
endloop
endfacet
facet normal 0 0 0
outer loop
vertex -1.251970e-01 1.226765e+00 2.049177e-01
vertex -1.191139e-01 1.211760e+00 2.034696e-01
vertex -1.106388e-01 1.227873e+00 2.051021e-01
endloop
endfacet
facet normal 0 0 0
outer loop
vertex -1.106388e-01 1.227873e+00 2.051021e-01
vertex -1.116094e-01 1.248931e+00 2.071764e-01
vertex -1.251970e-01 1.226765e+00 2.049177e-01
endloop
endfacet
facet normal 0 0 0
outer loop
vertex -1.191139e-01 1.211760e+00 2.034696e-01
vertex -1.251970e-01 1.226765e+00 2.049177e-01
vertex -1.362583e-01 1.206748e+00 2.028837e-01
endloop
endfacet
facet normal 0 0 0
outer loop
vertex -1.251970e-01 1.226765e+00 2.049177e-01
vertex -1.292108e-01 1.244295e+00 2.066297e-01
vertex -1.444647e-01 1.224169e+00 2.045619e-01
endloop
endfacet
facet normal 0 0 0
outer loop
vertex -1.251970e-01 1.226765e+00 2.049177e-01
vertex -1.444647e-01 1.224169e+00 2.045619e-01
vertex -1.362583e-01 1.206748e+00 2.028837e-01
endloop
endfacet
facet normal 0 0 0
outer loop
vertex -1.292108e-01 1.244295e+00 2.066297e-01
vertex -1.251970e-01 1.226765e+00 2.049177e-01
vertex -1.116094e-01 1.248931e+00 2.071764e-01
endloop
endfacet
facet normal 0 0 0
outer loop
vertex -1.022068e-01 1.216071e+00 2.039842e-01
vertex -8.539905e-02 1.220015e+00 2.044615e-01
vertex -8.866204e-02 1.240327e+00 2.064430e-01
endloop
endfacet
facet normal 0 0 0
outer loop
vertex -9.193692e-02 1.326503e+00 2.149050e-01
vertex -1.286591e-01 1.334828e+00 2.155391e-01
vertex -1.258938e-01 1.315701e+00 2.136721e-01
endloop
endfacet
facet normal 0 0 0
outer loop
vertex -1.082383e-01 1.303003e+00 2.125085e-01
vertex -9.193692e-02 1.326503e+00 2.149050e-01
vertex -1.258938e-01 1.315701e+00 2.136721e-01
endloop
endfacet
facet normal 0 0 0
outer loop
vertex -8.234993e-02 1.274106e+00 2.097971e-01
vertex -1.160254e-01 1.282357e+00 2.104418e-01
vertex -1.162863e-01 1.265445e+00 2.087737e-01
endloop
endfacet
facet normal 0 0 0
outer loop
vertex -1.365008e-01 1.292979e+00 2.113818e-01
vertex -1.823274e-01 1.286503e+00 2.105150e-01
vertex -1.749590e-01 1.268145e+00 2.087464e-01
endloop
endfacet
facet normal 0 0 0
outer loop
vertex -2.330420e-01 1.258770e+00 1.990832e-01
vertex -2.267578e-01 1.237385e+00 2.033316e-01
vertex -2.309999e-01 1.258559e+00 2.054052e-01
endloop
endfacet
facet normal 0 0 0
outer loop
vertex -1.923328e-01 1.246020e+00 2.064727e-01
vertex -2.206705e-01 1.238749e+00 2.056090e-01
vertex -2.137367e-01 1.218769e+00 2.036704e-01
endloop
endfacet
facet normal 0 0 0
outer loop
vertex -2.324073e-01 1.259784e+00 1.894789e-01
vertex -2.263455e-01 1.240197e+00 1.753339e-01
vertex -2.281470e-01 1.238568e+00 1.874018e-01
endloop
endfacet
facet normal 0 0 0
outer loop
vertex -2.114524e-01 1.198830e+00 1.835519e-01
vertex -2.216860e-01 1.217009e+00 1.950119e-01
vertex -2.210829e-01 1.218185e+00 1.854250e-01
endloop
endfacet
facet normal 0 0 0
outer loop
vertex -2.206705e-01 1.238749e+00 2.056090e-01
vertex -2.248269e-01 1.259541e+00 2.076446e-01
vertex -2.309999e-01 1.258559e+00 2.054052e-01
endloop
endfacet
facet normal 0 0 0
outer loop
vertex -2.248269e-01 1.259541e+00 2.076446e-01
vertex -2.324608e-01 1.280061e+00 2.075174e-01
vertex -2.309999e-01 1.258559e+00 2.054052e-01
endloop
endfacet
facet normal 0 0 0
outer loop
vertex -2.262304e-01 1.280622e+00 2.097148e-01
vertex -2.324608e-01 1.280061e+00 2.075174e-01
vertex -2.248269e-01 1.259541e+00 2.076446e-01
endloop
endfacet
facet normal 0 0 0
outer loop
vertex -2.247446e-01 1.301635e+00 2.117967e-01
vertex -2.310133e-01 1.301593e+00 2.096506e-01
vertex -2.262304e-01 1.280622e+00 2.097148e-01
endloop
endfacet
facet normal 0 0 0
outer loop
vertex -2.206217e-01 1.321922e+00 2.138143e-01
vertex -2.268042e-01 1.322658e+00 2.117457e-01
vertex -2.247446e-01 1.301635e+00 2.117967e-01
endloop
endfacet
facet normal 0 0 0
outer loop
vertex -1.502402e-01 1.421932e+00 2.218467e-01
vertex -1.473236e-01 1.416098e+00 2.234596e-01
vertex -1.286021e-01 1.425410e+00 2.244077e-01
endloop
endfacet
facet normal 0 0 0
outer loop
vertex -1.343774e-01 4.776421e-01 -6.221427e-03
vertex -1.401778e-01 4.857479e-01 2.461046e-02
vertex -1.456985e-01 5.260912e-01 2.740060e-02
endloop
endfacet
facet normal 0 0 0
outer loop
vertex -2.817371e-01 7.033086e-01 -3.321902e-01
vertex -2.969018e-01 7.330175e-01 -2.685652e-01
vertex -2.739282e-01 7.500377e-01 -2.919569e-01
endloop
endfacet
facet normal 0 0 0
outer loop
vertex -1.297092e-01 1.372688e+00 2.192624e-01
vertex -1.603166e-01 1.358969e+00 2.177612e-01
vertex -1.258135e-01 1.355655e+00 2.176058e-01
endloop
endfacet
facet normal 0 0 0
outer loop
vertex -1.998986e-01 1.381729e+00 2.113679e-01
vertex -2.115720e-01 1.364229e+00 1.998751e-01
vertex -2.121141e-01 1.363596e+00 2.095193e-01
endloop
endfacet
facet normal 0 0 0
outer loop
vertex -2.115720e-01 1.364229e+00 1.998751e-01
vertex -1.998986e-01 1.381729e+00 2.113679e-01
vertex -1.994019e-01 1.382290e+00 2.017159e-01
endloop
endfacet
facet normal 0 0 0
outer loop
vertex -1.502402e-01 1.421932e+00 2.218467e-01
vertex -1.678936e-01 1.410030e+00 2.206491e-01
vertex -1.473236e-01 1.416098e+00 2.234596e-01
endloop
endfacet
facet normal 0 0 0
outer loop
vertex -1.601261e-01 1.394872e+00 2.213017e-01
vertex -1.649899e-01 1.404294e+00 2.222092e-01
vertex -1.807000e-01 1.390532e+00 2.207733e-01
endloop
endfacet
facet normal 0 0 0
outer loop
vertex -1.430690e-01 1.405865e+00 2.224683e-01
vertex -1.601261e-01 1.394872e+00 2.213017e-01
vertex -1.356867e-01 1.393923e+00 2.213290e-01
endloop
endfacet
facet normal 0 0 0
outer loop
vertex -1.601261e-01 1.394872e+00 2.213017e-01
vertex -1.430690e-01 1.405865e+00 2.224683e-01
vertex -1.649899e-01 1.404294e+00 2.222092e-01
endloop
endfacet
facet normal 0 0 0
outer loop
vertex -1.854216e-01 1.398115e+00 2.130522e-01
vertex -1.998986e-01 1.381729e+00 2.113679e-01
vertex -1.842464e-01 1.395808e+00 2.191641e-01
endloop
endfacet
facet normal 0 0 0
outer loop
vertex -1.998986e-01 1.381729e+00 2.113679e-01
vertex -1.984240e-01 1.379708e+00 2.175094e-01
vertex -1.842464e-01 1.395808e+00 2.191641e-01
endloop
endfacet
facet normal 0 0 0
outer loop
vertex -1.984240e-01 1.379708e+00 2.175094e-01
vertex -1.807000e-01 1.390532e+00 2.207733e-01
vertex -1.842464e-01 1.395808e+00 2.191641e-01
endloop
endfacet
facet normal 0 0 0
outer loop
vertex -2.050420e-01 1.358712e+00 2.175171e-01
vertex -2.103520e-01 1.361971e+00 2.157013e-01
vertex -2.139688e-01 1.340948e+00 2.157243e-01
endloop
endfacet
facet normal 0 0 0
outer loop
vertex -1.939857e-01 1.375295e+00 2.192074e-01
vertex -2.103520e-01 1.361971e+00 2.157013e-01
vertex -2.050420e-01 1.358712e+00 2.175171e-01
endloop
endfacet
facet normal 0 0 0
outer loop
vertex -7.225180e-02 2.258331e-01 1.882377e-01
vertex -1.045767e-01 1.466253e-01 1.894398e-01
vertex -7.375699e-02 1.448030e-01 1.789615e-01
endloop
endfacet
facet normal 0 0 0
outer loop
vertex -2.217966e-01 1.344064e+00 2.075487e-01
vertex -2.268042e-01 1.322658e+00 2.117457e-01
vertex -2.198453e-01 1.342879e+00 2.137749e-01
endloop
endfacet
facet normal 0 0 0
outer loop
vertex -2.217966e-01 1.344064e+00 2.075487e-01
vertex -2.282479e-01 1.324217e+00 1.958503e-01
vertex -2.288586e-01 1.323445e+00 2.054798e-01
endloop
endfacet
facet normal 0 0 0
outer loop
vertex -2.139688e-01 1.340948e+00 2.157243e-01
vertex -2.198453e-01 1.342879e+00 2.137749e-01
vertex -2.206217e-01 1.321922e+00 2.138143e-01
endloop
endfacet
facet normal 0 0 0
outer loop
vertex -1.910663e-01 1.367614e+00 2.184633e-01
vertex -2.050420e-01 1.358712e+00 2.175171e-01
vertex -1.838108e-01 1.349148e+00 2.166778e-01
endloop
endfacet
facet normal 0 0 0
outer loop
vertex -1.356867e-01 1.393923e+00 2.213290e-01
vertex -1.656914e-01 1.372468e+00 2.190668e-01
vertex -1.297092e-01 1.372688e+00 2.192624e-01
endloop
endfacet
facet normal 0 0 0
outer loop
vertex -1.910663e-01 1.367614e+00 2.184633e-01
vertex -1.751423e-01 1.382356e+00 2.199930e-01
vertex -1.939857e-01 1.375295e+00 2.192074e-01
endloop
endfacet
facet normal 0 0 0
outer loop
vertex -1.601261e-01 1.394872e+00 2.213017e-01
vertex -1.751423e-01 1.382356e+00 2.199930e-01
vertex -1.656914e-01 1.372468e+00 2.190668e-01
endloop
endfacet
facet normal 0 0 0
outer loop
vertex -1.939857e-01 1.375295e+00 2.192074e-01
vertex -1.751423e-01 1.382356e+00 2.199930e-01
vertex -1.807000e-01 1.390532e+00 2.207733e-01
endloop
endfacet
facet normal 0 0 0
outer loop
vertex -1.939857e-01 1.375295e+00 2.192074e-01
vertex -1.807000e-01 1.390532e+00 2.207733e-01
vertex -1.984240e-01 1.379708e+00 2.175094e-01
endloop
endfacet
facet normal 0 0 0
outer loop
vertex -1.984240e-01 1.379708e+00 2.175094e-01
vertex -2.103520e-01 1.361971e+00 2.157013e-01
vertex -1.939857e-01 1.375295e+00 2.192074e-01
endloop
endfacet
facet normal 0 0 0
outer loop
vertex -2.222232e-01 1.288471e+00 1.172288e-01
vertex -2.248815e-01 1.265250e+00 1.423636e-01
vertex -2.263152e-01 1.285857e+00 1.443851e-01
endloop
endfacet
facet normal 0 0 0
outer loop
vertex -2.222232e-01 1.288471e+00 1.172288e-01
vertex -2.249669e-01 1.306523e+00 1.464304e-01
vertex -2.209108e-01 1.308623e+00 1.192229e-01
endloop
endfacet
facet normal 0 0 0
outer loop
vertex -2.222232e-01 1.288471e+00 1.172288e-01
vertex -2.165107e-01 1.292106e+00 7.920486e-02
vertex -2.208238e-01 1.268375e+00 1.152575e-01
endloop
endfacet
facet normal 0 0 0
outer loop
vertex -2.582126e-02 1.131326e+00 1.123004e-01
vertex -4.530327e-02 1.122133e+00 1.050794e-01
vertex -2.441971e-02 1.123276e+00 1.057644e-01
endloop
endfacet
facet normal 0 0 0
outer loop
vertex -1.994971e-01 1.303002e+00 -3.315788e-02
vertex -2.001643e-01 1.284253e+00 -2.277800e-02
vertex -2.013391e-01 1.301813e+00 -2.104821e-02
endloop
endfacet
facet normal 0 0 0
outer loop
vertex -1.935254e-01 1.269915e+00 -4.610936e-02
vertex -1.949394e-01 1.268613e+00 -3.653834e-02
vertex -1.968906e-01 1.286786e+00 -4.445505e-02
endloop
endfacet
facet normal 0 0 0
outer loop
vertex -1.045004e-01 -1.039350e-02 2.814225e-01
vertex -9.885268e-02 -1.013334e-02 2.555594e-01
vertex -8.717175e-02 -1.032155e-02 2.594078e-01
endloop
endfacet
facet normal 0 0 0
outer loop
vertex -8.717175e-02 -1.032155e-02 2.594078e-01
vertex -9.853786e-02 -1.064524e-02 2.950846e-01
vertex -1.045004e-01 -1.039350e-02 2.814225e-01
endloop
endfacet
facet normal 0 0 0
outer loop
vertex -1.307524e-01 -1.013828e-02 2.814775e-01
vertex -1.182960e-01 -1.034843e-02 2.877356e-01
vertex -1.399486e-01 -1.024301e-02 2.951967e-01
endloop
endfacet
facet normal 0 0 0
outer loop
vertex -1.307524e-01 -1.013828e-02 2.814775e-01
vertex -1.399486e-01 -1.024301e-02 2.951967e-01
vertex -1.433721e-01 -9.761634e-03 2.593966e-01
endloop
endfacet
facet normal 0 0 0
outer loop
vertex -1.178932e-01 1.084107e+00 4.437117e-02
vertex -9.255806e-02 1.106550e+00 6.031077e-03
vertex -1.149356e-01 1.086244e+00 3.639671e-02
endloop
endfacet
facet normal 0 0 0
outer loop
vertex 4.786978e-02 3.586780e-01 -1.853735e-01
vertex 1.734353e-02 2.989196e-01 -2.427771e-01
vertex 1.614971e-02 3.469024e-01 -1.769011e-01
endloop
endfacet
facet normal 0 0 0
outer loop
vertex -4.866611e-02 5.916616e-01 7.754222e-02
vertex -4.335707e-02 5.695623e-01 8.876050e-03
vertex -3.548569e-02 5.863078e-01 6.094581e-03
endloop
endfacet
facet normal 0 0 0
outer loop
vertex 4.924548e-03 5.876686e-01 -6.155231e-02
vertex -7.438290e-03 5.759516e-01 7.574318e-03
vertex -1.504759e-02 5.894997e-01 8.557291e-03
endloop
endfacet
facet normal 0 0 0
outer loop
vertex -5.539814e-02 5.820662e-01 7.772937e-02
vertex -4.335707e-02 5.695623e-01 8.876050e-03
vertex -4.866611e-02 5.916616e-01 7.754222e-02
endloop
endfacet
facet normal 0 0 0
outer loop
vertex -5.539814e-02 5.820662e-01 7.772937e-02
vertex -4.638166e-02 5.574229e-01 1.329238e-02
vertex -4.335707e-02 5.695623e-01 8.876050e-03
endloop
endfacet
facet normal 0 0 0
outer loop
vertex -8.019929e-02 -9.279029e-03 1.968620e-01
vertex -9.352228e-02 -9.351245e-03 1.963715e-01
vertex -8.178288e-02 -8.892137e-03 1.713881e-01
endloop
endfacet
facet normal 0 0 0
outer loop
vertex 1.466616e-01 7.574998e-01 3.159489e-01
vertex 1.292642e-01 7.389327e-01 3.148460e-01
vertex 1.472234e-01 7.516930e-01 3.235067e-01
endloop
endfacet
facet normal 0 0 0
outer loop
vertex -1.267148e-01 -9.337494e-03 2.195451e-01
vertex -1.145177e-01 -9.956561e-03 2.542852e-01
vertex -1.305605e-01 -9.813491e-03 2.555710e-01
endloop
endfacet
facet normal 0 0 0
outer loop
vertex -1.145177e-01 -9.956561e-03 2.542852e-01
vertex -1.267148e-01 -9.337494e-03 2.195451e-01
vertex -1.108781e-01 -9.496910e-03 2.195184e-01
endloop
endfacet
facet normal 0 0 0
outer loop
vertex -5.799375e-02 5.723647e-01 8.069788e-02
vertex -4.638166e-02 5.574229e-01 1.329238e-02
vertex -5.539814e-02 5.820662e-01 7.772937e-02
endloop
endfacet
facet normal 0 0 0
outer loop
vertex -7.982222e-02 -7.390338e-03 2.634743e-01
vertex -9.853786e-02 -1.064524e-02 2.950846e-01
vertex -8.717175e-02 -1.032155e-02 2.594078e-01
endloop
endfacet
facet normal 0 0 0
outer loop
vertex -7.438290e-03 5.759516e-01 7.574318e-03
vertex -4.614271e-03 5.657830e-01 5.301651e-03
vertex 6.158384e-03 5.543697e-01 7.065816e-02
endloop
endfacet
facet normal 0 0 0
outer loop
vertex 8.144016e-02 2.432050e-01 -2.441875e-01
vertex 8.093455e-02 2.278237e-01 -2.818896e-01
vertex 9.107139e-02 2.815736e-01 -2.274575e-01
endloop
endfacet
facet normal 0 0 0
outer loop
vertex 8.093455e-02 2.278237e-01 -2.818896e-01
vertex 8.144016e-02 2.432050e-01 -2.441875e-01
vertex 6.622983e-02 2.384235e-01 -2.407437e-01
endloop
endfacet
facet normal 0 0 0
outer loop
vertex -1.045004e-01 -1.039350e-02 2.814225e-01
vertex -1.182960e-01 -1.034843e-02 2.877356e-01
vertex -1.175856e-01 -1.027475e-02 2.814463e-01
endloop
endfacet
facet normal 0 0 0
outer loop
vertex -1.045004e-01 -1.039350e-02 2.814225e-01
vertex -9.853786e-02 -1.064524e-02 2.950846e-01
vertex -1.182960e-01 -1.034843e-02 2.877356e-01
endloop
endfacet
facet normal 0 0 0
outer loop
vertex -9.510589e-02 -9.657796e-03 2.196562e-01
vertex -9.885268e-02 -1.013334e-02 2.555594e-01
vertex -1.108781e-01 -9.496910e-03 2.195184e-01
endloop
endfacet
facet normal 0 0 0
outer loop
vertex 1.124650e-02 4.287241e-01 -5.585464e-03
vertex 1.318327e-02 4.367389e-01 1.270184e-02
vertex 2.941519e-04 4.658646e-01 -2.956383e-02
endloop
endfacet
facet normal 0 0 0
outer loop
vertex 4.870578e-02 4.278637e-01 2.105809e-02
vertex 1.408786e-02 4.165677e-01 -4.003621e-03
vertex 3.247260e-02 3.982271e-01 -1.133969e-02
endloop
endfacet
facet normal 0 0 0
outer loop
vertex -5.622256e-02 3.954037e-01 1.244376e-01
vertex -6.918857e-02 3.501275e-01 1.062505e-01
vertex -6.773370e-02 3.783618e-01 8.024244e-02
endloop
endfacet
facet normal 0 0 0
outer loop
vertex -1.077616e-01 9.919670e-01 3.645238e-02
vertex -1.189413e-01 9.894814e-01 3.168505e-02
vertex -1.187291e-01 9.757102e-01 1.604693e-02
endloop
endfacet
facet normal 0 0 0
outer loop
vertex -1.178400e-01 9.731358e-01 6.882585e-02
vertex -1.157380e-01 1.012151e+00 9.531278e-02
vertex -1.187679e-01 9.916010e-01 5.358367e-02
endloop
endfacet
facet normal 0 0 0
outer loop
vertex -1.426663e-01 9.963329e-01 3.537071e-02
vertex -1.077616e-01 9.919670e-01 3.645238e-02
vertex -1.250523e-01 1.024516e+00 7.072902e-02
endloop
endfacet
facet normal 0 0 0
outer loop
vertex -1.077616e-01 9.919670e-01 3.645238e-02
vertex -1.187679e-01 9.916010e-01 5.358367e-02
vertex -1.250523e-01 1.024516e+00 7.072902e-02
endloop
endfacet
facet normal 0 0 0
outer loop
vertex -1.124027e-01 9.310180e-01 9.516246e-02
vertex -1.178400e-01 9.731358e-01 6.882585e-02
vertex -1.213301e-01 9.271027e-01 1.387203e-02
endloop
endfacet
facet normal 0 0 0
outer loop
vertex -9.345010e-02 5.887212e-01 9.757195e-02
vertex -5.799375e-02 5.723647e-01 8.069788e-02
vertex -5.539814e-02 5.820662e-01 7.772937e-02
endloop
endfacet
facet normal 0 0 0
outer loop
vertex -8.629796e-02 6.102884e-01 9.980761e-02
vertex -8.989836e-02 5.991005e-01 9.759196e-02
vertex -4.866611e-02 5.916616e-01 7.754222e-02
endloop
endfacet
facet normal 0 0 0
outer loop
vertex -8.989836e-02 5.991005e-01 9.759196e-02
vertex -9.345010e-02 5.887212e-01 9.757195e-02
vertex -5.539814e-02 5.820662e-01 7.772937e-02
endloop
endfacet
facet normal 0 0 0
outer loop
vertex -2.354849e-02 1.082111e+00 1.224392e-01
vertex -2.371504e-02 1.088461e+00 1.145931e-01
vertex -5.086743e-02 1.087420e+00 1.127404e-01
endloop
endfacet
facet normal 0 0 0
outer loop
vertex -3.081155e-02 7.152666e-01 1.032472e-01
vertex -2.419711e-02 7.825307e-01 1.020051e-01
vertex -8.347378e-02 7.897102e-01 9.997701e-02
endloop
endfacet
facet normal 0 0 0
outer loop
vertex -1.402260e-01 9.119470e-01 -1.108531e-01
vertex -1.767452e-01 8.777567e-01 -1.124875e-01
vertex -1.506937e-01 8.937150e-01 -1.335410e-01
endloop
endfacet
facet normal 0 0 0
outer loop
vertex -9.593961e-02 1.099963e+00 -1.482080e-02
vertex -1.051683e-01 1.077538e+00 -2.367476e-02
vertex -1.038111e-01 1.089298e+00 -1.037943e-02
endloop
endfacet
facet normal 0 0 0
outer loop
vertex -9.593961e-02 1.099963e+00 -1.482080e-02
vertex -6.245274e-02 1.104975e+00 -2.715916e-02
vertex -8.339833e-02 1.095127e+00 -2.708560e-02
endloop
endfacet
facet normal 0 0 0
outer loop
vertex -8.339833e-02 1.095127e+00 -2.708560e-02
vertex -6.245274e-02 1.104975e+00 -2.715916e-02
vertex -5.964461e-02 1.085968e+00 -5.031567e-02
endloop
endfacet
facet normal 0 0 0
outer loop
vertex -9.816706e-02 1.082682e+00 -2.636704e-02
vertex -5.964461e-02 1.085968e+00 -5.031567e-02
vertex -1.009475e-01 1.061112e+00 -4.077955e-02
endloop
endfacet
facet normal 0 0 0
outer loop
vertex -9.594718e-02 5.508947e-01 1.110903e-01
vertex -6.340155e-02 4.780678e-01 1.272531e-01
vertex -5.963276e-02 5.443827e-01 9.227022e-02
endloop
endfacet
facet normal 0 0 0
outer loop
vertex -1.162748e-01 1.038574e+00 -5.130560e-02
vertex -1.092905e-01 1.033823e+00 -5.725182e-02
vertex -1.071011e-01 1.023313e+00 -5.890618e-02
endloop
endfacet
facet normal 0 0 0
outer loop
vertex -1.077616e-01 9.919670e-01 3.645238e-02
vertex -1.187440e-01 9.760806e-01 1.559951e-02
vertex -1.191000e-01 9.875420e-01 1.164844e-02
endloop
endfacet
facet normal 0 0 0
outer loop
vertex -1.183717e-01 1.045278e+00 -4.167269e-02
vertex -1.176313e-01 1.012880e+00 -4.198609e-02
vertex -1.253396e-01 1.044221e+00 -3.932021e-02
endloop
endfacet
facet normal 0 0 0
outer loop
vertex -1.162381e-01 9.670675e-01 -2.142254e-02
vertex -1.464201e-01 9.361695e-01 -3.207979e-02
vertex -1.213453e-01 9.499753e-01 -5.951382e-02
endloop
endfacet
facet normal 0 0 0
outer loop
vertex -1.187258e-01 9.755012e-01 1.581444e-02
vertex -1.187291e-01 9.757102e-01 1.604693e-02
vertex -1.187440e-01 9.760806e-01 1.559951e-02
endloop
endfacet
facet normal 0 0 0
outer loop
vertex -1.348260e-01 1.181846e+00 -1.700176e-02
vertex -1.336167e-01 1.185236e+00 -3.227400e-02
vertex -1.185610e-01 1.174262e+00 -1.758750e-02
endloop
endfacet
facet normal 0 0 0
outer loop
vertex -1.326787e-01 1.187867e+00 -4.424846e-02
vertex -1.176229e-01 1.177741e+00 -3.285953e-02
vertex -1.336167e-01 1.185236e+00 -3.227400e-02
endloop
endfacet
facet normal 0 0 0
outer loop
vertex 8.332174e-02 4.390717e-01 -1.634042e-04
vertex 9.351230e-02 4.003853e-01 -8.306701e-02
vertex 9.363700e-02 4.349048e-01 -6.154631e-02
endloop
endfacet
facet normal 0 0 0
outer loop
vertex 9.363700e-02 4.349048e-01 -6.154631e-02
vertex 9.351230e-02 4.003853e-01 -8.306701e-02
vertex 8.732004e-02 4.482705e-01 -7.705906e-02
endloop
endfacet
facet normal 0 0 0
outer loop
vertex -2.013391e-01 1.301813e+00 -2.104821e-02
vertex -2.001643e-01 1.284253e+00 -2.277800e-02
vertex -2.024944e-01 1.282451e+00 -7.355210e-03
endloop
endfacet
facet normal 0 0 0
outer loop
vertex -1.207796e-01 9.845529e-01 8.612270e-03
vertex -1.191056e-01 9.856055e-01 6.097269e-03
vertex -1.236800e-01 9.966238e-01 -1.342708e-03
endloop
endfacet
facet normal 0 0 0
outer loop
vertex -1.167854e-01 1.009440e+00 -4.227865e-02
vertex -1.169437e-01 1.013016e+00 -4.221820e-02
vertex -1.162748e-01 1.038574e+00 -5.130560e-02
endloop
endfacet
facet normal 0 0 0
outer loop
vertex -1.169437e-01 1.013016e+00 -4.221820e-02
vertex -1.167854e-01 1.009440e+00 -4.227865e-02
vertex -1.176313e-01 1.012880e+00 -4.198609e-02
endloop
endfacet
facet normal 0 0 0
outer loop
vertex -1.236800e-01 9.966238e-01 -1.342708e-03
vertex -9.671655e-02 9.870522e-01 -1.452949e-02
vertex -1.094593e-01 1.003754e+00 -1.722109e-02
endloop
endfacet
facet normal 0 0 0
outer loop
vertex 8.976051e-02 1.210436e-01 -4.463372e-01
vertex 7.681624e-02 1.244073e-01 -4.461735e-01
vertex 8.464231e-02 1.606043e-01 -4.458297e-01
endloop
endfacet
facet normal 0 0 0
outer loop
vertex -1.176313e-01 1.012880e+00 -4.198609e-02
vertex -1.167854e-01 1.009440e+00 -4.227865e-02
vertex -1.227554e-01 1.012093e+00 -4.083360e-02
endloop
endfacet
facet normal 0 0 0
outer loop
vertex -1.061714e-01 1.087286e+00 -7.974015e-03
vertex -1.263655e-01 1.076816e+00 2.595526e-02
vertex -1.207634e-01 1.081589e+00 3.104729e-02
endloop
endfacet
facet normal 0 0 0
outer loop
vertex -1.096081e-01 1.083925e+00 -8.976013e-03
vertex -1.263655e-01 1.076816e+00 2.595526e-02
vertex -1.061714e-01 1.087286e+00 -7.974015e-03
endloop
endfacet
facet normal 0 0 0
outer loop
vertex -1.263655e-01 1.076816e+00 2.595526e-02
vertex -1.096081e-01 1.083925e+00 -8.976013e-03
vertex -1.439680e-01 1.057616e+00 6.532592e-03
endloop
endfacet
facet normal 0 0 0
outer loop
vertex -9.859627e-02 1.091032e+00 6.009222e-02
vertex -8.001440e-02 1.101993e+00 7.280326e-03
vertex -1.102411e-01 1.086877e+00 5.307002e-02
endloop
endfacet
facet normal 0 0 0
outer loop
vertex -1.102411e-01 1.086877e+00 5.307002e-02
vertex -8.001440e-02 1.101993e+00 7.280326e-03
vertex -9.255806e-02 1.106550e+00 6.031077e-03
endloop
endfacet
facet normal 0 0 0
outer loop
vertex 1.569542e-02 1.118809e+00 8.861712e-02
vertex 2.399201e-02 1.112758e+00 5.612871e-02
vertex 2.193561e-02 1.123083e+00 5.861988e-02
endloop
endfacet
facet normal 0 0 0
outer loop
vertex 8.269122e-02 5.513706e-01 6.113061e-02
vertex 9.446979e-02 5.808071e-01 1.038835e-03
vertex 9.530320e-02 5.945737e-01 5.134078e-03
endloop
endfacet
facet normal 0 0 0
outer loop
vertex 6.789834e-02 1.284149e+00 -3.370486e-02
vertex 6.967286e-02 1.282646e+00 -2.160520e-02
vertex 6.444705e-02 1.266984e+00 -3.542617e-02
endloop
endfacet
facet normal 0 0 0
outer loop
vertex -1.508629e-01 1.255254e+00 2.075952e-01
vertex -1.621310e-01 1.233205e+00 2.053658e-01
vertex -1.292108e-01 1.244295e+00 2.066297e-01
endloop
endfacet
facet normal 0 0 0
outer loop
vertex 5.326376e-02 7.624529e-01 5.186639e-02
vertex 5.587074e-02 8.000391e-01 2.041276e-02
vertex 4.145852e-02 8.027266e-01 8.697963e-02
endloop
endfacet
facet normal 0 0 0
outer loop
vertex 4.145852e-02 8.027266e-01 8.697963e-02
vertex 6.094890e-02 8.287144e-01 5.003303e-02
vertex 6.602705e-02 8.573897e-01 7.965329e-02
endloop
endfacet
facet normal 0 0 0
outer loop
vertex 4.145852e-02 8.027266e-01 8.697963e-02
vertex 5.587074e-02 8.000391e-01 2.041276e-02
vertex 6.094890e-02 8.287144e-01 5.003303e-02
endloop
endfacet
facet normal 0 0 0
outer loop
vertex -1.178932e-01 1.084107e+00 4.437117e-02
vertex -1.149356e-01 1.086244e+00 3.639671e-02
vertex -1.195266e-01 1.082971e+00 3.694862e-02
endloop
endfacet
facet normal 0 0 0
outer loop
vertex -1.149356e-01 1.086244e+00 3.639671e-02
vertex -9.255806e-02 1.106550e+00 6.031077e-03
vertex -9.593961e-02 1.099963e+00 -1.482080e-02
endloop
endfacet
facet normal 0 0 0
outer loop
vertex -1.423920e-01 6.184558e-01 -6.592724e-03
vertex -1.229154e-01 6.431738e-01 -8.068502e-02
vertex -1.272034e-01 6.096290e-01 -7.912388e-02
endloop
endfacet
facet normal 0 0 0
outer loop
vertex -1.229154e-01 6.431738e-01 -8.068502e-02
vertex -1.423920e-01 6.184558e-01 -6.592724e-03
vertex -1.358371e-01 6.547536e-01 -1.603124e-03
endloop
endfacet
facet normal 0 0 0
outer loop
vertex -1.162748e-01 1.038574e+00 -5.130560e-02
vertex -1.071011e-01 1.023313e+00 -5.890618e-02
vertex -1.160929e-01 1.012925e+00 -5.086718e-02
endloop
endfacet
facet normal 0 0 0
outer loop
vertex -1.430410e-01 -5.547339e-03 1.714219e-01
vertex -1.363095e-01 -4.612985e-03 1.225969e-01
vertex -1.346339e-01 -8.429510e-03 1.711161e-01
endloop
endfacet
facet normal 0 0 0
outer loop
vertex 7.285196e-02 9.529455e-01 4.391675e-02
vertex 7.228266e-02 9.618425e-01 2.554743e-02
vertex 7.145721e-02 9.740610e-01 6.898447e-02
endloop
endfacet
facet normal 0 0 0
outer loop
vertex 7.604323e-02 9.473535e-01 1.291544e-01
vertex 6.892230e-02 9.540645e-01 8.136629e-02
vertex 8.149207e-02 9.203706e-01 8.780923e-02
endloop
endfacet
facet normal 0 0 0
outer loop
vertex -1.234716e-01 4.941482e-02 2.503415e-01
vertex -1.436641e-01 4.309640e-02 2.657664e-01
vertex -1.146600e-01 4.700475e-02 2.658412e-01
endloop
endfacet
facet normal 0 0 0
outer loop
vertex 1.355484e-02 1.406654e+00 -3.793513e-02
vertex 1.518954e-02 1.407916e+00 -3.147120e-02
vertex 2.671629e-02 1.395457e+00 -3.892943e-02
endloop
endfacet
facet normal 0 0 0
outer loop
vertex -8.584145e-02 4.248644e-02 2.658294e-01
vertex -7.987955e-02 5.328101e-02 2.221283e-01
vertex -1.096612e-01 5.917863e-02 2.220236e-01
endloop
endfacet
facet normal 0 0 0
outer loop
vertex -8.584145e-02 4.248644e-02 2.658294e-01
vertex -1.146600e-01 4.700475e-02 2.658412e-01
vertex -9.725517e-02 3.232792e-02 2.956051e-01
endloop
endfacet
facet normal 0 0 0
outer loop
vertex 4.015787e-02 1.383332e+00 -3.372901e-02
vertex 3.799393e-02 1.382661e+00 -4.013759e-02
vertex 2.867621e-02 1.396386e+00 -3.249662e-02
endloop
endfacet
facet normal 0 0 0
outer loop
vertex 1.509127e-01 5.991194e-01 4.498944e-01
vertex 1.445170e-01 6.283174e-01 4.493730e-01
vertex 1.416195e-01 6.090899e-01 4.327548e-01
endloop
endfacet
facet normal 0 0 0
outer loop
vertex 8.290060e-02 1.344744e+00 1.517524e-01
vertex 7.003646e-02 1.364486e+00 1.261966e-01
vertex 7.348411e-02 1.363709e+00 1.535717e-01
endloop
endfacet
facet normal 0 0 0
outer loop
vertex -1.051718e-01 1.436196e+00 9.394749e-02
vertex -8.581945e-02 1.439984e+00 9.441759e-02
vertex -8.490420e-02 1.438190e+00 5.584804e-02
endloop
endfacet
facet normal 0 0 0
outer loop
vertex -1.195266e-01 1.082971e+00 3.694862e-02
vertex -1.149356e-01 1.086244e+00 3.639671e-02
vertex -9.593961e-02 1.099963e+00 -1.482080e-02
endloop
endfacet
facet normal 0 0 0
outer loop
vertex 1.940413e-02 2.541784e-01 -4.300809e-01
vertex 1.627570e-02 2.054343e-01 -4.409222e-01
vertex 1.301099e-02 2.042033e-01 -4.322121e-01
endloop
endfacet
facet normal 0 0 0
outer loop
vertex -3.838010e-02 1.426932e+00 2.250770e-01
vertex -2.070697e-02 1.421185e+00 2.246003e-01
vertex -2.314650e-02 1.431892e+00 2.256452e-01
endloop
endfacet
facet normal 0 0 0
outer loop
vertex -1.449132e-01 1.401775e-01 1.460872e-01
vertex -1.454871e-01 2.190931e-01 1.523552e-01
vertex -1.346737e-01 2.137353e-01 1.189197e-01
endloop
endfacet
facet normal 0 0 0
outer loop
vertex 7.193521e-02 9.685329e-01 1.124082e-02
vertex 7.188680e-02 9.680428e-01 1.257121e-02
vertex 5.202118e-02 9.882223e-01 3.238467e-02
endloop
endfacet
facet normal 0 0 0
outer loop
vertex 1.003821e-01 9.086616e-01 5.406720e-02
vertex 7.306352e-02 9.496391e-01 5.074350e-02
vertex 7.856694e-02 9.584394e-01 1.260748e-02
endloop
endfacet
facet normal 0 0 0
outer loop
vertex 5.202118e-02 9.882223e-01 3.238467e-02
vertex 7.198034e-02 9.691455e-01 9.630405e-03
vertex 7.193521e-02 9.685329e-01 1.124082e-02
endloop
endfacet
facet normal 0 0 0
outer loop
vertex 7.856694e-02 9.584394e-01 1.260748e-02
vertex 1.022344e-01 9.802396e-01 -4.779632e-03
vertex 1.271597e-01 9.281262e-01 4.541374e-02
endloop
endfacet
facet normal 0 0 0
outer loop
vertex 8.149207e-02 9.203706e-01 8.780923e-02
vertex 7.306352e-02 9.496391e-01 5.074350e-02
vertex 1.003821e-01 9.086616e-01 5.406720e-02
endloop
endfacet
facet normal 0 0 0
outer loop
vertex -1.346737e-01 2.137353e-01 1.189197e-01
vertex -1.037199e-01 2.111713e-01 1.096074e-01
vertex -1.342418e-01 1.363157e-01 1.138631e-01
endloop
endfacet
facet normal 0 0 0
outer loop
vertex -9.785114e-02 -7.806838e-03 1.286111e-01
vertex -1.019289e-01 -6.347250e-03 9.804869e-02
vertex -8.842953e-02 -7.748469e-03 1.251411e-01
endloop
endfacet
facet normal 0 0 0
outer loop
vertex -1.019289e-01 -6.347250e-03 9.804869e-02
vertex -1.098764e-01 -6.019343e-03 9.031258e-02
vertex -9.860066e-02 -5.707656e-03 8.275473e-02
endloop
endfacet
facet normal 0 0 0
outer loop
vertex 2.671629e-02 1.395457e+00 -3.892943e-02
vertex 2.867621e-02 1.396386e+00 -3.249662e-02
vertex 3.799393e-02 1.382661e+00 -4.013759e-02
endloop
endfacet
facet normal 0 0 0
outer loop
vertex -1.037199e-01 2.111713e-01 1.096074e-01
vertex -1.044844e-01 1.345412e-01 1.043233e-01
vertex -1.342418e-01 1.363157e-01 1.138631e-01
endloop
endfacet
facet normal 0 0 0
outer loop
vertex -8.739565e-02 1.014818e+00 -4.185672e-02
vertex -1.011502e-01 9.938396e-01 -6.588171e-02
vertex -1.063607e-01 1.011079e+00 -6.268549e-02
endloop
endfacet
facet normal 0 0 0
outer loop
vertex -1.063607e-01 1.011079e+00 -6.268549e-02
vertex -1.071011e-01 1.023313e+00 -5.890618e-02
vertex -8.739565e-02 1.014818e+00 -4.185672e-02
endloop
endfacet
facet normal 0 0 0
outer loop
vertex -1.327727e-01 5.456710e-01 8.952151e-02
vertex -9.594718e-02 5.508947e-01 1.110903e-01
vertex -9.486524e-02 5.789959e-01 1.002062e-01
endloop
endfacet
facet normal 0 0 0
outer loop
vertex -1.162748e-01 1.038574e+00 -5.130560e-02
vertex -1.160929e-01 1.012925e+00 -5.086718e-02
vertex -1.167854e-01 1.009440e+00 -4.227865e-02
endloop
endfacet
facet normal 0 0 0
outer loop
vertex -1.077224e-01 9.801461e-01 -6.555123e-02
vertex -8.739565e-02 1.014818e+00 -4.185672e-02
vertex -9.671655e-02 9.870522e-01 -1.452949e-02
endloop
endfacet
facet normal 0 0 0
outer loop
vertex -1.160929e-01 1.012925e+00 -5.086718e-02
vertex -1.159571e-01 9.937883e-01 -5.054007e-02
vertex -1.167854e-01 1.009440e+00 -4.227865e-02
endloop
endfacet
facet normal 0 0 0
outer loop
vertex -1.426663e-01 9.963329e-01 3.537071e-02
vertex -1.187291e-01 9.757102e-01 1.604693e-02
vertex -1.189413e-01 9.894814e-01 3.168505e-02
endloop
endfacet
facet normal 0 0 0
outer loop
vertex -1.189413e-01 9.894814e-01 3.168505e-02
vertex -1.187291e-01 9.757102e-01 1.604693e-02
vertex -1.187679e-01 9.916010e-01 5.358367e-02
endloop
endfacet
facet normal 0 0 0
outer loop
vertex -1.426663e-01 9.963329e-01 3.537071e-02
vertex -1.189413e-01 9.894814e-01 3.168505e-02
vertex -1.077616e-01 9.919670e-01 3.645238e-02
endloop
endfacet
facet normal 0 0 0
outer loop
vertex -1.189413e-01 9.894814e-01 3.168505e-02
vertex -1.187679e-01 9.916010e-01 5.358367e-02
vertex -1.077616e-01 9.919670e-01 3.645238e-02
endloop
endfacet
facet normal 0 0 0
outer loop
vertex -1.293070e-01 1.006556e+00 -8.788665e-02
vertex -1.066691e-01 1.012575e+00 -6.244667e-02
vertex -1.063607e-01 1.011079e+00 -6.268549e-02
endloop
endfacet
facet normal 0 0 0
outer loop
vertex -1.066691e-01 1.012575e+00 -6.244667e-02
vertex -1.011502e-01 9.938396e-01 -6.588171e-02
vertex -1.063607e-01 1.011079e+00 -6.268549e-02
endloop
endfacet
facet normal 0 0 0
outer loop
vertex -1.063607e-01 1.011079e+00 -6.268549e-02
vertex -1.011502e-01 9.938396e-01 -6.588171e-02
vertex -1.293070e-01 1.006556e+00 -8.788665e-02
endloop
endfacet
facet normal 0 0 0
outer loop
vertex -1.293070e-01 1.006556e+00 -8.788665e-02
vertex -1.071011e-01 1.023313e+00 -5.890618e-02
vertex -1.066691e-01 1.012575e+00 -6.244667e-02
endloop
endfacet
facet normal 0 0 0
outer loop
vertex -1.066691e-01 1.012575e+00 -6.244667e-02
vertex -1.071011e-01 1.023313e+00 -5.890618e-02
vertex -1.048539e-01 1.030805e+00 -6.102908e-02
endloop
endfacet
facet normal 0 0 0
outer loop
vertex -1.066691e-01 1.012575e+00 -6.244667e-02
vertex -1.048539e-01 1.030805e+00 -6.102908e-02
vertex -1.011502e-01 9.938396e-01 -6.588171e-02
endloop
endfacet
facet normal 0 0 0
outer loop
vertex -1.029392e-01 1.078832e+00 -2.737937e-02
vertex -9.593961e-02 1.099963e+00 -1.482080e-02
vertex -9.816706e-02 1.082682e+00 -2.636704e-02
endloop
endfacet
facet normal 0 0 0
outer loop
vertex -1.569452e-01 1.022394e+00 -7.429916e-02
vertex -1.293070e-01 1.006556e+00 -8.788665e-02
vertex -1.780554e-01 9.754519e-01 -1.364889e-01
endloop
endfacet
facet normal 0 0 0
outer loop
vertex -1.163366e-01 1.040125e+00 -5.240584e-02
vertex -1.125586e-01 1.041763e+00 -5.038082e-02
vertex -1.087415e-01 1.036040e+00 -5.586645e-02
endloop
endfacet
facet normal 0 0 0
outer loop
vertex -1.293070e-01 1.006556e+00 -8.788665e-02
vertex -1.569452e-01 1.022394e+00 -7.429916e-02
vertex -1.181044e-01 1.022617e+00 -7.044438e-02
endloop
endfacet
facet normal 0 0 0
outer loop
vertex -1.569452e-01 1.022394e+00 -7.429916e-02
vertex -1.087415e-01 1.036040e+00 -5.586645e-02
vertex -1.181044e-01 1.022617e+00 -7.044438e-02
endloop
endfacet
facet normal 0 0 0
outer loop
vertex -1.354478e-01 2.255713e-01 1.859714e-01
vertex -1.353799e-01 1.451014e-01 1.781749e-01
vertex -1.045767e-01 1.466253e-01 1.894398e-01
endloop
endfacet
facet normal 0 0 0
outer loop
vertex 8.570401e-02 1.289817e+00 8.049243e-02
vertex 8.437017e-02 1.309595e+00 8.244354e-02
vertex 9.000524e-02 1.306272e+00 1.205600e-01
endloop
endfacet
facet normal 0 0 0
outer loop
vertex -1.353799e-01 1.451014e-01 1.781749e-01
vertex -1.354478e-01 2.255713e-01 1.859714e-01
vertex -1.454871e-01 2.190931e-01 1.523552e-01
endloop
endfacet
facet normal 0 0 0
outer loop
vertex -9.510435e-02 5.554547e-01 -8.601151e-02
vertex -9.669045e-02 5.395955e-01 -7.856773e-02
vertex -1.333757e-01 5.541654e-01 -6.237995e-02
endloop
endfacet
facet normal 0 0 0
outer loop
vertex -1.328568e-01 5.708281e-01 -6.978947e-02
vertex -9.510435e-02 5.554547e-01 -8.601151e-02
vertex -1.333757e-01 5.541654e-01 -6.237995e-02
endloop
endfacet
facet normal 0 0 0
outer loop
vertex 6.769674e-02 9.586795e-01 8.548035e-02
vertex 6.077245e-02 9.680755e-01 4.924811e-02
vertex 6.892230e-02 9.540645e-01 8.136629e-02
endloop
endfacet
facet normal 0 0 0
outer loop
vertex 6.342968e-02 9.770965e-01 9.949637e-02
vertex 6.892230e-02 9.540645e-01 8.136629e-02
vertex 7.145721e-02 9.740610e-01 6.898447e-02
endloop
endfacet
facet normal 0 0 0
outer loop
vertex -8.739565e-02 1.014818e+00 -4.185672e-02
vertex -1.170098e-01 1.012536e+00 -4.099984e-02
vertex -1.094593e-01 1.003754e+00 -1.722109e-02
endloop
endfacet
facet normal 0 0 0
outer loop
vertex -1.170098e-01 1.012536e+00 -4.099984e-02
vertex -8.739565e-02 1.014818e+00 -4.185672e-02
vertex -1.156095e-01 1.023626e+00 -4.201864e-02
endloop
endfacet
facet normal 0 0 0
outer loop
vertex 1.977784e-02 1.355996e+00 2.183854e-01
vertex 1.400124e-02 1.371788e+00 2.199101e-01
vertex -5.246229e-03 1.346578e+00 2.173276e-01
endloop
endfacet
facet normal 0 0 0
outer loop
vertex -2.529802e-02 9.560837e-01 -7.260860e-02
vertex 1.521049e-02 9.491162e-01 -6.262045e-02
vertex -2.938501e-02 8.759706e-01 -8.243424e-02
endloop
endfacet
facet normal 0 0 0
outer loop
vertex -1.187258e-01 9.755012e-01 1.581444e-02
vertex -1.186356e-01 9.756296e-01 1.597147e-02
vertex -1.187291e-01 9.757102e-01 1.604693e-02
endloop
endfacet
facet normal 0 0 0
outer loop
vertex -1.186270e-01 9.753266e-01 2.470783e-02
vertex -1.187291e-01 9.757102e-01 1.604693e-02
vertex -1.185543e-01 9.669400e-01 9.827344e-03
endloop
endfacet
facet normal 0 0 0
outer loop
vertex -1.225761e-01 9.739887e-01 1.357331e-02
vertex -1.187291e-01 9.757102e-01 1.604693e-02
vertex -1.426663e-01 9.963329e-01 3.537071e-02
endloop
endfacet
facet normal 0 0 0
outer loop
vertex -1.178400e-01 9.731358e-01 6.882585e-02
vertex -1.185543e-01 9.669400e-01 9.827344e-03
vertex -1.213301e-01 9.271027e-01 1.387203e-02
endloop
endfacet
facet normal 0 0 0
outer loop
vertex -7.220529e-02 9.571010e-01 -7.747220e-02
vertex -2.529802e-02 9.560837e-01 -7.260860e-02
vertex -2.938501e-02 8.759706e-01 -8.243424e-02
endloop
endfacet
facet normal 0 0 0
outer loop
vertex -1.506937e-01 8.937150e-01 -1.335410e-01
vertex -1.458760e-01 9.111252e-01 -1.653570e-01
vertex -1.405786e-01 9.199050e-01 -1.577698e-01
endloop
endfacet
facet normal 0 0 0
outer loop
vertex -1.463481e-01 3.954811e-01 1.230569e-01
vertex -1.349294e-01 4.097349e-01 1.643765e-01
vertex -1.338007e-01 4.783374e-01 1.262881e-01
endloop
endfacet
facet normal 0 0 0
outer loop
vertex -1.506937e-01 8.937150e-01 -1.335410e-01
vertex -1.554170e-01 8.850896e-01 -1.423343e-01
vertex -1.458760e-01 9.111252e-01 -1.653570e-01
endloop
endfacet
facet normal 0 0 0
outer loop
vertex -1.402260e-01 9.119470e-01 -1.108531e-01
vertex -1.506937e-01 8.937150e-01 -1.335410e-01
vertex -1.405786e-01 9.199050e-01 -1.577698e-01
endloop
endfacet
facet normal 0 0 0
outer loop
vertex -2.432317e-01 8.062699e-01 -1.597997e-01
vertex -2.758626e-01 7.848833e-01 -1.928760e-01
vertex -2.594236e-01 7.697434e-01 -1.817505e-01
endloop
endfacet
facet normal 0 0 0
outer loop
vertex -9.885268e-02 -1.013334e-02 2.555594e-01
vertex -1.145177e-01 -9.956561e-03 2.542852e-01
vertex -1.108781e-01 -9.496910e-03 2.195184e-01
endloop
endfacet
facet normal 0 0 0
outer loop
vertex -1.145177e-01 -9.956561e-03 2.542852e-01
vertex -1.045004e-01 -1.039350e-02 2.814225e-01
vertex -1.175856e-01 -1.027475e-02 2.814463e-01
endloop
endfacet
facet normal 0 0 0
outer loop
vertex -9.885268e-02 -1.013334e-02 2.555594e-01
vertex -1.045004e-01 -1.039350e-02 2.814225e-01
vertex -1.145177e-01 -9.956561e-03 2.542852e-01
endloop
endfacet
facet normal 0 0 0
outer loop
vertex 8.748872e-02 8.468043e-02 -4.034476e-01
vertex 1.008068e-01 1.153145e-01 -4.049400e-01
vertex 9.112756e-02 1.148115e-01 -3.912687e-01
endloop
endfacet
facet normal 0 0 0
outer loop
vertex 6.253576e-02 1.245928e+00 -9.669299e-03
vertex 6.043290e-02 1.248441e+00 -2.504603e-02
vertex 6.617866e-02 1.265242e+00 -2.335036e-02
endloop
endfacet
facet normal 0 0 0
outer loop
vertex -2.603589e-02 1.124637e+00 1.489832e-01
vertex -5.205199e-03 1.129501e+00 1.495900e-01
vertex -4.415248e-03 1.125554e+00 1.647778e-01
endloop
endfacet
facet normal 0 0 0
outer loop
vertex -2.553298e-02 1.120429e+00 1.641431e-01
vertex -2.603589e-02 1.124637e+00 1.489832e-01
vertex -4.415248e-03 1.125554e+00 1.647778e-01
endloop
endfacet
facet normal 0 0 0
outer loop
vertex 1.478018e-02 1.141787e+00 1.297445e-01
vertex 1.473745e-02 1.137268e+00 1.505146e-01
vertex -5.205199e-03 1.129501e+00 1.495900e-01
endloop
endfacet
facet normal 0 0 0
outer loop
vertex -9.562383e-02 1.297364e+00 -5.136437e-02
vertex -5.014789e-02 1.273403e+00 -5.351079e-02
vertex -9.548453e-02 1.258469e+00 -5.521238e-02
endloop
endfacet
facet normal 0 0 0
outer loop
vertex -1.569452e-01 1.022394e+00 -7.429916e-02
vertex -1.780554e-01 9.754519e-01 -1.364889e-01
vertex -1.805252e-01 9.918404e-01 -9.353431e-02
endloop
endfacet
facet normal 0 0 0
outer loop
vertex 3.270965e-02 1.152682e+00 1.315057e-01
vertex 3.129433e-02 1.158282e+00 1.044633e-01
vertex 4.551427e-02 1.172860e+00 1.071558e-01
endloop
endfacet
facet normal 0 0 0
outer loop
vertex 4.225967e-02 1.096419e+00 9.203425e-02
vertex 5.287772e-02 1.092316e+00 9.188453e-02
vertex 5.416591e-02 1.096602e+00 4.693190e-02
endloop
endfacet
facet normal 0 0 0
outer loop
vertex -2.095198e-01 1.277037e+00 3.934246e-02
vertex -2.107971e-01 1.295743e+00 4.118124e-02
vertex -2.066705e-01 1.298395e+00 1.403371e-02
endloop
endfacet
facet normal 0 0 0
outer loop
vertex -1.022068e-01 1.216071e+00 2.039842e-01
vertex -1.106388e-01 1.227873e+00 2.051021e-01
vertex -1.191139e-01 1.211760e+00 2.034696e-01
endloop
endfacet
facet normal 0 0 0
outer loop
vertex 7.609989e-02 1.022850e+00 8.993746e-02
vertex 1.003464e-01 1.040806e+00 7.303116e-02
vertex 7.894608e-02 1.027137e+00 7.094935e-02
endloop
endfacet
facet normal 0 0 0
outer loop
vertex 7.204905e-02 1.023356e+00 7.614233e-02
vertex 7.894608e-02 1.027137e+00 7.094935e-02
vertex 4.718908e-02 1.014338e+00 6.638436e-02
endloop
endfacet
facet normal 0 0 0
outer loop
vertex -6.901848e-02 1.293913e+00 2.118152e-01
vertex -1.160254e-01 1.282357e+00 2.104418e-01
vertex -8.234993e-02 1.274106e+00 2.097971e-01
endloop
endfacet
facet normal 0 0 0
outer loop
vertex 7.620068e-02 1.046642e+00 -3.981309e-02
vertex 7.644986e-02 1.045894e+00 -3.936845e-02
vertex 7.176664e-02 1.047228e+00 -4.135279e-02
endloop
endfacet
facet normal 0 0 0
outer loop
vertex 3.775255e-02 2.077857e-01 -4.448512e-01
vertex 3.937808e-02 2.507329e-01 -4.421004e-01
vertex 5.188857e-02 2.083841e-01 -4.448975e-01
endloop
endfacet
facet normal 0 0 0
outer loop
vertex 3.937808e-02 2.507329e-01 -4.421004e-01
vertex 5.053266e-02 2.499308e-01 -4.422688e-01
vertex 5.188857e-02 2.083841e-01 -4.448975e-01
endloop
endfacet
facet normal 0 0 0
outer loop
vertex -5.746417e-04 5.764609e-01 7.788842e-02
vertex -2.454779e-02 5.997459e-01 9.453583e-02
vertex -2.517754e-02 5.966269e-01 6.956595e-03
endloop
endfacet
facet normal 0 0 0
outer loop
vertex -1.504759e-02 5.894997e-01 8.557291e-03
vertex -5.746417e-04 5.764609e-01 7.788842e-02
vertex -2.517754e-02 5.966269e-01 6.956595e-03
endloop
endfacet
facet normal 0 0 0
outer loop
vertex 3.809971e-03 1.108697e+00 4.707816e-03
vertex -2.331014e-02 1.107762e+00 2.262926e-03
vertex 6.360356e-03 1.109725e+00 9.105940e-03
endloop
endfacet
facet normal 0 0 0
outer loop
vertex 3.626278e-03 1.115769e+00 1.412054e-02
vertex -2.337836e-02 1.109956e+00 1.235717e-02
vertex -1.971404e-02 1.115135e+00 1.359776e-02
endloop
endfacet
facet normal 0 0 0
outer loop
vertex 2.902617e-02 8.739611e-01 -3.217213e-02
vertex 1.628644e-02 7.957186e-01 -8.008265e-02
vertex 9.009912e-03 8.754983e-01 -7.098003e-02
endloop
endfacet
facet normal 0 0 0
outer loop
vertex -6.901848e-02 1.293913e+00 2.118152e-01
vertex -7.479772e-02 1.311738e+00 2.135362e-01
vertex -1.160254e-01 1.282357e+00 2.104418e-01
endloop
endfacet
facet normal 0 0 0
outer loop
vertex 4.156037e-02 2.817744e-01 -4.370312e-01
vertex 4.911847e-02 2.898580e-01 -4.363013e-01
vertex 5.053266e-02 2.499308e-01 -4.422688e-01
endloop
endfacet
facet normal 0 0 0
outer loop
vertex 5.717462e-02 2.822197e-01 -4.372821e-01
vertex 5.053266e-02 2.499308e-01 -4.422688e-01
vertex 4.911847e-02 2.898580e-01 -4.363013e-01
endloop
endfacet
facet normal 0 0 0
outer loop
vertex 1.091093e-02 4.923167e-01 -7.515747e-02
vertex 6.893234e-03 4.454231e-01 -7.179192e-02
vertex 2.941519e-04 4.658646e-01 -2.956383e-02
endloop
endfacet
facet normal 0 0 0
outer loop
vertex -8.133142e-02 1.086661e+00 1.001722e-01
vertex -5.676102e-02 1.081042e+00 1.208858e-01
vertex -5.086743e-02 1.087420e+00 1.127404e-01
endloop
endfacet
facet normal 0 0 0
outer loop
vertex -4.515198e-02 1.095312e+00 1.036650e-01
vertex -6.962034e-02 1.093765e+00 9.449115e-02
vertex -5.086743e-02 1.087420e+00 1.127404e-01
endloop
endfacet
facet normal 0 0 0
outer loop
vertex -6.647313e-02 1.100934e+00 9.328029e-02
vertex -6.962034e-02 1.093765e+00 9.449115e-02
vertex -4.515198e-02 1.095312e+00 1.036650e-01
endloop
endfacet
facet normal 0 0 0
outer loop
vertex 7.191319e-02 1.316823e+00 -2.593157e-03
vertex 6.618673e-02 1.335546e+00 -1.638275e-02
vertex 6.836095e-02 1.334565e+00 -8.557974e-04
endloop
endfacet
facet normal 0 0 0
outer loop
vertex -1.071458e-01 1.141749e+00 1.033448e-01
vertex -8.896872e-02 1.138482e+00 1.033993e-01
vertex -8.968576e-02 1.130903e+00 1.298031e-01
endloop
endfacet
facet normal 0 0 0
outer loop
vertex -1.038111e-01 1.089298e+00 -1.037943e-02
vertex -1.061714e-01 1.087286e+00 -7.974015e-03
vertex -1.207634e-01 1.081589e+00 3.104729e-02
endloop
endfacet
facet normal 0 0 0
outer loop
vertex -1.038111e-01 1.089298e+00 -1.037943e-02
vertex -1.207634e-01 1.081589e+00 3.104729e-02
vertex -1.195266e-01 1.082971e+00 3.694862e-02
endloop
endfacet
facet normal 0 0 0
outer loop
vertex 7.192010e-02 1.280747e+00 -6.167583e-03
vertex 7.482097e-02 1.278275e+00 1.344241e-02
vertex 7.119993e-02 1.260168e+00 1.162704e-02
endloop
endfacet
facet normal 0 0 0
outer loop
vertex 8.308247e-02 1.801050e-01 -3.728254e-01
vertex 5.269382e-02 1.789836e-01 -3.661150e-01
vertex 5.597001e-02 1.567974e-01 -3.737476e-01
endloop
endfacet
facet normal 0 0 0
outer loop
vertex 8.063609e-02 1.250506e+00 7.657419e-02
vertex 8.448901e-02 1.269964e+00 7.852509e-02
vertex 9.018379e-02 1.264993e+00 1.164823e-01
endloop
endfacet
facet normal 0 0 0
outer loop
vertex 8.570401e-02 1.289817e+00 8.049243e-02
vertex 9.000524e-02 1.306272e+00 1.205600e-01
vertex 9.140815e-02 1.285690e+00 1.185309e-01
endloop
endfacet
facet normal 0 0 0
outer loop
vertex -2.024944e-01 1.282451e+00 -7.355210e-03
vertex -1.967126e-01 1.266985e+00 -2.447027e-02
vertex -1.989813e-01 1.264899e+00 -9.074706e-03
endloop
endfacet
facet normal 0 0 0
outer loop
vertex -1.967126e-01 1.266985e+00 -2.447027e-02
vertex -2.024944e-01 1.282451e+00 -7.355210e-03
vertex -2.001643e-01 1.284253e+00 -2.277800e-02
endloop
endfacet
facet normal 0 0 0
outer loop
vertex -2.024944e-01 1.282451e+00 -7.355210e-03
vertex -1.989813e-01 1.264899e+00 -9.074706e-03
vertex -2.018421e-01 1.262280e+00 1.048938e-02
endloop
endfacet
facet normal 0 0 0
outer loop
vertex -8.859081e-02 1.364709e+00 2.186834e-01
vertex -1.286591e-01 1.334828e+00 2.155391e-01
vertex -8.428829e-02 1.346333e+00 2.168931e-01
endloop
endfacet
facet normal 0 0 0
outer loop
vertex -1.286591e-01 1.334828e+00 2.155391e-01
vertex -8.859081e-02 1.364709e+00 2.186834e-01
vertex -1.258135e-01 1.355655e+00 2.176058e-01
endloop
endfacet
facet normal 0 0 0
outer loop
vertex -1.686903e-01 1.150896e+00 1.789851e-01
vertex -1.496435e-01 1.141962e+00 1.660004e-01
vertex -1.507400e-01 1.138953e+00 1.778574e-01
endloop
endfacet
facet normal 0 0 0
outer loop
vertex -1.691261e-01 1.149393e+00 1.885358e-01
vertex -1.686903e-01 1.150896e+00 1.789851e-01
vertex -1.507400e-01 1.138953e+00 1.778574e-01
endloop
endfacet
facet normal 0 0 0
outer loop
vertex -2.517754e-02 5.966269e-01 6.956595e-03
vertex -4.866611e-02 5.916616e-01 7.754222e-02
vertex -3.548569e-02 5.863078e-01 6.094581e-03
endloop
endfacet
facet normal 0 0 0
outer loop
vertex -2.011993e-01 1.211617e+00 1.097522e-01
vertex -1.898423e-01 1.195085e+00 1.081779e-01
vertex -1.931524e-01 1.190084e+00 1.350967e-01
endloop
endfacet
facet normal 0 0 0
outer loop
vertex -2.802285e-01 6.348572e-01 -3.536421e-01
vertex -2.788473e-01 6.541951e-01 -3.703270e-01
vertex -2.704899e-01 6.569505e-01 -3.552541e-01
endloop
endfacet
facet normal 0 0 0
outer loop
vertex -2.704899e-01 6.569505e-01 -3.552541e-01
vertex -2.655261e-01 6.667493e-01 -3.085782e-01
vertex -2.802285e-01 6.348572e-01 -3.536421e-01
endloop
endfacet
facet normal 0 0 0
outer loop
vertex -2.635201e-01 7.014200e-01 -3.370300e-01
vertex -2.550062e-01 6.878483e-01 -3.292325e-01
vertex -2.704899e-01 6.569505e-01 -3.552541e-01
endloop
endfacet
facet normal 0 0 0
outer loop
vertex -1.365008e-01 1.292979e+00 2.113818e-01
vertex -1.258938e-01 1.315701e+00 2.136721e-01
vertex -1.637767e-01 1.307225e+00 2.126497e-01
endloop
endfacet
facet normal 0 0 0
outer loop
vertex -1.146600e-01 4.700475e-02 2.658412e-01
vertex -8.584145e-02 4.248644e-02 2.658294e-01
vertex -1.096612e-01 5.917863e-02 2.220236e-01
endloop
endfacet
facet normal 0 0 0
outer loop
vertex 8.290060e-02 1.344744e+00 1.517524e-01
vertex 7.348411e-02 1.363709e+00 1.535717e-01
vertex 8.569402e-02 1.343854e+00 1.715178e-01
endloop
endfacet
facet normal 0 0 0
outer loop
vertex -2.853139e-02 7.172105e-01 -9.263257e-02
vertex 2.070569e-02 7.190285e-01 -8.726991e-02
vertex -2.527730e-02 6.536308e-01 -9.577582e-02
endloop
endfacet
facet normal 0 0 0
outer loop
vertex -1.459968e-01 4.609877e-01 7.374756e-02
vertex -1.346571e-01 4.454046e-01 2.182032e-02
vertex -1.352154e-01 3.818019e-01 8.244333e-02
endloop
endfacet
facet normal 0 0 0
outer loop
vertex -8.739565e-02 1.014818e+00 -4.185672e-02
vertex -1.013647e-01 1.046616e+00 -4.438097e-02
vertex -1.156095e-01 1.023626e+00 -4.201864e-02
endloop
endfacet
facet normal 0 0 0
outer loop
vertex -1.029392e-01 1.078832e+00 -2.737937e-02
vertex -1.051683e-01 1.077538e+00 -2.367476e-02
vertex -9.593961e-02 1.099963e+00 -1.482080e-02
endloop
endfacet
facet normal 0 0 0
outer loop
vertex -1.162748e-01 1.038574e+00 -5.130560e-02
vertex -1.134725e-01 1.049978e+00 -4.210391e-02
vertex -1.143286e-01 1.044449e+00 -4.781379e-02
endloop
endfacet
facet normal 0 0 0
outer loop
vertex -1.211516e-01 6.853029e-01 3.438481e-02
vertex -1.198314e-01 7.183608e-01 -4.226155e-03
vertex -1.358371e-01 6.547536e-01 -1.603124e-03
endloop
endfacet
facet normal 0 0 0
outer loop
vertex -1.198314e-01 7.183608e-01 -4.226155e-03
vertex -1.211516e-01 6.853029e-01 3.438481e-02
vertex -1.099111e-01 7.126966e-01 6.666479e-02
endloop
endfacet
facet normal 0 0 0
outer loop
vertex 7.028601e-02 1.007363e+00 9.085256e-02
vertex 6.483734e-02 9.895694e-01 9.313838e-02
vertex 7.145721e-02 9.740610e-01 6.898447e-02
endloop
endfacet
facet normal 0 0 0
outer loop
vertex 8.078618e-02 1.012357e+00 9.920843e-02
vertex 7.609989e-02 1.022850e+00 8.993746e-02
vertex 7.028601e-02 1.007363e+00 9.085256e-02
endloop
endfacet
facet normal 0 0 0
outer loop
vertex 8.078618e-02 1.012357e+00 9.920843e-02
vertex 9.924638e-02 9.710196e-01 1.357286e-01
vertex 1.287360e-01 9.850273e-01 1.201115e-01
endloop
endfacet
facet normal 0 0 0
outer loop
vertex 9.924638e-02 9.710196e-01 1.357286e-01
vertex 7.028601e-02 1.007363e+00 9.085256e-02
vertex 6.483734e-02 9.895694e-01 9.313838e-02
endloop
endfacet
facet normal 0 0 0
outer loop
vertex 6.483734e-02 9.895694e-01 9.313838e-02
vertex 7.028601e-02 1.007363e+00 9.085256e-02
vertex 5.877368e-02 1.001885e+00 1.141748e-01
endloop
endfacet
facet normal 0 0 0
outer loop
vertex 9.924638e-02 9.710196e-01 1.357286e-01
vertex 6.483734e-02 9.895694e-01 9.313838e-02
vertex 6.463581e-02 9.890253e-01 9.328856e-02
endloop
endfacet
facet normal 0 0 0
outer loop
vertex 6.463581e-02 9.890253e-01 9.328856e-02
vertex 6.483734e-02 9.895694e-01 9.313838e-02
vertex 5.877368e-02 1.001885e+00 1.141748e-01
endloop
endfacet
facet normal 0 0 0
outer loop
vertex 7.609989e-02 1.022850e+00 8.993746e-02
vertex 7.045622e-02 1.011375e+00 8.927546e-02
vertex 7.028601e-02 1.007363e+00 9.085256e-02
endloop
endfacet
facet normal 0 0 0
outer loop
vertex 7.045622e-02 1.011375e+00 8.927546e-02
vertex 7.003075e-02 1.014621e+00 9.561886e-02
vertex 7.028601e-02 1.007363e+00 9.085256e-02
endloop
endfacet
facet normal 0 0 0
outer loop
vertex 7.028601e-02 1.007363e+00 9.085256e-02
vertex 7.045622e-02 1.011375e+00 8.927546e-02
vertex 5.615519e-02 9.942499e-01 8.239194e-02
endloop
endfacet
facet normal 0 0 0
outer loop
vertex 7.172070e-02 1.070348e+00 7.600641e-02
vertex 7.074607e-02 1.038209e+00 8.731732e-02
vertex 7.197892e-02 1.026052e+00 7.813802e-02
endloop
endfacet
facet normal 0 0 0
outer loop
vertex -1.187448e-01 9.733877e-01 8.538845e-03
vertex -1.211673e-01 9.720340e-01 1.159304e-02
vertex -1.464201e-01 9.361695e-01 -3.207979e-02
endloop
endfacet
facet normal 0 0 0
outer loop
vertex -1.000740e-01 1.404229e+00 2.225233e-01
vertex -8.430132e-02 1.425299e+00 2.246812e-01
vertex -1.047335e-01 1.421279e+00 2.241800e-01
endloop
endfacet
facet normal 0 0 0
outer loop
vertex -1.047335e-01 1.421279e+00 2.241800e-01
vertex -8.430132e-02 1.425299e+00 2.246812e-01
vertex -8.710711e-02 1.436403e+00 2.257003e-01
endloop
endfacet
facet normal 0 0 0
outer loop
vertex -1.949394e-01 1.268613e+00 -3.653834e-02
vertex -1.967126e-01 1.266985e+00 -2.447027e-02
vertex -2.001643e-01 1.284253e+00 -2.277800e-02
endloop
endfacet
facet normal 0 0 0
outer loop
vertex -1.261425e-01 1.148085e+00 1.039095e-01
vertex -1.052692e-01 1.149878e+00 6.577115e-02
vertex -1.071458e-01 1.141749e+00 1.033448e-01
endloop
endfacet
facet normal 0 0 0
outer loop
vertex -1.232920e-01 1.067969e+00 5.644529e-02
vertex -1.195266e-01 1.082971e+00 3.694862e-02
vertex -1.286658e-01 1.054410e+00 6.524736e-02
endloop
endfacet
facet normal 0 0 0
outer loop
vertex -4.757781e-02 8.882757e-01 1.115960e-01
vertex -2.345548e-02 8.532048e-01 1.071042e-01
vertex -2.289049e-02 9.227015e-01 1.179828e-01
endloop
endfacet
facet normal 0 0 0
outer loop
vertex 9.708628e-02 1.259042e+00 1.631915e-01
vertex 9.538186e-02 1.282825e+00 1.456984e-01
vertex 9.839070e-02 1.280724e+00 1.653417e-01
endloop
endfacet
facet normal 0 0 0
outer loop
vertex -1.931757e-01 1.247970e+00 -1.072131e-02
vertex -2.018421e-01 1.262280e+00 1.048938e-02
vertex -1.989813e-01 1.264899e+00 -9.074706e-03
endloop
endfacet
facet normal 0 0 0
outer loop
vertex -1.959094e-01 1.245016e+00 8.811409e-03
vertex -1.997108e-01 1.240891e+00 3.581809e-02
vertex -2.018421e-01 1.262280e+00 1.048938e-02
endloop
endfacet
facet normal 0 0 0
outer loop
vertex -1.997108e-01 1.240891e+00 3.581809e-02
vertex -1.959094e-01 1.245016e+00 8.811409e-03
vertex -1.877802e-01 1.228639e+00 7.228282e-03
endloop
endfacet
facet normal 0 0 0
outer loop
vertex -1.365008e-01 1.292979e+00 2.113818e-01
vertex -1.637767e-01 1.307225e+00 2.126497e-01
vertex -1.823274e-01 1.286503e+00 2.105150e-01
endloop
endfacet
facet normal 0 0 0
outer loop
vertex 1.473745e-02 1.137268e+00 1.505146e-01
vertex -4.415248e-03 1.125554e+00 1.647778e-01
vertex -5.205199e-03 1.129501e+00 1.495900e-01
endloop
endfacet
facet normal 0 0 0
outer loop
vertex -4.415248e-03 1.125554e+00 1.647778e-01
vertex 1.473745e-02 1.137268e+00 1.505146e-01
vertex 1.579200e-02 1.133576e+00 1.657270e-01
endloop
endfacet
facet normal 0 0 0
outer loop
vertex 1.022344e-01 9.802396e-01 -4.779632e-03
vertex 7.013726e-02 9.920951e-01 -1.137824e-02
vertex 7.873816e-02 1.046306e+00 -3.893197e-02
endloop
endfacet
facet normal 0 0 0
outer loop
vertex -1.162748e-01 1.038574e+00 -5.130560e-02
vertex -1.183717e-01 1.045278e+00 -4.167269e-02
vertex -1.134725e-01 1.049978e+00 -4.210391e-02
endloop
endfacet
facet normal 0 0 0
outer loop
vertex -1.227554e-01 1.012093e+00 -4.083360e-02
vertex -1.156095e-01 1.023626e+00 -4.201864e-02
vertex -1.253396e-01 1.044221e+00 -3.932021e-02
endloop
endfacet
facet normal 0 0 0
outer loop
vertex 6.628700e-02 3.022676e-01 -4.237927e-01
vertex 6.838024e-02 2.954500e-01 -4.097244e-01
vertex 8.051001e-02 2.566969e-01 -4.307513e-01
endloop
endfacet
facet normal 0 0 0
outer loop
vertex -7.094680e-02 2.909164e-01 1.210827e-01
vertex -7.281951e-02 2.123952e-01 1.230307e-01
vertex -1.030197e-01 2.893994e-01 1.076868e-01
endloop
endfacet
facet normal 0 0 0
outer loop
vertex 7.109677e-02 1.020876e+00 8.605348e-02
vertex 7.071820e-02 1.015133e+00 8.790145e-02
vertex 7.121467e-02 1.021567e+00 8.499558e-02
endloop
endfacet
facet normal 0 0 0
outer loop
vertex 7.283252e-02 9.932475e-01 5.384742e-02
vertex 7.045622e-02 1.011375e+00 8.927546e-02
vertex 7.028601e-02 1.007363e+00 9.085256e-02
endloop
endfacet
facet normal 0 0 0
outer loop
vertex 7.045622e-02 1.011375e+00 8.927546e-02
vertex 7.283252e-02 9.932475e-01 5.384742e-02
vertex 7.204905e-02 1.023356e+00 7.614233e-02
endloop
endfacet
facet normal 0 0 0
outer loop
vertex 7.204905e-02 1.023356e+00 7.614233e-02
vertex 7.283252e-02 9.932475e-01 5.384742e-02
vertex 7.894608e-02 1.027137e+00 7.094935e-02
endloop
endfacet
facet normal 0 0 0
outer loop
vertex 7.894608e-02 1.027137e+00 7.094935e-02
vertex 7.204905e-02 1.023356e+00 7.614233e-02
vertex 7.609989e-02 1.022850e+00 8.993746e-02
endloop
endfacet
facet normal 0 0 0
outer loop
vertex 7.204905e-02 1.023356e+00 7.614233e-02
vertex 7.894608e-02 1.027137e+00 7.094935e-02
vertex 7.197892e-02 1.026052e+00 7.813802e-02
endloop
endfacet
facet normal 0 0 0
outer loop
vertex 7.121467e-02 1.021567e+00 8.499558e-02
vertex 7.204905e-02 1.023356e+00 7.614233e-02
vertex 7.197892e-02 1.026052e+00 7.813802e-02
endloop
endfacet
facet normal 0 0 0
outer loop
vertex 7.204905e-02 1.023356e+00 7.614233e-02
vertex 7.121467e-02 1.021567e+00 8.499558e-02
vertex 7.609989e-02 1.022850e+00 8.993746e-02
endloop
endfacet
facet normal 0 0 0
outer loop
vertex 7.121467e-02 1.021567e+00 8.499558e-02
vertex 7.204905e-02 1.023356e+00 7.614233e-02
vertex 4.718908e-02 1.014338e+00 6.638436e-02
endloop
endfacet
facet normal 0 0 0
outer loop
vertex 5.615519e-02 9.942499e-01 8.239194e-02
vertex 7.109677e-02 1.020876e+00 8.605348e-02
vertex 4.718908e-02 1.014338e+00 6.638436e-02
endloop
endfacet
facet normal 0 0 0
outer loop
vertex 7.003075e-02 1.014621e+00 9.561886e-02
vertex 7.071820e-02 1.015133e+00 8.790145e-02
vertex 7.109677e-02 1.020876e+00 8.605348e-02
endloop
endfacet
facet normal 0 0 0
outer loop
vertex 7.109677e-02 1.020876e+00 8.605348e-02
vertex 7.071820e-02 1.015133e+00 8.790145e-02
vertex 7.609989e-02 1.022850e+00 8.993746e-02
endloop
endfacet
facet normal 0 0 0
outer loop
vertex -1.365008e-01 1.292979e+00 2.113818e-01
vertex -1.082383e-01 1.303003e+00 2.125085e-01
vertex -1.258938e-01 1.315701e+00 2.136721e-01
endloop
endfacet
facet normal 0 0 0
outer loop
vertex 6.140424e-02 1.077823e+00 9.728626e-02
vertex 4.806979e-02 1.088679e+00 9.569687e-02
vertex 2.334228e-02 1.069972e+00 1.153040e-01
endloop
endfacet
facet normal 0 0 0
outer loop
vertex -2.149693e-01 9.341159e-01 -8.863996e-02
vertex -2.260709e-01 9.126762e-01 -1.178890e-01
vertex -1.972724e-01 9.084861e-01 -7.987215e-02
endloop
endfacet
facet normal 0 0 0
outer loop
vertex 7.849894e-02 1.081611e+00 3.300387e-02
vertex 7.750989e-02 1.073504e+00 5.085968e-02
vertex 8.340023e-02 1.075981e+00 2.659054e-02
endloop
endfacet
facet normal 0 0 0
outer loop
vertex 6.140424e-02 1.077823e+00 9.728626e-02
vertex 7.849894e-02 1.081611e+00 3.300387e-02
vertex 5.287772e-02 1.092316e+00 9.188453e-02
endloop
endfacet
facet normal 0 0 0
outer loop
vertex -1.041258e-01 9.996835e-01 1.138797e-01
vertex -1.178400e-01 9.731358e-01 6.882585e-02
vertex -1.124027e-01 9.310180e-01 9.516246e-02
endloop
endfacet
facet normal 0 0 0
outer loop
vertex -2.419711e-02 7.825307e-01 1.020051e-01
vertex -1.040789e-04 8.157503e-01 1.036059e-01
vertex -2.345548e-02 8.532048e-01 1.071042e-01
endloop
endfacet
facet normal 0 0 0
outer loop
vertex -1.291197e-01 9.387937e-01 -1.359482e-01
vertex -1.213453e-01 9.499753e-01 -5.951382e-02
vertex -1.402260e-01 9.119470e-01 -1.108531e-01
endloop
endfacet
facet normal 0 0 0
outer loop
vertex -1.213453e-01 9.499753e-01 -5.951382e-02
vertex -1.291197e-01 9.387937e-01 -1.359482e-01
vertex -1.122509e-01 9.769089e-01 -8.527140e-02
endloop
endfacet
facet normal 0 0 0
outer loop
vertex 6.444705e-02 1.266984e+00 -3.542617e-02
vertex 6.967286e-02 1.282646e+00 -2.160520e-02
vertex 6.617866e-02 1.265242e+00 -2.335036e-02
endloop
endfacet
facet normal 0 0 0
outer loop
vertex 2.190010e-02 1.082042e+00 1.144453e-01
vertex 2.334228e-02 1.069972e+00 1.153040e-01
vertex 4.806979e-02 1.088679e+00 9.569687e-02
endloop
endfacet
facet normal 0 0 0
outer loop
vertex 2.108321e-02 1.088879e+00 1.139588e-01
vertex 2.190010e-02 1.082042e+00 1.144453e-01
vertex 4.806979e-02 1.088679e+00 9.569687e-02
endloop
endfacet
facet normal 0 0 0
outer loop
vertex -1.610559e-01 1.167365e+00 1.056567e-01
vertex -1.442671e-01 1.156320e+00 1.046291e-01
vertex -1.637956e-01 1.161373e+00 1.323828e-01
endloop
endfacet
facet normal 0 0 0
outer loop
vertex -1.465001e-01 1.150267e+00 1.314273e-01
vertex -1.637956e-01 1.161373e+00 1.323828e-01
vertex -1.442671e-01 1.156320e+00 1.046291e-01
endloop
endfacet
facet normal 0 0 0
outer loop
vertex -1.983425e-01 1.285666e+00 -3.486651e-02
vertex -1.968906e-01 1.286786e+00 -4.445505e-02
vertex -1.949394e-01 1.268613e+00 -3.653834e-02
endloop
endfacet
facet normal 0 0 0
outer loop
vertex -1.989813e-01 1.264899e+00 -9.074706e-03
vertex -1.967126e-01 1.266985e+00 -2.447027e-02
vertex -1.931757e-01 1.247970e+00 -1.072131e-02
endloop
endfacet
facet normal 0 0 0
outer loop
vertex 8.619673e-02 1.244703e+00 1.144471e-01
vertex 9.411234e-02 1.261571e+00 1.435924e-01
vertex 9.000432e-02 1.240740e+00 1.415002e-01
endloop
endfacet
facet normal 0 0 0
outer loop
vertex 8.328768e-02 1.220436e+00 1.394502e-01
vertex 8.619673e-02 1.244703e+00 1.144471e-01
vertex 9.000432e-02 1.240740e+00 1.415002e-01
endloop
endfacet
facet normal 0 0 0
outer loop
vertex -2.460147e-02 6.479029e-01 1.053597e-01
vertex -2.453365e-02 6.173103e-01 1.053635e-01
vertex 3.017108e-02 6.403426e-01 1.115932e-01
endloop
endfacet
facet normal 0 0 0
outer loop
vertex -1.146600e-01 4.700475e-02 2.658412e-01
vertex -1.096612e-01 5.917863e-02 2.220236e-01
vertex -1.234716e-01 4.941482e-02 2.503415e-01
endloop
endfacet
facet normal 0 0 0
outer loop
vertex -6.944742e-02 1.102804e+00 1.863444e-02
vertex -4.286646e-02 1.108610e+00 1.147058e-02
vertex -5.050810e-02 1.106048e+00 4.331728e-03
endloop
endfacet
facet normal 0 0 0
outer loop
vertex -6.375945e-02 1.121505e+00 3.603258e-02
vertex -4.171225e-02 1.113883e+00 1.613880e-02
vertex -5.886521e-02 1.111167e+00 2.985240e-02
endloop
endfacet
facet normal 0 0 0
outer loop
vertex -2.018421e-01 1.262280e+00 1.048938e-02
vertex -1.931757e-01 1.247970e+00 -1.072131e-02
vertex -1.959094e-01 1.245016e+00 8.811409e-03
endloop
endfacet
facet normal 0 0 0
outer loop
vertex -1.082383e-01 1.303003e+00 2.125085e-01
vertex -7.479772e-02 1.311738e+00 2.135362e-01
vertex -9.193692e-02 1.326503e+00 2.149050e-01
endloop
endfacet
facet normal 0 0 0
outer loop
vertex -7.479772e-02 1.311738e+00 2.135362e-01
vertex -1.082383e-01 1.303003e+00 2.125085e-01
vertex -1.160254e-01 1.282357e+00 2.104418e-01
endloop
endfacet
facet normal 0 0 0
outer loop
vertex -1.949394e-01 1.268613e+00 -3.653834e-02
vertex -1.935254e-01 1.269915e+00 -4.610936e-02
vertex -1.893090e-01 1.252163e+00 -3.813932e-02
endloop
endfacet
facet normal 0 0 0
outer loop
vertex 8.700346e-03 5.405645e-01 6.484912e-02
vertex -4.614271e-03 5.657830e-01 5.301651e-03
vertex -3.097525e-03 5.363931e-01 -2.100801e-03
endloop
endfacet
facet normal 0 0 0
outer loop
vertex -3.097525e-03 5.363931e-01 -2.100801e-03
vertex 1.014648e-02 5.089869e-01 5.129404e-02
vertex 8.700346e-03 5.405645e-01 6.484912e-02
endloop
endfacet
facet normal 0 0 0
outer loop
vertex -1.373703e-01 1.158439e+00 1.980472e-01
vertex -1.386347e-01 1.173778e+00 1.995813e-01
vertex -1.488447e-01 1.167466e+00 1.988988e-01
endloop
endfacet
facet normal 0 0 0
outer loop
vertex -1.437532e-01 1.151065e+00 1.972689e-01
vertex -1.468768e-01 1.143238e+00 1.964588e-01
vertex -1.265090e-01 1.142892e+00 1.965245e-01
endloop
endfacet
facet normal 0 0 0
outer loop
vertex 2.276407e-02 2.556869e-01 -4.382116e-01
vertex 1.627570e-02 2.054343e-01 -4.409222e-01
vertex 1.940413e-02 2.541784e-01 -4.300809e-01
endloop
endfacet
facet normal 0 0 0
outer loop
vertex 1.669651e-01 7.301813e-01 2.547667e-01
vertex 1.833523e-01 7.860843e-01 2.211305e-01
vertex 1.860249e-01 7.434136e-01 2.646917e-01
endloop
endfacet
facet normal 0 0 0
outer loop
vertex 1.624427e-01 7.724447e-01 2.091831e-01
vertex 1.833523e-01 7.860843e-01 2.211305e-01
vertex 1.669651e-01 7.301813e-01 2.547667e-01
endloop
endfacet
facet normal 0 0 0
outer loop
vertex 9.924638e-02 9.710196e-01 1.357286e-01
vertex 7.604323e-02 9.473535e-01 1.291544e-01
vertex 1.179614e-01 9.116817e-01 1.809414e-01
endloop
endfacet
facet normal 0 0 0
outer loop
vertex 6.517222e-02 1.350796e+00 2.057031e-02
vertex 6.264269e-02 1.351644e+00 1.746131e-03
vertex 5.694107e-02 1.367385e+00 2.216593e-02
endloop
endfacet
facet normal 0 0 0
outer loop
vertex 2.102709e-02 1.115031e+00 2.554615e-02
vertex 2.193561e-02 1.123083e+00 5.861988e-02
vertex 2.399201e-02 1.112758e+00 5.612871e-02
endloop
endfacet
facet normal 0 0 0
outer loop
vertex -2.071116e-02 1.080822e+00 1.218425e-01
vertex -2.686304e-02 1.080460e+00 1.217697e-01
vertex -2.275821e-02 1.051881e+00 1.293663e-01
endloop
endfacet
facet normal 0 0 0
outer loop
vertex 4.156037e-02 2.817744e-01 -4.370312e-01
vertex 3.937808e-02 2.507329e-01 -4.421004e-01
vertex 2.977322e-02 2.532698e-01 -4.413764e-01
endloop
endfacet
facet normal 0 0 0
outer loop
vertex 4.156037e-02 2.817744e-01 -4.370312e-01
vertex 5.053266e-02 2.499308e-01 -4.422688e-01
vertex 3.937808e-02 2.507329e-01 -4.421004e-01
endloop
endfacet
facet normal 0 0 0
outer loop
vertex 4.156037e-02 2.817744e-01 -4.370312e-01
vertex 3.736648e-02 2.968388e-01 -4.347378e-01
vertex 4.911847e-02 2.898580e-01 -4.363013e-01
endloop
endfacet
facet normal 0 0 0
outer loop
vertex -1.013647e-01 1.046616e+00 -4.438097e-02
vertex -1.184346e-01 1.044910e+00 -4.077775e-02
vertex -1.156095e-01 1.023626e+00 -4.201864e-02
endloop
endfacet
facet normal 0 0 0
outer loop
vertex -1.184346e-01 1.044910e+00 -4.077775e-02
vertex -1.013647e-01 1.046616e+00 -4.438097e-02
vertex -1.175472e-01 1.048914e+00 -3.859639e-02
endloop
endfacet
facet normal 0 0 0
outer loop
vertex 1.149854e-01 1.034968e+00 3.766841e-02
vertex 1.172688e-01 1.014150e+00 3.978106e-03
vertex 9.870733e-02 1.041640e+00 -1.163796e-02
endloop
endfacet
facet normal 0 0 0
outer loop
vertex 9.630683e-02 1.061168e+00 2.316835e-02
vertex 1.149854e-01 1.034968e+00 3.766841e-02
vertex 9.870733e-02 1.041640e+00 -1.163796e-02
endloop
endfacet
facet normal 0 0 0
outer loop
vertex -1.258135e-01 1.355655e+00 2.176058e-01
vertex -1.603166e-01 1.358969e+00 2.177612e-01
vertex -1.589546e-01 1.341184e+00 2.160173e-01
endloop
endfacet
facet normal 0 0 0
outer loop
vertex -2.013391e-01 1.301813e+00 -2.104821e-02
vertex -2.036933e-01 1.300295e+00 -5.598237e-03
vertex -2.025145e-01 1.318161e+00 -3.826466e-03
endloop
endfacet
facet normal 0 0 0
outer loop
vertex -2.036933e-01 1.300295e+00 -5.598237e-03
vertex -2.024944e-01 1.282451e+00 -7.355210e-03
vertex -2.066705e-01 1.298395e+00 1.403371e-02
endloop
endfacet
facet normal 0 0 0
outer loop
vertex -1.180678e-01 1.023597e+00 7.789438e-02
vertex -1.187679e-01 9.916010e-01 5.358367e-02
vertex -1.157380e-01 1.012151e+00 9.531278e-02
endloop
endfacet
facet normal 0 0 0
outer loop
vertex -1.250523e-01 1.024516e+00 7.072902e-02
vertex -1.187679e-01 9.916010e-01 5.358367e-02
vertex -1.180678e-01 1.023597e+00 7.789438e-02
endloop
endfacet
facet normal 0 0 0
outer loop
vertex -1.277649e-01 1.050148e+00 7.960524e-02
vertex -1.286658e-01 1.054410e+00 6.524736e-02
vertex -1.180678e-01 1.023597e+00 7.789438e-02
endloop
endfacet
facet normal 0 0 0
outer loop
vertex -1.286658e-01 1.054410e+00 6.524736e-02
vertex -1.250523e-01 1.024516e+00 7.072902e-02
vertex -1.180678e-01 1.023597e+00 7.789438e-02
endloop
endfacet
facet normal 0 0 0
outer loop
vertex -1.253396e-01 1.044221e+00 -3.932021e-02
vertex -1.184346e-01 1.044910e+00 -4.077775e-02
vertex -1.175472e-01 1.048914e+00 -3.859639e-02
endloop
endfacet
facet normal 0 0 0
outer loop
vertex -1.184346e-01 1.044910e+00 -4.077775e-02
vertex -1.253396e-01 1.044221e+00 -3.932021e-02
vertex -1.156095e-01 1.023626e+00 -4.201864e-02
endloop
endfacet
facet normal 0 0 0
outer loop
vertex -1.253396e-01 1.044221e+00 -3.932021e-02
vertex -1.213071e-01 1.054398e+00 -3.154201e-02
vertex -1.175472e-01 1.048914e+00 -3.859639e-02
endloop
endfacet
facet normal 0 0 0
outer loop
vertex -1.175472e-01 1.048914e+00 -3.859639e-02
vertex -1.241653e-01 1.066833e+00 -2.595825e-02
vertex -1.253396e-01 1.044221e+00 -3.932021e-02
endloop
endfacet
facet normal 0 0 0
outer loop
vertex -1.241653e-01 1.066833e+00 -2.595825e-02
vertex -1.213071e-01 1.054398e+00 -3.154201e-02
vertex -1.253396e-01 1.044221e+00 -3.932021e-02
endloop
endfacet
facet normal 0 0 0
outer loop
vertex -1.023386e-01 1.164106e+00 1.341410e-03
vertex -1.015168e-01 1.168455e+00 -1.808227e-02
vertex -8.382817e-02 1.164908e+00 -1.834266e-02
endloop
endfacet
facet normal 0 0 0
outer loop
vertex -1.185610e-01 1.174262e+00 -1.758750e-02
vertex -1.015168e-01 1.168455e+00 -1.808227e-02
vertex -1.023386e-01 1.164106e+00 1.341410e-03
endloop
endfacet
facet normal 0 0 0
outer loop
vertex -1.071458e-01 1.141749e+00 1.033448e-01
vertex -1.052692e-01 1.149878e+00 6.577115e-02
vertex -8.896872e-02 1.138482e+00 1.033993e-01
endloop
endfacet
facet normal 0 0 0
outer loop
vertex -1.156273e-02 1.167813e+00 2.191322e-03
vertex -2.777929e-02 1.154439e+00 1.714081e-02
vertex -2.920440e-02 1.162889e+00 1.626769e-03
endloop
endfacet
facet normal 0 0 0
outer loop
vertex -1.175472e-01 1.048914e+00 -3.859639e-02
vertex -1.183717e-01 1.045278e+00 -4.167269e-02
vertex -1.253396e-01 1.044221e+00 -3.932021e-02
endloop
endfacet
facet normal 0 0 0
outer loop
vertex -1.181044e-01 1.022617e+00 -7.044438e-02
vertex -1.087415e-01 1.036040e+00 -5.586645e-02
vertex -1.092905e-01 1.033823e+00 -5.725182e-02
endloop
endfacet
facet normal 0 0 0
outer loop
vertex -1.092905e-01 1.033823e+00 -5.725182e-02
vertex -1.087415e-01 1.036040e+00 -5.586645e-02
vertex -1.048539e-01 1.030805e+00 -6.102908e-02
endloop
endfacet
facet normal 0 0 0
outer loop
vertex -2.001692e-01 1.350455e+00 4.658612e-02
vertex -2.019131e-01 1.334539e+00 1.762495e-02
vertex -2.059183e-01 1.332898e+00 4.487046e-02
endloop
endfacet
facet normal 0 0 0
outer loop
vertex -2.170664e-01 1.345731e+00 1.701694e-01
vertex -2.209473e-01 1.326834e+00 1.484488e-01
vertex -2.238972e-01 1.325723e+00 1.681636e-01
endloop
endfacet
facet normal 0 0 0
outer loop
vertex -2.687035e-02 1.080860e+00 1.216790e-01
vertex -2.071116e-02 1.080822e+00 1.218425e-01
vertex -2.354849e-02 1.082111e+00 1.224392e-01
endloop
endfacet
facet normal 0 0 0
outer loop
vertex -2.686304e-02 1.080460e+00 1.217697e-01
vertex -2.071116e-02 1.080822e+00 1.218425e-01
vertex -2.687035e-02 1.080860e+00 1.216790e-01
endloop
endfacet
facet normal 0 0 0
outer loop
vertex -2.687035e-02 1.080860e+00 1.216790e-01
vertex -2.354849e-02 1.082111e+00 1.224392e-01
vertex -5.676102e-02 1.081042e+00 1.208858e-01
endloop
endfacet
facet normal 0 0 0
outer loop
vertex -5.676102e-02 1.081042e+00 1.208858e-01
vertex -2.686304e-02 1.080460e+00 1.217697e-01
vertex -2.687035e-02 1.080860e+00 1.216790e-01
endloop
endfacet
facet normal 0 0 0
outer loop
vertex -6.647313e-02 1.100934e+00 9.328029e-02
vertex -6.468558e-02 1.106577e+00 5.981831e-02
vertex -6.962034e-02 1.093765e+00 9.449115e-02
endloop
endfacet
facet normal 0 0 0
outer loop
vertex -6.468558e-02 1.106577e+00 5.981831e-02
vertex -6.647313e-02 1.100934e+00 9.328029e-02
vertex -6.601883e-02 1.110215e+00 9.436742e-02
endloop
endfacet
facet normal 0 0 0
outer loop
vertex 1.569542e-02 1.118809e+00 8.861712e-02
vertex -2.826016e-03 1.126616e+00 1.042096e-01
vertex -1.180086e-03 1.115029e+00 1.016154e-01
endloop
endfacet
facet normal 0 0 0
outer loop
vertex 1.840557e-03 1.099791e+00 1.013484e-01
vertex 1.706971e-02 1.109565e+00 8.620862e-02
vertex -1.769357e-04 1.106406e+00 9.993538e-02
endloop
endfacet
facet normal 0 0 0
outer loop
vertex 2.399201e-02 1.112758e+00 5.612871e-02
vertex 1.706971e-02 1.109565e+00 8.620862e-02
vertex 2.034113e-02 1.102900e+00 8.674843e-02
endloop
endfacet
facet normal 0 0 0
outer loop
vertex 7.013726e-02 9.920951e-01 -1.137824e-02
vertex 6.342515e-02 9.831510e-01 -1.159234e-02
vertex 7.873816e-02 1.046306e+00 -3.893197e-02
endloop
endfacet
facet normal 0 0 0
outer loop
vertex 1.022344e-01 9.802396e-01 -4.779632e-03
vertex 6.834289e-02 9.807853e-01 -5.629812e-03
vertex 7.013726e-02 9.920951e-01 -1.137824e-02
endloop
endfacet
facet normal 0 0 0
outer loop
vertex 6.342515e-02 9.831510e-01 -1.159234e-02
vertex 6.637112e-02 9.817016e-01 -3.536575e-03
vertex 5.202118e-02 9.882223e-01 3.238467e-02
endloop
endfacet
facet normal 0 0 0
outer loop
vertex 7.299536e-02 9.884002e-01 6.017159e-03
vertex 6.637112e-02 9.817016e-01 -3.536575e-03
vertex 6.342515e-02 9.831510e-01 -1.159234e-02
endloop
endfacet
facet normal 0 0 0
outer loop
vertex 6.696783e-02 9.814118e-01 -2.427188e-03
vertex 6.637112e-02 9.817016e-01 -3.536575e-03
vertex 7.299536e-02 9.884002e-01 6.017159e-03
endloop
endfacet
facet normal 0 0 0
outer loop
vertex 5.202118e-02 9.882223e-01 3.238467e-02
vertex 6.637112e-02 9.817016e-01 -3.536575e-03
vertex 6.696783e-02 9.814118e-01 -2.427188e-03
endloop
endfacet
facet normal 0 0 0
outer loop
vertex 6.342515e-02 9.831510e-01 -1.159234e-02
vertex 7.644986e-02 1.045894e+00 -3.936845e-02
vertex 7.873816e-02 1.046306e+00 -3.893197e-02
endloop
endfacet
facet normal 0 0 0
outer loop
vertex 6.964360e-02 1.040267e+00 -5.107490e-02
vertex 7.176664e-02 1.047228e+00 -4.135279e-02
vertex 6.342515e-02 9.831510e-01 -1.159234e-02
endloop
endfacet
facet normal 0 0 0
outer loop
vertex 7.176664e-02 1.047228e+00 -4.135279e-02
vertex 7.644986e-02 1.045894e+00 -3.936845e-02
vertex 6.342515e-02 9.831510e-01 -1.159234e-02
endloop
endfacet
facet normal 0 0 0
outer loop
vertex 7.644986e-02 1.045894e+00 -3.936845e-02
vertex 7.176664e-02 1.047228e+00 -4.135279e-02
vertex 6.964360e-02 1.040267e+00 -5.107490e-02
endloop
endfacet
facet normal 0 0 0
outer loop
vertex -1.189413e-01 9.894814e-01 3.168505e-02
vertex -1.077616e-01 9.919670e-01 3.645238e-02
vertex -1.191000e-01 9.875420e-01 1.164844e-02
endloop
endfacet
facet normal 0 0 0
outer loop
vertex -9.671655e-02 9.870522e-01 -1.452949e-02
vertex -1.187448e-01 9.733877e-01 8.538845e-03
vertex -1.181202e-01 9.714278e-01 -2.633134e-04
endloop
endfacet
facet normal 0 0 0
outer loop
vertex -9.671655e-02 9.870522e-01 -1.452949e-02
vertex -1.190325e-01 9.880599e-01 3.506414e-03
vertex -1.191056e-01 9.856055e-01 6.097269e-03
endloop
endfacet
facet normal 0 0 0
outer loop
vertex -1.234973e-01 1.210229e+00 -6.013229e-02
vertex -1.441677e-01 1.223212e+00 -5.894318e-02
vertex -1.083153e-01 1.232319e+00 -5.786655e-02
endloop
endfacet
facet normal 0 0 0
outer loop
vertex -1.170098e-01 1.012536e+00 -4.099984e-02
vertex -1.227554e-01 1.012093e+00 -4.083360e-02
vertex -1.094593e-01 1.003754e+00 -1.722109e-02
endloop
endfacet
facet normal 0 0 0
outer loop
vertex -1.156095e-01 1.023626e+00 -4.201864e-02
vertex -1.227554e-01 1.012093e+00 -4.083360e-02
vertex -1.170098e-01 1.012536e+00 -4.099984e-02
endloop
endfacet
facet normal 0 0 0
outer loop
vertex -1.569452e-01 1.022394e+00 -7.429916e-02
vertex -1.163366e-01 1.040125e+00 -5.240584e-02
vertex -1.087415e-01 1.036040e+00 -5.586645e-02
endloop
endfacet
facet normal 0 0 0
outer loop
vertex -1.009475e-01 1.061112e+00 -4.077955e-02
vertex -1.087415e-01 1.036040e+00 -5.586645e-02
vertex -1.125586e-01 1.041763e+00 -5.038082e-02
endloop
endfacet
facet normal 0 0 0
outer loop
vertex -1.125586e-01 1.041763e+00 -5.038082e-02
vertex -1.013647e-01 1.046616e+00 -4.438097e-02
vertex -1.087415e-01 1.036040e+00 -5.586645e-02
endloop
endfacet
facet normal 0 0 0
outer loop
vertex 1.316025e-01 9.864492e-01 2.637920e-02
vertex 1.022344e-01 9.802396e-01 -4.779632e-03
vertex 1.172688e-01 1.014150e+00 3.978106e-03
endloop
endfacet
facet normal 0 0 0
outer loop
vertex -1.071011e-01 1.023313e+00 -5.890618e-02
vertex -1.181044e-01 1.022617e+00 -7.044438e-02
vertex -1.092905e-01 1.033823e+00 -5.725182e-02
endloop
endfacet
facet normal 0 0 0
outer loop
vertex -1.092905e-01 1.033823e+00 -5.725182e-02
vertex -1.048539e-01 1.030805e+00 -6.102908e-02
vertex -1.071011e-01 1.023313e+00 -5.890618e-02
endloop
endfacet
facet normal 0 0 0
outer loop
vertex -1.009475e-01 1.061112e+00 -4.077955e-02
vertex -1.048539e-01 1.030805e+00 -6.102908e-02
vertex -1.087415e-01 1.036040e+00 -5.586645e-02
endloop
endfacet
facet normal 0 0 0
outer loop
vertex -1.013647e-01 1.046616e+00 -4.438097e-02
vertex -8.739565e-02 1.014818e+00 -4.185672e-02
vertex -1.092905e-01 1.033823e+00 -5.725182e-02
endloop
endfacet
facet normal 0 0 0
outer loop
vertex -8.739565e-02 1.014818e+00 -4.185672e-02
vertex -1.071011e-01 1.023313e+00 -5.890618e-02
vertex -1.092905e-01 1.033823e+00 -5.725182e-02
endloop
endfacet
facet normal 0 0 0
outer loop
vertex -1.125586e-01 1.041763e+00 -5.038082e-02
vertex -1.070947e-01 1.066287e+00 -3.483505e-02
vertex -1.009475e-01 1.061112e+00 -4.077955e-02
endloop
endfacet
facet normal 0 0 0
outer loop
vertex -1.990172e-01 1.335718e+00 -2.076183e-03
vertex -1.963156e-01 1.351600e+00 1.929264e-02
vertex -1.935316e-01 1.352436e+00 -4.411837e-04
endloop
endfacet
facet normal 0 0 0
outer loop
vertex -1.990172e-01 1.335718e+00 -2.076183e-03
vertex -1.967327e-01 1.336661e+00 -1.758177e-02
vertex -2.025145e-01 1.318161e+00 -3.826466e-03
endloop
endfacet
facet normal 0 0 0
outer loop
vertex -4.797350e-02 1.168028e+00 -3.348365e-02
vertex -3.045628e-02 1.171072e+00 -3.309147e-02
vertex -4.775655e-02 1.164365e+00 -1.821990e-02
endloop
endfacet
facet normal 0 0 0
outer loop
vertex -4.817098e-02 1.170824e+00 -4.546459e-02
vertex -6.563775e-02 1.172247e+00 -5.511718e-02
vertex -4.830932e-02 1.173124e+00 -5.494963e-02
endloop
endfacet
facet normal 0 0 0
outer loop
vertex -6.568690e-02 1.169962e+00 -4.563145e-02
vertex -4.817098e-02 1.170824e+00 -4.546459e-02
vertex -4.797350e-02 1.168028e+00 -3.348365e-02
endloop
endfacet
facet normal 0 0 0
outer loop
vertex -4.614271e-03 5.657830e-01 5.301651e-03
vertex 8.700346e-03 5.405645e-01 6.484912e-02
vertex 6.158384e-03 5.543697e-01 7.065816e-02
endloop
endfacet
facet normal 0 0 0
outer loop
vertex -2.089242e-02 1.124701e+00 1.599266e-02
vertex -1.971404e-02 1.115135e+00 1.359776e-02
vertex -4.236206e-02 1.123458e+00 1.806302e-02
endloop
endfacet
facet normal 0 0 0
outer loop
vertex -2.337836e-02 1.109956e+00 1.235717e-02
vertex -4.171225e-02 1.113883e+00 1.613880e-02
vertex -1.971404e-02 1.115135e+00 1.359776e-02
endloop
endfacet
facet normal 0 0 0
outer loop
vertex -2.331014e-02 1.107762e+00 2.262926e-03
vertex -4.286646e-02 1.108610e+00 1.147058e-02
vertex -2.337836e-02 1.109956e+00 1.235717e-02
endloop
endfacet
facet normal 0 0 0
outer loop
vertex -4.286646e-02 1.108610e+00 1.147058e-02
vertex -4.171225e-02 1.113883e+00 1.613880e-02
vertex -2.337836e-02 1.109956e+00 1.235717e-02
endloop
endfacet
facet normal 0 0 0
outer loop
vertex -2.169941e-01 1.328433e+00 1.211915e-01
vertex -2.142462e-01 1.346475e+00 1.504171e-01
vertex -2.104658e-01 1.347581e+00 1.231099e-01
endloop
endfacet
facet normal 0 0 0
outer loop
vertex 9.265248e-02 1.323462e+00 1.695376e-01
vertex 9.951057e-02 1.300992e+00 1.829675e-01
vertex 9.694955e-02 1.302256e+00 1.674681e-01
endloop
endfacet
facet normal 0 0 0
outer loop
vertex -8.971037e-02 1.121113e+00 1.640615e-01
vertex -8.917162e-02 1.125603e+00 1.489351e-01
vertex -6.832007e-02 1.123124e+00 1.487174e-01
endloop
endfacet
facet normal 0 0 0
outer loop
vertex 2.193561e-02 1.123083e+00 5.861988e-02
vertex 2.102709e-02 1.115031e+00 2.554615e-02
vertex 1.825954e-02 1.126071e+00 2.811808e-02
endloop
endfacet
facet normal 0 0 0
outer loop
vertex 2.800502e-02 1.105895e+00 5.433692e-02
vertex 2.034113e-02 1.102900e+00 8.674843e-02
vertex 4.013512e-02 1.101413e+00 5.083873e-02
endloop
endfacet
facet normal 0 0 0
outer loop
vertex 2.399201e-02 1.112758e+00 5.612871e-02
vertex 2.034113e-02 1.102900e+00 8.674843e-02
vertex 2.800502e-02 1.105895e+00 5.433692e-02
endloop
endfacet
facet normal 0 0 0
outer loop
vertex 2.102709e-02 1.115031e+00 2.554615e-02
vertex 2.399201e-02 1.112758e+00 5.612871e-02
vertex 2.800502e-02 1.105895e+00 5.433692e-02
endloop
endfacet
facet normal 0 0 0
outer loop
vertex -1.052692e-01 1.149878e+00 6.577115e-02
vertex -1.261425e-01 1.148085e+00 1.039095e-01
vertex -1.237175e-01 1.156052e+00 6.630482e-02
endloop
endfacet
facet normal 0 0 0
outer loop
vertex -1.237175e-01 1.156052e+00 6.630482e-02
vertex -1.035415e-01 1.157911e+00 2.816548e-02
vertex -1.052692e-01 1.149878e+00 6.577115e-02
endloop
endfacet
facet normal 0 0 0
outer loop
vertex -1.178932e-01 1.084107e+00 4.437117e-02
vertex -1.102411e-01 1.086877e+00 5.307002e-02
vertex -9.255806e-02 1.106550e+00 6.031077e-03
endloop
endfacet
facet normal 0 0 0
outer loop
vertex -1.079609e-01 1.149897e+00 1.973254e-01
vertex -1.253612e-01 1.153345e+00 1.975925e-01
vertex -1.265090e-01 1.142892e+00 1.965245e-01
endloop
endfacet
facet normal 0 0 0
outer loop
vertex -1.079795e-01 1.164577e+00 1.988150e-01
vertex -1.253612e-01 1.153345e+00 1.975925e-01
vertex -1.079609e-01 1.149897e+00 1.973254e-01
endloop
endfacet
facet normal 0 0 0
outer loop
vertex 5.102613e-02 1.368659e+00 -2.542022e-02
vertex 5.254224e-02 1.368329e+00 -1.320881e-02
vertex 6.044620e-02 1.352375e+00 -1.474579e-02
endloop
endfacet
facet normal 0 0 0
outer loop
vertex -6.944742e-02 1.102804e+00 1.863444e-02
vertex -6.148188e-02 1.105527e+00 2.630147e-02
vertex -4.286646e-02 1.108610e+00 1.147058e-02
endloop
endfacet
facet normal 0 0 0
outer loop
vertex -4.286646e-02 1.108610e+00 1.147058e-02
vertex -6.148188e-02 1.105527e+00 2.630147e-02
vertex -5.886521e-02 1.111167e+00 2.985240e-02
endloop
endfacet
facet normal 0 0 0
outer loop
vertex 9.411234e-02 1.261571e+00 1.435924e-01
vertex 9.288400e-02 1.237807e+00 1.610563e-01
vertex 9.000432e-02 1.240740e+00 1.415002e-01
endloop
endfacet
facet normal 0 0 0
outer loop
vertex 9.870733e-02 1.041640e+00 -1.163796e-02
vertex 8.072094e-02 1.045371e+00 -3.147644e-02
vertex 9.045886e-02 1.051748e+00 -1.658771e-02
endloop
endfacet
facet normal 0 0 0
outer loop
vertex 8.072094e-02 1.045371e+00 -3.147644e-02
vertex 9.870733e-02 1.041640e+00 -1.163796e-02
vertex 7.873816e-02 1.046306e+00 -3.893197e-02
endloop
endfacet
facet normal 0 0 0
outer loop
vertex 7.299536e-02 9.884002e-01 6.017159e-03
vertex 6.342515e-02 9.831510e-01 -1.159234e-02
vertex 5.202118e-02 9.882223e-01 3.238467e-02
endloop
endfacet
facet normal 0 0 0
outer loop
vertex -2.430730e-01 7.739094e-01 -2.455474e-01
vertex -2.329479e-01 7.942542e-01 -2.341339e-01
vertex -2.166419e-01 7.785912e-01 -2.230438e-01
endloop
endfacet
facet normal 0 0 0
outer loop
vertex -2.430730e-01 7.739094e-01 -2.455474e-01
vertex -2.166419e-01 7.785912e-01 -2.230438e-01
vertex -2.272980e-01 7.593082e-01 -2.353257e-01
endloop
endfacet
facet normal 0 0 0
outer loop
vertex -1.246072e-01 -1.007316e-02 2.711841e-01
vertex -1.175856e-01 -1.027475e-02 2.814463e-01
vertex -1.182960e-01 -1.034843e-02 2.877356e-01
endloop
endfacet
facet normal 0 0 0
outer loop
vertex -1.145177e-01 -9.956561e-03 2.542852e-01
vertex -1.175856e-01 -1.027475e-02 2.814463e-01
vertex -1.246072e-01 -1.007316e-02 2.711841e-01
endloop
endfacet
facet normal 0 0 0
outer loop
vertex -2.066705e-01 1.298395e+00 1.403371e-02
vertex -2.024944e-01 1.282451e+00 -7.355210e-03
vertex -2.054358e-01 1.280186e+00 1.224237e-02
endloop
endfacet
facet normal 0 0 0
outer loop
vertex -2.054358e-01 1.280186e+00 1.224237e-02
vertex -2.024944e-01 1.282451e+00 -7.355210e-03
vertex -2.018421e-01 1.262280e+00 1.048938e-02
endloop
endfacet
facet normal 0 0 0
outer loop
vertex -2.018421e-01 1.262280e+00 1.048938e-02
vertex -2.058188e-01 1.258632e+00 3.754131e-02
vertex -2.095198e-01 1.277037e+00 3.934246e-02
endloop
endfacet
facet normal 0 0 0
outer loop
vertex 6.526624e-02 1.242657e+00 9.862391e-03
vertex 6.253576e-02 1.245928e+00 -9.669299e-03
vertex 7.119993e-02 1.260168e+00 1.162704e-02
endloop
endfacet
facet normal 0 0 0
outer loop
vertex -2.104658e-01 1.347581e+00 1.231099e-01
vertex -2.051517e-01 1.349144e+00 8.488430e-02
vertex -2.114572e-01 1.330665e+00 8.303084e-02
endloop
endfacet
facet normal 0 0 0
outer loop
vertex -2.104658e-01 1.347581e+00 1.231099e-01
vertex -2.018835e-01 1.365475e+00 1.248592e-01
vertex -1.968182e-01 1.366428e+00 8.658234e-02
endloop
endfacet
facet normal 0 0 0
outer loop
vertex -2.051517e-01 1.349144e+00 8.488430e-02
vertex -2.104658e-01 1.347581e+00 1.231099e-01
vertex -1.968182e-01 1.366428e+00 8.658234e-02
endloop
endfacet
facet normal 0 0 0
outer loop
vertex 7.197892e-02 1.026052e+00 7.813802e-02
vertex 7.074607e-02 1.038209e+00 8.731732e-02
vertex 7.121467e-02 1.021567e+00 8.499558e-02
endloop
endfacet
facet normal 0 0 0
outer loop
vertex 7.111225e-02 1.021381e+00 8.587434e-02
vertex 4.718908e-02 1.014338e+00 6.638436e-02
vertex 7.109677e-02 1.020876e+00 8.605348e-02
endloop
endfacet
facet normal 0 0 0
outer loop
vertex 7.121467e-02 1.021567e+00 8.499558e-02
vertex 7.071820e-02 1.015133e+00 8.790145e-02
vertex 7.045622e-02 1.011375e+00 8.927546e-02
endloop
endfacet
facet normal 0 0 0
outer loop
vertex 7.111225e-02 1.021381e+00 8.587434e-02
vertex 7.121467e-02 1.021567e+00 8.499558e-02
vertex 4.718908e-02 1.014338e+00 6.638436e-02
endloop
endfacet
facet normal 0 0 0
outer loop
vertex -1.121749e-01 9.572797e-01 -6.674656e-02
vertex -1.131345e-01 9.337125e-01 -6.633649e-02
vertex -1.131742e-01 9.539859e-01 -5.794707e-02
endloop
endfacet
facet normal 0 0 0
outer loop
vertex -1.156596e-01 8.716934e-01 -6.525738e-02
vertex -1.184948e-01 8.993980e-01 -2.569268e-02
vertex -1.131345e-01 9.337125e-01 -6.633649e-02
endloop
endfacet
facet normal 0 0 0
outer loop
vertex -1.483346e-01 1.195053e+00 -3.136729e-02
vertex -1.603508e-01 1.209038e+00 -4.227642e-02
vertex -1.472066e-01 1.197575e+00 -4.335165e-02
endloop
endfacet
facet normal 0 0 0
outer loop
vertex -1.633362e-01 1.203591e+00 -1.497747e-02
vertex -1.616579e-01 1.206650e+00 -3.028014e-02
vertex -1.497888e-01 1.191818e+00 -1.608052e-02
endloop
endfacet
facet normal 0 0 0
outer loop
vertex 2.108321e-02 1.088879e+00 1.139588e-01
vertex 4.225967e-02 1.096419e+00 9.203425e-02
vertex 2.312731e-02 1.089291e+00 1.092257e-01
endloop
endfacet
facet normal 0 0 0
outer loop
vertex 4.225967e-02 1.096419e+00 9.203425e-02
vertex 3.067569e-02 1.099583e+00 8.876834e-02
vertex 2.312731e-02 1.089291e+00 1.092257e-01
endloop
endfacet
facet normal 0 0 0
outer loop
vertex 1.333857e-02 1.131698e+00 9.232184e-02
vertex 1.569542e-02 1.118809e+00 8.861712e-02
vertex 2.193561e-02 1.123083e+00 5.861988e-02
endloop
endfacet
facet normal 0 0 0
outer loop
vertex -2.511056e-02 1.117438e+00 1.760685e-01
vertex -3.626747e-03 1.121302e+00 1.862793e-01
vertex -2.497114e-02 1.115847e+00 1.856129e-01
endloop
endfacet
facet normal 0 0 0
outer loop
vertex -1.071458e-01 1.141749e+00 1.033448e-01
vertex -1.279749e-01 1.141675e+00 1.306555e-01
vertex -1.261425e-01 1.148085e+00 1.039095e-01
endloop
endfacet
facet normal 0 0 0
outer loop
vertex 3.623769e-02 1.182651e+00 2.012790e-01
vertex 1.438091e-02 1.189393e+00 2.018741e-01
vertex 2.155213e-02 1.172544e+00 2.002509e-01
endloop
endfacet
facet normal 0 0 0
outer loop
vertex -5.886521e-02 1.111167e+00 2.985240e-02
vertex -6.148188e-02 1.105527e+00 2.630147e-02
vertex -6.765052e-02 1.100235e+00 5.858976e-02
endloop
endfacet
facet normal 0 0 0
outer loop
vertex -7.005499e-02 1.115499e+00 6.485505e-02
vertex -6.375945e-02 1.121505e+00 3.603258e-02
vertex -6.471084e-02 1.113430e+00 4.813809e-02
endloop
endfacet
facet normal 0 0 0
outer loop
vertex -6.468558e-02 1.106577e+00 5.981831e-02
vertex -6.471084e-02 1.113430e+00 4.813809e-02
vertex -5.886521e-02 1.111167e+00 2.985240e-02
endloop
endfacet
facet normal 0 0 0
outer loop
vertex -5.886521e-02 1.111167e+00 2.985240e-02
vertex -6.765052e-02 1.100235e+00 5.858976e-02
vertex -6.468558e-02 1.106577e+00 5.981831e-02
endloop
endfacet
facet normal 0 0 0
outer loop
vertex -6.944742e-02 1.102804e+00 1.863444e-02
vertex -9.859627e-02 1.091032e+00 6.009222e-02
vertex -7.672982e-02 1.095964e+00 5.750096e-02
endloop
endfacet
facet normal 0 0 0
outer loop
vertex -6.765052e-02 1.100235e+00 5.858976e-02
vertex -6.148188e-02 1.105527e+00 2.630147e-02
vertex -7.672982e-02 1.095964e+00 5.750096e-02
endloop
endfacet
facet normal 0 0 0
outer loop
vertex -8.001440e-02 1.101993e+00 7.280326e-03
vertex -9.859627e-02 1.091032e+00 6.009222e-02
vertex -6.944742e-02 1.102804e+00 1.863444e-02
endloop
endfacet
facet normal 0 0 0
outer loop
vertex -6.944742e-02 1.102804e+00 1.863444e-02
vertex -7.672982e-02 1.095964e+00 5.750096e-02
vertex -6.148188e-02 1.105527e+00 2.630147e-02
endloop
endfacet
facet normal 0 0 0
outer loop
vertex -1.077224e-01 9.801461e-01 -6.555123e-02
vertex -9.671655e-02 9.870522e-01 -1.452949e-02
vertex -1.132460e-01 9.676183e-01 -6.215719e-02
endloop
endfacet
facet normal 0 0 0
outer loop
vertex -1.213301e-01 9.271027e-01 1.387203e-02
vertex -1.185543e-01 9.669400e-01 9.827344e-03
vertex -1.140814e-01 9.601667e-01 -4.386269e-02
endloop
endfacet
facet normal 0 0 0
outer loop
vertex -1.077224e-01 9.801461e-01 -6.555123e-02
vertex -1.011502e-01 9.938396e-01 -6.588171e-02
vertex -8.739565e-02 1.014818e+00 -4.185672e-02
endloop
endfacet
facet normal 0 0 0
outer loop
vertex 9.499341e-02 1.275030e+00 2.107579e-01
vertex 9.361800e-02 1.296647e+00 2.128961e-01
vertex 7.594024e-02 1.292415e+00 2.123941e-01
endloop
endfacet
facet normal 0 0 0
outer loop
vertex 1.316689e-01 6.671582e-01 4.078039e-01
vertex 1.429441e-01 6.787975e-01 4.164307e-01
vertex 1.295043e-01 7.104402e-01 3.666546e-01
endloop
endfacet
facet normal 0 0 0
outer loop
vertex 7.203119e-02 9.657722e-01 1.747676e-02
vertex 7.145721e-02 9.740610e-01 6.898447e-02
vertex 7.228266e-02 9.618425e-01 2.554743e-02
endloop
endfacet
facet normal 0 0 0
outer loop
vertex 1.623942e-02 3.685904e-01 -4.373747e-02
vertex 5.333632e-03 3.645650e-01 -9.503106e-02
vertex 1.775705e-02 3.382848e-01 -6.625780e-02
endloop
endfacet
facet normal 0 0 0
outer loop
vertex -2.324674e-01 1.302975e+00 1.937383e-01
vertex -2.282479e-01 1.324217e+00 1.958503e-01
vertex -2.264704e-01 1.324912e+00 1.836870e-01
endloop
endfacet
facet normal 0 0 0
outer loop
vertex -2.264704e-01 1.324912e+00 1.836870e-01
vertex -2.306380e-01 1.303897e+00 1.815980e-01
vertex -2.324674e-01 1.302975e+00 1.937383e-01
endloop
endfacet
facet normal 0 0 0
outer loop
vertex -1.191462e-01 9.869782e-01 5.822942e-03
vertex -1.187440e-01 9.760806e-01 1.559951e-02
vertex -1.191000e-01 9.875420e-01 1.164844e-02
endloop
endfacet
facet normal 0 0 0
outer loop
vertex -1.187440e-01 9.760806e-01 1.559951e-02
vertex -1.207796e-01 9.845529e-01 8.612270e-03
vertex -1.191000e-01 9.875420e-01 1.164844e-02
endloop
endfacet
facet normal 0 0 0
outer loop
vertex -1.191000e-01 9.875420e-01 1.164844e-02
vertex -1.187291e-01 9.757102e-01 1.604693e-02
vertex -1.189413e-01 9.894814e-01 3.168505e-02
endloop
endfacet
facet normal 0 0 0
outer loop
vertex -1.187440e-01 9.760806e-01 1.559951e-02
vertex -1.187291e-01 9.757102e-01 1.604693e-02
vertex -1.191000e-01 9.875420e-01 1.164844e-02
endloop
endfacet
facet normal 0 0 0
outer loop
vertex -1.191000e-01 9.875420e-01 1.164844e-02
vertex -1.207796e-01 9.845529e-01 8.612270e-03
vertex -1.236800e-01 9.966238e-01 -1.342708e-03
endloop
endfacet
facet normal 0 0 0
outer loop
vertex -1.191462e-01 9.869782e-01 5.822942e-03
vertex -1.077616e-01 9.919670e-01 3.645238e-02
vertex -1.236800e-01 9.966238e-01 -1.342708e-03
endloop
endfacet
facet normal 0 0 0
outer loop
vertex -1.077616e-01 9.919670e-01 3.645238e-02
vertex -1.191000e-01 9.875420e-01 1.164844e-02
vertex -1.236800e-01 9.966238e-01 -1.342708e-03
endloop
endfacet
facet normal 0 0 0
outer loop
vertex -1.191000e-01 9.875420e-01 1.164844e-02
vertex -1.077616e-01 9.919670e-01 3.645238e-02
vertex -1.191462e-01 9.869782e-01 5.822942e-03
endloop
endfacet
facet normal 0 0 0
outer loop
vertex -1.464201e-01 9.361695e-01 -3.207979e-02
vertex -1.181202e-01 9.714278e-01 -2.633134e-04
vertex -1.187448e-01 9.733877e-01 8.538845e-03
endloop
endfacet
facet normal 0 0 0
outer loop
vertex -1.187448e-01 9.733877e-01 8.538845e-03
vertex -1.181202e-01 9.714278e-01 -2.633134e-04
vertex -1.185543e-01 9.669400e-01 9.827344e-03
endloop
endfacet
facet normal 0 0 0
outer loop
vertex -5.702827e-02 1.413183e+00 2.236252e-01
vertex -6.039187e-02 1.427408e+00 2.250101e-01
vertex -8.074747e-02 1.408259e+00 2.230197e-01
endloop
endfacet
facet normal 0 0 0
outer loop
vertex -9.671655e-02 9.870522e-01 -1.452949e-02
vertex -1.181202e-01 9.714278e-01 -2.633134e-04
vertex -1.162381e-01 9.670675e-01 -2.142254e-02
endloop
endfacet
facet normal 0 0 0
outer loop
vertex -9.671655e-02 9.870522e-01 -1.452949e-02
vertex -1.162381e-01 9.670675e-01 -2.142254e-02
vertex -1.139809e-01 9.610620e-01 -4.606270e-02
endloop
endfacet
facet normal 0 0 0
outer loop
vertex -1.186356e-01 9.756296e-01 1.597147e-02
vertex -1.187440e-01 9.760806e-01 1.559951e-02
vertex -1.077616e-01 9.919670e-01 3.645238e-02
endloop
endfacet
facet normal 0 0 0
outer loop
vertex -1.187440e-01 9.760806e-01 1.559951e-02
vertex -1.186356e-01 9.756296e-01 1.597147e-02
vertex -1.191056e-01 9.856055e-01 6.097269e-03
endloop
endfacet
facet normal 0 0 0
outer loop
vertex -2.282479e-01 1.324217e+00 1.958503e-01
vertex -2.324674e-01 1.302975e+00 1.937383e-01
vertex -2.330940e-01 1.302117e+00 2.033588e-01
endloop
endfacet
facet normal 0 0 0
outer loop
vertex 1.633804e-02 1.564527e-01 -4.327337e-01
vertex 2.644109e-02 1.146360e-01 -4.424361e-01
vertex 2.398710e-02 1.130730e-01 -4.337728e-01
endloop
endfacet
facet normal 0 0 0
outer loop
vertex -4.236206e-02 1.123458e+00 1.806302e-02
vertex -2.286281e-02 1.139810e+00 1.909503e-02
vertex -2.089242e-02 1.124701e+00 1.599266e-02
endloop
endfacet
facet normal 0 0 0
outer loop
vertex -4.723360e-02 1.151951e+00 1.789764e-02
vertex -4.744970e-02 1.160059e+00 1.249484e-03
vertex -2.920440e-02 1.162889e+00 1.626769e-03
endloop
endfacet
facet normal 0 0 0
outer loop
vertex -4.723360e-02 1.151951e+00 1.789764e-02
vertex -6.637570e-02 1.159602e+00 1.806159e-03
vertex -4.744970e-02 1.160059e+00 1.249484e-03
endloop
endfacet
facet normal 0 0 0
outer loop
vertex -4.318006e-02 1.138003e+00 2.020802e-02
vertex -2.286281e-02 1.139810e+00 1.909503e-02
vertex -4.236206e-02 1.123458e+00 1.806302e-02
endloop
endfacet
facet normal 0 0 0
outer loop
vertex 7.005877e-02 9.466947e-01 6.653081e-02
vertex 6.077245e-02 9.680755e-01 4.924811e-02
vertex 7.203010e-02 9.511892e-01 5.061777e-02
endloop
endfacet
facet normal 0 0 0
outer loop
vertex 8.149207e-02 9.203706e-01 8.780923e-02
vertex 7.203010e-02 9.511892e-01 5.061777e-02
vertex 7.306352e-02 9.496391e-01 5.074350e-02
endloop
endfacet
facet normal 0 0 0
outer loop
vertex 6.463581e-02 9.890253e-01 9.328856e-02
vertex 6.483734e-02 9.895694e-01 9.313838e-02
vertex 5.615519e-02 9.942499e-01 8.239194e-02
endloop
endfacet
facet normal 0 0 0
outer loop
vertex 7.452340e-02 9.276409e-01 1.387571e-02
vertex 7.190681e-02 9.677506e-01 9.892168e-03
vertex 7.228266e-02 9.618425e-01 2.554743e-02
endloop
endfacet
facet normal 0 0 0
outer loop
vertex 6.892230e-02 9.540645e-01 8.136629e-02
vertex 6.342968e-02 9.770965e-01 9.949637e-02
vertex 6.769674e-02 9.586795e-01 8.548035e-02
endloop
endfacet
facet normal 0 0 0
outer loop
vertex 9.708628e-02 1.259042e+00 1.631915e-01
vertex 9.839070e-02 1.280724e+00 1.653417e-01
vertex 9.962153e-02 1.257079e+00 1.786177e-01
endloop
endfacet
facet normal 0 0 0
outer loop
vertex 6.342968e-02 9.770965e-01 9.949637e-02
vertex 5.877368e-02 1.001885e+00 1.141748e-01
vertex 6.608324e-02 9.316687e-01 9.523372e-02
endloop
endfacet
facet normal 0 0 0
outer loop
vertex 6.463581e-02 9.890253e-01 9.328856e-02
vertex 6.342968e-02 9.770965e-01 9.949637e-02
vertex 7.604323e-02 9.473535e-01 1.291544e-01
endloop
endfacet
facet normal 0 0 0
outer loop
vertex 6.342968e-02 9.770965e-01 9.949637e-02
vertex 6.463581e-02 9.890253e-01 9.328856e-02
vertex 5.877368e-02 1.001885e+00 1.141748e-01
endloop
endfacet
facet normal 0 0 0
outer loop
vertex 6.892230e-02 9.540645e-01 8.136629e-02
vertex 7.005877e-02 9.466947e-01 6.653081e-02
vertex 7.145721e-02 9.740610e-01 6.898447e-02
endloop
endfacet
facet normal 0 0 0
outer loop
vertex 6.463581e-02 9.890253e-01 9.328856e-02
vertex 6.342968e-02 9.770965e-01 9.949637e-02
vertex 7.145721e-02 9.740610e-01 6.898447e-02
endloop
endfacet
facet normal 0 0 0
outer loop
vertex -1.450331e-01 1.406622e+00 -3.871307e-02
vertex -1.463779e-01 1.408176e+00 -3.223472e-02
vertex -1.308161e-01 1.416073e+00 -3.770653e-02
endloop
endfacet
facet normal 0 0 0
outer loop
vertex 1.610491e-02 1.131094e+00 1.937471e-01
vertex 1.678259e-02 1.129614e+00 1.872521e-01
vertex 3.583513e-02 1.141126e+00 1.885589e-01
endloop
endfacet
facet normal 0 0 0
outer loop
vertex -2.238972e-01 1.325723e+00 1.681636e-01
vertex -2.306380e-01 1.303897e+00 1.815980e-01
vertex -2.264704e-01 1.324912e+00 1.836870e-01
endloop
endfacet
facet normal 0 0 0
outer loop
vertex -2.238972e-01 1.325723e+00 1.681636e-01
vertex -2.279942e-01 1.305041e+00 1.661085e-01
vertex -2.306380e-01 1.303897e+00 1.815980e-01
endloop
endfacet
facet normal 0 0 0
outer loop
vertex -1.125586e-01 1.041763e+00 -5.038082e-02
vertex -1.087415e-01 1.036040e+00 -5.586645e-02
vertex -1.162748e-01 1.038574e+00 -5.130560e-02
endloop
endfacet
facet normal 0 0 0
outer loop
vertex 4.972560e-02 1.382458e+00 5.104735e-02
vertex 4.103798e-02 1.396900e+00 9.083406e-02
vertex 5.414671e-02 1.382020e+00 8.943605e-02
endloop
endfacet
facet normal 0 0 0
outer loop
vertex -1.022117e-01 7.234645e-01 -7.212213e-02
vertex -1.198314e-01 7.183608e-01 -4.226155e-03
vertex -1.060520e-01 7.600973e-01 -3.509010e-02
endloop
endfacet
facet normal 0 0 0
outer loop
vertex -1.198314e-01 7.183608e-01 -4.226155e-03
vertex -1.022117e-01 7.234645e-01 -7.212213e-02
vertex -1.190244e-01 6.891090e-01 -3.686262e-02
endloop
endfacet
facet normal 0 0 0
outer loop
vertex -1.163366e-01 1.040125e+00 -5.240584e-02
vertex -1.569452e-01 1.022394e+00 -7.429916e-02
vertex -1.241653e-01 1.066833e+00 -2.595825e-02
endloop
endfacet
facet normal 0 0 0
outer loop
vertex -1.578445e-01 1.395463e+00 -3.988208e-02
vertex -1.709030e-01 1.383841e+00 -3.476729e-02
vertex -1.594464e-01 1.396814e+00 -3.342502e-02
endloop
endfacet
facet normal 0 0 0
outer loop
vertex -1.134725e-01 1.049978e+00 -4.210391e-02
vertex -1.013647e-01 1.046616e+00 -4.438097e-02
vertex -1.125586e-01 1.041763e+00 -5.038082e-02
endloop
endfacet
facet normal 0 0 0
outer loop
vertex -1.087415e-01 1.036040e+00 -5.586645e-02
vertex -1.092905e-01 1.033823e+00 -5.725182e-02
vertex -1.162748e-01 1.038574e+00 -5.130560e-02
endloop
endfacet
facet normal 0 0 0
outer loop
vertex 1.610491e-02 1.131094e+00 1.937471e-01
vertex 3.583513e-02 1.141126e+00 1.885589e-01
vertex 3.494651e-02 1.142560e+00 1.950431e-01
endloop
endfacet
facet normal 0 0 0
outer loop
vertex -2.288586e-01 1.323445e+00 2.054798e-01
vertex -2.310133e-01 1.301593e+00 2.096506e-01
vertex -2.268042e-01 1.322658e+00 2.117457e-01
endloop
endfacet
facet normal 0 0 0
outer loop
vertex -2.310133e-01 1.301593e+00 2.096506e-01
vertex -2.288586e-01 1.323445e+00 2.054798e-01
vertex -2.330940e-01 1.302117e+00 2.033588e-01
endloop
endfacet
facet normal 0 0 0
outer loop
vertex -1.241653e-01 1.066833e+00 -2.595825e-02
vertex -1.165119e-01 1.050901e+00 -3.767554e-02
vertex -1.130927e-01 1.057015e+00 -3.490488e-02
endloop
endfacet
facet normal 0 0 0
outer loop
vertex -1.165119e-01 1.050901e+00 -3.767554e-02
vertex -1.096096e-01 1.071768e+00 -2.284133e-02
vertex -1.130927e-01 1.057015e+00 -3.490488e-02
endloop
endfacet
facet normal 0 0 0
outer loop
vertex -1.165119e-01 1.050901e+00 -3.767554e-02
vertex -1.130927e-01 1.057015e+00 -3.490488e-02
vertex -1.183717e-01 1.045278e+00 -4.167269e-02
endloop
endfacet
facet normal 0 0 0
outer loop
vertex -2.330940e-01 1.302117e+00 2.033588e-01
vertex -2.288586e-01 1.323445e+00 2.054798e-01
vertex -2.282479e-01 1.324217e+00 1.958503e-01
endloop
endfacet
facet normal 0 0 0
outer loop
vertex -1.165119e-01 1.050901e+00 -3.767554e-02
vertex -1.172141e-01 1.049264e+00 -3.847513e-02
vertex -1.130927e-01 1.057015e+00 -3.490488e-02
endloop
endfacet
facet normal 0 0 0
outer loop
vertex -1.096081e-01 1.083925e+00 -8.976013e-03
vertex -1.061714e-01 1.087286e+00 -7.974015e-03
vertex -1.131858e-01 1.063134e+00 -2.734843e-02
endloop
endfacet
facet normal 0 0 0
outer loop
vertex 1.009000e-01 1.156553e-01 -4.215072e-01
vertex 9.588041e-02 1.594824e-01 -4.191690e-01
vertex 1.008068e-01 1.153145e-01 -4.049400e-01
endloop
endfacet
facet normal 0 0 0
outer loop
vertex -1.038111e-01 1.089298e+00 -1.037943e-02
vertex -1.051683e-01 1.077538e+00 -2.367476e-02
vertex -1.106863e-01 1.061318e+00 -3.295493e-02
endloop
endfacet
facet normal 0 0 0
outer loop
vertex -6.725954e-02 4.109262e-01 1.682567e-01
vertex -6.340155e-02 4.780678e-01 1.272531e-01
vertex -9.844083e-02 4.836134e-01 1.436572e-01
endloop
endfacet
facet normal 0 0 0
outer loop
vertex 1.009647e-01 1.279109e+00 1.808049e-01
vertex 1.027530e-01 1.277833e+00 1.929230e-01
vertex 1.013762e-01 1.255573e+00 1.907110e-01
endloop
endfacet
facet normal 0 0 0
outer loop
vertex 1.027530e-01 1.277833e+00 1.929230e-01
vertex 1.012899e-01 1.299963e+00 1.951111e-01
vertex 1.018596e-01 1.299058e+00 2.047305e-01
endloop
endfacet
facet normal 0 0 0
outer loop
vertex -1.130927e-01 1.057015e+00 -3.490488e-02
vertex -1.134725e-01 1.049978e+00 -4.210391e-02
vertex -1.183717e-01 1.045278e+00 -4.167269e-02
endloop
endfacet
facet normal 0 0 0
outer loop
vertex 4.763268e-02 2.822647e-01 -3.164485e-01
vertex 4.788337e-02 3.111716e-01 -2.500581e-01
vertex 7.781185e-02 2.753178e-01 -3.126988e-01
endloop
endfacet
facet normal 0 0 0
outer loop
vertex 1.581228e-02 1.423353e+00 1.789910e-01
vertex 1.712368e-02 1.424060e+00 1.946853e-01
vertex 3.530313e-02 1.411912e+00 1.935836e-01
endloop
endfacet
facet normal 0 0 0
outer loop
vertex -2.826016e-03 1.126616e+00 1.042096e-01
vertex -2.582126e-02 1.131326e+00 1.123004e-01
vertex -2.441971e-02 1.123276e+00 1.057644e-01
endloop
endfacet
facet normal 0 0 0
outer loop
vertex -2.826016e-03 1.126616e+00 1.042096e-01
vertex -4.987455e-03 1.135074e+00 1.121681e-01
vertex -2.582126e-02 1.131326e+00 1.123004e-01
endloop
endfacet
facet normal 0 0 0
outer loop
vertex -4.987455e-03 1.135074e+00 1.121681e-01
vertex -2.668158e-02 1.129700e+00 1.297001e-01
vertex -2.582126e-02 1.131326e+00 1.123004e-01
endloop
endfacet
facet normal 0 0 0
outer loop
vertex -4.987455e-03 1.135074e+00 1.121681e-01
vertex -5.149978e-03 1.134628e+00 1.290284e-01
vertex -2.668158e-02 1.129700e+00 1.297001e-01
endloop
endfacet
facet normal 0 0 0
outer loop
vertex -1.180086e-03 1.115029e+00 1.016154e-01
vertex -2.826016e-03 1.126616e+00 1.042096e-01
vertex -2.441971e-02 1.123276e+00 1.057644e-01
endloop
endfacet
facet normal 0 0 0
outer loop
vertex 9.515625e-02 1.322539e+00 1.850717e-01
vertex 1.012899e-01 1.299963e+00 1.951111e-01
vertex 9.951057e-02 1.300992e+00 1.829675e-01
endloop
endfacet
facet normal 0 0 0
outer loop
vertex 8.870512e-03 2.476759e-01 -2.976792e-01
vertex 1.934182e-02 2.264241e-01 -2.799270e-01
vertex 7.739073e-03 2.767131e-01 -2.240309e-01
endloop
endfacet
facet normal 0 0 0
outer loop
vertex -2.306292e-01 7.463727e-01 -2.150162e-01
vertex -2.202591e-01 7.650139e-01 -2.031243e-01
vertex -2.456806e-01 7.428862e-01 -1.958584e-01
endloop
endfacet
facet normal 0 0 0
outer loop
vertex -2.168308e-01 1.248603e+00 1.133247e-01
vertex -2.113240e-01 1.253616e+00 7.543302e-02
vertex -2.102110e-01 1.229626e+00 1.114894e-01
endloop
endfacet
facet normal 0 0 0
outer loop
vertex -2.102110e-01 1.229626e+00 1.114894e-01
vertex -2.113240e-01 1.253616e+00 7.543302e-02
vertex -2.049599e-01 1.235262e+00 7.365428e-02
endloop
endfacet
facet normal 0 0 0
outer loop
vertex -1.578445e-01 1.395463e+00 -3.988208e-02
vertex -1.594464e-01 1.396814e+00 -3.342502e-02
vertex -1.450331e-01 1.406622e+00 -3.871307e-02
endloop
endfacet
facet normal 0 0 0
outer loop
vertex 4.972560e-02 1.382458e+00 5.104735e-02
vertex 3.712085e-02 1.396764e+00 5.239277e-02
vertex 4.103798e-02 1.396900e+00 9.083406e-02
endloop
endfacet
facet normal 0 0 0
outer loop
vertex -2.202591e-01 7.650139e-01 -2.031243e-01
vertex -2.362980e-01 7.607383e-01 -1.845687e-01
vertex -2.456806e-01 7.428862e-01 -1.958584e-01
endloop
endfacet
facet normal 0 0 0
outer loop
vertex -1.022117e-01 7.234645e-01 -7.212213e-02
vertex -1.125636e-01 6.833191e-01 -7.640357e-02
vertex -1.190244e-01 6.891090e-01 -3.686262e-02
endloop
endfacet
facet normal 0 0 0
outer loop
vertex 1.623942e-02 3.685904e-01 -4.373747e-02
vertex 3.630293e-03 3.972062e-01 -7.749893e-02
vertex 5.333632e-03 3.645650e-01 -9.503106e-02
endloop
endfacet
facet normal 0 0 0
outer loop
vertex -1.013647e-01 1.046616e+00 -4.438097e-02
vertex -1.134725e-01 1.049978e+00 -4.210391e-02
vertex -1.130927e-01 1.057015e+00 -3.490488e-02
endloop
endfacet
facet normal 0 0 0
outer loop
vertex -6.563775e-02 1.172247e+00 -5.511718e-02
vertex -8.317596e-02 1.171270e+00 -4.558638e-02
vertex -8.294514e-02 1.173546e+00 -5.507174e-02
endloop
endfacet
facet normal 0 0 0
outer loop
vertex 7.000417e-02 5.996480e-02 -4.147211e-01
vertex 6.794342e-02 7.340880e-02 -4.036613e-01
vertex 3.996344e-02 7.266487e-02 -4.128180e-01
endloop
endfacet
facet normal 0 0 0
outer loop
vertex 1.241626e-02 2.025129e-01 -4.169742e-01
vertex 1.357185e-02 2.402481e-01 -3.919029e-01
vertex 1.716530e-02 2.494701e-01 -4.153187e-01
endloop
endfacet
facet normal 0 0 0
outer loop
vertex 6.518882e-02 1.365573e+00 8.786885e-02
vertex 7.921438e-02 1.346016e+00 1.244252e-01
vertex 6.882241e-02 1.349576e+00 4.789935e-02
endloop
endfacet
facet normal 0 0 0
outer loop
vertex 8.748872e-02 8.468043e-02 -4.034476e-01
vertex 9.112756e-02 1.148115e-01 -3.912687e-01
vertex 6.794342e-02 7.340880e-02 -4.036613e-01
endloop
endfacet
facet normal 0 0 0
outer loop
vertex 6.342968e-02 9.770965e-01 9.949637e-02
vertex 6.463581e-02 9.890253e-01 9.328856e-02
vertex 5.615519e-02 9.942499e-01 8.239194e-02
endloop
endfacet
facet normal 0 0 0
outer loop
vertex 5.615519e-02 9.942499e-01 8.239194e-02
vertex 6.077245e-02 9.680755e-01 4.924811e-02
vertex 6.769674e-02 9.586795e-01 8.548035e-02
endloop
endfacet
facet normal 0 0 0
outer loop
vertex 6.608324e-02 9.316687e-01 9.523372e-02
vertex 6.769674e-02 9.586795e-01 8.548035e-02
vertex 6.342968e-02 9.770965e-01 9.949637e-02
endloop
endfacet
facet normal 0 0 0
outer loop
vertex 6.342968e-02 9.770965e-01 9.949637e-02
vertex 6.769674e-02 9.586795e-01 8.548035e-02
vertex 7.604323e-02 9.473535e-01 1.291544e-01
endloop
endfacet
facet normal 0 0 0
outer loop
vertex 5.615519e-02 9.942499e-01 8.239194e-02
vertex 6.483734e-02 9.895694e-01 9.313838e-02
vertex 7.028601e-02 1.007363e+00 9.085256e-02
endloop
endfacet
facet normal 0 0 0
outer loop
vertex 7.452340e-02 9.276409e-01 1.387571e-02
vertex 7.005877e-02 9.466947e-01 6.653081e-02
vertex 6.608324e-02 9.316687e-01 9.523372e-02
endloop
endfacet
facet normal 0 0 0
outer loop
vertex 8.149207e-02 9.203706e-01 8.780923e-02
vertex 7.005877e-02 9.466947e-01 6.653081e-02
vertex 7.203010e-02 9.511892e-01 5.061777e-02
endloop
endfacet
facet normal 0 0 0
outer loop
vertex 7.005877e-02 9.466947e-01 6.653081e-02
vertex 7.452340e-02 9.276409e-01 1.387571e-02
vertex 7.203010e-02 9.511892e-01 5.061777e-02
endloop
endfacet
facet normal 0 0 0
outer loop
vertex 1.378741e-01 6.329634e-01 4.339143e-01
vertex 1.416195e-01 6.090899e-01 4.327548e-01
vertex 1.445170e-01 6.283174e-01 4.493730e-01
endloop
endfacet
facet normal 0 0 0
outer loop
vertex 7.145721e-02 9.740610e-01 6.898447e-02
vertex 7.005877e-02 9.466947e-01 6.653081e-02
vertex 7.203010e-02 9.511892e-01 5.061777e-02
endloop
endfacet
facet normal 0 0 0
outer loop
vertex -1.198314e-01 7.183608e-01 -4.226155e-03
vertex -1.099111e-01 7.126966e-01 6.666479e-02
vertex -1.221770e-01 7.520546e-01 3.508803e-02
endloop
endfacet
facet normal 0 0 0
outer loop
vertex -1.099111e-01 7.126966e-01 6.666479e-02
vertex -1.215631e-01 7.887421e-01 7.388348e-02
vertex -1.221770e-01 7.520546e-01 3.508803e-02
endloop
endfacet
facet normal 0 0 0
outer loop
vertex -6.572910e-02 1.167177e+00 -3.365204e-02
vertex -4.775655e-02 1.164365e+00 -1.821990e-02
vertex -6.581500e-02 1.163547e+00 -1.838676e-02
endloop
endfacet
facet normal 0 0 0
outer loop
vertex -1.159571e-01 9.937883e-01 -5.054007e-02
vertex -1.132460e-01 9.676183e-01 -6.215719e-02
vertex -1.139809e-01 9.610620e-01 -4.606270e-02
endloop
endfacet
facet normal 0 0 0
outer loop
vertex -1.076142e-01 1.003083e+00 -6.318479e-02
vertex -1.104703e-01 9.743999e-01 -6.541526e-02
vertex -1.159571e-01 9.937883e-01 -5.054007e-02
endloop
endfacet
facet normal 0 0 0
outer loop
vertex -1.104703e-01 9.743999e-01 -6.541526e-02
vertex -1.132460e-01 9.676183e-01 -6.215719e-02
vertex -1.159571e-01 9.937883e-01 -5.054007e-02
endloop
endfacet
facet normal 0 0 0
outer loop
vertex -2.754748e-01 6.858104e-01 -2.395989e-01
vertex -3.023383e-01 6.543381e-01 -2.845715e-01
vertex -2.845885e-01 6.516474e-01 -2.890795e-01
endloop
endfacet
facet normal 0 0 0
outer loop
vertex -1.131742e-01 9.539859e-01 -5.794707e-02
vertex -1.213301e-01 9.271027e-01 1.387203e-02
vertex -1.140814e-01 9.601667e-01 -4.386269e-02
endloop
endfacet
facet normal 0 0 0
outer loop
vertex -1.187448e-01 9.733877e-01 8.538845e-03
vertex -9.671655e-02 9.870522e-01 -1.452949e-02
vertex -1.186356e-01 9.756296e-01 1.597147e-02
endloop
endfacet
facet normal 0 0 0
outer loop
vertex -1.500710e-01 1.138378e+00 1.938385e-01
vertex -1.677202e-01 1.150130e+00 1.949474e-01
vertex -1.511094e-01 1.137377e+00 1.874005e-01
endloop
endfacet
facet normal 0 0 0
outer loop
vertex -1.511094e-01 1.137377e+00 1.874005e-01
vertex -1.677202e-01 1.150130e+00 1.949474e-01
vertex -1.691261e-01 1.149393e+00 1.885358e-01
endloop
endfacet
facet normal 0 0 0
outer loop
vertex -1.309990e-01 6.145477e-01 6.964680e-02
vertex -1.259178e-01 6.215855e-01 7.398976e-02
vertex -1.289844e-01 6.210030e-01 5.898989e-02
endloop
endfacet
facet normal 0 0 0
outer loop
vertex -1.259178e-01 6.215855e-01 7.398976e-02
vertex -1.278280e-01 6.279727e-01 5.943303e-02
vertex -1.289844e-01 6.210030e-01 5.898989e-02
endloop
endfacet
facet normal 0 0 0
outer loop
vertex 1.950256e-02 2.137030e-01 -3.130617e-01
vertex 9.200052e-03 2.370227e-01 -3.286335e-01
vertex 1.961057e-02 2.091186e-01 -3.255240e-01
endloop
endfacet
facet normal 0 0 0
outer loop
vertex 8.870512e-03 2.476759e-01 -2.976792e-01
vertex 9.200052e-03 2.370227e-01 -3.286335e-01
vertex 1.950256e-02 2.137030e-01 -3.130617e-01
endloop
endfacet
facet normal 0 0 0
outer loop
vertex 3.712085e-02 1.396764e+00 5.239277e-02
vertex 2.237053e-02 1.409407e+00 5.351830e-02
vertex 2.612569e-02 1.409935e+00 9.204363e-02
endloop
endfacet
facet normal 0 0 0
outer loop
vertex 9.446979e-02 5.808071e-01 1.038835e-03
vertex 8.269122e-02 5.513706e-01 6.113061e-02
vertex 9.415278e-02 5.705484e-01 -2.619398e-03
endloop
endfacet
facet normal 0 0 0
outer loop
vertex -2.054358e-01 1.280186e+00 1.224237e-02
vertex -2.095198e-01 1.277037e+00 3.934246e-02
vertex -2.066705e-01 1.298395e+00 1.403371e-02
endloop
endfacet
facet normal 0 0 0
outer loop
vertex -1.197256e-01 1.170014e+00 1.842835e-03
vertex -1.185610e-01 1.174262e+00 -1.758750e-02
vertex -1.023386e-01 1.164106e+00 1.341410e-03
endloop
endfacet
facet normal 0 0 0
outer loop
vertex -1.362163e-01 1.177990e+00 2.543806e-03
vertex -1.348260e-01 1.181846e+00 -1.700176e-02
vertex -1.185610e-01 1.174262e+00 -1.758750e-02
endloop
endfacet
facet normal 0 0 0
outer loop
vertex -1.185610e-01 1.174262e+00 -1.758750e-02
vertex -1.197256e-01 1.170014e+00 1.842835e-03
vertex -1.362163e-01 1.177990e+00 2.543806e-03
endloop
endfacet
facet normal 0 0 0
outer loop
vertex -1.362163e-01 1.177990e+00 2.543806e-03
vertex -1.197256e-01 1.170014e+00 1.842835e-03
vertex -1.213941e-01 1.163971e+00 2.868070e-02
endloop
endfacet
facet normal 0 0 0
outer loop
vertex 5.111623e-02 2.924927e-01 -1.219918e-01
vertex 8.300202e-02 3.035296e-01 -1.323463e-01
vertex 8.367412e-02 3.214857e-01 -9.903554e-02
endloop
endfacet
facet normal 0 0 0
outer loop
vertex -1.279749e-01 1.141675e+00 1.306555e-01
vertex -1.085489e-01 1.135073e+00 1.300506e-01
vertex -1.293550e-01 1.136969e+00 1.499840e-01
endloop
endfacet
facet normal 0 0 0
outer loop
vertex 4.103798e-02 1.396900e+00 9.083406e-02
vertex 3.712085e-02 1.396764e+00 5.239277e-02
vertex 2.612569e-02 1.409935e+00 9.204363e-02
endloop
endfacet
facet normal 0 0 0
outer loop
vertex 9.018379e-02 1.264993e+00 1.164823e-01
vertex 8.570401e-02 1.289817e+00 8.049243e-02
vertex 9.140815e-02 1.285690e+00 1.185309e-01
endloop
endfacet
facet normal 0 0 0
outer loop
vertex -6.435856e-02 4.438227e-01 1.556522e-02
vertex -8.294579e-02 4.094611e-01 4.154173e-02
vertex -9.963030e-02 4.390201e-01 2.048048e-03
endloop
endfacet
facet normal 0 0 0
outer loop
vertex 9.538186e-02 1.282825e+00 1.456984e-01
vertex 9.140815e-02 1.285690e+00 1.185309e-01
vertex 9.395481e-02 1.303954e+00 1.477834e-01
endloop
endfacet
facet normal 0 0 0
outer loop
vertex -9.529296e-02 1.079263e+00 1.048763e-01
vertex -5.676102e-02 1.081042e+00 1.208858e-01
vertex -8.133142e-02 1.086661e+00 1.001722e-01
endloop
endfacet
facet normal 0 0 0
outer loop
vertex -9.529296e-02 1.079263e+00 1.048763e-01
vertex -6.019232e-02 1.078495e+00 1.213756e-01
vertex -5.676102e-02 1.081042e+00 1.208858e-01
endloop
endfacet
facet normal 0 0 0
outer loop
vertex -8.917162e-02 1.125603e+00 1.489351e-01
vertex -8.968576e-02 1.130903e+00 1.298031e-01
vertex -6.983335e-02 1.128587e+00 1.298338e-01
endloop
endfacet
facet normal 0 0 0
outer loop
vertex -6.832007e-02 1.123124e+00 1.487174e-01
vertex -8.917162e-02 1.125603e+00 1.489351e-01
vertex -6.983335e-02 1.128587e+00 1.298338e-01
endloop
endfacet
facet normal 0 0 0
outer loop
vertex 7.620068e-02 1.046642e+00 -3.981309e-02
vertex 7.176664e-02 1.047228e+00 -4.135279e-02
vertex 7.706974e-02 1.046407e+00 -3.830229e-02
endloop
endfacet
facet normal 0 0 0
outer loop
vertex 8.733035e-02 1.054890e+00 -2.065451e-02
vertex 7.706974e-02 1.046407e+00 -3.830229e-02
vertex 7.620068e-02 1.046642e+00 -3.981309e-02
endloop
endfacet
facet normal 0 0 0
outer loop
vertex 7.620068e-02 1.046642e+00 -3.981309e-02
vertex 7.706974e-02 1.046407e+00 -3.830229e-02
vertex 7.873816e-02 1.046306e+00 -3.893197e-02
endloop
endfacet
facet normal 0 0 0
outer loop
vertex -9.844083e-02 4.836134e-01 1.436572e-01
vertex -1.010350e-01 4.151492e-01 1.802009e-01
vertex -6.725954e-02 4.109262e-01 1.682567e-01
endloop
endfacet
facet normal 0 0 0
outer loop
vertex 2.108321e-02 1.088879e+00 1.139588e-01
vertex 9.609640e-03 1.084255e+00 1.213721e-01
vertex 1.226183e-02 1.087179e+00 1.156228e-01
endloop
endfacet
facet normal 0 0 0
outer loop
vertex 9.609640e-03 1.084255e+00 1.213721e-01
vertex 1.340099e-02 1.087013e+00 1.155042e-01
vertex 1.226183e-02 1.087179e+00 1.156228e-01
endloop
endfacet
facet normal 0 0 0
outer loop
vertex 1.226183e-02 1.087179e+00 1.156228e-01
vertex 1.340099e-02 1.087013e+00 1.155042e-01
vertex 2.108321e-02 1.088879e+00 1.139588e-01
endloop
endfacet
facet normal 0 0 0
outer loop
vertex 1.659594e-02 1.086857e+00 1.150945e-01
vertex 9.609640e-03 1.084255e+00 1.213721e-01
vertex 2.108321e-02 1.088879e+00 1.139588e-01
endloop
endfacet
facet normal 0 0 0
outer loop
vertex 2.108321e-02 1.088879e+00 1.139588e-01
vertex 1.340099e-02 1.087013e+00 1.155042e-01
vertex 1.659594e-02 1.086857e+00 1.150945e-01
endloop
endfacet
facet normal 0 0 0
outer loop
vertex 1.340099e-02 1.087013e+00 1.155042e-01
vertex 9.609640e-03 1.084255e+00 1.213721e-01
vertex 1.659594e-02 1.086857e+00 1.150945e-01
endloop
endfacet
facet normal 0 0 0
outer loop
vertex 1.546716e-02 1.084140e+00 1.159325e-01
vertex 1.659594e-02 1.086857e+00 1.150945e-01
vertex 1.340099e-02 1.087013e+00 1.155042e-01
endloop
endfacet
facet normal 0 0 0
outer loop
vertex 1.546716e-02 1.084140e+00 1.159325e-01
vertex 1.340099e-02 1.087013e+00 1.155042e-01
vertex 1.226183e-02 1.087179e+00 1.156228e-01
endloop
endfacet
facet normal 0 0 0
outer loop
vertex 3.067569e-02 1.099583e+00 8.876834e-02
vertex 1.488480e-02 1.088093e+00 1.132078e-01
vertex 2.312731e-02 1.089291e+00 1.092257e-01
endloop
endfacet
facet normal 0 0 0
outer loop
vertex 1.321167e-01 7.126598e-01 3.052270e-01
vertex 1.292642e-01 7.389327e-01 3.148460e-01
vertex 1.310811e-01 7.186227e-01 2.980315e-01
endloop
endfacet
facet normal 0 0 0
outer loop
vertex -1.140814e-01 9.601667e-01 -4.386269e-02
vertex -1.121749e-01 9.572797e-01 -6.674656e-02
vertex -1.131742e-01 9.539859e-01 -5.794707e-02
endloop
endfacet
facet normal 0 0 0
outer loop
vertex -1.077224e-01 9.801461e-01 -6.555123e-02
vertex -1.104703e-01 9.743999e-01 -6.541526e-02
vertex -1.122509e-01 9.769089e-01 -8.527140e-02
endloop
endfacet
facet normal 0 0 0
outer loop
vertex -1.104703e-01 9.743999e-01 -6.541526e-02
vertex -1.077224e-01 9.801461e-01 -6.555123e-02
vertex -1.121749e-01 9.572797e-01 -6.674656e-02
endloop
endfacet
facet normal 0 0 0
outer loop
vertex -1.077224e-01 9.801461e-01 -6.555123e-02
vertex -1.132460e-01 9.676183e-01 -6.215719e-02
vertex -1.104703e-01 9.743999e-01 -6.541526e-02
endloop
endfacet
facet normal 0 0 0
outer loop
vertex -1.354960e-01 1.050396e+00 5.597281e-02
vertex -1.250523e-01 1.024516e+00 7.072902e-02
vertex -1.286658e-01 1.054410e+00 6.524736e-02
endloop
endfacet
facet normal 0 0 0
outer loop
vertex 8.585921e-02 1.579519e-01 -3.798278e-01
vertex 6.220362e-02 1.137839e-01 -3.866862e-01
vertex 9.112756e-02 1.148115e-01 -3.912687e-01
endloop
endfacet
facet normal 0 0 0
outer loop
vertex 5.597001e-02 1.567974e-01 -3.737476e-01
vertex 6.220362e-02 1.137839e-01 -3.866862e-01
vertex 8.585921e-02 1.579519e-01 -3.798278e-01
endloop
endfacet
facet normal 0 0 0
outer loop
vertex 1.614971e-02 3.469024e-01 -1.769011e-01
vertex 6.575015e-03 3.218969e-01 -1.523852e-01
vertex 1.579453e-02 3.637823e-01 -1.442199e-01
endloop
endfacet
facet normal 0 0 0
outer loop
vertex -1.140814e-01 9.601667e-01 -4.386269e-02
vertex -1.185543e-01 9.669400e-01 9.827344e-03
vertex -1.139809e-01 9.610620e-01 -4.606270e-02
endloop
endfacet
facet normal 0 0 0
outer loop
vertex -1.949394e-01 1.268613e+00 -3.653834e-02
vertex -1.893090e-01 1.252163e+00 -3.813932e-02
vertex -1.910058e-01 1.250328e+00 -2.609081e-02
endloop
endfacet
facet normal 0 0 0
outer loop
vertex -1.935254e-01 1.269915e+00 -4.610936e-02
vertex -1.879582e-01 1.253638e+00 -4.769379e-02
vertex -1.893090e-01 1.252163e+00 -3.813932e-02
endloop
endfacet
facet normal 0 0 0
outer loop
vertex -1.511094e-01 1.137377e+00 1.874005e-01
vertex -1.691261e-01 1.149393e+00 1.885358e-01
vertex -1.507400e-01 1.138953e+00 1.778574e-01
endloop
endfacet
facet normal 0 0 0
outer loop
vertex -1.085001e-01 -8.796163e-03 1.709100e-01
vertex -1.200916e-01 -7.652506e-03 1.288137e-01
vertex -1.089600e-01 -7.761234e-03 1.299079e-01
endloop
endfacet
facet normal 0 0 0
outer loop
vertex -1.200916e-01 -7.652506e-03 1.288137e-01
vertex -1.085001e-01 -8.796163e-03 1.709100e-01
vertex -1.225089e-01 -8.659156e-03 1.708666e-01
endloop
endfacet
facet normal 0 0 0
outer loop
vertex -1.346339e-01 -8.429510e-03 1.711161e-01
vertex -1.295841e-01 -7.449873e-03 1.255012e-01
vertex -1.225089e-01 -8.659156e-03 1.708666e-01
endloop
endfacet
facet normal 0 0 0
outer loop
vertex -1.295841e-01 -7.449873e-03 1.255012e-01
vertex -1.200916e-01 -7.652506e-03 1.288137e-01
vertex -1.225089e-01 -8.659156e-03 1.708666e-01
endloop
endfacet
facet normal 0 0 0
outer loop
vertex 8.870512e-03 2.476759e-01 -2.976792e-01
vertex 1.836319e-02 2.711853e-01 -3.114011e-01
vertex 9.200052e-03 2.370227e-01 -3.286335e-01
endloop
endfacet
facet normal 0 0 0
outer loop
vertex 1.579453e-02 3.637823e-01 -1.442199e-01
vertex 6.575015e-03 3.218969e-01 -1.523852e-01
vertex 6.244366e-03 3.397180e-01 -1.177963e-01
endloop
endfacet
facet normal 0 0 0
outer loop
vertex -2.281470e-01 1.238568e+00 1.874018e-01
vertex -2.287692e-01 1.237474e+00 1.969978e-01
vertex -2.330420e-01 1.258770e+00 1.990832e-01
endloop
endfacet
facet normal 0 0 0
outer loop
vertex -2.324073e-01 1.259784e+00 1.894789e-01
vertex -2.281470e-01 1.238568e+00 1.874018e-01
vertex -2.330420e-01 1.258770e+00 1.990832e-01
endloop
endfacet
facet normal 0 0 0
outer loop
vertex -2.066705e-01 1.298395e+00 1.403371e-02
vertex -2.095720e-01 1.314485e+00 4.303769e-02
vertex -2.054732e-01 1.316626e+00 1.584058e-02
endloop
endfacet
facet normal 0 0 0
outer loop
vertex -1.173720e-01 8.920830e-01 4.674263e-02
vertex -1.288922e-01 8.691503e-01 5.838487e-03
vertex -1.134140e-01 8.570632e-01 7.961323e-02
endloop
endfacet
facet normal 0 0 0
outer loop
vertex -1.239285e-01 8.242379e-01 4.156225e-02
vertex -1.134140e-01 8.570632e-01 7.961323e-02
vertex -1.288922e-01 8.691503e-01 5.838487e-03
endloop
endfacet
facet normal 0 0 0
outer loop
vertex 7.299536e-02 9.884002e-01 6.017159e-03
vertex 4.718908e-02 1.014338e+00 6.638436e-02
vertex 7.283252e-02 9.932475e-01 5.384742e-02
endloop
endfacet
facet normal 0 0 0
outer loop
vertex -6.601883e-02 1.110215e+00 9.436742e-02
vertex -4.530327e-02 1.122133e+00 1.050794e-01
vertex -6.535527e-02 1.122618e+00 9.628342e-02
endloop
endfacet
facet normal 0 0 0
outer loop
vertex -6.535527e-02 1.122618e+00 9.628342e-02
vertex -4.530327e-02 1.122133e+00 1.050794e-01
vertex -4.892018e-02 1.129259e+00 1.136711e-01
endloop
endfacet
facet normal 0 0 0
outer loop
vertex -4.530327e-02 1.122133e+00 1.050794e-01
vertex -6.601883e-02 1.110215e+00 9.436742e-02
vertex -4.443747e-02 1.110816e+00 1.031040e-01
endloop
endfacet
facet normal 0 0 0
outer loop
vertex -8.968576e-02 1.130903e+00 1.298031e-01
vertex -8.896872e-02 1.138482e+00 1.033993e-01
vertex -6.967295e-02 1.133252e+00 1.049975e-01
endloop
endfacet
facet normal 0 0 0
outer loop
vertex 3.426371e-03 1.278634e+00 2.106833e-01
vertex -7.904745e-03 1.289964e+00 2.117380e-01
vertex -2.743481e-02 1.270237e+00 2.097031e-01
endloop
endfacet
facet normal 0 0 0
outer loop
vertex 2.635341e-02 1.298558e+00 2.127566e-01
vertex -7.904745e-03 1.289964e+00 2.117380e-01
vertex 3.426371e-03 1.278634e+00 2.106833e-01
endloop
endfacet
facet normal 0 0 0
outer loop
vertex -2.152436e-01 1.311559e+00 8.113062e-02
vertex -2.165107e-01 1.292106e+00 7.920486e-02
vertex -2.222232e-01 1.288471e+00 1.172288e-01
endloop
endfacet
facet normal 0 0 0
outer loop
vertex 1.293077e-01 7.347872e-01 3.233835e-01
vertex 1.332474e-01 7.065234e-01 3.129612e-01
vertex 1.290111e-01 7.313673e-01 3.332142e-01
endloop
endfacet
facet normal 0 0 0
outer loop
vertex -1.465486e-01 3.509375e-01 1.500554e-01
vertex -1.357143e-01 3.455667e-01 1.879223e-01
vertex -1.356798e-01 3.615324e-01 1.862243e-01
endloop
endfacet
facet normal 0 0 0
outer loop
vertex 5.691512e-02 9.721394e-01 -1.717439e-02
vertex 6.696783e-02 9.814118e-01 -2.427188e-03
vertex 7.190681e-02 9.677506e-01 9.892168e-03
endloop
endfacet
facet normal 0 0 0
outer loop
vertex 6.696783e-02 9.814118e-01 -2.427188e-03
vertex 7.198034e-02 9.691455e-01 9.630405e-03
vertex 5.202118e-02 9.882223e-01 3.238467e-02
endloop
endfacet
facet normal 0 0 0
outer loop
vertex 1.619410e-02 1.552834e-01 -3.970195e-01
vertex 1.625860e-02 1.560953e-01 -4.184188e-01
vertex 2.377596e-02 1.125054e-01 -4.042646e-01
endloop
endfacet
facet normal 0 0 0
outer loop
vertex -2.330940e-01 1.302117e+00 2.033588e-01
vertex -2.324674e-01 1.302975e+00 1.937383e-01
vertex -2.338908e-01 1.281349e+00 1.915965e-01
endloop
endfacet
facet normal 0 0 0
outer loop
vertex -1.415582e-01 1.421263e+00 9.228919e-02
vertex -1.385584e-01 1.420166e+00 5.379887e-02
vertex -1.579675e-01 1.410377e+00 9.112962e-02
endloop
endfacet
facet normal 0 0 0
outer loop
vertex 5.960886e-03 3.498299e-01 -1.048872e-01
vertex 1.822443e-02 3.263952e-01 -7.835701e-02
vertex 1.775705e-02 3.382848e-01 -6.625780e-02
endloop
endfacet
facet normal 0 0 0
outer loop
vertex 5.960886e-03 3.498299e-01 -1.048872e-01
vertex 1.775705e-02 3.382848e-01 -6.625780e-02
vertex 5.333632e-03 3.645650e-01 -9.503106e-02
endloop
endfacet
facet normal 0 0 0
outer loop
vertex -2.550925e-01 8.435479e-01 -1.902023e-01
vertex -2.728891e-01 7.976908e-01 -2.139431e-01
vertex -2.602075e-01 8.247203e-01 -1.705535e-01
endloop
endfacet
facet normal 0 0 0
outer loop
vertex -1.181202e-01 9.714278e-01 -2.633134e-04
vertex -1.190706e-01 9.871396e-01 4.487005e-03
vertex -1.159571e-01 9.937883e-01 -5.054007e-02
endloop
endfacet
facet normal 0 0 0
outer loop
vertex -1.162863e-01 1.265445e+00 2.087737e-01
vertex -1.160254e-01 1.282357e+00 2.104418e-01
vertex -1.508629e-01 1.255254e+00 2.075952e-01
endloop
endfacet
facet normal 0 0 0
outer loop
vertex -1.116094e-01 1.248931e+00 2.071764e-01
vertex -1.162863e-01 1.265445e+00 2.087737e-01
vertex -1.292108e-01 1.244295e+00 2.066297e-01
endloop
endfacet
facet normal 0 0 0
outer loop
vertex -8.234993e-02 1.274106e+00 2.097971e-01
vertex -1.162863e-01 1.265445e+00 2.087737e-01
vertex -1.116094e-01 1.248931e+00 2.071764e-01
endloop
endfacet
facet normal 0 0 0
outer loop
vertex -1.292108e-01 1.244295e+00 2.066297e-01
vertex -1.162863e-01 1.265445e+00 2.087737e-01
vertex -1.508629e-01 1.255254e+00 2.075952e-01
endloop
endfacet
facet normal 0 0 0
outer loop
vertex 1.633804e-02 1.564527e-01 -4.327337e-01
vertex 1.228165e-02 1.794335e-01 -4.325292e-01
vertex 1.535907e-02 1.801268e-01 -4.412971e-01
endloop
endfacet
facet normal 0 0 0
outer loop
vertex 9.200052e-03 2.370227e-01 -3.286335e-01
vertex 1.836319e-02 2.711853e-01 -3.114011e-01
vertex 1.855843e-02 2.624752e-01 -3.397463e-01
endloop
endfacet
facet normal 0 0 0
outer loop
vertex -2.345251e-01 1.280407e+00 2.012083e-01
vertex -2.330940e-01 1.302117e+00 2.033588e-01
vertex -2.338908e-01 1.281349e+00 1.915965e-01
endloop
endfacet
facet normal 0 0 0
outer loop
vertex -2.324674e-01 1.302975e+00 1.937383e-01
vertex -2.320392e-01 1.282500e+00 1.794796e-01
vertex -2.338908e-01 1.281349e+00 1.915965e-01
endloop
endfacet
facet normal 0 0 0
outer loop
vertex -2.320392e-01 1.282500e+00 1.794796e-01
vertex -2.324674e-01 1.302975e+00 1.937383e-01
vertex -2.306380e-01 1.303897e+00 1.815980e-01
endloop
endfacet
facet normal 0 0 0
outer loop
vertex -6.279670e-03 1.380666e+00 2.206806e-01
vertex -1.065666e-03 1.366305e+00 2.192900e-01
vertex 6.760421e-03 1.384615e+00 2.211399e-01
endloop
endfacet
facet normal 0 0 0
outer loop
vertex 1.301099e-02 2.042033e-01 -4.322121e-01
vertex 1.627570e-02 2.054343e-01 -4.409222e-01
vertex 1.535907e-02 1.801268e-01 -4.412971e-01
endloop
endfacet
facet normal 0 0 0
outer loop
vertex -2.113240e-01 1.253616e+00 7.543302e-02
vertex -2.208238e-01 1.268375e+00 1.152575e-01
vertex -2.151700e-01 1.272701e+00 7.729947e-02
endloop
endfacet
facet normal 0 0 0
outer loop
vertex -1.357143e-01 3.455667e-01 1.879223e-01
vertex -1.465486e-01 3.509375e-01 1.500554e-01
vertex -1.464607e-01 3.364823e-01 1.534044e-01
endloop
endfacet
facet normal 0 0 0
outer loop
vertex -1.213453e-01 9.499753e-01 -5.951382e-02
vertex -1.132460e-01 9.676183e-01 -6.215719e-02
vertex -1.139809e-01 9.610620e-01 -4.606270e-02
endloop
endfacet
facet normal 0 0 0
outer loop
vertex -1.139809e-01 9.610620e-01 -4.606270e-02
vertex -1.132460e-01 9.676183e-01 -6.215719e-02
vertex -1.121749e-01 9.572797e-01 -6.674656e-02
endloop
endfacet
facet normal 0 0 0
outer loop
vertex 1.444099e-01 7.732452e-01 3.012409e-01
vertex 1.706799e-01 7.587271e-01 3.145524e-01
vertex 1.693341e-01 7.751401e-01 2.992623e-01
endloop
endfacet
facet normal 0 0 0
outer loop
vertex -1.066691e-01 1.012575e+00 -6.244667e-02
vertex -1.063607e-01 1.011079e+00 -6.268549e-02
vertex -1.076142e-01 1.003083e+00 -6.318479e-02
endloop
endfacet
facet normal 0 0 0
outer loop
vertex -1.076142e-01 1.003083e+00 -6.318479e-02
vertex -1.063607e-01 1.011079e+00 -6.268549e-02
vertex -1.011502e-01 9.938396e-01 -6.588171e-02
endloop
endfacet
facet normal 0 0 0
outer loop
vertex 1.518954e-02 1.407916e+00 -3.147120e-02
vertex 2.867621e-02 1.396386e+00 -3.249662e-02
vertex 2.671629e-02 1.395457e+00 -3.892943e-02
endloop
endfacet
facet normal 0 0 0
outer loop
vertex 1.557353e-02 1.107255e+00 -2.683945e-02
vertex 6.649908e-02 1.087500e+00 -1.485756e-02
vertex 4.484138e-02 1.088004e+00 -2.908013e-02
endloop
endfacet
facet normal 0 0 0
outer loop
vertex -2.330420e-01 1.258770e+00 1.990832e-01
vertex -2.345251e-01 1.280407e+00 2.012083e-01
vertex -2.338908e-01 1.281349e+00 1.915965e-01
endloop
endfacet
facet normal 0 0 0
outer loop
vertex -1.686496e-01 1.397261e+00 5.138088e-02
vertex -1.579675e-01 1.410377e+00 9.112962e-02
vertex -1.543575e-01 1.409698e+00 5.268383e-02
endloop
endfacet
facet normal 0 0 0
outer loop
vertex -1.011502e-01 9.938396e-01 -6.588171e-02
vertex -1.077224e-01 9.801461e-01 -6.555123e-02
vertex -1.076142e-01 1.003083e+00 -6.318479e-02
endloop
endfacet
facet normal 0 0 0
outer loop
vertex -2.279942e-01 1.305041e+00 1.661085e-01
vertex -2.293695e-01 1.283987e+00 1.640247e-01
vertex -2.306380e-01 1.303897e+00 1.815980e-01
endloop
endfacet
facet normal 0 0 0
outer loop
vertex -1.011502e-01 9.938396e-01 -6.588171e-02
vertex -1.048539e-01 1.030805e+00 -6.102908e-02
vertex -8.852961e-02 9.939529e-01 -6.925064e-02
endloop
endfacet
facet normal 0 0 0
outer loop
vertex -1.071011e-01 1.023313e+00 -5.890618e-02
vertex -1.293070e-01 1.006556e+00 -8.788665e-02
vertex -1.181044e-01 1.022617e+00 -7.044438e-02
endloop
endfacet
facet normal 0 0 0
outer loop
vertex -1.122509e-01 9.769089e-01 -8.527140e-02
vertex -1.293070e-01 1.006556e+00 -8.788665e-02
vertex -1.011502e-01 9.938396e-01 -6.588171e-02
endloop
endfacet
facet normal 0 0 0
outer loop
vertex 9.340765e-03 2.342701e-01 -3.396897e-01
vertex 1.961057e-02 2.091186e-01 -3.255240e-01
vertex 9.200052e-03 2.370227e-01 -3.286335e-01
endloop
endfacet
facet normal 0 0 0
outer loop
vertex 9.340765e-03 2.342701e-01 -3.396897e-01
vertex 9.358736e-03 2.311513e-01 -3.516198e-01
vertex 1.988421e-02 2.030369e-01 -3.433238e-01
endloop
endfacet
facet normal 0 0 0
outer loop
vertex 9.340765e-03 2.342701e-01 -3.396897e-01
vertex 1.988421e-02 2.030369e-01 -3.433238e-01
vertex 1.961057e-02 2.091186e-01 -3.255240e-01
endloop
endfacet
facet normal 0 0 0
outer loop
vertex -1.159571e-01 9.937883e-01 -5.054007e-02
vertex -1.066691e-01 1.012575e+00 -6.244667e-02
vertex -1.076142e-01 1.003083e+00 -6.318479e-02
endloop
endfacet
facet normal 0 0 0
outer loop
vertex -1.071011e-01 1.023313e+00 -5.890618e-02
vertex -1.066691e-01 1.012575e+00 -6.244667e-02
vertex -1.159571e-01 9.937883e-01 -5.054007e-02
endloop
endfacet
facet normal 0 0 0
outer loop
vertex -2.324073e-01 1.259784e+00 1.894789e-01
vertex -2.330420e-01 1.258770e+00 1.990832e-01
vertex -2.338908e-01 1.281349e+00 1.915965e-01
endloop
endfacet
facet normal 0 0 0
outer loop
vertex 1.290111e-01 7.313673e-01 3.332142e-01
vertex 1.346886e-01 6.995568e-01 3.219290e-01
vertex 1.288490e-01 7.275379e-01 3.447259e-01
endloop
endfacet
facet normal 0 0 0
outer loop
vertex 1.346886e-01 6.995568e-01 3.219290e-01
vertex 1.290111e-01 7.313673e-01 3.332142e-01
vertex 1.332474e-01 7.065234e-01 3.129612e-01
endloop
endfacet
facet normal 0 0 0
outer loop
vertex 2.237053e-02 1.409407e+00 5.351830e-02
vertex 3.712085e-02 1.396764e+00 5.239277e-02
vertex 3.438382e-02 1.396649e+00 2.494020e-02
endloop
endfacet
facet normal 0 0 0
outer loop
vertex 2.004998e-02 1.408916e+00 2.603249e-02
vertex 2.237053e-02 1.409407e+00 5.351830e-02
vertex 3.438382e-02 1.396649e+00 2.494020e-02
endloop
endfacet
facet normal 0 0 0
outer loop
vertex -1.121749e-01 9.572797e-01 -6.674656e-02
vertex -1.140814e-01 9.601667e-01 -4.386269e-02
vertex -1.139809e-01 9.610620e-01 -4.606270e-02
endloop
endfacet
facet normal 0 0 0
outer loop
vertex -1.077224e-01 9.801461e-01 -6.555123e-02
vertex -1.104703e-01 9.743999e-01 -6.541526e-02
vertex -1.076142e-01 1.003083e+00 -6.318479e-02
endloop
endfacet
facet normal 0 0 0
outer loop
vertex -1.132460e-01 9.676183e-01 -6.215719e-02
vertex -1.104703e-01 9.743999e-01 -6.541526e-02
vertex -1.121749e-01 9.572797e-01 -6.674656e-02
endloop
endfacet
facet normal 0 0 0
outer loop
vertex -1.122509e-01 9.769089e-01 -8.527140e-02
vertex -1.104703e-01 9.743999e-01 -6.541526e-02
vertex -1.132460e-01 9.676183e-01 -6.215719e-02
endloop
endfacet
facet normal 0 0 0
outer loop
vertex -1.077224e-01 9.801461e-01 -6.555123e-02
vertex -7.220529e-02 9.571010e-01 -7.747220e-02
vertex -1.121749e-01 9.572797e-01 -6.674656e-02
endloop
endfacet
facet normal 0 0 0
outer loop
vertex -1.354960e-01 1.050396e+00 5.597281e-02
vertex -1.263655e-01 1.076816e+00 2.595526e-02
vertex -1.439680e-01 1.057616e+00 6.532592e-03
endloop
endfacet
facet normal 0 0 0
outer loop
vertex -1.541447e-01 1.030333e+00 3.448416e-02
vertex -1.354960e-01 1.050396e+00 5.597281e-02
vertex -1.439680e-01 1.057616e+00 6.532592e-03
endloop
endfacet
facet normal 0 0 0
outer loop
vertex -1.213453e-01 9.499753e-01 -5.951382e-02
vertex -1.122509e-01 9.769089e-01 -8.527140e-02
vertex -1.132460e-01 9.676183e-01 -6.215719e-02
endloop
endfacet
facet normal 0 0 0
outer loop
vertex 1.416195e-01 6.090899e-01 4.327548e-01
vertex 1.378741e-01 6.329634e-01 4.339143e-01
vertex 1.374397e-01 6.442013e-01 3.887309e-01
endloop
endfacet
facet normal 0 0 0
outer loop
vertex -1.686496e-01 1.397261e+00 5.138088e-02
vertex -1.728187e-01 1.397472e+00 8.977759e-02
vertex -1.579675e-01 1.410377e+00 9.112962e-02
endloop
endfacet
facet normal 0 0 0
outer loop
vertex -1.579675e-01 1.410377e+00 9.112962e-02
vertex -1.385584e-01 1.420166e+00 5.379887e-02
vertex -1.543575e-01 1.409698e+00 5.268383e-02
endloop
endfacet
facet normal 0 0 0
outer loop
vertex 1.666854e-01 9.085867e-01 1.398815e-01
vertex 1.495515e-01 9.430991e-01 1.309555e-01
vertex 1.483331e-01 9.199451e-01 1.709594e-01
endloop
endfacet
facet normal 0 0 0
outer loop
vertex -1.272034e-01 6.096290e-01 -7.912388e-02
vertex -1.320892e-01 5.895331e-01 -7.537515e-02
vertex -1.423920e-01 6.184558e-01 -6.592724e-03
endloop
endfacet
facet normal 0 0 0
outer loop
vertex -1.423920e-01 6.184558e-01 -6.592724e-03
vertex -1.320892e-01 5.895331e-01 -7.537515e-02
vertex -1.464212e-01 6.006361e-01 -3.142051e-03
endloop
endfacet
facet normal 0 0 0
outer loop
vertex 4.670807e-02 4.350920e-01 -1.255226e-01
vertex 8.087838e-02 4.271167e-01 -1.140925e-01
vertex 4.763652e-02 3.975419e-01 -1.361425e-01
endloop
endfacet
facet normal 0 0 0
outer loop
vertex 1.747000e-02 1.155185e+00 6.544881e-02
vertex 2.809887e-02 1.168228e+00 6.730606e-02
vertex 3.129433e-02 1.158282e+00 1.044633e-01
endloop
endfacet
facet normal 0 0 0
outer loop
vertex 2.193561e-02 1.123083e+00 5.861988e-02
vertex 1.853888e-02 1.138694e+00 6.179691e-02
vertex 1.333857e-02 1.131698e+00 9.232184e-02
endloop
endfacet
facet normal 0 0 0
outer loop
vertex 7.604323e-02 9.473535e-01 1.291544e-01
vertex 9.294671e-02 8.931279e-01 1.712916e-01
vertex 1.179614e-01 9.116817e-01 1.809414e-01
endloop
endfacet
facet normal 0 0 0
outer loop
vertex -1.165119e-01 1.050901e+00 -3.767554e-02
vertex -1.183717e-01 1.045278e+00 -4.167269e-02
vertex -1.172141e-01 1.049264e+00 -3.847513e-02
endloop
endfacet
facet normal 0 0 0
outer loop
vertex -1.183717e-01 1.045278e+00 -4.167269e-02
vertex -1.175472e-01 1.048914e+00 -3.859639e-02
vertex -1.172141e-01 1.049264e+00 -3.847513e-02
endloop
endfacet
facet normal 0 0 0
outer loop
vertex 4.988923e-02 1.397238e+00 1.765943e-01
vertex 3.371226e-02 1.411403e+00 1.779082e-01
vertex 3.530313e-02 1.411912e+00 1.935836e-01
endloop
endfacet
facet normal 0 0 0
outer loop
vertex 1.712368e-02 1.424060e+00 1.946853e-01
vertex 1.804576e-02 1.424405e+00 2.069665e-01
vertex 3.641867e-02 1.412120e+00 2.058513e-01
endloop
endfacet
facet normal 0 0 0
outer loop
vertex 2.963741e-02 1.396437e+00 -2.278131e-02
vertex 4.262386e-02 1.383115e+00 -1.179646e-02
vertex 4.015787e-02 1.383332e+00 -3.372901e-02
endloop
endfacet
facet normal 0 0 0
outer loop
vertex -1.137725e-01 1.065560e+00 -2.451324e-02
vertex -1.213071e-01 1.054398e+00 -3.154201e-02
vertex -1.096081e-01 1.083925e+00 -8.976013e-03
endloop
endfacet
facet normal 0 0 0
outer loop
vertex -1.096081e-01 1.083925e+00 -8.976013e-03
vertex -1.213071e-01 1.054398e+00 -3.154201e-02
vertex -1.241653e-01 1.066833e+00 -2.595825e-02
endloop
endfacet
facet normal 0 0 0
outer loop
vertex -1.131858e-01 1.063134e+00 -2.734843e-02
vertex -1.137725e-01 1.065560e+00 -2.451324e-02
vertex -1.096081e-01 1.083925e+00 -8.976013e-03
endloop
endfacet
facet normal 0 0 0
outer loop
vertex -1.241653e-01 1.066833e+00 -2.595825e-02
vertex -1.175472e-01 1.048914e+00 -3.859639e-02
vertex -1.165119e-01 1.050901e+00 -3.767554e-02
endloop
endfacet
facet normal 0 0 0
outer loop
vertex 8.870512e-03 2.476759e-01 -2.976792e-01
vertex 1.734353e-02 2.989196e-01 -2.427771e-01
vertex 1.836319e-02 2.711853e-01 -3.114011e-01
endloop
endfacet
facet normal 0 0 0
outer loop
vertex -1.131858e-01 1.063134e+00 -2.734843e-02
vertex -1.061714e-01 1.087286e+00 -7.974015e-03
vertex -1.096096e-01 1.071768e+00 -2.284133e-02
endloop
endfacet
facet normal 0 0 0
outer loop
vertex -1.165119e-01 1.050901e+00 -3.767554e-02
vertex -1.172141e-01 1.049264e+00 -3.847513e-02
vertex -1.131858e-01 1.063134e+00 -2.734843e-02
endloop
endfacet
facet normal 0 0 0
outer loop
vertex -1.172141e-01 1.049264e+00 -3.847513e-02
vertex -1.165605e-01 1.053265e+00 -3.491499e-02
vertex -1.131858e-01 1.063134e+00 -2.734843e-02
endloop
endfacet
facet normal 0 0 0
outer loop
vertex -1.165605e-01 1.053265e+00 -3.491499e-02
vertex -1.137725e-01 1.065560e+00 -2.451324e-02
vertex -1.131858e-01 1.063134e+00 -2.734843e-02
endloop
endfacet
facet normal 0 0 0
outer loop
vertex -1.165119e-01 1.050901e+00 -3.767554e-02
vertex -1.131858e-01 1.063134e+00 -2.734843e-02
vertex -1.096096e-01 1.071768e+00 -2.284133e-02
endloop
endfacet
facet normal 0 0 0
outer loop
vertex -1.137725e-01 1.065560e+00 -2.451324e-02
vertex -1.165605e-01 1.053265e+00 -3.491499e-02
vertex -1.213071e-01 1.054398e+00 -3.154201e-02
endloop
endfacet
facet normal 0 0 0
outer loop
vertex -1.213071e-01 1.054398e+00 -3.154201e-02
vertex -1.165605e-01 1.053265e+00 -3.491499e-02
vertex -1.175472e-01 1.048914e+00 -3.859639e-02
endloop
endfacet
facet normal 0 0 0
outer loop
vertex -1.165605e-01 1.053265e+00 -3.491499e-02
vertex -1.172141e-01 1.049264e+00 -3.847513e-02
vertex -1.175472e-01 1.048914e+00 -3.859639e-02
endloop
endfacet
facet normal 0 0 0
outer loop
vertex -1.175472e-01 1.048914e+00 -3.859639e-02
vertex -1.172141e-01 1.049264e+00 -3.847513e-02
vertex -1.165119e-01 1.050901e+00 -3.767554e-02
endloop
endfacet
facet normal 0 0 0
outer loop
vertex 1.290111e-01 7.313673e-01 3.332142e-01
vertex 1.460282e-01 7.458189e-01 3.426456e-01
vertex 1.468340e-01 7.482380e-01 3.323014e-01
endloop
endfacet
facet normal 0 0 0
outer loop
vertex 1.228165e-02 1.794335e-01 -4.325292e-01
vertex 1.301099e-02 2.042033e-01 -4.322121e-01
vertex 1.535907e-02 1.801268e-01 -4.412971e-01
endloop
endfacet
facet normal 0 0 0
outer loop
vertex -1.172141e-01 1.049264e+00 -3.847513e-02
vertex -1.175472e-01 1.048914e+00 -3.859639e-02
vertex -1.013647e-01 1.046616e+00 -4.438097e-02
endloop
endfacet
facet normal 0 0 0
outer loop
vertex -2.047848e-01 1.207044e+00 1.367140e-01
vertex -1.931524e-01 1.190084e+00 1.350967e-01
vertex -2.074639e-01 1.203715e+00 1.562084e-01
endloop
endfacet
facet normal 0 0 0
outer loop
vertex 7.921438e-02 1.346016e+00 1.244252e-01
vertex 7.003646e-02 1.364486e+00 1.261966e-01
vertex 8.290060e-02 1.344744e+00 1.517524e-01
endloop
endfacet
facet normal 0 0 0
outer loop
vertex -1.841263e-01 1.398321e+00 1.910689e-01
vertex -1.994019e-01 1.382290e+00 2.017159e-01
vertex -1.849805e-01 1.398622e+00 2.033944e-01
endloop
endfacet
facet normal 0 0 0
outer loop
vertex 1.707533e-01 7.487462e-01 3.299039e-01
vertex 1.472234e-01 7.516930e-01 3.235067e-01
vertex 1.468340e-01 7.482380e-01 3.323014e-01
endloop
endfacet
facet normal 0 0 0
outer loop
vertex -1.308161e-01 1.416073e+00 -3.770653e-02
vertex -1.463779e-01 1.408176e+00 -3.223472e-02
vertex -1.319373e-01 1.417758e+00 -3.121408e-02
endloop
endfacet
facet normal 0 0 0
outer loop
vertex -2.324073e-01 1.259784e+00 1.894789e-01
vertex -2.338908e-01 1.281349e+00 1.915965e-01
vertex -2.320392e-01 1.282500e+00 1.794796e-01
endloop
endfacet
facet normal 0 0 0
outer loop
vertex 6.836757e-02 1.263036e+00 -7.943486e-03
vertex 7.119993e-02 1.260168e+00 1.162704e-02
vertex 6.253576e-02 1.245928e+00 -9.669299e-03
endloop
endfacet
facet normal 0 0 0
outer loop
vertex -2.305664e-01 1.261178e+00 1.773869e-01
vertex -2.237491e-01 1.242362e+00 1.599476e-01
vertex -2.263455e-01 1.240197e+00 1.753339e-01
endloop
endfacet
facet normal 0 0 0
outer loop
vertex 1.148411e-02 1.983898e-01 -3.912220e-01
vertex 1.036985e-02 2.332728e-01 -3.681361e-01
vertex 1.357185e-02 2.402481e-01 -3.919029e-01
endloop
endfacet
facet normal 0 0 0
outer loop
vertex 1.241626e-02 2.025129e-01 -4.169742e-01
vertex 1.148411e-02 1.983898e-01 -3.912220e-01
vertex 1.357185e-02 2.402481e-01 -3.919029e-01
endloop
endfacet
facet normal 0 0 0
outer loop
vertex 6.920708e-02 1.237934e+00 3.694442e-02
vertex 6.526624e-02 1.242657e+00 9.862391e-03
vertex 7.119993e-02 1.260168e+00 1.162704e-02
endloop
endfacet
facet normal 0 0 0
outer loop
vertex 9.340765e-03 2.342701e-01 -3.396897e-01
vertex 9.200052e-03 2.370227e-01 -3.286335e-01
vertex 1.855843e-02 2.624752e-01 -3.397463e-01
endloop
endfacet
facet normal 0 0 0
outer loop
vertex 1.859031e-02 2.611726e-01 -3.485498e-01
vertex 9.358736e-03 2.311513e-01 -3.516198e-01
vertex 9.340765e-03 2.342701e-01 -3.396897e-01
endloop
endfacet
facet normal 0 0 0
outer loop
vertex 2.963741e-02 1.396437e+00 -2.278131e-02
vertex 3.085160e-02 1.396495e+00 -1.053474e-02
vertex 4.262386e-02 1.383115e+00 -1.179646e-02
endloop
endfacet
facet normal 0 0 0
outer loop
vertex 1.669651e-01 7.301813e-01 2.547667e-01
vertex 1.422041e-01 7.276326e-01 2.565669e-01
vertex 1.357715e-01 7.676966e-01 2.127665e-01
endloop
endfacet
facet normal 0 0 0
outer loop
vertex 2.108321e-02 1.088879e+00 1.139588e-01
vertex 1.546716e-02 1.084140e+00 1.159325e-01
vertex 2.190010e-02 1.082042e+00 1.144453e-01
endloop
endfacet
facet normal 0 0 0
outer loop
vertex 1.834086e-02 3.171861e-01 -9.409564e-02
vertex 1.822443e-02 3.263952e-01 -7.835701e-02
vertex 5.960886e-03 3.498299e-01 -1.048872e-01
endloop
endfacet
facet normal 0 0 0
outer loop
vertex -2.354849e-02 1.082111e+00 1.224392e-01
vertex 9.609640e-03 1.084255e+00 1.213721e-01
vertex 3.453920e-03 1.090478e+00 1.132020e-01
endloop
endfacet
facet normal 0 0 0
outer loop
vertex -5.149978e-03 1.134628e+00 1.290284e-01
vertex 1.478018e-02 1.141787e+00 1.297445e-01
vertex -5.205199e-03 1.129501e+00 1.495900e-01
endloop
endfacet
facet normal 0 0 0
outer loop
vertex 1.546716e-02 1.084140e+00 1.159325e-01
vertex 2.108321e-02 1.088879e+00 1.139588e-01
vertex 1.659594e-02 1.086857e+00 1.150945e-01
endloop
endfacet
facet normal 0 0 0
outer loop
vertex -1.217681e-01 -5.568859e-03 8.343868e-02
vertex -1.175376e-01 -6.249479e-03 9.840014e-02
vertex -1.268936e-01 -6.802385e-03 1.110223e-01
endloop
endfacet
facet normal 0 0 0
outer loop
vertex -1.175376e-01 -6.249479e-03 9.840014e-02
vertex -1.089600e-01 -7.761234e-03 1.299079e-01
vertex -1.200916e-01 -7.652506e-03 1.288137e-01
endloop
endfacet
facet normal 0 0 0
outer loop
vertex -1.175376e-01 -6.249479e-03 9.840014e-02
vertex -1.200916e-01 -7.652506e-03 1.288137e-01
vertex -1.295841e-01 -7.449873e-03 1.255012e-01
endloop
endfacet
facet normal 0 0 0
outer loop
vertex -1.175376e-01 -6.249479e-03 9.840014e-02
vertex -1.217681e-01 -5.568859e-03 8.343868e-02
vertex -1.098764e-01 -6.019343e-03 9.031258e-02
endloop
endfacet
facet normal 0 0 0
outer loop
vertex 1.361768e-01 6.819996e-01 3.434522e-01
vertex 1.288490e-01 7.275379e-01 3.447259e-01
vertex 1.346886e-01 6.995568e-01 3.219290e-01
endloop
endfacet
facet normal 0 0 0
outer loop
vertex 1.288490e-01 7.275379e-01 3.447259e-01
vertex 1.361768e-01 6.819996e-01 3.434522e-01
vertex 1.295043e-01 7.104402e-01 3.666546e-01
endloop
endfacet
facet normal 0 0 0
outer loop
vertex -1.268936e-01 -6.802385e-03 1.110223e-01
vertex -1.175376e-01 -6.249479e-03 9.840014e-02
vertex -1.295841e-01 -7.449873e-03 1.255012e-01
endloop
endfacet
facet normal 0 0 0
outer loop
vertex -2.893296e-01 6.340829e-01 -3.312393e-01
vertex -3.023383e-01 6.543381e-01 -2.845715e-01
vertex -3.013553e-01 6.268726e-01 -3.416352e-01
endloop
endfacet
facet normal 0 0 0
outer loop
vertex 2.004998e-02 1.408916e+00 2.603249e-02
vertex 3.438382e-02 1.396649e+00 2.494020e-02
vertex 3.240182e-02 1.396559e+00 5.089489e-03
endloop
endfacet
facet normal 0 0 0
outer loop
vertex -1.048681e-01 1.120198e-01 1.861255e-01
vertex -1.353383e-01 1.108285e-01 1.752711e-01
vertex -1.050137e-01 9.980354e-02 1.854275e-01
endloop
endfacet
facet normal 0 0 0
outer loop
vertex -1.277048e-01 5.002278e-03 7.746743e-02
vertex -1.257083e-01 -2.593179e-03 7.685051e-02
vertex -1.363095e-01 -4.612985e-03 1.225969e-01
endloop
endfacet
facet normal 0 0 0
outer loop
vertex 8.320469e-03 1.206538e+00 2.035733e-01
vertex 2.369639e-02 1.211945e+00 2.041788e-01
vertex -1.828824e-02 1.236525e+00 2.064282e-01
endloop
endfacet
facet normal 0 0 0
outer loop
vertex 1.297830e-01 7.255867e-01 2.910844e-01
vertex 1.264176e-01 7.416072e-01 2.727544e-01
vertex 1.453229e-01 7.104991e-01 2.772249e-01
endloop
endfacet
facet normal 0 0 0
outer loop
vertex -1.356156e-01 3.076853e-01 1.873676e-01
vertex -1.357143e-01 3.455667e-01 1.879223e-01
vertex -1.464607e-01 3.364823e-01 1.534044e-01
endloop
endfacet
facet normal 0 0 0
outer loop
vertex 8.096672e-02 1.064243e+00 -3.184582e-02
vertex 7.620068e-02 1.046642e+00 -3.981309e-02
vertex 6.964360e-02 1.040267e+00 -5.107490e-02
endloop
endfacet
facet normal 0 0 0
outer loop
vertex 5.302264e-02 1.397567e+00 2.044995e-01
vertex 5.173288e-02 1.397522e+00 1.922477e-01
vertex 3.641867e-02 1.412120e+00 2.058513e-01
endloop
endfacet
facet normal 0 0 0
outer loop
vertex 5.173288e-02 1.397522e+00 1.922477e-01
vertex 4.988923e-02 1.397238e+00 1.765943e-01
vertex 3.530313e-02 1.411912e+00 1.935836e-01
endloop
endfacet
facet normal 0 0 0
outer loop
vertex 7.620068e-02 1.046642e+00 -3.981309e-02
vertex 7.706974e-02 1.046407e+00 -3.830229e-02
vertex 7.644986e-02 1.045894e+00 -3.936845e-02
endloop
endfacet
facet normal 0 0 0
outer loop
vertex -1.352154e-01 3.818019e-01 8.244333e-02
vertex -1.354164e-01 3.535350e-01 1.070617e-01
vertex -1.463481e-01 3.954811e-01 1.230569e-01
endloop
endfacet
facet normal 0 0 0
outer loop
vertex 1.293077e-01 7.347872e-01 3.233835e-01
vertex 1.468340e-01 7.482380e-01 3.323014e-01
vertex 1.472234e-01 7.516930e-01 3.235067e-01
endloop
endfacet
facet normal 0 0 0
outer loop
vertex 1.472234e-01 7.516930e-01 3.235067e-01
vertex 1.292642e-01 7.389327e-01 3.148460e-01
vertex 1.293077e-01 7.347872e-01 3.233835e-01
endloop
endfacet
facet normal 0 0 0
outer loop
vertex 7.644986e-02 1.045894e+00 -3.936845e-02
vertex 7.706974e-02 1.046407e+00 -3.830229e-02
vertex 7.176664e-02 1.047228e+00 -4.135279e-02
endloop
endfacet
facet normal 0 0 0
outer loop
vertex -1.096081e-01 1.083925e+00 -8.976013e-03
vertex -1.241653e-01 1.066833e+00 -2.595825e-02
vertex -1.439680e-01 1.057616e+00 6.532592e-03
endloop
endfacet
facet normal 0 0 0
outer loop
vertex 7.873816e-02 1.046306e+00 -3.893197e-02
vertex 7.706974e-02 1.046407e+00 -3.830229e-02
vertex 8.072094e-02 1.045371e+00 -3.147644e-02
endloop
endfacet
facet normal 0 0 0
outer loop
vertex 7.706974e-02 1.046407e+00 -3.830229e-02
vertex 7.176664e-02 1.047228e+00 -4.135279e-02
vertex 8.072094e-02 1.045371e+00 -3.147644e-02
endloop
endfacet
facet normal 0 0 0
outer loop
vertex 8.072094e-02 1.045371e+00 -3.147644e-02
vertex 7.176664e-02 1.047228e+00 -4.135279e-02
vertex 9.045886e-02 1.051748e+00 -1.658771e-02
endloop
endfacet
facet normal 0 0 0
outer loop
vertex -1.436641e-01 4.309640e-02 2.657664e-01
vertex -1.194446e-01 3.248487e-02 3.062557e-01
vertex -1.146600e-01 4.700475e-02 2.658412e-01
endloop
endfacet
facet normal 0 0 0
outer loop
vertex -1.194446e-01 3.248487e-02 3.062557e-01
vertex -1.436641e-01 4.309640e-02 2.657664e-01
vertex -1.393595e-01 3.294275e-02 2.956534e-01
endloop
endfacet
facet normal 0 0 0
outer loop
vertex -9.725517e-02 3.232792e-02 2.956051e-01
vertex -1.146600e-01 4.700475e-02 2.658412e-01
vertex -1.194446e-01 3.248487e-02 3.062557e-01
endloop
endfacet
facet normal 0 0 0
outer loop
vertex -1.198314e-01 7.183608e-01 -4.226155e-03
vertex -1.190244e-01 6.891090e-01 -3.686262e-02
vertex -1.358371e-01 6.547536e-01 -1.603124e-03
endloop
endfacet
facet normal 0 0 0
outer loop
vertex 1.604937e-01 5.957737e-01 4.217686e-01
vertex 1.695196e-01 6.114290e-01 4.151092e-01
vertex 1.633915e-01 6.150009e-01 4.383858e-01
endloop
endfacet
facet normal 0 0 0
outer loop
vertex 6.617866e-02 1.265242e+00 -2.335036e-02
vertex 6.836757e-02 1.263036e+00 -7.943486e-03
vertex 6.253576e-02 1.245928e+00 -9.669299e-03
endloop
endfacet
facet normal 0 0 0
outer loop
vertex 6.444705e-02 1.266984e+00 -3.542617e-02
vertex 6.617866e-02 1.265242e+00 -2.335036e-02
vertex 6.043290e-02 1.248441e+00 -2.504603e-02
endloop
endfacet
facet normal 0 0 0
outer loop
vertex -1.131345e-01 9.337125e-01 -6.633649e-02
vertex -1.184948e-01 8.993980e-01 -2.569268e-02
vertex -1.131742e-01 9.539859e-01 -5.794707e-02
endloop
endfacet
facet normal 0 0 0
outer loop
vertex 3.677761e-02 1.411629e+00 2.155137e-01
vertex 3.641867e-02 1.412120e+00 2.058513e-01
vertex 1.804576e-02 1.424405e+00 2.069665e-01
endloop
endfacet
facet normal 0 0 0
outer loop
vertex -1.464201e-01 9.361695e-01 -3.207979e-02
vertex -1.667210e-01 8.967441e-01 -8.750011e-02
vertex -1.213453e-01 9.499753e-01 -5.951382e-02
endloop
endfacet
facet normal 0 0 0
outer loop
vertex -1.450331e-01 1.406622e+00 -3.871307e-02
vertex -1.594464e-01 1.396814e+00 -3.342502e-02
vertex -1.463779e-01 1.408176e+00 -3.223472e-02
endloop
endfacet
facet normal 0 0 0
outer loop
vertex -1.594464e-01 1.396814e+00 -3.342502e-02
vertex -1.472918e-01 1.408352e+00 -2.251618e-02
vertex -1.463779e-01 1.408176e+00 -3.223472e-02
endloop
endfacet
facet normal 0 0 0
outer loop
vertex 1.784386e-01 6.566615e-01 3.176987e-01
vertex 1.708932e-01 6.223638e-01 3.684099e-01
vertex 1.554962e-01 6.581340e-01 3.221691e-01
endloop
endfacet
facet normal 0 0 0
outer loop
vertex 1.554962e-01 6.581340e-01 3.221691e-01
vertex 1.708932e-01 6.223638e-01 3.684099e-01
vertex 1.529952e-01 6.244448e-01 3.715443e-01
endloop
endfacet
facet normal 0 0 0
outer loop
vertex -1.139809e-01 9.610620e-01 -4.606270e-02
vertex -1.132460e-01 9.676183e-01 -6.215719e-02
vertex -9.671655e-02 9.870522e-01 -1.452949e-02
endloop
endfacet
facet normal 0 0 0
outer loop
vertex 1.625860e-02 1.560953e-01 -4.184188e-01
vertex 1.228165e-02 1.794335e-01 -4.325292e-01
vertex 1.633804e-02 1.564527e-01 -4.327337e-01
endloop
endfacet
facet normal 0 0 0
outer loop
vertex 1.551001e-02 3.734712e-01 -1.336367e-01
vertex 6.244366e-03 3.397180e-01 -1.177963e-01
vertex 5.960886e-03 3.498299e-01 -1.048872e-01
endloop
endfacet
facet normal 0 0 0
outer loop
vertex -1.215631e-01 7.887421e-01 7.388348e-02
vertex -1.239285e-01 8.242379e-01 4.156225e-02
vertex -1.344430e-01 7.914125e-01 3.511268e-03
endloop
endfacet
facet normal 0 0 0
outer loop
vertex -2.168308e-01 1.248603e+00 1.133247e-01
vertex -2.140159e-01 1.225521e+00 1.384982e-01
vertex -2.207930e-01 1.244981e+00 1.403817e-01
endloop
endfacet
facet normal 0 0 0
outer loop
vertex -1.124027e-01 9.310180e-01 9.516246e-02
vertex -1.173720e-01 8.920830e-01 4.674263e-02
vertex -1.134140e-01 8.570632e-01 7.961323e-02
endloop
endfacet
facet normal 0 0 0
outer loop
vertex -1.385584e-01 1.420166e+00 5.379887e-02
vertex -1.364190e-01 1.419394e+00 2.630697e-02
vertex -1.543575e-01 1.409698e+00 5.268383e-02
endloop
endfacet
facet normal 0 0 0
outer loop
vertex 3.555289e-02 1.142469e+00 1.789930e-01
vertex 3.583513e-02 1.141126e+00 1.885589e-01
vertex 1.654578e-02 1.131023e+00 1.776919e-01
endloop
endfacet
facet normal 0 0 0
outer loop
vertex 7.856694e-02 9.584394e-01 1.260748e-02
vertex 7.228266e-02 9.618425e-01 2.554743e-02
vertex 7.203119e-02 9.657722e-01 1.747676e-02
endloop
endfacet
facet normal 0 0 0
outer loop
vertex 7.203119e-02 9.657722e-01 1.747676e-02
vertex 7.228266e-02 9.618425e-01 2.554743e-02
vertex 7.190681e-02 9.677506e-01 9.892168e-03
endloop
endfacet
facet normal 0 0 0
outer loop
vertex 7.856694e-02 9.584394e-01 1.260748e-02
vertex 7.203119e-02 9.657722e-01 1.747676e-02
vertex 7.193521e-02 9.685329e-01 1.124082e-02
endloop
endfacet
facet normal 0 0 0
outer loop
vertex 7.188680e-02 9.680428e-01 1.257121e-02
vertex 7.190681e-02 9.677506e-01 9.892168e-03
vertex 7.193521e-02 9.685329e-01 1.124082e-02
endloop
endfacet
facet normal 0 0 0
outer loop
vertex 7.193521e-02 9.685329e-01 1.124082e-02
vertex 7.203119e-02 9.657722e-01 1.747676e-02
vertex 7.188680e-02 9.680428e-01 1.257121e-02
endloop
endfacet
facet normal 0 0 0
outer loop
vertex 7.203119e-02 9.657722e-01 1.747676e-02
vertex 7.190681e-02 9.677506e-01 9.892168e-03
vertex 7.188680e-02 9.680428e-01 1.257121e-02
endloop
endfacet
facet normal 0 0 0
outer loop
vertex 7.285196e-02 9.529455e-01 4.391675e-02
vertex 6.077245e-02 9.680755e-01 4.924811e-02
vertex 7.228266e-02 9.618425e-01 2.554743e-02
endloop
endfacet
facet normal 0 0 0
outer loop
vertex -1.320668e-01 5.851038e-01 7.258335e-02
vertex -1.316319e-01 5.991845e-01 7.061710e-02
vertex -1.461629e-01 5.828371e-01 -4.848631e-05
endloop
endfacet
facet normal 0 0 0
outer loop
vertex -4.390621e-02 1.102167e+00 1.019296e-01
vertex -6.647313e-02 1.100934e+00 9.328029e-02
vertex -4.515198e-02 1.095312e+00 1.036650e-01
endloop
endfacet
facet normal 0 0 0
outer loop
vertex -4.515198e-02 1.095312e+00 1.036650e-01
vertex -2.371504e-02 1.088461e+00 1.145931e-01
vertex -2.227464e-02 1.096721e+00 1.052902e-01
endloop
endfacet
facet normal 0 0 0
outer loop
vertex -2.227464e-02 1.096721e+00 1.052902e-01
vertex -4.390621e-02 1.102167e+00 1.019296e-01
vertex -4.515198e-02 1.095312e+00 1.036650e-01
endloop
endfacet
facet normal 0 0 0
outer loop
vertex -5.086743e-02 1.087420e+00 1.127404e-01
vertex -2.371504e-02 1.088461e+00 1.145931e-01
vertex -4.515198e-02 1.095312e+00 1.036650e-01
endloop
endfacet
facet normal 0 0 0
outer loop
vertex 8.121831e-02 3.907189e-01 -1.265928e-01
vertex 4.763652e-02 3.975419e-01 -1.361425e-01
vertex 8.087838e-02 4.271167e-01 -1.140925e-01
endloop
endfacet
facet normal 0 0 0
outer loop
vertex -1.391360e-01 3.422627e-03 1.232247e-01
vertex -1.277048e-01 5.002278e-03 7.746743e-02
vertex -1.363095e-01 -4.612985e-03 1.225969e-01
endloop
endfacet
facet normal 0 0 0
outer loop
vertex -6.601883e-02 1.110215e+00 9.436742e-02
vertex -6.647313e-02 1.100934e+00 9.328029e-02
vertex -4.443747e-02 1.110816e+00 1.031040e-01
endloop
endfacet
facet normal 0 0 0
outer loop
vertex -6.647313e-02 1.100934e+00 9.328029e-02
vertex -4.390621e-02 1.102167e+00 1.019296e-01
vertex -4.443747e-02 1.110816e+00 1.031040e-01
endloop
endfacet
facet normal 0 0 0
outer loop
vertex -1.320892e-01 5.895331e-01 -7.537515e-02
vertex -1.328568e-01 5.708281e-01 -6.978947e-02
vertex -1.464212e-01 6.006361e-01 -3.142051e-03
endloop
endfacet
facet normal 0 0 0
outer loop
vertex 1.228165e-02 1.794335e-01 -4.325292e-01
vertex 1.241626e-02 2.025129e-01 -4.169742e-01
vertex 1.301099e-02 2.042033e-01 -4.322121e-01
endloop
endfacet
facet normal 0 0 0
outer loop
vertex -1.354478e-01 2.255713e-01 1.859714e-01
vertex -1.355317e-01 2.666283e-01 1.866695e-01
vertex -1.407967e-01 2.625868e-01 1.693379e-01
endloop
endfacet
facet normal 0 0 0
outer loop
vertex 6.264269e-02 1.351644e+00 1.746131e-03
vertex 6.836095e-02 1.334565e+00 -8.557974e-04
vertex 6.618673e-02 1.335546e+00 -1.638275e-02
endloop
endfacet
facet normal 0 0 0
outer loop
vertex 5.822590e-02 1.032146e+00 -6.086789e-02
vertex 2.057135e-02 1.088154e+00 -4.391456e-02
vertex 8.096672e-02 1.064243e+00 -3.184582e-02
endloop
endfacet
facet normal 0 0 0
outer loop
vertex 5.447223e-02 1.367913e+00 2.371321e-03
vertex 5.694107e-02 1.367385e+00 2.216593e-02
vertex 6.264269e-02 1.351644e+00 1.746131e-03
endloop
endfacet
facet normal 0 0 0
outer loop
vertex 1.576664e-01 9.308878e-01 9.738292e-02
vertex 1.666854e-01 9.085867e-01 1.398815e-01
vertex 1.677656e-01 8.871431e-01 1.083275e-01
endloop
endfacet
facet normal 0 0 0
outer loop
vertex 1.939581e-02 2.682327e-01 -3.662795e-01
vertex 1.036985e-02 2.332728e-01 -3.681361e-01
vertex 1.834344e-02 2.613881e-01 -3.552828e-01
endloop
endfacet
facet normal 0 0 0
outer loop
vertex 2.946912e-02 1.410565e+00 1.305289e-01
vertex 4.103798e-02 1.396900e+00 9.083406e-02
vertex 2.612569e-02 1.409935e+00 9.204363e-02
endloop
endfacet
facet normal 0 0 0
outer loop
vertex 4.103798e-02 1.396900e+00 9.083406e-02
vertex 2.946912e-02 1.410565e+00 1.305289e-01
vertex 4.495810e-02 1.397028e+00 1.292748e-01
endloop
endfacet
facet normal 0 0 0
outer loop
vertex 1.310811e-01 7.186227e-01 2.980315e-01
vertex 1.292642e-01 7.389327e-01 3.148460e-01
vertex 1.282917e-01 7.454000e-01 3.075144e-01
endloop
endfacet
facet normal 0 0 0
outer loop
vertex 1.422041e-01 7.276326e-01 2.565669e-01
vertex 1.194349e-01 7.778241e-01 2.342491e-01
vertex 1.357715e-01 7.676966e-01 2.127665e-01
endloop
endfacet
facet normal 0 0 0
outer loop
vertex -2.603589e-02 1.124637e+00 1.489832e-01
vertex -5.149978e-03 1.134628e+00 1.290284e-01
vertex -5.205199e-03 1.129501e+00 1.495900e-01
endloop
endfacet
facet normal 0 0 0
outer loop
vertex -5.149978e-03 1.134628e+00 1.290284e-01
vertex -2.603589e-02 1.124637e+00 1.489832e-01
vertex -2.668158e-02 1.129700e+00 1.297001e-01
endloop
endfacet
facet normal 0 0 0
outer loop
vertex -1.472066e-01 1.197575e+00 -4.335165e-02
vertex -1.462995e-01 1.199596e+00 -5.285462e-02
vertex -1.319254e-01 1.189996e+00 -5.374116e-02
endloop
endfacet
facet normal 0 0 0
outer loop
vertex -1.472066e-01 1.197575e+00 -4.335165e-02
vertex -1.319254e-01 1.189996e+00 -5.374116e-02
vertex -1.326787e-01 1.187867e+00 -4.424846e-02
endloop
endfacet
facet normal 0 0 0
outer loop
vertex -2.802285e-01 6.348572e-01 -3.536421e-01
vertex -2.655261e-01 6.667493e-01 -3.085782e-01
vertex -2.893296e-01 6.340829e-01 -3.312393e-01
endloop
endfacet
facet normal 0 0 0
outer loop
vertex 7.109677e-02 1.020876e+00 8.605348e-02
vertex 7.111225e-02 1.021381e+00 8.587434e-02
vertex 7.003075e-02 1.014621e+00 9.561886e-02
endloop
endfacet
facet normal 0 0 0
outer loop
vertex 7.111225e-02 1.021381e+00 8.587434e-02
vertex 7.109677e-02 1.020876e+00 8.605348e-02
vertex 7.609989e-02 1.022850e+00 8.993746e-02
endloop
endfacet
facet normal 0 0 0
outer loop
vertex 7.111225e-02 1.021381e+00 8.587434e-02
vertex 7.109677e-02 1.020876e+00 8.605348e-02
vertex 7.121467e-02 1.021567e+00 8.499558e-02
endloop
endfacet
facet normal 0 0 0
outer loop
vertex -1.316319e-01 5.991845e-01 7.061710e-02
vertex -1.309990e-01 6.145477e-01 6.964680e-02
vertex -1.464212e-01 6.006361e-01 -3.142051e-03
endloop
endfacet
facet normal 0 0 0
outer loop
vertex -1.461629e-01 5.828371e-01 -4.848631e-05
vertex -1.316319e-01 5.991845e-01 7.061710e-02
vertex -1.464212e-01 6.006361e-01 -3.142051e-03
endloop
endfacet
facet normal 0 0 0
outer loop
vertex 7.003075e-02 1.014621e+00 9.561886e-02
vertex 7.111225e-02 1.021381e+00 8.587434e-02
vertex 7.074607e-02 1.038209e+00 8.731732e-02
endloop
endfacet
facet normal 0 0 0
outer loop
vertex 4.973031e-02 1.236499e+00 -4.823687e-02
vertex 4.001358e-02 1.222188e+00 -4.970882e-02
vertex 3.813398e-02 1.224534e+00 -5.581782e-02
endloop
endfacet
facet normal 0 0 0
outer loop
vertex 7.204905e-02 1.023356e+00 7.614233e-02
vertex 7.121467e-02 1.021567e+00 8.499558e-02
vertex 7.045622e-02 1.011375e+00 8.927546e-02
endloop
endfacet
facet normal 0 0 0
outer loop
vertex 7.121467e-02 1.021567e+00 8.499558e-02
vertex 7.074607e-02 1.038209e+00 8.731732e-02
vertex 7.111225e-02 1.021381e+00 8.587434e-02
endloop
endfacet
facet normal 0 0 0
outer loop
vertex 7.111225e-02 1.021381e+00 8.587434e-02
vertex 7.609989e-02 1.022850e+00 8.993746e-02
vertex 7.121467e-02 1.021567e+00 8.499558e-02
endloop
endfacet
facet normal 0 0 0
outer loop
vertex 1.697483e-02 1.942084e-01 -3.640949e-01
vertex 9.358736e-03 2.311513e-01 -3.516198e-01
vertex 1.036985e-02 2.332728e-01 -3.681361e-01
endloop
endfacet
facet normal 0 0 0
outer loop
vertex 7.609989e-02 1.022850e+00 8.993746e-02
vertex 7.071820e-02 1.015133e+00 8.790145e-02
vertex 7.045622e-02 1.011375e+00 8.927546e-02
endloop
endfacet
facet normal 0 0 0
outer loop
vertex 7.071820e-02 1.015133e+00 8.790145e-02
vertex 7.003075e-02 1.014621e+00 9.561886e-02
vertex 7.045622e-02 1.011375e+00 8.927546e-02
endloop
endfacet
facet normal 0 0 0
outer loop
vertex 1.316689e-01 6.671582e-01 4.078039e-01
vertex 1.374397e-01 6.442013e-01 3.887309e-01
vertex 1.378741e-01 6.329634e-01 4.339143e-01
endloop
endfacet
facet normal 0 0 0
outer loop
vertex -2.324605e-01 7.479498e-01 -2.564523e-01
vertex -2.316228e-01 7.500706e-01 -2.475810e-01
vertex -2.413900e-01 7.261959e-01 -2.336534e-01
endloop
endfacet
facet normal 0 0 0
outer loop
vertex -2.316228e-01 7.500706e-01 -2.475810e-01
vertex -2.379404e-01 7.324207e-01 -2.263853e-01
vertex -2.413900e-01 7.261959e-01 -2.336534e-01
endloop
endfacet
facet normal 0 0 0
outer loop
vertex -1.340978e-01 5.098796e-01 -3.426317e-02
vertex -1.343774e-01 4.776421e-01 -6.221427e-03
vertex -1.456985e-01 5.260912e-01 2.740060e-02
endloop
endfacet
facet normal 0 0 0
outer loop
vertex 5.615519e-02 9.942499e-01 8.239194e-02
vertex 4.718908e-02 1.014338e+00 6.638436e-02
vertex 5.202118e-02 9.882223e-01 3.238467e-02
endloop
endfacet
facet normal 0 0 0
outer loop
vertex -2.263152e-01 1.285857e+00 1.443851e-01
vertex -2.248815e-01 1.265250e+00 1.423636e-01
vertex -2.293695e-01 1.283987e+00 1.640247e-01
endloop
endfacet
facet normal 0 0 0
outer loop
vertex 5.129695e-02 1.219533e+00 2.050490e-01
vertex 3.807424e-02 1.216783e+00 2.047230e-01
vertex 4.205476e-02 1.203437e+00 2.034038e-01
endloop
endfacet
facet normal 0 0 0
outer loop
vertex -1.085001e-01 -8.796163e-03 1.709100e-01
vertex -1.089600e-01 -7.761234e-03 1.299079e-01
vertex -9.785114e-02 -7.806838e-03 1.286111e-01
endloop
endfacet
facet normal 0 0 0
outer loop
vertex -9.785114e-02 -7.806838e-03 1.286111e-01
vertex -1.089600e-01 -7.761234e-03 1.299079e-01
vertex -1.019289e-01 -6.347250e-03 9.804869e-02
endloop
endfacet
facet normal 0 0 0
outer loop
vertex 7.739073e-03 2.767131e-01 -2.240309e-01
vertex 1.734353e-02 2.989196e-01 -2.427771e-01
vertex 8.870512e-03 2.476759e-01 -2.976792e-01
endloop
endfacet
facet normal 0 0 0
outer loop
vertex -1.594464e-01 1.396814e+00 -3.342502e-02
vertex -1.720793e-01 1.383753e+00 -2.507631e-02
vertex -1.604987e-01 1.396862e+00 -2.371997e-02
endloop
endfacet
facet normal 0 0 0
outer loop
vertex 4.776080e-02 1.397111e+00 1.567318e-01
vertex 3.187707e-02 1.411006e+00 1.580199e-01
vertex 4.988923e-02 1.397238e+00 1.765943e-01
endloop
endfacet
facet normal 0 0 0
outer loop
vertex 8.096672e-02 1.064243e+00 -3.184582e-02
vertex 7.849894e-02 1.081611e+00 3.300387e-02
vertex 8.340023e-02 1.075981e+00 2.659054e-02
endloop
endfacet
facet normal 0 0 0
outer loop
vertex 1.029546e-01 8.660770e-01 1.879126e-01
vertex 1.072702e-01 8.383236e-01 1.629955e-01
vertex 1.068360e-01 8.538513e-01 1.958142e-01
endloop
endfacet
facet normal 0 0 0
outer loop
vertex 1.072702e-01 8.383236e-01 1.629955e-01
vertex 1.096259e-01 8.294389e-01 1.726802e-01
vertex 1.068360e-01 8.538513e-01 1.958142e-01
endloop
endfacet
facet normal 0 0 0
outer loop
vertex -1.456985e-01 5.260912e-01 2.740060e-02
vertex -1.401778e-01 4.857479e-01 2.461046e-02
vertex -1.459968e-01 4.609877e-01 7.374756e-02
endloop
endfacet
facet normal 0 0 0
outer loop
vertex 8.340023e-02 1.075981e+00 2.659054e-02
vertex 8.765672e-02 1.070280e+00 2.213193e-02
vertex 8.733035e-02 1.054890e+00 -2.065451e-02
endloop
endfacet
facet normal 0 0 0
outer loop
vertex -2.602075e-01 8.247203e-01 -1.705535e-01
vertex -2.430416e-01 8.669705e-01 -1.502703e-01
vertex -2.550925e-01 8.435479e-01 -1.902023e-01
endloop
endfacet
facet normal 0 0 0
outer loop
vertex -2.430416e-01 8.669705e-01 -1.502703e-01
vertex -2.350430e-01 8.925406e-01 -1.700979e-01
vertex -2.550925e-01 8.435479e-01 -1.902023e-01
endloop
endfacet
facet normal 0 0 0
outer loop
vertex -2.338309e-01 7.445670e-01 -2.676098e-01
vertex -2.324605e-01 7.479498e-01 -2.564523e-01
vertex -2.451819e-01 7.196122e-01 -2.424404e-01
endloop
endfacet
facet normal 0 0 0
outer loop
vertex -2.324605e-01 7.479498e-01 -2.564523e-01
vertex -2.413900e-01 7.261959e-01 -2.336534e-01
vertex -2.451819e-01 7.196122e-01 -2.424404e-01
endloop
endfacet
facet normal 0 0 0
outer loop
vertex -1.858357e-01 1.382726e+00 8.825193e-02
vertex -1.904889e-01 1.382376e+00 1.265907e-01
vertex -1.728187e-01 1.397472e+00 8.977759e-02
endloop
endfacet
facet normal 0 0 0
outer loop
vertex 5.111623e-02 2.924927e-01 -1.219918e-01
vertex 6.689423e-02 2.760484e-01 -1.651617e-01
vertex 8.300202e-02 3.035296e-01 -1.323463e-01
endloop
endfacet
facet normal 0 0 0
outer loop
vertex 1.563294e-01 9.423869e-01 1.128029e-01
vertex 1.495515e-01 9.430991e-01 1.309555e-01
vertex 1.666854e-01 9.085867e-01 1.398815e-01
endloop
endfacet
facet normal 0 0 0
outer loop
vertex -2.522593e-01 7.030203e-01 -2.639405e-01
vertex -2.397799e-01 7.287846e-01 -2.889730e-01
vertex -2.338309e-01 7.445670e-01 -2.676098e-01
endloop
endfacet
facet normal 0 0 0
outer loop
vertex -2.522593e-01 7.030203e-01 -2.639405e-01
vertex -2.338309e-01 7.445670e-01 -2.676098e-01
vertex -2.451819e-01 7.196122e-01 -2.424404e-01
endloop
endfacet
facet normal 0 0 0
outer loop
vertex -1.849805e-01 1.398622e+00 2.033944e-01
vertex -1.994019e-01 1.382290e+00 2.017159e-01
vertex -1.998986e-01 1.381729e+00 2.113679e-01
endloop
endfacet
facet normal 0 0 0
outer loop
vertex 7.027522e-02 8.925153e-01 4.676450e-02
vertex 7.452340e-02 9.276409e-01 1.387571e-02
vertex 6.608324e-02 9.316687e-01 9.523372e-02
endloop
endfacet
facet normal 0 0 0
outer loop
vertex 7.452340e-02 9.276409e-01 1.387571e-02
vertex 7.027522e-02 8.925153e-01 4.676450e-02
vertex 3.808491e-02 8.806665e-01 3.363201e-02
endloop
endfacet
facet normal 0 0 0
outer loop
vertex 1.264176e-01 7.416072e-01 2.727544e-01
vertex 1.252133e-01 7.605711e-01 2.916248e-01
vertex 1.188825e-01 7.932733e-01 2.587560e-01
endloop
endfacet
facet normal 0 0 0
outer loop
vertex 1.282917e-01 7.454000e-01 3.075144e-01
vertex 1.297830e-01 7.255867e-01 2.910844e-01
vertex 1.310811e-01 7.186227e-01 2.980315e-01
endloop
endfacet
facet normal 0 0 0
outer loop
vertex 5.960886e-03 3.498299e-01 -1.048872e-01
vertex 5.333632e-03 3.645650e-01 -9.503106e-02
vertex 1.551001e-02 3.734712e-01 -1.336367e-01
endloop
endfacet
facet normal 0 0 0
outer loop
vertex 8.121831e-02 3.907189e-01 -1.265928e-01
vertex 4.791664e-02 3.841193e-01 -1.429054e-01
vertex 4.763652e-02 3.975419e-01 -1.361425e-01
endloop
endfacet
facet normal 0 0 0
outer loop
vertex 4.763652e-02 3.975419e-01 -1.361425e-01
vertex 4.791664e-02 3.841193e-01 -1.429054e-01
vertex 1.501299e-02 3.874782e-01 -1.260040e-01
endloop
endfacet
facet normal 0 0 0
outer loop
vertex 4.799829e-02 3.748684e-01 -1.531196e-01
vertex 8.113763e-02 3.683451e-01 -1.451783e-01
vertex 8.047905e-02 3.522291e-01 -1.783393e-01
endloop
endfacet
facet normal 0 0 0
outer loop
vertex -1.483802e-01 9.638324e-01 -1.438327e-01
vertex -1.291197e-01 9.387937e-01 -1.359482e-01
vertex -1.601897e-01 9.441744e-01 -1.680364e-01
endloop
endfacet
facet normal 0 0 0
outer loop
vertex -1.601897e-01 9.441744e-01 -1.680364e-01
vertex -1.291197e-01 9.387937e-01 -1.359482e-01
vertex -1.405786e-01 9.199050e-01 -1.577698e-01
endloop
endfacet
facet normal 0 0 0
outer loop
vertex 5.343708e-02 1.397027e+00 2.141569e-01
vertex 5.302264e-02 1.397567e+00 2.044995e-01
vertex 3.677761e-02 1.411629e+00 2.155137e-01
endloop
endfacet
facet normal 0 0 0
outer loop
vertex 3.677761e-02 1.411629e+00 2.155137e-01
vertex 5.302264e-02 1.397567e+00 2.044995e-01
vertex 3.641867e-02 1.412120e+00 2.058513e-01
endloop
endfacet
facet normal 0 0 0
outer loop
vertex 1.130659e-01 8.127871e-01 1.936137e-01
vertex 1.093977e-01 8.432246e-01 2.055065e-01
vertex 1.096259e-01 8.294389e-01 1.726802e-01
endloop
endfacet
facet normal 0 0 0
outer loop
vertex 1.093977e-01 8.432246e-01 2.055065e-01
vertex 1.068360e-01 8.538513e-01 1.958142e-01
vertex 1.096259e-01 8.294389e-01 1.726802e-01
endloop
endfacet
facet normal 0 0 0
outer loop
vertex 1.228165e-02 1.794335e-01 -4.325292e-01
vertex 1.625860e-02 1.560953e-01 -4.184188e-01
vertex 1.224572e-02 1.788267e-01 -4.175523e-01
endloop
endfacet
facet normal 0 0 0
outer loop
vertex 1.224572e-02 1.788267e-01 -4.175523e-01
vertex 1.241626e-02 2.025129e-01 -4.169742e-01
vertex 1.228165e-02 1.794335e-01 -4.325292e-01
endloop
endfacet
facet normal 0 0 0
outer loop
vertex 1.224572e-02 1.788267e-01 -4.175523e-01
vertex 1.625860e-02 1.560953e-01 -4.184188e-01
vertex 1.619410e-02 1.552834e-01 -3.970195e-01
endloop
endfacet
facet normal 0 0 0
outer loop
vertex -1.656749e-01 1.397122e+00 2.395585e-02
vertex -1.686496e-01 1.397261e+00 5.138088e-02
vertex -1.543575e-01 1.409698e+00 5.268383e-02
endloop
endfacet
facet normal 0 0 0
outer loop
vertex -1.517774e-01 1.409208e+00 2.522201e-02
vertex -1.656749e-01 1.397122e+00 2.395585e-02
vertex -1.543575e-01 1.409698e+00 5.268383e-02
endloop
endfacet
facet normal 0 0 0
outer loop
vertex -1.543575e-01 1.409698e+00 5.268383e-02
vertex -1.364190e-01 1.419394e+00 2.630697e-02
vertex -1.517774e-01 1.409208e+00 2.522201e-02
endloop
endfacet
facet normal 0 0 0
outer loop
vertex 5.042768e-02 3.611780e-01 -3.601117e-02
vertex 4.962945e-02 3.920920e-01 -9.555145e-03
vertex 3.247260e-02 3.982271e-01 -1.133969e-02
endloop
endfacet
facet normal 0 0 0
outer loop
vertex -7.584134e-02 9.194639e-02 1.110446e-01
vertex -1.047956e-01 1.020413e-01 1.016327e-01
vertex -7.558567e-02 1.026468e-01 1.132264e-01
endloop
endfacet
facet normal 0 0 0
outer loop
vertex -1.187448e-01 9.733877e-01 8.538845e-03
vertex -1.187440e-01 9.760806e-01 1.559951e-02
vertex -1.191056e-01 9.856055e-01 6.097269e-03
endloop
endfacet
facet normal 0 0 0
outer loop
vertex 6.964360e-02 1.040267e+00 -5.107490e-02
vertex 5.822590e-02 1.032146e+00 -6.086789e-02
vertex 8.096672e-02 1.064243e+00 -3.184582e-02
endloop
endfacet
facet normal 0 0 0
outer loop
vertex 5.587074e-02 8.000391e-01 2.041276e-02
vertex 4.490109e-02 7.968463e-01 -4.764003e-02
vertex 4.150943e-02 8.385544e-01 -7.199930e-03
endloop
endfacet
facet normal 0 0 0
outer loop
vertex -1.320668e-01 5.851038e-01 7.258335e-02
vertex -1.461629e-01 5.828371e-01 -4.848631e-05
vertex -1.456086e-01 5.670469e-01 5.011508e-03
endloop
endfacet
facet normal 0 0 0
outer loop
vertex -1.320668e-01 5.851038e-01 7.258335e-02
vertex -1.456086e-01 5.670469e-01 5.011508e-03
vertex -1.454943e-01 5.552992e-01 1.041936e-02
endloop
endfacet
facet normal 0 0 0
outer loop
vertex -1.323090e-01 5.743896e-01 7.626049e-02
vertex -1.320668e-01 5.851038e-01 7.258335e-02
vertex -1.454943e-01 5.552992e-01 1.041936e-02
endloop
endfacet
facet normal 0 0 0
outer loop
vertex -1.224756e-01 6.521459e-01 7.311145e-02
vertex -1.358371e-01 6.547536e-01 -1.603124e-03
vertex -1.278280e-01 6.279727e-01 5.943303e-02
endloop
endfacet
facet normal 0 0 0
outer loop
vertex 5.333632e-03 3.645650e-01 -9.503106e-02
vertex 1.501299e-02 3.874782e-01 -1.260040e-01
vertex 1.551001e-02 3.734712e-01 -1.336367e-01
endloop
endfacet
facet normal 0 0 0
outer loop
vertex -1.190325e-01 9.880599e-01 3.506414e-03
vertex -1.191462e-01 9.869782e-01 5.822942e-03
vertex -1.236800e-01 9.966238e-01 -1.342708e-03
endloop
endfacet
facet normal 0 0 0
outer loop
vertex -1.236800e-01 9.966238e-01 -1.342708e-03
vertex -1.190706e-01 9.871396e-01 4.487005e-03
vertex -1.190325e-01 9.880599e-01 3.506414e-03
endloop
endfacet
facet normal 0 0 0
outer loop
vertex -1.190706e-01 9.871396e-01 4.487005e-03
vertex -1.191462e-01 9.869782e-01 5.822942e-03
vertex -1.190325e-01 9.880599e-01 3.506414e-03
endloop
endfacet
facet normal 0 0 0
outer loop
vertex -1.191462e-01 9.869782e-01 5.822942e-03
vertex -1.190706e-01 9.871396e-01 4.487005e-03
vertex -1.191056e-01 9.856055e-01 6.097269e-03
endloop
endfacet
facet normal 0 0 0
outer loop
vertex -1.191056e-01 9.856055e-01 6.097269e-03
vertex -1.190706e-01 9.871396e-01 4.487005e-03
vertex -1.236800e-01 9.966238e-01 -1.342708e-03
endloop
endfacet
facet normal 0 0 0
outer loop
vertex -1.190325e-01 9.880599e-01 3.506414e-03
vertex -1.190706e-01 9.871396e-01 4.487005e-03
vertex -1.191056e-01 9.856055e-01 6.097269e-03
endloop
endfacet
facet normal 0 0 0
outer loop
vertex -1.213453e-01 9.499753e-01 -5.951382e-02
vertex -1.139809e-01 9.610620e-01 -4.606270e-02
vertex -1.162381e-01 9.670675e-01 -2.142254e-02
endloop
endfacet
facet normal 0 0 0
outer loop
vertex -1.139809e-01 9.610620e-01 -4.606270e-02
vertex -1.185543e-01 9.669400e-01 9.827344e-03
vertex -1.162381e-01 9.670675e-01 -2.142254e-02
endloop
endfacet
facet normal 0 0 0
outer loop
vertex -1.185543e-01 9.669400e-01 9.827344e-03
vertex -1.181202e-01 9.714278e-01 -2.633134e-04
vertex -1.162381e-01 9.670675e-01 -2.142254e-02
endloop
endfacet
facet normal 0 0 0
outer loop
vertex -1.181202e-01 9.714278e-01 -2.633134e-04
vertex -1.464201e-01 9.361695e-01 -3.207979e-02
vertex -1.162381e-01 9.670675e-01 -2.142254e-02
endloop
endfacet
facet normal 0 0 0
outer loop
vertex -1.187440e-01 9.760806e-01 1.559951e-02
vertex -1.187448e-01 9.733877e-01 8.538845e-03
vertex -1.187258e-01 9.755012e-01 1.581444e-02
endloop
endfacet
facet normal 0 0 0
outer loop
vertex 1.576664e-01 9.308878e-01 9.738292e-02
vertex 1.480545e-01 9.546546e-01 5.209097e-02
vertex 1.459733e-01 9.761870e-01 8.572426e-02
endloop
endfacet
facet normal 0 0 0
outer loop
vertex 1.567024e-01 9.250352e-01 7.676364e-02
vertex 1.576664e-01 9.308878e-01 9.738292e-02
vertex 1.677656e-01 8.871431e-01 1.083275e-01
endloop
endfacet
facet normal 0 0 0
outer loop
vertex -1.187258e-01 9.755012e-01 1.581444e-02
vertex -1.187448e-01 9.733877e-01 8.538845e-03
vertex -1.186356e-01 9.756296e-01 1.597147e-02
endloop
endfacet
facet normal 0 0 0
outer loop
vertex 1.149854e-01 1.034968e+00 3.766841e-02
vertex 8.430302e-02 1.063258e+00 5.946200e-02
vertex 1.003464e-01 1.040806e+00 7.303116e-02
endloop
endfacet
facet normal 0 0 0
outer loop
vertex 1.604937e-01 5.957737e-01 4.217686e-01
vertex 1.633915e-01 6.150009e-01 4.383858e-01
vertex 1.509127e-01 5.991194e-01 4.498944e-01
endloop
endfacet
facet normal 0 0 0
outer loop
vertex -2.206881e-01 9.291637e-01 -1.504418e-01
vertex -1.995124e-01 9.330904e-01 -1.778984e-01
vertex -2.246211e-01 9.169277e-01 -1.590088e-01
endloop
endfacet
facet normal 0 0 0
outer loop
vertex 2.693192e-02 1.211945e+00 -5.712659e-02
vertex 4.001358e-02 1.222188e+00 -4.970882e-02
vertex 2.862805e-02 1.209266e+00 -5.097631e-02
endloop
endfacet
facet normal 0 0 0
outer loop
vertex 3.813398e-02 1.224534e+00 -5.581782e-02
vertex 4.001358e-02 1.222188e+00 -4.970882e-02
vertex 2.693192e-02 1.211945e+00 -5.712659e-02
endloop
endfacet
facet normal 0 0 0
outer loop
vertex -1.454871e-01 2.190931e-01 1.523552e-01
vertex -1.354478e-01 2.255713e-01 1.859714e-01
vertex -1.407967e-01 2.625868e-01 1.693379e-01
endloop
endfacet
facet normal 0 0 0
outer loop
vertex -1.484428e-01 1.408572e+00 -1.026521e-02
vertex -1.472918e-01 1.408352e+00 -2.251618e-02
vertex -1.604987e-01 1.396862e+00 -2.371997e-02
endloop
endfacet
facet normal 0 0 0
outer loop
vertex -1.541447e-01 1.030333e+00 3.448416e-02
vertex -1.426663e-01 9.963329e-01 3.537071e-02
vertex -1.250523e-01 1.024516e+00 7.072902e-02
endloop
endfacet
facet normal 0 0 0
outer loop
vertex 5.173084e-02 1.395225e+00 2.203037e-01
vertex 5.343708e-02 1.397027e+00 2.141569e-01
vertex 3.677761e-02 1.411629e+00 2.155137e-01
endloop
endfacet
facet normal 0 0 0
outer loop
vertex 5.173084e-02 1.395225e+00 2.203037e-01
vertex 3.677761e-02 1.411629e+00 2.155137e-01
vertex 3.536325e-02 1.409532e+00 2.216330e-01
endloop
endfacet
facet normal 0 0 0
outer loop
vertex -1.506621e-01 1.424909e+00 2.061034e-01
vertex -1.496928e-01 1.424539e+00 1.938366e-01
vertex -1.689375e-01 1.412786e+00 2.048122e-01
endloop
endfacet
facet normal 0 0 0
outer loop
vertex -1.689375e-01 1.412786e+00 2.048122e-01
vertex -1.849805e-01 1.398622e+00 2.033944e-01
vertex -1.693564e-01 1.412322e+00 2.144696e-01
endloop
endfacet
facet normal 0 0 0
outer loop
vertex -1.323090e-01 5.743896e-01 7.626049e-02
vertex -1.454943e-01 5.552992e-01 1.041936e-02
vertex -1.456985e-01 5.260912e-01 2.740060e-02
endloop
endfacet
facet normal 0 0 0
outer loop
vertex -1.841263e-01 1.398321e+00 1.910689e-01
vertex -1.689375e-01 1.412786e+00 2.048122e-01
vertex -1.677703e-01 1.412551e+00 1.925597e-01
endloop
endfacet
facet normal 0 0 0
outer loop
vertex -1.211673e-01 9.720340e-01 1.159304e-02
vertex -1.749325e-01 9.521856e-01 -1.829038e-02
vertex -1.464201e-01 9.361695e-01 -3.207979e-02
endloop
endfacet
facet normal 0 0 0
outer loop
vertex -1.162381e-01 9.670675e-01 -2.142254e-02
vertex -1.159571e-01 9.937883e-01 -5.054007e-02
vertex -1.139809e-01 9.610620e-01 -4.606270e-02
endloop
endfacet
facet normal 0 0 0
outer loop
vertex -9.226485e-02 4.623004e-03 7.649072e-02
vertex -9.501732e-02 -2.854147e-03 7.600706e-02
vertex -1.104394e-01 5.163395e-03 6.182420e-02
endloop
endfacet
facet normal 0 0 0
outer loop
vertex -1.749325e-01 9.521856e-01 -1.829038e-02
vertex -1.211673e-01 9.720340e-01 1.159304e-02
vertex -1.225761e-01 9.739887e-01 1.357331e-02
endloop
endfacet
facet normal 0 0 0
outer loop
vertex -1.225761e-01 9.739887e-01 1.357331e-02
vertex -1.187258e-01 9.755012e-01 1.581444e-02
vertex -1.187291e-01 9.757102e-01 1.604693e-02
endloop
endfacet
facet normal 0 0 0
outer loop
vertex -1.187291e-01 9.757102e-01 1.604693e-02
vertex -1.187258e-01 9.755012e-01 1.581444e-02
vertex -1.185543e-01 9.669400e-01 9.827344e-03
endloop
endfacet
facet normal 0 0 0
outer loop
vertex -1.952108e-01 9.444639e-01 -1.709843e-01
vertex -1.699358e-01 9.241086e-01 -1.808922e-01
vertex -1.995124e-01 9.330904e-01 -1.778984e-01
endloop
endfacet
facet normal 0 0 0
outer loop
vertex -1.952108e-01 9.444639e-01 -1.709843e-01
vertex -1.638751e-01 9.346107e-01 -1.762099e-01
vertex -1.699358e-01 9.241086e-01 -1.808922e-01
endloop
endfacet
facet normal 0 0 0
outer loop
vertex 4.776080e-02 1.397111e+00 1.567318e-01
vertex 4.495810e-02 1.397028e+00 1.292748e-01
vertex 3.187707e-02 1.411006e+00 1.580199e-01
endloop
endfacet
facet normal 0 0 0
outer loop
vertex 3.187707e-02 1.411006e+00 1.580199e-01
vertex 4.495810e-02 1.397028e+00 1.292748e-01
vertex 2.946912e-02 1.410565e+00 1.305289e-01
endloop
endfacet
facet normal 0 0 0
outer loop
vertex -1.122509e-01 9.769089e-01 -8.527140e-02
vertex -1.011502e-01 9.938396e-01 -6.588171e-02
vertex -1.077224e-01 9.801461e-01 -6.555123e-02
endloop
endfacet
facet normal 0 0 0
outer loop
vertex -1.011502e-01 9.938396e-01 -6.588171e-02
vertex -7.220529e-02 9.571010e-01 -7.747220e-02
vertex -1.077224e-01 9.801461e-01 -6.555123e-02
endloop
endfacet
facet normal 0 0 0
outer loop
vertex -1.464212e-01 6.006361e-01 -3.142051e-03
vertex -1.309990e-01 6.145477e-01 6.964680e-02
vertex -1.423920e-01 6.184558e-01 -6.592724e-03
endloop
endfacet
facet normal 0 0 0
outer loop
vertex 6.967286e-02 1.282646e+00 -2.160520e-02
vertex 6.905700e-02 1.301631e+00 -3.196633e-02
vertex 7.083817e-02 1.300382e+00 -1.984207e-02
endloop
endfacet
facet normal 0 0 0
outer loop
vertex -1.579675e-01 1.410377e+00 9.112962e-02
vertex -1.615801e-01 1.411065e+00 1.295763e-01
vertex -1.415582e-01 1.421263e+00 9.228919e-02
endloop
endfacet
facet normal 0 0 0
outer loop
vertex -1.615801e-01 1.411065e+00 1.295763e-01
vertex -1.445555e-01 1.422352e+00 1.307786e-01
vertex -1.415582e-01 1.421263e+00 9.228919e-02
endloop
endfacet
facet normal 0 0 0
outer loop
vertex -1.821923e-01 1.397997e+00 1.754362e-01
vertex -1.677703e-01 1.412551e+00 1.925597e-01
vertex -1.660959e-01 1.412004e+00 1.769036e-01
endloop
endfacet
facet normal 0 0 0
outer loop
vertex 6.689423e-02 2.760484e-01 -1.651617e-01
vertex 8.247389e-02 2.810579e-01 -1.694158e-01
vertex 8.300202e-02 3.035296e-01 -1.323463e-01
endloop
endfacet
facet normal 0 0 0
outer loop
vertex -1.236800e-01 9.966238e-01 -1.342708e-03
vertex -1.094593e-01 1.003754e+00 -1.722109e-02
vertex -1.227554e-01 1.012093e+00 -4.083360e-02
endloop
endfacet
facet normal 0 0 0
outer loop
vertex 1.666854e-01 9.085867e-01 1.398815e-01
vertex 1.576664e-01 9.308878e-01 9.738292e-02
vertex 1.563294e-01 9.423869e-01 1.128029e-01
endloop
endfacet
facet normal 0 0 0
outer loop
vertex -1.460726e-01 -5.832537e-03 1.967091e-01
vertex -1.488384e-01 2.638812e-03 1.970045e-01
vertex -1.458759e-01 2.824352e-03 1.720930e-01
endloop
endfacet
facet normal 0 0 0
outer loop
vertex -1.472066e-01 1.197575e+00 -4.335165e-02
vertex -1.593086e-01 1.210957e+00 -5.178875e-02
vertex -1.462995e-01 1.199596e+00 -5.285462e-02
endloop
endfacet
facet normal 0 0 0
outer loop
vertex 6.517477e-02 4.689685e-01 3.155236e-02
vertex 4.870578e-02 4.278637e-01 2.105809e-02
vertex 8.332174e-02 4.390717e-01 -1.634042e-04
endloop
endfacet
facet normal 0 0 0
outer loop
vertex 6.517477e-02 4.689685e-01 3.155236e-02
vertex 8.332174e-02 4.390717e-01 -1.634042e-04
vertex 8.319986e-02 4.740418e-01 1.931537e-02
endloop
endfacet
facet normal 0 0 0
outer loop
vertex -1.484428e-01 1.408572e+00 -1.026521e-02
vertex -1.618276e-01 1.396931e+00 -1.148477e-02
vertex -1.499119e-01 1.408853e+00 5.365622e-03
endloop
endfacet
facet normal 0 0 0
outer loop
vertex -1.635206e-01 1.397009e+00 4.124813e-03
vertex -1.499119e-01 1.408853e+00 5.365622e-03
vertex -1.618276e-01 1.396931e+00 -1.148477e-02
endloop
endfacet
facet normal 0 0 0
outer loop
vertex -1.038111e-01 1.089298e+00 -1.037943e-02
vertex -1.195266e-01 1.082971e+00 3.694862e-02
vertex -9.593961e-02 1.099963e+00 -1.482080e-02
endloop
endfacet
facet normal 0 0 0
outer loop
vertex -7.558567e-02 1.026468e-01 1.132264e-01
vertex -1.044844e-01 1.345412e-01 1.043233e-01
vertex -7.478146e-02 1.353432e-01 1.161564e-01
endloop
endfacet
facet normal 0 0 0
outer loop
vertex -1.044844e-01 1.345412e-01 1.043233e-01
vertex -7.558567e-02 1.026468e-01 1.132264e-01
vertex -1.047956e-01 1.020413e-01 1.016327e-01
endloop
endfacet
facet normal 0 0 0
outer loop
vertex 5.333632e-03 3.645650e-01 -9.503106e-02
vertex 3.630293e-03 3.972062e-01 -7.749893e-02
vertex 1.501299e-02 3.874782e-01 -1.260040e-01
endloop
endfacet
facet normal 0 0 0
outer loop
vertex -2.169941e-01 1.328433e+00 1.211915e-01
vertex -2.209473e-01 1.326834e+00 1.484488e-01
vertex -2.142462e-01 1.346475e+00 1.504171e-01
endloop
endfacet
facet normal 0 0 0
outer loop
vertex 6.408173e-02 3.039957e-01 -4.312016e-01
vertex 4.822659e-02 3.168519e-01 -4.220574e-01
vertex 6.628700e-02 3.022676e-01 -4.237927e-01
endloop
endfacet
facet normal 0 0 0
outer loop
vertex 7.482097e-02 1.278275e+00 1.344241e-02
vertex 7.192010e-02 1.280747e+00 -6.167583e-03
vertex 7.601114e-02 1.296729e+00 1.527510e-02
endloop
endfacet
facet normal 0 0 0
outer loop
vertex 7.119993e-02 1.260168e+00 1.162704e-02
vertex 6.836757e-02 1.263036e+00 -7.943486e-03
vertex 7.192010e-02 1.280747e+00 -6.167583e-03
endloop
endfacet
facet normal 0 0 0
outer loop
vertex 7.192010e-02 1.280747e+00 -6.167583e-03
vertex 7.083817e-02 1.300382e+00 -1.984207e-02
vertex 7.309949e-02 1.298792e+00 -4.374218e-03
endloop
endfacet
facet normal 0 0 0
outer loop
vertex 7.192010e-02 1.280747e+00 -6.167583e-03
vertex 6.617866e-02 1.265242e+00 -2.335036e-02
vertex 6.967286e-02 1.282646e+00 -2.160520e-02
endloop
endfacet
facet normal 0 0 0
outer loop
vertex 3.067569e-02 1.099583e+00 8.876834e-02
vertex 3.453920e-03 1.090478e+00 1.132020e-01
vertex 1.488480e-02 1.088093e+00 1.132078e-01
endloop
endfacet
facet normal 0 0 0
outer loop
vertex 3.453920e-03 1.090478e+00 1.132020e-01
vertex 1.226183e-02 1.087179e+00 1.156228e-01
vertex 1.488480e-02 1.088093e+00 1.132078e-01
endloop
endfacet
facet normal 0 0 0
outer loop
vertex -1.779826e-01 1.239874e+00 -5.534278e-02
vertex -1.707027e-01 1.223909e+00 -5.055753e-02
vertex -1.803163e-01 1.238200e+00 -4.918732e-02
endloop
endfacet
facet normal 0 0 0
outer loop
vertex 1.264176e-01 7.416072e-01 2.727544e-01
vertex 1.297830e-01 7.255867e-01 2.910844e-01
vertex 1.282917e-01 7.454000e-01 3.075144e-01
endloop
endfacet
facet normal 0 0 0
outer loop
vertex 1.264176e-01 7.416072e-01 2.727544e-01
vertex 1.282917e-01 7.454000e-01 3.075144e-01
vertex 1.252133e-01 7.605711e-01 2.916248e-01
endloop
endfacet
facet normal 0 0 0
outer loop
vertex 1.706971e-02 1.109565e+00 8.620862e-02
vertex 2.399201e-02 1.112758e+00 5.612871e-02
vertex 1.569542e-02 1.118809e+00 8.861712e-02
endloop
endfacet
facet normal 0 0 0
outer loop
vertex 1.563379e-01 6.382803e-01 4.378848e-01
vertex 1.763949e-01 6.569484e-01 3.961184e-01
vertex 1.611621e-01 6.762959e-01 4.130337e-01
endloop
endfacet
facet normal 0 0 0
outer loop
vertex -1.500710e-01 1.138378e+00 1.938385e-01
vertex -1.511094e-01 1.137377e+00 1.874005e-01
vertex -1.310444e-01 1.129274e+00 1.930488e-01
endloop
endfacet
facet normal 0 0 0
outer loop
vertex -1.328568e-01 5.708281e-01 -6.978947e-02
vertex -1.333757e-01 5.541654e-01 -6.237995e-02
vertex -1.461629e-01 5.828371e-01 -4.848631e-05
endloop
endfacet
facet normal 0 0 0
outer loop
vertex -1.464212e-01 6.006361e-01 -3.142051e-03
vertex -1.328568e-01 5.708281e-01 -6.978947e-02
vertex -1.461629e-01 5.828371e-01 -4.848631e-05
endloop
endfacet
facet normal 0 0 0
outer loop
vertex -1.506621e-01 1.424909e+00 2.061034e-01
vertex -1.689375e-01 1.412786e+00 2.048122e-01
vertex -1.693564e-01 1.412322e+00 2.144696e-01
endloop
endfacet
facet normal 0 0 0
outer loop
vertex 3.453920e-03 1.090478e+00 1.132020e-01
vertex 3.067569e-02 1.099583e+00 8.876834e-02
vertex 2.034113e-02 1.102900e+00 8.674843e-02
endloop
endfacet
facet normal 0 0 0
outer loop
vertex -1.656749e-01 1.397122e+00 2.395585e-02
vertex -1.499119e-01 1.408853e+00 5.365622e-03
vertex -1.635206e-01 1.397009e+00 4.124813e-03
endloop
endfacet
facet normal 0 0 0
outer loop
vertex -1.656749e-01 1.397122e+00 2.395585e-02
vertex -1.517774e-01 1.409208e+00 2.522201e-02
vertex -1.499119e-01 1.408853e+00 5.365622e-03
endloop
endfacet
facet normal 0 0 0
outer loop
vertex 1.271597e-01 9.281262e-01 4.541374e-02
vertex 1.480545e-01 9.546546e-01 5.209097e-02
vertex 1.567024e-01 9.250352e-01 7.676364e-02
endloop
endfacet
facet normal 0 0 0
outer loop
vertex 6.838024e-02 2.954500e-01 -4.097244e-01
vertex 6.628700e-02 3.022676e-01 -4.237927e-01
vertex 4.779476e-02 3.089598e-01 -4.082671e-01
endloop
endfacet
facet normal 0 0 0
outer loop
vertex 4.779476e-02 3.089598e-01 -4.082671e-01
vertex 6.628700e-02 3.022676e-01 -4.237927e-01
vertex 4.822659e-02 3.168519e-01 -4.220574e-01
endloop
endfacet
facet normal 0 0 0
outer loop
vertex -1.780554e-01 9.754519e-01 -1.364889e-01
vertex -1.483802e-01 9.638324e-01 -1.438327e-01
vertex -1.904288e-01 9.543872e-01 -1.626709e-01
endloop
endfacet
facet normal 0 0 0
outer loop
vertex 1.483331e-01 9.199451e-01 1.709594e-01
vertex 1.593294e-01 8.895119e-01 1.913418e-01
vertex 1.774728e-01 8.800774e-01 1.607144e-01
endloop
endfacet
facet normal 0 0 0
outer loop
vertex -1.707027e-01 1.223909e+00 -5.055753e-02
vertex -1.779826e-01 1.239874e+00 -5.534278e-02
vertex -1.684950e-01 1.225789e+00 -5.669350e-02
endloop
endfacet
facet normal 0 0 0
outer loop
vertex -1.483048e-01 1.423803e+00 1.781603e-01
vertex -1.466976e-01 1.423133e+00 1.582714e-01
vertex -1.641600e-01 1.411555e+00 1.570382e-01
endloop
endfacet
facet normal 0 0 0
outer loop
vertex -1.799600e-01 1.397812e+00 1.555984e-01
vertex -1.821923e-01 1.397997e+00 1.754362e-01
vertex -1.660959e-01 1.412004e+00 1.769036e-01
endloop
endfacet
facet normal 0 0 0
outer loop
vertex -4.766506e-02 1.120607e+00 1.945275e-01
vertex -6.867649e-02 1.114784e+00 1.917216e-01
vertex -4.692160e-02 1.114683e+00 1.917700e-01
endloop
endfacet
facet normal 0 0 0
outer loop
vertex -6.900005e-02 1.120636e+00 1.944693e-01
vertex -6.867649e-02 1.114784e+00 1.917216e-01
vertex -4.766506e-02 1.120607e+00 1.945275e-01
endloop
endfacet
facet normal 0 0 0
outer loop
vertex -1.728187e-01 1.397472e+00 8.977759e-02
vertex -1.769853e-01 1.397674e+00 1.281734e-01
vertex -1.615801e-01 1.411065e+00 1.295763e-01
endloop
endfacet
facet normal 0 0 0
outer loop
vertex -1.904889e-01 1.382376e+00 1.265907e-01
vertex -1.769853e-01 1.397674e+00 1.281734e-01
vertex -1.728187e-01 1.397472e+00 8.977759e-02
endloop
endfacet
facet normal 0 0 0
outer loop
vertex -6.019232e-02 1.078495e+00 1.213756e-01
vertex -2.686304e-02 1.080460e+00 1.217697e-01
vertex -5.676102e-02 1.081042e+00 1.208858e-01
endloop
endfacet
facet normal 0 0 0
outer loop
vertex -4.692160e-02 1.114683e+00 1.917700e-01
vertex -6.858731e-02 1.113477e+00 1.852417e-01
vertex -4.670659e-02 1.113328e+00 1.852818e-01
endloop
endfacet
facet normal 0 0 0
outer loop
vertex 1.132979e-01 8.593596e-01 1.083559e-01
vertex 1.540854e-01 8.436587e-01 1.169912e-01
vertex 1.224929e-01 8.363808e-01 1.257347e-01
endloop
endfacet
facet normal 0 0 0
outer loop
vertex 1.408786e-02 4.165677e-01 -4.003621e-03
vertex 4.870578e-02 4.278637e-01 2.105809e-02
vertex 1.318327e-02 4.367389e-01 1.270184e-02
endloop
endfacet
facet normal 0 0 0
outer loop
vertex 1.408786e-02 4.165677e-01 -4.003621e-03
vertex 1.318327e-02 4.367389e-01 1.270184e-02
vertex 1.124650e-02 4.287241e-01 -5.585464e-03
endloop
endfacet
facet normal 0 0 0
outer loop
vertex -1.309990e-01 6.145477e-01 6.964680e-02
vertex -1.289844e-01 6.210030e-01 5.898989e-02
vertex -1.423920e-01 6.184558e-01 -6.592724e-03
endloop
endfacet
facet normal 0 0 0
outer loop
vertex -1.289844e-01 6.210030e-01 5.898989e-02
vertex -1.278280e-01 6.279727e-01 5.943303e-02
vertex -1.423920e-01 6.184558e-01 -6.592724e-03
endloop
endfacet
facet normal 0 0 0
outer loop
vertex -1.458759e-01 2.824352e-03 1.720930e-01
vertex -1.430410e-01 -5.547339e-03 1.714219e-01
vertex -1.460726e-01 -5.832537e-03 1.967091e-01
endloop
endfacet
facet normal 0 0 0
outer loop
vertex 1.361768e-01 6.819996e-01 3.434522e-01
vertex 1.374397e-01 6.442013e-01 3.887309e-01
vertex 1.316689e-01 6.671582e-01 4.078039e-01
endloop
endfacet
facet normal 0 0 0
outer loop
vertex 1.295043e-01 7.104402e-01 3.666546e-01
vertex 1.361768e-01 6.819996e-01 3.434522e-01
vertex 1.316689e-01 6.671582e-01 4.078039e-01
endloop
endfacet
facet normal 0 0 0
outer loop
vertex 4.822659e-02 3.168519e-01 -4.220574e-01
vertex 6.408173e-02 3.039957e-01 -4.312016e-01
vertex 4.841410e-02 3.186573e-01 -4.291837e-01
endloop
endfacet
facet normal 0 0 0
outer loop
vertex -1.291721e-01 1.960245e-02 8.312714e-02
vertex -1.277048e-01 5.002278e-03 7.746743e-02
vertex -1.391360e-01 3.422627e-03 1.232247e-01
endloop
endfacet
facet normal 0 0 0
outer loop
vertex -1.278280e-01 6.279727e-01 5.943303e-02
vertex -1.259178e-01 6.215855e-01 7.398976e-02
vertex -1.224756e-01 6.521459e-01 7.311145e-02
endloop
endfacet
facet normal 0 0 0
outer loop
vertex -6.469028e-02 1.428491e+00 -3.826274e-02
vertex -4.826168e-02 1.432257e+00 -3.569861e-02
vertex -4.807938e-02 1.427299e+00 -3.829978e-02
endloop
endfacet
facet normal 0 0 0
outer loop
vertex -4.826168e-02 1.432257e+00 -3.569861e-02
vertex -6.469028e-02 1.428491e+00 -3.826274e-02
vertex -6.532360e-02 1.433423e+00 -3.566642e-02
endloop
endfacet
facet normal 0 0 0
outer loop
vertex -1.327727e-01 5.456710e-01 8.952151e-02
vertex -1.459968e-01 4.609877e-01 7.374756e-02
vertex -1.338007e-01 4.783374e-01 1.262881e-01
endloop
endfacet
facet normal 0 0 0
outer loop
vertex -1.979496e-01 1.382354e+00 1.894873e-01
vertex -2.076879e-01 1.364677e+00 1.720790e-01
vertex -2.099867e-01 1.364488e+00 1.876665e-01
endloop
endfacet
facet normal 0 0 0
outer loop
vertex -1.462995e-01 1.199596e+00 -5.285462e-02
vertex -1.593086e-01 1.210957e+00 -5.178875e-02
vertex -1.572990e-01 1.213086e+00 -5.790091e-02
endloop
endfacet
facet normal 0 0 0
outer loop
vertex -1.997108e-01 1.240891e+00 3.581809e-02
vertex -1.877802e-01 1.228639e+00 7.228282e-03
vertex -1.913531e-01 1.224070e+00 3.419229e-02
endloop
endfacet
facet normal 0 0 0
outer loop
vertex -4.048337e-02 1.250713e+00 2.077107e-01
vertex -5.644856e-02 1.244995e+00 2.070652e-01
vertex -3.499682e-02 1.232208e+00 2.059190e-01
endloop
endfacet
facet normal 0 0 0
outer loop
vertex -3.499682e-02 1.232208e+00 2.059190e-01
vertex -5.644856e-02 1.244995e+00 2.070652e-01
vertex -5.175114e-02 1.227994e+00 2.054201e-01
endloop
endfacet
facet normal 0 0 0
outer loop
vertex -1.615801e-01 1.411065e+00 1.295763e-01
vertex -1.579675e-01 1.410377e+00 9.112962e-02
vertex -1.728187e-01 1.397472e+00 8.977759e-02
endloop
endfacet
facet normal 0 0 0
outer loop
vertex -1.910058e-01 1.250328e+00 -2.609081e-02
vertex -1.931757e-01 1.247970e+00 -1.072131e-02
vertex -1.967126e-01 1.266985e+00 -2.447027e-02
endloop
endfacet
facet normal 0 0 0
outer loop
vertex -1.949394e-01 1.268613e+00 -3.653834e-02
vertex -1.910058e-01 1.250328e+00 -2.609081e-02
vertex -1.967126e-01 1.266985e+00 -2.447027e-02
endloop
endfacet
facet normal 0 0 0
outer loop
vertex 8.585921e-02 1.579519e-01 -3.798278e-01
vertex 8.308247e-02 1.801050e-01 -3.728254e-01
vertex 5.597001e-02 1.567974e-01 -3.737476e-01
endloop
endfacet
facet normal 0 0 0
outer loop
vertex 4.670807e-02 4.350920e-01 -1.255226e-01
vertex 4.763652e-02 3.975419e-01 -1.361425e-01
vertex 1.349232e-02 4.249816e-01 -1.140200e-01
endloop
endfacet
facet normal 0 0 0
outer loop
vertex -2.908649e-01 7.114919e-01 -2.111748e-01
vertex -2.837644e-01 7.229171e-01 -2.053521e-01
vertex -3.033399e-01 7.299597e-01 -2.218739e-01
endloop
endfacet
facet normal 0 0 0
outer loop
vertex -2.837644e-01 7.229171e-01 -2.053521e-01
vertex -2.973156e-01 7.398962e-01 -2.158543e-01
vertex -3.033399e-01 7.299597e-01 -2.218739e-01
endloop
endfacet
facet normal 0 0 0
outer loop
vertex -1.510132e-01 1.424483e+00 2.157650e-01
vertex -1.506621e-01 1.424909e+00 2.061034e-01
vertex -1.693564e-01 1.412322e+00 2.144696e-01
endloop
endfacet
facet normal 0 0 0
outer loop
vertex -3.023383e-01 6.543381e-01 -2.845715e-01
vertex -2.893296e-01 6.340829e-01 -3.312393e-01
vertex -2.845885e-01 6.516474e-01 -2.890795e-01
endloop
endfacet
facet normal 0 0 0
outer loop
vertex -1.354960e-01 1.050396e+00 5.597281e-02
vertex -1.541447e-01 1.030333e+00 3.448416e-02
vertex -1.250523e-01 1.024516e+00 7.072902e-02
endloop
endfacet
facet normal 0 0 0
outer loop
vertex -1.277649e-01 1.050148e+00 7.960524e-02
vertex -1.232920e-01 1.067969e+00 5.644529e-02
vertex -1.286658e-01 1.054410e+00 6.524736e-02
endloop
endfacet
facet normal 0 0 0
outer loop
vertex -1.355079e-01 3.761575e-01 1.800361e-01
vertex -1.465486e-01 3.509375e-01 1.500554e-01
vertex -1.356798e-01 3.615324e-01 1.862243e-01
endloop
endfacet
facet normal 0 0 0
outer loop
vertex -1.952108e-01 9.444639e-01 -1.709843e-01
vertex -1.904288e-01 9.543872e-01 -1.626709e-01
vertex -1.638751e-01 9.346107e-01 -1.762099e-01
endloop
endfacet
facet normal 0 0 0
outer loop
vertex 3.630293e-03 3.972062e-01 -7.749893e-02
vertex 1.349232e-02 4.249816e-01 -1.140200e-01
vertex 1.501299e-02 3.874782e-01 -1.260040e-01
endloop
endfacet
facet normal 0 0 0
outer loop
vertex 8.619673e-02 1.244703e+00 1.144471e-01
vertex 8.328768e-02 1.220436e+00 1.394502e-01
vertex 7.986969e-02 1.224651e+00 1.125097e-01
endloop
endfacet
facet normal 0 0 0
outer loop
vertex 3.463335e-02 1.144927e+00 1.670195e-01
vertex 1.579200e-02 1.133576e+00 1.657270e-01
vertex 3.330116e-02 1.148452e+00 1.517864e-01
endloop
endfacet
facet normal 0 0 0
outer loop
vertex 3.555289e-02 1.142469e+00 1.789930e-01
vertex 1.579200e-02 1.133576e+00 1.657270e-01
vertex 3.463335e-02 1.144927e+00 1.670195e-01
endloop
endfacet
facet normal 0 0 0
outer loop
vertex -1.488384e-01 2.638812e-03 1.970045e-01
vertex -1.460726e-01 -5.832537e-03 1.967091e-01
vertex -1.480578e-01 -6.130972e-03 2.202237e-01
endloop
endfacet
facet normal 0 0 0
outer loop
vertex -1.507235e-01 2.332071e-03 2.205113e-01
vertex -1.488384e-01 2.638812e-03 1.970045e-01
vertex -1.480578e-01 -6.130972e-03 2.202237e-01
endloop
endfacet
facet normal 0 0 0
outer loop
vertex 7.601114e-02 1.296729e+00 1.527510e-02
vertex 7.878716e-02 1.274889e+00 4.056156e-02
vertex 7.482097e-02 1.278275e+00 1.344241e-02
endloop
endfacet
facet normal 0 0 0
outer loop
vertex 7.878716e-02 1.274889e+00 4.056156e-02
vertex 7.506485e-02 1.256239e+00 3.869148e-02
vertex 7.119993e-02 1.260168e+00 1.162704e-02
endloop
endfacet
facet normal 0 0 0
outer loop
vertex 4.799829e-02 3.748684e-01 -1.531196e-01
vertex 8.047905e-02 3.522291e-01 -1.783393e-01
vertex 4.786978e-02 3.586780e-01 -1.853735e-01
endloop
endfacet
facet normal 0 0 0
outer loop
vertex 9.924638e-02 9.710196e-01 1.357286e-01
vertex 8.078618e-02 1.012357e+00 9.920843e-02
vertex 7.028601e-02 1.007363e+00 9.085256e-02
endloop
endfacet
facet normal 0 0 0
outer loop
vertex 7.003075e-02 1.014621e+00 9.561886e-02
vertex 5.877368e-02 1.001885e+00 1.141748e-01
vertex 7.028601e-02 1.007363e+00 9.085256e-02
endloop
endfacet
facet normal 0 0 0
outer loop
vertex 1.132979e-01 8.593596e-01 1.083559e-01
vertex 1.444674e-01 8.680180e-01 9.758884e-02
vertex 1.540854e-01 8.436587e-01 1.169912e-01
endloop
endfacet
facet normal 0 0 0
outer loop
vertex -1.178932e-01 1.084107e+00 4.437117e-02
vertex -1.232920e-01 1.067969e+00 5.644529e-02
vertex -1.277649e-01 1.050148e+00 7.960524e-02
endloop
endfacet
facet normal 0 0 0
outer loop
vertex -1.353383e-01 1.108285e-01 1.752711e-01
vertex -1.353799e-01 1.451014e-01 1.781749e-01
vertex -1.449132e-01 1.401775e-01 1.460872e-01
endloop
endfacet
facet normal 0 0 0
outer loop
vertex -1.449132e-01 1.401775e-01 1.460872e-01
vertex -1.446531e-01 1.067516e-01 1.432386e-01
vertex -1.353383e-01 1.108285e-01 1.752711e-01
endloop
endfacet
facet normal 0 0 0
outer loop
vertex -1.195266e-01 1.082971e+00 3.694862e-02
vertex -1.232920e-01 1.067969e+00 5.644529e-02
vertex -1.178932e-01 1.084107e+00 4.437117e-02
endloop
endfacet
facet normal 0 0 0
outer loop
vertex -6.979884e-02 3.621533e-01 1.893099e-01
vertex -7.019062e-02 3.466442e-01 1.921093e-01
vertex -5.877954e-02 3.509916e-01 1.525698e-01
endloop
endfacet
facet normal 0 0 0
outer loop
vertex -7.019062e-02 3.466442e-01 1.921093e-01
vertex -5.924835e-02 3.363526e-01 1.557064e-01
vertex -5.877954e-02 3.509916e-01 1.525698e-01
endloop
endfacet
facet normal 0 0 0
outer loop
vertex -1.088910e-01 1.070830e+00 1.051806e-01
vertex -1.139788e-01 1.078334e+00 7.081293e-02
vertex -1.198862e-01 1.069501e+00 7.033643e-02
endloop
endfacet
facet normal 0 0 0
outer loop
vertex -1.354110e-01 9.872222e-02 1.740231e-01
vertex -1.353383e-01 1.108285e-01 1.752711e-01
vertex -1.446531e-01 1.067516e-01 1.432386e-01
endloop
endfacet
facet normal 0 0 0
outer loop
vertex 9.924638e-02 9.710196e-01 1.357286e-01
vertex 1.385346e-01 9.524862e-01 1.455355e-01
vertex 1.287360e-01 9.850273e-01 1.201115e-01
endloop
endfacet
facet normal 0 0 0
outer loop
vertex 1.483331e-01 9.199451e-01 1.709594e-01
vertex 9.924638e-02 9.710196e-01 1.357286e-01
vertex 1.179614e-01 9.116817e-01 1.809414e-01
endloop
endfacet
facet normal 0 0 0
outer loop
vertex -8.133601e-02 7.936742e-01 -8.848877e-02
vertex -7.857832e-02 8.755206e-01 -8.594020e-02
vertex -2.890882e-02 7.940921e-01 -8.703587e-02
endloop
endfacet
facet normal 0 0 0
outer loop
vertex 6.077245e-02 9.680755e-01 4.924811e-02
vertex 7.203119e-02 9.657722e-01 1.747676e-02
vertex 7.228266e-02 9.618425e-01 2.554743e-02
endloop
endfacet
facet normal 0 0 0
outer loop
vertex -7.804954e-02 2.768511e-03 1.228507e-01
vertex -8.154596e-02 -5.070595e-03 1.221416e-01
vertex -9.226485e-02 4.623004e-03 7.649072e-02
endloop
endfacet
facet normal 0 0 0
outer loop
vertex -8.154596e-02 -5.070595e-03 1.221416e-01
vertex -9.501732e-02 -2.854147e-03 7.600706e-02
vertex -9.226485e-02 4.623004e-03 7.649072e-02
endloop
endfacet
facet normal 0 0 0
outer loop
vertex 7.203119e-02 9.657722e-01 1.747676e-02
vertex 5.202118e-02 9.882223e-01 3.238467e-02
vertex 7.188680e-02 9.680428e-01 1.257121e-02
endloop
endfacet
facet normal 0 0 0
outer loop
vertex -1.316707e-01 1.128139e+00 1.865980e-01
vertex -1.511094e-01 1.137377e+00 1.874005e-01
vertex -1.507400e-01 1.138953e+00 1.778574e-01
endloop
endfacet
facet normal 0 0 0
outer loop
vertex 7.193521e-02 9.685329e-01 1.124082e-02
vertex 7.283252e-02 9.932475e-01 5.384742e-02
vertex 7.188680e-02 9.680428e-01 1.257121e-02
endloop
endfacet
facet normal 0 0 0
outer loop
vertex -1.684950e-01 1.225789e+00 -5.669350e-02
vertex -1.593086e-01 1.210957e+00 -5.178875e-02
vertex -1.707027e-01 1.223909e+00 -5.055753e-02
endloop
endfacet
facet normal 0 0 0
outer loop
vertex -2.728891e-01 7.976908e-01 -2.139431e-01
vertex -2.758626e-01 7.848833e-01 -1.928760e-01
vertex -2.602075e-01 8.247203e-01 -1.705535e-01
endloop
endfacet
facet normal 0 0 0
outer loop
vertex 6.077245e-02 9.680755e-01 4.924811e-02
vertex 5.202118e-02 9.882223e-01 3.238467e-02
vertex 7.203119e-02 9.657722e-01 1.747676e-02
endloop
endfacet
facet normal 0 0 0
outer loop
vertex -2.845885e-01 6.516474e-01 -2.890795e-01
vertex -2.893296e-01 6.340829e-01 -3.312393e-01
vertex -2.655261e-01 6.667493e-01 -3.085782e-01
endloop
endfacet
facet normal 0 0 0
outer loop
vertex 7.452340e-02 9.276409e-01 1.387571e-02
vertex 7.285196e-02 9.529455e-01 4.391675e-02
vertex 7.203010e-02 9.511892e-01 5.061777e-02
endloop
endfacet
facet normal 0 0 0
outer loop
vertex 7.285196e-02 9.529455e-01 4.391675e-02
vertex 7.306352e-02 9.496391e-01 5.074350e-02
vertex 7.203010e-02 9.511892e-01 5.061777e-02
endloop
endfacet
facet normal 0 0 0
outer loop
vertex 7.285196e-02 9.529455e-01 4.391675e-02
vertex 7.203010e-02 9.511892e-01 5.061777e-02
vertex 6.077245e-02 9.680755e-01 4.924811e-02
endloop
endfacet
facet normal 0 0 0
outer loop
vertex 7.228266e-02 9.618425e-01 2.554743e-02
vertex 7.285196e-02 9.529455e-01 4.391675e-02
vertex 7.452340e-02 9.276409e-01 1.387571e-02
endloop
endfacet
facet normal 0 0 0
outer loop
vertex 7.285196e-02 9.529455e-01 4.391675e-02
vertex 7.228266e-02 9.618425e-01 2.554743e-02
vertex 7.856694e-02 9.584394e-01 1.260748e-02
endloop
endfacet
facet normal 0 0 0
outer loop
vertex 6.637112e-02 9.817016e-01 -3.536575e-03
vertex 5.691512e-02 9.721394e-01 -1.717439e-02
vertex 6.342515e-02 9.831510e-01 -1.159234e-02
endloop
endfacet
facet normal 0 0 0
outer loop
vertex 6.342515e-02 9.831510e-01 -1.159234e-02
vertex 6.696783e-02 9.814118e-01 -2.427188e-03
vertex 6.637112e-02 9.817016e-01 -3.536575e-03
endloop
endfacet
facet normal 0 0 0
outer loop
vertex 6.696783e-02 9.814118e-01 -2.427188e-03
vertex 5.691512e-02 9.721394e-01 -1.717439e-02
vertex 6.637112e-02 9.817016e-01 -3.536575e-03
endloop
endfacet
facet normal 0 0 0
outer loop
vertex 7.285196e-02 9.529455e-01 4.391675e-02
vertex 7.856694e-02 9.584394e-01 1.260748e-02
vertex 7.306352e-02 9.496391e-01 5.074350e-02
endloop
endfacet
facet normal 0 0 0
outer loop
vertex 7.283252e-02 9.932475e-01 5.384742e-02
vertex 7.145721e-02 9.740610e-01 6.898447e-02
vertex 7.188680e-02 9.680428e-01 1.257121e-02
endloop
endfacet
facet normal 0 0 0
outer loop
vertex 7.145721e-02 9.740610e-01 6.898447e-02
vertex 7.203119e-02 9.657722e-01 1.747676e-02
vertex 7.188680e-02 9.680428e-01 1.257121e-02
endloop
endfacet
facet normal 0 0 0
outer loop
vertex 1.130659e-01 8.127871e-01 1.936137e-01
vertex 1.128172e-01 8.257648e-01 2.243517e-01
vertex 1.093977e-01 8.432246e-01 2.055065e-01
endloop
endfacet
facet normal 0 0 0
outer loop
vertex -1.186185e-01 1.194279e+00 2.017337e-01
vertex -1.307189e-01 1.191081e+00 2.013535e-01
vertex -1.255076e-01 1.177600e+00 2.000365e-01
endloop
endfacet
facet normal 0 0 0
outer loop
vertex -1.103791e-01 1.180014e+00 2.003562e-01
vertex -1.186185e-01 1.194279e+00 2.017337e-01
vertex -1.255076e-01 1.177600e+00 2.000365e-01
endloop
endfacet
facet normal 0 0 0
outer loop
vertex 7.479116e-02 1.315164e+00 1.709555e-02
vertex 7.874000e-02 1.312880e+00 4.432272e-02
vertex 7.601114e-02 1.296729e+00 1.527510e-02
endloop
endfacet
facet normal 0 0 0
outer loop
vertex 5.746655e-02 1.251973e+00 -4.665965e-02
vertex 5.876526e-02 1.250430e+00 -3.709798e-02
vertex 4.973031e-02 1.236499e+00 -4.823687e-02
endloop
endfacet
facet normal 0 0 0
outer loop
vertex 1.961057e-02 2.091186e-01 -3.255240e-01
vertex 5.068179e-02 1.942155e-01 -3.412006e-01
vertex 5.038226e-02 2.008816e-01 -3.218134e-01
endloop
endfacet
facet normal 0 0 0
outer loop
vertex 2.962065e-02 1.207238e+00 -4.146098e-02
vertex 1.546497e-02 1.198078e+00 -5.215615e-02
vertex 2.862805e-02 1.209266e+00 -5.097631e-02
endloop
endfacet
facet normal 0 0 0
outer loop
vertex -1.684950e-01 1.225789e+00 -5.669350e-02
vertex -1.572990e-01 1.213086e+00 -5.790091e-02
vertex -1.593086e-01 1.210957e+00 -5.178875e-02
endloop
endfacet
facet normal 0 0 0
outer loop
vertex -1.638751e-01 9.346107e-01 -1.762099e-01
vertex -1.904288e-01 9.543872e-01 -1.626709e-01
vertex -1.601897e-01 9.441744e-01 -1.680364e-01
endloop
endfacet
facet normal 0 0 0
outer loop
vertex -1.904288e-01 9.543872e-01 -1.626709e-01
vertex -1.483802e-01 9.638324e-01 -1.438327e-01
vertex -1.601897e-01 9.441744e-01 -1.680364e-01
endloop
endfacet
facet normal 0 0 0
outer loop
vertex -1.842464e-01 1.395808e+00 2.191641e-01
vertex -1.678936e-01 1.410030e+00 2.206491e-01
vertex -1.854216e-01 1.398115e+00 2.130522e-01
endloop
endfacet
facet normal 0 0 0
outer loop
vertex -1.678936e-01 1.410030e+00 2.206491e-01
vertex -1.693564e-01 1.412322e+00 2.144696e-01
vertex -1.854216e-01 1.398115e+00 2.130522e-01
endloop
endfacet
facet normal 0 0 0
outer loop
vertex -1.510132e-01 1.424483e+00 2.157650e-01
vertex -1.693564e-01 1.412322e+00 2.144696e-01
vertex -1.502402e-01 1.421932e+00 2.218467e-01
endloop
endfacet
facet normal 0 0 0
outer loop
vertex -1.693564e-01 1.412322e+00 2.144696e-01
vertex -1.678936e-01 1.410030e+00 2.206491e-01
vertex -1.502402e-01 1.421932e+00 2.218467e-01
endloop
endfacet
facet normal 0 0 0
outer loop
vertex -1.319254e-01 1.189996e+00 -5.374116e-02
vertex -1.169955e-01 1.180144e+00 -4.494266e-02
vertex -1.326787e-01 1.187867e+00 -4.424846e-02
endloop
endfacet
facet normal 0 0 0
outer loop
vertex 6.893069e-02 6.816370e-01 5.147205e-02
vertex 6.547047e-02 7.229013e-01 1.392570e-02
vertex 5.065679e-02 7.248666e-01 8.332002e-02
endloop
endfacet
facet normal 0 0 0
outer loop
vertex -1.340495e-01 1.035473e-01 1.110894e-01
vertex -1.446531e-01 1.067516e-01 1.432386e-01
vertex -1.342418e-01 1.363157e-01 1.138631e-01
endloop
endfacet
facet normal 0 0 0
outer loop
vertex 2.862805e-02 1.209266e+00 -5.097631e-02
vertex 4.112627e-02 1.220308e+00 -4.018191e-02
vertex 2.962065e-02 1.207238e+00 -4.146098e-02
endloop
endfacet
facet normal 0 0 0
outer loop
vertex 4.001358e-02 1.222188e+00 -4.970882e-02
vertex 4.112627e-02 1.220308e+00 -4.018191e-02
vertex 2.862805e-02 1.209266e+00 -5.097631e-02
endloop
endfacet
facet normal 0 0 0
outer loop
vertex -9.860066e-02 -5.707656e-03 8.275473e-02
vertex -9.501732e-02 -2.854147e-03 7.600706e-02
vertex -8.154596e-02 -5.070595e-03 1.221416e-01
endloop
endfacet
facet normal 0 0 0
outer loop
vertex -2.175030e-01 7.977202e-01 -1.623028e-01
vertex -2.362980e-01 7.607383e-01 -1.845687e-01
vertex -2.202591e-01 7.650139e-01 -2.031243e-01
endloop
endfacet
facet normal 0 0 0
outer loop
vertex -1.430410e-01 -5.547339e-03 1.714219e-01
vertex -1.458759e-01 2.824352e-03 1.720930e-01
vertex -1.391360e-01 3.422627e-03 1.232247e-01
endloop
endfacet
facet normal 0 0 0
outer loop
vertex -1.375570e-01 5.977498e-02 1.987904e-01
vertex -1.398203e-01 6.718197e-02 1.803899e-01
vertex -1.461393e-01 4.158350e-02 1.754606e-01
endloop
endfacet
facet normal 0 0 0
outer loop
vertex 2.070569e-02 7.190285e-01 -8.726991e-02
vertex 5.296440e-02 7.206939e-01 -5.601526e-02
vertex 3.014978e-02 6.653146e-01 -8.376642e-02
endloop
endfacet
facet normal 0 0 0
outer loop
vertex -1.507400e-01 1.138953e+00 1.778574e-01
vertex -1.313748e-01 1.129834e+00 1.770710e-01
vertex -1.316707e-01 1.128139e+00 1.865980e-01
endloop
endfacet
facet normal 0 0 0
outer loop
vertex -2.775064e-01 7.333292e-01 -2.013344e-01
vertex -2.973156e-01 7.398962e-01 -2.158543e-01
vertex -2.837644e-01 7.229171e-01 -2.053521e-01
endloop
endfacet
facet normal 0 0 0
outer loop
vertex -2.973156e-01 7.398962e-01 -2.158543e-01
vertex -2.775064e-01 7.333292e-01 -2.013344e-01
vertex -2.920250e-01 7.489282e-01 -2.117923e-01
endloop
endfacet
facet normal 0 0 0
outer loop
vertex -1.542842e-01 1.679383e-03 2.648444e-01
vertex -1.464141e-01 -7.504484e-03 3.030951e-01
vertex -1.483724e-01 8.383333e-04 3.058365e-01
endloop
endfacet
facet normal 0 0 0
outer loop
vertex -1.461629e-01 5.828371e-01 -4.848631e-05
vertex -1.333757e-01 5.541654e-01 -6.237995e-02
vertex -1.456086e-01 5.670469e-01 5.011508e-03
endloop
endfacet
facet normal 0 0 0
outer loop
vertex -1.333757e-01 5.541654e-01 -6.237995e-02
vertex -1.337232e-01 5.405269e-01 -5.507952e-02
vertex -1.456086e-01 5.670469e-01 5.011508e-03
endloop
endfacet
facet normal 0 0 0
outer loop
vertex -9.227256e-02 8.018339e-01 -6.595404e-02
vertex -1.022117e-01 7.234645e-01 -7.212213e-02
vertex -1.060520e-01 7.600973e-01 -3.509010e-02
endloop
endfacet
facet normal 0 0 0
outer loop
vertex -1.938145e-01 1.382133e+00 1.539762e-01
vertex -1.799600e-01 1.397812e+00 1.555984e-01
vertex -1.769853e-01 1.397674e+00 1.281734e-01
endloop
endfacet
facet normal 0 0 0
outer loop
vertex -1.799600e-01 1.397812e+00 1.555984e-01
vertex -1.641600e-01 1.411555e+00 1.570382e-01
vertex -1.769853e-01 1.397674e+00 1.281734e-01
endloop
endfacet
facet normal 0 0 0
outer loop
vertex -1.655950e-01 8.771211e-01 -1.799203e-01
vertex -1.736818e-01 8.524897e-01 -1.594830e-01
vertex -1.929519e-01 8.253062e-01 -1.976746e-01
endloop
endfacet
facet normal 0 0 0
outer loop
vertex 4.112627e-02 1.220308e+00 -4.018191e-02
vertex 4.001358e-02 1.222188e+00 -4.970882e-02
vertex 5.094862e-02 1.234775e+00 -3.869373e-02
endloop
endfacet
facet normal 0 0 0
outer loop
vertex -1.178932e-01 1.084107e+00 4.437117e-02
vertex -1.198862e-01 1.069501e+00 7.033643e-02
vertex -1.139788e-01 1.078334e+00 7.081293e-02
endloop
endfacet
facet normal 0 0 0
outer loop
vertex -1.048681e-01 1.120198e-01 1.861255e-01
vertex -7.438052e-02 1.103459e-01 1.756713e-01
vertex -7.375699e-02 1.448030e-01 1.789615e-01
endloop
endfacet
facet normal 0 0 0
outer loop
vertex -6.469028e-02 1.428491e+00 -3.826274e-02
vertex -8.139727e-02 1.427454e+00 -3.844721e-02
vertex -6.532360e-02 1.433423e+00 -3.566642e-02
endloop
endfacet
facet normal 0 0 0
outer loop
vertex -1.088910e-01 1.070830e+00 1.051806e-01
vertex -1.102411e-01 1.086877e+00 5.307002e-02
vertex -1.139788e-01 1.078334e+00 7.081293e-02
endloop
endfacet
facet normal 0 0 0
outer loop
vertex -7.719199e-02 1.017488e-03 2.649386e-01
vertex -9.217468e-02 2.922409e-04 3.057048e-01
vertex -9.391373e-02 -8.014662e-03 3.029692e-01
endloop
endfacet
facet normal 0 0 0
outer loop
vertex -1.047956e-01 1.020413e-01 1.016327e-01
vertex -1.340495e-01 1.035473e-01 1.110894e-01
vertex -1.044844e-01 1.345412e-01 1.043233e-01
endloop
endfacet
facet normal 0 0 0
outer loop
vertex -1.340495e-01 1.035473e-01 1.110894e-01
vertex -1.342418e-01 1.363157e-01 1.138631e-01
vertex -1.044844e-01 1.345412e-01 1.043233e-01
endloop
endfacet
facet normal 0 0 0
outer loop
vertex -1.336167e-01 1.185236e+00 -3.227400e-02
vertex -1.483346e-01 1.195053e+00 -3.136729e-02
vertex -1.326787e-01 1.187867e+00 -4.424846e-02
endloop
endfacet
facet normal 0 0 0
outer loop
vertex -1.483346e-01 1.195053e+00 -3.136729e-02
vertex -1.472066e-01 1.197575e+00 -4.335165e-02
vertex -1.326787e-01 1.187867e+00 -4.424846e-02
endloop
endfacet
facet normal 0 0 0
outer loop
vertex -1.178932e-01 1.084107e+00 4.437117e-02
vertex -1.139788e-01 1.078334e+00 7.081293e-02
vertex -1.102411e-01 1.086877e+00 5.307002e-02
endloop
endfacet
facet normal 0 0 0
outer loop
vertex -1.363095e-01 -4.612985e-03 1.225969e-01
vertex -1.430410e-01 -5.547339e-03 1.714219e-01
vertex -1.391360e-01 3.422627e-03 1.232247e-01
endloop
endfacet
facet normal 0 0 0
outer loop
vertex -1.412742e-01 1.164231e+00 6.701643e-02
vertex -1.610559e-01 1.167365e+00 1.056567e-01
vertex -1.576472e-01 1.174634e+00 6.788090e-02
endloop
endfacet
facet normal 0 0 0
outer loop
vertex -1.442671e-01 1.156320e+00 1.046291e-01
vertex -1.610559e-01 1.167365e+00 1.056567e-01
vertex -1.412742e-01 1.164231e+00 6.701643e-02
endloop
endfacet
facet normal 0 0 0
outer loop
vertex -1.025537e-01 3.363743e-01 1.031191e-01
vertex -1.354164e-01 3.535350e-01 1.070617e-01
vertex -1.022973e-01 3.477266e-01 9.422229e-02
endloop
endfacet
facet normal 0 0 0
outer loop
vertex -6.918857e-02 3.501275e-01 1.062505e-01
vertex -1.022973e-01 3.477266e-01 9.422229e-02
vertex -6.773370e-02 3.783618e-01 8.024244e-02
endloop
endfacet
facet normal 0 0 0
outer loop
vertex 1.128172e-01 8.257648e-01 2.243517e-01
vertex 1.130659e-01 8.127871e-01 1.936137e-01
vertex 1.194349e-01 7.778241e-01 2.342491e-01
endloop
endfacet
facet normal 0 0 0
outer loop
vertex -1.225308e-01 1.050119e+00 1.047909e-01
vertex -1.088910e-01 1.070830e+00 1.051806e-01
vertex -1.198862e-01 1.069501e+00 7.033643e-02
endloop
endfacet
facet normal 0 0 0
outer loop
vertex -2.635201e-01 7.014200e-01 -3.370300e-01
vertex -2.788473e-01 6.541951e-01 -3.703270e-01
vertex -2.871188e-01 6.668720e-01 -3.584198e-01
endloop
endfacet
facet normal 0 0 0
outer loop
vertex -4.807938e-02 1.427299e+00 -3.829978e-02
vertex -3.156465e-02 1.428915e+00 -3.594843e-02
vertex -3.203264e-02 1.424021e+00 -3.854637e-02
endloop
endfacet
facet normal 0 0 0
outer loop
vertex -4.826168e-02 1.432257e+00 -3.569861e-02
vertex -3.156465e-02 1.428915e+00 -3.594843e-02
vertex -4.807938e-02 1.427299e+00 -3.829978e-02
endloop
endfacet
facet normal 0 0 0
outer loop
vertex -1.615801e-01 1.411065e+00 1.295763e-01
vertex -1.769853e-01 1.397674e+00 1.281734e-01
vertex -1.641600e-01 1.411555e+00 1.570382e-01
endloop
endfacet
facet normal 0 0 0
outer loop
vertex 5.587074e-02 8.000391e-01 2.041276e-02
vertex 4.150943e-02 8.385544e-01 -7.199930e-03
vertex 4.697783e-02 8.403528e-01 2.702238e-02
endloop
endfacet
facet normal 0 0 0
outer loop
vertex 4.697783e-02 8.403528e-01 2.702238e-02
vertex 6.602705e-02 8.573897e-01 7.965329e-02
vertex 6.094890e-02 8.287144e-01 5.003303e-02
endloop
endfacet
facet normal 0 0 0
outer loop
vertex 1.858947e-02 2.778957e-01 -1.656448e-01
vertex 3.457563e-02 2.739619e-01 -1.629645e-01
vertex 1.836479e-02 2.993565e-01 -1.279517e-01
endloop
endfacet
facet normal 0 0 0
outer loop
vertex -2.151700e-01 1.272701e+00 7.729947e-02
vertex -2.208238e-01 1.268375e+00 1.152575e-01
vertex -2.165107e-01 1.292106e+00 7.920486e-02
endloop
endfacet
facet normal 0 0 0
outer loop
vertex 1.961057e-02 2.091186e-01 -3.255240e-01
vertex 1.988421e-02 2.030369e-01 -3.433238e-01
vertex 5.068179e-02 1.942155e-01 -3.412006e-01
endloop
endfacet
facet normal 0 0 0
outer loop
vertex 1.633915e-01 6.150009e-01 4.383858e-01
vertex 1.563379e-01 6.382803e-01 4.378848e-01
vertex 1.445170e-01 6.283174e-01 4.493730e-01
endloop
endfacet
facet normal 0 0 0
outer loop
vertex -2.208238e-01 1.268375e+00 1.152575e-01
vertex -2.113240e-01 1.253616e+00 7.543302e-02
vertex -2.168308e-01 1.248603e+00 1.133247e-01
endloop
endfacet
facet normal 0 0 0
outer loop
vertex -1.508629e-01 1.255254e+00 2.075952e-01
vertex -1.160254e-01 1.282357e+00 2.104418e-01
vertex -1.749590e-01 1.268145e+00 2.087464e-01
endloop
endfacet
facet normal 0 0 0
outer loop
vertex -1.404150e-01 1.835794e-02 1.265564e-01
vertex -1.315358e-01 4.267428e-02 9.265579e-02
vertex -1.291721e-01 1.960245e-02 8.312714e-02
endloop
endfacet
facet normal 0 0 0
outer loop
vertex -1.365008e-01 1.292979e+00 2.113818e-01
vertex -1.749590e-01 1.268145e+00 2.087464e-01
vertex -1.160254e-01 1.282357e+00 2.104418e-01
endloop
endfacet
facet normal 0 0 0
outer loop
vertex -1.391360e-01 3.422627e-03 1.232247e-01
vertex -1.404150e-01 1.835794e-02 1.265564e-01
vertex -1.291721e-01 1.960245e-02 8.312714e-02
endloop
endfacet
facet normal 0 0 0
outer loop
vertex 1.488480e-02 1.088093e+00 1.132078e-01
vertex 1.659594e-02 1.086857e+00 1.150945e-01
vertex 2.312731e-02 1.089291e+00 1.092257e-01
endloop
endfacet
facet normal 0 0 0
outer loop
vertex 1.659594e-02 1.086857e+00 1.150945e-01
vertex 2.108321e-02 1.088879e+00 1.139588e-01
vertex 2.312731e-02 1.089291e+00 1.092257e-01
endloop
endfacet
facet normal 0 0 0
outer loop
vertex 1.340099e-02 1.087013e+00 1.155042e-01
vertex 1.488480e-02 1.088093e+00 1.132078e-01
vertex 1.226183e-02 1.087179e+00 1.156228e-01
endloop
endfacet
facet normal 0 0 0
outer loop
vertex -8.139727e-02 1.427454e+00 -3.844721e-02
vertex -8.241322e-02 1.432346e+00 -3.585670e-02
vertex -6.532360e-02 1.433423e+00 -3.566642e-02
endloop
endfacet
facet normal 0 0 0
outer loop
vertex 1.194349e-01 7.778241e-01 2.342491e-01
vertex 1.264176e-01 7.416072e-01 2.727544e-01
vertex 1.188825e-01 7.932733e-01 2.587560e-01
endloop
endfacet
facet normal 0 0 0
outer loop
vertex -2.275821e-02 1.051881e+00 1.293663e-01
vertex 7.116269e-03 1.077093e+00 1.188673e-01
vertex -2.071116e-02 1.080822e+00 1.218425e-01
endloop
endfacet
facet normal 0 0 0
outer loop
vertex 7.116269e-03 1.077093e+00 1.188673e-01
vertex -2.275821e-02 1.051881e+00 1.293663e-01
vertex 2.334228e-02 1.069972e+00 1.153040e-01
endloop
endfacet
facet normal 0 0 0
outer loop
vertex -1.277649e-01 1.050148e+00 7.960524e-02
vertex -1.157380e-01 1.012151e+00 9.531278e-02
vertex -1.225308e-01 1.050119e+00 1.047909e-01
endloop
endfacet
facet normal 0 0 0
outer loop
vertex -2.720993e-01 7.430061e-01 -1.976529e-01
vertex -2.874478e-01 7.575145e-01 -2.082024e-01
vertex -2.920250e-01 7.489282e-01 -2.117923e-01
endloop
endfacet
facet normal 0 0 0
outer loop
vertex -2.720993e-01 7.430061e-01 -1.976529e-01
vertex -2.920250e-01 7.489282e-01 -2.117923e-01
vertex -2.775064e-01 7.333292e-01 -2.013344e-01
endloop
endfacet
facet normal 0 0 0
outer loop
vertex 1.340099e-02 1.087013e+00 1.155042e-01
vertex 1.659594e-02 1.086857e+00 1.150945e-01
vertex 1.488480e-02 1.088093e+00 1.132078e-01
endloop
endfacet
facet normal 0 0 0
outer loop
vertex -3.626747e-03 1.121302e+00 1.862793e-01
vertex 1.678259e-02 1.129614e+00 1.872521e-01
vertex -4.126304e-03 1.122768e+00 1.927775e-01
endloop
endfacet
facet normal 0 0 0
outer loop
vertex 1.610491e-02 1.131094e+00 1.937471e-01
vertex -4.126304e-03 1.122768e+00 1.927775e-01
vertex 1.678259e-02 1.129614e+00 1.872521e-01
endloop
endfacet
facet normal 0 0 0
outer loop
vertex -1.354110e-01 9.872222e-02 1.740231e-01
vertex -1.446531e-01 1.067516e-01 1.432386e-01
vertex -1.446544e-01 9.537551e-02 1.417857e-01
endloop
endfacet
facet normal 0 0 0
outer loop
vertex 1.743583e-02 1.193170e+00 -3.066603e-02
vertex 2.962065e-02 1.207238e+00 -4.146098e-02
vertex 3.093425e-02 1.204604e+00 -2.946125e-02
endloop
endfacet
facet normal 0 0 0
outer loop
vertex 2.962065e-02 1.207238e+00 -4.146098e-02
vertex 1.631497e-02 1.195928e+00 -4.265308e-02
vertex 1.546497e-02 1.198078e+00 -5.215615e-02
endloop
endfacet
facet normal 0 0 0
outer loop
vertex -1.458759e-01 2.824352e-03 1.720930e-01
vertex -1.488384e-01 2.638812e-03 1.970045e-01
vertex -1.459704e-01 1.792283e-02 1.731653e-01
endloop
endfacet
facet normal 0 0 0
outer loop
vertex -1.459704e-01 1.792283e-02 1.731653e-01
vertex -1.488384e-01 2.638812e-03 1.970045e-01
vertex -1.485421e-01 1.748846e-02 1.973392e-01
endloop
endfacet
facet normal 0 0 0
outer loop
vertex 1.546716e-02 1.084140e+00 1.159325e-01
vertex 2.334228e-02 1.069972e+00 1.153040e-01
vertex 2.190010e-02 1.082042e+00 1.144453e-01
endloop
endfacet
facet normal 0 0 0
outer loop
vertex 1.546716e-02 1.084140e+00 1.159325e-01
vertex 1.226183e-02 1.087179e+00 1.156228e-01
vertex 7.116269e-03 1.077093e+00 1.188673e-01
endloop
endfacet
facet normal 0 0 0
outer loop
vertex 1.546716e-02 1.084140e+00 1.159325e-01
vertex 7.116269e-03 1.077093e+00 1.188673e-01
vertex 2.334228e-02 1.069972e+00 1.153040e-01
endloop
endfacet
facet normal 0 0 0
outer loop
vertex 9.609640e-03 1.084255e+00 1.213721e-01
vertex 1.226183e-02 1.087179e+00 1.156228e-01
vertex 3.453920e-03 1.090478e+00 1.132020e-01
endloop
endfacet
facet normal 0 0 0
outer loop
vertex -1.310444e-01 1.129274e+00 1.930488e-01
vertex -1.316707e-01 1.128139e+00 1.865980e-01
vertex -1.110328e-01 1.122164e+00 1.923822e-01
endloop
endfacet
facet normal 0 0 0
outer loop
vertex -1.110328e-01 1.122164e+00 1.923822e-01
vertex -1.316707e-01 1.128139e+00 1.865980e-01
vertex -1.113007e-01 1.120948e+00 1.859197e-01
endloop
endfacet
facet normal 0 0 0
outer loop
vertex 4.112627e-02 1.220308e+00 -4.018191e-02
vertex 5.094862e-02 1.234775e+00 -3.869373e-02
vertex 4.274973e-02 1.217786e+00 -2.809436e-02
endloop
endfacet
facet normal 0 0 0
outer loop
vertex 5.094862e-02 1.234775e+00 -3.869373e-02
vertex 5.251333e-02 1.232569e+00 -2.666375e-02
vertex 4.274973e-02 1.217786e+00 -2.809436e-02
endloop
endfacet
facet normal 0 0 0
outer loop
vertex -1.465486e-01 3.509375e-01 1.500554e-01
vertex -1.355079e-01 3.761575e-01 1.800361e-01
vertex -1.465272e-01 3.644589e-01 1.428668e-01
endloop
endfacet
facet normal 0 0 0
outer loop
vertex -1.349294e-01 4.097349e-01 1.643765e-01
vertex -1.465272e-01 3.644589e-01 1.428668e-01
vertex -1.355079e-01 3.761575e-01 1.800361e-01
endloop
endfacet
facet normal 0 0 0
outer loop
vertex 1.093977e-01 8.432246e-01 2.055065e-01
vertex 1.306792e-01 8.680891e-01 2.100036e-01
vertex 1.068360e-01 8.538513e-01 1.958142e-01
endloop
endfacet
facet normal 0 0 0
outer loop
vertex -1.436641e-01 4.309640e-02 2.657664e-01
vertex -1.234716e-01 4.941482e-02 2.503415e-01
vertex -1.396646e-01 5.384377e-02 2.218582e-01
endloop
endfacet
facet normal 0 0 0
outer loop
vertex -1.981816e-01 8.069010e-01 -1.791292e-01
vertex -2.175030e-01 7.977202e-01 -1.623028e-01
vertex -2.202591e-01 7.650139e-01 -2.031243e-01
endloop
endfacet
facet normal 0 0 0
outer loop
vertex -2.677120e-01 7.518067e-01 -1.929005e-01
vertex -2.836127e-01 7.659952e-01 -2.037096e-01
vertex -2.874478e-01 7.575145e-01 -2.082024e-01
endloop
endfacet
facet normal 0 0 0
outer loop
vertex -2.874478e-01 7.575145e-01 -2.082024e-01
vertex -2.720993e-01 7.430061e-01 -1.976529e-01
vertex -2.677120e-01 7.518067e-01 -1.929005e-01
endloop
endfacet
facet normal 0 0 0
outer loop
vertex -1.354465e-01 3.418294e-01 1.149925e-01
vertex -1.465272e-01 3.644589e-01 1.428668e-01
vertex -1.354164e-01 3.535350e-01 1.070617e-01
endloop
endfacet
facet normal 0 0 0
outer loop
vertex -1.465272e-01 3.644589e-01 1.428668e-01
vertex -1.463481e-01 3.954811e-01 1.230569e-01
vertex -1.354164e-01 3.535350e-01 1.070617e-01
endloop
endfacet
facet normal 0 0 0
outer loop
vertex 5.480126e-02 1.196765e+00 7.121520e-02
vertex 6.075988e-02 1.220873e+00 3.521286e-02
vertex 6.574679e-02 1.213516e+00 7.291716e-02
endloop
endfacet
facet normal 0 0 0
outer loop
vertex -1.022973e-01 3.477266e-01 9.422229e-02
vertex -1.015330e-01 3.750996e-01 6.751823e-02
vertex -6.773370e-02 3.783618e-01 8.024244e-02
endloop
endfacet
facet normal 0 0 0
outer loop
vertex -1.877802e-01 1.228639e+00 7.228282e-03
vertex -1.775493e-01 1.213498e+00 5.778774e-03
vertex -1.808289e-01 1.208525e+00 3.270486e-02
endloop
endfacet
facet normal 0 0 0
outer loop
vertex -1.877802e-01 1.228639e+00 7.228282e-03
vertex -1.752012e-01 1.217059e+00 -1.369725e-02
vertex -1.775493e-01 1.213498e+00 5.778774e-03
endloop
endfacet
facet normal 0 0 0
outer loop
vertex -1.106863e-01 1.061318e+00 -3.295493e-02
vertex -1.130927e-01 1.057015e+00 -3.490488e-02
vertex -1.096096e-01 1.071768e+00 -2.284133e-02
endloop
endfacet
facet normal 0 0 0
outer loop
vertex -1.038111e-01 1.089298e+00 -1.037943e-02
vertex -1.106863e-01 1.061318e+00 -3.295493e-02
vertex -1.096096e-01 1.071768e+00 -2.284133e-02
endloop
endfacet
facet normal 0 0 0
outer loop
vertex -1.143286e-01 1.044449e+00 -4.781379e-02
vertex -1.134725e-01 1.049978e+00 -4.210391e-02
vertex -1.125586e-01 1.041763e+00 -5.038082e-02
endloop
endfacet
facet normal 0 0 0
outer loop
vertex -1.241653e-01 1.066833e+00 -2.595825e-02
vertex -1.134725e-01 1.049978e+00 -4.210391e-02
vertex -1.143286e-01 1.044449e+00 -4.781379e-02
endloop
endfacet
facet normal 0 0 0
outer loop
vertex -1.134725e-01 1.049978e+00 -4.210391e-02
vertex -1.051683e-01 1.077538e+00 -2.367476e-02
vertex -1.143286e-01 1.044449e+00 -4.781379e-02
endloop
endfacet
facet normal 0 0 0
outer loop
vertex -1.051683e-01 1.077538e+00 -2.367476e-02
vertex -1.070947e-01 1.066287e+00 -3.483505e-02
vertex -1.143286e-01 1.044449e+00 -4.781379e-02
endloop
endfacet
facet normal 0 0 0
outer loop
vertex -1.134725e-01 1.049978e+00 -4.210391e-02
vertex -1.106863e-01 1.061318e+00 -3.295493e-02
vertex -1.051683e-01 1.077538e+00 -2.367476e-02
endloop
endfacet
facet normal 0 0 0
outer loop
vertex -1.241653e-01 1.066833e+00 -2.595825e-02
vertex -1.130927e-01 1.057015e+00 -3.490488e-02
vertex -1.134725e-01 1.049978e+00 -4.210391e-02
endloop
endfacet
facet normal 0 0 0
outer loop
vertex -1.130927e-01 1.057015e+00 -3.490488e-02
vertex -1.106863e-01 1.061318e+00 -3.295493e-02
vertex -1.134725e-01 1.049978e+00 -4.210391e-02
endloop
endfacet
facet normal 0 0 0
outer loop
vertex -1.029392e-01 1.078832e+00 -2.737937e-02
vertex -1.070947e-01 1.066287e+00 -3.483505e-02
vertex -1.051683e-01 1.077538e+00 -2.367476e-02
endloop
endfacet
facet normal 0 0 0
outer loop
vertex -9.816706e-02 1.082682e+00 -2.636704e-02
vertex -1.009475e-01 1.061112e+00 -4.077955e-02
vertex -1.070947e-01 1.066287e+00 -3.483505e-02
endloop
endfacet
facet normal 0 0 0
outer loop
vertex -1.125586e-01 1.041763e+00 -5.038082e-02
vertex -1.143286e-01 1.044449e+00 -4.781379e-02
vertex -1.070947e-01 1.066287e+00 -3.483505e-02
endloop
endfacet
facet normal 0 0 0
outer loop
vertex -1.241653e-01 1.066833e+00 -2.595825e-02
vertex -1.143286e-01 1.044449e+00 -4.781379e-02
vertex -1.163366e-01 1.040125e+00 -5.240584e-02
endloop
endfacet
facet normal 0 0 0
outer loop
vertex -1.163366e-01 1.040125e+00 -5.240584e-02
vertex -1.143286e-01 1.044449e+00 -4.781379e-02
vertex -1.125586e-01 1.041763e+00 -5.038082e-02
endloop
endfacet
facet normal 0 0 0
outer loop
vertex -1.162748e-01 1.038574e+00 -5.130560e-02
vertex -1.143286e-01 1.044449e+00 -4.781379e-02
vertex -1.125586e-01 1.041763e+00 -5.038082e-02
endloop
endfacet
facet normal 0 0 0
outer loop
vertex -1.172141e-01 1.049264e+00 -3.847513e-02
vertex -1.013647e-01 1.046616e+00 -4.438097e-02
vertex -1.130927e-01 1.057015e+00 -3.490488e-02
endloop
endfacet
facet normal 0 0 0
outer loop
vertex -2.198453e-01 1.342879e+00 2.137749e-01
vertex -2.268042e-01 1.322658e+00 2.117457e-01
vertex -2.206217e-01 1.321922e+00 2.138143e-01
endloop
endfacet
facet normal 0 0 0
outer loop
vertex -2.121141e-01 1.363596e+00 2.095193e-01
vertex -2.198453e-01 1.342879e+00 2.137749e-01
vertex -2.103520e-01 1.361971e+00 2.157013e-01
endloop
endfacet
facet normal 0 0 0
outer loop
vertex -2.121141e-01 1.363596e+00 2.095193e-01
vertex -2.103520e-01 1.361971e+00 2.157013e-01
vertex -1.984240e-01 1.379708e+00 2.175094e-01
endloop
endfacet
facet normal 0 0 0
outer loop
vertex -2.121141e-01 1.363596e+00 2.095193e-01
vertex -1.984240e-01 1.379708e+00 2.175094e-01
vertex -1.998986e-01 1.381729e+00 2.113679e-01
endloop
endfacet
facet normal 0 0 0
outer loop
vertex 6.360356e-03 1.109725e+00 9.105940e-03
vertex -2.337836e-02 1.109956e+00 1.235717e-02
vertex 3.626278e-03 1.115769e+00 1.412054e-02
endloop
endfacet
facet normal 0 0 0
outer loop
vertex -2.337836e-02 1.109956e+00 1.235717e-02
vertex 6.360356e-03 1.109725e+00 9.105940e-03
vertex -2.331014e-02 1.107762e+00 2.262926e-03
endloop
endfacet
facet normal 0 0 0
outer loop
vertex -4.171225e-02 1.113883e+00 1.613880e-02
vertex -4.236206e-02 1.123458e+00 1.806302e-02
vertex -1.971404e-02 1.115135e+00 1.359776e-02
endloop
endfacet
facet normal 0 0 0
outer loop
vertex -3.548569e-02 5.863078e-01 6.094581e-03
vertex -4.959328e-02 5.841331e-01 -6.791292e-02
vertex -2.517754e-02 5.966269e-01 6.956595e-03
endloop
endfacet
facet normal 0 0 0
outer loop
vertex 7.152393e-03 5.834120e-01 -5.950946e-02
vertex -4.614271e-03 5.657830e-01 5.301651e-03
vertex -7.438290e-03 5.759516e-01 7.574318e-03
endloop
endfacet
facet normal 0 0 0
outer loop
vertex -2.054732e-01 1.316626e+00 1.584058e-02
vertex -2.025145e-01 1.318161e+00 -3.826466e-03
vertex -2.066705e-01 1.298395e+00 1.403371e-02
endloop
endfacet
facet normal 0 0 0
outer loop
vertex 1.425722e-02 1.416098e+00 2.242810e-01
vertex 1.879735e-02 1.398751e+00 2.225938e-01
vertex 3.113143e-02 1.404935e+00 2.232685e-01
endloop
endfacet
facet normal 0 0 0
outer loop
vertex 1.400124e-02 1.371788e+00 2.199101e-01
vertex 1.879735e-02 1.398751e+00 2.225938e-01
vertex 6.760421e-03 1.384615e+00 2.211399e-01
endloop
endfacet
facet normal 0 0 0
outer loop
vertex 3.113143e-02 1.404935e+00 2.232685e-01
vertex 1.879735e-02 1.398751e+00 2.225938e-01
vertex 1.400124e-02 1.371788e+00 2.199101e-01
endloop
endfacet
facet normal 0 0 0
outer loop
vertex 7.175545e-04 1.397241e+00 2.223494e-01
vertex 1.879735e-02 1.398751e+00 2.225938e-01
vertex 1.425722e-02 1.416098e+00 2.242810e-01
endloop
endfacet
facet normal 0 0 0
outer loop
vertex -1.236800e-01 9.966238e-01 -1.342708e-03
vertex -1.190325e-01 9.880599e-01 3.506414e-03
vertex -9.671655e-02 9.870522e-01 -1.452949e-02
endloop
endfacet
facet normal 0 0 0
outer loop
vertex -1.191056e-01 9.856055e-01 6.097269e-03
vertex -1.187440e-01 9.760806e-01 1.559951e-02
vertex -1.191462e-01 9.869782e-01 5.822942e-03
endloop
endfacet
facet normal 0 0 0
outer loop
vertex -1.187440e-01 9.760806e-01 1.559951e-02
vertex -1.191056e-01 9.856055e-01 6.097269e-03
vertex -1.207796e-01 9.845529e-01 8.612270e-03
endloop
endfacet
facet normal 0 0 0
outer loop
vertex -1.191056e-01 9.856055e-01 6.097269e-03
vertex -1.181202e-01 9.714278e-01 -2.633134e-04
vertex -1.187448e-01 9.733877e-01 8.538845e-03
endloop
endfacet
facet normal 0 0 0
outer loop
vertex -1.191056e-01 9.856055e-01 6.097269e-03
vertex -1.190706e-01 9.871396e-01 4.487005e-03
vertex -1.181202e-01 9.714278e-01 -2.633134e-04
endloop
endfacet
facet normal 0 0 0
outer loop
vertex -1.159571e-01 9.937883e-01 -5.054007e-02
vertex -1.190706e-01 9.871396e-01 4.487005e-03
vertex -1.190325e-01 9.880599e-01 3.506414e-03
endloop
endfacet
facet normal 0 0 0
outer loop
vertex -1.211673e-01 9.720340e-01 1.159304e-02
vertex -1.187258e-01 9.755012e-01 1.581444e-02
vertex -1.225761e-01 9.739887e-01 1.357331e-02
endloop
endfacet
facet normal 0 0 0
outer loop
vertex 7.190681e-02 9.677506e-01 9.892168e-03
vertex 6.696783e-02 9.814118e-01 -2.427188e-03
vertex 7.198034e-02 9.691455e-01 9.630405e-03
endloop
endfacet
facet normal 0 0 0
outer loop
vertex 7.198034e-02 9.691455e-01 9.630405e-03
vertex 6.696783e-02 9.814118e-01 -2.427188e-03
vertex 6.834289e-02 9.807853e-01 -5.629812e-03
endloop
endfacet
facet normal 0 0 0
outer loop
vertex 7.198034e-02 9.691455e-01 9.630405e-03
vertex 6.696783e-02 9.814118e-01 -2.427188e-03
vertex 7.299536e-02 9.884002e-01 6.017159e-03
endloop
endfacet
facet normal 0 0 0
outer loop
vertex 7.190681e-02 9.677506e-01 9.892168e-03
vertex 7.198034e-02 9.691455e-01 9.630405e-03
vertex 7.193521e-02 9.685329e-01 1.124082e-02
endloop
endfacet
facet normal 0 0 0
outer loop
vertex 7.198034e-02 9.691455e-01 9.630405e-03
vertex 7.856694e-02 9.584394e-01 1.260748e-02
vertex 7.193521e-02 9.685329e-01 1.124082e-02
endloop
endfacet
facet normal 0 0 0
outer loop
vertex 7.198034e-02 9.691455e-01 9.630405e-03
vertex 7.299536e-02 9.884002e-01 6.017159e-03
vertex 7.283252e-02 9.932475e-01 5.384742e-02
endloop
endfacet
facet normal 0 0 0
outer loop
vertex 7.193521e-02 9.685329e-01 1.124082e-02
vertex 7.198034e-02 9.691455e-01 9.630405e-03
vertex 7.283252e-02 9.932475e-01 5.384742e-02
endloop
endfacet
facet normal 0 0 0
outer loop
vertex -8.842953e-02 -7.748469e-03 1.251411e-01
vertex -8.154596e-02 -5.070595e-03 1.221416e-01
vertex -8.178288e-02 -8.892137e-03 1.713881e-01
endloop
endfacet
facet normal 0 0 0
outer loop
vertex 7.172070e-02 1.070348e+00 7.600641e-02
vertex 7.750989e-02 1.073504e+00 5.085968e-02
vertex 7.849894e-02 1.081611e+00 3.300387e-02
endloop
endfacet
facet normal 0 0 0
outer loop
vertex 6.140424e-02 1.077823e+00 9.728626e-02
vertex 7.172070e-02 1.070348e+00 7.600641e-02
vertex 7.849894e-02 1.081611e+00 3.300387e-02
endloop
endfacet
facet normal 0 0 0
outer loop
vertex 7.704738e-02 1.068152e+00 6.203698e-02
vertex 7.750989e-02 1.073504e+00 5.085968e-02
vertex 7.172070e-02 1.070348e+00 7.600641e-02
endloop
endfacet
facet normal 0 0 0
outer loop
vertex -2.977119e-01 6.907319e-01 -2.333156e-01
vertex -3.023383e-01 6.543381e-01 -2.845715e-01
vertex -2.754748e-01 6.858104e-01 -2.395989e-01
endloop
endfacet
facet normal 0 0 0
outer loop
vertex 3.014978e-02 6.653146e-01 -8.376642e-02
vertex -2.539809e-02 6.235127e-01 -9.723536e-02
vertex -2.527730e-02 6.536308e-01 -9.577582e-02
endloop
endfacet
facet normal 0 0 0
outer loop
vertex 7.999944e-02 1.293904e+00 4.244919e-02
vertex 7.601114e-02 1.296729e+00 1.527510e-02
vertex 7.874000e-02 1.312880e+00 4.432272e-02
endloop
endfacet
facet normal 0 0 0
outer loop
vertex -1.702093e-02 1.418811e+00 -3.898959e-02
vertex -1.556411e-02 1.423442e+00 -3.641292e-02
vertex -4.621519e-04 1.415990e+00 -3.707800e-02
endloop
endfacet
facet normal 0 0 0
outer loop
vertex -2.456806e-01 7.428862e-01 -1.958584e-01
vertex -2.343656e-01 7.390496e-01 -2.205458e-01
vertex -2.306292e-01 7.463727e-01 -2.150162e-01
endloop
endfacet
facet normal 0 0 0
outer loop
vertex -9.012463e-02 1.117295e+00 1.919343e-01
vertex -9.017203e-02 1.116020e+00 1.854622e-01
vertex -6.867649e-02 1.114784e+00 1.917216e-01
endloop
endfacet
facet normal 0 0 0
outer loop
vertex -6.867649e-02 1.114784e+00 1.917216e-01
vertex -9.017203e-02 1.116020e+00 1.854622e-01
vertex -6.858731e-02 1.113477e+00 1.852417e-01
endloop
endfacet
facet normal 0 0 0
outer loop
vertex -1.351576e-01 2.929845e-01 1.179695e-01
vertex -1.403224e-01 2.560388e-01 1.351624e-01
vertex -1.461456e-01 2.996024e-01 1.527044e-01
endloop
endfacet
facet normal 0 0 0
outer loop
vertex -1.517019e-01 -6.968117e-03 2.632664e-01
vertex -1.464141e-01 -7.504484e-03 3.030951e-01
vertex -1.542842e-01 1.679383e-03 2.648444e-01
endloop
endfacet
facet normal 0 0 0
outer loop
vertex 1.827972e-01 8.013048e-01 2.448227e-01
vertex 1.639718e-01 8.449789e-01 2.320125e-01
vertex 1.664979e-01 8.100619e-01 2.663425e-01
endloop
endfacet
facet normal 0 0 0
outer loop
vertex 2.962065e-02 1.207238e+00 -4.146098e-02
vertex 4.274973e-02 1.217786e+00 -2.809436e-02
vertex 3.093425e-02 1.204604e+00 -2.946125e-02
endloop
endfacet
facet normal 0 0 0
outer loop
vertex 2.962065e-02 1.207238e+00 -4.146098e-02
vertex 4.112627e-02 1.220308e+00 -4.018191e-02
vertex 4.274973e-02 1.217786e+00 -2.809436e-02
endloop
endfacet
facet normal 0 0 0
outer loop
vertex -7.019062e-02 3.466442e-01 1.921093e-01
vertex -7.082527e-02 3.084927e-01 1.911892e-01
vertex -5.924835e-02 3.363526e-01 1.557064e-01
endloop
endfacet
facet normal 0 0 0
outer loop
vertex 3.084844e-02 3.012152e-01 -4.235363e-01
vertex 4.822659e-02 3.168519e-01 -4.220574e-01
vertex 3.338526e-02 3.031842e-01 -4.307882e-01
endloop
endfacet
facet normal 0 0 0
outer loop
vertex -1.718680e-01 1.222126e+00 -4.103237e-02
vertex -1.815857e-01 1.236566e+00 -3.964805e-02
vertex -1.803163e-01 1.238200e+00 -4.918732e-02
endloop
endfacet
facet normal 0 0 0
outer loop
vertex -1.718680e-01 1.222126e+00 -4.103237e-02
vertex -1.803163e-01 1.238200e+00 -4.918732e-02
vertex -1.707027e-01 1.223909e+00 -5.055753e-02
endloop
endfacet
facet normal 0 0 0
outer loop
vertex -2.836127e-01 7.659952e-01 -2.037096e-01
vertex -2.677120e-01 7.518067e-01 -1.929005e-01
vertex -2.594236e-01 7.697434e-01 -1.817505e-01
endloop
endfacet
facet normal 0 0 0
outer loop
vertex -2.456806e-01 7.428862e-01 -1.958584e-01
vertex -2.594236e-01 7.697434e-01 -1.817505e-01
vertex -2.677120e-01 7.518067e-01 -1.929005e-01
endloop
endfacet
facet normal 0 0 0
outer loop
vertex -2.379404e-01 7.324207e-01 -2.263853e-01
vertex -2.343656e-01 7.390496e-01 -2.205458e-01
vertex -2.502307e-01 7.344466e-01 -2.007666e-01
endloop
endfacet
facet normal 0 0 0
outer loop
vertex -9.853786e-02 -1.064524e-02 2.950846e-01
vertex -7.982222e-02 -7.390338e-03 2.634743e-01
vertex -9.391373e-02 -8.014662e-03 3.029692e-01
endloop
endfacet
facet normal 0 0 0
outer loop
vertex -7.982222e-02 -7.390338e-03 2.634743e-01
vertex -7.719199e-02 1.017488e-03 2.649386e-01
vertex -9.391373e-02 -8.014662e-03 3.029692e-01
endloop
endfacet
facet normal 0 0 0
outer loop
vertex 5.326376e-02 7.624529e-01 5.186639e-02
vertex 4.145852e-02 8.027266e-01 8.697963e-02
vertex 5.065679e-02 7.248666e-01 8.332002e-02
endloop
endfacet
facet normal 0 0 0
outer loop
vertex -2.554452e-01 7.251570e-01 -2.052118e-01
vertex -2.379404e-01 7.324207e-01 -2.263853e-01
vertex -2.502307e-01 7.344466e-01 -2.007666e-01
endloop
endfacet
facet normal 0 0 0
outer loop
vertex -1.702093e-02 1.418811e+00 -3.898959e-02
vertex -3.203264e-02 1.424021e+00 -3.854637e-02
vertex -1.556411e-02 1.423442e+00 -3.641292e-02
endloop
endfacet
facet normal 0 0 0
outer loop
vertex -3.203264e-02 1.424021e+00 -3.854637e-02
vertex -3.156465e-02 1.428915e+00 -3.594843e-02
vertex -1.556411e-02 1.423442e+00 -3.641292e-02
endloop
endfacet
facet normal 0 0 0
outer loop
vertex -5.014789e-02 1.273403e+00 -5.351079e-02
vertex -9.562383e-02 1.297364e+00 -5.136437e-02
vertex -5.926893e-02 1.333632e+00 -4.759618e-02
endloop
endfacet
facet normal 0 0 0
outer loop
vertex -1.456086e-01 5.670469e-01 5.011508e-03
vertex -1.337232e-01 5.405269e-01 -5.507952e-02
vertex -1.454943e-01 5.552992e-01 1.041936e-02
endloop
endfacet
facet normal 0 0 0
outer loop
vertex -1.454943e-01 5.552992e-01 1.041936e-02
vertex -1.337232e-01 5.405269e-01 -5.507952e-02
vertex -1.340978e-01 5.098796e-01 -3.426317e-02
endloop
endfacet
facet normal 0 0 0
outer loop
vertex 1.188825e-01 7.932733e-01 2.587560e-01
vertex 1.252133e-01 7.605711e-01 2.916248e-01
vertex 1.398069e-01 8.059694e-01 2.703958e-01
endloop
endfacet
facet normal 0 0 0
outer loop
vertex -1.464607e-01 3.364823e-01 1.534044e-01
vertex -1.461456e-01 2.996024e-01 1.527044e-01
vertex -1.356156e-01 3.076853e-01 1.873676e-01
endloop
endfacet
facet normal 0 0 0
outer loop
vertex -1.049227e-01 9.149773e-02 9.962097e-02
vertex -7.603678e-02 8.080537e-02 1.086298e-01
vertex -1.050603e-01 8.093183e-02 9.678524e-02
endloop
endfacet
facet normal 0 0 0
outer loop
vertex -7.603678e-02 8.080537e-02 1.086298e-01
vertex -1.049227e-01 9.149773e-02 9.962097e-02
vertex -7.584134e-02 9.194639e-02 1.110446e-01
endloop
endfacet
facet normal 0 0 0
outer loop
vertex -1.047956e-01 1.020413e-01 1.016327e-01
vertex -7.584134e-02 9.194639e-02 1.110446e-01
vertex -1.049227e-01 9.149773e-02 9.962097e-02
endloop
endfacet
facet normal 0 0 0
outer loop
vertex 6.312988e-02 1.336924e+00 -3.820660e-02
vertex 6.652459e-02 1.319913e+00 -3.987389e-02
vertex 6.066459e-02 1.336909e+00 -4.455272e-02
endloop
endfacet
facet normal 0 0 0
outer loop
vertex 6.401016e-02 1.320119e+00 -4.619876e-02
vertex 6.066459e-02 1.336909e+00 -4.455272e-02
vertex 6.652459e-02 1.319913e+00 -3.987389e-02
endloop
endfacet
facet normal 0 0 0
outer loop
vertex -1.989391e-01 1.302850e+00 2.120447e-01
vertex -2.106877e-01 1.280535e+00 2.097844e-01
vertex -1.823274e-01 1.286503e+00 2.105150e-01
endloop
endfacet
facet normal 0 0 0
outer loop
vertex -1.939857e-01 1.375295e+00 2.192074e-01
vertex -2.050420e-01 1.358712e+00 2.175171e-01
vertex -1.910663e-01 1.367614e+00 2.184633e-01
endloop
endfacet
facet normal 0 0 0
outer loop
vertex -7.982222e-02 -7.390338e-03 2.634743e-01
vertex -8.717175e-02 -1.032155e-02 2.594078e-01
vertex -7.398597e-02 -6.773251e-03 2.205895e-01
endloop
endfacet
facet normal 0 0 0
outer loop
vertex -8.739565e-02 1.014818e+00 -4.185672e-02
vertex -1.094593e-01 1.003754e+00 -1.722109e-02
vertex -9.671655e-02 9.870522e-01 -1.452949e-02
endloop
endfacet
facet normal 0 0 0
outer loop
vertex -5.702827e-02 1.413183e+00 2.236252e-01
vertex -3.609491e-02 1.408622e+00 2.232832e-01
vertex -3.838010e-02 1.426932e+00 2.250770e-01
endloop
endfacet
facet normal 0 0 0
outer loop
vertex -8.829139e-02 1.445161e+00 1.961812e-01
vertex -1.096093e-01 1.440986e+00 1.956632e-01
vertex -8.858671e-02 1.445761e+00 2.084741e-01
endloop
endfacet
facet normal 0 0 0
outer loop
vertex 3.113143e-02 1.404935e+00 2.232685e-01
vertex 4.662042e-02 1.391527e+00 2.220233e-01
vertex 3.536325e-02 1.409532e+00 2.216330e-01
endloop
endfacet
facet normal 0 0 0
outer loop
vertex 3.536325e-02 1.409532e+00 2.216330e-01
vertex 4.662042e-02 1.391527e+00 2.220233e-01
vertex 5.173084e-02 1.395225e+00 2.203037e-01
endloop
endfacet
facet normal 0 0 0
outer loop
vertex 1.691401e-01 7.122745e-01 2.758966e-01
vertex 1.422041e-01 7.276326e-01 2.565669e-01
vertex 1.669651e-01 7.301813e-01 2.547667e-01
endloop
endfacet
facet normal 0 0 0
outer loop
vertex -7.280356e-02 -6.171674e-03 1.717513e-01
vertex -8.019929e-02 -9.279029e-03 1.968620e-01
vertex -8.178288e-02 -8.892137e-03 1.713881e-01
endloop
endfacet
facet normal 0 0 0
outer loop
vertex -7.097168e-02 -6.504112e-03 1.972126e-01
vertex -8.019929e-02 -9.279029e-03 1.968620e-01
vertex -7.280356e-02 -6.171674e-03 1.717513e-01
endloop
endfacet
facet normal 0 0 0
outer loop
vertex -2.594236e-01 7.697434e-01 -1.817505e-01
vertex -2.758626e-01 7.848833e-01 -1.928760e-01
vertex -2.836127e-01 7.659952e-01 -2.037096e-01
endloop
endfacet
facet normal 0 0 0
outer loop
vertex -2.343656e-01 7.390496e-01 -2.205458e-01
vertex -2.272980e-01 7.593082e-01 -2.353257e-01
vertex -2.306292e-01 7.463727e-01 -2.150162e-01
endloop
endfacet
facet normal 0 0 0
outer loop
vertex 5.287772e-02 1.092316e+00 9.188453e-02
vertex 7.849894e-02 1.081611e+00 3.300387e-02
vertex 6.792457e-02 1.089679e+00 4.028542e-02
endloop
endfacet
facet normal 0 0 0
outer loop
vertex -1.507235e-01 2.332071e-03 2.205113e-01
vertex -1.517019e-01 -6.968117e-03 2.632664e-01
vertex -1.542842e-01 1.679383e-03 2.648444e-01
endloop
endfacet
facet normal 0 0 0
outer loop
vertex -1.507235e-01 2.332071e-03 2.205113e-01
vertex -1.480578e-01 -6.130972e-03 2.202237e-01
vertex -1.517019e-01 -6.968117e-03 2.632664e-01
endloop
endfacet
facet normal 0 0 0
outer loop
vertex 4.822659e-02 3.168519e-01 -4.220574e-01
vertex 4.841410e-02 3.186573e-01 -4.291837e-01
vertex 3.338526e-02 3.031842e-01 -4.307882e-01
endloop
endfacet
facet normal 0 0 0
outer loop
vertex 3.084844e-02 3.012152e-01 -4.235363e-01
vertex 4.779476e-02 3.089598e-01 -4.082671e-01
vertex 4.822659e-02 3.168519e-01 -4.220574e-01
endloop
endfacet
facet normal 0 0 0
outer loop
vertex 4.779476e-02 3.089598e-01 -4.082671e-01
vertex 3.084844e-02 3.012152e-01 -4.235363e-01
vertex 2.803286e-02 2.937419e-01 -4.096910e-01
endloop
endfacet
facet normal 0 0 0
outer loop
vertex 6.600172e-03 1.419926e+00 5.448421e-02
vertex 2.612569e-02 1.409935e+00 9.204363e-02
vertex 2.237053e-02 1.409407e+00 5.351830e-02
endloop
endfacet
facet normal 0 0 0
outer loop
vertex -1.446531e-01 1.067516e-01 1.432386e-01
vertex -1.340495e-01 1.035473e-01 1.110894e-01
vertex -1.446544e-01 9.537551e-02 1.417857e-01
endloop
endfacet
facet normal 0 0 0
outer loop
vertex -1.340496e-01 9.269174e-02 1.097551e-01
vertex -1.446544e-01 9.537551e-02 1.417857e-01
vertex -1.340495e-01 1.035473e-01 1.110894e-01
endloop
endfacet
facet normal 0 0 0
outer loop
vertex -2.676647e-01 7.049379e-01 -2.171953e-01
vertex -2.977119e-01 6.907319e-01 -2.333156e-01
vertex -2.754748e-01 6.858104e-01 -2.395989e-01
endloop
endfacet
facet normal 0 0 0
outer loop
vertex -2.977119e-01 6.907319e-01 -2.333156e-01
vertex -2.676647e-01 7.049379e-01 -2.171953e-01
vertex -2.908649e-01 7.114919e-01 -2.111748e-01
endloop
endfacet
facet normal 0 0 0
outer loop
vertex -1.336167e-01 1.185236e+00 -3.227400e-02
vertex -1.497888e-01 1.191818e+00 -1.608052e-02
vertex -1.483346e-01 1.195053e+00 -3.136729e-02
endloop
endfacet
facet normal 0 0 0
outer loop
vertex -1.497888e-01 1.191818e+00 -1.608052e-02
vertex -1.336167e-01 1.185236e+00 -3.227400e-02
vertex -1.348260e-01 1.181846e+00 -1.700176e-02
endloop
endfacet
facet normal 0 0 0
outer loop
vertex -8.139727e-02 1.427454e+00 -3.844721e-02
vertex -9.786892e-02 1.424244e+00 -3.884595e-02
vertex -8.241322e-02 1.432346e+00 -3.585670e-02
endloop
endfacet
facet normal 0 0 0
outer loop
vertex -1.976682e-01 9.720328e-01 -6.672505e-02
vertex -1.912311e-01 9.827790e-01 -2.068065e-02
vertex -1.803968e-01 1.010420e+00 -4.632588e-02
endloop
endfacet
facet normal 0 0 0
outer loop
vertex 1.774728e-01 8.800774e-01 1.607144e-01
vertex 1.593294e-01 8.895119e-01 1.913418e-01
vertex 1.801440e-01 8.689179e-01 1.703691e-01
endloop
endfacet
facet normal 0 0 0
outer loop
vertex -3.626747e-03 1.121302e+00 1.862793e-01
vertex -2.530826e-02 1.117263e+00 1.921093e-01
vertex -2.497114e-02 1.115847e+00 1.856129e-01
endloop
endfacet
facet normal 0 0 0
outer loop
vertex 5.888874e-02 1.319361e+00 -4.841058e-02
vertex 5.562253e-02 1.335807e+00 -4.679835e-02
vertex 6.401016e-02 1.320119e+00 -4.619876e-02
endloop
endfacet
facet normal 0 0 0
outer loop
vertex -2.049599e-01 1.235262e+00 7.365428e-02
vertex -1.913531e-01 1.224070e+00 3.419229e-02
vertex -1.962723e-01 1.217842e+00 7.197259e-02
endloop
endfacet
facet normal 0 0 0
outer loop
vertex -1.913531e-01 1.224070e+00 3.419229e-02
vertex -2.049599e-01 1.235262e+00 7.365428e-02
vertex -1.997108e-01 1.240891e+00 3.581809e-02
endloop
endfacet
facet normal 0 0 0
outer loop
vertex 1.633915e-01 6.150009e-01 4.383858e-01
vertex 1.763949e-01 6.569484e-01 3.961184e-01
vertex 1.563379e-01 6.382803e-01 4.378848e-01
endloop
endfacet
facet normal 0 0 0
outer loop
vertex -6.773961e-02 1.926724e-03 1.975509e-01
vertex -7.097168e-02 -6.504112e-03 1.972126e-01
vertex -6.939381e-02 2.121408e-03 1.724728e-01
endloop
endfacet
facet normal 0 0 0
outer loop
vertex -9.786892e-02 1.424244e+00 -3.884595e-02
vertex -1.137635e-01 1.418880e+00 -3.945543e-02
vertex -1.154528e-01 1.423593e+00 -3.688589e-02
endloop
endfacet
facet normal 0 0 0
outer loop
vertex -9.786892e-02 1.424244e+00 -3.884595e-02
vertex -1.154528e-01 1.423593e+00 -3.688589e-02
vertex -9.922422e-02 1.429056e+00 -3.626497e-02
endloop
endfacet
facet normal 0 0 0
outer loop
vertex -1.480789e-01 4.012151e-02 1.982220e-01
vertex -1.461393e-01 4.158350e-02 1.754606e-01
vertex -1.485421e-01 1.748846e-02 1.973392e-01
endloop
endfacet
facet normal 0 0 0
outer loop
vertex -1.485421e-01 1.748846e-02 1.973392e-01
vertex -1.461393e-01 4.158350e-02 1.754606e-01
vertex -1.459704e-01 1.792283e-02 1.731653e-01
endloop
endfacet
facet normal 0 0 0
outer loop
vertex -1.499915e-01 3.661691e-02 2.214059e-01
vertex -1.480789e-01 4.012151e-02 1.982220e-01
vertex -1.485421e-01 1.748846e-02 1.973392e-01
endloop
endfacet
facet normal 0 0 0
outer loop
vertex 1.631497e-02 1.195928e+00 -4.265308e-02
vertex 2.962065e-02 1.207238e+00 -4.146098e-02
vertex 1.743583e-02 1.193170e+00 -3.066603e-02
endloop
endfacet
facet normal 0 0 0
outer loop
vertex -1.572990e-01 1.213086e+00 -5.790091e-02
vertex -1.638894e-01 1.228377e+00 -5.852541e-02
vertex -1.530827e-01 1.216204e+00 -5.968172e-02
endloop
endfacet
facet normal 0 0 0
outer loop
vertex 4.490109e-02 7.968463e-01 -4.764003e-02
vertex 5.296440e-02 7.206939e-01 -5.601526e-02
vertex 2.070569e-02 7.190285e-01 -8.726991e-02
endloop
endfacet
facet normal 0 0 0
outer loop
vertex -1.488384e-01 2.638812e-03 1.970045e-01
vertex -1.507235e-01 2.332071e-03 2.205113e-01
vertex -1.504252e-01 1.642742e-02 2.208023e-01
endloop
endfacet
facet normal 0 0 0
outer loop
vertex -1.504252e-01 1.642742e-02 2.208023e-01
vertex -1.485421e-01 1.748846e-02 1.973392e-01
vertex -1.488384e-01 2.638812e-03 1.970045e-01
endloop
endfacet
facet normal 0 0 0
outer loop
vertex 1.639718e-01 8.449789e-01 2.320125e-01
vertex 1.827972e-01 8.013048e-01 2.448227e-01
vertex 1.811815e-01 8.394741e-01 2.041461e-01
endloop
endfacet
facet normal 0 0 0
outer loop
vertex -7.487776e-02 8.391365e-02 1.748387e-01
vertex -1.058808e-01 7.207043e-02 1.894285e-01
vertex -7.187877e-02 6.640901e-02 1.808802e-01
endloop
endfacet
facet normal 0 0 0
outer loop
vertex -7.187877e-02 6.640901e-02 1.808802e-01
vertex -1.058808e-01 7.207043e-02 1.894285e-01
vertex -7.673489e-02 5.918749e-02 1.991374e-01
endloop
endfacet
facet normal 0 0 0
outer loop
vertex -1.052800e-01 8.493470e-02 1.858282e-01
vertex -7.487776e-02 8.391365e-02 1.748387e-01
vertex -7.460150e-02 9.831026e-02 1.748522e-01
endloop
endfacet
facet normal 0 0 0
outer loop
vertex -8.241322e-02 1.432346e+00 -3.585670e-02
vertex -9.786892e-02 1.424244e+00 -3.884595e-02
vertex -9.922422e-02 1.429056e+00 -3.626497e-02
endloop
endfacet
facet normal 0 0 0
outer loop
vertex 1.849775e-01 7.618278e-01 2.832640e-01
vertex 1.706799e-01 7.587271e-01 3.145524e-01
vertex 1.859884e-01 7.447278e-01 3.009656e-01
endloop
endfacet
facet normal 0 0 0
outer loop
vertex -1.169955e-01 1.180144e+00 -4.494266e-02
vertex -1.176229e-01 1.177741e+00 -3.285953e-02
vertex -1.326787e-01 1.187867e+00 -4.424846e-02
endloop
endfacet
facet normal 0 0 0
outer loop
vertex -1.336167e-01 1.185236e+00 -3.227400e-02
vertex -1.176229e-01 1.177741e+00 -3.285953e-02
vertex -1.185610e-01 1.174262e+00 -1.758750e-02
endloop
endfacet
facet normal 0 0 0
outer loop
vertex -6.014321e-02 2.996632e-01 1.566204e-01
vertex -7.082527e-02 3.084927e-01 1.911892e-01
vertex -7.153854e-02 2.671629e-01 1.897134e-01
endloop
endfacet
facet normal 0 0 0
outer loop
vertex -1.465486e-01 3.509375e-01 1.500554e-01
vertex -1.465272e-01 3.644589e-01 1.428668e-01
vertex -1.354465e-01 3.418294e-01 1.149925e-01
endloop
endfacet
facet normal 0 0 0
outer loop
vertex -1.464607e-01 3.364823e-01 1.534044e-01
vertex -1.465486e-01 3.509375e-01 1.500554e-01
vertex -1.354465e-01 3.418294e-01 1.149925e-01
endloop
endfacet
facet normal 0 0 0
outer loop
vertex 1.624427e-01 7.724447e-01 2.091831e-01
vertex 1.589258e-01 8.117961e-01 1.605634e-01
vertex 1.815171e-01 8.258086e-01 1.744124e-01
endloop
endfacet
facet normal 0 0 0
outer loop
vertex 1.833523e-01 7.860843e-01 2.211305e-01
vertex 1.624427e-01 7.724447e-01 2.091831e-01
vertex 1.815171e-01 8.258086e-01 1.744124e-01
endloop
endfacet
facet normal 0 0 0
outer loop
vertex 6.588491e-02 2.089411e-01 -4.449444e-01
vertex 7.091976e-02 2.547577e-01 -4.418070e-01
vertex 7.801304e-02 2.085813e-01 -4.443578e-01
endloop
endfacet
facet normal 0 0 0
outer loop
vertex 7.091976e-02 2.547577e-01 -4.418070e-01
vertex 6.588491e-02 2.089411e-01 -4.449444e-01
vertex 6.160868e-02 2.515089e-01 -4.422805e-01
endloop
endfacet
facet normal 0 0 0
outer loop
vertex -1.375570e-01 5.977498e-02 1.987904e-01
vertex -1.480789e-01 4.012151e-02 1.982220e-01
vertex -1.396646e-01 5.384377e-02 2.218582e-01
endloop
endfacet
facet normal 0 0 0
outer loop
vertex 1.708932e-01 6.223638e-01 3.684099e-01
vertex 1.818478e-01 6.343894e-01 3.773337e-01
vertex 1.695196e-01 6.114290e-01 4.151092e-01
endloop
endfacet
facet normal 0 0 0
outer loop
vertex -1.638894e-01 1.228377e+00 -5.852541e-02
vertex -1.572990e-01 1.213086e+00 -5.790091e-02
vertex -1.684950e-01 1.225789e+00 -5.669350e-02
endloop
endfacet
facet normal 0 0 0
outer loop
vertex -1.027045e-01 3.239655e-01 1.066223e-01
vertex -1.353815e-01 3.284212e-01 1.179001e-01
vertex -1.025537e-01 3.363743e-01 1.031191e-01
endloop
endfacet
facet normal 0 0 0
outer loop
vertex -1.351576e-01 2.929845e-01 1.179695e-01
vertex -1.353815e-01 3.284212e-01 1.179001e-01
vertex -1.027045e-01 3.239655e-01 1.066223e-01
endloop
endfacet
facet normal 0 0 0
outer loop
vertex -1.025537e-01 3.363743e-01 1.031191e-01
vertex -1.353815e-01 3.284212e-01 1.179001e-01
vertex -1.354465e-01 3.418294e-01 1.149925e-01
endloop
endfacet
facet normal 0 0 0
outer loop
vertex -1.340496e-01 9.269174e-02 1.097551e-01
vertex -1.340495e-01 1.035473e-01 1.110894e-01
vertex -1.047956e-01 1.020413e-01 1.016327e-01
endloop
endfacet
facet normal 0 0 0
outer loop
vertex -1.340496e-01 9.269174e-02 1.097551e-01
vertex -1.047956e-01 1.020413e-01 1.016327e-01
vertex -1.049227e-01 9.149773e-02 9.962097e-02
endloop
endfacet
facet normal 0 0 0
outer loop
vertex -1.022973e-01 3.477266e-01 9.422229e-02
vertex -1.354164e-01 3.535350e-01 1.070617e-01
vertex -1.352154e-01 3.818019e-01 8.244333e-02
endloop
endfacet
facet normal 0 0 0
outer loop
vertex -8.757241e-02 5.967976e-01 -9.729141e-02
vertex -8.583701e-02 6.143898e-01 -9.989726e-02
vertex -2.539809e-02 6.235127e-01 -9.723536e-02
endloop
endfacet
facet normal 0 0 0
outer loop
vertex -5.014789e-02 1.273403e+00 -5.351079e-02
vertex -5.926893e-02 1.333632e+00 -4.759618e-02
vertex -2.422783e-02 1.316483e+00 -4.911740e-02
endloop
endfacet
facet normal 0 0 0
outer loop
vertex 1.188825e-01 7.932733e-01 2.587560e-01
vertex 1.128172e-01 8.257648e-01 2.243517e-01
vertex 1.194349e-01 7.778241e-01 2.342491e-01
endloop
endfacet
facet normal 0 0 0
outer loop
vertex 6.401016e-02 1.320119e+00 -4.619876e-02
vertex 5.562253e-02 1.335807e+00 -4.679835e-02
vertex 6.066459e-02 1.336909e+00 -4.455272e-02
endloop
endfacet
facet normal 0 0 0
outer loop
vertex -1.718680e-01 1.222126e+00 -4.103237e-02
vertex -1.593086e-01 1.210957e+00 -5.178875e-02
vertex -1.603508e-01 1.209038e+00 -4.227642e-02
endloop
endfacet
facet normal 0 0 0
outer loop
vertex -1.593086e-01 1.210957e+00 -5.178875e-02
vertex -1.718680e-01 1.222126e+00 -4.103237e-02
vertex -1.707027e-01 1.223909e+00 -5.055753e-02
endloop
endfacet
facet normal 0 0 0
outer loop
vertex -2.530826e-02 1.117263e+00 1.921093e-01
vertex -3.626747e-03 1.121302e+00 1.862793e-01
vertex -4.126304e-03 1.122768e+00 1.927775e-01
endloop
endfacet
facet normal 0 0 0
outer loop
vertex -1.110328e-01 1.122164e+00 1.923822e-01
vertex -1.113007e-01 1.120948e+00 1.859197e-01
vertex -9.012463e-02 1.117295e+00 1.919343e-01
endloop
endfacet
facet normal 0 0 0
outer loop
vertex -1.113007e-01 1.120948e+00 1.859197e-01
vertex -9.017203e-02 1.116020e+00 1.854622e-01
vertex -9.012463e-02 1.117295e+00 1.919343e-01
endloop
endfacet
facet normal 0 0 0
outer loop
vertex -1.316707e-01 1.128139e+00 1.865980e-01
vertex -1.313748e-01 1.129834e+00 1.770710e-01
vertex -1.110925e-01 1.122701e+00 1.763977e-01
endloop
endfacet
facet normal 0 0 0
outer loop
vertex 4.755285e-02 1.238434e+00 -5.438847e-02
vertex 4.973031e-02 1.236499e+00 -4.823687e-02
vertex 3.813398e-02 1.224534e+00 -5.581782e-02
endloop
endfacet
facet normal 0 0 0
outer loop
vertex 1.801955e-01 8.580463e-01 1.826274e-01
vertex 1.811815e-01 8.394741e-01 2.041461e-01
vertex 1.815171e-01 8.258086e-01 1.744124e-01
endloop
endfacet
facet normal 0 0 0
outer loop
vertex 5.467335e-02 1.229635e+00 -1.124267e-02
vertex 4.458337e-02 1.214672e+00 -1.276959e-02
vertex 5.251333e-02 1.232569e+00 -2.666375e-02
endloop
endfacet
facet normal 0 0 0
outer loop
vertex -2.817371e-01 7.033086e-01 -3.321902e-01
vertex -2.635201e-01 7.014200e-01 -3.370300e-01
vertex -2.871188e-01 6.668720e-01 -3.584198e-01
endloop
endfacet
facet normal 0 0 0
outer loop
vertex -2.066705e-01 1.298395e+00 1.403371e-02
vertex -2.107971e-01 1.295743e+00 4.118124e-02
vertex -2.095720e-01 1.314485e+00 4.303769e-02
endloop
endfacet
facet normal 0 0 0
outer loop
vertex 7.309949e-02 1.298792e+00 -4.374218e-03
vertex 7.083817e-02 1.300382e+00 -1.984207e-02
vertex 7.191319e-02 1.316823e+00 -2.593157e-03
endloop
endfacet
facet normal 0 0 0
outer loop
vertex 7.999944e-02 1.293904e+00 4.244919e-02
vertex 7.874000e-02 1.312880e+00 4.432272e-02
vertex 8.437017e-02 1.309595e+00 8.244354e-02
endloop
endfacet
facet normal 0 0 0
outer loop
vertex 7.309949e-02 1.298792e+00 -4.374218e-03
vertex 7.601114e-02 1.296729e+00 1.527510e-02
vertex 7.192010e-02 1.280747e+00 -6.167583e-03
endloop
endfacet
facet normal 0 0 0
outer loop
vertex 9.395481e-02 1.303954e+00 1.477834e-01
vertex 9.140815e-02 1.285690e+00 1.185309e-01
vertex 9.000524e-02 1.306272e+00 1.205600e-01
endloop
endfacet
facet normal 0 0 0
outer loop
vertex 9.839070e-02 1.280724e+00 1.653417e-01
vertex 9.395481e-02 1.303954e+00 1.477834e-01
vertex 9.694955e-02 1.302256e+00 1.674681e-01
endloop
endfacet
facet normal 0 0 0
outer loop
vertex -2.758626e-01 7.848833e-01 -1.928760e-01
vertex -2.432317e-01 8.062699e-01 -1.597997e-01
vertex -2.602075e-01 8.247203e-01 -1.705535e-01
endloop
endfacet
facet normal 0 0 0
outer loop
vertex -2.206881e-01 9.291637e-01 -1.504418e-01
vertex -2.260709e-01 9.126762e-01 -1.178890e-01
vertex -2.161145e-01 9.397335e-01 -1.408088e-01
endloop
endfacet
facet normal 0 0 0
outer loop
vertex 8.096523e-02 5.947476e-01 -6.028125e-02
vertex 9.415278e-02 5.705484e-01 -2.619398e-03
vertex 8.095755e-02 5.669638e-01 -6.385200e-02
endloop
endfacet
facet normal 0 0 0
outer loop
vertex -9.908337e-02 1.185009e+00 -6.252523e-02
vertex -1.140651e-01 1.190255e+00 -6.207380e-02
vertex -8.817631e-02 1.196668e+00 -6.131026e-02
endloop
endfacet
facet normal 0 0 0
outer loop
vertex -1.082231e-01 1.432282e+00 2.251885e-01
vertex -1.286021e-01 1.425410e+00 2.244077e-01
vertex -1.047335e-01 1.421279e+00 2.241800e-01
endloop
endfacet
facet normal 0 0 0
outer loop
vertex 1.731596e-02 1.421577e+00 2.227265e-01
vertex 1.425722e-02 1.416098e+00 2.242810e-01
vertex 3.113143e-02 1.404935e+00 2.232685e-01
endloop
endfacet
facet normal 0 0 0
outer loop
vertex 6.160868e-02 2.515089e-01 -4.422805e-01
vertex 6.588491e-02 2.089411e-01 -4.449444e-01
vertex 5.188857e-02 2.083841e-01 -4.448975e-01
endloop
endfacet
facet normal 0 0 0
outer loop
vertex -2.497114e-02 1.115847e+00 1.856129e-01
vertex -2.530826e-02 1.117263e+00 1.921093e-01
vertex -4.670659e-02 1.113328e+00 1.852818e-01
endloop
endfacet
facet normal 0 0 0
outer loop
vertex -1.483346e-01 1.195053e+00 -3.136729e-02
vertex -1.616579e-01 1.206650e+00 -3.028014e-02
vertex -1.603508e-01 1.209038e+00 -4.227642e-02
endloop
endfacet
facet normal 0 0 0
outer loop
vertex -1.733268e-01 1.219903e+00 -2.902046e-02
vertex -1.616579e-01 1.206650e+00 -3.028014e-02
vertex -1.752012e-01 1.217059e+00 -1.369725e-02
endloop
endfacet
facet normal 0 0 0
outer loop
vertex -1.736818e-01 8.524897e-01 -1.594830e-01
vertex -1.655950e-01 8.771211e-01 -1.799203e-01
vertex -1.613345e-01 8.744602e-01 -1.487648e-01
endloop
endfacet
facet normal 0 0 0
outer loop
vertex 1.708932e-01 6.223638e-01 3.684099e-01
vertex 1.695196e-01 6.114290e-01 4.151092e-01
vertex 1.604937e-01 5.957737e-01 4.217686e-01
endloop
endfacet
facet normal 0 0 0
outer loop
vertex -1.446531e-01 1.067516e-01 1.432386e-01
vertex -1.449132e-01 1.401775e-01 1.460872e-01
vertex -1.342418e-01 1.363157e-01 1.138631e-01
endloop
endfacet
facet normal 0 0 0
outer loop
vertex 4.786978e-02 3.586780e-01 -1.853735e-01
vertex 8.047905e-02 3.522291e-01 -1.783393e-01
vertex 7.930725e-02 3.050635e-01 -2.451499e-01
endloop
endfacet
facet normal 0 0 0
outer loop
vertex -1.353815e-01 3.284212e-01 1.179001e-01
vertex -1.464607e-01 3.364823e-01 1.534044e-01
vertex -1.354465e-01 3.418294e-01 1.149925e-01
endloop
endfacet
facet normal 0 0 0
outer loop
vertex -2.202591e-01 7.650139e-01 -2.031243e-01
vertex -2.306292e-01 7.463727e-01 -2.150162e-01
vertex -2.166419e-01 7.785912e-01 -2.230438e-01
endloop
endfacet
facet normal 0 0 0
outer loop
vertex -2.299746e-01 7.536076e-01 -2.408062e-01
vertex -2.272980e-01 7.593082e-01 -2.353257e-01
vertex -2.343656e-01 7.390496e-01 -2.205458e-01
endloop
endfacet
facet normal 0 0 0
outer loop
vertex 4.753655e-02 1.368460e+00 -4.149531e-02
vertex 5.020139e-02 1.351676e+00 -4.525366e-02
vertex 4.274130e-02 1.366662e+00 -4.380859e-02
endloop
endfacet
facet normal 0 0 0
outer loop
vertex 5.020139e-02 1.351676e+00 -4.525366e-02
vertex 4.753655e-02 1.368460e+00 -4.149531e-02
vertex 5.514098e-02 1.353116e+00 -4.297506e-02
endloop
endfacet
facet normal 0 0 0
outer loop
vertex -1.781460e-01 1.337376e+00 -4.780363e-02
vertex -1.678675e-01 1.336774e+00 -4.781445e-02
vertex -1.891086e-01 1.322039e+00 -4.937236e-02
endloop
endfacet
facet normal 0 0 0
outer loop
vertex -1.891086e-01 1.322039e+00 -4.937236e-02
vertex -1.858535e-01 1.337934e+00 -4.778516e-02
vertex -1.781460e-01 1.337376e+00 -4.780363e-02
endloop
endfacet
facet normal 0 0 0
outer loop
vertex -1.015330e-01 3.750996e-01 6.751823e-02
vertex -1.022973e-01 3.477266e-01 9.422229e-02
vertex -1.352154e-01 3.818019e-01 8.244333e-02
endloop
endfacet
facet normal 0 0 0
outer loop
vertex 6.792457e-02 1.089679e+00 4.028542e-02
vertex 5.416591e-02 1.096602e+00 4.693190e-02
vertex 5.287772e-02 1.092316e+00 9.188453e-02
endloop
endfacet
facet normal 0 0 0
outer loop
vertex -1.446544e-01 9.537551e-02 1.417857e-01
vertex -1.340496e-01 9.269174e-02 1.097551e-01
vertex -1.447944e-01 8.281215e-02 1.407774e-01
endloop
endfacet
facet normal 0 0 0
outer loop
vertex -1.340496e-01 9.269174e-02 1.097551e-01
vertex -1.341580e-01 8.170991e-02 1.073506e-01
vertex -1.447944e-01 8.281215e-02 1.407774e-01
endloop
endfacet
facet normal 0 0 0
outer loop
vertex -1.815857e-01 1.236566e+00 -3.964805e-02
vertex -1.733268e-01 1.219903e+00 -2.902046e-02
vertex -1.831780e-01 1.234531e+00 -2.761854e-02
endloop
endfacet
facet normal 0 0 0
outer loop
vertex -1.815857e-01 1.236566e+00 -3.964805e-02
vertex -1.718680e-01 1.222126e+00 -4.103237e-02
vertex -1.733268e-01 1.219903e+00 -2.902046e-02
endloop
endfacet
facet normal 0 0 0
outer loop
vertex -1.931757e-01 1.247970e+00 -1.072131e-02
vertex -1.910058e-01 1.250328e+00 -2.609081e-02
vertex -1.831780e-01 1.234531e+00 -2.761854e-02
endloop
endfacet
facet normal 0 0 0
outer loop
vertex -6.939381e-02 2.121408e-03 1.724728e-01
vertex -7.097168e-02 -6.504112e-03 1.972126e-01
vertex -7.280356e-02 -6.171674e-03 1.717513e-01
endloop
endfacet
facet normal 0 0 0
outer loop
vertex 3.093425e-02 1.204604e+00 -2.946125e-02
vertex 4.274973e-02 1.217786e+00 -2.809436e-02
vertex 4.458337e-02 1.214672e+00 -1.276959e-02
endloop
endfacet
facet normal 0 0 0
outer loop
vertex 3.256524e-02 1.201261e+00 -1.415873e-02
vertex 3.093425e-02 1.204604e+00 -2.946125e-02
vertex 4.458337e-02 1.214672e+00 -1.276959e-02
endloop
endfacet
facet normal 0 0 0
outer loop
vertex 8.646268e-02 2.083951e-01 -4.414082e-01
vertex 8.943138e-02 2.075600e-01 -4.328006e-01
vertex 9.038230e-02 1.833796e-01 -4.417596e-01
endloop
endfacet
facet normal 0 0 0
outer loop
vertex 7.752401e-02 2.577578e-01 -4.388019e-01
vertex 8.051001e-02 2.566969e-01 -4.307513e-01
vertex 8.646268e-02 2.083951e-01 -4.414082e-01
endloop
endfacet
facet normal 0 0 0
outer loop
vertex 1.557027e-01 8.340974e-01 1.270382e-01
vertex 1.780467e-01 8.605568e-01 1.292138e-01
vertex 1.805366e-01 8.508792e-01 1.388041e-01
endloop
endfacet
facet normal 0 0 0
outer loop
vertex 1.540854e-01 8.436587e-01 1.169912e-01
vertex 1.780467e-01 8.605568e-01 1.292138e-01
vertex 1.557027e-01 8.340974e-01 1.270382e-01
endloop
endfacet
facet normal 0 0 0
outer loop
vertex 8.387693e-02 3.307720e-01 -8.597501e-02
vertex 5.146543e-02 3.104177e-01 -8.801156e-02
vertex 8.367412e-02 3.214857e-01 -9.903554e-02
endloop
endfacet
facet normal 0 0 0
outer loop
vertex 5.146543e-02 3.104177e-01 -8.801156e-02
vertex 8.387693e-02 3.307720e-01 -8.597501e-02
vertex 5.153062e-02 3.197883e-01 -7.232139e-02
endloop
endfacet
facet normal 0 0 0
outer loop
vertex -1.461393e-01 4.158350e-02 1.754606e-01
vertex -1.480789e-01 4.012151e-02 1.982220e-01
vertex -1.375570e-01 5.977498e-02 1.987904e-01
endloop
endfacet
facet normal 0 0 0
outer loop
vertex -1.480763e-01 1.213221e-02 3.060028e-01
vertex -1.542842e-01 1.679383e-03 2.648444e-01
vertex -1.483724e-01 8.383333e-04 3.058365e-01
endloop
endfacet
facet normal 0 0 0
outer loop
vertex 7.657860e-02 6.069945e-01 8.374647e-02
vertex 3.583384e-02 6.074933e-01 1.055654e-01
vertex 3.749175e-02 5.896932e-01 1.029687e-01
endloop
endfacet
facet normal 0 0 0
outer loop
vertex 6.066459e-02 1.336909e+00 -4.455272e-02
vertex 5.753497e-02 1.353344e+00 -3.660846e-02
vertex 6.312988e-02 1.336924e+00 -3.820660e-02
endloop
endfacet
facet normal 0 0 0
outer loop
vertex -9.187798e-02 1.153980e-02 3.058705e-01
vertex -9.217468e-02 2.922409e-04 3.057048e-01
vertex -7.719199e-02 1.017488e-03 2.649386e-01
endloop
endfacet
facet normal 0 0 0
outer loop
vertex -1.454943e-01 5.552992e-01 1.041936e-02
vertex -1.340978e-01 5.098796e-01 -3.426317e-02
vertex -1.456985e-01 5.260912e-01 2.740060e-02
endloop
endfacet
facet normal 0 0 0
outer loop
vertex 8.437017e-02 1.309595e+00 8.244354e-02
vertex 7.498201e-02 1.331559e+00 4.614953e-02
vertex 8.042744e-02 1.329057e+00 8.434308e-02
endloop
endfacet
facet normal 0 0 0
outer loop
vertex 7.498201e-02 1.331559e+00 4.614953e-02
vertex 8.437017e-02 1.309595e+00 8.244354e-02
vertex 7.874000e-02 1.312880e+00 4.432272e-02
endloop
endfacet
facet normal 0 0 0
outer loop
vertex 6.765520e-02 1.302617e+00 -4.158320e-02
vertex 6.401016e-02 1.320119e+00 -4.619876e-02
vertex 6.652459e-02 1.319913e+00 -3.987389e-02
endloop
endfacet
facet normal 0 0 0
outer loop
vertex -3.897016e-02 1.206181e+00 -6.012476e-02
vertex -5.142408e-02 1.189891e+00 -6.180974e-02
vertex -6.751513e-02 1.188872e+00 -6.198773e-02
endloop
endfacet
facet normal 0 0 0
outer loop
vertex -7.371034e-02 1.403839e+00 -4.075106e-02
vertex -4.042836e-02 1.366471e+00 -4.429341e-02
vertex -7.988570e-02 1.357131e+00 -4.541224e-02
endloop
endfacet
facet normal 0 0 0
outer loop
vertex -6.279565e-02 1.346838e+00 -4.630659e-02
vertex -7.988570e-02 1.357131e+00 -4.541224e-02
vertex -4.042836e-02 1.366471e+00 -4.429341e-02
endloop
endfacet
facet normal 0 0 0
outer loop
vertex -1.404150e-01 1.835794e-02 1.265564e-01
vertex -1.425098e-01 4.189313e-02 1.324015e-01
vertex -1.315358e-01 4.267428e-02 9.265579e-02
endloop
endfacet
facet normal 0 0 0
outer loop
vertex -1.315358e-01 4.267428e-02 9.265579e-02
vertex -1.425098e-01 4.189313e-02 1.324015e-01
vertex -1.335829e-01 6.656080e-02 1.017738e-01
endloop
endfacet
facet normal 0 0 0
outer loop
vertex -7.788260e-02 6.551244e-02 1.028654e-01
vertex -1.050603e-01 8.093183e-02 9.678524e-02
vertex -7.603678e-02 8.080537e-02 1.086298e-01
endloop
endfacet
facet normal 0 0 0
outer loop
vertex -9.017203e-02 1.116020e+00 1.854622e-01
vertex -6.856225e-02 1.115221e+00 1.757169e-01
vertex -6.858731e-02 1.113477e+00 1.852417e-01
endloop
endfacet
facet normal 0 0 0
outer loop
vertex 6.074089e-02 1.251487e-01 -4.461240e-01
vertex 6.560957e-02 9.179016e-02 -4.463504e-01
vertex 5.160977e-02 9.763552e-02 -4.462373e-01
endloop
endfacet
facet normal 0 0 0
outer loop
vertex -3.897016e-02 1.206181e+00 -6.012476e-02
vertex -8.817631e-02 1.196668e+00 -6.131026e-02
vertex -4.710201e-02 1.236736e+00 -5.712764e-02
endloop
endfacet
facet normal 0 0 0
outer loop
vertex -6.751513e-02 1.188872e+00 -6.198773e-02
vertex -8.817631e-02 1.196668e+00 -6.131026e-02
vertex -3.897016e-02 1.206181e+00 -6.012476e-02
endloop
endfacet
facet normal 0 0 0
outer loop
vertex 1.693341e-01 7.751401e-01 2.992623e-01
vertex 1.706799e-01 7.587271e-01 3.145524e-01
vertex 1.849775e-01 7.618278e-01 2.832640e-01
endloop
endfacet
facet normal 0 0 0
outer loop
vertex -9.226485e-02 4.623004e-03 7.649072e-02
vertex -8.880278e-02 1.883615e-02 8.270533e-02
vertex -7.804954e-02 2.768511e-03 1.228507e-01
endloop
endfacet
facet normal 0 0 0
outer loop
vertex -7.371034e-02 1.403839e+00 -4.075106e-02
vertex -6.469028e-02 1.428491e+00 -3.826274e-02
vertex -4.807938e-02 1.427299e+00 -3.829978e-02
endloop
endfacet
facet normal 0 0 0
outer loop
vertex -1.929519e-01 8.253062e-01 -1.976746e-01
vertex -2.329479e-01 7.942542e-01 -2.341339e-01
vertex -2.098854e-01 8.443732e-01 -2.088177e-01
endloop
endfacet
facet normal 0 0 0
outer loop
vertex -2.329479e-01 7.942542e-01 -2.341339e-01
vertex -1.929519e-01 8.253062e-01 -1.976746e-01
vertex -2.166419e-01 7.785912e-01 -2.230438e-01
endloop
endfacet
facet normal 0 0 0
outer loop
vertex 1.811815e-01 8.394741e-01 2.041461e-01
vertex 1.833523e-01 7.860843e-01 2.211305e-01
vertex 1.815171e-01 8.258086e-01 1.744124e-01
endloop
endfacet
facet normal 0 0 0
outer loop
vertex -1.316707e-01 1.128139e+00 1.865980e-01
vertex -1.110925e-01 1.122701e+00 1.763977e-01
vertex -1.113007e-01 1.120948e+00 1.859197e-01
endloop
endfacet
facet normal 0 0 0
outer loop
vertex 5.562253e-02 1.335807e+00 -4.679835e-02
vertex 5.020139e-02 1.351676e+00 -4.525366e-02
vertex 5.514098e-02 1.353116e+00 -4.297506e-02
endloop
endfacet
facet normal 0 0 0
outer loop
vertex 6.066459e-02 1.336909e+00 -4.455272e-02
vertex 5.562253e-02 1.335807e+00 -4.679835e-02
vertex 5.514098e-02 1.353116e+00 -4.297506e-02
endloop
endfacet
facet normal 0 0 0
outer loop
vertex -9.562383e-02 1.297364e+00 -5.136437e-02
vertex -1.019051e-01 1.336388e+00 -4.753400e-02
vertex -5.926893e-02 1.333632e+00 -4.759618e-02
endloop
endfacet
facet normal 0 0 0
outer loop
vertex 6.066459e-02 1.336909e+00 -4.455272e-02
vertex 5.514098e-02 1.353116e+00 -4.297506e-02
vertex 5.753497e-02 1.353344e+00 -3.660846e-02
endloop
endfacet
facet normal 0 0 0
outer loop
vertex -1.461393e-01 4.158350e-02 1.754606e-01
vertex -1.398203e-01 6.718197e-02 1.803899e-01
vertex -1.443381e-01 6.605617e-02 1.377653e-01
endloop
endfacet
facet normal 0 0 0
outer loop
vertex -1.447944e-01 8.281215e-02 1.407774e-01
vertex -1.398203e-01 6.718197e-02 1.803899e-01
vertex -1.356171e-01 8.456021e-02 1.744371e-01
endloop
endfacet
facet normal 0 0 0
outer loop
vertex 8.194577e-02 2.585862e-01 -2.064853e-01
vertex 8.144016e-02 2.432050e-01 -2.441875e-01
vertex 9.107139e-02 2.815736e-01 -2.274575e-01
endloop
endfacet
facet normal 0 0 0
outer loop
vertex -1.459704e-01 1.792283e-02 1.731653e-01
vertex -1.404150e-01 1.835794e-02 1.265564e-01
vertex -1.458759e-01 2.824352e-03 1.720930e-01
endloop
endfacet
facet normal 0 0 0
outer loop
vertex -1.458759e-01 2.824352e-03 1.720930e-01
vertex -1.404150e-01 1.835794e-02 1.265564e-01
vertex -1.391360e-01 3.422627e-03 1.232247e-01
endloop
endfacet
facet normal 0 0 0
outer loop
vertex -2.562887e-01 8.029756e-01 -2.321356e-01
vertex -2.653982e-01 7.822419e-01 -2.428699e-01
vertex -2.728891e-01 7.976908e-01 -2.139431e-01
endloop
endfacet
facet normal 0 0 0
outer loop
vertex -1.313748e-01 1.129834e+00 1.770710e-01
vertex -1.507400e-01 1.138953e+00 1.778574e-01
vertex -1.496435e-01 1.141962e+00 1.660004e-01
endloop
endfacet
facet normal 0 0 0
outer loop
vertex -1.313748e-01 1.129834e+00 1.770710e-01
vertex -1.496435e-01 1.141962e+00 1.660004e-01
vertex -1.305458e-01 1.132867e+00 1.651585e-01
endloop
endfacet
facet normal 0 0 0
outer loop
vertex -6.014321e-02 2.996632e-01 1.566204e-01
vertex -6.619750e-02 2.627482e-01 1.724291e-01
vertex -6.113687e-02 2.592014e-01 1.562768e-01
endloop
endfacet
facet normal 0 0 0
outer loop
vertex 4.274973e-02 1.217786e+00 -2.809436e-02
vertex 5.251333e-02 1.232569e+00 -2.666375e-02
vertex 4.458337e-02 1.214672e+00 -1.276959e-02
endloop
endfacet
facet normal 0 0 0
outer loop
vertex 6.401016e-02 1.320119e+00 -4.619876e-02
vertex 6.511134e-02 1.303068e+00 -4.788401e-02
vertex 5.888874e-02 1.319361e+00 -4.841058e-02
endloop
endfacet
facet normal 0 0 0
outer loop
vertex 5.888874e-02 1.319361e+00 -4.841058e-02
vertex 6.511134e-02 1.303068e+00 -4.788401e-02
vertex 5.993834e-02 1.302692e+00 -5.005800e-02
endloop
endfacet
facet normal 0 0 0
outer loop
vertex 9.355763e-02 3.682333e-01 -1.006849e-01
vertex 9.351230e-02 4.003853e-01 -8.306701e-02
vertex 8.366589e-02 3.725804e-01 -5.065718e-02
endloop
endfacet
facet normal 0 0 0
outer loop
vertex 8.366589e-02 3.725804e-01 -5.065718e-02
vertex 8.391054e-02 3.424272e-01 -7.273125e-02
vertex 9.355763e-02 3.682333e-01 -1.006849e-01
endloop
endfacet
facet normal 0 0 0
outer loop
vertex -2.677120e-01 7.518067e-01 -1.929005e-01
vertex -2.502307e-01 7.344466e-01 -2.007666e-01
vertex -2.456806e-01 7.428862e-01 -1.958584e-01
endloop
endfacet
facet normal 0 0 0
outer loop
vertex -1.499915e-01 3.661691e-02 2.214059e-01
vertex -1.485421e-01 1.748846e-02 1.973392e-01
vertex -1.504252e-01 1.642742e-02 2.208023e-01
endloop
endfacet
facet normal 0 0 0
outer loop
vertex 6.075988e-02 1.220873e+00 3.521286e-02
vertex 6.920708e-02 1.237934e+00 3.694442e-02
vertex 7.454904e-02 1.231338e+00 7.473391e-02
endloop
endfacet
facet normal 0 0 0
outer loop
vertex -5.964461e-02 1.085968e+00 -5.031567e-02
vertex -2.341964e-02 1.087136e+00 -4.682717e-02
vertex -2.301979e-02 1.030308e+00 -6.237843e-02
endloop
endfacet
facet normal 0 0 0
outer loop
vertex -6.976233e-02 1.029393e+00 -6.282605e-02
vertex -5.964461e-02 1.085968e+00 -5.031567e-02
vertex -2.301979e-02 1.030308e+00 -6.237843e-02
endloop
endfacet
facet normal 0 0 0
outer loop
vertex -1.852175e-01 1.231918e+00 -1.227352e-02
vertex -1.931757e-01 1.247970e+00 -1.072131e-02
vertex -1.831780e-01 1.234531e+00 -2.761854e-02
endloop
endfacet
facet normal 0 0 0
outer loop
vertex -7.101453e-02 1.676598e-03 2.209235e-01
vertex -7.097168e-02 -6.504112e-03 1.972126e-01
vertex -6.773961e-02 1.926724e-03 1.975509e-01
endloop
endfacet
facet normal 0 0 0
outer loop
vertex -8.019929e-02 -9.279029e-03 1.968620e-01
vertex -7.398597e-02 -6.773251e-03 2.205895e-01
vertex -8.240697e-02 -9.565179e-03 2.201693e-01
endloop
endfacet
facet normal 0 0 0
outer loop
vertex -8.019929e-02 -9.279029e-03 1.968620e-01
vertex -7.097168e-02 -6.504112e-03 1.972126e-01
vertex -7.398597e-02 -6.773251e-03 2.205895e-01
endloop
endfacet
facet normal 0 0 0
outer loop
vertex -1.655950e-01 8.771211e-01 -1.799203e-01
vertex -1.929519e-01 8.253062e-01 -1.976746e-01
vertex -2.098854e-01 8.443732e-01 -2.088177e-01
endloop
endfacet
facet normal 0 0 0
outer loop
vertex 3.759823e-02 1.190749e+00 3.213853e-02
vertex 5.480126e-02 1.196765e+00 7.121520e-02
vertex 4.160145e-02 1.181904e+00 6.966452e-02
endloop
endfacet
facet normal 0 0 0
outer loop
vertex 9.755475e-02 1.232643e+00 1.981092e-01
vertex 9.041999e-02 1.211331e+00 1.959477e-01
vertex 9.702756e-02 1.233772e+00 1.885152e-01
endloop
endfacet
facet normal 0 0 0
outer loop
vertex 9.702756e-02 1.233772e+00 1.885152e-01
vertex 9.041999e-02 1.211331e+00 1.959477e-01
vertex 8.993675e-02 1.212507e+00 1.863601e-01
endloop
endfacet
facet normal 0 0 0
outer loop
vertex 9.533532e-02 1.235505e+00 1.764465e-01
vertex 8.993675e-02 1.212507e+00 1.863601e-01
vertex 8.834251e-02 1.214457e+00 1.743159e-01
endloop
endfacet
facet normal 0 0 0
outer loop
vertex -3.013553e-01 6.268726e-01 -3.416352e-01
vertex -2.802285e-01 6.348572e-01 -3.536421e-01
vertex -2.893296e-01 6.340829e-01 -3.312393e-01
endloop
endfacet
facet normal 0 0 0
outer loop
vertex 1.593294e-01 8.895119e-01 1.913418e-01
vertex 1.622917e-01 8.760020e-01 2.012553e-01
vertex 1.801440e-01 8.689179e-01 1.703691e-01
endloop
endfacet
facet normal 0 0 0
outer loop
vertex 1.622917e-01 8.760020e-01 2.012553e-01
vertex 1.801955e-01 8.580463e-01 1.826274e-01
vertex 1.801440e-01 8.689179e-01 1.703691e-01
endloop
endfacet
facet normal 0 0 0
outer loop
vertex -5.923625e-02 5.471488e-01 -5.695593e-02
vertex -9.767687e-02 5.070897e-01 -5.660199e-02
vertex -9.669045e-02 5.395955e-01 -7.856773e-02
endloop
endfacet
facet normal 0 0 0
outer loop
vertex -1.454227e-01 1.296230e+00 -5.171733e-02
vertex -1.891086e-01 1.322039e+00 -4.937236e-02
vertex -1.678675e-01 1.336774e+00 -4.781445e-02
endloop
endfacet
facet normal 0 0 0
outer loop
vertex -1.902813e-01 1.305565e+00 -5.100832e-02
vertex -1.891086e-01 1.322039e+00 -4.937236e-02
vertex -1.454227e-01 1.296230e+00 -5.171733e-02
endloop
endfacet
facet normal 0 0 0
outer loop
vertex -1.341580e-01 8.170991e-02 1.073506e-01
vertex -1.443381e-01 6.605617e-02 1.377653e-01
vertex -1.447944e-01 8.281215e-02 1.407774e-01
endloop
endfacet
facet normal 0 0 0
outer loop
vertex -1.341580e-01 8.170991e-02 1.073506e-01
vertex -1.335829e-01 6.656080e-02 1.017738e-01
vertex -1.443381e-01 6.605617e-02 1.377653e-01
endloop
endfacet
facet normal 0 0 0
outer loop
vertex 1.919279e-01 7.019711e-01 3.012095e-01
vertex 1.896999e-01 7.104619e-01 2.960992e-01
vertex 1.879603e-01 7.262306e-01 3.212847e-01
endloop
endfacet
facet normal 0 0 0
outer loop
vertex -1.051718e-01 1.436196e+00 9.394749e-02
vertex -8.490420e-02 1.438190e+00 5.584804e-02
vertex -1.023617e-01 1.433360e+00 2.785801e-02
endloop
endfacet
facet normal 0 0 0
outer loop
vertex -1.198486e-01 1.427481e+00 2.718973e-02
vertex -1.215172e-01 1.428491e+00 5.470753e-02
vertex -1.023617e-01 1.433360e+00 2.785801e-02
endloop
endfacet
facet normal 0 0 0
outer loop
vertex -1.215172e-01 1.428491e+00 5.470753e-02
vertex -1.051718e-01 1.436196e+00 9.394749e-02
vertex -1.023617e-01 1.433360e+00 2.785801e-02
endloop
endfacet
facet normal 0 0 0
outer loop
vertex -1.030197e-01 2.893994e-01 1.076868e-01
vertex -1.351576e-01 2.929845e-01 1.179695e-01
vertex -1.027045e-01 3.239655e-01 1.066223e-01
endloop
endfacet
facet normal 0 0 0
outer loop
vertex 7.091976e-02 2.547577e-01 -4.418070e-01
vertex 7.752401e-02 2.577578e-01 -4.388019e-01
vertex 7.801304e-02 2.085813e-01 -4.443578e-01
endloop
endfacet
facet normal 0 0 0
outer loop
vertex 7.986969e-02 1.224651e+00 1.125097e-01
vertex 6.574679e-02 1.213516e+00 7.291716e-02
vertex 7.454904e-02 1.231338e+00 7.473391e-02
endloop
endfacet
facet normal 0 0 0
outer loop
vertex 1.734353e-02 2.989196e-01 -2.427771e-01
vertex 4.786978e-02 3.586780e-01 -1.853735e-01
vertex 4.788337e-02 3.111716e-01 -2.500581e-01
endloop
endfacet
facet normal 0 0 0
outer loop
vertex 6.765520e-02 1.302617e+00 -4.158320e-02
vertex 6.511134e-02 1.303068e+00 -4.788401e-02
vertex 6.401016e-02 1.320119e+00 -4.619876e-02
endloop
endfacet
facet normal 0 0 0
outer loop
vertex -3.013553e-01 6.268726e-01 -3.416352e-01
vertex -3.023383e-01 6.543381e-01 -2.845715e-01
vertex -3.056899e-01 6.443292e-01 -3.347468e-01
endloop
endfacet
facet normal 0 0 0
outer loop
vertex -1.968861e-01 1.321106e+00 -4.106012e-02
vertex -1.935148e-01 1.337972e+00 -3.937660e-02
vertex -1.943104e-01 1.321675e+00 -4.732255e-02
endloop
endfacet
facet normal 0 0 0
outer loop
vertex -1.340496e-01 9.269174e-02 1.097551e-01
vertex -1.049227e-01 9.149773e-02 9.962097e-02
vertex -1.341580e-01 8.170991e-02 1.073506e-01
endloop
endfacet
facet normal 0 0 0
outer loop
vertex -9.844083e-02 4.836134e-01 1.436572e-01
vertex -6.340155e-02 4.780678e-01 1.272531e-01
vertex -9.594718e-02 5.508947e-01 1.110903e-01
endloop
endfacet
facet normal 0 0 0
outer loop
vertex -1.464201e-01 9.361695e-01 -3.207979e-02
vertex -1.972724e-01 9.084861e-01 -7.987215e-02
vertex -1.667210e-01 8.967441e-01 -8.750011e-02
endloop
endfacet
facet normal 0 0 0
outer loop
vertex -1.752012e-01 1.217059e+00 -1.369725e-02
vertex -1.616579e-01 1.206650e+00 -3.028014e-02
vertex -1.633362e-01 1.203591e+00 -1.497747e-02
endloop
endfacet
facet normal 0 0 0
outer loop
vertex -1.603508e-01 1.209038e+00 -4.227642e-02
vertex -1.616579e-01 1.206650e+00 -3.028014e-02
vertex -1.733268e-01 1.219903e+00 -2.902046e-02
endloop
endfacet
facet normal 0 0 0
outer loop
vertex -1.733268e-01 1.219903e+00 -2.902046e-02
vertex -1.718680e-01 1.222126e+00 -4.103237e-02
vertex -1.603508e-01 1.209038e+00 -4.227642e-02
endloop
endfacet
facet normal 0 0 0
outer loop
vertex -1.463481e-01 3.954811e-01 1.230569e-01
vertex -1.465272e-01 3.644589e-01 1.428668e-01
vertex -1.349294e-01 4.097349e-01 1.643765e-01
endloop
endfacet
facet normal 0 0 0
outer loop
vertex -1.238544e-01 1.429908e+00 9.323278e-02
vertex -1.385584e-01 1.420166e+00 5.379887e-02
vertex -1.415582e-01 1.421263e+00 9.228919e-02
endloop
endfacet
facet normal 0 0 0
outer loop
vertex -1.678675e-01 1.336774e+00 -4.781445e-02
vertex -1.560462e-01 1.337030e+00 -4.773244e-02
vertex -1.454227e-01 1.296230e+00 -5.171733e-02
endloop
endfacet
facet normal 0 0 0
outer loop
vertex -1.539849e-01 1.434662e-02 2.650722e-01
vertex -1.480763e-01 1.213221e-02 3.060028e-01
vertex -1.477772e-01 2.372435e-02 3.061754e-01
endloop
endfacet
facet normal 0 0 0
outer loop
vertex -1.539849e-01 1.434662e-02 2.650722e-01
vertex -1.542842e-01 1.679383e-03 2.648444e-01
vertex -1.480763e-01 1.213221e-02 3.060028e-01
endloop
endfacet
facet normal 0 0 0
outer loop
vertex -1.335829e-01 6.656080e-02 1.017738e-01
vertex -1.425098e-01 4.189313e-02 1.324015e-01
vertex -1.443381e-01 6.605617e-02 1.377653e-01
endloop
endfacet
facet normal 0 0 0
outer loop
vertex 1.252133e-01 7.605711e-01 2.916248e-01
vertex 1.444099e-01 7.732452e-01 3.012409e-01
vertex 1.398069e-01 8.059694e-01 2.703958e-01
endloop
endfacet
facet normal 0 0 0
outer loop
vertex 1.398069e-01 8.059694e-01 2.703958e-01
vertex 1.444099e-01 7.732452e-01 3.012409e-01
vertex 1.693341e-01 7.751401e-01 2.992623e-01
endloop
endfacet
facet normal 0 0 0
outer loop
vertex 1.666854e-01 9.085867e-01 1.398815e-01
vertex 1.483331e-01 9.199451e-01 1.709594e-01
vertex 1.774728e-01 8.800774e-01 1.607144e-01
endloop
endfacet
facet normal 0 0 0
outer loop
vertex -5.964461e-02 1.085968e+00 -5.031567e-02
vertex -6.976233e-02 1.029393e+00 -6.282605e-02
vertex -1.048539e-01 1.030805e+00 -6.102908e-02
endloop
endfacet
facet normal 0 0 0
outer loop
vertex 4.380585e-02 5.960867e-01 -8.078394e-02
vertex 4.276738e-02 6.002887e-01 -8.279500e-02
vertex 8.106077e-02 6.017157e-01 -6.091137e-02
endloop
endfacet
facet normal 0 0 0
outer loop
vertex 8.106077e-02 6.017157e-01 -6.091137e-02
vertex 8.096523e-02 5.947476e-01 -6.028125e-02
vertex 4.380585e-02 5.960867e-01 -8.078394e-02
endloop
endfacet
facet normal 0 0 0
outer loop
vertex -1.353815e-01 3.284212e-01 1.179001e-01
vertex -1.351576e-01 2.929845e-01 1.179695e-01
vertex -1.461456e-01 2.996024e-01 1.527044e-01
endloop
endfacet
facet normal 0 0 0
outer loop
vertex -1.353815e-01 3.284212e-01 1.179001e-01
vertex -1.461456e-01 2.996024e-01 1.527044e-01
vertex -1.464607e-01 3.364823e-01 1.534044e-01
endloop
endfacet
facet normal 0 0 0
outer loop
vertex 6.034481e-02 1.366647e+00 4.954002e-02
vertex 4.972560e-02 1.382458e+00 5.104735e-02
vertex 5.414671e-02 1.382020e+00 8.943605e-02
endloop
endfacet
facet normal 0 0 0
outer loop
vertex 5.694107e-02 1.367385e+00 2.216593e-02
vertex 4.972560e-02 1.382458e+00 5.104735e-02
vertex 6.034481e-02 1.366647e+00 4.954002e-02
endloop
endfacet
facet normal 0 0 0
outer loop
vertex 6.034481e-02 1.366647e+00 4.954002e-02
vertex 5.414671e-02 1.382020e+00 8.943605e-02
vertex 6.518882e-02 1.365573e+00 8.786885e-02
endloop
endfacet
facet normal 0 0 0
outer loop
vertex 4.786978e-02 3.586780e-01 -1.853735e-01
vertex 1.614971e-02 3.469024e-01 -1.769011e-01
vertex 4.799829e-02 3.748684e-01 -1.531196e-01
endloop
endfacet
facet normal 0 0 0
outer loop
vertex -7.689068e-02 1.364650e-02 2.651692e-01
vertex -9.187798e-02 1.153980e-02 3.058705e-01
vertex -7.719199e-02 1.017488e-03 2.649386e-01
endloop
endfacet
facet normal 0 0 0
outer loop
vertex -7.689068e-02 1.364650e-02 2.651692e-01
vertex -9.157768e-02 2.295583e-02 3.060442e-01
vertex -9.187798e-02 1.153980e-02 3.058705e-01
endloop
endfacet
facet normal 0 0 0
outer loop
vertex 7.752401e-02 2.577578e-01 -4.388019e-01
vertex 8.646268e-02 2.083951e-01 -4.414082e-01
vertex 7.801304e-02 2.085813e-01 -4.443578e-01
endloop
endfacet
facet normal 0 0 0
outer loop
vertex -2.362051e-02 1.440840e+00 1.960687e-01
vertex -4.492899e-02 1.445092e+00 1.963862e-01
vertex -4.474605e-02 1.445686e+00 2.086808e-01
endloop
endfacet
facet normal 0 0 0
outer loop
vertex 5.023248e-02 1.204943e+00 3.360392e-02
vertex 5.480126e-02 1.196765e+00 7.121520e-02
vertex 3.759823e-02 1.190749e+00 3.213853e-02
endloop
endfacet
facet normal 0 0 0
outer loop
vertex 6.075988e-02 1.220873e+00 3.521286e-02
vertex 5.480126e-02 1.196765e+00 7.121520e-02
vertex 5.023248e-02 1.204943e+00 3.360392e-02
endloop
endfacet
facet normal 0 0 0
outer loop
vertex 5.306173e-02 1.155373e+00 1.901276e-01
vertex 3.494651e-02 1.142560e+00 1.950431e-01
vertex 3.583513e-02 1.141126e+00 1.885589e-01
endloop
endfacet
facet normal 0 0 0
outer loop
vertex 1.891395e-01 7.195009e-01 3.298192e-01
vertex 1.946553e-01 6.920995e-01 3.073129e-01
vertex 1.919279e-01 7.019711e-01 3.012095e-01
endloop
endfacet
facet normal 0 0 0
outer loop
vertex 5.888874e-02 1.319361e+00 -4.841058e-02
vertex 2.878512e-02 1.344671e+00 -4.605699e-02
vertex 5.562253e-02 1.335807e+00 -4.679835e-02
endloop
endfacet
facet normal 0 0 0
outer loop
vertex 5.888874e-02 1.319361e+00 -4.841058e-02
vertex 4.317753e-02 1.304165e+00 -4.999617e-02
vertex 2.878512e-02 1.344671e+00 -4.605699e-02
endloop
endfacet
facet normal 0 0 0
outer loop
vertex 4.700183e-02 1.210569e+00 6.697657e-03
vertex 4.458337e-02 1.214672e+00 -1.276959e-02
vertex 5.726313e-02 1.225938e+00 8.255679e-03
endloop
endfacet
facet normal 0 0 0
outer loop
vertex 5.726313e-02 1.225938e+00 8.255679e-03
vertex 4.458337e-02 1.214672e+00 -1.276959e-02
vertex 5.467335e-02 1.229635e+00 -1.124267e-02
endloop
endfacet
facet normal 0 0 0
outer loop
vertex -8.339833e-02 1.095127e+00 -2.708560e-02
vertex -5.964461e-02 1.085968e+00 -5.031567e-02
vertex -9.816706e-02 1.082682e+00 -2.636704e-02
endloop
endfacet
facet normal 0 0 0
outer loop
vertex -1.483346e-01 1.195053e+00 -3.136729e-02
vertex -1.497888e-01 1.191818e+00 -1.608052e-02
vertex -1.616579e-01 1.206650e+00 -3.028014e-02
endloop
endfacet
facet normal 0 0 0
outer loop
vertex 1.695196e-01 6.114290e-01 4.151092e-01
vertex 1.763949e-01 6.569484e-01 3.961184e-01
vertex 1.633915e-01 6.150009e-01 4.383858e-01
endloop
endfacet
facet normal 0 0 0
outer loop
vertex -2.502307e-01 7.344466e-01 -2.007666e-01
vertex -2.720993e-01 7.430061e-01 -1.976529e-01
vertex -2.554452e-01 7.251570e-01 -2.052118e-01
endloop
endfacet
facet normal 0 0 0
outer loop
vertex -2.677120e-01 7.518067e-01 -1.929005e-01
vertex -2.720993e-01 7.430061e-01 -1.976529e-01
vertex -2.502307e-01 7.344466e-01 -2.007666e-01
endloop
endfacet
facet normal 0 0 0
outer loop
vertex 6.408173e-02 3.039957e-01 -4.312016e-01
vertex 4.863266e-02 3.109587e-01 -4.333250e-01
vertex 4.841410e-02 3.186573e-01 -4.291837e-01
endloop
endfacet
facet normal 0 0 0
outer loop
vertex -2.316228e-01 7.500706e-01 -2.475810e-01
vertex -2.299746e-01 7.536076e-01 -2.408062e-01
vertex -2.379404e-01 7.324207e-01 -2.263853e-01
endloop
endfacet
facet normal 0 0 0
outer loop
vertex -9.017203e-02 1.116020e+00 1.854622e-01
vertex -1.110925e-01 1.122701e+00 1.763977e-01
vertex -9.005645e-02 1.117791e+00 1.759414e-01
endloop
endfacet
facet normal 0 0 0
outer loop
vertex 6.814817e-02 6.911523e-01 -2.254395e-02
vertex 7.200414e-02 6.677319e-01 -5.122482e-02
vertex 5.296440e-02 7.206939e-01 -5.601526e-02
endloop
endfacet
facet normal 0 0 0
outer loop
vertex -1.686496e-01 1.397261e+00 5.138088e-02
vertex -1.811824e-01 1.383075e+00 4.991318e-02
vertex -1.858357e-01 1.382726e+00 8.825193e-02
endloop
endfacet
facet normal 0 0 0
outer loop
vertex -1.686496e-01 1.397261e+00 5.138088e-02
vertex -1.858357e-01 1.382726e+00 8.825193e-02
vertex -1.728187e-01 1.397472e+00 8.977759e-02
endloop
endfacet
facet normal 0 0 0
outer loop
vertex -2.102110e-01 1.229626e+00 1.114894e-01
vertex -2.049599e-01 1.235262e+00 7.365428e-02
vertex -1.962723e-01 1.217842e+00 7.197259e-02
endloop
endfacet
facet normal 0 0 0
outer loop
vertex -1.477772e-01 2.372435e-02 3.061754e-01
vertex -1.393595e-01 3.294275e-02 2.956534e-01
vertex -1.536061e-01 3.019547e-02 2.654663e-01
endloop
endfacet
facet normal 0 0 0
outer loop
vertex -1.783564e-01 1.368865e+00 -4.261946e-02
vertex -1.652817e-01 1.379536e+00 -4.360796e-02
vertex -1.739435e-01 1.366530e+00 -4.493976e-02
endloop
endfacet
facet normal 0 0 0
outer loop
vertex -1.783564e-01 1.368865e+00 -4.261946e-02
vertex -1.689853e-01 1.382800e+00 -4.119204e-02
vertex -1.652817e-01 1.379536e+00 -4.360796e-02
endloop
endfacet
facet normal 0 0 0
outer loop
vertex 6.600172e-03 1.419926e+00 5.448421e-02
vertex -8.444412e-03 1.429718e+00 9.377772e-02
vertex 9.237672e-03 1.421013e+00 9.300105e-02
endloop
endfacet
facet normal 0 0 0
outer loop
vertex 2.612569e-02 1.409935e+00 9.204363e-02
vertex 6.600172e-03 1.419926e+00 5.448421e-02
vertex 9.237672e-03 1.421013e+00 9.300105e-02
endloop
endfacet
facet normal 0 0 0
outer loop
vertex -1.019051e-01 1.336388e+00 -4.753400e-02
vertex -1.454227e-01 1.296230e+00 -5.171733e-02
vertex -1.280324e-01 1.329461e+00 -4.834616e-02
endloop
endfacet
facet normal 0 0 0
outer loop
vertex -1.454227e-01 1.296230e+00 -5.171733e-02
vertex -1.019051e-01 1.336388e+00 -4.753400e-02
vertex -9.562383e-02 1.297364e+00 -5.136437e-02
endloop
endfacet
facet normal 0 0 0
outer loop
vertex -1.454227e-01 1.296230e+00 -5.171733e-02
vertex -1.416265e-01 1.326489e+00 -4.870560e-02
vertex -1.280324e-01 1.329461e+00 -4.834616e-02
endloop
endfacet
facet normal 0 0 0
outer loop
vertex 4.973031e-02 1.236499e+00 -4.823687e-02
vertex 4.755285e-02 1.238434e+00 -5.438847e-02
vertex 5.508051e-02 1.253458e+00 -5.285736e-02
endloop
endfacet
facet normal 0 0 0
outer loop
vertex 5.746655e-02 1.251973e+00 -4.665965e-02
vertex 4.973031e-02 1.236499e+00 -4.823687e-02
vertex 5.508051e-02 1.253458e+00 -5.285736e-02
endloop
endfacet
facet normal 0 0 0
outer loop
vertex 8.178951e-02 5.869905e-01 7.808205e-02
vertex 9.579450e-02 6.095734e-01 9.283743e-03
vertex 9.116445e-02 6.257412e-01 1.318772e-02
endloop
endfacet
facet normal 0 0 0
outer loop
vertex -1.752012e-01 1.217059e+00 -1.369725e-02
vertex -1.852175e-01 1.231918e+00 -1.227352e-02
vertex -1.831780e-01 1.234531e+00 -2.761854e-02
endloop
endfacet
facet normal 0 0 0
outer loop
vertex -1.831780e-01 1.234531e+00 -2.761854e-02
vertex -1.733268e-01 1.219903e+00 -2.902046e-02
vertex -1.752012e-01 1.217059e+00 -1.369725e-02
endloop
endfacet
facet normal 0 0 0
outer loop
vertex -1.683807e-01 1.194430e+00 3.136498e-02
vertex -1.541543e-01 1.182166e+00 3.021836e-02
vertex -1.576472e-01 1.174634e+00 6.788090e-02
endloop
endfacet
facet normal 0 0 0
outer loop
vertex -1.576472e-01 1.174634e+00 6.788090e-02
vertex -1.724077e-01 1.187244e+00 6.905863e-02
vertex -1.683807e-01 1.194430e+00 3.136498e-02
endloop
endfacet
facet normal 0 0 0
outer loop
vertex -3.203264e-02 1.424021e+00 -3.854637e-02
vertex -1.702093e-02 1.418811e+00 -3.898959e-02
vertex -7.371034e-02 1.403839e+00 -4.075106e-02
endloop
endfacet
facet normal 0 0 0
outer loop
vertex -2.761518e-02 1.369515e+00 -4.392900e-02
vertex -4.042836e-02 1.366471e+00 -4.429341e-02
vertex -7.371034e-02 1.403839e+00 -4.075106e-02
endloop
endfacet
facet normal 0 0 0
outer loop
vertex -1.909470e-02 1.384152e+00 -4.243618e-02
vertex -7.371034e-02 1.403839e+00 -4.075106e-02
vertex -1.702093e-02 1.418811e+00 -3.898959e-02
endloop
endfacet
facet normal 0 0 0
outer loop
vertex -7.371034e-02 1.403839e+00 -4.075106e-02
vertex -1.909470e-02 1.384152e+00 -4.243618e-02
vertex -2.761518e-02 1.369515e+00 -4.392900e-02
endloop
endfacet
facet normal 0 0 0
outer loop
vertex -7.371034e-02 1.403839e+00 -4.075106e-02
vertex -4.807938e-02 1.427299e+00 -3.829978e-02
vertex -3.203264e-02 1.424021e+00 -3.854637e-02
endloop
endfacet
facet normal 0 0 0
outer loop
vertex 4.458337e-02 1.214672e+00 -1.276959e-02
vertex 3.473369e-02 1.196831e+00 5.278956e-03
vertex 3.256524e-02 1.201261e+00 -1.415873e-02
endloop
endfacet
facet normal 0 0 0
outer loop
vertex 5.996983e-02 1.335156e+00 2.165346e-01
vertex 6.521293e-02 1.313050e+00 2.143777e-01
vertex 8.233988e-02 1.338497e+00 2.169759e-01
endloop
endfacet
facet normal 0 0 0
outer loop
vertex 8.934157e-02 1.317980e+00 2.149816e-01
vertex 8.233988e-02 1.338497e+00 2.169759e-01
vertex 6.521293e-02 1.313050e+00 2.143777e-01
endloop
endfacet
facet normal 0 0 0
outer loop
vertex 8.732004e-02 4.482705e-01 -7.705906e-02
vertex 8.086167e-02 4.966507e-01 -7.916810e-02
vertex 9.376170e-02 4.694243e-01 -4.002560e-02
endloop
endfacet
facet normal 0 0 0
outer loop
vertex -1.832333e-01 8.990089e-01 -1.905507e-01
vertex -1.655950e-01 8.771211e-01 -1.799203e-01
vertex -2.098854e-01 8.443732e-01 -2.088177e-01
endloop
endfacet
facet normal 0 0 0
outer loop
vertex -1.858535e-01 1.337934e+00 -4.778516e-02
vertex -1.891086e-01 1.322039e+00 -4.937236e-02
vertex -1.909822e-01 1.338224e+00 -4.567035e-02
endloop
endfacet
facet normal 0 0 0
outer loop
vertex -1.909822e-01 1.338224e+00 -4.567035e-02
vertex -1.891086e-01 1.322039e+00 -4.937236e-02
vertex -1.943104e-01 1.321675e+00 -4.732255e-02
endloop
endfacet
facet normal 0 0 0
outer loop
vertex 1.677656e-01 8.871431e-01 1.083275e-01
vertex 1.444674e-01 8.680180e-01 9.758884e-02
vertex 1.474626e-01 9.076346e-01 7.687060e-02
endloop
endfacet
facet normal 0 0 0
outer loop
vertex 1.815171e-01 8.258086e-01 1.744124e-01
vertex 1.805377e-01 8.426228e-01 1.509399e-01
vertex 1.801955e-01 8.580463e-01 1.826274e-01
endloop
endfacet
facet normal 0 0 0
outer loop
vertex 1.872917e-01 7.254300e-01 2.847444e-01
vertex 1.691401e-01 7.122745e-01 2.758966e-01
vertex 1.860249e-01 7.434136e-01 2.646917e-01
endloop
endfacet
facet normal 0 0 0
outer loop
vertex -1.962723e-01 1.217842e+00 7.197259e-02
vertex -1.913531e-01 1.224070e+00 3.419229e-02
vertex -1.853268e-01 1.201800e+00 7.044178e-02
endloop
endfacet
facet normal 0 0 0
outer loop
vertex -8.757241e-02 5.967976e-01 -9.729141e-02
vertex -2.539809e-02 6.235127e-01 -9.723536e-02
vertex -2.546602e-02 6.054366e-01 -8.432771e-02
endloop
endfacet
facet normal 0 0 0
outer loop
vertex -4.959328e-02 5.841331e-01 -6.791292e-02
vertex -8.757241e-02 5.967976e-01 -9.729141e-02
vertex -2.546602e-02 6.054366e-01 -8.432771e-02
endloop
endfacet
facet normal 0 0 0
outer loop
vertex -1.459704e-01 1.792283e-02 1.731653e-01
vertex -1.425098e-01 4.189313e-02 1.324015e-01
vertex -1.404150e-01 1.835794e-02 1.265564e-01
endloop
endfacet
facet normal 0 0 0
outer loop
vertex -1.461393e-01 4.158350e-02 1.754606e-01
vertex -1.425098e-01 4.189313e-02 1.324015e-01
vertex -1.459704e-01 1.792283e-02 1.731653e-01
endloop
endfacet
facet normal 0 0 0
outer loop
vertex 8.096523e-02 5.947476e-01 -6.028125e-02
vertex 4.425094e-02 5.710526e-01 -8.025743e-02
vertex 4.380585e-02 5.960867e-01 -8.078394e-02
endloop
endfacet
facet normal 0 0 0
outer loop
vertex 8.095755e-02 5.669638e-01 -6.385200e-02
vertex 4.425094e-02 5.710526e-01 -8.025743e-02
vertex 8.096523e-02 5.947476e-01 -6.028125e-02
endloop
endfacet
facet normal 0 0 0
outer loop
vertex -1.496435e-01 1.141962e+00 1.660004e-01
vertex -1.481741e-01 1.145831e+00 1.507965e-01
vertex -1.305458e-01 1.132867e+00 1.651585e-01
endloop
endfacet
facet normal 0 0 0
outer loop
vertex -1.396646e-01 5.384377e-02 2.218582e-01
vertex -1.480789e-01 4.012151e-02 1.982220e-01
vertex -1.499915e-01 3.661691e-02 2.214059e-01
endloop
endfacet
facet normal 0 0 0
outer loop
vertex 8.834251e-02 1.214457e+00 1.743159e-01
vertex 9.288400e-02 1.237807e+00 1.610563e-01
vertex 9.533532e-02 1.235505e+00 1.764465e-01
endloop
endfacet
facet normal 0 0 0
outer loop
vertex 9.533532e-02 1.235505e+00 1.764465e-01
vertex 9.702756e-02 1.233772e+00 1.885152e-01
vertex 8.993675e-02 1.212507e+00 1.863601e-01
endloop
endfacet
facet normal 0 0 0
outer loop
vertex 1.882377e-02 1.189646e+00 -1.538315e-02
vertex 3.093425e-02 1.204604e+00 -2.946125e-02
vertex 3.256524e-02 1.201261e+00 -1.415873e-02
endloop
endfacet
facet normal 0 0 0
outer loop
vertex -2.350795e-02 1.356935e+00 -4.510974e-02
vertex -5.926893e-02 1.333632e+00 -4.759618e-02
vertex -6.279565e-02 1.346838e+00 -4.630659e-02
endloop
endfacet
facet normal 0 0 0
outer loop
vertex -2.422783e-02 1.316483e+00 -4.911740e-02
vertex -5.926893e-02 1.333632e+00 -4.759618e-02
vertex -2.350795e-02 1.356935e+00 -4.510974e-02
endloop
endfacet
facet normal 0 0 0
outer loop
vertex -8.581945e-02 1.439984e+00 9.441759e-02
vertex -6.613645e-02 1.441243e+00 9.463860e-02
vertex -6.595615e-02 1.439399e+00 5.606045e-02
endloop
endfacet
facet normal 0 0 0
outer loop
vertex 1.571381e-01 8.278052e-01 1.368249e-01
vertex 1.557027e-01 8.340974e-01 1.270382e-01
vertex 1.805366e-01 8.508792e-01 1.388041e-01
endloop
endfacet
facet normal 0 0 0
outer loop
vertex -1.393595e-01 3.294275e-02 2.956534e-01
vertex -1.436641e-01 4.309640e-02 2.657664e-01
vertex -1.536061e-01 3.019547e-02 2.654663e-01
endloop
endfacet
facet normal 0 0 0
outer loop
vertex -1.539849e-01 1.434662e-02 2.650722e-01
vertex -1.477772e-01 2.372435e-02 3.061754e-01
vertex -1.536061e-01 3.019547e-02 2.654663e-01
endloop
endfacet
facet normal 0 0 0
outer loop
vertex -2.802285e-01 6.348572e-01 -3.536421e-01
vertex -3.013553e-01 6.268726e-01 -3.416352e-01
vertex -2.926005e-01 6.276455e-01 -3.702090e-01
endloop
endfacet
facet normal 0 0 0
outer loop
vertex -2.550925e-01 8.435479e-01 -1.902023e-01
vertex -2.562887e-01 8.029756e-01 -2.321356e-01
vertex -2.728891e-01 7.976908e-01 -2.139431e-01
endloop
endfacet
facet normal 0 0 0
outer loop
vertex 4.551427e-02 1.172860e+00 1.071558e-01
vertex 4.160145e-02 1.181904e+00 6.966452e-02
vertex 5.930932e-02 1.188435e+00 1.088008e-01
endloop
endfacet
facet normal 0 0 0
outer loop
vertex 4.160145e-02 1.181904e+00 6.966452e-02
vertex 5.480126e-02 1.196765e+00 7.121520e-02
vertex 5.930932e-02 1.188435e+00 1.088008e-01
endloop
endfacet
facet normal 0 0 0
outer loop
vertex -2.059183e-01 1.332898e+00 4.487046e-02
vertex -2.152436e-01 1.311559e+00 8.113062e-02
vertex -2.114572e-01 1.330665e+00 8.303084e-02
endloop
endfacet
facet normal 0 0 0
outer loop
vertex -2.095720e-01 1.314485e+00 4.303769e-02
vertex -2.152436e-01 1.311559e+00 8.113062e-02
vertex -2.059183e-01 1.332898e+00 4.487046e-02
endloop
endfacet
facet normal 0 0 0
outer loop
vertex -3.536499e-02 1.193035e+00 -6.134312e-02
vertex -5.142408e-02 1.189891e+00 -6.180974e-02
vertex -3.897016e-02 1.206181e+00 -6.012476e-02
endloop
endfacet
facet normal 0 0 0
outer loop
vertex -2.839240e-02 1.434416e+00 5.574993e-02
vertex -4.701336e-02 1.438134e+00 5.602763e-02
vertex -4.645469e-02 1.439917e+00 9.460328e-02
endloop
endfacet
facet normal 0 0 0
outer loop
vertex -2.711479e-02 1.436070e+00 9.431631e-02
vertex -2.839240e-02 1.434416e+00 5.574993e-02
vertex -4.645469e-02 1.439917e+00 9.460328e-02
endloop
endfacet
facet normal 0 0 0
outer loop
vertex -4.701336e-02 1.438134e+00 5.602763e-02
vertex -6.595615e-02 1.439399e+00 5.606045e-02
vertex -4.645469e-02 1.439917e+00 9.460328e-02
endloop
endfacet
facet normal 0 0 0
outer loop
vertex -1.980309e-01 1.303945e+00 -4.276350e-02
vertex -1.968861e-01 1.321106e+00 -4.106012e-02
vertex -1.954550e-01 1.304759e+00 -4.900201e-02
endloop
endfacet
facet normal 0 0 0
outer loop
vertex -1.968861e-01 1.321106e+00 -4.106012e-02
vertex -1.943104e-01 1.321675e+00 -4.732255e-02
vertex -1.954550e-01 1.304759e+00 -4.900201e-02
endloop
endfacet
facet normal 0 0 0
outer loop
vertex -6.939381e-02 2.121408e-03 1.724728e-01
vertex -7.280356e-02 -6.171674e-03 1.717513e-01
vertex -7.804954e-02 2.768511e-03 1.228507e-01
endloop
endfacet
facet normal 0 0 0
outer loop
vertex 1.624481e-01 8.637930e-01 2.130078e-01
vertex 1.811815e-01 8.394741e-01 2.041461e-01
vertex 1.801955e-01 8.580463e-01 1.826274e-01
endloop
endfacet
facet normal 0 0 0
outer loop
vertex 1.622917e-01 8.760020e-01 2.012553e-01
vertex 1.624481e-01 8.637930e-01 2.130078e-01
vertex 1.801955e-01 8.580463e-01 1.826274e-01
endloop
endfacet
facet normal 0 0 0
outer loop
vertex 6.603061e-02 1.199473e+00 2.030950e-01
vertex 5.590115e-02 1.184537e+00 2.015468e-01
vertex 7.341399e-02 1.194869e+00 2.026568e-01
endloop
endfacet
facet normal 0 0 0
outer loop
vertex 7.388196e-02 1.215667e+00 2.047575e-01
vertex 6.603061e-02 1.199473e+00 2.030950e-01
vertex 7.341399e-02 1.194869e+00 2.026568e-01
endloop
endfacet
facet normal 0 0 0
outer loop
vertex 5.306173e-02 1.155373e+00 1.901276e-01
vertex 5.191343e-02 1.156650e+00 1.965899e-01
vertex 3.494651e-02 1.142560e+00 1.950431e-01
endloop
endfacet
facet normal 0 0 0
outer loop
vertex -2.216860e-01 1.217009e+00 1.950119e-01
vertex -2.267578e-01 1.237385e+00 2.033316e-01
vertex -2.287692e-01 1.237474e+00 1.969978e-01
endloop
endfacet
facet normal 0 0 0
outer loop
vertex 8.081054e-02 6.143036e-01 -6.027610e-02
vertex 8.106077e-02 6.017157e-01 -6.091137e-02
vertex 4.276738e-02 6.002887e-01 -8.279500e-02
endloop
endfacet
facet normal 0 0 0
outer loop
vertex 4.276738e-02 6.002887e-01 -8.279500e-02
vertex 3.941754e-02 6.098087e-01 -8.542595e-02
vertex 8.081054e-02 6.143036e-01 -6.027610e-02
endloop
endfacet
facet normal 0 0 0
outer loop
vertex -1.736818e-01 8.524897e-01 -1.594830e-01
vertex -1.981816e-01 8.069010e-01 -1.791292e-01
vertex -1.929519e-01 8.253062e-01 -1.976746e-01
endloop
endfacet
facet normal 0 0 0
outer loop
vertex -5.955200e-02 1.187877e+00 2.013992e-01
vertex -4.983874e-02 1.210587e+00 2.037012e-01
vertex -7.767633e-02 1.185214e+00 2.010444e-01
endloop
endfacet
facet normal 0 0 0
outer loop
vertex -4.983874e-02 1.210587e+00 2.037012e-01
vertex -8.539905e-02 1.220015e+00 2.044615e-01
vertex -7.767633e-02 1.185214e+00 2.010444e-01
endloop
endfacet
facet normal 0 0 0
outer loop
vertex -7.280356e-02 -6.171674e-03 1.717513e-01
vertex -8.178288e-02 -8.892137e-03 1.713881e-01
vertex -8.154596e-02 -5.070595e-03 1.221416e-01
endloop
endfacet
facet normal 0 0 0
outer loop
vertex -6.653866e-02 2.548280e-01 1.385080e-01
vertex -6.213053e-02 2.187396e-01 1.559332e-01
vertex -7.281951e-02 2.123952e-01 1.230307e-01
endloop
endfacet
facet normal 0 0 0
outer loop
vertex -1.809670e-01 1.352579e+00 -4.635735e-02
vertex -1.781460e-01 1.337376e+00 -4.780363e-02
vertex -1.858535e-01 1.337934e+00 -4.778516e-02
endloop
endfacet
facet normal 0 0 0
outer loop
vertex -2.306292e-01 7.463727e-01 -2.150162e-01
vertex -2.272980e-01 7.593082e-01 -2.353257e-01
vertex -2.166419e-01 7.785912e-01 -2.230438e-01
endloop
endfacet
facet normal 0 0 0
outer loop
vertex -2.166419e-01 7.785912e-01 -2.230438e-01
vertex -1.981816e-01 8.069010e-01 -1.791292e-01
vertex -2.202591e-01 7.650139e-01 -2.031243e-01
endloop
endfacet
facet normal 0 0 0
outer loop
vertex 1.859884e-01 7.447278e-01 3.009656e-01
vertex 1.709908e-01 7.527389e-01 3.217845e-01
vertex 1.864729e-01 7.377605e-01 3.074531e-01
endloop
endfacet
facet normal 0 0 0
outer loop
vertex 1.012899e-01 1.299963e+00 1.951111e-01
vertex 9.515625e-02 1.322539e+00 1.850717e-01
vertex 9.689797e-02 1.321750e+00 1.972401e-01
endloop
endfacet
facet normal 0 0 0
outer loop
vertex 3.473369e-02 1.196831e+00 5.278956e-03
vertex 4.458337e-02 1.214672e+00 -1.276959e-02
vertex 4.700183e-02 1.210569e+00 6.697657e-03
endloop
endfacet
facet normal 0 0 0
outer loop
vertex -1.507235e-01 2.332071e-03 2.205113e-01
vertex -1.542842e-01 1.679383e-03 2.648444e-01
vertex -1.539849e-01 1.434662e-02 2.650722e-01
endloop
endfacet
facet normal 0 0 0
outer loop
vertex -1.504252e-01 1.642742e-02 2.208023e-01
vertex -1.507235e-01 2.332071e-03 2.205113e-01
vertex -1.539849e-01 1.434662e-02 2.650722e-01
endloop
endfacet
facet normal 0 0 0
outer loop
vertex 4.713899e-03 1.419159e+00 2.697311e-02
vertex 2.237053e-02 1.409407e+00 5.351830e-02
vertex 2.004998e-02 1.408916e+00 2.603249e-02
endloop
endfacet
facet normal 0 0 0
outer loop
vertex 4.713899e-03 1.419159e+00 2.697311e-02
vertex 6.600172e-03 1.419926e+00 5.448421e-02
vertex 2.237053e-02 1.409407e+00 5.351830e-02
endloop
endfacet
facet normal 0 0 0
outer loop
vertex -7.651354e-02 2.938518e-02 2.655523e-01
vertex -8.584145e-02 4.248644e-02 2.658294e-01
vertex -9.725517e-02 3.232792e-02 2.956051e-01
endloop
endfacet
facet normal 0 0 0
outer loop
vertex -7.689068e-02 1.364650e-02 2.651692e-01
vertex -7.651354e-02 2.938518e-02 2.655523e-01
vertex -9.157768e-02 2.295583e-02 3.060442e-01
endloop
endfacet
facet normal 0 0 0
outer loop
vertex -2.836127e-01 7.659952e-01 -2.037096e-01
vertex -2.728891e-01 7.976908e-01 -2.139431e-01
vertex -2.810719e-01 7.776212e-01 -2.247072e-01
endloop
endfacet
facet normal 0 0 0
outer loop
vertex -2.758626e-01 7.848833e-01 -1.928760e-01
vertex -2.728891e-01 7.976908e-01 -2.139431e-01
vertex -2.836127e-01 7.659952e-01 -2.037096e-01
endloop
endfacet
facet normal 0 0 0
outer loop
vertex -2.612200e-01 7.153934e-01 -2.103320e-01
vertex -2.554452e-01 7.251570e-01 -2.052118e-01
vertex -2.775064e-01 7.333292e-01 -2.013344e-01
endloop
endfacet
facet normal 0 0 0
outer loop
vertex -2.554452e-01 7.251570e-01 -2.052118e-01
vertex -2.720993e-01 7.430061e-01 -1.976529e-01
vertex -2.775064e-01 7.333292e-01 -2.013344e-01
endloop
endfacet
facet normal 0 0 0
outer loop
vertex -4.701336e-02 1.438134e+00 5.602763e-02
vertex -6.583061e-02 1.438093e+00 2.850582e-02
vertex -6.595615e-02 1.439399e+00 5.606045e-02
endloop
endfacet
facet normal 0 0 0
outer loop
vertex -8.139727e-02 1.427454e+00 -3.844721e-02
vertex -6.469028e-02 1.428491e+00 -3.826274e-02
vertex -7.371034e-02 1.403839e+00 -4.075106e-02
endloop
endfacet
facet normal 0 0 0
outer loop
vertex -1.019051e-01 1.336388e+00 -4.753400e-02
vertex -6.279565e-02 1.346838e+00 -4.630659e-02
vertex -5.926893e-02 1.333632e+00 -4.759618e-02
endloop
endfacet
facet normal 0 0 0
outer loop
vertex 4.615201e-02 5.299591e-01 7.919872e-02
vertex 8.307799e-02 5.090119e-01 3.879415e-02
vertex 8.284392e-02 5.388979e-01 5.427997e-02
endloop
endfacet
facet normal 0 0 0
outer loop
vertex 4.702781e-02 4.988653e-01 6.326813e-02
vertex 8.307799e-02 5.090119e-01 3.879415e-02
vertex 4.615201e-02 5.299591e-01 7.919872e-02
endloop
endfacet
facet normal 0 0 0
outer loop
vertex 9.924638e-02 9.710196e-01 1.357286e-01
vertex 1.483331e-01 9.199451e-01 1.709594e-01
vertex 1.385346e-01 9.524862e-01 1.455355e-01
endloop
endfacet
facet normal 0 0 0
outer loop
vertex 7.498201e-02 1.331559e+00 4.614953e-02
vertex 6.882241e-02 1.349576e+00 4.789935e-02
vertex 8.042744e-02 1.329057e+00 8.434308e-02
endloop
endfacet
facet normal 0 0 0
outer loop
vertex -2.466752e-01 7.624711e-01 -2.773068e-01
vertex -2.739282e-01 7.500377e-01 -2.919569e-01
vertex -2.708089e-01 7.671458e-01 -2.714128e-01
endloop
endfacet
facet normal 0 0 0
outer loop
vertex -2.345548e-02 8.532048e-01 1.071042e-01
vertex -7.482431e-02 8.538963e-01 1.054417e-01
vertex -4.951071e-02 8.182135e-01 1.037234e-01
endloop
endfacet
facet normal 0 0 0
outer loop
vertex -9.669045e-02 5.395955e-01 -7.856773e-02
vertex -5.646962e-02 5.633224e-01 -6.325021e-02
vertex -5.923625e-02 5.471488e-01 -5.695593e-02
endloop
endfacet
facet normal 0 0 0
outer loop
vertex 5.508051e-02 1.253458e+00 -5.285736e-02
vertex 4.755285e-02 1.238434e+00 -5.438847e-02
vertex 5.021381e-02 1.255180e+00 -5.482094e-02
endloop
endfacet
facet normal 0 0 0
outer loop
vertex 3.371226e-02 1.411403e+00 1.779082e-01
vertex 3.187707e-02 1.411006e+00 1.580199e-01
vertex 1.430675e-02 1.422726e+00 1.590811e-01
endloop
endfacet
facet normal 0 0 0
outer loop
vertex -1.731803e-01 1.242068e+00 -5.721303e-02
vertex -1.638894e-01 1.228377e+00 -5.852541e-02
vertex -1.684950e-01 1.225789e+00 -5.669350e-02
endloop
endfacet
facet normal 0 0 0
outer loop
vertex -1.340978e-01 5.098796e-01 -3.426317e-02
vertex -9.767687e-02 5.070897e-01 -5.660199e-02
vertex -9.852747e-02 4.774496e-01 -3.106358e-02
endloop
endfacet
facet normal 0 0 0
outer loop
vertex -1.610559e-01 1.167365e+00 1.056567e-01
vertex -1.764589e-01 1.180055e+00 1.067490e-01
vertex -1.724077e-01 1.187244e+00 6.905863e-02
endloop
endfacet
facet normal 0 0 0
outer loop
vertex -1.610559e-01 1.167365e+00 1.056567e-01
vertex -1.724077e-01 1.187244e+00 6.905863e-02
vertex -1.576472e-01 1.174634e+00 6.788090e-02
endloop
endfacet
facet normal 0 0 0
outer loop
vertex 8.043066e-02 2.153253e-01 -3.147118e-01
vertex 8.872501e-02 2.409313e-01 -3.299233e-01
vertex 8.952119e-02 2.513423e-01 -2.994347e-01
endloop
endfacet
facet normal 0 0 0
outer loop
vertex 8.952119e-02 2.513423e-01 -2.994347e-01
vertex 8.093455e-02 2.278237e-01 -2.818896e-01
vertex 8.043066e-02 2.153253e-01 -3.147118e-01
endloop
endfacet
facet normal 0 0 0
outer loop
vertex -1.935148e-01 1.337972e+00 -3.937660e-02
vertex -1.882614e-01 1.354020e+00 -3.780876e-02
vertex -1.909822e-01 1.338224e+00 -4.567035e-02
endloop
endfacet
facet normal 0 0 0
outer loop
vertex 3.555289e-02 1.142469e+00 1.789930e-01
vertex 5.273589e-02 1.156654e+00 1.805557e-01
vertex 3.583513e-02 1.141126e+00 1.885589e-01
endloop
endfacet
facet normal 0 0 0
outer loop
vertex 5.306173e-02 1.155373e+00 1.901276e-01
vertex 3.583513e-02 1.141126e+00 1.885589e-01
vertex 5.273589e-02 1.156654e+00 1.805557e-01
endloop
endfacet
facet normal 0 0 0
outer loop
vertex 5.306173e-02 1.155373e+00 1.901276e-01
vertex 5.273589e-02 1.156654e+00 1.805557e-01
vertex 6.808329e-02 1.172095e+00 1.919236e-01
endloop
endfacet
facet normal 0 0 0
outer loop
vertex 5.161975e-02 1.159099e+00 1.685766e-01
vertex 5.273589e-02 1.156654e+00 1.805557e-01
vertex 3.555289e-02 1.142469e+00 1.789930e-01
endloop
endfacet
facet normal 0 0 0
outer loop
vertex 9.041999e-02 1.211331e+00 1.959477e-01
vertex 9.755475e-02 1.232643e+00 1.981092e-01
vertex 9.545781e-02 1.232240e+00 2.043903e-01
endloop
endfacet
facet normal 0 0 0
outer loop
vertex -6.086129e-02 5.136214e-01 -3.775998e-02
vertex -9.767687e-02 5.070897e-01 -5.660199e-02
vertex -5.923625e-02 5.471488e-01 -5.695593e-02
endloop
endfacet
facet normal 0 0 0
outer loop
vertex -6.744349e-02 1.671560e-02 1.979104e-01
vertex -6.773961e-02 1.926724e-03 1.975509e-01
vertex -6.850705e-02 1.711959e-02 1.736718e-01
endloop
endfacet
facet normal 0 0 0
outer loop
vertex -6.850705e-02 1.711959e-02 1.736718e-01
vertex -6.773961e-02 1.926724e-03 1.975509e-01
vertex -6.939381e-02 2.121408e-03 1.724728e-01
endloop
endfacet
facet normal 0 0 0
outer loop
vertex -1.426663e-01 9.963329e-01 3.537071e-02
vertex -1.912311e-01 9.827790e-01 -2.068065e-02
vertex -1.749325e-01 9.521856e-01 -1.829038e-02
endloop
endfacet
facet normal 0 0 0
outer loop
vertex -1.733627e-01 1.005691e+00 5.898037e-03
vertex -1.912311e-01 9.827790e-01 -2.068065e-02
vertex -1.426663e-01 9.963329e-01 3.537071e-02
endloop
endfacet
facet normal 0 0 0
outer loop
vertex -1.733627e-01 1.005691e+00 5.898037e-03
vertex -1.426663e-01 9.963329e-01 3.537071e-02
vertex -1.541447e-01 1.030333e+00 3.448416e-02
endloop
endfacet
facet normal 0 0 0
outer loop
vertex 7.681624e-02 1.244073e-01 -4.461735e-01
vertex 6.560957e-02 9.179016e-02 -4.463504e-01
vertex 6.074089e-02 1.251487e-01 -4.461240e-01
endloop
endfacet
facet normal 0 0 0
outer loop
vertex 4.512991e-02 1.233437e-01 -4.461124e-01
vertex 6.074089e-02 1.251487e-01 -4.461240e-01
vertex 5.160977e-02 9.763552e-02 -4.462373e-01
endloop
endfacet
facet normal 0 0 0
outer loop
vertex 6.650325e-02 1.285331e+00 -4.330259e-02
vertex 6.511134e-02 1.303068e+00 -4.788401e-02
vertex 6.765520e-02 1.302617e+00 -4.158320e-02
endloop
endfacet
facet normal 0 0 0
outer loop
vertex -2.908649e-01 7.114919e-01 -2.111748e-01
vertex -2.676647e-01 7.049379e-01 -2.171953e-01
vertex -2.837644e-01 7.229171e-01 -2.053521e-01
endloop
endfacet
facet normal 0 0 0
outer loop
vertex -2.676647e-01 7.049379e-01 -2.171953e-01
vertex -2.612200e-01 7.153934e-01 -2.103320e-01
vertex -2.837644e-01 7.229171e-01 -2.053521e-01
endloop
endfacet
facet normal 0 0 0
outer loop
vertex -1.335829e-01 6.656080e-02 1.017738e-01
vertex -1.050603e-01 8.093183e-02 9.678524e-02
vertex -1.057353e-01 6.620488e-02 9.030259e-02
endloop
endfacet
facet normal 0 0 0
outer loop
vertex -1.050603e-01 8.093183e-02 9.678524e-02
vertex -1.341580e-01 8.170991e-02 1.073506e-01
vertex -1.049227e-01 9.149773e-02 9.962097e-02
endloop
endfacet
facet normal 0 0 0
outer loop
vertex -1.335829e-01 6.656080e-02 1.017738e-01
vertex -1.341580e-01 8.170991e-02 1.073506e-01
vertex -1.050603e-01 8.093183e-02 9.678524e-02
endloop
endfacet
facet normal 0 0 0
outer loop
vertex -4.042836e-02 1.366471e+00 -4.429341e-02
vertex -2.350795e-02 1.356935e+00 -4.510974e-02
vertex -6.279565e-02 1.346838e+00 -4.630659e-02
endloop
endfacet
facet normal 0 0 0
outer loop
vertex -2.260709e-01 9.126762e-01 -1.178890e-01
vertex -2.149693e-01 9.341159e-01 -8.863996e-02
vertex -2.041052e-01 9.612867e-01 -1.127695e-01
endloop
endfacet
facet normal 0 0 0
outer loop
vertex -1.383378e-01 1.172122e+00 2.939402e-02
vertex -1.412742e-01 1.164231e+00 6.701643e-02
vertex -1.576472e-01 1.174634e+00 6.788090e-02
endloop
endfacet
facet normal 0 0 0
outer loop
vertex -1.576472e-01 1.174634e+00 6.788090e-02
vertex -1.541543e-01 1.182166e+00 3.021836e-02
vertex -1.383378e-01 1.172122e+00 2.939402e-02
endloop
endfacet
facet normal 0 0 0
outer loop
vertex -1.943104e-01 1.321675e+00 -4.732255e-02
vertex -1.891086e-01 1.322039e+00 -4.937236e-02
vertex -1.902813e-01 1.305565e+00 -5.100832e-02
endloop
endfacet
facet normal 0 0 0
outer loop
vertex -1.935148e-01 1.337972e+00 -3.937660e-02
vertex -1.909822e-01 1.338224e+00 -4.567035e-02
vertex -1.943104e-01 1.321675e+00 -4.732255e-02
endloop
endfacet
facet normal 0 0 0
outer loop
vertex 5.042768e-02 3.611780e-01 -3.601117e-02
vertex 5.130528e-02 3.316289e-01 -5.979999e-02
vertex 8.391054e-02 3.424272e-01 -7.273125e-02
endloop
endfacet
facet normal 0 0 0
outer loop
vertex 5.042768e-02 3.611780e-01 -3.601117e-02
vertex 8.391054e-02 3.424272e-01 -7.273125e-02
vertex 8.366589e-02 3.725804e-01 -5.065718e-02
endloop
endfacet
facet normal 0 0 0
outer loop
vertex -7.788260e-02 6.551244e-02 1.028654e-01
vertex -8.308221e-02 4.171422e-02 9.302593e-02
vertex -1.057353e-01 6.620488e-02 9.030259e-02
endloop
endfacet
facet normal 0 0 0
outer loop
vertex -1.050603e-01 8.093183e-02 9.678524e-02
vertex -7.788260e-02 6.551244e-02 1.028654e-01
vertex -1.057353e-01 6.620488e-02 9.030259e-02
endloop
endfacet
facet normal 0 0 0
outer loop
vertex -6.918857e-02 3.501275e-01 1.062505e-01
vertex -1.025537e-01 3.363743e-01 1.031191e-01
vertex -1.022973e-01 3.477266e-01 9.422229e-02
endloop
endfacet
facet normal 0 0 0
outer loop
vertex 5.130528e-02 3.316289e-01 -5.979999e-02
vertex 5.153062e-02 3.197883e-01 -7.232139e-02
vertex 8.391054e-02 3.424272e-01 -7.273125e-02
endloop
endfacet
facet normal 0 0 0
outer loop
vertex -6.419866e-02 1.393345e-01 1.477900e-01
vertex -7.375699e-02 1.448030e-01 1.789615e-01
vertex -7.438052e-02 1.103459e-01 1.756713e-01
endloop
endfacet
facet normal 0 0 0
outer loop
vertex -8.154596e-02 -5.070595e-03 1.221416e-01
vertex -7.804954e-02 2.768511e-03 1.228507e-01
vertex -7.280356e-02 -6.171674e-03 1.717513e-01
endloop
endfacet
facet normal 0 0 0
outer loop
vertex 2.520294e-02 2.063643e-01 -4.440298e-01
vertex 2.977322e-02 2.532698e-01 -4.413764e-01
vertex 3.775255e-02 2.077857e-01 -4.448512e-01
endloop
endfacet
facet normal 0 0 0
outer loop
vertex 3.775255e-02 2.077857e-01 -4.448512e-01
vertex 2.977322e-02 2.532698e-01 -4.413764e-01
vertex 3.937808e-02 2.507329e-01 -4.421004e-01
endloop
endfacet
facet normal 0 0 0
outer loop
vertex -1.749325e-01 9.521856e-01 -1.829038e-02
vertex -1.972724e-01 9.084861e-01 -7.987215e-02
vertex -1.464201e-01 9.361695e-01 -3.207979e-02
endloop
endfacet
facet normal 0 0 0
outer loop
vertex 4.863266e-02 3.109587e-01 -4.333250e-01
vertex 6.408173e-02 3.039957e-01 -4.312016e-01
vertex 6.054382e-02 2.973756e-01 -4.351166e-01
endloop
endfacet
facet normal 0 0 0
outer loop
vertex -2.871188e-01 6.668720e-01 -3.584198e-01
vertex -3.005396e-01 6.885185e-01 -3.134003e-01
vertex -2.817371e-01 7.033086e-01 -3.321902e-01
endloop
endfacet
facet normal 0 0 0
outer loop
vertex -1.981816e-01 8.069010e-01 -1.791292e-01
vertex -2.166419e-01 7.785912e-01 -2.230438e-01
vertex -1.929519e-01 8.253062e-01 -1.976746e-01
endloop
endfacet
facet normal 0 0 0
outer loop
vertex 2.520294e-02 2.063643e-01 -4.440298e-01
vertex 1.627570e-02 2.054343e-01 -4.409222e-01
vertex 2.276407e-02 2.556869e-01 -4.382116e-01
endloop
endfacet
facet normal 0 0 0
outer loop
vertex 2.276407e-02 2.556869e-01 -4.382116e-01
vertex 2.977322e-02 2.532698e-01 -4.413764e-01
vertex 2.520294e-02 2.063643e-01 -4.440298e-01
endloop
endfacet
facet normal 0 0 0
outer loop
vertex -7.982222e-02 -7.390338e-03 2.634743e-01
vertex -7.398597e-02 -6.773251e-03 2.205895e-01
vertex -7.101453e-02 1.676598e-03 2.209235e-01
endloop
endfacet
facet normal 0 0 0
outer loop
vertex -7.719199e-02 1.017488e-03 2.649386e-01
vertex -7.982222e-02 -7.390338e-03 2.634743e-01
vertex -7.101453e-02 1.676598e-03 2.209235e-01
endloop
endfacet
facet normal 0 0 0
outer loop
vertex 5.930932e-02 1.188435e+00 1.088008e-01
vertex 6.574679e-02 1.213516e+00 7.291716e-02
vertex 7.069945e-02 1.206048e+00 1.106041e-01
endloop
endfacet
facet normal 0 0 0
outer loop
vertex 6.574679e-02 1.213516e+00 7.291716e-02
vertex 5.930932e-02 1.188435e+00 1.088008e-01
vertex 5.480126e-02 1.196765e+00 7.121520e-02
endloop
endfacet
facet normal 0 0 0
outer loop
vertex 7.986969e-02 1.224651e+00 1.125097e-01
vertex 7.069945e-02 1.206048e+00 1.106041e-01
vertex 6.574679e-02 1.213516e+00 7.291716e-02
endloop
endfacet
facet normal 0 0 0
outer loop
vertex 5.726313e-02 1.225938e+00 8.255679e-03
vertex 5.023248e-02 1.204943e+00 3.360392e-02
vertex 4.700183e-02 1.210569e+00 6.697657e-03
endloop
endfacet
facet normal 0 0 0
outer loop
vertex 5.726313e-02 1.225938e+00 8.255679e-03
vertex 6.075988e-02 1.220873e+00 3.521286e-02
vertex 5.023248e-02 1.204943e+00 3.360392e-02
endloop
endfacet
facet normal 0 0 0
outer loop
vertex -1.779826e-01 1.239874e+00 -5.534278e-02
vertex -1.731803e-01 1.242068e+00 -5.721303e-02
vertex -1.684950e-01 1.225789e+00 -5.669350e-02
endloop
endfacet
facet normal 0 0 0
outer loop
vertex -5.591041e-02 5.025702e-01 8.211313e-02
vertex -6.340155e-02 4.780678e-01 1.272531e-01
vertex -5.218806e-02 4.607576e-01 7.195605e-02
endloop
endfacet
facet normal 0 0 0
outer loop
vertex -1.443381e-01 6.605617e-02 1.377653e-01
vertex -1.425098e-01 4.189313e-02 1.324015e-01
vertex -1.461393e-01 4.158350e-02 1.754606e-01
endloop
endfacet
facet normal 0 0 0
outer loop
vertex -1.398203e-01 6.718197e-02 1.803899e-01
vertex -1.447944e-01 8.281215e-02 1.407774e-01
vertex -1.443381e-01 6.605617e-02 1.377653e-01
endloop
endfacet
facet normal 0 0 0
outer loop
vertex -2.775064e-01 7.333292e-01 -2.013344e-01
vertex -2.837644e-01 7.229171e-01 -2.053521e-01
vertex -2.612200e-01 7.153934e-01 -2.103320e-01
endloop
endfacet
facet normal 0 0 0
outer loop
vertex 1.706799e-01 7.587271e-01 3.145524e-01
vertex 1.709908e-01 7.527389e-01 3.217845e-01
vertex 1.859884e-01 7.447278e-01 3.009656e-01
endloop
endfacet
facet normal 0 0 0
outer loop
vertex 7.657860e-02 6.069945e-01 8.374647e-02
vertex 8.178951e-02 5.869905e-01 7.808205e-02
vertex 9.116445e-02 6.257412e-01 1.318772e-02
endloop
endfacet
facet normal 0 0 0
outer loop
vertex 7.239091e-02 6.403727e-01 8.901840e-02
vertex 7.657860e-02 6.069945e-01 8.374647e-02
vertex 8.680890e-02 6.548460e-01 1.859201e-02
endloop
endfacet
facet normal 0 0 0
outer loop
vertex -1.706900e-01 1.270824e+00 -5.435265e-02
vertex -1.902813e-01 1.305565e+00 -5.100832e-02
vertex -1.454227e-01 1.296230e+00 -5.171733e-02
endloop
endfacet
facet normal 0 0 0
outer loop
vertex -1.706900e-01 1.270824e+00 -5.435265e-02
vertex -1.892227e-01 1.289014e+00 -5.264045e-02
vertex -1.902813e-01 1.305565e+00 -5.100832e-02
endloop
endfacet
facet normal 0 0 0
outer loop
vertex 1.865840e-01 7.003058e-01 3.509156e-01
vertex 1.676351e-01 7.236170e-01 3.718858e-01
vertex 1.611621e-01 6.762959e-01 4.130337e-01
endloop
endfacet
facet normal 0 0 0
outer loop
vertex 9.107139e-02 2.815736e-01 -2.274575e-01
vertex 9.250379e-02 3.270172e-01 -1.567000e-01
vertex 8.194577e-02 2.585862e-01 -2.064853e-01
endloop
endfacet
facet normal 0 0 0
outer loop
vertex 1.864729e-01 7.377605e-01 3.074531e-01
vertex 1.709908e-01 7.527389e-01 3.217845e-01
vertex 1.870913e-01 7.320453e-01 3.140828e-01
endloop
endfacet
facet normal 0 0 0
outer loop
vertex 1.709908e-01 7.527389e-01 3.217845e-01
vertex 1.707533e-01 7.487462e-01 3.299039e-01
vertex 1.870913e-01 7.320453e-01 3.140828e-01
endloop
endfacet
facet normal 0 0 0
outer loop
vertex 8.081054e-02 6.143036e-01 -6.027610e-02
vertex 3.941754e-02 6.098087e-01 -8.542595e-02
vertex 8.033413e-02 6.280563e-01 -5.956602e-02
endloop
endfacet
facet normal 0 0 0
outer loop
vertex 8.178951e-02 5.869905e-01 7.808205e-02
vertex 3.749175e-02 5.896932e-01 1.029687e-01
vertex 4.119190e-02 5.650886e-01 9.617484e-02
endloop
endfacet
facet normal 0 0 0
outer loop
vertex 3.749175e-02 5.896932e-01 1.029687e-01
vertex 8.178951e-02 5.869905e-01 7.808205e-02
vertex 7.657860e-02 6.069945e-01 8.374647e-02
endloop
endfacet
facet normal 0 0 0
outer loop
vertex -2.197152e-01 1.217031e+00 2.013560e-01
vertex -2.267578e-01 1.237385e+00 2.033316e-01
vertex -2.216860e-01 1.217009e+00 1.950119e-01
endloop
endfacet
facet normal 0 0 0
outer loop
vertex -2.206705e-01 1.238749e+00 2.056090e-01
vertex -2.267578e-01 1.237385e+00 2.033316e-01
vertex -2.197152e-01 1.217031e+00 2.013560e-01
endloop
endfacet
facet normal 0 0 0
outer loop
vertex 5.993834e-02 1.302692e+00 -5.005800e-02
vertex 6.395724e-02 1.286038e+00 -4.957836e-02
vertex 5.875683e-02 1.286114e+00 -5.170751e-02
endloop
endfacet
facet normal 0 0 0
outer loop
vertex 6.511134e-02 1.303068e+00 -4.788401e-02
vertex 6.395724e-02 1.286038e+00 -4.957836e-02
vertex 5.993834e-02 1.302692e+00 -5.005800e-02
endloop
endfacet
facet normal 0 0 0
outer loop
vertex -7.438052e-02 1.103459e-01 1.756713e-01
vertex -7.460150e-02 9.831026e-02 1.748522e-01
vertex -6.505273e-02 1.056921e-01 1.446246e-01
endloop
endfacet
facet normal 0 0 0
outer loop
vertex -1.954550e-01 1.304759e+00 -4.900201e-02
vertex -1.943104e-01 1.321675e+00 -4.732255e-02
vertex -1.902813e-01 1.305565e+00 -5.100832e-02
endloop
endfacet
facet normal 0 0 0
outer loop
vertex -6.912997e-02 3.772331e-01 1.839029e-01
vertex -6.979884e-02 3.621533e-01 1.893099e-01
vertex -5.877954e-02 3.509916e-01 1.525698e-01
endloop
endfacet
facet normal 0 0 0
outer loop
vertex 1.444674e-01 8.680180e-01 9.758884e-02
vertex 1.132979e-01 8.593596e-01 1.083559e-01
vertex 1.003821e-01 9.086616e-01 5.406720e-02
endloop
endfacet
facet normal 0 0 0
outer loop
vertex -1.809670e-01 1.352579e+00 -4.635735e-02
vertex -1.783564e-01 1.368865e+00 -4.261946e-02
vertex -1.739435e-01 1.366530e+00 -4.493976e-02
endloop
endfacet
facet normal 0 0 0
outer loop
vertex -1.809670e-01 1.352579e+00 -4.635735e-02
vertex -1.858439e-01 1.353832e+00 -4.414646e-02
vertex -1.783564e-01 1.368865e+00 -4.261946e-02
endloop
endfacet
facet normal 0 0 0
outer loop
vertex 1.571381e-01 8.278052e-01 1.368249e-01
vertex 1.805366e-01 8.508792e-01 1.388041e-01
vertex 1.805377e-01 8.426228e-01 1.509399e-01
endloop
endfacet
facet normal 0 0 0
outer loop
vertex 1.589258e-01 8.117961e-01 1.605634e-01
vertex 1.571381e-01 8.278052e-01 1.368249e-01
vertex 1.805377e-01 8.426228e-01 1.509399e-01
endloop
endfacet
facet normal 0 0 0
outer loop
vertex -1.305458e-01 1.132867e+00 1.651585e-01
vertex -1.481741e-01 1.145831e+00 1.507965e-01
vertex -1.293550e-01 1.136969e+00 1.499840e-01
endloop
endfacet
facet normal 0 0 0
outer loop
vertex -1.481741e-01 1.145831e+00 1.507965e-01
vertex -1.465001e-01 1.150267e+00 1.314273e-01
vertex -1.279749e-01 1.141675e+00 1.306555e-01
endloop
endfacet
facet normal 0 0 0
outer loop
vertex -1.496928e-01 1.424539e+00 1.938366e-01
vertex -1.301903e-01 1.434062e+00 1.948760e-01
vertex -1.483048e-01 1.423803e+00 1.781603e-01
endloop
endfacet
facet normal 0 0 0
outer loop
vertex -1.689375e-01 1.412786e+00 2.048122e-01
vertex -1.496928e-01 1.424539e+00 1.938366e-01
vertex -1.677703e-01 1.412551e+00 1.925597e-01
endloop
endfacet
facet normal 0 0 0
outer loop
vertex -1.660959e-01 1.412004e+00 1.769036e-01
vertex -1.677703e-01 1.412551e+00 1.925597e-01
vertex -1.483048e-01 1.423803e+00 1.781603e-01
endloop
endfacet
facet normal 0 0 0
outer loop
vertex 8.040562e-02 2.113297e-01 -3.275735e-01
vertex 8.043066e-02 2.153253e-01 -3.147118e-01
vertex 5.038226e-02 2.008816e-01 -3.218134e-01
endloop
endfacet
facet normal 0 0 0
outer loop
vertex 5.038226e-02 2.008816e-01 -3.218134e-01
vertex 8.043066e-02 2.153253e-01 -3.147118e-01
vertex 5.034262e-02 2.056337e-01 -3.087436e-01
endloop
endfacet
facet normal 0 0 0
outer loop
vertex 5.023248e-02 1.204943e+00 3.360392e-02
vertex 3.759823e-02 1.190749e+00 3.213853e-02
vertex 3.473369e-02 1.196831e+00 5.278956e-03
endloop
endfacet
facet normal 0 0 0
outer loop
vertex 4.700183e-02 1.210569e+00 6.697657e-03
vertex 5.023248e-02 1.204943e+00 3.360392e-02
vertex 3.473369e-02 1.196831e+00 5.278956e-03
endloop
endfacet
facet normal 0 0 0
outer loop
vertex 5.993834e-02 1.302692e+00 -5.005800e-02
vertex 4.317753e-02 1.304165e+00 -4.999617e-02
vertex 5.888874e-02 1.319361e+00 -4.841058e-02
endloop
endfacet
facet normal 0 0 0
outer loop
vertex -1.858535e-01 1.337934e+00 -4.778516e-02
vertex -1.909822e-01 1.338224e+00 -4.567035e-02
vertex -1.858439e-01 1.353832e+00 -4.414646e-02
endloop
endfacet
facet normal 0 0 0
outer loop
vertex -1.809670e-01 1.352579e+00 -4.635735e-02
vertex -1.858535e-01 1.337934e+00 -4.778516e-02
vertex -1.858439e-01 1.353832e+00 -4.414646e-02
endloop
endfacet
facet normal 0 0 0
outer loop
vertex -9.510435e-02 5.554547e-01 -8.601151e-02
vertex -9.138783e-02 5.751808e-01 -9.275921e-02
vertex -5.646962e-02 5.633224e-01 -6.325021e-02
endloop
endfacet
facet normal 0 0 0
outer loop
vertex -9.669045e-02 5.395955e-01 -7.856773e-02
vertex -9.510435e-02 5.554547e-01 -8.601151e-02
vertex -5.646962e-02 5.633224e-01 -6.325021e-02
endloop
endfacet
facet normal 0 0 0
outer loop
vertex -8.880278e-02 1.883615e-02 8.270533e-02
vertex -7.538898e-02 1.748085e-02 1.265256e-01
vertex -7.804954e-02 2.768511e-03 1.228507e-01
endloop
endfacet
facet normal 0 0 0
outer loop
vertex -7.538898e-02 1.748085e-02 1.265256e-01
vertex -8.880278e-02 1.883615e-02 8.270533e-02
vertex -8.308221e-02 4.171422e-02 9.302593e-02
endloop
endfacet
facet normal 0 0 0
outer loop
vertex 1.624481e-01 8.637930e-01 2.130078e-01
vertex 1.639718e-01 8.449789e-01 2.320125e-01
vertex 1.811815e-01 8.394741e-01 2.041461e-01
endloop
endfacet
facet normal 0 0 0
outer loop
vertex -1.497888e-01 1.191818e+00 -1.608052e-02
vertex -1.516064e-01 1.187811e+00 3.355228e-03
vertex -1.654396e-01 1.199771e+00 4.474139e-03
endloop
endfacet
facet normal 0 0 0
outer loop
vertex -1.654396e-01 1.199771e+00 4.474139e-03
vertex -1.633362e-01 1.203591e+00 -1.497747e-02
vertex -1.497888e-01 1.191818e+00 -1.608052e-02
endloop
endfacet
facet normal 0 0 0
outer loop
vertex -1.042255e-02 1.428311e+00 5.523240e-02
vertex -2.839240e-02 1.434416e+00 5.574993e-02
vertex -8.444412e-03 1.429718e+00 9.377772e-02
endloop
endfacet
facet normal 0 0 0
outer loop
vertex -1.042255e-02 1.428311e+00 5.523240e-02
vertex -8.444412e-03 1.429718e+00 9.377772e-02
vertex 6.600172e-03 1.419926e+00 5.448421e-02
endloop
endfacet
facet normal 0 0 0
outer loop
vertex 3.583384e-02 6.074933e-01 1.055654e-01
vertex 7.657860e-02 6.069945e-01 8.374647e-02
vertex 7.239091e-02 6.403727e-01 8.901840e-02
endloop
endfacet
facet normal 0 0 0
outer loop
vertex 3.583384e-02 6.074933e-01 1.055654e-01
vertex 7.239091e-02 6.403727e-01 8.901840e-02
vertex 3.017108e-02 6.403426e-01 1.115932e-01
endloop
endfacet
facet normal 0 0 0
outer loop
vertex 1.865840e-01 7.003058e-01 3.509156e-01
vertex 1.699966e-01 7.418784e-01 3.503745e-01
vertex 1.676351e-01 7.236170e-01 3.718858e-01
endloop
endfacet
facet normal 0 0 0
outer loop
vertex 1.891395e-01 7.195009e-01 3.298192e-01
vertex 1.699966e-01 7.418784e-01 3.503745e-01
vertex 1.865840e-01 7.003058e-01 3.509156e-01
endloop
endfacet
facet normal 0 0 0
outer loop
vertex -1.724077e-01 1.187244e+00 6.905863e-02
vertex -1.853268e-01 1.201800e+00 7.044178e-02
vertex -1.683807e-01 1.194430e+00 3.136498e-02
endloop
endfacet
facet normal 0 0 0
outer loop
vertex 8.943138e-02 2.075600e-01 -4.328006e-01
vertex 8.051001e-02 2.566969e-01 -4.307513e-01
vertex 8.220422e-02 2.526735e-01 -4.159588e-01
endloop
endfacet
facet normal 0 0 0
outer loop
vertex 8.943138e-02 2.075600e-01 -4.328006e-01
vertex 8.220422e-02 2.526735e-01 -4.159588e-01
vertex 8.977466e-02 2.063240e-01 -4.175234e-01
endloop
endfacet
facet normal 0 0 0
outer loop
vertex -1.483724e-01 8.383333e-04 3.058365e-01
vertex -1.216252e-01 -7.932981e-03 3.162747e-01
vertex -1.217751e-01 3.859249e-04 3.194548e-01
endloop
endfacet
facet normal 0 0 0
outer loop
vertex -1.683807e-01 1.194430e+00 3.136498e-02
vertex -1.853268e-01 1.201800e+00 7.044178e-02
vertex -1.808289e-01 1.208525e+00 3.270486e-02
endloop
endfacet
facet normal 0 0 0
outer loop
vertex -1.808289e-01 1.208525e+00 3.270486e-02
vertex -1.853268e-01 1.201800e+00 7.044178e-02
vertex -1.913531e-01 1.224070e+00 3.419229e-02
endloop
endfacet
facet normal 0 0 0
outer loop
vertex -4.959328e-02 5.841331e-01 -6.791292e-02
vertex -9.138783e-02 5.751808e-01 -9.275921e-02
vertex -8.757241e-02 5.967976e-01 -9.729141e-02
endloop
endfacet
facet normal 0 0 0
outer loop
vertex -5.646962e-02 5.633224e-01 -6.325021e-02
vertex -9.138783e-02 5.751808e-01 -9.275921e-02
vertex -4.959328e-02 5.841331e-01 -6.791292e-02
endloop
endfacet
facet normal 0 0 0
outer loop
vertex -2.422783e-02 1.316483e+00 -4.911740e-02
vertex -2.350795e-02 1.356935e+00 -4.510974e-02
vertex 2.878512e-02 1.344671e+00 -4.605699e-02
endloop
endfacet
facet normal 0 0 0
outer loop
vertex 2.878512e-02 1.344671e+00 -4.605699e-02
vertex 4.317753e-02 1.304165e+00 -4.999617e-02
vertex -2.422783e-02 1.316483e+00 -4.911740e-02
endloop
endfacet
facet normal 0 0 0
outer loop
vertex -2.422783e-02 1.316483e+00 -4.911740e-02
vertex 4.317753e-02 1.304165e+00 -4.999617e-02
vertex 1.915999e-02 1.282356e+00 -5.227769e-02
endloop
endfacet
facet normal 0 0 0
outer loop
vertex 4.999060e-02 1.162515e+00 1.533239e-01
vertex 5.161975e-02 1.159099e+00 1.685766e-01
vertex 3.463335e-02 1.144927e+00 1.670195e-01
endloop
endfacet
facet normal 0 0 0
outer loop
vertex 3.330116e-02 1.148452e+00 1.517864e-01
vertex 4.999060e-02 1.162515e+00 1.533239e-01
vertex 3.463335e-02 1.144927e+00 1.670195e-01
endloop
endfacet
facet normal 0 0 0
outer loop
vertex 3.677761e-02 1.411629e+00 2.155137e-01
vertex 1.834015e-02 1.423962e+00 2.166336e-01
vertex 3.536325e-02 1.409532e+00 2.216330e-01
endloop
endfacet
facet normal 0 0 0
outer loop
vertex -1.217751e-01 3.859249e-04 3.194548e-01
vertex -1.216252e-01 -7.932981e-03 3.162747e-01
vertex -9.217468e-02 2.922409e-04 3.057048e-01
endloop
endfacet
facet normal 0 0 0
outer loop
vertex -9.217468e-02 2.922409e-04 3.057048e-01
vertex -1.216252e-01 -7.932981e-03 3.162747e-01
vertex -9.391373e-02 -8.014662e-03 3.029692e-01
endloop
endfacet
facet normal 0 0 0
outer loop
vertex -1.205644e-01 -1.059999e-02 3.070488e-01
vertex -9.853786e-02 -1.064524e-02 2.950846e-01
vertex -9.391373e-02 -8.014662e-03 3.029692e-01
endloop
endfacet
facet normal 0 0 0
outer loop
vertex 7.739073e-03 2.767131e-01 -2.240309e-01
vertex 1.934182e-02 2.264241e-01 -2.799270e-01
vertex 1.881414e-02 2.564350e-01 -2.033380e-01
endloop
endfacet
facet normal 0 0 0
outer loop
vertex 9.630683e-02 1.061168e+00 2.316835e-02
vertex 8.430302e-02 1.063258e+00 5.946200e-02
vertex 1.149854e-01 1.034968e+00 3.766841e-02
endloop
endfacet
facet normal 0 0 0
outer loop
vertex 8.842464e-02 1.211363e+00 2.022728e-01
vertex 9.041999e-02 1.211331e+00 1.959477e-01
vertex 9.545781e-02 1.232240e+00 2.043903e-01
endloop
endfacet
facet normal 0 0 0
outer loop
vertex 8.842464e-02 1.211363e+00 2.022728e-01
vertex 9.545781e-02 1.232240e+00 2.043903e-01
vertex 8.929761e-02 1.232642e+00 2.065164e-01
endloop
endfacet
facet normal 0 0 0
outer loop
vertex 1.374397e-01 6.442013e-01 3.887309e-01
vertex 1.529952e-01 6.244448e-01 3.715443e-01
vertex 1.512453e-01 6.057241e-01 4.108101e-01
endloop
endfacet
facet normal 0 0 0
outer loop
vertex 1.374397e-01 6.442013e-01 3.887309e-01
vertex 1.512453e-01 6.057241e-01 4.108101e-01
vertex 1.416195e-01 6.090899e-01 4.327548e-01
endloop
endfacet
facet normal 0 0 0
outer loop
vertex -1.781728e-01 1.208864e+00 2.028709e-01
vertex -1.951414e-01 1.204454e+00 2.023444e-01
vertex -1.828677e-01 1.187247e+00 2.007009e-01
endloop
endfacet
facet normal 0 0 0
outer loop
vertex 6.618788e-02 1.381078e+00 1.907031e-01
vertex 5.173288e-02 1.397522e+00 1.922477e-01
vertex 6.763092e-02 1.380942e+00 2.029371e-01
endloop
endfacet
facet normal 0 0 0
outer loop
vertex 6.763092e-02 1.380942e+00 2.029371e-01
vertex 5.173288e-02 1.397522e+00 1.922477e-01
vertex 5.302264e-02 1.397567e+00 2.044995e-01
endloop
endfacet
facet normal 0 0 0
outer loop
vertex 7.714409e-04 1.417536e+00 -3.058776e-02
vertex 1.355484e-02 1.406654e+00 -3.793513e-02
vertex -4.621519e-04 1.415990e+00 -3.707800e-02
endloop
endfacet
facet normal 0 0 0
outer loop
vertex 7.714409e-04 1.417536e+00 -3.058776e-02
vertex 1.518954e-02 1.407916e+00 -3.147120e-02
vertex 1.355484e-02 1.406654e+00 -3.793513e-02
endloop
endfacet
facet normal 0 0 0
outer loop
vertex -2.356824e-01 8.533728e-01 -2.071755e-01
vertex -2.329479e-01 7.942542e-01 -2.341339e-01
vertex -2.562887e-01 8.029756e-01 -2.321356e-01
endloop
endfacet
facet normal 0 0 0
outer loop
vertex -2.329479e-01 7.942542e-01 -2.341339e-01
vertex -2.356824e-01 8.533728e-01 -2.071755e-01
vertex -2.098854e-01 8.443732e-01 -2.088177e-01
endloop
endfacet
facet normal 0 0 0
outer loop
vertex 1.811815e-01 8.394741e-01 2.041461e-01
vertex 1.827972e-01 8.013048e-01 2.448227e-01
vertex 1.833523e-01 7.860843e-01 2.211305e-01
endloop
endfacet
facet normal 0 0 0
outer loop
vertex -2.708089e-01 7.671458e-01 -2.714128e-01
vertex -2.739282e-01 7.500377e-01 -2.919569e-01
vertex -2.969018e-01 7.330175e-01 -2.685652e-01
endloop
endfacet
facet normal 0 0 0
outer loop
vertex -1.852175e-01 1.231918e+00 -1.227352e-02
vertex -1.877802e-01 1.228639e+00 7.228282e-03
vertex -1.931757e-01 1.247970e+00 -1.072131e-02
endloop
endfacet
facet normal 0 0 0
outer loop
vertex -1.752012e-01 1.217059e+00 -1.369725e-02
vertex -1.877802e-01 1.228639e+00 7.228282e-03
vertex -1.852175e-01 1.231918e+00 -1.227352e-02
endloop
endfacet
facet normal 0 0 0
outer loop
vertex 6.603061e-02 1.199473e+00 2.030950e-01
vertex 7.388196e-02 1.215667e+00 2.047575e-01
vertex 6.336680e-02 1.218472e+00 2.049957e-01
endloop
endfacet
facet normal 0 0 0
outer loop
vertex 5.053782e-02 1.209090e+00 2.040040e-01
vertex 4.205476e-02 1.203437e+00 2.034038e-01
vertex 5.781999e-02 1.204576e+00 2.035785e-01
endloop
endfacet
facet normal 0 0 0
outer loop
vertex 6.336680e-02 1.218472e+00 2.049957e-01
vertex 5.129695e-02 1.219533e+00 2.050490e-01
vertex 5.781999e-02 1.204576e+00 2.035785e-01
endloop
endfacet
facet normal 0 0 0
outer loop
vertex -4.824090e-02 1.434173e+00 -2.917772e-02
vertex -6.532360e-02 1.433423e+00 -3.566642e-02
vertex -6.556230e-02 1.435341e+00 -2.914648e-02
endloop
endfacet
facet normal 0 0 0
outer loop
vertex -4.824090e-02 1.434173e+00 -2.917772e-02
vertex -4.826168e-02 1.432257e+00 -3.569861e-02
vertex -6.532360e-02 1.433423e+00 -3.566642e-02
endloop
endfacet
facet normal 0 0 0
outer loop
vertex 6.521293e-02 1.313050e+00 2.143777e-01
vertex 7.594024e-02 1.292415e+00 2.123941e-01
vertex 8.934157e-02 1.317980e+00 2.149816e-01
endloop
endfacet
facet normal 0 0 0
outer loop
vertex -7.170013e-02 9.233466e-01 1.160878e-01
vertex -6.881040e-02 9.952701e-01 1.232063e-01
vertex -9.060656e-02 9.631441e-01 1.091844e-01
endloop
endfacet
facet normal 0 0 0
outer loop
vertex -9.963030e-02 4.390201e-01 2.048048e-03
vertex -6.086129e-02 5.136214e-01 -3.775998e-02
vertex -6.435856e-02 4.438227e-01 1.556522e-02
endloop
endfacet
facet normal 0 0 0
outer loop
vertex -1.809871e-01 8.685570e-01 -1.229399e-01
vertex -1.864864e-01 8.576204e-01 -1.306105e-01
vertex -1.613345e-01 8.744602e-01 -1.487648e-01
endloop
endfacet
facet normal 0 0 0
outer loop
vertex -1.678675e-01 1.336774e+00 -4.781445e-02
vertex -1.781460e-01 1.337376e+00 -4.780363e-02
vertex -1.741518e-01 1.350738e+00 -4.650653e-02
endloop
endfacet
facet normal 0 0 0
outer loop
vertex -1.781460e-01 1.337376e+00 -4.780363e-02
vertex -1.809670e-01 1.352579e+00 -4.635735e-02
vertex -1.741518e-01 1.350738e+00 -4.650653e-02
endloop
endfacet
facet normal 0 0 0
outer loop
vertex 3.453574e-02 6.344488e-01 -8.976874e-02
vertex 3.014978e-02 6.653146e-01 -8.376642e-02
vertex 7.200414e-02 6.677319e-01 -5.122482e-02
endloop
endfacet
facet normal 0 0 0
outer loop
vertex 7.589904e-02 6.414995e-01 -5.701282e-02
vertex 3.453574e-02 6.344488e-01 -8.976874e-02
vertex 7.200414e-02 6.677319e-01 -5.122482e-02
endloop
endfacet
facet normal 0 0 0
outer loop
vertex 8.047905e-02 3.522291e-01 -1.783393e-01
vertex 9.250379e-02 3.270172e-01 -1.567000e-01
vertex 9.107139e-02 2.815736e-01 -2.274575e-01
endloop
endfacet
facet normal 0 0 0
outer loop
vertex 5.142637e-02 1.096921e+00 -4.863064e-04
vertex 3.727460e-02 1.102863e+00 1.153179e-02
vertex 5.416591e-02 1.096602e+00 4.693190e-02
endloop
endfacet
facet normal 0 0 0
outer loop
vertex -1.215172e-01 1.428491e+00 5.470753e-02
vertex -1.238544e-01 1.429908e+00 9.323278e-02
vertex -1.051718e-01 1.436196e+00 9.394749e-02
endloop
endfacet
facet normal 0 0 0
outer loop
vertex -1.238544e-01 1.429908e+00 9.323278e-02
vertex -1.215172e-01 1.428491e+00 5.470753e-02
vertex -1.385584e-01 1.420166e+00 5.379887e-02
endloop
endfacet
facet normal 0 0 0
outer loop
vertex 6.650325e-02 1.285331e+00 -4.330259e-02
vertex 6.395724e-02 1.286038e+00 -4.957836e-02
vertex 6.511134e-02 1.303068e+00 -4.788401e-02
endloop
endfacet
facet normal 0 0 0
outer loop
vertex -1.110925e-01 1.122701e+00 1.763977e-01
vertex -1.313748e-01 1.129834e+00 1.770710e-01
vertex -1.104857e-01 1.125863e+00 1.644996e-01
endloop
endfacet
facet normal 0 0 0
outer loop
vertex 3.536325e-02 1.409532e+00 2.216330e-01
vertex 1.834015e-02 1.423962e+00 2.166336e-01
vertex 1.731596e-02 1.421577e+00 2.227265e-01
endloop
endfacet
facet normal 0 0 0
outer loop
vertex -1.439680e-01 1.057616e+00 6.532592e-03
vertex -1.803968e-01 1.010420e+00 -4.632588e-02
vertex -1.541447e-01 1.030333e+00 3.448416e-02
endloop
endfacet
facet normal 0 0 0
outer loop
vertex -1.319373e-01 1.417758e+00 -3.121408e-02
vertex -1.463779e-01 1.408176e+00 -3.223472e-02
vertex -1.472918e-01 1.408352e+00 -2.251618e-02
endloop
endfacet
facet normal 0 0 0
outer loop
vertex 8.319986e-02 4.740418e-01 1.931537e-02
vertex 8.332174e-02 4.390717e-01 -1.634042e-04
vertex 9.376170e-02 4.694243e-01 -4.002560e-02
endloop
endfacet
facet normal 0 0 0
outer loop
vertex 1.188825e-01 7.932733e-01 2.587560e-01
vertex 1.398069e-01 8.059694e-01 2.703958e-01
vertex 1.354672e-01 8.386475e-01 2.381014e-01
endloop
endfacet
facet normal 0 0 0
outer loop
vertex 1.128172e-01 8.257648e-01 2.243517e-01
vertex 1.188825e-01 7.932733e-01 2.587560e-01
vertex 1.354672e-01 8.386475e-01 2.381014e-01
endloop
endfacet
facet normal 0 0 0
outer loop
vertex -6.644229e-02 1.444393e+00 1.607714e-01
vertex -4.520022e-02 1.444031e+00 1.806695e-01
vertex -4.550108e-02 1.442989e+00 1.607344e-01
endloop
endfacet
facet normal 0 0 0
outer loop
vertex -4.520022e-02 1.444031e+00 1.806695e-01
vertex -6.653685e-02 1.445464e+00 1.807074e-01
vertex -4.492899e-02 1.445092e+00 1.963862e-01
endloop
endfacet
facet normal 0 0 0
outer loop
vertex -6.644229e-02 1.444393e+00 1.607714e-01
vertex -6.653685e-02 1.445464e+00 1.807074e-01
vertex -4.520022e-02 1.444031e+00 1.806695e-01
endloop
endfacet
facet normal 0 0 0
outer loop
vertex 6.058518e-02 1.269392e+00 -5.124785e-02
vertex 5.746655e-02 1.251973e+00 -4.665965e-02
vertex 5.508051e-02 1.253458e+00 -5.285736e-02
endloop
endfacet
facet normal 0 0 0
outer loop
vertex 6.308664e-02 1.268357e+00 -4.500482e-02
vertex 5.746655e-02 1.251973e+00 -4.665965e-02
vertex 6.058518e-02 1.269392e+00 -5.124785e-02
endloop
endfacet
facet normal 0 0 0
outer loop
vertex -1.301903e-01 1.434062e+00 1.948760e-01
vertex -1.496928e-01 1.424539e+00 1.938366e-01
vertex -1.309461e-01 1.434540e+00 2.071546e-01
endloop
endfacet
facet normal 0 0 0
outer loop
vertex -1.496928e-01 1.424539e+00 1.938366e-01
vertex -1.506621e-01 1.424909e+00 2.061034e-01
vertex -1.309461e-01 1.434540e+00 2.071546e-01
endloop
endfacet
facet normal 0 0 0
outer loop
vertex 1.707533e-01 7.487462e-01 3.299039e-01
vertex 1.879603e-01 7.262306e-01 3.212847e-01
vertex 1.870913e-01 7.320453e-01 3.140828e-01
endloop
endfacet
facet normal 0 0 0
outer loop
vertex -6.505273e-02 1.056921e-01 1.446246e-01
vertex -7.558567e-02 1.026468e-01 1.132264e-01
vertex -7.478146e-02 1.353432e-01 1.161564e-01
endloop
endfacet
facet normal 0 0 0
outer loop
vertex 8.033413e-02 6.280563e-01 -5.956602e-02
vertex 3.941754e-02 6.098087e-01 -8.542595e-02
vertex 3.598110e-02 6.205353e-01 -8.877774e-02
endloop
endfacet
facet normal 0 0 0
outer loop
vertex 3.598110e-02 6.205353e-01 -8.877774e-02
vertex 7.589904e-02 6.414995e-01 -5.701282e-02
vertex 8.033413e-02 6.280563e-01 -5.956602e-02
endloop
endfacet
facet normal 0 0 0
outer loop
vertex 2.867621e-02 1.396386e+00 -3.249662e-02
vertex 2.963741e-02 1.396437e+00 -2.278131e-02
vertex 4.015787e-02 1.383332e+00 -3.372901e-02
endloop
endfacet
facet normal 0 0 0
outer loop
vertex -7.082527e-02 3.084927e-01 1.911892e-01
vertex -8.734698e-02 2.681896e-01 1.948174e-01
vertex -7.153854e-02 2.671629e-01 1.897134e-01
endloop
endfacet
facet normal 0 0 0
outer loop
vertex 6.882241e-02 1.349576e+00 4.789935e-02
vertex 6.034481e-02 1.366647e+00 4.954002e-02
vertex 6.518882e-02 1.365573e+00 8.786885e-02
endloop
endfacet
facet normal 0 0 0
outer loop
vertex -1.536061e-01 3.019547e-02 2.654663e-01
vertex -1.504252e-01 1.642742e-02 2.208023e-01
vertex -1.539849e-01 1.434662e-02 2.650722e-01
endloop
endfacet
facet normal 0 0 0
outer loop
vertex -1.536061e-01 3.019547e-02 2.654663e-01
vertex -1.499915e-01 3.661691e-02 2.214059e-01
vertex -1.504252e-01 1.642742e-02 2.208023e-01
endloop
endfacet
facet normal 0 0 0
outer loop
vertex 1.743583e-02 1.193170e+00 -3.066603e-02
vertex 3.093425e-02 1.204604e+00 -2.946125e-02
vertex 1.882377e-02 1.189646e+00 -1.538315e-02
endloop
endfacet
facet normal 0 0 0
outer loop
vertex 3.473369e-02 1.196831e+00 5.278956e-03
vertex 1.882377e-02 1.189646e+00 -1.538315e-02
vertex 3.256524e-02 1.201261e+00 -1.415873e-02
endloop
endfacet
facet normal 0 0 0
outer loop
vertex -7.857832e-02 8.755206e-01 -8.594020e-02
vertex -7.220529e-02 9.571010e-01 -7.747220e-02
vertex -2.938501e-02 8.759706e-01 -8.243424e-02
endloop
endfacet
facet normal 0 0 0
outer loop
vertex 9.045886e-02 1.051748e+00 -1.658771e-02
vertex 9.630683e-02 1.061168e+00 2.316835e-02
vertex 9.870733e-02 1.041640e+00 -1.163796e-02
endloop
endfacet
facet normal 0 0 0
outer loop
vertex -2.449176e-03 1.433719e+00 1.955374e-01
vertex 1.712368e-02 1.424060e+00 1.946853e-01
vertex 1.581228e-02 1.423353e+00 1.789910e-01
endloop
endfacet
facet normal 0 0 0
outer loop
vertex 3.371226e-02 1.411403e+00 1.779082e-01
vertex 1.581228e-02 1.423353e+00 1.789910e-01
vertex 3.530313e-02 1.411912e+00 1.935836e-01
endloop
endfacet
facet normal 0 0 0
outer loop
vertex -1.686903e-01 1.150896e+00 1.789851e-01
vertex -1.674836e-01 1.153562e+00 1.670252e-01
vertex -1.496435e-01 1.141962e+00 1.660004e-01
endloop
endfacet
facet normal 0 0 0
outer loop
vertex -1.699358e-01 9.241086e-01 -1.808922e-01
vertex -1.832333e-01 8.990089e-01 -1.905507e-01
vertex -1.995124e-01 9.330904e-01 -1.778984e-01
endloop
endfacet
facet normal 0 0 0
outer loop
vertex 1.557353e-02 1.107255e+00 -2.683945e-02
vertex -2.341964e-02 1.087136e+00 -4.682717e-02
vertex -2.336747e-02 1.106230e+00 -2.924887e-02
endloop
endfacet
facet normal 0 0 0
outer loop
vertex -9.227256e-02 8.018339e-01 -6.595404e-02
vertex -1.060520e-01 7.600973e-01 -3.509010e-02
vertex -1.133578e-01 7.966232e-01 -3.122139e-02
endloop
endfacet
facet normal 0 0 0
outer loop
vertex 5.546164e-02 1.270132e+00 -5.331040e-02
vertex 5.508051e-02 1.253458e+00 -5.285736e-02
vertex 5.021381e-02 1.255180e+00 -5.482094e-02
endloop
endfacet
facet normal 0 0 0
outer loop
vertex -3.105087e-01 6.684158e-01 -2.929243e-01
vertex -2.969018e-01 7.330175e-01 -2.685652e-01
vertex -3.005396e-01 6.885185e-01 -3.134003e-01
endloop
endfacet
facet normal 0 0 0
outer loop
vertex -3.084651e-01 7.090269e-01 -2.432345e-01
vertex -2.969018e-01 7.330175e-01 -2.685652e-01
vertex -3.105087e-01 6.684158e-01 -2.929243e-01
endloop
endfacet
facet normal 0 0 0
outer loop
vertex -2.728891e-01 7.976908e-01 -2.139431e-01
vertex -2.653982e-01 7.822419e-01 -2.428699e-01
vertex -2.810719e-01 7.776212e-01 -2.247072e-01
endloop
endfacet
facet normal 0 0 0
outer loop
vertex 8.047905e-02 3.522291e-01 -1.783393e-01
vertex 9.107139e-02 2.815736e-01 -2.274575e-01
vertex 7.930725e-02 3.050635e-01 -2.451499e-01
endloop
endfacet
facet normal 0 0 0
outer loop
vertex -1.613345e-01 8.744602e-01 -1.487648e-01
vertex -1.864864e-01 8.576204e-01 -1.306105e-01
vertex -1.736818e-01 8.524897e-01 -1.594830e-01
endloop
endfacet
facet normal 0 0 0
outer loop
vertex 2.351199e-02 1.030178e+00 -6.273203e-02
vertex 2.057135e-02 1.088154e+00 -4.391456e-02
vertex 5.822590e-02 1.032146e+00 -6.086789e-02
endloop
endfacet
facet normal 0 0 0
outer loop
vertex 2.057135e-02 1.088154e+00 -4.391456e-02
vertex 2.351199e-02 1.030178e+00 -6.273203e-02
vertex -2.301979e-02 1.030308e+00 -6.237843e-02
endloop
endfacet
facet normal 0 0 0
outer loop
vertex 5.562253e-02 1.335807e+00 -4.679835e-02
vertex 2.878512e-02 1.344671e+00 -4.605699e-02
vertex 5.020139e-02 1.351676e+00 -4.525366e-02
endloop
endfacet
facet normal 0 0 0
outer loop
vertex -9.501732e-02 -2.854147e-03 7.600706e-02
vertex -9.860066e-02 -5.707656e-03 8.275473e-02
vertex -1.105691e-01 -5.124779e-03 6.915553e-02
endloop
endfacet
facet normal 0 0 0
outer loop
vertex 9.237672e-03 1.421013e+00 9.300105e-02
vertex 2.946912e-02 1.410565e+00 1.305289e-01
vertex 2.612569e-02 1.409935e+00 9.204363e-02
endloop
endfacet
facet normal 0 0 0
outer loop
vertex 1.815171e-01 8.258086e-01 1.744124e-01
vertex 1.589258e-01 8.117961e-01 1.605634e-01
vertex 1.805377e-01 8.426228e-01 1.509399e-01
endloop
endfacet
facet normal 0 0 0
outer loop
vertex -1.853268e-01 1.201800e+00 7.044178e-02
vertex -1.898423e-01 1.195085e+00 1.081779e-01
vertex -1.962723e-01 1.217842e+00 7.197259e-02
endloop
endfacet
facet normal 0 0 0
outer loop
vertex -2.102110e-01 1.229626e+00 1.114894e-01
vertex -1.962723e-01 1.217842e+00 7.197259e-02
vertex -2.011993e-01 1.211617e+00 1.097522e-01
endloop
endfacet
facet normal 0 0 0
outer loop
vertex -1.029847e-01 3.492218e-01 2.019927e-01
vertex -6.979884e-02 3.621533e-01 1.893099e-01
vertex -1.027698e-01 3.651093e-01 1.994604e-01
endloop
endfacet
facet normal 0 0 0
outer loop
vertex -6.979884e-02 3.621533e-01 1.893099e-01
vertex -1.029847e-01 3.492218e-01 2.019927e-01
vertex -7.019062e-02 3.466442e-01 1.921093e-01
endloop
endfacet
facet normal 0 0 0
outer loop
vertex -3.056899e-01 6.443292e-01 -3.347468e-01
vertex -3.105087e-01 6.684158e-01 -2.929243e-01
vertex -3.005396e-01 6.885185e-01 -3.134003e-01
endloop
endfacet
facet normal 0 0 0
outer loop
vertex 9.116445e-02 6.257412e-01 1.318772e-02
vertex 8.680890e-02 6.548460e-01 1.859201e-02
vertex 7.657860e-02 6.069945e-01 8.374647e-02
endloop
endfacet
facet normal 0 0 0
outer loop
vertex 6.650325e-02 1.285331e+00 -4.330259e-02
vertex 6.308664e-02 1.268357e+00 -4.500482e-02
vertex 6.395724e-02 1.286038e+00 -4.957836e-02
endloop
endfacet
facet normal 0 0 0
outer loop
vertex 8.391054e-02 3.424272e-01 -7.273125e-02
vertex 5.153062e-02 3.197883e-01 -7.232139e-02
vertex 8.387693e-02 3.307720e-01 -8.597501e-02
endloop
endfacet
facet normal 0 0 0
outer loop
vertex -6.660882e-02 1.446548e+00 1.964247e-01
vertex -6.653685e-02 1.445464e+00 1.807074e-01
vertex -8.829139e-02 1.445161e+00 1.961812e-01
endloop
endfacet
facet normal 0 0 0
outer loop
vertex -6.660882e-02 1.446548e+00 1.964247e-01
vertex -8.829139e-02 1.445161e+00 1.961812e-01
vertex -8.858671e-02 1.445761e+00 2.084741e-01
endloop
endfacet
facet normal 0 0 0
outer loop
vertex -8.829139e-02 1.445161e+00 1.961812e-01
vertex -6.653685e-02 1.445464e+00 1.807074e-01
vertex -8.787513e-02 1.444096e+00 1.804675e-01
endloop
endfacet
facet normal 0 0 0
outer loop
vertex -2.810719e-01 7.776212e-01 -2.247072e-01
vertex -2.653982e-01 7.822419e-01 -2.428699e-01
vertex -2.839203e-01 7.702903e-01 -2.293238e-01
endloop
endfacet
facet normal 0 0 0
outer loop
vertex -1.239285e-01 8.242379e-01 4.156225e-02
vertex -1.288922e-01 8.691503e-01 5.838487e-03
vertex -1.344430e-01 7.914125e-01 3.511268e-03
endloop
endfacet
facet normal 0 0 0
outer loop
vertex -3.023383e-01 6.543381e-01 -2.845715e-01
vertex -3.105087e-01 6.684158e-01 -2.929243e-01
vertex -3.056899e-01 6.443292e-01 -3.347468e-01
endloop
endfacet
facet normal 0 0 0
outer loop
vertex -1.981816e-01 8.069010e-01 -1.791292e-01
vertex -1.971487e-01 8.371416e-01 -1.420145e-01
vertex -2.175030e-01 7.977202e-01 -1.623028e-01
endloop
endfacet
facet normal 0 0 0
outer loop
vertex -6.744349e-02 1.671560e-02 1.979104e-01
vertex -6.706437e-02 4.068077e-02 1.761135e-01
vertex -6.698635e-02 3.928231e-02 1.987685e-01
endloop
endfacet
facet normal 0 0 0
outer loop
vertex -6.744349e-02 1.671560e-02 1.979104e-01
vertex -6.850705e-02 1.711959e-02 1.736718e-01
vertex -6.706437e-02 4.068077e-02 1.761135e-01
endloop
endfacet
facet normal 0 0 0
outer loop
vertex -1.499119e-01 1.408853e+00 5.365622e-03
vertex -1.517774e-01 1.409208e+00 2.522201e-02
vertex -1.364190e-01 1.419394e+00 2.630697e-02
endloop
endfacet
facet normal 0 0 0
outer loop
vertex -1.348684e-01 1.418822e+00 6.427513e-03
vertex -1.499119e-01 1.408853e+00 5.365622e-03
vertex -1.364190e-01 1.419394e+00 2.630697e-02
endloop
endfacet
facet normal 0 0 0
outer loop
vertex 1.557353e-02 1.107255e+00 -2.683945e-02
vertex 2.057135e-02 1.088154e+00 -4.391456e-02
vertex -2.341964e-02 1.087136e+00 -4.682717e-02
endloop
endfacet
facet normal 0 0 0
outer loop
vertex -6.279565e-02 1.346838e+00 -4.630659e-02
vertex -1.019051e-01 1.336388e+00 -4.753400e-02
vertex -7.988570e-02 1.357131e+00 -4.541224e-02
endloop
endfacet
facet normal 0 0 0
outer loop
vertex -4.815818e-02 5.274951e-01 2.842551e-02
vertex -5.218806e-02 4.607576e-01 7.195605e-02
vertex -6.435856e-02 4.438227e-01 1.556522e-02
endloop
endfacet
facet normal 0 0 0
outer loop
vertex -1.319373e-01 1.417758e+00 -3.121408e-02
vertex -1.472918e-01 1.408352e+00 -2.251618e-02
vertex -1.326935e-01 1.418028e+00 -2.148552e-02
endloop
endfacet
facet normal 0 0 0
outer loop
vertex -1.472918e-01 1.408352e+00 -2.251618e-02
vertex -1.484428e-01 1.408572e+00 -1.026521e-02
vertex -1.326935e-01 1.418028e+00 -2.148552e-02
endloop
endfacet
facet normal 0 0 0
outer loop
vertex -1.484428e-01 1.408572e+00 -1.026521e-02
vertex -1.336503e-01 1.418381e+00 -9.220340e-03
vertex -1.326935e-01 1.418028e+00 -2.148552e-02
endloop
endfacet
facet normal 0 0 0
outer loop
vertex -1.858357e-01 1.382726e+00 8.825193e-02
vertex -1.811824e-01 1.383075e+00 4.991318e-02
vertex -1.917530e-01 1.367381e+00 4.830545e-02
endloop
endfacet
facet normal 0 0 0
outer loop
vertex 1.518954e-02 1.407916e+00 -3.147120e-02
vertex 7.714409e-04 1.417536e+00 -3.058776e-02
vertex 1.601291e-02 1.408079e+00 -2.174551e-02
endloop
endfacet
facet normal 0 0 0
outer loop
vertex 1.601291e-02 1.408079e+00 -2.174551e-02
vertex 7.714409e-04 1.417536e+00 -3.058776e-02
vertex 1.437808e-03 1.417813e+00 -2.085163e-02
endloop
endfacet
facet normal 0 0 0
outer loop
vertex 1.601291e-02 1.408079e+00 -2.174551e-02
vertex 2.963741e-02 1.396437e+00 -2.278131e-02
vertex 2.867621e-02 1.396386e+00 -3.249662e-02
endloop
endfacet
facet normal 0 0 0
outer loop
vertex 8.973052e-02 1.324750e+00 1.498114e-01
vertex 9.694955e-02 1.302256e+00 1.674681e-01
vertex 9.395481e-02 1.303954e+00 1.477834e-01
endloop
endfacet
facet normal 0 0 0
outer loop
vertex 9.694955e-02 1.302256e+00 1.674681e-01
vertex 9.951057e-02 1.300992e+00 1.829675e-01
vertex 9.839070e-02 1.280724e+00 1.653417e-01
endloop
endfacet
facet normal 0 0 0
outer loop
vertex -4.810117e-02 1.434629e+00 -1.942636e-02
vertex -4.824090e-02 1.434173e+00 -2.917772e-02
vertex -6.556230e-02 1.435341e+00 -2.914648e-02
endloop
endfacet
facet normal 0 0 0
outer loop
vertex -6.556230e-02 1.435341e+00 -2.914648e-02
vertex -6.560600e-02 1.435800e+00 -1.939572e-02
vertex -4.810117e-02 1.434629e+00 -1.942636e-02
endloop
endfacet
facet normal 0 0 0
outer loop
vertex -5.175114e-02 1.227994e+00 2.054201e-01
vertex -8.539905e-02 1.220015e+00 2.044615e-01
vertex -4.983874e-02 1.210587e+00 2.037012e-01
endloop
endfacet
facet normal 0 0 0
outer loop
vertex -1.205644e-01 -1.059999e-02 3.070488e-01
vertex -1.216252e-01 -7.932981e-03 3.162747e-01
vertex -1.399486e-01 -1.024301e-02 2.951967e-01
endloop
endfacet
facet normal 0 0 0
outer loop
vertex -1.741518e-01 1.350738e+00 -4.650653e-02
vertex -1.809670e-01 1.352579e+00 -4.635735e-02
vertex -1.739435e-01 1.366530e+00 -4.493976e-02
endloop
endfacet
facet normal 0 0 0
outer loop
vertex 1.891395e-01 7.195009e-01 3.298192e-01
vertex 1.879603e-01 7.262306e-01 3.212847e-01
vertex 1.703146e-01 7.455152e-01 3.393280e-01
endloop
endfacet
facet normal 0 0 0
outer loop
vertex 1.879603e-01 7.262306e-01 3.212847e-01
vertex 1.707533e-01 7.487462e-01 3.299039e-01
vertex 1.703146e-01 7.455152e-01 3.393280e-01
endloop
endfacet
facet normal 0 0 0
outer loop
vertex -1.216252e-01 -7.932981e-03 3.162747e-01
vertex -1.205644e-01 -1.059999e-02 3.070488e-01
vertex -9.391373e-02 -8.014662e-03 3.029692e-01
endloop
endfacet
facet normal 0 0 0
outer loop
vertex -6.636621e-02 1.180593e+00 -6.273684e-02
vertex -6.751513e-02 1.188872e+00 -6.198773e-02
vertex -5.142408e-02 1.189891e+00 -6.180974e-02
endloop
endfacet
facet normal 0 0 0
outer loop
vertex -7.071528e-02 1.573958e-02 2.212216e-01
vertex -7.101453e-02 1.676598e-03 2.209235e-01
vertex -6.773961e-02 1.926724e-03 1.975509e-01
endloop
endfacet
facet normal 0 0 0
outer loop
vertex -6.744349e-02 1.671560e-02 1.979104e-01
vertex -7.071528e-02 1.573958e-02 2.212216e-01
vertex -6.773961e-02 1.926724e-03 1.975509e-01
endloop
endfacet
facet normal 0 0 0
outer loop
vertex -6.266089e-02 1.332976e+00 2.156911e-01
vertex -3.362259e-02 1.358098e+00 2.183124e-01
vertex -8.428829e-02 1.346333e+00 2.168931e-01
endloop
endfacet
facet normal 0 0 0
outer loop
vertex -3.084651e-01 7.090269e-01 -2.432345e-01
vertex -2.908649e-01 7.114919e-01 -2.111748e-01
vertex -3.033399e-01 7.299597e-01 -2.218739e-01
endloop
endfacet
facet normal 0 0 0
outer loop
vertex -3.084651e-01 7.090269e-01 -2.432345e-01
vertex -2.977119e-01 6.907319e-01 -2.333156e-01
vertex -2.908649e-01 7.114919e-01 -2.111748e-01
endloop
endfacet
facet normal 0 0 0
outer loop
vertex 7.752401e-02 2.577578e-01 -4.388019e-01
vertex 6.408173e-02 3.039957e-01 -4.312016e-01
vertex 6.628700e-02 3.022676e-01 -4.237927e-01
endloop
endfacet
facet normal 0 0 0
outer loop
vertex 6.058518e-02 1.269392e+00 -5.124785e-02
vertex 5.508051e-02 1.253458e+00 -5.285736e-02
vertex 5.546164e-02 1.270132e+00 -5.331040e-02
endloop
endfacet
facet normal 0 0 0
outer loop
vertex 1.946553e-01 6.920995e-01 3.073129e-01
vertex 1.891395e-01 7.195009e-01 3.298192e-01
vertex 1.865840e-01 7.003058e-01 3.509156e-01
endloop
endfacet
facet normal 0 0 0
outer loop
vertex -1.257083e-01 -2.593179e-03 7.685051e-02
vertex -1.105691e-01 -5.124779e-03 6.915553e-02
vertex -1.217681e-01 -5.568859e-03 8.343868e-02
endloop
endfacet
facet normal 0 0 0
outer loop
vertex 5.875683e-02 1.286114e+00 -5.170751e-02
vertex 6.395724e-02 1.286038e+00 -4.957836e-02
vertex 6.058518e-02 1.269392e+00 -5.124785e-02
endloop
endfacet
facet normal 0 0 0
outer loop
vertex 5.875683e-02 1.286114e+00 -5.170751e-02
vertex 6.058518e-02 1.269392e+00 -5.124785e-02
vertex 5.546164e-02 1.270132e+00 -5.331040e-02
endloop
endfacet
facet normal 0 0 0
outer loop
vertex -2.635201e-01 7.014200e-01 -3.370300e-01
vertex -2.397799e-01 7.287846e-01 -2.889730e-01
vertex -2.550062e-01 6.878483e-01 -3.292325e-01
endloop
endfacet
facet normal 0 0 0
outer loop
vertex -2.397799e-01 7.287846e-01 -2.889730e-01
vertex -2.635201e-01 7.014200e-01 -3.370300e-01
vertex -2.509673e-01 7.464377e-01 -2.982776e-01
endloop
endfacet
facet normal 0 0 0
outer loop
vertex 6.395724e-02 1.286038e+00 -4.957836e-02
vertex 6.308664e-02 1.268357e+00 -4.500482e-02
vertex 6.058518e-02 1.269392e+00 -5.124785e-02
endloop
endfacet
facet normal 0 0 0
outer loop
vertex -6.671181e-02 1.446815e+00 2.183910e-01
vertex -4.471485e-02 1.445340e+00 2.183522e-01
vertex -6.666505e-02 1.447160e+00 2.087200e-01
endloop
endfacet
facet normal 0 0 0
outer loop
vertex -4.492899e-02 1.445092e+00 1.963862e-01
vertex -6.653685e-02 1.445464e+00 1.807074e-01
vertex -6.660882e-02 1.446548e+00 1.964247e-01
endloop
endfacet
facet normal 0 0 0
outer loop
vertex -4.474605e-02 1.445686e+00 2.086808e-01
vertex -6.660882e-02 1.446548e+00 1.964247e-01
vertex -6.666505e-02 1.447160e+00 2.087200e-01
endloop
endfacet
facet normal 0 0 0
outer loop
vertex -4.492899e-02 1.445092e+00 1.963862e-01
vertex -2.422853e-02 1.439843e+00 1.803568e-01
vertex -4.520022e-02 1.444031e+00 1.806695e-01
endloop
endfacet
facet normal 0 0 0
outer loop
vertex -1.898423e-01 1.195085e+00 1.081779e-01
vertex -1.724077e-01 1.187244e+00 6.905863e-02
vertex -1.764589e-01 1.180055e+00 1.067490e-01
endloop
endfacet
facet normal 0 0 0
outer loop
vertex -1.724077e-01 1.187244e+00 6.905863e-02
vertex -1.898423e-01 1.195085e+00 1.081779e-01
vertex -1.853268e-01 1.201800e+00 7.044178e-02
endloop
endfacet
facet normal 0 0 0
outer loop
vertex 1.581228e-02 1.423353e+00 1.789910e-01
vertex 3.371226e-02 1.411403e+00 1.779082e-01
vertex 1.430675e-02 1.422726e+00 1.590811e-01
endloop
endfacet
facet normal 0 0 0
outer loop
vertex 3.187707e-02 1.411006e+00 1.580199e-01
vertex 1.187514e-02 1.422101e+00 1.315179e-01
vertex 1.430675e-02 1.422726e+00 1.590811e-01
endloop
endfacet
facet normal 0 0 0
outer loop
vertex 7.589904e-02 6.414995e-01 -5.701282e-02
vertex 3.598110e-02 6.205353e-01 -8.877774e-02
vertex 3.453574e-02 6.344488e-01 -8.976874e-02
endloop
endfacet
facet normal 0 0 0
outer loop
vertex -9.786892e-02 1.424244e+00 -3.884595e-02
vertex -8.139727e-02 1.427454e+00 -3.844721e-02
vertex -7.371034e-02 1.403839e+00 -4.075106e-02
endloop
endfacet
facet normal 0 0 0
outer loop
vertex -1.446093e-01 1.202043e+00 -5.893654e-02
vertex -1.572990e-01 1.213086e+00 -5.790091e-02
vertex -1.530827e-01 1.216204e+00 -5.968172e-02
endloop
endfacet
facet normal 0 0 0
outer loop
vertex -2.059183e-01 1.332898e+00 4.487046e-02
vertex -2.051517e-01 1.349144e+00 8.488430e-02
vertex -2.001692e-01 1.350455e+00 4.658612e-02
endloop
endfacet
facet normal 0 0 0
outer loop
vertex -1.516064e-01 1.187811e+00 3.355228e-03
vertex -1.541543e-01 1.182166e+00 3.021836e-02
vertex -1.654396e-01 1.199771e+00 4.474139e-03
endloop
endfacet
facet normal 0 0 0
outer loop
vertex -4.710201e-02 1.236736e+00 -5.712764e-02
vertex -1.234973e-01 1.210229e+00 -6.013229e-02
vertex -1.083153e-01 1.232319e+00 -5.786655e-02
endloop
endfacet
facet normal 0 0 0
outer loop
vertex -9.548453e-02 1.258469e+00 -5.521238e-02
vertex -4.710201e-02 1.236736e+00 -5.712764e-02
vertex -1.083153e-01 1.232319e+00 -5.786655e-02
endloop
endfacet
facet normal 0 0 0
outer loop
vertex -1.234973e-01 1.210229e+00 -6.013229e-02
vertex -4.710201e-02 1.236736e+00 -5.712764e-02
vertex -8.817631e-02 1.196668e+00 -6.131026e-02
endloop
endfacet
facet normal 0 0 0
outer loop
vertex -5.014789e-02 1.273403e+00 -5.351079e-02
vertex -4.710201e-02 1.236736e+00 -5.712764e-02
vertex -9.548453e-02 1.258469e+00 -5.521238e-02
endloop
endfacet
facet normal 0 0 0
outer loop
vertex -1.994279e-02 1.197953e+00 -6.078177e-02
vertex -3.536499e-02 1.193035e+00 -6.134312e-02
vertex -3.897016e-02 1.206181e+00 -6.012476e-02
endloop
endfacet
facet normal 0 0 0
outer loop
vertex -1.743822e-03 1.434179e+00 2.078287e-01
vertex 1.712368e-02 1.424060e+00 1.946853e-01
vertex -2.449176e-03 1.433719e+00 1.955374e-01
endloop
endfacet
facet normal 0 0 0
outer loop
vertex -1.743822e-03 1.434179e+00 2.078287e-01
vertex 1.804576e-02 1.424405e+00 2.069665e-01
vertex 1.712368e-02 1.424060e+00 1.946853e-01
endloop
endfacet
facet normal 0 0 0
outer loop
vertex -1.198314e-01 7.183608e-01 -4.226155e-03
vertex -1.221770e-01 7.520546e-01 3.508803e-02
vertex -1.344430e-01 7.914125e-01 3.511268e-03
endloop
endfacet
facet normal 0 0 0
outer loop
vertex -1.221770e-01 7.520546e-01 3.508803e-02
vertex -1.215631e-01 7.887421e-01 7.388348e-02
vertex -1.344430e-01 7.914125e-01 3.511268e-03
endloop
endfacet
facet normal 0 0 0
outer loop
vertex -6.113687e-02 2.592014e-01 1.562768e-01
vertex -7.094680e-02 2.909164e-01 1.210827e-01
vertex -6.014321e-02 2.996632e-01 1.566204e-01
endloop
endfacet
facet normal 0 0 0
outer loop
vertex 7.999944e-02 1.293904e+00 4.244919e-02
vertex 8.437017e-02 1.309595e+00 8.244354e-02
vertex 8.570401e-02 1.289817e+00 8.049243e-02
endloop
endfacet
facet normal 0 0 0
outer loop
vertex 8.448901e-02 1.269964e+00 7.852509e-02
vertex 7.999944e-02 1.293904e+00 4.244919e-02
vertex 8.570401e-02 1.289817e+00 8.049243e-02
endloop
endfacet
facet normal 0 0 0
outer loop
vertex -1.108314e-01 -2.178485e-03 6.126229e-02
vertex -9.501732e-02 -2.854147e-03 7.600706e-02
vertex -1.105691e-01 -5.124779e-03 6.915553e-02
endloop
endfacet
facet normal 0 0 0
outer loop
vertex -2.042821e-01 1.199855e+00 2.018397e-01
vertex -1.951414e-01 1.204454e+00 2.023444e-01
vertex -2.137367e-01 1.218769e+00 2.036704e-01
endloop
endfacet
facet normal 0 0 0
outer loop
vertex -1.803163e-01 1.238200e+00 -4.918732e-02
vertex -1.879582e-01 1.253638e+00 -4.769379e-02
vertex -1.855280e-01 1.255097e+00 -5.387002e-02
endloop
endfacet
facet normal 0 0 0
outer loop
vertex -1.855280e-01 1.255097e+00 -5.387002e-02
vertex -1.779826e-01 1.239874e+00 -5.534278e-02
vertex -1.803163e-01 1.238200e+00 -4.918732e-02
endloop
endfacet
facet normal 0 0 0
outer loop
vertex -1.446093e-01 1.202043e+00 -5.893654e-02
vertex -1.530827e-01 1.216204e+00 -5.968172e-02
vertex -1.410977e-01 1.205870e+00 -6.065019e-02
endloop
endfacet
facet normal 0 0 0
outer loop
vertex 1.429441e-01 6.787975e-01 4.164307e-01
vertex 1.563379e-01 6.382803e-01 4.378848e-01
vertex 1.611621e-01 6.762959e-01 4.130337e-01
endloop
endfacet
facet normal 0 0 0
outer loop
vertex -2.739282e-01 7.500377e-01 -2.919569e-01
vertex -2.466752e-01 7.624711e-01 -2.773068e-01
vertex -2.509673e-01 7.464377e-01 -2.982776e-01
endloop
endfacet
facet normal 0 0 0
outer loop
vertex -2.509673e-01 7.464377e-01 -2.982776e-01
vertex -2.466752e-01 7.624711e-01 -2.773068e-01
vertex -2.338309e-01 7.445670e-01 -2.676098e-01
endloop
endfacet
facet normal 0 0 0
outer loop
vertex 9.041999e-02 1.211331e+00 1.959477e-01
vertex 8.045469e-02 1.191285e+00 1.938794e-01
vertex 8.001541e-02 1.192513e+00 1.842979e-01
endloop
endfacet
facet normal 0 0 0
outer loop
vertex 8.993675e-02 1.212507e+00 1.863601e-01
vertex 9.041999e-02 1.211331e+00 1.959477e-01
vertex 8.001541e-02 1.192513e+00 1.842979e-01
endloop
endfacet
facet normal 0 0 0
outer loop
vertex 1.691401e-01 7.122745e-01 2.758966e-01
vertex 1.872917e-01 7.254300e-01 2.847444e-01
vertex 1.881241e-01 7.179666e-01 2.908181e-01
endloop
endfacet
facet normal 0 0 0
outer loop
vertex -2.539809e-02 6.235127e-01 -9.723536e-02
vertex -8.583701e-02 6.143898e-01 -9.989726e-02
vertex -7.955733e-02 6.580304e-01 -9.580316e-02
endloop
endfacet
facet normal 0 0 0
outer loop
vertex -1.752012e-01 1.217059e+00 -1.369725e-02
vertex -1.633362e-01 1.203591e+00 -1.497747e-02
vertex -1.654396e-01 1.199771e+00 4.474139e-03
endloop
endfacet
facet normal 0 0 0
outer loop
vertex -1.541543e-01 1.182166e+00 3.021836e-02
vertex -1.683807e-01 1.194430e+00 3.136498e-02
vertex -1.654396e-01 1.199771e+00 4.474139e-03
endloop
endfacet
facet normal 0 0 0
outer loop
vertex -1.877802e-01 1.228639e+00 7.228282e-03
vertex -1.808289e-01 1.208525e+00 3.270486e-02
vertex -1.913531e-01 1.224070e+00 3.419229e-02
endloop
endfacet
facet normal 0 0 0
outer loop
vertex -1.678675e-01 1.336774e+00 -4.781445e-02
vertex -1.741518e-01 1.350738e+00 -4.650653e-02
vertex -1.659137e-01 1.348770e+00 -4.666144e-02
endloop
endfacet
facet normal 0 0 0
outer loop
vertex -1.560462e-01 1.337030e+00 -4.773244e-02
vertex -1.678675e-01 1.336774e+00 -4.781445e-02
vertex -1.659137e-01 1.348770e+00 -4.666144e-02
endloop
endfacet
facet normal 0 0 0
outer loop
vertex -7.460150e-02 9.831026e-02 1.748522e-01
vertex -6.533139e-02 9.422740e-02 1.428270e-01
vertex -6.505273e-02 1.056921e-01 1.446246e-01
endloop
endfacet
facet normal 0 0 0
outer loop
vertex -6.533139e-02 9.422740e-02 1.428270e-01
vertex -7.460150e-02 9.831026e-02 1.748522e-01
vertex -7.487776e-02 8.391365e-02 1.748387e-01
endloop
endfacet
facet normal 0 0 0
outer loop
vertex -1.808289e-01 1.208525e+00 3.270486e-02
vertex -1.775493e-01 1.213498e+00 5.778774e-03
vertex -1.654396e-01 1.199771e+00 4.474139e-03
endloop
endfacet
facet normal 0 0 0
outer loop
vertex -1.484428e-01 1.408572e+00 -1.026521e-02
vertex -1.499119e-01 1.408853e+00 5.365622e-03
vertex -1.336503e-01 1.418381e+00 -9.220340e-03
endloop
endfacet
facet normal 0 0 0
outer loop
vertex -1.943442e-01 1.287834e+00 -5.067087e-02
vertex -1.980309e-01 1.303945e+00 -4.276350e-02
vertex -1.954550e-01 1.304759e+00 -4.900201e-02
endloop
endfacet
facet normal 0 0 0
outer loop
vertex -1.968906e-01 1.286786e+00 -4.445505e-02
vertex -1.980309e-01 1.303945e+00 -4.276350e-02
vertex -1.943442e-01 1.287834e+00 -5.067087e-02
endloop
endfacet
facet normal 0 0 0
outer loop
vertex -1.692198e-01 1.193825e+00 2.014271e-01
vertex -1.781728e-01 1.208864e+00 2.028709e-01
vertex -1.828677e-01 1.187247e+00 2.007009e-01
endloop
endfacet
facet normal 0 0 0
outer loop
vertex -1.692198e-01 1.193825e+00 2.014271e-01
vertex -1.621310e-01 1.233205e+00 2.053658e-01
vertex -1.781728e-01 1.208864e+00 2.028709e-01
endloop
endfacet
facet normal 0 0 0
outer loop
vertex 1.703146e-01 7.455152e-01 3.393280e-01
vertex 1.699966e-01 7.418784e-01 3.503745e-01
vertex 1.891395e-01 7.195009e-01 3.298192e-01
endloop
endfacet
facet normal 0 0 0
outer loop
vertex 3.506416e-02 8.233764e-01 9.443884e-02
vertex 2.770920e-02 8.540993e-01 1.054539e-01
vertex 1.176917e-02 7.977864e-01 1.055628e-01
endloop
endfacet
facet normal 0 0 0
outer loop
vertex -1.405786e-01 9.199050e-01 -1.577698e-01
vertex -1.638751e-01 9.346107e-01 -1.762099e-01
vertex -1.601897e-01 9.441744e-01 -1.680364e-01
endloop
endfacet
facet normal 0 0 0
outer loop
vertex -1.892227e-01 1.289014e+00 -5.264045e-02
vertex -1.706900e-01 1.270824e+00 -5.435265e-02
vertex -1.859810e-01 1.272688e+00 -5.424135e-02
endloop
endfacet
facet normal 0 0 0
outer loop
vertex 8.220422e-02 2.526735e-01 -4.159588e-01
vertex 8.499226e-02 2.443924e-01 -3.922584e-01
vertex 8.977466e-02 2.063240e-01 -4.175234e-01
endloop
endfacet
facet normal 0 0 0
outer loop
vertex -1.825443e-01 1.335274e+00 2.153207e-01
vertex -2.020569e-01 1.336407e+00 2.153346e-01
vertex -1.928862e-01 1.318085e+00 2.135733e-01
endloop
endfacet
facet normal 0 0 0
outer loop
vertex -1.803968e-01 1.010420e+00 -4.632588e-02
vertex -1.569452e-01 1.022394e+00 -7.429916e-02
vertex -1.805252e-01 9.918404e-01 -9.353431e-02
endloop
endfacet
facet normal 0 0 0
outer loop
vertex -1.922510e-01 9.858533e-01 -7.954767e-02
vertex -1.976682e-01 9.720328e-01 -6.672505e-02
vertex -1.803968e-01 1.010420e+00 -4.632588e-02
endloop
endfacet
facet normal 0 0 0
outer loop
vertex -1.385584e-01 1.420166e+00 5.379887e-02
vertex -1.215172e-01 1.428491e+00 5.470753e-02
vertex -1.364190e-01 1.419394e+00 2.630697e-02
endloop
endfacet
facet normal 0 0 0
outer loop
vertex -1.364190e-01 1.419394e+00 2.630697e-02
vertex -1.215172e-01 1.428491e+00 5.470753e-02
vertex -1.198486e-01 1.427481e+00 2.718973e-02
endloop
endfacet
facet normal 0 0 0
outer loop
vertex 7.681624e-02 1.244073e-01 -4.461735e-01
vertex 6.074089e-02 1.251487e-01 -4.461240e-01
vertex 7.176060e-02 1.603053e-01 -4.457035e-01
endloop
endfacet
facet normal 0 0 0
outer loop
vertex -1.864864e-01 8.576204e-01 -1.306105e-01
vertex -1.971487e-01 8.371416e-01 -1.420145e-01
vertex -1.736818e-01 8.524897e-01 -1.594830e-01
endloop
endfacet
facet normal 0 0 0
outer loop
vertex 5.034262e-02 2.056337e-01 -3.087436e-01
vertex 8.093455e-02 2.278237e-01 -2.818896e-01
vertex 5.051389e-02 2.182608e-01 -2.750021e-01
endloop
endfacet
facet normal 0 0 0
outer loop
vertex 8.043066e-02 2.153253e-01 -3.147118e-01
vertex 8.093455e-02 2.278237e-01 -2.818896e-01
vertex 5.034262e-02 2.056337e-01 -3.087436e-01
endloop
endfacet
facet normal 0 0 0
outer loop
vertex -1.674836e-01 1.153562e+00 1.670252e-01
vertex -1.481741e-01 1.145831e+00 1.507965e-01
vertex -1.496435e-01 1.141962e+00 1.660004e-01
endloop
endfacet
facet normal 0 0 0
outer loop
vertex -1.674836e-01 1.153562e+00 1.670252e-01
vertex -1.657549e-01 1.157191e+00 1.517898e-01
vertex -1.481741e-01 1.145831e+00 1.507965e-01
endloop
endfacet
facet normal 0 0 0
outer loop
vertex -6.647410e-02 1.444123e+00 2.244560e-01
vertex -4.406981e-02 1.442585e+00 2.244831e-01
vertex -4.471485e-02 1.445340e+00 2.183522e-01
endloop
endfacet
facet normal 0 0 0
outer loop
vertex -6.647410e-02 1.444123e+00 2.244560e-01
vertex -6.512935e-02 1.437714e+00 2.260053e-01
vertex -4.406981e-02 1.442585e+00 2.244831e-01
endloop
endfacet
facet normal 0 0 0
outer loop
vertex 8.366589e-02 3.725804e-01 -5.065718e-02
vertex 6.618584e-02 4.002221e-01 -1.479955e-02
vertex 5.042768e-02 3.611780e-01 -3.601117e-02
endloop
endfacet
facet normal 0 0 0
outer loop
vertex -2.161145e-01 9.397335e-01 -1.408088e-01
vertex -1.952108e-01 9.444639e-01 -1.709843e-01
vertex -2.206881e-01 9.291637e-01 -1.504418e-01
endloop
endfacet
facet normal 0 0 0
outer loop
vertex -1.952108e-01 9.444639e-01 -1.709843e-01
vertex -2.161145e-01 9.397335e-01 -1.408088e-01
vertex -1.904288e-01 9.543872e-01 -1.626709e-01
endloop
endfacet
facet normal 0 0 0
outer loop
vertex -1.995124e-01 9.330904e-01 -1.778984e-01
vertex -2.206881e-01 9.291637e-01 -1.504418e-01
vertex -1.952108e-01 9.444639e-01 -1.709843e-01
endloop
endfacet
facet normal 0 0 0
outer loop
vertex -1.313748e-01 1.129834e+00 1.770710e-01
vertex -1.305458e-01 1.132867e+00 1.651585e-01
vertex -1.104857e-01 1.125863e+00 1.644996e-01
endloop
endfacet
facet normal 0 0 0
outer loop
vertex -1.499119e-01 1.408853e+00 5.365622e-03
vertex -1.348684e-01 1.418822e+00 6.427513e-03
vertex -1.336503e-01 1.418381e+00 -9.220340e-03
endloop
endfacet
facet normal 0 0 0
outer loop
vertex -6.266089e-02 1.332976e+00 2.156911e-01
vertex -5.806882e-02 1.316018e+00 2.140435e-01
vertex -5.246229e-03 1.346578e+00 2.173276e-01
endloop
endfacet
facet normal 0 0 0
outer loop
vertex -5.806882e-02 1.316018e+00 2.140435e-01
vertex 1.787739e-02 1.336439e+00 2.164456e-01
vertex -5.246229e-03 1.346578e+00 2.173276e-01
endloop
endfacet
facet normal 0 0 0
outer loop
vertex 1.822443e-02 3.263952e-01 -7.835701e-02
vertex 5.146543e-02 3.104177e-01 -8.801156e-02
vertex 5.153062e-02 3.197883e-01 -7.232139e-02
endloop
endfacet
facet normal 0 0 0
outer loop
vertex 1.822443e-02 3.263952e-01 -7.835701e-02
vertex 1.834086e-02 3.171861e-01 -9.409564e-02
vertex 5.146543e-02 3.104177e-01 -8.801156e-02
endloop
endfacet
facet normal 0 0 0
outer loop
vertex -1.536061e-01 3.019547e-02 2.654663e-01
vertex -1.436641e-01 4.309640e-02 2.657664e-01
vertex -1.499915e-01 3.661691e-02 2.214059e-01
endloop
endfacet
facet normal 0 0 0
outer loop
vertex -1.396646e-01 5.384377e-02 2.218582e-01
vertex -1.499915e-01 3.661691e-02 2.214059e-01
vertex -1.436641e-01 4.309640e-02 2.657664e-01
endloop
endfacet
facet normal 0 0 0
outer loop
vertex 5.717462e-02 2.822197e-01 -4.372821e-01
vertex 7.091976e-02 2.547577e-01 -4.418070e-01
vertex 6.160868e-02 2.515089e-01 -4.422805e-01
endloop
endfacet
facet normal 0 0 0
outer loop
vertex -8.490420e-02 1.438190e+00 5.584804e-02
vertex -6.595615e-02 1.439399e+00 5.606045e-02
vertex -6.583061e-02 1.438093e+00 2.850582e-02
endloop
endfacet
facet normal 0 0 0
outer loop
vertex 1.429441e-01 6.787975e-01 4.164307e-01
vertex 1.316689e-01 6.671582e-01 4.078039e-01
vertex 1.378741e-01 6.329634e-01 4.339143e-01
endloop
endfacet
facet normal 0 0 0
outer loop
vertex -1.825443e-01 1.335274e+00 2.153207e-01
vertex -1.928862e-01 1.318085e+00 2.135733e-01
vertex -1.622235e-01 1.323659e+00 2.142727e-01
endloop
endfacet
facet normal 0 0 0
outer loop
vertex -1.637767e-01 1.307225e+00 2.126497e-01
vertex -1.622235e-01 1.323659e+00 2.142727e-01
vertex -1.928862e-01 1.318085e+00 2.135733e-01
endloop
endfacet
facet normal 0 0 0
outer loop
vertex -1.825443e-01 1.335274e+00 2.153207e-01
vertex -1.622235e-01 1.323659e+00 2.142727e-01
vertex -1.589546e-01 1.341184e+00 2.160173e-01
endloop
endfacet
facet normal 0 0 0
outer loop
vertex -1.168640e-01 4.744499e-01 -1.610756e-02
vertex -9.963030e-02 4.390201e-01 2.048048e-03
vertex -1.346571e-01 4.454046e-01 2.182032e-02
endloop
endfacet
facet normal 0 0 0
outer loop
vertex -6.613645e-02 1.441243e+00 9.463860e-02
vertex -4.589860e-02 1.441710e+00 1.331799e-01
vertex -4.645469e-02 1.439917e+00 9.460328e-02
endloop
endfacet
facet normal 0 0 0
outer loop
vertex -6.613645e-02 1.441243e+00 9.463860e-02
vertex -6.631811e-02 1.443118e+00 1.340493e-01
vertex -4.589860e-02 1.441710e+00 1.331799e-01
endloop
endfacet
facet normal 0 0 0
outer loop
vertex 2.693192e-02 1.211945e+00 -5.712659e-02
vertex 2.862805e-02 1.209266e+00 -5.097631e-02
vertex 1.416427e-02 1.200932e+00 -5.821541e-02
endloop
endfacet
facet normal 0 0 0
outer loop
vertex 2.862805e-02 1.209266e+00 -5.097631e-02
vertex 1.546497e-02 1.198078e+00 -5.215615e-02
vertex 1.416427e-02 1.200932e+00 -5.821541e-02
endloop
endfacet
facet normal 0 0 0
outer loop
vertex -1.010350e-01 4.151492e-01 1.802009e-01
vertex -6.912997e-02 3.772331e-01 1.839029e-01
vertex -6.725954e-02 4.109262e-01 1.682567e-01
endloop
endfacet
facet normal 0 0 0
outer loop
vertex 1.928954e-01 6.723960e-01 3.280600e-01
vertex 1.946553e-01 6.920995e-01 3.073129e-01
vertex 1.865840e-01 7.003058e-01 3.509156e-01
endloop
endfacet
facet normal 0 0 0
outer loop
vertex 1.601291e-02 1.408079e+00 -2.174551e-02
vertex 1.437808e-03 1.417813e+00 -2.085163e-02
vertex 1.704703e-02 1.408301e+00 -9.483652e-03
endloop
endfacet
facet normal 0 0 0
outer loop
vertex 2.963741e-02 1.396437e+00 -2.278131e-02
vertex 1.704703e-02 1.408301e+00 -9.483652e-03
vertex 3.085160e-02 1.396495e+00 -1.053474e-02
endloop
endfacet
facet normal 0 0 0
outer loop
vertex 2.004998e-02 1.408916e+00 2.603249e-02
vertex 1.836994e-02 1.408570e+00 6.159616e-03
vertex 4.713899e-03 1.419159e+00 2.697311e-02
endloop
endfacet
facet normal 0 0 0
outer loop
vertex 3.240182e-02 1.396559e+00 5.089489e-03
vertex 3.085160e-02 1.396495e+00 -1.053474e-02
vertex 1.836994e-02 1.408570e+00 6.159616e-03
endloop
endfacet
facet normal 0 0 0
outer loop
vertex 8.086167e-02 4.966507e-01 -7.916810e-02
vertex 9.409936e-02 5.409439e-01 -1.240695e-02
vertex 9.376170e-02 4.694243e-01 -4.002560e-02
endloop
endfacet
facet normal 0 0 0
outer loop
vertex 1.444674e-01 8.680180e-01 9.758884e-02
vertex 1.358135e-01 8.980721e-01 7.150129e-02
vertex 1.474626e-01 9.076346e-01 7.687060e-02
endloop
endfacet
facet normal 0 0 0
outer loop
vertex 1.003821e-01 9.086616e-01 5.406720e-02
vertex 1.358135e-01 8.980721e-01 7.150129e-02
vertex 1.444674e-01 8.680180e-01 9.758884e-02
endloop
endfacet
facet normal 0 0 0
outer loop
vertex -1.962723e-01 1.217842e+00 7.197259e-02
vertex -1.898423e-01 1.195085e+00 1.081779e-01
vertex -2.011993e-01 1.211617e+00 1.097522e-01
endloop
endfacet
facet normal 0 0 0
outer loop
vertex -6.560600e-02 1.435800e+00 -1.939572e-02
vertex -4.792405e-02 1.435200e+00 -7.134017e-03
vertex -4.810117e-02 1.434629e+00 -1.942636e-02
endloop
endfacet
facet normal 0 0 0
outer loop
vertex -1.048681e-01 1.120198e-01 1.861255e-01
vertex -1.353799e-01 1.451014e-01 1.781749e-01
vertex -1.353383e-01 1.108285e-01 1.752711e-01
endloop
endfacet
facet normal 0 0 0
outer loop
vertex -6.583061e-02 1.438093e+00 2.850582e-02
vertex -4.701336e-02 1.438134e+00 5.602763e-02
vertex -4.769835e-02 1.435930e+00 8.549606e-03
endloop
endfacet
facet normal 0 0 0
outer loop
vertex -6.573615e-02 1.437136e+00 8.581002e-03
vertex -6.583061e-02 1.438093e+00 2.850582e-02
vertex -4.769835e-02 1.435930e+00 8.549606e-03
endloop
endfacet
facet normal 0 0 0
outer loop
vertex -1.074769e-01 4.240015e-02 7.958195e-02
vertex -1.315358e-01 4.267428e-02 9.265579e-02
vertex -1.057353e-01 6.620488e-02 9.030259e-02
endloop
endfacet
facet normal 0 0 0
outer loop
vertex -1.335829e-01 6.656080e-02 1.017738e-01
vertex -1.057353e-01 6.620488e-02 9.030259e-02
vertex -1.315358e-01 4.267428e-02 9.265579e-02
endloop
endfacet
facet normal 0 0 0
outer loop
vertex -2.933320e-01 7.520708e-01 -2.478856e-01
vertex -2.708089e-01 7.671458e-01 -2.714128e-01
vertex -2.969018e-01 7.330175e-01 -2.685652e-01
endloop
endfacet
facet normal 0 0 0
outer loop
vertex -2.708089e-01 7.671458e-01 -2.714128e-01
vertex -2.933320e-01 7.520708e-01 -2.478856e-01
vertex -2.697656e-01 7.701055e-01 -2.611553e-01
endloop
endfacet
facet normal 0 0 0
outer loop
vertex 1.695196e-01 6.114290e-01 4.151092e-01
vertex 1.818478e-01 6.343894e-01 3.773337e-01
vertex 1.763949e-01 6.569484e-01 3.961184e-01
endloop
endfacet
facet normal 0 0 0
outer loop
vertex -1.042255e-02 1.428311e+00 5.523240e-02
vertex 6.600172e-03 1.419926e+00 5.448421e-02
vertex 4.713899e-03 1.419159e+00 2.697311e-02
endloop
endfacet
facet normal 0 0 0
outer loop
vertex -1.691261e-01 1.149393e+00 1.885358e-01
vertex -1.677202e-01 1.150130e+00 1.949474e-01
vertex -1.838168e-01 1.163926e+00 1.962497e-01
endloop
endfacet
facet normal 0 0 0
outer loop
vertex -1.855027e-01 1.163444e+00 1.898623e-01
vertex -1.691261e-01 1.149393e+00 1.885358e-01
vertex -1.838168e-01 1.163926e+00 1.962497e-01
endloop
endfacet
facet normal 0 0 0
outer loop
vertex -4.701336e-02 1.438134e+00 5.602763e-02
vertex -2.930833e-02 1.433247e+00 2.820371e-02
vertex -4.769835e-02 1.435930e+00 8.549606e-03
endloop
endfacet
facet normal 0 0 0
outer loop
vertex -1.731803e-01 1.242068e+00 -5.721303e-02
vertex -1.779826e-01 1.239874e+00 -5.534278e-02
vertex -1.805843e-01 1.256942e+00 -5.577433e-02
endloop
endfacet
facet normal 0 0 0
outer loop
vertex -6.580336e-02 1.175316e+00 -6.114999e-02
vertex -6.636621e-02 1.180593e+00 -6.273684e-02
vertex -4.965123e-02 1.181441e+00 -6.257415e-02
endloop
endfacet
facet normal 0 0 0
outer loop
vertex -4.965123e-02 1.181441e+00 -6.257415e-02
vertex -6.636621e-02 1.180593e+00 -6.273684e-02
vertex -5.142408e-02 1.189891e+00 -6.180974e-02
endloop
endfacet
facet normal 0 0 0
outer loop
vertex -1.124027e-01 9.310180e-01 9.516246e-02
vertex -7.170013e-02 9.233466e-01 1.160878e-01
vertex -9.060656e-02 9.631441e-01 1.091844e-01
endloop
endfacet
facet normal 0 0 0
outer loop
vertex -2.868688e-01 7.641098e-01 -2.340225e-01
vertex -2.675276e-01 7.763793e-01 -2.473963e-01
vertex -2.689391e-01 7.726355e-01 -2.532974e-01
endloop
endfacet
facet normal 0 0 0
outer loop
vertex -1.659137e-01 1.348770e+00 -4.666144e-02
vertex -1.741518e-01 1.350738e+00 -4.650653e-02
vertex -1.739435e-01 1.366530e+00 -4.493976e-02
endloop
endfacet
facet normal 0 0 0
outer loop
vertex 5.306173e-02 1.155373e+00 1.901276e-01
vertex 6.808329e-02 1.172095e+00 1.919236e-01
vertex 5.191343e-02 1.156650e+00 1.965899e-01
endloop
endfacet
facet normal 0 0 0
outer loop
vertex -1.257083e-01 -2.593179e-03 7.685051e-02
vertex -1.108314e-01 -2.178485e-03 6.126229e-02
vertex -1.105691e-01 -5.124779e-03 6.915553e-02
endloop
endfacet
facet normal 0 0 0
outer loop
vertex -2.697656e-01 7.701055e-01 -2.611553e-01
vertex -2.933320e-01 7.520708e-01 -2.478856e-01
vertex -2.899189e-01 7.582972e-01 -2.399624e-01
endloop
endfacet
facet normal 0 0 0
outer loop
vertex -2.899189e-01 7.582972e-01 -2.399624e-01
vertex -2.868688e-01 7.641098e-01 -2.340225e-01
vertex -2.689391e-01 7.726355e-01 -2.532974e-01
endloop
endfacet
facet normal 0 0 0
outer loop
vertex -2.899189e-01 7.582972e-01 -2.399624e-01
vertex -2.689391e-01 7.726355e-01 -2.532974e-01
vertex -2.697656e-01 7.701055e-01 -2.611553e-01
endloop
endfacet
facet normal 0 0 0
outer loop
vertex 2.072220e-02 1.184954e+00 4.044520e-03
vertex 1.882377e-02 1.189646e+00 -1.538315e-02
vertex 3.473369e-02 1.196831e+00 5.278956e-03
endloop
endfacet
facet normal 0 0 0
outer loop
vertex 2.463381e-02 1.177848e+00 3.005570e-02
vertex 3.473369e-02 1.196831e+00 5.278956e-03
vertex 3.759823e-02 1.190749e+00 3.213853e-02
endloop
endfacet
facet normal 0 0 0
outer loop
vertex 1.010165e-01 1.158558e-01 -4.342974e-01
vertex 9.426142e-02 7.739167e-02 -4.438243e-01
vertex 9.826298e-02 1.174844e-01 -4.437101e-01
endloop
endfacet
facet normal 0 0 0
outer loop
vertex -1.050137e-01 9.980354e-02 1.854275e-01
vertex -7.460150e-02 9.831026e-02 1.748522e-01
vertex -7.438052e-02 1.103459e-01 1.756713e-01
endloop
endfacet
facet normal 0 0 0
outer loop
vertex -1.277649e-01 1.050148e+00 7.960524e-02
vertex -1.225308e-01 1.050119e+00 1.047909e-01
vertex -1.198862e-01 1.069501e+00 7.033643e-02
endloop
endfacet
facet normal 0 0 0
outer loop
vertex -1.892227e-01 1.289014e+00 -5.264045e-02
vertex -1.954550e-01 1.304759e+00 -4.900201e-02
vertex -1.902813e-01 1.305565e+00 -5.100832e-02
endloop
endfacet
facet normal 0 0 0
outer loop
vertex -1.677202e-01 1.150130e+00 1.949474e-01
vertex -1.634087e-01 1.154156e+00 1.974856e-01
vertex -1.786576e-01 1.167134e+00 1.987093e-01
endloop
endfacet
facet normal 0 0 0
outer loop
vertex 5.590115e-02 1.184537e+00 2.015468e-01
vertex 6.226968e-02 1.177446e+00 2.008943e-01
vertex 7.341399e-02 1.194869e+00 2.026568e-01
endloop
endfacet
facet normal 0 0 0
outer loop
vertex -1.912311e-01 9.827790e-01 -2.068065e-02
vertex -2.023166e-01 9.600539e-01 -5.241695e-02
vertex -1.749325e-01 9.521856e-01 -1.829038e-02
endloop
endfacet
facet normal 0 0 0
outer loop
vertex 6.618788e-02 1.381078e+00 1.907031e-01
vertex 4.988923e-02 1.397238e+00 1.765943e-01
vertex 5.173288e-02 1.397522e+00 1.922477e-01
endloop
endfacet
facet normal 0 0 0
outer loop
vertex 6.411979e-02 1.381060e+00 1.750754e-01
vertex 4.988923e-02 1.397238e+00 1.765943e-01
vertex 6.618788e-02 1.381078e+00 1.907031e-01
endloop
endfacet
facet normal 0 0 0
outer loop
vertex 1.801955e-01 8.580463e-01 1.826274e-01
vertex 1.805377e-01 8.426228e-01 1.509399e-01
vertex 1.801440e-01 8.689179e-01 1.703691e-01
endloop
endfacet
facet normal 0 0 0
outer loop
vertex -2.137367e-01 1.218769e+00 2.036704e-01
vertex -1.951414e-01 1.204454e+00 2.023444e-01
vertex -1.862387e-01 1.227586e+00 2.046860e-01
endloop
endfacet
facet normal 0 0 0
outer loop
vertex -1.951414e-01 1.204454e+00 2.023444e-01
vertex -1.781728e-01 1.208864e+00 2.028709e-01
vertex -1.862387e-01 1.227586e+00 2.046860e-01
endloop
endfacet
facet normal 0 0 0
outer loop
vertex -3.005396e-01 6.885185e-01 -3.134003e-01
vertex -2.999735e-01 6.462113e-01 -3.583203e-01
vertex -3.056899e-01 6.443292e-01 -3.347468e-01
endloop
endfacet
facet normal 0 0 0
outer loop
vertex -2.999735e-01 6.462113e-01 -3.583203e-01
vertex -3.005396e-01 6.885185e-01 -3.134003e-01
vertex -2.871188e-01 6.668720e-01 -3.584198e-01
endloop
endfacet
facet normal 0 0 0
outer loop
vertex -1.749325e-01 9.521856e-01 -1.829038e-02
vertex -1.949509e-01 9.431508e-01 -5.346517e-02
vertex -1.972724e-01 9.084861e-01 -7.987215e-02
endloop
endfacet
facet normal 0 0 0
outer loop
vertex 5.993834e-02 1.302692e+00 -5.005800e-02
vertex 5.875683e-02 1.286114e+00 -5.170751e-02
vertex 4.317753e-02 1.304165e+00 -4.999617e-02
endloop
endfacet
facet normal 0 0 0
outer loop
vertex 8.765672e-02 1.070280e+00 2.213193e-02
vertex 9.630683e-02 1.061168e+00 2.316835e-02
vertex 9.045886e-02 1.051748e+00 -1.658771e-02
endloop
endfacet
facet normal 0 0 0
outer loop
vertex 8.733035e-02 1.054890e+00 -2.065451e-02
vertex 8.765672e-02 1.070280e+00 2.213193e-02
vertex 9.045886e-02 1.051748e+00 -1.658771e-02
endloop
endfacet
facet normal 0 0 0
outer loop
vertex 8.096672e-02 1.064243e+00 -3.184582e-02
vertex 8.340023e-02 1.075981e+00 2.659054e-02
vertex 8.733035e-02 1.054890e+00 -2.065451e-02
endloop
endfacet
facet normal 0 0 0
outer loop
vertex 2.693192e-02 1.211945e+00 -5.712659e-02
vertex 1.164051e-02 1.205727e+00 -5.993135e-02
vertex 2.398747e-02 1.216394e+00 -5.880764e-02
endloop
endfacet
facet normal 0 0 0
outer loop
vertex 6.054382e-02 2.973756e-01 -4.351166e-01
vertex 7.091976e-02 2.547577e-01 -4.418070e-01
vertex 5.717462e-02 2.822197e-01 -4.372821e-01
endloop
endfacet
facet normal 0 0 0
outer loop
vertex -1.301903e-01 1.434062e+00 1.948760e-01
vertex -1.291104e-01 1.433172e+00 1.791830e-01
vertex -1.483048e-01 1.423803e+00 1.781603e-01
endloop
endfacet
facet normal 0 0 0
outer loop
vertex -1.291104e-01 1.433172e+00 1.791830e-01
vertex -1.278600e-01 1.432335e+00 1.592758e-01
vertex -1.466976e-01 1.423133e+00 1.582714e-01
endloop
endfacet
facet normal 0 0 0
outer loop
vertex -1.291104e-01 1.433172e+00 1.791830e-01
vertex -1.466976e-01 1.423133e+00 1.582714e-01
vertex -1.483048e-01 1.423803e+00 1.781603e-01
endloop
endfacet
facet normal 0 0 0
outer loop
vertex -1.660959e-01 1.412004e+00 1.769036e-01
vertex -1.641600e-01 1.411555e+00 1.570382e-01
vertex -1.799600e-01 1.397812e+00 1.555984e-01
endloop
endfacet
facet normal 0 0 0
outer loop
vertex 8.750063e-02 8.506186e-02 -4.464978e-01
vertex 8.976051e-02 1.210436e-01 -4.463372e-01
vertex 9.826298e-02 1.174844e-01 -4.437101e-01
endloop
endfacet
facet normal 0 0 0
outer loop
vertex 3.799393e-02 1.382661e+00 -4.013759e-02
vertex 4.015787e-02 1.383332e+00 -3.372901e-02
vertex 4.753655e-02 1.368460e+00 -4.149531e-02
endloop
endfacet
facet normal 0 0 0
outer loop
vertex 9.446979e-02 5.808071e-01 1.038835e-03
vertex 8.096523e-02 5.947476e-01 -6.028125e-02
vertex 8.106077e-02 6.017157e-01 -6.091137e-02
endloop
endfacet
facet normal 0 0 0
outer loop
vertex 9.530320e-02 5.945737e-01 5.134078e-03
vertex 9.446979e-02 5.808071e-01 1.038835e-03
vertex 8.106077e-02 6.017157e-01 -6.091137e-02
endloop
endfacet
facet normal 0 0 0
outer loop
vertex -5.810083e-02 3.645023e-01 1.448347e-01
vertex -6.918857e-02 3.501275e-01 1.062505e-01
vertex -5.622256e-02 3.954037e-01 1.244376e-01
endloop
endfacet
facet normal 0 0 0
outer loop
vertex -4.870772e-02 1.176185e+00 -6.098402e-02
vertex -6.580336e-02 1.175316e+00 -6.114999e-02
vertex -4.965123e-02 1.181441e+00 -6.257415e-02
endloop
endfacet
facet normal 0 0 0
outer loop
vertex -6.671181e-02 1.446815e+00 2.183910e-01
vertex -6.647410e-02 1.444123e+00 2.244560e-01
vertex -4.471485e-02 1.445340e+00 2.183522e-01
endloop
endfacet
facet normal 0 0 0
outer loop
vertex 4.856946e-02 1.161971e+00 1.992460e-01
vertex 5.191343e-02 1.156650e+00 1.965899e-01
vertex 6.659611e-02 1.173058e+00 1.983478e-01
endloop
endfacet
facet normal 0 0 0
outer loop
vertex 6.659611e-02 1.173058e+00 1.983478e-01
vertex 6.226968e-02 1.177446e+00 2.008943e-01
vertex 4.856946e-02 1.161971e+00 1.992460e-01
endloop
endfacet
facet normal 0 0 0
outer loop
vertex -2.836127e-01 7.659952e-01 -2.037096e-01
vertex -2.810719e-01 7.776212e-01 -2.247072e-01
vertex -2.874478e-01 7.575145e-01 -2.082024e-01
endloop
endfacet
facet normal 0 0 0
outer loop
vertex -6.666505e-02 1.447160e+00 2.087200e-01
vertex -6.660882e-02 1.446548e+00 1.964247e-01
vertex -8.858671e-02 1.445761e+00 2.084741e-01
endloop
endfacet
facet normal 0 0 0
outer loop
vertex 6.408173e-02 3.039957e-01 -4.312016e-01
vertex 7.752401e-02 2.577578e-01 -4.388019e-01
vertex 6.054382e-02 2.973756e-01 -4.351166e-01
endloop
endfacet
facet normal 0 0 0
outer loop
vertex 1.473745e-02 1.137268e+00 1.505146e-01
vertex 3.330116e-02 1.148452e+00 1.517864e-01
vertex 1.579200e-02 1.133576e+00 1.657270e-01
endloop
endfacet
facet normal 0 0 0
outer loop
vertex 9.250379e-02 3.270172e-01 -1.567000e-01
vertex 8.047905e-02 3.522291e-01 -1.783393e-01
vertex 8.113763e-02 3.683451e-01 -1.451783e-01
endloop
endfacet
facet normal 0 0 0
outer loop
vertex 9.250379e-02 3.270172e-01 -1.567000e-01
vertex 8.113763e-02 3.683451e-01 -1.451783e-01
vertex 9.329417e-02 3.445888e-01 -1.242245e-01
endloop
endfacet
facet normal 0 0 0
outer loop
vertex -1.779826e-01 1.239874e+00 -5.534278e-02
vertex -1.855280e-01 1.255097e+00 -5.387002e-02
vertex -1.805843e-01 1.256942e+00 -5.577433e-02
endloop
endfacet
facet normal 0 0 0
outer loop
vertex 9.250379e-02 3.270172e-01 -1.567000e-01
vertex 8.300202e-02 3.035296e-01 -1.323463e-01
vertex 8.247389e-02 2.810579e-01 -1.694158e-01
endloop
endfacet
facet normal 0 0 0
outer loop
vertex 2.278535e-03 1.418158e+00 -8.578451e-03
vertex 1.836994e-02 1.408570e+00 6.159616e-03
vertex 1.704703e-02 1.408301e+00 -9.483652e-03
endloop
endfacet
facet normal 0 0 0
outer loop
vertex 1.437808e-03 1.417813e+00 -2.085163e-02
vertex 2.278535e-03 1.418158e+00 -8.578451e-03
vertex 1.704703e-02 1.408301e+00 -9.483652e-03
endloop
endfacet
facet normal 0 0 0
outer loop
vertex 1.928954e-01 6.723960e-01 3.280600e-01
vertex 1.818478e-01 6.343894e-01 3.773337e-01
vertex 1.784386e-01 6.566615e-01 3.176987e-01
endloop
endfacet
facet normal 0 0 0
outer loop
vertex 1.818478e-01 6.343894e-01 3.773337e-01
vertex 1.708932e-01 6.223638e-01 3.684099e-01
vertex 1.784386e-01 6.566615e-01 3.176987e-01
endloop
endfacet
facet normal 0 0 0
outer loop
vertex 6.312988e-02 1.336924e+00 -3.820660e-02
vertex 6.791201e-02 1.319115e+00 -3.023868e-02
vertex 6.652459e-02 1.319913e+00 -3.987389e-02
endloop
endfacet
facet normal 0 0 0
outer loop
vertex -6.560600e-02 1.435800e+00 -1.939572e-02
vertex -6.566986e-02 1.436449e+00 -5.881026e-03
vertex -4.792405e-02 1.435200e+00 -7.134017e-03
endloop
endfacet
facet normal 0 0 0
outer loop
vertex -4.769835e-02 1.435930e+00 8.549606e-03
vertex -4.792405e-02 1.435200e+00 -7.134017e-03
vertex -6.566986e-02 1.436449e+00 -5.881026e-03
endloop
endfacet
facet normal 0 0 0
outer loop
vertex 3.085160e-02 1.396495e+00 -1.053474e-02
vertex 4.438150e-02 1.382950e+00 3.806874e-03
vertex 4.262386e-02 1.383115e+00 -1.179646e-02
endloop
endfacet
facet normal 0 0 0
outer loop
vertex 4.438150e-02 1.382950e+00 3.806874e-03
vertex 3.085160e-02 1.396495e+00 -1.053474e-02
vertex 3.240182e-02 1.396559e+00 5.089489e-03
endloop
endfacet
facet normal 0 0 0
outer loop
vertex 7.739073e-03 2.767131e-01 -2.240309e-01
vertex 1.881414e-02 2.564350e-01 -2.033380e-01
vertex 7.157044e-03 2.993050e-01 -1.882081e-01
endloop
endfacet
facet normal 0 0 0
outer loop
vertex 1.881241e-01 7.179666e-01 2.908181e-01
vertex 1.703431e-01 7.046573e-01 2.820256e-01
vertex 1.691401e-01 7.122745e-01 2.758966e-01
endloop
endfacet
facet normal 0 0 0
outer loop
vertex -4.550108e-02 1.442989e+00 1.607344e-01
vertex -6.631811e-02 1.443118e+00 1.340493e-01
vertex -6.644229e-02 1.444393e+00 1.607714e-01
endloop
endfacet
facet normal 0 0 0
outer loop
vertex -6.631811e-02 1.443118e+00 1.340493e-01
vertex -4.550108e-02 1.442989e+00 1.607344e-01
vertex -4.589860e-02 1.441710e+00 1.331799e-01
endloop
endfacet
facet normal 0 0 0
outer loop
vertex -2.550925e-01 8.435479e-01 -1.902023e-01
vertex -2.356824e-01 8.533728e-01 -2.071755e-01
vertex -2.562887e-01 8.029756e-01 -2.321356e-01
endloop
endfacet
facet normal 0 0 0
outer loop
vertex 1.611621e-01 6.762959e-01 4.130337e-01
vertex 1.763949e-01 6.569484e-01 3.961184e-01
vertex 1.865840e-01 7.003058e-01 3.509156e-01
endloop
endfacet
facet normal 0 0 0
outer loop
vertex 8.042744e-02 1.329057e+00 8.434308e-02
vertex 9.000524e-02 1.306272e+00 1.205600e-01
vertex 8.437017e-02 1.309595e+00 8.244354e-02
endloop
endfacet
facet normal 0 0 0
outer loop
vertex -1.943442e-01 1.287834e+00 -5.067087e-02
vertex -1.954550e-01 1.304759e+00 -4.900201e-02
vertex -1.892227e-01 1.289014e+00 -5.264045e-02
endloop
endfacet
facet normal 0 0 0
outer loop
vertex -1.481741e-01 1.145831e+00 1.507965e-01
vertex -1.657549e-01 1.157191e+00 1.517898e-01
vertex -1.465001e-01 1.150267e+00 1.314273e-01
endloop
endfacet
facet normal 0 0 0
outer loop
vertex -1.637956e-01 1.161373e+00 1.323828e-01
vertex -1.465001e-01 1.150267e+00 1.314273e-01
vertex -1.657549e-01 1.157191e+00 1.517898e-01
endloop
endfacet
facet normal 0 0 0
outer loop
vertex -1.917530e-01 1.367381e+00 4.830545e-02
vertex -1.881377e-01 1.368071e+00 2.096573e-02
vertex -2.001692e-01 1.350455e+00 4.658612e-02
endloop
endfacet
facet normal 0 0 0
outer loop
vertex -1.154528e-01 1.423593e+00 -3.688589e-02
vertex -1.308161e-01 1.416073e+00 -3.770653e-02
vertex -1.319373e-01 1.417758e+00 -3.121408e-02
endloop
endfacet
facet normal 0 0 0
outer loop
vertex 2.946912e-02 1.410565e+00 1.305289e-01
vertex 9.237672e-03 1.421013e+00 9.300105e-02
vertex 1.187514e-02 1.422101e+00 1.315179e-01
endloop
endfacet
facet normal 0 0 0
outer loop
vertex 1.187514e-02 1.422101e+00 1.315179e-01
vertex 3.187707e-02 1.411006e+00 1.580199e-01
vertex 2.946912e-02 1.410565e+00 1.305289e-01
endloop
endfacet
facet normal 0 0 0
outer loop
vertex -2.260709e-01 9.126762e-01 -1.178890e-01
vertex -2.041052e-01 9.612867e-01 -1.127695e-01
vertex -2.161145e-01 9.397335e-01 -1.408088e-01
endloop
endfacet
facet normal 0 0 0
outer loop
vertex -2.449176e-03 1.433719e+00 1.955374e-01
vertex -2.422853e-02 1.439843e+00 1.803568e-01
vertex -2.362051e-02 1.440840e+00 1.960687e-01
endloop
endfacet
facet normal 0 0 0
outer loop
vertex 1.581228e-02 1.423353e+00 1.789910e-01
vertex -5.055252e-03 1.432137e+00 1.598561e-01
vertex -3.450215e-03 1.432860e+00 1.798297e-01
endloop
endfacet
facet normal 0 0 0
outer loop
vertex 1.416427e-02 1.200932e+00 -5.821541e-02
vertex 1.164051e-02 1.205727e+00 -5.993135e-02
vertex 2.693192e-02 1.211945e+00 -5.712659e-02
endloop
endfacet
facet normal 0 0 0
outer loop
vertex -4.983874e-02 1.210587e+00 2.037012e-01
vertex -4.201540e-02 1.191584e+00 2.018565e-01
vertex -2.474472e-02 1.196027e+00 2.023771e-01
endloop
endfacet
facet normal 0 0 0
outer loop
vertex -5.955200e-02 1.187877e+00 2.013992e-01
vertex -4.201540e-02 1.191584e+00 2.018565e-01
vertex -4.983874e-02 1.210587e+00 2.037012e-01
endloop
endfacet
facet normal 0 0 0
outer loop
vertex 5.416591e-02 1.096602e+00 4.693190e-02
vertex 6.792457e-02 1.089679e+00 4.028542e-02
vertex 5.142637e-02 1.096921e+00 -4.863064e-04
endloop
endfacet
facet normal 0 0 0
outer loop
vertex -4.769835e-02 1.435930e+00 8.549606e-03
vertex -6.566986e-02 1.436449e+00 -5.881026e-03
vertex -6.573615e-02 1.437136e+00 8.581002e-03
endloop
endfacet
facet normal 0 0 0
outer loop
vertex 7.091976e-02 2.547577e-01 -4.418070e-01
vertex 6.054382e-02 2.973756e-01 -4.351166e-01
vertex 7.752401e-02 2.577578e-01 -4.388019e-01
endloop
endfacet
facet normal 0 0 0
outer loop
vertex -5.810083e-02 3.645023e-01 1.448347e-01
vertex -6.912997e-02 3.772331e-01 1.839029e-01
vertex -5.877954e-02 3.509916e-01 1.525698e-01
endloop
endfacet
facet normal 0 0 0
outer loop
vertex -6.725954e-02 4.109262e-01 1.682567e-01
vertex -6.912997e-02 3.772331e-01 1.839029e-01
vertex -5.810083e-02 3.645023e-01 1.448347e-01
endloop
endfacet
facet normal 0 0 0
outer loop
vertex -7.028233e-02 3.583216e-02 2.217960e-01
vertex -6.698635e-02 3.928231e-02 1.987685e-01
vertex -7.987955e-02 5.328101e-02 2.221283e-01
endloop
endfacet
facet normal 0 0 0
outer loop
vertex -7.673489e-02 5.918749e-02 1.991374e-01
vertex -7.987955e-02 5.328101e-02 2.221283e-01
vertex -6.698635e-02 3.928231e-02 1.987685e-01
endloop
endfacet
facet normal 0 0 0
outer loop
vertex 9.515625e-02 1.322539e+00 1.850717e-01
vertex 8.976634e-02 1.342701e+00 1.992767e-01
vertex 9.689797e-02 1.321750e+00 1.972401e-01
endloop
endfacet
facet normal 0 0 0
outer loop
vertex -6.556230e-02 1.435341e+00 -2.914648e-02
vertex -6.532360e-02 1.433423e+00 -3.566642e-02
vertex -8.241322e-02 1.432346e+00 -3.585670e-02
endloop
endfacet
facet normal 0 0 0
outer loop
vertex -1.416265e-01 1.326489e+00 -4.870560e-02
vertex -1.440321e-01 1.338830e+00 -4.754010e-02
vertex -1.280324e-01 1.329461e+00 -4.834616e-02
endloop
endfacet
facet normal 0 0 0
outer loop
vertex -1.560462e-01 1.337030e+00 -4.773244e-02
vertex -1.416265e-01 1.326489e+00 -4.870560e-02
vertex -1.454227e-01 1.296230e+00 -5.171733e-02
endloop
endfacet
facet normal 0 0 0
outer loop
vertex -1.560462e-01 1.337030e+00 -4.773244e-02
vertex -1.440321e-01 1.338830e+00 -4.754010e-02
vertex -1.416265e-01 1.326489e+00 -4.870560e-02
endloop
endfacet
facet normal 0 0 0
outer loop
vertex -4.621519e-04 1.415990e+00 -3.707800e-02
vertex -1.556411e-02 1.423442e+00 -3.641292e-02
vertex 7.714409e-04 1.417536e+00 -3.058776e-02
endloop
endfacet
facet normal 0 0 0
outer loop
vertex -1.478983e-02 1.425196e+00 -2.990432e-02
vertex 7.714409e-04 1.417536e+00 -3.058776e-02
vertex -1.556411e-02 1.423442e+00 -3.641292e-02
endloop
endfacet
facet normal 0 0 0
outer loop
vertex -8.308221e-02 4.171422e-02 9.302593e-02
vertex -1.074769e-01 4.240015e-02 7.958195e-02
vertex -1.057353e-01 6.620488e-02 9.030259e-02
endloop
endfacet
facet normal 0 0 0
outer loop
vertex -1.074769e-01 4.240015e-02 7.958195e-02
vertex -8.308221e-02 4.171422e-02 9.302593e-02
vertex -8.880278e-02 1.883615e-02 8.270533e-02
endloop
endfacet
facet normal 0 0 0
outer loop
vertex -5.924835e-02 3.363526e-01 1.557064e-01
vertex -7.082527e-02 3.084927e-01 1.911892e-01
vertex -6.014321e-02 2.996632e-01 1.566204e-01
endloop
endfacet
facet normal 0 0 0
outer loop
vertex -1.088561e-01 1.439990e+00 1.799579e-01
vertex -1.291104e-01 1.433172e+00 1.791830e-01
vertex -1.301903e-01 1.434062e+00 1.948760e-01
endloop
endfacet
facet normal 0 0 0
outer loop
vertex -1.096093e-01 1.440986e+00 1.956632e-01
vertex -1.088561e-01 1.439990e+00 1.799579e-01
vertex -1.301903e-01 1.434062e+00 1.948760e-01
endloop
endfacet
facet normal 0 0 0
outer loop
vertex -9.486524e-02 5.789959e-01 1.002062e-01
vertex -1.320668e-01 5.851038e-01 7.258335e-02
vertex -1.323090e-01 5.743896e-01 7.626049e-02
endloop
endfacet
facet normal 0 0 0
outer loop
vertex -3.156465e-02 1.428915e+00 -3.594843e-02
vertex -4.826168e-02 1.432257e+00 -3.569861e-02
vertex -3.121962e-02 1.430782e+00 -2.943072e-02
endloop
endfacet
facet normal 0 0 0
outer loop
vertex -3.121962e-02 1.430782e+00 -2.943072e-02
vertex -4.826168e-02 1.432257e+00 -3.569861e-02
vertex -4.824090e-02 1.434173e+00 -2.917772e-02
endloop
endfacet
facet normal 0 0 0
outer loop
vertex -1.677202e-01 1.150130e+00 1.949474e-01
vertex -1.786576e-01 1.167134e+00 1.987093e-01
vertex -1.838168e-01 1.163926e+00 1.962497e-01
endloop
endfacet
facet normal 0 0 0
outer loop
vertex 5.996983e-02 1.335156e+00 2.165346e-01
vertex 8.233988e-02 1.338497e+00 2.169759e-01
vertex 7.268032e-02 1.357895e+00 2.188388e-01
endloop
endfacet
facet normal 0 0 0
outer loop
vertex -8.539905e-02 1.220015e+00 2.044615e-01
vertex -1.022068e-01 1.216071e+00 2.039842e-01
vertex -9.407035e-02 1.182316e+00 2.006709e-01
endloop
endfacet
facet normal 0 0 0
outer loop
vertex 9.041999e-02 1.211331e+00 1.959477e-01
vertex 8.842464e-02 1.211363e+00 2.022728e-01
vertex 8.045469e-02 1.191285e+00 1.938794e-01
endloop
endfacet
facet normal 0 0 0
outer loop
vertex 4.786978e-02 3.586780e-01 -1.853735e-01
vertex 7.930725e-02 3.050635e-01 -2.451499e-01
vertex 4.788337e-02 3.111716e-01 -2.500581e-01
endloop
endfacet
facet normal 0 0 0
outer loop
vertex -7.225180e-02 2.258331e-01 1.882377e-01
vertex -1.038687e-01 2.278864e-01 1.984457e-01
vertex -1.045767e-01 1.466253e-01 1.894398e-01
endloop
endfacet
facet normal 0 0 0
outer loop
vertex -5.554749e-02 1.279661e+00 2.104800e-01
vertex -8.234993e-02 1.274106e+00 2.097971e-01
vertex -5.599460e-02 1.263622e+00 2.089049e-01
endloop
endfacet
facet normal 0 0 0
outer loop
vertex -1.638751e-01 9.346107e-01 -1.762099e-01
vertex -1.405786e-01 9.199050e-01 -1.577698e-01
vertex -1.458760e-01 9.111252e-01 -1.653570e-01
endloop
endfacet
facet normal 0 0 0
outer loop
vertex -6.979884e-02 3.621533e-01 1.893099e-01
vertex -6.912997e-02 3.772331e-01 1.839029e-01
vertex -1.023226e-01 3.806673e-01 1.944619e-01
endloop
endfacet
facet normal 0 0 0
outer loop
vertex -6.979884e-02 3.621533e-01 1.893099e-01
vertex -1.023226e-01 3.806673e-01 1.944619e-01
vertex -1.027698e-01 3.651093e-01 1.994604e-01
endloop
endfacet
facet normal 0 0 0
outer loop
vertex -7.538898e-02 1.748085e-02 1.265256e-01
vertex -6.939381e-02 2.121408e-03 1.724728e-01
vertex -7.804954e-02 2.768511e-03 1.228507e-01
endloop
endfacet
facet normal 0 0 0
outer loop
vertex -6.850705e-02 1.711959e-02 1.736718e-01
vertex -6.939381e-02 2.121408e-03 1.724728e-01
vertex -7.538898e-02 1.748085e-02 1.265256e-01
endloop
endfacet
facet normal 0 0 0
outer loop
vertex 7.341399e-02 1.194869e+00 2.026568e-01
vertex 7.866336e-02 1.191784e+00 2.002538e-01
vertex 8.257297e-02 1.213052e+00 2.045295e-01
endloop
endfacet
facet normal 0 0 0
outer loop
vertex 7.866336e-02 1.191784e+00 2.002538e-01
vertex 8.842464e-02 1.211363e+00 2.022728e-01
vertex 8.257297e-02 1.213052e+00 2.045295e-01
endloop
endfacet
facet normal 0 0 0
outer loop
vertex 8.257297e-02 1.213052e+00 2.045295e-01
vertex 8.842464e-02 1.211363e+00 2.022728e-01
vertex 8.929761e-02 1.232642e+00 2.065164e-01
endloop
endfacet
facet normal 0 0 0
outer loop
vertex 4.858032e-02 1.192924e+00 2.023685e-01
vertex 6.603061e-02 1.199473e+00 2.030950e-01
vertex 5.781999e-02 1.204576e+00 2.035785e-01
endloop
endfacet
facet normal 0 0 0
outer loop
vertex -2.362051e-02 1.440840e+00 1.960687e-01
vertex -2.422853e-02 1.439843e+00 1.803568e-01
vertex -4.492899e-02 1.445092e+00 1.963862e-01
endloop
endfacet
facet normal 0 0 0
outer loop
vertex -2.422853e-02 1.439843e+00 1.803568e-01
vertex -2.449176e-03 1.433719e+00 1.955374e-01
vertex -3.450215e-03 1.432860e+00 1.798297e-01
endloop
endfacet
facet normal 0 0 0
outer loop
vertex 3.438382e-02 1.396649e+00 2.494020e-02
vertex 4.972560e-02 1.382458e+00 5.104735e-02
vertex 4.662713e-02 1.382746e+00 2.363140e-02
endloop
endfacet
facet normal 0 0 0
outer loop
vertex 3.240182e-02 1.396559e+00 5.089489e-03
vertex 3.438382e-02 1.396649e+00 2.494020e-02
vertex 4.438150e-02 1.382950e+00 3.806874e-03
endloop
endfacet
facet normal 0 0 0
outer loop
vertex 3.438382e-02 1.396649e+00 2.494020e-02
vertex 4.662713e-02 1.382746e+00 2.363140e-02
vertex 4.438150e-02 1.382950e+00 3.806874e-03
endloop
endfacet
facet normal 0 0 0
outer loop
vertex -2.120274e-01 1.197583e+00 1.931310e-01
vertex -2.197152e-01 1.217031e+00 2.013560e-01
vertex -2.216860e-01 1.217009e+00 1.950119e-01
endloop
endfacet
facet normal 0 0 0
outer loop
vertex 7.498201e-02 1.331559e+00 4.614953e-02
vertex 7.874000e-02 1.312880e+00 4.432272e-02
vertex 7.114968e-02 1.333299e+00 1.887012e-02
endloop
endfacet
facet normal 0 0 0
outer loop
vertex 7.874000e-02 1.312880e+00 4.432272e-02
vertex 7.479116e-02 1.315164e+00 1.709555e-02
vertex 7.114968e-02 1.333299e+00 1.887012e-02
endloop
endfacet
facet normal 0 0 0
outer loop
vertex 8.993675e-02 1.212507e+00 1.863601e-01
vertex 8.001541e-02 1.192513e+00 1.842979e-01
vertex 7.868786e-02 1.194340e+00 1.723012e-01
endloop
endfacet
facet normal 0 0 0
outer loop
vertex 8.993675e-02 1.212507e+00 1.863601e-01
vertex 7.868786e-02 1.194340e+00 1.723012e-01
vertex 8.834251e-02 1.214457e+00 1.743159e-01
endloop
endfacet
facet normal 0 0 0
outer loop
vertex 8.236054e-02 5.679238e-01 7.044458e-02
vertex 8.178951e-02 5.869905e-01 7.808205e-02
vertex 4.119190e-02 5.650886e-01 9.617484e-02
endloop
endfacet
facet normal 0 0 0
outer loop
vertex 4.477507e-02 5.437379e-01 8.632441e-02
vertex 8.236054e-02 5.679238e-01 7.044458e-02
vertex 4.119190e-02 5.650886e-01 9.617484e-02
endloop
endfacet
facet normal 0 0 0
outer loop
vertex -1.736818e-01 8.524897e-01 -1.594830e-01
vertex -1.971487e-01 8.371416e-01 -1.420145e-01
vertex -1.981816e-01 8.069010e-01 -1.791292e-01
endloop
endfacet
facet normal 0 0 0
outer loop
vertex -1.652817e-01 1.379536e+00 -4.360796e-02
vertex -1.564979e-01 1.348195e+00 -4.667243e-02
vertex -1.739435e-01 1.366530e+00 -4.493976e-02
endloop
endfacet
facet normal 0 0 0
outer loop
vertex -1.659137e-01 1.348770e+00 -4.666144e-02
vertex -1.739435e-01 1.366530e+00 -4.493976e-02
vertex -1.564979e-01 1.348195e+00 -4.667243e-02
endloop
endfacet
facet normal 0 0 0
outer loop
vertex -4.748460e-02 1.374800e+00 2.198886e-01
vertex -8.428829e-02 1.346333e+00 2.168931e-01
vertex -3.362259e-02 1.358098e+00 2.183124e-01
endloop
endfacet
facet normal 0 0 0
outer loop
vertex -1.197421e-01 2.677858e-01 1.929066e-01
vertex -1.354478e-01 2.255713e-01 1.859714e-01
vertex -1.038687e-01 2.278864e-01 1.984457e-01
endloop
endfacet
facet normal 0 0 0
outer loop
vertex -6.744349e-02 1.671560e-02 1.979104e-01
vertex -7.028233e-02 3.583216e-02 2.217960e-01
vertex -7.071528e-02 1.573958e-02 2.212216e-01
endloop
endfacet
facet normal 0 0 0
outer loop
vertex -7.028233e-02 3.583216e-02 2.217960e-01
vertex -6.744349e-02 1.671560e-02 1.979104e-01
vertex -6.698635e-02 3.928231e-02 1.987685e-01
endloop
endfacet
facet normal 0 0 0
outer loop
vertex -1.234973e-01 1.210229e+00 -6.013229e-02
vertex -8.817631e-02 1.196668e+00 -6.131026e-02
vertex -1.140651e-01 1.190255e+00 -6.207380e-02
endloop
endfacet
facet normal 0 0 0
outer loop
vertex 4.490109e-02 7.968463e-01 -4.764003e-02
vertex 5.518578e-02 7.598738e-01 -1.685716e-02
vertex 5.296440e-02 7.206939e-01 -5.601526e-02
endloop
endfacet
facet normal 0 0 0
outer loop
vertex 5.587074e-02 8.000391e-01 2.041276e-02
vertex 5.518578e-02 7.598738e-01 -1.685716e-02
vertex 4.490109e-02 7.968463e-01 -4.764003e-02
endloop
endfacet
facet normal 0 0 0
outer loop
vertex -1.560462e-01 1.337030e+00 -4.773244e-02
vertex -1.564979e-01 1.348195e+00 -4.667243e-02
vertex -1.440321e-01 1.338830e+00 -4.754010e-02
endloop
endfacet
facet normal 0 0 0
outer loop
vertex -1.560462e-01 1.337030e+00 -4.773244e-02
vertex -1.659137e-01 1.348770e+00 -4.666144e-02
vertex -1.564979e-01 1.348195e+00 -4.667243e-02
endloop
endfacet
facet normal 0 0 0
outer loop
vertex 1.430675e-02 1.422726e+00 1.590811e-01
vertex -5.055252e-03 1.432137e+00 1.598561e-01
vertex 1.581228e-02 1.423353e+00 1.789910e-01
endloop
endfacet
facet normal 0 0 0
outer loop
vertex 5.020139e-02 1.351676e+00 -4.525366e-02
vertex 2.878512e-02 1.344671e+00 -4.605699e-02
vertex 4.274130e-02 1.366662e+00 -4.380859e-02
endloop
endfacet
facet normal 0 0 0
outer loop
vertex 4.001358e-02 1.222188e+00 -4.970882e-02
vertex 4.973031e-02 1.236499e+00 -4.823687e-02
vertex 5.094862e-02 1.234775e+00 -3.869373e-02
endloop
endfacet
facet normal 0 0 0
outer loop
vertex -7.479772e-02 1.311738e+00 2.135362e-01
vertex -6.266089e-02 1.332976e+00 2.156911e-01
vertex -9.193692e-02 1.326503e+00 2.149050e-01
endloop
endfacet
facet normal 0 0 0
outer loop
vertex -7.479772e-02 1.311738e+00 2.135362e-01
vertex -5.806882e-02 1.316018e+00 2.140435e-01
vertex -6.266089e-02 1.332976e+00 2.156911e-01
endloop
endfacet
facet normal 0 0 0
outer loop
vertex 1.928954e-01 6.723960e-01 3.280600e-01
vertex 1.784386e-01 6.566615e-01 3.176987e-01
vertex 1.785525e-01 6.759433e-01 2.969663e-01
endloop
endfacet
facet normal 0 0 0
outer loop
vertex -1.356798e-01 3.615324e-01 1.862243e-01
vertex -1.357143e-01 3.455667e-01 1.879223e-01
vertex -1.029847e-01 3.492218e-01 2.019927e-01
endloop
endfacet
facet normal 0 0 0
outer loop
vertex -1.808289e-01 1.208525e+00 3.270486e-02
vertex -1.654396e-01 1.199771e+00 4.474139e-03
vertex -1.683807e-01 1.194430e+00 3.136498e-02
endloop
endfacet
facet normal 0 0 0
outer loop
vertex 1.664979e-01 8.100619e-01 2.663425e-01
vertex 1.354672e-01 8.386475e-01 2.381014e-01
vertex 1.398069e-01 8.059694e-01 2.703958e-01
endloop
endfacet
facet normal 0 0 0
outer loop
vertex 1.639718e-01 8.449789e-01 2.320125e-01
vertex 1.354672e-01 8.386475e-01 2.381014e-01
vertex 1.664979e-01 8.100619e-01 2.663425e-01
endloop
endfacet
facet normal 0 0 0
outer loop
vertex 4.178428e-02 7.575043e-02 -4.436881e-01
vertex 2.398710e-02 1.130730e-01 -4.337728e-01
vertex 2.644109e-02 1.146360e-01 -4.424361e-01
endloop
endfacet
facet normal 0 0 0
outer loop
vertex 4.178428e-02 7.575043e-02 -4.436881e-01
vertex 4.024018e-02 7.297675e-02 -4.353553e-01
vertex 2.398710e-02 1.130730e-01 -4.337728e-01
endloop
endfacet
facet normal 0 0 0
outer loop
vertex -1.994279e-02 1.197953e+00 -6.078177e-02
vertex -3.897016e-02 1.206181e+00 -6.012476e-02
vertex -2.429744e-02 1.210725e+00 -5.960273e-02
endloop
endfacet
facet normal 0 0 0
outer loop
vertex -3.897016e-02 1.206181e+00 -6.012476e-02
vertex -4.710201e-02 1.236736e+00 -5.712764e-02
vertex -2.429744e-02 1.210725e+00 -5.960273e-02
endloop
endfacet
facet normal 0 0 0
outer loop
vertex -4.914315e-02 1.131789e+00 1.957300e-01
vertex -6.900005e-02 1.120636e+00 1.944693e-01
vertex -4.766506e-02 1.120607e+00 1.945275e-01
endloop
endfacet
facet normal 0 0 0
outer loop
vertex -1.928862e-01 1.318085e+00 2.135733e-01
vertex -1.989391e-01 1.302850e+00 2.120447e-01
vertex -1.637767e-01 1.307225e+00 2.126497e-01
endloop
endfacet
facet normal 0 0 0
outer loop
vertex 8.973052e-02 1.324750e+00 1.498114e-01
vertex 9.265248e-02 1.323462e+00 1.695376e-01
vertex 9.694955e-02 1.302256e+00 1.674681e-01
endloop
endfacet
facet normal 0 0 0
outer loop
vertex 1.474626e-01 9.076346e-01 7.687060e-02
vertex 1.271597e-01 9.281262e-01 4.541374e-02
vertex 1.567024e-01 9.250352e-01 7.676364e-02
endloop
endfacet
facet normal 0 0 0
outer loop
vertex -6.556378e-02 8.156278e-02 1.419062e-01
vertex -6.533139e-02 9.422740e-02 1.428270e-01
vertex -7.487776e-02 8.391365e-02 1.748387e-01
endloop
endfacet
facet normal 0 0 0
outer loop
vertex -7.187877e-02 6.640901e-02 1.808802e-01
vertex -6.556378e-02 8.156278e-02 1.419062e-01
vertex -7.487776e-02 8.391365e-02 1.748387e-01
endloop
endfacet
facet normal 0 0 0
outer loop
vertex -1.442671e-01 1.156320e+00 1.046291e-01
vertex -1.412742e-01 1.164231e+00 6.701643e-02
vertex -1.261425e-01 1.148085e+00 1.039095e-01
endloop
endfacet
facet normal 0 0 0
outer loop
vertex 8.051001e-02 2.566969e-01 -4.307513e-01
vertex 7.752401e-02 2.577578e-01 -4.388019e-01
vertex 6.628700e-02 3.022676e-01 -4.237927e-01
endloop
endfacet
facet normal 0 0 0
outer loop
vertex -7.478146e-02 1.353432e-01 1.161564e-01
vertex -6.419866e-02 1.393345e-01 1.477900e-01
vertex -6.505273e-02 1.056921e-01 1.446246e-01
endloop
endfacet
facet normal 0 0 0
outer loop
vertex -9.786892e-02 1.424244e+00 -3.884595e-02
vertex -7.371034e-02 1.403839e+00 -4.075106e-02
vertex -1.137635e-01 1.418880e+00 -3.945543e-02
endloop
endfacet
facet normal 0 0 0
outer loop
vertex 7.454904e-02 1.231338e+00 7.473391e-02
vertex 6.920708e-02 1.237934e+00 3.694442e-02
vertex 7.506485e-02 1.256239e+00 3.869148e-02
endloop
endfacet
facet normal 0 0 0
outer loop
vertex 7.454904e-02 1.231338e+00 7.473391e-02
vertex 7.506485e-02 1.256239e+00 3.869148e-02
vertex 8.063609e-02 1.250506e+00 7.657419e-02
endloop
endfacet
facet normal 0 0 0
outer loop
vertex -1.910252e-01 1.271172e+00 -5.230483e-02
vertex -1.879582e-01 1.253638e+00 -4.769379e-02
vertex -1.935254e-01 1.269915e+00 -4.610936e-02
endloop
endfacet
facet normal 0 0 0
outer loop
vertex -1.879582e-01 1.253638e+00 -4.769379e-02
vertex -1.910252e-01 1.271172e+00 -5.230483e-02
vertex -1.855280e-01 1.255097e+00 -5.387002e-02
endloop
endfacet
facet normal 0 0 0
outer loop
vertex -1.652817e-01 1.379536e+00 -4.360796e-02
vertex -1.689853e-01 1.382800e+00 -4.119204e-02
vertex -1.548669e-01 1.391482e+00 -4.237270e-02
endloop
endfacet
facet normal 0 0 0
outer loop
vertex -1.689853e-01 1.382800e+00 -4.119204e-02
vertex -1.709030e-01 1.383841e+00 -3.476729e-02
vertex -1.578445e-01 1.395463e+00 -3.988208e-02
endloop
endfacet
facet normal 0 0 0
outer loop
vertex 4.615201e-02 5.299591e-01 7.919872e-02
vertex 8.284392e-02 5.388979e-01 5.427997e-02
vertex 8.269122e-02 5.513706e-01 6.113061e-02
endloop
endfacet
facet normal 0 0 0
outer loop
vertex 8.269122e-02 5.513706e-01 6.113061e-02
vertex 4.477507e-02 5.437379e-01 8.632441e-02
vertex 4.615201e-02 5.299591e-01 7.919872e-02
endloop
endfacet
facet normal 0 0 0
outer loop
vertex -2.114524e-01 1.198830e+00 1.835519e-01
vertex -2.120274e-01 1.197583e+00 1.931310e-01
vertex -2.216860e-01 1.217009e+00 1.950119e-01
endloop
endfacet
facet normal 0 0 0
outer loop
vertex -2.193502e-01 1.220045e+00 1.733806e-01
vertex -2.098175e-01 1.200913e+00 1.715302e-01
vertex -2.210829e-01 1.218185e+00 1.854250e-01
endloop
endfacet
facet normal 0 0 0
outer loop
vertex -2.137367e-01 1.218769e+00 2.036704e-01
vertex -2.197152e-01 1.217031e+00 2.013560e-01
vertex -2.101093e-01 1.197725e+00 1.994863e-01
endloop
endfacet
facet normal 0 0 0
outer loop
vertex -2.206705e-01 1.238749e+00 2.056090e-01
vertex -2.197152e-01 1.217031e+00 2.013560e-01
vertex -2.137367e-01 1.218769e+00 2.036704e-01
endloop
endfacet
facet normal 0 0 0
outer loop
vertex -2.152436e-01 1.311559e+00 8.113062e-02
vertex -2.107971e-01 1.295743e+00 4.118124e-02
vertex -2.165107e-01 1.292106e+00 7.920486e-02
endloop
endfacet
facet normal 0 0 0
outer loop
vertex -2.107971e-01 1.295743e+00 4.118124e-02
vertex -2.152436e-01 1.311559e+00 8.113062e-02
vertex -2.095720e-01 1.314485e+00 4.303769e-02
endloop
endfacet
facet normal 0 0 0
outer loop
vertex -1.691261e-01 1.149393e+00 1.885358e-01
vertex -1.855027e-01 1.163444e+00 1.898623e-01
vertex -1.850155e-01 1.164864e+00 1.803020e-01
endloop
endfacet
facet normal 0 0 0
outer loop
vertex -1.686903e-01 1.150896e+00 1.789851e-01
vertex -1.691261e-01 1.149393e+00 1.885358e-01
vertex -1.850155e-01 1.164864e+00 1.803020e-01
endloop
endfacet
facet normal 0 0 0
outer loop
vertex 4.024018e-02 7.297675e-02 -4.353553e-01
vertex 4.178428e-02 7.575043e-02 -4.436881e-01
vertex 6.992680e-02 6.338472e-02 -4.439230e-01
endloop
endfacet
facet normal 0 0 0
outer loop
vertex 7.028560e-02 6.023042e-02 -4.356006e-01
vertex 4.024018e-02 7.297675e-02 -4.353553e-01
vertex 6.992680e-02 6.338472e-02 -4.439230e-01
endloop
endfacet
facet normal 0 0 0
outer loop
vertex -2.246211e-01 9.169277e-01 -1.590088e-01
vertex -1.995124e-01 9.330904e-01 -1.778984e-01
vertex -2.117452e-01 9.075338e-01 -1.880096e-01
endloop
endfacet
facet normal 0 0 0
outer loop
vertex 4.317753e-02 1.304165e+00 -4.999617e-02
vertex 5.875683e-02 1.286114e+00 -5.170751e-02
vertex 1.915999e-02 1.282356e+00 -5.227769e-02
endloop
endfacet
facet normal 0 0 0
outer loop
vertex -1.585596e-03 5.964848e-01 -6.488364e-02
vertex 3.598110e-02 6.205353e-01 -8.877774e-02
vertex 3.941754e-02 6.098087e-01 -8.542595e-02
endloop
endfacet
facet normal 0 0 0
outer loop
vertex -1.622235e-01 1.323659e+00 2.142727e-01
vertex -1.286591e-01 1.334828e+00 2.155391e-01
vertex -1.589546e-01 1.341184e+00 2.160173e-01
endloop
endfacet
facet normal 0 0 0
outer loop
vertex -1.088561e-01 1.439990e+00 1.799579e-01
vertex -8.829139e-02 1.445161e+00 1.961812e-01
vertex -8.787513e-02 1.444096e+00 1.804675e-01
endloop
endfacet
facet normal 0 0 0
outer loop
vertex -1.088561e-01 1.439990e+00 1.799579e-01
vertex -1.096093e-01 1.440986e+00 1.956632e-01
vertex -8.829139e-02 1.445161e+00 1.961812e-01
endloop
endfacet
facet normal 0 0 0
outer loop
vertex -1.706900e-01 1.270824e+00 -5.435265e-02
vertex -1.805843e-01 1.256942e+00 -5.577433e-02
vertex -1.859810e-01 1.272688e+00 -5.424135e-02
endloop
endfacet
facet normal 0 0 0
outer loop
vertex 6.618584e-02 4.002221e-01 -1.479955e-02
vertex 4.962945e-02 3.920920e-01 -9.555145e-03
vertex 5.042768e-02 3.611780e-01 -3.601117e-02
endloop
endfacet
facet normal 0 0 0
outer loop
vertex 4.992700e-02 9.868059e-01 -4.570728e-02
vertex 5.691512e-02 9.721394e-01 -1.717439e-02
vertex 4.162809e-02 9.414658e-01 -3.054667e-02
endloop
endfacet
facet normal 0 0 0
outer loop
vertex 4.162809e-02 9.414658e-01 -3.054667e-02
vertex 1.521049e-02 9.491162e-01 -6.262045e-02
vertex 4.992700e-02 9.868059e-01 -4.570728e-02
endloop
endfacet
facet normal 0 0 0
outer loop
vertex -6.653685e-02 1.445464e+00 1.807074e-01
vertex -8.738765e-02 1.443057e+00 1.605366e-01
vertex -8.787513e-02 1.444096e+00 1.804675e-01
endloop
endfacet
facet normal 0 0 0
outer loop
vertex -8.738765e-02 1.443057e+00 1.605366e-01
vertex -6.653685e-02 1.445464e+00 1.807074e-01
vertex -6.644229e-02 1.444393e+00 1.607714e-01
endloop
endfacet
facet normal 0 0 0
outer loop
vertex 1.881414e-02 2.564350e-01 -2.033380e-01
vertex 5.078646e-02 2.485672e-01 -1.979772e-01
vertex 3.457563e-02 2.739619e-01 -1.629645e-01
endloop
endfacet
facet normal 0 0 0
outer loop
vertex 3.457563e-02 2.739619e-01 -1.629645e-01
vertex 5.078646e-02 2.485672e-01 -1.979772e-01
vertex 5.095135e-02 2.705300e-01 -1.599845e-01
endloop
endfacet
facet normal 0 0 0
outer loop
vertex 3.457563e-02 2.739619e-01 -1.629645e-01
vertex 5.095135e-02 2.705300e-01 -1.599845e-01
vertex 5.111623e-02 2.924927e-01 -1.219918e-01
endloop
endfacet
facet normal 0 0 0
outer loop
vertex -1.943442e-01 1.287834e+00 -5.067087e-02
vertex -1.910252e-01 1.271172e+00 -5.230483e-02
vertex -1.968906e-01 1.286786e+00 -4.445505e-02
endloop
endfacet
facet normal 0 0 0
outer loop
vertex -1.910252e-01 1.271172e+00 -5.230483e-02
vertex -1.935254e-01 1.269915e+00 -4.610936e-02
vertex -1.968906e-01 1.286786e+00 -4.445505e-02
endloop
endfacet
facet normal 0 0 0
outer loop
vertex 6.560957e-02 9.179016e-02 -4.463504e-01
vertex 7.784986e-02 9.846412e-02 -4.463054e-01
vertex 8.750063e-02 8.506186e-02 -4.464978e-01
endloop
endfacet
facet normal 0 0 0
outer loop
vertex 6.852347e-02 7.256367e-02 -4.465939e-01
vertex 6.560957e-02 9.179016e-02 -4.463504e-01
vertex 8.750063e-02 8.506186e-02 -4.464978e-01
endloop
endfacet
facet normal 0 0 0
outer loop
vertex 1.804576e-02 1.424405e+00 2.069665e-01
vertex -1.743822e-03 1.434179e+00 2.078287e-01
vertex -1.521617e-03 1.433781e+00 2.175002e-01
endloop
endfacet
facet normal 0 0 0
outer loop
vertex 1.804576e-02 1.424405e+00 2.069665e-01
vertex -1.521617e-03 1.433781e+00 2.175002e-01
vertex 1.834015e-02 1.423962e+00 2.166336e-01
endloop
endfacet
facet normal 0 0 0
outer loop
vertex -7.375699e-02 1.448030e-01 1.789615e-01
vertex -6.213053e-02 2.187396e-01 1.559332e-01
vertex -7.225180e-02 2.258331e-01 1.882377e-01
endloop
endfacet
facet normal 0 0 0
outer loop
vertex -7.019062e-02 3.466442e-01 1.921093e-01
vertex -1.032473e-01 3.108628e-01 2.010829e-01
vertex -7.082527e-02 3.084927e-01 1.911892e-01
endloop
endfacet
facet normal 0 0 0
outer loop
vertex -1.029847e-01 3.492218e-01 2.019927e-01
vertex -1.032473e-01 3.108628e-01 2.010829e-01
vertex -7.019062e-02 3.466442e-01 1.921093e-01
endloop
endfacet
facet normal 0 0 0
outer loop
vertex 1.304793e-01 1.005578e+00 6.169634e-02
vertex 1.459733e-01 9.761870e-01 8.572426e-02
vertex 1.316211e-01 9.951684e-01 4.485118e-02
endloop
endfacet
facet normal 0 0 0
outer loop
vertex 1.459733e-01 9.761870e-01 8.572426e-02
vertex 1.480545e-01 9.546546e-01 5.209097e-02
vertex 1.316211e-01 9.951684e-01 4.485118e-02
endloop
endfacet
facet normal 0 0 0
outer loop
vertex -3.202331e-04 6.778046e-01 1.074202e-01
vertex 1.748468e-02 7.206907e-01 1.046651e-01
vertex -3.081155e-02 7.152666e-01 1.032472e-01
endloop
endfacet
facet normal 0 0 0
outer loop
vertex -3.202331e-04 6.778046e-01 1.074202e-01
vertex -3.081155e-02 7.152666e-01 1.032472e-01
vertex -2.460147e-02 6.479029e-01 1.053597e-01
endloop
endfacet
facet normal 0 0 0
outer loop
vertex 7.986969e-02 1.224651e+00 1.125097e-01
vertex 8.328768e-02 1.220436e+00 1.394502e-01
vertex 7.069945e-02 1.206048e+00 1.106041e-01
endloop
endfacet
facet normal 0 0 0
outer loop
vertex 7.069945e-02 1.206048e+00 1.106041e-01
vertex 8.328768e-02 1.220436e+00 1.394502e-01
vertex 7.403849e-02 1.201012e+00 1.375289e-01
endloop
endfacet
facet normal 0 0 0
outer loop
vertex 8.750063e-02 8.506186e-02 -4.464978e-01
vertex 9.826298e-02 1.174844e-01 -4.437101e-01
vertex 9.426142e-02 7.739167e-02 -4.438243e-01
endloop
endfacet
facet normal 0 0 0
outer loop
vertex 9.530320e-02 5.945737e-01 5.134078e-03
vertex 8.106077e-02 6.017157e-01 -6.091137e-02
vertex 8.081054e-02 6.143036e-01 -6.027610e-02
endloop
endfacet
facet normal 0 0 0
outer loop
vertex -3.536499e-02 1.193035e+00 -6.134312e-02
vertex -4.965123e-02 1.181441e+00 -6.257415e-02
vertex -5.142408e-02 1.189891e+00 -6.180974e-02
endloop
endfacet
facet normal 0 0 0
outer loop
vertex 7.835591e-02 1.362905e+00 1.889708e-01
vertex 6.618788e-02 1.381078e+00 1.907031e-01
vertex 6.763092e-02 1.380942e+00 2.029371e-01
endloop
endfacet
facet normal 0 0 0
outer loop
vertex 7.992662e-02 1.362572e+00 2.011853e-01
vertex 7.835591e-02 1.362905e+00 1.889708e-01
vertex 6.763092e-02 1.380942e+00 2.029371e-01
endloop
endfacet
facet normal 0 0 0
outer loop
vertex 1.872917e-01 7.254300e-01 2.847444e-01
vertex 1.864729e-01 7.377605e-01 3.074531e-01
vertex 1.881241e-01 7.179666e-01 2.908181e-01
endloop
endfacet
facet normal 0 0 0
outer loop
vertex -1.506621e-01 1.424909e+00 2.061034e-01
vertex -1.312244e-01 1.434144e+00 2.168195e-01
vertex -1.309461e-01 1.434540e+00 2.071546e-01
endloop
endfacet
facet normal 0 0 0
outer loop
vertex -1.510132e-01 1.424483e+00 2.157650e-01
vertex -1.305891e-01 1.431546e+00 2.228959e-01
vertex -1.312244e-01 1.434144e+00 2.168195e-01
endloop
endfacet
facet normal 0 0 0
outer loop
vertex -1.305891e-01 1.431546e+00 2.228959e-01
vertex -1.510132e-01 1.424483e+00 2.157650e-01
vertex -1.502402e-01 1.421932e+00 2.218467e-01
endloop
endfacet
facet normal 0 0 0
outer loop
vertex -6.533139e-02 9.422740e-02 1.428270e-01
vertex -7.584134e-02 9.194639e-02 1.110446e-01
vertex -7.558567e-02 1.026468e-01 1.132264e-01
endloop
endfacet
facet normal 0 0 0
outer loop
vertex -6.533139e-02 9.422740e-02 1.428270e-01
vertex -7.558567e-02 1.026468e-01 1.132264e-01
vertex -6.505273e-02 1.056921e-01 1.446246e-01
endloop
endfacet
facet normal 0 0 0
outer loop
vertex -1.213301e-01 9.271027e-01 1.387203e-02
vertex -1.184948e-01 8.993980e-01 -2.569268e-02
vertex -1.288922e-01 8.691503e-01 5.838487e-03
endloop
endfacet
facet normal 0 0 0
outer loop
vertex 1.445170e-01 6.283174e-01 4.493730e-01
vertex 1.429441e-01 6.787975e-01 4.164307e-01
vertex 1.378741e-01 6.329634e-01 4.339143e-01
endloop
endfacet
facet normal 0 0 0
outer loop
vertex 3.759823e-02 1.190749e+00 3.213853e-02
vertex 4.160145e-02 1.181904e+00 6.966452e-02
vertex 2.809887e-02 1.168228e+00 6.730606e-02
endloop
endfacet
facet normal 0 0 0
outer loop
vertex 3.759823e-02 1.190749e+00 3.213853e-02
vertex 2.809887e-02 1.168228e+00 6.730606e-02
vertex 2.463381e-02 1.177848e+00 3.005570e-02
endloop
endfacet
facet normal 0 0 0
outer loop
vertex -1.928862e-01 1.318085e+00 2.135733e-01
vertex -2.020569e-01 1.336407e+00 2.153346e-01
vertex -2.206217e-01 1.321922e+00 2.138143e-01
endloop
endfacet
facet normal 0 0 0
outer loop
vertex 5.781999e-02 1.204576e+00 2.035785e-01
vertex 4.205476e-02 1.203437e+00 2.034038e-01
vertex 4.858032e-02 1.192924e+00 2.023685e-01
endloop
endfacet
facet normal 0 0 0
outer loop
vertex -7.689068e-02 1.364650e-02 2.651692e-01
vertex -7.719199e-02 1.017488e-03 2.649386e-01
vertex -7.101453e-02 1.676598e-03 2.209235e-01
endloop
endfacet
facet normal 0 0 0
outer loop
vertex -7.071528e-02 1.573958e-02 2.212216e-01
vertex -7.689068e-02 1.364650e-02 2.651692e-01
vertex -7.101453e-02 1.676598e-03 2.209235e-01
endloop
endfacet
facet normal 0 0 0
outer loop
vertex 1.512453e-01 6.057241e-01 4.108101e-01
vertex 1.708932e-01 6.223638e-01 3.684099e-01
vertex 1.604937e-01 5.957737e-01 4.217686e-01
endloop
endfacet
facet normal 0 0 0
outer loop
vertex 1.529952e-01 6.244448e-01 3.715443e-01
vertex 1.708932e-01 6.223638e-01 3.684099e-01
vertex 1.512453e-01 6.057241e-01 4.108101e-01
endloop
endfacet
facet normal 0 0 0
outer loop
vertex 6.602705e-02 8.573897e-01 7.965329e-02
vertex 7.027522e-02 8.925153e-01 4.676450e-02
vertex 6.608324e-02 9.316687e-01 9.523372e-02
endloop
endfacet
facet normal 0 0 0
outer loop
vertex 7.027522e-02 8.925153e-01 4.676450e-02
vertex 6.602705e-02 8.573897e-01 7.965329e-02
vertex 3.808491e-02 8.806665e-01 3.363201e-02
endloop
endfacet
facet normal 0 0 0
outer loop
vertex -2.874478e-01 7.575145e-01 -2.082024e-01
vertex -2.868688e-01 7.641098e-01 -2.340225e-01
vertex -2.920250e-01 7.489282e-01 -2.117923e-01
endloop
endfacet
facet normal 0 0 0
outer loop
vertex -2.810719e-01 7.776212e-01 -2.247072e-01
vertex -2.839203e-01 7.702903e-01 -2.293238e-01
vertex -2.874478e-01 7.575145e-01 -2.082024e-01
endloop
endfacet
facet normal 0 0 0
outer loop
vertex -2.546602e-02 6.054366e-01 -8.432771e-02
vertex -2.539809e-02 6.235127e-01 -9.723536e-02
vertex 3.598110e-02 6.205353e-01 -8.877774e-02
endloop
endfacet
facet normal 0 0 0
outer loop
vertex 1.801440e-01 8.689179e-01 1.703691e-01
vertex 1.805377e-01 8.426228e-01 1.509399e-01
vertex 1.805366e-01 8.508792e-01 1.388041e-01
endloop
endfacet
facet normal 0 0 0
outer loop
vertex -2.509673e-01 7.464377e-01 -2.982776e-01
vertex -2.817371e-01 7.033086e-01 -3.321902e-01
vertex -2.739282e-01 7.500377e-01 -2.919569e-01
endloop
endfacet
facet normal 0 0 0
outer loop
vertex 4.713899e-03 1.419159e+00 2.697311e-02
vertex -1.183618e-02 1.427309e+00 2.770030e-02
vertex -1.042255e-02 1.428311e+00 5.523240e-02
endloop
endfacet
facet normal 0 0 0
outer loop
vertex -1.183618e-02 1.427309e+00 2.770030e-02
vertex -2.930833e-02 1.433247e+00 2.820371e-02
vertex -1.042255e-02 1.428311e+00 5.523240e-02
endloop
endfacet
facet normal 0 0 0
outer loop
vertex -2.930833e-02 1.433247e+00 2.820371e-02
vertex -2.839240e-02 1.434416e+00 5.574993e-02
vertex -1.042255e-02 1.428311e+00 5.523240e-02
endloop
endfacet
facet normal 0 0 0
outer loop
vertex -2.930833e-02 1.433247e+00 2.820371e-02
vertex -4.701336e-02 1.438134e+00 5.602763e-02
vertex -2.839240e-02 1.434416e+00 5.574993e-02
endloop
endfacet
facet normal 0 0 0
outer loop
vertex -1.214782e-01 1.122138e-02 3.196076e-01
vertex -9.217468e-02 2.922409e-04 3.057048e-01
vertex -9.187798e-02 1.153980e-02 3.058705e-01
endloop
endfacet
facet normal 0 0 0
outer loop
vertex -1.214782e-01 1.122138e-02 3.196076e-01
vertex -1.217751e-01 3.859249e-04 3.194548e-01
vertex -9.217468e-02 2.922409e-04 3.057048e-01
endloop
endfacet
facet normal 0 0 0
outer loop
vertex -1.124027e-01 9.310180e-01 9.516246e-02
vertex -1.213301e-01 9.271027e-01 1.387203e-02
vertex -1.173720e-01 8.920830e-01 4.674263e-02
endloop
endfacet
facet normal 0 0 0
outer loop
vertex -2.817371e-01 7.033086e-01 -3.321902e-01
vertex -2.509673e-01 7.464377e-01 -2.982776e-01
vertex -2.635201e-01 7.014200e-01 -3.370300e-01
endloop
endfacet
facet normal 0 0 0
outer loop
vertex 6.791201e-02 1.319115e+00 -3.023868e-02
vertex 6.312988e-02 1.336924e+00 -3.820660e-02
vertex 6.447618e-02 1.336318e+00 -2.855298e-02
endloop
endfacet
facet normal 0 0 0
outer loop
vertex 6.967438e-02 1.318109e+00 -1.809081e-02
vertex 6.791201e-02 1.319115e+00 -3.023868e-02
vertex 6.447618e-02 1.336318e+00 -2.855298e-02
endloop
endfacet
facet normal 0 0 0
outer loop
vertex 4.015787e-02 1.383332e+00 -3.372901e-02
vertex 4.982939e-02 1.368913e+00 -3.510725e-02
vertex 4.753655e-02 1.368460e+00 -4.149531e-02
endloop
endfacet
facet normal 0 0 0
outer loop
vertex 4.015787e-02 1.383332e+00 -3.372901e-02
vertex 5.102613e-02 1.368659e+00 -2.542022e-02
vertex 4.982939e-02 1.368913e+00 -3.510725e-02
endloop
endfacet
facet normal 0 0 0
outer loop
vertex 4.262386e-02 1.383115e+00 -1.179646e-02
vertex 5.102613e-02 1.368659e+00 -2.542022e-02
vertex 4.015787e-02 1.383332e+00 -3.372901e-02
endloop
endfacet
facet normal 0 0 0
outer loop
vertex 1.928954e-01 6.723960e-01 3.280600e-01
vertex 1.785525e-01 6.759433e-01 2.969663e-01
vertex 1.946553e-01 6.920995e-01 3.073129e-01
endloop
endfacet
facet normal 0 0 0
outer loop
vertex 1.919279e-01 7.019711e-01 3.012095e-01
vertex 1.723852e-01 6.964577e-01 2.870306e-01
vertex 1.896999e-01 7.104619e-01 2.960992e-01
endloop
endfacet
facet normal 0 0 0
outer loop
vertex -6.971674e-02 3.380964e-01 1.153605e-01
vertex -6.918857e-02 3.501275e-01 1.062505e-01
vertex -5.810083e-02 3.645023e-01 1.448347e-01
endloop
endfacet
facet normal 0 0 0
outer loop
vertex -6.971674e-02 3.380964e-01 1.153605e-01
vertex -5.810083e-02 3.645023e-01 1.448347e-01
vertex -5.877954e-02 3.509916e-01 1.525698e-01
endloop
endfacet
facet normal 0 0 0
outer loop
vertex 1.915999e-02 1.282356e+00 -5.227769e-02
vertex -5.014789e-02 1.273403e+00 -5.351079e-02
vertex -2.422783e-02 1.316483e+00 -4.911740e-02
endloop
endfacet
facet normal 0 0 0
outer loop
vertex 8.045469e-02 1.191285e+00 1.938794e-01
vertex 8.842464e-02 1.211363e+00 2.022728e-01
vertex 7.866336e-02 1.191784e+00 2.002538e-01
endloop
endfacet
facet normal 0 0 0
outer loop
vertex -1.951414e-01 1.204454e+00 2.023444e-01
vertex -2.042821e-01 1.199855e+00 2.018397e-01
vertex -1.924095e-01 1.182570e+00 2.001845e-01
endloop
endfacet
facet normal 0 0 0
outer loop
vertex -1.828677e-01 1.187247e+00 2.007009e-01
vertex -1.951414e-01 1.204454e+00 2.023444e-01
vertex -1.924095e-01 1.182570e+00 2.001845e-01
endloop
endfacet
facet normal 0 0 0
outer loop
vertex -1.010350e-01 4.151492e-01 1.802009e-01
vertex -1.023226e-01 3.806673e-01 1.944619e-01
vertex -6.912997e-02 3.772331e-01 1.839029e-01
endloop
endfacet
facet normal 0 0 0
outer loop
vertex 9.596818e-02 1.597926e-01 -4.334243e-01
vertex 1.010165e-01 1.158558e-01 -4.342974e-01
vertex 9.826298e-02 1.174844e-01 -4.437101e-01
endloop
endfacet
facet normal 0 0 0
outer loop
vertex -1.319373e-01 1.417758e+00 -3.121408e-02
vertex -1.169471e-01 1.425722e+00 -2.064579e-02
vertex -1.163571e-01 1.425366e+00 -3.038362e-02
endloop
endfacet
facet normal 0 0 0
outer loop
vertex -1.319373e-01 1.417758e+00 -3.121408e-02
vertex -1.163571e-01 1.425366e+00 -3.038362e-02
vertex -1.154528e-01 1.423593e+00 -3.688589e-02
endloop
endfacet
facet normal 0 0 0
outer loop
vertex -1.169471e-01 1.425722e+00 -2.064579e-02
vertex -1.319373e-01 1.417758e+00 -3.121408e-02
vertex -1.326935e-01 1.418028e+00 -2.148552e-02
endloop
endfacet
facet normal 0 0 0
outer loop
vertex -1.217751e-01 3.859249e-04 3.194548e-01
vertex -1.480763e-01 1.213221e-02 3.060028e-01
vertex -1.483724e-01 8.383333e-04 3.058365e-01
endloop
endfacet
facet normal 0 0 0
outer loop
vertex -1.994279e-02 1.197953e+00 -6.078177e-02
vertex -2.429744e-02 1.210725e+00 -5.960273e-02
vertex -5.479824e-03 1.204640e+00 -6.011974e-02
endloop
endfacet
facet normal 0 0 0
outer loop
vertex 3.799393e-02 1.382661e+00 -4.013759e-02
vertex 4.753655e-02 1.368460e+00 -4.149531e-02
vertex 4.274130e-02 1.366662e+00 -4.380859e-02
endloop
endfacet
facet normal 0 0 0
outer loop
vertex 1.693341e-01 7.751401e-01 2.992623e-01
vertex 1.849775e-01 7.618278e-01 2.832640e-01
vertex 1.664979e-01 8.100619e-01 2.663425e-01
endloop
endfacet
facet normal 0 0 0
outer loop
vertex -1.440321e-01 1.338830e+00 -4.754010e-02
vertex -1.187864e-01 1.345713e+00 -4.673429e-02
vertex -1.280324e-01 1.329461e+00 -4.834616e-02
endloop
endfacet
facet normal 0 0 0
outer loop
vertex -1.280324e-01 1.329461e+00 -4.834616e-02
vertex -1.187864e-01 1.345713e+00 -4.673429e-02
vertex -1.019051e-01 1.336388e+00 -4.753400e-02
endloop
endfacet
facet normal 0 0 0
outer loop
vertex -4.550108e-02 1.442989e+00 1.607344e-01
vertex -2.422853e-02 1.439843e+00 1.803568e-01
vertex -2.491870e-02 1.438884e+00 1.604280e-01
endloop
endfacet
facet normal 0 0 0
outer loop
vertex -2.422853e-02 1.439843e+00 1.803568e-01
vertex -4.550108e-02 1.442989e+00 1.607344e-01
vertex -4.520022e-02 1.444031e+00 1.806695e-01
endloop
endfacet
facet normal 0 0 0
outer loop
vertex 3.359871e-02 1.191184e-01 -4.462241e-01
vertex 4.610782e-02 8.378004e-02 -4.463901e-01
vertex 2.644109e-02 1.146360e-01 -4.424361e-01
endloop
endfacet
facet normal 0 0 0
outer loop
vertex 3.807424e-02 1.216783e+00 2.047230e-01
vertex 2.369639e-02 1.211945e+00 2.041788e-01
vertex 4.205476e-02 1.203437e+00 2.034038e-01
endloop
endfacet
facet normal 0 0 0
outer loop
vertex 5.053782e-02 1.209090e+00 2.040040e-01
vertex 5.129695e-02 1.219533e+00 2.050490e-01
vertex 4.205476e-02 1.203437e+00 2.034038e-01
endloop
endfacet
facet normal 0 0 0
outer loop
vertex -1.261914e-01 1.431326e+00 1.317580e-01
vertex -1.238544e-01 1.429908e+00 9.323278e-02
vertex -1.415582e-01 1.421263e+00 9.228919e-02
endloop
endfacet
facet normal 0 0 0
outer loop
vertex -1.445555e-01 1.422352e+00 1.307786e-01
vertex -1.261914e-01 1.431326e+00 1.317580e-01
vertex -1.415582e-01 1.421263e+00 9.228919e-02
endloop
endfacet
facet normal 0 0 0
outer loop
vertex 6.160868e-02 2.515089e-01 -4.422805e-01
vertex 5.053266e-02 2.499308e-01 -4.422688e-01
vertex 5.717462e-02 2.822197e-01 -4.372821e-01
endloop
endfacet
facet normal 0 0 0
outer loop
vertex -1.309461e-01 1.434540e+00 2.071546e-01
vertex -1.096093e-01 1.440986e+00 1.956632e-01
vertex -1.301903e-01 1.434062e+00 1.948760e-01
endloop
endfacet
facet normal 0 0 0
outer loop
vertex -1.174614e-01 1.396354e+00 -4.170684e-02
vertex -7.371034e-02 1.403839e+00 -4.075106e-02
vertex -1.187864e-01 1.345713e+00 -4.673429e-02
endloop
endfacet
facet normal 0 0 0
outer loop
vertex -1.137635e-01 1.418880e+00 -3.945543e-02
vertex -7.371034e-02 1.403839e+00 -4.075106e-02
vertex -1.174614e-01 1.396354e+00 -4.170684e-02
endloop
endfacet
facet normal 0 0 0
outer loop
vertex -7.371034e-02 1.403839e+00 -4.075106e-02
vertex -7.988570e-02 1.357131e+00 -4.541224e-02
vertex -1.187864e-01 1.345713e+00 -4.673429e-02
endloop
endfacet
facet normal 0 0 0
outer loop
vertex -1.462995e-01 1.199596e+00 -5.285462e-02
vertex -1.446093e-01 1.202043e+00 -5.893654e-02
vertex -1.319254e-01 1.189996e+00 -5.374116e-02
endloop
endfacet
facet normal 0 0 0
outer loop
vertex -1.572990e-01 1.213086e+00 -5.790091e-02
vertex -1.446093e-01 1.202043e+00 -5.893654e-02
vertex -1.462995e-01 1.199596e+00 -5.285462e-02
endloop
endfacet
facet normal 0 0 0
outer loop
vertex -8.241322e-02 1.432346e+00 -3.585670e-02
vertex -8.288444e-02 1.434234e+00 -2.934094e-02
vertex -6.556230e-02 1.435341e+00 -2.914648e-02
endloop
endfacet
facet normal 0 0 0
outer loop
vertex -6.560600e-02 1.435800e+00 -1.939572e-02
vertex -6.556230e-02 1.435341e+00 -2.914648e-02
vertex -8.311491e-02 1.434684e+00 -1.959191e-02
endloop
endfacet
facet normal 0 0 0
outer loop
vertex -8.311491e-02 1.434684e+00 -1.959191e-02
vertex -6.556230e-02 1.435341e+00 -2.914648e-02
vertex -8.288444e-02 1.434234e+00 -2.934094e-02
endloop
endfacet
facet normal 0 0 0
outer loop
vertex -1.855280e-01 1.255097e+00 -5.387002e-02
vertex -1.859810e-01 1.272688e+00 -5.424135e-02
vertex -1.805843e-01 1.256942e+00 -5.577433e-02
endloop
endfacet
facet normal 0 0 0
outer loop
vertex -1.621310e-01 1.233205e+00 2.053658e-01
vertex -1.692198e-01 1.193825e+00 2.014271e-01
vertex -1.531327e-01 1.200819e+00 2.022063e-01
endloop
endfacet
facet normal 0 0 0
outer loop
vertex -1.862387e-01 1.227586e+00 2.046860e-01
vertex -1.781728e-01 1.208864e+00 2.028709e-01
vertex -1.621310e-01 1.233205e+00 2.053658e-01
endloop
endfacet
facet normal 0 0 0
outer loop
vertex -2.101093e-01 1.197725e+00 1.994863e-01
vertex -2.197152e-01 1.217031e+00 2.013560e-01
vertex -2.120274e-01 1.197583e+00 1.931310e-01
endloop
endfacet
facet normal 0 0 0
outer loop
vertex 7.714409e-04 1.417536e+00 -3.058776e-02
vertex -1.478983e-02 1.425196e+00 -2.990432e-02
vertex -1.428982e-02 1.425552e+00 -2.016112e-02
endloop
endfacet
facet normal 0 0 0
outer loop
vertex 1.437808e-03 1.417813e+00 -2.085163e-02
vertex 7.714409e-04 1.417536e+00 -3.058776e-02
vertex -1.428982e-02 1.425552e+00 -2.016112e-02
endloop
endfacet
facet normal 0 0 0
outer loop
vertex -4.201540e-02 1.191584e+00 2.018565e-01
vertex -5.955200e-02 1.187877e+00 2.013992e-01
vertex -5.543473e-02 1.168581e+00 1.994677e-01
endloop
endfacet
facet normal 0 0 0
outer loop
vertex 6.460793e-02 1.233953e+00 2.065449e-01
vertex 6.336680e-02 1.218472e+00 2.049957e-01
vertex 7.388196e-02 1.215667e+00 2.047575e-01
endloop
endfacet
facet normal 0 0 0
outer loop
vertex 7.945184e-02 1.233511e+00 2.065632e-01
vertex 6.460793e-02 1.233953e+00 2.065449e-01
vertex 7.388196e-02 1.215667e+00 2.047575e-01
endloop
endfacet
facet normal 0 0 0
outer loop
vertex -2.449176e-03 1.433719e+00 1.955374e-01
vertex -2.362051e-02 1.440840e+00 1.960687e-01
vertex -1.743822e-03 1.434179e+00 2.078287e-01
endloop
endfacet
facet normal 0 0 0
outer loop
vertex -1.743822e-03 1.434179e+00 2.078287e-01
vertex -2.362051e-02 1.440840e+00 1.960687e-01
vertex -2.264735e-02 1.441311e+00 2.084214e-01
endloop
endfacet
facet normal 0 0 0
outer loop
vertex -3.121962e-02 1.430782e+00 -2.943072e-02
vertex -4.824090e-02 1.434173e+00 -2.917772e-02
vertex -4.810117e-02 1.434629e+00 -1.942636e-02
endloop
endfacet
facet normal 0 0 0
outer loop
vertex -1.554170e-01 8.850896e-01 -1.423343e-01
vertex -1.809871e-01 8.685570e-01 -1.229399e-01
vertex -1.613345e-01 8.744602e-01 -1.487648e-01
endloop
endfacet
facet normal 0 0 0
outer loop
vertex -1.892227e-01 1.289014e+00 -5.264045e-02
vertex -1.859810e-01 1.272688e+00 -5.424135e-02
vertex -1.943442e-01 1.287834e+00 -5.067087e-02
endloop
endfacet
facet normal 0 0 0
outer loop
vertex -9.352228e-02 -9.351245e-03 1.963715e-01
vertex -9.434444e-02 -8.837198e-03 1.711816e-01
vertex -8.178288e-02 -8.892137e-03 1.713881e-01
endloop
endfacet
facet normal 0 0 0
outer loop
vertex -9.352228e-02 -9.351245e-03 1.963715e-01
vertex -1.090081e-01 -9.189171e-03 1.962243e-01
vertex -9.434444e-02 -8.837198e-03 1.711816e-01
endloop
endfacet
facet normal 0 0 0
outer loop
vertex 8.269122e-02 5.513706e-01 6.113061e-02
vertex 8.236054e-02 5.679238e-01 7.044458e-02
vertex 4.477507e-02 5.437379e-01 8.632441e-02
endloop
endfacet
facet normal 0 0 0
outer loop
vertex -7.538898e-02 1.748085e-02 1.265256e-01
vertex -8.308221e-02 4.171422e-02 9.302593e-02
vertex -7.101502e-02 4.075611e-02 1.330005e-01
endloop
endfacet
facet normal 0 0 0
outer loop
vertex -7.788260e-02 6.551244e-02 1.028654e-01
vertex -7.101502e-02 4.075611e-02 1.330005e-01
vertex -8.308221e-02 4.171422e-02 9.302593e-02
endloop
endfacet
facet normal 0 0 0
outer loop
vertex 4.610782e-02 8.378004e-02 -4.463901e-01
vertex 6.560957e-02 9.179016e-02 -4.463504e-01
vertex 6.852347e-02 7.256367e-02 -4.465939e-01
endloop
endfacet
facet normal 0 0 0
outer loop
vertex 6.560957e-02 9.179016e-02 -4.463504e-01
vertex 4.610782e-02 8.378004e-02 -4.463901e-01
vertex 5.160977e-02 9.763552e-02 -4.462373e-01
endloop
endfacet
facet normal 0 0 0
outer loop
vertex -2.102110e-01 1.229626e+00 1.114894e-01
vertex -2.011993e-01 1.211617e+00 1.097522e-01
vertex -2.140159e-01 1.225521e+00 1.384982e-01
endloop
endfacet
facet normal 0 0 0
outer loop
vertex -2.011993e-01 1.211617e+00 1.097522e-01
vertex -2.047848e-01 1.207044e+00 1.367140e-01
vertex -2.140159e-01 1.225521e+00 1.384982e-01
endloop
endfacet
facet normal 0 0 0
outer loop
vertex -4.621519e-04 1.415990e+00 -3.707800e-02
vertex -2.999424e-03 1.411815e+00 -3.961480e-02
vertex -1.702093e-02 1.418811e+00 -3.898959e-02
endloop
endfacet
facet normal 0 0 0
outer loop
vertex 1.864729e-01 7.377605e-01 3.074531e-01
vertex 1.872917e-01 7.254300e-01 2.847444e-01
vertex 1.859884e-01 7.447278e-01 3.009656e-01
endloop
endfacet
facet normal 0 0 0
outer loop
vertex 5.593398e-02 1.597933e-01 -4.456716e-01
vertex 6.074089e-02 1.251487e-01 -4.461240e-01
vertex 4.512991e-02 1.233437e-01 -4.461124e-01
endloop
endfacet
facet normal 0 0 0
outer loop
vertex 7.176060e-02 1.603053e-01 -4.457035e-01
vertex 6.074089e-02 1.251487e-01 -4.461240e-01
vertex 5.593398e-02 1.597933e-01 -4.456716e-01
endloop
endfacet
facet normal 0 0 0
outer loop
vertex 8.001541e-02 1.192513e+00 1.842979e-01
vertex 8.045469e-02 1.191285e+00 1.938794e-01
vertex 6.808329e-02 1.172095e+00 1.919236e-01
endloop
endfacet
facet normal 0 0 0
outer loop
vertex 8.001541e-02 1.192513e+00 1.842979e-01
vertex 6.770718e-02 1.173347e+00 1.823490e-01
vertex 7.868786e-02 1.194340e+00 1.723012e-01
endloop
endfacet
facet normal 0 0 0
outer loop
vertex -2.761518e-02 1.369515e+00 -4.392900e-02
vertex -2.350795e-02 1.356935e+00 -4.510974e-02
vertex -4.042836e-02 1.366471e+00 -4.429341e-02
endloop
endfacet
facet normal 0 0 0
outer loop
vertex -8.425117e-02 1.436911e+00 2.829860e-02
vertex -8.490420e-02 1.438190e+00 5.584804e-02
vertex -6.583061e-02 1.438093e+00 2.850582e-02
endloop
endfacet
facet normal 0 0 0
outer loop
vertex 4.150943e-02 8.385544e-01 -7.199930e-03
vertex 4.490109e-02 7.968463e-01 -4.764003e-02
vertex 2.902617e-02 8.739611e-01 -3.217213e-02
endloop
endfacet
facet normal 0 0 0
outer loop
vertex 4.150943e-02 8.385544e-01 -7.199930e-03
vertex 2.902617e-02 8.739611e-01 -3.217213e-02
vertex 3.808491e-02 8.806665e-01 3.363201e-02
endloop
endfacet
facet normal 0 0 0
outer loop
vertex -1.780554e-01 9.754519e-01 -1.364889e-01
vertex -1.904288e-01 9.543872e-01 -1.626709e-01
vertex -2.161145e-01 9.397335e-01 -1.408088e-01
endloop
endfacet
facet normal 0 0 0
outer loop
vertex -2.161145e-01 9.397335e-01 -1.408088e-01
vertex -2.041052e-01 9.612867e-01 -1.127695e-01
vertex -1.780554e-01 9.754519e-01 -1.364889e-01
endloop
endfacet
facet normal 0 0 0
outer loop
vertex -6.751513e-02 1.188872e+00 -6.198773e-02
vertex -8.305753e-02 1.181665e+00 -6.278245e-02
vertex -8.817631e-02 1.196668e+00 -6.131026e-02
endloop
endfacet
facet normal 0 0 0
outer loop
vertex -6.636621e-02 1.180593e+00 -6.273684e-02
vertex -8.305753e-02 1.181665e+00 -6.278245e-02
vertex -6.751513e-02 1.188872e+00 -6.198773e-02
endloop
endfacet
facet normal 0 0 0
outer loop
vertex -5.246229e-03 1.346578e+00 2.173276e-01
vertex -1.065666e-03 1.366305e+00 2.192900e-01
vertex -6.266089e-02 1.332976e+00 2.156911e-01
endloop
endfacet
facet normal 0 0 0
outer loop
vertex -6.266089e-02 1.332976e+00 2.156911e-01
vertex -1.065666e-03 1.366305e+00 2.192900e-01
vertex -3.362259e-02 1.358098e+00 2.183124e-01
endloop
endfacet
facet normal 0 0 0
outer loop
vertex 4.702781e-02 4.988653e-01 6.326813e-02
vertex 6.517477e-02 4.689685e-01 3.155236e-02
vertex 8.307799e-02 5.090119e-01 3.879415e-02
endloop
endfacet
facet normal 0 0 0
outer loop
vertex 6.588491e-02 2.089411e-01 -4.449444e-01
vertex 6.863488e-02 1.836470e-01 -4.454265e-01
vertex 5.327926e-02 1.830621e-01 -4.453819e-01
endloop
endfacet
facet normal 0 0 0
outer loop
vertex 5.327926e-02 1.830621e-01 -4.453819e-01
vertex 5.188857e-02 2.083841e-01 -4.448975e-01
vertex 6.588491e-02 2.089411e-01 -4.449444e-01
endloop
endfacet
facet normal 0 0 0
outer loop
vertex -1.564979e-01 1.348195e+00 -4.667243e-02
vertex -1.174614e-01 1.396354e+00 -4.170684e-02
vertex -1.187864e-01 1.345713e+00 -4.673429e-02
endloop
endfacet
facet normal 0 0 0
outer loop
vertex -1.564979e-01 1.348195e+00 -4.667243e-02
vertex -1.652817e-01 1.379536e+00 -4.360796e-02
vertex -1.548669e-01 1.391482e+00 -4.237270e-02
endloop
endfacet
facet normal 0 0 0
outer loop
vertex -1.564979e-01 1.348195e+00 -4.667243e-02
vertex -1.187864e-01 1.345713e+00 -4.673429e-02
vertex -1.440321e-01 1.338830e+00 -4.754010e-02
endloop
endfacet
facet normal 0 0 0
outer loop
vertex -1.564979e-01 1.348195e+00 -4.667243e-02
vertex -1.425874e-01 1.402263e+00 -4.124374e-02
vertex -1.174614e-01 1.396354e+00 -4.170684e-02
endloop
endfacet
facet normal 0 0 0
outer loop
vertex -2.206217e-01 1.321922e+00 2.138143e-01
vertex -1.989391e-01 1.302850e+00 2.120447e-01
vertex -1.928862e-01 1.318085e+00 2.135733e-01
endloop
endfacet
facet normal 0 0 0
outer loop
vertex -1.637767e-01 1.307225e+00 2.126497e-01
vertex -1.989391e-01 1.302850e+00 2.120447e-01
vertex -1.823274e-01 1.286503e+00 2.105150e-01
endloop
endfacet
facet normal 0 0 0
outer loop
vertex 1.416195e-01 6.090899e-01 4.327548e-01
vertex 1.604937e-01 5.957737e-01 4.217686e-01
vertex 1.509127e-01 5.991194e-01 4.498944e-01
endloop
endfacet
facet normal 0 0 0
outer loop
vertex -1.924095e-01 1.182570e+00 2.001845e-01
vertex -1.786576e-01 1.167134e+00 1.987093e-01
vertex -1.828677e-01 1.187247e+00 2.007009e-01
endloop
endfacet
facet normal 0 0 0
outer loop
vertex 5.514098e-02 1.353116e+00 -4.297506e-02
vertex 4.753655e-02 1.368460e+00 -4.149531e-02
vertex 4.982939e-02 1.368913e+00 -3.510725e-02
endloop
endfacet
facet normal 0 0 0
outer loop
vertex 1.546497e-02 1.198078e+00 -5.215615e-02
vertex 1.631497e-02 1.195928e+00 -4.265308e-02
vertex 9.338868e-04 1.188727e+00 -5.315815e-02
endloop
endfacet
facet normal 0 0 0
outer loop
vertex -1.786576e-01 1.167134e+00 1.987093e-01
vertex -1.703309e-01 1.172480e+00 1.992889e-01
vertex -1.828677e-01 1.187247e+00 2.007009e-01
endloop
endfacet
facet normal 0 0 0
outer loop
vertex -1.703309e-01 1.172480e+00 1.992889e-01
vertex -1.692198e-01 1.193825e+00 2.014271e-01
vertex -1.828677e-01 1.187247e+00 2.007009e-01
endloop
endfacet
facet normal 0 0 0
outer loop
vertex 8.603000e-02 1.217077e+00 1.589609e-01
vertex 8.834251e-02 1.214457e+00 1.743159e-01
vertex 7.656001e-02 1.197268e+00 1.569863e-01
endloop
endfacet
facet normal 0 0 0
outer loop
vertex 7.868786e-02 1.194340e+00 1.723012e-01
vertex 7.656001e-02 1.197268e+00 1.569863e-01
vertex 8.834251e-02 1.214457e+00 1.743159e-01
endloop
endfacet
facet normal 0 0 0
outer loop
vertex 3.906703e-03 5.143549e-01 -3.862914e-02
vertex 8.250291e-03 5.585900e-01 -5.978452e-02
vertex 1.091093e-02 4.923167e-01 -7.515747e-02
endloop
endfacet
facet normal 0 0 0
outer loop
vertex -1.699358e-01 9.241086e-01 -1.808922e-01
vertex -1.638751e-01 9.346107e-01 -1.762099e-01
vertex -1.458760e-01 9.111252e-01 -1.653570e-01
endloop
endfacet
facet normal 0 0 0
outer loop
vertex 2.072220e-02 1.184954e+00 4.044520e-03
vertex 3.473369e-02 1.196831e+00 5.278956e-03
vertex 2.463381e-02 1.177848e+00 3.005570e-02
endloop
endfacet
facet normal 0 0 0
outer loop
vertex 8.040562e-02 2.113297e-01 -3.275735e-01
vertex 8.872501e-02 2.409313e-01 -3.299233e-01
vertex 8.043066e-02 2.153253e-01 -3.147118e-01
endloop
endfacet
facet normal 0 0 0
outer loop
vertex 8.040562e-02 2.113297e-01 -3.275735e-01
vertex 8.856373e-02 2.381596e-01 -3.405924e-01
vertex 8.872501e-02 2.409313e-01 -3.299233e-01
endloop
endfacet
facet normal 0 0 0
outer loop
vertex -7.988570e-02 1.357131e+00 -4.541224e-02
vertex -1.019051e-01 1.336388e+00 -4.753400e-02
vertex -1.187864e-01 1.345713e+00 -4.673429e-02
endloop
endfacet
facet normal 0 0 0
outer loop
vertex -1.478983e-02 1.425196e+00 -2.990432e-02
vertex -1.556411e-02 1.423442e+00 -3.641292e-02
vertex -3.156465e-02 1.428915e+00 -3.594843e-02
endloop
endfacet
facet normal 0 0 0
outer loop
vertex -1.478983e-02 1.425196e+00 -2.990432e-02
vertex -3.156465e-02 1.428915e+00 -3.594843e-02
vertex -3.121962e-02 1.430782e+00 -2.943072e-02
endloop
endfacet
facet normal 0 0 0
outer loop
vertex 1.915999e-02 1.282356e+00 -5.227769e-02
vertex 5.875683e-02 1.286114e+00 -5.170751e-02
vertex 5.546164e-02 1.270132e+00 -5.331040e-02
endloop
endfacet
facet normal 0 0 0
outer loop
vertex 4.972560e-02 1.382458e+00 5.104735e-02
vertex 5.694107e-02 1.367385e+00 2.216593e-02
vertex 4.662713e-02 1.382746e+00 2.363140e-02
endloop
endfacet
facet normal 0 0 0
outer loop
vertex 6.752391e-02 1.271729e+00 2.103057e-01
vertex 7.594024e-02 1.292415e+00 2.123941e-01
vertex 4.543718e-02 1.287295e+00 2.117430e-01
endloop
endfacet
facet normal 0 0 0
outer loop
vertex -1.045767e-01 1.466253e-01 1.894398e-01
vertex -1.048681e-01 1.120198e-01 1.861255e-01
vertex -7.375699e-02 1.448030e-01 1.789615e-01
endloop
endfacet
facet normal 0 0 0
outer loop
vertex -3.033399e-01 7.299597e-01 -2.218739e-01
vertex -2.933320e-01 7.520708e-01 -2.478856e-01
vertex -2.969018e-01 7.330175e-01 -2.685652e-01
endloop
endfacet
facet normal 0 0 0
outer loop
vertex -4.914315e-02 1.131789e+00 1.957300e-01
vertex -5.169847e-02 1.148804e+00 1.975202e-01
vertex -6.973093e-02 1.131506e+00 1.956338e-01
endloop
endfacet
facet normal 0 0 0
outer loop
vertex -6.900005e-02 1.120636e+00 1.944693e-01
vertex -4.914315e-02 1.131789e+00 1.957300e-01
vertex -6.973093e-02 1.131506e+00 1.956338e-01
endloop
endfacet
facet normal 0 0 0
outer loop
vertex -6.556378e-02 8.156278e-02 1.419062e-01
vertex -7.187877e-02 6.640901e-02 1.808802e-01
vertex -6.704080e-02 6.476437e-02 1.388426e-01
endloop
endfacet
facet normal 0 0 0
outer loop
vertex -6.706437e-02 4.068077e-02 1.761135e-01
vertex -6.704080e-02 6.476437e-02 1.388426e-01
vertex -7.187877e-02 6.640901e-02 1.808802e-01
endloop
endfacet
facet normal 0 0 0
outer loop
vertex -2.023166e-01 9.600539e-01 -5.241695e-02
vertex -1.912311e-01 9.827790e-01 -2.068065e-02
vertex -1.976682e-01 9.720328e-01 -6.672505e-02
endloop
endfacet
facet normal 0 0 0
outer loop
vertex -2.041052e-01 9.612867e-01 -1.127695e-01
vertex -2.149693e-01 9.341159e-01 -8.863996e-02
vertex -1.976682e-01 9.720328e-01 -6.672505e-02
endloop
endfacet
facet normal 0 0 0
outer loop
vertex -1.578445e-01 1.395463e+00 -3.988208e-02
vertex -1.548669e-01 1.391482e+00 -4.237270e-02
vertex -1.689853e-01 1.382800e+00 -4.119204e-02
endloop
endfacet
facet normal 0 0 0
outer loop
vertex -1.548669e-01 1.391482e+00 -4.237270e-02
vertex -1.578445e-01 1.395463e+00 -3.988208e-02
vertex -1.425874e-01 1.402263e+00 -4.124374e-02
endloop
endfacet
facet normal 0 0 0
outer loop
vertex -1.578445e-01 1.395463e+00 -3.988208e-02
vertex -1.450331e-01 1.406622e+00 -3.871307e-02
vertex -1.425874e-01 1.402263e+00 -4.124374e-02
endloop
endfacet
facet normal 0 0 0
outer loop
vertex -2.121005e-03 1.196691e+00 -6.082631e-02
vertex -5.479824e-03 1.204640e+00 -6.011974e-02
vertex 1.164051e-02 1.205727e+00 -5.993135e-02
endloop
endfacet
facet normal 0 0 0
outer loop
vertex -1.859810e-01 1.272688e+00 -5.424135e-02
vertex -1.855280e-01 1.255097e+00 -5.387002e-02
vertex -1.910252e-01 1.271172e+00 -5.230483e-02
endloop
endfacet
facet normal 0 0 0
outer loop
vertex -7.220529e-02 9.571010e-01 -7.747220e-02
vertex -8.852961e-02 9.939529e-01 -6.925064e-02
vertex -6.976233e-02 1.029393e+00 -6.282605e-02
endloop
endfacet
facet normal 0 0 0
outer loop
vertex 6.652459e-02 1.319913e+00 -3.987389e-02
vertex 6.791201e-02 1.319115e+00 -3.023868e-02
vertex 6.765520e-02 1.302617e+00 -4.158320e-02
endloop
endfacet
facet normal 0 0 0
outer loop
vertex 6.808329e-02 1.172095e+00 1.919236e-01
vertex 5.273589e-02 1.156654e+00 1.805557e-01
vertex 6.770718e-02 1.173347e+00 1.823490e-01
endloop
endfacet
facet normal 0 0 0
outer loop
vertex 6.770718e-02 1.173347e+00 1.823490e-01
vertex 5.273589e-02 1.156654e+00 1.805557e-01
vertex 5.161975e-02 1.159099e+00 1.685766e-01
endloop
endfacet
facet normal 0 0 0
outer loop
vertex 6.770718e-02 1.173347e+00 1.823490e-01
vertex 5.161975e-02 1.159099e+00 1.685766e-01
vertex 6.641473e-02 1.175646e+00 1.703524e-01
endloop
endfacet
facet normal 0 0 0
outer loop
vertex 6.411979e-02 1.381060e+00 1.750754e-01
vertex 6.172753e-02 1.381238e+00 1.552416e-01
vertex 4.776080e-02 1.397111e+00 1.567318e-01
endloop
endfacet
facet normal 0 0 0
outer loop
vertex 6.411979e-02 1.381060e+00 1.750754e-01
vertex 4.776080e-02 1.397111e+00 1.567318e-01
vertex 4.988923e-02 1.397238e+00 1.765943e-01
endloop
endfacet
facet normal 0 0 0
outer loop
vertex -1.169955e-01 1.180144e+00 -4.494266e-02
vertex -1.164066e-01 1.182344e+00 -5.442908e-02
vertex -1.000193e-01 1.176720e+00 -5.491258e-02
endloop
endfacet
facet normal 0 0 0
outer loop
vertex -3.185497e-02 1.179237e+00 -6.059767e-02
vertex -4.830932e-02 1.173124e+00 -5.494963e-02
vertex -4.870772e-02 1.176185e+00 -6.098402e-02
endloop
endfacet
facet normal 0 0 0
outer loop
vertex -8.710711e-02 1.436403e+00 2.257003e-01
vertex -6.512935e-02 1.437714e+00 2.260053e-01
vertex -6.647410e-02 1.444123e+00 2.244560e-01
endloop
endfacet
facet normal 0 0 0
outer loop
vertex 3.247260e-02 3.982271e-01 -1.133969e-02
vertex 1.408786e-02 4.165677e-01 -4.003621e-03
vertex 1.623942e-02 3.685904e-01 -4.373747e-02
endloop
endfacet
facet normal 0 0 0
outer loop
vertex -2.362051e-02 1.440840e+00 1.960687e-01
vertex -4.474605e-02 1.445686e+00 2.086808e-01
vertex -2.264735e-02 1.441311e+00 2.084214e-01
endloop
endfacet
facet normal 0 0 0
outer loop
vertex -1.720793e-01 1.383753e+00 -2.507631e-02
vertex -1.594464e-01 1.396814e+00 -3.342502e-02
vertex -1.709030e-01 1.383841e+00 -3.476729e-02
endloop
endfacet
facet normal 0 0 0
outer loop
vertex -1.943442e-01 1.287834e+00 -5.067087e-02
vertex -1.859810e-01 1.272688e+00 -5.424135e-02
vertex -1.910252e-01 1.271172e+00 -5.230483e-02
endloop
endfacet
facet normal 0 0 0
outer loop
vertex -1.832333e-01 8.990089e-01 -1.905507e-01
vertex -2.117452e-01 9.075338e-01 -1.880096e-01
vertex -1.995124e-01 9.330904e-01 -1.778984e-01
endloop
endfacet
facet normal 0 0 0
outer loop
vertex 4.992700e-02 9.868059e-01 -4.570728e-02
vertex 1.521049e-02 9.491162e-01 -6.262045e-02
vertex 5.822590e-02 1.032146e+00 -6.086789e-02
endloop
endfacet
facet normal 0 0 0
outer loop
vertex -1.169955e-01 1.180144e+00 -4.494266e-02
vertex -1.319254e-01 1.189996e+00 -5.374116e-02
vertex -1.164066e-01 1.182344e+00 -5.442908e-02
endloop
endfacet
facet normal 0 0 0
outer loop
vertex -3.123217e-02 1.176193e+00 -5.456019e-02
vertex -4.830932e-02 1.173124e+00 -5.494963e-02
vertex -3.185497e-02 1.179237e+00 -6.059767e-02
endloop
endfacet
facet normal 0 0 0
outer loop
vertex -1.425874e-01 1.402263e+00 -4.124374e-02
vertex -1.564979e-01 1.348195e+00 -4.667243e-02
vertex -1.548669e-01 1.391482e+00 -4.237270e-02
endloop
endfacet
facet normal 0 0 0
outer loop
vertex 1.355484e-02 1.406654e+00 -3.793513e-02
vertex 1.007431e-02 1.403187e+00 -4.040636e-02
vertex -4.621519e-04 1.415990e+00 -3.707800e-02
endloop
endfacet
facet normal 0 0 0
outer loop
vertex 1.007431e-02 1.403187e+00 -4.040636e-02
vertex -2.999424e-03 1.411815e+00 -3.961480e-02
vertex -4.621519e-04 1.415990e+00 -3.707800e-02
endloop
endfacet
facet normal 0 0 0
outer loop
vertex 6.226968e-02 1.177446e+00 2.008943e-01
vertex 7.866336e-02 1.191784e+00 2.002538e-01
vertex 7.341399e-02 1.194869e+00 2.026568e-01
endloop
endfacet
facet normal 0 0 0
outer loop
vertex 6.226968e-02 1.177446e+00 2.008943e-01
vertex 6.659611e-02 1.173058e+00 1.983478e-01
vertex 7.866336e-02 1.191784e+00 2.002538e-01
endloop
endfacet
facet normal 0 0 0
outer loop
vertex -2.474472e-02 1.196027e+00 2.023771e-01
vertex -7.876672e-03 1.201059e+00 2.029563e-01
vertex -1.463339e-02 1.216963e+00 2.045023e-01
endloop
endfacet
facet normal 0 0 0
outer loop
vertex -2.474472e-02 1.196027e+00 2.023771e-01
vertex -1.463339e-02 1.216963e+00 2.045023e-01
vertex -4.983874e-02 1.210587e+00 2.037012e-01
endloop
endfacet
facet normal 0 0 0
outer loop
vertex -6.466266e-03 1.431125e+00 1.323230e-01
vertex 9.237672e-03 1.421013e+00 9.300105e-02
vertex -8.444412e-03 1.429718e+00 9.377772e-02
endloop
endfacet
facet normal 0 0 0
outer loop
vertex -1.287749e-01 1.411515e+00 -4.025900e-02
vertex -1.308161e-01 1.416073e+00 -3.770653e-02
vertex -1.137635e-01 1.418880e+00 -3.945543e-02
endloop
endfacet
facet normal 0 0 0
outer loop
vertex -1.287749e-01 1.411515e+00 -4.025900e-02
vertex -1.450331e-01 1.406622e+00 -3.871307e-02
vertex -1.308161e-01 1.416073e+00 -3.770653e-02
endloop
endfacet
facet normal 0 0 0
outer loop
vertex -1.308161e-01 1.416073e+00 -3.770653e-02
vertex -1.154528e-01 1.423593e+00 -3.688589e-02
vertex -1.137635e-01 1.418880e+00 -3.945543e-02
endloop
endfacet
facet normal 0 0 0
outer loop
vertex -2.868688e-01 7.641098e-01 -2.340225e-01
vertex -2.899189e-01 7.582972e-01 -2.399624e-01
vertex -2.920250e-01 7.489282e-01 -2.117923e-01
endloop
endfacet
facet normal 0 0 0
outer loop
vertex -2.839203e-01 7.702903e-01 -2.293238e-01
vertex -2.868688e-01 7.641098e-01 -2.340225e-01
vertex -2.874478e-01 7.575145e-01 -2.082024e-01
endloop
endfacet
facet normal 0 0 0
outer loop
vertex 4.806926e-02 1.166914e+00 1.339575e-01
vertex 3.330116e-02 1.148452e+00 1.517864e-01
vertex 3.270965e-02 1.152682e+00 1.315057e-01
endloop
endfacet
facet normal 0 0 0
outer loop
vertex 4.806926e-02 1.166914e+00 1.339575e-01
vertex 4.999060e-02 1.162515e+00 1.533239e-01
vertex 3.330116e-02 1.148452e+00 1.517864e-01
endloop
endfacet
facet normal 0 0 0
outer loop
vertex 5.191343e-02 1.156650e+00 1.965899e-01
vertex 6.808329e-02 1.172095e+00 1.919236e-01
vertex 6.659611e-02 1.173058e+00 1.983478e-01
endloop
endfacet
facet normal 0 0 0
outer loop
vertex -1.430410e-01 -5.547339e-03 1.714219e-01
vertex -1.346339e-01 -8.429510e-03 1.711161e-01
vertex -1.373208e-01 -8.759089e-03 1.964634e-01
endloop
endfacet
facet normal 0 0 0
outer loop
vertex -1.346339e-01 -8.429510e-03 1.711161e-01
vertex -1.243766e-01 -9.028689e-03 1.961821e-01
vertex -1.373208e-01 -8.759089e-03 1.964634e-01
endloop
endfacet
facet normal 0 0 0
outer loop
vertex -1.045767e-01 1.466253e-01 1.894398e-01
vertex -1.353799e-01 1.451014e-01 1.781749e-01
vertex -1.048681e-01 1.120198e-01 1.861255e-01
endloop
endfacet
facet normal 0 0 0
outer loop
vertex -2.419711e-02 7.825307e-01 1.020051e-01
vertex -4.951071e-02 8.182135e-01 1.037234e-01
vertex -8.347378e-02 7.897102e-01 9.997701e-02
endloop
endfacet
facet normal 0 0 0
outer loop
vertex 6.043290e-02 1.248441e+00 -2.504603e-02
vertex 5.251333e-02 1.232569e+00 -2.666375e-02
vertex 5.094862e-02 1.234775e+00 -3.869373e-02
endloop
endfacet
facet normal 0 0 0
outer loop
vertex 5.876526e-02 1.250430e+00 -3.709798e-02
vertex 6.043290e-02 1.248441e+00 -2.504603e-02
vertex 5.094862e-02 1.234775e+00 -3.869373e-02
endloop
endfacet
facet normal 0 0 0
outer loop
vertex -1.358371e-01 6.547536e-01 -1.603124e-03
vertex -1.224756e-01 6.521459e-01 7.311145e-02
vertex -1.211516e-01 6.853029e-01 3.438481e-02
endloop
endfacet
facet normal 0 0 0
outer loop
vertex 1.304793e-01 1.005578e+00 6.169634e-02
vertex 1.231598e-01 1.008497e+00 7.937771e-02
vertex 1.459733e-01 9.761870e-01 8.572426e-02
endloop
endfacet
facet normal 0 0 0
outer loop
vertex 2.644109e-02 1.146360e-01 -4.424361e-01
vertex 4.610782e-02 8.378004e-02 -4.463901e-01
vertex 4.178428e-02 7.575043e-02 -4.436881e-01
endloop
endfacet
facet normal 0 0 0
outer loop
vertex 1.252133e-01 7.605711e-01 2.916248e-01
vertex 1.282917e-01 7.454000e-01 3.075144e-01
vertex 1.444099e-01 7.732452e-01 3.012409e-01
endloop
endfacet
facet normal 0 0 0
outer loop
vertex -7.364074e-02 1.166270e+00 1.991516e-01
vertex -5.955200e-02 1.187877e+00 2.013992e-01
vertex -7.767633e-02 1.185214e+00 2.010444e-01
endloop
endfacet
facet normal 0 0 0
outer loop
vertex -5.955200e-02 1.187877e+00 2.013992e-01
vertex -7.364074e-02 1.166270e+00 1.991516e-01
vertex -5.543473e-02 1.168581e+00 1.994677e-01
endloop
endfacet
facet normal 0 0 0
outer loop
vertex -1.280560e-01 1.197255e+00 -6.144433e-02
vertex -1.410977e-01 1.205870e+00 -6.065019e-02
vertex -1.234973e-01 1.210229e+00 -6.013229e-02
endloop
endfacet
facet normal 0 0 0
outer loop
vertex -9.767687e-02 5.070897e-01 -5.660199e-02
vertex -6.086129e-02 5.136214e-01 -3.775998e-02
vertex -9.852747e-02 4.774496e-01 -3.106358e-02
endloop
endfacet
facet normal 0 0 0
outer loop
vertex 7.028560e-02 6.023042e-02 -4.356006e-01
vertex 6.992680e-02 6.338472e-02 -4.439230e-01
vertex 9.641299e-02 7.473668e-02 -4.355012e-01
endloop
endfacet
facet normal 0 0 0
outer loop
vertex 1.825954e-02 1.126071e+00 2.811808e-02
vertex 1.393108e-02 1.143586e+00 3.074731e-02
vertex 1.853888e-02 1.138694e+00 6.179691e-02
endloop
endfacet
facet normal 0 0 0
outer loop
vertex 2.809887e-02 1.168228e+00 6.730606e-02
vertex 4.160145e-02 1.181904e+00 6.966452e-02
vertex 3.129433e-02 1.158282e+00 1.044633e-01
endloop
endfacet
facet normal 0 0 0
outer loop
vertex 4.551427e-02 1.172860e+00 1.071558e-01
vertex 3.129433e-02 1.158282e+00 1.044633e-01
vertex 4.160145e-02 1.181904e+00 6.966452e-02
endloop
endfacet
facet normal 0 0 0
outer loop
vertex 1.834015e-02 1.423962e+00 2.166336e-01
vertex -2.093853e-03 1.431197e+00 2.235759e-01
vertex 1.731596e-02 1.421577e+00 2.227265e-01
endloop
endfacet
facet normal 0 0 0
outer loop
vertex 1.834015e-02 1.423962e+00 2.166336e-01
vertex -1.521617e-03 1.433781e+00 2.175002e-01
vertex -2.093853e-03 1.431197e+00 2.235759e-01
endloop
endfacet
facet normal 0 0 0
outer loop
vertex 1.804576e-02 1.424405e+00 2.069665e-01
vertex 1.834015e-02 1.423962e+00 2.166336e-01
vertex 3.677761e-02 1.411629e+00 2.155137e-01
endloop
endfacet
facet normal 0 0 0
outer loop
vertex 1.919279e-01 7.019711e-01 3.012095e-01
vertex 1.751887e-01 6.869421e-01 2.916041e-01
vertex 1.723852e-01 6.964577e-01 2.870306e-01
endloop
endfacet
facet normal 0 0 0
outer loop
vertex 1.864729e-01 7.377605e-01 3.074531e-01
vertex 1.870913e-01 7.320453e-01 3.140828e-01
vertex 1.881241e-01 7.179666e-01 2.908181e-01
endloop
endfacet
facet normal 0 0 0
outer loop
vertex 6.809705e-02 1.380331e+00 2.125874e-01
vertex 6.763092e-02 1.380942e+00 2.029371e-01
vertex 5.302264e-02 1.397567e+00 2.044995e-01
endloop
endfacet
facet normal 0 0 0
outer loop
vertex -1.169471e-01 1.425722e+00 -2.064579e-02
vertex -1.326935e-01 1.418028e+00 -2.148552e-02
vertex -1.176913e-01 1.426172e+00 -8.369897e-03
endloop
endfacet
facet normal 0 0 0
outer loop
vertex 6.770718e-02 1.173347e+00 1.823490e-01
vertex 6.641473e-02 1.175646e+00 1.703524e-01
vertex 7.868786e-02 1.194340e+00 1.723012e-01
endloop
endfacet
facet normal 0 0 0
outer loop
vertex -1.278600e-01 1.432335e+00 1.592758e-01
vertex -1.261914e-01 1.431326e+00 1.317580e-01
vertex -1.445555e-01 1.422352e+00 1.307786e-01
endloop
endfacet
facet normal 0 0 0
outer loop
vertex -1.278600e-01 1.432335e+00 1.592758e-01
vertex -1.445555e-01 1.422352e+00 1.307786e-01
vertex -1.466976e-01 1.423133e+00 1.582714e-01
endloop
endfacet
facet normal 0 0 0
outer loop
vertex -5.218806e-02 4.607576e-01 7.195605e-02
vertex -6.340155e-02 4.780678e-01 1.272531e-01
vertex -5.622256e-02 3.954037e-01 1.244376e-01
endloop
endfacet
facet normal 0 0 0
outer loop
vertex 5.753497e-02 1.353344e+00 -3.660846e-02
vertex 5.514098e-02 1.353116e+00 -4.297506e-02
vertex 4.982939e-02 1.368913e+00 -3.510725e-02
endloop
endfacet
facet normal 0 0 0
outer loop
vertex 5.881680e-02 1.352922e+00 -2.693724e-02
vertex 4.982939e-02 1.368913e+00 -3.510725e-02
vertex 5.102613e-02 1.368659e+00 -2.542022e-02
endloop
endfacet
facet normal 0 0 0
outer loop
vertex -2.098175e-01 1.200913e+00 1.715302e-01
vertex -2.114524e-01 1.198830e+00 1.835519e-01
vertex -2.210829e-01 1.218185e+00 1.854250e-01
endloop
endfacet
facet normal 0 0 0
outer loop
vertex -2.074639e-01 1.203715e+00 1.562084e-01
vertex -2.193502e-01 1.220045e+00 1.733806e-01
vertex -2.168541e-01 1.222533e+00 1.580271e-01
endloop
endfacet
facet normal 0 0 0
outer loop
vertex 9.030608e-02 1.341951e+00 2.089127e-01
vertex 9.745995e-02 1.320922e+00 2.068680e-01
vertex 9.689797e-02 1.321750e+00 1.972401e-01
endloop
endfacet
facet normal 0 0 0
outer loop
vertex -2.212159e-01 1.344767e+00 1.979120e-01
vertex -2.195208e-01 1.345237e+00 1.857253e-01
vertex -2.264704e-01 1.324912e+00 1.836870e-01
endloop
endfacet
facet normal 0 0 0
outer loop
vertex -2.282479e-01 1.324217e+00 1.958503e-01
vertex -2.212159e-01 1.344767e+00 1.979120e-01
vertex -2.264704e-01 1.324912e+00 1.836870e-01
endloop
endfacet
facet normal 0 0 0
outer loop
vertex 8.750063e-02 8.506186e-02 -4.464978e-01
vertex 7.784986e-02 9.846412e-02 -4.463054e-01
vertex 8.976051e-02 1.210436e-01 -4.463372e-01
endloop
endfacet
facet normal 0 0 0
outer loop
vertex -1.349294e-01 4.097349e-01 1.643765e-01
vertex -1.023226e-01 3.806673e-01 1.944619e-01
vertex -1.010350e-01 4.151492e-01 1.802009e-01
endloop
endfacet
facet normal 0 0 0
outer loop
vertex -1.093350e-01 1.952551e-02 6.842302e-02
vertex -1.074769e-01 4.240015e-02 7.958195e-02
vertex -8.880278e-02 1.883615e-02 8.270533e-02
endloop
endfacet
facet normal 0 0 0
outer loop
vertex -1.093350e-01 1.952551e-02 6.842302e-02
vertex -8.880278e-02 1.883615e-02 8.270533e-02
vertex -9.226485e-02 4.623004e-03 7.649072e-02
endloop
endfacet
facet normal 0 0 0
outer loop
vertex -5.644856e-02 1.244995e+00 2.070652e-01
vertex -8.539905e-02 1.220015e+00 2.044615e-01
vertex -5.175114e-02 1.227994e+00 2.054201e-01
endloop
endfacet
facet normal 0 0 0
outer loop
vertex 9.112756e-02 1.148115e-01 -3.912687e-01
vertex 6.220362e-02 1.137839e-01 -3.866862e-01
vertex 6.794342e-02 7.340880e-02 -4.036613e-01
endloop
endfacet
facet normal 0 0 0
outer loop
vertex -1.306317e-01 1.192725e+00 -5.979662e-02
vertex -1.410977e-01 1.205870e+00 -6.065019e-02
vertex -1.280560e-01 1.197255e+00 -6.144433e-02
endloop
endfacet
facet normal 0 0 0
outer loop
vertex -1.306317e-01 1.192725e+00 -5.979662e-02
vertex -1.446093e-01 1.202043e+00 -5.893654e-02
vertex -1.410977e-01 1.205870e+00 -6.065019e-02
endloop
endfacet
facet normal 0 0 0
outer loop
vertex -1.198486e-01 1.427481e+00 2.718973e-02
vertex -1.186434e-01 1.426756e+00 7.293388e-03
vertex -1.364190e-01 1.419394e+00 2.630697e-02
endloop
endfacet
facet normal 0 0 0
outer loop
vertex -1.364190e-01 1.419394e+00 2.630697e-02
vertex -1.186434e-01 1.426756e+00 7.293388e-03
vertex -1.348684e-01 1.418822e+00 6.427513e-03
endloop
endfacet
facet normal 0 0 0
outer loop
vertex 6.618673e-02 1.335546e+00 -1.638275e-02
vertex 7.191319e-02 1.316823e+00 -2.593157e-03
vertex 6.967438e-02 1.318109e+00 -1.809081e-02
endloop
endfacet
facet normal 0 0 0
outer loop
vertex 6.447618e-02 1.336318e+00 -2.855298e-02
vertex 6.618673e-02 1.335546e+00 -1.638275e-02
vertex 6.967438e-02 1.318109e+00 -1.809081e-02
endloop
endfacet
facet normal 0 0 0
outer loop
vertex -2.053115e-02 1.244728e+00 -5.620462e-02
vertex -5.014789e-02 1.273403e+00 -5.351079e-02
vertex 1.915999e-02 1.282356e+00 -5.227769e-02
endloop
endfacet
facet normal 0 0 0
outer loop
vertex -5.014789e-02 1.273403e+00 -5.351079e-02
vertex -2.053115e-02 1.244728e+00 -5.620462e-02
vertex -4.710201e-02 1.236736e+00 -5.712764e-02
endloop
endfacet
facet normal 0 0 0
outer loop
vertex -1.425874e-01 1.402263e+00 -4.124374e-02
vertex -1.450331e-01 1.406622e+00 -3.871307e-02
vertex -1.287749e-01 1.411515e+00 -4.025900e-02
endloop
endfacet
facet normal 0 0 0
outer loop
vertex 4.841410e-02 3.186573e-01 -4.291837e-01
vertex 4.863266e-02 3.109587e-01 -4.333250e-01
vertex 3.338526e-02 3.031842e-01 -4.307882e-01
endloop
endfacet
facet normal 0 0 0
outer loop
vertex -8.340631e-02 1.435255e+00 -7.301908e-03
vertex -6.560600e-02 1.435800e+00 -1.939572e-02
vertex -8.311491e-02 1.434684e+00 -1.959191e-02
endloop
endfacet
facet normal 0 0 0
outer loop
vertex -1.316319e-01 5.991845e-01 7.061710e-02
vertex -1.320668e-01 5.851038e-01 7.258335e-02
vertex -9.345010e-02 5.887212e-01 9.757195e-02
endloop
endfacet
facet normal 0 0 0
outer loop
vertex -9.345010e-02 5.887212e-01 9.757195e-02
vertex -1.320668e-01 5.851038e-01 7.258335e-02
vertex -9.486524e-02 5.789959e-01 1.002062e-01
endloop
endfacet
facet normal 0 0 0
outer loop
vertex 9.294671e-02 8.931279e-01 1.712916e-01
vertex 1.284254e-01 8.821141e-01 1.995375e-01
vertex 1.179614e-01 9.116817e-01 1.809414e-01
endloop
endfacet
facet normal 0 0 0
outer loop
vertex 9.294671e-02 8.931279e-01 1.712916e-01
vertex 1.029546e-01 8.660770e-01 1.879126e-01
vertex 1.284254e-01 8.821141e-01 1.995375e-01
endloop
endfacet
facet normal 0 0 0
outer loop
vertex -1.287749e-01 1.411515e+00 -4.025900e-02
vertex -1.137635e-01 1.418880e+00 -3.945543e-02
vertex -1.174614e-01 1.396354e+00 -4.170684e-02
endloop
endfacet
facet normal 0 0 0
outer loop
vertex -1.108314e-01 -2.178485e-03 6.126229e-02
vertex -1.257083e-01 -2.593179e-03 7.685051e-02
vertex -1.104394e-01 5.163395e-03 6.182420e-02
endloop
endfacet
facet normal 0 0 0
outer loop
vertex -1.104394e-01 5.163395e-03 6.182420e-02
vertex -1.257083e-01 -2.593179e-03 7.685051e-02
vertex -1.277048e-01 5.002278e-03 7.746743e-02
endloop
endfacet
facet normal 0 0 0
outer loop
vertex -1.706900e-01 1.270824e+00 -5.435265e-02
vertex -1.731803e-01 1.242068e+00 -5.721303e-02
vertex -1.805843e-01 1.256942e+00 -5.577433e-02
endloop
endfacet
facet normal 0 0 0
outer loop
vertex -1.093350e-01 1.952551e-02 6.842302e-02
vertex -9.226485e-02 4.623004e-03 7.649072e-02
vertex -1.104394e-01 5.163395e-03 6.182420e-02
endloop
endfacet
facet normal 0 0 0
outer loop
vertex 1.546497e-02 1.198078e+00 -5.215615e-02
vertex 9.338868e-04 1.188727e+00 -5.315815e-02
vertex -1.358565e-04 1.191690e+00 -5.920577e-02
endloop
endfacet
facet normal 0 0 0
outer loop
vertex -1.358565e-04 1.191690e+00 -5.920577e-02
vertex 1.416427e-02 1.200932e+00 -5.821541e-02
vertex 1.546497e-02 1.198078e+00 -5.215615e-02
endloop
endfacet
facet normal 0 0 0
outer loop
vertex -1.811824e-01 1.383075e+00 4.991318e-02
vertex -1.686496e-01 1.397261e+00 5.138088e-02
vertex -1.656749e-01 1.397122e+00 2.395585e-02
endloop
endfacet
facet normal 0 0 0
outer loop
vertex -1.365745e-02 1.426008e+00 -7.810317e-03
vertex 1.437808e-03 1.417813e+00 -2.085163e-02
vertex -1.428982e-02 1.425552e+00 -2.016112e-02
endloop
endfacet
facet normal 0 0 0
outer loop
vertex 2.278535e-03 1.418158e+00 -8.578451e-03
vertex 1.437808e-03 1.417813e+00 -2.085163e-02
vertex -1.365745e-02 1.426008e+00 -7.810317e-03
endloop
endfacet
facet normal 0 0 0
outer loop
vertex -2.788473e-01 6.541951e-01 -3.703270e-01
vertex -2.926005e-01 6.276455e-01 -3.702090e-01
vertex -2.999735e-01 6.462113e-01 -3.583203e-01
endloop
endfacet
facet normal 0 0 0
outer loop
vertex -2.871188e-01 6.668720e-01 -3.584198e-01
vertex -2.788473e-01 6.541951e-01 -3.703270e-01
vertex -2.999735e-01 6.462113e-01 -3.583203e-01
endloop
endfacet
facet normal 0 0 0
outer loop
vertex -3.097525e-03 5.363931e-01 -2.100801e-03
vertex 2.941519e-04 4.658646e-01 -2.956383e-02
vertex 5.220316e-03 4.874258e-01 1.086510e-02
endloop
endfacet
facet normal 0 0 0
outer loop
vertex 1.318327e-02 4.367389e-01 1.270184e-02
vertex 5.220316e-03 4.874258e-01 1.086510e-02
vertex 2.941519e-04 4.658646e-01 -2.956383e-02
endloop
endfacet
facet normal 0 0 0
outer loop
vertex -6.850705e-02 1.711959e-02 1.736718e-01
vertex -7.538898e-02 1.748085e-02 1.265256e-01
vertex -7.101502e-02 4.075611e-02 1.330005e-01
endloop
endfacet
facet normal 0 0 0
outer loop
vertex -6.706437e-02 4.068077e-02 1.761135e-01
vertex -6.850705e-02 1.711959e-02 1.736718e-01
vertex -7.101502e-02 4.075611e-02 1.330005e-01
endloop
endfacet
facet normal 0 0 0
outer loop
vertex -1.163571e-01 1.425366e+00 -3.038362e-02
vertex -9.922422e-02 1.429056e+00 -3.626497e-02
vertex -1.154528e-01 1.423593e+00 -3.688589e-02
endloop
endfacet
facet normal 0 0 0
outer loop
vertex -1.836438e-01 1.167343e+00 1.683220e-01
vertex -1.674836e-01 1.153562e+00 1.670252e-01
vertex -1.686903e-01 1.150896e+00 1.789851e-01
endloop
endfacet
facet normal 0 0 0
outer loop
vertex -1.850155e-01 1.164864e+00 1.803020e-01
vertex -1.836438e-01 1.167343e+00 1.683220e-01
vertex -1.686903e-01 1.150896e+00 1.789851e-01
endloop
endfacet
facet normal 0 0 0
outer loop
vertex -9.157768e-02 2.295583e-02 3.060442e-01
vertex -9.725517e-02 3.232792e-02 2.956051e-01
vertex -1.194446e-01 3.248487e-02 3.062557e-01
endloop
endfacet
facet normal 0 0 0
outer loop
vertex -1.446093e-01 1.202043e+00 -5.893654e-02
vertex -1.306317e-01 1.192725e+00 -5.979662e-02
vertex -1.319254e-01 1.189996e+00 -5.374116e-02
endloop
endfacet
facet normal 0 0 0
outer loop
vertex -4.810117e-02 1.434629e+00 -1.942636e-02
vertex -4.792405e-02 1.435200e+00 -7.134017e-03
vertex -3.089508e-02 1.431195e+00 -1.968278e-02
endloop
endfacet
facet normal 0 0 0
outer loop
vertex -3.089508e-02 1.431195e+00 -1.968278e-02
vertex -4.792405e-02 1.435200e+00 -7.134017e-03
vertex -3.048845e-02 1.431723e+00 -7.393509e-03
endloop
endfacet
facet normal 0 0 0
outer loop
vertex -3.121962e-02 1.430782e+00 -2.943072e-02
vertex -4.810117e-02 1.434629e+00 -1.942636e-02
vertex -3.089508e-02 1.431195e+00 -1.968278e-02
endloop
endfacet
facet normal 0 0 0
outer loop
vertex -6.533139e-02 9.422740e-02 1.428270e-01
vertex -6.556378e-02 8.156278e-02 1.419062e-01
vertex -7.584134e-02 9.194639e-02 1.110446e-01
endloop
endfacet
facet normal 0 0 0
outer loop
vertex -6.556378e-02 8.156278e-02 1.419062e-01
vertex -7.603678e-02 8.080537e-02 1.086298e-01
vertex -7.584134e-02 9.194639e-02 1.110446e-01
endloop
endfacet
facet normal 0 0 0
outer loop
vertex 4.274130e-02 1.366662e+00 -4.380859e-02
vertex 3.340026e-02 1.380460e+00 -4.248972e-02
vertex 3.799393e-02 1.382661e+00 -4.013759e-02
endloop
endfacet
facet normal 0 0 0
outer loop
vertex 4.274130e-02 1.366662e+00 -4.380859e-02
vertex 2.878512e-02 1.344671e+00 -4.605699e-02
vertex 3.340026e-02 1.380460e+00 -4.248972e-02
endloop
endfacet
facet normal 0 0 0
outer loop
vertex -6.583061e-02 1.438093e+00 2.850582e-02
vertex -6.573615e-02 1.437136e+00 8.581002e-03
vertex -8.378040e-02 1.435991e+00 8.379380e-03
endloop
endfacet
facet normal 0 0 0
outer loop
vertex -6.583061e-02 1.438093e+00 2.850582e-02
vertex -8.378040e-02 1.435991e+00 8.379380e-03
vertex -8.425117e-02 1.436911e+00 2.829860e-02
endloop
endfacet
facet normal 0 0 0
outer loop
vertex 8.332174e-02 4.390717e-01 -1.634042e-04
vertex 9.363700e-02 4.349048e-01 -6.154631e-02
vertex 9.376170e-02 4.694243e-01 -4.002560e-02
endloop
endfacet
facet normal 0 0 0
outer loop
vertex -1.315358e-01 4.267428e-02 9.265579e-02
vertex -1.074769e-01 4.240015e-02 7.958195e-02
vertex -1.291721e-01 1.960245e-02 8.312714e-02
endloop
endfacet
facet normal 0 0 0
outer loop
vertex -1.291721e-01 1.960245e-02 8.312714e-02
vertex -1.074769e-01 4.240015e-02 7.958195e-02
vertex -1.093350e-01 1.952551e-02 6.842302e-02
endloop
endfacet
facet normal 0 0 0
outer loop
vertex -9.434444e-02 -8.837198e-03 1.711816e-01
vertex -1.090081e-01 -9.189171e-03 1.962243e-01
vertex -1.085001e-01 -8.796163e-03 1.709100e-01
endloop
endfacet
facet normal 0 0 0
outer loop
vertex -1.090081e-01 -9.189171e-03 1.962243e-01
vertex -1.225089e-01 -8.659156e-03 1.708666e-01
vertex -1.085001e-01 -8.796163e-03 1.709100e-01
endloop
endfacet
facet normal 0 0 0
outer loop
vertex -1.225089e-01 -8.659156e-03 1.708666e-01
vertex -1.090081e-01 -9.189171e-03 1.962243e-01
vertex -1.243766e-01 -9.028689e-03 1.961821e-01
endloop
endfacet
facet normal 0 0 0
outer loop
vertex 1.946553e-01 6.920995e-01 3.073129e-01
vertex 1.785525e-01 6.759433e-01 2.969663e-01
vertex 1.751887e-01 6.869421e-01 2.916041e-01
endloop
endfacet
facet normal 0 0 0
outer loop
vertex 1.946553e-01 6.920995e-01 3.073129e-01
vertex 1.751887e-01 6.869421e-01 2.916041e-01
vertex 1.919279e-01 7.019711e-01 3.012095e-01
endloop
endfacet
facet normal 0 0 0
outer loop
vertex -8.673474e-02 1.441778e+00 1.329871e-01
vertex -6.631811e-02 1.443118e+00 1.340493e-01
vertex -6.613645e-02 1.441243e+00 9.463860e-02
endloop
endfacet
facet normal 0 0 0
outer loop
vertex -8.581945e-02 1.439984e+00 9.441759e-02
vertex -8.673474e-02 1.441778e+00 1.329871e-01
vertex -6.613645e-02 1.441243e+00 9.463860e-02
endloop
endfacet
facet normal 0 0 0
outer loop
vertex -9.922422e-02 1.429056e+00 -3.626497e-02
vertex -8.288444e-02 1.434234e+00 -2.934094e-02
vertex -8.241322e-02 1.432346e+00 -3.585670e-02
endloop
endfacet
facet normal 0 0 0
outer loop
vertex -6.901848e-02 1.293913e+00 2.118152e-01
vertex -3.684846e-02 1.286333e+00 2.112322e-01
vertex -1.958320e-02 1.308016e+00 2.134576e-01
endloop
endfacet
facet normal 0 0 0
outer loop
vertex -1.958320e-02 1.308016e+00 2.134576e-01
vertex -5.806882e-02 1.316018e+00 2.140435e-01
vertex -6.901848e-02 1.293913e+00 2.118152e-01
endloop
endfacet
facet normal 0 0 0
outer loop
vertex -7.438052e-02 1.103459e-01 1.756713e-01
vertex -6.505273e-02 1.056921e-01 1.446246e-01
vertex -6.419866e-02 1.393345e-01 1.477900e-01
endloop
endfacet
facet normal 0 0 0
outer loop
vertex -4.474605e-02 1.445686e+00 2.086808e-01
vertex -4.471485e-02 1.445340e+00 2.183522e-01
vertex -2.264735e-02 1.441311e+00 2.084214e-01
endloop
endfacet
facet normal 0 0 0
outer loop
vertex 5.930932e-02 1.188435e+00 1.088008e-01
vertex 6.228736e-02 1.182905e+00 1.356598e-01
vertex 4.551427e-02 1.172860e+00 1.071558e-01
endloop
endfacet
facet normal 0 0 0
outer loop
vertex 4.551427e-02 1.172860e+00 1.071558e-01
vertex 6.228736e-02 1.182905e+00 1.356598e-01
vertex 4.806926e-02 1.166914e+00 1.339575e-01
endloop
endfacet
facet normal 0 0 0
outer loop
vertex 4.806926e-02 1.166914e+00 1.339575e-01
vertex 3.270965e-02 1.152682e+00 1.315057e-01
vertex 4.551427e-02 1.172860e+00 1.071558e-01
endloop
endfacet
facet normal 0 0 0
outer loop
vertex 7.835591e-02 1.362905e+00 1.889708e-01
vertex 7.992662e-02 1.362572e+00 2.011853e-01
vertex 8.976634e-02 1.342701e+00 1.992767e-01
endloop
endfacet
facet normal 0 0 0
outer loop
vertex 8.976634e-02 1.342701e+00 1.992767e-01
vertex 9.515625e-02 1.322539e+00 1.850717e-01
vertex 8.809544e-02 1.343259e+00 1.870848e-01
endloop
endfacet
facet normal 0 0 0
outer loop
vertex -1.971487e-01 8.371416e-01 -1.420145e-01
vertex -1.864864e-01 8.576204e-01 -1.306105e-01
vertex -2.160750e-01 8.658435e-01 -1.281835e-01
endloop
endfacet
facet normal 0 0 0
outer loop
vertex -1.481741e-01 1.145831e+00 1.507965e-01
vertex -1.279749e-01 1.141675e+00 1.306555e-01
vertex -1.293550e-01 1.136969e+00 1.499840e-01
endloop
endfacet
facet normal 0 0 0
outer loop
vertex 5.881680e-02 1.352922e+00 -2.693724e-02
vertex 6.447618e-02 1.336318e+00 -2.855298e-02
vertex 6.312988e-02 1.336924e+00 -3.820660e-02
endloop
endfacet
facet normal 0 0 0
outer loop
vertex 5.881680e-02 1.352922e+00 -2.693724e-02
vertex 6.312988e-02 1.336924e+00 -3.820660e-02
vertex 5.753497e-02 1.353344e+00 -3.660846e-02
endloop
endfacet
facet normal 0 0 0
outer loop
vertex 3.799393e-02 1.382661e+00 -4.013759e-02
vertex 3.340026e-02 1.380460e+00 -4.248972e-02
vertex 2.671629e-02 1.395457e+00 -3.892943e-02
endloop
endfacet
facet normal 0 0 0
outer loop
vertex -1.285743e-02 1.426581e+00 7.792797e-03
vertex -1.183618e-02 1.427309e+00 2.770030e-02
vertex 4.713899e-03 1.419159e+00 2.697311e-02
endloop
endfacet
facet normal 0 0 0
outer loop
vertex 2.278535e-03 1.418158e+00 -8.578451e-03
vertex 4.713899e-03 1.419159e+00 2.697311e-02
vertex 1.836994e-02 1.408570e+00 6.159616e-03
endloop
endfacet
facet normal 0 0 0
outer loop
vertex -1.285743e-02 1.426581e+00 7.792797e-03
vertex 4.713899e-03 1.419159e+00 2.697311e-02
vertex 2.278535e-03 1.418158e+00 -8.578451e-03
endloop
endfacet
facet normal 0 0 0
outer loop
vertex -2.255500e-01 8.451573e-01 -1.397146e-01
vertex -2.430416e-01 8.669705e-01 -1.502703e-01
vertex -2.602075e-01 8.247203e-01 -1.705535e-01
endloop
endfacet
facet normal 0 0 0
outer loop
vertex -1.935148e-01 1.337972e+00 -3.937660e-02
vertex -1.983436e-01 1.320348e+00 -3.143640e-02
vertex -1.949390e-01 1.337396e+00 -2.973518e-02
endloop
endfacet
facet normal 0 0 0
outer loop
vertex -1.935148e-01 1.337972e+00 -3.937660e-02
vertex -1.968861e-01 1.321106e+00 -4.106012e-02
vertex -1.983436e-01 1.320348e+00 -3.143640e-02
endloop
endfacet
facet normal 0 0 0
outer loop
vertex 2.701584e-02 1.320290e+00 2.149041e-01
vertex 6.521293e-02 1.313050e+00 2.143777e-01
vertex 5.996983e-02 1.335156e+00 2.165346e-01
endloop
endfacet
facet normal 0 0 0
outer loop
vertex 1.822443e-02 3.263952e-01 -7.835701e-02
vertex 5.153062e-02 3.197883e-01 -7.232139e-02
vertex 5.130528e-02 3.316289e-01 -5.979999e-02
endloop
endfacet
facet normal 0 0 0
outer loop
vertex 5.111623e-02 2.924927e-01 -1.219918e-01
vertex 5.095135e-02 2.705300e-01 -1.599845e-01
vertex 6.689423e-02 2.760484e-01 -1.651617e-01
endloop
endfacet
facet normal 0 0 0
outer loop
vertex 5.078646e-02 2.485672e-01 -1.979772e-01
vertex 8.194577e-02 2.585862e-01 -2.064853e-01
vertex 6.689423e-02 2.760484e-01 -1.651617e-01
endloop
endfacet
facet normal 0 0 0
outer loop
vertex 9.515625e-02 1.322539e+00 1.850717e-01
vertex 9.265248e-02 1.323462e+00 1.695376e-01
vertex 8.809544e-02 1.343259e+00 1.870848e-01
endloop
endfacet
facet normal 0 0 0
outer loop
vertex -1.225089e-01 -8.659156e-03 1.708666e-01
vertex -1.243766e-01 -9.028689e-03 1.961821e-01
vertex -1.346339e-01 -8.429510e-03 1.711161e-01
endloop
endfacet
facet normal 0 0 0
outer loop
vertex -4.965123e-02 1.181441e+00 -6.257415e-02
vertex -3.313943e-02 1.184437e+00 -6.219476e-02
vertex -4.870772e-02 1.176185e+00 -6.098402e-02
endloop
endfacet
facet normal 0 0 0
outer loop
vertex -3.536499e-02 1.193035e+00 -6.134312e-02
vertex -3.313943e-02 1.184437e+00 -6.219476e-02
vertex -4.965123e-02 1.181441e+00 -6.257415e-02
endloop
endfacet
facet normal 0 0 0
outer loop
vertex 1.748468e-02 7.206907e-01 1.046651e-01
vertex 3.017108e-02 6.403426e-01 1.115932e-01
vertex 5.065679e-02 7.248666e-01 8.332002e-02
endloop
endfacet
facet normal 0 0 0
outer loop
vertex -1.237175e-01 1.156052e+00 6.630482e-02
vertex -1.383378e-01 1.172122e+00 2.939402e-02
vertex -1.213941e-01 1.163971e+00 2.868070e-02
endloop
endfacet
facet normal 0 0 0
outer loop
vertex 7.176060e-02 1.603053e-01 -4.457035e-01
vertex 5.593398e-02 1.597933e-01 -4.456716e-01
vertex 6.863488e-02 1.836470e-01 -4.454265e-01
endloop
endfacet
facet normal 0 0 0
outer loop
vertex 6.852347e-02 7.256367e-02 -4.465939e-01
vertex 6.992680e-02 6.338472e-02 -4.439230e-01
vertex 4.178428e-02 7.575043e-02 -4.436881e-01
endloop
endfacet
facet normal 0 0 0
outer loop
vertex -1.980182e-01 1.179986e+00 1.977862e-01
vertex -1.998568e-01 1.179701e+00 1.914179e-01
vertex -1.855027e-01 1.163444e+00 1.898623e-01
endloop
endfacet
facet normal 0 0 0
outer loop
vertex -1.838168e-01 1.163926e+00 1.962497e-01
vertex -1.980182e-01 1.179986e+00 1.977862e-01
vertex -1.855027e-01 1.163444e+00 1.898623e-01
endloop
endfacet
facet normal 0 0 0
outer loop
vertex -1.520280e-01 9.008350e-01 -1.702251e-01
vertex -1.699358e-01 9.241086e-01 -1.808922e-01
vertex -1.458760e-01 9.111252e-01 -1.653570e-01
endloop
endfacet
facet normal 0 0 0
outer loop
vertex -8.566681e-02 7.146336e-01 1.002010e-01
vertex -1.215631e-01 7.887421e-01 7.388348e-02
vertex -1.099111e-01 7.126966e-01 6.666479e-02
endloop
endfacet
facet normal 0 0 0
outer loop
vertex -9.407035e-02 1.182316e+00 2.006709e-01
vertex -1.022068e-01 1.216071e+00 2.039842e-01
vertex -1.103791e-01 1.180014e+00 2.003562e-01
endloop
endfacet
facet normal 0 0 0
outer loop
vertex -1.191139e-01 1.211760e+00 2.034696e-01
vertex -1.186185e-01 1.194279e+00 2.017337e-01
vertex -1.022068e-01 1.216071e+00 2.039842e-01
endloop
endfacet
facet normal 0 0 0
outer loop
vertex -1.022068e-01 1.216071e+00 2.039842e-01
vertex -1.186185e-01 1.194279e+00 2.017337e-01
vertex -1.103791e-01 1.180014e+00 2.003562e-01
endloop
endfacet
facet normal 0 0 0
outer loop
vertex -1.480578e-01 -6.130972e-03 2.202237e-01
vertex -1.460726e-01 -5.832537e-03 1.967091e-01
vertex -1.395873e-01 -9.235531e-03 2.197296e-01
endloop
endfacet
facet normal 0 0 0
outer loop
vertex -1.460726e-01 -5.832537e-03 1.967091e-01
vertex -1.373208e-01 -8.759089e-03 1.964634e-01
vertex -1.395873e-01 -9.235531e-03 2.197296e-01
endloop
endfacet
facet normal 0 0 0
outer loop
vertex 1.474626e-01 9.076346e-01 7.687060e-02
vertex 1.567024e-01 9.250352e-01 7.676364e-02
vertex 1.677656e-01 8.871431e-01 1.083275e-01
endloop
endfacet
facet normal 0 0 0
outer loop
vertex 9.395481e-02 1.303954e+00 1.477834e-01
vertex 8.587570e-02 1.326534e+00 1.225344e-01
vertex 8.973052e-02 1.324750e+00 1.498114e-01
endloop
endfacet
facet normal 0 0 0
outer loop
vertex 1.787739e-02 1.336439e+00 2.164456e-01
vertex -5.806882e-02 1.316018e+00 2.140435e-01
vertex -1.958320e-02 1.308016e+00 2.134576e-01
endloop
endfacet
facet normal 0 0 0
outer loop
vertex 8.051001e-02 2.566969e-01 -4.307513e-01
vertex 8.943138e-02 2.075600e-01 -4.328006e-01
vertex 8.646268e-02 2.083951e-01 -4.414082e-01
endloop
endfacet
facet normal 0 0 0
outer loop
vertex 2.334228e-02 1.069972e+00 1.153040e-01
vertex 2.433784e-02 9.968767e-01 1.234232e-01
vertex 5.877368e-02 1.001885e+00 1.141748e-01
endloop
endfacet
facet normal 0 0 0
outer loop
vertex -3.499682e-02 1.232208e+00 2.059190e-01
vertex -4.983874e-02 1.210587e+00 2.037012e-01
vertex -1.463339e-02 1.216963e+00 2.045023e-01
endloop
endfacet
facet normal 0 0 0
outer loop
vertex -3.499682e-02 1.232208e+00 2.059190e-01
vertex -5.175114e-02 1.227994e+00 2.054201e-01
vertex -4.983874e-02 1.210587e+00 2.037012e-01
endloop
endfacet
facet normal 0 0 0
outer loop
vertex -1.838168e-01 1.163926e+00 1.962497e-01
vertex -1.786576e-01 1.167134e+00 1.987093e-01
vertex -1.924095e-01 1.182570e+00 2.001845e-01
endloop
endfacet
facet normal 0 0 0
outer loop
vertex -1.923328e-01 1.246020e+00 2.064727e-01
vertex -1.862387e-01 1.227586e+00 2.046860e-01
vertex -1.621310e-01 1.233205e+00 2.053658e-01
endloop
endfacet
facet normal 0 0 0
outer loop
vertex 8.328768e-02 1.220436e+00 1.394502e-01
vertex 8.603000e-02 1.217077e+00 1.589609e-01
vertex 7.656001e-02 1.197268e+00 1.569863e-01
endloop
endfacet
facet normal 0 0 0
outer loop
vertex 7.656001e-02 1.197268e+00 1.569863e-01
vertex 7.403849e-02 1.201012e+00 1.375289e-01
vertex 8.328768e-02 1.220436e+00 1.394502e-01
endloop
endfacet
facet normal 0 0 0
outer loop
vertex -6.901848e-02 1.293913e+00 2.118152e-01
vertex -5.806882e-02 1.316018e+00 2.140435e-01
vertex -7.479772e-02 1.311738e+00 2.135362e-01
endloop
endfacet
facet normal 0 0 0
outer loop
vertex -4.589860e-02 1.441710e+00 1.331799e-01
vertex -2.711479e-02 1.436070e+00 9.431631e-02
vertex -4.645469e-02 1.439917e+00 9.460328e-02
endloop
endfacet
facet normal 0 0 0
outer loop
vertex 8.765672e-02 1.070280e+00 2.213193e-02
vertex 8.430302e-02 1.063258e+00 5.946200e-02
vertex 9.630683e-02 1.061168e+00 2.316835e-02
endloop
endfacet
facet normal 0 0 0
outer loop
vertex -9.187798e-02 1.153980e-02 3.058705e-01
vertex -1.211944e-01 2.139930e-02 3.197541e-01
vertex -1.214782e-01 1.122138e-02 3.196076e-01
endloop
endfacet
facet normal 0 0 0
outer loop
vertex -9.157768e-02 2.295583e-02 3.060442e-01
vertex -1.211944e-01 2.139930e-02 3.197541e-01
vertex -9.187798e-02 1.153980e-02 3.058705e-01
endloop
endfacet
facet normal 0 0 0
outer loop
vertex -1.194446e-01 3.248487e-02 3.062557e-01
vertex -1.393595e-01 3.294275e-02 2.956534e-01
vertex -1.477772e-01 2.372435e-02 3.061754e-01
endloop
endfacet
facet normal 0 0 0
outer loop
vertex 1.805366e-01 8.508792e-01 1.388041e-01
vertex 1.774728e-01 8.800774e-01 1.607144e-01
vertex 1.801440e-01 8.689179e-01 1.703691e-01
endloop
endfacet
facet normal 0 0 0
outer loop
vertex -2.093853e-03 1.431197e+00 2.235759e-01
vertex -2.266170e-02 1.438255e+00 2.241636e-01
vertex -2.314650e-02 1.431892e+00 2.256452e-01
endloop
endfacet
facet normal 0 0 0
outer loop
vertex -4.406981e-02 1.442585e+00 2.244831e-01
vertex -4.377247e-02 1.436143e+00 2.259605e-01
vertex -2.266170e-02 1.438255e+00 2.241636e-01
endloop
endfacet
facet normal 0 0 0
outer loop
vertex 1.416427e-02 1.200932e+00 -5.821541e-02
vertex -2.121005e-03 1.196691e+00 -6.082631e-02
vertex 1.164051e-02 1.205727e+00 -5.993135e-02
endloop
endfacet
facet normal 0 0 0
outer loop
vertex -8.305753e-02 1.181665e+00 -6.278245e-02
vertex -6.636621e-02 1.180593e+00 -6.273684e-02
vertex -8.285349e-02 1.176608e+00 -6.110347e-02
endloop
endfacet
facet normal 0 0 0
outer loop
vertex -8.285349e-02 1.176608e+00 -6.110347e-02
vertex -6.636621e-02 1.180593e+00 -6.273684e-02
vertex -6.580336e-02 1.175316e+00 -6.114999e-02
endloop
endfacet
facet normal 0 0 0
outer loop
vertex 4.911847e-02 2.898580e-01 -4.363013e-01
vertex 4.863266e-02 3.109587e-01 -4.333250e-01
vertex 6.054382e-02 2.973756e-01 -4.351166e-01
endloop
endfacet
facet normal 0 0 0
outer loop
vertex 5.717462e-02 2.822197e-01 -4.372821e-01
vertex 4.911847e-02 2.898580e-01 -4.363013e-01
vertex 6.054382e-02 2.973756e-01 -4.351166e-01
endloop
endfacet
facet normal 0 0 0
outer loop
vertex -1.764589e-01 1.180055e+00 1.067490e-01
vertex -1.610559e-01 1.167365e+00 1.056567e-01
vertex -1.637956e-01 1.161373e+00 1.323828e-01
endloop
endfacet
facet normal 0 0 0
outer loop
vertex 6.792457e-02 1.089679e+00 4.028542e-02
vertex 6.649908e-02 1.087500e+00 -1.485756e-02
vertex 5.142637e-02 1.096921e+00 -4.863064e-04
endloop
endfacet
facet normal 0 0 0
outer loop
vertex -2.120274e-01 1.197583e+00 1.931310e-01
vertex -2.114524e-01 1.198830e+00 1.835519e-01
vertex -1.998568e-01 1.179701e+00 1.914179e-01
endloop
endfacet
facet normal 0 0 0
outer loop
vertex 1.849775e-01 7.618278e-01 2.832640e-01
vertex 1.859884e-01 7.447278e-01 3.009656e-01
vertex 1.860249e-01 7.434136e-01 2.646917e-01
endloop
endfacet
facet normal 0 0 0
outer loop
vertex 1.859884e-01 7.447278e-01 3.009656e-01
vertex 1.872917e-01 7.254300e-01 2.847444e-01
vertex 1.860249e-01 7.434136e-01 2.646917e-01
endloop
endfacet
facet normal 0 0 0
outer loop
vertex -8.294514e-02 1.173546e+00 -5.507174e-02
vertex -6.580336e-02 1.175316e+00 -6.114999e-02
vertex -6.563775e-02 1.172247e+00 -5.511718e-02
endloop
endfacet
facet normal 0 0 0
outer loop
vertex -6.563775e-02 1.172247e+00 -5.511718e-02
vertex -6.568690e-02 1.169962e+00 -4.563145e-02
vertex -8.317596e-02 1.171270e+00 -4.558638e-02
endloop
endfacet
facet normal 0 0 0
outer loop
vertex 7.479116e-02 1.315164e+00 1.709555e-02
vertex 7.191319e-02 1.316823e+00 -2.593157e-03
vertex 7.114968e-02 1.333299e+00 1.887012e-02
endloop
endfacet
facet normal 0 0 0
outer loop
vertex 4.924548e-03 5.876686e-01 -6.155231e-02
vertex 3.941754e-02 6.098087e-01 -8.542595e-02
vertex 4.276738e-02 6.002887e-01 -8.279500e-02
endloop
endfacet
facet normal 0 0 0
outer loop
vertex -2.249669e-01 1.306523e+00 1.464304e-01
vertex -2.238972e-01 1.325723e+00 1.681636e-01
vertex -2.209473e-01 1.326834e+00 1.484488e-01
endloop
endfacet
facet normal 0 0 0
outer loop
vertex -2.279942e-01 1.305041e+00 1.661085e-01
vertex -2.238972e-01 1.325723e+00 1.681636e-01
vertex -2.249669e-01 1.306523e+00 1.464304e-01
endloop
endfacet
facet normal 0 0 0
outer loop
vertex -2.920250e-01 7.489282e-01 -2.117923e-01
vertex -2.899189e-01 7.582972e-01 -2.399624e-01
vertex -2.973156e-01 7.398962e-01 -2.158543e-01
endloop
endfacet
facet normal 0 0 0
outer loop
vertex -2.973156e-01 7.398962e-01 -2.158543e-01
vertex -2.933320e-01 7.520708e-01 -2.478856e-01
vertex -3.033399e-01 7.299597e-01 -2.218739e-01
endloop
endfacet
facet normal 0 0 0
outer loop
vertex 8.063609e-02 1.250506e+00 7.657419e-02
vertex 7.506485e-02 1.256239e+00 3.869148e-02
vertex 8.448901e-02 1.269964e+00 7.852509e-02
endloop
endfacet
facet normal 0 0 0
outer loop
vertex -3.313943e-02 1.184437e+00 -6.219476e-02
vertex -3.536499e-02 1.193035e+00 -6.134312e-02
vertex -1.720122e-02 1.189550e+00 -6.161144e-02
endloop
endfacet
facet normal 0 0 0
outer loop
vertex -1.720122e-02 1.189550e+00 -6.161144e-02
vertex -3.536499e-02 1.193035e+00 -6.134312e-02
vertex -1.994279e-02 1.197953e+00 -6.078177e-02
endloop
endfacet
facet normal 0 0 0
outer loop
vertex 1.495515e-01 9.430991e-01 1.309555e-01
vertex 1.287360e-01 9.850273e-01 1.201115e-01
vertex 1.385346e-01 9.524862e-01 1.455355e-01
endloop
endfacet
facet normal 0 0 0
outer loop
vertex -3.450215e-03 1.432860e+00 1.798297e-01
vertex -2.491870e-02 1.438884e+00 1.604280e-01
vertex -2.422853e-02 1.439843e+00 1.803568e-01
endloop
endfacet
facet normal 0 0 0
outer loop
vertex -2.491870e-02 1.438884e+00 1.604280e-01
vertex -3.450215e-03 1.432860e+00 1.798297e-01
vertex -5.055252e-03 1.432137e+00 1.598561e-01
endloop
endfacet
facet normal 0 0 0
outer loop
vertex -1.176913e-01 1.426172e+00 -8.369897e-03
vertex -1.336503e-01 1.418381e+00 -9.220340e-03
vertex -1.186434e-01 1.426756e+00 7.293388e-03
endloop
endfacet
facet normal 0 0 0
outer loop
vertex -1.176913e-01 1.426172e+00 -8.369897e-03
vertex -1.326935e-01 1.418028e+00 -2.148552e-02
vertex -1.336503e-01 1.418381e+00 -9.220340e-03
endloop
endfacet
facet normal 0 0 0
outer loop
vertex -1.336503e-01 1.418381e+00 -9.220340e-03
vertex -1.348684e-01 1.418822e+00 6.427513e-03
vertex -1.186434e-01 1.426756e+00 7.293388e-03
endloop
endfacet
facet normal 0 0 0
outer loop
vertex 6.808329e-02 1.172095e+00 1.919236e-01
vertex 8.045469e-02 1.191285e+00 1.938794e-01
vertex 6.659611e-02 1.173058e+00 1.983478e-01
endloop
endfacet
facet normal 0 0 0
outer loop
vertex 6.659611e-02 1.173058e+00 1.983478e-01
vertex 8.045469e-02 1.191285e+00 1.938794e-01
vertex 7.866336e-02 1.191784e+00 2.002538e-01
endloop
endfacet
facet normal 0 0 0
outer loop
vertex 2.251853e-02 1.392718e+00 -4.133273e-02
vertex 1.355484e-02 1.406654e+00 -3.793513e-02
vertex 2.671629e-02 1.395457e+00 -3.892943e-02
endloop
endfacet
facet normal 0 0 0
outer loop
vertex 1.007431e-02 1.403187e+00 -4.040636e-02
vertex 1.355484e-02 1.406654e+00 -3.793513e-02
vertex 2.251853e-02 1.392718e+00 -4.133273e-02
endloop
endfacet
facet normal 0 0 0
outer loop
vertex 4.178428e-02 7.575043e-02 -4.436881e-01
vertex 4.610782e-02 8.378004e-02 -4.463901e-01
vertex 6.852347e-02 7.256367e-02 -4.465939e-01
endloop
endfacet
facet normal 0 0 0
outer loop
vertex -2.121005e-03 1.196691e+00 -6.082631e-02
vertex -1.994279e-02 1.197953e+00 -6.078177e-02
vertex -5.479824e-03 1.204640e+00 -6.011974e-02
endloop
endfacet
facet normal 0 0 0
outer loop
vertex -8.294514e-02 1.173546e+00 -5.507174e-02
vertex -8.285349e-02 1.176608e+00 -6.110347e-02
vertex -6.580336e-02 1.175316e+00 -6.114999e-02
endloop
endfacet
facet normal 0 0 0
outer loop
vertex -1.480763e-01 1.213221e-02 3.060028e-01
vertex -1.217751e-01 3.859249e-04 3.194548e-01
vertex -1.214782e-01 1.122138e-02 3.196076e-01
endloop
endfacet
facet normal 0 0 0
outer loop
vertex -1.211944e-01 2.139930e-02 3.197541e-01
vertex -1.480763e-01 1.213221e-02 3.060028e-01
vertex -1.214782e-01 1.122138e-02 3.196076e-01
endloop
endfacet
facet normal 0 0 0
outer loop
vertex -1.477772e-01 2.372435e-02 3.061754e-01
vertex -1.480763e-01 1.213221e-02 3.060028e-01
vertex -1.211944e-01 2.139930e-02 3.197541e-01
endloop
endfacet
facet normal 0 0 0
outer loop
vertex -5.169847e-02 1.148804e+00 1.975202e-01
vertex -5.543473e-02 1.168581e+00 1.994677e-01
vertex -7.112227e-02 1.147582e+00 1.973178e-01
endloop
endfacet
facet normal 0 0 0
outer loop
vertex -1.825443e-01 1.335274e+00 2.153207e-01
vertex -1.838108e-01 1.349148e+00 2.166778e-01
vertex -2.020569e-01 1.336407e+00 2.153346e-01
endloop
endfacet
facet normal 0 0 0
outer loop
vertex 6.649908e-02 1.087500e+00 -1.485756e-02
vertex 6.792457e-02 1.089679e+00 4.028542e-02
vertex 7.849894e-02 1.081611e+00 3.300387e-02
endloop
endfacet
facet normal 0 0 0
outer loop
vertex 1.430675e-02 1.422726e+00 1.590811e-01
vertex 1.187514e-02 1.422101e+00 1.315179e-01
vertex -5.055252e-03 1.432137e+00 1.598561e-01
endloop
endfacet
facet normal 0 0 0
outer loop
vertex 4.858032e-02 1.192924e+00 2.023685e-01
vertex 5.590115e-02 1.184537e+00 2.015468e-01
vertex 6.603061e-02 1.199473e+00 2.030950e-01
endloop
endfacet
facet normal 0 0 0
outer loop
vertex 6.460793e-02 1.233953e+00 2.065449e-01
vertex 5.129695e-02 1.219533e+00 2.050490e-01
vertex 6.336680e-02 1.218472e+00 2.049957e-01
endloop
endfacet
facet normal 0 0 0
outer loop
vertex 9.745995e-02 1.320922e+00 2.068680e-01
vertex 9.541985e-02 1.319759e+00 2.130755e-01
vertex 1.018596e-01 1.299058e+00 2.047305e-01
endloop
endfacet
facet normal 0 0 0
outer loop
vertex -9.005645e-02 1.117791e+00 1.759414e-01
vertex -6.856225e-02 1.115221e+00 1.757169e-01
vertex -9.017203e-02 1.116020e+00 1.854622e-01
endloop
endfacet
facet normal 0 0 0
outer loop
vertex -1.699358e-01 9.241086e-01 -1.808922e-01
vertex -1.520280e-01 9.008350e-01 -1.702251e-01
vertex -1.832333e-01 8.990089e-01 -1.905507e-01
endloop
endfacet
facet normal 0 0 0
outer loop
vertex 1.677656e-01 8.871431e-01 1.083275e-01
vertex 1.666854e-01 9.085867e-01 1.398815e-01
vertex 1.780467e-01 8.605568e-01 1.292138e-01
endloop
endfacet
facet normal 0 0 0
outer loop
vertex -8.710711e-02 1.436403e+00 2.257003e-01
vertex -8.833085e-02 1.442740e+00 2.242122e-01
vertex -1.082231e-01 1.432282e+00 2.251885e-01
endloop
endfacet
facet normal 0 0 0
outer loop
vertex -8.710711e-02 1.436403e+00 2.257003e-01
vertex -6.647410e-02 1.444123e+00 2.244560e-01
vertex -8.833085e-02 1.442740e+00 2.242122e-01
endloop
endfacet
facet normal 0 0 0
outer loop
vertex 1.743583e-02 1.193170e+00 -3.066603e-02
vertex 1.882377e-02 1.189646e+00 -1.538315e-02
vertex 2.526741e-03 1.183661e+00 -3.168467e-02
endloop
endfacet
facet normal 0 0 0
outer loop
vertex -1.101374e-01 1.441535e+00 2.079499e-01
vertex -8.858671e-02 1.445761e+00 2.084741e-01
vertex -1.096093e-01 1.440986e+00 1.956632e-01
endloop
endfacet
facet normal 0 0 0
outer loop
vertex -1.096093e-01 1.440986e+00 1.956632e-01
vertex -1.309461e-01 1.434540e+00 2.071546e-01
vertex -1.101374e-01 1.441535e+00 2.079499e-01
endloop
endfacet
facet normal 0 0 0
outer loop
vertex 1.480545e-01 9.546546e-01 5.209097e-02
vertex 1.576664e-01 9.308878e-01 9.738292e-02
vertex 1.567024e-01 9.250352e-01 7.676364e-02
endloop
endfacet
facet normal 0 0 0
outer loop
vertex 7.191319e-02 1.316823e+00 -2.593157e-03
vertex 6.836095e-02 1.334565e+00 -8.557974e-04
vertex 7.114968e-02 1.333299e+00 1.887012e-02
endloop
endfacet
facet normal 0 0 0
outer loop
vertex 1.623942e-02 3.685904e-01 -4.373747e-02
vertex 1.775705e-02 3.382848e-01 -6.625780e-02
vertex 5.042768e-02 3.611780e-01 -3.601117e-02
endloop
endfacet
facet normal 0 0 0
outer loop
vertex 5.042768e-02 3.611780e-01 -3.601117e-02
vertex 1.775705e-02 3.382848e-01 -6.625780e-02
vertex 5.130528e-02 3.316289e-01 -5.979999e-02
endloop
endfacet
facet normal 0 0 0
outer loop
vertex -7.071528e-02 1.573958e-02 2.212216e-01
vertex -7.651354e-02 2.938518e-02 2.655523e-01
vertex -7.689068e-02 1.364650e-02 2.651692e-01
endloop
endfacet
facet normal 0 0 0
outer loop
vertex -2.429744e-02 1.210725e+00 -5.960273e-02
vertex -4.710201e-02 1.236736e+00 -5.712764e-02
vertex -2.053115e-02 1.244728e+00 -5.620462e-02
endloop
endfacet
facet normal 0 0 0
outer loop
vertex -1.291104e-01 1.433172e+00 1.791830e-01
vertex -1.088561e-01 1.439990e+00 1.799579e-01
vertex -1.278600e-01 1.432335e+00 1.592758e-01
endloop
endfacet
facet normal 0 0 0
outer loop
vertex -1.403224e-01 2.560388e-01 1.351624e-01
vertex -1.351576e-01 2.929845e-01 1.179695e-01
vertex -1.346737e-01 2.137353e-01 1.189197e-01
endloop
endfacet
facet normal 0 0 0
outer loop
vertex -1.403224e-01 2.560388e-01 1.351624e-01
vertex -1.346737e-01 2.137353e-01 1.189197e-01
vertex -1.454871e-01 2.190931e-01 1.523552e-01
endloop
endfacet
facet normal 0 0 0
outer loop
vertex 5.083424e-03 1.398219e+00 -4.092330e-02
vertex -2.999424e-03 1.411815e+00 -3.961480e-02
vertex 1.007431e-02 1.403187e+00 -4.040636e-02
endloop
endfacet
facet normal 0 0 0
outer loop
vertex -8.957770e-03 1.387280e+00 -4.207651e-02
vertex -1.909470e-02 1.384152e+00 -4.243618e-02
vertex -2.999424e-03 1.411815e+00 -3.961480e-02
endloop
endfacet
facet normal 0 0 0
outer loop
vertex -1.077817e-03 1.392436e+00 -4.152675e-02
vertex -8.957770e-03 1.387280e+00 -4.207651e-02
vertex -2.999424e-03 1.411815e+00 -3.961480e-02
endloop
endfacet
facet normal 0 0 0
outer loop
vertex -1.909470e-02 1.384152e+00 -4.243618e-02
vertex -1.702093e-02 1.418811e+00 -3.898959e-02
vertex -2.999424e-03 1.411815e+00 -3.961480e-02
endloop
endfacet
facet normal 0 0 0
outer loop
vertex 5.083424e-03 1.398219e+00 -4.092330e-02
vertex -1.077817e-03 1.392436e+00 -4.152675e-02
vertex -2.999424e-03 1.411815e+00 -3.961480e-02
endloop
endfacet
facet normal 0 0 0
outer loop
vertex 8.033413e-02 6.280563e-01 -5.956602e-02
vertex 9.579450e-02 6.095734e-01 9.283743e-03
vertex 8.081054e-02 6.143036e-01 -6.027610e-02
endloop
endfacet
facet normal 0 0 0
outer loop
vertex 9.530320e-02 5.945737e-01 5.134078e-03
vertex 8.081054e-02 6.143036e-01 -6.027610e-02
vertex 9.579450e-02 6.095734e-01 9.283743e-03
endloop
endfacet
facet normal 0 0 0
outer loop
vertex -1.478983e-02 1.425196e+00 -2.990432e-02
vertex -3.121962e-02 1.430782e+00 -2.943072e-02
vertex -1.428982e-02 1.425552e+00 -2.016112e-02
endloop
endfacet
facet normal 0 0 0
outer loop
vertex -4.870772e-02 1.176185e+00 -6.098402e-02
vertex -3.313943e-02 1.184437e+00 -6.219476e-02
vertex -3.185497e-02 1.179237e+00 -6.059767e-02
endloop
endfacet
facet normal 0 0 0
outer loop
vertex -7.071528e-02 1.573958e-02 2.212216e-01
vertex -7.028233e-02 3.583216e-02 2.217960e-01
vertex -7.651354e-02 2.938518e-02 2.655523e-01
endloop
endfacet
facet normal 0 0 0
outer loop
vertex -2.054732e-01 1.316626e+00 1.584058e-02
vertex -2.095720e-01 1.314485e+00 4.303769e-02
vertex -2.019131e-01 1.334539e+00 1.762495e-02
endloop
endfacet
facet normal 0 0 0
outer loop
vertex -6.566986e-02 1.436449e+00 -5.881026e-03
vertex -8.378040e-02 1.435991e+00 8.379380e-03
vertex -6.573615e-02 1.437136e+00 8.581002e-03
endloop
endfacet
facet normal 0 0 0
outer loop
vertex -8.378040e-02 1.435991e+00 8.379380e-03
vertex -6.566986e-02 1.436449e+00 -5.881026e-03
vertex -8.340631e-02 1.435255e+00 -7.301908e-03
endloop
endfacet
facet normal 0 0 0
outer loop
vertex -6.560600e-02 1.435800e+00 -1.939572e-02
vertex -8.340631e-02 1.435255e+00 -7.301908e-03
vertex -6.566986e-02 1.436449e+00 -5.881026e-03
endloop
endfacet
facet normal 0 0 0
outer loop
vertex -3.121962e-02 1.430782e+00 -2.943072e-02
vertex -3.089508e-02 1.431195e+00 -1.968278e-02
vertex -1.428982e-02 1.425552e+00 -2.016112e-02
endloop
endfacet
facet normal 0 0 0
outer loop
vertex -3.123217e-02 1.176193e+00 -5.456019e-02
vertex -4.817098e-02 1.170824e+00 -4.546459e-02
vertex -4.830932e-02 1.173124e+00 -5.494963e-02
endloop
endfacet
facet normal 0 0 0
outer loop
vertex -1.168640e-01 4.744499e-01 -1.610756e-02
vertex -9.852747e-02 4.774496e-01 -3.106358e-02
vertex -9.963030e-02 4.390201e-01 2.048048e-03
endloop
endfacet
facet normal 0 0 0
outer loop
vertex -9.963030e-02 4.390201e-01 2.048048e-03
vertex -9.852747e-02 4.774496e-01 -3.106358e-02
vertex -6.086129e-02 5.136214e-01 -3.775998e-02
endloop
endfacet
facet normal 0 0 0
outer loop
vertex -1.471348e-02 1.372968e+00 -4.347872e-02
vertex 2.878512e-02 1.344671e+00 -4.605699e-02
vertex -2.350795e-02 1.356935e+00 -4.510974e-02
endloop
endfacet
facet normal 0 0 0
outer loop
vertex -2.350795e-02 1.356935e+00 -4.510974e-02
vertex -2.761518e-02 1.369515e+00 -4.392900e-02
vertex -1.471348e-02 1.372968e+00 -4.347872e-02
endloop
endfacet
facet normal 0 0 0
outer loop
vertex 1.633915e-01 6.150009e-01 4.383858e-01
vertex 1.445170e-01 6.283174e-01 4.493730e-01
vertex 1.509127e-01 5.991194e-01 4.498944e-01
endloop
endfacet
facet normal 0 0 0
outer loop
vertex 2.671629e-02 1.395457e+00 -3.892943e-02
vertex 3.340026e-02 1.380460e+00 -4.248972e-02
vertex 2.251853e-02 1.392718e+00 -4.133273e-02
endloop
endfacet
facet normal 0 0 0
outer loop
vertex 4.662042e-02 1.391527e+00 2.220233e-01
vertex 6.065262e-02 1.375691e+00 2.205358e-01
vertex 5.173084e-02 1.395225e+00 2.203037e-01
endloop
endfacet
facet normal 0 0 0
outer loop
vertex 9.426142e-02 7.739167e-02 -4.438243e-01
vertex 1.010165e-01 1.158558e-01 -4.342974e-01
vertex 9.641299e-02 7.473668e-02 -4.355012e-01
endloop
endfacet
facet normal 0 0 0
outer loop
vertex 1.010165e-01 1.158558e-01 -4.342974e-01
vertex 9.626096e-02 7.458621e-02 -4.242043e-01
vertex 9.641299e-02 7.473668e-02 -4.355012e-01
endloop
endfacet
facet normal 0 0 0
outer loop
vertex 1.009000e-01 1.156553e-01 -4.215072e-01
vertex 9.626096e-02 7.458621e-02 -4.242043e-01
vertex 1.010165e-01 1.158558e-01 -4.342974e-01
endloop
endfacet
facet normal 0 0 0
outer loop
vertex -1.530827e-01 1.216204e+00 -5.968172e-02
vertex -1.441677e-01 1.223212e+00 -5.894318e-02
vertex -1.410977e-01 1.205870e+00 -6.065019e-02
endloop
endfacet
facet normal 0 0 0
outer loop
vertex -1.140651e-01 1.190255e+00 -6.207380e-02
vertex -1.280560e-01 1.197255e+00 -6.144433e-02
vertex -1.234973e-01 1.210229e+00 -6.013229e-02
endloop
endfacet
facet normal 0 0 0
outer loop
vertex -2.429744e-02 1.210725e+00 -5.960273e-02
vertex -2.053115e-02 1.244728e+00 -5.620462e-02
vertex 1.809680e-02 1.240859e+00 -5.640058e-02
endloop
endfacet
facet normal 0 0 0
outer loop
vertex -5.479824e-03 1.204640e+00 -6.011974e-02
vertex -2.429744e-02 1.210725e+00 -5.960273e-02
vertex 1.540095e-02 1.221415e+00 -5.834765e-02
endloop
endfacet
facet normal 0 0 0
outer loop
vertex 1.540095e-02 1.221415e+00 -5.834765e-02
vertex -2.429744e-02 1.210725e+00 -5.960273e-02
vertex 1.809680e-02 1.240859e+00 -5.640058e-02
endloop
endfacet
facet normal 0 0 0
outer loop
vertex -7.364074e-02 1.166270e+00 1.991516e-01
vertex -7.112227e-02 1.147582e+00 1.973178e-01
vertex -5.543473e-02 1.168581e+00 1.994677e-01
endloop
endfacet
facet normal 0 0 0
outer loop
vertex 1.774728e-01 8.800774e-01 1.607144e-01
vertex 1.805366e-01 8.508792e-01 1.388041e-01
vertex 1.780467e-01 8.605568e-01 1.292138e-01
endloop
endfacet
facet normal 0 0 0
outer loop
vertex -1.285743e-02 1.426581e+00 7.792797e-03
vertex -1.365745e-02 1.426008e+00 -7.810317e-03
vertex -3.048845e-02 1.431723e+00 -7.393509e-03
endloop
endfacet
facet normal 0 0 0
outer loop
vertex -1.365745e-02 1.426008e+00 -7.810317e-03
vertex -1.285743e-02 1.426581e+00 7.792797e-03
vertex 2.278535e-03 1.418158e+00 -8.578451e-03
endloop
endfacet
facet normal 0 0 0
outer loop
vertex -1.998568e-01 1.179701e+00 1.914179e-01
vertex -2.101093e-01 1.197725e+00 1.994863e-01
vertex -2.120274e-01 1.197583e+00 1.931310e-01
endloop
endfacet
facet normal 0 0 0
outer loop
vertex -9.510589e-02 -9.657796e-03 2.196562e-01
vertex -1.090081e-01 -9.189171e-03 1.962243e-01
vertex -9.352228e-02 -9.351245e-03 1.963715e-01
endloop
endfacet
facet normal 0 0 0
outer loop
vertex -8.240697e-02 -9.565179e-03 2.201693e-01
vertex -9.510589e-02 -9.657796e-03 2.196562e-01
vertex -9.352228e-02 -9.351245e-03 1.963715e-01
endloop
endfacet
facet normal 0 0 0
outer loop
vertex -2.460147e-02 6.479029e-01 1.053597e-01
vertex -3.081155e-02 7.152666e-01 1.032472e-01
vertex -8.566681e-02 7.146336e-01 1.002010e-01
endloop
endfacet
facet normal 0 0 0
outer loop
vertex -8.103609e-02 6.475429e-01 1.046887e-01
vertex -2.453365e-02 6.173103e-01 1.053635e-01
vertex -2.460147e-02 6.479029e-01 1.053597e-01
endloop
endfacet
facet normal 0 0 0
outer loop
vertex -2.074639e-01 1.203715e+00 1.562084e-01
vertex -2.098175e-01 1.200913e+00 1.715302e-01
vertex -2.193502e-01 1.220045e+00 1.733806e-01
endloop
endfacet
facet normal 0 0 0
outer loop
vertex -2.047848e-01 1.207044e+00 1.367140e-01
vertex -2.168541e-01 1.222533e+00 1.580271e-01
vertex -2.140159e-01 1.225521e+00 1.384982e-01
endloop
endfacet
facet normal 0 0 0
outer loop
vertex -1.163571e-01 1.425366e+00 -3.038362e-02
vertex -9.991447e-02 1.430896e+00 -2.975502e-02
vertex -9.922422e-02 1.429056e+00 -3.626497e-02
endloop
endfacet
facet normal 0 0 0
outer loop
vertex -9.922422e-02 1.429056e+00 -3.626497e-02
vertex -9.991447e-02 1.430896e+00 -2.975502e-02
vertex -8.288444e-02 1.434234e+00 -2.934094e-02
endloop
endfacet
facet normal 0 0 0
outer loop
vertex -1.604987e-01 1.396862e+00 -2.371997e-02
vertex -1.720793e-01 1.383753e+00 -2.507631e-02
vertex -1.735635e-01 1.383647e+00 -1.285921e-02
endloop
endfacet
facet normal 0 0 0
outer loop
vertex -2.301979e-02 1.030308e+00 -6.237843e-02
vertex 2.351199e-02 1.030178e+00 -6.273203e-02
vertex -2.529802e-02 9.560837e-01 -7.260860e-02
endloop
endfacet
facet normal 0 0 0
outer loop
vertex -1.531327e-01 1.200819e+00 2.022063e-01
vertex -1.362583e-01 1.206748e+00 2.028837e-01
vertex -1.444647e-01 1.224169e+00 2.045619e-01
endloop
endfacet
facet normal 0 0 0
outer loop
vertex -1.425874e-01 1.402263e+00 -4.124374e-02
vertex -1.287749e-01 1.411515e+00 -4.025900e-02
vertex -1.174614e-01 1.396354e+00 -4.170684e-02
endloop
endfacet
facet normal 0 0 0
outer loop
vertex -1.237175e-01 1.156052e+00 6.630482e-02
vertex -1.412742e-01 1.164231e+00 6.701643e-02
vertex -1.383378e-01 1.172122e+00 2.939402e-02
endloop
endfacet
facet normal 0 0 0
outer loop
vertex 7.999944e-02 1.293904e+00 4.244919e-02
vertex 8.448901e-02 1.269964e+00 7.852509e-02
vertex 7.878716e-02 1.274889e+00 4.056156e-02
endloop
endfacet
facet normal 0 0 0
outer loop
vertex 7.506485e-02 1.256239e+00 3.869148e-02
vertex 7.878716e-02 1.274889e+00 4.056156e-02
vertex 8.448901e-02 1.269964e+00 7.852509e-02
endloop
endfacet
facet normal 0 0 0
outer loop
vertex 5.593398e-02 1.597933e-01 -4.456716e-01
vertex 5.327926e-02 1.830621e-01 -4.453819e-01
vertex 6.863488e-02 1.836470e-01 -4.454265e-01
endloop
endfacet
facet normal 0 0 0
outer loop
vertex 6.689423e-02 2.760484e-01 -1.651617e-01
vertex 8.194577e-02 2.585862e-01 -2.064853e-01
vertex 8.247389e-02 2.810579e-01 -1.694158e-01
endloop
endfacet
facet normal 0 0 0
outer loop
vertex -5.599460e-02 1.263622e+00 2.089049e-01
vertex -8.234993e-02 1.274106e+00 2.097971e-01
vertex -1.116094e-01 1.248931e+00 2.071764e-01
endloop
endfacet
facet normal 0 0 0
outer loop
vertex -1.116094e-01 1.248931e+00 2.071764e-01
vertex -8.866204e-02 1.240327e+00 2.064430e-01
vertex -5.599460e-02 1.263622e+00 2.089049e-01
endloop
endfacet
facet normal 0 0 0
outer loop
vertex -5.599460e-02 1.263622e+00 2.089049e-01
vertex -8.866204e-02 1.240327e+00 2.064430e-01
vertex -5.644856e-02 1.244995e+00 2.070652e-01
endloop
endfacet
facet normal 0 0 0
outer loop
vertex 8.269122e-02 5.513706e-01 6.113061e-02
vertex 9.530320e-02 5.945737e-01 5.134078e-03
vertex 8.236054e-02 5.679238e-01 7.044458e-02
endloop
endfacet
facet normal 0 0 0
outer loop
vertex 3.749175e-02 5.896932e-01 1.029687e-01
vertex -2.453365e-02 6.173103e-01 1.053635e-01
vertex -2.454779e-02 5.997459e-01 9.453583e-02
endloop
endfacet
facet normal 0 0 0
outer loop
vertex 3.749175e-02 5.896932e-01 1.029687e-01
vertex 3.583384e-02 6.074933e-01 1.055654e-01
vertex -2.453365e-02 6.173103e-01 1.053635e-01
endloop
endfacet
facet normal 0 0 0
outer loop
vertex 9.000524e-02 1.306272e+00 1.205600e-01
vertex 8.042744e-02 1.329057e+00 8.434308e-02
vertex 8.587570e-02 1.326534e+00 1.225344e-01
endloop
endfacet
facet normal 0 0 0
outer loop
vertex 8.587570e-02 1.326534e+00 1.225344e-01
vertex 9.395481e-02 1.303954e+00 1.477834e-01
vertex 9.000524e-02 1.306272e+00 1.205600e-01
endloop
endfacet
facet normal 0 0 0
outer loop
vertex -2.539809e-02 6.235127e-01 -9.723536e-02
vertex -7.955733e-02 6.580304e-01 -9.580316e-02
vertex -2.527730e-02 6.536308e-01 -9.577582e-02
endloop
endfacet
facet normal 0 0 0
outer loop
vertex -1.358565e-04 1.191690e+00 -5.920577e-02
vertex -2.121005e-03 1.196691e+00 -6.082631e-02
vertex 1.416427e-02 1.200932e+00 -5.821541e-02
endloop
endfacet
facet normal 0 0 0
outer loop
vertex 1.416195e-01 6.090899e-01 4.327548e-01
vertex 1.512453e-01 6.057241e-01 4.108101e-01
vertex 1.604937e-01 5.957737e-01 4.217686e-01
endloop
endfacet
facet normal 0 0 0
outer loop
vertex -1.649899e-01 1.404294e+00 2.222092e-01
vertex -1.842464e-01 1.395808e+00 2.191641e-01
vertex -1.807000e-01 1.390532e+00 2.207733e-01
endloop
endfacet
facet normal 0 0 0
outer loop
vertex -1.842464e-01 1.395808e+00 2.191641e-01
vertex -1.649899e-01 1.404294e+00 2.222092e-01
vertex -1.678936e-01 1.410030e+00 2.206491e-01
endloop
endfacet
facet normal 0 0 0
outer loop
vertex -2.212159e-01 1.344767e+00 1.979120e-01
vertex -2.282479e-01 1.324217e+00 1.958503e-01
vertex -2.217966e-01 1.344064e+00 2.075487e-01
endloop
endfacet
facet normal 0 0 0
outer loop
vertex -2.115720e-01 1.364229e+00 1.998751e-01
vertex -2.217966e-01 1.344064e+00 2.075487e-01
vertex -2.121141e-01 1.363596e+00 2.095193e-01
endloop
endfacet
facet normal 0 0 0
outer loop
vertex -9.860066e-02 -5.707656e-03 8.275473e-02
vertex -8.154596e-02 -5.070595e-03 1.221416e-01
vertex -8.842953e-02 -7.748469e-03 1.251411e-01
endloop
endfacet
facet normal 0 0 0
outer loop
vertex -1.471348e-02 1.372968e+00 -4.347872e-02
vertex -2.761518e-02 1.369515e+00 -4.392900e-02
vertex -1.909470e-02 1.384152e+00 -4.243618e-02
endloop
endfacet
facet normal 0 0 0
outer loop
vertex 1.164051e-02 1.205727e+00 -5.993135e-02
vertex -5.479824e-03 1.204640e+00 -6.011974e-02
vertex 1.540095e-02 1.221415e+00 -5.834765e-02
endloop
endfacet
facet normal 0 0 0
outer loop
vertex 1.540095e-02 1.221415e+00 -5.834765e-02
vertex 2.398747e-02 1.216394e+00 -5.880764e-02
vertex 1.164051e-02 1.205727e+00 -5.993135e-02
endloop
endfacet
facet normal 0 0 0
outer loop
vertex -1.098764e-01 -6.019343e-03 9.031258e-02
vertex -1.105691e-01 -5.124779e-03 6.915553e-02
vertex -9.860066e-02 -5.707656e-03 8.275473e-02
endloop
endfacet
facet normal 0 0 0
outer loop
vertex -1.098764e-01 -6.019343e-03 9.031258e-02
vertex -1.217681e-01 -5.568859e-03 8.343868e-02
vertex -1.105691e-01 -5.124779e-03 6.915553e-02
endloop
endfacet
facet normal 0 0 0
outer loop
vertex -1.749590e-01 1.268145e+00 2.087464e-01
vertex -1.923328e-01 1.246020e+00 2.064727e-01
vertex -1.508629e-01 1.255254e+00 2.075952e-01
endloop
endfacet
facet normal 0 0 0
outer loop
vertex -1.621310e-01 1.233205e+00 2.053658e-01
vertex -1.508629e-01 1.255254e+00 2.075952e-01
vertex -1.923328e-01 1.246020e+00 2.064727e-01
endloop
endfacet
facet normal 0 0 0
outer loop
vertex 1.666854e-01 9.085867e-01 1.398815e-01
vertex 1.774728e-01 8.800774e-01 1.607144e-01
vertex 1.780467e-01 8.605568e-01 1.292138e-01
endloop
endfacet
facet normal 0 0 0
outer loop
vertex 1.459733e-01 9.761870e-01 8.572426e-02
vertex 1.287360e-01 9.850273e-01 1.201115e-01
vertex 1.563294e-01 9.423869e-01 1.128029e-01
endloop
endfacet
facet normal 0 0 0
outer loop
vertex 1.563294e-01 9.423869e-01 1.128029e-01
vertex 1.576664e-01 9.308878e-01 9.738292e-02
vertex 1.459733e-01 9.761870e-01 8.572426e-02
endloop
endfacet
facet normal 0 0 0
outer loop
vertex -1.638894e-01 1.228377e+00 -5.852541e-02
vertex -1.731803e-01 1.242068e+00 -5.721303e-02
vertex -1.484924e-01 1.250448e+00 -5.626428e-02
endloop
endfacet
facet normal 0 0 0
outer loop
vertex -1.731803e-01 1.242068e+00 -5.721303e-02
vertex -1.706900e-01 1.270824e+00 -5.435265e-02
vertex -1.484924e-01 1.250448e+00 -5.626428e-02
endloop
endfacet
facet normal 0 0 0
outer loop
vertex 5.161975e-02 1.159099e+00 1.685766e-01
vertex 4.999060e-02 1.162515e+00 1.533239e-01
vertex 6.641473e-02 1.175646e+00 1.703524e-01
endloop
endfacet
facet normal 0 0 0
outer loop
vertex 6.452983e-02 1.178814e+00 1.550693e-01
vertex 6.641473e-02 1.175646e+00 1.703524e-01
vertex 4.999060e-02 1.162515e+00 1.533239e-01
endloop
endfacet
facet normal 0 0 0
outer loop
vertex 1.179614e-01 9.116817e-01 1.809414e-01
vertex 1.593294e-01 8.895119e-01 1.913418e-01
vertex 1.483331e-01 9.199451e-01 1.709594e-01
endloop
endfacet
facet normal 0 0 0
outer loop
vertex -8.871158e-02 1.445406e+00 2.181437e-01
vertex -8.833085e-02 1.442740e+00 2.242122e-01
vertex -6.671181e-02 1.446815e+00 2.183910e-01
endloop
endfacet
facet normal 0 0 0
outer loop
vertex -6.666505e-02 1.447160e+00 2.087200e-01
vertex -8.871158e-02 1.445406e+00 2.181437e-01
vertex -6.671181e-02 1.446815e+00 2.183910e-01
endloop
endfacet
facet normal 0 0 0
outer loop
vertex -8.833085e-02 1.442740e+00 2.242122e-01
vertex -6.647410e-02 1.444123e+00 2.244560e-01
vertex -6.671181e-02 1.446815e+00 2.183910e-01
endloop
endfacet
facet normal 0 0 0
outer loop
vertex 9.317250e-02 1.600516e-01 -4.420660e-01
vertex 9.596818e-02 1.597926e-01 -4.334243e-01
vertex 9.826298e-02 1.174844e-01 -4.437101e-01
endloop
endfacet
facet normal 0 0 0
outer loop
vertex 8.976051e-02 1.210436e-01 -4.463372e-01
vertex 9.317250e-02 1.600516e-01 -4.420660e-01
vertex 9.826298e-02 1.174844e-01 -4.437101e-01
endloop
endfacet
facet normal 0 0 0
outer loop
vertex 3.813398e-02 1.224534e+00 -5.581782e-02
vertex 2.693192e-02 1.211945e+00 -5.712659e-02
vertex 2.398747e-02 1.216394e+00 -5.880764e-02
endloop
endfacet
facet normal 0 0 0
outer loop
vertex -1.591458e-01 1.179431e+00 2.000429e-01
vertex -1.692198e-01 1.193825e+00 2.014271e-01
vertex -1.703309e-01 1.172480e+00 1.992889e-01
endloop
endfacet
facet normal 0 0 0
outer loop
vertex -1.591458e-01 1.179431e+00 2.000429e-01
vertex -1.531327e-01 1.200819e+00 2.022063e-01
vertex -1.692198e-01 1.193825e+00 2.014271e-01
endloop
endfacet
facet normal 0 0 0
outer loop
vertex -1.356798e-01 3.615324e-01 1.862243e-01
vertex -1.029847e-01 3.492218e-01 2.019927e-01
vertex -1.027698e-01 3.651093e-01 1.994604e-01
endloop
endfacet
facet normal 0 0 0
outer loop
vertex -1.355079e-01 3.761575e-01 1.800361e-01
vertex -1.356798e-01 3.615324e-01 1.862243e-01
vertex -1.027698e-01 3.651093e-01 1.994604e-01
endloop
endfacet
facet normal 0 0 0
outer loop
vertex -1.355079e-01 3.761575e-01 1.800361e-01
vertex -1.027698e-01 3.651093e-01 1.994604e-01
vertex -1.023226e-01 3.806673e-01 1.944619e-01
endloop
endfacet
facet normal 0 0 0
outer loop
vertex 7.114968e-02 1.333299e+00 1.887012e-02
vertex 6.882241e-02 1.349576e+00 4.789935e-02
vertex 7.498201e-02 1.331559e+00 4.614953e-02
endloop
endfacet
facet normal 0 0 0
outer loop
vertex 3.359871e-02 1.191184e-01 -4.462241e-01
vertex 2.644109e-02 1.146360e-01 -4.424361e-01
vertex 1.916705e-02 1.570159e-01 -4.415471e-01
endloop
endfacet
facet normal 0 0 0
outer loop
vertex -5.924835e-02 3.363526e-01 1.557064e-01
vertex -6.971674e-02 3.380964e-01 1.153605e-01
vertex -5.877954e-02 3.509916e-01 1.525698e-01
endloop
endfacet
facet normal 0 0 0
outer loop
vertex 8.307799e-02 5.090119e-01 3.879415e-02
vertex 9.376170e-02 4.694243e-01 -4.002560e-02
vertex 9.409936e-02 5.409439e-01 -1.240695e-02
endloop
endfacet
facet normal 0 0 0
outer loop
vertex 7.610011e-02 1.363184e+00 1.733721e-01
vertex 6.618788e-02 1.381078e+00 1.907031e-01
vertex 7.835591e-02 1.362905e+00 1.889708e-01
endloop
endfacet
facet normal 0 0 0
outer loop
vertex 6.411979e-02 1.381060e+00 1.750754e-01
vertex 6.618788e-02 1.381078e+00 1.907031e-01
vertex 7.610011e-02 1.363184e+00 1.733721e-01
endloop
endfacet
facet normal 0 0 0
outer loop
vertex -2.047848e-01 1.207044e+00 1.367140e-01
vertex -2.074639e-01 1.203715e+00 1.562084e-01
vertex -2.168541e-01 1.222533e+00 1.580271e-01
endloop
endfacet
facet normal 0 0 0
outer loop
vertex 8.830561e-02 1.340662e+00 2.151081e-01
vertex 8.233988e-02 1.338497e+00 2.169759e-01
vertex 8.934157e-02 1.317980e+00 2.149816e-01
endloop
endfacet
facet normal 0 0 0
outer loop
vertex 8.830561e-02 1.340662e+00 2.151081e-01
vertex 8.934157e-02 1.317980e+00 2.149816e-01
vertex 9.541985e-02 1.319759e+00 2.130755e-01
endloop
endfacet
facet normal 0 0 0
outer loop
vertex -6.631811e-02 1.443118e+00 1.340493e-01
vertex -8.738765e-02 1.443057e+00 1.605366e-01
vertex -6.644229e-02 1.444393e+00 1.607714e-01
endloop
endfacet
facet normal 0 0 0
outer loop
vertex -8.673474e-02 1.441778e+00 1.329871e-01
vertex -8.738765e-02 1.443057e+00 1.605366e-01
vertex -6.631811e-02 1.443118e+00 1.340493e-01
endloop
endfacet
facet normal 0 0 0
outer loop
vertex 7.801304e-02 2.085813e-01 -4.443578e-01
vertex 8.158626e-02 1.834420e-01 -4.447703e-01
vertex 6.863488e-02 1.836470e-01 -4.454265e-01
endloop
endfacet
facet normal 0 0 0
outer loop
vertex 8.158626e-02 1.834420e-01 -4.447703e-01
vertex 7.801304e-02 2.085813e-01 -4.443578e-01
vertex 8.646268e-02 2.083951e-01 -4.414082e-01
endloop
endfacet
facet normal 0 0 0
outer loop
vertex -1.032473e-01 3.108628e-01 2.010829e-01
vertex -8.734698e-02 2.681896e-01 1.948174e-01
vertex -7.082527e-02 3.084927e-01 1.911892e-01
endloop
endfacet
facet normal 0 0 0
outer loop
vertex -1.035820e-01 2.661669e-01 1.996624e-01
vertex -1.197421e-01 2.677858e-01 1.929066e-01
vertex -1.038687e-01 2.278864e-01 1.984457e-01
endloop
endfacet
facet normal 0 0 0
outer loop
vertex -4.769835e-02 1.435930e+00 8.549606e-03
vertex -2.930833e-02 1.433247e+00 2.820371e-02
vertex -2.996699e-02 1.432388e+00 8.285049e-03
endloop
endfacet
facet normal 0 0 0
outer loop
vertex -4.769835e-02 1.435930e+00 8.549606e-03
vertex -2.996699e-02 1.432388e+00 8.285049e-03
vertex -3.048845e-02 1.431723e+00 -7.393509e-03
endloop
endfacet
facet normal 0 0 0
outer loop
vertex -4.769835e-02 1.435930e+00 8.549606e-03
vertex -3.048845e-02 1.431723e+00 -7.393509e-03
vertex -4.792405e-02 1.435200e+00 -7.134017e-03
endloop
endfacet
facet normal 0 0 0
outer loop
vertex 4.205476e-02 1.203437e+00 2.034038e-01
vertex 2.369639e-02 1.211945e+00 2.041788e-01
vertex 2.636346e-02 1.196372e+00 2.026273e-01
endloop
endfacet
facet normal 0 0 0
outer loop
vertex -7.220529e-02 9.571010e-01 -7.747220e-02
vertex -7.857832e-02 8.755206e-01 -8.594020e-02
vertex -9.537663e-02 9.164001e-01 -7.634338e-02
endloop
endfacet
facet normal 0 0 0
outer loop
vertex -7.220529e-02 9.571010e-01 -7.747220e-02
vertex -9.537663e-02 9.164001e-01 -7.634338e-02
vertex -1.121749e-01 9.572797e-01 -6.674656e-02
endloop
endfacet
facet normal 0 0 0
outer loop
vertex -2.899189e-01 7.582972e-01 -2.399624e-01
vertex -2.933320e-01 7.520708e-01 -2.478856e-01
vertex -2.973156e-01 7.398962e-01 -2.158543e-01
endloop
endfacet
facet normal 0 0 0
outer loop
vertex -1.520280e-01 9.008350e-01 -1.702251e-01
vertex -1.655950e-01 8.771211e-01 -1.799203e-01
vertex -1.832333e-01 8.990089e-01 -1.905507e-01
endloop
endfacet
facet normal 0 0 0
outer loop
vertex -2.042821e-01 1.199855e+00 2.018397e-01
vertex -2.101093e-01 1.197725e+00 1.994863e-01
vertex -1.980182e-01 1.179986e+00 1.977862e-01
endloop
endfacet
facet normal 0 0 0
outer loop
vertex -1.924095e-01 1.182570e+00 2.001845e-01
vertex -2.042821e-01 1.199855e+00 2.018397e-01
vertex -1.980182e-01 1.179986e+00 1.977862e-01
endloop
endfacet
facet normal 0 0 0
outer loop
vertex -2.042821e-01 1.199855e+00 2.018397e-01
vertex -2.137367e-01 1.218769e+00 2.036704e-01
vertex -2.101093e-01 1.197725e+00 1.994863e-01
endloop
endfacet
facet normal 0 0 0
outer loop
vertex 9.317250e-02 1.600516e-01 -4.420660e-01
vertex 8.976051e-02 1.210436e-01 -4.463372e-01
vertex 8.464231e-02 1.606043e-01 -4.458297e-01
endloop
endfacet
facet normal 0 0 0
outer loop
vertex 2.878512e-02 1.344671e+00 -4.605699e-02
vertex 1.609073e-02 1.388446e+00 -4.178855e-02
vertex 3.340026e-02 1.380460e+00 -4.248972e-02
endloop
endfacet
facet normal 0 0 0
outer loop
vertex 7.444319e-03 1.382872e+00 -4.238496e-02
vertex 2.878512e-02 1.344671e+00 -4.605699e-02
vertex -2.969895e-03 1.377286e+00 -4.299112e-02
endloop
endfacet
facet normal 0 0 0
outer loop
vertex 2.878512e-02 1.344671e+00 -4.605699e-02
vertex 7.444319e-03 1.382872e+00 -4.238496e-02
vertex 1.609073e-02 1.388446e+00 -4.178855e-02
endloop
endfacet
facet normal 0 0 0
outer loop
vertex 3.408489e-02 1.258789e+00 -5.454151e-02
vertex 1.915999e-02 1.282356e+00 -5.227769e-02
vertex 5.546164e-02 1.270132e+00 -5.331040e-02
endloop
endfacet
facet normal 0 0 0
outer loop
vertex 5.021381e-02 1.255180e+00 -5.482094e-02
vertex 3.408489e-02 1.258789e+00 -5.454151e-02
vertex 5.546164e-02 1.270132e+00 -5.331040e-02
endloop
endfacet
facet normal 0 0 0
outer loop
vertex 6.905700e-02 1.301631e+00 -3.196633e-02
vertex 6.765520e-02 1.302617e+00 -4.158320e-02
vertex 6.791201e-02 1.319115e+00 -3.023868e-02
endloop
endfacet
facet normal 0 0 0
outer loop
vertex 6.967438e-02 1.318109e+00 -1.809081e-02
vertex 6.905700e-02 1.301631e+00 -3.196633e-02
vertex 6.791201e-02 1.319115e+00 -3.023868e-02
endloop
endfacet
facet normal 0 0 0
outer loop
vertex 6.992680e-02 6.338472e-02 -4.439230e-01
vertex 8.750063e-02 8.506186e-02 -4.464978e-01
vertex 9.426142e-02 7.739167e-02 -4.438243e-01
endloop
endfacet
facet normal 0 0 0
outer loop
vertex -7.603678e-02 8.080537e-02 1.086298e-01
vertex -6.704080e-02 6.476437e-02 1.388426e-01
vertex -7.788260e-02 6.551244e-02 1.028654e-01
endloop
endfacet
facet normal 0 0 0
outer loop
vertex -6.556378e-02 8.156278e-02 1.419062e-01
vertex -6.704080e-02 6.476437e-02 1.388426e-01
vertex -7.603678e-02 8.080537e-02 1.086298e-01
endloop
endfacet
facet normal 0 0 0
outer loop
vertex -7.281951e-02 2.123952e-01 1.230307e-01
vertex -6.419866e-02 1.393345e-01 1.477900e-01
vertex -7.478146e-02 1.353432e-01 1.161564e-01
endloop
endfacet
facet normal 0 0 0
outer loop
vertex -4.815818e-02 5.274951e-01 2.842551e-02
vertex -5.591041e-02 5.025702e-01 8.211313e-02
vertex -5.218806e-02 4.607576e-01 7.195605e-02
endloop
endfacet
facet normal 0 0 0
outer loop
vertex 5.111623e-02 2.924927e-01 -1.219918e-01
vertex 8.367412e-02 3.214857e-01 -9.903554e-02
vertex 5.146543e-02 3.104177e-01 -8.801156e-02
endloop
endfacet
facet normal 0 0 0
outer loop
vertex -1.994279e-02 1.197953e+00 -6.078177e-02
vertex -2.121005e-03 1.196691e+00 -6.082631e-02
vertex -1.720122e-02 1.189550e+00 -6.161144e-02
endloop
endfacet
facet normal 0 0 0
outer loop
vertex 4.858032e-02 1.192924e+00 2.023685e-01
vertex 4.205476e-02 1.203437e+00 2.034038e-01
vertex 2.636346e-02 1.196372e+00 2.026273e-01
endloop
endfacet
facet normal 0 0 0
outer loop
vertex -3.033399e-01 7.299597e-01 -2.218739e-01
vertex -2.969018e-01 7.330175e-01 -2.685652e-01
vertex -3.084651e-01 7.090269e-01 -2.432345e-01
endloop
endfacet
facet normal 0 0 0
outer loop
vertex -1.838168e-01 1.163926e+00 1.962497e-01
vertex -1.924095e-01 1.182570e+00 2.001845e-01
vertex -1.980182e-01 1.179986e+00 1.977862e-01
endloop
endfacet
facet normal 0 0 0
outer loop
vertex -1.169955e-01 1.180144e+00 -4.494266e-02
vertex -1.000193e-01 1.176720e+00 -5.491258e-02
vertex -1.003480e-01 1.174759e+00 -4.532331e-02
endloop
endfacet
facet normal 0 0 0
outer loop
vertex -1.176229e-01 1.177741e+00 -3.285953e-02
vertex -1.003480e-01 1.174759e+00 -4.532331e-02
vertex -1.008516e-01 1.172013e+00 -3.334833e-02
endloop
endfacet
facet normal 0 0 0
outer loop
vertex 8.870512e-03 2.476759e-01 -2.976792e-01
vertex 1.950256e-02 2.137030e-01 -3.130617e-01
vertex 1.934182e-02 2.264241e-01 -2.799270e-01
endloop
endfacet
facet normal 0 0 0
outer loop
vertex 2.636346e-02 1.196372e+00 2.026273e-01
vertex 2.369639e-02 1.211945e+00 2.041788e-01
vertex 8.320469e-03 1.206538e+00 2.035733e-01
endloop
endfacet
facet normal 0 0 0
outer loop
vertex 6.228736e-02 1.182905e+00 1.356598e-01
vertex 5.930932e-02 1.188435e+00 1.088008e-01
vertex 7.069945e-02 1.206048e+00 1.106041e-01
endloop
endfacet
facet normal 0 0 0
outer loop
vertex 7.069945e-02 1.206048e+00 1.106041e-01
vertex 7.403849e-02 1.201012e+00 1.375289e-01
vertex 6.228736e-02 1.182905e+00 1.356598e-01
endloop
endfacet
facet normal 0 0 0
outer loop
vertex -1.104857e-01 1.125863e+00 1.644996e-01
vertex -9.005645e-02 1.117791e+00 1.759414e-01
vertex -1.110925e-01 1.122701e+00 1.763977e-01
endloop
endfacet
facet normal 0 0 0
outer loop
vertex 5.726313e-02 1.225938e+00 8.255679e-03
vertex 6.920708e-02 1.237934e+00 3.694442e-02
vertex 6.075988e-02 1.220873e+00 3.521286e-02
endloop
endfacet
facet normal 0 0 0
outer loop
vertex 5.251333e-02 1.232569e+00 -2.666375e-02
vertex 6.253576e-02 1.245928e+00 -9.669299e-03
vertex 5.467335e-02 1.229635e+00 -1.124267e-02
endloop
endfacet
facet normal 0 0 0
outer loop
vertex 4.716476e-02 2.943531e-01 -3.876314e-01
vertex 7.187434e-02 2.826584e-01 -3.886013e-01
vertex 6.838024e-02 2.954500e-01 -4.097244e-01
endloop
endfacet
facet normal 0 0 0
outer loop
vertex -9.486524e-02 5.789959e-01 1.002062e-01
vertex -9.594718e-02 5.508947e-01 1.110903e-01
vertex -5.963276e-02 5.443827e-01 9.227022e-02
endloop
endfacet
facet normal 0 0 0
outer loop
vertex 1.333857e-02 1.131698e+00 9.232184e-02
vertex 1.853888e-02 1.138694e+00 6.179691e-02
vertex 1.747000e-02 1.155185e+00 6.544881e-02
endloop
endfacet
facet normal 0 0 0
outer loop
vertex 5.254224e-02 1.368329e+00 -1.320881e-02
vertex 4.262386e-02 1.383115e+00 -1.179646e-02
vertex 4.438150e-02 1.382950e+00 3.806874e-03
endloop
endfacet
facet normal 0 0 0
outer loop
vertex 5.102613e-02 1.368659e+00 -2.542022e-02
vertex 4.262386e-02 1.383115e+00 -1.179646e-02
vertex 5.254224e-02 1.368329e+00 -1.320881e-02
endloop
endfacet
facet normal 0 0 0
outer loop
vertex -1.855027e-01 1.163444e+00 1.898623e-01
vertex -1.998568e-01 1.179701e+00 1.914179e-01
vertex -1.850155e-01 1.164864e+00 1.803020e-01
endloop
endfacet
facet normal 0 0 0
outer loop
vertex -1.998568e-01 1.179701e+00 1.914179e-01
vertex -1.993199e-01 1.181037e+00 1.818486e-01
vertex -1.850155e-01 1.164864e+00 1.803020e-01
endloop
endfacet
facet normal 0 0 0
outer loop
vertex -1.101374e-01 1.441535e+00 2.079499e-01
vertex -1.312244e-01 1.434144e+00 2.168195e-01
vertex -1.103416e-01 1.441169e+00 2.176180e-01
endloop
endfacet
facet normal 0 0 0
outer loop
vertex -1.101374e-01 1.441535e+00 2.079499e-01
vertex -1.309461e-01 1.434540e+00 2.071546e-01
vertex -1.312244e-01 1.434144e+00 2.168195e-01
endloop
endfacet
facet normal 0 0 0
outer loop
vertex -2.341964e-02 1.087136e+00 -4.682717e-02
vertex -6.245274e-02 1.104975e+00 -2.715916e-02
vertex -2.336747e-02 1.106230e+00 -2.924887e-02
endloop
endfacet
facet normal 0 0 0
outer loop
vertex -9.193692e-02 1.326503e+00 2.149050e-01
vertex -6.266089e-02 1.332976e+00 2.156911e-01
vertex -8.428829e-02 1.346333e+00 2.168931e-01
endloop
endfacet
facet normal 0 0 0
outer loop
vertex 3.340026e-02 1.380460e+00 -4.248972e-02
vertex 1.609073e-02 1.388446e+00 -4.178855e-02
vertex 2.251853e-02 1.392718e+00 -4.133273e-02
endloop
endfacet
facet normal 0 0 0
outer loop
vertex 1.961057e-02 2.091186e-01 -3.255240e-01
vertex 5.038226e-02 2.008816e-01 -3.218134e-01
vertex 1.950256e-02 2.137030e-01 -3.130617e-01
endloop
endfacet
facet normal 0 0 0
outer loop
vertex 5.038226e-02 2.008816e-01 -3.218134e-01
vertex 5.034262e-02 2.056337e-01 -3.087436e-01
vertex 1.950256e-02 2.137030e-01 -3.130617e-01
endloop
endfacet
facet normal 0 0 0
outer loop
vertex -1.169471e-01 1.425722e+00 -2.064579e-02
vertex -1.003273e-01 1.431309e+00 -2.001064e-02
vertex -9.991447e-02 1.430896e+00 -2.975502e-02
endloop
endfacet
facet normal 0 0 0
outer loop
vertex -9.991447e-02 1.430896e+00 -2.975502e-02
vertex -1.163571e-01 1.425366e+00 -3.038362e-02
vertex -1.169471e-01 1.425722e+00 -2.064579e-02
endloop
endfacet
facet normal 0 0 0
outer loop
vertex 4.982939e-02 1.368913e+00 -3.510725e-02
vertex 5.881680e-02 1.352922e+00 -2.693724e-02
vertex 5.753497e-02 1.353344e+00 -3.660846e-02
endloop
endfacet
facet normal 0 0 0
outer loop
vertex -1.410977e-01 1.205870e+00 -6.065019e-02
vertex -1.441677e-01 1.223212e+00 -5.894318e-02
vertex -1.234973e-01 1.210229e+00 -6.013229e-02
endloop
endfacet
facet normal 0 0 0
outer loop
vertex -1.530827e-01 1.216204e+00 -5.968172e-02
vertex -1.638894e-01 1.228377e+00 -5.852541e-02
vertex -1.441677e-01 1.223212e+00 -5.894318e-02
endloop
endfacet
facet normal 0 0 0
outer loop
vertex -2.098854e-01 8.443732e-01 -2.088177e-01
vertex -2.117452e-01 9.075338e-01 -1.880096e-01
vertex -1.832333e-01 8.990089e-01 -1.905507e-01
endloop
endfacet
facet normal 0 0 0
outer loop
vertex 4.962945e-02 3.920920e-01 -9.555145e-03
vertex 4.870578e-02 4.278637e-01 2.105809e-02
vertex 3.247260e-02 3.982271e-01 -1.133969e-02
endloop
endfacet
facet normal 0 0 0
outer loop
vertex 6.618584e-02 4.002221e-01 -1.479955e-02
vertex 4.870578e-02 4.278637e-01 2.105809e-02
vertex 4.962945e-02 3.920920e-01 -9.555145e-03
endloop
endfacet
facet normal 0 0 0
outer loop
vertex -1.412742e-01 1.164231e+00 6.701643e-02
vertex -1.237175e-01 1.156052e+00 6.630482e-02
vertex -1.261425e-01 1.148085e+00 1.039095e-01
endloop
endfacet
facet normal 0 0 0
outer loop
vertex 5.095135e-02 2.705300e-01 -1.599845e-01
vertex 5.078646e-02 2.485672e-01 -1.979772e-01
vertex 6.689423e-02 2.760484e-01 -1.651617e-01
endloop
endfacet
facet normal 0 0 0
outer loop
vertex -1.506937e-01 8.937150e-01 -1.335410e-01
vertex -1.767452e-01 8.777567e-01 -1.124875e-01
vertex -1.554170e-01 8.850896e-01 -1.423343e-01
endloop
endfacet
facet normal 0 0 0
outer loop
vertex -1.767452e-01 8.777567e-01 -1.124875e-01
vertex -1.809871e-01 8.685570e-01 -1.229399e-01
vertex -1.554170e-01 8.850896e-01 -1.423343e-01
endloop
endfacet
facet normal 0 0 0
outer loop
vertex 6.308664e-02 1.268357e+00 -4.500482e-02
vertex 6.789834e-02 1.284149e+00 -3.370486e-02
vertex 6.444705e-02 1.266984e+00 -3.542617e-02
endloop
endfacet
facet normal 0 0 0
outer loop
vertex 6.444705e-02 1.266984e+00 -3.542617e-02
vertex 6.043290e-02 1.248441e+00 -2.504603e-02
vertex 5.876526e-02 1.250430e+00 -3.709798e-02
endloop
endfacet
facet normal 0 0 0
outer loop
vertex -1.805686e-01 1.369498e+00 -3.623655e-02
vertex -1.689853e-01 1.382800e+00 -4.119204e-02
vertex -1.783564e-01 1.368865e+00 -4.261946e-02
endloop
endfacet
facet normal 0 0 0
outer loop
vertex -1.689853e-01 1.382800e+00 -4.119204e-02
vertex -1.805686e-01 1.369498e+00 -3.623655e-02
vertex -1.709030e-01 1.383841e+00 -3.476729e-02
endloop
endfacet
facet normal 0 0 0
outer loop
vertex -7.010251e-02 3.255919e-01 1.192744e-01
vertex -6.971674e-02 3.380964e-01 1.153605e-01
vertex -5.924835e-02 3.363526e-01 1.557064e-01
endloop
endfacet
facet normal 0 0 0
outer loop
vertex -8.288444e-02 1.434234e+00 -2.934094e-02
vertex -9.991447e-02 1.430896e+00 -2.975502e-02
vertex -8.311491e-02 1.434684e+00 -1.959191e-02
endloop
endfacet
facet normal 0 0 0
outer loop
vertex -7.788260e-02 6.551244e-02 1.028654e-01
vertex -6.704080e-02 6.476437e-02 1.388426e-01
vertex -7.101502e-02 4.075611e-02 1.330005e-01
endloop
endfacet
facet normal 0 0 0
outer loop
vertex -1.093350e-01 1.952551e-02 6.842302e-02
vertex -1.104394e-01 5.163395e-03 6.182420e-02
vertex -1.277048e-01 5.002278e-03 7.746743e-02
endloop
endfacet
facet normal 0 0 0
outer loop
vertex -2.217966e-01 1.344064e+00 2.075487e-01
vertex -2.115720e-01 1.364229e+00 1.998751e-01
vertex -2.212159e-01 1.344767e+00 1.979120e-01
endloop
endfacet
facet normal 0 0 0
outer loop
vertex 4.017752e-02 1.591173e-01 -4.456418e-01
vertex 5.593398e-02 1.597933e-01 -4.456716e-01
vertex 4.512991e-02 1.233437e-01 -4.461124e-01
endloop
endfacet
facet normal 0 0 0
outer loop
vertex -2.058188e-01 1.258632e+00 3.754131e-02
vertex -1.997108e-01 1.240891e+00 3.581809e-02
vertex -2.049599e-01 1.235262e+00 7.365428e-02
endloop
endfacet
facet normal 0 0 0
outer loop
vertex 1.495515e-01 9.430991e-01 1.309555e-01
vertex 1.385346e-01 9.524862e-01 1.455355e-01
vertex 1.483331e-01 9.199451e-01 1.709594e-01
endloop
endfacet
facet normal 0 0 0
outer loop
vertex 1.563294e-01 9.423869e-01 1.128029e-01
vertex 1.287360e-01 9.850273e-01 1.201115e-01
vertex 1.495515e-01 9.430991e-01 1.309555e-01
endloop
endfacet
facet normal 0 0 0
outer loop
vertex 1.775705e-02 3.382848e-01 -6.625780e-02
vertex 1.822443e-02 3.263952e-01 -7.835701e-02
vertex 5.130528e-02 3.316289e-01 -5.979999e-02
endloop
endfacet
facet normal 0 0 0
outer loop
vertex 6.769674e-02 9.586795e-01 8.548035e-02
vertex 6.342968e-02 9.770965e-01 9.949637e-02
vertex 5.615519e-02 9.942499e-01 8.239194e-02
endloop
endfacet
facet normal 0 0 0
outer loop
vertex -2.249637e-02 1.440937e+00 2.180953e-01
vertex -1.521617e-03 1.433781e+00 2.175002e-01
vertex -1.743822e-03 1.434179e+00 2.078287e-01
endloop
endfacet
facet normal 0 0 0
outer loop
vertex -2.264735e-02 1.441311e+00 2.084214e-01
vertex -2.249637e-02 1.440937e+00 2.180953e-01
vertex -1.743822e-03 1.434179e+00 2.078287e-01
endloop
endfacet
facet normal 0 0 0
outer loop
vertex -1.674836e-01 1.153562e+00 1.670252e-01
vertex -1.836438e-01 1.167343e+00 1.683220e-01
vertex -1.816776e-01 1.170722e+00 1.530600e-01
endloop
endfacet
facet normal 0 0 0
outer loop
vertex -1.657549e-01 1.157191e+00 1.517898e-01
vertex -1.674836e-01 1.153562e+00 1.670252e-01
vertex -1.816776e-01 1.170722e+00 1.530600e-01
endloop
endfacet
facet normal 0 0 0
outer loop
vertex -1.441677e-01 1.223212e+00 -5.894318e-02
vertex -1.638894e-01 1.228377e+00 -5.852541e-02
vertex -1.484924e-01 1.250448e+00 -5.626428e-02
endloop
endfacet
facet normal 0 0 0
outer loop
vertex 2.433784e-02 9.968767e-01 1.234232e-01
vertex 2.334228e-02 1.069972e+00 1.153040e-01
vertex -2.195131e-02 9.957789e-01 1.253595e-01
endloop
endfacet
facet normal 0 0 0
outer loop
vertex -2.249637e-02 1.440937e+00 2.180953e-01
vertex -4.471485e-02 1.445340e+00 2.183522e-01
vertex -4.406981e-02 1.442585e+00 2.244831e-01
endloop
endfacet
facet normal 0 0 0
outer loop
vertex -2.264735e-02 1.441311e+00 2.084214e-01
vertex -4.471485e-02 1.445340e+00 2.183522e-01
vertex -2.249637e-02 1.440937e+00 2.180953e-01
endloop
endfacet
facet normal 0 0 0
outer loop
vertex -4.550108e-02 1.442989e+00 1.607344e-01
vertex -2.583464e-02 1.437714e+00 1.328818e-01
vertex -4.589860e-02 1.441710e+00 1.331799e-01
endloop
endfacet
facet normal 0 0 0
outer loop
vertex -2.491870e-02 1.438884e+00 1.604280e-01
vertex -2.583464e-02 1.437714e+00 1.328818e-01
vertex -4.550108e-02 1.442989e+00 1.607344e-01
endloop
endfacet
facet normal 0 0 0
outer loop
vertex 6.992680e-02 6.338472e-02 -4.439230e-01
vertex 9.426142e-02 7.739167e-02 -4.438243e-01
vertex 9.641299e-02 7.473668e-02 -4.355012e-01
endloop
endfacet
facet normal 0 0 0
outer loop
vertex -6.213053e-02 2.187396e-01 1.559332e-01
vertex -6.419866e-02 1.393345e-01 1.477900e-01
vertex -7.281951e-02 2.123952e-01 1.230307e-01
endloop
endfacet
facet normal 0 0 0
outer loop
vertex 3.338526e-02 3.031842e-01 -4.307882e-01
vertex 2.276407e-02 2.556869e-01 -4.382116e-01
vertex 3.084844e-02 3.012152e-01 -4.235363e-01
endloop
endfacet
facet normal 0 0 0
outer loop
vertex 3.084844e-02 3.012152e-01 -4.235363e-01
vertex 2.276407e-02 2.556869e-01 -4.382116e-01
vertex 1.940413e-02 2.541784e-01 -4.300809e-01
endloop
endfacet
facet normal 0 0 0
outer loop
vertex 1.269458e-02 2.891659e-01 -1.778616e-01
vertex 1.881414e-02 2.564350e-01 -2.033380e-01
vertex 1.858947e-02 2.778957e-01 -1.656448e-01
endloop
endfacet
facet normal 0 0 0
outer loop
vertex 1.881414e-02 2.564350e-01 -2.033380e-01
vertex 3.457563e-02 2.739619e-01 -1.629645e-01
vertex 1.858947e-02 2.778957e-01 -1.656448e-01
endloop
endfacet
facet normal 0 0 0
outer loop
vertex -1.038687e-01 2.278864e-01 1.984457e-01
vertex -7.225180e-02 2.258331e-01 1.882377e-01
vertex -8.734698e-02 2.681896e-01 1.948174e-01
endloop
endfacet
facet normal 0 0 0
outer loop
vertex -1.032473e-01 3.108628e-01 2.010829e-01
vertex -1.035820e-01 2.661669e-01 1.996624e-01
vertex -8.734698e-02 2.681896e-01 1.948174e-01
endloop
endfacet
facet normal 0 0 0
outer loop
vertex 9.541985e-02 1.319759e+00 2.130755e-01
vertex 9.030608e-02 1.341951e+00 2.089127e-01
vertex 8.830561e-02 1.340662e+00 2.151081e-01
endloop
endfacet
facet normal 0 0 0
outer loop
vertex 9.030608e-02 1.341951e+00 2.089127e-01
vertex 9.541985e-02 1.319759e+00 2.130755e-01
vertex 9.745995e-02 1.320922e+00 2.068680e-01
endloop
endfacet
facet normal 0 0 0
outer loop
vertex -1.395873e-01 -9.235531e-03 2.197296e-01
vertex -1.373208e-01 -8.759089e-03 1.964634e-01
vertex -1.267148e-01 -9.337494e-03 2.195451e-01
endloop
endfacet
facet normal 0 0 0
outer loop
vertex 7.656001e-02 1.197268e+00 1.569863e-01
vertex 6.641473e-02 1.175646e+00 1.703524e-01
vertex 6.452983e-02 1.178814e+00 1.550693e-01
endloop
endfacet
facet normal 0 0 0
outer loop
vertex 7.868786e-02 1.194340e+00 1.723012e-01
vertex 6.641473e-02 1.175646e+00 1.703524e-01
vertex 7.656001e-02 1.197268e+00 1.569863e-01
endloop
endfacet
facet normal 0 0 0
outer loop
vertex -2.151700e-01 1.272701e+00 7.729947e-02
vertex -2.165107e-01 1.292106e+00 7.920486e-02
vertex -2.107971e-01 1.295743e+00 4.118124e-02
endloop
endfacet
facet normal 0 0 0
outer loop
vertex 6.172753e-02 1.381238e+00 1.552416e-01
vertex 4.495810e-02 1.397028e+00 1.292748e-01
vertex 4.776080e-02 1.397111e+00 1.567318e-01
endloop
endfacet
facet normal 0 0 0
outer loop
vertex 6.172753e-02 1.381238e+00 1.552416e-01
vertex 5.857338e-02 1.381562e+00 1.278230e-01
vertex 4.495810e-02 1.397028e+00 1.292748e-01
endloop
endfacet
facet normal 0 0 0
outer loop
vertex 3.736648e-02 2.968388e-01 -4.347378e-01
vertex 4.863266e-02 3.109587e-01 -4.333250e-01
vertex 4.911847e-02 2.898580e-01 -4.363013e-01
endloop
endfacet
facet normal 0 0 0
outer loop
vertex 4.863266e-02 3.109587e-01 -4.333250e-01
vertex 3.736648e-02 2.968388e-01 -4.347378e-01
vertex 3.338526e-02 3.031842e-01 -4.307882e-01
endloop
endfacet
facet normal 0 0 0
outer loop
vertex 8.587570e-02 1.326534e+00 1.225344e-01
vertex 8.042744e-02 1.329057e+00 8.434308e-02
vertex 7.921438e-02 1.346016e+00 1.244252e-01
endloop
endfacet
facet normal 0 0 0
outer loop
vertex 8.095755e-02 5.669638e-01 -6.385200e-02
vertex 9.415278e-02 5.705484e-01 -2.619398e-03
vertex 9.409936e-02 5.409439e-01 -1.240695e-02
endloop
endfacet
facet normal 0 0 0
outer loop
vertex 5.881680e-02 1.352922e+00 -2.693724e-02
vertex 6.044620e-02 1.352375e+00 -1.474579e-02
vertex 6.447618e-02 1.336318e+00 -2.855298e-02
endloop
endfacet
facet normal 0 0 0
outer loop
vertex 6.447618e-02 1.336318e+00 -2.855298e-02
vertex 6.044620e-02 1.352375e+00 -1.474579e-02
vertex 6.618673e-02 1.335546e+00 -1.638275e-02
endloop
endfacet
facet normal 0 0 0
outer loop
vertex -2.001764e-01 1.319392e+00 -1.930423e-02
vertex -1.949390e-01 1.337396e+00 -2.973518e-02
vertex -1.983436e-01 1.320348e+00 -3.143640e-02
endloop
endfacet
facet normal 0 0 0
outer loop
vertex -2.001764e-01 1.319392e+00 -1.930423e-02
vertex -1.967327e-01 1.336661e+00 -1.758177e-02
vertex -1.949390e-01 1.337396e+00 -2.973518e-02
endloop
endfacet
facet normal 0 0 0
outer loop
vertex 1.304108e-01 8.052155e-01 1.661470e-01
vertex 1.589258e-01 8.117961e-01 1.605634e-01
vertex 1.624427e-01 7.724447e-01 2.091831e-01
endloop
endfacet
facet normal 0 0 0
outer loop
vertex 1.357715e-01 7.676966e-01 2.127665e-01
vertex 1.304108e-01 8.052155e-01 1.661470e-01
vertex 1.624427e-01 7.724447e-01 2.091831e-01
endloop
endfacet
facet normal 0 0 0
outer loop
vertex 8.464231e-02 1.606043e-01 -4.458297e-01
vertex 7.176060e-02 1.603053e-01 -4.457035e-01
vertex 8.158626e-02 1.834420e-01 -4.447703e-01
endloop
endfacet
facet normal 0 0 0
outer loop
vertex 8.158626e-02 1.834420e-01 -4.447703e-01
vertex 7.176060e-02 1.603053e-01 -4.457035e-01
vertex 6.863488e-02 1.836470e-01 -4.454265e-01
endloop
endfacet
facet normal 0 0 0
outer loop
vertex 8.464231e-02 1.606043e-01 -4.458297e-01
vertex 8.158626e-02 1.834420e-01 -4.447703e-01
vertex 9.038230e-02 1.833796e-01 -4.417596e-01
endloop
endfacet
facet normal 0 0 0
outer loop
vertex -9.012463e-02 1.117295e+00 1.919343e-01
vertex -6.867649e-02 1.114784e+00 1.917216e-01
vertex -6.900005e-02 1.120636e+00 1.944693e-01
endloop
endfacet
facet normal 0 0 0
outer loop
vertex -8.757241e-02 5.967976e-01 -9.729141e-02
vertex -1.320892e-01 5.895331e-01 -7.537515e-02
vertex -1.272034e-01 6.096290e-01 -7.912388e-02
endloop
endfacet
facet normal 0 0 0
outer loop
vertex -2.350430e-01 8.925406e-01 -1.700979e-01
vertex -2.246211e-01 9.169277e-01 -1.590088e-01
vertex -2.117452e-01 9.075338e-01 -1.880096e-01
endloop
endfacet
facet normal 0 0 0
outer loop
vertex -6.461259e-02 1.056415e+00 1.227442e-01
vertex -6.019232e-02 1.078495e+00 1.213756e-01
vertex -1.088910e-01 1.070830e+00 1.051806e-01
endloop
endfacet
facet normal 0 0 0
outer loop
vertex 8.040562e-02 2.113297e-01 -3.275735e-01
vertex 8.055574e-02 2.055800e-01 -3.445499e-01
vertex 8.856373e-02 2.381596e-01 -3.405924e-01
endloop
endfacet
facet normal 0 0 0
outer loop
vertex 8.847021e-02 2.355910e-01 -3.521771e-01
vertex 8.856373e-02 2.381596e-01 -3.405924e-01
vertex 8.055574e-02 2.055800e-01 -3.445499e-01
endloop
endfacet
facet normal 0 0 0
outer loop
vertex -1.910663e-01 1.367614e+00 2.184633e-01
vertex -1.838108e-01 1.349148e+00 2.166778e-01
vertex -1.656914e-01 1.372468e+00 2.190668e-01
endloop
endfacet
facet normal 0 0 0
outer loop
vertex -1.838108e-01 1.349148e+00 2.166778e-01
vertex -1.603166e-01 1.358969e+00 2.177612e-01
vertex -1.656914e-01 1.372468e+00 2.190668e-01
endloop
endfacet
facet normal 0 0 0
outer loop
vertex -1.980182e-01 1.179986e+00 1.977862e-01
vertex -2.101093e-01 1.197725e+00 1.994863e-01
vertex -1.998568e-01 1.179701e+00 1.914179e-01
endloop
endfacet
facet normal 0 0 0
outer loop
vertex 3.445422e-02 1.228270e+00 -5.757414e-02
vertex 4.755285e-02 1.238434e+00 -5.438847e-02
vertex 3.813398e-02 1.224534e+00 -5.581782e-02
endloop
endfacet
facet normal 0 0 0
outer loop
vertex 4.755285e-02 1.238434e+00 -5.438847e-02
vertex 3.445422e-02 1.228270e+00 -5.757414e-02
vertex 4.315666e-02 1.241241e+00 -5.624137e-02
endloop
endfacet
facet normal 0 0 0
outer loop
vertex 3.813398e-02 1.224534e+00 -5.581782e-02
vertex 2.398747e-02 1.216394e+00 -5.880764e-02
vertex 3.445422e-02 1.228270e+00 -5.757414e-02
endloop
endfacet
facet normal 0 0 0
outer loop
vertex 1.609073e-02 1.388446e+00 -4.178855e-02
vertex 5.083424e-03 1.398219e+00 -4.092330e-02
vertex 1.007431e-02 1.403187e+00 -4.040636e-02
endloop
endfacet
facet normal 0 0 0
outer loop
vertex 2.251853e-02 1.392718e+00 -4.133273e-02
vertex 1.609073e-02 1.388446e+00 -4.178855e-02
vertex 1.007431e-02 1.403187e+00 -4.040636e-02
endloop
endfacet
facet normal 0 0 0
outer loop
vertex -4.766506e-02 1.120607e+00 1.945275e-01
vertex -4.692160e-02 1.114683e+00 1.917700e-01
vertex -2.643675e-02 1.123222e+00 1.948711e-01
endloop
endfacet
facet normal 0 0 0
outer loop
vertex -4.692160e-02 1.114683e+00 1.917700e-01
vertex -2.530826e-02 1.117263e+00 1.921093e-01
vertex -2.643675e-02 1.123222e+00 1.948711e-01
endloop
endfacet
facet normal 0 0 0
outer loop
vertex 4.490109e-02 7.968463e-01 -4.764003e-02
vertex 2.070569e-02 7.190285e-01 -8.726991e-02
vertex 1.628644e-02 7.957186e-01 -8.008265e-02
endloop
endfacet
facet normal 0 0 0
outer loop
vertex -1.357143e-01 3.455667e-01 1.879223e-01
vertex -1.356156e-01 3.076853e-01 1.873676e-01
vertex -1.032473e-01 3.108628e-01 2.010829e-01
endloop
endfacet
facet normal 0 0 0
outer loop
vertex -1.357143e-01 3.455667e-01 1.879223e-01
vertex -1.032473e-01 3.108628e-01 2.010829e-01
vertex -1.029847e-01 3.492218e-01 2.019927e-01
endloop
endfacet
facet normal 0 0 0
outer loop
vertex -2.023166e-01 9.600539e-01 -5.241695e-02
vertex -1.949509e-01 9.431508e-01 -5.346517e-02
vertex -1.749325e-01 9.521856e-01 -1.829038e-02
endloop
endfacet
facet normal 0 0 0
outer loop
vertex -2.149693e-01 9.341159e-01 -8.863996e-02
vertex -2.023166e-01 9.600539e-01 -5.241695e-02
vertex -1.976682e-01 9.720328e-01 -6.672505e-02
endloop
endfacet
facet normal 0 0 0
outer loop
vertex 7.012673e-02 6.009237e-02 -4.247620e-01
vertex 4.024018e-02 7.297675e-02 -4.353553e-01
vertex 7.028560e-02 6.023042e-02 -4.356006e-01
endloop
endfacet
facet normal 0 0 0
outer loop
vertex 9.338868e-04 1.188727e+00 -5.315815e-02
vertex -1.422240e-02 1.179124e+00 -4.447638e-02
vertex -1.473254e-02 1.181401e+00 -5.396525e-02
endloop
endfacet
facet normal 0 0 0
outer loop
vertex 8.093455e-02 2.278237e-01 -2.818896e-01
vertex 8.952119e-02 2.513423e-01 -2.994347e-01
vertex 9.107139e-02 2.815736e-01 -2.274575e-01
endloop
endfacet
facet normal 0 0 0
outer loop
vertex -1.340978e-01 5.098796e-01 -3.426317e-02
vertex -1.168640e-01 4.744499e-01 -1.610756e-02
vertex -1.343774e-01 4.776421e-01 -6.221427e-03
endloop
endfacet
facet normal 0 0 0
outer loop
vertex -1.340978e-01 5.098796e-01 -3.426317e-02
vertex -9.852747e-02 4.774496e-01 -3.106358e-02
vertex -1.168640e-01 4.744499e-01 -1.610756e-02
endloop
endfacet
facet normal 0 0 0
outer loop
vertex 4.332894e-02 1.170670e+00 2.001333e-01
vertex 6.226968e-02 1.177446e+00 2.008943e-01
vertex 5.590115e-02 1.184537e+00 2.015468e-01
endloop
endfacet
facet normal 0 0 0
outer loop
vertex 4.856946e-02 1.161971e+00 1.992460e-01
vertex 6.226968e-02 1.177446e+00 2.008943e-01
vertex 4.332894e-02 1.170670e+00 2.001333e-01
endloop
endfacet
facet normal 0 0 0
outer loop
vertex -1.879582e-01 1.253638e+00 -4.769379e-02
vertex -1.803163e-01 1.238200e+00 -4.918732e-02
vertex -1.893090e-01 1.252163e+00 -3.813932e-02
endloop
endfacet
facet normal 0 0 0
outer loop
vertex -1.803163e-01 1.238200e+00 -4.918732e-02
vertex -1.815857e-01 1.236566e+00 -3.964805e-02
vertex -1.893090e-01 1.252163e+00 -3.813932e-02
endloop
endfacet
facet normal 0 0 0
outer loop
vertex 9.250379e-02 3.270172e-01 -1.567000e-01
vertex 8.247389e-02 2.810579e-01 -1.694158e-01
vertex 8.194577e-02 2.585862e-01 -2.064853e-01
endloop
endfacet
facet normal 0 0 0
outer loop
vertex -2.249637e-02 1.440937e+00 2.180953e-01
vertex -4.406981e-02 1.442585e+00 2.244831e-01
vertex -2.266170e-02 1.438255e+00 2.241636e-01
endloop
endfacet
facet normal 0 0 0
outer loop
vertex -1.003480e-01 1.174759e+00 -4.532331e-02
vertex -1.000193e-01 1.176720e+00 -5.491258e-02
vertex -8.317596e-02 1.171270e+00 -4.558638e-02
endloop
endfacet
facet normal 0 0 0
outer loop
vertex -1.000193e-01 1.176720e+00 -5.491258e-02
vertex -8.294514e-02 1.173546e+00 -5.507174e-02
vertex -8.317596e-02 1.171270e+00 -4.558638e-02
endloop
endfacet
facet normal 0 0 0
outer loop
vertex 8.391054e-02 3.424272e-01 -7.273125e-02
vertex 9.355974e-02 3.539313e-01 -1.102126e-01
vertex 9.355763e-02 3.682333e-01 -1.006849e-01
endloop
endfacet
facet normal 0 0 0
outer loop
vertex -1.211944e-01 2.139930e-02 3.197541e-01
vertex -9.157768e-02 2.295583e-02 3.060442e-01
vertex -1.194446e-01 3.248487e-02 3.062557e-01
endloop
endfacet
facet normal 0 0 0
outer loop
vertex -1.355317e-01 2.666283e-01 1.866695e-01
vertex -1.354478e-01 2.255713e-01 1.859714e-01
vertex -1.197421e-01 2.677858e-01 1.929066e-01
endloop
endfacet
facet normal 0 0 0
outer loop
vertex -1.032473e-01 3.108628e-01 2.010829e-01
vertex -1.356156e-01 3.076853e-01 1.873676e-01
vertex -1.197421e-01 2.677858e-01 1.929066e-01
endloop
endfacet
facet normal 0 0 0
outer loop
vertex -1.035820e-01 2.661669e-01 1.996624e-01
vertex -1.032473e-01 3.108628e-01 2.010829e-01
vertex -1.197421e-01 2.677858e-01 1.929066e-01
endloop
endfacet
facet normal 0 0 0
outer loop
vertex -1.428982e-02 1.425552e+00 -2.016112e-02
vertex -3.089508e-02 1.431195e+00 -1.968278e-02
vertex -1.365745e-02 1.426008e+00 -7.810317e-03
endloop
endfacet
facet normal 0 0 0
outer loop
vertex -1.365745e-02 1.426008e+00 -7.810317e-03
vertex -3.089508e-02 1.431195e+00 -1.968278e-02
vertex -3.048845e-02 1.431723e+00 -7.393509e-03
endloop
endfacet
facet normal 0 0 0
outer loop
vertex 8.391054e-02 3.424272e-01 -7.273125e-02
vertex 8.387693e-02 3.307720e-01 -8.597501e-02
vertex 9.355974e-02 3.539313e-01 -1.102126e-01
endloop
endfacet
facet normal 0 0 0
outer loop
vertex -6.704080e-02 6.476437e-02 1.388426e-01
vertex -6.706437e-02 4.068077e-02 1.761135e-01
vertex -7.101502e-02 4.075611e-02 1.330005e-01
endloop
endfacet
facet normal 0 0 0
outer loop
vertex 7.781185e-02 2.753178e-01 -3.126988e-01
vertex 8.872501e-02 2.409313e-01 -3.299233e-01
vertex 7.698061e-02 2.668211e-01 -3.412336e-01
endloop
endfacet
facet normal 0 0 0
outer loop
vertex 7.698061e-02 2.668211e-01 -3.412336e-01
vertex 4.731600e-02 2.737379e-01 -3.441987e-01
vertex 4.763268e-02 2.822647e-01 -3.164485e-01
endloop
endfacet
facet normal 0 0 0
outer loop
vertex 1.928954e-01 6.723960e-01 3.280600e-01
vertex 1.865840e-01 7.003058e-01 3.509156e-01
vertex 1.818478e-01 6.343894e-01 3.773337e-01
endloop
endfacet
facet normal 0 0 0
outer loop
vertex 1.763949e-01 6.569484e-01 3.961184e-01
vertex 1.818478e-01 6.343894e-01 3.773337e-01
vertex 1.865840e-01 7.003058e-01 3.509156e-01
endloop
endfacet
facet normal 0 0 0
outer loop
vertex 8.929761e-02 1.232642e+00 2.065164e-01
vertex 7.945184e-02 1.233511e+00 2.065632e-01
vertex 8.257297e-02 1.213052e+00 2.045295e-01
endloop
endfacet
facet normal 0 0 0
outer loop
vertex 1.014648e-02 5.089869e-01 5.129404e-02
vertex 4.702781e-02 4.988653e-01 6.326813e-02
vertex 4.615201e-02 5.299591e-01 7.919872e-02
endloop
endfacet
facet normal 0 0 0
outer loop
vertex -2.511056e-02 1.117438e+00 1.760685e-01
vertex -2.497114e-02 1.115847e+00 1.856129e-01
vertex -4.670659e-02 1.113328e+00 1.852818e-01
endloop
endfacet
facet normal 0 0 0
outer loop
vertex -2.511056e-02 1.117438e+00 1.760685e-01
vertex -4.670659e-02 1.113328e+00 1.852818e-01
vertex -4.676880e-02 1.115006e+00 1.757475e-01
endloop
endfacet
facet normal 0 0 0
outer loop
vertex -6.901848e-02 1.293913e+00 2.118152e-01
vertex -8.234993e-02 1.274106e+00 2.097971e-01
vertex -5.554749e-02 1.279661e+00 2.104800e-01
endloop
endfacet
facet normal 0 0 0
outer loop
vertex -1.319254e-01 1.189996e+00 -5.374116e-02
vertex -1.155679e-01 1.185272e+00 -6.046659e-02
vertex -1.164066e-01 1.182344e+00 -5.442908e-02
endloop
endfacet
facet normal 0 0 0
outer loop
vertex -1.319254e-01 1.189996e+00 -5.374116e-02
vertex -1.306317e-01 1.192725e+00 -5.979662e-02
vertex -1.155679e-01 1.185272e+00 -6.046659e-02
endloop
endfacet
facet normal 0 0 0
outer loop
vertex -1.994019e-01 1.382290e+00 2.017159e-01
vertex -1.841263e-01 1.398321e+00 1.910689e-01
vertex -1.979496e-01 1.382354e+00 1.894873e-01
endloop
endfacet
facet normal 0 0 0
outer loop
vertex -2.115720e-01 1.364229e+00 1.998751e-01
vertex -1.994019e-01 1.382290e+00 2.017159e-01
vertex -1.979496e-01 1.382354e+00 1.894873e-01
endloop
endfacet
facet normal 0 0 0
outer loop
vertex -1.979496e-01 1.382354e+00 1.894873e-01
vertex -2.099867e-01 1.364488e+00 1.876665e-01
vertex -2.115720e-01 1.364229e+00 1.998751e-01
endloop
endfacet
facet normal 0 0 0
outer loop
vertex -1.365008e-01 1.292979e+00 2.113818e-01
vertex -1.160254e-01 1.282357e+00 2.104418e-01
vertex -1.082383e-01 1.303003e+00 2.125085e-01
endloop
endfacet
facet normal 0 0 0
outer loop
vertex -5.963276e-02 5.443827e-01 9.227022e-02
vertex -6.340155e-02 4.780678e-01 1.272531e-01
vertex -5.591041e-02 5.025702e-01 8.211313e-02
endloop
endfacet
facet normal 0 0 0
outer loop
vertex -4.815818e-02 5.274951e-01 2.842551e-02
vertex -5.963276e-02 5.443827e-01 9.227022e-02
vertex -5.591041e-02 5.025702e-01 8.211313e-02
endloop
endfacet
facet normal 0 0 0
outer loop
vertex 6.034481e-02 1.366647e+00 4.954002e-02
vertex 6.882241e-02 1.349576e+00 4.789935e-02
vertex 5.694107e-02 1.367385e+00 2.216593e-02
endloop
endfacet
facet normal 0 0 0
outer loop
vertex -1.349294e-01 4.097349e-01 1.643765e-01
vertex -1.355079e-01 3.761575e-01 1.800361e-01
vertex -1.023226e-01 3.806673e-01 1.944619e-01
endloop
endfacet
facet normal 0 0 0
outer loop
vertex -1.307189e-01 1.191081e+00 2.013535e-01
vertex -1.191139e-01 1.211760e+00 2.034696e-01
vertex -1.362583e-01 1.206748e+00 2.028837e-01
endloop
endfacet
facet normal 0 0 0
outer loop
vertex -1.186185e-01 1.194279e+00 2.017337e-01
vertex -1.191139e-01 1.211760e+00 2.034696e-01
vertex -1.307189e-01 1.191081e+00 2.013535e-01
endloop
endfacet
facet normal 0 0 0
outer loop
vertex -1.108781e-01 -9.496910e-03 2.195184e-01
vertex -1.243766e-01 -9.028689e-03 1.961821e-01
vertex -1.090081e-01 -9.189171e-03 1.962243e-01
endloop
endfacet
facet normal 0 0 0
outer loop
vertex -1.108781e-01 -9.496910e-03 2.195184e-01
vertex -1.090081e-01 -9.189171e-03 1.962243e-01
vertex -9.510589e-02 -9.657796e-03 2.196562e-01
endloop
endfacet
facet normal 0 0 0
outer loop
vertex -1.267148e-01 -9.337494e-03 2.195451e-01
vertex -1.243766e-01 -9.028689e-03 1.961821e-01
vertex -1.108781e-01 -9.496910e-03 2.195184e-01
endloop
endfacet
facet normal 0 0 0
outer loop
vertex -8.103609e-02 6.475429e-01 1.046887e-01
vertex -8.474269e-02 6.249455e-01 9.974387e-02
vertex -2.453365e-02 6.173103e-01 1.053635e-01
endloop
endfacet
facet normal 0 0 0
outer loop
vertex -8.957770e-03 1.387280e+00 -4.207651e-02
vertex -1.471348e-02 1.372968e+00 -4.347872e-02
vertex -1.909470e-02 1.384152e+00 -4.243618e-02
endloop
endfacet
facet normal 0 0 0
outer loop
vertex -1.803968e-01 1.010420e+00 -4.632588e-02
vertex -1.805252e-01 9.918404e-01 -9.353431e-02
vertex -1.922510e-01 9.858533e-01 -7.954767e-02
endloop
endfacet
facet normal 0 0 0
outer loop
vertex -1.805252e-01 9.918404e-01 -9.353431e-02
vertex -1.780554e-01 9.754519e-01 -1.364889e-01
vertex -2.041052e-01 9.612867e-01 -1.127695e-01
endloop
endfacet
facet normal 0 0 0
outer loop
vertex -2.474472e-02 1.196027e+00 2.023771e-01
vertex -4.201540e-02 1.191584e+00 2.018565e-01
vertex -3.711792e-02 1.172051e+00 1.999041e-01
endloop
endfacet
facet normal 0 0 0
outer loop
vertex -3.711792e-02 1.172051e+00 1.999041e-01
vertex -4.201540e-02 1.191584e+00 2.018565e-01
vertex -5.543473e-02 1.168581e+00 1.994677e-01
endloop
endfacet
facet normal 0 0 0
outer loop
vertex 8.646268e-02 2.083951e-01 -4.414082e-01
vertex 9.038230e-02 1.833796e-01 -4.417596e-01
vertex 8.158626e-02 1.834420e-01 -4.447703e-01
endloop
endfacet
facet normal 0 0 0
outer loop
vertex -3.711792e-02 1.172051e+00 1.999041e-01
vertex -5.543473e-02 1.168581e+00 1.994677e-01
vertex -3.223037e-02 1.151852e+00 1.979160e-01
endloop
endfacet
facet normal 0 0 0
outer loop
vertex 5.173084e-02 1.395225e+00 2.203037e-01
vertex 6.623130e-02 1.378745e+00 2.187546e-01
vertex 5.343708e-02 1.397027e+00 2.141569e-01
endloop
endfacet
facet normal 0 0 0
outer loop
vertex 6.065262e-02 1.375691e+00 2.205358e-01
vertex 6.623130e-02 1.378745e+00 2.187546e-01
vertex 5.173084e-02 1.395225e+00 2.203037e-01
endloop
endfacet
facet normal 0 0 0
outer loop
vertex -3.185497e-02 1.179237e+00 -6.059767e-02
vertex -1.473254e-02 1.181401e+00 -5.396525e-02
vertex -3.123217e-02 1.176193e+00 -5.456019e-02
endloop
endfacet
facet normal 0 0 0
outer loop
vertex 1.579453e-02 3.637823e-01 -1.442199e-01
vertex 4.799829e-02 3.748684e-01 -1.531196e-01
vertex 1.614971e-02 3.469024e-01 -1.769011e-01
endloop
endfacet
facet normal 0 0 0
outer loop
vertex -1.983436e-01 1.320348e+00 -3.143640e-02
vertex -1.968861e-01 1.321106e+00 -4.106012e-02
vertex -1.980309e-01 1.303945e+00 -4.276350e-02
endloop
endfacet
facet normal 0 0 0
outer loop
vertex -1.976682e-01 9.720328e-01 -6.672505e-02
vertex -1.922510e-01 9.858533e-01 -7.954767e-02
vertex -2.041052e-01 9.612867e-01 -1.127695e-01
endloop
endfacet
facet normal 0 0 0
outer loop
vertex -6.466266e-03 1.431125e+00 1.323230e-01
vertex -8.444412e-03 1.429718e+00 9.377772e-02
vertex -2.711479e-02 1.436070e+00 9.431631e-02
endloop
endfacet
facet normal 0 0 0
outer loop
vertex -6.466266e-03 1.431125e+00 1.323230e-01
vertex 1.187514e-02 1.422101e+00 1.315179e-01
vertex 9.237672e-03 1.421013e+00 9.300105e-02
endloop
endfacet
facet normal 0 0 0
outer loop
vertex 8.499226e-02 2.443924e-01 -3.922584e-01
vertex 9.042109e-02 2.027221e-01 -3.920303e-01
vertex 8.977466e-02 2.063240e-01 -4.175234e-01
endloop
endfacet
facet normal 0 0 0
outer loop
vertex 8.753995e-02 2.380215e-01 -3.683860e-01
vertex 9.042109e-02 2.027221e-01 -3.920303e-01
vertex 8.499226e-02 2.443924e-01 -3.922584e-01
endloop
endfacet
facet normal 0 0 0
outer loop
vertex 5.694107e-02 1.367385e+00 2.216593e-02
vertex 4.438150e-02 1.382950e+00 3.806874e-03
vertex 4.662713e-02 1.382746e+00 2.363140e-02
endloop
endfacet
facet normal 0 0 0
outer loop
vertex 4.924548e-03 5.876686e-01 -6.155231e-02
vertex -1.585596e-03 5.964848e-01 -6.488364e-02
vertex 3.941754e-02 6.098087e-01 -8.542595e-02
endloop
endfacet
facet normal 0 0 0
outer loop
vertex 1.316211e-01 9.951684e-01 4.485118e-02
vertex 1.480545e-01 9.546546e-01 5.209097e-02
vertex 1.316025e-01 9.864492e-01 2.637920e-02
endloop
endfacet
facet normal 0 0 0
outer loop
vertex 6.649908e-02 1.087500e+00 -1.485756e-02
vertex 7.849894e-02 1.081611e+00 3.300387e-02
vertex 8.096672e-02 1.064243e+00 -3.184582e-02
endloop
endfacet
facet normal 0 0 0
outer loop
vertex 1.780467e-01 8.605568e-01 1.292138e-01
vertex 1.444674e-01 8.680180e-01 9.758884e-02
vertex 1.677656e-01 8.871431e-01 1.083275e-01
endloop
endfacet
facet normal 0 0 0
outer loop
vertex -1.373208e-01 -8.759089e-03 1.964634e-01
vertex -1.243766e-01 -9.028689e-03 1.961821e-01
vertex -1.267148e-01 -9.337494e-03 2.195451e-01
endloop
endfacet
facet normal 0 0 0
outer loop
vertex 5.188857e-02 2.083841e-01 -4.448975e-01
vertex 5.327926e-02 1.830621e-01 -4.453819e-01
vertex 3.775255e-02 2.077857e-01 -4.448512e-01
endloop
endfacet
facet normal 0 0 0
outer loop
vertex -1.194446e-01 3.248487e-02 3.062557e-01
vertex -1.477772e-01 2.372435e-02 3.061754e-01
vertex -1.211944e-01 2.139930e-02 3.197541e-01
endloop
endfacet
facet normal 0 0 0
outer loop
vertex -1.363095e-01 -4.612985e-03 1.225969e-01
vertex -1.257083e-01 -2.593179e-03 7.685051e-02
vertex -1.217681e-01 -5.568859e-03 8.343868e-02
endloop
endfacet
facet normal 0 0 0
outer loop
vertex -2.266170e-02 1.438255e+00 2.241636e-01
vertex -4.377247e-02 1.436143e+00 2.259605e-01
vertex -2.314650e-02 1.431892e+00 2.256452e-01
endloop
endfacet
facet normal 0 0 0
outer loop
vertex 7.152393e-03 5.834120e-01 -5.950946e-02
vertex 4.380585e-02 5.960867e-01 -8.078394e-02
vertex 4.425094e-02 5.710526e-01 -8.025743e-02
endloop
endfacet
facet normal 0 0 0
outer loop
vertex 6.547047e-02 7.229013e-01 1.392570e-02
vertex 8.680890e-02 6.548460e-01 1.859201e-02
vertex 6.814817e-02 6.911523e-01 -2.254395e-02
endloop
endfacet
facet normal 0 0 0
outer loop
vertex 4.806926e-02 1.166914e+00 1.339575e-01
vertex 6.228736e-02 1.182905e+00 1.356598e-01
vertex 4.999060e-02 1.162515e+00 1.533239e-01
endloop
endfacet
facet normal 0 0 0
outer loop
vertex -1.285743e-02 1.426581e+00 7.792797e-03
vertex -2.930833e-02 1.433247e+00 2.820371e-02
vertex -1.183618e-02 1.427309e+00 2.770030e-02
endloop
endfacet
facet normal 0 0 0
outer loop
vertex 8.294141e-02 1.253085e+00 2.085299e-01
vertex 6.780396e-02 1.252512e+00 2.084060e-01
vertex 7.945184e-02 1.233511e+00 2.065632e-01
endloop
endfacet
facet normal 0 0 0
outer loop
vertex 7.945184e-02 1.233511e+00 2.065632e-01
vertex 6.780396e-02 1.252512e+00 2.084060e-01
vertex 6.460793e-02 1.233953e+00 2.065449e-01
endloop
endfacet
facet normal 0 0 0
outer loop
vertex 9.338868e-04 1.188727e+00 -5.315815e-02
vertex -1.473254e-02 1.181401e+00 -5.396525e-02
vertex -1.557622e-02 1.184420e+00 -6.000601e-02
endloop
endfacet
facet normal 0 0 0
outer loop
vertex -1.358565e-04 1.191690e+00 -5.920577e-02
vertex 9.338868e-04 1.188727e+00 -5.315815e-02
vertex -1.557622e-02 1.184420e+00 -6.000601e-02
endloop
endfacet
facet normal 0 0 0
outer loop
vertex 1.780467e-01 8.605568e-01 1.292138e-01
vertex 1.540854e-01 8.436587e-01 1.169912e-01
vertex 1.444674e-01 8.680180e-01 9.758884e-02
endloop
endfacet
facet normal 0 0 0
outer loop
vertex -2.996699e-02 1.432388e+00 8.285049e-03
vertex -2.930833e-02 1.433247e+00 2.820371e-02
vertex -1.285743e-02 1.426581e+00 7.792797e-03
endloop
endfacet
facet normal 0 0 0
outer loop
vertex -1.286591e-01 1.334828e+00 2.155391e-01
vertex -1.622235e-01 1.323659e+00 2.142727e-01
vertex -1.258938e-01 1.315701e+00 2.136721e-01
endloop
endfacet
facet normal 0 0 0
outer loop
vertex -1.258938e-01 1.315701e+00 2.136721e-01
vertex -1.622235e-01 1.323659e+00 2.142727e-01
vertex -1.637767e-01 1.307225e+00 2.126497e-01
endloop
endfacet
facet normal 0 0 0
outer loop
vertex 6.622983e-02 2.384235e-01 -2.407437e-01
vertex 8.194577e-02 2.585862e-01 -2.064853e-01
vertex 5.078646e-02 2.485672e-01 -1.979772e-01
endloop
endfacet
facet normal 0 0 0
outer loop
vertex 8.144016e-02 2.432050e-01 -2.441875e-01
vertex 8.194577e-02 2.585862e-01 -2.064853e-01
vertex 6.622983e-02 2.384235e-01 -2.407437e-01
endloop
endfacet
facet normal 0 0 0
outer loop
vertex -1.343774e-01 4.776421e-01 -6.221427e-03
vertex -1.168640e-01 4.744499e-01 -1.610756e-02
vertex -1.346571e-01 4.454046e-01 2.182032e-02
endloop
endfacet
facet normal 0 0 0
outer loop
vertex 1.187514e-02 1.422101e+00 1.315179e-01
vertex -6.466266e-03 1.431125e+00 1.323230e-01
vertex -5.055252e-03 1.432137e+00 1.598561e-01
endloop
endfacet
facet normal 0 0 0
outer loop
vertex 4.332894e-02 1.170670e+00 2.001333e-01
vertex 5.590115e-02 1.184537e+00 2.015468e-01
vertex 3.623769e-02 1.182651e+00 2.012790e-01
endloop
endfacet
facet normal 0 0 0
outer loop
vertex 4.858032e-02 1.192924e+00 2.023685e-01
vertex 3.623769e-02 1.182651e+00 2.012790e-01
vertex 5.590115e-02 1.184537e+00 2.015468e-01
endloop
endfacet
facet normal 0 0 0
outer loop
vertex -1.618276e-01 1.396931e+00 -1.148477e-02
vertex -1.754560e-01 1.383507e+00 2.727801e-03
vertex -1.635206e-01 1.397009e+00 4.124813e-03
endloop
endfacet
facet normal 0 0 0
outer loop
vertex -1.735635e-01 1.383647e+00 -1.285921e-02
vertex -1.754560e-01 1.383507e+00 2.727801e-03
vertex -1.618276e-01 1.396931e+00 -1.148477e-02
endloop
endfacet
facet normal 0 0 0
outer loop
vertex -1.110328e-01 1.122164e+00 1.923822e-01
vertex -9.012463e-02 1.117295e+00 1.919343e-01
vertex -8.999854e-02 1.123082e+00 1.946655e-01
endloop
endfacet
facet normal 0 0 0
outer loop
vertex 5.083424e-03 1.398219e+00 -4.092330e-02
vertex 7.444319e-03 1.382872e+00 -4.238496e-02
vertex -1.077817e-03 1.392436e+00 -4.152675e-02
endloop
endfacet
facet normal 0 0 0
outer loop
vertex 1.609073e-02 1.388446e+00 -4.178855e-02
vertex 7.444319e-03 1.382872e+00 -4.238496e-02
vertex 5.083424e-03 1.398219e+00 -4.092330e-02
endloop
endfacet
facet normal 0 0 0
outer loop
vertex 3.359871e-02 1.191184e-01 -4.462241e-01
vertex 2.751807e-02 1.578511e-01 -4.447163e-01
vertex 4.017752e-02 1.591173e-01 -4.456418e-01
endloop
endfacet
facet normal 0 0 0
outer loop
vertex 2.751807e-02 1.578511e-01 -4.447163e-01
vertex 3.359871e-02 1.191184e-01 -4.462241e-01
vertex 1.916705e-02 1.570159e-01 -4.415471e-01
endloop
endfacet
facet normal 0 0 0
outer loop
vertex -3.838010e-02 1.426932e+00 2.250770e-01
vertex -4.377247e-02 1.436143e+00 2.259605e-01
vertex -6.039187e-02 1.427408e+00 2.250101e-01
endloop
endfacet
facet normal 0 0 0
outer loop
vertex -3.838010e-02 1.426932e+00 2.250770e-01
vertex -6.039187e-02 1.427408e+00 2.250101e-01
vertex -5.702827e-02 1.413183e+00 2.236252e-01
endloop
endfacet
facet normal 0 0 0
outer loop
vertex -8.294514e-02 1.173546e+00 -5.507174e-02
vertex -1.000193e-01 1.176720e+00 -5.491258e-02
vertex -8.285349e-02 1.176608e+00 -6.110347e-02
endloop
endfacet
facet normal 0 0 0
outer loop
vertex 5.447223e-02 1.367913e+00 2.371321e-03
vertex 5.254224e-02 1.368329e+00 -1.320881e-02
vertex 4.438150e-02 1.382950e+00 3.806874e-03
endloop
endfacet
facet normal 0 0 0
outer loop
vertex 4.438150e-02 1.382950e+00 3.806874e-03
vertex 5.694107e-02 1.367385e+00 2.216593e-02
vertex 5.447223e-02 1.367913e+00 2.371321e-03
endloop
endfacet
facet normal 0 0 0
outer loop
vertex -2.114524e-01 1.198830e+00 1.835519e-01
vertex -2.098175e-01 1.200913e+00 1.715302e-01
vertex -1.993199e-01 1.181037e+00 1.818486e-01
endloop
endfacet
facet normal 0 0 0
outer loop
vertex -1.998568e-01 1.179701e+00 1.914179e-01
vertex -2.114524e-01 1.198830e+00 1.835519e-01
vertex -1.993199e-01 1.181037e+00 1.818486e-01
endloop
endfacet
facet normal 0 0 0
outer loop
vertex -1.362583e-01 1.206748e+00 2.028837e-01
vertex -1.531327e-01 1.200819e+00 2.022063e-01
vertex -1.456953e-01 1.186353e+00 2.008037e-01
endloop
endfacet
facet normal 0 0 0
outer loop
vertex -1.456953e-01 1.186353e+00 2.008037e-01
vertex -1.531327e-01 1.200819e+00 2.022063e-01
vertex -1.591458e-01 1.179431e+00 2.000429e-01
endloop
endfacet
facet normal 0 0 0
outer loop
vertex 4.700410e-02 1.347584e+00 2.176921e-01
vertex 5.996983e-02 1.335156e+00 2.165346e-01
vertex 7.268032e-02 1.357895e+00 2.188388e-01
endloop
endfacet
facet normal 0 0 0
outer loop
vertex 4.700410e-02 1.347584e+00 2.176921e-01
vertex 2.701584e-02 1.320290e+00 2.149041e-01
vertex 5.996983e-02 1.335156e+00 2.165346e-01
endloop
endfacet
facet normal 0 0 0
outer loop
vertex 3.623769e-02 1.182651e+00 2.012790e-01
vertex 4.858032e-02 1.192924e+00 2.023685e-01
vertex 2.636346e-02 1.196372e+00 2.026273e-01
endloop
endfacet
facet normal 0 0 0
outer loop
vertex -1.088561e-01 1.439990e+00 1.799579e-01
vertex -1.079794e-01 1.439023e+00 1.600360e-01
vertex -1.278600e-01 1.432335e+00 1.592758e-01
endloop
endfacet
facet normal 0 0 0
outer loop
vertex -1.079794e-01 1.439023e+00 1.600360e-01
vertex -8.787513e-02 1.444096e+00 1.804675e-01
vertex -8.738765e-02 1.443057e+00 1.605366e-01
endloop
endfacet
facet normal 0 0 0
outer loop
vertex -1.198314e-01 7.183608e-01 -4.226155e-03
vertex -1.344430e-01 7.914125e-01 3.511268e-03
vertex -1.060520e-01 7.600973e-01 -3.509010e-02
endloop
endfacet
facet normal 0 0 0
outer loop
vertex 5.414671e-02 1.382020e+00 8.943605e-02
vertex 5.857338e-02 1.381562e+00 1.278230e-01
vertex 6.518882e-02 1.365573e+00 8.786885e-02
endloop
endfacet
facet normal 0 0 0
outer loop
vertex -1.471348e-02 1.372968e+00 -4.347872e-02
vertex -8.957770e-03 1.387280e+00 -4.207651e-02
vertex -2.969895e-03 1.377286e+00 -4.299112e-02
endloop
endfacet
facet normal 0 0 0
outer loop
vertex 2.878512e-02 1.344671e+00 -4.605699e-02
vertex -1.471348e-02 1.372968e+00 -4.347872e-02
vertex -2.969895e-03 1.377286e+00 -4.299112e-02
endloop
endfacet
facet normal 0 0 0
outer loop
vertex 2.644109e-02 1.146360e-01 -4.424361e-01
vertex 1.633804e-02 1.564527e-01 -4.327337e-01
vertex 1.916705e-02 1.570159e-01 -4.415471e-01
endloop
endfacet
facet normal 0 0 0
outer loop
vertex 6.228736e-02 1.182905e+00 1.356598e-01
vertex 6.452983e-02 1.178814e+00 1.550693e-01
vertex 4.999060e-02 1.162515e+00 1.533239e-01
endloop
endfacet
facet normal 0 0 0
outer loop
vertex 9.428211e-02 8.723848e-01 1.390763e-01
vertex 1.132979e-01 8.593596e-01 1.083559e-01
vertex 1.224929e-01 8.363808e-01 1.257347e-01
endloop
endfacet
facet normal 0 0 0
outer loop
vertex -6.832007e-02 1.123124e+00 1.487174e-01
vertex -6.849635e-02 1.118574e+00 1.638370e-01
vertex -8.971037e-02 1.121113e+00 1.640615e-01
endloop
endfacet
facet normal 0 0 0
outer loop
vertex -2.583464e-02 1.437714e+00 1.328818e-01
vertex -2.711479e-02 1.436070e+00 9.431631e-02
vertex -4.589860e-02 1.441710e+00 1.331799e-01
endloop
endfacet
facet normal 0 0 0
outer loop
vertex -6.466266e-03 1.431125e+00 1.323230e-01
vertex -2.711479e-02 1.436070e+00 9.431631e-02
vertex -2.583464e-02 1.437714e+00 1.328818e-01
endloop
endfacet
facet normal 0 0 0
outer loop
vertex -1.238544e-01 1.429908e+00 9.323278e-02
vertex -1.261914e-01 1.431326e+00 1.317580e-01
vertex -1.051718e-01 1.436196e+00 9.394749e-02
endloop
endfacet
facet normal 0 0 0
outer loop
vertex 1.357715e-01 7.676966e-01 2.127665e-01
vertex 1.130659e-01 8.127871e-01 1.936137e-01
vertex 1.304108e-01 8.052155e-01 1.661470e-01
endloop
endfacet
facet normal 0 0 0
outer loop
vertex -1.786576e-01 1.167134e+00 1.987093e-01
vertex -1.634087e-01 1.154156e+00 1.974856e-01
vertex -1.703309e-01 1.172480e+00 1.992889e-01
endloop
endfacet
facet normal 0 0 0
outer loop
vertex -9.991447e-02 1.430896e+00 -2.975502e-02
vertex -1.003273e-01 1.431309e+00 -2.001064e-02
vertex -8.311491e-02 1.434684e+00 -1.959191e-02
endloop
endfacet
facet normal 0 0 0
outer loop
vertex 7.157044e-03 2.993050e-01 -1.882081e-01
vertex 1.614971e-02 3.469024e-01 -1.769011e-01
vertex 7.739073e-03 2.767131e-01 -2.240309e-01
endloop
endfacet
facet normal 0 0 0
outer loop
vertex 1.614971e-02 3.469024e-01 -1.769011e-01
vertex 1.734353e-02 2.989196e-01 -2.427771e-01
vertex 7.739073e-03 2.767131e-01 -2.240309e-01
endloop
endfacet
facet normal 0 0 0
outer loop
vertex 8.464231e-02 1.606043e-01 -4.458297e-01
vertex 7.681624e-02 1.244073e-01 -4.461735e-01
vertex 7.176060e-02 1.603053e-01 -4.457035e-01
endloop
endfacet
facet normal 0 0 0
outer loop
vertex -2.550925e-01 8.435479e-01 -1.902023e-01
vertex -2.350430e-01 8.925406e-01 -1.700979e-01
vertex -2.356824e-01 8.533728e-01 -2.071755e-01
endloop
endfacet
facet normal 0 0 0
outer loop
vertex 8.257297e-02 1.213052e+00 2.045295e-01
vertex 7.388196e-02 1.215667e+00 2.047575e-01
vertex 7.341399e-02 1.194869e+00 2.026568e-01
endloop
endfacet
facet normal 0 0 0
outer loop
vertex 1.003821e-01 9.086616e-01 5.406720e-02
vertex 7.856694e-02 9.584394e-01 1.260748e-02
vertex 1.271597e-01 9.281262e-01 4.541374e-02
endloop
endfacet
facet normal 0 0 0
outer loop
vertex 1.480545e-01 9.546546e-01 5.209097e-02
vertex 1.271597e-01 9.281262e-01 4.541374e-02
vertex 1.022344e-01 9.802396e-01 -4.779632e-03
endloop
endfacet
facet normal 0 0 0
outer loop
vertex -6.858731e-02 1.113477e+00 1.852417e-01
vertex -6.856225e-02 1.115221e+00 1.757169e-01
vertex -4.670659e-02 1.113328e+00 1.852818e-01
endloop
endfacet
facet normal 0 0 0
outer loop
vertex 7.157044e-03 2.993050e-01 -1.882081e-01
vertex 1.881414e-02 2.564350e-01 -2.033380e-01
vertex 1.269458e-02 2.891659e-01 -1.778616e-01
endloop
endfacet
facet normal 0 0 0
outer loop
vertex 6.575015e-03 3.218969e-01 -1.523852e-01
vertex 1.614971e-02 3.469024e-01 -1.769011e-01
vertex 7.157044e-03 2.993050e-01 -1.882081e-01
endloop
endfacet
facet normal 0 0 0
outer loop
vertex 6.650325e-02 1.285331e+00 -4.330259e-02
vertex 6.789834e-02 1.284149e+00 -3.370486e-02
vertex 6.308664e-02 1.268357e+00 -4.500482e-02
endloop
endfacet
facet normal 0 0 0
outer loop
vertex 6.789834e-02 1.284149e+00 -3.370486e-02
vertex 6.650325e-02 1.285331e+00 -4.330259e-02
vertex 6.765520e-02 1.302617e+00 -4.158320e-02
endloop
endfacet
facet normal 0 0 0
outer loop
vertex 6.765520e-02 1.302617e+00 -4.158320e-02
vertex 6.905700e-02 1.301631e+00 -3.196633e-02
vertex 6.789834e-02 1.284149e+00 -3.370486e-02
endloop
endfacet
facet normal 0 0 0
outer loop
vertex -1.893090e-01 1.252163e+00 -3.813932e-02
vertex -1.815857e-01 1.236566e+00 -3.964805e-02
vertex -1.910058e-01 1.250328e+00 -2.609081e-02
endloop
endfacet
facet normal 0 0 0
outer loop
vertex 1.619304e-03 1.186504e+00 -4.366283e-02
vertex -1.422240e-02 1.179124e+00 -4.447638e-02
vertex 9.338868e-04 1.188727e+00 -5.315815e-02
endloop
endfacet
facet normal 0 0 0
outer loop
vertex 3.408489e-02 1.258789e+00 -5.454151e-02
vertex 5.021381e-02 1.255180e+00 -5.482094e-02
vertex 4.315666e-02 1.241241e+00 -5.624137e-02
endloop
endfacet
facet normal 0 0 0
outer loop
vertex 5.021381e-02 1.255180e+00 -5.482094e-02
vertex 4.755285e-02 1.238434e+00 -5.438847e-02
vertex 4.315666e-02 1.241241e+00 -5.624137e-02
endloop
endfacet
facet normal 0 0 0
outer loop
vertex 7.114968e-02 1.333299e+00 1.887012e-02
vertex 6.517222e-02 1.350796e+00 2.057031e-02
vertex 6.882241e-02 1.349576e+00 4.789935e-02
endloop
endfacet
facet normal 0 0 0
outer loop
vertex 5.694107e-02 1.367385e+00 2.216593e-02
vertex 6.882241e-02 1.349576e+00 4.789935e-02
vertex 6.517222e-02 1.350796e+00 2.057031e-02
endloop
endfacet
facet normal 0 0 0
outer loop
vertex -1.169471e-01 1.425722e+00 -2.064579e-02
vertex -1.176913e-01 1.426172e+00 -8.369897e-03
vertex -1.003273e-01 1.431309e+00 -2.001064e-02
endloop
endfacet
facet normal 0 0 0
outer loop
vertex -1.008503e-01 1.431839e+00 -7.725818e-03
vertex -1.003273e-01 1.431309e+00 -2.001064e-02
vertex -1.176913e-01 1.426172e+00 -8.369897e-03
endloop
endfacet
facet normal 0 0 0
outer loop
vertex 1.940413e-02 2.541784e-01 -4.300809e-01
vertex 1.301099e-02 2.042033e-01 -4.322121e-01
vertex 1.716530e-02 2.494701e-01 -4.153187e-01
endloop
endfacet
facet normal 0 0 0
outer loop
vertex 1.301099e-02 2.042033e-01 -4.322121e-01
vertex 1.241626e-02 2.025129e-01 -4.169742e-01
vertex 1.716530e-02 2.494701e-01 -4.153187e-01
endloop
endfacet
facet normal 0 0 0
outer loop
vertex -1.557622e-02 1.184420e+00 -6.000601e-02
vertex -3.313943e-02 1.184437e+00 -6.219476e-02
vertex -1.720122e-02 1.189550e+00 -6.161144e-02
endloop
endfacet
facet normal 0 0 0
outer loop
vertex -3.185497e-02 1.179237e+00 -6.059767e-02
vertex -3.313943e-02 1.184437e+00 -6.219476e-02
vertex -1.557622e-02 1.184420e+00 -6.000601e-02
endloop
endfacet
facet normal 0 0 0
outer loop
vertex -7.987955e-02 5.328101e-02 2.221283e-01
vertex -8.584145e-02 4.248644e-02 2.658294e-01
vertex -7.028233e-02 3.583216e-02 2.217960e-01
endloop
endfacet
facet normal 0 0 0
outer loop
vertex 3.330116e-02 1.148452e+00 1.517864e-01
vertex 1.473745e-02 1.137268e+00 1.505146e-01
vertex 3.270965e-02 1.152682e+00 1.315057e-01
endloop
endfacet
facet normal 0 0 0
outer loop
vertex 6.780396e-02 1.252512e+00 2.084060e-01
vertex 5.217909e-02 1.252735e+00 2.083571e-01
vertex 6.460793e-02 1.233953e+00 2.065449e-01
endloop
endfacet
facet normal 0 0 0
outer loop
vertex 2.398747e-02 1.216394e+00 -5.880764e-02
vertex 1.540095e-02 1.221415e+00 -5.834765e-02
vertex 3.445422e-02 1.228270e+00 -5.757414e-02
endloop
endfacet
facet normal 0 0 0
outer loop
vertex -2.969895e-03 1.377286e+00 -4.299112e-02
vertex -8.957770e-03 1.387280e+00 -4.207651e-02
vertex -1.077817e-03 1.392436e+00 -4.152675e-02
endloop
endfacet
facet normal 0 0 0
outer loop
vertex 7.444319e-03 1.382872e+00 -4.238496e-02
vertex -2.969895e-03 1.377286e+00 -4.299112e-02
vertex -1.077817e-03 1.392436e+00 -4.152675e-02
endloop
endfacet
facet normal 0 0 0
outer loop
vertex -2.460147e-02 6.479029e-01 1.053597e-01
vertex -8.566681e-02 7.146336e-01 1.002010e-01
vertex -8.103609e-02 6.475429e-01 1.046887e-01
endloop
endfacet
facet normal 0 0 0
outer loop
vertex -1.307189e-01 1.191081e+00 2.013535e-01
vertex -1.362583e-01 1.206748e+00 2.028837e-01
vertex -1.456953e-01 1.186353e+00 2.008037e-01
endloop
endfacet
facet normal 0 0 0
outer loop
vertex -1.003273e-01 1.431309e+00 -2.001064e-02
vertex -8.340631e-02 1.435255e+00 -7.301908e-03
vertex -8.311491e-02 1.434684e+00 -1.959191e-02
endloop
endfacet
facet normal 0 0 0
outer loop
vertex -1.008503e-01 1.431839e+00 -7.725818e-03
vertex -8.340631e-02 1.435255e+00 -7.301908e-03
vertex -1.003273e-01 1.431309e+00 -2.001064e-02
endloop
endfacet
facet normal 0 0 0
outer loop
vertex 4.870578e-02 4.278637e-01 2.105809e-02
vertex 6.618584e-02 4.002221e-01 -1.479955e-02
vertex 8.332174e-02 4.390717e-01 -1.634042e-04
endloop
endfacet
facet normal 0 0 0
outer loop
vertex 8.332174e-02 4.390717e-01 -1.634042e-04
vertex 6.618584e-02 4.002221e-01 -1.479955e-02
vertex 8.366589e-02 3.725804e-01 -5.065718e-02
endloop
endfacet
facet normal 0 0 0
outer loop
vertex -1.720122e-02 1.189550e+00 -6.161144e-02
vertex -2.121005e-03 1.196691e+00 -6.082631e-02
vertex -1.358565e-04 1.191690e+00 -5.920577e-02
endloop
endfacet
facet normal 0 0 0
outer loop
vertex -2.170664e-01 1.345731e+00 1.701694e-01
vertex -2.238972e-01 1.325723e+00 1.681636e-01
vertex -2.195208e-01 1.345237e+00 1.857253e-01
endloop
endfacet
facet normal 0 0 0
outer loop
vertex -2.195208e-01 1.345237e+00 1.857253e-01
vertex -2.238972e-01 1.325723e+00 1.681636e-01
vertex -2.264704e-01 1.324912e+00 1.836870e-01
endloop
endfacet
facet normal 0 0 0
outer loop
vertex -1.637956e-01 1.161373e+00 1.323828e-01
vertex -1.657549e-01 1.157191e+00 1.517898e-01
vertex -1.816776e-01 1.170722e+00 1.530600e-01
endloop
endfacet
facet normal 0 0 0
outer loop
vertex -1.637956e-01 1.161373e+00 1.323828e-01
vertex -1.816776e-01 1.170722e+00 1.530600e-01
vertex -1.794449e-01 1.174664e+00 1.336281e-01
endloop
endfacet
facet normal 0 0 0
outer loop
vertex -1.140651e-01 1.190255e+00 -6.207380e-02
vertex -1.306317e-01 1.192725e+00 -5.979662e-02
vertex -1.280560e-01 1.197255e+00 -6.144433e-02
endloop
endfacet
facet normal 0 0 0
outer loop
vertex 2.902617e-02 8.739611e-01 -3.217213e-02
vertex 7.452340e-02 9.276409e-01 1.387571e-02
vertex 3.808491e-02 8.806665e-01 3.363201e-02
endloop
endfacet
facet normal 0 0 0
outer loop
vertex 7.452340e-02 9.276409e-01 1.387571e-02
vertex 2.902617e-02 8.739611e-01 -3.217213e-02
vertex 4.162809e-02 9.414658e-01 -3.054667e-02
endloop
endfacet
facet normal 0 0 0
outer loop
vertex 1.033181e-01 1.276859e+00 2.025347e-01
vertex 1.027530e-01 1.277833e+00 1.929230e-01
vertex 1.018596e-01 1.299058e+00 2.047305e-01
endloop
endfacet
facet normal 0 0 0
outer loop
vertex 6.521293e-02 1.313050e+00 2.143777e-01
vertex 2.635341e-02 1.298558e+00 2.127566e-01
vertex 4.543718e-02 1.287295e+00 2.117430e-01
endloop
endfacet
facet normal 0 0 0
outer loop
vertex 2.635341e-02 1.298558e+00 2.127566e-01
vertex 2.599141e-02 1.283103e+00 2.112349e-01
vertex 4.543718e-02 1.287295e+00 2.117430e-01
endloop
endfacet
facet normal 0 0 0
outer loop
vertex 6.521293e-02 1.313050e+00 2.143777e-01
vertex 2.701584e-02 1.320290e+00 2.149041e-01
vertex 2.635341e-02 1.298558e+00 2.127566e-01
endloop
endfacet
facet normal 0 0 0
outer loop
vertex 4.543718e-02 1.287295e+00 2.117430e-01
vertex 7.594024e-02 1.292415e+00 2.123941e-01
vertex 6.521293e-02 1.313050e+00 2.143777e-01
endloop
endfacet
facet normal 0 0 0
outer loop
vertex -2.195208e-01 1.345237e+00 1.857253e-01
vertex -2.212159e-01 1.344767e+00 1.979120e-01
vertex -2.099867e-01 1.364488e+00 1.876665e-01
endloop
endfacet
facet normal 0 0 0
outer loop
vertex -2.212159e-01 1.344767e+00 1.979120e-01
vertex -2.115720e-01 1.364229e+00 1.998751e-01
vertex -2.099867e-01 1.364488e+00 1.876665e-01
endloop
endfacet
facet normal 0 0 0
outer loop
vertex -1.291197e-01 9.387937e-01 -1.359482e-01
vertex -1.483802e-01 9.638324e-01 -1.438327e-01
vertex -1.122509e-01 9.769089e-01 -8.527140e-02
endloop
endfacet
facet normal 0 0 0
outer loop
vertex 7.589904e-02 6.414995e-01 -5.701282e-02
vertex 9.116445e-02 6.257412e-01 1.318772e-02
vertex 8.033413e-02 6.280563e-01 -5.956602e-02
endloop
endfacet
facet normal 0 0 0
outer loop
vertex 9.116445e-02 6.257412e-01 1.318772e-02
vertex 9.579450e-02 6.095734e-01 9.283743e-03
vertex 8.033413e-02 6.280563e-01 -5.956602e-02
endloop
endfacet
facet normal 0 0 0
outer loop
vertex 8.063609e-02 1.250506e+00 7.657419e-02
vertex 9.018379e-02 1.264993e+00 1.164823e-01
vertex 8.619673e-02 1.244703e+00 1.144471e-01
endloop
endfacet
facet normal 0 0 0
outer loop
vertex -1.071458e-01 1.141749e+00 1.033448e-01
vertex -1.085489e-01 1.135073e+00 1.300506e-01
vertex -1.279749e-01 1.141675e+00 1.306555e-01
endloop
endfacet
facet normal 0 0 0
outer loop
vertex -1.442671e-01 1.156320e+00 1.046291e-01
vertex -1.261425e-01 1.148085e+00 1.039095e-01
vertex -1.279749e-01 1.141675e+00 1.306555e-01
endloop
endfacet
facet normal 0 0 0
outer loop
vertex 6.575015e-03 3.218969e-01 -1.523852e-01
vertex 1.269458e-02 2.891659e-01 -1.778616e-01
vertex 1.858947e-02 2.778957e-01 -1.656448e-01
endloop
endfacet
facet normal 0 0 0
outer loop
vertex 7.157044e-03 2.993050e-01 -1.882081e-01
vertex 1.269458e-02 2.891659e-01 -1.778616e-01
vertex 6.575015e-03 3.218969e-01 -1.523852e-01
endloop
endfacet
facet normal 0 0 0
outer loop
vertex 1.194349e-01 7.778241e-01 2.342491e-01
vertex 1.422041e-01 7.276326e-01 2.565669e-01
vertex 1.264176e-01 7.416072e-01 2.727544e-01
endloop
endfacet
facet normal 0 0 0
outer loop
vertex 3.630293e-03 3.972062e-01 -7.749893e-02
vertex 1.124650e-02 4.287241e-01 -5.585464e-03
vertex 1.962223e-03 4.315354e-01 -5.353138e-02
endloop
endfacet
facet normal 0 0 0
outer loop
vertex -2.047848e-01 1.207044e+00 1.367140e-01
vertex -2.011993e-01 1.211617e+00 1.097522e-01
vertex -1.931524e-01 1.190084e+00 1.350967e-01
endloop
endfacet
facet normal 0 0 0
outer loop
vertex -1.794449e-01 1.174664e+00 1.336281e-01
vertex -1.764589e-01 1.180055e+00 1.067490e-01
vertex -1.637956e-01 1.161373e+00 1.323828e-01
endloop
endfacet
facet normal 0 0 0
outer loop
vertex -2.169941e-01 1.328433e+00 1.211915e-01
vertex -2.209108e-01 1.308623e+00 1.192229e-01
vertex -2.249669e-01 1.306523e+00 1.464304e-01
endloop
endfacet
facet normal 0 0 0
outer loop
vertex -2.209473e-01 1.326834e+00 1.484488e-01
vertex -2.169941e-01 1.328433e+00 1.211915e-01
vertex -2.249669e-01 1.306523e+00 1.464304e-01
endloop
endfacet
facet normal 0 0 0
outer loop
vertex -9.562383e-02 1.297364e+00 -5.136437e-02
vertex -1.484924e-01 1.250448e+00 -5.626428e-02
vertex -1.454227e-01 1.296230e+00 -5.171733e-02
endloop
endfacet
facet normal 0 0 0
outer loop
vertex -1.484924e-01 1.250448e+00 -5.626428e-02
vertex -1.706900e-01 1.270824e+00 -5.435265e-02
vertex -1.454227e-01 1.296230e+00 -5.171733e-02
endloop
endfacet
facet normal 0 0 0
outer loop
vertex -1.198486e-01 1.427481e+00 2.718973e-02
vertex -1.023617e-01 1.433360e+00 2.785801e-02
vertex -1.186434e-01 1.426756e+00 7.293388e-03
endloop
endfacet
facet normal 0 0 0
outer loop
vertex 4.610782e-02 8.378004e-02 -4.463901e-01
vertex 3.359871e-02 1.191184e-01 -4.462241e-01
vertex 5.160977e-02 9.763552e-02 -4.462373e-01
endloop
endfacet
facet normal 0 0 0
outer loop
vertex -1.811824e-01 1.383075e+00 4.991318e-02
vertex -1.656749e-01 1.397122e+00 2.395585e-02
vertex -1.778595e-01 1.383328e+00 2.252862e-02
endloop
endfacet
facet normal 0 0 0
outer loop
vertex -1.754560e-01 1.383507e+00 2.727801e-03
vertex -1.778595e-01 1.383328e+00 2.252862e-02
vertex -1.656749e-01 1.397122e+00 2.395585e-02
endloop
endfacet
facet normal 0 0 0
outer loop
vertex -1.635206e-01 1.397009e+00 4.124813e-03
vertex -1.754560e-01 1.383507e+00 2.727801e-03
vertex -1.656749e-01 1.397122e+00 2.395585e-02
endloop
endfacet
facet normal 0 0 0
outer loop
vertex 6.253576e-02 1.245928e+00 -9.669299e-03
vertex 5.726313e-02 1.225938e+00 8.255679e-03
vertex 5.467335e-02 1.229635e+00 -1.124267e-02
endloop
endfacet
facet normal 0 0 0
outer loop
vertex 6.043290e-02 1.248441e+00 -2.504603e-02
vertex 6.253576e-02 1.245928e+00 -9.669299e-03
vertex 5.251333e-02 1.232569e+00 -2.666375e-02
endloop
endfacet
facet normal 0 0 0
outer loop
vertex 4.697783e-02 8.403528e-01 2.702238e-02
vertex 4.150943e-02 8.385544e-01 -7.199930e-03
vertex 3.808491e-02 8.806665e-01 3.363201e-02
endloop
endfacet
facet normal 0 0 0
outer loop
vertex 3.808491e-02 8.806665e-01 3.363201e-02
vertex 6.602705e-02 8.573897e-01 7.965329e-02
vertex 4.697783e-02 8.403528e-01 2.702238e-02
endloop
endfacet
facet normal 0 0 0
outer loop
vertex -1.442671e-01 1.156320e+00 1.046291e-01
vertex -1.279749e-01 1.141675e+00 1.306555e-01
vertex -1.465001e-01 1.150267e+00 1.314273e-01
endloop
endfacet
facet normal 0 0 0
outer loop
vertex 3.712085e-02 1.396764e+00 5.239277e-02
vertex 4.972560e-02 1.382458e+00 5.104735e-02
vertex 3.438382e-02 1.396649e+00 2.494020e-02
endloop
endfacet
facet normal 0 0 0
outer loop
vertex -2.859567e-02 1.134476e+00 1.960844e-01
vertex -4.914315e-02 1.131789e+00 1.957300e-01
vertex -4.766506e-02 1.120607e+00 1.945275e-01
endloop
endfacet
facet normal 0 0 0
outer loop
vertex -2.643675e-02 1.123222e+00 1.948711e-01
vertex -2.859567e-02 1.134476e+00 1.960844e-01
vertex -4.766506e-02 1.120607e+00 1.945275e-01
endloop
endfacet
facet normal 0 0 0
outer loop
vertex 1.010165e-01 1.158558e-01 -4.342974e-01
vertex 9.596818e-02 1.597926e-01 -4.334243e-01
vertex 1.009000e-01 1.156553e-01 -4.215072e-01
endloop
endfacet
facet normal 0 0 0
outer loop
vertex -1.923328e-01 1.246020e+00 2.064727e-01
vertex -1.749590e-01 1.268145e+00 2.087464e-01
vertex -2.248269e-01 1.259541e+00 2.076446e-01
endloop
endfacet
facet normal 0 0 0
outer loop
vertex -1.749590e-01 1.268145e+00 2.087464e-01
vertex -1.823274e-01 1.286503e+00 2.105150e-01
vertex -2.106877e-01 1.280535e+00 2.097844e-01
endloop
endfacet
facet normal 0 0 0
outer loop
vertex -1.749590e-01 1.268145e+00 2.087464e-01
vertex -2.106877e-01 1.280535e+00 2.097844e-01
vertex -2.248269e-01 1.259541e+00 2.076446e-01
endloop
endfacet
facet normal 0 0 0
outer loop
vertex 9.351230e-02 4.003853e-01 -8.306701e-02
vertex 8.332174e-02 4.390717e-01 -1.634042e-04
vertex 8.366589e-02 3.725804e-01 -5.065718e-02
endloop
endfacet
facet normal 0 0 0
outer loop
vertex -1.312244e-01 1.434144e+00 2.168195e-01
vertex -1.305891e-01 1.431546e+00 2.228959e-01
vertex -1.098337e-01 1.438538e+00 2.236905e-01
endloop
endfacet
facet normal 0 0 0
outer loop
vertex -1.312244e-01 1.434144e+00 2.168195e-01
vertex -1.098337e-01 1.438538e+00 2.236905e-01
vertex -1.103416e-01 1.441169e+00 2.176180e-01
endloop
endfacet
facet normal 0 0 0
outer loop
vertex -1.603166e-01 1.358969e+00 2.177612e-01
vertex -1.838108e-01 1.349148e+00 2.166778e-01
vertex -1.589546e-01 1.341184e+00 2.160173e-01
endloop
endfacet
facet normal 0 0 0
outer loop
vertex -7.876672e-03 1.201059e+00 2.029563e-01
vertex 8.320469e-03 1.206538e+00 2.035733e-01
vertex -1.463339e-02 1.216963e+00 2.045023e-01
endloop
endfacet
facet normal 0 0 0
outer loop
vertex -8.378040e-02 1.435991e+00 8.379380e-03
vertex -1.023617e-01 1.433360e+00 2.785801e-02
vertex -8.425117e-02 1.436911e+00 2.829860e-02
endloop
endfacet
facet normal 0 0 0
outer loop
vertex -1.023617e-01 1.433360e+00 2.785801e-02
vertex -8.490420e-02 1.438190e+00 5.584804e-02
vertex -8.425117e-02 1.436911e+00 2.829860e-02
endloop
endfacet
facet normal 0 0 0
outer loop
vertex -2.356824e-01 8.533728e-01 -2.071755e-01
vertex -2.350430e-01 8.925406e-01 -1.700979e-01
vertex -2.117452e-01 9.075338e-01 -1.880096e-01
endloop
endfacet
facet normal 0 0 0
outer loop
vertex 8.680890e-02 6.548460e-01 1.859201e-02
vertex 6.547047e-02 7.229013e-01 1.392570e-02
vertex 6.893069e-02 6.816370e-01 5.147205e-02
endloop
endfacet
facet normal 0 0 0
outer loop
vertex 7.239091e-02 6.403727e-01 8.901840e-02
vertex 8.680890e-02 6.548460e-01 1.859201e-02
vertex 6.893069e-02 6.816370e-01 5.147205e-02
endloop
endfacet
facet normal 0 0 0
outer loop
vertex -1.557622e-02 1.184420e+00 -6.000601e-02
vertex -1.473254e-02 1.181401e+00 -5.396525e-02
vertex -3.185497e-02 1.179237e+00 -6.059767e-02
endloop
endfacet
facet normal 0 0 0
outer loop
vertex 8.809544e-02 1.343259e+00 1.870848e-01
vertex 7.835591e-02 1.362905e+00 1.889708e-01
vertex 8.976634e-02 1.342701e+00 1.992767e-01
endloop
endfacet
facet normal 0 0 0
outer loop
vertex 8.809544e-02 1.343259e+00 1.870848e-01
vertex 9.265248e-02 1.323462e+00 1.695376e-01
vertex 8.569402e-02 1.343854e+00 1.715178e-01
endloop
endfacet
facet normal 0 0 0
outer loop
vertex 2.398710e-02 1.130730e-01 -4.337728e-01
vertex 2.387486e-02 1.128609e-01 -4.209572e-01
vertex 1.633804e-02 1.564527e-01 -4.327337e-01
endloop
endfacet
facet normal 0 0 0
outer loop
vertex 9.265248e-02 1.323462e+00 1.695376e-01
vertex 8.290060e-02 1.344744e+00 1.517524e-01
vertex 8.569402e-02 1.343854e+00 1.715178e-01
endloop
endfacet
facet normal 0 0 0
outer loop
vertex 4.716476e-02 2.943531e-01 -3.876314e-01
vertex 4.660058e-02 2.816965e-01 -3.660372e-01
vertex 7.187434e-02 2.826584e-01 -3.886013e-01
endloop
endfacet
facet normal 0 0 0
outer loop
vertex 4.660058e-02 2.816965e-01 -3.660372e-01
vertex 7.499935e-02 2.718746e-01 -3.667020e-01
vertex 7.187434e-02 2.826584e-01 -3.886013e-01
endloop
endfacet
facet normal 0 0 0
outer loop
vertex 5.102613e-02 1.368659e+00 -2.542022e-02
vertex 6.044620e-02 1.352375e+00 -1.474579e-02
vertex 5.881680e-02 1.352922e+00 -2.693724e-02
endloop
endfacet
facet normal 0 0 0
outer loop
vertex -1.309990e-01 6.145477e-01 6.964680e-02
vertex -1.316319e-01 5.991845e-01 7.061710e-02
vertex -8.989836e-02 5.991005e-01 9.759196e-02
endloop
endfacet
facet normal 0 0 0
outer loop
vertex -8.999854e-02 1.123082e+00 1.946655e-01
vertex -6.900005e-02 1.120636e+00 1.944693e-01
vertex -6.973093e-02 1.131506e+00 1.956338e-01
endloop
endfacet
facet normal 0 0 0
outer loop
vertex 4.697783e-02 8.403528e-01 2.702238e-02
vertex 6.094890e-02 8.287144e-01 5.003303e-02
vertex 5.587074e-02 8.000391e-01 2.041276e-02
endloop
endfacet
facet normal 0 0 0
outer loop
vertex -1.098337e-01 1.438538e+00 2.236905e-01
vertex -1.305891e-01 1.431546e+00 2.228959e-01
vertex -1.082231e-01 1.432282e+00 2.251885e-01
endloop
endfacet
facet normal 0 0 0
outer loop
vertex -1.464141e-01 -7.504484e-03 3.030951e-01
vertex -1.517019e-01 -6.968117e-03 2.632664e-01
vertex -1.399486e-01 -1.024301e-02 2.951967e-01
endloop
endfacet
facet normal 0 0 0
outer loop
vertex -2.413900e-01 7.261959e-01 -2.336534e-01
vertex -2.379404e-01 7.324207e-01 -2.263853e-01
vertex -2.554452e-01 7.251570e-01 -2.052118e-01
endloop
endfacet
facet normal 0 0 0
outer loop
vertex -2.025145e-01 1.318161e+00 -3.826466e-03
vertex -1.967327e-01 1.336661e+00 -1.758177e-02
vertex -2.001764e-01 1.319392e+00 -1.930423e-02
endloop
endfacet
facet normal 0 0 0
outer loop
vertex -1.967327e-01 1.336661e+00 -1.758177e-02
vertex -1.990172e-01 1.335718e+00 -2.076183e-03
vertex -1.935316e-01 1.352436e+00 -4.411837e-04
endloop
endfacet
facet normal 0 0 0
outer loop
vertex 8.872501e-02 2.409313e-01 -3.299233e-01
vertex 8.856373e-02 2.381596e-01 -3.405924e-01
vertex 7.698061e-02 2.668211e-01 -3.412336e-01
endloop
endfacet
facet normal 0 0 0
outer loop
vertex -1.035820e-01 2.661669e-01 1.996624e-01
vertex -1.038687e-01 2.278864e-01 1.984457e-01
vertex -8.734698e-02 2.681896e-01 1.948174e-01
endloop
endfacet
facet normal 0 0 0
outer loop
vertex -1.720793e-01 1.383753e+00 -2.507631e-02
vertex -1.805686e-01 1.369498e+00 -3.623655e-02
vertex -1.818494e-01 1.369259e+00 -2.656108e-02
endloop
endfacet
facet normal 0 0 0
outer loop
vertex -1.709030e-01 1.383841e+00 -3.476729e-02
vertex -1.805686e-01 1.369498e+00 -3.623655e-02
vertex -1.720793e-01 1.383753e+00 -2.507631e-02
endloop
endfacet
facet normal 0 0 0
outer loop
vertex -8.673474e-02 1.441778e+00 1.329871e-01
vertex -8.581945e-02 1.439984e+00 9.441759e-02
vertex -1.051718e-01 1.436196e+00 9.394749e-02
endloop
endfacet
facet normal 0 0 0
outer loop
vertex -1.521617e-03 1.433781e+00 2.175002e-01
vertex -2.249637e-02 1.440937e+00 2.180953e-01
vertex -2.266170e-02 1.438255e+00 2.241636e-01
endloop
endfacet
facet normal 0 0 0
outer loop
vertex -1.521617e-03 1.433781e+00 2.175002e-01
vertex -2.266170e-02 1.438255e+00 2.241636e-01
vertex -2.093853e-03 1.431197e+00 2.235759e-01
endloop
endfacet
facet normal 0 0 0
outer loop
vertex -9.060656e-02 9.631441e-01 1.091844e-01
vertex -6.881040e-02 9.952701e-01 1.232063e-01
vertex -1.041258e-01 9.996835e-01 1.138797e-01
endloop
endfacet
facet normal 0 0 0
outer loop
vertex -1.124027e-01 9.310180e-01 9.516246e-02
vertex -9.060656e-02 9.631441e-01 1.091844e-01
vertex -1.041258e-01 9.996835e-01 1.138797e-01
endloop
endfacet
facet normal 0 0 0
outer loop
vertex -1.949509e-01 9.431508e-01 -5.346517e-02
vertex -2.149693e-01 9.341159e-01 -8.863996e-02
vertex -1.972724e-01 9.084861e-01 -7.987215e-02
endloop
endfacet
facet normal 0 0 0
outer loop
vertex -2.023166e-01 9.600539e-01 -5.241695e-02
vertex -2.149693e-01 9.341159e-01 -8.863996e-02
vertex -1.949509e-01 9.431508e-01 -5.346517e-02
endloop
endfacet
facet normal 0 0 0
outer loop
vertex -1.306317e-01 1.192725e+00 -5.979662e-02
vertex -1.140651e-01 1.190255e+00 -6.207380e-02
vertex -1.155679e-01 1.185272e+00 -6.046659e-02
endloop
endfacet
facet normal 0 0 0
outer loop
vertex 6.264269e-02 1.351644e+00 1.746131e-03
vertex 7.114968e-02 1.333299e+00 1.887012e-02
vertex 6.836095e-02 1.334565e+00 -8.557974e-04
endloop
endfacet
facet normal 0 0 0
outer loop
vertex 6.264269e-02 1.351644e+00 1.746131e-03
vertex 6.618673e-02 1.335546e+00 -1.638275e-02
vertex 6.044620e-02 1.352375e+00 -1.474579e-02
endloop
endfacet
facet normal 0 0 0
outer loop
vertex 7.083817e-02 1.300382e+00 -1.984207e-02
vertex 6.967438e-02 1.318109e+00 -1.809081e-02
vertex 7.191319e-02 1.316823e+00 -2.593157e-03
endloop
endfacet
facet normal 0 0 0
outer loop
vertex 6.905700e-02 1.301631e+00 -3.196633e-02
vertex 6.967438e-02 1.318109e+00 -1.809081e-02
vertex 7.083817e-02 1.300382e+00 -1.984207e-02
endloop
endfacet
facet normal 0 0 0
outer loop
vertex 1.019248e-01 1.254523e+00 2.003138e-01
vertex 9.755475e-02 1.232643e+00 1.981092e-01
vertex 9.702756e-02 1.233772e+00 1.885152e-01
endloop
endfacet
facet normal 0 0 0
outer loop
vertex 9.038230e-02 1.833796e-01 -4.417596e-01
vertex 9.317250e-02 1.600516e-01 -4.420660e-01
vertex 8.464231e-02 1.606043e-01 -4.458297e-01
endloop
endfacet
facet normal 0 0 0
outer loop
vertex 9.327530e-02 1.830274e-01 -4.330620e-01
vertex 9.596818e-02 1.597926e-01 -4.334243e-01
vertex 9.317250e-02 1.600516e-01 -4.420660e-01
endloop
endfacet
facet normal 0 0 0
outer loop
vertex -8.866204e-02 1.240327e+00 2.064430e-01
vertex -8.539905e-02 1.220015e+00 2.044615e-01
vertex -5.644856e-02 1.244995e+00 2.070652e-01
endloop
endfacet
facet normal 0 0 0
outer loop
vertex -6.014321e-02 2.996632e-01 1.566204e-01
vertex -7.153854e-02 2.671629e-01 1.897134e-01
vertex -6.619750e-02 2.627482e-01 1.724291e-01
endloop
endfacet
facet normal 0 0 0
outer loop
vertex -7.153854e-02 2.671629e-01 1.897134e-01
vertex -8.734698e-02 2.681896e-01 1.948174e-01
vertex -7.225180e-02 2.258331e-01 1.882377e-01
endloop
endfacet
facet normal 0 0 0
outer loop
vertex -2.996699e-02 1.432388e+00 8.285049e-03
vertex -1.285743e-02 1.426581e+00 7.792797e-03
vertex -3.048845e-02 1.431723e+00 -7.393509e-03
endloop
endfacet
facet normal 0 0 0
outer loop
vertex 1.093977e-01 8.432246e-01 2.055065e-01
vertex 1.128172e-01 8.257648e-01 2.243517e-01
vertex 1.329190e-01 8.567744e-01 2.198154e-01
endloop
endfacet
facet normal 0 0 0
outer loop
vertex 1.128172e-01 8.257648e-01 2.243517e-01
vertex 1.354672e-01 8.386475e-01 2.381014e-01
vertex 1.329190e-01 8.567744e-01 2.198154e-01
endloop
endfacet
facet normal 0 0 0
outer loop
vertex -8.305753e-02 1.181665e+00 -6.278245e-02
vertex -8.285349e-02 1.176608e+00 -6.110347e-02
vertex -9.960507e-02 1.179760e+00 -6.094062e-02
endloop
endfacet
facet normal 0 0 0
outer loop
vertex -8.817631e-02 1.196668e+00 -6.131026e-02
vertex -8.305753e-02 1.181665e+00 -6.278245e-02
vertex -9.908337e-02 1.185009e+00 -6.252523e-02
endloop
endfacet
facet normal 0 0 0
outer loop
vertex -9.908337e-02 1.185009e+00 -6.252523e-02
vertex -8.305753e-02 1.181665e+00 -6.278245e-02
vertex -9.960507e-02 1.179760e+00 -6.094062e-02
endloop
endfacet
facet normal 0 0 0
outer loop
vertex 3.445422e-02 1.228270e+00 -5.757414e-02
vertex 1.809680e-02 1.240859e+00 -5.640058e-02
vertex 4.315666e-02 1.241241e+00 -5.624137e-02
endloop
endfacet
facet normal 0 0 0
outer loop
vertex 3.408489e-02 1.258789e+00 -5.454151e-02
vertex 4.315666e-02 1.241241e+00 -5.624137e-02
vertex 1.809680e-02 1.240859e+00 -5.640058e-02
endloop
endfacet
facet normal 0 0 0
outer loop
vertex 1.009000e-01 1.156553e-01 -4.215072e-01
vertex 9.610987e-02 7.443008e-02 -4.126091e-01
vertex 9.626096e-02 7.458621e-02 -4.242043e-01
endloop
endfacet
facet normal 0 0 0
outer loop
vertex 1.008068e-01 1.153145e-01 -4.049400e-01
vertex 9.610987e-02 7.443008e-02 -4.126091e-01
vertex 1.009000e-01 1.156553e-01 -4.215072e-01
endloop
endfacet
facet normal 0 0 0
outer loop
vertex 1.809680e-02 1.240859e+00 -5.640058e-02
vertex 3.445422e-02 1.228270e+00 -5.757414e-02
vertex 1.540095e-02 1.221415e+00 -5.834765e-02
endloop
endfacet
facet normal 0 0 0
outer loop
vertex -1.104857e-01 1.125863e+00 1.644996e-01
vertex -1.305458e-01 1.132867e+00 1.651585e-01
vertex -1.096046e-01 1.130149e+00 1.493469e-01
endloop
endfacet
facet normal 0 0 0
outer loop
vertex -1.305458e-01 1.132867e+00 1.651585e-01
vertex -1.293550e-01 1.136969e+00 1.499840e-01
vertex -1.096046e-01 1.130149e+00 1.493469e-01
endloop
endfacet
facet normal 0 0 0
outer loop
vertex -1.293550e-01 1.136969e+00 1.499840e-01
vertex -1.085489e-01 1.135073e+00 1.300506e-01
vertex -1.096046e-01 1.130149e+00 1.493469e-01
endloop
endfacet
facet normal 0 0 0
outer loop
vertex -1.993199e-01 1.181037e+00 1.818486e-01
vertex -1.836438e-01 1.167343e+00 1.683220e-01
vertex -1.850155e-01 1.164864e+00 1.803020e-01
endloop
endfacet
facet normal 0 0 0
outer loop
vertex -1.993199e-01 1.181037e+00 1.818486e-01
vertex -1.978031e-01 1.183326e+00 1.698488e-01
vertex -1.836438e-01 1.167343e+00 1.683220e-01
endloop
endfacet
facet normal 0 0 0
outer loop
vertex 7.610011e-02 1.363184e+00 1.733721e-01
vertex 8.809544e-02 1.343259e+00 1.870848e-01
vertex 8.569402e-02 1.343854e+00 1.715178e-01
endloop
endfacet
facet normal 0 0 0
outer loop
vertex 6.065262e-02 1.375691e+00 2.205358e-01
vertex 4.700410e-02 1.347584e+00 2.176921e-01
vertex 7.268032e-02 1.357895e+00 2.188388e-01
endloop
endfacet
facet normal 0 0 0
outer loop
vertex -1.557622e-02 1.184420e+00 -6.000601e-02
vertex -1.720122e-02 1.189550e+00 -6.161144e-02
vertex -1.358565e-04 1.191690e+00 -5.920577e-02
endloop
endfacet
facet normal 0 0 0
outer loop
vertex 3.807424e-02 1.216783e+00 2.047230e-01
vertex 5.129695e-02 1.219533e+00 2.050490e-01
vertex 3.815919e-02 1.235097e+00 2.065436e-01
endloop
endfacet
facet normal 0 0 0
outer loop
vertex 2.636346e-02 1.196372e+00 2.026273e-01
vertex 8.320469e-03 1.206538e+00 2.035733e-01
vertex 1.438091e-02 1.189393e+00 2.018741e-01
endloop
endfacet
facet normal 0 0 0
outer loop
vertex -7.876672e-03 1.201059e+00 2.029563e-01
vertex 1.438091e-02 1.189393e+00 2.018741e-01
vertex 8.320469e-03 1.206538e+00 2.035733e-01
endloop
endfacet
facet normal 0 0 0
outer loop
vertex -7.220529e-02 9.571010e-01 -7.747220e-02
vertex -1.011502e-01 9.938396e-01 -6.588171e-02
vertex -8.852961e-02 9.939529e-01 -6.925064e-02
endloop
endfacet
facet normal 0 0 0
outer loop
vertex -2.419711e-02 7.825307e-01 1.020051e-01
vertex -2.345548e-02 8.532048e-01 1.071042e-01
vertex -4.951071e-02 8.182135e-01 1.037234e-01
endloop
endfacet
facet normal 0 0 0
outer loop
vertex 1.176917e-02 7.977864e-01 1.055628e-01
vertex 2.770920e-02 8.540993e-01 1.054539e-01
vertex -1.040789e-04 8.157503e-01 1.036059e-01
endloop
endfacet
facet normal 0 0 0
outer loop
vertex -2.419711e-02 7.825307e-01 1.020051e-01
vertex 1.176917e-02 7.977864e-01 1.055628e-01
vertex -1.040789e-04 8.157503e-01 1.036059e-01
endloop
endfacet
facet normal 0 0 0
outer loop
vertex -3.105087e-01 6.684158e-01 -2.929243e-01
vertex -3.023383e-01 6.543381e-01 -2.845715e-01
vertex -2.977119e-01 6.907319e-01 -2.333156e-01
endloop
endfacet
facet normal 0 0 0
outer loop
vertex -3.084651e-01 7.090269e-01 -2.432345e-01
vertex -3.105087e-01 6.684158e-01 -2.929243e-01
vertex -2.977119e-01 6.907319e-01 -2.333156e-01
endloop
endfacet
facet normal 0 0 0
outer loop
vertex 8.700346e-03 5.405645e-01 6.484912e-02
vertex 1.014648e-02 5.089869e-01 5.129404e-02
vertex 4.615201e-02 5.299591e-01 7.919872e-02
endloop
endfacet
facet normal 0 0 0
outer loop
vertex 5.726313e-02 1.225938e+00 8.255679e-03
vertex 6.253576e-02 1.245928e+00 -9.669299e-03
vertex 6.526624e-02 1.242657e+00 9.862391e-03
endloop
endfacet
facet normal 0 0 0
outer loop
vertex 1.619304e-03 1.186504e+00 -4.366283e-02
vertex -1.353974e-02 1.176260e+00 -3.249996e-02
vertex -1.422240e-02 1.179124e+00 -4.447638e-02
endloop
endfacet
facet normal 0 0 0
outer loop
vertex -1.121749e-01 9.572797e-01 -6.674656e-02
vertex -9.537663e-02 9.164001e-01 -7.634338e-02
vertex -1.131345e-01 9.337125e-01 -6.633649e-02
endloop
endfacet
facet normal 0 0 0
outer loop
vertex 9.641299e-02 7.473668e-02 -4.355012e-01
vertex 9.626096e-02 7.458621e-02 -4.242043e-01
vertex 7.028560e-02 6.023042e-02 -4.356006e-01
endloop
endfacet
facet normal 0 0 0
outer loop
vertex 9.626096e-02 7.458621e-02 -4.242043e-01
vertex 7.012673e-02 6.009237e-02 -4.247620e-01
vertex 7.028560e-02 6.023042e-02 -4.356006e-01
endloop
endfacet
facet normal 0 0 0
outer loop
vertex -1.858439e-01 1.353832e+00 -4.414646e-02
vertex -1.805686e-01 1.369498e+00 -3.623655e-02
vertex -1.783564e-01 1.368865e+00 -4.261946e-02
endloop
endfacet
facet normal 0 0 0
outer loop
vertex -1.403224e-01 2.560388e-01 1.351624e-01
vertex -1.454871e-01 2.190931e-01 1.523552e-01
vertex -1.458164e-01 2.593477e-01 1.525298e-01
endloop
endfacet
facet normal 0 0 0
outer loop
vertex -1.355317e-01 2.666283e-01 1.866695e-01
vertex -1.356156e-01 3.076853e-01 1.873676e-01
vertex -1.461456e-01 2.996024e-01 1.527044e-01
endloop
endfacet
facet normal 0 0 0
outer loop
vertex -1.356156e-01 3.076853e-01 1.873676e-01
vertex -1.355317e-01 2.666283e-01 1.866695e-01
vertex -1.197421e-01 2.677858e-01 1.929066e-01
endloop
endfacet
facet normal 0 0 0
outer loop
vertex 1.321167e-01 7.126598e-01 3.052270e-01
vertex 1.332474e-01 7.065234e-01 3.129612e-01
vertex 1.293077e-01 7.347872e-01 3.233835e-01
endloop
endfacet
facet normal 0 0 0
outer loop
vertex -2.151700e-01 1.272701e+00 7.729947e-02
vertex -2.058188e-01 1.258632e+00 3.754131e-02
vertex -2.113240e-01 1.253616e+00 7.543302e-02
endloop
endfacet
facet normal 0 0 0
outer loop
vertex -2.113240e-01 1.253616e+00 7.543302e-02
vertex -2.058188e-01 1.258632e+00 3.754131e-02
vertex -2.049599e-01 1.235262e+00 7.365428e-02
endloop
endfacet
facet normal 0 0 0
outer loop
vertex 8.250291e-03 5.585900e-01 -5.978452e-02
vertex 7.152393e-03 5.834120e-01 -5.950946e-02
vertex 4.425094e-02 5.710526e-01 -8.025743e-02
endloop
endfacet
facet normal 0 0 0
outer loop
vertex 1.149854e-01 1.034968e+00 3.766841e-02
vertex 1.304793e-01 1.005578e+00 6.169634e-02
vertex 1.316211e-01 9.951684e-01 4.485118e-02
endloop
endfacet
facet normal 0 0 0
outer loop
vertex 1.149854e-01 1.034968e+00 3.766841e-02
vertex 1.003464e-01 1.040806e+00 7.303116e-02
vertex 1.304793e-01 1.005578e+00 6.169634e-02
endloop
endfacet
facet normal 0 0 0
outer loop
vertex 3.506416e-02 8.233764e-01 9.443884e-02
vertex 1.176917e-02 7.977864e-01 1.055628e-01
vertex 4.145852e-02 8.027266e-01 8.697963e-02
endloop
endfacet
facet normal 0 0 0
outer loop
vertex -6.725954e-02 4.109262e-01 1.682567e-01
vertex -5.810083e-02 3.645023e-01 1.448347e-01
vertex -5.622256e-02 3.954037e-01 1.244376e-01
endloop
endfacet
facet normal 0 0 0
outer loop
vertex 1.318327e-02 4.367389e-01 1.270184e-02
vertex 1.166487e-02 4.728630e-01 3.199794e-02
vertex 5.220316e-03 4.874258e-01 1.086510e-02
endloop
endfacet
facet normal 0 0 0
outer loop
vertex -1.423920e-01 6.184558e-01 -6.592724e-03
vertex -1.278280e-01 6.279727e-01 5.943303e-02
vertex -1.358371e-01 6.547536e-01 -1.603124e-03
endloop
endfacet
facet normal 0 0 0
outer loop
vertex -2.095198e-01 1.277037e+00 3.934246e-02
vertex -2.151700e-01 1.272701e+00 7.729947e-02
vertex -2.107971e-01 1.295743e+00 4.118124e-02
endloop
endfacet
facet normal 0 0 0
outer loop
vertex -2.058188e-01 1.258632e+00 3.754131e-02
vertex -2.151700e-01 1.272701e+00 7.729947e-02
vertex -2.095198e-01 1.277037e+00 3.934246e-02
endloop
endfacet
facet normal 0 0 0
outer loop
vertex -1.407967e-01 2.625868e-01 1.693379e-01
vertex -1.355317e-01 2.666283e-01 1.866695e-01
vertex -1.461456e-01 2.996024e-01 1.527044e-01
endloop
endfacet
facet normal 0 0 0
outer loop
vertex -1.454871e-01 2.190931e-01 1.523552e-01
vertex -1.407967e-01 2.625868e-01 1.693379e-01
vertex -1.458164e-01 2.593477e-01 1.525298e-01
endloop
endfacet
facet normal 0 0 0
outer loop
vertex -7.094680e-02 2.909164e-01 1.210827e-01
vertex -7.010251e-02 3.255919e-01 1.192744e-01
vertex -6.014321e-02 2.996632e-01 1.566204e-01
endloop
endfacet
facet normal 0 0 0
outer loop
vertex -7.010251e-02 3.255919e-01 1.192744e-01
vertex -5.924835e-02 3.363526e-01 1.557064e-01
vertex -6.014321e-02 2.996632e-01 1.566204e-01
endloop
endfacet
facet normal 0 0 0
outer loop
vertex -8.858671e-02 1.445761e+00 2.084741e-01
vertex -1.101374e-01 1.441535e+00 2.079499e-01
vertex -8.871158e-02 1.445406e+00 2.181437e-01
endloop
endfacet
facet normal 0 0 0
outer loop
vertex -2.050420e-01 1.358712e+00 2.175171e-01
vertex -2.020569e-01 1.336407e+00 2.153346e-01
vertex -1.838108e-01 1.349148e+00 2.166778e-01
endloop
endfacet
facet normal 0 0 0
outer loop
vertex -2.020569e-01 1.336407e+00 2.153346e-01
vertex -2.139688e-01 1.340948e+00 2.157243e-01
vertex -2.206217e-01 1.321922e+00 2.138143e-01
endloop
endfacet
facet normal 0 0 0
outer loop
vertex -2.139688e-01 1.340948e+00 2.157243e-01
vertex -2.020569e-01 1.336407e+00 2.153346e-01
vertex -2.050420e-01 1.358712e+00 2.175171e-01
endloop
endfacet
facet normal 0 0 0
outer loop
vertex -2.268042e-01 1.322658e+00 2.117457e-01
vertex -2.217966e-01 1.344064e+00 2.075487e-01
vertex -2.288586e-01 1.323445e+00 2.054798e-01
endloop
endfacet
facet normal 0 0 0
outer loop
vertex -5.055252e-03 1.432137e+00 1.598561e-01
vertex -6.466266e-03 1.431125e+00 1.323230e-01
vertex -2.583464e-02 1.437714e+00 1.328818e-01
endloop
endfacet
facet normal 0 0 0
outer loop
vertex -2.491870e-02 1.438884e+00 1.604280e-01
vertex -5.055252e-03 1.432137e+00 1.598561e-01
vertex -2.583464e-02 1.437714e+00 1.328818e-01
endloop
endfacet
facet normal 0 0 0
outer loop
vertex -1.082231e-01 1.432282e+00 2.251885e-01
vertex -8.833085e-02 1.442740e+00 2.242122e-01
vertex -1.098337e-01 1.438538e+00 2.236905e-01
endloop
endfacet
facet normal 0 0 0
outer loop
vertex -1.803968e-01 1.010420e+00 -4.632588e-02
vertex -1.912311e-01 9.827790e-01 -2.068065e-02
vertex -1.733627e-01 1.005691e+00 5.898037e-03
endloop
endfacet
facet normal 0 0 0
outer loop
vertex 1.357715e-01 7.676966e-01 2.127665e-01
vertex 1.624427e-01 7.724447e-01 2.091831e-01
vertex 1.669651e-01 7.301813e-01 2.547667e-01
endloop
endfacet
facet normal 0 0 0
outer loop
vertex -1.858439e-01 1.353832e+00 -4.414646e-02
vertex -1.882614e-01 1.354020e+00 -3.780876e-02
vertex -1.805686e-01 1.369498e+00 -3.623655e-02
endloop
endfacet
facet normal 0 0 0
outer loop
vertex -8.285349e-02 1.176608e+00 -6.110347e-02
vertex -1.000193e-01 1.176720e+00 -5.491258e-02
vertex -9.960507e-02 1.179760e+00 -6.094062e-02
endloop
endfacet
facet normal 0 0 0
outer loop
vertex 3.736648e-02 2.968388e-01 -4.347378e-01
vertex 2.276407e-02 2.556869e-01 -4.382116e-01
vertex 3.338526e-02 3.031842e-01 -4.307882e-01
endloop
endfacet
facet normal 0 0 0
outer loop
vertex -1.909822e-01 1.338224e+00 -4.567035e-02
vertex -1.882614e-01 1.354020e+00 -3.780876e-02
vertex -1.858439e-01 1.353832e+00 -4.414646e-02
endloop
endfacet
facet normal 0 0 0
outer loop
vertex -1.896218e-01 1.353605e+00 -2.815109e-02
vertex -1.882614e-01 1.354020e+00 -3.780876e-02
vertex -1.935148e-01 1.337972e+00 -3.937660e-02
endloop
endfacet
facet normal 0 0 0
outer loop
vertex -1.186434e-01 1.426756e+00 7.293388e-03
vertex -1.008503e-01 1.431839e+00 -7.725818e-03
vertex -1.176913e-01 1.426172e+00 -8.369897e-03
endloop
endfacet
facet normal 0 0 0
outer loop
vertex -1.343774e-01 4.776421e-01 -6.221427e-03
vertex -1.346571e-01 4.454046e-01 2.182032e-02
vertex -1.401778e-01 4.857479e-01 2.461046e-02
endloop
endfacet
facet normal 0 0 0
outer loop
vertex 7.992662e-02 1.362572e+00 2.011853e-01
vertex 6.763092e-02 1.380942e+00 2.029371e-01
vertex 6.809705e-02 1.380331e+00 2.125874e-01
endloop
endfacet
facet normal 0 0 0
outer loop
vertex 6.809705e-02 1.380331e+00 2.125874e-01
vertex 5.302264e-02 1.397567e+00 2.044995e-01
vertex 5.343708e-02 1.397027e+00 2.141569e-01
endloop
endfacet
facet normal 0 0 0
outer loop
vertex -2.169941e-01 1.328433e+00 1.211915e-01
vertex -2.114572e-01 1.330665e+00 8.303084e-02
vertex -2.209108e-01 1.308623e+00 1.192229e-01
endloop
endfacet
facet normal 0 0 0
outer loop
vertex -6.512935e-02 1.437714e+00 2.260053e-01
vertex -8.710711e-02 1.436403e+00 2.257003e-01
vertex -8.430132e-02 1.425299e+00 2.246812e-01
endloop
endfacet
facet normal 0 0 0
outer loop
vertex -6.039187e-02 1.427408e+00 2.250101e-01
vertex -6.512935e-02 1.437714e+00 2.260053e-01
vertex -8.430132e-02 1.425299e+00 2.246812e-01
endloop
endfacet
facet normal 0 0 0
outer loop
vertex -2.397799e-01 7.287846e-01 -2.889730e-01
vertex -2.509673e-01 7.464377e-01 -2.982776e-01
vertex -2.338309e-01 7.445670e-01 -2.676098e-01
endloop
endfacet
facet normal 0 0 0
outer loop
vertex -1.504759e-02 5.894997e-01 8.557291e-03
vertex -7.438290e-03 5.759516e-01 7.574318e-03
vertex -5.746417e-04 5.764609e-01 7.788842e-02
endloop
endfacet
facet normal 0 0 0
outer loop
vertex 1.521049e-02 9.491162e-01 -6.262045e-02
vertex -2.529802e-02 9.560837e-01 -7.260860e-02
vertex 2.351199e-02 1.030178e+00 -6.273203e-02
endloop
endfacet
facet normal 0 0 0
outer loop
vertex 5.822590e-02 1.032146e+00 -6.086789e-02
vertex 1.521049e-02 9.491162e-01 -6.262045e-02
vertex 2.351199e-02 1.030178e+00 -6.273203e-02
endloop
endfacet
facet normal 0 0 0
outer loop
vertex 8.943138e-02 2.075600e-01 -4.328006e-01
vertex 9.327530e-02 1.830274e-01 -4.330620e-01
vertex 9.038230e-02 1.833796e-01 -4.417596e-01
endloop
endfacet
facet normal 0 0 0
outer loop
vertex 8.976634e-02 1.342701e+00 1.992767e-01
vertex 7.992662e-02 1.362572e+00 2.011853e-01
vertex 8.043505e-02 1.361889e+00 2.108281e-01
endloop
endfacet
facet normal 0 0 0
outer loop
vertex 8.976634e-02 1.342701e+00 1.992767e-01
vertex 8.043505e-02 1.361889e+00 2.108281e-01
vertex 9.030608e-02 1.341951e+00 2.089127e-01
endloop
endfacet
facet normal 0 0 0
outer loop
vertex -1.237175e-01 1.156052e+00 6.630482e-02
vertex -1.213941e-01 1.163971e+00 2.868070e-02
vertex -1.035415e-01 1.157911e+00 2.816548e-02
endloop
endfacet
facet normal 0 0 0
outer loop
vertex 1.398069e-01 8.059694e-01 2.703958e-01
vertex 1.693341e-01 7.751401e-01 2.992623e-01
vertex 1.664979e-01 8.100619e-01 2.663425e-01
endloop
endfacet
facet normal 0 0 0
outer loop
vertex 1.358135e-01 8.980721e-01 7.150129e-02
vertex 1.271597e-01 9.281262e-01 4.541374e-02
vertex 1.474626e-01 9.076346e-01 7.687060e-02
endloop
endfacet
facet normal 0 0 0
outer loop
vertex 1.003821e-01 9.086616e-01 5.406720e-02
vertex 1.271597e-01 9.281262e-01 4.541374e-02
vertex 1.358135e-01 8.980721e-01 7.150129e-02
endloop
endfacet
facet normal 0 0 0
outer loop
vertex 6.158384e-03 5.543697e-01 7.065816e-02
vertex -5.746417e-04 5.764609e-01 7.788842e-02
vertex -7.438290e-03 5.759516e-01 7.574318e-03
endloop
endfacet
facet normal 0 0 0
outer loop
vertex -7.767633e-02 1.185214e+00 2.010444e-01
vertex -9.139295e-02 1.165021e+00 1.989403e-01
vertex -7.364074e-02 1.166270e+00 1.991516e-01
endloop
endfacet
facet normal 0 0 0
outer loop
vertex -8.539905e-02 1.220015e+00 2.044615e-01
vertex -9.407035e-02 1.182316e+00 2.006709e-01
vertex -7.767633e-02 1.185214e+00 2.010444e-01
endloop
endfacet
facet normal 0 0 0
outer loop
vertex -9.407035e-02 1.182316e+00 2.006709e-01
vertex -9.139295e-02 1.165021e+00 1.989403e-01
vertex -7.767633e-02 1.185214e+00 2.010444e-01
endloop
endfacet
facet normal 0 0 0
outer loop
vertex -8.340631e-02 1.435255e+00 -7.301908e-03
vertex -1.008503e-01 1.431839e+00 -7.725818e-03
vertex -8.378040e-02 1.435991e+00 8.379380e-03
endloop
endfacet
facet normal 0 0 0
outer loop
vertex -4.914315e-02 1.131789e+00 1.957300e-01
vertex -2.859567e-02 1.134476e+00 1.960844e-01
vertex -3.223037e-02 1.151852e+00 1.979160e-01
endloop
endfacet
facet normal 0 0 0
outer loop
vertex -5.169847e-02 1.148804e+00 1.975202e-01
vertex -4.914315e-02 1.131789e+00 1.957300e-01
vertex -3.223037e-02 1.151852e+00 1.979160e-01
endloop
endfacet
facet normal 0 0 0
outer loop
vertex 9.376170e-02 4.694243e-01 -4.002560e-02
vertex 9.363700e-02 4.349048e-01 -6.154631e-02
vertex 8.732004e-02 4.482705e-01 -7.705906e-02
endloop
endfacet
facet normal 0 0 0
outer loop
vertex -1.898423e-01 1.195085e+00 1.081779e-01
vertex -1.764589e-01 1.180055e+00 1.067490e-01
vertex -1.931524e-01 1.190084e+00 1.350967e-01
endloop
endfacet
facet normal 0 0 0
outer loop
vertex 1.529952e-01 6.244448e-01 3.715443e-01
vertex 1.374397e-01 6.442013e-01 3.887309e-01
vertex 1.361768e-01 6.819996e-01 3.434522e-01
endloop
endfacet
facet normal 0 0 0
outer loop
vertex 1.529952e-01 6.244448e-01 3.715443e-01
vertex 1.361768e-01 6.819996e-01 3.434522e-01
vertex 1.554962e-01 6.581340e-01 3.221691e-01
endloop
endfacet
facet normal 0 0 0
outer loop
vertex -1.000193e-01 1.176720e+00 -5.491258e-02
vertex -1.164066e-01 1.182344e+00 -5.442908e-02
vertex -9.960507e-02 1.179760e+00 -6.094062e-02
endloop
endfacet
facet normal 0 0 0
outer loop
vertex -1.155679e-01 1.185272e+00 -6.046659e-02
vertex -9.960507e-02 1.179760e+00 -6.094062e-02
vertex -1.164066e-01 1.182344e+00 -5.442908e-02
endloop
endfacet
facet normal 0 0 0
outer loop
vertex -6.619750e-02 2.627482e-01 1.724291e-01
vertex -7.225180e-02 2.258331e-01 1.882377e-01
vertex -6.213053e-02 2.187396e-01 1.559332e-01
endloop
endfacet
facet normal 0 0 0
outer loop
vertex -6.619750e-02 2.627482e-01 1.724291e-01
vertex -7.153854e-02 2.671629e-01 1.897134e-01
vertex -7.225180e-02 2.258331e-01 1.882377e-01
endloop
endfacet
facet normal 0 0 0
outer loop
vertex -5.543473e-02 1.168581e+00 1.994677e-01
vertex -5.169847e-02 1.148804e+00 1.975202e-01
vertex -3.223037e-02 1.151852e+00 1.979160e-01
endloop
endfacet
facet normal 0 0 0
outer loop
vertex 8.086167e-02 4.966507e-01 -7.916810e-02
vertex 8.095755e-02 5.669638e-01 -6.385200e-02
vertex 9.409936e-02 5.409439e-01 -1.240695e-02
endloop
endfacet
facet normal 0 0 0
outer loop
vertex -1.261914e-01 1.431326e+00 1.317580e-01
vertex -1.278600e-01 1.432335e+00 1.592758e-01
vertex -1.068109e-01 1.437850e+00 1.324996e-01
endloop
endfacet
facet normal 0 0 0
outer loop
vertex -1.278600e-01 1.432335e+00 1.592758e-01
vertex -1.079794e-01 1.439023e+00 1.600360e-01
vertex -1.068109e-01 1.437850e+00 1.324996e-01
endloop
endfacet
facet normal 0 0 0
outer loop
vertex 7.200414e-02 6.677319e-01 -5.122482e-02
vertex 8.680890e-02 6.548460e-01 1.859201e-02
vertex 9.116445e-02 6.257412e-01 1.318772e-02
endloop
endfacet
facet normal 0 0 0
outer loop
vertex 7.589904e-02 6.414995e-01 -5.701282e-02
vertex 7.200414e-02 6.677319e-01 -5.122482e-02
vertex 9.116445e-02 6.257412e-01 1.318772e-02
endloop
endfacet
facet normal 0 0 0
outer loop
vertex -2.019131e-01 1.334539e+00 1.762495e-02
vertex -2.025145e-01 1.318161e+00 -3.826466e-03
vertex -2.054732e-01 1.316626e+00 1.584058e-02
endloop
endfacet
facet normal 0 0 0
outer loop
vertex -2.019131e-01 1.334539e+00 1.762495e-02
vertex -2.095720e-01 1.314485e+00 4.303769e-02
vertex -2.059183e-01 1.332898e+00 4.487046e-02
endloop
endfacet
facet normal 0 0 0
outer loop
vertex 1.408786e-02 4.165677e-01 -4.003621e-03
vertex 3.630293e-03 3.972062e-01 -7.749893e-02
vertex 1.623942e-02 3.685904e-01 -4.373747e-02
endloop
endfacet
facet normal 0 0 0
outer loop
vertex -1.998986e-01 1.381729e+00 2.113679e-01
vertex -1.854216e-01 1.398115e+00 2.130522e-01
vertex -1.849805e-01 1.398622e+00 2.033944e-01
endloop
endfacet
facet normal 0 0 0
outer loop
vertex -1.849805e-01 1.398622e+00 2.033944e-01
vertex -1.854216e-01 1.398115e+00 2.130522e-01
vertex -1.693564e-01 1.412322e+00 2.144696e-01
endloop
endfacet
facet normal 0 0 0
outer loop
vertex -1.910058e-01 1.250328e+00 -2.609081e-02
vertex -1.815857e-01 1.236566e+00 -3.964805e-02
vertex -1.831780e-01 1.234531e+00 -2.761854e-02
endloop
endfacet
facet normal 0 0 0
outer loop
vertex -6.849635e-02 1.118574e+00 1.638370e-01
vertex -4.696185e-02 1.118224e+00 1.638483e-01
vertex -4.676880e-02 1.115006e+00 1.757475e-01
endloop
endfacet
facet normal 0 0 0
outer loop
vertex 6.228736e-02 1.182905e+00 1.356598e-01
vertex 7.403849e-02 1.201012e+00 1.375289e-01
vertex 6.452983e-02 1.178814e+00 1.550693e-01
endloop
endfacet
facet normal 0 0 0
outer loop
vertex 7.656001e-02 1.197268e+00 1.569863e-01
vertex 6.452983e-02 1.178814e+00 1.550693e-01
vertex 7.403849e-02 1.201012e+00 1.375289e-01
endloop
endfacet
facet normal 0 0 0
outer loop
vertex -6.113687e-02 2.592014e-01 1.562768e-01
vertex -6.619750e-02 2.627482e-01 1.724291e-01
vertex -6.213053e-02 2.187396e-01 1.559332e-01
endloop
endfacet
facet normal 0 0 0
outer loop
vertex -6.213053e-02 2.187396e-01 1.559332e-01
vertex -6.653866e-02 2.548280e-01 1.385080e-01
vertex -6.113687e-02 2.592014e-01 1.562768e-01
endloop
endfacet
facet normal 0 0 0
outer loop
vertex -1.096046e-01 1.130149e+00 1.493469e-01
vertex -8.971037e-02 1.121113e+00 1.640615e-01
vertex -1.104857e-01 1.125863e+00 1.644996e-01
endloop
endfacet
facet normal 0 0 0
outer loop
vertex -1.958320e-02 1.308016e+00 2.134576e-01
vertex 2.701584e-02 1.320290e+00 2.149041e-01
vertex 1.787739e-02 1.336439e+00 2.164456e-01
endloop
endfacet
facet normal 0 0 0
outer loop
vertex -1.634087e-01 1.154156e+00 1.974856e-01
vertex -1.568848e-01 1.160329e+00 1.981406e-01
vertex -1.703309e-01 1.172480e+00 1.992889e-01
endloop
endfacet
facet normal 0 0 0
outer loop
vertex -1.568848e-01 1.160329e+00 1.981406e-01
vertex -1.591458e-01 1.179431e+00 2.000429e-01
vertex -1.703309e-01 1.172480e+00 1.992889e-01
endloop
endfacet
facet normal 0 0 0
outer loop
vertex -5.964461e-02 1.085968e+00 -5.031567e-02
vertex -1.048539e-01 1.030805e+00 -6.102908e-02
vertex -1.009475e-01 1.061112e+00 -4.077955e-02
endloop
endfacet
facet normal 0 0 0
outer loop
vertex -1.184948e-01 8.993980e-01 -2.569268e-02
vertex -1.213301e-01 9.271027e-01 1.387203e-02
vertex -1.131742e-01 9.539859e-01 -5.794707e-02
endloop
endfacet
facet normal 0 0 0
outer loop
vertex -1.003480e-01 1.174759e+00 -4.532331e-02
vertex -8.317596e-02 1.171270e+00 -4.558638e-02
vertex -8.345179e-02 1.168510e+00 -3.360805e-02
endloop
endfacet
facet normal 0 0 0
outer loop
vertex -1.224756e-01 6.521459e-01 7.311145e-02
vertex -8.103609e-02 6.475429e-01 1.046887e-01
vertex -1.099111e-01 7.126966e-01 6.666479e-02
endloop
endfacet
facet normal 0 0 0
outer loop
vertex -8.103609e-02 6.475429e-01 1.046887e-01
vertex -8.566681e-02 7.146336e-01 1.002010e-01
vertex -1.099111e-01 7.126966e-01 6.666479e-02
endloop
endfacet
facet normal 0 0 0
outer loop
vertex -8.971037e-02 1.121113e+00 1.640615e-01
vertex -1.096046e-01 1.130149e+00 1.493469e-01
vertex -8.917162e-02 1.125603e+00 1.489351e-01
endloop
endfacet
facet normal 0 0 0
outer loop
vertex -1.918886e-02 1.176791e+00 2.004586e-01
vertex -2.474472e-02 1.196027e+00 2.023771e-01
vertex -3.711792e-02 1.172051e+00 1.999041e-01
endloop
endfacet
facet normal 0 0 0
outer loop
vertex -2.474472e-02 1.196027e+00 2.023771e-01
vertex -1.892235e-03 1.182621e+00 2.011228e-01
vertex -7.876672e-03 1.201059e+00 2.029563e-01
endloop
endfacet
facet normal 0 0 0
outer loop
vertex -1.892235e-03 1.182621e+00 2.011228e-01
vertex -2.474472e-02 1.196027e+00 2.023771e-01
vertex -1.918886e-02 1.176791e+00 2.004586e-01
endloop
endfacet
facet normal 0 0 0
outer loop
vertex 2.377596e-02 1.125054e-01 -4.042646e-01
vertex 1.625860e-02 1.560953e-01 -4.184188e-01
vertex 2.387486e-02 1.128609e-01 -4.209572e-01
endloop
endfacet
facet normal 0 0 0
outer loop
vertex 1.633804e-02 1.564527e-01 -4.327337e-01
vertex 2.387486e-02 1.128609e-01 -4.209572e-01
vertex 1.625860e-02 1.560953e-01 -4.184188e-01
endloop
endfacet
facet normal 0 0 0
outer loop
vertex 3.736648e-02 2.968388e-01 -4.347378e-01
vertex 4.156037e-02 2.817744e-01 -4.370312e-01
vertex 2.977322e-02 2.532698e-01 -4.413764e-01
endloop
endfacet
facet normal 0 0 0
outer loop
vertex -7.094680e-02 2.909164e-01 1.210827e-01
vertex -6.653866e-02 2.548280e-01 1.385080e-01
vertex -7.281951e-02 2.123952e-01 1.230307e-01
endloop
endfacet
facet normal 0 0 0
outer loop
vertex -6.653866e-02 2.548280e-01 1.385080e-01
vertex -7.094680e-02 2.909164e-01 1.210827e-01
vertex -6.113687e-02 2.592014e-01 1.562768e-01
endloop
endfacet
facet normal 0 0 0
outer loop
vertex -1.023617e-01 1.433360e+00 2.785801e-02
vertex -1.008503e-01 1.431839e+00 -7.725818e-03
vertex -1.186434e-01 1.426756e+00 7.293388e-03
endloop
endfacet
facet normal 0 0 0
outer loop
vertex 5.593398e-02 1.597933e-01 -4.456716e-01
vertex 4.017752e-02 1.591173e-01 -4.456418e-01
vertex 5.327926e-02 1.830621e-01 -4.453819e-01
endloop
endfacet
facet normal 0 0 0
outer loop
vertex 4.017752e-02 1.591173e-01 -4.456418e-01
vertex 4.512991e-02 1.233437e-01 -4.461124e-01
vertex 3.359871e-02 1.191184e-01 -4.462241e-01
endloop
endfacet
facet normal 0 0 0
outer loop
vertex -1.239285e-01 8.242379e-01 4.156225e-02
vertex -1.215631e-01 7.887421e-01 7.388348e-02
vertex -1.134140e-01 8.570632e-01 7.961323e-02
endloop
endfacet
facet normal 0 0 0
outer loop
vertex 1.284254e-01 8.821141e-01 1.995375e-01
vertex 1.029546e-01 8.660770e-01 1.879126e-01
vertex 1.068360e-01 8.538513e-01 1.958142e-01
endloop
endfacet
facet normal 0 0 0
outer loop
vertex 1.306792e-01 8.680891e-01 2.100036e-01
vertex 1.284254e-01 8.821141e-01 1.995375e-01
vertex 1.068360e-01 8.538513e-01 1.958142e-01
endloop
endfacet
facet normal 0 0 0
outer loop
vertex -2.354849e-02 1.082111e+00 1.224392e-01
vertex -2.071116e-02 1.080822e+00 1.218425e-01
vertex 9.609640e-03 1.084255e+00 1.213721e-01
endloop
endfacet
facet normal 0 0 0
outer loop
vertex -2.511056e-02 1.117438e+00 1.760685e-01
vertex -2.553298e-02 1.120429e+00 1.641431e-01
vertex -3.817671e-03 1.122792e+00 1.767252e-01
endloop
endfacet
facet normal 0 0 0
outer loop
vertex -1.403224e-01 2.560388e-01 1.351624e-01
vertex -1.458164e-01 2.593477e-01 1.525298e-01
vertex -1.461456e-01 2.996024e-01 1.527044e-01
endloop
endfacet
facet normal 0 0 0
outer loop
vertex -1.458164e-01 2.593477e-01 1.525298e-01
vertex -1.407967e-01 2.625868e-01 1.693379e-01
vertex -1.461456e-01 2.996024e-01 1.527044e-01
endloop
endfacet
facet normal 0 0 0
outer loop
vertex 1.357715e-01 7.676966e-01 2.127665e-01
vertex 1.194349e-01 7.778241e-01 2.342491e-01
vertex 1.130659e-01 8.127871e-01 1.936137e-01
endloop
endfacet
facet normal 0 0 0
outer loop
vertex 1.787739e-02 1.336439e+00 2.164456e-01
vertex 2.701584e-02 1.320290e+00 2.149041e-01
vertex 4.700410e-02 1.347584e+00 2.176921e-01
endloop
endfacet
facet normal 0 0 0
outer loop
vertex -1.068109e-01 1.437850e+00 1.324996e-01
vertex -8.673474e-02 1.441778e+00 1.329871e-01
vertex -1.051718e-01 1.436196e+00 9.394749e-02
endloop
endfacet
facet normal 0 0 0
outer loop
vertex -1.261914e-01 1.431326e+00 1.317580e-01
vertex -1.068109e-01 1.437850e+00 1.324996e-01
vertex -1.051718e-01 1.436196e+00 9.394749e-02
endloop
endfacet
facet normal 0 0 0
outer loop
vertex -5.599460e-02 1.263622e+00 2.089049e-01
vertex -5.644856e-02 1.244995e+00 2.070652e-01
vertex -4.048337e-02 1.250713e+00 2.077107e-01
endloop
endfacet
facet normal 0 0 0
outer loop
vertex 9.951057e-02 1.300992e+00 1.829675e-01
vertex 1.012899e-01 1.299963e+00 1.951111e-01
vertex 1.009647e-01 1.279109e+00 1.808049e-01
endloop
endfacet
facet normal 0 0 0
outer loop
vertex 1.009647e-01 1.279109e+00 1.808049e-01
vertex 1.012899e-01 1.299963e+00 1.951111e-01
vertex 1.027530e-01 1.277833e+00 1.929230e-01
endloop
endfacet
facet normal 0 0 0
outer loop
vertex 8.482192e-02 1.976471e-01 -3.651828e-01
vertex 8.847021e-02 2.355910e-01 -3.521771e-01
vertex 8.055574e-02 2.055800e-01 -3.445499e-01
endloop
endfacet
facet normal 0 0 0
outer loop
vertex 8.847021e-02 2.355910e-01 -3.521771e-01
vertex 8.482192e-02 1.976471e-01 -3.651828e-01
vertex 8.753995e-02 2.380215e-01 -3.683860e-01
endloop
endfacet
facet normal 0 0 0
outer loop
vertex 7.114968e-02 1.333299e+00 1.887012e-02
vertex 6.264269e-02 1.351644e+00 1.746131e-03
vertex 6.517222e-02 1.350796e+00 2.057031e-02
endloop
endfacet
facet normal 0 0 0
outer loop
vertex -1.917530e-01 1.367381e+00 4.830545e-02
vertex -1.811824e-01 1.383075e+00 4.991318e-02
vertex -1.881377e-01 1.368071e+00 2.096573e-02
endloop
endfacet
facet normal 0 0 0
outer loop
vertex -1.811824e-01 1.383075e+00 4.991318e-02
vertex -1.778595e-01 1.383328e+00 2.252862e-02
vertex -1.881377e-01 1.368071e+00 2.096573e-02
endloop
endfacet
facet normal 0 0 0
outer loop
vertex -1.968182e-01 1.366428e+00 8.658234e-02
vertex -1.858357e-01 1.382726e+00 8.825193e-02
vertex -1.917530e-01 1.367381e+00 4.830545e-02
endloop
endfacet
facet normal 0 0 0
outer loop
vertex 5.068179e-02 1.942155e-01 -3.412006e-01
vertex 8.040562e-02 2.113297e-01 -3.275735e-01
vertex 5.038226e-02 2.008816e-01 -3.218134e-01
endloop
endfacet
facet normal 0 0 0
outer loop
vertex 6.264269e-02 1.351644e+00 1.746131e-03
vertex 5.254224e-02 1.368329e+00 -1.320881e-02
vertex 5.447223e-02 1.367913e+00 2.371321e-03
endloop
endfacet
facet normal 0 0 0
outer loop
vertex 6.264269e-02 1.351644e+00 1.746131e-03
vertex 6.044620e-02 1.352375e+00 -1.474579e-02
vertex 5.254224e-02 1.368329e+00 -1.320881e-02
endloop
endfacet
facet normal 0 0 0
outer loop
vertex 2.070569e-02 7.190285e-01 -8.726991e-02
vertex 3.014978e-02 6.653146e-01 -8.376642e-02
vertex -2.527730e-02 6.536308e-01 -9.577582e-02
endloop
endfacet
facet normal 0 0 0
outer loop
vertex 7.610011e-02 1.363184e+00 1.733721e-01
vertex 6.172753e-02 1.381238e+00 1.552416e-01
vertex 6.411979e-02 1.381060e+00 1.750754e-01
endloop
endfacet
facet normal 0 0 0
outer loop
vertex 7.348411e-02 1.363709e+00 1.535717e-01
vertex 6.172753e-02 1.381238e+00 1.552416e-01
vertex 7.610011e-02 1.363184e+00 1.733721e-01
endloop
endfacet
facet normal 0 0 0
outer loop
vertex -1.023617e-01 1.433360e+00 2.785801e-02
vertex -8.378040e-02 1.435991e+00 8.379380e-03
vertex -1.008503e-01 1.431839e+00 -7.725818e-03
endloop
endfacet
facet normal 0 0 0
outer loop
vertex -2.098175e-01 1.200913e+00 1.715302e-01
vertex -2.074639e-01 1.203715e+00 1.562084e-01
vertex -1.978031e-01 1.183326e+00 1.698488e-01
endloop
endfacet
facet normal 0 0 0
outer loop
vertex -2.098175e-01 1.200913e+00 1.715302e-01
vertex -1.978031e-01 1.183326e+00 1.698488e-01
vertex -1.993199e-01 1.181037e+00 1.818486e-01
endloop
endfacet
facet normal 0 0 0
outer loop
vertex -2.019131e-01 1.334539e+00 1.762495e-02
vertex -2.001692e-01 1.350455e+00 4.658612e-02
vertex -1.963156e-01 1.351600e+00 1.929264e-02
endloop
endfacet
facet normal 0 0 0
outer loop
vertex -2.025145e-01 1.318161e+00 -3.826466e-03
vertex -2.019131e-01 1.334539e+00 1.762495e-02
vertex -1.990172e-01 1.335718e+00 -2.076183e-03
endloop
endfacet
facet normal 0 0 0
outer loop
vertex 1.579200e-02 1.133576e+00 1.657270e-01
vertex 1.654578e-02 1.131023e+00 1.776919e-01
vertex -3.817671e-03 1.122792e+00 1.767252e-01
endloop
endfacet
facet normal 0 0 0
outer loop
vertex -9.510589e-02 -9.657796e-03 2.196562e-01
vertex -8.240697e-02 -9.565179e-03 2.201693e-01
vertex -8.717175e-02 -1.032155e-02 2.594078e-01
endloop
endfacet
facet normal 0 0 0
outer loop
vertex 7.781185e-02 2.753178e-01 -3.126988e-01
vertex 4.788337e-02 3.111716e-01 -2.500581e-01
vertex 7.930725e-02 3.050635e-01 -2.451499e-01
endloop
endfacet
facet normal 0 0 0
outer loop
vertex -2.001764e-01 1.319392e+00 -1.930423e-02
vertex -1.983436e-01 1.320348e+00 -3.143640e-02
vertex -1.994971e-01 1.303002e+00 -3.315788e-02
endloop
endfacet
facet normal 0 0 0
outer loop
vertex -1.983436e-01 1.320348e+00 -3.143640e-02
vertex -1.980309e-01 1.303945e+00 -4.276350e-02
vertex -1.994971e-01 1.303002e+00 -3.315788e-02
endloop
endfacet
facet normal 0 0 0
outer loop
vertex -8.989836e-02 5.991005e-01 9.759196e-02
vertex -1.316319e-01 5.991845e-01 7.061710e-02
vertex -9.345010e-02 5.887212e-01 9.757195e-02
endloop
endfacet
facet normal 0 0 0
outer loop
vertex 7.000417e-02 5.996480e-02 -4.147211e-01
vertex 4.008703e-02 7.282681e-02 -4.241046e-01
vertex 7.012673e-02 6.009237e-02 -4.247620e-01
endloop
endfacet
facet normal 0 0 0
outer loop
vertex 7.012673e-02 6.009237e-02 -4.247620e-01
vertex 4.008703e-02 7.282681e-02 -4.241046e-01
vertex 4.024018e-02 7.297675e-02 -4.353553e-01
endloop
endfacet
facet normal 0 0 0
outer loop
vertex 1.231598e-01 1.008497e+00 7.937771e-02
vertex 1.003464e-01 1.040806e+00 7.303116e-02
vertex 1.287360e-01 9.850273e-01 1.201115e-01
endloop
endfacet
facet normal 0 0 0
outer loop
vertex 1.304793e-01 1.005578e+00 6.169634e-02
vertex 1.003464e-01 1.040806e+00 7.303116e-02
vertex 1.231598e-01 1.008497e+00 7.937771e-02
endloop
endfacet
facet normal 0 0 0
outer loop
vertex -1.211516e-01 6.853029e-01 3.438481e-02
vertex -1.224756e-01 6.521459e-01 7.311145e-02
vertex -1.099111e-01 7.126966e-01 6.666479e-02
endloop
endfacet
facet normal 0 0 0
outer loop
vertex 6.517477e-02 4.689685e-01 3.155236e-02
vertex 8.319986e-02 4.740418e-01 1.931537e-02
vertex 8.307799e-02 5.090119e-01 3.879415e-02
endloop
endfacet
facet normal 0 0 0
outer loop
vertex 8.307799e-02 5.090119e-01 3.879415e-02
vertex 8.319986e-02 4.740418e-01 1.931537e-02
vertex 9.376170e-02 4.694243e-01 -4.002560e-02
endloop
endfacet
endsolid artifacts/general-tissue-mesher-2026-10-07/character-volume-bounded.mesh__tracked_surface.stl
