MeshVersionFormatted 1
Dimension 3
Vertices
2477
-0.3105087417047722 0.6684157823500076 -0.292924305665563 0
-0.3084651225873711 0.7090268849895864 -0.2432344940179065 0
-0.305689926664111 0.644329193718343 -0.3347467991639664 0
-0.3033398912639348 0.7299597504574857 -0.2218739120166463 0
-0.3023383274527869 0.6543381192911631 -0.2845714909037806 0
-0.3013552913015453 0.6268725799008412 -0.3416352399293339 0
-0.3005396265777526 0.6885185129929383 -0.3134002593554915 0
-0.2999734547401914 0.646211326283239 -0.3583203287543343 0
-0.2977118921170959 0.6907319288173613 -0.2333155876703198 0
-0.2973156362335366 0.7398961593881807 -0.215854279696063 0
-0.2969017996866022 0.7330174823079072 -0.2685652303333232 0
-0.2933319378370913 0.7520707664429918 -0.247885549210032 0
-0.2926005201810229 0.6276454788011498 -0.3702089687265812 0
-0.2920250339322047 0.7489281890893033 -0.2117922716862162 0
-0.2908649115096525 0.711491922623284 -0.2111747587963335 0
-0.2899189064652148 0.7582971755355929 -0.2399623845713608 0
-0.2893295802843042 0.6340828957672876 -0.3312393002825704 0
-0.2874477596825014 0.757514552615099 -0.2082024317619111 0
-0.2871187959458806 0.6668719589516897 -0.3584198117208978 0
-0.2868687465397501 0.7641098265759638 -0.2340224568772671 0
-0.2845885547600602 0.6516474657327485 -0.2890794797451052 0
-0.2839202878282053 0.7702902417220872 -0.2293237782819499 0
-0.283764366531212 0.7229171200913953 -0.2053520829378208 0
-0.2836127083390527 0.7659952221733546 -0.2037095634646233 0
-0.2817371061322584 0.7033085758965052 -0.3321901657750601 0
-0.2810719275502902 0.7776211560643254 -0.2247072345747101 0
-0.2802285279220781 0.6348572390494767 -0.3536421155645277 0
-0.2788473056855383 0.6541951020300132 -0.3703270339896918 0
-0.2775064276622803 0.7333292071484365 -0.2013344127406428 0
-0.2758626158444504 0.7848832871968523 -0.1928759955966823 0
-0.2754748080309944 0.6858104293434872 -0.2395989372390449 0
-0.2739281634318949 0.7500377255499543 -0.2919568893548141 0
-0.2728890903011844 0.7976908333184931 -0.2139430764219616 0
-0.2720992901843909 0.7430061258625855 -0.1976529100103376 0
-0.2708089337799975 0.7671457359728496 -0.2714127883502094 0
-0.2704898770941088 0.6569505191227405 -0.3552540663811821 0
-0.2697656046633059 0.770105539774703 -0.2611552849011737 0
-0.2689390667955734 0.7726354315969114 -0.2532974167435555 0
-0.2677119572326782 0.7518066826901912 -0.192900520559476 0
-0.267664733433373 0.7049379576297992 -0.2171953004299336 0
-0.2675276143135155 0.7763792950436433 -0.2473963363682688 0
-0.2655260730456173 0.6667492996139256 -0.3085782365788287 0
-0.265398224187956 0.782241951868744 -0.2428699426335212 0
-0.2635200673902534 0.7014200313765887 -0.3370299745243798 0
-0.2612200058864113 0.7153933555225538 -0.2103320218941463 0
-0.260207518687399 0.8247202715725521 -0.1705534926198591 0
-0.259423620669599 0.7697434097492906 -0.1817505157411065 0
-0.2562887196665751 0.8029755750157412 -0.2321356217302956 0
-0.2554452301613389 0.725156949981429 -0.2052117966530455 0
-0.2550925075942139 0.8435479009468815 -0.1902022589821452 0
-0.2550062232441913 0.6878482612470522 -0.3292325538451895 0
-0.252259264358808 0.7030202814625847 -0.2639405511211073 0
-0.2509673230053646 0.7464376423567699 -0.2982775458664299 0
-0.2502306812500126 0.7344465626268825 -0.200766561120975 0
-0.2466751698674547 0.7624711066208806 -0.277306827709659 0
-0.2462362322475296 0.7646391657659777 -0.2657856627898417 0
-0.2461929973853336 0.765803160614369 -0.2569800571953134 0
-0.2456805508189392 0.7428861646695641 -0.195858382597636 0
-0.2452267901626792 0.7685840659139331 -0.2504193266524524 0
-0.2451818972048242 0.7196121883308106 -0.2424404128995665 0
-0.2432316671697046 0.8062698605542058 -0.1597996892357865 0
-0.2430730284011952 0.7739094243930384 -0.2455473958494419 0
-0.2430415591070652 0.8669704543602735 -0.1502702492567445 0
-0.2413900323373714 0.7261959178910711 -0.233653389831735 0
-0.2397798869172026 0.7287846239698712 -0.2889729785723384 0
-0.237940444048508 0.7324207209252368 -0.2263853428094325 0
-0.2362979695718558 0.7607382278327357 -0.1845686843020469 0
-0.2356824227872276 0.8533727368563557 -0.2071754683920141 0
-0.2350430525762558 0.8925406009839769 -0.170097952970847 0
-0.2345251403826311 1.280407262255221 0.2012082857518353 0
-0.2343655482834078 0.7390496281418499 -0.220545770376408 0
-0.2339317107638594 0.889130733894651 -0.1387621369220221 0
-0.2338908180536931 1.281348874436734 0.1915965280028374 0
-0.2338309216186319 0.7445670087540328 -0.2676098381271774 0
-0.233093990850277 1.30211747188104 0.2033587987568075 0
-0.2330419565535535 1.258770119325937 0.1990831607559617 0
-0.2329479198749478 0.7942542271233635 -0.2341338932598573 0
-0.2324674493428346 1.302974985738386 0.1937382544799409 0
-0.2324608197121261 1.280061425470287 0.2075174251483375 0
-0.2324605082720833 0.7479498554578852 -0.2564522786903771 0
-0.232407351026362 1.259783779986649 0.1894789101859212 0
-0.2320392434836061 1.28249978041828 0.1794796165395472 0
-0.2316228493893854 0.7500706513786111 -0.2475810154385332 0
-0.2310132592176843 1.301592884455983 0.2096505902269485 0
-0.230999917239844 1.2585587341547 0.2054052272961408 0
-0.2306380080066118 1.303896888961379 0.1815980387646791 0
-0.2306291849662565 0.7463726735295491 -0.2150162115335784 0
-0.2305664057440943 1.261177558774984 0.1773868491175788 0
-0.2303270283386332 0.9014228366471266 -0.1290816785230112 0
-0.2299746043195389 0.7536075593922317 -0.2408062060386809 0
-0.2293694574855228 1.283986825154992 0.164024701374731 0
-0.2288586349832974 1.323444775466582 0.2054797540065315 0
-0.2287692494466754 1.237474130396559 0.1969977876112902 0
-0.228247917194489 1.32421671163365 0.1958503344332033 0
-0.228147016916521 1.238567554137447 0.1874018352434671 0
-0.2279941949557623 1.305041072773612 0.1661084815423502 0
-0.2279123812676493 1.263008446478363 0.1619668122159083 0
-0.2272980035037991 0.7593082300099804 -0.2353256893531326 0
-0.2268042088018287 1.322657639072949 0.2117456832843138 0
-0.2267578189077656 1.237384869377245 0.2033316127742489 0
-0.2264703654099878 1.324912259083069 0.1836870405137108 0
-0.2263455186797087 1.240197398943882 0.1753338708343676 0
-0.2263151650768569 1.285857195693186 0.1443851221529954 0
-0.2262304373605479 1.280622103833149 0.2097147779177913 0
-0.2260709106002285 0.9126762007942282 -0.1178889848163606 0
-0.2255499789421852 0.8451572596035207 -0.1397146038592454 0
-0.2249669495805915 1.306523468587439 0.146430360578782 0
-0.2248815007886275 1.265249667490545 0.1423636121039738 0
-0.2248268865302848 1.25954073875886 0.2076445972592454 0
-0.2247445984192024 1.301634564111003 0.2117966757292349 0
-0.2246211307930751 0.9169277069573541 -0.1590087889605076 0
-0.2238972189410011 1.325722534561122 0.1681636473911237 0
-0.2237491207582578 1.242361754625827 0.1599475755051836 0
-0.2222231625709084 1.288470957794215 0.1172287684413574 0
-0.2217966013740323 1.344063502426514 0.2075487121454483 0
-0.2216860272577237 1.217008540476306 0.1950118628175986 0
-0.2212159534123496 1.344766892681553 0.1979119904199886 0
-0.2210828682745218 1.218185069318376 0.1854249901888936 0
-0.2209473057745339 1.326834355916517 0.1484488258312794 0
-0.2209107683186804 1.308623354900855 0.1192229298048122 0
-0.2208238245095968 1.26837505409589 0.1152575238238729 0
-0.2207930303573545 1.244980974855564 0.1403817047981214 0
-0.2206880733551854 0.9291637214422535 -0.1504418223736807 0
-0.2206704965148512 1.238749428687425 0.205608964237413 0
-0.2206217369798643 1.321921627357059 0.2138143285179505 0
-0.220259127435768 0.7650139288111311 -0.2031242480591896 0
-0.2198452680903133 1.342879044861386 0.2137749211862783 0
-0.2197151820583087 1.217031429883416 0.2013559631249531 0
-0.2195208019514647 1.3452374317756 0.1857253489541301 0
-0.2193501821114931 1.22004483462737 0.1733805802043562 0
-0.2175029747506357 0.7977202048984218 -0.1623027745968347 0
-0.217066412181276 1.345730975204758 0.1701693485485631 0
-0.2169940979443679 1.328433070876003 0.1211915497541168 0
-0.2168540949795423 1.22253286790207 0.1580271061564877 0
-0.2168307650089868 1.248602838483847 0.1133246945921163 0
-0.2166419272162814 0.7785911674024584 -0.2230438355268002 0
-0.2165107458815393 1.292106413167945 0.07920485825207485 0
-0.2161144828208617 0.9397335305338204 -0.1408088043581984 0
-0.216074959044486 0.8658435290077513 -0.1281835403082429 0
-0.2152435763945247 1.311558702572437 0.08113062005829372 0
-0.2106877425984368 1.280535074007676 0.2097843982738118 0
-0.2151700288151772 1.272700918499996 0.07729946614021471 0
-0.2149692781704401 0.9341159406734716 -0.08863995736889646 0
-0.2142462458691838 1.346474964095037 0.1504171526945994 0
-0.2140158775674321 1.225521404694102 0.1384982434682269 0
-0.2139688256108131 1.340947516960859 0.2157242731172087 0
-0.2137366529640344 1.218769044691447 0.2036704338270827 0
-0.2121141034193199 1.363595997266518 0.2095193220761477 0
-0.2120273679980623 1.19758254894895 0.1931309790370077 0
-0.2117452203499705 0.9075337537204295 -0.188009632605305 0
-0.2115720425565099 1.364228765338506 0.1998750742177103 0
-0.2114572266039936 1.330665029931461 0.08303084572715309 0
-0.2114524410033229 1.1988304241089 0.1835518585096246 0
-0.2113239946971301 1.253616510384388 0.07543301950667169 0
-0.2109275693585303 0.8772086952253821 -0.1202369909497651 0
-0.2107970878351769 1.295742986154391 0.04118123678972734 0
-0.2104658220253059 1.347581141392746 0.1231099421271596 0
-0.2103519540874311 1.361971086830826 0.2157013111967751 0
-0.2102109676662074 1.229625937632192 0.1114894186895811 0
-0.2101093400890305 1.197724931976954 0.1994862820088066 0
-0.2099866582576591 1.364488495990112 0.1876665053214544 0
-0.2098854322009818 0.8443732343222778 -0.2088176939795507 0
-0.2098175458682542 1.200913438845965 0.1715302450500061 0
-0.2095720116104529 1.314485177377253 0.04303768540216737 0
-0.2095198395735058 1.277037344437357 0.03934245526961797 0
-0.2076879101966201 1.364676787903149 0.1720790125167494 0
-0.2075480585288974 0.8884799785874319 -0.1078656992623954 0
-0.207463871412343 1.203714633414209 0.1562084085102882 0
-0.2066705125388189 1.298394662486606 0.01403371065505506 0
-0.2059183071432906 1.332897494260736 0.04487046071203544 0
-0.2058188152398329 1.258631607639985 0.03754131335778431 0
-0.2054731874764665 1.316625869049314 0.01584057978158438 0
-0.2054358193270673 1.280185769868511 0.01224237150297054 0
-0.2051517015104015 1.349144304471629 0.08488429932344818 0
-0.2050460401631011 1.365070757506277 0.1522910589001535 0
-0.2050419788634907 1.358711750871315 0.2175171308330831 0
-0.2049598971566118 1.235261758961759 0.07365427624219142 0
-0.2047847977982391 1.207043606062431 0.1367140075919408 0
-0.2042821345435596 1.199855041347661 0.2018397061202845 0
-0.2041052076771658 0.9612866961977498 -0.1127694550536514 0
-0.2036933077230801 1.300295173439905 -0.005598236681800428 0
-0.2025144884072103 1.318161290839017 -0.003826466064092753 0
-0.2024943457318046 1.282451446844696 -0.00735521005850398 0
-0.201913106598431 1.334539127043228 0.01762495135425156 0
-0.2018834524966233 1.365474602694336 0.1248592466154009 0
-0.2018421315408657 1.262280487981587 0.01048938285456585 0
-0.2013391393047792 1.301812844506992 -0.02104820909622089 0
-0.2011992855204133 1.21161645825183 0.1097521551056946 0
-0.2001763550580781 1.319392194116549 -0.01930422875979369 0
-0.200169168157584 1.350454575972723 0.04658612195728452 0
-0.2001642581970013 1.284253076196307 -0.02277800084847 0
-0.1998986365226825 1.381729227093469 0.211367858612292 0
-0.1998567965808294 1.179701104327407 0.1914178576562103 0
-0.1997108285253789 1.240890940929218 0.0358180931024469 0
-0.1995124285131197 0.9330904276223755 -0.177898409862961 0
-0.1994971546042847 1.303002398040993 -0.03315787637134562 0
-0.1994018565156349 1.382290052288262 0.2017159407951644 0
-0.1993199357212521 1.181036723141162 0.181848556341587 0
-0.1990172432166031 1.335717655957659 -0.002076182828947302 0
-0.1989812783863863 1.264899169965334 -0.009074705418624623 0
-0.1989391015909517 1.302850157821549 0.2120447527947973 0
-0.1984239856983798 1.379708378744306 0.2175093944455122 0
-0.1983435780741714 1.320347855150819 -0.03143639689613949 0
-0.1983424518179831 1.285665896377206 -0.03486651155778436 0
-0.1981815621382829 0.8069009990103925 -0.1791292240501813 0
-0.1980309384303965 1.303945423689655 -0.04276350276408888 0
-0.1980181649895066 1.179985539511952 0.1977862434795751 0
-0.1979496036870588 1.38235443493782 0.1894872727788125 0
-0.1978030795222572 1.183326306107553 0.1698487521913564 0
-0.1972723627270346 0.9084861093045145 -0.07987215459090624 0
-0.1971487008000241 0.8371416447271055 -0.142014517410569 0
-0.1968906135069021 1.286786339819913 -0.0444550492762733 0
-0.1968861060617716 1.321105815987873 -0.04106011951486906 0
-0.1968182172897781 1.366427652740538 0.08658234226749016 0
-0.196732719946564 1.336661410013096 -0.01758176731763059 0
-0.1967125745793278 1.266984693920768 -0.02447026645926646 0
-0.1963155682892972 1.351599553477836 0.01929263933797061 0
-0.1962722996491991 1.217842015264742 0.07197258708027278 0
-0.1959093652370858 1.245015989670556 0.008811408661829466 0
-0.1958469250489329 1.382268892714439 0.1738715177130625 0
-0.1956247773098952 1.186431606876105 0.1545584744109993 0
-0.1954550175074992 1.304758758284131 -0.04900200560398681 0
-0.195210847286709 0.9444638942773508 -0.1709842876897179 0
-0.1949393756237546 1.268612753322756 -0.03653833877645001 0
-0.1949390291363362 1.337395527945144 -0.02973517571059841 0
-0.2020569189690716 1.336407171239598 0.2153346115555325 0
-0.1943442081523831 1.287834143142869 -0.05067086654471709 0
-0.1943104026683312 1.321675026331505 -0.04732254387538628 0
-0.1939857062147659 1.375295189284324 0.2192074327986385 0
-0.1951414095853879 1.204454205940724 0.2023443960617789 0
-0.1938144593680614 1.3821333039071 0.153976182632704 0
-0.1935315797711896 1.352435668958991 -0.0004411837342276348 0
-0.1935254144574733 1.269914641957578 -0.04610936098621007 0
-0.1935148196262783 1.33797205532086 -0.03937659849482525 0
-0.193175680990544 1.247969927030549 -0.01072130675141624 0
-0.1931523492693915 1.190083861791907 0.1350967462366224 0
-0.192951905433202 0.8253061544437459 -0.1976745767395759 0
-0.1924094687875301 1.18257009669855 0.2001844685615342 0
-0.1923328256271924 1.246019906077489 0.206472704501622 0
-0.1917530128003198 1.367380817423155 0.0483054491355573 0
-0.1913531233714427 1.224069748081547 0.03419228465337797 0
-0.1913413127750985 1.35309696552015 -0.01597501488028527 0
-0.1912311107286879 0.9827790336080842 -0.02068065102935863 0
-0.1910252108062302 1.271172322466272 -0.05230482925339126 0
-0.1910057445664267 1.250328070065505 -0.026090811587223 0
-0.190982228754117 1.33822384264684 -0.04567034962677385 0
-0.1904889450962461 1.382376086237213 0.1265906688533116 0
-0.1904288441687063 0.9543872294046297 -0.1626708700964286 0
-0.190281305200902 1.305564692456113 -0.05100832191296968 0
-0.1898422509723302 1.195085073615514 0.1081778686868906 0
-0.1896218056043608 1.353605078739023 -0.0281510922514876 0
-0.1893089588923239 1.252162853550719 -0.03813931837920816 0
-0.1892226797104713 1.289013616861742 -0.05264044453361585 0
-0.1891085538083907 1.322039125825649 -0.04937236372212362 0
-0.1882614322546812 1.354020223673303 -0.03780876027883086 0
-0.1881376868620916 1.368071149316585 0.02096572504007936 0
-0.187958206746187 1.253638086482125 -0.04769378395881755 0
-0.1877801538786688 1.228639005673244 0.007228282378606919 0
-0.1910662648438156 1.367614049341089 0.2184633191188602 0
-0.1864864258985072 0.8576203659012935 -0.1306104969490972 0
-0.186238729710953 1.227586353267101 0.2046859894519857 0
-0.1859810404655126 1.272688167659996 -0.05424135304352811 0
-0.1858534975461139 1.337933939697934 -0.04778515444661606 0
-0.1858438961323463 1.353832254618993 -0.04414646424621192 0
-0.1858356972074611 1.382725711245692 0.08825192314026835 0
-0.1855279948020107 1.255096880081002 -0.05387001950701298 0
-0.1855027153013021 1.163444184194448 0.1898623245801351 0
-0.1854216298046836 1.398114868267124 0.2130521760961757 0
-0.1853268070648056 1.201799573496167 0.07044178476435523 0
-0.1852175040061637 1.231918394820814 -0.01227351781955875 0
-0.1850154944411107 1.164863589505203 0.1803020085141333 0
-0.1849805430476631 1.398621992612995 0.2033943833684877 0
-0.1842464397429051 1.395807759424844 0.2191640978472831 0
-0.184126296123464 1.398320686460767 0.1910688875855658 0
-0.1838168406296101 1.163925785886992 0.196249658146643 0
-0.1836438117496274 1.167342882090509 0.1683220045488679 0
-0.1834630100676167 1.368953662180896 -0.01436435905233599 0
-0.1832333265831811 0.8990089353802061 -0.1905506745541578 0
-0.1831779861274643 1.234531458607647 -0.02761854358250623 0
-0.1828677028608472 1.187247437546282 0.2007008646623752 0
-0.1825442884619449 1.335273572676476 0.2153207224634411 0
-0.192886193997406 1.318084883035504 0.2135732897673092 0
-0.1821922443125591 1.397997481693747 0.1754361928758458 0
-0.1838108211683512 1.349147705087647 0.2166777653194527 0
-0.1818493812885345 1.369258775016948 -0.02656108085749045 0
-0.1816776361948021 1.170722497718309 0.1530599933099153 0
-0.1815856677212975 1.236565844569879 -0.03964804779211922 0
-0.181182449318676 1.383075336254171 0.04991317742722516 0
-0.1809870746544439 0.8685570139485513 -0.1229399438703277 0
-0.1809670144032155 1.352578791035465 -0.04635735361206368 0
-0.1808288796905845 1.208524675550537 0.03270486004730364 0
-0.1806999724433691 1.390531884788576 0.2207733200385723 0
-0.1805842761443613 1.256941825943196 -0.05577433417959677 0
-0.1805685910275242 1.369498265802888 -0.03623655352134074 0
-0.1803968066242694 1.010419840103697 -0.04632588611071486 0
-0.1803162622321665 1.238199741871779 -0.0491873223194688 0
-0.07123494154410075 1.316112608642191 0.06784204268667422 0
-0.1799600123151701 1.397812056866168 0.1555983901065497 0
-0.1823274212147478 1.286502745008037 0.2105150206430018 0
-0.1794449158312635 1.174663485631644 0.1336280480451845 0
-0.1786575948965141 1.167133530956191 0.1987093034064749 0
-0.1781728040467274 1.208864377588986 0.2028708585600769 0
-0.1783564461961952 1.36886448474766 -0.04261946248748495 0
-0.1781459698802688 1.337376364153027 -0.0478036269065321 0
-0.1780554020033971 0.9754518964084998 -0.1364889275841223 0
-0.177982605474627 1.239874032222062 -0.05534278312291509 0
-0.1778595460247422 1.383327862679613 0.02252861700595368 0
-0.1775493194612192 1.213498197538251 0.005778773647424233 0
-0.1769853232073106 1.397673630639321 0.1281733661981339 0
-0.1767451587771781 0.8777566723870336 -0.1124875043789788 0
-0.1749589865455453 1.26814539405335 0.208746441849576 0
-0.1764589336566277 1.180055250277374 0.1067489750300661 0
-0.1754559665283498 1.383507040504878 0.002727801134081317 0
-0.1752012151484083 1.217058838978247 -0.01369725490675373 0
-0.1751422878236982 1.382355819183712 0.2199930043463998 0
-0.1749324856081154 0.9521855630508548 -0.01829037682270993 0
-0.1741518165688513 1.350738419876519 -0.04650653036298415 0
-0.1739434935212397 1.366530365827396 -0.04493976366890888 0
-0.1736818085321737 0.852489726118818 -0.1594829547511687 0
-0.1735635041047409 1.383646601987051 -0.01285921413109133 0
-0.1733268347092596 1.219903133630177 -0.02902046077290919 0
-0.1731802686233584 1.242068095240477 -0.05721302600295456 0
-0.172818725542452 1.397471997259371 0.08977758662774078 0
-0.1724077163965259 1.187243632259552 0.06905863462265062 0
-0.1720792645262761 1.383752553705715 -0.02507631456690256 0
-0.1718680391167887 1.222125569970916 -0.04103237340115683 0
-0.1709030270174021 1.38384083744446 -0.03476728995309875 0
-0.1707026850971317 1.223909506598414 -0.05055753034748567 0
-0.170330858530661 1.172479777731567 0.1992888841063748 0
-0.1699357855588367 0.9241086458032755 -0.1808921717351127 0
-0.1693563680359289 1.412321949650762 0.2144695775055043 0
-0.1589546411616921 1.341184223085271 0.2160173001419256 0
-0.1692197884460548 1.193825078324106 0.2014271490428588 0
-0.169126102761463 1.149393402984548 0.1885357866206597 0
-0.1689852629758746 1.382799548384338 -0.04119204086050911 0
-0.1689374988669493 1.412786391977158 0.2048121978318334 0
-0.1686902657273068 1.150896252499881 0.1789850782989871 0
-0.1686495855333823 1.397260847149886 0.05138087590693467 0
-0.1684949519831743 1.225788834309741 -0.05669350134442096 0
-0.168380711668309 1.194430055349634 0.03136497946411412 0
-0.1678936077820186 1.410030123830301 0.2206491024102495 0
-0.1678675475262425 1.336773471977845 -0.04781445645965027 0
-0.1656914093651503 1.372468025824571 0.2190668468314002 0
-0.1677703216717329 1.412550895320836 0.1925596943696321 0
-0.1677201924001212 1.150130031767076 0.1949474290441528 0
-0.1674836029391798 1.153562113616905 0.1670251974265551 0
-0.1621310165398088 1.233205369734382 0.205365762720599 0
-0.1667209751007531 0.8967440510858633 -0.08750011146325146 0
-0.1622235375627298 1.323658629098083 0.2142727160017941 0
-0.1660958992817402 1.412004463668189 0.1769035986962634 0
-0.165913657935345 1.348770155513541 -0.04666143613079442 0
-0.1657548773797323 1.157190688717771 0.1517897884680605 0
-0.1656748964255229 1.39712242092304 0.02395585199851891 0
-0.1655950240383931 0.8771210884834173 -0.1799202664060058 0
-0.1654396261376732 1.199771395012351 0.004474139132912544 0
-0.1652816793518349 1.379535959804919 -0.04360796302975888 0
-0.1649899008083195 1.404293541790157 0.2222092018927114 0
-0.1641600287867747 1.411555019637491 0.1570381710203612 0
-0.1638893833311923 1.228377362794678 -0.05852541337301616 0
-0.1638751046106419 0.9346107149285758 -0.1762098720109217 0
-0.1637956151351468 1.161372551485689 0.1323827914396226 0
-0.1637767167321877 1.30722536271636 0.212649690331416 0
-0.1635205604724307 1.397009055013131 0.004124813232699406 0
-0.1634086743328061 1.154156407358368 0.1974855474039474 0
-0.1633362303831033 1.203590564540587 -0.01497747143422769 0
-0.1618276404993303 1.396930871299826 -0.01148476595896702 0
-0.1616579176174647 1.20665013143925 -0.03028014062715858 0
-0.1615800884135883 1.411064878374846 0.1295763466493025 0
-0.1613344798188175 0.8744602468452733 -0.1487647833784776 0
-0.1610559243895603 1.167364801755645 0.1056566807032742 0
-0.1603165801993603 1.358968803059206 0.2177612443124045 0
-0.1604987100393355 1.396861857273326 -0.02371997271199745 0
-0.1603507851307261 1.209037572521186 -0.04227641680352006 0
-0.1601897133488325 0.9441744313722665 -0.1680363560206379 0
-0.1601261395445271 1.394872116289555 0.2213017206155214 0
-0.1594463657085999 1.396814313754735 -0.03342502041759648 0
-0.1593085459270925 1.210957198732628 -0.05178875067608463 0
-0.1706899768348033 1.270824384763739 -0.05435265364836084 0
-0.1591458097372633 1.17943132967386 0.2000429268205611 0
-0.1579674966983318 1.410376647512998 0.09112961521404593 0
-0.1578444618801065 1.395462710972079 -0.03988208152203905 0
-0.1576472094733988 1.174633890191217 0.0678808977785033 0
-0.1572989886304254 1.213085696197808 -0.05790090429024541 0
-0.15694515681632 1.022394012185555 -0.07429915510651347 0
-0.1568847958378359 1.160328498760967 0.1981406075799441 0
-0.1564979442725765 1.348195346765015 -0.04667243019222476 0
-0.1560461961309901 1.337029810161174 -0.04773244268727604 0
-0.155416975066331 0.8850895890459356 -0.142334260403651 0
-0.1548668866866527 1.391481572040861 -0.04237269446722501 0
-0.1543574924424667 1.409698044203025 0.05268382569668444 0
-0.1542841805243334 0.001679382576305536 0.2648444413893453 0
-0.154154301966309 1.182165702706504 0.03021835742062743 0
-0.1541447217961514 1.030333262097741 0.03448415785059664 0
-0.1539848822250443 0.01434662257803304 0.2650722040749193 0
-0.153606073110542 0.03019546847002946 0.2654662769493021 0
-0.1531327084188925 1.20081883800382 0.2022063354835592 0
-0.1530827283483365 1.216204221116302 -0.05968172524916736 0
-0.1508629356483795 1.2552543982455 0.2075951930313844 0
-0.1520279677437202 0.9008350132539864 -0.1702251121416971 0
-0.1517774368869306 1.409207933452976 0.02522200491359226 0
-0.1517019024726138 -0.006968117132808943 0.2632664008482083 0
-0.1516063851479888 1.187811272122177 0.003355227851900233 0
-0.1511094440211797 1.137377240145785 0.1874005549708754 0
-0.1510131814346408 1.42448314944211 0.2157649528597632 0
-0.1507400054771302 1.138953396084921 0.1778574369868428 0
-0.1507234567763027 0.002332071239048859 0.2205112591758363 0
-0.1506937245118545 0.89371501581082 -0.1335409678652374 0
-0.1506620621720597 1.424909018377318 0.2061034177190215 0
-0.1504251940527156 0.01642742075474816 0.2208023014413575 0
-0.1286591297760252 1.334827958682926 0.2155391248611022 0
-0.1502401699034884 1.421932307742967 0.2218466940166718 0
-0.1500709886038964 1.13837787530837 0.1938385416240322 0
-0.1499915076592796 0.03661690798700683 0.2214059353682769 0
-0.1499119025065015 1.408853176992612 0.005365621771501308 0
-0.1497888308599188 1.191817900232786 -0.01608051961142777 0
-0.1496927781271853 1.424538717337696 0.193836581851109 0
-0.1496434525788529 1.141961735947585 0.1660003451987059 0
-0.1488446657719479 1.167465687047645 0.1988987578144482 0
-0.1488384348009448 0.002638811600626532 0.1970045312071047 0
-0.1485420874054157 0.0174884602814608 0.1973392375988225 0
-0.1484428060191068 1.408571687393342 -0.01026520832674646 0
-0.1483801968233626 0.9638323667668114 -0.1438327177826098 0
-0.1483724406897109 0.0008383332732469235 0.3058364827504745 0
-0.1483346422576705 1.195052819063741 -0.03136728995451313 0
-0.1483047897520913 1.423803087255187 0.1781603281419909 0
-0.1481741310584908 1.145830717719982 0.1507964967024552 0
-0.148078908335212 0.04012151578556931 0.1982219584074812 0
-0.1480762758986947 0.0121322117137256 0.3060028065443807 0
-0.1480578290176692 -0.00613097204887659 0.2202236842327854 0
-0.1477771872125622 0.02372434584572512 0.3061753687413904 0
-0.1473236104347628 1.416098123109521 0.2234595601177622 0
-0.1472917657407903 1.408352419158462 -0.02251618159568682 0
-0.1472066165576671 1.197575464400461 -0.04335165418364208 0
-0.1468768139372777 1.143238429078639 0.1964588494774354 0
-0.1466975437392756 1.423132887821875 0.1582714074935191 0
-0.1465486337360637 0.3509375277634911 0.1500554342692116 0
-0.1465271550153484 0.3644589046067921 0.1428667582532287 0
-0.1465001433533964 1.150266896593132 0.1314272895728416 0
-0.146460660986063 0.3364822891010951 0.1534044330176606 0
-0.1464212128973264 0.6006360749196517 -0.003142050882514458 0
-0.1464201122300002 0.9361694986691818 -0.03207978632986087 0
-0.1464140801975162 -0.007504483630057516 0.3030950641175704 0
-0.1463778721354123 1.408175627749532 -0.03223472040196668 0
-0.1463480963565785 0.395481128334175 0.1230569124414485 0
-0.1462995394048671 1.199595981819704 -0.05285462403194752 0
-0.1461628540824701 0.5828370890308202 -4.848630748743865e-05 0
-0.1461455809988917 0.299602368605583 0.1527043833145738 0
-0.1461393374725393 0.04158350410130226 0.1754606009661857 0
-0.146072625812288 -0.00583253705560972 0.1967090816532034 0
-0.1459967819760832 0.4609877477114402 0.0737475594125586 0
-0.1459703969708253 0.0179228271512596 0.1731652870542365 0
-0.1458760533460988 0.9111251895844515 -0.1653570027192443 0
-0.1458758589937177 0.002824351618844189 0.1720930241852508 0
-0.1456985411685102 0.5260911503959462 0.02740059876625553 0
-0.1456953162856797 1.186352761349696 0.2008037241671386 0
-0.145608634033989 0.567046927127005 0.005011507789888819 0
-0.1454943380955471 0.5552991659135196 0.01041936033780475 0
-0.1454871163186109 0.2190930927919373 0.152355196887786 0
-0.14503310389966 1.406621961915116 -0.03871307192321825 0
-0.1449131940003566 0.1401775327755546 0.14608724742784 0
-0.1447944223511739 0.08281215626828309 0.14077742741923 0
-0.1446543828926606 0.09537550444262152 0.1417856482479353 0
-0.1446531330278079 0.1067516239550712 0.1432386355741277 0
-0.1446093434671942 1.202043148837161 -0.05893653692723387 0
-0.1445555270317673 1.422351539553698 0.1307785710279379 0
-0.1443381143734867 0.06605616858576908 0.1377652600236826 0
-0.1442671067835941 1.156319908675693 0.1046291094035247 0
-0.1440321299766308 1.338829962927721 -0.04754009700625218 0
-0.143967960701146 1.057616332402351 0.00653259225754696 0
-0.1436640559887815 0.04309640129082333 0.2657663794496276 0
-0.143372150950922 -0.009761634157007676 0.2593966366609068 0
-0.1430690497453952 1.405865074179646 0.2224683162770877 0
-0.1430410368320639 -0.005547339156950933 0.1714219125941255 0
-0.1426662978685612 0.9963329376871944 0.03537070977871903 0
-0.1425873978847717 1.402263096787676 -0.04124373415800604 0
-0.1425098547640558 0.04189313111350571 0.1324015450923237 0
-0.1365007716995919 1.292979082278499 0.2113817956905668 0
-0.1423919679235534 0.6184558131605926 -0.006592723842786877 0
-0.1437531949590426 1.151065495456711 0.1972688635586945 0
-0.1444647371839799 1.224168701992493 0.2045618999949857 0
-0.1416264997286427 1.32648912587325 -0.04870559486458574 0
-0.141558246908569 1.421263478026756 0.09228919104560927 0
-0.1412742175187559 1.164230718832143 0.06701643208798369 0
-0.1410977137598456 1.20587044833454 -0.0606501877732218 0
-0.1405785618621292 0.9199050133574337 -0.1577697567642334 0
-0.1404150041089672 0.01835794050958106 0.1265563740261058 0
-0.140226014277579 0.9119470386706615 -0.1108531304442602 0
-0.1399485628121437 -0.01024300994657459 0.2951966829770731 0
-0.139820326346163 0.06718196560579953 0.1803899204043893 0
-0.1396645999882247 0.05384377545807972 0.2218582160305997 0
-0.1395872770211775 -0.009235530986013044 0.2197296293837381 0
-0.1393594697162887 0.03294274494953644 0.2956533690462245 0
-0.1391359733674628 0.003422627344613191 0.1232246584919806 0
-0.1484923481305553 1.250447780366085 -0.05626427809738823 0
-0.1386347307295842 1.173777932021981 0.1995813247924631 0
-0.1385584513149477 1.420165769877565 0.05379886690290651 0
-0.1383378418808388 1.172122265100171 0.02939402076536832 0
-0.1441677286794464 1.223211640602566 -0.05894317700100771 0
-0.1375570042163315 0.05977498013916346 0.1987904217256653 0
-0.1373703121174217 1.158438743329918 0.1980472008469796 0
-0.1373207691539697 -0.008759089173248354 0.196463396687303 0
-0.1356866554039057 1.393923157374614 0.2213290012327522 0
-0.1454227395344883 1.296229920958737 -0.05171732588393195 0
-0.1364190076690373 1.419394052975339 0.02630697280371612 0
-0.1363095142605328 -0.004612985222863548 0.1225969120430477 0
-0.1362583116054399 1.206748280985039 0.20288372514112 0
-0.136216262833017 1.1779897482399 0.002543805808571956 0
-0.1358370935828184 0.6547535709972666 -0.001603124383868809 0
-0.1357142837911379 0.3455667022463828 0.1879223218313779 0
-0.1356797730093342 0.3615324494063958 0.1862243239996569 0
-0.1356171263944566 0.0845602084323254 0.1744370946674043 0
-0.1356155564258425 0.3076852718627012 0.1873675533316205 0
-0.1355078451063849 0.376157479574485 0.1800361032542087 0
-0.1354959551475021 1.05039585970607 0.0559728144345493 0
-0.1354478167707324 0.2255712599026919 0.1859713992162821 0
-0.1354464929726905 0.3418293901547821 0.1149925140941532 0
-0.135416450446118 0.3535350189234309 0.1070616534407136 0
-0.135410971442548 0.09872222093340624 0.1740230940597076 0
-0.1353815568897686 0.3284211888720394 0.1179000778146813 0
-0.1353798473082435 0.1451013858782692 0.1781749348030016 0
-0.1353383152932305 0.110828520685652 0.1752710666307894 0
-0.1352154106880865 0.3818018810827742 0.08244333344994956 0
-0.1351576373954332 0.2929845323591244 0.1179694959097064 0
-0.1349293606579185 0.4097348656382743 0.1643765447910953 0
-0.1348683603537516 1.418822057474887 0.006427512441089453 0
-0.1348260553651943 1.181845951225934 -0.01700175636151523 0
-0.1346736582399395 0.213735318371978 0.1189196658455809 0
-0.134657067484085 0.445404601471372 0.02182031814259908 0
-0.134633939873236 -0.008429509381760875 0.1711160879457416 0
-0.1344429501471458 0.7914125397489322 0.003511268025643895 0
-0.1342418488758962 0.1363157479106017 0.1138630854453938 0
-0.1341579582385662 0.08170991349806436 0.1073506265443874 0
-0.1340977701984232 0.5098796635133518 -0.03426317255099645 0
-0.1340496050467808 0.092691744732356 0.1097550907614273 0
-0.1340495556602022 0.1035473254167943 0.1110894487523211 0
-0.1338007117102325 0.478337443543488 0.1262881186138013 0
-0.1337232356953301 0.5405269156347903 -0.05507951952813731 0
-0.1336502942960934 1.418381251300453 -0.009220339996768953 0
-0.1336166495568444 1.185236310697426 -0.03227400188845727 0
-0.1335828909929782 0.06656080295384305 0.101773831636958 0
-0.1333757421850163 0.5541654435203257 -0.06237995259066877 0
-0.1329723948679565 1.165510485960741 0.1987826249677861 0
-0.1328568002949853 0.5708281503981978 -0.06978947258790034 0
-0.1327726861764803 0.5456709746329294 0.08952151263666738 0
-0.1326935424425921 1.418028256372504 -0.02148552121025048 0
-0.1326786814475483 1.18786726686321 -0.04424845929915075 0
-0.1323090178528689 0.5743895641411219 0.07626048999908676 0
-0.1320892011709522 0.5895330808158845 -0.0753751435514961 0
-0.1320667835530948 0.5851037379865034 0.07258334801496658 0
-0.1319372750035365 1.417758143770412 -0.03121408271162573 0
-0.1319254555552113 1.189996188133639 -0.05374115616469655 0
-0.1316707096431931 1.128139062823196 0.1865979553123476 0
-0.1316318625298489 0.5991844658435718 0.07061710134219748 0
-0.1315358233604508 0.04267427837289844 0.09265579436832402 0
-0.1313747588220387 1.129834120064129 0.1770710232307199 0
-0.1312243931343839 1.434143714047658 0.2168194558062366 0
-0.1310444043685353 1.129273962789613 0.1930487889659865 0
-0.1309989995530903 0.6145477071311329 0.06964679805445093 0
-0.130946103733555 1.43453985409058 0.2071546173014506 0
-0.1308160509654051 1.416073314175277 -0.03770653098588851 0
-0.1307524023247846 -0.01013827680587858 0.2814775320791604 0
-0.1306316691033744 1.192724534106339 -0.05979661918888677 0
-0.1305891221182371 1.431545948178021 0.2228958716118009 0
-0.1305604724798678 -0.009813491157384247 0.2555709816737682 0
-0.1307188537653727 1.191081136134756 0.2013534819119472 0
-0.1305458305792013 1.132866662653702 0.1651585057895648 0
-0.1301902842205653 1.434061562664618 0.1948760315285969 0
-0.1297091542502206 1.372688106112206 0.2192623893780584 0
-0.129584097859546 -0.007449872662634941 0.1255012050635582 0
-0.1258938126589023 1.315700973367209 0.2136720550136691 0
-0.1293550442547355 1.136969275094786 0.1499840390545509 0
-0.1293069994987989 1.006555650950447 -0.0878866537166281 0
-0.1292108248588796 1.244295471575255 0.2066297090842894 0
-0.1291721280458731 0.01960244810976707 0.08312714036642539 0
-0.1291197285788666 0.9387937021484697 -0.1359482027742879 0
-0.1291104053624196 1.433172244113381 0.1791830346572926 0
-0.1291061127627421 1.134609357441499 0.1957191275488057 0
-0.1288921562783306 0.869150257072439 0.005838486882596583 0
-0.1287749062535653 1.411514461089046 -0.04025899809536305 0
-0.1286658500649779 1.054410119770792 0.06524736569456166 0
-0.1286020629508118 1.425410428835313 0.2244076853733751 0
-0.1280559980886397 1.197255025397491 -0.06144433009743906 0
-0.1280323517382919 1.329461142346585 -0.04834615909370903 0
-0.1279749246794689 1.141675306613432 0.1306554595683468 0
-0.127859960283107 1.432335334746757 0.1592758419208338 0
-0.1277649187306036 1.050148286638395 0.07960524726522339 0
-0.1277047937357572 0.005002278405711399 0.07746743070407888 0
-0.1272034210059646 0.6096289955218156 -0.07912387581107874 0
-0.1267147728135705 -0.009337494164757248 0.2195451265360475 0
-0.1265089562752231 1.142892499708091 0.196524516066526 0
-0.1263655247653762 1.076815719698155 0.02595526331047759 0
-0.1261913593937596 1.431325568271476 0.1317580453954902 0
-0.1261425204755849 1.148084956837548 0.1039094828901089 0
-0.1259178233855375 0.6215855729591232 0.07398975932967673 0
-0.1257083290679952 -0.002593179452612228 0.07685050854239074 0
-0.1255075985014656 1.17760016635015 0.2000364443715721 0
-0.1253395537380432 1.044220634984055 -0.03932020757385758 0
-0.125052293518136 1.024516073791231 0.07072901908692394 0
-0.1234973271053691 1.210229017556887 -0.06013229055387846 0
-0.1244505323541311 1.414743341900491 0.2234379377616725 0
-0.1243765802888198 -0.00902868903940912 0.1961821190815955 0
-0.1251970086193681 1.226765249580276 0.2049177467069986 0
-0.1241653100073478 1.066832543905252 -0.02595824923560502 0
-0.1238543704950579 1.429908141793208 0.09323278370809603 0
-0.1237175377843419 1.156051681101181 0.06630481861382453 0
-0.1253611630055247 1.153345264516423 0.1975925259071847 0
-0.1236799547281261 0.9966237832182391 -0.001342707713315183 0
-0.1258134504880933 1.355655432871056 0.2176057480206287 0
-0.122915405096339 0.6431737344690959 -0.08068502132700972 0
-0.122755369009715 1.012093092745319 -0.04083359515331583 0
-0.1227170486600785 1.164680583668484 0.1987532598515799 0
-0.1225308399893505 1.05011914055387 0.1047908674213093 0
-0.1225088718035127 -0.008659155972217066 0.1708665585787936 0
-0.1224756261651414 0.6521458368965977 0.07311145043006059 0
-0.1217751037813595 0.0003859248671978441 0.3194548323804338 0
-0.1217680595275884 -0.005568859012765755 0.08343867964882035 0
-0.1216251580222497 -0.007932981046370415 0.3162747330541381 0
-0.1215631460680469 0.7887421468043452 0.07388348349700091 0
-0.1215172070231075 1.428490761560594 0.05470752745871361 0
-0.1214781692864215 0.01122137930380023 0.3196076503986471 0
-0.1213941064614529 1.163971068585562 0.02868069875300491 0
-0.1213453275150032 0.949975311944258 -0.05951381731562436 0
-0.1213300553279874 0.9271026634647119 0.01387202745709501 0
-0.1211944178490026 0.02139930440473634 0.3197540607633993 0
-0.1207633874252722 1.081588665766388 0.03104729385208846 0
-0.116025363498082 1.282357204358453 0.2104418097900065 0
-0.1205643753233429 -0.01059998989105549 0.3070487830111859 0
-0.1200916152279292 -0.007652505841460258 0.1288136820601591 0
-0.1198486151323811 1.427480992701517 0.02718973065306005 0
-0.119831425663285 0.7183607970366798 -0.004226155299513968 0
-0.1197256153257039 1.170014140630347 0.001842834500589592 0
-0.1195265867673953 1.082970862756786 0.03694861928665966 0
-0.119444609780045 0.03248487100257655 0.3062556691434937 0
-0.1191461787543884 0.9869782123696551 0.005822941564472051 0
-0.1191139290280053 1.211760420270163 0.2034695870840596 0
-0.1187863924660604 1.34571331076401 -0.04673429300387956 0
-0.1187678876778278 0.991600964524961 0.0535836739461612 0
-0.1186433832732621 1.426755739120273 0.007293387554557093 0
-0.1186355880089559 0.9756295982721442 0.01597146696426793 0
-0.1185609738622419 1.17426203488041 -0.01758749877594828 0
-0.1185543366743777 0.9669400218794929 0.009827343335312461 0
-0.1183717474040572 1.045278027878682 -0.04167269222833642 0
-0.118296039025133 -0.01034842759064506 0.2877355863793256 0
-0.1180677577378919 1.023597130627757 0.07789438158987941 0
-0.1178932122659695 1.084107349302821 0.04437116672281746 0
-0.1178399802655708 0.9731358332923622 0.06882584729434733 0
-0.1176913149856513 1.426172400168318 -0.008369896251303521 0
-0.1176229011556965 1.177741293270793 -0.03285952797433431 0
-0.1175376008052182 -0.00624947920269245 0.09840013839360956 0
-0.1169955140252531 1.180144254628511 -0.04494265999278745 0
-0.116947071344372 1.425721858403673 -0.02064578723483135 0
-0.1167853956109972 1.009440272981866 -0.04227865546124955 0
-0.1164065669895832 1.182343803663964 -0.05442907877592618 0
-0.1163570502065984 1.425366454063072 -0.03038361743315154 0
-0.1162862594929384 1.265445506207758 0.2087737476002633 0
-0.1162747489301057 1.038573636670481 -0.05130559847913059 0
-0.1159571375484371 0.9937883136212957 -0.05054007526257648 0
-0.1157379593059054 1.012151480874119 0.0953127782811754 0
-0.1156595996267711 0.8716934366882499 -0.06525737814124288 0
-0.1155679442453875 1.185272294536163 -0.06046658946246989 0
-0.1154528097507818 1.423593205062595 -0.03688589236857868 0
-0.1146599857745698 0.04700474952038744 0.2658411537381205 0
-0.1145176629779052 -0.009956561065933256 0.2542852005742524 0
-0.1186185077639646 1.194278580602791 0.2017336899149414 0
-0.114065151132665 1.1902554324783 -0.06207379716959657 0
-0.1137634480414556 1.418879529862439 -0.0394554283921703 0
-0.113414008082687 0.8570632579677564 0.07961322789596538 0
-0.1124027241908066 0.931018015278964 0.09516246001553508 0
-0.1122509187460946 0.9769088623303156 -0.08527139353953642 0
-0.1121749414756989 0.957279735979258 -0.06674655458871076 0
-0.1083153075432008 1.232319262821571 -0.05786654964145957 0
-0.111609370975396 1.24893111020894 0.2071764018987109 0
-0.1113007426916641 1.120947639665988 0.1859196673953918 0
-0.1110925144319707 1.122701441367262 0.1763976832286143 0
-0.1110328131259274 1.122163683665806 0.192382190073334 0
-0.1108780871191859 -0.009496909622569773 0.2195183980527243 0
-0.1108313712900765 -0.002178484501276854 0.06126228725186095 0
-0.1105691301727175 -0.005124779487460592 0.06915552753668809 0
-0.1104857264545746 1.125863366295939 0.1644996433872596 0
-0.1104393566071518 0.00516339485966239 0.06182419676226443 0
-0.110379083453285 1.18001364413183 0.2003562420071669 0
-0.1103415789858258 1.441169011110085 0.217618020228457 0
-0.1102410837026367 1.086877415065146 0.05307001643083178 0
-0.110210762204983 1.127790143442405 0.1950882395434803 0
-0.1101374477916939 1.441535315920339 0.2079498613269314 0
-0.1099111031518188 0.7126966094111677 0.06666479601922362 0
-0.1098763766678194 -0.006019342700606414 0.09031258006985368 0
-0.1098336669339525 1.43853762974908 0.2236904809349917 0
-0.1096612126407236 0.05917862870317392 0.2220235558639019 0
-0.1096092990481256 1.440986399955021 0.1956631610198084 0
-0.1096080886047633 1.083924524294982 -0.00897601343067328 0
-0.1096046122483228 1.130149451391719 0.1493469084182373 0
-0.1093349785633714 0.01952551065273598 0.06842301645088114 0
-0.1090697453687058 1.137307761746908 0.1960872897134584 0
-0.1090080871060496 -0.009189170992933569 0.196224328950613 0
-0.1089600026302532 -0.007761234144534252 0.1299079276492007 0
-0.1088910071717437 1.070829679340382 0.1051806248504413 0
-0.1088560978053343 1.439989916282768 0.17995794300172 0
-0.108548948453497 1.135072730993317 0.1300506271947114 0
-0.1085000756915806 -0.008796162668180734 0.1709099932652922 0
-0.1082383448837963 1.303002793661257 0.2125085421047802 0
-0.1082231026338377 1.432281748352895 0.2251885217266876 0
-0.1079795287882105 1.164577032327685 0.1988150129621148 0
-0.1079793936098552 1.439023061424166 0.1600360405647656 0
-0.1079608544132986 1.149896997923638 0.1973253722495113 0
-0.1077616103837414 0.9919670085888735 0.03645238022423836 0
-0.1074769387317851 0.04240014718275173 0.0795819551609815 0
-0.1071457824798201 1.141748828571176 0.1033447728178195 0
-0.1070283873067126 0.06583679608886567 0.1989439398081357 0
-0.1106388026596136 1.227872771309264 0.2051021131436247 0
-0.1068108688115493 1.437850005165822 0.1324996111302519 0
-0.117461402434692 1.396354273515473 -0.04170684070335887 0
-0.1061713937952685 1.08728616456344 -0.007974014200975932 0
-0.1058808445909038 0.07207042688407983 0.18942851220726 0
-0.1057353225870561 0.06620487249253443 0.09030258339173407 0
-0.1052799626336883 0.08493470604704555 0.1858281699192425 0
-0.105269235444756 1.149878429925063 0.06577115103028726 0
-0.1051718255938755 1.436196123141088 0.09394749562464279 0
-0.1050602793783345 0.0809318288983453 0.09678523888087912 0
-0.105013653729768 0.09980354442932866 0.1854274661919343 0
-0.1049226623150333 0.09149772348940806 0.09962096478821043 0
-0.1048680836148378 0.1120197595619247 0.1861255102147523 0
-0.1048539200008822 1.030804823161008 -0.06102908374191522 0
-0.1047956113837933 0.1020412648253695 0.1016327383575397 0
-0.1047335051872796 1.421278644453304 0.2241799899862471 0
-0.1045767092024858 0.1466252598702604 0.1894398508278092 0
-0.1045004454922643 -0.01039349596785707 0.2814225190613648 0
-0.1044844278349072 0.1345411965003173 0.1043233383400977 0
-0.1041257808280371 0.9996835180932075 0.1138796626149468 0
-0.1038686763522537 0.2278864028409108 0.1984456984943452 0
-0.103811135407507 1.089297844187485 -0.01037943242901657 0
-0.1037198947895543 0.2111712623295943 0.1096073916797184 0
-0.1035415002873616 1.157911425798391 0.02816548408178462 0
-0.1032472577799566 0.3108627801183317 0.2010829333980282 0
-0.1030196649712661 0.2893993830220098 0.1076868047393532 0
-0.1029846686579085 0.349221791332662 0.2019926926052237 0
-0.1027697679224635 0.3651093268182055 0.1994604390124102 0
-0.1027044945474399 0.32396553747637 0.1066222700013497 0
-0.1025537267078034 0.3363743245505276 0.1031190874781174 0
-0.1023616773164124 1.433359555399359 0.02785800854240779 0
-0.1023385750717912 1.164106442642876 0.00134140946936967 0
-0.1023226277911428 0.3806672944242839 0.1944619077556979 0
-0.1022973243703555 0.3477266333366454 0.09422229522394585 0
-0.1022117130005365 0.7234644845315323 -0.07212212331653373 0
-0.1022068472043182 1.216070531368826 0.2039842311507564 0
-0.1019289336001132 -0.006347250409543785 0.09804869544906369 0
-0.1019050636244297 1.336388414101788 -0.04753399704166844 0
-0.1015330214429792 0.3750995811733701 0.06751822810203237 0
-0.1015167778927126 1.168455329689847 -0.01808227345160814 0
-0.1013647469396074 1.046615830000139 -0.04438097212778766 0
-0.1010349791113051 0.4151491721767832 0.1802009316631492 0
-0.1008515788405283 1.172012639534439 -0.03334832551562771 0
-0.1008503410638221 1.43183871341365 -0.007725818240226973 0
-0.1003480268783241 1.174758585432214 -0.04532330684461192 0
-0.1003273221267397 1.431308941728979 -0.02001064547913169 0
-0.10007399493513 1.404228827392104 0.2225232825878845 0
-0.1000192835042625 1.176720177087792 -0.05491258286233616 0
-0.09991446616148725 1.430896292128788 -0.02975501694646505 0
-0.09963030028911779 0.4390201159576182 0.002048048034874683 0
-0.09960507035645566 1.179759545174382 -0.06094061708507147 0
-0.09922421497771639 1.429056165685311 -0.03626496806037345 0
-0.09908336857948896 1.185008785061989 -0.06252522818077805 0
-0.09885268217908819 -0.01013334479677432 0.2555594274424706 0
-0.09860065964738343 -0.005707655721752885 0.0827547348537432 0
-0.09859627272182678 1.091031764860326 0.06009222112558854 0
-0.09853786433762307 -0.01064524280938714 0.2950846246889429 0
-0.08817630781695089 1.196668333150385 -0.0613102589484567 0
-0.09844082685007925 0.4836134323510639 0.1436572345952024 0
-0.09786892127725383 1.424243557812091 -0.03884594509859927 0
-0.09785114011956389 -0.007806838639763169 0.1286110692790535 0
-0.09767687325438101 0.5070896507437983 -0.05660199531357843 0
-0.09725516677434264 0.03232792301013191 0.2956051364434271 0
-0.09671654445713074 0.9870521782726644 -0.01452949287362051 0
-0.09669044877786387 0.5395954662987631 -0.07856772929277631 0
-0.09594717961164516 0.5508946573039395 0.1110902812752022 0
-0.09593961045276594 1.099963030835972 -0.01482079863513105 0
-0.09529295434103952 1.079263218267725 0.1048762658040092 0
-0.09510589444136029 -0.009657796212463475 0.219656227566263 0
-0.09510435531755278 0.5554546766699431 -0.08601151151026569 0
-0.09501732149073426 -0.002854147368095238 0.0760070608424543 0
-0.09486524334906436 0.5789959038563255 0.1002062024105774 0
-0.09469069646200889 1.384386536723668 0.2205902950250018 0
-0.09434444720905238 -0.008837198213586354 0.1711816220614966 0
-0.09407035192624552 1.182315963313096 0.2006708468173274 0
-0.09548453544119838 1.258469393483873 -0.05521237742180261 0
-0.09391373629749664 -0.00801466226738071 0.3029691690626892 0
-0.09352227696184312 -0.009351245184734442 0.1963715420233652 0
-0.09345010065741449 0.5887212004203685 0.09757195274663008 0
-0.09255805429432756 1.106549607899129 0.006031077430956822 0
-0.09227256601560786 0.8018338778165858 -0.06595404108746347 0
-0.09226484716675742 0.004623003724269058 0.07649071732591517 0
-0.09217467792037802 0.0002922409219819865 0.3057048355021913 0
-0.09187798125551726 0.01153980483568151 0.3058704992110829 0
-0.09157767639437658 0.02295582495916491 0.3060442248417782 0
-0.09562382764955507 1.297364209362166 -0.05136436567263304 0
-0.09139295237676079 1.165021449590678 0.1989403289382026 0
-0.09138783162046502 0.5751808571846398 -0.09275921131845848 0
-0.09017203312046695 1.116020479528842 0.1854622071690799 0
-0.09012463188786463 1.117294532743722 0.1919342612288827 0
-0.09011222461632817 1.148047767181909 0.1972812518308027 0
-0.09005645144738011 1.117791077957956 0.1759414292879802 0
-0.0886620400534695 1.240327279372653 0.2064429726261492 0
-0.0899985389957299 1.123081650972966 0.1946655209361315 0
-0.08993237355500591 1.133428485270022 0.1957622089832577 0
-0.08989836344161262 0.599100510929808 0.09759195558963221 0
-0.08971037071019988 1.121112834656233 0.1640615278918607 0
-0.08968575813887728 1.13090346084509 0.1298030595740612 0
-0.08859081052169497 1.364708605880111 0.2186834127472349 0
-0.0891716198598741 1.125603295297948 0.1489351347575002 0
-0.08896871895470726 1.138481777412719 0.1033992885418064 0
-0.0888027780334569 0.01883615010369812 0.08270532315320783 0
-0.08871158129164008 1.445405650114478 0.2181437432894979 0
-0.08858670758177339 1.445761149286368 0.2084741258376023 0
-0.08842952708461585 -0.007748468880871886 0.1251411472248007 0
-0.08833085247008227 1.442740454267911 0.2242122300255029 0
-0.08829138890278437 1.445160868024251 0.1961811953186811 0
-0.08787512955324034 1.44409575210383 0.1804675264905996 0
-0.08757240930917609 0.5967976582615898 -0.09729140966267916 0
-0.08739565301492919 1.014817880342759 -0.04185672407206396 0
-0.08738765055890774 1.443056727777085 0.1605365671202087 0
-0.08717174466584088 -0.01032155479407882 0.2594078374525734 0
-0.08711965072491804 1.146707003066829 0.0660001805268757 0
-0.08710710673441041 1.436402727950535 0.2257002663331836 0
-0.08673473842794821 1.441777898368422 0.1329871315700318 0
-0.08629795613765258 0.6102884679023211 0.09980761547405262 0
-0.08584145781916667 0.04248643624133883 0.2658294441459371 0
-0.08583701217745825 0.6143897595860152 -0.0998972610891192 0
-0.08581944527213675 1.439983854915908 0.09441758361231804 0
-0.08566680895579716 0.7146335579971091 0.1002009576104249 0
-0.08561505330268557 1.154662590444698 0.028483747942502 0
-0.08539904655248814 1.220015442770349 0.2044615244549091 0
-0.08490420070887911 1.438189798590893 0.05584803414093094 0
-0.0847426854050298 0.6249454458691004 0.09974386376081631 0
-0.0843013131643372 1.425299032939664 0.2246811669323149 0
-0.08428828912019759 1.346332987549754 0.2168930879360504 0
-0.08427274177075372 1.160676225501604 0.001117921169151444 0
-0.08425117339556981 1.436910999694826 0.02829860217872053 0
-0.08403317766437114 0.7168461176121664 -0.0935276291353115 0
-0.08382817273408749 1.164908296846017 -0.01834266089294589 0
-0.0837804035893176 1.435991182067489 0.008379380355866425 0
-0.08347377823651411 0.7897102135452696 0.09997701173951859 0
-0.08345178389781244 1.168510125638864 -0.0336080494006825 0
-0.08340631673327376 1.435254731861586 -0.007301907753690037 0
-0.08317596451849091 1.171269824155404 -0.04558637648863943 0
-0.08311491250001307 1.434684229825188 -0.01959190482745213 0
-0.0830822039482017 0.04171422527934859 0.09302593076942642 0
-0.0830575301653243 1.181664693338691 -0.06278245224954229 0
-0.08294513754108468 1.173545596148275 -0.05507173962232251 0
-0.08288444026586217 1.434233578508676 -0.02934093508740196 0
-0.08285348584417018 1.176607643536933 -0.06110347307132145 0
-0.08241322065501133 1.432345619310021 -0.03585669875858012 0
-0.08240697075417418 -0.009565179438908687 0.2201692962414333 0
-0.08234992823767051 1.274105788611822 0.2097970690270728 0
-0.0817828777470868 -0.008892136295621942 0.1713880992470388 0
-0.08154595827401852 -0.005070594412832203 0.1221415805212637 0
-0.08139727615291176 1.427453551262971 -0.03844721194034799 0
-0.08133600925502792 0.7936742202289209 -0.08848877322432246 0
-0.08133142445025066 1.086660860467814 0.1001721686728323 0
-0.08103609372565186 0.6475429074092045 0.1046887187042069 0
-0.08074746974024055 1.408258924935513 0.2230196719066545 0
-0.08019929659149856 -0.009279029864110815 0.1968620120609935 0
-0.08001439999708837 1.101993195204581 0.007280326088387579 0
-0.07988569655197553 1.357130701876262 -0.04541223819226535 0
-0.07987955348120811 0.0532810065007215 0.2221283389607948 0
-0.07982221897213972 -0.00739033848376538 0.2634742584943958 0
-0.07955733206883907 0.6580304018799352 -0.09580315745655622 0
-0.07857832461606432 0.8755205894687084 -0.08594020506423912 0
-0.07804954357229699 0.00276851134619675 0.1228506864210358 0
-0.07788260385777293 0.06551243869142805 0.1028653873443033 0
-0.07719199455766446 0.00101748843136377 0.2649385847095448 0
-0.07767632651806049 1.185213633553955 0.2010443767139036 0
-0.07689067717523415 0.0136465012317258 0.2651691948932461 0
-0.07673488832569014 0.05918749547902086 0.1991374380578044 0
-0.07672982210269777 1.095963570725776 0.05750096185680194 0
-0.07651354059506672 0.02938518333071049 0.2655523373056796 0
-0.0760367797043176 0.08080536558968844 0.1086297664558082 0
-0.07584134042183133 0.091946387183875 0.1110445805153635 0
-0.07558567164371859 0.1026468185934175 0.1132263597836267 0
-0.07538897271807578 0.0174808533455905 0.1265255962411085 0
-0.07487776272254826 0.08391365081507995 0.1748386552048535 0
-0.07482430956877623 0.8538963365855566 0.1054416662687202 0
-0.07479771806590019 1.311737897421678 0.2135361862638209 0
-0.07478145433970629 0.1353432232984747 0.1161563745921552 0
-0.07460149866768072 0.09831025903228635 0.1748521584749351 0
-0.07438051580498235 0.1103458710308867 0.1756712963483722 0
-0.07398596833176101 -0.006773251214134557 0.2205894575470841 0
-0.07375699261270657 0.1448029902154798 0.1789614986479739 0
-0.07371034018420555 1.403838486160922 -0.04075106005895211 0
-0.07364074348117738 1.166270113492426 0.1991516138141693 0
-0.07281951045953267 0.212395211083927 0.1230307432453119 0
-0.07280356484357056 -0.006171673914661265 0.171751309324447 0
-0.07262988906695664 1.140742071385592 0.06575268944823549 0
-0.07225179673563317 0.2258331138531004 0.1882377101639491 0
-0.07220529332531919 0.9571009629036907 -0.07747219181290055 0
-0.07187876716033284 0.06640900647944163 0.1808802153848739 0
-0.0717001303455447 0.9233465903985567 0.1160878090401843 0
-0.07112226499494095 1.147582422215591 0.1973178280140755 0
-0.07101502325149142 0.04075611051123505 0.1330005216145995 0
-0.07101453152129236 0.001676598139092815 0.2209234664663847 0
-0.070971681109444 -0.00650411195917844 0.1972125724558823 0
-0.07094679966471111 0.290916361944303 0.1210827483031423 0
-0.07082527331577328 0.3084927613439613 0.1911891842005055 0
-0.07071527679547952 0.01573957759310208 0.2212215875294926 0
-0.07028233393157253 0.03583216327066199 0.2217960059775786 0
-0.07019062480964222 0.3466441961293317 0.1921093151816379 0
-0.06901848664178924 1.293913520762517 0.211815239457837 0
-0.07010250507025832 0.325591929658355 0.1192744433534673 0
-0.07005498194609172 1.115499455200273 0.0648550553224933 0
-0.06983335415274466 1.128587242157687 0.129833763349118 0
-0.06979884561665849 0.3621533240063793 0.1893099088512623 0
-0.06976233627565878 1.029392973368043 -0.06282605135811156 0
-0.0697309337078135 1.13150560721273 0.1956338112037612 0
-0.06971673940713394 0.3380963554467098 0.1153605044552614 0
-0.06967294822018072 1.133251692265842 0.1049974976710594 0
-0.06962034045089061 1.093765012303983 0.09449114691344383 0
-0.06944741941876557 1.102804119704563 0.01863444216252939 0
-0.06939380641216449 0.002121407846946111 0.172472832570879 0
-0.06918857046488347 0.3501274467592445 0.1062505203245665 0
-0.06912997638982318 0.377233150901184 0.1839029125525351 0
-0.0690000484288969 1.120636428760675 0.1944692526504537 0
-0.06893169282566144 1.128702293432204 0.06576976813090138 0
-0.06881039596333963 0.9952700569701557 0.123206335371387 0
-0.06867648402372459 1.114783554840774 0.1917216237145543 0
-0.06858730881930505 1.113476837689588 0.1852417381996756 0
-0.06856225325759435 1.115220962040192 0.1757168613705422 0
-0.06850704188966208 0.01711958909373956 0.1736718007068874 0
-0.06849634472594626 1.118573594182835 0.1638370062259969 0
-0.06832006246299063 1.123124090686987 0.1487173682114063 0
-0.06773961282989194 0.001926724447540315 0.1975509361961455 0
-0.06773369779233679 0.3783617585931899 0.08024243927850899 0
-0.06765051691123919 1.100234499072409 0.05858975721060633 0
-0.06751512912342328 1.188872219325607 -0.06198773046057054 0
-0.06744349293855473 0.01671559494943145 0.1979103704180927 0
-0.06725954026205466 0.4109261802577019 0.1682566817406191 0
-0.06706437695037723 0.04068076618303462 0.1761134800765673 0
-0.06704080306117589 0.06476436488456937 0.1388425529435564 0
-0.06698635259235043 0.03928230818502478 0.1987684967089538 0
-0.06671180996654974 1.44681516218525 0.2183909671415262 0
-0.06666505646371873 1.447160402538658 0.2087199509114729 0
-0.06664100449127847 1.150356344878374 0.0267516222742718 0
-0.06660881930581669 1.446548229102895 0.1964246733453608 0
-0.06653685406661958 1.445463975446067 0.1807074251009247 0
-0.0664741012069357 1.444122515102549 0.2244560334484454 0
-0.06647312576493081 1.100933661188402 0.09328028242737196 0
-0.06644229065409496 1.44439305599459 0.1607713839128584 0
-0.06637570052941127 1.159601648665361 0.001806158620185121 0
-0.06636621018341737 1.180592781801423 -0.06273684037230194 0
-0.06631810729355675 1.443117968802657 0.13404933342926 0
-0.06613644835687066 1.441243230871045 0.09463860383337132 0
-0.0660188241391963 1.110215048879942 0.0943674255445902 0
-0.06595615470980315 1.439398617276507 0.05606045131670301 0
-0.06583060965909476 1.438093404793981 0.02850582364176024 0
-0.06581500133054013 1.163547340055532 -0.01838676182578224 0
-0.06580335490288891 1.175316377183986 -0.06114999026984043 0
-0.06573615160099922 1.437135654750256 0.008581002524975762 0
-0.06572909853472936 1.167176796848136 -0.03365203562848768 0
-0.06568689379192888 1.169961694914565 -0.04563144540542942 0
-0.06566986072931995 1.436449199741334 -0.005881026118209821 0
-0.06563775291960616 1.172246922954599 -0.05511718249808127 0
-0.06560599677076878 1.435800208343845 -0.01939572302553981 0
-0.06556377371087474 0.08156278093407651 0.1419061781501303 0
-0.06556229773950761 1.435341331472726 -0.02914648125732425 0
-0.0653552696009037 1.122617741851581 0.0962834183223161 0
-0.0653313894326934 0.09422739993335601 0.1428270405980323 0
-0.06532360086511468 1.43342271436591 -0.03566642053079218 0
-0.06512935530994829 1.437713445073428 0.226005268019774 0
-0.06505272733502974 0.1056921401711004 0.1446245628627928 0
-0.06469027962191776 1.428490919166232 -0.03826274178487284 0
-0.06468557914282735 1.106577018109958 0.05981830745554616 0
-0.06461259249997583 1.056415100005881 0.1227441923066589 0
-0.06435856373055945 0.4438227022408879 0.01556522444245712 0
-0.06419865779849745 0.1393345305730358 0.1477899904984022 0
-0.06375945257426763 1.121505100891036 0.0360325792736078 0
-0.06039186699107933 1.427408059436251 0.2250100505521783 0
-0.06340155151811604 0.4780678535194534 0.1272530718458635 0
-0.06279565085620653 1.34683844087507 -0.04630658801919376 0
-0.06266089102267497 1.332975584519107 0.2156910768237428 0
-0.06253590208334711 1.135172731247714 0.03565936364984815 0
-0.06245273588978978 1.104975271367274 -0.02715915611678515 0
-0.0621305240222527 0.2187395771003409 0.1559332320314054 0
-0.06148187922679617 1.105526707457018 0.0263014686752492 0
-0.05702827302796912 1.413182725394304 0.2236251623961162 0
-0.06086129174126403 0.5136213611087292 -0.0377599837513556 0
-0.06019232268409038 1.07849531350607 0.1213756430837259 0
-0.06014320803788179 0.299663166687603 0.1566204258102073 0
-0.05964461330253771 1.085968036254476 -0.0503156708839497 0
-0.05963275706528253 0.5443827017174905 0.09227021505945787 0
-0.05955200222375112 1.187877253421788 0.2013991614189298 0
-0.05926892427607028 1.333632306886399 -0.04759617923910944 0
-0.05924834955860954 0.3363525754160889 0.1557063900291686 0
-0.05923624672839532 0.547148812388518 -0.0569559274087129 0
-0.05886520714255261 1.111166750502653 0.02985240079168662 0
-0.05877953638640934 0.3509916233263756 0.1525697835918705 0
-0.05835384729344523 1.391378210783975 0.2214648927199789 0
-0.05810083383736443 0.3645022556367623 0.1448346902588312 0
-0.05806882201466324 1.316018254000968 0.214043446466547 0
-0.05799375436867744 0.5723647409840553 0.08069787551599568 0
-0.0567610144776634 1.081042205483683 0.1208857759142698 0
-0.05660903739586315 1.105614622395986 -0.009924164465471438 0
-0.05646961493308886 0.563322398701228 -0.06325020964884517 0
-0.05644856130568937 1.24499497312069 0.2070652306310155 0
-0.05622255905913162 0.3954036565803098 0.1244375898949801 0
-0.05543473344943245 1.168581129232018 0.1994677272739792 0
-0.05539814074887814 0.5820662213021044 0.0777293669277373 0
-0.0501478894736405 1.273402920171576 -0.05351078438782228 0
-0.04748459915363164 1.374800245488013 0.2198885664833302 0
-0.05218806219230152 0.4607575565051262 0.07195604450455637 0
-0.05175114305453971 1.227994217772617 0.2054201340179045 0
-0.05169846899363562 1.14880361543943 0.1975201462214728 0
-0.05142407930188736 1.189891433568134 -0.06180973798210523 0
-0.05086742887915285 1.087420509462901 0.1127404189614857 0
-0.05050809621698465 1.106047850431916 0.0043317281228787 0
-0.04965123030680302 1.18144063613829 -0.06257414947951198 0
-0.04959327682874064 0.584133172573037 -0.0679129196057235 0
-0.0491431526193104 1.131788611407051 0.1957300016850521 0
-0.04892018361789498 1.129258569242386 0.1136710984775294 0
-0.05554749223113103 1.279661339249742 0.2104800064188815 0
-0.04877616598360021 1.127852846975871 0.1298805537534324 0
-0.048707724949487 1.176185126199568 -0.06098402463553778 0
-0.04866610705438583 0.5916615574875378 0.07754222433722438 0
-0.04830932359218154 1.173123970300249 -0.05494962498179068 0
-0.04826168091116256 1.432257377018285 -0.03569861160770001 0
-0.04824090120007646 1.434172785889843 -0.02917772283766609 0
-0.04817098415558219 1.170824452289789 -0.04546458680983248 0
-0.04815817540904923 0.5274950843241266 0.02842550724946498 0
-0.04810117146006815 1.434628689364993 -0.0194263633322161 0
-0.04807937645826404 1.427298921259697 -0.03829977951426562 0
-0.04797349703148576 1.168028121712257 -0.03348365132811552 0
-0.04792404406348649 1.435199798346047 -0.007134017221741618 0
-0.04775654825632339 1.164365101751855 -0.01821989671918274 0
-0.0476983438572996 1.435930251238547 0.008549606327484749 0
-0.04766506007609178 1.120607051811015 0.1945274933356272 0
-0.04744970100567453 1.160058679481739 0.001249483838475243 0
-0.04723359943947777 1.151950674088027 0.01789763810962341 0
-0.04713968204747498 1.122654246239703 0.1487124021620563 0
-0.04710201126633207 1.236735717357476 -0.05712764150612541 0
-0.04983873746405501 1.210586790789281 0.2037011773413941 0
-0.04701336638861781 1.438134241019148 0.05602762904379217 0
-0.04696184754911351 1.118224052703746 0.1638482831758894 0
-0.04692159739159299 1.114683180775832 0.1917699500926054 0
-0.0467687947321575 1.11500568285573 0.175747484086315 0
-0.04670659107109626 1.113328236353597 0.1852817927377048 0
-0.04645469464199642 1.439917155255365 0.09460327413204099 0
-0.0463816574125233 0.5574229281180592 0.01329237636535675 0
-0.04589859955642128 1.441709699904013 0.1331798614745567 0
-0.04550107618872529 1.442988591777065 0.1607344347792428 0
-0.04530327076045201 1.122133084875356 0.1050793962435964 0
-0.04520022423346048 1.444030558958828 0.1806695370641858 0
-0.04515197547428976 1.095312044295895 0.103665003675779 0
-0.04492899357047436 1.445092407478558 0.1963862404431648 0
-0.04474604645537272 1.445685561344695 0.2086808007030113 0
-0.04471485499052141 1.44534034317367 0.218352199907225 0
-0.04443746720471285 1.110816317228002 0.1031039486609936 0
-0.055994599209494 1.263621702449857 0.2089048966202325 0
-0.04406981028795076 1.442584718420083 0.2244831137825445 0
-0.04390621012748442 1.10216664722715 0.1019296408215365 0
-0.04377247467855833 1.436143131205328 0.2259604606588659 0
-0.04335706594244088 0.5695622326598436 0.008876049712605957 0
-0.03838010217809632 1.426932479448315 0.2250770462732311 0
-0.04318005752791546 1.138003136568061 0.02020801670159826 0
-0.04286646132662625 1.108610230841209 0.01147058381686125 0
-0.04236206037506654 1.123457807123421 0.01806301581184354 0
-0.04201540334054471 1.191583657537002 0.2018564906183857 0
-0.04171224589892036 1.113883058447963 0.01613879559307266 0
-0.04042836185523963 1.366470891662804 -0.04429341566236768 0
-0.04048337239311818 1.250712463471626 0.2077107165313698 0
-0.03897016294346517 1.206181149318318 -0.06012475972686376 0
-0.03711792501410952 1.172050796034249 0.1999041325183495 0
-0.03548569401631087 0.586307757139799 0.0060945812492159 0
-0.03536498367390684 1.19303464492354 -0.06134312053304964 0
-0.03499681565113211 1.232207604518501 0.2059189640765926 0
-0.03362259450913241 1.358097792520428 0.2183123844038341 0
-0.03313942445298457 1.184436862012406 -0.06219475555603907 0
-0.03223036560909454 1.151852381669084 0.1979160203277526 0
-0.03203263510100651 1.424021209580957 -0.03854636882938327 0
-0.03684845398757961 1.286333497285597 0.211232189666262 0
-0.03185496863269294 1.1792373198348 -0.06059767265872389 0
-0.03156464548421845 1.428915102313325 -0.03594842545477649 0
-0.03123217441896053 1.176192981617908 -0.05456019341215643 0
-0.0312196220549889 1.430782459508659 -0.02943071695284442 0
-0.03090579576936614 1.173899223174884 -0.04507333152353275 0
-0.03089507657688473 1.431194750601595 -0.01968277869588829 0
-0.0308115496019062 0.7152665646627407 0.1032471776132731 0
-0.03048844658983385 1.431723526519804 -0.007393508688115544 0
-0.03045628250759164 1.171071974460586 -0.03309146857878729 0
-0.0299669858891059 1.432388314894041 0.008285049159217642 0
-0.02993155591857974 1.167392986385978 -0.01782599275893049 0
-0.02938501300323004 0.8759705856189848 -0.08243423593738596 0
-0.02930833129785321 1.433246861334095 0.02820371346677238 0
-0.02920439914036799 1.162888815508192 0.001626769379170431 0
-0.0289088163360295 0.794092134446453 -0.08703586957569279 0
-0.02859566664276469 1.134476419913685 0.1960844007877146 0
-0.02853139413167693 0.7172105535510436 -0.09263256766465283 0
-0.0283923981949567 1.434415940126568 0.05574993148285763 0
-0.02777929262537004 1.154439411897538 0.01714080838164439 0
-0.02761517950355069 1.369515041252962 -0.043928997918164 0
-0.02743480633431844 1.270236580954085 0.2097030838820665 0
-0.02711478805043521 1.436069971789703 0.09431631018703622 0
-0.02668157527683723 1.12969978516153 0.1297001032609322 0
-0.02643674964986392 1.123221476918905 0.1948711126321394 0
-0.02603588805648288 1.124637395370298 0.1489831775521608 0
-0.02583464276059955 1.437714484816266 0.1328817575165539 0
-0.02582125885796849 1.131325930817353 0.1123004003288237 0
-0.02422782825962468 1.316483482881626 -0.04911740511993436 0
-0.02553297856511147 1.120428774512283 0.1641431247537063 0
-0.02546602339583371 0.6054365347513073 -0.08432770225954382 0
-0.02539809205920462 0.6235126677236854 -0.09723535608644923 0
-0.0253082631257989 1.11726340250437 0.1921093198874813 0
-0.0252980175164684 0.9560836998596798 -0.07260860033953055 0
-0.02527730320549543 0.6536308101332244 -0.09577582238577778 0
-0.02517753782598144 0.5966269075868169 0.006956595152468617 0
-0.02511055737247989 1.117437768361118 0.1760685186266853 0
-0.02497113915069626 1.115846583131842 0.1856128806523797 0
-0.02491870245880623 1.438883565515775 0.1604279757568871 0
-0.02474472269074621 1.196026803650095 0.202377120240089 0
-0.02460146987033805 0.6479028766582408 0.1053597034874984 0
-0.02454779275436291 0.5997459223187586 0.09453582613058806 0
-0.02453364841093846 0.6173103505274373 0.1053634825898631 0
-0.03609490754127444 1.408621594338002 0.2232832492449826 0
-0.0244197091142887 1.123276275022244 0.1057644138259033 0
-0.02429744288504954 1.21072493717994 -0.05960272592851391 0
-0.0242285278784905 1.439843155932803 0.1803568124118309 0
-0.0241971049724978 0.7825307398858008 0.1020050787853107 0
-0.0300555019647311 1.393789397370394 0.2218492591356026 0
-0.02070697094922578 1.421184525563902 0.2246002952990416 0
-0.0237150409210048 1.088461295759247 0.1145931065844651 0
-0.02362051242944213 1.440839771789756 0.1960686933176184 0
-0.02354849256573196 1.082111114023738 0.1224391611424594 0
-0.02350794947990176 1.356935413330426 -0.0451097375019639 0
-0.02345548275158428 0.8532048739325785 0.1071042134692529 0
-0.02341964256048683 1.087135885160584 -0.04682716696644554 0
-0.02337836356946585 1.109955994120925 0.01235716958597172 0
-0.02336747081260022 1.106229988575997 -0.02924886504369041 0
-0.02335882684119233 1.10707002686225 -0.01206025418886068 0
-0.02331125919507757 1.112020656607125 0.1044411870232273 0
-0.0233101404795595 1.107761640946314 0.002262925987358999 0
-0.02314650183796502 1.431892094064102 0.2256452370346762 0
-0.02301979345378227 1.030307973230628 -0.06237842962768815 0
-0.0228904939130696 0.9227014804403991 0.117982805438915 0
-0.02286281399099119 1.139810298581553 0.01909503036178066 0
-0.02275821170094586 1.051881449281952 0.1293663287966941 0
-0.0226617011510748 1.438255381931802 0.2241636416400554 0
-0.02264734973902705 1.441310572534988 0.2084213723873057 0
-0.02264432119226685 1.103486018077678 0.1035749358931828 0
-0.0224963733607238 1.440936823958316 0.2180952903976136 0
-0.0222746429264143 1.096720763391672 0.1052901746277287 0
-0.02195131072254114 0.9957789383376914 0.1253595397085535 0
-0.02089241550261842 1.12470108774604 0.01599266090649323 0
-0.02071115551996869 1.080822330303315 0.1218424751551579 0
-0.02053115211491718 1.244728165039421 -0.05620462568108753 0
-0.01994279478090222 1.197952665276131 -0.06078177272362176 0
-0.01971403883658149 1.115134640542772 0.01359776015677366 0
-0.01958319952685067 1.308015998518494 0.2134576026217385 0
-0.01918886045736895 1.176791155708841 0.2004586191365109 0
-0.01909469541104875 1.384151567221974 -0.04243618311189133 0
-0.01828823593425377 1.236525466192981 0.2064281690303947 0
-0.01720122241801458 1.189550381576238 -0.06161144116734597 0
-0.01702093125909759 1.418811251037491 -0.03898959401468584 0
-0.01557621651030056 1.184419470144889 -0.06000600704177443 0
-0.01556410805100983 1.423441866856537 -0.03641292354674434 0
-0.01504759054073855 0.5894996399951692 0.008557291125615415 0
-0.007904744660211621 1.289963900694074 0.21173800738164 0
-0.01478983021432057 1.425196296313813 -0.0299043146866555 0
-0.01473253692028548 1.18140089511336 -0.05396524802192086 0
-0.01471348028950026 1.372967842917179 -0.04347871688502223 0
-0.0142898189873702 1.4255520623868 -0.02016112362420869 0
-0.01422240011311271 1.179123646340769 -0.04447638350957185 0
-0.01365744984387453 1.426008381923279 -0.007810316545300656 0
-0.01353973858683741 1.176259649238137 -0.03249996270462151 0
-0.01463338836315643 1.216963172208147 0.2045023346187155 0
-0.01327871199787042 1.156907117344303 0.1985092573212684 0
-0.01285742752293234 1.426580511100304 0.007792796853440934 0
-0.01271129413163166 1.172552445305186 -0.01723790130381756 0
-0.01183618223093358 1.427308592901845 0.02770029709651899 0
-0.01156272805387265 1.167813464374003 0.00219132219985254 0
-0.01042254973979767 1.428310807362209 0.05523240209981881 0
-0.008957769760940815 1.387279753103126 -0.04207650727123156 0
-0.00486446580381411 1.412762014465358 0.2238527853327076 0
-0.008558849272453456 1.139802387172519 0.1967205901323206 0
-0.008444411405668317 1.42971788214468 0.09377771758303295 0
-0.007916273778933253 1.158719016098774 0.01690240304735977 0
-0.00787667176501114 1.201058739676983 0.2029563103819321 0
-0.007438289808056386 0.5759516623193258 0.007574318065704688 0
-0.006466265872642096 1.431124958834189 0.1323230332904951 0
-0.006279669820719369 1.38066640073873 0.2206806266825674 0
-0.00567239194029695 1.128719685474386 0.1955343381819323 0
-0.005479823647699611 1.204639646365652 -0.0601197379475419 0
-0.005205198787252702 1.129500590963119 0.1495899793672807 0
-0.005149977616694501 1.134628200272757 0.1290283459048665 0
-0.005055251558284624 1.432136915482844 0.1598560914276678 0
-0.004987455603608151 1.135073817447521 0.1121681394832846 0
-0.004614271096600071 0.5657830026708321 0.005301650701646371 0
-0.004415248135794025 1.125553927087517 0.164777780794092 0
-0.004126304380457024 1.122768131145289 0.1927775049486789 0
-0.003817670691103031 1.122791997753288 0.1767252273509508 0
-0.003802847106790908 1.425141570558857 0.2250808611706349 0
-0.003626747002262204 1.12130247588598 0.1862792742158046 0
-0.003450214662572115 1.4328604377751 0.1798297130915393 0
-0.003097525439043122 0.5363931187995031 -0.002100800917978762 0
-0.002999424564017639 1.411814624669636 -0.03961480206215424 0
-0.00296989553442234 1.377285821085757 -0.04299111986414896 0
-0.002826016485220011 1.126615807001873 0.1042095961824703 0
-0.002449175590976294 1.433719322717321 0.1955374277301614 0
-0.002121004616858602 1.196690564528679 -0.06082630966750331 0
-0.002093852788443318 1.431196544624521 0.2235758531866564 0
-0.001976919115776105 1.142681877051088 0.0195764221039274 0
-0.001892235401748127 1.182621018995613 0.2011228268985903 0
-0.001743821924564404 1.434179135747004 0.2078287267351906 0
-0.00158559641446876 0.5964847507463892 -0.06488363930311072 0
-0.001521617463754454 1.433780812585323 0.2175001872033739 0
-0.001180085956204391 1.115028838794139 0.1016154143065135 0
-0.001077816968500067 1.392436302776532 -0.04152674775043759 0
-0.001065665718498254 1.36630505910041 0.2192900302399095 0
-0.0005746416576563849 0.5764608897935537 0.07788842465300869 0
-0.0004621518741735886 1.41598990606106 -0.03707799917083414 0
-0.0001769356631755141 1.106405566952331 0.09993538098198564 0
-0.0001358564773583648 1.191690051741358 -0.05920576602679693 0
0.0002941518885914707 0.4658646091306562 -0.0295638332518649 0
0.0007714408782641402 1.417536486686332 -0.03058775439331936 0
0.0007175545006781595 1.397240943521897 0.2223494155169668 0
0.0009338867811365947 1.188727268207757 -0.05315814977686122 0
0.001437808239676097 1.417812811338262 -0.02085162715604662 0
0.001460101433933082 1.126149533234027 0.01668700196429954 0
0.00161930357204304 1.18650381716906 -0.0436628295611303 0
0.001840557025087664 1.099790544415681 0.10134844250417 0
0.002278535361217082 1.418157874250177 -0.008578451391302602 0
0.002526740507682868 1.183661419979711 -0.03168466745855825 0
0.003453919928469003 1.090477729216263 0.1132019873580523 0
0.003626277859077053 1.115768628346818 0.01412054199311687 0
0.003630293346949837 0.3972062079767852 -0.07749892969424699 0
0.003639944842730752 1.180024274595783 -0.01641472431384783 0
0.003809970664489688 1.108696779184162 0.004707815485231082 0
0.004713899441811498 1.419158860084181 0.02697311271450635 0
0.004820104425129756 1.163818654158011 0.1992946479272081 0
-0.005246229466900076 1.346577877356125 0.2173275571024272 0
0.004924547694876609 0.5876686104729564 -0.06155230857866299 0
0.005083423469993076 1.398219066927229 -0.04092329616476732 0
0.005333631989058417 0.3645649993287657 -0.0950310625816691 0
0.00596088648619434 0.3498299245811474 -0.1048872282545869 0
0.006158384493259429 0.5543697722609819 0.07065816360976135 0
0.006244365953793213 0.3397180066774919 -0.1177963183124184 0
0.006360356263755598 1.109724744106676 0.009105940708230398 0
0.006575014986679888 0.3218969020415157 -0.1523852328823255 0
0.006600172052343145 1.419925939461279 0.05448421333814715 0
0.00664416246617594 1.174627941218015 0.002225829769641557 0
0.006760421076040857 1.384614808439505 0.2211398587786925 0
0.007152393250945663 0.5834119725081831 -0.05950946475533778 0
0.003426371474818863 1.27863399879594 0.2106833012064435 0
0.007444319438890845 1.382872216032398 -0.04238496127354788 0
0.007739073033481085 0.276713139211392 -0.2240309469265875 0
0.008250290484467532 0.5585899770300795 -0.05978452098556003 0
0.008320469320075269 1.206537637784159 0.2035732731742495 0
0.01809679925077144 1.240859245670446 -0.05640058017114676 0
0.008700345290932804 0.5405645044968165 0.06484911584436642 0
0.008870511948520985 0.2476758980050525 -0.2976792090443439 0
0.009009911747973748 0.8754983032725233 -0.07098002900661654 0
0.009200052302025915 0.23702274356556 -0.3286335555879265 0
0.009237672019665022 1.421013274133415 0.0930010481407723 0
0.009340764933156311 0.234270133415059 -0.3396897095313581 0
0.00935873608534063 0.2311513365733773 -0.3516197387147658 0
0.009609639481576185 1.084254444000504 0.121372070037186 0
0.00975676613912296 1.108095961048372 -0.009571609113484161 0
0.01003018551570273 1.165044247897117 0.02656287898619171 0
0.01007430850093599 1.403186950585713 -0.04040635621289217 0
0.01014647996243852 0.5089869530232045 0.05129403838417118 0
0.01036984529099986 0.2332728013473965 -0.3681361031317954 0
0.01047992441361117 1.147692794048973 0.1976261769013344 0
0.01787739161488048 1.336439000978926 0.21644562731509 0
0.01091093145785932 0.4923167166172018 -0.07515747109599491 0
0.01915998571467556 1.282355815955354 -0.05227768735712968 0
0.00498827641688056 1.26056654142745 0.2089075825504967 0
0.01148411015584877 0.1983897879301004 -0.3912219907447758 0
0.01164050763875252 1.205727450321057 -0.05993135397330646 0
0.01176917317580739 0.7977863583742597 0.1055627676911753 0
0.01187514126960015 1.422100723441966 0.1315178941593753 0
0.01220708540100641 0.1771598076044004 -0.392949188890059 0
0.01224572004470779 0.1788267182256065 -0.417552252542227 0
0.01228165455899057 0.1794334896974428 -0.4325291544433416 0
0.01241626354308862 0.2025128607649295 -0.4169741646727595 0
0.01301098480769478 0.2042032591317269 -0.4322120827737441 0
0.01318326876214037 0.4367389362220505 0.01270184297043242 0
0.01333856656522372 1.131698262795491 0.0923218381870097 0
0.01349231707347186 0.4249815544873884 -0.1140199994165568 0
0.01355484210232411 1.406654350934569 -0.03793513072635378 0
0.01357185347352477 0.2402481342858931 -0.391902903749907 0
0.01393107714744153 1.143586058988378 0.03074731057597911 0
0.01400123788331797 1.371788199152995 0.2199100976598283 0
0.01409052033431843 1.137012811587711 0.1964937651353906 0
0.01416427236422402 1.200931665356138 -0.05821541337004688 0
0.0142572163535738 1.416097498318774 0.2242810457936003 0
0.01430674793062947 1.422725828584986 0.1590810922111636 0
0.01438091108144687 1.189392880235153 0.2018741424832964 0
0.0146792402527952 1.14434092041834 0.1039622673014205 0
0.0147374536661932 1.13726826451436 0.1505145718430184 0
0.01478017998804279 1.141786913413676 0.1297445193290643 0
0.01501299247124532 0.3874782363531099 -0.1260039898800385 0
0.01518953622633279 1.407915783633937 -0.0314711985100774 0
0.01521049323679952 0.9491162236052744 -0.06262044249895328 0
0.01535906775590819 0.1801267885934875 -0.441297092066123 0
0.01546496672501863 1.198078213403359 -0.05215615246871943 0
0.01551000941666266 0.3734711817535997 -0.1336366920408457 0
0.01557352867915338 1.107254522298766 -0.02683944843458011 0
0.01569541900687964 1.118808566205993 0.08861711999806071 0
0.01579199875145634 1.133575922748191 0.1657269668384155 0
0.01579453049045659 0.3637822433111602 -0.1442198723955547 0
0.01581228103269916 1.423353393078128 0.1789909758597578 0
0.01601291224434664 1.40807912891705 -0.02174550600190436 0
0.01609073057722399 1.388446154684972 -0.04178855003309796 0
0.01610490673253404 1.131093444574957 0.1937470959308893 0
0.01614971042106898 0.3469023724514357 -0.176901080870804 0
0.01619409556569511 0.1552834077038289 -0.3970195417071825 0
0.01623942129999049 0.3685904500466962 -0.04373747378572174 0
0.01625860521245266 0.1560953329126802 -0.418418822689991 0
0.01627569734539173 0.2054342622838307 -0.4409221862401723 0
0.01628644362899191 0.7957185282991049 -0.08008265667825593 0
0.01631497270523244 1.195928361753919 -0.04265308441976114 0
0.0163380427728858 0.1564526636044461 -0.4327336823252348 0
0.01654577701634397 1.13102320968322 0.1776918969555828 0
0.01678258588909623 1.129613989509439 0.1872520607774994 0
0.01879735339690265 1.398750529726275 0.2225937625160208 0
0.01697483312549762 0.1942083801501845 -0.3640948496227758 0
0.01704703351445441 1.408300470799084 -0.009483652237193815 0
0.01706971049431448 1.109564511656224 0.08620861781919764 0
0.01712367982024438 1.424060262907013 0.1946853302273779 0
0.01716529717580677 0.2494700997828729 -0.4153187262114166 0
0.01731596289156118 1.421577115270204 0.2227264657360129 0
0.01734353258031113 0.2989196228514647 -0.242777145314276 0
0.01743582805435054 1.193170428507251 -0.03066603457509653 0
0.01747000238640134 1.155185173743619 0.06544880412372328 0
0.01748467784779104 0.7206906769616223 0.1046651070167786 0
0.01775705040373577 0.3382848200538403 -0.06625780357599786 0
0.01804575778437295 1.424405455477417 0.2069665077148883 0
0.01822443066835437 0.3263951707900763 -0.07835701077389862 0
0.0182595368030805 1.126071042129544 0.028118078265158 0
0.01834014599968198 1.423961606861131 0.2166335863142086 0
0.01834085681279878 0.3171860469980385 -0.09409563709529434 0
0.01834344210310183 0.2613881127210864 -0.3552828346064757 0
0.01836319524995524 0.2711853524638077 -0.3114011401582212 0
0.0183647913977401 0.2993564975301377 -0.1279517370334092 0
0.01836994336790509 1.408569838933013 0.006159615474611121 0
0.01853887547569116 1.13869389770887 0.06179691219208011 0
0.0185584288550671 0.262475175020833 -0.339746305049641 0
0.01859031179457819 0.2611725697440166 -0.3485497807994666 0
0.01881414466837701 0.2564349654561221 -0.2033379487330823 0
0.01882377287502662 1.189646150983577 -0.01538315336392389 0
0.01916704568425633 0.1570159243144745 -0.4415471070195328 0
0.01934182139980018 0.2264240491558031 -0.2799269696641614 0
0.01939580572149328 0.2682327176134233 -0.3662795498798912 0
0.01940413100469304 0.2541783659362903 -0.4300809221859011 0
0.01950255954556517 0.2137030014894322 -0.3130616656125285 0
0.01961056425819861 0.2091186137443708 -0.3255239908425389 0
0.01540094535285986 1.221415034469822 -0.05834764718344467 0
0.01988420987010176 0.2030369341424982 -0.3433237661882064 0
0.0200499835931664 1.408916275349254 0.02603249444863089 0
0.02034112933791032 1.102900316344135 0.08674843006394498 0
0.0205713458404909 1.088154425201325 -0.04391456085751162 0
0.02070569265772143 0.7190284560634639 -0.08726991231166603 0
0.02072220500858901 1.184953609475802 0.004044520134606031 0
0.0210270922674939 1.115030726973653 0.02554614831938752 0
0.02108320620968201 1.088879311809877 0.1139588116856698 0
0.02155213449597826 1.172544341264224 0.2002509352290063 0
0.02635341164911595 1.298558177178959 0.2127566016860842 0
0.01977783697359938 1.35599560389545 0.2183854138304478 0
0.02193561056223967 1.123083138973737 0.05861987649656863 0
0.02233367923239154 0.1772736731370372 -0.3716588141235934 0
0.02237053201379474 1.409406872163573 0.05351830373241136 0
0.02251852832064666 1.392717860386279 -0.04133273346304845 0
0.02276407292905804 0.2556869503884122 -0.4382116081179463 0
0.02334227974320152 1.069971999654347 0.1153040319006343 0
0.02347673857741772 0.2800653395192504 -0.3884278884006834 0
0.02351199169924867 1.03017784517532 -0.06273202384271701 0
0.02369639391822498 1.211944818181496 0.2041787470125959 0
0.02377596488654197 0.1125053776875209 -0.4042646199233154 0
0.02387485758648579 0.1128609015163303 -0.4209571819014579 0
0.02398709714146911 0.1130730104570968 -0.4337728177152649 0
0.02398747238018573 1.216393990599021 -0.05880764633180383 0
0.02399200990087506 1.112758004381131 0.056128714212761 0
0.02433784582617384 0.9968767207305003 0.123423176757305 0
0.02452188637305836 0.1809806476842122 -0.4444477109345992 0
0.02463380765777495 1.17784820528161 0.03005569979396239 0
0.02517193964937933 1.108150391634987 0.02130524121345018 0
0.02520293695373862 0.2063642867533719 -0.444029798187108 0
0.02571316874279953 0.9237238300270383 0.1161086005879703 0
0.02599140771264705 1.283102862234019 0.2112349194890958 0
0.02612568724421566 1.409934825110249 0.09204363431649262 0
0.02613143474945239 0.1554252773994544 -0.3786513836394339 0
0.02644109005404636 0.1146360020437353 -0.4424360975126447 0
0.02671629254608598 1.395456992127703 -0.03892943019042486 0
0.02693192212789802 1.211945182691102 -0.0571265934901652 0
0.02751806865984658 0.1578511084263934 -0.4447163073684341 0
0.02770920083488516 0.8540993237355937 0.1054539084603085 0
0.02797013242218674 1.158229528855743 0.1987915027028381 0
0.02800501708113425 1.105895032198017 0.05433692410669112 0
0.02803286245282705 0.2937419244355892 -0.4096909754760766 0
0.02809886665780467 1.168228205143506 0.06730606073305263 0
0.02862805188944217 1.209266457203123 -0.05097630561826301 0
0.02867621172479046 1.396386198575264 -0.03249662408211366 0
0.02878511944998796 1.344671132568686 -0.0460569875543699 0
0.02902616468988484 0.8739611011278769 -0.03217213337704274 0
0.02636346499696627 1.196372339568066 0.2026272553599465 0
0.02946911881680173 1.410565080312169 0.1305289395471517 0
0.02962064504305106 1.20723785271009 -0.04146098173279494 0
0.02786702544403066 1.265703418840154 0.2095243464098548 0
0.02963740557034833 1.396437305010072 -0.02278131019526491 0
0.02977321855612811 0.2532697889791009 -0.4413764294649788 0
0.03014977616568176 0.6653145534475001 -0.08376641324442385 0
0.03017108343421403 0.6403425748524152 0.1115931568949701 0
0.03067569187953156 1.099582623098093 0.08876833835668341 0
0.03084843646713696 0.3012152353937695 -0.4235363252068053 0
0.03085159592518855 1.396494454055244 -0.01053474349938873 0
0.03093425447900883 1.204603999887069 -0.02946125422341261 0
0.03113143077301939 1.404935219352914 0.2232684758207295 0
0.03129432628208609 1.15828215135334 0.1044633246029219 0
0.03187707010476076 1.411005654148944 0.1580198654705365 0
0.03235200544114833 1.148307705552825 0.1977579165744236 0
0.03240182242482353 1.396559015151119 0.005089489481311098 0
0.03256523453555429 1.201261456868289 -0.01415872997650196 0
0.03268244018459371 1.24850912562252 0.2078510085025733 0
0.03270965244739496 1.152682312270753 0.1315056766808008 0
0.03330116517512852 1.148452030379872 0.151786410205469 0
0.03334661509224646 0.1127254621258548 -0.3904301635214165 0
0.03338525750948957 0.3031842517383718 -0.4307882348151843 0
0.03340026523830028 1.380459851324403 -0.04248972145837961 0
0.03359870915879525 0.1191184060921713 -0.4462240654349131 0
0.03371226363651986 1.411402954777076 0.1779082470473224 0
0.03438382200326651 1.396648521467515 0.0249401991618111 0
0.0344542234304176 1.22827000882955 -0.05757414303822592 0
0.03453574255197177 0.6344487732300514 -0.08976873958532668 0
0.03463334614870767 1.144926751561474 0.1670194686393611 0
0.03473368957071263 1.196830495246473 0.005278955518110723 0
0.03494650966335261 1.142559691313829 0.1950430701260642 0
0.03408488627226441 1.258788912271575 -0.05454150963910852 0
0.0353031295722859 1.411912312626752 0.1935835614423083 0
0.03815919237188261 1.235097433995655 0.2065436098657475 0
0.03536325187918243 1.409532483598239 0.2216330064985059 0
0.0355528935762468 1.142468950634623 0.1789930189072173 0
0.02701584470017044 1.320290182264727 0.2149041337003163 0
0.03583384039112956 0.6074932984109982 0.1055654076897928 0
0.03583513247214906 1.141125744777047 0.1885589323974456 0
0.03598110472058717 0.6205352878787077 -0.08877773921090891 0
0.03623769435179536 1.182651069209119 0.2012790152005478 0
0.03641866509502154 1.412119699547981 0.2058513434325536 0
0.04317752991009906 1.304165027962974 -0.04999616665192496 0
0.03677761082972916 1.411628724772492 0.2155137294673803 0
0.03712085436325724 1.396764237938311 0.05239276695584736 0
0.03727459610763695 1.102862613238388 0.0115317923023551 0
0.03736647967370458 0.29683880870046 -0.4347378407288248 0
0.0374917447580151 0.5896932039363281 0.1029686619864778 0
0.0375982332624499 1.19074859616775 0.03213853377913275 0
0.04529006826024809 1.368747453583033 0.2197724066761837 0
0.03775255430234364 0.2077857459542844 -0.4448512041434272 0
0.03781013319726111 0.1823663144744121 -0.4453386746380903 0
0.03799392566119214 1.382661265649481 -0.0401375885761551 0
0.03807423746145977 1.216783203898413 0.2047229661592158 0
0.03808491331039732 0.8806665076489276 0.03363200814214244 0
0.03813398283771521 1.224533715975323 -0.05581781534636418 0
0.03937808274194272 0.2507328675845742 -0.4421004305734842 0
0.03941754074344769 0.6098087002218426 -0.08542594713125926 0
0.03996344001186038 0.07266487272353481 -0.4128179802018348 0
0.04001357710352246 1.222187919016849 -0.04970881921265093 0
0.04008702616766082 0.07282680865228847 -0.4241045644595284 0
0.04013511560313077 1.101412679104123 0.0508387284636294 0
0.04015786934769339 1.383331839302671 -0.03372900603396341 0
0.040177516876899 0.1591173150145768 -0.4456418565242733 0
0.0402401806906621 0.07297674526739883 -0.4353552870653082 0
0.04103798588381849 1.396899826940316 0.09083405574248614 0
0.04112627006261066 1.22030794632852 -0.04018190930862948 0
0.04119189668150472 0.5650885731001478 0.0961748462679477 0
0.04145852069654285 0.8027265471593082 0.08697962875872636 0
0.0415603711840356 0.2817743883500474 -0.4370312138661396 0
0.04160145261796569 1.181903875315926 0.06966452042397561 0
0.04162809401914586 0.9414657882504512 -0.03054667165750927 0
0.04178428278097555 0.07575043479027435 -0.4436880711485328 0
0.04205475881860879 1.203436557679827 0.2034038374039308 0
0.04225966779932086 1.096419394640645 0.09203425118353845 0
0.04262385829125589 1.383115403855993 -0.01179645962949105 0
0.04274130047171043 1.366662204418879 -0.04380859145303195 0
0.04274972866760629 1.217785751744154 -0.02809435496936137 0
0.04276737635436231 0.6002887674586225 -0.0827950028410892 0
0.0431566612036243 1.241240795454151 -0.05624136634857259 0
0.04332893769193177 1.170669714071064 0.200133313445152 0
0.04380584489324815 0.5960867632822061 -0.08078394168876367 0
0.04425093475929284 0.5710525361312641 -0.08025742997664079 0
0.04438149810426006 1.382949685231648 0.003806873862840905 0
0.04458336922933942 1.214671648762738 -0.01276958802199121 0
0.04477506802937022 0.543737949880582 0.08632441129642371 0
0.04490109067354595 0.7968463320808433 -0.04764003053889192 0
0.04495810353582491 1.397027942632309 0.1292748013876826 0
0.04512991063732591 0.1233437015307849 -0.4461124007581033 0
0.04540782411537761 0.08329840656312648 -0.4035607542489636 0
0.04543717841781075 1.287295027589566 0.2117429578252239 0
0.04545739411724647 0.5040214538973857 -0.09267126378720869 0
0.04551426698365119 1.172860054999096 0.1071557909884268 0
0.04610781589959412 0.08378004387546095 -0.446390104917806 0
0.04615201172264676 0.5299590995454978 0.07919872158492086 0
0.04660057673263431 0.2816964965378248 -0.3660371754792813 0
0.04662041637178704 1.391526557983271 0.2220233284862874 0
0.04662712799928823 1.38274586204251 0.02363139878396496 0
0.04670807038049324 0.4350920269625229 -0.1255226297783279 0
0.04680796946593361 0.2736422892894012 -0.3571042458554885 0
0.04700183364903673 1.210569343088579 0.006697657199289275 0
0.0470040949129929 1.347584103719383 0.217692143517451 0
0.04702780662443683 0.4988653225845179 0.06326813177099755 0
0.04716476104293152 0.2943531235531061 -0.3876313842552732 0
0.04718492439664593 0.2724928489400776 -0.3523381417366555 0
0.04718908017610079 1.014337544739935 0.06638436157544776 0
0.04731600492883473 0.273737940329338 -0.3441987069203694 0
0.04753654659408896 1.368459650399339 -0.04149530740324662 0
0.04755285284410135 1.238434460867829 -0.05438847211797578 0
0.04763268478187718 0.282264742739986 -0.3164484424474643 0
0.047636522000279 0.397541920842964 -0.1361425422965553 0
0.04776079621402934 1.397110546658051 0.1567317552741315 0
0.04779476163688208 0.3089597551847064 -0.4082671162111219 0
0.04786978037645795 0.3586779706853834 -0.1853735447555592 0
0.04788337152674579 0.3111716179628281 -0.250058092731685 0
0.04791663826122608 0.3841192761614802 -0.1429053734793657 0
0.04799828753590588 0.3748683731190373 -0.1531195862968494 0
0.04806925650620564 1.166914302944564 0.1339574822515834 0
0.0482265938948017 0.3168518691121329 -0.4220574418317679 0
0.04841410242912145 0.3186573323873234 -0.4291837279234766 0
0.0485694597993995 1.161971498485247 0.1992459960727081 0
0.04858031727852868 1.1929243844918 0.2023684666038219 0
0.04863265560524891 0.3109586415345938 -0.433324987495745 0
0.04870578424904103 0.4278637082840515 0.02105809151958593 0
0.04911847113103436 0.2898579674128918 -0.4363013294349205 0
0.04972559404713825 1.382458087031686 0.05104734722738458 0
0.04973031340678924 1.236498763197442 -0.04823687050854961 0
0.04982938974502138 1.368913372192443 -0.03510725662397244 0
0.049889228083042 1.397238319342412 0.1765942573042745 0
0.04999060255593155 1.162514720023325 0.1533239132279706 0
0.05020139336087809 1.351676201985456 -0.04525365573845865 0
0.05021381143428719 1.255180370473415 -0.05482093853261573 0
0.05023247927642066 1.204942733094605 0.03360391922329671 0
0.05217909018353448 1.252734755735941 0.2083570907314952 0
0.0503426162351054 0.2056337149941497 -0.3087436092706057 0
0.05038226011545148 0.2008816174000182 -0.321813399470713 0
0.0504276735263755 0.3611779749838909 -0.03601117396561448 0
0.05051388649393739 0.218260839464867 -0.275002087883936 0
0.05053265877118511 0.2499307718018343 -0.4422687467403711 0
0.05053781752210951 1.209089486168021 0.2040040410492958 0
0.05065678992945587 0.7248666350013866 0.08332001901296542 0
0.05068179317325222 0.1942155013635442 -0.3412005911546525 0
0.05078646028526007 0.2485672184961374 -0.1979772003533961 0
0.05094861448890142 1.234774936043974 -0.03869373476309038 0
0.05102612883292071 1.368658874606256 -0.02542022218663592 0
0.0511162324139923 0.2924926707043582 -0.1219918362925415 0
-0.05209807375874789 0.6275204444682558 0.06712890388413144 0
0.05129694561214437 1.219533391218387 0.2050490033079929 0
0.05130527719829851 0.3316288644329544 -0.05979999177861217 0
0.05138689045150323 0.1878976593714281 -0.3590840736071417 0
0.05142636674504908 1.096921069113368 -0.0004863063601503806 0
0.05146543085820404 0.3104177461018858 -0.08801156642998276 0
0.05153062008925306 0.3197883267030902 -0.07232138489833095 0
0.05160976929881258 0.0976355140517578 -0.4462372869954114 0
0.05161974743466904 1.159098583841873 0.168576631973209 0
0.05173083835904316 1.395224893434848 0.2203036637996258 0
0.05173288327663034 1.397522236068957 0.1922477480637435 0
0.05188857046711303 0.2083841405592858 -0.4448975161984023 0
0.05191343446181601 1.156650040258185 0.1965898911516871 0
0.05202118235108266 0.9882223043979056 0.03238467084886254 0
0.05251333259210872 1.232569002119377 -0.02666375282743846 0
0.05254223584344112 1.368329252587471 -0.01320881230181286 0
0.05269382140511575 0.1789835878560421 -0.3661150248638722 0
0.05273588797493978 1.156654497181387 0.1805556794515588 0
0.05287772084466294 1.092316039233702 0.09188453336817763 0
0.05296439528905972 0.720693899969832 -0.0560152586705602 0
0.05302264274694002 1.397567099090478 0.2044994656055515 0
0.05306172564157063 1.155372649304494 0.1901275950675039 0
0.05327925923153826 0.1830621050508186 -0.4453818748349753 0
0.05343707752750995 1.397027064869118 0.214156899640138 0
0.05414670861967688 1.382020057909993 0.08943605406494026 0
0.05416591154342285 1.096601733502956 0.0469318967907398 0
0.05447222984960226 1.36791309723199 0.002371321482687337 0
0.05467334737252877 1.229635265218092 -0.01124266603844503 0
0.05480125854701051 1.196765409208716 0.0712152020835637 0
0.05996982968172603 1.335156417317074 0.2165346415584651 0
0.05508051467071604 1.253458411518097 -0.05285735768116562 0
0.05514097916989766 1.353116372085611 -0.0429750614642016 0
0.05546163600359072 1.270131636170823 -0.05331039675078136 0
0.05562252724515029 1.335806589202058 -0.04679834682416695 0
0.05587073931208777 0.8000391118602559 0.02041276127933529 0
0.05590114770705723 1.184537340715477 0.2015468248637831 0
0.0559339802434877 0.1597933138073438 -0.4456716441900049 0
0.05597001399032633 0.1567974449918142 -0.3737476039816454 0
0.05615518464538627 0.994249912391673 0.08239194269537041 0
0.05691511879518935 0.9721394155040826 -0.01717438950715858 0
0.05694107072588689 1.367384526991597 0.02216593216034289 0
0.05717462401892374 0.2822197428055199 -0.437282111265709 0
0.05726313127087229 1.225938440307401 0.008255678797725458 0
0.05746655095590769 1.251972665655807 -0.04665964970543438 0
0.05753497225523477 1.353344142868879 -0.03660845855505691 0
0.05781999270715205 1.204575870003858 0.2035785230188731 0
0.0582258998611359 1.032146025502762 -0.06086788627108904 0
0.05857337561719128 1.381562321226891 0.1278229960919972 0
0.05875683308792892 1.286114495205428 -0.05170751483161383 0
0.05876525869715521 1.250429699834642 -0.03709797948048392 0
0.05877367649241984 1.001885154596669 0.1141748207394622 0
0.05881679974693538 1.352921740626016 -0.02693723600325314 0
0.05888874541803654 1.319361102473547 -0.04841057904365707 0
0.05930932329769645 1.188434822492581 0.108800790114486 0
0.05993834298105649 1.302692304137167 -0.05005800237571586 0
0.06034481070730149 1.366647083590262 0.04954001650573375 0
0.06043289967903498 1.248440913788857 -0.02504602600192248 0
0.06044620186792082 1.352375220058093 -0.01474579025322123 0
0.06054382089316782 0.2973756498177289 -0.4351166609832807 0
0.06058518266929191 1.269391822153079 -0.05124785240484691 0
0.06065261700238286 1.375691257375322 0.2205358415928524 0
0.06066458916652609 1.336909214070082 -0.04455271881862004 0
0.06074088902407421 0.1251487139339339 -0.4461240153341577 0
0.06075988397900633 1.220873402419085 0.03521285776062386 0
0.06077244903634349 0.9680755430761969 0.04924810951890579 0
0.06521292603095646 1.313050316496535 0.2143777430903866 0
0.06140424185044774 1.077822745151848 0.09728626295012643 0
0.06160867814669782 0.2515088634636049 -0.4422804572163723 0
0.06172753286907784 1.3812378912834 0.1552416016622512 0
0.06220361690120487 0.1137839400292287 -0.3866861781432682 0
0.06226968253325579 1.177445546582375 0.2008942862909581 0
0.0622873645100441 1.182905464037252 0.1356598241814076 0
0.06264268907689663 1.351643884866853 0.001746131335789949 0
0.06253575318561283 1.24592827805238 -0.009669299400861413 0
0.06308663279961263 1.268356749913583 -0.04500482193590161 0
0.06312987746299914 1.3369241633639 -0.03820660492434464 0
0.06336679859680924 1.218471592663581 0.204995678270576 0
0.06342515666595983 0.9831510201714606 -0.01159233893728784 0
0.06395723470256118 1.286038127975469 -0.04957836231277421 0
0.06401015570607357 1.320119029310838 -0.04619875437598612 0
0.06408173206276666 0.303995662085008 -0.4312015897106836 0
0.06411978801001569 1.381060184187692 0.1750753972964801 0
0.06444704835304749 1.266983527886949 -0.0354261712742106 0
0.06447617818860268 1.336318277935549 -0.02855298449839953 0
0.0645298305808438 1.178814407240959 0.1550692971051763 0
0.06511133927796406 1.303068132390323 -0.04788400816121537 0
0.0651722209840507 1.350795789376127 0.02057031340089392 0
0.06518881849484043 1.36557277704412 0.08786885375076642 0
0.06526624089253752 1.242656735669052 0.009862391562846184 0
0.06547047236864326 0.7229012848788022 0.01392570375474701 0
0.06560956661205622 0.09179016513800112 -0.4463504074251989 0
0.06574679054655527 1.213516132905834 0.07291716293754937 0
0.0658849093622316 0.2089410733782158 -0.4449443386528638 0
0.06602705436405731 0.8573897000031739 0.07965329415926717 0
0.0660306071654243 1.19947329669831 0.2030949682359869 0
0.06608324214023874 0.9316687134745115 0.09523371915385397 0
0.06617865448246912 1.265241546047255 -0.02335035853449869 0
0.06618672757260421 1.335546330529332 -0.01638274824213983 0
0.06618787725221226 1.381077523598188 0.1907031014314365 0
0.06623129777828746 1.37874504777542 0.2187545689534619 0
0.06628700494734294 0.3022675920046853 -0.4237927175057702 0
0.06460793168722692 1.233953424799327 0.2065449093444461 0
0.06641473172178278 1.175646323460516 0.170352410621926 0
0.0664990818313434 1.087500186633973 -0.01485755865294384 0
0.06650325229442836 1.285330818926786 -0.04330258857986583 0
0.06652458809515627 1.319913357498678 -0.03987389315542465 0
0.06659611446005881 1.173058189076174 0.1983478039394967 0
0.06752390932241148 1.271729186489395 0.2103057364698259 0
0.06763092168217227 1.380941674246621 0.202937129878649 0
0.06765519975056009 1.302616826088822 -0.04158319895368279 0
0.06770717798105658 1.173347226187238 0.1823490288022395 0
0.06780395658851232 1.252512510256863 0.2084060526230819 0
0.06789833709211282 1.284148910753707 -0.03370485957315675 0
0.06791201037703387 1.319115415927929 -0.03023867751689184 0
0.06792456355478821 1.089678949994042 0.04028541968443201 0
0.06794342425006838 0.07340879936278574 -0.403661349941082 0
0.06808328847276396 1.172095133814586 0.1919236520377233 0
0.06809705437546335 1.380330750509465 0.2125874049977912 0
0.06834289274233363 0.980785223272456 -0.005629812504527681 0
0.06836095151371688 1.334564925174398 -0.0008557974303133459 0
0.06836757276101321 1.263035820397332 -0.007943486260659625 0
0.06838024503043687 0.2954500146910357 -0.4097244016887275 0
0.06852347324088509 0.07256367091471758 -0.4465939081877456 0
0.06863487846043226 0.1836469673462522 -0.4454265087145395 0
0.06882241427845964 1.349575567411418 0.04789934550797748 0
0.06905700516839625 1.301630908344338 -0.03196632971028924 0
0.06920708014915883 1.237934360457286 0.03694442335247287 0
0.06964360077743451 1.040266739795626 -0.05107490439205117 0
0.06967285713951737 1.282646090742537 -0.02160520196422605 0
0.06967438125357503 1.318108660967132 -0.01809081428090735 0
0.06992680181031963 0.063384718745435 -0.4439229820985139 0
0.07000417588864069 0.05996480172091548 -0.4147210644436958 0
0.07003074627957265 1.014621147764908 0.09561885794717409 0
0.07003645437530556 1.364485614176477 0.1261966047359131 0
0.07012672598354355 0.06009236999406403 -0.4247620168050106 0
0.07028559865550668 0.06023041466697107 -0.4356006388130481 0
0.07069945215152726 1.206048530309442 0.1106040814671599 0
0.07083816628192377 1.300382202040276 -0.01984206609044124 0
0.07091976249949428 0.2547576576976873 -0.4418069956814579 0
0.07114968628962126 1.333299254848135 0.01887012347346765 0
0.07119993331160826 1.260168399538021 0.01162704039700822 0
0.07145721494209832 0.974060991158318 0.06898447380025378 0
0.07172070449212997 1.07034803056101 0.07600640454047961 0
0.07176060431147693 0.1603052655683163 -0.445703545445098 0
0.07176664257927934 1.047227886820805 -0.04135278475226985 0
0.07187433773350377 0.2826584357658942 -0.3886013138569902 0
0.07190681116187812 0.9677506001375032 0.009892167067137955 0
0.07191319179720471 1.316822674813179 -0.002593157322675836 0
0.07192010120066669 1.280746859030162 -0.006167582932435862 0
0.07197892192148646 1.026051541044304 0.07813801526807304 0
0.07200414181496527 0.6677318739548544 -0.05122482009042266 0
0.0723909048514545 0.6403726841058097 0.08901840255896132 0
0.07268032054392731 1.357895155737617 0.2188388471654327 0
0.07283252235133227 0.9932475361587728 0.05384741822922504 0
0.07299536205326815 0.9884002375129101 0.00601715860614882 0
0.07309948737482791 1.298791900186507 -0.004374217610578685 0
0.07341399385565556 1.194868954529829 0.2026567943888574 0
0.07348411049460457 1.363708629780628 0.153571650734015 0
0.07388196151848903 1.215666927779077 0.2047575478190383 0
0.07403849394679504 1.201012496629381 0.1375289197111626 0
0.07452340131332802 0.927640909275095 0.0138757098978336 0
0.07454904317019079 1.231338245178147 0.07473390599969443 0
0.07479115802831102 1.315164012136614 0.01709555536958585 0
0.07482096760873627 1.278275040210314 0.01344240780055522 0
0.07498201032127136 1.331559047433183 0.0461495304491694 0
0.07499934568188649 0.2718746020034465 -0.3667019512943567 0
0.07506485610661712 1.256238683793035 0.03869147571357071 0
0.07589904433667322 0.6414994807214921 -0.05701281508310051 0
0.07601113330732684 1.296728659656043 0.01527510442644004 0
0.07604322610355296 0.9473535304839971 0.1291544353355264 0
0.07609989626248681 1.022850220387502 0.0899374642177098 0
0.07610011406246814 1.363184324816066 0.1733721307356905 0
0.07636635031140983 0.2651478234074803 -0.356196880058304 0
0.07656001553150701 1.197267798368365 0.1569863150706918 0
0.07657860375945946 0.6069944729906777 0.08374647327264606 0
0.07671241248618631 0.2647829257038078 -0.349949452312304 0
0.07681623862170388 0.1244073043835107 -0.4461734990406174 0
0.07698061200617212 0.2668210573148241 -0.341233626507013 0
0.07704737689334346 1.068151733824291 0.06203697785379021 0
0.07752401697819877 0.2577578508993768 -0.4388018424338277 0
0.07781185427674049 0.2753178069962429 -0.3126987563834421 0
0.07784985485484933 0.09846412205709823 -0.4463053836462846 0
0.07801303831320518 0.2085813006150317 -0.4443577787157076 0
0.07835590970780126 1.362905404887538 0.1889708009955773 0
0.07848933094996574 1.360467655364208 0.2170110467210593 0
0.0784989482059954 1.081611232816467 0.03300387467231024 0
0.07856693894841993 0.9584394115771244 0.01260747550892583 0
0.07866335361138485 1.191784108031829 0.2002537925291673 0
0.07868786029871064 1.194339924042487 0.1723011740168996 0
0.07873815860260172 1.046306265227806 -0.0389319677554032 0
0.07874000411076693 1.312879710621469 0.0443227183743239 0
0.0787871640665419 1.27488879284393 0.0405615568855324 0
0.07894607919434593 1.027137423201531 0.07094934878396333 0
0.07921437732179543 1.346016122921935 0.124425157320035 0
0.07930725365716211 0.3050634644966378 -0.2451498671448158 0
0.07945183929603444 1.2335106642121 0.2065631972385485 0
0.07986968785671475 1.224650597574277 0.1125097068657505 0
0.07992662552028232 1.362571925863287 0.2011853187540414 0
0.07999943691596031 1.293903886468249 0.04244918945353186 0
0.08001540407598898 1.192513405533934 0.1842978773150797 0
0.08033412942744199 0.6280563388578189 -0.0595660197654805 0
0.0804056164121173 0.211329690319584 -0.3275735363242256 0
0.08042743706365205 1.329057129404172 0.08434307668105206 0
0.08043066763226198 0.2153253227404076 -0.3147118050145017 0
0.08043504330197584 1.361888504756501 0.2108281456497091 0
0.08045469431332 1.191284702647228 0.1938793644467081 0
0.08047904635569053 0.3522291132981034 -0.1783392978603251 0
0.08051001157609602 0.2566969304449693 -0.4307513107833459 0
0.08055574516817957 0.2055799875413181 -0.3445499290989669 0
0.08063609149177631 1.250506159501439 0.07657419201823559 0
0.08081054275357677 0.614303596129707 -0.06027609986808784 0
0.08086167529559177 0.4966507077056429 -0.07916809594043478 0
0.08087837383139995 0.4271167061190756 -0.1140925204628699 0
0.08093455739517658 0.227823746728678 -0.2818895960720409 0
0.08095755411917309 0.5669637736481979 -0.06385200485599354 0
0.0809652279423318 0.5947476242120652 -0.06028124629961143 0
0.08096671546028733 1.064242899519002 -0.03184581400422917 0
0.08106076971679384 0.6017157489409269 -0.06091136776962153 0
0.08113762796322457 0.3683450567705326 -0.1451783203663767 0
0.08121830611234601 0.3907189018880826 -0.1265928170682985 0
0.08128082517447008 0.3777795156876487 -0.133993118100788 0
0.08149207570857397 0.9203706199777848 0.08780923304983199 0
0.08158625335136704 0.1834419720612561 -0.4447703456616421 0
0.08178950740418625 0.5869905152038073 0.07808204823034032 0
0.0819457658151249 0.2585861767958326 -0.2064853406804243 0
0.08220421301192189 0.2526735141112219 -0.4159588285641083 0
0.08233987373382098 1.338496575555904 0.2169759100717114 0
0.08236053779014016 0.5679238547066299 0.07044458678696092 0
0.07594023403103166 1.29241517305284 0.2123941357337173 0
0.08257296979901402 1.21305193822693 0.2045295056157624 0
0.08269122346347929 0.5513706278574407 0.06113061370776857 0
0.08284392201760366 0.538897907677349 0.05427997318458627 0
0.08290059615967524 1.344743960971091 0.1517524369691047 0
0.08294141497899585 1.253084985674785 0.2085298772187076 0
0.08300201317576487 0.3035296496935065 -0.1323462711019723 0
0.08307798596754312 0.5090119345729139 0.03879414777998874 0
0.08308247139790323 0.1801049781395771 -0.3728253591058333 0
0.08328768209378912 1.220436345975727 0.1394501667864462 0
0.08332173284082053 0.4390716688633058 -0.0001634042190138962 0
0.0834002328466848 1.075980937675383 0.02659054038897362 0
0.08366588870834946 0.3725804534524514 -0.05065718385039819 0
0.08367411547243463 0.3214856868939234 -0.09903554082540922 0
0.08387693155527971 0.3307719495077979 -0.08597500939177255 0
0.08391054295028341 0.3424271629322566 -0.07273125008722459 0
0.08430302212611579 1.063258364554397 0.05946200327110313 0
0.08437017567180996 1.309595366724297 0.0824435322050934 0
0.08448900766400072 1.269963680123487 0.078525087460508 0
0.08464231038506634 0.1606042737088941 -0.4458296892905972 0
0.08482192546923421 0.1976471003017095 -0.3651828335653384 0
0.08499226137618662 0.2443923718537965 -0.3922584486937146 0
0.08569401315550831 1.343854186727371 0.1715177525416229 0
0.08570400570437917 1.289816974409662 0.08049243310671589 0
0.0858592110684373 0.1579519213936122 -0.3798278405767812 0
0.08587569662505762 1.326534001032544 0.122534430596049 0
0.08602999628788971 1.217077019541644 0.158960923812386 0
0.08619672456391625 1.244703137749864 0.1144470604506001 0
0.08646267414182177 0.2083951397844754 -0.4414082322162406 0
0.08680889620979272 0.6548459961458972 0.01859200982639234 0
0.08733034607032397 1.054889772136684 -0.02065450876112172 0
0.08748871771218872 0.08468042922504515 -0.4034475705385646 0
0.08750063476767872 0.0850618519485653 -0.4464978339022848 0
0.08753994924070305 0.238021543228074 -0.3683860376551068 0
0.08765672508362388 1.070279642268238 0.02213193431656758 0
0.08809544176700304 1.343258651131723 0.1870847791730837 0
0.08830560910630852 1.340662364794558 0.2151081314865658 0
0.08834251366941276 1.214457300325585 0.1743158528379919 0
0.08842463452207613 1.211363321136272 0.2022728150211 0
0.08847020931676038 0.2355909932379592 -0.3521770986062481 0
0.08856373343477114 0.2381595543332854 -0.3405923737114693 0
0.08872500941750924 0.2409313483418059 -0.3299233429645677 0
0.08929761196868541 1.232642363243339 0.2065164285445995 0
0.08934157413612234 1.317980133886608 0.2149815528669604 0
0.08943138119121666 0.2075600214966234 -0.4328005615416456 0
0.08952119304689139 0.251342276836472 -0.2994346929067631 0
0.08973051628628764 1.324749677092071 0.1498113912314245 0
0.08976050853115163 0.121043586864907 -0.4463372125868392 0
0.08976633689039354 1.342700869370231 0.1992766896157606 0
0.08977466327676466 0.2063240348779561 -0.4175234301028796 0
0.08993674623628423 1.212506521066892 0.1863600845184143 0
0.09000432135863257 1.240740176723655 0.1415002129427351 0
0.0900052417465837 1.306271607046752 0.1205599925759511 0
0.09018379724495615 1.2649927290783 0.1164823207880921 0
0.0903060777272979 1.341950860446786 0.2089127195725311 0
0.09038229902750236 0.1833795797245024 -0.4417595981067567 0
0.09041999004610363 1.211331349753159 0.1959477217402553 0
0.09042108725318633 0.2027220846864498 -0.3920303081056608 0
0.09045886055624003 1.051747910300135 -0.01658771433158278 0
0.09107139305369108 0.281573620968842 -0.2274574889610599 0
0.09112755885066046 0.1148115319588422 -0.3912686635305744 0
0.09116444446154537 0.6257412422716209 0.01318771763020546 0
0.09140814907152583 1.285690423295412 0.118530855042048 0
0.0925037870310417 0.3270171608575605 -0.1566999510288298 0
0.09265247724038256 1.323462005590903 0.1695376215734946 0
0.09288400460476098 1.237807052829348 0.1610563309584106 0
0.09294671157337042 0.8931278489350718 0.1712915526981905 0
0.09316636736232936 0.1810994158210072 -0.3937891864774565 0
0.09317250151848883 0.1600516276367833 -0.442065954119412 0
0.09320034610885278 0.1826044065070839 -0.4180252207081433 0
0.09327530237677348 0.1830273706012552 -0.4330619428741281 0
0.09329417030799909 0.3445888400358097 -0.1242245298269019 0
0.09351230247420249 0.4003852586631957 -0.08306701329389349 0
0.09354258295791568 1.253439406969514 0.2086109117038658 0
0.09355763140996784 0.3682332524741561 -0.1006848666878643 0
0.09355973913235868 0.3539312914738966 -0.1102126341888304 0
0.09361799492019576 1.296647390956006 0.2128960725586561 0
0.0937617066876239 0.4694243237142487 -0.04002559781952542 0
0.09395480869617165 1.303954506196175 0.1477834300971069 0
0.09409935810056175 0.540943849047864 -0.01240695499901251 0
0.09411234637668178 1.261570538524772 0.143592365489029 0
0.09415277818916701 0.5705483262278481 -0.00261939773274672 0
0.09426141776845118 0.07739166867086561 -0.4438243304413643 0
0.0942821066219528 0.872384801240186 0.1390763131404033 0
0.09446979419771855 0.5808071570423768 0.001038834972134889 0
0.09499341516310908 1.27503041187068 0.2107579208185595 0
0.09515624965617023 1.322539236025782 0.1850716705642321 0
0.09530320297471601 0.5945737365378614 0.005134078012573401 0
0.09533531610049897 1.23550473165328 0.1764464824296126 0
0.09538185675387814 1.282825498604488 0.1456983806973377 0
0.09541985743998618 1.319759023958864 0.2130754708384663 0
0.09545780915310537 1.232240453961354 0.204390309687614 0
0.09579449649352687 0.6095733694800086 0.009283742645410625 0
0.09582002782455071 0.1587088032580884 -0.3979846177993456 0
0.09588040842661626 0.159482412033162 -0.4191689783064045 0
0.09596818192458059 0.1597926053445387 -0.4334243207265415 0
0.09610986875230013 0.07443008110080429 -0.4126090795210732 0
0.09626096115722205 0.07458620659491169 -0.424204267059808 0
0.09630682843438387 1.06116779094264 0.02316835300731654 0
0.09641299479269327 0.07473667879872001 -0.435501232908579 0
0.09689796621685218 1.321750025390474 0.1972400753147618 0
0.09694955407979089 1.302256060181004 0.1674681324179641 0
0.0970275639591873 1.233772140407412 0.1885152497074645 0
0.09708628313635823 1.259042324903805 0.1631914624264486 0
0.09745995043408953 1.320921642619431 0.2068680068287921 0
0.09755475047464107 1.23264254182125 0.198109176864435 0
0.09826298321742544 0.1174843980995072 -0.4437100937161378 0
0.09839070179033049 1.28072394500072 0.1653416566305725 0
0.09870732850476116 1.041640283956879 -0.01163795982380991 0
0.09924638002223252 0.9710195870950409 0.1357285856098394 0
0.09951056929822905 1.300992152732746 0.1829674560114245 0
0.09962152375203798 1.257078844975499 0.1786177267478959 0
0.09978309316565542 1.298029288011051 0.2109504105527273 0
0.09980088174960106 1.25384025707022 0.2065667637575014 0
0.1003463749315415 1.040806262827084 0.07303116452427275 0
0.1003821231231028 0.9086616057440644 0.05406720036302479 0
0.1008067588771207 0.1153144724473768 -0.4049400401555287 0
0.1009000248752182 0.115655334422895 -0.4215072340216324 0
0.100964660880954 1.279109272704289 0.1808049117070725 0
0.101016523129344 0.1158558054838986 -0.4342973866943793 0
0.1012165844183163 1.275976535165587 0.2087685978441461 0
0.1012899050745094 1.299963258450191 0.1951111350148954 0
0.1013761794078859 1.255573377438367 0.1907109868333457 0
0.1018596200112845 1.299058093936756 0.2047305272296341 0
0.101924824662357 1.254523067765847 0.2003137634165593 0
0.1022344292179238 0.9802395744646965 -0.004779632248654603 0
0.1027530309084598 1.277833346612121 0.1929230123431356 0
0.1029546203526259 0.8660770270425122 0.1879125648076558 0
0.1033180798806534 1.27685871142225 0.2025346601395221 0
0.1036865057523466 0.8482631911993639 0.1554478602903672 0
0.1068360359705032 0.8538513058842485 0.195814235211204 0
0.10727024134264 0.8383235857632179 0.1629955254032791 0
0.1093977220598251 0.8432245958431355 0.205506537645565 0
0.1096258683134561 0.8294388545479709 0.1726802423503745 0
0.1128171522977348 0.8257647911153372 0.2243516585236016 0
0.1130659045627014 0.8127870766183348 0.1936137031792075 0
0.1132978663662539 0.8593596239852702 0.1083559057885152 0
0.1149853842510391 1.034968402016168 0.03766840842990367 0
0.1172688486454576 1.014149898423002 0.003978105582181965 0
0.1179613891483985 0.911681733532187 0.1809413671369011 0
0.1188824782976972 0.7932732764139165 0.2587559963196521 0
0.1194349306085788 0.7778241254525684 0.234249089217569 0
0.1224929263440561 0.8363808294662125 0.1257346614188547 0
0.1252133191798103 0.7605710547539578 0.2916247861226789 0
0.1257541811719141 0.8278676044408564 0.1335442282394891 0
0.1264176186514223 0.741607173627059 0.2727544201496819 0
0.1271596572535389 0.928126131366894 0.04541374469201515 0
0.1276148115068813 0.820972604909411 0.1431563479590183 0
0.1282916846900899 0.745400036425245 0.307514441977278 0
0.1284253676425413 0.8821141322303249 0.1995374525134689 0
0.1287359817259305 0.9850273038264226 0.1201114939902302 0
0.1288490153498629 0.7275378837090885 0.3447259390991176 0
0.1290111070895295 0.7313673738602371 0.3332142314594026 0
0.129264178487884 0.7389326490337504 0.3148460294182688 0
0.1293076856742942 0.7347871999055301 0.3233834624764602 0
0.1295042611559758 0.710440223114762 0.366654567157489 0
0.1297830212716968 0.7255866600949983 0.2910844428990847 0
0.1304108422155181 0.805215485115365 0.1661469997061373 0
0.1306792390127288 0.8680890725793033 0.2100036005234722 0
0.1310810970169091 0.7186227632160801 0.2980314970507757 0
0.1316688482887476 0.667158165061553 0.4078039034608461 0
0.1321167168252771 0.7126598273771463 0.3052270280880886 0
0.1329190262745125 0.8567744245858864 0.2198154046534956 0
0.1332474075969519 0.7065234005083171 0.3129612165094989 0
0.1346885637522647 0.6995567844542474 0.3219289680975391 0
0.1354671935547671 0.8386474619580393 0.2381013781494552 0
0.1357714876415302 0.7676966322858857 0.2127664484132473 0
0.1361767632893971 0.6819996409569735 0.3434522095148249 0
0.137439735311332 0.6442012815780941 0.3887309415304937 0
0.1378741067185336 0.6329633653039 0.433914303777567 0
0.1398068903920194 0.8059693633290177 0.2703957962279455 0
0.1416195276575798 0.6090899176544955 0.432754756704313 0
0.1422040943323082 0.7276326550513705 0.2565669295824881 0
0.1429440485516121 0.6787974765570445 0.416430746428908 0
0.1443229833256742 0.7256743937709679 0.3766385128764694 0
0.1444098727231569 0.7732451880416868 0.3012409111890954 0
0.1444673545705671 0.8680180449582731 0.09758884519331534 0
0.1445170085016438 0.6283173327528023 0.4493729950642139 0
0.1452809085587492 0.7431266283441571 0.3547757506335402 0
0.1453229267714786 0.7104991330262591 0.2772248879904311 0
0.1459732720747906 0.9761870125109284 0.08572426129272476 0
0.1460282172252094 0.7458188671012517 0.3426456491505204 0
0.1466615870377476 0.7574997612733243 0.3159488872857311 0
0.1467577269216469 0.7030129810119413 0.283670571981011 0
0.1468340326485579 0.748237972094516 0.3323013844461883 0
0.1472234196019523 0.7516929784524202 0.3235066939555411 0
0.1480544897076764 0.9546546244578388 0.05209096340316893 0
0.1483331259581435 0.9199450768168022 0.1709594326497785 0
0.148688749042683 0.6952972763482183 0.2893879700245329 0
0.150912677905946 0.5991194296397611 0.4498943864494472 0
0.151196294609294 0.6865278031441067 0.2949076676971786 0
0.1512453253676692 0.605724084294873 0.4108100782921417 0
0.1529952469909841 0.6244447682271417 0.371544336235983 0
0.1540854026187244 0.843658697613901 0.1169912187451208 0
0.1541782787757359 0.676512425864167 0.3011973841081245 0
0.1554962156970943 0.6581339727929113 0.3221691204557659 0
0.1557027185402807 0.8340973777463918 0.1270381632055543 0
0.1563379466403794 0.638280256993573 0.4378847831944226 0
0.1571381226091809 0.8278052309770111 0.1368248639087832 0
0.1589257653877638 0.8117961045189428 0.1605633576178274 0
0.1593293565912091 0.8895119361555159 0.1913418401163182 0
0.1604936527131677 0.5957737154690075 0.4217686326779192 0
0.1611621029881387 0.6762958526819883 0.4130337260698942 0
0.162291694047579 0.8760019436290325 0.2012553302661916 0
0.1624426535812398 0.7724447051861192 0.2091831470065682 0
0.1624481114361014 0.8637929692898541 0.2130077719945019 0
0.1633914564571926 0.6150009269266147 0.4383858454872369 0
0.1639717929907611 0.8449789545361878 0.2320125433824953 0
0.1664979404315777 0.8100619579891206 0.2663424506690785 0
0.1666854499552131 0.9085866964332646 0.1398814601556471 0
0.1669650507904118 0.7301813338587785 0.2547667125993475 0
0.1676350959729553 0.7236169886939086 0.3718858142409435 0
0.1677655980315739 0.8871430575651753 0.1083274567635008 0
0.1691400795295677 0.7122744868528414 0.2758966219708937 0
0.1693341313421095 0.7751400988441375 0.2992623576674376 0
0.1695195529684992 0.6114289680460145 0.415109216567445 0
0.1699966121583545 0.7418784332572255 0.3503744844154634 0
0.1703146040469571 0.7455152477450624 0.3393280023117505 0
0.1703430914231678 0.7046572378113853 0.2820255648280859 0
0.1706798491083554 0.7587270606459144 0.314552420337194 0
0.1707532970297617 0.7487462317320622 0.32990385891715 0
0.1708931704734755 0.6223637962786212 0.3684098841852379 0
0.1709907934433738 0.7527388701642158 0.3217844735369606 0
0.1723852371889711 0.6964577135086298 0.2870305735430421 0
0.1751886661073403 0.6869420837467179 0.291604122464367 0
0.176394909876683 0.6569484697631194 0.3961184135009531 0
0.1774727685392485 0.8800774169624738 0.1607144175349587 0
0.1780466586853198 0.8605568117587953 0.1292137988621906 0
0.1784385874669774 0.65666148225044 0.3176986686189297 0
0.1785524989277922 0.6759432988420118 0.2969662691269013 0
0.1801439964826407 0.8689179211304252 0.1703690663916501 0
0.1801954609407778 0.8580462771449524 0.1826274157497539 0
0.1805365499341017 0.8508791806840954 0.1388041374548996 0
0.1805377189183323 0.8426228400200421 0.1509399445602674 0
0.1811815094469682 0.8394741363890345 0.2041461438244364 0
0.1815170742420953 0.8258085714032162 0.1744124200449776 0
0.1818478462660482 0.6343894146527186 0.3773336608333907 0
0.1827971752828175 0.8013048006613853 0.2448227362215678 0
0.1833522730536646 0.7860842992618957 0.2211304675928172 0
0.1849775162092718 0.7618278082362426 0.2832640003049198 0
0.1859883541488939 0.744727857277061 0.3009656089384176 0
0.1860248983048043 0.7434136021320488 0.2646917029789205 0
0.1864729237814315 0.7377604946426664 0.3074530579451489 0
0.1865839991660314 0.7003058359903455 0.3509156506873874 0
0.1870913179220773 0.7320453070568191 0.3140828357658141 0
0.1872917318135335 0.7254300192937231 0.2847444114918279 0
0.1879602765314631 0.7262305762072983 0.3212847527442463 0
0.1881241249228984 0.7179665745445523 0.2908180648926068 0
0.1891394945066707 0.7195008735960632 0.3298191687047012 0
0.1896998953512982 0.7104618687055666 0.2960991925079273 0
0.1919279289039487 0.7019710743497811 0.3012095284837722 0
0.1928953496519343 0.6723959819299348 0.3280600377083788 0
0.1946553166352116 0.6920995192377959 0.3073128907881619 0
-0.106251078621346 0.05515635152000403 0.1394349501894328 0
-0.11311138633461 0.3106598399750081 0.1456193270056656 0
-0.1024382390004858 0.4018742071561254 0.1183472681656111 0
-0.09894925438608068 0.539620115838128 -0.01701023348311296 0
-0.1154518580028876 1.042434571222514 -0.01414122257529595 0
-0.124876410156555 1.257177346527474 0.1267398575632322 0
-0.1278712616063699 1.390114614602155 0.001414216378786046 0
-0.1185247244638131 1.395630697682982 0.1306959934490823 0
0.006070337348000846 0.650882883090261 0.001108166197508805 0
-0.007044332962131875 0.786320882894567 0.002605643068582103 0
0.005044062495619865 1.161575565759634 0.1351112659776368 0
0.03531779035879963 1.250196004899385 -0.00231200286405602 0
0.008973453358125418 1.27146323644951 0.1327558799709851 0
0.01213628231970005 1.379188174990448 -0.00919085427466493 0
0.01405047195966359 1.381435726838419 0.127631800595816 0
0.1505191348963295 0.7770084806740266 0.2518909478857368 0
0.1317777449027646 0.8957660263511256 0.1346720656493822 0
-0.1246071659215127 -0.01007315586902288 0.2711840756537912 0
-0.1187290640433113 0.9757101313099837 0.01604692725230717 0
-0.1186269602669364 0.9753266190945077 0.02470782563137815 0
0.06463580796718334 0.9890252649926717 0.09328855495496959 0
-0.08339833193992738 1.095127236963176 -0.02708560407946104 0
0.07246908184537777 1.049200292433723 0.009610197112103015 0
-0.1169436554657319 1.013015569400228 -0.04221820250646679 0
0.02190009925782255 1.082042326811512 0.11444525049588 0
-0.01989979106509958 1.258885693171306 0.2086208999048686 0
-0.1211515485586735 0.6853028330748737 0.03438481384842362 0
0.07228266023502117 0.9618424951360431 0.02554743374836285 0
0.07306352443700423 0.9496391080275308 0.05074349695375218 0
-0.1160928505860979 1.012924757037443 -0.05086717777563073 0
-0.1189413367542886 0.989481400671288 0.03168504763434667 0
-0.1092905460171477 1.033822758229053 -0.05725182134240062 0
-0.1071011370849291 1.023312928827392 -0.058906178471571 0
0.06892230373657972 0.9540644888144744 0.08136628305694063 0
-0.1191056337137233 0.98560546569327 0.006097269190238988 0
-0.09193691511007815 1.326502961423093 0.2149050336080456 0
-0.06220077512107808 1.263417891917062 0.06539503295302991 0
0.07045622302507769 1.011375358496619 0.08927546155465257 0
0.07028601676043314 1.007362796458116 0.09085256182920028 0
0.06483733545834786 0.989569392719483 0.09313837879654475 0
-0.1232920040419523 1.067968955129903 0.05644528494448272 0
-0.1176313340901776 1.012879775280106 -0.04198608839977776 0
0.07204905288435637 1.023356396608837 0.07614232395928694 0
0.07121467213296519 1.021567512264481 0.08499557473717333 0
0.04806979531595879 1.088678765697177 0.09569687544483199 0
-0.03127843901129056 0.6645195753680984 0.06472089433635531 0
-0.1405812330324156 1.348187481102854 0.0461905582063249 0
0.03506415907329449 0.8233763551135601 0.09443883864494081 0
-0.0306794729274838 1.071979168014222 0.1087564477771097 0
-0.02687035186332012 1.080859896453255 0.1216790210214516 0
-0.09655995729017318 1.062307158164543 -0.03481554219440808 0
-0.1184346099054254 1.044910471077137 -0.0407777498718531 0
0.04484138280804056 1.088003925052631 -0.02908013411486059 0
-0.02686304235574095 1.080459738591117 0.1217697341933011 0
0.07013726311804352 0.9920950847277255 -0.01137823699243409 0
-0.1170098252442034 1.01253583912923 -0.04099984173689402 0
-0.1156095348245624 1.023625892269896 -0.04201864566604627 0
-0.1163366297670444 1.040124803657385 -0.05240584118673199 0
-0.1125585820197077 1.041762767815587 -0.05038082276919164 0
-0.1181044051479885 1.022616558515571 -0.07044437694374227 0
-0.1087414893888835 1.036039960259664 -0.05586645303099144 0
-0.04554770255936707 0.6399312705368465 0.01746399319102002 0
-0.1175856395196616 -0.01027474996250893 0.2814463400902507 0
0.07109677308560235 1.020875771515017 0.08605347457670787 0
0.07071819909015334 1.015132976858293 0.08790145022963387 0
-0.1131344819104783 0.9337125706297426 -0.06633649283977652 0
-0.1131742187109042 0.953985919859059 -0.05794706666614736 0
0.02312730665054872 1.089290940516834 0.1092257139339761 0
-0.05456283382824226 1.035885083532162 -0.0293988093895688 0
0.04150943348315743 0.8385543578581822 -0.007199930511517225 0
-0.06471084154802167 1.113430192626719 0.04813808796595533 0
-0.1140814035046011 0.960166681792076 -0.04386268797586701 0
-0.1139808822445697 0.9610619560643964 -0.04606270222796015 0
0.07193521416085016 0.9685329061697218 0.01124081766982585 0
0.07198034407450493 0.9691455078013628 0.009630405618184287 0
-0.1191000376204429 0.9875420613198722 0.01164844072823436 0
-0.1207796397520205 0.9845529421394393 0.008612270366582185 0
-0.1187439548236223 0.9760806108720964 0.01559951106517423 0
-0.1268936408288152 -0.006802385254788063 0.1110223332328428 0
0.0700587735288343 0.9466946850718917 0.0665308101953198 0
0.07203009728930559 0.951189233778533 0.05061776556564154 0
0.0728519532747107 0.9529455533581133 0.04391675247750695 0
-0.1130926643584981 1.057014693855215 -0.03490488278434852 0
-0.1131857547201444 1.063134386513651 -0.02734842726756241 0
-0.1165118912500574 1.050900767244258 -0.03767554143341978 0
-0.1172140930610507 1.049264051844389 -0.0384751274508818 0
-0.1096095978773154 1.071767863108741 -0.02284132568922515 0
-0.062428059504622 1.32896359952684 -0.006066585724333016 0
-0.09816706233636135 1.082682210698396 -0.02636703574337242 0
-0.1009474652635415 1.061111534694818 -0.04077955423147456 0
0.06342968105742913 0.9770965108039519 0.09949637128601521 0
0.06769673715694488 0.9586794799292058 0.0854803470912161 0
-0.1289843719085158 0.6210029897320966 0.05898988518263347 0
-0.1225760856623276 0.97398863456517 0.0135733114565789 0
0.06814816577064084 0.6911523369047562 -0.02254395283660504 0
-0.107614228221894 1.003083021866405 -0.06318479136223741 0
-0.1011501577102113 0.9938396388753226 -0.06588170459302155 0
-0.1066690897202687 1.01257505668284 -0.06244667007030911 0
-0.1063607416095395 1.01107918126578 -0.06268549162427832 0
-0.1077224206202143 0.9801460943424303 -0.06555123172044514 0
-0.1132459878459753 0.9676182744408952 -0.06215718626316853 0
-0.1104702578586226 0.9743998894979952 -0.06541525417972138 0
-0.1213070710971758 1.054398024252301 -0.03154201049578352 0
-0.1137725171458874 1.0655599831397 -0.02451324342825355 0
-0.1165604876761037 1.053265427227339 -0.0349149921740171 0
-0.117547209727861 1.048914122468624 -0.03859639222937732 0
0.01124649827855181 0.428724069871677 -0.005585464020438372 0
0.07620067897116442 1.046641715366958 -0.03981309229136301 0
0.07644986017738814 1.045894013196073 -0.03936844849614582 0
0.07706973470774371 1.046406512536946 -0.03830229256170524 0
-0.05833346007123805 1.202780031598279 0.07977380449349523 0
-0.07727722662799789 0.6641287651103692 0.05619549553807873 0
0.07188679823047686 0.9680428036533604 0.01257121072142071 0
0.08072094098231694 1.045370730565034 -0.03147644343937911 0
0.1576663796132952 0.930887741459378 0.09738291713679201 0
0.07074607024731547 1.038209171785528 0.08731731659319113 0
0.07111225112693352 1.021381049926187 0.08587434410096723 0
-0.09184538200550671 1.363477456014443 0.03510812775376618 0
-0.08791539450638375 0.6614724649125616 0.005499337304520831 0
0.006893234481031667 0.4454230818090223 -0.07179191633421085 0
-0.1190324856624762 0.9880599640455224 0.003506413971888497 0
-0.1211673102089878 0.9720339991758451 0.01159304307130249 0
-0.118120204397988 0.9714278217923402 -0.0002633134009819793 0
0.03659618699970758 0.913215511358774 0.06201011218054379 0
-0.08294579258676932 0.409461141707129 0.04154172627224474 0
-0.1187447739362832 0.9733877184177629 0.008538845381948552 0
-0.09159213347433404 1.029854640033828 0.09384350110685932 0
-0.1162380983125595 0.9670675169154144 -0.02142253927323168 0
-0.06589530528708384 0.8229600501070067 0.05335239645572969 0
-0.06346371289126106 0.8216850445135666 -0.004128822897421477 0
-0.118725792927758 0.9755011920105262 0.015814438382931 0
-0.002724322273971329 1.200279785904863 0.06035638441638545 0
-0.009521188213049404 0.7565264615185002 0.1044049726522242 0
-0.109459293070217 1.003754472997638 -0.01722109290575267 0
-0.1149355792839308 1.086243458313732 0.03639670720114214 0
0.01488480033632365 1.088092781094832 0.1132077530673705 0
-0.01461642387492634 0.9747608576346598 0.05000398437221702 0
-0.06604613076144812 0.4110922304170389 0.04790383186048305 0
0.01408785884170446 0.4165676771739333 -0.004003620975718214 0
-0.1278279516015433 0.6279726485867682 0.05943303315539981 0
-0.1005816608660485 0.4070598485654942 0.03478313806845353 0
-0.0001040788718176429 0.8157502829039541 0.1036059005368117 0
-0.04548535816284687 0.7025319907747061 0.06026143804392412 0
0.0807861826918152 1.012356479915164 0.09920843223993975 0
-0.06079766935545754 0.9559079636073085 -0.002747562569300976 0
-0.1709435889974922 1.332619987656492 0.08080349493120853 0
0.02332064023537933 1.33287383490499 0.08231249357809055 0
-0.06321898037871074 0.8732063056517271 0.03872872667672395 0
0.072031182697104 0.9657721740554485 0.01747676328388753 0
-0.05612365532529588 0.7382275261137076 0.04085324244864358 0
-0.0574175583341838 0.6954931767197304 -0.04392486442624391 0
-0.1139787848729375 1.078333822208893 0.07081293361867314 0
-0.03871960177055192 1.186644824646625 0.01656199810794707 0
-0.04291748689408523 1.056344807073035 0.07515799586015122 0
-0.1198862248733125 1.069500974540105 0.07033643008729309 0
-0.07693256943617909 0.9120519205437637 -0.03463046335481644 0
0.007116269243017562 1.077092585046563 0.1188673167148904 0
0.01546716430972715 1.084139922527596 0.1159324992576863 0
0.01659594442086477 1.086857444950957 0.115094496652853 0
0.01226183441302627 1.087178756364434 0.115622785573677 0
0.01340099101775476 1.087013124852076 0.1155042308304434 0
-0.0621502047672187 0.7479651514452073 -0.05448681191169278 0
-0.1234716232383279 0.04941482538291656 0.2503415464113223 0
-0.01113984704387718 1.033482439478191 0.05085227913148838 0
-0.07908592671818536 0.7815348971186342 0.01262393302187684 0
-0.09577178626113035 0.8078961409115519 0.02871733466084079 0
-0.02348690469329617 0.9155646186904448 0.05189939974869915 0
-0.1106862537651631 1.061317601568008 -0.03295492668751877 0
-0.05333696058908314 0.6912983278563889 0.01873228299196879 0
-0.05918378425542904 0.7443834250417097 -0.008343971016762304 0
-0.1029392460571816 1.078831953237798 -0.02737937079792291 0
-0.01215786057529181 1.178510508383891 0.1150508396092359 0
-0.1070947372910768 1.066287013374561 -0.0348350498478151 0
-0.09861501156733357 1.188471015656589 0.03868734617479219 0
-0.1134724754989145 1.049978282585199 -0.0421039084913272 0
-0.0642320648508076 1.32257166966011 0.1371986892776427 0
-0.1143285567061753 1.044448962362992 -0.04781378878099784 0
-0.1051683231938601 1.077538165577616 -0.02367476291614341 0
-0.06932414814426743 0.9647261992470443 0.05739688074026347 0
-0.1190705909464565 0.9871396278522914 0.004487004956805653 0
0.04062486143231961 1.339922089190409 0.02755641047063285 0
0.0663711226699604 0.9817016089021945 -0.003536575370783699 0
0.06696782951990089 0.9814117787309659 -0.002427187489991928 0
0.0775098912266579 1.073504409767832 0.05085967745054776 0
-0.1758560625245376 1.322755767095309 0.02336070861474868 0
-0.1811764914232656 1.293958620866406 0.06901216520712532 0
-0.06539846296738611 0.8591463954512233 -0.03251226812657228 0
-0.01921056713884899 0.8340392823834135 -0.04164246969647867 0
-0.05896294260702806 0.77064172805362 0.06443785144295927 0
-0.006127642298568462 0.8164313798086827 0.06664383129839543 0
-0.03032772452573046 1.34242667010705 0.1694270646130586 0
0.001071460313029851 1.077831919138736 0.04776810952125243 0
-0.08973174957058737 1.196015030739865 -0.008247290741749246 0
-0.123444597160434 1.255917099183593 0.06371087657093762 0
-0.1310176007604363 1.388911993921643 0.05645192965232217 0
-0.006512030839866295 1.258722260128081 0.07679207970713144 0
0.001323577107133929 1.382514226484753 0.04202682864277958 0
0.0301055376932886 0.4678021294032843 0.03798498737071498 0
-0.05775689278622746 1.234894395982026 0.1812454912100262 0
-0.1061015605116608 1.182415594295512 0.1007837184838229 0
-0.1795279120091108 1.250691064904087 0.07756719104657112 0
-0.06345688707996948 1.252783843515619 -0.00732543412338392 0
-0.05265280540858018 1.267241547397041 0.1377911837603502 0
-0.06264777977200416 1.406823657022723 0.007487099128436989 0
-0.05791666556392829 1.399599871235764 0.1391250607190174 0
0.003906703009408099 0.5143549177083524 -0.03862913600698684 0
-0.007104576473417123 0.7516593798126225 0.06508020382017385 0
-0.09236850275265321 0.4377716811411265 0.1307436956760839 0
0.08732004025951193 0.4482705149166621 -0.07705905914119768 0
-0.04292131446685518 1.074231674598146 0.02019522788377539 0
-0.08829780893287693 1.002342826252321 0.07295561513164045 0
0.05367696668303431 1.29119360805724 0.08327944593213693 0
-0.04757780654856449 0.8882757321655677 0.1115960112547186 0
0.06622982615453114 0.2384235081303498 -0.2407437142821802 0
0.01056830173368916 0.6902789162312927 0.05613997121685967 0
0.04747124500792992 0.441345356341919 -0.07185975238879767 0
-0.1428608813129486 1.328002383538796 -0.01410709364526301 0
-0.1150854020401016 1.32233533372717 0.1197866961056102 0
0.001307038416487443 1.332723527884402 0.0198334493798836 0
-0.01418324527583406 0.8511180521356675 0.01254965325685918 0
-0.001539759448103529 0.9653688098291445 -0.003995432872282315 0
-0.008761329219826329 0.7209331900843474 0.007938122079729422 0
-0.06108531650669805 1.017116746219102 0.01418326855573471 0
-0.08355078899938936 0.6328670149680206 -0.03587095397440129 0
0.04020928508719373 1.234979416725412 0.082460438518208 0
-0.05083138613544902 0.7884411465666264 -0.03656274045071099 0
0.0174353073350015 0.6298261667518484 0.06133862335621332 0
-0.09212912273116146 0.4933854634670415 0.03522423926377555 0
-0.05081132922553217 1.270154572113746 0.1842588394823955 0
0.04514912078685757 0.6070788325267018 -0.02726771248444678 0
0.04716493494885075 0.4185887287384492 -0.03759425362849271 0
-0.09783419062862475 1.290970747838395 0.1763954556285939 0
-0.1499913647348546 1.209054852200528 0.0406102201945728 0
-0.02056008115714428 0.7440300184638948 -0.04546954206737424 0
0.001962222617770654 0.4315354085537207 -0.05353138147305594 0
0.02950912451546319 0.9589718244401545 0.08406509962263818 0
-0.146296696993868 1.189490884750293 0.1318154415455974 0
-0.09434201348299627 0.5863937524471773 -0.03522196992551516 0
0.0242427244848691 1.198338804795009 0.08660016011021371 0
-0.1125635590484377 0.6833191095003142 -0.07640357232177172 0
-0.1873262927113717 1.307960240283836 0.1318090951545183 0
-0.0747061443924603 1.407390904463856 0.09251904030331017 0
-0.09332540177704739 0.6046549471444894 0.03425182899418344 0
0.04371553443665922 0.4884543018036696 0.006346221912138846 0
0.04896697300517075 0.5177998519891032 -0.03682568293282516 0
-0.1430271476883691 1.196108180293314 0.09349588136800251 0
-0.03130130697610609 1.284338604387259 -0.01842273311586955 0
0.0506146931138231 1.322987663570335 0.1364056749279492 0
0.04890335416167415 0.5737287391947987 0.04181884123217097 0
-0.007574437103879244 1.228964088039944 0.1169650586720298 0
-0.08529968415823286 0.9231888161697951 0.06619959610113675 0
-0.08852960666310071 0.9939528930323491 -0.06925063777740789 0
-0.02877712602899096 1.207549403762818 0.1731274918470339 0
-0.07752155882435828 1.399390664310232 0.1778855072747431 0
0.01166487436228945 0.4728629446226275 0.0319979406773018 0
-0.1133577580813769 0.7966232087827589 -0.03122138653090979 0
0.05662241996789617 1.290594027973616 0.1733558757964873 0
0.06893068861004888 0.681636984492306 0.05147205315685417 0
0.02038555396760727 0.8234082022683586 0.03476362905808116 0
-0.1401778043262976 0.4857478759336591 0.0246104584544273 0
-0.19188766359557 1.273795306029412 0.1117542150026182 0
-0.09606639735432594 1.334584464411965 0.1799075859457228 0
0.08144016160515075 0.2432049617622553 -0.2441874683762326 0
0.02983561359027732 1.342744334391647 0.1622614261918264 0
0.05067110442025073 0.301437557643232 -0.1862965228754207 0
0.0936370045809132 0.4349047911887222 -0.06154630555670945 0
-0.05204591075578484 1.410414463242626 0.04864675027350796 0
-0.09608946673091556 1.0577038416679 0.05085384597055709 0
-0.09857830913273767 0.810997635610194 -0.001310359264104803 0
-0.1858046876841191 1.345825367154629 0.182428653265694 0
0.000231304015842919 1.373193125579426 0.08786184259412987 0
0.01086005900354922 0.6887455201805823 -0.04279485652300861 0
-0.02261794466634933 1.390178299196093 0.1839578501033946 0
-0.155443227237313 1.371828686998739 0.09134989091419284 0
0.04163797435243729 1.280074956844115 0.03681374338562522 0
0.01916301714241698 0.7398637483242403 -0.02948429365272796 0
-0.09261112573757455 1.062492051276526 -0.01175769629744292 0
0.02242184120768146 0.761197740506584 0.04223527756564673 0
-0.05304306455472093 1.175535883120518 0.1610189567575749 0
-0.09726250829983002 0.5574782195998716 0.03705921977824927 0
-0.1048979271298062 1.282509381030359 0.01490432905872927 0
-0.09534662254244047 1.362018608423015 0.08648580081275477 0
-0.02465491376828614 1.2930256269631 0.03057727176943338 0
-0.0264843621610993 1.306857353035348 0.09452266609611694 0
-0.04099872368265648 1.357655734851419 0.04591460513620672 0
-0.03917269258143861 1.357105470218036 0.1005100521401918 0
0.04623472245568483 0.5388266998562449 0.02439465057940761 0
-0.1800971397922359 1.250859483945073 0.1638650791711942 0
-0.1060519958394464 0.7600973374266328 -0.03509009819348872 0
-0.004676165809745838 1.315160677327771 -0.01712648076261583 0
-0.1653327328253598 1.215381595140311 0.106440627750056 0
-0.09243769684109319 1.406130676455202 0.0460581531138766 0
-0.09784393276753103 0.5289389781481407 0.07028716805584991 0
-0.1105823611469693 0.8354920674445123 -0.03005777710243344 0
-0.01969376012802632 1.241176619257248 0.02785739687121544 0
-0.03446301555344101 1.063265239276238 -0.01891668579604452 0
0.02821430311772708 0.9403624200718672 0.01997135458937752 0
-0.02819543764748965 1.150466860496292 0.07184994894192358 0
-0.1190244032916774 0.6891090277643994 -0.03686262385020127 0
0.04579193727486041 0.5496504181422914 -0.02326166404285325 0
-0.1221770266494823 0.75205457458005 0.03508803202243375 0
-0.1449551247402056 1.290206775707474 0.1778671522866072 0
-0.03117506045958855 1.000036024562212 -0.03013340936497057 0
-0.02723215316021177 1.40398287652449 0.09133745878247905 0
-0.1172050383783421 1.215559133791514 0.1816012514674772 0
0.01189767863060345 1.074815408159023 0.08554276386758221 0
-0.1239284791149164 0.8242378988583443 0.04156224796080464 0
0.003420944341086025 1.204115628449537 0.0009045880489027952 0
0.0248797766177227 1.196038037836893 0.1250309036454602 0
-0.1315793084161873 1.196293125471282 0.06372611649727715 0
-0.1000068962823715 0.2607329757997282 0.1591960381805441 0
-0.1714698812542703 1.353649774504666 0.1351578862073217 0
0.0105403776599399 1.085273121549793 0.02154382700489255 0
-0.02461189360874737 0.6421230046859958 -0.05218159648964008 0
-0.1835269922094291 1.234727788662229 0.1248505004518947 0
-0.1560924355395854 1.374459181478486 0.1741981872950329 0
0.05003756489296793 1.063010028253242 0.02063214630068131 0
-0.09539761852427381 0.4399293166672009 0.07225475339300615 0
-0.05960107939252408 1.303989113618117 0.1832604048012059 0
0.00636794060116025 0.8691973754954819 0.06567611590013969 0
-0.02694211593289888 1.290411802550555 0.1802121038264345 0
0.06092009458063929 1.289583423909907 0.1347170577509199 0
-0.1070332961634209 0.4959535539202587 0.0003910637886408051 0
-0.1643444057039299 0.9622324348418348 -0.08758242473711464 0
0.02911768813789982 1.369186072402407 0.07266630754936057 0
-0.0008134800698558694 1.220522825916636 0.1686474310158893 0
0.0551857815210946 0.7598738084798228 -0.01685716339207245 0
0.05326376462077182 0.7624528734308212 0.05186639014615035 0
-0.1322173802389341 1.206952339644204 0.01296791746436285 0
-0.1379020529788036 1.236298138692934 0.1749477421434132 0
-0.1166706519350744 1.393627847306032 0.1756948498985279 0
0.06618583647869525 0.4002220808682514 -0.01479954616540613 0
0.04992699694014088 0.9868059068766069 -0.04570727896429915 0
-0.0003202330838460825 0.677804569757578 0.1074201672541216 0
-0.09802543533486804 0.8409033881653177 0.01622444548203816 0
-0.1184948274773792 0.8993980500764809 -0.02569267534207394 0
0.07027522783869267 0.8925153046391345 0.04676450202855038 0
-0.1173720317053372 0.8920829607162342 0.04674262767653019 0
-0.04329395360377639 1.191603433448669 -0.02882870106515562 0
-0.02574784250147364 1.365143704606878 -0.01736875028286028 0
0.04936047542376708 1.315174510914932 0.1770582276286237 0
0.05134508152695001 0.3804338206534087 -0.08091545728136407 0
0.01727986577676935 1.365632021406337 0.1847248619476696 0
0.01923562679501364 1.23731291084815 0.1754828312720622 0
0.124795554922536 0.9220808532297623 0.08957794992627567 0
-0.08165110523156002 1.189979180736757 -0.03476406863377372 0
-0.1976681592029269 0.972032864902917 -0.066725053041505 0
0.03500617362267668 1.270519316567895 0.1795317302794121 0
0.02396468432352328 1.19026537617069 0.1721591284534201 0
0.04874792202157388 1.300566937584007 -0.001819340026025546 0
0.1316210603601241 0.9951684554669652 0.04485118343745336 0
0.03258826104061552 0.8404721347123885 0.06388392806996016 0
0.04321598536083098 1.212746988522478 0.1463254262833688 0
0.06517476973262869 0.4689684957239119 0.03155236377599183 0
0.04942903267887367 1.07041118913118 0.05840875109763354 0
-0.09902038721836076 1.361005099385436 -0.01183914693725308 0
-0.02705149112299474 1.253477397644626 0.1828659888325457 0
-0.09456826289017951 1.178906855703921 0.162844328003144 0
0.04362309992597072 0.4668820017511601 -0.03095094468073897 0
-0.01747305554656449 0.903933013546778 -0.01796035679735504 0
-0.03338758463554328 1.089240339635688 0.06153101859171246 0
0.03247260277451576 0.3982270791653738 -0.0113396911330679 0
-0.1714714678592035 1.264958767830002 0.04434845348995093 0
0.008324592059266745 1.291029193200507 0.1807137313894512 0
0.04706601643211494 1.359196057491921 0.1835672565791749 0
-0.1609134074304588 1.225745833057478 0.06344600052503989 0
0.0514808836821496 0.2678575634470698 -0.2526936945050023 0
0.05205409474754287 0.6380678141408977 -0.01134733628928765 0
0.007774020353040033 1.394710460095903 0.1898025919123252 0
-0.1708987266109323 1.265371767833664 0.001288743495678649 0
0.05446606796624752 1.040520557692894 -0.01897082679889493 0
0.03457562584150008 0.2739618580131375 -0.1629644686934026 0
-0.08536934913031935 1.218198970753481 0.155168845758185 0
-0.1341563569333664 1.215161317502335 -0.02155462775643762 0
-0.03877899409521196 1.417737080247048 0.1807140212400137 0
0.005220315925514998 0.4874257810769304 0.01086510256615314 0
-0.1691352622663801 1.204360487444503 0.168340840031461 0
0.02806940781349485 1.227931803740483 0.0311781184803266 0
0.06689423673051248 0.2760484340948219 -0.1651617357276842 0
-0.1074224980763701 0.2016489195223959 0.1553233746207594 0
0.05167171079461955 1.246287133030883 0.1476763725575511 0
0.04357000726975466 0.4107435482838657 -0.1005675893943152 0
-0.09537663304588162 0.9164001627239832 -0.07634337982647493 0
0.1567023583442337 0.9250352264847642 0.07676364031049229 0
0.03674991350883608 0.616963757753934 -0.05385157800809724 0
0.05678644357140238 1.263869170299581 0.1188196802113616 0
-0.09852746830100928 0.4774496344617375 -0.03106357720550203 0
-0.03133679640473128 1.408396286436065 -0.01502995798476593 0
0.05195506506930442 0.3531324688059673 -0.1102593074682371 0
-0.1040950109225485 0.3727252046370647 0.1473239828823637 0
0.01162000953880898 0.9983539279110486 0.07763251933847544 0
0.1563293610150018 0.9423868544720966 0.1128028607241859 0
-0.0328362609659006 1.118636871997535 0.0590109825212475 0
-0.09792327535358383 0.335758757798148 0.1553831720221366 0
0.05123484847290655 0.3333079126297376 -0.1434406460708303 0
0.0086922609376986 1.077117750592535 -0.00732973290392953 0
0.04962944436962146 0.3920919816859446 -0.009555145541218075 0
0.05095134634962618 0.2705299446002478 -0.1599845183229688 0
0.1495515164072793 0.9430991243683536 0.1309554513779595 0
-0.04951070727063701 0.8182135382356788 0.1037233725270155 0
-0.08734697483401348 0.268189582092436 0.1948174413474253 0
-0.2023165932356411 0.9600538646671971 -0.05241695516741767 0
-0.1168640352437705 0.474449889735485 -0.01610756225806088 0
0.01858946803305855 0.2778957314931298 -0.1656448428832458 0
0.08247388949544489 0.2810579132446696 -0.1694158058911983 0
-0.1197421163890481 0.267785837351806 0.1929066259129829 0
-0.05591040962879203 0.5025701291113083 0.08211312978200712 0
-0.1805251822467429 0.9918403541916524 -0.09353430508008242 0
-0.1922510071507176 0.9858532681507233 -0.07954767058218312 0
-0.1281417232955543 1.264526454323018 0.1816532026032686 0
-0.1343774188412541 0.4776421324923619 -0.006221427204198687 0
0.1474626276425564 0.9076345944660347 0.07687060072775799 0
-0.08259772064283548 1.262365683445373 0.180856230757341 0
0.1194722038736562 0.9459032118048091 0.1108034165334677 0
0.138534553842037 0.9524861903216124 0.1455354633200043 0
0.007157044010080486 0.2993050206264538 -0.1882080899044565 0
0.1059990115511843 0.981712588812248 0.04599130349615396 0
0.1035004893071505 1.006200455929964 0.0757151831559625 0
0.01269457982752845 0.2891659337488189 -0.1778615908077039 0
-0.154360807749358 1.325212917758444 0.1794500414576863 0
0.04697782631124255 0.8403528097545918 0.02702238471073886 0
0.06094889683807254 0.8287144059317149 0.05003302771930122 0
0.001409661472230458 1.23365037083627 -0.02437909548874714 0
-0.1035819897875969 0.266166901058714 0.1996623660489293 0
0.04029271607664143 1.338270406695183 -0.01434884309446172 0
-0.1949508818892777 0.9431507518621631 -0.05346516709580319 0
-0.09528003958063258 0.6215396337295477 0.06692056369987659 0
-0.1345574533533839 1.175765996908873 0.1747479856077677 0
-0.01467562191654136 1.168231368643638 0.1695928271572208 0
-0.07153853502570323 0.2671629375985308 0.1897134471822273 0
-0.09060656007707313 0.9631440361245598 0.109184397693461 0
-0.0560568446773085 1.156030259092393 0.1079804837823006 0
0.1316024790402855 0.9864492159674321 0.02637919574792397 0
-0.205894824636735 1.269828423011376 0.1753315725382785 0
-0.1403223768570221 0.2560388125755308 0.1351623463987462 0
-0.1355316865982874 0.2666282658826965 0.1866694762739513 0
0.06565427334065488 1.047555897265514 0.04398319315539454 0
0.1304793281629149 1.005577707263548 0.06169633486131421 0
0.07880728569591236 1.29949033838783 0.1801099326793262 0
0.06389017629315651 1.338263488414549 0.1752898446254666 0
-0.1407966988848121 0.2625868142541374 0.169337891265428 0
-0.1733626979891195 1.005690905230599 0.005898037328775616 0
0.135813505912053 0.8980720881625835 0.07150129494266524 0
-0.06619750238675748 0.2627481402703517 0.1724290679870782 0
-0.2038169949501367 1.306803893623159 0.1823472015325226 0
-0.06113686603006725 0.259201371893972 0.1562768289208064 0
-0.06653866184348191 0.254827969522322 0.1385079901672738 0
-0.1458163486587513 0.2593477306987602 0.1525297901011799 0
0.1231598235031661 1.008496637669006 0.07937771290849875 0
0.08319985940418183 0.4740418017181099 0.01931537178048742 0
Triangles
0
Tetrahedra
7322
2325 1202 1120 1211 0
1516 2416 1849 1511 0
1105 1193 1074 1092 0
614 2454 2139 859 0
1070 2366 1010 1024 0
1042 1041 1100 1112 0
1333 2416 1552 1239 0
897 809 806 800 0
447 2029 512 2338 0
1906 1904 1902 1924 0
646 2238 729 2458 0
1145 1137 1208 1210 0
2139 1547 2089 2073 0
1118 859 1116 1547 0
833 1118 1547 859 0
577 694 684 552 0
2021 2023 1992 1939 0
1519 1525 1647 1513 0
1519 1605 1525 1523 0
1399 1707 1472 2324 0
1187 1352 1121 1328 0
1519 1447 1422 1523 0
610 384 295 597 0
2280 2230 2277 2138 0
2138 2280 2306 2199 0
1089 2294 1176 1094 0
2427 841 2216 1123 0
2372 1987 2044 1951 0
2421 913 739 993 0
1224 1151 1187 1221 0
121 2288 114 108 0
1031 2294 1089 1038 0
722 720 967 885 0
2416 1553 1552 1789 0
2271 2233 2386 1218 0
463 521 720 722 0
1986 1942 1977 1930 0
438 584 2264 2455 0
2444 1900 2460 1961 0
1519 1409 1422 1447 0
1637 1872 1728 1662 0
541 446 456 2265 0
135 2342 2288 122 0
1021 1070 1079 1073 0
1620 1561 2039 1603 0
2232 1102 2300 1184 0
2221 2356 2308 2229 0
1220 1185 1124 2300 0
1398 2041 1477 1423 0
2028 869 846 715 0
335 303 356 294 0
1046 1122 2402 1114 0
2421 985 990 734 0
897 806 809 928 0
1999 2027 1965 1969 0
1937 1982 1940 2009 0
1195 1193 1179 1304 0
2027 1965 2025 1999 0
1420 1234 1304 1429 0
1586 2324 2248 1472 0
1713 2302 1738 1687 0
562 551 665 582 0
986 1138 2096 911 0
436 439 516 2029 0
1195 1193 1105 1092 0
1146 1216 1225 2388 0
2357 2033 2264 2318 0
1345 1417 1411 2335 0
404 563 581 556 0
1468 1486 1240 2276 0
1903 1851 1895 1887 0
1673 2252 2405 1610 0
1783 1563 1832 1842 0
1319 1186 1194 1309 0
1197 1194 1186 1100 0
435 2035 465 585 0
1332 1178 1220 1290 0
1118 2254 1117 1547 0
921 2325 978 892 0
1547 2254 1111 2089 0
889 928 809 909 0
1466 2352 2298 1445 0
1631 1649 2376 1530 0
273 292 192 268 0
1701 2464 1700 1873 0
178 2342 236 188 0
2456 1234 1154 1171 0
2402 1102 1114 1190 0
1691 2398 2136 2141 0
486 696 879 700 0
2035 2222 2309 2301 0
2041 2367 2246 2312 0
2041 2231 2367 2312 0
1883 1701 1873 2050 0
1105 1101 1074 1193 0
1102 2300 1190 2402 0
2275 2040 2239 2349 0
266 244 257 262 0
1821 2467 2368 1839 0
2380 2040 2277 2353 0
1767 1766 1516 1849 0
2306 1068 1063 1003 0
1420 1304 1234 1294 0
2424 2359 1537 2258 0
2442 1962 1884 2044 0
1116 2254 1547 2073 0
2071 2091 1585 2092 0
2441 2044 1768 2372 0
996 882 977 2346 0
1319 1197 1186 1318 0
1208 1196 1125 1178 0
242 215 387 232 0
2344 1701 2398 2050 0
1535 1538 1338 1255 0
2242 2254 1116 2073 0
1563 1276 1311 1386 0
1411 1478 2450 1485 0
2243 2386 1492 1269 0
1880 1866 1888 1848 0
1674 2398 1691 1593 0
2396 2042 2370 2218 0
2466 1491 2284 1654 0
1373 1313 1609 1374 0
1165 1155 2367 1177 0
1308 1367 1264 1297 0
113 108 2315 122 0
739 2417 918 743 0
833 1547 825 2454 0
2358 435 425 576 0
443 550 579 560 0
2036 2254 2285 2242 0
1381 2340 1393 1359 0
1573 1619 1587 2208 0
437 444 2417 517 0
1526 1587 2224 1498 0
1233 2041 1226 1340 0
1352 1300 1187 1273 0
1564 1392 1521 1481 0
1880 1817 1866 1848 0
625 2295 591 2304 0
1613 2143 1506 1689 0
1937 1908 1980 2009 0
1270 1432 2450 1150 0
2080 2398 1763 1650 0
2376 1441 1522 1400 0
1237 1200 1222 1219 0
1092 1193 1074 1179 0
2377 1684 1676 1694 0
1528 1598 1545 1591 0
1177 2415 1200 1155 0
1585 1378 2263 1597 0
1090 2180 1175 1173 0
1029 2231 2415 1031 0
1047 963 1053 950 0
2356 308 314 355 0
1840 1648 1658 1534 0
1337 1343 1260 1505 0
1197 1100 1108 1194 0
1903 1887 1898 1851 0
1031 2415 1084 1086 0
1531 1528 1545 1591 0
1831 1866 1817 1813 0
1167 1221 1151 1224 0
1297 1388 1397 1367 0
139 319 278 260 0
1396 1389 1289 1273 0
2246 2367 2317 2115 0
769 761 661 654 0
2464 1689 1506 1696 0
2323 2423 1131 1133 0
2333 1369 2052 2163 0
2184 1228 2076 1149 0
646 706 2206 2047 0
1842 1799 1584 1868 0
1429 1392 1234 1267 0
2178 2196 2089 2036 0
2251 1111 2341 2089 0
2341 1111 2036 2089 0
2415 1082 1168 1166 0
1039 1015 1041 1092 0
2178 2146 2089 2196 0
2421 993 2417 737 0
2304 2116 731 2049 0
1394 1668 1470 1525 0
1396 1352 1300 1402 0
2268 2329 2461 2315 0
1036 1121 2366 1067 0
1204 1289 1300 1217 0
1021 1073 1013 1070 0
2076 1228 2333 1126 0
1195 1092 1105 1112 0
2076 1011 2077 1126 0
2459 2199 1099 1103 0
2415 1082 1029 1084 0
1411 1485 2335 1417 0
2134 1218 2386 2258 0
651 769 755 888 0
1245 1175 1181 2335 0
2099 894 773 2172 0
2128 670 894 2100 0
1560 1586 1693 2324 0
1352 1253 1121 2450 0
921 963 2325 892 0
113 102 239 2461 0
1924 2001 1975 2005 0
1448 1117 1118 2254 0
19 17 8 27 0
1767 1765 2416 1516 0
1003 1009 1035 1074 0
1986 2018 1977 1942 0
1115 2280 1182 1207 0
1612 2284 2466 1491 0
130 239 118 261 0
1927 1992 1939 1938 0
1612 2466 2368 1839 0
2237 1132 2219 2340 0
349 570 2447 410 0
1824 1845 1844 1670 0
1843 1870 1822 1881 0
1940 2012 1982 1983 0
2394 1771 2241 2290 0
2417 918 995 739 0
1461 1681 1662 1678 0
662 663 2190 872 0
2149 2121 607 316 0
2032 2132 2131 2111 0
1490 1554 1374 1609 0
1820 1727 1816 1510 0
2412 1757 1458 1747 0
150 111 278 195 0
2421 905 993 736 0
2255 971 1025 1007 0
1812 1623 1705 1648 0
41 20 38 59 0
931 992 2388 981 0
1118 2254 1547 1116 0
1843 1830 1794 1845 0
1317 1464 1452 1313 0
61 162 106 237 0
2317 1398 1129 2367 0
932 2366 957 1010 0
1238 1537 1331 1549 0
2097 1581 2037 1487 0
2340 1229 2219 1359 0
1314 1379 1280 1299 0
1308 1404 1397 1307 0
112 129 101 2472 0
1820 1750 1760 1535 0
2416 1850 1790 1789 0
2049 979 2323 986 0
739 913 918 995 0
1461 1554 1375 1374 0
1461 1662 1669 1637 0
1558 1824 1279 1569 0
1746 1623 1592 1641 0
2420 1060 978 2325 0
1291 2042 2396 1190 0
1892 1869 1835 1891 0
2066 2171 1688 1700 0
2171 1739 2445 1700 0
1892 1871 1891 1806 0
1808 1500 1337 1505 0
2398 2423 2080 1356 0
2068 2295 580 632 0
612 586 2295 2154 0
2376 1735 1474 1522 0
950 969 1053 944 0
773 2161 706 2250 0
1808 1542 1550 1755 0
1728 1822 1894 1807 0
1097 2384 1054 2256 0
1496 1692 1370 1504 0
1519 1647 1525 1605 0
1746 1752 1705 1641 0
1712 1500 1796 1808 0
2394 1543 2241 1771 0
1313 1311 1583 1569 0
1609 1869 1690 1583 0
1317 1489 1464 1313 0
746 791 868 814 0
872 663 763 727 0
1842 1868 1584 1844 0
42 52 1 5 0
1655 1607 1450 1502 0
1901 1860 1654 1780 0
1823 1612 1773 1576 0
1511 1849 1766 1847 0
1956 1959 1992 1927 0
1609 1311 1313 1373 0
1714 2257 2412 1747 0
1609 1583 1311 1584 0
1726 1605 1647 1627 0
2072 1565 2382 1475 0
566 571 2455 703 0
1461 1554 1637 1465 0
792 643 727 766 0
2004 1999 1969 2027 0
2271 2477 2381 1785 0
1746 1522 1592 1735 0
633 793 643 727 0
2120 2454 2167 594 0
1026 2231 888 2415 0
1690 1845 1670 1844 0
1158 2415 1075 888 0
2415 1029 1082 1026 0
1863 1877 1897 1780 0
2369 1849 1847 1787 0
1746 1705 1623 1641 0
678 687 764 680 0
1924 1933 2005 1978 0
1986 1942 1926 1939 0
1746 1641 1592 1522 0
1752 1641 1582 1703 0
1826 1648 1784 1801 0
1935 1972 1944 1943 0
687 574 696 811 0
1991 1926 1939 1986 0
1953 1986 1926 1991 0
2243 1852 1758 2386 0
2000 1972 1977 1943 0
1996 1966 1990 1967 0
1690 1869 1870 1845 0
257 378 262 252 0
1960 2017 2019 1934 0
1986 1926 1942 1930 0
1988 2020 2017 2022 0
1883 2082 1624 1736 0
2304 591 691 2032 0
1074 1035 1101 1039 0
1240 1486 1254 2276 0
1356 2398 1763 2080 0
2097 2037 1581 2286 0
1753 1514 2422 1517 0
1338 1342 1510 1257 0
2384 2230 2040 2277 0
796 871 2385 784 0
2277 2040 2223 2230 0
2230 2311 2040 2223 0
2417 919 742 910 0
587 649 505 616 0
1267 1288 1436 1415 0
1886 1658 1780 1654 0
897 927 806 928 0
449 429 491 419 0
1728 1894 1892 1872 0
2135 1763 1691 1805 0
531 460 463 728 0
1998 1965 1999 2025 0
1988 2015 1931 2017 0
1906 1924 2005 1904 0
436 2421 2417 510 0
287 279 321 494 0
2276 1495 1777 1486 0
1254 1486 1495 2276 0
2369 1849 1787 1790 0
1399 1707 2324 1455 0
1333 1239 1552 1336 0
59 57 64 38 0
1915 1940 1945 2043 0
1974 2006 2010 2008 0
509 439 2029 512 0
1807 1874 1894 1872 0
2462 2029 447 2338 0
476 2028 451 486 0
903 778 899 763 0
428 561 430 633 0
1690 1794 1845 1870 0
1922 1906 1973 1919 0
1935 1977 1948 1972 0
1906 1933 2005 1924 0
1297 1264 1284 1367 0
5 31 1 9 0
1910 1979 2009 1940 0
662 772 663 872 0
437 516 517 2417 0
437 513 2417 524 0
419 409 406 589 0
2373 752 648 754 0
707 811 846 554 0
662 826 772 872 0
406 409 564 589 0
590 555 552 405 0
586 612 2295 2182 0
2031 1025 1044 2307 0
860 941 834 974 0
300 286 2404 221 0
255 263 234 246 0
453 419 601 451 0
527 460 2407 458 0
926 898 2028 935 0
2407 460 972 520 0
663 872 772 727 0
772 875 872 826 0
772 794 727 872 0
511 2028 716 714 0
297 2308 2064 2221 0
751 2417 934 919 0
2407 980 887 972 0
772 872 875 794 0
595 616 587 505 0
223 360 248 138 0
2028 719 869 715 0
1807 1894 1881 1822 0
902 985 2457 2428 0
1386 1584 1311 1563 0
1690 1794 1769 1845 0
738 2421 2029 907 0
35 11 32 60 0
1277 1279 1569 1452 0
1516 1766 1511 1849 0
2394 1255 1347 1250 0
1257 1342 1507 1259 0
2271 1854 1852 2272 0
1314 1379 1382 1280 0
2376 1361 1234 1429 0
851 856 965 962 0
1461 1637 1554 1490 0
403 590 552 405 0
1197 1100 1195 1112 0
625 514 2295 580 0
64 29 49 34 0
66 49 54 34 0
44 25 19 36 0
52 5 21 31 0
44 25 51 65 0
555 674 679 694 0
346 379 418 2455 0
354 369 278 319 0
61 77 237 205 0
44 25 36 51 0
123 330 195 223 0
862 1012 916 2237 0
5 17 6 3 0
12 56 37 57 0
859 1547 2073 1116 0
89 123 155 111 0
1458 1440 2412 1747 0
1637 1807 1728 1872 0
859 829 1116 2073 0
1163 1075 1158 1166 0
731 713 2304 625 0
1688 2372 1768 1921 0
1224 1121 1187 1151 0
203 249 254 503 0
957 2366 956 1028 0
1128 1149 2077 1126 0
610 2069 656 597 0
1117 2254 1111 1547 0
927 912 801 925 0
1020 1117 1111 1547 0
139 211 319 260 0
262 244 233 212 0
1308 1367 1397 1423 0
1028 2366 1081 1024 0
1145 1057 1137 1142 0
1053 1056 969 2420 0
2238 2154 658 729 0
1167 2366 1067 1070 0
1297 1367 1284 1388 0
2222 2035 482 380 0
1685 1647 1605 1588 0
767 1067 1036 2373 0
545 647 2034 651 0
55 74 32 53 0
105 123 138 167 0
767 1036 599 2373 0
256 277 2244 232 0
327 389 356 335 0
1944 1990 1972 1981 0
1335 1326 1290 1412 0
1957 2017 1960 1934 0
2069 2051 656 642 0
1158 1200 1222 2415 0
1222 2415 1226 1168 0
1158 1200 1215 1219 0
213 249 254 203 0
665 650 767 599 0
372 366 2034 421 0
1531 1591 1545 1398 0
2376 1361 1429 1530 0
293 257 378 262 0
2466 1893 1896 1775 0
2319 837 2231 740 0
2254 2089 2036 1111 0
2178 2089 2341 2036 0
2178 2251 2341 2089 0
2089 2270 2251 1111 0
2089 1547 2270 1111 0
115 125 146 127 0
349 282 2447 362 0
1051 1059 1143 1057 0
1195 1179 1193 1092 0
819 2096 911 2304 0
124 85 76 100 0
2250 2304 2096 819 0
2304 2323 2250 2096 0
1249 1201 1398 2041 0
2330 1138 2096 2323 0
1258 1275 1184 2042 0
928 1018 2306 1035 0
450 2345 2320 536 0
450 2320 2345 2255 0
70 76 73 109 0
498 373 377 433 0
897 806 927 912 0
925 798 920 801 0
2224 1445 1426 1366 0
2232 2331 2042 2313 0
1124 2300 1178 1220 0
718 2035 2222 2269 0
324 2318 269 250 0
703 566 692 705 0
1098 2331 1184 1102 0
285 386 356 325 0
2456 1154 1074 1171 0
1027 1026 888 2415 0
2396 2300 1185 1220 0
1098 1045 1043 2331 0
1398 2041 1308 1249 0
688 556 702 563 0
404 581 431 408 0
344 425 568 350 0
592 2035 604 718 0
1335 1205 1196 1326 0
796 809 692 807 0
1730 1655 1502 1699 0
796 807 889 809 0
1275 2042 1414 1291 0
262 244 257 233 0
189 2244 215 182 0
144 157 185 2339 0
1497 1442 1444 1567 0
2054 2146 508 630 0
2054 2146 630 2196 0
1497 1570 1444 1556 0
508 630 2146 2326 0
630 2178 2146 2326 0
630 2196 2146 2178 0
1052 1145 1057 1143 0
1875 1818 1896 1898 0
1817 1776 1742 1831 0
1444 1442 1497 1412 0
1335 1435 1326 1412 0
1615 1628 2392 1718 0
1497 1567 1444 1570 0
1249 2041 1308 1237 0
1567 1570 1607 1664 0
1567 1607 1655 1664 0
1887 1818 1865 1898 0
1607 1664 1646 1699 0
1731 1664 1751 1699 0
1497 1412 1435 1444 0
1497 1444 1435 1556 0
1811 1829 1865 1818 0
802 2440 2400 2332 0
1730 1576 1773 1699 0
1823 1751 1773 1829 0
1861 1823 1612 1818 0
1564 1436 1439 1415 0
537 774 2031 771 0
1812 1548 1720 1735 0
1773 1829 1811 1818 0
1512 1529 2392 1628 0
1564 1392 1436 1415 0
1423 1463 1397 1404 0
1730 1502 1576 1699 0
1731 1699 1646 1664 0
1831 1776 1742 1705 0
939 1051 974 941 0
2064 2138 2033 2221 0
1880 1866 1817 1831 0
1744 1773 1730 1823 0
1863 1886 1780 1897 0
494 2308 795 503 0
785 494 2308 795 0
2244 2308 503 795 0
859 1547 2139 2073 0
859 686 829 2139 0
1812 1720 1548 1801 0
859 829 2073 2139 0
1431 1288 1415 1439 0
1851 1898 1818 1887 0
1880 1848 1877 1817 0
2089 2139 2146 2270 0
2054 2146 2196 2139 0
1831 1776 1813 1817 0
2178 2146 2251 2089 0
1210 1335 1196 1332 0
2196 2139 2146 2089 0
1555 1481 1392 1564 0
1899 1895 1860 1888 0
1752 1703 1705 1641 0
1831 1705 1742 1825 0
1752 1617 1582 1746 0
1831 1752 1813 1776 0
1823 1818 1875 1829 0
2347 2247 2194 1455 0
1812 1548 1623 1648 0
2194 2387 1455 2247 0
1746 1623 1705 1735 0
1813 1734 1776 1752 0
879 811 868 746 0
1825 1735 1746 1705 0
1877 1817 1848 1780 0
1901 1898 1851 1903 0
1946 1964 1981 1952 0
1105 1092 1074 1039 0
1752 1617 1663 1653 0
2408 2040 2371 2375 0
1050 2402 1119 994 0
1207 1292 1361 2376 0
1863 1742 1780 1658 0
1880 1831 1817 1877 0
1112 1041 1092 1105 0
1042 1032 1041 925 0
925 920 798 924 0
1318 1195 1197 1186 0
1304 1193 1179 1171 0
1925 1688 2441 1884 0
1897 1877 1899 1848 0
801 674 804 679 0
1431 1439 1309 1288 0
1197 1113 1100 1112 0
1041 1039 1092 1105 0
2376 1234 1361 1207 0
801 804 912 806 0
798 923 920 799 0
323 2301 368 309 0
555 590 552 694 0
496 504 2222 390 0
2081 1141 2076 1149 0
1615 2392 1704 1718 0
1645 1655 1502 1730 0
1196 1332 1178 1208 0
1210 1137 1196 1205 0
2404 221 209 168 0
1332 1412 1442 1444 0
796 2385 871 889 0
577 552 684 557 0
1042 1100 1032 1040 0
1101 1074 2456 1068 0
1041 1100 1032 1042 0
798 920 923 924 0
2306 909 889 807 0
1318 1179 1304 1195 0
1319 1288 1186 1309 0
1003 1035 1068 1074 0
1193 1074 2456 1101 0
1752 1703 1734 1776 0
1223 1341 1334 1286 0
1127 1125 1059 1119 0
1319 1194 1186 1197 0
1286 1263 1181 1329 0
1195 1092 1186 1179 0
685 813 812 702 0
725 813 702 823 0
2456 1068 1074 1154 0
1335 1412 1444 1435 0
1052 1055 1057 1145 0
1050 982 994 1119 0
504 2222 390 400 0
1208 1125 1143 1127 0
1208 1178 1324 1332 0
1332 1335 1412 1444 0
1143 1208 1145 1137 0
1335 1326 1196 1290 0
725 823 834 813 0
1050 974 982 1059 0
2277 2040 2252 2223 0
1052 1143 1057 1051 0
2396 1324 1203 1178 0
834 974 939 966 0
966 1052 943 1055 0
1210 1137 1205 1142 0
375 292 272 315 0
581 556 563 702 0
1897 1848 1899 1860 0
2319 2231 2034 740 0
1137 1196 1125 1208 0
1210 1332 1196 1208 0
1145 1137 1210 1142 0
1208 1324 1178 1203 0
1210 1208 1196 1137 0
1332 1196 1178 1290 0
1143 1057 1059 1137 0
1210 1205 1196 1335 0
1127 2402 1119 1050 0
1203 1178 1125 1119 0
1145 1055 1057 1142 0
1039 1009 1015 1074 0
1332 1196 1290 1335 0
1208 1125 1203 1178 0
1124 1119 1178 1203 0
1329 1181 2180 1263 0
1122 1050 2402 1127 0
1143 1137 1145 1057 0
567 502 568 782 0
1050 982 1119 1059 0
293 287 257 296 0
966 938 943 1052 0
1051 1057 974 1059 0
1127 1143 1051 1059 0
1050 2402 1048 1122 0
1050 1059 1051 974 0
1361 2376 1292 1441 0
2281 820 2035 704 0
1306 1203 1198 2396 0
2396 2042 2218 2300 0
698 585 2358 576 0
698 585 704 2358 0
1105 1074 1101 1039 0
897 1003 1009 928 0
2456 1171 1074 1193 0
2300 1124 1178 1203 0
2300 1190 2402 1198 0
824 2269 718 828 0
1127 1059 1051 1050 0
941 942 1050 982 0
1127 1119 1059 1050 0
832 2294 837 952 0
1620 1574 2039 1561 0
2145 2222 2309 2269 0
2294 2319 2145 2269 0
2396 1178 1203 2300 0
1179 1171 1193 1074 0
1441 2376 1292 1400 0
1564 1663 1521 1568 0
1645 1450 2392 1502 0
897 804 806 912 0
1042 1100 1040 1108 0
1318 1179 1195 1186 0
1267 1436 1392 1415 0
1564 1521 1415 1568 0
1568 1415 1439 1431 0
2331 1258 1180 1184 0
1172 2224 1233 1174 0
1112 1092 1041 1100 0
1429 1304 1267 1234 0
1184 2300 2042 1190 0
1184 1275 1190 2042 0
1429 1436 1392 1267 0
1184 1102 2300 1190 0
1258 2331 2042 1184 0
2224 1233 1174 1176 0
2339 247 231 309 0
1190 2042 2396 2300 0
823 938 966 939 0
1423 1388 1397 1453 0
1102 2402 1114 1046 0
2266 2336 2277 2199 0
1643 1432 2039 1270 0
1021 1019 1013 1073 0
1555 1481 1441 1361 0
1039 1092 1074 1015 0
1352 1402 2450 1328 0
1568 1431 1559 1415 0
2353 2371 2040 2384 0
1474 2380 1454 1548 0
1596 1544 1603 1432 0
1825 1735 1705 1812 0
1158 1200 2415 1155 0
1853 2284 1864 1882 0
2147 2243 1269 1218 0
2147 2262 1230 2243 0
2371 1418 1271 1156 0
1506 2191 2418 2333 0
2191 1506 2219 2333 0
323 380 368 2301 0
2218 2042 2370 2291 0
1226 2041 1233 1172 0
1316 1300 1352 1402 0
1018 1016 2459 1099 0
1481 1441 1582 1649 0
1831 1705 1825 1746 0
2456 1207 1154 1234 0
1911 1968 1951 2044 0
1429 1361 1234 1392 0
1304 1436 1267 1318 0
1294 1171 1304 1234 0
1294 1171 2456 1193 0
785 2401 2308 494 0
1564 1415 1521 1392 0
1436 1288 1439 1415 0
1439 1319 1288 1318 0
1267 1304 1318 1179 0
1267 1318 1288 1179 0
1267 1171 1234 1304 0
1267 1179 1171 1304 0
1657 1481 1582 1649 0
1564 1415 1439 1568 0
1826 1801 1840 1648 0
2376 1441 1361 1530 0
1420 1530 2376 1429 0
1294 1171 1193 1304 0
2400 2230 2280 2138 0
2038 1188 1294 2456 0
1188 2456 1193 1294 0
2038 1099 1189 1101 0
2038 1191 1189 1099 0
2107 1611 1642 2061 0
2199 2353 2336 2277 0
1649 1441 1530 1555 0
1657 1555 1481 1649 0
1555 1361 1392 1481 0
1555 1361 1530 1429 0
1863 1658 1780 1886 0
1657 1521 1663 1617 0
1663 1521 1653 1617 0
2239 2413 2040 2252 0
1555 1530 1361 1441 0
1899 1888 1848 1880 0
1568 1521 1415 1559 0
2466 1893 1775 1654 0
1663 1653 1521 1559 0
1657 1617 1481 1521 0
1568 1559 1663 1521 0
1752 1617 1703 1582 0
1657 1582 1481 1617 0
1897 1848 1780 1877 0
1897 1860 1780 1848 0
1746 1617 1582 1657 0
1840 1886 1658 1863 0
1649 1522 1441 1582 0
1555 1392 1361 1429 0
1555 1436 1392 1429 0
1555 1392 1436 1564 0
2278 2175 896 667 0
1657 1481 1564 1521 0
1645 1628 1718 2392 0
2175 2240 881 1130 0
667 896 881 2175 0
1746 1663 1617 1657 0
1831 1776 1705 1752 0
2175 2240 1130 2194 0
1831 1825 1742 1877 0
1649 1441 1555 1481 0
1657 1564 1481 1555 0
1746 1641 1582 1752 0
1839 1779 2467 1797 0
2278 2194 896 2175 0
1831 1746 1752 1705 0
1592 1623 1735 1548 0
1592 1735 1540 1548 0
1752 1703 1617 1734 0
1752 1663 1617 1746 0
1812 1548 1648 1801 0
1752 1776 1705 1703 0
1899 1888 1860 1848 0
1899 1877 1880 1848 0
1752 1653 1734 1617 0
1623 1705 1735 1812 0
1735 1582 1522 1649 0
1735 1649 1657 1582 0
1746 1522 1735 1582 0
1909 1907 1937 1910 0
1369 1506 2333 1613 0
2444 2378 1961 2460 0
388 452 399 330 0
1688 1768 2056 1921 0
610 597 656 384 0
1925 2476 1955 2445 0
1911 2044 1917 1968 0
1925 1688 2445 1955 0
2405 2039 1589 1501 0
2263 1642 1383 2151 0
1746 1657 1582 1735 0
2002 1984 2044 2001 0
1746 1522 1582 1641 0
1749 1792 1827 2239 0
1878 1886 1658 1840 0
1629 1443 1270 1675 0
1680 2042 2174 2275 0
1826 1534 1648 1840 0
2168 2345 2152 759 0
1864 1882 2284 1878 0
748 930 2152 2345 0
1529 1557 1450 1645 0
1529 1287 1433 2396 0
1590 1527 1596 1532 0
644 658 2154 586 0
2154 922 2181 970 0
1659 1443 1601 1595 0
644 658 2238 2154 0
2238 922 2181 2154 0
1730 1502 2392 1576 0
2467 1839 1810 1612 0
1885 1896 2466 1893 0
1443 1660 1599 1398 0
1567 1607 1557 1655 0
1823 1773 1612 1818 0
1903 1860 1901 1899 0
1744 1699 1751 1664 0
1861 1839 1612 1810 0
1645 1502 2392 1730 0
1896 1851 1818 1775 0
1901 1860 1897 1899 0
1861 1818 1775 1896 0
1879 1818 1875 1898 0
1853 1876 2466 1882 0
1878 1658 1654 1534 0
1896 1901 1775 1893 0
1896 1775 1901 1851 0
1896 1898 1851 1901 0
1744 1664 1655 1699 0
1730 1699 1744 1655 0
1576 1612 2467 1810 0
1021 1070 1024 1079 0
2041 1340 1410 1322 0
2239 2174 2040 2275 0
2174 2218 2275 2042 0
1823 1773 1751 1744 0
1529 1433 1287 1450 0
2231 2224 1172 1174 0
1450 1433 1287 1497 0
1160 1215 1219 1158 0
1557 1442 1433 1497 0
1557 1497 1567 1442 0
1704 1680 2291 1615 0
1167 1151 1070 1067 0
1233 1340 1354 2041 0
2298 2042 1258 2331 0
1075 1078 1027 1080 0
1177 1222 2415 2041 0
1545 1477 1463 1528 0
2230 2064 297 2311 0
2189 857 1093 838 0
1093 857 2189 1091 0
1270 2317 1443 1104 0
1075 1166 1080 2415 0
1485 1430 2335 1417 0
1398 1598 1545 2452 0
1710 1715 2302 1738 0
1168 1226 1172 2415 0
2160 1123 2234 1083 0
1163 1158 1219 1166 0
1237 1222 1200 1212 0
1249 1212 2041 1237 0
1165 2041 1398 1201 0
2452 1644 1666 2377 0
2234 2160 1083 1330 0
1221 1204 1151 1187 0
1430 1485 2335 1501 0
1580 1622 1652 1608 0
2041 1307 1404 1308 0
1249 1212 1201 2041 0
1029 2415 1084 1031 0
1580 1591 1578 1531 0
1423 1453 1397 1463 0
1086 2231 1172 1089 0
1308 1404 1423 1397 0
2415 1172 1168 1084 0
2434 2345 975 536 0
651 755 647 2034 0
1089 1172 1174 2231 0
1106 1209 1440 1107 0
1089 2231 1174 2294 0
1166 1080 2415 1082 0
2298 1385 1258 2042 0
1366 1385 2298 1445 0
2331 1098 1184 1180 0
285 320 386 325 0
1599 1656 1626 1652 0
2041 1477 1463 1545 0
372 421 2034 432 0
2041 1404 1322 1410 0
2224 1176 1244 1233 0
2224 1366 1233 1244 0
2224 1366 1354 1233 0
1021 1013 1010 1070 0
1307 1322 2041 1404 0
189 215 503 342 0
1423 2041 1463 1404 0
2041 1410 1484 1476 0
2041 1410 1416 1484 0
2041 1484 1416 1426 0
2041 1426 1416 1354 0
2041 1416 1340 1354 0
2041 1498 1484 1426 0
2041 1587 1573 1484 0
2041 1498 1587 1484 0
2452 2208 1573 2041 0
1399 1487 2215 1315 0
1396 1289 1300 1273 0
1308 1307 1237 2041 0
2041 1484 1562 1476 0
2208 1619 1587 1633 0
2208 1602 1671 1587 0
2208 1587 1526 1602 0
2367 1096 1155 1165 0
206 249 253 222 0
932 847 947 848 0
1463 1545 1476 2041 0
2041 2208 1587 2224 0
2041 1484 1573 1562 0
2224 2208 1587 1526 0
2041 1340 1416 1410 0
1226 1322 1340 2041 0
2415 2041 1222 1226 0
1174 2224 1176 2294 0
1167 1151 1121 1224 0
2224 1426 1354 1366 0
2224 1426 1526 1498 0
1023 1027 1080 1026 0
1027 1080 1022 1023 0
888 636 2034 712 0
2415 1080 1027 1026 0
288 353 2222 307 0
1177 1212 2041 1201 0
1075 2415 1027 888 0
1027 1078 1022 1080 0
1075 1027 2415 1080 0
1160 1163 1158 1219 0
1163 1075 1166 1080 0
2415 1082 1080 1026 0
1222 1166 2415 1168 0
769 666 654 661 0
630 2197 2178 2189 0
845 856 960 888 0
2415 1065 1096 2367 0
2231 1029 2415 1026 0
2189 2197 2178 2261 0
1222 1166 1158 2415 0
2196 2249 2178 2197 0
1580 1608 1652 1626 0
1155 1158 888 2415 0
1212 1222 1200 1177 0
1237 1222 2041 1307 0
1212 2041 1222 1177 0
843 888 960 2231 0
1599 1652 1660 1656 0
255 317 290 294 0
1322 1222 2041 1226 0
1307 1322 1222 2041 0
1599 1626 1580 1652 0
1155 1177 2415 2367 0
1177 1222 1200 2415 0
1160 1075 1163 1078 0
1219 1200 1222 1158 0
1219 1166 1158 1222 0
1219 1215 1264 1200 0
1219 1264 1215 1284 0
1219 1284 1297 1264 0
1160 1163 1075 1158 0
1163 1078 1075 1080 0
1531 1528 1477 1545 0
2367 2041 1165 1177 0
762 847 767 757 0
1423 1388 1367 1397 0
1221 1300 1204 1187 0
1423 1453 1463 1477 0
322 328 339 359 0
1574 1589 2039 1485 0
1165 2041 1201 1177 0
1430 1345 2335 1417 0
1604 1619 1562 2452 0
1398 1598 1591 1545 0
2345 930 2165 1007 0
1316 1300 1187 1352 0
2152 930 2165 2345 0
2377 1702 1684 1694 0
1167 1164 1151 1221 0
2041 2415 1172 1226 0
1443 1660 1398 2452 0
1167 1067 1121 1151 0
1581 1636 2305 2354 0
2303 2354 2305 1636 0
1508 1528 1463 1477 0
1636 2249 2305 2303 0
2266 2252 2159 2277 0
322 339 328 306 0
843 845 888 755 0
288 2074 240 256 0
2367 1096 1165 1129 0
1245 2335 1173 1175 0
1060 1140 1034 2325 0
1224 1227 1328 1121 0
2325 1282 1293 1191 0
1316 1352 1187 1328 0
472 600 502 416 0
2335 1263 1181 1245 0
1224 1187 1316 1221 0
1079 1077 1073 1164 0
2278 896 668 667 0
1443 1672 1656 1660 0
1443 1660 2377 1672 0
1293 2325 1191 2199 0
2452 1619 1573 2208 0
1667 1695 2377 1687 0
1467 1396 1352 1376 0
1423 1404 1308 2041 0
1396 1389 1273 1376 0
1237 2041 1222 1212 0
1021 1073 1079 1077 0
1111 2251 1106 1014 0
1111 1209 1106 2341 0
1111 2251 2341 1106 0
1660 1672 1676 2377 0
1398 1477 1545 1531 0
1308 1307 1397 1297 0
2452 1545 1562 1604 0
1544 1460 1467 1427 0
1508 1463 1453 1477 0
2274 2317 2039 1270 0
1545 1476 2041 1562 0
1580 1660 1652 1622 0
1237 1297 1264 1219 0
1237 1297 1219 1307 0
1237 1307 1219 1222 0
1237 1200 1219 1264 0
1308 1367 1297 1397 0
1308 1297 1237 1307 0
1601 1656 1599 1443 0
1463 1476 1404 2041 0
1308 1297 1264 1237 0
1398 1423 1308 2041 0
1580 1578 1591 1608 0
1477 2041 1463 1423 0
1580 1622 1591 1598 0
1580 1398 1591 1531 0
2452 1545 2041 1562 0
1580 1622 1598 1630 0
322 296 306 328 0
1460 1376 1396 1467 0
1398 1545 1477 2041 0
1531 1477 1528 1508 0
1531 1508 1528 1578 0
1531 1591 1578 1528 0
1599 1660 1652 1580 0
1580 1622 1608 1591 0
1599 1656 1632 1626 0
2328 686 2216 618 0
1601 1656 1632 1599 0
1675 1672 2377 1684 0
2328 2216 2192 618 0
1443 1599 1660 1656 0
2377 1676 1644 1694 0
2452 1644 1604 1619 0
1443 2452 2377 1660 0
2452 1644 1619 1666 0
748 2345 2152 2168 0
1164 1157 1159 1073 0
748 528 2345 2168 0
1398 1598 1630 1580 0
2452 1630 1598 1604 0
1398 1591 1598 1580 0
1398 2452 1660 1630 0
1398 1630 1660 1580 0
1398 1580 1660 1599 0
1398 2452 1630 1598 0
874 858 2181 915 0
376 381 475 389 0
2340 1136 1242 1232 0
1411 1402 1328 2450 0
1485 2039 2450 2335 0
1396 1376 1273 1352 0
1629 1270 1443 1595 0
1687 1620 2039 1667 0
1187 1221 1300 1316 0
1643 1675 2377 1695 0
1651 1595 1601 1625 0
1544 1480 1427 1253 0
376 475 372 389 0
1673 2039 1635 1589 0
1315 1357 2261 1093 0
1315 1093 2261 1091 0
1916 1947 1941 2043 0
1396 1273 1300 1352 0
1204 1300 1273 1187 0
1364 1334 1223 1341 0
464 484 397 445 0
1937 2009 1980 1982 0
1021 1010 1024 1070 0
1256 1091 1315 2215 0
1819 1639 1729 1670 0
1520 1523 1519 1422 0
1164 1151 1157 1070 0
2373 754 648 650 0
1991 1939 1926 1927 0
697 970 777 984 0
1221 1300 1217 1204 0
1221 1217 1159 1157 0
1221 1204 1157 1151 0
1221 1157 1159 1164 0
1079 1081 1070 1024 0
2335 2039 2450 2322 0
1070 2366 1067 1010 0
1204 1300 1289 1273 0
1221 1157 1204 1217 0
1221 1151 1157 1164 0
639 2047 641 706 0
2220 648 752 640 0
1034 2325 1140 1095 0
2373 844 957 842 0
2366 1085 1169 1173 0
1083 2170 829 2177 0
1083 829 2170 2073 0
1021 1077 1019 1073 0
1167 1070 1151 1164 0
2054 614 2139 686 0
508 2054 614 2146 0
2054 614 2146 2139 0
1621 1606 1595 1625 0
1544 1427 1527 1460 0
1643 2039 1432 1603 0
767 1067 2373 932 0
844 2373 957 932 0
2325 1103 1191 2199 0
2366 1024 1070 1081 0
849 962 856 851 0
1202 1211 1341 1303 0
1164 1070 1073 1079 0
1167 1070 1079 1081 0
1544 1253 1427 1352 0
1164 1157 1073 1070 0
1028 1085 1081 2366 0
1510 1342 1507 1257 0
2335 1345 1231 1227 0
1286 1181 1206 1140 0
1164 1159 1077 1073 0
2159 2277 2252 2223 0
1173 1169 2366 1227 0
1700 1739 2464 1506 0
1224 1187 1328 1316 0
1173 1231 1227 2335 0
2314 1777 1778 1856 0
2366 1085 1081 1169 0
1167 1079 1070 1164 0
1527 1427 1456 1460 0
1359 1229 1242 2340 0
1544 1427 1480 1527 0
1224 1328 1187 1121 0
1202 1341 1282 1303 0
921 2325 963 1047 0
1713 2252 1673 1708 0
1485 2039 1501 1589 0
1460 1376 1456 1389 0
2031 533 2350 454 0
1635 1620 2039 1687 0
1443 2377 2317 1270 0
2377 1702 1715 1695 0
1561 2450 1253 1478 0
1590 1577 1527 1532 0
1667 1687 2377 2039 0
2450 2274 2039 1270 0
1167 1081 2366 1070 0
1236 2257 1161 1183 0
1329 1293 1413 2199 0
957 2366 2373 956 0
494 2397 2308 503 0
2367 1129 2317 2115 0
1270 2317 1104 2274 0
1270 2039 2377 2317 0
2041 1573 1587 2208 0
2223 2174 2040 2239 0
2039 2302 1687 2377 0
1667 1695 1643 2377 0
1675 2377 1672 1443 0
2177 2196 686 630 0
2177 2196 630 2197 0
1838 1765 1753 2422 0
1635 1589 2039 1620 0
1352 2450 1402 1478 0
1629 1643 1432 1603 0
1485 2450 1411 2335 0
1561 2039 1432 2450 0
1328 1352 1402 1316 0
1253 2450 1432 1150 0
2333 1475 1408 2095 0
1485 2039 2335 1501 0
2325 1095 1181 1140 0
2325 2180 2159 1329 0
1211 1216 1364 1323 0
1228 2333 1126 1225 0
1225 1323 1377 1216 0
1135 1053 1120 2420 0
1478 2039 1561 2450 0
1460 1467 1427 1376 0
1643 1270 2377 1675 0
1467 1402 1352 1396 0
1411 1328 1345 2335 0
1629 1595 1443 1659 0
1527 1509 1456 1427 0
1460 1389 1396 1376 0
1561 1432 1544 1253 0
1527 1509 1427 1480 0
1467 1544 1352 1478 0
1467 1352 1427 1376 0
1467 1352 1544 1427 0
1673 2405 1589 1610 0
1460 1456 1376 1427 0
1596 1579 1532 1432 0
1651 1601 1632 1625 0
1552 2422 2416 1788 0
1603 1432 1561 2039 0
1527 1532 1509 1480 0
1527 1577 1509 1532 0
1603 1544 1561 1432 0
1590 1577 1579 1606 0
1544 1432 1480 1253 0
1544 1532 1480 1432 0
1544 1480 1532 1527 0
1651 1656 1632 1601 0
1596 1527 1544 1532 0
1590 1579 1577 1532 0
1675 2377 1443 1270 0
1651 1656 1601 1659 0
1596 1432 1532 1544 0
1561 1485 2039 1478 0
1561 2039 1485 1574 0
1643 1675 1629 1270 0
1667 2039 2377 1643 0
1543 2399 2292 1344 0
1710 2377 1715 1695 0
1695 1702 1684 2377 0
1906 1905 1933 1924 0
2294 2331 2312 2224 0
1659 1672 1656 1443 0
2312 2269 2331 2294 0
2243 1758 1852 2236 0
1629 1659 1621 1595 0
1621 1625 1595 1651 0
1629 1675 1659 1443 0
1651 1601 1595 1659 0
1621 1659 1651 1595 0
1643 1270 1629 1432 0
1621 1579 1606 1590 0
1603 1596 1432 1629 0
1621 1606 1579 1595 0
1672 1443 1659 1675 0
1667 1620 2039 1643 0
1643 2039 1603 1620 0
1560 1586 2398 1624 0
1788 2416 1850 1846 0
1973 2001 2005 2007 0
2055 1611 1693 1707 0
1910 2009 1937 1940 0
2252 2223 2040 2239 0
1624 1701 1665 2082 0
1296 1283 1230 2409 0
2412 1747 1440 1714 0
1834 2290 1771 2394 0
531 732 460 728 0
1482 1764 1479 2412 0
732 460 2407 527 0
2412 1757 1479 1458 0
531 460 732 527 0
1552 1788 2416 1789 0
1951 1987 2044 2002 0
2416 1789 1788 1850 0
543 779 797 2265 0
2037 2261 2303 2249 0
1988 1931 1934 2017 0
1236 2412 1479 1458 0
1510 1727 1816 1724 0
1333 1239 1331 1549 0
1753 1765 1517 2422 0
1723 1794 1870 1822 0
2416 1850 1849 1790 0
2369 1790 1787 1537 0
1549 1239 1331 1238 0
1336 1241 1239 1552 0
1259 1505 1343 1507 0
1511 1847 2369 1849 0
1461 1678 1662 1459 0
1499 2409 1283 1511 0
1767 2416 1849 1516 0
1511 2369 1847 2409 0
1333 1549 2416 1239 0
1761 1854 1856 2327 0
1611 1642 2151 1707 0
1867 1757 2257 1747 0
1537 1790 1549 2369 0
1586 2398 1624 1674 0
790 2189 744 838 0
838 857 790 2189 0
1586 1593 2398 1674 0
1302 1650 1262 2423 0
622 575 487 422 0
575 422 622 669 0
572 2351 422 669 0
2398 1593 1586 2360 0
2323 2191 2250 2330 0
1482 1483 2257 1247 0
90 66 71 59 0
1838 1846 2422 1781 0
2183 894 1088 867 0
2191 2340 1506 2344 0
2258 1785 1852 2386 0
2412 1757 1764 1479 0
330 360 407 452 0
1238 1312 1537 1230 0
2257 1856 1762 1859 0
2257 2327 1761 1856 0
2257 1762 1856 1761 0
1262 1133 2423 1134 0
1482 1762 2257 1483 0
1247 1251 1483 2257 0
2416 1790 1553 1789 0
2416 2369 1296 1238 0
1262 1302 2423 1133 0
774 779 541 1000 0
98 62 87 136 0
2206 896 922 2458 0
652 657 2057 819 0
610 652 607 657 0
1524 1785 2359 2258 0
2268 2173 2033 2213 0
2033 2173 2221 2213 0
205 136 77 237 0
2314 2276 1254 1495 0
1107 1209 1428 2341 0
1238 1331 1537 1312 0
1296 1238 2369 1230 0
1511 1847 1766 1759 0
686 614 2139 859 0
1511 1759 2409 1847 0
2416 1549 1553 1790 0
519 738 739 516 0
2416 1239 1238 1301 0
2106 505 649 616 0
2416 1301 1238 1296 0
1520 1627 1519 1523 0
2272 1854 1761 2327 0
1492 1251 1761 1483 0
1461 1490 1374 1459 0
1428 1209 1107 1440 0
1834 1741 2292 1753 0
2406 1781 2292 1546 0
1243 1305 2422 1310 0
1906 2006 1974 1973 0
1767 1850 1849 2416 0
2416 1301 1241 1239 0
2416 1517 1765 2422 0
1516 2416 1517 1765 0
1767 1850 2416 1846 0
2416 1241 1301 1305 0
1767 1765 1846 2416 0
1317 1452 1464 1390 0
2394 2292 1741 1515 0
1285 1500 1496 1348 0
1808 1550 1796 1832 0
1510 1535 1760 1538 0
354 278 369 399 0
123 223 138 330 0
51 52 65 25 0
35 74 56 60 0
8 17 3 6 0
20 34 14 16 0
25 65 53 32 0
1525 1447 1519 1523 0
71 54 34 66 0
1525 1447 1409 1519 0
1834 1838 2292 1771 0
1513 1525 1647 1668 0
1750 1535 1816 1536 0
1394 1370 1692 1504 0
1668 1588 1772 1539 0
1616 1609 1490 1421 0
1374 1554 1489 1609 0
1906 2006 1973 2005 0
1519 1523 1627 1605 0
1627 1605 1647 1519 0
1519 1525 1513 1409 0
1259 1507 1343 1342 0
64 49 29 45 0
1558 1772 1796 1824 0
2014 1950 1989 1945 0
1906 2005 1933 2006 0
1723 1870 1794 1690 0
1808 1285 1266 1500 0
1470 1409 1525 1447 0
1394 1525 1409 1513 0
1609 1583 1313 1311 0
1405 1409 1447 1368 0
1807 1857 1881 1894 0
1394 1470 1409 1525 0
2296 2193 2192 2157 0
1639 1729 1754 1819 0
1783 1584 1842 1799 0
1525 1668 1470 1539 0
1845 1794 1769 1830 0
1637 1662 1669 1872 0
530 2192 2193 618 0
530 2193 2334 618 0
2296 2193 2157 2362 0
530 2334 2193 2362 0
1690 1844 1869 1845 0
1583 1869 1690 1844 0
1569 1844 1584 1583 0
1386 1311 1584 1421 0
1536 1507 1535 1816 0
1470 1325 1394 1349 0
1772 1639 1614 1754 0
1588 1754 1685 1647 0
1325 1796 1558 1772 0
1772 1639 1754 1819 0
1772 1824 1639 1819 0
1558 1824 1639 1772 0
1822 1894 1870 1723 0
1470 1409 1349 1394 0
1685 1639 1729 1754 0
1317 1424 1387 1346 0
1690 1769 1670 1845 0
1794 1822 1843 1870 0
1558 1824 1569 1639 0
1692 1668 1394 1504 0
1405 1349 1409 1368 0
1819 1670 1824 1639 0
1819 1729 1769 1670 0
1819 1670 1845 1824 0
1819 1803 1769 1729 0
1819 1845 1670 1769 0
1819 1803 1830 1769 0
1819 1769 1830 1845 0
2453 210 622 316 0
2453 622 210 2351 0
210 622 348 2351 0
1723 1822 1894 1728 0
210 441 348 622 0
1869 1584 1868 1844 0
316 441 210 622 0
1723 1892 1728 1894 0
1451 1279 1569 1558 0
1285 1370 1496 1692 0
1822 1870 1894 1881 0
1892 1835 1806 1891 0
1891 1868 1869 1835 0
1728 1872 1807 1894 0
1843 1845 1794 1870 0
1662 1871 1892 1806 0
7 11 52 25 0
1872 1892 1662 1871 0
1872 1662 1681 1678 0
1872 1678 1871 1662 0
1280 1379 1278 1299 0
1317 1346 1379 1390 0
1461 1662 1681 1669 0
1569 1844 1670 1824 0
1569 1844 1583 1670 0
1277 1379 1452 1313 0
1583 1844 1584 1869 0
1583 1844 1690 1670 0
1313 1452 1317 1379 0
1542 1260 1266 1353 0
2345 2434 1007 2255 0
1569 1563 1277 1311 0
1317 1379 1452 1390 0
1451 1569 1279 1452 0
1723 1870 1869 1892 0
1723 1869 1870 1690 0
1723 1892 1894 1870 0
1669 1682 1872 1681 0
1669 1807 1637 1872 0
1669 1681 1872 1662 0
1368 1349 1314 1382 0
1375 1424 1387 1317 0
1609 1690 1869 1723 0
1368 1405 1349 1382 0
1461 1490 1554 1374 0
1832 1550 1272 1563 0
1832 1277 1279 1569 0
1832 1569 1844 1563 0
1832 1824 1844 1569 0
1569 1670 1639 1824 0
1382 1451 1405 1349 0
1588 1754 1772 1614 0
1368 1409 1447 1422 0
1614 1772 1558 1639 0
1588 1668 1525 1539 0
1394 1668 1692 1772 0
1614 1772 1539 1558 0
1317 1346 1299 1379 0
16 45 60 64 0
1280 1379 1279 1278 0
1375 1424 1317 1489 0
1280 1279 1452 1451 0
1278 1379 1279 1277 0
1317 1424 1346 1390 0
1668 1394 1470 1539 0
1394 1668 1525 1513 0
1317 1424 1464 1489 0
1390 1464 1317 1424 0
1394 1668 1513 1504 0
1669 1494 1465 1637 0
1539 1325 1772 1394 0
2454 805 1020 825 0
1588 1647 1668 1754 0
1394 1692 1370 1325 0
1313 1489 1464 1583 0
1313 1583 1464 1569 0
1563 1569 1584 1311 0
1266 1500 1285 1348 0
1313 1569 1464 1452 0
1313 1583 1609 1489 0
748 2030 2345 522 0
1470 1349 1457 1325 0
2292 1339 2399 1546 0
1278 1299 1379 1317 0
1277 1452 1569 1313 0
1277 1279 1452 1379 0
1278 1317 1379 1313 0
1405 1409 1349 1470 0
1280 1382 1452 1379 0
1609 1313 1489 1374 0
1280 1452 1279 1379 0
1588 1754 1668 1772 0
1280 1451 1452 1382 0
1457 1325 1451 1558 0
1457 1539 1325 1558 0
1669 1465 1461 1637 0
1375 1424 1554 1494 0
1550 1266 1353 1542 0
1375 1554 1424 1489 0
1465 1473 1375 1494 0
1374 1489 1554 1375 0
1375 1424 1494 1387 0
1841 1716 2044 1768 0
1375 1473 1387 1494 0
1325 1457 1451 1349 0
1841 2044 1858 1768 0
1374 1317 1489 1375 0
1563 1277 1276 1272 0
1459 1373 1490 1374 0
1588 1772 1539 1614 0
1325 1692 1285 1796 0
1325 1772 1692 1796 0
1668 1394 1539 1772 0
1394 1772 1692 1325 0
1266 1348 1337 1500 0
1461 1662 1490 1459 0
2259 2230 2245 2203 0
1588 1525 1668 1647 0
1588 1647 1605 1525 0
1726 1754 1685 1729 0
609 2251 866 2267 0
609 2326 2251 2267 0
1719 1505 1814 1722 0
1338 1515 1327 2394 0
1374 1313 1489 1317 0
1266 1353 1260 1321 0
1421 1373 1311 1609 0
1554 1375 1494 1465 0
1461 1375 1554 1465 0
1461 1637 1490 1662 0
1563 1386 1365 1276 0
1421 1373 1609 1490 0
1712 1692 1796 1496 0
1563 1272 1365 1550 0
1712 1496 1796 1500 0
1285 1370 1348 1496 0
1496 1692 1796 1285 0
1285 1692 1325 1370 0
780 855 791 764 0
1535 1257 1510 1507 0
1285 1796 1496 1500 0
1542 1505 1260 1259 0
1808 1550 1795 1755 0
1259 1260 1343 1505 0
1535 1816 1507 1510 0
1266 1500 1337 1808 0
1719 1814 1505 1808 0
1842 1584 1563 1844 0
2031 457 533 454 0
724 878 728 967 0
2028 898 879 846 0
1563 1365 1272 1276 0
1536 1257 1350 1535 0
1510 1724 1816 1507 0
1808 1542 1266 1550 0
1550 1285 1272 1266 0
1750 1536 1816 1748 0
1820 1510 1816 1535 0
1808 1500 1796 1285 0
1550 1272 1365 1321 0
1820 1760 1510 1535 0
1535 1347 1255 1350 0
2394 1515 1510 1338 0
1536 1507 1259 1257 0
1536 1257 1259 1351 0
2432 2292 2406 1781 0
1536 1350 1257 1351 0
1815 1814 1505 1722 0
1535 1257 1255 1338 0
1536 1257 1535 1507 0
1616 1637 1490 1609 0
1535 1510 1257 1338 0
1350 1535 1257 1255 0
1347 2394 1538 1255 0
1538 2394 1338 1255 0
1535 1510 1338 1538 0
1815 1507 1505 1259 0
1719 1808 1500 1712 0
1662 1728 1637 1616 0
1808 1755 1814 1542 0
1542 1259 1351 1536 0
1277 1313 1569 1311 0
1815 1507 1259 1536 0
2214 790 659 857 0
1351 1542 1353 1259 0
1542 1260 1353 1259 0
1815 1748 1536 1542 0
1815 1505 1507 1722 0
1808 1755 1795 1814 0
1808 1285 1796 1550 0
1550 1321 1266 1272 0
1808 1832 1795 1550 0
1783 1563 1550 1832 0
1609 1374 1490 1373 0
1550 1321 1353 1266 0
1783 1842 1584 1563 0
1808 1266 1285 1550 0
1542 1259 1815 1505 0
1783 1832 1550 1795 0
1421 1584 1609 1311 0
1616 1421 1584 1609 0
1563 1311 1276 1277 0
1563 1844 1584 1569 0
1311 1584 1583 1569 0
1609 1616 1869 1584 0
1609 1584 1869 1583 0
1616 1584 1868 1869 0
1616 1868 1835 1869 0
1616 1869 1835 1892 0
1616 1723 1609 1869 0
1616 1869 1892 1723 0
1616 1728 1723 1892 0
1616 1723 1728 1637 0
1616 1835 1662 1892 0
1616 1892 1662 1728 0
1616 1835 1868 1799 0
1616 1584 1799 1868 0
1616 1609 1723 1637 0
1616 1637 1662 1490 0
1892 1728 1872 1662 0
1609 1554 1637 1490 0
2432 1838 2292 1781 0
1814 1808 1542 1505 0
1719 1500 1808 1505 0
1546 1788 2422 1552 0
1546 1781 2422 1788 0
1788 2416 1846 2422 0
1788 2422 1846 1781 0
1546 1781 2292 2422 0
1781 2292 2422 1838 0
1339 1241 2422 1243 0
1546 1339 1241 2422 0
1546 1552 1241 1336 0
1546 1336 1241 1339 0
1820 1535 1816 1750 0
1820 2394 1760 1834 0
1820 2394 1510 1760 0
1815 1259 1542 1536 0
1815 1816 1536 1748 0
1815 1542 1505 1814 0
1815 1755 1748 1542 0
1815 1542 1814 1755 0
1815 1507 1536 1816 0
1815 1816 1724 1507 0
1815 1507 1724 1722 0
451 695 700 2028 0
448 695 451 2028 0
1147 2418 1378 1139 0
1378 2263 1383 1139 0
564 2190 561 663 0
964 877 724 878 0
1973 2006 2008 2005 0
1962 2001 1975 1914 0
2026 1939 1969 1942 0
1969 1939 2027 1965 0
2417 995 919 993 0
2394 1741 1727 1515 0
2394 1727 1510 1515 0
2027 1939 2026 2018 0
2027 1939 2025 1965 0
1919 1971 1917 1904 0
1938 1939 1965 2025 0
2276 1862 2257 1867 0
2229 2138 2322 2064 0
2408 1648 1418 1434 0
2408 1648 1534 1418 0
2408 1418 1534 2375 0
722 887 885 972 0
2276 1468 1486 1774 0
1919 1971 1904 1973 0
1938 1998 1963 1993 0
1919 1904 1906 1973 0
2026 1969 2003 1970 0
1986 1930 1977 1949 0
2027 2025 1939 2023 0
2027 2018 2023 1939 0
1958 1988 1954 1934 0
1935 1944 1972 1948 0
1956 1926 1991 1953 0
2021 1998 2025 1938 0
1943 1990 1972 1944 0
492 395 470 394 0
696 770 879 700 0
2031 2307 2255 1025 0
926 709 689 935 0
2021 2025 2023 1939 0
1967 1966 1990 1943 0
1935 1972 1943 1977 0
2387 1298 1256 1088 0
1966 1976 1990 1946 0
2011 1943 1990 2000 0
2026 1942 1969 1970 0
391 488 442 401 0
663 763 676 903 0
1946 1981 1976 1990 0
983 971 1025 2255 0
1944 1952 1981 1972 0
2000 1990 1972 1943 0
1948 1972 1952 1944 0
1943 1990 1946 1966 0
1991 1992 2023 1939 0
746 868 791 811 0
1946 1964 1976 1981 0
2011 1990 1943 1967 0
2021 1939 1992 1938 0
1958 1993 1936 1963 0
1946 1990 1944 1981 0
1946 1952 1981 1944 0
1997 1960 1957 2017 0
1927 1939 1992 1991 0
908 1053 950 969 0
674 803 673 798 0
1927 1959 1992 1938 0
1960 2021 1938 1936 0
1927 1938 1929 1959 0
1996 1976 1990 1966 0
1943 1946 1990 1944 0
2314 1854 1778 1782 0
663 872 903 2190 0
716 880 961 964 0
2011 1990 1967 1996 0
2011 1967 1970 1996 0
2011 1970 2003 1996 0
2011 2018 1942 2000 0
1942 1939 2018 2026 0
2000 1990 1981 1972 0
2019 1993 2024 2021 0
2011 1942 1970 1967 0
1988 2022 2017 1993 0
2000 1977 2018 1942 0
1960 1936 1934 2019 0
2026 2018 1942 2011 0
2026 1970 2011 1942 0
2026 1970 2003 2011 0
2026 1969 1939 2027 0
2026 2027 2004 1969 0
2026 1969 2004 2003 0
1958 1934 1993 1988 0
1954 1931 1934 1988 0
1958 1993 1934 1936 0
1906 2005 1973 1904 0
1974 2009 1979 2010 0
1991 2018 1939 2023 0
1956 1926 1927 1991 0
1918 1950 1923 1957 0
1988 2017 1934 1993 0
1986 1930 1949 1926 0
2372 2142 2044 1987 0
2044 1987 1984 2002 0
1908 1937 1910 2009 0
1916 1940 1909 1915 0
2021 1959 1938 1992 0
1938 1993 1963 1936 0
1938 1965 1963 1998 0
1938 2025 1965 1998 0
1920 2043 1947 1916 0
1986 1939 2018 1942 0
1953 1949 1926 1986 0
1920 1915 2043 1916 0
1949 1948 1930 1977 0
2021 2024 2025 1998 0
1991 1939 2018 1986 0
2021 1939 1938 2025 0
2019 2024 1993 2022 0
1997 2019 1960 2017 0
2021 2024 1998 1993 0
2021 1993 1998 1938 0
1960 1934 1936 1928 0
1995 2021 1959 1960 0
1956 1991 1927 1992 0
2019 1936 1993 2021 0
1936 1938 1993 2021 0
2019 2017 2022 1993 0
2019 2017 1993 1934 0
2019 1934 1993 1936 0
1960 1938 1929 1936 0
1960 2021 1936 2019 0
1995 1992 1959 2021 0
1960 1938 2021 1959 0
1960 1938 1959 1929 0
1960 1929 1928 1936 0
2043 1945 2014 1983 0
1994 2015 1997 1957 0
1962 2001 1914 2044 0
1942 1967 2011 1943 0
1973 2008 2006 1974 0
1997 2015 2017 1957 0
1997 1960 2019 1995 0
1995 2019 2021 1960 0
1968 1951 2044 2002 0
2014 1950 1994 1989 0
2014 2015 1994 1957 0
2014 1950 1957 1994 0
1918 2014 1920 2043 0
1918 1915 2043 1920 0
2043 2014 2012 1983 0
1940 1983 1945 2043 0
1904 1973 1971 2001 0
2043 1940 1983 2012 0
1987 2142 2044 1984 0
1985 2012 2016 2013 0
1940 2012 2009 1982 0
1940 2009 2012 1979 0
1971 2007 2001 1973 0
2012 1979 2009 2013 0
1971 2002 2001 2007 0
1908 2006 2009 1974 0
1973 2007 2005 2008 0
1971 2044 2002 1968 0
2020 2017 2015 1988 0
1979 2013 2010 2009 0
1985 1954 1988 1931 0
1913 1912 1883 1701 0
1947 1954 1988 1985 0
2014 1983 1945 1989 0
1884 1914 2044 1962 0
1978 1933 2006 1980 0
1962 2044 1984 2001 0
1974 2006 2009 2010 0
2109 2108 2056 1688 0
2043 1985 1947 1941 0
1918 1957 1920 2014 0
1916 1940 1941 1910 0
1985 2012 2043 2014 0
1904 2001 1971 2044 0
2169 2217 1274 1123 0
1906 1905 1924 1902 0
1908 2009 2006 1980 0
1920 1947 2043 1985 0
2276 1721 1448 1770 0
1911 2044 2372 1768 0
1937 1908 1933 1980 0
1924 1914 1975 2001 0
1924 2001 2044 1914 0
1909 1937 1940 1910 0
789 979 999 776 0
1381 1242 2340 1359 0
1902 1841 1924 1858 0
1701 1883 1873 1912 0
1912 1889 1791 1739 0
1912 1739 1791 1873 0
2444 1961 2372 1921 0
2210 1693 1560 1586 0
1918 2014 2043 1945 0
450 2320 544 536 0
2109 1611 2108 1688 0
1921 1961 1900 2444 0
2109 2055 1611 1688 0
981 2237 1061 2388 0
1225 1355 1377 1323 0
2091 2092 1679 1585 0
2191 1371 2423 2398 0
2444 1961 2378 1955 0
2445 2476 1955 2465 0
1128 1149 1126 1228 0
2092 2065 1679 1585 0
1117 1111 2254 1214 0
1858 1841 1924 2044 0
2418 2191 1506 1560 0
1910 1932 1974 1979 0
2464 1809 1791 1873 0
2464 1739 1873 1791 0
1560 1585 1700 1506 0
2340 1229 1242 1132 0
1701 1506 1560 1700 0
1377 2219 1359 1393 0
2330 2323 1371 1138 0
2194 2324 1455 2387 0
1377 1359 1229 1334 0
1377 1223 1334 1229 0
1377 1334 1223 1364 0
1377 1229 1152 1223 0
1364 1148 1223 1152 0
1377 1223 1152 1364 0
1364 1152 2420 1148 0
1377 1152 2420 1364 0
1146 1144 1216 2388 0
1191 2199 1103 1099 0
1211 2420 2325 1341 0
1211 1364 1303 1323 0
1135 2420 1056 1053 0
1144 2420 1135 1216 0
1225 2333 2388 1377 0
897 806 804 800 0
2388 1377 1216 1225 0
734 905 902 990 0
1225 1377 1355 2333 0
2388 1377 2420 1216 0
450 544 2320 454 0
454 450 2255 2320 0
1918 1957 1923 1920 0
907 901 985 2029 0
1985 2015 1988 2016 0
2388 1216 2420 1144 0
1056 969 944 1053 0
833 825 1547 1118 0
2187 1261 1228 1149 0
1924 2005 1975 1978 0
1698 1541 2242 1407 0
2285 2242 1698 1541 0
2268 2033 2173 2245 0
2329 2033 2268 2245 0
2388 969 1056 2420 0
2447 2268 2339 2245 0
2339 2268 2173 2245 0
2447 2245 2339 2343 0
2447 2329 2268 2245 0
1925 1955 2441 1688 0
1924 2044 1841 1914 0
1933 2005 1978 2006 0
1908 1933 1905 1907 0
1908 1974 2009 1910 0
1378 1506 1597 1585 0
1126 1146 2181 1049 0
2076 1228 1126 1149 0
1858 1904 2044 1924 0
992 2388 1061 1064 0
1910 2009 1979 1974 0
2044 1968 1971 1917 0
1904 1917 2044 1971 0
2044 2002 2001 1971 0
1904 2001 2044 1924 0
1904 2001 1924 2005 0
1908 1937 1933 1907 0
1908 1933 2006 1906 0
1904 2001 2005 1973 0
1716 1688 1884 1768 0
2441 1768 2044 1884 0
2426 2419 1984 2044 0
2426 2044 1984 1962 0
1911 1951 2372 2044 0
557 684 675 552 0
1796 1279 1558 1824 0
1279 1558 1325 1796 0
1285 1279 1325 1796 0
1796 1285 1279 1272 0
1832 1796 1279 1272 0
1832 1824 1279 1796 0
2119 1585 2061 1611 0
1920 1985 1954 1947 0
1597 1679 1585 1506 0
2048 1688 2067 1884 0
2164 1560 2191 2418 0
2418 1585 1611 1560 0
1506 2418 1369 2333 0
2164 1611 1560 2418 0
2164 2191 1560 2248 0
1541 1469 2234 1330 0
2061 1585 1688 1611 0
1916 1940 1915 2043 0
1469 1274 2234 1330 0
2325 1329 1140 1181 0
2421 990 993 905 0
1922 1973 1906 1974 0
2276 1859 1777 1856 0
798 803 920 801 0
1274 1123 2234 2160 0
1940 1941 1910 1979 0
1908 2006 1933 1980 0
1908 2006 1974 1906 0
1908 1907 1910 1937 0
1910 1941 1932 1979 0
1916 1910 1909 1940 0
1908 1905 1933 1906 0
1908 1932 1974 1910 0
855 868 854 891 0
1908 1974 1932 1922 0
1908 1906 1974 1922 0
1920 2014 1985 2043 0
1918 1950 1957 2014 0
1920 1957 1931 2014 0
1988 2015 2020 2016 0
1916 1941 1940 2043 0
1918 1945 2043 1915 0
1918 1950 2014 1945 0
927 1009 912 1015 0
798 920 803 799 0
829 2170 686 2177 0
829 686 2216 2177 0
1920 1931 1954 1985 0
1543 1344 2394 1538 0
1347 2394 1344 1538 0
2075 1469 2379 1640 0
674 801 803 798 0
927 806 801 912 0
476 2028 540 466 0
821 899 865 886 0
925 920 912 801 0
633 794 727 772 0
633 627 793 620 0
501 491 589 419 0
870 899 865 821 0
488 428 643 561 0
535 724 462 534 0
680 693 587 687 0
927 1015 1039 1009 0
738 2029 2421 436 0
462 964 720 716 0
2028 898 846 869 0
2314 1503 1265 2271 0
736 993 737 910 0
1770 1468 1448 2276 0
2234 2249 2177 2037 0
2037 2216 2177 2234 0
577 590 694 552 0
522 2030 517 743 0
2073 2254 1547 2089 0
734 985 990 902 0
260 289 278 155 0
1867 2257 1757 1862 0
1438 2254 1118 1407 0
1118 1407 2254 1116 0
2276 1770 1836 1721 0
2276 1468 1774 1770 0
1281 2271 2225 1524 0
2225 2282 2271 1281 0
2271 1782 1503 2381 0
2272 1269 1251 1492 0
861 891 854 917 0
983 2031 2350 2255 0
707 811 554 574 0
1862 1764 2257 1757 0
1859 1764 1762 2257 0
1764 1859 1862 2257 0
1867 1770 2276 1774 0
1867 2257 1836 1747 0
12 10 40 16 0
2276 1867 2257 1836 0
2276 1774 1862 1867 0
1852 1785 2271 2386 0
2276 1859 2257 1862 0
1161 2254 2036 1111 0
2276 1777 1859 1862 0
1774 1486 2276 1777 0
2276 1777 1862 1774 0
2221 2356 2229 2201 0
2201 2229 2220 2356 0
2221 2229 2064 2138 0
2265 1000 1014 1069 0
549 1004 788 997 0
827 1014 2265 818 0
2314 1495 1778 1777 0
2314 1854 1856 1778 0
933 935 926 689 0
1832 1272 1550 1796 0
1796 1272 1550 1285 0
448 709 427 420 0
716 880 964 884 0
724 721 877 961 0
436 439 2029 509 0
983 2255 1025 2031 0
728 883 967 878 0
872 870 793 727 0
872 727 763 870 0
814 791 855 764 0
873 714 935 709 0
499 709 427 448 0
535 462 724 463 0
926 879 2028 898 0
746 791 764 687 0
707 811 574 693 0
764 791 780 680 0
936 876 869 2028 0
678 764 780 680 0
534 461 724 462 0
2191 1371 2323 2423 0
687 791 693 811 0
687 791 764 680 0
2323 1371 1356 2423 0
687 746 791 811 0
811 696 746 879 0
933 926 861 787 0
486 879 2028 700 0
814 746 791 764 0
907 738 2421 739 0
872 763 899 870 0
792 766 870 786 0
895 714 2028 935 0
936 898 935 2028 0
554 811 846 879 0
855 814 854 868 0
2028 876 869 719 0
2028 721 876 719 0
961 876 721 877 0
964 724 877 961 0
935 936 2028 895 0
884 967 720 885 0
420 409 589 676 0
460 883 967 728 0
961 721 2028 461 0
961 721 876 2028 0
700 879 2028 926 0
964 967 720 884 0
2319 2222 2145 2269 0
964 967 878 724 0
2222 2034 2319 2145 0
936 869 898 2028 0
961 880 2028 895 0
936 2028 961 876 0
870 865 766 821 0
926 783 700 879 0
633 643 561 2090 0
926 783 879 917 0
2272 2233 1269 2386 0
1199 2233 1251 2272 0
870 763 821 727 0
787 854 917 861 0
787 917 783 926 0
778 787 899 852 0
501 419 589 601 0
870 766 865 786 0
787 783 917 854 0
787 926 861 917 0
861 917 900 891 0
861 900 917 929 0
861 926 929 917 0
852 899 861 787 0
861 929 899 900 0
861 899 886 900 0
695 926 787 783 0
695 783 700 926 0
903 763 899 872 0
933 787 861 903 0
852 886 861 899 0
716 2028 461 961 0
903 872 663 763 0
821 899 852 778 0
903 695 676 689 0
463 728 967 724 0
1139 2194 1383 1130 0
2194 2347 1383 1130 0
1383 2347 1391 1130 0
716 961 880 2028 0
716 714 2028 880 0
448 420 451 695 0
2190 689 413 490 0
821 766 870 727 0
821 886 852 899 0
873 895 935 714 0
709 695 689 420 0
564 394 409 406 0
461 961 724 462 0
420 589 409 419 0
463 720 967 722 0
406 491 589 564 0
511 716 461 462 0
429 401 471 406 0
406 394 391 564 0
488 428 627 643 0
904 689 864 933 0
793 792 727 870 0
792 766 727 870 0
391 394 428 561 0
709 935 864 689 0
933 695 689 926 0
794 727 793 633 0
627 643 793 792 0
904 689 826 864 0
933 787 695 926 0
2028 895 936 961 0
486 451 613 700 0
430 633 561 492 0
873 935 864 709 0
2029 985 2338 901 0
561 633 2090 663 0
734 905 2421 736 0
794 793 727 872 0
873 935 937 864 0
903 778 763 676 0
726 972 887 722 0
524 2417 742 513 0
926 709 695 689 0
437 2417 444 524 0
933 689 695 903 0
933 937 864 904 0
2417 737 993 910 0
716 964 720 884 0
903 861 899 787 0
532 2028 540 719 0
722 885 967 972 0
2029 2338 985 734 0
2028 880 714 895 0
903 676 695 778 0
933 695 787 903 0
933 903 904 689 0
904 875 826 903 0
2417 919 910 993 0
2029 2338 735 901 0
2417 910 742 737 0
2441 1688 1768 1884 0
2441 2372 1768 1688 0
2199 2280 2277 2138 0
2029 985 2421 734 0
903 899 861 929 0
903 787 899 778 0
838 1110 1093 2178 0
838 1110 2178 866 0
903 695 787 778 0
864 935 933 689 0
899 763 821 870 0
903 875 826 872 0
933 929 861 926 0
933 861 929 903 0
933 935 864 937 0
35 74 32 55 0
734 990 2421 905 0
2417 919 995 934 0
2421 993 737 736 0
738 523 735 2029 0
894 1109 911 2330 0
2330 911 1138 1109 0
693 791 687 680 0
536 975 2235 2345 0
230 198 280 238 0
536 975 768 2235 0
743 930 2030 918 0
2235 768 934 975 0
736 905 993 910 0
2243 1758 2236 1759 0
2243 1847 1759 2236 0
674 684 804 694 0
522 517 2030 444 0
762 665 653 650 0
734 2428 985 902 0
167 138 180 487 0
138 487 305 180 0
248 305 138 487 0
1547 1117 1118 825 0
512 734 2029 509 0
673 552 684 674 0
915 1011 858 2076 0
2472 86 101 112 0
2190 564 409 663 0
889 909 809 807 0
179 193 207 160 0
679 694 674 804 0
927 1015 925 1041 0
552 684 675 673 0
179 198 153 230 0
927 1041 1039 1015 0
2217 2156 2175 2247 0
238 193 267 207 0
897 1009 927 928 0
927 912 925 1015 0
524 742 2417 751 0
801 679 804 806 0
925 920 1015 912 0
928 1039 1009 927 0
924 1032 1042 925 0
947 850 848 847 0
907 2421 913 739 0
921 1047 1053 2420 0
921 1053 1047 963 0
407 485 360 374 0
1128 2077 1011 1126 0
2250 2191 2164 2248 0
334 403 405 385 0
587 649 574 493 0
436 2417 513 510 0
436 738 516 739 0
516 517 2417 739 0
2206 922 896 1139 0
738 2029 901 907 0
2194 2151 1383 2347 0
2263 2151 1383 2194 0
1139 2263 1383 2194 0
705 555 606 566 0
552 694 684 674 0
738 735 901 2029 0
739 995 993 913 0
476 2028 486 554 0
512 734 2338 2029 0
444 2030 2417 517 0
520 722 972 726 0
2407 726 520 972 0
907 990 913 2421 0
524 2235 2030 536 0
524 751 2030 2235 0
2030 934 2235 751 0
519 2029 523 738 0
2345 1007 2434 975 0
2029 509 2421 436 0
519 516 2029 738 0
276 280 209 198 0
436 510 509 2421 0
781 2320 775 544 0
777 984 970 858 0
908 963 1053 921 0
2295 514 591 2032 0
862 731 776 999 0
334 267 275 301 0
555 674 694 552 0
2459 807 2385 810 0
889 800 809 897 0
39 71 34 22 0
2060 2126 2125 2124 0
765 2295 874 858 0
89 72 111 155 0
2202 656 2086 750 0
1911 2372 1890 1768 0
1911 1951 1890 2372 0
565 596 2455 664 0
464 445 551 484 0
469 2032 514 393 0
685 682 702 812 0
625 2304 591 713 0
612 970 729 2154 0
2255 2434 1007 1025 0
637 2238 658 646 0
644 2238 658 637 0
1383 1642 1640 2151 0
771 2350 983 2031 0
2347 2151 1383 1640 0
1383 1640 1391 2347 0
2417 739 993 2421 0
437 516 2417 436 0
2417 995 993 739 0
447 2029 439 512 0
447 2029 519 439 0
447 2029 523 519 0
462 720 518 716 0
2197 2249 2037 2177 0
2031 1044 2265 2307 0
1832 1563 1277 1569 0
1832 1272 1277 1563 0
554 2028 715 540 0
2175 896 881 2240 0
2175 896 2240 2194 0
498 2401 671 494 0
896 1139 2240 2194 0
479 385 403 434 0
2062 773 634 706 0
301 238 267 275 0
946 830 836 940 0
109 85 76 124 0
488 423 442 617 0
220 2297 175 231 0
2315 2357 2033 2437 0
966 1055 1057 1052 0
725 816 813 834 0
624 794 793 633 0
624 793 620 633 0
461 961 721 724 0
511 714 489 2028 0
511 518 716 462 0
622 384 295 657 0
529 601 453 501 0
501 419 449 491 0
419 406 429 491 0
2351 295 622 384 0
391 471 488 401 0
295 622 316 2374 0
295 657 316 622 0
295 622 2374 2351 0
492 561 394 470 0
515 2433 730 2338 0
489 2028 714 448 0
2394 2241 1538 1760 0
2394 1543 1538 2241 0
470 633 561 662 0
428 627 633 620 0
2190 561 663 662 0
2151 1642 2364 1707 0
473 453 449 501 0
427 709 689 420 0
2324 1707 2151 1455 0
2194 2324 2151 1455 0
486 649 574 696 0
428 624 633 430 0
428 561 394 430 0
430 395 492 394 0
1083 2170 2177 2234 0
2170 2249 2196 2177 0
627 620 428 615 0
2170 2249 2177 2234 0
428 620 633 624 0
501 449 419 453 0
491 471 564 406 0
391 401 406 471 0
419 491 589 406 0
2178 2299 2036 2341 0
627 633 793 643 0
2196 2036 2178 2249 0
2407 972 887 726 0
2036 2299 2178 2249 0
627 643 428 633 0
695 926 700 2028 0
2462 2029 523 447 0
488 615 423 617 0
451 420 419 601 0
561 633 428 643 0
561 492 394 430 0
561 662 633 663 0
561 633 470 492 0
633 772 663 662 0
633 772 727 663 0
564 663 589 409 0
564 2190 394 561 0
391 488 471 561 0
2045 663 564 561 0
2090 633 727 663 0
429 491 406 471 0
391 564 471 406 0
529 453 601 613 0
627 766 643 792 0
778 821 899 763 0
1687 1673 1713 2302 0
1687 2039 1673 2302 0
501 453 419 601 0
391 564 561 471 0
561 391 394 564 0
391 428 423 488 0
391 561 428 488 0
448 935 714 709 0
420 676 695 689 0
529 501 453 473 0
2407 890 980 972 0
463 967 720 462 0
540 715 719 2028 0
448 420 695 709 0
511 2028 461 716 0
448 926 695 2028 0
448 2028 714 935 0
2462 735 2029 2338 0
535 724 728 463 0
489 499 448 714 0
463 720 521 518 0
628 486 613 700 0
520 972 722 460 0
520 521 460 722 0
486 628 649 696 0
463 518 462 720 0
476 448 2028 466 0
574 649 687 696 0
486 700 2028 451 0
463 722 460 521 0
601 695 451 420 0
601 419 589 420 0
601 676 695 420 0
601 589 676 420 0
574 696 811 486 0
476 540 2028 554 0
499 714 709 448 0
2035 2309 2245 2301 0
2035 2245 2339 2301 0
499 689 427 709 0
499 689 490 427 0
613 451 453 601 0
613 695 700 451 0
613 451 601 695 0
2245 2301 2074 2173 0
2245 2309 2074 2301 0
569 613 628 493 0
486 554 2028 879 0
486 574 649 493 0
2245 2173 2339 2301 0
486 696 811 879 0
505 569 493 529 0
574 554 486 811 0
90 59 71 62 0
735 2029 523 2462 0
534 461 721 724 0
486 700 628 696 0
139 106 69 278 0
554 846 2028 879 0
554 811 879 486 0
574 687 649 587 0
486 451 453 613 0
574 811 687 693 0
69 278 106 162 0
2407 460 520 458 0
680 616 687 587 0
2407 890 883 732 0
2407 883 890 972 0
460 883 728 732 0
2407 460 883 972 0
532 461 721 534 0
531 728 463 535 0
532 719 721 2028 0
532 2028 721 461 0
476 451 2028 448 0
541 2031 456 537 0
466 540 532 2028 0
466 461 2028 532 0
466 448 2028 489 0
466 2028 461 489 0
461 489 2028 511 0
486 649 628 493 0
505 493 473 529 0
2320 1025 997 987 0
493 613 453 529 0
486 613 493 628 0
486 613 453 493 0
779 1000 797 2265 0
846 2028 715 554 0
52 1 5 31 0
59 20 71 22 0
827 1106 1014 818 0
66 49 34 64 0
35 56 74 55 0
549 788 781 997 0
8 17 6 27 0
748 743 2030 522 0
979 1133 2323 1131 0
2270 1058 1004 1044 0
2307 1004 997 1044 0
2265 1069 1058 1000 0
678 680 616 687 0
707 846 715 554 0
587 649 493 505 0
2168 528 2345 759 0
2340 2382 1506 2344 0
2382 2340 1506 2219 0
2197 2249 2261 2037 0
587 693 574 687 0
587 616 687 649 0
2218 2203 2232 2313 0
2346 2203 2289 2218 0
818 1014 2265 797 0
677 680 595 678 0
2227 2273 2264 2033 0
2400 2033 2227 2264 0
2033 2221 2138 2227 0
2227 2221 2273 2033 0
2227 2033 2400 2138 0
771 2031 533 2350 0
983 1025 1044 2031 0
547 549 781 2307 0
677 780 680 678 0
578 2183 623 2175 0
578 2214 2183 2175 0
827 1107 866 2341 0
2175 2214 2183 2387 0
537 457 2031 456 0
680 587 595 616 0
678 616 680 595 0
2312 2311 2310 2174 0
2312 2311 2174 2313 0
2246 2312 2310 2174 0
2224 2312 2246 2174 0
2312 2313 2174 2224 0
2250 2181 2164 2191 0
2164 2191 2181 2418 0
2206 1147 2164 2181 0
2164 2418 2181 1147 0
2250 2206 2164 2181 0
537 2031 533 771 0
541 1000 779 2265 0
1406 1107 1428 2341 0
827 1106 818 1107 0
69 111 278 150 0
2265 1014 1000 797 0
537 457 533 2031 0
463 460 722 967 0
967 722 972 460 0
774 541 991 1000 0
779 543 541 2265 0
2407 726 730 515 0
51 25 42 52 0
1313 1379 1278 1277 0
2401 373 424 367 0
25 65 32 52 0
56 74 80 60 0
354 162 237 319 0
62 71 22 59 0
354 278 162 319 0
28 44 19 36 0
2151 2364 1455 1707 0
2151 2364 1640 1455 0
7 11 1 52 0
7 3 42 1 0
12 37 56 35 0
20 16 66 34 0
7 42 52 1 0
16 14 29 34 0
36 19 42 25 0
8 13 27 6 0
12 57 38 60 0
52 32 11 60 0
52 74 65 32 0
89 155 123 167 0
11 2 40 4 0
16 34 29 64 0
40 15 23 4 0
11 40 12 4 0
10 23 40 45 0
10 23 4 40 0
16 45 40 60 0
10 23 45 29 0
12 37 16 38 0
5 42 21 17 0
28 8 27 19 0
87 62 126 136 0
19 17 3 8 0
2064 2221 2033 2245 0
297 2221 2064 2245 0
2245 2173 2221 2033 0
297 2074 2221 2245 0
42 27 17 19 0
28 27 8 13 0
28 19 27 36 0
8 7 3 19 0
66 16 20 38 0
51 25 36 42 0
12 57 60 56 0
44 65 53 25 0
42 19 36 27 0
42 19 7 25 0
42 7 19 3 0
42 17 3 19 0
5 1 42 3 0
42 7 52 25 0
42 5 3 17 0
42 52 5 21 0
47 87 58 39 0
20 34 66 71 0
38 64 60 57 0
22 34 20 71 0
59 71 20 66 0
234 254 228 246 0
2039 2317 2310 2377 0
57 56 80 60 0
12 60 38 16 0
12 38 57 37 0
20 18 34 22 0
2377 2310 2039 2302 0
35 60 56 12 0
32 65 53 74 0
20 34 18 14 0
16 29 45 64 0
16 40 45 10 0
16 64 60 38 0
126 87 58 47 0
64 80 60 57 0
388 278 399 369 0
39 71 22 87 0
26 22 87 39 0
16 45 29 10 0
16 14 10 29 0
66 34 16 64 0
41 20 59 22 0
90 59 83 66 0
59 38 64 66 0
26 39 18 22 0
66 38 64 16 0
59 38 66 20 0
39 87 58 71 0
39 54 71 58 0
39 54 34 71 0
39 34 18 22 0
24 47 26 33 0
26 39 24 18 0
61 77 162 237 0
2469 393 2032 295 0
167 487 348 310 0
131 106 211 205 0
83 80 64 57 0
67 58 47 126 0
262 212 253 227 0
48 33 43 77 0
377 326 373 498 0
62 41 22 43 0
62 26 43 22 0
123 111 195 330 0
62 59 22 41 0
2323 2330 1371 2191 0
62 87 26 22 0
83 57 64 59 0
139 106 63 69 0
2036 2412 2257 1161 0
1161 1111 2036 1209 0
62 87 22 71 0
625 2295 731 632 0
77 162 68 50 0
77 48 50 68 0
83 64 66 59 0
2036 2412 1161 1209 0
2036 1111 2341 1209 0
2412 2341 1209 2036 0
126 136 62 77 0
61 106 50 46 0
61 205 106 131 0
43 33 26 77 0
776 731 2049 999 0
77 126 136 205 0
61 50 106 162 0
1499 2243 1758 1492 0
69 68 150 162 0
1499 1758 2243 1759 0
205 237 106 319 0
61 77 205 126 0
767 650 757 754 0
106 237 162 319 0
123 388 111 330 0
2371 1454 1372 2376 0
61 50 162 77 0
2401 640 526 539 0
295 393 2032 469 0
575 422 374 487 0
1499 1269 1283 2243 0
1499 1269 2243 1492 0
330 399 388 278 0
330 111 195 278 0
330 278 388 111 0
139 319 106 278 0
2295 970 697 612 0
2057 572 2060 657 0
61 33 126 47 0
63 106 46 50 0
205 106 211 319 0
622 422 487 2351 0
61 237 106 205 0
61 77 126 33 0
61 126 205 131 0
61 131 67 126 0
61 47 126 67 0
24 30 47 33 0
61 46 33 30 0
69 68 162 50 0
69 50 106 63 0
383 397 359 377 0
384 603 597 656 0
106 278 319 162 0
69 162 150 278 0
69 50 162 106 0
374 360 407 248 0
575 485 487 374 0
242 386 232 387 0
105 143 210 180 0
610 607 2032 295 0
625 514 591 2295 0
1062 1064 2420 973 0
469 591 514 2032 0
591 713 2304 691 0
2250 2248 2330 2191 0
911 986 750 2304 0
1161 2254 2276 2036 0
2237 2423 2191 2323 0
1161 1214 2276 2254 0
407 485 452 360 0
2237 2191 2181 2250 0
2400 2138 2459 2227 0
2400 2227 2459 2385 0
2400 2459 2306 2385 0
2400 2306 2459 2138 0
1064 992 2420 973 0
862 999 1012 2304 0
407 388 330 452 0
874 915 2181 931 0
819 750 2304 911 0
2062 773 706 639 0
750 642 656 2084 0
656 2057 819 652 0
914 963 2459 1016 0
908 1053 963 950 0
908 969 2420 1053 0
892 2325 2459 963 0
514 2295 598 2032 0
992 2098 2420 973 0
580 598 514 2295 0
954 1019 1013 959 0
992 969 2420 2098 0
765 2295 916 874 0
892 978 940 2325 0
2325 1140 1329 1341 0
1034 2180 2325 1095 0
2159 1395 1329 1380 0
2199 2159 2277 2266 0
2159 1395 1413 1329 0
584 593 2227 708 0
249 503 196 378 0
646 2238 658 729 0
2192 2037 2177 2197 0
969 2388 944 915 0
2250 2237 2191 2323 0
2458 922 2206 2238 0
639 706 641 773 0
2155 657 622 441 0
2094 2183 2099 623 0
2295 697 970 777 0
610 384 657 295 0
908 973 2420 2098 0
289 388 155 167 0
139 72 69 63 0
586 644 580 2295 0
289 310 388 167 0
139 278 155 260 0
2214 867 2183 1088 0
2154 2295 612 970 0
2295 858 2181 874 0
2154 970 729 922 0
644 2154 2295 586 0
2154 922 729 2238 0
326 321 494 287 0
469 591 2032 691 0
260 369 278 289 0
213 254 249 228 0
2308 2401 2397 494 0
847 757 850 848 0
862 645 683 789 0
196 187 503 189 0
610 597 295 2032 0
2387 1399 1256 1472 0
393 514 598 2032 0
2148 607 773 652 0
2387 1472 1256 1298 0
316 607 441 657 0
2155 2150 657 441 0
524 768 2235 536 0
524 751 2235 768 0
2235 934 768 751 0
597 642 656 603 0
295 607 2032 2469 0
2046 639 2047 641 0
2047 641 706 2206 0
407 374 487 485 0
278 72 111 69 0
155 111 278 72 0
155 388 278 111 0
167 487 310 407 0
260 278 369 319 0
141 82 2461 81 0
2148 657 607 652 0
422 2351 622 669 0
2469 2032 393 474 0
310 407 388 167 0
572 622 2351 669 0
2183 2194 2387 2172 0
2046 2047 639 706 0
646 641 2047 2206 0
657 2057 384 610 0
474 2032 607 2469 0
139 72 155 278 0
139 106 319 211 0
316 607 657 295 0
139 69 72 278 0
30 47 33 61 0
105 167 138 180 0
105 167 89 123 0
524 2030 444 536 0
2345 444 2030 536 0
294 317 290 318 0
243 295 607 316 0
2374 316 295 243 0
397 377 445 433 0
665 762 767 650 0
498 433 377 397 0
322 306 296 293 0
642 750 656 2202 0
253 196 204 378 0
294 318 303 356 0
2147 1218 2262 2243 0
2134 1218 2258 2262 0
2262 2258 2243 1218 0
141 82 81 73 0
2273 2264 2033 2318 0
358 368 465 2035 0
968 1027 1026 888 0
203 503 196 249 0
285 317 294 318 0
234 203 213 254 0
752 640 749 2220 0
248 422 487 374 0
248 487 422 305 0
262 204 212 224 0
407 374 248 487 0
294 318 290 303 0
262 233 252 224 0
234 263 254 246 0
378 196 204 191 0
262 224 252 378 0
262 233 257 252 0
940 2180 2138 2325 0
191 196 187 503 0
378 503 196 191 0
262 227 244 212 0
262 212 204 253 0
932 959 947 1010 0
262 224 212 233 0
2397 216 191 224 0
378 204 224 191 0
293 266 306 296 0
2397 224 245 216 0
378 252 245 224 0
383 339 377 359 0
262 224 378 204 0
262 253 204 378 0
2229 2401 2220 2356 0
785 2401 2220 2229 0
258 219 2397 235 0
2073 2089 2036 2254 0
632 2295 580 625 0
1036 1067 2366 2373 0
2297 161 166 129 0
932 848 947 959 0
767 2373 754 844 0
2206 1139 1147 922 0
2206 1147 1139 2164 0
2238 922 2206 2181 0
611 566 2455 703 0
258 235 2397 270 0
2401 2397 314 2356 0
308 258 2397 314 0
314 2397 279 270 0
235 279 245 2397 0
293 257 287 378 0
359 494 326 498 0
2401 321 498 373 0
314 321 2401 367 0
314 367 2401 365 0
314 321 279 2401 0
2401 321 279 494 0
355 365 314 2401 0
2401 2356 314 355 0
2174 2313 2218 2042 0
251 294 285 317 0
611 417 566 606 0
2229 2308 2401 2356 0
545 550 651 712 0
251 342 317 351 0
823 812 702 815 0
225 342 203 304 0
932 2366 1067 2373 0
1024 957 2366 1010 0
372 475 432 712 0
651 712 550 666 0
957 1010 1024 959 0
947 848 954 959 0
203 503 342 189 0
2401 279 314 2397 0
2224 2313 2174 2298 0
257 252 287 378 0
414 2034 363 366 0
432 712 545 2034 0
255 264 290 263 0
304 254 203 234 0
433 546 599 424 0
1434 1548 1784 1648 0
498 433 397 484 0
947 954 848 850 0
760 847 762 757 0
762 653 757 650 0
322 328 359 326 0
443 475 579 432 0
445 433 484 397 0
957 2366 932 2373 0
760 653 757 762 0
599 2373 650 767 0
760 660 653 762 0
968 1026 1027 1023 0
932 959 844 848 0
758 654 761 769 0
2401 539 648 640 0
665 650 551 653 0
498 424 373 433 0
932 957 844 959 0
1036 2220 2373 2366 0
767 757 848 844 0
959 1013 1010 1021 0
959 1019 1013 1021 0
2450 2229 2322 2274 0
959 1024 1021 1010 0
754 2373 752 842 0
599 650 2373 648 0
957 1024 2366 1028 0
932 1010 957 959 0
767 650 762 757 0
2344 1506 2191 1560 0
2344 1560 2191 2398 0
2401 367 321 373 0
1786 2464 2344 2050 0
947 959 954 1013 0
947 1013 1010 959 0
359 328 339 377 0
1701 1506 2344 1560 0
1786 2344 1805 2050 0
767 754 757 844 0
932 1067 2366 1010 0
2373 844 842 754 0
562 551 582 484 0
562 484 464 551 0
767 848 757 847 0
359 377 498 326 0
599 671 2220 1036 0
2373 754 650 767 0
322 296 326 287 0
2454 2270 2139 1547 0
2454 1547 2139 859 0
1020 2454 1547 2270 0
767 844 932 2373 0
767 847 932 848 0
767 844 848 932 0
833 859 1547 2454 0
242 387 351 386 0
614 2454 2270 2139 0
562 665 551 660 0
775 975 536 2434 0
2059 750 723 2088 0
762 653 665 660 0
536 2320 544 775 0
760 757 850 847 0
536 768 975 775 0
660 551 653 665 0
279 2401 494 2397 0
498 494 321 2401 0
960 888 968 1026 0
582 551 665 599 0
498 494 326 321 0
293 296 257 266 0
322 378 293 287 0
383 377 445 397 0
242 342 387 215 0
242 387 342 351 0
2034 277 320 386 0
464 445 397 383 0
866 1110 2178 2341 0
498 424 433 599 0
1107 1106 1209 2341 0
498 321 326 373 0
484 599 551 582 0
599 551 665 650 0
2069 597 2084 642 0
359 397 498 377 0
322 494 287 326 0
378 2397 494 503 0
378 245 252 287 0
378 245 287 279 0
378 494 279 287 0
203 249 196 206 0
322 326 296 328 0
322 326 359 494 0
322 296 287 293 0
293 257 262 266 0
325 386 356 389 0
225 203 234 304 0
968 856 962 965 0
740 629 638 2034 0
232 2212 199 215 0
313 2034 277 320 0
322 287 494 378 0
960 1026 1029 2231 0
213 249 206 222 0
232 2244 387 386 0
414 2034 400 353 0
843 2231 960 958 0
203 342 503 254 0
203 196 503 189 0
332 284 2297 281 0
298 358 2343 309 0
232 2244 215 387 0
304 254 342 203 0
253 249 196 378 0
1083 2073 2170 2242 0
1083 2073 2242 1116 0
2170 2073 2196 2242 0
2139 686 2170 2196 0
2139 2170 2073 2196 0
285 318 351 317 0
545 538 2034 647 0
336 416 472 344 0
432 712 550 545 0
414 2034 525 504 0
619 2034 629 740 0
2319 740 2034 619 0
753 2034 647 755 0
550 666 654 651 0
255 304 263 290 0
2235 1002 2345 975 0
2235 1002 975 934 0
740 837 2231 840 0
285 356 386 318 0
414 2034 504 400 0
2244 2397 503 2308 0
459 579 560 443 0
325 372 389 376 0
285 351 318 386 0
747 636 2244 2383 0
288 307 2074 256 0
550 579 666 712 0
338 390 2222 353 0
740 753 2034 638 0
638 2034 647 753 0
661 550 666 654 0
372 386 2034 320 0
560 666 661 550 0
753 888 2034 755 0
376 443 475 459 0
372 432 475 376 0
843 960 888 845 0
740 840 2231 753 0
769 849 758 845 0
579 666 560 550 0
421 2034 545 538 0
372 386 475 712 0
327 356 389 325 0
372 386 389 475 0
849 851 769 761 0
2301 2035 380 368 0
443 579 550 432 0
845 856 888 769 0
2231 888 960 1026 0
958 1029 2231 960 0
960 856 968 888 0
849 769 856 845 0
386 636 712 2034 0
968 965 962 1023 0
968 1023 1022 965 0
968 1022 1023 1027 0
960 856 962 968 0
327 325 389 376 0
307 353 2034 313 0
962 1023 1026 968 0
960 962 1026 968 0
651 769 654 758 0
962 960 845 856 0
958 1031 2231 1029 0
376 475 443 432 0
503 342 215 387 0
294 264 303 290 0
376 459 475 381 0
414 2034 538 525 0
251 317 255 294 0
353 2034 363 414 0
755 888 769 845 0
849 851 856 769 0
313 256 277 2034 0
527 735 2338 732 0
755 845 769 758 0
849 856 962 845 0
527 2462 2338 735 0
758 769 761 849 0
651 654 769 666 0
651 888 666 769 0
651 666 888 712 0
843 2231 958 840 0
527 735 523 2462 0
432 545 421 2034 0
638 504 2034 629 0
753 888 843 2231 0
651 769 758 755 0
432 579 550 712 0
753 755 843 888 0
432 712 475 579 0
327 294 335 356 0
372 320 2034 366 0
638 525 538 2034 0
432 2034 372 712 0
718 2269 824 2035 0
414 2034 366 421 0
619 629 2034 504 0
2224 2331 2313 2298 0
2450 2322 2039 2274 0
2274 2039 2310 2322 0
2231 2367 2415 2041 0
2035 2309 2232 2245 0
1089 2294 1094 1038 0
958 955 840 2231 0
2309 2313 2232 2245 0
2203 2245 2232 2313 0
583 636 468 2244 0
251 351 317 285 0
353 363 2034 313 0
459 443 475 579 0
421 414 2034 538 0
386 277 2244 2034 0
2398 1472 2248 1298 0
1560 1586 2248 2398 0
372 2034 386 712 0
863 2383 636 747 0
753 2231 2034 888 0
753 2034 2231 740 0
2231 955 840 952 0
843 753 2231 840 0
638 2034 504 525 0
638 538 647 2034 0
651 2034 888 755 0
651 712 888 2034 0
651 2034 545 712 0
285 356 294 325 0
325 389 372 386 0
242 342 215 225 0
242 386 277 232 0
285 320 277 386 0
325 320 386 372 0
327 381 376 389 0
327 389 335 381 0
327 294 356 325 0
313 366 2034 320 0
251 234 304 225 0
285 318 294 356 0
2035 2339 309 2301 0
313 363 2034 366 0
213 206 249 203 0
2222 400 353 390 0
92 84 75 110 0
2301 2035 368 309 0
148 127 146 158 0
213 222 228 249 0
182 2212 215 199 0
206 253 227 222 0
242 277 386 285 0
288 307 2222 2074 0
503 2244 387 215 0
206 227 253 212 0
206 204 212 253 0
206 196 204 253 0
234 254 263 304 0
234 228 254 213 0
255 263 304 234 0
255 246 264 263 0
255 304 290 317 0
2244 386 232 277 0
255 264 294 290 0
225 342 215 189 0
225 189 203 342 0
251 317 304 255 0
251 351 285 242 0
251 304 234 255 0
285 386 242 351 0
251 342 304 317 0
251 351 242 342 0
251 304 342 225 0
256 2244 277 2034 0
256 2034 313 307 0
110 104 84 75 0
251 225 342 242 0
2343 283 220 208 0
2271 2381 1503 1524 0
2225 2271 1503 1524 0
113 102 2461 88 0
82 2472 91 86 0
94 101 110 78 0
179 193 198 238 0
86 2472 101 78 0
323 2301 309 247 0
288 353 338 2222 0
148 202 158 229 0
2035 482 380 368 0
358 368 2035 309 0
435 465 2035 358 0
2343 2035 358 435 0
465 482 2035 368 0
272 357 336 331 0
2301 2222 380 2035 0
408 472 600 431 0
2260 308 2397 2356 0
70 76 109 85 0
84 75 104 79 0
2232 2331 1184 2042 0
148 146 127 115 0
2343 2339 231 309 0
238 271 267 193 0
2232 1102 1184 2331 0
273 202 192 292 0
860 941 816 834 0
230 209 198 163 0
273 292 268 357 0
124 147 128 116 0
948 2269 2232 824 0
2277 2353 2336 2380 0
2353 2384 2040 2277 0
941 1051 974 1050 0
346 418 379 385 0
948 2269 824 949 0
81 82 2461 88 0
942 994 1050 982 0
119 112 2297 132 0
2461 82 91 88 0
124 116 95 118 0
2461 97 88 91 0
109 76 73 81 0
124 116 128 100 0
346 329 276 337 0
379 346 329 276 0
404 411 331 431 0
286 2404 221 209 0
239 134 130 113 0
340 291 269 2260 0
276 271 280 198 0
171 154 165 142 0
611 606 566 703 0
238 198 271 193 0
705 692 800 679 0
286 276 2404 209 0
502 568 344 425 0
168 261 134 130 0
2343 231 298 309 0
567 502 600 416 0
2279 819 723 2124 0
235 2397 200 186 0
723 911 819 2279 0
392 2356 507 402 0
796 807 699 2385 0
465 482 592 2035 0
334 385 364 403 0
611 703 2455 681 0
404 563 411 581 0
265 323 247 2301 0
385 346 329 379 0
606 566 555 417 0
334 385 337 329 0
2227 2221 2138 2201 0
345 275 301 334 0
345 364 334 301 0
271 280 198 238 0
2337 2201 2221 2227 0
276 337 329 271 0
2227 2221 2337 2273 0
345 403 364 412 0
364 334 329 385 0
230 153 163 198 0
345 364 403 334 0
346 337 385 329 0
988 1037 1063 2306 0
479 405 403 385 0
275 207 238 267 0
271 267 301 238 0
301 334 267 271 0
301 271 329 334 0
434 590 577 403 0
385 405 337 417 0
334 405 337 385 0
606 479 500 405 0
364 403 385 434 0
364 403 434 412 0
590 577 403 552 0
403 557 552 577 0
403 577 412 557 0
434 403 577 412 0
346 379 2404 276 0
2203 297 2245 2313 0
2230 297 2245 2203 0
346 337 417 385 0
301 334 329 364 0
334 329 337 271 0
479 590 403 405 0
555 417 405 606 0
479 403 590 434 0
479 418 405 385 0
606 405 590 479 0
295 603 2032 597 0
295 597 384 603 0
606 500 417 405 0
2404 2357 2332 2264 0
417 426 2455 566 0
566 426 2455 571 0
897 912 927 1009 0
309 2301 2339 247 0
800 679 692 806 0
800 694 679 804 0
800 679 806 804 0
800 692 809 806 0
694 590 705 555 0
705 555 679 694 0
606 555 590 405 0
705 679 555 566 0
500 418 405 479 0
705 679 800 694 0
705 679 566 692 0
2408 1434 1784 1648 0
606 590 555 705 0
418 417 385 346 0
2455 426 346 352 0
2455 418 455 379 0
1784 2371 1434 2408 0
796 699 807 692 0
2472 101 78 110 0
988 871 1037 2306 0
889 1003 928 2306 0
889 897 809 928 0
889 928 1003 897 0
703 566 571 692 0
703 606 566 705 0
796 2385 699 703 0
796 692 800 705 0
796 705 703 692 0
796 692 809 800 0
796 800 809 889 0
91 2472 96 86 0
2268 2033 2288 2213 0
592 718 711 2035 0
604 482 2222 2035 0
496 504 619 2222 0
718 2222 2035 604 0
704 585 2035 2358 0
179 153 193 149 0
208 284 151 161 0
2343 231 2297 220 0
299 2472 201 362 0
2288 2033 2268 2315 0
988 2306 1003 889 0
988 871 2306 889 0
2033 2221 2318 2228 0
2228 2213 2033 2221 0
2228 2213 2288 2033 0
2228 2342 2318 2033 0
2351 384 622 572 0
622 657 572 384 0
2318 2033 2273 2221 0
2400 2033 2264 2332 0
571 2455 584 426 0
2228 2033 2288 2342 0
502 344 416 425 0
592 604 2035 482 0
592 2035 585 465 0
2281 704 2358 698 0
568 425 502 567 0
502 425 416 567 0
2343 358 350 425 0
576 2358 435 585 0
585 2035 2358 435 0
948 1045 2269 949 0
824 718 2035 711 0
942 1048 1050 2402 0
1256 2215 1088 1091 0
942 1050 994 2402 0
867 1088 2215 1091 0
725 813 685 702 0
941 974 982 1050 0
2281 860 817 782 0
2035 711 820 824 0
704 711 820 2035 0
704 711 2035 585 0
711 2035 585 592 0
948 2232 820 824 0
2138 2230 2223 2064 0
2138 2223 2277 2159 0
685 690 813 725 0
834 813 823 939 0
860 974 982 941 0
375 343 315 274 0
272 268 357 331 0
450 2345 444 522 0
450 444 2345 536 0
688 682 702 556 0
966 1052 939 938 0
2357 2033 2440 2332 0
756 817 816 860 0
756 690 725 816 0
336 272 375 357 0
966 1052 1051 939 0
756 816 698 690 0
966 943 938 823 0
725 690 567 559 0
813 941 834 816 0
2225 1265 2271 2282 0
2282 2271 2403 1265 0
823 815 943 938 0
502 344 472 416 0
834 939 823 966 0
556 702 685 682 0
568 425 567 576 0
425 2358 2343 435 0
756 690 698 567 0
756 567 600 725 0
756 816 834 860 0
756 834 816 725 0
966 1057 1051 1052 0
2343 283 208 343 0
823 813 702 812 0
148 176 229 158 0
823 812 815 938 0
2343 2035 435 2358 0
2296 2157 2283 2321 0
2296 2192 2283 2157 0
2316 530 2192 2283 0
2358 2035 2281 2289 0
725 813 816 690 0
161 208 284 2297 0
343 568 344 502 0
404 556 581 408 0
2343 309 358 2035 0
2343 435 358 425 0
404 411 431 581 0
688 702 682 812 0
343 283 344 350 0
226 129 117 161 0
336 431 357 472 0
2404 168 209 163 0
168 163 261 130 0
179 193 153 198 0
994 2281 782 860 0
782 567 576 568 0
966 974 1051 1057 0
725 702 559 581 0
966 1051 974 939 0
815 812 702 688 0
756 816 817 698 0
756 860 782 817 0
725 685 690 559 0
823 813 812 939 0
2358 2343 2035 2289 0
823 939 812 938 0
725 559 600 581 0
756 567 782 502 0
756 502 600 567 0
834 941 939 974 0
834 941 813 939 0
756 690 567 725 0
756 698 817 782 0
567 698 782 576 0
756 782 567 698 0
860 816 942 817 0
860 941 942 816 0
860 941 982 942 0
994 982 942 860 0
192 202 148 229 0
2218 2313 2232 2042 0
2339 309 2343 2035 0
2256 2348 2384 2230 0
2348 2230 2040 2384 0
2357 2440 2033 2437 0
2472 112 96 86 0
831 871 2306 1037 0
988 1063 1003 2306 0
2332 2440 2400 2033 0
2437 2033 2259 2440 0
179 238 198 230 0
565 2455 455 506 0
95 93 124 76 0
153 147 230 118 0
179 193 160 149 0
179 207 193 238 0
646 2206 623 641 0
623 2206 2172 641 0
646 2278 623 2206 0
455 2455 379 2404 0
417 2455 426 346 0
230 163 302 209 0
2357 2033 2332 2264 0
2461 82 2472 91 0
166 161 2297 208 0
226 151 176 284 0
141 78 110 2472 0
163 261 230 302 0
2316 2283 2253 790 0
2283 2253 790 2157 0
124 118 239 147 0
148 146 115 151 0
226 101 117 129 0
226 151 284 161 0
276 333 280 329 0
124 102 239 118 0
94 92 125 115 0
2297 208 343 2343 0
149 147 153 116 0
70 85 109 79 0
99 84 92 110 0
341 357 331 431 0
110 94 78 75 0
125 110 101 2472 0
78 104 110 75 0
141 78 104 110 0
70 104 73 75 0
82 73 141 78 0
141 2461 109 81 0
268 272 292 192 0
332 2297 284 371 0
94 125 117 115 0
192 259 229 148 0
343 350 344 568 0
2297 129 226 161 0
349 2447 570 362 0
166 2297 220 208 0
343 283 208 274 0
349 282 2297 2447 0
146 226 117 151 0
166 132 2297 129 0
341 411 431 331 0
192 229 292 202 0
408 416 472 336 0
343 274 344 283 0
146 117 226 125 0
226 176 151 146 0
2343 220 283 231 0
151 226 117 161 0
2287 454 450 2255 0
2350 2255 454 2287 0
2350 2438 2287 454 0
92 94 110 75 0
315 229 292 192 0
226 2472 101 129 0
115 99 125 127 0
115 117 146 125 0
151 259 192 148 0
148 151 176 146 0
148 176 158 146 0
115 117 151 146 0
315 259 229 192 0
315 208 259 197 0
315 272 197 192 0
192 315 259 197 0
148 229 176 259 0
315 272 274 197 0
292 272 315 192 0
315 208 197 274 0
274 208 343 315 0
375 344 343 274 0
341 357 268 331 0
408 431 336 472 0
331 336 431 357 0
272 357 268 292 0
341 268 357 273 0
408 431 331 336 0
404 331 408 431 0
336 272 274 375 0
408 431 600 581 0
408 559 556 581 0
408 600 472 416 0
600 567 416 559 0
375 272 292 357 0
375 357 472 336 0
375 344 274 336 0
375 272 274 315 0
375 344 336 472 0
375 472 502 344 0
375 344 502 343 0
893 887 2407 980 0
893 887 726 2407 0
151 192 259 197 0
657 652 2148 773 0
2315 122 2342 145 0
2459 892 963 914 0
1103 1120 2325 1202 0
2404 261 2315 134 0
2315 239 261 347 0
1669 1807 1682 1677 0
1669 1807 1872 1682 0
1682 1874 1807 1872 0
1803 1754 1729 1819 0
2230 2064 2033 2245 0
2180 2322 2450 2229 0
2090 561 2045 643 0
792 620 627 615 0
2035 2222 2269 2309 0
1310 1327 1514 2292 0
60 11 12 35 0
12 40 60 16 0
60 32 74 52 0
60 32 35 74 0
2401 2397 2356 2308 0
226 2297 161 284 0
546 539 2401 424 0
785 2401 2229 2308 0
599 546 2401 424 0
1295 1188 2038 1189 0
163 302 2404 261 0
1066 2384 1054 1097 0
1097 2391 2384 2348 0
1704 1718 2467 1797 0
2074 2173 2221 2245 0
2074 2173 2212 2221 0
2173 2221 2213 2212 0
1220 1324 2396 1178 0
2396 1220 1246 1324 0
1319 1288 1309 1439 0
1319 1186 1288 1318 0
1186 1179 1288 1318 0
1823 1773 1818 1829 0
1928 1934 1957 1960 0
792 627 620 793 0
793 643 727 792 0
792 627 617 615 0
627 786 766 792 0
792 617 627 786 0
2394 2290 2241 1760 0
1834 1760 2290 2394 0
2072 2333 1613 1369 0
2058 637 2046 706 0
2046 2047 706 637 0
706 2032 474 598 0
2458 668 2278 896 0
706 474 2032 607 0
598 2032 474 393 0
2217 2037 2305 2234 0
2343 371 343 2297 0
801 803 920 912 0
801 674 803 804 0
801 804 803 912 0
709 935 926 448 0
235 2397 270 279 0
448 695 926 709 0
448 2028 935 926 0
495 2455 455 565 0
418 455 495 2455 0
1253 2450 1561 1432 0
1004 2270 788 805 0
2270 1004 788 549 0
1571 2042 2352 1634 0
2065 2066 1739 1717 0
1925 2171 1717 2445 0
2066 1700 1688 1585 0
2171 1884 1688 1925 0
2066 1597 1679 1585 0
1148 1223 1341 1364 0
1148 1341 2420 1364 0
642 750 2133 2079 0
2117 2078 750 986 0
2049 979 776 999 0
731 2304 2049 999 0
775 987 975 2434 0
2087 656 2060 2059 0
2344 1506 1701 2464 0
2344 2211 1786 1732 0
2398 2344 1805 1763 0
2464 1701 2050 1873 0
634 706 2103 2105 0
2161 2032 607 706 0
2069 656 597 642 0
2158 2105 2121 2046 0
2149 2105 2121 2158 0
2149 2153 2104 2105 0
1812 1742 1648 1705 0
1863 1648 1658 1840 0
1863 1648 1742 1658 0
2342 2318 2357 2404 0
2258 1847 2293 1785 0
2258 1847 2243 2293 0
2243 1847 2236 2293 0
2268 2033 2329 2315 0
1896 1818 1851 1898 0
2076 1126 2181 1049 0
1622 1580 1660 1630 0
82 78 141 2472 0
2051 2069 656 652 0
773 2161 607 706 0
773 706 607 634 0
2413 2040 2375 2349 0
2404 2455 346 286 0
2404 455 396 379 0
1704 2467 1779 1797 0
2382 1475 1565 1572 0
1730 1810 1576 2467 0
1718 2467 1810 1730 0
1539 1325 1470 1457 0
1539 1325 1394 1470 0
1539 1325 1558 1772 0
2382 1506 1689 1613 0
2423 2191 2344 2340 0
2069 610 656 652 0
789 776 862 2162 0
862 789 999 776 0
2366 1169 1081 1167 0
2366 1085 1173 1087 0
1669 1681 1465 1682 0
1669 1677 1465 1473 0
1465 1554 1637 1494 0
1669 1465 1677 1682 0
1669 1465 1681 1461 0
2461 109 311 141 0
141 201 2472 110 0
151 259 176 284 0
2231 2319 2145 2294 0
151 176 259 148 0
2294 952 951 1038 0
2060 2057 657 819 0
2231 2145 2312 2294 0
2344 1560 2398 1701 0
951 952 2294 832 0
2095 2072 2333 1475 0
2072 1475 1360 1565 0
2162 645 862 789 0
530 2193 2192 2296 0
2295 625 731 2304 0
530 2193 2296 2362 0
530 2296 2283 2321 0
731 2195 2205 2304 0
591 2295 2032 2304 0
530 2192 2283 2296 0
530 2296 2321 2362 0
656 2057 2087 2060 0
2402 1119 1124 1203 0
508 614 2270 2146 0
1198 1203 1122 2402 0
614 508 2270 2167 0
2270 508 478 2167 0
1893 1901 1780 1897 0
508 2146 2270 2251 0
1901 1860 1780 1897 0
478 508 2270 2251 0
976 863 2115 2367 0
2367 863 2115 2231 0
2053 1097 2384 1066 0
1901 1654 1775 1893 0
1893 1780 1886 1897 0
1901 1860 1775 1654 0
1812 1742 1705 1825 0
1812 1648 1742 1863 0
2055 1688 2109 1733 0
2190 903 676 689 0
826 904 903 689 0
2190 676 903 663 0
826 689 903 872 0
2190 470 561 662 0
2190 394 561 470 0
409 413 395 470 0
2190 409 564 394 0
2190 490 413 470 0
2190 409 394 470 0
2190 413 409 470 0
1061 981 2388 992 0
1985 1979 2043 2012 0
2016 2014 2012 1985 0
1655 1607 1502 1699 0
1557 1450 1645 1655 0
1557 1607 1450 1655 0
2140 1693 1560 2101 0
1733 2109 2056 1688 0
1693 1560 2101 2102 0
1560 1700 1585 1688 0
2107 1611 1707 1642 0
2056 1890 1921 1768 0
1879 1818 1898 1865 0
1879 1818 1829 1875 0
1879 1829 1818 1865 0
2060 656 2057 819 0
2059 656 2060 819 0
2060 819 2126 2124 0
2057 610 652 656 0
2057 572 384 2087 0
2099 2100 773 894 0
2127 773 894 819 0
2057 384 572 657 0
2057 652 610 657 0
2087 2057 656 384 0
600 559 725 567 0
600 559 408 581 0
600 559 416 408 0
2060 2087 572 2057 0
2057 656 384 610 0
657 2124 2123 2126 0
2124 2125 2060 723 0
2124 2060 819 723 0
894 819 2279 2124 0
2099 2100 894 670 0
657 819 2124 2126 0
2041 2312 2246 2224 0
2174 2040 2311 2223 0
2208 2246 2224 2041 0
2298 2313 2174 2042 0
2298 2331 2313 2042 0
2352 2174 2042 2298 0
1466 2352 2042 2298 0
1094 1176 2331 2294 0
1094 2294 2331 1043 0
2407 515 520 726 0
2407 515 458 520 0
126 26 62 87 0
276 333 329 379 0
276 2404 346 286 0
2118 2263 1642 1597 0
2119 2061 1642 1611 0
2118 1688 1716 2061 0
2067 1585 1688 2048 0
2061 1688 1716 1768 0
2118 1585 2263 1597 0
610 597 2084 2069 0
2084 2083 2051 819 0
2069 2083 2051 2084 0
2083 2084 2161 819 0
2084 2051 656 819 0
1399 2387 2247 1455 0
2325 1202 1341 1282 0
2218 2042 2232 2300 0
2161 652 773 607 0
2103 2058 2046 706 0
474 607 316 243 0
2158 2046 641 639 0
2387 1109 1298 1088 0
2161 2032 2250 819 0
2183 2387 1088 1109 0
2161 652 819 773 0
894 1109 2183 1088 0
2404 302 347 261 0
276 280 2404 209 0
209 2404 302 280 0
302 347 333 2404 0
805 553 2270 788 0
558 805 2454 825 0
1730 1576 1810 1823 0
1730 1773 1576 1823 0
1810 1612 1823 1576 0
1143 1125 1208 1137 0
1143 1125 1137 1059 0
1143 1125 1059 1127 0
1009 1035 928 1003 0
1009 1035 1074 1039 0
1009 928 1035 1039 0
1419 2038 1295 1294 0
1419 2038 1493 1413 0
1420 2038 2376 1518 0
1751 1731 1773 1811 0
2351 305 384 572 0
1751 1773 1731 1699 0
1751 1811 1773 1829 0
1858 2044 1911 1768 0
1858 1911 2044 1917 0
2435 305 384 2351 0
1858 2044 1904 1917 0
1385 1466 1401 2042 0
1275 2042 1401 1414 0
2466 1612 1491 1775 0
1654 1534 1491 2284 0
2070 1506 1696 1739 0
2070 1700 1506 1739 0
2136 1691 2135 1674 0
78 104 73 141 0
1857 1874 1807 1677 0
1807 1874 1682 1677 0
1857 1874 1894 1807 0
1256 2215 1315 1399 0
2218 2348 2230 2040 0
1405 1470 1447 1409 0
1855 2413 2375 2349 0
2413 2375 2040 2408 0
1644 1694 1666 2377 0
1130 2156 2175 2217 0
2156 1130 2175 881 0
2461 299 141 311 0
86 82 2472 78 0
155 388 123 167 0
289 388 369 278 0
155 388 289 278 0
155 123 388 111 0
2295 862 2304 731 0
632 2162 862 776 0
297 2311 2310 2312 0
297 2311 2312 2313 0
70 104 109 73 0
70 79 104 75 0
70 109 104 79 0
1744 1773 1699 1730 0
1744 1699 1773 1751 0
1097 2384 1271 2053 0
1114 1198 1122 2402 0
2181 2219 2191 2237 0
2336 2277 2252 2266 0
2073 2196 2036 2089 0
2472 82 2461 141 0
1286 1341 1140 1223 0
1140 1341 1148 1223 0
1181 1329 1140 1286 0
1286 1341 1329 1140 0
1206 1286 1140 1223 0
1414 2370 1512 1529 0
662 872 689 826 0
1406 2299 1357 1110 0
2299 1093 1357 1110 0
2345 522 450 528 0
2032 819 2084 750 0
2130 2133 2032 597 0
603 295 2032 469 0
2198 2205 2116 776 0
2202 2204 2086 656 0
2202 603 2204 656 0
2051 656 819 652 0
2051 819 2083 652 0
2079 750 2084 642 0
2079 642 2084 597 0
569 493 628 649 0
569 613 493 529 0
569 493 649 505 0
1178 1220 1324 1332 0
1178 2300 2396 1220 0
2289 2203 2232 2218 0
2289 2245 2035 2232 0
2289 2245 2232 2203 0
2289 2232 2035 2281 0
2289 2232 2281 2218 0
599 2401 546 648 0
599 546 650 648 0
546 2401 539 648 0
599 650 546 551 0
1062 2420 1152 1148 0
978 973 2420 921 0
1875 1861 1818 1823 0
1861 1875 1818 1896 0
1861 1810 1612 1823 0
2067 1688 2066 1884 0
1679 2066 1585 2065 0
1925 1688 2171 2445 0
2070 1700 1585 1506 0
2048 1688 1884 1716 0
942 2281 860 817 0
2232 2035 820 824 0
1113 1100 1108 1197 0
1113 1108 1100 1042 0
1113 1042 1100 1112 0
607 2149 316 441 0
1590 1579 1532 1596 0
1883 1913 2082 1736 0
2082 1913 1883 1701 0
1701 2444 1700 1733 0
2102 1700 1701 1560 0
1701 1912 2444 1913 0
967 964 720 462 0
907 2029 985 2421 0
907 990 2421 985 0
230 147 261 118 0
163 230 261 118 0
163 168 261 2404 0
967 724 964 462 0
407 248 138 487 0
167 487 407 138 0
586 2295 2068 645 0
138 407 330 360 0
248 360 407 138 0
407 138 330 123 0
2154 729 612 658 0
167 123 138 407 0
462 961 724 964 0
462 964 716 961 0
1878 1654 1658 1886 0
1398 1165 2367 2041 0
2367 2041 1177 2415 0
1096 1155 2415 2367 0
1198 1306 2396 1190 0
1428 2412 1440 1714 0
750 2084 656 819 0
656 2202 603 642 0
750 656 2059 819 0
167 388 123 407 0
407 388 123 330 0
2084 597 610 2032 0
2133 2084 2032 597 0
1266 1260 1808 1337 0
2187 1228 2184 1149 0
1808 1505 1260 1542 0
1808 1260 1266 1542 0
1808 1260 1505 1337 0
1420 1419 2038 1518 0
1420 2376 2038 1294 0
2092 1717 2071 2091 0
2065 2066 1700 1739 0
1700 1739 2070 2065 0
2092 2071 2065 1585 0
1696 2071 1506 2070 0
2071 2070 1585 1506 0
2065 2071 2070 1585 0
2091 1506 2071 1585 0
2091 1679 1506 1585 0
2336 2380 2252 2277 0
1291 1190 2396 1306 0
1275 2042 1291 1190 0
2211 1725 2464 1786 0
2211 2464 2344 1786 0
1565 2382 1572 1661 0
2382 2072 2333 1613 0
1469 2379 1640 2449 0
2217 1274 2075 1391 0
622 2351 487 348 0
1839 2467 1810 1797 0
578 2183 659 2363 0
578 659 2183 2214 0
578 2183 2363 623 0
1695 1675 2377 1684 0
1360 2072 2095 1475 0
2076 2333 1141 2181 0
2315 2437 2033 2329 0
627 488 615 428 0
627 488 617 615 0
615 423 428 488 0
1434 1548 1454 2371 0
418 385 417 405 0
418 405 417 500 0
418 417 346 2455 0
1735 2376 1649 1522 0
1735 1474 1592 1540 0
1068 1035 1101 1074 0
1068 2306 1035 1003 0
2306 1101 1035 1099 0
2382 1732 1565 1613 0
2464 1701 2344 2050 0
1650 1661 1551 2344 0
2297 282 281 226 0
349 2447 332 410 0
349 281 332 2297 0
118 147 124 116 0
2252 2040 2277 2380 0
2380 2040 2408 2252 0
2380 2040 2353 2371 0
2380 2040 2371 2408 0
81 124 109 76 0
1404 1476 1410 2041 0
1979 2043 1941 1985 0
1979 1985 2013 2012 0
1979 1941 2043 1940 0
1979 2043 2012 1940 0
2371 2040 2391 2375 0
2384 1271 2391 1097 0
1329 1282 2325 1341 0
2325 1202 1282 1191 0
1191 2325 1202 1103 0
1408 2382 1572 1475 0
2072 1613 2382 1565 0
2072 2382 2333 1475 0
1565 2382 1661 1732 0
2379 1469 2075 2217 0
1640 2379 2075 1391 0
102 130 239 118 0
163 261 130 118 0
62 77 43 26 0
26 33 126 77 0
62 77 26 126 0
2466 1861 1612 1775 0
2466 1861 1775 1896 0
1775 1612 1818 1861 0
2413 2040 2349 2239 0
2344 2050 2398 1805 0
1805 1809 1786 2050 0
2050 1809 2464 1873 0
2050 1809 1786 2464 0
2050 1809 1873 1833 0
2050 1805 1809 1833 0
2077 1128 1011 998 0
2076 2184 1141 2333 0
2081 2077 1149 2076 0
2076 1126 2333 2181 0
2076 1011 1126 1049 0
2076 2181 1141 970 0
2076 1011 1049 915 0
1216 1364 2420 1211 0
1216 1364 1323 1377 0
1216 1211 2420 1135 0
1216 1364 1377 2420 0
2079 2133 2084 750 0
986 1131 979 2323 0
2133 2132 2032 750 0
2383 2034 2244 2145 0
2274 2322 2310 2229 0
2040 2311 2230 2218 0
2117 750 723 986 0
2346 2230 2218 2348 0
1203 1127 1125 1208 0
2063 410 2289 570 0
2063 2289 410 835 0
2154 612 586 658 0
598 644 2295 580 0
598 644 637 706 0
2079 2084 2133 597 0
1405 1457 1349 1451 0
1405 1349 1457 1470 0
1623 1592 1735 1746 0
1623 1735 1548 1812 0
1503 2314 1782 2271 0
2404 261 347 2315 0
2297 282 349 281 0
2396 1412 1320 1287 0
2396 1287 1320 1246 0
1246 1324 1320 2396 0
2 1 11 31 0
31 11 52 1 0
31 9 2 1 0
2133 597 603 642 0
2116 731 2049 776 0
2116 731 2205 2304 0
2078 2116 2304 986 0
2396 1414 1291 1425 0
1253 1544 1561 1478 0
1253 1544 1478 1352 0
107 2472 119 112 0
107 96 2472 112 0
101 226 125 2472 0
1041 1032 1092 1015 0
1041 1032 1100 1092 0
1041 1032 1015 925 0
129 112 2297 2472 0
2076 1141 2081 984 0
998 2077 2076 1011 0
2076 2077 1149 1126 0
2076 998 1011 858 0
2081 984 998 2076 0
2081 998 2077 2076 0
970 2076 984 1141 0
969 915 931 2388 0
1564 1521 1663 1657 0
1129 2367 1096 1065 0
2384 2371 2040 2391 0
2370 2392 1450 1363 0
1529 1645 1450 2392 0
1529 2370 2396 1414 0
153 147 118 116 0
149 160 147 128 0
149 179 147 160 0
149 147 116 128 0
271 301 280 238 0
271 280 329 276 0
271 280 301 329 0
1562 2452 1619 1573 0
1545 2452 1598 1604 0
1362 1384 2375 1491 0
1211 1202 1341 2325 0
1211 1364 1341 1303 0
1211 2420 1341 1364 0
1211 2420 1135 1120 0
1378 1506 2418 1369 0
1369 1506 1613 1597 0
1378 1597 1506 1369 0
1548 1474 2380 1720 0
2376 1474 2380 1454 0
1649 1522 2376 1441 0
1400 1474 1522 2376 0
2031 537 541 774 0
2395 2036 2257 2276 0
1282 1303 1341 1364 0
1303 1377 1323 1364 0
1701 1900 1665 2082 0
1701 1913 1900 2082 0
1900 2082 1913 1736 0
2209 1560 1624 1586 0
1701 1883 2082 1624 0
2210 1701 1624 2209 0
2210 1701 1665 1624 0
2209 2210 1560 1586 0
1195 1186 1100 1197 0
1195 1092 1100 1186 0
1195 1100 1092 1112 0
474 2058 2103 706 0
2153 2149 607 441 0
641 773 2150 2153 0
2103 474 2121 2046 0
2148 2062 773 634 0
2105 2062 634 706 0
2161 2083 819 652 0
2083 652 2069 2051 0
2069 2084 610 2083 0
2084 2083 2161 610 0
2161 610 2083 652 0
2083 2069 652 610 0
652 607 2161 610 0
2084 642 656 2051 0
2084 2069 642 2051 0
1248 1097 2391 1271 0
1669 1465 1494 1473 0
656 384 2088 2087 0
750 2117 2088 2086 0
723 750 2059 819 0
723 819 2059 2060 0
2085 656 603 384 0
2117 750 2078 2086 0
1451 1280 1349 1382 0
1451 1325 1279 1558 0
1451 1279 1325 1280 0
1451 1280 1325 1349 0
113 2315 145 122 0
113 239 2315 2461 0
113 2315 134 145 0
913 2421 990 993 0
1716 1841 2044 1914 0
1716 1884 2044 1768 0
1716 2044 1884 1914 0
1655 1607 1699 1664 0
908 2098 2420 969 0
1140 1341 2420 1148 0
1062 978 973 2420 0
1064 1061 1132 2388 0
973 921 908 2420 0
1140 2420 1062 1148 0
2376 1454 1372 1474 0
1720 1649 2376 1631 0
708 2385 807 810 0
699 708 2385 807 0
863 636 2383 888 0
857 790 2253 2214 0
1629 1579 1621 1596 0
1621 1579 1590 1596 0
1629 1595 1579 1270 0
1629 1270 1579 1432 0
1629 1579 1595 1621 0
1629 1579 1596 1432 0
473 529 493 453 0
2392 1437 1576 1502 0
2467 2392 1576 1730 0
2392 1576 1437 2467 0
1718 2467 2392 1704 0
1258 1385 1401 2042 0
378 279 2397 245 0
378 494 2397 279 0
1685 1605 1647 1726 0
2454 1020 1547 825 0
2454 805 558 2270 0
2454 1020 805 2270 0
208 151 259 197 0
208 315 259 343 0
1882 1885 2466 1893 0
2284 1654 1534 1878 0
1839 2467 2368 1612 0
1839 1821 2467 1779 0
1364 1359 1377 1334 0
717 605 593 2227 0
495 418 2455 500 0
2455 417 611 500 0
542 611 500 2455 0
417 566 2455 611 0
542 500 495 2455 0
611 417 606 500 0
2050 2398 1833 1883 0
2398 1701 1560 1624 0
1332 1220 1320 1290 0
1332 1324 1320 1220 0
1332 1320 1412 1290 0
1320 2396 1324 1412 0
1320 1412 1324 1332 0
98 62 71 87 0
98 62 90 71 0
2090 2045 561 663 0
2090 633 643 727 0
1620 1589 2039 1574 0
2342 2033 2288 2315 0
2376 1400 1474 1372 0
2143 1506 1689 1696 0
2071 2144 1506 2091 0
2144 2091 1679 1506 0
2092 1717 2065 2071 0
2065 2070 1700 1585 0
2171 2066 1717 1739 0
2065 1700 2066 1585 0
2071 2143 1696 1506 0
1506 1613 1597 1679 0
2143 2144 1506 2071 0
2183 2093 867 659 0
2099 773 2100 641 0
2370 1287 1363 1450 0
1529 1645 2392 1628 0
239 109 311 2461 0
2095 2052 2072 1360 0
1369 2072 2333 2052 0
1128 1228 1261 1149 0
2095 2333 2072 2052 0
2163 2052 2185 1369 0
1570 1497 1607 1556 0
1570 1556 1607 1646 0
1570 1646 1607 1664 0
1581 2286 2037 2305 0
1474 1522 1735 1592 0
1548 1735 1540 1474 0
2455 2385 571 584 0
584 2385 699 708 0
2412 2395 2036 2257 0
1711 1792 2239 1737 0
992 931 2388 969 0
2099 2172 773 641 0
2127 2128 894 773 0
2127 819 894 2124 0
2101 1700 2176 1733 0
1665 1900 1701 1733 0
2102 1701 1733 1665 0
2176 1700 1688 1733 0
1688 1733 2055 2176 0
1611 1688 1560 1585 0
892 940 830 2138 0
744 838 2178 866 0
2189 2261 2253 2197 0
2046 2058 2103 474 0
2121 2105 2103 2046 0
2103 2104 474 607 0
2103 474 706 607 0
607 657 2150 441 0
2150 641 2155 773 0
2155 641 2100 773 0
2105 2062 706 639 0
2149 2153 607 2104 0
2121 474 2104 607 0
2106 505 569 649 0
584 2227 593 467 0
1840 1648 1801 1812 0
1840 1863 1648 1812 0
1611 1707 2108 2107 0
1611 2108 1688 2107 0
2108 1768 2056 1688 0
2107 1688 1611 2061 0
2067 1597 1585 2048 0
1716 2061 2119 2118 0
2118 1585 1688 2061 0
1921 2056 1733 1890 0
1688 2056 1733 1921 0
2119 1642 2263 1611 0
2107 1768 1688 2061 0
1585 2119 2061 2118 0
2118 1716 1688 2048 0
1335 1332 1412 1290 0
2088 656 2085 384 0
2133 2079 597 642 0
2088 656 2086 2085 0
2088 656 2059 750 0
2088 656 750 2086 0
2204 656 603 2085 0
2113 2112 2110 642 0
750 2086 2202 2078 0
2195 750 2202 2078 0
2088 656 2087 2059 0
26 39 47 24 0
26 87 47 39 0
26 47 126 33 0
26 126 47 87 0
2353 2280 2384 2277 0
2110 603 642 2112 0
2110 2111 2114 2112 0
2112 2110 2111 2113 0
2111 2304 750 2195 0
691 2304 2111 713 0
750 2304 2078 2195 0
2180 2450 2322 2335 0
2325 940 1060 978 0
822 2138 892 830 0
603 2110 642 2202 0
1931 1957 1923 1934 0
1923 1957 1928 1934 0
1931 1957 2015 2014 0
1931 2015 1957 2017 0
1931 1957 1920 1923 0
1931 2017 1957 1934 0
2396 1287 1246 1213 0
2396 1213 1246 1185 0
2396 1412 1287 1433 0
2353 2280 2277 2199 0
2383 888 636 2034 0
636 2244 2034 386 0
636 386 468 2244 0
636 2383 2034 2244 0
1127 2402 1122 1203 0
1127 1119 2402 1203 0
1127 1125 1119 1203 0
2192 2177 2037 2216 0
770 696 879 746 0
770 879 700 783 0
770 879 868 746 0
747 583 2244 636 0
2116 2078 2200 2117 0
2078 2117 2116 986 0
2202 2110 750 2195 0
2117 723 750 2088 0
2200 2117 2078 2086 0
2118 1585 1597 2048 0
1585 2119 2263 1611 0
2118 1585 2048 1688 0
2067 1688 1585 2066 0
2067 2066 1585 1597 0
2107 1768 2108 1688 0
95 124 81 76 0
93 100 124 76 0
93 95 124 116 0
93 116 124 100 0
622 657 2100 2128 0
669 2123 657 2129 0
2128 669 657 2129 0
911 986 723 750 0
911 750 723 819 0
2153 639 641 773 0
2270 1069 1020 1058 0
2270 1058 1020 1004 0
208 284 259 151 0
208 259 284 343 0
1903 1860 1899 1895 0
1903 1901 1860 1851 0
1903 1851 1860 1895 0
1901 1860 1851 1775 0
1488 2042 1414 1401 0
692 699 703 796 0
776 632 731 862 0
1593 1691 1674 1763 0
1691 1805 2137 2135 0
892 914 2459 810 0
822 2459 810 892 0
1225 1355 1228 2333 0
2334 667 2362 578 0
2185 2163 2184 2187 0
2175 2387 2247 2214 0
2185 1369 2184 2163 0
2283 2157 790 2321 0
670 2127 2129 2128 0
2124 669 2123 572 0
2153 2062 639 773 0
1645 2392 1718 1730 0
296 287 257 252 0
2322 2039 2405 2335 0
2335 1175 1181 2180 0
1263 1380 2159 1329 0
2138 940 2325 892 0
1662 1892 1835 1806 0
1701 1700 2464 1506 0
1873 1739 1700 1912 0
963 2459 1016 1047 0
95 102 124 118 0
963 2459 1047 2325 0
2138 2325 2459 892 0
1271 2391 1248 1384 0
2122 2036 1636 2299 0
2210 1560 1693 2102 0
2210 1701 1560 2102 0
2104 2105 2121 2149 0
316 474 2121 607 0
2153 607 2150 441 0
2046 639 2105 706 0
2046 2105 2103 706 0
2104 2103 474 2121 0
2121 2105 2104 2103 0
2207 657 2148 2150 0
2207 607 657 2150 0
92 110 125 99 0
92 94 125 110 0
92 125 115 99 0
2472 226 125 282 0
132 2297 129 112 0
1246 1185 1220 2396 0
1636 2036 1804 2285 0
2036 2254 1804 2285 0
2127 2123 657 2124 0
2127 670 894 2128 0
2126 572 2123 2125 0
2126 2123 657 2125 0
2125 657 2126 2060 0
2126 657 819 2060 0
2126 2124 2123 572 0
2172 2248 2194 2387 0
669 2124 2123 2127 0
657 572 669 622 0
2123 669 657 572 0
2125 2123 657 572 0
2125 657 2060 572 0
669 622 2128 657 0
2342 2318 2033 2357 0
2127 2123 669 2129 0
2127 657 2129 2128 0
2321 2214 2157 790 0
2127 657 819 2124 0
2123 2129 2127 657 0
12 40 10 4 0
12 40 11 60 0
2340 2191 1506 2219 0
25 11 52 32 0
2304 750 2032 2111 0
822 2201 2138 830 0
2133 2112 2113 642 0
1047 2459 1016 1103 0
2133 603 2112 642 0
2131 2032 2130 2132 0
2130 691 2032 2131 0
2133 2032 2084 750 0
2032 750 2132 2111 0
2032 2130 597 603 0
603 2032 691 469 0
2032 691 2130 603 0
2131 691 2304 2111 0
2133 642 2113 750 0
2032 691 2304 2131 0
2132 2113 2111 750 0
2113 750 2132 2133 0
2132 2032 2130 2133 0
209 302 2404 163 0
1615 2042 2291 1512 0
2291 2042 1615 1680 0
209 198 280 230 0
2404 280 333 302 0
209 280 302 230 0
2404 333 280 276 0
102 124 2461 81 0
102 95 124 81 0
81 2461 109 124 0
109 2461 239 124 0
377 326 359 328 0
539 415 2401 424 0
1695 2377 1687 1710 0
1878 1534 1855 1840 0
1855 1534 1826 1840 0
1878 1534 1840 1658 0
102 239 130 113 0
118 239 147 261 0
81 2461 102 88 0
1821 1839 2466 1876 0
1853 1821 2466 1876 0
1589 1533 2405 1501 0
2427 1130 2156 881 0
1130 2217 2427 2156 0
442 423 488 391 0
1101 1189 2038 1188 0
1557 1450 1433 1529 0
1557 1497 1450 1607 0
1645 1655 1450 1502 0
1557 1433 1450 1497 0
687 811 696 746 0
674 684 803 804 0
673 803 684 675 0
673 803 674 684 0
673 798 803 799 0
673 803 675 799 0
253 249 206 196 0
854 868 814 783 0
814 868 770 783 0
783 868 879 917 0
868 770 783 879 0
868 917 783 854 0
2423 1302 1650 2080 0
2423 1133 1302 1131 0
862 765 683 2295 0
2206 2194 1139 896 0
641 2172 773 706 0
2206 2164 1139 2194 0
1630 1660 1676 2452 0
2413 2040 2252 2408 0
214 2173 174 240 0
240 174 190 2173 0
1839 1861 2466 1885 0
1839 1861 1612 2466 0
2466 1861 1896 1885 0
1674 1691 2135 1763 0
2137 1691 2135 2136 0
1736 2135 2136 2137 0
2137 2136 1736 2141 0
2141 2398 1833 1691 0
2137 1691 2136 2141 0
2141 1833 2398 1883 0
1736 2136 1624 2141 0
2398 1883 1701 1624 0
2141 1736 1883 1624 0
984 858 2076 970 0
998 984 858 2076 0
11 40 31 52 0
2 11 40 31 0
2 15 40 4 0
2 40 15 9 0
52 11 40 60 0
2 40 9 31 0
2099 894 2094 670 0
2183 2410 2093 2094 0
2094 2183 2410 894 0
2128 894 773 2100 0
2472 299 201 141 0
1478 1402 1352 1467 0
1328 1352 1121 2450 0
1411 1402 2450 1478 0
73 109 141 104 0
73 141 109 81 0
73 104 78 75 0
1726 1803 1754 1729 0
1685 1754 1614 1639 0
1685 1614 1754 1588 0
1685 1754 1726 1647 0
1248 1362 1384 2391 0
1567 1497 1607 1570 0
1567 1607 1497 1557 0
2242 2036 2196 2249 0
2216 841 1083 1123 0
2328 2177 686 630 0
1436 1318 1288 1267 0
1439 1288 1436 1318 0
2109 2055 1707 1611 0
1056 1049 944 2388 0
944 1056 2388 969 0
1624 1883 2141 2398 0
1805 2050 2398 1833 0
1691 1805 2398 1833 0
1985 2015 2016 2014 0
1985 2015 1931 1988 0
1985 1931 2014 1920 0
1985 1931 2015 2014 0
314 258 2397 270 0
1099 1016 2459 1103 0
2412 2036 2299 2341 0
744 2189 2178 838 0
2143 1679 1613 1506 0
2144 2071 1717 2091 0
2143 1506 2144 1679 0
1717 2070 2065 2071 0
1717 2065 2070 1739 0
2418 1585 1378 2263 0
2418 1611 1585 2263 0
2418 1585 1560 1506 0
2418 1585 1506 1378 0
1306 2396 1291 1425 0
1414 2042 2370 2396 0
1414 2042 2396 1291 0
830 946 2180 940 0
946 1033 2180 1034 0
2472 2461 299 141 0
830 2180 2138 940 0
830 2138 2180 2201 0
1735 1720 1649 2376 0
1548 1474 1720 1735 0
970 2181 1147 922 0
2206 2181 922 1147 0
2295 2154 2181 970 0
1661 2344 1650 1732 0
1650 2423 2398 2344 0
2344 1763 1732 1786 0
1763 2344 1650 2398 0
2344 1805 1763 1786 0
1763 1691 1805 2398 0
1977 1948 1930 1935 0
1942 1977 1935 1943 0
1942 1977 1930 1935 0
1942 2000 1977 1943 0
1942 2011 2000 1943 0
858 970 2181 2076 0
858 2181 970 2295 0
1141 1147 970 2181 0
2076 2181 915 1049 0
1419 1420 2038 1294 0
1419 1293 2038 1413 0
1295 1189 2038 1191 0
1295 2038 1188 1294 0
1295 1191 2038 1293 0
1295 2038 1419 1293 0
702 556 559 581 0
702 685 559 556 0
170 174 2173 190 0
702 559 685 725 0
2472 282 201 362 0
284 343 371 2297 0
281 2297 226 284 0
1858 1924 1902 1904 0
773 819 657 652 0
773 2128 657 2127 0
2150 657 2148 773 0
1083 829 2073 1116 0
2153 2062 2104 2105 0
2170 2196 686 2177 0
773 2127 657 819 0
94 125 101 117 0
101 125 226 117 0
94 125 110 101 0
2153 2062 2105 639 0
1329 1181 2325 2180 0
2104 2062 2153 607 0
2207 2062 2148 634 0
2149 2105 2158 2153 0
2149 2121 2104 607 0
641 2158 639 2153 0
2158 2153 2105 639 0
2158 2105 2046 639 0
2100 773 657 2155 0
657 2150 2155 773 0
790 857 2253 2189 0
744 2178 2189 630 0
2316 2189 744 790 0
2352 2174 1634 2042 0
1602 2174 1671 1634 0
622 441 657 316 0
2374 2429 316 243 0
2155 2100 622 657 0
623 2183 2099 2172 0
657 773 2100 2128 0
1656 1443 1601 1659 0
618 2216 2156 841 0
2161 2032 610 607 0
2193 2156 2192 2157 0
2161 2032 2084 610 0
2161 2032 819 2084 0
632 2295 2162 645 0
2162 862 2295 632 0
645 632 2295 2068 0
2197 2196 2249 2177 0
838 2178 1093 2189 0
2316 2253 2189 790 0
2316 2192 2253 2283 0
1228 2163 2333 1408 0
2038 1099 2199 1191 0
2456 1099 2306 2199 0
2185 2052 2186 1360 0
2186 2052 2095 1360 0
822 830 733 2201 0
822 717 2201 733 0
2163 2052 2333 2095 0
140 170 2213 164 0
170 2173 174 152 0
140 152 2173 170 0
2188 2187 2163 2185 0
2159 2199 2325 1329 0
1329 1293 2325 1282 0
2325 1103 2199 2459 0
1228 2184 2333 2163 0
822 810 2227 717 0
810 2227 717 708 0
822 2227 2138 2201 0
822 810 2459 2227 0
822 2227 2459 2138 0
822 2227 2201 717 0
578 2175 2362 2214 0
984 998 858 777 0
1314 1382 1349 1280 0
1524 2386 1785 2258 0
2166 2134 1281 1524 0
2166 2258 2134 1524 0
2166 2134 2258 1230 0
940 1034 2325 1060 0
940 1034 946 2180 0
1034 2180 940 2325 0
706 2250 2206 2172 0
61 33 46 50 0
48 33 77 50 0
50 61 33 77 0
1121 1169 1224 1227 0
1121 1169 1167 1224 0
1121 2366 1067 1167 0
208 343 284 2297 0
2384 2230 2280 2226 0
2384 2277 2280 2230 0
1488 2042 1594 1615 0
1488 1512 2042 1615 0
2041 1498 1426 2224 0
2224 1426 1445 1526 0
1594 2042 1680 1615 0
1594 1680 2042 1634 0
2208 2352 1602 1526 0
1594 2042 1571 1634 0
1594 2042 1488 1466 0
1594 1571 2042 1466 0
2461 88 97 113 0
361 2264 300 286 0
361 352 2264 286 0
2455 2404 455 506 0
2217 2216 2037 2234 0
2217 2037 2286 2305 0
2169 1391 1274 2217 0
571 584 2385 699 0
703 2455 2385 571 0
699 571 703 2385 0
2455 417 500 418 0
571 692 699 703 0
134 261 239 130 0
134 2404 261 168 0
2184 1228 2333 2076 0
1304 1267 1436 1429 0
2260 308 2356 355 0
2356 2397 314 308 0
2171 1884 2066 1688 0
2139 2089 2196 2073 0
894 773 2330 819 0
2183 2099 2172 894 0
2191 2181 2418 2333 0
1225 1126 1146 2333 0
240 2173 190 2212 0
2074 240 2212 2173 0
596 542 2455 611 0
596 2455 495 565 0
596 542 495 2455 0
2455 584 426 438 0
2455 703 2385 681 0
814 791 868 855 0
814 770 868 746 0
2404 396 480 347 0
2404 480 396 506 0
2404 506 396 455 0
2404 396 347 333 0
156 140 2213 164 0
140 2213 137 156 0
140 2173 2213 170 0
2176 1688 2140 1560 0
1688 2176 2055 1611 0
1611 2055 1693 2176 0
2176 2140 1693 1560 0
659 867 2183 2214 0
1700 2176 2140 2101 0
2321 2214 790 659 0
1693 1611 2176 1560 0
2101 1700 2102 1560 0
2109 1611 1707 2108 0
2176 1611 1688 1560 0
1700 2140 1560 2101 0
2176 1700 2140 1688 0
867 2214 2215 1088 0
1700 1560 2140 1688 0
1471 2266 1449 1395 0
1395 1380 2159 1449 0
1893 1654 1882 1886 0
1882 1654 1878 1886 0
1893 1882 1654 2466 0
1893 1901 1654 1780 0
1893 1780 1654 1886 0
1877 1742 1863 1825 0
1863 1742 1812 1825 0
1877 1780 1742 1817 0
1877 1742 1780 1863 0
1877 1742 1831 1817 0
2352 2174 2298 2224 0
153 118 230 163 0
153 147 179 230 0
153 179 147 149 0
2427 2156 841 881 0
1130 2427 2217 1123 0
2385 810 708 2227 0
831 2400 1037 2306 0
2459 2227 810 2385 0
733 717 2201 605 0
551 484 445 433 0
605 733 621 2201 0
546 433 599 551 0
551 484 433 599 0
599 498 484 433 0
1442 1412 1332 1324 0
1442 1433 1412 1324 0
1433 1412 1287 1497 0
1442 1412 1433 1497 0
2169 1130 2217 1123 0
2391 2349 2040 2275 0
2175 2247 2194 2347 0
2391 2040 2349 2375 0
1391 2217 2379 2075 0
2284 2391 2349 2375 0
2284 2349 2391 2275 0
1631 1530 2376 1618 0
1782 2314 1503 1495 0
2314 1265 1495 1254 0
1778 1782 1495 2314 0
1495 1503 1265 2314 0
605 717 2201 2227 0
2295 683 2179 697 0
683 2179 645 2295 0
612 2295 2182 697 0
2182 2295 2179 697 0
2218 835 977 1072 0
2263 1611 2164 2418 0
2038 1293 1191 2199 0
1377 2219 1393 2333 0
1146 2333 2388 1225 0
931 2388 915 2181 0
2181 2191 2219 2333 0
2181 1146 2333 2388 0
645 2182 2295 2179 0
2182 645 2295 586 0
807 2459 914 810 0
142 137 2213 156 0
142 165 156 2213 0
2197 2037 2261 2253 0
2197 2192 2037 2253 0
866 2341 2178 2251 0
1141 1149 2184 2076 0
2163 2186 2188 2185 0
2185 2052 2163 2186 0
2095 2186 2163 2052 0
835 1006 1072 2218 0
1006 2218 835 808 0
1737 2208 2239 1711 0
1711 1671 2174 1749 0
152 157 2173 174 0
2187 2184 1228 2163 0
409 395 394 470 0
2190 409 676 663 0
689 409 413 420 0
689 409 420 676 0
689 427 413 490 0
2190 872 689 662 0
689 413 427 420 0
689 903 872 2190 0
409 413 2190 689 0
914 2459 1018 1016 0
409 2190 676 689 0
409 663 589 676 0
2328 2177 630 2197 0
2194 2387 2247 2175 0
1466 2042 1385 2298 0
2042 1571 2352 1466 0
1401 2042 1275 1258 0
1466 2042 1488 1401 0
924 1032 920 923 0
924 1032 925 920 0
924 1040 1032 923 0
924 1042 1032 1040 0
920 1015 1032 925 0
2342 2315 2357 2033 0
2315 261 239 134 0
2357 2318 2264 2404 0
2195 2304 2078 2205 0
2114 713 2304 731 0
2195 2114 2304 731 0
2195 2205 2078 2202 0
2078 2204 2086 2202 0
2205 2204 2078 2202 0
2205 2116 776 731 0
2200 2078 2205 2204 0
2116 2078 2205 2198 0
2200 2078 2116 2198 0
2205 2078 2116 2304 0
2205 2078 2200 2198 0
2204 2200 2078 2086 0
750 2110 2202 642 0
2204 2086 656 2085 0
2110 2195 2111 750 0
750 2113 2110 642 0
2195 2114 2110 2111 0
750 2111 2110 2113 0
2304 2111 713 2114 0
2195 2304 2114 2111 0
2292 1250 1344 2443 0
2376 1530 1649 1441 0
1518 1530 1618 2376 0
1414 1512 2370 2042 0
1414 2042 1488 1512 0
1132 1229 1152 1377 0
1132 1152 2420 1377 0
2388 969 2420 992 0
2370 1450 2392 1529 0
2291 2042 2370 1512 0
1220 1324 1320 1246 0
2150 2148 2207 2062 0
2150 773 2148 2062 0
2150 773 2062 2153 0
2148 773 607 634 0
2150 2153 2062 607 0
2207 2150 2062 607 0
2207 2148 657 607 0
2210 1665 1701 2102 0
2398 2248 1560 2191 0
1560 2209 1624 1701 0
1560 2210 2209 1701 0
2102 1700 1733 1701 0
2102 1700 2101 1733 0
854 891 868 917 0
2382 1732 1613 1689 0
2211 1732 2382 1689 0
1725 2464 1689 2382 0
2464 1506 1689 2382 0
1725 1809 2464 1786 0
1725 1791 2464 1809 0
866 1107 1110 2341 0
180 210 167 348 0
180 167 210 105 0
2212 2397 2308 2221 0
2356 2221 2397 2260 0
2222 2034 2145 2074 0
504 2034 2222 400 0
2319 2034 2222 619 0
619 2034 2222 504 0
307 2074 2034 2222 0
307 2222 2034 353 0
353 2034 400 2222 0
2319 2034 2231 2145 0
2039 2322 2302 2310 0
2322 2039 2302 2405 0
2322 2310 2223 2302 0
2041 1354 1233 2224 0
2231 1172 2224 2041 0
2041 1172 2224 1233 0
2041 2224 1426 1354 0
1498 1587 2224 2041 0
171 165 2228 2390 0
154 165 142 2213 0
171 165 154 2228 0
1235 2218 1268 996 0
996 2218 1268 1153 0
1235 996 977 2218 0
701 882 2289 2063 0
977 2218 2346 2289 0
332 2447 2297 2343 0
2343 2245 2339 2035 0
133 2268 157 144 0
133 119 2268 144 0
2472 2447 282 362 0
605 2201 621 497 0
483 497 2337 605 0
2365 2175 2278 667 0
717 2227 593 708 0
584 2385 708 2227 0
2452 2208 2041 2246 0
2208 1671 1602 2174 0
1449 1533 2252 1575 0
1471 1575 1449 2266 0
1449 2252 1533 2405 0
1008 2226 1037 831 0
256 2074 2034 307 0
217 184 2212 190 0
170 2173 2212 190 0
605 2201 2337 2227 0
483 2227 593 605 0
483 2337 2227 605 0
194 2228 2390 171 0
165 2213 2228 2390 0
165 2213 154 2228 0
171 177 2228 154 0
194 177 2228 171 0
2032 2250 2304 2295 0
2161 2250 773 819 0
2161 2032 706 2250 0
785 2308 2229 795 0
2230 2138 2033 2064 0
2259 2033 2230 2440 0
2400 2230 2138 2033 0
2259 2033 2245 2230 0
2440 2033 2230 2400 0
2231 2034 2383 2145 0
888 2383 863 2231 0
2383 2034 2231 888 0
2035 2269 2232 2309 0
2035 2281 2232 820 0
2035 2232 2269 824 0
1083 2216 1123 2234 0
1090 1034 2180 1033 0
1095 1090 1034 2180 0
194 2390 2228 241 0
177 2228 218 241 0
1634 2174 1680 2042 0
194 241 2228 177 0
894 2183 1109 2172 0
2183 2172 2387 1109 0
2314 2271 1854 1782 0
2233 1218 1269 2386 0
2314 1854 2271 2272 0
706 2238 2206 2250 0
874 2181 2237 931 0
874 2237 2181 2295 0
874 916 2237 2295 0
981 916 2237 874 0
981 2237 931 874 0
2159 1413 2199 1329 0
1293 1413 2199 2038 0
157 2173 2268 152 0
1711 1749 2174 2239 0
1745 2239 1792 1737 0
2302 2208 2239 1737 0
1745 2239 1737 2302 0
1330 2242 2361 1083 0
2196 2036 2242 2073 0
2234 1083 2242 1330 0
1083 2242 2170 2234 0
1213 977 2218 1235 0
1213 2218 977 1072 0
2263 2324 2164 1611 0
701 2259 2289 882 0
977 2346 882 2289 0
1330 1407 2361 2242 0
2305 2249 2234 2037 0
152 133 2268 157 0
140 152 2268 2173 0
120 2268 152 133 0
120 152 2268 140 0
497 483 2337 382 0
605 2201 497 2337 0
2258 1852 2243 2386 0
2409 1847 1759 2243 0
1499 1759 2243 2409 0
2212 2244 2308 2397 0
2390 2221 2397 2212 0
2063 2289 701 570 0
2377 2317 2310 2246 0
2274 2039 2317 2310 0
2246 2310 2377 2302 0
2208 2377 2302 2246 0
2348 2218 2391 2040 0
2275 2218 2040 2391 0
2275 2218 2174 2040 0
2174 2040 2218 2311 0
2097 2037 2247 2215 0
2097 2247 2037 2286 0
2217 2037 2247 2286 0
2324 2387 2248 1472 0
2194 2248 2324 2387 0
2227 584 2455 2264 0
467 584 2264 438 0
584 2264 2227 467 0
1636 2036 2242 2249 0
1636 2036 2249 2299 0
2038 1493 2336 1518 0
1419 1493 2038 1518 0
706 2172 773 2250 0
2459 2199 2306 1099 0
827 2265 1014 2251 0
2251 1069 2265 1014 0
2251 1069 1014 1111 0
614 2454 859 833 0
2270 1020 1069 1111 0
1610 2252 1533 1575 0
2266 1449 2252 1575 0
2159 2252 1449 2405 0
1610 2252 1575 1638 0
1610 1533 2252 2405 0
981 2237 2388 931 0
2181 2219 2237 2388 0
2237 2388 2219 1132 0
2276 1448 1721 2254 0
1721 2254 1448 1438 0
1804 2276 1836 1721 0
1698 2254 1721 1438 0
1804 1698 2254 1721 0
1804 1721 2254 2276 0
2189 2253 1091 857 0
2192 2253 2283 2157 0
2157 2214 2253 790 0
2363 2093 2183 659 0
2363 2183 2093 2094 0
2472 299 2329 362 0
119 133 2268 107 0
1161 2276 1214 1183 0
1448 1117 2254 1214 0
1698 1407 2254 1438 0
483 593 2227 467 0
483 382 370 2273 0
483 2273 370 467 0
483 2337 382 2273 0
2345 971 2255 1007 0
2440 1017 1054 2256 0
853 2440 1017 1054 0
584 2385 2227 2455 0
1541 2242 1330 2234 0
2201 2138 2180 2229 0
2175 1130 2347 2194 0
1130 2217 2175 2347 0
2382 2219 1506 2333 0
2369 1787 2258 1537 0
2369 1847 2258 1787 0
1230 1537 2258 1312 0
2166 1230 2258 1312 0
2369 1847 2243 2258 0
2032 2250 2295 706 0
558 2270 2120 2454 0
2120 2270 478 2167 0
987 2434 2320 1025 0
775 2434 536 2320 0
2255 2320 2434 1025 0
1745 1798 2239 1793 0
1745 2302 1738 2239 0
1745 1798 1792 2239 0
733 741 2201 830 0
946 830 2201 836 0
836 741 830 2201 0
946 2201 830 2180 0
2120 2270 558 478 0
831 2400 2226 1037 0
1037 2226 2280 2400 0
946 2201 2220 836 0
946 2220 2201 2180 0
996 906 2346 1153 0
996 2346 2218 1153 0
164 2212 184 170 0
190 184 2212 170 0
2213 170 2212 164 0
2346 2259 906 882 0
977 2218 996 2346 0
977 882 2063 2289 0
906 882 996 2346 0
324 2260 382 340 0
497 2337 2260 382 0
497 2260 392 382 0
392 382 2260 340 0
324 2337 382 2260 0
2201 2260 497 2337 0
2261 1093 1357 2299 0
2178 2299 1093 2261 0
2189 1093 1091 2261 0
2189 2178 1093 2261 0
1610 1638 1708 2252 0
1673 1708 2252 1610 0
1139 2418 2164 1147 0
1139 2194 2164 2263 0
467 361 438 2264 0
467 370 361 2264 0
977 2063 835 2289 0
977 2218 2289 835 0
199 217 2212 232 0
199 2212 217 184 0
217 2212 232 256 0
548 440 2265 478 0
1036 2229 2220 2366 0
1749 1671 2174 1740 0
1471 1413 2266 1395 0
2159 1413 2266 2199 0
2159 1413 1395 2266 0
1471 1493 2266 1413 0
2325 1329 2199 1293 0
2459 2199 2325 2138 0
2270 1069 1058 2265 0
548 2265 588 478 0
2251 1069 2270 2265 0
478 2251 2265 588 0
2178 1110 1093 2299 0
2178 1110 2299 2341 0
2307 2255 1025 2320 0
2031 2255 454 2350 0
2208 1633 1671 1686 0
2208 1711 1686 1671 0
2208 1671 2174 1711 0
120 107 2268 133 0
140 2288 137 2213 0
140 2173 2268 2213 0
114 2288 137 140 0
120 2268 114 140 0
829 618 841 2216 0
1083 829 2216 2177 0
644 2154 2238 2295 0
2238 2154 2181 2295 0
906 1017 2346 1076 0
1153 2346 1076 906 0
2269 951 1043 2294 0
2263 2418 2164 1139 0
558 2270 440 478 0
558 440 2270 553 0
1199 2271 1265 2403 0
1524 1785 2386 2271 0
1713 1793 1738 2239 0
1687 2302 1738 1710 0
1738 1793 1745 2239 0
2180 1175 1181 1095 0
2159 1263 1329 2180 0
1087 1173 2180 1090 0
2180 1181 2325 1095 0
1181 2335 2180 1263 0
1636 2242 1541 2305 0
1713 1708 1756 2252 0
701 2329 2259 626 0
2259 2033 2437 2329 0
2259 2245 2033 2329 0
2199 1413 1493 2038 0
2038 2199 2336 1493 0
2386 1758 2272 1852 0
1492 1758 2272 2386 0
2271 2272 1852 2386 0
1199 2271 2233 2272 0
324 2260 340 269 0
269 2393 2260 291 0
324 382 2273 370 0
324 2273 382 2337 0
2227 483 467 2273 0
2227 2337 483 2273 0
1713 2239 1756 1793 0
2302 2239 2252 1713 0
2252 1713 2239 1756 0
1369 2184 2333 1141 0
2181 2219 2388 2333 0
2181 2333 1146 1126 0
1005 2274 989 795 0
1005 2229 2274 795 0
1740 1800 1779 2275 0
1821 1800 2275 1779 0
2368 2275 2467 1821 0
2467 2275 1779 1821 0
1779 1704 2275 2467 0
543 440 2265 548 0
543 2265 440 446 0
215 2212 2244 232 0
1836 1770 2276 1867 0
2242 1407 1116 2254 0
114 103 2268 107 0
120 107 114 2268 0
2365 2278 668 667 0
646 2238 706 637 0
646 668 623 2278 0
641 2206 2172 706 0
623 2194 2183 2172 0
909 914 807 2459 0
831 2385 784 745 0
831 871 784 2385 0
831 2385 2306 871 0
831 2400 2306 2385 0
831 2400 2385 745 0
269 218 2393 241 0
269 291 241 2393 0
2228 2393 218 241 0
324 2393 2260 269 0
2273 2264 370 467 0
2280 1063 1115 1037 0
1063 2280 2306 1037 0
1115 1063 2280 1068 0
808 2281 1006 2218 0
994 2281 2402 1006 0
2281 1006 994 808 0
948 945 2232 1046 0
1153 2291 1268 1437 0
1153 2218 1268 2291 0
2391 2291 1153 1437 0
2368 2466 2275 1821 0
1839 2466 2368 1821 0
1821 2275 1853 2466 0
1362 1612 2284 2368 0
2251 2270 478 2265 0
2376 2336 2038 2199 0
2266 1413 1493 2199 0
2266 2199 1493 2336 0
1698 2242 2254 1407 0
2285 2254 1804 1698 0
2285 2254 1698 2242 0
312 370 2264 361 0
565 2455 2332 664 0
565 2332 2455 506 0
1636 2242 2285 1541 0
2097 2286 1581 2448 0
2097 1399 2247 1455 0
1581 2449 2286 1469 0
2217 2286 2379 1469 0
2097 2247 2286 1455 0
994 2402 2281 942 0
2281 994 782 808 0
553 446 2270 549 0
553 440 2270 446 0
142 137 2288 2213 0
2268 2288 140 2213 0
121 2288 142 137 0
121 2288 137 114 0
478 2265 2270 440 0
541 456 2031 2265 0
541 2265 543 446 0
1161 1214 2254 1111 0
2289 2035 2245 2343 0
2306 909 2459 1018 0
909 1018 914 2459 0
646 2458 2206 2238 0
2194 2206 2172 623 0
1012 2237 1061 916 0
1061 2237 981 916 0
1012 2237 862 2304 0
733 741 621 2201 0
621 631 2356 2201 0
741 621 2201 631 0
1704 2291 2275 2467 0
1704 2291 2467 2392 0
1741 1515 2292 1514 0
802 1001 2440 1054 0
802 1054 2440 672 0
672 2440 853 1054 0
1054 2256 1001 2440 0
570 2447 410 2289 0
349 2447 2297 332 0
2289 410 2343 2447 0
1749 2275 1800 1740 0
2174 1749 1740 2275 0
2276 2036 2257 1161 0
644 706 598 2295 0
2032 598 706 2295 0
2297 2343 220 208 0
608 332 2343 410 0
371 332 2343 608 0
410 2447 332 2343 0
324 370 2273 312 0
269 2318 324 2393 0
906 2440 1017 853 0
853 2440 2259 906 0
906 1017 2440 2346 0
549 456 446 2270 0
2307 2270 1004 1044 0
553 788 549 2270 0
169 2212 172 164 0
2173 2212 2213 170 0
2213 2212 165 156 0
156 2213 2212 164 0
2251 2270 1069 1111 0
2242 2249 2196 2170 0
2242 2249 2170 2234 0
1192 2276 1183 1240 0
1183 1214 1240 2276 0
2257 1764 1482 2412 0
2257 1764 1762 1482 0
839 741 2220 749 0
836 839 741 2220 0
836 741 2201 2220 0
1020 825 1117 1547 0
614 2270 2146 2139 0
2388 1132 2237 1061 0
1362 2391 1162 1437 0
1362 2391 1437 2368 0
1162 1437 2391 1153 0
2368 2291 2391 1437 0
1406 1357 2299 1566 0
1006 1072 2300 1185 0
1072 2300 2218 1006 0
1008 1001 2226 831 0
831 2226 802 1001 0
2472 2461 2329 299 0
103 2268 108 114 0
2461 311 2329 299 0
2328 686 2177 2216 0
2193 2192 2156 618 0
530 2328 2192 618 0
1749 1711 1792 2239 0
2239 1749 2275 1827 0
265 214 240 2301 0
265 2301 240 288 0
288 240 2074 2301 0
2301 2222 2074 288 0
2301 240 2074 2173 0
2301 240 2173 214 0
759 528 2345 2255 0
2306 807 2385 2459 0
2306 2459 909 807 0
2314 1495 1777 2276 0
2314 1777 1856 2276 0
164 184 2212 172 0
182 2212 184 172 0
2175 2157 2247 2156 0
1487 1566 2303 1357 0
2303 2261 1357 2299 0
1487 2303 1315 1357 0
1315 1357 2303 2261 0
1566 2299 2303 1357 0
446 2265 440 2270 0
894 2172 1109 2330 0
2032 2304 2250 819 0
1541 2305 2234 1469 0
1581 2355 2305 1636 0
1581 2305 2355 1469 0
1541 2242 2234 2305 0
808 2289 410 608 0
2289 808 410 835 0
1018 2306 1099 2459 0
2242 2254 2073 2036 0
154 2213 142 2288 0
154 2288 142 121 0
121 154 2288 135 0
1600 1493 2266 1471 0
1395 1449 2159 2266 0
1600 2266 1575 1471 0
2094 894 2099 2183 0
641 2099 2172 623 0
623 2194 2175 2183 0
2031 454 2307 457 0
549 2307 997 781 0
2310 2308 2064 297 0
2115 2308 2310 297 0
2074 2145 297 2308 0
2115 2145 2308 297 0
2309 2074 297 2245 0
2309 2145 297 2074 0
2309 2145 2312 297 0
2312 2145 2115 297 0
2312 2145 2309 2269 0
2309 2312 2313 297 0
2309 297 2313 2245 0
2310 2064 2311 297 0
2312 2115 2310 297 0
2311 297 2203 2313 0
2312 2269 2309 2313 0
2292 1753 2422 1838 0
2031 2307 456 457 0
549 1004 997 2307 0
549 2307 456 2270 0
549 2270 1004 2307 0
2233 1269 1251 2272 0
2273 370 2264 312 0
2227 2273 467 2264 0
300 2264 361 312 0
1199 2314 1192 1254 0
781 2320 997 987 0
781 775 2320 987 0
2031 454 2255 2307 0
312 300 2264 236 0
300 2404 2264 236 0
2455 2404 506 2332 0
239 347 2315 398 0
239 311 398 2315 0
102 124 239 2461 0
2461 311 239 2315 0
630 530 2328 2316 0
2328 2197 630 2316 0
989 1129 2317 1104 0
1104 1398 1129 2317 0
2317 1129 989 2115 0
2452 1398 2367 2041 0
269 2393 218 2318 0
324 312 2273 2318 0
324 2318 2273 2393 0
250 324 2318 312 0
250 2318 269 218 0
626 906 2259 882 0
626 701 882 2259 0
882 2259 2289 2346 0
1836 2257 1714 1747 0
1747 2257 2412 1757 0
2208 1619 1686 1666 0
1619 1633 2208 1686 0
2377 1686 1666 2208 0
2246 2452 2208 2377 0
1025 997 1044 2307 0
2320 2307 997 1025 0
2320 997 2307 781 0
2159 1263 2335 1380 0
1095 1090 2180 1175 0
2180 2335 1175 1173 0
2208 1686 1711 1737 0
2208 1711 2174 2239 0
1618 2336 1493 1518 0
1618 2336 1518 2376 0
2038 2376 1518 2336 0
2389 1537 2258 2424 0
1800 1821 2275 1853 0
2368 2284 2275 2466 0
2284 1853 2275 2466 0
745 681 2385 784 0
664 681 2332 745 0
681 2385 2332 745 0
2347 2217 2175 2247 0
1192 2257 1247 1183 0
989 2317 2274 1104 0
989 2274 1005 1104 0
2274 2317 989 2115 0
2317 2310 2246 2115 0
718 2319 740 832 0
718 740 2319 619 0
718 2269 2319 832 0
718 2319 2222 619 0
215 2244 2212 182 0
199 2212 184 182 0
987 2434 775 2320 0
154 2213 2288 2228 0
154 2228 2288 135 0
159 154 2228 177 0
159 135 2228 154 0
1170 2280 1115 1037 0
1037 2280 2306 2400 0
1170 1037 1071 2280 0
1008 2226 1071 1037 0
2206 2278 2194 896 0
2206 2164 2194 2172 0
159 188 218 2342 0
250 2318 218 188 0
949 1043 2269 951 0
828 951 2269 832 0
828 2269 951 949 0
122 135 2342 145 0
135 2288 121 108 0
108 2288 2268 2315 0
1038 2294 952 1031 0
1043 2294 951 1038 0
140 2288 2268 114 0
114 2288 2268 108 0
530 2362 2321 578 0
578 2214 2362 2321 0
659 2214 857 867 0
177 218 2228 159 0
159 218 2228 2342 0
2267 866 744 2178 0
2267 2251 866 2178 0
827 1107 2341 1106 0
578 2214 2321 659 0
2366 2180 1087 1173 0
2452 1666 1619 2208 0
2452 1666 2208 2377 0
1483 1251 1761 2257 0
1483 1762 2257 1761 0
1192 2257 1251 1247 0
2180 2138 2322 2229 0
2138 2223 2322 2064 0
2280 2353 2376 2199 0
1115 2280 1207 2456 0
1170 2353 1182 2280 0
1170 1182 1115 2280 0
2049 2304 2323 999 0
2330 1138 911 2096 0
986 1138 1131 2323 0
819 2330 911 2096 0
2049 986 2323 2304 0
989 2274 2115 795 0
747 2115 795 989 0
2244 795 747 2115 0
1192 2276 1240 1254 0
2257 1859 2276 1856 0
1192 1254 2314 2276 0
2257 2314 1856 2276 0
2323 1134 1133 999 0
1012 999 2323 2304 0
1560 1693 1611 2324 0
2164 2324 1560 1611 0
1586 1472 1693 2324 0
2164 2248 1560 2324 0
2217 2234 1274 1123 0
2217 2216 2234 1123 0
1047 1103 2325 2459 0
312 2318 250 236 0
236 2318 2342 2404 0
250 2318 188 236 0
2265 456 2270 446 0
2307 2270 2265 456 0
508 2146 2251 2326 0
497 2356 621 507 0
507 2356 621 631 0
2201 2356 621 497 0
2297 144 175 2339 0
2297 2268 144 2339 0
157 144 2268 2339 0
2257 1251 1761 2327 0
1192 2327 1251 2257 0
1199 2327 1251 1192 0
1281 2271 1524 2386 0
1399 2097 2247 2215 0
2305 2242 2234 2249 0
362 477 2329 570 0
362 2329 2447 570 0
299 477 2329 362 0
2447 2472 2329 362 0
2273 2264 2318 312 0
2318 236 2264 2404 0
236 2318 2264 312 0
2330 1109 1298 2248 0
2172 2248 1109 2330 0
2315 311 2329 2461 0
156 169 164 2212 0
2213 165 2212 2390 0
2231 2294 2224 1174 0
1094 2294 1043 1038 0
1043 2269 2294 2331 0
635 2332 664 565 0
2455 2400 2332 2385 0
635 2332 565 506 0
2250 2164 2206 2172 0
2250 2238 2206 2181 0
808 2289 2281 2218 0
608 2343 2289 410 0
808 2218 835 2289 0
2314 1854 2327 1856 0
1199 2314 2327 1192 0
802 1001 2226 2440 0
2184 1369 2333 2163 0
1408 2333 2095 2163 0
2388 2219 1377 2333 0
785 2401 494 671 0
2220 648 640 2401 0
2314 1265 1254 1199 0
2366 2180 2229 2220 0
2220 836 839 946 0
916 765 862 2295 0
632 731 862 2295 0
1800 1827 2275 1749 0
1827 2239 1792 1798 0
530 2334 2362 578 0
2193 2156 2334 618 0
2159 2335 1263 2180 0
1600 1493 2336 2266 0
1600 2336 1493 1618 0
1800 2275 1827 1853 0
1749 2275 2174 2239 0
236 2318 188 2342 0
2374 2453 622 316 0
1192 2276 2257 1183 0
2338 893 730 2407 0
2338 2473 985 2471 0
2339 2173 157 214 0
157 2173 174 214 0
2219 1229 2340 1132 0
1377 1229 2219 1132 0
1393 2219 2340 1462 0
1381 1393 2340 1462 0
1683 1600 2252 1638 0
2266 1449 2159 2252 0
1600 1575 2252 1638 0
1600 2252 1575 2266 0
2304 2096 986 2323 0
2250 2096 2330 819 0
1406 2341 2299 1110 0
1110 2341 1107 1406 0
749 2220 640 741 0
631 741 2220 2201 0
741 2220 640 631 0
2356 631 2220 2201 0
626 853 2259 906 0
1008 1071 2226 1001 0
1037 1071 2280 2226 0
2384 1071 1001 2226 0
2226 2384 1071 2280 0
188 2342 159 145 0
2342 178 2404 145 0
108 2288 2315 122 0
159 145 2342 135 0
2206 623 2194 2278 0
2267 2178 744 2326 0
2267 2326 2251 2178 0
2180 2322 2138 2159 0
2180 2322 2159 2335 0
2138 2322 2223 2159 0
1235 2370 1268 2218 0
1363 1268 1235 2370 0
2218 2370 1268 2291 0
1704 2291 2392 1615 0
1615 1512 2291 2392 0
2291 2392 1512 2370 0
283 2343 350 343 0
371 2343 568 608 0
371 343 568 2343 0
2343 350 343 568 0
2175 2247 2157 2214 0
108 135 2288 122 0
2259 2329 2289 2245 0
2333 2181 1147 1141 0
1213 1072 1185 2300 0
1213 2300 2218 1072 0
1006 2300 2218 2281 0
2221 2212 2390 2213 0
1054 2384 1001 2256 0
1066 2384 1001 1054 0
2384 1066 1001 1071 0
986 2078 750 2304 0
2304 2096 911 986 0
863 1065 2415 2367 0
863 2231 2415 888 0
1492 2272 1761 1251 0
1492 2272 1758 1761 0
1012 2323 2237 2304 0
1012 2237 1134 1136 0
1012 2323 1134 2237 0
1012 2323 999 1134 0
165 2212 169 156 0
182 169 2397 2212 0
2390 165 2212 2397 0
2212 169 172 182 0
2344 1661 1572 2382 0
1551 1572 2344 1661 0
1732 2382 1661 2344 0
1551 2344 1572 1446 0
1446 2344 1572 1462 0
2385 2400 2332 745 0
635 745 664 2332 0
2347 2286 2247 1455 0
2304 750 819 2032 0
2327 2257 2314 1856 0
1192 2314 2257 2276 0
188 178 2342 145 0
2404 2342 236 178 0
630 2196 2178 2197 0
1446 1381 2340 1462 0
1446 2340 2344 1462 0
1732 1763 2344 1650 0
1706 2380 1683 1618 0
1683 2380 1600 1618 0
2324 1707 1693 1611 0
2324 1707 1611 2151 0
2031 2265 456 2307 0
2345 1007 1002 930 0
2345 1002 1007 975 0
2178 2249 2299 2261 0
2175 2278 2194 623 0
2373 2220 648 752 0
2346 2259 2203 2230 0
2217 1469 2075 1274 0
1130 2217 2347 1391 0
1054 2256 1017 1076 0
2346 1017 2256 1076 0
2256 2348 2346 1076 0
2256 1076 1097 2348 0
2272 2327 1761 1251 0
1199 1251 2327 2272 0
2320 2345 2434 536 0
820 2281 2232 945 0
948 1046 2232 1045 0
2275 2349 1827 1853 0
1864 1837 2349 1853 0
1864 2349 2284 1853 0
1827 2349 1837 1853 0
2284 1853 2349 2275 0
265 338 2301 288 0
288 2301 2222 338 0
1132 1061 1136 2237 0
2237 1136 1012 1061 0
759 528 2350 2430 0
759 528 2255 2350 0
2306 1063 1068 2280 0
1099 2038 2199 2456 0
2280 2306 2199 2456 0
570 2329 701 477 0
570 2329 2447 2289 0
701 2289 2329 570 0
143 2351 210 180 0
2351 2453 622 2374 0
143 2374 2351 180 0
618 2192 2156 2216 0
1199 2314 1265 2271 0
2327 2272 1854 2314 0
1192 2257 2314 2327 0
1515 1327 2292 1514 0
2453 2351 210 143 0
167 348 487 180 0
2351 180 487 348 0
295 2351 2374 2436 0
143 2453 2351 2374 0
2220 946 839 953 0
2180 1033 946 1030 0
2366 946 953 1030 0
2152 2345 971 759 0
1697 2412 1406 1428 0
1697 1714 2412 1428 0
2341 2412 1209 1428 0
2228 2342 2288 135 0
159 135 2342 2228 0
122 2342 2288 2315 0
1571 2352 1602 1634 0
2208 1602 2352 2174 0
1602 2174 1634 2352 0
1526 1571 2352 1602 0
2338 985 2473 901 0
2338 980 890 2474 0
2302 2208 2174 2239 0
857 867 2215 1091 0
857 2214 2215 867 0
2328 2177 2192 2216 0
2353 1182 2376 1252 0
1170 1182 2353 1252 0
1581 2354 2037 1487 0
2303 1487 2037 2354 0
218 188 2318 2342 0
218 2228 2342 2318 0
1745 1715 2302 1737 0
2377 1737 1686 2208 0
2377 1737 1715 1709 0
1153 2348 1076 2346 0
1162 2348 1076 1153 0
1162 2391 2348 1153 0
2346 2348 2218 1153 0
1153 2218 2391 2348 0
2295 2237 2181 2250 0
182 181 2397 169 0
2122 1697 2299 1566 0
1406 2299 1697 1566 0
2355 1541 2305 1636 0
2355 2305 1541 1469 0
217 2212 256 190 0
392 507 2356 497 0
497 2201 2356 2260 0
2260 2356 497 392 0
1036 2220 785 671 0
1036 2220 599 2373 0
1036 2229 785 2220 0
1036 785 2229 1005 0
1543 2399 2425 2292 0
2425 2406 2292 1546 0
1771 2406 2292 1543 0
2339 185 144 175 0
2339 157 185 214 0
157 2268 2173 2339 0
1245 2335 1231 1173 0
1380 1263 2335 1358 0
1173 1227 2366 2335 0
2315 311 398 2329 0
311 477 2329 299 0
398 626 2329 311 0
1056 1049 2388 1146 0
915 2181 2388 1049 0
2201 2229 2180 2220 0
1199 2314 2271 2272 0
1199 2272 2327 2314 0
948 2269 1045 2232 0
1045 2269 949 1043 0
1834 1838 1753 2292 0
528 2255 450 2345 0
759 971 2255 2345 0
1798 1828 1837 2239 0
1827 2239 1798 1837 0
2307 2255 2320 454 0
165 169 2397 173 0
171 186 165 2397 0
2330 2398 2248 1298 0
347 2404 2357 480 0
347 573 480 2357 0
808 2358 568 782 0
2358 2281 782 808 0
808 2358 2281 2289 0
608 2343 2358 2289 0
808 2358 2289 608 0
808 2358 608 568 0
2377 1686 1694 1666 0
2377 1686 1737 1709 0
2377 1709 1694 1686 0
916 2237 2295 862 0
2304 2237 862 2295 0
324 2393 2337 2260 0
2201 2260 2337 2221 0
324 2273 2337 2393 0
2368 1437 1362 1612 0
2391 2275 2291 2368 0
1743 2252 1638 1683 0
1743 1638 2252 1708 0
2433 734 2451 2338 0
894 2172 2330 773 0
773 2172 2330 2250 0
1443 1398 1104 2317 0
1443 2317 2452 1398 0
2367 2452 2246 2317 0
2398 2360 1586 1472 0
2292 2431 2446 1344 0
2399 2425 2292 1546 0
2193 2156 2157 2362 0
2362 2157 2175 2156 0
2193 2334 2156 2362 0
2076 2181 858 915 0
1049 1146 2181 2388 0
2175 2194 2387 2183 0
718 2269 2222 2319 0
718 832 828 2269 0
765 697 683 2295 0
578 2175 623 2365 0
623 2175 2278 2365 0
623 2278 668 2365 0
2366 2180 2220 946 0
2366 1030 1087 2180 0
2180 1030 1090 1033 0
1090 2180 1087 1030 0
2366 2180 946 1030 0
2234 1469 2217 1274 0
2234 1274 2160 1330 0
2456 1068 2280 2306 0
1115 1068 2280 2456 0
1236 2257 1183 1247 0
2366 2450 1036 2229 0
1398 1129 2367 1165 0
2317 1398 2367 2452 0
976 2115 1129 2367 0
2415 2231 863 2367 0
1129 2115 976 989 0
2253 2215 1315 1091 0
1315 2261 2037 2253 0
2261 1315 1091 2253 0
2189 2261 1091 2253 0
2215 2037 2253 1315 0
1362 1612 1491 2284 0
2391 2284 2275 2368 0
2217 2305 1469 2234 0
1581 2286 2305 1469 0
2217 2305 2286 1469 0
1511 2369 2416 1849 0
2409 1230 1296 2369 0
1287 1235 2370 1363 0
1529 1450 1287 2370 0
1512 2370 2392 1529 0
1615 2392 1628 1512 0
1454 2371 1372 1434 0
2172 2250 2164 2248 0
1600 2252 2336 2380 0
1600 2336 2252 2266 0
2380 2336 1600 1618 0
2439 2372 1987 2411 0
2411 2142 2372 1987 0
2444 2372 1961 1955 0
1235 1213 2370 2218 0
1287 2396 2370 1213 0
1213 2218 2396 2370 0
1287 1235 1213 2370 0
752 2220 839 2373 0
599 2401 648 2220 0
752 839 2220 749 0
594 2454 614 833 0
1020 1547 1111 2270 0
558 2454 2120 594 0
2275 2239 1827 2349 0
1837 1828 2349 2239 0
1827 2349 2239 1837 0
782 817 2281 698 0
782 2358 568 576 0
817 820 2281 704 0
782 576 698 2358 0
2281 2035 2358 704 0
2366 2335 2180 1173 0
2376 2280 1207 1182 0
2456 1154 1115 1068 0
2456 1115 1154 1207 0
2280 2199 2376 2456 0
1384 2375 1491 1534 0
1362 2375 2284 1491 0
602 506 2332 635 0
480 2332 506 2404 0
480 506 2332 602 0
2404 2332 2455 2264 0
655 626 2437 398 0
103 2268 2461 108 0
2315 2437 2329 398 0
1566 2354 2303 1636 0
1566 1487 2303 2354 0
1252 2376 1292 1182 0
1207 1292 2376 1182 0
2038 2456 2376 2199 0
637 644 2238 706 0
2047 646 706 637 0
644 2238 706 2295 0
706 2238 2250 2295 0
646 2238 2206 706 0
2146 2270 2251 2089 0
2265 991 1000 1058 0
1044 1058 991 2265 0
541 2265 2031 991 0
991 1000 541 2265 0
2376 2456 1207 2280 0
2280 2353 1182 2376 0
609 2251 827 866 0
609 588 827 2251 0
515 2463 2338 2468 0
2357 347 573 398 0
2315 2357 398 347 0
2404 2315 347 2357 0
2342 2357 2315 2404 0
1355 1408 2333 1462 0
1355 2333 1393 1462 0
1408 1355 2333 1228 0
1393 1377 2333 1355 0
1283 2243 1269 2147 0
1372 1156 2353 1252 0
1170 2353 1156 1252 0
2423 2191 2398 2344 0
802 2400 831 745 0
802 2440 2226 2400 0
802 2400 2226 831 0
1828 1793 2239 1798 0
1828 2239 1793 1756 0
2379 2448 1640 2449 0
2347 2286 1455 2379 0
1581 2448 2286 2449 0
1706 2380 1784 1683 0
2142 2419 2044 1984 0
1961 1955 2372 2142 0
507 640 2356 631 0
507 640 2401 2356 0
1756 1743 1802 2252 0
1756 1708 1743 2252 0
2333 2219 1393 1462 0
1462 2219 2382 2333 0
1462 2340 2382 2219 0
2340 2219 1393 1359 0
1535 1538 1255 1347 0
1538 2394 1510 1338 0
747 863 2115 976 0
2383 2244 747 2115 0
747 2115 989 976 0
888 863 1065 2415 0
1161 2257 1236 2412 0
735 732 890 2338 0
735 2338 890 901 0
1864 1837 1855 2349 0
1864 2284 2349 1855 0
2284 1855 2375 2349 0
2256 2348 1097 2384 0
2256 1054 1097 1076 0
2343 2358 568 608 0
2281 2218 2232 2300 0
119 2268 2472 107 0
2243 2386 1269 1218 0
1199 1218 2233 2271 0
2350 533 2438 454 0
2191 2398 2248 2330 0
2248 1586 1472 2398 0
1636 2242 2305 2249 0
2387 1399 2215 1256 0
2214 1088 2183 2387 0
2214 2387 2215 1088 0
1256 2215 2387 1088 0
1372 2353 1156 2371 0
2380 2353 2376 2371 0
985 2338 2457 2428 0
734 2428 2338 985 0
2388 2420 1377 1132 0
2219 1359 1229 1377 0
2237 2388 931 2181 0
2388 1132 1377 2219 0
2420 1064 2388 992 0
2194 1455 2151 2347 0
2320 2434 2345 2255 0
832 2294 2319 837 0
952 1031 2294 2231 0
952 2231 2294 837 0
1714 1836 2395 2257 0
2395 1836 1714 1697 0
1094 1098 2331 1180 0
1094 1180 2331 1176 0
1094 1043 2331 1098 0
2294 1176 2331 2224 0
2300 1185 1124 1006 0
1312 2258 2166 2389 0
945 1046 2402 2232 0
103 2268 107 2461 0
1298 2398 1472 2360 0
1298 1593 2398 2360 0
478 2251 588 609 0
173 2397 183 169 0
2212 169 2397 165 0
2172 2164 2194 2248 0
2194 2248 2164 2324 0
392 2356 402 355 0
2260 2356 392 355 0
2172 2248 2330 2250 0
1263 1245 2335 1358 0
1430 1358 1380 2335 0
1449 2335 1380 2159 0
1756 2252 1802 2413 0
1828 2413 1756 1802 0
1248 1362 2391 1162 0
1384 2375 1534 1403 0
1384 1271 2375 1403 0
2391 1384 1271 2375 0
1362 2284 2391 2368 0
1362 2391 2284 2375 0
2392 2291 1437 1268 0
2392 2370 2291 1268 0
2157 2214 2215 2253 0
2157 2247 2215 2214 0
1132 2237 1136 2340 0
1136 2423 1232 2340 0
2237 2423 2340 2191 0
2219 2237 2340 2191 0
1132 1136 1242 2340 0
2237 1136 2340 2423 0
2237 1134 2423 2323 0
1076 2348 1162 1097 0
2393 2221 2337 2260 0
2393 2273 2337 2221 0
2231 955 952 1031 0
2329 626 701 477 0
477 311 2329 626 0
626 2437 2259 655 0
771 2414 2350 533 0
983 2255 759 971 0
983 2350 759 2255 0
983 2350 2414 759 0
1515 2292 1327 2394 0
1804 2395 1836 2276 0
1836 2395 2257 2276 0
1804 2036 2395 2276 0
2412 1714 2395 2257 0
2395 1714 2412 1697 0
1697 2395 1836 1804 0
1269 1492 2272 2386 0
2271 2272 2386 2233 0
1213 2300 1185 2396 0
1213 2396 2218 2300 0
1433 2396 1306 1425 0
1414 2396 1529 1425 0
194 186 171 2397 0
171 165 2390 2397 0
165 2397 186 173 0
194 2390 2397 171 0
1624 2136 1691 2398 0
2050 1883 1833 1873 0
2418 2181 1147 2333 0
1190 2396 1198 2300 0
1198 2396 1203 2300 0
1433 2396 1412 1324 0
1433 2396 1324 1306 0
1306 2396 1324 1203 0
1425 1433 2396 1529 0
1529 2370 1287 2396 0
2297 175 166 220 0
2297 371 332 2343 0
2297 231 2343 2339 0
1403 1418 2375 1534 0
1399 1487 2097 2215 0
1170 2280 1071 1156 0
2280 1071 1156 2384 0
1066 1071 2384 1156 0
2268 2315 2461 108 0
1855 1534 2408 1826 0
2375 1271 1418 1403 0
2391 1384 2375 1362 0
2399 2431 2292 1344 0
2400 2264 2227 2455 0
507 640 526 2401 0
2356 640 2401 2220 0
2373 648 2220 599 0
2402 994 1006 1124 0
2281 1006 2300 2402 0
2402 1124 1006 2300 0
2138 2180 2159 2325 0
2138 2159 2199 2325 0
1281 2271 1218 2403 0
1199 2271 2403 1218 0
2345 2165 971 1007 0
2152 2165 971 2345 0
2134 2262 2258 1230 0
1524 2386 2134 1281 0
2258 2386 2243 1218 0
1281 2386 1218 2271 0
2392 1268 1363 2370 0
2258 2293 1852 1785 0
2258 2293 2243 1852 0
2455 352 2264 438 0
568 2343 350 425 0
568 2358 2343 425 0
2358 576 425 568 0
1779 1740 2275 1680 0
2391 2218 1153 2291 0
2275 2218 2391 2291 0
2232 2281 2300 2402 0
1356 1302 2423 2080 0
1262 1551 2423 1650 0
1551 2423 1650 2344 0
2398 2423 1650 2080 0
338 2301 380 323 0
338 2222 380 2301 0
265 323 2301 338 0
2258 1787 2359 1537 0
1312 1537 2258 2389 0
2166 1524 2389 2258 0
2447 2268 2297 2339 0
1066 2384 2053 1156 0
829 2216 841 1083 0
2322 2405 2159 2335 0
2322 2405 2223 2159 0
635 745 2332 710 0
602 2332 710 635 0
1541 1330 2242 1407 0
2231 1172 2041 2415 0
2294 2231 1031 1089 0
2231 2041 2224 2312 0
2231 2312 2224 2294 0
1176 2294 1089 1174 0
863 1065 2367 976 0
1129 976 2367 1065 0
1779 1680 2275 1704 0
1704 1680 2275 2291 0
802 2332 2400 745 0
2400 2332 2264 2455 0
710 2332 802 745 0
2440 2400 2230 2226 0
921 2420 2325 1047 0
1140 1062 2420 1060 0
2420 1062 978 1060 0
1103 1120 1047 2325 0
1478 2039 2450 1485 0
1328 2450 2335 1411 0
1381 1242 1446 2340 0
1446 1232 2340 1242 0
2223 2174 2239 2302 0
889 2385 871 2306 0
183 181 169 2397 0
2435 295 2351 384 0
1232 2423 1136 1134 0
2237 2423 1134 1136 0
979 2323 1133 999 0
1262 1134 2423 1232 0
2323 2423 1133 1134 0
2407 2338 515 730 0
1855 1826 2408 1802 0
1855 2408 2375 2413 0
1828 2413 1802 1855 0
1743 1784 2408 1683 0
1802 1784 2408 1743 0
1802 2408 1784 1826 0
2380 2408 1784 1683 0
190 2212 256 240 0
1738 1715 2302 1745 0
2377 1710 1715 2302 0
832 2319 2294 2269 0
2316 2197 2189 2253 0
2316 2192 2197 2253 0
1499 2243 1283 2409 0
2369 1847 2409 2243 0
1283 2409 2243 1230 0
2263 2194 2164 2324 0
2194 2324 2263 2151 0
1406 2341 1428 2412 0
2094 2410 2093 670 0
2094 894 2410 670 0
664 681 2455 2332 0
664 596 2455 681 0
681 2455 2332 2385 0
2416 1790 2369 1549 0
2416 1849 2369 1790 0
1238 1537 2369 1230 0
1238 1549 2369 1537 0
2156 2216 2217 2427 0
2303 2261 2299 2249 0
1636 2249 2303 2299 0
2420 2325 1120 1211 0
2420 2325 1341 1140 0
2393 2390 241 2228 0
2393 2228 218 2318 0
2393 2318 2273 2221 0
1170 2280 1156 2353 0
2280 2384 1156 2353 0
2339 185 175 231 0
2339 185 231 247 0
2297 231 2339 175 0
1045 2269 1043 2331 0
796 807 2385 889 0
889 807 2385 2306 0
2183 867 2093 2410 0
2410 2183 867 894 0
282 201 125 2472 0
748 522 2345 528 0
2122 1636 1566 2299 0
1566 1636 2303 2299 0
730 726 2407 893 0
1230 2369 2243 2258 0
1283 2409 1296 1511 0
1230 2369 2409 2243 0
655 853 672 2440 0
655 2259 853 2440 0
655 2259 626 853 0
645 862 2295 2162 0
515 2407 2468 2338 0
2468 2407 458 2462 0
515 2468 2407 458 0
333 2404 396 379 0
1921 2372 2411 1961 0
1961 2142 2372 2411 0
2412 2257 1764 1757 0
1482 2257 1236 1247 0
1270 2039 2450 1432 0
1743 2408 2252 1683 0
1683 2252 1600 2380 0
2380 2252 2408 1683 0
1855 1837 1828 2349 0
2349 2413 1828 1855 0
1802 1855 2413 2408 0
1828 2239 2413 2349 0
1458 1440 1209 2412 0
1458 1236 2412 1209 0
1428 1209 1440 2412 0
1161 2412 1236 1209 0
2390 2213 2228 2221 0
2376 1400 1372 1252 0
1618 1631 2380 2376 0
2380 2336 1618 2376 0
2376 1372 2371 2353 0
2271 2381 1524 1785 0
1526 2224 2352 1445 0
2208 2174 2352 2224 0
2352 1571 1526 1466 0
340 291 2260 355 0
291 308 2260 355 0
392 2260 355 340 0
2414 759 2350 2430 0
1740 1634 1671 2174 0
1634 2174 1740 1680 0
1345 2335 1231 1245 0
1158 1166 1075 2415 0
1172 2231 1086 2415 0
1172 1086 1084 2415 0
1168 1084 1082 2415 0
2231 1089 1086 1031 0
1096 2415 1155 888 0
1096 2415 888 1065 0
2330 1109 1138 1371 0
1408 2333 2382 1475 0
1516 1301 2416 1296 0
1449 2405 2335 2159 0
1097 2391 2348 1162 0
1162 1248 1097 2391 0
752 842 2373 839 0
2373 839 842 956 0
2373 2220 839 953 0
2373 956 953 839 0
1406 2412 2299 2341 0
1406 2412 1697 2299 0
194 2397 219 186 0
194 219 2397 258 0
194 2397 2390 241 0
2408 2371 1434 1418 0
1156 1372 2371 1434 0
1156 1434 2371 1418 0
1784 2371 1548 1434 0
2376 1400 1252 1292 0
1720 1735 1474 2376 0
2380 2336 2376 2353 0
2301 2339 247 214 0
265 214 2301 247 0
2301 2173 2339 214 0
437 2417 513 436 0
516 739 2417 436 0
2250 2237 2323 2304 0
1511 2369 2409 1296 0
1511 1759 1499 2409 0
2393 2390 2228 2221 0
2393 2221 2228 2318 0
454 544 2320 547 0
1053 908 921 2420 0
2420 1140 1060 2325 0
119 2268 144 2297 0
1482 1236 2412 1479 0
480 2357 573 602 0
480 2357 2332 2404 0
480 2332 2357 602 0
1139 2418 1378 2263 0
2356 2201 2221 2260 0
2221 2308 2064 2229 0
2221 2397 2308 2356 0
297 2064 2230 2245 0
2138 2221 2229 2201 0
2322 2229 2064 2310 0
2322 2064 2223 2310 0
2277 2230 2223 2138 0
2230 2064 2311 2223 0
2331 2313 2312 2224 0
2232 2269 2331 2313 0
2074 2244 2145 2308 0
2115 2244 2308 2145 0
2246 2115 2310 2312 0
2174 2313 2311 2218 0
2311 2313 2203 2218 0
747 2244 503 795 0
2244 583 747 503 0
2441 2372 2142 2044 0
2142 2441 2044 2419 0
2420 1152 1064 1062 0
1146 1056 1144 2388 0
2388 2420 1056 1144 0
1132 1152 1064 2420 0
2388 1064 2420 1132 0
2271 1852 1854 1782 0
2477 1785 2271 1852 0
1239 1241 2416 1552 0
1516 2416 1301 1305 0
1408 1462 2382 2333 0
1408 2382 1462 1572 0
1725 2211 2382 1689 0
2344 1462 2382 1572 0
2340 1462 2382 2344 0
2441 2372 1688 1955 0
2444 1955 1688 2372 0
2441 1955 2142 2372 0
2142 1955 2441 2419 0
510 509 2421 736 0
436 2421 738 739 0
1031 2231 2415 1086 0
1232 2423 1262 1551 0
1232 1446 2423 1551 0
1446 2344 2423 1551 0
958 955 2231 1031 0
2292 1344 1250 2394 0
1347 1250 1344 2394 0
1516 1296 2416 1511 0
1511 2369 1296 2416 0
517 743 2417 739 0
517 2030 2417 743 0
444 2030 524 2417 0
1338 2394 1327 1255 0
1446 2423 2340 1232 0
333 2404 379 276 0
286 2264 2455 352 0
2420 1053 1120 1047 0
1135 2420 1144 1056 0
2447 282 2297 2472 0
119 2297 112 2472 0
119 2268 2297 2472 0
1047 2325 1120 2420 0
921 2325 2420 978 0
2422 2416 1846 1765 0
2422 2292 1514 1753 0
2422 1305 1517 1310 0
2422 2416 1305 1241 0
1446 2423 2344 2340 0
1700 1912 2444 1701 0
2444 2378 2465 1955 0
1820 1741 1727 2394 0
1820 1727 1510 2394 0
1826 1648 1534 2408 0
1855 2408 1534 2375 0
1694 1715 1709 2377 0
1694 1702 1715 2377 0
2377 2302 1737 2208 0
2377 2302 1715 1737 0
829 686 618 2216 0
291 308 2397 2260 0
291 258 2397 308 0
291 2397 258 241 0
2260 2393 2397 291 0
1230 2369 2258 1537 0
402 507 415 2356 0
631 640 2356 2220 0
415 526 2401 507 0
415 507 2401 2356 0
2074 2212 2308 2221 0
2074 2244 2308 2212 0
2074 256 2034 2244 0
2074 256 2244 2212 0
2034 2244 2145 2074 0
2301 2222 2309 2074 0
2302 2310 2223 2174 0
2246 2310 2302 2174 0
2208 2302 2174 2246 0
2208 2246 2174 2224 0
1526 2208 2352 2224 0
2229 2308 2064 2310 0
2115 2308 2229 2310 0
2230 297 2203 2311 0
2231 2145 2115 2312 0
2294 2145 2312 2269 0
2309 2269 2232 2313 0
2439 1987 2372 1951 0
1921 1890 2372 1768 0
2470 1951 2372 1890 0
241 194 2397 258 0
2393 2397 291 241 0
2417 2421 737 510 0
510 2421 737 736 0
2417 739 2421 436 0
2389 2424 2258 1524 0
2258 2424 2359 1524 0
1543 2406 2292 2425 0
2390 2397 2393 241 0
300 2404 286 2264 0
346 2455 2404 379 0
286 2404 2455 2264 0
2253 857 2215 1091 0
2253 2214 2215 857 0
2156 2216 2427 841 0
2427 2216 2217 1123 0
2441 2419 2426 2044 0
2442 2044 2426 1962 0
1378 1642 2263 1597 0
2118 1585 2119 2263 0
2324 1611 2263 2151 0
2263 1642 2151 1611 0
2333 1147 1369 1141 0
2418 1147 1369 2333 0
1378 2418 1147 1369 0
2197 2249 2178 2261 0
1516 1305 1517 2416 0
1546 2422 1241 1552 0
1552 1241 2416 2422 0
2422 1305 2416 1517 0
2428 2338 893 730 0
734 2451 2338 2428 0
1302 2423 1131 1356 0
2221 2397 2260 2393 0
2390 2397 2221 2393 0
734 2421 509 736 0
2029 2421 509 734 0
519 439 2029 516 0
436 2029 516 738 0
2115 795 2229 2308 0
2115 2244 795 2308 0
2115 2383 2244 2145 0
2231 2383 2115 2145 0
2274 2310 2115 2229 0
2274 2310 2317 2115 0
2367 2115 2246 2312 0
2367 2231 2115 2312 0
2218 2311 2230 2203 0
2346 2230 2203 2218 0
2074 2308 297 2221 0
2222 2145 2309 2074 0
2310 2064 2223 2311 0
2310 2311 2223 2174 0
2312 2269 2313 2331 0
183 2397 173 186 0
1633 1671 1587 2208 0
457 547 2307 549 0
457 2307 456 549 0
2138 2199 2159 2277 0
2374 2453 316 2429 0
578 667 2175 2365 0
686 2054 630 2196 0
2430 2438 2350 533 0
983 2350 771 2414 0
2414 2430 2350 533 0
2292 1339 1243 2431 0
2399 1339 2292 2431 0
2192 2197 2177 2328 0
2328 530 2192 2316 0
2328 2192 2197 2316 0
1771 1838 2292 2432 0
2292 1741 1514 1753 0
1802 2408 2252 1743 0
496 380 390 2222 0
338 390 380 2222 0
515 2463 2433 2338 0
512 734 2433 2338 0
2413 2252 1802 2408 0
1828 2239 1756 2413 0
2450 1121 1036 1150 0
1478 1253 1352 2450 0
2450 1150 1253 1121 0
1005 785 2229 795 0
1358 1245 2335 1345 0
1345 2335 1328 1227 0
819 2330 894 911 0
1430 1533 2405 1449 0
1430 1380 1449 2335 0
1449 2405 1430 2335 0
2122 1697 1804 2036 0
2036 2395 2412 1697 0
1697 2036 2395 1804 0
2122 1697 2036 2299 0
2412 2036 1697 2299 0
1560 2324 2248 1586 0
2324 1707 1472 1693 0
2436 295 2351 2435 0
180 305 2435 2351 0
1270 1643 2377 2039 0
1244 2331 1180 1176 0
2224 1176 2331 1244 0
2422 1514 1310 1517 0
2292 2422 1310 1243 0
1339 2292 2422 1546 0
1339 1243 2422 2292 0
2422 1310 1514 2292 0
2323 1131 1356 1138 0
2423 2323 1131 1356 0
2407 732 527 2338 0
703 2385 681 784 0
796 784 2385 703 0
2146 2178 2251 2326 0
2436 2351 2374 180 0
180 2436 2351 2435 0
701 2259 2329 2289 0
2232 948 820 945 0
539 2401 415 526 0
498 2401 424 599 0
1190 2402 1198 1114 0
524 751 2417 2030 0
2259 2245 2289 2203 0
2346 2259 2289 2203 0
2214 2247 2215 2387 0
1399 2215 2247 2387 0
777 2295 765 858 0
777 2295 697 765 0
777 858 970 2295 0
2315 2437 398 2357 0
1732 2382 2344 2211 0
2151 1642 1640 2364 0
2347 1455 2151 1640 0
655 398 2437 573 0
2357 573 2437 398 0
2329 2437 626 398 0
503 2397 187 191 0
2397 216 200 183 0
378 224 2397 191 0
2397 216 183 191 0
1156 1271 2384 2053 0
2240 1139 1130 2194 0
1834 2394 1741 1820 0
918 995 1002 2417 0
743 2030 2417 918 0
1834 2292 1741 2394 0
2394 1510 1760 1538 0
1688 2171 2445 1700 0
1717 2445 1739 1889 0
1739 1889 2445 1912 0
2408 2375 2371 1418 0
1271 2371 2375 1418 0
2430 528 2350 2438 0
718 619 2222 604 0
604 2222 496 619 0
771 2031 983 991 0
2031 2265 1044 991 0
983 991 2031 1044 0
774 2031 771 991 0
991 2031 541 774 0
226 282 2472 2297 0
2297 226 129 2472 0
1921 2372 2439 2411 0
2470 2439 2372 1951 0
283 2343 231 298 0
1188 2456 2038 1101 0
2038 1099 1101 2456 0
510 2417 513 737 0
513 2417 742 737 0
1771 2432 2292 2406 0
2440 2256 2346 1017 0
2440 2346 2259 906 0
536 2235 2030 2345 0
1756 2413 2239 2252 0
2442 2044 1884 2441 0
1925 1955 2419 2441 0
1925 2419 2426 2441 0
2442 2441 2426 2044 0
2212 2244 232 256 0
2212 2074 256 240 0
2400 2227 2385 2455 0
2281 820 942 945 0
2402 945 2281 942 0
2402 2281 945 2232 0
1327 1310 1250 2292 0
1310 1250 2292 2443 0
2274 2229 2115 795 0
956 1028 2366 1030 0
953 2366 1030 956 0
2366 2220 2373 953 0
2366 956 953 2373 0
2366 2220 953 946 0
1925 2442 1884 2441 0
1925 2441 2426 2442 0
463 728 460 967 0
967 972 883 460 0
2139 686 829 2170 0
686 2139 2054 2196 0
2139 1547 2270 2089 0
2139 829 2073 2170 0
824 949 2269 828 0
2380 2371 1454 1548 0
1720 1784 2380 1548 0
602 672 2357 573 0
2357 2332 672 602 0
602 710 2332 672 0
2292 2443 1344 2446 0
1310 2443 2292 1243 0
2347 2217 2379 1391 0
1130 2217 1391 2169 0
457 454 2307 547 0
2307 454 2320 547 0
1549 2416 1239 1238 0
1553 1552 1333 2416 0
1238 2416 2369 1549 0
2256 2348 2230 2346 0
2440 2256 2230 2346 0
2440 2230 2259 2346 0
1701 1900 1913 2444 0
1912 2378 2444 1913 0
1700 1733 2444 1688 0
1701 1900 2444 1733 0
2445 2444 2465 1955 0
2445 1955 1688 2444 0
1740 1680 2174 2275 0
819 773 2330 2250 0
863 2115 2383 747 0
2383 2115 863 2231 0
183 186 200 2397 0
866 2251 827 2341 0
827 2341 2251 1106 0
827 2251 1014 1106 0
1687 2302 1710 2377 0
2302 1713 1738 2239 0
2302 2252 2239 2223 0
1673 2039 2405 2302 0
496 2222 482 380 0
604 482 496 2222 0
822 2459 892 2138 0
710 2332 672 802 0
2270 2265 1044 2307 0
2270 1058 1044 2265 0
2281 698 2358 782 0
994 942 2281 860 0
1487 2037 1315 2303 0
1315 2303 2037 2261 0
1487 2037 2215 1315 0
2097 1487 2037 2215 0
1706 2380 1618 1631 0
1706 1720 2380 1631 0
1720 2376 2380 1631 0
1454 2380 2376 2371 0
2243 2386 1758 1492 0
630 2189 744 2316 0
630 2197 2189 2316 0
1925 1889 2445 1717 0
2171 2066 1739 1700 0
1717 1739 2445 2171 0
2405 2322 2223 2302 0
2387 1455 1399 2324 0
2387 1399 1472 2324 0
2361 2242 1116 1083 0
2361 1407 1116 2242 0
144 2297 175 166 0
2339 185 247 214 0
2122 2036 1804 1636 0
1804 2036 2276 2254 0
1636 2036 2285 2242 0
2042 2218 2275 2291 0
2275 1680 2042 2291 0
2382 1506 1613 2333 0
1696 1739 2464 1725 0
2118 1642 2263 2119 0
1383 1378 1642 2263 0
2292 2431 1243 2446 0
2292 2443 2446 1243 0
1720 2376 1474 2380 0
2386 1218 2134 1281 0
1524 2134 2386 2258 0
1230 2258 2243 2262 0
1283 2147 1230 2243 0
2472 2268 2297 2447 0
2447 2289 2245 2343 0
2447 2339 2297 2343 0
2472 2329 2268 2447 0
2447 2329 2245 2289 0
2398 1593 1371 1356 0
2398 1763 1593 1356 0
2398 1593 1763 1691 0
2398 1624 2136 2141 0
1448 2276 1468 1214 0
2276 1214 1240 1468 0
2224 2298 1445 1366 0
2304 2250 2237 2295 0
586 2295 580 2068 0
645 683 2295 862 0
1581 2305 2037 2354 0
2303 2354 2037 2305 0
2305 2249 2037 2303 0
2306 1035 1018 1099 0
2097 2286 2448 1455 0
2379 1455 1640 2448 0
2448 1455 2286 2379 0
2379 1455 2347 1640 0
1391 1640 2379 2347 0
626 2437 2329 2259 0
478 508 2251 609 0
508 2251 609 2326 0
2258 1787 1785 2359 0
2258 1847 1785 1787 0
2391 2040 2384 2348 0
2407 890 732 2338 0
2462 2407 527 2338 0
2407 890 2338 980 0
2407 893 980 2338 0
2407 2468 2338 2462 0
487 422 305 2351 0
572 305 422 2351 0
832 837 2319 740 0
2294 2231 2319 837 0
951 2294 2269 832 0
189 187 2244 182 0
187 181 2397 182 0
215 189 503 2244 0
2244 2397 182 187 0
2376 1429 1234 1420 0
1294 2376 2038 2456 0
1448 1438 2254 1118 0
2276 1214 1448 2254 0
1672 1684 1676 2377 0
2452 1676 1644 2377 0
2461 2472 107 91 0
107 2268 2472 2461 0
2392 1268 1437 1502 0
1469 2379 2449 2286 0
2379 2448 2449 2286 0
1674 1624 1691 2398 0
1801 1784 1548 1648 0
1801 1720 1548 1784 0
2380 2408 2371 1784 0
1826 2408 1784 1648 0
1706 1720 1784 2380 0
1548 2380 2371 1784 0
2366 1169 1121 1227 0
2335 2450 2366 2180 0
1005 2450 1036 1150 0
2366 2450 2229 2180 0
1036 2229 2450 1005 0
1227 1328 1121 2335 0
2030 1002 2345 2235 0
2030 1002 2235 934 0
2433 2451 730 2338 0
2451 730 2338 2428 0
548 2265 797 818 0
144 132 2297 166 0
144 119 2297 132 0
1630 1644 1604 2452 0
1443 2377 2452 2317 0
2374 143 2453 2429 0
1853 2466 2284 1882 0
2466 1775 1491 1654 0
2284 1534 1491 2375 0
558 2454 594 825 0
594 2454 833 825 0
2270 1020 805 1004 0
2264 438 352 361 0
2455 438 426 352 0
596 681 611 2455 0
2347 2217 2247 2286 0
2347 2217 2286 2379 0
178 2404 145 134 0
178 168 2404 134 0
2467 1718 1810 1797 0
1718 1730 2392 2467 0
2467 2291 1437 2392 0
2456 1207 1234 2376 0
2456 1193 1101 1188 0
2456 1234 1171 1294 0
1420 1234 2376 1294 0
1294 2376 2456 1234 0
2362 2175 578 667 0
2457 985 2471 2338 0
2457 2338 893 2428 0
415 2401 365 355 0
415 2401 355 2356 0
2356 415 402 355 0
2276 1161 2257 1183 0
2238 922 729 2458 0
646 668 2278 2458 0
2397 2244 182 2212 0
387 481 2244 503 0
503 481 2244 583 0
805 553 558 2270 0
1099 1101 2456 2306 0
1068 1101 1035 2306 0
1101 2456 2306 1068 0
817 704 2281 698 0
2422 1241 1305 1243 0
1398 1545 2041 2452 0
1562 2452 1573 2041 0
2367 2452 2041 2246 0
2317 2452 2246 2377 0
2206 896 2458 2278 0
646 2458 729 668 0
646 2206 2458 2278 0
2232 2300 1102 2402 0
2232 1046 1102 1045 0
2444 1900 1913 2460 0
2444 2378 2460 1913 0
827 2265 588 818 0
818 2265 588 548 0
827 588 2265 2251 0
1549 1553 1333 2416 0
352 286 346 2455 0
630 2178 2326 744 0
2279 911 819 894 0
108 2461 103 91 0
108 97 2461 91 0
2461 113 97 108 0
2268 2329 2472 2461 0
108 2461 113 2315 0
2335 2366 1121 1227 0
2335 2450 1121 2366 0
1121 2366 2450 1036 0
1328 1121 2335 2450 0
2404 2315 145 134 0
113 2315 239 134 0
145 2342 2315 2404 0
1083 2177 2216 2234 0
2304 2032 2131 2111 0
1087 2366 1085 1030 0
1030 2366 1085 1028 0
2423 1371 1356 2398 0
2323 1356 1371 1138 0
1838 1846 1765 2422 0
2463 512 2338 447 0
2463 512 2433 2338 0
1630 1644 2452 1676 0
1660 1676 2452 2377 0
1506 1739 2464 1696 0
1725 1791 1739 2464 0
1912 1889 2445 2465 0
1700 1912 2445 2444 0
2466 1876 1885 1882 0
2466 1839 1885 1876 0
2368 2284 2466 1612 0
2466 1654 2284 1882 0
2467 1437 2368 1612 0
2467 1437 1612 1576 0
2368 2275 2291 2467 0
2467 2291 2368 1437 0
1281 2271 2403 2282 0
1503 1265 2271 2225 0
458 527 2462 2407 0
2353 2371 2384 1156 0
235 186 219 2397 0
1832 1272 1279 1277 0
1832 1824 1569 1279 0
1832 1563 1844 1842 0
2468 2463 2338 447 0
2468 2462 447 2338 0
2468 2475 2462 458 0
1098 1045 2331 1102 0
1102 1045 2331 2232 0
2232 2331 2269 1045 0
2211 1725 2382 2464 0
2211 2382 2344 2464 0
2384 2371 1271 1156 0
2384 2371 2391 1271 0
498 599 671 2401 0
424 2401 367 415 0
498 2401 373 424 0
243 2469 607 295 0
243 607 2469 474 0
2392 1450 1268 1502 0
2392 1268 1450 1363 0
2417 1002 934 995 0
2417 751 742 919 0
2417 2030 1002 918 0
2030 2417 934 751 0
2417 934 1002 2030 0
607 295 610 657 0
1244 1258 1180 2331 0
1244 2298 1258 2331 0
2224 1366 1244 2298 0
1244 2298 1366 1385 0
2224 2331 2298 1244 0
2049 999 2323 979 0
2304 2116 2049 986 0
731 2304 999 862 0
2250 2238 2181 2295 0
2256 2226 1001 2440 0
2256 2384 1001 2226 0
528 2287 450 2255 0
2350 2255 2287 528 0
2350 2438 528 2287 0
2445 2465 2444 1912 0
1912 2378 2465 2444 0
1739 1700 1912 2445 0
1700 2445 1688 2444 0
909 1018 2306 928 0
2306 928 889 909 0
1005 1104 2274 1270 0
1005 1270 2450 1150 0
2450 2229 2274 1005 0
2450 1005 2274 1270 0
2096 2323 2250 2330 0
986 1138 2323 2096 0
1121 1167 1169 2366 0
1430 1533 1501 2405 0
2335 2405 1430 1501 0
1610 2405 1589 1533 0
2335 2405 1501 2039 0
1673 1589 2405 2039 0
2394 2292 1543 1771 0
1834 2394 1771 2292 0
1327 1250 2394 2292 0
2394 1344 1543 2292 0
2330 1298 1109 1371 0
2330 1371 2398 1298 0
1298 1593 1371 2398 0
1327 1255 2394 1250 0
2376 1518 1530 1420 0
1921 2470 2372 1890 0
1921 2439 2372 2470 0
2248 1298 1472 2387 0
2382 1506 2344 2464 0
1725 1689 2464 1696 0
2243 2293 2236 1852 0
2159 2252 2405 2223 0
2302 2405 2252 2223 0
1673 2405 2252 2302 0
2402 1203 1124 2300 0
1046 1048 2402 1122 0
1198 1203 2402 2300 0
1046 1102 2402 2232 0
2232 2300 2042 1184 0
2397 183 181 187 0
189 187 503 2244 0
503 2244 187 2397 0
2338 980 2471 893 0
2457 2471 893 2338 0
2272 1758 1854 1852 0
2272 1854 1758 1761 0
2397 187 191 183 0
378 503 191 2397 0
1430 1345 1358 2335 0
107 2461 91 103 0
2191 1371 2398 2330 0
945 1048 2402 1046 0
942 1048 2402 945 0
2281 820 817 942 0
236 2404 178 168 0
107 91 2472 96 0
125 2472 201 110 0
2357 672 2437 573 0
2357 2440 672 2332 0
655 2437 672 573 0
2338 980 2473 2471 0
2338 2473 980 2474 0
543 2265 797 548 0
614 2270 2454 2167 0
283 298 350 2343 0
298 2343 358 350 0
928 2306 1003 1035 0
623 2183 2363 2094 0
1864 2284 1855 1878 0
2400 2280 2306 2138 0
2226 2230 2280 2400 0
2459 2138 2306 2199 0
2371 2391 1271 2375 0
2373 956 842 957 0
1688 1733 2444 1921 0
1688 2444 2372 1921 0
1244 1385 1258 2298 0
1526 1445 2352 1466 0
1466 2298 1385 1445 0
2352 2224 2298 1445 0
667 2156 881 841 0
618 2156 667 841 0
667 2156 2175 881 0
2334 2156 667 618 0
2334 667 2156 2362 0
2362 2156 2175 667 0
2156 2037 2217 2216 0
2192 2037 2156 2216 0
2192 2156 2037 2157 0
2156 2037 2247 2217 0
2157 2037 2247 2156 0
2284 1882 1654 1878 0
2284 1534 2375 1855 0
2284 1534 1855 1878 0
2256 2230 2226 2440 0
2256 2384 2226 2230 0
2351 210 180 348 0
180 487 305 2351 0
732 2407 460 883 0
2402 1124 1119 994 0
2353 2376 1372 1252 0
2199 2376 2336 2353 0
2397 200 216 235 0
378 245 2397 224 0
2397 245 235 216 0
1883 1701 2050 2398 0
2338 2474 890 901 0
2338 2473 2474 901 0
387 468 2244 481 0
583 468 481 2244 0
2362 2175 2157 2214 0
2296 2157 2321 2362 0
2362 2214 2157 2321 0
2192 2037 2253 2157 0
2157 2215 2037 2253 0
2157 2247 2037 2215 0
236 221 2404 168 0
236 300 2404 221 0
2468 447 2462 2475 0
944 915 2388 1049 0
655 2440 672 2437 0
802 2440 2332 672 0
2357 2437 672 2440 0
655 2437 2259 2440 0
1701 1873 1700 1912 0
1700 2464 1739 1873 0
1482 2257 2412 1236 0
2345 2030 444 522 0
387 386 2244 468 0
918 1002 930 2030 0
748 2030 743 930 0
748 2345 2030 930 0
2030 2345 1002 930 0
330 360 223 138 0
463 724 967 462 0
415 367 365 2401 0
461 462 716 961 0
952 840 2231 837 0
547 2320 2307 781 0
547 544 2320 781 0
614 2167 2454 594 0
2120 2270 2167 2454 0
1109 2387 1298 2248 0
2172 2248 2387 1109 0
1925 1889 2476 2445 0
2445 1889 2476 2465 0
2271 1782 2381 2477 0
1782 2477 2271 1852 0
599 671 2401 2220 0
2220 2401 785 671 0
1673 1687 1635 2039 0
1713 1673 2252 2302 0
1921 2444 1900 1733 0
End