solid artifacts/general-tissue-mesher-2026-10-07/exact-control-volume.mesh__cutting.stl
facet normal 0 0 0
outer loop
vertex -6.847378e-02 7.863352e-01 9.997701e-02
vertex -6.847378e-02 7.870852e-01 9.818951e-02
vertex -6.847378e-02 7.887102e-01 9.997701e-02
endloop
endfacet
facet normal 0 0 0
outer loop
vertex -7.847378e-02 7.967102e-01 9.667701e-02
vertex -7.847378e-02 7.947102e-01 9.497701e-02
vertex -7.847378e-02 7.967102e-01 9.557701e-02
endloop
endfacet
facet normal 0 0 0
outer loop
vertex -8.652227e-02 8.001648e-01 9.497701e-02
vertex -8.438893e-02 8.001648e-01 9.497701e-02
vertex -8.652227e-02 7.981648e-01 9.497701e-02
endloop
endfacet
facet normal 0 0 0
outer loop
vertex -7.100711e-02 7.947102e-01 9.497701e-02
vertex -7.100711e-02 7.947102e-01 9.522964e-02
vertex -6.847378e-02 7.947102e-01 9.497701e-02
endloop
endfacet
facet normal 0 0 0
outer loop
vertex -7.954045e-02 8.047102e-01 9.887701e-02
vertex -7.847378e-02 8.047102e-01 1.021770e-01
vertex -7.847378e-02 8.047102e-01 1.005270e-01
endloop
endfacet
facet normal 0 0 0
outer loop
vertex -7.954045e-02 8.047102e-01 1.021770e-01
vertex -7.847378e-02 8.047102e-01 1.021770e-01
vertex -7.954045e-02 8.047102e-01 9.887701e-02
endloop
endfacet
facet normal 0 0 0
outer loop
vertex -7.255863e-02 7.907102e-01 1.049770e-01
vertex -7.314044e-02 7.927102e-01 1.049770e-01
vertex -7.527377e-02 7.907102e-01 1.049770e-01
endloop
endfacet
facet normal 0 0 0
outer loop
vertex -8.225559e-02 7.861648e-01 9.497701e-02
vertex -8.380711e-02 7.861648e-01 9.497701e-02
vertex -8.225559e-02 7.881647e-01 9.497701e-02
endloop
endfacet
facet normal 0 0 0
outer loop
vertex -8.380711e-02 8.032557e-01 1.049770e-01
vertex -8.535863e-02 8.032557e-01 1.049770e-01
vertex -8.535863e-02 8.027102e-01 1.049770e-01
endloop
endfacet
facet normal 0 0 0
outer loop
vertex -8.847378e-02 7.883352e-01 9.516452e-02
vertex -8.847378e-02 7.863352e-01 9.557701e-02
vertex -8.847378e-02 7.883352e-01 9.777701e-02
endloop
endfacet
facet normal 0 0 0
outer loop
vertex -8.847378e-02 7.983352e-01 1.021770e-01
vertex -8.847378e-02 7.963352e-01 9.956452e-02
vertex -8.847378e-02 7.963352e-01 1.017645e-01
endloop
endfacet
facet normal 0 0 0
outer loop
vertex -7.847378e-02 8.047102e-01 1.049770e-01
vertex -7.954045e-02 8.047102e-01 1.021770e-01
vertex -8.060711e-02 8.047102e-01 1.032770e-01
endloop
endfacet
facet normal 0 0 0
outer loop
vertex -8.847378e-02 7.965398e-01 9.497701e-02
vertex -8.847378e-02 7.975398e-01 9.497701e-02
vertex -8.807378e-02 7.961648e-01 9.497701e-02
endloop
endfacet
facet normal 0 0 0
outer loop
vertex -6.847378e-02 7.863352e-01 9.557701e-02
vertex -6.847378e-02 7.863352e-01 9.777701e-02
vertex -6.847378e-02 7.847102e-01 9.497701e-02
endloop
endfacet
facet normal 0 0 0
outer loop
vertex -7.847378e-02 7.997102e-01 1.021770e-01
vertex -7.847378e-02 7.987102e-01 1.043770e-01
vertex -7.847378e-02 7.967102e-01 1.021770e-01
endloop
endfacet
facet normal 0 0 0
outer loop
vertex -7.847378e-02 7.997102e-01 1.021770e-01
vertex -7.847378e-02 7.997102e-01 1.043770e-01
vertex -7.847378e-02 7.987102e-01 1.043770e-01
endloop
endfacet
facet normal 0 0 0
outer loop
vertex -8.322529e-02 8.032557e-01 9.497701e-02
vertex -8.244953e-02 8.047102e-01 9.497701e-02
vertex -8.167378e-02 8.047102e-01 9.497701e-02
endloop
endfacet
facet normal 0 0 0
outer loop
vertex -8.380711e-02 8.032557e-01 1.049770e-01
vertex -8.535863e-02 8.027102e-01 1.049770e-01
vertex -8.380711e-02 8.007102e-01 1.049770e-01
endloop
endfacet
facet normal 0 0 0
outer loop
vertex -8.322529e-02 8.032557e-01 9.497701e-02
vertex -8.167378e-02 8.047102e-01 9.497701e-02
vertex -8.167378e-02 8.032557e-01 9.497701e-02
endloop
endfacet
facet normal 0 0 0
outer loop
vertex -7.847378e-02 8.037102e-01 9.997701e-02
vertex -7.847378e-02 8.037102e-01 1.010770e-01
vertex -7.847378e-02 8.007102e-01 9.997701e-02
endloop
endfacet
facet normal 0 0 0
outer loop
vertex -8.244953e-02 8.047102e-01 9.497701e-02
vertex -8.257202e-02 8.047102e-01 9.522964e-02
vertex -8.167378e-02 8.047102e-01 9.497701e-02
endloop
endfacet
facet normal 0 0 0
outer loop
vertex -7.847378e-02 8.047102e-01 1.021770e-01
vertex -7.847378e-02 8.037102e-01 1.010770e-01
vertex -7.847378e-02 8.047102e-01 1.005270e-01
endloop
endfacet
facet normal 0 0 0
outer loop
vertex -8.167378e-02 8.047102e-01 9.497701e-02
vertex -8.257202e-02 8.047102e-01 9.522964e-02
vertex -8.167378e-02 8.047102e-01 9.522964e-02
endloop
endfacet
facet normal 0 0 0
outer loop
vertex -6.847378e-02 7.870852e-01 9.818951e-02
vertex -6.847378e-02 7.863352e-01 9.997701e-02
vertex -6.847378e-02 7.863352e-01 9.818951e-02
endloop
endfacet
facet normal 0 0 0
outer loop
vertex -7.100711e-02 7.947102e-01 9.887701e-02
vertex -6.994045e-02 7.947102e-01 9.777701e-02
vertex -7.100711e-02 7.947102e-01 9.777701e-02
endloop
endfacet
facet normal 0 0 0
outer loop
vertex -6.847378e-02 7.887102e-01 9.557701e-02
vertex -6.847378e-02 7.907102e-01 9.777701e-02
vertex -6.847378e-02 7.887102e-01 9.777701e-02
endloop
endfacet
facet normal 0 0 0
outer loop
vertex -7.314044e-02 7.927102e-01 1.049770e-01
vertex -7.224220e-02 7.947102e-01 1.049770e-01
vertex -7.314044e-02 7.947102e-01 1.049770e-01
endloop
endfacet
facet normal 0 0 0
outer loop
vertex -7.372227e-02 7.901648e-01 9.497701e-02
vertex -7.585560e-02 7.901648e-01 9.497701e-02
vertex -7.372227e-02 7.921647e-01 9.497701e-02
endloop
endfacet
facet normal 0 0 0
outer loop
vertex -7.847378e-02 8.037102e-01 1.021770e-01
vertex -7.847378e-02 8.037102e-01 1.010770e-01
vertex -7.847378e-02 8.047102e-01 1.021770e-01
endloop
endfacet
facet normal 0 0 0
outer loop
vertex -6.847378e-02 7.890852e-01 9.818951e-02
vertex -6.847378e-02 7.907102e-01 9.997701e-02
vertex -6.847378e-02 7.887102e-01 9.997701e-02
endloop
endfacet
facet normal 0 0 0
outer loop
vertex -8.380711e-02 8.047102e-01 9.522964e-02
vertex -8.380711e-02 8.047102e-01 9.667701e-02
vertex -8.274045e-02 8.047102e-01 9.667701e-02
endloop
endfacet
facet normal 0 0 0
outer loop
vertex -7.420711e-02 7.947102e-01 1.032770e-01
vertex -7.314044e-02 7.947102e-01 1.049770e-01
vertex -7.224220e-02 7.947102e-01 1.047244e-01
endloop
endfacet
facet normal 0 0 0
outer loop
vertex -6.847378e-02 7.930852e-01 9.777701e-02
vertex -6.847378e-02 7.907102e-01 9.557701e-02
vertex -6.847378e-02 7.927102e-01 9.557701e-02
endloop
endfacet
facet normal 0 0 0
outer loop
vertex -6.847378e-02 7.930852e-01 9.777701e-02
vertex -6.847378e-02 7.907102e-01 9.777701e-02
vertex -6.847378e-02 7.907102e-01 9.557701e-02
endloop
endfacet
facet normal 0 0 0
outer loop
vertex -6.847378e-02 7.947102e-01 9.497701e-02
vertex -6.847378e-02 7.930852e-01 9.777701e-02
vertex -6.847378e-02 7.927102e-01 9.557701e-02
endloop
endfacet
facet normal 0 0 0
outer loop
vertex -7.954045e-02 7.921647e-01 9.497701e-02
vertex -7.954045e-02 7.901648e-01 9.497701e-02
vertex -8.225559e-02 7.901648e-01 9.497701e-02
endloop
endfacet
facet normal 0 0 0
outer loop
vertex -6.847378e-02 7.930852e-01 9.818951e-02
vertex -6.847378e-02 7.947102e-01 9.878535e-02
vertex -6.847378e-02 7.947102e-01 9.953014e-02
endloop
endfacet
facet normal 0 0 0
outer loop
vertex -7.207378e-02 7.947102e-01 1.032770e-01
vertex -7.420711e-02 7.947102e-01 1.032770e-01
vertex -7.224220e-02 7.947102e-01 1.047244e-01
endloop
endfacet
facet normal 0 0 0
outer loop
vertex -6.994045e-02 7.947102e-01 9.777701e-02
vertex -7.100711e-02 7.947102e-01 9.887701e-02
vertex -6.847378e-02 7.947102e-01 9.878535e-02
endloop
endfacet
facet normal 0 0 0
outer loop
vertex -8.274045e-02 7.847102e-01 9.667701e-02
vertex -8.274045e-02 7.847102e-01 9.887701e-02
vertex -8.380711e-02 7.847102e-01 9.667701e-02
endloop
endfacet
facet normal 0 0 0
outer loop
vertex -7.207378e-02 7.947102e-01 1.010770e-01
vertex -6.994045e-02 7.947102e-01 1.010770e-01
vertex -7.314044e-02 7.947102e-01 9.997701e-02
endloop
endfacet
facet normal 0 0 0
outer loop
vertex -6.994045e-02 7.947102e-01 1.010770e-01
vertex -7.100711e-02 7.947102e-01 9.887701e-02
vertex -7.314044e-02 7.947102e-01 9.997701e-02
endloop
endfacet
facet normal 0 0 0
outer loop
vertex -7.224220e-02 7.947102e-01 1.049770e-01
vertex -7.224220e-02 7.947102e-01 1.047244e-01
vertex -7.314044e-02 7.947102e-01 1.049770e-01
endloop
endfacet
facet normal 0 0 0
outer loop
vertex -7.420711e-02 7.847102e-01 9.667701e-02
vertex -7.365762e-02 7.847102e-01 9.497701e-02
vertex -7.255863e-02 7.847102e-01 9.497701e-02
endloop
endfacet
facet normal 0 0 0
outer loop
vertex -8.438893e-02 7.921647e-01 9.497701e-02
vertex -8.652227e-02 7.901648e-01 9.497701e-02
vertex -8.807378e-02 7.921647e-01 9.497701e-02
endloop
endfacet
facet normal 0 0 0
outer loop
vertex -7.365762e-02 7.847102e-01 9.497701e-02
vertex -7.158893e-02 7.861648e-01 9.497701e-02
vertex -7.255863e-02 7.847102e-01 9.497701e-02
endloop
endfacet
facet normal 0 0 0
outer loop
vertex -7.158893e-02 7.861648e-01 9.497701e-02
vertex -7.100711e-02 7.861648e-01 9.497701e-02
vertex -7.255863e-02 7.847102e-01 9.497701e-02
endloop
endfacet
facet normal 0 0 0
outer loop
vertex -7.100711e-02 7.947102e-01 9.887701e-02
vertex -6.847378e-02 7.947102e-01 9.953014e-02
vertex -6.847378e-02 7.947102e-01 9.878535e-02
endloop
endfacet
facet normal 0 0 0
outer loop
vertex -7.372227e-02 7.901648e-01 9.497701e-02
vertex -7.585560e-02 7.881647e-01 9.497701e-02
vertex -7.585560e-02 7.901648e-01 9.497701e-02
endloop
endfacet
facet normal 0 0 0
outer loop
vertex -6.945559e-02 7.921647e-01 9.497701e-02
vertex -7.100711e-02 7.932557e-01 9.497701e-02
vertex -6.847378e-02 7.947102e-01 9.497701e-02
endloop
endfacet
facet normal 0 0 0
outer loop
vertex -6.847378e-02 7.927102e-01 9.497701e-02
vertex -6.847378e-02 7.947102e-01 9.497701e-02
vertex -6.847378e-02 7.927102e-01 9.557701e-02
endloop
endfacet
facet normal 0 0 0
outer loop
vertex -6.847378e-02 7.947102e-01 9.497701e-02
vertex -6.847378e-02 7.927102e-01 9.497701e-02
vertex -6.858287e-02 7.927102e-01 9.497701e-02
endloop
endfacet
facet normal 0 0 0
outer loop
vertex -8.847378e-02 7.847102e-01 9.757076e-02
vertex -8.847378e-02 7.847102e-01 9.867076e-02
vertex -8.847378e-02 7.863352e-01 9.736452e-02
endloop
endfacet
facet normal 0 0 0
outer loop
vertex -7.798893e-02 7.901648e-01 9.497701e-02
vertex -7.585560e-02 7.901648e-01 9.497701e-02
vertex -7.798893e-02 7.881647e-01 9.497701e-02
endloop
endfacet
facet normal 0 0 0
outer loop
vertex -8.847378e-02 7.863352e-01 9.736452e-02
vertex -8.847378e-02 7.847102e-01 9.867076e-02
vertex -8.847378e-02 7.863352e-01 9.956452e-02
endloop
endfacet
facet normal 0 0 0
outer loop
vertex -7.954045e-02 7.847102e-01 9.667701e-02
vertex -8.274045e-02 7.847102e-01 9.887701e-02
vertex -8.274045e-02 7.847102e-01 9.667701e-02
endloop
endfacet
facet normal 0 0 0
outer loop
vertex -7.100711e-02 7.887102e-01 1.049770e-01
vertex -6.887378e-02 7.887102e-01 1.049770e-01
vertex -7.042529e-02 7.892557e-01 1.049770e-01
endloop
endfacet
facet normal 0 0 0
outer loop
vertex -6.847378e-02 7.907102e-01 9.497701e-02
vertex -6.858287e-02 7.907102e-01 9.497701e-02
vertex -6.847378e-02 7.908361e-01 9.497701e-02
endloop
endfacet
facet normal 0 0 0
outer loop
vertex -6.847378e-02 7.947102e-01 9.777701e-02
vertex -6.847378e-02 7.930852e-01 9.777701e-02
vertex -6.847378e-02 7.947102e-01 9.497701e-02
endloop
endfacet
facet normal 0 0 0
outer loop
vertex -6.847378e-02 7.863352e-01 1.003895e-01
vertex -6.847378e-02 7.863352e-01 9.997701e-02
vertex -6.847378e-02 7.870852e-01 1.003895e-01
endloop
endfacet
facet normal 0 0 0
outer loop
vertex -6.847378e-02 7.863352e-01 1.021770e-01
vertex -6.847378e-02 7.847102e-01 1.021770e-01
vertex -6.847378e-02 7.847102e-01 1.003895e-01
endloop
endfacet
facet normal 0 0 0
outer loop
vertex -7.740711e-02 7.887102e-01 1.049770e-01
vertex -7.527377e-02 7.907102e-01 1.049770e-01
vertex -7.740711e-02 7.907102e-01 1.049770e-01
endloop
endfacet
facet normal 0 0 0
outer loop
vertex -7.469196e-02 7.887102e-01 1.049770e-01
vertex -7.314044e-02 7.887102e-01 1.049770e-01
vertex -7.527377e-02 7.907102e-01 1.049770e-01
endloop
endfacet
facet normal 0 0 0
outer loop
vertex -6.847378e-02 7.910852e-01 1.043770e-01
vertex -6.847378e-02 7.887102e-01 1.021770e-01
vertex -6.847378e-02 7.907102e-01 1.021770e-01
endloop
endfacet
facet normal 0 0 0
outer loop
vertex -7.100711e-02 7.847102e-01 1.021770e-01
vertex -6.847378e-02 7.847102e-01 1.003895e-01
vertex -6.847378e-02 7.847102e-01 1.021770e-01
endloop
endfacet
facet normal 0 0 0
outer loop
vertex -6.847378e-02 7.907102e-01 9.557701e-02
vertex -6.847378e-02 7.907102e-01 9.497701e-02
vertex -6.847378e-02 7.908361e-01 9.497701e-02
endloop
endfacet
facet normal 0 0 0
outer loop
vertex -6.994045e-02 7.847102e-01 9.887701e-02
vertex -6.847378e-02 7.847102e-01 1.003895e-01
vertex -7.100711e-02 7.847102e-01 1.021770e-01
endloop
endfacet
facet normal 0 0 0
outer loop
vertex -7.847378e-02 7.847102e-01 9.497701e-02
vertex -7.740711e-02 7.861648e-01 9.497701e-02
vertex -7.527377e-02 7.867102e-01 9.497701e-02
endloop
endfacet
facet normal 0 0 0
outer loop
vertex -7.100711e-02 7.861648e-01 1.049770e-01
vertex -7.100711e-02 7.887102e-01 1.049770e-01
vertex -7.255863e-02 7.872556e-01 1.049770e-01
endloop
endfacet
facet normal 0 0 0
outer loop
vertex -6.847378e-02 7.907102e-01 9.777701e-02
vertex -6.847378e-02 7.927102e-01 9.818951e-02
vertex -6.847378e-02 7.927102e-01 9.997701e-02
endloop
endfacet
facet normal 0 0 0
outer loop
vertex -7.314044e-02 7.927102e-01 1.049770e-01
vertex -7.255863e-02 7.907102e-01 1.049770e-01
vertex -7.100711e-02 7.932557e-01 1.049770e-01
endloop
endfacet
facet normal 0 0 0
outer loop
vertex -7.469196e-02 7.932557e-01 9.497701e-02
vertex -7.420711e-02 7.947102e-01 9.497701e-02
vertex -7.391620e-02 7.947102e-01 9.497701e-02
endloop
endfacet
facet normal 0 0 0
outer loop
vertex -7.847378e-02 7.947102e-01 1.010770e-01
vertex -7.811822e-02 7.947102e-01 1.014437e-01
vertex -7.811822e-02 7.947102e-01 1.007103e-01
endloop
endfacet
facet normal 0 0 0
outer loop
vertex -7.634044e-02 7.947102e-01 1.010770e-01
vertex -7.811822e-02 7.947102e-01 1.007103e-01
vertex -7.811822e-02 7.947102e-01 1.014437e-01
endloop
endfacet
facet normal 0 0 0
outer loop
vertex -7.255863e-02 7.872556e-01 1.049770e-01
vertex -7.100711e-02 7.887102e-01 1.049770e-01
vertex -7.255863e-02 7.892557e-01 1.049770e-01
endloop
endfacet
facet normal 0 0 0
outer loop
vertex -8.847378e-02 7.863352e-01 1.017645e-01
vertex -8.847378e-02 7.883352e-01 1.043770e-01
vertex -8.847378e-02 7.883352e-01 1.021770e-01
endloop
endfacet
facet normal 0 0 0
outer loop
vertex -8.829447e-02 7.847102e-01 9.876322e-02
vertex -8.700711e-02 7.847102e-01 9.997701e-02
vertex -8.829447e-02 7.847102e-01 9.974942e-02
endloop
endfacet
facet normal 0 0 0
outer loop
vertex -7.100711e-02 7.861648e-01 1.049770e-01
vertex -7.255863e-02 7.872556e-01 1.049770e-01
vertex -7.314044e-02 7.861648e-01 1.049770e-01
endloop
endfacet
facet normal 0 0 0
outer loop
vertex -8.594044e-02 7.847102e-01 9.777701e-02
vertex -8.700711e-02 7.847102e-01 9.997701e-02
vertex -8.829447e-02 7.847102e-01 9.876322e-02
endloop
endfacet
facet normal 0 0 0
outer loop
vertex -7.847378e-02 7.847102e-01 1.049770e-01
vertex -7.740711e-02 7.847102e-01 1.021770e-01
vertex -7.420711e-02 7.847102e-01 1.032770e-01
endloop
endfacet
facet normal 0 0 0
outer loop
vertex -8.829447e-02 7.847102e-01 9.974942e-02
vertex -8.700711e-02 7.847102e-01 9.997701e-02
vertex -8.829447e-02 7.847102e-01 1.009632e-01
endloop
endfacet
facet normal 0 0 0
outer loop
vertex -8.167378e-02 7.927102e-01 1.049770e-01
vertex -7.954045e-02 7.947102e-01 1.049770e-01
vertex -8.167378e-02 7.947102e-01 1.049770e-01
endloop
endfacet
facet normal 0 0 0
outer loop
vertex -8.847378e-02 7.883352e-01 9.777701e-02
vertex -8.847378e-02 7.863352e-01 9.557701e-02
vertex -8.847378e-02 7.863352e-01 9.736452e-02
endloop
endfacet
facet normal 0 0 0
outer loop
vertex -8.167378e-02 8.007102e-01 1.049770e-01
vertex -8.380711e-02 7.987102e-01 1.049770e-01
vertex -8.167378e-02 7.987102e-01 1.049770e-01
endloop
endfacet
facet normal 0 0 0
outer loop
vertex -8.322529e-02 7.912557e-01 1.049770e-01
vertex -8.167378e-02 7.907102e-01 1.049770e-01
vertex -8.167378e-02 7.927102e-01 1.049770e-01
endloop
endfacet
facet normal 0 0 0
outer loop
vertex -8.847378e-02 8.004611e-01 1.049770e-01
vertex -8.847378e-02 8.003352e-01 1.043770e-01
vertex -8.847378e-02 8.003352e-01 1.049770e-01
endloop
endfacet
facet normal 0 0 0
outer loop
vertex -8.820804e-02 7.987102e-01 1.049770e-01
vertex -8.847378e-02 7.984611e-01 1.049770e-01
vertex -8.820804e-02 7.985843e-01 1.049770e-01
endloop
endfacet
facet normal 0 0 0
outer loop
vertex -8.594044e-02 7.847102e-01 1.021770e-01
vertex -8.380711e-02 7.847102e-01 1.032770e-01
vertex -8.627728e-02 7.847102e-01 1.047244e-01
endloop
endfacet
facet normal 0 0 0
outer loop
vertex -7.847378e-02 7.957102e-01 1.010770e-01
vertex -7.847378e-02 7.947102e-01 1.010770e-01
vertex -7.847378e-02 7.947102e-01 1.005270e-01
endloop
endfacet
facet normal 0 0 0
outer loop
vertex -7.847378e-02 7.947102e-01 1.010770e-01
vertex -7.811822e-02 7.947102e-01 1.007103e-01
vertex -7.847378e-02 7.947102e-01 1.005270e-01
endloop
endfacet
facet normal 0 0 0
outer loop
vertex -8.380711e-02 7.847102e-01 1.032770e-01
vertex -8.487378e-02 7.847102e-01 1.043770e-01
vertex -8.627728e-02 7.847102e-01 1.047244e-01
endloop
endfacet
facet normal 0 0 0
outer loop
vertex -8.847378e-02 7.984611e-01 1.049770e-01
vertex -8.847378e-02 7.983352e-01 1.049770e-01
vertex -8.820804e-02 7.985843e-01 1.049770e-01
endloop
endfacet
facet normal 0 0 0
outer loop
vertex -7.042529e-02 7.892557e-01 1.049770e-01
vertex -6.887378e-02 7.887102e-01 1.049770e-01
vertex -7.042529e-02 7.912557e-01 1.049770e-01
endloop
endfacet
facet normal 0 0 0
outer loop
vertex -7.954045e-02 7.907102e-01 1.049770e-01
vertex -8.109196e-02 7.907102e-01 1.049770e-01
vertex -8.167378e-02 7.887102e-01 1.049770e-01
endloop
endfacet
facet normal 0 0 0
outer loop
vertex -8.274045e-02 7.847102e-01 1.010770e-01
vertex -7.954045e-02 7.847102e-01 9.997701e-02
vertex -7.847378e-02 7.847102e-01 1.010770e-01
endloop
endfacet
facet normal 0 0 0
outer loop
vertex -8.627728e-02 7.847102e-01 1.047244e-01
vertex -8.847378e-02 7.847102e-01 1.049770e-01
vertex -8.594044e-02 7.847102e-01 1.021770e-01
endloop
endfacet
facet normal 0 0 0
outer loop
vertex -8.438893e-02 7.861648e-01 1.049770e-01
vertex -8.487378e-02 7.847102e-01 1.049770e-01
vertex -8.409802e-02 7.847102e-01 1.049770e-01
endloop
endfacet
facet normal 0 0 0
outer loop
vertex -8.594044e-02 7.932557e-01 1.049770e-01
vertex -8.380711e-02 7.907102e-01 1.049770e-01
vertex -8.380711e-02 7.932557e-01 1.049770e-01
endloop
endfacet
facet normal 0 0 0
outer loop
vertex -8.380711e-02 7.901648e-01 9.497701e-02
vertex -8.652227e-02 7.901648e-01 9.497701e-02
vertex -8.438893e-02 7.921647e-01 9.497701e-02
endloop
endfacet
facet normal 0 0 0
outer loop
vertex -8.847378e-02 7.883352e-01 9.516452e-02
vertex -8.847378e-02 7.903352e-01 9.736452e-02
vertex -8.847378e-02 7.903352e-01 9.516452e-02
endloop
endfacet
facet normal 0 0 0
outer loop
vertex -8.487378e-02 7.847102e-01 1.049770e-01
vertex -8.504220e-02 7.847102e-01 1.047244e-01
vertex -8.409802e-02 7.847102e-01 1.049770e-01
endloop
endfacet
facet normal 0 0 0
outer loop
vertex -8.847378e-02 8.003352e-01 1.043770e-01
vertex -8.847378e-02 7.983352e-01 1.021770e-01
vertex -8.847378e-02 7.983352e-01 1.043770e-01
endloop
endfacet
facet normal 0 0 0
outer loop
vertex -8.594044e-02 7.887102e-01 1.049770e-01
vertex -8.380711e-02 7.887102e-01 1.049770e-01
vertex -8.535863e-02 7.892557e-01 1.049770e-01
endloop
endfacet
facet normal 0 0 0
outer loop
vertex -8.487378e-02 7.847102e-01 1.043770e-01
vertex -8.380711e-02 7.847102e-01 1.032770e-01
vertex -8.414395e-02 7.847102e-01 1.047244e-01
endloop
endfacet
facet normal 0 0 0
outer loop
vertex -8.829447e-02 7.847102e-01 9.754942e-02
vertex -8.829447e-02 7.847102e-01 9.876322e-02
vertex -8.847378e-02 7.847102e-01 9.757076e-02
endloop
endfacet
facet normal 0 0 0
outer loop
vertex -8.829447e-02 7.847102e-01 9.876322e-02
vertex -8.847378e-02 7.847102e-01 9.867076e-02
vertex -8.847378e-02 7.847102e-01 9.757076e-02
endloop
endfacet
facet normal 0 0 0
outer loop
vertex -8.380711e-02 7.907102e-01 1.049770e-01
vertex -8.594044e-02 7.932557e-01 1.049770e-01
vertex -8.594044e-02 7.907102e-01 1.049770e-01
endloop
endfacet
facet normal 0 0 0
outer loop
vertex -8.225559e-02 7.881647e-01 9.497701e-02
vertex -8.380711e-02 7.861648e-01 9.497701e-02
vertex -8.438893e-02 7.881647e-01 9.497701e-02
endloop
endfacet
facet normal 0 0 0
outer loop
vertex -7.740711e-02 7.921647e-01 9.497701e-02
vertex -7.954045e-02 7.921647e-01 9.497701e-02
vertex -7.847378e-02 7.947102e-01 9.497701e-02
endloop
endfacet
facet normal 0 0 0
outer loop
vertex -7.954045e-02 7.901648e-01 9.497701e-02
vertex -7.954045e-02 7.881647e-01 9.497701e-02
vertex -8.225559e-02 7.881647e-01 9.497701e-02
endloop
endfacet
facet normal 0 0 0
outer loop
vertex -8.847378e-02 7.903352e-01 9.736452e-02
vertex -8.847378e-02 7.883352e-01 9.777701e-02
vertex -8.847378e-02 7.903352e-01 9.997701e-02
endloop
endfacet
facet normal 0 0 0
outer loop
vertex -8.594044e-02 7.861648e-01 9.497701e-02
vertex -8.438893e-02 7.881647e-01 9.497701e-02
vertex -8.438893e-02 7.861648e-01 9.497701e-02
endloop
endfacet
facet normal 0 0 0
outer loop
vertex -8.414395e-02 7.847102e-01 1.047244e-01
vertex -8.409802e-02 7.847102e-01 1.049770e-01
vertex -8.504220e-02 7.847102e-01 1.047244e-01
endloop
endfacet
facet normal 0 0 0
outer loop
vertex -7.954045e-02 7.847102e-01 9.667701e-02
vertex -7.954045e-02 7.847102e-01 9.887701e-02
vertex -8.274045e-02 7.847102e-01 9.887701e-02
endloop
endfacet
facet normal 0 0 0
outer loop
vertex -8.225559e-02 7.881647e-01 9.497701e-02
vertex -8.225559e-02 7.901648e-01 9.497701e-02
vertex -7.954045e-02 7.901648e-01 9.497701e-02
endloop
endfacet
facet normal 0 0 0
outer loop
vertex -7.100711e-02 7.932557e-01 9.497701e-02
vertex -6.945559e-02 7.921647e-01 9.497701e-02
vertex -7.100711e-02 7.907102e-01 9.497701e-02
endloop
endfacet
facet normal 0 0 0
outer loop
vertex -8.438893e-02 7.861648e-01 9.497701e-02
vertex -8.438893e-02 7.881647e-01 9.497701e-02
vertex -8.380711e-02 7.861648e-01 9.497701e-02
endloop
endfacet
facet normal 0 0 0
outer loop
vertex -7.847378e-02 7.988807e-01 1.049770e-01
vertex -7.847378e-02 7.993352e-01 1.049770e-01
vertex -7.895862e-02 7.987102e-01 1.049770e-01
endloop
endfacet
facet normal 0 0 0
outer loop
vertex -8.594044e-02 7.967102e-01 9.497701e-02
vertex -8.225559e-02 7.961648e-01 9.497701e-02
vertex -8.380711e-02 7.947102e-01 9.497701e-02
endloop
endfacet
facet normal 0 0 0
outer loop
vertex -8.167378e-02 7.947102e-01 9.497701e-02
vertex -8.225559e-02 7.961648e-01 9.497701e-02
vertex -8.012226e-02 7.961648e-01 9.497701e-02
endloop
endfacet
facet normal 0 0 0
outer loop
vertex -7.954045e-02 7.921647e-01 9.497701e-02
vertex -8.225559e-02 7.901648e-01 9.497701e-02
vertex -8.225559e-02 7.921647e-01 9.497701e-02
endloop
endfacet
facet normal 0 0 0
outer loop
vertex -8.847378e-02 7.903352e-01 9.516452e-02
vertex -8.847378e-02 7.923352e-01 9.736452e-02
vertex -8.847378e-02 7.923352e-01 9.516452e-02
endloop
endfacet
facet normal 0 0 0
outer loop
vertex -8.847378e-02 7.883352e-01 1.043770e-01
vertex -8.847378e-02 7.907102e-01 1.021770e-01
vertex -8.847378e-02 7.883352e-01 1.021770e-01
endloop
endfacet
facet normal 0 0 0
outer loop
vertex -8.847378e-02 8.030852e-01 9.777701e-02
vertex -8.847378e-02 8.023352e-01 9.557701e-02
vertex -8.847378e-02 8.007102e-01 9.557701e-02
endloop
endfacet
facet normal 0 0 0
outer loop
vertex -8.847378e-02 7.947102e-01 9.777701e-02
vertex -8.847378e-02 7.963352e-01 9.956452e-02
vertex -8.847378e-02 7.963352e-01 9.736452e-02
endloop
endfacet
facet normal 0 0 0
outer loop
vertex -8.438893e-02 8.001648e-01 9.497701e-02
vertex -8.322529e-02 8.032557e-01 9.497701e-02
vertex -8.167378e-02 8.032557e-01 9.497701e-02
endloop
endfacet
facet normal 0 0 0
outer loop
vertex -7.847378e-02 7.997102e-01 1.043770e-01
vertex -7.847378e-02 7.997102e-01 1.046770e-01
vertex -7.847378e-02 7.987102e-01 1.043770e-01
endloop
endfacet
facet normal 0 0 0
outer loop
vertex -6.847378e-02 7.947102e-01 9.497701e-02
vertex -7.100711e-02 7.947102e-01 9.777701e-02
vertex -6.994045e-02 7.947102e-01 9.777701e-02
endloop
endfacet
facet normal 0 0 0
outer loop
vertex -7.847378e-02 7.987102e-01 1.043770e-01
vertex -7.847378e-02 7.997102e-01 1.046770e-01
vertex -7.847378e-02 7.989829e-01 1.046770e-01
endloop
endfacet
facet normal 0 0 0
outer loop
vertex -8.012226e-02 7.981648e-01 9.497701e-02
vertex -8.012226e-02 7.961648e-01 9.497701e-02
vertex -8.225559e-02 7.961648e-01 9.497701e-02
endloop
endfacet
facet normal 0 0 0
outer loop
vertex -7.847378e-02 8.027102e-01 9.516452e-02
vertex -7.847378e-02 8.027102e-01 9.557701e-02
vertex -7.847378e-02 8.023352e-01 9.516452e-02
endloop
endfacet
facet normal 0 0 0
outer loop
vertex -7.954045e-02 8.021647e-01 9.497701e-02
vertex -8.167378e-02 8.007102e-01 9.497701e-02
vertex -8.167378e-02 8.032557e-01 9.497701e-02
endloop
endfacet
facet normal 0 0 0
outer loop
vertex -8.594044e-02 7.967102e-01 9.497701e-02
vertex -8.807378e-02 7.947102e-01 9.497701e-02
vertex -8.807378e-02 7.961648e-01 9.497701e-02
endloop
endfacet
facet normal 0 0 0
outer loop
vertex -8.167378e-02 8.032557e-01 9.497701e-02
vertex -8.167378e-02 8.007102e-01 9.497701e-02
vertex -8.438893e-02 8.001648e-01 9.497701e-02
endloop
endfacet
facet normal 0 0 0
outer loop
vertex -8.847378e-02 8.001648e-01 9.497701e-02
vertex -8.847378e-02 8.007102e-01 9.516452e-02
vertex -8.847378e-02 8.006637e-01 9.497701e-02
endloop
endfacet
facet normal 0 0 0
outer loop
vertex -7.847378e-02 8.037102e-01 9.887701e-02
vertex -7.847378e-02 8.037102e-01 9.997701e-02
vertex -7.847378e-02 8.017102e-01 9.777701e-02
endloop
endfacet
facet normal 0 0 0
outer loop
vertex -8.274045e-02 8.047102e-01 9.667701e-02
vertex -7.954045e-02 8.047102e-01 9.667701e-02
vertex -7.847378e-02 8.047102e-01 9.497701e-02
endloop
endfacet
facet normal 0 0 0
outer loop
vertex -8.847378e-02 8.047102e-01 9.497701e-02
vertex -8.847378e-02 8.023352e-01 9.557701e-02
vertex -8.847378e-02 8.030852e-01 9.777701e-02
endloop
endfacet
facet normal 0 0 0
outer loop
vertex -8.847378e-02 7.983352e-01 1.021770e-01
vertex -8.847378e-02 7.963352e-01 1.017645e-01
vertex -8.847378e-02 7.983352e-01 1.043770e-01
endloop
endfacet
facet normal 0 0 0
outer loop
vertex -8.847378e-02 8.003352e-01 1.043770e-01
vertex -8.847378e-02 8.023352e-01 1.043770e-01
vertex -8.847378e-02 8.003352e-01 1.021770e-01
endloop
endfacet
facet normal 0 0 0
outer loop
vertex -8.847378e-02 8.047102e-01 9.497701e-02
vertex -8.829447e-02 8.047102e-01 9.777701e-02
vertex -8.594044e-02 8.047102e-01 9.777701e-02
endloop
endfacet
facet normal 0 0 0
outer loop
vertex -8.847378e-02 8.001648e-01 9.497701e-02
vertex -8.847378e-02 8.006637e-01 9.497701e-02
vertex -8.652227e-02 8.001648e-01 9.497701e-02
endloop
endfacet
facet normal 0 0 0
outer loop
vertex -8.847378e-02 7.963352e-01 1.017645e-01
vertex -8.847378e-02 7.947102e-01 1.021770e-01
vertex -8.847378e-02 7.963352e-01 1.039645e-01
endloop
endfacet
facet normal 0 0 0
outer loop
vertex -7.847378e-02 7.988807e-01 1.049770e-01
vertex -7.847378e-02 7.989829e-01 1.046770e-01
vertex -7.847378e-02 7.993352e-01 1.049770e-01
endloop
endfacet
facet normal 0 0 0
outer loop
vertex -7.847378e-02 7.989829e-01 1.046770e-01
vertex -7.847378e-02 7.997102e-01 1.046770e-01
vertex -7.847378e-02 7.993352e-01 1.049770e-01
endloop
endfacet
facet normal 0 0 0
outer loop
vertex -8.535863e-02 8.032557e-01 1.049770e-01
vertex -8.594044e-02 8.032557e-01 1.049770e-01
vertex -8.535863e-02 8.027102e-01 1.049770e-01
endloop
endfacet
facet normal 0 0 0
outer loop
vertex -8.225559e-02 8.047102e-01 1.049770e-01
vertex -8.380711e-02 8.032557e-01 1.049770e-01
vertex -8.167378e-02 8.047102e-01 1.049770e-01
endloop
endfacet
facet normal 0 0 0
outer loop
vertex -8.380711e-02 8.032557e-01 1.049770e-01
vertex -8.322529e-02 8.032557e-01 1.049770e-01
vertex -8.167378e-02 8.047102e-01 1.049770e-01
endloop
endfacet
facet normal 0 0 0
outer loop
vertex -8.167378e-02 7.987102e-01 1.049770e-01
vertex -8.380711e-02 7.967102e-01 1.049770e-01
vertex -8.167378e-02 7.967102e-01 1.049770e-01
endloop
endfacet
facet normal 0 0 0
outer loop
vertex -7.847378e-02 7.967102e-01 1.021770e-01
vertex -7.847378e-02 7.967102e-01 1.043770e-01
vertex -7.847378e-02 7.947102e-01 1.049770e-01
endloop
endfacet
facet normal 0 0 0
outer loop
vertex -7.847378e-02 8.037102e-01 9.997701e-02
vertex -7.847378e-02 8.007102e-01 9.997701e-02
vertex -7.847378e-02 8.017102e-01 9.777701e-02
endloop
endfacet
facet normal 0 0 0
outer loop
vertex -7.634044e-02 7.947102e-01 9.887701e-02
vertex -7.811822e-02 7.947102e-01 9.997701e-02
vertex -7.811822e-02 7.947102e-01 1.007103e-01
endloop
endfacet
facet normal 0 0 0
outer loop
vertex -8.167378e-02 8.047102e-01 1.043770e-01
vertex -8.225559e-02 8.047102e-01 1.049770e-01
vertex -8.167378e-02 8.047102e-01 1.049770e-01
endloop
endfacet
facet normal 0 0 0
outer loop
vertex -8.700711e-02 8.047102e-01 1.021770e-01
vertex -8.380711e-02 8.047102e-01 1.021770e-01
vertex -8.700711e-02 8.047102e-01 9.997701e-02
endloop
endfacet
facet normal 0 0 0
outer loop
vertex -8.749196e-02 7.887102e-01 1.049770e-01
vertex -8.594044e-02 7.887102e-01 1.049770e-01
vertex -8.594044e-02 7.907102e-01 1.049770e-01
endloop
endfacet
facet normal 0 0 0
outer loop
vertex -8.807378e-02 7.967102e-01 1.049770e-01
vertex -8.594044e-02 7.967102e-01 1.049770e-01
vertex -8.749196e-02 7.987102e-01 1.049770e-01
endloop
endfacet
facet normal 0 0 0
outer loop
vertex -8.380711e-02 8.007102e-01 1.049770e-01
vertex -8.535863e-02 7.992557e-01 1.049770e-01
vertex -8.380711e-02 7.987102e-01 1.049770e-01
endloop
endfacet
facet normal 0 0 0
outer loop
vertex -8.380711e-02 8.007102e-01 1.049770e-01
vertex -8.535863e-02 8.027102e-01 1.049770e-01
vertex -8.594044e-02 8.007102e-01 1.049770e-01
endloop
endfacet
facet normal 0 0 0
outer loop
vertex -8.535863e-02 8.027102e-01 1.049770e-01
vertex -8.594044e-02 8.032557e-01 1.049770e-01
vertex -8.594044e-02 8.007102e-01 1.049770e-01
endloop
endfacet
facet normal 0 0 0
outer loop
vertex -8.380711e-02 7.987102e-01 1.049770e-01
vertex -8.380711e-02 7.967102e-01 1.049770e-01
vertex -8.167378e-02 7.987102e-01 1.049770e-01
endloop
endfacet
facet normal 0 0 0
outer loop
vertex -8.749196e-02 7.987102e-01 1.049770e-01
vertex -8.820804e-02 7.987102e-01 1.049770e-01
vertex -8.820804e-02 7.985843e-01 1.049770e-01
endloop
endfacet
facet normal 0 0 0
outer loop
vertex -8.749196e-02 7.947102e-01 1.049770e-01
vertex -8.594044e-02 7.947102e-01 1.049770e-01
vertex -8.594044e-02 7.967102e-01 1.049770e-01
endloop
endfacet
facet normal 0 0 0
outer loop
vertex -8.847378e-02 7.983352e-01 1.043770e-01
vertex -8.847378e-02 7.983352e-01 1.049770e-01
vertex -8.847378e-02 7.984611e-01 1.049770e-01
endloop
endfacet
facet normal 0 0 0
outer loop
vertex -7.954045e-02 8.027102e-01 1.049770e-01
vertex -8.167378e-02 8.007102e-01 1.049770e-01
vertex -7.895862e-02 8.007102e-01 1.049770e-01
endloop
endfacet
facet normal 0 0 0
outer loop
vertex -8.380711e-02 7.967102e-01 1.049770e-01
vertex -8.594044e-02 7.947102e-01 1.049770e-01
vertex -8.380711e-02 7.947102e-01 1.049770e-01
endloop
endfacet
facet normal 0 0 0
outer loop
vertex -8.167378e-02 7.967102e-01 1.049770e-01
vertex -8.380711e-02 7.947102e-01 1.049770e-01
vertex -8.167378e-02 7.947102e-01 1.049770e-01
endloop
endfacet
facet normal 0 0 0
outer loop
vertex -8.847378e-02 7.983352e-01 1.043770e-01
vertex -8.847378e-02 7.963352e-01 1.039645e-01
vertex -8.847378e-02 7.983352e-01 1.049770e-01
endloop
endfacet
facet normal 0 0 0
outer loop
vertex -8.847378e-02 7.963352e-01 1.039645e-01
vertex -8.847378e-02 7.972557e-01 1.049770e-01
vertex -8.847378e-02 7.983352e-01 1.049770e-01
endloop
endfacet
facet normal 0 0 0
outer loop
vertex -8.847378e-02 7.972557e-01 1.049770e-01
vertex -8.820804e-02 7.972557e-01 1.049770e-01
vertex -8.847378e-02 7.983352e-01 1.049770e-01
endloop
endfacet
facet normal 0 0 0
outer loop
vertex -8.380711e-02 7.967102e-01 1.049770e-01
vertex -8.380711e-02 7.947102e-01 1.049770e-01
vertex -8.167378e-02 7.967102e-01 1.049770e-01
endloop
endfacet
facet normal 0 0 0
outer loop
vertex -7.847378e-02 7.947102e-01 1.049770e-01
vertex -7.420711e-02 7.947102e-01 1.032770e-01
vertex -7.634044e-02 7.947102e-01 1.010770e-01
endloop
endfacet
facet normal 0 0 0
outer loop
vertex -8.167378e-02 7.987102e-01 1.049770e-01
vertex -7.895862e-02 7.987102e-01 1.049770e-01
vertex -7.895862e-02 8.007102e-01 1.049770e-01
endloop
endfacet
facet normal 0 0 0
outer loop
vertex -8.167378e-02 8.007102e-01 1.049770e-01
vertex -8.167378e-02 7.987102e-01 1.049770e-01
vertex -7.895862e-02 8.007102e-01 1.049770e-01
endloop
endfacet
facet normal 0 0 0
outer loop
vertex -7.895862e-02 7.967102e-01 1.049770e-01
vertex -7.895862e-02 7.987102e-01 1.049770e-01
vertex -7.954045e-02 7.967102e-01 1.049770e-01
endloop
endfacet
facet normal 0 0 0
outer loop
vertex -8.167378e-02 7.947102e-01 1.049770e-01
vertex -7.954045e-02 7.947102e-01 1.049770e-01
vertex -7.954045e-02 7.967102e-01 1.049770e-01
endloop
endfacet
facet normal 0 0 0
outer loop
vertex -7.954045e-02 7.967102e-01 1.049770e-01
vertex -7.954045e-02 7.947102e-01 1.049770e-01
vertex -7.847378e-02 7.947102e-01 1.049770e-01
endloop
endfacet
facet normal 0 0 0
outer loop
vertex -7.954045e-02 7.967102e-01 1.049770e-01
vertex -7.847378e-02 7.947102e-01 1.049770e-01
vertex -7.895862e-02 7.967102e-01 1.049770e-01
endloop
endfacet
facet normal 0 0 0
outer loop
vertex -8.847378e-02 7.983352e-01 1.049770e-01
vertex -8.820804e-02 7.972557e-01 1.049770e-01
vertex -8.820804e-02 7.985843e-01 1.049770e-01
endloop
endfacet
facet normal 0 0 0
outer loop
vertex -8.167378e-02 7.967102e-01 1.049770e-01
vertex -7.954045e-02 7.967102e-01 1.049770e-01
vertex -7.895862e-02 7.987102e-01 1.049770e-01
endloop
endfacet
facet normal 0 0 0
outer loop
vertex -8.167378e-02 7.967102e-01 1.049770e-01
vertex -7.895862e-02 7.987102e-01 1.049770e-01
vertex -8.167378e-02 7.987102e-01 1.049770e-01
endloop
endfacet
facet normal 0 0 0
outer loop
vertex -8.167378e-02 7.967102e-01 1.049770e-01
vertex -8.167378e-02 7.947102e-01 1.049770e-01
vertex -7.954045e-02 7.967102e-01 1.049770e-01
endloop
endfacet
facet normal 0 0 0
outer loop
vertex -8.594044e-02 7.947102e-01 1.049770e-01
vertex -8.380711e-02 7.967102e-01 1.049770e-01
vertex -8.594044e-02 7.967102e-01 1.049770e-01
endloop
endfacet
facet normal 0 0 0
outer loop
vertex -8.820804e-02 7.985843e-01 1.049770e-01
vertex -8.820804e-02 7.972557e-01 1.049770e-01
vertex -8.749196e-02 7.987102e-01 1.049770e-01
endloop
endfacet
facet normal 0 0 0
outer loop
vertex -8.749196e-02 8.007102e-01 1.049770e-01
vertex -8.594044e-02 8.032557e-01 1.049770e-01
vertex -8.820804e-02 8.012556e-01 1.049770e-01
endloop
endfacet
facet normal 0 0 0
outer loop
vertex -8.749196e-02 7.947102e-01 1.049770e-01
vertex -8.807378e-02 7.967102e-01 1.049770e-01
vertex -8.847378e-02 7.947102e-01 1.049770e-01
endloop
endfacet
facet normal 0 0 0
outer loop
vertex -8.749196e-02 8.007102e-01 1.049770e-01
vertex -8.594044e-02 8.007102e-01 1.049770e-01
vertex -8.594044e-02 8.032557e-01 1.049770e-01
endloop
endfacet
facet normal 0 0 0
outer loop
vertex -8.594044e-02 7.932557e-01 1.049770e-01
vertex -8.807378e-02 7.927102e-01 1.049770e-01
vertex -8.594044e-02 7.907102e-01 1.049770e-01
endloop
endfacet
facet normal 0 0 0
outer loop
vertex -8.167378e-02 8.007102e-01 1.049770e-01
vertex -7.954045e-02 8.027102e-01 1.049770e-01
vertex -8.167378e-02 8.032557e-01 1.049770e-01
endloop
endfacet
facet normal 0 0 0
outer loop
vertex -8.167378e-02 8.032557e-01 1.049770e-01
vertex -7.954045e-02 8.027102e-01 1.049770e-01
vertex -7.847378e-02 8.047102e-01 1.049770e-01
endloop
endfacet
facet normal 0 0 0
outer loop
vertex -7.740711e-02 7.927102e-01 1.049770e-01
vertex -7.740711e-02 7.907102e-01 1.049770e-01
vertex -7.314044e-02 7.927102e-01 1.049770e-01
endloop
endfacet
facet normal 0 0 0
outer loop
vertex -7.314044e-02 7.927102e-01 1.049770e-01
vertex -7.740711e-02 7.907102e-01 1.049770e-01
vertex -7.527377e-02 7.907102e-01 1.049770e-01
endloop
endfacet
facet normal 0 0 0
outer loop
vertex -7.847378e-02 7.947102e-01 1.005270e-01
vertex -7.811822e-02 7.947102e-01 9.997701e-02
vertex -7.847378e-02 7.947102e-01 9.997701e-02
endloop
endfacet
facet normal 0 0 0
outer loop
vertex -7.847378e-02 7.947102e-01 9.997701e-02
vertex -7.847378e-02 7.957102e-01 9.997701e-02
vertex -7.847378e-02 7.947102e-01 1.005270e-01
endloop
endfacet
facet normal 0 0 0
outer loop
vertex -7.847378e-02 7.947102e-01 1.005270e-01
vertex -7.811822e-02 7.947102e-01 1.007103e-01
vertex -7.811822e-02 7.947102e-01 9.997701e-02
endloop
endfacet
facet normal 0 0 0
outer loop
vertex -7.847378e-02 7.957102e-01 9.997701e-02
vertex -7.847378e-02 7.957102e-01 1.010770e-01
vertex -7.847378e-02 7.947102e-01 1.005270e-01
endloop
endfacet
facet normal 0 0 0
outer loop
vertex -7.207378e-02 7.947102e-01 1.032770e-01
vertex -6.847378e-02 7.947102e-01 1.049770e-01
vertex -6.994045e-02 7.947102e-01 1.010770e-01
endloop
endfacet
facet normal 0 0 0
outer loop
vertex -7.811822e-02 7.947102e-01 1.007103e-01
vertex -7.634044e-02 7.947102e-01 1.010770e-01
vertex -7.634044e-02 7.947102e-01 9.887701e-02
endloop
endfacet
facet normal 0 0 0
outer loop
vertex -7.527377e-02 7.872556e-01 1.049770e-01
vertex -7.469196e-02 7.887102e-01 1.049770e-01
vertex -7.527377e-02 7.907102e-01 1.049770e-01
endloop
endfacet
facet normal 0 0 0
outer loop
vertex -8.504220e-02 7.847102e-01 1.047244e-01
vertex -8.487378e-02 7.847102e-01 1.043770e-01
vertex -8.414395e-02 7.847102e-01 1.047244e-01
endloop
endfacet
facet normal 0 0 0
outer loop
vertex -7.740711e-02 7.927102e-01 1.049770e-01
vertex -7.314044e-02 7.927102e-01 1.049770e-01
vertex -7.847378e-02 7.947102e-01 1.049770e-01
endloop
endfacet
facet normal 0 0 0
outer loop
vertex -7.207378e-02 7.947102e-01 1.010770e-01
vertex -7.207378e-02 7.947102e-01 1.032770e-01
vertex -6.994045e-02 7.947102e-01 1.010770e-01
endloop
endfacet
facet normal 0 0 0
outer loop
vertex -7.954045e-02 7.887102e-01 1.049770e-01
vertex -7.740711e-02 7.887102e-01 1.049770e-01
vertex -7.740711e-02 7.907102e-01 1.049770e-01
endloop
endfacet
facet normal 0 0 0
outer loop
vertex -8.167378e-02 7.887102e-01 1.049770e-01
vertex -8.109196e-02 7.907102e-01 1.049770e-01
vertex -8.167378e-02 7.907102e-01 1.049770e-01
endloop
endfacet
facet normal 0 0 0
outer loop
vertex -7.100711e-02 7.861648e-01 1.049770e-01
vertex -6.945559e-02 7.861648e-01 1.049770e-01
vertex -6.887378e-02 7.887102e-01 1.049770e-01
endloop
endfacet
facet normal 0 0 0
outer loop
vertex -6.887378e-02 7.887102e-01 1.049770e-01
vertex -7.100711e-02 7.887102e-01 1.049770e-01
vertex -7.100711e-02 7.861648e-01 1.049770e-01
endloop
endfacet
facet normal 0 0 0
outer loop
vertex -7.847378e-02 7.957102e-01 9.997701e-02
vertex -7.847378e-02 7.957102e-01 9.777701e-02
vertex -7.847378e-02 7.977102e-01 9.997701e-02
endloop
endfacet
facet normal 0 0 0
outer loop
vertex -7.847378e-02 7.997102e-01 9.667701e-02
vertex -7.847378e-02 8.017102e-01 9.516452e-02
vertex -7.847378e-02 8.017102e-01 9.777701e-02
endloop
endfacet
facet normal 0 0 0
outer loop
vertex -7.847378e-02 8.017102e-01 9.777701e-02
vertex -7.847378e-02 7.987102e-01 9.777701e-02
vertex -7.847378e-02 7.997102e-01 9.667701e-02
endloop
endfacet
facet normal 0 0 0
outer loop
vertex -7.847378e-02 7.969829e-01 1.046770e-01
vertex -7.847378e-02 7.968807e-01 1.049770e-01
vertex -7.847378e-02 7.967102e-01 1.046770e-01
endloop
endfacet
facet normal 0 0 0
outer loop
vertex -7.847378e-02 7.968807e-01 1.049770e-01
vertex -7.847378e-02 7.967102e-01 1.049770e-01
vertex -7.847378e-02 7.967102e-01 1.046770e-01
endloop
endfacet
facet normal 0 0 0
outer loop
vertex -7.847378e-02 7.967102e-01 1.046770e-01
vertex -7.847378e-02 7.967102e-01 1.043770e-01
vertex -7.847378e-02 7.969829e-01 1.046770e-01
endloop
endfacet
facet normal 0 0 0
outer loop
vertex -7.847378e-02 7.997102e-01 1.021770e-01
vertex -7.847378e-02 8.007102e-01 1.043770e-01
vertex -7.847378e-02 7.997102e-01 1.043770e-01
endloop
endfacet
facet normal 0 0 0
outer loop
vertex -7.895862e-02 7.967102e-01 1.049770e-01
vertex -7.847378e-02 7.967102e-01 1.049770e-01
vertex -7.847378e-02 7.968807e-01 1.049770e-01
endloop
endfacet
facet normal 0 0 0
outer loop
vertex -7.847378e-02 8.009830e-01 1.046770e-01
vertex -7.847378e-02 8.008807e-01 1.049770e-01
vertex -7.847378e-02 8.007102e-01 1.046770e-01
endloop
endfacet
facet normal 0 0 0
outer loop
vertex -7.847378e-02 8.008807e-01 1.049770e-01
vertex -7.847378e-02 8.007102e-01 1.049770e-01
vertex -7.847378e-02 8.007102e-01 1.046770e-01
endloop
endfacet
facet normal 0 0 0
outer loop
vertex -7.847378e-02 8.037102e-01 9.777701e-02
vertex -7.847378e-02 8.017102e-01 9.777701e-02
vertex -7.847378e-02 8.027102e-01 9.557701e-02
endloop
endfacet
facet normal 0 0 0
outer loop
vertex -7.847378e-02 8.007102e-01 1.046770e-01
vertex -7.847378e-02 8.007102e-01 1.043770e-01
vertex -7.847378e-02 8.009830e-01 1.046770e-01
endloop
endfacet
facet normal 0 0 0
outer loop
vertex -7.847378e-02 8.007102e-01 1.049770e-01
vertex -7.847378e-02 8.008807e-01 1.049770e-01
vertex -7.895862e-02 8.007102e-01 1.049770e-01
endloop
endfacet
facet normal 0 0 0
outer loop
vertex -7.847378e-02 7.957102e-01 9.997701e-02
vertex -7.847378e-02 7.977102e-01 9.997701e-02
vertex -7.847378e-02 7.957102e-01 1.010770e-01
endloop
endfacet
facet normal 0 0 0
outer loop
vertex -7.847378e-02 7.957102e-01 1.010770e-01
vertex -7.847378e-02 7.977102e-01 9.997701e-02
vertex -7.847378e-02 7.967102e-01 1.021770e-01
endloop
endfacet
facet normal 0 0 0
outer loop
vertex -7.847378e-02 7.967102e-01 1.043770e-01
vertex -7.847378e-02 7.967102e-01 1.021770e-01
vertex -7.847378e-02 7.977102e-01 1.043770e-01
endloop
endfacet
facet normal 0 0 0
outer loop
vertex -7.847378e-02 7.987102e-01 1.043770e-01
vertex -7.847378e-02 7.977102e-01 1.043770e-01
vertex -7.847378e-02 7.967102e-01 1.021770e-01
endloop
endfacet
facet normal 0 0 0
outer loop
vertex -7.847378e-02 7.997102e-01 9.997701e-02
vertex -7.847378e-02 7.997102e-01 1.021770e-01
vertex -7.847378e-02 7.977102e-01 9.997701e-02
endloop
endfacet
facet normal 0 0 0
outer loop
vertex -7.847378e-02 7.987102e-01 9.777701e-02
vertex -7.847378e-02 7.957102e-01 9.777701e-02
vertex -7.847378e-02 7.967102e-01 9.667701e-02
endloop
endfacet
facet normal 0 0 0
outer loop
vertex -7.847378e-02 7.997102e-01 1.021770e-01
vertex -7.847378e-02 7.967102e-01 1.021770e-01
vertex -7.847378e-02 7.977102e-01 9.997701e-02
endloop
endfacet
facet normal 0 0 0
outer loop
vertex -8.012226e-02 7.981648e-01 9.497701e-02
vertex -7.847378e-02 8.001648e-01 9.497701e-02
vertex -7.847378e-02 7.997102e-01 9.497701e-02
endloop
endfacet
facet normal 0 0 0
outer loop
vertex -8.012226e-02 8.001648e-01 9.497701e-02
vertex -7.847378e-02 8.001648e-01 9.497701e-02
vertex -8.012226e-02 7.981648e-01 9.497701e-02
endloop
endfacet
facet normal 0 0 0
outer loop
vertex -7.847378e-02 8.007102e-01 1.049770e-01
vertex -7.895862e-02 7.987102e-01 1.049770e-01
vertex -7.847378e-02 7.993352e-01 1.049770e-01
endloop
endfacet
facet normal 0 0 0
outer loop
vertex -7.895862e-02 8.007102e-01 1.049770e-01
vertex -7.895862e-02 7.987102e-01 1.049770e-01
vertex -7.847378e-02 8.007102e-01 1.049770e-01
endloop
endfacet
facet normal 0 0 0
outer loop
vertex -7.847378e-02 8.007102e-01 1.046770e-01
vertex -7.847378e-02 7.997102e-01 1.043770e-01
vertex -7.847378e-02 8.007102e-01 1.043770e-01
endloop
endfacet
facet normal 0 0 0
outer loop
vertex -7.847378e-02 8.007102e-01 1.046770e-01
vertex -7.847378e-02 7.997102e-01 1.046770e-01
vertex -7.847378e-02 7.997102e-01 1.043770e-01
endloop
endfacet
facet normal 0 0 0
outer loop
vertex -7.847378e-02 8.007102e-01 1.049770e-01
vertex -7.847378e-02 7.993352e-01 1.049770e-01
vertex -7.847378e-02 7.997102e-01 1.046770e-01
endloop
endfacet
facet normal 0 0 0
outer loop
vertex -7.847378e-02 8.007102e-01 1.049770e-01
vertex -7.847378e-02 7.997102e-01 1.046770e-01
vertex -7.847378e-02 8.007102e-01 1.046770e-01
endloop
endfacet
facet normal 0 0 0
outer loop
vertex -7.847378e-02 8.027102e-01 1.049770e-01
vertex -7.895862e-02 8.007102e-01 1.049770e-01
vertex -7.847378e-02 8.013352e-01 1.049770e-01
endloop
endfacet
facet normal 0 0 0
outer loop
vertex -7.847378e-02 8.027102e-01 1.049770e-01
vertex -7.954045e-02 8.027102e-01 1.049770e-01
vertex -7.895862e-02 8.007102e-01 1.049770e-01
endloop
endfacet
facet normal 0 0 0
outer loop
vertex -7.847378e-02 8.013352e-01 1.049770e-01
vertex -7.847378e-02 8.017102e-01 1.046770e-01
vertex -7.847378e-02 8.027102e-01 1.049770e-01
endloop
endfacet
facet normal 0 0 0
outer loop
vertex -7.847378e-02 8.027102e-01 1.049770e-01
vertex -7.847378e-02 8.017102e-01 1.046770e-01
vertex -7.847378e-02 8.027102e-01 1.046770e-01
endloop
endfacet
facet normal 0 0 0
outer loop
vertex -7.847378e-02 8.008807e-01 1.049770e-01
vertex -7.847378e-02 8.013352e-01 1.049770e-01
vertex -7.895862e-02 8.007102e-01 1.049770e-01
endloop
endfacet
facet normal 0 0 0
outer loop
vertex -7.847378e-02 8.007102e-01 1.043770e-01
vertex -7.847378e-02 8.017102e-01 1.046770e-01
vertex -7.847378e-02 8.009830e-01 1.046770e-01
endloop
endfacet
facet normal 0 0 0
outer loop
vertex -7.847378e-02 8.008807e-01 1.049770e-01
vertex -7.847378e-02 8.009830e-01 1.046770e-01
vertex -7.847378e-02 8.013352e-01 1.049770e-01
endloop
endfacet
facet normal 0 0 0
outer loop
vertex -7.847378e-02 8.009830e-01 1.046770e-01
vertex -7.847378e-02 8.017102e-01 1.046770e-01
vertex -7.847378e-02 8.013352e-01 1.049770e-01
endloop
endfacet
facet normal 0 0 0
outer loop
vertex -7.847378e-02 7.989829e-01 1.046770e-01
vertex -7.847378e-02 7.988807e-01 1.049770e-01
vertex -7.847378e-02 7.987102e-01 1.046770e-01
endloop
endfacet
facet normal 0 0 0
outer loop
vertex -7.847378e-02 7.988807e-01 1.049770e-01
vertex -7.847378e-02 7.987102e-01 1.049770e-01
vertex -7.847378e-02 7.987102e-01 1.046770e-01
endloop
endfacet
facet normal 0 0 0
outer loop
vertex -7.847378e-02 7.987102e-01 1.046770e-01
vertex -7.847378e-02 7.987102e-01 1.043770e-01
vertex -7.847378e-02 7.989829e-01 1.046770e-01
endloop
endfacet
facet normal 0 0 0
outer loop
vertex -7.847378e-02 7.987102e-01 1.049770e-01
vertex -7.847378e-02 7.988807e-01 1.049770e-01
vertex -7.895862e-02 7.987102e-01 1.049770e-01
endloop
endfacet
facet normal 0 0 0
outer loop
vertex -7.847378e-02 7.987102e-01 1.049770e-01
vertex -7.895862e-02 7.967102e-01 1.049770e-01
vertex -7.847378e-02 7.973352e-01 1.049770e-01
endloop
endfacet
facet normal 0 0 0
outer loop
vertex -7.895862e-02 7.987102e-01 1.049770e-01
vertex -7.895862e-02 7.967102e-01 1.049770e-01
vertex -7.847378e-02 7.987102e-01 1.049770e-01
endloop
endfacet
facet normal 0 0 0
outer loop
vertex -7.847378e-02 7.987102e-01 1.046770e-01
vertex -7.847378e-02 7.977102e-01 1.043770e-01
vertex -7.847378e-02 7.987102e-01 1.043770e-01
endloop
endfacet
facet normal 0 0 0
outer loop
vertex -7.847378e-02 7.987102e-01 1.046770e-01
vertex -7.847378e-02 7.977102e-01 1.046770e-01
vertex -7.847378e-02 7.977102e-01 1.043770e-01
endloop
endfacet
facet normal 0 0 0
outer loop
vertex -7.847378e-02 7.987102e-01 1.049770e-01
vertex -7.847378e-02 7.973352e-01 1.049770e-01
vertex -7.847378e-02 7.977102e-01 1.046770e-01
endloop
endfacet
facet normal 0 0 0
outer loop
vertex -7.847378e-02 7.987102e-01 1.049770e-01
vertex -7.847378e-02 7.977102e-01 1.046770e-01
vertex -7.847378e-02 7.987102e-01 1.046770e-01
endloop
endfacet
facet normal 0 0 0
outer loop
vertex -7.847378e-02 7.967102e-01 1.049770e-01
vertex -7.895862e-02 7.967102e-01 1.049770e-01
vertex -7.847378e-02 7.947102e-01 1.049770e-01
endloop
endfacet
facet normal 0 0 0
outer loop
vertex -7.847378e-02 7.947102e-01 1.049770e-01
vertex -7.847378e-02 7.967102e-01 1.046770e-01
vertex -7.847378e-02 7.967102e-01 1.049770e-01
endloop
endfacet
facet normal 0 0 0
outer loop
vertex -7.847378e-02 7.967102e-01 1.046770e-01
vertex -7.847378e-02 7.947102e-01 1.049770e-01
vertex -7.847378e-02 7.967102e-01 1.043770e-01
endloop
endfacet
facet normal 0 0 0
outer loop
vertex -7.847378e-02 7.968807e-01 1.049770e-01
vertex -7.847378e-02 7.973352e-01 1.049770e-01
vertex -7.895862e-02 7.967102e-01 1.049770e-01
endloop
endfacet
facet normal 0 0 0
outer loop
vertex -7.847378e-02 7.977102e-01 1.043770e-01
vertex -7.847378e-02 7.977102e-01 1.046770e-01
vertex -7.847378e-02 7.967102e-01 1.043770e-01
endloop
endfacet
facet normal 0 0 0
outer loop
vertex -7.847378e-02 7.967102e-01 1.043770e-01
vertex -7.847378e-02 7.977102e-01 1.046770e-01
vertex -7.847378e-02 7.969829e-01 1.046770e-01
endloop
endfacet
facet normal 0 0 0
outer loop
vertex -7.847378e-02 7.968807e-01 1.049770e-01
vertex -7.847378e-02 7.969829e-01 1.046770e-01
vertex -7.847378e-02 7.973352e-01 1.049770e-01
endloop
endfacet
facet normal 0 0 0
outer loop
vertex -7.847378e-02 7.969829e-01 1.046770e-01
vertex -7.847378e-02 7.977102e-01 1.046770e-01
vertex -7.847378e-02 7.973352e-01 1.049770e-01
endloop
endfacet
facet normal 0 0 0
outer loop
vertex -7.954045e-02 8.027102e-01 1.049770e-01
vertex -7.847378e-02 8.027102e-01 1.049770e-01
vertex -7.847378e-02 8.047102e-01 1.049770e-01
endloop
endfacet
facet normal 0 0 0
outer loop
vertex -7.847378e-02 8.047102e-01 1.049770e-01
vertex -7.847378e-02 8.027102e-01 1.049770e-01
vertex -7.847378e-02 8.027102e-01 1.046770e-01
endloop
endfacet
facet normal 0 0 0
outer loop
vertex -7.847378e-02 7.997102e-01 9.667701e-02
vertex -7.847378e-02 7.997102e-01 9.516452e-02
vertex -7.847378e-02 8.001648e-01 9.497701e-02
endloop
endfacet
facet normal 0 0 0
outer loop
vertex -7.847378e-02 8.001648e-01 9.497701e-02
vertex -7.847378e-02 7.997102e-01 9.516452e-02
vertex -7.847378e-02 7.997102e-01 9.497701e-02
endloop
endfacet
facet normal 0 0 0
outer loop
vertex -7.740711e-02 7.921647e-01 9.497701e-02
vertex -7.469196e-02 7.932557e-01 9.497701e-02
vertex -7.372227e-02 7.921647e-01 9.497701e-02
endloop
endfacet
facet normal 0 0 0
outer loop
vertex -7.798893e-02 7.901648e-01 9.497701e-02
vertex -7.740711e-02 7.921647e-01 9.497701e-02
vertex -7.372227e-02 7.921647e-01 9.497701e-02
endloop
endfacet
facet normal 0 0 0
outer loop
vertex -6.847378e-02 7.921647e-01 9.497701e-02
vertex -6.847378e-02 7.927102e-01 9.497701e-02
vertex -6.847378e-02 7.927102e-01 9.557701e-02
endloop
endfacet
facet normal 0 0 0
outer loop
vertex -7.585560e-02 7.881647e-01 9.497701e-02
vertex -7.798893e-02 7.881647e-01 9.497701e-02
vertex -7.585560e-02 7.901648e-01 9.497701e-02
endloop
endfacet
facet normal 0 0 0
outer loop
vertex -7.372227e-02 7.921647e-01 9.497701e-02
vertex -7.585560e-02 7.901648e-01 9.497701e-02
vertex -7.798893e-02 7.901648e-01 9.497701e-02
endloop
endfacet
facet normal 0 0 0
outer loop
vertex -6.887378e-02 7.887102e-01 9.497701e-02
vertex -6.858287e-02 7.881647e-01 9.497701e-02
vertex -6.945559e-02 7.861648e-01 9.497701e-02
endloop
endfacet
facet normal 0 0 0
outer loop
vertex -7.740711e-02 7.861648e-01 9.497701e-02
vertex -7.798893e-02 7.881647e-01 9.497701e-02
vertex -7.585560e-02 7.881647e-01 9.497701e-02
endloop
endfacet
facet normal 0 0 0
outer loop
vertex -7.372227e-02 7.921647e-01 9.497701e-02
vertex -7.469196e-02 7.932557e-01 9.497701e-02
vertex -7.100711e-02 7.932557e-01 9.497701e-02
endloop
endfacet
facet normal 0 0 0
outer loop
vertex -8.438893e-02 7.881647e-01 9.497701e-02
vertex -8.594044e-02 7.881647e-01 9.497701e-02
vertex -8.380711e-02 7.901648e-01 9.497701e-02
endloop
endfacet
facet normal 0 0 0
outer loop
vertex -7.847378e-02 7.947102e-01 9.497701e-02
vertex -7.469196e-02 7.932557e-01 9.497701e-02
vertex -7.740711e-02 7.921647e-01 9.497701e-02
endloop
endfacet
facet normal 0 0 0
outer loop
vertex -8.652227e-02 7.901648e-01 9.497701e-02
vertex -8.652227e-02 7.881647e-01 9.497701e-02
vertex -8.843182e-02 7.883745e-01 9.497701e-02
endloop
endfacet
facet normal 0 0 0
outer loop
vertex -6.847378e-02 7.927102e-01 9.497701e-02
vertex -6.858287e-02 7.921647e-01 9.497701e-02
vertex -6.858287e-02 7.927102e-01 9.497701e-02
endloop
endfacet
facet normal 0 0 0
outer loop
vertex -7.100711e-02 7.907102e-01 9.497701e-02
vertex -6.858287e-02 7.901648e-01 9.497701e-02
vertex -6.887378e-02 7.887102e-01 9.497701e-02
endloop
endfacet
facet normal 0 0 0
outer loop
vertex -6.847378e-02 7.927102e-01 9.497701e-02
vertex -6.847378e-02 7.921647e-01 9.497701e-02
vertex -6.858287e-02 7.921647e-01 9.497701e-02
endloop
endfacet
facet normal 0 0 0
outer loop
vertex -6.847378e-02 7.927102e-01 9.557701e-02
vertex -6.847378e-02 7.907102e-01 9.557701e-02
vertex -6.847378e-02 7.921647e-01 9.497701e-02
endloop
endfacet
facet normal 0 0 0
outer loop
vertex -8.847378e-02 8.003352e-01 1.017645e-01
vertex -8.847378e-02 7.983352e-01 1.021770e-01
vertex -8.847378e-02 8.003352e-01 1.021770e-01
endloop
endfacet
facet normal 0 0 0
outer loop
vertex -8.847378e-02 7.983352e-01 1.021770e-01
vertex -8.847378e-02 7.983352e-01 9.956452e-02
vertex -8.847378e-02 7.963352e-01 9.956452e-02
endloop
endfacet
facet normal 0 0 0
outer loop
vertex -8.847378e-02 8.003352e-01 1.043770e-01
vertex -8.847378e-02 8.003352e-01 1.021770e-01
vertex -8.847378e-02 7.983352e-01 1.021770e-01
endloop
endfacet
facet normal 0 0 0
outer loop
vertex -8.843182e-02 7.901648e-01 9.497701e-02
vertex -8.847378e-02 7.901648e-01 9.497701e-02
vertex -8.847378e-02 7.903352e-01 9.497701e-02
endloop
endfacet
facet normal 0 0 0
outer loop
vertex -8.847378e-02 7.947102e-01 1.021770e-01
vertex -8.847378e-02 7.963352e-01 1.017645e-01
vertex -8.847378e-02 7.947102e-01 9.997701e-02
endloop
endfacet
facet normal 0 0 0
outer loop
vertex -8.847378e-02 7.983352e-01 9.956452e-02
vertex -8.847378e-02 7.963352e-01 9.736452e-02
vertex -8.847378e-02 7.963352e-01 9.956452e-02
endloop
endfacet
facet normal 0 0 0
outer loop
vertex -8.847378e-02 7.963352e-01 1.017645e-01
vertex -8.847378e-02 7.963352e-01 9.956452e-02
vertex -8.847378e-02 7.947102e-01 9.997701e-02
endloop
endfacet
facet normal 0 0 0
outer loop
vertex -8.847378e-02 7.981648e-01 9.497701e-02
vertex -8.847378e-02 7.975398e-01 9.497701e-02
vertex -8.847378e-02 7.977102e-01 9.516452e-02
endloop
endfacet
facet normal 0 0 0
outer loop
vertex -8.847378e-02 7.963352e-01 1.039645e-01
vertex -8.847378e-02 7.947102e-01 1.043770e-01
vertex -8.847378e-02 7.947102e-01 1.049770e-01
endloop
endfacet
facet normal 0 0 0
outer loop
vertex -8.847378e-02 7.983352e-01 1.043770e-01
vertex -8.847378e-02 7.963352e-01 1.017645e-01
vertex -8.847378e-02 7.963352e-01 1.039645e-01
endloop
endfacet
facet normal 0 0 0
outer loop
vertex -8.847378e-02 8.003352e-01 1.017645e-01
vertex -8.847378e-02 7.983352e-01 9.956452e-02
vertex -8.847378e-02 7.983352e-01 1.021770e-01
endloop
endfacet
facet normal 0 0 0
outer loop
vertex -8.700711e-02 8.047102e-01 1.021770e-01
vertex -8.594044e-02 8.047102e-01 1.032770e-01
vertex -8.380711e-02 8.047102e-01 1.021770e-01
endloop
endfacet
facet normal 0 0 0
outer loop
vertex -8.749196e-02 8.007102e-01 1.049770e-01
vertex -8.749196e-02 7.987102e-01 1.049770e-01
vertex -8.594044e-02 8.007102e-01 1.049770e-01
endloop
endfacet
facet normal 0 0 0
outer loop
vertex -8.807378e-02 7.967102e-01 1.049770e-01
vertex -8.749196e-02 7.947102e-01 1.049770e-01
vertex -8.594044e-02 7.967102e-01 1.049770e-01
endloop
endfacet
facet normal 0 0 0
outer loop
vertex -8.594044e-02 8.007102e-01 1.049770e-01
vertex -8.749196e-02 7.987102e-01 1.049770e-01
vertex -8.594044e-02 7.987102e-01 1.049770e-01
endloop
endfacet
facet normal 0 0 0
outer loop
vertex -8.847378e-02 7.923352e-01 9.956452e-02
vertex -8.847378e-02 7.923352e-01 9.736452e-02
vertex -8.847378e-02 7.903352e-01 9.736452e-02
endloop
endfacet
facet normal 0 0 0
outer loop
vertex -8.847378e-02 7.977102e-01 9.516452e-02
vertex -8.847378e-02 7.965398e-01 9.497701e-02
vertex -8.847378e-02 7.967102e-01 9.516452e-02
endloop
endfacet
facet normal 0 0 0
outer loop
vertex -8.847378e-02 7.977102e-01 9.516452e-02
vertex -8.847378e-02 7.975398e-01 9.497701e-02
vertex -8.847378e-02 7.965398e-01 9.497701e-02
endloop
endfacet
facet normal 0 0 0
outer loop
vertex -8.847378e-02 8.023352e-01 1.017645e-01
vertex -8.847378e-02 8.023352e-01 1.043770e-01
vertex -8.847378e-02 8.030852e-01 1.021770e-01
endloop
endfacet
facet normal 0 0 0
outer loop
vertex -8.847378e-02 7.983352e-01 9.516452e-02
vertex -8.847378e-02 7.981648e-01 9.497701e-02
vertex -8.847378e-02 7.977102e-01 9.516452e-02
endloop
endfacet
facet normal 0 0 0
outer loop
vertex -8.380711e-02 8.032557e-01 1.049770e-01
vertex -8.225559e-02 8.047102e-01 1.049770e-01
vertex -8.380711e-02 8.047102e-01 1.049770e-01
endloop
endfacet
facet normal 0 0 0
outer loop
vertex -8.847378e-02 7.923352e-01 1.021770e-01
vertex -8.847378e-02 7.923352e-01 9.956452e-02
vertex -8.847378e-02 7.903352e-01 9.997701e-02
endloop
endfacet
facet normal 0 0 0
outer loop
vertex -8.843182e-02 7.903746e-01 9.497701e-02
vertex -8.807378e-02 7.921647e-01 9.497701e-02
vertex -8.652227e-02 7.901648e-01 9.497701e-02
endloop
endfacet
facet normal 0 0 0
outer loop
vertex -8.380711e-02 7.907102e-01 1.049770e-01
vertex -8.167378e-02 7.907102e-01 1.049770e-01
vertex -8.322529e-02 7.912557e-01 1.049770e-01
endloop
endfacet
facet normal 0 0 0
outer loop
vertex -8.847378e-02 7.903352e-01 9.997701e-02
vertex -8.847378e-02 7.923352e-01 9.956452e-02
vertex -8.847378e-02 7.903352e-01 9.736452e-02
endloop
endfacet
facet normal 0 0 0
outer loop
vertex -8.847378e-02 7.903352e-01 9.736452e-02
vertex -8.847378e-02 7.923352e-01 9.736452e-02
vertex -8.847378e-02 7.903352e-01 9.516452e-02
endloop
endfacet
facet normal 0 0 0
outer loop
vertex -8.843182e-02 7.903746e-01 9.497701e-02
vertex -8.843182e-02 7.901648e-01 9.497701e-02
vertex -8.847378e-02 7.903352e-01 9.497701e-02
endloop
endfacet
facet normal 0 0 0
outer loop
vertex -8.843182e-02 7.883745e-01 9.497701e-02
vertex -8.843182e-02 7.901648e-01 9.497701e-02
vertex -8.652227e-02 7.901648e-01 9.497701e-02
endloop
endfacet
facet normal 0 0 0
outer loop
vertex -8.843182e-02 7.903746e-01 9.497701e-02
vertex -8.652227e-02 7.901648e-01 9.497701e-02
vertex -8.843182e-02 7.901648e-01 9.497701e-02
endloop
endfacet
facet normal 0 0 0
outer loop
vertex -8.847378e-02 7.883352e-01 9.777701e-02
vertex -8.847378e-02 7.903352e-01 9.736452e-02
vertex -8.847378e-02 7.883352e-01 9.516452e-02
endloop
endfacet
facet normal 0 0 0
outer loop
vertex -8.847378e-02 7.907102e-01 1.021770e-01
vertex -8.847378e-02 7.883352e-01 1.043770e-01
vertex -8.847378e-02 7.903352e-01 1.043770e-01
endloop
endfacet
facet normal 0 0 0
outer loop
vertex -8.847378e-02 7.963352e-01 1.039645e-01
vertex -8.847378e-02 7.947102e-01 1.021770e-01
vertex -8.847378e-02 7.947102e-01 1.043770e-01
endloop
endfacet
facet normal 0 0 0
outer loop
vertex -8.847378e-02 7.947102e-01 9.997701e-02
vertex -8.847378e-02 7.963352e-01 9.956452e-02
vertex -8.847378e-02 7.947102e-01 9.777701e-02
endloop
endfacet
facet normal 0 0 0
outer loop
vertex -8.847378e-02 7.963352e-01 9.736452e-02
vertex -8.847378e-02 7.947102e-01 9.497701e-02
vertex -8.847378e-02 7.947102e-01 9.777701e-02
endloop
endfacet
facet normal 0 0 0
outer loop
vertex -8.847378e-02 7.947102e-01 9.997701e-02
vertex -8.847378e-02 7.923352e-01 9.736452e-02
vertex -8.847378e-02 7.923352e-01 9.956452e-02
endloop
endfacet
facet normal 0 0 0
outer loop
vertex -8.847378e-02 7.947102e-01 9.777701e-02
vertex -8.847378e-02 7.923352e-01 9.516452e-02
vertex -8.847378e-02 7.923352e-01 9.736452e-02
endloop
endfacet
facet normal 0 0 0
outer loop
vertex -8.847378e-02 7.923352e-01 1.021770e-01
vertex -8.847378e-02 7.947102e-01 1.043770e-01
vertex -8.847378e-02 7.947102e-01 1.021770e-01
endloop
endfacet
facet normal 0 0 0
outer loop
vertex -8.847378e-02 7.923352e-01 9.516452e-02
vertex -8.847378e-02 7.947102e-01 9.777701e-02
vertex -8.847378e-02 7.947102e-01 9.497701e-02
endloop
endfacet
facet normal 0 0 0
outer loop
vertex -8.847378e-02 7.923352e-01 9.736452e-02
vertex -8.847378e-02 7.947102e-01 9.997701e-02
vertex -8.847378e-02 7.947102e-01 9.777701e-02
endloop
endfacet
facet normal 0 0 0
outer loop
vertex -8.847378e-02 7.947102e-01 1.021770e-01
vertex -8.847378e-02 7.923352e-01 9.956452e-02
vertex -8.847378e-02 7.923352e-01 1.021770e-01
endloop
endfacet
facet normal 0 0 0
outer loop
vertex -8.847378e-02 7.923352e-01 9.956452e-02
vertex -8.847378e-02 7.947102e-01 1.021770e-01
vertex -8.847378e-02 7.947102e-01 9.997701e-02
endloop
endfacet
facet normal 0 0 0
outer loop
vertex -8.820804e-02 7.907102e-01 1.049770e-01
vertex -8.847378e-02 7.904611e-01 1.049770e-01
vertex -8.820804e-02 7.905843e-01 1.049770e-01
endloop
endfacet
facet normal 0 0 0
outer loop
vertex -8.847378e-02 7.904611e-01 1.049770e-01
vertex -8.847378e-02 7.903352e-01 1.049770e-01
vertex -8.820804e-02 7.905843e-01 1.049770e-01
endloop
endfacet
facet normal 0 0 0
outer loop
vertex -8.594044e-02 7.907102e-01 1.049770e-01
vertex -8.820804e-02 7.907102e-01 1.049770e-01
vertex -8.820804e-02 7.905843e-01 1.049770e-01
endloop
endfacet
facet normal 0 0 0
outer loop
vertex -8.847378e-02 7.903352e-01 1.043770e-01
vertex -8.847378e-02 7.903352e-01 1.049770e-01
vertex -8.847378e-02 7.904611e-01 1.049770e-01
endloop
endfacet
facet normal 0 0 0
outer loop
vertex -8.847378e-02 7.863352e-01 1.039645e-01
vertex -8.847378e-02 7.883352e-01 1.043770e-01
vertex -8.847378e-02 7.863352e-01 1.017645e-01
endloop
endfacet
facet normal 0 0 0
outer loop
vertex -7.527377e-02 7.847102e-01 1.010770e-01
vertex -7.420711e-02 7.847102e-01 1.032770e-01
vertex -7.740711e-02 7.847102e-01 1.021770e-01
endloop
endfacet
facet normal 0 0 0
outer loop
vertex -7.420711e-02 7.847102e-01 1.021770e-01
vertex -7.420711e-02 7.847102e-01 1.032770e-01
vertex -7.527377e-02 7.847102e-01 1.010770e-01
endloop
endfacet
facet normal 0 0 0
outer loop
vertex -7.847378e-02 7.847102e-01 9.497701e-02
vertex -7.954045e-02 7.847102e-01 9.667701e-02
vertex -8.274045e-02 7.847102e-01 9.667701e-02
endloop
endfacet
facet normal 0 0 0
outer loop
vertex -8.167378e-02 7.847102e-01 1.021770e-01
vertex -8.380711e-02 7.847102e-01 1.032770e-01
vertex -8.380711e-02 7.847102e-01 1.021770e-01
endloop
endfacet
facet normal 0 0 0
outer loop
vertex -8.274045e-02 7.847102e-01 1.010770e-01
vertex -8.380711e-02 7.847102e-01 9.997701e-02
vertex -8.274045e-02 7.847102e-01 9.887701e-02
endloop
endfacet
facet normal 0 0 0
outer loop
vertex -7.954045e-02 7.847102e-01 9.997701e-02
vertex -8.274045e-02 7.847102e-01 9.887701e-02
vertex -7.954045e-02 7.847102e-01 9.887701e-02
endloop
endfacet
facet normal 0 0 0
outer loop
vertex -8.274045e-02 7.847102e-01 1.043770e-01
vertex -8.414395e-02 7.847102e-01 1.047244e-01
vertex -8.380711e-02 7.847102e-01 1.032770e-01
endloop
endfacet
facet normal 0 0 0
outer loop
vertex -8.652227e-02 7.861648e-01 1.049770e-01
vertex -8.623135e-02 7.847102e-01 1.049770e-01
vertex -8.516469e-02 7.847102e-01 1.049770e-01
endloop
endfacet
facet normal 0 0 0
outer loop
vertex -8.652227e-02 7.861648e-01 1.049770e-01
vertex -8.516469e-02 7.847102e-01 1.049770e-01
vertex -8.438893e-02 7.861648e-01 1.049770e-01
endloop
endfacet
facet normal 0 0 0
outer loop
vertex -8.504220e-02 7.847102e-01 1.047244e-01
vertex -8.627728e-02 7.847102e-01 1.047244e-01
vertex -8.487378e-02 7.847102e-01 1.043770e-01
endloop
endfacet
facet normal 0 0 0
outer loop
vertex -8.516469e-02 7.847102e-01 1.049770e-01
vertex -8.623135e-02 7.847102e-01 1.049770e-01
vertex -8.504220e-02 7.847102e-01 1.047244e-01
endloop
endfacet
facet normal 0 0 0
outer loop
vertex -8.623135e-02 7.847102e-01 1.049770e-01
vertex -8.627728e-02 7.847102e-01 1.047244e-01
vertex -8.504220e-02 7.847102e-01 1.047244e-01
endloop
endfacet
facet normal 0 0 0
outer loop
vertex -8.322529e-02 8.032557e-01 9.497701e-02
vertex -8.438893e-02 8.001648e-01 9.497701e-02
vertex -8.652227e-02 8.001648e-01 9.497701e-02
endloop
endfacet
facet normal 0 0 0
outer loop
vertex -8.535863e-02 8.032557e-01 9.497701e-02
vertex -8.322529e-02 8.032557e-01 9.497701e-02
vertex -8.652227e-02 8.001648e-01 9.497701e-02
endloop
endfacet
facet normal 0 0 0
outer loop
vertex -8.847378e-02 7.975398e-01 9.497701e-02
vertex -8.847378e-02 7.981648e-01 9.497701e-02
vertex -8.807378e-02 7.961648e-01 9.497701e-02
endloop
endfacet
facet normal 0 0 0
outer loop
vertex -8.807378e-02 7.961648e-01 9.497701e-02
vertex -8.847378e-02 7.981648e-01 9.497701e-02
vertex -8.652227e-02 7.981648e-01 9.497701e-02
endloop
endfacet
facet normal 0 0 0
outer loop
vertex -8.847378e-02 8.001648e-01 9.497701e-02
vertex -8.847378e-02 7.999943e-01 9.497701e-02
vertex -8.847378e-02 7.997102e-01 9.516452e-02
endloop
endfacet
facet normal 0 0 0
outer loop
vertex -7.847378e-02 7.987102e-01 9.557701e-02
vertex -7.847378e-02 7.997102e-01 9.516452e-02
vertex -7.847378e-02 7.997102e-01 9.667701e-02
endloop
endfacet
facet normal 0 0 0
outer loop
vertex -8.847378e-02 7.997102e-01 9.516452e-02
vertex -8.847378e-02 7.986637e-01 9.497701e-02
vertex -8.847378e-02 7.987102e-01 9.516452e-02
endloop
endfacet
facet normal 0 0 0
outer loop
vertex -8.847378e-02 7.947102e-01 9.497701e-02
vertex -8.807378e-02 7.947102e-01 9.497701e-02
vertex -8.843182e-02 7.923746e-01 9.497701e-02
endloop
endfacet
facet normal 0 0 0
outer loop
vertex -7.847378e-02 8.027102e-01 9.557701e-02
vertex -7.847378e-02 8.047102e-01 9.497701e-02
vertex -7.847378e-02 8.037102e-01 9.777701e-02
endloop
endfacet
facet normal 0 0 0
outer loop
vertex -8.847378e-02 8.030852e-01 9.777701e-02
vertex -8.847378e-02 8.007102e-01 9.557701e-02
vertex -8.847378e-02 8.030852e-01 9.956452e-02
endloop
endfacet
facet normal 0 0 0
outer loop
vertex -8.847378e-02 7.903746e-01 9.497701e-02
vertex -8.847378e-02 7.903352e-01 9.497701e-02
vertex -8.847378e-02 7.903352e-01 9.516452e-02
endloop
endfacet
facet normal 0 0 0
outer loop
vertex -7.847378e-02 7.947102e-01 9.497701e-02
vertex -7.954045e-02 7.947102e-01 9.497701e-02
vertex -8.012226e-02 7.961648e-01 9.497701e-02
endloop
endfacet
facet normal 0 0 0
outer loop
vertex -8.652227e-02 7.981648e-01 9.497701e-02
vertex -8.380711e-02 7.987102e-01 9.497701e-02
vertex -8.594044e-02 7.967102e-01 9.497701e-02
endloop
endfacet
facet normal 0 0 0
outer loop
vertex -8.380711e-02 7.987102e-01 9.497701e-02
vertex -8.012226e-02 7.981648e-01 9.497701e-02
vertex -8.225559e-02 7.961648e-01 9.497701e-02
endloop
endfacet
facet normal 0 0 0
outer loop
vertex -8.847378e-02 7.967102e-01 9.557701e-02
vertex -8.847378e-02 7.963352e-01 9.736452e-02
vertex -8.847378e-02 7.983352e-01 9.777701e-02
endloop
endfacet
facet normal 0 0 0
outer loop
vertex -8.847378e-02 7.983352e-01 9.777701e-02
vertex -8.847378e-02 8.007102e-01 9.557701e-02
vertex -8.847378e-02 7.987102e-01 9.557701e-02
endloop
endfacet
facet normal 0 0 0
outer loop
vertex -7.954045e-02 7.932557e-01 1.049770e-01
vertex -8.167378e-02 7.927102e-01 1.049770e-01
vertex -8.109196e-02 7.907102e-01 1.049770e-01
endloop
endfacet
facet normal 0 0 0
outer loop
vertex -7.954045e-02 7.907102e-01 1.049770e-01
vertex -7.954045e-02 7.932557e-01 1.049770e-01
vertex -8.109196e-02 7.907102e-01 1.049770e-01
endloop
endfacet
facet normal 0 0 0
outer loop
vertex -8.847378e-02 7.847102e-01 1.049770e-01
vertex -8.847378e-02 7.865078e-01 1.049770e-01
vertex -8.847378e-02 7.863352e-01 1.039645e-01
endloop
endfacet
facet normal 0 0 0
outer loop
vertex -8.847378e-02 7.847102e-01 1.049770e-01
vertex -8.820804e-02 7.867102e-01 1.049770e-01
vertex -8.847378e-02 7.865078e-01 1.049770e-01
endloop
endfacet
facet normal 0 0 0
outer loop
vertex -8.167378e-02 7.887102e-01 1.049770e-01
vertex -7.954045e-02 7.887102e-01 1.049770e-01
vertex -7.954045e-02 7.907102e-01 1.049770e-01
endloop
endfacet
facet normal 0 0 0
outer loop
vertex -8.847378e-02 7.847102e-01 1.049770e-01
vertex -8.623135e-02 7.847102e-01 1.049770e-01
vertex -8.652227e-02 7.861648e-01 1.049770e-01
endloop
endfacet
facet normal 0 0 0
outer loop
vertex -8.847378e-02 7.847102e-01 1.049770e-01
vertex -8.627728e-02 7.847102e-01 1.047244e-01
vertex -8.623135e-02 7.847102e-01 1.049770e-01
endloop
endfacet
facet normal 0 0 0
outer loop
vertex -8.380711e-02 7.887102e-01 1.049770e-01
vertex -8.167378e-02 7.887102e-01 1.049770e-01
vertex -8.167378e-02 7.907102e-01 1.049770e-01
endloop
endfacet
facet normal 0 0 0
outer loop
vertex -8.438893e-02 7.861648e-01 1.049770e-01
vertex -8.167378e-02 7.887102e-01 1.049770e-01
vertex -8.380711e-02 7.887102e-01 1.049770e-01
endloop
endfacet
facet normal 0 0 0
outer loop
vertex -8.438893e-02 7.861648e-01 1.049770e-01
vertex -7.847378e-02 7.847102e-01 1.049770e-01
vertex -7.954045e-02 7.887102e-01 1.049770e-01
endloop
endfacet
facet normal 0 0 0
outer loop
vertex -8.438893e-02 7.861648e-01 1.049770e-01
vertex -7.954045e-02 7.887102e-01 1.049770e-01
vertex -8.167378e-02 7.887102e-01 1.049770e-01
endloop
endfacet
facet normal 0 0 0
outer loop
vertex -8.594044e-02 7.932557e-01 1.049770e-01
vertex -8.380711e-02 7.947102e-01 1.049770e-01
vertex -8.594044e-02 7.947102e-01 1.049770e-01
endloop
endfacet
facet normal 0 0 0
outer loop
vertex -8.322529e-02 7.932557e-01 1.049770e-01
vertex -8.380711e-02 7.947102e-01 1.049770e-01
vertex -8.380711e-02 7.932557e-01 1.049770e-01
endloop
endfacet
facet normal 0 0 0
outer loop
vertex -8.807378e-02 7.927102e-01 1.049770e-01
vertex -8.594044e-02 7.947102e-01 1.049770e-01
vertex -8.749196e-02 7.947102e-01 1.049770e-01
endloop
endfacet
facet normal 0 0 0
outer loop
vertex -8.847378e-02 7.947102e-01 1.049770e-01
vertex -8.807378e-02 7.927102e-01 1.049770e-01
vertex -8.749196e-02 7.947102e-01 1.049770e-01
endloop
endfacet
facet normal 0 0 0
outer loop
vertex -7.954045e-02 7.932557e-01 1.049770e-01
vertex -7.954045e-02 7.907102e-01 1.049770e-01
vertex -7.740711e-02 7.927102e-01 1.049770e-01
endloop
endfacet
facet normal 0 0 0
outer loop
vertex -7.954045e-02 7.932557e-01 1.049770e-01
vertex -7.740711e-02 7.927102e-01 1.049770e-01
vertex -7.847378e-02 7.947102e-01 1.049770e-01
endloop
endfacet
facet normal 0 0 0
outer loop
vertex -7.740711e-02 7.907102e-01 1.049770e-01
vertex -7.954045e-02 7.907102e-01 1.049770e-01
vertex -7.954045e-02 7.887102e-01 1.049770e-01
endloop
endfacet
facet normal 0 0 0
outer loop
vertex -7.740711e-02 7.907102e-01 1.049770e-01
vertex -7.740711e-02 7.927102e-01 1.049770e-01
vertex -7.954045e-02 7.907102e-01 1.049770e-01
endloop
endfacet
facet normal 0 0 0
outer loop
vertex -7.847378e-02 7.847102e-01 1.049770e-01
vertex -7.682529e-02 7.867102e-01 1.049770e-01
vertex -7.740711e-02 7.887102e-01 1.049770e-01
endloop
endfacet
facet normal 0 0 0
outer loop
vertex -7.954045e-02 7.887102e-01 1.049770e-01
vertex -7.847378e-02 7.847102e-01 1.049770e-01
vertex -7.740711e-02 7.887102e-01 1.049770e-01
endloop
endfacet
facet normal 0 0 0
outer loop
vertex -8.167378e-02 7.947102e-01 1.049770e-01
vertex -8.380711e-02 7.947102e-01 1.049770e-01
vertex -8.322529e-02 7.932557e-01 1.049770e-01
endloop
endfacet
facet normal 0 0 0
outer loop
vertex -8.322529e-02 7.932557e-01 1.049770e-01
vertex -8.380711e-02 7.932557e-01 1.049770e-01
vertex -8.322529e-02 7.912557e-01 1.049770e-01
endloop
endfacet
facet normal 0 0 0
outer loop
vertex -8.380711e-02 7.932557e-01 1.049770e-01
vertex -8.380711e-02 7.947102e-01 1.049770e-01
vertex -8.594044e-02 7.932557e-01 1.049770e-01
endloop
endfacet
facet normal 0 0 0
outer loop
vertex -7.527377e-02 7.847102e-01 1.010770e-01
vertex -7.740711e-02 7.847102e-01 1.021770e-01
vertex -7.740711e-02 7.847102e-01 9.997701e-02
endloop
endfacet
facet normal 0 0 0
outer loop
vertex -7.740711e-02 7.847102e-01 9.997701e-02
vertex -7.740711e-02 7.847102e-01 9.777701e-02
vertex -7.527377e-02 7.847102e-01 1.010770e-01
endloop
endfacet
facet normal 0 0 0
outer loop
vertex -6.847378e-02 7.907102e-01 9.557701e-02
vertex -6.847378e-02 7.908361e-01 9.497701e-02
vertex -6.847378e-02 7.921647e-01 9.497701e-02
endloop
endfacet
facet normal 0 0 0
outer loop
vertex -6.858287e-02 7.907102e-01 9.497701e-02
vertex -7.100711e-02 7.907102e-01 9.497701e-02
vertex -6.858287e-02 7.921647e-01 9.497701e-02
endloop
endfacet
facet normal 0 0 0
outer loop
vertex -7.954045e-02 7.847102e-01 9.667701e-02
vertex -7.847378e-02 7.847102e-01 9.887701e-02
vertex -7.954045e-02 7.847102e-01 9.887701e-02
endloop
endfacet
facet normal 0 0 0
outer loop
vertex -7.847378e-02 7.847102e-01 1.049770e-01
vertex -7.847378e-02 7.847102e-01 1.010770e-01
vertex -7.740711e-02 7.847102e-01 1.021770e-01
endloop
endfacet
facet normal 0 0 0
outer loop
vertex -7.954045e-02 7.847102e-01 9.667701e-02
vertex -7.740711e-02 7.847102e-01 9.777701e-02
vertex -7.847378e-02 7.847102e-01 9.887701e-02
endloop
endfacet
facet normal 0 0 0
outer loop
vertex -8.847378e-02 7.847102e-01 9.497701e-02
vertex -8.847378e-02 7.847102e-01 9.757076e-02
vertex -8.847378e-02 7.863352e-01 9.736452e-02
endloop
endfacet
facet normal 0 0 0
outer loop
vertex -7.954045e-02 7.847102e-01 1.032770e-01
vertex -7.847378e-02 7.847102e-01 1.010770e-01
vertex -7.847378e-02 7.847102e-01 1.049770e-01
endloop
endfacet
facet normal 0 0 0
outer loop
vertex -7.847378e-02 7.847102e-01 9.887701e-02
vertex -7.954045e-02 7.847102e-01 9.997701e-02
vertex -7.954045e-02 7.847102e-01 9.887701e-02
endloop
endfacet
facet normal 0 0 0
outer loop
vertex -7.847378e-02 7.847102e-01 9.497701e-02
vertex -7.740711e-02 7.847102e-01 9.777701e-02
vertex -7.954045e-02 7.847102e-01 9.667701e-02
endloop
endfacet
facet normal 0 0 0
outer loop
vertex -7.847378e-02 7.847102e-01 9.887701e-02
vertex -7.740711e-02 7.847102e-01 9.997701e-02
vertex -7.954045e-02 7.847102e-01 9.997701e-02
endloop
endfacet
facet normal 0 0 0
outer loop
vertex -7.740711e-02 7.847102e-01 9.997701e-02
vertex -7.847378e-02 7.847102e-01 1.010770e-01
vertex -7.954045e-02 7.847102e-01 9.997701e-02
endloop
endfacet
facet normal 0 0 0
outer loop
vertex -7.740711e-02 7.847102e-01 9.997701e-02
vertex -7.740711e-02 7.847102e-01 1.021770e-01
vertex -7.847378e-02 7.847102e-01 1.010770e-01
endloop
endfacet
facet normal 0 0 0
outer loop
vertex -7.847378e-02 7.847102e-01 9.887701e-02
vertex -7.740711e-02 7.847102e-01 9.777701e-02
vertex -7.740711e-02 7.847102e-01 9.997701e-02
endloop
endfacet
facet normal 0 0 0
outer loop
vertex -7.314044e-02 7.847102e-01 9.887701e-02
vertex -7.100711e-02 7.847102e-01 9.667701e-02
vertex -6.994045e-02 7.847102e-01 9.887701e-02
endloop
endfacet
facet normal 0 0 0
outer loop
vertex -6.994045e-02 7.847102e-01 9.887701e-02
vertex -7.100711e-02 7.847102e-01 9.667701e-02
vertex -6.847378e-02 7.847102e-01 9.497701e-02
endloop
endfacet
facet normal 0 0 0
outer loop
vertex -8.847378e-02 7.997102e-01 9.516452e-02
vertex -8.847378e-02 7.999943e-01 9.497701e-02
vertex -8.847378e-02 7.986637e-01 9.497701e-02
endloop
endfacet
facet normal 0 0 0
outer loop
vertex -8.847378e-02 8.007102e-01 9.516452e-02
vertex -8.847378e-02 8.001648e-01 9.497701e-02
vertex -8.847378e-02 7.997102e-01 9.516452e-02
endloop
endfacet
facet normal 0 0 0
outer loop
vertex -8.847378e-02 7.999943e-01 9.497701e-02
vertex -8.847378e-02 8.001648e-01 9.497701e-02
vertex -8.652227e-02 7.981648e-01 9.497701e-02
endloop
endfacet
facet normal 0 0 0
outer loop
vertex -8.652227e-02 7.981648e-01 9.497701e-02
vertex -8.847378e-02 8.001648e-01 9.497701e-02
vertex -8.652227e-02 8.001648e-01 9.497701e-02
endloop
endfacet
facet normal 0 0 0
outer loop
vertex -8.847378e-02 7.986637e-01 9.497701e-02
vertex -8.847378e-02 7.999943e-01 9.497701e-02
vertex -8.652227e-02 7.981648e-01 9.497701e-02
endloop
endfacet
facet normal 0 0 0
outer loop
vertex -8.847378e-02 8.047102e-01 1.049770e-01
vertex -8.594044e-02 8.047102e-01 1.032770e-01
vertex -8.700711e-02 8.047102e-01 1.021770e-01
endloop
endfacet
facet normal 0 0 0
outer loop
vertex -8.847378e-02 8.030852e-01 9.956452e-02
vertex -8.847378e-02 7.983352e-01 9.777701e-02
vertex -8.847378e-02 7.983352e-01 9.956452e-02
endloop
endfacet
facet normal 0 0 0
outer loop
vertex -8.847378e-02 7.983352e-01 9.777701e-02
vertex -8.847378e-02 7.963352e-01 9.736452e-02
vertex -8.847378e-02 7.983352e-01 9.956452e-02
endloop
endfacet
facet normal 0 0 0
outer loop
vertex -8.847378e-02 8.023352e-01 1.017645e-01
vertex -8.847378e-02 8.003352e-01 1.021770e-01
vertex -8.847378e-02 8.023352e-01 1.043770e-01
endloop
endfacet
facet normal 0 0 0
outer loop
vertex -8.847378e-02 8.023352e-01 1.017645e-01
vertex -8.847378e-02 8.030852e-01 9.956452e-02
vertex -8.847378e-02 8.003352e-01 1.017645e-01
endloop
endfacet
facet normal 0 0 0
outer loop
vertex -8.847378e-02 8.030852e-01 9.956452e-02
vertex -8.847378e-02 7.983352e-01 9.956452e-02
vertex -8.847378e-02 8.003352e-01 1.017645e-01
endloop
endfacet
facet normal 0 0 0
outer loop
vertex -8.847378e-02 8.003352e-01 1.017645e-01
vertex -8.847378e-02 8.003352e-01 1.021770e-01
vertex -8.847378e-02 8.023352e-01 1.017645e-01
endloop
endfacet
facet normal 0 0 0
outer loop
vertex -8.847378e-02 8.030852e-01 1.021770e-01
vertex -8.847378e-02 8.023352e-01 1.043770e-01
vertex -8.847378e-02 8.047102e-01 1.049770e-01
endloop
endfacet
facet normal 0 0 0
outer loop
vertex -8.847378e-02 7.987102e-01 9.557701e-02
vertex -8.847378e-02 7.967102e-01 9.557701e-02
vertex -8.847378e-02 7.983352e-01 9.777701e-02
endloop
endfacet
facet normal 0 0 0
outer loop
vertex -8.847378e-02 8.023352e-01 1.017645e-01
vertex -8.847378e-02 8.030852e-01 1.021770e-01
vertex -8.847378e-02 8.030852e-01 9.956452e-02
endloop
endfacet
facet normal 0 0 0
outer loop
vertex -8.847378e-02 8.007102e-01 9.557701e-02
vertex -8.847378e-02 7.983352e-01 9.777701e-02
vertex -8.847378e-02 8.030852e-01 9.956452e-02
endloop
endfacet
facet normal 0 0 0
outer loop
vertex -8.847378e-02 7.963352e-01 9.736452e-02
vertex -8.847378e-02 7.967102e-01 9.557701e-02
vertex -8.847378e-02 7.947102e-01 9.497701e-02
endloop
endfacet
facet normal 0 0 0
outer loop
vertex -8.847378e-02 8.022249e-01 9.497701e-02
vertex -8.847378e-02 8.019943e-01 9.497701e-02
vertex -8.847378e-02 8.017102e-01 9.516452e-02
endloop
endfacet
facet normal 0 0 0
outer loop
vertex -8.847378e-02 8.017102e-01 9.516452e-02
vertex -8.847378e-02 8.006637e-01 9.497701e-02
vertex -8.847378e-02 8.007102e-01 9.516452e-02
endloop
endfacet
facet normal 0 0 0
outer loop
vertex -8.847378e-02 8.017102e-01 9.516452e-02
vertex -8.847378e-02 8.019943e-01 9.497701e-02
vertex -8.847378e-02 8.006637e-01 9.497701e-02
endloop
endfacet
facet normal 0 0 0
outer loop
vertex -8.847378e-02 8.023352e-01 9.516452e-02
vertex -8.847378e-02 8.022249e-01 9.497701e-02
vertex -8.847378e-02 8.017102e-01 9.516452e-02
endloop
endfacet
facet normal 0 0 0
outer loop
vertex -8.847378e-02 8.019943e-01 9.497701e-02
vertex -8.847378e-02 8.022249e-01 9.497701e-02
vertex -8.652227e-02 8.001648e-01 9.497701e-02
endloop
endfacet
facet normal 0 0 0
outer loop
vertex -8.652227e-02 8.001648e-01 9.497701e-02
vertex -8.847378e-02 8.022249e-01 9.497701e-02
vertex -8.535863e-02 8.032557e-01 9.497701e-02
endloop
endfacet
facet normal 0 0 0
outer loop
vertex -8.847378e-02 8.006637e-01 9.497701e-02
vertex -8.847378e-02 8.019943e-01 9.497701e-02
vertex -8.652227e-02 8.001648e-01 9.497701e-02
endloop
endfacet
facet normal 0 0 0
outer loop
vertex -8.847378e-02 7.947102e-01 9.497701e-02
vertex -8.847378e-02 7.967102e-01 9.516452e-02
vertex -8.847378e-02 7.965398e-01 9.497701e-02
endloop
endfacet
facet normal 0 0 0
outer loop
vertex -8.847378e-02 7.965398e-01 9.497701e-02
vertex -8.807378e-02 7.961648e-01 9.497701e-02
vertex -8.847378e-02 7.947102e-01 9.497701e-02
endloop
endfacet
facet normal 0 0 0
outer loop
vertex -8.847378e-02 7.981648e-01 9.497701e-02
vertex -8.847378e-02 7.983352e-01 9.516452e-02
vertex -8.847378e-02 7.986637e-01 9.497701e-02
endloop
endfacet
facet normal 0 0 0
outer loop
vertex -8.847378e-02 7.983352e-01 9.516452e-02
vertex -8.847378e-02 7.987102e-01 9.516452e-02
vertex -8.847378e-02 7.986637e-01 9.497701e-02
endloop
endfacet
facet normal 0 0 0
outer loop
vertex -8.652227e-02 7.981648e-01 9.497701e-02
vertex -8.847378e-02 7.981648e-01 9.497701e-02
vertex -8.847378e-02 7.986637e-01 9.497701e-02
endloop
endfacet
facet normal 0 0 0
outer loop
vertex -8.847378e-02 8.047102e-01 9.497701e-02
vertex -8.847378e-02 8.027403e-01 9.497701e-02
vertex -8.847378e-02 8.027102e-01 9.516452e-02
endloop
endfacet
facet normal 0 0 0
outer loop
vertex -8.535863e-02 8.032557e-01 9.497701e-02
vertex -8.847378e-02 8.027403e-01 9.497701e-02
vertex -8.847378e-02 8.047102e-01 9.497701e-02
endloop
endfacet
facet normal 0 0 0
outer loop
vertex -8.847378e-02 8.022249e-01 9.497701e-02
vertex -8.847378e-02 8.023352e-01 9.516452e-02
vertex -8.847378e-02 8.027403e-01 9.497701e-02
endloop
endfacet
facet normal 0 0 0
outer loop
vertex -8.847378e-02 8.023352e-01 9.516452e-02
vertex -8.847378e-02 8.027102e-01 9.516452e-02
vertex -8.847378e-02 8.027403e-01 9.497701e-02
endloop
endfacet
facet normal 0 0 0
outer loop
vertex -8.847378e-02 8.022249e-01 9.497701e-02
vertex -8.847378e-02 8.027403e-01 9.497701e-02
vertex -8.535863e-02 8.032557e-01 9.497701e-02
endloop
endfacet
facet normal 0 0 0
outer loop
vertex -8.847378e-02 8.017102e-01 9.516452e-02
vertex -8.847378e-02 8.007102e-01 9.516452e-02
vertex -8.847378e-02 8.007102e-01 9.557701e-02
endloop
endfacet
facet normal 0 0 0
outer loop
vertex -8.847378e-02 8.007102e-01 9.557701e-02
vertex -8.847378e-02 8.023352e-01 9.516452e-02
vertex -8.847378e-02 8.017102e-01 9.516452e-02
endloop
endfacet
facet normal 0 0 0
outer loop
vertex -8.847378e-02 8.023352e-01 9.557701e-02
vertex -8.847378e-02 8.023352e-01 9.516452e-02
vertex -8.847378e-02 8.007102e-01 9.557701e-02
endloop
endfacet
facet normal 0 0 0
outer loop
vertex -8.847378e-02 7.997102e-01 9.516452e-02
vertex -8.847378e-02 7.987102e-01 9.516452e-02
vertex -8.847378e-02 7.987102e-01 9.557701e-02
endloop
endfacet
facet normal 0 0 0
outer loop
vertex -8.847378e-02 7.987102e-01 9.557701e-02
vertex -8.847378e-02 8.007102e-01 9.516452e-02
vertex -8.847378e-02 7.997102e-01 9.516452e-02
endloop
endfacet
facet normal 0 0 0
outer loop
vertex -8.847378e-02 8.007102e-01 9.557701e-02
vertex -8.847378e-02 8.007102e-01 9.516452e-02
vertex -8.847378e-02 7.987102e-01 9.557701e-02
endloop
endfacet
facet normal 0 0 0
outer loop
vertex -8.847378e-02 7.983352e-01 9.516452e-02
vertex -8.847378e-02 7.987102e-01 9.557701e-02
vertex -8.847378e-02 7.987102e-01 9.516452e-02
endloop
endfacet
facet normal 0 0 0
outer loop
vertex -8.847378e-02 8.047102e-01 9.497701e-02
vertex -8.847378e-02 8.027102e-01 9.516452e-02
vertex -8.847378e-02 8.023352e-01 9.557701e-02
endloop
endfacet
facet normal 0 0 0
outer loop
vertex -8.847378e-02 8.023352e-01 9.557701e-02
vertex -8.847378e-02 8.027102e-01 9.516452e-02
vertex -8.847378e-02 8.023352e-01 9.516452e-02
endloop
endfacet
facet normal 0 0 0
outer loop
vertex -8.847378e-02 7.967102e-01 9.516452e-02
vertex -8.847378e-02 7.947102e-01 9.497701e-02
vertex -8.847378e-02 7.967102e-01 9.557701e-02
endloop
endfacet
facet normal 0 0 0
outer loop
vertex -8.847378e-02 7.983352e-01 9.516452e-02
vertex -8.847378e-02 7.967102e-01 9.557701e-02
vertex -8.847378e-02 7.987102e-01 9.557701e-02
endloop
endfacet
facet normal 0 0 0
outer loop
vertex -8.847378e-02 7.967102e-01 9.516452e-02
vertex -8.847378e-02 7.967102e-01 9.557701e-02
vertex -8.847378e-02 7.977102e-01 9.516452e-02
endloop
endfacet
facet normal 0 0 0
outer loop
vertex -8.847378e-02 7.967102e-01 9.557701e-02
vertex -8.847378e-02 7.983352e-01 9.516452e-02
vertex -8.847378e-02 7.977102e-01 9.516452e-02
endloop
endfacet
facet normal 0 0 0
outer loop
vertex -8.380711e-02 7.987102e-01 9.497701e-02
vertex -8.225559e-02 7.961648e-01 9.497701e-02
vertex -8.594044e-02 7.967102e-01 9.497701e-02
endloop
endfacet
facet normal 0 0 0
outer loop
vertex -7.847378e-02 8.017102e-01 9.777701e-02
vertex -7.847378e-02 8.017102e-01 9.516452e-02
vertex -7.847378e-02 8.027102e-01 9.557701e-02
endloop
endfacet
facet normal 0 0 0
outer loop
vertex -8.167378e-02 8.007102e-01 9.497701e-02
vertex -8.012226e-02 8.001648e-01 9.497701e-02
vertex -8.012226e-02 7.981648e-01 9.497701e-02
endloop
endfacet
facet normal 0 0 0
outer loop
vertex -7.847378e-02 8.037102e-01 9.777701e-02
vertex -7.847378e-02 8.037102e-01 9.887701e-02
vertex -7.847378e-02 8.017102e-01 9.777701e-02
endloop
endfacet
facet normal 0 0 0
outer loop
vertex -8.652227e-02 7.981648e-01 9.497701e-02
vertex -8.438893e-02 8.001648e-01 9.497701e-02
vertex -8.380711e-02 7.987102e-01 9.497701e-02
endloop
endfacet
facet normal 0 0 0
outer loop
vertex -8.807378e-02 7.961648e-01 9.497701e-02
vertex -8.807378e-02 7.947102e-01 9.497701e-02
vertex -8.847378e-02 7.947102e-01 9.497701e-02
endloop
endfacet
facet normal 0 0 0
outer loop
vertex -7.847378e-02 8.021647e-01 9.497701e-02
vertex -7.954045e-02 8.021647e-01 9.497701e-02
vertex -7.847378e-02 8.025398e-01 9.497701e-02
endloop
endfacet
facet normal 0 0 0
outer loop
vertex -7.847378e-02 8.023352e-01 9.516452e-02
vertex -7.847378e-02 8.025398e-01 9.497701e-02
vertex -7.847378e-02 8.027102e-01 9.516452e-02
endloop
endfacet
facet normal 0 0 0
outer loop
vertex -7.847378e-02 7.947102e-01 9.497701e-02
vertex -8.012226e-02 7.961648e-01 9.497701e-02
vertex -7.876468e-02 7.967102e-01 9.497701e-02
endloop
endfacet
facet normal 0 0 0
outer loop
vertex -7.847378e-02 8.021647e-01 9.497701e-02
vertex -7.847378e-02 8.025398e-01 9.497701e-02
vertex -7.847378e-02 8.023352e-01 9.516452e-02
endloop
endfacet
facet normal 0 0 0
outer loop
vertex -8.438893e-02 8.001648e-01 9.497701e-02
vertex -8.167378e-02 8.007102e-01 9.497701e-02
vertex -8.380711e-02 7.987102e-01 9.497701e-02
endloop
endfacet
facet normal 0 0 0
outer loop
vertex -8.807378e-02 7.961648e-01 9.497701e-02
vertex -8.652227e-02 7.981648e-01 9.497701e-02
vertex -8.594044e-02 7.967102e-01 9.497701e-02
endloop
endfacet
facet normal 0 0 0
outer loop
vertex -7.847378e-02 8.047102e-01 9.497701e-02
vertex -7.954045e-02 8.021647e-01 9.497701e-02
vertex -8.167378e-02 8.032557e-01 9.497701e-02
endloop
endfacet
facet normal 0 0 0
outer loop
vertex -8.012226e-02 8.001648e-01 9.497701e-02
vertex -8.167378e-02 8.007102e-01 9.497701e-02
vertex -7.954045e-02 8.021647e-01 9.497701e-02
endloop
endfacet
facet normal 0 0 0
outer loop
vertex -8.380711e-02 7.987102e-01 9.497701e-02
vertex -8.167378e-02 8.007102e-01 9.497701e-02
vertex -8.012226e-02 7.981648e-01 9.497701e-02
endloop
endfacet
facet normal 0 0 0
outer loop
vertex -7.847378e-02 8.047102e-01 9.832701e-02
vertex -7.847378e-02 8.037102e-01 9.777701e-02
vertex -7.847378e-02 8.047102e-01 9.722701e-02
endloop
endfacet
facet normal 0 0 0
outer loop
vertex -8.847378e-02 7.903746e-01 9.497701e-02
vertex -8.843182e-02 7.903746e-01 9.497701e-02
vertex -8.847378e-02 7.903352e-01 9.497701e-02
endloop
endfacet
facet normal 0 0 0
outer loop
vertex -8.012226e-02 7.961648e-01 9.497701e-02
vertex -7.954045e-02 7.947102e-01 9.497701e-02
vertex -8.167378e-02 7.947102e-01 9.497701e-02
endloop
endfacet
facet normal 0 0 0
outer loop
vertex -7.847378e-02 8.037102e-01 9.887701e-02
vertex -7.847378e-02 8.037102e-01 9.777701e-02
vertex -7.847378e-02 8.047102e-01 9.832701e-02
endloop
endfacet
facet normal 0 0 0
outer loop
vertex -8.594044e-02 7.967102e-01 9.497701e-02
vertex -8.380711e-02 7.947102e-01 9.497701e-02
vertex -8.807378e-02 7.947102e-01 9.497701e-02
endloop
endfacet
facet normal 0 0 0
outer loop
vertex -8.225559e-02 7.901648e-01 9.497701e-02
vertex -8.438893e-02 7.881647e-01 9.497701e-02
vertex -8.380711e-02 7.901648e-01 9.497701e-02
endloop
endfacet
facet normal 0 0 0
outer loop
vertex -8.438893e-02 7.881647e-01 9.497701e-02
vertex -8.594044e-02 7.861648e-01 9.497701e-02
vertex -8.594044e-02 7.881647e-01 9.497701e-02
endloop
endfacet
facet normal 0 0 0
outer loop
vertex -8.847378e-02 7.923746e-01 9.497701e-02
vertex -8.847378e-02 7.923352e-01 9.497701e-02
vertex -8.847378e-02 7.923352e-01 9.516452e-02
endloop
endfacet
facet normal 0 0 0
outer loop
vertex -7.954045e-02 8.047102e-01 9.667701e-02
vertex -7.847378e-02 8.047102e-01 9.832701e-02
vertex -7.847378e-02 8.047102e-01 9.722701e-02
endloop
endfacet
facet normal 0 0 0
outer loop
vertex -8.594044e-02 7.932557e-01 1.049770e-01
vertex -8.594044e-02 7.947102e-01 1.049770e-01
vertex -8.807378e-02 7.927102e-01 1.049770e-01
endloop
endfacet
facet normal 0 0 0
outer loop
vertex -8.847378e-02 7.847102e-01 1.049770e-01
vertex -8.847378e-02 7.863352e-01 1.039645e-01
vertex -8.847378e-02 7.863352e-01 1.017645e-01
endloop
endfacet
facet normal 0 0 0
outer loop
vertex -8.847378e-02 7.883352e-01 1.021770e-01
vertex -8.847378e-02 7.887102e-01 9.997701e-02
vertex -8.847378e-02 7.863352e-01 1.017645e-01
endloop
endfacet
facet normal 0 0 0
outer loop
vertex -8.847378e-02 7.887102e-01 9.997701e-02
vertex -8.847378e-02 7.883352e-01 9.777701e-02
vertex -8.847378e-02 7.867102e-01 9.777701e-02
endloop
endfacet
facet normal 0 0 0
outer loop
vertex -8.847378e-02 7.847102e-01 9.497701e-02
vertex -8.829447e-02 7.847102e-01 9.754942e-02
vertex -8.847378e-02 7.847102e-01 9.757076e-02
endloop
endfacet
facet normal 0 0 0
outer loop
vertex -8.847378e-02 7.927102e-01 1.043770e-01
vertex -8.847378e-02 7.923352e-01 1.021770e-01
vertex -8.847378e-02 7.907102e-01 1.021770e-01
endloop
endfacet
facet normal 0 0 0
outer loop
vertex -8.847378e-02 7.863352e-01 9.956452e-02
vertex -8.847378e-02 7.863352e-01 1.017645e-01
vertex -8.847378e-02 7.887102e-01 9.997701e-02
endloop
endfacet
facet normal 0 0 0
outer loop
vertex -8.847378e-02 7.863352e-01 9.736452e-02
vertex -8.847378e-02 7.867102e-01 9.777701e-02
vertex -8.847378e-02 7.883352e-01 9.777701e-02
endloop
endfacet
facet normal 0 0 0
outer loop
vertex -8.847378e-02 7.887102e-01 9.997701e-02
vertex -8.847378e-02 7.903352e-01 9.997701e-02
vertex -8.847378e-02 7.883352e-01 9.777701e-02
endloop
endfacet
facet normal 0 0 0
outer loop
vertex -8.847378e-02 7.847102e-01 9.497701e-02
vertex -8.847378e-02 7.863352e-01 9.736452e-02
vertex -8.847378e-02 7.863352e-01 9.557701e-02
endloop
endfacet
facet normal 0 0 0
outer loop
vertex -8.847378e-02 7.907102e-01 1.021770e-01
vertex -8.847378e-02 7.923352e-01 1.021770e-01
vertex -8.847378e-02 7.903352e-01 9.997701e-02
endloop
endfacet
facet normal 0 0 0
outer loop
vertex -8.847378e-02 7.907102e-01 1.021770e-01
vertex -8.847378e-02 7.903352e-01 9.997701e-02
vertex -8.847378e-02 7.887102e-01 9.997701e-02
endloop
endfacet
facet normal 0 0 0
outer loop
vertex -8.847378e-02 7.927102e-01 1.043770e-01
vertex -8.847378e-02 7.947102e-01 1.049770e-01
vertex -8.847378e-02 7.947102e-01 1.043770e-01
endloop
endfacet
facet normal 0 0 0
outer loop
vertex -8.847378e-02 7.947102e-01 1.043770e-01
vertex -8.847378e-02 7.923352e-01 1.021770e-01
vertex -8.847378e-02 7.927102e-01 1.043770e-01
endloop
endfacet
facet normal 0 0 0
outer loop
vertex -8.322529e-02 7.932557e-01 1.049770e-01
vertex -8.167378e-02 7.927102e-01 1.049770e-01
vertex -8.167378e-02 7.947102e-01 1.049770e-01
endloop
endfacet
facet normal 0 0 0
outer loop
vertex -8.380711e-02 7.907102e-01 1.049770e-01
vertex -8.380711e-02 7.887102e-01 1.049770e-01
vertex -8.167378e-02 7.907102e-01 1.049770e-01
endloop
endfacet
facet normal 0 0 0
outer loop
vertex -8.847378e-02 7.903352e-01 1.043770e-01
vertex -8.847378e-02 7.927102e-01 1.043770e-01
vertex -8.847378e-02 7.907102e-01 1.021770e-01
endloop
endfacet
facet normal 0 0 0
outer loop
vertex -8.847378e-02 7.883352e-01 1.021770e-01
vertex -8.847378e-02 7.907102e-01 1.021770e-01
vertex -8.847378e-02 7.887102e-01 9.997701e-02
endloop
endfacet
facet normal 0 0 0
outer loop
vertex -8.322529e-02 7.912557e-01 1.049770e-01
vertex -8.167378e-02 7.927102e-01 1.049770e-01
vertex -8.322529e-02 7.932557e-01 1.049770e-01
endloop
endfacet
facet normal 0 0 0
outer loop
vertex -8.847378e-02 7.863352e-01 9.736452e-02
vertex -8.847378e-02 7.863352e-01 9.956452e-02
vertex -8.847378e-02 7.867102e-01 9.777701e-02
endloop
endfacet
facet normal 0 0 0
outer loop
vertex -8.847378e-02 7.863352e-01 9.956452e-02
vertex -8.847378e-02 7.887102e-01 9.997701e-02
vertex -8.847378e-02 7.867102e-01 9.777701e-02
endloop
endfacet
facet normal 0 0 0
outer loop
vertex -8.847378e-02 7.883352e-01 1.043770e-01
vertex -8.847378e-02 7.883352e-01 1.049770e-01
vertex -8.847378e-02 7.884611e-01 1.049770e-01
endloop
endfacet
facet normal 0 0 0
outer loop
vertex -8.820804e-02 7.887102e-01 1.049770e-01
vertex -8.847378e-02 7.884611e-01 1.049770e-01
vertex -8.820804e-02 7.885844e-01 1.049770e-01
endloop
endfacet
facet normal 0 0 0
outer loop
vertex -8.847378e-02 7.884611e-01 1.049770e-01
vertex -8.847378e-02 7.883352e-01 1.049770e-01
vertex -8.820804e-02 7.885844e-01 1.049770e-01
endloop
endfacet
facet normal 0 0 0
outer loop
vertex -8.274045e-02 8.047102e-01 9.667701e-02
vertex -8.274045e-02 8.047102e-01 9.887701e-02
vertex -7.954045e-02 8.047102e-01 9.667701e-02
endloop
endfacet
facet normal 0 0 0
outer loop
vertex -8.257202e-02 8.047102e-01 9.522964e-02
vertex -8.274045e-02 8.047102e-01 9.667701e-02
vertex -8.167378e-02 8.047102e-01 9.522964e-02
endloop
endfacet
facet normal 0 0 0
outer loop
vertex -8.322529e-02 8.032557e-01 9.497701e-02
vertex -8.351620e-02 8.047102e-01 9.497701e-02
vertex -8.274045e-02 8.047102e-01 9.497701e-02
endloop
endfacet
facet normal 0 0 0
outer loop
vertex -8.274045e-02 8.047102e-01 9.667701e-02
vertex -8.290887e-02 8.047102e-01 9.522964e-02
vertex -8.380711e-02 8.047102e-01 9.522964e-02
endloop
endfacet
facet normal 0 0 0
outer loop
vertex -8.351620e-02 8.047102e-01 9.497701e-02
vertex -8.380711e-02 8.047102e-01 9.522964e-02
vertex -8.274045e-02 8.047102e-01 9.497701e-02
endloop
endfacet
facet normal 0 0 0
outer loop
vertex -8.380711e-02 8.047102e-01 9.522964e-02
vertex -8.290887e-02 8.047102e-01 9.522964e-02
vertex -8.274045e-02 8.047102e-01 9.497701e-02
endloop
endfacet
facet normal 0 0 0
outer loop
vertex -8.257202e-02 8.047102e-01 9.522964e-02
vertex -8.244953e-02 8.047102e-01 9.497701e-02
vertex -8.290887e-02 8.047102e-01 9.522964e-02
endloop
endfacet
facet normal 0 0 0
outer loop
vertex -8.244953e-02 8.047102e-01 9.497701e-02
vertex -8.274045e-02 8.047102e-01 9.497701e-02
vertex -8.290887e-02 8.047102e-01 9.522964e-02
endloop
endfacet
facet normal 0 0 0
outer loop
vertex -8.274045e-02 8.047102e-01 9.667701e-02
vertex -8.257202e-02 8.047102e-01 9.522964e-02
vertex -8.290887e-02 8.047102e-01 9.522964e-02
endloop
endfacet
facet normal 0 0 0
outer loop
vertex -8.322529e-02 8.032557e-01 9.497701e-02
vertex -8.274045e-02 8.047102e-01 9.497701e-02
vertex -8.244953e-02 8.047102e-01 9.497701e-02
endloop
endfacet
facet normal 0 0 0
outer loop
vertex -7.847378e-02 8.047102e-01 9.497701e-02
vertex -8.167378e-02 8.047102e-01 9.522964e-02
vertex -8.274045e-02 8.047102e-01 9.667701e-02
endloop
endfacet
facet normal 0 0 0
outer loop
vertex -8.380711e-02 8.047102e-01 9.667701e-02
vertex -8.274045e-02 8.047102e-01 9.887701e-02
vertex -8.274045e-02 8.047102e-01 9.667701e-02
endloop
endfacet
facet normal 0 0 0
outer loop
vertex -8.829447e-02 8.047102e-01 9.876322e-02
vertex -8.594044e-02 8.047102e-01 9.777701e-02
vertex -8.829447e-02 8.047102e-01 9.777701e-02
endloop
endfacet
facet normal 0 0 0
outer loop
vertex -7.954045e-02 8.047102e-01 9.887701e-02
vertex -7.954045e-02 8.047102e-01 9.667701e-02
vertex -8.274045e-02 8.047102e-01 9.887701e-02
endloop
endfacet
facet normal 0 0 0
outer loop
vertex -8.458287e-02 8.047102e-01 9.497701e-02
vertex -8.351620e-02 8.047102e-01 9.497701e-02
vertex -8.535863e-02 8.032557e-01 9.497701e-02
endloop
endfacet
facet normal 0 0 0
outer loop
vertex -8.535863e-02 8.032557e-01 9.497701e-02
vertex -8.351620e-02 8.047102e-01 9.497701e-02
vertex -8.322529e-02 8.032557e-01 9.497701e-02
endloop
endfacet
facet normal 0 0 0
outer loop
vertex -8.458287e-02 8.047102e-01 9.497701e-02
vertex -8.470536e-02 8.047102e-01 9.522964e-02
vertex -8.351620e-02 8.047102e-01 9.497701e-02
endloop
endfacet
facet normal 0 0 0
outer loop
vertex -8.380711e-02 8.047102e-01 9.667701e-02
vertex -8.380711e-02 8.047102e-01 9.522964e-02
vertex -8.470536e-02 8.047102e-01 9.522964e-02
endloop
endfacet
facet normal 0 0 0
outer loop
vertex -8.470536e-02 8.047102e-01 9.522964e-02
vertex -8.380711e-02 8.047102e-01 9.522964e-02
vertex -8.351620e-02 8.047102e-01 9.497701e-02
endloop
endfacet
facet normal 0 0 0
outer loop
vertex -8.487378e-02 8.047102e-01 9.497701e-02
vertex -8.535863e-02 8.032557e-01 9.497701e-02
vertex -8.564954e-02 8.047102e-01 9.497701e-02
endloop
endfacet
facet normal 0 0 0
outer loop
vertex -8.829447e-02 8.047102e-01 9.997701e-02
vertex -8.700711e-02 8.047102e-01 9.997701e-02
vertex -8.829447e-02 8.047102e-01 9.876322e-02
endloop
endfacet
facet normal 0 0 0
outer loop
vertex -8.564954e-02 8.047102e-01 9.497701e-02
vertex -8.504220e-02 8.047102e-01 9.522964e-02
vertex -8.487378e-02 8.047102e-01 9.497701e-02
endloop
endfacet
facet normal 0 0 0
outer loop
vertex -8.594044e-02 8.047102e-01 9.522964e-02
vertex -8.504220e-02 8.047102e-01 9.522964e-02
vertex -8.564954e-02 8.047102e-01 9.497701e-02
endloop
endfacet
facet normal 0 0 0
outer loop
vertex -8.535863e-02 8.032557e-01 9.497701e-02
vertex -8.487378e-02 8.047102e-01 9.497701e-02
vertex -8.458287e-02 8.047102e-01 9.497701e-02
endloop
endfacet
facet normal 0 0 0
outer loop
vertex -8.470536e-02 8.047102e-01 9.522964e-02
vertex -8.458287e-02 8.047102e-01 9.497701e-02
vertex -8.504220e-02 8.047102e-01 9.522964e-02
endloop
endfacet
facet normal 0 0 0
outer loop
vertex -8.458287e-02 8.047102e-01 9.497701e-02
vertex -8.487378e-02 8.047102e-01 9.497701e-02
vertex -8.504220e-02 8.047102e-01 9.522964e-02
endloop
endfacet
facet normal 0 0 0
outer loop
vertex -8.380711e-02 8.047102e-01 9.667701e-02
vertex -8.470536e-02 8.047102e-01 9.522964e-02
vertex -8.504220e-02 8.047102e-01 9.522964e-02
endloop
endfacet
facet normal 0 0 0
outer loop
vertex -8.167378e-02 8.032557e-01 9.497701e-02
vertex -8.167378e-02 8.047102e-01 9.497701e-02
vertex -7.847378e-02 8.047102e-01 9.497701e-02
endloop
endfacet
facet normal 0 0 0
outer loop
vertex -7.847378e-02 8.047102e-01 9.497701e-02
vertex -8.167378e-02 8.047102e-01 9.497701e-02
vertex -8.167378e-02 8.047102e-01 9.522964e-02
endloop
endfacet
facet normal 0 0 0
outer loop
vertex -8.847378e-02 8.047102e-01 9.497701e-02
vertex -8.564954e-02 8.047102e-01 9.497701e-02
vertex -8.535863e-02 8.032557e-01 9.497701e-02
endloop
endfacet
facet normal 0 0 0
outer loop
vertex -8.847378e-02 8.047102e-01 9.497701e-02
vertex -8.594044e-02 8.047102e-01 9.522964e-02
vertex -8.564954e-02 8.047102e-01 9.497701e-02
endloop
endfacet
facet normal 0 0 0
outer loop
vertex -8.274045e-02 8.047102e-01 1.010770e-01
vertex -8.700711e-02 8.047102e-01 9.997701e-02
vertex -8.380711e-02 8.047102e-01 1.021770e-01
endloop
endfacet
facet normal 0 0 0
outer loop
vertex -8.829447e-02 8.047102e-01 1.021770e-01
vertex -8.847378e-02 8.047102e-01 1.049770e-01
vertex -8.700711e-02 8.047102e-01 1.021770e-01
endloop
endfacet
facet normal 0 0 0
outer loop
vertex -8.829447e-02 8.047102e-01 9.997701e-02
vertex -8.829447e-02 8.047102e-01 1.009632e-01
vertex -8.700711e-02 8.047102e-01 9.997701e-02
endloop
endfacet
facet normal 0 0 0
outer loop
vertex -8.594044e-02 7.847102e-01 1.021770e-01
vertex -8.700711e-02 7.847102e-01 9.997701e-02
vertex -8.380711e-02 7.847102e-01 1.021770e-01
endloop
endfacet
facet normal 0 0 0
outer loop
vertex -8.380711e-02 7.847102e-01 1.021770e-01
vertex -8.380711e-02 7.847102e-01 1.032770e-01
vertex -8.594044e-02 7.847102e-01 1.021770e-01
endloop
endfacet
facet normal 0 0 0
outer loop
vertex -8.847378e-02 7.863352e-01 1.017645e-01
vertex -8.847378e-02 7.847102e-01 1.019708e-01
vertex -8.847378e-02 7.847102e-01 1.049770e-01
endloop
endfacet
facet normal 0 0 0
outer loop
vertex -8.847378e-02 7.847102e-01 1.049770e-01
vertex -8.847378e-02 7.847102e-01 1.019708e-01
vertex -8.829447e-02 7.847102e-01 1.019494e-01
endloop
endfacet
facet normal 0 0 0
outer loop
vertex -8.847378e-02 7.847102e-01 1.019708e-01
vertex -8.847378e-02 7.863352e-01 1.017645e-01
vertex -8.847378e-02 7.847102e-01 1.017645e-01
endloop
endfacet
facet normal 0 0 0
outer loop
vertex -8.847378e-02 7.847102e-01 1.017645e-01
vertex -8.829447e-02 7.847102e-01 1.019494e-01
vertex -8.847378e-02 7.847102e-01 1.019708e-01
endloop
endfacet
facet normal 0 0 0
outer loop
vertex -8.829447e-02 7.847102e-01 1.019494e-01
vertex -8.594044e-02 7.847102e-01 1.021770e-01
vertex -8.847378e-02 7.847102e-01 1.049770e-01
endloop
endfacet
facet normal 0 0 0
outer loop
vertex -8.380711e-02 7.847102e-01 1.021770e-01
vertex -8.700711e-02 7.847102e-01 9.997701e-02
vertex -8.380711e-02 7.847102e-01 9.997701e-02
endloop
endfacet
facet normal 0 0 0
outer loop
vertex -8.829447e-02 7.847102e-01 1.009632e-01
vertex -8.700711e-02 7.847102e-01 9.997701e-02
vertex -8.829447e-02 7.847102e-01 1.019494e-01
endloop
endfacet
facet normal 0 0 0
outer loop
vertex -8.700711e-02 7.847102e-01 9.997701e-02
vertex -8.594044e-02 7.847102e-01 1.021770e-01
vertex -8.829447e-02 7.847102e-01 1.019494e-01
endloop
endfacet
facet normal 0 0 0
outer loop
vertex -8.829447e-02 7.847102e-01 9.754942e-02
vertex -8.594044e-02 7.847102e-01 9.777701e-02
vertex -8.829447e-02 7.847102e-01 9.876322e-02
endloop
endfacet
facet normal 0 0 0
outer loop
vertex -8.594044e-02 7.847102e-01 9.777701e-02
vertex -8.829447e-02 7.847102e-01 9.754942e-02
vertex -8.847378e-02 7.847102e-01 9.497701e-02
endloop
endfacet
facet normal 0 0 0
outer loop
vertex -8.516469e-02 7.847102e-01 1.049770e-01
vertex -8.504220e-02 7.847102e-01 1.047244e-01
vertex -8.487378e-02 7.847102e-01 1.049770e-01
endloop
endfacet
facet normal 0 0 0
outer loop
vertex -8.438893e-02 7.861648e-01 1.049770e-01
vertex -8.516469e-02 7.847102e-01 1.049770e-01
vertex -8.487378e-02 7.847102e-01 1.049770e-01
endloop
endfacet
facet normal 0 0 0
outer loop
vertex -8.380711e-02 7.847102e-01 9.667701e-02
vertex -8.274045e-02 7.847102e-01 9.887701e-02
vertex -8.594044e-02 7.847102e-01 9.777701e-02
endloop
endfacet
facet normal 0 0 0
outer loop
vertex -8.060711e-02 7.847102e-01 1.032770e-01
vertex -8.167378e-02 7.847102e-01 1.021770e-01
vertex -7.954045e-02 7.847102e-01 1.032770e-01
endloop
endfacet
facet normal 0 0 0
outer loop
vertex -8.060711e-02 7.847102e-01 1.032770e-01
vertex -7.954045e-02 7.847102e-01 1.032770e-01
vertex -7.847378e-02 7.847102e-01 1.049770e-01
endloop
endfacet
facet normal 0 0 0
outer loop
vertex -8.594044e-02 7.847102e-01 9.777701e-02
vertex -8.274045e-02 7.847102e-01 9.887701e-02
vertex -8.380711e-02 7.847102e-01 9.997701e-02
endloop
endfacet
facet normal 0 0 0
outer loop
vertex -8.274045e-02 7.847102e-01 9.887701e-02
vertex -7.954045e-02 7.847102e-01 9.997701e-02
vertex -8.274045e-02 7.847102e-01 1.010770e-01
endloop
endfacet
facet normal 0 0 0
outer loop
vertex -8.274045e-02 7.847102e-01 1.010770e-01
vertex -8.380711e-02 7.847102e-01 1.021770e-01
vertex -8.380711e-02 7.847102e-01 9.997701e-02
endloop
endfacet
facet normal 0 0 0
outer loop
vertex -8.167378e-02 7.847102e-01 1.021770e-01
vertex -8.380711e-02 7.847102e-01 1.021770e-01
vertex -8.274045e-02 7.847102e-01 1.010770e-01
endloop
endfacet
facet normal 0 0 0
outer loop
vertex -8.060711e-02 7.847102e-01 1.032770e-01
vertex -8.274045e-02 7.847102e-01 1.043770e-01
vertex -8.380711e-02 7.847102e-01 1.032770e-01
endloop
endfacet
facet normal 0 0 0
outer loop
vertex -8.380711e-02 7.847102e-01 1.032770e-01
vertex -8.167378e-02 7.847102e-01 1.021770e-01
vertex -8.060711e-02 7.847102e-01 1.032770e-01
endloop
endfacet
facet normal 0 0 0
outer loop
vertex -7.847378e-02 7.847102e-01 1.049770e-01
vertex -8.274045e-02 7.847102e-01 1.043770e-01
vertex -8.060711e-02 7.847102e-01 1.032770e-01
endloop
endfacet
facet normal 0 0 0
outer loop
vertex -8.380711e-02 7.847102e-01 9.997701e-02
vertex -8.700711e-02 7.847102e-01 9.997701e-02
vertex -8.594044e-02 7.847102e-01 9.777701e-02
endloop
endfacet
facet normal 0 0 0
outer loop
vertex -8.438893e-02 7.861648e-01 1.049770e-01
vertex -8.303136e-02 7.847102e-01 1.049770e-01
vertex -7.847378e-02 7.847102e-01 1.049770e-01
endloop
endfacet
facet normal 0 0 0
outer loop
vertex -7.847378e-02 7.847102e-01 1.049770e-01
vertex -8.303136e-02 7.847102e-01 1.049770e-01
vertex -8.324571e-02 7.847102e-01 1.047244e-01
endloop
endfacet
facet normal 0 0 0
outer loop
vertex -8.324571e-02 7.847102e-01 1.047244e-01
vertex -8.274045e-02 7.847102e-01 1.043770e-01
vertex -7.847378e-02 7.847102e-01 1.049770e-01
endloop
endfacet
facet normal 0 0 0
outer loop
vertex -8.303136e-02 7.847102e-01 1.049770e-01
vertex -8.438893e-02 7.861648e-01 1.049770e-01
vertex -8.380711e-02 7.847102e-01 1.049770e-01
endloop
endfacet
facet normal 0 0 0
outer loop
vertex -8.274045e-02 7.847102e-01 1.043770e-01
vertex -8.324571e-02 7.847102e-01 1.047244e-01
vertex -8.414395e-02 7.847102e-01 1.047244e-01
endloop
endfacet
facet normal 0 0 0
outer loop
vertex -8.303136e-02 7.847102e-01 1.049770e-01
vertex -8.414395e-02 7.847102e-01 1.047244e-01
vertex -8.324571e-02 7.847102e-01 1.047244e-01
endloop
endfacet
facet normal 0 0 0
outer loop
vertex -8.303136e-02 7.847102e-01 1.049770e-01
vertex -8.380711e-02 7.847102e-01 1.049770e-01
vertex -8.414395e-02 7.847102e-01 1.047244e-01
endloop
endfacet
facet normal 0 0 0
outer loop
vertex -8.380711e-02 7.847102e-01 1.049770e-01
vertex -8.438893e-02 7.861648e-01 1.049770e-01
vertex -8.409802e-02 7.847102e-01 1.049770e-01
endloop
endfacet
facet normal 0 0 0
outer loop
vertex -8.409802e-02 7.847102e-01 1.049770e-01
vertex -8.414395e-02 7.847102e-01 1.047244e-01
vertex -8.380711e-02 7.847102e-01 1.049770e-01
endloop
endfacet
facet normal 0 0 0
outer loop
vertex -8.167378e-02 7.847102e-01 1.021770e-01
vertex -7.847378e-02 7.847102e-01 1.010770e-01
vertex -7.954045e-02 7.847102e-01 1.032770e-01
endloop
endfacet
facet normal 0 0 0
outer loop
vertex -8.167378e-02 7.847102e-01 1.021770e-01
vertex -8.274045e-02 7.847102e-01 1.010770e-01
vertex -7.847378e-02 7.847102e-01 1.010770e-01
endloop
endfacet
facet normal 0 0 0
outer loop
vertex -8.847378e-02 7.847102e-01 1.017645e-01
vertex -8.847378e-02 7.863352e-01 1.017645e-01
vertex -8.847378e-02 7.847102e-01 1.008708e-01
endloop
endfacet
facet normal 0 0 0
outer loop
vertex -8.847378e-02 7.847102e-01 1.008708e-01
vertex -8.829447e-02 7.847102e-01 1.009632e-01
vertex -8.847378e-02 7.847102e-01 1.017645e-01
endloop
endfacet
facet normal 0 0 0
outer loop
vertex -8.829447e-02 7.847102e-01 1.009632e-01
vertex -8.829447e-02 7.847102e-01 1.019494e-01
vertex -8.847378e-02 7.847102e-01 1.017645e-01
endloop
endfacet
facet normal 0 0 0
outer loop
vertex -8.847378e-02 7.847102e-01 9.956452e-02
vertex -8.847378e-02 7.863352e-01 9.956452e-02
vertex -8.847378e-02 7.847102e-01 9.867076e-02
endloop
endfacet
facet normal 0 0 0
outer loop
vertex -8.847378e-02 7.847102e-01 9.956452e-02
vertex -8.829447e-02 7.847102e-01 9.876322e-02
vertex -8.829447e-02 7.847102e-01 9.974942e-02
endloop
endfacet
facet normal 0 0 0
outer loop
vertex -8.847378e-02 7.847102e-01 9.956452e-02
vertex -8.847378e-02 7.847102e-01 9.867076e-02
vertex -8.829447e-02 7.847102e-01 9.876322e-02
endloop
endfacet
facet normal 0 0 0
outer loop
vertex -8.847378e-02 7.847102e-01 9.956452e-02
vertex -8.829447e-02 7.847102e-01 9.974942e-02
vertex -8.847378e-02 7.847102e-01 9.977076e-02
endloop
endfacet
facet normal 0 0 0
outer loop
vertex -8.847378e-02 7.847102e-01 9.977076e-02
vertex -8.847378e-02 7.863352e-01 9.956452e-02
vertex -8.847378e-02 7.847102e-01 9.956452e-02
endloop
endfacet
facet normal 0 0 0
outer loop
vertex -8.847378e-02 7.847102e-01 9.977076e-02
vertex -8.847378e-02 7.847102e-01 1.008708e-01
vertex -8.847378e-02 7.863352e-01 9.956452e-02
endloop
endfacet
facet normal 0 0 0
outer loop
vertex -8.847378e-02 7.863352e-01 9.956452e-02
vertex -8.847378e-02 7.847102e-01 1.008708e-01
vertex -8.847378e-02 7.863352e-01 1.017645e-01
endloop
endfacet
facet normal 0 0 0
outer loop
vertex -8.829447e-02 7.847102e-01 9.974942e-02
vertex -8.829447e-02 7.847102e-01 1.009632e-01
vertex -8.847378e-02 7.847102e-01 9.977076e-02
endloop
endfacet
facet normal 0 0 0
outer loop
vertex -8.829447e-02 7.847102e-01 1.009632e-01
vertex -8.847378e-02 7.847102e-01 1.008708e-01
vertex -8.847378e-02 7.847102e-01 9.977076e-02
endloop
endfacet
facet normal 0 0 0
outer loop
vertex -8.820804e-02 7.885844e-01 1.049770e-01
vertex -8.749196e-02 7.887102e-01 1.049770e-01
vertex -8.820804e-02 7.887102e-01 1.049770e-01
endloop
endfacet
facet normal 0 0 0
outer loop
vertex -8.847378e-02 7.904611e-01 1.049770e-01
vertex -8.847378e-02 7.910066e-01 1.049770e-01
vertex -8.847378e-02 7.903352e-01 1.043770e-01
endloop
endfacet
facet normal 0 0 0
outer loop
vertex -8.820804e-02 7.912557e-01 1.049770e-01
vertex -8.847378e-02 7.904611e-01 1.049770e-01
vertex -8.820804e-02 7.907102e-01 1.049770e-01
endloop
endfacet
facet normal 0 0 0
outer loop
vertex -8.820804e-02 7.912557e-01 1.049770e-01
vertex -8.847378e-02 7.910066e-01 1.049770e-01
vertex -8.847378e-02 7.904611e-01 1.049770e-01
endloop
endfacet
facet normal 0 0 0
outer loop
vertex -8.820804e-02 7.912557e-01 1.049770e-01
vertex -8.820804e-02 7.907102e-01 1.049770e-01
vertex -8.594044e-02 7.907102e-01 1.049770e-01
endloop
endfacet
facet normal 0 0 0
outer loop
vertex -8.847378e-02 7.910066e-01 1.049770e-01
vertex -8.847378e-02 7.927102e-01 1.043770e-01
vertex -8.847378e-02 7.903352e-01 1.043770e-01
endloop
endfacet
facet normal 0 0 0
outer loop
vertex -8.847378e-02 7.910066e-01 1.049770e-01
vertex -8.847378e-02 7.925844e-01 1.049770e-01
vertex -8.847378e-02 7.927102e-01 1.043770e-01
endloop
endfacet
facet normal 0 0 0
outer loop
vertex -8.807378e-02 7.927102e-01 1.049770e-01
vertex -8.820804e-02 7.912557e-01 1.049770e-01
vertex -8.594044e-02 7.907102e-01 1.049770e-01
endloop
endfacet
facet normal 0 0 0
outer loop
vertex -8.847378e-02 7.925844e-01 1.049770e-01
vertex -8.847378e-02 7.910066e-01 1.049770e-01
vertex -8.820804e-02 7.912557e-01 1.049770e-01
endloop
endfacet
facet normal 0 0 0
outer loop
vertex -8.847378e-02 7.947102e-01 1.049770e-01
vertex -8.836469e-02 7.927102e-01 1.049770e-01
vertex -8.807378e-02 7.927102e-01 1.049770e-01
endloop
endfacet
facet normal 0 0 0
outer loop
vertex -8.847378e-02 7.925844e-01 1.049770e-01
vertex -8.820804e-02 7.912557e-01 1.049770e-01
vertex -8.807378e-02 7.927102e-01 1.049770e-01
endloop
endfacet
facet normal 0 0 0
outer loop
vertex -8.847378e-02 7.883352e-01 1.043770e-01
vertex -8.847378e-02 7.884611e-01 1.049770e-01
vertex -8.847378e-02 7.890065e-01 1.049770e-01
endloop
endfacet
facet normal 0 0 0
outer loop
vertex -8.820804e-02 7.887102e-01 1.049770e-01
vertex -8.749196e-02 7.887102e-01 1.049770e-01
vertex -8.820804e-02 7.892557e-01 1.049770e-01
endloop
endfacet
facet normal 0 0 0
outer loop
vertex -8.847378e-02 7.884611e-01 1.049770e-01
vertex -8.820804e-02 7.892557e-01 1.049770e-01
vertex -8.847378e-02 7.890065e-01 1.049770e-01
endloop
endfacet
facet normal 0 0 0
outer loop
vertex -8.820804e-02 7.887102e-01 1.049770e-01
vertex -8.820804e-02 7.892557e-01 1.049770e-01
vertex -8.847378e-02 7.884611e-01 1.049770e-01
endloop
endfacet
facet normal 0 0 0
outer loop
vertex -8.847378e-02 7.890065e-01 1.049770e-01
vertex -8.847378e-02 7.903352e-01 1.049770e-01
vertex -8.847378e-02 7.883352e-01 1.043770e-01
endloop
endfacet
facet normal 0 0 0
outer loop
vertex -8.847378e-02 7.883352e-01 1.043770e-01
vertex -8.847378e-02 7.903352e-01 1.049770e-01
vertex -8.847378e-02 7.903352e-01 1.043770e-01
endloop
endfacet
facet normal 0 0 0
outer loop
vertex -8.820804e-02 7.905843e-01 1.049770e-01
vertex -8.749196e-02 7.887102e-01 1.049770e-01
vertex -8.594044e-02 7.907102e-01 1.049770e-01
endloop
endfacet
facet normal 0 0 0
outer loop
vertex -8.820804e-02 7.905843e-01 1.049770e-01
vertex -8.820804e-02 7.892557e-01 1.049770e-01
vertex -8.749196e-02 7.887102e-01 1.049770e-01
endloop
endfacet
facet normal 0 0 0
outer loop
vertex -8.847378e-02 7.903352e-01 1.049770e-01
vertex -8.847378e-02 7.890065e-01 1.049770e-01
vertex -8.820804e-02 7.892557e-01 1.049770e-01
endloop
endfacet
facet normal 0 0 0
outer loop
vertex -8.847378e-02 7.903352e-01 1.049770e-01
vertex -8.820804e-02 7.892557e-01 1.049770e-01
vertex -8.820804e-02 7.905843e-01 1.049770e-01
endloop
endfacet
facet normal 0 0 0
outer loop
vertex -8.847378e-02 7.883352e-01 1.043770e-01
vertex -8.847378e-02 7.863352e-01 1.039645e-01
vertex -8.847378e-02 7.883352e-01 1.049770e-01
endloop
endfacet
facet normal 0 0 0
outer loop
vertex -8.847378e-02 7.863352e-01 1.039645e-01
vertex -8.847378e-02 7.872556e-01 1.049770e-01
vertex -8.847378e-02 7.883352e-01 1.049770e-01
endloop
endfacet
facet normal 0 0 0
outer loop
vertex -8.847378e-02 7.872556e-01 1.049770e-01
vertex -8.820804e-02 7.872556e-01 1.049770e-01
vertex -8.847378e-02 7.883352e-01 1.049770e-01
endloop
endfacet
facet normal 0 0 0
outer loop
vertex -8.749196e-02 7.887102e-01 1.049770e-01
vertex -8.820804e-02 7.885844e-01 1.049770e-01
vertex -8.820804e-02 7.872556e-01 1.049770e-01
endloop
endfacet
facet normal 0 0 0
outer loop
vertex -8.820804e-02 7.872556e-01 1.049770e-01
vertex -8.820804e-02 7.885844e-01 1.049770e-01
vertex -8.847378e-02 7.883352e-01 1.049770e-01
endloop
endfacet
facet normal 0 0 0
outer loop
vertex -8.652227e-02 7.861648e-01 1.049770e-01
vertex -8.380711e-02 7.887102e-01 1.049770e-01
vertex -8.594044e-02 7.887102e-01 1.049770e-01
endloop
endfacet
facet normal 0 0 0
outer loop
vertex -8.109196e-02 7.907102e-01 1.049770e-01
vertex -8.167378e-02 7.927102e-01 1.049770e-01
vertex -8.167378e-02 7.907102e-01 1.049770e-01
endloop
endfacet
facet normal 0 0 0
outer loop
vertex -8.652227e-02 7.861648e-01 1.049770e-01
vertex -8.438893e-02 7.861648e-01 1.049770e-01
vertex -8.380711e-02 7.887102e-01 1.049770e-01
endloop
endfacet
facet normal 0 0 0
outer loop
vertex -8.380711e-02 7.887102e-01 1.049770e-01
vertex -8.380711e-02 7.907102e-01 1.049770e-01
vertex -8.535863e-02 7.892557e-01 1.049770e-01
endloop
endfacet
facet normal 0 0 0
outer loop
vertex -8.652227e-02 7.861648e-01 1.049770e-01
vertex -8.749196e-02 7.887102e-01 1.049770e-01
vertex -8.847378e-02 7.847102e-01 1.049770e-01
endloop
endfacet
facet normal 0 0 0
outer loop
vertex -7.954045e-02 7.947102e-01 1.049770e-01
vertex -7.954045e-02 7.932557e-01 1.049770e-01
vertex -7.847378e-02 7.947102e-01 1.049770e-01
endloop
endfacet
facet normal 0 0 0
outer loop
vertex -8.167378e-02 7.927102e-01 1.049770e-01
vertex -7.954045e-02 7.932557e-01 1.049770e-01
vertex -7.954045e-02 7.947102e-01 1.049770e-01
endloop
endfacet
facet normal 0 0 0
outer loop
vertex -8.322529e-02 7.912557e-01 1.049770e-01
vertex -8.380711e-02 7.932557e-01 1.049770e-01
vertex -8.380711e-02 7.907102e-01 1.049770e-01
endloop
endfacet
facet normal 0 0 0
outer loop
vertex -8.594044e-02 7.907102e-01 1.049770e-01
vertex -8.594044e-02 7.887102e-01 1.049770e-01
vertex -8.535863e-02 7.892557e-01 1.049770e-01
endloop
endfacet
facet normal 0 0 0
outer loop
vertex -8.535863e-02 7.892557e-01 1.049770e-01
vertex -8.380711e-02 7.907102e-01 1.049770e-01
vertex -8.594044e-02 7.907102e-01 1.049770e-01
endloop
endfacet
facet normal 0 0 0
outer loop
vertex -8.749196e-02 7.887102e-01 1.049770e-01
vertex -8.652227e-02 7.861648e-01 1.049770e-01
vertex -8.594044e-02 7.887102e-01 1.049770e-01
endloop
endfacet
facet normal 0 0 0
outer loop
vertex -8.749196e-02 7.887102e-01 1.049770e-01
vertex -8.820804e-02 7.867102e-01 1.049770e-01
vertex -8.847378e-02 7.847102e-01 1.049770e-01
endloop
endfacet
facet normal 0 0 0
outer loop
vertex -8.847378e-02 7.863352e-01 1.039645e-01
vertex -8.847378e-02 7.865078e-01 1.049770e-01
vertex -8.847378e-02 7.872556e-01 1.049770e-01
endloop
endfacet
facet normal 0 0 0
outer loop
vertex -8.847378e-02 7.865078e-01 1.049770e-01
vertex -8.820804e-02 7.872556e-01 1.049770e-01
vertex -8.847378e-02 7.872556e-01 1.049770e-01
endloop
endfacet
facet normal 0 0 0
outer loop
vertex -8.820804e-02 7.867102e-01 1.049770e-01
vertex -8.820804e-02 7.872556e-01 1.049770e-01
vertex -8.847378e-02 7.865078e-01 1.049770e-01
endloop
endfacet
facet normal 0 0 0
outer loop
vertex -8.820804e-02 7.867102e-01 1.049770e-01
vertex -8.749196e-02 7.887102e-01 1.049770e-01
vertex -8.820804e-02 7.872556e-01 1.049770e-01
endloop
endfacet
facet normal 0 0 0
outer loop
vertex -8.847378e-02 7.925844e-01 1.049770e-01
vertex -8.807378e-02 7.927102e-01 1.049770e-01
vertex -8.836469e-02 7.927102e-01 1.049770e-01
endloop
endfacet
facet normal 0 0 0
outer loop
vertex -8.847378e-02 7.925844e-01 1.049770e-01
vertex -8.836469e-02 7.927102e-01 1.049770e-01
vertex -8.847378e-02 7.927102e-01 1.049770e-01
endloop
endfacet
facet normal 0 0 0
outer loop
vertex -8.847378e-02 7.927102e-01 1.043770e-01
vertex -8.847378e-02 7.925844e-01 1.049770e-01
vertex -8.847378e-02 7.927102e-01 1.049770e-01
endloop
endfacet
facet normal 0 0 0
outer loop
vertex -8.847378e-02 7.947102e-01 1.049770e-01
vertex -8.847378e-02 7.927102e-01 1.049770e-01
vertex -8.836469e-02 7.927102e-01 1.049770e-01
endloop
endfacet
facet normal 0 0 0
outer loop
vertex -8.847378e-02 7.927102e-01 1.049770e-01
vertex -8.847378e-02 7.947102e-01 1.049770e-01
vertex -8.847378e-02 7.927102e-01 1.043770e-01
endloop
endfacet
facet normal 0 0 0
outer loop
vertex -8.380711e-02 8.047102e-01 1.021770e-01
vertex -8.167378e-02 8.047102e-01 1.043770e-01
vertex -8.167378e-02 8.047102e-01 1.021770e-01
endloop
endfacet
facet normal 0 0 0
outer loop
vertex -8.700711e-02 8.047102e-01 1.021770e-01
vertex -8.700711e-02 8.047102e-01 9.997701e-02
vertex -8.829447e-02 8.047102e-01 1.021770e-01
endloop
endfacet
facet normal 0 0 0
outer loop
vertex -8.700711e-02 8.047102e-01 9.997701e-02
vertex -8.829447e-02 8.047102e-01 1.009632e-01
vertex -8.829447e-02 8.047102e-01 1.021770e-01
endloop
endfacet
facet normal 0 0 0
outer loop
vertex -8.847378e-02 8.030852e-01 9.777701e-02
vertex -8.847378e-02 8.047102e-01 9.956452e-02
vertex -8.847378e-02 8.047102e-01 9.867076e-02
endloop
endfacet
facet normal 0 0 0
outer loop
vertex -8.847378e-02 8.030852e-01 9.956452e-02
vertex -8.847378e-02 8.047102e-01 9.956452e-02
vertex -8.847378e-02 8.030852e-01 9.777701e-02
endloop
endfacet
facet normal 0 0 0
outer loop
vertex -8.847378e-02 8.047102e-01 9.956452e-02
vertex -8.829447e-02 8.047102e-01 9.997701e-02
vertex -8.829447e-02 8.047102e-01 9.876322e-02
endloop
endfacet
facet normal 0 0 0
outer loop
vertex -8.847378e-02 8.047102e-01 9.867076e-02
vertex -8.847378e-02 8.047102e-01 9.956452e-02
vertex -8.829447e-02 8.047102e-01 9.876322e-02
endloop
endfacet
facet normal 0 0 0
outer loop
vertex -8.847378e-02 8.030852e-01 9.777701e-02
vertex -8.847378e-02 8.047102e-01 9.777701e-02
vertex -8.847378e-02 8.047102e-01 9.497701e-02
endloop
endfacet
facet normal 0 0 0
outer loop
vertex -8.847378e-02 8.047102e-01 9.497701e-02
vertex -8.847378e-02 8.047102e-01 9.777701e-02
vertex -8.829447e-02 8.047102e-01 9.777701e-02
endloop
endfacet
facet normal 0 0 0
outer loop
vertex -8.847378e-02 8.047102e-01 9.777701e-02
vertex -8.847378e-02 8.030852e-01 9.777701e-02
vertex -8.847378e-02 8.047102e-01 9.867076e-02
endloop
endfacet
facet normal 0 0 0
outer loop
vertex -8.829447e-02 8.047102e-01 9.777701e-02
vertex -8.847378e-02 8.047102e-01 9.777701e-02
vertex -8.829447e-02 8.047102e-01 9.876322e-02
endloop
endfacet
facet normal 0 0 0
outer loop
vertex -8.847378e-02 8.047102e-01 9.777701e-02
vertex -8.847378e-02 8.047102e-01 9.867076e-02
vertex -8.829447e-02 8.047102e-01 9.876322e-02
endloop
endfacet
facet normal 0 0 0
outer loop
vertex -8.060711e-02 8.047102e-01 1.032770e-01
vertex -7.954045e-02 8.047102e-01 1.021770e-01
vertex -8.167378e-02 8.047102e-01 1.021770e-01
endloop
endfacet
facet normal 0 0 0
outer loop
vertex -8.274045e-02 8.047102e-01 1.010770e-01
vertex -7.954045e-02 8.047102e-01 9.887701e-02
vertex -8.274045e-02 8.047102e-01 9.887701e-02
endloop
endfacet
facet normal 0 0 0
outer loop
vertex -8.847378e-02 8.030852e-01 9.956452e-02
vertex -8.847378e-02 8.047102e-01 9.977076e-02
vertex -8.847378e-02 8.047102e-01 9.956452e-02
endloop
endfacet
facet normal 0 0 0
outer loop
vertex -8.847378e-02 8.047102e-01 9.956452e-02
vertex -8.847378e-02 8.047102e-01 9.977076e-02
vertex -8.829447e-02 8.047102e-01 9.997701e-02
endloop
endfacet
facet normal 0 0 0
outer loop
vertex -8.847378e-02 8.047102e-01 9.977076e-02
vertex -8.847378e-02 8.030852e-01 9.956452e-02
vertex -8.847378e-02 8.047102e-01 1.006645e-01
endloop
endfacet
facet normal 0 0 0
outer loop
vertex -8.829447e-02 8.047102e-01 9.997701e-02
vertex -8.847378e-02 8.047102e-01 9.977076e-02
vertex -8.829447e-02 8.047102e-01 1.009632e-01
endloop
endfacet
facet normal 0 0 0
outer loop
vertex -8.847378e-02 8.047102e-01 9.977076e-02
vertex -8.847378e-02 8.047102e-01 1.006645e-01
vertex -8.829447e-02 8.047102e-01 1.009632e-01
endloop
endfacet
facet normal 0 0 0
outer loop
vertex -8.847378e-02 8.047102e-01 1.019708e-01
vertex -8.847378e-02 8.047102e-01 1.006645e-01
vertex -8.847378e-02 8.030852e-01 1.021770e-01
endloop
endfacet
facet normal 0 0 0
outer loop
vertex -8.847378e-02 8.030852e-01 1.021770e-01
vertex -8.847378e-02 8.047102e-01 1.006645e-01
vertex -8.847378e-02 8.030852e-01 9.956452e-02
endloop
endfacet
facet normal 0 0 0
outer loop
vertex -8.829447e-02 8.047102e-01 1.009632e-01
vertex -8.847378e-02 8.047102e-01 1.006645e-01
vertex -8.847378e-02 8.047102e-01 1.019708e-01
endloop
endfacet
facet normal 0 0 0
outer loop
vertex -8.829447e-02 8.047102e-01 1.021770e-01
vertex -8.829447e-02 8.047102e-01 1.009632e-01
vertex -8.847378e-02 8.047102e-01 1.019708e-01
endloop
endfacet
facet normal 0 0 0
outer loop
vertex -8.847378e-02 8.047102e-01 1.021770e-01
vertex -8.829447e-02 8.047102e-01 1.021770e-01
vertex -8.847378e-02 8.047102e-01 1.019708e-01
endloop
endfacet
facet normal 0 0 0
outer loop
vertex -8.847378e-02 8.047102e-01 1.019708e-01
vertex -8.847378e-02 8.030852e-01 1.021770e-01
vertex -8.847378e-02 8.047102e-01 1.021770e-01
endloop
endfacet
facet normal 0 0 0
outer loop
vertex -8.847378e-02 8.047102e-01 1.021770e-01
vertex -8.847378e-02 8.047102e-01 1.049770e-01
vertex -8.829447e-02 8.047102e-01 1.021770e-01
endloop
endfacet
facet normal 0 0 0
outer loop
vertex -8.847378e-02 8.047102e-01 1.049770e-01
vertex -8.847378e-02 8.047102e-01 1.021770e-01
vertex -8.847378e-02 8.030852e-01 1.021770e-01
endloop
endfacet
facet normal 0 0 0
outer loop
vertex -7.954045e-02 8.047102e-01 1.021770e-01
vertex -7.954045e-02 8.047102e-01 9.887701e-02
vertex -8.274045e-02 8.047102e-01 1.010770e-01
endloop
endfacet
facet normal 0 0 0
outer loop
vertex -8.167378e-02 8.047102e-01 1.021770e-01
vertex -7.954045e-02 8.047102e-01 1.021770e-01
vertex -8.274045e-02 8.047102e-01 1.010770e-01
endloop
endfacet
facet normal 0 0 0
outer loop
vertex -8.380711e-02 8.047102e-01 9.667701e-02
vertex -8.594044e-02 8.047102e-01 9.777701e-02
vertex -8.274045e-02 8.047102e-01 9.887701e-02
endloop
endfacet
facet normal 0 0 0
outer loop
vertex -8.274045e-02 8.047102e-01 1.010770e-01
vertex -8.274045e-02 8.047102e-01 9.887701e-02
vertex -8.594044e-02 8.047102e-01 9.777701e-02
endloop
endfacet
facet normal 0 0 0
outer loop
vertex -8.594044e-02 8.047102e-01 9.522964e-02
vertex -8.594044e-02 8.047102e-01 9.777701e-02
vertex -8.504220e-02 8.047102e-01 9.522964e-02
endloop
endfacet
facet normal 0 0 0
outer loop
vertex -8.594044e-02 8.047102e-01 9.777701e-02
vertex -8.380711e-02 8.047102e-01 9.667701e-02
vertex -8.504220e-02 8.047102e-01 9.522964e-02
endloop
endfacet
facet normal 0 0 0
outer loop
vertex -8.594044e-02 8.047102e-01 9.522964e-02
vertex -8.847378e-02 8.047102e-01 9.497701e-02
vertex -8.594044e-02 8.047102e-01 9.777701e-02
endloop
endfacet
facet normal 0 0 0
outer loop
vertex -8.700711e-02 8.047102e-01 9.997701e-02
vertex -8.274045e-02 8.047102e-01 1.010770e-01
vertex -8.594044e-02 8.047102e-01 9.777701e-02
endloop
endfacet
facet normal 0 0 0
outer loop
vertex -8.060711e-02 8.047102e-01 1.032770e-01
vertex -8.167378e-02 8.047102e-01 1.021770e-01
vertex -8.167378e-02 8.047102e-01 1.043770e-01
endloop
endfacet
facet normal 0 0 0
outer loop
vertex -8.829447e-02 8.047102e-01 9.876322e-02
vertex -8.700711e-02 8.047102e-01 9.997701e-02
vertex -8.594044e-02 8.047102e-01 9.777701e-02
endloop
endfacet
facet normal 0 0 0
outer loop
vertex -8.167378e-02 8.047102e-01 1.043770e-01
vertex -7.847378e-02 8.047102e-01 1.049770e-01
vertex -8.060711e-02 8.047102e-01 1.032770e-01
endloop
endfacet
facet normal 0 0 0
outer loop
vertex -8.274045e-02 8.047102e-01 1.010770e-01
vertex -8.380711e-02 8.047102e-01 1.021770e-01
vertex -8.167378e-02 8.047102e-01 1.021770e-01
endloop
endfacet
facet normal 0 0 0
outer loop
vertex -6.945559e-02 7.861648e-01 1.049770e-01
vertex -7.100711e-02 7.861648e-01 1.049770e-01
vertex -6.847378e-02 7.847102e-01 1.049770e-01
endloop
endfacet
facet normal 0 0 0
outer loop
vertex -7.100711e-02 7.861648e-01 1.049770e-01
vertex -7.255863e-02 7.847102e-01 1.049770e-01
vertex -7.100711e-02 7.847102e-01 1.049770e-01
endloop
endfacet
facet normal 0 0 0
outer loop
vertex -7.420711e-02 7.847102e-01 1.032770e-01
vertex -7.100711e-02 7.847102e-01 1.049770e-01
vertex -7.255863e-02 7.847102e-01 1.049770e-01
endloop
endfacet
facet normal 0 0 0
outer loop
vertex -7.100711e-02 7.907102e-01 1.049770e-01
vertex -7.100711e-02 7.932557e-01 1.049770e-01
vertex -7.255863e-02 7.907102e-01 1.049770e-01
endloop
endfacet
facet normal 0 0 0
outer loop
vertex -6.847378e-02 7.847102e-01 1.049770e-01
vertex -7.100711e-02 7.861648e-01 1.049770e-01
vertex -7.100711e-02 7.847102e-01 1.049770e-01
endloop
endfacet
facet normal 0 0 0
outer loop
vertex -7.255863e-02 7.892557e-01 1.049770e-01
vertex -7.255863e-02 7.907102e-01 1.049770e-01
vertex -7.314044e-02 7.887102e-01 1.049770e-01
endloop
endfacet
facet normal 0 0 0
outer loop
vertex -7.255863e-02 7.907102e-01 1.049770e-01
vertex -7.527377e-02 7.907102e-01 1.049770e-01
vertex -7.314044e-02 7.887102e-01 1.049770e-01
endloop
endfacet
facet normal 0 0 0
outer loop
vertex -7.255863e-02 7.892557e-01 1.049770e-01
vertex -7.100711e-02 7.907102e-01 1.049770e-01
vertex -7.255863e-02 7.907102e-01 1.049770e-01
endloop
endfacet
facet normal 0 0 0
outer loop
vertex -7.527377e-02 7.907102e-01 1.049770e-01
vertex -7.740711e-02 7.887102e-01 1.049770e-01
vertex -7.527377e-02 7.872556e-01 1.049770e-01
endloop
endfacet
facet normal 0 0 0
outer loop
vertex -7.100711e-02 7.907102e-01 1.049770e-01
vertex -7.042529e-02 7.912557e-01 1.049770e-01
vertex -7.100711e-02 7.932557e-01 1.049770e-01
endloop
endfacet
facet normal 0 0 0
outer loop
vertex -7.469196e-02 7.872556e-01 1.049770e-01
vertex -7.469196e-02 7.887102e-01 1.049770e-01
vertex -7.527377e-02 7.872556e-01 1.049770e-01
endloop
endfacet
facet normal 0 0 0
outer loop
vertex -7.314044e-02 7.887102e-01 1.049770e-01
vertex -7.469196e-02 7.887102e-01 1.049770e-01
vertex -7.469196e-02 7.872556e-01 1.049770e-01
endloop
endfacet
facet normal 0 0 0
outer loop
vertex -7.527377e-02 7.872556e-01 1.049770e-01
vertex -7.682529e-02 7.867102e-01 1.049770e-01
vertex -7.527377e-02 7.861648e-01 1.049770e-01
endloop
endfacet
facet normal 0 0 0
outer loop
vertex -7.682529e-02 7.867102e-01 1.049770e-01
vertex -7.527377e-02 7.872556e-01 1.049770e-01
vertex -7.740711e-02 7.887102e-01 1.049770e-01
endloop
endfacet
facet normal 0 0 0
outer loop
vertex -7.847378e-02 7.847102e-01 1.049770e-01
vertex -7.527377e-02 7.861648e-01 1.049770e-01
vertex -7.682529e-02 7.867102e-01 1.049770e-01
endloop
endfacet
facet normal 0 0 0
outer loop
vertex -7.100711e-02 7.887102e-01 1.049770e-01
vertex -7.100711e-02 7.907102e-01 1.049770e-01
vertex -7.255863e-02 7.892557e-01 1.049770e-01
endloop
endfacet
facet normal 0 0 0
outer loop
vertex -7.314044e-02 7.861648e-01 1.049770e-01
vertex -7.314044e-02 7.887102e-01 1.049770e-01
vertex -7.469196e-02 7.872556e-01 1.049770e-01
endloop
endfacet
facet normal 0 0 0
outer loop
vertex -7.042529e-02 7.892557e-01 1.049770e-01
vertex -7.100711e-02 7.907102e-01 1.049770e-01
vertex -7.100711e-02 7.887102e-01 1.049770e-01
endloop
endfacet
facet normal 0 0 0
outer loop
vertex -7.100711e-02 7.907102e-01 1.049770e-01
vertex -7.042529e-02 7.892557e-01 1.049770e-01
vertex -7.042529e-02 7.912557e-01 1.049770e-01
endloop
endfacet
facet normal 0 0 0
outer loop
vertex -7.255863e-02 7.872556e-01 1.049770e-01
vertex -7.314044e-02 7.887102e-01 1.049770e-01
vertex -7.314044e-02 7.861648e-01 1.049770e-01
endloop
endfacet
facet normal 0 0 0
outer loop
vertex -7.314044e-02 7.887102e-01 1.049770e-01
vertex -7.255863e-02 7.872556e-01 1.049770e-01
vertex -7.255863e-02 7.892557e-01 1.049770e-01
endloop
endfacet
facet normal 0 0 0
outer loop
vertex -7.469196e-02 7.872556e-01 1.049770e-01
vertex -7.527377e-02 7.872556e-01 1.049770e-01
vertex -7.527377e-02 7.861648e-01 1.049770e-01
endloop
endfacet
facet normal 0 0 0
outer loop
vertex -7.469196e-02 7.872556e-01 1.049770e-01
vertex -7.527377e-02 7.861648e-01 1.049770e-01
vertex -7.314044e-02 7.861648e-01 1.049770e-01
endloop
endfacet
facet normal 0 0 0
outer loop
vertex -7.100711e-02 7.861648e-01 1.049770e-01
vertex -7.314044e-02 7.861648e-01 1.049770e-01
vertex -7.365762e-02 7.847102e-01 1.049770e-01
endloop
endfacet
facet normal 0 0 0
outer loop
vertex -7.314044e-02 7.861648e-01 1.049770e-01
vertex -7.527377e-02 7.861648e-01 1.049770e-01
vertex -7.475661e-02 7.847102e-01 1.049770e-01
endloop
endfacet
facet normal 0 0 0
outer loop
vertex -7.420711e-02 7.847102e-01 1.032770e-01
vertex -7.255863e-02 7.847102e-01 1.049770e-01
vertex -7.365762e-02 7.847102e-01 1.049770e-01
endloop
endfacet
facet normal 0 0 0
outer loop
vertex -7.255863e-02 7.847102e-01 1.049770e-01
vertex -7.100711e-02 7.861648e-01 1.049770e-01
vertex -7.365762e-02 7.847102e-01 1.049770e-01
endloop
endfacet
facet normal 0 0 0
outer loop
vertex -7.365762e-02 7.847102e-01 1.049770e-01
vertex -7.314044e-02 7.861648e-01 1.049770e-01
vertex -7.475661e-02 7.847102e-01 1.049770e-01
endloop
endfacet
facet normal 0 0 0
outer loop
vertex -7.420711e-02 7.847102e-01 1.032770e-01
vertex -7.365762e-02 7.847102e-01 1.049770e-01
vertex -7.475661e-02 7.847102e-01 1.049770e-01
endloop
endfacet
facet normal 0 0 0
outer loop
vertex -7.475661e-02 7.847102e-01 1.049770e-01
vertex -7.527377e-02 7.861648e-01 1.049770e-01
vertex -7.847378e-02 7.847102e-01 1.049770e-01
endloop
endfacet
facet normal 0 0 0
outer loop
vertex -7.475661e-02 7.847102e-01 1.049770e-01
vertex -7.847378e-02 7.847102e-01 1.049770e-01
vertex -7.420711e-02 7.847102e-01 1.032770e-01
endloop
endfacet
facet normal 0 0 0
outer loop
vertex -6.847378e-02 7.870852e-01 1.003895e-01
vertex -6.847378e-02 7.863352e-01 9.997701e-02
vertex -6.847378e-02 7.887102e-01 9.997701e-02
endloop
endfacet
facet normal 0 0 0
outer loop
vertex -6.847378e-02 7.947102e-01 9.777701e-02
vertex -6.847378e-02 7.947102e-01 9.497701e-02
vertex -6.994045e-02 7.947102e-01 9.777701e-02
endloop
endfacet
facet normal 0 0 0
outer loop
vertex -6.847378e-02 7.863352e-01 9.818951e-02
vertex -6.847378e-02 7.863352e-01 9.777701e-02
vertex -6.847378e-02 7.870852e-01 9.818951e-02
endloop
endfacet
facet normal 0 0 0
outer loop
vertex -7.314044e-02 7.847102e-01 9.887701e-02
vertex -7.420711e-02 7.847102e-01 9.667701e-02
vertex -7.100711e-02 7.847102e-01 9.667701e-02
endloop
endfacet
facet normal 0 0 0
outer loop
vertex -7.314044e-02 7.847102e-01 9.997701e-02
vertex -7.314044e-02 7.847102e-01 9.887701e-02
vertex -6.994045e-02 7.847102e-01 9.887701e-02
endloop
endfacet
facet normal 0 0 0
outer loop
vertex -7.420711e-02 7.847102e-01 1.032770e-01
vertex -7.420711e-02 7.847102e-01 1.021770e-01
vertex -7.100711e-02 7.847102e-01 1.021770e-01
endloop
endfacet
facet normal 0 0 0
outer loop
vertex -7.100711e-02 7.847102e-01 1.021770e-01
vertex -7.420711e-02 7.847102e-01 1.021770e-01
vertex -7.207378e-02 7.847102e-01 1.010770e-01
endloop
endfacet
facet normal 0 0 0
outer loop
vertex -7.420711e-02 7.847102e-01 1.021770e-01
vertex -7.527377e-02 7.847102e-01 1.010770e-01
vertex -7.207378e-02 7.847102e-01 1.010770e-01
endloop
endfacet
facet normal 0 0 0
outer loop
vertex -7.527377e-02 7.847102e-01 9.777701e-02
vertex -7.314044e-02 7.847102e-01 9.997701e-02
vertex -7.527377e-02 7.847102e-01 1.010770e-01
endloop
endfacet
facet normal 0 0 0
outer loop
vertex -7.527377e-02 7.847102e-01 1.010770e-01
vertex -7.314044e-02 7.847102e-01 9.997701e-02
vertex -7.207378e-02 7.847102e-01 1.010770e-01
endloop
endfacet
facet normal 0 0 0
outer loop
vertex -7.527377e-02 7.847102e-01 9.777701e-02
vertex -7.527377e-02 7.847102e-01 1.010770e-01
vertex -7.740711e-02 7.847102e-01 9.777701e-02
endloop
endfacet
facet normal 0 0 0
outer loop
vertex -7.527377e-02 7.847102e-01 9.777701e-02
vertex -7.740711e-02 7.847102e-01 9.777701e-02
vertex -7.847378e-02 7.847102e-01 9.497701e-02
endloop
endfacet
facet normal 0 0 0
outer loop
vertex -7.527377e-02 7.847102e-01 9.777701e-02
vertex -7.420711e-02 7.847102e-01 9.667701e-02
vertex -7.314044e-02 7.847102e-01 9.887701e-02
endloop
endfacet
facet normal 0 0 0
outer loop
vertex -7.527377e-02 7.847102e-01 9.777701e-02
vertex -7.314044e-02 7.847102e-01 9.887701e-02
vertex -7.314044e-02 7.847102e-01 9.997701e-02
endloop
endfacet
facet normal 0 0 0
outer loop
vertex -7.847378e-02 7.847102e-01 9.497701e-02
vertex -7.420711e-02 7.847102e-01 9.667701e-02
vertex -7.527377e-02 7.847102e-01 9.777701e-02
endloop
endfacet
facet normal 0 0 0
outer loop
vertex -7.207378e-02 7.847102e-01 1.010770e-01
vertex -7.314044e-02 7.847102e-01 9.997701e-02
vertex -6.994045e-02 7.847102e-01 9.887701e-02
endloop
endfacet
facet normal 0 0 0
outer loop
vertex -7.207378e-02 7.847102e-01 1.010770e-01
vertex -6.994045e-02 7.847102e-01 9.887701e-02
vertex -7.100711e-02 7.847102e-01 1.021770e-01
endloop
endfacet
facet normal 0 0 0
outer loop
vertex -7.100711e-02 7.847102e-01 1.021770e-01
vertex -7.100711e-02 7.847102e-01 1.049770e-01
vertex -7.420711e-02 7.847102e-01 1.032770e-01
endloop
endfacet
facet normal 0 0 0
outer loop
vertex -6.847378e-02 7.847102e-01 1.049770e-01
vertex -7.100711e-02 7.847102e-01 1.049770e-01
vertex -7.100711e-02 7.847102e-01 1.021770e-01
endloop
endfacet
facet normal 0 0 0
outer loop
vertex -8.847378e-02 7.923746e-01 9.497701e-02
vertex -8.843182e-02 7.923746e-01 9.497701e-02
vertex -8.847378e-02 7.923352e-01 9.497701e-02
endloop
endfacet
facet normal 0 0 0
outer loop
vertex -8.847378e-02 7.903746e-01 9.497701e-02
vertex -8.847378e-02 7.903352e-01 9.516452e-02
vertex -8.847378e-02 7.921647e-01 9.497701e-02
endloop
endfacet
facet normal 0 0 0
outer loop
vertex -8.847378e-02 7.921647e-01 9.497701e-02
vertex -8.847378e-02 7.903352e-01 9.516452e-02
vertex -8.847378e-02 7.923352e-01 9.516452e-02
endloop
endfacet
facet normal 0 0 0
outer loop
vertex -8.225559e-02 7.901648e-01 9.497701e-02
vertex -8.225559e-02 7.881647e-01 9.497701e-02
vertex -8.438893e-02 7.881647e-01 9.497701e-02
endloop
endfacet
facet normal 0 0 0
outer loop
vertex -8.843182e-02 7.921647e-01 9.497701e-02
vertex -8.807378e-02 7.921647e-01 9.497701e-02
vertex -8.843182e-02 7.903746e-01 9.497701e-02
endloop
endfacet
facet normal 0 0 0
outer loop
vertex -8.167378e-02 7.861648e-01 9.497701e-02
vertex -7.954045e-02 7.881647e-01 9.497701e-02
vertex -7.954045e-02 7.867102e-01 9.497701e-02
endloop
endfacet
facet normal 0 0 0
outer loop
vertex -7.847378e-02 7.847102e-01 9.497701e-02
vertex -8.167378e-02 7.861648e-01 9.497701e-02
vertex -7.954045e-02 7.867102e-01 9.497701e-02
endloop
endfacet
facet normal 0 0 0
outer loop
vertex -8.167378e-02 7.861648e-01 9.497701e-02
vertex -8.225559e-02 7.861648e-01 9.497701e-02
vertex -8.225559e-02 7.881647e-01 9.497701e-02
endloop
endfacet
facet normal 0 0 0
outer loop
vertex -8.225559e-02 7.881647e-01 9.497701e-02
vertex -7.954045e-02 7.881647e-01 9.497701e-02
vertex -8.167378e-02 7.861648e-01 9.497701e-02
endloop
endfacet
facet normal 0 0 0
outer loop
vertex -7.954045e-02 7.901648e-01 9.497701e-02
vertex -7.740711e-02 7.921647e-01 9.497701e-02
vertex -7.798893e-02 7.901648e-01 9.497701e-02
endloop
endfacet
facet normal 0 0 0
outer loop
vertex -7.798893e-02 7.901648e-01 9.497701e-02
vertex -7.954045e-02 7.881647e-01 9.497701e-02
vertex -7.954045e-02 7.901648e-01 9.497701e-02
endloop
endfacet
facet normal 0 0 0
outer loop
vertex -7.798893e-02 7.881647e-01 9.497701e-02
vertex -7.954045e-02 7.881647e-01 9.497701e-02
vertex -7.798893e-02 7.901648e-01 9.497701e-02
endloop
endfacet
facet normal 0 0 0
outer loop
vertex -7.954045e-02 7.921647e-01 9.497701e-02
vertex -7.740711e-02 7.921647e-01 9.497701e-02
vertex -7.954045e-02 7.901648e-01 9.497701e-02
endloop
endfacet
facet normal 0 0 0
outer loop
vertex -7.798893e-02 7.881647e-01 9.497701e-02
vertex -7.740711e-02 7.861648e-01 9.497701e-02
vertex -7.954045e-02 7.867102e-01 9.497701e-02
endloop
endfacet
facet normal 0 0 0
outer loop
vertex -7.954045e-02 7.881647e-01 9.497701e-02
vertex -7.798893e-02 7.881647e-01 9.497701e-02
vertex -7.954045e-02 7.867102e-01 9.497701e-02
endloop
endfacet
facet normal 0 0 0
outer loop
vertex -7.954045e-02 7.867102e-01 9.497701e-02
vertex -7.740711e-02 7.861648e-01 9.497701e-02
vertex -7.847378e-02 7.847102e-01 9.497701e-02
endloop
endfacet
facet normal 0 0 0
outer loop
vertex -8.219095e-02 7.847102e-01 9.497701e-02
vertex -7.847378e-02 7.847102e-01 9.497701e-02
vertex -8.274045e-02 7.847102e-01 9.667701e-02
endloop
endfacet
facet normal 0 0 0
outer loop
vertex -7.847378e-02 7.847102e-01 9.497701e-02
vertex -8.219095e-02 7.847102e-01 9.497701e-02
vertex -8.167378e-02 7.861648e-01 9.497701e-02
endloop
endfacet
facet normal 0 0 0
outer loop
vertex -8.274045e-02 7.847102e-01 9.667701e-02
vertex -8.328994e-02 7.847102e-01 9.497701e-02
vertex -8.219095e-02 7.847102e-01 9.497701e-02
endloop
endfacet
facet normal 0 0 0
outer loop
vertex -8.328994e-02 7.847102e-01 9.497701e-02
vertex -8.225559e-02 7.861648e-01 9.497701e-02
vertex -8.219095e-02 7.847102e-01 9.497701e-02
endloop
endfacet
facet normal 0 0 0
outer loop
vertex -8.225559e-02 7.861648e-01 9.497701e-02
vertex -8.167378e-02 7.861648e-01 9.497701e-02
vertex -8.219095e-02 7.847102e-01 9.497701e-02
endloop
endfacet
facet normal 0 0 0
outer loop
vertex -8.594044e-02 7.861648e-01 9.497701e-02
vertex -8.438893e-02 7.861648e-01 9.497701e-02
vertex -8.594044e-02 7.847102e-01 9.497701e-02
endloop
endfacet
facet normal 0 0 0
outer loop
vertex -8.380711e-02 7.847102e-01 9.667701e-02
vertex -8.490610e-02 7.847102e-01 9.497701e-02
vertex -8.380711e-02 7.847102e-01 9.497701e-02
endloop
endfacet
facet normal 0 0 0
outer loop
vertex -8.380711e-02 7.861648e-01 9.497701e-02
vertex -8.490610e-02 7.847102e-01 9.497701e-02
vertex -8.438893e-02 7.861648e-01 9.497701e-02
endloop
endfacet
facet normal 0 0 0
outer loop
vertex -8.380711e-02 7.847102e-01 9.497701e-02
vertex -8.490610e-02 7.847102e-01 9.497701e-02
vertex -8.380711e-02 7.861648e-01 9.497701e-02
endloop
endfacet
facet normal 0 0 0
outer loop
vertex -8.380711e-02 7.861648e-01 9.497701e-02
vertex -8.225559e-02 7.861648e-01 9.497701e-02
vertex -8.328994e-02 7.847102e-01 9.497701e-02
endloop
endfacet
facet normal 0 0 0
outer loop
vertex -8.274045e-02 7.847102e-01 9.667701e-02
vertex -8.380711e-02 7.847102e-01 9.667701e-02
vertex -8.328994e-02 7.847102e-01 9.497701e-02
endloop
endfacet
facet normal 0 0 0
outer loop
vertex -8.380711e-02 7.847102e-01 9.667701e-02
vertex -8.380711e-02 7.847102e-01 9.497701e-02
vertex -8.328994e-02 7.847102e-01 9.497701e-02
endloop
endfacet
facet normal 0 0 0
outer loop
vertex -8.380711e-02 7.847102e-01 9.497701e-02
vertex -8.380711e-02 7.861648e-01 9.497701e-02
vertex -8.328994e-02 7.847102e-01 9.497701e-02
endloop
endfacet
facet normal 0 0 0
outer loop
vertex -8.490610e-02 7.847102e-01 9.497701e-02
vertex -8.380711e-02 7.847102e-01 9.667701e-02
vertex -8.594044e-02 7.847102e-01 9.777701e-02
endloop
endfacet
facet normal 0 0 0
outer loop
vertex -8.594044e-02 7.847102e-01 9.497701e-02
vertex -8.490610e-02 7.847102e-01 9.497701e-02
vertex -8.594044e-02 7.847102e-01 9.777701e-02
endloop
endfacet
facet normal 0 0 0
outer loop
vertex -8.438893e-02 7.861648e-01 9.497701e-02
vertex -8.490610e-02 7.847102e-01 9.497701e-02
vertex -8.594044e-02 7.847102e-01 9.497701e-02
endloop
endfacet
facet normal 0 0 0
outer loop
vertex -8.847378e-02 7.847102e-01 9.497701e-02
vertex -8.594044e-02 7.847102e-01 9.497701e-02
vertex -8.594044e-02 7.847102e-01 9.777701e-02
endloop
endfacet
facet normal 0 0 0
outer loop
vertex -8.847378e-02 7.847102e-01 9.497701e-02
vertex -8.594044e-02 7.861648e-01 9.497701e-02
vertex -8.594044e-02 7.847102e-01 9.497701e-02
endloop
endfacet
facet normal 0 0 0
outer loop
vertex -8.847378e-02 7.903746e-01 9.497701e-02
vertex -8.847378e-02 7.921647e-01 9.497701e-02
vertex -8.843182e-02 7.903746e-01 9.497701e-02
endloop
endfacet
facet normal 0 0 0
outer loop
vertex -8.847378e-02 7.921647e-01 9.497701e-02
vertex -8.843182e-02 7.921647e-01 9.497701e-02
vertex -8.843182e-02 7.903746e-01 9.497701e-02
endloop
endfacet
facet normal 0 0 0
outer loop
vertex -8.847378e-02 7.923352e-01 9.497701e-02
vertex -8.847378e-02 7.921647e-01 9.497701e-02
vertex -8.847378e-02 7.923352e-01 9.516452e-02
endloop
endfacet
facet normal 0 0 0
outer loop
vertex -8.843182e-02 7.921647e-01 9.497701e-02
vertex -8.847378e-02 7.921647e-01 9.497701e-02
vertex -8.847378e-02 7.923352e-01 9.497701e-02
endloop
endfacet
facet normal 0 0 0
outer loop
vertex -8.843182e-02 7.923746e-01 9.497701e-02
vertex -8.807378e-02 7.921647e-01 9.497701e-02
vertex -8.843182e-02 7.921647e-01 9.497701e-02
endloop
endfacet
facet normal 0 0 0
outer loop
vertex -8.843182e-02 7.923746e-01 9.497701e-02
vertex -8.843182e-02 7.921647e-01 9.497701e-02
vertex -8.847378e-02 7.923352e-01 9.497701e-02
endloop
endfacet
facet normal 0 0 0
outer loop
vertex -8.847378e-02 7.923746e-01 9.497701e-02
vertex -8.847378e-02 7.923352e-01 9.516452e-02
vertex -8.847378e-02 7.947102e-01 9.497701e-02
endloop
endfacet
facet normal 0 0 0
outer loop
vertex -8.847378e-02 7.947102e-01 9.497701e-02
vertex -8.843182e-02 7.923746e-01 9.497701e-02
vertex -8.847378e-02 7.923746e-01 9.497701e-02
endloop
endfacet
facet normal 0 0 0
outer loop
vertex -8.847378e-02 7.903352e-01 9.497701e-02
vertex -8.847378e-02 7.901648e-01 9.497701e-02
vertex -8.847378e-02 7.903352e-01 9.516452e-02
endloop
endfacet
facet normal 0 0 0
outer loop
vertex -8.847378e-02 7.864375e-01 9.497701e-02
vertex -8.847378e-02 7.863352e-01 9.557701e-02
vertex -8.847378e-02 7.881647e-01 9.497701e-02
endloop
endfacet
facet normal 0 0 0
outer loop
vertex -8.847378e-02 7.863352e-01 9.557701e-02
vertex -8.847378e-02 7.883352e-01 9.516452e-02
vertex -8.847378e-02 7.881647e-01 9.497701e-02
endloop
endfacet
facet normal 0 0 0
outer loop
vertex -8.847378e-02 7.864375e-01 9.497701e-02
vertex -8.843182e-02 7.881647e-01 9.497701e-02
vertex -8.836469e-02 7.864375e-01 9.497701e-02
endloop
endfacet
facet normal 0 0 0
outer loop
vertex -8.847378e-02 7.864375e-01 9.497701e-02
vertex -8.847378e-02 7.881647e-01 9.497701e-02
vertex -8.843182e-02 7.881647e-01 9.497701e-02
endloop
endfacet
facet normal 0 0 0
outer loop
vertex -8.847378e-02 7.883745e-01 9.497701e-02
vertex -8.843182e-02 7.883745e-01 9.497701e-02
vertex -8.847378e-02 7.883352e-01 9.497701e-02
endloop
endfacet
facet normal 0 0 0
outer loop
vertex -8.847378e-02 7.883745e-01 9.497701e-02
vertex -8.847378e-02 7.883352e-01 9.497701e-02
vertex -8.847378e-02 7.883352e-01 9.516452e-02
endloop
endfacet
facet normal 0 0 0
outer loop
vertex -8.847378e-02 7.883745e-01 9.497701e-02
vertex -8.847378e-02 7.883352e-01 9.516452e-02
vertex -8.847378e-02 7.901648e-01 9.497701e-02
endloop
endfacet
facet normal 0 0 0
outer loop
vertex -8.847378e-02 7.883352e-01 9.516452e-02
vertex -8.847378e-02 7.903352e-01 9.516452e-02
vertex -8.847378e-02 7.901648e-01 9.497701e-02
endloop
endfacet
facet normal 0 0 0
outer loop
vertex -8.847378e-02 7.883745e-01 9.497701e-02
vertex -8.843182e-02 7.901648e-01 9.497701e-02
vertex -8.843182e-02 7.883745e-01 9.497701e-02
endloop
endfacet
facet normal 0 0 0
outer loop
vertex -8.847378e-02 7.883745e-01 9.497701e-02
vertex -8.847378e-02 7.901648e-01 9.497701e-02
vertex -8.843182e-02 7.901648e-01 9.497701e-02
endloop
endfacet
facet normal 0 0 0
outer loop
vertex -8.847378e-02 7.863352e-01 9.557701e-02
vertex -8.847378e-02 7.864375e-01 9.497701e-02
vertex -8.847378e-02 7.847102e-01 9.497701e-02
endloop
endfacet
facet normal 0 0 0
outer loop
vertex -8.847378e-02 7.847102e-01 9.497701e-02
vertex -8.847378e-02 7.864375e-01 9.497701e-02
vertex -8.836469e-02 7.864375e-01 9.497701e-02
endloop
endfacet
facet normal 0 0 0
outer loop
vertex -8.847378e-02 7.883352e-01 9.497701e-02
vertex -8.847378e-02 7.881647e-01 9.497701e-02
vertex -8.847378e-02 7.883352e-01 9.516452e-02
endloop
endfacet
facet normal 0 0 0
outer loop
vertex -8.843182e-02 7.881647e-01 9.497701e-02
vertex -8.847378e-02 7.881647e-01 9.497701e-02
vertex -8.847378e-02 7.883352e-01 9.497701e-02
endloop
endfacet
facet normal 0 0 0
outer loop
vertex -8.843182e-02 7.883745e-01 9.497701e-02
vertex -8.843182e-02 7.881647e-01 9.497701e-02
vertex -8.847378e-02 7.883352e-01 9.497701e-02
endloop
endfacet
facet normal 0 0 0
outer loop
vertex -8.807378e-02 7.867102e-01 9.497701e-02
vertex -8.594044e-02 7.861648e-01 9.497701e-02
vertex -8.847378e-02 7.847102e-01 9.497701e-02
endloop
endfacet
facet normal 0 0 0
outer loop
vertex -8.380711e-02 7.947102e-01 9.497701e-02
vertex -8.225559e-02 7.961648e-01 9.497701e-02
vertex -8.167378e-02 7.947102e-01 9.497701e-02
endloop
endfacet
facet normal 0 0 0
outer loop
vertex -8.807378e-02 7.921647e-01 9.497701e-02
vertex -8.807378e-02 7.947102e-01 9.497701e-02
vertex -8.380711e-02 7.947102e-01 9.497701e-02
endloop
endfacet
facet normal 0 0 0
outer loop
vertex -8.380711e-02 7.947102e-01 9.497701e-02
vertex -8.438893e-02 7.921647e-01 9.497701e-02
vertex -8.807378e-02 7.921647e-01 9.497701e-02
endloop
endfacet
facet normal 0 0 0
outer loop
vertex -8.807378e-02 7.947102e-01 9.497701e-02
vertex -8.807378e-02 7.921647e-01 9.497701e-02
vertex -8.843182e-02 7.923746e-01 9.497701e-02
endloop
endfacet
facet normal 0 0 0
outer loop
vertex -8.167378e-02 7.947102e-01 9.497701e-02
vertex -8.225559e-02 7.921647e-01 9.497701e-02
vertex -8.438893e-02 7.921647e-01 9.497701e-02
endloop
endfacet
facet normal 0 0 0
outer loop
vertex -8.438893e-02 7.921647e-01 9.497701e-02
vertex -8.380711e-02 7.947102e-01 9.497701e-02
vertex -8.167378e-02 7.947102e-01 9.497701e-02
endloop
endfacet
facet normal 0 0 0
outer loop
vertex -8.652227e-02 7.881647e-01 9.497701e-02
vertex -8.594044e-02 7.881647e-01 9.497701e-02
vertex -8.594044e-02 7.861648e-01 9.497701e-02
endloop
endfacet
facet normal 0 0 0
outer loop
vertex -8.225559e-02 7.901648e-01 9.497701e-02
vertex -8.380711e-02 7.901648e-01 9.497701e-02
vertex -8.225559e-02 7.921647e-01 9.497701e-02
endloop
endfacet
facet normal 0 0 0
outer loop
vertex -8.167378e-02 7.947102e-01 9.497701e-02
vertex -7.954045e-02 7.921647e-01 9.497701e-02
vertex -8.225559e-02 7.921647e-01 9.497701e-02
endloop
endfacet
facet normal 0 0 0
outer loop
vertex -7.954045e-02 7.947102e-01 9.497701e-02
vertex -7.954045e-02 7.921647e-01 9.497701e-02
vertex -8.167378e-02 7.947102e-01 9.497701e-02
endloop
endfacet
facet normal 0 0 0
outer loop
vertex -7.954045e-02 7.921647e-01 9.497701e-02
vertex -7.954045e-02 7.947102e-01 9.497701e-02
vertex -7.847378e-02 7.947102e-01 9.497701e-02
endloop
endfacet
facet normal 0 0 0
outer loop
vertex -8.652227e-02 7.901648e-01 9.497701e-02
vertex -8.380711e-02 7.901648e-01 9.497701e-02
vertex -8.594044e-02 7.881647e-01 9.497701e-02
endloop
endfacet
facet normal 0 0 0
outer loop
vertex -8.594044e-02 7.881647e-01 9.497701e-02
vertex -8.652227e-02 7.881647e-01 9.497701e-02
vertex -8.652227e-02 7.901648e-01 9.497701e-02
endloop
endfacet
facet normal 0 0 0
outer loop
vertex -8.843182e-02 7.883745e-01 9.497701e-02
vertex -8.652227e-02 7.881647e-01 9.497701e-02
vertex -8.843182e-02 7.881647e-01 9.497701e-02
endloop
endfacet
facet normal 0 0 0
outer loop
vertex -8.438893e-02 7.921647e-01 9.497701e-02
vertex -8.225559e-02 7.921647e-01 9.497701e-02
vertex -8.380711e-02 7.901648e-01 9.497701e-02
endloop
endfacet
facet normal 0 0 0
outer loop
vertex -8.843182e-02 7.881647e-01 9.497701e-02
vertex -8.652227e-02 7.881647e-01 9.497701e-02
vertex -8.807378e-02 7.867102e-01 9.497701e-02
endloop
endfacet
facet normal 0 0 0
outer loop
vertex -8.652227e-02 7.881647e-01 9.497701e-02
vertex -8.594044e-02 7.861648e-01 9.497701e-02
vertex -8.807378e-02 7.867102e-01 9.497701e-02
endloop
endfacet
facet normal 0 0 0
outer loop
vertex -8.807378e-02 7.867102e-01 9.497701e-02
vertex -8.836469e-02 7.864375e-01 9.497701e-02
vertex -8.843182e-02 7.881647e-01 9.497701e-02
endloop
endfacet
facet normal 0 0 0
outer loop
vertex -8.847378e-02 7.847102e-01 9.497701e-02
vertex -8.836469e-02 7.864375e-01 9.497701e-02
vertex -8.807378e-02 7.867102e-01 9.497701e-02
endloop
endfacet
facet normal 0 0 0
outer loop
vertex -7.420711e-02 7.947102e-01 9.777701e-02
vertex -7.100711e-02 7.947102e-01 9.887701e-02
vertex -7.100711e-02 7.947102e-01 9.777701e-02
endloop
endfacet
facet normal 0 0 0
outer loop
vertex -7.314044e-02 7.947102e-01 9.997701e-02
vertex -7.100711e-02 7.947102e-01 9.887701e-02
vertex -7.420711e-02 7.947102e-01 9.777701e-02
endloop
endfacet
facet normal 0 0 0
outer loop
vertex -7.403869e-02 7.947102e-01 9.522964e-02
vertex -7.391620e-02 7.947102e-01 9.497701e-02
vertex -7.437553e-02 7.947102e-01 9.522964e-02
endloop
endfacet
facet normal 0 0 0
outer loop
vertex -7.391620e-02 7.947102e-01 9.497701e-02
vertex -7.420711e-02 7.947102e-01 9.497701e-02
vertex -7.437553e-02 7.947102e-01 9.522964e-02
endloop
endfacet
facet normal 0 0 0
outer loop
vertex -7.100711e-02 7.947102e-01 9.777701e-02
vertex -6.847378e-02 7.947102e-01 9.497701e-02
vertex -7.100711e-02 7.947102e-01 9.522964e-02
endloop
endfacet
facet normal 0 0 0
outer loop
vertex -7.420711e-02 7.947102e-01 9.777701e-02
vertex -7.403869e-02 7.947102e-01 9.522964e-02
vertex -7.437553e-02 7.947102e-01 9.522964e-02
endloop
endfacet
facet normal 0 0 0
outer loop
vertex -7.100711e-02 7.932557e-01 9.497701e-02
vertex -7.129802e-02 7.947102e-01 9.497701e-02
vertex -7.100711e-02 7.947102e-01 9.497701e-02
endloop
endfacet
facet normal 0 0 0
outer loop
vertex -7.190536e-02 7.947102e-01 9.522964e-02
vertex -7.100711e-02 7.947102e-01 9.497701e-02
vertex -7.224220e-02 7.947102e-01 9.522964e-02
endloop
endfacet
facet normal 0 0 0
outer loop
vertex -7.100711e-02 7.947102e-01 9.497701e-02
vertex -7.129802e-02 7.947102e-01 9.497701e-02
vertex -7.224220e-02 7.947102e-01 9.522964e-02
endloop
endfacet
facet normal 0 0 0
outer loop
vertex -7.224220e-02 7.947102e-01 9.522964e-02
vertex -7.420711e-02 7.947102e-01 9.777701e-02
vertex -7.190536e-02 7.947102e-01 9.522964e-02
endloop
endfacet
facet normal 0 0 0
outer loop
vertex -7.100711e-02 7.947102e-01 9.522964e-02
vertex -7.420711e-02 7.947102e-01 9.777701e-02
vertex -7.100711e-02 7.947102e-01 9.777701e-02
endloop
endfacet
facet normal 0 0 0
outer loop
vertex -7.100711e-02 7.947102e-01 9.522964e-02
vertex -7.100711e-02 7.947102e-01 9.497701e-02
vertex -7.190536e-02 7.947102e-01 9.522964e-02
endloop
endfacet
facet normal 0 0 0
outer loop
vertex -7.190536e-02 7.947102e-01 9.522964e-02
vertex -7.420711e-02 7.947102e-01 9.777701e-02
vertex -7.100711e-02 7.947102e-01 9.522964e-02
endloop
endfacet
facet normal 0 0 0
outer loop
vertex -7.391620e-02 7.947102e-01 9.497701e-02
vertex -7.207378e-02 7.947102e-01 9.497701e-02
vertex -7.469196e-02 7.932557e-01 9.497701e-02
endloop
endfacet
facet normal 0 0 0
outer loop
vertex -7.469196e-02 7.932557e-01 9.497701e-02
vertex -7.207378e-02 7.947102e-01 9.497701e-02
vertex -7.100711e-02 7.932557e-01 9.497701e-02
endloop
endfacet
facet normal 0 0 0
outer loop
vertex -7.391620e-02 7.947102e-01 9.497701e-02
vertex -7.403869e-02 7.947102e-01 9.522964e-02
vertex -7.207378e-02 7.947102e-01 9.497701e-02
endloop
endfacet
facet normal 0 0 0
outer loop
vertex -7.420711e-02 7.947102e-01 9.777701e-02
vertex -7.314044e-02 7.947102e-01 9.522964e-02
vertex -7.403869e-02 7.947102e-01 9.522964e-02
endloop
endfacet
facet normal 0 0 0
outer loop
vertex -7.403869e-02 7.947102e-01 9.522964e-02
vertex -7.314044e-02 7.947102e-01 9.522964e-02
vertex -7.207378e-02 7.947102e-01 9.497701e-02
endloop
endfacet
facet normal 0 0 0
outer loop
vertex -7.314044e-02 7.947102e-01 1.021770e-01
vertex -7.634044e-02 7.947102e-01 1.010770e-01
vertex -7.420711e-02 7.947102e-01 1.032770e-01
endloop
endfacet
facet normal 0 0 0
outer loop
vertex -6.847378e-02 7.890852e-01 1.003895e-01
vertex -6.847378e-02 7.907102e-01 9.997701e-02
vertex -6.847378e-02 7.907102e-01 1.021770e-01
endloop
endfacet
facet normal 0 0 0
outer loop
vertex -6.847378e-02 7.947102e-01 9.878535e-02
vertex -6.847378e-02 7.930852e-01 9.818951e-02
vertex -6.847378e-02 7.947102e-01 9.777701e-02
endloop
endfacet
facet normal 0 0 0
outer loop
vertex -6.847378e-02 7.930852e-01 9.818951e-02
vertex -6.847378e-02 7.930852e-01 9.777701e-02
vertex -6.847378e-02 7.947102e-01 9.777701e-02
endloop
endfacet
facet normal 0 0 0
outer loop
vertex -7.100711e-02 7.932557e-01 9.497701e-02
vertex -7.100711e-02 7.947102e-01 9.497701e-02
vertex -6.847378e-02 7.947102e-01 9.497701e-02
endloop
endfacet
facet normal 0 0 0
outer loop
vertex -7.469196e-02 7.932557e-01 9.497701e-02
vertex -7.498287e-02 7.947102e-01 9.497701e-02
vertex -7.420711e-02 7.947102e-01 9.497701e-02
endloop
endfacet
facet normal 0 0 0
outer loop
vertex -7.420711e-02 7.947102e-01 9.777701e-02
vertex -7.437553e-02 7.947102e-01 9.522964e-02
vertex -7.634044e-02 7.947102e-01 9.667701e-02
endloop
endfacet
facet normal 0 0 0
outer loop
vertex -7.634044e-02 7.947102e-01 9.667701e-02
vertex -7.437553e-02 7.947102e-01 9.522964e-02
vertex -7.527377e-02 7.947102e-01 9.522964e-02
endloop
endfacet
facet normal 0 0 0
outer loop
vertex -7.498287e-02 7.947102e-01 9.497701e-02
vertex -7.527377e-02 7.947102e-01 9.522964e-02
vertex -7.420711e-02 7.947102e-01 9.497701e-02
endloop
endfacet
facet normal 0 0 0
outer loop
vertex -7.527377e-02 7.947102e-01 9.522964e-02
vertex -7.437553e-02 7.947102e-01 9.522964e-02
vertex -7.420711e-02 7.947102e-01 9.497701e-02
endloop
endfacet
facet normal 0 0 0
outer loop
vertex -7.100711e-02 7.932557e-01 9.497701e-02
vertex -7.207378e-02 7.947102e-01 9.497701e-02
vertex -7.129802e-02 7.947102e-01 9.497701e-02
endloop
endfacet
facet normal 0 0 0
outer loop
vertex -7.420711e-02 7.947102e-01 9.777701e-02
vertex -7.224220e-02 7.947102e-01 9.522964e-02
vertex -7.314044e-02 7.947102e-01 9.522964e-02
endloop
endfacet
facet normal 0 0 0
outer loop
vertex -7.207378e-02 7.947102e-01 9.497701e-02
vertex -7.314044e-02 7.947102e-01 9.522964e-02
vertex -7.129802e-02 7.947102e-01 9.497701e-02
endloop
endfacet
facet normal 0 0 0
outer loop
vertex -7.314044e-02 7.947102e-01 9.522964e-02
vertex -7.224220e-02 7.947102e-01 9.522964e-02
vertex -7.129802e-02 7.947102e-01 9.497701e-02
endloop
endfacet
facet normal 0 0 0
outer loop
vertex -7.847378e-02 7.947102e-01 9.497701e-02
vertex -7.498287e-02 7.947102e-01 9.497701e-02
vertex -7.469196e-02 7.932557e-01 9.497701e-02
endloop
endfacet
facet normal 0 0 0
outer loop
vertex -7.847378e-02 7.947102e-01 9.497701e-02
vertex -7.527377e-02 7.947102e-01 9.522964e-02
vertex -7.498287e-02 7.947102e-01 9.497701e-02
endloop
endfacet
facet normal 0 0 0
outer loop
vertex -7.527377e-02 7.947102e-01 9.522964e-02
vertex -7.847378e-02 7.947102e-01 9.497701e-02
vertex -7.634044e-02 7.947102e-01 9.667701e-02
endloop
endfacet
facet normal 0 0 0
outer loop
vertex -6.847378e-02 7.907102e-01 1.021770e-01
vertex -6.847378e-02 7.887102e-01 1.021770e-01
vertex -6.847378e-02 7.890852e-01 1.003895e-01
endloop
endfacet
facet normal 0 0 0
outer loop
vertex -6.847378e-02 7.890852e-01 1.003895e-01
vertex -6.847378e-02 7.887102e-01 1.021770e-01
vertex -6.847378e-02 7.887102e-01 9.997701e-02
endloop
endfacet
facet normal 0 0 0
outer loop
vertex -6.847378e-02 7.910852e-01 1.025895e-01
vertex -6.847378e-02 7.910852e-01 1.043770e-01
vertex -6.847378e-02 7.907102e-01 1.021770e-01
endloop
endfacet
facet normal 0 0 0
outer loop
vertex -6.994045e-02 7.947102e-01 9.777701e-02
vertex -6.847378e-02 7.947102e-01 9.878535e-02
vertex -6.847378e-02 7.947102e-01 9.777701e-02
endloop
endfacet
facet normal 0 0 0
outer loop
vertex -6.847378e-02 7.870852e-01 1.003895e-01
vertex -6.847378e-02 7.863352e-01 1.021770e-01
vertex -6.847378e-02 7.863352e-01 1.003895e-01
endloop
endfacet
facet normal 0 0 0
outer loop
vertex -6.847378e-02 7.887102e-01 9.997701e-02
vertex -6.847378e-02 7.887102e-01 1.021770e-01
vertex -6.847378e-02 7.870852e-01 1.003895e-01
endloop
endfacet
facet normal 0 0 0
outer loop
vertex -6.847378e-02 7.887102e-01 1.021770e-01
vertex -6.847378e-02 7.863352e-01 1.021770e-01
vertex -6.847378e-02 7.870852e-01 1.003895e-01
endloop
endfacet
facet normal 0 0 0
outer loop
vertex -6.847378e-02 7.847102e-01 9.497701e-02
vertex -6.847378e-02 7.847102e-01 9.837285e-02
vertex -6.994045e-02 7.847102e-01 9.887701e-02
endloop
endfacet
facet normal 0 0 0
outer loop
vertex -6.847378e-02 7.847102e-01 9.497701e-02
vertex -6.847378e-02 7.863352e-01 9.777701e-02
vertex -6.847378e-02 7.847102e-01 9.837285e-02
endloop
endfacet
facet normal 0 0 0
outer loop
vertex -6.847378e-02 7.910852e-01 1.043770e-01
vertex -6.847378e-02 7.910852e-01 1.025895e-01
vertex -6.847378e-02 7.927102e-01 1.043770e-01
endloop
endfacet
facet normal 0 0 0
outer loop
vertex -6.847378e-02 7.921647e-01 9.497701e-02
vertex -6.847378e-02 7.908361e-01 9.497701e-02
vertex -6.858287e-02 7.921647e-01 9.497701e-02
endloop
endfacet
facet normal 0 0 0
outer loop
vertex -6.847378e-02 7.908361e-01 9.497701e-02
vertex -6.858287e-02 7.907102e-01 9.497701e-02
vertex -6.858287e-02 7.921647e-01 9.497701e-02
endloop
endfacet
facet normal 0 0 0
outer loop
vertex -6.847378e-02 7.866250e-01 1.049770e-01
vertex -6.847378e-02 7.870852e-01 1.047895e-01
vertex -6.847378e-02 7.870852e-01 1.049770e-01
endloop
endfacet
facet normal 0 0 0
outer loop
vertex -6.847378e-02 7.867102e-01 1.047895e-01
vertex -6.847378e-02 7.870852e-01 1.047895e-01
vertex -6.847378e-02 7.866250e-01 1.049770e-01
endloop
endfacet
facet normal 0 0 0
outer loop
vertex -6.945559e-02 7.861648e-01 1.049770e-01
vertex -6.847378e-02 7.866250e-01 1.049770e-01
vertex -6.847378e-02 7.870852e-01 1.049770e-01
endloop
endfacet
facet normal 0 0 0
outer loop
vertex -6.847378e-02 7.867102e-01 1.047895e-01
vertex -6.847378e-02 7.866250e-01 1.049770e-01
vertex -6.847378e-02 7.847102e-01 1.049770e-01
endloop
endfacet
facet normal 0 0 0
outer loop
vertex -6.847378e-02 7.847102e-01 1.049770e-01
vertex -6.847378e-02 7.866250e-01 1.049770e-01
vertex -6.945559e-02 7.861648e-01 1.049770e-01
endloop
endfacet
facet normal 0 0 0
outer loop
vertex -6.847378e-02 7.880852e-01 1.047895e-01
vertex -6.847378e-02 7.877102e-01 1.049770e-01
vertex -6.847378e-02 7.870852e-01 1.047895e-01
endloop
endfacet
facet normal 0 0 0
outer loop
vertex -6.847378e-02 7.880852e-01 1.047895e-01
vertex -6.847378e-02 7.887102e-01 1.049770e-01
vertex -6.847378e-02 7.877102e-01 1.049770e-01
endloop
endfacet
facet normal 0 0 0
outer loop
vertex -6.847378e-02 7.870852e-01 1.049770e-01
vertex -6.847378e-02 7.870852e-01 1.047895e-01
vertex -6.847378e-02 7.877102e-01 1.049770e-01
endloop
endfacet
facet normal 0 0 0
outer loop
vertex -6.847378e-02 7.880852e-01 1.047895e-01
vertex -6.847378e-02 7.887102e-01 1.047895e-01
vertex -6.847378e-02 7.887102e-01 1.049770e-01
endloop
endfacet
facet normal 0 0 0
outer loop
vertex -6.847378e-02 7.887102e-01 1.049770e-01
vertex -6.887378e-02 7.887102e-01 1.049770e-01
vertex -6.847378e-02 7.877102e-01 1.049770e-01
endloop
endfacet
facet normal 0 0 0
outer loop
vertex -6.847378e-02 7.870852e-01 1.049770e-01
vertex -6.847378e-02 7.877102e-01 1.049770e-01
vertex -6.945559e-02 7.861648e-01 1.049770e-01
endloop
endfacet
facet normal 0 0 0
outer loop
vertex -6.945559e-02 7.861648e-01 1.049770e-01
vertex -6.847378e-02 7.877102e-01 1.049770e-01
vertex -6.887378e-02 7.887102e-01 1.049770e-01
endloop
endfacet
facet normal 0 0 0
outer loop
vertex -6.847378e-02 7.887102e-01 1.049770e-01
vertex -6.847378e-02 7.887102e-01 1.047895e-01
vertex -6.847378e-02 7.890852e-01 1.049770e-01
endloop
endfacet
facet normal 0 0 0
outer loop
vertex -6.847378e-02 7.887102e-01 1.047895e-01
vertex -6.847378e-02 7.890852e-01 1.047895e-01
vertex -6.847378e-02 7.890852e-01 1.049770e-01
endloop
endfacet
facet normal 0 0 0
outer loop
vertex -6.887378e-02 7.887102e-01 1.049770e-01
vertex -6.847378e-02 7.887102e-01 1.049770e-01
vertex -6.847378e-02 7.890852e-01 1.049770e-01
endloop
endfacet
facet normal 0 0 0
outer loop
vertex -6.847378e-02 7.900852e-01 1.049770e-01
vertex -6.887378e-02 7.887102e-01 1.049770e-01
vertex -6.847378e-02 7.890852e-01 1.049770e-01
endloop
endfacet
facet normal 0 0 0
outer loop
vertex -7.042529e-02 7.912557e-01 1.049770e-01
vertex -6.847378e-02 7.900852e-01 1.049770e-01
vertex -6.847378e-02 7.907567e-01 1.049770e-01
endloop
endfacet
facet normal 0 0 0
outer loop
vertex -6.887378e-02 7.887102e-01 1.049770e-01
vertex -6.847378e-02 7.900852e-01 1.049770e-01
vertex -7.042529e-02 7.912557e-01 1.049770e-01
endloop
endfacet
facet normal 0 0 0
outer loop
vertex -6.847378e-02 7.900852e-01 1.047895e-01
vertex -6.847378e-02 7.890852e-01 1.049770e-01
vertex -6.847378e-02 7.890852e-01 1.047895e-01
endloop
endfacet
facet normal 0 0 0
outer loop
vertex -6.847378e-02 7.900852e-01 1.047895e-01
vertex -6.847378e-02 7.900852e-01 1.049770e-01
vertex -6.847378e-02 7.890852e-01 1.049770e-01
endloop
endfacet
facet normal 0 0 0
outer loop
vertex -6.847378e-02 7.900852e-01 1.047895e-01
vertex -6.847378e-02 7.907567e-01 1.049770e-01
vertex -6.847378e-02 7.900852e-01 1.049770e-01
endloop
endfacet
facet normal 0 0 0
outer loop
vertex -6.847378e-02 7.907102e-01 1.047895e-01
vertex -6.847378e-02 7.907567e-01 1.049770e-01
vertex -6.847378e-02 7.900852e-01 1.047895e-01
endloop
endfacet
facet normal 0 0 0
outer loop
vertex -6.847378e-02 7.907567e-01 1.049770e-01
vertex -6.847378e-02 7.907102e-01 1.047895e-01
vertex -6.847378e-02 7.912557e-01 1.049770e-01
endloop
endfacet
facet normal 0 0 0
outer loop
vertex -6.847378e-02 7.907102e-01 1.047895e-01
vertex -6.847378e-02 7.910852e-01 1.047895e-01
vertex -6.847378e-02 7.912557e-01 1.049770e-01
endloop
endfacet
facet normal 0 0 0
outer loop
vertex -7.042529e-02 7.912557e-01 1.049770e-01
vertex -6.847378e-02 7.907567e-01 1.049770e-01
vertex -6.847378e-02 7.912557e-01 1.049770e-01
endloop
endfacet
facet normal 0 0 0
outer loop
vertex -6.847378e-02 7.910852e-01 1.047895e-01
vertex -6.847378e-02 7.913896e-01 1.049770e-01
vertex -6.847378e-02 7.912557e-01 1.049770e-01
endloop
endfacet
facet normal 0 0 0
outer loop
vertex -7.100711e-02 7.932557e-01 1.049770e-01
vertex -7.042529e-02 7.912557e-01 1.049770e-01
vertex -6.847378e-02 7.913896e-01 1.049770e-01
endloop
endfacet
facet normal 0 0 0
outer loop
vertex -7.042529e-02 7.912557e-01 1.049770e-01
vertex -6.847378e-02 7.912557e-01 1.049770e-01
vertex -6.847378e-02 7.913896e-01 1.049770e-01
endloop
endfacet
facet normal 0 0 0
outer loop
vertex -6.847378e-02 7.913896e-01 1.049770e-01
vertex -6.847378e-02 7.927467e-01 1.049770e-01
vertex -7.100711e-02 7.932557e-01 1.049770e-01
endloop
endfacet
facet normal 0 0 0
outer loop
vertex -6.847378e-02 7.920852e-01 1.047895e-01
vertex -6.847378e-02 7.927467e-01 1.049770e-01
vertex -6.847378e-02 7.910852e-01 1.047895e-01
endloop
endfacet
facet normal 0 0 0
outer loop
vertex -6.847378e-02 7.927467e-01 1.049770e-01
vertex -6.847378e-02 7.913896e-01 1.049770e-01
vertex -6.847378e-02 7.910852e-01 1.047895e-01
endloop
endfacet
facet normal 0 0 0
outer loop
vertex -6.847378e-02 7.920852e-01 1.047895e-01
vertex -6.847378e-02 7.927102e-01 1.047895e-01
vertex -6.847378e-02 7.927467e-01 1.049770e-01
endloop
endfacet
facet normal 0 0 0
outer loop
vertex -6.847378e-02 7.947102e-01 1.049770e-01
vertex -7.100711e-02 7.932557e-01 1.049770e-01
vertex -6.847378e-02 7.927467e-01 1.049770e-01
endloop
endfacet
facet normal 0 0 0
outer loop
vertex -6.847378e-02 7.947102e-01 1.049770e-01
vertex -6.847378e-02 7.927467e-01 1.049770e-01
vertex -6.847378e-02 7.927102e-01 1.047895e-01
endloop
endfacet
facet normal 0 0 0
outer loop
vertex -6.847378e-02 7.867102e-01 1.047895e-01
vertex -6.847378e-02 7.847102e-01 1.049770e-01
vertex -6.847378e-02 7.863352e-01 1.021770e-01
endloop
endfacet
facet normal 0 0 0
outer loop
vertex -6.847378e-02 7.863352e-01 1.021770e-01
vertex -6.847378e-02 7.870852e-01 1.047895e-01
vertex -6.847378e-02 7.867102e-01 1.047895e-01
endloop
endfacet
facet normal 0 0 0
outer loop
vertex -6.847378e-02 7.880852e-01 1.047895e-01
vertex -6.847378e-02 7.870852e-01 1.047895e-01
vertex -6.847378e-02 7.863352e-01 1.021770e-01
endloop
endfacet
facet normal 0 0 0
outer loop
vertex -6.847378e-02 7.863352e-01 1.021770e-01
vertex -6.847378e-02 7.887102e-01 1.047895e-01
vertex -6.847378e-02 7.880852e-01 1.047895e-01
endloop
endfacet
facet normal 0 0 0
outer loop
vertex -6.847378e-02 7.887102e-01 1.021770e-01
vertex -6.847378e-02 7.887102e-01 1.047895e-01
vertex -6.847378e-02 7.863352e-01 1.021770e-01
endloop
endfacet
facet normal 0 0 0
outer loop
vertex -6.847378e-02 7.910852e-01 1.047895e-01
vertex -6.847378e-02 7.910852e-01 1.043770e-01
vertex -6.847378e-02 7.920852e-01 1.047895e-01
endloop
endfacet
facet normal 0 0 0
outer loop
vertex -6.847378e-02 7.910852e-01 1.043770e-01
vertex -6.847378e-02 7.927102e-01 1.047895e-01
vertex -6.847378e-02 7.920852e-01 1.047895e-01
endloop
endfacet
facet normal 0 0 0
outer loop
vertex -6.847378e-02 7.927102e-01 1.043770e-01
vertex -6.847378e-02 7.927102e-01 1.047895e-01
vertex -6.847378e-02 7.910852e-01 1.043770e-01
endloop
endfacet
facet normal 0 0 0
outer loop
vertex -6.847378e-02 7.887102e-01 1.021770e-01
vertex -6.847378e-02 7.890852e-01 1.047895e-01
vertex -6.847378e-02 7.887102e-01 1.047895e-01
endloop
endfacet
facet normal 0 0 0
outer loop
vertex -6.847378e-02 7.890852e-01 1.047895e-01
vertex -6.847378e-02 7.887102e-01 1.021770e-01
vertex -6.847378e-02 7.900852e-01 1.047895e-01
endloop
endfacet
facet normal 0 0 0
outer loop
vertex -6.847378e-02 7.887102e-01 1.021770e-01
vertex -6.847378e-02 7.907102e-01 1.047895e-01
vertex -6.847378e-02 7.900852e-01 1.047895e-01
endloop
endfacet
facet normal 0 0 0
outer loop
vertex -6.847378e-02 7.910852e-01 1.043770e-01
vertex -6.847378e-02 7.907102e-01 1.047895e-01
vertex -6.847378e-02 7.887102e-01 1.021770e-01
endloop
endfacet
facet normal 0 0 0
outer loop
vertex -6.847378e-02 7.907102e-01 1.047895e-01
vertex -6.847378e-02 7.910852e-01 1.043770e-01
vertex -6.847378e-02 7.910852e-01 1.047895e-01
endloop
endfacet
facet normal 0 0 0
outer loop
vertex -6.847378e-02 7.947102e-01 1.049770e-01
vertex -6.847378e-02 7.927102e-01 1.047895e-01
vertex -6.847378e-02 7.927102e-01 1.043770e-01
endloop
endfacet
facet normal 0 0 0
outer loop
vertex -6.994045e-02 7.847102e-01 9.887701e-02
vertex -6.847378e-02 7.847102e-01 9.837285e-02
vertex -6.847378e-02 7.847102e-01 9.938118e-02
endloop
endfacet
facet normal 0 0 0
outer loop
vertex -6.847378e-02 7.847102e-01 9.837285e-02
vertex -6.847378e-02 7.863352e-01 9.777701e-02
vertex -6.847378e-02 7.847102e-01 9.938118e-02
endloop
endfacet
facet normal 0 0 0
outer loop
vertex -6.847378e-02 7.863352e-01 9.777701e-02
vertex -6.847378e-02 7.863352e-01 9.818951e-02
vertex -6.847378e-02 7.847102e-01 9.938118e-02
endloop
endfacet
facet normal 0 0 0
outer loop
vertex -6.847378e-02 7.847102e-01 1.021770e-01
vertex -6.847378e-02 7.847102e-01 1.049770e-01
vertex -7.100711e-02 7.847102e-01 1.021770e-01
endloop
endfacet
facet normal 0 0 0
outer loop
vertex -6.847378e-02 7.847102e-01 1.049770e-01
vertex -6.847378e-02 7.847102e-01 1.021770e-01
vertex -6.847378e-02 7.863352e-01 1.021770e-01
endloop
endfacet
facet normal 0 0 0
outer loop
vertex -6.847378e-02 7.863352e-01 9.818951e-02
vertex -6.847378e-02 7.863352e-01 9.997701e-02
vertex -6.847378e-02 7.847102e-01 9.938118e-02
endloop
endfacet
facet normal 0 0 0
outer loop
vertex -6.994045e-02 7.847102e-01 9.887701e-02
vertex -6.847378e-02 7.847102e-01 9.938118e-02
vertex -6.847378e-02 7.847102e-01 1.003895e-01
endloop
endfacet
facet normal 0 0 0
outer loop
vertex -6.847378e-02 7.847102e-01 9.938118e-02
vertex -6.847378e-02 7.863352e-01 9.997701e-02
vertex -6.847378e-02 7.847102e-01 1.003895e-01
endloop
endfacet
facet normal 0 0 0
outer loop
vertex -6.847378e-02 7.863352e-01 9.997701e-02
vertex -6.847378e-02 7.863352e-01 1.003895e-01
vertex -6.847378e-02 7.847102e-01 1.003895e-01
endloop
endfacet
facet normal 0 0 0
outer loop
vertex -6.847378e-02 7.863352e-01 1.003895e-01
vertex -6.847378e-02 7.863352e-01 1.021770e-01
vertex -6.847378e-02 7.847102e-01 1.003895e-01
endloop
endfacet
facet normal 0 0 0
outer loop
vertex -6.847378e-02 7.887102e-01 9.557701e-02
vertex -6.847378e-02 7.907102e-01 9.557701e-02
vertex -6.847378e-02 7.907102e-01 9.777701e-02
endloop
endfacet
facet normal 0 0 0
outer loop
vertex -8.167378e-02 8.007102e-01 1.049770e-01
vertex -8.380711e-02 8.007102e-01 1.049770e-01
vertex -8.380711e-02 7.987102e-01 1.049770e-01
endloop
endfacet
facet normal 0 0 0
outer loop
vertex -8.380711e-02 8.007102e-01 1.049770e-01
vertex -8.167378e-02 8.007102e-01 1.049770e-01
vertex -8.322529e-02 8.012556e-01 1.049770e-01
endloop
endfacet
facet normal 0 0 0
outer loop
vertex -8.380711e-02 7.967102e-01 1.049770e-01
vertex -8.594044e-02 7.987102e-01 1.049770e-01
vertex -8.594044e-02 7.967102e-01 1.049770e-01
endloop
endfacet
facet normal 0 0 0
outer loop
vertex -8.535863e-02 7.992557e-01 1.049770e-01
vertex -8.594044e-02 7.987102e-01 1.049770e-01
vertex -8.380711e-02 7.987102e-01 1.049770e-01
endloop
endfacet
facet normal 0 0 0
outer loop
vertex -8.380711e-02 7.987102e-01 1.049770e-01
vertex -8.594044e-02 7.987102e-01 1.049770e-01
vertex -8.380711e-02 7.967102e-01 1.049770e-01
endloop
endfacet
facet normal 0 0 0
outer loop
vertex -8.167378e-02 8.032557e-01 1.049770e-01
vertex -8.322529e-02 8.012556e-01 1.049770e-01
vertex -8.167378e-02 8.007102e-01 1.049770e-01
endloop
endfacet
facet normal 0 0 0
outer loop
vertex -8.380711e-02 8.032557e-01 1.049770e-01
vertex -8.380711e-02 8.007102e-01 1.049770e-01
vertex -8.322529e-02 8.012556e-01 1.049770e-01
endloop
endfacet
facet normal 0 0 0
outer loop
vertex -8.322529e-02 8.012556e-01 1.049770e-01
vertex -8.322529e-02 8.032557e-01 1.049770e-01
vertex -8.380711e-02 8.032557e-01 1.049770e-01
endloop
endfacet
facet normal 0 0 0
outer loop
vertex -8.594044e-02 8.007102e-01 1.049770e-01
vertex -8.594044e-02 7.987102e-01 1.049770e-01
vertex -8.535863e-02 7.992557e-01 1.049770e-01
endloop
endfacet
facet normal 0 0 0
outer loop
vertex -8.535863e-02 7.992557e-01 1.049770e-01
vertex -8.380711e-02 8.007102e-01 1.049770e-01
vertex -8.594044e-02 8.007102e-01 1.049770e-01
endloop
endfacet
facet normal 0 0 0
outer loop
vertex -8.594044e-02 7.987102e-01 1.049770e-01
vertex -8.749196e-02 7.987102e-01 1.049770e-01
vertex -8.594044e-02 7.967102e-01 1.049770e-01
endloop
endfacet
facet normal 0 0 0
outer loop
vertex -8.322529e-02 8.032557e-01 1.049770e-01
vertex -8.322529e-02 8.012556e-01 1.049770e-01
vertex -8.167378e-02 8.032557e-01 1.049770e-01
endloop
endfacet
facet normal 0 0 0
outer loop
vertex -8.749196e-02 7.987102e-01 1.049770e-01
vertex -8.820804e-02 7.972557e-01 1.049770e-01
vertex -8.807378e-02 7.967102e-01 1.049770e-01
endloop
endfacet
facet normal 0 0 0
outer loop
vertex -8.820804e-02 8.007102e-01 1.049770e-01
vertex -8.847378e-02 8.004611e-01 1.049770e-01
vertex -8.820804e-02 8.005843e-01 1.049770e-01
endloop
endfacet
facet normal 0 0 0
outer loop
vertex -8.847378e-02 8.004611e-01 1.049770e-01
vertex -8.847378e-02 8.003352e-01 1.049770e-01
vertex -8.820804e-02 8.005843e-01 1.049770e-01
endloop
endfacet
facet normal 0 0 0
outer loop
vertex -8.820804e-02 8.005843e-01 1.049770e-01
vertex -8.749196e-02 8.007102e-01 1.049770e-01
vertex -8.820804e-02 8.007102e-01 1.049770e-01
endloop
endfacet
facet normal 0 0 0
outer loop
vertex -8.167378e-02 8.047102e-01 1.043770e-01
vertex -8.380711e-02 8.047102e-01 1.021770e-01
vertex -8.225559e-02 8.047102e-01 1.049770e-01
endloop
endfacet
facet normal 0 0 0
outer loop
vertex -8.380711e-02 8.047102e-01 1.021770e-01
vertex -8.380711e-02 8.047102e-01 1.049770e-01
vertex -8.225559e-02 8.047102e-01 1.049770e-01
endloop
endfacet
facet normal 0 0 0
outer loop
vertex -8.847378e-02 7.990065e-01 1.049770e-01
vertex -8.847378e-02 8.003352e-01 1.049770e-01
vertex -8.847378e-02 7.983352e-01 1.043770e-01
endloop
endfacet
facet normal 0 0 0
outer loop
vertex -8.847378e-02 7.983352e-01 1.043770e-01
vertex -8.847378e-02 8.003352e-01 1.049770e-01
vertex -8.847378e-02 8.003352e-01 1.043770e-01
endloop
endfacet
facet normal 0 0 0
outer loop
vertex -8.820804e-02 8.005843e-01 1.049770e-01
vertex -8.749196e-02 7.987102e-01 1.049770e-01
vertex -8.749196e-02 8.007102e-01 1.049770e-01
endloop
endfacet
facet normal 0 0 0
outer loop
vertex -8.820804e-02 8.005843e-01 1.049770e-01
vertex -8.820804e-02 7.992557e-01 1.049770e-01
vertex -8.749196e-02 7.987102e-01 1.049770e-01
endloop
endfacet
facet normal 0 0 0
outer loop
vertex -8.847378e-02 8.003352e-01 1.049770e-01
vertex -8.847378e-02 7.990065e-01 1.049770e-01
vertex -8.820804e-02 7.992557e-01 1.049770e-01
endloop
endfacet
facet normal 0 0 0
outer loop
vertex -8.847378e-02 8.003352e-01 1.049770e-01
vertex -8.820804e-02 7.992557e-01 1.049770e-01
vertex -8.820804e-02 8.005843e-01 1.049770e-01
endloop
endfacet
facet normal 0 0 0
outer loop
vertex -8.847378e-02 7.984611e-01 1.049770e-01
vertex -8.847378e-02 7.990065e-01 1.049770e-01
vertex -8.847378e-02 7.983352e-01 1.043770e-01
endloop
endfacet
facet normal 0 0 0
outer loop
vertex -8.820804e-02 7.992557e-01 1.049770e-01
vertex -8.847378e-02 7.984611e-01 1.049770e-01
vertex -8.820804e-02 7.987102e-01 1.049770e-01
endloop
endfacet
facet normal 0 0 0
outer loop
vertex -8.820804e-02 7.992557e-01 1.049770e-01
vertex -8.847378e-02 7.990065e-01 1.049770e-01
vertex -8.847378e-02 7.984611e-01 1.049770e-01
endloop
endfacet
facet normal 0 0 0
outer loop
vertex -8.820804e-02 7.992557e-01 1.049770e-01
vertex -8.820804e-02 7.987102e-01 1.049770e-01
vertex -8.749196e-02 7.987102e-01 1.049770e-01
endloop
endfacet
facet normal 0 0 0
outer loop
vertex -8.847378e-02 8.023352e-01 1.043770e-01
vertex -8.847378e-02 8.023352e-01 1.049770e-01
vertex -8.847378e-02 8.024611e-01 1.049770e-01
endloop
endfacet
facet normal 0 0 0
outer loop
vertex -8.820804e-02 8.027102e-01 1.049770e-01
vertex -8.847378e-02 8.024611e-01 1.049770e-01
vertex -8.820804e-02 8.025844e-01 1.049770e-01
endloop
endfacet
facet normal 0 0 0
outer loop
vertex -8.847378e-02 8.024611e-01 1.049770e-01
vertex -8.847378e-02 8.023352e-01 1.049770e-01
vertex -8.820804e-02 8.025844e-01 1.049770e-01
endloop
endfacet
facet normal 0 0 0
outer loop
vertex -8.594044e-02 8.032557e-01 1.049770e-01
vertex -8.820804e-02 8.027102e-01 1.049770e-01
vertex -8.820804e-02 8.025844e-01 1.049770e-01
endloop
endfacet
facet normal 0 0 0
outer loop
vertex -8.847378e-02 8.003352e-01 1.043770e-01
vertex -8.847378e-02 8.004611e-01 1.049770e-01
vertex -8.847378e-02 8.010066e-01 1.049770e-01
endloop
endfacet
facet normal 0 0 0
outer loop
vertex -8.820804e-02 8.007102e-01 1.049770e-01
vertex -8.749196e-02 8.007102e-01 1.049770e-01
vertex -8.820804e-02 8.012556e-01 1.049770e-01
endloop
endfacet
facet normal 0 0 0
outer loop
vertex -8.847378e-02 8.004611e-01 1.049770e-01
vertex -8.820804e-02 8.012556e-01 1.049770e-01
vertex -8.847378e-02 8.010066e-01 1.049770e-01
endloop
endfacet
facet normal 0 0 0
outer loop
vertex -8.820804e-02 8.007102e-01 1.049770e-01
vertex -8.820804e-02 8.012556e-01 1.049770e-01
vertex -8.847378e-02 8.004611e-01 1.049770e-01
endloop
endfacet
facet normal 0 0 0
outer loop
vertex -8.847378e-02 8.023352e-01 1.043770e-01
vertex -8.847378e-02 8.003352e-01 1.043770e-01
vertex -8.847378e-02 8.023352e-01 1.049770e-01
endloop
endfacet
facet normal 0 0 0
outer loop
vertex -8.847378e-02 8.003352e-01 1.043770e-01
vertex -8.847378e-02 8.010066e-01 1.049770e-01
vertex -8.847378e-02 8.023352e-01 1.049770e-01
endloop
endfacet
facet normal 0 0 0
outer loop
vertex -8.847378e-02 8.010066e-01 1.049770e-01
vertex -8.820804e-02 8.012556e-01 1.049770e-01
vertex -8.847378e-02 8.023352e-01 1.049770e-01
endloop
endfacet
facet normal 0 0 0
outer loop
vertex -8.847378e-02 8.023352e-01 1.049770e-01
vertex -8.820804e-02 8.012556e-01 1.049770e-01
vertex -8.820804e-02 8.025844e-01 1.049770e-01
endloop
endfacet
facet normal 0 0 0
outer loop
vertex -8.820804e-02 8.025844e-01 1.049770e-01
vertex -8.820804e-02 8.012556e-01 1.049770e-01
vertex -8.594044e-02 8.032557e-01 1.049770e-01
endloop
endfacet
facet normal 0 0 0
outer loop
vertex -8.847378e-02 8.024611e-01 1.049770e-01
vertex -8.847378e-02 8.047102e-01 1.049770e-01
vertex -8.847378e-02 8.023352e-01 1.043770e-01
endloop
endfacet
facet normal 0 0 0
outer loop
vertex -8.847378e-02 8.047102e-01 1.049770e-01
vertex -8.847378e-02 8.024611e-01 1.049770e-01
vertex -8.820804e-02 8.027102e-01 1.049770e-01
endloop
endfacet
facet normal 0 0 0
outer loop
vertex -8.847378e-02 8.047102e-01 1.049770e-01
vertex -8.820804e-02 8.027102e-01 1.049770e-01
vertex -8.594044e-02 8.032557e-01 1.049770e-01
endloop
endfacet
facet normal 0 0 0
outer loop
vertex -8.847378e-02 7.947102e-01 1.049770e-01
vertex -8.847378e-02 7.972557e-01 1.049770e-01
vertex -8.847378e-02 7.963352e-01 1.039645e-01
endloop
endfacet
facet normal 0 0 0
outer loop
vertex -8.847378e-02 7.947102e-01 1.049770e-01
vertex -8.820804e-02 7.972557e-01 1.049770e-01
vertex -8.847378e-02 7.972557e-01 1.049770e-01
endloop
endfacet
facet normal 0 0 0
outer loop
vertex -8.820804e-02 7.972557e-01 1.049770e-01
vertex -8.847378e-02 7.947102e-01 1.049770e-01
vertex -8.807378e-02 7.967102e-01 1.049770e-01
endloop
endfacet
facet normal 0 0 0
outer loop
vertex -8.322529e-02 8.032557e-01 1.049770e-01
vertex -8.167378e-02 8.032557e-01 1.049770e-01
vertex -8.167378e-02 8.047102e-01 1.049770e-01
endloop
endfacet
facet normal 0 0 0
outer loop
vertex -8.847378e-02 8.047102e-01 1.049770e-01
vertex -8.594044e-02 8.032557e-01 1.049770e-01
vertex -8.594044e-02 8.047102e-01 1.049770e-01
endloop
endfacet
facet normal 0 0 0
outer loop
vertex -8.847378e-02 8.047102e-01 1.049770e-01
vertex -8.594044e-02 8.047102e-01 1.049770e-01
vertex -8.594044e-02 8.047102e-01 1.032770e-01
endloop
endfacet
facet normal 0 0 0
outer loop
vertex -8.167378e-02 8.047102e-01 1.049770e-01
vertex -8.167378e-02 8.032557e-01 1.049770e-01
vertex -7.847378e-02 8.047102e-01 1.049770e-01
endloop
endfacet
facet normal 0 0 0
outer loop
vertex -8.167378e-02 8.047102e-01 1.049770e-01
vertex -7.847378e-02 8.047102e-01 1.049770e-01
vertex -8.167378e-02 8.047102e-01 1.043770e-01
endloop
endfacet
facet normal 0 0 0
outer loop
vertex -8.380711e-02 8.047102e-01 1.021770e-01
vertex -8.594044e-02 8.047102e-01 1.032770e-01
vertex -8.380711e-02 8.047102e-01 1.049770e-01
endloop
endfacet
facet normal 0 0 0
outer loop
vertex -8.594044e-02 8.047102e-01 1.032770e-01
vertex -8.484145e-02 8.047102e-01 1.049770e-01
vertex -8.380711e-02 8.047102e-01 1.049770e-01
endloop
endfacet
facet normal 0 0 0
outer loop
vertex -8.484145e-02 8.047102e-01 1.049770e-01
vertex -8.535863e-02 8.032557e-01 1.049770e-01
vertex -8.380711e-02 8.047102e-01 1.049770e-01
endloop
endfacet
facet normal 0 0 0
outer loop
vertex -8.535863e-02 8.032557e-01 1.049770e-01
vertex -8.380711e-02 8.032557e-01 1.049770e-01
vertex -8.380711e-02 8.047102e-01 1.049770e-01
endloop
endfacet
facet normal 0 0 0
outer loop
vertex -8.594044e-02 8.047102e-01 1.032770e-01
vertex -8.594044e-02 8.047102e-01 1.049770e-01
vertex -8.484145e-02 8.047102e-01 1.049770e-01
endloop
endfacet
facet normal 0 0 0
outer loop
vertex -8.594044e-02 8.047102e-01 1.049770e-01
vertex -8.594044e-02 8.032557e-01 1.049770e-01
vertex -8.484145e-02 8.047102e-01 1.049770e-01
endloop
endfacet
facet normal 0 0 0
outer loop
vertex -8.594044e-02 8.032557e-01 1.049770e-01
vertex -8.535863e-02 8.032557e-01 1.049770e-01
vertex -8.484145e-02 8.047102e-01 1.049770e-01
endloop
endfacet
facet normal 0 0 0
outer loop
vertex -7.847378e-02 7.967102e-01 9.667701e-02
vertex -7.847378e-02 7.957102e-01 9.777701e-02
vertex -7.847378e-02 7.947102e-01 9.497701e-02
endloop
endfacet
facet normal 0 0 0
outer loop
vertex -7.847378e-02 7.957102e-01 9.777701e-02
vertex -7.847378e-02 7.987102e-01 9.777701e-02
vertex -7.847378e-02 7.977102e-01 9.997701e-02
endloop
endfacet
facet normal 0 0 0
outer loop
vertex -7.847378e-02 7.977102e-01 9.997701e-02
vertex -7.847378e-02 7.987102e-01 9.777701e-02
vertex -7.847378e-02 7.997102e-01 9.997701e-02
endloop
endfacet
facet normal 0 0 0
outer loop
vertex -7.847378e-02 8.027102e-01 1.021770e-01
vertex -7.847378e-02 8.007102e-01 1.043770e-01
vertex -7.847378e-02 7.997102e-01 1.021770e-01
endloop
endfacet
facet normal 0 0 0
outer loop
vertex -7.847378e-02 8.027102e-01 1.021770e-01
vertex -7.847378e-02 8.017102e-01 1.046770e-01
vertex -7.847378e-02 8.007102e-01 1.043770e-01
endloop
endfacet
facet normal 0 0 0
outer loop
vertex -7.847378e-02 8.027102e-01 1.021770e-01
vertex -7.847378e-02 8.027102e-01 1.046770e-01
vertex -7.847378e-02 8.017102e-01 1.046770e-01
endloop
endfacet
facet normal 0 0 0
outer loop
vertex -7.847378e-02 7.997102e-01 1.021770e-01
vertex -7.847378e-02 7.997102e-01 9.997701e-02
vertex -7.847378e-02 8.007102e-01 9.997701e-02
endloop
endfacet
facet normal 0 0 0
outer loop
vertex -7.847378e-02 8.007102e-01 9.997701e-02
vertex -7.847378e-02 8.027102e-01 1.021770e-01
vertex -7.847378e-02 7.997102e-01 1.021770e-01
endloop
endfacet
facet normal 0 0 0
outer loop
vertex -7.847378e-02 8.047102e-01 1.049770e-01
vertex -7.847378e-02 8.027102e-01 1.046770e-01
vertex -7.847378e-02 8.027102e-01 1.021770e-01
endloop
endfacet
facet normal 0 0 0
outer loop
vertex -7.847378e-02 8.017102e-01 9.777701e-02
vertex -7.847378e-02 8.007102e-01 9.997701e-02
vertex -7.847378e-02 7.987102e-01 9.777701e-02
endloop
endfacet
facet normal 0 0 0
outer loop
vertex -7.847378e-02 7.967102e-01 9.667701e-02
vertex -7.847378e-02 7.987102e-01 9.557701e-02
vertex -7.847378e-02 7.997102e-01 9.667701e-02
endloop
endfacet
facet normal 0 0 0
outer loop
vertex -7.847378e-02 7.977102e-01 9.516452e-02
vertex -7.847378e-02 7.987102e-01 9.557701e-02
vertex -7.847378e-02 7.967102e-01 9.667701e-02
endloop
endfacet
facet normal 0 0 0
outer loop
vertex -7.847378e-02 7.967102e-01 9.557701e-02
vertex -7.847378e-02 7.977102e-01 9.516452e-02
vertex -7.847378e-02 7.967102e-01 9.667701e-02
endloop
endfacet
facet normal 0 0 0
outer loop
vertex -7.847378e-02 7.997102e-01 9.667701e-02
vertex -7.847378e-02 7.987102e-01 9.777701e-02
vertex -7.847378e-02 7.967102e-01 9.667701e-02
endloop
endfacet
facet normal 0 0 0
outer loop
vertex -7.847378e-02 8.037102e-01 1.010770e-01
vertex -7.847378e-02 8.027102e-01 1.021770e-01
vertex -7.847378e-02 8.007102e-01 9.997701e-02
endloop
endfacet
facet normal 0 0 0
outer loop
vertex -7.847378e-02 8.037102e-01 1.010770e-01
vertex -7.847378e-02 8.037102e-01 1.021770e-01
vertex -7.847378e-02 8.027102e-01 1.021770e-01
endloop
endfacet
facet normal 0 0 0
outer loop
vertex -7.847378e-02 7.987102e-01 9.777701e-02
vertex -7.847378e-02 8.007102e-01 9.997701e-02
vertex -7.847378e-02 7.997102e-01 9.997701e-02
endloop
endfacet
facet normal 0 0 0
outer loop
vertex -7.847378e-02 8.027102e-01 1.021770e-01
vertex -7.847378e-02 8.037102e-01 1.021770e-01
vertex -7.847378e-02 8.047102e-01 1.049770e-01
endloop
endfacet
facet normal 0 0 0
outer loop
vertex -8.012226e-02 7.981648e-01 9.497701e-02
vertex -7.847378e-02 7.997102e-01 9.497701e-02
vertex -7.847378e-02 7.985862e-01 9.497701e-02
endloop
endfacet
facet normal 0 0 0
outer loop
vertex -7.847378e-02 7.997102e-01 9.497701e-02
vertex -7.847378e-02 7.987102e-01 9.516452e-02
vertex -7.847378e-02 7.985862e-01 9.497701e-02
endloop
endfacet
facet normal 0 0 0
outer loop
vertex -7.847378e-02 7.997102e-01 9.497701e-02
vertex -7.847378e-02 7.997102e-01 9.516452e-02
vertex -7.847378e-02 7.987102e-01 9.516452e-02
endloop
endfacet
facet normal 0 0 0
outer loop
vertex -7.847378e-02 7.987102e-01 9.557701e-02
vertex -7.847378e-02 7.987102e-01 9.516452e-02
vertex -7.847378e-02 7.997102e-01 9.516452e-02
endloop
endfacet
facet normal 0 0 0
outer loop
vertex -7.847378e-02 7.981648e-01 9.497701e-02
vertex -8.012226e-02 7.961648e-01 9.497701e-02
vertex -8.012226e-02 7.981648e-01 9.497701e-02
endloop
endfacet
facet normal 0 0 0
outer loop
vertex -7.847378e-02 7.981648e-01 9.497701e-02
vertex -7.847378e-02 7.977102e-01 9.497701e-02
vertex -8.012226e-02 7.961648e-01 9.497701e-02
endloop
endfacet
facet normal 0 0 0
outer loop
vertex -7.847378e-02 7.977102e-01 9.516452e-02
vertex -7.847378e-02 7.977102e-01 9.497701e-02
vertex -7.847378e-02 7.981648e-01 9.497701e-02
endloop
endfacet
facet normal 0 0 0
outer loop
vertex -7.847378e-02 7.987102e-01 9.557701e-02
vertex -7.847378e-02 7.977102e-01 9.516452e-02
vertex -7.847378e-02 7.981648e-01 9.497701e-02
endloop
endfacet
facet normal 0 0 0
outer loop
vertex -7.847378e-02 8.047102e-01 1.049770e-01
vertex -7.847378e-02 8.037102e-01 1.021770e-01
vertex -7.847378e-02 8.047102e-01 1.021770e-01
endloop
endfacet
facet normal 0 0 0
outer loop
vertex -7.847378e-02 8.047102e-01 1.049770e-01
vertex -7.847378e-02 8.047102e-01 1.021770e-01
vertex -7.954045e-02 8.047102e-01 1.021770e-01
endloop
endfacet
facet normal 0 0 0
outer loop
vertex -7.847378e-02 8.037102e-01 9.887701e-02
vertex -7.847378e-02 8.047102e-01 9.832701e-02
vertex -7.847378e-02 8.047102e-01 9.942701e-02
endloop
endfacet
facet normal 0 0 0
outer loop
vertex -7.954045e-02 8.047102e-01 9.667701e-02
vertex -7.847378e-02 8.047102e-01 9.942701e-02
vertex -7.847378e-02 8.047102e-01 9.832701e-02
endloop
endfacet
facet normal 0 0 0
outer loop
vertex -7.954045e-02 8.047102e-01 9.887701e-02
vertex -7.847378e-02 8.047102e-01 9.942701e-02
vertex -7.954045e-02 8.047102e-01 9.667701e-02
endloop
endfacet
facet normal 0 0 0
outer loop
vertex -8.012226e-02 7.981648e-01 9.497701e-02
vertex -7.847378e-02 7.985862e-01 9.497701e-02
vertex -7.847378e-02 7.981648e-01 9.497701e-02
endloop
endfacet
facet normal 0 0 0
outer loop
vertex -7.847378e-02 7.981648e-01 9.497701e-02
vertex -7.847378e-02 7.985862e-01 9.497701e-02
vertex -7.847378e-02 7.987102e-01 9.516452e-02
endloop
endfacet
facet normal 0 0 0
outer loop
vertex -7.847378e-02 7.987102e-01 9.516452e-02
vertex -7.847378e-02 7.987102e-01 9.557701e-02
vertex -7.847378e-02 7.981648e-01 9.497701e-02
endloop
endfacet
facet normal 0 0 0
outer loop
vertex -7.847378e-02 8.047102e-01 9.497701e-02
vertex -7.847378e-02 8.025398e-01 9.497701e-02
vertex -7.954045e-02 8.021647e-01 9.497701e-02
endloop
endfacet
facet normal 0 0 0
outer loop
vertex -7.847378e-02 8.047102e-01 9.497701e-02
vertex -7.847378e-02 8.027102e-01 9.516452e-02
vertex -7.847378e-02 8.025398e-01 9.497701e-02
endloop
endfacet
facet normal 0 0 0
outer loop
vertex -7.847378e-02 8.027102e-01 9.516452e-02
vertex -7.847378e-02 8.047102e-01 9.497701e-02
vertex -7.847378e-02 8.027102e-01 9.557701e-02
endloop
endfacet
facet normal 0 0 0
outer loop
vertex -8.012226e-02 8.001648e-01 9.497701e-02
vertex -7.847378e-02 8.021647e-01 9.497701e-02
vertex -7.847378e-02 8.017102e-01 9.497701e-02
endloop
endfacet
facet normal 0 0 0
outer loop
vertex -7.954045e-02 8.021647e-01 9.497701e-02
vertex -7.847378e-02 8.021647e-01 9.497701e-02
vertex -8.012226e-02 8.001648e-01 9.497701e-02
endloop
endfacet
facet normal 0 0 0
outer loop
vertex -7.847378e-02 8.021647e-01 9.497701e-02
vertex -7.847378e-02 8.023352e-01 9.516452e-02
vertex -7.847378e-02 8.017102e-01 9.516452e-02
endloop
endfacet
facet normal 0 0 0
outer loop
vertex -7.847378e-02 8.027102e-01 9.557701e-02
vertex -7.847378e-02 8.017102e-01 9.516452e-02
vertex -7.847378e-02 8.023352e-01 9.516452e-02
endloop
endfacet
facet normal 0 0 0
outer loop
vertex -7.847378e-02 8.021647e-01 9.497701e-02
vertex -7.847378e-02 8.017102e-01 9.516452e-02
vertex -7.847378e-02 8.017102e-01 9.497701e-02
endloop
endfacet
facet normal 0 0 0
outer loop
vertex -8.012226e-02 8.001648e-01 9.497701e-02
vertex -7.847378e-02 8.017102e-01 9.497701e-02
vertex -7.847378e-02 8.005862e-01 9.497701e-02
endloop
endfacet
facet normal 0 0 0
outer loop
vertex -7.847378e-02 8.017102e-01 9.497701e-02
vertex -7.847378e-02 8.007102e-01 9.516452e-02
vertex -7.847378e-02 8.005862e-01 9.497701e-02
endloop
endfacet
facet normal 0 0 0
outer loop
vertex -7.847378e-02 8.017102e-01 9.497701e-02
vertex -7.847378e-02 8.017102e-01 9.516452e-02
vertex -7.847378e-02 8.007102e-01 9.516452e-02
endloop
endfacet
facet normal 0 0 0
outer loop
vertex -7.847378e-02 7.997102e-01 9.667701e-02
vertex -7.847378e-02 8.007102e-01 9.516452e-02
vertex -7.847378e-02 8.017102e-01 9.516452e-02
endloop
endfacet
facet normal 0 0 0
outer loop
vertex -8.012226e-02 8.001648e-01 9.497701e-02
vertex -7.847378e-02 8.005862e-01 9.497701e-02
vertex -7.847378e-02 8.001648e-01 9.497701e-02
endloop
endfacet
facet normal 0 0 0
outer loop
vertex -7.847378e-02 8.001648e-01 9.497701e-02
vertex -7.847378e-02 8.005862e-01 9.497701e-02
vertex -7.847378e-02 8.007102e-01 9.516452e-02
endloop
endfacet
facet normal 0 0 0
outer loop
vertex -7.847378e-02 8.007102e-01 9.516452e-02
vertex -7.847378e-02 7.997102e-01 9.667701e-02
vertex -7.847378e-02 8.001648e-01 9.497701e-02
endloop
endfacet
facet normal 0 0 0
outer loop
vertex -7.847378e-02 7.972557e-01 9.497701e-02
vertex -7.847378e-02 7.967102e-01 9.497701e-02
vertex -7.876468e-02 7.967102e-01 9.497701e-02
endloop
endfacet
facet normal 0 0 0
outer loop
vertex -7.847378e-02 7.972557e-01 9.497701e-02
vertex -7.847378e-02 7.967102e-01 9.557701e-02
vertex -7.847378e-02 7.967102e-01 9.510558e-02
endloop
endfacet
facet normal 0 0 0
outer loop
vertex -7.847378e-02 7.967102e-01 9.497701e-02
vertex -7.847378e-02 7.972557e-01 9.497701e-02
vertex -7.847378e-02 7.967102e-01 9.510558e-02
endloop
endfacet
facet normal 0 0 0
outer loop
vertex -7.847378e-02 7.977102e-01 9.497701e-02
vertex -7.847378e-02 7.972557e-01 9.497701e-02
vertex -8.012226e-02 7.961648e-01 9.497701e-02
endloop
endfacet
facet normal 0 0 0
outer loop
vertex -8.012226e-02 7.961648e-01 9.497701e-02
vertex -7.847378e-02 7.972557e-01 9.497701e-02
vertex -7.876468e-02 7.967102e-01 9.497701e-02
endloop
endfacet
facet normal 0 0 0
outer loop
vertex -7.847378e-02 7.967102e-01 9.557701e-02
vertex -7.847378e-02 7.972557e-01 9.497701e-02
vertex -7.847378e-02 7.977102e-01 9.516452e-02
endloop
endfacet
facet normal 0 0 0
outer loop
vertex -7.847378e-02 7.977102e-01 9.516452e-02
vertex -7.847378e-02 7.972557e-01 9.497701e-02
vertex -7.847378e-02 7.977102e-01 9.497701e-02
endloop
endfacet
facet normal 0 0 0
outer loop
vertex -7.847378e-02 7.967102e-01 9.497701e-02
vertex -7.847378e-02 7.947102e-01 9.497701e-02
vertex -7.876468e-02 7.967102e-01 9.497701e-02
endloop
endfacet
facet normal 0 0 0
outer loop
vertex -7.847378e-02 7.947102e-01 9.497701e-02
vertex -7.847378e-02 7.967102e-01 9.497701e-02
vertex -7.847378e-02 7.967102e-01 9.510558e-02
endloop
endfacet
facet normal 0 0 0
outer loop
vertex -7.847378e-02 7.947102e-01 9.497701e-02
vertex -7.847378e-02 7.967102e-01 9.510558e-02
vertex -7.847378e-02 7.967102e-01 9.557701e-02
endloop
endfacet
facet normal 0 0 0
outer loop
vertex -7.847378e-02 8.037102e-01 9.997701e-02
vertex -7.847378e-02 8.037102e-01 9.887701e-02
vertex -7.847378e-02 8.047102e-01 9.942701e-02
endloop
endfacet
facet normal 0 0 0
outer loop
vertex -7.847378e-02 8.047102e-01 9.722701e-02
vertex -7.847378e-02 8.037102e-01 9.777701e-02
vertex -7.847378e-02 8.047102e-01 9.497701e-02
endloop
endfacet
facet normal 0 0 0
outer loop
vertex -7.847378e-02 8.047102e-01 9.722701e-02
vertex -7.847378e-02 8.047102e-01 9.497701e-02
vertex -7.954045e-02 8.047102e-01 9.667701e-02
endloop
endfacet
facet normal 0 0 0
outer loop
vertex -7.954045e-02 8.047102e-01 9.887701e-02
vertex -7.847378e-02 8.047102e-01 1.005270e-01
vertex -7.847378e-02 8.047102e-01 9.942701e-02
endloop
endfacet
facet normal 0 0 0
outer loop
vertex -7.847378e-02 8.047102e-01 1.005270e-01
vertex -7.847378e-02 8.037102e-01 9.997701e-02
vertex -7.847378e-02 8.047102e-01 9.942701e-02
endloop
endfacet
facet normal 0 0 0
outer loop
vertex -7.847378e-02 8.037102e-01 1.010770e-01
vertex -7.847378e-02 8.037102e-01 9.997701e-02
vertex -7.847378e-02 8.047102e-01 1.005270e-01
endloop
endfacet
facet normal 0 0 0
outer loop
vertex -6.847378e-02 7.907102e-01 1.021770e-01
vertex -6.847378e-02 7.930852e-01 1.021770e-01
vertex -6.847378e-02 7.910852e-01 1.025895e-01
endloop
endfacet
facet normal 0 0 0
outer loop
vertex -6.847378e-02 7.907102e-01 9.997701e-02
vertex -6.847378e-02 7.910852e-01 1.003895e-01
vertex -6.847378e-02 7.907102e-01 1.021770e-01
endloop
endfacet
facet normal 0 0 0
outer loop
vertex -6.847378e-02 7.927102e-01 9.818951e-02
vertex -6.847378e-02 7.930852e-01 9.818951e-02
vertex -6.847378e-02 7.927102e-01 9.997701e-02
endloop
endfacet
facet normal 0 0 0
outer loop
vertex -6.847378e-02 7.930852e-01 9.777701e-02
vertex -6.847378e-02 7.927102e-01 9.818951e-02
vertex -6.847378e-02 7.907102e-01 9.777701e-02
endloop
endfacet
facet normal 0 0 0
outer loop
vertex -6.847378e-02 7.927102e-01 9.818951e-02
vertex -6.847378e-02 7.930852e-01 9.777701e-02
vertex -6.847378e-02 7.930852e-01 9.818951e-02
endloop
endfacet
facet normal 0 0 0
outer loop
vertex -6.847378e-02 7.863352e-01 9.557701e-02
vertex -6.847378e-02 7.870852e-01 9.598951e-02
vertex -6.847378e-02 7.863352e-01 9.777701e-02
endloop
endfacet
facet normal 0 0 0
outer loop
vertex -6.847378e-02 7.907102e-01 9.997701e-02
vertex -6.847378e-02 7.907102e-01 9.777701e-02
vertex -6.847378e-02 7.927102e-01 9.997701e-02
endloop
endfacet
facet normal 0 0 0
outer loop
vertex -6.847378e-02 7.887102e-01 9.997701e-02
vertex -6.847378e-02 7.907102e-01 9.997701e-02
vertex -6.847378e-02 7.890852e-01 1.003895e-01
endloop
endfacet
facet normal 0 0 0
outer loop
vertex -6.847378e-02 7.887102e-01 9.777701e-02
vertex -6.847378e-02 7.863352e-01 9.777701e-02
vertex -6.847378e-02 7.870852e-01 9.598951e-02
endloop
endfacet
facet normal 0 0 0
outer loop
vertex -6.847378e-02 7.870852e-01 9.818951e-02
vertex -6.847378e-02 7.863352e-01 9.777701e-02
vertex -6.847378e-02 7.887102e-01 9.777701e-02
endloop
endfacet
facet normal 0 0 0
outer loop
vertex -6.847378e-02 7.947102e-01 1.015812e-01
vertex -6.847378e-02 7.930852e-01 1.003895e-01
vertex -6.847378e-02 7.947102e-01 1.005728e-01
endloop
endfacet
facet normal 0 0 0
outer loop
vertex -6.847378e-02 7.930852e-01 1.003895e-01
vertex -6.847378e-02 7.927102e-01 9.997701e-02
vertex -6.847378e-02 7.947102e-01 1.005728e-01
endloop
endfacet
facet normal 0 0 0
outer loop
vertex -6.994045e-02 7.947102e-01 1.010770e-01
vertex -6.847378e-02 7.947102e-01 1.015812e-01
vertex -6.847378e-02 7.947102e-01 1.005728e-01
endloop
endfacet
facet normal 0 0 0
outer loop
vertex -6.847378e-02 7.930852e-01 1.021770e-01
vertex -6.847378e-02 7.930852e-01 1.003895e-01
vertex -6.847378e-02 7.947102e-01 1.015812e-01
endloop
endfacet
facet normal 0 0 0
outer loop
vertex -7.100711e-02 7.947102e-01 9.887701e-02
vertex -6.847378e-02 7.947102e-01 1.005728e-01
vertex -6.847378e-02 7.947102e-01 9.953014e-02
endloop
endfacet
facet normal 0 0 0
outer loop
vertex -6.994045e-02 7.947102e-01 1.010770e-01
vertex -6.847378e-02 7.947102e-01 1.005728e-01
vertex -7.100711e-02 7.947102e-01 9.887701e-02
endloop
endfacet
facet normal 0 0 0
outer loop
vertex -6.847378e-02 7.930852e-01 9.818951e-02
vertex -6.847378e-02 7.947102e-01 9.953014e-02
vertex -6.847378e-02 7.947102e-01 1.005728e-01
endloop
endfacet
facet normal 0 0 0
outer loop
vertex -6.847378e-02 7.927102e-01 9.997701e-02
vertex -6.847378e-02 7.930852e-01 9.818951e-02
vertex -6.847378e-02 7.947102e-01 1.005728e-01
endloop
endfacet
facet normal 0 0 0
outer loop
vertex -6.847378e-02 7.947102e-01 1.049770e-01
vertex -6.847378e-02 7.930852e-01 1.021770e-01
vertex -6.847378e-02 7.947102e-01 1.015812e-01
endloop
endfacet
facet normal 0 0 0
outer loop
vertex -6.847378e-02 7.947102e-01 1.049770e-01
vertex -6.847378e-02 7.947102e-01 1.015812e-01
vertex -6.994045e-02 7.947102e-01 1.010770e-01
endloop
endfacet
facet normal 0 0 0
outer loop
vertex -6.847378e-02 7.870852e-01 9.818951e-02
vertex -6.847378e-02 7.887102e-01 9.777701e-02
vertex -6.847378e-02 7.887102e-01 9.997701e-02
endloop
endfacet
facet normal 0 0 0
outer loop
vertex -6.847378e-02 7.910852e-01 1.003895e-01
vertex -6.847378e-02 7.930852e-01 1.021770e-01
vertex -6.847378e-02 7.907102e-01 1.021770e-01
endloop
endfacet
facet normal 0 0 0
outer loop
vertex -6.847378e-02 7.947102e-01 1.049770e-01
vertex -6.847378e-02 7.927102e-01 1.043770e-01
vertex -6.847378e-02 7.930852e-01 1.021770e-01
endloop
endfacet
facet normal 0 0 0
outer loop
vertex -6.847378e-02 7.887102e-01 9.777701e-02
vertex -6.847378e-02 7.890852e-01 9.818951e-02
vertex -6.847378e-02 7.887102e-01 9.997701e-02
endloop
endfacet
facet normal 0 0 0
outer loop
vertex -6.847378e-02 7.927102e-01 1.043770e-01
vertex -6.847378e-02 7.910852e-01 1.025895e-01
vertex -6.847378e-02 7.930852e-01 1.021770e-01
endloop
endfacet
facet normal 0 0 0
outer loop
vertex -6.847378e-02 7.910852e-01 1.003895e-01
vertex -6.847378e-02 7.907102e-01 9.997701e-02
vertex -6.847378e-02 7.927102e-01 9.997701e-02
endloop
endfacet
facet normal 0 0 0
outer loop
vertex -6.847378e-02 7.930852e-01 1.003895e-01
vertex -6.847378e-02 7.910852e-01 1.003895e-01
vertex -6.847378e-02 7.927102e-01 9.997701e-02
endloop
endfacet
facet normal 0 0 0
outer loop
vertex -6.847378e-02 7.870852e-01 9.598951e-02
vertex -6.847378e-02 7.863352e-01 9.557701e-02
vertex -6.847378e-02 7.887102e-01 9.557701e-02
endloop
endfacet
facet normal 0 0 0
outer loop
vertex -6.847378e-02 7.930852e-01 1.003895e-01
vertex -6.847378e-02 7.930852e-01 1.021770e-01
vertex -6.847378e-02 7.910852e-01 1.003895e-01
endloop
endfacet
facet normal 0 0 0
outer loop
vertex -6.847378e-02 7.887102e-01 9.557701e-02
vertex -6.847378e-02 7.887102e-01 9.777701e-02
vertex -6.847378e-02 7.870852e-01 9.598951e-02
endloop
endfacet
facet normal 0 0 0
outer loop
vertex -6.847378e-02 7.890852e-01 9.818951e-02
vertex -6.847378e-02 7.887102e-01 9.777701e-02
vertex -6.847378e-02 7.907102e-01 9.777701e-02
endloop
endfacet
facet normal 0 0 0
outer loop
vertex -6.847378e-02 7.907102e-01 9.777701e-02
vertex -6.847378e-02 7.907102e-01 9.997701e-02
vertex -6.847378e-02 7.890852e-01 9.818951e-02
endloop
endfacet
facet normal 0 0 0
outer loop
vertex -6.887378e-02 7.887102e-01 9.497701e-02
vertex -6.945559e-02 7.861648e-01 9.497701e-02
vertex -7.100711e-02 7.861648e-01 9.497701e-02
endloop
endfacet
facet normal 0 0 0
outer loop
vertex -7.847378e-02 7.947102e-01 9.997701e-02
vertex -7.847378e-02 7.947102e-01 9.942701e-02
vertex -7.847378e-02 7.957102e-01 9.997701e-02
endloop
endfacet
facet normal 0 0 0
outer loop
vertex -7.811822e-02 7.947102e-01 9.997701e-02
vertex -7.847378e-02 7.947102e-01 9.942701e-02
vertex -7.847378e-02 7.947102e-01 9.997701e-02
endloop
endfacet
facet normal 0 0 0
outer loop
vertex -7.811822e-02 7.947102e-01 9.777701e-02
vertex -7.847378e-02 7.947102e-01 9.832701e-02
vertex -7.811822e-02 7.947102e-01 9.997701e-02
endloop
endfacet
facet normal 0 0 0
outer loop
vertex -7.847378e-02 7.947102e-01 9.832701e-02
vertex -7.847378e-02 7.947102e-01 9.942701e-02
vertex -7.811822e-02 7.947102e-01 9.997701e-02
endloop
endfacet
facet normal 0 0 0
outer loop
vertex -7.847378e-02 7.957102e-01 9.777701e-02
vertex -7.847378e-02 7.947102e-01 9.942701e-02
vertex -7.847378e-02 7.947102e-01 9.832701e-02
endloop
endfacet
facet normal 0 0 0
outer loop
vertex -7.847378e-02 7.957102e-01 9.997701e-02
vertex -7.847378e-02 7.947102e-01 9.942701e-02
vertex -7.847378e-02 7.957102e-01 9.777701e-02
endloop
endfacet
facet normal 0 0 0
outer loop
vertex -7.811822e-02 7.947102e-01 9.997701e-02
vertex -7.634044e-02 7.947102e-01 9.887701e-02
vertex -7.811822e-02 7.947102e-01 9.777701e-02
endloop
endfacet
facet normal 0 0 0
outer loop
vertex -7.847378e-02 7.947102e-01 1.049770e-01
vertex -7.794044e-02 7.947102e-01 1.021770e-01
vertex -7.847378e-02 7.947102e-01 1.021770e-01
endloop
endfacet
facet normal 0 0 0
outer loop
vertex -7.847378e-02 7.947102e-01 1.021770e-01
vertex -7.847378e-02 7.967102e-01 1.021770e-01
vertex -7.847378e-02 7.947102e-01 1.049770e-01
endloop
endfacet
facet normal 0 0 0
outer loop
vertex -7.794044e-02 7.947102e-01 1.021770e-01
vertex -7.847378e-02 7.947102e-01 1.049770e-01
vertex -7.634044e-02 7.947102e-01 1.010770e-01
endloop
endfacet
facet normal 0 0 0
outer loop
vertex -7.847378e-02 7.957102e-01 9.777701e-02
vertex -7.847378e-02 7.947102e-01 9.832701e-02
vertex -7.847378e-02 7.947102e-01 9.777701e-02
endloop
endfacet
facet normal 0 0 0
outer loop
vertex -7.847378e-02 7.947102e-01 9.832701e-02
vertex -7.811822e-02 7.947102e-01 9.777701e-02
vertex -7.847378e-02 7.947102e-01 9.777701e-02
endloop
endfacet
facet normal 0 0 0
outer loop
vertex -7.847378e-02 7.947102e-01 1.016270e-01
vertex -7.847378e-02 7.947102e-01 1.010770e-01
vertex -7.847378e-02 7.957102e-01 1.010770e-01
endloop
endfacet
facet normal 0 0 0
outer loop
vertex -7.811822e-02 7.947102e-01 1.014437e-01
vertex -7.847378e-02 7.947102e-01 1.010770e-01
vertex -7.847378e-02 7.947102e-01 1.016270e-01
endloop
endfacet
facet normal 0 0 0
outer loop
vertex -7.811822e-02 7.947102e-01 1.014437e-01
vertex -7.847378e-02 7.947102e-01 1.016270e-01
vertex -7.794044e-02 7.947102e-01 1.021770e-01
endloop
endfacet
facet normal 0 0 0
outer loop
vertex -7.847378e-02 7.947102e-01 1.016270e-01
vertex -7.847378e-02 7.947102e-01 1.021770e-01
vertex -7.794044e-02 7.947102e-01 1.021770e-01
endloop
endfacet
facet normal 0 0 0
outer loop
vertex -7.847378e-02 7.957102e-01 1.010770e-01
vertex -7.847378e-02 7.947102e-01 1.021770e-01
vertex -7.847378e-02 7.947102e-01 1.016270e-01
endloop
endfacet
facet normal 0 0 0
outer loop
vertex -7.847378e-02 7.967102e-01 1.021770e-01
vertex -7.847378e-02 7.947102e-01 1.021770e-01
vertex -7.847378e-02 7.957102e-01 1.010770e-01
endloop
endfacet
facet normal 0 0 0
outer loop
vertex -7.794044e-02 7.947102e-01 1.021770e-01
vertex -7.634044e-02 7.947102e-01 1.010770e-01
vertex -7.811822e-02 7.947102e-01 1.014437e-01
endloop
endfacet
facet normal 0 0 0
outer loop
vertex -7.403869e-02 7.947102e-01 1.047244e-01
vertex -7.314044e-02 7.947102e-01 1.049770e-01
vertex -7.420711e-02 7.947102e-01 1.032770e-01
endloop
endfacet
facet normal 0 0 0
outer loop
vertex -7.437553e-02 7.947102e-01 1.047244e-01
vertex -7.347729e-02 7.947102e-01 1.049770e-01
vertex -7.403869e-02 7.947102e-01 1.047244e-01
endloop
endfacet
facet normal 0 0 0
outer loop
vertex -7.347729e-02 7.947102e-01 1.049770e-01
vertex -7.314044e-02 7.947102e-01 1.049770e-01
vertex -7.403869e-02 7.947102e-01 1.047244e-01
endloop
endfacet
facet normal 0 0 0
outer loop
vertex -7.403869e-02 7.947102e-01 1.047244e-01
vertex -7.420711e-02 7.947102e-01 1.032770e-01
vertex -7.437553e-02 7.947102e-01 1.047244e-01
endloop
endfacet
facet normal 0 0 0
outer loop
vertex -7.347729e-02 7.947102e-01 1.049770e-01
vertex -7.314044e-02 7.927102e-01 1.049770e-01
vertex -7.314044e-02 7.947102e-01 1.049770e-01
endloop
endfacet
facet normal 0 0 0
outer loop
vertex -7.314044e-02 7.927102e-01 1.049770e-01
vertex -7.347729e-02 7.947102e-01 1.049770e-01
vertex -7.437553e-02 7.947102e-01 1.049770e-01
endloop
endfacet
facet normal 0 0 0
outer loop
vertex -7.420711e-02 7.947102e-01 1.032770e-01
vertex -7.527377e-02 7.947102e-01 1.047244e-01
vertex -7.437553e-02 7.947102e-01 1.047244e-01
endloop
endfacet
facet normal 0 0 0
outer loop
vertex -7.347729e-02 7.947102e-01 1.049770e-01
vertex -7.437553e-02 7.947102e-01 1.047244e-01
vertex -7.437553e-02 7.947102e-01 1.049770e-01
endloop
endfacet
facet normal 0 0 0
outer loop
vertex -7.437553e-02 7.947102e-01 1.047244e-01
vertex -7.527377e-02 7.947102e-01 1.047244e-01
vertex -7.437553e-02 7.947102e-01 1.049770e-01
endloop
endfacet
facet normal 0 0 0
outer loop
vertex -7.314044e-02 7.927102e-01 1.049770e-01
vertex -7.190536e-02 7.947102e-01 1.049770e-01
vertex -7.224220e-02 7.947102e-01 1.049770e-01
endloop
endfacet
facet normal 0 0 0
outer loop
vertex -7.224220e-02 7.947102e-01 1.047244e-01
vertex -7.224220e-02 7.947102e-01 1.049770e-01
vertex -7.190536e-02 7.947102e-01 1.047244e-01
endloop
endfacet
facet normal 0 0 0
outer loop
vertex -7.224220e-02 7.947102e-01 1.049770e-01
vertex -7.190536e-02 7.947102e-01 1.049770e-01
vertex -7.190536e-02 7.947102e-01 1.047244e-01
endloop
endfacet
facet normal 0 0 0
outer loop
vertex -7.190536e-02 7.947102e-01 1.047244e-01
vertex -7.207378e-02 7.947102e-01 1.032770e-01
vertex -7.224220e-02 7.947102e-01 1.047244e-01
endloop
endfacet
facet normal 0 0 0
outer loop
vertex -7.100711e-02 7.947102e-01 1.049770e-01
vertex -7.190536e-02 7.947102e-01 1.049770e-01
vertex -7.314044e-02 7.927102e-01 1.049770e-01
endloop
endfacet
facet normal 0 0 0
outer loop
vertex -7.100711e-02 7.932557e-01 1.049770e-01
vertex -7.100711e-02 7.947102e-01 1.049770e-01
vertex -7.314044e-02 7.927102e-01 1.049770e-01
endloop
endfacet
facet normal 0 0 0
outer loop
vertex -7.100711e-02 7.947102e-01 1.049770e-01
vertex -7.100711e-02 7.947102e-01 1.047244e-01
vertex -7.190536e-02 7.947102e-01 1.047244e-01
endloop
endfacet
facet normal 0 0 0
outer loop
vertex -7.207378e-02 7.947102e-01 1.032770e-01
vertex -7.190536e-02 7.947102e-01 1.047244e-01
vertex -7.100711e-02 7.947102e-01 1.047244e-01
endloop
endfacet
facet normal 0 0 0
outer loop
vertex -7.100711e-02 7.947102e-01 1.049770e-01
vertex -7.190536e-02 7.947102e-01 1.047244e-01
vertex -7.190536e-02 7.947102e-01 1.049770e-01
endloop
endfacet
facet normal 0 0 0
outer loop
vertex -6.847378e-02 7.947102e-01 1.049770e-01
vertex -7.100711e-02 7.947102e-01 1.049770e-01
vertex -7.100711e-02 7.932557e-01 1.049770e-01
endloop
endfacet
facet normal 0 0 0
outer loop
vertex -6.847378e-02 7.947102e-01 1.049770e-01
vertex -7.100711e-02 7.947102e-01 1.047244e-01
vertex -7.100711e-02 7.947102e-01 1.049770e-01
endloop
endfacet
facet normal 0 0 0
outer loop
vertex -7.314044e-02 7.927102e-01 1.049770e-01
vertex -7.437553e-02 7.947102e-01 1.049770e-01
vertex -7.847378e-02 7.947102e-01 1.049770e-01
endloop
endfacet
facet normal 0 0 0
outer loop
vertex -7.847378e-02 7.947102e-01 1.049770e-01
vertex -7.437553e-02 7.947102e-01 1.049770e-01
vertex -7.527377e-02 7.947102e-01 1.047244e-01
endloop
endfacet
facet normal 0 0 0
outer loop
vertex -7.847378e-02 7.947102e-01 1.049770e-01
vertex -7.527377e-02 7.947102e-01 1.047244e-01
vertex -7.420711e-02 7.947102e-01 1.032770e-01
endloop
endfacet
facet normal 0 0 0
outer loop
vertex -7.847378e-02 7.947102e-01 9.497701e-02
vertex -7.847378e-02 7.947102e-01 9.777701e-02
vertex -7.811822e-02 7.947102e-01 9.777701e-02
endloop
endfacet
facet normal 0 0 0
outer loop
vertex -7.847378e-02 7.957102e-01 9.777701e-02
vertex -7.847378e-02 7.947102e-01 9.777701e-02
vertex -7.847378e-02 7.947102e-01 9.497701e-02
endloop
endfacet
facet normal 0 0 0
outer loop
vertex -7.314044e-02 7.947102e-01 9.997701e-02
vertex -7.420711e-02 7.947102e-01 9.777701e-02
vertex -7.527377e-02 7.947102e-01 9.997701e-02
endloop
endfacet
facet normal 0 0 0
outer loop
vertex -7.420711e-02 7.947102e-01 9.777701e-02
vertex -7.634044e-02 7.947102e-01 9.887701e-02
vertex -7.527377e-02 7.947102e-01 9.997701e-02
endloop
endfacet
facet normal 0 0 0
outer loop
vertex -7.634044e-02 7.947102e-01 9.887701e-02
vertex -7.420711e-02 7.947102e-01 9.777701e-02
vertex -7.634044e-02 7.947102e-01 9.667701e-02
endloop
endfacet
facet normal 0 0 0
outer loop
vertex -7.314044e-02 7.947102e-01 9.997701e-02
vertex -7.420711e-02 7.947102e-01 1.010770e-01
vertex -7.207378e-02 7.947102e-01 1.010770e-01
endloop
endfacet
facet normal 0 0 0
outer loop
vertex -7.314044e-02 7.947102e-01 1.021770e-01
vertex -7.207378e-02 7.947102e-01 1.032770e-01
vertex -7.207378e-02 7.947102e-01 1.010770e-01
endloop
endfacet
facet normal 0 0 0
outer loop
vertex -7.100711e-02 7.947102e-01 1.047244e-01
vertex -6.847378e-02 7.947102e-01 1.049770e-01
vertex -7.207378e-02 7.947102e-01 1.032770e-01
endloop
endfacet
facet normal 0 0 0
outer loop
vertex -7.420711e-02 7.947102e-01 1.010770e-01
vertex -7.314044e-02 7.947102e-01 1.021770e-01
vertex -7.207378e-02 7.947102e-01 1.010770e-01
endloop
endfacet
facet normal 0 0 0
outer loop
vertex -7.527377e-02 7.947102e-01 9.997701e-02
vertex -7.634044e-02 7.947102e-01 1.010770e-01
vertex -7.420711e-02 7.947102e-01 1.010770e-01
endloop
endfacet
facet normal 0 0 0
outer loop
vertex -7.314044e-02 7.947102e-01 9.997701e-02
vertex -7.527377e-02 7.947102e-01 9.997701e-02
vertex -7.420711e-02 7.947102e-01 1.010770e-01
endloop
endfacet
facet normal 0 0 0
outer loop
vertex -7.527377e-02 7.947102e-01 9.997701e-02
vertex -7.634044e-02 7.947102e-01 9.887701e-02
vertex -7.634044e-02 7.947102e-01 1.010770e-01
endloop
endfacet
facet normal 0 0 0
outer loop
vertex -7.314044e-02 7.947102e-01 1.021770e-01
vertex -7.420711e-02 7.947102e-01 1.032770e-01
vertex -7.207378e-02 7.947102e-01 1.032770e-01
endloop
endfacet
facet normal 0 0 0
outer loop
vertex -7.420711e-02 7.947102e-01 1.010770e-01
vertex -7.634044e-02 7.947102e-01 1.010770e-01
vertex -7.314044e-02 7.947102e-01 1.021770e-01
endloop
endfacet
facet normal 0 0 0
outer loop
vertex -7.634044e-02 7.947102e-01 9.887701e-02
vertex -7.634044e-02 7.947102e-01 9.667701e-02
vertex -7.847378e-02 7.947102e-01 9.497701e-02
endloop
endfacet
facet normal 0 0 0
outer loop
vertex -7.847378e-02 7.947102e-01 9.497701e-02
vertex -7.811822e-02 7.947102e-01 9.777701e-02
vertex -7.634044e-02 7.947102e-01 9.887701e-02
endloop
endfacet
facet normal 0 0 0
outer loop
vertex -6.887378e-02 7.887102e-01 9.497701e-02
vertex -7.100711e-02 7.861648e-01 9.497701e-02
vertex -7.158893e-02 7.881647e-01 9.497701e-02
endloop
endfacet
facet normal 0 0 0
outer loop
vertex -7.100711e-02 7.861648e-01 9.497701e-02
vertex -7.158893e-02 7.861648e-01 9.497701e-02
vertex -7.158893e-02 7.881647e-01 9.497701e-02
endloop
endfacet
facet normal 0 0 0
outer loop
vertex -7.158893e-02 7.881647e-01 9.497701e-02
vertex -7.158893e-02 7.861648e-01 9.497701e-02
vertex -7.314044e-02 7.861648e-01 9.497701e-02
endloop
endfacet
facet normal 0 0 0
outer loop
vertex -7.314044e-02 7.887102e-01 9.497701e-02
vertex -7.158893e-02 7.881647e-01 9.497701e-02
vertex -7.314044e-02 7.861648e-01 9.497701e-02
endloop
endfacet
facet normal 0 0 0
outer loop
vertex -7.314044e-02 7.861648e-01 9.497701e-02
vertex -7.158893e-02 7.861648e-01 9.497701e-02
vertex -7.365762e-02 7.847102e-01 9.497701e-02
endloop
endfacet
facet normal 0 0 0
outer loop
vertex -6.847378e-02 7.847102e-01 9.497701e-02
vertex -7.100711e-02 7.861648e-01 9.497701e-02
vertex -6.945559e-02 7.861648e-01 9.497701e-02
endloop
endfacet
facet normal 0 0 0
outer loop
vertex -6.847378e-02 7.887102e-01 9.557701e-02
vertex -6.847378e-02 7.881647e-01 9.497701e-02
vertex -6.847378e-02 7.887102e-01 9.497701e-02
endloop
endfacet
facet normal 0 0 0
outer loop
vertex -6.847378e-02 7.881647e-01 9.497701e-02
vertex -6.858287e-02 7.881647e-01 9.497701e-02
vertex -6.847378e-02 7.887102e-01 9.497701e-02
endloop
endfacet
facet normal 0 0 0
outer loop
vertex -6.847378e-02 7.865869e-01 9.497701e-02
vertex -6.847378e-02 7.881647e-01 9.497701e-02
vertex -6.847378e-02 7.863352e-01 9.557701e-02
endloop
endfacet
facet normal 0 0 0
outer loop
vertex -6.847378e-02 7.863352e-01 9.557701e-02
vertex -6.847378e-02 7.881647e-01 9.497701e-02
vertex -6.847378e-02 7.887102e-01 9.557701e-02
endloop
endfacet
facet normal 0 0 0
outer loop
vertex -6.858287e-02 7.864375e-01 9.497701e-02
vertex -6.858287e-02 7.881647e-01 9.497701e-02
vertex -6.847378e-02 7.865869e-01 9.497701e-02
endloop
endfacet
facet normal 0 0 0
outer loop
vertex -6.858287e-02 7.881647e-01 9.497701e-02
vertex -6.847378e-02 7.881647e-01 9.497701e-02
vertex -6.847378e-02 7.865869e-01 9.497701e-02
endloop
endfacet
facet normal 0 0 0
outer loop
vertex -6.945559e-02 7.861648e-01 9.497701e-02
vertex -6.858287e-02 7.881647e-01 9.497701e-02
vertex -6.858287e-02 7.864375e-01 9.497701e-02
endloop
endfacet
facet normal 0 0 0
outer loop
vertex -6.847378e-02 7.901648e-01 9.497701e-02
vertex -6.847378e-02 7.907102e-01 9.497701e-02
vertex -6.847378e-02 7.907102e-01 9.557701e-02
endloop
endfacet
facet normal 0 0 0
outer loop
vertex -7.100711e-02 7.907102e-01 9.497701e-02
vertex -6.858287e-02 7.907102e-01 9.497701e-02
vertex -6.858287e-02 7.901648e-01 9.497701e-02
endloop
endfacet
facet normal 0 0 0
outer loop
vertex -6.847378e-02 7.907102e-01 9.497701e-02
vertex -6.858287e-02 7.901648e-01 9.497701e-02
vertex -6.858287e-02 7.907102e-01 9.497701e-02
endloop
endfacet
facet normal 0 0 0
outer loop
vertex -6.847378e-02 7.907102e-01 9.497701e-02
vertex -6.847378e-02 7.901648e-01 9.497701e-02
vertex -6.858287e-02 7.901648e-01 9.497701e-02
endloop
endfacet
facet normal 0 0 0
outer loop
vertex -7.100711e-02 7.932557e-01 9.497701e-02
vertex -7.100711e-02 7.907102e-01 9.497701e-02
vertex -7.372227e-02 7.921647e-01 9.497701e-02
endloop
endfacet
facet normal 0 0 0
outer loop
vertex -7.372227e-02 7.901648e-01 9.497701e-02
vertex -7.100711e-02 7.907102e-01 9.497701e-02
vertex -7.314044e-02 7.887102e-01 9.497701e-02
endloop
endfacet
facet normal 0 0 0
outer loop
vertex -7.100711e-02 7.907102e-01 9.497701e-02
vertex -7.372227e-02 7.901648e-01 9.497701e-02
vertex -7.372227e-02 7.921647e-01 9.497701e-02
endloop
endfacet
facet normal 0 0 0
outer loop
vertex -7.314044e-02 7.887102e-01 9.497701e-02
vertex -7.585560e-02 7.881647e-01 9.497701e-02
vertex -7.372227e-02 7.901648e-01 9.497701e-02
endloop
endfacet
facet normal 0 0 0
outer loop
vertex -7.527377e-02 7.867102e-01 9.497701e-02
vertex -7.740711e-02 7.861648e-01 9.497701e-02
vertex -7.585560e-02 7.881647e-01 9.497701e-02
endloop
endfacet
facet normal 0 0 0
outer loop
vertex -7.527377e-02 7.867102e-01 9.497701e-02
vertex -7.585560e-02 7.881647e-01 9.497701e-02
vertex -7.314044e-02 7.887102e-01 9.497701e-02
endloop
endfacet
facet normal 0 0 0
outer loop
vertex -7.314044e-02 7.887102e-01 9.497701e-02
vertex -7.314044e-02 7.861648e-01 9.497701e-02
vertex -7.372227e-02 7.861648e-01 9.497701e-02
endloop
endfacet
facet normal 0 0 0
outer loop
vertex -6.858287e-02 7.927102e-01 9.497701e-02
vertex -6.945559e-02 7.921647e-01 9.497701e-02
vertex -6.847378e-02 7.947102e-01 9.497701e-02
endloop
endfacet
facet normal 0 0 0
outer loop
vertex -7.158893e-02 7.881647e-01 9.497701e-02
vertex -7.314044e-02 7.887102e-01 9.497701e-02
vertex -7.100711e-02 7.907102e-01 9.497701e-02
endloop
endfacet
facet normal 0 0 0
outer loop
vertex -7.100711e-02 7.907102e-01 9.497701e-02
vertex -6.887378e-02 7.887102e-01 9.497701e-02
vertex -7.158893e-02 7.881647e-01 9.497701e-02
endloop
endfacet
facet normal 0 0 0
outer loop
vertex -6.858287e-02 7.921647e-01 9.497701e-02
vertex -7.100711e-02 7.907102e-01 9.497701e-02
vertex -6.945559e-02 7.921647e-01 9.497701e-02
endloop
endfacet
facet normal 0 0 0
outer loop
vertex -6.945559e-02 7.921647e-01 9.497701e-02
vertex -6.858287e-02 7.927102e-01 9.497701e-02
vertex -6.858287e-02 7.921647e-01 9.497701e-02
endloop
endfacet
facet normal 0 0 0
outer loop
vertex -7.527377e-02 7.861648e-01 9.497701e-02
vertex -7.847378e-02 7.847102e-01 9.497701e-02
vertex -7.527377e-02 7.867102e-01 9.497701e-02
endloop
endfacet
facet normal 0 0 0
outer loop
vertex -7.372227e-02 7.861648e-01 9.497701e-02
vertex -7.527377e-02 7.867102e-01 9.497701e-02
vertex -7.314044e-02 7.887102e-01 9.497701e-02
endloop
endfacet
facet normal 0 0 0
outer loop
vertex -7.372227e-02 7.861648e-01 9.497701e-02
vertex -7.527377e-02 7.861648e-01 9.497701e-02
vertex -7.527377e-02 7.867102e-01 9.497701e-02
endloop
endfacet
facet normal 0 0 0
outer loop
vertex -7.100711e-02 7.861648e-01 9.497701e-02
vertex -7.100711e-02 7.847102e-01 9.497701e-02
vertex -7.255863e-02 7.847102e-01 9.497701e-02
endloop
endfacet
facet normal 0 0 0
outer loop
vertex -7.255863e-02 7.847102e-01 9.497701e-02
vertex -7.100711e-02 7.847102e-01 9.497701e-02
vertex -7.420711e-02 7.847102e-01 9.667701e-02
endloop
endfacet
facet normal 0 0 0
outer loop
vertex -7.420711e-02 7.847102e-01 9.667701e-02
vertex -7.100711e-02 7.847102e-01 9.497701e-02
vertex -7.100711e-02 7.847102e-01 9.667701e-02
endloop
endfacet
facet normal 0 0 0
outer loop
vertex -7.420711e-02 7.847102e-01 9.667701e-02
vertex -7.475661e-02 7.847102e-01 9.497701e-02
vertex -7.365762e-02 7.847102e-01 9.497701e-02
endloop
endfacet
facet normal 0 0 0
outer loop
vertex -7.475661e-02 7.847102e-01 9.497701e-02
vertex -7.372227e-02 7.861648e-01 9.497701e-02
vertex -7.365762e-02 7.847102e-01 9.497701e-02
endloop
endfacet
facet normal 0 0 0
outer loop
vertex -7.372227e-02 7.861648e-01 9.497701e-02
vertex -7.314044e-02 7.861648e-01 9.497701e-02
vertex -7.365762e-02 7.847102e-01 9.497701e-02
endloop
endfacet
facet normal 0 0 0
outer loop
vertex -7.847378e-02 7.847102e-01 9.497701e-02
vertex -7.475661e-02 7.847102e-01 9.497701e-02
vertex -7.420711e-02 7.847102e-01 9.667701e-02
endloop
endfacet
facet normal 0 0 0
outer loop
vertex -7.847378e-02 7.847102e-01 9.497701e-02
vertex -7.527377e-02 7.861648e-01 9.497701e-02
vertex -7.475661e-02 7.847102e-01 9.497701e-02
endloop
endfacet
facet normal 0 0 0
outer loop
vertex -7.527377e-02 7.861648e-01 9.497701e-02
vertex -7.372227e-02 7.861648e-01 9.497701e-02
vertex -7.475661e-02 7.847102e-01 9.497701e-02
endloop
endfacet
facet normal 0 0 0
outer loop
vertex -7.100711e-02 7.847102e-01 9.497701e-02
vertex -7.100711e-02 7.861648e-01 9.497701e-02
vertex -6.847378e-02 7.847102e-01 9.497701e-02
endloop
endfacet
facet normal 0 0 0
outer loop
vertex -7.100711e-02 7.847102e-01 9.497701e-02
vertex -6.847378e-02 7.847102e-01 9.497701e-02
vertex -7.100711e-02 7.847102e-01 9.667701e-02
endloop
endfacet
facet normal 0 0 0
outer loop
vertex -6.847378e-02 7.907102e-01 9.557701e-02
vertex -6.847378e-02 7.887102e-01 9.557701e-02
vertex -6.847378e-02 7.901648e-01 9.497701e-02
endloop
endfacet
facet normal 0 0 0
outer loop
vertex -6.847378e-02 7.887102e-01 9.557701e-02
vertex -6.847378e-02 7.888361e-01 9.497701e-02
vertex -6.847378e-02 7.901648e-01 9.497701e-02
endloop
endfacet
facet normal 0 0 0
outer loop
vertex -6.858287e-02 7.887102e-01 9.497701e-02
vertex -6.887378e-02 7.887102e-01 9.497701e-02
vertex -6.858287e-02 7.901648e-01 9.497701e-02
endloop
endfacet
facet normal 0 0 0
outer loop
vertex -6.847378e-02 7.901648e-01 9.497701e-02
vertex -6.847378e-02 7.888361e-01 9.497701e-02
vertex -6.858287e-02 7.901648e-01 9.497701e-02
endloop
endfacet
facet normal 0 0 0
outer loop
vertex -6.847378e-02 7.888361e-01 9.497701e-02
vertex -6.858287e-02 7.887102e-01 9.497701e-02
vertex -6.858287e-02 7.901648e-01 9.497701e-02
endloop
endfacet
facet normal 0 0 0
outer loop
vertex -6.858287e-02 7.881647e-01 9.497701e-02
vertex -6.887378e-02 7.887102e-01 9.497701e-02
vertex -6.858287e-02 7.887102e-01 9.497701e-02
endloop
endfacet
facet normal 0 0 0
outer loop
vertex -6.858287e-02 7.881647e-01 9.497701e-02
vertex -6.858287e-02 7.887102e-01 9.497701e-02
vertex -6.847378e-02 7.887102e-01 9.497701e-02
endloop
endfacet
facet normal 0 0 0
outer loop
vertex -6.847378e-02 7.887102e-01 9.497701e-02
vertex -6.858287e-02 7.887102e-01 9.497701e-02
vertex -6.847378e-02 7.888361e-01 9.497701e-02
endloop
endfacet
facet normal 0 0 0
outer loop
vertex -6.847378e-02 7.887102e-01 9.557701e-02
vertex -6.847378e-02 7.887102e-01 9.497701e-02
vertex -6.847378e-02 7.888361e-01 9.497701e-02
endloop
endfacet
facet normal 0 0 0
outer loop
vertex -6.847378e-02 7.865869e-01 9.497701e-02
vertex -6.847378e-02 7.863352e-01 9.557701e-02
vertex -6.847378e-02 7.864611e-01 9.497701e-02
endloop
endfacet
facet normal 0 0 0
outer loop
vertex -6.847378e-02 7.864611e-01 9.497701e-02
vertex -6.858287e-02 7.864375e-01 9.497701e-02
vertex -6.847378e-02 7.865869e-01 9.497701e-02
endloop
endfacet
facet normal 0 0 0
outer loop
vertex -6.847378e-02 7.847102e-01 9.497701e-02
vertex -6.847378e-02 7.864611e-01 9.497701e-02
vertex -6.847378e-02 7.863352e-01 9.557701e-02
endloop
endfacet
facet normal 0 0 0
outer loop
vertex -6.847378e-02 7.864611e-01 9.497701e-02
vertex -6.847378e-02 7.847102e-01 9.497701e-02
vertex -6.858287e-02 7.864375e-01 9.497701e-02
endloop
endfacet
facet normal 0 0 0
outer loop
vertex -6.847378e-02 7.847102e-01 9.497701e-02
vertex -6.945559e-02 7.861648e-01 9.497701e-02
vertex -6.858287e-02 7.864375e-01 9.497701e-02
endloop
endfacet
endsolid artifacts/general-tissue-mesher-2026-10-07/exact-control-volume.mesh__cutting.stl
