time_s,sample,offset_x_m,offset_y_m,offset_z_m,volume_m3,mechanical_change_j,support_work_j,viscous_heat_j,numerical_defect_j
0.000000,0,0.000000004,-0.000000012,0.000000000,0.000765130351,0.000000000000,0.000000000000,0.000000000000,0.000000000000
0.000000,1,-0.000000004,-0.000000012,0.000000000,0.000765130351,0.000000000000,0.000000000000,0.000000000000,0.000000000000
0.000000,2,0.000000004,0.000000000,0.000000004,0.001549388960,0.000000000000,0.000000000000,0.000000000000,0.000000000000
0.000000,3,-0.000000004,0.000000000,0.000000004,0.001549388960,0.000000000000,0.000000000000,0.000000000000,0.000000000000
0.050000,0,-0.000013658,-0.001938021,0.000000540,0.000765137931,-0.002349979458,0.000234693500,0.002582098763,-0.000002574196
0.050000,1,-0.000013658,-0.001937626,0.000014835,0.000765138614,-0.002349922229,0.000234680466,0.002582030466,-0.000002572229
0.050000,2,0.000015184,-0.004665519,0.000024761,0.001549421057,-0.007929073174,-0.001379902436,0.006547306797,-0.000001863941
0.050000,3,0.000015188,-0.004760007,0.000014111,0.001549420956,-0.004393020940,0.002339913796,0.006732017434,-0.000000917301
0.100000,0,-0.000033626,-0.001378895,0.000011106,0.000765132744,-0.002088815537,0.001273122873,0.003355705412,-0.000006232999
0.100000,1,-0.000033569,-0.001378922,0.000023176,0.000765133724,-0.002087114321,0.001274568597,0.003355452121,-0.000006230796
0.100000,2,0.000027608,-0.001192204,-0.000013834,0.001549391445,-0.018124784225,-0.005369267475,0.012754530752,-0.000000985998
0.100000,3,0.000027483,-0.001309848,-0.000030858,0.001549383942,-0.001273557123,0.012135431009,0.013406890290,-0.000002097842
0.150000,0,-0.000009899,-0.001176151,-0.000030559,0.000765129096,-0.000657107812,0.005036689385,0.005690800178,-0.000002997019
0.150000,1,-0.000009787,-0.001176450,-0.000031139,0.000765130464,-0.000664780473,0.005028945963,0.005690725896,-0.000003000541
0.150000,2,0.000019747,-0.005095255,0.000015941,0.001549419797,-0.029582830861,-0.012269219353,0.017311773633,-0.000001837875
0.150000,3,0.000019434,-0.005073913,0.000004083,0.001549422536,0.012322067002,0.030207053206,0.017882375072,-0.000002611132
0.200000,0,0.000058683,-0.002546388,0.000022217,0.000765141791,-0.001804855221,0.004752629702,0.006556338154,-0.000001146770
0.200000,1,0.000058674,-0.002547924,-0.000011234,0.000765140996,-0.001802379801,0.004754359676,0.006555586176,-0.000001153302
0.200000,2,-0.000045029,-0.002057289,-0.000019863,0.001549386799,-0.042353253602,-0.020400508627,0.021951089568,-0.000001655407
0.200000,3,-0.000045037,-0.001818558,-0.000004844,0.001549401512,0.019350595632,0.041556849514,0.022205116482,-0.000001137400
0.250000,0,0.000104162,-0.001541480,0.000024580,0.000765136736,-0.005923162722,0.001582715320,0.007503782857,-0.000002095185
0.250000,1,0.000104259,-0.001542081,-0.000032180,0.000765132158,-0.005892054502,0.001615555511,0.007505509185,-0.000002100828
0.250000,2,-0.000119575,-0.005480571,0.000001623,0.001549414045,-0.039640642300,-0.014041776920,0.025600667101,0.000001801722
0.250000,3,-0.000118975,-0.005043165,0.000037174,0.001549432661,-0.002405817271,0.022501136253,0.024901437358,-0.000005516167
0.300000,0,0.000096969,-0.002443214,-0.000029743,0.000765135548,-0.006752877394,0.002261332941,0.009011558121,-0.000002652213
0.300000,1,0.000097947,-0.002444604,-0.000085241,0.000765127606,-0.006808628774,0.002206407511,0.009012449177,-0.000002587108
0.300000,2,-0.000128730,-0.003124235,-0.000075885,0.001549374149,-0.001240625555,0.028688756715,0.029929236727,-0.000000145543
0.300000,3,-0.000131080,-0.002691722,0.000006197,0.001549392215,-0.045283323590,-0.017138684241,0.028141256558,-0.000003382791
0.350000,0,0.000043970,-0.002751236,0.000045101,0.000765143263,0.003860465590,0.013212580790,0.009350404295,-0.000001710905
0.350000,1,0.000046165,-0.002751572,0.000023446,0.000765134485,0.003791386020,0.013145486712,0.009352508347,-0.000001592345
0.350000,2,-0.000052969,-0.005736054,-0.000060012,0.001549415881,0.093403431871,0.126058118390,0.032657816463,0.000003129944
0.350000,3,-0.000062017,-0.005574602,0.000077945,0.001549396130,-0.084560014163,-0.053958111556,0.030599479147,-0.000002423461
0.400000,0,-0.000061030,-0.001892388,-0.000069094,0.000765130277,0.022566197790,0.032825283336,0.010259588115,0.000000502569
0.400000,1,-0.000059504,-0.001891055,-0.000020763,0.000765126561,0.022675282240,0.032932966262,0.010258304690,0.000000620669
0.400000,2,0.000083825,-0.003053631,-0.000072636,0.001549409094,0.191535432060,0.226576295286,0.035045543521,0.000004680294
0.400000,3,0.000074158,-0.003404050,0.000052585,0.001549368652,-0.118709068119,-0.085282796809,0.033423560178,-0.000002711132
0.450000,0,-0.000198768,-0.002788720,-0.000068610,0.000765129095,0.023736304056,0.034430378218,0.010692875533,-0.000001198630
0.450000,1,-0.000199746,-0.002784170,0.000049654,0.000765137405,0.023725586953,0.034424838401,0.010698098451,-0.000001152998
0.450000,2,0.000211809,-0.004886358,-0.000012951,0.001549417583,0.207017625625,0.242677227907,0.035665822966,0.000006220683
0.450000,3,0.000216364,-0.005770405,0.000128787,0.001549384666,-0.139550036908,-0.104540807046,0.035005361211,-0.000003868652
0.500000,0,-0.000283704,-0.002502370,-0.000035350,0.000765124889,0.011034190818,0.021903989059,0.010868356661,-0.000001441579
0.500000,1,-0.000283855,-0.002497544,0.000124908,0.000765148340,0.010950303857,0.021815584786,0.010864264768,-0.000001016161
0.500000,2,0.000293411,-0.003242945,-0.000013736,0.001549449528,0.158537531979,0.194869681970,0.036342673947,0.000010523955
0.500000,3,0.000308608,-0.004463359,-0.000018030,0.001549368668,-0.138278377018,-0.100874836288,0.037397353239,-0.000006187490
0.550000,0,-0.000251416,-0.002767496,-0.000120835,0.000765118653,-0.009206095377,0.002519325283,0.011726103342,0.000000682682
0.550000,1,-0.000243152,-0.002761972,0.000019050,0.000765138620,-0.009204038193,0.002519628062,0.011724701751,0.000001035496
0.550000,2,0.000291065,-0.005811847,0.000043625,0.001549371330,0.029867951351,0.067384524402,0.037524841626,0.000008268575
0.550000,3,0.000280018,-0.006865554,-0.000115523,0.001549390451,-0.022263936745,0.017792491320,0.040056661883,0.000000233817
0.600000,0,-0.000104761,-0.003406489,0.000056437,0.000765144716,0.011502853940,0.023712510895,0.012212604027,0.000002947072
0.600000,1,-0.000088043,-0.003405502,0.000106444,0.000765107399,0.012017669571,0.024220275522,0.012208189348,0.000005583397
0.600000,2,0.000158021,-0.004756935,0.000052240,0.001549366637,-0.142473059779,-0.102733008333,0.039747080722,0.000007029276
0.600000,3,0.000093401,-0.005145403,-0.000319845,0.001549432587,0.252085949073,0.295378053608,0.043291378347,-0.000000726188
0.650000,0,0.000123403,-0.002459775,0.000060536,0.000765141282,0.058026002117,0.070671788457,0.012647490034,0.000001703695
0.650000,1,0.000135827,-0.002461374,-0.000029717,0.000765110247,0.057497948464,0.070145328788,0.012653065373,0.000005685048
0.650000,2,-0.000102171,-0.006192559,0.000300294,0.001549432327,-0.238340025739,-0.197174903184,0.041173407038,0.000008284483
0.650000,3,-0.000176016,-0.005519310,-0.000268403,0.001549427131,0.492806204787,0.536506358374,0.043698273640,-0.000001879947
0.700000,0,0.000377705,-0.002526610,0.000097968,0.000765134717,0.080582754946,0.093362602436,0.012782613430,0.000002765940
0.700000,1,0.000375452,-0.002535644,-0.000128130,0.000765156753,0.080762630002,0.093528828389,0.012772505104,0.000006306717
0.700000,2,-0.000426422,-0.004756183,0.000361730,0.001549377248,-0.291554444843,-0.248982696091,0.042579221593,0.000007472841
0.700000,3,-0.000416174,-0.003055951,-0.000165886,0.001549392077,0.584132639683,0.628661923386,0.044533137826,0.000003854123
0.750000,0,0.000542007,-0.002718114,0.000235656,0.000765117557,0.067190199527,0.080123741736,0.012934062074,0.000000519866
0.750000,1,0.000537325,-0.002728279,-0.000073998,0.000765165188,0.067262875238,0.080191746088,0.012933911819,0.000005040969
0.750000,2,-0.000624149,-0.006617817,0.000351602,0.001549318712,-0.298304626833,-0.254704224466,0.043613940745,0.000013538379
0.750000,3,-0.000536785,-0.004287727,-0.000053668,0.001549440778,0.553201535486,0.599411648698,0.046210512536,0.000000399324
0.800000,0,0.000486824,-0.002969536,0.000096836,0.000765118967,0.016057221547,0.029311037542,0.013253933437,0.000000117441
0.800000,1,0.000509059,-0.002981059,-0.000185235,0.000765148489,0.016650556246,0.029899795054,0.013255077926,0.000005839118
0.800000,2,-0.000568490,-0.006649261,-0.000122311,0.001549453838,-0.156300599846,-0.109847282105,0.046467552527,0.000014234786
0.800000,3,-0.000558647,-0.004464885,-0.000134853,0.001549404023,0.376248227316,0.422540935798,0.046296056109,0.000003347627
0.850000,0,0.000223504,-0.003844644,0.000124471,0.000765147805,0.009950507541,0.024012746922,0.014062131308,-0.000000108072
0.850000,1,0.000279052,-0.003849861,-0.000019165,0.000765150830,0.008930386158,0.022987416485,0.014062867792,0.000005837465
0.850000,2,-0.000211363,-0.007855564,-0.000549292,0.001549472481,0.324512083779,0.374165459815,0.049670891999,0.000017515963
0.850000,3,-0.000409393,-0.006780382,-0.000027784,0.001549327529,0.014506449520,0.062323255336,0.047819631471,0.000002825655
0.900000,0,-0.000143308,-0.003254389,-0.000012001,0.000765123974,0.083621425551,0.098142026705,0.014518793865,-0.000001807290
0.900000,1,-0.000088700,-0.003248646,0.000071757,0.000765141389,0.084914455884,0.099418360180,0.014508001126,0.000004096831
0.900000,2,0.000284011,-0.005472949,-0.000733997,0.001549516520,0.908142659162,0.959501280541,0.051376811821,0.000018190442
0.900000,3,0.000003073,-0.006124767,0.000223934,0.001549328271,-0.324167109829,-0.273082949628,0.051085926452,0.000001766251
0.950000,0,-0.000512489,-0.002539258,-0.000237370,0.000765120312,0.149878734703,0.164569562036,0.014691862272,0.000001034938
0.950000,1,-0.000497184,-0.002526727,0.000078618,0.000765133067,0.149534362828,0.164223359093,0.014693319209,0.000004322944
0.950000,2,0.000609431,-0.004045814,-0.000433232,0.001549492738,1.044496844232,1.097572866733,0.053098880646,0.000022858144
0.950000,3,0.000536248,-0.006405211,0.000823686,0.001549430107,-0.460319547687,-0.408123976993,0.052199800416,0.000004229721
1.000000,0,-0.000803487,-0.002593616,-0.000230311,0.000765092858,0.147650632344,0.162860924355,0.015208868672,-0.000001423339
1.000000,1,-0.000815989,-0.002575040,0.000238410,0.000765145463,0.148001900704,0.163217095963,0.015218521238,0.000003325979
1.000000,2,0.000765299,-0.002361249,-0.000156894,0.001549492801,1.042992855132,1.101362843040,0.058392570645,0.000022582737
1.000000,3,0.000979185,-0.005858375,0.000899564,0.001549380050,-0.505618293406,-0.452506540508,0.053115379354,0.000003626456
1.050000,0,-0.000852286,-0.002991760,-0.000327504,0.000765098322,0.104035053486,0.119476553523,0.015438233572,-0.000003266465
1.050000,1,-0.000824851,-0.002973942,0.000150294,0.000765073475,0.103256178726,0.118697736348,0.015441626101,0.000000068479
1.050000,2,0.000824917,-0.004264253,-0.000195485,0.001549470048,1.044332049977,1.106682124574,0.062368400758,0.000018326161
1.050000,3,0.000981231,-0.007939502,0.000395237,0.001549416051,-0.395261008765,-0.340264258327,0.055002807535,0.000006057097
1.100000,0,-0.000589886,-0.004115467,-0.000173025,0.000765121554,0.021688766838,0.037946087123,0.016253213619,-0.000004106666
1.100000,1,-0.000477924,-0.004103009,0.000140202,0.000765099427,0.023126917548,0.039389425760,0.016262981084,0.000000472872
1.100000,2,0.000809546,-0.005963452,-0.000462492,0.001549352869,0.571402592584,0.634300977080,0.062917202633,0.000018818138
1.100000,3,0.000500629,-0.008420639,-0.000691717,0.001549543960,0.187724387576,0.248105954080,0.060389075324,0.000007508820
1.150000,0,-0.000101049,-0.004146165,0.000026081,0.000765133816,0.080920719075,0.098116283258,0.017190364490,-0.000005199693
1.150000,1,0.000044739,-0.004149093,0.000032664,0.000765105775,0.079693998233,0.096898677590,0.017203577001,-0.000001102355
1.150000,2,0.000414920,-0.007761179,-0.000115953,0.001549305528,-0.147058778157,-0.080176134164,0.066903184081,0.000020540087
1.150000,3,-0.000244245,-0.007699223,-0.001284829,0.001549542203,1.181497912931,1.244654191615,0.063164197552,0.000007918867
1.200000,0,0.000462172,-0.003006478,0.000074903,0.000765139712,0.208445973688,0.226079811812,0.017627266599,-0.000006571526
1.200000,1,0.000542750,-0.003021107,-0.000256244,0.000765072308,0.208352464850,0.226007126075,0.017651710507,-0.000002950718
1.200000,2,-0.000485981,-0.006762531,0.000781782,0.001549343299,-0.570274713827,-0.498992439346,0.071302338244,0.000020063763
1.200000,3,-0.000861194,-0.004170872,-0.000985410,0.001549332524,1.662149848100,1.726855086053,0.064712228723,0.000006990770
1.250000,0,0.000989280,-0.002367620,0.000242140,0.000765153423,0.225543553704,0.243967700472,0.018417552070,-0.000006594698
1.250000,1,0.000984197,-0.002390768,-0.000349734,0.000765100433,0.225333820200,0.243746532862,0.018410803962,-0.000001908699
1.250000,2,-0.001232625,-0.006488088,0.001634571,0.001549363370,-0.699616539126,-0.627236919534,0.072399438932,0.000019819340
1.250000,3,-0.000982571,-0.002171825,-0.000320216,0.001549309658,1.490871759241,1.566448413086,0.075586237722,0.000009583877
1.300000,0,0.001191568,-0.002575837,0.000230253,0.000765135825,0.218322647588,0.237851894238,0.019520129746,-0.000009116904
1.300000,1,0.001201567,-0.002601631,-0.000445110,0.000765075845,0.218866701470,0.238382299100,0.019511114656,-0.000004482975
1.300000,2,-0.001418295,-0.007182722,0.001245595,0.001549286654,-0.663476972662,-0.589725925954,0.073770713752,0.000019667044
1.300000,3,-0.000979065,-0.002118836,-0.000196780,0.001549552375,1.631563979470,1.718586562590,0.087031476683,0.000008893563
1.350000,0,0.000851572,-0.003855637,0.000229070,0.000765125367,0.111525333531,0.131536651921,0.020001335837,-0.000009982553
1.350000,1,0.000997928,-0.003879791,-0.000310832,0.000765069775,0.110032881173,0.130010353219,0.019975010920,-0.000002461126
1.350000,2,-0.000939173,-0.009440247,-0.000252657,0.001549326925,-0.192784113624,-0.114468970602,0.078337067340,0.000021924318
1.350000,3,-0.001132458,-0.005122580,-0.000676548,0.001549584713,1.543832819359,1.633817203729,0.089992365521,0.000007981151
1.400000,0,0.000169880,-0.004712400,0.000170815,0.000765133598,0.055388797375,0.076842181508,0.021443297896,-0.000010086237
1.400000,1,0.000431536,-0.004717614,-0.000021495,0.000765104563,0.055663673774,0.077096557611,0.021431196693,-0.000001687145
1.400000,2,-0.000008519,-0.008970433,-0.001724638,0.001549474826,1.094800061345,1.180403226275,0.085625116067,0.000021951137
1.400000,3,-0.001007331,-0.007563218,-0.000952093,0.001549350018,0.509667252145,0.603317701967,0.093659357009,0.000008907187
1.450000,0,-0.000464747,-0.003846981,-0.000138936,0.000765140494,0.216226315944,0.238814928601,0.022578004268,-0.000010608389
1.450000,1,-0.000251698,-0.003831859,0.000110295,0.000765139684,0.216532202630,0.239063302772,0.022526490898,-0.000004609244
1.450000,2,0.000881823,-0.006056049,-0.001793864,0.001549391446,2.170909416489,2.257708119543,0.086820250220,0.000021547166
1.450000,3,-0.000065925,-0.008289206,0.000164621,0.001549213305,-0.446327026503,-0.344901508068,0.101433406562,0.000007888126
1.500000,0,-0.001009798,-0.002542802,-0.000355413,0.000765123413,0.297978877951,0.321153139477,0.023165652167,-0.000008609360
1.500000,1,-0.000948217,-0.002517343,0.000269501,0.000765131989,0.297670108567,0.320812567281,0.023138906699,-0.000003552015
1.500000,2,0.001317043,-0.002103375,-0.000763617,0.001549453393,2.044503021801,2.140369072117,0.095891117062,0.000025066746
1.500000,3,0.001313591,-0.006772524,0.001753088,0.001549233551,-0.813391292365,-0.708043402983,0.105354020850,0.000006131468
1.550000,0,-0.001429879,-0.002121444,-0.000517242,0.000765129242,0.291193866324,0.316525669339,0.025323589513,-0.000008213502
1.550000,1,-0.001432301,-0.002093022,0.000299329,0.000765183968,0.291197308916,0.316523510331,0.025321619103,-0.000004582312
1.550000,2,0.001165574,-0.001009465,-0.000173239,0.001549515222,1.914154640870,2.032384709769,0.118255121331,0.000025052432
1.550000,3,0.001822529,-0.006869315,0.002245501,0.001549302717,-0.870090783663,-0.762989253423,0.107104237051,0.000002706811
1.600000,0,-0.001406475,-0.003189695,-0.000455720,0.000765114122,0.254096285462,0.280331803378,0.026225227770,-0.000010290146
1.600000,1,-0.001278962,-0.003158897,0.000303142,0.000765180376,0.254924919770,0.281201258312,0.026269739074,-0.000006599468
1.600000,2,0.001142611,-0.002847557,-0.000604612,0.001549401258,2.286701310422,2.415957378122,0.129281830302,0.000025762602
1.600000,3,0.001334200,-0.008833297,0.000748100,0.001549412834,-0.600454395554,-0.490322627993,0.110135441658,0.000003674096
1.650000,0,-0.000847530,-0.004728551,-0.000138797,0.000765113807,0.089457980027,0.116833899923,0.027366586684,-0.000009333212
1.650000,1,-0.000513055,-0.004711450,0.000297991,0.000765179637,0.090062706603,0.117452157934,0.027382925781,-0.000006525549
1.650000,2,0.001442245,-0.006689184,-0.001484912,0.001549451445,1.638595763018,1.769413223362,0.130841886663,0.000024426319
1.650000,3,0.000447390,-0.010283079,-0.001527948,0.001549488663,0.508421394870,0.626759820806,0.118343112716,0.000004686781
1.700000,0,-0.000083618,-0.004682845,0.000089389,0.000765125056,0.149303164879,0.178692824390,0.029378194058,-0.000011465453
1.700000,1,0.000288085,-0.004695436,0.000024453,0.000765119900,0.148040688696,0.177484656919,0.029436646966,-0.000007321257
1.700000,2,0.000882979,-0.008798777,-0.001033729,0.001549249992,0.101560983942,0.242438519796,0.140904391976,0.000026856122
1.700000,3,-0.000604079,-0.007900698,-0.002538975,0.001549324174,2.207549433196,2.330946314345,0.123400564846,0.000003683696
1.750000,0,0.000682432,-0.003234022,0.000262662,0.000765162244,0.333630290275,0.363721730078,0.030078886765,-0.000012553037
1.750000,1,0.000881633,-0.003264594,-0.000281872,0.000765104791,0.333481080940,0.363645955928,0.030154749954,-0.000010125034
1.750000,2,-0.000760537,-0.008114070,0.001041845,0.001549267696,-0.748426759655,-0.599031470013,0.149421671812,0.000026382171
1.750000,3,-0.001376733,-0.003627007,-0.001603300,0.001549353797,2.603871573800,2.731440142466,0.127571983515,0.000003414849
1.800000,0,0.001398941,-0.002031139,0.000317915,0.000765166188,0.327679377386,0.359745949654,0.032055206428,-0.000011365840
1.800000,1,0.001436670,-0.002062568,-0.000532205,0.000765088615,0.327297347003,0.359398223204,0.032094138445,-0.000006737757
1.800000,2,-0.002079933,-0.006631912,0.002605554,0.001549455425,-0.976167667472,-0.823661591236,0.152531653260,0.000025577024
1.800000,3,-0.001518082,-0.000552042,-0.000410401,0.001549544904,2.100549430205,2.250368691636,0.149824109147,0.000004847716
1.850000,0,0.001590102,-0.002388646,0.000311794,0.000765146662,0.341523741406,0.376031718078,0.034494505158,-0.000013471515
1.850000,1,0.001672530,-0.002420665,-0.000588876,0.000765093814,0.341318898045,0.375780950894,0.034453869508,-0.000008183341
1.850000,2,-0.001827501,-0.007870094,0.001912384,0.001549321517,-0.869282798775,-0.714260870046,0.155046484796,0.000024556067
1.850000,3,-0.001218443,-0.001115078,-0.000376841,0.001549510521,2.431817374371,2.606130967365,0.174317048441,0.000003455448
1.900000,0,0.000941239,-0.004113433,0.000351200,0.000765159232,0.214309551706,0.249492319823,0.035167591243,-0.000015176873
1.900000,1,0.001253123,-0.004142962,-0.000315804,0.000765124843,0.213430822650,0.248575349070,0.035135090803,-0.000009435616
1.900000,2,-0.000744240,-0.010152268,-0.000548448,0.001549223544,-0.199897318873,-0.038922633617,0.161000635655,0.000025950399
1.900000,3,-0.001339646,-0.004518986,-0.001445235,0.001549428365,2.552388821432,2.731684068825,0.179295803590,0.000000556197
1.950000,0,-0.000008844,-0.005083550,0.000179525,0.000765116616,0.084175527493,0.121372580193,0.037183177757,-0.000013874942
1.950000,1,0.000461727,-0.005084400,-0.000006243,0.000765151648,0.084501218073,0.121650989698,0.037140018463,-0.000009753161
1.950000,2,0.000154248,-0.009717175,-0.002645858,0.001549359995,1.469295460124,1.638713530333,0.169442468512,0.000024398302
1.950000,3,-0.001450947,-0.008353108,-0.001948074,0.001549226114,1.100022753022,1.284457489012,0.184435097634,0.000000361644
2.000000,0,-0.000663837,-0.004206589,-0.000140120,0.000765114599,0.264430577666,0.303297442778,0.038851747408,-0.000015117704
2.000000,1,-0.000303988,-0.004179849,0.000217419,0.000765165934,0.264981401228,0.303746844571,0.038754240028,-0.000011203314
2.000000,2,0.001027701,-0.005748156,-0.002499258,0.001549499672,2.756801925956,2.928023258950,0.171242941865,0.000021608870
2.000000,3,-0.000224578,-0.009111702,-0.000323467,0.001549179129,-0.401297371788,-0.203334788746,0.197963405867,0.000000822824
2.050000,0,-0.001231506,-0.002587804,-0.000439375,0.000765083920,0.350632675094,0.390408099860,0.039759978229,-0.000015446537
2.050000,1,-0.001091323,-0.002553613,0.000322768,0.000765162720,0.351239004170,0.390929108338,0.039677610469,-0.000012493699
2.050000,2,0.001592312,-0.001615378,-0.001071195,0.001549424678,2.386196747950,2.571578074327,0.185405026831,0.000023700453
2.050000,3,0.001687231,-0.007455624,0.001971507,0.001549412065,-0.928487833083,-0.724858410336,0.203628011267,-0.000001411480
2.100000,0,-0.001692203,-0.002000014,-0.000610077,0.000765123481,0.338479272355,0.381195846173,0.042702113843,-0.000014459976
2.100000,1,-0.001619097,-0.001968450,0.000313518,0.000765170571,0.338664201347,0.381386680583,0.042708692275,-0.000013786961
2.100000,2,0.001514571,-0.000253849,-0.000387583,0.001549487591,2.181774963325,2.395683605330,0.213932840590,0.000024198586
2.100000,3,0.002247772,-0.006937199,0.002537789,0.001549546899,-0.979660441657,-0.772943905859,0.206714661858,-0.000001873939
2.150000,0,-0.001531331,-0.003231750,-0.000456081,0.000765150832,0.317954917673,0.362019852830,0.044048931823,-0.000016003334
2.150000,1,-0.001301780,-0.003198146,0.000350542,0.000765158873,0.318483702139,0.362597024233,0.044097912819,-0.000015409274
2.150000,2,0.001251978,-0.002521489,-0.001049708,0.001549450086,2.714739476944,2.944217208180,0.229501054112,0.000023322877
2.150000,3,0.001216546,-0.009077652,0.000655836,0.001549353942,-0.659741749165,-0.450261203363,0.209478859125,-0.000001686676
2.200000,0,-0.000801550,-0.004797248,-0.000131309,0.000765174890,0.119347698467,0.164399795915,0.045036637010,-0.000015460438
2.200000,1,-0.000357613,-0.004782125,0.000288008,0.000765139685,0.119758591325,0.164842563851,0.045070948335,-0.000013024190
2.200000,2,0.001343362,-0.006673228,-0.002077700,0.001549342515,2.006393034838,2.237542220878,0.231171677187,0.000022491147
2.200000,3,0.000074583,-0.010288536,-0.001800812,0.001549305591,0.434422202611,0.651653205683,0.217227754659,-0.000003248413
2.250000,0,-0.000054210,-0.004821058,0.000138404,0.000765156697,0.128740164389,0.175967759414,0.047211862817,-0.000015732208
2.250000,1,0.000402501,-0.004836074,0.000027596,0.000765132053,0.128712843024,0.176019728940,0.047292818525,-0.000014067390
2.250000,2,0.000919401,-0.009264024,-0.001490082,0.001549368718,0.251312996146,0.492989804881,0.241701161756,0.000024353021
2.250000,3,-0.000562489,-0.008001527,-0.002842526,0.001549331725,2.059199853775,2.280503052786,0.221297952720,-0.000005246291
2.300000,0,0.000654122,-0.003428326,0.000298963,0.000765153225,0.303933366584,0.351887471909,0.047935743482,-0.000018361843
2.300000,1,0.000918127,-0.003461274,-0.000272880,0.000765114810,0.303509774208,0.351565352045,0.048039250705,-0.000016327132
2.300000,2,-0.000704578,-0.008491208,0.000684767,0.001549306388,-0.715108033736,-0.463506390782,0.251626447645,0.000024804691
2.300000,3,-0.001172330,-0.003681866,-0.001844569,0.001549331452,2.475081584930,2.700479809362,0.225393885149,-0.000004339284
2.350000,0,0.001339827,-0.002163754,0.000322043,0.000765157361,0.308689266225,0.358509996077,0.049805177794,-0.000015552059
2.350000,1,0.001452655,-0.002196075,-0.000499856,0.000765108511,0.308417468239,0.358276624361,0.049844565771,-0.000014590351
2.350000,2,-0.002067763,-0.006952026,0.002154795,0.001549300209,-0.928088243834,-0.673277025724,0.254836255232,0.000025037122
2.350000,3,-0.001565792,-0.000849222,-0.000807120,0.001549442283,1.991850804775,2.239184341533,0.247334679609,0.000001142851
2.400000,0,0.001416080,-0.002493441,0.000324971,0.000765148753,0.316306472445,0.368429455609,0.052106379259,-0.000016603904
2.400000,1,0.001578538,-0.002524726,-0.000493015,0.000765125877,0.315975018315,0.368060904605,0.052070889025,-0.000014997265
2.400000,2,-0.001721837,-0.007697962,0.001469056,0.001549357262,-0.819761430624,-0.562792621783,0.256992766403,0.000023957562
2.400000,3,-0.001397689,-0.001377423,-0.000779236,0.001549619913,2.244010735519,2.513324578993,0.269313617771,-0.000000225703
2.450000,0,0.000694205,-0.004022543,0.000313917,0.000765153509,0.201569892033,0.254186365962,0.052598031592,-0.000018442336
2.450000,1,0.001031341,-0.004047095,-0.000243649,0.000765147216,0.200970270141,0.253548023671,0.052560604212,-0.000017149318
2.450000,2,-0.000452173,-0.009575917,-0.000650567,0.001549308418,-0.304316693540,-0.044023957912,0.260320020087,0.000027284458
2.450000,3,-0.001166452,-0.004815003,-0.001691321,0.001549478432,2.277375507980,2.551533262801,0.274156084726,-0.000001670095
2.500000,0,-0.000109150,-0.004875784,0.000147115,0.000765139890,0.055895225241,0.109958821361,0.054045919096,-0.000017677024
2.500000,1,0.000318541,-0.004874076,0.000029193,0.000765159867,0.055879473106,0.109892352876,0.053995331080,-0.000017548690
2.500000,2,0.000351767,-0.009219027,-0.002211551,0.001549330379,0.916988763450,1.182653169328,0.265690133912,0.000025728033
2.500000,3,-0.000901111,-0.008285863,-0.001835376,0.001549230846,0.934879703860,1.213308539273,0.278430359327,0.000001523914
2.550000,0,-0.000594022,-0.004214605,-0.000111842,0.000765103853,0.168027531312,0.223341824226,0.055294633262,-0.000019659651
2.550000,1,-0.000263186,-0.004190687,0.000217990,0.000765162299,0.168322123949,0.223552993003,0.055211192240,-0.000019676814
2.550000,2,0.000701028,-0.006067754,-0.002218942,0.001549461600,1.920006971105,2.186839976558,0.266854639734,0.000021634282
2.550000,3,-0.000053748,-0.009009106,-0.000502217,0.001549242998,-0.346116218731,-0.057609292795,0.288509524307,0.000002598370
2.600000,0,-0.001066733,-0.002869815,-0.000331050,0.000765084292,0.254684698308,0.310606187006,0.055903125908,-0.000018362790
2.600000,1,-0.000890797,-0.002841772,0.000299236,0.000765150602,0.254980200575,0.310843740904,0.055843607900,-0.000019932429
2.600000,2,0.001113692,-0.002622174,-0.001295190,0.001549493136,1.814430997135,2.090517951836,0.276113091650,0.000026136949
2.600000,3,0.001242176,-0.007564029,0.001149163,0.001549357044,-0.751770254306,-0.458862037742,0.292908340242,0.000000123678
2.650000,0,-0.001369142,-0.002386148,-0.000415347,0.000765090164,0.253923803965,0.311664392013,0.057724005532,-0.000016582516
2.650000,1,-0.001233920,-0.002358310,0.000295367,0.000765141198,0.253955721056,0.311705063378,0.057730125091,-0.000019217231
2.650000,2,0.001364318,-0.001564084,-0.000888020,0.001549396501,1.685574331768,1.980886731150,0.295339299364,0.000026899982
2.650000,3,0.001706624,-0.006971503,0.001411569,0.001549383783,-0.762505971244,-0.467977469848,0.294528133281,-0.000000368115
2.700000,0,-0.001078369,-0.003309498,-0.000285039,0.000765118738,0.219931467437,0.278498015227,0.058549020542,-0.000017527248
2.700000,1,-0.000852671,-0.003283353,0.000282315,0.000765129455,0.220001954764,0.278607893113,0.058583792107,-0.000022146241
2.700000,2,0.001162457,-0.003596045,-0.001231516,0.001549419002,1.876092242152,2.180821937583,0.304754356080,0.000024660648
2.700000,3,0.000921204,-0.008233661,0.000240716,0.001549417634,-0.565851482706,-0.270155918114,0.295693546609,-0.000002017982
2.750000,0,-0.000469239,-0.004425103,-0.000063349,0.000765136178,0.071713073473,0.130707193840,0.058978535253,-0.000015585114
2.750000,1,-0.000148686,-0.004415518,0.000188778,0.000765132925,0.071834322708,0.130867049049,0.059011356377,-0.000021369964
2.750000,2,0.000757865,-0.006890295,-0.001614400,0.001549355868,1.234407930062,1.540301728532,0.305920255057,0.000026456587
2.750000,3,-0.000057879,-0.009067840,-0.001227738,0.001549320196,0.030098106857,0.328626427509,0.298527167915,-0.000001152737
2.800000,0,0.000010592,-0.004482233,0.000116074,0.000765174513,0.046745397678,0.106832333811,0.060071630893,-0.000015305240
2.800000,1,0.000312447,-0.004494742,-0.000000053,0.000765113248,0.046490737948,0.106632083761,0.060121422170,-0.000019923643
2.800000,2,0.000193363,-0.008656039,-0.000987560,0.001549294315,0.073498266281,0.385451718305,0.311982404070,0.000028952047
2.800000,3,-0.000493128,-0.007657490,-0.001786467,0.001549262130,0.939025095486,1.239325940832,0.300300160863,-0.000000684482
2.850000,0,0.000470351,-0.003555689,0.000228544,0.000765152976,0.149187883765,0.209650507368,0.060446063425,-0.000016560178
2.850000,1,0.000671720,-0.003577899,-0.000173663,0.000765093775,0.149198675713,0.209716326259,0.060496701361,-0.000020949184
2.850000,2,-0.000550825,-0.008063634,0.000170147,0.001549282782,-0.501672095718,-0.184579285825,0.317120260284,0.000027450390
2.850000,3,-0.000671164,-0.004805738,-0.001486296,0.001549504190,1.327654210641,1.630055382965,0.302400534891,-0.000000637433
2.900000,0,0.000865245,-0.002728783,0.000250498,0.000765170930,0.181141371799,0.242385730315,0.061226529297,-0.000017829219
2.900000,1,0.001000638,-0.002752891,-0.000273669,0.000765090450,0.181084925338,0.242348918735,0.061243393764,-0.000020599633
2.900000,2,-0.001099355,-0.006980832,0.000826584,0.001549317357,-0.588352858980,-0.269993875610,0.318388375127,0.000029391757
2.900000,3,-0.000917648,-0.002911557,-0.001041776,0.001549544517,1.230433927273,1.542440614406,0.312007361995,0.000000674861
2.950000,0,0.000775292,-0.002945087,0.000230985,0.000765162297,0.172194507997,0.234336981688,0.062123431940,-0.000019041751
2.950000,1,0.000930491,-0.002965833,-0.000238625,0.000765073601,0.172186758032,0.234314641185,0.062107463640,-0.000020419513
2.950000,2,-0.000978329,-0.007201995,0.000441346,0.001549313244,-0.522241839578,-0.203374294675,0.318896431669,0.000028886767
2.950000,3,-0.001014413,-0.003461305,-0.001026963,0.001549358616,1.271597979320,1.592942799798,0.321345454928,0.000000634450
3.000000,0,0.000283785,-0.003829946,0.000175211,0.000765141215,0.091282552416,0.153569346716,0.062264228050,-0.000022566250
3.000000,1,0.000490602,-0.003842722,-0.000099811,0.000765109054,0.091404492065,0.153669824524,0.062245076792,-0.000020255667
3.000000,2,-0.000311722,-0.008121674,-0.000417212,0.001549333270,-0.303767985873,0.015870429779,0.319670301399,0.000031885747
3.000000,3,-0.000716318,-0.005829800,-0.001191604,0.001549362317,1.047436289514,1.370476090638,0.323040517923,0.000000716799
3.050000,0,-0.000111537,-0.004304040,0.000051587,0.000765138828,0.007687046389,0.070422376422,0.062713370152,-0.000021959881
3.050000,1,0.000105475,-0.004301650,0.000034884,0.000765137786,0.007773014250,0.070484925156,0.062691587668,-0.000020323237
3.050000,2,0.000257823,-0.007979984,-0.001063519,0.001549354621,0.168403536536,0.489259769109,0.320888406084,0.000032173511
3.050000,3,-0.000185328,-0.007797937,-0.000974040,0.001549394872,0.317558269542,0.642551088689,0.324991891802,-0.000000927345
3.100000,0,-0.000362168,-0.003948472,-0.000069007,0.000765129784,0.043235026053,0.106347020938,0.063089936785,-0.000022058099
3.100000,1,-0.000189600,-0.003934464,0.000138819,0.000765126092,0.043403977291,0.106489746998,0.063064588545,-0.000021181163
3.100000,2,0.000464300,-0.006393985,-0.001141002,0.001549345438,0.627564621351,0.948884416747,0.321351736477,0.000031941081
3.100000,3,0.000297652,-0.008045344,-0.000313468,0.001549348481,-0.239818097055,0.088873907989,0.328688333202,-0.000003671842
3.150000,0,-0.000618393,-0.003264859,-0.000144142,0.000765124917,0.096724895389,0.160014870686,0.063267549693,-0.000022425604
3.150000,1,-0.000491720,-0.003247182,0.000181192,0.000765197680,0.096808414757,0.160082389650,0.063252480837,-0.000021494056
3.150000,2,0.000539693,-0.004650684,-0.000983130,0.001549338719,0.754119884914,1.078207057602,0.324118457437,0.000031284749
3.150000,3,0.000576570,-0.007203474,0.000206612,0.001549351122,-0.382296465889,-0.052223212360,0.330067059681,-0.000006193848
3.200000,0,-0.000657078,-0.003062953,-0.000149297,0.000765119120,0.105755153204,0.169464872794,0.063684559871,-0.000025159719
3.200000,1,-0.000541355,-0.003045555,0.000171367,0.000765226847,0.105819484687,0.169527939926,0.063688038352,-0.000020416887
3.200000,2,0.000608138,-0.004308455,-0.000868714,0.001549398067,0.749224964760,1.078087178525,0.328892466124,0.000030252359
3.200000,3,0.000592599,-0.006821364,0.000238688,0.001549294496,-0.363192351635,-0.032896653827,0.330290475206,-0.000005222602
3.250000,0,-0.000388795,-0.003490590,-0.000080469,0.000765095374,0.072270555187,0.136130560171,0.063833950906,-0.000026054077
3.250000,1,-0.000259244,-0.003479062,0.000131776,0.000765210778,0.072409383831,0.136275838039,0.063843793293,-0.000022660916
3.250000,2,0.000535104,-0.005518175,-0.000868155,0.001549437305,0.652786065493,0.983566050490,0.330810306458,0.000030321461
3.250000,3,0.000362590,-0.007220207,-0.000113481,0.001549276911,-0.290548025591,0.039871650107,0.330412936014,-0.000006739684
3.300000,0,-0.000113823,-0.003939338,-0.000000411,0.000765077605,0.010246601289,0.074179058712,0.063906808845,-0.000025648577
3.300000,1,0.000020743,-0.003936934,0.000055042,0.000765166070,0.010230207270,0.074169982020,0.063916070103,-0.000023704647
3.300000,2,0.000220096,-0.007031073,-0.000732502,0.001549417682,0.300093899553,0.631294365019,0.331231203752,0.000030738286
3.300000,3,0.000010919,-0.007511470,-0.000478350,0.001549293219,-0.124658536544,0.206099885999,0.330752525721,-0.000005896823
3.350000,0,0.000051184,-0.003933428,0.000066308,0.000765132896,-0.005210994161,0.058903010241,0.064084267760,-0.000029736642
3.350000,1,0.000170342,-0.003938504,-0.000020459,0.000765150593,-0.005239203298,0.058880591760,0.064094036767,-0.000025758291
3.350000,2,-0.000155459,-0.007600449,-0.000432337,0.001549427827,-0.061167690028,0.271475766511,0.332673632996,0.000030176457
3.350000,3,-0.000263002,-0.006945570,-0.000658614,0.001549324959,0.118258342609,0.449252671712,0.330986747375,-0.000007581728
3.400000,0,0.000221613,-0.003580097,0.000104647,0.000765171051,0.023980219350,0.088155880678,0.064145876337,-0.000029784990
3.400000,1,0.000319451,-0.003588514,-0.000063974,0.000765131229,0.023950336469,0.088130592433,0.064153634256,-0.000026621708
3.400000,2,-0.000326631,-0.007244799,-0.000132490,0.001549426847,-0.200216965866,0.133394322454,0.333640824314,0.000029535994
3.400000,3,-0.000349448,-0.005956283,-0.000660988,0.001549532723,0.287784169640,0.619229431101,0.331437661831,-0.000007599629
3.450000,0,0.000287918,-0.003332548,0.000100957,0.000765105428,0.042376294808,0.106650307915,0.064245623546,-0.000028389561
3.450000,1,0.000374931,-0.003343282,-0.000069421,0.000765092939,0.042346837788,0.106621784087,0.064247108840,-0.000027837459
3.450000,2,-0.000277576,-0.006796998,-0.000039771,0.001549489623,-0.203099507808,0.130677141631,0.333803645561,0.000026996121
3.450000,3,-0.000315954,-0.005468025,-0.000624894,0.001549556301,0.334553211727,0.667289372889,0.332729279361,-0.000006881801
3.500000,0,0.000141980,-0.003446767,0.000073807,0.000765150996,0.033826409868,0.098174557049,0.064318689532,-0.000029457649
3.500000,1,0.000227654,-0.003452598,-0.000039741,0.000765107365,0.033868928700,0.098213042830,0.064316589279,-0.000027524851
3.500000,2,-0.000153276,-0.006805897,-0.000110797,0.001549489954,-0.174007780363,0.159789747564,0.333824868884,0.000027340957
3.500000,3,-0.000237601,-0.005904701,-0.000577051,0.001549528001,0.290658430844,0.624214675733,0.333547803712,-0.000008441177
3.550000,0,-0.000024636,-0.003691345,0.000032587,0.000765206068,0.006109235933,0.070463915725,0.064325496544,-0.000029183249
3.550000,1,0.000058029,-0.003692298,0.000000145,0.000765145044,0.006147698109,0.070498515568,0.064323874374,-0.000026943085
3.550000,2,-0.000034687,-0.006967316,-0.000240544,0.001549496132,-0.126696666269,0.207133361803,0.333859427930,0.000029399858
3.550000,3,-0.000115313,-0.006690963,-0.000492509,0.001549446492,0.148031960117,0.481721101175,0.333681091905,-0.000008049154
3.600000,0,-0.000085379,-0.003767067,-0.000004957,0.000765181042,-0.012209495150,0.052178267597,0.064357885289,-0.000029877457
3.600000,1,-0.000010140,-0.003765144,0.000029450,0.000765149918,-0.012205547413,0.052179306259,0.064356721417,-0.000028132255
3.600000,2,0.000079197,-0.006859122,-0.000320970,0.001549473593,-0.052334948626,0.281557052189,0.333917439568,0.000025438753
3.600000,3,0.000035226,-0.007122615,-0.000357902,0.001549358848,-0.009642723528,0.324367910462,0.334003138131,-0.000007495858
3.650000,0,-0.000137263,-0.003656361,-0.000022417,0.000765153140,-0.008610650819,0.055794647588,0.064375765180,-0.000029533227
3.650000,1,-0.000070535,-0.003651408,0.000046194,0.000765087467,-0.008616023378,0.055787103671,0.064374947478,-0.000028179572
3.650000,2,0.000167207,-0.006500709,-0.000352679,0.001549470619,0.019928937760,0.353891063168,0.333988205049,0.000026079641
3.650000,3,0.000138551,-0.007025213,-0.000239107,0.001549459401,-0.084310884414,0.249998275644,0.334302558094,-0.000006601964
3.700000,0,-0.000165130,-0.003541361,-0.000021544,0.000765101175,-0.000456636274,0.063959582638,0.064386206881,-0.000030012030
3.700000,1,-0.000104533,-0.003539185,0.000040778,0.000765102708,-0.000466602984,0.063946837356,0.064386699186,-0.000026741153
3.700000,2,0.000163208,-0.006313861,-0.000344990,0.001549394788,0.053938633502,0.388063899797,0.334152780461,0.000027514166
3.700000,3,0.000121837,-0.006797237,-0.000179778,0.001549418560,-0.091509442507,0.242875784520,0.334379839140,-0.000005387887
3.750000,0,-0.000083858,-0.003555784,-0.000007551,0.000765080855,-0.000685586220,0.063740033830,0.064394732496,-0.000030887553
3.750000,1,-0.000027908,-0.003553592,0.000025342,0.000765153391,-0.000673146150,0.063747540384,0.064396200262,-0.000024486272
3.750000,2,0.000072486,-0.006464276,-0.000321700,0.001549361073,0.042425396575,0.376665547226,0.334269520392,0.000029369741
3.750000,3,0.000027387,-0.006712657,-0.000177373,0.001549337387,-0.079286420415,0.255111166853,0.334392327777,-0.000005259491
3.800000,0,0.000004250,-0.003628579,0.000008604,0.000765090901,-0.007560359413,0.056866844264,0.064396183327,-0.000031020350
3.800000,1,0.000055817,-0.003627461,0.000006987,0.000765203225,-0.007561478955,0.056861019718,0.064397310098,-0.000025188575
3.800000,2,-0.000011718,-0.006742714,-0.000280522,0.001549349658,0.001817944984,0.336090151857,0.334301869752,0.000029662879
3.800000,3,-0.000040597,-0.006739615,-0.000189881,0.001549282718,-0.065832437691,0.268576413696,0.334403343503,-0.000005507885
3.850000,0,0.000004774,-0.003644450,0.000015589,0.000765155645,-0.012813115997,0.051617623154,0.064399157694,-0.000031581457
3.850000,1,0.000052120,-0.003645841,-0.000003731,0.000765119536,-0.012815839308,0.051610671706,0.064399883568,-0.000026627447
3.850000,2,-0.000030527,-0.006849053,-0.000238595,0.001549347299,-0.033722135567,0.300600091089,0.334352385296,0.000030158640
3.850000,3,-0.000048885,-0.006704868,-0.000196026,0.001549322521,-0.052856570320,0.281566779534,0.334418240048,-0.000005109806
3.900000,0,-0.000006126,-0.003617909,0.000014302,0.000765158590,-0.013676129598,0.050754956817,0.064400212821,-0.000030873593
3.900000,1,0.000036662,-0.003618924,-0.000004044,0.000765123065,-0.013676200773,0.050751437401,0.064400953043,-0.000026685131
3.900000,2,-0.000007381,-0.006789573,-0.000202842,0.001549403070,-0.046688113762,0.287668503082,0.334388211652,0.000031594808
3.900000,3,-0.000034379,-0.006661928,-0.000191657,0.001549477156,-0.044249697502,0.290188121192,0.334433521594,-0.000004297100
3.950000,0,0.000000126,-0.003608000,0.000005742,0.000765114049,-0.013498008876,0.050932802472,0.064400650658,-0.000030160690
3.950000,1,0.000039340,-0.003608803,0.000002960,0.000765076588,-0.013498233262,0.050928830691,0.064401268795,-0.000025795158
3.950000,2,0.000010343,-0.006716604,-0.000180151,0.001549463791,-0.046702509283,0.287670263249,0.334401152785,0.000028380252
3.950000,3,-0.000019748,-0.006692982,-0.000182310,0.001549461198,-0.043596437303,0.290855344107,0.334446674114,-0.000005107297
4.000000,0,-0.000029641,-0.003621129,-0.000001839,0.000765082328,-0.013711718388,0.050720779244,0.064400924195,-0.000031573437
4.000000,1,0.000006045,-0.003621345,0.000006415,0.000765112668,-0.013710417598,0.050716860243,0.064401423544,-0.000025854297
4.000000,2,0.000017893,-0.006710653,-0.000163531,0.001549471296,-0.045598139299,0.288784492649,0.334410617262,0.000027985314
4.000000,3,-0.000002849,-0.006775855,-0.000172438,0.001549375319,-0.045592676972,0.288870589890,0.334457777812,-0.000005489049
4.050000,0,-0.000033060,-0.005333873,-0.000019261,0.000765145242,0.189135671376,0.255873949452,0.066707692901,-0.000030585175
4.050000,1,-0.000000789,-0.005334859,-0.000022736,0.000765099212,0.189197301125,0.255931625060,0.066708709608,-0.000025614327
4.050000,2,0.000007757,-0.011570383,-0.000428395,0.001549467419,0.439566036340,0.781905947098,0.342375824345,0.000035913588
4.050000,3,-0.000002550,-0.011514898,-0.000424408,0.001549520355,0.439128563999,0.781445609948,0.342316252240,-0.000000793709
4.100000,0,0.000004229,-0.004682809,0.000045145,0.000765154247,0.587772717544,0.655091574566,0.067286561346,-0.000032295676
4.100000,1,0.000034308,-0.004681349,0.000049943,0.000765081687,0.587591122330,0.654907287109,0.067287838548,-0.000028326231
4.100000,2,0.000008213,-0.007496211,-0.000388207,0.001549311346,1.554386332944,1.903284227266,0.348932455719,0.000034561397
4.100000,3,-0.000005489,-0.007546859,-0.000392833,0.001549502571,1.554440117552,1.903154461296,0.348709738930,-0.000004604814
4.150000,0,-0.000006151,-0.004157850,-0.000112148,0.000765168275,1.353591787349,1.422307183828,0.068681488102,-0.000033908377
4.150000,1,0.000020049,-0.004157559,-0.000109939,0.000765090287,1.352508021817,1.421217697330,0.068682662542,-0.000027012971
4.150000,2,0.000007263,-0.010971860,-0.000743163,0.001549372987,3.233807902870,3.586219808378,0.352450907278,0.000039001771
4.150000,3,-0.000012869,-0.010919962,-0.000736617,0.001549478672,3.234815470458,3.586965223361,0.352146063379,-0.000003689523
4.200000,0,-0.000032493,-0.005066329,-0.000011091,0.000765163520,2.029128869307,2.098166757629,0.069002003428,-0.000035884894
4.200000,1,-0.000006752,-0.005065413,-0.000016364,0.000765111883,2.028890100119,2.097922134820,0.069003114946,-0.000028919754
4.200000,2,0.000004977,-0.006787615,-0.000660841,0.001549351643,4.925636989848,5.280669280786,0.355067956064,0.000035665125
4.200000,3,-0.000013100,-0.006829037,-0.000664502,0.001549349976,4.925073758599,5.279735203433,0.354652929919,-0.000008514915
4.250000,0,-0.000009191,-0.003625118,0.000001632,0.000765152458,2.626172062283,2.695721153881,0.069510175013,-0.000038916586
4.250000,1,0.000015359,-0.003623705,0.000004197,0.000765088063,2.626385385181,2.695927241120,0.069511302208,-0.000030553731
4.250000,2,0.000013661,-0.009066954,-0.001075446,0.001549433955,6.451467061957,6.807775126894,0.356346394069,0.000038329132
4.250000,3,0.000003777,-0.009026634,-0.001072339,0.001549437577,6.452749234752,6.808620031430,0.355861232440,-0.000009564238
4.300000,0,0.000002927,-0.003738975,-0.000165344,0.000765140958,3.204108989495,3.273796866129,0.069649500701,-0.000038375933
4.300000,1,0.000025774,-0.003740107,-0.000169535,0.000765078121,3.203572831543,3.273257185566,0.069651013932,-0.000033340091
4.300000,2,0.000005589,-0.005204953,-0.000897027,0.001549415986,7.483698190866,7.842496243285,0.358836461514,0.000038409095
4.300000,3,-0.000004956,-0.005243913,-0.000904312,0.001549352518,7.483082658198,7.841373849751,0.358283802486,-0.000007389067
4.350000,0,-0.000018427,-0.003589878,0.000093789,0.000765135108,3.393428700402,3.464238069509,0.070769407404,-0.000039961703
4.350000,1,0.000001426,-0.003589633,0.000094601,0.000765113943,3.392062362964,3.462865768129,0.070771093564,-0.000032311601
4.350000,2,0.000002324,-0.006910484,-0.001211627,0.001549556223,8.058959628924,8.420969322444,0.362047158691,0.000037465171
4.350000,3,-0.000012971,-0.006879521,-0.001209968,0.001549444275,8.059919964535,8.421360494691,0.361430559346,-0.000009970811
4.400000,0,-0.000014983,-0.002394334,-0.000089196,0.000765067960,3.561864799171,3.633610347740,0.071704724556,-0.000040824013
4.400000,1,0.000001943,-0.002392465,-0.000088141,0.000765079858,3.561139569059,3.632877197900,0.071705556935,-0.000032071906
4.400000,2,0.000009119,-0.003668720,-0.000860735,0.001549500494,8.269015035673,8.635990127922,0.367016859004,0.000041766755
4.400000,3,-0.000005316,-0.003701072,-0.000865064,0.001549393886,8.268415859298,8.634788910380,0.366365640355,-0.000007410727
4.450000,0,0.000001076,-0.002847557,-0.000011588,0.000765085502,3.597407532123,3.670335329579,0.072886145988,-0.000041651468
4.450000,1,0.000018894,-0.002844491,-0.000013300,0.000765075130,3.597745963767,3.670666822631,0.072888380022,-0.000032478842
4.450000,2,0.000005522,-0.005132000,-0.001058935,0.001549534095,8.256861317129,8.629716537749,0.372898216676,0.000042996056
4.450000,3,-0.000003988,-0.005104474,-0.001053146,0.001549499501,8.257626479776,8.629822685499,0.372188052513,-0.000008153210
4.500000,0,-0.000006773,-0.002196966,0.000116247,0.000765187014,3.594591309671,3.669323357158,0.074690460797,-0.000041586690
4.500000,1,0.000007014,-0.002196956,0.000118430,0.000765103807,3.594585562654,3.669310543085,0.074691535875,-0.000033444556
4.500000,2,0.000004815,-0.002688839,-0.000707242,0.001549271681,8.261069382482,8.639628381813,0.378602495324,0.000043495992
4.500000,3,-0.000000989,-0.002713237,-0.000710289,0.001549506554,8.260470032601,8.638352957809,0.377878611766,-0.000004313442
4.550000,0,-0.000016658,-0.001919867,-0.000084342,0.000765181770,3.580793564653,3.656250404220,0.075414567677,-0.000042271890
4.550000,1,-0.000001234,-0.001923925,-0.000087224,0.000765143938,3.580885284655,3.656334709272,0.075416469978,-0.000032954640
4.550000,2,0.000001310,-0.004257262,-0.000821542,0.001549379205,8.241732793481,8.625586988030,0.383896727548,0.000042532998
4.550000,3,-0.000006699,-0.004234182,-0.000822767,0.001549517017,8.241503316701,8.624630969141,0.383121628922,-0.000006023518
4.600000,0,-0.000001611,-0.002466529,0.000149959,0.000765157928,3.551839423157,3.628304936389,0.076420469030,-0.000045044203
4.600000,1,0.000011727,-0.002464635,0.000149955,0.000765164048,3.552805103634,3.629259610459,0.076422308318,-0.000032198507
4.600000,2,-0.000000100,-0.002714176,-0.000498828,0.001549533556,8.246154077275,8.633114425485,0.387003482429,0.000043134220
4.600000,3,-0.000009133,-0.002736528,-0.000499809,0.001549348723,8.245992339617,8.632218356804,0.386223209932,-0.000002807255
4.650000,0,0.000000535,-0.002052154,0.000020996,0.000765117937,3.440333881599,3.517204945077,0.076826224475,-0.000044839003
4.650000,1,0.000010662,-0.002049330,0.000020513,0.000765136578,3.439881909903,3.516740676694,0.076827722189,-0.000031044602
4.650000,2,0.000006923,-0.004525285,-0.000532716,0.001549487582,8.028592672399,8.417704348596,0.389155803108,0.000044126911
4.650000,3,0.000000457,-0.004508651,-0.000531587,0.001549317381,8.027398146671,8.415742621625,0.388338319943,-0.000006155011
4.700000,0,-0.000012389,-0.002641990,0.000010541,0.000765144235,3.114369991330,3.191334926744,0.076917149282,-0.000047786131
4.700000,1,-0.000001228,-0.002641068,0.000008672,0.000765107334,3.112823157297,3.189771896525,0.076918871773,-0.000029867456
4.700000,2,0.000004375,-0.003829201,-0.000323456,0.001549316062,7.472644908251,7.862072026180,0.389469989807,0.000042871878
4.700000,3,0.000000672,-0.003847066,-0.000325812,0.001549332457,7.472019049780,7.860668899190,0.388645333569,-0.000004515841
4.750000,0,-0.000006379,-0.003100378,0.000145008,0.000765159264,2.692455499548,2.769480874315,0.076976053831,-0.000049320936
4.750000,1,0.000003042,-0.003097753,0.000146613,0.000765098368,2.691217773615,2.768228444727,0.076977799221,-0.000032871891
4.750000,2,0.000001928,-0.005875349,-0.000353797,0.001549387538,6.433487936236,6.823611306517,0.390164646587,0.000041276307
4.750000,3,-0.000003856,-0.005860112,-0.000351522,0.001549293347,6.432085366236,6.821409843467,0.389318684110,-0.000005793120
4.800000,0,0.000003119,-0.003192715,-0.000061295,0.000765154739,2.024743292604,2.102110652926,0.077318107750,-0.000049252573
4.800000,1,0.000011456,-0.003191552,-0.000062005,0.000765062297,2.024937097819,2.102288317443,0.077320113980,-0.000031105644
4.800000,2,0.000002399,-0.005803298,-0.000210410,0.001549452021,4.944705719833,5.335955341018,0.391287687473,0.000038066287
4.800000,3,-0.000003567,-0.005815931,-0.000210474,0.001549450787,4.944201731086,5.334636068449,0.390428268382,-0.000006068981
4.850000,0,-0.000006073,-0.004043410,0.000084163,0.000765160553,1.299977090583,1.378082444072,0.078057959715,-0.000047393774
4.850000,1,0.000002908,-0.004041206,0.000081366,0.000765122170,1.300357720183,1.378449711610,0.078059368334,-0.000032623093
4.850000,2,0.000000408,-0.007747332,-0.000141419,0.001549471387,3.230022915228,3.624275105676,0.394289519094,0.000037328646
4.850000,3,-0.000002816,-0.007735308,-0.000144687,0.001549565292,3.228056041354,3.621485925447,0.393422484929,-0.000007399164
4.900000,0,-0.000010564,-0.004261480,0.000017959,0.000765165121,0.652482717833,0.731446556506,0.078914647645,-0.000049191029
4.900000,1,-0.000001743,-0.004259788,0.000014702,0.000765180957,0.651902474727,0.730851716613,0.078916833080,-0.000032408806
4.900000,2,0.000002817,-0.007797863,0.000003139,0.001549475062,1.581970864043,1.980866764843,0.398931851685,0.000035950884
4.900000,3,0.000002143,-0.007810523,0.000005270,0.001549548231,1.581513285362,1.979567795270,0.398048202771,-0.000006307137
4.950000,0,0.000000920,-0.004564257,-0.000072125,0.000765178382,0.158813412838,0.239322081333,0.080459031700,-0.000049636795
4.950000,1,0.000006317,-0.004563149,-0.000073861,0.000765222550,0.158359542720,0.238854675752,0.080460406485,-0.000034726547
4.950000,2,0.000000935,-0.009254092,0.000029553,0.001549404473,0.413277115386,0.818015216882,0.404777596583,0.000039495087
4.950000,3,-0.000000140,-0.009249984,0.000030366,0.001549360736,0.412756972382,0.816656782301,0.403893993106,-0.000005816813
5.000000,0,-0.000000363,-0.005060654,0.000057310,0.000765157727,-0.007807696381,0.073947797249,0.081705927733,-0.000049565897
5.000000,1,0.000007126,-0.005059416,0.000059335,0.000765195689,-0.007813961577,0.073928824885,0.081707730204,-0.000035056258
5.000000,2,-0.000000446,-0.009126785,0.000062378,0.001549335852,-0.030738655635,0.380105698747,0.410883084163,0.000038729781
5.000000,3,-0.000004857,-0.009140373,0.000060133,0.001549282787,-0.030709272655,0.379280190368,0.409982979668,-0.000006483356
5.050000,0,-0.000007102,-0.003147363,-0.000051908,0.000765074229,-0.008830339511,0.073935131694,0.082715643597,-0.000049827608
5.050000,1,-0.000001554,-0.003151034,-0.000052218,0.000765101032,-0.008835796751,0.073916159330,0.082716620229,-0.000035335851
5.050000,2,0.000003370,-0.005041390,0.000223690,0.001549509792,-0.032945456771,0.380071209823,0.413054733530,0.000038066936
5.050000,3,-0.000002175,-0.005035934,0.000222950,0.001549271218,-0.032930273599,0.379245701445,0.412169558289,-0.000006416755
5.100000,0,-0.000003376,-0.003966518,-0.000054111,0.000765107722,-0.009434151339,0.073935131694,0.083320114254,-0.000049168779
5.100000,1,0.000001950,-0.003970492,-0.000055494,0.000765088715,-0.009440683233,0.073916159330,0.083320253628,-0.000036588935
5.100000,2,0.000001939,-0.008673105,0.000087887,0.001549495783,-0.034871146822,0.380071209823,0.414980102861,0.000037746216
5.100000,3,-0.000001338,-0.008676075,0.000088665,0.001549384342,-0.034864558073,0.379245701445,0.414106253166,-0.000004006352
5.150000,0,0.000000508,-0.004349845,0.000088641,0.000765196625,-0.010046238185,0.073935131694,0.083930557900,-0.000050811978
5.150000,1,0.000006662,-0.004350631,0.000088276,0.000765210546,-0.010050946306,0.073916159330,0.083929876462,-0.000037229174
5.150000,2,0.000000113,-0.005197114,0.000203346,0.001549217681,-0.036458328281,0.380071209823,0.416566377423,0.000036839319
5.150000,3,-0.000001815,-0.005186368,0.000204181,0.001549439602,-0.036461849506,0.379245701445,0.415703326356,-0.000004224595
5.200000,0,-0.000003764,-0.002971033,-0.000074100,0.000765155121,-0.010632463472,0.073935131694,0.084514216357,-0.000053378810
5.200000,1,-0.000000053,-0.002970902,-0.000075147,0.000765172064,-0.010634030997,0.073916159330,0.084512956480,-0.000037233846
5.200000,2,0.000000022,-0.008422421,0.000085615,0.001549306047,-0.037835981225,0.380071209823,0.417943963541,0.000036772493
5.200000,3,-0.000002741,-0.008422961,0.000087720,0.001549575403,-0.037847760050,0.379245701445,0.417088711548,-0.000004749947
5.250000,0,-0.000003922,-0.004268901,0.000028144,0.000765186254,-0.011142342824,0.073935131694,0.085022450044,-0.000055024474
5.250000,1,0.000000714,-0.004267565,0.000029097,0.000765097908,-0.011141726421,0.073916159330,0.085020513226,-0.000037372525
5.250000,2,0.000000534,-0.005536747,0.000156175,0.001549499143,-0.038990579422,0.380071209823,0.419098023674,0.000036234428
5.250000,3,-0.000002835,-0.005530802,0.000153509,0.001549426378,-0.039009819700,0.379245701445,0.418250898141,-0.000004623004
5.300000,0,0.000000299,-0.003559103,0.000102400,0.000765120728,-0.011515941346,0.073935131694,0.085394354362,-0.000056718679
5.300000,1,0.000004177,-0.003559560,0.000101963,0.000765067945,-0.011514104471,0.073916159330,0.085392004346,-0.000038259455
5.300000,2,0.000002942,-0.008217092,0.000088098,0.001549525765,-0.039981436238,0.380071209823,0.420088791005,0.000036144944
5.300000,3,0.000000819,-0.008220691,0.000086459,0.001549289172,-0.040009387264,0.379245701445,0.419247526378,-0.000007562331
5.350000,0,-0.000000511,-0.003259582,-0.000107970,0.000765068156,-0.011781226631,0.073935131694,0.085659549164,-0.000056809161
5.350000,1,0.000002554,-0.003262801,-0.000107886,0.000765148042,-0.011779243878,0.073916159330,0.085656921526,-0.000038481682
5.350000,2,0.000000931,-0.005711450,0.000128963,0.001549292748,-0.040822351669,0.380071209823,0.420930325262,0.000036763769
5.350000,3,0.000001605,-0.005709406,0.000129374,0.001549243183,-0.040857264145,0.379245701445,0.420094407040,-0.000008558550
5.400000,0,-0.000004216,-0.004148825,0.000126507,0.000765110998,-0.012106864039,0.073935131694,0.085984110978,-0.000057884755
5.400000,1,-0.000001649,-0.004155159,0.000127458,0.000765206998,-0.012102281404,0.073916159330,0.085980938918,-0.000037501816
5.400000,2,-0.000000925,-0.007938539,0.000070798,0.001549340311,-0.041531637886,0.380071209823,0.421638402235,0.000035554526
5.400000,3,-0.000001155,-0.007939362,0.000068828,0.001549465697,-0.041569548530,0.379245701445,0.420806331455,-0.000008918521
5.450000,0,-0.000000896,-0.003186251,-0.000016689,0.000765113451,-0.012380709444,0.073935131694,0.086255126199,-0.000060714938
5.450000,1,0.000002767,-0.003193133,-0.000015642,0.000765125848,-0.012373636999,0.073916159330,0.086251542861,-0.000038253468
5.450000,2,0.000000262,-0.005870232,0.000093584,0.001549540263,-0.042147638945,0.380071209823,0.422252396457,0.000033547689
5.450000,3,-0.000000152,-0.005865527,0.000093014,0.001549445161,-0.042187371923,0.379245701445,0.421424046050,-0.000009027318
5.500000,0,0.000000659,-0.003681834,-0.000082907,0.000765092538,-0.012548112032,0.073935131694,0.086422288081,-0.000060955645
5.500000,1,0.000003909,-0.003685722,-0.000081362,0.000765048175,-0.012541448929,0.073916159330,0.086418515619,-0.000039092640
5.500000,2,0.000001094,-0.007736949,0.000072517,0.001549501259,-0.042656462249,0.380071209823,0.422759669249,0.000031997177
5.500000,3,0.000000480,-0.007734778,0.000072125,0.001549350522,-0.042696169970,0.379245701445,0.421934619027,-0.000007252387
5.550000,0,-0.000002646,-0.003865513,0.000108368,0.000765115756,-0.012714677002,0.073935131694,0.086587405776,-0.000062402920
5.550000,1,-0.000001387,-0.003863520,0.000109160,0.000765134835,-0.012706042159,0.073916159330,0.086583395280,-0.000038806208
5.550000,2,0.000001816,-0.006019655,0.000100660,0.001549189762,-0.043102272230,0.380071209823,0.423206156324,0.000032674270
5.550000,3,0.000001115,-0.006016339,0.000099650,0.001549460641,-0.043144450634,0.379245701445,0.422384237739,-0.000005914340
5.600000,0,-0.000003071,-0.003259309,-0.000151120,0.000765124304,-0.012872279795,0.073935131694,0.086743952170,-0.000063459319
5.600000,1,0.000000765,-0.003255261,-0.000150870,0.000765165167,-0.012862000701,0.073916159330,0.086739703529,-0.000038456502
5.600000,2,0.000000658,-0.007562214,0.000064969,0.001549369446,-0.043468156054,0.380071209823,0.423571729379,0.000032363501
5.600000,3,0.000000453,-0.007563897,0.000066477,0.001549575770,-0.043511752469,0.379245701445,0.422751284631,-0.000006169283
5.650000,0,0.000000178,-0.003941939,0.000001131,0.000765103814,-0.013010173928,0.073935131694,0.086880872238,-0.000064433384
5.650000,1,0.000002558,-0.003940573,0.000002247,0.000765138095,-0.012998926923,0.073916159330,0.086876571919,-0.000038514333
5.650000,2,-0.000001070,-0.006176871,0.000058627,0.001549577565,-0.043792718913,0.380071209823,0.423896193477,0.000032264740
5.650000,3,-0.000001607,-0.006179470,0.000059138,0.001549508028,-0.043839896431,0.379245701445,0.423077929237,-0.000007668639
5.700000,0,-0.000001080,-0.003605963,-0.000007608,0.000765103114,-0.013113727192,0.073935131694,0.086981329011,-0.000067529875
5.700000,1,0.000001589,-0.003606709,-0.000007161,0.000765069275,-0.013100507309,0.073916159330,0.086976919391,-0.000039747247
5.700000,2,-0.000000081,-0.007445177,0.000039399,0.001549516638,-0.044053727197,0.380071209823,0.424157225612,0.000032288592
5.700000,3,-0.000000868,-0.007449862,0.000037431,0.001549367417,-0.044102436309,0.379245701445,0.423340440945,-0.000007696809
5.750000,0,-0.000001931,-0.003500261,-0.000149886,0.000765111004,-0.013187919163,0.073935131694,0.087053739492,-0.000069311365
5.750000,1,-0.000001230,-0.003503199,-0.000148290,0.000765077118,-0.013171932470,0.073916159330,0.087049246462,-0.000038845337
5.750000,2,0.000000216,-0.006296049,0.000063513,0.001549365640,-0.044293370876,0.380071209823,0.424394434389,0.000029853690
5.750000,3,-0.000000271,-0.006299548,0.000064796,0.001549356169,-0.044341121549,0.379245701445,0.423579233636,-0.000007589358
5.800000,0,-0.000000276,-0.003934421,0.000065147,0.000765168352,-0.013276699083,0.073935131694,0.087141387727,-0.000070443050
5.800000,1,0.000001790,-0.003938784,0.000067461,0.000765172004,-0.013258892162,0.073916159330,0.087136754308,-0.000038297184
5.800000,2,0.000000644,-0.007291900,0.000063418,0.001549272376,-0.044482375052,0.380071209823,0.424582480355,0.000028895480
5.800000,3,-0.000000765,-0.007293666,0.000060588,0.001549292096,-0.044528913710,0.379245701445,0.423768012416,-0.000006602740
5.850000,0,-0.000000542,-0.003460492,-0.000098480,0.000765138582,-0.013350364177,0.073935131694,0.087214872676,-0.000070623195
5.850000,1,0.000001877,-0.003463652,-0.000095285,0.000765162812,-0.013332108141,0.073916159330,0.087210142477,-0.000038124994
5.850000,2,0.000000934,-0.006370023,0.000060391,0.001549437431,-0.044654778705,0.380071209823,0.424754577532,0.000028589003
5.850000,3,-0.000001311,-0.006369948,0.000059049,0.001549277522,-0.044702081578,0.379245701445,0.423940881067,-0.000006901956
5.900000,0,-0.000002387,-0.003691331,-0.000031220,0.000765076977,-0.013396767709,0.073935131694,0.087260119786,-0.000071779617
5.900000,1,-0.000001025,-0.003690422,-0.000029994,0.000765077164,-0.013378984064,0.073916159330,0.087255425942,-0.000039717452
5.900000,2,0.000000227,-0.007196194,0.000026364,0.001549529084,-0.044790384424,0.380071209823,0.424889429254,0.000027835006
5.900000,3,-0.000001393,-0.007193663,0.000028225,0.001549279474,-0.044839118204,0.379245701445,0.424076503801,-0.000008315847
5.950000,0,-0.000000718,-0.003763625,0.000057074,0.000765098294,-0.013443240212,0.073935131694,0.087304004109,-0.000074367797
5.950000,1,0.000001414,-0.003758982,0.000058159,0.000765073817,-0.013422924455,0.073916159330,0.087299276016,-0.000039807769
5.950000,2,-0.000000281,-0.006483806,0.000034481,0.001549215031,-0.044916580703,0.380071209823,0.425014902678,0.000027112152
5.950000,3,-0.000000572,-0.006482281,0.000033331,0.001549243100,-0.044963684426,0.379245701445,0.424202806949,-0.000006578922
6.000000,0,0.000000886,-0.003442937,-0.000087367,0.000765078642,-0.013486571669,0.073935131694,0.087346576939,-0.000075126424
6.000000,1,0.000000789,-0.003438075,-0.000086594,0.000765105418,-0.013465638882,0.073916159330,0.087341798999,-0.000039999212
6.000000,2,-0.000000125,-0.007123159,0.000031533,0.001549320333,-0.045014143056,0.380071209823,0.425112071226,0.000026718346
6.000000,3,0.000000523,-0.007123424,0.000033514,0.001549250114,-0.045061697134,0.379245701445,0.424300309709,-0.000007088870
6.050000,0,-0.000001299,-0.005471028,0.000054394,0.000765150635,0.195788380752,0.285865215371,0.090003246603,-0.000073588017
6.050000,1,0.000000826,-0.005468520,0.000055071,0.000765208283,0.195812067419,0.285850197039,0.089998246168,-0.000039883452
6.050000,2,0.000000443,-0.011386889,-0.000224143,0.001549601461,0.435300068279,0.867752012417,0.432482037192,0.000030093055
6.050000,3,-0.000001031,-0.011390313,-0.000223864,0.001549390153,0.434680773195,0.866355275883,0.431673674216,-0.000000828472
6.100000,0,-0.000001306,-0.004654189,0.000060295,0.000765155433,0.578246672521,0.668962594659,0.090641334772,-0.000074587366
6.100000,1,-0.000000835,-0.004654743,0.000060048,0.000765083637,0.578495536266,0.669171961316,0.090636554908,-0.000039870142
6.100000,2,0.000000873,-0.007799551,-0.000220810,0.001549486197,1.550551390377,1.988684714657,0.438163304078,0.000029979798
6.100000,3,-0.000001371,-0.007802239,-0.000225172,0.001549405593,1.548939577017,1.986297685707,0.437353828089,-0.000004280601
6.150000,0,0.000000805,-0.004050058,-0.000133131,0.000765166540,1.363656163777,1.456050002561,0.092318809490,-0.000075029294
6.150000,1,0.000001856,-0.004054961,-0.000130974,0.000765085612,1.364533120559,1.456886703220,0.092313984186,-0.000039598475
6.150000,2,0.000000315,-0.010828189,-0.000579998,0.001549474082,3.234631267635,3.675782700504,0.441181880380,0.000030447511
6.150000,3,-0.000001425,-0.010831944,-0.000578125,0.001549530110,3.232631629451,3.673005435003,0.440373549619,-0.000000255932
6.200000,0,0.000000110,-0.005192545,0.000068892,0.000765182658,2.029667290418,2.122538320309,0.092795725924,-0.000075303968
6.200000,1,0.000000248,-0.005197871,0.000070058,0.000765173474,2.029727434613,2.122557573599,0.092790702822,-0.000039436164
6.200000,2,-0.000000767,-0.007036489,-0.000538904,0.001549263896,4.920474496367,5.363754990481,0.443310120225,0.000029626111
6.200000,3,-0.000001504,-0.007036285,-0.000539229,0.001549470989,4.917125557033,5.359627822228,0.442502029280,-0.000000235914
6.250000,0,-0.000000456,-0.003522635,-0.000026905,0.000765109754,2.617901794232,2.711482490696,0.093503828364,-0.000076868100
6.250000,1,-0.000000264,-0.003525118,-0.000024348,0.000765133586,2.617618342290,2.711157186643,0.093498826458,-0.000040017895
6.250000,2,-0.000000475,-0.008999448,-0.000928978,0.001549463792,6.457272547585,6.901388989420,0.444147744504,0.000031302670
6.250000,3,-0.000001051,-0.008999270,-0.000929071,0.001549453556,6.454000289350,6.897341285721,0.443340659248,-0.000000337123
6.300000,0,-0.000000014,-0.003746931,-0.000141861,0.000765087369,3.218016656525,3.311789155180,0.093693001036,-0.000079497619
6.300000,1,0.000000351,-0.003742940,-0.000141129,0.000765024163,3.216859952187,3.310587406713,0.093688144145,-0.000039310380
6.300000,2,0.000000569,-0.005425607,-0.000796656,0.001549555447,7.478986866585,7.925431783930,0.446476311372,0.000031394027
6.300000,3,-0.000000742,-0.005424961,-0.000793725,0.001549371131,7.477254741254,7.922923891114,0.445671326524,0.000002176664
6.350000,0,0.000000624,-0.003672067,0.000119757,0.000765167030,3.385841931042,3.480926923629,0.095006261825,-0.000078730763
6.350000,1,0.000001171,-0.003664445,0.000121992,0.000765138962,3.386319785309,3.481361023227,0.095001838336,-0.000039399581
6.350000,2,0.000001111,-0.006885761,-0.001102812,0.001549340496,8.060737737535,8.510020373222,0.449313594124,0.000030958437
6.350000,3,0.000000121,-0.006885939,-0.001105548,0.001549411568,8.059991940370,8.508498152486,0.448506295747,0.000000083632
6.400000,0,-0.000001281,-0.002302034,-0.000122289,0.000765099848,3.563058668356,3.659153558086,0.096018818681,-0.000076071049
6.400000,1,-0.000000071,-0.002302304,-0.000121713,0.000765185936,3.563809625931,3.659863294418,0.096013676045,-0.000039992442
6.400000,2,0.000000258,-0.003836340,-0.000786221,0.001549300341,8.264942074622,8.719255422740,0.454346376865,0.000033028748
6.400000,3,0.000001064,-0.003836789,-0.000787698,0.001549397752,8.263727102300,8.717265783374,0.453540683690,0.000002002616
6.450000,0,-0.000000338,-0.002935506,0.000018653,0.000765056273,3.599663264132,3.696993814724,0.097254355278,-0.000076195315
6.450000,1,-0.000000342,-0.002941495,0.000018502,0.000765099342,3.599895490893,3.697186086202,0.097250257428,-0.000040337882
6.450000,2,-0.000000941,-0.005115960,-0.000974206,0.001549611301,8.258675041721,8.718566210456,0.459924733813,0.000033565078
6.450000,3,0.000000807,-0.005118940,-0.000971846,0.001549484127,8.258039313360,8.717155393867,0.459117449345,0.000001368838
6.500000,0,-0.000000032,-0.002206944,0.000092033,0.000765120995,3.594951595617,3.694262577424,0.099234740627,-0.000076241180
6.500000,1,0.000000949,-0.002208171,0.000091036,0.000765101448,3.595000129782,3.694271488068,0.099230115031,-0.000041243255
6.500000,2,-0.000000422,-0.002815082,-0.000626832,0.001549471767,8.258795772423,8.724523956687,0.465763611715,0.000035427450
6.500000,3,-0.000000023,-0.002814418,-0.000628946,0.001549524307,8.258772871958,8.723728776299,0.464960103976,0.000004199635
6.550000,0,-0.000000165,-0.001886314,-0.000097264,0.000765177741,3.579325172762,3.679319846922,0.099918533263,-0.000076140897
6.550000,1,0.000000068,-0.001883084,-0.000098817,0.000765183388,3.579723238986,3.679678851723,0.099913793782,-0.000041818955
6.550000,2,0.000000938,-0.004258309,-0.000751814,0.001549423464,8.240230424542,8.711016916287,0.470823390776,0.000036899031
6.550000,3,-0.000000597,-0.004258861,-0.000750369,0.001549541436,8.241009101215,8.711023764208,0.470016311280,0.000001648287
6.600000,0,-0.000000256,-0.002558373,0.000159083,0.000765169591,3.552522062319,3.653630158577,0.101030326718,-0.000077769540
6.600000,1,0.000000313,-0.002552634,0.000157431,0.000765180388,3.552748311222,3.653816320507,0.101026350985,-0.000041658299
6.600000,2,0.000000801,-0.002820214,-0.000433065,0.001549348732,8.244650129647,8.718634208802,0.474021603841,0.000037524686
6.600000,3,-0.000000926,-0.002818354,-0.000432123,0.001549348633,8.245931266946,8.719149195449,0.473215753576,-0.000002174927
6.650000,0,-0.000000534,-0.002010422,-0.000013396,0.000765100414,3.444563073073,3.546128141474,0.101489099319,-0.000075969082
6.650000,1,-0.000000312,-0.002008192,-0.000014666,0.000765030893,3.443477857703,3.545005443201,0.101484996270,-0.000042589228
6.650000,2,-0.000000201,-0.004540238,-0.000481882,0.001549516868,8.025487896520,8.501448485023,0.475997450508,0.000036862005
6.650000,3,-0.000000062,-0.004540203,-0.000482612,0.001549354080,8.025915671461,8.501108365700,0.475191506559,-0.000001187680
6.700000,0,0.000000052,-0.002663906,0.000015584,0.000765107457,3.106859240575,3.208537690256,0.101602223010,-0.000076226671
6.700000,1,0.000001133,-0.002666641,0.000017068,0.000765149775,3.106380244739,3.208022246675,0.101598486481,-0.000043515455
6.700000,2,-0.000001011,-0.003907353,-0.000267571,0.001549495413,7.474327904654,7.950599436013,0.476307509965,0.000035978605
6.700000,3,0.000000123,-0.003909470,-0.000265789,0.001549495546,7.475411213271,7.950911469650,0.475501912873,0.000001656493
6.750000,0,-0.000000577,-0.003141647,0.000134203,0.000765122099,2.696957527677,2.798716734303,0.101679523537,-0.000079683088
6.750000,1,-0.000000843,-0.003144107,0.000133197,0.000765265688,2.698164885778,2.799884628310,0.101675902051,-0.000043840481
6.750000,2,0.000000087,-0.005884829,-0.000298551,0.001549292189,6.430563500264,6.907406994215,0.476879866243,0.000036372292
6.750000,3,0.000000859,-0.005889785,-0.000300831,0.001549507357,6.433043179450,6.909117561706,0.476075088457,0.000000706202
6.800000,0,-0.000000328,-0.003139772,-0.000077287,0.000765196084,2.023777972486,2.125909713559,0.102052996010,-0.000078745063
6.800000,1,0.000000831,-0.003140468,-0.000079519,0.000765104046,2.025734174666,2.127828732308,0.102049867602,-0.000044690040
6.800000,2,0.000000928,-0.005847768,-0.000148738,0.001549512086,4.944737435725,5.422625907037,0.477925134014,0.000036662702
6.800000,3,0.000000232,-0.005852303,-0.000147229,0.001549376353,4.946929669487,5.424046635031,0.477118962420,0.000001996876
6.850000,0,0.000000283,-0.004084785,0.000090078,0.000765199880,1.298229868598,1.401139705551,0.102831752626,-0.000078084326
6.850000,1,-0.000000306,-0.004081245,0.000087094,0.000765086717,1.298537603889,1.401409560363,0.102828300501,-0.000043655973
6.850000,2,0.000000664,-0.007752027,-0.000101730,0.001549592782,3.227729779552,3.708545992376,0.480852442682,0.000036229858
6.850000,3,-0.000000410,-0.007756035,-0.000102628,0.001549381127,3.229716219589,3.709759887928,0.480046995537,0.000003327197
6.900000,0,0.000000118,-0.004251669,0.000002006,0.000765193057,0.655463307023,0.759190771260,0.103648928034,-0.000078536203
6.900000,1,0.000000860,-0.004246106,0.000000324,0.000765222268,0.654912240706,0.758602187847,0.103645879686,-0.000044067455
6.900000,2,-0.000000174,-0.007826312,0.000054926,0.001549351753,1.581716909497,2.067070121989,0.485391009114,0.000037796622
6.900000,3,-0.000001025,-0.007828008,0.000052878,0.001549403093,1.584028054265,2.068606323118,0.484585067282,0.000006798429
6.950000,0,-0.000000706,-0.004535929,-0.000074759,0.000765181055,0.156968226201,0.262303890829,0.105257932626,-0.000077732002
6.950000,1,-0.000001036,-0.004538426,-0.000073875,0.000765202349,0.156811204183,0.262110636833,0.105255294223,-0.000044138427
6.950000,2,-0.000000877,-0.009272909,0.000066095,0.001549350063,0.412040137820,0.903191609047,0.491190276013,0.000038804787
6.950000,3,-0.000000720,-0.009273652,0.000070132,0.001549477654,0.412887684381,0.903265861927,0.490386396594,0.000008219049
7.000000,0,0.000000315,-0.005098547,0.000056359,0.000765134288,-0.007395181605,0.099167311171,0.106484687534,-0.000077805243
7.000000,1,0.000001115,-0.005104109,0.000055197,0.000765069035,-0.007247811728,0.099279799098,0.106481682682,-0.000045928144
7.000000,2,-0.000000192,-0.009150443,0.000103003,0.001549355529,-0.030835255335,0.466329596724,0.497203942459,0.000039090400
7.000000,3,0.000000413,-0.009150463,0.000103122,0.001549536102,-0.030890425742,0.465495409233,0.496396634078,0.000010799103
7.050000,0,0.000000195,-0.003118519,-0.000058758,0.000765090228,-0.008492903321,0.099154645616,0.107569599707,-0.000077949230
7.050000,1,-0.000000560,-0.003119800,-0.000057947,0.000765133426,-0.008343775854,0.099267133543,0.107566534514,-0.000044374883
7.050000,2,0.000000806,-0.005061083,0.000260619,0.001549470051,-0.033023809332,0.466295107800,0.499358691814,0.000039774682
7.050000,3,0.000000859,-0.005063331,0.000258919,0.001549372821,-0.033080647825,0.465460920309,0.498550991801,0.000009423667
7.100000,0,-0.000000569,-0.003979992,-0.000052857,0.000765082940,-0.009145854464,0.099154645616,0.108218431717,-0.000082068363
7.100000,1,0.000000825,-0.003973267,-0.000052791,0.000765204899,-0.008992765387,0.099267133543,0.108216015123,-0.000043883806
7.100000,2,0.000000620,-0.008676579,0.000120253,0.001549523404,-0.034934435561,0.466295107800,0.501268010249,0.000038466888
7.100000,3,0.000000444,-0.008678224,0.000123213,0.001549345512,-0.034988683747,0.465460920309,0.500459355172,0.000009751116
7.150000,0,-0.000000658,-0.004374759,0.000085828,0.000765121539,-0.009798904121,0.099154645616,0.108872021791,-0.000081527946
7.150000,1,-0.000000849,-0.004367452,0.000084982,0.000765110184,-0.009644979762,0.099267133543,0.108870064398,-0.000042048907
7.150000,2,-0.000000424,-0.005211772,0.000235672,0.001549193879,-0.036512160966,0.466295107800,0.502846329182,0.000039060415
7.150000,3,-0.000000741,-0.005215172,0.000231961,0.001549424493,-0.036564870790,0.465460920309,0.502035625167,0.000009834068
7.200000,0,0.000000516,-0.002947914,-0.000077659,0.000765119458,-0.010425636294,0.099154645616,0.109497837158,-0.000082444752
7.200000,1,0.000000905,-0.002945768,-0.000077752,0.000765026598,-0.010271245063,0.099267133543,0.109496044125,-0.000042334481
7.200000,2,-0.000000866,-0.008419203,0.000113540,0.001549477467,-0.037873804016,0.466295107800,0.504207793553,0.000038881737
7.200000,3,-0.000000908,-0.008419723,0.000115442,0.001549434463,-0.037926515654,0.465460920309,0.503396170089,0.000008734126
7.250000,0,0.000000087,-0.004299330,0.000028130,0.000765128656,-0.010973021695,0.099154645616,0.110043720492,-0.000083946820
7.250000,1,-0.000000745,-0.004302851,0.000031393,0.000765174126,-0.010819513694,0.099267133543,0.110042553329,-0.000044093908
7.250000,2,0.000000249,-0.005562871,0.000183340,0.001549529927,-0.039022131006,0.466295107800,0.505357417896,0.000040179090
7.250000,3,0.000000008,-0.005560809,0.000182178,0.001549318579,-0.039071870446,0.465460920309,0.504545614585,0.000012823829
7.300000,0,-0.000000282,-0.003558702,0.000101542,0.000765095274,-0.011373579642,0.099154645616,0.110442762030,-0.000085463229
7.300000,1,0.000001024,-0.003566349,0.000103259,0.000765165904,-0.011218636705,0.099267133543,0.110442123387,-0.000043646861
7.300000,2,0.000000689,-0.008220756,0.000111713,0.001549314776,-0.039998078122,0.466295107800,0.506335583990,0.000042398068
7.300000,3,0.000000336,-0.008216205,0.000109130,0.001549393098,-0.040050977374,0.465460920309,0.505523503224,0.000011605540
7.350000,0,-0.000000433,-0.003252947,-0.000112572,0.000765103472,-0.011659976782,0.099154645616,0.110726797462,-0.000087824937
7.350000,1,-0.000000744,-0.003257804,-0.000111454,0.000765035694,-0.011503307833,0.099267133543,0.110726193862,-0.000044247514
7.350000,2,0.000000268,-0.005744013,0.000149909,0.001549334603,-0.040839990768,0.466295107800,0.507176598940,0.000041500372
7.350000,3,0.000000732,-0.005738419,0.000151764,0.001549373239,-0.040890605638,0.465460920309,0.506363475265,0.000011949318
7.400000,0,-0.000000765,-0.004176489,0.000127305,0.000765119279,-0.012010110603,0.099154645616,0.111074677342,-0.000090078878
7.400000,1,0.000000736,-0.004168855,0.000126814,0.000765175117,-0.011849638255,0.099267133543,0.111074671748,-0.000042100050
7.400000,2,-0.000000624,-0.007934858,0.000091567,0.001549430431,-0.041537256588,0.466295107800,0.507874499350,0.000042134961
7.400000,3,0.000000454,-0.007927323,0.000089334,0.001549470940,-0.041585643133,0.465460920309,0.507059704288,0.000013140847
7.450000,0,-0.000000942,-0.003176542,-0.000018189,0.000765127944,-0.012300475834,0.099154645616,0.111365678762,-0.000089442689
7.450000,1,-0.000000814,-0.003168891,-0.000017575,0.000765180992,-0.012142428944,0.099267133543,0.111365945041,-0.000043617446
7.450000,2,-0.000000441,-0.005893244,0.000114647,0.001549551735,-0.042150208549,0.466295107800,0.508487735871,0.000042419521
7.450000,3,-0.000000293,-0.005887420,0.000113233,0.001549458654,-0.042199253250,0.465460920309,0.507673275731,0.000013102172
7.500000,0,-0.000000955,-0.003694350,-0.000083855,0.000765132172,-0.012481366297,0.099154645616,0.111545357999,-0.000090653914
7.500000,1,0.000000961,-0.003699512,-0.000085593,0.000765094011,-0.012322549350,0.099267133543,0.111545972131,-0.000043710762
7.500000,2,0.000000396,-0.007723232,0.000089223,0.001549302315,-0.042649867739,0.466295107800,0.508986956874,0.000041981334
7.500000,3,-0.000000735,-0.007720048,0.000089914,0.001549338429,-0.042698257321,0.465460920309,0.508171507324,0.000012329694
7.550000,0,-0.000000528,-0.003877113,0.000112849,0.000765191494,-0.012657489876,0.099154645616,0.111722158457,-0.000089977035
7.550000,1,-0.000000660,-0.003883631,0.000112683,0.000765144670,-0.012499332803,0.099267133543,0.111723071209,-0.000043395137
7.550000,2,0.000000702,-0.006041390,0.000120917,0.001549274881,-0.043097972761,0.466295107800,0.509434974990,0.000041894429
7.550000,3,-0.000000300,-0.006041157,0.000118464,0.001549320572,-0.043145726919,0.465460920309,0.508619496826,0.000012849598
7.600000,0,-0.000000559,-0.003244511,-0.000151629,0.000765114070,-0.012826582102,0.099154645616,0.111889842184,-0.000091385534
7.600000,1,0.000000755,-0.003246904,-0.000152073,0.000765204001,-0.012666639962,0.099267133543,0.111890918377,-0.000042855128
7.600000,2,-0.000000161,-0.007553582,0.000077938,0.001549585137,-0.043458328427,0.466295107800,0.509794463923,0.000041027696
7.600000,3,0.000000090,-0.007552536,0.000078491,0.001549408992,-0.043505519561,0.465460920309,0.508977215209,0.000010775339
7.650000,0,-0.000000315,-0.003954157,0.000003968,0.000765104236,-0.012975452943,0.099154645616,0.112037042413,-0.000093056146
7.650000,1,-0.000000872,-0.003952326,0.000002041,0.000765118032,-0.012813952275,0.099267133543,0.112038830863,-0.000042254955
7.650000,2,-0.000000748,-0.006202880,0.000074359,0.001549384237,-0.043784523684,0.466295107800,0.510120114703,0.000040483219
7.650000,3,0.000000404,-0.006203438,0.000070958,0.001549439016,-0.043828580277,0.465460920309,0.509302945214,0.000013444628
7.700000,0,-0.000000337,-0.003603444,-0.000004071,0.000765167879,-0.013085247252,0.099154645616,0.112144743618,-0.000095149251
7.700000,1,0.000000852,-0.003596720,-0.000005994,0.000765092035,-0.012923851421,0.099267133543,0.112147124705,-0.000043860259
7.700000,2,-0.000000252,-0.007436879,0.000046579,0.001549286467,-0.044040544269,0.466295107800,0.510376028042,0.000040375973
7.700000,3,0.000000745,-0.007438509,0.000049339,0.001549362713,-0.044084656685,0.465460920309,0.509558375533,0.000012798539
7.750000,0,0.000000185,-0.003494089,-0.000151585,0.000765117218,-0.013157791947,0.099154645616,0.112222334031,-0.000090103533
7.750000,1,-0.000000635,-0.003493161,-0.000151609,0.000765197753,-0.013002003053,0.099267133543,0.112225116414,-0.000044020182
7.750000,2,0.000000742,-0.006317831,0.000076322,0.001549405648,-0.044280355365,0.466295107800,0.510614916997,0.000039453832
7.750000,3,-0.000000185,-0.006319893,0.000076935,0.001549366122,-0.044324426675,0.465460920309,0.509797222537,0.000011875553
7.800000,0,0.000000161,-0.003943582,0.000068939,0.000765147625,-0.013253076897,0.099154645616,0.112316300709,-0.000091421804
7.800000,1,0.000000806,-0.003950276,0.000071508,0.000765157259,-0.013095587804,0.099267133543,0.112319344005,-0.000043377341
7.800000,2,0.000000401,-0.007279343,0.000074431,0.001549511410,-0.044464350729,0.466295107800,0.510799452738,0.000039994209
7.800000,3,-0.000000838,-0.007280515,0.000073061,0.001549423889,-0.044507218886,0.465460920309,0.509980888370,0.000012749175
7.850000,0,0.000000096,-0.003451327,-0.000097604,0.000765108739,-0.013333105534,0.099154645616,0.112395063149,-0.000092688001
7.850000,1,-0.000000810,-0.003459418,-0.000097714,0.000765055310,-0.013174209070,0.099267133543,0.112398664610,-0.000042678003
7.850000,2,-0.000000236,-0.006386844,0.000068572,0.001549468669,-0.044639595090,0.466295107800,0.510972870104,0.000038167213
7.850000,3,-0.000000382,-0.006386968,0.000073340,0.001549459372,-0.044681565131,0.465460920309,0.510153877464,0.000011392023
7.900000,0,0.000000043,-0.003692769,-0.000032963,0.000765107328,-0.013382125188,0.099154645616,0.112443679931,-0.000093090873
7.900000,1,0.000000770,-0.003691561,-0.000029608,0.000765128978,-0.013223801202,0.099267133543,0.112447706153,-0.000043228592
7.900000,2,-0.000000778,-0.007182948,0.000036302,0.001549223226,-0.044770843257,0.466295107800,0.511104583911,0.000038632854
7.900000,3,-0.000000651,-0.007181093,0.000037353,0.001549476404,-0.044813295572,0.465460920309,0.510285492422,0.000011276540
7.950000,0,0.000000135,-0.003765076,0.000059076,0.000765145852,-0.013428253470,0.099154645616,0.112490690883,-0.000092208203
7.950000,1,-0.000000786,-0.003754698,0.000061406,0.000765183073,-0.013272124514,0.099267133543,0.112494988671,-0.000044269386
7.950000,2,0.000000170,-0.006502418,0.000042828,0.001549423689,-0.044897461461,0.466295107800,0.511231574142,0.000039004880
7.950000,3,-0.000000464,-0.006498117,0.000042880,0.001549473117,-0.044941630113,0.465460920309,0.510412173820,0.000009623398
8.000000,0,0.000000106,-0.003436409,-0.000091732,0.000765148357,-0.013472781931,0.099154645616,0.112536266993,-0.000091160555
8.000000,1,0.000000868,-0.003432102,-0.000091344,0.000765037213,-0.013317378650,0.099267133543,0.112540999283,-0.000043512910
8.000000,2,0.000000729,-0.007117740,0.000039156,0.001549574922,-0.044992291483,0.466295107800,0.511326678640,0.000039279356
8.000000,3,0.000000169,-0.007112393,0.000039086,0.001549434347,-0.045036537095,0.465460920309,0.510506793801,0.000009336396
8.050000,0,0.000000106,-0.003766046,0.000072326,0.000765127199,-0.013512680434,0.099154645616,0.112576555498,-0.000090770553
8.050000,1,-0.000000612,-0.003772325,0.000073806,0.000765128275,-0.013359143401,0.099267133543,0.112581591554,-0.000044685389
8.050000,2,0.000000324,-0.006560303,0.000060403,0.001549280039,-0.045085949101,0.466295107800,0.511419497374,0.000038440472
8.050000,3,0.000000803,-0.006556990,0.000059247,0.001549342919,-0.045128241486,0.465460920309,0.510598939080,0.000009777285
8.100000,0,0.000000659,-0.003585452,0.000003789,0.000765118551,-0.013542008418,0.099154645616,0.112605567765,-0.000091086270
8.100000,1,0.000000664,-0.003590874,0.000006446,0.000765218258,-0.013386742815,0.099267133543,0.112611177854,-0.000042698504
8.100000,2,-0.000000587,-0.007019549,0.000031029,0.001549326103,-0.045153863363,0.466295107800,0.511487518738,0.000038547575
8.100000,3,0.000000242,-0.007018940,0.000032428,0.001549421010,-0.045195863596,0.465460920309,0.510666711477,0.000009927572
8.150000,0,0.000000812,-0.003515787,-0.000021817,0.000765148478,-0.013562738918,0.099154645616,0.112626225330,-0.000091159204
8.150000,1,-0.000000909,-0.003517150,-0.000021572,0.000765115604,-0.013409265157,0.099267133543,0.112632288627,-0.000044110073
8.150000,2,-0.000000617,-0.006600366,0.000035050,0.001549485859,-0.045220517960,0.466295107800,0.511555153654,0.000039527893
8.150000,3,-0.000000785,-0.006601836,0.000032732,0.001549413455,-0.045261541564,0.465460920309,0.510734006092,0.000011544218
8.200000,0,0.000001011,-0.003748702,0.000079211,0.000765108943,-0.013585752226,0.099154645616,0.112651375918,-0.000089021924
8.200000,1,0.000000849,-0.003744075,0.000078310,0.000765075034,-0.013435346593,0.099267133543,0.112657875967,-0.000044604169
8.200000,2,0.000000297,-0.006963527,0.000020014,0.001549488246,-0.045269313894,0.466295107800,0.511604559204,0.000040137510
8.200000,3,-0.000000733,-0.006964927,0.000019028,0.001549335662,-0.045307928459,0.465460920309,0.510783077831,0.000014229063
8.250000,0,0.000000236,-0.003505866,-0.000037108,0.000765121874,-0.013605586633,0.099154645616,0.112672978975,-0.000087253275
8.250000,1,-0.000000506,-0.003497649,-0.000037948,0.000765179620,-0.013456332034,0.099267133543,0.112679998503,-0.000043467074
8.250000,2,0.000000849,-0.006659192,0.000037266,0.001549342321,-0.045318203461,0.466295107800,0.511654133520,0.000040822258
8.250000,3,-0.000000933,-0.006661198,0.000039289,0.001549317610,-0.045357383437,0.465460920309,0.510832119944,0.000013816198
8.300000,0,0.000000738,-0.003630693,0.000031261,0.000765133912,-0.013621559013,0.099154645616,0.112686391141,-0.000089813488
8.300000,1,0.000000642,-0.003630355,0.000032107,0.000765183448,-0.013470269519,0.099267133543,0.112693772353,-0.000043630708
8.300000,2,-0.000000157,-0.006926760,0.000029377,0.001549236983,-0.045353684168,0.466295107800,0.511689671516,0.000040879548
8.300000,3,-0.000000340,-0.006928256,0.000025641,0.001549348451,-0.045393780515,0.465460920309,0.510867444394,0.000012743570
8.350000,0,0.000000670,-0.003689435,0.000020371,0.000765148564,-0.013633276829,0.099154645616,0.112698961002,-0.000088961443
8.350000,1,-0.000000840,-0.003696979,0.000019067,0.000765092485,-0.013481774418,0.099267133543,0.112706641706,-0.000042266255
8.350000,2,-0.000000663,-0.006699421,0.000029670,0.001549596915,-0.045388772525,0.466295107800,0.511725727742,0.000041847416
8.350000,3,0.000000310,-0.006700157,0.000032332,0.001549402250,-0.045431742089,0.465460920309,0.510903257837,0.000010595438
8.400000,0,0.000000625,-0.003521645,-0.000036687,0.000765126726,-0.013646801320,0.099154645616,0.112711139648,-0.000090307288
8.400000,1,0.000000756,-0.003526266,-0.000037359,0.000765161838,-0.013495868868,0.099267133543,0.112719107225,-0.000043895186
8.400000,2,-0.000000358,-0.006881114,0.000008845,0.001549411625,-0.045415231785,0.466295107800,0.511751680676,0.000041341091
8.400000,3,0.000000873,-0.006882532,0.000008973,0.001549474327,-0.045456165254,0.465460920309,0.510928990506,0.000011904943
8.450000,0,0.000000387,-0.003704389,0.000032409,0.000765128662,-0.013657384363,0.099154645616,0.112722074885,-0.000089955094
8.450000,1,-0.000000653,-0.003698906,0.000032918,0.000765196080,-0.013506387385,0.099267133543,0.112730401787,-0.000043119141
8.450000,2,0.000000538,-0.006714893,0.000023883,0.001549231722,-0.045441989653,0.466295107800,0.511778215690,0.000041118237
8.450000,3,0.000000042,-0.006718292,0.000023565,0.001549431140,-0.045482313395,0.465460920309,0.510955194543,0.000011960839
8.500000,0,0.000000011,-0.003620006,-0.000030142,0.000765112562,-0.013665435892,0.099154645616,0.112730107173,-0.000089974335
8.500000,1,0.000000756,-0.003612978,-0.000031066,0.000765071367,-0.013513918347,0.099267133543,0.112738819348,-0.000042232542
8.500000,2,0.000000557,-0.006839904,0.000013240,0.001549483588,-0.045459150372,0.466295107800,0.511797026517,0.000042768344
8.500000,3,-0.000000889,-0.006844848,0.000017480,0.001549346624,-0.045501644104,0.465460920309,0.510973753157,0.000011188744
8.550000,0,-0.000000575,-0.003580358,-0.000014834,0.000765120844,-0.013673296259,0.099154645616,0.112735718332,-0.000092223543
8.550000,1,-0.000000687,-0.003581812,-0.000015307,0.000765092108,-0.013521165076,0.099267133543,0.112744868548,-0.000043430071
8.550000,2,-0.000000347,-0.006737000,0.000033319,0.001549480305,-0.045477878031,0.466295107800,0.511816339513,0.000043353682
8.550000,3,-0.000000782,-0.006742834,0.000030402,0.001549387232,-0.045521961513,0.465460920309,0.510992839461,0.000009957639
8.600000,0,-0.000000696,-0.003709850,0.000005540,0.000765161843,-0.013678626294,0.099154645616,0.112742474183,-0.000090797727
8.600000,1,0.000000675,-0.003714246,0.000006566,0.000765169003,-0.013526850347,0.099267133543,0.112752055219,-0.000041928671
8.600000,2,-0.000000551,-0.006822516,0.000005081,0.001549389457,-0.045492197578,0.466295107800,0.511830152378,0.000042847001
8.600000,3,-0.000000768,-0.006825432,0.000007735,0.001549417464,-0.045534448237,0.465460920309,0.511006400195,0.000011031648
8.650000,0,-0.000000519,-0.003572952,-0.000037498,0.000765164223,-0.013685490929,0.099154645616,0.112748315198,-0.000091821347
8.650000,1,-0.000000817,-0.003577388,-0.000035488,0.000765120669,-0.013534738938,0.099267133543,0.112758390368,-0.000043482113
8.650000,2,-0.000000023,-0.006761699,0.000014349,0.001549244398,-0.045507193549,0.466295107800,0.511844470673,0.000042169324
8.650000,3,-0.000000374,-0.006765545,0.000015198,0.001549461854,-0.045550463849,0.465460920309,0.511020377670,0.000008993512
8.700000,0,-0.000000446,-0.003633995,0.000000369,0.000765137298,-0.013689471173,0.099154645616,0.112751994010,-0.000092122779
8.700000,1,0.000000810,-0.003636050,0.000000209,0.000765082757,-0.013537777983,0.099267133543,0.112762571355,-0.000042340171
8.700000,2,0.000000659,-0.006804212,0.000005217,0.001549406912,-0.045517014608,0.466295107800,0.511854621947,0.000042499539
8.700000,3,0.000000605,-0.006808756,0.000003803,0.001549419597,-0.045560335017,0.465460920309,0.511030168418,0.000008913092
8.750000,0,-0.000000569,-0.003660943,-0.000015750,0.000765104225,-0.013693284642,0.099154645616,0.112755462788,-0.000092467470
8.750000,1,-0.000000590,-0.003653968,-0.000016010,0.000765144171,-0.013540975753,0.099267133543,0.112766469100,-0.000041640196
8.750000,2,0.000000132,-0.006770143,0.000018682,0.001549591768,-0.045527078754,0.466295107800,0.511865144648,0.000042958094
8.750000,3,0.000000689,-0.006774617,0.000020283,0.001549341346,-0.045570383077,0.465460920309,0.511040329480,0.000009026093
8.800000,0,-0.000000347,-0.003563231,-0.000020521,0.000765091681,-0.013696089498,0.099154645616,0.112758745808,-0.000091989306
8.800000,1,0.000000658,-0.003555480,-0.000019007,0.000765146021,-0.013544735058,0.099267133543,0.112770137523,-0.000041731078
8.800000,2,-0.000000472,-0.006785406,0.000011214,0.001549231338,-0.045532927072,0.466295107800,0.511872696958,0.000044662086
8.800000,3,0.000000085,-0.006788220,0.000008313,0.001549343500,-0.045577190003,0.465460920309,0.511047533127,0.000009422815
8.850000,0,-0.000000330,-0.003661543,0.000001060,0.000765099663,-0.013699797436,0.099154645616,0.112761735804,-0.000092707248
8.850000,1,-0.000000827,-0.003665105,0.000001304,0.000765101141,-0.013547695117,0.099267133543,0.112773458581,-0.000041370079
8.850000,2,-0.000000375,-0.006780695,0.000013671,0.001549357989,-0.045541024687,0.466295107800,0.511880485599,0.000044353112
8.850000,3,-0.000000874,-0.006780053,0.000016282,0.001549428905,-0.045585101554,0.465460920309,0.511054982125,0.000008960262
8.900000,0,-0.000000254,-0.003608345,-0.000016632,0.000765183226,-0.013701610685,0.099154645616,0.112763940626,-0.000092315675
8.900000,1,0.000000712,-0.003616874,-0.000017018,0.000765168639,-0.013550846881,0.099267133543,0.112775995225,-0.000041985199
8.900000,2,0.000000371,-0.006779948,0.000000253,0.001549531188,-0.045547403072,0.466295107800,0.511886105557,0.000043594684
8.900000,3,-0.000000665,-0.006777741,0.000000483,0.001549494847,-0.045591338412,0.465460920309,0.511060302899,0.000008044177
8.950000,0,-0.000000127,-0.003586347,-0.000005284,0.000765137235,-0.013700529374,0.099154645616,0.112765482436,-0.000089692554
8.950000,1,-0.000000550,-0.003588856,-0.000006185,0.000765173389,-0.013551028028,0.099267133543,0.112777868024,-0.000040293547
8.950000,2,0.000000471,-0.006792522,0.000014971,0.001549407900,-0.045552931900,0.466295107800,0.511891893825,0.000043854125
8.950000,3,-0.000000236,-0.006790298,0.000012097,0.001549488357,-0.045591656099,0.465460920309,0.511065831651,0.000013255242
9.000000,0,-0.000000154,-0.003656413,-0.000006259,0.000765123100,-0.013703040322,0.099154645616,0.112767374172,-0.000090311766
9.000000,1,0.000000692,-0.003649648,-0.000006925,0.000765125033,-0.013553581153,0.099267133543,0.112780155634,-0.000040559062
9.000000,2,-0.000000080,-0.006773974,-0.000000896,0.001549328776,-0.045556321151,0.466295107800,0.511896113179,0.000044684227
9.000000,3,0.000000426,-0.006771311,0.000005062,0.001549369791,-0.045596075557,0.465460920309,0.511069837156,0.000012841290
9.050000,0,0.000000014,-0.003582793,-0.000011944,0.000765085828,-0.013705357562,0.099154645616,0.112769003898,-0.000090999281
9.050000,1,-0.000000732,-0.003578103,-0.000013498,0.000765130682,-0.013555981229,0.099267133543,0.112782222197,-0.000040892575
9.050000,2,-0.000000700,-0.006795304,0.000014671,0.001549305292,-0.045560734133,0.466295107800,0.511900402286,0.000044560353
9.050000,3,0.000000482,-0.006794423,0.000012303,0.001549391215,-0.045600332563,0.465460920309,0.511073950339,0.000012697467
9.100000,0,0.000000052,-0.003624350,-0.000006098,0.000765134893,-0.013707657823,0.099154645616,0.112770037803,-0.000092265636
9.100000,1,0.000000569,-0.003624919,-0.000006519,0.000765165276,-0.013557811316,0.099267133543,0.112783735478,-0.000041209381
9.100000,2,0.000000025,-0.006763419,-0.000000457,0.001549581648,-0.045562607280,0.466295107800,0.511903602317,0.000045887237
9.100000,3,-0.000000351,-0.006764506,0.000000380,0.001549420541,-0.045603264582,0.465460920309,0.511076952368,0.000012767477
9.150000,0,-0.000000233,-0.003636065,-0.000008820,0.000765161308,-0.013707725641,0.099154645616,0.112771007572,-0.000091363686
9.150000,1,-0.000000589,-0.003642214,-0.000007123,0.000765123093,-0.013559447152,0.099267133543,0.112785186760,-0.000041393935
9.150000,2,0.000000536,-0.006790947,0.000006954,0.001549425166,-0.045566225576,0.466295107800,0.511906866316,0.000045532940
9.150000,3,-0.000000569,-0.006793587,0.000009102,0.001549362774,-0.045604946446,0.465460920309,0.511080007105,0.000014140350
9.200000,0,-0.000000548,-0.003589244,-0.000011283,0.000765111986,-0.013707549783,0.099154645616,0.112771939890,-0.000090255509
9.200000,1,0.000000740,-0.003595290,-0.000010234,0.000765115826,-0.013558904508,0.099267133543,0.112786564484,-0.000039473566
9.200000,2,0.000000418,-0.006754136,0.000001704,0.001549196223,-0.045567992579,0.466295107800,0.511909369797,0.000046269418
9.200000,3,-0.000000436,-0.006758370,-0.000000527,0.001549371546,-0.045605403393,0.465460920309,0.511082265180,0.000015941478
9.250000,0,-0.000000602,-0.003646575,-0.000008715,0.000765066746,-0.013708117601,0.099154645616,0.112772805781,-0.000089957437
9.250000,1,-0.000000645,-0.003644036,-0.000007863,0.000765140418,-0.013560930311,0.099267133543,0.112787850273,-0.000040213580
9.250000,2,-0.000000532,-0.006793353,0.000004547,0.001549534056,-0.045571864875,0.466295107800,0.511911871025,0.000044898350
9.250000,3,-0.000000056,-0.006794854,0.000006688,0.001549374278,-0.045605968905,0.465460920309,0.511084514301,0.000017625086
9.300000,0,-0.000000787,-0.003615703,-0.000009234,0.000765127774,-0.013709775329,0.099154645616,0.112773447618,-0.000090973327
9.300000,1,0.000000582,-0.003605528,-0.000008494,0.000765120613,-0.013560950602,0.099267133543,0.112788844665,-0.000039239480
9.300000,2,-0.000000618,-0.006757321,0.000002927,0.001549443390,-0.045572825549,0.466295107800,0.511913828392,0.000045895043
9.300000,3,0.000000527,-0.006754975,0.000001919,0.001549356111,-0.045605833285,0.465460920309,0.511086180671,0.000019427077
9.350000,0,-0.000000440,-0.003609122,-0.000012297,0.000765183257,-0.013711466472,0.099154645616,0.112773890232,-0.000092221856
9.350000,1,-0.000000703,-0.003606579,-0.000011241,0.000765097096,-0.013562845422,0.099267133543,0.112789620653,-0.000040358312
9.350000,2,0.000000250,-0.006796709,0.000004137,0.001549320015,-0.045575315662,0.466295107800,0.511915779108,0.000045355645
9.350000,3,0.000000180,-0.006792770,0.000004425,0.001549500455,-0.045607327203,0.465460920309,0.511087866787,0.000019619275
9.400000,0,0.000000805,-0.003642984,-0.000006515,0.000765185102,-0.013709102572,0.099154645616,0.112774425528,-0.000089322661
9.400000,1,0.000000682,-0.003650797,-0.000005713,0.000765151255,-0.013563106707,0.099267133543,0.112790482033,-0.000039758217
9.400000,2,0.000000622,-0.006754663,-0.000003245,0.001549335339,-0.045576788717,0.466295107800,0.511917392062,0.000045495545
9.400000,3,-0.000000403,-0.006751054,-0.000001136,0.001549403194,-0.045608842834,0.465460920309,0.511089161344,0.000019398201
9.450000,0,0.000000545,-0.003602689,-0.000009643,0.000765146855,-0.013712262430,0.099154645616,0.112774906670,-0.000092001377
9.450000,1,-0.000000594,-0.003609682,-0.000007045,0.000765134985,-0.013562503696,0.099267133543,0.112791324127,-0.000038313111
9.450000,2,0.000000025,-0.006793212,0.000008855,0.001549442432,-0.045578371949,0.466295107800,0.511918945197,0.000045465449
9.450000,3,-0.000000396,-0.006791187,0.000005600,0.001549314877,-0.045609952253,0.465460920309,0.511090433051,0.000019560489
9.500000,0,0.000000721,-0.003624612,-0.000010110,0.000765105999,-0.013711779347,0.099154645616,0.112775231924,-0.000091193039
9.500000,1,0.000000717,-0.003623000,-0.000009697,0.000765117440,-0.013564076882,0.099267133543,0.112792066209,-0.000039144215
9.500000,2,-0.000000518,-0.006754182,-0.000002436,0.001549553306,-0.045579346485,0.466295107800,0.511920218414,0.000045764129
9.500000,3,-0.000000082,-0.006753071,-0.000002523,0.001549432515,-0.045612225732,0.465460920309,0.511091461277,0.000018315235
9.550000,0,0.000000230,-0.003626955,-0.000005863,0.000765108885,-0.013711722266,0.099154645616,0.112775533585,-0.000090834298
9.550000,1,-0.000000722,-0.003620843,-0.000005618,0.000765134564,-0.013563664939,0.099267133543,0.112792824270,-0.000037974212
9.550000,2,-0.000000452,-0.006795719,0.000005795,0.001549245685,-0.045582268827,0.466295107800,0.511921441878,0.000044065250
9.550000,3,0.000000431,-0.006794531,0.000003446,0.001549425736,-0.045615976197,0.465460920309,0.511092491501,0.000015594994
9.600000,0,0.000000799,-0.003602933,-0.000010334,0.000765103816,-0.013710966629,0.099154645616,0.112775825667,-0.000089786578
9.600000,1,0.000000545,-0.003597879,-0.000011948,0.000765149830,-0.013565369454,0.099267133543,0.112793589041,-0.000038913956
9.600000,2,0.000000532,-0.006759217,-0.000000575,0.001549349616,-0.045582985922,0.466295107800,0.511922504334,0.000044410612
9.600000,3,0.000000306,-0.006756831,-0.000000079,0.001549348474,-0.045616497084,0.465460920309,0.511093351058,0.000015933664
9.650000,0,0.000000646,-0.003630100,-0.000006343,0.000765140432,-0.013711326794,0.099154645616,0.112776101775,-0.000089870635
9.650000,1,-0.000000605,-0.003629830,-0.000006009,0.000765147758,-0.013564987498,0.099267133543,0.112794334482,-0.000037786559
9.650000,2,0.000000511,-0.006797130,0.000000848,0.001549568761,-0.045583906937,0.466295107800,0.511923507209,0.000044492472
9.650000,3,-0.000000020,-0.006793629,0.000000180,0.001549392710,-0.045617370144,0.465460920309,0.511094188076,0.000015897622
9.700000,0,-0.000000226,-0.003611721,-0.000004568,0.000765156618,-0.013711271535,0.099154645616,0.112776325004,-0.000089592147
9.700000,1,0.000000792,-0.003618896,-0.000005726,0.000765158392,-0.013564665938,0.099267133543,0.112794988558,-0.000036810923
9.700000,2,-0.000000310,-0.006758206,0.000002968,0.001549311203,-0.045584164536,0.466295107800,0.511924368155,0.000045095818
9.700000,3,-0.000000501,-0.006755039,0.000001338,0.001549376044,-0.045617483301,0.465460920309,0.511094899846,0.000016496236
9.750000,0,-0.000000050,-0.003609016,-0.000010174,0.000765172922,-0.013712355742,0.099154645616,0.112776499010,-0.000090502348
9.750000,1,-0.000000633,-0.003615601,-0.000011318,0.000765150772,-0.013566021397,0.099267133543,0.112795531414,-0.000037623526
9.750000,2,-0.000000578,-0.006791434,-0.000001483,0.001549373885,-0.045584374422,0.466295107800,0.511925214229,0.000045732007
9.750000,3,-0.000000091,-0.006789840,0.000002718,0.001549465750,-0.045619299253,0.465460920309,0.511095577208,0.000015357646
9.800000,0,-0.000000175,-0.003624962,-0.000003398,0.000765160498,-0.013711809803,0.099154645616,0.112776692140,-0.000089763279
9.800000,1,0.000000446,-0.003619813,-0.000003994,0.000765110086,-0.013565579846,0.099267133543,0.112796056853,-0.000036656536
9.800000,2,0.000000009,-0.006755233,0.000000970,0.001549391715,-0.045584915106,0.466295107800,0.511925973584,0.000045950679
9.800000,3,0.000000180,-0.006755491,-0.000002526,0.001549496684,-0.045619708679,0.465460920309,0.511096148279,0.000015519291
9.850000,0,-0.000000808,-0.003606285,-0.000008223,0.000765118711,-0.013711191436,0.099154645616,0.112776869101,-0.000088967951
9.850000,1,-0.000000602,-0.003597280,-0.000009360,0.000765128387,-0.013566991933,0.099267133543,0.112796538084,-0.000037587392
9.850000,2,0.000000641,-0.006787339,0.000002581,0.001549511666,-0.045585111703,0.466295107800,0.511926746278,0.000046526775
9.850000,3,0.000000478,-0.006789233,0.000001750,0.001549384088,-0.045621623485,0.465460920309,0.511096662007,0.000014118213
9.900000,0,-0.000000405,-0.003618513,-0.000009057,0.000765114112,-0.013711030481,0.099154645616,0.112777005747,-0.000088670350
9.900000,1,0.000000712,-0.003619846,-0.000009053,0.000765142015,-0.013566388410,0.099267133543,0.112796994117,-0.000036527836
9.900000,2,0.000000135,-0.006756029,-0.000003064,0.001549406262,-0.045586199141,0.466295107800,0.511927444898,0.000046137956
9.900000,3,0.000000267,-0.006759697,0.000000617,0.001549330009,-0.045621450910,0.465460920309,0.511097106087,0.000014734868
9.950000,0,-0.000000535,-0.003619312,-0.000004861,0.000765102810,-0.013711130838,0.099154645616,0.112777138840,-0.000088637614
9.950000,1,-0.000000546,-0.003626917,-0.000005041,0.000765117094,-0.013566246453,0.099267133543,0.112797487678,-0.000035892318
9.950000,2,-0.000000417,-0.006785986,0.000003067,0.001549205475,-0.045586595780,0.466295107800,0.511928135094,0.000046431513
9.950000,3,-0.000000188,-0.006791505,-0.000001924,0.001549461467,-0.045620831156,0.465460920309,0.511097514099,0.000015762634
10.000000,0,-0.000000731,-0.003608800,-0.000012038,0.000765147382,-0.013711835477,0.099154645616,0.112777260555,-0.000089220539
10.000000,1,0.000000499,-0.003612328,-0.000009358,0.000765138721,-0.013567676884,0.099267133543,0.112798021012,-0.000036789415
10.000000,2,-0.000000443,-0.006758130,-0.000003684,0.001549519588,-0.045586115388,0.466295107800,0.511928776248,0.000047553060
10.000000,3,-0.000000530,-0.006763662,0.000000699,0.001549373726,-0.045621653392,0.465460920309,0.511097890598,0.000015316896
10.050000,0,-0.000000719,-0.003623049,-0.000006654,0.000765141316,-0.013712490901,0.099154645616,0.112777378218,-0.000089758299
10.050000,1,-0.000000606,-0.003620288,-0.000006629,0.000765148257,-0.013567155963,0.099267133543,0.112798600994,-0.000035688512
10.050000,2,0.000000420,-0.006784419,0.000001361,0.001549437360,-0.045586199494,0.466295107800,0.511929430718,0.000048123424
10.050000,3,0.000000215,-0.006789315,-0.000000957,0.001549387413,-0.045622111961,0.465460920309,0.511098254898,0.000015222628
10.100000,0,-0.000000696,-0.003614982,-0.000009909,0.000765135838,-0.013714849731,0.099154645616,0.112777475537,-0.000092019811
10.100000,1,0.000000554,-0.003609086,-0.000010081,0.000765084857,-0.013568008313,0.099267133543,0.112799173240,-0.000035968615
10.100000,2,0.000000559,-0.006757866,0.000000450,0.001549275177,-0.045586933873,0.466295107800,0.511930006682,0.000047965009
10.100000,3,0.000000157,-0.006761887,-0.000001614,0.001549410082,-0.045624552406,0.465460920309,0.511098590228,0.000013117513
10.150000,0,-0.000000452,-0.003614567,-0.000011499,0.000765107071,-0.013714469102,0.099154645616,0.112777556260,-0.000091558459
10.150000,1,-0.000000487,-0.003609113,-0.000010785,0.000765098117,-0.013566465817,0.099267133543,0.112799710448,-0.000033888912
10.150000,2,-0.000000203,-0.006781754,-0.000003258,0.001549447913,-0.045587223629,0.466295107800,0.511930558830,0.000048227401
10.150000,3,0.000000509,-0.006784466,0.000001971,0.001549394373,-0.045626249385,0.465460920309,0.511098924817,0.000011755122
10.200000,0,-0.000000503,-0.003620384,-0.000006608,0.000765113248,-0.013714561801,0.099154645616,0.112777641137,-0.000091566281
10.200000,1,0.000000597,-0.003625045,-0.000005265,0.000765169544,-0.013567474216,0.099267133543,0.112800209054,-0.000034398705
10.200000,2,-0.000000685,-0.006760539,0.000003362,0.001549434777,-0.045586904873,0.466295107800,0.511931078092,0.000049065419
10.200000,3,-0.000000044,-0.006761338,0.000000484,0.001549447696,-0.045628308043,0.465460920309,0.511099252802,0.000010024449
10.250000,0,-0.000000274,-0.003612086,-0.000011254,0.000765151759,-0.013714824267,0.099154645616,0.112777721720,-0.000091748163
10.250000,1,-0.000000597,-0.003620643,-0.000011823,0.000765157063,-0.013568129098,0.099267133543,0.112800649734,-0.000034612907
10.250000,2,-0.000000001,-0.006784449,-0.000003374,0.001549473789,-0.045586438571,0.466295107800,0.511931580829,0.000050034458
10.250000,3,-0.000000127,-0.006782562,-0.000002311,0.001549483357,-0.045629862789,0.465460920309,0.511099574695,0.000008791597
10.300000,0,0.000000632,-0.003617735,-0.000008650,0.000765150511,-0.013712737604,0.099154645616,0.112777789808,-0.000089593413
10.300000,1,0.000000460,-0.003618802,-0.000009819,0.000765097323,-0.013568937673,0.099267133543,0.112801043671,-0.000035027544
10.300000,2,0.000000526,-0.006766397,-0.000001532,0.001549269184,-0.045588110751,0.466295107800,0.511932059866,0.000048841315
10.300000,3,-0.000000369,-0.006762855,0.000000673,0.001549342592,-0.045631455088,0.465460920309,0.511099874722,0.000007499325
10.350000,0,0.000000967,-0.003617539,-0.000007924,0.000765118919,-0.013714206593,0.099154645616,0.112777856893,-0.000090995317
10.350000,1,-0.000000512,-0.003608469,-0.000008871,0.000765174457,-0.013569177141,0.099267133543,0.112801423427,-0.000034887257
10.350000,2,0.000000380,-0.006785265,0.000000297,0.001549375939,-0.045587738516,0.466295107800,0.511932530262,0.000049683947
10.350000,3,-0.000000001,-0.006781484,-0.000001352,0.001549361316,-0.045632883189,0.465460920309,0.511100165124,0.000006361626
10.400000,0,0.000000605,-0.003610947,-0.000011884,0.000765132593,-0.013712779620,0.099154645616,0.112777920777,-0.000089504459
10.400000,1,0.000000599,-0.003606201,-0.000011128,0.000765166761,-0.013567515244,0.099267133543,0.112801829015,-0.000032819773
10.400000,2,-0.000000563,-0.006766718,-0.000003321,0.001549577824,-0.045587971549,0.466295107800,0.511933001149,0.000049921800
10.400000,3,0.000000272,-0.006763842,-0.000002777,0.001549460525,-0.045631239797,0.465460920309,0.511100444899,0.000008284793
10.450000,0,0.000000396,-0.003617907,-0.000007202,0.000765109505,-0.013714634455,0.099154645616,0.112777980390,-0.000091299681
10.450000,1,-0.000000489,-0.003622007,-0.000008121,0.000765093975,-0.013569067913,0.099267133543,0.112802284767,-0.000033916688
10.450000,2,-0.000000400,-0.006780530,0.000001891,0.001549289619,-0.045588372627,0.466295107800,0.511933483810,0.000050003382
10.450000,3,0.000000289,-0.006779002,0.000000331,0.001549365408,-0.045630472067,0.465460920309,0.511100712895,0.000009320519
10.500000,0,0.000000763,-0.003614929,-0.000008867,0.000765119992,-0.013715678206,0.099154645616,0.112778038683,-0.000092285140
10.500000,1,0.000000493,-0.003620711,-0.000007747,0.000765136288,-0.013568628087,0.099267133543,0.112802781121,-0.000032980508
10.500000,2,0.000000185,-0.006765244,-0.000003256,0.001549382599,-0.045588878250,0.466295107800,0.511933977851,0.000049991801
10.500000,3,-0.000000090,-0.006763451,-0.000001700,0.001549359564,-0.045630831246,0.465460920309,0.511100957511,0.000009205956
10.550000,0,0.000000590,-0.003612924,-0.000008580,0.000765106600,-0.013714959240,0.099154645616,0.112778089556,-0.000091515300
10.550000,1,-0.000000647,-0.003616804,-0.000007270,0.000765194068,-0.013569737896,0.099267133543,0.112803305813,-0.000033565626
10.550000,2,0.000000563,-0.006779420,-0.000002121,0.001549488517,-0.045588792602,0.466295107800,0.511934448638,0.000050548235
10.550000,3,-0.000000132,-0.006777034,-0.000004770,0.001549387530,-0.045632752765,0.465460920309,0.511101189335,0.000007516261
10.600000,0,0.000000234,-0.003617771,-0.000008373,0.000765159333,-0.013714274674,0.099154645616,0.112778136977,-0.000090783314
10.600000,1,0.000000533,-0.003615651,-0.000007624,0.000765103918,-0.013569779739,0.099267133543,0.112803839768,-0.000033073514
10.600000,2,0.000000053,-0.006766695,0.000001458,0.001549382157,-0.045588978377,0.466295107800,0.511934927719,0.000050841542
10.600000,3,-0.000000467,-0.006763141,0.000000498,0.001549371771,-0.045632735866,0.465460920309,0.511101396302,0.000007740126
10.650000,0,0.000000734,-0.003614197,-0.000009345,0.000765150634,-0.013716530593,0.099154645616,0.112778184443,-0.000092991766
10.650000,1,-0.000000356,-0.003605433,-0.000010291,0.000765075988,-0.013568921037,0.099267133543,0.112804328796,-0.000031725784
10.650000,2,-0.000000676,-0.006777981,-0.000005668,0.001549380039,-0.045588705485,0.466295107800,0.511935402189,0.000051588904
10.650000,3,0.000000165,-0.006773953,-0.000001297,0.001549468026,-0.045631595707,0.465460920309,0.511101591640,0.000009075623
10.700000,0,0.000000420,-0.003616168,-0.000007701,0.000765100814,-0.013715091287,0.099154645616,0.112778231819,-0.000091505084
10.700000,1,0.000000509,-0.003612576,-0.000006259,0.000765167502,-0.013569939902,0.099267133543,0.112804771167,-0.000032302277
10.700000,2,-0.000000229,-0.006765484,0.000001114,0.001549271474,-0.045589988463,0.466295107800,0.511935859597,0.000050763334
10.700000,3,0.000000164,-0.006763128,-0.000002352,0.001549444327,-0.045630566889,0.465460920309,0.511101785711,0.000010298513
10.750000,0,-0.000000141,-0.003616725,-0.000009966,0.000765109020,-0.013715825532,0.099154645616,0.112778281339,-0.000092189809
10.750000,1,-0.000000659,-0.003623714,-0.000006953,0.000765141110,-0.013569419930,0.099267133543,0.112805164188,-0.000031389285
10.750000,2,0.000000545,-0.006773953,-0.000003724,0.001549531077,-0.045590961249,0.466295107800,0.511936275977,0.000050206928
10.750000,3,0.000000352,-0.006774296,-0.000000562,0.001549294165,-0.045629838401,0.465460920309,0.511101980104,0.000011221393
10.800000,0,-0.000000934,-0.003614264,-0.000009443,0.000765112876,-0.013713985549,0.099154645616,0.112778338627,-0.000090292539
10.800000,1,0.000000510,-0.003621502,-0.000008249,0.000765067324,-0.013570674918,0.099267133543,0.112805520541,-0.000032287919
10.800000,2,0.000000400,-0.006763869,-0.000001785,0.001549452232,-0.045591561229,0.466295107800,0.511936682286,0.000050013256
10.800000,3,-0.000000152,-0.006766022,-0.000001748,0.001549377722,-0.045631691954,0.465460920309,0.511102188910,0.000009576646
10.850000,0,-0.000000989,-0.003617674,-0.000008590,0.000765158915,-0.013713480680,0.099154645616,0.112778398431,-0.000089727865
10.850000,1,-0.000000409,-0.003614406,-0.000007322,0.000765153995,-0.013569807626,0.099267133543,0.112805890738,-0.000031050430
10.850000,2,-0.000000240,-0.006772710,0.000000034,0.001549262158,-0.045591972229,0.466295107800,0.511937067835,0.000049987806
10.850000,3,-0.000000213,-0.006775055,-0.000004099,0.001549458106,-0.045631429936,0.465460920309,0.511102410133,0.000010059888
10.900000,0,-0.000000305,-0.003615099,-0.000009306,0.000765088402,-0.013712831462,0.099154645616,0.112778462146,-0.000089014933
10.900000,1,0.000000488,-0.003607224,-0.000009730,0.000765169360,-0.013569189346,0.099267133543,0.112806295343,-0.000030027546
10.900000,2,-0.000000521,-0.006767475,-0.000005307,0.001549479864,-0.045591390765,0.466295107800,0.511937453463,0.000050954898
10.900000,3,-0.000000372,-0.006767991,0.000000654,0.001549383155,-0.045633293697,0.465460920309,0.511102634733,0.000008420727
10.950000,0,-0.000000281,-0.003614987,-0.000008352,0.000765076963,-0.013713094726,0.099154645616,0.112778527369,-0.000089212974
10.950000,1,-0.000000475,-0.003612536,-0.000009737,0.000765090096,-0.013570848659,0.099267133543,0.112806745222,-0.000031236980
10.950000,2,0.000000030,-0.006776488,0.000000053,0.001549411090,-0.045591941807,0.466295107800,0.511937841357,0.000050791750
10.950000,3,0.000000052,-0.006775039,-0.000003473,0.001549369282,-0.045635546656,0.465460920309,0.511102850533,0.000006383567
11.000000,0,-0.000001114,-0.003618158,-0.000009179,0.000765137441,-0.013711896990,0.099154645616,0.112778592115,-0.000087950491
11.000000,1,0.000000461,-0.003620851,-0.000008512,0.000765140348,-0.013570517032,0.099267133543,0.112807247862,-0.000030402713
11.000000,2,0.000000562,-0.006770959,-0.000002520,0.001549377282,-0.045592180797,0.466295107800,0.511938226438,0.000050937841
11.000000,3,0.000000288,-0.006768027,-0.000002862,0.001549380470,-0.045635019566,0.465460920309,0.511103069284,0.000007129409
11.050000,0,-0.000000340,-0.003614868,-0.000009077,0.000765124854,-0.013713229011,0.099154645616,0.112778664542,-0.000089210085
11.050000,1,-0.000000561,-0.003620321,-0.000008049,0.000765207349,-0.013571426716,0.099267133543,0.112807763821,-0.000030796438
11.050000,2,0.000000217,-0.006776082,-0.000004307,0.001549350812,-0.045593829532,0.466295107800,0.511938630278,0.000049692945
11.050000,3,0.000000298,-0.006773366,0.000000192,0.001549387014,-0.045635790009,0.465460920309,0.511103283039,0.000006572721
11.100000,0,-0.000000333,-0.003615489,-0.000008726,0.000765138996,-0.013712718339,0.099154645616,0.112778738892,-0.000088625063
11.100000,1,0.000000512,-0.003619289,-0.000009177,0.000765124705,-0.013570647572,0.099267133543,0.112808265041,-0.000029516074
11.100000,2,-0.000000405,-0.006769986,0.000002057,0.001549376592,-0.045593337341,0.466295107800,0.511939051192,0.000050606051
11.100000,3,-0.000000140,-0.006767704,-0.000001714,0.001549502004,-0.045637814294,0.465460920309,0.511103484982,0.000004750379
11.150000,0,-0.000000590,-0.003616775,-0.000009114,0.000765132138,-0.013713273928,0.099154645616,0.112778807403,-0.000089112141
11.150000,1,-0.000000337,-0.003611448,-0.000010196,0.000765086105,-0.013571153979,0.099267133543,0.112808729974,-0.000029557547
11.150000,2,-0.000000451,-0.006774456,-0.000004185,0.001549585415,-0.045592569617,0.466295107800,0.511939482852,0.000051805435
11.150000,3,-0.000000162,-0.006772188,-0.000003680,0.001549479482,-0.045639980723,0.465460920309,0.511103660539,0.000002759507
11.200000,0,-0.000000445,-0.003614600,-0.000008515,0.000765128841,-0.013714133256,0.099154645616,0.112778867069,-0.000089911804
11.200000,1,0.000000409,-0.003605462,-0.000009181,0.000765190196,-0.013571895778,0.099267133543,0.112809135157,-0.000029894164
11.200000,2,0.000000407,-0.006770022,0.000001370,0.001549287158,-0.045593185842,0.466295107800,0.511939896529,0.000051602886
11.200000,3,-0.000000551,-0.006768501,0.000000209,0.001549365075,-0.045641635349,0.465460920309,0.511103824107,0.000001268449
11.250000,0,0.000000152,-0.003615849,-0.000009069,0.000765185046,-0.013713104642,0.099154645616,0.112778924900,-0.000088825359
11.250000,1,-0.000000586,-0.003616917,-0.000008554,0.000765141648,-0.013571063864,0.099267133543,0.112809499635,-0.000028697772
11.250000,2,0.000000438,-0.006774704,-0.000002709,0.001549335722,-0.045593640435,0.466295107800,0.511940320523,0.000051572288
11.250000,3,-0.000000207,-0.006772812,-0.000001187,0.001549322867,-0.045642672467,0.465460920309,0.511103970137,0.000000377360
11.300000,0,0.000000509,-0.003615242,-0.000009240,0.000765119610,-0.013711704179,0.099154645616,0.112778984002,-0.000087365793
11.300000,1,0.000000486,-0.003624206,-0.000008583,0.000765075748,-0.013571850259,0.099267133543,0.112809850695,-0.000029133107
11.300000,2,-0.000000133,-0.006771661,-0.000003315,0.001549493296,-0.045593843657,0.466295107800,0.511940716145,0.000051764688
11.300000,3,-0.000000069,-0.006770399,-0.000003434,0.001549428293,-0.045641947647,0.465460920309,0.511104112344,0.000001244388
11.350000,0,0.000000894,-0.003615360,-0.000008487,0.000765094365,-0.013711481546,0.099154645616,0.112779042152,-0.000087085010
11.350000,1,-0.000000359,-0.003619451,-0.000006288,0.000765154663,-0.013569877945,0.099267133543,0.112810221244,-0.000026790243
11.350000,2,-0.000000545,-0.006773139,0.000001098,0.001549347267,-0.045594255484,0.466295107800,0.511941091067,0.000051727783
11.350000,3,0.000000532,-0.006775016,-0.000002240,0.001549431504,-0.045638315819,0.465460920309,0.511104257123,0.000005020995
11.400000,0,0.000000316,-0.003616713,-0.000009884,0.000765150330,-0.013712552229,0.099154645616,0.112779100756,-0.000088097089
11.400000,1,0.000000456,-0.003611037,-0.000007593,0.000765161043,-0.013570885346,0.099267133543,0.112810639146,-0.000027379743
11.400000,2,-0.000000102,-0.006768032,-0.000005162,0.001549395078,-0.045593555200,0.466295107800,0.511941441730,0.000052778730
11.400000,3,0.000000274,-0.006773239,-0.000000518,0.001549374002,-0.045633070582,0.465460920309,0.511104418778,0.000010427886
11.450000,0,-0.000000158,-0.003615217,-0.000007959,0.000765125357,-0.013713229041,0.099154645616,0.112779165506,-0.000088709150
11.450000,1,-0.000000459,-0.003608838,-0.000009122,0.000765056854,-0.013571257103,0.099267133543,0.112811106291,-0.000027284354
11.450000,2,0.000000527,-0.006768590,-0.000000710,0.001549344175,-0.045593315402,0.466295107800,0.511941783467,0.000053360265
11.450000,3,0.000000110,-0.006775606,-0.000004193,0.001549380034,-0.045632659136,0.465460920309,0.511104594272,0.000011014827
11.500000,0,-0.000000044,-0.003615666,-0.000010140,0.000765118170,-0.013710994143,0.099154645616,0.112779232446,-0.000086407313
11.500000,1,0.000000324,-0.003614088,-0.000008750,0.000765114828,-0.013571603262,0.099267133543,0.112811609961,-0.000027126844
11.500000,2,0.000000340,-0.006766509,-0.000001718,0.001549492845,-0.045594161821,0.466295107800,0.511942117829,0.000052848208
11.500000,3,-0.000000172,-0.006772530,-0.000003351,0.001549364552,-0.045633406188,0.465460920309,0.511104797560,0.000010471063
11.550000,0,0.000000147,-0.003615496,-0.000007526,0.000765138491,-0.013709878679,0.099154645616,0.112779304988,-0.000085219308
11.550000,1,-0.000000405,-0.003619457,-0.000006427,0.000765207190,-0.013572521565,0.099267133543,0.112812121268,-0.000027533840
11.550000,2,-0.000000476,-0.006769959,-0.000004998,0.001549460774,-0.045592956560,0.466295107800,0.511942467116,0.000054402756
11.550000,3,-0.000000316,-0.006773438,-0.000001121,0.001549347821,-0.045632885552,0.465460920309,0.511105015250,0.000011209389
11.600000,0,-0.000000404,-0.003614901,-0.000009679,0.000765183252,-0.013710903966,0.099154645616,0.112779374614,-0.000086174969
11.600000,1,0.000000534,-0.003621801,-0.000008532,0.000765126906,-0.013570931064,0.099267133543,0.112812601111,-0.000025463495
11.600000,2,-0.000000431,-0.006770222,0.000000736,0.001549218598,-0.045593075330,0.466295107800,0.511942826346,0.000054643215
11.600000,3,-0.000000389,-0.006770741,-0.000001648,0.001549477079,-0.045631488115,0.465460920309,0.511105249632,0.000012841207
11.650000,0,0.000000083,-0.003616342,-0.000008086,0.000765144224,-0.013710590677,0.099154645616,0.112779445100,-0.000085791193
11.650000,1,-0.000000391,-0.003618232,-0.000009917,0.000765078120,-0.013572551203,0.099267133543,0.112813038798,-0.000026645948
11.650000,2,0.000000105,-0.006773562,-0.000006199,0.001549483523,-0.045593699123,0.466295107800,0.511943191901,0.000054384978
11.650000,3,0.000000284,-0.006772029,-0.000001973,0.001549456143,-0.045631243787,0.465460920309,0.511105483152,0.000013319055
11.700000,0,0.000000235,-0.003615821,-0.000009838,0.000765112911,-0.013711063528,0.099154645616,0.112779521552,-0.000086187593
11.700000,1,0.000000272,-0.003607212,-0.000009100,0.000765185313,-0.013572115348,0.099267133543,0.112813418620,-0.000025830270
11.700000,2,0.000000708,-0.006772507,-0.000000375,0.001549429831,-0.045595080305,0.466295107800,0.511943582792,0.000053394686
11.700000,3,0.000000263,-0.006770966,-0.000000230,0.001549349812,-0.045629658372,0.465460920309,0.511105705348,0.000015126667
11.750000,0,-0.000000046,-0.003615478,-0.000009908,0.000765048576,-0.013709914409,0.099154645616,0.112779597686,-0.000084962340
11.750000,1,-0.000000393,-0.003608788,-0.000009171,0.000765148025,-0.013572352747,0.099267133543,0.112813765786,-0.000025720505
11.750000,2,0.000000008,-0.006773151,-0.000001435,0.001549365077,-0.045595595728,0.466295107800,0.511943970026,0.000053266498
11.750000,3,0.000000502,-0.006772610,-0.000002385,0.001549383908,-0.045629531481,0.465460920309,0.511105920810,0.000015469019
11.800000,0,0.000000238,-0.003615869,-0.000008606,0.000765094985,-0.013709834048,0.099154645616,0.112779674445,-0.000084805219
11.800000,1,0.000000457,-0.003620493,-0.000010107,0.000765086771,-0.013572109667,0.099267133543,0.112814119514,-0.000025123696
11.800000,2,-0.000000616,-0.006772032,-0.000004006,0.001549417885,-0.045595384559,0.466295107800,0.511944352962,0.000053860603
11.800000,3,-0.000000027,-0.006770645,-0.000002144,0.001549439789,-0.045631832362,0.465460920309,0.511106108154,0.000013355482
11.850000,0,-0.000000268,-0.003614976,-0.000007927,0.000765090907,-0.013707940740,0.099154645616,0.112779748616,-0.000082837740
11.850000,1,-0.000000409,-0.003623456,-0.000008641,0.000765167542,-0.013570789280,0.099267133543,0.112814501411,-0.000023421412
11.850000,2,-0.000000231,-0.006773468,0.000001882,0.001549392038,-0.045595969013,0.466295107800,0.511944728994,0.000053652181
11.850000,3,-0.000000026,-0.006773414,-0.000001336,0.001549418162,-0.045633462792,0.465460920309,0.511106273088,0.000011889987
11.900000,0,0.000000007,-0.003615629,-0.000010062,0.000765134124,-0.013704920328,0.099154645616,0.112779830786,-0.000079735158
11.900000,1,0.000000433,-0.003616578,-0.000007709,0.000765197005,-0.013571604615,0.099267133543,0.112814930725,-0.000023807433
11.900000,2,0.000000344,-0.006774377,-0.000003773,0.001549516239,-0.045597556666,0.466295107800,0.511945097004,0.000052432538
11.900000,3,-0.000000357,-0.006774564,-0.000002105,0.001549391806,-0.045631190652,0.465460920309,0.511106422866,0.000014311905
11.950000,0,0.000000235,-0.003615158,-0.000006442,0.000765116965,-0.013704082987,0.099154645616,0.112779919819,-0.000078808785
11.950000,1,-0.000000395,-0.003610683,-0.000009017,0.000765089667,-0.013571535709,0.099267133543,0.112815417342,-0.000023251910
11.950000,2,0.000000552,-0.006775394,-0.000001434,0.001549302177,-0.045598378744,0.466295107800,0.511945430189,0.000051943645
11.950000,3,-0.000000008,-0.006775846,-0.000003259,0.001549372730,-0.045631220367,0.465460920309,0.511106568098,0.000014427421
12.000000,0,-0.000000148,-0.003615043,-0.000007724,0.000765144306,-0.013705290442,0.099154645616,0.112780013729,-0.000079922329
12.000000,1,0.000000288,-0.003610196,-0.000009830,0.000765087294,-0.013572788913,0.099267133543,0.112815918778,-0.000024003678
12.000000,2,-0.000000105,-0.006773996,-0.000000962,0.001549304891,-0.045597740297,0.466295107800,0.511945755436,0.000052907338
12.000000,3,0.000000233,-0.006774510,-0.000000816,0.001549348279,-0.045631312121,0.465460920309,0.511106719521,0.000014487091
