4672  1
    0      1     0     2    -1
    1      2     3     1    -1
    2      5     4     6    -1
    3      6     7     5    -1
    4      9     8    10    -1
    5     10    11     9    -1
    6     13    12    14    -1
    7     14    15    13    -1
    8     17    16    18    -1
    9     18    19    17    -1
   10     21    20    15    -1
   11     15    14    21    -1
   12     23    22    24    -1
   13     24    25    23    -1
   14     27    26    28    -1
   15     28    29    27    -1
   16     31    30    32    -1
   17     32    33    31    -1
   18     35    34    36    -1
   19     36    37    35    -1
   20     39    38    40    -1
   21     40    41    39    -1
   22     43    42    44    -1
   23     44    45    43    -1
   24     47    46    48    -1
   25     48    49    47    -1
   26     51    50    52    -1
   27     52    53    51    -1
   28     55    54    56    -1
   29     56    57    55    -1
   30     59    58    60    -1
   31     60    61    59    -1
   32     63    62    64    -1
   33     64    65    63    -1
   34     67    66    68    -1
   35     68    69    67    -1
   36     71    70    72    -1
   37     72    73    71    -1
   38     75    74    76    -1
   39     76    77    75    -1
   40     79    78    80    -1
   41     80    81    79    -1
   42     83    82    84    -1
   43     84    85    83    -1
   44     87    86    88    -1
   45     88    89    87    -1
   46     91    90    92    -1
   47     92    93    91    -1
   48     95    94    96    -1
   49     96    97    95    -1
   50     99    98   100    -1
   51    100   101    99    -1
   52    103   102   104    -1
   53    104   105   103    -1
   54    107   106   108    -1
   55    108   109   107    -1
   56    111   110   112    -1
   57    112   113   111    -1
   58    115   114   116    -1
   59    116   117   115    -1
   60    119   118   120    -1
   61    120   121   119    -1
   62    123   122   124    -1
   63    124   125   123    -1
   64    127   126   128    -1
   65    128   129   127    -1
   66    131   130   132    -1
   67    132   133   131    -1
   68    135   134   136    -1
   69    136   137   135    -1
   70    139   138   140    -1
   71    140   141   139    -1
   72    143   142    66    -1
   73     66    67   143    -1
   74    145   144    78    -1
   75     78    79   145    -1
   76    147   146   148    -1
   77    148   149   147    -1
   78    151   150   152    -1
   79    152   153   151    -1
   80    155   154    62    -1
   81     62    63   155    -1
   82    157   156    74    -1
   83     74    75   157    -1
   84    159   158   160    -1
   85    160   161   159    -1
   86    163   162    82    -1
   87     82    83   163    -1
   88    165   164   166    -1
   89    166   167   165    -1
   90    169   168   170    -1
   91    170   171   169    -1
   92    173   172   174    -1
   93    174   175   173    -1
   94    177   176   178    -1
   95    178   179   177    -1
   96    181   180   182    -1
   97    182   183   181    -1
   98    185   184   186    -1
   99    186   187   185    -1
  100    189   188   190    -1
  101    190   191   189    -1
  102    193   192   194    -1
  103    194   195   193    -1
  104    197   196   198    -1
  105    198   199   197    -1
  106    201   200   202    -1
  107    202   203   201    -1
  108    205   204   206    -1
  109    206   207   205    -1
  110    209   208   210    -1
  111    210   211   209    -1
  112    213   212   214    -1
  113    214   215   213    -1
  114    217   216   218    -1
  115    218   219   217    -1
  116    221   220   222    -1
  117    222   223   221    -1
  118    225   224   226    -1
  119    226   227   225    -1
  120    229   228   230    -1
  121    230   231   229    -1
  122    233   232   234    -1
  123    234   235   233    -1
  124    237   236   238    -1
  125    238   239   237    -1
  126    239   240   241    -1
  127    241   237   239    -1
  128    243   242   244    -1
  129    244   210   243    -1
  130    246   245   247    -1
  131    247   248   246    -1
  132    250   249   251    -1
  133    251   220   250    -1
  134    253   252   254    -1
  135    254   255   253    -1
  136    257   256   258    -1
  137    258   259   257    -1
  138    261   260   262    -1
  139    262   263   261    -1
  140    265   264   266    -1
  141    266   267   265    -1
  142    269   268   270    -1
  143    270   271   269    -1
  144    273   272   274    -1
  145    274   275   273    -1
  146    277   276   278    -1
  147    278   279   277    -1
  148    281   280   282    -1
  149    282   283   281    -1
  150    285   284   286    -1
  151    286   287   285    -1
  152    289   288   290    -1
  153    290   291   289    -1
  154    293   292   294    -1
  155    294   295   293    -1
  156    297   296   298    -1
  157    298   299   297    -1
  158    301   300   302    -1
  159    302   303   301    -1
  160    305   304   306    -1
  161    306   307   305    -1
  162    309   308   310    -1
  163    310   311   309    -1
  164    313   312   314    -1
  165    314   315   313    -1
  166    317   316   318    -1
  167    318   319   317    -1
  168    321   320   322    -1
  169    322   323   321    -1
  170    289   277   324    -1
  171    324   325   289    -1
  172    327   326   280    -1
  173    280   328   327    -1
  174    330   329   284    -1
  175    284   285   330    -1
  176    325   331   288    -1
  177    288   289   325    -1
  178    333   332   334    -1
  179    334   335   333    -1
  180    337   336   338    -1
  181    338   339   337    -1
  182    341   340   342    -1
  183    342   343   341    -1
  184    345   344   346    -1
  185    346   347   345    -1
  186    349   348   350    -1
  187    350   351   349    -1
  188    353   352   354    -1
  189    354   355   353    -1
  190    357   356   358    -1
  191    358   359   357    -1
  192    361   360   362    -1
  193    362   363   361    -1
  194    365   364   366    -1
  195    366   367   365    -1
  196    369   368   352    -1
  197    352   353   369    -1
  198    371   370   372    -1
  199    372   373   371    -1
  200    375   374   336    -1
  201    336   337   375    -1
  202    377   376   378    -1
  203    378   379   377    -1
  204    381   380   382    -1
  205    382   383   381    -1
  206    385   384   386    -1
  207    386   387   385    -1
  208    389   388   390    -1
  209    390   391   389    -1
  210    393   392   394    -1
  211    394   395   393    -1
  212    397   396   398    -1
  213    398   399   397    -1
  214    401   400   402    -1
  215    402   403   401    -1
  216    405   404   406    -1
  217    406   407   405    -1
  218    409   408   410    -1
  219    410   411   409    -1
  220    413   412   414    -1
  221    414   415   413    -1
  222    417   416   418    -1
  223    418   419   417    -1
  224    213   215   420    -1
  225    420   421   213    -1
  226    422   205   207    -1
  227    207   423   422    -1
  228    425   424   426    -1
  229    426   427   425    -1
  230    429   428   430    -1
  231    430   431   429    -1
  232    433   432   434    -1
  233    434   435   433    -1
  234    437   436   438    -1
  235    438   439   437    -1
  236    441   440   442    -1
  237    442   443   441    -1
  238    445   444   446    -1
  239    446   447   445    -1
  240    449   448   450    -1
  241    450   451   449    -1
  242    453   452   454    -1
  243    454   455   453    -1
  244    457   456   458    -1
  245    458   459   457    -1
  246    461   460   462    -1
  247    462   463   461    -1
  248    465   464   466    -1
  249    466   467   465    -1
  250    469   468   470    -1
  251    470   471   469    -1
  252    473   472   474    -1
  253    474   475   473    -1
  254    477   476   478    -1
  255    478   479   477    -1
  256    481   480   482    -1
  257    482   483   481    -1
  258    485   484   486    -1
  259    486   487   485    -1
  260    489   488   490    -1
  261    490   491   489    -1
  262    493   492   494    -1
  263    494   495   493    -1
  264    497   496   498    -1
  265    498   499   497    -1
  266    501   500   502    -1
  267    502   503   501    -1
  268    505   504   506    -1
  269    506   507   505    -1
  270    509   508   510    -1
  271    510   511   509    -1
  272    513   512   514    -1
  273    514   515   513    -1
  274    517   516   518    -1
  275    518   519   517    -1
  276    521   520   522    -1
  277    522   523   521    -1
  278    525   524   526    -1
  279    526   527   525    -1
  280    529   528   530    -1
  281    530   531   529    -1
  282    533   532   534    -1
  283    534   535   533    -1
  284    537   536   538    -1
  285    538   539   537    -1
  286    541   540   542    -1
  287    542   543   541    -1
  288    545   544   546    -1
  289    546   547   545    -1
  290    549   548   550    -1
  291    550   551   549    -1
  292    553   552   554    -1
  293    554   555   553    -1
  294    557   556   558    -1
  295    558   559   557    -1
  296    561   560   562    -1
  297    562   563   561    -1
  298    565   564   566    -1
  299    566   567   565    -1
  300    569   568   570    -1
  301    570   571   569    -1
  302    573   572   574    -1
  303    574   575   573    -1
  304    577   576   578    -1
  305    578   579   577    -1
  306    581   580   582    -1
  307    582   583   581    -1
  308    585   584   586    -1
  309    586   587   585    -1
  310    589   588   590    -1
  311    590   591   589    -1
  312    593   592   594    -1
  313    594   595   593    -1
  314    597   596   598    -1
  315    598   599   597    -1
  316    601   600   602    -1
  317    602   603   601    -1
  318    605   604   606    -1
  319    606   607   605    -1
  320    609   608   610    -1
  321    610   611   609    -1
  322    613   612   614    -1
  323    614   615   613    -1
  324    617   616   618    -1
  325    618   619   617    -1
  326    621   620   622    -1
  327    622   623   621    -1
  328    625   624   626    -1
  329    626   627   625    -1
  330    629   628   630    -1
  331    630   631   629    -1
  332    633   632   634    -1
  333    634   635   633    -1
  334    637   636   638    -1
  335    638   639   637    -1
  336    641   640   642    -1
  337    642   643   641    -1
  338    645   644   646    -1
  339    646   647   645    -1
  340    649   648   650    -1
  341    650   651   649    -1
  342    653   652   654    -1
  343    654   655   653    -1
  344    657   656   658    -1
  345    658   659   657    -1
  346    661   660   662    -1
  347    662   663   661    -1
  348    665   664   666    -1
  349    666   667   665    -1
  350    669   668   670    -1
  351    670   671   669    -1
  352    673   672   674    -1
  353    674   675   673    -1
  354    677   676   678    -1
  355    678   679   677    -1
  356    681   680   682    -1
  357    682   683   681    -1
  358    685   684   686    -1
  359    686   687   685    -1
  360    689   688   690    -1
  361    690   691   689    -1
  362    693   692   694    -1
  363    694   695   693    -1
  364    697   696   698    -1
  365    698   699   697    -1
  366    701   700   702    -1
  367    702   703   701    -1
  368    705   704   706    -1
  369    706   707   705    -1
  370    709   708   710    -1
  371    710   711   709    -1
  372    713   712   714    -1
  373    714   715   713    -1
  374    717   716   718    -1
  375    718   719   717    -1
  376    721   720   722    -1
  377    722   723   721    -1
  378    725   724   726    -1
  379    726   727   725    -1
  380    729   728   730    -1
  381    730   731   729    -1
  382    733   732   734    -1
  383    734   735   733    -1
  384    737   736   738    -1
  385    738   739   737    -1
  386    741   740   742    -1
  387    742   743   741    -1
  388    745   744   746    -1
  389    746   747   745    -1
  390    749   748   750    -1
  391    750   751   749    -1
  392    753   752   754    -1
  393    754   755   753    -1
  394    757   756   758    -1
  395    758   759   757    -1
  396    761   760   762    -1
  397    762   763   761    -1
  398    765   764   766    -1
  399    766   767   765    -1
  400    769   768   770    -1
  401    770   771   769    -1
  402    773   772   774    -1
  403    774   775   773    -1
  404    777   776   778    -1
  405    778   779   777    -1
  406    781   780   782    -1
  407    782   783   781    -1
  408    785   784   786    -1
  409    786   787   785    -1
  410    789   788   790    -1
  411    790   791   789    -1
  412    793   792   794    -1
  413    794   795   793    -1
  414    797   796   798    -1
  415    798   799   797    -1
  416    801   800   802    -1
  417    802   803   801    -1
  418    805   804   806    -1
  419    806   807   805    -1
  420    809   808   810    -1
  421    810   811   809    -1
  422    813   812   814    -1
  423    814   815   813    -1
  424    817   816   818    -1
  425    818   819   817    -1
  426    821   820   822    -1
  427    822   823   821    -1
  428    825   824   826    -1
  429    826   827   825    -1
  430    829   828   830    -1
  431    830   831   829    -1
  432    833   832   834    -1
  433    834   835   833    -1
  434    836   722   655    -1
  435    655   837   836    -1
  436    838   818   791    -1
  437    791   839   838    -1
  438    841   840   703    -1
  439    703   842   841    -1
  440    843   670   835    -1
  441    835   844   843    -1
  442    845   798   691    -1
  443    691   846   845    -1
  444    847   758   731    -1
  445    731   848   847    -1
  446    850   849   851    -1
  447    851   852   850    -1
  448    854   853   707    -1
  449    707   855   854    -1
  450    856   686   647    -1
  451    647   857   856    -1
  452    858   810   859    -1
  453    859   860   858    -1
  454    862   861   863    -1
  455    863   864   862    -1
  456    683   865   866    -1
  457    866   681   683    -1
  458    868   867   869    -1
  459    869   870   868    -1
  460    872   871   873    -1
  461    873   874   872    -1
  462    875   657   659    -1
  463    659   876   875    -1
  464    878   877   879    -1
  465    879   880   878    -1
  466    882   881   883    -1
  467    883   884   882    -1
  468    886   885   887    -1
  469    887   888   886    -1
  470    890   889   891    -1
  471    891   892   890    -1
  472    894   893   895    -1
  473    895   896   894    -1
  474    898   897   899    -1
  475    899   900   898    -1
  476    902   901   903    -1
  477    903   904   902    -1
  478    906   905   907    -1
  479    907   908   906    -1
  480    910   909   911    -1
  481    911   912   910    -1
  482    914   913   915    -1
  483    915   916   914    -1
  484    918   917   919    -1
  485    919   920   918    -1
  486    922   921   923    -1
  487    923   924   922    -1
  488    926   925   927    -1
  489    927   928   926    -1
  490    930   929   931    -1
  491    931   932   930    -1
  492    934   933   935    -1
  493    935   936   934    -1
  494    938   937   807    -1
  495    807   806   938    -1
  496    940   939   941    -1
  497    941   942   940    -1
  498    943   793   795    -1
  499    795   944   943    -1
  500    946   945   667    -1
  501    667   666   946    -1
  502    947   765   767    -1
  503    767   948   947    -1
  504    950   949   815    -1
  505    815   814   950    -1
  506    675   951   952    -1
  507    952   673   675    -1
  508    953   741   743    -1
  509    743   954   953    -1
  510    956   955   651    -1
  511    651   650   956    -1
  512    957   749   751    -1
  513    751   958   957    -1
  514    959   734   960    -1
  515    960   961   959    -1
  516    962   678   963    -1
  517    963   964   962    -1
  518    966   965   967    -1
  519    967   968   966    -1
  520    970   969   971    -1
  521    971   972   970    -1
  522    974   973   975    -1
  523    975   976   974    -1
  524    978   977   979    -1
  525    979   980   978    -1
  526    982   981   983    -1
  527    983   984   982    -1
  528    986   985   987    -1
  529    987   988   986    -1
  530    990   989   991    -1
  531    991   992   990    -1
  532    994   993   995    -1
  533    995   996   994    -1
  534    998   997   999    -1
  535    999  1000   998    -1
  536   1002  1001  1003    -1
  537   1003  1004  1002    -1
  538   1006  1005  1007    -1
  539   1007  1008  1006    -1
  540   1010  1009  1011    -1
  541   1011  1012  1010    -1
  542   1014  1013  1015    -1
  543   1015  1016  1014    -1
  544   1018  1017  1019    -1
  545   1019  1020  1018    -1
  546   1022  1021  1023    -1
  547   1023  1024  1022    -1
  548   1026  1025  1027    -1
  549   1027  1028  1026    -1
  550   1030  1029  1031    -1
  551   1031  1032  1030    -1
  552   1034  1033  1035    -1
  553   1035  1036  1034    -1
  554   1038  1037  1039    -1
  555   1039  1040  1038    -1
  556   1042  1041  1043    -1
  557   1043  1044  1042    -1
  558   1046  1045  1047    -1
  559   1047  1048  1046    -1
  560   1050  1049  1051    -1
  561   1051  1052  1050    -1
  562   1054  1053  1055    -1
  563   1055  1056  1054    -1
  564   1058  1057  1029    -1
  565   1029  1059  1058    -1
  566   1061  1060  1062    -1
  567   1062  1063  1061    -1
  568   1065  1064   989    -1
  569    989  1066  1065    -1
  570   1068  1067  1061    -1
  571   1061  1069  1068    -1
  572   1071  1070  1021    -1
  573   1021  1072  1071    -1
  574   1073   997  1074    -1
  575   1074  1065  1073    -1
  576   1076  1075  1057    -1
  577   1057  1058  1076    -1
  578   1078  1077  1045    -1
  579   1045  1079  1078    -1
  580   1081  1080  1054    -1
  581   1054  1082  1081    -1
  582   1084  1083  1085    -1
  583   1085  1086  1084    -1
  584      2     0  1087    -1
  585   1087  1088     2    -1
  586   1090  1089     5    -1
  587      5     7  1090    -1
  588   1092  1091     9    -1
  589      9    11  1092    -1
  590   1094  1093    13    -1
  591     13    15  1094    -1
  592   1096  1095    17    -1
  593     17    19  1096    -1
  594     19    20    21    -1
  595     21  1096    19    -1
  596     24  1056  1097    -1
  597   1097    25    24    -1
  598   1099  1098    28    -1
  599     28    26  1099    -1
  600     32  1063  1100    -1
  601   1100    33    32    -1
  602   1102  1101    35    -1
  603     35    37  1102    -1
  604    899    41    40    -1
  605     40  1103   899    -1
  606    903    45    44    -1
  607     44  1104   903    -1
  608   1105    49    48    -1
  609     48   973  1105    -1
  610    907    53    52    -1
  611     52  1106   907    -1
  612    911    57    56    -1
  613     56  1107   911    -1
  614    915    61    60    -1
  615     60  1108   915    -1
  616    919    65    64    -1
  617     64  1109   919    -1
  618    923    69    68    -1
  619     68  1110   923    -1
  620   1111    73    72    -1
  621     72   977  1111    -1
  622    927    77    76    -1
  623     76  1112   927    -1
  624    931    81    80    -1
  625     80  1113   931    -1
  626    935    85    84    -1
  627     84  1114   935    -1
  628     89    88  1115    -1
  629   1115  1116    89    -1
  630     93    92  1117    -1
  631   1117  1118    93    -1
  632   1119    97    96    -1
  633     96  1120  1119    -1
  634    101   100  1121    -1
  635   1121  1122   101    -1
  636    105   104  1123    -1
  637   1123  1124   105    -1
  638    109   108  1125    -1
  639   1125  1126   109    -1
  640    113   112  1127    -1
  641   1127  1128   113    -1
  642    117   116  1129    -1
  643   1129  1130   117    -1
  644    121   120  1131    -1
  645   1131  1132   121    -1
  646    125   124  1133    -1
  647   1133  1134   125    -1
  648    129   128  1135    -1
  649   1135  1136   129    -1
  650    133   132  1137    -1
  651   1137  1138   133    -1
  652     66   142   135    -1
  653    135   137    66    -1
  654    141   140  1139    -1
  655   1139  1140   141    -1
  656    148   146   143    -1
  657    143    67   148    -1
  658   1141   152   145    -1
  659    145    79  1141    -1
  660     62   154   147    -1
  661    147   149    62    -1
  662    153   152  1141    -1
  663   1141  1142   153    -1
  664   1144  1143   155    -1
  665    155    63  1144    -1
  666    160   158   157    -1
  667    157    75   160    -1
  668     70  1145   159    -1
  669    159   161    70    -1
  670   1139   140   163    -1
  671    163    83  1139    -1
  672     42  1146   167    -1
  673    167   166    42    -1
  674   1147   169   171    -1
  675    171  1148  1147    -1
  676   1150  1149   172    -1
  677    172   173  1150    -1
  678    177  1151  1152    -1
  679   1152   176   177    -1
  680    183   182  1153    -1
  681   1153  1154   183    -1
  682    184  1155  1156    -1
  683   1156   186   184    -1
  684    191   190  1157    -1
  685   1157  1158   191    -1
  686    203   202   192    -1
  687    192   193   203    -1
  688    207   206   198    -1
  689    198   196   207    -1
  690    201  1159  1160    -1
  691   1160   200   201    -1
  692    426  1161   204    -1
  693    204   205   426    -1
  694    208   209   418    -1
  695    418   416   208    -1
  696   1163  1162   212    -1
  697    212   213  1163    -1
  698   1164   218   216    -1
  699    216  1165  1164    -1
  700    223   222  1166    -1
  701   1166  1164   223    -1
  702   1167   226   224    -1
  703    224  1168  1167    -1
  704    228  1169  1167    -1
  705   1167   230   228    -1
  706   1170   233   235    -1
  707    235  1159  1170    -1
  708   1171   238   236    -1
  709    236   211  1171    -1
  710    225  1172   240    -1
  711    240   239   225    -1
  712    242  1173  1174    -1
  713   1174   244   242    -1
  714    245  1166   222    -1
  715    222   247   245    -1
  716    254   252   249    -1
  717    249   250   254    -1
  718    255  1175  1176    -1
  719   1176   253   255    -1
  720    256  1177  1178    -1
  721   1178   258   256    -1
  722    273   261   263    -1
  723    263  1179   273    -1
  724   1180   265   267    -1
  725    267  1181  1180    -1
  726   1088   271   270    -1
  727    270  1182  1088    -1
  728    272   273  1179    -1
  729   1179  1183   272    -1
  730    291   276   277    -1
  731    277   289   291    -1
  732    326  1184   282    -1
  733    282   280   326    -1
  734   1185   286   284    -1
  735    284  1186  1185    -1
  736    283   290   288    -1
  737    288   281   283    -1
  738    315   314   294    -1
  739    294   292   315    -1
  740   1188  1187   296    -1
  741    296   297  1188    -1
  742    300   308   309    -1
  743    309   302   300    -1
  744    306   317   319    -1
  745    319   307   306    -1
  746   1190  1189   311    -1
  747    311   310  1190    -1
  748   1192  1191   312    -1
  749    312   313  1192    -1
  750    316  1193  1194    -1
  751   1194   318   316    -1
  752    320   301   303    -1
  753    303   322   320    -1
  754    324   277   279    -1
  755    279  1195   324    -1
  756    280   281  1196    -1
  757   1196   328   280    -1
  758    329   330   301    -1
  759    301   320   329    -1
  760    331   325  1193    -1
  761   1193   316   331    -1
  762    349   351   332    -1
  763    332   333   349    -1
  764    338   336   359    -1
  765    359   358   338    -1
  766    355   340   341    -1
  767    341   353   355    -1
  768    346   363   362    -1
  769    362   347   346    -1
  770    348   389  1197    -1
  771   1197   350   348    -1
  772    354   352  1198    -1
  773   1198  1199   354    -1
  774   1200   356   357    -1
  775    357   373  1200    -1
  776   1202  1201   360    -1
  777    360   361  1202    -1
  778   1204  1203   364    -1
  779    364   365  1204    -1
  780   1205   368   369    -1
  781    369  1206  1205    -1
  782   1208  1207   370    -1
  783    370   371  1208    -1
  784   1209   374   375    -1
  785    375  1210  1209    -1
  786    381   376   377    -1
  787    377  1202   381    -1
  788    380   381  1202    -1
  789   1202   361   380    -1
  790    384   315   292    -1
  791    292   386   384    -1
  792    313   390   388    -1
  793    388  1192   313    -1
  794    394   268  1211    -1
  795   1211   395   394    -1
  796    399  1212  1213    -1
  797   1213   397   399    -1
  798    403  1214  1215    -1
  799   1215   401   403    -1
  800   1182   270   407    -1
  801    407   406  1182    -1
  802   1217  1216   408    -1
  803    408   409  1217    -1
  804    613  1218   412    -1
  805    412   413   613    -1
  806   1219   417   419    -1
  807    419  1220  1219    -1
  808   1222  1221   421    -1
  809    421   420  1222    -1
  810   1223   422   423    -1
  811    423  1224  1223    -1
  812   1225   425   427    -1
  813    427  1226  1225    -1
  814    432   429   431    -1
  815    431   434   432    -1
  816   1224   423   433    -1
  817    433   435  1224    -1
  818   1227   438   436    -1
  819    436  1228  1227    -1
  820    444   443   442    -1
  821    442   446   444    -1
  822    449   445   447    -1
  823    447  1229   449    -1
  824    448   449  1229    -1
  825   1229  1230   448    -1
  826    455   454  1231    -1
  827   1231  1084   455    -1
  828   1233  1232   456    -1
  829    456   457  1233    -1
  830   1235  1234   460    -1
  831    460   461  1235    -1
  832   1236   465   467    -1
  833    467  1237  1236    -1
  834   1238   470   468    -1
  835    468  1239  1238    -1
  836   1241  1240   472    -1
  837    472   473  1241    -1
  838   1242   477   479    -1
  839    479  1243  1242    -1
  840    480  1244  1245    -1
  841   1245   482   480    -1
  842    487   486  1246    -1
  843   1246  1247   487    -1
  844   1248   490   488    -1
  845    488  1249  1248    -1
  846    492  1250  1251    -1
  847   1251   494   492    -1
  848   1252   497   499    -1
  849    499  1253  1252    -1
  850   1255  1254   500    -1
  851    500   501  1255    -1
  852   1257  1256   504    -1
  853    504   505  1257    -1
  854   1258   508   509    -1
  855    509  1259  1258    -1
  856    515   514  1260    -1
  857   1260  1261   515    -1
  858   1263  1262   516    -1
  859    516   517  1263    -1
  860    520  1264  1265    -1
  861   1265   522   520    -1
  862    527   526  1266    -1
  863   1266  1267   527    -1
  864   1268   528   529    -1
  865    529  1269  1268    -1
  866   1271  1270   532    -1
  867    532   533  1271    -1
  868   1272   537   539    -1
  869    539  1273  1272    -1
  870   1274   542   540    -1
  871    540  1275  1274    -1
  872   1277  1276   544    -1
  873    544   545  1277    -1
  874   1278   549   551    -1
  875    551  1279  1278    -1
  876    552  1280  1281    -1
  877   1281   554   552    -1
  878    559   558  1282    -1
  879   1282  1283   559    -1
  880   1284   562   560    -1
  881    560  1285  1284    -1
  882    564  1286  1287    -1
  883   1287   566   564    -1
  884   1288   569   571    -1
  885    571  1289  1288    -1
  886   1291  1290   572    -1
  887    572   573  1291    -1
  888   1293  1292   576    -1
  889    576   577  1293    -1
  890   1294   580   581    -1
  891    581  1295  1294    -1
  892    587   586  1296    -1
  893   1296  1297   587    -1
  894   1299  1298   588    -1
  895    588   589  1299    -1
  896    592  1300  1301    -1
  897   1301   594   592    -1
  898    599   598  1302    -1
  899   1302  1303   599    -1
  900   1304   600   601    -1
  901    601  1305  1304    -1
  902    604   608   609    -1
  903    609   606   604    -1
  904    611   610  1306    -1
  905   1306  1307   611    -1
  906    612  1308  1309    -1
  907   1309   614   612    -1
  908    616  1310  1311    -1
  909   1311   618   616    -1
  910   1312   622   620    -1
  911    620   266  1312    -1
  912   1179   263   624    -1
  913    624   625  1179    -1
  914   1181   267   628    -1
  915    628   629  1181    -1
  916    632   262  1313    -1
  917   1313   634   632    -1
  918    636  1314  1315    -1
  919   1315   638   636    -1
  920   1316  1183   640    -1
  921    640   641  1316    -1
  922    686   684   645    -1
  923    645   647   686    -1
  924    712   649   651    -1
  925    651   714   712    -1
  926    722   720   653    -1
  927    653   655   722    -1
  928   1318  1317   656    -1
  929    656   657  1318    -1
  930    664   661   663    -1
  931    663   666   664    -1
  932    828   665   667    -1
  933    667   830   828    -1
  934    702   700   669    -1
  935    669   671   702    -1
  936    746   744   672    -1
  937    672   673   746    -1
  938    822   820   677    -1
  939    677   679   822    -1
  940   1320  1319   680    -1
  941    680   681  1320    -1
  942    706   704   685    -1
  943    685   687   706    -1
  944    798   796   689    -1
  945    689   691   798    -1
  946    694  1321  1322    -1
  947   1322   695   694    -1
  948    658   697   699    -1
  949    699   659   658    -1
  950    840  1323   701    -1
  951    701   703   840    -1
  952    853  1324   705    -1
  953    705   707   853    -1
  954   1325   709   711    -1
  955    711  1326  1325    -1
  956    742   713   715    -1
  957    715   743   742    -1
  958    718  1327  1328    -1
  959   1328   719   718    -1
  960   1330  1329   721    -1
  961    721   723  1330    -1
  962    986  1331   724    -1
  963    724   725   986    -1
  964    758   756   729    -1
  965    729   731   758    -1
  966    770   768   733    -1
  967    733   735   770    -1
  968    982  1332   736    -1
  969    736   737   982    -1
  970    803   802   740    -1
  971    740   741   803    -1
  972    812   745   747    -1
  973    747   814   812    -1
  974    727   726   748    -1
  975    748   749   727    -1
  976    754   716   717    -1
  977    717   755   754    -1
  978    690   688   757    -1
  979    757   759   690    -1
  980    648   761   763    -1
  981    763   650   648    -1
  982    739   738   764    -1
  983    764   765   739    -1
  984    790   788   769    -1
  985    769   771   790    -1
  986    940  1333   772    -1
  987    772   773   940    -1
  988    750   777   779    -1
  989    779   751   750    -1
  990    782  1334  1335    -1
  991   1335   783   782    -1
  992    766   785   787    -1
  993    787   767   766    -1
  994    818   816   789    -1
  995    789   791   818    -1
  996    775   774   792    -1
  997    792   793   775    -1
  998    834   832   797    -1
  999    797   799   834    -1
 1000    675   674   800    -1
 1001    800   801   675    -1
 1002    776   805   807    -1
 1003    807   778   776    -1
 1004    646   644   809    -1
 1005    809   811   646    -1
 1006    784   813   815    -1
 1007    815   786   784    -1
 1008    654   652   817    -1
 1009    817   819   654    -1
 1010   1337  1336   821    -1
 1011    821   823  1337    -1
 1012   1338   825   827    -1
 1013    827  1339  1338    -1
 1014    794   829   831    -1
 1015    831   795   794    -1
 1016    670   668   833    -1
 1017    833   835   670    -1
 1018    655   654  1340    -1
 1019   1340   837   655    -1
 1020    791   790  1341    -1
 1021   1341   839   791    -1
 1022    703   702  1342    -1
 1023   1342   842   703    -1
 1024    835   834  1343    -1
 1025   1343   844   835    -1
 1026    691   690  1344    -1
 1027   1344   846   691    -1
 1028    731   730  1345    -1
 1029   1345   848   731    -1
 1030    851  1337  1346    -1
 1031   1346   852   851    -1
 1032    707   706  1347    -1
 1033   1347   855   707    -1
 1034    647   646  1348    -1
 1035   1348   857   647    -1
 1036    859  1330  1349    -1
 1037   1349   860   859    -1
 1038    861   862  1350    -1
 1039   1350  1351   861    -1
 1040   1352   866   865    -1
 1041    865  1353  1352    -1
 1042   1354   868   870    -1
 1043    870  1355  1354    -1
 1044   1356   873   871    -1
 1045    871  1339  1356    -1
 1046   1357   875   876    -1
 1047    876  1358  1357    -1
 1048    877   878  1264    -1
 1049   1264   520   877    -1
 1050    526   883   881    -1
 1051    881  1266   526    -1
 1052    529   886   888    -1
 1053    888  1269   529    -1
 1054   1359   891   889    -1
 1055    889  1326  1359    -1
 1056   1238   894   896    -1
 1057    896  1360  1238    -1
 1058    899  1103  1361    -1
 1059   1361   900   899    -1
 1060    903  1104  1362    -1
 1061   1362   904   903    -1
 1062    907  1106  1363    -1
 1063   1363   908   907    -1
 1064    911  1107  1364    -1
 1065   1364   912   911    -1
 1066    915  1108  1365    -1
 1067   1365   916   915    -1
 1068    919  1109  1366    -1
 1069   1366   920   919    -1
 1070    923  1110  1367    -1
 1071   1367   924   923    -1
 1072    927  1112  1368    -1
 1073   1368   928   927    -1
 1074    931  1113  1369    -1
 1075   1369   932   931    -1
 1076    935  1114  1370    -1
 1077   1370   936   935    -1
 1078    937   938  1371    -1
 1079   1371  1372   937    -1
 1080   1373   941   939    -1
 1081    939  1374  1373    -1
 1082   1375   943   944    -1
 1083    944  1376  1375    -1
 1084    945   946  1377    -1
 1085   1377  1378   945    -1
 1086   1379   947   948    -1
 1087    948  1380  1379    -1
 1088    949   950  1300    -1
 1089   1300   592   949    -1
 1090    598   952   951    -1
 1091    951  1302   598    -1
 1092    601   953   954    -1
 1093    954  1305   601    -1
 1094    955   956  1293    -1
 1095   1293  1298   955    -1
 1096   1274   957   958    -1
 1097    958  1381  1274    -1
 1098    960   840   841    -1
 1099    841   961   960    -1
 1100    963   853   854    -1
 1101    854   964   963    -1
 1102   1382   967   965    -1
 1103    965  1383  1382    -1
 1104   1251   971   969    -1
 1105    969  1244  1251    -1
 1106    975   905   906    -1
 1107    906   976   975    -1
 1108    979   925   926    -1
 1109    926   980   979    -1
 1110   1384   983   981    -1
 1111    981  1385  1384    -1
 1112   1287   987   985    -1
 1113    985  1280  1287    -1
 1114   1064  1386   991    -1
 1115    991   989  1064    -1
 1116   1387   995   993    -1
 1117    993  1067  1387    -1
 1118   1388   999   997    -1
 1119    997  1073  1388    -1
 1120   1389  1001  1002    -1
 1121   1002  1390  1389    -1
 1122   1391  1005  1006    -1
 1123   1006  1392  1391    -1
 1124   1010  1012  1004    -1
 1125   1004  1003  1010    -1
 1126   1016  1015  1049    -1
 1127   1049  1050  1016    -1
 1128   1036  1017  1018    -1
 1129   1018  1034  1036    -1
 1130   1070  1393  1023    -1
 1131   1023  1021  1070    -1
 1132   1028  1027  1394    -1
 1133   1394  1395  1028    -1
 1134   1057  1396  1031    -1
 1135   1031  1029  1057    -1
 1136   1033  1080  1397    -1
 1137   1397  1035  1033    -1
 1138   1040  1039  1398    -1
 1139   1398  1399  1040    -1
 1140    996  1041  1042    -1
 1141   1042   994   996    -1
 1142   1077  1400  1047    -1
 1143   1047  1045  1077    -1
 1144   1402  1401  1052    -1
 1145   1052  1051  1402    -1
 1146   1080  1033  1053    -1
 1147   1053  1054  1080    -1
 1148   1059  1029  1030    -1
 1149   1030  1403  1059    -1
 1150   1067   993  1060    -1
 1151   1060  1061  1067    -1
 1152   1066   989   990    -1
 1153    990  1404  1066    -1
 1154   1405  1069  1061    -1
 1155   1061  1063  1405    -1
 1156   1406  1072  1021    -1
 1157   1021  1022  1406    -1
 1158    997   998  1407    -1
 1159   1407  1074   997    -1
 1160   1392  1006  1076    -1
 1161   1076  1058  1392    -1
 1162   1408  1079  1045    -1
 1163   1045  1046  1408    -1
 1164   1409  1082  1054    -1
 1165   1054  1056  1409    -1
 1166   1410  1083  1084    -1
 1167   1084  1231  1410    -1
 1168   1215     2  1088    -1
 1169   1088  1182  1215    -1
 1170   1411  1203     5    -1
 1171      5  1089  1411    -1
 1172   1091  1412  1205    -1
 1173   1205     9  1091    -1
 1174   1093  1208  1413    -1
 1175   1413    13  1093    -1
 1176   1095  1210  1414    -1
 1177   1414    17  1095    -1
 1178   1415    20    19    -1
 1179     19    18  1415    -1
 1180     25  1097  1416    -1
 1181   1416  1417    25    -1
 1182   1418    28  1098    -1
 1183   1098  1419  1418    -1
 1184     33  1100   446    -1
 1185    446   442    33    -1
 1186   1230    35  1101    -1
 1187   1101  1228  1230    -1
 1188   1420    41   899    -1
 1189    899   897  1420    -1
 1190   1421    45   903    -1
 1191    903   901  1421    -1
 1192   1422    49  1105    -1
 1193   1105  1423  1422    -1
 1194   1424    53   907    -1
 1195    907   905  1424    -1
 1196   1425    57   911    -1
 1197    911   909  1425    -1
 1198   1426    61   915    -1
 1199    915   913  1426    -1
 1200   1427    65   919    -1
 1201    919   917  1427    -1
 1202   1428    69   923    -1
 1203    923   921  1428    -1
 1204   1429    73  1111    -1
 1205   1111  1430  1429    -1
 1206   1431    77   927    -1
 1207    927   925  1431    -1
 1208   1432    81   931    -1
 1209    931   929  1432    -1
 1210   1433    85   935    -1
 1211    935   933  1433    -1
 1212   1435  1434    89    -1
 1213     89  1116  1435    -1
 1214   1437  1436    93    -1
 1215     93  1118  1437    -1
 1216   1439  1438    97    -1
 1217     97  1119  1439    -1
 1218    101  1122  1440    -1
 1219   1440  1441   101    -1
 1220   1443  1442   105    -1
 1221    105  1124  1443    -1
 1222   1445  1444   109    -1
 1223    109  1126  1445    -1
 1224   1447  1446   113    -1
 1225    113  1128  1447    -1
 1226   1449  1448   117    -1
 1227    117  1130  1449    -1
 1228   1451  1450   121    -1
 1229    121  1132  1451    -1
 1230   1453  1452   125    -1
 1231    125  1134  1453    -1
 1232    150  1454   129    -1
 1233    129  1136   150    -1
 1234    138  1455   133    -1
 1235    133  1138   138    -1
 1236    142  1129  1456    -1
 1237   1456   135   142    -1
 1238     78   144   141    -1
 1239    141  1140    78    -1
 1240    146  1449  1130    -1
 1241   1130   143   146    -1
 1242    152   150  1136    -1
 1243   1136   145   152    -1
 1244    154  1127  1457    -1
 1245   1457   147   154    -1
 1246     74   156   153    -1
 1247    153  1142    74    -1
 1248   1143  1447  1128    -1
 1249   1128   155  1143    -1
 1250    158  1453  1134    -1
 1251   1134   157   158    -1
 1252   1145  1131  1458    -1
 1253   1458   159  1145    -1
 1254    140   138  1138    -1
 1255   1138   163   140    -1
 1256   1146  1117  1459    -1
 1257   1459   167  1146    -1
 1258   1147  1440  1460    -1
 1259   1460   169  1147    -1
 1260   1149  1439  1119    -1
 1261   1119   172  1149    -1
 1262     47   176  1152    -1
 1263   1152    46    47    -1
 1264   1148   171   183    -1
 1265    183  1154  1148    -1
 1266   1156  1150   173    -1
 1267    173   186  1156    -1
 1268    177   191  1158    -1
 1269   1158  1151   177    -1
 1270   1461   192   202    -1
 1271    202  1462  1461    -1
 1272    206  1463  1464    -1
 1273   1464   198   206    -1
 1274   1465   200  1160    -1
 1275   1160  1466  1465    -1
 1276   1161  1466  1467    -1
 1277   1467   204  1161    -1
 1278    214   208   416    -1
 1279    416   215   214    -1
 1280   1468   212  1162    -1
 1281   1162  1469  1468    -1
 1282   1166  1470   218    -1
 1283    218  1164  1166    -1
 1284    223  1164  1165    -1
 1285   1165  1471   223    -1
 1286    226  1167  1169    -1
 1287   1169  1472   226    -1
 1288   1168  1174   230    -1
 1289    230  1167  1168    -1
 1290   1165   216   233    -1
 1291    233  1170  1165    -1
 1292   1168   224   238    -1
 1293    238  1171  1168    -1
 1294    240  1172  1473    -1
 1295   1473  1474   240    -1
 1296   1174  1168  1171    -1
 1297   1171   244  1174    -1
 1298    220   251   247    -1
 1299    247   222   220    -1
 1300    252  1475  1476    -1
 1301   1476   249   252    -1
 1302    253  1176  1477    -1
 1303   1477  1478   253    -1
 1304   1480  1479   258    -1
 1305    258  1178  1480    -1
 1306    261   273   275    -1
 1307    275  1481   261    -1
 1308   1180  1475  1478    -1
 1309   1478   265  1180    -1
 1310   1087  1482   271    -1
 1311    271  1088  1087    -1
 1312   1483   272  1183    -1
 1313   1183  1316  1483    -1
 1314   1308  1484   276    -1
 1315    276   291  1308    -1
 1316   1311   282  1184    -1
 1317   1184  1485  1311    -1
 1318    286  1185  1486    -1
 1319   1486  1487   286    -1
 1320   1310  1309   290    -1
 1321    290   283  1310    -1
 1322    314  1488  1489    -1
 1323   1489   294   314    -1
 1324   1490   296  1187    -1
 1325   1187  1491  1490    -1
 1326    302   309  1492    -1
 1327   1492  1493   302    -1
 1328    307   319  1494    -1
 1329   1494  1495   307    -1
 1330   1496   311  1189    -1
 1331   1189  1491  1496    -1
 1332   1497   312  1191    -1
 1333   1191  1498  1497    -1
 1334   1499   318  1194    -1
 1335   1194  1498  1499    -1
 1336    322   303  1500    -1
 1337   1500  1501   322    -1
 1338   1502   324  1195    -1
 1339   1195  1503  1502    -1
 1340    328  1196   317    -1
 1341    317   306   328    -1
 1342   1504   329   320    -1
 1343    320   321  1504    -1
 1344   1196   331   316    -1
 1345    316   317  1196    -1
 1346    351  1505  1506    -1
 1347   1506   332   351    -1
 1348   1507   338   358    -1
 1349    358  1508  1507    -1
 1350    340   355  1509    -1
 1351   1509  1510   340    -1
 1352    347   362  1511    -1
 1353   1511  1512   347    -1
 1354    350  1197  1513    -1
 1355   1513  1514   350    -1
 1356   1515   354  1199    -1
 1357   1199  1516  1515    -1
 1358    356  1200  1513    -1
 1359   1513  1517   356    -1
 1360   1201  1516  1518    -1
 1361   1518   360  1201    -1
 1362   1519   364  1203    -1
 1363   1203  1411  1519    -1
 1364   1412  1520   368    -1
 1365    368  1205  1412    -1
 1366   1521   370  1207    -1
 1367   1207  1522  1521    -1
 1368   1524  1523   374    -1
 1369    374  1209  1524    -1
 1370    383  1525   376    -1
 1371    376   381   383    -1
 1372   1526   380   361    -1
 1373    361   363  1526    -1
 1374    292   293  1527    -1
 1375   1527   386   292    -1
 1376    315   384   390    -1
 1377    390   313   315    -1
 1378   1211   613   413    -1
 1379    413   395  1211    -1
 1380   1213  1214   403    -1
 1381    403   397  1213    -1
 1382    401  1215  1182    -1
 1383   1182   406   401    -1
 1384    270   268   394    -1
 1385    394   407   270    -1
 1386   1212   399   408    -1
 1387    408  1216  1212    -1
 1388    412  1218  1217    -1
 1389   1217   409   412    -1
 1390    420   417  1219    -1
 1391   1219  1222   420    -1
 1392   1528   421  1221    -1
 1393   1221  1529  1528    -1
 1394   1226   427   422    -1
 1395    422  1223  1226    -1
 1396    428   425  1225    -1
 1397   1225   430   428    -1
 1398    197  1530   429    -1
 1399    429   432   197    -1
 1400    423   207   196    -1
 1401    196   433   423    -1
 1402    440   441   438    -1
 1403    438  1227   440    -1
 1404   1532  1531   443    -1
 1405    443   444  1532    -1
 1406    451  1533   445    -1
 1407    445   449   451    -1
 1408   1228   436   448    -1
 1409    448  1230  1228    -1
 1410   1534   455  1084    -1
 1411   1084  1086  1534    -1
 1412   1232  1535  1536    -1
 1413   1536   456  1232    -1
 1414   1234  1353  1537    -1
 1415   1537   460  1234    -1
 1416   1350  1538   465    -1
 1417    465  1236  1350    -1
 1418   1539   470  1238    -1
 1419   1238  1360  1539    -1
 1420    461   472  1240    -1
 1421   1240  1235   461    -1
 1422   1237   467   477    -1
 1423    477  1242  1237    -1
 1424   1239   468   482    -1
 1425    482  1245  1239    -1
 1426    473   487  1247    -1
 1427   1247  1241   473    -1
 1428   1243   479   490    -1
 1429    490  1248  1243    -1
 1430    494  1251  1244    -1
 1431   1244   480   494    -1
 1432   1246   486   497    -1
 1433    497  1252  1246    -1
 1434    488   500  1254    -1
 1435   1254  1249   488    -1
 1436   1256  1250   492    -1
 1437    492   504  1256    -1
 1438   1253   499   508    -1
 1439    508  1258  1253    -1
 1440    501   515  1261    -1
 1441   1261  1255   501    -1
 1442   1262  1257   505    -1
 1443    505   516  1262    -1
 1444    522  1265  1259    -1
 1445   1259   509   522    -1
 1446    514   527  1267    -1
 1447   1267  1260   514    -1
 1448    517   528  1268    -1
 1449   1268  1263   517    -1
 1450   1270  1374  1540    -1
 1451   1540   532  1270    -1
 1452   1371  1541   537    -1
 1453    537  1272  1371    -1
 1454   1542   542  1274    -1
 1455   1274  1381  1542    -1
 1456    533   544  1276    -1
 1457   1276  1271   533    -1
 1458   1273   539   549    -1
 1459    549  1278  1273    -1
 1460   1275   540   554    -1
 1461    554  1281  1275    -1
 1462    545   559  1283    -1
 1463   1283  1277   545    -1
 1464   1279   551   562    -1
 1465    562  1284  1279    -1
 1466    566  1287  1280    -1
 1467   1280   552   566    -1
 1468   1282   558   569    -1
 1469    569  1288  1282    -1
 1470    560   572  1290    -1
 1471   1290  1285   560    -1
 1472   1292  1286   564    -1
 1473    564   576  1292    -1
 1474   1289   571   580    -1
 1475    580  1294  1289    -1
 1476    573   587  1297    -1
 1477   1297  1291   573    -1
 1478   1298  1293   577    -1
 1479    577   588  1298    -1
 1480    594  1301  1295    -1
 1481   1295   581   594    -1
 1482    586   599  1303    -1
 1483   1303  1296   586    -1
 1484    589   600  1304    -1
 1485   1304  1299   589    -1
 1486    606   609  1212    -1
 1487   1212  1543   606    -1
 1488   1307  1214  1213    -1
 1489   1213   611  1307    -1
 1490    614  1309  1310    -1
 1491   1310   616   614    -1
 1492    618  1311  1485    -1
 1493   1485  1544   618    -1
 1494    622  1312  1314    -1
 1495   1314   636   622    -1
 1496    632   624   263    -1
 1497    263   262   632    -1
 1498    267   266   620    -1
 1499    620   628   267    -1
 1500    634  1313  1181    -1
 1501   1181   629   634    -1
 1502   1315  1316   641    -1
 1503    641   638  1315    -1
 1504   1183  1179   625    -1
 1505    625   640  1183    -1
 1506   1545   645   684    -1
 1507    684  1546  1545    -1
 1508    649   712  1547    -1
 1509   1547  1548   649    -1
 1510    653   720  1549    -1
 1511   1549  1550   653    -1
 1512   1551   656  1317    -1
 1513   1317  1552  1551    -1
 1514   1554  1553   661    -1
 1515    661   664  1554    -1
 1516    665   828  1555    -1
 1517   1555  1556   665    -1
 1518    669   700  1557    -1
 1519   1557  1558   669    -1
 1520    744  1559  1560    -1
 1521   1560   672   744    -1
 1522   1561   677   820    -1
 1523    820  1562  1561    -1
 1524   1319  1563  1564    -1
 1525   1564   680  1319    -1
 1526    685   704  1565    -1
 1527   1565  1566   685    -1
 1528   1567   689   796    -1
 1529    796  1568  1567    -1
 1530   1569   695  1322    -1
 1531   1322  1570  1569    -1
 1532   1572  1571   697    -1
 1533    697   658  1572    -1
 1534    701  1323  1573    -1
 1535   1573  1574   701    -1
 1536    705  1324  1575    -1
 1537   1575  1576   705    -1
 1538   1573  1577   709    -1
 1539    709  1325  1573    -1
 1540   1579  1578   713    -1
 1541    713   742  1579    -1
 1542   1580   719  1328    -1
 1543   1328  1581  1580    -1
 1544    721  1329  1563    -1
 1545   1563  1582   721    -1
 1546   1331  1583  1584    -1
 1547   1584   724  1331    -1
 1548    729   756  1585    -1
 1549   1585  1586   729    -1
 1550   1587   733   768    -1
 1551    768  1588  1587    -1
 1552   1332  1570  1589    -1
 1553   1589   736  1332    -1
 1554    802  1590  1591    -1
 1555   1591   740   802    -1
 1556   1593  1592   745    -1
 1557    745   812  1593    -1
 1558    726  1594  1595    -1
 1559   1595   748   726    -1
 1560    755   717  1596    -1
 1561   1596  1597   755    -1
 1562    757   688  1598    -1
 1563   1598  1599   757    -1
 1564   1601  1600   761    -1
 1565    761   648  1601    -1
 1566    738  1602  1603    -1
 1567   1603   764   738    -1
 1568   1604   769   788    -1
 1569    788  1605  1604    -1
 1570   1333  1581  1606    -1
 1571   1606   772  1333    -1
 1572   1608  1607   777    -1
 1573    777   750  1608    -1
 1574   1609   783  1335    -1
 1575   1335  1583  1609    -1
 1576   1611  1610   785    -1
 1577    785   766  1611    -1
 1578   1612   789   816    -1
 1579    816  1613  1612    -1
 1580    774  1614  1615    -1
 1581   1615   792   774    -1
 1582   1616   797   832    -1
 1583    832  1617  1616    -1
 1584    674  1618  1619    -1
 1585   1619   800   674    -1
 1586    805   776  1620    -1
 1587   1620  1621   805    -1
 1588   1622   809   644    -1
 1589    644  1623  1622    -1
 1590    813   784  1624    -1
 1591   1624  1625   813    -1
 1592    817   652  1626    -1
 1593   1626  1627   817    -1
 1594   1628   821  1336    -1
 1595   1336  1552  1628    -1
 1596   1575  1629   825    -1
 1597    825  1338  1575    -1
 1598   1631  1630   829    -1
 1599    829   794  1631    -1
 1600   1632   833   668    -1
 1601    668  1633  1632    -1
 1602    837  1340    86    -1
 1603     86    87   837    -1
 1604    839  1341    90    -1
 1605     90    91   839    -1
 1606    842  1342    98    -1
 1607     98    99   842    -1
 1608    844  1343   102    -1
 1609    102   103   844    -1
 1610    846  1344   106    -1
 1611    106   107   846    -1
 1612    848  1345   110    -1
 1613    110   111   848    -1
 1614    852  1346   114    -1
 1615    114   115   852    -1
 1616    855  1347   122    -1
 1617    122   123   855    -1
 1618    857  1348   126    -1
 1619    126   127   857    -1
 1620    860  1349   130    -1
 1621    130   131   860    -1
 1622   1634   861  1351    -1
 1623   1351  1635  1634    -1
 1624   1636   866  1352    -1
 1625   1352  1637  1636    -1
 1626   1639  1638   868    -1
 1627    868  1354  1639    -1
 1628    873  1356  1640    -1
 1629   1640  1641   873    -1
 1630   1643  1642   875    -1
 1631    875  1357  1643    -1
 1632   1644   877   520    -1
 1633    520   521  1644    -1
 1634   1645   883   526    -1
 1635    526   524  1645    -1
 1636    531  1646   886    -1
 1637    886   529   531    -1
 1638    891  1359  1257    -1
 1639   1257  1262   891    -1
 1640   1239  1647   894    -1
 1641    894  1238  1239    -1
 1642    900  1361  1648    -1
 1643   1648  1649   900    -1
 1644    904  1362  1650    -1
 1645   1650  1651   904    -1
 1646    908  1363  1652    -1
 1647   1652  1653   908    -1
 1648    912  1364  1654    -1
 1649   1654  1655   912    -1
 1650    916  1365  1656    -1
 1651   1656  1657   916    -1
 1652    920  1366  1658    -1
 1653   1658  1659   920    -1
 1654    924  1367  1660    -1
 1655   1660  1661   924    -1
 1656    928  1368  1662    -1
 1657   1662  1663   928    -1
 1658    932  1369  1664    -1
 1659   1664  1665   932    -1
 1660    936  1370   716    -1
 1661    716   754   936    -1
 1662   1666   937  1372    -1
 1663   1372  1667  1666    -1
 1664   1668   941  1373    -1
 1665   1373  1669  1668    -1
 1666   1671  1670   943    -1
 1667    943  1375  1671    -1
 1668   1672   945  1378    -1
 1669   1378  1673  1672    -1
 1670   1675  1674   947    -1
 1671    947  1379  1675    -1
 1672   1676   949   592    -1
 1673    592   593  1676    -1
 1674   1677   952   598    -1
 1675    598   596  1677    -1
 1676    603  1678   953    -1
 1677    953   601   603    -1
 1678   1679   955  1298    -1
 1679   1298  1299  1679    -1
 1680   1275  1680   957    -1
 1681    957  1274  1275    -1
 1682    961   841  1681    -1
 1683   1681  1682   961    -1
 1684    964   854  1683    -1
 1685   1683  1684   964    -1
 1686   1685   967  1382    -1
 1687   1382  1686  1685    -1
 1688   1687   971  1251    -1
 1689   1251  1250  1687    -1
 1690    976   906  1321    -1
 1691   1321   694   976    -1
 1692    980   926  1334    -1
 1693   1334   782   980    -1
 1694   1688   983  1384    -1
 1695   1384  1689  1688    -1
 1696   1690   987  1287    -1
 1697   1287  1286  1690    -1
 1698   1386  1691  1692    -1
 1699   1692   991  1386    -1
 1700    995  1387  1693    -1
 1701   1693  1694   995    -1
 1702   1693  1695   999    -1
 1703    999  1388  1693    -1
 1704   1389  1696  1697    -1
 1705   1697  1001  1389    -1
 1706   1699  1698  1005    -1
 1707   1005  1391  1699    -1
 1708   1700  1010  1003    -1
 1709   1003  1701  1700    -1
 1710   1703  1702  1016    -1
 1711   1016  1050  1703    -1
 1712   1017  1036  1704    -1
 1713   1704  1705  1017    -1
 1714   1393  1706  1707    -1
 1715   1707  1023  1393    -1
 1716   1708  1028  1395    -1
 1717   1395  1709  1708    -1
 1718   1396  1706  1710    -1
 1719   1710  1031  1396    -1
 1720   1035  1397  1699    -1
 1721   1699  1711  1035    -1
 1722   1696  1712  1040    -1
 1723   1040  1399  1696    -1
 1724   1041   996  1713    -1
 1725   1713  1714  1041    -1
 1726   1400  1691  1715    -1
 1727   1715  1047  1400    -1
 1728   1716  1052  1401    -1
 1729   1401  1709  1716    -1
 1730   1717  1053  1033    -1
 1731   1033  1034  1717    -1
 1732   1719  1718  1059    -1
 1733   1059  1403  1719    -1
 1734   1720  1060   993    -1
 1735    993   994  1720    -1
 1736   1722  1721  1066    -1
 1737   1066  1404  1722    -1
 1738   1724  1723  1069    -1
 1739   1069  1405  1724    -1
 1740   1726  1725  1072    -1
 1741   1072  1406  1726    -1
 1742   1074  1407  1011    -1
 1743   1011  1727  1074    -1
 1744   1008  1728  1076    -1
 1745   1076  1006  1008    -1
 1746    452  1729  1079    -1
 1747   1079  1408   452    -1
 1748   1535  1730  1082    -1
 1749   1082  1409  1535    -1
 1750   1083  1410  1731    -1
 1751   1731  1732  1083    -1
 1752   1215  1214     3    -1
 1753      3     2  1215    -1
 1754   1203  1204     4    -1
 1755      4     5  1203    -1
 1756      9  1205  1206    -1
 1757   1206     8     9    -1
 1758   1413  1524    12    -1
 1759     12    13  1413    -1
 1760   1414  1522    16    -1
 1761     16    17  1414    -1
 1762     15    20  1415    -1
 1763   1415  1094    15    -1
 1764   1733    23    25    -1
 1765     25  1417  1733    -1
 1766     29    28  1418    -1
 1767   1418  1734    29    -1
 1768    440    31    33    -1
 1769     33   442   440    -1
 1770     34    35  1230    -1
 1771   1230  1229    34    -1
 1772   1420  1735    39    -1
 1773     39    41  1420    -1
 1774   1421  1736    43    -1
 1775     43    45  1421    -1
 1776   1422   164    47    -1
 1777     47    49  1422    -1
 1778   1737    51    53    -1
 1779     53  1424  1737    -1
 1780   1425  1738    55    -1
 1781     55    57  1425    -1
 1782   1426  1739    59    -1
 1783     59    61  1426    -1
 1784   1427  1144    63    -1
 1785     63    65  1427    -1
 1786   1428   148    67    -1
 1787     67    69  1428    -1
 1788   1429   136    71    -1
 1789     71    73  1429    -1
 1790   1431   160    75    -1
 1791     75    77  1431    -1
 1792   1432  1141    79    -1
 1793     79    81  1432    -1
 1794   1433  1139    83    -1
 1795     83    85  1433    -1
 1796   1740    87    89    -1
 1797     89  1434  1740    -1
 1798   1741    91    93    -1
 1799     93  1436  1741    -1
 1800   1742    95    97    -1
 1801     97  1438  1742    -1
 1802   1681    99   101    -1
 1803    101  1441  1681    -1
 1804   1743   103   105    -1
 1805    105  1442  1743    -1
 1806   1744   107   109    -1
 1807    109  1444  1744    -1
 1808   1745   111   113    -1
 1809    113  1446  1745    -1
 1810   1746   115   117    -1
 1811    117  1448  1746    -1
 1812   1747   119   121    -1
 1813    121  1450  1747    -1
 1814   1683   123   125    -1
 1815    125  1452  1683    -1
 1816   1748   127   129    -1
 1817    129  1454  1748    -1
 1818   1749   131   133    -1
 1819    133  1455  1749    -1
 1820   1456  1451   134    -1
 1821    134   135  1456    -1
 1822    144  1135   139    -1
 1823    139   141   144    -1
 1824   1130  1129   142    -1
 1825    142   143  1130    -1
 1826   1136  1135   144    -1
 1827    144   145  1136    -1
 1828   1457  1449   146    -1
 1829    146   147  1457    -1
 1830    156  1133   151    -1
 1831    151   153   156    -1
 1832   1128  1127   154    -1
 1833    154   155  1128    -1
 1834   1134  1133   156    -1
 1835    156   157  1134    -1
 1836   1458  1453   158    -1
 1837    158   159  1458    -1
 1838   1138  1137   162    -1
 1839    162   163  1138    -1
 1840   1459  1439   165    -1
 1841    165   167  1459    -1
 1842   1460  1737   168    -1
 1843    168   169  1460    -1
 1844    172  1119  1120    -1
 1845   1120   174   172    -1
 1846    164   178   176    -1
 1847    176    47   164    -1
 1848    171   170   181    -1
 1849    181   183   171    -1
 1850    186   173   175    -1
 1851    175   187   186    -1
 1852    179   189   191    -1
 1853    191   177   179    -1
 1854   1750   194   192    -1
 1855    192  1461  1750    -1
 1856   1464  1750   199    -1
 1857    199   198  1464    -1
 1858   1462   202   200    -1
 1859    200  1465  1462    -1
 1860    204  1467  1463    -1
 1861   1463   206   204    -1
 1862    243   210   208    -1
 1863    208   214   243    -1
 1864    243   214   212    -1
 1865    212  1468   243    -1
 1866    219   218  1470    -1
 1867   1470  1175   219    -1
 1868   1751   221   223    -1
 1869    223  1471  1751    -1
 1870    227   226  1472    -1
 1871   1472  1480   227    -1
 1872   1173   231   230    -1
 1873    230  1174  1173    -1
 1874    232   233   216    -1
 1875    216   217   232    -1
 1876    239   238   224    -1
 1877    224   225   239    -1
 1878    241   240  1474    -1
 1879   1474  1469   241    -1
 1880    244  1171   211    -1
 1881    211   210   244    -1
 1882    251  1752   248    -1
 1883    248   247   251    -1
 1884   1476  1752   251    -1
 1885    251   249  1476    -1
 1886   1478  1475   252    -1
 1887    252   253  1478    -1
 1888   1479  1475   259    -1
 1889    259   258  1479    -1
 1890    257   260   261    -1
 1891    261  1481   257    -1
 1892    264   265  1478    -1
 1893   1478  1477   264    -1
 1894    271  1482  1753    -1
 1895   1753   269   271    -1
 1896   1483  1752   274    -1
 1897    274   272  1483    -1
 1898    278   276  1484    -1
 1899   1484  1754   278    -1
 1900   1310   283   282    -1
 1901    282  1311  1310    -1
 1902    286  1487  1306    -1
 1903   1306   287   286    -1
 1904   1309  1308   291    -1
 1905    291   290  1309    -1
 1906   1489  1755   295    -1
 1907    295   294  1489    -1
 1908   1756   298   296    -1
 1909    296  1490  1756    -1
 1910    303   302  1493    -1
 1911   1493  1500   303    -1
 1912    305   307  1495    -1
 1913   1495  1755   305    -1
 1914    309   311  1496    -1
 1915   1496  1492   309    -1
 1916   1488   314   312    -1
 1917    312  1497  1488    -1
 1918    319   318  1499    -1
 1919   1499  1494   319    -1
 1920   1756   323   322    -1
 1921    322  1501  1756    -1
 1922    325   324  1502    -1
 1923   1502  1193   325    -1
 1924    304   327   328    -1
 1925    328   306   304    -1
 1926    329  1504  1186    -1
 1927   1186   284   329    -1
 1928    331  1196   281    -1
 1929    281   288   331    -1
 1930   1506  1757   334    -1
 1931    334   332  1506    -1
 1932    339   338  1507    -1
 1933   1507  1757   339    -1
 1934   1758   342   340    -1
 1935    340  1510  1758    -1
 1936   1758   345   347    -1
 1937    347  1512  1758    -1
 1938   1505   351   350    -1
 1939    350  1514  1505    -1
 1940    355   354  1515    -1
 1941   1515  1509   355    -1
 1942   1508   358   356    -1
 1943    356  1517  1508    -1
 1944    360  1518  1511    -1
 1945   1511   362   360    -1
 1946    366   364  1519    -1
 1947   1519   343   366    -1
 1948    352   368  1520    -1
 1949   1520  1198   352    -1
 1950    372   370  1521    -1
 1951   1521  1759   372    -1
 1952    336   374  1523    -1
 1953   1523   359   336    -1
 1954    376  1525  1188    -1
 1955   1188   378   376    -1
 1956   1760   382   380    -1
 1957    380  1526  1760    -1
 1958    386  1527   335    -1
 1959    335   387   386    -1
 1960    391   390   384    -1
 1961    384   385   391    -1
 1962    415   393   395    -1
 1963    395   413   415    -1
 1964    403   402   396    -1
 1965    396   397   403    -1
 1966    406   404   400    -1
 1967    400   401   406    -1
 1968    392   405   407    -1
 1969    407   394   392    -1
 1970    410   408   399    -1
 1971    399   398   410    -1
 1972    414   412   409    -1
 1973    409   411   414    -1
 1974    215   416   417    -1
 1975    417   420   215    -1
 1976   1163   213   421    -1
 1977    421  1528  1163    -1
 1978    427   426   205    -1
 1979    205   422   427    -1
 1980   1761   424   425    -1
 1981    425   428  1761    -1
 1982   1530  1761   428    -1
 1983    428   429  1530    -1
 1984    196   197   432    -1
 1985    432   433   196    -1
 1986    439   438   441    -1
 1987    441  1762   439    -1
 1988   1762   441   443    -1
 1989    443  1531  1762    -1
 1990    444   445  1533    -1
 1991   1533  1532   444    -1
 1992    450   448   436    -1
 1993    436   437   450    -1
 1994   1724   453   455    -1
 1995    455  1534  1724    -1
 1996   1726   458   456    -1
 1997    456  1536  1726    -1
 1998   1639   462   460    -1
 1999    460  1537  1639    -1
 2000   1538  1637   464    -1
 2001    464   465  1538    -1
 2002    471   470  1539    -1
 2003   1539  1635   471    -1
 2004    474   472   461    -1
 2005    461   463   474    -1
 2006    467   466   476    -1
 2007    476   477   467    -1
 2008    483   482   468    -1
 2009    468   469   483    -1
 2010    475   485   487    -1
 2011    487   473   475    -1
 2012    491   490   479    -1
 2013    479   478   491    -1
 2014    495   494   480    -1
 2015    480   481   495    -1
 2016    486   484   496    -1
 2017    496   497   486    -1
 2018    489   502   500    -1
 2019    500   488   489    -1
 2020    504   492   493    -1
 2021    493   506   504    -1
 2022    510   508   499    -1
 2023    499   498   510    -1
 2024    503   513   515    -1
 2025    515   501   503    -1
 2026    516   505   507    -1
 2027    507   518   516    -1
 2028    523   522   509    -1
 2029    509   511   523    -1
 2030    512   525   527    -1
 2031    527   514   512    -1
 2032    519   530   528    -1
 2033    528   517   519    -1
 2034   1671   534   532    -1
 2035    532  1540  1671    -1
 2036   1541  1669   536    -1
 2037    536   537  1541    -1
 2038    543   542  1542    -1
 2039   1542  1667   543    -1
 2040    546   544   533    -1
 2041    533   535   546    -1
 2042    539   538   548    -1
 2043    548   549   539    -1
 2044    555   554   540    -1
 2045    540   541   555    -1
 2046    547   557   559    -1
 2047    559   545   547    -1
 2048    563   562   551    -1
 2049    551   550   563    -1
 2050    567   566   552    -1
 2051    552   553   567    -1
 2052    558   556   568    -1
 2053    568   569   558    -1
 2054    561   574   572    -1
 2055    572   560   561    -1
 2056    576   564   565    -1
 2057    565   578   576    -1
 2058    582   580   571    -1
 2059    571   570   582    -1
 2060    575   585   587    -1
 2061    587   573   575    -1
 2062    588   577   579    -1
 2063    579   590   588    -1
 2064    595   594   581    -1
 2065    581   583   595    -1
 2066    584   597   599    -1
 2067    599   586   584    -1
 2068    591   602   600    -1
 2069    600   589   591    -1
 2070    607   606  1543    -1
 2071   1543  1763   607    -1
 2072   1212   609   611    -1
 2073    611  1213  1212    -1
 2074    615   614   616    -1
 2075    616   617   615    -1
 2076   1544  1753   619    -1
 2077    619   618  1544    -1
 2078    623   622   636    -1
 2079    636   637   623    -1
 2080    624   632   633    -1
 2081    633   626   624    -1
 2082    628   620   621    -1
 2083    621   630   628    -1
 2084    635   634   629    -1
 2085    629   631   635    -1
 2086    639   638   641    -1
 2087    641   643   639    -1
 2088    640   625   627    -1
 2089    627   642   640    -1
 2090   1623   644   645    -1
 2091    645  1545  1623    -1
 2092   1548  1601   648    -1
 2093    648   649  1548    -1
 2094    652   653  1550    -1
 2095   1550  1626   652    -1
 2096    656  1551  1572    -1
 2097   1572   658   656    -1
 2098   1553  1764   660    -1
 2099    660   661  1553    -1
 2100   1556  1554   664    -1
 2101    664   665  1556    -1
 2102    668   669  1558    -1
 2103   1558  1633   668    -1
 2104    672  1560  1618    -1
 2105   1618   674   672    -1
 2106   1765   676   677    -1
 2107    677  1561  1765    -1
 2108    680  1564  1766    -1
 2109   1766   682   680    -1
 2110    684   685  1566    -1
 2111   1566  1546   684    -1
 2112   1598   688   689    -1
 2113    689  1567  1598    -1
 2114   1764   693   695    -1
 2115    695  1569  1764    -1
 2116    696   697  1571    -1
 2117   1571  1767   696    -1
 2118    700   701  1574    -1
 2119   1574  1557   700    -1
 2120    704   705  1576    -1
 2121   1576  1565   704    -1
 2122   1577  1768   708    -1
 2123    708   709  1577    -1
 2124   1578  1547   712    -1
 2125    712   713  1578    -1
 2126   1596   717   719    -1
 2127    719  1580  1596    -1
 2128    720   721  1582    -1
 2129   1582  1549   720    -1
 2130   1594   726   724    -1
 2131    724  1584  1594    -1
 2132    728   729  1586    -1
 2133   1586  1767   728    -1
 2134   1768   732   733    -1
 2135    733  1587  1768    -1
 2136   1602   738   736    -1
 2137    736  1589  1602    -1
 2138    740  1591  1579    -1
 2139   1579   742   740    -1
 2140   1592  1559   744    -1
 2141    744   745  1592    -1
 2142    748  1595  1608    -1
 2143   1608   750   748    -1
 2144    753   755  1597    -1
 2145   1597  1769   753    -1
 2146    756   757  1599    -1
 2147   1599  1585   756    -1
 2148   1600  1770   760    -1
 2149    760   761  1600    -1
 2150    764  1603  1611    -1
 2151   1611   766   764    -1
 2152   1588   768   769    -1
 2153    769  1604  1588    -1
 2154   1614   774   772    -1
 2155    772  1606  1614    -1
 2156   1607  1620   776    -1
 2157    776   777  1607    -1
 2158   1770   781   783    -1
 2159    783  1609  1770    -1
 2160   1610  1624   784    -1
 2161    784   785  1610    -1
 2162   1605   788   789    -1
 2163    789  1612  1605    -1
 2164    792  1615  1631    -1
 2165   1631   794   792    -1
 2166   1568   796   797    -1
 2167    797  1616  1568    -1
 2168   1590   802   800    -1
 2169    800  1619  1590    -1
 2170   1621  1769   804    -1
 2171    804   805  1621    -1
 2172   1766   808   809    -1
 2173    809  1622  1766    -1
 2174   1625  1593   812    -1
 2175    812   813  1625    -1
 2176    816   817  1627    -1
 2177   1627  1613   816    -1
 2178   1562   820   821    -1
 2179    821  1628  1562    -1
 2180   1629  1765   824    -1
 2181    824   825  1629    -1
 2182   1630  1555   828    -1
 2183    828   829  1630    -1
 2184   1617   832   833    -1
 2185    833  1632  1617    -1
 2186   1740   836   837    -1
 2187    837    87  1740    -1
 2188   1741   838   839    -1
 2189    839    91  1741    -1
 2190   1681   841   842    -1
 2191    842    99  1681    -1
 2192   1743   843   844    -1
 2193    844   103  1743    -1
 2194   1744   845   846    -1
 2195    846   107  1744    -1
 2196   1745   847   848    -1
 2197    848   111  1745    -1
 2198   1746   850   852    -1
 2199    852   115  1746    -1
 2200   1683   854   855    -1
 2201    855   123  1683    -1
 2202   1748   856   857    -1
 2203    857   127  1748    -1
 2204   1749   858   860    -1
 2205    860   131  1749    -1
 2206   1771   863   861    -1
 2207    861  1634  1771    -1
 2208   1636  1320   681    -1
 2209    681   866  1636    -1
 2210   1638  1772   867    -1
 2211    867   868  1638    -1
 2212    874   873  1641    -1
 2213   1641  1773   874    -1
 2214   1642  1318   657    -1
 2215    657   875  1642    -1
 2216    698   879   877    -1
 2217    877  1644   698    -1
 2218   1645  1774   884    -1
 2219    884   883  1645    -1
 2220   1646  1775   885    -1
 2221    885   886  1646    -1
 2222    892   891  1262    -1
 2223   1262  1263   892    -1
 2224   1647  1776   893    -1
 2225    893   894  1647    -1
 2226   1327   898   900    -1
 2227    900  1649  1327    -1
 2228   1777   902   904    -1
 2229    904  1651  1777    -1
 2230   1321   906   908    -1
 2231    908  1653  1321    -1
 2232   1778   910   912    -1
 2233    912  1655  1778    -1
 2234   1779   914   916    -1
 2235    916  1657  1779    -1
 2236   1780   918   920    -1
 2237    920  1659  1780    -1
 2238   1781   922   924    -1
 2239    924  1661  1781    -1
 2240   1334   926   928    -1
 2241    928  1663  1334    -1
 2242   1782   930   932    -1
 2243    932  1665  1782    -1
 2244    752   934   936    -1
 2245    936   754   752    -1
 2246    778   807   937    -1
 2247    937  1666   778    -1
 2248   1668  1783   942    -1
 2249    942   941  1668    -1
 2250   1670   775   793    -1
 2251    793   943  1670    -1
 2252    830   667   945    -1
 2253    945  1672   830    -1
 2254   1674   739   765    -1
 2255    765   947  1674    -1
 2256    786   815   949    -1
 2257    949  1676   786    -1
 2258   1677   746   673    -1
 2259    673   952  1677    -1
 2260   1678   803   741    -1
 2261    741   953  1678    -1
 2262    714   651   955    -1
 2263    955  1679   714    -1
 2264   1680   727   749    -1
 2265    749   957  1680    -1
 2266     94   959   961    -1
 2267    961  1682    94    -1
 2268    118   962   964    -1
 2269    964  1684   118    -1
 2270   1685   826   968    -1
 2271    968   967  1685    -1
 2272   1687   710   972    -1
 2273    972   971  1687    -1
 2274    692   974   976    -1
 2275    976   694   692    -1
 2276    780   978   980    -1
 2277    980   782   780    -1
 2278   1688   662   984    -1
 2279    984   983  1688    -1
 2280   1690   762   988    -1
 2281    988   987  1690    -1
 2282    992   991  1692    -1
 2283   1692  1784   992    -1
 2284    996   995  1694    -1
 2285   1694  1713   996    -1
 2286   1000   999  1695    -1
 2287   1695  1785  1000    -1
 2288   1701  1003  1001    -1
 2289   1001  1697  1701    -1
 2290   1005  1698  1786    -1
 2291   1786  1007  1005    -1
 2292   1787  1009  1010    -1
 2293   1010  1700  1787    -1
 2294   1014  1016  1702    -1
 2295   1702  1786  1014    -1
 2296   1788  1019  1017    -1
 2297   1017  1705  1788    -1
 2298   1023  1707  1789    -1
 2299   1789  1024  1023    -1
 2300   1789  1026  1028    -1
 2301   1028  1708  1789    -1
 2302   1032  1031  1710    -1
 2303   1710  1788  1032    -1
 2304   1036  1035  1711    -1
 2305   1711  1704  1036    -1
 2306   1712  1785  1038    -1
 2307   1038  1040  1712    -1
 2308   1784  1043  1041    -1
 2309   1041  1714  1784    -1
 2310   1048  1047  1715    -1
 2311   1715  1787  1048    -1
 2312   1050  1052  1716    -1
 2313   1716  1703  1050    -1
 2314     27  1055  1053    -1
 2315   1053  1717    27    -1
 2316   1718  1392  1058    -1
 2317   1058  1059  1718    -1
 2318     36  1062  1060    -1
 2319   1060  1720    36    -1
 2320   1721  1073  1065    -1
 2321   1065  1066  1721    -1
 2322   1068  1069  1723    -1
 2323   1723  1037  1068    -1
 2324   1071  1072  1725    -1
 2325   1725    22  1071    -1
 2326   1074  1727  1064    -1
 2327   1064  1065  1074    -1
 2328   1728  1025  1075    -1
 2329   1075  1076  1728    -1
 2330   1078  1079  1729    -1
 2331   1729    30  1078    -1
 2332   1081  1082  1730    -1
 2333   1730  1013  1081    -1
 2334   1398  1085  1083    -1
 2335   1083  1732  1398    -1
 2336   1543  1212  1216    -1
 2337   1216  1790  1543    -1
 2338   1791  1091  1092    -1
 2339   1092  1792  1791    -1
 2340   1793  1089  1090    -1
 2341   1090  1794  1793    -1
 2342     11  1795  1792    -1
 2343   1792  1092    11    -1
 2344   1796  1093  1094    -1
 2345   1094  1415  1796    -1
 2346   1797  1095  1096    -1
 2347   1096    21  1797    -1
 2348   1098  1099  1798    -1
 2349   1798  1799  1098    -1
 2350   1056  1055  1800    -1
 2351   1800  1097  1056    -1
 2352   1802  1801  1101    -1
 2353   1101  1102  1802    -1
 2354   1063  1062  1803    -1
 2355   1803  1100  1063    -1
 2356   1804  1735  1420    -1
 2357   1420  1805  1804    -1
 2358   1806  1736  1421    -1
 2359   1421  1807  1806    -1
 2360   1808   166   164    -1
 2361    164  1422  1808    -1
 2362   1809  1737  1424    -1
 2363   1424  1810  1809    -1
 2364   1811  1738  1425    -1
 2365   1425  1812  1811    -1
 2366   1813  1739  1426    -1
 2367   1426  1814  1813    -1
 2368   1815  1144  1427    -1
 2369   1427  1816  1815    -1
 2370    149   148  1428    -1
 2371   1428  1817   149    -1
 2372    137   136  1429    -1
 2373   1429  1818   137    -1
 2374    161   160  1431    -1
 2375   1431  1819   161    -1
 2376   1142  1141  1432    -1
 2377   1432  1820  1142    -1
 2378   1140  1139  1433    -1
 2379   1433  1821  1140    -1
 2380   1822  1740  1434    -1
 2381   1434  1823  1822    -1
 2382   1824  1741  1436    -1
 2383   1436  1825  1824    -1
 2384   1826  1742  1438    -1
 2385   1438  1827  1826    -1
 2386   1682  1681  1441    -1
 2387   1441  1828  1682    -1
 2388   1829  1743  1442    -1
 2389   1442  1830  1829    -1
 2390   1831  1744  1444    -1
 2391   1444  1832  1831    -1
 2392   1833  1745  1446    -1
 2393   1446  1834  1833    -1
 2394   1835  1746  1448    -1
 2395   1448  1836  1835    -1
 2396   1837  1747  1450    -1
 2397   1450  1838  1837    -1
 2398   1684  1683  1452    -1
 2399   1452  1839  1684    -1
 2400   1840  1748  1454    -1
 2401   1454  1841  1840    -1
 2402   1842  1749  1455    -1
 2403   1455  1843  1842    -1
 2404   1845  1844  1739    -1
 2405   1739  1813  1845    -1
 2406   1846  1146    42    -1
 2407     42    43  1846    -1
 2408   1848  1847    54    -1
 2409     54    55  1848    -1
 2410   1850  1849  1736    -1
 2411   1736  1806  1850    -1
 2412   1852  1851  1738    -1
 2413   1738  1811  1852    -1
 2414   1854  1853    38    -1
 2415     38    39  1854    -1
 2416   1856  1855    50    -1
 2417     50    51  1856    -1
 2418   1857  1435  1858    -1
 2419   1858  1859  1857    -1
 2420   1860  1143  1144    -1
 2421   1144  1815  1860    -1
 2422   1862  1861    58    -1
 2423     58    59  1862    -1
 2424   1863  1145    70    -1
 2425     70    71  1863    -1
 2426   1152  1151  1864    -1
 2427   1864  1865  1152    -1
 2428   1866  1147  1148    -1
 2429   1148  1867  1866    -1
 2430   1869  1868  1149    -1
 2431   1149  1150  1869    -1
 2432   1157  1870  1871    -1
 2433   1871  1158  1157    -1
 2434   1154  1153  1872    -1
 2435   1872  1873  1154    -1
 2436   1155  1874  1875    -1
 2437   1875  1156  1155    -1
 2438   1750  1461  1876    -1
 2439   1876   199  1750    -1
 2440   1464  1877   194    -1
 2441    194  1750  1464    -1
 2442   1462  1465  1878    -1
 2443   1878  1879  1462    -1
 2444   1881  1880  1463    -1
 2445   1463  1467  1881    -1
 2446   1883  1882  1162    -1
 2447   1162  1163  1883    -1
 2448   1885  1884   236    -1
 2449    236   237  1885    -1
 2450   1886   219  1175    -1
 2451   1175   255  1886    -1
 2452    250  1887  1888    -1
 2453   1888   254   250    -1
 2454   1480  1178  1889    -1
 2455   1889   227  1480    -1
 2456   1891  1890  1892    -1
 2457   1892  1177  1891    -1
 2458    195  1893  1894    -1
 2459   1894   193   195    -1
 2460   1469  1474  1895    -1
 2461   1895  1468  1469    -1
 2462   1897  1896  1893    -1
 2463   1893   195  1897    -1
 2464   1898  1170  1159    -1
 2465   1159   201  1898    -1
 2466   1900  1899  1169    -1
 2467   1169   228  1900    -1
 2468   1481   275  1901    -1
 2469   1901  1902  1481    -1
 2470   1175  1470  1903    -1
 2471   1903  1176  1175    -1
 2472   1476  1475  1479    -1
 2473   1479  1904  1476    -1
 2474   1312  1905  1906    -1
 2475   1906  1314  1312    -1
 2476   1218  1907  1908    -1
 2477   1908  1217  1218    -1
 2478   1313  1909  1180    -1
 2479   1180  1181  1313    -1
 2480   1315  1910  1483    -1
 2481   1483  1316  1315    -1
 2482   1912  1911  1913    -1
 2483   1913  1914  1912    -1
 2484   1186  1915  1916    -1
 2485   1916  1185  1186    -1
 2486   1917   604   605    -1
 2487    605  1918  1917    -1
 2488   1485  1184  1919    -1
 2489   1919  1920  1485    -1
 2490   1921   305  1755    -1
 2491   1755  1489  1921    -1
 2492   1490  1922   323    -1
 2493    323  1756  1490    -1
 2494   1924  1923  1500    -1
 2495   1500  1493  1924    -1
 2496   1925   295  1755    -1
 2497   1755  1495  1925    -1
 2498   1492  1496  1926    -1
 2499   1926  1927  1492    -1
 2500   1497  1928  1929    -1
 2501   1929  1488  1497    -1
 2502   1494  1499  1930    -1
 2503   1930  1931  1494    -1
 2504    298  1756  1501    -1
 2505   1501  1932   298    -1
 2506    285  1912  1933    -1
 2507   1933   330   285    -1
 2508   1935  1934  1915    -1
 2509   1915  1936  1935    -1
 2510   1938  1937  1939    -1
 2511   1939  1914  1938    -1
 2512   1941  1940  1195    -1
 2513   1195   279  1941    -1
 2514   1942   339  1757    -1
 2515   1757  1506  1942    -1
 2516   1943   334  1757    -1
 2517   1757  1507  1943    -1
 2518    345  1758  1510    -1
 2519   1510  1944   345    -1
 2520   1512  1945   342    -1
 2521    342  1758  1512    -1
 2522   1514  1946  1947    -1
 2523   1947  1505  1514    -1
 2524   1949  1948  1509    -1
 2525   1509  1515  1949    -1
 2526   1508  1517  1950    -1
 2527   1950  1951  1508    -1
 2528   1953  1952  1511    -1
 2529   1511  1518  1953    -1
 2530   1955  1954  1198    -1
 2531   1198  1520  1955    -1
 2532   1956   341   343    -1
 2533    343  1519  1956    -1
 2534   1957   357   359    -1
 2535    359  1523  1957    -1
 2536   1959  1958  1759    -1
 2537   1759  1521  1959    -1
 2538   1961  1960  1962    -1
 2539   1962   344  1961    -1
 2540   1963  1760  1526    -1
 2541   1526  1964  1963    -1
 2542    293  1965  1966    -1
 2543   1966  1527   293    -1
 2544   1968  1967  1969    -1
 2545   1969  1970  1968    -1
 2546   1155  1971  1972    -1
 2547   1972  1874  1155    -1
 2548   1973   182   180    -1
 2549    180  1974  1973    -1
 2550   1153  1975  1976    -1
 2551   1976  1872  1153    -1
 2552   1978  1977   184    -1
 2553    184   185  1978    -1
 2554   1980  1979  1870    -1
 2555   1870  1157  1980    -1
 2556   1982  1981   190    -1
 2557    190   188  1982    -1
 2558   1529  1983  1984    -1
 2559   1984  1528  1529    -1
 2560   1986  1985  1987    -1
 2561   1987  1988  1986    -1
 2562   1224  1989  1990    -1
 2563   1990  1223  1224    -1
 2564   1226  1991  1992    -1
 2565   1992  1225  1226    -1
 2566   1994  1993  1416    -1
 2567   1416  1995  1994    -1
 2568   1997  1996  1734    -1
 2569   1734  1418  1997    -1
 2570   1998  1986  1988    -1
 2571   1988  1999  1998    -1
 2572   1531  2000  2001    -1
 2573   2001  1762  1531    -1
 2574   2003  2002  1532    -1
 2575   1532  1533  2003    -1
 2576   1983  1529  2004    -1
 2577   2004  2005  1983    -1
 2578     32    30  1729    -1
 2579   1729  2006    32    -1
 2580   1536  2007  1725    -1
 2581   1725  1726  1536    -1
 2582   2009  2008  2010    -1
 2583   2010  1773  2009    -1
 2584   2012  2011  1234    -1
 2585   1234  1235  2012    -1
 2586   2013  1236  1237    -1
 2587   1237  2014  2013    -1
 2588   1641  1640  2015    -1
 2589   2015  2016  1641    -1
 2590   2018  2017  1240    -1
 2591   1240  1241  2018    -1
 2592   1243  2019  2020    -1
 2593   2020  1242  1243    -1
 2594   2021  1686  2022    -1
 2595   2022  2023  2021    -1
 2596   2025  2024  1247    -1
 2597   1247  1246  2025    -1
 2598   1249  2026  2027    -1
 2599   2027  1248  1249    -1
 2600   2028  1382  1383    -1
 2601   1383  2029  2028    -1
 2602   1253  2030  2031    -1
 2603   2031  1252  1253    -1
 2604   2033  2032  1254    -1
 2605   1254  1255  2033    -1
 2606   1643  2034  2035    -1
 2607   2035  2036  1643    -1
 2608   1259  2037  2038    -1
 2609   2038  1258  1259    -1
 2610   2040  2039  1261    -1
 2611   1261  1260  2040    -1
 2612   2042  2041  1357    -1
 2613   1357  1358  2042    -1
 2614   1264  2043  2044    -1
 2615   2044  1265  1264    -1
 2616   1267  1266  2045    -1
 2617   2045  2046  1267    -1
 2618   2048  2047  2049    -1
 2619   2049  1673  2048    -1
 2620   2051  2050  1270    -1
 2621   1270  1271  2051    -1
 2622   2052  1272  1273    -1
 2623   1273  2053  2052    -1
 2624   1378  1377  2054    -1
 2625   2054  2055  1378    -1
 2626   2057  2056  1276    -1
 2627   1276  1277  2057    -1
 2628   1279  2058  2059    -1
 2629   2059  1278  1279    -1
 2630   2060  1689  2061    -1
 2631   2061  2062  2060    -1
 2632   2064  2063  1283    -1
 2633   1283  1282  2064    -1
 2634   1285  2065  2066    -1
 2635   2066  1284  1285    -1
 2636   2067  1384  1385    -1
 2637   1385  2068  2067    -1
 2638   1289  2069  2070    -1
 2639   2070  1288  1289    -1
 2640   2072  2071  1290    -1
 2641   1290  1291  2072    -1
 2642   1675  2073  2074    -1
 2643   2074  2075  1675    -1
 2644   1295  2076  2077    -1
 2645   2077  1294  1295    -1
 2646   2079  2078  1297    -1
 2647   1297  1296  2079    -1
 2648   2081  2080  1379    -1
 2649   1379  1380  2081    -1
 2650   1300  2082  2083    -1
 2651   2083  1301  1300    -1
 2652   1303  1302  2084    -1
 2653   2084  2085  1303    -1
 2654   1486  2086  2087    -1
 2655   2087  2088  1486    -1
 2656   1307  1306  1487    -1
 2657   1487  2089  1307    -1
 2658   2090  1544  1485    -1
 2659   1485  1920  2090    -1
 2660   1211   268  2091    -1
 2661   2091  2092  1211    -1
 2662   2094  2093  2095    -1
 2663   2095  1763  2094    -1
 2664    619  1753  2096    -1
 2665   2096  2097   619    -1
 2666   2099  2098  2100    -1
 2667   2100  2101  2099    -1
 2668    617  2102  2103    -1
 2669   2103  2104   617    -1
 2670      0     1  2105    -1
 2671   2105  2106     0    -1
 2672   2108  2107  1482    -1
 2673   1482  1087  2108    -1
 2674   1545  2109  2110    -1
 2675   2110  1623  1545    -1
 2676   2112  2111  1601    -1
 2677   1601  1548  2112    -1
 2678   2114  2113  1626    -1
 2679   1626  1550  2114    -1
 2680   1551  2115  2116    -1
 2681   2116  1572  1551    -1
 2682   2117   693  1764    -1
 2683   1764  1553  2117    -1
 2684   2119  2118  1554    -1
 2685   1554  1556  2119    -1
 2686   1633  1558  2120    -1
 2687   2120  2121  1633    -1
 2688   1560  2122  2123    -1
 2689   2123  1618  1560    -1
 2690    824  1765  1561    -1
 2691   1561  2124   824    -1
 2692   1564  2125   808    -1
 2693    808  1766  1564    -1
 2694   1546  1566  2126    -1
 2695   2126  2127  1546    -1
 2696   2128  1598  1567    -1
 2697   1567  2129  2128    -1
 2698    660  1764  1569    -1
 2699   1569  2130   660    -1
 2700   2131   728  1767    -1
 2701   1767  1571  2131    -1
 2702   2133  2132  1557    -1
 2703   1557  1574  2133    -1
 2704   2135  2134  1565    -1
 2705   1565  1576  2135    -1
 2706   2136   732  1768    -1
 2707   1768  1577  2136    -1
 2708   2138  2137  1547    -1
 2709   1547  1578  2138    -1
 2710   2139  1596  1580    -1
 2711   1580  2140  2139    -1
 2712   1549  1582  2141    -1
 2713   2141  2142  1549    -1
 2714   1584  2143  2144    -1
 2715   2144  1594  1584    -1
 2716   2145   696  1767    -1
 2717   1767  1586  2145    -1
 2718    708  1768  1587    -1
 2719   1587  2146   708    -1
 2720   1589  2147  2148    -1
 2721   2148  1602  1589    -1
 2722   1591  2149  2150    -1
 2723   2150  1579  1591    -1
 2724   2152  2151  1559    -1
 2725   1559  1592  2152    -1
 2726   1595  2153  2154    -1
 2727   2154  1608  1595    -1
 2728   1769  1597  2155    -1
 2729   2155   804  1769    -1
 2730   1585  1599  2156    -1
 2731   2156  2157  1585    -1
 2732   2158   781  1770    -1
 2733   1770  1600  2158    -1
 2734   1603  2159  2160    -1
 2735   2160  1611  1603    -1
 2736   1604  2161  2162    -1
 2737   2162  1588  1604    -1
 2738   1606  2163  2164    -1
 2739   2164  1614  1606    -1
 2740   2166  2165  1620    -1
 2741   1620  1607  2166    -1
 2742    760  1770  1609    -1
 2743   1609  2167   760    -1
 2744   2169  2168  1624    -1
 2745   1624  1610  2169    -1
 2746   1612  2170  2171    -1
 2747   2171  1605  1612    -1
 2748   1615  2172  2173    -1
 2749   2173  1631  1615    -1
 2750   1616  2174  2175    -1
 2751   2175  1568  1616    -1
 2752   1619  2176  2177    -1
 2753   2177  1590  1619    -1
 2754   2178   753  1769    -1
 2755   1769  1621  2178    -1
 2756   1622  2179   682    -1
 2757    682  1766  1622    -1
 2758   2181  2180  1593    -1
 2759   1593  1625  2181    -1
 2760   1613  1627  2182    -1
 2761   2182  2183  1613    -1
 2762   1628  2184  2185    -1
 2763   2185  1562  1628    -1
 2764   2186   676  1765    -1
 2765   1765  1629  2186    -1
 2766   2188  2187  1555    -1
 2767   1555  1630  2188    -1
 2768   1632  2189  2190    -1
 2769   2190  1617  1632    -1
 2770   1349  1330   723    -1
 2771    723  2191  1349    -1
 2772   1340   654   819    -1
 2773    819  2192  1340    -1
 2774   1341   790   771    -1
 2775    771  2193  1341    -1
 2776   1342   702   671    -1
 2777    671  2194  1342    -1
 2778   1343   834   799    -1
 2779    799  2195  1343    -1
 2780   1344   690   759    -1
 2781    759  2196  1344    -1
 2782   1345   730  2197    -1
 2783   2197  2198  1345    -1
 2784   1346  1337   823    -1
 2785    823  2199  1346    -1
 2786   1347   706   687    -1
 2787    687  2200  1347    -1
 2788   1348   646   811    -1
 2789    811  2201  1348    -1
 2790   2202  1771  1634    -1
 2791   1634  2203  2202    -1
 2792   2204  1320  1636    -1
 2793   1636  2205  2204    -1
 2794   2207  2206  1772    -1
 2795   1772  1638  2207    -1
 2796   2208   872   874    -1
 2797    874  2209  2208    -1
 2798   2211  2210  1318    -1
 2799   1318  1642  2211    -1
 2800    699   698  1644    -1
 2801   1644  2212   699    -1
 2802   2213  1774  1645    -1
 2803   1645  2214  2213    -1
 2804   2216  2215  1775    -1
 2805   1775  1646  2216    -1
 2806   2217   890   892    -1
 2807    892  2218  2217    -1
 2808   2220  2219  1776    -1
 2809   1776  1647  2220    -1
 2810   1370  1114  2221    -1
 2811   2221  2222  1370    -1
 2812   1361  1103  2223    -1
 2813   2223  2224  1361    -1
 2814   1362  1104  2225    -1
 2815   2225  2226  1362    -1
 2816   1363  1106  2227    -1
 2817   2227  2228  1363    -1
 2818   1364  1107  2229    -1
 2819   2229  2230  1364    -1
 2820   1365  1108  2231    -1
 2821   2231  2232  1365    -1
 2822   1366  1109  2233    -1
 2823   2233  2234  1366    -1
 2824   1367  1110  2235    -1
 2825   2235  2236  1367    -1
 2826   1368  1112  2237    -1
 2827   2237  2238  1368    -1
 2828   1369  1113  2239    -1
 2829   2239  2240  1369    -1
 2830    779   778  1666    -1
 2831   1666  2241   779    -1
 2832   2242  1783  1668    -1
 2833   1668  2243  2242    -1
 2834   2244   773   775    -1
 2835    775  1670  2244    -1
 2836    831   830  1672    -1
 2837   1672  2245   831    -1
 2838   2246   737   739    -1
 2839    739  1674  2246    -1
 2840    787   786  1676    -1
 2841   1676  2247   787    -1
 2842    747   746  1677    -1
 2843   1677  2248   747    -1
 2844   2249   801   803    -1
 2845    803  1678  2249    -1
 2846    715   714  1679    -1
 2847   1679  2250   715    -1
 2848   2251   725   727    -1
 2849    727  1680  2251    -1
 2850   2252   770   735    -1
 2851    735  2253  2252    -1
 2852   2254   822   679    -1
 2853    679  2255  2254    -1
 2854    827   826  1685    -1
 2855   1685  2256   827    -1
 2856    711   710  1687    -1
 2857   1687  2257   711    -1
 2858   2258  1423  1105    -1
 2859   1105  2259  2258    -1
 2860   2260  1430  1111    -1
 2861   1111  2261  2260    -1
 2862    666   663  2262    -1
 2863   2262   946   666    -1
 2864    650   763  2263    -1
 2865   2263   956   650    -1
 2866   1692  2264  1043    -1
 2867   1043  1784  1692    -1
 2868   1694  2265  2266    -1
 2869   2266  1713  1694    -1
 2870   1785  1695  2267    -1
 2871   2267  1038  1785    -1
 2872   1697  2268  2269    -1
 2873   2269  1701  1697    -1
 2874   1698  2270  1014    -1
 2875   1014  1786  1698    -1
 2876   1700  2271  1048    -1
 2877   1048  1787  1700    -1
 2878   2272  1007  1786    -1
 2879   1786  1702  2272    -1
 2880   2273  1032  1788    -1
 2881   1788  1705  2273    -1
 2882   1707  2274  1026    -1
 2883   1026  1789  1707    -1
 2884   1024  1789  1708    -1
 2885   1708  2275  1024    -1
 2886   1710  2276  1019    -1
 2887   1019  1788  1710    -1
 2888   1711  2277  2278    -1
 2889   2278  1704  1711    -1
 2890   2279  1000  1785    -1
 2891   1785  1712  2279    -1
 2892   2280   992  1784    -1
 2893   1784  1714  2280    -1
 2894   1787  1715  2281    -1
 2895   2281  1009  1787    -1
 2896   2283  2282  1703    -1
 2897   1703  1716  2283    -1
 2898   1099  2284  2285    -1
 2899   2285  1798  1099    -1
 2900   1717  2286    26    -1
 2901     26    27  1717    -1
 2902   1102  2287  2288    -1
 2903   2288  1802  1102    -1
 2904   1720  2289    37    -1
 2905     37    36  1720    -1
 2906    457  2290  2291    -1
 2907   2291  1233   457    -1
 2908   1037  1723  2292    -1
 2909   2292  1039  1037    -1
 2910   2293  1406  1022    -1
 2911   1022  2294  2293    -1
 2912    998  2295  2296    -1
 2913   2296  1407   998    -1
 2914   2297  1027  1025    -1
 2915   1025  1728  2297    -1
 2916   2298  1408  1046    -1
 2917   1046  2299  2298    -1
 2918   1013  1730  2300    -1
 2919   2300  1015  1013    -1
 2920   1908  1790  1216    -1
 2921   1216  1217  1908    -1
 2922      6     4  1791    -1
 2923   1791  1792     6    -1
 2924     10     8  1793    -1
 2925   1793  1794    10    -1
 2926   1794  1795    11    -1
 2927     11    10  1794    -1
 2928     18    16  1796    -1
 2929   1796  1415    18    -1
 2930     14    12  1797    -1
 2931   1797    21    14    -1
 2932   1799  1798    22    -1
 2933     22    23  1799    -1
 2934     29  1800  1055    -1
 2935   1055    27    29    -1
 2936   1801  1802    30    -1
 2937     30    31  1801    -1
 2938   1062    36    34    -1
 2939     34  1803  1062    -1
 2940   2221  1805  1420    -1
 2941   1420   897  2221    -1
 2942   2223  1807  1421    -1
 2943   1421   901  2223    -1
 2944   2225  1808  1422    -1
 2945   1422  1423  2225    -1
 2946    975  1810  1424    -1
 2947   1424   905   975    -1
 2948   2227  1812  1425    -1
 2949   1425   909  2227    -1
 2950   2229  1814  1426    -1
 2951   1426   913  2229    -1
 2952   2231  1816  1427    -1
 2953   1427   917  2231    -1
 2954   2233  1817  1428    -1
 2955   1428   921  2233    -1
 2956   2235  1818  1429    -1
 2957   1429  1430  2235    -1
 2958    979  1819  1431    -1
 2959   1431   925   979    -1
 2960   2237  1820  1432    -1
 2961   1432   929  2237    -1
 2962   2239  1821  1433    -1
 2963   1433   933  2239    -1
 2964   1823  1434  1435    -1
 2965   1435  1857  1823    -1
 2966   1825  1436  1437    -1
 2967   1437  2301  1825    -1
 2968   1439  1459  1827    -1
 2969   1827  1438  1439    -1
 2970   1441  1440  2302    -1
 2971   2302  1828  1441    -1
 2972   1830  1442  1443    -1
 2973   1443  2303  1830    -1
 2974   1832  1444  1445    -1
 2975   1445  2304  1832    -1
 2976   1834  1446  1447    -1
 2977   1447  2305  1834    -1
 2978   1836  1448  1449    -1
 2979   1449  1457  1836    -1
 2980   1838  1450  1451    -1
 2981   1451  1456  1838    -1
 2982   1839  1452  1453    -1
 2983   1453  1458  1839    -1
 2984   1841  1454   150    -1
 2985    150   151  1841    -1
 2986   1843  1455   138    -1
 2987    138   139  1843    -1
 2988     54  1847  1845    -1
 2989   1845  1813    54    -1
 2990   1736  1849  1846    -1
 2991   1846    43  1736    -1
 2992   1738  1851  1848    -1
 2993   1848    55  1738    -1
 2994     38  1853  1850    -1
 2995   1850  1806    38    -1
 2996     50  1855  1852    -1
 2997   1852  1811    50    -1
 2998   1735  1858  1854    -1
 2999   1854    39  1735    -1
 3000     51  1737  1460    -1
 3001   1460  1856    51    -1
 3002   1859  1858  1735    -1
 3003   1735  1804  1859    -1
 3004     58  1861  1860    -1
 3005   1860  1815    58    -1
 3006   1739  1844  1862    -1
 3007   1862    59  1739    -1
 3008    136   134  1863    -1
 3009   1863    71   136    -1
 3010    168  1865  1864    -1
 3011   1864   170   168    -1
 3012    174  1866  1867    -1
 3013   1867   175   174    -1
 3014    179   178  1868    -1
 3015   1868  1869   179    -1
 3016   1870   180   181    -1
 3017    181  1871  1870    -1
 3018   1873  1872   185    -1
 3019    185   187  1873    -1
 3020   1874   188   189    -1
 3021    189  1875  1874    -1
 3022   1461  1462  1879    -1
 3023   1879  1876  1461    -1
 3024   1880  1877  1464    -1
 3025   1464  1463  1880    -1
 3026   1878  1465  1466    -1
 3027   1466  1161  1878    -1
 3028   1160  1881  1467    -1
 3029   1467  1466  1160    -1
 3030   1885  1882  1883    -1
 3031   1883  2306  1885    -1
 3032   1884  1885  2306    -1
 3033   2306  2307  1884    -1
 3034   1886   255   254    -1
 3035    254  1888  1886    -1
 3036    220   221  1887    -1
 3037   1887   250   220    -1
 3038   1177  1892  1889    -1
 3039   1889  1178  1177    -1
 3040   1890  1891   229    -1
 3041    229   231  1890    -1
 3042   2308  1894  1893    -1
 3043   1893  2309  2308    -1
 3044   2310  1895  1474    -1
 3045   1474  1473  2310    -1
 3046    232  1896  1897    -1
 3047   1897   234   232    -1
 3048    203  2311  1898    -1
 3049   1898   201   203    -1
 3050    228   229  1901    -1
 3051   1901  1900   228    -1
 3052   1902  1901   229    -1
 3053    229  1891  1902    -1
 3054   1166   245  1903    -1
 3055   1903  1470  1166    -1
 3056   1904  1479  1480    -1
 3057   1480  1472  1904    -1
 3058    266   264  1905    -1
 3059   1905  1312   266    -1
 3060   1218   613   615    -1
 3061    615  1907  1218    -1
 3062    262   260  1909    -1
 3063   1909  1313   262    -1
 3064   1314  1906  1910    -1
 3065   1910  1315  1314    -1
 3066    287  1911  1912    -1
 3067   1912   285   287    -1
 3068   1934  1918  1916    -1
 3069   1916  1915  1934    -1
 3070   1938  1917  1918    -1
 3071   1918  1934  1938    -1
 3072   1941  1919  1184    -1
 3073   1184   326  1941    -1
 3074   1488  1929  1921    -1
 3075   1921  1489  1488    -1
 3076   1491  1189  1922    -1
 3077   1922  1490  1491    -1
 3078   1927  1924  1493    -1
 3079   1493  1492  1927    -1
 3080   1931  1925  1495    -1
 3081   1495  1494  1931    -1
 3082   1926  1496  1491    -1
 3083   1491  1187  1926    -1
 3084   1498  1194  1928    -1
 3085   1928  1497  1498    -1
 3086   1930  1499  1498    -1
 3087   1498  1191  1930    -1
 3088   1501  1500  1923    -1
 3089   1923  1932  1501    -1
 3090   1933  1912  1914    -1
 3091   1914  1939  1933    -1
 3092   1915  1186  1504    -1
 3093   1504  1936  1915    -1
 3094   1934  1935  1937    -1
 3095   1937  1938  1934    -1
 3096    326   327  1940    -1
 3097   1940  1941   326    -1
 3098   1505  1947  1942    -1
 3099   1942  1506  1505    -1
 3100   1508  1951  1943    -1
 3101   1943  1507  1508    -1
 3102   1510  1509  1948    -1
 3103   1948  1944  1510    -1
 3104   1952  1945  1512    -1
 3105   1512  1511  1952    -1
 3106   1200  1946  1514    -1
 3107   1514  1513  1200    -1
 3108   1516  1201  1949    -1
 3109   1949  1515  1516    -1
 3110   1517  1513  1197    -1
 3111   1197  1950  1517    -1
 3112   1516  1199  1953    -1
 3113   1953  1518  1516    -1
 3114   2312  1955  1520    -1
 3115   1520  1412  2312    -1
 3116   1519  1411  2313    -1
 3117   2313  1956  1519    -1
 3118   1413  1957  1523    -1
 3119   1523  1524  1413    -1
 3120   1521  1522  1414    -1
 3121   1414  1959  1521    -1
 3122    379   378  1960    -1
 3123   1960  1961   379    -1
 3124   1964  1526   363    -1
 3125    363   346  1964    -1
 3126   1970  1966  1965    -1
 3127   1965  1968  1970    -1
 3128   1969  1967  1192    -1
 3129   1192   388  1969    -1
 3130   1971   392   393    -1
 3131    393  1972  1971    -1
 3132    396  1973  1974    -1
 3133   1974   398   396    -1
 3134   1975   402   400    -1
 3135    400  1976  1975    -1
 3136    404   405  1977    -1
 3137   1977  1978   404    -1
 3138    411   410  1979    -1
 3139   1979  1980   411    -1
 3140    415   414  1981    -1
 3141   1981  1982   415    -1
 3142   1988  1987  1984    -1
 3143   1984  1983  1988    -1
 3144   1220   419  1985    -1
 3145   1985  1986  1220    -1
 3146   2314  1990  1989    -1
 3147   1989  1419  2314    -1
 3148   1417  1992  1991    -1
 3149   1991  1733  1417    -1
 3150   1996  1994  1995    -1
 3151   1995  1734  1996    -1
 3152   1419  1989  1997    -1
 3153   1997  1418  1419    -1
 3154    439  1998  1999    -1
 3155   1999   437   439    -1
 3156   2002  2000  1531    -1
 3157   1531  1532  2002    -1
 3158   2004  2003  1533    -1
 3159   1533   451  2004    -1
 3160   2005  2004   451    -1
 3161    451   450  2005    -1
 3162    452   453  2006    -1
 3163   2006  1729   452    -1
 3164   1535  1409  2007    -1
 3165   2007  1536  1535    -1
 3166    463   462  2008    -1
 3167   2008  2009   463    -1
 3168    466   464  2011    -1
 3169   2011  2012   466    -1
 3170    471  2013  2014    -1
 3171   2014   469   471    -1
 3172   2016  2015   475    -1
 3173    475   474  2016    -1
 3174    478   476  2017    -1
 3175   2017  2018   478    -1
 3176    483  2020  2019    -1
 3177   2019   481   483    -1
 3178   2023  2022   484    -1
 3179    484   485  2023    -1
 3180    489   491  2024    -1
 3181   2024  2025   489    -1
 3182   2026   493   495    -1
 3183    495  2027  2026    -1
 3184    496  2028  2029    -1
 3185   2029   498   496    -1
 3186    502  2031  2030    -1
 3187   2030   503   502    -1
 3188    507   506  2032    -1
 3189   2032  2033   507    -1
 3190    510  2035  2034    -1
 3191   2034   511   510    -1
 3192   2037   512   513    -1
 3193    513  2038  2037    -1
 3194    518  2039  2040    -1
 3195   2040   519   518    -1
 3196    523  2041  2042    -1
 3197   2042   521   523    -1
 3198   2043   524   525    -1
 3199    525  2044  2043    -1
 3200    531   530  2046    -1
 3201   2046  2045   531    -1
 3202    535   534  2047    -1
 3203   2047  2048   535    -1
 3204    538   536  2050    -1
 3205   2050  2051   538    -1
 3206    543  2052  2053    -1
 3207   2053   541   543    -1
 3208   2055  2054   547    -1
 3209    547   546  2055    -1
 3210    550   548  2056    -1
 3211   2056  2057   550    -1
 3212    555  2059  2058    -1
 3213   2058   553   555    -1
 3214   2062  2061   556    -1
 3215    556   557  2062    -1
 3216    561   563  2063    -1
 3217   2063  2064   561    -1
 3218   2065   565   567    -1
 3219    567  2066  2065    -1
 3220    568  2067  2068    -1
 3221   2068   570   568    -1
 3222    574  2070  2069    -1
 3223   2069   575   574    -1
 3224    579   578  2071    -1
 3225   2071  2072   579    -1
 3226    582  2074  2073    -1
 3227   2073   583   582    -1
 3228   2076   584   585    -1
 3229    585  2077  2076    -1
 3230    590  2078  2079    -1
 3231   2079   591   590    -1
 3232    595  2080  2081    -1
 3233   2081   593   595    -1
 3234   2082   596   597    -1
 3235    597  2083  2082    -1
 3236    603   602  2085    -1
 3237   2085  2084   603    -1
 3238   2086   605   607    -1
 3239    607  2087  2086    -1
 3240   1486  2088  2089    -1
 3241   2089  1487  1486    -1
 3242   1920  1754  2091    -1
 3243   2091  2090  1920    -1
 3244   1754  1484  2092    -1
 3245   2092  2091  1754    -1
 3246    621   623  2093    -1
 3247   2093  2094   621    -1
 3248    626  2097  2096    -1
 3249   2096   627   626    -1
 3250    631   630  2098    -1
 3251   2098  2099   631    -1
 3252   2102   633   635    -1
 3253    635  2103  2102    -1
 3254   2105   637   639    -1
 3255    639  2106  2105    -1
 3256    643   642  2107    -1
 3257   2107  2108   643    -1
 3258   2109  1545  1546    -1
 3259   1546  2127  2109    -1
 3260   2137  2112  1548    -1
 3261   1548  1547  2137    -1
 3262   2142  2114  1550    -1
 3263   1550  1549  2142    -1
 3264   1552  1336  2115    -1
 3265   2115  1551  1552    -1
 3266   2118  2117  1553    -1
 3267   1553  1554  2118    -1
 3268   2187  2119  1556    -1
 3269   1556  1555  2187    -1
 3270   2132  2120  1558    -1
 3271   1558  1557  2132    -1
 3272   1559  2151  2122    -1
 3273   2122  1560  1559    -1
 3274   2124  1561  1562    -1
 3275   1562  2185  2124    -1
 3276   1563  1329  2125    -1
 3277   2125  1564  1563    -1
 3278   2134  2126  1566    -1
 3279   1566  1565  2134    -1
 3280   2129  1567  1568    -1
 3281   1568  2175  2129    -1
 3282   2130  1569  1570    -1
 3283   1570  1332  2130    -1
 3284   2116  2131  1571    -1
 3285   1571  1572  2116    -1
 3286   1325  2133  1574    -1
 3287   1574  1573  1325    -1
 3288   1338  2135  1576    -1
 3289   1576  1575  1338    -1
 3290   1323  2136  1577    -1
 3291   1577  1573  1323    -1
 3292   2150  2138  1578    -1
 3293   1578  1579  2150    -1
 3294   2140  1580  1581    -1
 3295   1581  1333  2140    -1
 3296   1582  1563  1319    -1
 3297   1319  2141  1582    -1
 3298   1583  1335  2143    -1
 3299   2143  1584  1583    -1
 3300   2157  2145  1586    -1
 3301   1586  1585  2157    -1
 3302   2146  1587  1588    -1
 3303   1588  2162  2146    -1
 3304   1570  1322  2147    -1
 3305   2147  1589  1570    -1
 3306   1590  2177  2149    -1
 3307   2149  1591  1590    -1
 3308   2180  2152  1592    -1
 3309   1592  1593  2180    -1
 3310   1594  2144  2153    -1
 3311   2153  1595  1594    -1
 3312   1597  1596  2139    -1
 3313   2139  2155  1597    -1
 3314   1599  1598  2128    -1
 3315   2128  2156  1599    -1
 3316   2111  2158  1600    -1
 3317   1600  1601  2111    -1
 3318   1602  2148  2159    -1
 3319   2159  1603  1602    -1
 3320   1605  2171  2161    -1
 3321   2161  1604  1605    -1
 3322   1581  1328  2163    -1
 3323   2163  1606  1581    -1
 3324   2154  2166  1607    -1
 3325   1607  1608  2154    -1
 3326   2167  1609  1583    -1
 3327   1583  1331  2167    -1
 3328   2160  2169  1610    -1
 3329   1610  1611  2160    -1
 3330   2170  1612  1613    -1
 3331   1613  2183  2170    -1
 3332   1614  2164  2172    -1
 3333   2172  1615  1614    -1
 3334   1617  2190  2174    -1
 3335   2174  1616  1617    -1
 3336   1618  2123  2176    -1
 3337   2176  1619  1618    -1
 3338   2165  2178  1621    -1
 3339   1621  1620  2165    -1
 3340   1623  2110  2179    -1
 3341   2179  1622  1623    -1
 3342   2168  2181  1625    -1
 3343   1625  1624  2168    -1
 3344   2113  2182  1627    -1
 3345   1627  1626  2113    -1
 3346   1552  1317  2184    -1
 3347   2184  1628  1552    -1
 3348   1324  2186  1629    -1
 3349   1629  1575  1324    -1
 3350   2173  2188  1630    -1
 3351   1630  1631  2173    -1
 3352   2189  1632  1633    -1
 3353   1633  2121  2189    -1
 3354    723   722   836    -1
 3355    836  2191   723    -1
 3356    819   818   838    -1
 3357    838  2192   819    -1
 3358    771   770  2252    -1
 3359   2252  2193   771    -1
 3360    671   670   843    -1
 3361    843  2194   671    -1
 3362    799   798   845    -1
 3363    845  2195   799    -1
 3364    759   758   847    -1
 3365    847  2196   759    -1
 3366   2197   849   850    -1
 3367    850  2198  2197    -1
 3368    823   822  2254    -1
 3369   2254  2199   823    -1
 3370    687   686   856    -1
 3371    856  2200   687    -1
 3372    811   810   858    -1
 3373    858  2201   811    -1
 3374   2203  1634  1635    -1
 3375   1635  1539  2203    -1
 3376   1538  2205  1636    -1
 3377   1636  1637  1538    -1
 3378   1537  2207  1638    -1
 3379   1638  1639  1537    -1
 3380   2209   874  1773    -1
 3381   1773  2010  2209    -1
 3382   2036  2211  1642    -1
 3383   1642  1643  2036    -1
 3384   2212  1644   521    -1
 3385    521  2042  2212    -1
 3386   2043  2214  1645    -1
 3387   1645   524  2043    -1
 3388   2045  2216  1646    -1
 3389   1646   531  2045    -1
 3390   2218   892  1263    -1
 3391   1263  1268  2218    -1
 3392   1245  2220  1647    -1
 3393   1647  1239  1245    -1
 3394   2221   897   898    -1
 3395    898  2222  2221    -1
 3396   2223   901   902    -1
 3397    902  2224  2223    -1
 3398   2225  1423  2258    -1
 3399   2258  2226  2225    -1
 3400   2227   909   910    -1
 3401    910  2228  2227    -1
 3402   2229   913   914    -1
 3403    914  2230  2229    -1
 3404   2231   917   918    -1
 3405    918  2232  2231    -1
 3406   2233   921   922    -1
 3407    922  2234  2233    -1
 3408   2235  1430  2260    -1
 3409   2260  2236  2235    -1
 3410   2237   929   930    -1
 3411    930  2238  2237    -1
 3412   2239   933   934    -1
 3413    934  2240  2239    -1
 3414   2241  1666  1667    -1
 3415   1667  1542  2241    -1
 3416   1541  2243  1668    -1
 3417   1668  1669  1541    -1
 3418   1540  2244  1670    -1
 3419   1670  1671  1540    -1
 3420   2245  1672  1673    -1
 3421   1673  2049  2245    -1
 3422   2075  2246  1674    -1
 3423   1674  1675  2075    -1
 3424   2247  1676   593    -1
 3425    593  2081  2247    -1
 3426   2082  2248  1677    -1
 3427   1677   596  2082    -1
 3428   2084  2249  1678    -1
 3429   1678   603  2084    -1
 3430   2250  1679  1299    -1
 3431   1299  1304  2250    -1
 3432   1281  2251  1680    -1
 3433   1680  1275  1281    -1
 3434    735   734   959    -1
 3435    959  2253   735    -1
 3436    679   678   962    -1
 3437    962  2255   679    -1
 3438   2021  2256  1685    -1
 3439   1685  1686  2021    -1
 3440   1256  2257  1687    -1
 3441   1687  1250  1256    -1
 3442   1105   973   974    -1
 3443    974  2259  1105    -1
 3444   1111   977   978    -1
 3445    978  2261  1111    -1
 3446    663   662  1688    -1
 3447   1688  2262   663    -1
 3448    763   762  1690    -1
 3449   1690  2263   763    -1
 3450   1691  1400  2264    -1
 3451   2264  1692  1691    -1
 3452   1694  1693  1388    -1
 3453   1388  2265  1694    -1
 3454   1695  1693  1387    -1
 3455   1387  2267  1695    -1
 3456   1399  2268  1697    -1
 3457   1697  1696  1399    -1
 3458   1698  1699  1397    -1
 3459   1397  2270  1698    -1
 3460   2271  1700  1701    -1
 3461   1701  2269  2271    -1
 3462   2282  2272  1702    -1
 3463   1702  1703  2282    -1
 3464   1704  2278  2273    -1
 3465   2273  1705  1704    -1
 3466   2274  1707  1706    -1
 3467   1706  1396  2274    -1
 3468   2275  1708  1709    -1
 3469   1709  1401  2275    -1
 3470   1706  1393  2276    -1
 3471   2276  1710  1706    -1
 3472   1711  1699  1391    -1
 3473   1391  2277  1711    -1
 3474   1389  2279  1712    -1
 3475   1712  1696  1389    -1
 3476   1713  2266  2280    -1
 3477   2280  1714  1713    -1
 3478   2281  1715  1691    -1
 3479   1691  1386  2281    -1
 3480   1716  1709  1395    -1
 3481   1395  2283  1716    -1
 3482   2315  2285  2284    -1
 3483   2284  1020  2315    -1
 3484   1034  1018  2286    -1
 3485   2286  1717  1034    -1
 3486   2316  2288  2287    -1
 3487   2287  1044  2316    -1
 3488    994  1042  2289    -1
 3489   2289  1720   994    -1
 3490   2317  2290   457    -1
 3491    457   459  2317    -1
 3492   1723  1724  1534    -1
 3493   1534  2292  1723    -1
 3494   2317  2293  2294    -1
 3495   2294  1402  2317    -1
 3496   1002  2296  2295    -1
 3497   2295  1390  1002    -1
 3498   1728  1008  2318    -1
 3499   2318  2297  1728    -1
 3500   1410  2298  2299    -1
 3501   2299  1731  1410    -1
 3502   1730  1535  1232    -1
 3503   1232  2300  1730    -1
 3504   2101  2100  1790    -1
 3505   1790  1908  2101    -1
 3506      4  1204  2312    -1
 3507   2312  1791     4    -1
 3508      8  1206  2313    -1
 3509   2313  1793     8    -1
 3510      7  1795  1794    -1
 3511   1794  1090     7    -1
 3512   1522  1207  1796    -1
 3513   1796    16  1522    -1
 3514     12  1524  1209    -1
 3515   1209  1797    12    -1
 3516   2314  1799    23    -1
 3517     23  1733  2314    -1
 3518   1734  1995  1800    -1
 3519   1800    29  1734    -1
 3520   1227  1801    31    -1
 3521     31   440  1227    -1
 3522   1229   447  1803    -1
 3523   1803    34  1229    -1
 3524     84  1805  2221    -1
 3525   2221  1114    84    -1
 3526     40  1807  2223    -1
 3527   2223  1103    40    -1
 3528     44  1808  2225    -1
 3529   2225  1104    44    -1
 3530     48  1810   975    -1
 3531    975   973    48    -1
 3532     52  1812  2227    -1
 3533   2227  1106    52    -1
 3534     56  1814  2229    -1
 3535   2229  1107    56    -1
 3536     60  1816  2231    -1
 3537   2231  1108    60    -1
 3538     64  1817  2233    -1
 3539   2233  1109    64    -1
 3540     68  1818  2235    -1
 3541   2235  1110    68    -1
 3542     72  1819   979    -1
 3543    979   977    72    -1
 3544     76  1820  2237    -1
 3545   2237  1112    76    -1
 3546     80  1821  2239    -1
 3547   2239  1113    80    -1
 3548   1137   132  1823    -1
 3549   1823  1857  1137    -1
 3550   1115    88  1825    -1
 3551   1825  2301  1115    -1
 3552   1117    92  1827    -1
 3553   1827  1459  1117    -1
 3554     96  1828  2302    -1
 3555   2302  1120    96    -1
 3556   1121   100  1830    -1
 3557   1830  2303  1121    -1
 3558   1123   104  1832    -1
 3559   1832  2304  1123    -1
 3560   1125   108  1834    -1
 3561   1834  2305  1125    -1
 3562   1127   112  1836    -1
 3563   1836  1457  1127    -1
 3564   1129   116  1838    -1
 3565   1838  1456  1129    -1
 3566   1131   120  1839    -1
 3567   1839  1458  1131    -1
 3568   1133   124  1841    -1
 3569   1841   151  1133    -1
 3570   1135   128  1843    -1
 3571   1843   139  1135    -1
 3572   1847  1123  2304    -1
 3573   2304  1845  1847    -1
 3574   1849  1437  1118    -1
 3575   1118  1846  1849    -1
 3576   1851  1443  1124    -1
 3577   1124  1848  1851    -1
 3578   1853  1115  2301    -1
 3579   2301  1850  1853    -1
 3580   1855  1121  2303    -1
 3581   2303  1852  1855    -1
 3582   1858  1435  1116    -1
 3583   1116  1854  1858    -1
 3584   1460  1440  1122    -1
 3585   1122  1856  1460    -1
 3586     82   162  1859    -1
 3587   1859  1804    82    -1
 3588   1861  1125  2305    -1
 3589   2305  1860  1861    -1
 3590   1844  1445  1126    -1
 3591   1126  1862  1844    -1
 3592    134  1451  1132    -1
 3593   1132  1863   134    -1
 3594    168  1737  1809    -1
 3595   1809  1865   168    -1
 3596   1120  2302  1866    -1
 3597   1866   174  1120    -1
 3598    178   164   165    -1
 3599    165  1868   178    -1
 3600   1871   181   170    -1
 3601    170  1864  1871    -1
 3602    175  1867  1873    -1
 3603   1873   187   175    -1
 3604    189   179  1869    -1
 3605   1869  1875   189    -1
 3606   1761  1530  1876    -1
 3607   1876  1879  1761    -1
 3608    234  1897  1877    -1
 3609   1877  1880   234    -1
 3610    424  1878  1161    -1
 3611   1161   426   424    -1
 3612   1159   235  1881    -1
 3613   1881  1160  1159    -1
 3614    237   241  1882    -1
 3615   1882  1885   237    -1
 3616    209  1884  2307    -1
 3617   2307   418   209    -1
 3618   2319  1886  1888    -1
 3619   1888  2309  2319    -1
 3620   2308  1887   221    -1
 3621    221  1751  2308    -1
 3622   1172  1889  1892    -1
 3623   1892  1473  1172    -1
 3624   2310  1890   231    -1
 3625    231  1173  2310    -1
 3626   1751  2311  1894    -1
 3627   1894  2308  1751    -1
 3628   1173   242  1895    -1
 3629   1895  2310  1173    -1
 3630    217  2319  1896    -1
 3631   1896   232   217    -1
 3632   2311  1751  1471    -1
 3633   1471  1898  2311    -1
 3634   1900  1901   275    -1
 3635    275   274  1900    -1
 3636   1902  1891  1177    -1
 3637   1177   256  1902    -1
 3638    245   246  2320    -1
 3639   2320  1903   245    -1
 3640   1899  1904  1472    -1
 3641   1472  1169  1899    -1
 3642   1905   264  1477    -1
 3643   1477  2320  1905    -1
 3644    615   617  2104    -1
 3645   2104  1907   615    -1
 3646    259  1909   260    -1
 3647    260   257   259    -1
 3648    248  1910  1906    -1
 3649   1906   246   248    -1
 3650    610  1911   287    -1
 3651    287  1306   610    -1
 3652   1916  1918   605    -1
 3653    605  2086  1916    -1
 3654   1914  1913  1917    -1
 3655   1917  1938  1914    -1
 3656    279   278  1919    -1
 3657   1919  1941   279    -1
 3658   1929  1503  2321    -1
 3659   2321  1921  1929    -1
 3660   1189  1190  2322    -1
 3661   2322  1922  1189    -1
 3662    383   382  1924    -1
 3663   1924  1927   383    -1
 3664   1968  1965  1925    -1
 3665   1925  1931  1968    -1
 3666   1525  1926  1187    -1
 3667   1187  1188  1525    -1
 3668   1193  1502  1928    -1
 3669   1928  1194  1193    -1
 3670   1967  1930  1191    -1
 3671   1191  1192  1967    -1
 3672   1760  1963  1932    -1
 3673   1932  1923  1760    -1
 3674    300  1933  1939    -1
 3675   1939   308   300    -1
 3676   1936  1504   321    -1
 3677    321  2322  1936    -1
 3678    310  1937  1935    -1
 3679   1935  1190   310    -1
 3680   2321  1940   327    -1
 3681    327   304  2321    -1
 3682   1958  1942  1947    -1
 3683   1947  1759  1958    -1
 3684   1951   385   387    -1
 3685    387  1943  1951    -1
 3686   1948   379  1961    -1
 3687   1961  1944  1948    -1
 3688    367   366  1945    -1
 3689   1945  1952   367    -1
 3690    373   372  1946    -1
 3691   1946  1200   373    -1
 3692   1202   377  1949    -1
 3693   1949  1201  1202    -1
 3694   1197   389   391    -1
 3695    391  1950  1197    -1
 3696   1954  1953  1199    -1
 3697   1199  1198  1954    -1
 3698    365  1955  2312    -1
 3699   2312  1204   365    -1
 3700   2313  1206   369    -1
 3701    369  1956  2313    -1
 3702    371  1957  1413    -1
 3703   1413  1208   371    -1
 3704   1414  1210   375    -1
 3705    375  1959  1414    -1
 3706    297  1960   378    -1
 3707    378  1188   297    -1
 3708    344  1962  1964    -1
 3709   1964   346   344    -1
 3710   1966  1970   349    -1
 3711    349   333  1966    -1
 3712    348  1969   388    -1
 3713    388   389   348    -1
 3714   1982  1972   393    -1
 3715    393   415  1982    -1
 3716    396   402  1975    -1
 3717   1975  1973   396    -1
 3718   1976   400   404    -1
 3719    404  1978  1976    -1
 3720    405   392  1971    -1
 3721   1971  1977   405    -1
 3722   1979   410   398    -1
 3723    398  1974  1979    -1
 3724   1981   414   411    -1
 3725    411  1980  1981    -1
 3726   1987  2306  1883    -1
 3727   1883  1984  1987    -1
 3728    419   418  2307    -1
 3729   2307  1985   419    -1
 3730   1733  1991  1990    -1
 3731   1990  2314  1733    -1
 3732   1417  1416  1993    -1
 3733   1993  1992  1417    -1
 3734    434   431  1994    -1
 3735   1994  1996   434    -1
 3736    435  1997  1989    -1
 3737   1989  1224   435    -1
 3738   1762  2001  1998    -1
 3739   1998   439  1762    -1
 3740   1222  1219  2000    -1
 3741   2000  2002  1222    -1
 3742   1529  1221  2003    -1
 3743   2003  2004  1529    -1
 3744    437  1999  2005    -1
 3745   2005   450   437    -1
 3746   1405  2006   453    -1
 3747    453  1724  1405    -1
 3748   1409  1056    24    -1
 3749     24  2007  1409    -1
 3750   1354  2008   462    -1
 3751    462  1639  1354    -1
 3752    464  1637  1352    -1
 3753   1352  2011   464    -1
 3754   1635  1351  2013    -1
 3755   2013   471  1635    -1
 3756   2009  2016   474    -1
 3757    474   463  2009    -1
 3758    476   466  2012    -1
 3759   2012  2017   476    -1
 3760   2014  2020   483    -1
 3761    483   469  2014    -1
 3762   2015  2023   485    -1
 3763    485   475  2015    -1
 3764   2018  2024   491    -1
 3765    491   478  2018    -1
 3766   2027   495   481    -1
 3767    481  2019  2027    -1
 3768    484  2022  2028    -1
 3769   2028   496   484    -1
 3770    489  2025  2031    -1
 3771   2031   502   489    -1
 3772    506   493  2026    -1
 3773   2026  2032   506    -1
 3774    498  2029  2035    -1
 3775   2035   510   498    -1
 3776   2038   513   503    -1
 3777    503  2030  2038    -1
 3778   2033  2039   518    -1
 3779    518   507  2033    -1
 3780    511  2034  2041    -1
 3781   2041   523   511    -1
 3782   2044   525   512    -1
 3783    512  2037  2044    -1
 3784   2040  2046   530    -1
 3785    530   519  2040    -1
 3786   1375  2047   534    -1
 3787    534  1671  1375    -1
 3788    536  1669  1373    -1
 3789   1373  2050   536    -1
 3790   1667  1372  2052    -1
 3791   2052   543  1667    -1
 3792   2048  2055   546    -1
 3793    546   535  2048    -1
 3794    548   538  2051    -1
 3795   2051  2056   548    -1
 3796   2053  2059   555    -1
 3797    555   541  2053    -1
 3798   2054  2062   557    -1
 3799    557   547  2054    -1
 3800   2057  2063   563    -1
 3801    563   550  2057    -1
 3802   2066   567   553    -1
 3803    553  2058  2066    -1
 3804    556  2061  2067    -1
 3805   2067   568   556    -1
 3806    561  2064  2070    -1
 3807   2070   574   561    -1
 3808    578   565  2065    -1
 3809   2065  2071   578    -1
 3810    570  2068  2074    -1
 3811   2074   582   570    -1
 3812   2077   585   575    -1
 3813    575  2069  2077    -1
 3814   2072  2078   590    -1
 3815    590   579  2072    -1
 3816    583  2073  2080    -1
 3817   2080   595   583    -1
 3818   2083   597   584    -1
 3819    584  2076  2083    -1
 3820   2079  2085   602    -1
 3821    602   591  2079    -1
 3822   2087   607  1763    -1
 3823   1763  2095  2087    -1
 3824   2088     1     3    -1
 3825      3  2089  2088    -1
 3826   2090  2091   268    -1
 3827    268   269  2090    -1
 3828   1484  1308   612    -1
 3829    612  2092  1484    -1
 3830   2105  2093   623    -1
 3831    623   637  2105    -1
 3832    633  2102  2097    -1
 3833   2097   626   633    -1
 3834    630   621  2094    -1
 3835   2094  2098   630    -1
 3836   2103   635   631    -1
 3837    631  2099  2103    -1
 3838   2106   639   643    -1
 3839    643  2108  2106    -1
 3840    642   627  2096    -1
 3841   2096  2107   642    -1
 3842    867  2109  2127    -1
 3843   2127   869   867    -1
 3844   2137  1660  2323    -1
 3845   2323  2112  2137    -1
 3846   2114  2142   864    -1
 3847    864   863  2114    -1
 3848   2115  1336  1337    -1
 3849   1337   851  2115    -1
 3850   2118  2324  2325    -1
 3851   2325  2117  2118    -1
 3852   2187  1650  2326    -1
 3853   2326  2119  2187    -1
 3854   2120  2132   890    -1
 3855    890  2217  2120    -1
 3856   2151  1656  2327    -1
 3857   2327  2122  2151    -1
 3858    968  2124  2185    -1
 3859   2185   966   968    -1
 3860   2125  1329  1330    -1
 3861   1330   859  2125    -1
 3862   2126  2134   872    -1
 3863    872  2208  2126    -1
 3864    884  2129  2175    -1
 3865   2175   882   884    -1
 3866    984  2130  1332    -1
 3867   1332   982   984    -1
 3868   2131  2116   849    -1
 3869    849  2197  2131    -1
 3870   2133  1325  1326    -1
 3871   1326   889  2133    -1
 3872   2135  1338  1339    -1
 3873   1339   871  2135    -1
 3874   2136  1323   840    -1
 3875    840   960  2136    -1
 3876   2150  1781  1661    -1
 3877   1661  2138  2150    -1
 3878    942  2140  1333    -1
 3879   1333   940   942    -1
 3880   2141  1319  1320    -1
 3881   1320  2204  2141    -1
 3882   1335  1334  1663    -1
 3883   1663  2143  1335    -1
 3884   2145  2157   880    -1
 3885    880   879  2145    -1
 3886    972  2146  2162    -1
 3887   2162   970   972    -1
 3888   1322  1321  1653    -1
 3889   1653  2147  1322    -1
 3890   2177  1658  2328    -1
 3891   2328  2149  2177    -1
 3892   2180  1779  1657    -1
 3893   1657  2152  2180    -1
 3894   2144  1662  2329    -1
 3895   2329  2153  2144    -1
 3896   2155  2139  1783    -1
 3897   1783  2242  2155    -1
 3898   2156  2128  1774    -1
 3899   1774  2213  2156    -1
 3900   2111  2330  2331    -1
 3901   2331  2158  2111    -1
 3902   2148  1652  2332    -1
 3903   2332  2159  2148    -1
 3904   2219  2161  2171    -1
 3905   2171  1776  2219    -1
 3906   1328  1327  1649    -1
 3907   1649  2163  1328    -1
 3908   2154  1782  1665    -1
 3909   1665  2166  2154    -1
 3910    988  2167  1331    -1
 3911   1331   986   988    -1
 3912   2160  1778  1655    -1
 3913   1655  2169  2160    -1
 3914    893  2170  2183    -1
 3915   2183   895   893    -1
 3916   2164  1648  2333    -1
 3917   2333  2172  2164    -1
 3918   2215  2174  2190    -1
 3919   2190  1775  2215    -1
 3920   2123  1780  1659    -1
 3921   1659  2176  2123    -1
 3922   2165  1664  2334    -1
 3923   2334  2178  2165    -1
 3924   2206  2179  2110    -1
 3925   2110  1772  2206    -1
 3926   2168  1654  2335    -1
 3927   2335  2181  2168    -1
 3928   2182  2113  1771    -1
 3929   1771  2202  2182    -1
 3930   2210  2184  1317    -1
 3931   1317  1318  2210    -1
 3932   2186  1324   853    -1
 3933    853   963  2186    -1
 3934   2173  1777  1651    -1
 3935   1651  2188  2173    -1
 3936    885  2189  2121    -1
 3937   2121   887   885    -1
 3938   2191   836  1740    -1
 3939   1740  1822  2191    -1
 3940   2192   838  1741    -1
 3941   1741  1824  2192    -1
 3942   2193  2252  1742    -1
 3943   1742  1826  2193    -1
 3944   2194   843  1743    -1
 3945   1743  1829  2194    -1
 3946   2195   845  1744    -1
 3947   1744  1831  2195    -1
 3948   2196   847  1745    -1
 3949   1745  1833  2196    -1
 3950   2198   850  1746    -1
 3951   1746  1835  2198    -1
 3952   2199  2254  1747    -1
 3953   1747  1837  2199    -1
 3954   2200   856  1748    -1
 3955   1748  1840  2200    -1
 3956   2201   858  1749    -1
 3957   1749  1842  2201    -1
 3958    896  2203  1539    -1
 3959   1539  1360   896    -1
 3960    862  2205  1538    -1
 3961   1538  1350   862    -1
 3962   1353   865  2207    -1
 3963   2207  1537  1353    -1
 3964    870  2209  2010    -1
 3965   2010  1355   870    -1
 3966   1383   965  2211    -1
 3967   2211  2036  1383    -1
 3968    876  2212  2042    -1
 3969   2042  1358   876    -1
 3970    878  2214  2043    -1
 3971   2043  1264   878    -1
 3972   1266   881  2216    -1
 3973   2216  2045  1266    -1
 3974    888  2218  1268    -1
 3975   1268  1269   888    -1
 3976   1244   969  2220    -1
 3977   2220  1245  1244    -1
 3978   2222   898  1327    -1
 3979   1327   718  2222    -1
 3980   2224   902  1777    -1
 3981   1777  2333  2224    -1
 3982   2226  2258  2324    -1
 3983   2324  2326  2226    -1
 3984   2228   910  1778    -1
 3985   1778  2332  2228    -1
 3986   2230   914  1779    -1
 3987   1779  2335  2230    -1
 3988   2232   918  1780    -1
 3989   1780  2327  2232    -1
 3990   2234   922  1781    -1
 3991   1781  2328  2234    -1
 3992   2236  2260  2330    -1
 3993   2330  2323  2236    -1
 3994   2238   930  1782    -1
 3995   1782  2329  2238    -1
 3996   2240   934   752    -1
 3997    752  2334  2240    -1
 3998    958  2241  1542    -1
 3999   1542  1381   958    -1
 4000    938  2243  1541    -1
 4001   1541  1371   938    -1
 4002   1374   939  2244    -1
 4003   2244  1540  1374    -1
 4004    944  2245  2049    -1
 4005   2049  1376   944    -1
 4006   1385   981  2246    -1
 4007   2246  2075  1385    -1
 4008    948  2247  2081    -1
 4009   2081  1380   948    -1
 4010    950  2248  2082    -1
 4011   2082  1300   950    -1
 4012   1302   951  2249    -1
 4013   2249  2084  1302    -1
 4014    954  2250  1304    -1
 4015   1304  1305   954    -1
 4016   1280   985  2251    -1
 4017   2251  1281  1280    -1
 4018   2253   959    94    -1
 4019     94    95  2253    -1
 4020   2255   962   118    -1
 4021    118   119  2255    -1
 4022   1356  2256  2021    -1
 4023   2021  1640  1356    -1
 4024   1359  2257  1256    -1
 4025   1256  1257  1359    -1
 4026   2259   974   692    -1
 4027    692  2325  2259    -1
 4028   2261   978   780    -1
 4029    780  2331  2261    -1
 4030   2060  2262  1688    -1
 4031   1688  1689  2060    -1
 4032   1292  2263  1690    -1
 4033   1690  1286  1292    -1
 4034   1400  1077  2316    -1
 4035   2316  2264  1400    -1
 4036   2265  1388  1073    -1
 4037   1073  1721  2265    -1
 4038   2267  1387  1067    -1
 4039   1067  1068  2267    -1
 4040   2268  1399  1398    -1
 4041   1398  1732  2268    -1
 4042   2270  1397  1080    -1
 4043   1080  1081  2270    -1
 4044   1731  2299  2271    -1
 4045   2271  2269  1731    -1
 4046   2336  2318  2272    -1
 4047   2272  2282  2336    -1
 4048   1403  2273  2278    -1
 4049   2278  1719  1403    -1
 4050   1075  2274  1396    -1
 4051   1396  1057  1075    -1
 4052   1402  2294  2275    -1
 4053   2275  1401  1402    -1
 4054   2315  2276  1393    -1
 4055   1393  1070  2315    -1
 4056   2277  1391  1392    -1
 4057   1392  1718  2277    -1
 4058   1390  2295  2279    -1
 4059   2279  1389  1390    -1
 4060   1404  2280  2266    -1
 4061   2266  1722  1404    -1
 4062   1727  2281  1386    -1
 4063   1386  1064  1727    -1
 4064   2337  2283  1395    -1
 4065   1395  1394  2337    -1
 4066   2285  2315  1070    -1
 4067   1070  1071  2285    -1
 4068   1020  2284  2286    -1
 4069   2286  1018  1020    -1
 4070   2288  2316  1077    -1
 4071   1077  1078  2288    -1
 4072   1044  2287  2289    -1
 4073   2289  1042  1044    -1
 4074   2290  2317  1402    -1
 4075   1402  1051  2290    -1
 4076   2292  1534  1086    -1
 4077   1086  1085  2292    -1
 4078    459   458  2293    -1
 4079   2293  2317   459    -1
 4080   1004  1012  2296    -1
 4081   2296  1002  1004    -1
 4082   2297  2318  2336    -1
 4083   2336  2337  2297    -1
 4084   1231   454  2298    -1
 4085   2298  1410  1231    -1
 4086   2300  1232  1233    -1
 4087   1233  2291  2300    -1
 4088   2100  1763  1543    -1
 4089   1543  1790  2100    -1
 4090   2312  1412  1091    -1
 4091   1091  1791  2312    -1
 4092   2313  1411  1089    -1
 4093   1089  1793  2313    -1
 4094   1792  1795     7    -1
 4095      7     6  1792    -1
 4096   1207  1208  1093    -1
 4097   1093  1796  1207    -1
 4098   1797  1209  1210    -1
 4099   1210  1095  1797    -1
 4100   1799  2314  1419    -1
 4101   1419  1098  1799    -1
 4102   1097  1800  1995    -1
 4103   1995  1416  1097    -1
 4104   1801  1227  1228    -1
 4105   1228  1101  1801    -1
 4106   1100  1803   447    -1
 4107    447   446  1100    -1
 4108     84    82  1804    -1
 4109   1804  1805    84    -1
 4110     40    38  1806    -1
 4111   1806  1807    40    -1
 4112     44    42   166    -1
 4113    166  1808    44    -1
 4114     46  1809  1810    -1
 4115   1810    48    46    -1
 4116     52    50  1811    -1
 4117   1811  1812    52    -1
 4118     56    54  1813    -1
 4119   1813  1814    56    -1
 4120     60    58  1815    -1
 4121   1815  1816    60    -1
 4122     64    62   149    -1
 4123    149  1817    64    -1
 4124     68    66   137    -1
 4125    137  1818    68    -1
 4126     72    70   161    -1
 4127    161  1819    72    -1
 4128     76    74  1142    -1
 4129   1142  1820    76    -1
 4130     80    78  1140    -1
 4131   1140  1821    80    -1
 4132    130  1822  1823    -1
 4133   1823   132   130    -1
 4134     86  1824  1825    -1
 4135   1825    88    86    -1
 4136     90  1826  1827    -1
 4137   1827    92    90    -1
 4138     94  1682  1828    -1
 4139   1828    96    94    -1
 4140     98  1829  1830    -1
 4141   1830   100    98    -1
 4142    102  1831  1832    -1
 4143   1832   104   102    -1
 4144    106  1833  1834    -1
 4145   1834   108   106    -1
 4146    110  1835  1836    -1
 4147   1836   112   110    -1
 4148    114  1837  1838    -1
 4149   1838   116   114    -1
 4150    118  1684  1839    -1
 4151   1839   120   118    -1
 4152    122  1840  1841    -1
 4153   1841   124   122    -1
 4154    126  1842  1843    -1
 4155   1843   128   126    -1
 4156   2304  1445  1844    -1
 4157   1844  1845  2304    -1
 4158   1118  1117  1146    -1
 4159   1146  1846  1118    -1
 4160   1124  1123  1847    -1
 4161   1847  1848  1124    -1
 4162   2301  1437  1849    -1
 4163   1849  1850  2301    -1
 4164   2303  1443  1851    -1
 4165   1851  1852  2303    -1
 4166   1116  1115  1853    -1
 4167   1853  1854  1116    -1
 4168   1122  1121  1855    -1
 4169   1855  1856  1122    -1
 4170    162  1137  1857    -1
 4171   1857  1859   162    -1
 4172   2305  1447  1143    -1
 4173   1143  1860  2305    -1
 4174   1126  1125  1861    -1
 4175   1861  1862  1126    -1
 4176   1132  1131  1145    -1
 4177   1145  1863  1132    -1
 4178   1152  1865  1809    -1
 4179   1809    46  1152    -1
 4180   2302  1440  1147    -1
 4181   1147  1866  2302    -1
 4182    165  1439  1149    -1
 4183   1149  1868   165    -1
 4184   1158  1871  1864    -1
 4185   1864  1151  1158    -1
 4186   1867  1148  1154    -1
 4187   1154  1873  1867    -1
 4188   1875  1869  1150    -1
 4189   1150  1156  1875    -1
 4190    199  1876  1530    -1
 4191   1530   197   199    -1
 4192    195   194  1877    -1
 4193   1877  1897   195    -1
 4194   1879  1878   424    -1
 4195    424  1761  1879    -1
 4196   1880  1881   235    -1
 4197    235   234  1880    -1
 4198   1469  1162  1882    -1
 4199   1882   241  1469    -1
 4200    211   236  1884    -1
 4201   1884   209   211    -1
 4202    219  1886  2319    -1
 4203   2319   217   219    -1
 4204   1887  2308  2309    -1
 4205   2309  1888  1887    -1
 4206    227  1889  1172    -1
 4207   1172   225   227    -1
 4208   1890  2310  1473    -1
 4209   1473  1892  1890    -1
 4210    193  1894  2311    -1
 4211   2311   203   193    -1
 4212   1468  1895   242    -1
 4213    242   243  1468    -1
 4214   1896  2319  2309    -1
 4215   2309  1893  1896    -1
 4216   1471  1165  1170    -1
 4217   1170  1898  1471    -1
 4218    274  1752  1899    -1
 4219   1899  1900   274    -1
 4220    256   257  1481    -1
 4221   1481  1902   256    -1
 4222   2320  1477  1176    -1
 4223   1176  1903  2320    -1
 4224   1899  1752  1476    -1
 4225   1476  1904  1899    -1
 4226    246  1906  1905    -1
 4227   1905  2320   246    -1
 4228   1907  2104  2101    -1
 4229   2101  1908  1907    -1
 4230    259  1475  1180    -1
 4231   1180  1909   259    -1
 4232    248  1752  1483    -1
 4233   1483  1910   248    -1
 4234   1911   610   608    -1
 4235    608  1913  1911    -1
 4236   1185  1916  2086    -1
 4237   2086  1486  1185    -1
 4238   1913   608   604    -1
 4239    604  1917  1913    -1
 4240   1754  1920  1919    -1
 4241   1919   278  1754    -1
 4242    304   305  1921    -1
 4243   1921  2321   304    -1
 4244   2322   321   323    -1
 4245    323  1922  2322    -1
 4246   1923  1924   382    -1
 4247    382  1760  1923    -1
 4248    295  1925  1965    -1
 4249   1965   293   295    -1
 4250   1927  1926  1525    -1
 4251   1525   383  1927    -1
 4252   1502  1503  1929    -1
 4253   1929  1928  1502    -1
 4254   1931  1930  1967    -1
 4255   1967  1968  1931    -1
 4256    299   298  1932    -1
 4257   1932  1963   299    -1
 4258    330  1933   300    -1
 4259    300   301   330    -1
 4260   1190  1935  1936    -1
 4261   1936  2322  1190    -1
 4262    308  1939  1937    -1
 4263   1937   310   308    -1
 4264   1503  1195  1940    -1
 4265   1940  2321  1503    -1
 4266    339  1942  1958    -1
 4267   1958   337   339    -1
 4268    387   335   334    -1
 4269    334  1943   387    -1
 4270    345  1944  1961    -1
 4271   1961   344   345    -1
 4272   1945   366   343    -1
 4273    343   342  1945    -1
 4274   1946   372  1759    -1
 4275   1759  1947  1946    -1
 4276   1949   377   379    -1
 4277    379  1948  1949    -1
 4278   1951  1950   391    -1
 4279    391   385  1951    -1
 4280   1952  1953  1954    -1
 4281   1954   367  1952    -1
 4282    367  1954  1955    -1
 4283   1955   365   367    -1
 4284    353   341  1956    -1
 4285   1956   369   353    -1
 4286    373   357  1957    -1
 4287   1957   371   373    -1
 4288    337  1958  1959    -1
 4289   1959   375   337    -1
 4290    299  1962  1960    -1
 4291   1960   297   299    -1
 4292   1962   299  1963    -1
 4293   1963  1964  1962    -1
 4294   1527  1966   333    -1
 4295    333   335  1527    -1
 4296   1970  1969   348    -1
 4297    348   349  1970    -1
 4298    188  1874  1972    -1
 4299   1972  1982   188    -1
 4300   1973  1975  1153    -1
 4301   1153   182  1973    -1
 4302   1872  1976  1978    -1
 4303   1978   185  1872    -1
 4304   1977  1971  1155    -1
 4305   1155   184  1977    -1
 4306   1870  1979  1974    -1
 4307   1974   180  1870    -1
 4308    190  1981  1980    -1
 4309   1980  1157   190    -1
 4310   1883  1163  1528    -1
 4311   1528  1984  1883    -1
 4312   1985  2307  2306    -1
 4313   2306  1987  1985    -1
 4314   1223  1990  1991    -1
 4315   1991  1226  1223    -1
 4316    430  1225  1992    -1
 4317   1992  1993   430    -1
 4318   1993  1994   431    -1
 4319    431   430  1993    -1
 4320   1996  1997   435    -1
 4321    435   434  1996    -1
 4322   2001  1220  1986    -1
 4323   1986  1998  2001    -1
 4324   2000  1219  1220    -1
 4325   1220  2001  2000    -1
 4326   1221  1222  2002    -1
 4327   2002  2003  1221    -1
 4328   1999  1988  1983    -1
 4329   1983  2005  1999    -1
 4330   1405  1063    32    -1
 4331     32  2006  1405    -1
 4332     24    22  1725    -1
 4333   1725  2007    24    -1
 4334   2010  2008  1354    -1
 4335   1354  1355  2010    -1
 4336   2011  1352  1353    -1
 4337   1353  1234  2011    -1
 4338   1351  1350  1236    -1
 4339   1236  2013  1351    -1
 4340   1773  1641  2016    -1
 4341   2016  2009  1773    -1
 4342   2017  2012  1235    -1
 4343   1235  1240  2017    -1
 4344   1242  2020  2014    -1
 4345   2014  1237  1242    -1
 4346   1640  2021  2023    -1
 4347   2023  2015  1640    -1
 4348   1241  1247  2024    -1
 4349   2024  2018  1241    -1
 4350   1248  2027  2019    -1
 4351   2019  1243  1248    -1
 4352   2022  1686  1382    -1
 4353   1382  2028  2022    -1
 4354   1252  2031  2025    -1
 4355   2025  1246  1252    -1
 4356   2032  2026  1249    -1
 4357   1249  1254  2032    -1
 4358   2029  1383  2036    -1
 4359   2036  2035  2029    -1
 4360   1258  2038  2030    -1
 4361   2030  1253  1258    -1
 4362   1255  1261  2039    -1
 4363   2039  2033  1255    -1
 4364   1357  2041  2034    -1
 4365   2034  1643  1357    -1
 4366   1265  2044  2037    -1
 4367   2037  1259  1265    -1
 4368   1260  1267  2046    -1
 4369   2046  2040  1260    -1
 4370   2049  2047  1375    -1
 4371   1375  1376  2049    -1
 4372   2050  1373  1374    -1
 4373   1374  1270  2050    -1
 4374   1372  1371  1272    -1
 4375   1272  2052  1372    -1
 4376   1673  1378  2055    -1
 4377   2055  2048  1673    -1
 4378   2056  2051  1271    -1
 4379   1271  1276  2056    -1
 4380   1278  2059  2053    -1
 4381   2053  1273  1278    -1
 4382   1377  2060  2062    -1
 4383   2062  2054  1377    -1
 4384   1277  1283  2063    -1
 4385   2063  2057  1277    -1
 4386   1284  2066  2058    -1
 4387   2058  1279  1284    -1
 4388   2061  1689  1384    -1
 4389   1384  2067  2061    -1
 4390   1288  2070  2064    -1
 4391   2064  1282  1288    -1
 4392   2071  2065  1285    -1
 4393   1285  1290  2071    -1
 4394   2068  1385  2075    -1
 4395   2075  2074  2068    -1
 4396   1294  2077  2069    -1
 4397   2069  1289  1294    -1
 4398   1291  1297  2078    -1
 4399   2078  2072  1291    -1
 4400   1379  2080  2073    -1
 4401   2073  1675  1379    -1
 4402   1301  2083  2076    -1
 4403   2076  1295  1301    -1
 4404   1296  1303  2085    -1
 4405   2085  2079  1296    -1
 4406   2095     1  2088    -1
 4407   2088  2087  2095    -1
 4408   1214  1307  2089    -1
 4409   2089     3  1214    -1
 4410    269  1753  1544    -1
 4411   1544  2090   269    -1
 4412   2092   612   613    -1
 4413    613  1211  2092    -1
 4414   2105     1  2095    -1
 4415   2095  2093  2105    -1
 4416    619  2097  2102    -1
 4417   2102   617   619    -1
 4418   2098  2094  1763    -1
 4419   1763  2100  2098    -1
 4420   2104  2103  2099    -1
 4421   2099  2101  2104    -1
 4422      0  2106  2108    -1
 4423   2108  1087     0    -1
 4424   2096  1753  1482    -1
 4425   1482  2107  2096    -1
 4426   1772  2110  2109    -1
 4427   2109   867  1772    -1
 4428   2323  2330  2111    -1
 4429   2111  2112  2323    -1
 4430   2113  2114   863    -1
 4431    863  1771  2113    -1
 4432    849  2116  2115    -1
 4433   2115   851   849    -1
 4434   2325   692   693    -1
 4435    693  2117  2325    -1
 4436   2326  2324  2118    -1
 4437   2118  2119  2326    -1
 4438   2121  2120  2217    -1
 4439   2217   887  2121    -1
 4440   2327  1780  2123    -1
 4441   2123  2122  2327    -1
 4442    826   824  2124    -1
 4443   2124   968   826    -1
 4444    810   808  2125    -1
 4445   2125   859   810    -1
 4446   2127  2126  2208    -1
 4447   2208   869  2127    -1
 4448   1774  2128  2129    -1
 4449   2129   884  1774    -1
 4450    662   660  2130    -1
 4451   2130   984   662    -1
 4452    730   728  2131    -1
 4453   2131  2197   730    -1
 4454   2132  2133   889    -1
 4455    889   890  2132    -1
 4456   2134  2135   871    -1
 4457    871   872  2134    -1
 4458    734   732  2136    -1
 4459   2136   960   734    -1
 4460   1661  1660  2137    -1
 4461   2137  2138  1661    -1
 4462   1783  2139  2140    -1
 4463   2140   942  1783    -1
 4464   2142  2141  2204    -1
 4465   2204   864  2142    -1
 4466   1663  1662  2144    -1
 4467   2144  2143  1663    -1
 4468    696  2145   879    -1
 4469    879   698   696    -1
 4470    710   708  2146    -1
 4471   2146   972   710    -1
 4472   1653  1652  2148    -1
 4473   2148  2147  1653    -1
 4474   2328  1781  2150    -1
 4475   2150  2149  2328    -1
 4476   1657  1656  2151    -1
 4477   2151  2152  1657    -1
 4478   2329  1782  2154    -1
 4479   2154  2153  2329    -1
 4480    804  2155  2242    -1
 4481   2242   806   804    -1
 4482   2157  2156  2213    -1
 4483   2213   880  2157    -1
 4484   2331   780   781    -1
 4485    781  2158  2331    -1
 4486   2332  1778  2160    -1
 4487   2160  2159  2332    -1
 4488    970  2162  2161    -1
 4489   2161  2219   970    -1
 4490   1649  1648  2164    -1
 4491   2164  2163  1649    -1
 4492   1665  1664  2165    -1
 4493   2165  2166  1665    -1
 4494    762   760  2167    -1
 4495   2167   988   762    -1
 4496   1655  1654  2168    -1
 4497   2168  2169  1655    -1
 4498   1776  2171  2170    -1
 4499   2170   893  1776    -1
 4500   2333  1777  2173    -1
 4501   2173  2172  2333    -1
 4502    882  2175  2174    -1
 4503   2174  2215   882    -1
 4504   1659  1658  2177    -1
 4505   2177  2176  1659    -1
 4506   2334   752   753    -1
 4507    753  2178  2334    -1
 4508    683   682  2179    -1
 4509   2179  2206   683    -1
 4510   2335  1779  2180    -1
 4511   2180  2181  2335    -1
 4512   2183  2182  2202    -1
 4513   2202   895  2183    -1
 4514    966  2185  2184    -1
 4515   2184  2210   966    -1
 4516    678   676  2186    -1
 4517   2186   963   678    -1
 4518   1651  1650  2187    -1
 4519   2187  2188  1651    -1
 4520   1775  2190  2189    -1
 4521   2189   885  1775    -1
 4522    130  1349  2191    -1
 4523   2191  1822   130    -1
 4524     86  1340  2192    -1
 4525   2192  1824    86    -1
 4526     90  1341  2193    -1
 4527   2193  1826    90    -1
 4528     98  1342  2194    -1
 4529   2194  1829    98    -1
 4530    102  1343  2195    -1
 4531   2195  1831   102    -1
 4532    106  1344  2196    -1
 4533   2196  1833   106    -1
 4534    110  1345  2198    -1
 4535   2198  1835   110    -1
 4536    114  1346  2199    -1
 4537   2199  1837   114    -1
 4538    122  1347  2200    -1
 4539   2200  1840   122    -1
 4540    126  1348  2201    -1
 4541   2201  1842   126    -1
 4542    895  2202  2203    -1
 4543   2203   896   895    -1
 4544    864  2204  2205    -1
 4545   2205   862   864    -1
 4546   2206  2207   865    -1
 4547    865   683  2206    -1
 4548    869  2208  2209    -1
 4549   2209   870   869    -1
 4550   2210  2211   965    -1
 4551    965   966  2210    -1
 4552    659   699  2212    -1
 4553   2212   876   659    -1
 4554    880  2213  2214    -1
 4555   2214   878   880    -1
 4556   2215  2216   881    -1
 4557    881   882  2215    -1
 4558    887  2217  2218    -1
 4559   2218   888   887    -1
 4560   2219  2220   969    -1
 4561    969   970  2219    -1
 4562    716  1370  2222    -1
 4563   2222   718   716    -1
 4564   1648  1361  2224    -1
 4565   2224  2333  1648    -1
 4566   1650  1362  2226    -1
 4567   2226  2326  1650    -1
 4568   1652  1363  2228    -1
 4569   2228  2332  1652    -1
 4570   1654  1364  2230    -1
 4571   2230  2335  1654    -1
 4572   1656  1365  2232    -1
 4573   2232  2327  1656    -1
 4574   1658  1366  2234    -1
 4575   2234  2328  1658    -1
 4576   1660  1367  2236    -1
 4577   2236  2323  1660    -1
 4578   1662  1368  2238    -1
 4579   2238  2329  1662    -1
 4580   1664  1369  2240    -1
 4581   2240  2334  1664    -1
 4582    751   779  2241    -1
 4583   2241   958   751    -1
 4584    806  2242  2243    -1
 4585   2243   938   806    -1
 4586    773  2244   939    -1
 4587    939   940   773    -1
 4588    795   831  2245    -1
 4589   2245   944   795    -1
 4590    737  2246   981    -1
 4591    981   982   737    -1
 4592    767   787  2247    -1
 4593   2247   948   767    -1
 4594    814   747  2248    -1
 4595   2248   950   814    -1
 4596    801  2249   951    -1
 4597    951   675   801    -1
 4598    743   715  2250    -1
 4599   2250   954   743    -1
 4600    725  2251   985    -1
 4601    985   986   725    -1
 4602   1742  2252  2253    -1
 4603   2253    95  1742    -1
 4604   1747  2254  2255    -1
 4605   2255   119  1747    -1
 4606   1339   827  2256    -1
 4607   2256  1356  1339    -1
 4608   1326   711  2257    -1
 4609   2257  1359  1326    -1
 4610   2324  2258  2259    -1
 4611   2259  2325  2324    -1
 4612   2330  2260  2261    -1
 4613   2261  2331  2330    -1
 4614    946  2262  2060    -1
 4615   2060  1377   946    -1
 4616    956  2263  1292    -1
 4617   1292  1293   956    -1
 4618   2264  2316  1044    -1
 4619   1044  1043  2264    -1
 4620   2265  1721  1722    -1
 4621   1722  2266  2265    -1
 4622   2267  1068  1037    -1
 4623   1037  1038  2267    -1
 4624   1732  1731  2269    -1
 4625   2269  2268  1732    -1
 4626   2270  1081  1013    -1
 4627   1013  1014  2270    -1
 4628   2299  1046  1048    -1
 4629   1048  2271  2299    -1
 4630   1008  1007  2272    -1
 4631   2272  2318  1008    -1
 4632   1032  2273  1403    -1
 4633   1403  1030  1032    -1
 4634   2274  1075  1025    -1
 4635   1025  1026  2274    -1
 4636   2294  1022  1024    -1
 4637   1024  2275  2294    -1
 4638   2276  2315  1020    -1
 4639   1020  1019  2276    -1
 4640   2277  1718  1719    -1
 4641   1719  2278  2277    -1
 4642   2295   998  1000    -1
 4643   1000  2279  2295    -1
 4644    992  2280  1404    -1
 4645   1404   990   992    -1
 4646   1009  2281  1727    -1
 4647   1727  1011  1009    -1
 4648   2282  2283  2337    -1
 4649   2337  2336  2282    -1
 4650   1798  2285  1071    -1
 4651   1071    22  1798    -1
 4652     26  2286  2284    -1
 4653   2284  1099    26    -1
 4654   1802  2288  1078    -1
 4655   1078    30  1802    -1
 4656     37  2289  2287    -1
 4657   2287  1102    37    -1
 4658   1049  2291  2290    -1
 4659   2290  1051  1049    -1
 4660   1039  2292  1085    -1
 4661   1085  1398  1039    -1
 4662    458  1726  1406    -1
 4663   1406  2293   458    -1
 4664   1012  1011  1407    -1
 4665   1407  2296  1012    -1
 4666   1027  2297  2337    -1
 4667   2337  1394  1027    -1
 4668    454   452  1408    -1
 4669   1408  2298   454    -1
 4670   1015  2300  2291    -1
 4671   2291  1049  1015    -1
# Generated by /tmp/voxy-tetgen-review-20261007/tetgen -pYJC artifacts/character-bind-pose-2026-10-07/bind-pose.smesh 
