v -0.56913698286566 0.777103067626896 0.172129899111057
v -0.568314020250485 0.782533109411056 0.142737992998896
v -0.56459898282917 0.797919099378445 0.162829902404873
v -0.563102964794938 0.800627116055621 0.138693994779124
v -0.551877979608745 0.784600079319873 0.137240998777009
v -0.550517087391696 0.779521108557559 0.16086099858613
v -0.546801990365784 0.794907098525026 0.180953995777102
v -0.545354014261276 0.810837098017428 0.170224992529525
v -0.545308001592622 0.828703117170285 0.106908985076553
v -0.541532999292723 0.812808102987077 0.097751952222666
v -0.534284005819913 0.841066199014948 0.13177998942196
v -0.533873086750306 0.794958119282007 0.169227003578979
v -0.528401975839798 0.802294198424216 0.10521498507041
v -0.517529023434828 0.844682118632908 0.156257000390215
v -0.51324809674605 0.867459139452147 0.0684470242451665
v -0.511358984253732 0.806076117416727 0.130204000286025
v -0.508790023847213 0.846517218928216 0.0578105776592639
v -0.504109990779329 0.834335107556671 0.164232000193033
v -0.500047098489331 0.818605198687262 0.155587001353776
v -0.499703004832802 0.883086233450581 0.098695851571397
v -0.495306005153268 0.884620102572626 0.0537979873072334
v -0.492881005506526 0.832161197220331 0.06751606051345
v -0.4900831127461 0.862249217871922 0.0435512948311531
v -0.485129028400877 0.890571159116537 0.0512330313305468
v -0.482367124349432 0.900522154683254 0.0832956884767357
v -0.479251105494107 0.887015138733603 0.128843985384729
v -0.479162118543575 0.868549138400985 0.0422264687459572
v -0.476367040605932 0.895695145335919 0.0490230749379955
v -0.474216022018856 0.905334167846017 0.0771605781082269
v -0.473678985892214 0.846308127354124 0.0531687481987015
v -0.47207410165685 0.836294129891796 0.0982936497801354
v -0.469779021839245 0.873962148876895 0.0410879663336237
v -0.468527047346921 0.900345274502052 0.046173381789933
v -0.467191151602011 0.909480160414824 0.0718719813173124
v -0.463372006357634 0.852177223164573 0.0506750700927446
v -0.462988006516029 0.872864217407997 0.139179001839202
v -0.462105127485932 0.903719235921725 0.112784990313276
v -0.461495124274937 0.878720163730418 0.0389443506183611
v -0.461119067999074 0.904874282929844 0.0416892052186732
v -0.460529154359179 0.913514275048367 0.0669731990089439
v -0.458174988712447 0.852125132194808 0.129171991995612
v -0.455952034408758 0.907355250897765 0.103075992838795
v -0.454533131060207 0.85721013593854 0.0485368752263462
v -0.453870064908754 0.883055159078624 0.0346043653091132
v -0.453464168259243 0.917986181512231 0.0620074198949663
v -0.453077007454485 0.849701132013993 0.0832635567485082
v -0.450652032601371 0.910487189040588 0.0947129727767689
v -0.446581023977472 0.861627153773712 0.0457212809285221
v -0.445361019062595 0.887974247852555 0.123007994908024
v -0.445132059954064 0.913818266387301 0.0877645053573437
v -0.444814114130576 0.854367231000351 0.0771126578848623
v -0.441545063911312 0.917024283166926 0.0271952666725806
v -0.439868136823115 0.891152260734004 0.112047001687759
v -0.439797012597687 0.865798154125563 0.113365996865734
v -0.438932033436711 0.865651251308074 0.0411947256430934
v -0.438323073467143 0.918047284512973 0.0822994771962503
v -0.437733039053975 0.858366241062616 0.0718400960273777
v -0.435372083353193 0.929649211005746 0.0494067014951593
v -0.435145049594709 0.893885266098833 0.102623905883655
v -0.433607113737339 0.869299164855368 0.103561900409707
v -0.433543164695223 0.89455427652536 0.0194489866704987
v -0.430935145758023 0.862054174428326 0.0669388712440821
v -0.429969056596366 0.896848285900789 0.0949676635198286
v -0.42829805455893 0.872301167354588 0.0951510636777987
v -0.423521144168201 0.865787161627204 0.061902464348158
v -0.423115068005119 0.900718185525485 0.0893055822318271
v -0.422688051642267 0.875346264060134 0.0881651135808456
v -0.421531173061364 0.928604289841452 0.0715885760782076
v -0.41878704659943 0.875961256086577 0.026651788693495
v -0.415595077646306 0.878973274252163 0.0826363603747183
v -0.406529071285853 0.910061282095566 0.0792455713443323
v -0.404700064047656 0.874965272783008 0.0492877949853477
v -0.398280175109953 0.887641287963119 0.0719536000385188
v -0.39720819449319 0.944532172591161 -0.00568366639559108
v -0.395629088493548 0.955257208021988 0.021602917414517
v -0.387150085991492 0.920804271942077 -0.0151402968384526
v -0.386063198510846 0.950915200539191 0.0489017934029407
v -0.37334508131278 0.89923525342436 -0.00621301264745885
v -0.37215907398134 0.929441194335489 0.0583953275072515
v -0.36368007148315 0.894988257602922 0.0216521046420948
v -0.362003186736545 0.905808186420785 0.0495050613909597
v -0.355032197489005 0.981416190254647 -0.00678819829945873
v -0.352025207342486 0.972566251772418 -0.0391855883514306
v -0.349719094481024 0.973775190805767 0.0256600918787732
v -0.339901203797429 0.947539151067829 -0.0503686075359216
v -0.336885201204984 0.949329297411752 0.0369970267872538
v -0.334378093468441 0.994734172620269 -0.0211511860138854
v -0.330299101304916 0.985982270201504 0.0132841992508033
v -0.329915114182872 0.98629114725374 -0.0555482605630593
v -0.327022099767474 0.922959146500034 -0.0397104030791119
v -0.324804083835412 0.924434280712426 0.0264924173261595
v -0.323081114278011 1.00155017940832 -0.0266627072879318
v -0.321753194237862 0.915451184196384 -0.00658327051618031
v -0.318794098616343 0.9927792711977 0.00817054292034101
v -0.318698127716888 0.992857105118884 -0.061486611760193
v -0.317587099561345 0.960196285585922 0.0252926930792665
v -0.317001109954845 0.960491215662104 -0.0674411080697548
v -0.310552230338233 1.00819010800027 -0.0284999656546823
v -0.306194125367893 0.999415086511233 -0.0637152805228975
v -0.306194109660609 0.999415137411555 0.00671523524405549
v -0.305815187341016 0.966596263124952 0.020283463650309
v -0.305669115955523 0.966670106148738 -0.0735704918268523
v -0.304728201158474 0.934483195298507 0.0141175954820485
v -0.304234211010107 0.934618150345586 -0.0561503162232645
v -0.300210116053899 0.925953148042361 -0.0209969805672095
v -0.293119129748282 0.973084080279561 -0.075970300863712
v -0.293119116747435 0.97308412745154 0.0189702506341983
v -0.292800094951562 0.940431191128007 0.00893283210732832
v -0.29267622529231 0.940465105130353 -0.0621908971288716
v -0.288403218609734 0.931719224824745 -0.0266242616886988
v -0.280045236450314 0.946753195085398 -0.0644901980018166
v -0.280045224173002 0.94675222324893 0.00749015994457182
v -0.277542235048792 1.02467016829843 -0.0284999640826782
v -0.275687236698108 0.937975119084766 -0.0284999609705451
v -0.273703253235855 1.01561012685532 -0.0646308657460749
v -0.273703244521221 1.01561015862097 0.00763082283304825
v -0.262186144982182 0.988445071796063 -0.0772193072284454
v -0.262186139188443 0.988445099034197 0.0202192004797738
v -0.250670140928192 0.961275070958038 -0.0654479834202795
v -0.250670135761251 0.961275093009258 0.00844800578235095
v -0.24683113728519 0.952218095500677 -0.0284999603857397
v -0.204804142369557 1.06098008938874 -0.0284999668737399
v -0.202529138457871 1.05110013342451 -0.0666295914492045
v -0.202529136311819 1.05110015098478 0.0096296013438461
v -0.195704138363181 1.02146005768802 -0.079896219579652
v -0.19570414032859 1.02146007437642 0.0228961702574218
v -0.18887815041706 0.991825017553966 -0.0674647051624748
v -0.188878143501501 0.991825062171393 0.0104646029692033
v -0.186603148807797 0.981945011602063 -0.0284999599729243
v -0.168552203095398 1.33800037572342 0.122600062676085
v -0.167943207138188 1.33800037637291 0.112942065693298
v -0.167104197257626 1.31600041358783 0.122600061504629
v -0.167104197921568 1.36000033793486 0.122600064029997
v -0.166500193183191 1.31608028449489 0.112942064550844
v -0.166500193853876 1.35992034912149 0.112942067027906
v -0.166456206015463 1.33800037529943 0.128899970270439
v -0.166117203451049 1.33800037718906 0.100767060653575
v -0.165012193695116 1.3161302321166 0.128899969090814
v -0.165012194352833 1.35987028013611 0.128899971624601
v -0.164690103933614 1.31632025369563 0.100767059554381
v -0.16469010460793 1.35968026234771 0.10076706195317
v -0.16348619418592 1.33800037822846 0.0852333253877725
v -0.162809205363961 1.2943802524526 0.122600060441169
v -0.162809206692363 1.38162026086447 0.122600065454783
v -0.162221205129905 1.29453021845359 0.112942063515049
v -0.162221206471794 1.38147029617158 0.112942068434068
v -0.162082102058775 1.31666023974893 0.0852333243451991
v -0.162082102736722 1.35934027837815 0.0852333266410496
v -0.160733205654797 1.29465026114376 0.128899968020294
v -0.160733206970232 1.38135025131637 0.128899973048996
v -0.160462196479451 1.33800037953428 0.0655000093699162
v -0.160457205169307 1.29501027524793 0.100767058560767
v -0.160457206518457 1.38099024101676 0.100767063323274
v -0.160168199185292 1.33800037515826 0.131000081281884
v -0.159083197920205 1.31706030756331 0.0655000083865189
v -0.159083198571179 1.35894033238811 0.0655000105794773
v -0.158737195573479 1.3165302984787 0.131000080127069
v -0.158737196240014 1.35947033270001 0.131000082609974
v -0.157916198913121 1.29569024631424 0.085233323406353
v -0.157916200269014 1.38031027203753 0.0852333279633223
v -0.156435201282637 1.33800038133363 0.0382083414336958
v -0.1557161924003 1.27350026219199 0.122600059628593
v -0.155716194537362 1.40250025152685 0.12260006699714
v -0.155154196843595 1.40227029737289 0.112942069960305
v -0.155154194674891 1.27373021767146 0.112942062746701
v -0.154994199679402 1.29647023425728 0.0655000075056496
v -0.154994200982388 1.37953028670539 0.0655000118586613
v -0.154508200923779 1.29548031554974 0.131000079082071
v -0.154508202257368 1.38052031583458 0.131000084004426
v -0.153673198780817 1.27395027695104 0.128899967191417
v -0.153673200886757 1.402050355103 0.128899974585111
v -0.153467203900819 1.27443021569404 0.100767057853848
v -0.153467206090271 1.401570301006 0.100767064820454
v -0.151105190509701 1.37849030631574 0.0382083438055435
v -0.151036198001524 1.27544027741248 0.0852333227805079
v -0.151036200211723 1.40056036060329 0.0852333294202258
v -0.149502195863415 1.31832023520731 2.61723193464325e-08
v -0.149502196356703 1.35768029406877 2.81584937286754e-08
v -0.148242199764246 1.27660030469682 0.0655000069552508
v -0.148242201890934 1.39940033593051 0.0655000132747684
v -0.147546201110547 1.40070030932214 0.131000085505233
v -0.147546198989564 1.27530032243691 0.131000078278111
v -0.14597019454457 1.42228029775447 0.12260006856551
v -0.145970191597291 1.25372021651259 0.122600058947906
v -0.145660199373784 1.29897029650074 2.53920450690658e-08
v -0.145660200361397 1.37703035215654 2.9328827933853e-08
v -0.145443196681891 1.25403028068277 0.112942062108453
v -0.145443199678447 1.42197035413912 0.112942071512723
v -0.145161188421059 1.33800038624129 -0.0382082873934573
v -0.144522198337032 1.27814025262272 0.0382083392756888
v -0.14452220037969 1.39786027240433 0.0382083451673759
v -0.144023191275855 1.25442021320967 0.128899966498971
v -0.144023194173857 1.42158030016035 0.128899976140048
v -0.143914199441787 1.31905027552529 -0.0382082882948904
v -0.143914199804881 1.35695025859288 -0.0382082863295636
v -0.143862197852349 1.25494020635199 0.10076705727465
v -0.143862200883658 1.42106031093363 0.100767066343623
v -0.141583201749411 1.4197403070643 0.0852333309031055
v -0.141583198683349 1.2562602123473 0.0852333222788161
v -0.139922192487867 1.35642025567585 -0.0654999543724071
v -0.139314196686361 1.28029031437408 2.49285462451165e-08
v -0.13931419827619 1.39571033465123 3.0633021636018e-08
v -0.138964199704917 1.25777023821705 0.0655000065279168
v -0.138964202656865 1.41823028379898 0.0655000147181337
v -0.13818220437515 1.25651031018828 0.13100007762019
v -0.138182207284564 1.41949032207839 0.13100008700318
v -0.136325185795947 1.30147023937521 -0.0654999570645965
v -0.136325186422542 1.37453029833992 -0.0654999532632274
v -0.135477192855916 1.25978022852952 0.0382083389478351
v -0.135477195693748 1.4162202970937 0.0382083465564253
v -0.133716190816602 1.2354002470124 0.122600058609065
v -0.133716194952752 1.44060026813756 0.122600070186864
v -0.133513186941424 1.30223031925827 -0.0852332731915687
v -0.133513187468427 1.37377034013605 -0.0852332693981139
v -0.133233203216153 1.44023036222938 0.112942073121371
v -0.133233198979893 1.2357702735275 0.112942061844835
v -0.132801137897185 1.09693011835598 -0.0284999680264514
v -0.132710191916461 1.33800039161996 -0.122600009034648
v -0.132141134447643 1.08620008554763 -0.0686050706393359
v -0.132141137658395 1.08620009144412 0.0116051943666534
v -0.131973206379944 1.43954025837185 0.128899977733888
v -0.131973202343385 1.2364602558252 0.128899966129114
v -0.131785192979253 1.23688023249372 0.10076705710656
v -0.131785197286056 1.43912028577093 0.100767067924054
v -0.131570193366372 1.3206803492088 -0.122600009905101
v -0.131570193569705 1.35532031485467 -0.122600008027232
v -0.130916206436124 1.3380003751594 0.131000082590135
v -0.130595198978423 1.26260024658317 2.45969449145783e-08
v -0.130595201172024 1.413400283699 3.19646584331183e-08
v -0.130386194617875 1.39201031973676 -0.0654999520415827
v -0.130386193643229 1.28399033740498 -0.065499957605816
v -0.130160235558542 1.05402001239604 -0.0825341942276095
v -0.13016024408692 1.05402001783542 0.0255341495301628
v -0.130145195176222 1.33800039201889 -0.128899916470771
v -0.12969819961483 1.43752025918804 0.0852333324456694
v -0.129698195237482 1.23848026125276 0.0852333222342162
v -0.129017192068674 1.3209002908127 -0.128899917337545
v -0.129017192259558 1.3551002548364 -0.128899915472545
v -0.128188195905379 1.30365034311156 -0.122600010668214
v -0.128188196312562 1.3723503210176 -0.122600006949103
v -0.128180246797609 1.02183005021675 -0.0694460810556092
v -0.128180256780644 1.02183005583617 0.0124459846783027
v -0.127697189022995 1.28511031020812 -0.0852332737610158
v -0.127697189835286 1.39089034936336 -0.0852332681925407
v -0.127520249564457 1.01111003793899 -0.0284999576654447
v -0.127445012770834 0.011148734645051 0.122998001344012
v -0.127298202885756 1.43568026449972 0.0655000162193868
v -0.127298198684768 1.24032025853177 0.06550000658037
v -0.127273008841722 0.0237622681373069 0.123025096054203
v -0.127071009502686 0.0393051421187544 0.123064086477373
v -0.126744191326674 1.23964028360969 0.131000077261816
v -0.126744195274015 1.4363603493985 0.131000088506779
v -0.12571319019925 1.26542026452049 -0.0382082900292332
v -0.125713191749139 1.4105802702862 -0.0382082826567859
v -0.125671195820388 1.30411025308649 -0.128899918095036
v -0.125671196202673 1.37189029262362 -0.128899914404449
v -0.125579196979019 1.28598030084511 -0.10076700911618
v -0.125579197716098 1.39002036068423 -0.10076700360232
v -0.124931189386621 1.33800039214808 -0.131000026997329
v -0.124758012807273 0.00278709559289435 0.121719104270518
v -0.124104193435664 1.24277024762236 0.0382083381679217
v -0.1241041974526 1.43323027615918 0.038208348002552
v -0.123920190648951 1.28667028516961 -0.112942014251737
v -0.123815189167009 1.32125028952689 -0.131000027845066
v -0.123815189353743 1.35475025637937 -0.131000026020592
v -0.123718015068335 0.0111490761619661 0.0785389727245547
v -0.12356001095367 0.0251755492021978 0.0785872487055172
v -0.123343014346426 0.0449563028721408 0.0786578713690423
v -0.122603188390624 1.28722031760803 -0.122600011251493
v -0.122603189012032 1.38878034665421 -0.122600005779913
v -0.122226190864111 1.26743025464854 -0.0654999580076823
v -0.122226192188363 1.40857028355424 -0.0654999507914086
v -0.121826113108279 0.353902007446315 0.0541828455306983
v -0.12179600376446 0.369129984727483 0.0525942086970866
v -0.121739013703521 0.0111491312249415 0.0549640767450122
v -0.121671008337503 0.338589003939747 0.0523883940714214
v -0.121663012966061 0.0111483227224559 0.164175116901407
v -0.1215880132031 0.0259247155552521 0.0550231445740063
v -0.12150600332925 0.405429994239587 0.0445723775041618
v -0.121477016672345 0.0224457863766177 0.164182103355336
v -0.121363015549967 0.04795262751503 0.0551111723524638
v -0.121291012928136 0.0340415788082674 0.164191101408451
v -0.121084007674781 0.302207990954154 0.0441266411061018
v -0.121052992204762 0.640398981096879 2.95895452551178e-05
v -0.120964011909151 0.00278720594938311 0.0784539793133595
v -0.120883100856371 0.483956018361953 0.0270675030659227
v -0.120737089382321 0.622708027815104 0.000126228044563866
v -0.12051619118424 1.30484029113517 -0.131000028583631
v -0.120516191557188 1.37116025482936 -0.131000024976155
v -0.120377089206642 0.656889021132638 -7.8841613069262e-06
v -0.120270100195096 0.561288011875014 0.00981153818435117
v -0.12015218556049 1.28792031515818 -0.128899918680512
v -0.120152186141957 1.38808034988299 -0.128899913249626
v -0.120150097453635 0.606386014378574 0.000791966722551398
v -0.120010095320975 0.594006013422736 0.00253672919667464
v -0.119819913916255 0.223775886407666 0.0263138002086592
v -0.119704191057753 1.26889033161545 -0.0852332741901762
v -0.119704192156369 1.40711032817603 -0.0852332669568817
v -0.119632190383298 1.2462002624556 2.47451488092483e-08
v -0.119632193458178 1.42980026862391 3.33622104465885e-08
v -0.11961301540283 0.00278698297932494 0.161560008837567
v -0.119317019530461 0.0491211158838315 0.0319876524830853
v -0.119184197365477 1.21882025701279 0.122600058410724
v -0.119184202695685 1.45718025918695 0.122600071784174
v -0.118912010061056 0.0260727706526402 0.0307528969411913
v -0.118886014613423 0.00278726152053899 0.0549053095696889
v -0.11875419948881 1.45675027177643 0.112942074705642
v -0.118754194007141 1.21925024588034 0.112942061718124
v -0.118670007237559 0.0110339171262595 0.0299863313241637
v -0.118575012856242 0.146541967356234 0.00877275083305978
v -0.118110078622225 0.687623005751496 0.000726603958275238
v -0.118046015009314 0.113755967973082 0.001326523424473
v -0.118001018558415 0.0901980092673638 -0.00333992345991119
v -0.1179500154112 0.102585968002516 -0.00103942203298595
v -0.117741199120248 1.22026030509627 0.128899965902577
v -0.117741204298993 1.45574032929108 0.128899979299294
v -0.11772019027598 1.27003033136114 -0.100767009547333
v -0.117720191271374 1.40597033036711 -0.100767002382535
v -0.11746319964415 1.45546030844084 0.10076706948108
v -0.117463194079571 1.22054020823394 0.100767055962737
v -0.117411025852421 0.0734726413767803 -0.00642619128505186
v -0.117274018362622 0.0519945527237299 0.123144085913161
v -0.116384014379274 -1.88913023905092e-08 0.117921104056406
v -0.116258203289034 1.4121502461095 0.131000087512024
v -0.116258200385326 1.26385026684552 0.131000079124415
v -0.116164188243413 1.27093024329081 -0.112942014693428
v -0.116164189135066 1.4050703007205 -0.112942007534555
v -0.115750012443797 0.00275840754709723 0.0295860835936268
v -0.115602194765247 1.22240023241823 0.0852333211860971
v -0.115602200434689 1.45360028631083 0.0852333339654689
v -0.115388020544102 0.0492889470961103 -0.0111492483155972
v -0.115160194788167 1.24963027428136 -0.0382082900250387
v -0.115160197218816 1.42637026106973 -0.0382082818049187
v -0.115086089272143 1.38691031045915 -0.131000023849175
v -0.115086088707792 1.28909023562129 -0.131000029150982
v -0.114930192915965 1.27165026821883 -0.122600011697317
v -0.114930193751598 1.40435027699801 -0.122600004579211
v -0.113650081953228 0.748046984168826 0.00294583974484225
v -0.113464190486619 1.22454027925957 0.0655000055823832
v -0.11346419591965 1.45146036094922 0.0655000176979796
v -0.113411197605544 1.22459022595237 0.131000077051228
v -0.113411202594444 1.45141028871393 0.131000089966009
v -0.113240016581061 0.0741540493745445 0.0365046578263547
v -0.113195019657535 0.0618778857681332 0.0788018758900835
v -0.113090009396051 -1.21048066917858e-08 0.153726109512739
v -0.11309001431037 0.0256822920474094 -0.0158032899844587
v -0.112925016549419 0.0432307677059912 0.153564109808099
v -0.112606185244035 1.27265031563417 -0.128899919126216
v -0.112606186024686 1.40335034955677 -0.128899912069466
v -0.112448012869023 -2.65284865610579e-08 0.0782730815797116
v -0.111965191264574 1.25209027953252 -0.0654999580542121
v -0.111965193350803 1.42391037830509 -0.0654999500081118
v -0.111672920891841 0.0106879587399194 -0.0186820177299319
v -0.111542107846556 0.353832987328141 0.0916617231188094
v -0.111488114300418 0.338463985016091 0.0891946778441842
v -0.111387007862433 0.369351000461355 0.0915733227123232
v -0.111110005315225 0.302105979714184 0.0802908750511552
v -0.111032020581338 0.0671183210184679 0.0552905119364144
v -0.110781006298629 0.405845916839032 0.0882985248874927
v -0.110616190250776 1.22738020459973 0.0382083382485362
v -0.110616195761157 1.44862031976757 0.0382083490038631
v -0.110294912746367 0.223620975736451 0.0610687968392139
v -0.110179006722567 0.353970997790511 0.017815901796346
v -0.11010800849283 0.36890390284746 0.0147531235965898
v -0.110101012361908 -3.12026332525795e-08 0.0548178713943708
v -0.110065111117249 0.338723976016793 0.0166621996581673
v -0.109706107128049 0.405007008513645 0.00203635694339926
v -0.109655190385892 1.25386030064733 -0.0852332743340558
v -0.109655192128221 1.42214035944565 -0.0852332662156
v -0.109576108443968 0.30230499474811 0.00894870065221347
v -0.109493014933436 0.146316975854224 0.042135438489486
v -0.109483104786033 0.484144014092845 0.0812065298654302
v -0.109168017510753 0.0899307465601636 0.0309015242523613
v -0.109152009716544 0.113500966382491 0.0340982312582039
v -0.109100914400013 0.102322868356258 0.0320044410456803
v -0.108829995469624 0.483765012788775 -0.0257714128799471
v -0.108779018203566 0.00267191372200149 -0.0189905251307531
v -0.108521913285529 0.223855977450122 -0.00766710956767514
v -0.108205997823656 0.561178998953838 0.0742213996347363
v -0.108095075220671 0.823355008521836 0.00401056252063457
v -0.107966095316976 0.561398992181261 -0.0531903389322633
v -0.107837188584428 1.25525028231097 -0.100767009724163
v -0.107837190178925 1.42075037965942 -0.100767001689634
v -0.10778218756296 1.27444024380443 -0.131000029573618
v -0.107782188318194 1.40156030241692 -0.131000022714767
v -0.107662998074977 0.593881027214859 0.0712675026602677
v -0.107602094717047 0.594132013465808 -0.0647399868092124
v -0.107484012619558 0.146617961040807 -0.0240268565487379
v -0.107390096902222 0.606356038690198 0.0713933333926549
v -0.107375088284378 0.606418017298581 -0.0683634753618138
v -0.107312013535238 -3.60581398648657e-08 0.0294505462561941
v -0.10704401234113 0.113829964166828 -0.0309716852243047
v -0.107027023620787 0.0902739327880189 -0.0371368369989295
v -0.106968919326359 0.102659963649724 -0.0336315447512039
v -0.106921085572391 0.622708024571279 -0.0720037786828223
v -0.106921095398965 0.622709998546209 0.0736472793321468
v -0.106630188847853 1.23137026185582 2.40142603664954e-08
v -0.10663019307631 1.4446302667538 3.43251265825983e-08
v -0.106412190155623 1.25635022744579 -0.112942014916224
v -0.106412191601771 1.41965031674732 -0.112942006880886
v -0.106356028905078 0.0734388456941792 -0.0425370785519951
v -0.106240086249763 0.640398979434937 -0.0746840745615378
v -0.106240094993845 0.640399996367402 0.0760842638563534
v -0.105330085458659 0.656879938417588 0.0767588026381284
v -0.105330086529109 0.656889020647278 -0.0754273455255926
v -0.105282190048746 1.25721032331695 -0.122600011931104
v -0.105282191422794 1.41879034126337 -0.122600003955731
v -0.104090024958564 0.0489209357963258 -0.0508816659596778
v -0.103346085635997 0.687604008974891 -0.0736966731696811
v -0.103346085462241 0.687625983682483 0.0764632847863042
v -0.103185186683561 1.25861031800731 -0.128899919364159
v -0.103185187985509 1.41739034730844 -0.128899911491075
v -0.102644187443316 1.23536031892157 -0.038208290720903
v -0.102644190391462 1.44064033294936 -0.0382082803536023
v -0.102604194985166 1.20428029388415 0.122600057366087
v -0.102604202253738 1.4717203402052 0.122600073371105
v -0.10253906867558 0.898738028629175 0.00128127052822655
v -0.102234191028841 1.20477024501531 0.112942060771566
v -0.102234198572929 1.47123027129317 0.112942076281183
v -0.102114188676204 1.3380003921239 -0.131000026068408
v -0.102095078126563 1.02365996787538 -0.0284999763697045
v -0.102083245662977 1.0347400601868 0.013297795712248
v -0.102083170844298 1.03473999449943 -0.0702979105720054
v -0.102049019829633 -4.33238602856191e-08 -0.0159337016140285
v -0.102046081329085 1.06797994599574 -0.0836660033636525
v -0.102046086858668 1.06797995504489 0.0266659415004496
v -0.102010129685649 1.10123010395045 -0.0694511037160314
v -0.102010132750058 1.10123010619966 0.0124510381198035
v -0.101998232639382 1.11231001315589 -0.028499973423526
v -0.101543195581833 1.20603028623517 0.128899964830188
v -0.101543202574831 1.46997034684553 0.128899980853003
v -0.101514024709198 0.025081522173847 -0.0591181302638788
v -0.101122191139056 1.2062201888938 0.100767056239011
v -0.101122198925554 1.46978032903816 0.100767071034482
v -0.0999093257444548 0.0102808491945476 -0.0641939360224005
v -0.0997971708429952 1.23820024457277 -0.065499958622059
v -0.0997971733408087 1.43780029163608 -0.0654999485960952
v -0.0995207406901495 1.46770036569606 0.0852333354878542
v -0.0995206656054394 1.20830027353653 0.0852333216745383
v -0.0994440733888489 0.747973971424127 -0.068954406152642
v -0.0994440762530816 0.748110996912614 0.0759896629976061
v -0.0988604313310004 1.41472029690136 -0.131000022211732
v -0.0988603704695346 1.26128024941473 -0.131000029801466
v -0.0983618419755992 1.4647402758349 0.131000091417769
v -0.0983617832581652 1.21126023743055 0.131000075990955
v -0.0979368810753421 0.962020991384215 -0.00533269412741421
v -0.0978611984275072 0.00257010010300246 -0.0642937791864972
v -0.0976794775109378 1.21070019646294 0.0655000062379748
v -0.0976794856427737 1.46530032570319 0.0655000188132552
v -0.0961178962865417 1.43412030189941 -0.100767000330181
v -0.0961178348420521 1.24188024122123 -0.100767009741969
v -0.0960836119360572 1.02012003481691 -0.0253555248166105
v -0.0958319022778127 1.0322400554702 -0.0712763193944915
v -0.0958295101465285 1.03215994075679 0.0202038712228561
v -0.0953913213937871 1.38273035456594 -0.131000023285343
v -0.0952413238885712 1.00102997197167 -0.0159224153488066
v -0.0952284222473635 1.46210027221778 0.0382083505306425
v -0.0952283547570441 1.21390025295119 0.038208339193811
v -0.0951166843061274 0.0111482657913225 0.177900119355021
v -0.0950770092235042 1.06861998129248 -0.0860685543892282
v -0.0950672472640062 1.06825997809839 0.033913154345444
v -0.0948734972216434 0.00278698556599664 0.174839123647094
v -0.0948477803788366 1.43285036569417 -0.112942005538967
v -0.0947449974214046 0.0322077212148088 0.177900114622027
v -0.0946731150993918 1.01605000552662 -0.0736373037509879
v -0.0946632852535121 1.01573992623154 0.0403481818378212
v -0.0945828934080229 0.823235990958555 -0.0660231730513574
v -0.0945828813462273 0.82347201166598 0.0749222696612453
v -0.0943196636441332 1.1049200964997 -0.0708654166067284
v -0.0943073873452652 1.10445005528781 0.017626861128125
v -0.0940605633701646 1.11677009716712 -0.0267996309063439
v -0.0939536882251051 -5.0799171887494e-08 -0.0576024349735544
v -0.0938401693296552 1.24416023999175 -0.122600012005215
v -0.0938401708873247 1.43184030566562 -0.122600002628672
v -0.0937503664987388 -9.78093089619852e-09 0.165656117296092
v -0.0930494757084144 0.0431232429865695 0.164248111933511
v -0.0929686181187643 1.06120993056398 -0.0925184176148729
v -0.0929294609747327 1.05977001752692 0.0548969321112241
v -0.0920570887444582 1.24594027399701 -0.128899919446307
v -0.0920570902129106 1.43006027237137 -0.128899910201819
v -0.0917968023635716 1.4576302824474 3.57972619009256e-08
v -0.0917967369651854 1.218370246452 2.47966874368844e-08
v -0.0912543652554904 1.10601002521804 -0.0745455883035193
v -0.0912053705804857 1.10416002349558 0.0325917419431391
v -0.0906567692244523 1.11995000658437 -0.0216989717739896
v -0.089721819801194 0.898629967049208 -0.0697253843508773
v -0.089721819119803 0.898846975502859 0.0728451194623839
v -0.0892636913769267 0.977795028339758 -0.0839909860689445
v -0.0892542740991349 0.977535012520611 0.0732929338179369
v -0.0884604848455496 1.24954027655546 -0.131000029879402
v -0.08846048625072 1.42646026999252 -0.131000021013231
v -0.0883651787743406 1.22284023966282 -0.0382082904262197
v -0.0883651824797797 1.45316029267701 -0.0382082789361187
v -0.0883131198879143 0.0560474831330317 0.123292084399158
v -0.0871624267154112 1.39073035637492 0.131000087531018
v -0.0869551977679559 1.12326009252033 -0.0148344229257399
v -0.0859141190843695 1.44997037198453 -0.0654999472180893
v -0.0859140563978065 1.22603028323186 -0.0654999583247076
v -0.0852995986259498 1.26885028005073 -0.13100002887482
v -0.0852995997842169 1.40715026612178 -0.131000022098644
v -0.0842761316909795 1.48397029082815 0.122600074881703
v -0.0842760703066076 1.19203022538084 0.122600057517437
v -0.084141841164628 1.4476603348669 -0.0852332634833004
v -0.0841417791000298 1.22834020377414 -0.085233274637104
v -0.0841038109577594 1.36678026567177 -0.131000023738199
v -0.083971780345287 1.19256023093544 0.112942061031847
v -0.0839717899774897 1.48344028679087 0.112942077781562
v -0.0835804265281597 1.48202038342406 0.128899982338176
v -0.0835803580951023 1.19398025087922 0.128899964924621
v -0.0832461891193519 0.0673268241451966 0.0790704467549474
v -0.0830588850534555 1.48186028733964 0.100767072163395
v -0.0830588747296091 1.1941402322408 0.100767056642587
v -0.0828852849255296 0.00249547189047148 -0.0797921807054829
v -0.0827467267194335 1.4458403670327 -0.100766999003066
v -0.08274666492392 1.2301602928919 -0.100767010016531
v -0.0826667137029954 -5.39103455054807e-08 -0.0718227379144743
v -0.0825414257504052 0.00998223300505106 -0.0797018816026942
v -0.0817781741849767 -3.09707102972282e-08 0.0549020944713924
v -0.0817434098642615 1.47958029070669 0.0852333366109987
v -0.0817433395916019 1.19642023098859 0.0852333222868474
v -0.0816532193741979 1.44441033269927 -0.112942004229716
v -0.0816531578643515 1.23159021218338 -0.112942014784442
v -0.0815780363210859 0.0245983599446592 -0.0736639858311944
v -0.0815488943737073 1.05255998409041 -0.0994057281253234
v -0.0814931315313719 1.47618031827479 0.1310000928225
v -0.0814930637701063 1.19982019600592 0.131000076062507
v -0.0814900078066663 1.05011001465437 0.0763043618882079
v -0.0814545836488051 1.11360007936478 -0.084401218358116
v -0.0813645862184527 1.10974009470463 0.0561588843630303
v -0.0811711005133744 -3.57741252169025e-08 0.0296034370280781
v -0.080785798223373 1.23272031712516 -0.122600011844184
v -0.0807858000071978 1.44328034808622 -0.122600001333148
v -0.0805596303625068 0.0733073702531995 0.0556233400786771
v -0.0802311274050303 1.47696030933491 0.0655000203147832
v -0.0802310573285754 1.1990402140864 0.0655000070111993
v -0.0799378349918482 0.0484821236259684 -0.0637908370866445
v -0.0794060440654445 0.0790555202016046 0.0458417901246623
v -0.0793927199741297 1.44118035695423 -0.128899908943617
v -0.0793926587065183 1.23482030892578 -0.128899919321764
v -0.0789878404062006 0.338461005458724 0.10428802972937
v -0.0789602439387567 0.302107977241972 0.0947901324998895
v -0.0789378982752681 0.0896377236611446 0.0426174771113363
v -0.0789019514645125 0.223518977745393 0.0742565024125446
v -0.0788587431243097 0.35381901016681 0.107105035730674
v -0.0788459248876382 0.102033972610287 0.0433498335607971
v -0.0788447316682857 0.146092966973899 0.0540260312450999
v -0.0788205326039134 0.113224870537283 0.0454382631513923
v -0.0784468665796974 0.36941900977172 0.107599032733236
v -0.0784225053963352 0.0731188185897095 -0.0538273907871192
v -0.0782178005208506 1.47348035234614 0.0382083519953003
v -0.0782177902462824 1.20252029306806 0.03820834025401
v -0.0781245901137385 1.12810001032414 -0.00784297530878322
v -0.0778337933732965 0.0899930144515111 -0.047518539558412
v -0.0777341894939585 0.102381959039479 -0.0436209853743531
v -0.077685721804818 0.113561861724628 -0.0408908535323522
v -0.0776147908620762 0.146392967853706 -0.034228366226206
v -0.0774477237609384 0.22373296907589 -0.0185333842378236
v -0.0772781383181224 0.302285982932884 -0.00259212641557206
v -0.0771995181748453 0.33875798339146 0.00480928135839562
v -0.0771599490608415 0.405976004326003 0.10604403768245
v -0.0770726255978096 0.353989985693494 0.00570818210206454
v -0.0767577253798493 0.368824005746158 0.00214167937636824
v -0.0767223051365233 1.43686033023112 -0.131000019841138
v -0.0767222439560542 1.2391402165808 -0.13100002978072
v -0.0757507625349211 0.404859012230332 -0.0121391745113664
v -0.075399206957993 1.46860028248565 3.72091387365482e-08
v -0.0753991474370656 1.20741026043614 2.57263626530065e-08
v -0.0744057868042332 0.484203022437907 0.102718036146411
v -0.0741483426961557 1.2217402893914 0.131000079018626
v -0.0735473519737287 0.483697003658453 -0.0433829818022526
v -0.072580620845716 1.4637103182509 -0.0382082775776501
v -0.072580556775113 1.21229021382941 -0.0382082899591176
v -0.0716968719197883 0.561144010056848 0.0994463204963749
v -0.0716772162984435 -1.20946761415992e-08 0.153778116389361
v -0.0713745782726529 0.561437017697372 -0.0741914999357159
v -0.0708174270546189 0.0430306078356925 0.153686107411118
v -0.0707811384038185 -5.09033057212372e-08 -0.0581365514316274
v -0.0706908686529434 1.33800037516036 0.131000085247669
v -0.0705672902939572 1.21577029380185 -0.0654999578543618
v -0.0705672939615362 1.46023036126212 -0.065499945897133
v -0.0705457931356916 0.593841031675139 0.0980559807902962
v -0.0704595917272057 0.594175998702346 -0.0871662949470928
v -0.069111628464261 1.45770038293338 -0.0852332621901203
v -0.0691115659871905 1.21830027485307 -0.0852332742472732
v -0.0690916695238509 0.606347037727316 0.0987830964278689
v -0.0690700857405111 0.606428980753978 -0.0914154535909156
v -0.0690689561094519 1.25245027945553 0.131000080843577
v -0.068375469497649 1.1293299982694 -0.0647894923238632
v -0.0683426836562078 1.12667010514474 0.0486820808261907
v -0.0679657284894531 1.45572031697098 -0.100766997730924
v -0.0679656663583838 1.22028022371118 -0.100767009664975
v -0.0671634280717786 0.00249368703748827 -0.064932136355763
v -0.0671100777915009 0.00278698299531891 0.161642116552579
v -0.0670676126203717 1.45416034446946 -0.112942002974348
v -0.0670675433842045 1.22184031707766 -0.112942014951034
v -0.0665173522959929 1.13313006597565 -0.00244457862700882
v -0.0663550888129644 1.22307032233505 -0.122600011511811
v -0.0663550908239817 1.45293034322979 -0.122600000090889
v -0.0661723488117583 1.2616502751661 -0.131000028351564
v -0.0654739032592271 0.622716017130384 0.101864028248343
v -0.0654738899496746 0.622708020402988 -0.0960471006490545
v -0.0654624863153185 0.0111483832761662 0.164266120773635
v -0.0653475988310654 1.22539025530129 -0.128899919032697
v -0.0653476006885462 1.45061029167736 -0.128899907732157
v -0.0652755065449636 0.022399535040332 0.164273107236628
v -0.0650904269164377 0.03385638719824 0.164283103024848
v -0.0644998473687377 1.49372030284116 0.122600075979729
v -0.0644997764421695 1.18228021446319 0.122600057624439
v -0.0644645896483359 0.00997526349940532 -0.0647129794517108
v -0.0642669194453716 1.49315036365349 0.112942078884049
v -0.064266848068592 1.1828502742762 0.11294206116873
v -0.0640500110320894 1.49167037857674 0.128899983773028
v -0.0640499409135819 1.18433025664586 0.12889996504776
v -0.0635682728688604 1.18453029219354 0.100767056899965
v -0.0635682258165475 1.49147034735815 0.100767073624301
v -0.0635645780558778 1.23022025963364 -0.131000029528568
v -0.0635645798023558 1.44578028744685 -0.131000018700782
v -0.0627005097820242 1.48555029071501 0.131000094205723
v -0.0627004404049561 1.19045022448173 0.131000076244268
v -0.0625614505332259 1.48904038538993 0.0852333380489088
v -0.062561377593345 1.18696025628092 0.0852333227828083
v -0.0618027944643152 0.64040100728548 0.105011926056822
v -0.061802782344924 0.640398974897668 -0.0995885710934027
v -0.0614039274691173 1.48624027872276 0.0655000217257726
v -0.0614039133663674 1.18976024409457 0.0655000081582836
v -0.0611371084525436 0.0245417424193748 -0.0592063994909864
v -0.0608894988642124 -4.32218773360223e-08 -0.0160854510811682
v -0.0601887014975951 0.656854983664901 0.105940019964341
v -0.0601886907175487 0.656889015292983 -0.100566997024003
v -0.0601834171079716 -1.87922979295514e-08 0.118163101056123
v -0.0598631462087168 1.48252035335568 0.0382083533704284
v -0.0598631307590476 1.19348029149149 0.038208343036733
v -0.0594599977858668 0.0516630350160692 0.123418090366304
v -0.0590549553554368 0.687585991006507 0.105211009290567
v -0.0590549468854961 0.687597975452799 -0.0985043605741303
v -0.0582054154845763 1.13238013958274 0.0453803479664479
v -0.0581999204233924 1.13367006282984 -0.0507558274224241
v -0.0577059257842869 1.47731031207385 3.85344486471431e-08
v -0.0577059153820074 1.19869021543065 2.8172479861131e-08
v -0.0573509890807708 1.46030032440955 0.131000092915849
v -0.0568252525872734 0.747948993150596 -0.0929211935224779
v -0.0568252577263093 0.748103961104778 0.103386913795859
v -0.055633445725318 0.0482900281404433 -0.0501402416687136
v -0.055548707450233 1.20389024432523 -0.0382082888133158
v -0.0555487128104376 1.47211028437562 -0.0382082763008969
v -0.0552824835845107 -2.66320907385095e-08 0.0787334691263721
v -0.0544854665618266 1.13703015714589 -0.000359594875905764
v -0.0544666748608165 -3.56823215635632e-08 0.029905924875589
v -0.0540473730357427 0.823195990356216 -0.0893676799898252
v -0.0540473759959666 0.823503965445899 0.100901018930826
v -0.0540081397134281 0.00261081881851611 -0.0191604536488822
v -0.0540078123407476 1.46839035900854 -0.0654999446562359
v -0.0540078075137791 1.20761029529253 -0.0654999567833824
v -0.0534207960734367 0.0615184766134208 0.0792983171764819
v -0.0529872242705191 -3.09211935499163e-08 0.0554133856291592
v -0.0528943058396828 0.00278709540865031 0.12205310101281
v -0.0528937410626802 1.4657002825516 -0.0852332609742994
v -0.0528936779722302 1.21030025588237 -0.0852332734766435
v -0.0527349108870614 1.42516027538923 0.13100009102157
v -0.0520167779696675 1.21242027576875 -0.100767008979755
v -0.0520167809703891 1.46358038404685 -0.100766996535719
v -0.0513294767626224 1.21408026661523 -0.112942014386711
v -0.0513294792792977 1.46192027570937 -0.112942001794704
v -0.0512696146773741 0.898593022454855 -0.0933942644798268
v -0.0512696173352158 0.898882977437828 0.0981850874249438
v -0.0507842192920183 1.46060039063599 -0.122599998924251
v -0.050784157379045 1.21540027219967 -0.122600011463354
v -0.0506584277699967 0.0727930221191304 -0.0410237772963831
v -0.0505740824984732 0.0104434587385347 -0.0187346471645542
v -0.0503586053291271 0.0111487346670125 0.123364103162006
v -0.0502181207654807 0.0667442415979744 0.0559046720813156
v -0.0501857446400477 0.0236958685173066 0.1233911008145
v -0.050077538897603 1.45815028170615 -0.128899906586909
v -0.0500774771924009 1.21785026275857 -0.128899918992675
v -0.0499851868804027 0.0390398900375044 0.123430091407931
v -0.0489165336164508 0.0896232366752913 -0.0353662151459998
v -0.0489063055991253 1.22291022469187 -0.131000029077107
v -0.0489063075359678 1.45309032268093 -0.131000017596847
v -0.0487775982369134 0.102016964111442 -0.0318676622397708
v -0.0487246664873392 0.974057055606604 -0.0997341664337858
v -0.0487148283083874 0.973575000509502 0.0934292314329355
v -0.0486114149096049 0.113209964797957 -0.0292278313545146
v -0.04843188678058 0.0894335236091743 0.0317993447938261
v -0.0483124951510254 0.101832969258573 0.0329523354233266
v -0.0482048409746891 0.113033970430455 0.0351958529294268
v -0.0480528545488469 0.14609296386466 -0.0223661435439003
v -0.0480452336957736 0.0252198717933582 -0.0155112315316524
v -0.0478891221652985 0.145943864846276 0.0438531315963948
v -0.0476799397795974 1.13722015564016 -0.0398131829596326
v -0.0476698101204207 1.1367100865554 0.0387848666731249
v -0.0471450730098756 0.22347087611283 0.0642466776634819
v -0.0468983158283715 0.00278720605875033 0.0790654731716101
v -0.0467373210243137 0.223555885937899 -0.00620214254331642
v -0.0466454250730485 1.04950000441604 -0.10312101596535
v -0.0466062106915066 1.0469099750559 0.084822651938069
v -0.0463899409271239 0.302153991993456 0.0849438034853756
v -0.0460408397881541 0.338532978005718 0.0945112444326934
v -0.0457286295473066 0.353846994382288 0.097199705450257
v -0.0455187032419401 0.00274308909490202 0.0301603736522554
v -0.0454011568614765 0.302222983907014 0.0102125035819139
v -0.0453019909500358 0.0736592779075718 0.0373622508246979
v -0.0452477051682474 1.14156013972319 -2.77734825344397e-05
v -0.0450844773903568 0.369338006869119 0.0972600860558542
v -0.0447812666281224 0.338717992441841 0.0178261063179882
v -0.0444126135898534 0.353967012603244 0.0189498302891378
v -0.0442548719634535 1.18868020821556 1.91167541589091e-05
v -0.0440178659553634 0.0111490762315515 0.0792011900109368
v -0.0438795249163597 0.0486617868655245 -0.0101935477067843
v -0.0438599066574317 0.0251035989044206 0.079249584838784
v -0.0438300925039 0.368891988351998 0.0158945007000143
v -0.0438296499512052 1.10725004646655 -0.0999915454864349
v -0.0437942849117822 0.00278726183274851 0.0556684324613703
v -0.0437740447480745 1.10296009635303 0.0757040740385248
v -0.043643125888287 0.0446688330608644 0.079319961975121
v -0.0436245685084071 1.5008102776548 0.122600077341473
v -0.0436245070321858 1.17519024049847 0.122600057950522
v -0.0434671000653267 1.50022031129994 0.112942080241227
v -0.0434670268883095 1.17578020820153 0.11294206152592
v -0.043347530120159 1.49873031289161 0.128899984760082
v -0.0433474579920112 1.17727020428768 0.128899965389877
v -0.0431869660821589 0.405826009009716 0.0942443375012666
v -0.0429945501840707 1.49846030554516 0.100767074966525
v -0.0429944720596614 1.17754021559008 0.100767057364251
v -0.0425164101498144 1.49251032737764 0.131000095493094
v -0.042516339152794 1.18349018875341 0.131000076638085
v -0.0423135664385108 1.49592031336671 0.0852333393699195
v -0.042313490812046 1.1800802099262 0.0852333234751924
v -0.0421952768034594 0.0109727567704945 0.0306313675938458
v -0.0421476901336909 0.404989012501748 0.00323113796066799
v -0.0420221949529545 1.14849015487032 0.000110772111221925
v -0.0415530588239717 1.15889022621355 0.000123125006812321
v -0.041530777776105 1.49299038774079 0.0655000230221771
v -0.0415306998930407 1.18301025508687 0.0655000096347037
v -0.0414508092516829 0.0259002099591617 0.0314841800731532
v -0.0411332099314547 1.4059903593553 -0.131000020241566
v -0.0407482059620736 1.18377021636234 0.0399821840281113
v -0.0406532963922489 0.0111491921367005 0.0557833457426044
v -0.0405838805848633 1.17385018289611 7.6358065775803e-05
v -0.0405020880287703 0.0258499045160082 0.0558424602485135
v -0.0404885968198313 1.48910035066191 0.0382083546342593
v -0.0402778491688602 0.0476532889330156 0.0559303710744064
v -0.04023989000208 0.0487366655203261 0.0328847597633801
v -0.0401103136852582 0.0727419478893326 -0.00485310257671119
v -0.0396003450230712 1.14162008537099 -0.0327208701149575
v -0.0395831808428302 1.14142019215433 0.0325802017266428
v -0.0391142928317511 0.48413501274777 0.0877042149165904
v -0.0390754099910407 1.12961001327421 -0.0867842157761126
v -0.0390491817711992 1.12579013315637 0.0694122842736227
v -0.0390295255996556 1.48366035458538 3.97531913381842e-08
v -0.0387703303809576 0.0894327376168181 -0.00156096053702063
v -0.038630013420075 0.101830963228105 0.000768317933258948
v -0.038479197434978 0.483756012544919 -0.0244691091548288
v -0.0384597253090059 0.113031965174416 0.00322076159489108
v -0.0378935755019205 1.1945602052828 -0.0399580943610494
v -0.0378847220149849 0.145943864515072 0.0110249142764608
v -0.0375705214347052 1.47821034492524 -0.0382082751285141
v -0.0369037248588264 1.23018030951716 0.131000081286677
v -0.0369037311325572 1.44583033849961 0.131000092912922
v -0.0367929102393096 1.14823015907329 0.0304514273828463
v -0.0367460561182057 1.14851017051642 -0.0302381509109178
v -0.0365418456450125 1.15783022291131 0.0306819256528628
v -0.0365298432441183 0.223475882699837 0.0294091951755542
v -0.0365283330278509 1.47433032142996 -0.065499943515797
v -0.0365282644655455 1.20167021109622 -0.0654999554490661
v -0.0361758790516085 1.15942022451675 -0.0304410904947488
v -0.0360729978436132 1.17090023375036 0.0315553242171263
v -0.035774806145751 1.20449023148979 -0.0852332725285598
v -0.0357748102460298 1.47151030680493 -0.0852332598578542
v -0.035181687721912 1.20670025448458 -0.100767008119155
v -0.0351816911974494 1.46930028604782 -0.100766995437392
v -0.0351544120440685 0.302185999715743 0.0480712300335015
v -0.0351073709518893 0.561182036443081 0.0812617182265678
v -0.0349488010883377 1.17591023389255 -0.0314051383697585
v -0.0348632796538978 0.561401014006555 -0.0517830681843036
v -0.0347167678583727 1.20844023485109 -0.112942013647136
v -0.0347167707107247 1.46756030746024 -0.112942000711158
v -0.0345168198394832 0.338630998649325 0.056708719719917
v -0.0343480000766253 1.46619035446888 -0.122599997851592
v -0.0343479378819626 1.20981030836347 -0.122600010772728
v -0.0341055984552891 0.353908001879643 0.0586307333880852
v -0.0338913090129785 1.46367038887252 -0.128899905529604
v -0.0338912470812255 1.21233027481084 -0.12889991836411
v -0.0334089939252987 0.369111987345653 0.0571462849346539
v -0.0334066702462939 0.593885018715035 0.0785387980248326
v -0.0333381649343367 0.594136000400384 -0.0632869511878423
v -0.0332609195617775 1.1315001531555 0.0631374734328378
v -0.0332565691361141 1.13388011514521 -0.0699712874693443
v -0.0331628172274447 1.45852030759494 -0.131000016564605
v -0.0331627554781105 1.21748023712209 -0.131000028936415
v -0.0314046151336991 0.405404992341877 0.0493327640899006
v -0.0307875775660845 0.606359017283196 0.0786231973890822
v -0.0307705746378079 0.606419975869008 -0.0669177640121106
v -0.0287849776281865 1.25390023847533 -0.131000027030144
v -0.0272468063932501 1.13734007615727 -0.0560257015654047
v -0.0272388161156501 1.13620012260945 0.054069818673957
v -0.0270702800855656 0.483944007424994 0.0322674786419146
v -0.024026263697495 0.622721022307996 0.0806029048749744
v -0.0240262512569278 0.622709982175988 -0.0706126563440473
v -0.0228018659161416 0.561292001734038 0.0154432226383696
v -0.0226307261082894 1.14157013799779 -0.0465283408475167
v -0.0226171340867475 1.14122017425385 0.0461325760067545
v -0.0219998301578965 1.50510038296952 0.122600078558564
v -0.0219997568430945 1.17090025486468 0.122600058505924
v -0.0219204400741815 1.50450028382174 0.112942081454262
v -0.0219203642959796 1.17150023616377 0.112942062099955
v -0.0218680501516112 1.50301028541341 0.128899985970182
v -0.0218680370411713 1.17299023221871 0.128899965939801
v -0.021682138309538 1.50269032935831 0.100767076166156
v -0.0216820629533711 1.17331019230548 0.100767057978299
v -0.0214730502624834 1.49674035143758 0.131000096330663
v -0.0214730378385623 1.17926028473772 0.131000077252079
v -0.0213386975299863 1.50008036130402 0.0852333405503624
v -0.0213386207263524 1.17592028177754 0.0852333241816205
v -0.0210298537630033 1.147880174788 0.043248909108504
v -0.0209957832708506 0.594011015753796 0.00835295405060553
v -0.0209923643467144 1.1481401453092 -0.0430604855322108
v -0.0209438773630687 1.49708034059293 0.0655000241812197
v -0.0209438574023344 1.17892018450182 0.0655000106633309
v -0.0209228621774067 1.15683018858827 0.0430778474550235
v -0.0207417327086199 1.16873027610687 0.0432792074899669
v -0.0206830232948894 1.17797020708036 0.0490280783765098
v -0.0206302140119585 1.15882013624391 -0.0428529247984748
v -0.020418336429192 1.49309028688743 0.0382083557643813
v -0.0198423583721298 1.17538023889588 -0.0431369401930239
v -0.019682634628591 1.48750032547561 4.08421912713388e-08
v -0.0189866237401672 1.19081024026628 -0.0489925565443071
v -0.0189467521514105 1.4819103640638 -0.0382082740799908
v -0.0184212205307596 1.47792031035829 -0.0654999424968297
v -0.0184211536033876 1.19808022489481 -0.065499953568891
v -0.0180411757421259 1.20096020512495 -0.0852332713130888
v -0.0180411804531011 1.47504033344102 -0.0852332588590118
v -0.0180117919990681 0.606390002651219 0.00657566151198199
v -0.0177420164434338 1.20324020391289 -0.100767007091638
v -0.0177420203366821 1.47276033680807 -0.100766994455833
v -0.0175077195338191 1.4709803038861 -0.112941999742217
v -0.0175076568515214 1.20502023851904 -0.112942012846687
v -0.0174986064535866 1.267510231761 0.131000083932798
v -0.0173216892900204 1.46957029656037 -0.122599996893178
v -0.0173216269131587 1.20643024714133 -0.122600010020371
v -0.0170975768087399 1.20898025431369 -0.128899917670622
v -0.0170975792755775 1.46702029021322 -0.128899904583259
v -0.0167491285677767 1.46181036585272 -0.131000015638665
v -0.0167490667029145 1.21419029811394 -0.131000028284732
v -0.0139785891946173 1.40798032067626 -0.131000018928505
v -0.0136487882620681 1.28302033506213 -0.131000025112573
v -0.0134753383373033 1.35148034444541 -0.131000021605168
v -0.0102103784989995 0.622716008315164 0.00569053187923462
v -2.39563935450965e-07 1.4944403325329 0.0382083567424309
v -2.43761985788609e-07 1.49817038654249 0.131000097359884
v -2.41411898778592e-07 1.49846030777986 0.0655000251841373
v -2.42768467089384e-07 1.50149036924174 0.0852333415724416
v -2.43875470701224e-07 1.50412036446322 0.100767077204517
v -2.45044177738738e-07 1.50446034768551 0.128899987017938
v -2.44704635480549e-07 1.50594033251024 0.112942082503674
v -2.45225821143274e-07 1.50655032603229 0.122600079612073
v -2.23363627091182e-07 1.40869031458902 0.131000092324765
v -2.24713597870647e-07 1.44011033415452 -0.131000016281571
v -2.27034599927862e-07 1.46293033749416 -0.13100001483558
v -2.27976392529808e-07 1.46815039464758 -0.128899903764301
v -2.36703980282679e-07 1.4689203509736 0.131000095916997
v -2.28668773533675e-07 1.47071029536899 -0.122599996063796
v -2.29321949614995e-07 1.47213031627832 -0.11294199890407
v -2.30148130114829e-07 1.47393037636748 -0.100766993606174
v -2.32536697146275e-07 1.47913028504276 -0.0654999416149522
v -2.36974809553203e-07 1.48880030320311 4.1784909837992e-08
v -2.09833861473113e-07 1.3207102543463 0.13100008743022
v -1.82314570787575e-07 1.20387022618813 -0.112942011876937
v -1.82472361049789e-07 1.20529024837882 -0.122600009101882
v -1.82961373652105e-07 1.20785026911721 -0.128899916811533
v -1.83950333436546e-07 1.2130702072777 -0.131000027470841
v -1.86865331050366e-07 1.23589021291996 -0.131000026308037
v -1.62710376018072e-07 1.1254800920896 0.0708286709401817
v -1.63073786635429e-07 1.14786012229614 -0.0450899649778309
v -1.62715762343015e-07 1.15823016851394 -0.0445208460380711
v -1.75932427285794e-07 1.16945019288257 0.122600059339842
v -1.74933204075897e-07 1.1700601877697 0.112942062955071
v -1.77222771249695e-07 1.17154028943567 0.128899966765314
v -1.73036341069782e-07 1.17188027673676 0.100767058876141
v -1.68357426458476e-07 1.17447019518497 -0.0440652781624938
v -1.71119786500771e-07 1.17451027420431 0.0852333251723955
v -1.6668461451455e-07 1.17754022005862 0.0655000122618674
v -1.79393458919375e-07 1.17783025006265 0.131000078134977
v -1.74072441636522e-07 1.18966023141001 -0.0492246543121686
v -1.77900184994497e-07 1.19687025103273 -0.0654999514158551
v -1.8154569563427e-07 1.20207028370804 -0.10076700589203
v -1.59249630664839e-07 1.10290013340784 0.0771457427092438
v -1.58329581981288e-07 1.10705999847292 -0.101887042776469
v -1.61545427529995e-07 1.12952001832377 -0.0890435238429452
v -1.60529987763097e-07 1.1310301214881 0.064498969198582
v -1.61844405182126e-07 1.13390003319051 -0.0723051093502982
v -1.60030181124499e-07 1.13590019778576 0.0557473917922334
v -1.62030743708584e-07 1.13738013185743 -0.0583216704252408
v -1.60510612380233e-07 1.14111014899273 0.0481448271986057
v -1.62195284297539e-07 1.14151015830445 -0.0487107728160597
v -1.60279280924143e-07 1.14768014567626 0.0452617039705083
v -1.6027130010386e-07 1.156350255271 0.0447351004346204
v -1.61354632263195e-07 1.16785027534637 0.0442023582815488
v -1.62078362206024e-07 1.17673019766913 0.0492588690329714
v -1.39455322334289e-07 1.04691999938484 0.0858594835715752
v -1.33274782557266e-07 1.04936994947232 -0.104185010167152
v -1.06319865382588e-07 0.823499006617585 0.102657019936104
v -1.082605679695e-07 0.898593029170183 -0.0933942589046969
v -1.11567899827068e-07 0.898882978224604 0.0992992224218508
v -1.1597909339418e-07 0.973577028306869 0.0941753084084361
v -1.1134969513557e-07 0.974024041933178 -0.0999999820729929
v -9.3846378044603e-08 0.747948995547547 -0.0929211901203247
v -9.91213129544142e-08 0.748082983307176 0.105674014829446
v -1.04461797834166e-07 0.823195994398861 -0.0893676762420727
v 8.66872492487051e-09 0.638716994141592 0.0977519968885787
v 1.42256959015339e-08 0.631866985109491 0.00547112614722102
v 2.03883708360284e-08 0.638701965494979 -0.0882168960049842
v 1.08341181739843e-08 0.65683799320093 0.108635026745003
v 2.23205302379208e-08 0.656889010402001 -0.100566994872917
v 1.35477615231177e-08 0.687555004171305 0.107838019289371
v 2.34558639804171e-08 0.687597978397574 -0.0985043543320513
v 0.0102101022273422 0.62271601085809 0.00569066384395161
v 0.0167486133059426 1.21419029809996 -0.131000026781551
v 0.0167486110154772 1.46181036585272 -0.131000014174432
v 0.0170971211443253 1.46702029021322 -0.128899903088561
v 0.0170971832460556 1.20898025430058 -0.128899916137691
v 0.017321171003368 1.46957029656037 -0.122599995378889
v 0.017321233414279 1.20643024712028 -0.122600008465721
v 0.0174981936726148 1.26751023176156 0.131000085463275
v 0.0175072631228727 1.20502023849801 -0.112942011273372
v 0.0175072600074826 1.4709803038861 -0.112941998211663
v 0.0177416305264886 1.47276033680807 -0.100766992904792
v 0.0177416940692028 1.20324020387458 -0.100767005496007
v 0.0180116297856671 0.606390008683764 0.00657568742644281
v 0.018040658899745 1.47504033344102 -0.0852332572818236
v 0.0180407847355975 1.2009602050704 -0.0852332696907793
v 0.0184207661534233 1.19808022486145 -0.0654999518599865
v 0.0184207587195523 1.47792031035829 -0.0654999408864148
v 0.0189462972675157 1.4819103640638 -0.0382082724236322
v 0.0189862968249131 1.19081024490415 -0.0489925550857228
v 0.0196820460192591 1.48750032547561 4.25628770407344e-08
v 0.0197048186258633 1.20809022398305 0.131000081371732
v 0.0198419220978979 1.1753802444889 -0.0431369386942158
v 0.0204177444795834 1.49309028688743 0.0382083575493841
v 0.0206299048162248 1.15882014601997 -0.0428529232309304
v 0.0206827185263502 1.17797021340471 0.0490280798966607
v 0.0207414268603398 1.16873028055723 0.0432792086139089
v 0.0209226263417786 1.15683019549675 0.0430778485285851
v 0.0209434022368364 1.49708034059293 0.0655000260121719
v 0.0209434825575127 1.17892018929391 0.0655000122814732
v 0.0209921239404323 1.14814016020025 -0.0430604835383985
v 0.0209954976400709 0.59401102400002 0.00835298832709216
v 0.0210296152665615 1.14788018420233 0.0432489102810121
v 0.021338222541258 1.50008036130402 0.0852333424158308
v 0.0213382993463343 1.17592028178676 0.0852333260508293
v 0.0214726290146982 1.49674035143758 0.131000098207879
v 0.021472702895997 1.17926028473388 0.131000079128588
v 0.0216816023581628 1.50269032935831 0.100767078061647
v 0.0216816777116793 1.17331019230705 0.100767059874394
v 0.0218676290874234 1.50301028541341 0.12889998788193
v 0.0218677036567972 1.17299023221578 0.128899967851253
v 0.0219199011957884 1.50450028382174 0.112942083370585
v 0.0219199751045452 1.1715002361618 0.112942064015796
v 0.0219992904351745 1.50510038296952 0.122600080481828
v 0.0219993041374944 1.17090025486197 0.122600060428789
v 0.0226168241856569 1.14122018601646 0.0461325774845454
v 0.0226304119116735 1.14157015781396 -0.0465283381783604
v 0.0228016352303248 0.561292011792442 0.01544326546394
v 0.0240260962474322 0.622721026394684 0.0806029228035988
v 0.0240261081098789 0.622709984195642 -0.0706126453912043
v 0.0270701009833039 0.483944023424642 0.0322675277140231
v 0.0272384433990835 1.13620012263175 0.0540698210484766
v 0.0272464924810143 1.13734007726021 -0.0560256988298636
v 0.0307704965123302 0.606419979820877 -0.0669177435011644
v 0.0307874041385416 0.606359024862267 0.0786232315933895
v 0.0314044894736196 0.405405011487923 0.0493328184014581
v 0.0331623018798117 1.21748023709223 -0.131000025959776
v 0.0331622996751451 1.45852030759494 -0.131000013665441
v 0.0332561907283297 1.13388011598051 -0.0699712843013603
v 0.0332606020839047 1.13150015309459 0.0631374763011073
v 0.0333380233193649 0.594136006286747 -0.0632869210631351
v 0.0334064308427813 0.593885028580858 0.0785388393419386
v 0.0334088783823334 0.369112008664264 0.0571463273987926
v 0.0338908508817263 1.46367038887252 -0.12889990256675
v 0.0338909128740321 1.21233027477909 -0.128899915325045
v 0.0341054671581502 0.353908025058908 0.0586307634462888
v 0.0343475413946177 1.46619035446888 -0.122599994848813
v 0.0343476036573222 1.20981030832412 -0.12260000768809
v 0.03451668824791 0.338631026571541 0.0567087262273514
v 0.0347162515797435 1.46756030746024 -0.112941997676142
v 0.03471631411279 1.20844023480379 -0.11294201052603
v 0.0348630608163632 0.56140102157193 -0.0517830281085838
v 0.034948421713642 1.1759102535674 -0.031405136120786
v 0.035107128667598 0.561182048116052 0.0812617667817281
v 0.0351543401473714 0.302186030077982 0.0480712076851735
v 0.0351812306067403 1.46930028604782 -0.100766992361729
v 0.0351812937776022 1.20670025440715 -0.100767004952246
v 0.0357743594731894 1.47151030680493 -0.0852332567303389
v 0.0357744121075519 1.20449023138171 -0.0852332693099708
v 0.0360726979571095 1.17090025078631 0.0315553265344058
v 0.0361755665883188 1.15942025518902 -0.0304410885291177
v 0.0365279364092238 1.47433032142996 -0.0654999403224044
v 0.0365280058436035 1.2016702150689 -0.0654999523792983
v 0.036529771086016 0.223475901736947 0.0294091444498846
v 0.0365416074855087 1.1578302468686 0.0306819277239792
v 0.0367456234026501 1.14851019992458 -0.0302381475664315
v 0.0367925341912543 1.14823018881951 0.0304514292801815
v 0.0375700553749395 1.47821034492524 -0.0382082718440134
v 0.0378846532618328 0.145943874578939 0.0110248259264317
v 0.037893124406147 1.19456021122719 -0.039958091220792
v 0.038459715510718 0.113031969574555 0.0032206652147176
v 0.0384790347815004 0.483756024941301 -0.0244690577273968
v 0.0386300024455473 0.101830963929819 0.000768217767348853
v 0.0387703151692763 0.0894327299291315 -0.00156105745360406
v 0.0390291269801288 1.48366035458538 4.31652452520414e-08
v 0.0390489260641662 1.12579018463948 0.069412289504596
v 0.039075030076204 1.1296100138486 -0.0867842121871925
v 0.0391141085703265 0.484135031248485 0.0877042645449985
v 0.0395828647610468 1.14142022676747 0.0325802037332083
v 0.0396000323914813 1.14162012445805 -0.0327208654938824
v 0.0401102942854574 0.0727419337791313 -0.00485319993670912
v 0.0402398772836368 0.0487366304375715 0.0328846628616122
v 0.0402778389562538 0.0476532403790352 0.0559302782654237
v 0.0404881240795122 1.48910035066191 0.0382083581738661
v 0.0405020805158483 0.0258498541806766 0.0558423605655711
v 0.0405836340892989 1.17385020126142 7.63607850392533e-05
v 0.0406146725573719 1.36500035117945 -0.131000018444811
v 0.0406532909414613 0.0111491424349743 0.0557832408321439
v 0.0407479074216905 1.18377022478708 0.0399821872002426
v 0.0411326935799561 1.27001030606225 -0.131000023198396
v 0.0414507994752364 0.0259002342642869 0.0314840776950703
v 0.0415303138257436 1.49299038774079 0.0655000266528947
v 0.0415303926716938 1.18301026117658 0.0655000130051549
v 0.0415526847971904 1.15889025354593 0.000123127495214144
v 0.0420218945840624 1.14849017884861 0.000110775170220746
v 0.0421475688680247 0.404989027277369 0.00323120157124041
v 0.042195270353182 0.0109727204199527 0.0306312617293747
v 0.0423130933124276 1.49592031336671 0.0852333430690703
v 0.0423131093371894 1.18008020994072 0.0852333271803491
v 0.0425159299945232 1.49251032737394 0.131000099215229
v 0.0425160009665322 1.18349018874617 0.131000080353352
v 0.0429941427552108 1.49846030554516 0.100767078725212
v 0.0429942171495478 1.17754021559383 0.100767061124302
v 0.0431867765271725 0.405826030858342 0.0942443856682031
v 0.0433471202318422 1.49873031289161 0.128899988549628
v 0.0433471327376524 1.17727020427749 0.128899969176699
v 0.0434665611869336 1.50022031129994 0.11294208404122
v 0.0434666343509263 1.17578020819447 0.112942065323353
v 0.0436240995662008 1.5008102776548 0.122600081155236
v 0.0436241722031369 1.17519024049382 0.12260006176348
v 0.0436431179637637 0.0446688301620869 0.0793198715194395
v 0.0437737830999877 1.10296016696541 0.075704082383857
v 0.0437942813527702 0.00278721247690527 0.0556683258297999
v 0.0438294008032767 1.10725001462737 -0.0999915440328006
v 0.0438299693520924 0.368892005133778 0.0158945557778887
v 0.0438599012437173 0.0251035358921086 0.0792494872495057
v 0.043879506511389 0.0486617731015496 -0.0101936522443758
v 0.0440178613714868 0.0111490140559626 0.0792010860247043
v 0.0442546219307731 1.18868021538344 1.91202918759076e-05
v 0.0444124894687291 0.353967031751235 0.0189498757860401
v 0.044733289760747 1.43339038509661 -0.131000014752016
v 0.0447811419675562 0.338718020193741 0.0178261207072229
v 0.0450843468673147 0.369338030272584 0.0972601193054784
v 0.0452473314622513 1.14156017074915 -2.77690825486432e-05
v 0.0453019747105435 0.0736592450543424 0.0373621596288103
v 0.0454010915490855 0.302223017848644 0.010212481159068
v 0.0455186999317787 0.00274305317548889 0.0301602679239326
v 0.0457284987197914 0.353847020184456 0.0971997233609083
v 0.0460407085926177 0.338533006182809 0.0945112455892916
v 0.0463898701723035 0.30215401979566 0.0849437830262715
v 0.0466059095011436 1.04690997483077 0.0848226558922608
v 0.0466451349102542 1.04950000459061 -0.103121011814345
v 0.0467372536639312 0.223555999237664 -0.00620219292496619
v 0.0468983119226312 0.0027872044292334 0.0790653659009909
v 0.0471450033475364 0.223470996207737 0.0642466285971902
v 0.0476694901323231 1.13671014433365 0.0387848684533005
v 0.0476796172966067 1.13722022114375 -0.0398131755610739
v 0.0478890537474996 0.145943870928887 0.0438530462679892
v 0.0480452162287098 0.0252198595666901 -0.0155113437906075
v 0.048052785091318 0.146092980413332 -0.0223662329771083
v 0.0482047727490931 0.113033969341528 0.035195760755737
v 0.0483124861615082 0.101832963201512 0.0329522418651592
v 0.0484318743593417 0.0894335644471639 0.0317992532540416
v 0.0486113440205396 0.113209976853362 -0.0292279294652683
v 0.0487146110098173 0.973575000503433 0.0934292354392222
v 0.048724443681002 0.974057164275885 -0.0997341663714259
v 0.0487775849258601 0.102016973945373 -0.0318677645349623
v 0.0489058495883131 1.45309032268093 -0.13100001332134
v 0.0489059149635 1.22291022482362 -0.131000024627797
v 0.048916514962863 0.0896232420718762 -0.035366315451855
v 0.0499851780011553 0.0390398029781124 0.123429998254586
v 0.0500771537692258 1.21785026271773 -0.128899914455393
v 0.0500771515468665 1.45815028170615 -0.128899902209006
v 0.0501857370632463 0.0236957815875138 0.123391000800454
v 0.0502179844174575 0.0667441960020767 0.0559045848466055
v 0.0503585981643037 0.0111487092276113 0.123363996912058
v 0.0505740669907684 0.0104434484700476 -0.0187347643066996
v 0.050658344293197 0.0727930255849498 -0.0410238792571708
v 0.0507837606100107 1.46060039063599 -0.122599994484571
v 0.050783763054544 1.21540027214652 -0.122600006852831
v 0.0512693795319865 0.898593094060292 -0.0933942607426971
v 0.0512693817880827 0.898882977460745 0.0981850917577314
v 0.0513289601483165 1.46192027570937 -0.112941997307358
v 0.0513290224206492 1.21408026655691 -0.112942009718997
v 0.0520162607750352 1.46358038404685 -0.100766991988288
v 0.0520163235961164 1.21242027567797 -0.100767004192601
v 0.0528933498944846 1.4657002825516 -0.0852332563501963
v 0.0528934132658705 1.21030025575677 -0.0852332685692352
v 0.0528942990596998 0.00278701070010836 0.122052991034774
v 0.0529872211302306 -8.01641658066751e-08 0.0554132797662053
v 0.0534207851088981 0.0615184638799624 0.0792982329439091
v 0.0540074194474108 1.46839035900854 -0.0654999399347376
v 0.0540074843412921 1.20761029514881 -0.0654999516379658
v 0.0540081258644128 0.00261080893825636 -0.0191605720542608
v 0.0540471275282731 0.823196022050523 -0.0893676746544505
v 0.0540471244028725 0.823503994425836 0.10090102429962
v 0.0544213023624327 1.44297026827858 0.131000096754546
v 0.0544213080941174 1.23303024657697 0.131000085316993
v 0.054466672226932 -7.14999965483604e-08 0.0299058206247384
v 0.0544852207054669 1.13703021192935 -0.00035958673334165
v 0.0552824799066493 -8.81535943319675e-08 0.0787333618909935
v 0.0555483242260403 1.20389024858813 -0.0382082838047851
v 0.0555483175311876 1.47211028437562 -0.0382082714446889
v 0.0556334209026771 0.0482900354012846 -0.050140354624395
v 0.0568250646681859 0.74794901287481 -0.0929211877882243
v 0.0568250594721595 0.748103979744211 0.103386919663292
v 0.0577055234394699 1.47731031207385 4.3579246040044e-08
v 0.0577055982514178 1.19869022046544 3.30163021344536e-08
v 0.0581995953400936 1.1336701607678 -0.0507558151657735
v 0.058205017004921 1.13238022068505 0.0453803498375906
v 0.0590548009794428 0.687586009169715 0.105211030559603
v 0.0590548098539425 0.687597990444749 -0.0985043422814535
v 0.0594599870625172 0.0516630079345199 0.123418003349682
v 0.0598627330730425 1.48252035335568 0.0382083586038156
v 0.0598628089504912 1.19348029734872 0.0382083479096173
v 0.0601834106272431 -1.01783533704483e-07 0.118162990932618
v 0.060188477767552 0.656854987428654 0.10594003905916
v 0.0601884884739094 0.656889018012997 -0.100566980594478
v 0.0608894860175665 -5.47028398278543e-08 -0.0160855679412636
v 0.0611370826168567 0.024541754169746 -0.0592065236606635
v 0.0614035119475297 1.48624027872276 0.0655000270938591
v 0.0614035862880355 1.18976024846913 0.0655000133092217
v 0.06180250530422 0.640401011802117 0.105011948474507
v 0.0618025173581551 0.640398977975564 -0.0995885525682188
v 0.0625609103519174 1.48904038538993 0.0852333435181838
v 0.0625609832833359 1.18696025632158 0.0852333282666389
v 0.0627000334370909 1.48555029071078 0.131000099693354
v 0.0627001027871296 1.19045022447053 0.131000081721761
v 0.0635641330305719 1.44578028744685 -0.131000013143806
v 0.0635641945388622 1.23022025981917 -0.131000023716808
v 0.063567810937107 1.49147034735815 0.100767079181597
v 0.0635678234699059 1.18453029220111 0.100767062459064
v 0.0640495422616831 1.49167037857199 0.128899989379322
v 0.0640496123505676 1.18433025663233 0.128899970642763
v 0.0642664438969136 1.49315036365349 0.112942084502424
v 0.0642665152424573 1.18285027425882 0.112942066779783
v 0.0644645642508511 0.00997533688656784 -0.0647131105614397
v 0.064499311371306 1.49372030284116 0.122600081618464
v 0.064499382270326 1.18228021444541 0.122600063256797
v 0.0650903572541971 0.0338562761533662 0.164283006832621
v 0.0652754968784243 0.0223994866825185 0.164273005248643
v 0.0653471388320036 1.45061029167736 -0.128899902019305
v 0.0653472004767132 1.2253902555201 -0.128899913027849
v 0.0654624766382453 0.0111482746708657 0.164266012836185
v 0.0654736849952299 0.622708024748315 -0.0960470755596073
v 0.0654736721233856 0.622716024953577 0.101864062339024
v 0.0657429733697558 1.40374028327951 -0.131000015712434
v 0.066354643317845 1.45293034322979 -0.122599994289959
v 0.0663547051539585 1.22307031953413 -0.122600005917193
v 0.0665170032364994 1.13313015518897 -0.00244457681940216
v 0.067067149368745 1.45416034446946 -0.112941997111128
v 0.067067211380307 1.22184031700033 -0.112942008810389
v 0.0671100682456215 0.00278687668530357 0.161642004608694
v 0.0671634029098937 0.00249382093353602 -0.064932270701356
v 0.0679652744912088 1.22028022359411 -0.100767003330487
v 0.0679652716240342 1.45572031697098 -0.100766991789188
v 0.0683422728907151 1.12667021746439 0.048682082061045
v 0.0683751231385853 1.12933012679909 -0.0647894935014023
v 0.0688705407744708 1.26913028639823 0.131000087689682
v 0.0690698773900157 0.606428986323577 -0.0914154218533075
v 0.0690914928284446 0.606347048311076 0.0987831421275361
v 0.06911117024084 1.45770038293338 -0.0852332561482066
v 0.0691111735693093 1.2183002746912 -0.0852332677241029
v 0.0699865828851509 1.37287029562752 0.131000093362897
v 0.070276860873676 1.33800039211458 -0.131000018559352
v 0.0704593709166673 0.594176005734735 -0.087166255543788
v 0.0705456064655489 0.593841043928809 0.0980560319988341
v 0.0705668414635546 1.46023036126212 -0.0654999397279607
v 0.0705669054369326 1.21577029356234 -0.0654999510271689
v 0.0707811146302069 -3.96756560382051e-08 -0.0581366839805159
v 0.0708173578673869 0.0430305014400795 0.153686017644103
v 0.0713744185221291 0.561437027244389 -0.0741914534331695
v 0.0716772071678341 -1.1393313188496e-07 0.153778004216788
v 0.0716966900008189 0.561144023474247 0.0994463773967044
v 0.0725801639249628 1.21229021349565 -0.0382082828823653
v 0.0725801585112406 1.4637103182509 -0.0382082712324675
v 0.0735471822839257 0.483697021003466 -0.0433829308586483
v 0.0744056079127447 0.484203041736611 0.102718091711981
v 0.0753987487338215 1.46860028248565 4.38007302887341e-08
v 0.0753988160633525 1.20741026020396 3.24815249036976e-08
v 0.0757505827424435 0.404859033413164 -0.0121391217725427
v 0.0767218509141588 1.43686033023112 -0.131000013133877
v 0.0767219122372716 1.23914021674311 -0.131000022839106
v 0.0767576032007482 0.36882403022896 0.00214171779549157
v 0.0770725024470796 0.353990014177765 0.00570820523833241
v 0.0771598179115803 0.405976026156264 0.106044088866512
v 0.0771994541166028 0.338758019015687 0.0048092774997825
v 0.0772780144554581 0.302286023243876 -0.00259216337667923
v 0.0774476572041043 0.223732997696261 -0.0185334432144827
v 0.0776147817479383 0.146392987784553 -0.0342284556083733
v 0.0776856515107094 0.113561982196591 -0.04089095158315
v 0.077734176830079 0.102381973416081 -0.0436210865835306
v 0.0778337748897622 0.089993084848407 -0.0475186380445675
v 0.0781242298354462 1.12810012991442 -0.00784297401263849
v 0.0782173240552412 1.47348035234614 0.0382083588333005
v 0.0782173936975492 1.2025202929948 0.0382083469625864
v 0.0784224812956731 0.0731188881142785 -0.0538274903201146
v 0.0784467350238514 0.369419032858679 0.107599068929487
v 0.0788204631109944 0.113224962563898 0.0454381757127908
v 0.0788446620405403 0.146092969741396 0.0540259506554509
v 0.078845854961035 0.102033962286203 0.0433497448199136
v 0.0788586038888068 0.353819035376193 0.107105056616445
v 0.078901821137827 0.223518991052932 0.0742564569743715
v 0.0789378841998124 0.0896377594098826 0.0426173899888827
v 0.0789601201689648 0.302108003955918 0.0947901144853766
v 0.0789877083559502 0.338461032781619 0.104288033639344
v 0.0793922599413521 1.23482030911124 -0.128899912120185
v 0.0793922581175871 1.44118035695423 -0.128899902002902
v 0.0794059588718542 0.0790555422606311 0.0458417053808195
v 0.0799377505398791 0.0484821975609986 -0.063790947923007
v 0.0802306485535077 1.47696030933491 0.065500027328794
v 0.0802307259529073 1.19904021409187 0.0655000139894982
v 0.0805595561443809 0.0733073239229056 0.0556231401112584
v 0.0807853375998999 1.44328034808622 -0.122599994270645
v 0.0807853991709534 1.23272031733476 -0.122600004491899
v 0.0811710981623561 -7.18196073857619e-08 0.0296033361106173
v 0.0813642150238307 1.1097402331316 0.0561588870894358
v 0.0814542206865377 1.11360023944787 -0.0844012203304659
v 0.0814897066879511 1.05011001421067 0.0763043687800581
v 0.0814926708496601 1.19982019599101 0.131000083180399
v 0.0814926627220867 1.47618031827018 0.131000099953902
v 0.0815486586238306 1.05255998450626 -0.0994057208878383
v 0.0815779510997906 0.0245983794262523 -0.0736641082231694
v 0.0816527731333035 1.23159021241426 -0.112942007331742
v 0.0816527710237323 1.44441033269926 -0.11294199709138
v 0.081742944188759 1.47958029070669 0.0852333437572181
v 0.0817430144425895 1.19642023105793 0.0852333294563769
v 0.081778170745026 -8.04263471976458e-08 0.0549019919693435
v 0.0825414009252532 0.00998225576318586 -0.0797020111041404
v 0.082666690503733 -3.53113113193459e-08 -0.0718228691204804
v 0.0827462723242707 1.23016029277792 -0.100767002455068
v 0.0827462698540147 1.4458403670327 -0.100766991769133
v 0.0828852601924936 0.00249549482291172 -0.0797923134974714
v 0.0830584105693701 1.48186028733964 0.100767079424617
v 0.0830584804635205 1.19414023225789 0.100767063907012
v 0.0832461767382637 0.0673268292192849 0.0790703684288346
v 0.0835799503860159 1.48202038341894 0.128899989652748
v 0.0835800187827072 1.19398025086269 0.128899972224835
v 0.0839713225819382 1.48344028678632 0.11294208513041
v 0.0839713917616146 1.19256023090533 0.112942068358036
v 0.0841033501925472 1.36678026568328 -0.131000016343025
v 0.0841413783060809 1.22834020362782 -0.0852332668982796
v 0.0841413754906264 1.4476603348669 -0.0852332561274034
v 0.0842756635008947 1.48397029082341 0.122600082256832
v 0.0842756726844054 1.19203022535946 0.122600064875954
v 0.0842858484529363 1.42229031079375 0.13100009687082
v 0.0859136627137587 1.22603028302826 -0.0654999503384971
v 0.0859136591358073 1.44997037198453 -0.0654999397072545
v 0.0869547815897599 1.12326024313889 -0.0148344224368846
v 0.0883131076460337 0.0560474591058206 0.123292002296457
v 0.0883647275958849 1.45316029267701 -0.0382082712110048
v 0.0883647840924723 1.22284023938806 -0.0382082821978065
v 0.0884600320283556 1.42646026999252 -0.131000013279785
v 0.0884600931668096 1.24954027669544 -0.131000021931333
v 0.0892540595447473 0.977535012523839 0.0732929410801452
v 0.0892634534931299 0.977795246325442 -0.0839909824048167
v 0.0897215829644024 0.898630114022494 -0.0697253759757658
v 0.0897215923199501 0.898846975562727 0.0728451269931823
v 0.0906564006074776 1.1199501753908 -0.0216989122964243
v 0.0912050076623338 1.10416018626156 0.0325917442901923
v 0.0912539982549718 1.10601019910942 -0.074545589471917
v 0.0917963366888195 1.4576302824474 4.38223772207265e-08
v 0.0917964023763273 1.2183702462793 3.29706822623344e-08
v 0.0920566432575293 1.43006027237137 -0.128899902153948
v 0.0920567044711954 1.24594027415167 -0.128899911166558
v 0.0929291387876646 1.05977001656469 0.054896939960172
v 0.0929683022554118 1.06120993118898 -0.0925184094032464
v 0.0930494639119025 0.043123250185189 0.164248023052289
v 0.0937503550140593 -1.17918353960943e-07 0.165656005769356
v 0.0938397680846716 1.43184030566562 -0.122599994424917
v 0.0938397698031396 1.24416024016755 -0.122600003541752
v 0.0939536631962084 -3.98625326192293e-08 -0.0576025652855519
v 0.0940601900481638 1.1167702840349 -0.0267996316226882
v 0.0943070037027444 1.1044502406603 0.0176268624041727
v 0.094319285698979 1.10492028410746 -0.0708654180114031
v 0.0945826931809483 0.823236045875077 -0.0660231628840325
v 0.0945826922758971 0.823472071270792 0.0749222793125235
v 0.0946630529007796 1.0157399261833 0.0403481893384155
v 0.0946728083935041 1.01605026621964 -0.0736372957382017
v 0.0947449844286766 0.0322076031226961 0.177900018703418
v 0.0948473916330158 1.43285036569417 -0.112941997247123
v 0.0948734848672162 0.00278687225753786 0.174839012703936
v 0.0950669129486579 1.06825997629952 0.033913162485434
v 0.0950767534532757 1.06861998219593 -0.0860685461074266
v 0.0951166716696043 0.0111481499558526 0.177900012536299
v 0.0952279610570936 1.21390025291637 0.0382083474774182
v 0.0952279532323347 1.46210027221778 0.0382083588557595
v 0.0952410467145041 1.00102997208207 -0.0159224069418011
v 0.095390861114601 1.29327031071626 -0.131000019655571
v 0.0958292101001879 1.03215994020732 0.0202038791930094
v 0.0958316447432437 1.03224035885806 -0.0712763015934759
v 0.0960833722423023 1.02012003507604 -0.0253555162439675
v 0.0961174394211229 1.43412030189941 -0.100766991927303
v 0.0961175010839871 1.24188024145069 -0.100767001010372
v 0.0976790142418317 1.46530032570319 0.065500027352651
v 0.0976790819546299 1.21070019646881 0.0655000147713448
v 0.0978611715135381 0.00257023388574755 -0.0642939106938132
v 0.0979366700144941 0.962020991420046 -0.00533268554162384
v 0.0983613798755534 1.21126023742613 0.131000084588371
v 0.0983613733177757 1.46474027582828 0.131000100027597
v 0.0988599710274352 1.26128024953091 -0.131000020967803
v 0.0988599696580553 1.41472029690136 -0.131000013569094
v 0.0994438768925954 0.747974006563048 -0.0689543954195041
v 0.0994438739535144 0.748111030581641 0.0759896743497016
v 0.0995202688520469 1.2083002735838 0.0852333303965847
v 0.0995202608204799 1.4677003656903 0.0852333442021787
v 0.0997967832372919 1.23820024442393 -0.0654999496119976
v 0.0997967804474719 1.43780029163608 -0.0654999398715616
v 0.0999092986643425 0.0102808636436869 -0.064194063933317
v 0.101121702876083 1.46978032903156 0.100767079888557
v 0.101121807509009 1.20622018891097 0.100767065086526
v 0.101513996806716 0.0250815338756152 -0.0591182507843175
v 0.101542704241225 1.46997034683805 0.128899989742217
v 0.101542808079955 1.20603028622755 0.128899973704079
v 0.101997807647432 1.11231023596766 -0.0284999733050753
v 0.102009812187112 1.10123032284742 -0.0694511045236631
v 0.102009808877411 1.10123033214201 0.01245104053899
v 0.102045825123729 1.06797994693026 -0.0836659946597595
v 0.102045819750988 1.06797995313442 0.0266659504251463
v 0.102049005618769 -5.48281956006093e-08 -0.0159338149742981
v 0.102082814123287 1.03474032906202 -0.0702978904489161
v 0.102082808886369 1.03474036830679 0.0132977991318462
v 0.102094806937517 1.02366032080785 -0.0284999542989685
v 0.102233701537409 1.47123027128581 0.112942085232335
v 0.102233813365822 1.20477024500364 0.112942069703199
v 0.102538824181915 0.898738160225297 0.00128127993700056
v 0.102603704422129 1.47172034019781 0.122600082353502
v 0.102603808530669 1.20428029387663 0.122600066332522
v 0.102643705705245 1.44064033294936 -0.0382082713801786
v 0.102643813290055 1.23536031873906 -0.0382082814834746
v 0.103184816959777 1.25861031813405 -0.12889991013858
v 0.103184815535934 1.41739034730844 -0.128899902470351
v 0.103345918419199 0.687604021889416 -0.0736966443829528
v 0.103345911905716 0.6876260159535 0.0764633254140564
v 0.104089997785268 0.0489210067803909 -0.0508817744019974
v 0.104971804630152 1.39242026780374 0.131000096053573
v 0.105281714114335 1.41879034126337 -0.122599994751685
v 0.10528181248235 1.2572103234576 -0.122600002502362
v 0.105329909781973 0.656879974206186 0.0767588530710434
v 0.105329917364033 0.656889030906349 -0.0754273128532861
v 0.106239906105143 0.640400005564635 0.0760843075529834
v 0.106239914823808 0.640398985954743 -0.0746840380940633
v 0.106356002485402 0.0734388500104209 -0.0425371752821802
v 0.106411810306531 1.41965031674732 -0.112941997578048
v 0.106411811903622 1.25635022759846 -0.112942005372051
v 0.106629705049816 1.4446302667538 4.36470178274708e-08
v 0.106629813808234 1.23137026174722 3.34687647193866e-08
v 0.106920804994656 0.622710010194335 0.0736473297111418
v 0.106920814604837 0.622708031664329 -0.0720037385023267
v 0.106968905453109 0.102659974862727 -0.0336316428199235
v 0.107026906507909 0.0902739393407343 -0.0371369324443196
v 0.107043903454696 0.113829977499065 -0.0309717819892638
v 0.107312009786699 -7.15298565022415e-08 0.0294504458829826
v 0.107374911219952 0.60641802495706 -0.0683634313882691
v 0.107389906255674 0.606356052261874 0.0713933905121736
v 0.107483905210189 0.146617978319443 -0.0240269454280252
v 0.107601913397538 0.594133036983264 -0.0647399380447436
v 0.107662901812626 0.593881041762809 0.0712675639149952
v 0.107781712469755 1.40156030242388 -0.131000013253001
v 0.107781810160342 1.27444024389846 -0.131000019983267
v 0.107836710961765 1.42075037965942 -0.100766992262223
v 0.107836809589651 1.25525028248451 -0.100767000026299
v 0.107965909093121 0.56139900349604 -0.0531902842818125
v 0.108094827263567 0.823355071681804 0.00401057357651398
v 0.108205898757935 0.561179013992673 0.0742214649079469
v 0.108521905108793 0.223856005470115 -0.00766717405494536
v 0.108779002539429 0.00267190374966857 -0.0189906378391422
v 0.108829904848684 0.483765034585967 -0.0257713624856941
v 0.109100904544146 0.102322964453585 0.0320043531826732
v 0.109152000389547 0.113500963623951 0.0340981458720199
v 0.109167906839672 0.0899307262359902 0.0309014403565037
v 0.10948289722594 0.484144034851211 0.0812065903196518
v 0.109493005582038 0.146316980603372 0.0421353594680723
v 0.10957590900196 0.30230512677036 0.0089486526260196
v 0.109633805403776 1.31936032791984 0.131000092105478
v 0.109654711553058 1.42214035944565 -0.0852332566292545
v 0.10965481035471 1.25386030084014 -0.0852332644530179
v 0.109705903478917 0.405007035560828 0.00203640035865803
v 0.1100649043218 0.338724016492745 0.0166621803748688
v 0.110101007100198 -8.0120502117431e-08 0.0548177701461383
v 0.110107803024899 0.368904023172414 0.0147531471870277
v 0.110178904677418 0.353971033669669 0.0178159047331482
v 0.110294902572093 0.223620991060218 0.0610687517530935
v 0.110615704394387 1.44862031976757 0.0382083586742218
v 0.11061581432647 1.22738020457484 0.0382083479722907
v 0.110780898885925 0.405846029114988 0.0882985771580876
v 0.11103200472306 0.0671183339399575 0.0552904315310167
v 0.111109905164512 0.302106008803378 0.0802908560450922
v 0.111386899930283 0.369351024861163 0.0915733596371826
v 0.11148790161317 0.338464014368855 0.0891946814684042
v 0.111541902394554 0.353833014447479 0.0916617444999923
v 0.111672904481547 0.0106879483193372 -0.0186821268334338
v 0.111964810219913 1.25209027973913 -0.0654999479586153
v 0.111964807908047 1.42391037830509 -0.0654999402198153
v 0.112448006326744 -8.8341222877757e-08 0.0782729796041178
v 0.112605815169608 1.27265031573458 -0.12889990910486
v 0.112605814305446 1.40335034956365 -0.12889990218502
v 0.112924907679512 0.0432306613479558 0.153564023883526
v 0.113089997801593 -1.13915684120245e-07 0.153726000966211
v 0.113089997016521 0.0256822795810051 -0.0158033920790394
v 0.113195005822601 0.0618778236278453 0.0788017978520043
v 0.113239998057416 0.0741540153641897 0.0365045747417387
v 0.113410704286279 1.45141028870562 0.131000099895377
v 0.113410806149325 1.22459022597086 0.131000086977586
v 0.113463606058428 1.45146036094514 0.0655000276312898
v 0.11346381272542 1.22454027925505 0.0655000155322864
v 0.113649927242757 0.748047018615468 0.00294585204455879
v 0.114929710650856 1.27165026832663 -0.122600001461316
v 0.114929709722894 1.40435027700449 -0.122599994492144
v 0.115085710412484 1.38691031046991 -0.131000013738126
v 0.115085815342539 1.28909023569547 -0.131000018944257
v 0.115159812081422 1.24963027145485 -0.0382082804343356
v 0.115159809390147 1.42637026106973 -0.0382082717373061
v 0.115388000600968 0.0492889928847759 -0.0111493435987408
v 0.115601705816876 1.45360028630523 0.0852333440870348
v 0.115601808376253 1.22240023243328 0.0852333313121122
v 0.115750007736836 0.00275837187044168 0.0295859852229692
v 0.116163712703858 1.27093024340415 -0.112942004341345
v 0.116163711711576 1.40507030072645 -0.112941997340482
v 0.116257705503204 1.41215024610472 0.13100009768747
v 0.116257805274315 1.26385026685474 0.131000089299051
v 0.116384004788149 -1.01732196003227e-07 0.117920998872131
v 0.117274004580123 0.051994524994002 0.123144004391828
v 0.117411003283512 0.0734726275401864 -0.00642628030991121
v 0.117462806194893 1.220540208246 0.100767066244895
v 0.117462800609394 1.45546030843341 0.10076707976717
v 0.117719712782475 1.40597033037238 -0.100766992053534
v 0.11771981075005 1.27003033148424 -0.10076699904443
v 0.117740808174928 1.22026030511407 0.128899976206534
v 0.117740802983215 1.45574032928196 0.128899989608507
v 0.117950003320663 0.102585968922537 -0.00103951418246357
v 0.118000904309005 0.090198054014337 -0.00334001210269102
v 0.118045907344298 0.113755972529134 0.00132643360253589
v 0.118109814338563 0.687623035647959 0.000726643392533885
v 0.118574905973073 0.146541977507228 0.00877266824115028
v 0.118670001513995 0.011033940387206 0.029986236558847
v 0.118753702615126 1.45675027176738 0.112942085105805
v 0.118753804964717 1.21925024589847 0.112942072112189
v 0.118886008328393 0.00278721245134706 0.0549052101973802
v 0.118912003445532 0.0260727832731052 0.0307528089780104
v 0.119183705025393 1.45718025917743 0.122600082221111
v 0.11918380722456 1.21882025703094 0.122600068841433
v 0.119316902647402 0.0491211394788403 0.0319875673466344
v 0.119613002734709 0.00278699685348135 0.161559901492551
v 0.119631706179656 1.42980026862265 4.38407919538603e-08
v 0.119631813725604 1.24620025959412 3.44926116350364e-08
v 0.119703712308948 1.40711032818033 -0.0852332564567928
v 0.11970381039427 1.26889033174656 -0.0852332635031945
v 0.119819904734564 0.223775996519098 0.0263137466145038
v 0.120009807595744 0.594006025775198 0.00253678506865166
v 0.120149909975084 0.606386025454775 0.000792017980133013
v 0.120151815202331 1.28792031523659 -0.128899908023782
v 0.120151814559137 1.38808034989371 -0.128899902694826
v 0.120269905467015 0.561288025037508 0.00981159902911094
v 0.120376912463355 0.656889032339825 -7.84762803612832e-06
v 0.120515813240095 1.30484029119117 -0.131000017925212
v 0.120515812828762 1.37116025484437 -0.131000014382172
v 0.120736808933987 0.622708036493607 0.000126274772270361
v 0.120882899670941 0.483956039594703 0.0270675594506492
v 0.120964004262152 0.00278720445705836 0.0784538788610564
v 0.121052909038282 0.640398988761639 2.9630908875672e-05
v 0.121083902461313 0.302208025701594 0.0441266089883884
v 0.121290999929981 0.0340414677682826 0.164191010500178
v 0.121363003441951 0.047952637846761 0.055111089386316
v 0.12147700366389 0.0224457361994178 0.164182006315008
v 0.121505900004187 0.405430019133558 0.0445724263497208
v 0.121587908485865 0.025924724565074 0.0550230559912733
v 0.121662999947131 0.011148274701397 0.16417501388699
v 0.121670902581937 0.338589038175097 0.0523883873986299
v 0.121739006543497 0.0111491421730645 0.0549639812489056
v 0.121795899456549 0.369130012567273 0.0525942397867333
v 0.121825903654623 0.353902127592444 0.0541828588018491
v 0.122225808958401 1.26743025478181 -0.0654999471009344
v 0.122225807495135 1.40857028355748 -0.0654999400725746
v 0.122602810123458 1.28722031769092 -0.12260000037255
v 0.122602809434619 1.38878034666466 -0.12259999501054
v 0.123342905804642 0.0449562398247598 0.0786577888223226
v 0.123560001950101 0.0251754860155398 0.0785871589636199
v 0.123718006655977 0.0111490140096948 0.0785388762874357
v 0.123814811003971 1.32125028956906 -0.131000016916552
v 0.123814810798564 1.35475025640155 -0.131000015123405
v 0.12410370695829 1.43323027615665 0.0382083588683824
v 0.124103807919205 1.24277024758992 0.0382083490665567
v 0.124758002127586 0.00278701043836535 0.121719000695927
v 0.124930714147661 1.33800039217848 -0.131000015989469
v 0.125578817070285 1.28598030093707 -0.10076699796114
v 0.125578816250213 1.39002036069332 -0.100766992574431
v 0.125670713420826 1.30411025314494 -0.128899906981183
v 0.125670712998082 1.37189029263889 -0.128899903358018
v 0.125712806392097 1.26542026465285 -0.0382082788259184
v 0.125712804691783 1.41058027028787 -0.0382082716371952
v 0.126743708606006 1.23964028362608 0.131000088355186
v 0.126743704639992 1.43636034939203 0.131000099599802
v 0.127070996555586 0.0393051142786328 0.12306400048863
v 0.127272997270843 0.0237621810546422 0.123025003129515
v 0.127297598361457 1.43568026449607 0.065500027363509
v 0.12729781123939 1.24032025857972 0.0655000177612462
v 0.127445001490726 0.0111487091728893 0.122997902036904
v 0.127519807301857 1.01111034979121 -0.028499951878813
v 0.127696807931062 1.28511031030432 -0.0852332624140174
v 0.127696807025404 1.39089034937117 -0.0852332569823285
v 0.128179811914442 1.02183035132538 -0.0694460778175846
v 0.128179807150237 1.02183037991849 0.0124459913006243
v 0.128187712570702 1.37235032103283 -0.122599995681514
v 0.128187817329066 1.30365034317201 -0.122599999330137
v 0.129016813752123 1.32090029085698 -0.128899905949168
v 0.129016813540492 1.35510025485893 -0.128899904118943
v 0.129697697788152 1.43752025918312 0.0852333438001533
v 0.129697702198697 1.23848026128195 0.0852333336018374
v 0.130144712326943 1.33800039205042 -0.128899905003657
v 0.130159711197996 1.0540203150177 0.0255341582926882
v 0.130159714382558 1.05402029045232 -0.0825341938671591
v 0.13038581013161 1.39201031974318 -0.0654999405986625
v 0.130385811205847 1.2839903375008 -0.0654999460263406
v 0.130594708937371 1.26260024667241 3.61499745470946e-08
v 0.130594706634324 1.41340028369874 4.34063589526711e-08
v 0.13156981454938 1.32068034925412 -0.122599998290684
v 0.131569814324262 1.35532031487743 -0.122599996448652
v 0.131784709082937 1.43912028576515 0.100767079460501
v 0.131784713415157 1.23688023251723 0.100767068649051
v 0.131972705042611 1.23646025584147 0.128899977679078
v 0.131972700989972 1.43954025836477 0.128899989285229
v 0.13214080914237 1.08620033852707 -0.0686051875014732
v 0.132140805939922 1.08620035817899 0.0116052007541614
v 0.13270981285879 1.33800039165209 -0.122599997340897
v 0.132800809773883 1.09693037756834 -0.0284999645369784
v 0.133232699128418 1.44023036222264 0.112942084784581
v 0.133232807689923 1.23577027354598 0.112942073508044
v 0.13351271601563 1.30223031932329 -0.0852332613778043
v 0.133512715432087 1.37377034014877 -0.085233257667804
v 0.133715813429409 1.23540024702988 0.122600070312719
v 0.133715809276661 1.44060026813041 0.122600081891576
v 0.134762819327752 1.35574028794326 -0.100766994024701
v 0.135476805198261 1.25978022858237 0.0382083508664959
v 0.135476802291441 1.41622029709181 0.0382083584199495
v 0.13632481772961 1.30147023943798 -0.0654999450097701
v 0.136324817043883 1.37453029835091 -0.0654999412901459
v 0.137034813915104 1.31996032255142 -0.0852332603183076
v 0.138181809210712 1.256510310202 0.131000089714879
v 0.138181806281069 1.41949032207366 0.131000099094252
v 0.138963598371171 1.418230283796 0.0655000268839486
v 0.138963809991245 1.25777023825504 0.0655000187267547
v 0.139313809992278 1.28029031443686 3.72208796679193e-08
v 0.139313808324125 1.39571033465282 4.28442177502565e-08
v 0.14158270016445 1.41974030706061 0.0852333432959777
v 0.141582703264747 1.25626021237298 0.0852333346882123
v 0.1438616980185 1.4210603109293 0.100767078934702
v 0.143861805386466 1.25494020637329 0.100767069876232
v 0.143913813934321 1.31905027556509 -0.0382082756085561
v 0.143913813540105 1.35695025860823 -0.0382082736825716
v 0.144022703919502 1.42158030015536 0.128899988742388
v 0.144022811145861 1.25442021322412 0.128899979104687
v 0.144521702990851 1.39786027240366 0.0382083578260139
v 0.144521809392471 1.27814025266063 0.0382083519758577
v 0.1451607130761 1.33800038626609 -0.0382082746215484
v 0.145442698846102 1.2540302807003 0.11294207484271
v 0.145442695826723 1.42197035413429 0.112942084241204
v 0.145659811722173 1.29897029654127 3.8214809214995e-08
v 0.145659810686839 1.37703035216107 4.2101497688591e-08
v 0.145969809103453 1.42228029774928 0.12260008133941
v 0.145969812071998 1.2537202165286 0.122600071725762
v 0.147545802595278 1.27530032244581 0.131000091190212
v 0.147545800460809 1.40070030931829 0.131000098415152
v 0.148241808723728 1.27660030472384 0.0655000199600197
v 0.148241806559174 1.39940033592848 0.0655000262549917
v 0.149501807603882 1.31832023523441 3.93169805588667e-08
v 0.149501807086215 1.35768029407815 4.12772217783847e-08
v 0.150797701677562 1.33800038382339 4.03008925119602e-08
v 0.151035701217173 1.27544027743121 0.0852333360146109
v 0.151035698981038 1.40056036060051 0.0852333426414323
v 0.151104812652267 1.37849030631716 0.0382083570442468
v 0.15346681010031 1.27443021570946 0.100767071294274
v 0.153466807889073 1.40157030100259 0.100767078252479
v 0.153672802515664 1.27395027696078 0.1288999806401
v 0.153672800394681 1.40205035509912 0.128899988030857
v 0.154507803302757 1.29548031555469 0.131000092601144
v 0.154507801961905 1.38052031583198 0.131000097522674
v 0.154993701680694 1.37953028670509 0.0655000254315137
v 0.154993807317743 1.29647023427556 0.0655000210959956
v 0.155090813911286 1.3584203430998 0.0382083561785085
v 0.155153799843207 1.27373021768392 0.112942076329391
v 0.155153797656868 1.40227029736918 0.112942083537964
v 0.155715811605737 1.27350026220298 0.122600073257794
v 0.155715809452595 1.40250025152289 0.12260008062279
v 0.157915699393122 1.38031027203627 0.0852333417871332
v 0.157915805075818 1.29569024632706 0.085233337240179
v 0.158736797151577 1.3165302984812 0.131000094015768
v 0.158736796480892 1.3594703326988 0.131000096497897
v 0.159082699778853 1.3589403323904 0.0655000245138805
v 0.159082804750923 1.31706030757468 0.0655000223297743
v 0.160167799963547 1.33800037515869 0.131000095295407
v 0.160456704365481 1.38099024101482 0.100767077366918
v 0.160456810037802 1.29501027525801 0.100767072610721
v 0.160461713097654 1.33800037954022 0.0655000234284045
v 0.160732808159277 1.29465026114965 0.128899982085423
v 0.160732806833987 1.3813502513137 0.128899987112017
v 0.162081706705298 1.35934027837896 0.0852333408318295
v 0.162081811700192 1.31666023975659 0.0852333385406021
v 0.162220703334844 1.38147029616927 0.112942082629606
v 0.16222080899731 1.29453021846161 0.1129420777147
v 0.162808702754656 1.38162026086192 0.122600079700156
v 0.162808808402598 1.29438025245943 0.122600074689697
v 0.163485798691875 1.33800037823221 0.0852333397036207
v 0.16468970729631 1.3596802623476 0.100767076368511
v 0.164689812286535 1.31632025370149 0.100767073973113
v 0.165011810309214 1.31613023211952 0.128899983529496
v 0.165011809646828 1.35987028013483 0.12889998606236
v 0.166116702365567 1.33800037719146 0.100767075194968
v 0.166455806938414 1.3380003753 0.128899984834856
v 0.166499706825632 1.3160802844993 0.112942079123685
v 0.166499706148722 1.35992034912079 0.112942081598657
v 0.167103799492271 1.31600041359141 0.122600076128135
v 0.167103798822623 1.36000033793376 0.122600078651919
v 0.167942809371673 1.3380003763744 0.112942080391043
v 0.168551804527088 1.33800037572435 0.122600077425367
v 0.186602806079443 0.981945397156189 -0.0284999464744129
v 0.18887782311247 0.99182549191101 0.0104646356577978
v 0.188877813077126 0.991825515150734 -0.0674646943944377
v 0.195703821515301 1.021460311301 -0.0798961948821946
v 0.195703819980693 1.02146031612599 0.0228962019728502
v 0.202528819372415 1.05110038199489 -0.0666295692440271
v 0.202528820262323 1.05110037834063 0.00962963199545578
v 0.204803824802021 1.06098032782252 -0.0284999403983313
v 0.246830832063552 0.952218491912291 -0.0284999107419441
v 0.250669834540111 0.961275468835799 0.00844805827015216
v 0.250669831707196 0.961275486665192 -0.0654479372583643
v 0.262185838153449 0.988445469306719 0.0202192524094079
v 0.262185835260815 0.988445489985897 -0.077219263577418
v 0.273702826443052 1.01561034578686 0.00763087528305327
v 0.273702821349058 1.01561037188067 -0.0646308246012722
v 0.275686926092405 0.937975445958479 -0.0284998955899839
v 0.277541839847651 1.02467038499405 -0.0284999165634533
v 0.280044953452068 0.946753404519288 0.00749022947962158
v 0.28004494553494 0.946753439718081 -0.0644901372815148
v 0.288402961527889 0.931719424120275 -0.026624183008221
v 0.292675952291971 0.940465298972091 -0.0621908242770485
v 0.292799853772903 0.940431391658837 0.00893291617121924
v 0.29311884466692 0.973084288055912 0.0189703214357486
v 0.293118835934624 0.973084333872236 -0.0759702420992129
v 0.300209843716731 0.925953244223058 -0.0209968933253655
v 0.304233956625929 0.93461840957227 -0.056150231467865
v 0.304727970474076 0.934483362705189 0.0141176856899676
v 0.30566883919238 0.966670312395463 -0.073570420049326
v 0.305814946421991 0.966596394705735 0.0202835519452975
v 0.306193827320278 0.999415348564337 -0.0637152244311115
v 0.306193840608042 0.999415293461956 0.00671531059236145
v 0.310551827552131 1.00819025818677 -0.0284998983700161
v 0.317000854004294 0.960491420714961 -0.0674410212379658
v 0.317586868817455 0.960196384824445 0.0252927872646036
v 0.318697845229173 0.992857322273556 -0.0614865432656382
v 0.31879385952639 0.992779395462391 0.00817063791656581
v 0.321752965385474 0.915451356108318 -0.00658317639099227
v 0.32308085348589 1.00155026145472 -0.0266626231918196
v 0.324803862953489 0.924434355372108 0.0264925121446816
v 0.327021862952529 0.92295923289777 -0.0397103082364667
v 0.32991485463394 0.98629141630827 -0.0555481740747509
v 0.33029896193755 0.98598236348704 0.0132843010627315
v 0.334377849298819 0.994734383699121 -0.0211510896615322
v 0.336884979963385 0.949329364508243 0.0369971252906053
v 0.339900967515207 0.947539236147017 -0.0503685077615857
v 0.349718874792152 0.973775193714643 0.0256601978939893
v 0.352024969683793 0.972566393097987 -0.039185486558215
v 0.355031968812559 0.981416351246914 -0.00678809243628242
v 0.362002967754589 0.905808189996917 0.0495051526401074
v 0.36367984909554 0.894988346634787 0.0216521959866584
v 0.372158854988206 0.929441190988546 0.058395422174289
v 0.37334485552399 0.89923536464238 -0.00621291919511588
v 0.386062951312738 0.950915193081886 0.048901894941279
v 0.387149861233947 0.920804319209487 -0.0151401971930357
v 0.395628867125476 0.955257343004907 0.0216030211810213
v 0.397207969156988 0.944532213318975 -0.00568356340957984
v 0.398279958927443 0.88764133836787 0.0719536872578036
v 0.404699848169974 0.874965339254244 0.0492878825485986
v 0.406528855410155 0.910061326205297 0.0792456617739281
v 0.415594860568533 0.87897333208831 0.0826364430023563
v 0.418786831880273 0.875961333579968 0.0266518788121962
v 0.421530958798222 0.928604330382327 0.0715886727456757
v 0.422687834294889 0.875346327731229 0.0881651926989416
v 0.423114851168091 0.900718176124261 0.0893056675244219
v 0.423520926747053 0.865787176728668 0.0619025461988311
v 0.428297834498719 0.872301306676968 0.0951511346730834
v 0.429968838426912 0.896848285805785 0.0949677437360184
v 0.430934928527321 0.86205431396188 0.0669389487657097
v 0.433542951495937 0.89455434651569 0.0194490838467444
v 0.433606890854279 0.869299320514451 0.103561963185076
v 0.435144918093533 0.893885340534894 0.10262397767695
v 0.435371869328016 0.929649320643287 0.0494068018796552
v 0.437732819133755 0.858366337088582 0.0718401661629896
v 0.438322946961082 0.918047332283873 0.0822995674177276
v 0.438931816389776 0.865651338309919 0.0411948087350731
v 0.439796787243374 0.865798324446684 0.113366052427224
v 0.439867913037508 0.891152290735699 0.11204706487473
v 0.441544850925006 0.917024343265223 0.0271953682993133
v 0.444813891505884 0.854367343380208 0.0771127208439758
v 0.445131842186953 0.913818324047245 0.0877645895677227
v 0.445360792385359 0.887974292601947 0.123008049826295
v 0.4465808068636 0.861627306165236 0.0457213588336429
v 0.450651812190416 0.910487319919677 0.0947130487749912
v 0.453076783132214 0.849701313914321 0.0832636155512109
v 0.453463952138611 0.917986181368221 0.0620075124513884
v 0.453869849368621 0.883055178896551 0.0346044547794892
v 0.454532881482438 0.85721018513011 0.0485369461388676
v 0.455951811246893 0.907355335987474 0.103076060536279
v 0.458174760370365 0.852125319676669 0.129172040482428
v 0.460528937796921 0.91351434077947 0.0669732855821275
v 0.46111885277022 0.904874293106088 0.0416892985492193
v 0.461494908653481 0.878720308581999 0.0389444345839454
v 0.462104901219016 0.903719335607567 0.112785049388682
v 0.462987776496237 0.872864339396718 0.139179048750912
v 0.463370889930397 0.85217728852903 0.0506751345525829
v 0.467190902863271 0.909480180261283 0.0718720601245387
v 0.468526831994124 0.900345290763633 0.0461734690805915
v 0.469778803894407 0.873962308471986 0.0410880435057252
v 0.472073874860755 0.836294323726541 0.0982937039075649
v 0.473678762600178 0.846308317427915 0.0531688112227559
v 0.474215800692845 0.905334320804077 0.0771606493522437
v 0.476366823149291 0.895695175327917 0.0490231552779118
v 0.479161898385053 0.868549312887881 0.042226539736422
v 0.479250875574963 0.887015315657975 0.128844035787595
v 0.482366901292888 0.900522319855665 0.0832957536425645
v 0.485128808916557 0.89057132220094 0.0512331052112131
v 0.490082892045198 0.862249340492814 0.0435513638509662
v 0.492880750445513 0.832161335081514 0.067516120841658
v 0.495305785306694 0.884620156481798 0.0537980578713109
v 0.49970277923734 0.883086294380742 0.0986959099095771
v 0.500046866426646 0.818605339211839 0.15558704634678
v 0.504109876830235 0.834335184609701 0.164232043626165
v 0.508789861080311 0.846517291729172 0.0578106431464356
v 0.511358873077322 0.806076321518907 0.130204050682714
v 0.513247875483299 0.867459324962915 0.0684470900698359
v 0.517528850238584 0.844682192613646 0.156257046433062
v 0.528401866307748 0.802294345010214 0.105215041175129
v 0.533872852146827 0.794958330932623 0.16922704723495
v 0.534283895163072 0.841066334322396 0.131780041875144
v 0.541532891410161 0.812808186373431 0.0977520116233738
v 0.545307893904984 0.82870331544559 0.106909043690633
v 0.545353839175195 0.81083718739082 0.170225036552477
v 0.546801873946388 0.794907191302845 0.180954038278528
v 0.550516853519597 0.779521322984776 0.160861045758037
v 0.551877867010861 0.784600351703834 0.137241050531353
v 0.563102852070029 0.800627325750808 0.138694046785235
v 0.564598867994233 0.797919310273664 0.162829949911704
v 0.568313847567394 0.782533322746411 0.142738045176004
v 0.569136867217691 0.777103342443965 0.172129945781143
v 0.135930397329726 1.33800518295436 -0.100766994924881
v 0.0943113777568238 1.10528196178777 -0.0695204718932837
v -0.082765238143786 1.11590181138772 -0.0678252449922657
v -0.0855597535156321 1.12080945527451 -0.0324827405018997
v -0.0861416688108421 1.12183139742231 -0.0251232018351386
v -0.0723568617820405 1.12882768993739 -0.0415334026317678
v -0.0779226446115063 1.12621098316498 -0.0391201290032502
v 0.0855460637100334 1.12078627363701 -0.0326507858500391
v 0.0827968938599546 1.11595822221349 -0.0674201387761247
v 0.086141270286406 1.12183156662183 -0.0251230779795265
v 0.0898751071587174 1.07528430122461 -0.0903377709138735
v 0.0907687009592268 1.11161918990404 -0.0542801051501278
v 0.0864143655580504 1.11254529140489 -0.0683611310702992
v 0.0893157633462643 1.11902507277331 -0.0308338185074226
v 0.0855788515332225 1.11644642827375 -0.0562965890259829
v -0.0826760037074595 1.12404408686311 -0.000231374462383631
v -0.0915553769415487 1.10716422291441 -0.0694240357433354
v 0.0824764327565995 1.12408071579997 0.000448260215096453
v 0.0827537032922348 1.11310051783124 0.0385140975034945
v 0.0833671775160696 1.11458412017237 0.0307237304726234
v 0.0854635809728233 1.11965398122856 0.00410198869704822
v 0.0891527264067073 1.11338291654494 0.00969135467839075
v 0.0923124741072837 1.07834882647148 -0.0856426853722815
v 0.0909287932756283 1.11211017911129 0.00525731561274147
v 0.0910052251022111 1.1099103209429 0.0128210791709019
v 0.0811365435915719 1.12516103307263 -0.0304779012141487
v 0.0911792025906605 1.10775493453605 -0.067931269046519
v 0.0907393088246961 1.11801620094093 -0.0290306409418028
v 0.0910006237900962 1.11192058722003 -0.0521392118599047
v 0.091038757344154 1.11103105754848 -0.0555114333358388
v -0.0676787624069462 0.7697686584854 0.0952046947171998
v -0.0827364824663428 1.11305780585494 0.0387376324959802
v -0.084757190346605 1.11794456392879 0.0130773385882371
v -0.0856949425420603 1.12021236728482 0.00116913692134073
v -0.0887272412488842 1.11529661567044 0.00493917922840294
v -0.0891986741582511 1.11317801920234 0.01019973118016
v -0.090929162073721 1.11210992664989 0.00525758244450322
v -0.0909919586412171 1.11030249994945 0.0114720593699389
v -0.0907396766380066 1.11801604494465 -0.0290306407677497
v -0.0907023656355932 1.11888638987901 -0.0257311539330494
v -0.0893885707367894 1.11907489185968 -0.0303402769984252
v -0.0864528483946698 1.11239982814344 -0.0687819463344914
v -0.0838400235351415 1.11524614154647 -0.0681472057939141
v -0.091051536262341 1.11074136919994 -0.0566090133175357
v 0.0666455510039507 0.767706683876935 0.0959834693205971
v -0.487315244525612 0.889884401513956 0.103337945380549
v 0.0916102941782047 1.10737638313216 -0.0684833915231614
v 0.0920600704523986 1.10910100898259 -0.0608306718903143
v 0.487315100385524 0.889884430390694 0.103337973354769
f 1 3 2
f 1 2 6
f 1 7 3
f 1 6 7
f 2 3 4
f 2 4 10
f 2 5 6
f 2 10 5
f 3 11 4
f 3 7 8
f 3 8 11
f 4 9 10
f 4 11 9
f 5 16 6
f 5 10 13
f 5 13 16
f 6 12 7
f 6 16 12
f 7 18 8
f 7 12 18
f 8 14 11
f 8 18 14
f 9 17 10
f 9 11 20
f 9 15 17
f 9 20 15
f 10 22 13
f 10 17 22
f 11 14 20
f 12 16 19
f 12 19 18
f 13 31 16
f 13 22 31
f 14 18 36
f 14 26 20
f 14 36 26
f 15 23 17
f 15 20 21
f 15 21 23
f 16 31 19
f 17 30 22
f 17 23 30
f 18 19 41
f 18 41 36
f 19 31 41
f 20 25 21
f 20 1804 25
f 20 26 1804
f 21 27 23
f 21 25 24
f 21 24 27
f 22 30 31
f 23 27 30
f 24 25 29
f 24 32 27
f 24 29 28
f 24 28 32
f 25 42 29
f 25 37 42
f 25 1804 37
f 26 36 49
f 26 49 37
f 26 37 1804
f 27 35 30
f 27 32 35
f 28 29 34
f 28 38 32
f 28 34 33
f 28 33 38
f 29 47 34
f 29 42 47
f 30 46 31
f 30 35 46
f 31 54 41
f 31 46 54
f 32 43 35
f 32 38 43
f 33 34 40
f 33 44 38
f 33 40 39
f 33 39 44
f 34 50 40
f 34 47 50
f 35 43 51
f 35 51 46
f 36 41 54
f 36 54 49
f 37 53 42
f 37 49 53
f 38 48 43
f 38 44 48
f 39 40 45
f 39 61 44
f 39 45 58
f 39 58 52
f 39 52 61
f 40 50 45
f 42 59 47
f 42 53 59
f 43 48 57
f 43 57 51
f 44 55 48
f 44 69 55
f 44 61 69
f 45 50 56
f 45 56 58
f 46 51 60
f 46 60 54
f 47 63 50
f 47 59 63
f 48 55 62
f 48 62 57
f 49 54 53
f 50 66 56
f 50 63 66
f 51 57 64
f 51 64 60
f 52 58 75
f 52 74 61
f 52 75 74
f 53 54 60
f 53 60 59
f 55 65 62
f 55 69 65
f 56 68 58
f 56 66 71
f 56 71 68
f 57 62 67
f 57 67 64
f 58 68 77
f 58 77 75
f 59 60 64
f 59 64 63
f 61 78 69
f 61 74 76
f 61 76 78
f 62 65 70
f 62 70 67
f 63 64 67
f 63 67 66
f 65 69 72
f 65 72 70
f 66 67 70
f 66 70 71
f 68 71 79
f 68 79 77
f 69 80 72
f 69 78 80
f 70 73 71
f 70 72 73
f 71 73 79
f 72 81 73
f 72 80 81
f 73 81 79
f 74 75 82
f 74 83 76
f 74 82 83
f 75 77 84
f 75 84 82
f 76 90 78
f 76 83 85
f 76 85 90
f 77 79 86
f 77 86 84
f 78 93 80
f 78 90 93
f 79 81 86
f 80 91 81
f 80 93 91
f 81 91 86
f 82 87 83
f 82 84 88
f 82 88 87
f 83 89 85
f 83 87 89
f 84 86 96
f 84 96 88
f 85 89 97
f 85 104 90
f 85 97 104
f 86 91 96
f 87 88 94
f 87 92 89
f 87 94 92
f 88 101 94
f 88 96 101
f 89 92 95
f 89 95 97
f 90 105 93
f 90 104 105
f 91 93 103
f 91 103 96
f 92 94 100
f 92 98 95
f 92 100 98
f 93 105 103
f 94 107 100
f 94 101 107
f 95 102 97
f 95 98 99
f 95 99 102
f 96 103 101
f 97 102 109
f 97 109 104
f 98 115 99
f 98 100 113
f 98 113 115
f 99 106 102
f 99 117 106
f 99 115 117
f 100 107 118
f 100 116 113
f 100 118 116
f 101 103 108
f 101 108 107
f 102 106 111
f 102 111 109
f 103 105 108
f 104 110 105
f 104 109 110
f 105 110 108
f 106 119 111
f 106 117 119
f 107 108 112
f 107 112 120
f 107 120 118
f 108 110 112
f 109 114 110
f 109 111 114
f 110 114 112
f 111 121 114
f 111 119 121
f 112 114 121
f 112 121 120
f 113 123 115
f 113 116 124
f 113 122 123
f 113 124 122
f 115 125 117
f 115 123 125
f 116 118 126
f 116 126 124
f 117 127 119
f 117 125 127
f 118 120 128
f 118 128 126
f 119 129 121
f 119 127 129
f 120 121 129
f 120 129 128
f 122 219 123
f 122 124 220
f 122 217 219
f 122 220 217
f 123 232 125
f 123 219 232
f 124 126 233
f 124 233 220
f 125 241 127
f 125 232 241
f 126 128 242
f 126 242 233
f 127 245 129
f 127 241 245
f 128 129 245
f 128 245 242
f 130 131 132
f 130 133 131
f 130 132 136
f 130 136 133
f 131 134 132
f 131 133 135
f 131 140 134
f 131 135 141
f 131 137 140
f 131 141 137
f 132 134 143
f 132 138 136
f 132 143 138
f 133 146 135
f 133 136 139
f 133 139 144
f 133 144 146
f 134 140 152
f 134 145 143
f 134 152 145
f 135 153 141
f 135 146 153
f 136 138 154
f 136 154 139
f 137 142 140
f 137 141 142
f 138 143 149
f 138 149 157
f 138 157 154
f 139 150 144
f 139 158 150
f 139 154 158
f 140 142 147
f 140 147 152
f 141 148 142
f 141 153 148
f 142 155 147
f 142 148 151
f 142 151 155
f 143 145 162
f 143 162 149
f 144 163 146
f 144 150 163
f 145 152 172
f 145 165 162
f 145 172 165
f 146 173 153
f 146 163 164
f 146 164 173
f 147 159 152
f 147 155 166
f 147 166 159
f 148 156 151
f 148 153 160
f 148 160 156
f 149 168 157
f 149 162 170
f 149 170 168
f 150 158 169
f 150 171 163
f 150 169 171
f 151 161 155
f 151 156 161
f 152 159 172
f 153 173 160
f 154 157 227
f 154 227 158
f 155 161 177
f 155 177 166
f 156 160 167
f 156 178 161
f 156 167 174
f 156 174 186
f 156 186 178
f 157 168 227
f 158 227 169
f 159 166 179
f 159 175 172
f 159 179 175
f 160 176 167
f 160 173 176
f 161 189 177
f 161 178 189
f 162 165 187
f 162 184 170
f 162 187 184
f 163 188 164
f 163 171 183
f 163 183 188
f 164 197 173
f 164 188 197
f 165 172 196
f 165 196 187
f 166 177 185
f 166 185 179
f 167 180 174
f 167 176 180
f 168 170 182
f 168 182 227
f 169 181 171
f 169 227 181
f 170 192 182
f 170 184 192
f 171 181 193
f 171 193 183
f 172 175 199
f 172 199 196
f 173 198 176
f 173 197 198
f 174 180 191
f 174 191 186
f 175 179 203
f 175 203 199
f 176 198 180
f 177 194 185
f 177 189 194
f 178 186 195
f 178 195 189
f 179 185 190
f 179 190 209
f 179 209 203
f 180 210 191
f 180 198 204
f 180 204 210
f 181 206 193
f 181 324 206
f 181 227 324
f 182 192 205
f 182 205 325
f 182 325 227
f 183 212 188
f 183 193 212
f 184 187 211
f 184 211 192
f 185 201 190
f 185 194 207
f 185 231 201
f 185 207 231
f 186 191 202
f 186 208 195
f 186 202 230
f 186 230 208
f 187 196 216
f 187 216 211
f 188 215 197
f 188 212 215
f 189 218 194
f 189 195 200
f 189 200 218
f 190 201 228
f 190 228 209
f 191 229 202
f 191 210 229
f 192 222 205
f 192 211 222
f 193 206 221
f 193 221 212
f 194 213 207
f 194 225 213
f 194 218 225
f 195 208 200
f 196 199 223
f 196 223 216
f 197 224 198
f 197 215 224
f 198 235 204
f 198 224 235
f 199 203 248
f 199 236 223
f 199 248 236
f 200 208 214
f 200 214 240
f 200 226 218
f 200 240 226
f 201 253 228
f 201 231 253
f 202 229 254
f 202 254 230
f 203 209 248
f 204 247 210
f 204 235 247
f 205 222 251
f 205 251 325
f 206 252 221
f 206 324 252
f 207 213 243
f 207 243 231
f 208 244 214
f 208 230 244
f 209 228 261
f 209 261 248
f 210 262 229
f 210 247 262
f 211 216 308
f 211 303 222
f 211 308 303
f 212 307 215
f 212 221 304
f 212 304 307
f 213 225 239
f 213 239 263
f 213 257 243
f 213 263 257
f 214 244 240
f 215 319 224
f 215 307 319
f 216 223 320
f 216 320 308
f 217 427 219
f 217 220 428
f 217 429 427
f 217 428 429
f 218 234 225
f 218 226 234
f 219 425 232
f 219 427 425
f 220 233 426
f 220 426 428
f 221 252 316
f 221 316 304
f 222 315 251
f 222 303 315
f 223 236 329
f 223 329 320
f 224 330 235
f 224 319 330
f 225 234 237
f 225 237 239
f 226 238 234
f 226 240 238
f 227 495 324
f 227 325 578
f 227 578 495
f 228 253 299
f 228 299 261
f 229 300 254
f 229 262 300
f 230 298 244
f 230 254 272
f 230 272 298
f 231 243 297
f 231 271 253
f 231 297 271
f 232 423 241
f 232 425 423
f 233 242 422
f 233 422 426
f 234 259 237
f 234 238 259
f 235 330 247
f 236 248 339
f 236 339 329
f 237 255 239
f 237 264 255
f 237 259 264
f 238 240 256
f 238 256 265
f 238 265 259
f 239 255 269
f 239 269 263
f 240 244 258
f 240 270 256
f 240 258 270
f 241 421 245
f 241 423 421
f 242 245 421
f 242 421 422
f 243 257 297
f 244 298 258
f 246 249 266
f 246 280 249
f 246 266 260
f 246 260 301
f 246 277 280
f 246 301 277
f 247 361 262
f 247 330 340
f 247 340 361
f 248 261 360
f 248 360 339
f 249 250 267
f 249 282 250
f 249 267 266
f 249 280 282
f 250 268 267
f 250 322 268
f 250 282 347
f 250 347 322
f 251 315 341
f 251 341 325
f 252 342 316
f 252 324 342
f 253 271 332
f 253 332 299
f 254 333 272
f 254 300 333
f 255 264 288
f 255 292 269
f 255 288 292
f 256 289 265
f 256 270 293
f 256 293 289
f 257 263 326
f 257 317 297
f 257 326 317
f 258 327 270
f 258 298 318
f 258 318 327
f 259 420 264
f 259 265 420
f 260 266 285
f 260 285 323
f 260 345 301
f 260 323 345
f 261 299 397
f 261 397 360
f 262 398 300
f 262 361 398
f 263 269 336
f 263 336 326
f 264 420 288
f 265 289 420
f 266 267 275
f 266 275 285
f 267 268 278
f 267 278 275
f 268 281 278
f 268 344 281
f 268 322 344
f 269 292 336
f 270 337 293
f 270 327 337
f 271 297 368
f 271 351 332
f 271 368 351
f 272 369 298
f 272 333 352
f 272 352 369
f 273 356 274
f 273 274 363
f 273 276 355
f 273 363 276
f 273 355 354
f 273 354 356
f 274 359 279
f 274 279 364
f 274 356 359
f 274 364 363
f 275 278 305
f 275 306 285
f 275 305 309
f 275 309 306
f 276 283 357
f 276 366 283
f 276 357 355
f 276 363 366
f 277 459 280
f 277 301 462
f 277 462 459
f 278 281 302
f 278 302 305
f 279 286 367
f 279 372 286
f 279 359 372
f 279 367 364
f 280 464 282
f 280 459 464
f 281 358 302
f 281 344 358
f 282 476 347
f 282 464 476
f 283 296 362
f 283 370 296
f 283 362 357
f 283 366 370
f 284 395 287
f 284 287 396
f 284 290 402
f 284 403 290
f 284 402 395
f 284 396 403
f 285 306 350
f 285 350 323
f 286 291 376
f 286 379 291
f 286 376 367
f 286 372 379
f 287 294 389
f 287 390 294
f 287 389 396
f 287 395 390
f 288 335 292
f 288 420 335
f 289 293 334
f 289 334 455
f 289 455 420
f 290 404 311
f 290 311 409
f 290 405 402
f 290 403 404
f 290 409 405
f 291 295 381
f 291 386 295
f 291 381 376
f 291 379 386
f 292 335 348
f 292 348 336
f 293 349 334
f 293 337 349
f 294 387 295
f 294 295 389
f 294 390 387
f 295 387 381
f 295 386 389
f 296 310 371
f 296 378 310
f 296 371 362
f 296 370 378
f 297 317 368
f 298 369 318
f 299 332 413
f 299 413 397
f 300 414 333
f 300 398 414
f 301 345 462
f 302 331 305
f 302 321 331
f 302 343 321
f 302 358 343
f 303 308 415
f 303 430 315
f 303 415 430
f 304 416 307
f 304 316 431
f 304 431 416
f 305 346 309
f 305 331 346
f 306 309 328
f 306 328 365
f 306 365 350
f 307 419 319
f 307 416 419
f 308 320 418
f 308 418 415
f 309 353 328
f 309 346 353
f 310 312 374
f 310 388 312
f 310 374 371
f 310 378 388
f 311 410 338
f 311 338 440
f 311 404 410
f 311 440 409
f 312 314 375
f 312 392 314
f 312 375 374
f 312 388 392
f 313 373 314
f 313 314 394
f 313 321 343
f 313 393 321
f 313 343 373
f 313 394 393
f 314 373 375
f 314 392 394
f 315 445 341
f 315 430 445
f 316 342 444
f 316 444 431
f 317 326 382
f 317 382 368
f 318 383 327
f 318 369 383
f 319 434 330
f 319 419 434
f 320 329 433
f 320 433 418
f 321 401 331
f 321 393 401
f 322 494 344
f 322 347 476
f 322 476 494
f 323 574 345
f 323 350 630
f 323 630 574
f 324 444 342
f 324 659 444
f 324 495 659
f 325 341 569
f 325 569 587
f 325 587 578
f 326 336 399
f 326 399 382
f 327 400 337
f 327 383 400
f 328 353 377
f 328 391 365
f 328 377 391
f 329 339 448
f 329 439 433
f 329 448 439
f 330 449 340
f 330 434 438
f 330 438 449
f 331 408 346
f 331 401 408
f 332 351 436
f 332 436 413
f 333 437 352
f 333 414 437
f 334 349 385
f 334 385 455
f 335 384 348
f 335 499 384
f 335 420 499
f 336 348 406
f 336 406 399
f 337 407 349
f 337 400 407
f 338 441 380
f 338 380 467
f 338 410 441
f 338 467 440
f 339 360 448
f 340 449 361
f 341 445 569
f 343 358 537
f 343 537 373
f 344 510 358
f 344 494 510
f 345 475 462
f 345 574 475
f 346 432 353
f 346 408 432
f 348 384 411
f 348 411 406
f 349 412 385
f 349 407 412
f 350 365 518
f 350 518 655
f 350 646 630
f 350 655 646
f 351 368 436
f 352 437 369
f 353 435 377
f 353 432 435
f 354 355 540
f 354 544 356
f 354 540 544
f 355 357 541
f 355 541 540
f 356 548 359
f 356 544 548
f 357 362 543
f 357 543 541
f 358 510 533
f 358 533 537
f 359 568 372
f 359 548 560
f 359 560 568
f 360 397 458
f 360 458 448
f 361 457 398
f 361 449 457
f 362 371 546
f 362 546 543
f 363 364 561
f 363 561 366
f 364 367 562
f 364 562 561
f 365 391 518
f 366 559 370
f 366 561 559
f 367 376 565
f 367 565 562
f 368 382 451
f 368 451 436
f 369 450 383
f 369 437 450
f 370 558 378
f 370 559 558
f 371 374 547
f 371 547 546
f 372 573 379
f 372 568 573
f 373 542 375
f 373 537 542
f 374 375 545
f 374 545 547
f 375 542 545
f 376 381 570
f 376 570 565
f 377 424 391
f 377 472 424
f 377 435 447
f 377 447 472
f 378 557 388
f 378 558 557
f 379 581 386
f 379 573 581
f 380 417 467
f 380 487 417
f 380 441 468
f 380 468 487
f 381 387 575
f 381 575 570
f 382 399 473
f 382 473 451
f 383 463 400
f 383 450 463
f 384 443 411
f 384 499 443
f 385 412 442
f 385 442 455
f 386 581 389
f 387 390 582
f 387 582 575
f 388 556 392
f 388 557 556
f 389 585 396
f 389 581 585
f 390 395 586
f 390 586 582
f 391 424 530
f 391 530 518
f 392 555 394
f 392 556 555
f 393 394 554
f 393 553 401
f 393 554 553
f 394 555 554
f 395 402 601
f 395 601 586
f 396 600 403
f 396 585 600
f 397 413 482
f 397 482 458
f 398 481 414
f 398 457 481
f 399 406 473
f 400 474 407
f 400 463 474
f 401 549 408
f 401 553 549
f 402 405 623
f 402 623 601
f 403 622 404
f 403 600 622
f 404 628 410
f 404 622 628
f 405 409 629
f 405 629 623
f 406 411 473
f 407 474 412
f 408 536 432
f 408 549 536
f 409 440 635
f 409 635 629
f 410 634 441
f 410 628 634
f 411 443 479
f 411 479 473
f 412 480 442
f 412 474 480
f 413 436 492
f 413 492 482
f 414 493 437
f 414 481 493
f 415 418 506
f 415 509 430
f 415 506 502
f 415 502 509
f 416 507 419
f 416 431 508
f 416 501 507
f 416 508 501
f 417 446 486
f 417 487 446
f 417 486 467
f 418 433 512
f 418 512 506
f 419 511 434
f 419 507 511
f 420 455 505
f 420 599 499
f 420 505 793
f 420 793 599
f 421 452 422
f 421 423 453
f 421 453 452
f 422 454 426
f 422 452 454
f 423 425 453
f 424 472 577
f 424 627 530
f 424 577 627
f 425 427 460
f 425 460 453
f 426 470 428
f 426 454 461
f 426 461 470
f 427 429 469
f 427 469 460
f 428 471 429
f 428 470 471
f 429 471 469
f 430 526 445
f 430 509 526
f 431 444 525
f 431 525 508
f 432 523 435
f 432 536 523
f 433 439 520
f 433 520 512
f 434 519 438
f 434 511 519
f 435 517 447
f 435 523 517
f 436 451 504
f 436 498 492
f 436 504 498
f 437 503 450
f 437 493 497
f 437 497 503
f 438 534 449
f 438 519 534
f 439 448 535
f 439 535 520
f 440 467 641
f 440 641 635
f 441 1789 468
f 441 634 642
f 441 642 1789
f 442 500 455
f 442 480 491
f 442 491 500
f 443 490 479
f 443 499 490
f 444 640 525
f 444 659 640
f 445 526 569
f 446 466 456
f 446 456 488
f 446 489 466
f 446 488 486
f 446 487 489
f 447 516 472
f 447 513 516
f 447 517 513
f 448 458 551
f 448 551 535
f 449 550 457
f 449 534 550
f 450 514 463
f 450 503 514
f 451 473 515
f 451 515 504
f 452 453 465
f 452 456 454
f 452 465 456
f 453 460 477
f 453 477 465
f 454 456 466
f 454 478 461
f 454 466 478
f 455 500 735
f 455 735 505
f 456 465 488
f 457 566 481
f 457 550 566
f 458 482 567
f 458 567 551
f 459 462 602
f 459 602 464
f 460 469 483
f 460 483 477
f 461 484 470
f 461 478 484
f 462 475 593
f 462 593 602
f 463 521 474
f 463 514 521
f 464 606 476
f 464 602 605
f 464 605 606
f 465 477 524
f 465 524 488
f 466 527 478
f 466 489 527
f 467 486 649
f 467 649 641
f 468 650 487
f 468 1789 650
f 469 471 1775
f 469 1775 483
f 470 485 471
f 470 484 1796
f 470 1795 485
f 470 1796 1795
f 471 485 1798
f 471 1802 1775
f 471 1798 1797
f 471 1797 1802
f 472 516 577
f 473 479 539
f 473 522 515
f 473 531 522
f 473 539 531
f 474 538 480
f 474 521 532
f 474 532 538
f 475 574 593
f 476 576 494
f 476 606 576
f 477 483 528
f 477 528 524
f 478 529 484
f 478 527 529
f 479 490 564
f 479 564 539
f 480 563 491
f 480 538 563
f 481 571 493
f 481 566 571
f 482 492 572
f 482 572 567
f 483 1800 528
f 483 1775 1802
f 483 1802 1800
f 484 529 1790
f 484 1790 1794
f 484 1794 1796
f 485 496 1763
f 485 1795 496
f 485 1763 1799
f 485 1799 1798
f 486 488 664
f 486 664 649
f 487 681 489
f 487 650 665
f 487 665 681
f 488 524 680
f 488 680 664
f 489 695 527
f 489 681 695
f 490 499 599
f 490 793 564
f 490 599 793
f 491 735 500
f 491 563 735
f 492 498 579
f 492 579 572
f 493 580 497
f 493 571 580
f 494 633 510
f 494 576 633
f 495 578 659
f 496 552 1765
f 496 1774 552
f 496 1765 1763
f 496 1792 1774
f 496 1793 1792
f 496 1795 1793
f 497 580 503
f 498 504 579
f 501 607 507
f 501 508 612
f 501 612 607
f 502 506 608
f 502 613 509
f 502 608 613
f 503 590 514
f 503 580 583
f 503 583 590
f 504 515 591
f 504 584 579
f 504 591 584
f 505 735 846
f 505 845 793
f 505 846 845
f 506 512 611
f 506 611 608
f 507 610 511
f 507 607 610
f 508 525 618
f 508 618 612
f 509 619 526
f 509 613 619
f 510 654 533
f 510 633 654
f 511 615 519
f 511 610 615
f 512 520 614
f 512 614 611
f 513 592 516
f 513 517 592
f 514 594 521
f 514 590 594
f 515 522 595
f 515 595 591
f 516 592 577
f 517 523 609
f 517 609 592
f 518 530 648
f 518 648 655
f 519 620 534
f 519 615 620
f 520 535 625
f 520 621 614
f 520 625 621
f 521 598 532
f 521 594 598
f 522 531 597
f 522 597 595
f 523 536 626
f 523 626 609
f 524 528 711
f 524 694 680
f 524 711 694
f 525 640 618
f 526 619 569
f 527 713 529
f 527 695 713
f 528 588 747
f 528 1761 588
f 528 747 711
f 528 1801 1761
f 528 1800 1801
f 529 713 589
f 529 589 1790
f 530 627 648
f 531 539 603
f 531 603 597
f 532 604 538
f 532 598 604
f 533 671 537
f 533 654 671
f 534 624 550
f 534 620 624
f 535 551 625
f 536 549 643
f 536 643 626
f 537 683 542
f 537 671 701
f 537 701 683
f 538 617 563
f 538 604 617
f 539 564 616
f 539 616 603
f 540 541 697
f 540 698 544
f 540 697 698
f 541 543 696
f 541 696 697
f 542 684 545
f 542 683 684
f 543 546 691
f 543 691 696
f 544 698 548
f 545 685 547
f 545 684 685
f 546 547 688
f 546 688 691
f 547 685 688
f 548 703 560
f 548 698 703
f 549 553 668
f 549 668 643
f 550 631 566
f 550 624 631
f 551 567 632
f 551 632 625
f 552 589 596
f 552 1774 589
f 552 596 637
f 552 637 1764
f 552 1764 1765
f 553 554 676
f 553 676 668
f 554 555 679
f 554 679 676
f 555 556 682
f 555 682 679
f 556 557 686
f 556 686 682
f 557 558 693
f 557 693 686
f 558 559 700
f 558 700 693
f 559 561 704
f 559 704 700
f 560 721 568
f 560 703 721
f 561 562 710
f 561 705 704
f 561 710 705
f 562 565 729
f 562 729 710
f 563 617 735
f 564 793 616
f 565 570 752
f 565 752 729
f 566 638 571
f 566 631 638
f 567 572 639
f 567 639 632
f 568 746 573
f 568 721 746
f 569 757 587
f 569 619 757
f 570 575 774
f 570 774 752
f 571 645 580
f 571 638 645
f 572 579 644
f 572 644 639
f 573 772 581
f 573 746 772
f 574 656 593
f 574 630 656
f 575 582 785
f 575 785 774
f 576 606 675
f 576 675 633
f 577 592 651
f 577 651 627
f 578 587 837
f 578 866 659
f 578 837 866
f 579 584 658
f 579 653 644
f 579 658 653
f 580 657 583
f 580 645 652
f 580 652 657
f 581 784 585
f 581 772 784
f 582 586 792
f 582 792 785
f 583 657 590
f 584 591 658
f 585 791 600
f 585 784 791
f 586 601 792
f 587 757 837
f 588 637 787
f 588 1764 637
f 588 787 747
f 588 1761 1762
f 588 1762 1765
f 588 1765 1764
f 589 636 596
f 589 748 636
f 589 713 748
f 589 1774 1791
f 589 1791 1790
f 590 661 594
f 590 657 661
f 591 595 660
f 591 660 658
f 592 609 651
f 593 670 602
f 593 656 670
f 594 663 598
f 594 661 663
f 595 597 662
f 595 662 660
f 596 636 690
f 596 689 637
f 596 647 689
f 596 690 647
f 597 603 674
f 597 667 662
f 597 674 667
f 598 673 604
f 598 663 666
f 598 666 673
f 600 797 622
f 600 791 797
f 601 623 798
f 601 798 792
f 602 670 605
f 603 616 677
f 603 677 674
f 604 678 617
f 604 673 678
f 605 672 606
f 605 670 672
f 606 672 675
f 607 717 610
f 607 612 719
f 607 715 717
f 607 719 715
f 608 611 718
f 608 720 613
f 608 718 716
f 608 716 720
f 609 626 669
f 609 669 651
f 610 722 615
f 610 717 722
f 611 614 723
f 611 723 718
f 612 618 724
f 612 724 719
f 613 725 619
f 613 720 725
f 614 621 727
f 614 727 723
f 615 726 620
f 615 722 726
f 616 793 677
f 617 678 735
f 618 640 724
f 619 725 757
f 620 726 624
f 621 625 733
f 621 733 727
f 622 912 628
f 622 797 909
f 622 909 912
f 623 629 913
f 623 911 798
f 623 913 911
f 624 740 631
f 624 726 732
f 624 732 740
f 625 632 736
f 625 736 733
f 626 643 687
f 626 687 669
f 627 651 648
f 628 912 634
f 629 635 913
f 630 646 692
f 630 692 656
f 631 749 638
f 631 740 749
f 632 639 706
f 632 706 736
f 633 714 654
f 633 675 714
f 634 914 642
f 634 912 914
f 635 641 915
f 635 915 913
f 636 786 690
f 636 748 786
f 637 689 794
f 637 794 787
f 638 756 645
f 638 749 756
f 639 644 706
f 640 659 758
f 640 860 724
f 640 758 860
f 641 649 906
f 641 906 915
f 642 907 650
f 642 650 1789
f 642 914 907
f 643 668 708
f 643 708 687
f 644 653 754
f 644 754 706
f 645 763 652
f 645 756 763
f 646 655 692
f 647 744 689
f 647 690 745
f 647 702 744
f 647 745 702
f 648 651 699
f 648 699 655
f 649 664 908
f 649 908 906
f 650 901 665
f 650 907 901
f 651 669 699
f 652 763 657
f 653 658 764
f 653 764 754
f 654 741 671
f 654 714 741
f 655 712 692
f 655 699 712
f 656 707 670
f 656 692 707
f 657 770 661
f 657 763 768
f 657 768 770
f 658 660 769
f 658 767 764
f 658 769 767
f 659 866 758
f 660 662 775
f 660 775 769
f 661 776 663
f 661 770 776
f 662 667 779
f 662 779 775
f 663 778 666
f 663 776 778
f 664 680 902
f 664 902 908
f 665 903 681
f 665 901 903
f 666 781 673
f 666 778 781
f 667 674 782
f 667 782 779
f 668 676 743
f 668 743 708
f 669 687 728
f 669 728 699
f 670 707 672
f 671 742 701
f 671 741 742
f 672 709 675
f 672 707 709
f 673 788 678
f 673 781 788
f 674 677 789
f 674 789 782
f 675 709 714
f 676 679 750
f 676 750 743
f 677 793 789
f 678 788 735
f 679 682 751
f 679 751 750
f 680 694 905
f 680 905 902
f 681 904 695
f 681 903 904
f 682 686 753
f 682 753 751
f 683 751 684
f 683 701 750
f 683 750 751
f 684 753 685
f 684 751 753
f 685 755 688
f 685 753 755
f 686 693 755
f 686 755 753
f 687 708 734
f 687 734 728
f 688 762 691
f 688 755 762
f 689 744 800
f 689 800 794
f 690 795 745
f 690 786 795
f 691 771 696
f 691 762 771
f 692 712 707
f 693 700 762
f 693 762 755
f 694 711 900
f 694 900 905
f 695 899 713
f 695 904 899
f 696 777 697
f 696 771 777
f 697 780 698
f 697 777 780
f 698 780 703
f 699 728 712
f 700 704 771
f 700 771 762
f 701 742 743
f 701 743 750
f 702 745 730
f 702 730 760
f 702 760 744
f 703 783 721
f 703 780 783
f 704 705 777
f 704 777 771
f 705 710 783
f 705 780 777
f 705 783 780
f 706 766 736
f 706 738 766
f 706 773 738
f 706 754 773
f 707 737 709
f 707 712 737
f 708 742 734
f 708 743 742
f 709 739 714
f 709 737 739
f 710 729 790
f 710 790 783
f 711 747 887
f 711 887 900
f 712 728 737
f 713 886 748
f 713 899 886
f 714 739 741
f 715 802 717
f 715 719 806
f 715 806 802
f 716 718 803
f 716 807 720
f 716 803 807
f 717 804 722
f 717 802 804
f 718 723 805
f 718 805 803
f 719 724 810
f 719 810 806
f 720 811 725
f 720 807 811
f 721 790 746
f 721 783 790
f 722 808 726
f 722 804 808
f 723 727 809
f 723 809 805
f 724 860 810
f 725 811 757
f 726 812 732
f 726 808 812
f 727 733 818
f 727 813 809
f 727 818 813
f 728 734 737
f 729 752 796
f 729 796 790
f 730 731 760
f 730 761 731
f 730 745 759
f 730 759 761
f 731 738 765
f 731 766 738
f 731 765 760
f 731 761 766
f 732 817 740
f 732 812 817
f 733 736 818
f 734 739 737
f 734 742 739
f 735 788 857
f 735 844 846
f 735 857 844
f 736 766 821
f 736 821 818
f 738 773 765
f 739 742 741
f 740 823 749
f 740 817 823
f 744 760 800
f 745 801 759
f 745 795 801
f 746 796 772
f 746 790 796
f 747 787 888
f 747 888 887
f 748 872 786
f 748 886 872
f 749 825 756
f 749 823 825
f 752 774 799
f 752 799 796
f 754 764 826
f 754 824 773
f 754 826 824
f 756 827 763
f 756 825 827
f 757 811 936
f 757 936 837
f 758 856 860
f 758 866 856
f 759 819 761
f 759 801 814
f 759 814 819
f 760 765 816
f 760 816 800
f 761 820 766
f 761 819 820
f 763 831 768
f 763 827 828
f 763 828 831
f 764 767 830
f 764 829 826
f 764 830 829
f 765 773 822
f 765 822 816
f 766 820 821
f 767 769 830
f 768 831 770
f 769 775 833
f 769 833 830
f 770 834 776
f 770 831 834
f 772 799 784
f 772 796 799
f 773 824 822
f 774 785 815
f 774 815 799
f 775 779 836
f 775 836 833
f 776 835 778
f 776 834 835
f 778 841 781
f 778 835 838
f 778 838 841
f 779 782 840
f 779 839 836
f 779 840 839
f 781 842 788
f 781 841 842
f 782 789 843
f 782 843 840
f 784 815 791
f 784 799 815
f 785 792 832
f 785 832 815
f 786 889 795
f 786 872 889
f 787 794 890
f 787 890 888
f 788 842 857
f 789 793 871
f 789 871 843
f 791 832 797
f 791 815 832
f 792 798 847
f 792 847 832
f 793 845 871
f 794 800 892
f 794 892 890
f 795 891 801
f 795 889 891
f 797 832 847
f 797 847 910
f 797 910 909
f 798 910 847
f 798 911 910
f 800 816 894
f 800 894 892
f 801 893 814
f 801 891 893
f 802 854 804
f 802 806 853
f 802 853 855
f 802 855 854
f 803 805 876
f 803 877 807
f 803 876 875
f 803 875 877
f 804 852 808
f 804 854 852
f 805 809 878
f 805 878 876
f 806 810 849
f 806 849 853
f 807 882 811
f 807 877 882
f 808 851 812
f 808 852 851
f 809 813 880
f 809 880 878
f 810 860 849
f 811 882 936
f 812 851 817
f 813 818 881
f 813 881 880
f 814 896 819
f 814 893 895
f 814 895 896
f 816 822 873
f 816 873 894
f 817 848 823
f 817 850 848
f 817 851 850
f 818 821 881
f 819 897 820
f 819 896 897
f 820 898 821
f 820 897 898
f 821 898 881
f 822 824 879
f 822 874 873
f 822 879 874
f 823 865 825
f 823 848 865
f 824 826 879
f 825 865 827
f 826 829 884
f 826 883 879
f 826 884 883
f 827 864 828
f 827 865 864
f 828 864 831
f 829 830 884
f 830 833 885
f 830 885 884
f 831 863 834
f 831 864 863
f 833 836 867
f 833 867 885
f 834 862 835
f 834 863 862
f 835 861 838
f 835 862 861
f 836 839 868
f 836 868 867
f 837 923 866
f 837 936 923
f 838 859 841
f 838 861 859
f 839 840 869
f 839 869 868
f 840 843 870
f 840 870 869
f 841 858 842
f 841 859 858
f 842 858 857
f 843 871 870
f 844 1161 846
f 844 857 1055
f 844 1055 1161
f 845 846 1021
f 845 1024 871
f 845 1021 1179
f 845 1179 1024
f 846 1161 1021
f 848 850 943
f 848 938 865
f 848 943 938
f 849 954 853
f 849 860 950
f 849 950 954
f 850 851 948
f 850 948 943
f 851 852 952
f 851 952 948
f 852 854 956
f 852 956 952
f 853 958 855
f 853 954 958
f 854 855 958
f 854 958 956
f 856 1111 860
f 856 866 1260
f 856 1260 1111
f 857 858 918
f 857 918 972
f 857 972 1055
f 858 859 919
f 858 919 918
f 859 861 921
f 859 921 919
f 860 1034 950
f 860 1141 1034
f 860 1111 1141
f 861 862 925
f 861 925 921
f 862 863 926
f 862 926 925
f 863 864 929
f 863 929 926
f 864 865 933
f 864 932 929
f 864 933 932
f 865 935 933
f 865 938 935
f 866 923 1173
f 866 1173 1178
f 866 1178 1260
f 867 868 924
f 867 927 885
f 867 924 927
f 868 869 922
f 868 922 924
f 869 870 920
f 869 920 922
f 870 871 917
f 870 917 920
f 871 971 917
f 871 1083 971
f 871 1024 1083
f 872 886 1010
f 872 974 889
f 872 1010 974
f 873 874 939
f 873 945 894
f 873 939 945
f 874 879 939
f 875 876 959
f 875 959 877
f 876 878 957
f 876 957 959
f 877 955 882
f 877 959 955
f 878 880 953
f 878 953 957
f 879 883 934
f 879 934 937
f 879 937 939
f 880 881 944
f 880 944 949
f 880 949 953
f 881 898 940
f 881 940 944
f 882 951 936
f 882 955 951
f 883 884 931
f 883 931 934
f 884 885 930
f 884 930 931
f 885 927 930
f 886 899 1046
f 886 1046 1010
f 887 888 1011
f 887 1048 900
f 887 1011 1048
f 888 890 973
f 888 973 1011
f 889 966 891
f 889 974 966
f 890 892 967
f 890 967 973
f 891 960 893
f 891 966 960
f 892 894 961
f 892 961 967
f 893 947 895
f 893 960 947
f 894 945 961
f 895 947 896
f 896 942 897
f 896 947 942
f 897 941 898
f 897 942 941
f 898 941 940
f 899 904 1065
f 899 1065 1046
f 900 1066 905
f 900 1048 1066
f 901 1096 903
f 901 907 1110
f 901 1110 1096
f 902 905 1080
f 902 1095 908
f 902 1080 1095
f 903 1079 904
f 903 1096 1079
f 904 1079 1065
f 905 1066 1080
f 906 908 1109
f 906 1119 915
f 906 1109 1119
f 907 914 1125
f 907 1120 1110
f 907 1125 1120
f 908 1095 1109
f 909 910 963
f 909 1137 912
f 909 963 1137
f 910 911 964
f 910 916 963
f 910 964 916
f 911 913 1138
f 911 1138 964
f 912 1125 914
f 912 1131 1125
f 912 1137 1131
f 913 915 1126
f 913 1126 1132
f 913 1132 1138
f 915 1119 1126
f 916 928 963
f 916 968 928
f 916 964 968
f 917 979 920
f 917 971 979
f 918 919 978
f 918 978 972
f 919 921 981
f 919 981 978
f 920 982 922
f 920 979 982
f 921 925 981
f 922 982 924
f 923 936 1112
f 923 1112 1173
f 924 985 927
f 924 982 985
f 925 926 984
f 925 984 981
f 926 929 990
f 926 990 984
f 927 991 930
f 927 985 991
f 928 946 969
f 928 975 946
f 928 969 963
f 928 968 975
f 929 932 996
f 929 992 990
f 929 996 992
f 930 997 931
f 930 991 993
f 930 993 997
f 931 997 934
f 932 933 996
f 933 935 1002
f 933 1002 996
f 934 987 937
f 934 1004 987
f 934 997 1004
f 935 938 1009
f 935 1009 1002
f 936 951 1035
f 936 1035 1142
f 936 1142 1112
f 937 987 939
f 938 943 1018
f 938 1018 1009
f 939 995 945
f 939 987 995
f 940 941 994
f 940 1027 944
f 940 994 1023
f 940 1023 1027
f 941 942 999
f 941 999 994
f 942 947 1001
f 942 1001 999
f 943 948 1032
f 943 1026 1018
f 943 1032 1026
f 944 1027 949
f 945 1000 961
f 945 995 1000
f 946 962 976
f 946 986 962
f 946 976 969
f 946 975 986
f 947 960 1001
f 948 952 1032
f 949 1033 953
f 949 1027 1033
f 950 1039 954
f 950 1034 1039
f 951 955 1040
f 951 1040 1035
f 952 956 1036
f 952 1036 1032
f 953 1037 957
f 953 1033 1037
f 954 1043 958
f 954 1039 1043
f 955 959 1044
f 955 1044 1040
f 956 958 1041
f 956 1041 1036
f 957 1042 959
f 957 1037 1042
f 958 1043 1041
f 959 1042 1044
f 960 966 1013
f 960 1013 1001
f 961 1071 967
f 961 1000 1014
f 961 1014 1071
f 962 965 988
f 962 1006 965
f 962 988 976
f 962 986 1006
f 963 969 1160
f 963 1160 1137
f 964 1159 968
f 964 1138 1159
f 965 970 1012
f 965 1030 970
f 965 1012 988
f 965 1006 1030
f 966 974 1070
f 966 1070 1013
f 967 1123 973
f 967 1071 1123
f 968 1180 975
f 968 1159 1174
f 968 1174 1180
f 969 976 1175
f 969 1175 1160
f 970 977 1038
f 970 1049 977
f 970 1038 1012
f 970 1030 1049
f 971 1086 979
f 971 1083 1086
f 972 978 1087
f 972 1082 1055
f 972 1087 1082
f 973 1172 1011
f 973 1123 1172
f 974 1010 1124
f 974 1124 1070
f 975 1186 986
f 975 1180 1186
f 976 988 1181
f 976 1181 1175
f 977 1054 980
f 977 980 1057
f 977 1057 1038
f 977 1049 1054
f 978 981 1093
f 978 1093 1087
f 979 1094 982
f 979 1086 1094
f 980 1054 983
f 980 983 1063
f 980 1062 1057
f 980 1063 1062
f 981 984 1097
f 981 1097 1093
f 982 1098 985
f 982 1094 1098
f 983 1056 989
f 983 989 1064
f 983 1054 1056
f 983 1064 1063
f 984 990 1099
f 984 1099 1097
f 985 1100 991
f 985 1098 1100
f 986 1191 1006
f 986 1186 1191
f 987 1020 995
f 987 1004 1053
f 987 1053 1020
f 988 1012 1188
f 988 1188 1181
f 989 1060 998
f 989 998 1069
f 989 1056 1060
f 989 1069 1064
f 990 992 1101
f 990 1101 1099
f 991 1102 993
f 991 1100 1102
f 992 996 1101
f 993 1102 997
f 994 999 1028
f 994 1028 1020
f 994 1020 1053
f 994 1053 1023
f 995 1028 1000
f 995 1020 1028
f 996 1002 1117
f 996 1106 1101
f 996 1117 1106
f 997 1107 1004
f 997 1102 1107
f 998 1067 1003
f 998 1003 1072
f 998 1060 1067
f 998 1072 1069
f 999 1001 1029
f 999 1029 1028
f 1000 1058 1014
f 1000 1028 1029
f 1000 1029 1058
f 1001 1013 1029
f 1002 1009 1121
f 1002 1121 1117
f 1003 1074 1005
f 1003 1005 1075
f 1003 1067 1074
f 1003 1075 1072
f 1004 1116 1053
f 1004 1107 1116
f 1005 1007 1076
f 1005 1078 1007
f 1005 1074 1078
f 1005 1076 1075
f 1006 1195 1030
f 1006 1191 1195
f 1007 1008 1077
f 1007 1081 1008
f 1007 1077 1076
f 1007 1078 1081
f 1008 1015 1059
f 1008 1084 1015
f 1008 1059 1077
f 1008 1081 1084
f 1009 1018 1128
f 1009 1128 1121
f 1010 1046 1171
f 1010 1171 1124
f 1011 1232 1048
f 1011 1172 1232
f 1012 1038 1192
f 1012 1192 1188
f 1013 1058 1029
f 1013 1114 1058
f 1013 1070 1114
f 1014 1058 1114
f 1014 1114 1071
f 1015 1051 1016
f 1015 1016 1059
f 1015 1092 1051
f 1015 1084 1092
f 1016 1019 1017
f 1016 1017 1089
f 1016 1025 1019
f 1016 1051 1025
f 1016 1089 1059
f 1017 1019 1045
f 1017 1045 1105
f 1017 1105 1089
f 1018 1026 1135
f 1018 1135 1128
f 1019 1025 1022
f 1019 1022 1050
f 1019 1050 1045
f 1021 1161 1255
f 1021 1255 1179
f 1022 1025 1031
f 1022 1031 1047
f 1022 1047 1052
f 1022 1052 1050
f 1023 1136 1027
f 1023 1053 1129
f 1023 1129 1136
f 1024 1144 1083
f 1024 1197 1144
f 1024 1179 1303
f 1024 1268 1197
f 1024 1315 1268
f 1024 1303 1315
f 1025 1073 1031
f 1025 1051 1073
f 1026 1032 1139
f 1026 1139 1135
f 1027 1136 1033
f 1030 1198 1049
f 1030 1195 1198
f 1031 1061 1047
f 1031 1091 1061
f 1031 1073 1091
f 1032 1036 1145
f 1032 1145 1139
f 1033 1146 1037
f 1033 1136 1140
f 1033 1140 1146
f 1034 1147 1039
f 1034 1141 1147
f 1035 1040 1148
f 1035 1148 1142
f 1036 1041 1149
f 1036 1149 1145
f 1037 1150 1042
f 1037 1146 1150
f 1038 1057 1200
f 1038 1200 1192
f 1039 1152 1043
f 1039 1147 1152
f 1040 1044 1153
f 1040 1153 1148
f 1041 1043 1152
f 1041 1152 1149
f 1042 1153 1044
f 1042 1150 1153
f 1045 1050 1085
f 1045 1085 1127
f 1045 1127 1105
f 1046 1065 1233
f 1046 1231 1171
f 1046 1233 1231
f 1047 1068 1052
f 1047 1061 1104
f 1047 1104 1068
f 1048 1236 1066
f 1048 1232 1236
f 1049 1199 1054
f 1049 1198 1199
f 1050 1052 1088
f 1050 1088 1085
f 1051 1118 1073
f 1051 1092 1118
f 1052 1068 1103
f 1052 1090 1088
f 1052 1103 1090
f 1053 1116 1122
f 1053 1122 1129
f 1054 1199 1056
f 1055 1082 1143
f 1055 1143 1161
f 1056 1201 1060
f 1056 1199 1201
f 1057 1062 1212
f 1057 1212 1200
f 1059 1223 1077
f 1059 1089 1223
f 1060 1202 1067
f 1060 1201 1202
f 1061 1091 1108
f 1061 1113 1104
f 1061 1108 1113
f 1062 1063 1220
f 1062 1216 1212
f 1062 1220 1216
f 1063 1064 1219
f 1063 1219 1220
f 1064 1069 1217
f 1064 1217 1219
f 1065 1079 1269
f 1065 1269 1233
f 1066 1236 1080
f 1067 1203 1074
f 1067 1202 1203
f 1068 1130 1103
f 1068 1104 1115
f 1068 1115 1130
f 1069 1072 1214
f 1069 1214 1217
f 1070 1164 1114
f 1070 1124 1164
f 1071 1114 1164
f 1071 1164 1123
f 1072 1075 1213
f 1072 1213 1214
f 1073 1134 1091
f 1073 1118 1134
f 1074 1204 1078
f 1074 1203 1204
f 1075 1076 1215
f 1075 1215 1213
f 1076 1077 1218
f 1076 1218 1215
f 1077 1223 1218
f 1078 1205 1081
f 1078 1204 1205
f 1079 1096 1272
f 1079 1272 1269
f 1080 1270 1095
f 1080 1236 1270
f 1081 1206 1084
f 1081 1205 1206
f 1082 1087 1156
f 1082 1156 1143
f 1083 1157 1086
f 1083 1144 1157
f 1084 1207 1092
f 1084 1206 1207
f 1085 1088 1154
f 1085 1185 1127
f 1085 1154 1185
f 1086 1163 1094
f 1086 1157 1163
f 1087 1093 1162
f 1087 1162 1156
f 1088 1090 1155
f 1088 1155 1154
f 1089 1105 1227
f 1089 1227 1223
f 1090 1103 1167
f 1090 1158 1155
f 1090 1167 1158
f 1091 1151 1108
f 1091 1134 1151
f 1092 1211 1118
f 1092 1207 1211
f 1093 1097 1162
f 1094 1163 1098
f 1095 1271 1109
f 1095 1270 1271
f 1096 1110 1272
f 1097 1099 1165
f 1097 1165 1162
f 1098 1166 1100
f 1098 1163 1166
f 1099 1101 1170
f 1099 1170 1165
f 1100 1169 1102
f 1100 1166 1169
f 1101 1106 1182
f 1101 1176 1170
f 1101 1182 1176
f 1102 1183 1107
f 1102 1169 1177
f 1102 1177 1183
f 1103 1130 1187
f 1103 1187 1167
f 1104 1113 1242
f 1104 1409 1115
f 1104 1242 1409
f 1105 1127 1250
f 1105 1250 1227
f 1106 1117 1182
f 1107 1183 1116
f 1108 1133 1113
f 1108 1184 1133
f 1108 1151 1168
f 1108 1168 1184
f 1109 1290 1119
f 1109 1271 1290
f 1110 1120 1803
f 1110 1291 1272
f 1110 1803 1291
f 1111 1235 1141
f 1111 1260 1235
f 1112 1142 1234
f 1112 1313 1173
f 1112 1234 1313
f 1113 1133 1230
f 1113 1230 1242
f 1115 1409 1130
f 1116 1189 1122
f 1116 1183 1189
f 1117 1121 1190
f 1117 1190 1182
f 1118 1224 1134
f 1118 1211 1224
f 1119 1317 1126
f 1119 1290 1317
f 1120 1125 1318
f 1120 1318 1803
f 1121 1128 1193
f 1121 1193 1190
f 1122 1194 1129
f 1122 1189 1194
f 1123 1164 1208
f 1123 1208 1172
f 1124 1171 1164
f 1125 1131 1348
f 1125 1348 1318
f 1126 1347 1132
f 1126 1317 1347
f 1127 1185 1264
f 1127 1264 1250
f 1128 1135 1209
f 1128 1209 1193
f 1129 1210 1136
f 1129 1194 1210
f 1130 1436 1187
f 1130 1409 1436
f 1131 1137 1353
f 1131 1353 1348
f 1132 1354 1138
f 1132 1347 1354
f 1133 1184 1334
f 1133 1334 1230
f 1134 1237 1151
f 1134 1224 1237
f 1135 1139 1240
f 1135 1225 1209
f 1135 1240 1225
f 1136 1226 1140
f 1136 1210 1226
f 1137 1160 1355
f 1137 1355 1353
f 1138 1356 1159
f 1138 1354 1356
f 1139 1145 1240
f 1140 1241 1146
f 1140 1226 1241
f 1141 1251 1147
f 1141 1235 1251
f 1142 1148 1252
f 1142 1252 1234
f 1143 1156 1222
f 1143 1196 1161
f 1143 1222 1196
f 1144 1221 1157
f 1144 1197 1221
f 1145 1149 1248
f 1145 1248 1240
f 1146 1249 1150
f 1146 1241 1249
f 1147 1258 1152
f 1147 1251 1258
f 1148 1153 1259
f 1148 1259 1252
f 1149 1152 1253
f 1149 1253 1248
f 1150 1254 1153
f 1150 1249 1254
f 1151 1243 1168
f 1151 1237 1243
f 1152 1258 1253
f 1153 1254 1259
f 1154 1155 1294
f 1154 1282 1185
f 1154 1294 1282
f 1155 1158 1294
f 1156 1162 1228
f 1156 1228 1222
f 1157 1229 1163
f 1157 1221 1229
f 1158 1167 1296
f 1158 1299 1294
f 1158 1296 1299
f 1159 1363 1174
f 1159 1356 1363
f 1160 1175 1362
f 1160 1362 1355
f 1161 1196 1267
f 1161 1373 1255
f 1161 1267 1316
f 1161 1316 1373
f 1162 1165 1239
f 1162 1239 1228
f 1163 1238 1166
f 1163 1229 1238
f 1164 1171 1208
f 1165 1170 1246
f 1165 1246 1239
f 1166 1245 1169
f 1166 1238 1245
f 1167 1187 1283
f 1167 1283 1296
f 1168 1244 1184
f 1168 1243 1247
f 1168 1247 1244
f 1169 1256 1177
f 1169 1245 1256
f 1170 1176 1257
f 1170 1257 1246
f 1171 1776 1208
f 1171 1231 1777
f 1171 1778 1776
f 1171 1777 1778
f 1172 1208 1784
f 1172 1767 1232
f 1172 1766 1767
f 1172 1784 1766
f 1173 1389 1178
f 1173 1313 1418
f 1173 1435 1389
f 1173 1418 1506
f 1173 1506 1435
f 1174 1368 1180
f 1174 1363 1368
f 1175 1181 1369
f 1175 1369 1362
f 1176 1182 1257
f 1177 1256 1183
f 1178 1350 1260
f 1178 1389 1350
f 1179 1255 1471
f 1179 1470 1303
f 1179 1494 1470
f 1179 1471 1495
f 1179 1499 1494
f 1179 1495 1499
f 1180 1371 1186
f 1180 1368 1371
f 1181 1188 1379
f 1181 1372 1369
f 1181 1379 1372
f 1182 1190 1265
f 1182 1262 1257
f 1182 1265 1262
f 1183 1266 1189
f 1183 1256 1261
f 1183 1261 1266
f 1184 1244 1286
f 1184 1286 1334
f 1185 1282 1264
f 1186 1377 1191
f 1186 1371 1377
f 1187 1413 1283
f 1187 1436 1413
f 1188 1192 1386
f 1188 1386 1379
f 1189 1277 1194
f 1189 1266 1277
f 1190 1193 1276
f 1190 1276 1265
f 1191 1382 1195
f 1191 1377 1382
f 1192 1200 1400
f 1192 1400 1386
f 1193 1209 1301
f 1193 1301 1276
f 1194 1300 1210
f 1194 1277 1300
f 1195 1392 1198
f 1195 1382 1392
f 1196 1222 1278
f 1196 1278 1267
f 1197 1279 1221
f 1197 1268 1279
f 1198 1395 1199
f 1198 1392 1395
f 1199 1393 1201
f 1199 1396 1393
f 1199 1395 1396
f 1200 1212 1403
f 1200 1403 1400
f 1201 1388 1202
f 1201 1393 1388
f 1202 1380 1203
f 1202 1388 1380
f 1203 1370 1204
f 1203 1380 1370
f 1204 1366 1205
f 1204 1370 1366
f 1205 1364 1206
f 1205 1366 1364
f 1206 1365 1207
f 1206 1364 1365
f 1207 1357 1211
f 1207 1365 1357
f 1208 1776 1263
f 1208 1263 1784
f 1209 1225 1309
f 1209 1309 1301
f 1210 1310 1226
f 1210 1300 1310
f 1211 1349 1224
f 1211 1357 1349
f 1212 1216 1403
f 1213 1387 1214
f 1213 1215 1384
f 1213 1384 1387
f 1214 1397 1217
f 1214 1387 1397
f 1215 1218 1383
f 1215 1383 1384
f 1216 1220 1405
f 1216 1405 1403
f 1217 1402 1219
f 1217 1397 1402
f 1218 1223 1385
f 1218 1385 1383
f 1219 1404 1220
f 1219 1402 1404
f 1220 1404 1405
f 1221 1285 1229
f 1221 1279 1285
f 1222 1228 1284
f 1222 1284 1278
f 1223 1227 1401
f 1223 1416 1385
f 1223 1401 1416
f 1224 1326 1237
f 1224 1349 1326
f 1225 1240 1320
f 1225 1320 1309
f 1226 1310 1241
f 1227 1250 1401
f 1228 1239 1284
f 1229 1285 1238
f 1230 1367 1242
f 1230 1334 1367
f 1231 1233 1280
f 1231 1280 1274
f 1231 1274 1777
f 1232 1769 1236
f 1232 1771 1275
f 1232 1275 1781
f 1232 1767 1773
f 1232 1781 1769
f 1232 1773 1771
f 1233 1269 1292
f 1233 1292 1280
f 1234 1252 1328
f 1234 1328 1313
f 1235 1327 1251
f 1235 1260 1314
f 1235 1314 1327
f 1236 1293 1270
f 1236 1281 1293
f 1236 1769 1281
f 1237 1323 1243
f 1237 1326 1323
f 1238 1285 1245
f 1239 1246 1295
f 1239 1295 1284
f 1240 1248 1324
f 1240 1324 1320
f 1241 1325 1249
f 1241 1310 1319
f 1241 1319 1325
f 1242 1367 1394
f 1242 1394 1409
f 1243 1311 1247
f 1243 1323 1311
f 1244 1247 1311
f 1244 1311 1286
f 1245 1308 1256
f 1245 1285 1308
f 1246 1257 1307
f 1246 1307 1295
f 1248 1253 1338
f 1248 1338 1324
f 1249 1339 1254
f 1249 1325 1339
f 1250 1264 1415
f 1250 1415 1401
f 1251 1341 1258
f 1251 1327 1341
f 1252 1259 1342
f 1252 1342 1328
f 1253 1258 1341
f 1253 1341 1338
f 1254 1342 1259
f 1254 1339 1342
f 1255 1373 1424
f 1255 1424 1471
f 1256 1321 1261
f 1256 1308 1321
f 1257 1262 1322
f 1257 1322 1307
f 1260 1417 1314
f 1260 1350 1434
f 1260 1507 1417
f 1260 1434 1507
f 1261 1321 1266
f 1262 1265 1322
f 1263 1273 1768
f 1263 1782 1273
f 1263 1768 1784
f 1263 1776 1779
f 1263 1779 1780
f 1263 1780 1783
f 1263 1783 1782
f 1264 1282 1437
f 1264 1437 1415
f 1265 1276 1343
f 1265 1343 1322
f 1266 1344 1277
f 1266 1321 1344
f 1267 1278 1316
f 1268 1315 1279
f 1269 1272 1312
f 1269 1312 1292
f 1270 1312 1271
f 1270 1293 1302
f 1270 1302 1312
f 1271 1340 1290
f 1271 1312 1340
f 1272 1291 1378
f 1272 1340 1312
f 1272 1378 1340
f 1273 1288 1287
f 1273 1287 1786
f 1273 1782 1288
f 1273 1766 1768
f 1273 1772 1766
f 1273 1786 1772
f 1274 1280 1297
f 1274 1297 1288
f 1274 1288 1783
f 1274 1778 1777
f 1274 1780 1778
f 1274 1783 1780
f 1275 1289 1298
f 1275 1805 1289
f 1275 1298 1781
f 1275 1771 1785
f 1275 1785 1805
f 1276 1301 1360
f 1276 1360 1343
f 1277 1361 1300
f 1277 1344 1361
f 1278 1284 1346
f 1278 1346 1316
f 1279 1345 1285
f 1279 1315 1345
f 1280 1292 1304
f 1280 1304 1297
f 1281 1305 1293
f 1281 1298 1305
f 1281 1781 1298
f 1281 1769 1781
f 1282 1294 1477
f 1282 1412 1437
f 1282 1477 1412
f 1283 1413 1296
f 1284 1295 1358
f 1284 1351 1346
f 1284 1358 1351
f 1285 1376 1308
f 1285 1345 1352
f 1285 1352 1359
f 1285 1359 1376
f 1286 1311 1381
f 1286 1381 1334
f 1287 1288 1331
f 1287 1331 1329
f 1287 1329 1760
f 1287 1760 1806
f 1287 1787 1786
f 1287 1788 1787
f 1287 1806 1788
f 1288 1297 1333
f 1288 1333 1331
f 1288 1782 1783
f 1289 1330 1298
f 1289 1329 1330
f 1289 1760 1329
f 1289 1805 1760
f 1290 1421 1317
f 1290 1340 1378
f 1290 1378 1421
f 1291 1318 1378
f 1291 1803 1318
f 1292 1302 1304
f 1292 1312 1302
f 1293 1306 1302
f 1293 1305 1306
f 1294 1299 1479
f 1294 1479 1477
f 1295 1307 1375
f 1295 1375 1358
f 1296 1482 1299
f 1296 1413 1458
f 1296 1458 1482
f 1297 1304 1333
f 1298 1332 1305
f 1298 1330 1332
f 1299 1482 1479
f 1300 1399 1310
f 1300 1361 1399
f 1301 1309 1398
f 1301 1398 1360
f 1302 1306 1304
f 1303 1374 1315
f 1303 1425 1374
f 1303 1470 1425
f 1304 1306 1336
f 1304 1336 1333
f 1305 1337 1306
f 1305 1332 1335
f 1305 1335 1337
f 1306 1337 1336
f 1307 1322 1390
f 1307 1390 1375
f 1308 1391 1321
f 1308 1376 1391
f 1309 1320 1429
f 1309 1419 1398
f 1309 1429 1419
f 1310 1420 1319
f 1310 1399 1420
f 1311 1323 1381
f 1313 1328 1443
f 1313 1443 1418
f 1314 1444 1327
f 1314 1417 1444
f 1315 1374 1345
f 1316 1346 1373
f 1317 1448 1347
f 1317 1421 1448
f 1318 1348 1421
f 1318 1421 1378
f 1319 1430 1325
f 1319 1420 1430
f 1320 1324 1429
f 1321 1426 1344
f 1321 1391 1407
f 1321 1407 1426
f 1322 1343 1427
f 1322 1408 1390
f 1322 1427 1408
f 1323 1326 1406
f 1323 1406 1381
f 1324 1338 1440
f 1324 1440 1429
f 1325 1439 1339
f 1325 1430 1439
f 1326 1349 1414
f 1326 1414 1406
f 1327 1455 1341
f 1327 1444 1455
f 1328 1342 1456
f 1328 1456 1443
f 1329 1540 1330
f 1329 1331 1540
f 1330 1537 1332
f 1330 1540 1537
f 1331 1333 1538
f 1331 1538 1540
f 1332 1526 1335
f 1332 1537 1526
f 1333 1336 1525
f 1333 1525 1538
f 1334 1381 1367
f 1335 1516 1337
f 1335 1526 1516
f 1336 1337 1517
f 1336 1517 1525
f 1337 1516 1513
f 1337 1513 1517
f 1338 1341 1451
f 1338 1451 1440
f 1339 1452 1342
f 1339 1439 1452
f 1341 1455 1451
f 1342 1452 1456
f 1343 1360 1459
f 1343 1459 1427
f 1344 1460 1361
f 1344 1426 1460
f 1345 1410 1352
f 1345 1374 1410
f 1346 1351 1411
f 1346 1411 1373
f 1347 1469 1354
f 1347 1448 1469
f 1348 1353 1448
f 1348 1448 1421
f 1349 1357 1428
f 1349 1428 1414
f 1350 1389 1602
f 1350 1554 1434
f 1350 1577 1554
f 1350 1591 1577
f 1350 1602 1591
f 1351 1358 1423
f 1351 1423 1411
f 1352 1422 1359
f 1352 1410 1422
f 1353 1355 1469
f 1353 1469 1448
f 1354 1469 1356
f 1355 1362 1475
f 1355 1475 1469
f 1356 1475 1363
f 1356 1469 1475
f 1357 1365 1438
f 1357 1438 1428
f 1358 1375 1433
f 1358 1433 1423
f 1359 1432 1376
f 1359 1422 1432
f 1360 1398 1496
f 1360 1496 1459
f 1361 1497 1399
f 1361 1460 1497
f 1362 1369 1472
f 1362 1472 1475
f 1363 1472 1368
f 1363 1475 1472
f 1364 1446 1365
f 1364 1366 1445
f 1364 1445 1446
f 1365 1446 1438
f 1366 1370 1447
f 1366 1447 1445
f 1367 1381 1431
f 1367 1431 1394
f 1368 1465 1371
f 1368 1472 1465
f 1369 1372 1464
f 1369 1464 1465
f 1369 1465 1472
f 1370 1380 1449
f 1370 1449 1447
f 1371 1464 1377
f 1371 1465 1464
f 1372 1379 1468
f 1372 1468 1464
f 1373 1411 1424
f 1374 1425 1410
f 1375 1390 1441
f 1375 1441 1433
f 1376 1442 1391
f 1376 1432 1442
f 1377 1468 1382
f 1377 1464 1468
f 1379 1386 1473
f 1379 1473 1468
f 1380 1388 1463
f 1380 1463 1449
f 1381 1406 1431
f 1382 1473 1392
f 1382 1468 1473
f 1383 1447 1384
f 1383 1385 1445
f 1383 1445 1447
f 1384 1449 1387
f 1384 1447 1449
f 1385 1416 1446
f 1385 1446 1445
f 1386 1400 1480
f 1386 1480 1473
f 1387 1463 1397
f 1387 1449 1463
f 1388 1393 1476
f 1388 1476 1463
f 1389 1435 1576
f 1389 1576 1590
f 1389 1590 1601
f 1389 1601 1605
f 1389 1605 1602
f 1390 1408 1488
f 1390 1461 1441
f 1390 1488 1461
f 1391 1487 1407
f 1391 1442 1462
f 1391 1462 1487
f 1392 1480 1395
f 1392 1473 1480
f 1393 1396 1483
f 1393 1483 1476
f 1394 1453 1409
f 1394 1431 1453
f 1395 1485 1396
f 1395 1480 1485
f 1396 1486 1483
f 1396 1485 1486
f 1397 1476 1402
f 1397 1463 1476
f 1398 1419 1510
f 1398 1510 1496
f 1399 1511 1420
f 1399 1497 1511
f 1400 1403 1485
f 1400 1485 1480
f 1401 1415 1478
f 1401 1457 1416
f 1401 1478 1457
f 1402 1483 1404
f 1402 1476 1483
f 1403 1405 1486
f 1403 1486 1485
f 1404 1486 1405
f 1404 1483 1486
f 1406 1414 1450
f 1406 1450 1431
f 1407 1487 1426
f 1408 1427 1488
f 1409 1474 1436
f 1409 1453 1474
f 1410 1466 1422
f 1410 1425 1466
f 1411 1423 1467
f 1411 1467 1424
f 1412 1508 1437
f 1412 1477 1508
f 1413 1436 1498
f 1413 1498 1458
f 1414 1428 1454
f 1414 1454 1450
f 1415 1437 1491
f 1415 1491 1478
f 1416 1438 1446
f 1416 1457 1438
f 1417 1507 1444
f 1418 1443 1506
f 1419 1429 1522
f 1419 1522 1510
f 1420 1511 1430
f 1422 1489 1432
f 1422 1466 1489
f 1423 1433 1490
f 1423 1490 1467
f 1424 1467 1471
f 1425 1470 1466
f 1426 1504 1460
f 1426 1487 1504
f 1427 1459 1505
f 1427 1505 1488
f 1428 1438 1457
f 1428 1457 1454
f 1429 1440 1533
f 1429 1533 1522
f 1430 1534 1439
f 1430 1511 1523
f 1430 1523 1534
f 1431 1450 1453
f 1432 1500 1442
f 1432 1489 1500
f 1433 1441 1501
f 1433 1501 1490
f 1434 1554 1507
f 1435 1506 1553
f 1435 1553 1576
f 1436 1474 1498
f 1437 1508 1491
f 1439 1542 1452
f 1439 1534 1542
f 1440 1451 1541
f 1440 1541 1533
f 1441 1461 1515
f 1441 1515 1501
f 1442 1500 1462
f 1443 1456 1535
f 1443 1535 1506
f 1444 1536 1455
f 1444 1507 1536
f 1450 1484 1453
f 1450 1454 1484
f 1451 1455 1546
f 1451 1546 1541
f 1452 1545 1456
f 1452 1542 1545
f 1453 1484 1474
f 1454 1457 1481
f 1454 1481 1484
f 1455 1536 1546
f 1456 1545 1535
f 1457 1478 1481
f 1458 1512 1482
f 1458 1498 1512
f 1459 1496 1530
f 1459 1530 1505
f 1460 1529 1497
f 1460 1504 1529
f 1461 1488 1527
f 1461 1527 1515
f 1462 1528 1487
f 1462 1500 1514
f 1462 1514 1528
f 1466 1470 1502
f 1466 1502 1489
f 1467 1503 1471
f 1467 1490 1503
f 1470 1494 1502
f 1471 1503 1495
f 1474 1484 1493
f 1474 1493 1498
f 1477 1479 1509
f 1477 1509 1508
f 1478 1491 1481
f 1479 1482 1512
f 1479 1512 1509
f 1481 1492 1484
f 1481 1491 1492
f 1484 1492 1493
f 1487 1528 1504
f 1488 1505 1527
f 1489 1519 1500
f 1489 1502 1519
f 1490 1501 1518
f 1490 1518 1503
f 1491 1508 1492
f 1492 1509 1493
f 1492 1508 1509
f 1493 1512 1498
f 1493 1509 1512
f 1494 1499 1520
f 1494 1520 1502
f 1495 1521 1499
f 1495 1503 1521
f 1496 1510 1549
f 1496 1549 1530
f 1497 1548 1511
f 1497 1529 1548
f 1499 1524 1520
f 1499 1521 1524
f 1500 1519 1514
f 1501 1515 1518
f 1502 1520 1519
f 1503 1518 1521
f 1504 1528 1557
f 1504 1557 1529
f 1505 1558 1527
f 1505 1530 1558
f 1506 1535 1553
f 1507 1554 1536
f 1510 1522 1559
f 1510 1555 1549
f 1510 1559 1555
f 1511 1556 1523
f 1511 1548 1556
f 1513 1516 1632
f 1513 1631 1517
f 1513 1630 1631
f 1513 1632 1630
f 1514 1519 1543
f 1514 1550 1528
f 1514 1543 1550
f 1515 1544 1518
f 1515 1527 1551
f 1515 1551 1544
f 1516 1526 1633
f 1516 1633 1632
f 1517 1634 1525
f 1517 1631 1634
f 1518 1532 1521
f 1518 1547 1532
f 1518 1544 1547
f 1519 1520 1531
f 1519 1531 1552
f 1519 1552 1543
f 1520 1524 1531
f 1521 1532 1524
f 1522 1533 1559
f 1523 1560 1534
f 1523 1556 1560
f 1524 1539 1531
f 1524 1532 1539
f 1525 1636 1538
f 1525 1634 1636
f 1526 1537 1635
f 1526 1635 1633
f 1527 1573 1551
f 1527 1558 1573
f 1528 1550 1572
f 1528 1572 1557
f 1529 1568 1548
f 1529 1557 1568
f 1530 1549 1567
f 1530 1567 1558
f 1531 1539 1759
f 1531 1759 1552
f 1532 1759 1539
f 1532 1547 1759
f 1533 1541 1561
f 1533 1561 1559
f 1534 1562 1542
f 1534 1560 1562
f 1535 1545 1566
f 1535 1566 1553
f 1536 1565 1546
f 1536 1554 1565
f 1537 1540 1637
f 1537 1637 1635
f 1538 1637 1540
f 1538 1636 1637
f 1541 1546 1571
f 1541 1571 1561
f 1542 1570 1545
f 1542 1562 1570
f 1543 1552 1550
f 1544 1564 1547
f 1544 1551 1564
f 1545 1575 1566
f 1545 1570 1575
f 1546 1565 1574
f 1546 1574 1571
f 1547 1564 1759
f 1548 1578 1556
f 1548 1568 1578
f 1549 1555 1579
f 1549 1579 1567
f 1550 1552 1563
f 1550 1563 1572
f 1551 1573 1564
f 1552 1569 1563
f 1552 1759 1569
f 1553 1566 1576
f 1554 1577 1565
f 1555 1559 1584
f 1555 1584 1579
f 1556 1578 1560
f 1557 1572 1568
f 1558 1567 1573
f 1559 1561 1587
f 1559 1587 1584
f 1560 1586 1562
f 1560 1578 1583
f 1560 1583 1586
f 1561 1571 1596
f 1561 1596 1587
f 1562 1595 1570
f 1562 1586 1595
f 1563 1569 1580
f 1563 1580 1572
f 1564 1581 1569
f 1564 1569 1759
f 1564 1573 1581
f 1565 1589 1574
f 1565 1577 1589
f 1566 1575 1588
f 1566 1588 1576
f 1567 1585 1573
f 1567 1579 1585
f 1568 1572 1578
f 1569 1582 1580
f 1569 1581 1582
f 1570 1597 1575
f 1570 1595 1597
f 1571 1574 1598
f 1571 1598 1596
f 1572 1593 1578
f 1572 1580 1593
f 1573 1594 1581
f 1573 1585 1594
f 1574 1589 1598
f 1575 1597 1588
f 1576 1588 1590
f 1577 1591 1589
f 1578 1593 1583
f 1579 1584 1599
f 1579 1592 1585
f 1579 1599 1592
f 1580 1582 1604
f 1580 1604 1593
f 1581 1594 1582
f 1582 1594 1603
f 1582 1603 1608
f 1582 1608 1604
f 1583 1600 1586
f 1583 1593 1600
f 1584 1587 1599
f 1585 1592 1594
f 1586 1614 1595
f 1586 1600 1607
f 1586 1607 1614
f 1587 1596 1613
f 1587 1606 1599
f 1587 1613 1606
f 1588 1609 1590
f 1588 1597 1609
f 1589 1591 1610
f 1589 1610 1598
f 1590 1609 1601
f 1591 1602 1610
f 1592 1603 1594
f 1592 1599 1611
f 1592 1611 1603
f 1593 1604 1600
f 1595 1614 1597
f 1596 1598 1613
f 1597 1616 1609
f 1597 1614 1616
f 1598 1610 1615
f 1598 1615 1613
f 1599 1606 1611
f 1600 1604 1612
f 1600 1612 1607
f 1601 1620 1605
f 1601 1609 1620
f 1602 1605 1621
f 1602 1621 1610
f 1603 1617 1608
f 1603 1611 1617
f 1604 1608 1612
f 1605 1620 1623
f 1605 1623 1621
f 1606 1618 1611
f 1606 1613 1625
f 1606 1625 1618
f 1607 1612 1619
f 1607 1624 1614
f 1607 1619 1624
f 1608 1617 1612
f 1609 1616 1620
f 1610 1621 1615
f 1611 1618 1617
f 1612 1617 1619
f 1613 1615 1627
f 1613 1627 1625
f 1614 1624 1616
f 1615 1621 1627
f 1616 1626 1620
f 1616 1624 1626
f 1617 1618 1622
f 1617 1622 1619
f 1618 1628 1622
f 1618 1625 1628
f 1619 1622 1624
f 1620 1626 1623
f 1621 1623 1627
f 1622 1628 1624
f 1623 1626 1629
f 1623 1629 1627
f 1624 1628 1626
f 1625 1627 1628
f 1626 1628 1629
f 1627 1629 1628
f 1630 1639 1631
f 1630 1632 1640
f 1630 1638 1639
f 1630 1640 1638
f 1631 1641 1634
f 1631 1639 1641
f 1632 1633 1642
f 1632 1642 1640
f 1633 1635 1644
f 1633 1644 1642
f 1634 1643 1636
f 1634 1641 1643
f 1635 1637 1646
f 1635 1646 1644
f 1636 1646 1637
f 1636 1643 1646
f 1638 1647 1639
f 1638 1640 1648
f 1638 1645 1647
f 1638 1648 1645
f 1639 1652 1641
f 1639 1647 1652
f 1640 1642 1653
f 1640 1653 1648
f 1641 1660 1643
f 1641 1652 1660
f 1642 1644 1659
f 1642 1659 1653
f 1643 1661 1646
f 1643 1660 1661
f 1644 1646 1659
f 1645 1649 1647
f 1645 1648 1650
f 1645 1650 1649
f 1646 1661 1659
f 1647 1649 1651
f 1647 1651 1652
f 1648 1657 1650
f 1648 1653 1657
f 1649 1650 1655
f 1649 1654 1651
f 1649 1655 1654
f 1650 1662 1655
f 1650 1657 1662
f 1651 1658 1652
f 1651 1654 1656
f 1651 1656 1658
f 1652 1658 1665
f 1652 1665 1660
f 1653 1659 1657
f 1654 1655 1669
f 1654 1666 1656
f 1654 1669 1666
f 1655 1662 1674
f 1655 1674 1669
f 1656 1663 1658
f 1656 1668 1663
f 1656 1666 1668
f 1657 1659 1664
f 1657 1664 1662
f 1658 1663 1671
f 1658 1671 1665
f 1659 1661 1664
f 1660 1667 1661
f 1660 1665 1667
f 1661 1667 1664
f 1662 1664 1670
f 1662 1670 1674
f 1663 1668 1673
f 1663 1675 1671
f 1663 1673 1675
f 1664 1667 1670
f 1665 1672 1667
f 1665 1671 1672
f 1666 1679 1668
f 1666 1669 1681
f 1666 1681 1679
f 1667 1672 1670
f 1668 1678 1673
f 1668 1679 1678
f 1669 1674 1683
f 1669 1683 1681
f 1670 1672 1676
f 1670 1676 1674
f 1671 1677 1672
f 1671 1675 1677
f 1672 1677 1676
f 1673 1682 1675
f 1673 1678 1680
f 1673 1680 1682
f 1674 1676 1683
f 1675 1684 1677
f 1675 1682 1684
f 1676 1677 1685
f 1676 1685 1683
f 1677 1684 1685
f 1678 1679 1687
f 1678 1686 1680
f 1678 1687 1686
f 1679 1681 1690
f 1679 1690 1687
f 1680 1691 1682
f 1680 1686 1688
f 1680 1688 1691
f 1681 1683 1698
f 1681 1698 1690
f 1682 1701 1684
f 1682 1691 1701
f 1683 1685 1698
f 1684 1707 1685
f 1684 1701 1707
f 1685 1707 1698
f 1686 1687 1689
f 1686 1689 1688
f 1687 1694 1689
f 1687 1690 1704
f 1687 1704 1694
f 1688 1689 1693
f 1688 1703 1691
f 1688 1693 1703
f 1689 1692 1693
f 1689 1697 1692
f 1689 1694 1697
f 1690 1698 1715
f 1690 1715 1704
f 1691 1703 1701
f 1692 1696 1693
f 1692 1695 1696
f 1692 1702 1695
f 1692 1697 1702
f 1693 1696 1709
f 1693 1709 1703
f 1694 1704 1697
f 1695 1700 1696
f 1695 1699 1700
f 1695 1708 1699
f 1695 1702 1708
f 1696 1700 1712
f 1696 1712 1709
f 1697 1711 1702
f 1697 1704 1711
f 1698 1707 1715
f 1699 1706 1700
f 1699 1705 1706
f 1699 1713 1705
f 1699 1708 1713
f 1700 1706 1717
f 1700 1717 1712
f 1701 1703 1714
f 1701 1714 1707
f 1702 1716 1708
f 1702 1711 1716
f 1703 1709 1714
f 1704 1715 1711
f 1705 1710 1706
f 1705 1723 1710
f 1705 1713 1728
f 1705 1718 1723
f 1705 1728 1718
f 1706 1710 1722
f 1706 1722 1717
f 1707 1714 1720
f 1707 1720 1715
f 1708 1724 1713
f 1708 1716 1724
f 1709 1712 1725
f 1709 1719 1714
f 1709 1725 1719
f 1710 1733 1722
f 1710 1723 1733
f 1711 1715 1721
f 1711 1721 1716
f 1712 1717 1730
f 1712 1730 1725
f 1713 1724 1729
f 1713 1729 1728
f 1714 1719 1720
f 1715 1720 1726
f 1715 1726 1721
f 1716 1721 1727
f 1716 1727 1724
f 1717 1722 1734
f 1717 1734 1730
f 1718 1741 1723
f 1718 1728 1740
f 1718 1740 1741
f 1719 1726 1720
f 1719 1725 1726
f 1721 1726 1731
f 1721 1731 1727
f 1722 1733 1807
f 1722 1807 1734
f 1723 1745 1733
f 1723 1741 1745
f 1724 1727 1732
f 1724 1732 1729
f 1725 1731 1726
f 1725 1730 1731
f 1727 1731 1735
f 1727 1735 1732
f 1728 1729 1737
f 1728 1737 1746
f 1728 1743 1740
f 1728 1746 1743
f 1729 1732 1736
f 1729 1736 1742
f 1729 1742 1737
f 1730 1735 1731
f 1730 1734 1735
f 1732 1735 1738
f 1732 1738 1736
f 1733 1745 1739
f 1733 1739 1807
f 1734 1738 1735
f 1734 1739 1738
f 1734 1807 1739
f 1736 1738 1744
f 1736 1744 1742
f 1737 1742 1749
f 1737 1749 1746
f 1738 1739 1744
f 1739 1750 1744
f 1739 1745 1748
f 1739 1748 1750
f 1740 1747 1741
f 1740 1743 1747
f 1741 1751 1745
f 1741 1747 1752
f 1741 1752 1751
f 1742 1744 1750
f 1742 1750 1749
f 1743 1746 1754
f 1743 1753 1747
f 1743 1754 1753
f 1745 1751 1748
f 1746 1749 1754
f 1747 1753 1752
f 1748 1755 1750
f 1748 1751 1756
f 1748 1756 1755
f 1749 1750 1755
f 1749 1757 1754
f 1749 1755 1757
f 1751 1752 1756
f 1752 1753 1758
f 1752 1758 1756
f 1753 1754 1757
f 1753 1757 1758
f 1755 1756 1757
f 1756 1758 1757
f 1760 1805 1806
f 1761 1799 1762
f 1761 1801 1799
f 1762 1763 1765
f 1762 1799 1763
f 1766 1773 1767
f 1766 1784 1768
f 1766 1772 1773
f 1770 1771 1772
f 1770 1785 1771
f 1770 1772 1787
f 1770 1788 1785
f 1770 1787 1788
f 1771 1773 1772
f 1772 1786 1787
f 1774 1792 1791
f 1776 1778 1779
f 1778 1780 1779
f 1785 1788 1806
f 1785 1806 1805
f 1790 1791 1794
f 1791 1792 1794
f 1792 1793 1794
f 1793 1796 1794
f 1793 1795 1796
f 1797 1798 1799
f 1797 1799 1802
f 1799 1801 1800
f 1799 1800 1802
