MeshVersionFormatted 1
Dimension 3
Vertices
1836
-0.5691369828656599 0.7771030676268955 0.1721298991110571 0
-0.5683140202504851 0.7825331094110558 0.1427379929988959 0
-0.5645989828291699 0.7979190993784449 0.1628299024048729 0
-0.5631029647949383 0.8006271160556212 0.1386939947791243 0
-0.5518779796087451 0.784600079319873 0.1372409987770094 0
-0.5505170873916964 0.7795211085575593 0.1608609985861304 0
-0.5468019903657839 0.7949070985250255 0.1809539957771015 0
-0.5453540142612757 0.8108370980174284 0.1702249925295249 0
-0.5453080015926216 0.828703117170285 0.1069089850765529 0
-0.5415329992927226 0.8128081029870772 0.097751952222666 0
-0.534284005819913 0.8410661990149477 0.1317799894219604 0
-0.533873086750306 0.7949581192820074 0.169227003578979 0
-0.5284019758397979 0.8022941984242156 0.1052149850704104 0
-0.5175290234348284 0.8446821186329084 0.1562570003902148 0
-0.51324809674605 0.8674591394521468 0.06844702424516649 0
-0.5113589842537321 0.8060761174167272 0.1302040002860251 0
-0.5087900238472129 0.8465172189282157 0.05781057765926388 0
-0.5041099907793292 0.8343351075566713 0.1642320001930334 0
-0.5000470984893313 0.8186051986872616 0.1555870013537764 0
-0.4997030048328022 0.8830862334505806 0.09869585157139704 0
-0.4953060051532682 0.8846201025726265 0.05379798730723341 0
-0.4928810055065257 0.8321611972203308 0.06751606051345004 0
-0.4900831127460997 0.8622492178719218 0.04355129483115307 0
-0.4851290284008768 0.8905711591165371 0.05123303133054677 0
-0.4823671243494324 0.9005221546832545 0.08329568847673567 0
-0.4792511054941066 0.8870151387336034 0.1288439853847288 0
-0.4791621185435747 0.868549138400985 0.04222646874595722 0
-0.4763670406059317 0.8956951453359185 0.04902307493799546 0
-0.4742160220188558 0.9053341678460173 0.07716057810822689 0
-0.4736789858922135 0.8463081273541239 0.05316874819870147 0
-0.4720741016568502 0.8362941298917963 0.0982936497801354 0
-0.4697790218392448 0.8739621488768951 0.04108796633362371 0
-0.4685270473469206 0.9003452745020517 0.04617338178993301 0
-0.4671911516020106 0.9094801604148236 0.07187198131731239 0
-0.4633720063576341 0.8521772231645726 0.05067507009274465 0
-0.4629880065160285 0.8728642174079972 0.1391790018392015 0
-0.4621051274859323 0.9037192359217254 0.1127849903132761 0
-0.4614951242749366 0.8787201637304176 0.03894435061836111 0
-0.4611190679990743 0.9048742829298435 0.04168920521867324 0
-0.4605291543591793 0.9135142750483669 0.06697319900894386 0
-0.458174988712447 0.8521251321948081 0.1291719919956117 0
-0.4559520344087584 0.9073552508977649 0.1030759928387946 0
-0.4545331310602072 0.8572101359385401 0.04853687522634619 0
-0.4538700649087541 0.8830551590786236 0.03460436530911323 0
-0.4534641682592431 0.9179861815122308 0.06200741989496632 0
-0.4530770074544855 0.8497011320139928 0.08326355674850822 0
-0.4506520326013714 0.9104871890405879 0.09471297277676886 0
-0.446581023977472 0.8616271537737121 0.04572128092852212 0
-0.4453610190625948 0.8879742478525549 0.1230079949080239 0
-0.4451320599540639 0.9138182663873012 0.08776450535734373 0
-0.4448141141305759 0.8543672310003505 0.07711265788486228 0
-0.4415450639113118 0.917024283166926 0.02719526667258063 0
-0.439868136823115 0.8911522607340038 0.1120470016877587 0
-0.4397970125976869 0.8657981541255626 0.1133659968657341 0
-0.4389320334367113 0.865651251308074 0.0411947256430934 0
-0.4383230734671432 0.9180472845129728 0.08229947719625032 0
-0.4377330390539745 0.8583662410626165 0.07184009602737775 0
-0.4353720833531931 0.9296492110057457 0.04940670149515935 0
-0.4351450495947087 0.8938852660988327 0.1026239058836552 0
-0.4336071137373391 0.8692991648553682 0.1035619004097071 0
-0.4335431646952229 0.8945542765253599 0.01944898667049874 0
-0.4309351457580227 0.8620541744283261 0.0669388712440821 0
-0.4299690565963657 0.8968482859007886 0.09496766351982862 0
-0.4282980545589303 0.8723011673545883 0.09515106367779866 0
-0.4235211441682012 0.8657871616272045 0.06190246434815798 0
-0.4231150680051193 0.900718185525485 0.08930558223182705 0
-0.4226880516422667 0.8753462640601336 0.08816511358084562 0
-0.4215311730613637 0.9286042898414519 0.07158857607820765 0
-0.4187870465994295 0.8759612560865768 0.02665178869349498 0
-0.4155950776463062 0.8789732742521632 0.08263636037471832 0
-0.4065290712858526 0.9100612820955657 0.07924557134433227 0
-0.404700064047656 0.8749652727830077 0.04928779498534774 0
-0.3982801751099532 0.887641287963119 0.07195360003851879 0
-0.3972081944931896 0.9445321725911613 -0.005683666395591081 0
-0.3956290884935478 0.9552572080219875 0.02160291741451701 0
-0.3871500859914921 0.9208042719420769 -0.01514029683845263 0
-0.3860631985108464 0.950915200539191 0.04890179340294066 0
-0.37334508131278 0.8992352534243595 -0.006213012647458846 0
-0.3721590739813405 0.9294411943354889 0.05839532750725152 0
-0.3636800714831499 0.8949882576029218 0.0216521046420948 0
-0.3620031867365452 0.9058081864207853 0.04950506139095972 0
-0.3550321974890055 0.9814161902546473 -0.006788198299458726 0
-0.3520252073424856 0.9725662517724184 -0.0391855883514306 0
-0.3497190944810239 0.973775190805767 0.02566009187877321 0
-0.3399012037974289 0.9475391510678293 -0.05036860753592155 0
-0.3368852012049845 0.9493292974117515 0.03699702678725381 0
-0.3343780934684406 0.9947341726202693 -0.02115118601388539 0
-0.330299101304916 0.9859822702015036 0.01328419925080331 0
-0.3299151141828716 0.9862911472537396 -0.05554826056305927 0
-0.3270220997674739 0.922959146500034 -0.03971040307911193 0
-0.3248040838354115 0.9244342807124264 0.02649241732615949 0
-0.3230811142780107 1.001550179408317 -0.02666270728793176 0
-0.3217531942378623 0.9154511841963836 -0.006583270516180306 0
-0.3187940986163433 0.9927792711977002 0.008170542920341015 0
-0.3186981277168883 0.9928571051188844 -0.06148661176019298 0
-0.3175870995613446 0.960196285585922 0.02529269307926651 0
-0.3170011099548446 0.9604912156621045 -0.06744110806975478 0
-0.3105522303382329 1.008190108000266 -0.02849996565468229 0
-0.3061941253678926 0.9994150865112333 -0.06371528052289752 0
-0.306194109660609 0.9994151374115552 0.006715235244055493 0
-0.3058151873410158 0.9665962631249523 0.02028346365030895 0
-0.305669115955523 0.9666701061487376 -0.07357049182685228 0
-0.304728201158474 0.9344831952985068 0.01411759548204851 0
-0.3042342110101065 0.9346181503455859 -0.05615031622326446 0
-0.3002101160538987 0.9259531480423611 -0.02099698056720947 0
-0.2931191297482815 0.9730840802795608 -0.075970300863712 0
-0.2931191167474348 0.97308412745154 0.01897025063419825 0
-0.2928000949515625 0.9404311911280067 0.008932832107328318 0
-0.2926762252923102 0.9404651051303528 -0.06219089712887155 0
-0.2884032186097336 0.9317192248247455 -0.02662426168869876 0
-0.2800452364503142 0.9467531950853982 -0.0644901980018166 0
-0.280045224173002 0.9467522232489298 0.007490159944571824 0
-0.2775422350487921 1.024670168298432 -0.02849996408267817 0
-0.2756872366981075 0.9379751190847658 -0.02849996097054508 0
-0.2737032532358552 1.015610126855323 -0.06463086574607486 0
-0.2737032445212211 1.015610158620974 0.007630822833048251 0
-0.2621861449821816 0.9884450717960629 -0.07721930722844543 0
-0.2621861391884427 0.9884450990341969 0.02021920047977382 0
-0.2506701409281917 0.961275070958038 -0.06544798342027945 0
-0.2506701357612506 0.9612750930092576 0.008448005782350948 0
-0.2468311372851902 0.9522180955006766 -0.02849996038573966 0
-0.204804142369557 1.06098008938874 -0.02849996687373992 0
-0.2025291384578715 1.051100133424513 -0.06662959144920451 0
-0.2025291363118192 1.051100150984778 0.009629601343846104 0
-0.1957041383631806 1.021460057688022 -0.07989621957965203 0
-0.1957041403285903 1.021460074376418 0.02289617025742185 0
-0.18887815041706 0.9918250175539658 -0.06746470516247478 0
-0.1888781435015007 0.9918250621713934 0.01046460296920329 0
-0.1866031488077968 0.9819450116020633 -0.02849995997292427 0
-0.1685522030953979 1.338000375723423 0.1226000626760854 0
-0.1679432071381877 1.338000376372906 0.1129420656932975 0
-0.1671041972576258 1.31600041358783 0.1226000615046291 0
-0.1671041979215675 1.360000337934856 0.1226000640299966 0
-0.1665001931831911 1.316080284494895 0.1129420645508439 0
-0.166500193853876 1.359920349121486 0.1129420670279061 0
-0.1664562060154633 1.338000375299434 0.1288999702704391 0
-0.1661172034510489 1.338000377189059 0.1007670606535754 0
-0.1650121936951157 1.3161302321166 0.128899969090814 0
-0.165012194352833 1.359870280136111 0.1288999716246012 0
-0.1646901039336138 1.316320253695631 0.1007670595543808 0
-0.1646901046079296 1.35968026234771 0.1007670619531696 0
-0.1634861941859201 1.338000378228461 0.08523332538777251 0
-0.1628092053639608 1.294380252452598 0.1226000604411685 0
-0.162809206692363 1.381620260864466 0.1226000654547834 0
-0.1622212051299051 1.29453021845359 0.112942063515049 0
-0.1622212064717936 1.38147029617158 0.1129420684340682 0
-0.1620821020587748 1.316660239748928 0.08523332434519912 0
-0.1620821027367216 1.35934027837815 0.08523332664104957 0
-0.1607332056547973 1.294650261143764 0.1288999680202937 0
-0.1607332069702319 1.381350251316373 0.1288999730489964 0
-0.1604621964794507 1.338000379534278 0.06550000936991625 0
-0.1604572051693069 1.29501027524793 0.100767058560767 0
-0.1604572065184573 1.380990241016756 0.1007670633232738 0
-0.1601681991852916 1.338000375158261 0.1310000812818839 0
-0.1590831979202047 1.317060307563313 0.06550000838651891 0
-0.1590831985711788 1.358940332388112 0.0655000105794773 0
-0.1587371955734791 1.316530298478699 0.1310000801270686 0
-0.1587371962400144 1.359470332700013 0.1310000826099742 0
-0.1579161989131206 1.295690246314244 0.08523332340635296 0
-0.1579162002690142 1.380310272037533 0.08523332796332234 0
-0.1564352012826374 1.338000381333632 0.03820834143369579 0
-0.1557161924002999 1.273500262191995 0.1226000596285926 0
-0.1557161945373624 1.402500251526845 0.1226000669971396 0
-0.155154196843595 1.402270297372888 0.112942069960305 0
-0.1551541946748915 1.273730217671456 0.1129420627467011 0
-0.1549941996794022 1.296470234257284 0.06550000750564965 0
-0.1549942009823879 1.37953028670539 0.06550001185866125 0
-0.1545082009237791 1.295480315549735 0.1310000790820708 0
-0.1545082022573683 1.38052031583458 0.1310000840044261 0
-0.1536731987808167 1.273950276951044 0.1288999671914167 0
-0.153673200886757 1.402050355102995 0.1288999745851107 0
-0.1534672039008194 1.274430215694039 0.100767057853848 0
-0.153467206090271 1.401570301005998 0.1007670648204544 0
-0.1511051905097008 1.378490306315739 0.03820834380554351 0
-0.1510361980015237 1.27544027741248 0.08523332278050789 0
-0.1510362002117235 1.400560360603292 0.08523332942022581 0
-0.1495021958634148 1.318320235207313 2.61723193464325e-08 0
-0.1495021963567027 1.357680294068771 2.815849372867544e-08 0
-0.148242199764246 1.276600304696824 0.06550000695525082 0
-0.1482422018909344 1.399400335930505 0.06550001327476836 0
-0.1475462011105466 1.400700309322142 0.1310000855052326 0
-0.1475461989895639 1.275300322436913 0.1310000782781105 0
-0.1459701945445703 1.422280297754474 0.1226000685655099 0
-0.1459701915972914 1.253720216512593 0.122600058947906 0
-0.1456601993737837 1.298970296500743 2.539204506906585e-08 0
-0.145660200361397 1.377030352156542 2.932882793385299e-08 0
-0.1454431966818914 1.254030280682767 0.1129420621084526 0
-0.1454431996784473 1.421970354139116 0.1129420715127226 0
-0.145161188421059 1.338000386241292 -0.03820828739345727 0
-0.1445221983370316 1.278140252622721 0.03820833927568884 0
-0.1445222003796899 1.397860272404332 0.0382083451673759 0
-0.144023191275855 1.254420213209671 0.128899966498971 0
-0.144023194173857 1.421580300160348 0.1288999761400478 0
-0.1439141994417874 1.319050275525289 -0.0382082882948904 0
-0.1439141998048805 1.356950258592878 -0.03820828632956365 0
-0.1438621978523487 1.254940206351986 0.1007670572746496 0
-0.1438622008836578 1.42106031093363 0.1007670663436235 0
-0.1415832017494112 1.419740307064302 0.08523333090310554 0
-0.141583198683349 1.256260212347301 0.0852333222788161 0
-0.1399221924878669 1.356420255675854 -0.06549995437240708 0
-0.1393141966863608 1.280290314374084 2.492854624511649e-08 0
-0.1393141982761901 1.395710334651234 3.063302163601803e-08 0
-0.1389641997049174 1.257770238217049 0.06550000652791682 0
-0.1389642026568647 1.418230283798984 0.06550001471813366 0
-0.1381822043751504 1.256510310188276 0.1310000776201897 0
-0.1381822072845639 1.419490322078393 0.1310000870031797 0
-0.1363251857959471 1.301470239375206 -0.06549995706459649 0
-0.1363251864225421 1.374530298339918 -0.06549995326322738 0
-0.1354771928559157 1.259780228529523 0.03820833894783508 0
-0.135477195693748 1.416220297093704 0.03820834655642529 0
-0.1337161908166023 1.235400247012405 0.1226000586090649 0
-0.1337161949527519 1.440600268137564 0.1226000701868636 0
-0.1335131869414235 1.302230319258266 -0.08523327319156868 0
-0.1335131874684273 1.373770340136054 -0.08523326939811393 0
-0.133233203216153 1.440230362229382 0.1129420731213711 0
-0.1332331989798934 1.235770273527501 0.1129420618448348 0
-0.1328011378971847 1.096930118355977 -0.02849996802645144 0
-0.1327101919164615 1.33800039161996 -0.1226000090346484 0
-0.1321411344476434 1.086200085547627 -0.06860507063933594 0
-0.1321411376583953 1.086200091444125 0.0116051943666534 0
-0.1319732063799436 1.439540258371852 0.1288999777338877 0
-0.1319732023433852 1.236460255825196 0.1288999661291141 0
-0.1317851929792526 1.23688023249372 0.1007670571065597 0
-0.131785197286056 1.439120285770932 0.1007670679240535 0
-0.1315701933663724 1.320680349208805 -0.1226000099051006 0
-0.1315701935697045 1.355320314854666 -0.1226000080272316 0
-0.1309162064361241 1.338000375159398 0.1310000825901345 0
-0.1305951989784229 1.262600246583174 2.459694491457827e-08 0
-0.1305952011720241 1.413400283699 3.196465843311829e-08 0
-0.1303861946178747 1.392010319736762 -0.0654999520415827 0
-0.1303861936432289 1.283990337404982 -0.06549995760581602 0
-0.1301602355585418 1.054020012396044 -0.08253419422760949 0
-0.1301602440869196 1.05402001783542 0.02553414953016283 0
-0.1301451951762219 1.338000392018891 -0.1288999164707712 0
-0.1296981996148296 1.437520259188036 0.08523333244566936 0
-0.1296981952374824 1.238480261252763 0.08523332223421622 0
-0.1290171920686744 1.320900290812699 -0.128899917337545 0
-0.1290171922595577 1.355100254836405 -0.128899915472545 0
-0.1281881959053794 1.303650343111562 -0.122600010668214 0
-0.1281881963125624 1.372350321017604 -0.1226000069491027 0
-0.1281802467976091 1.02183005021675 -0.06944608105560919 0
-0.1281802567806444 1.021830055836171 0.01244598467830266 0
-0.127697189022995 1.285110310208124 -0.08523327376101585 0
-0.1276971898352862 1.390890349363358 -0.08523326819254069 0
-0.1275202495644573 1.011110037938994 -0.02849995766544473 0
-0.1274450127708342 0.01114873464505097 0.1229980013440124 0
-0.1272982028857555 1.43568026449972 0.06550001621938679 0
-0.1272981986847679 1.240320258531766 0.06550000658037003 0
-0.1272730088417225 0.02376226813730691 0.1230250960542031 0
-0.1270710095026863 0.03930514211875441 0.1230640864773731 0
-0.1267441913266737 1.239640283609687 0.1310000772618155 0
-0.1267441952740149 1.4363603493985 0.1310000885067793 0
-0.1257131901992501 1.265420264520487 -0.03820829002923316 0
-0.1257131917491391 1.410580270286197 -0.03820828265678591 0
-0.1256711958203875 1.304110253086488 -0.1288999180950361 0
-0.1256711962026728 1.371890292623624 -0.1288999144044488 0
-0.1255791969790192 1.285980300845114 -0.1007670091161801 0
-0.1255791977160982 1.390020360684234 -0.1007670036023197 0
-0.1249311893866215 1.338000392148083 -0.1310000269973287 0
-0.1247580128072731 0.002787095592894347 0.1217191042705183 0
-0.1241041934356641 1.242770247622361 0.03820833816792171 0
-0.1241041974526 1.433230276159181 0.03820834800255197 0
-0.123920190648951 1.286670285169611 -0.1129420142517366 0
-0.1238151891670091 1.32125028952689 -0.1310000278450659 0
-0.1238151893537428 1.354750256379369 -0.1310000260205916 0
-0.1237180150683346 0.01114907616196608 0.07853897272455466 0
-0.1235600109536697 0.02517554920219782 0.07858724870551717 0
-0.1233430143464256 0.04495630287214076 0.07865787136904234 0
-0.1226031883906238 1.287220317608033 -0.1226000112514928 0
-0.1226031890120318 1.388780346654214 -0.122600005779913 0
-0.1222261908641109 1.267430254648535 -0.06549995800768234 0
-0.1222261921883635 1.408570283554242 -0.06549995079140858 0
-0.1218261131082795 0.353902007446315 0.05418284553069835 0
-0.1217960037644597 0.3691299847274833 0.05259420869708658 0
-0.1217390137035211 0.01114913122494148 0.0549640767450122 0
-0.1216710083375034 0.3385890039397467 0.05238839407142137 0
-0.121663012966061 0.0111483227224559 0.1641751169014069 0
-0.1215880132030996 0.02592471555525213 0.05502314457400631 0
-0.1215060033292498 0.4054299942395868 0.04457237750416182 0
-0.1214770166723449 0.02244578637661772 0.1641821033553364 0
-0.1213630155499673 0.04795262751502997 0.05511117235246377 0
-0.1212910129281361 0.03404157880826738 0.1641911014084507 0
-0.1210840076747811 0.3022079909541536 0.04412664110610184 0
-0.1210529922047619 0.6403989810968794 2.958954525511782e-05 0
-0.1209640119091511 0.002787205949383111 0.0784539793133595 0
-0.1208831008563711 0.483956018361953 0.02706750306592266 0
-0.1207370893823212 0.6227080278151041 0.0001262280445638657 0
-0.1205161911842399 1.304840291135168 -0.1310000285836307 0
-0.1205161915571885 1.371160254829362 -0.1310000249761547 0
-0.1203770892066417 0.6568890211326379 -7.8841613069262e-06 0
-0.1202701001950958 0.5612880118750142 0.009811538184351171 0
-0.1201521855604898 1.287920315158177 -0.1288999186805123 0
-0.1201521861419575 1.388080349882989 -0.1288999132496255 0
-0.120150097453635 0.6063860143785738 0.0007919667225513983 0
-0.1200100953209748 0.5940060134227363 0.002536729196674641 0
-0.119819913916255 0.2237758864076656 0.02631380020865921 0
-0.1197041910577527 1.268890331615451 -0.08523327419017616 0
-0.1197041921563688 1.407110328176031 -0.0852332669568817 0
-0.1196321903832978 1.246200262455598 2.474514880924828e-08 0
-0.119632193458178 1.429800268623911 3.336221044658848e-08 0
-0.1196130154028298 0.002786982979324944 0.1615600088375673 0
-0.1193170195304612 0.04912111588383152 0.03198765248308526 0
-0.1191841973654773 1.218820257012789 0.1226000584107237 0
-0.1191842026956846 1.457180259186949 0.1226000717841741 0
-0.1189120100610562 0.02607277065264017 0.03075289694119128 0
-0.118886014613423 0.002787261520538993 0.0549053095696889 0
-0.1187541994888097 1.456750271776425 0.1129420747056424 0
-0.1187541940071407 1.219250245880342 0.1129420617181237 0
-0.1186700072375593 0.01103391712625947 0.02998633132416371 0
-0.1185750128562419 0.1465419673562336 0.008772750833059782 0
-0.118110078622225 0.6876230057514962 0.0007266039582752375 0
-0.1180460150093142 0.1137559679730817 0.001326523424472999 0
-0.1180010185584154 0.09019800926736377 -0.003339923459911193 0
-0.1179500154111998 0.1025859680025163 -0.001039422032985953 0
-0.1177411991202477 1.220260305096269 0.1288999659025768 0
-0.1177412042989933 1.455740329291079 0.1288999792992945 0
-0.1177201902759801 1.270030331361136 -0.1007670095473334 0
-0.117720191271374 1.405970330367108 -0.1007670023825352 0
-0.1174631996441504 1.455460308440841 0.10076706948108 0
-0.1174631940795708 1.220540208233938 0.100767055962737 0
-0.1174110258524211 0.07347264137678026 -0.00642619128505186 0
-0.1172740183626216 0.0519945527237299 0.1231440859131611 0
-0.1163840143792744 -1.889130239050924e-08 0.1179211040564064 0
-0.1162582032890338 1.412150246109505 0.1310000875120237 0
-0.1162582003853261 1.263850266845518 0.1310000791244147 0
-0.1161641882434126 1.270930243290806 -0.1129420146934277 0
-0.1161641891350656 1.405070300720504 -0.1129420075345551 0
-0.1157500124437965 0.002758407547097233 0.02958608359362683 0
-0.1156021947652471 1.222400232418229 0.08523332118609707 0
-0.1156022004346892 1.45360028631083 0.08523333396546889 0
-0.1153880205441016 0.04928894709611028 -0.01114924831559717 0
-0.115160194788167 1.249630274281357 -0.03820829002503869 0
-0.1151601972188162 1.42637026106973 -0.03820828180491873 0
-0.1150860892721428 1.386910310459148 -0.1310000238491751 0
-0.1150860887077923 1.289090235621293 -0.1310000291509819 0
-0.1149301929159647 1.271650268218832 -0.1226000116973171 0
-0.1149301937515976 1.404350276998013 -0.1226000045792114 0
-0.1136500819532279 0.7480469841688256 0.002945839744842255 0
-0.1134641904866186 1.224540279259571 0.06550000558238316 0
-0.1134641959196505 1.451460360949215 0.06550001769797956 0
-0.1134111976055444 1.22459022595237 0.1310000770512279 0
-0.1134112025944442 1.451410288713934 0.1310000899660089 0
-0.1132400165810614 0.07415404937454445 0.0365046578263547 0
-0.1131950196575346 0.06187788576813316 0.07880187589008354 0
-0.1130900093960505 -1.210480669178579e-08 0.1537261095127388 0
-0.1130900143103697 0.02568229204740936 -0.01580328998445868 0
-0.1129250165494194 0.04323076770599119 0.1535641098080988 0
-0.1126061852440354 1.27265031563417 -0.1288999191262163 0
-0.1126061860246856 1.403350349556772 -0.1288999120694661 0
-0.1124480128690229 -2.652848656105785e-08 0.07827308157971165 0
-0.1119651912645737 1.25209027953252 -0.06549995805421209 0
-0.1119651933508032 1.42391037830509 -0.06549995000811179 0
-0.1116729208918407 0.01068795873991945 -0.01868201772993188 0
-0.1115421078465562 0.3538329873281405 0.09166172311880937 0
-0.1114881143004181 0.338463985016091 0.08919467784418418 0
-0.1113870078624326 0.3693510004613552 0.09157332271232316 0
-0.1111100053152246 0.3021059797141836 0.08029087505115523 0
-0.1110320205813378 0.06711832101846786 0.0552905119364144 0
-0.1107810062986288 0.4058459168390325 0.08829852488749268 0
-0.1106161902507764 1.227380204599734 0.03820833824853622 0
-0.1106161957611575 1.448620319767571 0.03820834900386307 0
-0.1102949127463667 0.2236209757364515 0.06106879683921392 0
-0.1101790067225674 0.353970997790511 0.017815901796346 0
-0.1101080084928297 0.3689039028474596 0.01475312359658984 0
-0.1101010123619083 -3.120263325257951e-08 0.0548178713943708 0
-0.1100651111172491 0.3387239760167933 0.01666219965816726 0
-0.1097061071280488 0.4050070085136449 0.002036356943399262 0
-0.1096551903858922 1.253860300647334 -0.08523327433405579 0
-0.1096551921282205 1.422140359445651 -0.08523326621559998 0
-0.1095761084439677 0.3023049947481098 0.008948700652213473 0
-0.1094930149334358 0.1463169758542242 0.04213543848948603 0
-0.1094831047860327 0.4841440140928447 0.08120652986543024 0
-0.1091680175107533 0.0899307465601636 0.03090152425236129 0
-0.1091520097165438 0.1135009663824905 0.03409823125820389 0
-0.1091009144000127 0.1023228683562579 0.03200444104568034 0
-0.1088299954696239 0.4837650127887748 -0.02577141287994707 0
-0.1087790182035655 0.002671913722001494 -0.01899052513075315 0
-0.1085219132855293 0.2238559774501219 -0.007667109567675139 0
-0.108205997823656 0.5611789989538376 0.07422139963473631 0
-0.1080950752206714 0.8233550085218357 0.00401056252063457 0
-0.1079660953169757 0.5613989921812609 -0.0531903389322633 0
-0.1078371885844277 1.255250282310967 -0.1007670097241633 0
-0.1078371901789253 1.420750379659422 -0.1007670016896341 0
-0.1077821875629601 1.274440243804434 -0.1310000295736176 0
-0.1077821883181938 1.401560302416924 -0.1310000227147675 0
-0.1076629980749769 0.5938810272148588 0.07126750266026766 0
-0.1076020947170475 0.5941320134658082 -0.06473998680921238 0
-0.1074840126195581 0.1466179610408069 -0.02402685654873789 0
-0.1073900969022222 0.6063560386901981 0.07139333339265491 0
-0.1073750882843785 0.6064180172985811 -0.06836347536181381 0
-0.1073120135352383 -3.605813986486572e-08 0.02945054625619406 0
-0.1070440123411296 0.113829964166828 -0.03097168522430466 0
-0.107027023620787 0.09027393278801894 -0.03713683699892946 0
-0.1069689193263595 0.1026599636497239 -0.03363154475120389 0
-0.1069210855723913 0.6227080245712795 -0.07200377868282228 0
-0.1069210953989646 0.6227099985462092 0.07364727933214676 0
-0.1066301888478526 1.231370261855816 2.401426036649539e-08 0
-0.1066301930763096 1.444630266753802 3.432512658259831e-08 0
-0.1064121901556232 1.256350227445786 -0.1129420149162243 0
-0.1064121916017713 1.419650316747323 -0.1129420068808856 0
-0.1063560289050783 0.07343884569417919 -0.04253707855199512 0
-0.1062400862497631 0.6403989794349373 -0.07468407456153778 0
-0.1062400949938448 0.6403999963674017 0.07608426385635342 0
-0.1053300854586586 0.6568799384175876 0.07675880263812838 0
-0.1053300865291089 0.6568890206472778 -0.07542734552559265 0
-0.1052821900487456 1.25721032331695 -0.1226000119311043 0
-0.1052821914227938 1.418790341263371 -0.1226000039557307 0
-0.1040900249585642 0.04892093579632582 -0.05088166595967782 0
-0.1033460856359965 0.687604008974891 -0.07369667316968109 0
-0.103346085462241 0.6876259836824834 0.07646328478630417 0
-0.1031851866835607 1.25861031800731 -0.1288999193641589 0
-0.1031851879855089 1.417390347308444 -0.128899911491075 0
-0.1026441874433159 1.235360318921572 -0.03820829072090299 0
-0.1026441903914618 1.440640332949362 -0.03820828035360234 0
-0.1026041949851665 1.204280293884152 0.1226000573660873 0
-0.1026042022537378 1.471720340205196 0.1226000733711048 0
-0.1025390686755796 0.8987380286291752 0.001281270528226555 0
-0.102234191028841 1.204770245015307 0.1129420607715658 0
-0.1022341985729286 1.471230271293172 0.1129420762811827 0
-0.1021141886762038 1.338000392123905 -0.1310000260684085 0
-0.1020950781265626 1.023659967875379 -0.02849997636970453 0
-0.1020832456629774 1.0347400601868 0.013297795712248 0
-0.1020831708442977 1.034739994499426 -0.07029791057200535 0
-0.102049019829633 -4.332386028561907e-08 -0.01593370161402846 0
-0.1020460813290846 1.067979945995741 -0.08366600336365254 0
-0.1020460868586681 1.067979955044887 0.02666594150044962 0
-0.1020101296856493 1.101230103950453 -0.06945110371603144 0
-0.1020101327500578 1.101230106199664 0.01245103811980351 0
-0.1019982326393816 1.112310013155888 -0.02849997342352605 0
-0.1015431955818332 1.206030286235172 0.1288999648301885 0
-0.1015432025748314 1.469970346845526 0.1288999808530025 0
-0.1015140247091979 0.02508152217384702 -0.05911813026387883 0
-0.1011221911390558 1.2062201888938 0.1007670562390113 0
-0.1011221989255542 1.469780329038165 0.1007670710344816 0
-0.0999093257444548 0.01028084919454759 -0.06419393602240052 0
-0.09979717084299518 1.238200244572772 -0.06549995862205897 0
-0.09979717334080868 1.437800291636076 -0.06549994859609518 0
-0.0995207406901495 1.467700365696065 0.08523333548785422 0
-0.09952066560543937 1.208300273536526 0.08523332167453826 0
-0.09944407338884891 0.7479739714241271 -0.06895440615264205 0
-0.09944407625308159 0.7481109969126138 0.07598966299760608 0
-0.09886043133100036 1.414720296901361 -0.1310000222117315 0
-0.09886037046953461 1.261280249414732 -0.1310000298014662 0
-0.09836184197559922 1.464740275834903 0.1310000914177688 0
-0.09836178325816521 1.211260237430545 0.1310000759909555 0
-0.09793688107534212 0.9620209913842149 -0.005332694127414212 0
-0.09786119842750718 0.002570100103002461 -0.0642937791864972 0
-0.09767947751093775 1.21070019646294 0.06550000623797475 0
-0.09767948564277373 1.465300325703194 0.06550001881325518 0
-0.09611789628654169 1.43412030189941 -0.1007670003301812 0
-0.09611783484205208 1.241880241221231 -0.1007670097419685 0
-0.09608361193605718 1.020120034816914 -0.02535552481661054 0
-0.09583190227781271 1.032240055470202 -0.07127631939449149 0
-0.09582951014652848 1.03215994075679 0.02020387122285614 0
-0.0953913213937871 1.382730354565944 -0.1310000232853435 0
-0.09524132388857116 1.001029971971666 -0.01592241534880661 0
-0.09522842224736351 1.462100272217782 0.03820835053064246 0
-0.09522835475704412 1.21390025295119 0.03820833919381098 0
-0.09511668430612745 0.01114826579132251 0.1779001193550212 0
-0.09507700922350419 1.068619981292482 -0.08606855438922822 0
-0.09506724726400616 1.068259978098395 0.03391315434544399 0
-0.09487349722164341 0.002786985565996643 0.1748391236470938 0
-0.09484778037883655 1.432850365694173 -0.1129420055389668 0
-0.09474499742140462 0.03220772121480878 0.1779001146220267 0
-0.0946731150993918 1.016050005526622 -0.07363730375098794 0
-0.09466328525351213 1.015739926231545 0.04034818183782123 0
-0.09458289340802285 0.8232359909585546 -0.06602317305135735 0
-0.09458288134622732 0.8234720116659797 0.07492226966124532 0
-0.0943196636441332 1.104920096499695 -0.07086541660672845 0
-0.09430738734526517 1.104450055287808 0.01762686112812497 0
-0.09406056337016462 1.116770097167122 -0.02679963090634392 0
-0.09395368822510511 -5.079917188749404e-08 -0.0576024349735544 0
-0.09384016932965515 1.244160239991746 -0.122600012005215 0
-0.09384017088732474 1.431840305665615 -0.122600002628672 0
-0.09375036649873876 -9.780930896198522e-09 0.1656561172960921 0
-0.09304947570841436 0.04312324298656949 0.1642481119335114 0
-0.09296861811876432 1.061209930563977 -0.09251841761487287 0
-0.09292946097473267 1.059770017526922 0.05489693211122413 0
-0.09205708874445823 1.245940273997006 -0.1288999194463075 0
-0.09205709021291064 1.430060272371372 -0.1288999102018195 0
-0.09179680236357159 1.457630282447398 3.579726190092561e-08 0
-0.09179673696518541 1.218370246452001 2.479668743688441e-08 0
-0.09125436525549037 1.106010025218041 -0.0745455883035193 0
-0.09120537058048572 1.104160023495577 0.03259174194313914 0
-0.09065676922445233 1.119950006584375 -0.02169897177398956 0
-0.08972181980119402 0.8986299670492076 -0.06972538435087729 0
-0.08972181911980301 0.8988469755028586 0.07284511946238385 0
-0.08926369137692672 0.9777950283397577 -0.08399098606894453 0
-0.08925427409913488 0.9775350125206114 0.07329293381793692 0
-0.08846048484554958 1.249540276555457 -0.1310000298794015 0
-0.08846048625072005 1.426460269992516 -0.1310000210132311 0
-0.08836517877434055 1.222840239662819 -0.03820829042621966 0
-0.08836518247977967 1.453160292677013 -0.03820827893611865 0
-0.08831311988791429 0.05604748313303169 0.1232920843991578 0
-0.08716242671541119 1.390730356374915 0.1310000875310176 0
-0.08695519776795591 1.123260092520328 -0.01483442292573993 0
-0.08591411908436945 1.449970371984526 -0.06549994721808931 0
-0.08591405639780647 1.226030283231861 -0.06549995832470758 0
-0.08529959862594977 1.268850280050726 -0.1310000288748198 0
-0.0852995997842169 1.407150266121781 -0.1310000220986439 0
-0.08427613169097947 1.483970290828149 0.1226000748817031 0
-0.0842760703066076 1.192030225380844 0.1226000575174372 0
-0.084141841164628 1.447660334866898 -0.08523326348330043 0
-0.0841417791000298 1.228340203774142 -0.08523327463710403 0
-0.08410381095775939 1.366780265671769 -0.1310000237381987 0
-0.08397178034528696 1.192560230935437 0.1129420610318471 0
-0.08397178997748972 1.483440286790867 0.1129420777815625 0
-0.08358042652815968 1.482020383424057 0.1288999823381763 0
-0.08358035809510225 1.193980250879217 0.1288999649246215 0
-0.0832461891193519 0.06732682414519663 0.07907044675494737 0
-0.0830588850534555 1.481860287339637 0.100767072163395 0
-0.0830588747296091 1.194140232240803 0.1007670566425866 0
-0.08288528492552961 0.002495471890471483 -0.07979218070548286 0
-0.08274672671943352 1.445840367032703 -0.1007669990030658 0
-0.08274666492391997 1.230160292891896 -0.1007670100165312 0
-0.08266671370299539 -5.391034550548072e-08 -0.07182273791447433 0
-0.08254142575040518 0.009982233005051055 -0.07970188160269423 0
-0.08177817418497671 -3.097071029722824e-08 0.05490209447139242 0
-0.08174340986426154 1.479580290706689 0.08523333661099874 0
-0.08174333959160189 1.196420230988588 0.08523332228684739 0
-0.08165321937419787 1.444410332699265 -0.1129420042297159 0
-0.0816531578643515 1.231590212183385 -0.112942014784442 0
-0.08157803632108587 0.02459835994465921 -0.07366398583119442 0
-0.08154889437370734 1.052559984090415 -0.09940572812532343 0
-0.08149313153137194 1.476180318274795 0.1310000928225003 0
-0.08149306377010634 1.199820196005916 0.1310000760625074 0
-0.08149000780666635 1.050110014654368 0.0763043618882079 0
-0.08145458364880515 1.113600079364779 -0.084401218358116 0
-0.08136458621845272 1.109740094704628 0.0561588843630303 0
-0.08117110051337435 -3.57741252169025e-08 0.0296034370280781 0
-0.08078579822337303 1.232720317125161 -0.122600011844184 0
-0.08078580000719777 1.443280348086219 -0.1226000013331479 0
-0.08055963036250682 0.07330737025319954 0.05562334007867715 0
-0.08023112740503034 1.476960309334913 0.06550002031478321 0
-0.08023105732857536 1.1990402140864 0.06550000701119932 0
-0.07993783499184817 0.04848212362596842 -0.06379083708664453 0
-0.07940604406544445 0.07905552020160457 0.04584179012466229 0
-0.07939271997412967 1.441180356954231 -0.1288999089436171 0
-0.07939265870651829 1.234820308925778 -0.1288999193217645 0
-0.07898784040620062 0.3384610054587242 0.1042880297293695 0
-0.07896024393875672 0.3021079772419719 0.09479013249988948 0
-0.07893789827526811 0.08963772366114459 0.04261747711133627 0
-0.07890195146451248 0.2235189777453932 0.0742565024125446 0
-0.07885874312430974 0.3538190101668103 0.1071050357306742 0
-0.07884592488763817 0.102033972610287 0.04334983356079714 0
-0.07884473166828575 0.1460929669738994 0.05402603124509987 0
-0.07882053260391342 0.1132248705372831 0.04543826315139229 0
-0.07844686657969741 0.3694190097717199 0.1075990327332356 0
-0.07842250539633519 0.07311881858970946 -0.05382739078711921 0
-0.07821780052085059 1.47348035234614 0.03820835199530029 0
-0.07821779024628242 1.202520293068063 0.03820834025400998 0
-0.07812459011373847 1.128100010324136 -0.00784297530878322 0
-0.07783379337329652 0.08999301445151109 -0.04751853955841201 0
-0.07773418949395847 0.1023819590394787 -0.04362098537435306 0
-0.07768572180481799 0.1135618617246275 -0.04089085353235219 0
-0.07761479086207621 0.1463929678537059 -0.03422836622620595 0
-0.07744772376093838 0.2237329690758897 -0.01853338423782362 0
-0.07727813831812244 0.3022859829328836 -0.002592126415572065 0
-0.07719951817484533 0.3387579833914602 0.004809281358395623 0
-0.07715994906084146 0.4059760043260026 0.1060440376824499 0
-0.07707262559780957 0.3539899856934944 0.00570818210206454 0
-0.07675772537984933 0.3688240057461583 0.002141679376368243 0
-0.07672230513652327 1.436860330231124 -0.1310000198411381 0
-0.07672224395605425 1.239140216580801 -0.1310000297807196 0
-0.07575076253492115 0.4048590122303324 -0.01213917451136642 0
-0.07539920695799297 1.468600282485652 3.720913873654818e-08 0
-0.07539914743706561 1.207410260436141 2.57263626530065e-08 0
-0.07440578680423322 0.4842030224379065 0.1027180361464111 0
-0.07414834269615569 1.221740289391403 0.1310000790186261 0
-0.07354735197372868 0.4836970036584534 -0.0433829818022526 0
-0.07258062084571595 1.463710318250897 -0.03820827757765011 0
-0.07258055677511301 1.212290213829409 -0.03820828995911763 0
-0.07169687191978827 0.5611440100568477 0.09944632049637492 0
-0.07167721629844349 -1.209467614159919e-08 0.1537781163893605 0
-0.07137457827265295 0.5614370176973719 -0.07419149993571586 0
-0.07081742705461889 0.04303060783569249 0.1536861074111176 0
-0.07078113840381854 -5.090330572123721e-08 -0.05813655143162737 0
-0.07069086865294337 1.338000375160357 0.1310000852476687 0
-0.07056729029395716 1.215770293801846 -0.0654999578543618 0
-0.0705672939615362 1.460230361262125 -0.06549994589713301 0
-0.07054579313569165 0.5938410316751387 0.09805598079029616 0
-0.07045959172720566 0.5941759987023461 -0.08716629494709284 0
-0.06911162846426103 1.45770038293338 -0.08523326219012031 0
-0.06911156598719048 1.21830027485307 -0.08523327424727323 0
-0.0690916695238509 0.606347037727316 0.09878309642786894 0
-0.06907008574051114 0.6064289807539777 -0.09141545359091559 0
-0.06906895610945195 1.252450279455531 0.1310000808435775 0
-0.068375469497649 1.129329998269396 -0.0647894923238632 0
-0.06834268365620784 1.126670105144738 0.04868208082619066 0
-0.06796572848945305 1.455720316970985 -0.1007669977309238 0
-0.06796566635838382 1.220280223711175 -0.1007670096649747 0
-0.06716342807177859 0.002493687037488265 -0.06493213635576302 0
-0.06711007779150092 0.002786982995318912 0.1616421165525791 0
-0.06706761262037172 1.454160344469462 -0.1129420029743483 0
-0.06706754338420448 1.221840317077657 -0.1129420149510336 0
-0.06651735229599291 1.133130065975651 -0.002444578627008823 0
-0.06635508881296437 1.223070322335048 -0.1226000115118113 0
-0.06635509082398168 1.452930343229788 -0.1226000000908886 0
-0.06617234881175833 1.261650275166095 -0.1310000283515643 0
-0.0654739032592271 0.6227160171303843 0.1018640282483426 0
-0.06547388994967462 0.6227080204029884 -0.09604710064905449 0
-0.06546248631531852 0.01114838327616623 0.1642661207736346 0
-0.06534759883106539 1.225390255301294 -0.1288999190326974 0
-0.06534760068854617 1.450610291677356 -0.1288999077321566 0
-0.0652755065449636 0.02239953504033202 0.1642731072366283 0
-0.06509042691643774 0.03385638719823997 0.1642831030248476 0
-0.06449984736873766 1.493720302841161 0.1226000759797286 0
-0.06449977644216948 1.182280214463189 0.1226000576244386 0
-0.06446458964833592 0.009975263499405321 -0.06471297945171083 0
-0.06426691944537161 1.493150363653494 0.1129420788840494 0
-0.06426684806859197 1.182850274276202 0.1129420611687298 0
-0.06405001103208938 1.491670378576739 0.1288999837730281 0
-0.06404994091358189 1.184330256645856 0.1288999650477596 0
-0.0635682728688604 1.184530292193543 0.1007670568999648 0
-0.06356822581654754 1.491470347358153 0.1007670736243013 0
-0.06356457805587777 1.230220259633636 -0.131000029528568 0
-0.06356457980235579 1.445780287446847 -0.1310000187007817 0
-0.06270050978202424 1.485550290715013 0.1310000942057229 0
-0.06270044040495605 1.190450224481732 0.131000076244268 0
-0.06256145053322593 1.489040385389929 0.0852333380489088 0
-0.062561377593345 1.186960256280919 0.08523332278280833 0
-0.06180279446431525 0.6404010072854804 0.1050119260568224 0
-0.06180278234492401 0.6403989748976676 -0.0995885710934027 0
-0.06140392746911726 1.486240278722761 0.06550002172577259 0
-0.06140391336636741 1.18976024409457 0.06550000815828359 0
-0.06113710845254356 0.0245417424193748 -0.05920639949098636 0
-0.06088949886421244 -4.322187733602228e-08 -0.01608545108116818 0
-0.06018870149759514 0.6568549836649011 0.1059400199643408 0
-0.06018869071754868 0.6568890152929828 -0.1005669970240035 0
-0.06018341710797161 -1.879229792955136e-08 0.1181631010561227 0
-0.0598631462087168 1.482520353355681 0.03820835337042841 0
-0.05986313075904758 1.193480291491491 0.03820834303673303 0
-0.05945999778586683 0.05166303501606917 0.1234180903663041 0
-0.05905495535543685 0.6875859910065074 0.1052110092905666 0
-0.05905494688549613 0.6875979754527993 -0.09850436057413028 0
-0.05820541548457626 1.13238013958274 0.04538034796644787 0
-0.05819992042339241 1.133670062829842 -0.05075582742242407 0
-0.05770592578428692 1.477310312073854 3.853444864714311e-08 0
-0.05770591538200742 1.198690215430655 2.817247986113096e-08 0
-0.0573509890807708 1.460300324409553 0.1310000929158491 0
-0.05682525258727337 0.7479489931505956 -0.09292119352247788 0
-0.05682525772630925 0.7481039611047782 0.1033869137958588 0
-0.05563344572531801 0.04829002814044325 -0.05014024166871364 0
-0.05554870745023296 1.203890244325233 -0.03820828881331581 0
-0.05554871281043763 1.472110284375623 -0.03820827630089693 0
-0.05528248358451068 -2.663209073850945e-08 0.07873346912637205 0
-0.05448546656182662 1.137030157145891 -0.0003595948759057635 0
-0.05446667486081653 -3.568232156356316e-08 0.02990592487558904 0
-0.05404737303574273 0.8231959903562157 -0.08936767998982523 0
-0.05404737599596656 0.8235039654458987 0.1009010189308263 0
-0.05400813971342806 0.00261081881851611 -0.01916045364888225 0
-0.05400781234074763 1.468390359008542 -0.06549994465623589 0
-0.05400780751377913 1.207610295292532 -0.06549995678338241 0
-0.05342079607343669 0.06151847661342082 0.07929831717648193 0
-0.05298722427051906 -3.092119354991628e-08 0.05541338562915919 0
-0.05289430583968276 0.002787095408650312 0.1220531010128099 0
-0.05289374106268022 1.465700282551597 -0.08523326097429938 0
-0.05289367797223025 1.210300255882369 -0.08523327347664346 0
-0.05273491088706141 1.425160275389232 0.1310000910215695 0
-0.05201677796966753 1.212420275768748 -0.1007670089797552 0
-0.05201678097038911 1.46358038404685 -0.1007669965357191 0
-0.05132947676262238 1.214080266615225 -0.1129420143867106 0
-0.05132947927929774 1.461920275709371 -0.1129420017947037 0
-0.05126961467737409 0.8985930224548548 -0.09339426447982677 0
-0.05126961733521582 0.8988829774378275 0.09818508742494379 0
-0.05078421929201834 1.460600390635995 -0.1225999989242508 0
-0.05078415737904496 1.215400272199668 -0.1226000114633542 0
-0.05065842776999667 0.07279302211913039 -0.04102377729638311 0
-0.05057408249847317 0.01044345873853469 -0.01873464716455416 0
-0.05035860532912709 0.01114873466701247 0.1233641031620061 0
-0.05021812076548066 0.06674424159797444 0.05590467208131557 0
-0.05018574464004773 0.02369586851730658 0.1233911008145001 0
-0.05007753889760302 1.458150281706149 -0.1288999065869087 0
-0.05007747719240088 1.217850262758566 -0.1288999189926752 0
-0.04998518688040268 0.03903989003750436 0.1234300914079311 0
-0.04891653361645082 0.08962323667529135 -0.03536621514599977 0
-0.04890630559912528 1.222910224691868 -0.131000029077107 0
-0.04890630753596785 1.453090322680928 -0.131000017596847 0
-0.04877759823691342 0.1020169641114424 -0.0318676622397708 0
-0.04872466648733923 0.974057055606604 -0.09973416643378577 0
-0.04871482830838741 0.973575000509502 0.09342923143293545 0
-0.0486114149096049 0.1132099647979572 -0.02922783135451462 0
-0.04843188678058002 0.08943352360917425 0.03179934479382613 0
-0.04831249515102539 0.1018329692585726 0.03295233542332657 0
-0.04820484097468905 0.1130339704304552 0.03519585292942679 0
-0.0480528545488469 0.1460929638646604 -0.02236614354390027 0
-0.04804523369577361 0.02521987179335816 -0.01551123153165237 0
-0.04788912216529853 0.1459438648462763 0.04385313159639482 0
-0.04767993977959741 1.137220155640158 -0.03981318295963265 0
-0.04766981012042072 1.136710086555405 0.03878486667312488 0
-0.04714507300987561 0.2234708761128296 0.06424667766348187 0
-0.04689831582837154 0.002787206058750334 0.0790654731716101 0
-0.04673732102431372 0.2235558859378991 -0.00620214254331642 0
-0.04664542507304847 1.049500004416042 -0.1031210159653504 0
-0.04660621069150665 1.046909975055897 0.08482265193806898 0
-0.04638994092712392 0.3021539919934558 0.08494380348537556 0
-0.04604083978815408 0.3385329780057175 0.0945112444326934 0
-0.04572862954730662 0.3538469943822884 0.09719970545025702 0
-0.04551870324194014 0.002743089094902017 0.03016037365225541 0
-0.04540115686147651 0.3022229839070139 0.01021250358191392 0
-0.04530199095003585 0.07365927790757183 0.03736225082469787 0
-0.04524770516824742 1.141560139723192 -2.777348253443969e-05 0
-0.0450844773903568 0.3693380068691186 0.09726008605585423 0
-0.04478126662812236 0.3387179924418413 0.01782610631798823 0
-0.04441261358985339 0.3539670126032442 0.01894983028913778 0
-0.04425487196345347 1.188680208215559 1.911675415890905e-05 0
-0.04401786595536339 0.01114907623155153 0.07920119001093677 0
-0.04387952491635973 0.04866178686552455 -0.01019354770678429 0
-0.04385990665743175 0.02510359890442063 0.07924958483878401 0
-0.04383009250389999 0.3688919883519981 0.01589450070001429 0
-0.04382964995120515 1.107250046466554 -0.09999154548643494 0
-0.04379428491178224 0.002787261832748515 0.05566843246137026 0
-0.04377404474807449 1.102960096353031 0.0757040740385248 0
-0.04364312588828703 0.04466883306086436 0.07931996197512099 0
-0.04362456850840707 1.500810277654796 0.1226000773414733 0
-0.0436245070321858 1.175190240498468 0.1226000579505218 0
-0.04346710006532666 1.500220311299938 0.1129420802412266 0
-0.04346702688830954 1.175780208201532 0.11294206152592 0
-0.04334753012015904 1.498730312891612 0.1288999847600825 0
-0.04334745799201122 1.177270204287681 0.128899965389877 0
-0.04318696608215888 0.4058260090097165 0.09424433750126662 0
-0.04299455018407072 1.498460305545162 0.1007670749665249 0
-0.04299447205966143 1.177540215590083 0.1007670573642512 0
-0.04251641014981444 1.492510327377641 0.1310000954930937 0
-0.04251633915279401 1.183490188753412 0.1310000766380846 0
-0.04231356643851079 1.495920313366715 0.08523333936991949 0
-0.04231349081204604 1.180080209926196 0.0852333234751924 0
-0.04219527680345943 0.01097275677049451 0.03063136759384577 0
-0.0421476901336909 0.4049890125017485 0.003231137960667994 0
-0.04202219495295453 1.148490154870316 0.000110772111221925 0
-0.04155305882397165 1.158890226213555 0.0001231250068123213 0
-0.04153077777610501 1.492990387740791 0.06550002302217713 0
-0.04153069989304073 1.183010255086865 0.06550000963470373 0
-0.04145080925168288 0.02590020995916166 0.03148418007315318 0
-0.04113320993145467 1.405990359355296 -0.1310000202415663 0
-0.04074820596207356 1.183770216362338 0.03998218402811132 0
-0.04065329639224891 0.01114919213670049 0.05578334574260436 0
-0.04058388058486335 1.173850182896113 7.635806577580303e-05 0
-0.04050208802877032 0.02584990451600823 0.05584246024851349 0
-0.04048859681983129 1.489100350661915 0.0382083546342593 0
-0.04027784916886015 0.04765328893301558 0.05593037107440639 0
-0.04023989000208002 0.04873666552032613 0.03288475976338012 0
-0.04011031368525817 0.07274194788933255 -0.00485310257671119 0
-0.03960034502307121 1.141620085370992 -0.03272087011495747 0
-0.03958318084283023 1.141420192154328 0.03258020172664279 0
-0.03911429283175114 0.4841350127477698 0.08770421491659036 0
-0.03907540999104069 1.129610013274214 -0.08678421577611257 0
-0.03904918177119921 1.125790133156371 0.06941228427362271 0
-0.03902952559965556 1.483660354585375 3.975319133818417e-08 0
-0.03877033038095763 0.08943273761681814 -0.001560960537020629 0
-0.03863001342007503 0.1018309632281054 0.0007683179332589482 0
-0.03847919743497805 0.4837560125449187 -0.02446910915482877 0
-0.03845972530900592 0.1130319651744162 0.003220761594891081 0
-0.03789357550192048 1.194560205282801 -0.03995809436104945 0
-0.0378847220149849 0.1459438645150715 0.01102491427646081 0
-0.0375705214347052 1.478210344925241 -0.03820827512851406 0
-0.03690372485882641 1.230180309517156 0.1310000812866766 0
-0.03690373113255723 1.44583033849961 0.1310000929129221 0
-0.0367929102393096 1.148230159073289 0.0304514273828463 0
-0.03674605611820569 1.148510170516422 -0.03023815091091783 0
-0.0365418456450125 1.157830222911312 0.03068192565286277 0
-0.03652984324411833 0.2234758826998373 0.02940919517555422 0
-0.03652833302785089 1.47433032142996 -0.06549994351579705 0
-0.03652826446554547 1.201670211096225 -0.06549995544906613 0
-0.03617587905160852 1.159420224516747 -0.03044109049474878 0
-0.03607299784361321 1.17090023375036 0.03155532421712626 0
-0.03577480614575096 1.204490231489791 -0.08523327252855981 0
-0.03577481024602983 1.47151030680493 -0.08523325985785417 0
-0.03518168772191203 1.206700254484575 -0.1007670081191546 0
-0.03518169119744942 1.469300286047823 -0.1007669954373916 0
-0.03515441204406849 0.3021859997157432 0.04807123003350149 0
-0.03510737095188933 0.5611820364430812 0.08126171822656779 0
-0.0349488010883377 1.175910233892554 -0.03140513836975847 0
-0.03486327965389784 0.5614010140065545 -0.05178306818430357 0
-0.0347167678583727 1.208440234851085 -0.1129420136471361 0
-0.03471677071072474 1.467560307460237 -0.1129420007111577 0
-0.03451681983948324 0.3386309986493247 0.05670871971991701 0
-0.03434800007662527 1.466190354468883 -0.122599997851592 0
-0.03434793788196259 1.209810308363469 -0.1226000107727278 0
-0.03410559845528909 0.3539080018796426 0.05863073338808518 0
-0.03389130901297854 1.463670388872525 -0.1288999055296038 0
-0.03389124708122551 1.212330274810841 -0.1288999183641097 0
-0.03340899392529873 0.3691119873456535 0.05714628493465387 0
-0.03340667024629386 0.5938850187150349 0.07853879802483263 0
-0.03333816493433667 0.5941360004003841 -0.06328695118784231 0
-0.03326091956177755 1.131500153155503 0.06313747343283781 0
-0.03325656913611415 1.133880115145214 -0.06997128746934425 0
-0.03316281722744466 1.458520307594944 -0.1310000165646054 0
-0.03316275547811052 1.217480237122087 -0.1310000289364147 0
-0.03140461513369912 0.405404992341877 0.04933276408990064 0
-0.03078757756608446 0.6063590172831964 0.0786231973890822 0
-0.03077057463780793 0.6064199758690075 -0.06691776401211058 0
-0.02878497762818647 1.25390023847533 -0.1310000270301445 0
-0.02724680639325008 1.137340076157265 -0.0560257015654047 0
-0.02723881611565011 1.136200122609447 0.05406981867395703 0
-0.02707028008556562 0.4839440074249937 0.03226747864191455 0
-0.02402626369749504 0.6227210223079959 0.08060290487497437 0
-0.02402625125692777 0.6227099821759885 -0.07061265634404733 0
-0.02280186591614161 0.5612920017340385 0.01544322263836955 0
-0.02263072610828937 1.141570137997785 -0.04652834084751667 0
-0.02261713408674752 1.141220174253847 0.04613257600675448 0
-0.02199983015789647 1.505100382969519 0.1226000785585639 0
-0.02199975684309447 1.170900254864683 0.1226000585059244 0
-0.02192044007418152 1.504500283821737 0.1129420814542623 0
-0.02192036429597964 1.171500236163768 0.1129420620999545 0
-0.02186805015161121 1.503010285413411 0.1288999859701816 0
-0.0218680370411713 1.172990232218712 0.1288999659398008 0
-0.02168213830953802 1.502690329358311 0.1007670761661563 0
-0.02168206295337112 1.173310192305476 0.1007670579782989 0
-0.02147305026248345 1.49674035143758 0.1310000963306626 0
-0.02147303783856231 1.179260284737722 0.1310000772520794 0
-0.02133869752998628 1.500080361304024 0.08523334055036236 0
-0.02133862072635243 1.175920281777544 0.08523332418162048 0
-0.02102985376300331 1.147880174788004 0.04324890910850404 0
-0.02099578327085056 0.5940110157537956 0.008352954050605533 0
-0.02099236434671436 1.148140145309199 -0.04306048553221075 0
-0.02094387736306866 1.497080340592931 0.06550002418121974 0
-0.02094385740233442 1.178920184501824 0.06550001066333089 0
-0.02092286217740672 1.156830188588268 0.04307784745502351 0
-0.02074173270861993 1.168730276106869 0.04327920748996691 0
-0.02068302329488936 1.17797020708036 0.04902807837650978 0
-0.0206302140119585 1.158820136243905 -0.04285292479847484 0
-0.02041833642919198 1.493090286887428 0.03820835576438129 0
-0.01984235837212976 1.175380238895881 -0.0431369401930239 0
-0.01968263462859099 1.487500325475612 4.084219127133877e-08 0
-0.01898662374016715 1.190810240266284 -0.04899255654430715 0
-0.01894675215141053 1.481910364063797 -0.03820827407999085 0
-0.01842122053075959 1.477920310358294 -0.06549994249682971 0
-0.01842115360338759 1.198080224894811 -0.06549995356889099 0
-0.01804117574212592 1.200960205124947 -0.08523327131308879 0
-0.01804118045310112 1.475040333441019 -0.08523325885901178 0
-0.01801179199906807 0.6063900026512189 0.006575661511981993 0
-0.0177420164434338 1.203240203912885 -0.1007670070916379 0
-0.01774202033668205 1.472760336808071 -0.1007669944558326 0
-0.0175077195338191 1.470980303886103 -0.1129419997422175 0
-0.01750765685152138 1.205020238519041 -0.1129420128466871 0
-0.0174986064535866 1.267510231760997 0.1310000839327977 0
-0.01732168929002038 1.469570296560367 -0.1225999968931777 0
-0.01732162691315874 1.206430247141325 -0.1226000100203709 0
-0.01709757680873991 1.208980254313689 -0.1288999176706222 0
-0.01709757927557753 1.467020290213222 -0.1288999045832594 0
-0.0167491285677767 1.461810365852725 -0.1310000156386652 0
-0.01674906670291449 1.214190298113941 -0.1310000282847316 0
-0.01397858919461729 1.407980320676255 -0.1310000189285054 0
-0.01364878826206815 1.283020335062125 -0.1310000251125734 0
-0.01347533833730331 1.351480344445408 -0.1310000216051685 0
-0.01021037849899946 0.6227160083151638 0.005690531879234623 0
-2.395639354509655e-07 1.494440332532899 0.03820835674243087 0
-2.437619857886093e-07 1.498170386542487 0.1310000973598836 0
-2.414118987785917e-07 1.498460307779861 0.06550002518413735 0
-2.427684670893843e-07 1.50149036924174 0.08523334157244158 0
-2.438754707012243e-07 1.504120364463218 0.1007670772045167 0
-2.450441777387378e-07 1.504460347685509 0.1288999870179375 0
-2.44704635480549e-07 1.50594033251024 0.1129420825036737 0
-2.452258211432742e-07 1.506550326032289 0.1226000796120726 0
-2.23363627091182e-07 1.408690314589016 0.1310000923247648 0
-2.247135978706466e-07 1.440110334154523 -0.1310000162815709 0
-2.270345999278617e-07 1.462930337494156 -0.13100001483558 0
-2.279763925298077e-07 1.468150394647577 -0.1288999037643009 0
-2.367039802826788e-07 1.468920350973596 0.1310000959169972 0
-2.28668773533675e-07 1.470710295368989 -0.1225999960637961 0
-2.293219496149949e-07 1.472130316278321 -0.1129419989040698 0
-2.301481301148295e-07 1.47393037636748 -0.1007669936061743 0
-2.325366971462752e-07 1.479130285042756 -0.06549994161495218 0
-2.369748095532032e-07 1.488800303203106 4.1784909837992e-08 0
-2.098338614731134e-07 1.320710254346303 0.1310000874302201 0
-1.823145707875747e-07 1.203870226188129 -0.1129420118769374 0
-1.824723610497892e-07 1.205290248378821 -0.1226000091018815 0
-1.82961373652105e-07 1.207850269117211 -0.128899916811533 0
-1.839503334365456e-07 1.213070207277698 -0.1310000274708413 0
-1.868653310503664e-07 1.235890212919964 -0.1310000263080375 0
-1.627103760180718e-07 1.125480092089604 0.07082867094018165 0
-1.630737866354289e-07 1.147860122296141 -0.04508996497783088 0
-1.627157623430149e-07 1.158230168513939 -0.04452084603807111 0
-1.759324272857937e-07 1.169450192882575 0.122600059339842 0
-1.749332040758972e-07 1.170060187769705 0.1129420629550712 0
-1.772227712496947e-07 1.171540289435672 0.128899966765314 0
-1.730363410697817e-07 1.171880276736763 0.1007670588761407 0
-1.683574264584758e-07 1.174470195184975 -0.04406527816249378 0
-1.711197865007705e-07 1.174510274204315 0.08523332517239547 0
-1.666846145145497e-07 1.17754022005862 0.06550001226186739 0
-1.793934589193749e-07 1.177830250062648 0.1310000781349769 0
-1.740724416365216e-07 1.189660231410006 -0.04922465431216861 0
-1.779001849944966e-07 1.196870251032728 -0.0654999514158551 0
-1.815456956342698e-07 1.202070283708039 -0.1007670058920301 0
-1.592496306648385e-07 1.102900133407845 0.07714574270924379 0
-1.58329581981288e-07 1.107059998472919 -0.1018870427764687 0
-1.615454275299946e-07 1.129520018323774 -0.08904352384294517 0
-1.605299877630971e-07 1.131030121488105 0.06449896919858203 0
-1.618444051821259e-07 1.133900033190508 -0.0723051093502982 0
-1.600301811244988e-07 1.135900197785763 0.05574739179223338 0
-1.620307437085841e-07 1.13738013185743 -0.0583216704252408 0
-1.605106123802331e-07 1.141110148992726 0.04814482719860569 0
-1.621952842975389e-07 1.141510158304455 -0.04871077281605967 0
-1.602792809241434e-07 1.14768014567626 0.04526170397050833 0
-1.602713001038597e-07 1.156350255271002 0.04473510043462037 0
-1.613546322631945e-07 1.167850275346374 0.04420235828154882 0
-1.620783622060238e-07 1.176730197669131 0.04925886903297145 0
-1.39455322334289e-07 1.046919999384841 0.08585948357157522 0
-1.33274782557266e-07 1.049369949472319 -0.1041850101671524 0
-1.063198653825882e-07 0.8234990066175851 0.1026570199361039 0
-1.082605679695004e-07 0.8985930291701829 -0.09339425890469694 0
-1.115678998270683e-07 0.8988829782246038 0.09929922242185082 0
-1.159790933941796e-07 0.9735770283068691 0.09417530840843615 0
-1.113496951355701e-07 0.9740240419331782 -0.09999998207299289 0
-9.384637804460305e-08 0.7479489955475473 -0.09292119012032474 0
-9.912131295441417e-08 0.7480829833071758 0.1056740148294456 0
-1.044617978341665e-07 0.8231959943988615 -0.08936767624207266 0
8.668724924870508e-09 0.6387169941415921 0.09775199688857866 0
1.42256959015339e-08 0.6318669851094915 0.005471126147221022 0
2.038837083602842e-08 0.638701965494979 -0.08821689600498417 0
1.083411817398432e-08 0.6568379932009303 0.1086350267450027 0
2.232053023792082e-08 0.6568890104020005 -0.1005669948729169 0
1.354776152311769e-08 0.6875550041713049 0.1078380192893714 0
2.345586398041706e-08 0.6875979783975735 -0.09850435433205132 0
0.01021010222734223 0.6227160108580904 0.005690663843951607 0
0.01674861330594256 1.214190298099964 -0.1310000267815511 0
0.01674861101547717 1.461810365852725 -0.1310000141744317 0
0.01709712114432528 1.467020290213222 -0.1288999030885608 0
0.01709718324605563 1.20898025430058 -0.1288999161376911 0
0.01732117100336799 1.469570296560367 -0.1225999953788894 0
0.01732123341427898 1.206430247120278 -0.1226000084657212 0
0.01749819367261475 1.267510231761558 0.1310000854632755 0
0.01750726312287267 1.205020238498012 -0.1129420112733718 0
0.01750726000748264 1.470980303886103 -0.1129419982116633 0
0.01774163052648858 1.472760336808071 -0.1007669929047921 0
0.01774169406920276 1.203240203874576 -0.1007670054960066 0
0.01801162978566705 0.6063900086837645 0.006575687426442813 0
0.01804065889974503 1.475040333441019 -0.08523325728182364 0
0.01804078473559755 1.200960205070404 -0.08523326969077934 0
0.01842076615342329 1.198080224861452 -0.06549995185998653 0
0.01842075871955226 1.477920310358294 -0.06549994088641477 0
0.01894629726751572 1.481910364063797 -0.03820827242363216 0
0.01898629682491305 1.190810244904152 -0.04899255508572279 0
0.01968204601925905 1.487500325475612 4.256287704073444e-08 0
0.01970481862586331 1.208090223983055 0.1310000813717325 0
0.01984192209789794 1.175380244488896 -0.04313693869421575 0
0.02041774447958335 1.493090286887428 0.03820835754938405 0
0.02062990481622482 1.158820146019967 -0.04285292323093037 0
0.02068271852635018 1.177970213404711 0.04902807989666071 0
0.02074142686033979 1.168730280557225 0.04327920861390892 0
0.02092262634177862 1.156830195496751 0.04307784852858508 0
0.02094340223683636 1.497080340592931 0.06550002601217188 0
0.02094348255751271 1.178920189293908 0.06550001228147319 0
0.02099212394043231 1.148140160200248 -0.0430604835383985 0
0.0209954976400709 0.5940110240000198 0.008352988327092165 0
0.0210296152665615 1.147880184202331 0.0432489102810121 0
0.02133822254125797 1.500080361304024 0.08523334241583079 0
0.0213382993463343 1.175920281786758 0.08523332605082928 0
0.02147262901469819 1.49674035143758 0.1310000982078789 0
0.02147270289599705 1.179260284733883 0.1310000791285885 0
0.02168160235816275 1.502690329358311 0.1007670780616466 0
0.02168167771167931 1.173310192307055 0.1007670598743938 0
0.02186762908742345 1.503010285413411 0.1288999878819299 0
0.02186770365679719 1.172990232215775 0.1288999678512534 0
0.02191990119578843 1.504500283821737 0.1129420833705855 0
0.02191997510454518 1.171500236161799 0.1129420640157959 0
0.02199929043517452 1.505100382969519 0.1226000804818276 0
0.02199930413749436 1.170900254861969 0.1226000604287892 0
0.02261682418565688 1.141220186016456 0.04613257748454536 0
0.02263041191167348 1.141570157813962 -0.04652833817836041 0
0.0228016352303248 0.5612920117924419 0.01544326546393998 0
0.02402609624743223 0.6227210263946839 0.08060292280359876 0
0.02402610810987889 0.6227099841956424 -0.07061264539120425 0
0.02707010098330389 0.4839440234246415 0.03226752771402309 0
0.02723844339908353 1.13620012263175 0.05406982104847662 0
0.02724649248101429 1.137340077260213 -0.05602569882986359 0
0.0307704965123302 0.6064199798208773 -0.0669177435011644 0
0.03078740413854156 0.6063590248622672 0.07862323159338952 0
0.03140448947361957 0.4054050114879232 0.04933281840145808 0
0.03316230187981173 1.217480237092231 -0.1310000259597764 0
0.03316229967514515 1.458520307594944 -0.131000013665441 0
0.03325619072832973 1.133880115980508 -0.06997128430136028 0
0.03326060208390474 1.131500153094586 0.06313747630110732 0
0.03333802331936493 0.5941360062867468 -0.06328692106313506 0
0.03340643084278127 0.5938850285808579 0.07853883934193857 0
0.03340887838233345 0.3691120086642642 0.05714632739879263 0
0.0338908508817263 1.463670388872525 -0.1288999025667499 0
0.03389091287403206 1.212330274779089 -0.1288999153250452 0
0.03410546715815017 0.3539080250589076 0.05863076344628875 0
0.03434754139461765 1.466190354468882 -0.1225999948488129 0
0.03434760365732219 1.209810308324116 -0.1226000076880896 0
0.03451668824791 0.3386310265715411 0.05670872622735142 0
0.03471625157974349 1.467560307460237 -0.1129419976761423 0
0.03471631411279 1.208440234803791 -0.1129420105260297 0
0.03486306081636318 0.5614010215719302 -0.05178302810858384 0
0.03494842171364199 1.175910253567395 -0.03140513612078596 0
0.03510712866759804 0.5611820481160519 0.08126176678172807 0
0.03515434014737136 0.3021860300779819 0.04807120768517348 0
0.03518123060674028 1.469300286047822 -0.1007669923617289 0
0.03518129377760215 1.206700254407148 -0.1007670049522459 0
0.0357743594731894 1.47151030680493 -0.08523325673033894 0
0.03577441210755185 1.204490231381711 -0.08523326930997083 0
0.03607269795710949 1.170900250786312 0.03155532653440583 0
0.03617556658831882 1.15942025518902 -0.0304410885291177 0
0.03652793640922378 1.47433032142996 -0.06549994032240436 0
0.03652800584360346 1.201670215068904 -0.06549995237929833 0
0.03652977108601602 0.223475901736947 0.0294091444498846 0
0.03654160748550871 1.157830246868603 0.03068192772397918 0
0.03674562340265008 1.14851019992458 -0.03023814756643154 0
0.03679253419125431 1.148230188819512 0.03045142928018154 0
0.03757005537493951 1.478210344925241 -0.03820827184401336 0
0.03788465326183277 0.1459438745789394 0.01102482592643172 0
0.03789312440614699 1.194560211227191 -0.03995809122079196 0
0.03845971551071803 0.1130319695745548 0.003220665214717598 0
0.03847903478150042 0.4837560249413011 -0.0244690577273968 0
0.03863000244554735 0.1018309639298192 0.0007682177673488534 0
0.03877031516927629 0.0894327299291315 -0.001561057453604061 0
0.03902912698012884 1.483660354585375 4.316524525204137e-08 0
0.03904892606416622 1.125790184639481 0.06941228950459595 0
0.03907503007620403 1.129610013848595 -0.08678421218719254 0
0.03911410857032648 0.4841350312484846 0.08770426454499849 0
0.03958286476104678 1.141420226767473 0.03258020373320832 0
0.03960003239148126 1.141620124458051 -0.03272086549388235 0
0.04011029428545741 0.07274193377913125 -0.004853199936709116 0
0.04023987728363684 0.04873663043757146 0.03288466286161223 0
0.04027783895625379 0.04765324037903522 0.05593027826542369 0
0.04048812407951221 1.489100350661915 0.0382083581738661 0
0.04050208051584833 0.02584985418067661 0.05584236056557114 0
0.04058363408929892 1.17385020126142 7.636078503925334e-05 0
0.04061467255737188 1.365000351179447 -0.131000018444811 0
0.04065329094146132 0.01114914243497427 0.05578324083214389 0
0.04074790742169051 1.18377022478708 0.03998218720024258 0
0.04113269357995605 1.270010306062254 -0.1310000231983957 0
0.04145079947523637 0.02590023426428687 0.03148407769507031 0
0.0415303138257436 1.492990387740791 0.06550002665289471 0
0.0415303926716938 1.183010261176583 0.06550001300515486 0
0.04155268479719035 1.158890253545928 0.000123127495214144 0
0.04202189458406235 1.148490178848615 0.0001107751702207457 0
0.04214756886802473 0.4049890272773695 0.003231201571240409 0
0.04219527035318196 0.0109727204199527 0.03063126172937467 0
0.04231309331242764 1.495920313366715 0.08523334306907028 0
0.04231310933718939 1.180080209940715 0.08523332718034914 0
0.04251592999452324 1.492510327373941 0.1310000992152292 0
0.04251600096653221 1.183490188746166 0.1310000803533522 0
0.04299414275521075 1.498460305545162 0.1007670787252121 0
0.04299421714954778 1.177540215593829 0.1007670611243016 0
0.04318677652717249 0.4058260308583418 0.09424438566820309 0
0.04334712023184217 1.498730312891612 0.128899988549628 0
0.04334713273765244 1.177270204277491 0.1288999691766986 0
0.04346656118693357 1.500220311299938 0.1129420840412196 0
0.04346663435092625 1.175780208194471 0.1129420653233531 0
0.04362409956620079 1.500810277654796 0.1226000811552358 0
0.0436241722031369 1.175190240493821 0.1226000617634798 0
0.0436431179637637 0.04466883016208689 0.07931987151943949 0
0.04377378309998771 1.102960166965413 0.07570408238385695 0
0.04379428135277024 0.002787212476905272 0.05566832582979991 0
0.04382940080327668 1.107250014627375 -0.09999154403280062 0
0.04382996935209236 0.3688920051337778 0.01589455577788872 0
0.04385990124371725 0.02510353589210858 0.0792494872495057 0
0.04387950651138896 0.04866177310154955 -0.01019365224437579 0
0.04401786137148678 0.01114901405596262 0.07920108602470426 0
0.04425462193077311 1.188680215383444 1.912029187590755e-05 0
0.04441248946872911 0.3539670317512348 0.01894987578604014 0
0.04473328976074695 1.433390385096609 -0.1310000147520159 0
0.04478114196755616 0.3387180201937415 0.01782612070722287 0
0.04508434686731467 0.3693380302725842 0.09726011930547836 0
0.04524733146225132 1.141560170749149 -2.776908254864325e-05 0
0.04530197471054347 0.07365924505434243 0.03736215962881031 0
0.04540109154908552 0.3022230178486443 0.01021248115906801 0
0.04551869993177873 0.002743053175488889 0.03016026792393262 0
0.04572849871979142 0.3538470201844564 0.09719972336090835 0
0.04604070859261766 0.338533006182809 0.09451124558929161 0
0.04638987017230354 0.3021540197956596 0.08494378302627148 0
0.04660590950114363 1.046909974830769 0.08482265589226078 0
0.04664513491025418 1.049500004590605 -0.1031210118143451 0
0.04673725366393121 0.2235559992376637 -0.006202192924966187 0
0.04689831192263123 0.002787204429233396 0.07906536590099095 0
0.04714500334753643 0.2234709962077368 0.06424662859719019 0
0.04766949013232306 1.136710144333646 0.03878486845330052 0
0.04767961729660669 1.137220221143746 -0.03981317556107386 0
0.0478890537474996 0.1459438709288866 0.04385304626798915 0
0.04804521622870982 0.02521985956669015 -0.01551134379060754 0
0.04805278509131803 0.1460929804133316 -0.02236623297710831 0
0.04820477274909315 0.1130339693415283 0.035195760755737 0
0.04831248616150823 0.101832963201512 0.03295224186515915 0
0.04843187435934172 0.0894335644471639 0.03179925325404161 0
0.04861134402053961 0.1132099768533618 -0.02922792946526826 0
0.04871461100981729 0.9735750005034332 0.09342923543922219 0
0.048724443681002 0.9740571642758851 -0.09973416637142589 0
0.04877758492586009 0.102016973945373 -0.03186776453496225 0
0.04890584958831311 1.453090322680927 -0.1310000133213395 0
0.04890591496349999 1.222910224823623 -0.1310000246277967 0
0.04891651496286297 0.08962324207187619 -0.03536631545185501 0
0.04998517800115532 0.03903980297811243 0.1234299982545859 0
0.05007715376922581 1.217850262717728 -0.1288999144553926 0
0.05007715154686646 1.458150281706149 -0.1288999022090058 0
0.0501857370632463 0.02369578158751379 0.1233910008004538 0
0.05021798441745745 0.06674419600207675 0.05590458484660546 0
0.05035859816430369 0.0111487092276113 0.1233639969120575 0
0.05057406699076838 0.01044344847004763 -0.01873476430669958 0
0.05065834429319701 0.07279302558494975 -0.04102387925717079 0
0.05078376061001073 1.460600390635994 -0.122599994484571 0
0.05078376305454405 1.215400272146517 -0.1226000068528315 0
0.05126937953198653 0.8985930940602923 -0.09339426074269712 0
0.05126938178808266 0.8988829774607446 0.09818509175773145 0
0.0513289601483165 1.461920275709371 -0.1129419973073583 0
0.05132902242064916 1.214080266556906 -0.1129420097189968 0
0.05201626077503519 1.463580384046849 -0.100766991988288 0
0.05201632359611644 1.21242027567797 -0.1007670041926011 0
0.05289334989448457 1.465700282551597 -0.08523325635019627 0
0.05289341326587052 1.210300255756767 -0.0852332685692352 0
0.05289429905969975 0.002787010700108363 0.1220529910347742 0
0.05298722113023064 -8.016416580667509e-08 0.05541327976620528 0
0.0534207851088981 0.06151846387996236 0.0792982329439091 0
0.05400741944741082 1.468390359008542 -0.0654999399347376 0
0.05400748434129207 1.207610295148807 -0.06549995163796582 0
0.05400812586441277 0.002610808938256362 -0.01916057205426084 0
0.05404712752827312 0.8231960220505229 -0.08936767465445047 0
0.05404712440287247 0.8235039944258359 0.1009010242996203 0
0.05442130236243274 1.442970268278583 0.1310000967545464 0
0.05442130809411737 1.233030246576974 0.1310000853169928 0
0.05446667222693197 -7.149999654836035e-08 0.02990582062473837 0
0.05448522070546695 1.13703021192935 -0.0003595867333416495 0
0.05528247990664927 -8.815359433196752e-08 0.07873336189099352 0
0.05554832422604026 1.203890248588132 -0.03820828380478505 0
0.05554831753118761 1.472110284375622 -0.03820827144468888 0
0.05563342090267709 0.04829003540128457 -0.05014035462439497 0
0.05682506466818588 0.7479490128748097 -0.09292118778822429 0
0.05682505947215948 0.7481039797442112 0.1033869196632921 0
0.0577055234394699 1.477310312073854 4.357924604004397e-08 0
0.05770559825141779 1.198690220465443 3.301630213445356e-08 0
0.0581995953400936 1.133670160767801 -0.05075581516577348 0
0.05820501700492095 1.13238022068505 0.04538034983759063 0
0.05905480097944284 0.6875860091697152 0.1052110305596027 0
0.05905480985394249 0.6875979904447489 -0.09850434228145355 0
0.05945998706251723 0.05166300793451993 0.1234180033496822 0
0.05986273307304249 1.482520353355681 0.03820835860381563 0
0.05986280895049119 1.19348029734872 0.03820834790961733 0
0.0601834106272431 -1.017835337044826e-07 0.1181629909326182 0
0.06018847776755198 0.6568549874286538 0.1059400390591604 0
0.06018848847390943 0.6568890180129968 -0.100566980594478 0
0.06088948601756652 -5.470283982785433e-08 -0.01608556794126359 0
0.06113708261685668 0.02454175416974597 -0.05920652366066349 0
0.06140351194752973 1.486240278722761 0.06550002709385915 0
0.06140358628803547 1.189760248469132 0.06550001330922166 0
0.06180250530422005 0.6404010118021165 0.1050119484745074 0
0.06180251735815509 0.6403989779755643 -0.09958855256821876 0
0.06256091035191738 1.489040385389929 0.08523334351818385 0
0.06256098328333594 1.186960256321583 0.0852333282666389 0
0.06270003343709087 1.485550290710779 0.1310000996933539 0
0.06270010278712961 1.190450224470527 0.1310000817217609 0
0.06356413303057194 1.445780287446847 -0.1310000131438061 0
0.0635641945388622 1.230220259819165 -0.1310000237168081 0
0.06356781093710696 1.491470347358153 0.100767079181597 0
0.06356782346990593 1.184530292201112 0.1007670624590645 0
0.06404954226168308 1.49167037857199 0.1288999893793216 0
0.06404961235056757 1.184330256632331 0.1288999706427626 0
0.06426644389691358 1.493150363653494 0.1129420845024242 0
0.06426651524245729 1.182850274258817 0.1129420667797833 0
0.06446456425085106 0.009975336886567836 -0.06471311056143972 0
0.064499311371306 1.49372030284116 0.122600081618464 0
0.06449938227032603 1.182280214445406 0.122600063256797 0
0.06509035725419712 0.03385627615336616 0.1642830068326207 0
0.06527549687842432 0.02239948668251852 0.1642730052486428 0
0.06534713883200363 1.450610291677356 -0.128899902019305 0
0.06534720047671318 1.225390255520098 -0.1288999130278491 0
0.06546247663824534 0.01114827467086572 0.1642660128361849 0
0.0654736849952299 0.6227080247483148 -0.09604707555960734 0
0.06547367212338556 0.6227160249535769 0.1018640623390244 0
0.06574297336975575 1.40374028327951 -0.1310000157124336 0
0.06635464331784498 1.452930343229788 -0.1225999942899588 0
0.06635470515395851 1.223070319534128 -0.1226000059171932 0
0.06651700323649941 1.133130155188972 -0.002444576819402162 0
0.06706714936874497 1.454160344469462 -0.1129419971111284 0
0.06706721138030697 1.221840317000328 -0.1129420088103888 0
0.0671100682456215 0.00278687668530357 0.1616420046086937 0
0.06716340290989369 0.002493820933536017 -0.06493227070135602 0
0.06796527449120877 1.220280223594105 -0.1007670033304868 0
0.06796527162403422 1.455720316970984 -0.1007669917891879 0
0.06834227289071514 1.126670217464388 0.04868208206104498 0
0.06837512313858531 1.129330126799092 -0.06478949350140226 0
0.06887054077447079 1.269130286398231 0.1310000876896823 0
0.06906987739001572 0.6064289863235771 -0.09141542185330746 0
0.06909149282844458 0.6063470483110759 0.09878314212753612 0
0.06911117024084001 1.45770038293338 -0.08523325614820662 0
0.06911117356930931 1.218300274691203 -0.08523326772410295 0
0.06998658288515094 1.372870295627525 0.1310000933628968 0
0.07027686087367596 1.338000392114578 -0.1310000185593518 0
0.07045937091666732 0.5941760057347348 -0.08716625554378804 0
0.07054560646554889 0.5938410439288094 0.09805603199883411 0
0.07056684146355462 1.460230361262124 -0.06549993972796068 0
0.07056690543693256 1.215770293562342 -0.06549995102716888 0
0.07078111463020695 -3.967565603820509e-08 -0.0581366839805159 0
0.0708173578673869 0.04303050144007951 0.1536860176441029 0
0.07137441852212907 0.561437027244389 -0.07419145343316955 0
0.0716772071678341 -1.139331318849599e-07 0.1537780042167883 0
0.07169669000081889 0.5611440234742471 0.09944637739670442 0
0.07258016392496276 1.212290213495645 -0.03820828288236531 0
0.07258015851124056 1.463710318250897 -0.03820827123246749 0
0.07354718228392572 0.4836970210034664 -0.04338293085864828 0
0.07440560791274466 0.4842030417366114 0.1027180917119812 0
0.07539874873382148 1.468600282485652 4.380073028873406e-08 0
0.07539881606335253 1.20741026020396 3.248152490369764e-08 0
0.07575058274244352 0.4048590334131641 -0.01213912177254266 0
0.07672185091415883 1.436860330231124 -0.1310000131338774 0
0.07672191223727158 1.239140216743111 -0.1310000228391057 0
0.07675760320074823 0.3688240302289602 0.002141717795491569 0
0.07707250244707955 0.3539900141777653 0.005708205238332407 0
0.07715981791158032 0.4059760261562645 0.1060440888665117 0
0.07719945411660278 0.338758019015687 0.004809277499782496 0
0.07727801445545812 0.3022860232438757 -0.002592163376679228 0
0.07744765720410428 0.2237329976962607 -0.01853344321448265 0
0.07761478174793832 0.1463929877845533 -0.03422845560837328 0
0.07768565151070944 0.1135619821965906 -0.04089095158315 0
0.07773417683007898 0.102381973416081 -0.04362108658353062 0
0.07783377488976223 0.08999308484840701 -0.04751863804456749 0
0.07812422983544624 1.128100129914425 -0.007842974012638488 0
0.07821732405524121 1.47348035234614 0.03820835883330045 0
0.07821739369754924 1.202520292994798 0.03820834696258643 0
0.07842248129567311 0.0731188881142785 -0.05382749032011465 0
0.07844673502385142 0.3694190328586792 0.1075990689294873 0
0.07882046311099442 0.1132249625638985 0.04543817571279081 0
0.0788446620405403 0.1460929697413959 0.05402595065545087 0
0.07884585496103502 0.1020339622862031 0.0433497448199136 0
0.07885860388880685 0.3538190353761934 0.1071050566164455 0
0.07890182113782697 0.2235189910529319 0.07425645697437148 0
0.07893788419981244 0.08963775940988261 0.04261738998888267 0
0.07896012016896478 0.302108003955918 0.09479011448537659 0
0.07898770835595023 0.3384610327816195 0.1042880336393438 0
0.07939225994135211 1.234820309111235 -0.1288999121201846 0
0.07939225811758713 1.441180356954231 -0.1288999020029015 0
0.07940595887185418 0.07905554226063105 0.04584170538081949 0
0.07993775053987906 0.04848219756099863 -0.06379094792300703 0
0.08023064855350774 1.476960309334913 0.06550002732879398 0
0.08023072595290727 1.199040214091873 0.06550001398949816 0
0.0805595561443809 0.07330732392290563 0.05562314011125842 0
0.08078533759989988 1.443280348086218 -0.1225999942706454 0
0.08078539917095338 1.232720317334759 -0.1226000044918993 0
0.08117109816235607 -7.181960738576187e-08 0.02960333611061735 0
0.08136421502383068 1.109740233131598 0.05615888708943581 0
0.08145422068653774 1.113600239447871 -0.0844012203304659 0
0.08148970668795105 1.050110014210673 0.07630436878005813 0
0.08149267084966007 1.199820195991014 0.1310000831803994 0
0.0814926627220867 1.476180318270181 0.1310000999539017 0
0.08154865862383059 1.05255998450626 -0.09940572088783828 0
0.08157795109979056 0.02459837942625232 -0.07366410822316938 0
0.08165277313330348 1.231590212414261 -0.1129420073317425 0
0.08165277102373231 1.444410332699265 -0.1129419970913805 0
0.08174294418875896 1.479580290706688 0.08523334375721811 0
0.08174301444258947 1.196420231057926 0.08523332945637689 0
0.081778170745026 -8.042634719764582e-08 0.05490199196934347 0
0.08254140092525321 0.009982255763185859 -0.07970201110414042 0
0.08266669050373299 -3.531131131934585e-08 -0.07182286912048037 0
0.08274627232427068 1.230160292777921 -0.100767002455068 0
0.08274626985401469 1.445840367032702 -0.1007669917691333 0
0.08288526019249358 0.002495494822911715 -0.0797923134974714 0
0.08305841056937015 1.481860287339636 0.1007670794246165 0
0.08305848046352055 1.194140232257889 0.1007670639070116 0
0.08324617673826375 0.06732682921928493 0.07907036842883458 0
0.08357995038601587 1.482020383418936 0.1288999896527484 0
0.08358001878270717 1.193980250862692 0.1288999722248347 0
0.08397132258193817 1.483440286786322 0.1129420851304104 0
0.08397139176161456 1.19256023090533 0.1129420683580357 0
0.08410335019254721 1.366780265683283 -0.131000016343025 0
0.08414137830608089 1.228340203627817 -0.08523326689827958 0
0.08414137549062639 1.447660334866898 -0.08523325612740344 0
0.08427566350089469 1.483970290823414 0.1226000822568321 0
0.08427567268440536 1.192030225359461 0.1226000648759542 0
0.08428584845293631 1.422290310793753 0.1310000968708196 0
0.08591366271375872 1.226030283028263 -0.06549995033849706 0
0.08591365913580727 1.449970371984525 -0.06549993970725453 0
0.08695478158975992 1.123260243138885 -0.0148344224368846 0
0.08831310764603367 0.0560474591058206 0.1232920022964567 0
0.08836472759588487 1.453160292677013 -0.03820827121100477 0
0.08836478409247227 1.222840239388061 -0.0382082821978065 0
0.0884600320283556 1.426460269992516 -0.1310000132797854 0
0.08846009316680956 1.249540276695444 -0.1310000219313334 0
0.08925405954474734 0.9775350125238386 0.07329294108014518 0
0.08926345349312989 0.9777952463254423 -0.08399098240481673 0
0.08972158296440243 0.8986301140224937 -0.06972537597576584 0
0.08972159231995008 0.8988469755627266 0.0728451269931823 0
0.09065640060747765 1.119950175390797 -0.02169891229642426 0
0.09120500766233378 1.104160186261556 0.03259174429019229 0
0.09125399825497184 1.106010199109424 -0.07454558947191696 0
0.09179633668881949 1.457630282447397 4.382237722072646e-08 0
0.09179640237632727 1.218370246279299 3.297068226233438e-08 0
0.0920566432575293 1.430060272371371 -0.1288999021539483 0
0.09205670447119541 1.245940274151669 -0.128899911166558 0
0.09292913878766462 1.059770016564693 0.05489693996017199 0
0.09296830225541181 1.061209931188981 -0.0925184094032464 0
0.09304946391190246 0.04312325018518898 0.1642480230522886 0
0.09375035501405926 -1.179183539609431e-07 0.1656560057693557 0
0.09383976808467162 1.431840305665615 -0.1225999944249168 0
0.0938397698031396 1.244160240167552 -0.1226000035417519 0
0.09395366319620843 -3.986253261922929e-08 -0.05760256528555189 0
0.09406019004816385 1.116770284034905 -0.02679963162268821 0
0.09430700370274438 1.104450240660297 0.01762686240417266 0
0.09431928569897897 1.104920284107458 -0.0708654180114031 0
0.09458269318094828 0.8232360458750774 -0.06602316288403247 0
0.09458269227589712 0.8234720712707921 0.07492227931252352 0
0.09466305290077962 1.015739926183298 0.04034818933841546 0
0.09467280839350407 1.016050266219639 -0.07363729573820167 0
0.09474498442867664 0.03220760312269608 0.1779000187034177 0
0.09484739163301577 1.432850365694172 -0.112941997247123 0
0.09487348486721622 0.002786872257537858 0.1748390127039357 0
0.09506691294865788 1.068259976299517 0.03391316248543404 0
0.09507675345327571 1.068619982195927 -0.08606854610742656 0
0.0951166716696043 0.01114814995585259 0.1779000125362991 0
0.09522796105709364 1.213900252916371 0.03820834747741817 0
0.09522795323233472 1.462100272217782 0.03820835885575953 0
0.0952410467145041 1.001029972082075 -0.01592240694180111 0
0.09539086111460103 1.293270310716264 -0.1310000196555713 0
0.09582921010018791 1.032159940207323 0.02020387919300941 0
0.09583164474324374 1.032240358858059 -0.07127630159347595 0
0.09608337224230229 1.020120035076038 -0.02535551624396754 0
0.09611743942112286 1.43412030189941 -0.1007669919273033 0
0.09611750108398706 1.24188024145069 -0.1007670010103718 0
0.09767901424183173 1.465300325703193 0.06550002735265104 0
0.09767908195462988 1.210700196468814 0.06550001477134483 0
0.09786117151353813 0.002570233885747546 -0.06429391069381321 0
0.09793667001449412 0.9620209914200465 -0.005332685541623841 0
0.09836137987555341 1.21126023742613 0.1310000845883712 0
0.09836137331777568 1.464740275828275 0.1310001000275965 0
0.09885997102743518 1.261280249530912 -0.1310000209678028 0
0.09885996965805532 1.41472029690136 -0.1310000135690937 0
0.09944387689259536 0.7479740065630482 -0.06895439541950407 0
0.09944387395351442 0.7481110305816412 0.07598967434970165 0
0.09952026885204687 1.208300273583802 0.08523333039658468 0
0.09952026082047995 1.467700365690304 0.08523334420217873 0
0.09979678323729192 1.238200244423934 -0.06549994961199763 0
0.09979678044747187 1.437800291636075 -0.06549993987156165 0
0.09990929866434251 0.0102808636436869 -0.06419406393331704 0
0.1011217028760831 1.469780329031557 0.1007670798885566 0
0.1011218075090092 1.206220188910972 0.1007670650865264 0
0.1015139968067161 0.02508153387561517 -0.05911825078431748 0
0.1015427042412255 1.469970346838049 0.1288999897422165 0
0.1015428080799549 1.206030286227547 0.128899973704079 0
0.1019978076474325 1.112310235967656 -0.02849997330507534 0
0.1020098121871119 1.101230322847422 -0.06945110452366308 0
0.1020098088774112 1.101230332142008 0.01245104053899003 0
0.1020458251237294 1.067979946930255 -0.08366599465975952 0
0.1020458197509876 1.067979953134425 0.02666595042514634 0
0.1020490056187692 -5.482819560060929e-08 -0.01593381497429813 0
0.102082814123287 1.034740329062023 -0.07029789044891613 0
0.1020828088863687 1.034740368306793 0.0132977991318462 0
0.102094806937517 1.023660320807851 -0.02849995429896849 0
0.1022337015374092 1.471230271285813 0.1129420852323353 0
0.1022338133658216 1.204770245003638 0.1129420697031992 0
0.102538824181915 0.8987381602252971 0.001281279937000557 0
0.102603704422129 1.471720340197807 0.1226000823535022 0
0.1026038085306689 1.204280293876625 0.1226000663325216 0
0.1026437057052446 1.440640332949361 -0.03820827138017856 0
0.1026438132900547 1.235360318739062 -0.0382082814834746 0
0.1031848169597774 1.258610318134054 -0.1288999101385799 0
0.1031848155359335 1.417390347308443 -0.1288999024703508 0
0.1033459184191987 0.6876040218894165 -0.0736966443829528 0
0.1033459119057158 0.6876260159534999 0.07646332541405641 0
0.1040899977852685 0.04892100678039087 -0.05088177440199741 0
0.1049718046301516 1.392420267803743 0.1310000960535732 0
0.1052817141143347 1.41879034126337 -0.1225999947516851 0
0.1052818124823499 1.257210323457603 -0.1226000025023622 0
0.1053299097819729 0.6568799742061863 0.0767588530710434 0
0.1053299173640333 0.6568890309063488 -0.07542731285328606 0
0.1062399061051431 0.6404000055646355 0.0760843075529834 0
0.1062399148238084 0.640398985954743 -0.07468403809406328 0
0.1063560024854021 0.07343885001042089 -0.04253717528218017 0
0.1064118103065311 1.419650316747323 -0.112941997578048 0
0.1064118119036222 1.256350227598463 -0.1129420053720507 0
0.1066297050498158 1.444630266753802 4.364701782747075e-08 0
0.1066298138082342 1.231370261747216 3.346876471938664e-08 0
0.1069208049946558 0.6227100101943351 0.07364732971114184 0
0.1069208146048371 0.6227080316643285 -0.07200373850232671 0
0.1069689054531094 0.1026599748627271 -0.03363164281992345 0
0.107026906507909 0.09027393934073429 -0.03713693244431963 0
0.1070439034546963 0.1138299774990648 -0.03097178198926377 0
0.1073120097866988 -7.152985650224146e-08 0.02945044588298256 0
0.1073749112199516 0.6064180249570604 -0.06836343138826911 0
0.1073899062556738 0.6063560522618735 0.0713933905121736 0
0.1074839052101888 0.146617978319443 -0.02402694542802524 0
0.1076019133975382 0.5941330369832638 -0.06473993804474361 0
0.1076629018126258 0.593881041762809 0.07126756391499518 0
0.1077817124697552 1.401560302423879 -0.131000013253001 0
0.1077818101603423 1.274440243898457 -0.1310000199832665 0
0.1078367109617646 1.420750379659421 -0.1007669922622234 0
0.1078368095896508 1.25525028248451 -0.1007670000262988 0
0.1079659090931206 0.5613990034960404 -0.05319028428181249 0
0.1080948272635672 0.8233550716818039 0.004010573576513978 0
0.1082058987579353 0.5611790139926728 0.07422146490794689 0
0.1085219051087927 0.2238560054701151 -0.007667174054945363 0
0.1087790025394291 0.002671903749668571 -0.0189906378391422 0
0.1088299048486844 0.483765034585967 -0.02577136248569409 0
0.1091009045441461 0.102322964453585 0.03200435318267316 0
0.1091520003895469 0.1135009636239507 0.03409814587201989 0
0.1091679068396722 0.08993072623599023 0.03090144035650373 0
0.1094828972259404 0.4841440348512114 0.08120659031965184 0
0.1094930055820379 0.1463169806033721 0.04213535946807231 0
0.1095759090019603 0.3023051267703603 0.008948652626019597 0
0.1096338054037764 1.319360327919837 0.1310000921054781 0
0.1096547115530577 1.42214035944565 -0.08523325662925446 0
0.1096548103547099 1.253860300840136 -0.08523326445301786 0
0.1097059034789171 0.4050070355608281 0.002036400358658027 0
0.1100649043217996 0.3387240164927449 0.01666218037486881 0
0.1101010071001975 -8.012050211743097e-08 0.05481777014613834 0
0.1101078030248989 0.3689040231724143 0.01475314718702771 0
0.1101789046774176 0.3539710336696692 0.01781590473314823 0
0.1102949025720935 0.2236209910602179 0.06106875175309352 0
0.1106157043943869 1.448620319767571 0.03820835867422177 0
0.1106158143264705 1.227380204574843 0.03820834797229068 0
0.1107808988859249 0.4058460291149881 0.08829857715808759 0
0.1110320047230605 0.06711833393995754 0.05529043153101668 0
0.1111099051645125 0.3021060088033775 0.08029085604509224 0
0.1113868999302827 0.3693510248611633 0.09157335963718258 0
0.1114879016131703 0.338464014368855 0.08919468146840417 0
0.1115419023945541 0.3538330144474788 0.09166174449999231 0
0.1116729044815469 0.01068794831933718 -0.01868212683343384 0
0.1119648102199129 1.252090279739125 -0.06549994795861533 0
0.111964807908047 1.423910378305089 -0.06549994021981527 0
0.1124480063267444 -8.834122287775697e-08 0.07827297960411783 0
0.1126058151696079 1.272650315734578 -0.1288999091048604 0
0.1126058143054462 1.403350349563645 -0.1288999021850202 0
0.1129249076795117 0.04323066134795584 0.1535640238835258 0
0.1130899978015927 -1.139156841202451e-07 0.1537260009662106 0
0.1130899970165208 0.02568227958100512 -0.01580339207903942 0
0.113195005822601 0.0618778236278453 0.07880179785200427 0
0.1132399980574156 0.07415401536418967 0.03650457474173865 0
0.1134107042862788 1.451410288705618 0.1310000998953773 0
0.1134108061493248 1.224590225970859 0.1310000869775861 0
0.1134636060584282 1.451460360945142 0.0655000276312898 0
0.1134638127254201 1.224540279255047 0.06550001553228642 0
0.1136499272427565 0.748047018615468 0.002945852044558793 0
0.1149297106508562 1.271650268326625 -0.1226000014613165 0
0.1149297097228938 1.404350277004489 -0.1225999944921438 0
0.1150857104124841 1.386910310469913 -0.1310000137381265 0
0.1150858153425392 1.28909023569547 -0.1310000189442569 0
0.1151598120814224 1.249630271454851 -0.0382082804343356 0
0.1151598093901468 1.42637026106973 -0.03820827173730605 0
0.115388000600968 0.04928899288477593 -0.01114934359874083 0
0.1156017058168763 1.453600286305226 0.0852333440870348 0
0.1156018083762531 1.222400232433278 0.08523333131211221 0
0.1157500077368361 0.002758371870441682 0.02958598522296923 0
0.1161637127038579 1.270930243404151 -0.1129420043413454 0
0.1161637117115762 1.405070300726446 -0.1129419973404819 0
0.1162577055032037 1.412150246104717 0.1310000976874698 0
0.1162578052743146 1.263850266854741 0.1310000892990512 0
0.1163840047881494 -1.017321960032272e-07 0.1179209988721306 0
0.1172740045801227 0.051994524994002 0.1231440043918276 0
0.1174110032835119 0.07347262754018637 -0.006426280309911207 0
0.1174628061948927 1.220540208246003 0.1007670662448949 0
0.1174628006093944 1.455460308433405 0.1007670797671701 0
0.1177197127824745 1.405970330372378 -0.1007669920535342 0
0.1177198107500499 1.270030331484244 -0.1007669990444298 0
0.1177408081749281 1.220260305114066 0.1288999762065342 0
0.1177408029832149 1.455740329281962 0.1288999896085072 0
0.1179500033206627 0.1025859689225367 -0.001039514182463566 0
0.1180009043090045 0.09019805401433703 -0.003340012102691018 0
0.1180459073442976 0.1137559725291343 0.001326433602535886 0
0.1181098143385631 0.6876230356479595 0.000726643392533885 0
0.1185749059730725 0.1465419775072283 0.008772668241150283 0
0.1186700015139946 0.011033940387206 0.02998623655884701 0
0.1187537026151261 1.456750271767377 0.1129420851058052 0
0.118753804964717 1.219250245898472 0.1129420721121892 0
0.1188860083283926 0.002787212451347058 0.05490521019738023 0
0.1189120034455324 0.0260727832731052 0.03075280897801039 0
0.1191837050253929 1.457180259177433 0.1226000822211109 0
0.1191838072245595 1.218820257030939 0.1226000688414326 0
0.1193169026474016 0.04912113947884034 0.03198756734663437 0
0.1196130027347093 0.002786996853481348 0.1615599014925513 0
0.119631706179656 1.429800268622654 4.384079195386027e-08 0
0.119631813725604 1.246200259594117 3.449261163503642e-08 0
0.1197037123089484 1.407110328180327 -0.08523325645679276 0
0.1197038103942697 1.268890331746557 -0.08523326350319448 0
0.119819904734564 0.2237759965190982 0.02631374661450384 0
0.1200098075957443 0.5940060257751977 0.002536785068651657 0
0.120149909975084 0.606386025454775 0.0007920179801330128 0
0.1201518152023309 1.287920315236591 -0.1288999080237817 0
0.1201518145591373 1.388080349893706 -0.1288999026948262 0
0.1202699054670151 0.5612880250375082 0.009811599029110944 0
0.1203769124633549 0.6568890323398251 -7.847628036128321e-06 0
0.1205158132400947 1.304840291191172 -0.1310000179252125 0
0.120515812828762 1.371160254844369 -0.1310000143821725 0
0.1207368089339869 0.6227080364936066 0.0001262747722703606 0
0.1208828996709407 0.4839560395947031 0.02706755945064922 0
0.1209640042621519 0.002787204457058361 0.07845387886105638 0
0.1210529090382815 0.6403989887616394 2.963090887567198e-05 0
0.1210839024613134 0.3022080257015941 0.0441266089883884 0
0.1212909999299813 0.03404146776828256 0.1641910105001784 0
0.1213630034419508 0.04795263784676098 0.05511108938631596 0
0.1214770036638902 0.0224457361994178 0.1641820063150079 0
0.1215059000041872 0.4054300191335579 0.04457242634972079 0
0.1215879084858649 0.02592472456507398 0.05502305599127325 0
0.121662999947131 0.01114827470139704 0.1641750138869897 0
0.1216709025819375 0.3385890381750968 0.05238838739862991 0
0.1217390065434969 0.01114914217306454 0.05496398124890561 0
0.1217958994565494 0.3691300125672725 0.05259423978673333 0
0.1218259036546232 0.3539021275924445 0.05418285880184911 0
0.1222258089584006 1.26743025478181 -0.06549994710093437 0
0.1222258074951353 1.408570283557477 -0.06549994007257461 0
0.1226028101234584 1.28722031769092 -0.1226000003725497 0
0.1226028094346188 1.388780346664662 -0.1225999950105399 0
0.123342905804642 0.04495623982475982 0.07865778882232261 0
0.1235600019501008 0.02517548601553975 0.07858715896361987 0
0.1237180066559768 0.01114901400969481 0.07853887628743572 0
0.1238148110039706 1.321250289569059 -0.1310000169165523 0
0.1238148107985636 1.354750256401555 -0.1310000151234053 0
0.1241037069582903 1.433230276156653 0.03820835886838236 0
0.1241038079192051 1.242770247589916 0.03820834906655667 0
0.1247580021275855 0.002787010438365349 0.1217190006959272 0
0.1249307141476606 1.338000392178478 -0.1310000159894694 0
0.125578817070285 1.285980300937072 -0.1007669979611402 0
0.1255788162502132 1.39002036069332 -0.1007669925744313 0
0.1256707134208258 1.304110253144939 -0.1288999069811831 0
0.1256707129980816 1.371890292638893 -0.1288999033580184 0
0.1257128063920966 1.265420264652853 -0.03820827882591839 0
0.1257128046917832 1.41058027028787 -0.03820827163719521 0
0.1267437086060062 1.239640283626083 0.1310000883551861 0
0.1267437046399916 1.436360349392033 0.1310000995998018 0
0.127070996555586 0.03930511427863275 0.1230640004886302 0
0.1272729972708431 0.02376218105464218 0.1230250031295153 0
0.1272975983614574 1.435680264496068 0.065500027363509 0
0.1272978112393902 1.240320258579722 0.0655000177612462 0
0.127445001490726 0.01114870917288929 0.1229979020369036 0
0.1275198073018568 1.01111034979121 -0.02849995187881301 0
0.1276968079310621 1.285110310304321 -0.08523326241401738 0
0.127696807025404 1.390890349371172 -0.08523325698232855 0
0.1281798119144423 1.021830351325382 -0.06944607781758458 0
0.1281798071502367 1.021830379918493 0.01244599130062428 0
0.1281877125707022 1.372350321032833 -0.1225999956815141 0
0.1281878173290661 1.303650343172012 -0.1225999993301372 0
0.1290168137521232 1.320900290856983 -0.1288999059491678 0
0.1290168135404918 1.355100254858933 -0.1288999041189434 0
0.1296976977881524 1.437520259183116 0.08523334380015334 0
0.1296977021986967 1.238480261281945 0.08523333360183745 0
0.1301447123269433 1.338000392050422 -0.1288999050036565 0
0.130159711197996 1.0540203150177 0.02553415829268824 0
0.1301597143825584 1.05402029045232 -0.08253419386715906 0
0.1303858101316095 1.392010319743184 -0.06549994059866249 0
0.1303858112058465 1.283990337500804 -0.06549994602634056 0
0.1305947089373714 1.262600246672412 3.614997454709457e-08 0
0.1305947066343235 1.413400283698744 4.340635895267109e-08 0
0.1315698145493802 1.320680349254119 -0.1225999982906843 0
0.1315698143242625 1.355320314877429 -0.1225999964486518 0
0.131784709082937 1.439120285765149 0.1007670794605014 0
0.1317847134151569 1.236880232517232 0.1007670686490514 0
0.1319727050426107 1.236460255841467 0.1288999776790777 0
0.1319727009899725 1.439540258364767 0.1288999892852292 0
0.1321408091423695 1.086200338527067 -0.06860518750147319 0
0.1321408059399216 1.086200358178987 0.01160520075416144 0
0.1327098128587904 1.338000391652093 -0.1225999973408974 0
0.1328008097738826 1.096930377568336 -0.02849996453697836 0
0.1332326991284181 1.440230362222635 0.1129420847845805 0
0.1332328076899233 1.235770273545979 0.1129420735080441 0
0.1335127160156296 1.302230319323288 -0.08523326137780432 0
0.1335127154320871 1.37377034014877 -0.085233257667804 0
0.1337158134294092 1.235400247029879 0.1226000703127191 0
0.1337158092766611 1.440600268130409 0.1226000818915759 0
0.1347628193277523 1.355740287943264 -0.1007669940247011 0
0.1354768051982606 1.259780228582365 0.03820835086649592 0
0.1354768022914406 1.416220297091807 0.0382083584199495 0
0.1363248177296099 1.301470239437982 -0.06549994500977009 0
0.1363248170438826 1.37453029835091 -0.06549994129014587 0
0.1370348139151042 1.319960322551422 -0.08523326031830757 0
0.1381818092107124 1.256510310201999 0.1310000897148788 0
0.1381818062810695 1.419490322073663 0.1310000990942521 0
0.1389635983711706 1.418230283796 0.06550002688394861 0
0.1389638099912451 1.257770238255039 0.06550001872675475 0
0.1393138099922784 1.280290314436859 3.722087966791932e-08 0
0.1393138083241247 1.395710334652822 4.284421775025652e-08 0
0.1415827001644503 1.419740307060614 0.08523334329597769 0
0.1415827032647471 1.256260212372979 0.08523333468821233 0
0.1438616980185003 1.421060310929298 0.1007670789347019 0
0.1438618053864665 1.254940206373293 0.1007670698762318 0
0.1439138139343205 1.319050275565087 -0.03820827560855605 0
0.1439138135401051 1.35695025860823 -0.03820827368257158 0
0.1440227039195015 1.421580300155364 0.1288999887423884 0
0.1440228111458614 1.254420213224118 0.1288999791046872 0
0.144521702990851 1.397860272403657 0.03820835782601391 0
0.1445218093924706 1.278140252660626 0.03820835197585773 0
0.1451607130761003 1.338000386266094 -0.03820827462154842 0
0.1454426988461017 1.254030280700299 0.1129420748427102 0
0.1454426958267229 1.421970354134289 0.1129420842412045 0
0.1456598117221727 1.298970296541266 3.821480921499504e-08 0
0.1456598106868385 1.377030352161071 4.210149768859098e-08 0
0.1459698091034526 1.422280297749282 0.1226000813394098 0
0.1459698120719984 1.253720216528601 0.1226000717257616 0
0.1475458025952776 1.275300322445811 0.1310000911902115 0
0.1475458004608086 1.40070030931829 0.1310000984151521 0
0.1482418087237275 1.276600304723841 0.06550001996001972 0
0.1482418065591737 1.39940033592848 0.0655000262549917 0
0.1495018076038821 1.318320235234415 3.931698055886673e-08 0
0.149501807086215 1.35768029407815 4.127722177838474e-08 0
0.1507977016775623 1.338000383823389 4.030089251196016e-08 0
0.1510357012171728 1.275440277431211 0.08523333601461093 0
0.1510356989810377 1.400560360600514 0.08523334264143233 0
0.1511048126522669 1.378490306317158 0.03820835704424685 0
0.1534668101003105 1.274430215709463 0.100767071294274 0
0.1534668078890732 1.401570301002592 0.1007670782524792 0
0.1536728025156639 1.273950276960782 0.1288999806401004 0
0.1536728003946813 1.402050355099125 0.1288999880308567 0
0.1545078033027566 1.295480315554687 0.1310000926011438 0
0.1545078019619055 1.380520315831985 0.1310000975226744 0
0.1549937016806942 1.379530286705094 0.06550002543151366 0
0.1549938073177434 1.29647023427556 0.06550002109599555 0
0.1550908139112862 1.358420343099799 0.03820835617850848 0
0.1551537998432071 1.273730217683918 0.1129420763293914 0
0.1551537976568676 1.402270297369179 0.1129420835379643 0
0.155715811605737 1.273500262202975 0.1226000732577942 0
0.1557158094525946 1.402500251522888 0.1226000806227905 0
0.1579156993931223 1.380310272036273 0.08523334178713321 0
0.1579158050758176 1.295690246327057 0.08523333724017901 0
0.1587367971515769 1.316530298481198 0.1310000940157685 0
0.158736796480892 1.359470332698796 0.1310000964978969 0
0.1590826997788529 1.358940332390397 0.06550002451388047 0
0.159082804750923 1.317060307574683 0.06550002232977431 0
0.1601677999635471 1.33800037515869 0.1310000952954066 0
0.1604567043654811 1.380990241014815 0.1007670773669183 0
0.1604568100378023 1.295010275258009 0.1007670726107208 0
0.1604617130976538 1.338000379540218 0.06550002342840447 0
0.1607328081592775 1.29465026114965 0.1288999820854228 0
0.1607328068339875 1.381350251313702 0.1288999871120165 0
0.1620817067052985 1.359340278378956 0.08523334083182953 0
0.1620818117001916 1.316660239756591 0.08523333854060214 0
0.162220703334844 1.381470296169273 0.112942082629606 0
0.1622208089973098 1.294530218461609 0.1129420777147004 0
0.1628087027546557 1.381620260861924 0.1226000797001564 0
0.1628088084025978 1.294380252459425 0.1226000746896971 0
0.1634857986918749 1.338000378232211 0.08523333970362065 0
0.16468970729631 1.3596802623476 0.1007670763685114 0
0.1646898122865348 1.316320253701494 0.1007670739731131 0
0.1650118103092139 1.316130232119516 0.1288999835294964 0
0.1650118096468283 1.359870280134828 0.1288999860623597 0
0.1661167023655666 1.338000377191456 0.1007670751949676 0
0.1664558069384135 1.338000375299999 0.1288999848348565 0
0.1664997068256316 1.316080284499296 0.1129420791236847 0
0.1664997061487222 1.359920349120792 0.1129420815986573 0
0.1671037994922707 1.316000413591407 0.1226000761281352 0
0.1671037988226232 1.360000337933763 0.122600078651919 0
0.1679428093716732 1.338000376374399 0.1129420803910432 0
0.1685518045270883 1.338000375724354 0.1226000774253672 0
0.1866028060794434 0.981945397156189 -0.02849994647441291 0
0.1888778231124697 0.9918254919110097 0.01046463565779778 0
0.1888778130771256 0.9918255151507342 -0.06746469439443768 0
0.1957038215153011 1.021460311300998 -0.07989619488219464 0
0.1957038199806933 1.021460316125986 0.02289620197285019 0
0.2025288193724154 1.051100381994895 -0.06662956924402709 0
0.2025288202623227 1.051100378340625 0.009629631995455776 0
0.2048038248020214 1.060980327822515 -0.02849994039833134 0
0.2468308320635515 0.9522184919122912 -0.02849991074194414 0
0.2506698345401108 0.9612754688357987 0.008448058270152155 0
0.2506698317071959 0.961275486665192 -0.06544793725836426 0
0.2621858381534492 0.9884454693067194 0.02021925240940786 0
0.2621858352608153 0.9884454899858967 -0.07721926357741796 0
0.2737028264430519 1.015610345786856 0.007630875283053274 0
0.2737028213490577 1.015610371880671 -0.06463082460127223 0
0.2756869260924054 0.9379754459584794 -0.02849989558998388 0
0.2775418398476506 1.024670384994046 -0.02849991656345328 0
0.2800449534520679 0.9467534045192879 0.007490229479621576 0
0.2800449455349399 0.9467534397180806 -0.06449013728151476 0
0.2884029615278893 0.9317194241202746 -0.02662418300822099 0
0.2926759522919712 0.9404652989720911 -0.06219082427704849 0
0.2927998537729032 0.9404313916588369 0.008932916171219238 0
0.29311884466692 0.9730842880559122 0.01897032143574859 0
0.2931188359346243 0.9730843338722357 -0.07597024209921294 0
0.3002098437167312 0.9259532442230585 -0.02099689332536547 0
0.3042339566259292 0.9346184095722699 -0.05615023146786498 0
0.3047279704740758 0.9344833627051889 0.01411768568996763 0
0.3056688391923805 0.9666703123954626 -0.07357042004932596 0
0.3058149464219911 0.9665963947057349 0.02028355194529754 0
0.3061938273202785 0.999415348564337 -0.06371522443111148 0
0.3061938406080419 0.9994152934619561 0.006715310592361446 0
0.3105518275521309 1.008190258186769 -0.0284998983700161 0
0.3170008540042943 0.9604914207149609 -0.06744102123796583 0
0.3175868688174547 0.9601963848244449 0.02529278726460363 0
0.3186978452291727 0.9928573222735556 -0.06148654326563823 0
0.3187938595263899 0.9927793954623911 0.008170637916565807 0
0.3217529653854744 0.9154513561083183 -0.00658317639099227 0
0.3230808534858896 1.001550261454718 -0.02666262319181963 0
0.3248038629534886 0.9244343553721081 0.02649251214468163 0
0.3270218629525292 0.9229592328977696 -0.03971030823646669 0
0.3299148546339403 0.9862914163082699 -0.05554817407475091 0
0.3302989619375495 0.9859823634870405 0.01328430106273147 0
0.334377849298819 0.9947343836991211 -0.02115108966153223 0
0.3368849799633846 0.9493293645082429 0.03699712529060534 0
0.3399009675152069 0.9475392361470169 -0.0503685077615857 0
0.3497188747921517 0.9737751937146431 0.02566019789398931 0
0.3520249696837932 0.9725663930979866 -0.03918548655821498 0
0.3550319688125594 0.9814163512469141 -0.00678809243628242 0
0.3620029677545891 0.9058081899969167 0.04950515264010745 0
0.36367984909554 0.8949883466347871 0.02165219598665837 0
0.3721588549882059 0.9294411909885462 0.05839542217428904 0
0.3733448555239898 0.8992353646423796 -0.006212919195115884 0
0.3860629513127381 0.9509151930818859 0.04890189494127904 0
0.3871498612339468 0.9208043192094869 -0.01514019719303573 0
0.3956288671254764 0.9552573430049065 0.02160302118102129 0
0.3972079691569877 0.9445322133189747 -0.005683563409579845 0
0.3982799589274428 0.8876413383678697 0.07195368725780359 0
0.404699848169974 0.874965339254244 0.04928788254859857 0
0.4065288554101548 0.9100613262052974 0.07924566177392812 0
0.415594860568533 0.8789733320883101 0.08263644300235631 0
0.4187868318802731 0.8759613335799684 0.02665187881219624 0
0.4215309587982219 0.9286043303823275 0.07158867274567572 0
0.4226878342948887 0.8753463277312288 0.0881651926989416 0
0.4231148511680914 0.9007181761242607 0.08930566752442187 0
0.4235209267470526 0.8657871767286676 0.06190254619883107 0
0.4282978344987188 0.8723013066769679 0.09515113467308341 0
0.4299688384269125 0.8968482858057846 0.09496774373601841 0
0.4309349285273211 0.8620543139618798 0.0669389487657097 0
0.433542951495937 0.8945543465156902 0.01944908384674445 0
0.4336068908542789 0.8692993205144512 0.1035619631850756 0
0.4351449180935327 0.8938853405348943 0.1026239776769504 0
0.4353718693280165 0.9296493206432874 0.0494068018796552 0
0.4377328191337553 0.8583663370885818 0.07184016616298958 0
0.4383229469610821 0.9180473322838729 0.08229956741772761 0
0.4389318163897762 0.8656513383099187 0.04119480873507314 0
0.4397967872433744 0.8657983244466837 0.1133660524272243 0
0.4398679130375078 0.891152290735699 0.11204706487473 0
0.441544850925006 0.9170243432652232 0.02719536829931327 0
0.4448138915058839 0.854367343380208 0.0771127208439758 0
0.4451318421869534 0.9138183240472447 0.08776458956772275 0
0.4453607923853588 0.8879742926019473 0.1230080498262948 0
0.4465808068635998 0.8616273061652356 0.0457213588336429 0
0.4506518121904164 0.9104873199196774 0.09471304877499122 0
0.4530767831322136 0.849701313914321 0.08326361555121092 0
0.4534639521386108 0.9179861813682213 0.06200751245138841 0
0.4538698493686214 0.8830551788965508 0.0346044547794892 0
0.4545328814824375 0.8572101851301103 0.0485369461388676 0
0.4559518112468934 0.9073553359874736 0.1030760605362794 0
0.4581747603703653 0.8521253196766694 0.1291720404824279 0
0.460528937796921 0.9135143407794704 0.06697328558212755 0
0.4611188527702196 0.9048742931060882 0.04168929854921929 0
0.4614949086534813 0.8787203085819986 0.03894443458394542 0
0.4621049012190157 0.9037193356075675 0.1127850493886819 0
0.4629877764962373 0.8728643393967178 0.1391790487509123 0
0.4633708899303969 0.8521772885290301 0.05067513455258292 0
0.4671909028632707 0.9094801802612833 0.07187206012453866 0
0.4685268319941241 0.9003452907636327 0.04617346908059147 0
0.4697788038944072 0.8739623084719855 0.04108804350572523 0
0.4720738748607546 0.8362943237265411 0.09829370390756491 0
0.4736787626001781 0.846308317427915 0.05316881122275589 0
0.4742158006928453 0.9053343208040769 0.07716064935224369 0
0.4763668231492912 0.8956951753279168 0.04902315527791178 0
0.4791618983850529 0.868549312887881 0.042226539736422 0
0.4792508755749626 0.8870153156579745 0.1288440357875954 0
0.4823669012928881 0.9005223198556651 0.08329575364256449 0
0.4851288089165566 0.89057132220094 0.05123310521121309 0
0.4900828920451981 0.862249340492814 0.04355136385096619 0
0.4928807504455132 0.8321613350815145 0.06751612084165796 0
0.4953057853066942 0.8846201564817977 0.05379805787131085 0
0.4997027792373396 0.8830862943807418 0.09869590990957712 0
0.5000468664266459 0.8186053392118389 0.1555870463467801 0
0.5041098768302346 0.8343351846097011 0.1642320436261646 0
0.5087898610803112 0.8465172917291721 0.05781064314643564 0
0.5113588730773216 0.8060763215189072 0.1302040506827138 0
0.5132478754832992 0.8674593249629148 0.06844709006983594 0
0.5175288502385842 0.8446821926136461 0.1562570464330619 0
0.5284018663077484 0.8022943450102139 0.1052150411751292 0
0.5338728521468271 0.7949583309326234 0.16922704723495 0
0.5342838951630723 0.8410663343223959 0.1317800418751444 0
0.5415328914101609 0.8128081863734308 0.0977520116233738 0
0.5453078939049838 0.8287033154455896 0.1069090436906334 0
0.5453538391751945 0.8108371873908196 0.1702250365524768 0
0.5468018739463882 0.794907191302845 0.1809540382785276 0
0.5505168535195969 0.7795213229847762 0.1608610457580368 0
0.5518778670108612 0.7846003517038344 0.1372410505313531 0
0.5631028520700293 0.8006273257508084 0.1386940467852354 0
0.5645988679942328 0.7979193102736638 0.1628299499117041 0
0.5683138475673939 0.7825333227464112 0.1427380451760044 0
0.5691368672176914 0.7771033424439645 0.1721299457811434 0
-0.2097123661712095 1.024366844715408 -0.04701534049342515 0
-0.06990416060639271 0.07554575241086628 -0.04701534049342515 0
-0.06990416060639271 0.3466374930693068 0.09696934889255121 0
-0.06990416060639271 0.482183363398527 0.09696934889255121 0
-0.06990416060639271 0.6177292337277472 -0.04701534049342515 0
-0.06990416060639271 0.6177292337277472 0.09696934889255121 0
-0.06990416060639271 0.7532751040569675 -0.04701534049342515 0
-0.06990416060639271 0.8888209743861878 -0.04701534049342515 0
-0.06990416060639271 1.024366844715408 -0.04701534049342515 0
-0.06990416060639271 1.295458585373849 -0.04701534049342515 0
-0.06990416060639271 1.295458585373849 0.09696934889255121 0
-0.06990416060639271 1.431004455703069 -0.04701534049342515 0
-0.06990416060639271 1.431004455703069 0.09696934889255121 0
0.06990404495842409 0.07554575241086628 -0.04701534049342515 0
0.06990404495842409 0.3466374930693068 0.09696934889255121 0
0.06990404495842409 0.482183363398527 0.09696934889255121 0
0.06990404495842409 0.6177292337277472 -0.04701534049342515 0
0.06990404495842409 0.6177292337277472 0.09696934889255121 0
0.06990404495842409 0.7532751040569675 -0.04701534049342515 0
0.06990404495842409 0.8888209743861878 -0.04701534049342515 0
0.06990404495842409 1.024366844715408 -0.04701534049342515 0
0.06990404495842409 1.295458585373849 -0.04701534049342515 0
0.06990404495842409 1.295458585373849 0.09696934889255121 0
0.06990404495842409 1.431004455703069 -0.04701534049342515 0
0.06990404495842409 1.431004455703069 0.09696934889255121 0
0.2097122505232409 1.024366844715408 -0.04701534049342515 0
0.1359303973297258 1.33800518295436 -0.1007669949248812 0
0.09431137775682381 1.105281961787768 -0.06952047189328367 0
-0.08276523814378597 1.115901811387721 -0.06782524499226567 0
-0.08555975351563205 1.120809455274507 -0.03248274050189968 0
-0.08614166881084215 1.121831397422306 -0.02512320183513862 0
-0.07235686178204054 1.128827689937394 -0.0415334026317678 0
-0.0779226446115063 1.126210983164984 -0.0391201290032502 0
0.08554606371003337 1.120786273637015 -0.0326507858500391 0
0.08279689385995465 1.11595822221349 -0.06742013877612466 0
0.08614127028640599 1.121831566621827 -0.02512307797952654 0
0.08987510715871741 1.075284301224606 -0.0903377709138735 0
0.09076870095922683 1.111619189904044 -0.05428010515012775 0
0.08641436555805038 1.112545291404893 -0.06836113107029917 0
0.08931576334626434 1.119025072773315 -0.03083381850742256 0
0.08557885153322253 1.116446428273745 -0.05629658902598286 0
-0.08267600370745946 1.124044086863112 -0.0002313744623836309 0
-0.09155537694154865 1.107164222914406 -0.06942403574333544 0
-0.05858431801437802 1.130080261777127 -0.05063298013442082 0
0.08247643275659947 1.124080715799967 0.0004482602150964535 0
0.08275370329223478 1.113100517831243 0.03851409750349447 0
0.08336717751606959 1.114584120172372 0.03072373047262339 0
0.08546358097282332 1.119653981228557 0.004101988697048215 0
0.08915272640670728 1.113382916544936 0.009691354678390753 0
0.09231247410728367 1.07834882647148 -0.08564268537228152 0
0.09092879327562835 1.11211017911129 0.005257315612741467 0
0.09100522510221111 1.109910320942896 0.01282107917090192 0
0.08113654359157194 1.125161033072629 -0.03047790121414874 0
0.09117920259066047 1.107754934536048 -0.06793126904651901 0
0.09073930882469615 1.118016200940925 -0.02903064094180278 0
0.09100062379009616 1.111920587220028 -0.05213921185990474 0
0.09103875734415395 1.111031057548485 -0.05551143333583882 0
0.08263868676944804 1.101356649556908 -0.05644096208124612 0
-0.06767876240694623 0.7697686584854003 0.09520469471719983 0
-0.08273648246634276 1.113057805854937 0.03873763249598018 0
-0.08475719034660502 1.117944563928789 0.01307733858823715 0
-0.08569494254206034 1.120212367284823 0.001169136921340733 0
-0.08872724124888418 1.115296615670444 0.004939179228402936 0
-0.08919867415825111 1.113178019202342 0.01019973118016002 0
-0.09092916207372102 1.112109926649895 0.005257582444503224 0
-0.09099195864121715 1.110302499949453 0.0114720593699389 0
-0.09082562828416499 1.118913061831742 -0.02512280438016716 0
-0.0907396766380066 1.118016044944654 -0.02903064076774966 0
-0.09070236563559315 1.118886389879007 -0.02573115393304938 0
-0.08938857073678935 1.119074891859675 -0.03034027699842517 0
-0.0864528483946698 1.112399828143441 -0.06878194633449138 0
-0.08384002353514153 1.115246141546468 -0.06814720579391412 0
-0.09105153626234097 1.110741369199935 -0.05660901331753571 0
0.06664555100395073 0.7677066838769353 0.09598346932059705 0
-0.4873152445256121 0.8898844015139561 0.1033379453805486 0
0.09161029417820468 1.107376383132157 -0.06848339152316137 0
0.09206007045239857 1.109101008982588 -0.06083067189031435 0
0.4873151003855241 0.8898844303906944 0.1033379733547686 0
Triangles
0
Tetrahedra
5121
844 990 992 1099 0
482 492 413 1768 0
1567 1783 1781 1178 0
1701 1698 1687 1680 0
896 1001 999 942 0
1657 1664 1661 1662 0
1121 1209 1193 1128 0
1661 1664 1667 1662 0
1161 1358 1307 1375 0
1517 1513 1525 1637 0
991 1024 1100 871 0
1341 1314 1327 1235 0
359 568 1762 372 0
731 760 765 874 0
569 621 757 614 0
1628 1624 1605 1622 0
1341 1258 1253 1235 0
457 1771 534 449 0
1217 998 1060 1202 0
1740 1751 1743 1745 0
720 811 716 725 0
79 77 58 68 0
856 848 1771 823 0
1657 1661 1664 1659 0
1078 1204 1005 1205 0
1441 1461 1501 1515 0
373 542 545 375 0
871 793 775 769 0
1729 1836 1744 1738 0
974 1124 1010 1070 0
244 505 240 258 0
1096 1272 1312 1079 0
1161 1390 1307 1322 0
394 392 314 555 0
914 1125 912 963 0
1598 1613 1615 1591 0
1009 1018 935 1783 0
1642 1784 1638 1646 0
1659 1642 1646 1644 0
1353 916 1469 1355 0
1428 1772 1357 1349 0
1612 1389 1607 1619 0
1133 1134 1326 1184 0
1016 1227 1457 1223 0
837 757 1769 733 0
1569 1552 1563 1780 0
1286 1323 1184 1326 0
1277 1780 1344 1266 0
748 872 886 786 0
1116 931 997 1004 0
1712 1700 1730 1717 0
1116 931 1780 997 0
897 898 941 994 0
1255 1518 1547 1179 0
1166 1098 1083 1094 0
1146 1142 936 1035 0
993 991 927 845 0
1525 1538 1336 1333 0
373 321 313 542 0
1496 1459 1783 1360 0
849 952 956 950 0
1048 887 973 1011 0
1324 1248 1235 1253 0
890 967 887 973 0
1265 1782 1276 1190 0
1533 1260 1434 1507 0
1209 1783 1301 1225 0
903 1079 1312 904 0
846 1782 1161 844 0
1258 1152 1149 1141 0
571 497 1770 493 0
953 936 878 882 0
274 359 783 279 0
63 62 66 67 0
1556 1578 1781 1560 0
1335 1298 1305 1779 0
1282 1479 1477 1294 0
1339 1112 1325 1234 0
1833 15 21 30 0
1398 1419 1783 1496 0
1039 1034 1152 1147 0
1678 1687 1679 1680 0
1464 962 986 1468 0
1650 1645 1662 1657 0
288 213 263 335 0
1572 1580 1563 1780 0
1556 1568 1781 1578 0
1041 952 956 1036 0
696 777 771 541 0
974 1046 966 1070 0
1241 1136 1140 1112 0
1522 1783 1559 1434 0
620 1771 624 732 0
1226 1136 1241 1112 0
1652 1647 1639 1638 0
643 408 1760 549 0
63 50 34 47 0
944 936 1027 923 0
1522 1783 1260 1533 0
860 726 722 812 0
905 1778 1080 1312 0
298 1770 352 272 0
1783 856 866 1260 0
713 786 795 690 0
1541 1507 1451 1440 0
1451 1507 1417 1260 0
1646 1643 1660 1661 0
1627 1625 1605 1602 0
765 879 874 822 0
1110 1340 1778 1096 0
844 1101 992 1782 0
1569 1580 1582 1780 0
1033 1027 1112 1140 0
1183 1261 1780 1189 0
1456 1313 1418 1452 0
1534 1173 1506 1435 0
1046 1280 1065 1297 0
1683 1676 1677 1685 0
608 716 725 720 0
1238 1166 1245 1024 0
1324 1429 1440 1783 0
1562 1576 1586 1435 0
640 659 444 1771 0
1276 1782 1783 1193 0
844 1782 1176 1101 0
993 927 991 930 0
850 943 856 938 0
993 845 1024 991 0
525 511 434 507 0
1352 1374 1410 1345 0
776 778 842 788 0
1308 1285 1245 1238 0
903 1312 1340 1778 0
284 847 1763 290 0
1225 1320 1783 1309 0
1161 1441 1433 1358 0
1579 1592 1350 1567 0
1511 1497 1781 1548 0
1546 1565 1536 1554 0
1533 1554 1541 1434 0
1579 1592 1599 1350 0
1572 1568 1781 1557 0
1309 1429 1783 1419 0
1519 1489 1470 1502 0
1572 1780 1557 1781 0
1107 1102 993 1780 0
1517 1636 1634 1513 0
764 754 829 644 0
663 678 788 735 0
96 93 82 105 0
1352 1285 1315 1345 0
1774 1200 1400 1192 0
84 86 76 82 0
1373 1358 1161 1433 0
1262 1782 1182 1176 0
694 794 900 711 0
1238 1144 1024 1197 0
849 808 804 854 0
972 984 1093 981 0
1139 1783 860 1032 0
1373 1346 1351 1411 0
1672 1665 1658 1671 0
1196 1228 1239 1284 0
658 653 1768 584 0
787 794 887 890 0
1473 1195 1006 1382 0
1616 1609 1601 1590 0
899 1779 1304 1292 0
1196 1239 1228 1143 0
1254 1150 1142 1249 0
1073 1134 1118 1133 0
16 14 11 8 0
1683 1677 1675 1685 0
1504 1426 1780 1407 0
910 915 1777 1126 0
1516 1513 1637 1526 0
1122 1053 1023 898 0
1543 1780 1514 1550 0
1109 908 1778 1095 0
894 1058 945 873 0
608 725 613 720 0
1531 1494 1499 1520 0
1495 1503 1471 1518 0
996 1106 1782 992 0
1197 1279 1268 1285 0
1652 1638 1646 1660 0
833 767 769 830 0
894 961 1014 1779 0
399 473 451 382 0
1657 1645 1662 1661 0
486 664 488 680 0
121 1759 113 118 0
1504 1407 1487 1426 0
1376 1391 1780 1308 0
1422 1466 1410 1425 0
1572 1780 1550 1528 0
930 845 884 931 0
1109 1777 1290 1378 0
1649 1672 1658 1654 0
1624 1601 1614 1616 0
1488 1527 1782 1461 0
1597 1588 1576 1575 0
1641 1784 1639 1631 0
1622 1389 1619 1605 0
1254 1142 1234 1249 0
1556 1568 1578 1548 0
1654 1656 1658 1651 0
1300 1781 1226 1310 0
885 927 845 884 0
1652 1667 1661 1660 0
1775 1356 1363 1159 0
1656 1666 1663 1668 0
1046 1124 1274 1070 0
994 1053 940 1023 0
1525 1636 1637 1538 0
59 51 46 25 0
1514 1780 1462 1528 0
1436 1264 1413 1509 0
900 967 892 1779 0
1264 1491 1437 1492 0
1116 1004 1780 931 0
1543 1552 1780 1550 0
1349 1118 1772 1211 0
1428 1772 1051 1438 0
1422 1425 1374 1432 0
1122 1780 1194 1189 0
985 971 1098 1094 0
1021 1161 1461 1255 0
1455 1444 1507 1536 0
1641 1643 1660 1646 0
1242 1104 1050 1019 0
1498 1512 1493 1436 0
494 672 633 576 0
1659 1661 1646 1638 0
790 560 783 721 0
1641 1638 1784 1646 0
1337 1525 1336 1517 0
1394 1409 1481 1242 0
462 475 459 602 0
751 542 545 314 0
707 737 712 655 0
1509 1493 1436 1492 0
1436 1187 1264 1130 0
555 392 312 556 0
1108 1133 1091 1113 0
1122 1053 1129 1023 0
1349 1211 1224 1118 0
704 771 777 559 0
1008 1206 1084 1081 0
506 418 433 512 0
63 40 57 34 0
16 12 19 8 0
1483 1199 1393 1201 0
1249 1146 1112 1241 0
792 832 1763 785 0
1125 1318 1348 1421 0
1413 1412 1509 1264 0
246 280 277 345 0
970 1030 1198 1049 0
1015 1772 1051 1092 0
1707 1685 1698 1684 0
1641 1639 1784 1638 0
452 1767 465 453 0
1636 1784 1513 1637 0
1325 1173 1319 1112 0
994 941 940 898 0
910 1777 1775 1126 0
1666 1681 1668 1679 0
266 267 249 323 0
1635 1784 1637 1513 0
1702 1721 1730 1708 0
994 940 1053 898 0
989 1476 1201 1483 0
1449 1204 1203 1370 0
693 688 755 762 0
668 1760 743 676 0
1465 1775 1472 1368 0
718 811 725 716 0
1242 1454 1230 1227 0
1729 1738 1732 1724 0
1439 1313 1325 1452 0
1164 1114 1288 1274 0
989 998 1060 1069 0
1095 1271 1270 1080 0
1409 1264 1436 1492 0
128 118 126 1759 0
1456 1339 1342 1313 0
1456 1313 1452 1339 0
1439 1173 1452 1506 0
897 1028 1020 999 0
1456 1418 1506 1452 0
830 829 767 764 0
896 1001 947 895 0
900 967 1048 887 0
59 51 29 63 0
1308 1024 1321 1780 0
1140 1027 1112 1136 0
1023 1781 923 1129 0
1559 1350 1587 1561 0
1122 1023 1781 898 0
1422 1374 1410 1352 0
227 137 154 141 0
1036 950 860 1034 0
1209 1783 1193 1301 0
1674 1662 1649 1672 0
1139 1111 1145 860 0
1218 1007 1077 1215 0
1712 1730 1696 1725 0
576 345 605 476 0
1212 1773 1216 1062 0
1756 1747 1754 1753 0
876 957 882 959 0
904 1312 1302 1079 0
1482 1413 1479 1512 0
1104 1022 1052 1050 0
565 286 376 367 0
1091 1133 1134 1073 0
977 1485 1198 1480 0
1015 1206 1207 1084 0
974 886 966 1046 0
516 435 517 447 0
1184 1237 1244 1151 0
911 913 915 964 0
61 79 75 58 0
390 586 395 1763 0
608 619 611 502 0
24 27 35 21 0
1016 1025 1051 1230 0
92 97 110 87 0
1480 1395 1198 1392 0
1409 1481 1250 1492 0
464 602 475 605 0
20 15 1833 31 0
977 1038 1057 1200 0
1765 907 642 910 0
276 771 559 777 0
396 403 600 1764 0
523 432 577 626 0
989 1483 1219 1476 0
797 914 912 909 0
1032 1783 860 1026 0
42 25 59 46 0
1090 1130 1187 1103 0
901 903 1096 1778 0
1458 1413 1512 1498 0
274 1761 783 356 0
739 518 510 533 0
587 236 329 325 0
574 656 670 593 0
1519 1494 1502 1470 0
665 903 901 1766 0
797 404 403 622 0
803 875 876 882 0
74 75 52 61 0
904 1779 1312 905 0
16 4 8 11 0
548 560 703 783 0
1365 1364 1206 1446 0
849 810 808 860 0
98 106 99 121 0
1397 1388 1476 1463 0
1740 1747 1751 1741 0
1754 1743 1753 1747 0
1779 1114 1164 1071 0
402 601 623 1763 0
1630 1639 1638 1784 0
359 1762 560 790 0
953 1037 951 1042 0
876 878 953 957 0
976 1372 988 962 0
976 1372 946 1369 0
1477 1508 1509 1412 0
110 104 97 109 0
24 35 32 46 0
482 1768 413 397 0
44 48 62 38 0
1833 25 42 46 0
417 1766 486 446 0
1775 1159 1174 968 0
16 31 14 19 0
792 1763 582 785 0
799 379 772 386 0
764 658 653 767 0
1110 1778 1340 1378 0
311 440 1765 409 0
1242 1019 1050 1250 0
6 2 3 5 0
16 6 12 5 0
10 22 17 9 0
574 605 345 602 0
268 494 344 322 0
745 893 801 702 0
1349 1326 1134 1224 0
1007 1205 1078 1005 0
1321 1024 1256 1780 0
910 915 906 1777 0
647 596 689 1767 0
345 605 475 602 0
1214 1449 1203 1387 0
1184 1326 1323 1237 0
1436 1437 1264 1509 0
785 815 832 1763 0
728 734 648 655 0
1509 1479 1413 1512 0
65 55 61 69 0
1475 1356 1775 1469 0
1334 1184 1326 1286 0
1765 906 649 908 0
555 314 312 392 0
557 556 686 755 0
390 1763 387 582 0
1074 1204 1005 1078 0
1311 1244 1243 1247 0
1394 1481 1409 1484 0
16 14 31 11 0
1775 1368 1180 1174 0
1113 1073 1133 1091 0
983 1486 1199 980 0
429 425 217 427 0
276 541 357 283 0
284 1763 287 395 0
766 897 898 820 0
173 324 198 197 0
797 912 914 634 0
762 691 771 700 0
648 518 734 530 0
409 1765 635 440 0
387 294 295 1763 0
687 734 648 728 0
643 536 408 549 0
494 345 323 574 0
276 357 541 355 0
530 305 302 331 0
762 546 691 543 0
1517 1631 1513 1634 0
1765 908 901 1777 0
1422 1352 1359 1374 0
100 113 107 121 0
955 951 1044 959 0
1055 990 1099 984 0
332 271 253 351 0
759 819 814 896 0
384 348 406 336 0
1183 1266 1261 1189 0
793 504 515 584 0
1653 1645 1661 1638 0
1775 968 975 928 0
1119 906 1777 1109 0
78 69 80 61 0
1119 1777 1290 1109 0
1653 1659 1661 1657 0
900 887 794 892 0
426 217 429 421 0
911 1132 913 964 0
731 896 730 1028 0
1033 936 1112 1027 0
1033 949 936 1027 0
900 1779 1066 967 0
1249 1112 1142 1234 0
893 886 1058 960 0
1630 1784 1513 1634 0
706 883 879 773 0
127 119 1759 117 0
400 337 385 327 0
934 937 987 883 0
757 723 727 813 0
63 51 29 57 0
121 117 119 106 0
284 402 290 1763 0
499 1768 335 317 0
463 500 491 735 0
775 793 660 769 0
1153 1035 1142 1150 0
335 263 288 269 0
1033 1140 936 1037 0
175 152 172 227 0
59 47 63 29 0
985 971 871 1098 0
1253 1235 1258 1141 0
809 876 882 805 0
59 64 51 63 0
98 97 95 102 0
1324 1440 1338 1451 0
1531 1524 1520 1499 0
764 653 754 644 0
864 828 844 1770 0
1489 1425 1422 1432 0
866 1768 1781 1769 0
1236 1066 1298 1048 0
1359 1315 1374 1352 0
271 368 297 351 0
844 1101 1176 1099 0
186 208 1768 195 0
45 65 66 62 0
381 295 291 774 0
1041 1036 950 952 0
1021 1544 1515 1551 0
1373 1423 1424 1411 0
1267 1295 1284 1196 0
844 1170 1161 1055 0
288 255 292 269 0
1308 1245 1256 1321 0
932 992 996 1782 0
1359 1442 1432 1303 0
1359 1432 1442 1376 0
793 591 584 515 0
82 93 76 85 0
503 1770 437 735 0
857 984 972 918 0
724 610 615 618 0
534 631 550 624 0
776 842 778 838 0
505 735 1770 1768 0
1055 972 857 984 0
503 583 497 1770 0
1267 1295 1196 1161 0
1139 1783 1026 1135 0
325 578 1769 227 0
608 725 619 613 0
866 1771 825 1770 0
63 50 66 40 0
935 1018 938 1783 0
1771 204 191 180 0
329 325 223 320 0
860 724 810 722 0
1139 860 1783 1111 0
418 308 303 445 0
1032 860 948 1026 0
620 624 519 534 0
936 813 757 818 0
740 1771 825 823 0
135 144 146 133 0
450 521 514 735 0
1771 247 340 262 0
484 596 690 647 0
458 360 339 1769 0
511 1771 519 615 0
450 735 383 500 0
63 29 47 34 0
63 57 40 62 0
702 1058 730 893 0
1833 46 30 21 0
639 1122 706 1004 0
813 936 878 880 0
1128 1783 1225 1135 0
569 433 445 320 0
663 598 666 594 0
810 802 804 717 0
1101 1106 1782 1176 0
1122 1194 1780 1781 0
173 188 197 164 0
1511 1781 1523 1560 0
168 162 170 149 0
1324 1235 1783 1260 0
767 660 769 658 0
849 804 808 810 0
618 511 615 640 0
754 883 1768 1004 0
230 1768 1770 202 0
254 272 1770 230 0
754 883 826 1768 0
1121 1783 1128 1018 0
1139 1026 1783 1032 0
550 1771 566 638 0
1451 1260 1417 1314 0
813 878 936 809 0
147 152 227 140 0
230 186 1768 202 0
1496 1510 1419 1783 0
757 811 809 936 0
1042 951 1035 1037 0
1324 1260 1314 1235 0
1033 1146 1140 1037 0
1036 1034 860 1145 0
154 131 137 140 0
793 767 830 829 0
63 34 57 29 0
63 57 64 51 0
170 182 192 184 0
5 13 10 4 0
166 155 1769 177 0
63 40 34 50 0
63 62 40 66 0
757 723 813 809 0
1630 1631 1634 1513 0
955 882 951 959 0
757 813 727 733 0
458 339 360 448 0
369 735 437 1770 0
511 519 1771 434 0
823 850 817 856 0
1185 1282 1412 1264 0
1616 1609 1590 1597 0
1373 1346 1316 1351 0
1121 1209 1128 1783 0
1041 1036 1149 1034 0
1700 1706 1699 1717 0
1542 1506 1553 1435 0
1226 1210 1136 1129 0
1616 1609 1620 1601 0
1571 1598 1577 1596 0
837 1769 1781 898 0
1128 1225 1783 1209 0
1139 1036 1145 1032 0
1451 1507 1260 1440 0
903 1778 904 1312 0
1542 1506 1452 1456 0
1600 1583 1607 1389 0
1009 938 935 1018 0
1324 1260 1783 1440 0
1748 1756 1751 1755 0
1559 1584 1587 1350 0
1451 1341 1338 1455 0
1579 1585 1592 1567 0
1624 1601 1616 1626 0
943 860 1026 948 0
1301 1419 1783 1398 0
1253 1152 1149 1258 0
1276 1783 1360 1301 0
1455 1417 1444 1314 0
1225 1783 1240 1135 0
1555 1584 1559 1579 0
1604 1593 1781 1580 0
1301 1783 1360 1398 0
1546 1507 1554 1536 0
1618 1625 1605 1628 0
369 437 735 450 0
1225 1240 1783 1320 0
1522 1434 1533 1260 0
1455 1444 1327 1314 0
1832 901 1110 1777 0
1324 1235 1338 1253 0
1522 1533 1434 1559 0
1571 1577 1598 1574 0
1571 1541 1561 1554 0
1627 1623 1605 1629 0
1324 1783 1235 1248 0
631 624 1771 740 0
1781 1173 1178 866 0
1600 1583 1389 1781 0
1606 1584 1350 1587 0
1023 1129 923 1027 0
1360 1782 1459 1783 0
1309 1398 1419 1301 0
154 130 131 134 0
1276 1783 1301 1193 0
1276 1783 1782 1360 0
1534 1435 1560 1523 0
1018 1135 1026 1783 0
1489 1425 1432 1303 0
1560 1583 1435 1586 0
1139 1783 1135 1240 0
1009 1783 1121 1018 0
1037 936 1035 1146 0
1153 1259 1142 1148 0
1600 1578 1593 1583 0
1258 1141 1235 1251 0
1617 1619 1622 1389 0
1722 1710 1706 1705 0
571 1770 481 493 0
1131 1348 1353 963 0
1139 1783 1240 1145 0
929 996 932 992 0
886 1013 1046 1114 0
1153 1142 1035 1148 0
1398 1419 1496 1510 0
1635 1646 1784 1644 0
1629 1626 1605 1624 0
1618 1389 1622 1605 0
1836 1706 1699 1705 0
1397 1202 1463 1217 0
1626 1601 1620 1605 0
1603 1781 1608 1178 0
1586 1614 1590 1595 0
1598 1610 1591 1615 0
1397 1217 1402 1476 0
1733 1739 1745 1728 0
1037 1140 936 1146 0
1309 1419 1783 1301 0
1146 1142 1112 936 0
1292 1302 1779 1304 0
1342 1234 1254 1259 0
1511 1781 1420 1523 0
1324 1314 1260 1440 0
1556 1548 1781 1568 0
1511 1420 1430 1523 0
1044 1035 951 1040 0
1153 1142 1259 1150 0
1254 1142 1259 1234 0
1439 1313 1452 1173 0
1226 1781 1136 1112 0
1252 1142 1234 1259 0
1562 1586 1576 1570 0
1540 1538 1331 1333 0
992 1099 990 1101 0
844 1099 992 1101 0
1139 860 1145 1036 0
1570 1575 1553 1545 0
550 1771 638 631 0
1128 1135 1225 1209 0
1209 1309 1225 1301 0
943 860 1783 1026 0
1443 1418 1456 1313 0
932 933 1782 1002 0
1125 1421 1448 910 0
1215 1447 1445 1005 0
129 126 1759 128 0
1032 948 860 1036 0
1451 1507 1455 1417 0
1533 1260 1440 1783 0
1210 1781 1194 1129 0
860 850 851 948 0
163 181 188 183 0
154 136 130 132 0
1248 1145 1783 1111 0
396 1764 585 389 0
748 690 786 713 0
901 1777 908 1378 0
1131 963 1125 1348 0
731 738 874 765 0
938 1783 943 856 0
1033 1112 936 1140 0
813 880 878 809 0
837 923 1781 866 0
722 620 726 640 0
943 856 1783 860 0
1001 999 1029 1028 0
1729 1736 1738 1744 0
936 881 949 880 0
746 1762 790 721 0
983 1063 1064 1773 0
776 857 788 842 0
1324 1248 1253 1338 0
486 649 664 1766 0
1125 910 1448 1348 0
1125 910 916 963 0
718 716 725 611 0
627 346 408 424 0
1783 1434 1260 1350 0
1043 1034 950 1041 0
1530 1783 1558 1567 0
1121 1783 1193 1209 0
1618 1350 1389 1602 0
749 756 825 1770 0
1009 1783 1782 1121 0
446 680 1767 905 0
1043 1152 1149 1041 0
849 952 950 860 0
1324 1314 1451 1338 0
1324 1338 1235 1314 0
1324 1314 1440 1451 0
1324 1783 1320 1429 0
943 948 1026 1032 0
1147 1034 1152 1141 0
1451 1314 1440 1260 0
1121 1193 1783 1782 0
444 307 434 319 0
1043 958 1041 950 0
749 1771 1770 825 0
1043 1039 954 950 0
1139 1145 1111 1783 0
1248 1235 1111 1783 0
1618 1622 1628 1605 0
860 850 817 812 0
1041 958 956 950 0
1248 1235 1141 1111 0
1341 1314 1235 1338 0
1149 1145 1034 1036 0
1258 1141 1147 1152 0
1248 1783 1145 1240 0
1043 1149 1034 1041 0
1253 1149 1141 1258 0
1128 1135 1018 1783 0
1341 1251 1258 1235 0
1253 1141 1149 1248 0
1455 1507 1444 1417 0
1455 1314 1327 1341 0
1533 1507 1440 1260 0
1567 1178 1781 1585 0
1541 1507 1434 1554 0
1009 1128 1018 1121 0
1783 1178 1350 1260 0
758 732 1771 726 0
1043 1034 1039 950 0
1258 1141 1251 1147 0
1041 952 950 956 0
1309 1783 1429 1320 0
1018 1783 1026 943 0
1248 1145 1141 1149 0
1781 923 1173 866 0
1541 1554 1546 1507 0
938 943 1783 1018 0
1225 1783 1301 1309 0
1341 1338 1235 1253 0
849 853 954 958 0
526 415 509 430 0
866 1768 1782 1780 0
525 501 508 618 0
860 722 810 808 0
860 948 851 852 0
158 135 146 153 0
659 866 1771 758 0
952 860 948 1036 0
1041 1034 950 1036 0
1145 1141 860 1111 0
1145 1034 860 1141 0
1149 1141 1034 1145 0
1149 1152 1034 1141 0
1253 1235 1141 1248 0
1043 1152 1039 1034 0
1043 1034 1149 1152 0
952 950 860 1036 0
1455 1338 1314 1341 0
1043 958 950 954 0
1522 1260 1783 1434 0
1783 1260 1235 1111 0
1783 1260 1111 856 0
1783 860 856 1111 0
758 812 860 817 0
1002 1782 1106 1117 0
1325 1241 1112 1319 0
1032 948 1036 952 0
944 936 949 1027 0
1341 1235 1327 1251 0
1284 1196 1222 1278 0
1324 1783 1240 1320 0
1541 1507 1546 1455 0
1248 1111 1141 1145 0
1324 1240 1783 1248 0
1398 1783 1360 1496 0
1009 1782 1783 935 0
1783 1260 866 1178 0
1139 1036 1032 860 0
525 501 618 507 0
1451 1417 1455 1314 0
1451 1338 1314 1455 0
1533 1507 1434 1541 0
1781 866 1178 1783 0
1567 1178 1350 1783 0
1781 1178 1173 1389 0
1781 1435 1389 1173 0
1781 1435 1583 1389 0
1586 1583 1435 1389 0
1593 1572 1578 1781 0
1325 1313 1173 1112 0
1614 1595 1597 1590 0
1095 1778 902 908 0
1325 1112 1249 1234 0
1254 1259 1142 1150 0
1252 1259 1148 1142 0
1226 1140 1241 1136 0
1399 1420 1781 1300 0
957 882 951 953 0
1534 1173 1430 1439 0
1321 1426 1407 1344 0
1107 1780 993 997 0
1161 1358 1295 1307 0
789 779 843 775 0
874 1000 873 945 0
754 829 1768 826 0
1107 1780 1183 1177 0
1290 1778 1378 1340 0
1107 993 1102 997 0
1122 1004 1780 1116 0
1033 936 949 1037 0
1708 1716 1727 1724 0
1342 1254 1234 1339 0
1226 1129 1781 1210 0
1624 1601 1607 1614 0
1616 1601 1620 1626 0
1107 1177 1102 1780 0
1107 1102 1177 1183 0
1597 1576 1595 1570 0
1781 1112 1173 923 0
1037 951 1035 936 0
1722 1705 1733 1710 0
1226 1781 1129 1136 0
1146 936 1112 1140 0
1673 1675 1684 1685 0
897 1053 898 994 0
1300 1210 1226 1781 0
1241 1112 1140 1146 0
1146 1035 1150 1142 0
1040 1148 1153 1035 0
1122 1053 1004 1116 0
1136 1112 923 1027 0
1027 923 936 1112 0
1342 1234 1313 1339 0
1027 1781 1129 923 0
1517 1637 1636 1513 0
1452 1313 1418 1173 0
1439 1325 1173 1430 0
1136 1129 1027 1781 0
1136 923 1781 1027 0
1136 923 1112 1781 0
1342 1252 1328 1234 0
1297 1288 1164 1114 0
886 1779 1114 899 0
1136 1027 1129 1023 0
1109 1778 1378 1290 0
1325 1112 1241 1249 0
1297 1065 1304 1280 0
1037 1035 1150 1146 0
880 878 949 936 0
1046 1065 1280 1233 0
1046 1274 1231 1297 0
1042 1150 1035 1044 0
1042 951 1044 1035 0
1110 1378 1272 1291 0
1249 1142 1112 1146 0
959 882 951 957 0
1044 1150 1035 1153 0
1044 1153 1035 1040 0
356 1761 783 548 0
1042 1153 1150 1044 0
1042 1035 1150 1037 0
757 818 733 837 0
569 621 520 625 0
813 809 723 727 0
702 1058 894 873 0
429 1767 425 427 0
840 869 870 839 0
837 736 733 632 0
837 1769 632 733 0
1673 1683 1668 1666 0
898 940 1053 1023 0
957 1042 1037 953 0
944 881 880 949 0
944 1027 1023 923 0
944 940 923 1023 0
944 1027 940 1023 0
944 881 898 940 0
837 757 587 1769 0
1652 1665 1667 1660 0
1342 1234 1328 1313 0
1575 1553 1576 1570 0
1342 1234 1259 1252 0
1652 1665 1658 1667 0
1339 1234 1313 1112 0
1339 1112 1313 1325 0
1254 1259 1150 1153 0
1456 1328 1313 1342 0
1634 1784 1513 1636 0
1545 1506 1535 1553 0
1430 1781 1319 1173 0
1615 1602 1625 1627 0
1534 1435 1523 1173 0
1339 1325 1254 1234 0
1249 1150 1142 1146 0
1420 1319 1430 1781 0
1300 1226 1210 1310 0
1254 1249 1234 1325 0
1466 1470 1489 1502 0
1575 1588 1576 1566 0
1319 1241 1112 1226 0
1319 1112 1173 1781 0
1542 1506 1545 1553 0
1310 1781 1226 1112 0
1452 1325 1339 1313 0
1339 1325 1249 1254 0
1430 1319 1325 1173 0
1337 1333 1329 1306 0
1456 1342 1339 1452 0
1443 1418 1506 1456 0
1534 1560 1435 1562 0
1189 1266 1780 1277 0
1592 1594 1603 1178 0
1682 1675 1684 1673 0
1443 1328 1313 1456 0
1029 1013 1001 1058 0
1439 1173 1325 1313 0
1452 1173 1418 1506 0
1523 1781 1430 1173 0
1523 1435 1560 1781 0
1542 1570 1562 1553 0
1779 1336 1333 1304 0
1439 1339 1452 1325 0
1300 1781 1194 1210 0
1497 1420 1781 1399 0
1570 1553 1542 1545 0
1300 1420 1781 1310 0
1497 1361 1781 1460 0
1629 1623 1605 1626 0
1542 1456 1452 1545 0
1615 1602 1610 1591 0
1310 1226 1319 1112 0
1310 1319 1420 1781 0
1310 1112 1319 1781 0
1310 1226 1241 1319 0
1545 1566 1553 1535 0
1562 1576 1553 1570 0
1624 1607 1601 1619 0
1189 1194 1277 1780 0
1399 1781 1361 1300 0
1399 1310 1420 1300 0
1497 1781 1361 1399 0
1511 1556 1560 1523 0
1586 1389 1435 1576 0
1048 1232 1011 1172 0
1572 1780 1528 1557 0
1542 1456 1545 1506 0
1578 1572 1568 1781 0
1581 1781 1582 1594 0
1082 1165 1162 1093 0
1277 1344 1780 1361 0
1190 1193 1121 1782 0
1599 1178 1350 1592 0
1836 1705 1728 1718 0
1615 1613 1627 1625 0
1585 1350 1178 1592 0
1542 1435 1534 1506 0
1511 1560 1556 1781 0
1533 1440 1507 1541 0
1628 1624 1626 1629 0
1604 1593 1600 1389 0
1624 1601 1605 1619 0
1708 1700 1699 1713 0
1612 1619 1617 1389 0
1587 1591 1613 1596 0
1560 1583 1578 1781 0
1560 1435 1583 1781 0
1611 1592 1603 1599 0
1619 1389 1601 1605 0
1604 1389 1600 1612 0
1600 1586 1607 1583 0
1622 1619 1624 1605 0
1524 1532 1521 1499 0
1600 1578 1781 1593 0
1597 1570 1575 1576 0
1600 1583 1781 1578 0
1600 1781 1389 1593 0
1511 1399 1420 1497 0
1511 1420 1781 1497 0
1523 1435 1781 1173 0
1535 1506 1456 1443 0
1542 1553 1562 1534 0
1599 1603 1178 1592 0
1586 1590 1614 1607 0
1523 1430 1781 1420 0
1595 1570 1586 1562 0
1542 1439 1506 1534 0
1545 1456 1535 1506 0
1511 1548 1781 1556 0
1562 1435 1553 1576 0
953 882 951 936 0
1542 1452 1506 1439 0
1534 1430 1173 1523 0
1542 1435 1553 1534 0
1562 1586 1560 1435 0
1534 1435 1553 1562 0
1628 1605 1629 1625 0
1652 1658 1651 1649 0
1534 1506 1173 1439 0
1597 1588 1590 1576 0
1616 1597 1590 1614 0
1607 1619 1389 1601 0
1537 1637 1526 1635 0
1652 1645 1667 1649 0
1607 1583 1586 1389 0
1603 1617 1389 1608 0
1628 1624 1629 1605 0
1652 1667 1645 1661 0
903 1766 904 1778 0
1181 1379 1188 1372 0
1727 1731 1730 1735 0
1616 1590 1601 1614 0
1624 1601 1626 1605 0
1597 1609 1590 1588 0
1615 1625 1602 1613 0
1411 1423 1424 1467 0
1652 1649 1667 1658 0
1597 1576 1590 1595 0
1595 1586 1570 1576 0
1626 1605 1620 1623 0
1615 1602 1627 1621 0
1603 1178 1608 1389 0
1608 1178 1781 1389 0
1613 1602 1606 1625 0
1603 1594 1781 1178 0
1666 1668 1681 1683 0
1579 1350 1783 1567 0
1580 1572 1593 1781 0
1608 1781 1604 1389 0
1604 1781 1593 1389 0
1584 1599 1350 1579 0
1608 1617 1389 1604 0
1582 1580 1604 1781 0
1582 1781 1604 1608 0
1522 1783 1510 1559 0
1604 1617 1389 1612 0
1571 1596 1587 1561 0
1571 1577 1561 1587 0
1567 1783 1558 1781 0
1618 1625 1602 1605 0
1627 1621 1602 1605 0
1608 1612 1617 1604 0
1571 1577 1554 1561 0
1549 1783 1496 1530 0
1555 1567 1783 1549 0
1603 1781 1594 1582 0
1603 1608 1781 1582 0
1618 1625 1606 1602 0
1567 1592 1350 1585 0
1606 1584 1587 1599 0
1585 1594 1592 1178 0
1549 1510 1496 1783 0
1618 1622 1389 1617 0
1567 1350 1178 1585 0
1585 1594 1178 1781 0
1549 1567 1783 1530 0
1627 1605 1625 1629 0
1555 1579 1567 1549 0
1573 1781 1585 1567 0
1573 1558 1781 1567 0
1573 1594 1585 1781 0
1573 1781 1581 1594 0
1606 1599 1350 1584 0
1611 1603 1178 1599 0
1618 1605 1602 1389 0
1559 1434 1783 1350 0
1255 1518 1501 1515 0
1571 1554 1574 1546 0
1611 1350 1389 1618 0
1611 1617 1389 1603 0
1611 1617 1618 1389 0
1598 1589 1591 1610 0
1598 1589 1577 1591 0
1533 1429 1783 1440 0
1606 1350 1611 1618 0
1611 1178 1603 1389 0
1099 1176 1170 1101 0
1627 1621 1605 1623 0
1613 1591 1587 1606 0
1615 1621 1610 1602 0
1615 1602 1591 1613 0
1373 1161 1358 1316 0
1627 1629 1625 1628 0
1546 1536 1455 1507 0
1596 1613 1598 1591 0
1596 1577 1591 1598 0
1408 1461 1782 1390 0
1321 1256 1261 1780 0
1541 1451 1455 1546 0
1571 1587 1596 1577 0
1116 1183 1107 1189 0
1571 1541 1554 1546 0
1574 1577 1589 1565 0
1574 1589 1577 1598 0
1561 1350 1577 1554 0
1561 1577 1350 1587 0
1561 1434 1350 1554 0
1561 1554 1533 1434 0
1541 1455 1451 1507 0
1561 1541 1533 1554 0
1559 1533 1434 1561 0
1530 1781 1558 1783 0
1557 1568 1781 1529 0
1555 1510 1549 1783 0
1530 1783 1496 1459 0
1559 1350 1579 1584 0
1559 1434 1350 1561 0
1530 1459 1782 1783 0
1555 1783 1567 1579 0
1522 1429 1783 1533 0
1522 1783 1429 1419 0
1522 1510 1783 1419 0
1265 1782 1322 1343 0
1277 1361 1781 1300 0
1555 1783 1559 1510 0
1555 1579 1559 1350 0
1555 1783 1350 1559 0
1555 1783 1579 1350 0
1519 1303 1179 1470 0
1489 1425 1303 1470 0
1471 1424 1255 1490 0
1462 1780 1442 1391 0
1161 1322 1307 1246 0
1161 1390 1441 1375 0
1255 1501 1518 1490 0
1490 1423 1467 1424 0
973 1779 1123 967 0
1277 1780 1781 1361 0
992 1106 1782 1101 0
1373 1411 1351 1423 0
1373 1433 1423 1358 0
1021 1782 1527 1515 0
1161 1295 1196 1239 0
1685 1677 1675 1684 0
1176 1106 1782 1182 0
1161 1461 1441 1390 0
1373 1423 1351 1358 0
1161 1782 1322 1257 0
1255 1441 1433 1161 0
1161 1246 1257 1322 0
1471 1518 1490 1255 0
1161 1441 1358 1375 0
1461 1527 1782 1515 0
1359 1024 1308 1376 0
1462 1442 1780 1500 0
604 678 673 598 0
1261 1177 1780 1256 0
1161 1307 1390 1375 0
1182 1782 1190 1106 0
1255 1501 1441 1461 0
1375 1358 1433 1441 0
200 1768 420 505 0
1505 1408 1427 1488 0
1488 1390 1461 1408 0
1488 1461 1782 1408 0
967 1071 961 1779 0
1505 1782 1427 1408 0
1505 1527 1782 1488 0
1505 1408 1488 1782 0
1343 1427 1782 1408 0
1343 1408 1322 1427 0
1343 1360 1276 1782 0
1343 1408 1782 1322 0
1505 1558 1530 1782 0
1505 1782 1527 1558 0
1505 1459 1427 1782 0
1505 1782 1530 1459 0
1190 1193 1782 1276 0
1262 1322 1782 1257 0
1117 1782 1190 1121 0
844 1176 1782 1161 0
1531 1499 1539 1524 0
1343 1459 1782 1427 0
1343 1782 1459 1360 0
1228 1222 1196 1143 0
996 1782 1106 1002 0
1117 1782 1106 1190 0
1268 1285 1279 1315 0
1161 1176 1782 1257 0
1265 1276 1782 1343 0
932 1002 1782 996 0
1257 1307 1322 1246 0
1322 1390 1408 1782 0
1021 1515 1544 1255 0
1143 1165 1161 1239 0
1161 1246 1176 1257 0
1055 1165 1143 1082 0
1262 1176 1182 1257 0
1262 1176 1257 1782 0
1257 1176 1170 1246 0
1262 1782 1322 1265 0
1262 1190 1182 1782 0
1262 1782 1265 1190 0
1262 1182 1190 1265 0
571 497 493 580 0
1117 1190 1106 1182 0
1002 935 1782 1009 0
474 442 480 491 0
932 1002 996 933 0
1101 1182 1106 1176 0
788 778 781 666 0
1156 1143 1222 1228 0
1424 1423 1373 1433 0
926 992 990 929 0
1002 1782 935 933 0
1002 1121 1009 1782 0
1002 1782 1117 1121 0
857 926 844 990 0
996 1106 1117 1002 0
996 1101 1106 992 0
1255 1544 1518 1515 0
929 992 932 1782 0
972 1093 1082 1087 0
1359 1303 1376 1442 0
972 978 981 1093 0
864 831 844 828 0
1093 984 1097 981 0
1238 1024 1144 1166 0
1316 1295 1358 1284 0
1425 1470 1489 1466 0
921 981 984 918 0
921 984 981 925 0
921 918 984 925 0
859 858 921 861 0
349 293 334 337 0
857 984 918 925 0
1161 1239 1165 1246 0
1082 1093 1097 1165 0
844 1176 1170 1099 0
844 1170 1176 1161 0
844 1099 1170 1055 0
1284 1316 1278 1346 0
857 984 925 926 0
1255 1461 1441 1161 0
1495 1532 1521 1518 0
1267 1278 1284 1316 0
1284 1346 1351 1316 0
1196 1161 1239 1143 0
1228 1196 1222 1284 0
1295 1307 1358 1375 0
1179 1532 1547 1785 0
1161 1246 1165 1170 0
1229 1197 1221 1144 0
1162 1143 1156 1228 0
1055 1099 1170 1165 0
1239 1246 1307 1295 0
1162 1093 1165 1097 0
864 844 831 834 0
1162 1239 1165 1228 0
1255 1515 1501 1461 0
1082 1087 1093 1162 0
1082 1156 1087 1162 0
1082 1143 1156 1162 0
857 926 990 984 0
1055 1097 1082 972 0
1143 1239 1228 1165 0
1143 1165 1228 1162 0
1632 1513 1784 1516 0
1143 1162 1082 1165 0
1373 1358 1351 1316 0
1161 1295 1358 1316 0
1161 1176 1246 1170 0
1055 1097 1099 1165 0
1519 1470 1179 1494 0
1055 1165 1082 1097 0
972 1087 978 1093 0
1161 1782 1390 1322 0
1055 1165 1170 1161 0
1021 1390 1161 1782 0
1335 1337 1537 1540 0
1196 1284 1239 1295 0
1055 1165 1161 1143 0
918 921 981 919 0
972 1097 1093 984 0
972 1093 1097 1082 0
1316 1358 1351 1284 0
972 981 978 918 0
844 992 990 926 0
844 929 992 926 0
844 992 929 1782 0
663 666 778 776 0
844 932 1782 929 0
918 919 981 978 0
1055 984 1099 1097 0
1055 990 984 857 0
1055 990 857 844 0
1055 1097 972 984 0
972 981 918 984 0
1055 1099 990 844 0
1267 1295 1316 1284 0
844 1782 1770 846 0
1255 1501 1433 1441 0
1238 1285 1229 1197 0
982 979 971 1094 0
770 857 735 776 0
1021 1547 1255 1544 0
993 1024 845 1102 0
1255 1433 1501 1490 0
1487 1391 1407 1462 0
1161 1246 1307 1239 0
1255 1373 1433 1424 0
1255 1547 1518 1544 0
1255 1161 1433 1373 0
1179 1471 1518 1495 0
1179 1255 1518 1471 0
1504 1407 1780 1487 0
1500 1442 1303 1432 0
1161 846 1021 1782 0
1048 1275 1232 1172 0
1255 1490 1424 1433 0
1021 1515 1461 1782 0
1021 1782 1461 1390 0
1021 1461 1515 1255 0
1519 1531 1494 1179 0
1197 1285 1221 1279 0
1021 1551 1515 1527 0
1179 1518 1532 1495 0
1471 1467 1490 1503 0
1267 1278 1196 1284 0
1642 1640 1638 1784 0
1569 1780 1581 1564 0
1471 1503 1490 1518 0
1424 1490 1423 1433 0
1179 1495 1532 1499 0
1471 1467 1424 1490 0
1495 1521 1532 1499 0
1267 1295 1161 1316 0
1021 1390 1461 1161 0
1646 1638 1661 1660 0
463 491 500 442 0
474 491 563 463 0
474 538 563 480 0
1495 1518 1521 1503 0
1161 1307 1295 1239 0
1179 1532 1518 1547 0
1557 1529 1780 1504 0
1785 1564 1780 1569 0
1504 1780 1460 1529 0
1514 1780 1179 1500 0
1528 1487 1504 1780 0
1537 1337 1526 1540 0
1504 1460 1780 1426 0
1290 1378 1777 1421 0
924 917 871 985 0
931 934 884 883 0
927 871 985 924 0
1306 1779 1337 1305 0
1464 1377 1468 986 0
1557 1504 1780 1528 0
974 1010 872 886 0
1494 1499 1179 1531 0
891 960 886 893 0
1184 1168 1151 1244 0
845 846 1780 1021 0
1094 971 1098 1083 0
843 779 839 775 0
1462 1407 1780 1391 0
1785 1552 1569 1780 0
1422 1489 1466 1425 0
1374 1425 1303 1432 0
1345 1285 1315 1279 0
1519 1502 1494 1520 0
1641 1646 1652 1638 0
1229 1285 1221 1197 0
1376 1024 1780 1303 0
1229 1221 1157 1144 0
1376 1780 1391 1442 0
839 868 870 867 0
1516 1633 1635 1784 0
1376 1442 1303 1780 0
1489 1470 1303 1519 0
1321 1245 1256 1024 0
1359 1374 1315 1303 0
1163 1166 1229 1144 0
1376 1024 1308 1780 0
1094 1086 971 1083 0
982 917 979 920 0
1308 1245 1024 1238 0
985 1100 871 991 0
1539 1499 1532 1524 0
1569 1780 1563 1580 0
1116 997 1780 1107 0
694 524 460 711 0
982 1094 985 1098 0
1674 1669 1683 1666 0
1526 1337 1513 1540 0
564 539 531 473 0
1245 1177 1024 1169 0
1238 1166 1144 1229 0
1166 1024 1144 1083 0
1163 1157 1144 1229 0
1166 1098 1024 1083 0
1238 1197 1229 1144 0
1531 1520 1519 1494 0
922 917 920 870 0
982 917 971 979 0
1779 1275 1289 1298 0
871 1098 971 1083 0
871 1024 1098 1083 0
1500 1780 1179 1303 0
905 1779 1080 1066 0
924 982 922 985 0
1048 1779 1066 1275 0
1285 1197 1024 1268 0
1236 1293 1305 1066 0
922 985 982 917 0
839 869 870 868 0
939 1000 945 995 0
789 674 782 667 0
793 1768 829 845 0
1169 1177 1024 1100 0
976 962 946 1372 0
1285 1024 1315 1268 0
1236 1305 1298 1779 0
987 879 1053 883 0
833 884 885 845 0
868 869 870 922 0
1308 1024 1245 1321 0
1550 1528 1780 1514 0
1116 997 1107 1004 0
1122 1781 1129 1194 0
1122 1189 1116 1780 0
1236 1779 1298 1066 0
927 991 985 871 0
987 1053 879 1020 0
867 922 868 870 0
1359 1315 1285 1024 0
985 1098 871 1100 0
839 867 870 836 0
1236 1779 1066 1305 0
1653 1645 1657 1661 0
1489 1303 1432 1500 0
1632 1633 1784 1642 0
845 1768 505 793 0
1107 1189 1183 1780 0
1785 1499 1532 1539 0
1552 1785 1531 1179 0
1359 1374 1303 1432 0
1238 1024 1285 1197 0
1094 971 1086 979 0
982 917 985 971 0
894 945 1058 1014 0
1189 1261 1780 1266 0
892 961 1779 967 0
993 845 927 930 0
922 869 870 920 0
922 917 982 920 0
985 971 917 871 0
1048 1123 1172 973 0
1308 1391 1780 1321 0
1100 1024 1098 871 0
1166 1100 1169 1024 0
991 871 845 1024 0
993 931 845 930 0
982 1094 971 985 0
843 782 779 789 0
1166 1024 1098 1100 0
1048 1275 1123 1779 0
1163 1083 1086 1094 0
1359 1285 1315 1352 0
1634 1643 1641 1784 0
1245 1169 1024 1166 0
1359 1303 1024 1376 0
1163 1157 1086 1083 0
1163 1083 1166 1144 0
1163 1094 1166 1083 0
1163 1083 1144 1157 0
754 1004 706 883 0
1109 1290 1271 1778 0
1163 1229 1166 1238 0
1779 1164 1208 1071 0
894 1058 1779 1014 0
1163 1094 1098 1166 0
1528 1780 1462 1487 0
924 870 917 922 0
924 922 867 870 0
767 653 1768 658 0
1500 1780 1303 1442 0
924 917 985 922 0
833 885 884 830 0
1765 380 650 901 0
900 967 1066 1048 0
1529 1460 1781 1780 0
1644 1784 1642 1646 0
874 945 939 1000 0
924 868 867 922 0
1102 1024 1177 1100 0
927 871 845 991 0
843 839 779 840 0
843 840 779 782 0
1359 1308 1285 1376 0
930 927 884 845 0
1765 908 380 901 0
987 937 879 883 0
1636 1643 1784 1646 0
745 886 702 801 0
1572 1781 1580 1780 0
1297 1114 1164 1779 0
1529 1781 1460 1497 0
874 945 873 939 0
811 807 803 882 0
1636 1646 1784 1637 0
874 995 1028 1000 0
566 1770 481 571 0
1422 1432 1374 1359 0
993 991 1100 1102 0
1308 1285 1238 1024 0
930 884 927 885 0
934 1053 883 987 0
934 883 1053 1004 0
934 1004 1053 987 0
1102 1100 1177 1169 0
993 1100 991 1024 0
1359 1315 1024 1303 0
1529 1497 1548 1781 0
1514 1500 1462 1780 0
1256 1177 1024 1245 0
1485 1396 1199 1395 0
997 931 845 993 0
1271 1778 1290 1340 0
1529 1548 1568 1781 0
993 1024 1102 1100 0
1359 1285 1308 1024 0
1048 973 1172 1011 0
1321 1780 1407 1391 0
1674 1676 1672 1677 0
997 930 931 993 0
997 934 1004 931 0
1569 1582 1581 1780 0
1109 1778 1271 1095 0
1256 1169 1177 1245 0
1781 866 1783 1780 0
1780 866 1783 1782 0
1530 1783 1782 1780 0
1530 1783 1780 1781 0
1530 1781 1780 1558 0
1573 1780 1781 1558 0
1527 1558 1780 1573 0
1527 1558 1782 1780 0
1530 1780 1782 1558 0
1551 1780 1573 1527 0
1573 1781 1780 1581 0
1581 1781 1780 1582 0
1582 1781 1780 1580 0
1572 1563 1550 1780 0
1407 1780 1344 1426 0
1780 1460 1361 1344 0
1781 1460 1361 1780 0
1070 1274 1164 1124 0
1277 1781 1194 1300 0
1277 1780 1194 1781 0
1183 1780 1261 1177 0
1487 1407 1780 1462 0
1109 1378 1778 908 0
1422 1425 1410 1374 0
1517 1634 1636 1525 0
1179 1780 845 1024 0
1021 1782 846 1780 0
1021 1780 845 1179 0
1021 1255 1780 1179 0
1780 1255 1547 1179 0
1021 1255 1547 1780 0
1021 1544 1780 1547 0
1780 1544 1564 1547 0
1780 1551 1564 1544 0
1021 1551 1780 1544 0
1021 1527 1780 1551 0
1021 1527 1782 1780 0
1551 1573 1780 1564 0
1564 1780 1581 1573 0
1550 1552 1780 1563 0
1708 1727 1734 1713 0
1780 1547 1785 1179 0
1785 1547 1780 1564 0
1337 1336 1525 1538 0
793 1768 658 767 0
764 829 1768 644 0
660 584 658 793 0
871 769 833 793 0
764 829 754 826 0
764 1768 653 644 0
1780 1102 993 845 0
1102 845 1780 1024 0
1321 1261 1266 1780 0
1321 1780 1344 1407 0
1256 1780 1024 1177 0
1102 1177 1024 1780 0
1183 1256 1177 1261 0
1116 1189 1107 1780 0
997 1780 993 845 0
997 1780 845 931 0
931 1780 845 884 0
934 883 1780 884 0
934 883 1004 1780 0
1321 1344 1780 1266 0
1352 1315 1374 1345 0
1426 1344 1460 1780 0
860 948 852 952 0
931 1004 1780 934 0
1122 1129 1781 1023 0
931 1780 884 934 0
1303 1780 1179 1024 0
1519 1179 1303 1500 0
1519 1500 1514 1179 0
1519 1303 1489 1500 0
1552 1179 1531 1519 0
1537 1540 1330 1332 0
1557 1781 1780 1529 0
1543 1519 1179 1552 0
1543 1780 1179 1514 0
1543 1514 1179 1519 0
1697 1719 1696 1702 0
1635 1784 1633 1644 0
1635 1784 1646 1637 0
1653 1638 1661 1659 0
1755 1743 1747 1751 0
1748 1750 1755 1743 0
1674 1666 1677 1654 0
1729 1742 1736 1744 0
1711 1716 1721 1702 0
1702 1730 1696 1708 0
1517 1636 1637 1525 0
1763 287 294 832 0
1698 1685 1683 1684 0
1652 1660 1661 1638 0
1641 1784 1643 1646 0
1744 1836 1739 1738 0
1697 1696 1692 1702 0
1666 1669 1683 1681 0
1653 1645 1648 1657 0
1281 1305 1236 1293 0
1632 1640 1784 1630 0
1674 1649 1662 1655 0
1663 1675 1677 1671 0
1679 1687 1690 1698 0
1679 1681 1698 1690 0
1679 1683 1684 1698 0
1679 1698 1681 1683 0
1679 1668 1683 1681 0
1723 1718 1733 1745 0
1808 1232 1795 1298 0
1663 1671 1672 1658 0
1663 1671 1677 1672 0
1733 1728 1745 1718 0
1641 1646 1660 1652 0
999 1028 1020 994 0
1641 1638 1652 1639 0
1286 1323 1244 1184 0
1661 1645 1662 1667 0
1654 1672 1658 1663 0
1654 1663 1658 1656 0
1654 1666 1677 1663 0
1654 1663 1656 1666 0
1654 1677 1672 1663 0
1649 1658 1651 1654 0
1674 1676 1677 1683 0
1674 1662 1672 1670 0
1713 1728 1729 1836 0
1048 967 973 887 0
1674 1654 1655 1669 0
1667 1662 1649 1645 0
1667 1672 1649 1662 0
1667 1665 1658 1672 0
1667 1672 1658 1649 0
1332 1329 1540 1330 0
1653 1638 1648 1645 0
1297 1231 1280 1274 0
977 1057 1212 1200 0
1709 1719 1696 1693 0
1737 1728 1750 1744 0
1652 1645 1638 1661 0
1779 1333 1336 1306 0
1634 1631 1784 1641 0
1652 1651 1647 1649 0
1337 1336 1333 1306 0
1337 1513 1525 1517 0
891 795 886 889 0
1730 1700 1734 1717 0
1634 1784 1636 1643 0
1109 1378 908 1777 0
1779 1304 1306 1336 0
1208 1123 1811 1263 0
797 622 909 628 0
1779 1333 1329 1331 0
899 1304 1779 1297 0
1674 1666 1654 1669 0
1516 1633 1526 1635 0
1335 1540 1332 1337 0
1779 1330 1329 1332 0
1652 1638 1645 1647 0
1652 1649 1647 1645 0
1632 1784 1513 1630 0
1674 1677 1672 1654 0
897 994 999 1020 0
1236 1080 1270 1293 0
1317 1421 1777 1448 0
897 942 896 999 0
896 1029 1028 1001 0
874 1029 1000 1028 0
963 1355 916 1353 0
1000 873 1058 1029 0
1630 1631 1784 1634 0
1297 1114 1070 1274 0
876 953 882 957 0
901 1378 1110 1777 0
1765 915 641 906 0
953 949 878 936 0
995 879 1020 987 0
874 1029 873 1000 0
1765 915 910 635 0
1540 1329 1333 1331 0
1630 1784 1631 1639 0
1540 1329 1337 1333 0
874 1020 1028 995 0
874 1000 939 995 0
874 879 1020 995 0
874 738 1020 879 0
874 995 939 879 0
338 634 642 441 0
1630 1640 1784 1638 0
874 738 1028 1020 0
1540 1525 1538 1337 0
389 585 581 784 0
1000 961 1014 945 0
1771 361 262 340 0
945 1058 1000 873 0
888 973 890 887 0
1126 1317 1119 1777 0
1048 1298 1232 1275 0
1540 1525 1337 1513 0
939 937 879 987 0
939 987 879 995 0
1290 1421 1777 1317 0
800 794 1767 689 0
962 1191 1006 986 0
1674 1649 1655 1654 0
586 1763 582 792 0
1014 1000 945 1058 0
1765 635 641 915 0
890 887 967 892 0
967 1779 1123 1071 0
1119 915 1777 906 0
1779 1306 1304 1302 0
1332 1337 1540 1329 0
890 794 887 892 0
1271 1312 1778 1340 0
1109 908 906 1777 0
1540 1637 1525 1513 0
1540 1637 1538 1525 0
1540 1538 1333 1336 0
1540 1336 1337 1538 0
1540 1336 1333 1337 0
718 811 716 803 0
1287 1779 1813 1814 0
1526 1513 1637 1540 0
1779 1329 1333 1306 0
1516 1513 1784 1635 0
894 1014 961 945 0
1806 1803 1208 1805 0
1066 1275 1779 1298 0
453 694 524 1767 0
1811 1123 1794 1263 0
1048 1779 1123 973 0
905 1778 1766 902 0
1794 1813 1792 1273 0
1270 1312 1080 1778 0
1270 1778 1271 1312 0
1270 1778 1080 1271 0
1779 1298 1289 1330 0
1048 1275 1066 1298 0
892 1779 961 894 0
1765 906 910 915 0
905 1312 1766 1778 0
900 967 887 892 0
905 1778 902 1080 0
92 107 114 98 0
635 915 798 913 0
1119 1317 1290 1777 0
420 243 257 1768 0
1242 1250 1050 1409 0
897 738 1020 1028 0
649 380 908 1766 0
1048 967 1779 973 0
1048 1779 967 1066 0
966 1046 886 1013 0
1779 1312 1080 1270 0
1779 1302 1312 1270 0
1779 1293 1080 1066 0
908 1766 1778 902 0
1779 1305 1293 1066 0
1048 1275 1172 1123 0
467 649 380 1765 0
467 641 649 1765 0
1011 887 973 888 0
905 1066 900 1779 0
636 589 713 748 0
636 713 690 748 0
702 873 894 816 0
905 1312 1080 1779 0
1670 1664 1662 1667 0
417 665 487 650 0
483 711 528 588 0
1095 902 1778 1080 0
1095 1080 1778 1271 0
886 1114 1046 1297 0
1126 915 1777 1119 0
486 1766 664 680 0
1644 1784 1633 1642 0
390 1763 582 586 0
1650 1648 1645 1657 0
1650 1649 1662 1645 0
1236 1293 1066 1080 0
461 899 886 713 0
911 1138 913 1132 0
910 915 911 798 0
1537 1540 1526 1637 0
1632 1784 1640 1642 0
1691 1701 1680 1682 0
901 1778 1110 1378 0
1335 1332 1540 1537 0
1632 1633 1516 1784 0
1516 1637 1513 1635 0
1516 1526 1637 1635 0
1516 1337 1513 1526 0
1447 1205 1204 1366 0
1655 1649 1662 1650 0
1721 1726 1725 1731 0
1674 1683 1677 1666 0
1674 1654 1672 1649 0
1347 1777 1448 1317 0
1347 1317 1126 1777 0
1282 1479 1412 1477 0
1674 1672 1676 1670 0
1653 1638 1640 1648 0
1670 1672 1667 1662 0
911 1132 964 1138 0
1428 1772 1118 1051 0
1755 1754 1743 1746 0
1755 1749 1746 1750 0
1755 1750 1746 1743 0
911 915 913 798 0
1075 1005 1003 1213 0
1653 1646 1638 1659 0
1653 1640 1638 1642 0
1475 1775 1363 1472 0
1653 1642 1646 1659 0
1653 1638 1646 1642 0
1445 1205 1005 1447 0
1392 1030 1195 1198 0
1447 1370 1204 1449 0
1008 1081 1007 1206 0
1365 1207 1357 1772 0
1016 1025 1230 1227 0
1447 1005 1204 1205 0
1223 1051 1438 1428 0
1447 1366 1204 1370 0
1413 1458 1482 1296 0
1372 1468 962 1464 0
974 1070 1010 1046 0
955 1040 1044 951 0
390 287 1763 395 0
1465 1775 928 1472 0
916 968 1775 928 0
1468 1191 962 986 0
1775 968 1180 975 0
1413 1294 1155 1283 0
1498 1474 1436 1493 0
1473 1382 1392 1195 0
1463 1203 998 1202 0
1091 1151 1134 1133 0
1155 1294 1282 1154 0
1454 1230 1414 1367 0
1402 1219 1476 1217 0
1311 1243 1244 1323 0
1775 1363 1174 1159 0
1775 1363 1368 1174 0
753 685 545 684 0
977 1403 1400 1212 0
1242 1478 1250 1481 0
1445 1366 1205 1447 0
1214 1067 1203 1003 0
1133 1151 1134 1184 0
1016 1227 1223 1089 0
1151 1244 1243 1237 0
1465 1775 1464 946 0
1483 1199 1396 1393 0
1428 1118 1073 1051 0
409 635 1765 1763 0
1007 1205 1081 1078 0
964 1126 1132 913 0
523 432 626 536 0
629 913 798 911 0
1775 946 928 975 0
623 405 1763 629 0
440 641 1765 635 0
1775 986 946 975 0
387 1763 575 582 0
558 296 762 543 0
1133 1118 1349 1134 0
1381 1323 1286 1334 0
964 1126 913 915 0
1230 1051 1073 1025 0
796 790 746 1762 0
561 780 783 274 0
1184 1244 1237 1323 0
1323 1244 1237 1243 0
565 796 752 286 0
1168 1244 1247 1243 0
1133 1184 1108 1151 0
1184 1237 1134 1326 0
1454 1230 1428 1414 0
1454 1428 1230 1457 0
1151 1243 1244 1168 0
910 964 911 915 0
910 1421 1448 1777 0
1224 1237 1326 1134 0
796 1762 372 790 0
476 605 464 345 0
1215 1447 1384 1383 0
554 313 750 314 0
373 321 343 313 0
1775 1174 1180 968 0
1365 1207 1446 1206 0
390 294 1763 287 0
743 542 321 537 0
1184 1134 1237 1151 0
1016 1017 1227 1089 0
309 365 306 328 0
592 577 651 609 0
1394 1454 1481 1484 0
1388 1202 1476 1201 0
1413 1482 1283 1296 0
1105 1045 1250 1127 0
1445 1005 1205 1007 0
1445 1205 1206 1007 0
989 1219 1064 1217 0
1445 1007 1206 1008 0
1349 1118 1224 1134 0
1475 928 1775 1472 0
1775 1186 986 975 0
1775 1186 1180 1371 0
1775 1180 1186 975 0
1775 1377 1186 1371 0
1775 1186 1377 986 0
704 561 777 705 0
899 1779 1114 1297 0
1414 1230 1133 1334 0
1775 1368 1371 1180 0
1775 964 1159 968 0
1775 1159 1138 1356 0
1775 1138 1159 964 0
1775 1356 1138 1354 0
1775 1354 1138 1132 0
1775 1132 1138 964 0
1775 1347 1354 1132 0
1775 1347 1469 1354 0
1775 1448 1469 1347 0
910 964 1126 1775 0
910 1775 916 964 0
910 1126 964 915 0
910 1777 1448 1775 0
1775 1777 1448 1347 0
1775 1126 1777 1347 0
1775 1126 1347 1132 0
1775 1132 964 1126 0
1775 1354 1469 1356 0
910 1775 1448 916 0
1472 1363 1368 1775 0
1286 1244 1323 1311 0
1104 1052 1068 1115 0
1084 1207 1772 1092 0
1357 1207 1211 1772 0
1133 1134 1349 1326 0
274 780 783 1761 0
1008 1206 1446 1015 0
1091 1108 1151 1133 0
1008 1084 1206 1015 0
1015 1092 1084 1772 0
1763 832 294 815 0
391 365 305 309 0
401 331 1760 321 0
1108 1151 1184 1168 0
1428 1357 1772 1438 0
1007 1206 1081 1205 0
1191 1186 986 1377 0
753 312 314 545 0
965 1006 1195 1030 0
977 1485 980 1199 0
377 353 328 391 0
1051 1118 1092 1772 0
1092 1118 1211 1772 0
1092 1207 1772 1211 0
1073 1349 1133 1118 0
268 267 322 250 0
1015 1207 1206 1446 0
729 367 279 286 0
1475 1356 1363 1775 0
1072 1067 1214 1003 0
1468 1382 1473 1006 0
1468 962 1006 965 0
1090 1155 1158 1187 0
1015 1207 1772 1084 0
1445 1206 1446 1008 0
974 1046 1010 886 0
1108 1091 1061 1113 0
1230 1025 1073 1113 0
1215 1383 1385 1445 0
557 371 310 546 0
375 312 545 314 0
1003 1005 1074 1204 0
1003 1203 1204 1074 0
1003 1203 1074 1067 0
576 672 605 574 0
916 968 964 1775 0
1227 1089 1017 1105 0
1463 1380 1202 1388 0
1264 1491 1415 1437 0
1393 1476 1201 1388 0
1113 1091 1031 1073 0
1413 1436 1509 1512 0
1060 1202 998 1067 0
1050 1088 1052 1130 0
1214 1069 1217 998 0
998 1202 1203 1067 0
1409 1104 1052 1050 0
1480 1198 1395 1485 0
731 874 730 760 0
705 780 561 777 0
896 947 1001 942 0
1475 1469 1775 916 0
1478 1454 1457 1481 0
1104 1068 1052 1047 0
916 1448 1469 1775 0
1475 1775 928 916 0
899 1304 1297 1065 0
708 530 734 742 0
1673 1680 1678 1679 0
410 628 404 797 0
969 1362 1369 928 0
338 440 1765 311 0
557 693 558 762 0
638 571 645 1770 0
568 721 560 1762 0
799 291 379 386 0
558 362 296 543 0
1468 1006 962 1191 0
977 1480 1198 970 0
1468 965 1006 1473 0
1379 965 962 1468 0
1397 1476 1388 1217 0
1223 1428 1438 1416 0
1483 1476 1201 1393 0
1765 649 906 641 0
1218 1446 1385 1438 0
1113 1031 1104 1025 0
1449 1203 1380 1370 0
1428 1051 1073 1230 0
1483 1396 1199 1486 0
977 1485 1480 1400 0
682 556 753 686 0
1445 1446 1206 1364 0
1406 1323 1334 1326 0
1016 1223 1051 1059 0
1409 1130 1127 1050 0
1016 1230 1051 1457 0
705 780 783 561 0
1113 1133 1073 1230 0
1113 1031 1025 1073 0
1414 1367 1334 1406 0
1076 1215 1218 1077 0
1457 1230 1051 1428 0
1223 1416 1227 1457 0
1334 1323 1286 1326 0
1428 1349 1073 1118 0
1213 1384 1215 1447 0
1088 1264 1130 1127 0
1414 1349 1326 1334 0
1381 1406 1334 1367 0
1223 1428 1457 1051 0
1473 1195 1030 965 0
1223 1051 1015 1438 0
1334 1349 1326 1133 0
1334 1184 1133 1326 0
1450 1406 1367 1414 0
1428 1118 1772 1349 0
1357 1211 1349 1772 0
1223 1457 1428 1416 0
1414 1367 1230 1334 0
1406 1334 1323 1381 0
1381 1431 1406 1367 0
1381 1311 1286 1323 0
1464 946 986 962 0
1382 1191 1195 1006 0
1468 1377 1382 1191 0
1242 1250 1409 1481 0
1468 1191 1382 1006 0
709 510 714 739 0
1468 986 1377 1191 0
891 886 960 966 0
988 962 1372 1379 0
1748 1750 1743 1728 0
1473 1030 1195 1392 0
1473 1006 1195 965 0
1465 1775 1371 1464 0
1242 1481 1454 1478 0
989 1219 1483 983 0
1250 1019 1050 1045 0
1449 1203 1204 1003 0
1454 1414 1450 1367 0
1465 1368 1371 1775 0
1465 946 928 1775 0
1217 998 1202 1463 0
1463 1202 1380 1203 0
1412 1508 1509 1437 0
1250 1050 1127 1045 0
809 811 805 882 0
1480 1198 1030 1392 0
1773 1405 1486 1403 0
1776 1355 963 1137 0
1216 1403 1405 1773 0
1464 1377 1775 1371 0
1464 986 946 1775 0
1464 986 1775 1377 0
1723 1710 1733 1705 0
1214 1387 1213 1449 0
1438 1357 1772 1365 0
1438 1207 1365 1772 0
1438 1207 1446 1365 0
1438 1207 1772 1015 0
1438 1446 1207 1015 0
1438 1051 1015 1772 0
1414 1334 1326 1406 0
1409 1264 1050 1127 0
1509 1493 1512 1436 0
1485 1199 1198 1395 0
1414 1133 1073 1349 0
1414 1133 1349 1334 0
1242 1019 1250 1227 0
1445 1364 1206 1205 0
1414 1133 1230 1073 0
1414 1073 1428 1349 0
1414 1073 1230 1428 0
1445 1364 1205 1366 0
1115 1052 1068 1130 0
1413 1155 1158 1283 0
977 1049 970 1198 0
977 1773 1212 1057 0
1242 1025 1019 1227 0
977 1198 1199 1049 0
1474 1484 1453 1409 0
1485 1486 1199 1396 0
1474 1484 1409 1493 0
1217 1202 1476 1388 0
558 283 559 370 0
896 1001 895 1029 0
977 1199 980 1054 0
1242 1113 1025 1230 0
977 1054 1049 1199 0
1480 1392 1030 1473 0
977 1199 1198 1485 0
1218 1015 1438 1223 0
1242 1104 1019 1025 0
1386 1473 965 1379 0
809 878 936 882 0
897 994 941 999 0
904 1302 1312 1779 0
1416 1428 1438 1457 0
1437 1509 1492 1508 0
1416 1385 1446 1438 0
1218 1445 1007 1215 0
1436 1509 1492 1437 0
1187 1155 1413 1185 0
1409 1492 1250 1264 0
1397 1202 1217 1388 0
1088 1185 1127 1085 0
1090 1187 1167 1103 0
1090 1187 1130 1088 0
1090 1158 1167 1187 0
1052 1130 1088 1090 0
1050 1130 1127 1088 0
1353 1448 1469 916 0
593 475 462 602 0
901 1378 908 1778 0
281 533 510 518 0
1773 1404 1219 1483 0
1437 1491 1508 1492 0
977 1485 1400 1403 0
1283 1167 1296 1158 0
1016 1223 1059 1089 0
1413 1264 1185 1412 0
751 314 545 753 0
1299 1158 1294 1283 0
1046 1070 1274 1297 0
1477 1509 1479 1412 0
1220 1773 1062 1216 0
1076 1215 1005 1075 0
1413 1185 1155 1282 0
1774 1379 1386 965 0
977 1057 980 1773 0
977 970 1200 1400 0
1413 1294 1479 1282 0
1756 1754 1757 1753 0
1756 1752 1751 1747 0
1755 1751 1747 1756 0
1748 1739 1750 1728 0
1046 1124 1171 1274 0
953 936 1037 949 0
1379 1468 962 1372 0
1125 916 910 1348 0
1740 1745 1728 1718 0
1740 1718 1741 1745 0
1740 1743 1728 1745 0
1740 1745 1741 1751 0
1755 1754 1756 1747 0
1755 1749 1754 1746 0
1748 1739 1728 1745 0
1737 1749 1750 1746 0
1704 1698 1694 1715 0
1708 1727 1721 1730 0
1741 1745 1718 1723 0
1755 1754 1749 1757 0
1723 1718 1705 1733 0
1721 1725 1726 1719 0
1708 1696 1695 1700 0
1728 1750 1743 1746 0
1755 1747 1743 1754 0
1729 1744 1737 1742 0
1748 1745 1728 1743 0
1748 1751 1745 1743 0
1748 1743 1755 1751 0
1702 1696 1730 1725 0
1682 1680 1684 1701 0
1673 1685 1683 1675 0
1297 1333 1304 1779 0
774 815 295 799 0
901 1778 1766 903 0
886 1297 899 1114 0
1708 1695 1699 1700 0
1713 1727 1735 1724 0
1740 1743 1751 1747 0
1756 1753 1752 1747 0
1756 1753 1758 1752 0
1756 1757 1758 1753 0
1755 1754 1757 1756 0
1741 1751 1752 1747 0
1708 1700 1713 1734 0
1836 1722 1717 1706 0
1836 1705 1722 1706 0
1836 1699 1706 1717 0
1734 1717 1836 1722 0
957 951 1042 953 0
227 156 142 148 0
876 959 882 875 0
977 1400 1480 970 0
396 791 1764 389 0
901 1766 1778 908 0
1691 1680 1701 1688 0
1709 1719 1725 1696 0
1702 1695 1708 1696 0
1713 1735 1727 1734 0
1721 1731 1730 1727 0
1738 1836 1739 1734 0
1727 1730 1734 1735 0
1708 1734 1730 1700 0
1702 1696 1692 1695 0
1737 1750 1749 1742 0
1713 1735 1734 1738 0
1708 1700 1730 1696 0
1697 1693 1689 1692 0
1673 1668 1679 1678 0
1721 1725 1730 1731 0
1713 1724 1738 1729 0
1708 1730 1734 1727 0
1729 1744 1728 1737 0
1713 1738 1724 1735 0
1737 1746 1750 1728 0
1737 1742 1744 1750 0
1729 1728 1744 1836 0
1744 1739 1728 1750 0
1744 1728 1739 1836 0
1678 1686 1687 1680 0
1673 1679 1684 1680 0
1715 1719 1721 1726 0
1708 1721 1727 1716 0
1724 1738 1732 1735 0
1713 1738 1836 1729 0
1713 1836 1738 1734 0
1724 1727 1735 1732 0
1697 1696 1693 1692 0
1702 1725 1730 1721 0
1697 1721 1719 1702 0
1708 1724 1727 1713 0
1702 1725 1721 1719 0
1729 1732 1738 1736 0
1680 1698 1687 1679 0
1673 1685 1684 1683 0
1709 1696 1725 1712 0
1712 1700 1696 1730 0
1713 1717 1700 1699 0
1713 1700 1717 1734 0
1713 1699 1836 1717 0
1713 1717 1836 1734 0
1713 1705 1836 1699 0
1713 1705 1728 1836 0
1720 1715 1714 1707 0
1682 1680 1673 1684 0
1702 1719 1696 1725 0
1680 1698 1679 1684 0
1702 1716 1721 1708 0
1714 1715 1701 1707 0
1704 1690 1698 1715 0
1704 1687 1694 1698 0
1704 1698 1690 1687 0
1697 1693 1694 1689 0
1697 1719 1693 1696 0
1697 1694 1693 1714 0
1697 1719 1714 1693 0
1697 1719 1715 1714 0
1697 1694 1714 1715 0
1697 1702 1711 1721 0
1697 1711 1715 1721 0
1697 1715 1704 1694 0
1697 1715 1711 1704 0
1697 1721 1715 1719 0
1689 1688 1694 1687 0
1673 1677 1675 1683 0
1673 1683 1666 1677 0
1673 1666 1663 1677 0
1673 1675 1677 1663 0
1673 1666 1668 1663 0
1673 1683 1684 1679 0
1673 1668 1683 1679 0
1701 1687 1698 1694 0
1701 1698 1684 1707 0
1701 1684 1698 1680 0
1689 1686 1688 1687 0
1292 1304 1065 1280 0
1688 1687 1680 1701 0
1362 1472 928 1475 0
1703 1719 1693 1714 0
1703 1714 1709 1719 0
1703 1693 1719 1709 0
1703 1714 1693 1688 0
1703 1701 1714 1688 0
1703 1688 1691 1701 0
912 963 1125 1131 0
1372 962 946 1464 0
904 1766 1312 1778 0
953 936 951 1037 0
1079 1269 1272 1312 0
1292 1233 1280 1065 0
886 1779 894 1058 0
1070 1114 1164 1274 0
1774 1400 1386 1192 0
897 999 896 1028 0
877 959 882 955 0
1387 1463 1449 1380 0
417 665 903 446 0
516 472 435 447 0
790 721 1762 560 0
706 898 1053 1122 0
1297 1114 1274 1288 0
1171 1274 1124 1164 0
1171 1288 1274 1164 0
1804 1805 1274 1171 0
963 928 916 1355 0
886 899 1297 1046 0
1369 946 1464 1372 0
1369 1464 946 1465 0
1379 1473 965 1468 0
797 404 622 628 0
1369 1472 1465 928 0
1369 946 928 1465 0
1369 928 1362 1472 0
983 1054 1199 1056 0
1773 1063 1064 1219 0
899 1304 1065 1292 0
970 1198 1030 1480 0
1046 1280 1297 1231 0
1046 1010 1124 1070 0
1348 1448 1353 916 0
1355 916 1469 1475 0
1355 928 916 1475 0
1355 1475 1362 928 0
969 928 963 1362 0
983 1199 1054 980 0
1137 963 1131 1353 0
1348 916 910 1448 0
1110 1272 1340 1096 0
527 478 529 713 0
963 1362 928 1355 0
569 587 625 535 0
1765 1763 635 910 0
1175 1362 1369 1776 0
1046 1231 1233 1280 0
730 874 873 760 0
976 1369 946 969 0
1137 1353 1355 963 0
977 1773 1403 1212 0
969 946 928 1369 0
988 965 962 1379 0
1175 969 1776 976 0
1104 1022 1019 1025 0
333 437 414 352 0
797 634 628 912 0
1110 1378 1340 1272 0
977 1400 1200 1212 0
963 1353 916 1348 0
909 912 963 914 0
970 965 1386 1473 0
970 1480 1473 1386 0
970 965 1473 1030 0
970 1030 1473 1480 0
557 296 546 762 0
1774 1379 1188 1386 0
766 898 821 820 0
467 380 649 1766 0
904 1292 1779 899 0
959 951 1042 957 0
966 1013 1070 1046 0
702 816 744 760 0
1046 1231 1274 1171 0
1046 1124 1010 1171 0
1046 1297 1065 899 0
960 1058 1013 886 0
889 886 966 872 0
977 1485 1773 980 0
974 886 872 966 0
966 1013 886 960 0
1046 1114 1013 1070 0
1046 1070 1297 1114 0
809 882 936 811 0
803 877 875 882 0
803 882 807 877 0
901 1778 1096 1110 0
608 725 716 611 0
896 999 1001 1028 0
897 999 941 942 0
897 1020 1053 994 0
889 966 974 872 0
893 1001 895 947 0
893 1029 1001 1058 0
893 1001 1029 895 0
754 826 883 706 0
786 795 872 886 0
893 1001 947 960 0
893 1013 1058 1001 0
893 1001 960 1013 0
893 1058 1013 960 0
706 1053 1020 879 0
904 1779 1292 1302 0
889 872 795 886 0
904 1065 1292 899 0
723 718 809 811 0
891 966 889 886 0
702 894 1767 744 0
1125 1448 1421 1348 0
876 882 953 878 0
1096 1079 1312 903 0
959 1044 1042 951 0
456 488 1767 446 0
1096 1340 1778 903 0
1096 1340 1312 1272 0
1096 1312 1340 903 0
953 949 1037 1033 0
953 878 949 880 0
1774 1386 1480 970 0
797 600 1764 791 0
1125 1348 963 916 0
875 959 882 877 0
720 811 807 716 0
901 380 1766 908 0
1136 1027 1033 1140 0
1125 1777 1421 910 0
757 733 727 621 0
665 1766 901 650 0
245 1759 127 129 0
418 445 433 308 0
702 744 816 894 0
756 763 1770 652 0
730 1058 873 1029 0
1774 1400 970 1480 0
1175 1369 976 1776 0
936 949 881 944 0
1038 1192 1774 1012 0
1038 1012 1774 970 0
1776 969 1369 976 0
1776 1362 1369 969 0
1160 963 1776 969 0
1242 1250 1478 1227 0
1160 963 1137 1776 0
1774 1188 1012 1192 0
1774 1480 1386 1400 0
728 737 655 712 0
1175 976 1369 1181 0
1776 1355 1362 963 0
1016 1051 1015 1059 0
977 1403 1773 1485 0
1776 963 1362 969 0
1188 1379 988 1372 0
1774 988 1012 1188 0
1774 965 988 1379 0
1774 1379 988 1188 0
1774 965 1012 988 0
1774 1386 1188 1192 0
1181 988 976 1372 0
1181 1372 1188 988 0
1038 1200 970 1774 0
1038 1192 1200 1774 0
1160 969 1776 1175 0
1160 1776 1362 1175 0
1181 1369 1372 976 0
1774 970 1400 1200 0
1774 965 1386 970 0
1774 1012 965 970 0
1832 907 901 1777 0
1120 1777 1421 1125 0
1160 1355 1362 1776 0
1160 1137 1355 1776 0
1120 1318 1125 1421 0
797 909 912 628 0
456 904 1767 466 0
909 1131 963 912 0
909 912 1137 1131 0
909 963 1131 1137 0
72 73 81 79 0
1220 1219 1063 1773 0
1220 1063 1062 1773 0
1397 1388 1463 1202 0
977 1200 970 1038 0
1242 1025 1113 1104 0
1282 1412 1264 1437 0
675 633 714 709 0
1761 540 354 355 0
1413 1479 1412 1282 0
561 276 273 363 0
1215 1447 1383 1445 0
562 783 790 279 0
983 1773 1486 980 0
989 1201 1060 1056 0
1773 1485 1403 1486 0
1773 1483 1486 1404 0
1773 1405 1404 1486 0
1220 1404 1219 1773 0
1220 1773 1216 1405 0
1220 1405 1404 1773 0
1436 1264 1187 1413 0
574 602 593 670 0
1104 1050 1019 1022 0
739 533 734 518 0
1212 1062 1057 1773 0
1212 1773 1403 1216 0
1212 1400 1200 1403 0
1413 1509 1412 1479 0
983 1773 980 1063 0
983 1199 1486 1483 0
983 1199 1483 1201 0
983 1201 1056 1199 0
373 314 375 545 0
1413 1436 1512 1498 0
1264 1437 1412 1509 0
576 606 476 605 0
1088 1264 1185 1187 0
280 345 476 464 0
1052 1103 1130 1090 0
1088 1154 1155 1185 0
1187 1264 1185 1413 0
494 347 576 476 0
1401 1478 1415 1250 0
576 606 672 675 0
1155 1185 1154 1282 0
1187 1155 1158 1413 0
1187 1158 1167 1283 0
1283 1155 1158 1294 0
1299 1294 1479 1283 0
983 1483 1486 1773 0
1413 1479 1294 1283 0
1413 1282 1155 1294 0
1068 1103 1130 1052 0
703 780 1761 783 0
1187 1283 1413 1158 0
1436 1409 1493 1474 0
281 344 510 358 0
1409 1052 1130 1050 0
1299 1158 1283 1296 0
464 475 602 459 0
381 291 570 774 0
1242 1230 1025 1227 0
1413 1282 1412 1185 0
1436 1437 1492 1264 0
1104 1025 1031 1022 0
709 737 707 655 0
1088 1185 1085 1154 0
1090 1187 1088 1155 0
1050 1085 1088 1127 0
1409 1130 1052 1115 0
707 646 655 692 0
1088 1155 1187 1185 0
321 302 331 343 0
1409 1050 1264 1250 0
1394 1367 1242 1454 0
1088 1264 1187 1130 0
1394 1431 1367 1450 0
561 273 274 363 0
1104 1052 1022 1047 0
1394 1450 1367 1454 0
1223 1438 1385 1416 0
1223 1401 1227 1416 0
708 331 321 1760 0
1088 1127 1185 1264 0
696 541 1761 777 0
1016 1457 1227 1230 0
980 1063 1773 1062 0
1402 1476 1219 1483 0
1016 1457 1051 1223 0
980 1485 1773 1486 0
1016 1017 1025 1227 0
980 1486 1199 1485 0
980 1062 1773 1057 0
1409 1492 1484 1481 0
1105 1045 1017 1250 0
576 605 672 606 0
989 1201 1202 1060 0
1409 1130 1436 1264 0
1250 1017 1019 1045 0
983 1064 1219 1773 0
1242 1367 1230 1454 0
983 1219 1483 1773 0
1072 1069 1214 998 0
1072 1003 998 1067 0
1072 1067 998 1214 0
1072 1213 1003 1214 0
752 291 286 796 0
1409 1052 1104 1115 0
574 602 670 605 0
1045 1127 1085 1050 0
1217 1060 998 1069 0
1218 1007 1445 1008 0
1250 1127 1050 1264 0
1387 1203 1380 1449 0
989 1476 1202 1201 0
989 1201 1056 983 0
1402 1404 1483 1219 0
1214 1003 1449 1213 0
1242 1478 1454 1227 0
1213 1005 1447 1215 0
1250 1491 1264 1492 0
1250 1491 1415 1264 0
1250 1491 1492 1481 0
1242 1104 1409 1050 0
1250 1481 1478 1491 0
1250 1415 1491 1478 0
1227 1025 1019 1017 0
1227 1017 1019 1250 0
1218 1008 1015 1077 0
1227 1250 1105 1017 0
1394 1484 1450 1454 0
1394 1450 1453 1431 0
1394 1453 1484 1409 0
1409 1127 1130 1264 0
1409 1484 1492 1493 0
1409 1492 1436 1493 0
1394 1481 1454 1242 0
739 734 655 518 0
1218 1015 1223 1077 0
1218 1438 1385 1223 0
1218 1446 1438 1015 0
1218 1008 1077 1007 0
1218 1385 1446 1445 0
1218 1445 1215 1385 0
1218 1446 1015 1008 0
1227 1416 1401 1457 0
1227 1250 1478 1401 0
1227 1457 1454 1230 0
1227 1454 1457 1478 0
1227 1478 1457 1401 0
1218 1446 1008 1445 0
1394 1450 1484 1453 0
1215 1005 1445 1007 0
1076 1005 1215 1007 0
1214 1203 1449 1003 0
558 771 559 283 0
305 518 533 281 0
989 1483 1201 983 0
989 1219 983 1064 0
1076 1077 1007 1215 0
1214 1463 998 1217 0
1214 1203 998 1463 0
1214 1203 1067 998 0
1075 1215 1005 1213 0
1218 1383 1385 1215 0
1213 1447 1449 1384 0
989 1069 1060 1217 0
1213 1384 1449 1387 0
1213 1204 1003 1449 0
1213 1449 1447 1204 0
1213 1005 1003 1204 0
1213 1204 1447 1005 0
989 1202 1476 1217 0
989 1060 1202 1217 0
989 1476 1219 1217 0
989 1069 1217 1064 0
1214 1217 1397 1463 0
1214 1463 1397 1387 0
1214 1380 1203 1463 0
1214 1463 1387 1380 0
1214 1203 1380 1387 0
1075 1213 1003 1072 0
1761 540 544 354 0
94 101 87 92 0
1059 1008 1077 1015 0
373 537 321 542 0
739 655 734 737 0
1059 1077 1223 1015 0
1059 1051 1015 1223 0
739 734 533 741 0
575 1763 785 582 0
1104 1022 1031 1047 0
1104 1061 1031 1113 0
1104 1031 1061 1047 0
1016 1019 1025 1017 0
671 654 533 741 0
574 670 672 605 0
306 285 350 275 0
391 346 353 309 0
530 533 518 734 0
284 287 1763 832 0
630 350 707 646 0
762 546 543 296 0
709 655 518 739 0
714 654 741 510 0
576 574 605 345 0
741 510 654 533 0
762 543 691 700 0
268 267 494 322 0
684 545 683 542 0
268 510 344 494 0
739 533 510 741 0
687 734 530 648 0
373 542 313 314 0
268 267 510 494 0
370 283 559 366 0
561 780 273 777 0
709 518 350 510 0
704 559 700 771 0
755 547 685 688 0
370 543 283 362 0
556 310 388 312 0
630 707 350 709 0
543 546 362 296 0
797 403 1764 622 0
698 540 544 1761 0
707 655 712 692 0
362 546 371 296 0
753 545 547 312 0
609 627 577 651 0
709 510 739 518 0
743 701 537 708 0
447 472 435 377 0
358 343 537 533 0
755 547 546 310 0
366 283 559 276 0
728 712 655 699 0
728 648 699 655 0
574 670 656 630 0
630 709 633 672 0
697 1761 777 696 0
739 741 510 714 0
693 688 762 546 0
609 577 627 626 0
709 350 655 707 0
709 510 633 714 0
714 510 633 654 0
697 540 698 1761 0
713 886 795 786 0
273 1761 356 354 0
709 655 739 737 0
707 646 350 655 0
675 709 672 633 0
709 518 655 350 0
630 350 633 709 0
574 672 670 630 0
703 1761 780 698 0
630 670 707 672 0
630 709 672 707 0
630 707 670 656 0
630 692 707 656 0
630 692 646 707 0
743 683 701 750 0
246 345 249 280 0
345 475 605 464 0
576 672 633 675 0
576 476 347 345 0
574 602 475 593 0
549 408 1760 401 0
494 345 574 576 0
250 249 322 347 0
389 791 1764 784 0
305 278 281 302 0
494 347 345 576 0
1761 540 355 541 0
796 379 286 372 0
464 606 605 476 0
273 354 355 1761 0
276 777 541 771 0
359 560 1762 568 0
276 1761 777 273 0
359 560 783 790 0
302 533 343 358 0
494 574 672 576 0
494 630 672 574 0
494 323 630 574 0
494 633 672 630 0
494 350 633 630 0
494 323 350 630 0
494 350 267 510 0
494 267 350 323 0
283 543 357 362 0
574 475 602 345 0
494 249 323 345 0
494 510 709 350 0
494 633 350 709 0
494 510 633 709 0
494 249 345 347 0
375 545 312 374 0
696 771 691 543 0
435 472 577 432 0
696 543 541 771 0
697 1761 698 780 0
697 780 777 1761 0
250 249 267 322 0
697 541 540 1761 0
697 1761 696 541 0
379 573 372 1762 0
379 1762 772 573 0
356 544 1761 548 0
721 783 703 560 0
1833 54 60 53 0
772 1762 746 573 0
805 811 718 803 0
650 380 1766 901 0
396 791 389 832 0
600 403 622 1764 0
799 772 784 386 0
453 524 460 1767 0
608 502 613 619 0
914 910 907 1125 0
745 690 713 795 0
359 783 560 548 0
1833 46 31 30 0
548 1761 783 703 0
548 698 1761 703 0
548 1761 698 544 0
907 910 1120 1125 0
372 1762 573 568 0
711 477 528 524 0
440 1765 641 467 0
628 909 912 622 0
108 103 101 105 0
797 622 1764 600 0
26 49 36 54 0
706 1053 883 1004 0
725 723 757 811 0
619 502 613 509 0
809 876 805 878 0
809 878 882 876 0
637 711 588 787 0
569 619 526 512 0
748 786 886 713 0
569 619 614 757 0
621 614 727 723 0
809 718 805 811 0
755 546 547 688 0
725 811 718 723 0
569 621 614 520 0
495 180 204 1771 0
718 611 608 716 0
716 807 803 811 0
527 713 695 478 0
527 478 695 466 0
454 899 695 466 0
205 216 196 223 0
181 188 197 173 0
757 809 811 723 0
227 155 151 1769 0
640 1771 615 620 0
860 852 812 808 0
1765 906 1777 910 0
1765 380 908 649 0
587 1769 439 329 0
636 690 786 748 0
454 456 452 1767 0
805 876 882 803 0
805 803 882 811 0
757 813 733 818 0
723 805 809 718 0
454 1767 466 456 0
757 723 621 727 0
569 535 625 520 0
325 196 172 199 0
154 140 134 131 0
733 727 818 813 0
578 1771 659 866 0
786 872 795 889 0
638 756 1770 645 0
801 893 891 886 0
759 731 761 896 0
729 279 790 286 0
1817 650 907 901 0
759 731 730 761 0
1820 552 1821 496 0
801 795 886 891 0
730 702 759 745 0
1771 224 330 235 0
761 897 819 896 0
761 738 897 731 0
821 881 898 818 0
482 572 1768 567 0
1833 46 21 25 0
754 824 826 773 0
219 423 425 217 0
338 642 634 1765 0
1833 25 37 42 0
639 898 736 706 0
16 9 4 11 0
410 628 797 634 0
706 1004 1122 1053 0
466 899 695 904 0
731 738 897 1028 0
761 897 738 766 0
219 217 425 427 0
467 1766 649 486 0
746 573 1762 568 0
389 585 784 1764 0
389 784 581 386 0
310 374 312 547 0
569 757 625 587 0
784 585 791 1764 0
791 1764 585 600 0
356 354 1761 544 0
746 1762 721 568 0
553 401 549 1760 0
417 1766 446 903 0
742 741 734 739 0
760 874 873 816 0
274 356 783 359 0
446 905 1766 680 0
16 31 9 11 0
643 687 708 331 0
359 548 356 783 0
280 347 249 282 0
305 518 278 365 0
799 386 784 815 0
386 784 581 772 0
386 581 573 772 0
386 573 581 379 0
386 772 573 379 0
396 791 797 1764 0
396 403 1764 797 0
396 403 797 832 0
396 791 832 797 0
556 312 547 310 0
286 372 279 790 0
689 552 1767 596 0
487 650 468 380 0
59 51 25 29 0
227 142 147 140 0
1771 481 1770 398 0
1771 319 330 224 0
60 59 46 42 0
251 211 216 303 0
98 106 114 102 0
276 771 541 283 0
422 1767 452 426 0
8 3 4 12 0
251 216 211 205 0
122 123 1759 113 0
79 71 68 58 0
82 85 87 105 0
84 86 77 75 0
58 56 71 68 0
29 38 51 32 0
34 38 33 40 0
276 541 777 1761 0
22 13 31 9 0
22 9 31 15 0
34 33 38 28 0
72 71 79 58 0
26 41 54 36 0
108 112 110 107 0
1833 30 31 15 0
45 56 66 71 0
45 66 56 40 0
70 65 62 66 0
70 66 62 67 0
17 15 22 30 0
8 4 3 11 0
42 47 59 29 0
60 51 46 59 0
23 15 17 30 0
57 48 38 62 0
61 52 44 58 0
45 71 58 56 0
45 65 44 58 0
29 32 25 24 0
5 2 4 10 0
29 38 57 51 0
65 58 71 72 0
17 15 9 22 0
22 30 15 31 0
76 93 78 90 0
45 56 50 40 0
32 51 46 35 0
43 48 38 57 0
273 356 1761 274 0
44 48 55 62 0
44 55 65 62 0
40 62 38 44 0
20 15 21 1833 0
98 102 99 106 0
43 57 38 51 0
420 243 213 257 0
122 124 113 1759 0
40 38 62 57 0
5 4 2 3 0
45 62 66 40 0
32 35 43 51 0
24 32 35 27 0
32 38 51 43 0
45 39 44 40 0
39 58 44 52 0
20 25 1833 21 0
24 46 21 35 0
45 62 44 65 0
29 57 38 34 0
21 46 30 35 0
21 35 30 27 0
25 51 46 32 0
45 44 62 40 0
76 78 93 91 0
21 15 23 30 0
21 30 23 27 0
40 44 38 33 0
40 39 44 33 0
40 50 66 56 0
29 24 28 32 0
45 58 44 39 0
25 32 46 24 0
25 21 24 46 0
20 9 31 11 0
1833 42 37 53 0
110 85 87 97 0
83 74 76 82 0
63 67 57 62 0
29 32 51 25 0
34 57 38 40 0
241 125 123 232 0
227 1769 151 578 0
20 31 9 15 0
122 124 233 220 0
29 32 28 38 0
29 38 28 34 0
175 227 159 152 0
98 99 115 113 0
98 114 121 107 0
63 67 64 57 0
88 87 94 101 0
745 713 690 647 0
92 110 107 101 0
422 454 1767 426 0
154 136 133 130 0
84 74 75 82 0
92 110 114 107 0
20 31 26 14 0
154 141 137 131 0
449 330 1771 438 0
54 53 37 49 0
42 25 29 59 0
456 904 681 446 0
20 14 11 31 0
41 18 36 14 0
1833 41 31 54 0
6 3 2 1 0
26 49 54 37 0
16 13 4 9 0
1833 53 37 54 0
381 774 570 575 0
16 5 12 4 0
16 4 13 5 0
1833 31 46 54 0
10 9 13 22 0
41 14 31 19 0
12 3 5 6 0
1833 53 60 42 0
26 31 41 14 0
10 13 9 4 0
41 18 14 19 0
60 64 51 59 0
321 537 343 331 0
26 36 14 41 0
16 13 9 31 0
1833 42 60 46 0
60 42 53 59 0
1833 54 46 60 0
302 358 281 533 0
8 19 18 12 0
276 355 541 1761 0
107 113 118 121 0
100 113 116 118 0
84 86 82 96 0
114 106 121 111 0
70 71 73 72 0
12 4 5 3 0
7 6 3 12 0
7 3 6 1 0
16 19 14 8 0
8 12 18 7 0
8 12 7 3 0
8 18 19 14 0
250 347 282 249 0
276 1761 273 355 0
266 350 323 285 0
305 281 533 302 0
266 260 285 323 0
16 4 12 8 0
266 323 246 260 0
246 323 249 345 0
345 277 301 462 0
345 475 277 462 0
280 249 347 345 0
280 476 345 347 0
280 476 347 282 0
246 323 345 260 0
276 559 771 283 0
280 464 476 282 0
305 281 278 518 0
280 464 475 345 0
280 459 475 464 0
246 260 345 301 0
266 323 249 246 0
322 249 267 323 0
322 323 267 494 0
322 323 494 249 0
309 275 306 365 0
281 533 358 510 0
310 547 371 374 0
554 314 394 313 0
322 347 249 494 0
708 331 687 530 0
268 510 281 344 0
283 357 543 541 0
266 267 323 350 0
266 350 285 275 0
266 267 350 275 0
302 343 533 537 0
648 655 734 518 0
309 365 305 275 0
306 350 365 275 0
728 655 737 734 0
435 432 577 523 0
283 543 771 541 0
305 275 365 278 0
278 518 350 365 0
278 350 518 510 0
278 510 518 281 0
278 350 510 267 0
278 281 268 510 0
278 267 510 268 0
278 350 275 365 0
278 350 267 275 0
686 753 755 556 0
742 533 302 530 0
273 780 1761 777 0
273 1761 780 274 0
279 783 790 359 0
279 790 372 1762 0
279 1762 359 790 0
279 1762 372 359 0
799 295 291 386 0
294 389 832 287 0
799 386 815 295 0
554 676 743 553 0
682 753 555 751 0
446 904 905 1767 0
76 86 75 80 0
311 409 1763 290 0
554 679 750 676 0
312 545 547 374 0
76 80 91 86 0
331 343 302 537 0
311 410 847 910 0
311 1765 1763 409 0
557 693 755 686 0
401 321 1760 393 0
401 408 1760 331 0
391 353 346 424 0
373 545 542 314 0
554 743 676 750 0
682 555 753 556 0
557 296 762 558 0
287 389 832 396 0
259 264 420 225 0
311 1763 910 847 0
484 589 636 596 0
484 713 690 636 0
484 636 690 596 0
815 389 294 295 0
743 537 683 542 0
815 389 832 294 0
310 547 546 371 0
558 762 693 700 0
370 296 362 283 0
704 777 561 559 0
461 886 899 647 0
565 796 729 752 0
815 386 784 389 0
378 371 296 310 0
742 533 530 734 0
378 546 296 371 0
562 279 729 367 0
796 372 1762 379 0
558 296 362 370 0
708 530 742 302 0
751 545 542 683 0
755 547 310 556 0
751 555 314 753 0
556 388 392 312 0
1763 294 295 815 0
562 729 565 367 0
530 346 305 331 0
377 424 353 391 0
708 331 537 321 0
627 424 530 346 0
373 537 343 321 0
530 518 533 305 0
530 533 302 305 0
391 424 346 530 0
743 742 701 708 0
391 309 305 346 0
391 346 305 530 0
391 328 365 309 0
753 312 547 556 0
643 1760 708 668 0
774 799 291 570 0
643 331 408 687 0
391 305 518 530 0
391 518 305 365 0
762 688 691 546 0
557 310 556 755 0
390 1763 294 387 0
753 556 555 312 0
753 547 545 685 0
553 1760 393 401 0
561 274 273 780 0
561 366 276 363 0
561 559 276 366 0
679 555 751 682 0
565 286 752 376 0
558 543 370 362 0
755 685 547 753 0
755 547 556 753 0
699 669 651 648 0
752 286 291 376 0
752 799 291 796 0
561 273 276 777 0
561 559 777 276 0
561 363 274 364 0
710 783 561 705 0
700 771 543 691 0
557 546 310 755 0
557 546 296 378 0
557 755 693 546 0
557 378 296 558 0
743 537 701 683 0
558 771 543 700 0
558 559 771 700 0
774 752 799 570 0
796 790 372 286 0
796 790 286 729 0
815 386 389 295 0
815 784 791 389 0
815 791 832 389 0
796 379 291 286 0
796 291 379 799 0
565 286 729 796 0
796 1762 772 379 0
554 393 313 394 0
796 746 772 1762 0
796 772 799 379 0
708 734 530 687 0
743 321 542 313 0
742 533 537 302 0
742 533 671 537 0
742 533 734 741 0
742 741 671 533 0
742 537 671 701 0
643 627 626 687 0
743 537 321 708 0
750 313 542 314 0
750 683 751 542 0
753 314 312 555 0
750 314 542 751 0
743 313 542 750 0
743 542 683 750 0
562 710 729 790 0
554 743 313 553 0
708 302 331 530 0
558 543 771 283 0
558 283 370 543 0
523 626 577 609 0
554 555 751 679 0
557 762 546 693 0
554 313 393 553 0
751 683 684 545 0
751 545 684 753 0
558 370 378 296 0
687 408 346 331 0
687 331 346 530 0
702 873 730 1058 0
558 700 543 762 0
774 295 815 1763 0
627 648 687 530 0
643 687 408 627 0
693 546 755 688 0
708 302 537 331 0
708 537 302 742 0
708 701 537 742 0
627 687 648 669 0
554 751 314 750 0
743 321 1760 708 0
565 367 729 286 0
668 708 743 1760 0
417 380 467 1766 0
570 752 376 565 0
554 750 313 743 0
562 790 783 710 0
562 279 790 729 0
774 295 291 799 0
651 669 627 648 0
643 1760 331 708 0
627 424 408 432 0
669 648 728 687 0
562 783 279 274 0
562 274 279 364 0
562 274 561 783 0
562 783 561 710 0
562 367 364 279 0
562 274 364 561 0
557 546 378 371 0
557 310 371 378 0
557 388 310 378 0
557 310 388 556 0
554 555 314 751 0
774 1763 815 785 0
627 346 530 687 0
626 432 577 627 0
417 650 1766 665 0
626 669 687 627 0
643 536 626 408 0
626 432 408 536 0
626 408 432 627 0
570 376 752 291 0
575 785 1763 774 0
627 408 346 687 0
417 487 665 446 0
432 577 424 472 0
432 353 424 346 0
432 408 346 424 0
609 651 669 627 0
554 314 555 394 0
554 750 679 751 0
395 601 1763 586 0
627 577 424 432 0
643 627 408 626 0
643 408 331 1760 0
643 1760 668 549 0
609 627 669 626 0
570 799 291 752 0
553 743 1760 676 0
553 313 393 321 0
553 1760 321 393 0
553 1760 743 321 0
553 313 321 743 0
787 888 887 747 0
553 676 1760 668 0
553 668 1760 549 0
417 380 1766 650 0
681 466 489 695 0
417 903 665 1766 0
113 115 123 1759 0
465 524 680 488 0
623 798 911 629 0
586 792 601 1763 0
601 1763 792 798 0
513 592 517 516 0
513 447 516 517 0
623 913 629 911 0
435 472 432 424 0
435 353 424 432 0
435 377 424 353 0
435 424 377 472 0
516 517 435 523 0
516 523 435 577 0
516 472 577 435 0
516 577 609 523 0
516 523 609 517 0
516 609 577 592 0
516 592 517 609 0
1765 642 634 910 0
588 711 528 747 0
284 847 290 403 0
100 121 98 113 0
381 774 575 1763 0
381 1763 295 774 0
381 575 387 1763 0
381 295 1763 387 0
92 89 95 97 0
97 87 89 85 0
381 376 570 291 0
765 738 874 879 0
456 1767 904 446 0
96 91 86 93 0
843 836 870 871 0
400 385 407 442 0
284 403 832 847 0
91 86 80 81 0
483 711 694 460 0
93 91 78 80 0
96 93 86 82 0
110 109 97 114 0
74 75 76 86 0
110 85 97 104 0
1767 465 488 456 0
311 910 634 410 0
483 528 711 460 0
127 117 1759 125 0
98 121 114 106 0
100 118 107 113 0
98 113 121 99 0
122 233 124 242 0
61 80 75 79 0
88 101 96 87 0
96 103 105 101 0
61 52 58 75 0
96 91 93 103 0
477 460 528 483 0
660 658 584 591 0
761 896 731 897 0
800 892 1767 794 0
702 730 759 893 0
76 85 93 90 0
61 44 52 39 0
125 1759 115 117 0
125 123 115 1759 0
269 263 213 239 0
1767 694 905 680 0
465 524 694 680 0
259 225 218 234 0
190 209 203 179 0
122 233 217 220 0
122 232 241 123 0
623 1763 601 798 0
1765 908 1777 906 0
623 798 629 1763 0
241 1759 123 125 0
787 711 747 887 0
421 425 217 429 0
241 1759 125 127 0
411 406 443 384 0
284 395 402 1763 0
116 124 1759 113 0
446 680 488 1767 0
787 890 887 888 0
1765 910 1777 907 0
116 1759 118 113 0
588 747 787 711 0
121 106 113 117 0
789 782 779 667 0
839 867 836 868 0
483 694 711 1767 0
483 460 694 1767 0
764 653 1768 767 0
635 913 798 629 0
635 1763 629 798 0
664 908 1766 649 0
635 798 915 910 0
635 910 1763 798 0
773 824 879 822 0
787 887 794 711 0
402 405 1763 623 0
664 902 1766 908 0
711 794 900 887 0
486 1766 680 488 0
402 601 1763 395 0
338 410 634 441 0
680 902 905 1766 0
680 1766 664 902 0
793 829 1768 764 0
461 899 1767 647 0
871 836 833 775 0
638 1771 1770 749 0
761 820 819 897 0
765 879 822 773 0
761 731 766 738 0
761 897 766 820 0
384 336 406 399 0
1765 1777 901 907 0
765 822 760 816 0
689 552 637 496 0
731 896 1028 897 0
454 478 466 695 0
461 695 899 713 0
461 647 596 470 0
765 879 773 738 0
333 352 1770 254 0
1767 905 1779 904 0
1767 899 904 1779 0
1767 904 899 466 0
124 233 126 242 0
453 460 425 423 0
121 1759 119 117 0
461 695 713 478 0
469 1767 460 483 0
1767 524 460 694 0
453 423 1767 460 0
639 572 1768 644 0
759 893 895 814 0
1767 711 794 694 0
1767 794 711 787 0
417 486 1766 467 0
702 873 816 760 0
284 832 1763 847 0
702 760 730 873 0
800 892 894 1767 0
578 167 495 174 0
461 899 695 454 0
1767 1779 894 886 0
1767 899 1779 886 0
745 886 713 647 0
1767 892 900 794 0
1767 894 1779 892 0
1767 892 1779 900 0
1767 794 900 694 0
1767 900 1779 905 0
1767 900 905 694 0
409 1763 405 629 0
409 629 635 1763 0
338 634 410 311 0
453 524 694 465 0
427 1767 460 469 0
640 615 1771 511 0
745 886 795 713 0
760 816 822 874 0
744 894 1767 800 0
816 800 894 744 0
421 423 217 425 0
702 886 1058 893 0
731 738 1028 874 0
446 488 1766 486 0
702 893 801 886 0
338 1765 910 311 0
1790 637 1791 588 0
759 896 730 731 0
702 894 886 1767 0
446 1766 488 680 0
290 1763 402 405 0
290 1763 405 409 0
766 736 821 706 0
421 423 219 217 0
421 232 217 219 0
423 425 232 219 0
421 1767 452 453 0
446 1312 1766 905 0
446 905 904 1312 0
446 1766 1312 904 0
446 1766 904 903 0
446 903 904 681 0
446 665 903 681 0
446 487 665 681 0
446 489 487 681 0
454 466 1767 899 0
754 773 826 706 0
847 832 1763 792 0
773 883 879 824 0
434 330 1771 319 0
1791 637 1788 588 0
702 894 1058 886 0
428 217 429 426 0
745 801 893 759 0
647 886 899 1767 0
773 826 883 824 0
731 874 1028 730 0
578 174 495 191 0
706 879 883 1053 0
759 896 814 895 0
632 535 551 625 0
822 873 874 816 0
730 1029 893 1058 0
824 883 879 826 0
759 801 893 814 0
759 896 761 819 0
445 415 430 303 0
706 879 738 773 0
765 822 874 760 0
706 826 883 773 0
461 454 426 1767 0
847 1763 798 792 0
428 429 1767 426 0
745 886 801 795 0
730 895 893 1029 0
730 895 1029 896 0
766 898 897 706 0
847 910 798 1763 0
766 897 738 706 0
759 895 730 896 0
766 821 898 706 0
730 1029 1028 896 0
730 1029 874 1028 0
730 1029 873 874 0
759 895 893 730 0
745 759 893 702 0
706 738 879 1020 0
706 1020 897 738 0
706 1020 1053 897 0
706 898 897 1053 0
706 821 898 736 0
311 847 404 290 0
311 847 290 1763 0
311 910 1763 1765 0
847 832 797 403 0
847 404 403 797 0
311 410 404 847 0
847 404 797 410 0
847 910 634 797 0
847 634 910 410 0
847 797 634 410 0
484 589 713 636 0
484 713 589 529 0
417 650 487 380 0
107 121 118 120 0
461 647 470 484 0
470 647 596 484 0
205 325 196 182 0
422 452 1767 454 0
422 421 426 452 0
116 126 1759 124 0
422 421 217 426 0
290 404 403 847 0
76 91 80 78 0
338 910 634 311 0
338 634 910 1765 0
338 467 1765 440 0
338 1765 467 380 0
426 421 429 452 0
426 429 1767 452 0
461 1767 899 454 0
461 596 647 1767 0
220 426 422 217 0
461 713 886 647 0
461 713 647 690 0
461 690 484 713 0
461 690 647 484 0
461 478 713 529 0
461 529 484 478 0
461 529 713 484 0
461 478 454 695 0
121 1759 129 119 0
233 421 422 242 0
245 127 1759 241 0
121 119 111 106 0
121 106 99 113 0
76 86 91 93 0
220 426 217 428 0
116 118 1759 126 0
122 232 123 219 0
120 1759 118 128 0
122 232 219 217 0
121 117 113 1759 0
220 422 426 233 0
220 421 217 422 0
220 422 233 421 0
220 217 421 233 0
113 1759 117 115 0
114 109 97 102 0
113 99 115 117 0
92 97 98 114 0
113 99 117 106 0
92 114 110 97 0
114 109 102 111 0
105 104 85 110 0
114 102 106 111 0
92 97 95 98 0
94 101 92 107 0
129 1759 127 119 0
108 110 105 101 0
105 85 87 110 0
107 110 114 112 0
245 126 128 242 0
245 128 126 129 0
245 126 242 124 0
245 124 242 122 0
245 1759 123 241 0
245 123 1759 122 0
245 241 123 122 0
245 233 122 242 0
245 233 217 122 0
245 421 233 242 0
245 421 217 233 0
245 241 122 232 0
245 217 232 122 0
245 217 421 232 0
245 241 232 421 0
245 124 122 1759 0
245 126 124 1759 0
245 1759 129 126 0
658 793 584 1768 0
100 92 107 94 0
107 114 121 112 0
120 118 1759 121 0
120 129 121 1759 0
120 128 129 1759 0
284 832 403 396 0
284 396 287 832 0
101 110 105 87 0
98 102 114 97 0
107 112 121 120 0
96 105 87 101 0
92 87 89 97 0
92 110 101 87 0
96 87 105 82 0
108 107 110 101 0
90 105 85 93 0
82 93 86 76 0
90 104 85 105 0
75 79 80 86 0
74 61 76 75 0
75 86 77 79 0
80 79 72 81 0
65 61 72 69 0
80 81 86 79 0
84 75 74 86 0
98 95 99 102 0
61 65 58 44 0
84 74 82 76 0
75 58 79 77 0
83 76 85 82 0
76 75 61 80 0
76 80 61 78 0
82 85 105 93 0
84 76 86 74 0
88 82 96 84 0
83 85 87 82 0
83 89 87 85 0
100 121 107 98 0
100 98 107 92 0
96 105 103 93 0
88 82 87 96 0
843 775 839 836 0
382 317 368 1768 0
382 1768 368 451 0
660 793 591 584 0
300 1770 414 398 0
740 825 1771 749 0
254 352 1770 272 0
230 272 1770 298 0
455 240 420 505 0
479 443 473 490 0
504 579 584 498 0
757 723 614 621 0
307 215 304 212 0
1771 191 204 210 0
793 662 660 595 0
823 850 848 817 0
251 341 308 325 0
474 563 491 480 0
335 348 384 336 0
420 1768 194 213 0
399 317 326 382 0
384 326 336 399 0
499 1768 420 335 0
443 399 384 406 0
443 406 473 399 0
499 317 382 1768 0
259 218 226 234 0
504 584 1768 498 0
154 141 131 135 0
420 1768 213 243 0
288 213 420 264 0
288 420 213 335 0
522 531 595 597 0
843 870 836 839 0
526 415 506 502 0
667 779 775 662 0
732 1771 624 740 0
810 717 808 722 0
793 845 829 830 0
793 515 504 599 0
677 667 674 789 0
830 845 829 884 0
644 829 1768 754 0
644 1768 653 572 0
871 843 775 789 0
871 775 793 789 0
436 332 413 351 0
645 580 652 571 0
638 1770 1771 566 0
492 572 579 498 0
839 775 779 836 0
1771 262 300 229 0
865 864 1770 827 0
1768 1780 1781 1122 0
1768 1004 1780 1122 0
1768 883 1780 1004 0
1768 883 884 1780 0
826 883 884 1768 0
644 579 572 653 0
826 829 1768 884 0
884 1768 845 829 0
572 653 579 1768 0
584 579 653 1768 0
498 1768 579 584 0
436 368 351 1768 0
833 845 830 884 0
490 522 473 564 0
490 515 451 522 0
662 793 660 775 0
451 1768 368 436 0
884 1780 845 1768 0
845 1768 846 505 0
846 1770 1768 1782 0
846 1770 735 1768 0
858 918 925 857 0
505 793 1768 420 0
298 369 272 352 0
298 352 1770 369 0
264 213 225 239 0
264 239 225 237 0
1768 185 194 207 0
207 185 231 1768 0
185 231 1768 201 0
569 320 325 329 0
398 1770 414 481 0
639 1004 706 754 0
849 956 952 854 0
632 736 706 639 0
1771 247 198 235 0
1771 198 247 204 0
1771 204 247 210 0
1771 1769 229 1768 0
1771 262 210 247 0
333 352 254 272 0
492 572 498 1768 0
498 579 1768 572 0
436 492 498 1768 0
436 492 1768 413 0
436 351 413 1768 0
413 351 332 1768 0
332 351 253 1768 0
253 351 271 1768 0
271 297 1768 351 0
351 297 1768 368 0
368 297 1768 317 0
317 1768 257 297 0
257 297 1768 243 0
231 243 1768 297 0
231 1768 243 207 0
207 1768 243 213 0
335 336 292 348 0
259 234 237 225 0
194 213 1768 207 0
231 297 1768 271 0
253 271 231 1768 0
658 653 584 579 0
436 1768 498 504 0
142 156 151 148 0
515 436 451 504 0
230 505 208 244 0
515 504 591 584 0
490 522 564 793 0
616 595 597 677 0
595 662 597 667 0
490 451 515 599 0
522 451 473 515 0
677 667 789 662 0
499 443 490 473 0
599 1768 793 420 0
871 833 769 775 0
793 767 764 1768 0
793 767 829 764 0
871 775 843 836 0
871 870 867 836 0
846 1768 1780 1782 0
871 927 845 885 0
871 833 836 867 0
871 885 833 867 0
871 927 885 867 0
871 924 927 867 0
871 870 917 924 0
871 867 870 924 0
871 885 845 833 0
789 779 775 667 0
789 775 662 667 0
843 839 840 870 0
616 603 597 531 0
564 539 616 531 0
490 522 793 515 0
789 793 662 775 0
793 830 767 833 0
793 767 769 833 0
793 830 833 845 0
793 660 767 658 0
793 769 767 660 0
871 845 793 833 0
564 793 522 616 0
616 522 595 793 0
793 660 591 595 0
793 584 1768 504 0
793 504 1768 599 0
490 473 451 499 0
677 793 662 789 0
793 515 595 591 0
420 225 213 194 0
793 595 515 522 0
616 539 603 531 0
677 667 662 595 0
677 667 595 597 0
677 595 662 793 0
616 597 603 677 0
564 531 522 473 0
616 531 595 522 0
411 473 443 406 0
616 531 597 595 0
335 326 317 257 0
677 597 674 667 0
677 674 597 603 0
490 793 599 515 0
564 531 616 522 0
616 793 595 677 0
499 399 326 384 0
499 599 451 490 0
499 399 443 473 0
420 599 1768 499 0
499 384 443 399 0
490 451 473 522 0
479 473 443 411 0
479 473 564 490 0
479 539 564 473 0
411 406 384 348 0
499 1768 382 599 0
288 213 264 239 0
499 382 399 451 0
335 269 336 263 0
499 451 599 382 0
499 473 451 399 0
188 183 206 212 0
335 326 336 384 0
335 336 326 263 0
499 317 326 399 0
499 382 317 399 0
335 292 269 288 0
599 451 1768 382 0
599 436 1768 451 0
599 451 515 436 0
599 436 515 504 0
599 504 1768 436 0
652 580 657 583 0
412 385 442 407 0
264 225 213 420 0
335 263 326 257 0
335 317 326 499 0
335 384 499 326 0
288 239 269 213 0
335 1768 257 317 0
264 237 255 239 0
420 257 335 1768 0
238 226 234 259 0
288 263 213 269 0
335 257 213 263 0
335 269 292 336 0
420 257 213 335 0
264 239 255 288 0
288 255 269 239 0
420 1768 189 194 0
175 152 159 172 0
571 580 652 1770 0
259 225 237 264 0
244 240 505 214 0
349 385 337 334 0
1771 398 262 361 0
270 327 258 455 0
270 240 455 258 0
238 259 265 226 0
230 505 1768 208 0
252 215 304 307 0
298 735 369 1770 0
218 194 420 189 0
182 172 227 325 0
400 442 455 385 0
503 583 580 497 0
864 1782 1770 844 0
450 514 437 735 0
532 617 521 563 0
369 383 450 735 0
834 735 857 844 0
503 514 735 437 0
500 455 735 383 0
463 500 735 450 0
200 214 208 1768 0
788 666 781 673 0
463 563 521 735 0
400 450 463 383 0
735 1770 846 844 0
230 254 202 1770 0
412 474 407 442 0
244 735 455 298 0
412 442 480 474 0
327 385 334 337 0
859 841 858 838 0
846 735 505 1768 0
846 1768 845 1780 0
230 505 244 1770 0
474 532 563 538 0
482 1768 397 1769 0
244 1770 505 735 0
240 265 238 256 0
206 224 197 215 0
327 455 334 385 0
864 932 1782 844 0
583 590 735 514 0
661 590 735 583 0
244 298 455 258 0
864 929 932 844 0
838 778 841 842 0
862 838 861 858 0
838 858 842 841 0
844 831 735 1770 0
844 828 831 1770 0
503 1770 497 437 0
594 678 735 617 0
663 788 678 666 0
598 666 678 673 0
298 735 455 369 0
594 666 678 598 0
661 735 770 768 0
770 834 857 776 0
788 678 666 673 0
834 844 831 735 0
594 532 598 617 0
788 778 842 781 0
594 617 521 532 0
474 521 563 532 0
521 735 563 617 0
652 583 1770 580 0
463 521 450 735 0
463 735 491 563 0
726 640 620 1771 0
864 933 1782 932 0
604 617 532 538 0
776 838 835 842 0
604 532 617 598 0
503 514 583 735 0
604 678 598 617 0
538 617 532 563 0
230 298 1770 244 0
864 863 834 831 0
864 863 844 834 0
594 617 598 678 0
594 617 735 521 0
858 925 918 921 0
768 831 834 770 0
663 666 678 594 0
776 788 857 735 0
776 838 778 835 0
514 735 521 594 0
768 1770 735 831 0
859 921 858 919 0
776 778 788 666 0
834 857 863 844 0
858 919 921 918 0
841 778 781 842 0
663 776 661 735 0
663 735 788 776 0
859 838 858 861 0
827 828 756 763 0
768 831 763 828 0
474 442 491 463 0
770 857 834 735 0
503 1770 735 583 0
863 857 926 844 0
776 842 835 857 0
768 834 735 770 0
768 735 834 831 0
835 861 862 838 0
663 678 735 594 0
740 823 825 749 0
497 583 580 1770 0
369 352 1770 437 0
865 935 1782 933 0
652 1770 583 657 0
864 926 929 844 0
864 844 863 926 0
864 929 926 863 0
776 834 857 835 0
862 863 834 857 0
862 925 857 858 0
862 926 857 925 0
862 857 926 863 0
862 925 858 921 0
862 921 861 925 0
862 921 858 861 0
835 834 857 862 0
835 858 857 842 0
835 857 858 862 0
835 842 838 858 0
835 858 838 862 0
663 594 735 661 0
594 532 521 598 0
663 666 776 788 0
768 1770 828 763 0
200 189 1768 195 0
768 828 1770 831 0
450 437 514 503 0
400 407 385 337 0
463 514 450 521 0
652 768 657 763 0
652 763 1770 768 0
514 590 735 594 0
352 414 1770 437 0
661 735 776 770 0
652 768 1770 657 0
657 1770 735 768 0
657 768 735 661 0
657 583 661 735 0
661 590 594 735 0
657 735 1770 583 0
474 563 521 463 0
657 583 590 661 0
657 768 661 770 0
503 514 590 583 0
202 1770 254 229 0
188 206 215 212 0
865 1782 866 1770 0
865 1782 1770 864 0
618 615 511 610 0
724 640 618 615 0
369 383 735 455 0
270 455 334 327 0
244 455 735 505 0
200 208 195 1768 0
400 450 500 463 0
349 407 385 412 0
349 385 407 337 0
293 256 289 270 0
293 270 289 334 0
270 289 455 240 0
337 334 270 293 0
230 1770 1768 505 0
400 383 500 450 0
400 442 463 500 0
400 383 455 500 0
400 385 455 327 0
400 500 455 442 0
270 455 289 334 0
400 474 442 407 0
400 463 442 474 0
318 455 327 400 0
571 580 1770 497 0
318 455 400 383 0
318 327 383 400 0
208 505 1768 214 0
270 334 337 327 0
244 735 298 1770 0
240 289 455 420 0
240 265 420 226 0
240 289 420 265 0
244 505 258 455 0
226 259 265 420 0
164 181 188 163 0
200 189 420 1768 0
161 189 178 1768 0
200 1768 505 214 0
240 265 226 238 0
240 270 289 256 0
240 265 256 289 0
244 214 505 208 0
258 327 318 455 0
200 240 420 226 0
200 420 240 505 0
200 505 240 214 0
258 240 455 505 0
258 298 455 318 0
130 135 131 133 0
587 1769 325 578 0
866 938 1783 935 0
318 369 455 383 0
300 1770 254 333 0
457 1771 449 340 0
318 369 298 455 0
850 938 856 848 0
850 938 848 943 0
221 212 304 252 0
458 551 535 448 0
534 631 1771 550 0
300 229 254 1770 0
1820 1800 552 496 0
758 817 1771 732 0
340 247 361 262 0
865 933 1782 864 0
324 307 319 252 0
235 198 204 247 0
169 163 164 146 0
639 1768 1004 754 0
150 139 144 158 0
206 215 197 188 0
206 188 197 181 0
324 198 204 180 0
849 855 854 802 0
849 804 810 802 0
849 806 802 810 0
419 307 319 434 0
320 433 308 418 0
810 808 717 804 0
860 722 640 724 0
620 624 1771 519 0
860 948 943 850 0
810 806 715 719 0
758 817 856 823 0
810 719 715 724 0
525 640 511 618 0
827 828 864 1770 0
340 235 330 247 0
182 187 165 172 0
758 640 860 726 0
849 952 852 854 0
251 223 320 216 0
525 416 501 507 0
180 204 191 210 0
165 182 162 187 0
342 252 307 324 0
176 198 173 324 0
160 176 173 153 0
324 235 198 224 0
758 812 726 860 0
186 1768 208 230 0
158 154 141 227 0
180 176 167 160 0
324 198 1771 204 0
180 191 495 167 0
526 509 415 502 0
1771 398 300 262 0
202 1770 229 1768 0
1771 398 1770 300 0
1771 229 1770 1768 0
178 189 195 1768 0
865 827 1770 825 0
154 135 130 133 0
178 195 186 1768 0
174 191 167 495 0
849 958 956 854 0
329 236 223 325 0
174 167 191 180 0
856 848 866 1771 0
1771 210 262 229 0
177 189 161 1768 0
324 319 1771 224 0
1771 191 495 180 0
725 611 608 619 0
1771 330 340 235 0
173 169 146 153 0
251 303 308 341 0
143 157 134 132 0
823 856 848 850 0
251 320 325 308 0
227 175 159 1769 0
526 430 445 415 0
333 414 1770 352 0
526 433 569 512 0
526 415 418 506 0
132 130 134 131 0
1771 235 340 247 0
168 162 143 145 0
866 1780 1781 1768 0
145 157 134 143 0
168 143 162 149 0
303 211 216 308 0
170 162 182 184 0
1771 1769 191 202 0
168 157 143 149 0
1771 191 229 202 0
147 227 152 159 0
251 320 223 325 0
227 142 140 137 0
201 1768 228 253 0
482 1769 567 1768 0
1771 229 191 210 0
457 550 1771 566 0
341 315 251 303 0
184 182 187 162 0
520 569 535 439 0
227 147 155 159 0
341 315 303 445 0
300 414 1770 333 0
569 329 325 587 0
251 216 325 223 0
810 802 715 806 0
526 502 506 619 0
172 196 187 165 0
526 502 619 509 0
416 304 444 431 0
177 194 1768 185 0
185 1769 177 166 0
177 1768 194 189 0
251 308 216 320 0
525 508 416 431 0
201 231 1768 253 0
1771 229 300 1770 0
179 203 199 175 0
324 180 204 495 0
482 1769 397 458 0
449 340 1771 330 0
166 147 159 155 0
732 817 1771 740 0
758 812 732 726 0
1771 1769 202 229 0
299 332 1768 413 0
299 228 1768 253 0
299 253 1768 332 0
482 567 1769 458 0
550 566 631 638 0
458 1769 535 551 0
1827 1789 1828 485 0
324 235 1771 198 0
827 1770 756 828 0
458 535 1769 448 0
339 248 261 360 0
645 652 1770 571 0
851 850 812 817 0
638 1770 566 571 0
756 1770 763 828 0
415 303 445 418 0
757 614 723 725 0
320 445 308 433 0
639 754 644 1768 0
587 329 236 1769 0
415 303 418 308 0
587 325 1769 236 0
566 1770 1771 481 0
341 445 303 308 0
397 1768 413 299 0
825 756 827 1770 0
506 611 502 608 0
458 1769 551 567 0
639 898 706 1122 0
506 619 502 611 0
810 722 724 717 0
645 763 756 652 0
639 1004 1768 1122 0
493 497 1770 437 0
632 736 733 625 0
493 414 437 1770 0
724 715 607 719 0
851 812 852 808 0
227 151 155 142 0
569 512 433 520 0
757 725 619 614 0
725 614 723 611 0
639 754 706 644 0
639 1768 572 567 0
717 610 715 607 0
620 1771 615 519 0
849 802 853 855 0
448 587 1769 439 0
849 853 958 855 0
482 1768 572 492 0
457 361 340 449 0
645 1770 652 756 0
638 1770 756 749 0
740 817 1771 823 0
448 587 569 535 0
448 569 587 439 0
448 535 569 439 0
448 339 329 439 0
325 1769 199 175 0
179 199 1769 175 0
179 1769 199 203 0
248 199 1769 203 0
236 199 1769 248 0
339 1769 248 236 0
339 236 329 1769 0
439 329 1769 339 0
448 1769 339 439 0
457 449 534 550 0
339 261 1769 360 0
360 261 1769 397 0
397 261 1769 299 0
299 1769 228 261 0
261 1769 228 209 0
190 1769 209 228 0
201 1769 190 228 0
201 1768 1769 228 0
299 1768 228 1769 0
397 1769 1768 299 0
1769 567 1768 639 0
632 567 1769 639 0
632 551 1769 567 0
632 535 1769 551 0
632 625 1769 535 0
535 1769 587 625 0
1769 757 587 625 0
1769 757 625 733 0
757 625 733 621 0
632 1769 625 733 0
632 1769 736 639 0
639 1769 736 898 0
837 821 818 736 0
526 433 418 569 0
578 587 1769 837 0
587 439 569 329 0
458 1769 397 360 0
458 1769 339 448 0
202 229 1769 1768 0
493 1770 481 414 0
202 1769 186 1768 0
1769 186 1768 178 0
156 178 186 1769 0
161 1769 178 156 0
151 156 1769 161 0
151 161 1769 155 0
177 1769 161 155 0
227 1769 166 155 0
325 175 227 1769 0
179 159 175 1769 0
179 1769 166 159 0
185 179 1769 166 0
185 179 190 1769 0
190 203 1769 179 0
190 1769 203 209 0
248 209 203 1769 0
248 209 1769 261 0
339 1769 261 248 0
185 1769 190 201 0
185 1768 1769 201 0
185 1768 177 1769 0
177 1768 161 1769 0
1769 178 1768 161 0
156 1769 186 174 0
174 191 1769 186 0
202 191 186 1769 0
1769 1768 1781 1122 0
639 1768 1769 1122 0
639 898 1122 1769 0
1769 898 1122 1781 0
445 303 430 315 0
837 733 736 818 0
448 1769 587 535 0
534 624 1771 631 0
638 1771 749 740 0
638 740 631 1771 0
638 740 749 631 0
434 1771 330 438 0
434 438 519 1771 0
342 324 307 444 0
722 640 615 620 0
534 438 449 1771 0
534 1771 519 438 0
534 1771 624 519 0
525 416 508 501 0
444 419 640 434 0
860 943 856 850 0
525 419 434 640 0
416 304 307 419 0
419 511 507 434 0
444 307 342 304 0
810 717 724 715 0
860 726 640 722 0
722 620 615 726 0
726 624 732 620 0
610 501 607 507 0
525 419 444 416 0
849 802 854 804 0
810 715 802 717 0
860 850 812 851 0
856 848 1783 866 0
854 952 852 956 0
860 808 812 722 0
854 804 852 808 0
849 855 958 854 0
851 852 948 952 0
849 952 860 852 0
726 732 1771 620 0
722 808 812 726 0
722 808 804 717 0
724 615 722 640 0
758 856 817 860 0
227 159 155 166 0
251 315 222 303 0
444 307 304 419 0
856 938 1783 848 0
866 825 865 1770 0
866 935 865 938 0
866 865 848 938 0
866 1783 938 848 0
866 1783 1782 935 0
866 935 1782 865 0
866 1771 823 825 0
866 865 825 823 0
866 848 823 1771 0
866 848 865 823 0
724 607 610 618 0
444 434 307 419 0
866 1770 1782 1768 0
849 950 956 958 0
724 717 722 610 0
849 853 802 806 0
860 850 856 817 0
525 434 511 640 0
444 419 525 640 0
324 224 252 319 0
849 950 958 954 0
618 501 612 607 0
618 607 610 501 0
758 659 640 1771 0
618 501 610 507 0
640 434 511 1771 0
618 501 508 612 0
724 615 610 722 0
758 1771 817 823 0
324 176 198 180 0
206 197 324 181 0
758 1771 823 856 0
758 1771 640 726 0
444 419 304 416 0
724 610 607 715 0
325 199 223 196 0
758 817 732 812 0
849 852 860 808 0
860 812 852 851 0
618 507 610 511 0
724 719 607 612 0
724 612 607 618 0
849 808 854 852 0
856 1771 866 758 0
724 715 717 610 0
221 206 193 212 0
252 206 215 324 0
525 444 431 416 0
325 236 223 199 0
578 191 1769 174 0
578 174 156 167 0
866 1770 1768 1771 0
866 1768 1769 1771 0
578 1771 495 659 0
936 880 813 881 0
619 512 611 506 0
569 625 757 621 0
837 818 821 898 0
837 898 881 818 0
837 898 944 881 0
837 940 923 944 0
837 898 940 944 0
837 936 944 923 0
837 1769 736 632 0
205 187 196 216 0
936 944 881 837 0
154 134 157 132 0
757 936 809 813 0
837 1781 1769 866 0
936 818 881 813 0
936 881 818 837 0
936 837 818 757 0
725 718 611 723 0
526 418 433 506 0
578 1771 866 1769 0
837 1781 923 1023 0
837 1023 898 1781 0
837 923 940 1023 0
837 1023 940 898 0
837 821 736 898 0
837 1769 898 736 0
578 1769 191 1771 0
569 439 520 433 0
569 614 619 512 0
569 614 512 520 0
619 614 611 512 0
619 614 725 611 0
578 866 837 1769 0
569 329 439 433 0
526 512 506 433 0
526 445 569 418 0
526 512 619 506 0
569 445 433 418 0
569 320 329 433 0
569 308 320 445 0
569 445 341 308 0
578 1771 191 495 0
168 165 162 145 0
227 1769 159 166 0
578 174 1769 156 0
205 223 325 216 0
205 196 187 182 0
578 156 1769 151 0
171 181 163 183 0
659 1771 495 324 0
187 216 205 211 0
445 415 418 526 0
138 143 157 149 0
205 222 211 251 0
154 134 132 130 0
227 155 147 142 0
324 204 1771 495 0
316 431 444 304 0
251 308 303 216 0
325 1769 236 199 0
205 223 196 325 0
325 320 569 308 0
187 205 184 211 0
325 308 569 341 0
325 172 175 199 0
325 172 227 175 0
169 144 146 158 0
138 132 157 143 0
182 196 187 172 0
182 172 325 196 0
205 192 211 222 0
168 182 170 162 0
227 137 140 154 0
227 140 157 154 0
168 162 165 182 0
251 222 211 303 0
227 151 142 156 0
444 307 319 324 0
324 215 224 206 0
154 134 140 157 0
251 325 216 205 0
184 182 205 187 0
172 152 168 227 0
172 168 145 165 0
227 141 142 137 0
154 131 130 135 0
227 141 148 142 0
181 197 324 173 0
169 163 146 144 0
227 156 578 151 0
157 134 140 152 0
157 152 145 134 0
158 144 133 139 0
157 145 168 143 0
227 495 167 180 0
154 132 157 138 0
154 136 132 138 0
181 164 188 173 0
252 215 319 224 0
324 197 224 198 0
227 167 495 578 0
324 224 197 206 0
227 156 167 578 0
148 227 153 141 0
227 160 156 148 0
227 160 167 156 0
227 324 173 181 0
227 173 324 176 0
227 176 153 173 0
227 153 176 160 0
173 146 169 164 0
227 160 180 167 0
158 144 146 135 0
227 160 176 180 0
227 180 176 324 0
227 495 180 324 0
252 215 212 304 0
150 144 163 169 0
150 158 144 169 0
169 163 181 164 0
158 141 135 153 0
158 135 141 154 0
158 133 144 135 0
139 133 154 136 0
158 135 154 133 0
158 133 154 139 0
171 183 193 181 0
171 163 181 169 0
171 169 150 163 0
252 224 324 215 0
252 212 215 206 0
324 224 1771 235 0
444 434 640 1771 0
252 319 215 307 0
221 212 252 206 0
525 507 434 419 0
342 444 304 316 0
525 507 618 511 0
316 304 252 221 0
342 304 307 252 0
444 1771 324 319 0
444 324 1771 659 0
525 419 416 507 0
342 252 316 304 0
444 1771 319 434 0
1817 650 901 1765 0
1817 907 650 642 0
1817 650 380 468 0
1805 1803 1208 1171 0
1686 1680 1688 1687 0
489 695 466 527 0
184 205 192 211 0
184 205 182 192 0
475 277 280 345 0
475 280 277 459 0
475 459 277 462 0
1058 1114 1779 1014 0
1058 1114 886 1779 0
1058 886 1114 1013 0
301 277 345 246 0
600 1764 585 396 0
1788 1789 1827 1825 0
1832 1378 1110 1291 0
1832 1777 1110 1378 0
1832 907 1110 901 0
1832 1421 1378 1318 0
1378 1832 1777 1421 0
1832 1378 1291 1318 0
1832 907 1777 1120 0
1832 1777 1421 1120 0
1832 1120 1421 1318 0
1779 1293 1270 1080 0
1779 1293 1302 1270 0
1779 1293 1306 1302 0
1575 1566 1553 1545 0
1575 1553 1566 1576 0
760 744 800 816 0
744 689 800 1767 0
744 689 1767 647 0
1079 1312 1292 1269 0
1079 1302 1292 1312 0
1079 1065 1292 904 0
1079 1292 1302 904 0
1269 1292 1079 1065 0
1269 1292 1065 1233 0
1552 1780 1179 1543 0
1552 1179 1780 1785 0
65 71 66 70 0
65 71 58 45 0
65 66 71 45 0
1820 1800 1819 1822 0
1788 1825 1827 1826 0
1828 1788 1827 1826 0
637 588 711 483 0
1789 1767 689 552 0
1789 485 1767 552 0
469 471 429 1767 0
1789 552 689 496 0
1789 485 552 496 0
689 1825 1767 1789 0
469 1767 429 427 0
1287 1815 1786 1779 0
1792 1813 1071 1779 0
1792 1071 1123 1779 0
1329 1289 1330 1779 0
1794 1779 1273 1208 0
1794 1071 1779 1208 0
1071 1779 1813 1794 0
1813 1273 1794 1779 0
55 65 61 44 0
55 61 69 44 0
70 65 71 72 0
73 72 71 79 0
637 496 552 1791 0
1701 1715 1698 1707 0
1701 1715 1694 1698 0
1701 1694 1715 1714 0
1808 1232 1298 1275 0
1298 1332 1330 1779 0
1298 1332 1779 1335 0
72 80 61 79 0
72 69 61 80 0
72 61 65 58 0
72 61 58 79 0
1787 528 1829 1830 0
1790 637 552 1791 0
637 1789 496 1791 0
471 485 1825 1827 0
1825 1789 1827 485 0
1789 637 689 1825 0
1787 588 483 528 0
1787 483 588 637 0
1789 637 496 689 0
1788 1787 588 637 0
469 1801 471 1831 0
637 1788 1825 1789 0
1802 469 1831 483 0
1831 469 1801 483 0
1791 1788 637 1789 0
1767 465 694 680 0
1767 465 680 488 0
1767 465 456 452 0
1767 465 453 694 0
1607 1389 1590 1601 0
681 904 466 695 0
681 466 456 446 0
681 456 466 904 0
681 489 466 446 0
1794 1813 1071 1792 0
1792 1071 1794 1123 0
1793 1172 1232 1275 0
1172 1123 1793 1792 0
1793 1172 1275 1123 0
1794 1071 1263 1123 0
172 182 168 165 0
172 227 168 182 0
1795 1232 1048 1298 0
1795 1048 1232 1236 0
1795 1281 1048 1236 0
1335 1526 1537 1337 0
1792 1799 1798 1797 0
1796 1792 1798 1797 0
1792 1793 1799 1797 0
1814 1815 1287 1779 0
1812 1815 1786 1835 0
1123 1815 1816 1812 0
1799 1797 1793 1232 0
1797 1275 1793 1232 0
1123 1796 1815 1812 0
1796 1797 1123 1792 0
1797 1793 1123 1792 0
1797 1123 1793 1275 0
1815 1786 1835 1287 0
1812 1786 1815 1816 0
1287 1779 1329 1331 0
1779 1289 1816 1786 0
1779 1816 1289 1275 0
1786 1816 1812 1289 0
1812 1816 1275 1289 0
1813 1779 1287 1273 0
1611 1350 1599 1178 0
1611 1389 1350 1178 0
1586 1590 1576 1595 0
1586 1590 1389 1576 0
1586 1389 1590 1607 0
173 169 227 181 0
173 227 169 153 0
173 164 169 181 0
496 1767 1823 485 0
1823 1767 470 485 0
1824 589 1822 484 0
1822 1818 589 1819 0
1335 1526 1332 1537 0
1335 1516 1526 1337 0
183 206 181 188 0
183 181 206 193 0
183 206 212 193 0
1574 1565 1554 1577 0
1574 1546 1554 1565 0
1574 1577 1554 1571 0
1831 637 1802 483 0
1827 1788 1828 1789 0
1802 483 637 711 0
1802 1767 483 711 0
1802 794 637 689 0
1802 1767 794 689 0
1802 794 1767 787 0
1802 637 794 787 0
1802 711 637 787 0
1802 1767 711 787 0
1802 689 637 1825 0
1802 1767 689 1825 0
1825 1788 1802 1767 0
1802 637 1788 1825 0
934 879 937 883 0
218 225 259 420 0
218 420 259 226 0
1694 1687 1688 1701 0
1694 1688 1693 1714 0
1694 1701 1688 1714 0
1694 1693 1688 1689 0
1804 1171 1274 1231 0
1263 1803 1208 1806 0
1807 1263 1208 1806 0
1810 1171 1288 1274 0
1288 1164 1779 1297 0
1809 1779 1263 1273 0
1809 1288 1779 1273 0
1288 1208 1779 1164 0
1171 1208 1810 1288 0
1288 1779 1333 1297 0
1288 1208 1164 1171 0
1288 1779 1331 1333 0
1288 1779 1273 1287 0
1288 1779 1287 1331 0
1305 1332 1298 1335 0
1431 1406 1367 1450 0
1809 1208 1288 1810 0
1263 1779 1208 1273 0
1779 1288 1809 1208 0
1263 1779 1809 1208 0
1263 1071 1208 1123 0
1263 1273 1208 1794 0
1263 1208 1071 1794 0
1810 1208 1171 1805 0
1208 1263 1807 1810 0
1208 1809 1263 1810 0
1810 1805 1807 1806 0
1810 1208 1805 1806 0
1810 1807 1208 1806 0
1171 1805 1274 1810 0
1810 1274 1807 1805 0
1811 1123 1208 1172 0
1811 1792 1123 1172 0
1811 1792 1794 1123 0
1720 1714 1715 1719 0
1720 1719 1715 1726 0
457 566 1771 481 0
457 534 1771 550 0
457 361 1771 340 0
457 398 1771 361 0
457 1771 398 481 0
1298 1048 1281 1236 0
1298 1281 1305 1236 0
1298 1281 1048 1795 0
1298 1281 1795 1808 0
1834 1835 1812 1786 0
1813 1273 1798 1792 0
1779 1792 1813 1814 0
1813 1798 1814 1792 0
1814 1798 1796 1792 0
1796 1816 1815 1814 0
1779 1816 1123 1814 0
1123 1816 1796 1814 0
1786 1815 1816 1779 0
1815 1814 1816 1779 0
1796 1815 1816 1123 0
1814 1123 1779 1792 0
1814 1796 1123 1792 0
1123 1812 1816 1275 0
1275 1816 1123 1779 0
1612 1607 1389 1600 0
146 153 169 158 0
423 421 232 241 0
423 232 421 219 0
589 1824 1822 1800 0
589 1800 1822 1819 0
470 461 1767 596 0
470 426 1767 461 0
470 1767 552 596 0
1824 484 470 596 0
1824 589 484 596 0
470 552 1824 596 0
1824 552 589 596 0
470 428 1767 426 0
1818 589 529 484 0
1587 1591 1577 1350 0
1587 1606 1591 1350 0
1587 1577 1591 1596 0
153 227 148 160 0
153 227 158 141 0
153 227 169 158 0
1120 910 1777 1125 0
1120 910 907 1777 0
1817 441 338 642 0
1817 650 1765 380 0
1817 1765 907 642 0
907 1765 1817 901 0
1817 380 338 441 0
1817 380 441 468 0
1817 338 1765 642 0
1817 338 380 1765 0
1614 1607 1590 1601 0
477 524 453 465 0
1306 1779 1305 1293 0
1337 1779 1332 1335 0
1337 1329 1779 1306 0
1337 1332 1779 1329 0
1337 1305 1779 1335 0
145 168 172 152 0
145 168 152 157 0
1800 1822 1820 1821 0
1800 1824 1822 1821 0
1820 1821 552 1800 0
702 647 744 1767 0
702 886 647 1767 0
702 745 647 886 0
152 227 157 168 0
152 157 227 140 0
1611 1350 1606 1599 0
1606 1591 1350 1602 0
1606 1602 1350 1618 0
596 689 552 637 0
470 552 1823 1824 0
1823 1821 552 496 0
496 552 1767 485 0
1822 589 1818 484 0
1823 1767 496 552 0
1823 470 1767 552 0
1824 589 552 1800 0
552 1821 1823 1824 0
1824 552 1821 1800 0
1787 1829 1831 1828 0
1787 1831 1788 1828 0
1826 1767 1788 1825 0
1788 1828 1831 1826 0
471 1767 1831 1826 0
1767 1788 1831 1826 0
637 1829 483 1831 0
1829 1787 637 483 0
1831 637 1787 1788 0
1829 637 1787 1831 0
1831 637 1788 1802 0
1829 1828 1787 1830 0
1829 1787 483 528 0
1826 1827 471 1825 0
471 1767 428 429 0
1826 1767 1825 471 0
1825 471 1767 485 0
1825 1767 1789 485 0
1831 469 1767 471 0
1831 1802 1788 1767 0
1831 469 1802 1767 0
1802 469 483 1767 0
471 470 1767 485 0
471 428 1767 470 0
1458 1413 1482 1512 0
699 728 669 648 0
218 420 194 225 0
218 420 226 200 0
218 189 420 200 0
460 425 423 1767 0
460 427 425 1767 0
328 353 309 391 0
1785 1499 1531 1179 0
1785 1499 1179 1532 0
1785 1531 1499 1539 0
1110 907 1832 1120 0
914 910 797 634 0
914 910 963 909 0
914 910 1125 963 0
914 907 910 642 0
914 797 910 909 0
914 910 634 642 0
421 1767 425 429 0
421 1767 429 452 0
421 1767 423 425 0
421 1767 453 423 0
476 347 322 494 0
1061 1113 1091 1031 0
26 1833 31 20 0
26 1833 41 31 0
26 1833 37 54 0
26 41 1833 54 0
460 477 528 711 0
460 477 711 524 0
460 453 477 524 0
1834 1812 1275 1289 0
1834 1812 1289 1786 0
1329 1786 1289 1779 0
1329 1786 1779 1287 0
1797 1123 1812 1796 0
1797 1275 1812 1123 0
1164 1071 1123 1208 0
1733 1722 1836 1705 0
1733 1705 1836 1718 0
1733 1836 1739 1728 0
1733 1836 1728 1718 0
1613 1591 1606 1602 0
1283 1479 1482 1413 0
1283 1299 1482 1479 0
1283 1296 1482 1299 0
1014 961 1071 1779 0
1014 1071 1114 1779 0
End