v 0.048714611009817291 0.97357500050343315 0.093429235439222186
v 0.089254059544747341 0.97753501252383856 0.073292941080145182
v 0.046605909501143634 1.0469099748307693 0.084822655892260776
v 0.081489706687951052 1.0501100142106734 0.076304368780058127
v 0.51752885023858419 0.84468219261364608 0.1562570464330619
v 0.50410987683023456 0.83433518460970113 0.16423204362616464
v 0.54535383917519453 0.81083718739081956 0.17022503655247678
v 0.54680187394638824 0.79490719130284504 0.18095403827852757
v 0.52840186630774844 0.80229434501021391 0.10521504117512916
v 0.54153289141016092 0.81280818637343077 0.097752011623373797
v 0.55187786701086117 0.78460035170383435 0.13724105053135308
v 0.56831384756739389 0.78253332274641119 0.14273804517600441
v -0.51752902343482843 0.84468211863290843 0.15625700039021478
v -0.53428400581991298 0.84106619901494772 0.1317799894219604
v -0.54535401426127572 0.81083709801742843 0.17022499252952494
v -0.56459898282916987 0.79791909937844485 0.16282990240487294
v -0.52840197583979787 0.80229419842421557 0.1052149850704104
v -0.51135898425373205 0.80607611741672724 0.13020400028602513
v -0.55187797960874507 0.78460007931987297 0.1372409987770094
v -0.55051708739169636 0.77952110855755929 0.1608609985861304
v -0.56913698286565995 0.77710306762689552 0.17212989911105714
v -0.54680199036578392 0.7949070985250255 0.18095399577710153
v 0.11323999805741564 0.074154015364189668 0.036504574741738655
v 0.10916790683967217 0.08993072623599023 0.030901440356503728
v 0.079405958871854185 0.079055542260631051 0.04584170538081949
v 0.078937884199812444 0.089637759409882611 0.042617389988882669
v 0.078422481295673113 0.073118888114278496 -0.053827490320114649
v 0.050658344293197009 0.072793025584949753 -0.041023879257170791
v 0.077833774889762231 0.089993084848407012 -0.047518638044567491
v 0.048916514962862971 0.089623242071876191 -0.035366315451855014
v -0.045301990950035849 0.073659277907571832 0.037362250824697872
v -0.048431886780580018 0.089433523609174254 0.03179934479382613
v -0.07940604406544445 0.07905552020160457 0.045841790124662295
v -0.078937898275268106 0.089637723661144586 0.042617477111336267
v -0.10702702362078703 0.090273932788018943 -0.037136836998929459
v -0.077833793373296517 0.089993014451511089 -0.04751853955841201
v -0.10635602890507831 0.073438845694179189 -0.042537078551995122
v -0.07842250539633519 0.073118818589709464 -0.053827390787119213
v -0.12571319019925009 1.2654202645204866 -0.038208290029233156
v -0.13410619503517132 1.282450270406678 -0.038208289627528348
v -0.12222619086411092 1.2674302546485352 -0.065499958007682338
v -0.1303861936432289 1.2839903374049824 -0.06549995760581602
v -0.072580556775113006 1.2122902138294094 -0.038208289959117632
v -0.088365178774340553 1.2228402396628193 -0.038208290426219656
v -0.070567290293957155 1.2157702938018455 -0.065499957854361801
v -0.085914056397806471 1.226030283231861 -0.065499958324707577
v -1.7407244163652158e-07 1.1896602314100062 -0.04922465431216861
v -0.018986623740167154 1.1908102402662841 -0.048992556544307148
v -1.7790018499449657e-07 1.1968702510327285 -0.065499951415855101
v -0.018421153603387593 1.1980802248948108 -0.06549995356889099
v 0.072580163924962762 1.212290213495645 -0.038208282882365309
v 0.055548324226040259 1.2038902485881318 -0.038208283804785054
v 0.070566905436932559 1.215770293562342 -0.065499951027168879
v 0.054007484341292072 1.2076102951488066 -0.06549995163796582
v 0.12571280639209656 1.2654202646528527 -0.038208278825918388
v 0.11515981208142238 1.2496302714548506 -0.038208280434335599
v 0.12222580895840064 1.2674302547818099 -0.065499947100934375
v 0.11196481021991289 1.2520902797391251 -0.065499947958615329
v 0.14516071307610026 1.3380003862660941 -0.038208274621548417
v 0.14391381393432051 1.3190502755650868 -0.038208275608556053
v 0.14113370517938015 1.3380003880203786 -0.065499942982477743
v 0.13992170452703154 1.3195802819811093 -0.065499943945922401
v 0.12571280469178323 1.41058027028787 -0.038208271637195208
v 0.13410580934875141 1.3935502640873483 -0.038208272175995456
v 0.12222580749513527 1.4085702835574769 -0.065499940072574606
v 0.13038581013160952 1.3920103197431843 -0.065499940598662487
v 0.072580158511240556 1.463710318250897 -0.038208271232467492
v 0.088364727595884873 1.4531602926770129 -0.038208271211004771
v 0.070566841463554617 1.4602303612621244 -0.065499939727960685
v 0.085913659135807272 1.4499703719845254 -0.065499939707254526
v -2.3438565523373153e-07 1.4831603930826416 -0.038208273172603641
v 0.018946297267515719 1.4819103640637969 -0.038208272423632159
v -2.3253669714627523e-07 1.4791302850427561 -0.065499941614952178
v 0.018420758719552264 1.4779203103582936 -0.065499940886414768
v -0.072580620845715954 1.4637103182508975 -0.038208277577650107
v -0.055548712810437634 1.4721102843756226 -0.038208276300896932
v -0.070567293961536201 1.4602303612621246 -0.065499945897133011
v -0.054007812340747627 1.4683903590085421 -0.065499944656235889
v -0.12571319174913911 1.4105802702861974 -0.038208282656785914
v -0.11516019721881625 1.4263702610697302 -0.038208281804918726
v -0.12222619218836349 1.4085702835542417 -0.065499950791408579
v -0.11196519335080318 1.4239103783050899 -0.06549995000811179
v -0.14516118842105902 1.3380003862412924 -0.038208287393457267
v -0.14391419980488052 1.3569502585928781 -0.038208286329563648
v -0.14113419319779172 1.3380003879920608 -0.065499955408885965
v -0.13992219248786691 1.3564202556758538 -0.065499954372407077
v -0.14158319868334898 1.2562602123473012 0.085233322278816095
v -0.15103619800152365 1.2754402774124798 0.085233322780507895
v -0.13896419970491744 1.2577702382170488 0.065500006527916821
v -0.14824219976424596 1.2766003046968235 0.065500006955250822
v -0.081743339591601891 1.1964202309885879 0.085233322286847393
v -0.099520665605439373 1.2083002735365258 0.085233321674538259
v -0.080231057328575356 1.1990402140864003 0.065500007011199318
v -0.097679477510937751 1.2107001964629402 0.065500006237974751
v -1.7111978650077051e-07 1.174510274204315 0.085233325172395472
v -0.021338620726352425 1.1759202817775436 0.085233324181620482
v -1.6668461451454974e-07 1.1775402200586205 0.065500012261867385
v -0.020943857402334416 1.1789201845018242 0.065500010663330888
v 0.081743014442589468 1.1964202310579259 0.085233329456376891
v 0.062560983283335939 1.1869602563215826 0.085233328266638902
v 0.08023072595290727 1.1990402140918734 0.06550001398949816
v 0.061403586288035474 1.1897602484691319 0.065500013309221658
v 0.14158270326474706 1.2562602123729794 0.085233334688212328
v 0.12969770219869672 1.2384802612819454 0.085233333601837449
v 0.13896380999124508 1.2577702382550391 0.065500018726754747
v 0.12729781123939024 1.2403202585797215 0.065500017761246199
v 0.16348579869187491 1.3380003782322105 0.085233339703620653
v 0.16208181170019159 1.316660239756591 0.085233338540602138
v 0.16046171309765378 1.3380003795402182 0.065500023428404469
v 0.15908280475092304 1.3170603075746832 0.06550002232977431
v 0.14158270016445032 1.4197403070606143 0.08523334329597769
v 0.15103569898103775 1.4005603606005139 0.085233342641432328
v 0.13896359837117064 1.4182302837960004 0.065500026883948612
v 0.14824180655917368 1.3994003359284799 0.065500026254991697
v 0.081742944188758965 1.4795802907066884 0.085233343757218111
v 0.099520260820479947 1.467700365690304 0.085233344202178735
v 0.080230648553507741 1.4769603093349126 0.06550002732879398
v 0.09767901424183173 1.4653003257031929 0.065500027352651036
v -2.4276846708938426e-07 1.5014903692417401 0.085233341572441584
v 0.021338222541257966 1.5000803613040237 0.08523334241583079
v -2.4141189877859172e-07 1.4984603077798606 0.065500025184137348
v 0.020943402236836359 1.4970803405929307 0.065500026012171877
v -0.08174340986426154 1.4795802907066888 0.085233336610998744
v -0.062561450533225926 1.4890403853899288 0.085233338048908799
v -0.080231127405030342 1.4769603093349131 0.065500020314783206
v -0.061403927469117256 1.4862402787227613 0.065500021725772586
v -0.14158320174941122 1.4197403070643015 0.085233330903105545
v -0.12969819961482962 1.4375202591880356 0.085233332445669358
v -0.13896420265686468 1.4182302837989842 0.065500014718133659
v -0.12729820288575552 1.4356802644997202 0.065500016219386795
v -0.16348619418592011 1.3380003782284613 0.085233325387772507
v -0.16208210273672155 1.3593402783781503 0.085233326641049573
v -0.1604621964794507 1.3380003795342779 0.065500009369916248
v -0.15908319857117884 1.3589403323881122 0.065500010579477297
v 0.039029126980128843 1.4836603545853755 4.3165245252041369e-08
v 0.0577055234394699 1.4773103120738535 4.3579246040043974e-08
v 0.037570055374939508 1.4782103449252406 -0.038208271844013361
v 0.055548317531187608 1.4721102843756222 -0.038208271444688885
v -0.15110519050970081 1.378490306315739 0.038208343805543506
v -0.14452220037968994 1.3978602724043323 0.038208345167375903
v -0.14566020036139701 1.3770303521565421 2.9328827933852989e-08
v -0.1393141982761901 1.3957103346512341 3.0633021636018032e-08
v 0.075398748733821477 1.4686002824856519 4.3800730288734059e-08
v 0.091796336688819494 1.4576302824473972 4.3822377220726461e-08
v -0.13059520117202414 1.4134002836989996 3.1964658433118286e-08
v -0.11963219345817803 1.4298002686239109 3.3362210446588479e-08
v 0.10662970504981575 1.4446302667538016 4.364701782747075e-08
v 0.11963170617965603 1.4298002686226539 4.3840791953860271e-08
v 0.10264370570524463 1.4406403329493611 -0.038208271380178557
v 0.11515980939014682 1.4263702610697295 -0.038208271737306052
v -0.11061619576115746 1.4486203197675713 0.038208349003863065
v -0.095228422247363512 1.462100272217782 0.038208350530642463
v -0.10663019307630964 1.444630266753802 3.4325126582598306e-08
v -0.091796802363571586 1.4576302824473977 3.579726190092561e-08
v 0.13059470663432352 1.4134002836987443 4.3406358952671091e-08
v 0.13931380832412471 1.3957103346528219 4.2844217750256524e-08
v -0.075399206957992973 1.4686002824856523 3.7209138736548177e-08
v -0.057705925784286918 1.477310312073854 3.8534448647143114e-08
v -0.039029525599655564 1.4836603545853755 3.9753191338184168e-08
v -0.019682634628590993 1.4875003254756123 4.0842191271338767e-08
v -0.037570521434705205 1.4782103449252408 -0.03820827512851406
v -0.018946752151410527 1.4819103640637969 -0.038208274079990848
v -0.15079819485158882 1.3380003838072787 2.705890857523167e-08
v -0.14950219635670273 1.3576802940687707 2.815849372867544e-08
v -0.037893575501920483 1.1945602052828015 -0.039958094361049447
v -0.044254871963453471 1.188680208215559 1.9116754158909053e-05
v -0.055548707450232965 1.2038902443252333 -0.038208288813315811
v -0.057705915382007422 1.1986902154306549 2.8172479861130963e-08
v 0.034948421713641986 1.1759102535673953 -0.031405136120785965
v 0.040583634089298916 1.1738502012614203 7.6360785039253338e-05
v 0.036175566588318823 1.1594202551890196 -0.030441088529117699
v 0.041552684797190355 1.1588902535459276 0.000123127495214144
v -0.020741732708619925 1.168730276106869 0.043279207489966907
v -0.020922862177406722 1.1568301885882677 0.043077847455023507
v -1.6135463226319452e-07 1.1678502753463742 0.044202358281548823
v -1.6027130010385973e-07 1.1563502552710021 0.044735100434620374
v -0.019842358372129758 1.1753802388958805 -0.043136940193023901
v -0.020630214011958501 1.158820136243905 -0.042852924798474842
v -0.0349488010883377 1.175910233892554 -0.031405138369758473
v -0.036175879051608524 1.1594202245167471 -0.030441090494748784
v 0.039600032391481257 1.1416201244580511 -0.032720865493882353
v 0.036745623402650078 1.1485101999245804 -0.030238147566431537
v 0.045247331462251315 1.141560170749149 -2.7769082548643246e-05
v 0.042021894584062351 1.1484901788486146 0.00011077517022074574
v -0.022617134086747516 1.1412201742538468 0.04613257600675448
v -1.6051061238023306e-07 1.1411101489927262 0.048144827198605689
v -0.021029853763003311 1.1478801747880043 0.043248909108504041
v -1.6027928092414342e-07 1.1476801456762604 0.045261703970508327
v -0.039600345023071214 1.1416200853709921 -0.032720870114957466
v -0.036746056118205687 1.1485101705164225 -0.030238150910917826
v -0.022630726108289367 1.1415701379977852 -0.046528340847516669
v -0.020992364346714362 1.1481401453091988 -0.04306048553221075
v 0.033408878382333446 0.36911200866426425 0.057146327398792635
v 0.031404489473619568 0.40540501148792318 0.049332818401458076
v 0.043829969352092359 0.36889200513377784 0.01589455577788872
v 0.042147568868024732 0.40498902727736946 0.0032312015712404087
v 0.077278014455458122 0.30228602324387566 -0.0025921633766792284
v 0.045401091549085525 0.3022230178486443 0.010212481159068006
v 0.077199454116602784 0.33875801901568703 0.0048092774997824965
v 0.044781141967556157 0.33871802019374148 0.017826120707222871
v 0.078446735023851424 0.36941903285867916 0.10759906892948734
v 0.077159817911580317 0.40597602615626449 0.10604408886651173
v 0.045084346867314669 0.36933803027258422 0.097260119305478357
v 0.043186776527172489 0.40582603085834185 0.09424438566820309
v 0.12167090258193745 0.33858903817509683 0.052388387398629908
v 0.12108390246131336 0.30220802570159405 0.044126608988388397
v 0.11006490432179958 0.33872401649274486 0.016662180374868808
v 0.10957590900196032 0.30230512677036026 0.0089486526260195969
v -0.078446866579697405 0.36941900977171993 0.10759903273323555
v -0.0450844773903568 0.36933800686911861 0.097260086055854233
v -0.077159949060841462 0.40597600432600262 0.10604403768244992
v -0.043186966082158884 0.40582600900971649 0.094244337501266623
v -0.12179600376445973 0.36912998472748326 0.052594208697086579
v -0.12182611310827945 0.353902007446315 0.054182845530698347
v -0.11138700786243259 0.36935100046135516 0.091573322712323157
v -0.11154210784655619 0.3538329873281405 0.091661723118809366
v 0.12026990546701506 0.56128802503750819 0.0098115990291109435
v 0.10796590909312058 0.56139900349604044 -0.053190284281812487
v 0.12000980759574426 0.59400602577519768 0.0025367850686516574
v 0.10760191339753822 0.59413303698326381 -0.064739938044743608
v 0.030787404138541558 0.60635902486226723 0.07862323159338952
v 0.033406430842781269 0.5938850285808579 0.078538839341938574
v 0.069091492828444581 0.60634704831107589 0.098783142127536125
v 0.070545606465548888 0.59384104392880943 0.098056031998834114
v -0.022801865916141612 0.56129200173403848 0.015443222638369551
v -0.034863279653897843 0.56140101400655451 -0.051783068184303567
v -0.020995783270850558 0.59401101575379556 0.0083529540506055329
v -0.033338164934336674 0.59413600040038406 -0.063286951187842305
v -0.069091669523850902 0.60634703772731602 0.098783096427868936
v -0.10739009690222223 0.60635603869019805 0.071393333392654912
v -0.070545793135691648 0.59384103167513869 0.098055980790296163
v -0.10766299807497691 0.5938810272148588 0.071267502660267656
v 0.10882990484868443 0.48376503458596698 -0.025771362485694088
v 0.12088289967094071 0.48395603959470312 0.027067559450649221
v 0.10970590347891707 0.40500703556082807 0.0020364003586580272
v 0.12150590000418725 0.40543001913355786 0.044572426349720792
v -0.031404615133699125 0.40540499234187705 0.049332764089900637
v -0.0421476901336909 0.40498901250174846 0.0032311379606679942
v -0.027070280085565616 0.48394400742499366 0.032267478641914552
v -0.038479197434978046 0.48375601254491868 -0.024469109154828771
v -0.073547351973728678 0.48369700365845336 -0.043382981802252599
v -0.075750762534921148 0.40485901223033244 -0.012139174511366415
v -0.1094831047860327 0.48414401409284469 0.081206529865430241
v -0.11078100629862879 0.40584591683903248 0.08829852488749268
v -0.074405786804233223 0.48420302243790653 0.10271803614641112
v 0.10692080499465575 0.62271001019433514 0.073647329711141837
v 0.10623990610514308 0.6404000055646355 0.076084307552983399
v 0.065473672123385562 0.62271602495357692 0.10186406233902438
v 0.061802505304220046 0.6404010118021165 0.1050119484745074
v 0.010210102227342234 0.62271601085809036 0.0056906638439516068
v 0.01801162978566705 0.60639000868376447 0.0065756874264428127
v 0.024026096247432235 0.62272102639468385 0.080602922803598764
v 0.024026108109878892 0.62270998419564239 -0.070612645391204251
v 0.065473684995229903 0.62270802474831477 -0.096047075559607342
v 0.0307704965123302 0.60641997982087725 -0.066917743501164403
v 0.069069877390015716 0.60642898632357711 -0.091415421853307463
v -0.1069210855723913 0.62270802457127949 -0.072003778682822275
v -0.10624008624976305 0.64039897943493729 -0.074684074561537778
v -0.065473889949674624 0.62270802040298845 -0.096047100649054487
v -0.061802782344924014 0.64039897489766762 -0.099588571093402703
v -0.10533008652910886 0.65688902064727783 -0.075427345525592646
v -0.12037708920664172 0.65688902113263792 -7.8841613069261999e-06
v -0.10334608563599651 0.68760400897489105 -0.073696673169681093
v -0.11811007862222503 0.68762300575149615 0.00072660395827523752
v 0.10532991736403327 0.65688903090634876 -0.075427312853286063
v 0.060188488473909431 0.65688901801299682 -0.10056698059447795
v 0.1033459184191987 0.68760402188941649 -0.0736966443829528
v 0.059054809853942493 0.6875979904447489 -0.09850434228145355
v -0.081364586218452717 1.1097400947046279 0.056158884363030299
v -0.081490007806666348 1.0501100146543683 0.076304361888207897
v -0.043774044748074489 1.1029600963530315 0.075704074038524805
v -0.046606210691506646 1.046909975055897 0.084822651938068983
v -0.060188701497595143 0.65685498366490114 0.10594001996434084
v -0.10533008545865864 0.65687993841758763 0.076758802638128384
v -0.061802794464315247 0.64040100728548044 0.10501192605682243
v -0.10624009499384485 0.64039999636740175 0.076084263856353418
v -0.10199823263938161 1.1123100131558881 -0.028499973423526049
v -0.1328011378971847 1.0969301183559774 -0.028499968026451435
v -0.10201013275005782 1.1012301061996643 0.012451038119803512
v -0.13214113765839533 1.086200091444125 0.011605194366653405
v -0.12752024956445729 1.0111100379389943 -0.028499957665444726
v -0.12818024679760912 1.0218300502167503 -0.069446081055609191
v -0.10209507812656259 1.0236599678753793 -0.028499976369704531
v -0.10208317084429773 1.0347399944994264 -0.070297910572005351
v 0.13015971119799596 1.0540203150177001 0.025534158292688236
v 0.13214080593992159 1.0862003581789867 0.011605200754161445
v 0.10204581975098762 1.0679799531344247 0.026665950425146343
v 0.10200980887741122 1.1012303321420076 0.01245104053899003
v -0.13016023555854184 1.0540200123960444 -0.082534194227609492
v -0.13214113444764342 1.0862000855476268 -0.068605070639335936
v -0.10204608132908459 1.0679799459957411 -0.083666003363652541
v -0.10201012968564935 1.1012301039504533 -0.069451103716031443
v -0.3368852012049845 0.94932929741175154 0.036997026787253813
v -0.32480408383541154 0.92443428071242639 0.026492417326159489
v -0.31758709956134462 0.96019628558592196 0.025292693079266515
v -0.30472820115847399 0.93448319529850676 0.014117595482048512
v 0.30020984371673121 0.92595324422305847 -0.020996893325365466
v 0.32175296538547443 0.91545135610831829 -0.0065831763909922703
v 0.30472797047407579 0.93448336270518895 0.014117685689967631
v 0.32480386295348862 0.92443435537210805 0.026492512144681627
v 0.27754183984765057 1.0246703849940455 -0.028499916563453281
v 0.27370282644305194 1.0156103457868564 0.007630875283053274
v 0.3105518275521309 1.0081902581867694 -0.028499898370016104
v 0.30619384060804195 0.99941529346195612 0.0067153105923614459
v -0.25067013576125058 0.96127509300925762 0.0084480057823509477
v -0.28004522417300204 0.94675222324892983 0.0074901599445718241
v -0.24683113728519021 0.9522180955006766 -0.02849996038573966
v -0.27568723669810752 0.93797511908476583 -0.02849996097054508
v 0.27370282134905771 1.0156103718806713 -0.06463082460127223
v 0.3061938273202785 0.999415348564337 -0.063715224431111481
v 0.26218583526081529 0.98844548998589665 -0.077219263577417957
v 0.29311883593462434 0.9730843338722357 -0.075970242099212937
v -0.33437809346844055 0.99473417262026931 -0.021151186013885388
v -0.3550321974890055 0.98141619025464732 -0.0067881982994587257
v -0.33029910130491597 0.98598227020150364 0.013284199250803309
v -0.3497190944810239 0.97377519080576702 0.025660091878773213
v -0.26218614498218157 0.98844507179606289 -0.07721930722844543
v -0.25067014092819173 0.96127507095803799 -0.065447983420279451
v -0.29311912974828153 0.97308408027956084 -0.075970300863711995
v -0.28004523645031415 0.94675319508539824 -0.064490198001816601
v 0.2621858381534492 0.98844546930671939 0.020219252409407862
v 0.25066983454011077 0.96127546883579873 0.0084480582701521555
v 0.29311884466692001 0.97308428805591218 0.018970321435748588
v 0.28004495345206787 0.94675340451928791 0.0074902294796215761
v -0.20480414236955702 1.0609800893887396 -0.028499966873739919
v -0.20252913845787149 1.0511001334245127 -0.066629591449204509
v -0.12818025678064437 1.0218300558361706 0.012445984678302657
v -0.1888781435015007 0.99182506217139343 0.010464602969203292
v -0.18660314880779677 0.98194501160206327 -0.028499959972924274
v 0.19570381998069328 1.0214603161259859 0.022896201972850194
v 0.20252882026232266 1.0511003783406254 0.0096296319954557764
v -0.19570413836318062 1.0214600576880224 -0.079896219579652025
v -0.42352114416820125 0.86578716162720448 0.061902464348157979
v -0.40470006404765596 0.87496527278300773 0.049287794985347744
v -0.41559507764630615 0.87897327425216321 0.082636360374718318
v -0.39828017510995323 0.88764128796311903 0.071953600038518792
v -0.43986813682311504 0.89115226073400378 0.11204700168775868
v -0.43360711373733912 0.86929916485536818 0.10356190040970711
v -0.43514504959470868 0.89388526609883268 0.10262390588365518
v -0.42829805455893027 0.87230116735458829 0.095151063677798658
v 0.43773281913375534 0.85836633708858179 0.071840166162989577
v 0.44481389150588385 0.85436734338020803 0.077112720843975802
v 0.42829783449871883 0.87230130667696792 0.095151134673083407
v 0.43360689085427889 0.86929932051445125 0.10356196318507559
v 0.39827995892744278 0.88764133836786974 0.071953687257803586
v 0.41559486056853295 0.87897333208831008 0.082636443002356313
v 0.40652885541015482 0.91006132620529745 0.079245661773928125
v 0.42311485116809144 0.90071817612426075 0.089305667524421872
v -0.43354316469522292 0.8945542765253599 0.019448986670498738
v -0.4187870465994295 0.87596125608657682 0.026651788693494983
v -0.45387006490875414 0.88305515907862364 0.034604365309113226
v -0.43893203343671128 0.86565125130807397 0.041194725643093399
v 0.47916189838505285 0.86854931288788095 0.042226539736422
v 0.46337088993039688 0.85217728852903007 0.050675134552582921
v 0.46977880389440718 0.87396230847198553 0.04108804350572523
v 0.45453288148243753 0.85721018513011027 0.048536946138867595
v -0.46719115160201058 0.9094801604148236 0.071871981317312386
v -0.47421602201885577 0.90533416784601728 0.077160578108226893
v -0.45065203260137138 0.9104871890405879 0.094712972776768864
v -0.45595203440875842 0.90735525089776492 0.10307599283879464
v 0.45346395213861085 0.9179861813682213 0.062007512451388413
v 0.43537186932801647 0.92964932064328742 0.049406801879655196
v 0.43832294696108215 0.91804733228387292 0.082299567417727607
v 0.42153095879822194 0.92860433038232748 0.071588672745675722
v 0.44536079238535881 0.88797429260194727 0.12300804982629482
v 0.46210490121901571 0.90371933560756745 0.11278504938868193
v 0.43986791303750783 0.89115229073569902 0.11204706487473004
v 0.45595181124689338 0.90735533598747364 0.10307606053627941
v 0.49008289204519812 0.86224934049281399 0.043551363850966189
v 0.4736787626001781 0.84630831742791501 0.053168811222755887
v -0.49008311274609972 0.86224921787192177 0.043551294831153067
v -0.49530600515326823 0.88462010257262647 0.053797987307233411
v -0.47916211854357466 0.86854913840098502 0.042226468745957223
v -0.48512902840087685 0.89057115911653706 0.051233031330546769
v -0.44536101906259479 0.88797424785255485 0.12300799490802389
v -0.43979701259768689 0.8657981541255626 0.11336599686573406
v 0.38714986123394685 0.92080431920948691 -0.015140197193035733
v 0.43354295149593702 0.89455434651569021 0.019449083846744448
v 0.37334485552398977 0.89923536464237963 -0.0062129191951158843
v 0.4187868318802731 0.87596133357996842 0.026651878812196245
v 0.3956288671254764 0.9552573430049065 0.021603021181021292
v 0.39720796915698769 0.94453221331897474 -0.0056835634095798448
v 0.35503196881255938 0.98141635124691406 -0.0067880924362824198
v 0.35202496968379321 0.97256639309798665 -0.03918548655821498
v -0.38606319851084636 0.95091520053919099 0.048901793402940659
v -0.42153117306136373 0.92860428984145194 0.07158857607820765
v -0.37215907398134046 0.92944119433548888 0.058395327507251515
v -0.40652907128585264 0.91006128209556569 0.079245571344332272
v -0.39720819449318961 0.94453217259116129 -0.0056836663955910811
v -0.44154506391131182 0.91702428316692597 0.027195266672580633
v -0.39562908849354783 0.95525720802198755 0.021602917414517007
v -0.43537208335319305 0.92964921100574571 0.049406701495159348
v -0.058205415484576258 1.1323801395827402 0.045380347966447868
v -0.066517352295992913 1.1331300659756511 -0.0024445786270088231
v -0.068342683656207839 1.1266701051447381 0.04868208082619066
v -0.078124590113738471 1.1281000103241361 -0.0078429753087832198
v 0.066517003236499408 1.1331301551889716 -0.0024445768194021615
v 0.078124229835446243 1.1281001299144247 -0.0078429740126384883
v 0.058199595340093599 1.1336701607678015 -0.050755815165773481
v 0.068375123138585306 1.1293301267990921 -0.064789493501402257
v 0.033260602083904738 1.1315001530945861 0.063137476301107318
v 0.039048926064166219 1.1257901846394809 0.06941228950459595
v 0.05820501700492095 1.13238022068505 0.045380349837590629
v 0.068342272890715136 1.1266702174643881 0.048682082061044976
v -1.6052998776309715e-07 1.1310301214881049 0.064498969198582029
v -0.033260919561777548 1.1315001531555029 0.063137473432837807
v -1.6271037601807181e-07 1.1254800920896038 0.070828670940181651
v -0.039049181771199211 1.1257901331563709 0.069412284273622712
v 0.039075030076204026 1.1296100138485952 -0.086784212187192539
v -1.6154542752999463e-07 1.1295200183237739 -0.089043523842945171
v 0.033256190728329728 1.1338801159805076 -0.069971284301360279
v -1.6184440518212592e-07 1.133900033190508 -0.0723051093502982
v -0.039075409991040685 1.1296100132742142 -0.086784215776112575
v -0.068375469497649 1.1293299982693958 -0.064789492323863204
v -0.033256569136114147 1.1338801151452136 -0.069971287469344251
v -0.058199920423392414 1.1336700628298417 -0.050755827422424071
v -0.078858743124309738 0.35381901016681028 0.10710503573067423
v -0.078987840406200618 0.33846100545872415 0.10428802972936953
v -0.045728629547306616 0.35384699438228839 0.097199705450257023
v -0.046040839788154077 0.33853297800571752 0.094511244432693403
v -0.11148811430041813 0.33846398501609098 0.089194677844184181
v -0.1216710083375034 0.33858900393974667 0.052388394071421374
v 0.11981990473456398 0.22377599651909821 0.026313746614503839
v 0.10852190510879274 0.22385600547011514 -0.0076671740549453631
v 0.078960120168964781 0.30210800395591803 0.094790114485376595
v 0.078901821137826969 0.22351899105293185 0.074256456974371485
v 0.11110990516451247 0.30210600880337751 0.080290856045092243
v 0.11029490257209347 0.22362099106021788 0.061068751753093516
v 0.047145003347536428 0.22347099620773683 0.064246628597190186
v 0.036529771086016016 0.22347590173694695 0.029409144449884597
v 0.047889053747499598 0.14594387092888664 0.043853046267989151
v 0.037884653261832768 0.14594387457893937 0.011024825926431716
v 0.046737253663931208 0.2235559992376637 -0.0062021929249661874
v 0.077447657204104278 0.22373299769626073 -0.018533443214482651
v 0.04805278509131803 0.14609298041333157 -0.022366232977108307
v 0.077614781747938316 0.14639298778455331 -0.03422845560837328
v -0.048611414909604897 0.11320996479795715 -0.029227831354514618
v -0.048052854548846897 0.14609296386466036 -0.022366143543900267
v -0.038459725309005918 0.11303196517441617 0.0032207615948910808
v -0.037884722014984905 0.14594386451507155 0.011024914276460813
v -0.048312495151025391 0.1018329692585726 0.032952335423326568
v -0.04820484097468905 0.11303397043045524 0.035195852929426785
v -0.078845924887638169 0.10203397261028697 0.043349833560797135
v -0.078820532603913418 0.11322487053728311 0.045438263151392287
v -0.10915200971654383 0.11350096638249051 0.034098231258203889
v -0.11804601500931423 0.11375596797308173 0.0013265234244729987
v -0.10910091440001266 0.10232286835625785 0.032004441045680336
v -0.11795001541119979 0.10258596800251631 -0.0010394220329859533
v -0.077685721804817989 0.11356186172462754 -0.040890853532352195
v -0.10704401234112962 0.11382996416682799 -0.03097168522430466
v -0.077614790862076205 0.1463929678537059 -0.034228366226205953
v -0.10748401261955814 0.14661796104080693 -0.024026856548737895
v -0.053420796073436687 0.061518476613420824 0.079298317176481933
v -0.083246189119351902 0.067326824145196626 0.079070446754947371
v -0.05945999778586683 0.05166303501606917 0.12341809036630408
v -0.088313119887914293 0.056047483133031692 0.12329208439915783
v 0.088313107646033673 0.056047459105820603 0.1232920022964567
v 0.093049463911902455 0.043123250185188977 0.16424802305228856
v 0.11727400458012271 0.051994524994001999 0.12314400439182757
v 0.11292490767951169 0.043230661347955841 0.15356402388352583
v -0.08716242671541119 1.3907303563749152 0.13100008753101758
v -0.069312929223516478 1.3899903048682862 0.1310000882585278
v -0.085548631138626652 1.4070702598000968 0.13100008853329917
v -0.068871020572329231 1.4068703457599858 0.13100008924130391
v -0.090099087222289528 1.3380003751601934 0.13100008439503177
v -0.08971667084924706 1.3200802330485752 0.13100008344809133
v -0.07069086865294337 1.3380003751603573 0.13100008524766865
v -0.070485470614966544 1.3205003267196105 0.13100008432709762
v -0.069068956109451948 1.252450279455531 0.13100008084357748
v -0.068871077089126168 1.2691302863963991 0.13100008166638716
v -0.084286268051714644 1.253710202707494 0.13100008016125028
v -0.085548568547281406 1.2689302531145732 0.13100008088033616
v -0.051870818312127344 1.3898702610783005 0.13100008900198309
v -0.034613008687155306 1.3900702943337264 0.131000089758851
v -0.051985848013215576 1.4073103473948643 0.1310000899948249
v -0.034869610598049508 1.4079903174071913 0.13100009077409194
v -0.052362377058725318 1.3380003751602563 0.13100008604620134
v -0.052265757483977257 1.3206803328047743 0.13100008514141179
v -0.034699077024972214 1.3380003751601679 0.13100008681598657
v -0.034661406430939394 1.3207202679304024 0.13100008591919618
v -0.035585155953017145 1.2493002925050982 0.13100008232408461
v -0.034869543901722283 1.2680103148639437 0.13100008318443543
v -0.052734843071369886 1.2508402384361923 0.1310000815644064
v -0.051985796357581056 1.2686902848165831 0.13100008242920486
v -2.23363627091182e-07 1.4086903145890159 0.13100009232476476
v -0.017498609887929038 1.4084902813327884 0.1310000915564502
v -2.2521816185403897e-07 1.3903603306331913 0.13100009127549067
v -0.017316279087640454 1.3902703275882449 0.13100009052056916
v -2.0983386147311337e-07 1.3207102543463034 0.13100008743022007
v -2.1638236586848055e-07 1.3380003751597132 0.13100008832088084
v -0.017276037267319778 1.32072026793007 0.13100008667729324
v -0.017286828035428498 1.3380003751599405 0.13100008757117956
v -2.0325427820121498e-07 1.2479002983227612 0.13100008389493067
v -2.074773418673428e-07 1.2673103177413811 0.13100008470876684
v -0.017921194528255645 1.2482802183748607 0.13100008307933589
v -0.017498606453586599 1.2675102317609972 0.13100008393279772
v 0.017498130631034017 1.4084902813331117 0.13100009308537017
v 0.017315859820268946 1.3902703275882446 0.13100009203438884
v 0.034869131363977478 1.4079903174078339 0.13100009382079947
v 0.034612470230723717 1.3900702943336101 0.13100009278518951
v 0.017275631656782749 1.3207202679313446 0.13100008819465631
v 0.034660870452877864 1.3207202679328964 0.13100008896318546
v 0.017286412170735774 1.338000375159953 0.13100008908275362
v 0.034698663042116697 1.338000375160193 0.1310000898501176
v 0.01792085532724761 1.2482802183696946 0.13100008464131283
v 0.035584686058219489 1.249300292494645 0.13100008542528616
v 0.017498193672614754 1.2675102317615581 0.13100008546327549
v 0.03486919434020145 1.2680103148650592 0.13100008623425438
v 0.05187027988889284 1.3898702610770262 0.13100009354099598
v 0.069312454163932835 1.3899903048659632 0.13100009432593848
v 0.051985439597524642 1.4073103473940685 0.13100009454164149
v 0.068870656898506022 1.4068703457576164 0.13100009526843329
v 0.07069045469394826 1.3380003751605845 0.13100009143356686
v 0.052361963087281305 1.3380003751603824 0.13100009062713952
v 0.070485050072664743 1.3205003267209534 0.13100009049647918
v 0.052265281086181385 1.3206803328066614 0.1310000897210471
v 0.052734495519828957 1.2508402384341357 0.13100008617265585
v 0.069068615417687204 1.252450279461367 0.13100008688749296
v 0.051985442826460102 1.2686902848182411 0.1310000869761026
v 0.068870540774470787 1.2691302863982308 0.13100008768968233
v 0.10497180463015163 1.3924202678037434 0.13100009605357321
v 0.10151270105350353 1.4086003115172872 0.13100009683109343
v 0.087161951666720347 1.3907303563724376 0.1310000951592965
v 0.085548163180535486 1.4070702597964524 0.13100009602176499
v 0.11027680500119427 1.3380003751602305 0.13100009315473171
v 0.090098673249289399 1.3380003751604077 0.13100009227732229
v 0.10963380540377639 1.3193603279198369 0.13100009210547808
v 0.089716250270635942 1.3200802330494865 0.13100009129625648
v 0.084285852347369628 1.2537102027205536 0.13100008754286657
v 0.097883407561605518 1.2531602899954011 0.13100008799195098
v 0.085548166165679826 1.268930253118246 0.13100008836404012
v 0.10151270393801921 1.2674003205928575 0.13100008891054563
v -0.067986647534080333 1.2968703131011226 -0.13100002678785339
v -0.054064079142118707 1.2974502664659227 -0.13100002617464748
v -0.066727976133649905 1.2841302931133183 -0.13100002736246485
v -0.053719448692015663 1.2842802584330615 -0.1310000268121764
v -0.070277254332091088 1.3380003920948902 -0.13100002475890291
v -0.069979119417455465 1.3519803083904947 -0.1310000239711086
v -0.055138989605290588 1.3380003920824559 -0.13100002413238729
v -0.054978589846266482 1.3516503369602786 -0.13100002336757238
v -0.05387381823619368 1.4047303167528564 -0.13100002087831894
v -0.05371950926145079 1.3917202874756651 -0.13100002169595523
v -0.065743367987475418 1.4037402832795105 -0.13100002145988726
v -0.066727977114520096 1.3918703720202699 -0.13100002225506363
v -0.040459259368009717 1.2975402695081453 -0.13100002557499857
v -0.026998148255618058 1.2973903041725821 -0.13100002499825963
v -0.040548967957641784 1.2839402734354437 -0.13100002624791332
v -0.027198296794695171 1.283410268768594 -0.13100002568918795
v -0.040842696355960273 1.3380003920762387 -0.13100002352507584
v -0.040767356150320941 1.3515102659939759 -0.1310000227733284
v -0.027065378886044142 1.3380003920700214 -0.13100002294044952
v -0.027035997586816938 1.3514703308633951 -0.13100002219359552
v -0.027756498995027561 1.4071803068725679 -0.13100001958145024
v -0.02719829777141573 1.3925902771551928 -0.13100002048154871
v -0.041133209931454674 1.4059903593552965 -0.13100002024156626
v -0.040548968928656594 1.3920602724805997 -0.13100002109870917
v -1.9223399150575519e-07 1.2828602369394957 -0.13100002451742651
v -0.013648788262068145 1.2830203350621254 -0.13100002511257336
v -1.9871196920138902e-07 1.2971602301743803 -0.13100002382301046
v -0.013506757979530859 1.297230325257033 -0.13100002441344372
v -2.056256202479358e-07 1.3514803444438481 -0.13100002102112579
v -2.0615827045929426e-07 1.3380003920665677 -0.13100002176717016
v -0.013475338337303312 1.3514803444454084 -0.13100002160516847
v -0.013483807719440098 1.3380003920682944 -0.13100002235166863
v -2.2255459955718486e-07 1.4082803705561362 -0.1310000182984786
v -2.1973260802784005e-07 1.3931403089969772 -0.1310000192578295
v -0.013978589194617285 1.4079803206762553 -0.13100001892850544
v -0.013648848849139228 1.3929803300781054 -0.13100001986456744
v 0.013648462675837959 1.2830203350727198 -0.13100002389939761
v 0.013506362271787718 1.2972303252655137 -0.13100002321506854
v 0.027197842685949686 1.2834102687897397 -0.1310000232714853
v 0.026997751620701976 1.2973903041899746 -0.13100002260190163
v 0.013474952095014345 1.3514803444488406 -0.13100002041618955
v 0.027035542437550242 1.35147033087026 -0.13100001980816506
v 0.013483292153508089 1.3380003920717483 -0.13100002116312104
v 0.027064922003808417 1.3380003920769292 -0.13100002055478241
v 0.01397813124696254 1.4079803206762551 -0.13100001770647771
v 0.027756041047372813 1.4071803068725677 -0.13100001715491874
v 0.013648461682000153 1.3929803300781052 -0.13100001867136346
v 0.027197780219116206 1.3925902771551926 -0.13100001810381934
v 0.040458803142453884 1.2975402695357725 -0.13100002198052096
v 0.054063622930567892 1.297450266504709 -0.13100002136764879
v 0.040548571593489457 1.2839402734694723 -0.1310000226384796
v 0.053719052330456853 1.2842802584809041 -0.13100002202493508
v 0.055138473169761844 1.3380003920986898 -0.13100001926604907
v 0.04084224322495008 1.3380003920879822 -0.131000019921268
v 0.054978263266198493 1.3516503369727422 -0.13100001852139925
v 0.040766962491685883 1.351510266003646 -0.13100001917850571
v 0.041132692379155157 1.4059903593552963 -0.13100001664560754
v 0.053873371464409833 1.4047303167528562 -0.13100001616853715
v 0.040548570585646627 1.3920602724805995 -0.13100001755382121
v 0.053719051313796048 1.3917202874756649 -0.13100001699966407
v 0.0818781900767062 1.2955503082844178 -0.13100002017474663
v 0.079179768726036021 1.2829303321057546 -0.13100002089832719
v 0.067986254699666709 1.2968703131485317 -0.13100002074618097
v 0.06672758354302738 1.284130293173648 -0.13100002141435754
v 0.086015944187636459 1.3380003921304666 -0.13100001782639739
v 0.070276860873675961 1.338000392114578 -0.13100001855935184
v 0.085514192211148962 1.3525403538411531 -0.13100001705243211
v 0.069978658762727353 1.351980308405101 -0.13100001780656728
v 0.06574297336975575 1.4037402832795103 -0.13100001571243364
v 0.076348971707024579 1.4041702713274764 -0.13100001522158422
v 0.066727582841738908 1.3918703721612491 -0.1310000157258224
v 0.079179768009705123 1.3930703332657839 -0.13100001507618261
v 0.095076753453275709 1.0686199821959272 -0.086068546107426563
v 0.095831644743243738 1.0322403588580589 -0.071276301593475949
v 0.092968302255411805 1.0612099311889811 -0.092518409403246404
v 0.094672808393504074 1.0160502662196393 -0.073637295738201672
v 0.094319285698978975 1.1049202841074577 -0.0708654180114031
v 0.091253998254971838 1.1060101991094244 -0.074545589471916959
v 0.09406019004816385 1.116770284034905 -0.026799631622688211
v 0.09065640060747765 1.1199501753907974 -0.021698912296424257
v -0.091254365255490369 1.1060100252180409 -0.074545588303519303
v -0.081454583648805146 1.1136000793647787 -0.084401218358115995
v -0.092968618118764321 1.0612099305639766 -0.092518417614872867
v -0.08154889437370734 1.052559984090415 -0.099405728125323431
v -0.094673115099391802 1.0160500055266217 -0.07363730375098794
v -0.089263691376926718 0.97779502833975773 -0.083990986068944534
v -0.095241323888571164 1.0010299719716658 -0.015922415348806607
v -0.097936881075342125 0.96202099138421493 -0.0053326941274142118
v 0.099443876892595359 0.74797400656304824 -0.068954395419504072
v 0.09458269318094828 0.82323604587507737 -0.066023162884032469
v 0.11364992724275652 0.74804701861546796 0.0029458520445587934
v 0.10809482726356723 0.82335507168180389 0.004010573576513978
v -0.11365008195322786 0.74804698416882565 0.0029458397448422547
v -0.09944407625308159 0.74811099691261385 0.075989662997606081
v -0.10809507522067137 0.82335500852183574 0.0040105625206345698
v -0.094582881346227318 0.82347201166597972 0.074922269661245322
v 0.056825064668185883 0.74794901287480975 -0.092921187788224294
v -9.3846378044603048e-08 0.74794899554754735 -0.092921190120324737
v 0.05404712752827312 0.82319602205052289 -0.089367674654450474
v -1.0446179783416647e-07 0.82319599439886149 -0.089367676242072661
v -0.099444073388848905 0.74797397142412714 -0.068954406152642048
v -0.094582893408022853 0.8232359909585546 -0.066023173051357353
v -0.056825252587273369 0.7479489931505956 -0.09292119352247788
v -0.054047373035742731 0.82319599035621571 -0.089367679989825227
v 0.099443873953514422 0.74811103058164119 0.07598967434970165
v 0.094582692275897121 0.82347207127079214 0.074922279312523515
v 0.056825059472159475 0.74810397974421117 0.10338691966329214
v 0.054047124402872466 0.82350399442583588 0.10090102429962026
v -0.056825257726309253 0.74810396110477817 0.10338691379585885
v -9.9121312954414171e-08 0.74808298330717582 0.10567401482944556
v -0.054047375995966561 0.82350396544589866 0.10090101893082633
v -1.0631986538258819e-07 0.82349900661758513 0.10265701993610392
v -0.14597019454457033 1.4222802977544737 0.12260006856550992
v -0.13371619495275194 1.4406002681375643 0.12260007018686363
v -0.14544319967844727 1.4219703541391158 0.11294207151272258
v -0.13323320321615303 1.4402303622293819 0.11294207312137107
v 0.033162299675145147 1.4585203075949436 -0.13100001366544095
v 0.048905849588313108 1.4530903226809273 -0.13100001332133954
v 0.032038461548485754 1.4499203082169645 -0.13100001425950503
v 0.047161050272383695 1.4449802736431592 -0.13100001391150096
v -0.14597019159729141 1.2537202165125934 0.12260005894790596
v -0.15571619240029991 1.2735002621919946 0.12260005962859258
v -0.14544319668189143 1.2540302806827672 0.11294206210845259
v -0.1551541946748915 1.2737302176714562 0.11294206274670114
v 0.098361373317775683 1.464740275828275 0.13100010002759652
v 0.093814552228903308 1.4569103687162783 0.13100009934922913
v 0.11341070428627875 1.4514102887056184 0.13100009989537728
v 0.10730060237137277 1.4453003337876538 0.13100009925319567
v -1.8395033343654558e-07 1.2130702072776982 -0.1310000274708413
v -0.016749066702914494 1.2141902981139407 -0.13100002828473156
v -1.8504510387260093e-07 1.2220402323162258 -0.13100002717300624
v -0.016198856450257752 1.2230703229401807 -0.13100002747598027
v -0.033162755478110519 1.2174802371220868 -0.13100002893641469
v -0.048906305599125281 1.2229102246918677 -0.13100002907710701
v -0.03203878716583821 1.2260802391364789 -0.13100002811053177
v -0.047161387220699687 1.2310202734819207 -0.13100002868672916
v 0.11918380722455954 1.2188202570309392 0.12260006884143256
v 0.10260380853066894 1.2042802938766253 0.1226000663325216
v 0.11875380496471701 1.2192502458984715 0.11294207211218917
v 0.10223381336582159 1.2047702450036382 0.11294206970319919
v 0.12381481079856364 1.3547502564015546 -0.13100001512340526
v 0.11493081299022355 1.3542003437645673 -0.13100001556735669
v 0.12051581282876203 1.3711602548443687 -0.13100001438217249
v 0.11191481042530972 1.3700402832014016 -0.1310000148467923
v -2.4522582114327415e-07 1.506550326032289 0.1226000796120726
v 0.021999290435174523 1.5051003829695189 0.12260008048182762
v -2.4470463548054905e-07 1.5059403325102396 0.11294208250367371
v 0.021919901195788426 1.5045002838217365 0.11294208337058546
v -0.15873719624001437 1.3594703327000126 0.13100008260997417
v -0.1473471956421932 1.3587703355265059 0.13100008307206709
v -0.15450820225736833 1.3805203158345802 0.13100008400442612
v -0.14348110454237437 1.379080267151795 0.13100008440064018
v -0.11918420269568461 1.4571802591869487 0.12260007178417405
v -0.10260420225373777 1.4717203402051962 0.12260007337110483
v -0.11875419948880972 1.4567502717764254 0.1129420747056424
v -0.10223419857292862 1.4712302712931724 0.11294207628118268
v 0.16855180452708832 1.3380003757243542 0.1226000774253672
v 0.16710379949227075 1.3160004135914074 0.1226000761281352
v 0.16794280937167322 1.3380003763743986 0.11294208039104318
v 0.16649970682563159 1.3160802844992963 0.11294207912368467
v -1.8231457078757471e-07 1.2038702261881291 -0.11294201187693742
v -1.8247236104978921e-07 1.2052902483788213 -0.12260000910188153
v 0.017507263122872666 1.2050202384980118 -0.11294201127337176
v 0.017321233414278978 1.2064302471202777 -0.12260000846572117
v 0.13818180628106946 1.4194903220736634 0.13100009909425206
v 0.12674370463999163 1.4363603493920327 0.13100009959980177
v 0.12880669602596295 1.416270358908875 0.1310000984851277
v 0.11891070066086225 1.4318103677485323 0.13100009897738354
v 0.084275672684405362 1.192030225359461 0.12260006487595425
v 0.064499382270326033 1.1822802144454059 0.12260006325679702
v 0.083971391761614556 1.1925602309053298 0.11294206835803568
v 0.064266515242457287 1.1828502742588174 0.11294206677978326
v -0.084276131690979472 1.4839702908281494 0.12260007488170314
v -0.064499847368737664 1.4937203028411608 0.12260007597972863
v -0.083971789977489719 1.4834402867908671 0.11294207778156247
v -0.064266919445371606 1.4931503636534937 0.11294207888404939
v -1.7939345891937493e-07 1.1778302500626479 0.13100007813497686
v 0.021472702895997047 1.1792602847338827 0.13100007912858849
v -1.8257324855404224e-07 1.1893402678846405 0.13100007938094402
v 0.020767402310496227 1.1906502586434375 0.13100008024138129
v 0.063564133030571943 1.4457802874468466 -0.13100001314380613
v 0.076721850914158826 1.436860330231124 -0.13100001313387738
v 0.061046552044548993 1.4384703714220943 -0.13100001371704648
v 0.073175382000603681 1.4307503753072386 -0.13100001367605624
v -0.13413519036699503 1.3380003910024132 -0.11294201202830581
v -0.1327101919164615 1.3380003916199597 -0.12260000903464838
v -0.13298209368895469 1.3204903289261236 -0.11294201290381393
v -0.13157019336637238 1.3206803492088048 -0.12260000990510056
v -0.16280920536396082 1.2943802524525976 0.1226000604411685
v -0.16710419725762579 1.3160004135878303 0.1226000615046291
v -0.16222120512990512 1.2945302184535896 0.11294206351504896
v -0.16650019318319106 1.3160802844948949 0.11294206455084387
v -0.04890630753596785 1.4530903226809275 -0.13100001759684701
v -0.047161437439522766 1.4449802736431594 -0.13100001803447006
v -0.063564579802355789 1.4457802874468468 -0.13100001870078165
v -0.061046939211688064 1.4384703714220946 -0.13100001905392536
v 0.14596980910345259 1.4222802977492817 0.12260008133940976
v 0.15571580945259464 1.4025002515228882 0.1226000806227905
v 0.14544269582672287 1.4219703541342885 0.1129420842412045
v 0.15515379765686763 1.4022702973691792 0.11294208353796427
v -1.7593242728579374e-07 1.1694501928825747 0.12260005933984203
v -0.021999756843094468 1.1709002548646832 0.12260005850592441
v -1.7493320407589722e-07 1.1700601877697048 0.11294206295507124
v -0.021920364295979645 1.1715002361637676 0.11294206209995451
v 0.04890591496349999 1.2229102248236234 -0.1310000246277967
v 0.047161115487809595 1.2310202735942204 -0.13100002440885347
v 0.063564194538862195 1.2302202598191654 -0.13100002371680805
v 0.061046613416419968 1.2375302948305331 -0.13100002355316848
v 0.098859969658055324 1.4147202969013604 -0.13100001356909366
v 0.092750553173222547 1.4111803758910044 -0.13100001406045222
v 0.088460032028355604 1.426460269992516 -0.13100001327978544
v 0.083694283050694471 1.4216903471305067 -0.13100001379034953
v 0.12493071414766059 1.3380003921784778 -0.13100001598946936
v 0.12381481100397063 1.321250289569059 -0.13100001691655228
v 0.11595771170143483 1.3380003921701877 -0.13100001640515818
v 0.11493081318992478 1.3218003213967782 -0.13100001729861996
v -0.076722305136523269 1.4368603302311245 -0.1310000198411381
v -0.073175769167742752 1.430750375307239 -0.13100002007327169
v -0.088460486250720047 1.4264602699925164 -0.13100002101323108
v -0.083694677668414139 1.4216903471305071 -0.13100002110715733
v -0.12956418485430346 1.3727203461516595 -0.11294200992660493
v -0.12818819631256237 1.3723503210176042 -0.12260000694910272
v -0.13298209390473575 1.3555103339041816 -0.11294201101273221
v -0.13157019356970454 1.3553203148546664 -0.12260000802723156
v 0.1628087027546557 1.3816202608619237 0.12260007970015636
v 0.16710379882262325 1.3600003379337633 0.12260007865191898
v 0.16222070333484401 1.3814702961692731 0.11294208262960605
v 0.16649970614872223 1.3599203491207923 0.11294208159865735
v -2.2703459992786172e-07 1.4629303374941558 -0.13100001483557996
v 0.016748611015477172 1.4618103658527246 -0.13100001417443169
v -2.2617060838288687e-07 1.4539603123604554 -0.13100001540396619
v 0.016198462006845465 1.4529303437620555 -0.13100001476116269
v 0.076721912237271581 1.2391402167431114 -0.13100002283910572
v 0.073175383613255943 1.245250290708878 -0.13100002275668404
v 0.088460093166809556 1.2495402766954442 -0.13100002193133339
v 0.083694284509291506 1.2543103186517179 -0.13100002194584628
v -0.043624507032185796 1.1751902404984684 0.1226000579505218
v -0.064499776442169476 1.1822802144631892 0.12260005762443861
v -0.043467026888309543 1.1757802082015318 0.11294206152592
v -0.064266848068591967 1.1828502742762019 0.11294206116872979
v -0.11508608870779227 1.2890902356212934 -0.13100002915098191
v -0.10697619135498976 1.2908402285358795 -0.13100002872086547
v -0.10778218756296008 1.2744402438044338 -0.13100002957361762
v -0.10047018779263037 1.2769503153861161 -0.13100002913584743
v -0.10778218831819382 1.4015603024169241 -0.13100002271476746
v -0.098860431331000365 1.414720296901361 -0.13100002221173154
v -0.10047018852244759 1.3990503500084233 -0.13100002256058516
v -0.09275100739558699 1.4111803758910051 -0.13100002216898732
v -2.2932194961499494e-07 1.472130316278321 -0.11294199890406977
v -2.2866877353367501e-07 1.4707102953689886 -0.12259999606379608
v -0.017507719533819098 1.4709803038861033 -0.1129419997422175
v -0.01732168929002038 1.4695702965603665 -0.12259999689317769
v 0.10778181016034234 1.2744402438984574 -0.13100001998326652
v 0.098859971027435184 1.2612802495309117 -0.13100002096780278
v 0.10046981032932421 1.2769503154735147 -0.1310000201940382
v 0.092750554488657141 1.2648202896726832 -0.13100002109068914
v -0.084276070306607595 1.1920302253808437 0.12260005751743723
v -0.10260419498516646 1.2042802938841519 0.1226000573660873
v -0.083971780345286962 1.1925602309354368 0.11294206103184712
v -0.102234191028841 1.2047702450153068 0.11294206077156578
v -0.098860370469534609 1.2612802494147322 -0.13100002980146622
v -0.092750946579767221 1.2648202895668319 -0.13100002937706856
v -0.088460484845549581 1.2495402765554573 -0.13100002987940151
v -0.083694676327044318 1.2543103185268187 -0.13100002945960434
v 0.16280880840259776 1.2943802524594255 0.12260007468969715
v 0.15571581160573697 1.2735002622029752 0.12260007325779425
v 0.16222080899730981 1.2945302184616088 0.11294207771470041
v 0.15515379984320707 1.2737302176839178 0.11294207632939139
v 0.11508571041248411 1.3869103104699134 -0.13100001373812648
v 0.10697571617412378 1.3851603175284313 -0.13100001421681776
v 0.10778171246975517 1.4015603024238794 -0.13100001325300098
v 0.10046971266985931 1.3990503500156088 -0.13100001373817227
v -0.12051619155718846 1.371160254829362 -0.13100002497615468
v -0.11508608927214277 1.3869103104591485 -0.13100002384917506
v -0.11191518916929727 1.3700402831867691 -0.13100002468673252
v -0.10697619190170429 1.3851603175179157 -0.13100002361669
v -0.16280920669236301 1.3816202608644661 0.12260006545478344
v -0.15571619453736241 1.4025002515268454 0.1226000669971396
v -0.16222120647179364 1.3814702961715803 0.11294206843406819
v -0.15515419684359499 1.4022702973728876 0.11294206996030499
v 0.12051581324009469 1.3048402911911718 -0.13100001792521249
v 0.11508581534253916 1.2890902356954701 -0.13100001894425686
v 0.11191481082574958 1.3059602628119671 -0.13100001826235522
v 0.10697571677530229 1.2908402286056697 -0.13100001923012874
v -0.11918419736547725 1.2188202570127893 0.12260005841072372
v -0.13371619081660233 1.2354002470124046 0.12260005860906487
v -0.11875419400714066 1.2192502458803423 0.11294206171812365
v -0.13323319897989344 1.2357702735275014 0.1129420618448348
v 0.043624099566200794 1.5008102776547962 0.12260008115523575
v 0.064499311371306003 1.4937203028411603 0.122600081618464
v 0.043466561186933567 1.5002203112999379 0.11294208404121964
v 0.064266443896913578 1.4931503636534935 0.11294208450242418
v -2.4376198578860928e-07 1.4981703865424871 0.1310000973598836
v -0.021473050262483445 1.4967403514375799 0.13100009633066265
v -2.4082301207640489e-07 1.4866603680089172 0.13100009697589643
v -0.020767738828168288 1.4853503766908323 0.13100009599742077
v -0.063564578055877771 1.230220259633636 -0.13100002952856796
v -0.076722243956054245 1.2391402165808012 -0.13100002978071965
v -0.061046877971568027 1.237530294679605 -0.1310000291059851
v -0.073175767679579562 1.2452502905708573 -0.13100002936028846
v 0.14596981207199838 1.253720216528601 0.12260007172576155
v 0.13371581342940922 1.2354002470298786 0.12260007031271909
v 0.1454426988461017 1.2540302807002985 0.11294207484271017
v 0.13323280768992327 1.2357702735459788 0.11294207350804412
v -0.16045720516930689 1.2950102752479304 0.10076705856076695
v -0.15346720390081939 1.2744302156940386 0.10076705785384799
v -0.11746319407957076 1.2205402082339378 0.10076705596273697
v -0.10112219113905582 1.2062201888937996 0.10076705623901132
v 0.04346663435092625 1.1757802081944715 0.11294206532335314
v 0.042994217149547778 1.177540215593829 0.10076706112430156
v 0.063567823469905929 1.1845302922011121 0.10076706245906447
v 0.11746280619489267 1.2205402082460033 0.10076706624489494
v 0.13178471341515691 1.2368802325172317 0.10076706864905144
v 0.16045681003780229 1.2950102752580088 0.10076707261072081
v 0.16468981228653479 1.3163202537014942 0.10076707397311314
v 0.16045670436548112 1.3809902410148152 0.10076707736691833
v 0.15346680788907324 1.4015703010025922 0.10076707825247916
v 0.11875370261512609 1.456750271767377 0.11294208510580522
v 0.11746280060939444 1.455460308433405 0.10076707976717011
v 0.1022337015374092 1.471230271285813 0.1129420852323353
v 0.1011217028760831 1.4697803290315565 0.10076707988855664
v -0.043467100065326655 1.5002203112999382 0.11294208024122657
v -0.042994550184070723 1.4984603055451617 0.1007670749665249
v -0.063568225816547544 1.491470347358153 0.10076707362430133
v -0.11746319964415036 1.4554603084408413 0.10076706948107998
v -0.13178519728605601 1.4391202857709324 0.10076706792405352
v -0.1604572065184573 1.3809902410167563 0.10076706332327376
v -0.16650019385387596 1.359920349121486 0.11294206702790609
v -0.16469010460792963 1.35968026234771 0.10076706195316959
v -0.12229619619951078 1.2806503178267017 0.13100007978525199
v -0.12700420377094368 1.2990302501152491 0.13100008056609935
v -0.13714919686060939 1.2775402656953934 0.13100007890513024
v -0.14348110319166787 1.2969202450184301 0.13100007968015126
v -0.1270042051340991 1.3769702620451001 0.13100008499778146
v -0.12991210686359511 1.3577103261828674 0.13100008378026665
v -0.11891119870708197 1.4318103677542451 0.13100008857020218
v -0.10935819834710954 1.4266602863494491 0.13100008867722052
v -0.10730119748832781 1.4453003337944876 0.13100008986008688
v -0.10051820377929634 1.4385203032386782 0.1310000897475507
v -0.060463361169004047 1.475150349686031 0.13100009366382051
v -0.078265420774816602 1.4668103458438506 0.13100009239102367
v -0.057350989080770798 1.4603003244095527 0.13100009291584908
v -0.074148408677753491 1.4542603453543204 0.13100009182873551
v 0.088659041079308332 1.4473602709894897 0.13100009855186837
v 0.10051780244486841 1.4385203032332425 0.1310000985456205
v 0.1222957008962004 1.3953503138803987 0.13100009698634535
v 0.12700370059793947 1.3769702620434214 0.13100009610839433
v 0.13714870896534584 1.3984602468334268 0.13100009782303085
v 0.14348070427129064 1.3790802671495668 0.13100009695367393
v 0.12700370196109489 1.2990302501174309 0.13100009167473231
v 0.14348080993686865 1.2969202450227748 0.13100009223417858
v 0.12991179727030458 1.3183003185788025 0.13100009290474449
v 0.14734670718569137 1.3172302956540272 0.13100009357917552
v 0.1189108088483815 1.2441902651434358 0.13100008832566101
v 0.10935780841890266 1.2493402271874861 0.1310000882513499
v 0.10730080835736973 1.2307002998539045 0.13100008712133362
v 0.10051780703799669 1.2374802109299898 0.13100008726923751
v 0.060462957221242383 1.2008502840660968 0.13100008248515524
v 0.078265019099095001 1.209190287041539 0.13100008371868699
v 0.057350516580685622 1.215700189007801 0.13100008333738203
v 0.074147998607485943 1.2217402893935063 0.13100008550213726
v -0.093814955061777797 1.2190902659772225 0.13100007787165016
v -0.088659451959792288 1.22864024383487 0.13100007862134952
v -0.10730119268979256 1.2307002998346994 0.13100007772748409
v -0.10051819923181407 1.2374802109009577 0.13100007845932923
v -0.1335131869414235 1.3022303192582656 -0.085233273191568676
v -0.13129909728816039 1.3028202871996397 -0.10076700854522803
v -0.12769718902299498 1.2851103102081241 -0.085233273761015846
v -0.12557919697901918 1.2859803008451141 -0.10076700911618008
v -0.097738493069599863 1.2402603048133796 -0.085233274317650598
v -0.09611783484205208 1.2418802412212306 -0.10076700974196851
v -0.084141779100029804 1.2283402037741418 -0.085233274637104034
v -0.082746664923919966 1.230160292891896 -0.1007670100165312
v 0.035774412107551855 1.204490231381711 -0.085233269309970827
v 0.035181293777602152 1.2067002544071477 -0.10076700495224587
v 0.05289341326587052 1.2103002557567673 -0.085233268569235202
v 0.052016323596116437 1.2124202756779703 -0.1007670041926011
v 0.09773809133709857 1.2402603021291401 -0.085233266027190641
v 0.096117501083987061 1.2418802414506898 -0.10076700101037181
v 0.10965481035470993 1.2538603008401363 -0.085233264453017862
v 0.10783680958965083 1.2552502824845095 -0.10076700002629882
v 0.13351271601562961 1.3022303193232878 -0.08523326137780432
v 0.1312988064051456 1.3028202872634871 -0.10076699692767351
v 0.13703481391510419 1.319960322551422 -0.085233260318307566
v 0.134762819593329 1.3202602542066737 -0.10076699587960967
v 0.13351271543208706 1.37377034014877 -0.085233257667803999
v 0.13129871646754376 1.3731802549736503 -0.10076699325315584
v 0.12769680702540401 1.3908903493711724 -0.085233256982328545
v 0.12557881625021322 1.3900203606933204 -0.10076699257443127
v 0.097738029428919862 1.4357403556896793 -0.085233256288384782
v 0.096117439421122858 1.4341203018994095 -0.10076699192730328
v 0.084141375490626391 1.4476603348668977 -0.085233256127403442
v 0.08274626985401469 1.4458403670327025 -0.10076699176913326
v -0.035774810246029826 1.4715103068049302 -0.085233259857854168
v -0.035181691197449419 1.4693002860478226 -0.10076699543739159
v -0.052893741062680223 1.4657002825515972 -0.085233260974299382
v -0.052016780970389108 1.4635803840468495 -0.10076699653571911
v -0.097738495102921472 1.4357403556896799 -0.085233264832939665
v -0.096117896286541687 1.4341203018994102 -0.10076700033018123
v -0.10965519212822054 1.4221403594456508 -0.085233266215599984
v -0.10783719017892526 1.4207503796594216 -0.10076700168963412
v -0.13351318746842727 1.3737703401360544 -0.085233269398113931
v -0.13129909776796203 1.3731802549595791 -0.10076700479232172
v -0.13703519601021161 1.3560403368042557 -0.085233270500555208
v -0.13476318550656 1.3557402879214298 -0.10076700588287328
v -0.095391321393787101 1.3827303545659435 -0.13100002328534346
v -0.099063079215158736 1.3684003204504724 -0.13100002425921889
v -0.099063078870220242 1.3076003446667395 -0.13100002755539222
v -0.11191518880568542 1.3059602627584497 -0.13100002816435052
v -0.10133119216311413 1.32263025667706 -0.13100002685182141
v -0.11493119138304816 1.321800321356299 -0.13100002744671688
v -0.085299598625949768 1.2688502800507262 -0.13100002887481982
v -0.078404287329352146 1.2596002323801236 -0.13100002898292126
v -0.044733746146582473 1.2426102808828348 -0.13100002817231482
v -0.030396087166924917 1.2389403026334844 -0.1310000276320146
v 0.069154089059764751 1.2527002774886584 -0.13100002266310704
v 0.078403902822129709 1.2596002324880338 -0.13100002195297777
v 0.09539086111460103 1.2932703107162642 -0.13100001965557131
v 0.099062693366047783 1.3076003447138558 -0.13100001878985057
v 0.0990626929884309 1.3684003204637079 -0.13100001554905949
v 0.10133081371738166 1.3533702891982906 -0.13100001626150093
v 0.085299138111271863 1.407150266121781 -0.13100001464153224
v 0.078403841835656171 1.4164003139681713 -0.1310000143568055
v 0.044733289760746954 1.4333903850966085 -0.13100001475201586
v 0.030395571273961062 1.4370603634843779 -0.13100001514618936
v -0.069154489653906845 1.423300269112149 -0.13100002036957237
v -0.078404288607440017 1.4164003139681718 -0.13100002121111026
v -1.7303634106978173e-07 1.1718802767367631 0.10076705887614071
v 0.021919975104545179 1.171500236161799 0.11294206401579593
v 0.021681677711679309 1.1733101923070548 0.1007670598743938
v -2.4387547070122434e-07 1.5041203644632182 0.10076707720451675
v -0.021920440074181521 1.5045002838217367 0.11294208145426225
v -0.02168213830953802 1.5026903293583109 0.10076707616615627
v 0.038968861418157981 1.4650003906144617 0.13100009739630986
v 0.041075051063985873 1.4814803650441135 0.13100009847042898
v 0.019704750107773106 1.4679102903261692 0.13100009672758825
v 0.020767329477771875 1.4853503766890708 0.13100009781555771
v -0.038969202559540554 1.2110003617295257 0.13100007892618698
v -0.041075390198939257 1.1945202696073918 0.13100007771681352
v -0.01970528074303729 1.2080902239867781 0.13100007965132646
v -0.020767667844027247 1.1906502586478258 0.13100007842722416
v -1.8083988355570054e-07 1.1997802714085573 -0.085233269918484067
v -1.8154569563426985e-07 1.2020702837080386 -0.10076700589203011
v 0.018040784735597549 1.2009602050704045 -0.085233269690779337
v 0.017741694069202757 1.2032402038745762 -0.10076700549600658
v -2.3120013771892168e-07 1.4762203865840233 -0.085233257995642284
v -2.3014813011482948e-07 1.4739303763674798 -0.10076699360617428
v -0.018041180453101123 1.4750403334410191 -0.085233258859011785
v -0.017742020336682051 1.4727603368080711 -0.10076699445583261
v 0.030395632590330658 1.2389403026931467 -0.13100002488867679
v 0.03203846355275991 1.226080239207451 -0.13100002521436568
v 0.015369783171497661 1.2366703187185999 -0.13100002564109425
v 0.016198464090171956 1.223070320109422 -0.13100002648194334
v -0.030396088826260586 1.4370603634843782 -0.13100001780347867
v -0.032038848715624825 1.4499203082169647 -0.13100001706041473
v -0.01537017883618833 1.4393303475180268 -0.13100001700283723
v -0.016198918091855065 1.4529303437620558 -0.1310000161772979
v -0.070331585429127277 -4.2541336604393899e-08 -0.012458149408227598
v -0.074210602737273715 -4.7745626561655797e-08 -0.042882228254193737
v -0.060889498864212445 -4.3221877336022283e-08 -0.016085451081168177
v -0.070781138403818541 -5.090330572123721e-08 -0.058136551431627367
v -0.11309001431036972 0.025682292047409357 -0.015803289984458676
v -0.10151402470919786 0.025081522173847019 -0.059118130263878826
v -0.11167292089184067 0.01068795873991945 -0.018682017729931878
v -0.099909325744454797 0.010280849194547588 -0.064193936022400519
v -0.097144973935150675 -3.1090441350220146e-08 0.0547880746094375
v -0.099571591326534786 -2.6649003296480094e-08 0.078133853836489908
v -0.11010101236190827 -3.1202633252579511e-08 0.054817871394370797
v -0.11244801286902285 -2.6528486561057853e-08 0.078273081579711648
v -0.09375036649873876 -9.7809308961985223e-09 0.16565611729609214
v -0.091408081929107765 -1.3541596271950843e-08 0.14635010821186006
v -0.071677216298443494 -1.2094676141599185e-08 0.15377811638936054
v -0.077587791090027641 -1.4760801504137581e-08 0.14009111280893505
v 0.05298722113023064 -8.0164165806675088e-08 0.055413279766205283
v 0.066294501708851331 -8.0495386501932962e-08 0.055122949396995781
v 0.055282479906649272 -8.8153594331967518e-08 0.078733361890993517
v 0.067963781217981967 -8.8433847791421446e-08 0.07837835950127417
v -0.055282483584510676 -2.663209073850945e-08 0.078733469126372052
v -0.060183417107971607 -1.8792297929551363e-08 0.11816310105612268
v -0.06796378487967622 -2.6536194651072407e-08 0.078378464785574087
v -0.071847505570601045 -1.961615557415568e-08 0.11426210262776976
v 0.043859901243717254 0.025103535892108581 0.079249487249505701
v 0.044017861371486777 0.011149014055962619 0.079201086024704256
v 0.050185737063246298 0.02369578158751379 0.12339100080045382
v 0.050358598164303686 0.011148709227611303 0.12336399691205754
v 0.082541400925253208 0.0099822557631858589 -0.079702011104140422
v 0.08157795109979056 0.024598379426252322 -0.073664108223169378
v 0.099909298664342505 0.010280863643686898 -0.064194063933317044
v 0.10151399680671608 0.025081533875615167 -0.059118250784317483
v 0.12158790848586488 0.02592472456507398 0.055023055991273252
v 0.12356000195010078 0.02517548601553975 0.078587158963619869
v 0.12173900654349686 0.011149142173064536 0.054963981248905613
v 0.12371800665597681 0.011149014009694811 0.078538876287435722
v 0.099571586096674367 -8.8380306382598111e-08 0.078133751235363896
v 0.11244800632674438 -8.8341222877756971e-08 0.078272979604117832
v 0.10355500755080566 -1.0051190980498155e-07 0.1141429951452988
v 0.11638400478814943 -1.0173219600322717e-07 0.11792099887213063
v 0.092575071764881903 -5.6182949107222355e-08 -0.012387451504460445
v 0.089822175174794266 -4.487799737402851e-08 -0.042630467480320205
v 0.10204900561876921 -5.482819560060929e-08 -0.015933814974298129
v 0.093953663196208431 -3.9862532619229293e-08 -0.057602565285551889
v 0.048045216228709817 0.025219859566690147 -0.015511343790607542
v 0.061137082616856679 0.02454175416974597 -0.059206523660663486
v 0.050574066990768378 0.01044344847004763 -0.018734764306699576
v 0.064464564250851064 0.0099753368865678361 -0.064713110561439718
v -0.1235600109536697 0.025175549202197819 0.078587248705517171
v -0.12371801506833462 0.011149076161966077 0.078538972724554665
v -0.12727300884172249 0.023762268137306908 0.1230250960542031
v -0.12744501277083417 0.011148734645050973 0.12299800134401244
v -0.082541425750405184 0.0099822330050510551 -0.07970188160269423
v -0.081578036321085873 0.024598359944659212 -0.07366398583119442
v -0.064464589648335915 0.0099752634994053208 -0.064712979451710825
v -0.061137108452543561 0.024541742419374804 -0.059206399490986363
v -0.040502088028770318 0.025849904516008233 0.055842460248513491
v -0.043859906657431745 0.025103598904420633 0.079249584838784012
v -0.040653296392248912 0.011149192136700488 0.055783345742604358
v -0.044017865955363389 0.011149076231551525 0.07920119001093677
v 0.065275496878424322 0.022399486682518524 0.1642730052486428
v 0.065462476638245337 0.011148274670865719 0.16426601283618492
v 0.094925407826500885 0.021987131524792609 0.17790001616455622
v 0.095116671669604302 0.011148149955852591 0.17790001253629908
v 0.043879506511388958 0.048661773101549552 -0.010193652244375788
v 0.040239877283636843 0.048736630437571461 0.032884662861612235
v 0.040110294285457412 0.072741933779131254 -0.0048531999367091155
v 0.045301974710543473 0.073659245054342432 0.037362159628810308
v 0.095178486868573886 -7.1777492554524829e-08 0.029487046125885923
v 0.08117109816235607 -7.1819607385761867e-08 0.02960333611061735
v 0.081447958061963407 -5.6556806270705714e-08 -0.011227251240339653
v -0.11538802054410156 0.049288947096110279 -0.011149248315597169
v -0.11931701953046124 0.049121115883831522 0.031987652483085258
v -0.11741102585242107 0.073472641376780265 -0.0064261912850518601
v -0.11324001658106145 0.074154049374544451 0.036504657826354696
v -0.067022813656138824 -3.5747645971718367e-08 0.029757156325070411
v -0.081171100513374353 -3.5774125216902503e-08 0.029603437028078099
v -0.081447970585467031 -4.2349504875019789e-08 -0.011227137993179729
v -0.11891201006105616 0.02607277065264017 0.030752896941191283
v -0.12158801320309963 0.025924715555252126 0.055023144574006311
v -0.12136301554996733 0.047952627515029975 0.055111172352463773
v 0.11891200344553243 0.026072783273105204 0.030752808978010394
v 0.11931690264740159 0.049121139478840344 0.031987567346634369
v 0.12136300344195081 0.04795263784676098 0.05511108938631596
v -0.095178489415843004 -3.5943322699291247e-08 0.029487147139659661
v -0.08177817418497671 -3.0970710297228242e-08 0.054902094471392424
v 0.097144969976248913 -8.0393066836563777e-08 0.054787972736714215
v 0.081778170745025996 -8.0426347197645817e-08 0.054901991969343471
v -0.041450809251682881 0.025900209959161664 0.031484180073153178
v -0.040239890002080024 0.048736665520326135 0.032884759763380116
v -0.040277849168860153 0.047653288933015577 0.05593037107440639
v 0.041450799475236375 0.025900234264286868 0.031484077695070313
v 0.040502080515848332 0.025849854180676608 0.055842360565571139
v 0.040277838956253795 0.047653240379035219 0.05593027826542369
v -0.094744997421404617 0.032207721214808777 0.17790011462202668
v -0.093049475708414361 0.043123242986569492 0.16424811193351144
v -0.12129101292813613 0.03404157880826738 0.16419110140845067
v -0.11292501654941936 0.043230767705991185 0.15356410980809879
v -1.1597909339417957e-07 0.9735770283068691 0.094175308408436145
v -1.3945532233428899e-07 1.0469199993848406 0.085859483571575218
v 0.50004686642664586 0.81860533921183887 0.15558704634678014
v 0.53387285214682711 0.79495833093262336 0.16922704723495
v 0.5453078939049838 0.82870331544558962 0.10690904369063343
v 0.5631028520700293 0.80062732575080842 0.13869404678523536
v -0.54530800159262161 0.828703117170285 0.10690898507655286
v -0.56310296479493827 0.8006271160556212 0.13869399477912431
v -0.50004709848933127 0.81860519868726156 0.1555870013537764
v -0.53387308675030598 0.79495811928200744 0.16922700357897902
v 0.048431874359341723 0.089433564447163896 0.031799253254041607
v 0.10702690650790896 0.090273939340734285 -0.037136932444319627
v 0.10635600248540211 0.073438850010420886 -0.042537175282180172
v -0.10916801751075328 0.089930746560163602 0.030901524252361295
v -0.048916533616450819 0.089623236675291346 -0.035366215145999767
v -0.05065842776999667 0.072793022119130385 -0.04102377729638311
v -0.11970419105775267 1.2688903316154507 -0.085233274190176164
v -0.069111565987190482 1.2183002748530702 -0.085233274247273227
v -0.018041175742125923 1.2009602051249475 -0.08523327131308879
v 0.069111173569309306 1.2183002746912026 -0.085233267724102946
v 0.11970381039426967 1.2688903317465572 -0.085233263503194476
v 0.13822280882685437 1.3380003892700387 -0.0852332593540302
v 0.11970371230894837 1.4071103281803266 -0.085233256456792764
v 0.069111170240840014 1.4577003829333799 -0.085233256148206621
v 0.01804065889974503 1.4750403334410189 -0.085233257281823641
v -0.069111628464261027 1.4577003829333801 -0.085233262190120312
v -0.11970419215636878 1.4071103281760307 -0.085233266956881701
v -0.13822319097020133 1.3380003892393013 -0.085233271530368304
v -0.13547719285591572 1.2597802285295232 0.038208338947835083
v -0.14452219833703164 1.2781402526227206 0.038208339275688841
v -0.07821779024628242 1.2025202930680632 0.03820834025400998
v -0.095228354757044123 1.2139002529511904 0.038208339193810975
v -0.020683023294889361 1.1779702070803597 0.049028078376509777
v -1.6207836220602379e-07 1.1767301976691309 0.049258869032971449
v 0.078217393697549237 1.202520292994798 0.038208346962586431
v 0.059862808950491189 1.1934802973487204 0.03820834790961733
v 0.13547680519826055 1.2597802285823652 0.038208350866495919
v 0.12410380791920508 1.2427702475899156 0.038208349066556666
v 0.15643470518018551 1.3380003813430261 0.038208355149909709
v 0.1550908145518862 1.3175803004776103 0.038208354135493457
v 0.13547680229144057 1.4162202970918072 0.038208358419949504
v 0.14452170299085096 1.3978602724036568 0.038208357826013908
v 0.078217324055241205 1.4734803523461399 0.038208358833300454
v 0.095227953232334725 1.4621002722177816 0.038208358855759531
v -2.3956393545096547e-07 1.4944403325328992 0.038208356742430866
v 0.020417744479583354 1.4930902868874276 0.03820835754938405
v -0.078217800520850589 1.4734803523461404 0.038208351995300288
v -0.0598631462087168 1.4825203533556812 0.038208353370428411
v -0.135477195693748 1.4162202970937043 0.038208346556425292
v -0.12410419745259996 1.4332302761591811 0.038208348002551969
v -0.15643520128263735 1.3380003813336323 0.038208341433695787
v -0.15509119128684362 1.3584203430950044 0.038208342584935114
v -0.14021519531193202 1.3755702787618405 -0.0382082851944626
v -0.13410619617269026 1.39355026408294 -0.03820828394002862
v -0.10264419039146182 1.4406403329493616 -0.038208280353602339
v -0.088365182479779675 1.4531602926770133 -0.038208278936118653
v 0.14565981068683853 1.3770303521610714 4.2101497688590985e-08
v 0.14021480872141018 1.3755702787703132 -0.038208272886342855
v -2.3697480955320321e-07 1.4888003032031061 4.1784909837991996e-08
v -0.075399147437065606 1.2074102604361412 2.5726362653006503e-08
v 0.03607269795710949 1.1709002507863115 0.031555326534405827
v 0.036541607485508706 1.157830246868603 0.03068192772397918
v -0.03607299784361321 1.1709002337503598 0.031555324217126257
v -0.036541845645012498 1.1578302229113118 0.030681925652862766
v -1.6271576234301494e-07 1.1582301685139387 -0.044520846038071112
v -1.6835742645847579e-07 1.1744701951849748 -0.044065278162493782
v 0.039582864761046783 1.1414202267674727 0.032580203733208322
v 0.036792534191254313 1.1482301888195121 0.030451429280181543
v -0.039583180842830232 1.1414201921543283 0.032580201726642791
v -0.036792910239309605 1.1482301590732888 0.030451427382846299
v -1.6219528429753893e-07 1.1415101583044547 -0.048710772816059671
v -1.6307378663542894e-07 1.1478601222961413 -0.045089964977830875
v 0.11078089888592491 0.40584602911498813 0.088298577158087588
v 0.11138689993028274 0.36935102486116328 0.091573359637182578
v 0.11148790161317026 0.33846401436885504 0.089194681468404174
v -0.11010800849282969 0.36890390284745961 0.014753123596589842
v -0.11017900672256739 0.353970997790511 0.017815901796345998
v 0.10766290181262578 0.59388104176280898 0.071267563914995183
v 0.10820589875793526 0.56117901399267278 0.074221464907946885
v 0.10738990625567377 0.6063560522618735 0.071393390512173596
v -0.03340667024629386 0.59388501871503485 0.078538798024832629
v -0.03510737095188933 0.56118203644308118 0.081261718226567789
v -0.030787577566084457 0.60635901728319641 0.078623197389082203
v 0.10948289722594044 0.48414403485121144 0.081206590319651842
v -0.039114292831751135 0.48413501274776982 0.087704214916590362
v -0.07137457827265295 0.56143701769737187 -0.07419149993571586
v -0.108205997823656 0.5611789989538376 0.074221399634736313
v -0.071696871919788269 0.56114401005684766 0.099446320496374918
v 0.10737491121995162 0.60641802495706043 -0.068363431388269114
v 0.10692081460483711 0.62270803166432853 -0.072003738502326706
v -0.10737508828437849 0.60641801729858114 -0.068363475361813808
v -0.069070085740511142 0.60642898075397766 -0.091415453590915588
v -0.10334608546224099 0.6876259836824834 0.076463284786304167
v 2.2320530237920816e-08 0.65688901040200054 -0.10056699487291687
v 2.3455863980417063e-08 0.68759797839757353 -0.098504354332051319
v -1.5924963066483852e-07 1.102900133407845 0.077145742709243792
v -0.059054955355436846 0.68758599100650741 0.10521100929056659
v -0.10208324566297736 1.0347400601867998 0.013297795712248005
v 0.10208280888636868 1.0347403683067933 0.013297799131846196
v 0.12817980715023666 1.0218303799184933 0.012445991300624282
v 0.30423395662592922 0.93461840957226994 -0.056150231467864978
v 0.32702186295252922 0.9229592328977696 -0.039710308236466686
v 0.28004494553493992 0.94675343971808057 -0.064490137281514759
v 0.25066983170719592 0.96127548666519202 -0.065447937258364258
v -0.32991511418287162 0.98629114725373956 -0.055548260563059275
v -0.3520252073424856 0.9725662517724184 -0.0391855883514306
v -0.2737032532358552 1.0156101268553228 -0.064630865746074864
v -0.30619412536789264 0.99941508651123334 -0.063715280522897516
v -0.20252913631181915 1.0511001509847784 0.0096296013438461042
v -0.18887815041705996 0.99182501755396579 -0.067464705162474783
v -0.46111906799907426 0.90487428292984351 0.041689205218673239
v 0.48512880891655658 0.89057132220094004 0.05123310521121309
v 0.47636682314929124 0.89569517532791676 0.049023155277911776
v -0.47636704060593166 0.89569514533591854 0.049023074937995459
v 0.46111885277021963 0.90487429310608825 0.041689298549219288
v 0.441544850925006 0.9170243432652232 0.02719536829931327
v 0.46298777649623735 0.87286433939671781 0.1391790487509123
v 0.4792508755749626 0.88701531565797453 0.12884403578759537
v 0.50878986108031121 0.84651729172917212 0.057810643146435643
v 0.49288075044551322 0.83216133508151446 0.067516120841657964
v -0.50879002384721295 0.84651721892821574 0.057810577659263881
v -0.51324809674604999 0.86745913945214681 0.068447024245166493
v -0.46298800651602851 0.87286421740799724 0.13917900183920151
v -0.458174988712447 0.85212513219480812 0.12917199199561169
v -0.086955197767955905 1.1232600925203282 -0.014834422925739934
v 0.081454220686537737 1.113600239447871 -0.084401220330465904
v 0.086954781589759916 1.1232602431388854 -0.014834422436884598
v 0.081364215023830677 1.109740233131598 0.056158887089435811
v 0.043773783099987709 1.1029601669654134 0.075704082383856952
v 0.043829400803276679 1.1072500146273747 -0.099991544032800625
v -1.5832958198128802e-07 1.1070599984729186 -0.10188704277646865
v -0.043829649951205155 1.1072500464665538 -0.099991545486434935
v -0.078960243938756725 0.30210797724197186 0.094790132499889476
v -0.046389940927123917 0.30215399199345583 0.084943803485375557
v -0.12108400767478106 0.30220799095415357 0.044126641106101844
v -0.11111000531522458 0.30210597971418363 0.08029087505115523
v 0.11857490597307253 0.14654197750722828 0.0087726682411502829
v 0.10748390521018883 0.14661797831944298 -0.024026945428025241
v 0.078844662040540303 0.14609296974139591 0.05402595065545087
v 0.10949300558203788 0.14631698060337209 0.042135359468072307
v -0.038630013420075028 0.10183096322810535 0.00076831793325894823
v -0.048777598236913418 0.10201696411144241 -0.031867662239770798
v -0.10696891932635948 0.10265996364972388 -0.03363154475120389
v -0.077734189493958467 0.10238195903947875 -0.043620985374353057
v -0.070817427054618895 0.043030607835692493 0.15368610741111757
v 0.059459987062517226 0.051663007934519931 0.12341800334968217
v 0.070817357867386896 0.043030501440079513 0.15368601764410295
v -0.088695696417104175 1.3735903199695194 0.13100008646473163
v -0.069986990515523262 1.372870295629516 0.13100008723437706
v -0.088695695015045928 1.3024203249702988 0.13100008251040324
v -0.069986989087011092 1.3031302165177081 0.1310000833919501
v -0.08483629893149558 1.2401202207313196 0.13100007943093692
v -0.070597754690435791 1.2364902969917191 0.13100007994211363
v -0.052070430354418801 1.3726103000872045 0.13100008799171109
v -0.034611577985834856 1.3726103000888852 0.13100008874628546
v -0.052070428891672141 1.3033903312734825 0.13100008420552764
v -0.034611576488853692 1.3033903312777106 0.13100008498093291
v -0.036903724858826412 1.2301803095171562 0.13100008128667656
v -0.054421772590802747 1.2330302465846068 0.13100008056478543
v -2.2669167518027195e-07 1.3727003031337512 0.13100009025322526
v -0.01727526903798788 1.3726602487984221 0.13100008950142308
v -0.017275267529076516 1.3033402633610642 0.13100008573721997
v -2.0558932030356925e-07 1.3033003282373119 0.13100008649182263
v -1.9698741637437174e-07 1.2277203061607103 0.13100008287928172
v -0.018638663536135622 1.2283702352644732 0.13100008202877278
v 0.017274790550331622 1.372660248798202 0.13100009101277385
v 0.034611103241104842 1.3726103000885197 0.13100009177397107
v 0.017274792081028577 1.3033402633654949 0.13100008726027318
v 0.034611104781138477 1.3033903312863639 0.13100008803183255
v 0.01863825636962119 1.2283702352505512 0.13100008364890434
v 0.036903387963459829 1.2301803094900314 0.13100008449426589
v 0.052070082299125096 1.372610300086035 0.13100009254980635
v 0.069986582885150944 1.3728702956275247 0.13100009336289681
v 0.06998658431470052 1.303130216520578 0.13100008951864747
v 0.052070083784176054 1.3033903312792838 0.13100008877447039
v 0.054421308094117368 1.2330302465769745 0.13100008531699278
v 0.070597296703401063 1.2364902970028069 0.13100008612234898
v 0.10782480347523997 1.3749003112719116 0.13100009514708424
v 0.088695281333557724 1.3735903199680088 0.13100009422622463
v 0.10782480484513854 1.301100320087109 0.13100009099495324
v 0.088695282733022449 1.3024203249718094 0.13100009026866949
v 0.084835884811792786 1.2401202207563109 0.13100008686760037
v 0.094516155556922346 1.2434802546105412 0.13100008738598931
v -0.069182674452851839 1.310240235192768 -0.13100002617671863
v -0.054589788503049387 1.3108002805992256 -0.13100002554100229
v -0.069182674771336397 1.3657603106516525 -0.13100002317906206
v -0.054589848418398153 1.3652002652201907 -0.13100002260358459
v -0.066172409671149277 1.4143502711456395 -0.13100002080633866
v -0.055066209154925369 1.4171803006046677 -0.13100002014154596
v -0.040615066035497777 1.3110004330553424 -0.13100002493031737
v -0.026997008449056375 1.3110004330495713 -0.13100002434826136
v -0.040615066348276586 1.3650003511716482 -0.13100002202381505
v -0.026997008763910001 1.3650003511666342 -0.13100002144676745
v -0.028784979003272076 1.422100308011282 -0.1310000186809997
v -0.042449038344225899 1.4198802726862825 -0.13100001941894768
v -2.0484441706175583e-07 1.3109303379650528 -0.13100002317181333
v -0.013474688022055847 1.3109602595059966 -0.13100002375979725
v -0.013474688339502995 1.36504028629022 -0.13100002085817894
v -2.0729649807158348e-07 1.3650703270392797 -0.13100002027333069
v -2.2361259769073165e-07 1.4240202934564004 -0.13100001730111738
v -0.014538208822510256 1.4235103159489984 -0.13100001796890801
v 0.013474231506544202 1.3109602595130065 -0.13100002256578391
v 0.026996682327004445 1.3110004330631755 -0.13100002195698657
v 0.013474171581340051 1.3650402862932829 -0.13100001966907307
v 0.026996682006963774 1.3650003511730404 -0.13100001906334979
v 0.014537761119403832 1.4235103159489981 -0.1310000166979563
v 0.028784580660262103 1.4221003080112817 -0.13100001616455295
v 0.040614672883118298 1.3110004330771925 -0.13100002132964714
v 0.054589462431311797 1.3108002806297696 -0.13100002069882544
v 0.05458946209882222 1.3652002652290878 -0.13100001779880899
v 0.040614672557371875 1.3650003511794471 -0.13100001844481099
v 0.042448591572442053 1.4198802726862823 -0.13100001570795242
v 0.055065881592431073 1.4171803006046675 -0.13100001532751679
v 0.084103350547859779 1.3092202802399375 -0.13100001941109776
v 0.069182281374647103 1.3102402352283842 -0.13100002004753611
v 0.084103350192547208 1.3667802656832826 -0.13100001634302502
v 0.069182281031264725 1.3657603106621652 -0.13100001709243983
v 0.066171947998204236 1.4143502711456393 -0.13100001502137992
v 0.073722552639641767 1.4117202749398647 -0.13100001485798224
v 0.094307003702744377 1.1044502406602972 0.017626862404172664
v 0.091205007662333776 1.1041601862615558 0.032591744290192293
v -0.094319663644133203 1.104920096499695 -0.070865416606728446
v -0.095077009223504191 1.0686199812924817 -0.086068554389228225
v -0.095831902277812714 1.0322400554702016 -0.071276319394491486
v -0.096083611936057176 1.0201200348169137 -0.025355524816610537
v 0.11810981433856312 0.68762303564795946 0.00072664339253388497
v -0.059054946885496132 0.68759797545279933 -0.098504360574130284
v 0.10334591190571579 0.68762601595349993 0.076463325414056413
v 0.059054800979442837 0.68758600916971524 0.10521103055960274
v 1.3547761523117695e-08 0.68755500417130488 0.10783801928937144
v 0.081492662722086703 1.4761803182701807 0.13100009995390174
v 0.078264952030888124 1.4668103458395614 0.13100009924008293
v -0.16016819918529163 1.3380003751582612 0.13100008128188387
v -0.14866420470070657 1.3380003751587413 0.13100008179723949
v 0.034716314112790005 1.2084402348037913 -0.11294201052602973
v 0.034347603657322194 1.2098103083241156 -0.1226000076880896
v 0.043624172203136899 1.175190240493821 0.12260006176347983
v -0.043624568508407069 1.5008102776547965 0.12260007734147328
v 0.042516000966532207 1.1834901887461655 0.1310000803533522
v 0.041075121222776491 1.1945202695998038 0.13100008130501392
v -0.12956418442222262 1.3032803167486746 -0.11294201367103553
v -0.12818819590537936 1.303650343111562 -0.12260001066821397
v -0.1685522030953979 1.3380003757234233 0.12260006267608545
v -0.16794320713818769 1.3380003763729058 0.11294206569329751
v -0.033162817227444664 1.4585203075949438 -0.13100001656460544
v 0.033162301879811729 1.2174802370922313 -0.13100002595977639
v -0.12051619118423992 1.3048402911351675 -0.13100002858363069
v -0.034716770710724737 1.467560307460237 -0.11294200071115773
v -0.034348000076625265 1.4661903544688826 -0.12259999785159202
v 0.084275663500894687 1.4839702908234143 0.1226000822568321
v 0.083971322581938165 1.4834402867863219 0.11294208513041043
v -0.042516410149814443 1.492510327377641 0.13100009549309369
v -0.041075460384816145 1.4814803650475405 0.13100009487440237
v -0.14386219785234869 1.2549402063519861 0.10076705727464959
v -0.0830588747296091 1.1941402322408032 0.10076705664258659
v 0.083058480463520545 1.1941402322578887 0.10076706390701164
v 0.14386180538646645 1.2549402063732928 0.10076706987623184
v 0.16611670236556658 1.3380003771914561 0.10076707519496755
v 0.14386169801850032 1.4210603109292983 0.1007670789347019
v 0.083058410569370147 1.4818602873396365 0.10076707942461653
v -0.083058885053455503 1.4818602873396369 0.10076707216339499
v -0.14386220088365775 1.4210603109336295 0.10076706634362347
v -0.16611720345104891 1.3380003771890587 0.10076706065357544
v -0.10782520228461444 1.3011003200869014 0.1310000815680229
v -0.10497219558228117 1.283580244664742 0.13100008076088165
v -0.10963419690417658 1.3566403032559566 0.13100008461192963
v -0.10782520366021875 1.3749003112729359 0.13100008571583246
v -0.097883819911579295 1.4228403426290135 0.1310000889538403
v -0.094516626963270248 1.4325202593191109 0.13100008965041152
v -0.038969147639979079 1.4650003906171789 0.13100009398511719
v 0.084835820400832193 1.4358802934536661 0.13100009768548351
v 0.09451615119046794 1.4325202593149033 0.13100009792183204
v 0.038968810183257402 1.2110003617189582 0.13100008232661819
v -0.094516563061677467 1.2434802545727968 0.13100007909114245
v -0.11772019027598012 1.2700303313611356 -0.10076700954733338
v -0.067965666358383817 1.2202802237111752 -0.10076700966497468
v 0.067965274491208774 1.2202802235941053 -0.10076700333048683
v 0.11771981075004989 1.2700303314842438 -0.10076699904442979
v 0.13593071285315242 1.3380003902629194 -0.10076699492512443
v 0.11771971278247452 1.4059703303723776 -0.10076699205353419
v 0.067965271624034221 1.4557203169709845 -0.10076699178918787
v -0.067965728489453051 1.4557203169709847 -0.1007669977309238
v -0.11772019127137404 1.4059703303671083 -0.10076700238253515
v -0.13593119802028153 1.3380003902312989 -0.10076700690159006
v -0.084103810957759387 1.3667802656717694 -0.13100002373819869
v -0.081878590804155355 1.3804503569489901 -0.13100002285893797
v -0.085514585611469185 1.3234603112069985 -0.13100002616110454
v -0.084103810631494261 1.309220280199104 -0.13100002685590825
v -0.076349357768285678 1.2718302747771162 -0.13100002837657779
v -0.073722998196619691 1.2642802713154615 -0.13100002857496104
v -0.028784977628186468 1.2539002384753297 -0.13100002703014449
v -0.042448977404954465 1.2561202737429975 -0.13100002754742268
v 0.066171949334387012 1.2616502752500074 -0.13100002242832509
v 0.073722613549865743 1.2642802714078547 -0.13100002197518337
v -0.073722999411425613 1.4117202749398652 -0.13100002130303548
v 0.01863824986973521 1.447630280150952 0.13100009544873509
v 0.036903318414776606 1.4458303384973201 0.13100009614332556
v 0.014537882689046832 1.2524902306048142 -0.13100002514014242
v 0.028784582080993704 1.2539002385240525 -0.13100002443705494
v -0.054466674860816529 -3.5682321563563155e-08 0.029905924875589036
v -0.11867000723755933 0.011033917126259465 0.029986331324163708
v -0.10731201353523834 -3.6058139864865723e-08 0.029450546256194057
v -0.1130900093960505 -1.210480669178579e-08 0.1537261095127388
v -0.10384101450707547 -1.4770345592355286e-08 0.1400421166303219
v 0.054466672226931974 -7.1499996548360352e-08 0.029905820624738372
v 0.067022811533231905 -7.1874224084236345e-08 0.02975705594934237
v 0.11867000151399465 0.011033940387206002 0.02998623655884701
v 0.10384100466019333 -1.0932452898037588e-07 0.14004200875428635
v 0.11308999780159272 -1.1391568412024505e-07 0.15372600096621059
v 0.10731200978669878 -7.1529856502241462e-08 0.029450445882982557
v 0.042195270353181963 0.010972720419952705 0.030631261729374668
v -0.12147701667234491 0.022445786376617722 0.16418210335533637
v -0.12166301296606104 0.011148322722455896 0.16417511690140688
v -0.042195276803459428 0.010972756770494509 0.030631367593845771
v 0.12166299994713103 0.011148274701397044 0.16417501388698971
v 0.12147700366389018 0.022445736199417796 0.1641820063150079
v 0.082112195930200707 -4.2287818146341376e-08 -0.050674298611718877
v -0.082112218731233297 -4.9449736767019659e-08 -0.050674169934678603
v -0.11103202058133783 0.067118321018467861 0.055290511936414398
v 0.12334290580464202 0.044956239824759825 0.078657788822322605
v -0.083735114160962618 -2.6608785951274699e-08 0.078173781946936652
v -0.043643125888287025 0.04466883306086436 0.079319961975120992
v 0.050217984417457451 0.066744196002076747 0.05590458484660546
v -0.065090426916437738 0.033856387198239975 0.16428310302484764
v 0.45817476037036531 0.85212531967666938 0.12917204048242786
v 0.5132478754832992 0.86745932496291478 0.068447090069835945
v -0.49970300483280222 0.88308623345058057 0.098695851571397042
v -0.47207410165685015 0.8362941298917963 0.098293649780135398
v -0.56831402025048505 0.78253310941105581 0.14273799299889589
v 0.048312486161508232 0.10183296320151204 0.032952241865159153
v 0.078845854961035022 0.10203396228620311 0.043349744819913605
v 0.07773417683007898 0.10238197341608102 -0.043621086583530616
v 0.1069689054531094 0.10265997486272707 -0.033631642819923452
v -0.1363251857959471 1.3014702393752065 -0.065499957064596492
v -0.099797170842995178 1.2382002445727718 -0.065499958622058971
v -0.036528264465545468 1.2016702110962247 -0.06549995544906613
v -0.035774806145750959 1.2044902314897907 -0.085233272528559806
v 0.03652800584360346 1.2016702150689043 -0.065499952379298329
v 0.099796783237291922 1.2382002444239339 -0.065499949611997635
v 0.13632481772960992 1.3014702394379816 -0.065499945009770091
v 0.13632481704388258 1.3745302983509096 -0.065499941290145872
v 0.099796780447471867 1.4378002916360753 -0.065499939871561649
v 0.036527936409223784 1.4743303214299599 -0.06549994032240436
v 0.035774359473189396 1.47151030680493 -0.085233256730338935
v -0.036528333027850891 1.4743303214299601 -0.065499943515797049
v -0.099797173340808676 1.4378002916360759 -0.065499948596095176
v -0.13632518642254213 1.3745302983399181 -0.065499953263227384
v -0.1549941996794022 1.2964702342572838 0.065500007505649646
v -0.15110518925962299 1.2975102182496796 0.038208339725685408
v -0.11346419048661863 1.224540279259571 0.065500005582383156
v -0.11061619025077644 1.2273802045997335 0.038208338248536221
v -0.041530699893040729 1.1830102550868653 0.065500009634703732
v -0.040748205962073562 1.1837702163623385 0.039982184028111316
v 0.040747907421690509 1.1837702247870798 0.039982187200242582
v 0.041530392671693804 1.1830102611765831 0.065500013005154858
v 0.11346381272542005 1.2245402792550473 0.065500015532286418
v 0.11061581432647047 1.2273802045748432 0.038208347972290675
v 0.15499380731774343 1.2964702342755601 0.06550002109599555
v 0.15110481393502306 1.2975102182750617 0.038208352991514608
v 0.15499370168069415 1.379530286705094 0.065500025431513662
v 0.15110481265226686 1.3784903063171583 0.038208357044246848
v 0.11346360605842823 1.4514603609451415 0.065500027631289801
v 0.11061570439438688 1.4486203197675707 0.038208358674221773
v 0.041530313825743605 1.4929903877407908 0.065500026652894713
v 0.04048812407951221 1.4891003506619147 0.0382083581738661
v -0.041530777776105011 1.4929903877407911 0.065500023022177126
v -0.040488596819831295 1.4891003506619149 0.038208354634259298
v -0.1134641959196505 1.4514603609492152 0.065500017697979557
v -0.15499420098238789 1.37953028670539 0.06550001185866125
v 0.05986273307304249 1.4825203533556808 0.038208358603815634
v 0.12410370695829033 1.4332302761566527 0.038208358868382357
v -0.020418336429191983 1.4930902868874276 0.038208355764381294
v -0.059863130759047582 1.1934802914914915 0.038208343036733032
v 0.044254621930773112 1.1886802153834441 1.9120291875907551e-05
v 0.034105467158150167 0.35390802505890762 0.058630763446288751
v 0.04572849871979142 0.35384702018445641 0.097199723360908347
v 0.11017890467741759 0.3539710336696692 0.017815904733148227
v 0.077072502447079555 0.35399001417776527 0.0057082052383324068
v 0.078858603888806847 0.35381903537619341 0.10710505661644547
v 0.11154190239455411 0.35383301444747883 0.091661744499992315
v 0.12182590365462316 0.35390212759244449 0.054182858801849108
v -0.12150600332924977 0.40542999423958681 0.04457237750416182
v -0.10970610712804879 0.40500700851364485 0.0020363569433992615
v 0.12014990997508398 0.60638602545477505 0.00079201798013301284
v 0.071696690000818894 0.56114402347424708 0.099446377396704422
v -0.018011791999068074 0.6063900026512189 0.0065756615119819933
v -0.10796609531697569 0.56139899218126088 -0.053190338932263298
v -0.10882999546962385 0.48376501278877482 -0.025771412879947071
v 2.0388370836028417e-08 0.63870196549497904 -0.088216896004984169
v 1.4225695901533899e-08 0.63186698510949146 0.0054711261472210216
v 0.10623991482380837 0.64039898595474298 -0.074684038094063279
v 0.06180251735815509 0.64039897797556433 -0.099588552568218761
v -0.024026251256927769 0.6227099821759885 -0.070612656344047328
v -0.03077057463780793 0.60641997586900753 -0.066917764012110581
v -0.12105299220476189 0.64039898109687943 2.9589545255117818e-05
v -0.048714828308387408 0.97357500050950196 0.093429231432935453
v 1.0834118173984317e-08 0.65683799320093028 0.10863502674500275
v -0.094060563370164621 1.1167700971671224 -0.026799630906343925
v -0.095829510146528477 1.0321599407567896 0.020203871222856138
v 0.095829210100187912 1.0321599402073227 0.020203879193009415
v 0.095066912948657878 1.0682599762995169 0.033913162485434037
v -0.31879409861634334 0.99277927119770015 0.0081705429203410146
v -0.30581518734101582 0.96659626312495228 0.020283463650308954
v 0.2884029615278893 0.93171942412027464 -0.026624183008220986
v 0.29267595229197124 0.94046529897209108 -0.062190824277048487
v 0.31869784522917266 0.99285732227355561 -0.061486543265638231
v 0.32308085348588961 1.0015502614547183 -0.026662623191819626
v -0.29267622529231019 0.94046510513035275 -0.062190897128871554
v -0.28840321860973356 0.93171922482474545 -0.026624261688698764
v 0.30566883919238047 0.96667031239546264 -0.073570420049325957
v -0.32308111427801067 1.0015501794083168 -0.026662707287931763
v -0.31869812771688827 0.99285710511888436 -0.061486611760192982
v -0.30566911595552299 0.96667010614873761 -0.073570491826852283
v 0.31879385952638994 0.99277939546239113 0.0081706379165658073
v 0.30581494642199109 0.96659639470573488 0.020283551945297539
v -0.27754223504879211 1.0246701682984318 -0.028499964082678166
v -0.27370324452122108 1.0156101586209743 0.0076308228330482508
v 0.1888778231124697 0.99182549191100966 0.010464635657797783
v -0.44658102397747196 0.86162715377371213 0.045721280928522116
v -0.43093514575802272 0.8620541744283261 0.066938871244082099
v -0.4299690565963657 0.89684828590078858 0.094967663519828618
v -0.44513205995406385 0.91381826638730124 0.087764505357343731
v 0.4465808068635998 0.86162730616523564 0.045721358833642901
v 0.43093492852732113 0.86205431396187981 0.066938948765709702
v 0.4451318421869534 0.91381832404724472 0.087764589567722748
v 0.42996883842691247 0.89684828580578457 0.094967743736018406
v -0.46852704734692058 0.90034527450205171 0.046173381789933014
v -0.46149512427493655 0.87872016373041761 0.038944350618361115
v 0.46149490865348125 0.87872030858199857 0.03894443458394542
v 0.46852683199412409 0.90034529076363268 0.046173469080591473
v -0.46052915435917929 0.91351427504836691 0.066973199008943857
v 0.460528937796921 0.91351434077947036 0.066973285582127548
v 0.4397967872433744 0.8657983244466837 0.11336605242722435
v 0.49530578530669417 0.8846201564817977 0.053798057871310853
v -0.47367898589221352 0.84630812735412386 0.053168748198701467
v -0.49288100550652575 0.83216119722033077 0.067516060513450035
v -0.4621051274859323 0.90371923592172543 0.11278499031327614
v -0.4792511054941066 0.88701513873360338 0.12884398538472883
v 0.33990096751520693 0.94753923614701685 -0.050368507761585697
v 0.3860629513127381 0.95091519308188588 0.048901894941279042
v -0.36200318673654525 0.90580818642078531 0.049505061390959719
v -0.11006511111724906 0.33872397601679327 0.016662199658167259
v -0.1095761084439677 0.30230499474810979 0.0089487006522134729
v 0.035154340147371364 0.30218603007798189 0.048071207685173478
v -0.078844731668285747 0.1460929669738994 0.054026031245099866
v -0.1094930149334358 0.14631697585422421 0.042135438489486032
v -0.11857501285624193 0.14654196735623365 0.0087727508330597819
v -0.11727401836262163 0.051994552723729902 0.12314408591316106
v 0.053420785108898104 0.061518463879962355 0.0792982329439091
v 0.083246176738263747 0.067326829219284928 0.079070368428834581
v -0.10497219771208181 1.3924202678065529 0.13100008686746906
v -0.10963419621689313 1.3193603279193085 0.13100008251821679
v -0.097883756716462031 1.2531602899749108 0.13100007941434302
v -0.081878590314498317 1.2955503082281028 -0.13100002744826691
v -0.0855145857743424 1.352540353824137 -0.13100002458313395
v -0.076349418478808426 1.4041702713274768 -0.13100002189624646
v 0.081548658623830594 1.0525599845062596 -0.099405720887838278
v -0.094663285253512128 1.0157399262315445 0.040348181837821226
v -0.13197320637994356 1.439540258371852 0.1288999777338877
v -0.11774120429899335 1.4557403292910793 0.12889997929929448
v 0.065347138832003632 1.4506102916773556 -0.12889990201930504
v 0.050077151546866455 1.4581502817061487 -0.1288999022090058
v -0.16073320565479735 1.294650261143764 0.12889996802029366
v -0.15367319878081673 1.2739502769510438 0.12889996719141666
v 0.1015427042412255 1.4699703468380489 0.12889998974221653
v 0.083579950386015872 1.4820203834189365 0.12889998965274843
v -0.017097576808739912 1.2089802543136894 -0.1288999176706222
v -0.033891247081225512 1.2123302748108411 -0.12889991836410969
v -0.06534759883106539 1.2253902553012943 -0.1288999190326974
v -0.050077477192400875 1.2178502627585663 -0.12889991899267519
v 0.083580018782707169 1.1939802508626922 0.12889997222483465
v 0.10154280807995487 1.2060302862275474 0.12889997370407905
v 0.1301447123269433 1.338000392050422 -0.12889990500365653
v 0.12901681354049177 1.3551002548589333 -0.12889990411894345
v 0.02186762908742345 1.5030102854134106 0.12889998788192991
v 0.043347120231842166 1.4987303128916118 0.12889998854962803
v -0.16645620601546335 1.3380003752994343 0.12889997027043915
v -0.16501219435283296 1.3598702801361109 0.12889997162460123
v -0.083580426528159682 1.4820203834240571 0.12889998233817634
v -0.1015432025748314 1.4699703468455261 0.12889998085300253
v 0.16501181030921394 1.3161302321195163 0.12889998352949639
v 0.16073280815927748 1.29465026114965 0.12889998208542278
v 0.017097183246055629 1.2089802543005796 -0.12889991613769106
v 0.033890912874032057 1.2123302747790894 -0.12889991532504522
v 0.13197270098997249 1.4395402583647665 0.12889998928522925
v 0.11774080298321489 1.4557403292819617 0.12889998960850715
v 0.043347132737652443 1.1772702042774912 0.12889996917669858
v 0.064049612350567567 1.1843302566323308 0.12889997064276262
v -0.043347530120159038 1.4987303128916121 0.12889998476008246
v -0.064050011032089377 1.4916703785767391 0.12889998377302808
v 0.021867703656797192 1.172990232215775 0.12889996785125341
v 0.079392258117587128 1.4411803569542307 -0.12889990200290152
v 0.092056643257529297 1.4300602723713713 -0.12889990215394825
v -0.1290171920686744 1.3209002908126992 -0.12889991733754497
v -0.12567119582038755 1.3041102530864876 -0.12889991809503609
v -0.16501219369511566 1.3161302321166002 0.12889996909081403
v -0.033891309012978536 1.4636703888725249 -0.12889990552960379
v -0.050077538897603024 1.4581502817061489 -0.12889990658690872
v 0.1607328068339875 1.3813502513137019 0.12889998711201653
v 0.15367280039468126 1.4020503550991246 0.12889998803085667
v -0.021868037041171302 1.1729902322187125 0.1288999659398008
v -0.043347457992011215 1.1772702042876813 0.128899965389877
v 0.050077153769225807 1.2178502627177279 -0.12889991445539262
v 0.11260581430544618 1.4033503495636452 -0.12889990218502023
v 0.10318481553593355 1.4173903473084433 -0.1288999024703508
v 0.12901681375212321 1.3209002908569831 -0.12889990594916784
v 0.12567071342082575 1.3041102531449393 -0.12889990698118314
v -0.06534760068854617 1.450610291677356 -0.12889990773215665
v -0.079392719974129666 1.4411803569542312 -0.12889990894361711
v -0.13014519517622189 1.3380003920188908 -0.12889991647077118
v -0.12901719225955766 1.3551002548364046 -0.12889991547254495
v 0.16645580693841353 1.3380003752999994 0.12889998483485646
v 0.16501180964682829 1.3598702801348279 0.12889998606235969
v 0.017097121144325281 1.4670202902132221 -0.12889990308856081
v 0.033890850881726296 1.4636703888725247 -0.12889990256674988
v 0.065347200476713177 1.2253902555200984 -0.12889991302784914
v 0.079392259941352114 1.2348203091112351 -0.12889991212018465
v -0.06404994091358189 1.1843302566458556 0.12889996504775958
v -0.083580358095102253 1.193980250879217 0.12889996492462147
v -0.12015218556048976 1.2879203151581773 -0.12889991868051234
v -0.10318518798550892 1.4173903473084437 -0.12889991149107502
v -0.092057090212910642 1.4300602723713718 -0.12889991020181948
v -0.017097579275577528 1.4670202902132221 -0.12889990458325942
v 0.10318481695977738 1.258610318134054 -0.12889991013857993
v 0.092056704471195405 1.245940274151669 -0.128899911166558
v -0.10154319558183321 1.2060302862351717 0.12889996483018845
v -0.11774119912024771 1.2202603050962688 0.12889996590257682
v -0.11260618524403537 1.2726503156341695 -0.12889991912621632
v -0.10318518668356065 1.2586103180073103 -0.1288999193641589
v 0.15367280251566393 1.273950276960782 0.12889998064010044
v 0.14402281114586135 1.254420213224118 0.12889997910468723
v 0.12567071299808161 1.3718902926388927 -0.12889990335801843
v 0.12015181455913733 1.3880803498937055 -0.12889990269482621
v -0.11260618602468564 1.4033503495567718 -0.12889991206946608
v -0.1201521861419575 1.3880803498829892 -0.12889991324962552
v -0.15367320088675698 1.4020503551029952 0.12889997458511071
v -0.14402319417385698 1.4215803001603478 0.12889997614004775
v 0.11260581516960787 1.2726503157345781 -0.12889990910486041
v 0.1201518152023309 1.2879203152365912 -0.12889990802378165
v -0.14402319127585497 1.2544202132096709 0.12889996649897095
v -0.13197320234338519 1.236460255825196 0.12889996612911406
v 0.064049542261683079 1.4916703785719905 0.12889998937932159
v -0.02186805015161121 1.5030102854134106 0.12889998597018162
v -0.079392658706518293 1.2348203089257779 -0.12889991932176445
v -0.092057088744458226 1.2459402739970065 -0.12889991944630749
v 0.13197270504261069 1.2364602558414666 0.12889997767907771
v 0.11774080817492814 1.2202603051140661 0.12889997620653421
v -0.11625820038532607 1.263850266845518 0.13100007912441469
v -0.10151319590502229 1.2674003205872342 0.13100008002881891
v -0.13091620643612409 1.3380003751593978 0.13100008259013454
v -0.11027719663593892 1.3380003751600416 0.13100008350907083
v -0.11625820328903382 1.4121502461095048 0.13100008751202372
v -0.10151319879057538 1.4086003115224783 0.1310000879431491
v -0.036903731132557231 1.4458303384996103 0.13100009291292214
v -0.054421778340123329 1.4429702682800678 0.13100009199408802
v 0.074147932626406857 1.4542603453521177 0.13100009831479079
v 0.07059735106238732 1.439510336721664 0.13100009726726486
v 0.11625770550320375 1.4121502461047166 0.13100009768746981
v 0.13091580730204061 1.3380003751596878 0.13100009404274712
v 0.11625780527431463 1.2638502668547411 0.13100008929905121
v -0.074148342696155695 1.2217402893914029 0.13100007901862606
v -0.11616418824341261 1.2709302432908063 -0.1129420146934277
v -0.123920190648951 1.2866702851696112 -0.11294201425173656
v -0.067067543384204481 1.2218403170776568 -0.11294201495103355
v -0.081653157864351497 1.2315902121833846 -0.11294201478444202
v 0.067067211380306968 1.2218403170003282 -0.11294200881038884
v 0.051329022420649156 1.2140802665569062 -0.11294200971899683
v 0.11616371270385789 1.2709302434041514 -0.11294200434134544
v 0.10641181190362221 1.2563502275984626 -0.11294200537205065
v 0.13413470619110124 1.3380003910340141 -0.11294200021041194
v 0.13298181838607631 1.3204903289718515 -0.11294200116430587
v 0.1161637117115762 1.405070300726446 -0.11294199734048192
v 0.1239197140372341 1.3893302586744944 -0.11294199786252548
v 0.067067149368744972 1.4541603444694617 -0.11294199711112844
v 0.081652771023732307 1.444410332699265 -0.11294199709138047
v -0.067067612620371725 1.4541603444694622 -0.11294200297434827
v -0.051329479279297742 1.4619202757093714 -0.11294200179470368
v -0.11616418913506563 1.4050703007205043 -0.11294200753455512
v -0.10641219160177127 1.4196503167473233 -0.11294200688088557
v -0.090681600837197493 1.3958402812138426 -0.13100002234728841
v -0.079180169376198206 1.3930703332593042 -0.13100002203079789
v -0.1021141886762038 1.3380003921239045 -0.13100002606840846
v -0.086016397208681303 1.3380003921069796 -0.13100002541266148
v -0.090681600145245705 1.2801602649189869 -0.13100002856932702
v -0.079180168722111838 1.2829303320330061 -0.13100002795754331
v -0.057835677904947633 1.247320241310897 -0.13100002858986226
v -0.055066207860757665 1.2588202457651727 -0.13100002798745289
v 0.057835412978407164 1.2473202414226092 -0.13100002336464925
v 0.05506588295921741 1.2588202458409803 -0.13100002305061717
v 0.090681200239943166 1.2801602649991228 -0.13100002049339871
v 0.10211371335839983 1.3380003921501546 -0.13100001706700889
v 0.090681139875915015 1.395840281220716 -0.13100001438392542
v 0.057835351807274823 1.4286803053175154 -0.13100001447776075
v -0.057835738974413894 1.4286803053175157 -0.13100001953390744
v 0.042313109337189389 1.1800802099407153 0.085233327180349136
v 0.021338299346334303 1.1759202817867576 0.085233326050829283
v -0.042313566438510794 1.4959203133667149 0.085233339369919489
v -0.021338697529986281 1.5000803613040239 0.085233340550362358
v -2.3670398028267878e-07 1.4689203509735957 0.13100009591699718
v -2.3146947456180449e-07 1.4482803286250177 0.13100009466291929
v -1.8924373962392453e-07 1.207080282859712 0.13100008055344944
v -1.8686533105036636e-07 1.2358902129199638 -0.13100002630803748
v -1.8825327521894621e-07 1.2519802531098267 -0.13100002579582529
v -2.2471359787064664e-07 1.4401103341545232 -0.13100001628157093
v -0.045518703241940135 0.002743089094902017 0.030160373652255414
v -0.054008139713428063 0.0026108188185161104 -0.019160453648882247
v -0.11575001244379653 0.002758407547097233 0.029586083593626831
v -0.10877901820356552 0.0026719137220014939 -0.018990525130753149
v -0.11888601461342305 0.0027872615205389931 0.0549053095696889
v -0.11961301540282976 0.0027869829793249444 0.16156000883756727
v -0.094873497221643413 0.0027869855659966429 0.17483912364709381
v 0.043794281352770241 0.0027872124769052721 0.055668325829799907
v 0.045518699931778726 0.0027430531754888891 0.030160267923932619
v -0.052894305839682756 0.0027870954086503118 0.12205310101280989
v -0.067110077791500924 0.0027869829953189123 0.1616421165525791
v 0.052894299059699751 0.0027870107001083631 0.12205299103477422
v 0.067110068245621504 0.0027868766853035697 0.16164200460869366
v 0.067163402909893685 0.002493820933536017 -0.064932270701356015
v 0.082885260192493579 0.0024954948229117153 -0.079792313497471401
v 0.11575000773683605 0.0027583718704416818 0.029585985222969232
v 0.11888600832839256 0.0027872124513470581 0.054905210197380233
v 0.12475800212758553 0.0027870104383653487 0.12171900069592723
v 0.11961300273470926 0.0027869968534813484 0.16155990149255128
v 0.10877900253942908 0.0026719037496685709 -0.018990637839142201
v 0.054008125864412775 0.002610808938256362 -0.019160572054260843
v -0.12475801280727311 0.0027870955928943472 0.12171910427051828
v -0.097861198427507179 0.0025701001030024612 -0.064293779186497202
v -0.082885284925529615 0.0024954718904714834 -0.079792180705482857
v -0.043794284911782236 0.0027872618327485148 0.055668432461370258
v 0.094873484867216223 0.0027868722575378584 0.1748390127039357
v 0.055633420902677089 0.04829003540128457 -0.050140354624394971
v 0.070331573298988218 -5.6148183995140903e-08 -0.012458263028484172
v 0.074210579621516309 -4.4773997577497293e-08 -0.042882357937653076
v -0.10409002495856416 0.048920935796325817 -0.050881665959677816
v -0.092575084474032357 -4.2653919458362426e-08 -0.012387338773425599
v -0.089822199033863057 -4.7707763067725214e-08 -0.04263033947046984
v -0.12334301434642561 0.044956302872140759 0.078657871369042343
v -0.1131950196575346 0.061877885768133162 0.078801875890083542
v 0.11103200472306046 0.067118333939957545 0.055290431531016683
v 0.11319500582260099 0.061877823627845295 0.078801797852004266
v -0.066294504633612292 -3.0829444778973632e-08 0.055123052545801618
v 0.083735109724500795 -8.8379490043393793e-08 0.078173678009536646
v -0.050218120765480656 0.066744241597974444 0.055904672081315568
v 0.043643117963763703 0.044668830162086885 0.079319871519439492
v -0.065275506544963599 0.022399535040332017 0.1642731072366283
v -0.094925420451623818 0.021987188927158164 0.17790011725204091
v 0.10910090454414607 0.10232296445358499 0.032004353182673161
v 0.048777584925860089 0.10201697394537297 -0.031867764534962255
v -0.14021519458626444 1.3004302554747997 -0.038208289086963235
v -0.1026441874433159 1.2353603189215723 -0.038208290720902989
v 0.037893124406146991 1.1945602112271907 -0.039958091220791962
v 0.1026438132900547 1.2353603187390625 -0.038208281483474604
v 0.1402148095093223 1.3004302555334655 -0.038208276700826029
v -0.15791619891312061 1.2956902463142441 0.085233323406352965
v -0.11560219476524705 1.2224002324182293 0.085233321186097069
v -0.042313490812046044 1.1800802099261962 0.085233323475192399
v 0.1156018083762531 1.2224002324332783 0.085233331312112207
v 0.15791580507581757 1.2956902463270572 0.085233337240179008
v 0.15791569939312231 1.3803102720362734 0.08523334178713321
v 0.11560170581687626 1.4536002863052264 0.085233344087034799
v 0.042313093312427635 1.4959203133667147 0.08523334306907028
v -0.11560220043468918 1.4536002863108299 0.085233333965468894
v -0.15791620026901415 1.3803102720375329 0.085233327963322336
v 0.044412489468729111 0.35396703175123484 0.018949875786040144
v 0.035107128667598041 0.56118204811605188 0.08126176678172807
v 8.6687249248705083e-09 0.63871699414159211 0.097751996888578663
v -0.089254274099134875 0.97753501252061137 0.073292933817936917
v -0.09430738734526517 1.1044500552878078 0.017626861128124973
v -0.29280009495156245 0.94043119112800666 0.008932832107328318
v 0.29279985377290324 0.94043139165883693 0.0089329161712192375
v -0.42268805164226669 0.87534626406013361 0.088165113580845625
v 0.42268783429488865 0.87534632773122878 0.088165192698941602
v -0.46337200635763415 0.85217722316457256 0.050675070092744648
v 0.34971887479215169 0.97377519371464305 0.025660197893989305
v 0.046389870172303539 0.30215401979565959 0.08494378302627148
v -0.047889122165298531 0.14594386484627633 0.043853131596394819
v 0.089263453493129891 0.97779524632544235 -0.083990982404816728
v -1.8296137365210501e-07 1.2078502691172113 -0.12889991681153301
v -2.4504417773873776e-07 1.5044603476855092 0.12889998701793753
v -0.16073320697023191 1.3813502513163727 0.12889997304899636
v 0.14402270391950153 1.4215803001553635 0.12889998874238839
v -1.7722277124969469e-07 1.1715402894356717 0.12889996676531396
v -0.12567119620267278 1.3718902926236236 -0.12889991440444876
v -2.2797639252980767e-07 1.4681503946475771 -0.12889990376430094
v -0.12880719838875074 1.2597302733141498 0.13100007827476046
v -0.12880720131061313 1.4162703589134058 0.1310000872137517
v -0.070597700311220063 1.4395103367223805 0.13100009109405619
v 0.14866380551682748 1.3380003751591321 0.13100009480406374
v 0.12880680327566446 1.2597302733271558 0.13100008954989231
v -0.078265353684824138 1.2091902870508247 0.13100007688115312
v -0.094847778731949786 1.2431502980150952 -0.11294201497942076
v 0.094847393461449103 1.2431502982101685 -0.11294200640317822
v 0.1295638199691358 1.3032803168107581 -0.11294200220906563
v 0.12956381949089024 1.3727203461665574 -0.11294199853819424
v 0.094847391633015768 1.4328503656941722 -0.11294199724712305
v -0.094847780378836552 1.4328503656941729 -0.11294200553896684
v -0.11595818696425611 1.3380003921404837 -0.13100002662661678
v -0.067163428071778594 0.0024936870374882652 -0.064932136355763018
v -0.12096401190915111 0.0027872059493831108 0.078453979313359498
v 0.046898311922631226 0.0027872044292333964 0.079065365900990947
v -0.046898315828371541 0.0027872060587503336 0.079065473171610098
v 0.097861171513538125 0.0025702338857475464 -0.064293910693813211
v 0.12096400426215188 0.0027872044570583614 0.078453878861056384
v 0.046645134910254182 1.0495000045906053 -0.10312101181434509
v 0.53428389516307229 0.84106633432239586 0.13178004187514439
v 0.56459886799423276 0.79791931027366381 0.1628299499117041
v 0.51135887307732164 0.80607632151890718 0.13020405068271382
v 0.55051685351959689 0.77952132298477617 0.16086104575803684
v 0.56913686721769141 0.77710334244396451 0.17212994578114338
v -0.54153299929272258 0.81280810298707717 0.097751952222666
v -0.50410999077932916 0.83433510755667128 0.16423200019303336
v 0.11741100328351191 0.073472627540186367 -0.0064262803099112073
v 0.11800090430900451 0.090198054014337031 -0.0033400121026910183
v 0.038770315169276294 0.089432729929131496 -0.0015610574536040606
v -0.038770330380957632 0.089432737616818136 -0.0015609605370206286
v -0.040110313685258171 0.072741947889332553 -0.0048531025767111899
v -0.11800101855841544 0.090198009267363766 -0.0033399234599111932
v -0.14391419944178738 1.3190502755252891 -0.038208288294890397
v -0.13992219217456939 1.3195802819370912 -0.065499956291572875
v -0.115160194788167 1.2496302742813568 -0.038208290025038685
v -0.11196519126457372 1.2520902795325197 -0.06549995805421209
v -0.054007807513779128 1.2076102952925325 -0.065499956783382413
v 0.018986296824913051 1.190810244904152 -0.04899255508572279
v 0.018420766153423293 1.1980802248614522 -0.065499951859986527
v 0.088364784092472268 1.2228402393880609 -0.038208282197806503
v 0.085913662713758721 1.226030283028263 -0.065499950338497065
v 0.13410581059208607 1.2824502704990501 -0.038208277732217327
v 0.13038581120584652 1.2839903375008039 -0.065499946026340558
v 0.1439138135401051 1.3569502586082296 -0.038208273682571584
v 0.13992170418416788 1.35642025569448 -0.06549994206788555
v 0.11196480790804697 1.4239103783050893 -0.06549994021981527
v 0.054007419447410818 1.4683903590085419 -0.0654999399347376
v -0.018421220530759595 1.4779203103582939 -0.065499942496829708
v -0.085914119084369453 1.4499703719845261 -0.065499947218089313
v -0.13038619461787465 1.3920103197367624 -0.065499952041582696
v -0.16208210205877477 1.3166602397489284 0.085233324345199118
v -0.1590831979202047 1.3170603075633127 0.065500008386518913
v -0.12969819523748241 1.2384802612527632 0.085233322234216216
v -0.12729819868476785 1.2403202585317663 0.065500006580370029
v -0.062561377593344999 1.1869602562809189 0.085233322782808332
v -0.061403913366367406 1.1897602440945705 0.065500008158283593
v 0.020943482557512712 1.1789201892939081 0.065500012281473188
v 0.099520268852046873 1.2083002735838015 0.085233330396584678
v 0.097679081954629876 1.2107001964688142 0.065500014771344831
v 0.1510357012171728 1.2754402774312106 0.08523333601461093
v 0.14824180872372753 1.2766003047238408 0.065500019960019723
v 0.16208170670529848 1.3593402783789557 0.085233340831829527
v 0.15908269977885292 1.3589403323903975 0.06550002451388047
v 0.12969769778815243 1.4375202591831158 0.085233343800153336
v 0.12729759836145743 1.4356802644960676 0.065500027363509003
v 0.062560910351917381 1.4890403853899286 0.085233343518183846
v 0.061403511947529729 1.4862402787227611 0.065500027093859145
v -0.020943877363068662 1.4970803405929309 0.065500024181219738
v -0.099520740690149503 1.4677003656960645 0.085233335487854223
v -0.097679485642773733 1.4653003257031936 0.065500018813255179
v -0.15103620021172348 1.4005603606032921 0.085233329420225809
v -0.14824220189093437 1.3994003359305052 0.065500013274768357
v 0.14565981172217268 1.2989702965412655 3.8214809214995038e-08
v 0.13931380999227835 1.2802903144368589 3.7220879667919325e-08
v -0.091796736965185408 1.218370246452001 2.479668743688441e-08
v 0.13059470893737143 1.2626002466724122 3.6149974547094572e-08
v 0.11963181372560402 1.2462002595941173 3.4492611635036424e-08
v -0.10663018884785264 1.2313702618558156 2.401426036649539e-08
v -0.11963219038329781 1.2462002624555981 2.4745148809248285e-08
v 0.10662981380823418 1.2313702617472158 3.3468764719386642e-08
v 0.091796402376327274 1.2183702462792989 3.2970682262334385e-08
v -0.13059519897842287 1.2626002465831736 2.4596944914578273e-08
v -0.13931419668636083 1.2802903143740836 2.4928546245116491e-08
v 0.075398816063352525 1.2074102602039598 3.2481524903697645e-08
v 0.057705598251417793 1.198690220465443 3.3016302134453556e-08
v -0.15509119066180471 1.3175803004613165 0.038208340529048604
v -0.14566019937378366 1.2989702965007428 2.5392045069065847e-08
v -0.14950219586341476 1.3183202352073133 2.6172319346432502e-08
v 0.14950180708621505 1.3576802940781501 4.1277221778384739e-08
v 0.15079770167756229 1.3380003838233894 4.0300892511960163e-08
v 0.14950180760388213 1.3183202352344146 3.9316980558866728e-08
v 0.019682046019259051 1.4875003254756123 4.2562877040734436e-08
v 0.020629904816224825 1.1588201460199665 -0.042852923230930366
v 0.019841922097897941 1.1753802444888959 -0.043136938694215754
v 0.020741426860339789 1.1687302805572253 0.043279208613908916
v 0.020922626341778619 1.1568301954967506 0.04307784852858508
v -0.040583880584863348 1.1738501828961134 7.6358065775803034e-05
v -0.041553058823971652 1.1588902262135545 0.00012312500681232127
v 0.022630411911673479 1.1415701578139623 -0.046528338178360405
v 0.02099212394043231 1.1481401602002483 -0.043060483538398503
v 0.022616824185656883 1.1412201860164559 0.046132577484545363
v 0.021029615266561504 1.1478801842023305 0.043248910281012097
v -0.045247705168247422 1.1415601397231925 -2.7773482534439685e-05
v -0.042022194952954534 1.1484901548703159 0.000110772111221925
v 0.034516688247910002 0.33863102657154115 0.056708726227351423
v 0.076757603200748231 0.36882403022896015 0.0021417177954915689
v 0.078987708355950231 0.33846103278161949 0.10428803363934377
v 0.046040708592617656 0.33853300618280902 0.094511245589291609
v 0.11010780302489892 0.36890402317241433 0.014753147187027709
v 0.12179589945654942 0.36913001256727251 0.052594239786733332
v -0.076757725379849331 0.36882400574615831 0.0021416793763682435
v -0.077072625597809571 0.35398998569349438 0.00570818210206454
v -0.033408993925298731 0.36911198734565348 0.057146284934653867
v -0.043830092503899985 0.3688919883519981 0.015894500700014292
v 0.070459370916667319 0.59417600573473484 -0.08716625554378804
v 0.020995497640070901 0.59401102400001982 0.0083529883270921645
v 0.033338023319364932 0.59413600628674679 -0.063286921063135063
v -0.070459591727205659 0.59417599870234605 -0.08716629494709284
v -0.12001009532097483 0.59400601342273629 0.0025367291966746407
v -0.12015009745363504 0.60638601437857376 0.00079196672255139834
v -0.10760209471704749 0.59413201346580824 -0.064739986809212377
v 0.038479034781500422 0.4837560249413011 -0.024469057727396805
v 0.027070100983303893 0.48394402342464155 0.032267527714023095
v -0.12088310085637115 0.48395601836195301 0.027067503065922656
v 0.073547182283925719 0.4836970210034664 -0.043382930858648285
v 0.07575058274244352 0.40485903341316409 -0.012139121772542656
v 0.074405607912744656 0.48420304173661138 0.10271809171198122
v -0.024026263697495037 0.62272102230799586 0.080602904874974374
v -0.065473903259227098 0.62271601713038427 0.10186402824834262
v -0.10692109539896463 0.62270999854620923 0.073647279332146764
v -0.12073708938232117 0.62270802781510415 0.00012622804456386571
v 0.12073680893398689 0.62270803649360662 0.00012627477227036065
v -0.010210378498999459 0.62271600831516383 0.005690531879234623
v 0.1203769124633549 0.6568890323398251 -7.8476280361283209e-06
v 0.10532990978197293 0.65687997420618627 0.076758853071043395
v -0.046645425073048467 1.0495000044160423 -0.10312101596535035
v -1.33274782557266e-07 1.0493699494723188 -0.10418501016715241
v -0.060188690717548683 0.65688901529298283 -0.10056699702400348
v 0.060188477767551977 0.65685498742865378 0.10594003905916041
v 0.10199780764743249 1.1123102359676558 -0.028499973305075345
v 0.13280080977388262 1.0969303775683359 -0.028499964536978357
v 0.1020098121871119 1.1012303228474216 -0.069451104523663085
v 0.1321408091423695 1.0862003385270673 -0.068605187501473194
v 0.1275198073018568 1.0111103497912102 -0.028499951878813011
v 0.10209480693751702 1.0236603208078514 -0.028499954298968486
v 0.10204582512372935 1.0679799469302553 -0.083665994659759518
v 0.10208281412328704 1.034740329062023 -0.070297890448916128
v -0.1020460868586681 1.0679799550448872 0.026665941500449621
v -0.095067247264006158 1.0682599780983946 0.033913154345443987
v -0.29311911674743485 0.97308412745154005 0.018970250634198254
v 0.27568692609240536 0.93797544595847937 -0.028499895589983875
v 0.33029896193754954 0.98598236348704049 0.013284301062731469
v 0.33437784929881903 0.99473438369912115 -0.021151089661532233
v -0.30021011605389869 0.92595314804236106 -0.020996980567209469
v 0.31700085400429434 0.96049142071496085 -0.067441021237965831
v 0.32991485463394032 0.98629141630826989 -0.055548174074750913
v -0.31055223033823293 1.0081901080002658 -0.028499965654682293
v -0.306194109660609 0.99941513741155519 0.0067152352440554928
v -0.3170011099548446 0.96049121566210449 -0.067441108069754785
v -0.3042342110101065 0.93461815034558593 -0.056150316223264461
v 0.31758686881745468 0.96019638482444492 0.025292787264603628
v 0.20480382480202144 1.0609803278225152 -0.028499940398331342
v 0.1281798119144423 1.0218303513253817 -0.069446077817584578
v 0.18887781307712559 0.99182551515073425 -0.067464694394437683
v 0.18660280607944338 0.981945397156189 -0.02849994647441291
v 0.19570382151530105 1.0214603113009983 -0.07989619488219464
v 0.13015971438255844 1.0540202904523202 -0.082534193867159059
v 0.20252881937241543 1.051100381994895 -0.06662956924402709
v -0.19570414032859026 1.0214600743764179 0.022896170257421848
v -0.13016024408691962 1.05402001783542 0.025534149530162833
v -0.43773303905397454 0.8583662410626165 0.071840096027377745
v -0.42311506800511933 0.90071818552548499 0.089305582231827052
v 0.42352092674705261 0.86578717672866756 0.061902546198831072
v 0.43514491809353273 0.89388534053489432 0.10262397767695038
v -0.4697790218392448 0.87396214887689505 0.041087966333623709
v -0.45453313106020715 0.85721013593854012 0.048536875226346192
v 0.43893181638977624 0.86565133830991869 0.041194808735073141
v 0.4538698493686214 0.88305517889655083 0.034604454779489195
v -0.45346416825924307 0.91798618151223077 0.062007419894966324
v -0.43832307346714322 0.91804728451297279 0.082299477196250317
v 0.45065181219041645 0.91048731991967735 0.094713048774991218
v 0.4671909028632707 0.9094801802612833 0.071872060124538659
v 0.4742158006928453 0.90533432080407694 0.07716064935224369
v 0.48236690129288812 0.90052231985566511 0.083295753642564488
v 0.45307678313221361 0.84970131391432102 0.083263615551210923
v -0.48236712434943235 0.90052215468325447 0.083295688476735671
v -0.44481411413057592 0.8543672310003505 0.077112657884862282
v -0.45307700745448548 0.84970113201399278 0.083263556748508216
v 0.36367984909553996 0.8949883466347871 0.021652195986658372
v 0.40469984816997401 0.87496533925424402 0.049287882548598567
v 0.36200296775458912 0.9058081899969167 0.04950515264010745
v 0.33688497996338457 0.9493293645082429 0.036997125290605344
v 0.37215885498820589 0.92944119098854616 0.058395422174289044
v -0.32175319423786225 0.9154511841963836 -0.0065832705161803064
v -0.3636800714831499 0.89498825760292178 0.021652104642094803
v -0.33990120379742889 0.94753915106782927 -0.050368607535921553
v -0.32702209976747393 0.92295914650003397 -0.039710403079111931
v -0.38715008599149214 0.92080427194207692 -0.015140296838452631
v -0.37334508131277999 0.8992352534243595 -0.0062130126474588456
v -0.047669810120420722 1.1367100865554047 0.038784866673124876
v -0.054485466561826616 1.1370301571458912 -0.00035959487590576353
v 0.05448522070546695 1.1370302119293503 -0.00035958673334164951
v 0.047679617296606691 1.1372202211437459 -0.03981317556107386
v 0.047669490132323064 1.1367101443336458 0.038784868453300515
v 0.027238443399083531 1.1362001226317502 0.054069821048476623
v -0.027238816115650107 1.1362001226094474 0.054069818673957035
v -1.6003018112449881e-07 1.1359001977857635 0.055747391792233376
v 0.027246492481014295 1.1373400772602134 -0.056025698829863586
v -1.6203074370858414e-07 1.1373801318574301 -0.0583216704252408
v -0.02724680639325008 1.1373400761572652 -0.056025701565404699
v -0.047679939779597405 1.1372201556401575 -0.039813182959632647
v -0.077278138318122441 0.30228598293288356 -0.0025921264155720648
v -0.077199518174845327 0.33875798339146024 0.0048092813583956225
v -0.034516819839483237 0.33863099864932472 0.056708719719917013
v -0.035154412044068488 0.30218599971574323 0.048071230033501493
v -0.04478126662812236 0.33871799244184125 0.017826106317988231
v -0.045401156861476506 0.30222298390701391 0.010212503581913923
v 0.10704390345469633 0.11382997749906476 -0.030971781989263772
v 0.11804590734429762 0.11375597252913432 0.0013264336025358863
v 0.10915200038954688 0.11350096362395069 0.03409814587201989
v 0.078820463110994415 0.1132249625638985 0.04543817571279081
v 0.048204772749093149 0.1130339693415283 0.035195760755737
v 0.038459715510718029 0.11303196957455477 0.0032206652147175976
v 0.038630002445547346 0.10183096392981919 0.00076821776734885337
v 0.048611344020539606 0.11320997685336179 -0.029227929465268258
v 0.077685651510709441 0.11356198219659057 -0.040890951583149995
v -0.036529843244118329 0.22347588269983729 0.029409195175554223
v -0.046737321024313723 0.22355588593789907 -0.0062021425433164195
v -0.078901951464512482 0.2235189777453932 0.074256502412544598
v -0.04714507300987561 0.22347087611282959 0.064246677663481869
v -0.11029491274636666 0.22362097573645148 0.061068796839213922
v -0.11981991391625499 0.22377588640766558 0.026313800208659213
v -0.10852191328552928 0.22385597745012187 -0.0076671095676751387
v -0.077447723760938378 0.22373296907588966 -0.018533384237823618
v -0.080559630362506823 0.073307370253199541 0.055623340078677148
v 0.080559556144380901 0.073307323922905634 0.055623140111258421
v -0.08428633152848844 1.4222903107968918 0.13100008949531558
v -0.069069019868919695 1.4235503534028073 0.13100009022512898
v -0.084836303692165396 1.4358802934559642 0.13100009026434281
v -0.089716731154661611 1.3559202789166336 0.13100008543641042
v -0.070485530933348695 1.3555003044550709 0.13100008625099399
v -0.087162364917165114 1.2852702753059106 0.13100008168943897
v -0.069312867361469757 1.2860103268219261 0.13100008255211615
v -0.035585220374351828 1.4267003407095682 0.13100009184935166
v -0.052734910887061406 1.4251602753892318 0.13100009102156954
v -0.052265817819995362 1.3553202983707771 0.13100008702972304
v -0.034661407179429976 1.3552802440371319 0.13100008779128941
v -0.034613006256506061 1.2859302181939178 0.1310000841364983
v -0.05187075636345697 1.2861302514241446 0.13100008335966479
v -0.01863872966867642 1.4476302801522463 0.13100009381696473
v -2.2657405319927515e-07 1.4281003350688681 0.13100009347544705
v -0.017921259109870018 1.427720295725911 0.13100009267759402
v -0.017276038021516109 1.3552802440376444 0.13100008854526332
v -2.227472773122025e-07 1.355290257621683 0.1310000892951188
v -2.0611162754523173e-07 1.285640301128073 0.13100008565884688
v -0.017316276617569668 1.2857303041613648 0.13100008489318124
v 0.01792085036220822 1.4277202957257014 0.13100009424474615
v 0.035584681266427394 1.4267003407089471 0.13100009496161333
v 0.034660869683120397 1.3552802440370109 0.13100009082286757
v 0.017275630891693622 1.3552802440375842 0.13100009005626734
v 0.017315862302788639 1.2857303041647745 0.13100008641330216
v 0.034612532289878144 1.2859302182005716 0.13100008717479614
v 0.069068551648882773 1.4235503534012133 0.13100009626681808
v 0.05273443143720831 1.4251602753880126 0.13100009563442125
v 0.054421302362432741 1.4429702682785834 0.13100009675454635
v 0.070485049357889948 1.3555003044543947 0.13100009242074273
v 0.052265280343915262 1.3553202983703836 0.13100009160348716
v 0.051870282244848638 1.2861302514289406 0.13100008790327602
v 0.069312456420816085 1.2860103268246119 0.13100008861661988
v 0.08428584845293631 1.4222903107937535 0.13100009687081959
v 0.097883336881673152 1.4228403426238785 0.13100009752245328
v 0.10963380471908646 1.3566403032554863 0.13100009420138012
v 0.089716249570903586 1.3559202789160616 0.13100009328600998
v 0.10497180675684005 1.2835802446672469 0.13100008994224727
v 0.087161953858765517 1.2852702753084879 0.13100008931411636
v -0.065743366869667239 1.2722602628345006 -0.13100002786399642
v -0.053873697897684453 1.2712702293776725 -0.13100002739095373
v -0.066172348811758333 1.2616502751660952 -0.1310000283515643
v -0.069979059653568418 1.324020237406802 -0.13100002548209844
v -0.054978589690655132 1.3243503280220257 -0.13100002484145612
v -0.067986707622676404 1.3791303520506948 -0.13100002236236719
v -0.054064079619845544 1.3785502794532967 -0.13100002181578813
v -0.027756497819643185 1.2688202393171575 -0.13100002633215196
v -0.041133089569603744 1.2700103060144732 -0.13100002687724957
v -0.040767355993672184 1.3244902797672191 -0.1310000242265465
v -0.027035997429130772 1.3245303340954211 -0.13100002363910018
v -0.026998208355625622 1.3786103609457054 -0.13100002066692507
v -0.040459259854554529 1.3784602764060097 -0.13100002124541099
v -0.014538087275690255 1.2524902305802996 -0.1310000264493367
v -1.8936138442592765e-07 1.2677202948859705 -0.13100002512866529
v -0.013978588000559546 1.2680202255366326 -0.13100002575089603
v -0.013475338178579738 1.3245203205107188 -0.13100002304987621
v -2.0666134030379018e-07 1.3245203205099609 -0.13100002246278047
v -2.1299225205366101e-07 1.3788403157371036 -0.13100001948439274
v -0.013506758481118103 1.3787703398628444 -0.13100002007309833
v 0.013978192062782302 1.2680202255537496 -0.13100002449953285
v 0.027756101861636462 1.2688202393512611 -0.13100002384688506
v 0.027035542597311224 1.3245303341052685 -0.13100002125057988
v 0.013474952254775328 1.3245203205156428 -0.13100002185935269
v 0.013506361765013429 1.3787703398650444 -0.13100001888305085
v 0.026997751114446394 1.3786103609501126 -0.1310000182881573
v 0.053873372655874052 1.2712702294389508 -0.13100002257401686
v 0.041132693579956053 1.2700103060622541 -0.13100002319839565
v 0.042448641394974902 1.2561202738054889 -0.13100002373681924
v 0.054978263432183927 1.3243503280447775 -0.13100001997746152
v 0.040766962654559091 1.3244902797835099 -0.13100002062126051
v 0.040458802635160891 1.3784602764114042 -0.13100001768572705
v 0.054063622421718791 1.3785502794599109 -0.13100001706158351
v 0.065742974560701259 1.2722602629061566 -0.1310000219904521
v 0.076348972897451392 1.2718302748601262 -0.13100002155624282
v 0.085514192388545893 1.3234603112386549 -0.13100001860557403
v 0.069978658934937238 1.324020237434163 -0.13100001929522878
v 0.081878189540884466 1.3804503569576401 -0.13100001566375757
v 0.067986254177331285 1.3791303520584877 -0.13100001638583705
v 0.09608337224230229 1.0201200350760378 -0.025355516243967539
v 0.095241046714504105 1.0010299720820746 -0.015922406941801113
v 0.094663052900779615 1.0157399261832978 0.040348189338415462
v 0.092929138787664622 1.0597700165646933 0.054896939960171989
v -0.092929460974732675 1.0597700175269216 0.05489693211122413
v -0.091205370580485723 1.1041600234955766 0.032591741943139137
v -0.09065676922445233 1.1199500065843746 -0.021698971773989561
v 0.10253882418191501 0.89873816022529707 0.0012812799370005568
v 0.089721582964402427 0.89863011402249371 -0.069725375975765835
v 0.097936670014494118 0.96202099142004649 -0.0053326855416238415
v -0.089721819119803009 0.89884697550285864 0.072845119462383853
v -0.1025390686755796 0.89873802862917518 0.0012812705282265547
v 0.051269379531986528 0.89859309406029231 -0.093394260742697119
v -1.0826056796950041e-07 0.89859302917018291 -0.093394258904696936
v 0.048724443681002004 0.97405716427588507 -0.099734166371425889
v -1.1134969513557012e-07 0.97402404193317815 -0.099999982072992891
v -0.089721819801194022 0.89862996704920761 -0.069725384350877287
v -0.051269614677374092 0.89859302245485484 -0.093394264479826766
v -0.048724666487339231 0.97405705560660405 -0.09973416643378577
v 0.089721592319950083 0.89884697556272664 0.072845126993182296
v 0.051269381788082657 0.89888297746074464 0.098185091757731449
v -0.051269617335215824 0.89888297743782752 0.098185087424943793
v -1.1156789982706826e-07 0.89888297822460383 0.099299222421850825
v -0.1267441952740149 1.4363603493984998 0.13100008850677933
v -0.13818220728456393 1.4194903220783934 0.13100008700317975
v 0.034347541394617653 1.4661903544688824 -0.12259999484881291
v 0.050783760610010727 1.4606003906359943 -0.122599994484571
v -0.13818220437515044 1.2565103101882762 0.1310000776201897
v -0.14754619898956395 1.2753003224369133 0.13100007827811053
v 0.102603704422129 1.4717203401978072 0.12260008235350221
v 0.11918370502539292 1.4571802591774334 0.12260008222111091
v -0.017321626913158736 1.2064302471413253 -0.12260001002037085
v -0.034347937881962588 1.2098103083634695 -0.12260001077272781
v -0.050784157379044959 1.2154002721996682 -0.12260001146335422
v 0.098361379875553406 1.2112602374261301 0.1310000845883712
v 0.11341080614932485 1.224590225970859 0.13100008697758614
v 0.13156981432426246 1.3553203148774291 -0.12259999644865177
v 0.12818771257070219 1.3723503210328334 -0.12259999568151406
v 0.021472629014698187 1.4967403514375797 0.13100009820787895
v -0.16710419792156753 1.3600003379348558 0.12260006402999664
v -0.098361841975599218 1.4647402758349028 0.13100009141776883
v -0.11341120259444425 1.451410288713934 0.1310000899660089
v 0.16016779996354708 1.33800037515869 0.1310000952954066
v 0.15873679715157687 1.3165302984811982 0.13100009401576845
v 0.016748613305942555 1.2141902980999637 -0.13100002678155112
v 0.13371580927666107 1.4406002681304089 0.12260008189157591
v 0.081492670849660068 1.1998201959910137 0.13100008318039938
v 0.062700102787129605 1.1904502244705273 0.13100008172176095
v -0.081493131531371943 1.4761803182747948 0.13100009282250027
v -0.062700509782024239 1.4855502907150129 0.13100009420572292
v 0.021999304137494364 1.1709002548619689 0.12260006042878924
v 0.066354643317844977 1.4529303432297878 -0.1225999942899588
v 0.080785337599899879 1.4432803480862182 -0.12259999427064537
v -0.12493118938662147 1.338000392148083 -0.13100002699732871
v -0.12381518916700915 1.3212502895268896 -0.1310000278450659
v -0.1587371955734791 1.3165302984786991 0.13100008012706862
v -0.15450820092377909 1.2954803155497352 0.13100007908207079
v -0.050784219292018339 1.4606003906359948 -0.1225999989242508
v -0.06635509082398168 1.4529303432297882 -0.12260000009088864
v 0.14754580046080862 1.4007003093182901 0.13100009841515214
v -0.02147303783856231 1.1792602847377223 0.13100007725207943
v 0.050783763054544045 1.2154002721465174 -0.1226000068528315
v 0.066354705153958513 1.2230703195341279 -0.12260000591719319
v 0.10528171411433471 1.4187903412633702 -0.12259999475168509
v 0.093839768084671621 1.431840305665615 -0.12259999442491684
v 0.13270981285879044 1.3380003916520931 -0.12259999734089738
v 0.13156981454938022 1.3206803492541193 -0.12259999829068433
v -0.080785800007197775 1.4432803480862186 -0.12260000133314791
v -0.093840170887324742 1.4318403056656155 -0.12260000262867196
v -0.12381518935374276 1.3547502563793687 -0.1310000260205916
v 0.15873679648089198 1.3594703326987956 0.1310000964978969
v 0.1545078019619055 1.3805203158319848 0.13100009752267444
v 0.017321171003367993 1.4695702965603665 -0.12259999537888935
v 0.080785399170953384 1.2327203173347592 -0.12260000449189931
v 0.0938397698031396 1.244160240167552 -0.12260000354175185
v -0.062700440404956051 1.1904502244817321 0.13100007624426796
v -0.042516339152794007 1.1834901887534117 0.13100007663808455
v -0.12260318839062381 1.287220317608033 -0.12260001125149279
v -0.11493019291596465 1.2716502682188324 -0.12260001169731706
v -0.11493019375159759 1.4043502769980132 -0.12260000457921144
v -0.1052821914227938 1.4187903412633707 -0.1226000039557307
v -0.016749128567776696 1.4618103658527248 -0.13100001563866517
v 0.11492971065085615 1.2716502683266253 -0.1226000014613165
v 0.10528181248234994 1.2572103234576029 -0.12260000250236221
v -0.098361783258165206 1.211260237430545 0.13100007599095548
v -0.081493063770106344 1.1998201960059165 0.13100007606250735
v -0.1052821900487456 1.2572103233169505 -0.12260001193110426
v -0.093840169329655151 1.2441602399917455 -0.12260001200521499
v 0.14754580259527761 1.2753003224458108 0.13100009119021153
v 0.15450780330275662 1.295480315554687 0.13100009260114381
v 0.12260280943461882 1.3887803466646622 -0.12259999501053995
v 0.11492970972289382 1.4043502770044887 -0.12259999449214377
v -0.12260318901203179 1.3887803466542139 -0.12260000577991305
v -0.14754620111054662 1.4007003093221422 0.13100008550523257
v 0.12818781732906606 1.3036503431720121 -0.12259999933013724
v 0.12260281012345839 1.2872203176909196 -0.12260000037254967
v -0.12674419132667369 1.2396402836096867 0.13100007726181551
v -0.11341119760554444 1.2245902259523702 0.13100007705122788
v 0.062700033437090866 1.4855502907107792 0.13100009969335391
v 0.042515929994523236 1.4925103273739406 0.1310000992152292
v -0.021999830157896468 1.5051003829695189 0.12260007855856393
v -0.066355088812964369 1.2230703223350479 -0.1226000115118113
v -0.080785798223373034 1.2327203171251613 -0.12260001184418404
v 0.12674370860600617 1.2396402836260831 0.13100008835518606
v 0.13818180921071244 1.2565103102019988 0.13100008971487878
v -0.16469010393361377 1.3163202536956313 0.10076705955438076
v -0.13178519297925262 1.2368802324937198 0.10076705710655968
v -0.063568272868860395 1.1845302921935428 0.10076705689996479
v 0.10112180750900923 1.2062201889109718 0.1007670650865264
v 0.15346681010031049 1.2744302157094629 0.10076707129427401
v 0.16468970729631002 1.3596802623475996 0.10076707636851137
v 0.13323269912841806 1.4402303622226353 0.11294208478458051
v 0.13178470908293699 1.4391202857651495 0.1007670794605014
v 0.063567810937106964 1.4914703473581528 0.100767079181597
v -0.10112219892555424 1.4697803290381648 0.10076707103448163
v -0.15346720609027104 1.4015703010059977 0.10076706482045439
v -0.11891119484843926 1.2441902651272707 0.13100007791627943
v -0.10935819462281129 1.2493402271691438 0.13100007867387459
v -0.14734719496683996 1.3172302956518505 0.13100008068740204
v -0.12991210618201743 1.3183003185775135 0.13100008154109263
v -0.13714919899611577 1.3984602468368552 0.13100008582293871
v -0.12229619833190494 1.3953503138833754 0.1310000862856471
v -0.093815020829150636 1.4569103687221978 0.13100009113759614
v -0.088659517025357945 1.4473602709933631 0.13100009079400624
v 0.060462948213656768 1.4751503496824336 0.13100009895521475
v 0.057350449619089902 1.4603003244069399 0.13100009793396936
v 0.10935770035846601 1.4266602863442752 0.13100009824864001
v 0.14734670650722592 1.3587703355254184 0.13100009596350262
v 0.12991170718175971 1.3577103261821069 0.13100009514496586
v 0.13714871111381985 1.27754026570351 0.13100009090768641
v 0.12229570303430032 1.2806503178319586 0.1310000904854165
v 0.093814558391631372 1.2190902659836709 0.13100008607693697
v 0.088659106167696983 1.2286402438515929 0.13100008638340627
v -0.060463292532856427 1.2008502840744673 0.13100007720298473
v -0.05735098170307168 1.2157001890175818 0.13100007832899954
v -0.13703519574670975 1.3199603225049501 -0.085233272416105857
v -0.13476318526691852 1.3202602541600004 -0.1007670077780594
v -0.10965519038589215 1.2538603006473341 -0.085233274334055795
v -0.10783718858442766 1.2552502823109675 -0.10076700972416332
v -0.052893677972230248 1.2103002558823686 -0.085233273476643459
v -0.052016777969667534 1.2124202757687483 -0.10076700897975518
v 0.084141378306080886 1.228340203627817 -0.085233266898279578
v 0.082746272324270675 1.2301602927779207 -0.10076700245506796
v 0.12769680793106206 1.2851103103043211 -0.08523326241401738
v 0.12557881707028504 1.2859803009370725 -0.10076699796114021
v 0.13703470931546391 1.3560403368251182 -0.085233258444261897
v 0.1347628193277523 1.3557402879432641 -0.10076699402470109
v 0.10965471155305774 1.4221403594456501 -0.085233256629254461
v 0.10783671096176464 1.420750379659421 -0.1007669922622234
v 0.052893349894484569 1.465700282551597 -0.085233256350196268
v 0.05201626077503519 1.4635803840468493 -0.10076699198828797
v -0.084141841164628001 1.4476603348668982 -0.085233263483300431
v -0.082746726719433519 1.4458403670327029 -0.10076699900306579
v -0.12769718983528622 1.3908903493633584 -0.085233268192540693
v -0.12557919771609824 1.3900203606842341 -0.1007670036023197
v -0.085299599784216903 1.4071502661217814 -0.13100002209864395
v -0.11493119156459473 1.3542003437431978 -0.1310000256848329
v -0.10133119233584273 1.3533702891789288 -0.13100002518297202
v -0.095391253819857233 1.2932703106537689 -0.13100002812109648
v -0.069154488282452173 1.2527002773784441 -0.13100002888091472
v 0.044733291399853145 1.2426102809694972 -0.13100002413395079
v 0.08529919896858798 1.2688502801447556 -0.1310000212557384
v 0.1013308139061901 1.3226302567131054 -0.13100001790310475
v 0.095390860546619605 1.3827303545757974 -0.13100001490253294
v 0.069154027980961805 1.4233002691121486 -0.13100001432391178
v -0.044733807313046471 1.4333903850966088 -0.13100001866274899
v -0.042994472059661427 1.1775402155900834 0.10076705736425122
v -0.021682062953371124 1.1733101923054763 0.10076705797829894
v 0.042994142755210754 1.4984603055451615 0.10076707872521208
v 0.021681602358162754 1.5026903293583107 0.1007670780616466
v -0.019705289677344532 1.4679102903277148 0.13100009500245005
v 0.019704818625863312 1.2080902239830549 0.1310000813717325
v -0.035181687721912026 1.2067002544845751 -0.10076700811915465
v -0.017742016443433799 1.2032402039128853 -0.10076700709163788
v 0.035181230606740277 1.4693002860478224 -0.10076699236172894
v 0.01774163052648858 1.4727603368080708 -0.10076699290479213
v -0.015370177115126829 1.2366703186887833 -0.13100002702723412
v 0.015369720888533585 1.4393303475180266 -0.13100001565915281
v -0.050574082498473172 0.010443458738534689 -0.018734647164554162
v -0.10204901982963303 -4.3323860285619066e-08 -0.015933701614028462
v -0.093953688225105109 -5.0799171887494039e-08 -0.057602434973554398
v -0.12173901370352107 0.01114913122494148 0.054964076745012198
v -0.09511668430612745 0.011148265791322512 0.1779001193550212
v -0.065462486315318522 0.011148383276166234 0.16426612077363459
v 0.04065329094146132 0.011149142434974269 0.055783240832143886
v -0.050358605329127087 0.011148734667012467 0.12336410316200609
v 0.060183410627243097 -1.0178353370448258e-07 0.11816299093261817
v 0.082666690503732987 -3.5311311319345855e-08 -0.071822869120480373
v 0.1101010071001975 -8.0120502117430967e-08 0.054817770146138339
v 0.12744500149072599 0.011148709172889291 0.12299790203690357
v 0.11167290448154689 0.010687948319337176 -0.01868212683343384
v 0.060889486017566517 -5.470283982785433e-08 -0.016085567941263593
v 0.070781114630206948 -3.967565603820509e-08 -0.058136683980515899
v -0.11638401437927444 -1.8891302390509245e-08 0.11792110405640642
v -0.082666713702995387 -5.391034550548072e-08 -0.071822737914474327
v -0.052987224270519065 -3.0921193549916277e-08 0.055413385629159193
v 0.071677207167834101 -1.1393313188495995e-07 0.15377800421678833
v 0.093750355014059261 -1.1791835396094306e-07 0.16565600576935574
v 0.10408999778526845 0.048921006780390873 -0.050881774401997405
v 0.11538800060096802 0.04928899288477593 -0.01114934359874083
v 0.07993775053987906 0.048482197560998634 -0.063790947923007033
v -0.055633445725318011 0.048290028140443253 -0.050140241668713642
v -0.043879524916359727 0.048661786865524546 -0.01019354770678429
v -0.079937834991848172 0.048482123625968418 -0.063790837086644528
v 0.09474498442867664 0.032207603122696084 0.17790001870341773
v 0.065090357254197123 0.033856276153366158 0.16428300683262073
v -0.12707100950268635 0.03930514211875441 0.12306408647737312
v 0.12707099655558604 0.039305114278632751 0.12306400048863016
v 0.12727299727084312 0.02376218105464218 0.12302500312951534
v -0.10355501579071448 -1.9681547483652135e-08 0.11414310084739754
v -0.08750737416585512 -1.989881908373552e-08 0.11292309830152429
v 0.087507366906010006 -1.0009409184977316e-07 0.11292299136591848
v -0.049985186880402682 0.039039890037504361 0.12343009140793114
v -0.050185744640047728 0.023695868517306585 0.12339110081450005
v 0.049985178001155317 0.03903980297811243 0.12342999825458592
v -0.1241041934356641 1.242770247622361 0.038208338167921706
v 0.020682718526350178 1.177970213404711 0.049028079896660706
v 0.095227961057093635 1.2139002529163709 0.038208347477418171
v 0.14452180939247064 1.2781402526606263 0.038208351975857729
v 0.15509081391128615 1.3584203430997985 0.038208356178508478
v -0.044412613589853392 0.3539670126032442 0.018949830289137784
v -0.034105598455289085 0.35390800187964255 0.058630733388085179
v 0.022801635230324802 0.56129201179244192 0.015443265463939983
v 0.03486306081636318 0.56140102157193017 -0.051783028108583838
v -0.12027010019509576 0.5612880118750142 0.0098115381843511713
v 0.039114108570326475 0.48413503124848456 0.087704264544998495
v 0.49970277923733963 0.88308629438074182 0.09869590990957712
v 0.47207387486075464 0.83629432372654111 0.098293703907564908
v 0.11795000332066267 0.10258596892253674 -0.001039514182463566
v 0.11308999701652084 0.025682279581005118 -0.01580339207903942
v -0.048045233695773612 0.025219871793358162 -0.015511231531652372
v 0.12129099992998126 0.034041467768282561 0.1641910105001784
v 0.071847499044214891 -1.0053403526114093e-07 0.11426199422289875
v 0.071374418522129071 0.56143702724438904 -0.074191453433169546
v 0.12105290903828152 0.64039898876163937 2.9630908875671981e-05
v -0.26218613918844269 0.98844509903419686 0.020219200479773821
v 0.24683083206355153 0.95221849191229124 -0.028499910741944141
v 0.051328960148316498 1.4619202757093712 -0.11294199730735835
v -0.034716767858372702 1.2084402348510854 -0.11294201364713614
v -0.017507656851521385 1.2050202385190412 -0.11294201284668712
v -0.051329476762622381 1.2140802666152251 -0.11294201438671056
v 0.13298171383882518 1.3555103339265087 -0.11294199931065627
v 0.10641181030653109 1.4196503167473227 -0.11294199757804797
v -0.081653219374197866 1.4444103326992654 -0.11294200422971588
v 0.034716251579743493 1.4675603074602368 -0.1129419976761423
v 0.017507260007482636 1.4709803038861031 -0.1129419982116633
v 0.081652773133303477 1.231590212414261 -0.11294200733174248
v -0.10641219015562316 1.2563502274457856 -0.11294201491622434
v -0.12392019131029923 1.3893302586647276 -0.11294200874586946
v 0.12391971477223837 1.2866702852559297 -0.11294200325167834
v 0.077587782803676286 -1.0934096705972213e-07 0.14009100263247309
v 0.091408072271824112 -1.1144094058286226e-07 0.14634999856708886
f 1 2 3
f 4 3 2
f 5 6 7
f 8 7 6
f 9 10 11
f 12 11 10
f 13 14 15
f 16 15 14
f 17 18 19
f 20 19 18
f 21 22 16
f 15 16 22
f 23 24 25
f 26 25 24
f 27 28 29
f 30 29 28
f 31 32 33
f 34 33 32
f 35 36 37
f 38 37 36
f 39 40 41
f 42 41 40
f 43 44 45
f 46 45 44
f 47 48 49
f 50 49 48
f 51 52 53
f 54 53 52
f 55 56 57
f 58 57 56
f 59 60 61
f 62 61 60
f 63 64 65
f 66 65 64
f 67 68 69
f 70 69 68
f 71 72 73
f 74 73 72
f 75 76 77
f 78 77 76
f 79 80 81
f 82 81 80
f 83 84 85
f 86 85 84
f 87 88 89
f 90 89 88
f 91 92 93
f 94 93 92
f 95 96 97
f 98 97 96
f 99 100 101
f 102 101 100
f 103 104 105
f 106 105 104
f 107 108 109
f 110 109 108
f 111 112 113
f 114 113 112
f 115 116 117
f 118 117 116
f 119 120 121
f 122 121 120
f 123 124 125
f 126 125 124
f 127 128 129
f 130 129 128
f 131 132 133
f 134 133 132
f 135 136 137
f 138 137 136
f 139 140 141
f 142 141 140
f 143 144 67
f 68 67 144
f 145 146 79
f 80 79 146
f 147 148 149
f 150 149 148
f 151 152 153
f 154 153 152
f 155 156 63
f 64 63 156
f 157 158 75
f 76 75 158
f 159 160 161
f 162 161 160
f 163 164 83
f 84 83 164
f 165 166 167
f 168 167 166
f 169 170 171
f 172 171 170
f 173 174 175
f 176 175 174
f 177 178 179
f 180 179 178
f 181 182 183
f 184 183 182
f 185 186 187
f 188 187 186
f 189 190 191
f 192 191 190
f 193 194 195
f 196 195 194
f 197 198 199
f 200 199 198
f 201 202 203
f 204 203 202
f 205 206 207
f 208 207 206
f 209 210 211
f 212 211 210
f 213 214 215
f 216 215 214
f 217 218 219
f 220 219 218
f 221 222 223
f 224 223 222
f 225 226 227
f 228 227 226
f 229 230 231
f 232 231 230
f 233 234 235
f 236 235 234
f 237 238 239
f 240 239 238
f 241 240 242
f 238 242 240
f 243 244 245
f 211 245 244
f 246 247 248
f 249 248 247
f 250 251 252
f 221 252 251
f 253 254 255
f 256 255 254
f 257 258 259
f 260 259 258
f 261 262 263
f 264 263 262
f 265 266 267
f 268 267 266
f 269 270 271
f 272 271 270
f 273 274 275
f 276 275 274
f 277 278 279
f 280 279 278
f 281 282 283
f 284 283 282
f 285 286 287
f 288 287 286
f 289 290 291
f 292 291 290
f 293 294 295
f 296 295 294
f 297 298 299
f 300 299 298
f 301 302 303
f 304 303 302
f 305 306 307
f 308 307 306
f 309 310 311
f 312 311 310
f 313 314 315
f 316 315 314
f 317 318 319
f 320 319 318
f 321 322 323
f 324 323 322
f 278 290 325
f 326 325 290
f 327 328 281
f 329 281 328
f 330 331 285
f 286 285 331
f 332 326 289
f 290 289 326
f 333 334 335
f 336 335 334
f 337 338 339
f 340 339 338
f 341 342 343
f 344 343 342
f 345 346 347
f 348 347 346
f 349 350 351
f 352 351 350
f 353 354 355
f 356 355 354
f 357 358 359
f 360 359 358
f 361 362 363
f 364 363 362
f 365 366 367
f 368 367 366
f 369 370 353
f 354 353 370
f 371 372 373
f 374 373 372
f 375 376 337
f 338 337 376
f 377 378 379
f 380 379 378
f 381 382 383
f 384 383 382
f 385 386 387
f 388 387 386
f 389 390 391
f 392 391 390
f 393 394 395
f 396 395 394
f 397 398 399
f 400 399 398
f 401 402 403
f 404 403 402
f 405 406 407
f 408 407 406
f 409 410 411
f 412 411 410
f 413 414 415
f 416 415 414
f 417 418 419
f 420 419 418
f 216 214 421
f 422 421 214
f 206 423 208
f 424 208 423
f 425 426 427
f 428 427 426
f 429 430 431
f 432 431 430
f 433 434 435
f 436 435 434
f 437 438 439
f 440 439 438
f 441 442 443
f 444 443 442
f 445 446 447
f 448 447 446
f 449 450 451
f 452 451 450
f 453 454 455
f 456 455 454
f 457 458 459
f 460 459 458
f 461 462 463
f 464 463 462
f 465 466 467
f 468 467 466
f 469 470 471
f 472 471 470
f 473 474 475
f 476 475 474
f 477 478 479
f 480 479 478
f 481 482 483
f 484 483 482
f 485 486 487
f 488 487 486
f 489 490 491
f 492 491 490
f 493 494 495
f 496 495 494
f 497 498 499
f 500 499 498
f 501 502 503
f 504 503 502
f 505 506 507
f 508 507 506
f 509 510 511
f 512 511 510
f 513 514 515
f 516 515 514
f 517 518 519
f 520 519 518
f 521 522 523
f 524 523 522
f 525 526 527
f 528 527 526
f 529 530 531
f 532 531 530
f 533 534 535
f 536 535 534
f 537 538 539
f 540 539 538
f 541 542 543
f 544 543 542
f 545 546 547
f 548 547 546
f 549 550 551
f 552 551 550
f 553 554 555
f 556 555 554
f 557 558 559
f 560 559 558
f 561 562 563
f 564 563 562
f 565 566 567
f 568 567 566
f 569 570 571
f 572 571 570
f 573 574 575
f 576 575 574
f 577 578 579
f 580 579 578
f 581 582 583
f 584 583 582
f 585 586 587
f 588 587 586
f 589 590 591
f 592 591 590
f 593 594 595
f 596 595 594
f 597 598 599
f 600 599 598
f 601 602 603
f 604 603 602
f 605 606 607
f 608 607 606
f 609 610 611
f 612 611 610
f 613 614 615
f 616 615 614
f 617 618 619
f 620 619 618
f 621 622 623
f 624 623 622
f 625 626 627
f 628 627 626
f 629 630 631
f 632 631 630
f 633 634 635
f 636 635 634
f 637 638 639
f 640 639 638
f 641 642 643
f 644 643 642
f 645 646 647
f 648 647 646
f 649 650 651
f 652 651 650
f 653 654 655
f 656 655 654
f 657 658 659
f 660 659 658
f 661 662 663
f 664 663 662
f 665 666 667
f 668 667 666
f 669 670 671
f 672 671 670
f 673 674 675
f 676 675 674
f 677 678 679
f 680 679 678
f 681 682 683
f 684 683 682
f 685 686 687
f 688 687 686
f 689 690 691
f 692 691 690
f 693 694 695
f 696 695 694
f 697 698 699
f 700 699 698
f 701 702 703
f 704 703 702
f 705 706 707
f 708 707 706
f 709 710 711
f 712 711 710
f 713 714 715
f 716 715 714
f 717 718 719
f 720 719 718
f 721 722 723
f 724 723 722
f 725 726 727
f 728 727 726
f 729 730 731
f 732 731 730
f 733 734 735
f 736 735 734
f 737 738 739
f 740 739 738
f 741 742 743
f 744 743 742
f 745 746 747
f 748 747 746
f 749 750 751
f 752 751 750
f 753 754 755
f 756 755 754
f 757 758 759
f 760 759 758
f 761 762 763
f 764 763 762
f 765 766 767
f 768 767 766
f 769 770 771
f 772 771 770
f 773 774 775
f 776 775 774
f 777 778 779
f 780 779 778
f 781 782 783
f 784 783 782
f 785 786 787
f 788 787 786
f 789 790 791
f 792 791 790
f 793 794 795
f 796 795 794
f 797 798 799
f 800 799 798
f 801 802 803
f 804 803 802
f 805 806 807
f 808 807 806
f 809 810 811
f 812 811 810
f 813 814 815
f 816 815 814
f 817 818 819
f 820 819 818
f 821 822 823
f 824 823 822
f 825 826 827
f 828 827 826
f 829 830 831
f 832 831 830
f 833 834 835
f 836 835 834
f 723 837 656
f 838 656 837
f 819 839 792
f 840 792 839
f 841 842 704
f 843 704 842
f 671 844 836
f 845 836 844
f 799 846 692
f 847 692 846
f 759 848 732
f 849 732 848
f 850 851 852
f 853 852 851
f 854 855 708
f 856 708 855
f 687 857 648
f 858 648 857
f 811 859 860
f 861 860 859
f 862 863 864
f 865 864 863
f 866 684 867
f 682 867 684
f 868 869 870
f 871 870 869
f 872 873 874
f 875 874 873
f 658 876 660
f 877 660 876
f 878 879 880
f 881 880 879
f 882 883 884
f 885 884 883
f 886 887 888
f 889 888 887
f 890 891 892
f 893 892 891
f 894 895 896
f 897 896 895
f 898 899 900
f 901 900 899
f 902 903 904
f 905 904 903
f 906 907 908
f 909 908 907
f 910 911 912
f 913 912 911
f 914 915 916
f 917 916 915
f 918 919 920
f 921 920 919
f 922 923 924
f 925 924 923
f 926 927 928
f 929 928 927
f 930 931 932
f 933 932 931
f 934 935 936
f 937 936 935
f 938 939 808
f 807 808 939
f 940 941 942
f 943 942 941
f 794 944 796
f 945 796 944
f 946 947 668
f 667 668 947
f 766 948 768
f 949 768 948
f 950 951 816
f 815 816 951
f 952 676 953
f 674 953 676
f 742 954 744
f 955 744 954
f 956 957 652
f 651 652 957
f 750 958 752
f 959 752 958
f 735 960 961
f 962 961 960
f 679 963 964
f 965 964 963
f 966 967 968
f 969 968 967
f 970 971 972
f 973 972 971
f 974 975 976
f 977 976 975
f 978 979 980
f 981 980 979
f 982 983 984
f 985 984 983
f 986 987 988
f 989 988 987
f 990 991 992
f 993 992 991
f 994 995 996
f 997 996 995
f 998 999 1000
f 1001 1000 999
f 1002 1003 1004
f 1005 1004 1003
f 1006 1007 1008
f 1009 1008 1007
f 1010 1011 1012
f 1013 1012 1011
f 1014 1015 1016
f 1017 1016 1015
f 1018 1019 1020
f 1021 1020 1019
f 1022 1023 1024
f 1025 1024 1023
f 1026 1027 1028
f 1029 1028 1027
f 1030 1031 1032
f 1033 1032 1031
f 1034 1035 1036
f 1037 1036 1035
f 1038 1039 1040
f 1041 1040 1039
f 1042 1043 1044
f 1045 1044 1043
f 1046 1047 1048
f 1049 1048 1047
f 1050 1051 1052
f 1053 1052 1051
f 1054 1055 1056
f 1057 1056 1055
f 1058 1059 1030
f 1060 1030 1059
f 1061 1062 1063
f 1064 1063 1062
f 1065 1066 990
f 1067 990 1066
f 1068 1069 1062
f 1070 1062 1069
f 1071 1072 1022
f 1073 1022 1072
f 998 1074 1075
f 1066 1075 1074
f 1076 1077 1058
f 1059 1058 1077
f 1078 1079 1046
f 1080 1046 1079
f 1081 1082 1055
f 1083 1055 1082
f 1084 1085 1086
f 1087 1086 1085
f 1 3 1088
f 1089 1088 3
f 1090 1091 6
f 8 6 1091
f 1092 1093 10
f 12 10 1093
f 1094 1095 14
f 16 14 1095
f 1096 1097 18
f 20 18 1097
f 21 20 22
f 1097 22 20
f 1057 25 1098
f 26 1098 25
f 1099 1100 29
f 27 29 1100
f 1064 33 1101
f 34 1101 33
f 1102 1103 36
f 38 36 1103
f 42 900 41
f 1104 41 900
f 46 904 45
f 1105 45 904
f 50 1106 49
f 974 49 1106
f 54 908 53
f 1107 53 908
f 58 912 57
f 1108 57 912
f 62 916 61
f 1109 61 916
f 66 920 65
f 1110 65 920
f 70 924 69
f 1111 69 924
f 74 1112 73
f 978 73 1112
f 78 928 77
f 1113 77 928
f 82 932 81
f 1114 81 932
f 86 936 85
f 1115 85 936
f 89 90 1116
f 1117 1116 90
f 93 94 1118
f 1119 1118 94
f 98 1120 97
f 1121 97 1120
f 101 102 1122
f 1123 1122 102
f 105 106 1124
f 1125 1124 106
f 109 110 1126
f 1127 1126 110
f 113 114 1128
f 1129 1128 114
f 117 118 1130
f 1131 1130 118
f 121 122 1132
f 1133 1132 122
f 125 126 1134
f 1135 1134 126
f 129 130 1136
f 1137 1136 130
f 133 134 1138
f 1139 1138 134
f 143 67 136
f 138 136 67
f 141 142 1140
f 1141 1140 142
f 147 149 144
f 68 144 149
f 153 1142 146
f 80 146 1142
f 155 63 148
f 150 148 63
f 153 154 1142
f 1143 1142 154
f 1144 1145 156
f 64 156 1145
f 159 161 158
f 76 158 161
f 1146 71 160
f 162 160 71
f 141 1140 164
f 84 164 1140
f 1147 43 168
f 167 168 43
f 170 1148 172
f 1149 172 1148
f 1150 1151 173
f 174 173 1151
f 1152 178 1153
f 177 1153 178
f 183 184 1154
f 1155 1154 184
f 1156 185 1157
f 187 1157 185
f 191 192 1158
f 1159 1158 192
f 203 204 193
f 194 193 204
f 207 208 199
f 197 199 208
f 1160 202 1161
f 201 1161 202
f 1162 427 205
f 206 205 427
f 210 209 419
f 417 419 209
f 1163 1164 213
f 214 213 1164
f 219 1165 217
f 1166 217 1165
f 223 224 1167
f 1165 1167 224
f 227 1168 225
f 1169 225 1168
f 1170 229 1168
f 231 1168 229
f 234 1171 236
f 1160 236 1171
f 239 1172 237
f 212 237 1172
f 1173 226 241
f 240 241 226
f 1174 243 1175
f 245 1175 243
f 1167 246 223
f 248 223 246
f 253 255 250
f 251 250 255
f 1176 256 1177
f 254 1177 256
f 1178 257 1179
f 259 1179 257
f 262 274 264
f 1180 264 274
f 266 1181 268
f 1182 268 1181
f 272 1089 271
f 1183 271 1089
f 274 273 1180
f 1184 1180 273
f 277 292 278
f 290 278 292
f 1185 327 283
f 281 283 327
f 287 1186 285
f 1187 285 1186
f 291 284 289
f 282 289 284
f 315 316 295
f 293 295 316
f 1188 1189 297
f 298 297 1189
f 309 301 310
f 303 310 301
f 318 307 320
f 308 320 307
f 1190 1191 312
f 311 312 1191
f 1192 1193 313
f 314 313 1193
f 1194 317 1195
f 319 1195 317
f 302 321 304
f 323 304 321
f 278 325 280
f 1196 280 325
f 282 281 1197
f 329 1197 281
f 331 330 302
f 321 302 330
f 326 332 1194
f 317 1194 332
f 352 350 333
f 334 333 350
f 337 339 360
f 359 360 339
f 341 356 342
f 354 342 356
f 364 347 363
f 348 363 347
f 390 349 1198
f 351 1198 349
f 353 355 1199
f 1200 1199 355
f 357 1201 358
f 374 358 1201
f 1202 1203 361
f 362 361 1203
f 1204 1205 365
f 366 365 1205
f 369 1206 370
f 1207 370 1206
f 1208 1209 371
f 372 371 1209
f 375 1210 376
f 1211 376 1210
f 377 382 378
f 1203 378 382
f 382 381 1203
f 362 1203 381
f 316 385 293
f 387 293 385
f 391 314 389
f 1193 389 314
f 269 395 1212
f 396 1212 395
f 1213 400 1214
f 398 1214 400
f 1215 404 1216
f 402 1216 404
f 271 1183 408
f 407 408 1183
f 1217 1218 409
f 410 409 1218
f 1219 614 413
f 414 413 614
f 418 1220 420
f 1221 420 1220
f 1222 1223 422
f 421 422 1223
f 423 1224 424
f 1225 424 1224
f 426 1226 428
f 1227 428 1226
f 430 433 432
f 435 432 433
f 424 1225 434
f 436 434 1225
f 439 1228 437
f 1229 437 1228
f 444 445 443
f 447 443 445
f 446 450 448
f 1230 448 450
f 450 449 1230
f 1231 1230 449
f 455 456 1232
f 1085 1232 456
f 1233 1234 457
f 458 457 1234
f 1235 1236 461
f 462 461 1236
f 466 1237 468
f 1238 468 1237
f 471 1239 469
f 1240 469 1239
f 1241 1242 473
f 474 473 1242
f 478 1243 480
f 1244 480 1243
f 1245 481 1246
f 483 1246 481
f 487 488 1247
f 1248 1247 488
f 491 1249 489
f 1250 489 1249
f 1251 493 1252
f 495 1252 493
f 498 1253 500
f 1254 500 1253
f 1255 1256 501
f 502 501 1256
f 1257 1258 505
f 506 505 1258
f 509 1259 510
f 1260 510 1259
f 515 516 1261
f 1262 1261 516
f 1263 1264 517
f 518 517 1264
f 1265 521 1266
f 523 1266 521
f 527 528 1267
f 1268 1267 528
f 529 1269 530
f 1270 530 1269
f 1271 1272 533
f 534 533 1272
f 538 1273 540
f 1274 540 1273
f 543 1275 541
f 1276 541 1275
f 1277 1278 545
f 546 545 1278
f 550 1279 552
f 1280 552 1279
f 1281 553 1282
f 555 1282 553
f 559 560 1283
f 1284 1283 560
f 563 1285 561
f 1286 561 1285
f 1287 565 1288
f 567 1288 565
f 570 1289 572
f 1290 572 1289
f 1291 1292 573
f 574 573 1292
f 1293 1294 577
f 578 577 1294
f 581 1295 582
f 1296 582 1295
f 587 588 1297
f 1298 1297 588
f 1299 1300 589
f 590 589 1300
f 1301 593 1302
f 595 1302 593
f 599 600 1303
f 1304 1303 600
f 601 1305 602
f 1306 602 1305
f 609 605 610
f 607 610 605
f 611 612 1307
f 1308 1307 612
f 1309 613 1310
f 615 1310 613
f 1311 617 1312
f 619 1312 617
f 623 1313 621
f 267 621 1313
f 264 1180 625
f 626 625 1180
f 268 1182 629
f 630 629 1182
f 263 633 1314
f 635 1314 633
f 1315 637 1316
f 639 1316 637
f 1184 1317 641
f 642 641 1317
f 685 687 646
f 648 646 687
f 650 713 652
f 715 652 713
f 721 723 654
f 656 654 723
f 1318 1319 657
f 658 657 1319
f 662 665 664
f 667 664 665
f 666 829 668
f 831 668 829
f 701 703 670
f 672 670 703
f 745 747 673
f 674 673 747
f 821 823 678
f 680 678 823
f 1320 1321 681
f 682 681 1321
f 705 707 686
f 688 686 707
f 797 799 690
f 692 690 799
f 1322 695 1323
f 696 1323 695
f 698 659 700
f 660 700 659
f 1324 841 702
f 704 702 841
f 1325 854 706
f 708 706 854
f 710 1326 712
f 1327 712 1326
f 714 743 716
f 744 716 743
f 1328 719 1329
f 720 1329 719
f 1330 1331 722
f 724 722 1331
f 1332 987 725
f 726 725 987
f 757 759 730
f 732 730 759
f 769 771 734
f 736 734 771
f 1333 983 737
f 738 737 983
f 803 804 741
f 742 741 804
f 746 813 748
f 815 748 813
f 727 728 749
f 750 749 728
f 717 755 718
f 756 718 755
f 689 691 758
f 760 758 691
f 762 649 764
f 651 764 649
f 739 740 765
f 766 765 740
f 789 791 770
f 772 770 791
f 1334 941 773
f 774 773 941
f 778 751 780
f 752 780 751
f 1335 783 1336
f 784 1336 783
f 786 767 788
f 768 788 767
f 817 819 790
f 792 790 819
f 775 776 793
f 794 793 776
f 833 835 798
f 800 798 835
f 675 676 801
f 802 801 676
f 806 777 808
f 779 808 777
f 645 647 810
f 812 810 647
f 814 785 816
f 787 816 785
f 653 655 818
f 820 818 655
f 1337 1338 822
f 824 822 1338
f 826 1339 828
f 1340 828 1339
f 830 795 832
f 796 832 795
f 669 671 834
f 836 834 671
f 655 656 1341
f 838 1341 656
f 791 792 1342
f 840 1342 792
f 703 704 1343
f 843 1343 704
f 835 836 1344
f 845 1344 836
f 691 692 1345
f 847 1345 692
f 731 732 1346
f 849 1346 732
f 1338 852 1347
f 853 1347 852
f 707 708 1348
f 856 1348 708
f 647 648 1349
f 858 1349 648
f 1331 860 1350
f 861 1350 860
f 863 862 1351
f 1352 1351 862
f 867 1353 866
f 1354 866 1353
f 869 1355 871
f 1356 871 1355
f 874 1357 872
f 1340 872 1357
f 876 1358 877
f 1359 877 1358
f 879 878 1265
f 521 1265 878
f 884 527 882
f 1267 882 527
f 887 530 889
f 1270 889 530
f 892 1360 890
f 1327 890 1360
f 895 1239 897
f 1361 897 1239
f 1104 900 1362
f 901 1362 900
f 1105 904 1363
f 905 1363 904
f 1107 908 1364
f 909 1364 908
f 1108 912 1365
f 913 1365 912
f 1109 916 1366
f 917 1366 916
f 1110 920 1367
f 921 1367 920
f 1111 924 1368
f 925 1368 924
f 1113 928 1369
f 929 1369 928
f 1114 932 1370
f 933 1370 932
f 1115 936 1371
f 937 1371 936
f 939 938 1372
f 1373 1372 938
f 942 1374 940
f 1375 940 1374
f 944 1376 945
f 1377 945 1376
f 947 946 1378
f 1379 1378 946
f 948 1380 949
f 1381 949 1380
f 951 950 1301
f 593 1301 950
f 953 599 952
f 1303 952 599
f 954 602 955
f 1306 955 602
f 957 956 1294
f 1299 1294 956
f 958 1275 959
f 1382 959 1275
f 841 961 842
f 962 842 961
f 854 964 855
f 965 855 964
f 968 1383 966
f 1384 966 1383
f 972 1252 970
f 1245 970 1252
f 906 976 907
f 977 907 976
f 926 980 927
f 981 927 980
f 984 1385 982
f 1386 982 1385
f 988 1288 986
f 1281 986 1288
f 1387 1065 992
f 990 992 1065
f 996 1388 994
f 1068 994 1388
f 1000 1389 998
f 1074 998 1389
f 1002 1390 1003
f 1391 1003 1390
f 1006 1392 1007
f 1393 1007 1392
f 1013 1011 1005
f 1004 1005 1011
f 1016 1017 1050
f 1051 1050 1017
f 1018 1037 1019
f 1035 1019 1037
f 1394 1071 1024
f 1022 1024 1071
f 1028 1029 1395
f 1396 1395 1029
f 1397 1058 1032
f 1030 1032 1058
f 1081 1034 1398
f 1036 1398 1034
f 1040 1041 1399
f 1400 1399 1041
f 1042 997 1043
f 995 1043 997
f 1401 1078 1048
f 1046 1048 1078
f 1402 1403 1053
f 1052 1053 1403
f 1034 1081 1054
f 1055 1054 1081
f 1030 1060 1031
f 1404 1031 1060
f 994 1068 1061
f 1062 1061 1068
f 990 1067 991
f 1405 991 1067
f 1070 1406 1062
f 1064 1062 1406
f 1073 1407 1022
f 1023 1022 1407
f 999 998 1408
f 1075 1408 998
f 1007 1393 1077
f 1059 1077 1393
f 1080 1409 1046
f 1047 1046 1409
f 1083 1410 1055
f 1057 1055 1410
f 1084 1411 1085
f 1232 1085 1411
f 3 1216 1089
f 1183 1089 1216
f 1204 1412 6
f 1090 6 1412
f 1413 1092 1206
f 10 1206 1092
f 1209 1094 1414
f 14 1414 1094
f 1211 1096 1415
f 18 1415 1096
f 21 1416 20
f 19 20 1416
f 1098 26 1417
f 1418 1417 26
f 29 1419 1099
f 1420 1099 1419
f 1101 34 447
f 443 447 34
f 36 1231 1102
f 1229 1102 1231
f 42 1421 900
f 898 900 1421
f 46 1422 904
f 902 904 1422
f 50 1423 1106
f 1424 1106 1423
f 54 1425 908
f 906 908 1425
f 58 1426 912
f 910 912 1426
f 62 1427 916
f 914 916 1427
f 66 1428 920
f 918 920 1428
f 70 1429 924
f 922 924 1429
f 74 1430 1112
f 1431 1112 1430
f 78 1432 928
f 926 928 1432
f 82 1433 932
f 930 932 1433
f 86 1434 936
f 934 936 1434
f 1435 1436 90
f 1117 90 1436
f 1437 1438 94
f 1119 94 1438
f 1439 1440 98
f 1120 98 1440
f 1123 102 1441
f 1442 1441 102
f 1443 1444 106
f 1125 106 1444
f 1445 1446 110
f 1127 110 1446
f 1447 1448 114
f 1129 114 1448
f 1449 1450 118
f 1131 118 1450
f 1451 1452 122
f 1133 122 1452
f 1453 1454 126
f 1135 126 1454
f 1455 151 130
f 1137 130 151
f 1456 139 134
f 1139 134 139
f 1130 143 1457
f 136 1457 143
f 145 79 142
f 1141 142 79
f 1450 147 1131
f 144 1131 147
f 151 153 1137
f 146 1137 153
f 1128 155 1458
f 148 1458 155
f 157 75 154
f 1143 154 75
f 1448 1144 1129
f 156 1129 1144
f 1454 159 1135
f 158 1135 159
f 1132 1146 1459
f 160 1459 1146
f 139 141 1139
f 164 1139 141
f 1118 1147 1460
f 168 1460 1147
f 1441 1148 1461
f 170 1461 1148
f 1440 1150 1120
f 173 1120 1150
f 177 48 1153
f 47 1153 48
f 172 1149 184
f 1155 184 1149
f 1151 1157 174
f 187 174 1157
f 192 178 1159
f 1152 1159 178
f 193 1462 203
f 1463 203 1462
f 1464 207 1465
f 199 1465 207
f 201 1466 1161
f 1467 1161 1466
f 1467 1162 1468
f 205 1468 1162
f 209 215 417
f 216 417 215
f 213 1469 1163
f 1470 1163 1469
f 1471 1167 219
f 1165 219 1167
f 1165 224 1166
f 1472 1166 224
f 1168 227 1170
f 1473 1170 227
f 1175 1169 231
f 1168 231 1169
f 217 1166 234
f 1171 234 1166
f 225 1169 239
f 1172 239 1169
f 1173 241 1474
f 1475 1474 241
f 1169 1175 1172
f 245 1172 1175
f 252 221 248
f 223 248 221
f 1476 253 1477
f 250 1477 253
f 1177 254 1478
f 1479 1478 254
f 1480 1481 259
f 1179 259 1481
f 274 262 276
f 1482 276 262
f 1476 1181 1479
f 266 1479 1181
f 1483 1088 272
f 1089 272 1088
f 273 1484 1184
f 1317 1184 1484
f 1485 1309 277
f 292 277 1309
f 283 1312 1185
f 1486 1185 1312
f 1186 287 1487
f 1488 1487 287
f 1310 1311 291
f 284 291 1311
f 1489 315 1490
f 295 1490 315
f 297 1491 1188
f 1492 1188 1491
f 310 303 1493
f 1494 1493 303
f 320 308 1495
f 1496 1495 308
f 312 1497 1190
f 1492 1190 1497
f 313 1498 1192
f 1499 1192 1498
f 319 1500 1195
f 1499 1195 1500
f 304 323 1501
f 1502 1501 323
f 325 1503 1196
f 1504 1196 1503
f 1197 329 318
f 307 318 329
f 330 1505 321
f 322 321 1505
f 332 1197 317
f 318 317 1197
f 1506 352 1507
f 333 1507 352
f 339 1508 359
f 1509 359 1508
f 356 341 1510
f 1511 1510 341
f 363 348 1512
f 1513 1512 348
f 1198 351 1514
f 1515 1514 351
f 355 1516 1200
f 1517 1200 1516
f 1201 357 1514
f 1518 1514 357
f 1517 1202 1519
f 361 1519 1202
f 365 1520 1204
f 1412 1204 1520
f 1521 1413 369
f 1206 369 1413
f 371 1522 1208
f 1523 1208 1522
f 1524 1525 375
f 1210 375 1525
f 1526 384 377
f 382 377 384
f 381 1527 362
f 364 362 1527
f 294 293 1528
f 387 1528 293
f 385 316 391
f 314 391 316
f 614 1212 414
f 396 414 1212
f 1215 1214 404
f 398 404 1214
f 1216 402 1183
f 407 1183 402
f 269 271 395
f 408 395 271
f 400 1213 409
f 1217 409 1213
f 1219 413 1218
f 410 1218 413
f 418 421 1220
f 1223 1220 421
f 422 1529 1222
f 1530 1222 1529
f 428 1227 423
f 1224 423 1227
f 426 429 1226
f 431 1226 429
f 1531 198 430
f 433 430 198
f 208 424 197
f 434 197 424
f 442 441 439
f 1228 439 441
f 1532 1533 444
f 445 444 1533
f 1534 452 446
f 450 446 452
f 437 1229 449
f 1231 449 1229
f 456 1535 1085
f 1087 1085 1535
f 1536 1233 1537
f 457 1537 1233
f 1354 1235 1538
f 461 1538 1235
f 1539 1351 466
f 1237 466 1351
f 471 1540 1239
f 1361 1239 1540
f 473 462 1241
f 1236 1241 462
f 468 1238 478
f 1243 478 1238
f 469 1240 483
f 1246 483 1240
f 488 474 1248
f 1242 1248 474
f 480 1244 491
f 1249 491 1244
f 1252 495 1245
f 481 1245 495
f 487 1247 498
f 1253 498 1247
f 501 489 1255
f 1250 1255 489
f 1251 1257 493
f 505 493 1257
f 500 1254 509
f 1259 509 1254
f 516 502 1262
f 1256 1262 502
f 1258 1263 506
f 517 506 1263
f 1266 523 1260
f 510 1260 523
f 528 515 1268
f 1261 1268 515
f 529 518 1269
f 1264 1269 518
f 1375 1271 1541
f 533 1541 1271
f 1542 1372 538
f 1273 538 1372
f 543 1543 1275
f 1382 1275 1543
f 545 534 1277
f 1272 1277 534
f 540 1274 550
f 1279 550 1274
f 541 1276 555
f 1282 555 1276
f 560 546 1284
f 1278 1284 546
f 552 1280 563
f 1285 563 1280
f 1288 567 1281
f 553 1281 567
f 559 1283 570
f 1289 570 1283
f 573 561 1291
f 1286 1291 561
f 1287 1293 565
f 577 565 1293
f 572 1290 581
f 1295 581 1290
f 588 574 1298
f 1292 1298 574
f 1294 1299 578
f 589 578 1299
f 1302 595 1296
f 582 1296 595
f 600 587 1304
f 1297 1304 587
f 601 590 1305
f 1300 1305 590
f 610 607 1213
f 1544 1213 607
f 1215 1308 1214
f 612 1214 1308
f 1310 615 1311
f 617 1311 615
f 1312 619 1486
f 1545 1486 619
f 1313 623 1315
f 637 1315 623
f 625 633 264
f 263 264 633
f 267 268 621
f 629 621 268
f 1314 635 1182
f 630 1182 635
f 1317 1316 642
f 639 642 1316
f 1180 1184 626
f 641 626 1184
f 646 1546 685
f 1547 685 1546
f 713 650 1548
f 1549 1548 650
f 721 654 1550
f 1551 1550 654
f 657 1552 1318
f 1553 1318 1552
f 1554 1555 662
f 665 662 1555
f 829 666 1556
f 1557 1556 666
f 701 670 1558
f 1559 1558 670
f 1560 745 1561
f 673 1561 745
f 678 1562 821
f 1563 821 1562
f 1564 1320 1565
f 681 1565 1320
f 705 686 1566
f 1567 1566 686
f 690 1568 797
f 1569 797 1568
f 696 1570 1323
f 1571 1323 1570
f 1572 1573 698
f 659 698 1573
f 1324 702 1574
f 1575 1574 702
f 1325 706 1576
f 1577 1576 706
f 1578 1574 710
f 1326 710 1574
f 1579 1580 714
f 743 714 1580
f 720 1581 1329
f 1582 1329 1581
f 1330 722 1564
f 1583 1564 722
f 1584 1332 1585
f 725 1585 1332
f 757 730 1586
f 1587 1586 730
f 734 1588 769
f 1589 769 1588
f 1571 1333 1590
f 737 1590 1333
f 1591 803 1592
f 741 1592 803
f 1593 1594 746
f 813 746 1594
f 1595 727 1596
f 749 1596 727
f 718 756 1597
f 1598 1597 756
f 689 758 1599
f 1600 1599 758
f 1601 1602 762
f 649 762 1602
f 1603 739 1604
f 765 1604 739
f 770 1605 789
f 1606 789 1605
f 1582 1334 1607
f 773 1607 1334
f 1608 1609 778
f 751 778 1609
f 784 1610 1336
f 1584 1336 1610
f 1611 1612 786
f 767 786 1612
f 790 1613 817
f 1614 817 1613
f 1615 775 1616
f 793 1616 775
f 798 1617 833
f 1618 833 1617
f 1619 675 1620
f 801 1620 675
f 777 806 1621
f 1622 1621 806
f 810 1623 645
f 1624 645 1623
f 785 814 1625
f 1626 1625 814
f 653 818 1627
f 1628 1627 818
f 822 1629 1337
f 1553 1337 1629
f 1630 1576 826
f 1339 826 1576
f 1631 1632 830
f 795 830 1632
f 834 1633 669
f 1634 669 1633
f 1341 838 87
f 88 87 838
f 1342 840 91
f 92 91 840
f 1343 843 99
f 100 99 843
f 1344 845 103
f 104 103 845
f 1345 847 107
f 108 107 847
f 1346 849 111
f 112 111 849
f 1347 853 115
f 116 115 853
f 1348 856 123
f 124 123 856
f 1349 858 127
f 128 127 858
f 1350 861 131
f 132 131 861
f 862 1635 1352
f 1636 1352 1635
f 867 1637 1353
f 1638 1353 1637
f 1639 1640 869
f 1355 869 1640
f 1357 874 1641
f 1642 1641 874
f 1643 1644 876
f 1358 876 1644
f 878 1645 521
f 522 521 1645
f 884 1646 527
f 525 527 1646
f 1647 532 887
f 530 887 532
f 1360 892 1258
f 1263 1258 892
f 1648 1240 895
f 1239 895 1240
f 1362 901 1649
f 1650 1649 901
f 1363 905 1651
f 1652 1651 905
f 1364 909 1653
f 1654 1653 909
f 1365 913 1655
f 1656 1655 913
f 1366 917 1657
f 1658 1657 917
f 1367 921 1659
f 1660 1659 921
f 1368 925 1661
f 1662 1661 925
f 1369 929 1663
f 1664 1663 929
f 1370 933 1665
f 1666 1665 933
f 1371 937 717
f 755 717 937
f 938 1667 1373
f 1668 1373 1667
f 942 1669 1374
f 1670 1374 1669
f 1671 1672 944
f 1376 944 1672
f 946 1673 1379
f 1674 1379 1673
f 1675 1676 948
f 1380 948 1676
f 950 1677 593
f 594 593 1677
f 953 1678 599
f 597 599 1678
f 1679 604 954
f 602 954 604
f 956 1680 1299
f 1300 1299 1680
f 1681 1276 958
f 1275 958 1276
f 842 962 1682
f 1683 1682 962
f 855 965 1684
f 1685 1684 965
f 968 1686 1383
f 1687 1383 1686
f 972 1688 1252
f 1251 1252 1688
f 907 977 1322
f 695 1322 977
f 927 981 1335
f 783 1335 981
f 984 1689 1385
f 1690 1385 1689
f 988 1691 1288
f 1287 1288 1691
f 1692 1387 1693
f 992 1693 1387
f 1388 996 1694
f 1695 1694 996
f 1696 1694 1000
f 1389 1000 1694
f 1697 1390 1698
f 1002 1698 1390
f 1699 1700 1006
f 1392 1006 1700
f 1011 1701 1004
f 1702 1004 1701
f 1703 1704 1017
f 1051 1017 1704
f 1037 1018 1705
f 1706 1705 1018
f 1707 1394 1708
f 1024 1708 1394
f 1029 1709 1396
f 1710 1396 1709
f 1707 1397 1711
f 1032 1711 1397
f 1398 1036 1700
f 1712 1700 1036
f 1713 1697 1041
f 1400 1041 1697
f 997 1042 1714
f 1715 1714 1042
f 1692 1401 1716
f 1048 1716 1401
f 1053 1717 1402
f 1710 1402 1717
f 1054 1718 1034
f 1035 1034 1718
f 1719 1720 1060
f 1404 1060 1720
f 1061 1721 994
f 995 994 1721
f 1722 1723 1067
f 1405 1067 1723
f 1724 1725 1070
f 1406 1070 1725
f 1726 1727 1073
f 1407 1073 1727
f 1408 1075 1012
f 1728 1012 1075
f 1729 1009 1077
f 1007 1077 1009
f 1730 453 1080
f 1409 1080 453
f 1731 1536 1083
f 1410 1083 1536
f 1411 1084 1732
f 1733 1732 1084
f 1215 1216 4
f 3 4 1216
f 1205 1204 5
f 6 5 1204
f 1206 10 1207
f 9 1207 10
f 1525 1414 13
f 14 13 1414
f 1523 1415 17
f 18 17 1415
f 21 16 1416
f 1095 1416 16
f 24 1734 26
f 1418 26 1734
f 29 30 1419
f 1735 1419 30
f 32 441 34
f 443 34 441
f 36 35 1231
f 1230 1231 35
f 1736 1421 40
f 42 40 1421
f 1737 1422 44
f 46 44 1422
f 165 1423 48
f 50 48 1423
f 52 1738 54
f 1425 54 1738
f 1739 1426 56
f 58 56 1426
f 1740 1427 60
f 62 60 1427
f 1145 1428 64
f 66 64 1428
f 149 1429 68
f 70 68 1429
f 137 1430 72
f 74 72 1430
f 161 1432 76
f 78 76 1432
f 1142 1433 80
f 82 80 1433
f 1140 1434 84
f 86 84 1434
f 88 1741 90
f 1435 90 1741
f 92 1742 94
f 1437 94 1742
f 96 1743 98
f 1439 98 1743
f 100 1682 102
f 1442 102 1682
f 104 1744 106
f 1443 106 1744
f 108 1745 110
f 1445 110 1745
f 112 1746 114
f 1447 114 1746
f 116 1747 118
f 1449 118 1747
f 120 1748 122
f 1451 122 1748
f 124 1684 126
f 1453 126 1684
f 128 1749 130
f 1455 130 1749
f 132 1750 134
f 1456 134 1750
f 1452 1457 135
f 136 135 1457
f 1136 145 140
f 142 140 145
f 1130 1131 143
f 144 143 1131
f 1136 1137 145
f 146 145 1137
f 1450 1458 147
f 148 147 1458
f 1134 157 152
f 154 152 157
f 1128 1129 155
f 156 155 1129
f 1134 1135 157
f 158 157 1135
f 1454 1459 159
f 160 159 1459
f 1138 1139 163
f 164 163 1139
f 1440 1460 166
f 168 166 1460
f 1738 1461 169
f 170 169 1461
f 1120 173 1121
f 175 1121 173
f 179 165 177
f 48 177 165
f 171 172 182
f 184 182 172
f 174 187 176
f 188 176 187
f 190 180 192
f 178 192 180
f 195 1751 193
f 1462 193 1751
f 1751 1465 200
f 199 200 1465
f 203 1463 201
f 1466 201 1463
f 1468 205 1464
f 207 1464 205
f 211 244 209
f 215 209 244
f 215 244 213
f 1469 213 244
f 219 220 1471
f 1176 1471 220
f 222 1752 224
f 1472 224 1752
f 227 228 1473
f 1481 1473 228
f 232 1174 231
f 1175 231 1174
f 234 233 217
f 218 217 233
f 239 240 225
f 226 225 240
f 241 242 1475
f 1470 1475 242
f 1172 245 212
f 211 212 245
f 1753 252 249
f 248 249 252
f 1753 1477 252
f 250 252 1477
f 1476 1479 253
f 254 253 1479
f 1476 1480 260
f 259 260 1480
f 261 258 262
f 1482 262 258
f 266 265 1479
f 1478 1479 265
f 1483 272 1754
f 270 1754 272
f 1753 1484 275
f 273 275 1484
f 277 279 1485
f 1755 1485 279
f 284 1311 283
f 1312 283 1311
f 1488 287 1307
f 288 1307 287
f 1309 1310 292
f 291 292 1310
f 1756 1490 296
f 295 296 1490
f 299 1757 297
f 1491 297 1757
f 303 304 1494
f 1501 1494 304
f 308 306 1496
f 1756 1496 306
f 312 310 1497
f 1493 1497 310
f 315 1489 313
f 1498 313 1489
f 319 320 1500
f 1495 1500 320
f 324 1757 323
f 1502 323 1757
f 325 326 1503
f 1194 1503 326
f 328 305 329
f 307 329 305
f 1505 330 1187
f 285 1187 330
f 1197 332 282
f 289 282 332
f 1758 1507 335
f 333 335 1507
f 339 340 1508
f 1758 1508 340
f 343 1759 341
f 1511 341 1759
f 346 1759 348
f 1513 348 1759
f 352 1506 351
f 1515 351 1506
f 355 356 1516
f 1510 1516 356
f 359 1509 357
f 1518 357 1509
f 1519 361 1512
f 363 1512 361
f 365 367 1520
f 344 1520 367
f 369 353 1521
f 1199 1521 353
f 371 373 1522
f 1760 1522 373
f 375 337 1524
f 360 1524 337
f 1526 377 1189
f 379 1189 377
f 383 1761 381
f 1527 381 1761
f 1528 387 336
f 388 336 387
f 391 392 385
f 386 385 392
f 394 416 396
f 414 396 416
f 403 404 397
f 398 397 404
f 405 407 401
f 402 401 407
f 406 393 408
f 395 408 393
f 409 411 400
f 399 400 411
f 413 415 410
f 412 410 415
f 417 216 418
f 421 418 216
f 214 1164 422
f 1529 422 1164
f 427 428 206
f 423 206 428
f 425 1762 426
f 429 426 1762
f 1762 1531 429
f 430 429 1531
f 198 197 433
f 434 433 197
f 439 440 442
f 1763 442 440
f 442 1763 444
f 1532 444 1763
f 446 445 1534
f 1533 1534 445
f 449 451 437
f 438 437 451
f 454 1725 456
f 1535 456 1725
f 459 1727 457
f 1537 457 1727
f 463 1640 461
f 1538 461 1640
f 1638 1539 465
f 466 465 1539
f 471 472 1540
f 1636 1540 472
f 473 475 462
f 464 462 475
f 467 468 477
f 478 477 468
f 483 484 469
f 470 469 484
f 486 476 488
f 474 488 476
f 491 492 480
f 479 480 492
f 495 496 481
f 482 481 496
f 485 487 497
f 498 497 487
f 503 490 501
f 489 501 490
f 493 505 494
f 507 494 505
f 509 511 500
f 499 500 511
f 514 504 516
f 502 516 504
f 506 517 508
f 519 508 517
f 523 524 510
f 512 510 524
f 526 513 528
f 515 528 513
f 531 520 529
f 518 529 520
f 535 1672 533
f 1541 533 1672
f 1670 1542 537
f 538 537 1542
f 543 544 1543
f 1668 1543 544
f 545 547 534
f 536 534 547
f 539 540 549
f 550 549 540
f 555 556 541
f 542 541 556
f 558 548 560
f 546 560 548
f 563 564 552
f 551 552 564
f 567 568 553
f 554 553 568
f 557 559 569
f 570 569 559
f 575 562 573
f 561 573 562
f 565 577 566
f 579 566 577
f 581 583 572
f 571 572 583
f 586 576 588
f 574 588 576
f 578 589 580
f 591 580 589
f 595 596 582
f 584 582 596
f 598 585 600
f 587 600 585
f 603 592 601
f 590 601 592
f 607 608 1544
f 1764 1544 608
f 610 1213 612
f 1214 612 1213
f 615 616 617
f 618 617 616
f 1754 1545 620
f 619 620 1545
f 623 624 637
f 638 637 624
f 633 625 634
f 627 634 625
f 621 629 622
f 631 622 629
f 635 636 630
f 632 630 636
f 639 640 642
f 644 642 640
f 626 641 628
f 643 628 641
f 645 1624 646
f 1546 646 1624
f 1602 1549 649
f 650 649 1549
f 654 653 1551
f 1627 1551 653
f 1552 657 1573
f 659 1573 657
f 1765 1554 661
f 662 661 1554
f 1555 1557 665
f 666 665 1557
f 670 669 1559
f 1634 1559 669
f 1561 673 1619
f 675 1619 673
f 677 1766 678
f 1562 678 1766
f 1565 681 1767
f 683 1767 681
f 686 685 1567
f 1547 1567 685
f 689 1599 690
f 1568 690 1599
f 694 1765 696
f 1570 696 1765
f 698 697 1572
f 1768 1572 697
f 702 701 1575
f 1558 1575 701
f 706 705 1577
f 1566 1577 705
f 1769 1578 709
f 710 709 1578
f 1548 1579 713
f 714 713 1579
f 718 1597 720
f 1581 720 1597
f 722 721 1583
f 1550 1583 721
f 727 1595 725
f 1585 725 1595
f 730 729 1587
f 1768 1587 729
f 733 1769 734
f 1588 734 1769
f 739 1603 737
f 1590 737 1603
f 1592 741 1580
f 743 1580 741
f 1560 1593 745
f 746 745 1593
f 1596 749 1609
f 751 1609 749
f 756 754 1598
f 1770 1598 754
f 758 757 1600
f 1586 1600 757
f 1771 1601 761
f 762 761 1601
f 1604 765 1612
f 767 1612 765
f 769 1589 770
f 1605 770 1589
f 775 1615 773
f 1607 773 1615
f 1621 1608 777
f 778 777 1608
f 782 1771 784
f 1610 784 1771
f 1625 1611 785
f 786 785 1611
f 789 1606 790
f 1613 790 1606
f 1616 793 1632
f 795 1632 793
f 797 1569 798
f 1617 798 1569
f 803 1591 801
f 1620 801 1591
f 1770 1622 805
f 806 805 1622
f 809 1767 810
f 1623 810 1767
f 1594 1626 813
f 814 813 1626
f 818 817 1628
f 1614 1628 817
f 821 1563 822
f 1629 822 1563
f 1766 1630 825
f 826 825 1630
f 1556 1631 829
f 830 829 1631
f 833 1618 834
f 1633 834 1618
f 837 1741 838
f 88 838 1741
f 839 1742 840
f 92 840 1742
f 842 1682 843
f 100 843 1682
f 844 1744 845
f 104 845 1744
f 846 1745 847
f 108 847 1745
f 848 1746 849
f 112 849 1746
f 851 1747 853
f 116 853 1747
f 855 1684 856
f 124 856 1684
f 857 1749 858
f 128 858 1749
f 859 1750 861
f 132 861 1750
f 864 1772 862
f 1635 862 1772
f 1321 1637 682
f 867 682 1637
f 1773 1639 868
f 869 868 1639
f 874 875 1642
f 1774 1642 875
f 1319 1643 658
f 876 658 1643
f 880 699 878
f 1645 878 699
f 1775 1646 885
f 884 885 1646
f 1776 1647 886
f 887 886 1647
f 892 893 1263
f 1264 1263 893
f 1777 1648 894
f 895 894 1648
f 899 1328 901
f 1650 901 1328
f 903 1778 905
f 1652 905 1778
f 907 1322 909
f 1654 909 1322
f 911 1779 913
f 1656 913 1779
f 915 1780 917
f 1658 917 1780
f 919 1781 921
f 1660 921 1781
f 923 1782 925
f 1662 925 1782
f 927 1335 929
f 1664 929 1335
f 931 1783 933
f 1666 933 1783
f 935 753 937
f 755 937 753
f 808 779 938
f 1667 938 779
f 1784 1669 943
f 942 943 1669
f 776 1671 794
f 944 794 1671
f 668 831 946
f 1673 946 831
f 740 1675 766
f 948 766 1675
f 816 787 950
f 1677 950 787
f 747 1678 674
f 953 674 1678
f 804 1679 742
f 954 742 1679
f 652 715 956
f 1680 956 715
f 728 1681 750
f 958 750 1681
f 960 95 962
f 1683 962 95
f 963 119 965
f 1685 965 119
f 827 1686 969
f 968 969 1686
f 711 1688 973
f 972 973 1688
f 975 693 977
f 695 977 693
f 979 781 981
f 783 981 781
f 663 1689 985
f 984 985 1689
f 763 1691 989
f 988 989 1691
f 992 993 1693
f 1785 1693 993
f 996 997 1695
f 1714 1695 997
f 1000 1001 1696
f 1786 1696 1001
f 1004 1702 1002
f 1698 1002 1702
f 1699 1006 1787
f 1008 1787 1006
f 1010 1788 1011
f 1701 1011 1788
f 1017 1015 1703
f 1787 1703 1015
f 1020 1789 1018
f 1706 1018 1789
f 1708 1024 1790
f 1025 1790 1024
f 1027 1790 1029
f 1709 1029 1790
f 1032 1033 1711
f 1789 1711 1033
f 1036 1037 1712
f 1705 1712 1037
f 1786 1713 1039
f 1041 1039 1713
f 1044 1785 1042
f 1715 1042 1785
f 1048 1049 1716
f 1788 1716 1049
f 1053 1051 1717
f 1704 1717 1051
f 1056 28 1054
f 1718 1054 28
f 1393 1719 1059
f 1060 1059 1719
f 1063 37 1061
f 1721 1061 37
f 1074 1722 1066
f 1067 1066 1722
f 1070 1069 1724
f 1038 1724 1069
f 1073 1072 1726
f 23 1726 1072
f 1728 1075 1065
f 1066 1065 1075
f 1026 1729 1076
f 1077 1076 1729
f 1080 1079 1730
f 31 1730 1079
f 1083 1082 1731
f 1014 1731 1082
f 1086 1399 1084
f 1733 1084 1399
f 1213 1544 1217
f 1791 1217 1544
f 1092 1792 1093
f 1793 1093 1792
f 1090 1794 1091
f 1795 1091 1794
f 1796 12 1793
f 1093 1793 12
f 1094 1797 1095
f 1416 1095 1797
f 1096 1798 1097
f 22 1097 1798
f 1100 1099 1799
f 1800 1799 1099
f 1056 1057 1801
f 1098 1801 1057
f 1802 1803 1102
f 1103 1102 1803
f 1063 1064 1804
f 1101 1804 1064
f 1736 1805 1421
f 1806 1421 1805
f 1737 1807 1422
f 1808 1422 1807
f 167 1809 165
f 1423 165 1809
f 1738 1810 1425
f 1811 1425 1810
f 1739 1812 1426
f 1813 1426 1812
f 1740 1814 1427
f 1815 1427 1814
f 1145 1816 1428
f 1817 1428 1816
f 149 150 1429
f 1818 1429 150
f 137 138 1430
f 1819 1430 138
f 161 162 1432
f 1820 1432 162
f 1142 1143 1433
f 1821 1433 1143
f 1140 1141 1434
f 1822 1434 1141
f 1741 1823 1435
f 1824 1435 1823
f 1742 1825 1437
f 1826 1437 1825
f 1743 1827 1439
f 1828 1439 1827
f 1682 1683 1442
f 1829 1442 1683
f 1744 1830 1443
f 1831 1443 1830
f 1745 1832 1445
f 1833 1445 1832
f 1746 1834 1447
f 1835 1447 1834
f 1747 1836 1449
f 1837 1449 1836
f 1748 1838 1451
f 1839 1451 1838
f 1684 1685 1453
f 1840 1453 1685
f 1749 1841 1455
f 1842 1455 1841
f 1750 1843 1456
f 1844 1456 1843
f 1845 1846 1740
f 1814 1740 1846
f 1147 1847 43
f 44 43 1847
f 1848 1849 55
f 56 55 1849
f 1850 1851 1737
f 1807 1737 1851
f 1852 1853 1739
f 1812 1739 1853
f 1854 1855 39
f 40 39 1855
f 1856 1857 51
f 52 51 1857
f 1436 1858 1859
f 1860 1859 1858
f 1144 1861 1145
f 1816 1145 1861
f 1862 1863 59
f 60 59 1863
f 1146 1864 71
f 72 71 1864
f 1152 1153 1865
f 1866 1865 1153
f 1148 1867 1149
f 1868 1149 1867
f 1869 1870 1150
f 1151 1150 1870
f 1871 1158 1872
f 1159 1872 1158
f 1154 1155 1873
f 1874 1873 1155
f 1875 1156 1876
f 1157 1876 1156
f 1462 1751 1877
f 200 1877 1751
f 1878 1465 195
f 1751 195 1465
f 1466 1463 1879
f 1880 1879 1463
f 1881 1882 1464
f 1468 1464 1882
f 1883 1884 1163
f 1164 1163 1884
f 1885 1886 237
f 238 237 1886
f 220 1887 1176
f 256 1176 1887
f 1888 251 1889
f 255 1889 251
f 1179 1481 1890
f 228 1890 1481
f 1891 1892 1893
f 1178 1893 1892
f 1894 196 1895
f 194 1895 196
f 1475 1470 1896
f 1469 1896 1470
f 1897 1898 1894
f 196 1894 1898
f 1171 1899 1160
f 202 1160 1899
f 1900 1901 1170
f 229 1170 1901
f 276 1482 1902
f 1903 1902 1482
f 1471 1176 1904
f 1177 1904 1176
f 1476 1477 1480
f 1905 1480 1477
f 1906 1313 1907
f 1315 1907 1313
f 1908 1219 1909
f 1218 1909 1219
f 1910 1314 1181
f 1182 1181 1314
f 1911 1316 1484
f 1317 1484 1316
f 1912 1913 1914
f 1915 1914 1913
f 1916 1187 1917
f 1186 1917 1187
f 605 1918 606
f 1919 606 1918
f 1185 1486 1920
f 1921 1920 1486
f 306 1922 1756
f 1490 1756 1922
f 1923 1491 324
f 1757 324 1491
f 1924 1925 1501
f 1494 1501 1925
f 296 1926 1756
f 1496 1756 1926
f 1497 1493 1927
f 1928 1927 1493
f 1929 1498 1930
f 1489 1930 1498
f 1500 1495 1931
f 1932 1931 1495
f 1757 299 1502
f 1933 1502 299
f 1913 286 1934
f 331 1934 286
f 1935 1936 1916
f 1937 1916 1936
f 1938 1939 1940
f 1915 1940 1939
f 1941 1942 1196
f 280 1196 1942
f 340 1943 1758
f 1507 1758 1943
f 335 1944 1758
f 1508 1758 1944
f 1759 346 1511
f 1945 1511 346
f 1946 1513 343
f 1759 343 1513
f 1947 1515 1948
f 1506 1948 1515
f 1949 1950 1510
f 1516 1510 1950
f 1518 1509 1951
f 1952 1951 1509
f 1953 1954 1512
f 1519 1512 1954
f 1955 1956 1199
f 1521 1199 1956
f 342 1957 344
f 1520 344 1957
f 358 1958 360
f 1524 360 1958
f 1959 1960 1760
f 1522 1760 1960
f 1961 1962 1963
f 345 1963 1962
f 1761 1964 1527
f 1965 1527 1964
f 1966 294 1967
f 1528 1967 294
f 1968 1969 1970
f 1971 1970 1969
f 1972 1156 1973
f 1875 1973 1156
f 183 1974 181
f 1975 181 1974
f 1976 1154 1977
f 1873 1977 1154
f 1978 1979 185
f 186 185 1979
f 1980 1981 1871
f 1158 1871 1981
f 1982 1983 191
f 189 191 1983
f 1984 1530 1985
f 1529 1985 1530
f 1986 1987 1988
f 1989 1988 1987
f 1990 1225 1991
f 1224 1991 1225
f 1992 1227 1993
f 1226 1993 1227
f 1994 1995 1417
f 1996 1417 1995
f 1997 1998 1735
f 1419 1735 1998
f 1987 1999 1989
f 2000 1989 1999
f 2001 1532 2002
f 1763 2002 1532
f 2003 2004 1533
f 1534 1533 2004
f 1530 1984 2005
f 2006 2005 1984
f 31 33 1730
f 2007 1730 33
f 2008 1537 1726
f 1727 1726 1537
f 2009 2010 2011
f 1774 2011 2010
f 2012 2013 1235
f 1236 1235 2013
f 1237 2014 1238
f 2015 1238 2014
f 1641 1642 2016
f 2017 2016 1642
f 2018 2019 1241
f 1242 1241 2019
f 2020 1244 2021
f 1243 2021 1244
f 1687 2022 2023
f 2024 2023 2022
f 2025 2026 1248
f 1247 1248 2026
f 2027 1250 2028
f 1249 2028 1250
f 1383 2029 1384
f 2030 1384 2029
f 2031 1254 2032
f 1253 2032 1254
f 2033 2034 1255
f 1256 1255 2034
f 2035 1644 2036
f 2037 2036 1644
f 2038 1260 2039
f 1259 2039 1260
f 2040 2041 1262
f 1261 1262 2041
f 2042 2043 1358
f 1359 1358 2043
f 2044 1265 2045
f 1266 2045 1265
f 1267 1268 2046
f 2047 2046 1268
f 2048 2049 2050
f 1674 2050 2049
f 2051 2052 1271
f 1272 1271 2052
f 1273 2053 1274
f 2054 1274 2053
f 1378 1379 2055
f 2056 2055 1379
f 2057 2058 1277
f 1278 1277 2058
f 2059 1280 2060
f 1279 2060 1280
f 1690 2061 2062
f 2063 2062 2061
f 2064 2065 1284
f 1283 1284 2065
f 2066 1286 2067
f 1285 2067 1286
f 1385 2068 1386
f 2069 1386 2068
f 2070 1290 2071
f 1289 2071 1290
f 2072 2073 1291
f 1292 1291 2073
f 2074 1676 2075
f 2076 2075 1676
f 2077 1296 2078
f 1295 2078 1296
f 2079 2080 1298
f 1297 1298 2080
f 2081 2082 1380
f 1381 1380 2082
f 2083 1301 2084
f 1302 2084 1301
f 1303 1304 2085
f 2086 2085 1304
f 2087 1487 2088
f 2089 2088 1487
f 1307 1308 1488
f 2090 1488 1308
f 1545 2091 1486
f 1921 1486 2091
f 269 1212 2092
f 2093 2092 1212
f 2094 2095 2096
f 1764 2096 2095
f 1754 620 2097
f 2098 2097 620
f 2099 2100 2101
f 2102 2101 2100
f 2103 618 2104
f 2105 2104 618
f 2 1 2106
f 2107 2106 1
f 2108 2109 1483
f 1088 1483 2109
f 2110 1546 2111
f 1624 2111 1546
f 2112 2113 1602
f 1549 1602 2113
f 2114 2115 1627
f 1551 1627 2115
f 2116 1552 2117
f 1573 2117 1552
f 694 2118 1765
f 1554 1765 2118
f 2119 2120 1555
f 1557 1555 2120
f 1559 1634 2121
f 2122 2121 1634
f 2123 1561 2124
f 1619 2124 1561
f 1766 825 1562
f 2125 1562 825
f 2126 1565 809
f 1767 809 1565
f 1567 1547 2127
f 2128 2127 1547
f 1599 2129 1568
f 2130 1568 2129
f 1765 661 1570
f 2131 1570 661
f 729 2132 1768
f 1572 1768 2132
f 2133 2134 1558
f 1575 1558 2134
f 2135 2136 1566
f 1577 1566 2136
f 733 2137 1769
f 1578 1769 2137
f 2138 2139 1548
f 1579 1548 2139
f 1597 2140 1581
f 2141 1581 2140
f 1583 1550 2142
f 2143 2142 1550
f 2144 1585 2145
f 1595 2145 1585
f 697 2146 1768
f 1587 1768 2146
f 1769 709 1588
f 2147 1588 709
f 2148 1590 2149
f 1603 2149 1590
f 2150 1592 2151
f 1580 2151 1592
f 2152 2153 1560
f 1593 1560 2153
f 2154 1596 2155
f 1609 2155 1596
f 1598 1770 2156
f 805 2156 1770
f 1600 1586 2157
f 2158 2157 1586
f 782 2159 1771
f 1601 1771 2159
f 2160 1604 2161
f 1612 2161 1604
f 2162 1605 2163
f 1589 2163 1605
f 2164 1607 2165
f 1615 2165 1607
f 2166 2167 1621
f 1608 1621 2167
f 1771 761 1610
f 2168 1610 761
f 2169 2170 1625
f 1611 1625 2170
f 2171 1613 2172
f 1606 2172 1613
f 2173 1616 2174
f 1632 2174 1616
f 2175 1617 2176
f 1569 2176 1617
f 2177 1620 2178
f 1591 2178 1620
f 754 2179 1770
f 1622 1770 2179
f 2180 1623 683
f 1767 683 1623
f 2181 2182 1594
f 1626 1594 2182
f 1628 1614 2183
f 2184 2183 1614
f 2185 1629 2186
f 1563 2186 1629
f 677 2187 1766
f 1630 1766 2187
f 2188 2189 1556
f 1631 1556 2189
f 2190 1633 2191
f 1618 2191 1633
f 1331 1350 724
f 2192 724 1350
f 655 1341 820
f 2193 820 1341
f 791 1342 772
f 2194 772 1342
f 703 1343 672
f 2195 672 1343
f 835 1344 800
f 2196 800 1344
f 691 1345 760
f 2197 760 1345
f 731 1346 2198
f 2199 2198 1346
f 1338 1347 824
f 2200 824 1347
f 707 1348 688
f 2201 688 1348
f 647 1349 812
f 2202 812 1349
f 1772 2203 1635
f 2204 1635 2203
f 1321 2205 1637
f 2206 1637 2205
f 2207 2208 1773
f 1639 1773 2208
f 873 2209 875
f 2210 875 2209
f 2211 2212 1319
f 1643 1319 2212
f 699 700 1645
f 2213 1645 700
f 1775 2214 1646
f 2215 1646 2214
f 2216 2217 1776
f 1647 1776 2217
f 891 2218 893
f 2219 893 2218
f 2220 2221 1777
f 1648 1777 2221
f 1115 1371 2222
f 2223 2222 1371
f 1104 1362 2224
f 2225 2224 1362
f 1105 1363 2226
f 2227 2226 1363
f 1107 1364 2228
f 2229 2228 1364
f 1108 1365 2230
f 2231 2230 1365
f 1109 1366 2232
f 2233 2232 1366
f 1110 1367 2234
f 2235 2234 1367
f 1111 1368 2236
f 2237 2236 1368
f 1113 1369 2238
f 2239 2238 1369
f 1114 1370 2240
f 2241 2240 1370
f 779 780 1667
f 2242 1667 780
f 1784 2243 1669
f 2244 1669 2243
f 774 2245 776
f 1671 776 2245
f 831 832 1673
f 2246 1673 832
f 738 2247 740
f 1675 740 2247
f 787 788 1677
f 2248 1677 788
f 747 748 1678
f 2249 1678 748
f 802 2250 804
f 1679 804 2250
f 715 716 1680
f 2251 1680 716
f 726 2252 728
f 1681 728 2252
f 771 2253 736
f 2254 736 2253
f 823 2255 680
f 2256 680 2255
f 827 828 1686
f 2257 1686 828
f 711 712 1688
f 2258 1688 712
f 1424 2259 1106
f 2260 1106 2259
f 1431 2261 1112
f 2262 1112 2261
f 664 667 2263
f 947 2263 667
f 764 651 2264
f 957 2264 651
f 2265 1693 1044
f 1785 1044 1693
f 2266 1695 2267
f 1714 2267 1695
f 1696 1786 2268
f 1039 2268 1786
f 2269 1698 2270
f 1702 2270 1698
f 2271 1699 1015
f 1787 1015 1699
f 2272 1701 1049
f 1788 1049 1701
f 1008 2273 1787
f 1703 1787 2273
f 1033 2274 1789
f 1706 1789 2274
f 2275 1708 1027
f 1790 1027 1708
f 1790 1025 1709
f 2276 1709 1025
f 2277 1711 1020
f 1789 1020 1711
f 2278 1712 2279
f 1705 2279 1712
f 1001 2280 1786
f 1713 1786 2280
f 993 2281 1785
f 1715 1785 2281
f 1716 1788 2282
f 1010 2282 1788
f 2283 2284 1704
f 1717 1704 2284
f 2285 1100 2286
f 1799 2286 1100
f 2287 1718 27
f 28 27 1718
f 2288 1103 2289
f 1803 2289 1103
f 2290 1721 38
f 37 38 1721
f 2291 458 2292
f 1234 2292 458
f 1724 1038 2293
f 1040 2293 1038
f 1407 2294 1023
f 2295 1023 2294
f 2296 999 2297
f 1408 2297 999
f 1028 2298 1026
f 1729 1026 2298
f 1409 2299 1047
f 2300 1047 2299
f 1731 1014 2301
f 1016 2301 1014
f 1791 1909 1217
f 1218 1217 1909
f 5 7 1792
f 1793 1792 7
f 9 11 1794
f 1795 1794 11
f 1796 1795 12
f 11 12 1795
f 17 19 1797
f 1416 1797 19
f 13 15 1798
f 22 1798 15
f 1799 1800 23
f 24 23 1800
f 1801 30 1056
f 28 1056 30
f 1803 1802 31
f 32 31 1802
f 37 1063 35
f 1804 35 1063
f 1806 2222 1421
f 898 1421 2222
f 1808 2224 1422
f 902 1422 2224
f 1809 2226 1423
f 1424 1423 2226
f 1811 976 1425
f 906 1425 976
f 1813 2228 1426
f 910 1426 2228
f 1815 2230 1427
f 914 1427 2230
f 1817 2232 1428
f 918 1428 2232
f 1818 2234 1429
f 922 1429 2234
f 1819 2236 1430
f 1431 1430 2236
f 1820 980 1432
f 926 1432 980
f 1821 2238 1433
f 930 1433 2238
f 1822 2240 1434
f 934 1434 2240
f 1435 1824 1436
f 1858 1436 1824
f 1437 1826 1438
f 2302 1438 1826
f 1460 1440 1828
f 1439 1828 1440
f 1441 1442 2303
f 1829 2303 1442
f 1443 1831 1444
f 2304 1444 1831
f 1445 1833 1446
f 2305 1446 1833
f 1447 1835 1448
f 2306 1448 1835
f 1449 1837 1450
f 1458 1450 1837
f 1451 1839 1452
f 1457 1452 1839
f 1453 1840 1454
f 1459 1454 1840
f 1455 1842 151
f 152 151 1842
f 1456 1844 139
f 140 139 1844
f 1848 55 1846
f 1814 1846 55
f 1850 1737 1847
f 44 1847 1737
f 1852 1739 1849
f 56 1849 1739
f 1854 39 1851
f 1807 1851 39
f 1856 51 1853
f 1812 1853 51
f 1859 1736 1855
f 40 1855 1736
f 1738 52 1461
f 1857 1461 52
f 1859 1860 1736
f 1805 1736 1860
f 1862 59 1861
f 1816 1861 59
f 1845 1740 1863
f 60 1863 1740
f 135 137 1864
f 72 1864 137
f 1866 169 1865
f 171 1865 169
f 1867 175 1868
f 176 1868 175
f 179 180 1869
f 1870 1869 180
f 181 1871 182
f 1872 182 1871
f 1873 1874 186
f 188 186 1874
f 189 1875 190
f 1876 190 1875
f 1463 1462 1880
f 1877 1880 1462
f 1878 1881 1465
f 1464 1465 1881
f 1466 1879 1467
f 1162 1467 1879
f 1882 1161 1468
f 1467 1468 1161
f 1883 1886 1884
f 2307 1884 1886
f 1886 1885 2307
f 2308 2307 1885
f 256 1887 255
f 1889 255 1887
f 222 221 1888
f 251 1888 221
f 1893 1178 1890
f 1179 1890 1178
f 1892 1891 230
f 232 230 1891
f 1895 2309 1894
f 2310 1894 2309
f 1896 2311 1475
f 1474 1475 2311
f 1897 233 1898
f 235 1898 233
f 2312 204 1899
f 202 1899 204
f 230 229 1902
f 1901 1902 229
f 1902 1903 230
f 1892 230 1903
f 246 1167 1904
f 1471 1904 1167
f 1480 1905 1481
f 1473 1481 1905
f 265 267 1906
f 1313 1906 267
f 614 1219 616
f 1908 616 1219
f 261 263 1910
f 1314 1910 263
f 1907 1315 1911
f 1316 1911 1315
f 1912 288 1913
f 286 1913 288
f 1919 1935 1917
f 1916 1917 1935
f 1918 1939 1919
f 1935 1919 1939
f 1920 1942 1185
f 327 1185 1942
f 1930 1489 1922
f 1490 1922 1489
f 1190 1492 1923
f 1491 1923 1492
f 1925 1928 1494
f 1493 1494 1928
f 1926 1932 1496
f 1495 1496 1932
f 1497 1927 1492
f 1188 1492 1927
f 1195 1499 1929
f 1498 1929 1499
f 1500 1931 1499
f 1192 1499 1931
f 1501 1502 1924
f 1933 1924 1502
f 1913 1934 1915
f 1940 1915 1934
f 1187 1916 1505
f 1937 1505 1916
f 1936 1935 1938
f 1939 1938 1935
f 328 327 1941
f 1942 1941 327
f 1948 1506 1943
f 1507 1943 1506
f 1952 1509 1944
f 1508 1944 1509
f 1510 1511 1949
f 1945 1949 1511
f 1946 1953 1513
f 1512 1513 1953
f 1947 1201 1515
f 1514 1515 1201
f 1202 1517 1950
f 1516 1950 1517
f 1514 1518 1198
f 1951 1198 1518
f 1200 1517 1954
f 1519 1954 1517
f 1956 2313 1521
f 1413 1521 2313
f 1412 1520 2314
f 1957 2314 1520
f 1958 1414 1524
f 1525 1524 1414
f 1523 1522 1415
f 1960 1415 1522
f 379 380 1961
f 1962 1961 380
f 1527 1965 364
f 347 364 1965
f 1967 1971 1966
f 1969 1966 1971
f 1968 1970 1193
f 389 1193 1970
f 393 1972 394
f 1973 394 1972
f 1974 397 1975
f 399 1975 397
f 403 1976 401
f 1977 401 1976
f 406 405 1978
f 1979 1978 405
f 411 412 1980
f 1981 1980 412
f 415 416 1982
f 1983 1982 416
f 1988 1989 1985
f 1984 1985 1989
f 420 1221 1986
f 1987 1986 1221
f 1991 2315 1990
f 1420 1990 2315
f 1993 1418 1992
f 1734 1992 1418
f 1995 1997 1996
f 1735 1996 1997
f 1990 1420 1998
f 1419 1998 1420
f 1999 440 2000
f 438 2000 440
f 2001 2003 1532
f 1533 1532 2003
f 2004 2005 1534
f 452 1534 2005
f 2005 2006 452
f 451 452 2006
f 454 453 2007
f 1730 2007 453
f 1410 1536 2008
f 1537 2008 1536
f 463 464 2009
f 2010 2009 464
f 465 467 2012
f 2013 2012 467
f 2014 472 2015
f 470 2015 472
f 2016 2017 476
f 475 476 2017
f 477 479 2018
f 2019 2018 479
f 2021 484 2020
f 482 2020 484
f 2023 2024 485
f 486 485 2024
f 492 490 2025
f 2026 2025 490
f 494 2027 496
f 2028 496 2027
f 2029 497 2030
f 499 2030 497
f 2032 503 2031
f 504 2031 503
f 507 508 2033
f 2034 2033 508
f 2036 511 2035
f 512 2035 511
f 513 2038 514
f 2039 514 2038
f 2040 519 2041
f 520 2041 519
f 2042 524 2043
f 522 2043 524
f 525 2044 526
f 2045 526 2044
f 531 532 2047
f 2046 2047 532
f 535 536 2048
f 2049 2048 536
f 537 539 2051
f 2052 2051 539
f 2053 544 2054
f 542 2054 544
f 2055 2056 548
f 547 548 2056
f 549 551 2057
f 2058 2057 551
f 2060 556 2059
f 554 2059 556
f 2062 2063 557
f 558 557 2063
f 564 562 2064
f 2065 2064 562
f 566 2066 568
f 2067 568 2066
f 2068 569 2069
f 571 2069 569
f 2071 575 2070
f 576 2070 575
f 579 580 2072
f 2073 2072 580
f 2075 583 2074
f 584 2074 583
f 585 2077 586
f 2078 586 2077
f 2079 591 2080
f 592 2080 591
f 2081 596 2082
f 594 2082 596
f 597 2083 598
f 2084 598 2083
f 603 604 2086
f 2085 2086 604
f 606 2087 608
f 2088 608 2087
f 2089 1487 2090
f 1488 2090 1487
f 1755 1921 2092
f 2091 2092 1921
f 1485 1755 2093
f 2092 2093 1755
f 624 622 2094
f 2095 2094 622
f 2098 627 2097
f 628 2097 627
f 631 632 2099
f 2100 2099 632
f 634 2103 636
f 2104 636 2103
f 638 2106 640
f 2107 640 2106
f 643 644 2108
f 2109 2108 644
f 1546 2110 1547
f 2128 1547 2110
f 2113 2138 1549
f 1548 1549 2138
f 2115 2143 1551
f 1550 1551 2143
f 1337 1553 2116
f 1552 2116 1553
f 2118 2119 1554
f 1555 1554 2119
f 2120 2188 1557
f 1556 1557 2188
f 2121 2133 1559
f 1558 1559 2133
f 2152 1560 2123
f 1561 2123 1560
f 1562 2125 1563
f 2186 1563 2125
f 1330 1564 2126
f 1565 2126 1564
f 2127 2135 1567
f 1566 1567 2135
f 1568 2130 1569
f 2176 1569 2130
f 1570 2131 1571
f 1333 1571 2131
f 2132 2117 1572
f 1573 1572 2117
f 2134 1326 1575
f 1574 1575 1326
f 2136 1339 1577
f 1576 1577 1339
f 2137 1324 1578
f 1574 1578 1324
f 2139 2151 1579
f 1580 1579 2151
f 1581 2141 1582
f 1334 1582 2141
f 1564 1583 1320
f 2142 1320 1583
f 1336 1584 2144
f 1585 2144 1584
f 2146 2158 1587
f 1586 1587 2158
f 1588 2147 1589
f 2163 1589 2147
f 1323 1571 2148
f 1590 2148 1571
f 2178 1591 2150
f 1592 2150 1591
f 2153 2181 1593
f 1594 1593 2181
f 2145 1595 2154
f 1596 2154 1595
f 1597 1598 2140
f 2156 2140 1598
f 1599 1600 2129
f 2157 2129 1600
f 2159 2112 1601
f 1602 1601 2112
f 2149 1603 2160
f 1604 2160 1603
f 2172 1606 2162
f 1605 2162 1606
f 1329 1582 2164
f 1607 2164 1582
f 2167 2155 1608
f 1609 1608 2155
f 1610 2168 1584
f 1332 1584 2168
f 2170 2161 1611
f 1612 1611 2161
f 1613 2171 1614
f 2184 1614 2171
f 2165 1615 2173
f 1616 2173 1615
f 2191 1618 2175
f 1617 2175 1618
f 2124 1619 2177
f 1620 2177 1619
f 2179 2166 1622
f 1621 1622 2166
f 2111 1624 2180
f 1623 2180 1624
f 2182 2169 1626
f 1625 1626 2169
f 2183 2114 1628
f 1627 1628 2114
f 1318 1553 2185
f 1629 2185 1553
f 2187 1325 1630
f 1576 1630 1325
f 2189 2174 1631
f 1632 1631 2174
f 1633 2190 1634
f 2122 1634 2190
f 723 724 837
f 2192 837 724
f 819 820 839
f 2193 839 820
f 771 772 2253
f 2194 2253 772
f 671 672 844
f 2195 844 672
f 799 800 846
f 2196 846 800
f 759 760 848
f 2197 848 760
f 850 2198 851
f 2199 851 2198
f 823 824 2255
f 2200 2255 824
f 687 688 857
f 2201 857 688
f 811 812 859
f 2202 859 812
f 1635 2204 1636
f 1540 1636 2204
f 2206 1539 1637
f 1638 1637 1539
f 2208 1538 1639
f 1640 1639 1538
f 875 2210 1774
f 2011 1774 2210
f 2212 2037 1643
f 1644 1643 2037
f 1645 2213 522
f 2043 522 2213
f 2215 2044 1646
f 525 1646 2044
f 2217 2046 1647
f 532 1647 2046
f 893 2219 1264
f 1269 1264 2219
f 2221 1246 1648
f 1240 1648 1246
f 898 2222 899
f 2223 899 2222
f 902 2224 903
f 2225 903 2224
f 1424 2226 2259
f 2227 2259 2226
f 910 2228 911
f 2229 911 2228
f 914 2230 915
f 2231 915 2230
f 918 2232 919
f 2233 919 2232
f 922 2234 923
f 2235 923 2234
f 1431 2236 2261
f 2237 2261 2236
f 930 2238 931
f 2239 931 2238
f 934 2240 935
f 2241 935 2240
f 1667 2242 1668
f 1543 1668 2242
f 2244 1542 1669
f 1670 1669 1542
f 2245 1541 1671
f 1672 1671 1541
f 1673 2246 1674
f 2050 1674 2246
f 2247 2076 1675
f 1676 1675 2076
f 1677 2248 594
f 2082 594 2248
f 2249 2083 1678
f 597 1678 2083
f 2250 2085 1679
f 604 1679 2085
f 1680 2251 1300
f 1305 1300 2251
f 2252 1282 1681
f 1276 1681 1282
f 735 736 960
f 2254 960 736
f 679 680 963
f 2256 963 680
f 2257 2022 1686
f 1687 1686 2022
f 2258 1257 1688
f 1251 1688 1257
f 974 1106 975
f 2260 975 1106
f 978 1112 979
f 2262 979 1112
f 663 664 1689
f 2263 1689 664
f 763 764 1691
f 2264 1691 764
f 1401 1692 2265
f 1693 2265 1692
f 1694 1695 1389
f 2266 1389 1695
f 1694 1696 1388
f 2268 1388 1696
f 2269 1400 1698
f 1697 1698 1400
f 1700 1699 1398
f 2271 1398 1699
f 1701 2272 1702
f 2270 1702 2272
f 2273 2283 1703
f 1704 1703 2283
f 2279 1705 2274
f 1706 2274 1705
f 1708 2275 1707
f 1397 1707 2275
f 1709 2276 1710
f 1402 1710 2276
f 1394 1707 2277
f 1711 2277 1707
f 1700 1712 1392
f 2278 1392 1712
f 2280 1390 1713
f 1697 1713 1390
f 2267 1714 2281
f 1715 2281 1714
f 1716 2282 1692
f 1387 1692 2282
f 1710 1717 1396
f 2284 1396 1717
f 2286 2316 2285
f 1021 2285 2316
f 1019 1035 2287
f 1718 2287 1035
f 2289 2317 2288
f 1045 2288 2317
f 1043 995 2290
f 1721 2290 995
f 2291 2318 458
f 460 458 2318
f 1725 1724 1535
f 2293 1535 1724
f 2294 2318 2295
f 1403 2295 2318
f 2297 1003 2296
f 1391 2296 1003
f 1009 1729 2319
f 2298 2319 1729
f 2299 1411 2300
f 1732 2300 1411
f 1536 1731 1233
f 2301 1233 1731
f 2101 2102 1791
f 1909 1791 2102
f 1205 5 2313
f 1792 2313 5
f 1207 9 2314
f 1794 2314 9
f 1796 8 1795
f 1091 1795 8
f 1208 1523 1797
f 17 1797 1523
f 1525 13 1210
f 1798 1210 13
f 1800 2315 24
f 1734 24 2315
f 1996 1735 1801
f 30 1801 1735
f 1802 1228 32
f 441 32 1228
f 448 1230 1804
f 35 1804 1230
f 1806 85 2222
f 1115 2222 85
f 1808 41 2224
f 1104 2224 41
f 1809 45 2226
f 1105 2226 45
f 1811 49 976
f 974 976 49
f 1813 53 2228
f 1107 2228 53
f 1815 57 2230
f 1108 2230 57
f 1817 61 2232
f 1109 2232 61
f 1818 65 2234
f 1110 2234 65
f 1819 69 2236
f 1111 2236 69
f 1820 73 980
f 978 980 73
f 1821 77 2238
f 1113 2238 77
f 1822 81 2240
f 1114 2240 81
f 133 1138 1824
f 1858 1824 1138
f 89 1116 1826
f 2302 1826 1116
f 93 1118 1828
f 1460 1828 1118
f 1829 97 2303
f 1121 2303 97
f 101 1122 1831
f 2304 1831 1122
f 105 1124 1833
f 2305 1833 1124
f 109 1126 1835
f 2306 1835 1126
f 113 1128 1837
f 1458 1837 1128
f 117 1130 1839
f 1457 1839 1130
f 121 1132 1840
f 1459 1840 1132
f 125 1134 1842
f 152 1842 1134
f 129 1136 1844
f 140 1844 1136
f 1124 1848 2305
f 1846 2305 1848
f 1438 1850 1119
f 1847 1119 1850
f 1444 1852 1125
f 1849 1125 1852
f 1116 1854 2302
f 1851 2302 1854
f 1122 1856 2304
f 1853 2304 1856
f 1436 1859 1117
f 1855 1117 1859
f 1441 1461 1123
f 1857 1123 1461
f 163 83 1860
f 1805 1860 83
f 1126 1862 2306
f 1861 2306 1862
f 1446 1845 1127
f 1863 1127 1845
f 1452 135 1133
f 1864 1133 135
f 1738 169 1810
f 1866 1810 169
f 2303 1121 1867
f 175 1867 1121
f 165 179 166
f 1869 166 179
f 182 1872 171
f 1865 171 1872
f 1868 176 1874
f 188 1874 176
f 180 190 1870
f 1876 1870 190
f 1531 1762 1877
f 1880 1877 1762
f 1898 235 1878
f 1881 1878 235
f 1879 425 1162
f 427 1162 425
f 236 1160 1882
f 1161 1882 1160
f 242 238 1883
f 1886 1883 238
f 1885 210 2308
f 419 2308 210
f 1887 2320 1889
f 2310 1889 2320
f 1888 2309 222
f 1752 222 2309
f 1890 1173 1893
f 1474 1893 1173
f 1891 2311 232
f 1174 232 2311
f 2312 1752 1895
f 2309 1895 1752
f 243 1174 1896
f 2311 1896 1174
f 2320 218 1897
f 233 1897 218
f 1752 2312 1472
f 1899 1472 2312
f 1902 1901 276
f 275 276 1901
f 1892 1903 1178
f 257 1178 1903
f 247 246 2321
f 1904 2321 246
f 1905 1900 1473
f 1170 1473 1900
f 265 1906 1478
f 2321 1478 1906
f 618 616 2105
f 1908 2105 616
f 1910 260 261
f 258 261 260
f 1911 249 1907
f 247 1907 249
f 1912 611 288
f 1307 288 611
f 1919 1917 606
f 2087 606 1917
f 1914 1915 1918
f 1939 1918 1915
f 279 280 1920
f 1942 1920 280
f 1504 1930 2322
f 1922 2322 1930
f 1191 1190 2323
f 1923 2323 1190
f 383 384 1925
f 1928 1925 384
f 1966 1969 1926
f 1932 1926 1969
f 1927 1526 1188
f 1189 1188 1526
f 1503 1194 1929
f 1195 1929 1194
f 1931 1968 1192
f 1193 1192 1968
f 1964 1761 1933
f 1924 1933 1761
f 1934 301 1940
f 309 1940 301
f 1505 1937 322
f 2323 322 1937
f 1938 311 1936
f 1191 1936 311
f 1941 2322 328
f 305 328 2322
f 1943 1959 1948
f 1760 1948 1959
f 386 1952 388
f 1944 388 1952
f 380 1949 1962
f 1945 1962 1949
f 367 368 1946
f 1953 1946 368
f 373 374 1947
f 1201 1947 374
f 378 1203 1950
f 1202 1950 1203
f 390 1198 392
f 1951 392 1198
f 1954 1955 1200
f 1199 1200 1955
f 1956 366 2313
f 1205 2313 366
f 1207 2314 370
f 1957 370 2314
f 1958 372 1414
f 1209 1414 372
f 1211 1415 376
f 1960 376 1415
f 1961 298 379
f 1189 379 298
f 1963 345 1965
f 347 1965 345
f 1971 1967 350
f 334 350 1967
f 1970 349 389
f 390 389 349
f 1973 1983 394
f 416 394 1983
f 403 397 1976
f 1974 1976 397
f 401 1977 405
f 1979 405 1977
f 393 406 1972
f 1978 1972 406
f 411 1980 399
f 1975 399 1980
f 415 1982 412
f 1981 412 1982
f 2307 1988 1884
f 1985 1884 1988
f 419 420 2308
f 1986 2308 420
f 1992 1734 1991
f 2315 1991 1734
f 1417 1418 1994
f 1993 1994 1418
f 432 435 1995
f 1997 1995 435
f 1998 436 1990
f 1225 1990 436
f 2002 1763 1999
f 440 1999 1763
f 1220 1223 2001
f 2003 2001 1223
f 1222 1530 2004
f 2005 2004 1530
f 2000 438 2006
f 451 2006 438
f 2007 1406 454
f 1725 454 1406
f 1057 1410 25
f 2008 25 1410
f 2009 1355 463
f 1640 463 1355
f 1638 465 1353
f 2012 1353 465
f 1352 1636 2014
f 472 2014 1636
f 2017 2010 475
f 464 475 2010
f 467 477 2013
f 2018 2013 477
f 2021 2015 484
f 470 484 2015
f 2024 2016 486
f 476 486 2016
f 2025 2019 492
f 479 492 2019
f 496 2028 482
f 2020 482 2028
f 2023 485 2029
f 497 2029 485
f 2026 490 2032
f 503 2032 490
f 494 507 2027
f 2033 2027 507
f 2030 499 2036
f 511 2036 499
f 514 2039 504
f 2031 504 2039
f 2040 2034 519
f 508 519 2034
f 2035 512 2042
f 524 2042 512
f 526 2045 513
f 2038 513 2045
f 2047 2041 531
f 520 531 2041
f 2048 1376 535
f 1672 535 1376
f 1670 537 1374
f 2051 1374 537
f 1373 1668 2053
f 544 2053 1668
f 2056 2049 547
f 536 547 2049
f 539 549 2052
f 2057 2052 549
f 2060 2054 556
f 542 556 2054
f 2063 2055 558
f 548 558 2055
f 2064 2058 564
f 551 564 2058
f 568 2067 554
f 2059 554 2067
f 2062 557 2068
f 569 2068 557
f 2065 562 2071
f 575 2071 562
f 566 579 2066
f 2072 2066 579
f 2069 571 2075
f 583 2075 571
f 586 2078 576
f 2070 576 2078
f 2079 2073 591
f 580 591 2073
f 2074 584 2081
f 596 2081 584
f 598 2084 585
f 2077 585 2084
f 2086 2080 603
f 592 603 2080
f 608 2088 1764
f 2096 1764 2088
f 2 2089 4
f 2090 4 2089
f 2092 2091 269
f 270 269 2091
f 1309 1485 613
f 2093 613 1485
f 2094 2106 624
f 638 624 2106
f 2103 634 2098
f 627 2098 634
f 622 631 2095
f 2099 2095 631
f 636 2104 632
f 2100 632 2104
f 640 2107 644
f 2109 644 2107
f 628 643 2097
f 2108 2097 643
f 2110 868 2128
f 870 2128 868
f 1661 2138 2324
f 2113 2324 2138
f 2143 2115 865
f 864 865 2115
f 1337 2116 1338
f 852 1338 2116
f 2325 2119 2326
f 2118 2326 2119
f 1651 2188 2327
f 2120 2327 2188
f 2133 2121 891
f 2218 891 2121
f 1657 2152 2328
f 2123 2328 2152
f 2125 969 2186
f 967 2186 969
f 1330 2126 1331
f 860 1331 2126
f 2135 2127 873
f 2209 873 2127
f 2130 885 2176
f 883 2176 885
f 2131 985 1333
f 983 1333 985
f 2117 2132 850
f 2198 850 2132
f 1326 2134 1327
f 890 1327 2134
f 1339 2136 1340
f 872 1340 2136
f 1324 2137 841
f 961 841 2137
f 1782 2151 1662
f 2139 1662 2151
f 2141 943 1334
f 941 1334 943
f 1320 2142 1321
f 2205 1321 2142
f 1335 1336 1664
f 2144 1664 1336
f 2158 2146 881
f 880 881 2146
f 2147 973 2163
f 971 2163 973
f 1322 1323 1654
f 2148 1654 1323
f 1659 2178 2329
f 2150 2329 2178
f 1780 2181 1658
f 2153 1658 2181
f 1663 2145 2330
f 2154 2330 2145
f 2140 2156 1784
f 2243 1784 2156
f 2129 2157 1775
f 2214 1775 2157
f 2331 2112 2332
f 2159 2332 2112
f 1653 2149 2333
f 2160 2333 2149
f 2162 2220 2172
f 1777 2172 2220
f 1328 1329 1650
f 2164 1650 1329
f 1783 2155 1666
f 2167 1666 2155
f 2168 989 1332
f 987 1332 989
f 1779 2161 1656
f 2170 1656 2161
f 2171 894 2184
f 896 2184 894
f 1649 2165 2334
f 2173 2334 2165
f 2175 2216 2191
f 1776 2191 2216
f 1781 2124 1660
f 2177 1660 2124
f 1665 2166 2335
f 2179 2335 2166
f 2180 2207 2111
f 1773 2111 2207
f 1655 2169 2336
f 2182 2336 2169
f 2114 2183 1772
f 2203 1772 2183
f 2185 2211 1318
f 1319 1318 2211
f 1325 2187 854
f 964 854 2187
f 1778 2174 1652
f 2189 1652 2174
f 2190 886 2122
f 888 2122 886
f 837 2192 1741
f 1823 1741 2192
f 839 2193 1742
f 1825 1742 2193
f 2253 2194 1743
f 1827 1743 2194
f 844 2195 1744
f 1830 1744 2195
f 846 2196 1745
f 1832 1745 2196
f 848 2197 1746
f 1834 1746 2197
f 851 2199 1747
f 1836 1747 2199
f 2255 2200 1748
f 1838 1748 2200
f 857 2201 1749
f 1841 1749 2201
f 859 2202 1750
f 1843 1750 2202
f 2204 897 1540
f 1361 1540 897
f 2206 863 1539
f 1351 1539 863
f 866 1354 2208
f 1538 2208 1354
f 2210 871 2011
f 1356 2011 871
f 966 1384 2212
f 2037 2212 1384
f 2213 877 2043
f 1359 2043 877
f 2215 879 2044
f 1265 2044 879
f 882 1267 2217
f 2046 2217 1267
f 2219 889 1269
f 1270 1269 889
f 970 1245 2221
f 1246 2221 1245
f 899 2223 1328
f 719 1328 2223
f 903 2225 1778
f 2334 1778 2225
f 2259 2227 2325
f 2327 2325 2227
f 911 2229 1779
f 2333 1779 2229
f 915 2231 1780
f 2336 1780 2231
f 919 2233 1781
f 2328 1781 2233
f 923 2235 1782
f 2329 1782 2235
f 2261 2237 2331
f 2324 2331 2237
f 931 2239 1783
f 2330 1783 2239
f 935 2241 753
f 2335 753 2241
f 2242 959 1543
f 1382 1543 959
f 2244 939 1542
f 1372 1542 939
f 940 1375 2245
f 1541 2245 1375
f 2246 945 2050
f 1377 2050 945
f 982 1386 2247
f 2076 2247 1386
f 2248 949 2082
f 1381 2082 949
f 2249 951 2083
f 1301 2083 951
f 952 1303 2250
f 2085 2250 1303
f 2251 955 1305
f 1306 1305 955
f 986 1281 2252
f 1282 2252 1281
f 960 2254 95
f 96 95 2254
f 963 2256 119
f 120 119 2256
f 2257 1357 2022
f 1641 2022 1357
f 2258 1360 1257
f 1258 1257 1360
f 975 2260 693
f 2326 693 2260
f 979 2262 781
f 2332 781 2262
f 2263 2061 1689
f 1690 1689 2061
f 2264 1293 1691
f 1287 1691 1293
f 1078 1401 2317
f 2265 2317 1401
f 1389 2266 1074
f 1722 1074 2266
f 1388 2268 1068
f 1069 1068 2268
f 1400 2269 1399
f 1733 1399 2269
f 1398 2271 1081
f 1082 1081 2271
f 2300 1732 2272
f 2270 2272 1732
f 2319 2337 2273
f 2283 2273 2337
f 2274 1404 2279
f 1720 2279 1404
f 2275 1076 1397
f 1058 1397 1076
f 2295 1403 2276
f 1402 2276 1403
f 2277 2316 1394
f 1071 1394 2316
f 1392 2278 1393
f 1719 1393 2278
f 2296 1391 2280
f 1390 2280 1391
f 2281 1405 2267
f 1723 2267 1405
f 2282 1728 1387
f 1065 1387 1728
f 2284 2338 1396
f 1395 1396 2338
f 2316 2286 1071
f 1072 1071 2286
f 2285 1021 2287
f 1019 2287 1021
f 2317 2289 1078
f 1079 1078 2289
f 2288 1045 2290
f 1043 2290 1045
f 2318 2291 1403
f 1052 1403 2291
f 1535 2293 1087
f 1086 1087 2293
f 459 460 2294
f 2318 2294 460
f 1013 1005 2297
f 1003 2297 1005
f 2319 2298 2337
f 2338 2337 2298
f 455 1232 2299
f 1411 2299 1232
f 1233 2301 1234
f 2292 1234 2301
f 1764 2101 1544
f 1791 1544 2101
f 1413 2313 1092
f 1792 1092 2313
f 1412 2314 1090
f 1794 1090 2314
f 1796 1793 8
f 7 8 1793
f 1209 1208 1094
f 1797 1094 1208
f 1210 1798 1211
f 1096 1211 1798
f 2315 1800 1420
f 1099 1420 1800
f 1801 1098 1996
f 1417 1996 1098
f 1228 1802 1229
f 1102 1229 1802
f 1804 1101 448
f 447 448 1101
f 83 85 1805
f 1806 1805 85
f 39 41 1807
f 1808 1807 41
f 43 45 167
f 1809 167 45
f 1810 47 1811
f 49 1811 47
f 51 53 1812
f 1813 1812 53
f 55 57 1814
f 1815 1814 57
f 59 61 1816
f 1817 1816 61
f 63 65 150
f 1818 150 65
f 67 69 138
f 1819 138 69
f 71 73 162
f 1820 162 73
f 75 77 1143
f 1821 1143 77
f 79 81 1141
f 1822 1141 81
f 1823 131 1824
f 133 1824 131
f 1825 87 1826
f 89 1826 87
f 1827 91 1828
f 93 1828 91
f 1683 95 1829
f 97 1829 95
f 1830 99 1831
f 101 1831 99
f 1832 103 1833
f 105 1833 103
f 1834 107 1835
f 109 1835 107
f 1836 111 1837
f 113 1837 111
f 1838 115 1839
f 117 1839 115
f 1685 119 1840
f 121 1840 119
f 1841 123 1842
f 125 1842 123
f 1843 127 1844
f 129 1844 127
f 1446 2305 1845
f 1846 1845 2305
f 1118 1119 1147
f 1847 1147 1119
f 1124 1125 1848
f 1849 1848 1125
f 1438 2302 1850
f 1851 1850 2302
f 1444 2304 1852
f 1853 1852 2304
f 1116 1117 1854
f 1855 1854 1117
f 1122 1123 1856
f 1857 1856 1123
f 1138 163 1858
f 1860 1858 163
f 1448 2306 1144
f 1861 1144 2306
f 1126 1127 1862
f 1863 1862 1127
f 1132 1133 1146
f 1864 1146 1133
f 1866 1153 1810
f 47 1810 1153
f 1441 2303 1148
f 1867 1148 2303
f 1440 166 1150
f 1869 1150 166
f 1872 1159 1865
f 1152 1865 1159
f 1149 1868 1155
f 1874 1155 1868
f 1870 1876 1151
f 1157 1151 1876
f 1877 200 1531
f 198 1531 200
f 195 196 1878
f 1898 1878 196
f 1879 1880 425
f 1762 425 1880
f 1882 1881 236
f 235 236 1881
f 1163 1470 1883
f 242 1883 1470
f 237 212 1885
f 210 1885 212
f 1887 220 2320
f 218 2320 220
f 2309 1888 2310
f 1889 2310 1888
f 1890 228 1173
f 226 1173 228
f 2311 1891 1474
f 1893 1474 1891
f 1895 194 2312
f 204 2312 194
f 1896 1469 243
f 244 243 1469
f 2320 1897 2310
f 1894 2310 1897
f 1166 1472 1171
f 1899 1171 1472
f 1753 275 1900
f 1901 1900 275
f 258 257 1482
f 1903 1482 257
f 1478 2321 1177
f 1904 1177 2321
f 1753 1900 1477
f 1905 1477 1900
f 1907 247 1906
f 2321 1906 247
f 2105 1908 2102
f 1909 2102 1908
f 1476 260 1181
f 1910 1181 260
f 1753 249 1484
f 1911 1484 249
f 611 1912 609
f 1914 609 1912
f 1917 1186 2087
f 1487 2087 1186
f 609 1914 605
f 1918 605 1914
f 1921 1755 1920
f 279 1920 1755
f 306 305 1922
f 2322 1922 305
f 322 2323 324
f 1923 324 2323
f 1925 1924 383
f 1761 383 1924
f 1926 296 1966
f 294 1966 296
f 1927 1928 1526
f 384 1526 1928
f 1504 1503 1930
f 1929 1930 1503
f 1931 1932 1968
f 1969 1968 1932
f 299 300 1933
f 1964 1933 300
f 1934 331 301
f 302 301 331
f 1936 1191 1937
f 2323 1937 1191
f 1940 309 1938
f 311 1938 309
f 1196 1504 1941
f 2322 1941 1504
f 1943 340 1959
f 338 1959 340
f 336 388 335
f 1944 335 388
f 1945 346 1962
f 345 1962 346
f 367 1946 344
f 343 344 1946
f 373 1947 1760
f 1948 1760 1947
f 378 1950 380
f 1949 380 1950
f 1951 1952 392
f 386 392 1952
f 1954 1953 1955
f 368 1955 1953
f 1955 368 1956
f 366 1956 368
f 342 354 1957
f 370 1957 354
f 358 374 1958
f 372 1958 374
f 1959 338 1960
f 376 1960 338
f 1963 300 1961
f 298 1961 300
f 300 1963 1964
f 1965 1964 1963
f 1967 1528 334
f 336 334 1528
f 1970 1971 349
f 350 349 1971
f 1875 189 1973
f 1983 1973 189
f 1976 1974 1154
f 183 1154 1974
f 1977 1873 1979
f 186 1979 1873
f 1972 1978 1156
f 185 1156 1978
f 1980 1871 1975
f 181 1975 1871
f 1982 191 1981
f 1158 1981 191
f 1164 1884 1529
f 1985 1529 1884
f 2308 1986 2307
f 1988 2307 1986
f 1991 1224 1992
f 1227 1992 1224
f 1226 431 1993
f 1994 1993 431
f 1995 1994 432
f 431 432 1994
f 1998 1997 436
f 435 436 1997
f 1221 2002 1987
f 1999 1987 2002
f 1220 2001 1221
f 2002 1221 2001
f 1223 1222 2003
f 2004 2003 1222
f 1989 2000 1984
f 2006 1984 2000
f 1064 1406 33
f 2007 33 1406
f 23 25 1726
f 2008 1726 25
f 2009 2011 1355
f 1356 1355 2011
f 1353 2012 1354
f 1235 1354 2012
f 1351 1352 1237
f 2014 1237 1352
f 1642 1774 2017
f 2010 2017 1774
f 2013 2018 1236
f 1241 1236 2018
f 2021 1243 2015
f 1238 2015 1243
f 2022 1641 2024
f 2016 2024 1641
f 1248 1242 2025
f 2019 2025 1242
f 2028 1249 2020
f 1244 2020 1249
f 1687 2023 1383
f 2029 1383 2023
f 2032 1253 2026
f 1247 2026 1253
f 2027 2033 1250
f 1255 1250 2033
f 1384 2030 2037
f 2036 2037 2030
f 2039 1259 2031
f 1254 2031 1259
f 1262 1256 2040
f 2034 2040 1256
f 2042 1358 2035
f 1644 2035 1358
f 2045 1266 2038
f 1260 2038 1266
f 1268 1261 2047
f 2041 2047 1261
f 2048 2050 1376
f 1377 1376 2050
f 1374 2051 1375
f 1271 1375 2051
f 1372 1373 1273
f 2053 1273 1373
f 1379 1674 2056
f 2049 2056 1674
f 2052 2057 1272
f 1277 1272 2057
f 2060 1279 2054
f 1274 2054 1279
f 2061 1378 2063
f 2055 2063 1378
f 1284 1278 2064
f 2058 2064 1278
f 2067 1285 2059
f 1280 2059 1285
f 1690 2062 1385
f 2068 1385 2062
f 2071 1289 2065
f 1283 2065 1289
f 2066 2072 1286
f 1291 1286 2072
f 1386 2069 2076
f 2075 2076 2069
f 2078 1295 2070
f 1290 2070 1295
f 1298 1292 2079
f 2073 2079 1292
f 2081 1380 2074
f 1676 2074 1380
f 2084 1302 2077
f 1296 2077 1302
f 1304 1297 2086
f 2080 2086 1297
f 2 2096 2089
f 2088 2089 2096
f 1308 1215 2090
f 4 2090 1215
f 1754 270 1545
f 2091 1545 270
f 613 2093 614
f 1212 614 2093
f 2 2106 2096
f 2094 2096 2106
f 2098 620 2103
f 618 2103 620
f 2095 2099 1764
f 2101 1764 2099
f 2104 2105 2100
f 2102 2100 2105
f 2107 1 2109
f 1088 2109 1
f 1754 2097 1483
f 2108 1483 2097
f 2111 1773 2110
f 868 2110 1773
f 2331 2324 2112
f 2113 2112 2324
f 2115 2114 864
f 1772 864 2114
f 2117 850 2116
f 852 2116 850
f 693 2326 694
f 2118 694 2326
f 2325 2327 2119
f 2120 2119 2327
f 2121 2122 2218
f 888 2218 2122
f 1781 2328 2124
f 2123 2124 2328
f 825 827 2125
f 969 2125 827
f 809 811 2126
f 860 2126 811
f 2127 2128 2209
f 870 2209 2128
f 2129 1775 2130
f 885 2130 1775
f 661 663 2131
f 985 2131 663
f 729 731 2132
f 2198 2132 731
f 2134 2133 890
f 891 890 2133
f 2136 2135 872
f 873 872 2135
f 733 735 2137
f 961 2137 735
f 1661 1662 2138
f 2139 2138 1662
f 2140 1784 2141
f 943 2141 1784
f 2142 2143 2205
f 865 2205 2143
f 1663 1664 2145
f 2144 2145 1664
f 2146 697 880
f 699 880 697
f 709 711 2147
f 973 2147 711
f 1653 1654 2149
f 2148 2149 1654
f 1782 2329 2151
f 2150 2151 2329
f 1657 1658 2152
f 2153 2152 1658
f 1783 2330 2155
f 2154 2155 2330
f 2156 805 2243
f 807 2243 805
f 2157 2158 2214
f 881 2214 2158
f 781 2332 782
f 2159 782 2332
f 1779 2333 2161
f 2160 2161 2333
f 2163 971 2162
f 2220 2162 971
f 1649 1650 2165
f 2164 2165 1650
f 1665 1666 2166
f 2167 2166 1666
f 761 763 2168
f 989 2168 763
f 1655 1656 2169
f 2170 2169 1656
f 2172 1777 2171
f 894 2171 1777
f 1778 2334 2174
f 2173 2174 2334
f 2176 883 2175
f 2216 2175 883
f 1659 1660 2178
f 2177 2178 1660
f 753 2335 754
f 2179 754 2335
f 683 684 2180
f 2207 2180 684
f 1780 2336 2181
f 2182 2181 2336
f 2183 2184 2203
f 896 2203 2184
f 2186 967 2185
f 2211 2185 967
f 677 679 2187
f 964 2187 679
f 1651 1652 2188
f 2189 2188 1652
f 2191 1776 2190
f 886 2190 1776
f 1350 131 2192
f 1823 2192 131
f 1341 87 2193
f 1825 2193 87
f 1342 91 2194
f 1827 2194 91
f 1343 99 2195
f 1830 2195 99
f 1344 103 2196
f 1832 2196 103
f 1345 107 2197
f 1834 2197 107
f 1346 111 2199
f 1836 2199 111
f 1347 115 2200
f 1838 2200 115
f 1348 123 2201
f 1841 2201 123
f 1349 127 2202
f 1843 2202 127
f 2203 896 2204
f 897 2204 896
f 2205 865 2206
f 863 2206 865
f 2208 2207 866
f 684 866 2207
f 2209 870 2210
f 871 2210 870
f 2212 2211 966
f 967 966 2211
f 700 660 2213
f 877 2213 660
f 2214 881 2215
f 879 2215 881
f 2217 2216 882
f 883 882 2216
f 2218 888 2219
f 889 2219 888
f 2221 2220 970
f 971 970 2220
f 1371 717 2223
f 719 2223 717
f 1362 1649 2225
f 2334 2225 1649
f 1363 1651 2227
f 2327 2227 1651
f 1364 1653 2229
f 2333 2229 1653
f 1365 1655 2231
f 2336 2231 1655
f 1366 1657 2233
f 2328 2233 1657
f 1367 1659 2235
f 2329 2235 1659
f 1368 1661 2237
f 2324 2237 1661
f 1369 1663 2239
f 2330 2239 1663
f 1370 1665 2241
f 2335 2241 1665
f 780 752 2242
f 959 2242 752
f 2243 807 2244
f 939 2244 807
f 2245 774 940
f 941 940 774
f 832 796 2246
f 945 2246 796
f 2247 738 982
f 983 982 738
f 788 768 2248
f 949 2248 768
f 748 815 2249
f 951 2249 815
f 2250 802 952
f 676 952 802
f 716 744 2251
f 955 2251 744
f 2252 726 986
f 987 986 726
f 2253 1743 2254
f 96 2254 1743
f 2255 1748 2256
f 120 2256 1748
f 828 1340 2257
f 1357 2257 1340
f 712 1327 2258
f 1360 2258 1327
f 2259 2325 2260
f 2326 2260 2325
f 2261 2331 2262
f 2332 2262 2331
f 2263 947 2061
f 1378 2061 947
f 2264 957 1293
f 1294 1293 957
f 2317 2265 1045
f 1044 1045 2265
f 1722 2266 1723
f 2267 1723 2266
f 1069 2268 1038
f 1039 1038 2268
f 1732 1733 2270
f 2269 2270 1733
f 1082 2271 1014
f 1015 1014 2271
f 1047 2300 1049
f 2272 1049 2300
f 1008 1009 2273
f 2319 2273 1009
f 2274 1033 1404
f 1031 1404 1033
f 1076 2275 1026
f 1027 1026 2275
f 1023 2295 1025
f 2276 1025 2295
f 2316 2277 1021
f 1020 1021 2277
f 1719 2278 1720
f 2279 1720 2278
f 999 2296 1001
f 2280 1001 2296
f 2281 993 1405
f 991 1405 993
f 2282 1010 1728
f 1012 1728 1010
f 2284 2283 2338
f 2337 2338 2283
f 2286 1799 1072
f 23 1072 1799
f 2287 27 2285
f 1100 2285 27
f 2289 1803 1079
f 31 1079 1803
f 2290 38 2288
f 1103 2288 38
f 2292 1050 2291
f 1052 2291 1050
f 2293 1040 1086
f 1399 1086 1040
f 1727 459 1407
f 2294 1407 459
f 1012 1013 1408
f 2297 1408 1013
f 2298 1028 2338
f 1395 2338 1028
f 453 455 1409
f 2299 1409 455
f 2301 1016 2292
f 1050 2292 1016
