v -0.56913698286566 0.777103067626896 0.172129899111057
v -0.568314020250485 0.782533109411056 0.142737992998896
v -0.56459898282917 0.797919099378445 0.162829902404873
v -0.563102964794938 0.800627116055621 0.138693994779124
v -0.551877979608745 0.784600079319873 0.137240998777009
v -0.550517087391696 0.779521108557559 0.16086099858613
v -0.546801990365784 0.794907098525026 0.180953995777102
v -0.545354014261276 0.810837098017428 0.170224992529525
v -0.545308001592622 0.828703117170285 0.106908985076553
v -0.541532999292723 0.812808102987077 0.097751952222666
v -0.534284005819913 0.841066199014948 0.13177998942196
v -0.533873086750306 0.794958119282007 0.169227003578979
v -0.528401975839798 0.802294198424216 0.10521498507041
v -0.517529023434828 0.844682118632908 0.156257000390215
v -0.51324809674605 0.867459139452147 0.0684470242451665
v -0.511358984253732 0.806076117416727 0.130204000286025
v -0.508790023847213 0.846517218928216 0.0578105776592639
v -0.504109990779329 0.834335107556671 0.164232000193033
v -0.500047098489331 0.818605198687262 0.155587001353776
v -0.499703004832802 0.883086233450581 0.098695851571397
v -0.495306005153268 0.884620102572626 0.0537979873072334
v -0.492881005506526 0.832161197220331 0.06751606051345
v -0.4900831127461 0.862249217871922 0.0435512948311531
v -0.485129028400877 0.890571159116537 0.0512330313305468
v -0.482367124349432 0.900522154683254 0.0832956884767357
v -0.479251105494107 0.887015138733603 0.128843985384729
v -0.479162118543575 0.868549138400985 0.0422264687459572
v -0.476367040605932 0.895695145335919 0.0490230749379955
v -0.474216022018856 0.905334167846017 0.0771605781082269
v -0.473678985892214 0.846308127354124 0.0531687481987015
v -0.47207410165685 0.836294129891796 0.0982936497801354
v -0.469779021839245 0.873962148876895 0.0410879663336237
v -0.468527047346921 0.900345274502052 0.046173381789933
v -0.467191151602011 0.909480160414824 0.0718719813173124
v -0.463372006357634 0.852177223164573 0.0506750700927446
v -0.462988006516029 0.872864217407997 0.139179001839202
v -0.462105127485932 0.903719235921725 0.112784990313276
v -0.461495124274937 0.878720163730418 0.0389443506183611
v -0.461119067999074 0.904874282929844 0.0416892052186732
v -0.460529154359179 0.913514275048367 0.0669731990089439
v -0.458174988712447 0.852125132194808 0.129171991995612
v -0.455952034408758 0.907355250897765 0.103075992838795
v -0.454533131060207 0.85721013593854 0.0485368752263462
v -0.453870064908754 0.883055159078624 0.0346043653091132
v -0.453464168259243 0.917986181512231 0.0620074198949663
v -0.453077007454485 0.849701132013993 0.0832635567485082
v -0.450652032601371 0.910487189040588 0.0947129727767689
v -0.446581023977472 0.861627153773712 0.0457212809285221
v -0.445361019062595 0.887974247852555 0.123007994908024
v -0.445132059954064 0.913818266387301 0.0877645053573437
v -0.444814114130576 0.854367231000351 0.0771126578848623
v -0.441545063911312 0.917024283166926 0.0271952666725806
v -0.439868136823115 0.891152260734004 0.112047001687759
v -0.439797012597687 0.865798154125563 0.113365996865734
v -0.438932033436711 0.865651251308074 0.0411947256430934
v -0.438323073467143 0.918047284512973 0.0822994771962503
v -0.437733039053975 0.858366241062616 0.0718400960273777
v -0.435372083353193 0.929649211005746 0.0494067014951593
v -0.435145049594709 0.893885266098833 0.102623905883655
v -0.433607113737339 0.869299164855368 0.103561900409707
v -0.433543164695223 0.89455427652536 0.0194489866704987
v -0.430935145758023 0.862054174428326 0.0669388712440821
v -0.429969056596366 0.896848285900789 0.0949676635198286
v -0.42829805455893 0.872301167354588 0.0951510636777987
v -0.423521144168201 0.865787161627204 0.061902464348158
v -0.423115068005119 0.900718185525485 0.0893055822318271
v -0.422688051642267 0.875346264060134 0.0881651135808456
v -0.421531173061364 0.928604289841452 0.0715885760782076
v -0.41878704659943 0.875961256086577 0.026651788693495
v -0.415595077646306 0.878973274252163 0.0826363603747183
v -0.406529071285853 0.910061282095566 0.0792455713443323
v -0.404700064047656 0.874965272783008 0.0492877949853477
v -0.398280175109953 0.887641287963119 0.0719536000385188
v -0.39720819449319 0.944532172591161 -0.00568366639559108
v -0.395629088493548 0.955257208021988 0.021602917414517
v -0.387150085991492 0.920804271942077 -0.0151402968384526
v -0.386063198510846 0.950915200539191 0.0489017934029407
v -0.37334508131278 0.89923525342436 -0.00621301264745885
v -0.37215907398134 0.929441194335489 0.0583953275072515
v -0.36368007148315 0.894988257602922 0.0216521046420948
v -0.362003186736545 0.905808186420785 0.0495050613909597
v -0.355032197489005 0.981416190254647 -0.00678819829945873
v -0.352025207342486 0.972566251772418 -0.0391855883514306
v -0.349719094481024 0.973775190805767 0.0256600918787732
v -0.339901203797429 0.947539151067829 -0.0503686075359216
v -0.336885201204984 0.949329297411752 0.0369970267872538
v -0.334378093468441 0.994734172620269 -0.0211511860138854
v -0.330299101304916 0.985982270201504 0.0132841992508033
v -0.329915114182872 0.98629114725374 -0.0555482605630593
v -0.327022099767474 0.922959146500034 -0.0397104030791119
v -0.324804083835412 0.924434280712426 0.0264924173261595
v -0.323081114278011 1.00155017940832 -0.0266627072879318
v -0.321753194237862 0.915451184196384 -0.00658327051618031
v -0.318794098616343 0.9927792711977 0.00817054292034101
v -0.318698127716888 0.992857105118884 -0.061486611760193
v -0.317587099561345 0.960196285585922 0.0252926930792665
v -0.317001109954845 0.960491215662104 -0.0674411080697548
v -0.310552230338233 1.00819010800027 -0.0284999656546823
v -0.306194125367893 0.999415086511233 -0.0637152805228975
v -0.306194109660609 0.999415137411555 0.00671523524405549
v -0.305815187341016 0.966596263124952 0.020283463650309
v -0.305669115955523 0.966670106148738 -0.0735704918268523
v -0.304728201158474 0.934483195298507 0.0141175954820485
v -0.304234211010107 0.934618150345586 -0.0561503162232645
v -0.300210116053899 0.925953148042361 -0.0209969805672095
v -0.293119129748282 0.973084080279561 -0.075970300863712
v -0.293119116747435 0.97308412745154 0.0189702506341983
v -0.292800094951562 0.940431191128007 0.00893283210732832
v -0.29267622529231 0.940465105130353 -0.0621908971288716
v -0.288403218609734 0.931719224824745 -0.0266242616886988
v -0.280045236450314 0.946753195085398 -0.0644901980018166
v -0.280045224173002 0.94675222324893 0.00749015994457182
v -0.277542235048792 1.02467016829843 -0.0284999640826782
v -0.275687236698108 0.937975119084766 -0.0284999609705451
v -0.273703253235855 1.01561012685532 -0.0646308657460749
v -0.273703244521221 1.01561015862097 0.00763082283304825
v -0.262186144982182 0.988445071796063 -0.0772193072284454
v -0.262186139188443 0.988445099034197 0.0202192004797738
v -0.250670140928192 0.961275070958038 -0.0654479834202795
v -0.250670135761251 0.961275093009258 0.00844800578235095
v -0.24683113728519 0.952218095500677 -0.0284999603857397
v -0.204804142369557 1.06098008938874 -0.0284999668737399
v -0.202529138457871 1.05110013342451 -0.0666295914492045
v -0.202529136311819 1.05110015098478 0.0096296013438461
v -0.195704138363181 1.02146005768802 -0.079896219579652
v -0.19570414032859 1.02146007437642 0.0228961702574218
v -0.18887815041706 0.991825017553966 -0.0674647051624748
v -0.188878143501501 0.991825062171393 0.0104646029692033
v -0.186603148807797 0.981945011602063 -0.0284999599729243
v -0.168552203095398 1.33800037572342 0.122600062676085
v -0.167943207138188 1.33800037637291 0.112942065693298
v -0.167104197257626 1.31600041358783 0.122600061504629
v -0.167104197921568 1.36000033793486 0.122600064029997
v -0.166500193183191 1.31608028449489 0.112942064550844
v -0.166500193853876 1.35992034912149 0.112942067027906
v -0.166456206015463 1.33800037529943 0.128899970270439
v -0.166117203451049 1.33800037718906 0.100767060653575
v -0.165012193695116 1.3161302321166 0.128899969090814
v -0.165012194352833 1.35987028013611 0.128899971624601
v -0.164690103933614 1.31632025369563 0.100767059554381
v -0.16469010460793 1.35968026234771 0.10076706195317
v -0.16348619418592 1.33800037822846 0.0852333253877725
v -0.162809205363961 1.2943802524526 0.122600060441169
v -0.162809206692363 1.38162026086447 0.122600065454783
v -0.162221205129905 1.29453021845359 0.112942063515049
v -0.162221206471794 1.38147029617158 0.112942068434068
v -0.162082102058775 1.31666023974893 0.0852333243451991
v -0.162082102736722 1.35934027837815 0.0852333266410496
v -0.160733205654797 1.29465026114376 0.128899968020294
v -0.160733206970232 1.38135025131637 0.128899973048996
v -0.160462196479451 1.33800037953428 0.0655000093699162
v -0.160457205169307 1.29501027524793 0.100767058560767
v -0.160457206518457 1.38099024101676 0.100767063323274
v -0.160168199185292 1.33800037515826 0.131000081281884
v -0.159083197920205 1.31706030756331 0.0655000083865189
v -0.159083198571179 1.35894033238811 0.0655000105794773
v -0.158737195573479 1.3165302984787 0.131000080127069
v -0.158737196240014 1.35947033270001 0.131000082609974
v -0.157916198913121 1.29569024631424 0.085233323406353
v -0.157916200269014 1.38031027203753 0.0852333279633223
v -0.154643299137846 1.33800038211996 0.0260626110155165
v -0.1557161924003 1.27350026219199 0.122600059628593
v -0.155716194537362 1.40250025152685 0.12260006699714
v -0.155154196843595 1.40227029737289 0.112942069960305
v -0.155154194674891 1.27373021767146 0.112942062746701
v -0.154994199679402 1.29647023425728 0.0655000075056496
v -0.154994200982388 1.37953028670539 0.0655000118586613
v -0.154508200923779 1.29548031554974 0.131000079082071
v -0.154508202257368 1.38052031583458 0.131000084004426
v -0.153673198780817 1.27395027695104 0.128899967191417
v -0.153673200886757 1.402050355103 0.128899974585111
v -0.153467203900819 1.27443021569404 0.100767057853848
v -0.153467206090271 1.401570301006 0.100767064820454
v -0.151036198001524 1.27544027741248 0.0852333227805079
v -0.151036200211723 1.40056036060329 0.0852333294202258
v -0.149502195863415 1.31832023520731 2.61723193464325e-08
v -0.149502196356703 1.35768029406877 2.81584937286754e-08
v -0.148242199764246 1.27660030469682 0.0655000069552508
v -0.148242201890934 1.39940033593051 0.0655000132747684
v -0.147546201110547 1.40070030932214 0.131000085505233
v -0.147546198989564 1.27530032243691 0.131000078278111
v -0.14597019454457 1.42228029775447 0.12260006856551
v -0.145970191597291 1.25372021651259 0.122600058947906
v -0.145660199373784 1.29897029650074 2.53920450690658e-08
v -0.145660200361397 1.37703035215654 2.9328827933853e-08
v -0.145443196681891 1.25403028068277 0.112942062108453
v -0.145443199678447 1.42197035413912 0.112942071512723
v -0.145161188421059 1.33800038624129 -0.0382082873934573
v -0.14452220037969 1.39786027240433 0.0382083451673759
v -0.144023191275855 1.25442021320967 0.128899966498971
v -0.144023194173857 1.42158030016035 0.128899976140048
v -0.143914199441787 1.31905027552529 -0.0382082882948904
v -0.143914199804881 1.35695025859288 -0.0382082863295636
v -0.143862197852349 1.25494020635199 0.10076705727465
v -0.143862200883658 1.42106031093363 0.100767066343623
v -0.141583201749411 1.4197403070643 0.0852333309031055
v -0.141583198683349 1.2562602123473 0.0852333222788161
v -0.139922192487867 1.35642025567585 -0.0654999543724071
v -0.139314196686361 1.28029031437408 2.49285462451165e-08
v -0.13931419827619 1.39571033465123 3.0633021636018e-08
v -0.138964199704917 1.25777023821705 0.0655000065279168
v -0.138964202656865 1.41823028379898 0.0655000147181337
v -0.13818220437515 1.25651031018828 0.13100007762019
v -0.138182207284564 1.41949032207839 0.13100008700318
v -0.136325185795947 1.30147023937521 -0.0654999570645965
v -0.136325186422542 1.37453029833992 -0.0654999532632274
v -0.135477192855916 1.25978022852952 0.0382083389478351
v -0.135477195693748 1.4162202970937 0.0382083465564253
v -0.133716190816602 1.2354002470124 0.122600058609065
v -0.133716194952752 1.44060026813756 0.122600070186864
v -0.133513186941424 1.30223031925827 -0.0852332731915687
v -0.133513187468427 1.37377034013605 -0.0852332693981139
v -0.133233203216153 1.44023036222938 0.112942073121371
v -0.133233198979893 1.2357702735275 0.112942061844835
v -0.132801137897185 1.09693011835598 -0.0284999680264514
v -0.132710191916461 1.33800039161996 -0.122600009034648
v -0.132141134447643 1.08620008554763 -0.0686050706393359
v -0.132141137658395 1.08620009144412 0.0116051943666534
v -0.131973206379944 1.43954025837185 0.128899977733888
v -0.131973202343385 1.2364602558252 0.128899966129114
v -0.131785192979253 1.23688023249372 0.10076705710656
v -0.131785197286056 1.43912028577093 0.100767067924054
v -0.131570193366372 1.3206803492088 -0.122600009905101
v -0.131570193569705 1.35532031485467 -0.122600008027232
v -0.130916206436124 1.3380003751594 0.131000082590135
v -0.130595198978423 1.26260024658317 2.45969449145783e-08
v -0.130595201172024 1.413400283699 3.19646584331183e-08
v -0.130386194617875 1.39201031973676 -0.0654999520415827
v -0.130386193643229 1.28399033740498 -0.065499957605816
v -0.130160235558542 1.05402001239604 -0.0825341942276095
v -0.13016024408692 1.05402001783542 0.0255341495301628
v -0.130145195176222 1.33800039201889 -0.128899916470771
v -0.12969819961483 1.43752025918804 0.0852333324456694
v -0.129698195237482 1.23848026125276 0.0852333222342162
v -0.129017192068674 1.3209002908127 -0.128899917337545
v -0.129017192259558 1.3551002548364 -0.128899915472545
v -0.128188195905379 1.30365034311156 -0.122600010668214
v -0.128188196312562 1.3723503210176 -0.122600006949103
v -0.128180246797609 1.02183005021675 -0.0694460810556092
v -0.128180256780644 1.02183005583617 0.0124459846783027
v -0.127697189022995 1.28511031020812 -0.0852332737610158
v -0.127697189835286 1.39089034936336 -0.0852332681925407
v -0.127520249564457 1.01111003793899 -0.0284999576654447
v -0.127445012770834 0.011148734645051 0.122998001344012
v -0.127298202885756 1.43568026449972 0.0655000162193868
v -0.127298198684768 1.24032025853177 0.06550000658037
v -0.127273008841722 0.0237622681373069 0.123025096054203
v -0.127071009502686 0.0393051421187544 0.123064086477373
v -0.126744191326674 1.23964028360969 0.131000077261816
v -0.126744195274015 1.4363603493985 0.131000088506779
v -0.12571319019925 1.26542026452049 -0.0382082900292332
v -0.125713191749139 1.4105802702862 -0.0382082826567859
v -0.125671195820388 1.30411025308649 -0.128899918095036
v -0.125671196202673 1.37189029262362 -0.128899914404449
v -0.125579196979019 1.28598030084511 -0.10076700911618
v -0.125579197716098 1.39002036068423 -0.10076700360232
v -0.124931189386621 1.33800039214808 -0.131000026997329
v -0.124758012807273 0.00278709559289435 0.121719104270518
v -0.124104193435664 1.24277024762236 0.0382083381679217
v -0.1241041974526 1.43323027615918 0.038208348002552
v -0.123920190648951 1.28667028516961 -0.112942014251737
v -0.123815189167009 1.32125028952689 -0.131000027845066
v -0.123815189353743 1.35475025637937 -0.131000026020592
v -0.123718015068335 0.0111490761619661 0.0785389727245547
v -0.12356001095367 0.0251755492021978 0.0785872487055172
v -0.123343014346426 0.0449563028721408 0.0786578713690423
v -0.122603188390624 1.28722031760803 -0.122600011251493
v -0.122603189012032 1.38878034665421 -0.122600005779913
v -0.122226190864111 1.26743025464854 -0.0654999580076823
v -0.122226192188363 1.40857028355424 -0.0654999507914086
v -0.121826113108279 0.353902007446315 0.0541828455306983
v -0.12179600376446 0.369129984727483 0.0525942086970866
v -0.121739013703521 0.0111491312249415 0.0549640767450122
v -0.121671008337503 0.338589003939747 0.0523883940714214
v -0.121663012966061 0.0111483227224559 0.164175116901407
v -0.1215880132031 0.0259247155552521 0.0550231445740063
v -0.12150600332925 0.405429994239587 0.0445723775041618
v -0.121477016672345 0.0224457863766177 0.164182103355336
v -0.121363015549967 0.04795262751503 0.0551111723524638
v -0.121291012928136 0.0340415788082674 0.164191101408451
v -0.121084007674781 0.302207990954154 0.0441266411061018
v -0.121052992204762 0.640398981096879 2.95895452551178e-05
v -0.120964011909151 0.00278720594938311 0.0784539793133595
v -0.120883100856371 0.483956018361953 0.0270675030659227
v -0.120737089382321 0.622708027815104 0.000126228044563866
v -0.12051619118424 1.30484029113517 -0.131000028583631
v -0.120516191557188 1.37116025482936 -0.131000024976155
v -0.120377089206642 0.656889021132638 -7.8841613069262e-06
v -0.120270100195096 0.561288011875014 0.00981153818435117
v -0.12015218556049 1.28792031515818 -0.128899918680512
v -0.120152186141957 1.38808034988299 -0.128899913249626
v -0.120150097453635 0.606386014378574 0.000791966722551398
v -0.120010095320975 0.594006013422736 0.00253672919667464
v -0.119819913916255 0.223775886407666 0.0263138002086592
v -0.119704191057753 1.26889033161545 -0.0852332741901762
v -0.119704192156369 1.40711032817603 -0.0852332669568817
v -0.118551716981193 1.24702898342989 -0.00923143959113142
v -0.119306336347327 1.42955033720806 -0.00278405913797015
v -0.11961301540283 0.00278698297932494 0.161560008837567
v -0.119317019530461 0.0491211158838315 0.0319876524830853
v -0.119184197365477 1.21882025701279 0.122600058410724
v -0.119184202695685 1.45718025918695 0.122600071784174
v -0.118912010061056 0.0260727706526402 0.0307528969411913
v -0.118886014613423 0.00278726152053899 0.0549053095696889
v -0.11875419948881 1.45675027177643 0.112942074705642
v -0.118754194007141 1.21925024588034 0.112942061718124
v -0.118670007237559 0.0110339171262595 0.0299863313241637
v -0.118575012856242 0.146541967356234 0.00877275083305978
v -0.118110078622225 0.687623005751496 0.000726603958275238
v -0.118046015009314 0.113755967973082 0.001326523424473
v -0.118001018558415 0.0901980092673638 -0.00333992345991119
v -0.1179500154112 0.102585968002516 -0.00103942203298595
v -0.117741199120248 1.22026030509627 0.128899965902577
v -0.117741204298993 1.45574032929108 0.128899979299294
v -0.11772019027598 1.27003033136114 -0.100767009547333
v -0.117720191271374 1.40597033036711 -0.100767002382535
v -0.11746319964415 1.45546030844084 0.10076706948108
v -0.117463194079571 1.22054020823394 0.100767055962737
v -0.117411025852421 0.0734726413767803 -0.00642619128505186
v -0.117274018362622 0.0519945527237299 0.123144085913161
v -0.116384014379274 -1.88913023905092e-08 0.117921104056406
v -0.111837345565763 1.41613984913864 0.131000087942388
v -0.111629243552987 1.26073885000872 0.131000079180006
v -0.116164188243413 1.27093024329081 -0.112942014693428
v -0.116164189135066 1.4050703007205 -0.112942007534555
v -0.115750012443797 0.00275840754709723 0.0295860835936268
v -0.115602194765247 1.22240023241823 0.0852333211860971
v -0.115602200434689 1.45360028631083 0.0852333339654689
v -0.115388020544102 0.0492889470961103 -0.0111492483155972
v -0.115160194788167 1.24963027428136 -0.0382082900250387
v -0.115160197218816 1.42637026106973 -0.0382082818049187
v -0.115086089272143 1.38691031045915 -0.131000023849175
v -0.115086088707792 1.28909023562129 -0.131000029150982
v -0.114930192915965 1.27165026821883 -0.122600011697317
v -0.114930193751598 1.40435027699801 -0.122600004579211
v -0.113650081953228 0.748046984168826 0.00294583974484225
v -0.113464190486619 1.22454027925957 0.0655000055823832
v -0.11346419591965 1.45146036094922 0.0655000176979796
v -0.113411197605544 1.22459022595237 0.131000077051228
v -0.113411202594444 1.45141028871393 0.131000089966009
v -0.113240016581061 0.0741540493745445 0.0365046578263547
v -0.113195019657535 0.0618778857681332 0.0788018758900835
v -0.113090009396051 -1.21048066917858e-08 0.153726109512739
v -0.11309001431037 0.0256822920474094 -0.0158032899844587
v -0.112925016549419 0.0432307677059912 0.153564109808099
v -0.112606185244035 1.27265031563417 -0.128899919126216
v -0.112606186024686 1.40335034955677 -0.128899912069466
v -0.112448012869023 -2.65284865610579e-08 0.0782730815797116
v -0.111965191264574 1.25209027953252 -0.0654999580542121
v -0.111965193350803 1.42391037830509 -0.0654999500081118
v -0.111672920891841 0.0106879587399194 -0.0186820177299319
v -0.111542107846556 0.353832987328141 0.0916617231188094
v -0.111488114300418 0.338463985016091 0.0891946778441842
v -0.111387007862433 0.369351000461355 0.0915733227123232
v -0.111110005315225 0.302105979714184 0.0802908750511552
v -0.111032020581338 0.0671183210184679 0.0552905119364144
v -0.110781006298629 0.405845916839032 0.0882985248874927
v -0.110616190250776 1.22738020459973 0.0382083382485362
v -0.110616195761157 1.44862031976757 0.0382083490038631
v -0.110294912746367 0.223620975736451 0.0610687968392139
v -0.110179006722567 0.353970997790511 0.017815901796346
v -0.11010800849283 0.36890390284746 0.0147531235965898
v -0.110101012361908 -3.12026332525795e-08 0.0548178713943708
v -0.110065111117249 0.338723976016793 0.0166621996581673
v -0.109706107128049 0.405007008513645 0.00203635694339926
v -0.109655190385892 1.25386030064733 -0.0852332743340558
v -0.109778788989122 1.42223506449283 -0.0841774330348302
v -0.109576108443968 0.30230499474811 0.00894870065221347
v -0.109493014933436 0.146316975854224 0.042135438489486
v -0.109483104786033 0.484144014092845 0.0812065298654302
v -0.109168017510753 0.0899307465601636 0.0309015242523613
v -0.109152009716544 0.113500966382491 0.0340982312582039
v -0.109100914400013 0.102322868356258 0.0320044410456803
v -0.108829995469624 0.483765012788775 -0.0257714128799471
v -0.108779018203566 0.00267191372200149 -0.0189905251307531
v -0.108521913285529 0.223855977450122 -0.00766710956767514
v -0.108205997823656 0.561178998953838 0.0742213996347363
v -0.108095075220671 0.823355008521836 0.00401056252063457
v -0.107966095316976 0.561398992181261 -0.0531903389322633
v -0.107837188584428 1.25525028231097 -0.100767009724163
v -0.107837190178925 1.42075037965942 -0.100767001689634
v -0.10778218756296 1.27444024380443 -0.131000029573618
v -0.107782188318194 1.40156030241692 -0.131000022714767
v -0.107662998074977 0.593881027214859 0.0712675026602677
v -0.107602094717047 0.594132013465808 -0.0647399868092124
v -0.107484012619558 0.146617961040807 -0.0240268565487379
v -0.107390096902222 0.606356038690198 0.0713933333926549
v -0.107375088284378 0.606418017298581 -0.0683634753618138
v -0.107312013535238 -3.60581398648657e-08 0.0294505462561941
v -0.10704401234113 0.113829964166828 -0.0309716852243047
v -0.107027023620787 0.0902739327880189 -0.0371368369989295
v -0.106968919326359 0.102659963649724 -0.0336315447512039
v -0.106921085572391 0.622708024571279 -0.0720037786828223
v -0.106921095398965 0.622709998546209 0.0736472793321468
v -0.106630188847853 1.23137026185582 2.40142603664954e-08
v -0.10663019307631 1.4446302667538 3.43251265825983e-08
v -0.106412190155623 1.25635022744579 -0.112942014916224
v -0.106412191601771 1.41965031674732 -0.112942006880886
v -0.106356028905078 0.0734388456941792 -0.0425370785519951
v -0.106240086249763 0.640398979434937 -0.0746840745615378
v -0.106240094993845 0.640399996367402 0.0760842638563534
v -0.105330085458659 0.656879938417588 0.0767588026381284
v -0.105330086529109 0.656889020647278 -0.0754273455255926
v -0.105282190048746 1.25721032331695 -0.122600011931104
v -0.105282191422794 1.41879034126337 -0.122600003955731
v -0.104090024958564 0.0489209357963258 -0.0508816659596778
v -0.103346085635997 0.687604008974891 -0.0736966731696811
v -0.103346085462241 0.687625983682483 0.0764632847863042
v -0.103185186683561 1.25861031800731 -0.128899919364159
v -0.103185187985509 1.41739034730844 -0.128899911491075
v -0.102644187443316 1.23536031892157 -0.038208290720903
v -0.102644190391462 1.44064033294936 -0.0382082803536023
v -0.102604194985166 1.20428029388415 0.122600057366087
v -0.102604202253738 1.4717203402052 0.122600073371105
v -0.10253906867558 0.898738028629175 0.00128127052822655
v -0.102234191028841 1.20477024501531 0.112942060771566
v -0.102234198572929 1.47123027129317 0.112942076281183
v -0.102114188676204 1.3380003921239 -0.131000026068408
v -0.102095078126563 1.02365996787538 -0.0284999763697045
v -0.102083245662977 1.0347400601868 0.013297795712248
v -0.102083170844298 1.03473999449943 -0.0702979105720054
v -0.102049019829633 -4.33238602856191e-08 -0.0159337016140285
v -0.102046081329085 1.06797994599574 -0.0836660033636525
v -0.102046086858668 1.06797995504489 0.0266659415004496
v -0.102010129685649 1.10123010395045 -0.0694511037160314
v -0.102010132750058 1.10123010619966 0.0124510381198035
v -0.101998232639382 1.11231001315589 -0.028499973423526
v -0.101543195581833 1.20603028623517 0.128899964830188
v -0.101543202574831 1.46997034684553 0.128899980853003
v -0.101514024709198 0.025081522173847 -0.0591181302638788
v -0.101122191139056 1.2062201888938 0.100767056239011
v -0.101122198925554 1.46978032903816 0.100767071034482
v -0.0999093257444548 0.0102808491945476 -0.0641939360224005
v -0.0997971708429952 1.23820024457277 -0.065499958622059
v -0.0997971733408087 1.43780029163608 -0.0654999485960952
v -0.0995207406901495 1.46770036569606 0.0852333354878542
v -0.0995206656054394 1.20830027353653 0.0852333216745383
v -0.0994440733888489 0.747973971424127 -0.068954406152642
v -0.0994440762530816 0.748110996912614 0.0759896629976061
v -0.0988604313310004 1.41472029690136 -0.131000022211732
v -0.0988603704695346 1.26128024941473 -0.131000029801466
v -0.0983618419755992 1.4647402758349 0.131000091417769
v -0.0983617832581652 1.21126023743055 0.131000075990955
v -0.0979368810753421 0.962020991384215 -0.00533269412741421
v -0.0978611984275072 0.00257010010300246 -0.0642937791864972
v -0.0976794775109378 1.21070019646294 0.0655000062379748
v -0.0976794856427737 1.46530032570319 0.0655000188132552
v -0.0961178962865417 1.43412030189941 -0.100767000330181
v -0.0961178348420521 1.24188024122123 -0.100767009741969
v -0.0960836119360572 1.02012003481691 -0.0253555248166105
v -0.0958319022778127 1.0322400554702 -0.0712763193944915
v -0.0958295101465285 1.03215994075679 0.0202038712228561
v -0.0933213836094756 1.37645435980593 -0.13100002356088
v -0.0952413238885712 1.00102997197167 -0.0159224153488066
v -0.0952284222473635 1.46210027221778 0.0382083505306425
v -0.0952283547570441 1.21390025295119 0.038208339193811
v -0.0951166843061274 0.0111482657913225 0.177900119355021
v -0.0950770092235042 1.06861998129248 -0.0860685543892282
v -0.0950672472640062 1.06825997809839 0.033913154345444
v -0.0948734972216434 0.00278698556599664 0.174839123647094
v -0.0948477803788366 1.43285036569417 -0.112942005538967
v -0.0947449974214046 0.0322077212148088 0.177900114622027
v -0.0946731150993918 1.01605000552662 -0.0736373037509879
v -0.0946632852535121 1.01573992623154 0.0403481818378212
v -0.0945828934080229 0.823235990958555 -0.0660231730513574
v -0.0945828813462273 0.82347201166598 0.0749222696612453
v -0.0943196636441332 1.1049200964997 -0.0708654166067284
v -0.0943073873452652 1.10445005528781 0.017626861128125
v -0.0940605633701646 1.11677009716712 -0.0267996309063439
v -0.0939536882251051 -5.0799171887494e-08 -0.0576024349735544
v -0.0938401693296552 1.24416023999175 -0.122600012005215
v -0.0938401708873247 1.43184030566562 -0.122600002628672
v -0.0937503664987388 -9.78093089619852e-09 0.165656117296092
v -0.0930494757084144 0.0431232429865695 0.164248111933511
v -0.0929686181187643 1.06120993056398 -0.0925184176148729
v -0.0929294609747327 1.05977001752692 0.0548969321112241
v -0.0920570887444582 1.24594027399701 -0.128899919446307
v -0.0920570902129106 1.43006027237137 -0.128899910201819
v -0.0917968023635716 1.4576302824474 3.57972619009256e-08
v -0.0917967369651854 1.218370246452 2.47966874368844e-08
v -0.0912543652554904 1.10601002521804 -0.0745455883035193
v -0.0912053705804857 1.10416002349558 0.0325917419431391
v -0.0906567692244523 1.11995000658437 -0.0216989717739896
v -0.089721819801194 0.898629967049208 -0.0697253843508773
v -0.089721819119803 0.898846975502859 0.0728451194623839
v -0.0892636913769267 0.977795028339758 -0.0839909860689445
v -0.0892542740991349 0.977535012520611 0.0732929338179369
v -0.0884604848455496 1.24954027655546 -0.131000029879402
v -0.08846048625072 1.42646026999252 -0.131000021013231
v -0.0883651787743406 1.22284023966282 -0.0382082904262197
v -0.0883651824797797 1.45316029267701 -0.0382082789361187
v -0.0883131198879143 0.0560474831330317 0.123292084399158
v -0.0869551977679559 1.12326009252033 -0.0148344229257399
v -0.0859141190843695 1.44997037198453 -0.0654999472180893
v -0.0859140563978065 1.22603028323186 -0.0654999583247076
v -0.0877631767828746 1.27649527952948 -0.131000028619131
v -0.0842761316909795 1.48397029082815 0.122600074881703
v -0.0842760703066076 1.19203022538084 0.122600057517437
v -0.084141841164628 1.4476603348669 -0.0852332634833004
v -0.0841417791000298 1.22834020377414 -0.085233274637104
v -0.083971780345287 1.19256023093544 0.112942061031847
v -0.0839717899774897 1.48344028679087 0.112942077781562
v -0.0835804265281597 1.48202038342406 0.128899982338176
v -0.0835803580951023 1.19398025087922 0.128899964924621
v -0.0832461891193519 0.0673268241451966 0.0790704467549474
v -0.0830588850534555 1.48186028733964 0.100767072163395
v -0.0830588747296091 1.1941402322408 0.100767056642587
v -0.0828852849255296 0.00249547189047148 -0.0797921807054829
v -0.0827467267194335 1.4458403670327 -0.100766999003066
v -0.08274666492392 1.2301602928919 -0.100767010016531
v -0.0826667137029954 -5.39103455054807e-08 -0.0718227379144743
v -0.0825414257504052 0.00998223300505106 -0.0797018816026942
v -0.0817434098642615 1.47958029070669 0.0852333366109987
v -0.0817433395916019 1.19642023098859 0.0852333222868474
v -0.0816532193741979 1.44441033269927 -0.112942004229716
v -0.0816531578643515 1.23159021218338 -0.112942014784442
v -0.0815780363210859 0.0245983599446592 -0.0736639858311944
v -0.0815488943737073 1.05255998409041 -0.0994057281253234
v -0.0814931315313719 1.47618031827479 0.1310000928225
v -0.0814930637701063 1.19982019600592 0.131000076062507
v -0.0814900078066663 1.05011001465437 0.0763043618882079
v -0.0814545836488051 1.11360007936478 -0.084401218358116
v -0.0813645862184527 1.10974009470463 0.0561588843630303
v -0.0811711005133744 -3.57741252169025e-08 0.0296034370280781
v -0.080785798223373 1.23272031712516 -0.122600011844184
v -0.0807858000071978 1.44328034808622 -0.122600001333148
v -0.0805596303625068 0.0733073702531995 0.0556233400786771
v -0.0802311274050303 1.47696030933491 0.0655000203147832
v -0.0802310573285754 1.1990402140864 0.0655000070111993
v -0.0799378349918482 0.0484821236259684 -0.0637908370866445
v -0.0794060440654445 0.0790555202016046 0.0458417901246623
v -0.0793927199741297 1.44118035695423 -0.128899908943617
v -0.0793926587065183 1.23482030892578 -0.128899919321764
v -0.0789878404062006 0.338461005458724 0.10428802972937
v -0.0789602439387567 0.302107977241972 0.0947901324998895
v -0.0789378982752681 0.0896377236611446 0.0426174771113363
v -0.0789019514645125 0.223518977745393 0.0742565024125446
v -0.0788587431243097 0.35381901016681 0.107105035730674
v -0.0788459248876382 0.102033972610287 0.0433498335607971
v -0.0788447316682857 0.146092966973899 0.0540260312450999
v -0.0788205326039134 0.113224870537283 0.0454382631513923
v -0.0784468665796974 0.36941900977172 0.107599032733236
v -0.0784225053963352 0.0731188185897095 -0.0538273907871192
v -0.0782178005208506 1.47348035234614 0.0382083519953003
v -0.0782177902462824 1.20252029306806 0.03820834025401
v -0.0781245901137385 1.12810001032414 -0.00784297530878322
v -0.0778337933732965 0.0899930144515111 -0.047518539558412
v -0.0777341894939585 0.102381959039479 -0.0436209853743531
v -0.077685721804818 0.113561861724628 -0.0408908535323522
v -0.0776147908620762 0.146392967853706 -0.034228366226206
v -0.0774475342247902 0.223820763378454 -0.0185155675870832
v -0.0772781383181224 0.302285982932884 -0.00259212641557206
v -0.0771995181748453 0.33875798339146 0.00480928135839562
v -0.0771599490608415 0.405976004326003 0.10604403768245
v -0.0770726255978096 0.353989985693494 0.00570818210206454
v -0.0767577253798493 0.368824005746158 0.00214167937636824
v -0.0767223051365233 1.43686033023112 -0.131000019841138
v -0.0767222439560542 1.2391402165808 -0.13100002978072
v -0.0757507625349211 0.404859012230332 -0.0121391745113664
v -0.075399206957993 1.46860028248565 3.72091387365482e-08
v -0.0753991474370656 1.20741026043614 2.57263626530065e-08
v -0.0744057868042332 0.484203022437907 0.102718036146411
v -0.0741483426961557 1.2217402893914 0.131000079018626
v -0.0735473519737287 0.483697003658453 -0.0433829818022526
v -0.072580620845716 1.4637103182509 -0.0382082775776501
v -0.072580556775113 1.21229021382941 -0.0382082899591176
v -0.0716968719197883 0.561144010056848 0.0994463204963749
v -0.0716772162984435 -1.20946761415992e-08 0.153778116389361
v -0.0713745782726529 0.561437017697372 -0.0741914999357159
v -0.0708174270546189 0.0430306078356925 0.153686107411118
v -0.0707811384038185 -5.09033057212372e-08 -0.0581365514316274
v -0.0706908686529434 1.33800037516036 0.131000085247669
v -0.0705672902939572 1.21577029380185 -0.0654999578543618
v -0.0705672939615362 1.46023036126212 -0.065499945897133
v -0.0705457931356916 0.593841031675139 0.0980559807902962
v -0.0704595917272057 0.594175998702346 -0.0871662949470928
v -0.069111628464261 1.45770038293338 -0.0852332621901203
v -0.0691115659871905 1.21830027485307 -0.0852332742472732
v -0.0690916695238509 0.606347037727316 0.0987830964278689
v -0.0690700857405111 0.606428980753978 -0.0914154535909156
v -0.0490461807975574 1.2603844748082 0.131000082177967
v -0.068375469497649 1.1293299982694 -0.0647894923238632
v -0.0683426836562078 1.12667010514474 0.0486820808261907
v -0.0679657284894531 1.45572031697098 -0.100766997730924
v -0.0679656663583838 1.22028022371118 -0.100767009664975
v -0.0671634280717786 0.00249368703748827 -0.064932136355763
v -0.0671100777915009 0.00278698299531891 0.161642116552579
v -0.0670676126203717 1.45416034446946 -0.112942002974348
v -0.0670675433842045 1.22184031707766 -0.112942014951034
v -0.0665173522959929 1.13313006597565 -0.00244457862700882
v -0.0663550888129644 1.22307032233505 -0.122600011511811
v -0.0663550908239817 1.45293034322979 -0.122600000090889
v -0.0687955945886469 1.26258261778372 -0.131000028428402
v -0.0654739032592271 0.622716017130384 0.101864028248343
v -0.0654738899496746 0.622708020402988 -0.0960471006490545
v -0.0654624863153185 0.0111483832761662 0.164266120773635
v -0.0653475988310654 1.22539025530129 -0.128899919032697
v -0.0653476006885462 1.45061029167736 -0.128899907732157
v -0.0652755065449636 0.022399535040332 0.164273107236628
v -0.0650904269164377 0.03385638719824 0.164283103024848
v -0.0644998473687377 1.49372030284116 0.122600075979729
v -0.0644997764421695 1.18228021446319 0.122600057624439
v -0.0644645896483359 0.00997526349940532 -0.0647129794517108
v -0.0642669194453716 1.49315036365349 0.112942078884049
v -0.064266848068592 1.1828502742762 0.11294206116873
v -0.0640500110320894 1.49167037857674 0.128899983773028
v -0.0640499409135819 1.18433025664586 0.12889996504776
v -0.0635682728688604 1.18453029219354 0.100767056899965
v -0.0635682258165475 1.49147034735815 0.100767073624301
v -0.0635645780558778 1.23022025963364 -0.131000029528568
v -0.0635645798023558 1.44578028744685 -0.131000018700782
v -0.0627005097820242 1.48555029071501 0.131000094205723
v -0.0627004404049561 1.19045022448173 0.131000076244268
v -0.0625614505332259 1.48904038538993 0.0852333380489088
v -0.062561377593345 1.18696025628092 0.0852333227828083
v -0.0618027944643152 0.64040100728548 0.105011926056822
v -0.061802782344924 0.640398974897668 -0.0995885710934027
v -0.0614039274691173 1.48624027872276 0.0655000217257726
v -0.0614039133663674 1.18976024409457 0.0655000081582836
v -0.0611371084525436 0.0245417424193748 -0.0592063994909864
v -0.0608894988642124 -4.32218773360223e-08 -0.0160854510811682
v -0.0601887014975951 0.656854983664901 0.105940019964341
v -0.0601886907175487 0.656889015292983 -0.100566997024003
v -0.0601834171079716 -1.87922979295514e-08 0.118163101056123
v -0.0598631462087168 1.48252035335568 0.0382083533704284
v -0.0598631307590476 1.19348029149149 0.038208343036733
v -0.0594599977858668 0.0516630350160692 0.123418090366304
v -0.0590549553554368 0.687585991006507 0.105211009290567
v -0.0590549468854961 0.687597975452799 -0.0985043605741303
v -0.0582054154845763 1.13238013958274 0.0453803479664479
v -0.0581999204233924 1.13367006282984 -0.0507558274224241
v -0.0577059257842869 1.47731031207385 3.85344486471431e-08
v -0.0577059153820074 1.19869021543065 2.8172479861131e-08
v -0.0573509890807708 1.46030032440955 0.131000092915849
v -0.0568252525872734 0.747948993150596 -0.0929211935224779
v -0.0568252577263093 0.748103961104778 0.103386913795859
v -0.055633445725318 0.0482900281404433 -0.0501402416687136
v -0.055548707450233 1.20389024432523 -0.0382082888133158
v -0.0555487128104376 1.47211028437562 -0.0382082763008969
v -0.0552824835845107 -2.66320907385095e-08 0.0787334691263721
v -0.0544854665618266 1.13703015714589 -0.000359594875905764
v -0.0544666748608165 -3.56823215635632e-08 0.029905924875589
v -0.0540473730357427 0.823195990356216 -0.0893676799898252
v -0.0540473759959666 0.823503965445899 0.100901018930826
v -0.0540081397134281 0.00261081881851611 -0.0191604536488822
v -0.0542065283196926 1.46887008409492 -0.0619803853459817
v -0.0540078075137791 1.20761029529253 -0.0654999567833824
v -0.0534207960734367 0.0615184766134208 0.0792983171764819
v -0.0529872242705191 -3.09211935499163e-08 0.0554133856291592
v -0.0528943058396828 0.00278709540865031 0.12205310101281
v -0.0528937410626802 1.4657002825516 -0.0852332609742994
v -0.0528936779722302 1.21030025588237 -0.0852332734766435
v -0.0520167779696675 1.21242027576875 -0.100767008979755
v -0.0520167809703891 1.46358038404685 -0.100766996535719
v -0.0513294767626224 1.21408026661523 -0.112942014386711
v -0.0513294792792977 1.46192027570937 -0.112942001794704
v -0.0512696146773741 0.898593022454855 -0.0933942644798268
v -0.0512696173352158 0.898882977437828 0.0981850874249438
v -0.0507842192920183 1.46060039063599 -0.122599998924251
v -0.050784157379045 1.21540027219967 -0.122600011463354
v -0.0506584277699967 0.0727930221191304 -0.0410237772963831
v -0.0505740824984732 0.0104434587385347 -0.0187346471645542
v -0.0503586053291271 0.0111487346670125 0.123364103162006
v -0.0502181207654807 0.0667442415979744 0.0559046720813156
v -0.0501857446400477 0.0236958685173066 0.1233911008145
v -0.050077538897603 1.45815028170615 -0.128899906586909
v -0.0500774771924009 1.21785026275857 -0.128899918992675
v -0.0499851868804027 0.0390398900375044 0.123430091407931
v -0.0489165336164508 0.0896232366752913 -0.0353662151459998
v -0.0489063055991253 1.22291022469187 -0.131000029077107
v -0.0489063075359678 1.45309032268093 -0.131000017596847
v -0.0487775982369134 0.102016964111442 -0.0318676622397708
v -0.0487246664873392 0.974057055606604 -0.0997341664337858
v -0.0487148283083874 0.973575000509502 0.0934292314329355
v -0.0486114149096049 0.113209964797957 -0.0292278313545146
v -0.04843188678058 0.0894335236091743 0.0317993447938261
v -0.0483124951510254 0.101832969258573 0.0329523354233266
v -0.0482048409746891 0.113033970430455 0.0351958529294268
v -0.0480528545488469 0.14609296386466 -0.0223661435439003
v -0.0480452336957736 0.0252198717933582 -0.0155112315316524
v -0.0478891221652985 0.145943864846276 0.0438531315963948
v -0.0476799397795974 1.13722015564016 -0.0398131829596326
v -0.0476698101204207 1.1367100865554 0.0387848666731249
v -0.0471450730098756 0.22347087611283 0.0642466776634819
v -0.0468983158283715 0.00278720605875033 0.0790654731716101
v -0.0467373210243137 0.223555885937899 -0.00620214254331642
v -0.0466454250730485 1.04950000441604 -0.10312101596535
v -0.0466062106915066 1.0469099750559 0.084822651938069
v -0.0463899409271239 0.302153991993456 0.0849438034853756
v -0.0460408397881541 0.338532978005718 0.0945112444326934
v -0.0457286295473066 0.353846994382288 0.097199705450257
v -0.0455187032419401 0.00274308909490202 0.0301603736522554
v -0.0454011568614765 0.302222983907014 0.0102125035819139
v -0.0453019909500358 0.0736592779075718 0.0373622508246979
v -0.0452477051682474 1.14156013972319 -2.77734825344397e-05
v -0.0450844773903568 0.369338006869119 0.0972600860558542
v -0.0447812666281224 0.338717992441841 0.0178261063179882
v -0.0444126135898534 0.353967012603244 0.0189498302891378
v -0.0442548719634535 1.18868020821556 1.91167541589091e-05
v -0.0440178659553634 0.0111490762315515 0.0792011900109368
v -0.0438795249163597 0.0486617868655245 -0.0101935477067843
v -0.0438599066574317 0.0251035989044206 0.079249584838784
v -0.0438300925039 0.368891988351998 0.0158945007000143
v -0.0438296499512052 1.10725004646655 -0.0999915454864349
v -0.0437942849117822 0.00278726183274851 0.0556684324613703
v -0.0437740447480745 1.10296009635303 0.0757040740385248
v -0.043643125888287 0.0446688330608644 0.079319961975121
v -0.0436245685084071 1.5008102776548 0.122600077341473
v -0.0436245070321858 1.17519024049847 0.122600057950522
v -0.0434671000653267 1.50022031129994 0.112942080241227
v -0.0434670268883095 1.17578020820153 0.11294206152592
v -0.043347530120159 1.49873031289161 0.128899984760082
v -0.0433474579920112 1.17727020428768 0.128899965389877
v -0.0431869660821589 0.405826009009716 0.0942443375012666
v -0.0429945501840707 1.49846030554516 0.100767074966525
v -0.0429944720596614 1.17754021559008 0.100767057364251
v -0.0425164101498144 1.49251032737764 0.131000095493094
v -0.042516339152794 1.18349018875341 0.131000076638085
v -0.0423135664385108 1.49592031336671 0.0852333393699195
v -0.042313490812046 1.1800802099262 0.0852333234751924
v -0.0421952768034594 0.0109727567704945 0.0306313675938458
v -0.0421476901336909 0.404989012501748 0.00323113796066799
v -0.0420221949529545 1.14849015487032 0.000110772111221925
v -0.0415530588239717 1.15889022621355 0.000123125006812321
v -0.041530777776105 1.49299038774079 0.0655000230221771
v -0.0415306998930407 1.18301025508687 0.0655000096347037
v -0.0414508092516829 0.0259002099591617 0.0314841800731532
v -0.0513077092881307 1.41915090628128 -0.131000019852389
v -0.0407482059620736 1.18377021636234 0.0399821840281113
v -0.0406532963922489 0.0111491921367005 0.0557833457426044
v -0.0405838805848633 1.17385018289611 7.6358065775803e-05
v -0.0405020880287703 0.0258499045160082 0.0558424602485135
v -0.0404885968198313 1.48910035066191 0.0382083546342593
v -0.0402778491688602 0.0476532889330156 0.0559303710744064
v -0.04023989000208 0.0487366655203261 0.0328847597633801
v -0.0401103136852582 0.0727419478893326 -0.00485310257671119
v -0.0396003450230712 1.14162008537099 -0.0327208701149575
v -0.0395831808428302 1.14142019215433 0.0325802017266428
v -0.0391142928317511 0.48413501274777 0.0877042149165904
v -0.0390754099910407 1.12961001327421 -0.0867842157761126
v -0.0390491817711992 1.12579013315637 0.0694122842736227
v -0.0390295255996556 1.48366035458538 3.97531913381842e-08
v -0.0387703303809576 0.0894327376168181 -0.00156096053702063
v -0.038630013420075 0.101830963228105 0.000768317933258948
v -0.038479197434978 0.483756012544919 -0.0244691091548288
v -0.0384597253090059 0.113031965174416 0.00322076159489108
v -0.0378935755019205 1.1945602052828 -0.0399580943610494
v -0.0378847220149849 0.145943864515072 0.0110249142764608
v -0.0375705214347052 1.47821034492524 -0.0382082751285141
v -0.0362196726109895 1.20973373639746 0.131000078972418
v -0.0367929102393096 1.14823015907329 0.0304514273828463
v -0.0367460561182057 1.14851017051642 -0.0302381509109178
v -0.0365418456450125 1.15783022291131 0.0306819256528628
v -0.0365298432441183 0.223475882699837 0.0294091951755542
v -0.0365283330278509 1.47433032142996 -0.065499943515797
v -0.0365282644655455 1.20167021109622 -0.0654999554490661
v -0.0361758790516085 1.15942022451675 -0.0304410904947488
v -0.0360729978436132 1.17090023375036 0.0315553242171263
v -0.035774806145751 1.20449023148979 -0.0852332725285598
v -0.0358068778997094 1.4716030417827 -0.0845684680318755
v -0.035181687721912 1.20670025448458 -0.100767008119155
v -0.0351816911974494 1.46930028604782 -0.100766995437392
v -0.0351544120440685 0.302185999715743 0.0480712300335015
v -0.0351073709518893 0.561182036443081 0.0812617182265678
v -0.0349488010883377 1.17591023389255 -0.0314051383697585
v -0.0348632796538978 0.561401014006555 -0.0517830681843036
v -0.0347167678583727 1.20844023485109 -0.112942013647136
v -0.0347167707107247 1.46756030746024 -0.112942000711158
v -0.0345168198394832 0.338630998649325 0.056708719719917
v -0.0343480000766253 1.46619035446888 -0.122599997851592
v -0.0343479378819626 1.20981030836347 -0.122600010772728
v -0.0341055984552891 0.353908001879643 0.0586307333880852
v -0.0338913090129785 1.46367038887252 -0.128899905529604
v -0.0338912470812255 1.21233027481084 -0.12889991836411
v -0.0334089939252987 0.369111987345653 0.0571462849346539
v -0.0334066702462939 0.593885018715035 0.0785387980248326
v -0.0333381649343367 0.594136000400384 -0.0632869511878423
v -0.0332609195617775 1.1315001531555 0.0631374734328378
v -0.0332565691361141 1.13388011514521 -0.0699712874693443
v -0.0331628172274447 1.45852030759494 -0.131000016564605
v -0.0331627554781105 1.21748023712209 -0.131000028936415
v -0.0314046151336991 0.405404992341877 0.0493327640899006
v -0.0307875775660845 0.606359017283196 0.0786231973890822
v -0.0307705746378079 0.606419975869008 -0.0669177640121106
v -0.0484673676465335 1.24130017030066 -0.131000028391116
v -0.0272468063932501 1.13734007615727 -0.0560257015654047
v -0.0272388161156501 1.13620012260945 0.054069818673957
v -0.0270702800855656 0.483944007424994 0.0322674786419146
v -0.024026263697495 0.622721022307996 0.0806029048749744
v -0.0240262512569278 0.622709982175988 -0.0706126563440473
v -0.0228018659161416 0.561292001734038 0.0154432226383696
v -0.0226307261082894 1.14157013799779 -0.0465283408475167
v -0.0226171340867475 1.14122017425385 0.0461325760067545
v -0.0219998301578965 1.50510038296952 0.122600078558564
v -0.0219997568430945 1.17090025486468 0.122600058505924
v -0.0219204400741815 1.50450028382174 0.112942081454262
v -0.0219203642959796 1.17150023616377 0.112942062099955
v -0.0218680501516112 1.50301028541341 0.128899985970182
v -0.0218680370411713 1.17299023221871 0.128899965939801
v -0.021682138309538 1.50269032935831 0.100767076166156
v -0.0216820629533711 1.17331019230548 0.100767057978299
v -0.0214730502624834 1.49674035143758 0.131000096330663
v -0.0214730378385623 1.17926028473772 0.131000077252079
v -0.0213386975299863 1.50008036130402 0.0852333405503624
v -0.0213386207263524 1.17592028177754 0.0852333241816205
v -0.0210298537630033 1.147880174788 0.043248909108504
v -0.0209957832708506 0.594011015753796 0.00835295405060553
v -0.0209923643467144 1.1481401453092 -0.0430604855322108
v -0.0209438773630687 1.49708034059293 0.0655000241812197
v -0.0209438574023344 1.17892018450182 0.0655000106633309
v -0.0209228621774067 1.15683018858827 0.0430778474550235
v -0.0207417327086199 1.16873027610687 0.0432792074899669
v -0.0206830232948894 1.17797020708036 0.0490280783765098
v -0.0206302140119585 1.15882013624391 -0.0428529247984748
v -0.020418336429192 1.49309028688743 0.0382083557643813
v -0.0198423583721298 1.17538023889588 -0.0431369401930239
v -0.019682634628591 1.48750032547561 4.08421912713388e-08
v -0.0189866237401672 1.19081024026628 -0.0489925565443071
v -0.0189467521514105 1.4819103640638 -0.0382082740799908
v -0.0184212205307596 1.47792031035829 -0.0654999424968297
v -0.0184211536033876 1.19808022489481 -0.065499953568891
v -0.0180411757421259 1.20096020512495 -0.0852332713130888
v -0.0180411804531011 1.47504033344102 -0.0852332588590118
v -0.0180117919990681 0.606390002651219 0.00657566151198199
v -0.0177420164434338 1.20324020391289 -0.100767007091638
v -0.0177420203366821 1.47276033680807 -0.100766994455833
v -0.0175077195338191 1.4709803038861 -0.112941999742217
v -0.0175076568515214 1.20502023851904 -0.112942012846687
v -0.0173216892900204 1.46957029656037 -0.122599996893178
v -0.0173216269131587 1.20643024714133 -0.122600010020371
v -0.0265963374901643 1.30275530346096 0.131000085355472
v -0.0170975768087399 1.20898025431369 -0.128899917670622
v -0.0170975792755775 1.46702029021322 -0.128899904583259
v -0.0167491285677767 1.46181036585272 -0.131000015638665
v -0.0167490667029145 1.21419029811394 -0.131000028284732
v 0.0067967440054936 1.40186522295746 -0.13100001840787
v -0.00199175842797576 1.28326812236934 -0.131000024585596
v -0.0153901857189636 1.34765488454297 -0.131000021899924
v -0.0102103784989995 0.622716008315164 0.00569053187923462
v -2.39563935450965e-07 1.4944403325329 0.0382083567424309
v -2.43761985788609e-07 1.49817038654249 0.131000097359884
v -2.41411898778592e-07 1.49846030777986 0.0655000251841373
v -2.42768467089384e-07 1.50149036924174 0.0852333415724416
v -2.43875470701224e-07 1.50412036446322 0.100767077204517
v -2.45044177737269e-07 1.50446034768551 0.128899987017938
v -2.44704635480549e-07 1.50594033251024 0.112942082503674
v -2.45225821143274e-07 1.50655032603229 0.122600079612073
v -2.23363627091182e-07 1.40869031458902 0.131000092324765
v -0.00311900448644089 1.43922403911953 -0.131000016474057
v -2.27034599927862e-07 1.46293033749416 -0.13100001483558
v -2.27976392531276e-07 1.46815039464758 -0.128899903764301
v 0.00813819652551322 1.47285796599474 0.131000096511722
v -2.28668773533675e-07 1.47071029536899 -0.122599996063796
v -2.29321949614995e-07 1.47213031627832 -0.11294199890407
v -2.30148130114829e-07 1.47393037636748 -0.100766993606174
v -2.32536697146275e-07 1.47913028504276 -0.0654999416149522
v -2.36974809553203e-07 1.48880030320311 4.1784909837992e-08
v 0.00198530230303499 1.33129966903981 0.131000088063507
v -1.82314570787575e-07 1.20387022618813 -0.112942011876937
v -1.82472361049789e-07 1.20529024837882 -0.122600009101882
v -1.82961373652105e-07 1.20785026911721 -0.128899916811533
v -1.83950333436546e-07 1.2130702072777 -0.131000027470841
v 0.0115951001702445 1.23740257677453 -0.131000025773609
v -1.62710376019892e-07 1.1254800920896 0.0708286709401817
v -1.63073786635429e-07 1.14786012229614 -0.0450899649778309
v -1.62715762343015e-07 1.15823016851394 -0.0445208460380711
v -1.75932427285794e-07 1.16945019288257 0.122600059339842
v -1.74933204075897e-07 1.1700601877697 0.112942062955071
v -1.77222771249695e-07 1.17154028943567 0.128899966765314
v -1.73036341069782e-07 1.17188027673676 0.100767058876141
v -1.68357426458476e-07 1.17447019518497 -0.0440652781624938
v -1.71119786500771e-07 1.17451027420431 0.0852333251723955
v -1.6668461451455e-07 1.17754022005862 0.0655000122618674
v -1.79393458919375e-07 1.17783025006265 0.131000078134977
v -1.74072441636522e-07 1.18966023141001 -0.0492246543121686
v -1.77900184994497e-07 1.19687025103273 -0.0654999514158551
v -1.8154569563427e-07 1.20207028370804 -0.10076700589203
v -1.59249630664839e-07 1.10290013340784 0.0771457427092438
v -1.58329581979866e-07 1.10705999847292 -0.101887042776469
v -1.61545427529995e-07 1.12952001832377 -0.0890435238429452
v -1.60529987763097e-07 1.1310301214881 0.064498969198582
v -1.61844405182126e-07 1.13390003319051 -0.0723051093502982
v -1.60030181124499e-07 1.13590019778576 0.0557473917922334
v -1.62030743708584e-07 1.13738013185743 -0.0583216704252408
v -1.60510612380233e-07 1.14111014899273 0.0481448271986057
v -1.62195284297539e-07 1.14151015830445 -0.0487107728160597
v -1.60279280924143e-07 1.14768014567626 0.0452617039705083
v -1.6027130010386e-07 1.156350255271 0.0447351004346204
v -1.61354632263195e-07 1.16785027534637 0.0442023582815488
v -1.62078362206024e-07 1.17673019766913 0.0492588690329714
v -1.39455322334289e-07 1.04691999938484 0.0858594835715752
v -1.33274782557266e-07 1.04936994947232 -0.104185010167152
v -1.06319865382588e-07 0.823499006617585 0.102657019936104
v -1.082605679695e-07 0.898593029170183 -0.0933942589046969
v -1.11567899827068e-07 0.898882978224604 0.0992992224218508
v -1.1597909339418e-07 0.973577028306869 0.0941753084084361
v -1.1134969513557e-07 0.974024041933178 -0.0999999820729929
v -9.3846378044603e-08 0.747948995547547 -0.0929211901203247
v -9.91213129544142e-08 0.748082983307176 0.105674014829446
v -1.04461797834166e-07 0.823195994398861 -0.0893676762420727
v 8.66872492487051e-09 0.638716994141592 0.0977519968885787
v 1.42256959015339e-08 0.631866985109491 0.00547112614722102
v 2.03883708360284e-08 0.638701965494979 -0.0882168960049842
v 1.08341181739843e-08 0.65683799320093 0.108635026745003
v 2.23205302379208e-08 0.656889010402001 -0.100566994872917
v 1.35477615231177e-08 0.687555004171305 0.107838019289371
v 2.34558639804171e-08 0.687597978397574 -0.0985043543320513
v 0.0102101022273422 0.62271601085809 0.00569066384395161
v 0.0167486133059426 1.21419029809996 -0.131000026781551
v 0.0167486110154772 1.46181036585272 -0.131000014174432
v 0.0170971211443253 1.46702029021322 -0.128899903088561
v 0.0170971832460556 1.20898025430058 -0.128899916137691
v 0.017321171003368 1.46957029656037 -0.122599995378889
v 0.017321233414279 1.20643024712028 -0.122600008465721
v 0.0182586820658402 1.2620396439975 0.131000085256244
v 0.0175072631228727 1.20502023849801 -0.112942011273372
v 0.0175072600074826 1.4709803038861 -0.112941998211663
v 0.0177416305264886 1.47276033680807 -0.100766992904792
v 0.0177416940692028 1.20324020387458 -0.100767005496007
v 0.0180116297856671 0.606390008683764 0.00657568742644281
v 0.018040658899745 1.47504033344102 -0.0852332572818236
v 0.0180407847355975 1.2009602050704 -0.0852332696907793
v 0.0184207661534233 1.19808022486145 -0.0654999518599865
v 0.0184207587195523 1.47792031035829 -0.0654999408864148
v 0.0189462972675157 1.4819103640638 -0.0382082724236322
v 0.0189862968249131 1.19081024490415 -0.0489925550857228
v 0.0196820460192591 1.48750032547561 4.25628770407344e-08
v 0.0170650310699401 1.20593091788145 0.13100008112623
v 0.0198419220978979 1.1753802444889 -0.0431369386942158
v 0.0204177444795834 1.49309028688743 0.0382083575493841
v 0.0206299048162248 1.15882014601997 -0.0428529232309304
v 0.0206827185263502 1.17797021340471 0.0490280798966607
v 0.0207414268603398 1.16873028055723 0.0432792086139089
v 0.0209226263417786 1.15683019549675 0.0430778485285851
v 0.0209434022368364 1.49708034059293 0.0655000260121719
v 0.0209434825575127 1.17892018929391 0.0655000122814732
v 0.0209921239404323 1.14814016020025 -0.0430604835383985
v 0.0209954976400709 0.59401102400002 0.00835298832709216
v 0.0210296152665615 1.14788018420233 0.0432489102810121
v 0.021338222541258 1.50008036130402 0.0852333424158308
v 0.0213382993463343 1.17592028178676 0.0852333260508293
v 0.0214726290146982 1.49674035143758 0.131000098207879
v 0.021472702895997 1.17926028473388 0.131000079128588
v 0.0216816023581628 1.50269032935831 0.100767078061647
v 0.0216816777116793 1.17331019230705 0.100767059874394
v 0.0218676290874234 1.50301028541341 0.12889998788193
v 0.0218677036567972 1.17299023221578 0.128899967851253
v 0.0219199011957884 1.50450028382174 0.112942083370585
v 0.0219199751045452 1.1715002361618 0.112942064015796
v 0.0219992904351745 1.50510038296952 0.122600080481828
v 0.0219993041374944 1.17090025486197 0.122600060428789
v 0.0226168241856569 1.14122018601646 0.0461325774845454
v 0.0226304119116735 1.14157015781396 -0.0465283381783604
v 0.0228016352303248 0.561292011792442 0.01544326546394
v 0.0240260962474322 0.622721026394684 0.0806029228035988
v 0.0240261081098789 0.622709984195642 -0.0706126453912043
v 0.0270701009833039 0.483944023424642 0.0322675277140231
v 0.0272384433990835 1.13620012263175 0.0540698210484766
v 0.0272464924810143 1.13734007726021 -0.0560256988298636
v 0.0307704965123302 0.606419979820877 -0.0669177435011644
v 0.0307874041385416 0.606359024862267 0.0786232315933895
v 0.0314044894736196 0.405405011487923 0.0493328184014581
v 0.0331623018798117 1.21748023709223 -0.131000025959776
v 0.0331622996751451 1.45852030759494 -0.131000013665441
v 0.0332561907283297 1.13388011598051 -0.0699712843013603
v 0.0332606020839047 1.13150015309459 0.0631374763011073
v 0.0333380233193649 0.594136006286747 -0.0632869210631351
v 0.0334064308427813 0.593885028580858 0.0785388393419386
v 0.0334088783823334 0.369112008664264 0.0571463273987926
v 0.0338908508817263 1.46367038887252 -0.12889990256675
v 0.0338909128740321 1.21233027477909 -0.128899915325045
v 0.0341054671581502 0.353908025058908 0.0586307634462888
v 0.0343475413946177 1.46619035446888 -0.122599994848813
v 0.0343476036573222 1.20981030832412 -0.12260000768809
v 0.03451668824791 0.338631026571541 0.0567087262273514
v 0.0347162515797435 1.46756030746024 -0.112941997676142
v 0.03471631411279 1.20844023480379 -0.11294201052603
v 0.0348630608163632 0.56140102157193 -0.0517830281085838
v 0.034948421713642 1.1759102535674 -0.031405136120786
v 0.035107128667598 0.561182048116052 0.0812617667817281
v 0.0351543401473714 0.302186030077982 0.0480712076851735
v 0.0351812306067403 1.46930028604782 -0.100766992361729
v 0.0351812937776022 1.20670025440715 -0.100767004952246
v 0.0357743594731894 1.47151030680493 -0.0852332567303389
v 0.0357744121075519 1.20449023138171 -0.0852332693099708
v 0.0360726979571095 1.17090025078631 0.0315553265344058
v 0.0361755665883188 1.15942025518902 -0.0304410885291177
v 0.0365279364092238 1.47433032142996 -0.0654999403224044
v 0.0365280058436035 1.2016702150689 -0.0654999523792983
v 0.036529771086016 0.223475901736947 0.0294091444498846
v 0.0365416074855087 1.1578302468686 0.0306819277239792
v 0.0367456234026501 1.14851019992458 -0.0302381475664315
v 0.0367925341912543 1.14823018881951 0.0304514292801815
v 0.0375700553749395 1.47821034492524 -0.0382082718440134
v 0.0378846532618328 0.145943874578939 0.0110248259264317
v 0.037893124406147 1.19456021122719 -0.039958091220792
v 0.038459715510718 0.113031969574555 0.0032206652147176
v 0.0384790347815004 0.483756024941301 -0.0244690577273968
v 0.0386300024455473 0.101830963929819 0.000768217767348853
v 0.0387703151692763 0.0894327299291315 -0.00156105745360406
v 0.0390291269801288 1.48366035458538 4.31652452520414e-08
v 0.0390489260641662 1.12579018463948 0.069412289504596
v 0.039075030076204 1.1296100138486 -0.0867842121871925
v 0.0391141085703265 0.484135031248485 0.0877042645449985
v 0.0395828647610468 1.14142022676747 0.0325802037332083
v 0.0396000323914813 1.14162012445805 -0.0327208654938824
v 0.0401102942854574 0.0727419337791313 -0.00485319993670912
v 0.0402398772836368 0.0487366304375715 0.0328846628616122
v 0.0402778389562538 0.0476532403790352 0.0559302782654237
v 0.0404881240795122 1.48910035066191 0.0382083581738661
v 0.0405020805158483 0.0258498541806766 0.0558423605655711
v 0.0405836340892989 1.17385020126142 7.63607850392533e-05
v 0.0406146725573719 1.36500035117945 -0.131000018444811
v 0.0406532909414613 0.0111491424349743 0.0557832408321439
v 0.0407479074216905 1.18377022478708 0.0399821872002426
v 0.0544868351723365 1.2632631383117 -0.131000022887414
v 0.0414507994752364 0.0259002342642869 0.0314840776950703
v 0.0415303138257436 1.49299038774079 0.0655000266528947
v 0.0415303926716938 1.18301026117658 0.0655000130051549
v 0.0415526847971904 1.15889025354593 0.000123127495214144
v 0.0420218945840624 1.14849017884861 0.000110775170220746
v 0.0421475688680247 0.404989027277369 0.00323120157124041
v 0.042195270353182 0.0109727204199527 0.0306312617293747
v 0.0423130933124276 1.49592031336671 0.0852333430690703
v 0.0423131093371894 1.18008020994072 0.0852333271803491
v 0.0425159299945232 1.49251032737394 0.131000099215229
v 0.0425160009665322 1.18349018874617 0.131000080353352
v 0.0429941427552108 1.49846030554516 0.100767078725212
v 0.0429942171495478 1.17754021559383 0.100767061124302
v 0.0431867765271725 0.405826030858342 0.0942443856682031
v 0.0433471202318422 1.49873031289161 0.128899988549628
v 0.0433471327376524 1.17727020427749 0.128899969176699
v 0.0434665611869336 1.50022031129994 0.11294208404122
v 0.0434666343509263 1.17578020819447 0.112942065323353
v 0.0436240995662008 1.5008102776548 0.122600081155236
v 0.0436241722031369 1.17519024049382 0.12260006176348
v 0.0436431179637637 0.0446688301620869 0.0793198715194395
v 0.0437737830999877 1.10296016696541 0.075704082383857
v 0.0437942813527702 0.00278721247690527 0.0556683258297999
v 0.0438294008032767 1.10725001462737 -0.0999915440328006
v 0.0438299693520924 0.368892005133778 0.0158945557778887
v 0.0438599012437173 0.0251035358921086 0.0792494872495057
v 0.043879506511389 0.0486617731015496 -0.0101936522443758
v 0.0440178613714868 0.0111490140559626 0.0792010860247043
v 0.0442546219307731 1.18868021538344 1.91202918759076e-05
v 0.0444124894687291 0.353967031751235 0.0189498757860401
v 0.0374642257358231 1.4272298742443 -0.131000015460118
v 0.0447811419675562 0.338718020193741 0.0178261207072229
v 0.0450843468673147 0.369338030272584 0.0972601193054784
v 0.0452473314622513 1.14156017074915 -2.77690825486432e-05
v 0.0453019747105435 0.0736592450543424 0.0373621596288103
v 0.0454010915490855 0.302223017848644 0.010212481159068
v 0.0455186999317787 0.00274305317548889 0.0301602679239326
v 0.0457284987197914 0.353847020184456 0.0971997233609083
v 0.0460407085926177 0.338533006182809 0.0945112455892916
v 0.0463898701723035 0.30215401979566 0.0849437830262715
v 0.0466059095011436 1.04690997483077 0.0848226558922608
v 0.0466451349102542 1.04950000459061 -0.103121011814345
v 0.0467372536639312 0.223555999237664 -0.00620219292496619
v 0.0468983119226312 0.0027872044292334 0.0790653659009909
v 0.0471450033475364 0.223470996207737 0.0642466285971902
v 0.0476694901323231 1.13671014433365 0.0387848684533005
v 0.0476796172966067 1.13722022114375 -0.0398131755610739
v 0.0478890537474996 0.145943870928887 0.0438530462679892
v 0.0480452162287098 0.0252198595666901 -0.0155113437906075
v 0.048052785091318 0.146092980413332 -0.0223662329771083
v 0.0482047727490931 0.113033969341528 0.035195760755737
v 0.0483124861615082 0.101832963201512 0.0329522418651592
v 0.0484318743593417 0.0894335644471639 0.0317992532540416
v 0.0486113440205396 0.113209976853362 -0.0292279294652683
v 0.0487146110098173 0.973575000503433 0.0934292354392222
v 0.048724443681002 0.974057164275885 -0.0997341663714259
v 0.0487775849258601 0.102016973945373 -0.0318677645349623
v 0.0489058495883131 1.45309032268093 -0.13100001332134
v 0.0489059149635 1.22291022482362 -0.131000024627797
v 0.048916514962863 0.0896232420718762 -0.035366315451855
v 0.0499851780011553 0.0390398029781124 0.123429998254586
v 0.0500771537692258 1.21785026271773 -0.128899914455393
v 0.0500771515468665 1.45815028170615 -0.128899902209006
v 0.0501857370632463 0.0236957815875138 0.123391000800454
v 0.0502179844174575 0.0667441960020767 0.0559045848466055
v 0.0503585981643037 0.0111487092276113 0.123363996912058
v 0.0505740669907684 0.0104434484700476 -0.0187347643066996
v 0.050658344293197 0.0727930255849498 -0.0410238792571708
v 0.0507837606100107 1.46060039063599 -0.122599994484571
v 0.050783763054544 1.21540027214652 -0.122600006852831
v 0.0512693795319865 0.898593094060292 -0.0933942607426971
v 0.0512693817880827 0.898882977460745 0.0981850917577314
v 0.0513289601483165 1.46192027570937 -0.112941997307358
v 0.0513290224206492 1.21408026655691 -0.112942009718997
v 0.0520162607750352 1.46358038404685 -0.100766991988288
v 0.0520163235961164 1.21242027567797 -0.100767004192601
v 0.0528933498944846 1.4657002825516 -0.0852332563501963
v 0.0528934132658705 1.21030025575677 -0.0852332685692352
v 0.0528942990596998 0.00278701070010836 0.122052991034774
v 0.0529872211302306 -8.01641658066751e-08 0.0554132797662053
v 0.0534207851088981 0.0615184638799624 0.0792982329439091
v 0.0540074194474108 1.46839035900854 -0.0654999399347376
v 0.0540074843412921 1.20761029514881 -0.0654999516379658
v 0.0540081258644128 0.00261080893825636 -0.0191605720542608
v 0.0540471275282731 0.823196022050523 -0.0893676746544505
v 0.0540471244028725 0.823503994425836 0.10090102429962
v 0.0544213023624327 1.44297026827858 0.131000096754546
v 0.0634448736065379 1.22149713816466 0.131000084585084
v 0.054466672226932 -7.14999965483604e-08 0.0299058206247384
v 0.0544852207054669 1.13703021192935 -0.00035958673334165
v 0.0552824799066493 -8.81535943319675e-08 0.0787333618909935
v 0.0555483242260403 1.20389024858813 -0.0382082838047851
v 0.0555483175311876 1.47211028437562 -0.0382082714446889
v 0.0556334209026771 0.0482900354012846 -0.050140354624395
v 0.0568250646681859 0.74794901287481 -0.0929211877882243
v 0.0568250594721595 0.748103979744211 0.103386919663292
v 0.0577055234394699 1.47731031207385 4.3579246040044e-08
v 0.0577055982514178 1.19869022046544 3.30163021344536e-08
v 0.0581995953400936 1.1336701607678 -0.0507558151657735
v 0.058205017004921 1.13238022068505 0.0453803498375906
v 0.0590548009794428 0.687586009169715 0.105211030559603
v 0.0590548098539425 0.687597990444749 -0.0985043422814535
v 0.0594599870625172 0.0516630079345199 0.123418003349682
v 0.0595156798736703 1.48168215874187 0.0320613816176543
v 0.0598628089504912 1.19348029734872 0.0382083479096173
v 0.0601834106272431 -1.01783533704483e-07 0.118162990932618
v 0.060188477767552 0.656854987428654 0.10594003905916
v 0.0601884884739094 0.656889018012997 -0.100566980594478
v 0.0608894860175665 -5.47028398278543e-08 -0.0160855679412636
v 0.0611370826168567 0.024541754169746 -0.0592065236606635
v 0.0614035119475297 1.48624027872276 0.0655000270938591
v 0.0614035862880355 1.18976024846913 0.0655000133092217
v 0.06180250530422 0.640401011802117 0.105011948474507
v 0.0618025173581551 0.640398977975564 -0.0995885525682188
v 0.0625609103519174 1.48904038538993 0.0852333435181838
v 0.0625609832833359 1.18696025632158 0.0852333282666389
v 0.0627000334370909 1.48555029071078 0.131000099693354
v 0.0627001027871296 1.19045022447053 0.131000081721761
v 0.0635641330305719 1.44578028744685 -0.131000013143806
v 0.0635641945388622 1.23022025981917 -0.131000023716808
v 0.063567810937107 1.49147034735815 0.100767079181597
v 0.0635678234699059 1.18453029220111 0.100767062459064
v 0.0640495422616831 1.49167037857199 0.128899989379322
v 0.0640496123505676 1.18433025663233 0.128899970642763
v 0.0642664438969136 1.49315036365349 0.112942084502424
v 0.0642665152424573 1.18285027425882 0.112942066779783
v 0.0644645642508511 0.00997533688656784 -0.0647131105614397
v 0.064499311371306 1.49372030284116 0.122600081618464
v 0.064499382270326 1.18228021444541 0.122600063256797
v 0.0650903572541971 0.0338562761533662 0.164283006832621
v 0.0652754968784243 0.0223994866825185 0.164273005248643
v 0.0653471388320036 1.45061029167736 -0.128899902019305
v 0.0653472004767132 1.2253902555201 -0.128899913027849
v 0.0654624766382453 0.0111482746708657 0.164266012836185
v 0.0654736849952299 0.622708024748315 -0.0960470755596073
v 0.0654736721233856 0.622716024953577 0.101864062339024
v 0.0749430449257483 1.41400514326084 -0.131000014659852
v 0.066354643317845 1.45293034322979 -0.122599994289959
v 0.0663547051539585 1.22307031953413 -0.122600005917193
v 0.0665170032364994 1.13313015518897 -0.00244457681940216
v 0.067067149368745 1.45416034446946 -0.112941997111128
v 0.067067211380307 1.22184031700033 -0.112942008810389
v 0.0671100682456215 0.00278687668530357 0.161642004608694
v 0.0671634029098937 0.00249382093353602 -0.064932270701356
v 0.0679652744912088 1.22028022359411 -0.100767003330487
v 0.0679652716240342 1.45572031697098 -0.100766991789188
v 0.0683422728907151 1.12667021746439 0.048682082061045
v 0.0683751231385853 1.12933012679909 -0.0647894935014023
v 0.0751943525134009 1.26145610433077 0.13100008756398
v 0.0690698773900157 0.606428986323577 -0.0914154218533075
v 0.0690914928284446 0.606347048311076 0.0987831421275361
v 0.06911117024084 1.45770038293338 -0.0852332561482066
v 0.0691111735693093 1.2183002746912 -0.0852332677241029
v 0.0699865828851509 1.37287029562752 0.131000093362897
v 0.0704593709166673 0.594176005734735 -0.087166255543788
v 0.0705456064655489 0.593841043928809 0.0980560319988341
v 0.0705668414635546 1.46023036126212 -0.0654999397279607
v 0.070649628552834 1.21562729996842 -0.0643785590943853
v 0.0707811146302069 -3.96756560382051e-08 -0.0581366839805159
v 0.0708173578673869 0.0430305014400795 0.153686017644103
v 0.0713744185221291 0.561437027244389 -0.0741914534331695
v 0.0716772071678341 -1.1393313188496e-07 0.153778004216788
v 0.0716966900008189 0.561144023474247 0.0994463773967044
v 0.0725801639249628 1.21229021349565 -0.0382082828823653
v 0.0725801585112406 1.4637103182509 -0.0382082712324675
v 0.0735471822839257 0.483697021003466 -0.0433829308586483
v 0.0744056079127447 0.484203041736611 0.102718091711981
v 0.0753987487338215 1.46860028248565 4.38007302887341e-08
v 0.0753988160633525 1.20741026020396 3.24815249036976e-08
v 0.0757505827424435 0.404859033413164 -0.0121391217725427
v 0.0767218509141588 1.43686033023112 -0.131000013133877
v 0.0767219122372716 1.23914021674311 -0.131000022839106
v 0.0767576032007482 0.36882403022896 0.00214171779549157
v 0.0770725024470796 0.353990014177765 0.00570820523833241
v 0.0771598179115803 0.405976026156264 0.106044088866512
v 0.0771994541166028 0.338758019015687 0.0048092774997825
v 0.0772780144554581 0.302286023243876 -0.00259216337667923
v 0.0774476572041043 0.223732997696261 -0.0185334432144827
v 0.0776147817479383 0.146392987784553 -0.0342284556083733
v 0.0776856515107094 0.113561982196591 -0.04089095158315
v 0.077734176830079 0.102381973416081 -0.0436210865835306
v 0.0778337748897622 0.089993084848407 -0.0475186380445675
v 0.0781242298354462 1.12810012991442 -0.00784297401263849
v 0.0782173240552412 1.47348035234614 0.0382083588333005
v 0.0782173936975492 1.2025202929948 0.0382083469625864
v 0.0784224812956731 0.0731188881142785 -0.0538274903201146
v 0.0784467350238514 0.369419032858679 0.107599068929487
v 0.0788204631109944 0.113224962563898 0.0454381757127908
v 0.0788446620405403 0.146092969741396 0.0540259506554509
v 0.078845854961035 0.102033962286203 0.0433497448199136
v 0.0788586038888068 0.353819035376193 0.107105056616445
v 0.078901821137827 0.223518991052932 0.0742564569743715
v 0.0789378841998124 0.0896377594098826 0.0426173899888827
v 0.0789601201689648 0.302108003955918 0.0947901144853766
v 0.0789877083559502 0.338461032781619 0.104288033639344
v 0.0793922599413521 1.23482030911124 -0.128899912120185
v 0.0793922581175871 1.44118035695423 -0.128899902002902
v 0.0794059588718542 0.0790555422606311 0.0458417053808195
v 0.0799377505398791 0.0484821975609986 -0.063790947923007
v 0.0802306485535077 1.47696030933491 0.065500027328794
v 0.0802307259529073 1.19904021409187 0.0655000139894982
v 0.0805595561443809 0.0733073239229056 0.0556231401112584
v 0.0807853375998999 1.44328034808622 -0.122599994270645
v 0.0807853991709534 1.23272031733476 -0.122600004491899
v 0.0811710981623561 -7.18196073857619e-08 0.0296033361106173
v 0.0813642150238307 1.1097402331316 0.0561588870894358
v 0.0814542206865377 1.11360023944787 -0.0844012203304659
v 0.0814897066879511 1.05011001421067 0.0763043687800581
v 0.0814926708496601 1.19982019599101 0.131000083180399
v 0.0814926627220867 1.47618031827018 0.131000099953902
v 0.0815486586238306 1.05255998450626 -0.0994057208878383
v 0.0815779510997906 0.0245983794262523 -0.0736641082231694
v 0.0816527731333035 1.23159021241426 -0.112942007331742
v 0.0816527710237323 1.44441033269926 -0.11294199709138
v 0.081742944188759 1.47958029070669 0.0852333437572181
v 0.0817430144425895 1.19642023105793 0.0852333294563769
v 0.0825414009252532 0.00998225576318586 -0.0797020111041404
v 0.082666690503733 -3.53113113193459e-08 -0.0718228691204804
v 0.0827462723242707 1.23016029277792 -0.100767002455068
v 0.0827462698540147 1.4458403670327 -0.100766991769133
v 0.0828852601924936 0.00249549482291172 -0.0797923134974714
v 0.0830584105693701 1.48186028733964 0.100767079424617
v 0.0830584804635205 1.19414023225789 0.100767063907012
v 0.0832461767382637 0.0673268292192849 0.0790703684288346
v 0.0835799503860159 1.48202038341894 0.128899989652748
v 0.0835800187827072 1.19398025086269 0.128899972224835
v 0.0839713225819382 1.48344028678632 0.11294208513041
v 0.0839713917616146 1.19256023090533 0.112942068358036
v 0.097969513433068 1.37764497482951 -0.131000015071772
v 0.0841413783060809 1.22834020362782 -0.0852332668982796
v 0.0841413754906264 1.4476603348669 -0.0852332561274034
v 0.0842756635008947 1.48397029082341 0.122600082256832
v 0.0842756726844054 1.19203022535946 0.122600064875954
v 0.0859136627137587 1.22603028302826 -0.0654999503384971
v 0.0859136591358073 1.44997037198453 -0.0654999397072545
v 0.0869547815897599 1.12326024313889 -0.0148344224368846
v 0.0883131076460337 0.0560474591058206 0.123292002296457
v 0.0883647275958849 1.45316029267701 -0.0382082712110048
v 0.0883647840924723 1.22284023938806 -0.0382082821978065
v 0.0884600320283556 1.42646026999252 -0.131000013279785
v 0.0884600931668096 1.24954027669544 -0.131000021931333
v 0.0892540595447473 0.977535012523839 0.0732929410801452
v 0.0892634534931299 0.977795246325442 -0.0839909824048167
v 0.0897215829644024 0.898630114022494 -0.0697253759757658
v 0.0897215923199501 0.898846975562727 0.0728451269931823
v 0.0906564006074776 1.1199501753908 -0.0216989122964243
v 0.0912050076623338 1.10416018626156 0.0325917442901923
v 0.0912539982549718 1.10601019910942 -0.074545589471917
v 0.0917963366888195 1.4576302824474 4.38223772207265e-08
v 0.0917964023763273 1.2183702462793 3.29706822623344e-08
v 0.0920566432575293 1.43006027237137 -0.128899902153948
v 0.0920567044711954 1.24594027415167 -0.128899911166558
v 0.0929291387876646 1.05977001656469 0.054896939960172
v 0.0929683022554118 1.06120993118898 -0.0925184094032464
v 0.0930494639119025 0.043123250185189 0.164248023052289
v 0.0937503550140593 -1.17918353960943e-07 0.165656005769356
v 0.0938397680846716 1.43184030566562 -0.122599994424917
v 0.0938397698031396 1.24416024016755 -0.122600003541752
v 0.0939536631962084 -3.98625326192293e-08 -0.0576025652855519
v 0.0940601900481638 1.1167702840349 -0.0267996316226882
v 0.0943070037027444 1.1044502406603 0.0176268624041727
v 0.094319285698979 1.10492028410746 -0.0708654180114031
v 0.0945826931809483 0.823236045875077 -0.0660231628840325
v 0.0945826922758971 0.823472071270792 0.0749222793125235
v 0.0946630529007796 1.0157399261833 0.0403481893384155
v 0.0946728083935041 1.01605026621964 -0.0736372957382017
v 0.0947449844286766 0.0322076031226961 0.177900018703418
v 0.0948473916330158 1.43285036569417 -0.112941997247123
v 0.0948734848672162 0.00278687225753786 0.174839012703936
v 0.0950669129486579 1.06825997629952 0.033913162485434
v 0.0950767534532757 1.06861998219593 -0.0860685461074266
v 0.0951166716696043 0.0111481499558526 0.177900012536299
v 0.0952279610570936 1.21390025291637 0.0382083474774182
v 0.0952279532323347 1.46210027221778 0.0382083588557595
v 0.0952410467145041 1.00102997208207 -0.0159224069418011
v 0.095390861114601 1.29327031071626 -0.131000019655571
v 0.0958292101001879 1.03215994020732 0.0202038791930094
v 0.0958316447432437 1.03224035885806 -0.0712763015934759
v 0.0960833722423023 1.02012003507604 -0.0253555162439675
v 0.0961174394211229 1.43412030189941 -0.100766991927303
v 0.0961175010839871 1.24188024145069 -0.100767001010372
v 0.0976790142418317 1.46530032570319 0.065500027352651
v 0.0976790819546299 1.21070019646881 0.0655000147713448
v 0.0978611715135381 0.00257023388574755 -0.0642939106938132
v 0.0979366700144941 0.962020991420046 -0.00533268554162384
v 0.0983613798755534 1.21126023742613 0.131000084588371
v 0.0983613733177757 1.46474027582828 0.131000100027597
v 0.0988599710274352 1.26128024953091 -0.131000020967803
v 0.0988599696580553 1.41472029690136 -0.131000013569094
v 0.0994438768925954 0.747974006563048 -0.0689543954195041
v 0.0994438739535144 0.748111030581641 0.0759896743497016
v 0.0995202688520469 1.2083002735838 0.0852333303965847
v 0.0995202608204799 1.4677003656903 0.0852333442021787
v 0.0997967832372919 1.23820024442393 -0.0654999496119976
v 0.0997967804474719 1.43780029163608 -0.0654999398715616
v 0.0999092986643425 0.0102808636436869 -0.064194063933317
v 0.101121702876083 1.46978032903156 0.100767079888557
v 0.101121807509009 1.20622018891097 0.100767065086526
v 0.100530363822641 1.32107959052952 -0.131000018021292
v 0.101513996806716 0.0250815338756152 -0.0591182507843175
v 0.101542704241225 1.46997034683805 0.128899989742217
v 0.101542808079955 1.20603028622755 0.128899973704079
v 0.101997807647432 1.11231023596766 -0.0284999733050753
v 0.102009812187112 1.10123032284742 -0.0694511045236631
v 0.102009808877411 1.10123033214201 0.01245104053899
v 0.102045825123729 1.06797994693026 -0.0836659946597595
v 0.102045819750988 1.06797995313442 0.0266659504251463
v 0.102049005618769 -5.48281956006093e-08 -0.0159338149742981
v 0.102082814123287 1.03474032906202 -0.0702978904489161
v 0.102082808886369 1.03474036830679 0.0132977991318462
v 0.102094806937517 1.02366032080785 -0.0284999542989685
v 0.102233701537409 1.47123027128581 0.112942085232335
v 0.102233813365822 1.20477024500364 0.112942069703199
v 0.102538824181915 0.898738160225297 0.00128127993700056
v 0.102603704422129 1.47172034019781 0.122600082353502
v 0.102603808530669 1.20428029387663 0.122600066332522
v 0.102643705705245 1.44064033294936 -0.0382082713801786
v 0.102643813290055 1.23536031873906 -0.0382082814834746
v 0.103184816959777 1.25861031813405 -0.12889991013858
v 0.103184815535934 1.41739034730844 -0.128899902470351
v 0.103345918419199 0.687604021889416 -0.0736966443829528
v 0.103345911905716 0.6876260159535 0.0764633254140564
v 0.104089997785268 0.0489210067803909 -0.0508817744019974
v 0.105281714114335 1.41879034126337 -0.122599994751685
v 0.10528181248235 1.2572103234576 -0.122600002502362
v 0.105329909781973 0.656879974206186 0.0767588530710434
v 0.105329917364033 0.656889030906349 -0.0754273128532861
v 0.106239906105143 0.640400005564635 0.0760843075529834
v 0.106239914823808 0.640398985954743 -0.0746840380940633
v 0.106356002485402 0.0734388500104209 -0.0425371752821802
v 0.106411810306531 1.41965031674732 -0.112941997578048
v 0.106411811903622 1.25635022759846 -0.112942005372051
v 0.106629705049816 1.4446302667538 4.36470178274708e-08
v 0.107235941683217 1.23076351700047 0.00581014924038544
v 0.106920804994656 0.622710010194335 0.0736473297111418
v 0.106920814604837 0.622708031664329 -0.0720037385023267
v 0.106968905453109 0.102659974862727 -0.0336316428199235
v 0.107026906507909 0.0902739393407343 -0.0371369324443196
v 0.107043903454696 0.113829977499065 -0.0309717819892638
v 0.107312009786699 -7.15298565022415e-08 0.0294504458829826
v 0.107374911219952 0.60641802495706 -0.0683634313882691
v 0.107389906255674 0.606356052261874 0.0713933905121736
v 0.107483905210189 0.146617978319443 -0.0240269454280252
v 0.107601913397538 0.594133036983264 -0.0647399380447436
v 0.107662901812626 0.593881041762809 0.0712675639149952
v 0.107781712469755 1.40156030242388 -0.131000013253001
v 0.107781810160342 1.27444024389846 -0.131000019983267
v 0.107836710961765 1.42075037965942 -0.100766992262223
v 0.107836809589651 1.25525028248451 -0.100767000026299
v 0.107965909093121 0.56139900349604 -0.0531902842818125
v 0.108094827263567 0.823355071681804 0.00401057357651398
v 0.108205898757935 0.561179013992673 0.0742214649079469
v 0.108521905108793 0.223856005470115 -0.00766717405494536
v 0.108779002539429 0.00267190374966857 -0.0189906378391422
v 0.108829904848684 0.483765034585967 -0.0257713624856941
v 0.109100904544146 0.102322964453585 0.0320043531826732
v 0.109152000389547 0.113500963623951 0.0340981458720199
v 0.109167906839672 0.0899307262359902 0.0309014403565037
v 0.10948289722594 0.484144034851211 0.0812065903196518
v 0.109493005582038 0.146316980603372 0.0421353594680723
v 0.10957590900196 0.30230512677036 0.0089486526260196
v 0.13263948261623 1.32153697950453 0.131000093199597
v 0.109654711553058 1.42214035944565 -0.0852332566292545
v 0.10965481035471 1.25386030084014 -0.0852332644530179
v 0.109705903478917 0.405007035560828 0.00203640035865803
v 0.1100649043218 0.338724016492745 0.0166621803748688
v 0.110101007100198 -8.0120502117431e-08 0.0548177701461383
v 0.110107803024899 0.368904023172414 0.0147531471870277
v 0.110178904677418 0.353971033669669 0.0178159047331482
v 0.110294902572093 0.223620991060218 0.0610687517530935
v 0.110615704394387 1.44862031976757 0.0382083586742218
v 0.11061581432647 1.22738020457484 0.0382083479722907
v 0.110780898885925 0.405846029114988 0.0882985771580876
v 0.11103200472306 0.0671183339399575 0.0552904315310167
v 0.111109905164512 0.302106008803378 0.0802908560450922
v 0.111386899930283 0.369351024861163 0.0915733596371826
v 0.11148790161317 0.338464014368855 0.0891946814684042
v 0.111541902394554 0.353833014447479 0.0916617444999923
v 0.111672904481547 0.0106879483193372 -0.0186821268334338
v 0.111964810219913 1.25209027973913 -0.0654999479586153
v 0.111964807908047 1.42391037830509 -0.0654999402198153
v 0.112448006326744 -8.8341222877757e-08 0.0782729796041178
v 0.112605815169608 1.27265031573458 -0.12889990910486
v 0.112605814305446 1.40335034956365 -0.12889990218502
v 0.112924907679512 0.0432306613479558 0.153564023883526
v 0.113089997801593 -1.13915684120245e-07 0.153726000966211
v 0.113089997016521 0.0256822795810051 -0.0158033920790394
v 0.113195005822601 0.0618778236278453 0.0788017978520043
v 0.113239998057416 0.0741540153641897 0.0365045747417387
v 0.113410704286279 1.45141028870562 0.131000099895377
v 0.113410806149325 1.22459022597086 0.131000086977586
v 0.113463606058428 1.45146036094514 0.0655000276312898
v 0.11346381272542 1.22454027925505 0.0655000155322864
v 0.113649927242757 0.748047018615468 0.00294585204455879
v 0.114929710650856 1.27165026832663 -0.122600001461316
v 0.114929709722894 1.40435027700449 -0.122599994492144
v 0.115085710412484 1.38691031046991 -0.131000013738126
v 0.115085815342539 1.28909023569547 -0.131000018944257
v 0.114885470496678 1.24984150218348 -0.0405517029559677
v 0.115159809390147 1.42637026106973 -0.0382082717373061
v 0.115388000600968 0.0492889928847759 -0.0111493435987408
v 0.115601705816876 1.45360028630523 0.0852333440870348
v 0.115601808376253 1.22240023243328 0.0852333313121122
v 0.115750007736836 0.00275837187044168 0.0295859852229692
v 0.116163712703858 1.27093024340415 -0.112942004341345
v 0.116163711711576 1.40507030072645 -0.112941997340482
v 0.111221118904249 1.408374361754 0.131000097247532
v 0.116754764179682 1.27110686543459 0.131000089725324
v 0.116384004788149 -1.01732196003227e-07 0.117920998872131
v 0.117274004580123 0.051994524994002 0.123144004391828
v 0.117411003283512 0.0734726275401864 -0.00642628030991121
v 0.117462806194893 1.220540208246 0.100767066244895
v 0.117462800609394 1.45546030843341 0.10076707976717
v 0.117719712782475 1.40597033037238 -0.100766992053534
v 0.11771981075005 1.27003033148424 -0.10076699904443
v 0.117740808174928 1.22026030511407 0.128899976206534
v 0.117740802983215 1.45574032928196 0.128899989608507
v 0.117950003320663 0.102585968922537 -0.00103951418246357
v 0.118000904309005 0.090198054014337 -0.00334001210269102
v 0.118045907344298 0.113755972529134 0.00132643360253589
v 0.118109814338563 0.687623035647959 0.000726643392533885
v 0.118574905973073 0.146541977507228 0.00877266824115028
v 0.118670001513995 0.011033940387206 0.029986236558847
v 0.118753702615126 1.45675027176738 0.112942085105805
v 0.118753804964717 1.21925024589847 0.112942072112189
v 0.118886008328393 0.00278721245134706 0.0549052101973802
v 0.118912003445532 0.0260727832731052 0.0307528089780104
v 0.119183705025393 1.45718025917743 0.122600082221111
v 0.11918380722456 1.21882025703094 0.122600068841433
v 0.119316902647402 0.0491211394788403 0.0319875673466344
v 0.119613002734709 0.00278699685348135 0.161559901492551
v 0.119631706179656 1.42980026862265 4.38407919538603e-08
v 0.118484137402655 1.24708052389481 -0.00980559213064391
v 0.119703712308948 1.40711032818033 -0.0852332564567928
v 0.11970381039427 1.26889033174656 -0.0852332635031945
v 0.119819904734564 0.223775996519098 0.0263137466145038
v 0.120009807595744 0.594006025775198 0.00253678506865166
v 0.120149909975084 0.606386025454775 0.000792017980133013
v 0.120151815202331 1.28792031523659 -0.128899908023782
v 0.120151814559137 1.38808034989371 -0.128899902694826
v 0.120269905467015 0.561288025037508 0.00981159902911094
v 0.120376912463355 0.656889032339825 -7.84762803612832e-06
v 0.120515813240095 1.30484029119117 -0.131000017925212
v 0.120515812828762 1.37116025484437 -0.131000014382172
v 0.120736808933987 0.622708036493607 0.000126274772270361
v 0.120882899670941 0.483956039594703 0.0270675594506492
v 0.120964004262152 0.00278720445705836 0.0784538788610564
v 0.121052909038282 0.640398988761639 2.9630908875672e-05
v 0.121083902461313 0.302208025701594 0.0441266089883884
v 0.121290999929981 0.0340414677682826 0.164191010500178
v 0.121363003441951 0.047952637846761 0.055111089386316
v 0.12147700366389 0.0224457361994178 0.164182006315008
v 0.121505900004187 0.405430019133558 0.0445724263497208
v 0.121587908485865 0.025924724565074 0.0550230559912733
v 0.121662999947131 0.011148274701397 0.16417501388699
v 0.121670902581937 0.338589038175097 0.0523883873986299
v 0.121739006543497 0.0111491421730645 0.0549639812489056
v 0.121795899456549 0.369130012567273 0.0525942397867333
v 0.121825903654623 0.353902127592444 0.0541828588018491
v 0.122225808958401 1.26743025478181 -0.0654999471009344
v 0.122225807495135 1.40857028355748 -0.0654999400725746
v 0.122602810123458 1.28722031769092 -0.12260000037255
v 0.122602809434619 1.38878034666466 -0.12259999501054
v 0.123342905804642 0.0449562398247598 0.0786577888223226
v 0.123560001950101 0.0251754860155398 0.0785871589636199
v 0.123718006655977 0.0111490140096948 0.0785388762874357
v 0.123814811003971 1.32125028956906 -0.131000016916552
v 0.123814810798564 1.35475025640155 -0.131000015123405
v 0.123069924835495 1.4324367049421 0.0293733226532149
v 0.124103807919205 1.24277024758992 0.0382083490665567
v 0.124758002127586 0.00278701043836535 0.121719000695927
v 0.124930714147661 1.33800039217848 -0.131000015989469
v 0.125578817070285 1.28598030093707 -0.10076699796114
v 0.125578816250213 1.39002036069332 -0.100766992574431
v 0.125670713420826 1.30411025314494 -0.128899906981183
v 0.125670712998082 1.37189029263889 -0.128899903358018
v 0.125712806392097 1.26542026465285 -0.0382082788259184
v 0.125712804691783 1.41058027028787 -0.0382082716371952
v 0.126743708606006 1.23964028362608 0.131000088355186
v 0.126743704639992 1.43636034939203 0.131000099599802
v 0.127070996555586 0.0393051142786328 0.12306400048863
v 0.127272997270843 0.0237621810546422 0.123025003129515
v 0.127297598361457 1.43568026449607 0.065500027363509
v 0.12729781123939 1.24032025857972 0.0655000177612462
v 0.127445001490726 0.0111487091728893 0.122997902036904
v 0.127519807301857 1.01111034979121 -0.028499951878813
v 0.127696807931062 1.28511031030432 -0.0852332624140174
v 0.127696807025404 1.39089034937117 -0.0852332569823285
v 0.128179811914442 1.02183035132538 -0.0694460778175846
v 0.128179807150237 1.02183037991849 0.0124459913006243
v 0.128187712570702 1.37235032103283 -0.122599995681514
v 0.128187817329066 1.30365034317201 -0.122599999330137
v 0.129016813752123 1.32090029085698 -0.128899905949168
v 0.129016813540492 1.35510025485893 -0.128899904118943
v 0.129697697788152 1.43752025918312 0.0852333438001533
v 0.129697702198697 1.23848026128195 0.0852333336018374
v 0.130144712326943 1.33800039205042 -0.128899905003657
v 0.130159711197996 1.0540203150177 0.0255341582926882
v 0.130159714382558 1.05402029045232 -0.0825341938671591
v 0.13038581013161 1.39201031974318 -0.0654999405986625
v 0.130385811205847 1.2839903375008 -0.0654999460263406
v 0.130594708937371 1.26260024667241 3.61499745470946e-08
v 0.130594706634324 1.41340028369874 4.34063589526711e-08
v 0.13156981454938 1.32068034925412 -0.122599998290684
v 0.131569814324262 1.35532031487743 -0.122599996448652
v 0.131784709082937 1.43912028576515 0.100767079460501
v 0.131784713415157 1.23688023251723 0.100767068649051
v 0.131972705042611 1.23646025584147 0.128899977679078
v 0.131972700989972 1.43954025836477 0.128899989285229
v 0.13214080914237 1.08620033852707 -0.0686051875014732
v 0.132140805939922 1.08620035817899 0.0116052007541614
v 0.13270981285879 1.33800039165209 -0.122599997340897
v 0.132800809773883 1.09693037756834 -0.0284999645369784
v 0.133232699128418 1.44023036222264 0.112942084784581
v 0.133232807689923 1.23577027354598 0.112942073508044
v 0.13351271601563 1.30223031932329 -0.0852332613778043
v 0.133512715432087 1.37377034014877 -0.085233257667804
v 0.133715813429409 1.23540024702988 0.122600070312719
v 0.133715809276661 1.44060026813041 0.122600081891576
v 0.134762819327752 1.35574028794326 -0.100766994024701
v 0.135476805198261 1.25978022858237 0.0382083508664959
v 0.135476802291441 1.41622029709181 0.0382083584199495
v 0.13632481772961 1.30147023943798 -0.0654999450097701
v 0.136324817043883 1.37453029835091 -0.0654999412901459
v 0.138181809210712 1.256510310202 0.131000089714879
v 0.138181806281069 1.41949032207366 0.131000099094252
v 0.138963598371171 1.418230283796 0.0655000268839486
v 0.138963809991245 1.25777023825504 0.0655000187267547
v 0.139313809992278 1.28029031443686 3.72208796679193e-08
v 0.139313808324125 1.39571033465282 4.28442177502565e-08
v 0.139921704527032 1.31958028198111 -0.0654999439459224
v 0.14158270016445 1.41974030706061 0.0852333432959777
v 0.141582703264747 1.25626021237298 0.0852333346882123
v 0.1438616980185 1.4210603109293 0.100767078934702
v 0.143861805386466 1.25494020637329 0.100767069876232
v 0.143913813934321 1.31905027556509 -0.0382082756085561
v 0.143913813540105 1.35695025860823 -0.0382082736825716
v 0.144022703919502 1.42158030015536 0.128899988742388
v 0.144022811145861 1.25442021322412 0.128899979104687
v 0.143159923033227 1.3972980985644 0.0282175033854961
v 0.1451607130761 1.33800038626609 -0.0382082746215484
v 0.145442698846102 1.2540302807003 0.11294207484271
v 0.145442695826723 1.42197035413429 0.112942084241204
v 0.145659811722173 1.29897029654127 3.8214809214995e-08
v 0.145659810686839 1.37703035216107 4.2101497688591e-08
v 0.145969809103453 1.42228029774928 0.12260008133941
v 0.145969812071998 1.2537202165286 0.122600071725762
v 0.147545802595278 1.27530032244581 0.131000091190212
v 0.147545800460809 1.40070030931829 0.131000098415152
v 0.148241808723728 1.27660030472384 0.0655000199600197
v 0.148241806559174 1.39940033592848 0.0655000262549917
v 0.149501807603882 1.31832023523441 3.93169805588667e-08
v 0.149501807086215 1.35768029407815 4.12772217783847e-08
v 0.150797701677562 1.33800038382339 4.03008925119602e-08
v 0.151035701217173 1.27544027743121 0.0852333360146109
v 0.151035698981038 1.40056036060051 0.0852333426414323
v 0.151104812652267 1.37849030631716 0.0382083570442468
v 0.15346681010031 1.27443021570946 0.100767071294274
v 0.153466807889073 1.40157030100259 0.100767078252479
v 0.153672802515664 1.27395027696078 0.1288999806401
v 0.153672800394681 1.40205035509912 0.128899988030857
v 0.154507803302757 1.29548031555469 0.131000092601144
v 0.154507801961905 1.38052031583198 0.131000097522674
v 0.154993701680694 1.37953028670509 0.0655000254315137
v 0.154993807317743 1.29647023427556 0.0655000210959956
v 0.155090813911286 1.3584203430998 0.0382083561785085
v 0.155153799843207 1.27373021768392 0.112942076329391
v 0.155153797656868 1.40227029736918 0.112942083537964
v 0.155715811605737 1.27350026220298 0.122600073257794
v 0.155715809452595 1.40250025152289 0.12260008062279
v 0.157915699393122 1.38031027203627 0.0852333417871332
v 0.157915805075818 1.29569024632706 0.085233337240179
v 0.158736797151577 1.3165302984812 0.131000094015768
v 0.158736796480892 1.3594703326988 0.131000096497897
v 0.159082699778853 1.3589403323904 0.0655000245138805
v 0.159082804750923 1.31706030757468 0.0655000223297743
v 0.160167799963547 1.33800037515869 0.131000095295407
v 0.160456704365481 1.38099024101482 0.100767077366918
v 0.160456810037802 1.29501027525801 0.100767072610721
v 0.160461713097654 1.33800037954022 0.0655000234284045
v 0.160732808159277 1.29465026114965 0.128899982085423
v 0.160732806833987 1.3813502513137 0.128899987112017
v 0.162081706705298 1.35934027837896 0.0852333408318295
v 0.162081811700192 1.31666023975659 0.0852333385406021
v 0.162220703334844 1.38147029616927 0.112942082629606
v 0.16222080899731 1.29453021846161 0.1129420777147
v 0.162808702754656 1.38162026086192 0.122600079700156
v 0.162808808402598 1.29438025245943 0.122600074689697
v 0.163485798691875 1.33800037823221 0.0852333397036207
v 0.16468970729631 1.3596802623476 0.100767076368511
v 0.164689812286535 1.31632025370149 0.100767073973113
v 0.165011810309214 1.31613023211952 0.128899983529496
v 0.165011809646828 1.35987028013483 0.12889998606236
v 0.166116702365567 1.33800037719146 0.100767075194968
v 0.166455806938414 1.3380003753 0.128899984834856
v 0.166499706825632 1.3160802844993 0.112942079123685
v 0.166499706148722 1.35992034912079 0.112942081598657
v 0.167103799492271 1.31600041359141 0.122600076128135
v 0.167103798822623 1.36000033793376 0.122600078651919
v 0.167942809371673 1.3380003763744 0.112942080391043
v 0.168551804527088 1.33800037572435 0.122600077425367
v 0.186602806079443 0.981945397156189 -0.0284999464744129
v 0.18887782311247 0.99182549191101 0.0104646356577978
v 0.188877813077126 0.991825515150734 -0.0674646943944377
v 0.195703821515301 1.021460311301 -0.0798961948821946
v 0.195703819980693 1.02146031612599 0.0228962019728502
v 0.202528819372415 1.05110038199489 -0.0666295692440271
v 0.202528820262323 1.05110037834063 0.00962963199545578
v 0.204803824802021 1.06098032782252 -0.0284999403983313
v 0.246830832063552 0.952218491912291 -0.0284999107419441
v 0.250669834540111 0.961275468835799 0.00844805827015216
v 0.250669831707196 0.961275486665192 -0.0654479372583643
v 0.262185838153449 0.988445469306719 0.0202192524094079
v 0.262185835260815 0.988445489985897 -0.077219263577418
v 0.273702826443052 1.01561034578686 0.00763087528305327
v 0.273702821349058 1.01561037188067 -0.0646308246012722
v 0.275686926092405 0.937975445958479 -0.0284998955899839
v 0.277541839847651 1.02467038499405 -0.0284999165634533
v 0.280044953452068 0.946753404519288 0.00749022947962158
v 0.28004494553494 0.946753439718081 -0.0644901372815148
v 0.288402961527889 0.931719424120275 -0.026624183008221
v 0.292675952291971 0.940465298972091 -0.0621908242770485
v 0.292799853772903 0.940431391658837 0.00893291617121924
v 0.29311884466692 0.973084288055912 0.0189703214357486
v 0.293118835934624 0.973084333872236 -0.0759702420992129
v 0.300209843716731 0.925953244223058 -0.0209968933253655
v 0.304233956625929 0.93461840957227 -0.056150231467865
v 0.304727970474076 0.934483362705189 0.0141176856899676
v 0.30566883919238 0.966670312395463 -0.073570420049326
v 0.305814946421991 0.966596394705735 0.0202835519452975
v 0.306193827320278 0.999415348564337 -0.0637152244311115
v 0.306193840608042 0.999415293461956 0.00671531059236145
v 0.310551827552131 1.00819025818677 -0.0284998983700161
v 0.317000854004294 0.960491420714961 -0.0674410212379658
v 0.317586868817455 0.960196384824445 0.0252927872646036
v 0.318697845229173 0.992857322273556 -0.0614865432656382
v 0.31879385952639 0.992779395462391 0.00817063791656581
v 0.321752965385474 0.915451356108318 -0.00658317639099227
v 0.32308085348589 1.00155026145472 -0.0266626231918196
v 0.324803862953489 0.924434355372108 0.0264925121446816
v 0.327021862952529 0.92295923289777 -0.0397103082364667
v 0.32991485463394 0.98629141630827 -0.0555481740747509
v 0.33029896193755 0.98598236348704 0.0132843010627315
v 0.334377849298819 0.994734383699121 -0.0211510896615322
v 0.336884979963385 0.949329364508243 0.0369971252906053
v 0.339900967515207 0.947539236147017 -0.0503685077615857
v 0.349718874792152 0.973775193714643 0.0256601978939893
v 0.352024969683793 0.972566393097987 -0.039185486558215
v 0.355031968812559 0.981416351246914 -0.00678809243628242
v 0.362002967754589 0.905808189996917 0.0495051526401074
v 0.36367984909554 0.894988346634787 0.0216521959866584
v 0.372158854988206 0.929441190988546 0.058395422174289
v 0.37334485552399 0.89923536464238 -0.00621291919511588
v 0.386062951312738 0.950915193081886 0.048901894941279
v 0.387149861233947 0.920804319209487 -0.0151401971930357
v 0.395628867125476 0.955257343004907 0.0216030211810213
v 0.397207969156988 0.944532213318975 -0.00568356340957984
v 0.398279958927443 0.88764133836787 0.0719536872578036
v 0.404699848169974 0.874965339254244 0.0492878825485986
v 0.406528855410155 0.910061326205297 0.0792456617739281
v 0.415594860568533 0.87897333208831 0.0826364430023563
v 0.418786831880273 0.875961333579968 0.0266518788121962
v 0.421530958798222 0.928604330382327 0.0715886727456757
v 0.422687834294889 0.875346327731229 0.0881651926989416
v 0.423114851168091 0.900718176124261 0.0893056675244219
v 0.423520926747053 0.865787176728668 0.0619025461988311
v 0.428297834498719 0.872301306676968 0.0951511346730834
v 0.429968838426912 0.896848285805785 0.0949677437360184
v 0.430934928527321 0.86205431396188 0.0669389487657097
v 0.433542951495937 0.89455434651569 0.0194490838467444
v 0.433606890854279 0.869299320514451 0.103561963185076
v 0.435144918093533 0.893885340534894 0.10262397767695
v 0.435371869328016 0.929649320643287 0.0494068018796552
v 0.437732819133755 0.858366337088582 0.0718401661629896
v 0.438322946961082 0.918047332283873 0.0822995674177276
v 0.438931816389776 0.865651338309919 0.0411948087350731
v 0.439796787243374 0.865798324446684 0.113366052427224
v 0.439867913037508 0.891152290735699 0.11204706487473
v 0.441544850925006 0.917024343265223 0.0271953682993133
v 0.444813891505884 0.854367343380208 0.0771127208439758
v 0.445131842186953 0.913818324047245 0.0877645895677227
v 0.445360792385359 0.887974292601947 0.123008049826295
v 0.4465808068636 0.861627306165236 0.0457213588336429
v 0.450651812190416 0.910487319919677 0.0947130487749912
v 0.453076783132214 0.849701313914321 0.0832636155512109
v 0.453463952138611 0.917986181368221 0.0620075124513884
v 0.453869849368621 0.883055178896551 0.0346044547794892
v 0.454532881482438 0.85721018513011 0.0485369461388676
v 0.455951811246893 0.907355335987474 0.103076060536279
v 0.458174760370365 0.852125319676669 0.129172040482428
v 0.460528937796921 0.91351434077947 0.0669732855821275
v 0.46111885277022 0.904874293106088 0.0416892985492193
v 0.461494908653481 0.878720308581999 0.0389444345839454
v 0.462104901219016 0.903719335607567 0.112785049388682
v 0.462987776496237 0.872864339396718 0.139179048750912
v 0.463370889930397 0.85217728852903 0.0506751345525829
v 0.467190902863271 0.909480180261283 0.0718720601245387
v 0.468526831994124 0.900345290763633 0.0461734690805915
v 0.469778803894407 0.873962308471986 0.0410880435057252
v 0.472073874860755 0.836294323726541 0.0982937039075649
v 0.473678762600178 0.846308317427915 0.0531688112227559
v 0.474215800692845 0.905334320804077 0.0771606493522437
v 0.476366823149291 0.895695175327917 0.0490231552779118
v 0.479161898385053 0.868549312887881 0.042226539736422
v 0.479250875574963 0.887015315657975 0.128844035787595
v 0.482366901292888 0.900522319855665 0.0832957536425645
v 0.485128808916557 0.89057132220094 0.0512331052112131
v 0.490082892045198 0.862249340492814 0.0435513638509662
v 0.492880750445513 0.832161335081514 0.067516120841658
v 0.495305785306694 0.884620156481798 0.0537980578713109
v 0.49970277923734 0.883086294380742 0.0986959099095771
v 0.500046866426646 0.818605339211839 0.15558704634678
v 0.504109876830235 0.834335184609701 0.164232043626165
v 0.508789861080311 0.846517291729172 0.0578106431464356
v 0.511358873077322 0.806076321518907 0.130204050682714
v 0.513247875483299 0.867459324962915 0.0684470900698359
v 0.517528850238584 0.844682192613646 0.156257046433062
v 0.528401866307748 0.802294345010214 0.105215041175129
v 0.533872852146827 0.794958330932623 0.16922704723495
v 0.534283895163072 0.841066334322396 0.131780041875144
v 0.541532891410161 0.812808186373431 0.0977520116233738
v 0.545307893904984 0.82870331544559 0.106909043690633
v 0.545353839175195 0.81083718739082 0.170225036552477
v 0.546801873946388 0.794907191302845 0.180954038278528
v 0.550516853519597 0.779521322984776 0.160861045758037
v 0.551877867010861 0.784600351703834 0.137241050531353
v 0.563102852070029 0.800627325750808 0.138694046785235
v 0.564598867994233 0.797919310273664 0.162829949911704
v 0.568313847567394 0.782533322746411 0.142738045176004
v 0.569136867217691 0.777103342443965 0.172129945781143
v 0.0854272521861937 1.11956612509573 0.0045633195413355
v -0.0833675639690301 1.11458397530211 0.0307237394454899
v 0.0898751071587174 1.07528430122461 -0.0903377709138735
v 0.0824764327565995 1.12408071579997 0.000448260215096539
v -0.0821107206417957 1.12414765279616 0.00169769346178616
v 0.086222920541472 1.12197495959196 -0.02409042932931
v 0.0855593491406084 1.12080960531367 -0.0324827621011871
v 0.0923124741072837 1.07834882647148 -0.0856426853722815
v -0.0920130935763437 1.10891928927873 -0.0616362324408454
v -0.0910487533339733 1.11080628591218 -0.0563629133760497
v 0.0818728209022285 1.12492049487172 -0.0284982746524603
v -0.0855597535156321 1.12080945527451 -0.0324827405018997
v -0.0847928544245197 1.11590363826292 -0.0616547658308625
v -0.0270237375586398 0.785793474376537 0.103287516880136
v -0.0310888255187275 0.522563021934037 0.0567645984342412
v -0.025634859569586 0.860894508426858 -0.0913809703609497
v 0.0243572497209587 0.936228989364019 0.0963642289305365
v -0.0243574699381436 0.936228989367053 0.0963642269273931
v -0.0757040695362683 0.785787986385379 0.0891545917285521
v -0.0757040729976481 0.785592492054575 -0.0794721832869176
v 0.0718843583614113 0.861175484994281 0.0868730756464013
v 0.0364123645208941 1.38664224482235 0.131000092666696
v 0.0346088349256643 0.444466525351006 0.0177493646426318
v -0.0267705356768876 1.37949869524007 0.131000089486023
v -0.0527768427183274 1.30908430485797 -0.131000025547407
v 0.0406991192404099 1.32052051142004 -0.131000020830782
v 0.0788732415891836 0.184805980397164 0.0641412038149112
v 0.103769350608541 0.785733051131723 0.0400001239631078
v -0.103769575736876 0.785733002717225 0.0400001127591203
v -0.0989084471702372 0.861100992012347 0.0384278409915092
v 0.0989082097917587 0.861101023622265 0.0384278502848481
v 0.104116310211852 0.785641532245273 -0.0315386554197368
v -0.104116487680625 0.78564148756369 -0.0315386666532576
v 0.0985607586814316 0.860987103050187 -0.032370941473516
v -0.0985609810418012 0.860987009793865 -0.0323709512615654
v 0.0938291311672221 0.930433983491387 0.0337562207257792
v -0.0938293500975726 0.930433983443537 0.0337562126674848
v -0.108498083707734 0.717836483925655 0.0397045622655732
v 0.10869621516388 0.717939118009875 -0.0344634349046621
v -0.108712643266498 0.7181828429214 -0.0342822321390241
v 1.84877822192004e-08 0.636594035731527 -0.0593232109853604
v -0.0265029938873533 0.785838983869296 -0.0911318500780445
v 0.0304082426233049 0.787089253058553 -0.0910728045897777
v 0.0256346377341086 0.861190992039165 0.100421055846918
v -0.0938293504382681 0.930325479216711 -0.0375290392391458
v -0.0243623873739536 0.936325042388394 -0.0965642126692414
v -0.071180989363268 1.41269130615008 0.131000089488206
v 0.0306403350059126 0.522524018366872 -0.00451289613172841
v -0.0306405316755598 0.522524007139479 -0.00451294325822961
v -0.0706999541833196 0.939097279896481 -0.0885853861528922
v 0.057114808761972 0.444307529177233 -0.0183040897499697
v 0.115494398615064 0.444787026992385 0.0628895083346863
v 0.0581201790863262 1.32621137310722 0.131000090261268
v 0.0542051215501445 0.522549021287698 -0.0475829794836161
v -0.0542053158138133 0.522549008832504 -0.0475830249932781
v 0.092290243795564 0.444312033999566 -0.0189552421291184
v -0.0626459461958182 0.262836484869425 0.0796001529489601
v 0.0626458456550653 0.262836505424296 0.0796001200003215
v -0.0907567236453522 0.522547997919857 -0.0482866603672579
v 0.0907565456885231 0.522548012249753 -0.0482866075702304
v -0.13774219640408 1.31986531236705 -0.0804041490999955
v 0.0950058631511697 0.262812499928155 0.0772736565097319
v -0.0950059783898685 0.262812478729788 0.0772736887318499
v 0.0749381787896165 0.433926964530131 -0.0236588588701738
v 0.0928999597821254 0.263071014356995 -0.0051296687158123
v -0.0929000258018259 0.263070980191503 -0.0051296179916236
v -0.0620077296712181 0.262920934435391 -0.00439713447944424
v 0.0629948326940384 0.184781982974566 0.0591362896263205
v 0.0945697823063169 0.184856980400807 0.0575473512042722
v -0.0724890541339392 0.521562009517949 -0.0583889569627657
v 0.0724928350573099 0.521420846031475 -0.0583329594368668
v 0.0403133018247626 0.444372526109335 -0.0106189280780782
v 0.115294401574929 0.444481537577766 0.0145519799046536
v 0.109317810759617 0.439899106111412 -0.0102832425351305
v -0.0284126220892739 0.717829482638042 0.105612466542615
v 0.0366710477989318 0.522578523256616 -0.0381260429179903
v -0.0366712385444379 0.522578513275737 -0.0381260886695662
v -0.1083980453933 0.522582002485018 -0.0394808759061052
v -0.0409655000527974 0.262849433303426 0.0198108493787341
v -0.0467675069684998 0.262812434053143 0.0745952405744287
v 0.04676743675992 0.262812508001698 0.0745952058117308
v 0.0789309706533959 0.262813497504425 0.084523285729874
v -0.0789322033738649 0.264304127452888 0.08491279251059
v 0.115689402516703 0.262914508380906 0.052597680370741
v 0.114697906868262 0.263040561644729 0.0176311996202617
v -0.114698011180111 0.263040440577888 0.0176312504304363
v 0.0358420556166937 0.262830965907464 0.038740176067529
v -0.0358421276440934 0.26283094120779 0.0387402126045279
v 0.110665576080137 0.25931697181696 0.0698112083982165
v 0.121194399837564 0.44469302936413 0.035819992900185
v -0.0894927555890604 0.938212497694483 -0.0768581852099109
v -0.0460158106462431 0.266035043197206 0.00266154192084537
v 0.109060489122017 0.263942615071547 0.000823324580669254
v -0.109045182888669 0.262795623320809 0.000580460486125944
f 1 3 2
f 1 2 6
f 1 7 3
f 1 6 7
f 2 3 4
f 2 4 10
f 2 5 6
f 2 10 5
f 3 11 4
f 3 7 8
f 3 8 11
f 4 9 10
f 4 11 9
f 5 16 6
f 5 10 13
f 5 13 16
f 6 12 7
f 6 16 12
f 7 18 8
f 7 12 18
f 8 14 11
f 8 18 14
f 9 17 10
f 9 11 20
f 9 15 17
f 9 20 15
f 10 22 13
f 10 17 22
f 11 14 20
f 12 16 19
f 12 19 18
f 13 31 16
f 13 22 31
f 14 18 36
f 14 26 20
f 14 36 26
f 15 23 17
f 15 20 21
f 15 21 23
f 16 31 19
f 17 30 22
f 17 23 30
f 18 19 41
f 18 41 36
f 19 31 41
f 20 25 21
f 20 37 25
f 20 26 37
f 21 27 23
f 21 25 24
f 21 24 27
f 22 30 31
f 23 27 30
f 24 25 29
f 24 32 27
f 24 29 28
f 24 28 32
f 25 42 29
f 25 37 42
f 26 36 49
f 26 49 37
f 27 35 30
f 27 32 35
f 28 29 34
f 28 38 32
f 28 34 33
f 28 33 38
f 29 47 34
f 29 42 47
f 30 46 31
f 30 35 46
f 31 54 41
f 31 46 54
f 32 43 35
f 32 38 43
f 33 34 40
f 33 44 38
f 33 40 39
f 33 39 44
f 34 50 40
f 34 47 50
f 35 43 51
f 35 51 46
f 36 41 54
f 36 54 49
f 37 53 42
f 37 49 53
f 38 48 43
f 38 44 48
f 39 40 45
f 39 61 44
f 39 45 58
f 39 58 52
f 39 52 61
f 40 50 45
f 42 59 47
f 42 53 59
f 43 48 57
f 43 57 51
f 44 55 48
f 44 69 55
f 44 61 69
f 45 50 56
f 45 56 58
f 46 51 60
f 46 60 54
f 47 63 50
f 47 59 63
f 48 55 62
f 48 62 57
f 49 54 53
f 50 66 56
f 50 63 66
f 51 57 64
f 51 64 60
f 52 58 75
f 52 74 61
f 52 75 74
f 53 54 60
f 53 60 59
f 55 65 62
f 55 69 65
f 56 68 58
f 56 66 71
f 56 71 68
f 57 62 67
f 57 67 64
f 58 68 77
f 58 77 75
f 59 60 64
f 59 64 63
f 61 78 69
f 61 74 76
f 61 76 78
f 62 65 70
f 62 70 67
f 63 64 67
f 63 67 66
f 65 69 72
f 65 72 70
f 66 67 70
f 66 70 71
f 68 71 79
f 68 79 77
f 69 80 72
f 69 78 80
f 70 73 71
f 70 72 73
f 71 73 79
f 72 81 73
f 72 80 81
f 73 81 79
f 74 75 82
f 74 83 76
f 74 82 83
f 75 77 84
f 75 84 82
f 76 90 78
f 76 83 85
f 76 85 90
f 77 79 86
f 77 86 84
f 78 93 80
f 78 90 93
f 79 81 86
f 80 91 81
f 80 93 91
f 81 91 86
f 82 87 83
f 82 84 88
f 82 88 87
f 83 89 85
f 83 87 89
f 84 86 96
f 84 96 88
f 85 89 97
f 85 104 90
f 85 97 104
f 86 91 96
f 87 88 94
f 87 92 89
f 87 94 92
f 88 101 94
f 88 96 101
f 89 92 95
f 89 95 97
f 90 105 93
f 90 104 105
f 91 93 103
f 91 103 96
f 92 94 100
f 92 98 95
f 92 100 98
f 93 105 103
f 94 107 100
f 94 101 107
f 95 102 97
f 95 98 99
f 95 99 102
f 96 103 101
f 97 102 109
f 97 109 104
f 98 115 99
f 98 100 113
f 98 113 115
f 99 106 102
f 99 117 106
f 99 115 117
f 100 107 118
f 100 116 113
f 100 118 116
f 101 103 108
f 101 108 107
f 102 106 111
f 102 111 109
f 103 105 108
f 104 110 105
f 104 109 110
f 105 110 108
f 106 119 111
f 106 117 119
f 107 108 112
f 107 112 120
f 107 120 118
f 108 110 112
f 109 114 110
f 109 111 114
f 110 114 112
f 111 121 114
f 111 119 121
f 112 114 121
f 112 121 120
f 113 123 115
f 113 116 124
f 113 122 123
f 113 124 122
f 115 125 117
f 115 123 125
f 116 118 126
f 116 126 124
f 117 127 119
f 117 125 127
f 118 120 128
f 118 128 126
f 119 129 121
f 119 127 129
f 120 121 129
f 120 129 128
f 122 217 123
f 122 124 218
f 122 215 217
f 122 218 215
f 123 230 125
f 123 217 230
f 124 126 231
f 124 231 218
f 125 239 127
f 125 230 239
f 126 128 240
f 126 240 231
f 127 243 129
f 127 239 243
f 128 129 243
f 128 243 240
f 130 131 132
f 130 133 131
f 130 132 136
f 130 136 133
f 131 134 132
f 131 133 135
f 131 140 134
f 131 135 141
f 131 137 140
f 131 141 137
f 132 134 143
f 132 138 136
f 132 143 138
f 133 146 135
f 133 136 139
f 133 139 144
f 133 144 146
f 134 140 152
f 134 145 143
f 134 152 145
f 135 153 141
f 135 146 153
f 136 138 154
f 136 154 139
f 137 142 140
f 137 141 142
f 138 143 149
f 138 149 157
f 138 157 154
f 139 150 144
f 139 158 150
f 139 154 158
f 140 142 147
f 140 147 152
f 141 148 142
f 141 153 148
f 142 155 147
f 142 148 151
f 142 151 155
f 143 145 162
f 143 162 149
f 144 163 146
f 144 150 163
f 145 152 172
f 145 165 162
f 145 172 165
f 146 173 153
f 146 163 164
f 146 164 173
f 147 159 152
f 147 155 166
f 147 166 159
f 148 156 151
f 148 153 160
f 148 160 156
f 149 168 157
f 149 162 170
f 149 170 168
f 150 158 169
f 150 171 163
f 150 169 171
f 151 161 155
f 151 156 161
f 152 159 172
f 153 173 160
f 154 157 225
f 154 225 158
f 155 161 176
f 155 176 166
f 156 160 167
f 156 177 161
f 156 167 185
f 156 185 177
f 157 168 225
f 158 225 169
f 159 166 178
f 159 174 172
f 159 178 174
f 160 175 167
f 160 173 175
f 161 188 176
f 161 177 188
f 162 165 186
f 162 183 170
f 162 186 183
f 163 187 164
f 163 171 182
f 163 182 187
f 164 195 173
f 164 187 195
f 165 172 194
f 165 194 186
f 166 176 184
f 166 184 178
f 167 175 179
f 167 179 189
f 167 189 185
f 168 170 181
f 168 181 225
f 169 180 171
f 169 225 180
f 170 190 181
f 170 183 190
f 171 180 191
f 171 191 182
f 172 174 197
f 172 197 194
f 173 196 175
f 173 195 196
f 174 178 201
f 174 201 197
f 175 196 179
f 176 192 184
f 176 188 192
f 177 185 193
f 177 193 188
f 178 184 199
f 178 199 226
f 178 207 201
f 178 226 207
f 179 208 189
f 179 196 202
f 179 202 208
f 180 204 191
f 180 322 204
f 180 225 322
f 181 190 203
f 181 203 323
f 181 323 225
f 182 210 187
f 182 191 210
f 183 186 209
f 183 209 190
f 184 192 205
f 184 229 199
f 184 205 229
f 185 189 200
f 185 206 193
f 185 200 228
f 185 228 206
f 186 194 214
f 186 214 209
f 187 213 195
f 187 210 213
f 188 1807 192
f 188 193 198
f 188 198 216
f 188 216 1807
f 189 227 200
f 189 208 227
f 190 220 203
f 190 209 220
f 191 204 219
f 191 219 210
f 192 211 205
f 192 1807 211
f 193 206 198
f 194 197 221
f 194 221 214
f 195 222 196
f 195 213 222
f 196 233 202
f 196 222 233
f 197 201 246
f 197 234 221
f 197 246 234
f 198 206 212
f 198 212 238
f 198 224 216
f 198 238 224
f 199 251 226
f 199 229 251
f 200 227 252
f 200 252 228
f 201 207 246
f 202 245 208
f 202 233 245
f 203 220 249
f 203 249 323
f 204 250 219
f 204 322 250
f 205 211 241
f 205 241 229
f 206 242 212
f 206 228 242
f 207 226 259
f 207 259 246
f 208 260 227
f 208 245 260
f 209 214 306
f 209 301 220
f 209 306 301
f 210 305 213
f 210 219 302
f 210 302 305
f 211 223 237
f 211 1807 223
f 211 237 261
f 211 255 241
f 211 261 255
f 212 242 238
f 213 317 222
f 213 305 317
f 214 221 318
f 214 318 306
f 215 425 217
f 215 218 426
f 215 427 425
f 215 426 427
f 216 232 223
f 216 223 1807
f 216 224 232
f 217 423 230
f 217 425 423
f 218 231 424
f 218 424 426
f 219 250 314
f 219 314 302
f 220 313 249
f 220 301 313
f 221 234 327
f 221 327 318
f 222 328 233
f 222 317 328
f 223 232 235
f 223 235 237
f 224 236 232
f 224 238 236
f 225 572 322
f 225 323 572
f 226 251 297
f 226 297 259
f 227 298 252
f 227 260 298
f 228 296 242
f 228 252 270
f 228 270 296
f 229 241 269
f 229 269 251
f 230 421 239
f 230 423 421
f 231 240 420
f 231 420 424
f 232 257 235
f 232 236 257
f 233 328 245
f 234 246 337
f 234 337 327
f 235 253 237
f 235 262 253
f 235 257 262
f 236 238 254
f 236 254 263
f 236 263 257
f 237 253 267
f 237 267 261
f 238 242 256
f 238 268 254
f 238 256 268
f 239 419 243
f 239 421 419
f 240 243 419
f 240 419 420
f 241 255 315
f 241 295 269
f 241 315 295
f 242 296 256
f 244 247 264
f 244 278 247
f 244 264 258
f 244 258 299
f 244 275 278
f 244 299 275
f 245 359 260
f 245 328 338
f 245 338 359
f 246 259 358
f 246 358 337
f 247 248 265
f 247 280 248
f 247 265 264
f 247 278 280
f 248 266 265
f 248 320 266
f 248 280 345
f 248 345 320
f 249 313 339
f 249 339 323
f 250 340 314
f 250 322 340
f 251 269 330
f 251 330 297
f 252 331 270
f 252 298 331
f 253 262 286
f 253 290 267
f 253 286 290
f 254 287 263
f 254 268 291
f 254 291 287
f 255 261 324
f 255 324 315
f 256 325 268
f 256 296 316
f 256 316 325
f 257 418 262
f 257 263 418
f 258 264 283
f 258 283 321
f 258 343 299
f 258 321 343
f 259 297 395
f 259 395 358
f 260 396 298
f 260 359 396
f 261 267 334
f 261 334 324
f 262 418 286
f 263 287 418
f 264 265 273
f 264 273 283
f 265 266 276
f 265 276 273
f 266 279 276
f 266 342 279
f 266 320 342
f 267 290 334
f 268 335 291
f 268 325 335
f 269 295 366
f 269 349 330
f 269 366 349
f 270 367 296
f 270 331 350
f 270 350 367
f 271 354 272
f 271 272 361
f 271 274 353
f 271 361 274
f 271 353 352
f 271 352 354
f 272 357 277
f 272 277 362
f 272 354 357
f 272 362 361
f 273 276 303
f 273 304 283
f 273 303 307
f 273 307 304
f 274 281 355
f 274 364 281
f 274 355 353
f 274 361 364
f 275 457 278
f 275 299 460
f 275 460 457
f 276 279 300
f 276 300 303
f 277 284 365
f 277 370 284
f 277 357 370
f 277 365 362
f 278 462 280
f 278 457 462
f 279 356 300
f 279 342 356
f 280 474 345
f 280 462 474
f 281 294 360
f 281 1832 294
f 281 360 355
f 281 364 368
f 281 368 1832
f 282 393 285
f 282 285 394
f 282 288 400
f 282 401 288
f 282 400 393
f 282 394 401
f 283 304 348
f 283 348 321
f 284 289 374
f 284 377 289
f 284 374 365
f 284 370 377
f 285 292 387
f 285 388 292
f 285 387 394
f 285 393 388
f 286 333 290
f 286 418 333
f 287 291 332
f 287 332 453
f 287 453 418
f 288 402 309
f 288 309 407
f 288 403 400
f 288 401 402
f 288 407 403
f 289 293 379
f 289 384 293
f 289 1824 374
f 289 377 384
f 289 379 1824
f 290 333 346
f 290 346 334
f 291 347 332
f 291 335 347
f 292 385 293
f 292 293 387
f 292 388 385
f 293 385 379
f 293 384 387
f 294 308 369
f 294 376 308
f 294 369 360
f 294 1832 376
f 295 315 366
f 296 367 316
f 297 330 411
f 297 411 395
f 298 412 331
f 298 396 412
f 299 343 460
f 300 329 303
f 300 319 329
f 300 341 319
f 300 356 341
f 301 306 413
f 301 428 313
f 301 413 428
f 302 414 305
f 302 314 429
f 302 429 414
f 303 344 307
f 303 329 344
f 304 307 326
f 304 326 363
f 304 363 348
f 305 417 317
f 305 414 417
f 306 318 416
f 306 416 413
f 307 351 326
f 307 344 351
f 308 310 372
f 308 386 310
f 308 372 369
f 308 376 386
f 309 1784 336
f 309 336 1786
f 309 402 408
f 309 1786 407
f 309 408 1784
f 310 312 373
f 310 390 312
f 310 373 372
f 310 386 390
f 311 371 312
f 311 312 392
f 311 319 341
f 311 391 319
f 311 341 371
f 311 392 391
f 312 371 373
f 312 390 392
f 313 443 339
f 313 428 443
f 314 340 442
f 314 442 429
f 315 324 380
f 315 380 366
f 316 381 325
f 316 367 381
f 317 432 328
f 317 417 432
f 318 327 431
f 318 431 416
f 319 399 329
f 319 391 399
f 320 492 342
f 320 345 474
f 320 474 492
f 321 568 343
f 321 348 624
f 321 624 568
f 322 442 340
f 322 1793 442
f 322 572 1793
f 323 339 563
f 323 563 581
f 323 581 572
f 324 334 397
f 324 397 380
f 325 398 335
f 325 381 398
f 326 351 375
f 326 389 363
f 326 375 389
f 327 337 446
f 327 437 431
f 327 446 437
f 328 447 338
f 328 432 436
f 328 436 447
f 329 406 344
f 329 399 406
f 330 349 434
f 330 434 411
f 331 435 350
f 331 412 435
f 332 347 383
f 332 383 453
f 333 382 346
f 333 496 382
f 333 418 496
f 334 346 404
f 334 404 397
f 335 405 347
f 335 398 405
f 336 1775 378
f 336 378 1779
f 336 1779 438
f 336 438 1786
f 336 439 1775
f 336 1784 439
f 337 358 446
f 338 447 359
f 339 443 563
f 341 356 531
f 341 531 371
f 342 505 356
f 342 492 505
f 343 473 460
f 343 568 473
f 344 430 351
f 344 406 430
f 346 382 409
f 346 409 404
f 347 410 383
f 347 405 410
f 348 363 649
f 348 640 624
f 348 649 640
f 349 366 434
f 350 435 367
f 351 433 375
f 351 430 433
f 352 353 534
f 352 538 354
f 352 534 538
f 353 355 535
f 353 535 534
f 354 542 357
f 354 538 542
f 355 360 1809
f 355 1809 535
f 356 505 527
f 356 527 531
f 357 562 370
f 357 542 554
f 357 554 562
f 358 395 456
f 358 456 446
f 359 455 396
f 359 447 455
f 360 369 540
f 360 540 537
f 360 537 1809
f 361 362 555
f 361 555 364
f 362 365 556
f 362 556 555
f 363 389 649
f 364 553 368
f 364 555 553
f 365 374 559
f 365 559 556
f 366 380 449
f 366 449 434
f 367 448 381
f 367 435 448
f 368 553 552
f 368 552 1812
f 368 1812 1840
f 368 1840 1832
f 369 372 541
f 369 541 540
f 370 567 377
f 370 562 567
f 371 536 373
f 371 531 536
f 372 373 539
f 372 539 541
f 373 536 539
f 374 564 559
f 374 1805 564
f 374 1824 1805
f 375 422 389
f 375 470 422
f 375 433 445
f 375 445 470
f 376 551 386
f 376 1812 551
f 376 1840 1812
f 376 1832 1840
f 377 575 384
f 377 567 575
f 378 1776 415
f 378 415 1781
f 378 465 1779
f 378 1781 465
f 378 1775 466
f 378 466 1776
f 379 385 569
f 379 569 1805
f 379 1805 1824
f 380 397 471
f 380 471 449
f 381 461 398
f 381 448 461
f 382 441 409
f 382 496 441
f 383 410 440
f 383 440 453
f 384 575 387
f 385 388 576
f 385 576 569
f 386 550 390
f 386 551 550
f 387 579 394
f 387 575 579
f 388 393 580
f 388 580 576
f 389 422 524
f 389 524 649
f 390 549 392
f 390 550 549
f 391 392 548
f 391 547 399
f 391 548 547
f 392 549 548
f 393 400 595
f 393 595 580
f 394 594 401
f 394 579 594
f 395 411 480
f 395 480 456
f 396 479 412
f 396 455 479
f 397 404 471
f 398 472 405
f 398 461 472
f 399 543 406
f 399 547 543
f 400 403 617
f 400 617 595
f 401 616 402
f 401 594 616
f 402 622 408
f 402 616 622
f 403 407 623
f 403 623 617
f 404 409 471
f 405 472 410
f 406 530 430
f 406 543 530
f 407 438 629
f 407 1786 438
f 407 629 623
f 408 628 439
f 408 439 1784
f 408 622 628
f 409 441 477
f 409 477 471
f 410 478 440
f 410 472 478
f 411 434 490
f 411 490 480
f 412 491 435
f 412 479 491
f 413 416 501
f 413 504 428
f 413 501 498
f 413 498 504
f 414 502 417
f 414 429 503
f 414 497 502
f 414 503 497
f 415 1783 444
f 415 444 1791
f 415 484 1781
f 415 1791 484
f 415 1776 485
f 415 485 1783
f 416 431 507
f 416 507 501
f 417 506 432
f 417 502 506
f 418 453 1771
f 418 1771 496
f 419 450 420
f 419 421 451
f 419 451 450
f 420 452 424
f 420 450 452
f 421 423 451
f 422 470 571
f 422 621 524
f 422 571 621
f 423 425 458
f 423 458 451
f 424 468 426
f 424 452 459
f 424 459 468
f 425 427 467
f 425 467 458
f 426 469 427
f 426 468 469
f 427 469 467
f 428 520 443
f 428 504 520
f 429 442 519
f 429 519 503
f 430 517 433
f 430 530 517
f 431 437 514
f 431 514 507
f 432 513 436
f 432 506 513
f 433 512 445
f 433 517 512
f 434 449 500
f 434 495 490
f 434 500 495
f 435 499 448
f 435 491 494
f 435 494 499
f 436 528 447
f 436 513 528
f 437 446 529
f 437 529 514
f 438 465 1766
f 438 1779 465
f 438 635 629
f 438 1766 635
f 439 1765 466
f 439 466 1775
f 439 628 636
f 439 636 1765
f 440 728 453
f 440 478 489
f 440 489 728
f 441 488 477
f 441 496 488
f 442 634 519
f 442 1793 634
f 443 520 563
f 444 464 454
f 444 454 486
f 444 487 464
f 444 486 1791
f 444 1783 487
f 445 511 470
f 445 508 511
f 445 512 508
f 446 456 545
f 446 545 529
f 447 544 455
f 447 528 544
f 448 509 461
f 448 499 509
f 449 471 510
f 449 510 500
f 450 451 463
f 450 454 452
f 450 463 454
f 451 458 475
f 451 475 463
f 452 454 464
f 452 476 459
f 452 464 476
f 453 728 838
f 453 838 1771
f 454 463 486
f 455 560 479
f 455 544 560
f 456 480 561
f 456 561 545
f 457 460 596
f 457 596 462
f 458 467 481
f 458 481 475
f 459 482 468
f 459 476 482
f 460 473 587
f 460 587 596
f 461 515 472
f 461 509 515
f 462 600 474
f 462 596 599
f 462 599 600
f 463 475 518
f 463 518 486
f 464 521 476
f 464 487 521
f 465 484 643
f 465 1781 484
f 465 643 1766
f 466 644 485
f 466 485 1776
f 466 1765 644
f 467 469 1755
f 467 1755 481
f 468 483 469
f 468 482 483
f 469 483 1756
f 469 1756 1755
f 470 511 571
f 471 477 533
f 471 516 510
f 471 525 516
f 471 533 525
f 472 532 478
f 472 515 526
f 472 526 532
f 473 568 587
f 474 570 492
f 474 600 570
f 475 481 522
f 475 522 518
f 476 523 482
f 476 521 523
f 477 488 558
f 477 558 533
f 478 557 489
f 478 532 557
f 479 565 491
f 479 560 565
f 480 490 566
f 480 566 561
f 481 1759 522
f 481 1755 1756
f 481 1756 1759
f 482 493 483
f 482 1748 493
f 482 523 1748
f 483 493 1758
f 483 1759 1756
f 483 1758 1759
f 484 657 643
f 484 1796 657
f 484 1791 1837
f 484 1837 1796
f 485 674 487
f 485 487 1783
f 485 644 658
f 485 658 674
f 486 518 673
f 486 673 1796
f 486 1837 1791
f 486 1796 1837
f 487 688 521
f 487 674 688
f 488 496 593
f 488 785 558
f 488 593 785
f 489 557 728
f 490 495 573
f 490 573 566
f 491 574 494
f 491 565 574
f 492 627 505
f 492 570 627
f 493 546 582
f 493 1751 546
f 493 582 1758
f 493 1748 1751
f 494 574 499
f 495 500 573
f 496 1771 593
f 497 601 502
f 497 503 606
f 497 606 601
f 498 501 602
f 498 607 504
f 498 602 607
f 499 584 509
f 499 574 577
f 499 577 584
f 500 510 585
f 500 578 573
f 500 585 578
f 501 507 605
f 501 605 602
f 502 604 506
f 502 601 604
f 503 519 612
f 503 612 606
f 504 613 520
f 504 607 613
f 505 648 527
f 505 627 648
f 506 609 513
f 506 604 609
f 507 514 608
f 507 608 605
f 508 586 511
f 508 512 586
f 509 588 515
f 509 584 588
f 510 516 589
f 510 589 585
f 511 586 571
f 512 517 603
f 512 603 586
f 513 614 528
f 513 609 614
f 514 529 619
f 514 615 608
f 514 619 615
f 515 592 526
f 515 588 592
f 516 525 591
f 516 591 589
f 517 530 620
f 517 620 603
f 518 522 704
f 518 687 673
f 518 704 687
f 519 634 612
f 520 613 563
f 521 706 523
f 521 688 706
f 522 582 740
f 522 1758 582
f 522 740 704
f 522 1759 1758
f 523 706 583
f 523 583 1748
f 524 621 642
f 524 642 649
f 525 533 597
f 525 597 591
f 526 598 532
f 526 592 598
f 527 664 531
f 527 648 664
f 528 618 544
f 528 614 618
f 529 545 619
f 530 543 637
f 530 637 620
f 531 676 536
f 531 664 694
f 531 694 676
f 532 611 557
f 532 598 611
f 533 558 610
f 533 610 597
f 534 535 690
f 534 691 538
f 534 690 691
f 535 689 690
f 535 1803 689
f 535 1829 1803
f 535 1809 1829
f 536 677 539
f 536 676 677
f 537 540 684
f 537 684 1803
f 537 1803 1829
f 537 1829 1809
f 538 691 542
f 539 678 541
f 539 677 678
f 540 541 681
f 540 681 684
f 541 678 681
f 542 696 554
f 542 691 696
f 543 547 661
f 543 661 637
f 544 625 560
f 544 618 625
f 545 561 626
f 545 626 619
f 546 631 582
f 546 583 590
f 546 1751 583
f 546 590 631
f 547 548 669
f 547 669 661
f 548 549 672
f 548 672 669
f 549 550 675
f 549 675 672
f 550 551 679
f 550 679 675
f 551 1812 552
f 551 552 1813
f 551 686 679
f 551 1813 686
f 552 553 693
f 552 693 1813
f 553 555 697
f 553 697 693
f 554 714 562
f 554 696 714
f 555 556 703
f 555 698 697
f 555 703 698
f 556 559 722
f 556 722 703
f 557 611 728
f 558 785 610
f 559 564 745
f 559 745 722
f 560 632 565
f 560 625 632
f 561 566 633
f 561 633 626
f 562 739 567
f 562 714 739
f 563 750 581
f 563 613 750
f 564 1801 745
f 564 1816 1801
f 564 1805 1816
f 565 639 574
f 565 632 639
f 566 573 638
f 566 638 633
f 567 764 575
f 567 739 764
f 568 650 587
f 568 624 650
f 569 576 777
f 569 777 766
f 569 766 1801
f 569 1801 1816
f 569 1816 1805
f 570 600 668
f 570 668 627
f 571 586 645
f 571 645 621
f 572 581 831
f 572 831 858
f 572 858 1770
f 572 1770 1793
f 573 578 652
f 573 647 638
f 573 652 647
f 574 651 577
f 574 639 646
f 574 646 651
f 575 776 579
f 575 764 776
f 576 580 784
f 576 784 777
f 577 651 584
f 578 585 652
f 579 783 594
f 579 776 783
f 580 595 784
f 581 750 915
f 581 915 831
f 582 631 779
f 582 779 740
f 583 630 590
f 583 741 630
f 583 706 741
f 583 1751 1748
f 584 654 588
f 584 651 654
f 585 589 653
f 585 653 652
f 586 603 645
f 587 663 596
f 587 650 663
f 588 656 592
f 588 654 656
f 589 591 655
f 589 655 653
f 590 630 683
f 590 682 631
f 590 641 682
f 590 683 641
f 591 597 667
f 591 660 655
f 591 667 660
f 592 666 598
f 592 656 659
f 592 659 666
f 593 1771 785
f 594 789 616
f 594 783 789
f 595 617 790
f 595 790 784
f 596 663 599
f 597 610 670
f 597 670 667
f 598 671 611
f 598 666 671
f 599 665 600
f 599 663 665
f 600 665 668
f 601 710 604
f 601 606 712
f 601 708 710
f 601 712 708
f 602 605 711
f 602 713 607
f 602 711 709
f 602 709 713
f 603 620 662
f 603 662 645
f 604 715 609
f 604 710 715
f 605 608 716
f 605 716 711
f 606 612 717
f 606 717 712
f 607 718 613
f 607 713 718
f 608 615 720
f 608 720 716
f 609 719 614
f 609 715 719
f 610 785 670
f 611 671 728
f 612 634 717
f 613 718 750
f 614 719 618
f 615 619 726
f 615 726 720
f 616 904 622
f 616 789 901
f 616 901 904
f 617 623 905
f 617 903 790
f 617 905 903
f 618 733 625
f 618 719 725
f 618 725 733
f 619 626 729
f 619 729 726
f 620 637 680
f 620 680 662
f 621 645 642
f 622 904 628
f 623 629 905
f 624 640 685
f 624 685 650
f 625 742 632
f 625 733 742
f 626 633 699
f 626 699 729
f 627 707 648
f 627 668 707
f 628 1821 636
f 628 904 906
f 628 906 1821
f 629 635 898
f 629 898 907
f 629 907 905
f 630 778 683
f 630 741 778
f 631 682 786
f 631 786 779
f 632 749 639
f 632 742 749
f 633 638 699
f 634 852 717
f 634 848 852
f 634 1770 848
f 634 1793 1770
f 635 1766 643
f 635 643 1788
f 635 1788 898
f 636 1760 644
f 636 644 1765
f 636 899 1760
f 636 1821 899
f 637 661 701
f 637 701 680
f 638 647 747
f 638 747 699
f 639 755 646
f 639 749 755
f 640 649 685
f 641 737 682
f 641 683 738
f 641 695 737
f 641 738 695
f 642 645 692
f 642 692 649
f 643 657 1762
f 643 1762 900
f 643 900 1788
f 644 893 658
f 644 1760 893
f 645 662 692
f 646 755 651
f 647 652 756
f 647 756 747
f 648 734 664
f 648 707 734
f 649 705 685
f 649 692 705
f 650 700 663
f 650 685 700
f 651 762 654
f 651 755 760
f 651 760 762
f 652 653 761
f 652 759 756
f 652 761 759
f 653 655 767
f 653 767 761
f 654 768 656
f 654 762 768
f 655 660 771
f 655 771 767
f 656 770 659
f 656 768 770
f 657 673 1792
f 657 1796 673
f 657 894 1762
f 657 1792 894
f 658 1764 674
f 658 893 895
f 658 895 1764
f 659 773 666
f 659 770 773
f 660 667 774
f 660 774 771
f 661 669 736
f 661 736 701
f 662 680 721
f 662 721 692
f 663 700 665
f 664 735 694
f 664 734 735
f 665 702 668
f 665 700 702
f 666 780 671
f 666 773 780
f 667 670 781
f 667 781 774
f 668 702 707
f 669 672 743
f 669 743 736
f 670 785 781
f 671 780 728
f 672 675 744
f 672 744 743
f 673 687 897
f 673 897 1792
f 674 896 688
f 674 1764 896
f 675 679 746
f 675 746 744
f 676 744 677
f 676 694 743
f 676 743 744
f 677 746 678
f 677 744 746
f 678 748 681
f 678 746 748
f 679 686 748
f 679 748 746
f 680 701 727
f 680 727 721
f 681 754 684
f 681 748 754
f 682 737 792
f 682 792 786
f 683 787 738
f 683 778 787
f 684 754 1834
f 684 1826 1803
f 684 1834 1826
f 685 705 700
f 686 754 748
f 686 1825 754
f 686 1813 1838
f 686 1838 1825
f 687 704 892
f 687 892 897
f 688 891 706
f 688 896 891
f 689 769 690
f 689 763 769
f 689 1826 763
f 689 1803 1826
f 690 772 691
f 690 769 772
f 691 772 696
f 692 721 705
f 693 697 763
f 693 763 1825
f 693 1838 1813
f 693 1825 1838
f 694 735 736
f 694 736 743
f 695 738 723
f 695 723 752
f 695 752 737
f 696 775 714
f 696 772 775
f 697 698 769
f 697 769 763
f 698 703 775
f 698 772 769
f 698 775 772
f 699 758 729
f 699 731 758
f 699 765 731
f 699 747 765
f 700 730 702
f 700 705 730
f 701 735 727
f 701 736 735
f 702 732 707
f 702 730 732
f 703 722 782
f 703 782 775
f 704 740 879
f 704 879 892
f 705 721 730
f 706 878 741
f 706 891 878
f 707 732 734
f 708 794 710
f 708 712 798
f 708 798 794
f 709 711 795
f 709 799 713
f 709 795 799
f 710 796 715
f 710 794 796
f 711 716 797
f 711 797 795
f 712 717 802
f 712 802 798
f 713 803 718
f 713 799 803
f 714 782 739
f 714 775 782
f 715 800 719
f 715 796 800
f 716 720 801
f 716 801 797
f 717 852 802
f 718 803 750
f 719 804 725
f 719 800 804
f 720 726 810
f 720 805 801
f 720 810 805
f 721 727 730
f 722 745 788
f 722 788 782
f 723 724 752
f 723 753 724
f 723 738 751
f 723 751 753
f 724 731 757
f 724 758 731
f 724 757 752
f 724 753 758
f 725 809 733
f 725 804 809
f 726 729 810
f 727 732 730
f 727 735 732
f 728 780 849
f 728 836 838
f 728 849 836
f 729 758 813
f 729 813 810
f 731 765 757
f 732 735 734
f 733 815 742
f 733 809 815
f 737 752 792
f 738 793 751
f 738 787 793
f 739 1761 764
f 739 782 788
f 739 788 1761
f 740 779 880
f 740 880 879
f 741 864 778
f 741 878 864
f 742 817 749
f 742 815 817
f 745 1795 788
f 745 1823 1795
f 745 1801 1823
f 747 756 818
f 747 816 765
f 747 818 816
f 749 819 755
f 749 817 819
f 750 803 928
f 750 928 915
f 751 811 753
f 751 793 806
f 751 806 811
f 752 757 808
f 752 808 792
f 753 812 758
f 753 811 812
f 754 1825 1834
f 755 823 760
f 755 819 820
f 755 820 823
f 756 759 822
f 756 821 818
f 756 822 821
f 757 765 814
f 757 814 808
f 758 812 813
f 759 761 822
f 760 823 762
f 761 767 825
f 761 825 822
f 762 826 768
f 762 823 826
f 763 1834 1825
f 763 1826 1834
f 764 791 776
f 764 1761 791
f 765 816 814
f 766 777 807
f 766 807 791
f 766 791 1795
f 766 1795 1823
f 766 1823 1801
f 767 771 828
f 767 828 825
f 768 827 770
f 768 826 827
f 770 833 773
f 770 827 829
f 770 829 833
f 771 774 832
f 771 830 828
f 771 832 830
f 773 834 780
f 773 833 834
f 774 781 835
f 774 835 832
f 776 807 783
f 776 791 807
f 777 784 824
f 777 824 807
f 778 881 787
f 778 864 881
f 779 786 882
f 779 882 880
f 780 834 849
f 781 785 863
f 781 863 835
f 783 824 789
f 783 807 824
f 784 790 839
f 784 839 824
f 785 837 863
f 785 1771 837
f 786 792 884
f 786 884 882
f 787 883 793
f 787 881 883
f 788 791 1761
f 788 1795 791
f 789 824 839
f 789 839 902
f 789 902 901
f 790 902 839
f 790 1787 902
f 790 903 1787
f 792 808 886
f 792 886 884
f 793 885 806
f 793 883 885
f 794 846 796
f 794 798 845
f 794 845 847
f 794 847 846
f 795 797 868
f 795 869 799
f 795 868 867
f 795 867 869
f 796 844 800
f 796 846 844
f 797 801 870
f 797 870 868
f 798 802 841
f 798 841 845
f 799 874 803
f 799 869 874
f 800 843 804
f 800 844 843
f 801 805 872
f 801 872 870
f 802 852 841
f 803 874 928
f 804 843 809
f 805 810 873
f 805 873 872
f 806 888 811
f 806 885 887
f 806 887 888
f 808 814 865
f 808 865 886
f 809 840 815
f 809 842 840
f 809 843 842
f 810 813 873
f 811 889 812
f 811 888 889
f 812 890 813
f 812 889 890
f 813 890 873
f 814 816 871
f 814 866 865
f 814 871 866
f 815 857 817
f 815 840 857
f 816 818 871
f 817 857 819
f 818 821 876
f 818 875 871
f 818 876 875
f 819 856 820
f 819 857 856
f 820 856 823
f 821 822 876
f 822 825 877
f 822 877 876
f 823 855 826
f 823 856 855
f 825 828 859
f 825 859 877
f 826 854 827
f 826 855 854
f 827 853 829
f 827 854 853
f 828 830 860
f 828 860 859
f 829 851 833
f 829 853 851
f 830 832 861
f 830 861 860
f 831 915 858
f 832 835 862
f 832 862 861
f 833 850 834
f 833 851 850
f 834 850 849
f 835 863 862
f 836 1013 838
f 836 849 1047
f 836 1153 1013
f 836 1047 1153
f 837 1771 838
f 837 838 1772
f 837 1016 863
f 837 1772 1016
f 838 1013 1772
f 840 842 935
f 840 930 857
f 840 935 930
f 841 946 845
f 841 852 942
f 841 942 946
f 842 843 940
f 842 940 935
f 843 844 944
f 843 944 940
f 844 846 948
f 844 948 944
f 845 950 847
f 845 946 950
f 846 847 950
f 846 950 948
f 848 1103 852
f 848 1768 1103
f 848 1770 1768
f 849 850 910
f 849 910 964
f 849 964 1047
f 850 851 911
f 850 911 910
f 851 853 913
f 851 913 911
f 852 1026 942
f 852 1133 1026
f 852 1103 1133
f 853 854 917
f 853 917 913
f 854 855 918
f 854 918 917
f 855 856 921
f 855 921 918
f 856 857 925
f 856 924 921
f 856 925 924
f 857 927 925
f 857 930 927
f 858 915 1799
f 858 1768 1770
f 858 1799 1768
f 859 860 916
f 859 919 877
f 859 916 919
f 860 861 914
f 860 914 916
f 861 862 912
f 861 912 914
f 862 863 909
f 862 909 912
f 863 963 909
f 863 1075 963
f 863 1016 1075
f 864 878 1002
f 864 966 881
f 864 1002 966
f 865 866 931
f 865 937 886
f 865 931 937
f 866 871 931
f 867 868 951
f 867 951 869
f 868 870 949
f 868 949 951
f 869 947 874
f 869 951 947
f 870 872 945
f 870 945 949
f 871 875 926
f 871 926 929
f 871 929 931
f 872 873 936
f 872 936 941
f 872 941 945
f 873 890 932
f 873 932 936
f 874 943 928
f 874 947 943
f 875 876 923
f 875 923 926
f 876 877 922
f 876 922 923
f 877 919 922
f 878 891 1038
f 878 1038 1002
f 879 880 1003
f 879 1040 892
f 879 1003 1040
f 880 882 965
f 880 965 1003
f 881 958 883
f 881 966 958
f 882 884 959
f 882 959 965
f 883 952 885
f 883 958 952
f 884 886 953
f 884 953 959
f 885 939 887
f 885 952 939
f 886 937 953
f 887 939 888
f 888 934 889
f 888 939 934
f 889 933 890
f 889 934 933
f 890 933 932
f 891 896 1057
f 891 1057 1038
f 892 1058 897
f 892 1040 1058
f 893 1790 895
f 893 899 1102
f 893 1760 899
f 893 1102 1790
f 894 897 1072
f 894 1792 897
f 894 1101 900
f 894 900 1762
f 894 1072 1087
f 894 1087 1101
f 895 1763 896
f 895 896 1764
f 895 1088 1763
f 895 1790 1088
f 896 1071 1057
f 896 1763 1071
f 897 1058 1072
f 898 1788 900
f 898 900 1789
f 898 1111 907
f 898 1789 1111
f 899 906 1117
f 899 1821 906
f 899 1112 1102
f 899 1117 1112
f 900 1101 1789
f 901 902 955
f 901 1129 904
f 901 955 1129
f 902 908 955
f 902 956 908
f 902 1787 956
f 903 905 1130
f 903 1130 956
f 903 956 1787
f 904 1117 906
f 904 1123 1117
f 904 1129 1123
f 905 907 1118
f 905 1118 1124
f 905 1124 1130
f 907 1111 1118
f 908 920 955
f 908 960 920
f 908 956 960
f 909 971 912
f 909 963 971
f 910 911 970
f 910 970 964
f 911 913 973
f 911 973 970
f 912 974 914
f 912 971 974
f 913 917 973
f 914 974 916
f 915 928 1104
f 915 1104 1165
f 915 1165 1799
f 916 977 919
f 916 974 977
f 917 918 976
f 917 976 973
f 918 921 982
f 918 982 976
f 919 983 922
f 919 977 983
f 920 938 961
f 920 967 938
f 920 961 955
f 920 960 967
f 921 924 988
f 921 984 982
f 921 988 984
f 922 989 923
f 922 983 985
f 922 985 989
f 923 989 926
f 924 925 988
f 925 927 994
f 925 994 988
f 926 979 929
f 926 996 979
f 926 989 996
f 927 930 1001
f 927 1001 994
f 928 943 1027
f 928 1027 1134
f 928 1134 1104
f 929 979 931
f 930 935 1010
f 930 1010 1001
f 931 987 937
f 931 979 987
f 932 933 986
f 932 1019 936
f 932 986 1015
f 932 1015 1019
f 933 934 991
f 933 991 986
f 934 939 993
f 934 993 991
f 935 940 1024
f 935 1018 1010
f 935 1024 1018
f 936 1019 941
f 937 992 953
f 937 987 992
f 938 954 968
f 938 978 954
f 938 968 961
f 938 967 978
f 939 952 993
f 940 944 1024
f 941 1025 945
f 941 1019 1025
f 942 1031 946
f 942 1026 1031
f 943 947 1032
f 943 1032 1027
f 944 948 1028
f 944 1028 1024
f 945 1029 949
f 945 1025 1029
f 946 1035 950
f 946 1031 1035
f 947 951 1036
f 947 1036 1032
f 948 950 1033
f 948 1033 1028
f 949 1034 951
f 949 1029 1034
f 950 1035 1033
f 951 1034 1036
f 952 958 1005
f 952 1005 993
f 953 1063 959
f 953 992 1006
f 953 1006 1063
f 954 957 980
f 954 1794 957
f 954 980 968
f 954 978 1794
f 955 961 1152
f 955 1152 1129
f 956 1151 960
f 956 1130 1151
f 957 962 1004
f 957 1769 962
f 957 1004 980
f 957 1794 998
f 957 998 1818
f 957 1818 1769
f 958 966 1062
f 958 1062 1005
f 959 1115 965
f 959 1063 1115
f 960 1171 967
f 960 1151 1166
f 960 1166 1171
f 961 968 1167
f 961 1167 1152
f 962 969 1030
f 962 1041 969
f 962 1030 1004
f 962 1022 1041
f 962 1769 1022
f 963 1078 971
f 963 1075 1078
f 964 970 1079
f 964 1074 1047
f 964 1079 1074
f 965 1164 1003
f 965 1115 1164
f 966 1002 1116
f 966 1116 1062
f 967 1177 978
f 967 1171 1177
f 968 980 1172
f 968 1172 1167
f 969 1046 972
f 969 972 1049
f 969 1049 1030
f 969 1041 1046
f 970 973 1085
f 970 1085 1079
f 971 1086 974
f 971 1078 1086
f 972 1046 975
f 972 975 1055
f 972 1054 1049
f 972 1055 1054
f 973 976 1089
f 973 1089 1085
f 974 1090 977
f 974 1086 1090
f 975 1048 981
f 975 981 1056
f 975 1046 1048
f 975 1056 1055
f 976 982 1091
f 976 1091 1089
f 977 1092 983
f 977 1090 1092
f 978 1177 1800
f 978 1822 1794
f 978 1800 1822
f 979 1012 987
f 979 996 1045
f 979 1045 1012
f 980 1004 1179
f 980 1179 1172
f 981 1048 1052
f 981 1052 1833
f 981 1827 1056
f 981 1833 1827
f 982 984 1093
f 982 1093 1091
f 983 1094 985
f 983 1092 1094
f 984 988 1093
f 985 1094 989
f 986 991 1020
f 986 1020 1012
f 986 1012 1045
f 986 1045 1015
f 987 1020 992
f 987 1012 1020
f 988 994 1109
f 988 1098 1093
f 988 1109 1098
f 989 1099 996
f 989 1094 1099
f 990 1059 995
f 990 995 1064
f 990 1052 1059
f 990 1833 1052
f 990 1064 1061
f 990 1061 1833
f 991 993 1021
f 991 1021 1020
f 992 1050 1006
f 992 1020 1021
f 992 1021 1050
f 993 1005 1021
f 994 1001 1113
f 994 1113 1109
f 995 1066 997
f 995 997 1067
f 995 1059 1066
f 995 1067 1064
f 996 1108 1045
f 996 1099 1108
f 997 999 1068
f 997 1070 999
f 997 1066 1070
f 997 1068 1067
f 998 1182 1797
f 998 1800 1182
f 998 1794 1822
f 998 1797 1818
f 998 1822 1800
f 999 1000 1069
f 999 1073 1000
f 999 1069 1068
f 999 1070 1073
f 1000 1007 1051
f 1000 1076 1007
f 1000 1051 1069
f 1000 1073 1076
f 1001 1010 1120
f 1001 1120 1113
f 1002 1038 1163
f 1002 1163 1116
f 1003 1223 1040
f 1003 1164 1223
f 1004 1030 1183
f 1004 1183 1179
f 1005 1050 1021
f 1005 1106 1050
f 1005 1062 1106
f 1006 1050 1106
f 1006 1106 1063
f 1007 1043 1008
f 1007 1008 1051
f 1007 1084 1043
f 1007 1076 1084
f 1008 1011 1009
f 1008 1009 1081
f 1008 1017 1011
f 1008 1043 1017
f 1008 1081 1051
f 1009 1011 1037
f 1009 1037 1097
f 1009 1097 1081
f 1010 1018 1127
f 1010 1127 1120
f 1011 1017 1014
f 1011 1014 1042
f 1011 1042 1037
f 1013 1153 1245
f 1013 1245 1315
f 1013 1315 1772
f 1014 1017 1023
f 1014 1023 1039
f 1014 1039 1044
f 1014 1044 1042
f 1015 1128 1019
f 1015 1045 1121
f 1015 1121 1128
f 1016 1136 1075
f 1016 1188 1136
f 1016 1257 1188
f 1016 1304 1257
f 1016 1292 1304
f 1016 1315 1292
f 1016 1772 1315
f 1017 1065 1023
f 1017 1043 1065
f 1018 1024 1131
f 1018 1131 1127
f 1019 1128 1025
f 1022 1189 1041
f 1022 1186 1189
f 1022 1797 1186
f 1022 1769 1818
f 1022 1818 1797
f 1023 1053 1039
f 1023 1083 1053
f 1023 1065 1083
f 1024 1028 1137
f 1024 1137 1131
f 1025 1138 1029
f 1025 1128 1132
f 1025 1132 1138
f 1026 1139 1031
f 1026 1133 1139
f 1027 1032 1140
f 1027 1140 1134
f 1028 1033 1141
f 1028 1141 1137
f 1029 1142 1034
f 1029 1138 1142
f 1030 1049 1191
f 1030 1191 1183
f 1031 1144 1035
f 1031 1139 1144
f 1032 1036 1145
f 1032 1145 1140
f 1033 1035 1144
f 1033 1144 1141
f 1034 1145 1036
f 1034 1142 1145
f 1037 1042 1077
f 1037 1077 1119
f 1037 1119 1097
f 1038 1057 1224
f 1038 1222 1163
f 1038 1224 1222
f 1039 1060 1044
f 1039 1053 1096
f 1039 1096 1060
f 1040 1227 1058
f 1040 1223 1227
f 1041 1190 1046
f 1041 1189 1190
f 1042 1044 1080
f 1042 1080 1077
f 1043 1110 1065
f 1043 1084 1110
f 1044 1060 1095
f 1044 1082 1080
f 1044 1095 1082
f 1045 1108 1114
f 1045 1114 1121
f 1046 1190 1048
f 1047 1074 1135
f 1047 1135 1153
f 1048 1192 1052
f 1048 1190 1192
f 1049 1054 1203
f 1049 1203 1191
f 1051 1214 1069
f 1051 1081 1214
f 1052 1193 1059
f 1052 1192 1193
f 1053 1083 1100
f 1053 1105 1096
f 1053 1100 1105
f 1054 1055 1211
f 1054 1207 1203
f 1054 1211 1207
f 1055 1056 1210
f 1055 1210 1211
f 1056 1804 1210
f 1056 1827 1804
f 1057 1071 1258
f 1057 1258 1224
f 1058 1227 1072
f 1059 1194 1066
f 1059 1193 1194
f 1060 1122 1095
f 1060 1096 1107
f 1060 1107 1122
f 1061 1064 1814
f 1061 1208 1804
f 1061 1814 1208
f 1061 1804 1827
f 1061 1827 1833
f 1062 1156 1106
f 1062 1116 1156
f 1063 1106 1156
f 1063 1156 1115
f 1064 1067 1204
f 1064 1204 1205
f 1064 1205 1814
f 1065 1126 1083
f 1065 1110 1126
f 1066 1195 1070
f 1066 1194 1195
f 1067 1068 1206
f 1067 1206 1204
f 1068 1069 1209
f 1068 1209 1206
f 1069 1214 1209
f 1070 1196 1073
f 1070 1195 1196
f 1071 1088 1261
f 1071 1763 1088
f 1071 1261 1258
f 1072 1259 1087
f 1072 1227 1259
f 1073 1197 1076
f 1073 1196 1197
f 1074 1079 1148
f 1074 1148 1135
f 1075 1149 1078
f 1075 1136 1149
f 1076 1198 1084
f 1076 1197 1198
f 1077 1080 1146
f 1077 1176 1119
f 1077 1146 1176
f 1078 1155 1086
f 1078 1149 1155
f 1079 1085 1154
f 1079 1154 1148
f 1080 1082 1147
f 1080 1147 1146
f 1081 1097 1218
f 1081 1218 1214
f 1082 1095 1159
f 1082 1150 1147
f 1082 1159 1150
f 1083 1143 1100
f 1083 1126 1143
f 1084 1202 1110
f 1084 1198 1202
f 1085 1089 1154
f 1086 1155 1090
f 1087 1260 1101
f 1087 1259 1260
f 1088 1102 1767
f 1088 1790 1102
f 1088 1767 1261
f 1089 1091 1157
f 1089 1157 1154
f 1090 1158 1092
f 1090 1155 1158
f 1091 1093 1162
f 1091 1162 1157
f 1092 1161 1094
f 1092 1158 1161
f 1093 1098 1173
f 1093 1168 1162
f 1093 1173 1168
f 1094 1174 1099
f 1094 1161 1169
f 1094 1169 1174
f 1095 1122 1178
f 1095 1178 1159
f 1096 1105 1221
f 1096 1398 1107
f 1096 1221 1356
f 1096 1356 1383
f 1096 1383 1398
f 1097 1119 1240
f 1097 1240 1218
f 1098 1109 1173
f 1099 1174 1108
f 1100 1125 1105
f 1100 1175 1125
f 1100 1143 1160
f 1100 1160 1175
f 1101 1279 1111
f 1101 1111 1789
f 1101 1260 1279
f 1102 1112 1280
f 1102 1280 1767
f 1103 1226 1133
f 1103 1423 1226
f 1103 1768 1423
f 1104 1134 1225
f 1104 1302 1165
f 1104 1225 1302
f 1105 1125 1221
f 1107 1398 1122
f 1108 1180 1114
f 1108 1174 1180
f 1109 1113 1181
f 1109 1181 1173
f 1110 1215 1126
f 1110 1202 1215
f 1111 1306 1118
f 1111 1279 1306
f 1112 1117 1307
f 1112 1307 1280
f 1113 1120 1184
f 1113 1184 1181
f 1114 1185 1121
f 1114 1180 1185
f 1115 1156 1199
f 1115 1199 1164
f 1116 1163 1156
f 1117 1123 1338
f 1117 1338 1307
f 1118 1337 1124
f 1118 1306 1337
f 1119 1176 1253
f 1119 1253 1240
f 1120 1127 1200
f 1120 1200 1184
f 1121 1201 1128
f 1121 1185 1201
f 1122 1425 1178
f 1122 1398 1425
f 1123 1129 1342
f 1123 1342 1338
f 1124 1343 1130
f 1124 1337 1343
f 1125 1175 1324
f 1125 1324 1221
f 1126 1228 1143
f 1126 1215 1228
f 1127 1131 1231
f 1127 1216 1200
f 1127 1231 1216
f 1128 1217 1132
f 1128 1201 1217
f 1129 1152 1344
f 1129 1344 1342
f 1130 1345 1151
f 1130 1343 1345
f 1131 1137 1231
f 1132 1232 1138
f 1132 1217 1232
f 1133 1241 1139
f 1133 1226 1241
f 1134 1140 1242
f 1134 1242 1225
f 1135 1148 1213
f 1135 1187 1153
f 1135 1213 1187
f 1136 1212 1149
f 1136 1188 1212
f 1137 1141 1238
f 1137 1238 1231
f 1138 1239 1142
f 1138 1232 1239
f 1139 1248 1144
f 1139 1241 1248
f 1140 1145 1249
f 1140 1249 1242
f 1141 1144 1243
f 1141 1243 1238
f 1142 1244 1145
f 1142 1239 1244
f 1143 1233 1160
f 1143 1228 1233
f 1144 1248 1243
f 1145 1244 1249
f 1146 1147 1283
f 1146 1271 1176
f 1146 1283 1271
f 1147 1150 1283
f 1148 1154 1219
f 1148 1219 1213
f 1149 1220 1155
f 1149 1212 1220
f 1150 1159 1285
f 1150 1288 1283
f 1150 1285 1288
f 1151 1352 1166
f 1151 1345 1352
f 1152 1167 1351
f 1152 1351 1344
f 1153 1187 1256
f 1153 1362 1245
f 1153 1256 1305
f 1153 1305 1362
f 1154 1157 1230
f 1154 1230 1219
f 1155 1229 1158
f 1155 1220 1229
f 1156 1163 1199
f 1157 1162 1236
f 1157 1236 1230
f 1158 1235 1161
f 1158 1229 1235
f 1159 1178 1272
f 1159 1272 1285
f 1160 1234 1175
f 1160 1233 1237
f 1160 1237 1234
f 1161 1246 1169
f 1161 1235 1246
f 1162 1168 1247
f 1162 1247 1236
f 1163 1750 1199
f 1163 1222 1747
f 1163 1747 1750
f 1164 1199 1757
f 1164 1753 1223
f 1164 1757 1753
f 1165 1302 1407
f 1165 1424 1378
f 1165 1378 1799
f 1165 1407 1495
f 1165 1495 1424
f 1166 1357 1171
f 1166 1352 1357
f 1167 1172 1358
f 1167 1358 1351
f 1168 1173 1247
f 1169 1246 1174
f 1170 1378 1423
f 1170 1799 1378
f 1170 1423 1768
f 1170 1768 1799
f 1171 1360 1177
f 1171 1357 1360
f 1172 1179 1368
f 1172 1361 1358
f 1172 1368 1361
f 1173 1181 1254
f 1173 1251 1247
f 1173 1254 1251
f 1174 1255 1180
f 1174 1246 1250
f 1174 1250 1255
f 1175 1234 1275
f 1175 1275 1324
f 1176 1271 1253
f 1177 1360 1366
f 1177 1366 1806
f 1177 1817 1800
f 1177 1806 1817
f 1178 1402 1272
f 1178 1425 1402
f 1179 1183 1375
f 1179 1375 1368
f 1180 1266 1185
f 1180 1255 1266
f 1181 1184 1265
f 1181 1265 1254
f 1182 1371 1802
f 1182 1806 1371
f 1182 1810 1797
f 1182 1800 1817
f 1182 1802 1810
f 1182 1817 1806
f 1183 1191 1389
f 1183 1389 1375
f 1184 1200 1290
f 1184 1290 1265
f 1185 1289 1201
f 1185 1266 1289
f 1186 1381 1189
f 1186 1802 1381
f 1186 1797 1810
f 1186 1810 1802
f 1187 1213 1267
f 1187 1267 1256
f 1188 1268 1212
f 1188 1257 1268
f 1189 1384 1190
f 1189 1381 1384
f 1190 1382 1192
f 1190 1385 1382
f 1190 1384 1385
f 1191 1203 1392
f 1191 1392 1389
f 1192 1377 1193
f 1192 1382 1377
f 1193 1811 1194
f 1193 1377 1811
f 1194 1359 1195
f 1194 1369 1359
f 1194 1811 1369
f 1195 1355 1196
f 1195 1359 1355
f 1196 1353 1197
f 1196 1355 1353
f 1197 1354 1198
f 1197 1353 1354
f 1198 1346 1202
f 1198 1354 1346
f 1199 1750 1252
f 1199 1252 1757
f 1200 1216 1298
f 1200 1298 1290
f 1201 1299 1217
f 1201 1289 1299
f 1202 1339 1215
f 1202 1346 1339
f 1203 1207 1392
f 1204 1376 1205
f 1204 1206 1373
f 1204 1373 1376
f 1205 1376 1815
f 1205 1773 1814
f 1205 1815 1773
f 1206 1209 1372
f 1206 1372 1373
f 1207 1211 1394
f 1207 1394 1392
f 1208 1386 1808
f 1208 1815 1386
f 1208 1814 1773
f 1208 1773 1815
f 1208 1828 1804
f 1208 1808 1828
f 1209 1214 1374
f 1209 1374 1372
f 1210 1393 1211
f 1210 1391 1393
f 1210 1808 1391
f 1210 1804 1828
f 1210 1828 1808
f 1211 1393 1394
f 1212 1274 1220
f 1212 1268 1274
f 1213 1219 1273
f 1213 1273 1267
f 1214 1218 1390
f 1214 1405 1374
f 1214 1390 1405
f 1215 1316 1228
f 1215 1339 1316
f 1216 1231 1309
f 1216 1309 1298
f 1217 1299 1232
f 1218 1240 1390
f 1219 1230 1273
f 1220 1274 1229
f 1221 1324 1356
f 1222 1224 1269
f 1222 1269 1263
f 1222 1263 1747
f 1223 1749 1227
f 1223 1262 1264
f 1223 1753 1262
f 1223 1264 1754
f 1223 1754 1749
f 1224 1258 1281
f 1224 1281 1269
f 1225 1242 1318
f 1225 1318 1302
f 1226 1317 1241
f 1226 1303 1317
f 1226 1423 1303
f 1227 1282 1259
f 1227 1270 1282
f 1227 1749 1270
f 1228 1312 1233
f 1228 1316 1312
f 1229 1274 1235
f 1230 1236 1284
f 1230 1284 1273
f 1231 1238 1313
f 1231 1313 1309
f 1232 1314 1239
f 1232 1299 1308
f 1232 1308 1314
f 1233 1300 1237
f 1233 1312 1300
f 1234 1237 1300
f 1234 1300 1275
f 1235 1297 1246
f 1235 1274 1297
f 1236 1247 1296
f 1236 1296 1284
f 1238 1243 1328
f 1238 1328 1313
f 1239 1329 1244
f 1239 1314 1329
f 1240 1253 1404
f 1240 1404 1390
f 1241 1331 1248
f 1241 1317 1331
f 1242 1249 1332
f 1242 1332 1318
f 1243 1248 1331
f 1243 1331 1328
f 1244 1332 1249
f 1244 1329 1332
f 1245 1460 1315
f 1245 1362 1413
f 1245 1413 1460
f 1246 1310 1250
f 1246 1297 1310
f 1247 1251 1311
f 1247 1311 1296
f 1250 1310 1255
f 1251 1254 1311
f 1252 1263 1262
f 1252 1262 1752
f 1252 1747 1263
f 1252 1750 1747
f 1252 1752 1757
f 1253 1271 1426
f 1253 1426 1404
f 1254 1265 1333
f 1254 1333 1311
f 1255 1334 1266
f 1255 1310 1334
f 1256 1267 1305
f 1257 1304 1268
f 1258 1261 1782
f 1258 1301 1281
f 1258 1782 1301
f 1259 1301 1260
f 1259 1282 1291
f 1259 1291 1301
f 1260 1780 1279
f 1260 1301 1330
f 1260 1330 1780
f 1261 1767 1280
f 1261 1280 1777
f 1261 1777 1330
f 1261 1330 1782
f 1262 1263 1277
f 1262 1276 1264
f 1262 1277 1276
f 1262 1753 1752
f 1263 1269 1286
f 1263 1286 1277
f 1264 1276 1278
f 1264 1278 1287
f 1264 1287 1754
f 1265 1290 1349
f 1265 1349 1333
f 1266 1350 1289
f 1266 1334 1350
f 1267 1273 1336
f 1267 1336 1305
f 1268 1335 1274
f 1268 1304 1335
f 1269 1281 1293
f 1269 1293 1286
f 1270 1294 1282
f 1270 1287 1294
f 1270 1754 1287
f 1270 1749 1754
f 1271 1283 1466
f 1271 1401 1426
f 1271 1466 1401
f 1272 1402 1285
f 1273 1284 1347
f 1273 1340 1336
f 1273 1347 1340
f 1274 1365 1297
f 1274 1335 1341
f 1274 1341 1348
f 1274 1348 1365
f 1275 1300 1370
f 1275 1370 1324
f 1276 1277 1321
f 1276 1319 1278
f 1276 1321 1319
f 1277 1286 1323
f 1277 1323 1321
f 1278 1320 1287
f 1278 1319 1320
f 1279 1778 1306
f 1279 1367 1778
f 1279 1780 1367
f 1280 1307 1774
f 1280 1774 1367
f 1280 1367 1777
f 1281 1291 1293
f 1281 1301 1291
f 1282 1295 1291
f 1282 1294 1295
f 1283 1288 1468
f 1283 1468 1466
f 1284 1296 1364
f 1284 1364 1347
f 1285 1471 1288
f 1285 1402 1447
f 1285 1447 1471
f 1286 1293 1323
f 1287 1322 1294
f 1287 1320 1322
f 1288 1471 1468
f 1289 1388 1299
f 1289 1350 1388
f 1290 1298 1387
f 1290 1387 1349
f 1291 1295 1293
f 1292 1363 1304
f 1292 1315 1459
f 1292 1414 1363
f 1292 1459 1414
f 1293 1295 1326
f 1293 1326 1323
f 1294 1327 1295
f 1294 1322 1325
f 1294 1325 1327
f 1295 1327 1326
f 1296 1311 1379
f 1296 1379 1364
f 1297 1380 1310
f 1297 1365 1380
f 1298 1309 1418
f 1298 1408 1387
f 1298 1418 1408
f 1299 1409 1308
f 1299 1388 1409
f 1300 1312 1370
f 1301 1782 1330
f 1302 1318 1432
f 1302 1432 1407
f 1303 1433 1317
f 1303 1423 1406
f 1303 1406 1433
f 1304 1363 1335
f 1305 1336 1362
f 1306 1785 1337
f 1306 1778 1410
f 1306 1410 1785
f 1307 1338 1410
f 1307 1410 1774
f 1308 1419 1314
f 1308 1409 1419
f 1309 1313 1418
f 1310 1415 1334
f 1310 1380 1396
f 1310 1396 1415
f 1311 1333 1416
f 1311 1397 1379
f 1311 1416 1397
f 1312 1316 1395
f 1312 1395 1370
f 1313 1328 1429
f 1313 1429 1418
f 1314 1428 1329
f 1314 1419 1428
f 1315 1483 1459
f 1315 1460 1484
f 1315 1488 1483
f 1315 1484 1488
f 1316 1339 1403
f 1316 1403 1395
f 1317 1444 1331
f 1317 1433 1444
f 1318 1332 1445
f 1318 1445 1432
f 1319 1529 1320
f 1319 1321 1529
f 1320 1526 1322
f 1320 1529 1526
f 1321 1323 1527
f 1321 1527 1529
f 1322 1515 1325
f 1322 1526 1515
f 1323 1326 1514
f 1323 1514 1527
f 1324 1370 1356
f 1325 1505 1327
f 1325 1515 1505
f 1326 1327 1506
f 1326 1506 1514
f 1327 1505 1502
f 1327 1502 1506
f 1328 1331 1440
f 1328 1440 1429
f 1329 1441 1332
f 1329 1428 1441
f 1330 1777 1367
f 1330 1367 1780
f 1331 1444 1440
f 1332 1441 1445
f 1333 1349 1448
f 1333 1448 1416
f 1334 1449 1350
f 1334 1415 1449
f 1335 1399 1341
f 1335 1363 1399
f 1336 1340 1400
f 1336 1400 1362
f 1337 1458 1343
f 1337 1437 1458
f 1337 1785 1437
f 1338 1342 1437
f 1338 1437 1410
f 1339 1346 1417
f 1339 1417 1403
f 1340 1347 1412
f 1340 1412 1400
f 1341 1411 1348
f 1341 1399 1411
f 1342 1344 1458
f 1342 1458 1437
f 1343 1458 1345
f 1344 1351 1464
f 1344 1464 1458
f 1345 1464 1352
f 1345 1458 1464
f 1346 1354 1427
f 1346 1427 1417
f 1347 1364 1422
f 1347 1422 1412
f 1348 1421 1365
f 1348 1411 1421
f 1349 1387 1485
f 1349 1485 1448
f 1350 1486 1388
f 1350 1449 1486
f 1351 1358 1461
f 1351 1461 1464
f 1352 1461 1357
f 1352 1464 1461
f 1353 1435 1354
f 1353 1355 1434
f 1353 1434 1435
f 1354 1435 1427
f 1355 1359 1436
f 1355 1436 1434
f 1356 1370 1420
f 1356 1420 1383
f 1357 1454 1360
f 1357 1461 1454
f 1358 1361 1453
f 1358 1453 1454
f 1358 1454 1461
f 1359 1369 1438
f 1359 1438 1436
f 1360 1453 1366
f 1360 1454 1453
f 1361 1368 1457
f 1361 1457 1453
f 1362 1400 1413
f 1363 1414 1399
f 1364 1379 1430
f 1364 1430 1422
f 1365 1431 1380
f 1365 1421 1431
f 1366 1457 1371
f 1366 1371 1806
f 1366 1453 1457
f 1367 1774 1410
f 1367 1410 1778
f 1368 1375 1462
f 1368 1462 1457
f 1369 1452 1438
f 1369 1831 1452
f 1369 1811 1839
f 1369 1839 1831
f 1370 1395 1420
f 1371 1457 1462
f 1371 1462 1819
f 1371 1820 1802
f 1371 1819 1820
f 1372 1436 1373
f 1372 1374 1434
f 1372 1434 1436
f 1373 1438 1376
f 1373 1436 1438
f 1374 1405 1435
f 1374 1435 1434
f 1375 1389 1798
f 1375 1798 1462
f 1376 1452 1386
f 1376 1386 1815
f 1376 1438 1452
f 1377 1382 1465
f 1377 1465 1831
f 1377 1839 1811
f 1377 1831 1839
f 1378 1590 1423
f 1378 1424 1564
f 1378 1564 1578
f 1378 1578 1589
f 1378 1589 1593
f 1378 1593 1590
f 1379 1397 1477
f 1379 1450 1430
f 1379 1477 1450
f 1380 1476 1396
f 1380 1431 1451
f 1380 1451 1476
f 1381 1469 1384
f 1381 1819 1469
f 1381 1802 1820
f 1381 1820 1819
f 1382 1385 1472
f 1382 1472 1465
f 1383 1442 1398
f 1383 1420 1442
f 1384 1474 1385
f 1384 1469 1474
f 1385 1475 1472
f 1385 1474 1475
f 1386 1452 1830
f 1386 1835 1808
f 1386 1830 1835
f 1387 1408 1499
f 1387 1499 1485
f 1388 1500 1409
f 1388 1486 1500
f 1389 1392 1474
f 1389 1474 1469
f 1389 1469 1798
f 1390 1404 1467
f 1390 1446 1405
f 1390 1467 1446
f 1391 1472 1393
f 1391 1465 1472
f 1391 1830 1465
f 1391 1808 1835
f 1391 1835 1830
f 1392 1394 1475
f 1392 1475 1474
f 1393 1475 1394
f 1393 1472 1475
f 1395 1403 1439
f 1395 1439 1420
f 1396 1476 1415
f 1397 1416 1477
f 1398 1463 1425
f 1398 1442 1463
f 1399 1455 1411
f 1399 1414 1455
f 1400 1412 1456
f 1400 1456 1413
f 1401 1497 1426
f 1401 1466 1497
f 1402 1425 1487
f 1402 1487 1447
f 1403 1417 1443
f 1403 1443 1439
f 1404 1426 1480
f 1404 1480 1467
f 1405 1427 1435
f 1405 1446 1427
f 1406 1423 1496
f 1406 1496 1433
f 1407 1432 1495
f 1408 1418 1511
f 1408 1511 1499
f 1409 1500 1419
f 1410 1437 1785
f 1411 1478 1421
f 1411 1455 1478
f 1412 1422 1479
f 1412 1479 1456
f 1413 1456 1460
f 1414 1459 1455
f 1415 1493 1449
f 1415 1476 1493
f 1416 1448 1494
f 1416 1494 1477
f 1417 1427 1446
f 1417 1446 1443
f 1418 1429 1522
f 1418 1522 1511
f 1419 1523 1428
f 1419 1500 1512
f 1419 1512 1523
f 1420 1439 1442
f 1421 1489 1431
f 1421 1478 1489
f 1422 1430 1490
f 1422 1490 1479
f 1423 1542 1496
f 1423 1565 1542
f 1423 1579 1565
f 1423 1590 1579
f 1424 1495 1541
f 1424 1541 1564
f 1425 1463 1487
f 1426 1497 1480
f 1428 1531 1441
f 1428 1523 1531
f 1429 1440 1530
f 1429 1530 1522
f 1430 1450 1504
f 1430 1504 1490
f 1431 1489 1451
f 1432 1445 1524
f 1432 1524 1495
f 1433 1525 1444
f 1433 1496 1525
f 1439 1473 1442
f 1439 1443 1473
f 1440 1444 1535
f 1440 1535 1530
f 1441 1534 1445
f 1441 1531 1534
f 1442 1473 1463
f 1443 1446 1470
f 1443 1470 1473
f 1444 1525 1535
f 1445 1534 1524
f 1446 1467 1470
f 1447 1501 1471
f 1447 1487 1501
f 1448 1485 1519
f 1448 1519 1494
f 1449 1518 1486
f 1449 1493 1518
f 1450 1477 1516
f 1450 1516 1504
f 1451 1517 1476
f 1451 1489 1503
f 1451 1503 1517
f 1452 1465 1830
f 1452 1831 1465
f 1455 1459 1491
f 1455 1491 1478
f 1456 1492 1460
f 1456 1479 1492
f 1459 1483 1491
f 1460 1492 1484
f 1462 1798 1836
f 1462 1836 1819
f 1463 1473 1482
f 1463 1482 1487
f 1466 1468 1498
f 1466 1498 1497
f 1467 1480 1470
f 1468 1471 1501
f 1468 1501 1498
f 1469 1836 1798
f 1469 1819 1836
f 1470 1481 1473
f 1470 1480 1481
f 1473 1481 1482
f 1476 1517 1493
f 1477 1494 1516
f 1478 1508 1489
f 1478 1491 1508
f 1479 1490 1507
f 1479 1507 1492
f 1480 1497 1481
f 1481 1498 1482
f 1481 1497 1498
f 1482 1501 1487
f 1482 1498 1501
f 1483 1488 1509
f 1483 1509 1491
f 1484 1510 1488
f 1484 1492 1510
f 1485 1499 1538
f 1485 1538 1519
f 1486 1537 1500
f 1486 1518 1537
f 1488 1513 1509
f 1488 1510 1513
f 1489 1508 1503
f 1490 1504 1507
f 1491 1509 1508
f 1492 1507 1510
f 1493 1517 1545
f 1493 1545 1518
f 1494 1546 1516
f 1494 1519 1546
f 1495 1524 1541
f 1496 1542 1525
f 1499 1511 1548
f 1499 1543 1538
f 1499 1548 1543
f 1500 1544 1512
f 1500 1537 1544
f 1502 1505 1620
f 1502 1619 1506
f 1502 1618 1619
f 1502 1620 1618
f 1503 1508 1532
f 1503 1539 1517
f 1503 1532 1539
f 1504 1533 1507
f 1504 1516 1540
f 1504 1540 1533
f 1505 1515 1621
f 1505 1621 1620
f 1506 1622 1514
f 1506 1619 1622
f 1507 1521 1510
f 1507 1536 1521
f 1507 1533 1536
f 1508 1509 1520
f 1508 1520 1547
f 1508 1547 1532
f 1509 1513 1520
f 1510 1521 1513
f 1511 1522 1548
f 1512 1549 1523
f 1512 1544 1549
f 1513 1528 1520
f 1513 1521 1528
f 1514 1624 1527
f 1514 1622 1624
f 1515 1526 1623
f 1515 1623 1621
f 1516 1561 1540
f 1516 1546 1561
f 1517 1539 1560
f 1517 1560 1545
f 1518 1566 1537
f 1518 1545 1566
f 1519 1538 1556
f 1519 1556 1546
f 1520 1528 1547
f 1521 1536 1528
f 1522 1530 1550
f 1522 1550 1548
f 1523 1551 1531
f 1523 1549 1551
f 1524 1534 1555
f 1524 1555 1541
f 1525 1554 1535
f 1525 1542 1554
f 1526 1529 1625
f 1526 1625 1623
f 1527 1625 1529
f 1527 1624 1625
f 1528 1536 1557
f 1528 1557 1547
f 1530 1535 1559
f 1530 1559 1550
f 1531 1558 1534
f 1531 1551 1558
f 1532 1547 1539
f 1533 1553 1536
f 1533 1540 1553
f 1534 1563 1555
f 1534 1558 1563
f 1535 1554 1562
f 1535 1562 1559
f 1536 1553 1557
f 1537 1566 1544
f 1538 1543 1567
f 1538 1567 1556
f 1539 1547 1552
f 1539 1552 1560
f 1540 1561 1553
f 1541 1555 1564
f 1542 1565 1554
f 1543 1548 1572
f 1543 1572 1567
f 1544 1566 1549
f 1545 1560 1566
f 1546 1556 1561
f 1547 1557 1552
f 1548 1550 1575
f 1548 1575 1572
f 1549 1574 1551
f 1549 1566 1571
f 1549 1571 1574
f 1550 1559 1584
f 1550 1584 1575
f 1551 1583 1558
f 1551 1574 1583
f 1552 1557 1568
f 1552 1568 1560
f 1553 1569 1557
f 1553 1561 1569
f 1554 1577 1562
f 1554 1565 1577
f 1555 1563 1576
f 1555 1576 1564
f 1556 1573 1561
f 1556 1567 1573
f 1557 1570 1568
f 1557 1569 1570
f 1558 1585 1563
f 1558 1583 1585
f 1559 1562 1586
f 1559 1586 1584
f 1560 1581 1566
f 1560 1568 1581
f 1561 1582 1569
f 1561 1573 1582
f 1562 1577 1586
f 1563 1585 1576
f 1564 1576 1578
f 1565 1579 1577
f 1566 1581 1571
f 1567 1572 1587
f 1567 1580 1573
f 1567 1587 1580
f 1568 1570 1592
f 1568 1592 1581
f 1569 1582 1570
f 1570 1582 1591
f 1570 1591 1596
f 1570 1596 1592
f 1571 1588 1574
f 1571 1581 1588
f 1572 1575 1587
f 1573 1580 1582
f 1574 1602 1583
f 1574 1588 1595
f 1574 1595 1602
f 1575 1584 1601
f 1575 1594 1587
f 1575 1601 1594
f 1576 1597 1578
f 1576 1585 1597
f 1577 1579 1598
f 1577 1598 1586
f 1578 1597 1589
f 1579 1590 1598
f 1580 1591 1582
f 1580 1587 1599
f 1580 1599 1591
f 1581 1592 1588
f 1583 1602 1585
f 1584 1586 1601
f 1585 1604 1597
f 1585 1602 1604
f 1586 1598 1603
f 1586 1603 1601
f 1587 1594 1599
f 1588 1592 1600
f 1588 1600 1595
f 1589 1608 1593
f 1589 1597 1608
f 1590 1593 1609
f 1590 1609 1598
f 1591 1605 1596
f 1591 1599 1605
f 1592 1596 1600
f 1593 1608 1611
f 1593 1611 1609
f 1594 1606 1599
f 1594 1601 1613
f 1594 1613 1606
f 1595 1600 1607
f 1595 1612 1602
f 1595 1607 1612
f 1596 1605 1600
f 1597 1604 1608
f 1598 1609 1603
f 1599 1606 1605
f 1600 1605 1607
f 1601 1603 1615
f 1601 1615 1613
f 1602 1612 1604
f 1603 1609 1615
f 1604 1614 1608
f 1604 1612 1614
f 1605 1606 1610
f 1605 1610 1607
f 1606 1616 1610
f 1606 1613 1616
f 1607 1610 1612
f 1608 1614 1611
f 1609 1611 1615
f 1610 1616 1612
f 1611 1614 1617
f 1611 1617 1615
f 1612 1616 1614
f 1613 1615 1616
f 1614 1616 1617
f 1615 1617 1616
f 1618 1627 1619
f 1618 1620 1628
f 1618 1626 1627
f 1618 1628 1626
f 1619 1629 1622
f 1619 1627 1629
f 1620 1621 1630
f 1620 1630 1628
f 1621 1623 1632
f 1621 1632 1630
f 1622 1631 1624
f 1622 1629 1631
f 1623 1625 1634
f 1623 1634 1632
f 1624 1634 1625
f 1624 1631 1634
f 1626 1635 1627
f 1626 1628 1636
f 1626 1633 1635
f 1626 1636 1633
f 1627 1640 1629
f 1627 1635 1640
f 1628 1630 1641
f 1628 1641 1636
f 1629 1648 1631
f 1629 1640 1648
f 1630 1632 1647
f 1630 1647 1641
f 1631 1649 1634
f 1631 1648 1649
f 1632 1634 1647
f 1633 1637 1635
f 1633 1636 1638
f 1633 1638 1637
f 1634 1649 1647
f 1635 1637 1639
f 1635 1639 1640
f 1636 1645 1638
f 1636 1641 1645
f 1637 1638 1643
f 1637 1642 1639
f 1637 1643 1642
f 1638 1650 1643
f 1638 1645 1650
f 1639 1646 1640
f 1639 1642 1644
f 1639 1644 1646
f 1640 1646 1653
f 1640 1653 1648
f 1641 1647 1645
f 1642 1643 1657
f 1642 1654 1644
f 1642 1657 1654
f 1643 1650 1662
f 1643 1662 1657
f 1644 1651 1646
f 1644 1656 1651
f 1644 1654 1656
f 1645 1647 1652
f 1645 1652 1650
f 1646 1651 1659
f 1646 1659 1653
f 1647 1649 1652
f 1648 1655 1649
f 1648 1653 1655
f 1649 1655 1652
f 1650 1652 1658
f 1650 1658 1662
f 1651 1656 1661
f 1651 1663 1659
f 1651 1661 1663
f 1652 1655 1658
f 1653 1660 1655
f 1653 1659 1660
f 1654 1667 1656
f 1654 1657 1669
f 1654 1669 1667
f 1655 1660 1658
f 1656 1666 1661
f 1656 1667 1666
f 1657 1662 1671
f 1657 1671 1669
f 1658 1660 1664
f 1658 1664 1662
f 1659 1665 1660
f 1659 1663 1665
f 1660 1665 1664
f 1661 1670 1663
f 1661 1666 1668
f 1661 1668 1670
f 1662 1664 1671
f 1663 1672 1665
f 1663 1670 1672
f 1664 1665 1673
f 1664 1673 1671
f 1665 1672 1673
f 1666 1667 1675
f 1666 1674 1668
f 1666 1675 1674
f 1667 1669 1678
f 1667 1678 1675
f 1668 1679 1670
f 1668 1674 1676
f 1668 1676 1679
f 1669 1671 1686
f 1669 1686 1678
f 1670 1689 1672
f 1670 1679 1689
f 1671 1673 1686
f 1672 1695 1673
f 1672 1689 1695
f 1673 1695 1686
f 1674 1675 1677
f 1674 1677 1676
f 1675 1682 1677
f 1675 1678 1692
f 1675 1692 1682
f 1676 1677 1681
f 1676 1691 1679
f 1676 1681 1691
f 1677 1680 1681
f 1677 1685 1680
f 1677 1682 1685
f 1678 1686 1703
f 1678 1703 1692
f 1679 1691 1689
f 1680 1684 1681
f 1680 1683 1684
f 1680 1690 1683
f 1680 1685 1690
f 1681 1684 1697
f 1681 1697 1691
f 1682 1692 1685
f 1683 1688 1684
f 1683 1687 1688
f 1683 1696 1687
f 1683 1690 1696
f 1684 1688 1700
f 1684 1700 1697
f 1685 1699 1690
f 1685 1692 1699
f 1686 1695 1703
f 1687 1694 1688
f 1687 1693 1694
f 1687 1701 1693
f 1687 1696 1701
f 1688 1694 1705
f 1688 1705 1700
f 1689 1691 1702
f 1689 1702 1695
f 1690 1704 1696
f 1690 1699 1704
f 1691 1697 1702
f 1692 1703 1699
f 1693 1698 1694
f 1693 1711 1698
f 1693 1701 1716
f 1693 1706 1711
f 1693 1716 1706
f 1694 1698 1710
f 1694 1710 1705
f 1695 1702 1708
f 1695 1708 1703
f 1696 1712 1701
f 1696 1704 1712
f 1697 1700 1713
f 1697 1707 1702
f 1697 1713 1707
f 1698 1721 1710
f 1698 1711 1721
f 1699 1703 1709
f 1699 1709 1704
f 1700 1705 1718
f 1700 1718 1713
f 1701 1712 1717
f 1701 1717 1716
f 1702 1707 1708
f 1703 1708 1714
f 1703 1714 1709
f 1704 1709 1715
f 1704 1715 1712
f 1705 1710 1722
f 1705 1722 1718
f 1706 1729 1711
f 1706 1716 1728
f 1706 1728 1729
f 1707 1714 1708
f 1707 1713 1714
f 1709 1714 1719
f 1709 1719 1715
f 1710 1721 1727
f 1710 1727 1722
f 1711 1733 1721
f 1711 1729 1733
f 1712 1715 1720
f 1712 1720 1717
f 1713 1719 1714
f 1713 1718 1719
f 1715 1719 1723
f 1715 1723 1720
f 1716 1717 1725
f 1716 1725 1734
f 1716 1731 1728
f 1716 1734 1731
f 1717 1720 1724
f 1717 1724 1730
f 1717 1730 1725
f 1718 1723 1719
f 1718 1722 1723
f 1720 1723 1726
f 1720 1726 1724
f 1721 1733 1727
f 1722 1726 1723
f 1722 1727 1726
f 1724 1726 1732
f 1724 1732 1730
f 1725 1730 1737
f 1725 1737 1734
f 1726 1727 1732
f 1727 1738 1732
f 1727 1733 1736
f 1727 1736 1738
f 1728 1735 1729
f 1728 1731 1735
f 1729 1739 1733
f 1729 1735 1740
f 1729 1740 1739
f 1730 1732 1738
f 1730 1738 1737
f 1731 1734 1742
f 1731 1741 1735
f 1731 1742 1741
f 1733 1739 1736
f 1734 1737 1742
f 1735 1741 1740
f 1736 1743 1738
f 1736 1739 1744
f 1736 1744 1743
f 1737 1738 1743
f 1737 1745 1742
f 1737 1743 1745
f 1739 1740 1744
f 1740 1741 1746
f 1740 1746 1744
f 1741 1742 1745
f 1741 1745 1746
f 1743 1744 1745
f 1744 1746 1745
f 1752 1753 1757
