time_s,sample,offset_x_m,offset_y_m,offset_z_m,volume_m3,mechanical_change_j,support_work_j,viscous_heat_j,numerical_defect_j
0.000000,0,0.000000004,-0.000000012,0.000000000,0.095347012947,0.000000000000,0.000000000000,0.000000000000,0.000000000000
0.000000,1,-0.000000004,-0.000000012,0.000000000,0.095347012947,0.000000000000,0.000000000000,0.000000000000,0.000000000000
0.000000,2,0.000000004,0.000000000,0.000000004,0.088990545417,0.000000000000,0.000000000000,0.000000000000,0.000000000000
0.000000,3,-0.000000004,0.000000000,0.000000004,0.088990545417,0.000000000000,0.000000000000,0.000000000000,0.000000000000
0.050000,0,-0.000025548,-0.012063906,-0.000137513,0.095364154434,-0.050134241147,0.003346638595,0.053453424652,-0.000027455090
0.050000,1,-0.000025556,-0.012063734,-0.000094161,0.095364278444,-0.047847397454,0.005676111862,0.053495992997,-0.000027516320
0.050000,2,0.000025593,-0.011390943,-0.000163473,0.089008469774,-0.077282285423,-0.022618463872,0.054640107120,-0.000023714432
0.050000,3,0.000025584,-0.011560702,-0.000193361,0.089008909945,-0.022628933932,0.033627432663,0.056232300615,-0.000024065979
0.100000,0,-0.000169276,-0.044467496,-0.001120447,0.095400750409,-1.176250075213,0.094331601288,1.270522434686,-0.000059241815
0.100000,1,-0.000169154,-0.044463185,-0.000849625,0.095401119596,-1.149965516087,0.123672598950,1.273578815737,-0.000059299299
0.100000,2,0.000155406,-0.040092745,-0.001520180,0.089045787756,-1.491905959905,-0.230204967628,1.261653968849,-0.000047023428
0.100000,3,0.000155174,-0.041095041,-0.001706049,0.089047773841,-0.856158804656,0.472778887647,1.328891063335,-0.000046628968
0.150000,0,-0.000395539,-0.086422252,-0.004481311,0.095450268436,-6.210167256556,0.369187246770,6.579289783663,-0.000064719663
0.150000,1,-0.000394924,-0.086392269,-0.003919940,0.095450788229,-6.113685614572,0.484928777432,6.598549974563,-0.000064417440
0.150000,2,0.000283167,-0.074256866,-0.006275649,0.089077966223,-7.015468574606,-0.778156991340,6.237259174033,-0.000052409233
0.150000,3,0.000282014,-0.076044658,-0.006597182,0.089082103421,-4.923293832960,1.706784995811,6.630029286344,-0.000049542427
0.200000,0,-0.000484035,-0.124008225,-0.012505979,0.095490833684,-17.336609780651,0.369991016989,17.706552574287,-0.000048223353
0.200000,1,-0.000483077,-0.123912255,-0.012031436,0.095490870157,-17.180648174143,0.556242800647,17.736843328664,-0.000047646126
0.200000,2,0.000122596,-0.103584313,-0.016726769,0.089111344348,-17.613566610866,-1.434074359589,16.179455626887,-0.000036624389
0.200000,3,0.000120975,-0.104329600,-0.016834057,0.089114400380,-14.598396712480,2.436359932577,17.034722739731,-0.000033905326
0.250000,0,-0.000177964,-0.149030829,-0.026690197,0.095504495488,-32.781384334312,-0.277511924254,32.503844738574,-0.000027671484
0.250000,1,-0.000178263,-0.148868744,-0.027069047,0.095503305607,-32.650211203459,-0.164782992778,32.485400313917,-0.000027896764
0.250000,2,-0.000492888,-0.124575167,-0.033088727,0.089125882421,-30.131416518421,-0.944163341803,29.187235138147,-0.000018038470
0.250000,3,-0.000490312,-0.121653805,-0.032783889,0.089119466867,-29.031059070779,0.821819738865,29.852860254160,-0.000018555485
0.300000,0,0.000621634,-0.161691273,-0.045830773,0.095490252577,-47.096624687444,-0.246121926953,46.850482563329,-0.000020197162
0.300000,1,0.000621526,-0.161592861,-0.047688076,0.095487828608,-46.997425118755,-0.223534300218,46.773869631421,-0.000021187117
0.300000,2,-0.001275105,-0.137755158,-0.052006937,0.089114010654,-39.046712856304,2.972990350726,42.019696005854,-0.000007201177
0.300000,3,-0.001275160,-0.130314659,-0.051565043,0.089091974059,-43.556680270574,-2.290025039641,41.266640475387,-0.000014755546
0.350000,0,0.001738378,-0.165505709,-0.065494643,0.095459703849,-56.669106162657,1.601776786473,58.270866818611,-0.000016130518
0.350000,1,0.001749202,-0.165732591,-0.068623458,0.095457427330,-56.418892591589,1.906835636962,58.325712879774,-0.000015348777
0.350000,2,-0.001581845,-0.142464075,-0.067509218,0.089092070258,-41.897142995867,10.662758674672,52.559901685026,0.000000014487
0.350000,3,-0.001627057,-0.133714046,-0.066545463,0.089060810005,-54.683572987883,-4.705707062939,49.977861790497,-0.000004134447
0.400000,0,0.002708066,-0.164146499,-0.079738213,0.095431170808,-62.972334196520,3.691071154826,66.663396757205,-0.000008594140
0.400000,1,0.002740335,-0.164947081,-0.082841263,0.095431072533,-62.440301306132,4.658426694172,67.098722140671,-0.000005859633
0.400000,2,-0.000928594,-0.138596274,-0.074879096,0.089063925466,-42.296354664623,17.679203896693,59.975565402021,0.000006840705
0.400000,3,-0.001046213,-0.135257471,-0.071421513,0.089042214925,-62.497710563334,-6.005179240524,56.492537021758,0.000005698948
0.450000,0,0.002947232,-0.161244758,-0.085014984,0.095409699994,-68.496454888904,3.980568626395,72.477024095476,0.000000580177
0.450000,1,0.002982856,-0.162637528,-0.086285191,0.095412820662,-67.947916564336,5.320481989259,73.268400571478,0.000002017883
0.450000,2,0.000535440,-0.129882161,-0.074272759,0.089045267917,-44.714344830237,19.496057736131,64.210420262931,0.000017696563
0.450000,3,0.000441195,-0.138536584,-0.066423681,0.089054394556,-68.137717715225,-7.085541683511,61.052177868631,0.000001836917
0.500000,0,0.001934525,-0.160460786,-0.082032179,0.095404685302,-73.441850740787,2.560558695775,76.002410026500,0.000000589938
0.500000,1,0.001932992,-0.162006343,-0.080075685,0.095411086500,-73.482671723085,3.386090825629,76.868761434103,-0.000001114610
0.500000,2,0.002029519,-0.121955942,-0.068628187,0.089028874153,-48.745913603712,17.374858088444,66.120793777845,0.000022085688
0.500000,3,0.002120657,-0.145234274,-0.057231990,0.089076943381,-70.140827248118,-5.944580063803,64.196241620714,-0.000005563600
0.550000,0,-0.000517130,-0.165658069,-0.073445461,0.095425112647,-76.501648052704,1.396024587318,77.897658906154,-0.000013733868
0.550000,1,-0.000536537,-0.166550421,-0.067739120,0.095433794775,-77.366436523907,1.318355916277,78.684778179759,-0.000014260425
0.550000,2,0.002746890,-0.120752835,-0.059080162,0.089028860604,-52.656771673816,14.250815862096,66.907603782290,0.000016246378
0.550000,3,0.002841706,-0.153816469,-0.048170517,0.089110610849,-63.358486486757,4.401602493248,67.760099281779,0.000010301774
0.600000,0,-0.003940641,-0.178004404,-0.061535721,0.095460924141,-75.888115013194,3.877459775846,79.765558805512,-0.000015983528
0.600000,1,-0.003870711,-0.177442939,-0.052631433,0.095468898724,-76.904963718540,3.738256809505,80.643207876442,-0.000012651604
0.600000,2,0.002243196,-0.130225267,-0.045739130,0.089054239180,-58.537566425433,8.727053394257,67.264618205808,-0.000001613883
0.600000,3,0.001837605,-0.159245863,-0.040676087,0.089139032259,-44.316999491865,29.096898640007,73.413934662998,0.000036531127
0.650000,0,-0.007264604,-0.190830489,-0.048723895,0.095492563811,-72.440219894633,10.912807803301,83.353030041425,0.000002343491
0.650000,1,-0.007036355,-0.188356537,-0.038744937,0.095495078664,-72.851222339961,11.650821133615,84.502052313169,0.000008839593
0.650000,2,0.000179189,-0.147529045,-0.031340385,0.089092095667,-67.891726279802,0.685806375933,68.577533180694,0.000000524958
0.650000,3,-0.000636094,-0.154506274,-0.036008501,0.089128514587,-22.785826497290,56.616008719049,79.401880541015,0.000045324677
0.700000,0,-0.009061649,-0.192578814,-0.038209932,0.095495198490,-72.236088893004,15.578607395415,87.814713628063,0.000017339645
0.700000,1,-0.008807425,-0.188364102,-0.031080390,0.095488663488,-71.976427268550,17.038873112919,89.015322139931,0.000021758462
0.700000,2,-0.003564065,-0.162946647,-0.020887909,0.089127651673,-79.195646254900,-6.436238194583,72.759429673622,0.000021613305
0.700000,3,-0.003422594,-0.135116953,-0.036520781,0.089072574108,-14.256585340748,67.879387036118,82.136020951710,0.000048574844
0.750000,0,-0.008116178,-0.179263870,-0.032304072,0.095454861011,-77.710748348252,12.575551202859,90.286311661858,0.000012110748
0.750000,1,-0.008091070,-0.174234908,-0.032626334,0.095438969160,-77.196044901808,13.977235055425,91.173296564797,0.000016607564
0.750000,2,-0.007573649,-0.169699812,-0.018482540,0.089133315276,-84.159377440871,-5.500348582224,78.659067704295,0.000038845649
0.750000,3,-0.005695574,-0.107120489,-0.043728302,0.089000117624,-15.758039674750,67.626552410893,83.384662457428,0.000070371785
0.800000,0,-0.004075687,-0.162194206,-0.030842325,0.095415079321,-83.075694118931,7.886584649243,90.962297199304,0.000018431130
0.800000,1,-0.004263984,-0.158194019,-0.041398867,0.095394189693,-82.486380997480,9.104652540078,91.591060862790,0.000027325233
0.800000,2,-0.009582962,-0.171495575,-0.026134229,0.089129076483,-70.691432499390,12.864541103006,83.556010182856,0.000036580460
0.800000,3,-0.007683209,-0.089510249,-0.053516718,0.088962628828,-12.685146306817,75.709302324305,88.394547098968,0.000098467846
0.850000,0,0.002144147,-0.158824866,-0.031695476,0.095409360850,-83.459720243869,8.051587886718,91.511334715969,0.000026585382
0.850000,1,0.002121502,-0.158479984,-0.051196188,0.095391068847,-83.097636912041,8.988321788396,92.085996140468,0.000037440031
0.850000,2,-0.008786740,-0.173498660,-0.043419012,0.089129779523,-34.386484900739,52.727788619678,87.114309527057,0.000036006640
0.850000,3,-0.009237024,-0.100212735,-0.056490396,0.088974394497,-8.782620414565,86.363130993152,95.145853810282,0.000102402565
0.900000,0,0.008472738,-0.174279333,-0.033594345,0.095436346815,-76.373073605783,15.545285575662,91.918374710774,0.000015529329
0.900000,1,0.008908047,-0.179783759,-0.056782082,0.095429480455,-76.538245954938,15.827431976658,92.365695154275,0.000017222679
0.900000,2,-0.006175983,-0.171738234,-0.065365377,0.089123731155,10.529232221727,100.602860253206,90.073661801851,0.000033770372
0.900000,3,-0.008813107,-0.139509341,-0.048757991,0.089024985084,-14.558241329862,83.192206672054,97.750523819092,0.000075817176
0.950000,0,0.012744523,-0.194006323,-0.038483493,0.095470944272,-66.576185567943,26.595721474010,93.171930027573,0.000022985619
0.950000,1,0.013336148,-0.205217832,-0.058060334,0.095485471764,-67.385164467757,26.806096465787,94.191288756393,0.000027822849
0.950000,2,-0.003907358,-0.157195473,-0.084683444,0.089077214758,36.274774219956,128.191630724460,91.916906329767,0.000049825263
0.950000,3,-0.003907664,-0.187590977,-0.036009816,0.089135468060,-34.056387934684,68.589501349938,102.645977505423,0.000088220800
1.000000,0,0.013555683,-0.199162830,-0.049438552,0.095458666560,-67.462028787863,27.654687716816,95.116740394919,0.000023890239
1.000000,1,0.013576419,-0.212897059,-0.058175873,0.095492685871,-70.114123165140,27.806615174424,97.920778806678,0.000040467114
1.000000,2,-0.002558215,-0.128014721,-0.098203163,0.088987907238,36.902438442903,130.782915670265,93.880554196768,0.000076969406
1.000000,3,0.004123111,-0.219147351,-0.024781557,0.089246650742,-58.061771837018,61.645860888107,119.707757063045,0.000124337919
1.050000,0,0.009824695,-0.190294571,-0.065873885,0.095413091417,-76.904740694342,19.263667517463,96.168437690871,0.000029479067
1.050000,1,0.009080540,-0.201562464,-0.059038129,0.095448370949,-82.753229606679,17.382114035213,100.135384035411,0.000040393519
1.050000,2,-0.001089209,-0.101253832,-0.105465458,0.088931395279,52.147707743273,155.832334504935,103.684734606921,0.000107845259
1.050000,3,0.007047670,-0.225912817,-0.021967973,0.089264408350,-54.091200454308,87.320453346525,141.411798467089,0.000144666255
1.100000,0,0.001368133,-0.188096760,-0.081711618,0.095395872981,-82.297134922217,15.255433301927,97.552618529105,0.000050304961
1.100000,1,0.000641910,-0.191783320,-0.059393909,0.095420990943,-90.436112220761,10.430731876681,100.866893422126,0.000049324684
1.100000,2,0.001231697,-0.105366876,-0.102076504,0.088947824763,93.202682582425,215.884094069378,122.681550188933,0.000138701981
1.100000,3,0.005405427,-0.214506498,-0.035422065,0.089206728467,0.825390341068,156.740137857126,155.914876459192,0.000128943133
1.150000,0,-0.009839312,-0.207408448,-0.090067158,0.095436377892,-76.327060435716,23.188424686465,99.515527199266,0.000042077085
1.150000,1,-0.009653954,-0.200080005,-0.057580057,0.095442829178,-85.426280794589,15.853590663438,101.279913400849,0.000041942822
1.150000,2,0.000490041,-0.149186192,-0.082829996,0.088996107622,115.076872208153,249.501665585614,134.424900148355,0.000106770894
1.150000,3,0.002479336,-0.191195503,-0.063609050,0.089143357391,80.483968264105,242.998787486314,162.514925566090,0.000106343881
1.200000,0,-0.019613997,-0.235581663,-0.088941440,0.095517214421,-58.313177627289,45.095953373937,103.409189473259,0.000058472032
1.200000,1,-0.018743665,-0.218564614,-0.055278432,0.095491207137,-68.071148998381,34.569300858692,102.640502001675,0.000052144603
1.200000,2,-0.008635587,-0.213689013,-0.054522936,0.089142590062,90.971382912240,231.039165637136,140.067863339285,0.000080614388
1.200000,3,0.003392552,-0.159690290,-0.093234701,0.089074607794,131.900523262956,296.106499083482,164.206087984143,0.000112163618
1.250000,0,-0.023756101,-0.244038836,-0.081243556,0.095534174965,-50.041244616328,59.941219535705,109.982550923316,0.000086771282
1.250000,1,-0.023860469,-0.223313154,-0.056710325,0.095486610623,-58.561172112708,47.003485991033,105.564727287111,0.000069183370
1.250000,2,-0.026733382,-0.263362586,-0.022911365,0.089366854019,30.888842035229,200.260772495956,169.372045086726,0.000114625998
1.250000,3,0.004445774,-0.119218586,-0.112000899,0.088956724138,131.669725127652,298.184649001560,166.515064756633,0.000140882725
1.300000,0,-0.020269137,-0.221376028,-0.070908348,0.095454636879,-61.222588635809,52.025870595487,113.248536397412,0.000077166116
1.300000,1,-0.022220174,-0.203822980,-0.064635558,0.095411777527,-65.869392122906,40.972144531313,106.841609469153,0.000072814934
1.300000,2,-0.036121141,-0.270919563,0.005019455,0.089421404417,3.840069118839,220.286346969856,216.446404687299,0.000126836282
1.300000,3,0.005743692,-0.077927613,-0.117191037,0.088882618330,142.086041361750,325.130044767258,183.044175370306,0.000171964798
1.350000,0,-0.009788910,-0.189167668,-0.059041910,0.095390152220,-72.068947141983,42.598201666803,114.667268431500,0.000119622714
1.350000,1,-0.012344097,-0.180533154,-0.075979590,0.095357248262,-73.087351876753,35.702560173459,108.790016186205,0.000104135992
1.350000,2,-0.033007705,-0.240950964,0.008030518,0.089276876445,62.496835574384,309.733021545929,247.236299787349,0.000113815803
1.350000,3,0.005488774,-0.070251129,-0.115149710,0.088912741063,232.398503908395,453.441920002181,221.043616301272,0.000200207486
1.400000,0,0.004894164,-0.180720046,-0.044577549,0.095396948551,-74.799042070000,42.751099653406,117.550264429276,0.000122705870
1.400000,1,0.003227831,-0.185391548,-0.082881390,0.095374477792,-73.177184385269,38.947574144285,112.124858944360,0.000100414806
1.400000,2,-0.022540256,-0.197009831,-0.023142396,0.089126942830,159.139797025023,418.709060751140,259.569377798845,0.000114072727
1.400000,3,0.005485307,-0.119801964,-0.101853267,0.088972533995,333.950999496443,587.483256379268,253.532440514201,0.000183631375
1.450000,0,0.018731418,-0.203950694,-0.029435863,0.095471575641,-60.710609992771,58.889256597396,119.599972738000,0.000106147833
1.450000,1,0.017779933,-0.222752054,-0.081006559,0.095473911685,-57.544371788574,55.762816084532,113.307258749345,0.000070876239
1.450000,2,-0.018697415,-0.155891223,-0.069935812,0.089056287776,222.907914326107,489.429788397639,266.521981529640,0.000107458108
1.450000,3,0.019629837,-0.207765842,-0.078462629,0.089082410199,333.674477857564,596.003797543632,262.329485078719,0.000165392651
1.500000,0,0.028317291,-0.230187098,-0.020583107,0.095541166944,-38.675701654728,86.044389364170,124.720231662117,0.000140643219
1.500000,1,0.026023347,-0.257711414,-0.072241556,0.095586750087,-34.321356834212,85.046238889664,119.367695119147,0.000099395270
1.500000,2,-0.015294831,-0.119694480,-0.107840958,0.088969841801,219.782871360642,493.282902548429,273.500167461791,0.000136274004
1.500000,3,0.046893928,-0.290106780,-0.042109911,0.089426332777,230.606504069390,531.824083388710,301.217760137863,0.000180818543
1.550000,0,0.031108147,-0.225189415,-0.026050083,0.095496281365,-40.499507400817,90.149545346341,130.649205651981,0.000152904822
1.550000,1,0.026107822,-0.252902811,-0.061448826,0.095550824809,-38.902868813928,89.494205508618,128.397183408147,0.000109085600
1.550000,2,-0.016582292,-0.081690691,-0.126950946,0.088885552687,201.390938198089,489.627406615410,288.236633126685,0.000164709363
1.550000,3,0.067995569,-0.320606934,0.008214694,0.089652568201,127.632622021573,515.017076627713,387.384641415806,0.000186809666
1.600000,0,0.024636048,-0.192342743,-0.047589764,0.095381207127,-54.433492800933,78.350524807040,132.784177576825,0.000159968852
1.600000,1,0.018261890,-0.213008576,-0.052279585,0.095424466723,-57.401156154794,73.979737957960,131.380993303614,0.000099190860
1.600000,2,-0.018467225,-0.062784841,-0.139381559,0.088862515428,277.990065667019,602.555882885140,324.566016146534,0.000198928411
1.600000,3,0.064735607,-0.285176382,0.032705722,0.089440526114,148.094466147460,602.043288181515,453.949011687820,0.000189653765
1.650000,0,0.010286828,-0.173002487,-0.073269784,0.095331904593,-59.561743556241,78.723975012724,138.285905415959,0.000186846994
1.650000,1,0.003648129,-0.179911733,-0.043185666,0.095365651241,-65.806631072636,69.642370007961,135.449126108999,0.000125028402
1.650000,2,-0.011622815,-0.103055462,-0.149095758,0.088931735384,469.098031647066,846.783088310111,377.685284517956,0.000227854910
1.650000,3,0.046079164,-0.214190575,0.002357558,0.089136453015,257.794576076099,735.481483837358,477.687091298312,0.000183537052
1.700000,0,-0.006777044,-0.198333592,-0.088126731,0.095389292901,-54.856648072243,88.402477197885,143.259287173370,0.000161903241
1.700000,1,-0.013625755,-0.185032594,-0.032389664,0.095405214144,-63.464523046723,76.457158611973,139.921784960821,0.000103302125
1.700000,2,-0.021504938,-0.194483199,-0.134928246,0.089023336235,575.086931390453,981.960107820200,406.873366993792,0.000190564043
1.700000,3,0.036524462,-0.153212034,-0.054727621,0.089047337622,330.621355172436,825.602241116583,494.981074394535,0.000188450388
1.750000,0,-0.019425755,-0.249151161,-0.089024396,0.095538103089,-29.846030068932,116.539307782045,146.385494629780,0.000156778803
1.750000,1,-0.027825309,-0.217387981,-0.023418740,0.095503094135,-41.914030194365,100.397012930155,142.311142491014,0.000099366494
1.750000,2,-0.053558555,-0.290541482,-0.088978556,0.089297594737,513.911565106804,950.702240076719,436.790863672159,0.000188702242
1.750000,3,0.029088032,-0.112205526,-0.098092329,0.089016442853,312.605931532026,828.329830553402,515.724089799208,0.000190777832
1.800000,0,-0.024544027,-0.275589150,-0.081972430,0.095618291581,-15.248103112149,142.702075104407,157.950367360939,0.000189144384
1.800000,1,-0.035978502,-0.237525712,-0.024056314,0.095537306162,-26.828336514999,121.432129007618,148.260595143602,0.000129620985
1.800000,2,-0.082920730,-0.359289645,-0.016797331,0.089719919101,361.579936998126,895.343348845835,533.763607046710,0.000195198999
1.800000,3,0.023380529,-0.078783884,-0.112975040,0.088921513047,258.654174778795,794.974695911729,536.320717356040,0.000196223105
1.850000,0,-0.019919149,-0.252254882,-0.073682060,0.095501935757,-37.150903689095,130.097957748951,167.249033683708,0.000172245662
1.850000,1,-0.033488897,-0.219985518,-0.041639706,0.095437804925,-40.385062981154,112.290343519222,152.675532891429,0.000126391052
1.850000,2,-0.085700054,-0.345522938,0.045688117,0.089701538548,297.401242259171,947.720047346828,650.319001444303,0.000196356643
1.850000,3,0.022167748,-0.058074007,-0.126893706,0.088843061087,277.497633113000,845.364937317836,567.867507977873,0.000203773036
1.900000,0,-0.005829225,-0.206366947,-0.064286270,0.095379392971,-54.719804223165,115.865251205044,170.585242962959,0.000187534750
1.900000,1,-0.020128493,-0.187524451,-0.070314475,0.095342171088,-51.068545825466,105.360214582825,156.428913217704,0.000152809412
1.900000,2,-0.064600762,-0.253723952,0.051389898,0.089313180229,410.884638249871,1121.196715232085,710.312275258626,0.000198276409
1.900000,3,0.013398091,-0.075660892,-0.158705792,0.088932110200,450.382464278744,1066.699053075907,616.316800384671,0.000211587506
1.950000,0,0.014265061,-0.186679591,-0.050362064,0.095372672512,-60.330331221834,116.007750521968,176.338277988666,0.000196244863
1.950000,1,-0.000992116,-0.188435376,-0.091396345,0.095354125143,-52.466164427087,111.186426910970,163.652755794091,0.000164456033
1.950000,2,-0.050371238,-0.166862818,0.010848204,0.089091677823,512.805639911967,1259.721202797426,746.915760498081,0.000197612617
1.950000,3,0.004645099,-0.150843309,-0.164192410,0.089011267454,651.850587668965,1315.397524029699,663.547134728602,0.000198367867
2.000000,0,0.032419429,-0.207053366,-0.033549313,0.095456891088,-49.025499540003,130.445177412297,179.470845557722,0.000168605423
2.000000,1,0.015579436,-0.233029245,-0.096751454,0.095469484095,-37.142692352751,129.949423482176,167.092251851783,0.000136016855
2.000000,2,-0.032171333,-0.100969740,-0.026274642,0.089058643901,485.269132332152,1284.232402913453,798.963469844636,0.000199263332
2.000000,3,0.025789194,-0.256179434,-0.124325401,0.089163770091,677.192941947596,1365.558103189622,688.365349959208,0.000188717181
2.050000,0,0.045400881,-0.237656098,-0.022334706,0.095546303369,-24.763335016556,159.222874639061,183.986400758649,0.000191103033
2.050000,1,0.025286786,-0.277610781,-0.091497881,0.095615506523,-9.001803399370,166.393809018683,175.395779551831,0.000167133777
2.050000,2,-0.021927773,-0.044801393,-0.037878225,0.088918388483,379.520798862032,1236.535017412322,857.014422488249,0.000203937955
2.050000,3,0.060258873,-0.353993327,-0.057149570,0.089627050447,530.602043358156,1291.749073823400,761.147223989529,0.000193524285
2.100000,0,0.049539494,-0.238979352,-0.026579374,0.095506508057,-26.252496014225,165.582990997023,191.835692484061,0.000205472814
2.100000,1,0.026505866,-0.276848576,-0.082771068,0.095585745250,-14.769355290444,174.639601118520,189.409143683997,0.000187275032
2.100000,2,-0.008676997,-0.018285757,-0.043819467,0.088801446665,307.749056569094,1223.548403189281,915.799545936952,0.000199316761
2.100000,3,0.065624149,-0.380762567,0.022234943,0.089854229092,385.254776540364,1279.273112323498,894.018534935610,0.000199152476
2.150000,0,0.039962058,-0.206282351,-0.049034943,0.095386209739,-43.440835862884,152.280099090650,195.721145575351,0.000210621818
2.150000,1,0.017660182,-0.232980167,-0.072966714,0.095421964339,-38.870668790419,155.792689408477,194.663536827732,0.000178628836
2.150000,2,0.003846862,-0.029042098,-0.074192078,0.089040997805,373.843795581037,1343.044950726322,969.201356433953,0.000201288664
2.150000,3,0.045530472,-0.309219540,0.059313517,0.089529573985,421.605079078001,1412.931971534524,991.327088129549,0.000195673026
2.200000,0,0.021570612,-0.180449676,-0.073531701,0.095333534830,-49.999439021069,152.381129793662,202.380809910949,0.000241096217
2.200000,1,-0.000822618,-0.191877517,-0.058150722,0.095355667765,-49.873688110924,150.227269130632,200.101165612567,0.000208371011
2.200000,2,0.025107618,-0.073611113,-0.108868093,0.088984292833,542.275946807242,1553.994770735330,1011.719025050661,0.000201122568
2.200000,3,0.032672201,-0.209676861,0.037308268,0.089163225320,545.577937742753,1583.057127718026,1037.479382173319,0.000192198045
2.250000,0,0.002534958,-0.201075898,-0.085092691,0.095387732816,-48.360145556920,160.174148413914,208.534524472591,0.000230501757
2.250000,1,-0.021843857,-0.190464353,-0.037398196,0.095399336762,-51.119538844437,155.460938030535,206.580677424737,0.000200549764
2.250000,2,0.038950362,-0.177849830,-0.119674510,0.089121869587,567.133979439541,1599.918795621365,1032.785016579867,0.000200398039
2.250000,3,0.017447763,-0.124937283,0.003915287,0.089029007646,565.878105477439,1659.369732551868,1093.491819942029,0.000192867597
2.300000,0,-0.009871842,-0.253253133,-0.085686710,0.095535919114,-27.328600822715,183.868117400906,211.196941902618,0.000223678996
2.300000,1,-0.037799759,-0.220846499,-0.018760897,0.095504306225,-34.176534933417,175.953844616689,210.130574951076,0.000195400969
2.300000,2,0.030746626,-0.299967369,-0.089381247,0.089372005437,454.934557016407,1530.365059246976,1075.430703869082,0.000201638507
2.300000,3,0.009397638,-0.056363270,-0.005811523,0.088941732045,465.843114530453,1631.882273810444,1166.039352237301,0.000192957307
2.350000,0,-0.016581503,-0.283797351,-0.081998153,0.095626277330,-12.975612497933,209.603736618771,222.579611331479,0.000262214775
2.350000,1,-0.047309893,-0.243924127,-0.013086706,0.095555188178,-20.964006856594,197.071706263556,218.035935061622,0.000221941472
2.350000,2,0.032532041,-0.355456599,-0.032792335,0.089852277916,290.751933186950,1472.931758021310,1182.180027811832,0.000202977466
2.350000,3,-0.006163185,-0.012884101,0.003872719,0.088816737505,344.921693376011,1584.213077230647,1239.291584345830,0.000200491191
2.400000,0,-0.014929667,-0.263995028,-0.077316704,0.095515242921,-34.236210636214,199.134811821913,233.371274210781,0.000251752654
2.400000,1,-0.043908459,-0.230183837,-0.027917737,0.095462488244,-36.109524920893,188.923220063745,225.032950764078,0.000205779440
2.400000,2,0.048586768,-0.328523398,0.002952370,0.089587814997,234.799019376448,1516.643281475271,1281.844465712835,0.000203614002
2.400000,3,-0.024811585,-0.004724614,-0.011885759,0.088870938121,326.607790007211,1632.955151907754,1306.347560799547,0.000198899001
2.450000,0,-0.004058271,-0.219387344,-0.068734601,0.095389741606,-53.217642154423,183.587667035777,236.805570779690,0.000261589491
2.450000,1,-0.030919804,-0.196052866,-0.054476910,0.095361890617,-49.797098503430,178.988259019944,228.785580398546,0.000222875172
2.450000,2,0.053725779,-0.256052122,-0.017711071,0.089426719092,303.156027219687,1627.174470327853,1324.018646719476,0.000203611302
2.450000,3,-0.045969461,-0.026012897,-0.053585914,0.088858399756,410.004182561426,1761.612574227739,1351.608599280699,0.000207614382
2.500000,0,0.012662988,-0.195328744,-0.053650005,0.095372175842,-59.976378918655,182.127350079489,242.104010065454,0.000281067310
2.500000,1,-0.014417601,-0.188638640,-0.074893627,0.095355677204,-54.410138352465,180.928401742688,235.338780138039,0.000240042885
2.500000,2,0.039286236,-0.172952721,-0.052284629,0.089143019988,371.096307626574,1721.943391923802,1350.847288829733,0.000204532496
2.500000,3,-0.077393982,-0.093772653,-0.084748271,0.088981429576,445.610427075214,1819.912955225982,1374.302733619566,0.000205468794
2.550000,0,0.027224559,-0.207468060,-0.037156724,0.095434281238,-55.398265845933,190.248616465414,245.647135346844,0.000253035497
2.550000,1,-0.001341962,-0.224762102,-0.084052021,0.095443753469,-47.413929544370,191.204368991982,238.618511404850,0.000212868496
2.550000,2,0.032127971,-0.116665806,-0.058734167,0.089025931081,355.943927130820,1743.096440305920,1387.152718873306,0.000205698197
2.550000,3,-0.100596587,-0.215505006,-0.089571369,0.089131043608,382.856478214102,1774.997975635989,1392.141701785483,0.000204363593
2.600000,0,0.037733626,-0.235640845,-0.027658139,0.095514875082,-40.015116318653,209.032314012013,249.047712672723,0.000282342057
2.600000,1,0.007533303,-0.269592447,-0.086440693,0.095570247110,-29.139348864855,214.516513205074,243.656099133507,0.000237063578
2.600000,2,0.029385323,-0.079400857,-0.050319672,0.088815631673,294.152645740508,1720.199318260443,1426.046877357576,0.000204837633
2.600000,3,-0.095626886,-0.299733529,-0.076753652,0.089605754656,249.575994630775,1703.177621436335,1453.601829067309,0.000202261747
2.650000,0,0.039920658,-0.244404177,-0.031876222,0.095505330110,-41.108469833552,214.694986505366,255.803753510027,0.000297171109
2.650000,1,0.010832058,-0.278414094,-0.085310888,0.095571948742,-33.231356050840,221.853067342198,255.084680343463,0.000256950425
2.650000,2,0.041982261,-0.050113862,-0.047459189,0.088678625486,239.043371372913,1707.009349140395,1467.966183864175,0.000206096685
2.650000,3,-0.091902915,-0.304270939,-0.060080573,0.089466175133,157.928696171776,1697.702838440889,1539.774346199977,0.000203930861
2.700000,0,0.029933049,-0.222623570,-0.048610517,0.095423111506,-56.936990179750,202.558971425991,259.496242884519,0.000281278777
2.700000,1,0.005007986,-0.248632684,-0.080624199,0.095455720406,-55.287026654014,205.556788134375,260.844035530392,0.000220742003
2.700000,2,0.056175498,-0.057013471,-0.069261531,0.088789281169,260.062302360234,1769.490339410092,1509.428244551195,0.000207501328
2.700000,3,-0.100660285,-0.271370449,-0.073598559,0.089213565885,166.952423192966,1755.573440342637,1588.621221310187,0.000204160513
2.750000,0,0.014420252,-0.200558992,-0.065636902,0.095367618631,-65.608000842794,196.925900930279,262.534212626381,0.000310853308
2.750000,1,-0.007670198,-0.215414562,-0.069579888,0.095382490401,-67.051520153991,196.247233305867,263.299000055800,0.000246595941
2.750000,2,0.081453428,-0.089706076,-0.084821175,0.088939759539,321.617213603814,1867.312613443098,1545.695607939401,0.000208100111
2.750000,3,-0.092808613,-0.210688668,-0.095956660,0.089026292463,208.028478740752,1826.168934791483,1618.140653489523,0.000197438790
2.800000,0,0.000190633,-0.211101346,-0.075292069,0.095397298673,-66.807455281213,199.001828119524,265.809580516490,0.000297115754
2.800000,1,-0.020844366,-0.207909341,-0.054587084,0.095396768905,-69.426023509810,197.076244781083,266.502504860174,0.000236569280
2.800000,2,0.115070182,-0.159516130,-0.082842507,0.089194387010,306.341170862216,1870.216739867068,1563.875777775893,0.000208771034
2.800000,3,-0.079661573,-0.152433580,-0.106002617,0.089324255034,234.276920123883,1877.031869208560,1642.755154175277,0.000205090598
2.850000,0,-0.009594788,-0.247348694,-0.079951953,0.095495249576,-56.537458143859,211.151132856646,267.688877694328,0.000286693823
2.850000,1,-0.030573645,-0.225396842,-0.042706104,0.095462804226,-61.680726801605,206.765216917219,268.446178780679,0.000235061855
2.850000,2,0.106732149,-0.239689901,-0.072433780,0.089469176992,245.446051602137,1832.905588454669,1587.459741622250,0.000204769713
2.850000,3,-0.063339968,-0.127612762,-0.102168943,0.089343328198,224.291424475960,1885.230363919500,1660.939145283695,0.000205840154
2.900000,0,-0.016555890,-0.271568271,-0.081591767,0.095557961649,-48.855604836182,225.002400175511,273.858315682327,0.000310670633
2.900000,1,-0.036078371,-0.243394728,-0.038929917,0.095506799601,-54.771186589442,217.704277580694,272.475736219664,0.000272049527
2.900000,2,0.067905832,-0.284965330,-0.056185317,0.089634796547,167.686436894191,1807.783947539884,1640.097720106179,0.000209460480
2.900000,3,-0.055563324,-0.113900568,-0.100866941,0.089139788049,204.331152739606,1881.231156664061,1676.900208195546,0.000204271089
2.950000,0,-0.016906829,-0.262004599,-0.079819932,0.095504665802,-60.445952328146,219.833491166747,280.279745653215,0.000302158322
2.950000,1,-0.031678898,-0.238709461,-0.044339527,0.095467690534,-63.243472017206,213.525135679377,276.768876479003,0.000268782420
2.950000,2,0.054282462,-0.267238124,-0.056061189,0.089642393803,133.993442539984,1830.367545717024,1696.374310452050,0.000207275007
2.950000,3,-0.054394955,-0.100666534,-0.094816957,0.088859296124,183.870572384775,1887.958334822471,1704.087965817563,0.000203379865
3.000000,0,-0.010228898,-0.234695655,-0.073385783,0.095421854220,-73.909842198157,208.060381215590,281.970505789943,0.000282376196
3.000000,1,-0.020374443,-0.218362343,-0.053828505,0.095406720442,-74.429197814451,203.898490006676,278.327947111239,0.000259290112
3.000000,2,0.056679465,-0.227435932,-0.081461939,0.089144690996,149.637356499838,1879.985940188448,1730.348790776604,0.000207087992
3.000000,3,-0.059887031,-0.106984166,-0.083250658,0.088718899341,191.387410882620,1931.768387615534,1740.381178956759,0.000202223841
3.050000,0,-0.001099006,-0.216816115,-0.062630304,0.095397951901,-79.870156045883,203.636956885946,283.507410689991,0.000297758162
3.050000,1,-0.008536511,-0.210790141,-0.061557307,0.095400396408,-79.799307966116,200.219588809685,280.019167394776,0.000270618974
3.050000,2,0.059781447,-0.186975513,-0.086197235,0.089025767643,169.506694644103,1925.006631030942,1755.500139534288,0.000203147449
3.050000,3,-0.074932379,-0.140685698,-0.059152466,0.089098227693,198.025248758470,1967.988192965408,1769.963145146997,0.000200940055
3.100000,0,0.006974979,-0.220281254,-0.052772426,0.095426420923,-79.091364338555,206.137731527764,285.229389701627,0.000293835309
3.100000,1,0.000229319,-0.228643962,-0.067640841,0.095445057166,-77.910123406477,203.382302247319,281.292688266280,0.000262612483
3.100000,2,0.048852516,-0.155470870,-0.080375449,0.089007712409,164.025735999482,1937.762366874153,1773.736839882583,0.000209007912
3.100000,3,-0.074299800,-0.196990467,-0.055584101,0.089262902665,170.190418222652,1953.963378465072,1783.773164211006,0.000203968580
3.150000,0,0.012756331,-0.235940060,-0.047761478,0.095465225987,-73.678903172805,213.443374135336,287.122591694846,0.000314386705
3.150000,1,0.007525961,-0.253752978,-0.072790593,0.095499420853,-71.223628624543,212.115826657977,283.339747849233,0.000292566712
3.150000,2,0.025066906,-0.136252854,-0.087133390,0.088836078337,144.155430984831,1932.877173754128,1788.721950994840,0.000208225544
3.150000,3,-0.037356331,-0.241768392,-0.064232519,0.089422701071,135.060878328562,1936.124850014329,1801.064182609406,0.000210923634
3.200000,0,0.012910863,-0.243355913,-0.047993197,0.095479615542,-74.194042652035,215.801901367679,289.996278197222,0.000334177509
3.200000,1,0.012222057,-0.260576191,-0.074970285,0.095508617272,-72.306076879313,214.953828376308,287.260222265945,0.000317010324
3.200000,2,0.016829270,-0.132117934,-0.093677161,0.088976372594,123.565219665053,1930.209599252676,1806.644585582070,0.000205994447
3.200000,3,0.009181742,-0.255010188,-0.055819432,0.089293613393,101.725085558027,1940.454156109065,1838.729283645548,0.000213094504
3.250000,0,0.007030256,-0.234761096,-0.051566091,0.095452462425,-81.746511797813,209.690493593725,291.437318785571,0.000313394033
3.250000,1,0.010866147,-0.248010714,-0.073457736,0.095467847584,-81.263876475320,208.012557299969,289.276727575991,0.000293800701
3.250000,2,0.009017500,-0.135354020,-0.093822963,0.089082312180,102.977177485908,1934.892290497277,1831.915322737515,0.000209726149
3.250000,3,0.020991084,-0.229888562,-0.045199008,0.089152898313,86.493685403454,1962.856558293860,1876.363088618863,0.000215728449
3.300000,0,0.000631690,-0.224358618,-0.056232957,0.095422239752,-87.978909409825,203.820426173631,291.799649988389,0.000314404933
3.300000,1,0.006861546,-0.232578157,-0.068714455,0.095421025039,-88.021793795362,201.596389332442,289.618474944916,0.000291817111
3.300000,2,0.007840242,-0.154706789,-0.075501983,0.089174534428,90.276982660641,1942.107449278526,1851.830670945934,0.000204328053
3.300000,3,0.003798538,-0.199636743,-0.061010204,0.088950816146,83.055824059731,1982.104165534476,1899.048558453854,0.000216979101
3.350000,0,-0.003442457,-0.227079086,-0.061598630,0.095426311339,-89.829154621580,202.652083427302,292.481558669372,0.000320620490
3.350000,1,0.003259418,-0.226925926,-0.063399387,0.095413628868,-90.118141227133,200.277975197308,290.396417732839,0.000301308396
3.350000,2,0.003833390,-0.190964133,-0.053223748,0.089208275700,68.235444728531,1930.383651419577,1862.148411030774,0.000204339731
3.350000,3,-0.000522802,-0.175751694,-0.070832105,0.088942836195,79.185517309396,1993.823424756169,1914.638117819857,0.000210373075
3.400000,0,-0.006333704,-0.240442299,-0.067536126,0.095455061311,-87.707155246644,205.770637940421,293.478121461066,0.000328274001
3.400000,1,0.000705827,-0.232522298,-0.060351847,0.095434929071,-88.474187339638,202.929072137151,291.403566071440,0.000306594650
3.400000,2,-0.014944222,-0.222697642,-0.060874147,0.089318992239,45.757116924239,1917.319647912709,1871.562733189269,0.000202200802
3.400000,3,0.018724525,-0.159074043,-0.079863508,0.088964025746,72.029773984547,1998.178397461882,1926.148835756248,0.000212278903
3.450000,0,-0.009032949,-0.250197509,-0.071541432,0.095476011830,-86.082779138881,208.865396760150,294.948512925293,0.000337026262
3.450000,1,0.000448329,-0.240508945,-0.059246534,0.095457295654,-86.929988124159,205.623844232285,292.554147102128,0.000314745683
3.450000,2,-0.047332474,-0.226199068,-0.067751804,0.089173925878,24.242848914850,1914.169122457130,1889.926477477879,0.000203935603
3.450000,3,0.034115963,-0.151958806,-0.095885532,0.088975351001,61.772252973840,1999.045186590070,1937.273141666848,0.000208050608
3.500000,0,-0.008613082,-0.248925327,-0.072219937,0.095470601987,-88.730995436555,207.372264492927,296.103590390169,0.000330460688
3.500000,1,0.003764618,-0.241168360,-0.058597844,0.095460617311,-89.110323804979,204.281811155642,293.392442396062,0.000307435439
3.500000,2,-0.072845857,-0.213405377,-0.056182402,0.089229593140,10.019647619364,1921.988004114441,1911.968558348947,0.000201853875
3.500000,3,0.038083298,-0.156581847,-0.099341685,0.089058132827,45.787531283453,1997.434522027117,1951.647201052671,0.000210308996
3.550000,0,-0.005216535,-0.242148815,-0.070533665,0.095447403721,-92.738322715709,203.628590550330,296.367237803712,0.000324537673
3.550000,1,0.008261287,-0.236527226,-0.058323885,0.095445807428,-92.848954471334,200.731556331775,293.580813786208,0.000302983098
3.550000,2,-0.062425252,-0.197667424,-0.055793301,0.089062742636,3.170070546271,1929.820704327929,1926.650837811806,0.000204030155
3.550000,3,0.047628898,-0.172794432,-0.096439247,0.089164952562,26.258737046448,1992.767254739264,1966.508731496450,0.000213803621
3.600000,0,-0.001978203,-0.237152874,-0.068099906,0.095434670917,-95.125923823997,201.507333672603,296.633587670101,0.000330173501
3.600000,1,0.010779567,-0.234779284,-0.059277817,0.095442144029,-95.139513155963,198.681186505415,293.821006225608,0.000306564229
3.600000,2,-0.035715645,-0.175230378,-0.062696477,0.089022027891,-1.427368064337,1933.357739715619,1934.785311270186,0.000203490237
3.600000,3,0.056812265,-0.193574022,-0.085306936,0.089238147737,9.461728079796,1984.000919660173,1974.539408354254,0.000216773864
3.650000,0,0.000542045,-0.236352150,-0.066253400,0.095433491774,-95.477880679085,201.736159893992,297.214376141797,0.000335568720
3.650000,1,0.011809935,-0.237850261,-0.061860258,0.095446472272,-95.419871377139,198.976412124742,294.396596615499,0.000313113618
3.650000,2,-0.030945894,-0.163299063,-0.070479412,0.089063450290,-6.930913744794,1935.639102361209,1942.570219991763,0.000203885768
3.650000,3,0.062618642,-0.211500412,-0.072089870,0.089223218085,-3.456385840648,1977.153819655101,1980.610420500941,0.000215005180
3.700000,0,0.001788173,-0.238851770,-0.064627794,0.095442130443,-95.083286096981,202.674291292126,297.757914727112,0.000337338005
3.700000,1,0.012647151,-0.241770215,-0.064602969,0.095452403100,-95.005511362831,199.985531502351,294.991357563382,0.000314698200
3.700000,2,-0.038005001,-0.167761339,-0.081432682,0.089066418441,-13.525897214065,1935.441427782586,1948.967529663886,0.000204667243
3.700000,3,0.072038957,-0.212619106,-0.071567786,0.089137149744,-12.747505156963,1975.650764827946,1988.398490045015,0.000220060096
3.750000,0,0.001189934,-0.240967605,-0.062209627,0.095454478564,-95.360529005404,202.661921600532,298.022782975132,0.000332369196
3.750000,1,0.012452202,-0.242951678,-0.065899692,0.095458007590,-95.328052865948,199.975287212892,295.303649925867,0.000309847026
3.750000,2,-0.036076304,-0.177313013,-0.080305855,0.089133186494,-20.202918191816,1934.890365678681,1955.093486833136,0.000202962647
3.750000,3,0.085915282,-0.195300532,-0.073835384,0.089062402168,-20.269751050575,1977.021945987674,1997.291914197850,0.000217159591
3.800000,0,-0.000163321,-0.240571489,-0.059750478,0.095455058752,-96.358529569762,201.767304527067,298.126165200197,0.000331103369
3.800000,1,0.010426398,-0.241979297,-0.066077023,0.095453921897,-96.318122511430,199.067445515410,295.385876125168,0.000308098328
3.800000,2,-0.037790211,-0.188083154,-0.071930304,0.089013121951,-30.298078239668,1932.421871985208,1962.720153734166,0.000203509297
3.800000,3,0.085646868,-0.182757938,-0.070086603,0.089013313049,-26.319846128845,1979.109214005177,2005.429273383041,0.000213249008
3.850000,0,-0.000359085,-0.239960101,-0.058720979,0.095450434231,-97.293907849053,201.080708261344,298.374950485856,0.000334375460
3.850000,1,0.008132462,-0.241232563,-0.066186194,0.095446040148,-97.213792752383,198.384292499181,295.598397234184,0.000311982618
3.850000,2,-0.038890228,-0.200875153,-0.069874972,0.089153063138,-39.447773401749,1929.275591606334,1968.723567652039,0.000202643966
3.850000,3,0.063244641,-0.179166788,-0.066571743,0.089109971025,-30.910243940612,1980.035284141848,2010.945740236304,0.000212153834
3.900000,0,0.000482078,-0.240292210,-0.059342437,0.095449045262,-97.836513510957,200.947758744755,298.784610968204,0.000338712492
3.900000,1,0.006216873,-0.240794347,-0.066404628,0.095442528109,-97.725748994339,198.253764796400,295.979830478658,0.000316687918
3.900000,2,-0.030479105,-0.205470627,-0.067229715,0.089173875518,-44.667715882551,1927.897926679818,1972.565842911732,0.000200349371
3.900000,3,0.036874379,-0.173315373,-0.062291954,0.089157552282,-34.676975737062,1980.369454069249,2015.046638978808,0.000209172487
3.950000,0,0.000894291,-0.240274613,-0.060574834,0.095448560930,-98.123710693905,200.969003692783,299.093052132491,0.000337745803
3.950000,1,0.004352288,-0.240591044,-0.065947583,0.095447030236,-97.997392143433,198.274313865901,296.272021097637,0.000315088302
3.950000,2,-0.017501169,-0.203057475,-0.066844942,0.089126515081,-47.676063113830,1927.906414905087,1975.582679577118,0.000201558208
3.950000,3,0.027682200,-0.174983217,-0.061925347,0.089051762682,-37.129622133703,1980.363550701646,2017.493383106873,0.000210271512
4.000000,0,0.001113730,-0.240019185,-0.061624276,0.095447204947,-98.233890344784,200.945573686324,299.179798026023,0.000333994915
4.000000,1,0.003052869,-0.241352554,-0.064446619,0.095448033280,-98.101606562280,198.250600405553,296.352518092583,0.000311124749
4.000000,2,-0.016435994,-0.193190439,-0.070026495,0.089105142826,-50.948743249565,1928.016509182983,1978.965451396996,0.000198964455
4.000000,3,0.026024636,-0.189494231,-0.063858463,0.089050777049,-40.788044926787,1980.238325082273,2021.026569819110,0.000199810037
4.050000,0,0.001904279,-0.251785993,-0.062708167,0.095476295785,-84.709013971491,214.611350425602,299.320711482834,0.000347085740
4.050000,1,0.002188045,-0.253376707,-0.062962852,0.095480787722,-84.346333085991,212.183314521299,296.529970331844,0.000322724553
4.050000,2,-0.018081965,-0.196023984,-0.068460154,0.089082614016,-40.143941208350,1942.396010302097,1982.540151530015,0.000200019572
4.050000,3,0.016634387,-0.213168511,-0.062054989,0.089124785702,-26.476801692756,2000.193351930142,2026.670355552728,0.000201929817
4.100000,0,0.002629149,-0.279137752,-0.064063335,0.095560619756,-35.821335424038,265.787024181418,301.608727890257,0.000368284801
4.100000,1,0.000689702,-0.279626001,-0.062482216,0.095562919545,-34.926594472777,264.054952649185,298.981893666632,0.000346544668
4.100000,2,-0.007593962,-0.222107527,-0.068980582,0.089076911387,9.899378118716,1996.500237343970,1986.601058222722,0.000198997472
4.100000,3,0.004731652,-0.240811015,-0.061243140,0.089222051900,39.638177474287,2077.204786717808,2037.566812121318,0.000202877787
4.150000,0,0.002709829,-0.303809681,-0.066004140,0.095636533578,59.032882151963,368.126666546966,309.094175572514,0.000391177511
4.150000,1,-0.001683533,-0.303566967,-0.063407806,0.095637492386,60.152434980405,366.755484357500,306.603421526071,0.000372148973
4.150000,2,0.011564754,-0.245949284,-0.073654360,0.089229381784,121.608584163992,2117.288482586348,1995.680098559117,0.000200136761
4.150000,3,-0.010441386,-0.253671709,-0.066651687,0.089255960380,169.579521558678,2222.056605895255,2052.477285578143,0.000201241559
4.200000,0,0.002565392,-0.311527258,-0.069446102,0.095627526901,188.809123645735,507.617044068683,318.808323494105,0.000403071157
4.200000,1,-0.003944446,-0.310929569,-0.066437395,0.095628071289,189.719341420052,505.891801205048,316.172839837526,0.000380052528
4.200000,2,0.023595649,-0.248189845,-0.078769611,0.089240671955,280.528026357159,2289.664129852591,2009.136300200224,0.000196704794
4.200000,3,-0.026641435,-0.244310409,-0.078881676,0.089102537972,328.120975760037,2393.424135223916,2065.303363111020,0.000203647132
4.250000,0,0.002139449,-0.298748081,-0.075022773,0.095536268503,314.618014767778,638.526433907023,323.908789504095,0.000370364850
4.250000,1,-0.005746238,-0.297248503,-0.071985108,0.095530479420,314.653142979566,635.609036331210,320.956239220769,0.000345869123
4.250000,2,0.027227971,-0.229337753,-0.085419531,0.089070532840,437.642313880998,2454.802846263647,2017.160728201024,0.000195818378
4.250000,3,-0.036100678,-0.219469990,-0.097159808,0.089149810895,451.938402244858,2522.794728080127,2070.856525097488,0.000199262208
4.300000,0,0.001090265,-0.269783508,-0.082168267,0.095418488771,396.046778707285,720.791047215763,324.744624200785,0.000355692307
4.300000,1,-0.007472410,-0.268033025,-0.079378850,0.095415527508,394.548780328279,716.199824417990,321.651376622145,0.000332532431
4.300000,2,0.034486717,-0.196501938,-0.097794073,0.089187667332,530.398376131763,2550.549266376152,2020.151085721870,0.000195477481
4.300000,3,-0.037339581,-0.186787467,-0.114632104,0.089082082235,510.170041617418,2584.242993695430,2074.073143049568,0.000190971545
4.350000,0,0.000218812,-0.236828375,-0.087451350,0.095330589825,421.622281097033,750.034511029967,328.412610597705,0.000380664771
4.350000,1,-0.008870141,-0.235981781,-0.085168351,0.095328973342,419.537630361273,744.876020971167,325.338746956039,0.000356346144
4.350000,2,0.042910127,-0.161137827,-0.110909986,0.088990407862,539.831499037814,2565.104564662344,2025.273257842046,0.000192217519
4.350000,3,-0.038374589,-0.156632337,-0.121935149,0.088806209286,514.806581953248,2596.148372361366,2081.341982677749,0.000192269621
4.400000,0,-0.000022545,-0.211947593,-0.085828069,0.095290783593,410.354206049267,748.239194877514,337.885391255622,0.000402427375
4.400000,1,-0.009962615,-0.211822284,-0.084459284,0.095292351010,408.685018461426,743.414150394896,334.729510146755,0.000378213283
4.400000,2,0.048593436,-0.133095414,-0.116362592,0.089022603118,508.794811562712,2545.373857970947,2036.579243603665,0.000197195433
4.400000,3,-0.048683997,-0.136396221,-0.121455018,0.088825251712,498.381971820349,2590.115165144125,2091.733384574032,0.000191250244
4.450000,0,0.000283266,-0.196987622,-0.075669491,0.095299965031,391.076845044634,740.553528415165,349.477102337205,0.000418966675
4.450000,1,-0.010907676,-0.196990239,-0.075568750,0.095300868844,389.828191520818,735.968686192153,346.140891232350,0.000396561012
4.450000,2,0.049447676,-0.115480960,-0.108996566,0.088950895387,477.225855760719,2527.880485951041,2050.654826947716,0.000196757397
4.450000,3,-0.065009400,-0.123759738,-0.113672073,0.088880087231,478.190283945987,2579.713493998386,2101.523405107593,0.000195055180
4.500000,0,0.000576939,-0.188852405,-0.060016207,0.095329421828,379.538959704307,738.493951709492,358.955414081051,0.000422075867
4.500000,1,-0.011886835,-0.189026920,-0.061087171,0.095328805861,378.519154801657,733.982450178313,355.463694179848,0.000398803189
4.500000,2,0.057212141,-0.111462691,-0.096295859,0.089072166128,461.867604189921,2524.049769271261,2062.182361151641,0.000196070307
4.500000,3,-0.080357321,-0.119319983,-0.101955623,0.089041572761,464.275981103789,2573.483884972606,2109.208095125827,0.000191256998
4.550000,0,0.000295831,-0.184851157,-0.043179614,0.095357766472,372.413869261040,737.835479949114,365.422025680300,0.000414992228
4.550000,1,-0.013329042,-0.185302977,-0.045133734,0.095356221371,371.543367115927,733.338524792223,361.795551092025,0.000393415726
4.550000,2,0.068354945,-0.115191905,-0.085301088,0.089167476732,455.004435862644,2524.463741506343,2069.459497620117,0.000191976424
4.550000,3,-0.092111168,-0.115720336,-0.090429115,0.089090416269,457.645794479196,2573.190799427327,2115.545194876652,0.000189928510
4.600000,0,-0.000303564,-0.181230117,-0.027816700,0.095379633698,360.367249711953,730.425026494063,370.058182788255,0.000406006148
4.600000,1,-0.015155116,-0.181695386,-0.030374676,0.095376142090,359.696064626974,725.970348250193,366.274666947928,0.000383324704
4.600000,2,0.074419940,-0.115928634,-0.073865590,0.089095676244,444.471688146913,2518.545465691831,2074.073973426362,0.000195881450
4.600000,3,-0.102120208,-0.107305604,-0.077560140,0.088960790024,451.220081033797,2572.387593871673,2121.167706422117,0.000193584232
4.650000,0,-0.000811432,-0.175636330,-0.015352606,0.095396761171,339.001769370979,712.976686954845,373.975320432271,0.000402848407
4.650000,1,-0.016818616,-0.176061069,-0.018134923,0.095394873842,338.665574991911,708.685666664178,370.020471673873,0.000380001602
4.650000,2,0.081097424,-0.113507586,-0.062281583,0.089021460831,426.133669378503,2503.404792542878,2077.271320824967,0.000197660597
4.650000,3,-0.107553718,-0.100671029,-0.061292292,0.088960774309,443.148917858892,2569.425785854499,2126.277066817107,0.000198821494
4.700000,0,-0.001071922,-0.170844942,-0.007541670,0.095403870230,308.634214195381,686.030432350750,377.396624933974,0.000406778609
4.700000,1,-0.017842317,-0.171458093,-0.010144097,0.095403070127,308.587598128698,681.866149529074,373.278934491495,0.000383091116
4.700000,2,0.091834660,-0.112481686,-0.051671453,0.088989040039,395.388687579679,2475.258912963800,2079.870424469339,0.000199085226
4.700000,3,-0.110388444,-0.100002013,-0.047651161,0.089124597607,416.087308565208,2546.841771788863,2130.754661984253,0.000198760593
4.750000,0,-0.001245561,-0.172646350,-0.006050324,0.095407230474,268.742338739435,648.650610573587,379.908675782419,0.000403948270
4.750000,1,-0.018237646,-0.173580219,-0.008197033,0.095408068123,268.362712567204,644.025575279753,375.663242514832,0.000379802279
4.750000,2,0.099187192,-0.117615972,-0.042861791,0.089066324243,356.446391083334,2438.438327692008,2081.992136682114,0.000200073446
4.750000,3,-0.112589423,-0.105785164,-0.041257548,0.089065007375,368.485368642018,2502.706762274768,2134.221599880976,0.000206248222
4.800000,0,-0.001615774,-0.185560196,-0.010842876,0.095434585799,216.569903972478,597.711288114544,381.141779579485,0.000395437420
4.800000,1,-0.018243848,-0.186477119,-0.012425673,0.095436889856,215.627956976924,592.476015855798,376.848430963573,0.000372084694
4.800000,2,0.098103950,-0.131691446,-0.038656071,0.089054456615,294.566064628286,2378.108933372340,2083.543072936633,0.000204192585
4.800000,3,-0.117214001,-0.120197761,-0.041487338,0.088974205740,310.255158272578,2446.719370110862,2136.464417237163,0.000205398876
4.850000,0,-0.001968657,-0.210047208,-0.020524699,0.095483465938,150.097073285942,532.011617962746,381.914941719893,0.000397043092
4.850000,1,-0.017752951,-0.210510741,-0.021538781,0.095485201814,148.484667604530,526.145690820503,377.661397942713,0.000374726735
4.850000,2,0.089002269,-0.154271811,-0.041745185,0.089069147692,208.274854012295,2293.157999852970,2084.883349501123,0.000203660452
4.850000,3,-0.119010086,-0.145245852,-0.046121188,0.089045839390,233.353901156807,2371.827064135277,2138.473372088010,0.000209109537
4.900000,0,-0.002106221,-0.242226343,-0.034186462,0.095546944693,73.500624538078,458.502081445073,385.001883005660,0.000426098666
4.900000,1,-0.016467163,-0.242134715,-0.034632113,0.095547536924,71.685068402912,452.460152829213,380.775489551974,0.000405125667
4.900000,2,0.078449433,-0.183780402,-0.050774717,0.089160582197,120.751118586087,2209.048649048567,2088.297732886750,0.000202424267
4.900000,3,-0.111016971,-0.178332674,-0.054519690,0.089051043357,144.154830749438,2287.068293835663,2142.913674429010,0.000211342783
4.950000,0,-0.002009227,-0.274983324,-0.051487590,0.095614125837,2.249119302759,396.103655578618,393.854989721314,0.000453445457
4.950000,1,-0.014110885,-0.274455882,-0.051374024,0.095611619749,0.745332928877,390.220889427969,389.475992228761,0.000435729663
4.950000,2,0.066971374,-0.216706727,-0.061421278,0.089292616163,43.543980954818,2140.540742936047,2096.996961940354,0.000199959122
4.950000,3,-0.095029451,-0.213478336,-0.065864920,0.089234831423,60.463413657728,2213.179936597869,2152.716728824385,0.000205884240
5.000000,0,-0.001661090,-0.300433757,-0.071408512,0.095660277799,-38.550430154375,370.443642885246,408.994551228185,0.000478188566
5.000000,1,-0.010514232,-0.299654725,-0.070861310,0.095656939777,-39.530871948077,364.709077763444,404.240410686614,0.000460975087
5.000000,2,0.051212757,-0.242999411,-0.073070559,0.089223885057,-1.410898487489,2110.939606570946,2112.350704912198,0.000199853761
5.000000,3,-0.070571312,-0.242841675,-0.079256042,0.089433782849,13.212139352632,2181.847904876049,2168.635975516408,0.000209992989
5.050000,0,-0.001311820,-0.301683769,-0.091231993,0.095609176982,-54.027231037609,370.442590669907,424.470296424879,0.000474717365
5.050000,1,-0.005908167,-0.300999140,-0.090451160,0.095607308124,-54.635447166987,364.708025548105,419.343929301258,0.000456586160
5.050000,2,0.028516640,-0.245906029,-0.083365338,0.089206153290,-17.769424110139,2110.938080083570,2128.707704994342,0.000200800634
5.050000,3,-0.039478550,-0.245706769,-0.091237853,0.089219850879,-3.714713836151,2181.846378388673,2185.561305809723,0.000213584898
5.100000,0,-0.001096638,-0.275422132,-0.107066580,0.095465580131,-61.124327234170,370.442590669907,431.567363588390,0.000445684315
5.100000,1,-0.001005919,-0.275192934,-0.106217114,0.095467946384,-61.552790099970,364.708025548105,426.261248855668,0.000433207586
5.100000,2,0.000263739,-0.223386160,-0.091369044,0.088975918870,-25.171921749826,2110.938080083570,2136.110200255710,0.000198422314
5.100000,3,-0.005931203,-0.224424994,-0.099676816,0.089062116935,-11.552932738853,2181.846378388673,2193.399526611431,0.000215483905
5.150000,0,-0.001038113,-0.243898675,-0.114156565,0.095357052280,-65.422646512742,370.442590669907,435.865700941702,0.000463759056
5.150000,1,0.003593465,-0.244050557,-0.113435813,0.095359710274,-65.710430531969,364.708025548105,430.418907692745,0.000451612664
5.150000,2,-0.028045823,-0.197112794,-0.097712981,0.088806780482,-28.585434285201,2110.938080083570,2139.523717513892,0.000203145122
5.150000,3,0.025895247,-0.199441201,-0.102906064,0.088866653988,-15.340313938747,2181.846378388673,2197.186913475079,0.000221147662
5.200000,0,-0.001008370,-0.224775972,-0.109669628,0.095328430344,-72.238846062413,370.442590669907,442.681928585233,0.000491852916
5.200000,1,0.007835160,-0.225020699,-0.109236784,0.095329503648,-72.340107745235,364.708025548105,437.048611933799,0.000478640453
5.200000,2,-0.052400333,-0.181559279,-0.096953261,0.088977940273,-33.400591709812,2110.938080083570,2144.338870700401,0.000198907023
5.200000,3,0.059138391,-0.184138087,-0.097247103,0.088973555926,-19.890373128103,2181.846378388673,2201.736976949343,0.000225432571
5.250000,0,-0.000874158,-0.223970357,-0.095884635,0.095365023253,-77.470497804792,370.442590669907,447.913565250105,0.000476775408
5.250000,1,0.011952914,-0.224106814,-0.095817996,0.095366838904,-77.463988180131,364.708025548105,442.172475037747,0.000461309505
5.250000,2,-0.071762963,-0.180345017,-0.085015928,0.089090955217,-36.827662793921,2110.938080083570,2147.765937476704,0.000194599216
5.250000,3,0.089793736,-0.179899513,-0.082574640,0.089017989584,-22.461291274909,2181.846378388673,2204.307895091196,0.000225427614
5.300000,0,-0.000508073,-0.239319919,-0.077430780,0.095440242650,-78.591892994732,370.442590669907,449.034927372777,0.000443708140
5.300000,1,0.016383635,-0.239137445,-0.077800907,0.095439158750,-78.581652970135,364.708025548105,443.290106850092,0.000428331846
5.300000,2,-0.089545805,-0.187347050,-0.065889689,0.089270794578,-38.184706040618,2110.938080083570,2149.122982664489,0.000196540306
5.300000,3,0.117678557,-0.182100751,-0.065193876,0.089150886088,-23.704899170392,2181.846378388673,2205.551494951844,0.000217392779
5.350000,0,0.000059649,-0.258714162,-0.057737337,0.095514975673,-79.588838030152,370.442590669907,450.031892058778,0.000463358722
5.350000,1,0.021089630,-0.258147615,-0.058612887,0.095512682088,-79.553008808199,364.708025548105,444.261483437609,0.000449081299
5.350000,2,-0.108444782,-0.193561404,-0.050447324,0.089204943329,-41.162914844137,2110.938080083570,2152.101188480960,0.000193553259
5.350000,3,0.142258562,-0.184350815,-0.052064218,0.089090373108,-27.159973122973,2181.846378388673,2209.006568668907,0.000217157259
5.400000,0,0.000404972,-0.266781792,-0.039963761,0.095550417340,-83.284322941323,370.442590669907,453.727408981940,0.000495370713
5.400000,1,0.024961031,-0.266054413,-0.041300654,0.095546876153,-83.141441249204,364.708025548105,447.849947136588,0.000480339273
5.400000,2,-0.127527534,-0.192085202,-0.046149745,0.089005984685,-45.214946714601,2110.938080083570,2156.153223164198,0.000196366036
5.400000,3,0.162031380,-0.178535278,-0.049049546,0.089173944955,-31.439715241250,2181.846378388673,2213.286309052773,0.000215422846
5.450000,0,0.000597963,-0.260236598,-0.028371144,0.095522446153,-87.099998479930,370.442590669907,457.543082527395,0.000493377561
5.450000,1,0.027024797,-0.259563932,-0.029959926,0.095521229815,-86.852872809605,364.708025548105,451.561377341845,0.000478984129
5.450000,2,-0.139093558,-0.181482048,-0.052453058,0.088857472395,-47.375599312147,2110.938080083570,2158.313875623541,0.000196227833
5.450000,3,0.170617592,-0.163311494,-0.057412944,0.089044554740,-33.767101118498,2181.846378388673,2215.613688188774,0.000208681595
5.500000,0,0.001002561,-0.244376689,-0.025957655,0.095461434863,-88.942940983524,370.442590669907,459.386011794251,0.000480140823
5.500000,1,0.027166477,-0.243877639,-0.027517616,0.095463000285,-88.644123818933,364.708025548105,453.352615568623,0.000466201579
5.500000,2,-0.137069259,-0.167613037,-0.065081416,0.089081791727,-48.206656195338,2110.938080083570,2159.144936115602,0.000199836702
5.500000,3,0.165307612,-0.149645580,-0.072819357,0.089028485023,-34.897911251549,2181.846378388673,2216.744497810337,0.000208170110
5.550000,0,0.001569688,-0.227174456,-0.032026167,0.095407222863,-90.254718889338,370.442590669907,460.697797786193,0.000488226951
5.550000,1,0.025827809,-0.226863718,-0.033363163,0.095408583563,-89.927410679284,364.708025548105,454.635910133418,0.000473906022
5.550000,2,-0.124952374,-0.161300234,-0.077304627,0.089029747661,-49.648468752680,2110.938080083570,2160.586747006407,0.000198170162
5.550000,3,0.152898667,-0.147017421,-0.088883863,0.088986185894,-36.775041200814,2181.846378388673,2218.621629852134,0.000210262643
5.600000,0,0.001906148,-0.218735636,-0.041492972,0.095390856258,-92.194145813375,370.442590669907,462.637236892143,0.000500408865
5.600000,1,0.023818654,-0.218520154,-0.042559097,0.095392458625,-91.834611409746,364.708025548105,456.543122688382,0.000485730525
5.600000,2,-0.111511350,-0.167921608,-0.084240596,0.089233444459,-51.760113759157,2110.938080083570,2162.698392399062,0.000198556341
5.600000,3,0.140744452,-0.157276702,-0.098674780,0.088931763528,-39.175292363495,2181.846378388673,2221.021881016659,0.000210264488
5.650000,0,0.001893450,-0.223302687,-0.049473570,0.095400979440,-93.733246284456,370.442590669907,464.176335081488,0.000498127129
5.650000,1,0.021703579,-0.223064173,-0.050302673,0.095402190533,-93.351844384238,364.708025548105,458.060353642166,0.000483709815
5.650000,2,-0.101270386,-0.181626511,-0.086407449,0.089143691254,-53.402313068489,2110.938080083570,2164.340591981518,0.000198829465
5.650000,3,0.131835511,-0.175099549,-0.101083850,0.089069683174,-40.966922299655,2181.846378388673,2222.813509364746,0.000208676412
5.700000,0,0.001802200,-0.236050919,-0.055321240,0.095432859875,-94.170962963572,370.442590669907,464.614045319395,0.000491685920
5.700000,1,0.019440892,-0.235701926,-0.055942252,0.095433672790,-93.780920346199,364.708025548105,458.489422505445,0.000476611134
5.700000,2,-0.094066657,-0.196118409,-0.087071375,0.089031137970,-54.367712144901,2110.938080083570,2165.305996140889,0.000203912422
5.700000,3,0.122627453,-0.192871902,-0.100136235,0.089169483700,-42.427665237487,2181.846378388673,2224.274252473089,0.000208846926
5.750000,0,0.001885043,-0.249618237,-0.060818798,0.095471316938,-94.406922670244,370.442590669907,464.850007551249,0.000494211102
5.750000,1,0.016711868,-0.249241858,-0.061211914,0.095472924903,-94.008961598976,364.708025548105,458.717466522618,0.000479375530
5.750000,2,-0.084671348,-0.207693118,-0.086754189,0.088917733011,-55.773103162948,2110.938080083570,2166.711386766522,0.000203520007
5.750000,3,0.108451723,-0.204652318,-0.098425700,0.089087807021,-44.532505794282,2181.846378388673,2226.379092961166,0.000208778209
5.800000,0,0.002154231,-0.259130021,-0.066751837,0.095488295205,-95.292219282789,370.442590669907,465.735313037461,0.000503084768
5.800000,1,0.013245481,-0.258806820,-0.066902604,0.095489990811,-94.877234989304,364.708025548105,459.585748423530,0.000487886114
5.800000,2,-0.067089932,-0.212285063,-0.084158649,0.089005700272,-57.567725886215,2110.938080083570,2168.506009023784,0.000203054003
5.800000,3,0.087267765,-0.209760191,-0.094338675,0.089104492790,-46.640475248858,2181.846378388673,2228.487063342401,0.000209704870
5.850000,0,0.002289596,-0.261396919,-0.072298698,0.095481832887,-96.413238966624,370.442590669907,466.856334140163,0.000504503636
5.850000,1,0.008932750,-0.261184748,-0.072224387,0.095481009303,-95.978451411224,364.708025548105,460.686966520512,0.000489561177
5.850000,2,-0.041715246,-0.209868992,-0.078112581,0.089007959219,-58.538253166004,2110.938080083570,2169.476538756092,0.000205506524
5.850000,3,0.059389915,-0.208867444,-0.085142644,0.089086833800,-47.592240558277,2181.846378388673,2229.438826328577,0.000207381625
5.900000,0,0.002228435,-0.256115058,-0.076430931,0.095453716133,-97.107986824267,370.442590669907,467.551077758506,0.000500264335
5.900000,1,0.004243978,-0.256052011,-0.076170821,0.095452907325,-96.655838507023,364.708025548105,461.364349630789,0.000485575654
5.900000,2,-0.013725929,-0.204569949,-0.069228403,0.089081581248,-58.766301748852,2110.938080083570,2169.704587913767,0.000206081355
5.900000,3,0.027585041,-0.204416587,-0.071197420,0.088999992955,-47.787443826371,2181.846378388673,2229.634030892185,0.000208677140
5.950000,0,0.001973859,-0.248036775,-0.078722989,0.095431387987,-97.499350268175,370.442590669907,467.942441966272,0.000501028193
5.950000,1,-0.000402284,-0.248069655,-0.078334802,0.095430303793,-97.030611511988,364.708025548105,461.739123548557,0.000486488457
5.950000,2,0.008643827,-0.198937243,-0.061199093,0.089147655339,-59.025464149031,2110.938080083570,2169.963742570299,0.000198337709
5.950000,3,-0.001657598,-0.200297406,-0.058113920,0.089162068409,-48.113875987824,2181.846378388673,2229.960462710698,0.000208334199
6.000000,0,0.001730104,-0.242853120,-0.078668488,0.095421193660,-97.933800028503,370.442590669907,468.376894824917,0.000504126509
6.000000,1,-0.004768010,-0.242914861,-0.078255324,0.095420921755,-97.448311706859,364.708025548105,462.156826711395,0.000489456425
6.000000,2,0.027297872,-0.195438435,-0.055923242,0.089138368460,-59.448065069034,2110.938080083570,2170.386344592282,0.000199439689
6.000000,3,-0.027488450,-0.196239889,-0.049406085,0.089025303450,-48.752552238803,2181.846378388673,2230.599139184676,0.000208557199
6.050000,0,0.001490473,-0.253564825,-0.075464002,0.095456861867,-86.040383604355,382.571321133570,468.612220717576,0.000515979654
6.050000,1,-0.008984250,-0.253564984,-0.075170662,0.095458097930,-85.525418206572,376.861235426651,462.387152619545,0.000498986316
6.050000,2,0.044599609,-0.207238463,-0.053887814,0.089074683890,-44.002957253946,2127.174944259154,2171.178100195734,0.000198682643
6.050000,3,-0.051070686,-0.207261211,-0.045740067,0.089238008460,-32.884755936462,2198.837698836538,2231.722663911175,0.000209138174
6.100000,0,0.001068777,-0.282151151,-0.068857834,0.095558628015,-38.782579746348,431.350688053581,470.133806143804,0.000538343878
6.100000,1,-0.013254889,-0.282018375,-0.068812889,0.095557790298,-38.228626616389,425.692760426112,463.921910797457,0.000523754951
6.100000,2,0.062908834,-0.233261951,-0.055149465,0.089125894241,17.715657356761,2193.014420398847,2175.298963749673,0.000200707594
6.100000,3,-0.073811046,-0.231899877,-0.047637080,0.089212723418,31.897701002692,2268.391823468153,2236.494326950914,0.000204485457
6.150000,0,0.000681917,-0.309108343,-0.061118546,0.095650945484,57.470809641428,535.067436579694,477.597192497339,0.000565559077
6.150000,1,-0.017034717,-0.308846717,-0.061337948,0.095652706937,58.028009860553,529.410939992575,471.383480900171,0.000550768143
6.150000,2,0.079824884,-0.249365006,-0.060168046,0.089224771468,142.262110756584,2328.321641943419,2186.059729540877,0.000198354048
6.150000,3,-0.093792594,-0.245825089,-0.055555051,0.089273920626,151.173625892352,2398.742783902840,2247.569365555320,0.000207544835
6.200000,0,0.000286634,-0.318219693,-0.056861446,0.095656612821,192.298102728927,680.904059858672,488.606535488300,0.000578358560
6.200000,1,-0.019620684,-0.317833375,-0.057274909,0.095655167164,192.703604315271,675.058434219720,482.355390555416,0.000560650960
6.200000,2,0.090288473,-0.244857173,-0.071971974,0.089176652626,301.035283727318,2498.316101203633,2197.281018163374,0.000200687064
6.200000,3,-0.106892424,-0.239706558,-0.071367105,0.089139635744,308.910131253935,2566.950180078301,2258.040254528764,0.000205704395
6.250000,0,-0.000219950,-0.303592684,-0.059324629,0.095552490898,323.254117561641,817.760141834513,494.506573384879,0.000549112011
6.250000,1,-0.020549282,-0.303169746,-0.059849491,0.095552543264,323.483901127282,811.707019814362,488.223652225915,0.000533538828
6.250000,2,0.090511265,-0.222220837,-0.093228070,0.089277727647,437.588926256940,2639.124082056313,2201.535353389631,0.000197590261
6.250000,3,-0.109519707,-0.217150361,-0.096644675,0.089087367745,444.093703371952,2705.929432894098,2261.835936819251,0.000207297103
6.300000,0,-0.000786271,-0.270944288,-0.067659539,0.095420724588,406.123337096414,901.233483679891,495.110679537072,0.000532953599
6.300000,1,-0.019841127,-0.270588500,-0.068246805,0.095421958589,406.146104541487,894.972390211227,488.826804827376,0.000519157629
6.300000,2,0.081870398,-0.190291544,-0.118963396,0.089071629780,512.259977327317,2714.652833281278,2202.393054147569,0.000198193610
6.300000,3,-0.100829990,-0.186818142,-0.124771264,0.089069423667,511.984183797005,2774.864543395941,2262.880567190129,0.000207591194
6.350000,0,-0.001166137,-0.235187298,-0.075880030,0.095321530496,429.071399323063,928.165012424201,499.094175141425,0.000562040292
6.350000,1,-0.018220146,-0.234920703,-0.076498342,0.095321613134,429.118198589436,921.932679198381,492.815027710629,0.000547101676
6.350000,2,0.071627013,-0.160735409,-0.136185367,0.088854760306,519.113978095722,2727.223429517878,2208.109652472936,0.000201050781
6.350000,3,-0.090109084,-0.159416446,-0.143982839,0.088963591266,518.372653526588,2786.725079450068,2268.352633972811,0.000208049334
6.400000,0,-0.001402656,-0.209001891,-0.076763832,0.095279389540,413.326699229374,923.433056363606,510.106943278307,0.000586144081
6.400000,1,-0.016831453,-0.208830374,-0.077389191,0.095281401480,413.392350376193,917.204821689833,503.813041758285,0.000570444638
6.400000,2,0.065419519,-0.141133950,-0.136280711,0.088884392034,490.364845201279,2709.461030795352,2219.096387470721,0.000201876655
6.400000,3,-0.083925058,-0.139164257,-0.145684716,0.089011434068,497.218183902551,2776.229543385048,2279.011567871252,0.000208388757
6.450000,0,-0.001805900,-0.194394777,-0.068686887,0.095289699231,390.264624394493,913.756689250750,523.492671019185,0.000606162934
6.450000,1,-0.016404852,-0.194279676,-0.069305783,0.095291678395,390.400148833624,907.569452956796,517.169892286855,0.000588163676
6.450000,2,0.064851618,-0.130806517,-0.125588780,0.088912600826,463.647997165926,2694.084135757227,2230.436339894337,0.000201303044
6.450000,3,-0.084919353,-0.127764150,-0.135740104,0.088909665383,473.405717260479,2763.682846926786,2290.277336654586,0.000206988283
6.500000,0,-0.002403073,-0.188166742,-0.055699929,0.095320934791,377.241335865576,911.283414144747,534.042683982999,0.000605703833
6.500000,1,-0.016771227,-0.188055923,-0.056309532,0.095322295576,377.425670277064,905.118449765257,527.693367422052,0.000587933852
6.500000,2,0.066873906,-0.128126115,-0.114446026,0.088957138598,451.922264970655,2690.761271149720,2238.839207881123,0.000201702063
6.500000,3,-0.088772990,-0.125239160,-0.124701914,0.088912844704,459.469079193309,2758.151681588543,2298.682809959869,0.000207564644
6.550000,0,-0.003017371,-0.186644805,-0.042092529,0.095354747368,370.090731913647,910.657800868114,540.567664254590,0.000595300129
6.550000,1,-0.017230545,-0.186505207,-0.042673634,0.095354694589,370.293618153223,904.495577007787,534.202536079376,0.000577224805
6.550000,2,0.067413989,-0.128923297,-0.104738585,0.089019095357,447.240820138302,2691.508192094457,2244.267571870738,0.000199914590
6.550000,3,-0.091565864,-0.124698417,-0.114451860,0.088906516001,453.901470365615,2758.070142418626,2304.168876724258,0.000204671258
6.600000,0,-0.003531786,-0.185321513,-0.029461411,0.095378794380,358.229265048555,902.807640816589,544.578955169324,0.000579401296
6.600000,1,-0.017242415,-0.185153908,-0.029978953,0.095378782310,358.418438672349,896.625560205764,538.207682277093,0.000560743670
6.600000,2,0.065240821,-0.127299319,-0.090523860,0.089003787404,437.137119590211,2685.473013929593,2248.336093722794,0.000199383417
6.600000,3,-0.091896522,-0.121627614,-0.099172434,0.088927576576,448.181430798565,2756.546180762288,2308.364960681333,0.000210717618
6.650000,0,-0.004009225,-0.181403838,-0.018869526,0.095397359027,336.536878482442,884.124048025713,547.587746549277,0.000577006013
6.650000,1,-0.016814445,-0.181240975,-0.019292619,0.095397792398,336.765051701534,877.982788202798,541.218295108613,0.000558607342
6.650000,2,0.061561906,-0.125056301,-0.069461625,0.089052907372,421.929430828627,2674.008153981378,2252.078923765706,0.000200612958
6.650000,3,-0.091056738,-0.119938241,-0.076547364,0.089094781001,434.765322804060,2747.097418970626,2312.332309431789,0.000213265233
6.700000,0,-0.004409912,-0.177489587,-0.012594176,0.095403350238,305.321310268586,855.449153250330,550.128422562746,0.000579581009
6.700000,1,-0.016068488,-0.177295456,-0.012926205,0.095401960087,305.550243163991,849.317075412390,543.767392803636,0.000560555229
6.700000,2,0.058305494,-0.128154000,-0.047717051,0.089177686996,396.179388941054,2651.746140815107,2255.566957409590,0.000205535539
6.700000,3,-0.089386553,-0.123863877,-0.052298387,0.089141505157,405.949979115712,2722.137416779634,2316.187651983603,0.000214319693
6.750000,0,-0.004616710,-0.179361682,-0.012334904,0.095408084636,263.871867393366,815.851187808812,551.979899200814,0.000578785375
6.750000,1,-0.015031734,-0.179170438,-0.012583138,0.095406224605,264.132151060155,809.762203467373,545.630612307379,0.000559900153
6.750000,2,0.055760375,-0.136663411,-0.032895180,0.089224200619,351.928383565429,2610.265970299069,2258.337790716622,0.000203982983
6.750000,3,-0.086047329,-0.132194497,-0.035531066,0.089127315200,356.356022071527,2675.822313610341,2319.466502838937,0.000211300136
6.800000,0,-0.004683165,-0.191659094,-0.017252769,0.095437393629,210.621607430411,763.446076089737,552.825039104648,0.000570445328
6.800000,1,-0.013691079,-0.191487488,-0.017425627,0.095436032948,210.917540049793,757.402062532880,546.485074097609,0.000551614514
6.800000,2,0.051643580,-0.149705177,-0.028660643,0.088994359103,285.771246066293,2545.799524722794,2260.028485944730,0.000207288224
6.800000,3,-0.081102261,-0.145015192,-0.030313266,0.089043878790,288.009831944340,2609.598534516337,2321.588917294695,0.000214722710
6.850000,0,-0.004638465,-0.214839533,-0.025435718,0.095484407160,143.496220030508,696.914232652082,553.418587940643,0.000575319076
6.850000,1,-0.011901021,-0.214714874,-0.025532873,0.095484509309,143.818901507759,690.899029077031,547.080684136184,0.000556566903
6.850000,2,0.045051597,-0.171113504,-0.031770967,0.089078174480,197.849145197567,2459.443522118223,2261.594583922437,0.000207001776
6.850000,3,-0.073391763,-0.166766759,-0.033262059,0.089119456815,204.378379955114,2527.692993296103,2323.314824032999,0.000210692021
6.900000,0,-0.004425468,-0.245469619,-0.036469593,0.095549861362,66.748395121943,623.119994436200,556.372200223599,0.000600909348
6.900000,1,-0.009486980,-0.245371441,-0.036488290,0.095548779635,67.129529602424,617.157894066622,550.028949197672,0.000584733465
6.900000,2,0.034964963,-0.199748201,-0.038203245,0.089093944463,101.671646198645,2366.962343336606,2265.290901481430,0.000204343461
6.900000,3,-0.061250456,-0.196671811,-0.039869504,0.089148522243,115.210162815194,2442.038254308608,2326.828301017029,0.000209523626
6.950000,0,-0.003964948,-0.276712316,-0.051271601,0.095614513109,-4.056803046599,560.793935212081,564.851367296670,0.000629037997
6.950000,1,-0.006413519,-0.276694733,-0.051212734,0.095613225296,-3.676460752009,554.825651780395,558.502724939447,0.000612407034
6.950000,2,0.021346420,-0.228335861,-0.048356102,0.089336814780,22.022974701516,2295.496456283985,2273.473689773694,0.000208191217
6.950000,3,-0.042791943,-0.226862802,-0.049972607,0.089229558180,34.305816265131,2368.950671516451,2334.645060738878,0.000205487566
7.000000,0,-0.003192986,-0.301105958,-0.069628930,0.095660392007,-43.789182276648,535.354206500928,579.144046630991,0.000657853423
7.000000,1,-0.002849995,-0.301154572,-0.069521802,0.095661236283,-43.415917156379,529.385617373290,572.802172795939,0.000638266261
7.000000,2,0.005820163,-0.249575232,-0.064107644,0.089293359810,-20.411173840362,2266.132764170591,2286.544145237231,0.000207226271
7.000000,3,-0.019098534,-0.250781043,-0.065232579,0.089268248593,-9.299270213529,2338.409566518827,2347.709045513166,0.000208780822
7.050000,0,-0.002114706,-0.301885625,-0.088569348,0.095608219493,-58.150921961854,535.353154285589,593.504725465061,0.000649217625
7.050000,1,0.001016695,-0.301956191,-0.088452242,0.095609280282,-57.795458587206,529.384565157951,587.180655036450,0.000631291285
7.050000,2,-0.009861924,-0.248729485,-0.082787726,0.089299496238,-33.671309186263,2266.131237683216,2299.802752777690,0.000205908205
7.050000,3,0.005418618,-0.251533796,-0.082670998,0.089331140164,-23.213732028526,2338.408040031451,2361.621980454000,0.000208394037
7.100000,0,-0.000844062,-0.275638403,-0.103765052,0.095465805942,-64.380203609327,535.353154285589,599.733982105308,0.000624210400
7.100000,1,0.004895803,-0.275705112,-0.103678012,0.095466663813,-64.030256912817,529.384565157951,593.415426066224,0.000603995448
7.100000,2,-0.023997405,-0.225162122,-0.098510999,0.089002828774,-39.619024175957,2266.131237683216,2305.750465137973,0.000203278793
7.100000,3,0.027731592,-0.228359773,-0.098062215,0.089146428049,-29.710294474447,2338.408040031451,2368.118542551629,0.000208045745
7.150000,0,0.000417526,-0.244407114,-0.110600756,0.095360233949,-68.173402097881,535.353154285589,603.527200310890,0.000643927429
7.150000,1,0.008566240,-0.244411371,-0.110586166,0.095359086202,-67.810977663799,529.384565157951,597.196170229179,0.000627407421
7.150000,2,-0.038150165,-0.200278577,-0.106624955,0.088889463012,-43.669830037949,2266.131237683216,2309.801273280863,0.000205559688
7.150000,3,0.049796765,-0.202873519,-0.107007985,0.088962115090,-33.516434429773,2338.408040031451,2371.924678207450,0.000203746241
7.200000,0,0.001631708,-0.225655210,-0.106504241,0.095329508767,-74.667686016352,535.353154285589,610.021516675309,0.000676373377
7.200000,1,0.012076846,-0.225562805,-0.106587706,0.095327476941,-74.289517511865,529.384565157951,603.674744775285,0.000662105460
7.200000,2,-0.052054462,-0.188276779,-0.102624604,0.088881275536,-49.406595406137,2266.131237683216,2315.538040324735,0.000207235370
7.200000,3,0.071725276,-0.187387352,-0.104792820,0.088900504466,-38.857720726627,2338.408040031451,2377.265964314016,0.000203555953
7.250000,0,0.002812224,-0.225083263,-0.093687889,0.095364212345,-79.744859937551,535.353154285589,615.098673637060,0.000659413927
7.250000,1,0.015546997,-0.224877048,-0.093880796,0.095363388638,-79.360769673711,529.384565157951,608.745980046847,0.000645215177
7.250000,2,-0.065322589,-0.188994749,-0.088516834,0.089029173270,-52.876951246814,2266.131237683216,2319.008395305709,0.000206375668
7.250000,3,0.092249464,-0.184651678,-0.092352682,0.088942708420,-42.281080421063,2338.408040031451,2380.689327193447,0.000206740952
7.300000,0,0.003955640,-0.240342263,-0.076413840,0.095436359045,-80.845879360894,535.353154285589,616.199662656482,0.000629010006
7.300000,1,0.019111310,-0.239999126,-0.076727878,0.095436845594,-80.465461004125,529.384565157951,609.850637945408,0.000611783325
7.300000,2,-0.076664642,-0.197027107,-0.070452943,0.089090684086,-53.490067459299,2266.131237683216,2319.621510914183,0.000205771653
7.300000,3,0.110357675,-0.190023048,-0.075831682,0.089141263035,-43.149944800972,2338.408040031451,2381.558191884927,0.000207052521
7.350000,0,0.005062663,-0.259481641,-0.057877937,0.095509538007,-81.713980110725,535.353154285589,617.067782872024,0.000648475717
7.350000,1,0.022592409,-0.259021456,-0.058331684,0.095511341627,-81.333963788512,529.384565157951,610.719160269935,0.000631323464
7.350000,2,-0.088292446,-0.205968691,-0.054847603,0.089210896295,-55.409242529686,2266.131237683216,2321.540682868751,0.000202655834
7.350000,3,0.127062527,-0.195902784,-0.062307595,0.089185139021,-45.175183223094,2338.408040031451,2383.583429601732,0.000206347203
7.400000,0,0.006057239,-0.267605533,-0.041273960,0.095544075651,-85.066045369573,535.353154285589,620.419877167527,0.000677512372
7.400000,1,0.025283989,-0.267046291,-0.041874802,0.095544136574,-84.673542147580,529.384565157951,614.058769388710,0.000662083171
7.400000,2,-0.096938498,-0.207435030,-0.044727955,0.089240379281,-58.802308256188,2266.131237683216,2324.933748270629,0.000202331207
7.400000,3,0.140462917,-0.195080393,-0.055608136,0.089332864870,-48.509990466763,2338.408040031451,2386.918233320366,0.000202822167
7.450000,0,0.006721248,-0.261444021,-0.030711627,0.095519140172,-88.502053004969,535.353154285589,623.855883918081,0.000676627530
7.450000,1,0.026296944,-0.260844256,-0.031418560,0.095519288882,-88.091882667797,529.384565157951,617.477108449648,0.000660623893
7.450000,2,-0.098070206,-0.196840430,-0.042264199,0.089036614062,-60.912962489169,2266.131237683216,2327.044408054806,0.000207882402
7.450000,3,0.144094383,-0.183649587,-0.056109156,0.089069591992,-50.485772005345,2338.408040031451,2388.894018587400,0.000206550619
7.500000,0,0.006834912,-0.246116314,-0.028818548,0.095458072439,-90.085450102100,535.353154285589,625.439267740688,0.000663353007
7.500000,1,0.025238930,-0.245580418,-0.029553536,0.095458142289,-89.662532597055,529.384565157951,619.047745311664,0.000647556650
7.500000,2,-0.091233480,-0.182638267,-0.047634060,0.089011059942,-61.912191190775,2266.131237683216,2328.043634204206,0.000205330195
7.500000,3,0.135806325,-0.170257398,-0.062708072,0.088938820170,-51.423542347252,2338.408040031451,2389.831787994837,0.000205616149
7.550000,0,0.006453663,-0.229465701,-0.034670885,0.095406908221,-91.225161766369,535.353154285589,626.578987648959,0.000671597009
7.550000,1,0.022609186,-0.229036711,-0.035357775,0.095407213384,-90.797643315541,529.384565157951,620.182864982942,0.000656509442
7.550000,2,-0.079863905,-0.176022729,-0.057973222,0.089011524482,-63.432618932450,2266.131237683216,2329.564065935290,0.000209319607
7.550000,3,0.121036598,-0.166244389,-0.072235804,0.088877525825,-53.043398966586,2338.408040031451,2391.451644216019,0.000205217998
7.600000,0,0.005926920,-0.221178543,-0.043416429,0.095394490311,-93.020384941022,535.353154285589,628.374221782972,0.000682556368
7.600000,1,0.019577796,-0.220888222,-0.044012883,0.095395324298,-92.592132833398,529.384565157951,621.977365727842,0.000667736485
7.600000,2,-0.068366214,-0.180974491,-0.067175253,0.089011100745,-65.197156970520,2266.131237683216,2331.328603670770,0.000209017020
7.600000,3,0.105339038,-0.174238290,-0.079534291,0.089036704288,-54.988267924325,2338.408040031451,2393.396511716470,0.000203760710
7.650000,0,0.005491030,-0.225517937,-0.050629549,0.095405553611,-94.462180969078,535.353154285589,629.816016225926,0.000680971266
7.650000,1,0.016833710,-0.225341566,-0.051124568,0.095404697845,-94.032260721463,529.384565157951,623.417491995663,0.000666116241
7.650000,2,-0.057454486,-0.193698301,-0.070733767,0.089059283503,-66.125699989929,2266.131237683216,2332.257147731993,0.000210058837
7.650000,3,0.092008486,-0.188855958,-0.081903717,0.089019422662,-56.135156884692,2338.408040031451,2394.543400478607,0.000203562481
7.700000,0,0.005081028,-0.237721997,-0.055909491,0.095437112368,-94.864215452293,535.353154285589,630.218043226773,0.000673488898
7.700000,1,0.014092751,-0.237649510,-0.056288580,0.095436054346,-94.432282562375,529.384565157951,623.817506000018,0.000658279685
7.700000,2,-0.047200923,-0.207394721,-0.071181913,0.089181894591,-66.576859069271,2266.131237683216,2332.708306203241,0.000209450742
7.700000,3,0.079485108,-0.204631853,-0.080710646,0.089309366557,-56.781573745269,2338.408040031451,2395.189817186173,0.000203409472
7.750000,0,0.004509286,-0.250619493,-0.060920101,0.095471907860,-95.064441051465,535.353154285589,630.418270404224,0.000675067178
7.750000,1,0.010827277,-0.250636344,-0.061157754,0.095471944244,-94.635284519048,529.384565157951,624.020509635073,0.000659958067
7.750000,2,-0.035621551,-0.216570552,-0.072067638,0.089090798154,-67.649644604064,2266.131237683216,2333.781088776098,0.000206488808
7.750000,3,0.063589760,-0.215373685,-0.078915461,0.089176806587,-58.011616367695,2338.408040031451,2396.419857026680,0.000200627556
7.800000,0,0.003644853,-0.259606651,-0.066340142,0.095490879528,-95.851914800975,535.353154285589,631.205752583379,0.000683496823
7.800000,1,0.006763040,-0.259671141,-0.066421748,0.095489966479,-95.429875461997,529.384565157951,624.815108768754,0.000668148799
7.800000,2,-0.020576764,-0.218934426,-0.074305156,0.089041618971,-69.018610689773,2266.131237683216,2335.150055005271,0.000206632270
7.800000,3,0.041758337,-0.219100006,-0.077607431,0.089038328032,-59.533389104217,2338.408040031451,2397.941625765684,0.000196630037
7.850000,0,0.002530396,-0.261543716,-0.071466763,0.095483290576,-96.839317075645,535.353154285589,632.193156407242,0.000685046017
7.850000,1,0.002137841,-0.261637795,-0.071400501,0.095482321903,-96.421278536722,529.384565157951,625.806513325685,0.000669631005
7.850000,2,-0.001253082,-0.214751587,-0.075810539,0.088947589214,-69.713323562221,2266.131237683216,2335.844766769273,0.000205523822
7.850000,3,0.014407734,-0.216005208,-0.075306275,0.089018193958,-60.266943049717,2338.408040031451,2398.675181780122,0.000198698976
7.900000,0,0.001324468,-0.256301415,-0.075353950,0.095453804464,-97.434188869999,535.353154285589,632.788026220305,0.000683064726
7.900000,1,-0.002455185,-0.256360653,-0.075185747,0.095453811553,-97.012841337792,529.384565157951,626.398073977278,0.000667481528
7.900000,2,0.018098276,-0.207251992,-0.074138146,0.088997279130,-69.899197138073,2266.131237683216,2336.030635720702,0.000200899401
7.900000,3,-0.013404773,-0.208628376,-0.070685272,0.089025239585,-60.402124011825,2338.408040031451,2398.810366759851,0.000202716594
7.950000,0,0.000168015,-0.248501547,-0.077577009,0.095430906073,-97.772594475090,535.353154285589,633.126433539348,0.000684778678
7.950000,1,-0.006645017,-0.248491208,-0.077364424,0.095431553964,-97.342196520408,529.384565157951,626.727430825130,0.000669146765
7.950000,2,0.033749245,-0.200566904,-0.069112519,0.089116601665,-70.134346339102,2266.131237683216,2336.265786010691,0.000201988359
7.950000,3,-0.037453630,-0.201613122,-0.064280424,0.089149384433,-60.600932885887,2338.408040031451,2399.009174746888,0.000201829569
8.000000,0,-0.000920587,-0.243521345,-0.077612541,0.095415915939,-98.171038060446,535.353154285589,633.524878768227,0.000686422201
8.000000,1,-0.010447951,-0.243439751,-0.077411053,0.095418786050,-97.731504510009,529.384565157951,627.116740733774,0.000671065809
8.000000,2,0.046477568,-0.197080646,-0.063438482,0.089213868013,-70.460167222741,2266.131237683216,2336.591609013736,0.000204107760
8.000000,3,-0.056852786,-0.196573748,-0.058870628,0.089165229912,-60.979183001484,2338.408040031451,2399.387422197013,0.000199164101
8.050000,0,-0.002007272,-0.243047286,-0.074568998,0.095421949107,-98.470747228920,535.353154285589,633.824587412521,0.000685898021
8.050000,1,-0.014116310,-0.242854055,-0.074440802,0.095423235164,-98.027543841611,529.384565157951,627.412779561842,0.000670562274
8.050000,2,0.057399950,-0.197640820,-0.059685755,0.089219671755,-70.764176962330,2266.131237683216,2336.895620980147,0.000206334580
8.050000,3,-0.074506187,-0.194661798,-0.056488329,0.089134527627,-61.506735911794,2338.408040031451,2399.914970926711,0.000194983492
8.100000,0,-0.003096769,-0.245462597,-0.068422694,0.095439807939,-98.549936046675,535.353154285589,633.903772973460,0.000682641204
8.100000,1,-0.017716225,-0.245152928,-0.068429330,0.095440211132,-98.108508606932,529.384565157951,627.493741429427,0.000667664539
8.100000,2,0.069113405,-0.199040590,-0.058566087,0.088992607414,-71.129503912046,2266.131237683216,2337.260949521875,0.000207926588
8.100000,3,-0.091734888,-0.194041865,-0.057374732,0.089004812816,-62.116726177764,2338.408040031451,2400.524961871577,0.000195662387
8.150000,0,-0.004144415,-0.248600687,-0.060877623,0.095459204620,-98.600293997928,535.353154285589,633.954133101971,0.000684818465
8.150000,1,-0.020957762,-0.248171348,-0.061063405,0.095459928865,-98.161737993657,529.384565157951,627.546972653425,0.000669501811
8.150000,2,0.079004502,-0.198066212,-0.059288493,0.088956254553,-71.499357871473,2266.131237683216,2337.630800752514,0.000205197802
8.150000,3,-0.107425285,-0.191010074,-0.061620842,0.089021341699,-62.605481875143,2338.408040031451,2401.013715594976,0.000193688406
8.200000,0,-0.005034186,-0.250414885,-0.054712632,0.095470532656,-98.794825763408,535.353154285589,634.148666736972,0.000686687984
8.200000,1,-0.023349916,-0.249884310,-0.055095197,0.095469968702,-98.355960535943,529.384565157951,627.741196697776,0.000671003877
8.200000,2,0.086188072,-0.195135359,-0.061833869,0.088996898248,-71.706401391231,2266.131237683216,2337.837842036929,0.000202962458
8.200000,3,-0.118958494,-0.186414825,-0.068501199,0.088934850828,-62.814857843402,2338.408040031451,2401.223091952884,0.000194078056
8.250000,0,-0.005667640,-0.249309217,-0.051939800,0.095463134426,-99.037223404061,535.353154285589,634.391065354792,0.000687665152
8.250000,1,-0.024591522,-0.248743226,-0.052500995,0.095462762492,-98.594468515332,529.384565157951,627.979705757699,0.000672084411
8.250000,2,0.088083584,-0.192950021,-0.066540122,0.089058342088,-71.773141201243,2266.131237683216,2337.904579770445,0.000200885964
8.250000,3,-0.124362966,-0.183904550,-0.077147439,0.089130172107,-62.877162358235,2338.408040031451,2401.285397209346,0.000194819682
8.300000,0,-0.006035614,-0.245903628,-0.052368639,0.095454095535,-99.195891886324,535.353154285589,634.549733280198,0.000687108296
8.300000,1,-0.024743711,-0.245338949,-0.053073800,0.095452006182,-98.748247750748,529.384565157951,628.133484675004,0.000671766300
8.300000,2,0.085313768,-0.192844718,-0.072160907,0.089195868100,-71.886262357470,2266.131237683216,2338.017700887249,0.000200846542
8.300000,3,-0.122595334,-0.183906074,-0.085226830,0.089092944780,-63.072602333818,2338.408040031451,2401.480840640717,0.000198275470
8.350000,0,-0.006195502,-0.242358616,-0.054353521,0.095440715472,-99.307542645581,535.353154285589,634.661384331513,0.000687400355
8.350000,1,-0.024039070,-0.241855517,-0.055147373,0.095438242350,-98.856592970511,529.384565157951,628.241830295350,0.000672166882
8.350000,2,0.080431652,-0.194607595,-0.077052209,0.089183568120,-72.121729727056,2266.131237683216,2338.253164794828,0.000197384539
8.350000,3,-0.116878452,-0.186530098,-0.090629106,0.089175449945,-63.494978736818,2338.408040031451,2401.903215575538,0.000196807291
8.400000,0,-0.006204761,-0.240523618,-0.056539617,0.095436034909,-99.428824805346,535.353154285589,634.782666905322,0.000687814398
8.400000,1,-0.022688103,-0.240117435,-0.057359011,0.095435226283,-98.976256758088,529.384565157951,628.361494199628,0.000672283583
8.400000,2,0.073922072,-0.198022498,-0.079210341,0.089067378660,-72.377134712629,2266.131237683216,2338.508568550388,0.000196154525
8.400000,3,-0.111021580,-0.190813269,-0.092798088,0.089084622585,-63.979671570917,2338.408040031451,2402.387907944028,0.000196341680
8.450000,0,-0.006035568,-0.241269452,-0.058619559,0.095439549719,-99.515625543577,535.353154285589,634.869466974518,0.000687145364
8.450000,1,-0.020717651,-0.240970749,-0.059395605,0.095439092902,-99.062472287535,529.384565157951,628.447709053602,0.000671608111
8.450000,2,0.067328881,-0.201790756,-0.078535040,0.088897797332,-72.574661743906,2266.131237683216,2338.706100055015,0.000200627878
8.450000,3,-0.104161565,-0.195524034,-0.091911446,0.089028284509,-64.394260404395,2338.408040031451,2402.802499006964,0.000198571143
8.500000,0,-0.005677438,-0.244126790,-0.060876202,0.095445217256,-99.542418063866,535.353154285589,634.896258668121,0.000686318678
8.500000,1,-0.018121076,-0.243962388,-0.061541988,0.095445081216,-99.089921498227,529.384565157951,628.475157813544,0.000671157361
8.500000,2,0.058385055,-0.205426880,-0.076340612,0.088982442184,-72.762073335490,2266.131237683216,2338.893511846064,0.000200827343
8.500000,3,-0.094315271,-0.199838431,-0.088308749,0.089037222656,-64.701189006411,2338.408040031451,2403.109429006218,0.000199968381
8.550000,0,-0.005133108,-0.247628860,-0.063313210,0.095452663145,-99.563130281446,535.353154285589,634.916970921843,0.000686354820
8.550000,1,-0.014926471,-0.247565658,-0.063811316,0.095452530671,-99.112874232916,529.384565157951,628.498110459360,0.000671068488
8.550000,2,0.046673652,-0.207913478,-0.073380993,0.089062578832,-72.923157490946,2266.131237683216,2339.054596553603,0.000201379427
8.550000,3,-0.079013346,-0.203967352,-0.082338313,0.089031794647,-64.912300362437,2338.408040031451,2403.320540028134,0.000199634267
8.600000,0,-0.004416070,-0.250061085,-0.065539881,0.095455650057,-99.629808244469,535.353154285589,634.983650047621,0.000687517575
8.600000,1,-0.011215961,-0.250081952,-0.065834346,0.095457242696,-99.182252145903,529.384565157951,628.567489355849,0.000672051991
8.600000,2,0.031582658,-0.207824003,-0.069941393,0.089176699691,-73.007500609908,2266.131237683216,2339.138936341863,0.000198048727
8.600000,3,-0.060131302,-0.205907402,-0.074903501,0.089102562471,-65.017332324006,2338.408040031451,2403.425572772965,0.000200417527
8.650000,0,-0.003552887,-0.250692510,-0.067307221,0.095455205691,-99.714522308111,535.353154285589,635.068365190410,0.000688596722
8.650000,1,-0.007142278,-0.250764172,-0.067394025,0.095457276066,-99.268210001173,529.384565157951,628.653448221852,0.000673062724
8.650000,2,0.015679099,-0.206260798,-0.065725852,0.089153145038,-73.051967481100,2266.131237683216,2339.183400399989,0.000195235664
8.650000,3,-0.039248058,-0.205718943,-0.066818413,0.089136977693,-65.083888458385,2338.408040031451,2403.492126886282,0.000198396465
8.700000,0,-0.002566005,-0.249832692,-0.068530021,0.095447142907,-99.775593697802,535.353154285589,635.129436403049,0.000688419670
8.700000,1,-0.002833282,-0.249905006,-0.068434628,0.095449022668,-99.328065196938,529.384565157951,628.713302993071,0.000672638177
8.700000,2,0.000123826,-0.204595582,-0.061656154,0.089196406731,-73.111042419618,2266.131237683216,2339.242476037819,0.000195934980
8.700000,3,-0.018141771,-0.204904918,-0.059722033,0.089196805127,-65.202631442300,2338.408040031451,2403.610875426161,0.000203952431
8.750000,0,-0.001502413,-0.248083566,-0.068978630,0.095440580472,-99.813018526971,535.353154285589,635.166861163603,0.000688351056
8.750000,1,0.001548689,-0.248139418,-0.068748272,0.095441252719,-99.362643584187,529.384565157951,628.747881521641,0.000672779497
8.750000,2,-0.014356609,-0.202818727,-0.058713840,0.088980944513,-73.209744308049,2266.131237683216,2339.341180642814,0.000198651542
8.750000,3,0.003032239,-0.203923758,-0.054626383,0.089062659523,-65.409017262571,2338.408040031451,2403.817267504180,0.000210210178
8.800000,0,-0.000391513,-0.246539231,-0.068330485,0.095438693886,-99.840800199427,535.353154285589,635.194641731824,0.000687246820
8.800000,1,0.005864759,-0.246532497,-0.068028913,0.095438319293,-99.387667874914,529.384565157951,628.772905266466,0.000672233596
8.800000,2,-0.028417322,-0.202038377,-0.057420730,0.089023200316,-73.349632524728,2266.131237683216,2339.481066128243,0.000195920292
8.800000,3,0.024471643,-0.202677380,-0.052612929,0.089057056844,-65.702207490729,2338.408040031451,2404.110457419300,0.000209897139
8.850000,0,0.000723163,-0.246043609,-0.066554182,0.095443347578,-99.858474370267,535.353154285589,635.212316418385,0.000687762541
8.850000,1,0.010010798,-0.245952640,-0.066252362,0.095443493651,-99.404158940609,529.384565157951,628.789396634897,0.000672536331
8.850000,2,-0.042215266,-0.201367532,-0.058186959,0.089059265235,-73.500189289059,2266.131237683216,2339.631624451072,0.000197478790
8.850000,3,0.045094501,-0.201021542,-0.053510895,0.088937114064,-66.006215469109,2338.408040031451,2404.414464918969,0.000209418426
8.900000,0,0.001814465,-0.246372777,-0.064173085,0.095444728255,-99.864684134349,535.353154285589,635.218526165488,0.000687745563
8.900000,1,0.013869037,-0.246183147,-0.063944837,0.095444005854,-99.411197117552,529.384565157951,628.796434316384,0.000672040876
8.900000,2,-0.054998540,-0.200201521,-0.060625770,0.089043681837,-73.613350956680,2266.131237683216,2339.744784170829,0.000195530928
8.900000,3,0.064715109,-0.198891141,-0.056966574,0.089079207573,-66.216187375284,2338.408040031451,2404.624441610648,0.000214203934
8.950000,0,0.002850320,-0.246835862,-0.061964806,0.095449249781,-99.871843203981,535.353154285589,635.225684964008,0.000687474451
8.950000,1,0.017282113,-0.246526155,-0.061876494,0.095447368780,-99.420433177656,529.384565157951,628.805670162616,0.000671827003
8.950000,2,-0.066309476,-0.199077720,-0.064040290,0.089140134512,-73.677807670758,2266.131237683216,2339.809237883098,0.000192529118
8.950000,3,0.082451730,-0.196256494,-0.062750133,0.089091911139,-66.318568833561,2338.408040031451,2404.726825576196,0.000216711207
9.000000,0,0.003789807,-0.247008158,-0.060429474,0.095454513648,-99.890936653011,535.353154285589,635.244779297599,0.000688359012
9.000000,1,0.020106177,-0.246605667,-0.060529794,0.095452962771,-99.441392728271,529.384565157951,628.826630819607,0.000672933379
9.000000,2,-0.073713318,-0.198336957,-0.067811001,0.089172017002,-73.716335844347,2266.131237683216,2339.847769662345,0.000196134775
9.000000,3,0.096602204,-0.194054254,-0.070179943,0.089251049591,-66.374967314402,2338.408040031451,2404.783223828004,0.000216482174
9.050000,0,0.004603654,-0.246789286,-0.059643379,0.095452170296,-99.915887468828,535.353154285589,635.269730074219,0.000688319815
9.050000,1,0.022241755,-0.246301155,-0.059959083,0.095451375282,-99.467047737714,529.384565157951,628.852285979397,0.000673083727
9.050000,2,-0.078457988,-0.197275285,-0.072283395,0.089039900996,-73.771898533463,2266.131237683216,2339.903329524258,0.000193307569
9.050000,3,0.105389973,-0.191928130,-0.077809399,0.089116006703,-66.455471430899,2338.408040031451,2404.863726307539,0.000214845211
9.100000,0,0.005251531,-0.246033785,-0.059465512,0.095450733542,-99.935765085966,535.353154285589,635.289608387434,0.000689015893
9.100000,1,0.023583620,-0.245502604,-0.059991263,0.095451322926,-99.486612013810,529.384565157951,628.871850453145,0.000673281378
9.100000,2,-0.080322445,-0.197259494,-0.076193927,0.089000687525,-73.870241684788,2266.131237683216,2340.001675932615,0.000196564603
9.100000,3,0.110367231,-0.190935694,-0.084209960,0.089039903016,-66.624091266997,2338.408040031451,2405.032343390618,0.000212092192
9.150000,0,0.005720921,-0.245096584,-0.059776557,0.095445639597,-99.948457901775,535.353154285589,635.302300716335,0.000688528985
9.150000,1,0.024106821,-0.244576142,-0.060476761,0.095446587812,-99.498808464212,529.384565157951,628.884046686480,0.000673064312
9.150000,2,-0.080336058,-0.197939679,-0.078573176,0.088988272095,-73.992286114462,2266.131237683216,2340.123716751321,0.000192953637
9.150000,3,0.112949846,-0.190742399,-0.088448796,0.088973782351,-66.859138643278,2338.408040031451,2405.267393456395,0.000214781687
9.200000,0,0.005995682,-0.244782197,-0.060548819,0.095446457215,-99.957635825312,535.353154285589,635.311477936337,0.000687825451
9.200000,1,0.023840336,-0.244299080,-0.061366377,0.095446019758,-99.507969609165,529.384565157951,628.893207528556,0.000672761434
9.200000,2,-0.078474784,-0.198986869,-0.078710003,0.089013866365,-74.106798930142,2266.131237683216,2340.238227759863,0.000191146501
9.200000,3,0.113606243,-0.190920793,-0.090428991,0.088945451196,-67.095292167712,2338.408040031451,2405.503541624178,0.000209425036
9.250000,0,0.006079373,-0.245182622,-0.061700272,0.095445343288,-99.962739335283,535.353154285589,635.316581316645,0.000687695787
9.250000,1,0.022824546,-0.244790999,-0.062558504,0.095446385700,-99.513685841333,529.384565157951,628.898923445803,0.000672446514
9.250000,2,-0.073825145,-0.200427447,-0.077012259,0.089066847463,-74.189166982660,2266.131237683216,2340.320597643388,0.000192977508
9.250000,3,0.110783058,-0.192504592,-0.089926836,0.089056021429,-67.286378253943,2338.408040031451,2405.694628478864,0.000210193491
9.300000,0,0.005977228,-0.245951085,-0.062916855,0.095444746406,-99.964814676723,535.353154285589,635.318656653594,0.000687691296
9.300000,1,0.021103514,-0.245657150,-0.063739606,0.095446814478,-99.516932983958,529.384565157951,628.902170577104,0.000672435189
9.300000,2,-0.067005152,-0.201643204,-0.074651475,0.089216121274,-74.246655769313,2266.131237683216,2340.378085118960,0.000191666427
9.300000,3,0.103644488,-0.194698969,-0.087147088,0.089204877067,-67.419613013602,2338.408040031451,2405.827864753167,0.000211708134
9.350000,0,0.005688080,-0.246840498,-0.063904031,0.095449577668,-99.968490770826,535.353154285589,635.322333478701,0.000688422300
9.350000,1,0.018719537,-0.246649822,-0.064617954,0.095450835699,-99.522111369570,529.384565157951,628.907349328676,0.000672801148
9.350000,2,-0.057162354,-0.202776876,-0.071674181,0.089206348952,-74.283028596428,2266.131237683216,2340.414456421785,0.000190142137
9.350000,3,0.092947466,-0.196716609,-0.082660998,0.089129009219,-67.506714542146,2338.408040031451,2405.914966570689,0.000211997113
9.400000,0,0.005213851,-0.247526413,-0.064624907,0.095448168456,-99.976181272300,535.353154285589,635.330024597091,0.000689039217
9.400000,1,0.015726643,-0.247444635,-0.065169142,0.095448914402,-99.531220264539,529.384565157951,628.916458522543,0.000673100046
9.400000,2,-0.045736405,-0.203601960,-0.068410767,0.089095167070,-74.311434404793,2266.131237683216,2340.442862501383,0.000190413368
9.400000,3,0.079636242,-0.199246488,-0.076625986,0.089038961804,-67.554381584318,2338.408040031451,2405.962635195674,0.000213579927
9.450000,0,0.004559543,-0.247758344,-0.065145782,0.095448263812,-99.985771779863,535.353154285589,635.339614614812,0.000688549374
9.450000,1,0.012205626,-0.247748559,-0.065484652,0.095446409026,-99.541730899962,529.384565157951,628.926969020511,0.000672962591
9.450000,2,-0.032437555,-0.204111969,-0.064647385,0.088982793884,-74.345317455146,2266.131237683216,2340.476744049382,0.000188911013
9.450000,3,0.064695054,-0.201247226,-0.070228727,0.089018376463,-67.596780607631,2338.408040031451,2406.005029788334,0.000209149275
9.500000,0,0.003756335,-0.247519281,-0.065439731,0.095444853671,-99.993490752838,535.353154285589,635.347333669692,0.000688631279
9.500000,1,0.008285555,-0.247569547,-0.065560248,0.095444128190,-99.549592202541,529.384565157951,628.934830584215,0.000673223716
9.500000,2,-0.018624260,-0.204225016,-0.061611172,0.088961079232,-74.392981605219,2266.131237683216,2340.524409358516,0.000190070070
9.500000,3,0.046743163,-0.202825859,-0.064414341,0.088942946333,-67.658487758162,2338.408040031451,2406.066735856610,0.000208067020
9.550000,0,0.002833458,-0.247101836,-0.065396874,0.095446407880,-99.998277226476,535.353154285589,635.352119852604,0.000688340554
9.550000,1,0.004107885,-0.247175758,-0.065317989,0.095446884811,-99.553872634620,529.384565157951,628.939110905578,0.000673113000
9.550000,2,-0.004377664,-0.204283079,-0.059850537,0.088997034919,-74.453631247050,2266.131237683216,2340.585056145954,0.000187215680
9.550000,3,0.026885894,-0.204478616,-0.059969476,0.089134599381,-67.759211998618,2338.408040031451,2406.167459701230,0.000207671186
9.600000,0,0.001825222,-0.246750352,-0.064974679,0.095446897111,-100.000861054390,535.353154285589,635.354703746487,0.000688406523
9.600000,1,-0.000188291,-0.246808276,-0.064741061,0.095445956170,-99.555826289610,529.384565157951,628.941064256098,0.000672808531
9.600000,2,0.010357245,-0.204173226,-0.059310955,0.089160967843,-74.518517876964,2266.131237683216,2340.649942217708,0.000186657521
9.600000,3,0.005754408,-0.204911651,-0.057327252,0.089144906414,-67.886872724849,2338.408040031451,2406.295120688882,0.000207932606
9.650000,0,0.000760285,-0.246490333,-0.064283364,0.095445658728,-100.001885859216,535.353154285589,635.355728070020,0.000687925230
9.650000,1,-0.004475849,-0.246512735,-0.063956765,0.095445068255,-99.556759851640,529.384565157951,628.941997302389,0.000672292792
9.650000,2,0.025425878,-0.203904061,-0.060070129,0.089266378326,-74.581657381430,2266.131237683216,2340.713084280732,0.000189216082
9.650000,3,-0.015704782,-0.204843438,-0.056423166,0.089226717153,-68.016143612887,2338.408040031451,2406.424391936690,0.000208292380
9.700000,0,-0.000329713,-0.246431075,-0.063498286,0.095446911060,-100.002578683918,535.353154285589,635.356421178195,0.000688208704
9.700000,1,-0.008624728,-0.246370050,-0.063154440,0.095445923198,-99.558172036104,529.384565157951,628.943410005668,0.000672811607
9.700000,2,0.039417312,-0.203096879,-0.061950721,0.089099135884,-74.630550660067,2266.131237683216,2340.761976666655,0.000188323367
9.700000,3,-0.036416852,-0.203829702,-0.057530432,0.089115322135,-68.121408531638,2338.408040031451,2406.529659156529,0.000210593464
9.750000,0,-0.001407743,-0.246472615,-0.062770765,0.095447163096,-100.003990721880,535.353154285589,635.357833538562,0.000688531109
9.750000,1,-0.012494006,-0.246317300,-0.062487372,0.095448005037,-99.560979766587,529.384565157951,628.946217880596,0.000672956052
9.750000,2,0.051259015,-0.201911957,-0.064527217,0.089015547840,-74.665694404685,2266.131237683216,2340.797119938686,0.000187850782
9.750000,3,-0.055938375,-0.201687933,-0.060924670,0.089058951886,-68.190833935701,2338.408040031451,2406.599084290168,0.000210323039
9.800000,0,-0.002440092,-0.246430655,-0.062191009,0.095449691967,-100.006769812200,535.353154285589,635.360613040883,0.000688943110
9.800000,1,-0.015947862,-0.246170281,-0.062039437,0.095451727396,-99.565361818347,529.384565157951,628.950600297097,0.000673320793
9.800000,2,0.061426932,-0.200611190,-0.067441181,0.088880610988,-74.701594613229,2266.131237683216,2340.833020821188,0.000188524740
9.800000,3,-0.072799354,-0.199234896,-0.065763678,0.088958928209,-68.245835330605,2338.408040031451,2406.654084694294,0.000209332260
9.850000,0,-0.003387327,-0.246302362,-0.061830983,0.095449580662,-100.010052494980,535.353154285589,635.363895889590,0.000689109036
9.850000,1,-0.018859919,-0.245936030,-0.061868440,0.095450608535,-99.569991647667,529.384565157951,628.955230252635,0.000673447013
9.850000,2,0.069104290,-0.199673636,-0.070510122,0.088988038223,-74.746743952320,2266.131237683216,2340.878171071339,0.000189435801
9.850000,3,-0.086730580,-0.196769305,-0.071250956,0.089054779121,-68.306799983747,2338.408040031451,2406.715050254790,0.000210239613
9.900000,0,-0.004222035,-0.246107234,-0.061764449,0.095448467728,-100.012635405656,535.353154285589,635.366478241490,0.000688550260
9.900000,1,-0.021137542,-0.245671630,-0.062019257,0.095448676898,-99.573502331137,529.384565157951,628.958740648276,0.000673159182
9.900000,2,0.075216327,-0.198712274,-0.073166687,0.089104370582,-74.803678845356,2266.131237683216,2340.935099318830,0.000182790254
9.900000,3,-0.097499367,-0.194180075,-0.076271549,0.089005328496,-68.380154709385,2338.408040031451,2406.788402933109,0.000208192294
9.950000,0,-0.004916397,-0.245983442,-0.061998430,0.095446197104,-100.014318657690,535.353154285589,635.368161199110,0.000688255846
9.950000,1,-0.022713140,-0.245495216,-0.062469068,0.095446821093,-99.575871393699,529.384565157951,628.961109585768,0.000673034112
9.950000,2,0.078287838,-0.198317398,-0.074969620,0.089289784298,-74.868850513561,2266.131237683216,2341.000273124194,0.000184927414
9.950000,3,-0.105408995,-0.192372560,-0.080506908,0.089178781952,-68.471707627964,2338.408040031451,2406.879955914200,0.000208254802
10.000000,0,-0.005452068,-0.245950737,-0.062424693,0.095446329918,-100.015264601043,535.353154285589,635.369107041047,0.000688154429
10.000000,1,-0.023548046,-0.245456920,-0.063080191,0.095447122801,-99.577459048840,529.384565157951,628.962697116208,0.000672909412
10.000000,2,0.079184368,-0.198380176,-0.075716994,0.089215998099,-74.931239983472,2266.131237683216,2341.062660635865,0.000182969178
10.000000,3,-0.109996200,-0.191164224,-0.083850862,0.089078972871,-68.587797959117,2338.408040031451,2406.996047978776,0.000209988229
10.050000,0,-0.005811012,-0.246055702,-0.062894794,0.095447330546,-100.015721424841,535.353154285589,635.369564017821,0.000688307405
10.050000,1,-0.023623376,-0.245594878,-0.063681426,0.095447389576,-99.578685159751,529.384565157951,628.963923140770,0.000672823063
10.050000,2,0.077094267,-0.198629743,-0.075400288,0.089025660412,-74.988501171029,2266.131237683216,2341.119926294172,0.000187439928
10.050000,3,-0.110955270,-0.191058737,-0.085744743,0.089111809620,-68.716990737145,2338.408040031451,2407.125239701543,0.000208932968
10.100000,0,-0.005982249,-0.246317655,-0.063313597,0.095447805931,-100.016141167601,535.353154285589,635.369984426047,0.000688972872
10.100000,1,-0.022942187,-0.245912535,-0.064162122,0.095446905617,-99.580096835711,529.384565157951,628.965335237569,0.000673243902
10.100000,2,0.072775699,-0.199440583,-0.074292104,0.088940284524,-75.035094838711,2266.131237683216,2341.166520693644,0.000188171719
10.100000,3,-0.108123399,-0.191975073,-0.085819220,0.089014352501,-68.835372567417,2338.408040031451,2407.243621859666,0.000209260819
10.150000,0,-0.005958086,-0.246544393,-0.063664710,0.095447369655,-100.016946749194,535.353154285589,635.370789571877,0.000688537109
10.150000,1,-0.021517258,-0.246232791,-0.064497916,0.095445989474,-99.582020449583,529.384565157951,628.967258567638,0.000672960098
10.150000,2,0.066460892,-0.200586681,-0.072654312,0.088954389678,-75.071346947471,2266.131237683216,2341.202772239380,0.000187608692
10.150000,3,-0.102446786,-0.193598199,-0.084282641,0.088972271073,-68.931517564795,2338.408040031451,2407.339765745422,0.000208149201
10.200000,0,-0.005737174,-0.246712148,-0.063948844,0.095445858685,-100.018184999131,535.353154285589,635.372028259020,0.000688974315
10.200000,1,-0.019394839,-0.246491383,-0.064691288,0.095445233595,-99.584294518866,529.384565157951,628.969533201725,0.000673524903
10.200000,2,0.057141955,-0.201506170,-0.070462758,0.089032150558,-75.097333737468,2266.131237683216,2341.228760669595,0.000189248908
10.200000,3,-0.094059773,-0.195526022,-0.080980480,0.089034382746,-68.998134447524,2338.408040031451,2407.406381036921,0.000206557968
10.250000,0,-0.005330832,-0.246799519,-0.064153669,0.095448516500,-100.019581380786,535.353154285589,635.373424649377,0.000688983018
10.250000,1,-0.016648828,-0.246678432,-0.064742415,0.095448329529,-99.586463182468,529.384565157951,628.971701756749,0.000673416325
10.250000,2,0.046674141,-0.202755802,-0.067625511,0.089194623164,-75.119401576035,2266.131237683216,2341.250828661766,0.000189402510
10.250000,3,-0.082486199,-0.197967872,-0.076634275,0.089110394114,-69.035570206827,2338.408040031451,2407.443817268441,0.000207030185
10.300000,0,-0.004750702,-0.246764835,-0.064228748,0.095446456557,-100.020716958824,535.353154285589,635.374559919225,0.000688674827
10.300000,1,-0.013361777,-0.246732940,-0.064619761,0.095445539416,-99.587987424312,529.384565157951,628.973225762767,0.000673180499
10.300000,2,0.034233690,-0.203948439,-0.065027122,0.089236659042,-75.141547654572,2266.131237683216,2341.272974273773,0.000188935981
10.300000,3,-0.068103374,-0.200785950,-0.071962957,0.089192557127,-69.060760250570,2338.408040031451,2407.469008703583,0.000208421582
10.350000,0,-0.004018907,-0.246664202,-0.064133270,0.095448519224,-100.021387810359,535.353154285589,635.375230750983,0.000688655050
10.350000,1,-0.009648739,-0.246692221,-0.064309182,0.095448077910,-99.588695725289,529.384565157951,628.973933999200,0.000673115956
10.350000,2,0.020947584,-0.204628816,-0.063087123,0.089035627173,-75.170367400902,2266.131237683216,2341.301792905660,0.000187821537
10.350000,3,-0.050771451,-0.203085821,-0.067375341,0.089171635493,-69.092519930864,2338.408040031451,2407.500765749114,0.000205786824
10.400000,0,-0.003156501,-0.246529730,-0.063909515,0.095447236706,-100.021690378247,535.353154285589,635.375532798024,0.000688134204
10.400000,1,-0.005624452,-0.246601794,-0.063878383,0.095448081329,-99.588917757320,529.384565157951,628.974155696585,0.000672781309
10.400000,2,0.006421796,-0.205209988,-0.061891271,0.089003826662,-75.203100844920,2266.131237683216,2341.334524187392,0.000185659249
10.400000,3,-0.032158505,-0.204947220,-0.063458943,0.089130913836,-69.139637839995,2338.408040031451,2407.547882103822,0.000204232401
10.450000,0,-0.002195991,-0.246445808,-0.063628242,0.095445413681,-100.021838072483,535.353154285589,635.375680847441,0.000688489383
10.450000,1,-0.001421771,-0.246514621,-0.063428841,0.095446991872,-99.589150822978,529.384565157951,628.974389034175,0.000673053242
10.450000,2,-0.008402486,-0.205179688,-0.061460465,0.088964932299,-75.237669948794,2266.131237683216,2341.369090340888,0.000182708874
10.450000,3,-0.011903592,-0.205929531,-0.060328196,0.088965951035,-69.203549907563,2338.408040031451,2407.611795630323,0.000205691332
10.500000,0,-0.001165206,-0.246396160,-0.063329553,0.095447233243,-100.022013217958,535.353154285589,635.375856338274,0.000688834741
10.500000,1,0.002826752,-0.246432115,-0.063018730,0.095448325425,-99.589745423667,529.384565157951,628.974983834668,0.000673253045
10.500000,2,-0.022864428,-0.204647475,-0.061812175,0.089032877340,-75.271993004628,2266.131237683216,2341.403416343901,0.000185656054
10.500000,3,0.008746623,-0.205587054,-0.058811812,0.088982014786,-69.280282557914,2338.408040031451,2407.688529069414,0.000206480072
10.550000,0,-0.000096757,-0.246345672,-0.063045355,0.095446723546,-100.022336989977,535.353154285589,635.376180391377,0.000689115825
10.550000,1,0.006980265,-0.246320442,-0.062697215,0.095447431779,-99.590870540717,529.384565157951,628.976109024038,0.000673325365
10.550000,2,-0.036242634,-0.203732534,-0.062926907,0.089141041621,-75.305031369036,2266.131237683216,2341.436455598804,0.000186546548
10.550000,3,0.029135123,-0.204599510,-0.059006656,0.088994804241,-69.354497397926,2338.408040031451,2407.762744608316,0.000207178962
10.600000,0,0.000974063,-0.246331779,-0.062828531,0.095449459215,-100.022847332959,535.353154285589,635.376690826273,0.000689207739
10.600000,1,0.010902011,-0.246211074,-0.062521076,0.095449527393,-99.592428701367,529.384565157951,628.977667269428,0.000673410105
10.600000,2,-0.048070391,-0.202475772,-0.064576520,0.089223953176,-75.338103039718,2266.131237683216,2341.469527954198,0.000187231258
10.600000,3,0.048543700,-0.202876822,-0.060961059,0.089224329517,-69.422094457082,2338.408040031451,2407.830337823259,0.000203334751
10.650000,0,0.002014326,-0.246285601,-0.062736354,0.095445999376,-100.023400627273,535.353154285589,635.377243567237,0.000688654389
10.650000,1,0.014461857,-0.246074037,-0.062541356,0.095447836980,-99.594048556192,529.384565157951,628.979286977521,0.000673263373
10.650000,2,-0.058435049,-0.200984002,-0.066822257,0.089154285042,-75.371759099776,2266.131237683216,2341.503182250595,0.000185467595
10.650000,3,0.065337915,-0.200081538,-0.064212179,0.089135908504,-69.480377633905,2338.408040031451,2407.888621439779,0.000203774449
10.700000,0,0.002987543,-0.246232197,-0.062758423,0.095445664030,-100.023851462728,535.353154285589,635.377694396419,0.000688648117
10.700000,1,0.017537400,-0.245920824,-0.062734500,0.095446158329,-99.595433591747,529.384565157951,628.980672136325,0.000673386621
10.700000,2,-0.066824761,-0.199943122,-0.069265517,0.089043842175,-75.409497912763,2266.131237683216,2341.540919658149,0.000184062160
10.700000,3,0.080086770,-0.197710470,-0.068292376,0.089180433266,-69.531210733170,2338.408040031451,2407.939445529759,0.000194765161
10.750000,0,0.003864361,-0.246220769,-0.062856892,0.095447893619,-100.024163037820,535.353154285589,635.378005890660,0.000688567266
10.750000,1,0.020037467,-0.245828272,-0.063038139,0.095446928955,-99.596549604882,529.384565157951,628.981787886697,0.000673123859
10.750000,2,-0.072963733,-0.198910226,-0.071611002,0.089007025040,-75.453665869663,2266.131237683216,2341.585083211784,0.000179658899
10.750000,3,0.091915135,-0.195203075,-0.072840579,0.089011973752,-69.587296684304,2338.408040031451,2407.995532738122,0.000196022392
10.800000,0,0.004612021,-0.246217806,-0.063010243,0.095448375488,-100.024353520269,535.353154285589,635.378196593999,0.000688788156
10.800000,1,0.021877696,-0.245775317,-0.063402137,0.095447332442,-99.597469053332,529.384565157951,628.982707462356,0.000673251068
10.800000,2,-0.075958315,-0.198323271,-0.073236390,0.088973796911,-75.499897914269,2266.131237683216,2341.631318189926,0.000182592437
10.800000,3,0.100349792,-0.193072107,-0.077318614,0.088912671793,-69.657190306832,2338.408040031451,2408.065427839503,0.000197501245
10.850000,0,0.005209703,-0.246269508,-0.063192977,0.095448641315,-100.024489854008,535.353154285589,635.378332759118,0.000688619535
10.850000,1,0.023007318,-0.245795780,-0.063777600,0.095447187007,-99.598362756665,529.384565157951,628.983601080562,0.000673165942
10.850000,2,-0.077163213,-0.198195800,-0.074211378,0.088987035427,-75.548423318400,2266.131237683216,2341.679841699519,0.000180697898
10.850000,3,0.105414365,-0.192075448,-0.080835247,0.088990577419,-69.744556995444,2338.408040031451,2408.152793669062,0.000196642194
10.900000,0,0.005635522,-0.246331399,-0.063375663,0.095446503526,-100.024648070163,535.353154285589,635.378491333857,0.000688978120
10.900000,1,0.023389990,-0.245874878,-0.064107044,0.095446650543,-99.599372580005,529.384565157951,628.984611150588,0.000673412627
10.900000,2,-0.075645748,-0.198559695,-0.074217922,0.089127750776,-75.596612623753,2266.131237683216,2341.728030796866,0.000180489890
10.900000,3,0.107239932,-0.191732581,-0.083239036,0.089155853855,-69.844761405845,2338.408040031451,2408.252996603939,0.000195166667
10.950000,0,0.005876171,-0.246398030,-0.063534853,0.095448507717,-100.024894434514,535.353154285589,635.378737940909,0.000689220821
10.950000,1,0.023015324,-0.245984687,-0.064352614,0.095447978599,-99.600533493349,529.384565157951,628.985772191580,0.000673540275
10.950000,2,-0.071847316,-0.199218703,-0.073655511,0.089152172308,-75.636953190941,2266.131237683216,2341.768370347469,0.000179473305
10.950000,3,0.105857600,-0.192144604,-0.084252397,0.089178898205,-69.947742322644,2338.408040031451,2408.355975777260,0.000193423191
11.000000,0,0.005926131,-0.246465014,-0.063655565,0.095448346226,-100.025171163137,535.353154285589,635.379014512493,0.000689063782
11.000000,1,0.021897448,-0.246118869,-0.064485626,0.095446788322,-99.601666480360,529.384565157951,628.986905188961,0.000673550644
11.000000,2,-0.065744272,-0.200411618,-0.072529168,0.089134572110,-75.670242301641,2266.131237683216,2341.801659822489,0.000179837625
11.000000,3,0.101480198,-0.193622405,-0.083582058,0.089169957971,-70.039904036016,2338.408040031451,2408.448136742846,0.000192675403
11.050000,0,0.005781480,-0.246467020,-0.063719976,0.095448420594,-100.025448592188,535.353154285589,635.379291999576,0.000689121815
11.050000,1,0.020066272,-0.246216618,-0.064485416,0.095448582227,-99.602646503983,529.384565157951,628.987885266877,0.000673604939
11.050000,2,-0.057238583,-0.201838405,-0.070611567,0.089078336439,-75.693200395322,2266.131237683216,2341.824617570628,0.000179492078
11.050000,3,0.093660692,-0.195587427,-0.081372732,0.089056262890,-70.109136917148,2338.408040031451,2408.517370380621,0.000193432048
11.100000,0,0.005452136,-0.246468027,-0.063715043,0.095447039372,-100.025686964046,535.353154285589,635.379529719595,0.000688469975
11.100000,1,0.017590948,-0.246305789,-0.064348962,0.095447780423,-99.603352968993,529.384565157951,628.988591171727,0.000673044779
11.100000,2,-0.047129295,-0.203012551,-0.068493202,0.088992350607,-75.712398385106,2266.131237683216,2341.843815832145,0.000179763812
11.100000,3,0.083006919,-0.198012285,-0.077975863,0.088938143778,-70.152562598847,2338.408040031451,2408.560798166284,0.000195536014
11.150000,0,0.004945412,-0.246438799,-0.063656857,0.095445999852,-100.025855760651,535.353154285589,635.379698490080,0.000688443855
11.150000,1,0.014545548,-0.246373424,-0.064109229,0.095447521103,-99.603728175850,529.384565157951,628.988966548868,0.000673215062
11.150000,2,-0.034876223,-0.204245489,-0.066092067,0.088952773163,-75.730463661614,2266.131237683216,2341.861881215673,0.000179870833
11.150000,3,0.069690118,-0.200695920,-0.073818946,0.089011768264,-70.176197998787,2338.408040031451,2408.584433514438,0.000195484230
11.200000,0,0.004282641,-0.246392451,-0.063565100,0.095445856647,-100.025947553124,535.353154285589,635.379790709581,0.000688870883
11.200000,1,0.011032261,-0.246403230,-0.063808582,0.095446790078,-99.603866034805,529.384565157951,628.989104566580,0.000673373819
11.200000,2,-0.022062400,-0.205031439,-0.063961686,0.089085847553,-75.750250078934,2266.131237683216,2341.881666784391,0.000179022230
11.200000,3,0.053831601,-0.202831887,-0.069277859,0.089017869519,-70.197375212478,2338.408040031451,2408.605612062738,0.000196818839
11.250000,0,0.003480363,-0.246370496,-0.063448181,0.095446028694,-100.026015960990,535.353154285589,635.379859165262,0.000688918698
11.250000,1,0.007161894,-0.246426330,-0.063485838,0.095446526065,-99.603969569545,529.384565157951,628.989207871445,0.000673143943
11.250000,2,-0.007816987,-0.205408304,-0.062410113,0.089216335822,-75.775220124860,2266.131237683216,2341.906635876461,0.000178068374
11.250000,3,0.036272585,-0.204746661,-0.064842699,0.089196021985,-70.227966378477,2338.408040031451,2408.636201756837,0.000195346937
11.300000,0,0.002565013,-0.246334054,-0.063322329,0.095446884807,-100.026083932017,535.353154285589,635.379927752829,0.000689535238
11.300000,1,0.003060617,-0.246411377,-0.063179377,0.095447672440,-99.604182959856,529.384565157951,628.989421654692,0.000673536880
11.300000,2,0.006511179,-0.205351421,-0.061780443,0.089217803808,-75.804400308990,2266.131237683216,2341.935816088153,0.000178095937
11.300000,3,0.016734092,-0.205727872,-0.061298417,0.089135644529,-70.278274738237,2338.408040031451,2408.686512876878,0.000198107218
11.350000,0,0.001565830,-0.246328680,-0.063210751,0.095445860261,-100.026187901657,535.353154285589,635.380031080761,0.000688893529
11.350000,1,-0.001139112,-0.246380419,-0.062938923,0.095447088091,-99.604634235492,529.384565157951,628.989872743078,0.000673349630
11.350000,2,0.020392879,-0.204732120,-0.061930179,0.089131382485,-75.837451997404,2266.131237683216,2341.968868163699,0.000178483072
11.350000,3,-0.003095192,-0.205738931,-0.059218791,0.089159715293,-70.345561607108,2338.408040031451,2408.753800482026,0.000198843497
11.400000,0,0.000513403,-0.246311917,-0.063136842,0.095447051241,-100.026314001022,535.353154285589,635.380157317972,0.000689031375
11.400000,1,-0.005300225,-0.246314989,-0.062802480,0.095446516493,-99.605317330783,529.384565157951,628.990556088709,0.000673599970
11.400000,2,0.033514634,-0.203744594,-0.062613637,0.088974842300,-75.869586796738,2266.131237683216,2342.001003185206,0.000178705246
11.400000,3,-0.022718911,-0.204806812,-0.058860903,0.089020288792,-70.419413066814,2338.408040031451,2408.827651606378,0.000198508144
11.450000,0,-0.000555244,-0.246291740,-0.063105471,0.095446800064,-100.026448420021,535.353154285589,635.380291679235,0.000688973638
11.450000,1,-0.009281440,-0.246219170,-0.062783962,0.095445733810,-99.606122129104,529.384565157951,628.991360593625,0.000673306565
11.450000,2,0.045490181,-0.202591151,-0.064077440,0.088927454680,-75.901700119774,2266.131237683216,2342.033118991168,0.000181188169
11.450000,3,-0.041550621,-0.203377361,-0.060195275,0.089029538164,-70.489259453614,2338.408040031451,2408.897499246571,0.000199761539
11.500000,0,-0.001606135,-0.246296966,-0.063109217,0.095449526255,-100.026562713679,535.353154285589,635.380405608671,0.000688609416
11.500000,1,-0.012956863,-0.246126753,-0.062873494,0.095448642434,-99.606942345477,529.384565157951,628.992180641184,0.000673137751
11.500000,2,0.055921497,-0.201120367,-0.066127459,0.088912674737,-75.934248055911,2266.131237683216,2342.065666127843,0.000180388705
11.500000,3,-0.058741530,-0.201141138,-0.062665166,0.089012512135,-70.548304202840,2338.408040031451,2408.956548186837,0.000203952582
11.550000,0,-0.002601103,-0.246279935,-0.063146839,0.095448863523,-100.026670235319,535.353154285589,635.380513411710,0.000688890816
11.550000,1,-0.016200830,-0.246019104,-0.063058722,0.095448569497,-99.607757576251,529.384565157951,628.992996098794,0.000673364588
11.550000,2,0.064146625,-0.200120221,-0.068435461,0.089178554283,-75.967147088611,2266.131237683216,2342.098570660379,0.000185888538
11.550000,3,-0.073973645,-0.198561928,-0.066398460,0.089129909587,-70.598742292004,2338.408040031451,2409.006987342814,0.000205019396
11.600000,0,-0.003511060,-0.246289330,-0.063211141,0.095448332918,-100.026757152261,535.353154285589,635.380600256241,0.000688818405
11.600000,1,-0.018912811,-0.245936482,-0.063312507,0.095448168029,-99.608547795976,529.384565157951,628.993786086925,0.000673132993
11.600000,2,0.070340619,-0.199268161,-0.070587800,0.089224997390,-76.002977904561,2266.131237683216,2342.134400002998,0.000184415205
11.600000,3,-0.085848133,-0.196292110,-0.070702662,0.089097199880,-70.647637856958,2338.408040031451,2409.055880675568,0.000202787193
11.650000,0,-0.004302570,-0.246304234,-0.063295249,0.095448895681,-100.026846991867,535.353154285589,635.380690377725,0.000689100283
11.650000,1,-0.021004640,-0.245889037,-0.063604094,0.095448101449,-99.609351902174,529.384565157951,628.994590571649,0.000673511519
11.650000,2,0.073775401,-0.198573820,-0.072339677,0.089165048133,-76.044319990344,2266.131237683216,2342.175743424048,0.000185750471
11.650000,3,-0.094836861,-0.194439429,-0.075094625,0.089199607498,-70.705739419234,2338.408040031451,2409.113983195846,0.000203745194
11.700000,0,-0.004952266,-0.246312979,-0.063380838,0.095446664389,-100.026946066759,535.353154285589,635.380789737775,0.000689385441
11.700000,1,-0.022411167,-0.245861803,-0.063887475,0.095446283086,-99.610214875684,529.384565157951,628.995453827128,0.000673793488
11.700000,2,0.075306452,-0.198579684,-0.073450494,0.089039082102,-76.090896080176,2266.131237683216,2342.222317709195,0.000183945790
11.700000,3,-0.100722073,-0.193077242,-0.078985404,0.089044984580,-70.782311936626,2338.408040031451,2409.190554450619,0.000202482578
11.750000,0,-0.005441402,-0.246341687,-0.063443800,0.095449107097,-100.027060979277,535.353154285589,635.380904460192,0.000689195341
11.750000,1,-0.023091419,-0.245882944,-0.064113859,0.095450365665,-99.611130403359,529.384565157951,628.996369199516,0.000673638201
11.750000,2,0.074027459,-0.198974561,-0.073937578,0.088947203244,-76.136050411099,2266.131237683216,2342.267475887885,0.000187793556
11.750000,3,-0.103526856,-0.192756644,-0.081804070,0.089028405311,-70.873623741616,2338.408040031451,2409.281866594518,0.000202821485
11.800000,0,-0.005752033,-0.246342529,-0.063487904,0.095446723077,-100.027180818597,535.353154285589,635.381024151843,0.000689047672
11.800000,1,-0.023020410,-0.245919001,-0.064265151,0.095448657234,-99.612037575428,529.384565157951,628.997276178131,0.000673444747
11.800000,2,0.070712698,-0.199514816,-0.073748171,0.088928068668,-76.174234551783,2266.131237683216,2342.305656307617,0.000184072601
11.800000,3,-0.103141784,-0.192831781,-0.083214580,0.088963108626,-70.968963316383,2338.408040031451,2409.377203410967,0.000200063171
11.850000,0,-0.005877923,-0.246343040,-0.063514428,0.095445960341,-100.027300023203,535.353154285589,635.381142984097,0.000688675321
11.850000,1,-0.022205339,-0.245974688,-0.064331327,0.095446577072,-99.612870577625,529.384565157951,628.998109005271,0.000673269690
11.850000,2,0.064822044,-0.200863250,-0.072532185,0.089138866092,-76.204569079843,2266.131237683216,2342.335988917964,0.000182154888
11.850000,3,-0.099358544,-0.193995805,-0.082996072,0.088988812380,-71.061387214492,2338.408040031451,2409.469626107147,0.000198861242
11.900000,0,-0.005812475,-0.246343917,-0.063519356,0.095445504961,-100.027404318303,535.353154285589,635.381247423137,0.000688819261
11.900000,1,-0.020668753,-0.246059188,-0.064299043,0.095445271542,-99.613546869382,529.384565157951,628.998785518873,0.000673491536
11.900000,2,0.056838489,-0.201934165,-0.070790559,0.089264180629,-76.226867014298,2266.131237683216,2342.358290164617,0.000185467088
11.900000,3,-0.092562365,-0.195916471,-0.081085130,0.089096704179,-71.130840146543,2338.408040031451,2409.539078804430,0.000198626476
11.950000,0,-0.005560653,-0.246327721,-0.063498071,0.095445252715,-100.027489104423,535.353154285589,635.381332375006,0.000688985011
11.950000,1,-0.018464026,-0.246138428,-0.064171719,0.095445358150,-99.613993625722,529.384565157951,628.999232025904,0.000673242227
11.950000,2,0.047066719,-0.202912610,-0.068606301,0.089181711180,-76.244948921523,2266.131237683216,2342.376375160327,0.000188555572
11.950000,3,-0.083088704,-0.197915743,-0.078102309,0.089141046008,-71.175797158299,2338.408040031451,2409.584036284133,0.000199094419
12.000000,0,-0.005126859,-0.246332096,-0.063456628,0.095448006909,-100.027554241763,535.353154285589,635.381397672548,0.000689145213
12.000000,1,-0.015660831,-0.246230338,-0.063968157,0.095448090630,-99.614234627591,529.384565157951,628.999473203254,0.000673417708
12.000000,2,0.035350898,-0.204144216,-0.066361710,0.089050218264,-76.259162696216,2266.131237683216,2342.390584374264,0.000183994816
12.000000,3,-0.071009300,-0.200483256,-0.074245783,0.089205261286,-71.201461862428,2338.408040031451,2409.609702481874,0.000200588030
