BODY MODEL: 60866 vertices, 121728 triangles; actual surface skin: 636 vertices, 1268 triangles; 60866 render bindings
HAIR: 469 Cosserat guides, 20 segments each; E=4 GPa, fiber diameter=80 um; animated triangle contacts + guide self-contact
Facial render mouth opening: 340 seal triangles
GPU SECONDARY presentation=Immediate
SCENE GPU: AdapterInfo { name: "Apple M4 Max", vendor: 0, device: 0, device_type: IntegratedGpu, device_pci_bus_id: "", driver: "", driver_info: "", backend: Metal, subgroup_min_size: 4, subgroup_max_size: 64, transient_saves_memory: Some(true), limit_bucket: None }
BODY MODEL: 60866 vertices, 121728 triangles; actual surface skin: 636 vertices, 1268 triangles; 60866 render bindings
HAIR: 469 Cosserat guides, 20 segments each; E=4 GPa, fiber diameter=80 um; animated triangle contacts + guide self-contact
Facial render mouth opening: 340 seal triangles
PRESENT CADENCE frame=1 interval_ms=8.326250 paused=false
PRESENT CADENCE frame=2 interval_ms=8.051250 paused=false
PRESENT CADENCE frame=3 interval_ms=7.422500 paused=false
PRESENT CADENCE frame=4 interval_ms=8.343375 paused=false
PRESENT CADENCE frame=5 interval_ms=1.143084 paused=false
PRESENT CADENCE frame=6 interval_ms=1.320750 paused=false
PRESENT CADENCE frame=7 interval_ms=1.578500 paused=false
PRESENT CADENCE frame=8 interval_ms=0.832875 paused=false
PRESENT CADENCE frame=9 interval_ms=1.001375 paused=false
PRESENT CADENCE frame=10 interval_ms=3.175208 paused=false
PRESENT CADENCE frame=11 interval_ms=2.000250 paused=false
PRESENT CADENCE frame=12 interval_ms=0.775125 paused=false
PRESENT CADENCE frame=13 interval_ms=63.433458 paused=false
PRESENT CADENCE frame=14 interval_ms=14.538292 paused=false
PRESENT CADENCE frame=15 interval_ms=4.472000 paused=false
PRESENT CADENCE frame=16 interval_ms=4.000208 paused=false
PRESENT CADENCE frame=17 interval_ms=11.637584 paused=false
PRESENT CADENCE frame=18 interval_ms=13.081541 paused=false
PRESENT CADENCE frame=19 interval_ms=0.258875 paused=false
PRESENT CADENCE frame=20 interval_ms=7.967084 paused=false
PRESENT CADENCE frame=21 interval_ms=0.454583 paused=false
PRESENT CADENCE frame=22 interval_ms=12.800333 paused=false
PRESENT CADENCE frame=23 interval_ms=0.416500 paused=false
PRESENT CADENCE frame=24 interval_ms=11.388250 paused=false
PRESENT CADENCE frame=25 interval_ms=0.282375 paused=false
PRESENT CADENCE frame=26 interval_ms=7.968459 paused=false
PRESENT CADENCE frame=27 interval_ms=0.221833 paused=false
PRESENT CADENCE frame=28 interval_ms=9.622500 paused=false
PRESENT CADENCE frame=29 interval_ms=0.291542 paused=false
PRESENT CADENCE frame=30 interval_ms=8.063625 paused=false
PRESENT CADENCE frame=31 interval_ms=0.187250 paused=false
PRESENT CADENCE frame=32 interval_ms=16.047250 paused=false
PRESENT CADENCE frame=33 interval_ms=0.202625 paused=false
PRESENT CADENCE frame=34 interval_ms=8.019041 paused=false
PRESENT CADENCE frame=35 interval_ms=0.265417 paused=false
PRESENT CADENCE frame=36 interval_ms=9.610583 paused=false
PRESENT CADENCE frame=37 interval_ms=0.331334 paused=false
PRESENT CADENCE frame=38 interval_ms=9.446375 paused=false
PRESENT CADENCE frame=39 interval_ms=0.260125 paused=false
PRESENT CADENCE frame=40 interval_ms=13.935083 paused=false
PRESENT CADENCE frame=41 interval_ms=0.446167 paused=false
PRESENT CADENCE frame=42 interval_ms=10.451125 paused=false
PRESENT CADENCE frame=43 interval_ms=0.301041 paused=false
PRESENT CADENCE frame=44 interval_ms=8.908792 paused=false
PRESENT CADENCE frame=45 interval_ms=0.342667 paused=false
PRESENT CADENCE frame=46 interval_ms=10.972958 paused=false
PRESENT CADENCE frame=47 interval_ms=0.363667 paused=false
PRESENT CADENCE frame=48 interval_ms=8.199541 paused=false
PRESENT CADENCE frame=49 interval_ms=0.333875 paused=false
PRESENT CADENCE frame=50 interval_ms=8.312459 paused=false
FULL MODEL WORKER work_ms=403.254 physics_ms=0.001 mesh_ms=103.760 partition_ms=15.175 streams_ms=284.317
FULL MODEL CPU UPLOAD stage_ms=52.156
PRESENT CADENCE frame=51 interval_ms=52.808041 paused=false
PRESENT CADENCE frame=52 interval_ms=0.559584 paused=false
PRESENT CADENCE frame=53 interval_ms=5.012666 paused=false
PRESENT CADENCE frame=54 interval_ms=0.352750 paused=false
PRESENT CADENCE frame=55 interval_ms=8.417292 paused=false
PRESENT CADENCE frame=56 interval_ms=11.518333 paused=false
PRESENT CADENCE frame=57 interval_ms=4.978125 paused=false
PRESENT CADENCE frame=58 interval_ms=8.005375 paused=false
PRESENT CADENCE frame=59 interval_ms=0.392667 paused=false
PRESENT CADENCE frame=60 interval_ms=9.218375 paused=false
PRESENT CADENCE frame=61 interval_ms=0.392042 paused=false
PRESENT CADENCE frame=62 interval_ms=10.181083 paused=false
PRESENT CADENCE frame=63 interval_ms=0.387167 paused=false
PRESENT CADENCE frame=64 interval_ms=12.749208 paused=false
PRESENT CADENCE frame=65 interval_ms=0.284417 paused=false
PRESENT CADENCE frame=66 interval_ms=11.412125 paused=false
PRESENT CADENCE frame=67 interval_ms=0.417250 paused=false
PRESENT CADENCE frame=68 interval_ms=12.897791 paused=false
PRESENT CADENCE frame=69 interval_ms=0.293000 paused=false
PRESENT CADENCE frame=70 interval_ms=7.862375 paused=false
PRESENT CADENCE frame=71 interval_ms=0.246334 paused=false
PRESENT CADENCE frame=72 interval_ms=7.991958 paused=false
PRESENT CADENCE frame=73 interval_ms=0.469417 paused=false
PRESENT CADENCE frame=74 interval_ms=7.875458 paused=false
PRESENT CADENCE frame=75 interval_ms=0.289333 paused=false
PRESENT CADENCE frame=76 interval_ms=8.730334 paused=false
PRESENT CADENCE frame=77 interval_ms=0.226791 paused=false
PRESENT CADENCE frame=78 interval_ms=13.730209 paused=false
PRESENT CADENCE frame=79 interval_ms=0.411375 paused=false
PRESENT CADENCE frame=80 interval_ms=10.072208 paused=false
PRESENT CADENCE frame=81 interval_ms=4.464667 paused=false
PRESENT CADENCE frame=82 interval_ms=3.866791 paused=false
PRESENT CADENCE frame=83 interval_ms=0.525750 paused=false
PRESENT CADENCE frame=84 interval_ms=8.039500 paused=false
PRESENT CADENCE frame=85 interval_ms=0.345084 paused=false
PRESENT CADENCE frame=86 interval_ms=7.980166 paused=false
PRESENT CADENCE frame=87 interval_ms=8.639917 paused=false
PRESENT CADENCE frame=88 interval_ms=7.862750 paused=false
PRESENT CADENCE frame=89 interval_ms=0.280292 paused=false
PRESENT CADENCE frame=90 interval_ms=8.088541 paused=false
PRESENT CADENCE frame=91 interval_ms=0.433750 paused=false
PRESENT CADENCE frame=92 interval_ms=7.938000 paused=false
PRESENT CADENCE frame=93 interval_ms=0.509959 paused=false
PRESENT CADENCE frame=94 interval_ms=7.903041 paused=false
PRESENT CADENCE frame=95 interval_ms=1.524334 paused=false
PRESENT CADENCE frame=96 interval_ms=6.770541 paused=false
PRESENT CADENCE frame=97 interval_ms=8.324459 paused=false
PRESENT CADENCE frame=98 interval_ms=8.301458 paused=false
PRESENT CADENCE frame=99 interval_ms=8.406375 paused=false
PRESENT CADENCE frame=100 interval_ms=0.364833 paused=false
PRESENT CADENCE frame=101 interval_ms=8.014709 paused=false
PRESENT CADENCE frame=102 interval_ms=0.342541 paused=false
PRESENT CADENCE frame=103 interval_ms=9.202834 paused=false
PRESENT CADENCE frame=104 interval_ms=0.612041 paused=false
PRESENT CADENCE frame=105 interval_ms=6.384125 paused=false
PRESENT CADENCE frame=106 interval_ms=0.393500 paused=false
PRESENT CADENCE frame=107 interval_ms=7.893334 paused=false
PRESENT CADENCE frame=108 interval_ms=1.339666 paused=false
PRESENT CADENCE frame=109 interval_ms=7.233250 paused=false
PRESENT CADENCE frame=110 interval_ms=8.323084 paused=false
PRESENT CADENCE frame=111 interval_ms=8.494041 paused=false
PRESENT CADENCE frame=112 interval_ms=0.520334 paused=false
PRESENT CADENCE frame=113 interval_ms=7.569041 paused=false
PRESENT CADENCE frame=114 interval_ms=0.441709 paused=false
PRESENT CADENCE frame=115 interval_ms=8.055458 paused=false
PRESENT CADENCE frame=116 interval_ms=0.309208 paused=false
PRESENT CADENCE frame=117 interval_ms=7.909959 paused=false
PRESENT CADENCE frame=118 interval_ms=0.311333 paused=false
PRESENT CADENCE frame=119 interval_ms=7.844583 paused=false
PRESENT CADENCE frame=120 interval_ms=8.355417 paused=false
PRESENT CADENCE frame=121 interval_ms=8.382250 paused=false
PRESENT CADENCE frame=122 interval_ms=0.940625 paused=false
PRESENT CADENCE frame=123 interval_ms=7.445875 paused=false
PRESENT CADENCE frame=124 interval_ms=0.294042 paused=false
PRESENT CADENCE frame=125 interval_ms=7.974375 paused=false
PRESENT CADENCE frame=126 interval_ms=0.352958 paused=false
PRESENT CADENCE frame=127 interval_ms=8.144583 paused=false
PRESENT CADENCE frame=128 interval_ms=0.232917 paused=false
PRESENT CADENCE frame=129 interval_ms=7.881583 paused=false
PRESENT CADENCE frame=130 interval_ms=8.413792 paused=false
PRESENT CADENCE frame=131 interval_ms=8.154125 paused=false
PRESENT CADENCE frame=132 interval_ms=8.549708 paused=false
PRESENT CADENCE frame=133 interval_ms=0.370959 paused=false
PRESENT CADENCE frame=134 interval_ms=8.274583 paused=false
PRESENT CADENCE frame=135 interval_ms=0.267750 paused=false
PRESENT CADENCE frame=136 interval_ms=16.038958 paused=false
PRESENT CADENCE frame=137 interval_ms=0.424584 paused=false
PRESENT CADENCE frame=138 interval_ms=11.491750 paused=false
PRESENT CADENCE frame=139 interval_ms=0.674625 paused=false
PRESENT CADENCE frame=140 interval_ms=12.218958 paused=false
PRESENT CADENCE frame=141 interval_ms=0.262208 paused=false
PRESENT CADENCE frame=142 interval_ms=16.801209 paused=false
PRESENT CADENCE frame=143 interval_ms=0.579333 paused=false
PRESENT CADENCE frame=144 interval_ms=16.141750 paused=false
PRESENT CADENCE frame=145 interval_ms=0.520542 paused=false
PRESENT CADENCE frame=146 interval_ms=12.563166 paused=false
PRESENT CADENCE frame=147 interval_ms=0.283959 paused=false
PRESENT CADENCE frame=148 interval_ms=13.719000 paused=false
PRESENT CADENCE frame=149 interval_ms=0.385166 paused=false
PRESENT CADENCE frame=150 interval_ms=12.475292 paused=false
PRESENT CADENCE frame=151 interval_ms=0.516667 paused=false
PRESENT CADENCE frame=152 interval_ms=16.048583 paused=false
PRESENT CADENCE frame=153 interval_ms=0.357583 paused=false
PRESENT CADENCE frame=154 interval_ms=9.822625 paused=false
PRESENT CADENCE frame=155 interval_ms=0.470959 paused=false
PRESENT CADENCE frame=156 interval_ms=11.400833 paused=false
PRESENT CADENCE frame=157 interval_ms=0.615208 paused=false
PRESENT CADENCE frame=158 interval_ms=10.485500 paused=false
PRESENT CADENCE frame=159 interval_ms=0.360292 paused=false
PRESENT CADENCE frame=160 interval_ms=9.958042 paused=false
PRESENT CADENCE frame=161 interval_ms=0.504041 paused=false
PRESENT CADENCE frame=162 interval_ms=16.061750 paused=false
PRESENT CADENCE frame=163 interval_ms=0.607834 paused=false
PRESENT CADENCE frame=164 interval_ms=9.524500 paused=false
PRESENT CADENCE frame=165 interval_ms=0.285666 paused=false
PRESENT CADENCE frame=166 interval_ms=6.378500 paused=false
PRESENT CADENCE frame=167 interval_ms=0.395542 paused=false
PRESENT CADENCE frame=168 interval_ms=13.254417 paused=false
PRESENT CADENCE frame=169 interval_ms=0.686500 paused=false
PRESENT CADENCE frame=170 interval_ms=12.365791 paused=false
PRESENT CADENCE frame=171 interval_ms=0.262542 paused=false
PRESENT CADENCE frame=172 interval_ms=13.284458 paused=false
PRESENT CADENCE frame=173 interval_ms=0.499125 paused=false
PRESENT CADENCE frame=174 interval_ms=14.720500 paused=false
PRESENT CADENCE frame=175 interval_ms=0.294667 paused=false
PRESENT CADENCE frame=176 interval_ms=8.634083 paused=false
PRESENT CADENCE frame=177 interval_ms=0.223000 paused=false
PRESENT CADENCE frame=178 interval_ms=12.037209 paused=false
PRESENT CADENCE frame=179 interval_ms=0.607916 paused=false
PRESENT CADENCE frame=180 interval_ms=12.078917 paused=false
PRESENT CADENCE frame=181 interval_ms=0.374250 paused=false
PRESENT CADENCE frame=182 interval_ms=8.915625 paused=false
PRESENT CADENCE frame=183 interval_ms=0.275208 paused=false
PRESENT CADENCE frame=184 interval_ms=11.285125 paused=false
PRESENT CADENCE frame=185 interval_ms=1.272459 paused=false
PRESENT CADENCE frame=186 interval_ms=15.777625 paused=false
PRESENT CADENCE frame=187 interval_ms=0.457541 paused=false
PRESENT CADENCE frame=188 interval_ms=12.272125 paused=false
PRESENT CADENCE frame=189 interval_ms=0.271667 paused=false
PRESENT CADENCE frame=190 interval_ms=14.765625 paused=false
PRESENT CADENCE frame=191 interval_ms=0.494958 paused=false
PRESENT CADENCE frame=192 interval_ms=11.185834 paused=false
PRESENT CADENCE frame=193 interval_ms=0.691041 paused=false
PRESENT CADENCE frame=194 interval_ms=15.836875 paused=false
PRESENT CADENCE frame=195 interval_ms=0.360625 paused=false
PRESENT CADENCE frame=196 interval_ms=9.060584 paused=false
PRESENT CADENCE frame=197 interval_ms=0.569166 paused=false
PRESENT CADENCE frame=198 interval_ms=15.015667 paused=false
PRESENT CADENCE frame=199 interval_ms=0.366667 paused=false
PRESENT CADENCE frame=200 interval_ms=16.371666 paused=false
PRESENT CADENCE frame=201 interval_ms=0.424750 paused=false
PRESENT CADENCE frame=202 interval_ms=7.270042 paused=false
PRESENT CADENCE frame=203 interval_ms=0.485167 paused=false
PRESENT CADENCE frame=204 interval_ms=8.182708 paused=false
PRESENT CADENCE frame=205 interval_ms=0.679083 paused=false
PRESENT CADENCE frame=206 interval_ms=9.896084 paused=false
PRESENT CADENCE frame=207 interval_ms=0.226833 paused=false
PRESENT CADENCE frame=208 interval_ms=13.574750 paused=false
PRESENT CADENCE frame=209 interval_ms=0.479083 paused=false
PRESENT CADENCE frame=210 interval_ms=14.441375 paused=false
PRESENT CADENCE frame=211 interval_ms=0.322500 paused=false
PRESENT CADENCE frame=212 interval_ms=13.561417 paused=false
PRESENT CADENCE frame=213 interval_ms=0.271542 paused=false
PRESENT CADENCE frame=214 interval_ms=14.235291 paused=false
PRESENT CADENCE frame=215 interval_ms=0.572500 paused=false
PRESENT CADENCE frame=216 interval_ms=14.573875 paused=false
PRESENT CADENCE frame=217 interval_ms=0.501042 paused=false
PRESENT CADENCE frame=218 interval_ms=8.640125 paused=false
PRESENT CADENCE frame=219 interval_ms=0.261667 paused=false
PRESENT CADENCE frame=220 interval_ms=11.340291 paused=false
PRESENT CADENCE frame=221 interval_ms=0.442875 paused=false
PRESENT CADENCE frame=222 interval_ms=12.873750 paused=false
PRESENT CADENCE frame=223 interval_ms=0.511917 paused=false
PRESENT CADENCE frame=224 interval_ms=10.810000 paused=false
PRESENT CADENCE frame=225 interval_ms=0.272417 paused=false
PRESENT CADENCE frame=226 interval_ms=7.809500 paused=false
PRESENT CADENCE frame=227 interval_ms=0.462458 paused=false
PRESENT CADENCE frame=228 interval_ms=13.004875 paused=false
PRESENT CADENCE frame=229 interval_ms=0.501292 paused=false
PRESENT CADENCE frame=230 interval_ms=15.505000 paused=false
PRESENT CADENCE frame=231 interval_ms=0.277208 paused=false
PRESENT CADENCE frame=232 interval_ms=7.840667 paused=false
PRESENT CADENCE frame=233 interval_ms=0.463333 paused=false
PRESENT CADENCE frame=234 interval_ms=7.666417 paused=false
PRESENT CADENCE frame=235 interval_ms=0.484500 paused=false
PRESENT CADENCE frame=236 interval_ms=4.576291 paused=false
PRESENT CADENCE frame=237 interval_ms=5.030375 paused=false
PRESENT CADENCE frame=238 interval_ms=5.028292 paused=false
PRESENT CADENCE frame=239 interval_ms=7.066458 paused=false
PRESENT CADENCE frame=240 interval_ms=7.124209 paused=false
PRESENT CADENCE frame=241 interval_ms=13.394333 paused=false
PRESENT CADENCE frame=242 interval_ms=0.691625 paused=false
PRESENT CADENCE frame=243 interval_ms=9.267042 paused=false
PRESENT CADENCE frame=244 interval_ms=0.465083 paused=false
PRESENT CADENCE frame=245 interval_ms=7.013292 paused=false
PRESENT CADENCE frame=246 interval_ms=0.260291 paused=false
PRESENT CADENCE frame=247 interval_ms=15.364334 paused=false
PRESENT CADENCE frame=248 interval_ms=0.610916 paused=false
PRESENT CADENCE frame=249 interval_ms=13.716500 paused=false
PRESENT CADENCE frame=250 interval_ms=0.299125 paused=false
PRESENT CADENCE frame=251 interval_ms=16.240375 paused=false
PRESENT CADENCE frame=252 interval_ms=0.307375 paused=false
PRESENT CADENCE frame=253 interval_ms=13.067084 paused=false
PRESENT CADENCE frame=254 interval_ms=0.818166 paused=false
PRESENT CADENCE frame=255 interval_ms=11.713417 paused=false
PRESENT CADENCE frame=256 interval_ms=0.402875 paused=false
PRESENT CADENCE frame=257 interval_ms=16.164417 paused=false
PRESENT CADENCE frame=258 interval_ms=0.409125 paused=false
PRESENT CADENCE frame=259 interval_ms=9.342791 paused=false
PRESENT CADENCE frame=260 interval_ms=0.512959 paused=false
PRESENT CADENCE frame=261 interval_ms=12.431666 paused=false
PRESENT CADENCE frame=262 interval_ms=0.443875 paused=false
PRESENT CADENCE frame=263 interval_ms=13.305417 paused=false
PRESENT CADENCE frame=264 interval_ms=0.449500 paused=false
PRESENT CADENCE frame=265 interval_ms=15.605583 paused=false
PRESENT CADENCE frame=266 interval_ms=0.666959 paused=false
PRESENT CADENCE frame=267 interval_ms=16.012666 paused=false
PRESENT CADENCE frame=268 interval_ms=0.421125 paused=false
PRESENT CADENCE frame=269 interval_ms=16.103417 paused=false
PRESENT CADENCE frame=270 interval_ms=0.312042 paused=false
PRESENT CADENCE frame=271 interval_ms=16.566041 paused=false
PRESENT CADENCE frame=272 interval_ms=0.560875 paused=false
PRESENT CADENCE frame=273 interval_ms=16.075959 paused=false
PRESENT CADENCE frame=274 interval_ms=0.484500 paused=false
PRESENT CADENCE frame=275 interval_ms=16.971916 paused=false
PRESENT CADENCE frame=276 interval_ms=0.329959 paused=false
PRESENT CADENCE frame=277 interval_ms=15.405041 paused=false
PRESENT CADENCE frame=278 interval_ms=0.629167 paused=false
PRESENT CADENCE frame=279 interval_ms=16.349917 paused=false
PRESENT CADENCE frame=280 interval_ms=0.524791 paused=false
PRESENT CADENCE frame=281 interval_ms=15.874167 paused=false
PRESENT CADENCE frame=282 interval_ms=0.235292 paused=false
PRESENT CADENCE frame=283 interval_ms=16.483541 paused=false
PRESENT CADENCE frame=284 interval_ms=0.739875 paused=false
PRESENT CADENCE frame=285 interval_ms=15.796500 paused=false
PRESENT CADENCE frame=286 interval_ms=0.500167 paused=false
PRESENT CADENCE frame=287 interval_ms=16.248542 paused=false
PRESENT CADENCE frame=288 interval_ms=0.393166 paused=false
PRESENT CADENCE frame=289 interval_ms=16.221542 paused=false
PRESENT CADENCE frame=290 interval_ms=0.503458 paused=false
PRESENT CADENCE frame=291 interval_ms=16.348875 paused=false
PRESENT CADENCE frame=292 interval_ms=0.364500 paused=false
PRESENT CADENCE frame=293 interval_ms=9.290875 paused=false
PRESENT CADENCE frame=294 interval_ms=0.314584 paused=false
PRESENT CADENCE frame=295 interval_ms=14.735625 paused=false
PRESENT CADENCE frame=296 interval_ms=0.688500 paused=false
PRESENT CADENCE frame=297 interval_ms=16.158625 paused=false
PRESENT CADENCE frame=298 interval_ms=0.640708 paused=false
PRESENT CADENCE frame=299 interval_ms=10.842292 paused=false
PRESENT CADENCE frame=300 interval_ms=0.294416 paused=false
PRESENT CADENCE frame=301 interval_ms=13.213959 paused=false
PRESENT CADENCE frame=302 interval_ms=0.669916 paused=false
PRESENT CADENCE frame=303 interval_ms=15.903750 paused=false
PRESENT CADENCE frame=304 interval_ms=3.392709 paused=false
PRESENT CADENCE frame=305 interval_ms=13.315250 paused=false
PRESENT CADENCE frame=306 interval_ms=0.293291 paused=false
PRESENT CADENCE frame=307 interval_ms=16.428792 paused=false
PRESENT CADENCE frame=308 interval_ms=0.636000 paused=false
PRESENT CADENCE frame=309 interval_ms=15.851875 paused=false
PRESENT CADENCE frame=310 interval_ms=0.460500 paused=false
PRESENT CADENCE frame=311 interval_ms=16.294167 paused=false
PRESENT CADENCE frame=312 interval_ms=0.345583 paused=false
PRESENT CADENCE frame=313 interval_ms=16.382208 paused=false
PRESENT CADENCE frame=314 interval_ms=0.627042 paused=false
PRESENT CADENCE frame=315 interval_ms=16.015667 paused=false
FULL MODEL WORKER work_ms=1717.002 physics_ms=815.945 mesh_ms=401.645 partition_ms=32.592 streams_ms=466.820
FULL MODEL CPU UPLOAD stage_ms=46.298
PRESENT CADENCE frame=316 interval_ms=47.352041 paused=false
PRESENT CADENCE frame=317 interval_ms=2.031042 paused=false
PRESENT CADENCE frame=318 interval_ms=9.596667 paused=false
PRESENT CADENCE frame=319 interval_ms=0.765083 paused=false
PRESENT CADENCE frame=320 interval_ms=15.198875 paused=false
PRESENT CADENCE frame=321 interval_ms=0.292042 paused=false
PRESENT CADENCE frame=322 interval_ms=16.357916 paused=false
PRESENT CADENCE frame=323 interval_ms=0.378334 paused=false
PRESENT CADENCE frame=324 interval_ms=12.046583 paused=false
PRESENT CADENCE frame=325 interval_ms=0.296542 paused=false
PRESENT CADENCE frame=326 interval_ms=12.279625 paused=false
PRESENT CADENCE frame=327 interval_ms=0.464958 paused=false
PRESENT CADENCE frame=328 interval_ms=16.381792 paused=false
PRESENT CADENCE frame=329 interval_ms=0.534916 paused=false
PRESENT CADENCE frame=330 interval_ms=16.186000 paused=false
PRESENT CADENCE frame=331 interval_ms=0.252250 paused=false
PRESENT CADENCE frame=332 interval_ms=13.071417 paused=false
PRESENT CADENCE frame=333 interval_ms=0.514042 paused=false
PRESENT CADENCE frame=334 interval_ms=11.190125 paused=false
PRESENT CADENCE frame=335 interval_ms=0.426250 paused=false
PRESENT CADENCE frame=336 interval_ms=16.033083 paused=false
PRESENT CADENCE frame=337 interval_ms=0.287458 paused=false
PRESENT CADENCE frame=338 interval_ms=16.698417 paused=false
PRESENT CADENCE frame=339 interval_ms=0.569583 paused=false
PRESENT CADENCE frame=340 interval_ms=11.444792 paused=false
PRESENT CADENCE frame=341 interval_ms=0.322375 paused=false
PRESENT CADENCE frame=342 interval_ms=11.979750 paused=false
PRESENT CADENCE frame=343 interval_ms=0.300333 paused=false
PRESENT CADENCE frame=344 interval_ms=8.299209 paused=false
PRESENT CADENCE frame=345 interval_ms=0.481541 paused=false
PRESENT CADENCE frame=346 interval_ms=16.351667 paused=false
PRESENT CADENCE frame=347 interval_ms=0.473208 paused=false
PRESENT CADENCE frame=348 interval_ms=16.065792 paused=false
PRESENT CADENCE frame=349 interval_ms=0.394167 paused=false
PRESENT CADENCE frame=350 interval_ms=16.407083 paused=false
PRESENT CADENCE frame=351 interval_ms=0.772667 paused=false
PRESENT CADENCE frame=352 interval_ms=11.278791 paused=false
PRESENT CADENCE frame=353 interval_ms=0.582750 paused=false
PRESENT CADENCE frame=354 interval_ms=12.299084 paused=false
PRESENT CADENCE frame=355 interval_ms=0.379125 paused=false
PRESENT CADENCE frame=356 interval_ms=4.089041 paused=false
PRESENT CADENCE frame=357 interval_ms=0.374250 paused=false
PRESENT CADENCE frame=358 interval_ms=13.697167 paused=false
PRESENT CADENCE frame=359 interval_ms=0.322583 paused=false
PRESENT CADENCE frame=360 interval_ms=12.496125 paused=false
PRESENT CADENCE frame=361 interval_ms=0.471667 paused=false
PRESENT CADENCE frame=362 interval_ms=13.927417 paused=false
PRESENT CADENCE frame=363 interval_ms=0.546458 paused=false
PRESENT CADENCE frame=364 interval_ms=8.801042 paused=false
PRESENT CADENCE frame=365 interval_ms=0.375500 paused=false
PRESENT CADENCE frame=366 interval_ms=12.401416 paused=false
PRESENT CADENCE frame=367 interval_ms=0.276542 paused=false
PRESENT CADENCE frame=368 interval_ms=8.257625 paused=false
PRESENT CADENCE frame=369 interval_ms=14.244333 paused=false
PRESENT CADENCE frame=370 interval_ms=10.072042 paused=false
PRESENT CADENCE frame=371 interval_ms=0.401625 paused=false
PRESENT CADENCE frame=372 interval_ms=13.143667 paused=false
PRESENT CADENCE frame=373 interval_ms=0.505958 paused=false
PRESENT CADENCE frame=374 interval_ms=6.691375 paused=false
PRESENT CADENCE frame=375 interval_ms=0.444083 paused=false
PRESENT CADENCE frame=376 interval_ms=10.958625 paused=false
PRESENT CADENCE frame=377 interval_ms=12.137334 paused=false
PRESENT CADENCE frame=378 interval_ms=0.448666 paused=false
PRESENT CADENCE frame=379 interval_ms=8.433375 paused=false
PRESENT CADENCE frame=380 interval_ms=0.495625 paused=false
PRESENT CADENCE frame=381 interval_ms=12.194792 paused=false
PRESENT CADENCE frame=382 interval_ms=0.358292 paused=false
PRESENT CADENCE frame=383 interval_ms=15.322958 paused=false
PRESENT CADENCE frame=384 interval_ms=0.408917 paused=false
PRESENT CADENCE frame=385 interval_ms=11.787375 paused=false
PRESENT CADENCE frame=386 interval_ms=0.518333 paused=false
PRESENT CADENCE frame=387 interval_ms=0.578500 paused=false
PRESENT CADENCE frame=388 interval_ms=12.285000 paused=false
PRESENT CADENCE frame=389 interval_ms=12.670375 paused=false
PRESENT CADENCE frame=390 interval_ms=12.315792 paused=false
PRESENT CADENCE frame=391 interval_ms=0.245166 paused=false
PRESENT CADENCE frame=392 interval_ms=7.396750 paused=false
PRESENT CADENCE frame=393 interval_ms=0.226875 paused=false
PRESENT CADENCE frame=394 interval_ms=12.836500 paused=false
PRESENT CADENCE frame=395 interval_ms=0.237209 paused=false
PRESENT CADENCE frame=396 interval_ms=8.340500 paused=false
PRESENT CADENCE frame=397 interval_ms=4.926750 paused=false
PRESENT CADENCE frame=398 interval_ms=3.574250 paused=false
PRESENT CADENCE frame=399 interval_ms=10.568583 paused=false
PRESENT CADENCE frame=400 interval_ms=8.726333 paused=false
PRESENT CADENCE frame=401 interval_ms=8.647250 paused=false
PRESENT CADENCE frame=402 interval_ms=15.740625 paused=false
PRESENT CADENCE frame=403 interval_ms=0.325875 paused=false
PRESENT CADENCE frame=404 interval_ms=7.313417 paused=false
PRESENT CADENCE frame=405 interval_ms=0.297458 paused=false
PRESENT CADENCE frame=406 interval_ms=8.474917 paused=false
PRESENT CADENCE frame=407 interval_ms=9.423625 paused=false
PRESENT CADENCE frame=408 interval_ms=5.390750 paused=false
PRESENT CADENCE frame=409 interval_ms=0.355875 paused=false
PRESENT CADENCE frame=410 interval_ms=6.783833 paused=false
PRESENT CADENCE frame=411 interval_ms=7.951542 paused=false
PRESENT CADENCE frame=412 interval_ms=23.774292 paused=false
PRESENT CADENCE frame=413 interval_ms=5.730125 paused=false
PRESENT CADENCE frame=414 interval_ms=0.563750 paused=false
PRESENT CADENCE frame=415 interval_ms=13.292541 paused=false
PRESENT CADENCE frame=416 interval_ms=0.229959 paused=false
PRESENT CADENCE frame=417 interval_ms=13.718916 paused=false
PRESENT CADENCE frame=418 interval_ms=0.842084 paused=false
PRESENT CADENCE frame=419 interval_ms=8.222541 paused=false
PRESENT CADENCE frame=420 interval_ms=0.356875 paused=false
PRESENT CADENCE frame=421 interval_ms=12.318792 paused=false
PRESENT CADENCE frame=422 interval_ms=1.086042 paused=false
PRESENT CADENCE frame=423 interval_ms=10.413083 paused=false
PRESENT CADENCE frame=424 interval_ms=1.883542 paused=false
PRESENT CADENCE frame=425 interval_ms=10.401458 paused=false
PRESENT CADENCE frame=426 interval_ms=9.432500 paused=false
PRESENT CADENCE frame=427 interval_ms=8.734708 paused=false
PRESENT CADENCE frame=428 interval_ms=10.747417 paused=false
PRESENT CADENCE frame=429 interval_ms=0.827458 paused=false
PRESENT CADENCE frame=430 interval_ms=8.538709 paused=false
PRESENT CADENCE frame=431 interval_ms=22.625875 paused=false
PRESENT CADENCE frame=432 interval_ms=7.849250 paused=false
PRESENT CADENCE frame=433 interval_ms=0.488791 paused=false
PRESENT CADENCE frame=434 interval_ms=7.212667 paused=false
PRESENT CADENCE frame=435 interval_ms=0.461958 paused=false
PRESENT CADENCE frame=436 interval_ms=7.112834 paused=false
PRESENT CADENCE frame=437 interval_ms=3.135416 paused=false
PRESENT CADENCE frame=438 interval_ms=11.894334 paused=false
PRESENT CADENCE frame=439 interval_ms=11.222458 paused=false
PRESENT CADENCE frame=440 interval_ms=19.312458 paused=false
PRESENT CADENCE frame=441 interval_ms=0.285875 paused=false
PRESENT CADENCE frame=442 interval_ms=1.379125 paused=false
PRESENT CADENCE frame=443 interval_ms=0.377875 paused=false
PRESENT CADENCE frame=444 interval_ms=7.306709 paused=false
PRESENT CADENCE frame=445 interval_ms=11.475541 paused=false
PRESENT CADENCE frame=446 interval_ms=16.643334 paused=false
PRESENT CADENCE frame=447 interval_ms=0.345375 paused=false
PRESENT CADENCE frame=448 interval_ms=5.597916 paused=false
PRESENT CADENCE frame=449 interval_ms=10.634209 paused=false
PRESENT CADENCE frame=450 interval_ms=16.886416 paused=false
PRESENT CADENCE frame=451 interval_ms=3.987125 paused=false
PRESENT CADENCE frame=452 interval_ms=1.249959 paused=false
PRESENT CADENCE frame=453 interval_ms=9.139416 paused=false
PRESENT CADENCE frame=454 interval_ms=14.338667 paused=false
PRESENT CADENCE frame=455 interval_ms=4.829167 paused=false
PRESENT CADENCE frame=456 interval_ms=12.008541 paused=false
PRESENT CADENCE frame=457 interval_ms=0.634167 paused=false
PRESENT CADENCE frame=458 interval_ms=4.822917 paused=false
PRESENT CADENCE frame=459 interval_ms=11.225541 paused=false
PRESENT CADENCE frame=460 interval_ms=5.194709 paused=false
PRESENT CADENCE frame=461 interval_ms=11.424666 paused=false
PRESENT CADENCE frame=462 interval_ms=5.099584 paused=false
PRESENT CADENCE frame=463 interval_ms=11.810541 paused=false
PRESENT CADENCE frame=464 interval_ms=0.592500 paused=false
PRESENT CADENCE frame=465 interval_ms=4.575500 paused=false
PRESENT CADENCE frame=466 interval_ms=11.345709 paused=false
PRESENT CADENCE frame=467 interval_ms=5.083750 paused=false
PRESENT CADENCE frame=468 interval_ms=11.511750 paused=false
PRESENT CADENCE frame=469 interval_ms=1.763250 paused=false
PRESENT CADENCE frame=470 interval_ms=3.455208 paused=false
PRESENT CADENCE frame=471 interval_ms=11.535542 paused=false
PRESENT CADENCE frame=472 interval_ms=1.695833 paused=false
PRESENT CADENCE frame=473 interval_ms=3.362042 paused=false
PRESENT CADENCE frame=474 interval_ms=11.530416 paused=false
PRESENT CADENCE frame=475 interval_ms=16.738334 paused=false
PRESENT CADENCE frame=476 interval_ms=0.295875 paused=false
PRESENT CADENCE frame=477 interval_ms=4.730875 paused=false
PRESENT CADENCE frame=478 interval_ms=11.718708 paused=false
PRESENT CADENCE frame=479 interval_ms=16.531833 paused=false
PRESENT CADENCE frame=480 interval_ms=0.290500 paused=false
PRESENT CADENCE frame=481 interval_ms=5.108417 paused=false
PRESENT CADENCE frame=482 interval_ms=11.157875 paused=false
PRESENT CADENCE frame=483 interval_ms=18.796208 paused=false
PRESENT CADENCE frame=484 interval_ms=0.951750 paused=false
PRESENT CADENCE frame=485 interval_ms=2.390209 paused=false
PRESENT CADENCE frame=486 interval_ms=0.297625 paused=false
PRESENT CADENCE frame=487 interval_ms=10.975583 paused=false
PRESENT CADENCE frame=488 interval_ms=18.991917 paused=false
PRESENT CADENCE frame=489 interval_ms=3.361500 paused=false
PRESENT CADENCE frame=490 interval_ms=1.570208 paused=false
PRESENT CADENCE frame=491 interval_ms=12.778542 paused=false
PRESENT CADENCE frame=492 interval_ms=16.411833 paused=false
PRESENT CADENCE frame=493 interval_ms=0.254792 paused=false
PRESENT CADENCE frame=494 interval_ms=6.397333 paused=false
PRESENT CADENCE frame=495 interval_ms=0.273417 paused=false
PRESENT CADENCE frame=496 interval_ms=10.689916 paused=false
PRESENT CADENCE frame=497 interval_ms=4.507834 paused=false
PRESENT CADENCE frame=498 interval_ms=11.251833 paused=false
PRESENT CADENCE frame=499 interval_ms=4.441792 paused=false
PRESENT CADENCE frame=500 interval_ms=9.033875 paused=false
PRESENT CADENCE frame=501 interval_ms=4.484958 paused=false
PRESENT CADENCE frame=502 interval_ms=12.384250 paused=false
PRESENT CADENCE frame=503 interval_ms=0.258083 paused=false
PRESENT CADENCE frame=504 interval_ms=7.345417 paused=false
PRESENT CADENCE frame=505 interval_ms=8.745292 paused=false
PRESENT CADENCE frame=506 interval_ms=8.333791 paused=false
PRESENT CADENCE frame=507 interval_ms=7.902500 paused=false
PRESENT CADENCE frame=508 interval_ms=10.238125 paused=false
PRESENT CADENCE frame=509 interval_ms=6.215042 paused=false
PRESENT CADENCE frame=510 interval_ms=7.408375 paused=false
PRESENT CADENCE frame=511 interval_ms=0.933250 paused=false
PRESENT CADENCE frame=512 interval_ms=11.707625 paused=false
PRESENT CADENCE frame=513 interval_ms=15.179875 paused=false
PRESENT CADENCE frame=514 interval_ms=9.252917 paused=false
PRESENT CADENCE frame=515 interval_ms=0.451583 paused=false
PRESENT CADENCE frame=516 interval_ms=2.353000 paused=false
PRESENT CADENCE frame=517 interval_ms=0.255833 paused=false
PRESENT CADENCE frame=518 interval_ms=4.885459 paused=false
PRESENT CADENCE frame=519 interval_ms=13.827750 paused=false
PRESENT CADENCE frame=520 interval_ms=7.117666 paused=false
PRESENT CADENCE frame=521 interval_ms=10.459709 paused=false
PRESENT CADENCE frame=522 interval_ms=3.973750 paused=false
PRESENT CADENCE frame=523 interval_ms=8.075333 paused=false
PRESENT CADENCE frame=524 interval_ms=3.952958 paused=false
PRESENT CADENCE frame=525 interval_ms=7.563042 paused=false
PRESENT CADENCE frame=526 interval_ms=12.831208 paused=false
PRESENT CADENCE frame=527 interval_ms=0.286709 paused=false
PRESENT CADENCE frame=528 interval_ms=3.366833 paused=false
PRESENT CADENCE frame=529 interval_ms=9.893750 paused=false
PRESENT CADENCE frame=530 interval_ms=14.483083 paused=false
PRESENT CADENCE frame=531 interval_ms=1.813042 paused=false
PRESENT CADENCE frame=532 interval_ms=13.522292 paused=false
PRESENT CADENCE frame=533 interval_ms=2.454250 paused=false
PRESENT CADENCE frame=534 interval_ms=17.893833 paused=false
PRESENT CADENCE frame=535 interval_ms=0.216708 paused=false
PRESENT CADENCE frame=536 interval_ms=1.992625 paused=false
PRESENT CADENCE frame=537 interval_ms=0.229125 paused=false
PRESENT CADENCE frame=538 interval_ms=8.446709 paused=false
PRESENT CADENCE frame=539 interval_ms=13.228833 paused=false
PRESENT CADENCE frame=540 interval_ms=6.172042 paused=false
PRESENT CADENCE frame=541 interval_ms=8.774416 paused=false
PRESENT CADENCE frame=542 interval_ms=9.903709 paused=false
PRESENT CADENCE frame=543 interval_ms=8.102458 paused=false
PRESENT CADENCE frame=544 interval_ms=0.455792 paused=false
PRESENT CADENCE frame=545 interval_ms=9.043125 paused=false
PRESENT CADENCE frame=546 interval_ms=2.276833 paused=false
PRESENT CADENCE frame=547 interval_ms=1.073458 paused=false
PRESENT CADENCE frame=548 interval_ms=12.536667 paused=false
PRESENT CADENCE frame=549 interval_ms=17.425250 paused=false
PRESENT CADENCE frame=550 interval_ms=6.525042 paused=false
PRESENT CADENCE frame=551 interval_ms=0.370166 paused=false
PRESENT CADENCE frame=552 interval_ms=10.920000 paused=false
PRESENT CADENCE frame=553 interval_ms=3.700500 paused=false
PRESENT CADENCE frame=554 interval_ms=12.980209 paused=false
PRESENT CADENCE frame=555 interval_ms=0.243166 paused=false
PRESENT CADENCE frame=556 interval_ms=3.659584 paused=false
PRESENT CADENCE frame=557 interval_ms=12.773083 paused=false
PRESENT CADENCE frame=558 interval_ms=3.595375 paused=false
PRESENT CADENCE frame=559 interval_ms=13.705625 paused=false
PRESENT CADENCE frame=560 interval_ms=0.436792 paused=false
PRESENT CADENCE frame=561 interval_ms=6.612750 paused=false
PRESENT CADENCE frame=562 interval_ms=0.315541 paused=false
PRESENT CADENCE frame=563 interval_ms=2.133792 paused=false
PRESENT CADENCE frame=564 interval_ms=10.815833 paused=false
PRESENT CADENCE frame=565 interval_ms=18.005250 paused=false
PRESENT CADENCE frame=566 interval_ms=0.516459 paused=false
PRESENT CADENCE frame=567 interval_ms=4.508583 paused=false
PRESENT CADENCE frame=568 interval_ms=13.801292 paused=false
PRESENT CADENCE frame=569 interval_ms=16.621416 paused=false
PRESENT CADENCE frame=570 interval_ms=0.534959 paused=false
PRESENT CADENCE frame=571 interval_ms=6.576625 paused=false
PRESENT CADENCE frame=572 interval_ms=0.469833 paused=false
PRESENT CADENCE frame=573 interval_ms=10.968583 paused=false
PRESENT CADENCE frame=574 interval_ms=12.562917 paused=false
PRESENT CADENCE frame=575 interval_ms=6.308625 paused=false
PRESENT CADENCE frame=576 interval_ms=9.122708 paused=false
PRESENT CADENCE frame=577 interval_ms=0.241125 paused=false
PRESENT CADENCE frame=578 interval_ms=3.538792 paused=false
PRESENT CADENCE frame=579 interval_ms=5.867208 paused=false
PRESENT CADENCE frame=580 interval_ms=4.267167 paused=false
PRESENT CADENCE frame=581 interval_ms=16.749333 paused=false
PRESENT CADENCE frame=582 interval_ms=16.882542 paused=false
PRESENT CADENCE frame=583 interval_ms=0.288333 paused=false
PRESENT CADENCE frame=584 interval_ms=2.746459 paused=false
PRESENT CADENCE frame=585 interval_ms=0.233291 paused=false
PRESENT CADENCE frame=586 interval_ms=9.582709 paused=false
PRESENT CADENCE frame=587 interval_ms=6.443625 paused=false
PRESENT CADENCE frame=588 interval_ms=21.411833 paused=false
PRESENT CADENCE frame=589 interval_ms=0.325500 paused=false
PRESENT CADENCE frame=590 interval_ms=8.152708 paused=false
PRESENT CADENCE frame=591 interval_ms=1.801125 paused=false
PRESENT CADENCE frame=592 interval_ms=3.939500 paused=false
PRESENT CADENCE frame=593 interval_ms=11.975292 paused=false
PRESENT CADENCE frame=594 interval_ms=12.362083 paused=false
PRESENT CADENCE frame=595 interval_ms=9.981750 paused=false
PRESENT CADENCE frame=596 interval_ms=8.274667 paused=false
PRESENT CADENCE frame=597 interval_ms=10.052667 paused=false
PRESENT CADENCE frame=598 interval_ms=0.411375 paused=false
PRESENT CADENCE frame=599 interval_ms=7.268083 paused=false
PRESENT CADENCE frame=600 interval_ms=9.621917 paused=false
PRESENT CADENCE frame=601 interval_ms=6.966416 paused=false
PRESENT CADENCE frame=602 interval_ms=9.632042 paused=false
PRESENT CADENCE frame=603 interval_ms=1.338917 paused=false
PRESENT CADENCE frame=604 interval_ms=4.295458 paused=false
PRESENT CADENCE frame=605 interval_ms=9.535792 paused=false
PRESENT CADENCE frame=606 interval_ms=15.355000 paused=false
PRESENT CADENCE frame=607 interval_ms=0.277375 paused=false
PRESENT CADENCE frame=608 interval_ms=0.946583 paused=false
PRESENT CADENCE frame=609 interval_ms=16.834917 paused=false
PRESENT CADENCE frame=610 interval_ms=4.111416 paused=false
PRESENT CADENCE frame=611 interval_ms=14.983459 paused=false
PRESENT CADENCE frame=612 interval_ms=0.701833 paused=false
PRESENT CADENCE frame=613 interval_ms=7.941792 paused=false
PRESENT CADENCE frame=614 interval_ms=3.323916 paused=false
PRESENT CADENCE frame=615 interval_ms=10.708459 paused=false
PRESENT CADENCE frame=616 interval_ms=16.533250 paused=false
PRESENT CADENCE frame=617 interval_ms=7.344541 paused=false
PRESENT CADENCE frame=618 interval_ms=0.557209 paused=false
PRESENT CADENCE frame=619 interval_ms=10.029375 paused=false
PRESENT CADENCE frame=620 interval_ms=7.435083 paused=false
PRESENT CADENCE frame=621 interval_ms=2.589750 paused=false
PRESENT CADENCE frame=622 interval_ms=12.368500 paused=false
PRESENT CADENCE frame=623 interval_ms=15.899083 paused=false
PRESENT CADENCE frame=624 interval_ms=0.460750 paused=false
PRESENT CADENCE frame=625 interval_ms=0.164917 paused=false
PRESENT CADENCE frame=626 interval_ms=5.787542 paused=false
PRESENT CADENCE frame=627 interval_ms=11.983083 paused=false
FULL MODEL WORKER work_ms=2242.747 physics_ms=1387.573 mesh_ms=377.578 partition_ms=37.334 streams_ms=440.261
FULL MODEL CPU UPLOAD stage_ms=37.982
PRESENT CADENCE frame=628 interval_ms=38.697792 paused=false
PRESENT CADENCE frame=629 interval_ms=1.311833 paused=false
PRESENT CADENCE frame=630 interval_ms=21.230042 paused=false
PRESENT CADENCE frame=631 interval_ms=8.879958 paused=false
PRESENT CADENCE frame=632 interval_ms=0.688708 paused=false
PRESENT CADENCE frame=633 interval_ms=9.907459 paused=false
PRESENT CADENCE frame=634 interval_ms=1.754833 paused=false
PRESENT CADENCE frame=635 interval_ms=2.548167 paused=false
PRESENT CADENCE frame=636 interval_ms=0.497791 paused=false
PRESENT CADENCE frame=637 interval_ms=10.598084 paused=false
PRESENT CADENCE frame=638 interval_ms=12.190791 paused=false
PRESENT CADENCE frame=639 interval_ms=0.230209 paused=false
PRESENT CADENCE frame=640 interval_ms=5.316083 paused=false
PRESENT CADENCE frame=641 interval_ms=0.250917 paused=false
PRESENT CADENCE frame=642 interval_ms=8.750916 paused=false
PRESENT CADENCE frame=643 interval_ms=7.481417 paused=false
PRESENT CADENCE frame=644 interval_ms=9.449625 paused=false
PRESENT CADENCE frame=645 interval_ms=17.658333 paused=false
PRESENT CADENCE frame=646 interval_ms=0.554709 paused=false
PRESENT CADENCE frame=647 interval_ms=4.817666 paused=false
PRESENT CADENCE frame=648 interval_ms=11.095375 paused=false
PRESENT CADENCE frame=649 interval_ms=0.233375 paused=false
PRESENT CADENCE frame=650 interval_ms=0.778625 paused=false
PRESENT CADENCE frame=651 interval_ms=16.087167 paused=false
PRESENT CADENCE frame=652 interval_ms=6.992708 paused=false
PRESENT CADENCE frame=653 interval_ms=4.264542 paused=false
PRESENT CADENCE frame=654 interval_ms=12.408333 paused=false
PRESENT CADENCE frame=655 interval_ms=0.324792 paused=false
PRESENT CADENCE frame=656 interval_ms=9.557875 paused=false
PRESENT CADENCE frame=657 interval_ms=8.314542 paused=false
PRESENT CADENCE frame=658 interval_ms=0.407583 paused=false
PRESENT CADENCE frame=659 interval_ms=11.079375 paused=false
PRESENT CADENCE frame=660 interval_ms=4.328750 paused=false
PRESENT CADENCE frame=661 interval_ms=8.029875 paused=false
PRESENT CADENCE frame=662 interval_ms=3.007708 paused=false
PRESENT CADENCE frame=663 interval_ms=9.141834 paused=false
PRESENT CADENCE frame=664 interval_ms=0.405958 paused=false
PRESENT CADENCE frame=665 interval_ms=3.147583 paused=false
PRESENT CADENCE frame=666 interval_ms=4.007375 paused=false
PRESENT CADENCE frame=667 interval_ms=18.453209 paused=false
PRESENT CADENCE frame=668 interval_ms=0.441916 paused=false
PRESENT CADENCE frame=669 interval_ms=12.051042 paused=false
PRESENT CADENCE frame=670 interval_ms=0.408625 paused=false
PRESENT CADENCE frame=671 interval_ms=3.795042 paused=false
PRESENT CADENCE frame=672 interval_ms=8.877833 paused=false
PRESENT CADENCE frame=673 interval_ms=10.112000 paused=false
PRESENT CADENCE frame=674 interval_ms=11.765583 paused=false
PRESENT CADENCE frame=675 interval_ms=0.275959 paused=false
PRESENT CADENCE frame=676 interval_ms=5.275750 paused=false
PRESENT CADENCE frame=677 interval_ms=8.651750 paused=false
PRESENT CADENCE frame=678 interval_ms=10.217625 paused=false
PRESENT CADENCE frame=679 interval_ms=10.700708 paused=false
PRESENT CADENCE frame=680 interval_ms=0.413375 paused=false
PRESENT CADENCE frame=681 interval_ms=6.445625 paused=false
PRESENT CADENCE frame=682 interval_ms=0.328875 paused=false
PRESENT CADENCE frame=683 interval_ms=8.537208 paused=false
PRESENT CADENCE frame=684 interval_ms=0.339209 paused=false
PRESENT CADENCE frame=685 interval_ms=7.195083 paused=false
PRESENT CADENCE frame=686 interval_ms=8.844208 paused=false
PRESENT CADENCE frame=687 interval_ms=8.844584 paused=false
PRESENT CADENCE frame=688 interval_ms=7.291916 paused=false
PRESENT CADENCE frame=689 interval_ms=7.671042 paused=false
PRESENT CADENCE frame=690 interval_ms=7.419042 paused=false
PRESENT CADENCE frame=691 interval_ms=16.679083 paused=false
PRESENT CADENCE frame=692 interval_ms=0.650292 paused=false
PRESENT CADENCE frame=693 interval_ms=3.068333 paused=false
PRESENT CADENCE frame=694 interval_ms=0.289375 paused=false
PRESENT CADENCE frame=695 interval_ms=8.108333 paused=false
PRESENT CADENCE frame=696 interval_ms=11.780459 paused=false
PRESENT CADENCE frame=697 interval_ms=15.063833 paused=false
PRESENT CADENCE frame=698 interval_ms=0.597917 paused=false
PRESENT CADENCE frame=699 interval_ms=4.789875 paused=false
PRESENT CADENCE frame=700 interval_ms=0.386666 paused=false
PRESENT CADENCE frame=701 interval_ms=11.200584 paused=false
PRESENT CADENCE frame=702 interval_ms=3.985666 paused=false
PRESENT CADENCE frame=703 interval_ms=9.581209 paused=false
PRESENT CADENCE frame=704 interval_ms=6.694500 paused=false
PRESENT CADENCE frame=705 interval_ms=9.017000 paused=false
PRESENT CADENCE frame=706 interval_ms=6.615458 paused=false
PRESENT CADENCE frame=707 interval_ms=7.982458 paused=false
PRESENT CADENCE frame=708 interval_ms=1.512667 paused=false
PRESENT CADENCE frame=709 interval_ms=2.718667 paused=false
PRESENT CADENCE frame=710 interval_ms=5.385625 paused=false
PRESENT CADENCE frame=711 interval_ms=4.549208 paused=false
PRESENT CADENCE frame=712 interval_ms=12.229208 paused=false
PRESENT CADENCE frame=713 interval_ms=11.135334 paused=false
PRESENT CADENCE frame=714 interval_ms=11.409000 paused=false
PRESENT CADENCE frame=715 interval_ms=0.247333 paused=false
PRESENT CADENCE frame=716 interval_ms=8.754458 paused=false
PRESENT CADENCE frame=717 interval_ms=0.298875 paused=false
PRESENT CADENCE frame=718 interval_ms=3.837959 paused=false
PRESENT CADENCE frame=719 interval_ms=7.385625 paused=false
PRESENT CADENCE frame=720 interval_ms=6.213333 paused=false
PRESENT CADENCE frame=721 interval_ms=15.227083 paused=false
PRESENT CADENCE frame=722 interval_ms=0.456334 paused=false
PRESENT CADENCE frame=723 interval_ms=4.560458 paused=false
PRESENT CADENCE frame=724 interval_ms=5.524667 paused=false
PRESENT CADENCE frame=725 interval_ms=15.379666 paused=false
PRESENT CADENCE frame=726 interval_ms=0.514375 paused=false
PRESENT CADENCE frame=727 interval_ms=3.904875 paused=false
PRESENT CADENCE frame=728 interval_ms=11.385542 paused=false
PRESENT CADENCE frame=729 interval_ms=8.478958 paused=false
PRESENT CADENCE frame=730 interval_ms=0.554000 paused=false
PRESENT CADENCE frame=731 interval_ms=4.319292 paused=false
PRESENT CADENCE frame=732 interval_ms=0.347458 paused=false
PRESENT CADENCE frame=733 interval_ms=9.265834 paused=false
PRESENT CADENCE frame=734 interval_ms=4.206541 paused=false
PRESENT CADENCE frame=735 interval_ms=14.586917 paused=false
PRESENT CADENCE frame=736 interval_ms=10.282708 paused=false
PRESENT CADENCE frame=737 interval_ms=9.381750 paused=false
PRESENT CADENCE frame=738 interval_ms=7.099917 paused=false
PRESENT CADENCE frame=739 interval_ms=0.272250 paused=false
PRESENT CADENCE frame=740 interval_ms=3.962208 paused=false
PRESENT CADENCE frame=741 interval_ms=10.525417 paused=false
PRESENT CADENCE frame=742 interval_ms=9.624333 paused=false
PRESENT CADENCE frame=743 interval_ms=0.311250 paused=false
PRESENT CADENCE frame=744 interval_ms=15.126375 paused=false
PRESENT CADENCE frame=745 interval_ms=6.796042 paused=false
PRESENT CADENCE frame=746 interval_ms=0.478167 paused=false
PRESENT CADENCE frame=747 interval_ms=11.721750 paused=false
PRESENT CADENCE frame=748 interval_ms=0.348625 paused=false
PRESENT CADENCE frame=749 interval_ms=4.647375 paused=false
PRESENT CADENCE frame=750 interval_ms=9.839291 paused=false
PRESENT CADENCE frame=751 interval_ms=2.177917 paused=false
PRESENT CADENCE frame=752 interval_ms=17.001917 paused=false
PRESENT CADENCE frame=753 interval_ms=5.264375 paused=false
PRESENT CADENCE frame=754 interval_ms=12.031791 paused=false
PRESENT CADENCE frame=755 interval_ms=5.214209 paused=false
PRESENT CADENCE frame=756 interval_ms=0.430416 paused=false
PRESENT CADENCE frame=757 interval_ms=10.663709 paused=false
PRESENT CADENCE frame=758 interval_ms=0.324000 paused=false
PRESENT CADENCE frame=759 interval_ms=3.440750 paused=false
PRESENT CADENCE frame=760 interval_ms=8.477208 paused=false
PRESENT CADENCE frame=761 interval_ms=6.453208 paused=false
PRESENT CADENCE frame=762 interval_ms=7.996959 paused=false
PRESENT CADENCE frame=763 interval_ms=0.259375 paused=false
PRESENT CADENCE frame=764 interval_ms=4.012500 paused=false
PRESENT CADENCE frame=765 interval_ms=10.203666 paused=false
PRESENT CADENCE frame=766 interval_ms=15.007792 paused=false
PRESENT CADENCE frame=767 interval_ms=0.267042 paused=false
PRESENT CADENCE frame=768 interval_ms=6.667958 paused=false
PRESENT CADENCE frame=769 interval_ms=0.288875 paused=false
PRESENT CADENCE frame=770 interval_ms=10.191125 paused=false
PRESENT CADENCE frame=771 interval_ms=13.287625 paused=false
PRESENT CADENCE frame=772 interval_ms=0.445500 paused=false
PRESENT CADENCE frame=773 interval_ms=0.919708 paused=false
PRESENT CADENCE frame=774 interval_ms=9.222084 paused=false
PRESENT CADENCE frame=775 interval_ms=18.032041 paused=false
PRESENT CADENCE frame=776 interval_ms=0.695834 paused=false
PRESENT CADENCE frame=777 interval_ms=6.528291 paused=false
PRESENT CADENCE frame=778 interval_ms=0.259792 paused=false
PRESENT CADENCE frame=779 interval_ms=2.273875 paused=false
PRESENT CADENCE frame=780 interval_ms=14.150292 paused=false
PRESENT CADENCE frame=781 interval_ms=15.681916 paused=false
PRESENT CADENCE frame=782 interval_ms=0.530917 paused=false
PRESENT CADENCE frame=783 interval_ms=7.520875 paused=false
PRESENT CADENCE frame=784 interval_ms=0.370875 paused=false
PRESENT CADENCE frame=785 interval_ms=6.363375 paused=false
PRESENT CADENCE frame=786 interval_ms=9.145125 paused=false
PRESENT CADENCE frame=787 interval_ms=7.509042 paused=false
PRESENT CADENCE frame=788 interval_ms=9.470666 paused=false
PRESENT CADENCE frame=789 interval_ms=0.393334 paused=false
PRESENT CADENCE frame=790 interval_ms=4.529375 paused=false
PRESENT CADENCE frame=791 interval_ms=11.745458 paused=false
PRESENT CADENCE frame=792 interval_ms=12.159792 paused=false
PRESENT CADENCE frame=793 interval_ms=0.314666 paused=false
PRESENT CADENCE frame=794 interval_ms=4.282084 paused=false
PRESENT CADENCE frame=795 interval_ms=0.454416 paused=false
PRESENT CADENCE frame=796 interval_ms=9.269334 paused=false
PRESENT CADENCE frame=797 interval_ms=3.606000 paused=false
PRESENT CADENCE frame=798 interval_ms=13.371166 paused=false
PRESENT CADENCE frame=799 interval_ms=15.186084 paused=false
PRESENT CADENCE frame=800 interval_ms=0.654958 paused=false
PRESENT CADENCE frame=801 interval_ms=7.657333 paused=false
PRESENT CADENCE frame=802 interval_ms=0.449125 paused=false
PRESENT CADENCE frame=803 interval_ms=1.482042 paused=false
PRESENT CADENCE frame=804 interval_ms=10.327875 paused=false
PRESENT CADENCE frame=805 interval_ms=17.033542 paused=false
PRESENT CADENCE frame=806 interval_ms=3.847416 paused=false
PRESENT CADENCE frame=807 interval_ms=12.471917 paused=false
PRESENT CADENCE frame=808 interval_ms=12.758375 paused=false
PRESENT CADENCE frame=809 interval_ms=0.295208 paused=false
PRESENT CADENCE frame=810 interval_ms=3.785250 paused=false
PRESENT CADENCE frame=811 interval_ms=12.721417 paused=false
PRESENT CADENCE frame=812 interval_ms=0.377708 paused=false
PRESENT CADENCE frame=813 interval_ms=7.903792 paused=false
PRESENT CADENCE frame=814 interval_ms=0.916542 paused=false
PRESENT CADENCE frame=815 interval_ms=17.455333 paused=false
PRESENT CADENCE frame=816 interval_ms=0.471000 paused=false
PRESENT CADENCE frame=817 interval_ms=2.064792 paused=false
PRESENT CADENCE frame=818 interval_ms=14.826250 paused=false
PRESENT CADENCE frame=819 interval_ms=0.377833 paused=false
PRESENT CADENCE frame=820 interval_ms=3.638875 paused=false
PRESENT CADENCE frame=821 interval_ms=7.206292 paused=false
PRESENT CADENCE frame=822 interval_ms=12.747750 paused=false
PRESENT CADENCE frame=823 interval_ms=9.850000 paused=false
PRESENT CADENCE frame=824 interval_ms=0.584291 paused=false
PRESENT CADENCE frame=825 interval_ms=4.878500 paused=false
PRESENT CADENCE frame=826 interval_ms=17.172834 paused=false
PRESENT CADENCE frame=827 interval_ms=0.338875 paused=false
PRESENT CADENCE frame=828 interval_ms=9.097041 paused=false
PRESENT CADENCE frame=829 interval_ms=0.345417 paused=false
PRESENT CADENCE frame=830 interval_ms=2.075292 paused=false
PRESENT CADENCE frame=831 interval_ms=5.411250 paused=false
PRESENT CADENCE frame=832 interval_ms=16.732000 paused=false
PRESENT CADENCE frame=833 interval_ms=0.278083 paused=false
PRESENT CADENCE frame=834 interval_ms=7.353750 paused=false
PRESENT CADENCE frame=835 interval_ms=4.235958 paused=false
PRESENT CADENCE frame=836 interval_ms=12.654875 paused=false
PRESENT CADENCE frame=837 interval_ms=15.326167 paused=false
PRESENT CADENCE frame=838 interval_ms=0.564833 paused=false
PRESENT CADENCE frame=839 interval_ms=3.509209 paused=false
PRESENT CADENCE frame=840 interval_ms=0.272625 paused=false
PRESENT CADENCE frame=841 interval_ms=12.632958 paused=false
PRESENT CADENCE frame=842 interval_ms=3.745792 paused=false
PRESENT CADENCE frame=843 interval_ms=7.067166 paused=false
PRESENT CADENCE frame=844 interval_ms=15.324667 paused=false
PRESENT CADENCE frame=845 interval_ms=12.198625 paused=false
PRESENT CADENCE frame=846 interval_ms=0.502583 paused=false
PRESENT CADENCE frame=847 interval_ms=4.448334 paused=false
PRESENT CADENCE frame=848 interval_ms=0.402541 paused=false
PRESENT CADENCE frame=849 interval_ms=12.435959 paused=false
PRESENT CADENCE frame=850 interval_ms=1.833291 paused=false
PRESENT CADENCE frame=851 interval_ms=2.785542 paused=false
PRESENT CADENCE frame=852 interval_ms=4.474875 paused=false
PRESENT CADENCE frame=853 interval_ms=20.422583 paused=false
PRESENT CADENCE frame=854 interval_ms=6.678000 paused=false
PRESENT CADENCE frame=855 interval_ms=0.495834 paused=false
PRESENT CADENCE frame=856 interval_ms=8.478208 paused=false
PRESENT CADENCE frame=857 interval_ms=3.857750 paused=false
PRESENT CADENCE frame=858 interval_ms=5.689917 paused=false
PRESENT CADENCE frame=859 interval_ms=4.144916 paused=false
PRESENT CADENCE frame=860 interval_ms=13.025875 paused=false
PRESENT CADENCE frame=861 interval_ms=6.947125 paused=false
PRESENT CADENCE frame=862 interval_ms=9.206209 paused=false
PRESENT CADENCE frame=863 interval_ms=2.184041 paused=false
PRESENT CADENCE frame=864 interval_ms=8.399334 paused=false
PRESENT CADENCE frame=865 interval_ms=16.366833 paused=false
PRESENT CADENCE frame=866 interval_ms=0.535833 paused=false
PRESENT CADENCE frame=867 interval_ms=3.917917 paused=false
PRESENT CADENCE frame=868 interval_ms=1.479000 paused=false
PRESENT CADENCE frame=869 interval_ms=2.138167 paused=false
PRESENT CADENCE frame=870 interval_ms=15.709125 paused=false
PRESENT CADENCE frame=871 interval_ms=4.883041 paused=false
PRESENT CADENCE frame=872 interval_ms=16.125750 paused=false
PRESENT CADENCE frame=873 interval_ms=2.020584 paused=false
PRESENT CADENCE frame=874 interval_ms=0.406166 paused=false
PRESENT CADENCE frame=875 interval_ms=7.660459 paused=false
PRESENT CADENCE frame=876 interval_ms=0.343541 paused=false
PRESENT CADENCE frame=877 interval_ms=9.276125 paused=false
PRESENT CADENCE frame=878 interval_ms=7.357750 paused=false
PRESENT CADENCE frame=879 interval_ms=19.111500 paused=false
PRESENT CADENCE frame=880 interval_ms=0.463000 paused=false
PRESENT CADENCE frame=881 interval_ms=11.744334 paused=false
PRESENT CADENCE frame=882 interval_ms=5.353500 paused=false
PRESENT CADENCE frame=883 interval_ms=0.222791 paused=false
PRESENT CADENCE frame=884 interval_ms=4.819792 paused=false
PRESENT CADENCE frame=885 interval_ms=0.442958 paused=false
PRESENT CADENCE frame=886 interval_ms=12.022292 paused=false
PRESENT CADENCE frame=887 interval_ms=4.493208 paused=false
PRESENT CADENCE frame=888 interval_ms=12.538750 paused=false
PRESENT CADENCE frame=889 interval_ms=9.030209 paused=false
PRESENT CADENCE frame=890 interval_ms=0.414041 paused=false
PRESENT CADENCE frame=891 interval_ms=6.343750 paused=false
PRESENT CADENCE frame=892 interval_ms=11.022959 paused=false
PRESENT CADENCE frame=893 interval_ms=2.411750 paused=false
PRESENT CADENCE frame=894 interval_ms=0.370458 paused=false
PRESENT CADENCE frame=895 interval_ms=11.270875 paused=false
PRESENT CADENCE frame=896 interval_ms=3.859917 paused=false
PRESENT CADENCE frame=897 interval_ms=8.374458 paused=false
PRESENT CADENCE frame=898 interval_ms=6.604292 paused=false
PRESENT CADENCE frame=899 interval_ms=9.549750 paused=false
PRESENT CADENCE frame=900 interval_ms=2.324916 paused=false
PRESENT CADENCE frame=901 interval_ms=10.283334 paused=false
PRESENT CADENCE frame=902 interval_ms=6.120708 paused=false
FULL MODEL WORKER work_ms=1838.898 physics_ms=1005.825 mesh_ms=379.031 partition_ms=30.732 streams_ms=423.310
FULL MODEL CPU UPLOAD stage_ms=41.681
PRESENT CADENCE frame=903 interval_ms=42.191917 paused=false
PRESENT CADENCE frame=904 interval_ms=1.601625 paused=false
PRESENT CADENCE frame=905 interval_ms=12.842541 paused=false
PRESENT CADENCE frame=906 interval_ms=0.314875 paused=false
PRESENT CADENCE frame=907 interval_ms=8.812792 paused=false
PRESENT CADENCE frame=908 interval_ms=9.176958 paused=false
PRESENT CADENCE frame=909 interval_ms=4.941792 paused=false
PRESENT CADENCE frame=910 interval_ms=11.015667 paused=false
PRESENT CADENCE frame=911 interval_ms=4.295541 paused=false
PRESENT CADENCE frame=912 interval_ms=0.243084 paused=false
PRESENT CADENCE frame=913 interval_ms=10.872250 paused=false
PRESENT CADENCE frame=914 interval_ms=8.949875 paused=false
PRESENT CADENCE frame=915 interval_ms=0.486041 paused=false
PRESENT CADENCE frame=916 interval_ms=4.423667 paused=false
PRESENT CADENCE frame=917 interval_ms=0.385333 paused=false
PRESENT CADENCE frame=918 interval_ms=11.056084 paused=false
PRESENT CADENCE frame=919 interval_ms=1.624458 paused=false
PRESENT CADENCE frame=920 interval_ms=2.898708 paused=false
PRESENT CADENCE frame=921 interval_ms=7.899292 paused=false
PRESENT CADENCE frame=922 interval_ms=6.642958 paused=false
PRESENT CADENCE frame=923 interval_ms=11.440750 paused=false
PRESENT CADENCE frame=924 interval_ms=12.244375 paused=false
PRESENT CADENCE frame=925 interval_ms=0.472334 paused=false
PRESENT CADENCE frame=926 interval_ms=3.308416 paused=false
PRESENT CADENCE frame=927 interval_ms=0.260292 paused=false
PRESENT CADENCE frame=928 interval_ms=11.053250 paused=false
PRESENT CADENCE frame=929 interval_ms=8.267500 paused=false
PRESENT CADENCE frame=930 interval_ms=4.604250 paused=false
PRESENT CADENCE frame=931 interval_ms=9.887542 paused=false
PRESENT CADENCE frame=932 interval_ms=4.095666 paused=false
PRESENT CADENCE frame=933 interval_ms=0.352167 paused=false
PRESENT CADENCE frame=934 interval_ms=9.710458 paused=false
PRESENT CADENCE frame=935 interval_ms=0.398375 paused=false
PRESENT CADENCE frame=936 interval_ms=10.497667 paused=false
PRESENT CADENCE frame=937 interval_ms=3.884333 paused=false
PRESENT CADENCE frame=938 interval_ms=7.696917 paused=false
PRESENT CADENCE frame=939 interval_ms=6.481500 paused=false
PRESENT CADENCE frame=940 interval_ms=7.482833 paused=false
PRESENT CADENCE frame=941 interval_ms=2.446042 paused=false
PRESENT CADENCE frame=942 interval_ms=9.239542 paused=false
PRESENT CADENCE frame=943 interval_ms=0.417500 paused=false
PRESENT CADENCE frame=944 interval_ms=2.533666 paused=false
PRESENT CADENCE frame=945 interval_ms=6.063000 paused=false
PRESENT CADENCE frame=946 interval_ms=6.854750 paused=false
PRESENT CADENCE frame=947 interval_ms=16.453292 paused=false
PRESENT CADENCE frame=948 interval_ms=0.216875 paused=false
PRESENT CADENCE frame=949 interval_ms=1.123083 paused=false
PRESENT CADENCE frame=950 interval_ms=0.213959 paused=false
PRESENT CADENCE frame=951 interval_ms=0.953291 paused=false
PRESENT CADENCE frame=952 interval_ms=16.332834 paused=false
PRESENT CADENCE frame=953 interval_ms=12.178541 paused=false
PRESENT CADENCE frame=954 interval_ms=5.291459 paused=false
PRESENT CADENCE frame=955 interval_ms=13.611708 paused=false
PRESENT CADENCE frame=956 interval_ms=0.326833 paused=false
PRESENT CADENCE frame=957 interval_ms=3.858500 paused=false
PRESENT CADENCE frame=958 interval_ms=6.508000 paused=false
PRESENT CADENCE frame=959 interval_ms=12.695792 paused=false
PRESENT CADENCE frame=960 interval_ms=0.213958 paused=false
PRESENT CADENCE frame=961 interval_ms=3.984709 paused=false
PRESENT CADENCE frame=962 interval_ms=0.278208 paused=false
PRESENT CADENCE frame=963 interval_ms=10.606125 paused=false
PRESENT CADENCE frame=964 interval_ms=3.383167 paused=false
PRESENT CADENCE frame=965 interval_ms=9.029458 paused=false
PRESENT CADENCE frame=966 interval_ms=4.651625 paused=false
PRESENT CADENCE frame=967 interval_ms=11.861292 paused=false
PRESENT CADENCE frame=968 interval_ms=0.274958 paused=false
PRESENT CADENCE frame=969 interval_ms=5.184000 paused=false
PRESENT CADENCE frame=970 interval_ms=10.358542 paused=false
PRESENT CADENCE frame=971 interval_ms=0.357541 paused=false
PRESENT CADENCE frame=972 interval_ms=9.863000 paused=false
PRESENT CADENCE frame=973 interval_ms=0.363334 paused=false
PRESENT CADENCE frame=974 interval_ms=2.752791 paused=false
PRESENT CADENCE frame=975 interval_ms=0.241542 paused=false
PRESENT CADENCE frame=976 interval_ms=2.262792 paused=false
PRESENT CADENCE frame=977 interval_ms=17.437666 paused=false
PRESENT CADENCE frame=978 interval_ms=4.947042 paused=false
PRESENT CADENCE frame=979 interval_ms=11.780750 paused=false
PRESENT CADENCE frame=980 interval_ms=0.230625 paused=false
PRESENT CADENCE frame=981 interval_ms=3.645958 paused=false
PRESENT CADENCE frame=982 interval_ms=0.393667 paused=false
PRESENT CADENCE frame=983 interval_ms=4.846042 paused=false
PRESENT CADENCE frame=984 interval_ms=7.188291 paused=false
PRESENT CADENCE frame=985 interval_ms=15.638167 paused=false
PRESENT CADENCE frame=986 interval_ms=2.129625 paused=false
PRESENT CADENCE frame=987 interval_ms=0.345125 paused=false
PRESENT CADENCE frame=988 interval_ms=3.476667 paused=false
PRESENT CADENCE frame=989 interval_ms=3.632416 paused=false
PRESENT CADENCE frame=990 interval_ms=9.581625 paused=false
PRESENT CADENCE frame=991 interval_ms=5.607792 paused=false
PRESENT CADENCE frame=992 interval_ms=10.487458 paused=false
PRESENT CADENCE frame=993 interval_ms=4.328792 paused=false
PRESENT CADENCE frame=994 interval_ms=0.330375 paused=false
PRESENT CADENCE frame=995 interval_ms=5.362583 paused=false
PRESENT CADENCE frame=996 interval_ms=4.135584 paused=false
PRESENT CADENCE frame=997 interval_ms=21.511083 paused=false
PRESENT CADENCE frame=998 interval_ms=0.320167 paused=false
PRESENT CADENCE frame=999 interval_ms=2.388291 paused=false
PRESENT CADENCE frame=1000 interval_ms=0.403334 paused=false
PRESENT CADENCE frame=1001 interval_ms=3.244875 paused=false
PRESENT CADENCE frame=1002 interval_ms=7.489708 paused=false
PRESENT CADENCE frame=1003 interval_ms=9.487000 paused=false
PRESENT CADENCE frame=1004 interval_ms=8.279750 paused=false
PRESENT CADENCE frame=1005 interval_ms=6.973500 paused=false
PRESENT CADENCE frame=1006 interval_ms=9.713500 paused=false
PRESENT CADENCE frame=1007 interval_ms=0.211917 paused=false
PRESENT CADENCE frame=1008 interval_ms=0.835666 paused=false
PRESENT CADENCE frame=1009 interval_ms=0.154750 paused=false
PRESENT CADENCE frame=1010 interval_ms=5.039375 paused=false
PRESENT CADENCE frame=1011 interval_ms=12.980167 paused=false
PRESENT CADENCE frame=1012 interval_ms=6.029917 paused=false
PRESENT CADENCE frame=1013 interval_ms=7.720416 paused=false
PRESENT CADENCE frame=1014 interval_ms=1.462875 paused=false
PRESENT CADENCE frame=1015 interval_ms=1.569084 paused=false
PRESENT CADENCE frame=1016 interval_ms=6.878916 paused=false
PRESENT CADENCE frame=1017 interval_ms=23.620125 paused=false
PRESENT CADENCE frame=1018 interval_ms=0.483000 paused=false
PRESENT CADENCE frame=1019 interval_ms=6.134167 paused=false
PRESENT CADENCE frame=1020 interval_ms=0.280958 paused=false
PRESENT CADENCE frame=1021 interval_ms=1.935792 paused=false
PRESENT CADENCE frame=1022 interval_ms=10.257208 paused=false
PRESENT CADENCE frame=1023 interval_ms=5.330959 paused=false
PRESENT CADENCE frame=1024 interval_ms=11.826541 paused=false
PRESENT CADENCE frame=1025 interval_ms=6.227667 paused=false
PRESENT CADENCE frame=1026 interval_ms=0.475208 paused=false
PRESENT CADENCE frame=1027 interval_ms=10.994000 paused=false
PRESENT CADENCE frame=1028 interval_ms=13.203292 paused=false
PRESENT CADENCE frame=1029 interval_ms=0.241792 paused=false
PRESENT CADENCE frame=1030 interval_ms=2.635166 paused=false
PRESENT CADENCE frame=1031 interval_ms=5.035209 paused=false
PRESENT CADENCE frame=1032 interval_ms=9.815500 paused=false
PRESENT CADENCE frame=1033 interval_ms=6.766458 paused=false
PRESENT CADENCE frame=1034 interval_ms=8.901000 paused=false
PRESENT CADENCE frame=1035 interval_ms=0.439458 paused=false
PRESENT CADENCE frame=1036 interval_ms=6.407250 paused=false
PRESENT CADENCE frame=1037 interval_ms=0.269667 paused=false
PRESENT CADENCE frame=1038 interval_ms=8.284542 paused=false
PRESENT CADENCE frame=1039 interval_ms=0.330916 paused=false
PRESENT CADENCE frame=1040 interval_ms=9.633000 paused=false
PRESENT CADENCE frame=1041 interval_ms=4.443834 paused=false
PRESENT CADENCE frame=1042 interval_ms=8.541833 paused=false
PRESENT CADENCE frame=1043 interval_ms=6.472833 paused=false
PRESENT CADENCE frame=1044 interval_ms=8.239417 paused=false
PRESENT CADENCE frame=1045 interval_ms=0.302167 paused=false
PRESENT CADENCE frame=1046 interval_ms=7.177333 paused=false
PRESENT CADENCE frame=1047 interval_ms=7.723750 paused=false
PRESENT CADENCE frame=1048 interval_ms=11.480083 paused=false
PRESENT CADENCE frame=1049 interval_ms=0.331250 paused=false
PRESENT CADENCE frame=1050 interval_ms=2.712667 paused=false
PRESENT CADENCE frame=1051 interval_ms=14.079500 paused=false
PRESENT CADENCE frame=1052 interval_ms=0.687708 paused=false
PRESENT CADENCE frame=1053 interval_ms=4.694709 paused=false
PRESENT CADENCE frame=1054 interval_ms=0.320875 paused=false
PRESENT CADENCE frame=1055 interval_ms=1.747708 paused=false
PRESENT CADENCE frame=1056 interval_ms=10.386042 paused=false
PRESENT CADENCE frame=1057 interval_ms=15.787958 paused=false
PRESENT CADENCE frame=1058 interval_ms=2.407625 paused=false
PRESENT CADENCE frame=1059 interval_ms=7.048500 paused=false
PRESENT CADENCE frame=1060 interval_ms=0.278167 paused=false
PRESENT CADENCE frame=1061 interval_ms=1.983291 paused=false
PRESENT CADENCE frame=1062 interval_ms=5.447917 paused=false
PRESENT CADENCE frame=1063 interval_ms=2.785542 paused=false
PRESENT CADENCE frame=1064 interval_ms=18.216125 paused=false
PRESENT CADENCE frame=1065 interval_ms=0.264958 paused=false
PRESENT CADENCE frame=1066 interval_ms=8.879625 paused=false
PRESENT CADENCE frame=1067 interval_ms=0.386208 paused=false
PRESENT CADENCE frame=1068 interval_ms=5.016959 paused=false
PRESENT CADENCE frame=1069 interval_ms=11.436458 paused=false
PRESENT CADENCE frame=1070 interval_ms=16.575667 paused=false
PRESENT CADENCE frame=1071 interval_ms=0.231500 paused=false
PRESENT CADENCE frame=1072 interval_ms=4.615416 paused=false
PRESENT CADENCE frame=1073 interval_ms=0.358959 paused=false
PRESENT CADENCE frame=1074 interval_ms=8.065916 paused=false
PRESENT CADENCE frame=1075 interval_ms=6.679084 paused=false
PRESENT CADENCE frame=1076 interval_ms=12.369500 paused=false
PRESENT CADENCE frame=1077 interval_ms=9.569791 paused=false
PRESENT CADENCE frame=1078 interval_ms=4.203875 paused=false
PRESENT CADENCE frame=1079 interval_ms=0.197584 paused=false
PRESENT CADENCE frame=1080 interval_ms=10.979541 paused=false
PRESENT CADENCE frame=1081 interval_ms=4.844000 paused=false
PRESENT CADENCE frame=1082 interval_ms=8.206209 paused=false
PRESENT CADENCE frame=1083 interval_ms=10.534250 paused=false
PRESENT CADENCE frame=1084 interval_ms=4.638000 paused=false
PRESENT CADENCE frame=1085 interval_ms=11.475083 paused=false
PRESENT CADENCE frame=1086 interval_ms=1.359708 paused=false
PRESENT CADENCE frame=1087 interval_ms=2.350000 paused=false
PRESENT CADENCE frame=1088 interval_ms=0.258292 paused=false
PRESENT CADENCE frame=1089 interval_ms=7.939500 paused=false
PRESENT CADENCE frame=1090 interval_ms=1.501292 paused=false
PRESENT CADENCE frame=1091 interval_ms=3.374666 paused=false
PRESENT CADENCE frame=1092 interval_ms=18.203000 paused=false
PRESENT CADENCE frame=1093 interval_ms=5.151292 paused=false
PRESENT CADENCE frame=1094 interval_ms=12.118667 paused=false
PRESENT CADENCE frame=1095 interval_ms=0.375166 paused=false
PRESENT CADENCE frame=1096 interval_ms=5.499000 paused=false
PRESENT CADENCE frame=1097 interval_ms=0.271834 paused=false
PRESENT CADENCE frame=1098 interval_ms=11.808375 paused=false
PRESENT CADENCE frame=1099 interval_ms=1.529250 paused=false
PRESENT CADENCE frame=1100 interval_ms=2.947375 paused=false
PRESENT CADENCE frame=1101 interval_ms=9.483125 paused=false
PRESENT CADENCE frame=1102 interval_ms=1.657875 paused=false
PRESENT CADENCE frame=1103 interval_ms=13.204583 paused=false
PRESENT CADENCE frame=1104 interval_ms=0.346125 paused=false
PRESENT CADENCE frame=1105 interval_ms=7.543083 paused=false
PRESENT CADENCE frame=1106 interval_ms=9.170834 paused=false
PRESENT CADENCE frame=1107 interval_ms=6.713583 paused=false
PRESENT CADENCE frame=1108 interval_ms=7.577667 paused=false
PRESENT CADENCE frame=1109 interval_ms=0.243083 paused=false
PRESENT CADENCE frame=1110 interval_ms=3.368625 paused=false
PRESENT CADENCE frame=1111 interval_ms=10.489958 paused=false
PRESENT CADENCE frame=1112 interval_ms=13.252000 paused=false
PRESENT CADENCE frame=1113 interval_ms=0.202834 paused=false
PRESENT CADENCE frame=1114 interval_ms=7.091166 paused=false
PRESENT CADENCE frame=1115 interval_ms=0.218542 paused=false
PRESENT CADENCE frame=1116 interval_ms=8.337125 paused=false
PRESENT CADENCE frame=1117 interval_ms=0.219083 paused=false
PRESENT CADENCE frame=1118 interval_ms=8.509959 paused=false
PRESENT CADENCE frame=1119 interval_ms=10.478833 paused=false
PRESENT CADENCE frame=1120 interval_ms=5.934750 paused=false
PRESENT CADENCE frame=1121 interval_ms=9.135458 paused=false
PRESENT CADENCE frame=1122 interval_ms=0.328667 paused=false
PRESENT CADENCE frame=1123 interval_ms=7.801792 paused=false
PRESENT CADENCE frame=1124 interval_ms=8.461958 paused=false
PRESENT CADENCE frame=1125 interval_ms=4.047167 paused=false
PRESENT CADENCE frame=1126 interval_ms=12.756833 paused=false
PRESENT CADENCE frame=1127 interval_ms=1.147667 paused=false
PRESENT CADENCE frame=1128 interval_ms=0.353208 paused=false
PRESENT CADENCE frame=1129 interval_ms=2.490750 paused=false
PRESENT CADENCE frame=1130 interval_ms=4.874917 paused=false
PRESENT CADENCE frame=1131 interval_ms=0.909833 paused=false
PRESENT CADENCE frame=1132 interval_ms=11.198167 paused=false
PRESENT CADENCE frame=1133 interval_ms=17.658333 paused=false
PRESENT CADENCE frame=1134 interval_ms=0.476000 paused=false
PRESENT CADENCE frame=1135 interval_ms=2.977125 paused=false
PRESENT CADENCE frame=1136 interval_ms=10.677958 paused=false
PRESENT CADENCE frame=1137 interval_ms=11.931125 paused=false
PRESENT CADENCE frame=1138 interval_ms=0.426792 paused=false
PRESENT CADENCE frame=1139 interval_ms=6.510333 paused=false
PRESENT CADENCE frame=1140 interval_ms=9.235875 paused=false
PRESENT CADENCE frame=1141 interval_ms=0.242959 paused=false
PRESENT CADENCE frame=1142 interval_ms=1.867125 paused=false
PRESENT CADENCE frame=1143 interval_ms=5.851583 paused=false
PRESENT CADENCE frame=1144 interval_ms=16.673500 paused=false
PRESENT CADENCE frame=1145 interval_ms=0.286750 paused=false
PRESENT CADENCE frame=1146 interval_ms=11.018292 paused=false
PRESENT CADENCE frame=1147 interval_ms=0.378833 paused=false
PRESENT CADENCE frame=1148 interval_ms=7.511208 paused=false
PRESENT CADENCE frame=1149 interval_ms=8.524500 paused=false
PRESENT CADENCE frame=1150 interval_ms=2.503209 paused=false
PRESENT CADENCE frame=1151 interval_ms=14.478333 paused=false
PRESENT CADENCE frame=1152 interval_ms=2.879083 paused=false
PRESENT CADENCE frame=1153 interval_ms=0.347375 paused=false
PRESENT CADENCE frame=1154 interval_ms=13.296334 paused=false
PRESENT CADENCE frame=1155 interval_ms=0.364791 paused=false
PRESENT CADENCE frame=1156 interval_ms=3.165000 paused=false
PRESENT CADENCE frame=1157 interval_ms=0.252625 paused=false
PRESENT CADENCE frame=1158 interval_ms=11.044459 paused=false
PRESENT CADENCE frame=1159 interval_ms=6.566833 paused=false
PRESENT CADENCE frame=1160 interval_ms=2.665292 paused=false
PRESENT CADENCE frame=1161 interval_ms=12.145541 paused=false
PRESENT CADENCE frame=1162 interval_ms=9.811500 paused=false
PRESENT CADENCE frame=1163 interval_ms=0.355250 paused=false
PRESENT CADENCE frame=1164 interval_ms=11.407375 paused=false
PRESENT CADENCE frame=1165 interval_ms=2.651459 paused=false
PRESENT CADENCE frame=1166 interval_ms=5.874625 paused=false
PRESENT CADENCE frame=1167 interval_ms=0.246958 paused=false
PRESENT CADENCE frame=1168 interval_ms=11.477333 paused=false
PRESENT CADENCE frame=1169 interval_ms=0.246125 paused=false
PRESENT CADENCE frame=1170 interval_ms=4.291000 paused=false
PRESENT CADENCE frame=1171 interval_ms=0.308125 paused=false
PRESENT CADENCE frame=1172 interval_ms=11.974375 paused=false
PRESENT CADENCE frame=1173 interval_ms=5.080250 paused=false
PRESENT CADENCE frame=1174 interval_ms=10.464167 paused=false
PRESENT CADENCE frame=1175 interval_ms=12.965208 paused=false
PRESENT CADENCE frame=1176 interval_ms=0.623500 paused=false
PRESENT CADENCE frame=1177 interval_ms=6.637292 paused=false
PRESENT CADENCE frame=1178 interval_ms=0.323833 paused=false
PRESENT CADENCE frame=1179 interval_ms=8.237834 paused=false
PRESENT CADENCE frame=1180 interval_ms=0.302125 paused=false
PRESENT CADENCE frame=1181 interval_ms=5.867125 paused=false
PRESENT CADENCE frame=1182 interval_ms=8.357666 paused=false
PRESENT CADENCE frame=1183 interval_ms=16.910000 paused=false
PRESENT CADENCE frame=1184 interval_ms=0.414209 paused=false
PRESENT CADENCE frame=1185 interval_ms=4.857791 paused=false
PRESENT CADENCE frame=1186 interval_ms=0.275125 paused=false
PRESENT CADENCE frame=1187 interval_ms=12.367709 paused=false
PRESENT CADENCE frame=1188 interval_ms=0.464125 paused=false
PRESENT CADENCE frame=1189 interval_ms=4.942083 paused=false
PRESENT CADENCE frame=1190 interval_ms=11.801917 paused=false
PRESENT CADENCE frame=1191 interval_ms=15.573166 paused=false
PRESENT CADENCE frame=1192 interval_ms=0.535042 paused=false
PRESENT CADENCE frame=1193 interval_ms=3.868875 paused=false
PRESENT CADENCE frame=1194 interval_ms=0.240458 paused=false
PRESENT CADENCE frame=1195 interval_ms=9.790375 paused=false
PRESENT CADENCE frame=1196 interval_ms=0.412417 paused=false
PRESENT CADENCE frame=1197 interval_ms=9.758250 paused=false
PRESENT CADENCE frame=1198 interval_ms=13.286292 paused=false
PRESENT CADENCE frame=1199 interval_ms=0.241791 paused=false
PRESENT CADENCE frame=1200 interval_ms=7.365834 paused=false
PRESENT CADENCE frame=1201 interval_ms=0.282875 paused=false
PRESENT CADENCE frame=1202 interval_ms=8.423458 paused=false
PRESENT CADENCE frame=1203 interval_ms=0.220708 paused=false
PRESENT CADENCE frame=1204 interval_ms=6.318167 paused=false
PRESENT CADENCE frame=1205 interval_ms=9.155833 paused=false
PRESENT CADENCE frame=1206 interval_ms=7.915667 paused=false
PRESENT CADENCE frame=1207 interval_ms=7.999375 paused=false
PRESENT CADENCE frame=1208 interval_ms=0.367875 paused=false
PRESENT CADENCE frame=1209 interval_ms=3.116000 paused=false
PRESENT CADENCE frame=1210 interval_ms=14.852542 paused=false
PRESENT CADENCE frame=1211 interval_ms=7.806375 paused=false
PRESENT CADENCE frame=1212 interval_ms=0.426708 paused=false
PRESENT CADENCE frame=1213 interval_ms=5.128208 paused=false
PRESENT CADENCE frame=1214 interval_ms=0.284625 paused=false
PRESENT CADENCE frame=1215 interval_ms=7.432584 paused=false
PRESENT CADENCE frame=1216 interval_ms=11.636625 paused=false
PRESENT CADENCE frame=1217 interval_ms=17.640250 paused=false
PRESENT CADENCE frame=1218 interval_ms=0.488875 paused=false
PRESENT CADENCE frame=1219 interval_ms=4.544375 paused=false
PRESENT CADENCE frame=1220 interval_ms=0.274500 paused=false
PRESENT CADENCE frame=1221 interval_ms=12.598333 paused=false
PRESENT CADENCE frame=1222 interval_ms=1.652792 paused=false
PRESENT CADENCE frame=1223 interval_ms=3.168625 paused=false
PRESENT CADENCE frame=1224 interval_ms=12.058666 paused=false
PRESENT CADENCE frame=1225 interval_ms=14.670584 paused=false
PRESENT CADENCE frame=1226 interval_ms=0.707208 paused=false
PRESENT CADENCE frame=1227 interval_ms=4.270667 paused=false
PRESENT CADENCE frame=1228 interval_ms=0.474708 paused=false
PRESENT CADENCE frame=1229 interval_ms=7.248708 paused=false
PRESENT CADENCE frame=1230 interval_ms=7.227334 paused=false
PRESENT CADENCE frame=1231 interval_ms=10.158458 paused=false
PRESENT CADENCE frame=1232 interval_ms=5.015083 paused=false
PRESENT CADENCE frame=1233 interval_ms=8.240667 paused=false
PRESENT CADENCE frame=1234 interval_ms=0.336500 paused=false
PRESENT CADENCE frame=1235 interval_ms=3.364375 paused=false
PRESENT CADENCE frame=1236 interval_ms=11.023333 paused=false
PRESENT CADENCE frame=1237 interval_ms=15.770500 paused=false
PRESENT CADENCE frame=1238 interval_ms=0.468792 paused=false
PRESENT CADENCE frame=1239 interval_ms=0.312917 paused=false
PRESENT CADENCE frame=1240 interval_ms=0.137250 paused=false
PRESENT CADENCE frame=1241 interval_ms=2.812875 paused=false
PRESENT CADENCE frame=1242 interval_ms=13.434500 paused=false
PRESENT CADENCE frame=1243 interval_ms=18.001250 paused=false
PRESENT CADENCE frame=1244 interval_ms=0.531166 paused=false
PRESENT CADENCE frame=1245 interval_ms=6.464750 paused=false
PRESENT CADENCE frame=1246 interval_ms=1.479750 paused=false
PRESENT CADENCE frame=1247 interval_ms=0.894000 paused=false
PRESENT CADENCE frame=1248 interval_ms=10.756959 paused=false
PRESENT CADENCE frame=1249 interval_ms=17.502166 paused=false
PRESENT CADENCE frame=1250 interval_ms=0.636042 paused=false
PRESENT CADENCE frame=1251 interval_ms=4.398875 paused=false
PRESENT CADENCE frame=1252 interval_ms=12.324708 paused=false
PRESENT CADENCE frame=1253 interval_ms=2.207292 paused=false
PRESENT CADENCE frame=1254 interval_ms=2.635583 paused=false
PRESENT CADENCE frame=1255 interval_ms=0.200209 paused=false
PRESENT CADENCE frame=1256 interval_ms=12.412375 paused=false
PRESENT CADENCE frame=1257 interval_ms=5.238666 paused=false
PRESENT CADENCE frame=1258 interval_ms=11.308125 paused=false
PRESENT CADENCE frame=1259 interval_ms=3.859875 paused=false
PRESENT CADENCE frame=1260 interval_ms=8.875209 paused=false
PRESENT CADENCE frame=1261 interval_ms=0.201750 paused=false
PRESENT CADENCE frame=1262 interval_ms=6.548583 paused=false
PRESENT CADENCE frame=1263 interval_ms=8.452583 paused=false
PRESENT CADENCE frame=1264 interval_ms=10.880292 paused=false
PRESENT CADENCE frame=1265 interval_ms=12.067583 paused=false
PRESENT CADENCE frame=1266 interval_ms=0.415834 paused=false
PRESENT CADENCE frame=1267 interval_ms=4.713250 paused=false
PRESENT CADENCE frame=1268 interval_ms=7.200083 paused=false
PRESENT CADENCE frame=1269 interval_ms=6.239500 paused=false
PRESENT CADENCE frame=1270 interval_ms=5.401875 paused=false
PRESENT CADENCE frame=1271 interval_ms=3.354125 paused=false
PRESENT CADENCE frame=1272 interval_ms=12.534792 paused=false
PRESENT CADENCE frame=1273 interval_ms=10.484000 paused=false
PRESENT CADENCE frame=1274 interval_ms=5.020125 paused=false
PRESENT CADENCE frame=1275 interval_ms=12.314458 paused=false
PRESENT CADENCE frame=1276 interval_ms=0.412708 paused=false
PRESENT CADENCE frame=1277 interval_ms=4.267167 paused=false
PRESENT CADENCE frame=1278 interval_ms=2.211042 paused=false
PRESENT CADENCE frame=1279 interval_ms=3.308750 paused=false
PRESENT CADENCE frame=1280 interval_ms=12.473750 paused=false
PRESENT CADENCE frame=1281 interval_ms=18.885625 paused=false
PRESENT CADENCE frame=1282 interval_ms=0.508333 paused=false
PRESENT CADENCE frame=1283 interval_ms=4.791125 paused=false
PRESENT CADENCE frame=1284 interval_ms=0.328125 paused=false
PRESENT CADENCE frame=1285 interval_ms=11.670250 paused=false
PRESENT CADENCE frame=1286 interval_ms=8.117083 paused=false
PRESENT CADENCE frame=1287 interval_ms=0.409250 paused=false
PRESENT CADENCE frame=1288 interval_ms=2.334584 paused=false
PRESENT CADENCE frame=1289 interval_ms=5.087416 paused=false
PRESENT CADENCE frame=1290 interval_ms=17.755125 paused=false
PRESENT CADENCE frame=1291 interval_ms=2.326500 paused=false
PRESENT CADENCE frame=1292 interval_ms=8.709625 paused=false
PRESENT CADENCE frame=1293 interval_ms=7.712250 paused=false
PRESENT CADENCE frame=1294 interval_ms=12.937125 paused=false
PRESENT CADENCE frame=1295 interval_ms=0.244500 paused=false
PRESENT CADENCE frame=1296 interval_ms=3.242042 paused=false
PRESENT CADENCE frame=1297 interval_ms=11.440958 paused=false
PRESENT CADENCE frame=1298 interval_ms=4.928750 paused=false
PRESENT CADENCE frame=1299 interval_ms=13.710667 paused=false
PRESENT CADENCE frame=1300 interval_ms=0.464208 paused=false
PRESENT CADENCE frame=1301 interval_ms=12.454917 paused=false
PRESENT CADENCE frame=1302 interval_ms=0.374833 paused=false
PRESENT CADENCE frame=1303 interval_ms=3.532125 paused=false
PRESENT CADENCE frame=1304 interval_ms=0.235584 paused=false
PRESENT CADENCE frame=1305 interval_ms=3.627833 paused=false
PRESENT CADENCE frame=1306 interval_ms=13.715125 paused=false
PRESENT CADENCE frame=1307 interval_ms=14.909625 paused=false
PRESENT CADENCE frame=1308 interval_ms=0.441917 paused=false
PRESENT CADENCE frame=1309 interval_ms=1.945125 paused=false
PRESENT CADENCE frame=1310 interval_ms=15.209333 paused=false
PRESENT CADENCE frame=1311 interval_ms=0.212750 paused=false
PRESENT CADENCE frame=1312 interval_ms=4.140833 paused=false
PRESENT CADENCE frame=1313 interval_ms=10.110084 paused=false
FULL MODEL WORKER work_ms=2506.834 physics_ms=1372.638 mesh_ms=515.763 partition_ms=26.814 streams_ms=591.618
FULL MODEL CPU UPLOAD stage_ms=39.772
PRESENT CADENCE frame=1314 interval_ms=40.414333 paused=false
PRESENT CADENCE frame=1315 interval_ms=1.164750 paused=false
PRESENT CADENCE frame=1316 interval_ms=10.987958 paused=false
PRESENT CADENCE frame=1317 interval_ms=0.409542 paused=false
PRESENT CADENCE frame=1318 interval_ms=4.625667 paused=false
PRESENT CADENCE frame=1319 interval_ms=11.341208 paused=false
PRESENT CADENCE frame=1320 interval_ms=13.652333 paused=false
PRESENT CADENCE frame=1321 interval_ms=0.452667 paused=false
PRESENT CADENCE frame=1322 interval_ms=7.766875 paused=false
PRESENT CADENCE frame=1323 interval_ms=1.461958 paused=false
PRESENT CADENCE frame=1324 interval_ms=1.053875 paused=false
PRESENT CADENCE frame=1325 interval_ms=7.196000 paused=false
PRESENT CADENCE frame=1326 interval_ms=10.404042 paused=false
PRESENT CADENCE frame=1327 interval_ms=5.016125 paused=false
PRESENT CADENCE frame=1328 interval_ms=12.812917 paused=false
PRESENT CADENCE frame=1329 interval_ms=4.644833 paused=false
PRESENT CADENCE frame=1330 interval_ms=0.288625 paused=false
PRESENT CADENCE frame=1331 interval_ms=2.667708 paused=false
PRESENT CADENCE frame=1332 interval_ms=4.851875 paused=false
PRESENT CADENCE frame=1333 interval_ms=12.251792 paused=false
PRESENT CADENCE frame=1334 interval_ms=5.359125 paused=false
PRESENT CADENCE frame=1335 interval_ms=9.164833 paused=false
PRESENT CADENCE frame=1336 interval_ms=8.912292 paused=false
PRESENT CADENCE frame=1337 interval_ms=0.406375 paused=false
PRESENT CADENCE frame=1338 interval_ms=3.485417 paused=false
PRESENT CADENCE frame=1339 interval_ms=0.299208 paused=false
PRESENT CADENCE frame=1340 interval_ms=10.307042 paused=false
PRESENT CADENCE frame=1341 interval_ms=3.754666 paused=false
PRESENT CADENCE frame=1342 interval_ms=9.203625 paused=false
PRESENT CADENCE frame=1343 interval_ms=6.289292 paused=false
PRESENT CADENCE frame=1344 interval_ms=10.208708 paused=false
PRESENT CADENCE frame=1345 interval_ms=5.561084 paused=false
PRESENT CADENCE frame=1346 interval_ms=0.246125 paused=false
PRESENT CADENCE frame=1347 interval_ms=7.928625 paused=false
PRESENT CADENCE frame=1348 interval_ms=0.196500 paused=false
PRESENT CADENCE frame=1349 interval_ms=4.084666 paused=false
PRESENT CADENCE frame=1350 interval_ms=8.293959 paused=false
PRESENT CADENCE frame=1351 interval_ms=2.341625 paused=false
PRESENT CADENCE frame=1352 interval_ms=11.710791 paused=false
PRESENT CADENCE frame=1353 interval_ms=14.687250 paused=false
PRESENT CADENCE frame=1354 interval_ms=0.246584 paused=false
PRESENT CADENCE frame=1355 interval_ms=10.607583 paused=false
PRESENT CADENCE frame=1356 interval_ms=16.544292 paused=false
PRESENT CADENCE frame=1357 interval_ms=0.440250 paused=false
PRESENT CADENCE frame=1358 interval_ms=5.432208 paused=false
PRESENT CADENCE frame=1359 interval_ms=0.320625 paused=false
PRESENT CADENCE frame=1360 interval_ms=16.424167 paused=false
PRESENT CADENCE frame=1361 interval_ms=5.160708 paused=false
PRESENT CADENCE frame=1362 interval_ms=0.286167 paused=false
PRESENT CADENCE frame=1363 interval_ms=10.208375 paused=false
PRESENT CADENCE frame=1364 interval_ms=4.557250 paused=false
PRESENT CADENCE frame=1365 interval_ms=12.124541 paused=false
PRESENT CADENCE frame=1366 interval_ms=0.259959 paused=false
PRESENT CADENCE frame=1367 interval_ms=3.750375 paused=false
PRESENT CADENCE frame=1368 interval_ms=0.231291 paused=false
PRESENT CADENCE frame=1369 interval_ms=7.853250 paused=false
PRESENT CADENCE frame=1370 interval_ms=7.359500 paused=false
PRESENT CADENCE frame=1371 interval_ms=15.085917 paused=false
PRESENT CADENCE frame=1372 interval_ms=0.231417 paused=false
PRESENT CADENCE frame=1373 interval_ms=9.150250 paused=false
PRESENT CADENCE frame=1374 interval_ms=0.251541 paused=false
PRESENT CADENCE frame=1375 interval_ms=2.812792 paused=false
PRESENT CADENCE frame=1376 interval_ms=13.735542 paused=false
PRESENT CADENCE frame=1377 interval_ms=4.017083 paused=false
PRESENT CADENCE frame=1378 interval_ms=12.666708 paused=false
PRESENT CADENCE frame=1379 interval_ms=1.704375 paused=false
PRESENT CADENCE frame=1380 interval_ms=1.084417 paused=false
PRESENT CADENCE frame=1381 interval_ms=0.184125 paused=false
PRESENT CADENCE frame=1382 interval_ms=12.456500 paused=false
PRESENT CADENCE frame=1383 interval_ms=11.157417 paused=false
PRESENT CADENCE frame=1384 interval_ms=0.241041 paused=false
PRESENT CADENCE frame=1385 interval_ms=8.283834 paused=false
PRESENT CADENCE frame=1386 interval_ms=0.232916 paused=false
PRESENT CADENCE frame=1387 interval_ms=9.743750 paused=false
PRESENT CADENCE frame=1388 interval_ms=0.445000 paused=false
PRESENT CADENCE frame=1389 interval_ms=7.544125 paused=false
PRESENT CADENCE frame=1390 interval_ms=11.516625 paused=false
PRESENT CADENCE frame=1391 interval_ms=1.232500 paused=false
PRESENT CADENCE frame=1392 interval_ms=9.081250 paused=false
PRESENT CADENCE frame=1393 interval_ms=0.340667 paused=false
PRESENT CADENCE frame=1394 interval_ms=3.797875 paused=false
PRESENT CADENCE frame=1395 interval_ms=0.245917 paused=false
PRESENT CADENCE frame=1396 interval_ms=4.113791 paused=false
PRESENT CADENCE frame=1397 interval_ms=10.084709 paused=false
PRESENT CADENCE frame=1398 interval_ms=12.203916 paused=false
PRESENT CADENCE frame=1399 interval_ms=0.945875 paused=false
PRESENT CADENCE frame=1400 interval_ms=5.345084 paused=false
PRESENT CADENCE frame=1401 interval_ms=6.870541 paused=false
PRESENT CADENCE frame=1402 interval_ms=3.478042 paused=false
PRESENT CADENCE frame=1403 interval_ms=10.203917 paused=false
PRESENT CADENCE frame=1404 interval_ms=7.767625 paused=false
PRESENT CADENCE frame=1405 interval_ms=0.356666 paused=false
PRESENT CADENCE frame=1406 interval_ms=3.202584 paused=false
PRESENT CADENCE frame=1407 interval_ms=9.034375 paused=false
PRESENT CADENCE frame=1408 interval_ms=12.764500 paused=false
PRESENT CADENCE frame=1409 interval_ms=0.262083 paused=false
PRESENT CADENCE frame=1410 interval_ms=8.500750 paused=false
PRESENT CADENCE frame=1411 interval_ms=8.409417 paused=false
PRESENT CADENCE frame=1412 interval_ms=0.476000 paused=false
PRESENT CADENCE frame=1413 interval_ms=5.151666 paused=false
PRESENT CADENCE frame=1414 interval_ms=0.270250 paused=false
PRESENT CADENCE frame=1415 interval_ms=11.193417 paused=false
PRESENT CADENCE frame=1416 interval_ms=3.152000 paused=false
PRESENT CADENCE frame=1417 interval_ms=7.510917 paused=false
PRESENT CADENCE frame=1418 interval_ms=9.702416 paused=false
PRESENT CADENCE frame=1419 interval_ms=5.654042 paused=false
PRESENT CADENCE frame=1420 interval_ms=0.402542 paused=false
PRESENT CADENCE frame=1421 interval_ms=8.986041 paused=false
PRESENT CADENCE frame=1422 interval_ms=5.189000 paused=false
PRESENT CADENCE frame=1423 interval_ms=9.198000 paused=false
PRESENT CADENCE frame=1424 interval_ms=0.314084 paused=false
PRESENT CADENCE frame=1425 interval_ms=7.042250 paused=false
PRESENT CADENCE frame=1426 interval_ms=9.409375 paused=false
PRESENT CADENCE frame=1427 interval_ms=0.229208 paused=false
PRESENT CADENCE frame=1428 interval_ms=4.745458 paused=false
PRESENT CADENCE frame=1429 interval_ms=4.604292 paused=false
PRESENT CADENCE frame=1430 interval_ms=9.423167 paused=false
PRESENT CADENCE frame=1431 interval_ms=7.264458 paused=false
PRESENT CADENCE frame=1432 interval_ms=8.768375 paused=false
PRESENT CADENCE frame=1433 interval_ms=0.207333 paused=false
PRESENT CADENCE frame=1434 interval_ms=5.890000 paused=false
PRESENT CADENCE frame=1435 interval_ms=8.872542 paused=false
PRESENT CADENCE frame=1436 interval_ms=0.343292 paused=false
PRESENT CADENCE frame=1437 interval_ms=4.773625 paused=false
PRESENT CADENCE frame=1438 interval_ms=0.290583 paused=false
PRESENT CADENCE frame=1439 interval_ms=11.224667 paused=false
PRESENT CADENCE frame=1440 interval_ms=8.262458 paused=false
PRESENT CADENCE frame=1441 interval_ms=2.883792 paused=false
PRESENT CADENCE frame=1442 interval_ms=4.884541 paused=false
PRESENT CADENCE frame=1443 interval_ms=0.189917 paused=false
PRESENT CADENCE frame=1444 interval_ms=7.624083 paused=false
PRESENT CADENCE frame=1445 interval_ms=4.813250 paused=false
PRESENT CADENCE frame=1446 interval_ms=12.031167 paused=false
PRESENT CADENCE frame=1447 interval_ms=9.462167 paused=false
PRESENT CADENCE frame=1448 interval_ms=1.860625 paused=false
PRESENT CADENCE frame=1449 interval_ms=5.433291 paused=false
PRESENT CADENCE frame=1450 interval_ms=8.090167 paused=false
PRESENT CADENCE frame=1451 interval_ms=8.321458 paused=false
PRESENT CADENCE frame=1452 interval_ms=8.710667 paused=false
PRESENT CADENCE frame=1453 interval_ms=0.219333 paused=false
PRESENT CADENCE frame=1454 interval_ms=12.580459 paused=false
PRESENT CADENCE frame=1455 interval_ms=0.227500 paused=false
PRESENT CADENCE frame=1456 interval_ms=6.384583 paused=false
PRESENT CADENCE frame=1457 interval_ms=0.255792 paused=false
PRESENT CADENCE frame=1458 interval_ms=11.353083 paused=false
PRESENT CADENCE frame=1459 interval_ms=4.798375 paused=false
PRESENT CADENCE frame=1460 interval_ms=6.478292 paused=false
PRESENT CADENCE frame=1461 interval_ms=6.871541 paused=false
PRESENT CADENCE frame=1462 interval_ms=5.720334 paused=false
PRESENT CADENCE frame=1463 interval_ms=0.247458 paused=false
PRESENT CADENCE frame=1464 interval_ms=11.390208 paused=false
PRESENT CADENCE frame=1465 interval_ms=0.244959 paused=false
PRESENT CADENCE frame=1466 interval_ms=4.664000 paused=false
PRESENT CADENCE frame=1467 interval_ms=0.199000 paused=false
PRESENT CADENCE frame=1468 interval_ms=6.812208 paused=false
PRESENT CADENCE frame=1469 interval_ms=7.818917 paused=false
PRESENT CADENCE frame=1470 interval_ms=15.636583 paused=false
PRESENT CADENCE frame=1471 interval_ms=0.382625 paused=false
PRESENT CADENCE frame=1472 interval_ms=4.973542 paused=false
PRESENT CADENCE frame=1473 interval_ms=0.265958 paused=false
PRESENT CADENCE frame=1474 interval_ms=6.138583 paused=false
PRESENT CADENCE frame=1475 interval_ms=7.181959 paused=false
PRESENT CADENCE frame=1476 interval_ms=7.610083 paused=false
PRESENT CADENCE frame=1477 interval_ms=3.904750 paused=false
PRESENT CADENCE frame=1478 interval_ms=9.811083 paused=false
PRESENT CADENCE frame=1479 interval_ms=8.579334 paused=false
PRESENT CADENCE frame=1480 interval_ms=0.415750 paused=false
PRESENT CADENCE frame=1481 interval_ms=6.378916 paused=false
PRESENT CADENCE frame=1482 interval_ms=14.038625 paused=false
PRESENT CADENCE frame=1483 interval_ms=0.360417 paused=false
PRESENT CADENCE frame=1484 interval_ms=7.288958 paused=false
PRESENT CADENCE frame=1485 interval_ms=0.255834 paused=false
PRESENT CADENCE frame=1486 interval_ms=11.959875 paused=false
PRESENT CADENCE frame=1487 interval_ms=0.679708 paused=false
PRESENT CADENCE frame=1488 interval_ms=7.746583 paused=false
PRESENT CADENCE frame=1489 interval_ms=0.214209 paused=false
PRESENT CADENCE frame=1490 interval_ms=3.994208 paused=false
PRESENT CADENCE frame=1491 interval_ms=3.917333 paused=false
PRESENT CADENCE frame=1492 interval_ms=8.568750 paused=false
PRESENT CADENCE frame=1493 interval_ms=8.123792 paused=false
PRESENT CADENCE frame=1494 interval_ms=8.483292 paused=false
PRESENT CADENCE frame=1495 interval_ms=3.511708 paused=false
PRESENT CADENCE frame=1496 interval_ms=0.400292 paused=false
PRESENT CADENCE frame=1497 interval_ms=4.368875 paused=false
PRESENT CADENCE frame=1498 interval_ms=8.507041 paused=false
PRESENT CADENCE frame=1499 interval_ms=7.391584 paused=false
PRESENT CADENCE frame=1500 interval_ms=1.465416 paused=false
PRESENT CADENCE frame=1501 interval_ms=7.565542 paused=false
PRESENT CADENCE frame=1502 interval_ms=16.893083 paused=false
PRESENT CADENCE frame=1503 interval_ms=0.264542 paused=false
PRESENT CADENCE frame=1504 interval_ms=5.090625 paused=false
PRESENT CADENCE frame=1505 interval_ms=0.240125 paused=false
PRESENT CADENCE frame=1506 interval_ms=3.526917 paused=false
PRESENT CADENCE frame=1507 interval_ms=8.562541 paused=false
PRESENT CADENCE frame=1508 interval_ms=14.279167 paused=false
PRESENT CADENCE frame=1509 interval_ms=2.414708 paused=false
PRESENT CADENCE frame=1510 interval_ms=5.540334 paused=false
PRESENT CADENCE frame=1511 interval_ms=4.690833 paused=false
PRESENT CADENCE frame=1512 interval_ms=10.809458 paused=false
PRESENT CADENCE frame=1513 interval_ms=3.746875 paused=false
PRESENT CADENCE frame=1514 interval_ms=8.484084 paused=false
PRESENT CADENCE frame=1515 interval_ms=0.357166 paused=false
PRESENT CADENCE frame=1516 interval_ms=6.912625 paused=false
PRESENT CADENCE frame=1517 interval_ms=8.286792 paused=false
PRESENT CADENCE frame=1518 interval_ms=0.402917 paused=false
PRESENT CADENCE frame=1519 interval_ms=8.988916 paused=false
PRESENT CADENCE frame=1520 interval_ms=5.611459 paused=false
PRESENT CADENCE frame=1521 interval_ms=11.920708 paused=false
PRESENT CADENCE frame=1522 interval_ms=5.027750 paused=false
PRESENT CADENCE frame=1523 interval_ms=0.234583 paused=false
PRESENT CADENCE frame=1524 interval_ms=10.373500 paused=false
PRESENT CADENCE frame=1525 interval_ms=0.189917 paused=false
PRESENT CADENCE frame=1526 interval_ms=5.045167 paused=false
PRESENT CADENCE frame=1527 interval_ms=11.859041 paused=false
PRESENT CADENCE frame=1528 interval_ms=0.419792 paused=false
PRESENT CADENCE frame=1529 interval_ms=5.160542 paused=false
PRESENT CADENCE frame=1530 interval_ms=0.343125 paused=false
PRESENT CADENCE frame=1531 interval_ms=11.139625 paused=false
PRESENT CADENCE frame=1532 interval_ms=6.000291 paused=false
PRESENT CADENCE frame=1533 interval_ms=12.593375 paused=false
PRESENT CADENCE frame=1534 interval_ms=2.494542 paused=false
PRESENT CADENCE frame=1535 interval_ms=2.214708 paused=false
PRESENT CADENCE frame=1536 interval_ms=0.311709 paused=false
PRESENT CADENCE frame=1537 interval_ms=10.893916 paused=false
PRESENT CADENCE frame=1538 interval_ms=7.112625 paused=false
PRESENT CADENCE frame=1539 interval_ms=16.286959 paused=false
PRESENT CADENCE frame=1540 interval_ms=0.465125 paused=false
PRESENT CADENCE frame=1541 interval_ms=3.610250 paused=false
PRESENT CADENCE frame=1542 interval_ms=0.492833 paused=false
PRESENT CADENCE frame=1543 interval_ms=11.856000 paused=false
PRESENT CADENCE frame=1544 interval_ms=7.798417 paused=false
PRESENT CADENCE frame=1545 interval_ms=0.223458 paused=false
PRESENT CADENCE frame=1546 interval_ms=10.986000 paused=false
PRESENT CADENCE frame=1547 interval_ms=5.133583 paused=false
PRESENT CADENCE frame=1548 interval_ms=0.759917 paused=false
PRESENT CADENCE frame=1549 interval_ms=10.727875 paused=false
PRESENT CADENCE frame=1550 interval_ms=4.960208 paused=false
PRESENT CADENCE frame=1551 interval_ms=0.352334 paused=false
PRESENT CADENCE frame=1552 interval_ms=11.993875 paused=false
PRESENT CADENCE frame=1553 interval_ms=2.052625 paused=false
PRESENT CADENCE frame=1554 interval_ms=2.298291 paused=false
PRESENT CADENCE frame=1555 interval_ms=0.265834 paused=false
PRESENT CADENCE frame=1556 interval_ms=11.994125 paused=false
PRESENT CADENCE frame=1557 interval_ms=4.384958 paused=false
PRESENT CADENCE frame=1558 interval_ms=9.296833 paused=false
PRESENT CADENCE frame=1559 interval_ms=0.227917 paused=false
PRESENT CADENCE frame=1560 interval_ms=7.057458 paused=false
PRESENT CADENCE frame=1561 interval_ms=8.430792 paused=false
PRESENT CADENCE frame=1562 interval_ms=9.189750 paused=false
PRESENT CADENCE frame=1563 interval_ms=8.792250 paused=false
PRESENT CADENCE frame=1564 interval_ms=0.404583 paused=false
PRESENT CADENCE frame=1565 interval_ms=12.836292 paused=false
PRESENT CADENCE frame=1566 interval_ms=0.380875 paused=false
PRESENT CADENCE frame=1567 interval_ms=5.645833 paused=false
PRESENT CADENCE frame=1568 interval_ms=0.437667 paused=false
PRESENT CADENCE frame=1569 interval_ms=13.249125 paused=false
PRESENT CADENCE frame=1570 interval_ms=0.336458 paused=false
PRESENT CADENCE frame=1571 interval_ms=9.799292 paused=false
PRESENT CADENCE frame=1572 interval_ms=0.464125 paused=false
PRESENT CADENCE frame=1573 interval_ms=8.097292 paused=false
PRESENT CADENCE frame=1574 interval_ms=10.032125 paused=false
PRESENT CADENCE frame=1575 interval_ms=1.588666 paused=false
PRESENT CADENCE frame=1576 interval_ms=6.454792 paused=false
PRESENT CADENCE frame=1577 interval_ms=0.239958 paused=false
PRESENT CADENCE frame=1578 interval_ms=14.786875 paused=false
PRESENT CADENCE frame=1579 interval_ms=0.826292 paused=false
PRESENT CADENCE frame=1580 interval_ms=3.674333 paused=false
PRESENT CADENCE frame=1581 interval_ms=0.208417 paused=false
PRESENT CADENCE frame=1582 interval_ms=12.017083 paused=false
PRESENT CADENCE frame=1583 interval_ms=7.278917 paused=false
PRESENT CADENCE frame=1584 interval_ms=0.537542 paused=false
PRESENT CADENCE frame=1585 interval_ms=3.414041 paused=false
PRESENT CADENCE frame=1586 interval_ms=11.024584 paused=false
PRESENT CADENCE frame=1587 interval_ms=11.869875 paused=false
PRESENT CADENCE frame=1588 interval_ms=0.572666 paused=false
PRESENT CADENCE frame=1589 interval_ms=7.716750 paused=false
PRESENT CADENCE frame=1590 interval_ms=0.358584 paused=false
PRESENT CADENCE frame=1591 interval_ms=6.813916 paused=false
PRESENT CADENCE frame=1592 interval_ms=0.366250 paused=false
PRESENT CADENCE frame=1593 interval_ms=7.562292 paused=false
PRESENT CADENCE frame=1594 interval_ms=7.256667 paused=false
PRESENT CADENCE frame=1595 interval_ms=9.650791 paused=false
PRESENT CADENCE frame=1596 interval_ms=7.010834 paused=false
PRESENT CADENCE frame=1597 interval_ms=0.236916 paused=false
PRESENT CADENCE frame=1598 interval_ms=9.429500 paused=false
PRESENT CADENCE frame=1599 interval_ms=0.296709 paused=false
PRESENT CADENCE frame=1600 interval_ms=7.207791 paused=false
PRESENT CADENCE frame=1601 interval_ms=0.270292 paused=false
PRESENT CADENCE frame=1602 interval_ms=2.334667 paused=false
PRESENT CADENCE frame=1603 interval_ms=13.195375 paused=false
PRESENT CADENCE frame=1604 interval_ms=9.154291 paused=false
PRESENT CADENCE frame=1605 interval_ms=7.103792 paused=false
PRESENT CADENCE frame=1606 interval_ms=0.463042 paused=false
PRESENT CADENCE frame=1607 interval_ms=9.113916 paused=false
PRESENT CADENCE frame=1608 interval_ms=0.296084 paused=false
PRESENT CADENCE frame=1609 interval_ms=7.484166 paused=false
PRESENT CADENCE frame=1610 interval_ms=9.583250 paused=false
PRESENT CADENCE frame=1611 interval_ms=7.814834 paused=false
PRESENT CADENCE frame=1612 interval_ms=9.769791 paused=false
PRESENT CADENCE frame=1613 interval_ms=0.326834 paused=false
PRESENT CADENCE frame=1614 interval_ms=4.191375 paused=false
PRESENT CADENCE frame=1615 interval_ms=8.395125 paused=false
PRESENT CADENCE frame=1616 interval_ms=2.897500 paused=false
PRESENT CADENCE frame=1617 interval_ms=11.145500 paused=false
PRESENT CADENCE frame=1618 interval_ms=4.786541 paused=false
PRESENT CADENCE frame=1619 interval_ms=0.212125 paused=false
PRESENT CADENCE frame=1620 interval_ms=11.881500 paused=false
PRESENT CADENCE frame=1621 interval_ms=8.722584 paused=false
PRESENT CADENCE frame=1622 interval_ms=0.382666 paused=false
PRESENT CADENCE frame=1623 interval_ms=1.661584 paused=false
PRESENT CADENCE frame=1624 interval_ms=0.280375 paused=false
PRESENT CADENCE frame=1625 interval_ms=2.002041 paused=false
PRESENT CADENCE frame=1626 interval_ms=15.101292 paused=false
PRESENT CADENCE frame=1627 interval_ms=10.259708 paused=false
PRESENT CADENCE frame=1628 interval_ms=11.945292 paused=false
PRESENT CADENCE frame=1629 interval_ms=0.400000 paused=false
PRESENT CADENCE frame=1630 interval_ms=4.449750 paused=false
PRESENT CADENCE frame=1631 interval_ms=7.265625 paused=false
PRESENT CADENCE frame=1632 interval_ms=0.362125 paused=false
PRESENT CADENCE frame=1633 interval_ms=5.170750 paused=false
PRESENT CADENCE frame=1634 interval_ms=0.305792 paused=false
PRESENT CADENCE frame=1635 interval_ms=8.623666 paused=false
PRESENT CADENCE frame=1636 interval_ms=7.543292 paused=false
PRESENT CADENCE frame=1637 interval_ms=8.317458 paused=false
PRESENT CADENCE frame=1638 interval_ms=7.613875 paused=false
PRESENT CADENCE frame=1639 interval_ms=4.685792 paused=false
PRESENT CADENCE frame=1640 interval_ms=5.181792 paused=false
PRESENT CADENCE frame=1641 interval_ms=2.671375 paused=false
PRESENT CADENCE frame=1642 interval_ms=14.016583 paused=false
PRESENT CADENCE frame=1643 interval_ms=4.125375 paused=false
PRESENT CADENCE frame=1644 interval_ms=7.511083 paused=false
PRESENT CADENCE frame=1645 interval_ms=0.248084 paused=false
PRESENT CADENCE frame=1646 interval_ms=0.651541 paused=false
PRESENT CADENCE frame=1647 interval_ms=0.366417 paused=false
PRESENT CADENCE frame=1648 interval_ms=8.549375 paused=false
PRESENT CADENCE frame=1649 interval_ms=4.359917 paused=false
PRESENT CADENCE frame=1650 interval_ms=20.477166 paused=false
FULL MODEL WORKER work_ms=1964.660 physics_ms=1011.399 mesh_ms=420.182 partition_ms=28.618 streams_ms=504.462
FULL MODEL CPU UPLOAD stage_ms=39.550
PRESENT CADENCE frame=1651 interval_ms=40.031209 paused=false
PRESENT CADENCE frame=1652 interval_ms=1.854583 paused=false
PRESENT CADENCE frame=1653 interval_ms=15.499375 paused=false
PRESENT CADENCE frame=1654 interval_ms=8.247500 paused=false
PRESENT CADENCE frame=1655 interval_ms=0.909875 paused=false
PRESENT CADENCE frame=1656 interval_ms=3.746250 paused=false
PRESENT CADENCE frame=1657 interval_ms=0.321125 paused=false
PRESENT CADENCE frame=1658 interval_ms=7.491333 paused=false
PRESENT CADENCE frame=1659 interval_ms=10.249250 paused=false
PRESENT CADENCE frame=1660 interval_ms=12.229500 paused=false
PRESENT CADENCE frame=1661 interval_ms=17.958875 paused=false
PRESENT CADENCE frame=1662 interval_ms=0.312709 paused=false
PRESENT CADENCE frame=1663 interval_ms=3.638708 paused=false
PRESENT CADENCE frame=1664 interval_ms=0.251167 paused=false
PRESENT CADENCE frame=1665 interval_ms=10.798250 paused=false
PRESENT CADENCE frame=1666 interval_ms=4.753750 paused=false
PRESENT CADENCE frame=1667 interval_ms=8.505916 paused=false
PRESENT CADENCE frame=1668 interval_ms=6.158875 paused=false
PRESENT CADENCE frame=1669 interval_ms=8.403584 paused=false
PRESENT CADENCE frame=1670 interval_ms=1.728833 paused=false
PRESENT CADENCE frame=1671 interval_ms=1.607250 paused=false
PRESENT CADENCE frame=1672 interval_ms=5.430667 paused=false
PRESENT CADENCE frame=1673 interval_ms=3.819416 paused=false
PRESENT CADENCE frame=1674 interval_ms=12.285250 paused=false
PRESENT CADENCE frame=1675 interval_ms=18.689084 paused=false
PRESENT CADENCE frame=1676 interval_ms=0.296291 paused=false
PRESENT CADENCE frame=1677 interval_ms=8.774709 paused=false
PRESENT CADENCE frame=1678 interval_ms=8.485583 paused=false
PRESENT CADENCE frame=1679 interval_ms=0.612833 paused=false
PRESENT CADENCE frame=1680 interval_ms=8.938875 paused=false
PRESENT CADENCE frame=1681 interval_ms=7.473167 paused=false
PRESENT CADENCE frame=1682 interval_ms=0.282375 paused=false
PRESENT CADENCE frame=1683 interval_ms=1.980917 paused=false
PRESENT CADENCE frame=1684 interval_ms=15.374166 paused=false
PRESENT CADENCE frame=1685 interval_ms=5.010209 paused=false
PRESENT CADENCE frame=1686 interval_ms=11.994791 paused=false
PRESENT CADENCE frame=1687 interval_ms=10.241459 paused=false
PRESENT CADENCE frame=1688 interval_ms=0.269166 paused=false
PRESENT CADENCE frame=1689 interval_ms=7.458584 paused=false
PRESENT CADENCE frame=1690 interval_ms=0.297750 paused=false
PRESENT CADENCE frame=1691 interval_ms=9.364541 paused=false
PRESENT CADENCE frame=1692 interval_ms=0.323500 paused=false
PRESENT CADENCE frame=1693 interval_ms=10.779167 paused=false
PRESENT CADENCE frame=1694 interval_ms=5.529417 paused=false
PRESENT CADENCE frame=1695 interval_ms=10.899291 paused=false
PRESENT CADENCE frame=1696 interval_ms=7.069584 paused=false
PRESENT CADENCE frame=1697 interval_ms=0.597958 paused=false
PRESENT CADENCE frame=1698 interval_ms=10.851292 paused=false
PRESENT CADENCE frame=1699 interval_ms=11.421500 paused=false
PRESENT CADENCE frame=1700 interval_ms=0.220916 paused=false
PRESENT CADENCE frame=1701 interval_ms=6.345667 paused=false
PRESENT CADENCE frame=1702 interval_ms=11.733375 paused=false
PRESENT CADENCE frame=1703 interval_ms=0.527667 paused=false
PRESENT CADENCE frame=1704 interval_ms=9.649583 paused=false
PRESENT CADENCE frame=1705 interval_ms=0.390875 paused=false
PRESENT CADENCE frame=1706 interval_ms=3.504958 paused=false
PRESENT CADENCE frame=1707 interval_ms=2.004292 paused=false
PRESENT CADENCE frame=1708 interval_ms=15.517417 paused=false
PRESENT CADENCE frame=1709 interval_ms=7.374416 paused=false
PRESENT CADENCE frame=1710 interval_ms=5.352084 paused=false
PRESENT CADENCE frame=1711 interval_ms=5.858291 paused=false
PRESENT CADENCE frame=1712 interval_ms=0.280667 paused=false
PRESENT CADENCE frame=1713 interval_ms=4.968583 paused=false
PRESENT CADENCE frame=1714 interval_ms=11.736084 paused=false
PRESENT CADENCE frame=1715 interval_ms=5.993833 paused=false
PRESENT CADENCE frame=1716 interval_ms=11.432125 paused=false
PRESENT CADENCE frame=1717 interval_ms=3.954708 paused=false
PRESENT CADENCE frame=1718 interval_ms=0.345000 paused=false
PRESENT CADENCE frame=1719 interval_ms=9.125250 paused=false
PRESENT CADENCE frame=1720 interval_ms=0.357209 paused=false
PRESENT CADENCE frame=1721 interval_ms=6.582125 paused=false
PRESENT CADENCE frame=1722 interval_ms=9.235291 paused=false
PRESENT CADENCE frame=1723 interval_ms=1.646875 paused=false
PRESENT CADENCE frame=1724 interval_ms=3.766167 paused=false
PRESENT CADENCE frame=1725 interval_ms=10.344083 paused=false
PRESENT CADENCE frame=1726 interval_ms=15.240209 paused=false
PRESENT CADENCE frame=1727 interval_ms=0.468000 paused=false
PRESENT CADENCE frame=1728 interval_ms=2.979375 paused=false
PRESENT CADENCE frame=1729 interval_ms=9.597166 paused=false
PRESENT CADENCE frame=1730 interval_ms=11.045834 paused=false
PRESENT CADENCE frame=1731 interval_ms=4.474666 paused=false
PRESENT CADENCE frame=1732 interval_ms=11.275542 paused=false
PRESENT CADENCE frame=1733 interval_ms=3.453208 paused=false
PRESENT CADENCE frame=1734 interval_ms=0.204250 paused=false
PRESENT CADENCE frame=1735 interval_ms=6.557000 paused=false
PRESENT CADENCE frame=1736 interval_ms=0.350084 paused=false
PRESENT CADENCE frame=1737 interval_ms=1.924916 paused=false
PRESENT CADENCE frame=1738 interval_ms=11.196084 paused=false
PRESENT CADENCE frame=1739 interval_ms=17.042958 paused=false
PRESENT CADENCE frame=1740 interval_ms=1.087458 paused=false
PRESENT CADENCE frame=1741 interval_ms=10.126625 paused=false
PRESENT CADENCE frame=1742 interval_ms=8.175959 paused=false
PRESENT CADENCE frame=1743 interval_ms=9.696416 paused=false
PRESENT CADENCE frame=1744 interval_ms=0.439917 paused=false
PRESENT CADENCE frame=1745 interval_ms=6.426375 paused=false
PRESENT CADENCE frame=1746 interval_ms=0.426958 paused=false
PRESENT CADENCE frame=1747 interval_ms=8.220667 paused=false
PRESENT CADENCE frame=1748 interval_ms=0.322708 paused=false
PRESENT CADENCE frame=1749 interval_ms=6.229959 paused=false
PRESENT CADENCE frame=1750 interval_ms=8.374125 paused=false
PRESENT CADENCE frame=1751 interval_ms=8.301166 paused=false
PRESENT CADENCE frame=1752 interval_ms=9.465584 paused=false
PRESENT CADENCE frame=1753 interval_ms=4.671625 paused=false
PRESENT CADENCE frame=1754 interval_ms=12.422583 paused=false
PRESENT CADENCE frame=1755 interval_ms=1.770750 paused=false
PRESENT CADENCE frame=1756 interval_ms=2.264667 paused=false
PRESENT CADENCE frame=1757 interval_ms=0.161875 paused=false
PRESENT CADENCE frame=1758 interval_ms=10.896416 paused=false
PRESENT CADENCE frame=1759 interval_ms=4.419125 paused=false
PRESENT CADENCE frame=1760 interval_ms=8.302250 paused=false
PRESENT CADENCE frame=1761 interval_ms=7.108584 paused=false
PRESENT CADENCE frame=1762 interval_ms=8.874500 paused=false
PRESENT CADENCE frame=1763 interval_ms=0.329041 paused=false
PRESENT CADENCE frame=1764 interval_ms=6.075084 paused=false
PRESENT CADENCE frame=1765 interval_ms=8.018833 paused=false
PRESENT CADENCE frame=1766 interval_ms=9.202625 paused=false
PRESENT CADENCE frame=1767 interval_ms=7.459500 paused=false
PRESENT CADENCE frame=1768 interval_ms=0.379458 paused=false
PRESENT CADENCE frame=1769 interval_ms=8.624959 paused=false
PRESENT CADENCE frame=1770 interval_ms=6.942458 paused=false
PRESENT CADENCE frame=1771 interval_ms=5.027083 paused=false
PRESENT CADENCE frame=1772 interval_ms=0.327500 paused=false
PRESENT CADENCE frame=1773 interval_ms=5.176417 paused=false
PRESENT CADENCE frame=1774 interval_ms=22.821292 paused=false
PRESENT CADENCE frame=1775 interval_ms=1.036375 paused=false
PRESENT CADENCE frame=1776 interval_ms=0.429083 paused=false
PRESENT CADENCE frame=1777 interval_ms=2.030750 paused=false
PRESENT CADENCE frame=1778 interval_ms=14.241750 paused=false
PRESENT CADENCE frame=1779 interval_ms=0.448083 paused=false
PRESENT CADENCE frame=1780 interval_ms=7.327834 paused=false
PRESENT CADENCE frame=1781 interval_ms=0.224166 paused=false
PRESENT CADENCE frame=1782 interval_ms=0.631417 paused=false
PRESENT CADENCE frame=1783 interval_ms=12.071875 paused=false
PRESENT CADENCE frame=1784 interval_ms=20.587792 paused=false
PRESENT CADENCE frame=1785 interval_ms=0.628708 paused=false
PRESENT CADENCE frame=1786 interval_ms=9.656125 paused=false
PRESENT CADENCE frame=1787 interval_ms=3.082542 paused=false
PRESENT CADENCE frame=1788 interval_ms=9.024500 paused=false
PRESENT CADENCE frame=1789 interval_ms=11.325250 paused=false
PRESENT CADENCE frame=1790 interval_ms=3.536791 paused=false
PRESENT CADENCE frame=1791 interval_ms=0.202000 paused=false
PRESENT CADENCE frame=1792 interval_ms=7.771084 paused=false
PRESENT CADENCE frame=1793 interval_ms=0.357916 paused=false
PRESENT CADENCE frame=1794 interval_ms=8.267709 paused=false
PRESENT CADENCE frame=1795 interval_ms=9.330583 paused=false
PRESENT CADENCE frame=1796 interval_ms=4.190667 paused=false
PRESENT CADENCE frame=1797 interval_ms=8.835041 paused=false
PRESENT CADENCE frame=1798 interval_ms=8.135292 paused=false
PRESENT CADENCE frame=1799 interval_ms=8.789000 paused=false
PRESENT CADENCE frame=1800 interval_ms=0.367792 paused=false
PRESENT CADENCE frame=1801 interval_ms=3.181208 paused=false
PRESENT CADENCE frame=1802 interval_ms=0.291542 paused=false
PRESENT CADENCE frame=1803 interval_ms=11.453125 paused=false
PRESENT CADENCE frame=1804 interval_ms=4.752125 paused=false
PRESENT CADENCE frame=1805 interval_ms=11.908791 paused=false
PRESENT CADENCE frame=1806 interval_ms=8.616375 paused=false
PRESENT CADENCE frame=1807 interval_ms=0.274250 paused=false
PRESENT CADENCE frame=1808 interval_ms=1.885417 paused=false
PRESENT CADENCE frame=1809 interval_ms=0.316833 paused=false
PRESENT CADENCE frame=1810 interval_ms=1.731709 paused=false
PRESENT CADENCE frame=1811 interval_ms=11.517041 paused=false
PRESENT CADENCE frame=1812 interval_ms=15.896667 paused=false
PRESENT CADENCE frame=1813 interval_ms=0.625500 paused=false
PRESENT CADENCE frame=1814 interval_ms=0.511708 paused=false
PRESENT CADENCE frame=1815 interval_ms=14.024667 paused=false
PRESENT CADENCE frame=1816 interval_ms=5.666708 paused=false
PRESENT CADENCE frame=1817 interval_ms=10.429625 paused=false
PRESENT CADENCE frame=1818 interval_ms=6.176292 paused=false
PRESENT CADENCE frame=1819 interval_ms=0.230917 paused=false
PRESENT CADENCE frame=1820 interval_ms=11.352166 paused=false
PRESENT CADENCE frame=1821 interval_ms=5.125167 paused=false
PRESENT CADENCE frame=1822 interval_ms=0.343708 paused=false
PRESENT CADENCE frame=1823 interval_ms=8.650250 paused=false
PRESENT CADENCE frame=1824 interval_ms=0.306917 paused=false
PRESENT CADENCE frame=1825 interval_ms=6.933875 paused=false
PRESENT CADENCE frame=1826 interval_ms=8.873958 paused=false
PRESENT CADENCE frame=1827 interval_ms=6.314792 paused=false
PRESENT CADENCE frame=1828 interval_ms=8.982000 paused=false
PRESENT CADENCE frame=1829 interval_ms=3.688208 paused=false
PRESENT CADENCE frame=1830 interval_ms=11.481709 paused=false
PRESENT CADENCE frame=1831 interval_ms=5.055666 paused=false
PRESENT CADENCE frame=1832 interval_ms=10.824417 paused=false
PRESENT CADENCE frame=1833 interval_ms=8.025917 paused=false
PRESENT CADENCE frame=1834 interval_ms=0.425916 paused=false
PRESENT CADENCE frame=1835 interval_ms=4.311584 paused=false
PRESENT CADENCE frame=1836 interval_ms=0.242458 paused=false
PRESENT CADENCE frame=1837 interval_ms=10.301833 paused=false
PRESENT CADENCE frame=1838 interval_ms=11.300667 paused=false
PRESENT CADENCE frame=1839 interval_ms=8.081792 paused=false
PRESENT CADENCE frame=1840 interval_ms=0.494333 paused=false
PRESENT CADENCE frame=1841 interval_ms=7.467792 paused=false
PRESENT CADENCE frame=1842 interval_ms=0.390000 paused=false
PRESENT CADENCE frame=1843 interval_ms=2.076750 paused=false
PRESENT CADENCE frame=1844 interval_ms=11.659416 paused=false
PRESENT CADENCE frame=1845 interval_ms=17.131459 paused=false
PRESENT CADENCE frame=1846 interval_ms=0.506833 paused=false
PRESENT CADENCE frame=1847 interval_ms=4.855917 paused=false
PRESENT CADENCE frame=1848 interval_ms=12.796875 paused=false
PRESENT CADENCE frame=1849 interval_ms=10.933750 paused=false
PRESENT CADENCE frame=1850 interval_ms=0.565791 paused=false
PRESENT CADENCE frame=1851 interval_ms=7.998375 paused=false
PRESENT CADENCE frame=1852 interval_ms=9.432375 paused=false
PRESENT CADENCE frame=1853 interval_ms=0.227084 paused=false
PRESENT CADENCE frame=1854 interval_ms=6.650541 paused=false
PRESENT CADENCE frame=1855 interval_ms=9.075542 paused=false
PRESENT CADENCE frame=1856 interval_ms=5.420625 paused=false
PRESENT CADENCE frame=1857 interval_ms=4.465542 paused=false
PRESENT CADENCE frame=1858 interval_ms=4.172166 paused=false
PRESENT CADENCE frame=1859 interval_ms=8.514417 paused=false
PRESENT CADENCE frame=1860 interval_ms=7.185042 paused=false
PRESENT CADENCE frame=1861 interval_ms=11.533583 paused=false
PRESENT CADENCE frame=1862 interval_ms=0.267417 paused=false
PRESENT CADENCE frame=1863 interval_ms=12.802625 paused=false
PRESENT CADENCE frame=1864 interval_ms=3.292500 paused=false
PRESENT CADENCE frame=1865 interval_ms=3.032750 paused=false
PRESENT CADENCE frame=1866 interval_ms=7.383625 paused=false
PRESENT CADENCE frame=1867 interval_ms=5.639708 paused=false
PRESENT CADENCE frame=1868 interval_ms=11.297625 paused=false
PRESENT CADENCE frame=1869 interval_ms=0.341750 paused=false
PRESENT CADENCE frame=1870 interval_ms=8.937833 paused=false
PRESENT CADENCE frame=1871 interval_ms=13.751792 paused=false
PRESENT CADENCE frame=1872 interval_ms=0.281042 paused=false
PRESENT CADENCE frame=1873 interval_ms=8.265666 paused=false
PRESENT CADENCE frame=1874 interval_ms=0.258667 paused=false
PRESENT CADENCE frame=1875 interval_ms=13.267917 paused=false
PRESENT CADENCE frame=1876 interval_ms=0.254666 paused=false
PRESENT CADENCE frame=1877 interval_ms=9.594084 paused=false
PRESENT CADENCE frame=1878 interval_ms=0.298000 paused=false
PRESENT CADENCE frame=1879 interval_ms=5.039041 paused=false
PRESENT CADENCE frame=1880 interval_ms=9.071292 paused=false
PRESENT CADENCE frame=1881 interval_ms=3.072250 paused=false
PRESENT CADENCE frame=1882 interval_ms=15.849125 paused=false
PRESENT CADENCE frame=1883 interval_ms=7.382042 paused=false
PRESENT CADENCE frame=1884 interval_ms=10.943208 paused=false
PRESENT CADENCE frame=1885 interval_ms=4.104208 paused=false
PRESENT CADENCE frame=1886 interval_ms=0.289209 paused=false
PRESENT CADENCE frame=1887 interval_ms=8.487250 paused=false
PRESENT CADENCE frame=1888 interval_ms=0.485500 paused=false
PRESENT CADENCE frame=1889 interval_ms=7.400833 paused=false
PRESENT CADENCE frame=1890 interval_ms=8.772625 paused=false
PRESENT CADENCE frame=1891 interval_ms=6.291208 paused=false
PRESENT CADENCE frame=1892 interval_ms=11.890250 paused=false
PRESENT CADENCE frame=1893 interval_ms=4.865667 paused=false
PRESENT CADENCE frame=1894 interval_ms=11.347583 paused=false
PRESENT CADENCE frame=1895 interval_ms=8.844625 paused=false
PRESENT CADENCE frame=1896 interval_ms=5.794792 paused=false
PRESENT CADENCE frame=1897 interval_ms=0.394375 paused=false
PRESENT CADENCE frame=1898 interval_ms=8.667167 paused=false
PRESENT CADENCE frame=1899 interval_ms=0.292500 paused=false
PRESENT CADENCE frame=1900 interval_ms=7.737625 paused=false
PRESENT CADENCE frame=1901 interval_ms=10.868166 paused=false
PRESENT CADENCE frame=1902 interval_ms=0.339167 paused=false
PRESENT CADENCE frame=1903 interval_ms=9.733750 paused=false
PRESENT CADENCE frame=1904 interval_ms=0.390333 paused=false
PRESENT CADENCE frame=1905 interval_ms=20.569709 paused=false
PRESENT CADENCE frame=1906 interval_ms=5.428791 paused=false
PRESENT CADENCE frame=1907 interval_ms=0.360875 paused=false
PRESENT CADENCE frame=1908 interval_ms=14.219584 paused=false
PRESENT CADENCE frame=1909 interval_ms=5.464333 paused=false
PRESENT CADENCE frame=1910 interval_ms=0.344125 paused=false
PRESENT CADENCE frame=1911 interval_ms=16.817667 paused=false
PRESENT CADENCE frame=1912 interval_ms=0.460500 paused=false
PRESENT CADENCE frame=1913 interval_ms=7.292458 paused=false
PRESENT CADENCE frame=1914 interval_ms=0.260250 paused=false
PRESENT CADENCE frame=1915 interval_ms=28.619708 paused=false
PRESENT CADENCE frame=1916 interval_ms=0.412084 paused=false
PRESENT CADENCE frame=1917 interval_ms=5.915916 paused=false
PRESENT CADENCE frame=1918 interval_ms=0.524584 paused=false
PRESENT CADENCE frame=1919 interval_ms=17.826583 paused=false
PRESENT CADENCE frame=1920 interval_ms=8.501292 paused=false
PRESENT CADENCE frame=1921 interval_ms=16.152833 paused=false
PRESENT CADENCE frame=1922 interval_ms=2.842833 paused=false
PRESENT CADENCE frame=1923 interval_ms=0.251500 paused=false
PRESENT CADENCE frame=1924 interval_ms=5.819917 paused=false
PRESENT CADENCE frame=1925 interval_ms=0.311667 paused=false
PRESENT CADENCE frame=1926 interval_ms=16.134000 paused=false
PRESENT CADENCE frame=1927 interval_ms=0.465708 paused=false
PRESENT CADENCE frame=1928 interval_ms=4.431875 paused=false
PRESENT CADENCE frame=1929 interval_ms=17.433208 paused=false
PRESENT CADENCE frame=1930 interval_ms=3.887625 paused=false
PRESENT CADENCE frame=1931 interval_ms=2.948500 paused=false
PRESENT CADENCE frame=1932 interval_ms=18.098292 paused=false
PRESENT CADENCE frame=1933 interval_ms=9.162125 paused=false
PRESENT CADENCE frame=1934 interval_ms=16.093375 paused=false
PRESENT CADENCE frame=1935 interval_ms=0.257042 paused=false
PRESENT CADENCE frame=1936 interval_ms=4.832791 paused=false
PRESENT CADENCE frame=1937 interval_ms=0.285167 paused=false
PRESENT CADENCE frame=1938 interval_ms=16.463792 paused=false
PRESENT CADENCE frame=1939 interval_ms=5.679500 paused=false
PRESENT CADENCE frame=1940 interval_ms=6.240541 paused=false
PRESENT CADENCE frame=1941 interval_ms=16.668834 paused=false
PRESENT CADENCE frame=1942 interval_ms=6.647625 paused=false
PRESENT CADENCE frame=1943 interval_ms=0.362541 paused=false
PRESENT CADENCE frame=1944 interval_ms=15.541292 paused=false
PRESENT CADENCE frame=1945 interval_ms=0.482333 paused=false
PRESENT CADENCE frame=1946 interval_ms=4.662542 paused=false
PRESENT CADENCE frame=1947 interval_ms=0.274417 paused=false
PRESENT CADENCE frame=1948 interval_ms=4.619125 paused=false
PRESENT CADENCE frame=1949 interval_ms=17.610583 paused=false
PRESENT CADENCE frame=1950 interval_ms=6.501125 paused=false
PRESENT CADENCE frame=1951 interval_ms=1.601667 paused=false
PRESENT CADENCE frame=1952 interval_ms=18.247458 paused=false
PRESENT CADENCE frame=1953 interval_ms=3.347292 paused=false
PRESENT CADENCE frame=1954 interval_ms=1.969416 paused=false
PRESENT CADENCE frame=1955 interval_ms=14.602167 paused=false
PRESENT CADENCE frame=1956 interval_ms=11.236000 paused=false
PRESENT CADENCE frame=1957 interval_ms=3.030917 paused=false
PRESENT CADENCE frame=1958 interval_ms=0.241875 paused=false
PRESENT CADENCE frame=1959 interval_ms=15.788916 paused=false
PRESENT CADENCE frame=1960 interval_ms=3.039084 paused=false
PRESENT CADENCE frame=1961 interval_ms=3.328208 paused=false
PRESENT CADENCE frame=1962 interval_ms=15.374375 paused=false
PRESENT CADENCE frame=1963 interval_ms=5.147333 paused=false
PRESENT CADENCE frame=1964 interval_ms=3.392292 paused=false
PRESENT CADENCE frame=1965 interval_ms=20.653167 paused=false
PRESENT CADENCE frame=1966 interval_ms=3.791416 paused=false
PRESENT CADENCE frame=1967 interval_ms=3.081375 paused=false
PRESENT CADENCE frame=1968 interval_ms=0.456292 paused=false
PRESENT CADENCE frame=1969 interval_ms=16.646250 paused=false
PRESENT CADENCE frame=1970 interval_ms=7.276292 paused=false
PRESENT CADENCE frame=1971 interval_ms=2.059291 paused=false
PRESENT CADENCE frame=1972 interval_ms=16.591042 paused=false
PRESENT CADENCE frame=1973 interval_ms=7.573500 paused=false
PRESENT CADENCE frame=1974 interval_ms=14.919208 paused=false
PRESENT CADENCE frame=1975 interval_ms=3.789959 paused=false
PRESENT CADENCE frame=1976 interval_ms=3.008291 paused=false
PRESENT CADENCE frame=1977 interval_ms=0.281250 paused=false
PRESENT CADENCE frame=1978 interval_ms=13.617250 paused=false
PRESENT CADENCE frame=1979 interval_ms=0.303834 paused=false
PRESENT CADENCE frame=1980 interval_ms=6.635166 paused=false
PRESENT CADENCE frame=1981 interval_ms=14.902292 paused=false
PRESENT CADENCE frame=1982 interval_ms=23.385958 paused=false
PRESENT CADENCE frame=1983 interval_ms=0.412042 paused=false
PRESENT CADENCE frame=1984 interval_ms=5.999500 paused=false
PRESENT CADENCE frame=1985 interval_ms=0.229875 paused=false
PRESENT CADENCE frame=1986 interval_ms=15.943750 paused=false
PRESENT CADENCE frame=1987 interval_ms=3.270708 paused=false
PRESENT CADENCE frame=1988 interval_ms=1.938750 paused=false
PRESENT CADENCE frame=1989 interval_ms=18.574375 paused=false
PRESENT CADENCE frame=1990 interval_ms=7.251042 paused=false
PRESENT CADENCE frame=1991 interval_ms=3.857875 paused=false
PRESENT CADENCE frame=1992 interval_ms=0.321917 paused=false
PRESENT CADENCE frame=1993 interval_ms=16.345208 paused=false
PRESENT CADENCE frame=1994 interval_ms=8.189542 paused=false
PRESENT CADENCE frame=1995 interval_ms=16.183375 paused=false
PRESENT CADENCE frame=1996 interval_ms=3.813500 paused=false
PRESENT CADENCE frame=1997 interval_ms=2.145958 paused=false
PRESENT CADENCE frame=1998 interval_ms=0.391333 paused=false
PRESENT CADENCE frame=1999 interval_ms=16.340500 paused=false
PRESENT CADENCE frame=2000 interval_ms=7.884959 paused=false
PRESENT CADENCE frame=2001 interval_ms=17.704083 paused=false
PRESENT CADENCE frame=2002 interval_ms=6.372083 paused=false
PRESENT CADENCE frame=2003 interval_ms=0.240459 paused=false
PRESENT CADENCE frame=2004 interval_ms=17.479875 paused=false
PRESENT CADENCE frame=2005 interval_ms=0.714291 paused=false
PRESENT CADENCE frame=2006 interval_ms=5.367125 paused=false
PRESENT CADENCE frame=2007 interval_ms=0.377292 paused=false
PRESENT CADENCE frame=2008 interval_ms=16.302250 paused=false
PRESENT CADENCE frame=2009 interval_ms=0.246542 paused=false
PRESENT CADENCE frame=2010 interval_ms=4.917500 paused=false
PRESENT CADENCE frame=2011 interval_ms=18.096125 paused=false
PRESENT CADENCE frame=2012 interval_ms=26.377458 paused=false
PRESENT CADENCE frame=2013 interval_ms=0.394333 paused=false
PRESENT CADENCE frame=2014 interval_ms=6.352125 paused=false
PRESENT CADENCE frame=2015 interval_ms=0.218459 paused=false
PRESENT CADENCE frame=2016 interval_ms=16.405125 paused=false
FULL MODEL WORKER work_ms=2509.136 physics_ms=1057.528 mesh_ms=703.427 partition_ms=32.451 streams_ms=715.730
FULL MODEL CPU UPLOAD stage_ms=55.918
PRESENT CADENCE frame=2017 interval_ms=56.683875 paused=false
PRESENT CADENCE frame=2018 interval_ms=1.634333 paused=false
PRESENT CADENCE frame=2019 interval_ms=16.498375 paused=false
PRESENT CADENCE frame=2020 interval_ms=0.319583 paused=false
PRESENT CADENCE frame=2021 interval_ms=5.866292 paused=false
PRESENT CADENCE frame=2022 interval_ms=17.984625 paused=false
PRESENT CADENCE frame=2023 interval_ms=6.050958 paused=false
PRESENT CADENCE frame=2024 interval_ms=0.299500 paused=false
PRESENT CADENCE frame=2025 interval_ms=17.173834 paused=false
PRESENT CADENCE frame=2026 interval_ms=0.373458 paused=false
PRESENT CADENCE frame=2027 interval_ms=5.431333 paused=false
PRESENT CADENCE frame=2028 interval_ms=0.510125 paused=false
PRESENT CADENCE frame=2029 interval_ms=16.760375 paused=false
PRESENT CADENCE frame=2030 interval_ms=0.675334 paused=false
PRESENT CADENCE frame=2031 interval_ms=5.717666 paused=false
PRESENT CADENCE frame=2032 interval_ms=0.249625 paused=false
PRESENT CADENCE frame=2033 interval_ms=16.608084 paused=false
PRESENT CADENCE frame=2034 interval_ms=0.464708 paused=false
PRESENT CADENCE frame=2035 interval_ms=4.785583 paused=false
PRESENT CADENCE frame=2036 interval_ms=0.346750 paused=false
PRESENT CADENCE frame=2037 interval_ms=16.277584 paused=false
PRESENT CADENCE frame=2038 interval_ms=0.548083 paused=false
PRESENT CADENCE frame=2039 interval_ms=15.814292 paused=false
PRESENT CADENCE frame=2040 interval_ms=0.392958 paused=false
PRESENT CADENCE frame=2041 interval_ms=5.077208 paused=false
PRESENT CADENCE frame=2042 interval_ms=0.245334 paused=false
PRESENT CADENCE frame=2043 interval_ms=5.832000 paused=false
PRESENT CADENCE frame=2044 interval_ms=16.547291 paused=false
PRESENT CADENCE frame=2045 interval_ms=0.387709 paused=false
PRESENT CADENCE frame=2046 interval_ms=5.047875 paused=false
PRESENT CADENCE frame=2047 interval_ms=17.446583 paused=false
PRESENT CADENCE frame=2048 interval_ms=15.098125 paused=false
PRESENT CADENCE frame=2049 interval_ms=1.292958 paused=false
PRESENT CADENCE frame=2050 interval_ms=0.557250 paused=false
PRESENT CADENCE frame=2051 interval_ms=4.951042 paused=false
PRESENT CADENCE frame=2052 interval_ms=16.010958 paused=false
PRESENT CADENCE frame=2053 interval_ms=6.471334 paused=false
PRESENT CADENCE frame=2054 interval_ms=1.099833 paused=false
PRESENT CADENCE frame=2055 interval_ms=15.688458 paused=false
PRESENT CADENCE frame=2056 interval_ms=0.461042 paused=false
PRESENT CADENCE frame=2057 interval_ms=6.097500 paused=false
PRESENT CADENCE frame=2058 interval_ms=0.384708 paused=false
PRESENT CADENCE frame=2059 interval_ms=15.502542 paused=false
PRESENT CADENCE frame=2060 interval_ms=0.371000 paused=false
PRESENT CADENCE frame=2061 interval_ms=5.124458 paused=false
PRESENT CADENCE frame=2062 interval_ms=16.142375 paused=false
PRESENT CADENCE frame=2063 interval_ms=2.963750 paused=false
PRESENT CADENCE frame=2064 interval_ms=2.852209 paused=false
PRESENT CADENCE frame=2065 interval_ms=0.412000 paused=false
PRESENT CADENCE frame=2066 interval_ms=5.700416 paused=false
PRESENT CADENCE frame=2067 interval_ms=15.728000 paused=false
PRESENT CADENCE frame=2068 interval_ms=23.083625 paused=false
PRESENT CADENCE frame=2069 interval_ms=0.339917 paused=false
PRESENT CADENCE frame=2070 interval_ms=6.555625 paused=false
PRESENT CADENCE frame=2071 interval_ms=0.592042 paused=false
PRESENT CADENCE frame=2072 interval_ms=16.344791 paused=false
PRESENT CADENCE frame=2073 interval_ms=0.416084 paused=false
PRESENT CADENCE frame=2074 interval_ms=6.706041 paused=false
PRESENT CADENCE frame=2075 interval_ms=0.335334 paused=false
PRESENT CADENCE frame=2076 interval_ms=17.108625 paused=false
PRESENT CADENCE frame=2077 interval_ms=0.410000 paused=false
PRESENT CADENCE frame=2078 interval_ms=5.840541 paused=false
PRESENT CADENCE frame=2079 interval_ms=0.414750 paused=false
PRESENT CADENCE frame=2080 interval_ms=16.960042 paused=false
PRESENT CADENCE frame=2081 interval_ms=7.184583 paused=false
PRESENT CADENCE frame=2082 interval_ms=17.013709 paused=false
PRESENT CADENCE frame=2083 interval_ms=0.521500 paused=false
PRESENT CADENCE frame=2084 interval_ms=4.487083 paused=false
PRESENT CADENCE frame=2085 interval_ms=0.363375 paused=false
PRESENT CADENCE frame=2086 interval_ms=4.648417 paused=false
PRESENT CADENCE frame=2087 interval_ms=16.714291 paused=false
PRESENT CADENCE frame=2088 interval_ms=6.308375 paused=false
PRESENT CADENCE frame=2089 interval_ms=16.855584 paused=false
PRESENT CADENCE frame=2090 interval_ms=0.246791 paused=false
PRESENT CADENCE frame=2091 interval_ms=5.841584 paused=false
PRESENT CADENCE frame=2092 interval_ms=0.902083 paused=false
PRESENT CADENCE frame=2093 interval_ms=15.668583 paused=false
PRESENT CADENCE frame=2094 interval_ms=0.391709 paused=false
PRESENT CADENCE frame=2095 interval_ms=5.437083 paused=false
PRESENT CADENCE frame=2096 interval_ms=0.412417 paused=false
PRESENT CADENCE frame=2097 interval_ms=14.555833 paused=false
PRESENT CADENCE frame=2098 interval_ms=2.999667 paused=false
PRESENT CADENCE frame=2099 interval_ms=1.063208 paused=false
PRESENT CADENCE frame=2100 interval_ms=17.900875 paused=false
PRESENT CADENCE frame=2101 interval_ms=6.649375 paused=false
PRESENT CADENCE frame=2102 interval_ms=17.175875 paused=false
PRESENT CADENCE frame=2103 interval_ms=0.510333 paused=false
PRESENT CADENCE frame=2104 interval_ms=7.858584 paused=false
PRESENT CADENCE frame=2105 interval_ms=15.428208 paused=false
PRESENT CADENCE frame=2106 interval_ms=0.524125 paused=false
PRESENT CADENCE frame=2107 interval_ms=0.321583 paused=false
PRESENT CADENCE frame=2108 interval_ms=7.899500 paused=false
PRESENT CADENCE frame=2109 interval_ms=15.463500 paused=false
PRESENT CADENCE frame=2110 interval_ms=0.475625 paused=false
PRESENT CADENCE frame=2111 interval_ms=7.342834 paused=false
PRESENT CADENCE frame=2112 interval_ms=14.921333 paused=false
PRESENT CADENCE frame=2113 interval_ms=2.931167 paused=false
PRESENT CADENCE frame=2114 interval_ms=4.386000 paused=false
PRESENT CADENCE frame=2115 interval_ms=15.229083 paused=false
PRESENT CADENCE frame=2116 interval_ms=0.457792 paused=false
PRESENT CADENCE frame=2117 interval_ms=7.520166 paused=false
PRESENT CADENCE frame=2118 interval_ms=15.651334 paused=false
PRESENT CADENCE frame=2119 interval_ms=0.638125 paused=false
PRESENT CADENCE frame=2120 interval_ms=6.735625 paused=false
PRESENT CADENCE frame=2121 interval_ms=0.446083 paused=false
PRESENT CADENCE frame=2122 interval_ms=14.590250 paused=false
PRESENT CADENCE frame=2123 interval_ms=0.454458 paused=false
PRESENT CADENCE frame=2124 interval_ms=6.839125 paused=false
PRESENT CADENCE frame=2125 interval_ms=13.743125 paused=false
PRESENT CADENCE frame=2126 interval_ms=5.674542 paused=false
PRESENT CADENCE frame=2127 interval_ms=15.783083 paused=false
PRESENT CADENCE frame=2128 interval_ms=0.502334 paused=false
PRESENT CADENCE frame=2129 interval_ms=8.499041 paused=false
PRESENT CADENCE frame=2130 interval_ms=14.522500 paused=false
PRESENT CADENCE frame=2131 interval_ms=1.176875 paused=false
PRESENT CADENCE frame=2132 interval_ms=0.416375 paused=false
PRESENT CADENCE frame=2133 interval_ms=8.433667 paused=false
PRESENT CADENCE frame=2134 interval_ms=15.628792 paused=false
PRESENT CADENCE frame=2135 interval_ms=3.640125 paused=false
PRESENT CADENCE frame=2136 interval_ms=5.917375 paused=false
PRESENT CADENCE frame=2137 interval_ms=15.866916 paused=false
PRESENT CADENCE frame=2138 interval_ms=0.436792 paused=false
PRESENT CADENCE frame=2139 interval_ms=8.454083 paused=false
PRESENT CADENCE frame=2140 interval_ms=14.738209 paused=false
PRESENT CADENCE frame=2141 interval_ms=0.455875 paused=false
PRESENT CADENCE frame=2142 interval_ms=6.948000 paused=false
PRESENT CADENCE frame=2143 interval_ms=0.271291 paused=false
PRESENT CADENCE frame=2144 interval_ms=14.817959 paused=false
PRESENT CADENCE frame=2145 interval_ms=0.236458 paused=false
PRESENT CADENCE frame=2146 interval_ms=7.790542 paused=false
PRESENT CADENCE frame=2147 interval_ms=14.481583 paused=false
PRESENT CADENCE frame=2148 interval_ms=7.505208 paused=false
PRESENT CADENCE frame=2149 interval_ms=15.349167 paused=false
PRESENT CADENCE frame=2150 interval_ms=0.480833 paused=false
PRESENT CADENCE frame=2151 interval_ms=7.615167 paused=false
PRESENT CADENCE frame=2152 interval_ms=13.318625 paused=false
PRESENT CADENCE frame=2153 interval_ms=0.487542 paused=false
PRESENT CADENCE frame=2154 interval_ms=5.250125 paused=false
PRESENT CADENCE frame=2155 interval_ms=14.884041 paused=false
PRESENT CADENCE frame=2156 interval_ms=0.569042 paused=false
PRESENT CADENCE frame=2157 interval_ms=7.762833 paused=false
PRESENT CADENCE frame=2158 interval_ms=15.488292 paused=false
PRESENT CADENCE frame=2159 interval_ms=0.544500 paused=false
PRESENT CADENCE frame=2160 interval_ms=8.387000 paused=false
PRESENT CADENCE frame=2161 interval_ms=15.665458 paused=false
PRESENT CADENCE frame=2162 interval_ms=0.430959 paused=false
PRESENT CADENCE frame=2163 interval_ms=7.757541 paused=false
PRESENT CADENCE frame=2164 interval_ms=15.617417 paused=false
PRESENT CADENCE frame=2165 interval_ms=0.412667 paused=false
PRESENT CADENCE frame=2166 interval_ms=7.025750 paused=false
PRESENT CADENCE frame=2167 interval_ms=0.315916 paused=false
PRESENT CADENCE frame=2168 interval_ms=15.775000 paused=false
PRESENT CADENCE frame=2169 interval_ms=17.089542 paused=false
PRESENT CADENCE frame=2170 interval_ms=0.469125 paused=false
PRESENT CADENCE frame=2171 interval_ms=5.914875 paused=false
PRESENT CADENCE frame=2172 interval_ms=0.505917 paused=false
PRESENT CADENCE frame=2173 interval_ms=16.206583 paused=false
PRESENT CADENCE frame=2174 interval_ms=0.401167 paused=false
PRESENT CADENCE frame=2175 interval_ms=5.487875 paused=false
PRESENT CADENCE frame=2176 interval_ms=0.654708 paused=false
PRESENT CADENCE frame=2177 interval_ms=15.673042 paused=false
PRESENT CADENCE frame=2178 interval_ms=0.531625 paused=false
PRESENT CADENCE frame=2179 interval_ms=5.288625 paused=false
PRESENT CADENCE frame=2180 interval_ms=21.255500 paused=false
PRESENT CADENCE frame=2181 interval_ms=5.406208 paused=false
PRESENT CADENCE frame=2182 interval_ms=0.430542 paused=false
PRESENT CADENCE frame=2183 interval_ms=15.829541 paused=false
PRESENT CADENCE frame=2184 interval_ms=5.258667 paused=false
PRESENT CADENCE frame=2185 interval_ms=0.280250 paused=false
PRESENT CADENCE frame=2186 interval_ms=5.200583 paused=false
PRESENT CADENCE frame=2187 interval_ms=17.726084 paused=false
PRESENT CADENCE frame=2188 interval_ms=0.513125 paused=false
PRESENT CADENCE frame=2189 interval_ms=15.623458 paused=false
PRESENT CADENCE frame=2190 interval_ms=2.714625 paused=false
PRESENT CADENCE frame=2191 interval_ms=2.451250 paused=false
PRESENT CADENCE frame=2192 interval_ms=0.254042 paused=false
PRESENT CADENCE frame=2193 interval_ms=16.044833 paused=false
PRESENT CADENCE frame=2194 interval_ms=0.627583 paused=false
PRESENT CADENCE frame=2195 interval_ms=5.535959 paused=false
PRESENT CADENCE frame=2196 interval_ms=18.173000 paused=false
PRESENT CADENCE frame=2197 interval_ms=5.416333 paused=false
PRESENT CADENCE frame=2198 interval_ms=0.554125 paused=false
PRESENT CADENCE frame=2199 interval_ms=22.015083 paused=false
PRESENT CADENCE frame=2200 interval_ms=0.443042 paused=false
PRESENT CADENCE frame=2201 interval_ms=4.870167 paused=false
PRESENT CADENCE frame=2202 interval_ms=0.242916 paused=false
PRESENT CADENCE frame=2203 interval_ms=21.173792 paused=false
PRESENT CADENCE frame=2204 interval_ms=0.387583 paused=false
PRESENT CADENCE frame=2205 interval_ms=18.319292 paused=false
PRESENT CADENCE frame=2206 interval_ms=0.376458 paused=false
PRESENT CADENCE frame=2207 interval_ms=4.999292 paused=false
PRESENT CADENCE frame=2208 interval_ms=0.311083 paused=false
PRESENT CADENCE frame=2209 interval_ms=15.475250 paused=false
PRESENT CADENCE frame=2210 interval_ms=4.790000 paused=false
PRESENT CADENCE frame=2211 interval_ms=16.970917 paused=false
PRESENT CADENCE frame=2212 interval_ms=0.513000 paused=false
PRESENT CADENCE frame=2213 interval_ms=5.107792 paused=false
PRESENT CADENCE frame=2214 interval_ms=0.295333 paused=false
PRESENT CADENCE frame=2215 interval_ms=16.337667 paused=false
PRESENT CADENCE frame=2216 interval_ms=0.387875 paused=false
PRESENT CADENCE frame=2217 interval_ms=4.995125 paused=false
PRESENT CADENCE frame=2218 interval_ms=0.375291 paused=false
PRESENT CADENCE frame=2219 interval_ms=4.897500 paused=false
PRESENT CADENCE frame=2220 interval_ms=25.493750 paused=false
PRESENT CADENCE frame=2221 interval_ms=20.001625 paused=false
PRESENT CADENCE frame=2222 interval_ms=4.052209 paused=false
PRESENT CADENCE frame=2223 interval_ms=16.648375 paused=false
PRESENT CADENCE frame=2224 interval_ms=5.741916 paused=false
PRESENT CADENCE frame=2225 interval_ms=0.263542 paused=false
PRESENT CADENCE frame=2226 interval_ms=20.644583 paused=false
PRESENT CADENCE frame=2227 interval_ms=0.427917 paused=false
PRESENT CADENCE frame=2228 interval_ms=21.319583 paused=false
PRESENT CADENCE frame=2229 interval_ms=37.802292 paused=false
PRESENT CADENCE frame=2230 interval_ms=0.476792 paused=false
PRESENT CADENCE frame=2231 interval_ms=2.438166 paused=false
PRESENT CADENCE frame=2232 interval_ms=0.316167 paused=false
PRESENT CADENCE frame=2233 interval_ms=21.281625 paused=false
PRESENT CADENCE frame=2234 interval_ms=0.577750 paused=false
PRESENT CADENCE frame=2235 interval_ms=24.785708 paused=false
PRESENT CADENCE frame=2236 interval_ms=0.488417 paused=false
PRESENT CADENCE frame=2237 interval_ms=21.965792 paused=false
PRESENT CADENCE frame=2238 interval_ms=1.153083 paused=false
PRESENT CADENCE frame=2239 interval_ms=21.191917 paused=false
PRESENT CADENCE frame=2240 interval_ms=2.310541 paused=false
PRESENT CADENCE frame=2241 interval_ms=16.786959 paused=false
PRESENT CADENCE frame=2242 interval_ms=0.302708 paused=false
PRESENT CADENCE frame=2243 interval_ms=17.565458 paused=false
PRESENT CADENCE frame=2244 interval_ms=16.029292 paused=false
PRESENT CADENCE frame=2245 interval_ms=7.153042 paused=false
PRESENT CADENCE frame=2246 interval_ms=0.433583 paused=false
PRESENT CADENCE frame=2247 interval_ms=23.258333 paused=false
PRESENT CADENCE frame=2248 interval_ms=0.234834 paused=false
PRESENT CADENCE frame=2249 interval_ms=22.583625 paused=false
PRESENT CADENCE frame=2250 interval_ms=0.237833 paused=false
PRESENT CADENCE frame=2251 interval_ms=22.296542 paused=false
PRESENT CADENCE frame=2252 interval_ms=0.264333 paused=false
PRESENT CADENCE frame=2253 interval_ms=20.449208 paused=false
PRESENT CADENCE frame=2254 interval_ms=0.271042 paused=false
PRESENT CADENCE frame=2255 interval_ms=20.550542 paused=false
PRESENT CADENCE frame=2256 interval_ms=0.240375 paused=false
PRESENT CADENCE frame=2257 interval_ms=19.419083 paused=false
PRESENT CADENCE frame=2258 interval_ms=0.281542 paused=false
PRESENT CADENCE frame=2259 interval_ms=14.274791 paused=false
PRESENT CADENCE frame=2260 interval_ms=0.211959 paused=false
PRESENT CADENCE frame=2261 interval_ms=23.155500 paused=false
PRESENT CADENCE frame=2262 interval_ms=0.424750 paused=false
PRESENT CADENCE frame=2263 interval_ms=21.999333 paused=false
PRESENT CADENCE frame=2264 interval_ms=0.273333 paused=false
PRESENT CADENCE frame=2265 interval_ms=21.073792 paused=false
PRESENT CADENCE frame=2266 interval_ms=0.253625 paused=false
PRESENT CADENCE frame=2267 interval_ms=20.629833 paused=false
PRESENT CADENCE frame=2268 interval_ms=0.331292 paused=false
PRESENT CADENCE frame=2269 interval_ms=19.487667 paused=false
PRESENT CADENCE frame=2270 interval_ms=0.245166 paused=false
PRESENT CADENCE frame=2271 interval_ms=27.121459 paused=false
PRESENT CADENCE frame=2272 interval_ms=0.292625 paused=false
PRESENT CADENCE frame=2273 interval_ms=22.172333 paused=false
PRESENT CADENCE frame=2274 interval_ms=0.295375 paused=false
PRESENT CADENCE frame=2275 interval_ms=19.970333 paused=false
PRESENT CADENCE frame=2276 interval_ms=0.303125 paused=false
PRESENT CADENCE frame=2277 interval_ms=19.835792 paused=false
PRESENT CADENCE frame=2278 interval_ms=0.212667 paused=false
PRESENT CADENCE frame=2279 interval_ms=15.875041 paused=false
PRESENT CADENCE frame=2280 interval_ms=0.251459 paused=false
PRESENT CADENCE frame=2281 interval_ms=17.239625 paused=false
PRESENT CADENCE frame=2282 interval_ms=0.276333 paused=false
PRESENT CADENCE frame=2283 interval_ms=14.339500 paused=false
PRESENT CADENCE frame=2284 interval_ms=0.364292 paused=false
PRESENT CADENCE frame=2285 interval_ms=19.139125 paused=false
PRESENT CADENCE frame=2286 interval_ms=0.396625 paused=false
PRESENT CADENCE frame=2287 interval_ms=20.294500 paused=false
PRESENT CADENCE frame=2288 interval_ms=0.254958 paused=false
PRESENT CADENCE frame=2289 interval_ms=18.702833 paused=false
PRESENT CADENCE frame=2290 interval_ms=0.228750 paused=false
PRESENT CADENCE frame=2291 interval_ms=22.337792 paused=false
PRESENT CADENCE frame=2292 interval_ms=0.247875 paused=false
PRESENT CADENCE frame=2293 interval_ms=18.805958 paused=false
PRESENT CADENCE frame=2294 interval_ms=0.207375 paused=false
PRESENT CADENCE frame=2295 interval_ms=14.466584 paused=false
PRESENT CADENCE frame=2296 interval_ms=0.196375 paused=false
PRESENT CADENCE frame=2297 interval_ms=18.995500 paused=false
PRESENT CADENCE frame=2298 interval_ms=0.414791 paused=false
PRESENT CADENCE frame=2299 interval_ms=21.331667 paused=false
PRESENT CADENCE frame=2300 interval_ms=0.268333 paused=false
PRESENT CADENCE frame=2301 interval_ms=18.978875 paused=false
PRESENT CADENCE frame=2302 interval_ms=0.271417 paused=false
PRESENT CADENCE frame=2303 interval_ms=19.823333 paused=false
PRESENT CADENCE frame=2304 interval_ms=0.216084 paused=false
PRESENT CADENCE frame=2305 interval_ms=18.839375 paused=false
PRESENT CADENCE frame=2306 interval_ms=0.291833 paused=false
PRESENT CADENCE frame=2307 interval_ms=22.704000 paused=false
PRESENT CADENCE frame=2308 interval_ms=0.224458 paused=false
PRESENT CADENCE frame=2309 interval_ms=13.959084 paused=false
PRESENT CADENCE frame=2310 interval_ms=0.224541 paused=false
PRESENT CADENCE frame=2311 interval_ms=13.317959 paused=false
PRESENT CADENCE frame=2312 interval_ms=0.218791 paused=false
PRESENT CADENCE frame=2313 interval_ms=19.405084 paused=false
PRESENT CADENCE frame=2314 interval_ms=0.305791 paused=false
PRESENT CADENCE frame=2315 interval_ms=13.750667 paused=false
FULL MODEL WORKER work_ms=2490.565 physics_ms=1588.856 mesh_ms=420.430 partition_ms=28.256 streams_ms=453.022
FULL MODEL CPU UPLOAD stage_ms=40.281
PRESENT CADENCE frame=2316 interval_ms=40.828042 paused=false
PRESENT CADENCE frame=2317 interval_ms=1.689958 paused=false
PRESENT CADENCE frame=2318 interval_ms=15.555000 paused=false
PRESENT CADENCE frame=2319 interval_ms=0.252792 paused=false
PRESENT CADENCE frame=2320 interval_ms=13.061666 paused=false
PRESENT CADENCE frame=2321 interval_ms=0.233917 paused=false
PRESENT CADENCE frame=2322 interval_ms=21.928125 paused=false
PRESENT CADENCE frame=2323 interval_ms=0.324958 paused=false
PRESENT CADENCE frame=2324 interval_ms=19.228125 paused=false
PRESENT CADENCE frame=2325 interval_ms=0.386917 paused=false
PRESENT CADENCE frame=2326 interval_ms=17.387875 paused=false
PRESENT CADENCE frame=2327 interval_ms=0.313458 paused=false
PRESENT CADENCE frame=2328 interval_ms=14.488084 paused=false
PRESENT CADENCE frame=2329 interval_ms=0.330458 paused=false
PRESENT CADENCE frame=2330 interval_ms=19.448458 paused=false
PRESENT CADENCE frame=2331 interval_ms=0.353209 paused=false
PRESENT CADENCE frame=2332 interval_ms=20.589916 paused=false
PRESENT CADENCE frame=2333 interval_ms=0.390542 paused=false
PRESENT CADENCE frame=2334 interval_ms=20.549208 paused=false
PRESENT CADENCE frame=2335 interval_ms=0.250417 paused=false
PRESENT CADENCE frame=2336 interval_ms=17.269375 paused=false
PRESENT CADENCE frame=2337 interval_ms=0.303750 paused=false
PRESENT CADENCE frame=2338 interval_ms=22.868542 paused=false
PRESENT CADENCE frame=2339 interval_ms=0.261833 paused=false
PRESENT CADENCE frame=2340 interval_ms=21.421167 paused=false
PRESENT CADENCE frame=2341 interval_ms=0.201875 paused=false
PRESENT CADENCE frame=2342 interval_ms=15.467708 paused=false
PRESENT CADENCE frame=2343 interval_ms=0.256417 paused=false
PRESENT CADENCE frame=2344 interval_ms=18.837666 paused=false
PRESENT CADENCE frame=2345 interval_ms=0.411459 paused=false
PRESENT CADENCE frame=2346 interval_ms=19.761500 paused=false
PRESENT CADENCE frame=2347 interval_ms=0.258458 paused=false
PRESENT CADENCE frame=2348 interval_ms=22.596083 paused=false
PRESENT CADENCE frame=2349 interval_ms=0.308084 paused=false
PRESENT CADENCE frame=2350 interval_ms=18.426791 paused=false
PRESENT CADENCE frame=2351 interval_ms=0.249250 paused=false
PRESENT CADENCE frame=2352 interval_ms=18.673792 paused=false
PRESENT CADENCE frame=2353 interval_ms=0.422167 paused=false
PRESENT CADENCE frame=2354 interval_ms=19.767083 paused=false
PRESENT CADENCE frame=2355 interval_ms=0.457333 paused=false
PRESENT CADENCE frame=2356 interval_ms=20.271250 paused=false
PRESENT CADENCE frame=2357 interval_ms=0.373250 paused=false
PRESENT CADENCE frame=2358 interval_ms=22.681750 paused=false
PRESENT CADENCE frame=2359 interval_ms=0.367959 paused=false
PRESENT CADENCE frame=2360 interval_ms=20.281708 paused=false
PRESENT CADENCE frame=2361 interval_ms=0.339792 paused=false
PRESENT CADENCE frame=2362 interval_ms=20.879500 paused=false
PRESENT CADENCE frame=2363 interval_ms=0.265083 paused=false
PRESENT CADENCE frame=2364 interval_ms=17.247125 paused=false
PRESENT CADENCE frame=2365 interval_ms=0.219167 paused=false
PRESENT CADENCE frame=2366 interval_ms=16.932875 paused=false
PRESENT CADENCE frame=2367 interval_ms=0.237166 paused=false
PRESENT CADENCE frame=2368 interval_ms=23.323375 paused=false
PRESENT CADENCE frame=2369 interval_ms=0.250667 paused=false
PRESENT CADENCE frame=2370 interval_ms=23.635833 paused=false
PRESENT CADENCE frame=2371 interval_ms=3.418792 paused=false
PRESENT CADENCE frame=2372 interval_ms=14.692375 paused=false
PRESENT CADENCE frame=2373 interval_ms=0.300500 paused=false
PRESENT CADENCE frame=2374 interval_ms=21.810042 paused=false
PRESENT CADENCE frame=2375 interval_ms=0.428750 paused=false
PRESENT CADENCE frame=2376 interval_ms=21.676875 paused=false
PRESENT CADENCE frame=2377 interval_ms=0.256916 paused=false
PRESENT CADENCE frame=2378 interval_ms=22.256042 paused=false
PRESENT CADENCE frame=2379 interval_ms=0.301500 paused=false
PRESENT CADENCE frame=2380 interval_ms=21.683458 paused=false
PRESENT CADENCE frame=2381 interval_ms=0.193917 paused=false
PRESENT CADENCE frame=2382 interval_ms=20.167083 paused=false
PRESENT CADENCE frame=2383 interval_ms=0.265042 paused=false
PRESENT CADENCE frame=2384 interval_ms=20.208167 paused=false
PRESENT CADENCE frame=2385 interval_ms=0.298750 paused=false
PRESENT CADENCE frame=2386 interval_ms=20.109875 paused=false
PRESENT CADENCE frame=2387 interval_ms=0.252291 paused=false
PRESENT CADENCE frame=2388 interval_ms=19.951042 paused=false
PRESENT CADENCE frame=2389 interval_ms=0.257750 paused=false
PRESENT CADENCE frame=2390 interval_ms=17.450875 paused=false
PRESENT CADENCE frame=2391 interval_ms=0.213917 paused=false
PRESENT CADENCE frame=2392 interval_ms=22.466708 paused=false
PRESENT CADENCE frame=2393 interval_ms=0.218333 paused=false
PRESENT CADENCE frame=2394 interval_ms=22.388375 paused=false
PRESENT CADENCE frame=2395 interval_ms=0.227250 paused=false
PRESENT CADENCE frame=2396 interval_ms=21.907834 paused=false
PRESENT CADENCE frame=2397 interval_ms=0.412416 paused=false
PRESENT CADENCE frame=2398 interval_ms=21.918667 paused=false
PRESENT CADENCE frame=2399 interval_ms=0.244125 paused=false
PRESENT CADENCE frame=2400 interval_ms=22.005000 paused=false
PRESENT CADENCE frame=2401 interval_ms=0.224208 paused=false
PRESENT CADENCE frame=2402 interval_ms=19.702875 paused=false
PRESENT CADENCE frame=2403 interval_ms=0.378292 paused=false
PRESENT CADENCE frame=2404 interval_ms=19.716625 paused=false
PRESENT CADENCE frame=2405 interval_ms=0.213167 paused=false
PRESENT CADENCE frame=2406 interval_ms=20.466541 paused=false
PRESENT CADENCE frame=2407 interval_ms=0.259167 paused=false
PRESENT CADENCE frame=2408 interval_ms=17.233958 paused=false
PRESENT CADENCE frame=2409 interval_ms=0.254500 paused=false
PRESENT CADENCE frame=2410 interval_ms=16.614000 paused=false
PRESENT CADENCE frame=2411 interval_ms=0.256459 paused=false
PRESENT CADENCE frame=2412 interval_ms=22.302458 paused=false
PRESENT CADENCE frame=2413 interval_ms=0.343750 paused=false
PRESENT CADENCE frame=2414 interval_ms=21.391292 paused=false
PRESENT CADENCE frame=2415 interval_ms=0.271208 paused=false
PRESENT CADENCE frame=2416 interval_ms=23.089250 paused=false
PRESENT CADENCE frame=2417 interval_ms=0.218458 paused=false
PRESENT CADENCE frame=2418 interval_ms=19.526709 paused=false
PRESENT CADENCE frame=2419 interval_ms=0.354958 paused=false
PRESENT CADENCE frame=2420 interval_ms=19.956458 paused=false
PRESENT CADENCE frame=2421 interval_ms=0.219000 paused=false
PRESENT CADENCE frame=2422 interval_ms=21.038625 paused=false
PRESENT CADENCE frame=2423 interval_ms=0.274750 paused=false
PRESENT CADENCE frame=2424 interval_ms=20.257417 paused=false
PRESENT CADENCE frame=2425 interval_ms=0.286500 paused=false
PRESENT CADENCE frame=2426 interval_ms=18.225750 paused=false
PRESENT CADENCE frame=2427 interval_ms=0.243625 paused=false
PRESENT CADENCE frame=2428 interval_ms=21.040833 paused=false
PRESENT CADENCE frame=2429 interval_ms=0.267125 paused=false
PRESENT CADENCE frame=2430 interval_ms=19.804000 paused=false
PRESENT CADENCE frame=2431 interval_ms=0.300834 paused=false
PRESENT CADENCE frame=2432 interval_ms=23.442833 paused=false
PRESENT CADENCE frame=2433 interval_ms=0.229750 paused=false
PRESENT CADENCE frame=2434 interval_ms=21.687583 paused=false
PRESENT CADENCE frame=2435 interval_ms=0.293042 paused=false
PRESENT CADENCE frame=2436 interval_ms=21.909750 paused=false
PRESENT CADENCE frame=2437 interval_ms=0.374708 paused=false
PRESENT CADENCE frame=2438 interval_ms=20.526292 paused=false
PRESENT CADENCE frame=2439 interval_ms=0.339042 paused=false
PRESENT CADENCE frame=2440 interval_ms=20.467500 paused=false
PRESENT CADENCE frame=2441 interval_ms=0.416166 paused=false
PRESENT CADENCE frame=2442 interval_ms=19.994250 paused=false
PRESENT CADENCE frame=2443 interval_ms=0.257834 paused=false
PRESENT CADENCE frame=2444 interval_ms=19.555958 paused=false
PRESENT CADENCE frame=2445 interval_ms=0.194625 paused=false
PRESENT CADENCE frame=2446 interval_ms=19.750250 paused=false
PRESENT CADENCE frame=2447 interval_ms=0.387500 paused=false
PRESENT CADENCE frame=2448 interval_ms=21.847958 paused=false
PRESENT CADENCE frame=2449 interval_ms=0.270792 paused=false
PRESENT CADENCE frame=2450 interval_ms=22.499833 paused=false
PRESENT CADENCE frame=2451 interval_ms=0.283500 paused=false
PRESENT CADENCE frame=2452 interval_ms=22.048834 paused=false
PRESENT CADENCE frame=2453 interval_ms=0.242583 paused=false
PRESENT CADENCE frame=2454 interval_ms=22.163167 paused=false
PRESENT CADENCE frame=2455 interval_ms=0.246083 paused=false
PRESENT CADENCE frame=2456 interval_ms=21.637958 paused=false
PRESENT CADENCE frame=2457 interval_ms=0.236334 paused=false
PRESENT CADENCE frame=2458 interval_ms=19.786333 paused=false
PRESENT CADENCE frame=2459 interval_ms=0.224708 paused=false
PRESENT CADENCE frame=2460 interval_ms=19.681417 paused=false
PRESENT CADENCE frame=2461 interval_ms=0.404792 paused=false
PRESENT CADENCE frame=2462 interval_ms=19.853208 paused=false
PRESENT CADENCE frame=2463 interval_ms=0.386208 paused=false
PRESENT CADENCE frame=2464 interval_ms=19.643084 paused=false
PRESENT CADENCE frame=2465 interval_ms=0.372125 paused=false
PRESENT CADENCE frame=2466 interval_ms=13.638916 paused=false
PRESENT CADENCE frame=2467 interval_ms=0.429375 paused=false
PRESENT CADENCE frame=2468 interval_ms=22.515250 paused=false
PRESENT CADENCE frame=2469 interval_ms=0.284792 paused=false
PRESENT CADENCE frame=2470 interval_ms=22.715833 paused=false
PRESENT CADENCE frame=2471 interval_ms=0.237209 paused=false
PRESENT CADENCE frame=2472 interval_ms=20.720750 paused=false
PRESENT CADENCE frame=2473 interval_ms=0.225541 paused=false
PRESENT CADENCE frame=2474 interval_ms=21.274750 paused=false
PRESENT CADENCE frame=2475 interval_ms=0.261292 paused=false
PRESENT CADENCE frame=2476 interval_ms=20.430667 paused=false
PRESENT CADENCE frame=2477 interval_ms=0.319625 paused=false
PRESENT CADENCE frame=2478 interval_ms=19.713500 paused=false
PRESENT CADENCE frame=2479 interval_ms=0.399583 paused=false
PRESENT CADENCE frame=2480 interval_ms=19.610750 paused=false
PRESENT CADENCE frame=2481 interval_ms=0.272333 paused=false
PRESENT CADENCE frame=2482 interval_ms=20.025209 paused=false
PRESENT CADENCE frame=2483 interval_ms=0.398541 paused=false
PRESENT CADENCE frame=2484 interval_ms=20.927167 paused=false
FULL MODEL WORKER work_ms=1752.986 physics_ms=859.254 mesh_ms=408.089 partition_ms=29.415 streams_ms=456.228
FULL MODEL CPU UPLOAD stage_ms=36.534
PRESENT CADENCE frame=2485 interval_ms=37.069958 paused=false
PRESENT CADENCE frame=2486 interval_ms=1.912584 paused=false
PRESENT CADENCE frame=2487 interval_ms=27.684583 paused=false
PRESENT CADENCE frame=2488 interval_ms=0.284917 paused=false
PRESENT CADENCE frame=2489 interval_ms=20.649375 paused=false
PRESENT CADENCE frame=2490 interval_ms=0.243333 paused=false
PRESENT CADENCE frame=2491 interval_ms=20.478833 paused=false
PRESENT CADENCE frame=2492 interval_ms=0.303375 paused=false
PRESENT CADENCE frame=2493 interval_ms=14.972209 paused=false
PRESENT CADENCE frame=2494 interval_ms=16.686416 paused=false
PRESENT CADENCE frame=2495 interval_ms=4.363625 paused=false
PRESENT CADENCE frame=2496 interval_ms=0.485625 paused=false
PRESENT CADENCE frame=2497 interval_ms=21.729375 paused=false
PRESENT CADENCE frame=2498 interval_ms=0.279875 paused=false
PRESENT CADENCE frame=2499 interval_ms=21.369125 paused=false
PRESENT CADENCE frame=2500 interval_ms=0.435292 paused=false
PRESENT CADENCE frame=2501 interval_ms=18.339542 paused=false
PRESENT CADENCE frame=2502 interval_ms=0.236000 paused=false
PRESENT CADENCE frame=2503 interval_ms=14.860916 paused=false
PRESENT CADENCE frame=2504 interval_ms=14.512417 paused=false
PRESENT CADENCE frame=2505 interval_ms=6.536583 paused=false
PRESENT CADENCE frame=2506 interval_ms=0.381709 paused=false
PRESENT CADENCE frame=2507 interval_ms=19.556250 paused=false
PRESENT CADENCE frame=2508 interval_ms=0.396833 paused=false
PRESENT CADENCE frame=2509 interval_ms=18.377375 paused=false
PRESENT CADENCE frame=2510 interval_ms=0.332917 paused=false
PRESENT CADENCE frame=2511 interval_ms=17.894541 paused=false
PRESENT CADENCE frame=2512 interval_ms=0.259500 paused=false
PRESENT CADENCE frame=2513 interval_ms=20.241292 paused=false
PRESENT CADENCE frame=2514 interval_ms=0.749625 paused=false
PRESENT CADENCE frame=2515 interval_ms=19.257708 paused=false
PRESENT CADENCE frame=2516 interval_ms=0.291834 paused=false
PRESENT CADENCE frame=2517 interval_ms=21.373208 paused=false
PRESENT CADENCE frame=2518 interval_ms=0.248708 paused=false
PRESENT CADENCE frame=2519 interval_ms=13.896542 paused=false
PRESENT CADENCE frame=2520 interval_ms=0.487125 paused=false
PRESENT CADENCE frame=2521 interval_ms=25.056208 paused=false
PRESENT CADENCE frame=2522 interval_ms=0.258959 paused=false
PRESENT CADENCE frame=2523 interval_ms=22.401708 paused=false
PRESENT CADENCE frame=2524 interval_ms=0.361000 paused=false
PRESENT CADENCE frame=2525 interval_ms=21.173333 paused=false
PRESENT CADENCE frame=2526 interval_ms=0.340459 paused=false
PRESENT CADENCE frame=2527 interval_ms=21.396333 paused=false
PRESENT CADENCE frame=2528 interval_ms=0.336125 paused=false
PRESENT CADENCE frame=2529 interval_ms=24.584542 paused=false
PRESENT CADENCE frame=2530 interval_ms=0.384500 paused=false
PRESENT CADENCE frame=2531 interval_ms=17.089958 paused=false
PRESENT CADENCE frame=2532 interval_ms=0.333083 paused=false
PRESENT CADENCE frame=2533 interval_ms=19.493042 paused=false
PRESENT CADENCE frame=2534 interval_ms=0.411708 paused=false
PRESENT CADENCE frame=2535 interval_ms=19.793167 paused=false
PRESENT CADENCE frame=2536 interval_ms=0.457167 paused=false
PRESENT CADENCE frame=2537 interval_ms=19.275291 paused=false
PRESENT CADENCE frame=2538 interval_ms=0.815042 paused=false
PRESENT CADENCE frame=2539 interval_ms=19.423292 paused=false
PRESENT CADENCE frame=2540 interval_ms=0.267250 paused=false
PRESENT CADENCE frame=2541 interval_ms=19.732000 paused=false
PRESENT CADENCE frame=2542 interval_ms=0.429125 paused=false
PRESENT CADENCE frame=2543 interval_ms=15.385875 paused=false
PRESENT CADENCE frame=2544 interval_ms=0.276333 paused=false
PRESENT CADENCE frame=2545 interval_ms=18.699917 paused=false
PRESENT CADENCE frame=2546 interval_ms=0.270583 paused=false
PRESENT CADENCE frame=2547 interval_ms=14.528250 paused=false
PRESENT CADENCE frame=2548 interval_ms=0.291167 paused=false
PRESENT CADENCE frame=2549 interval_ms=21.275916 paused=false
PRESENT CADENCE frame=2550 interval_ms=0.493375 paused=false
PRESENT CADENCE frame=2551 interval_ms=19.691459 paused=false
PRESENT CADENCE frame=2552 interval_ms=0.368875 paused=false
PRESENT CADENCE frame=2553 interval_ms=18.155083 paused=false
PRESENT CADENCE frame=2554 interval_ms=0.273833 paused=false
PRESENT CADENCE frame=2555 interval_ms=18.768500 paused=false
PRESENT CADENCE frame=2556 interval_ms=0.418375 paused=false
PRESENT CADENCE frame=2557 interval_ms=19.813292 paused=false
PRESENT CADENCE frame=2558 interval_ms=0.234292 paused=false
PRESENT CADENCE frame=2559 interval_ms=16.941750 paused=false
PRESENT CADENCE frame=2560 interval_ms=0.225458 paused=false
PRESENT CADENCE frame=2561 interval_ms=18.026375 paused=false
PRESENT CADENCE frame=2562 interval_ms=0.288125 paused=false
PRESENT CADENCE frame=2563 interval_ms=20.442625 paused=false
PRESENT CADENCE frame=2564 interval_ms=0.235833 paused=false
PRESENT CADENCE frame=2565 interval_ms=20.676167 paused=false
PRESENT CADENCE frame=2566 interval_ms=0.291292 paused=false
PRESENT CADENCE frame=2567 interval_ms=19.780083 paused=false
PRESENT CADENCE frame=2568 interval_ms=0.261333 paused=false
PRESENT CADENCE frame=2569 interval_ms=20.599584 paused=false
PRESENT CADENCE frame=2570 interval_ms=0.239666 paused=false
PRESENT CADENCE frame=2571 interval_ms=14.535709 paused=false
PRESENT CADENCE frame=2572 interval_ms=0.287625 paused=false
PRESENT CADENCE frame=2573 interval_ms=15.140708 paused=false
PRESENT CADENCE frame=2574 interval_ms=0.257167 paused=false
PRESENT CADENCE frame=2575 interval_ms=19.615041 paused=false
PRESENT CADENCE frame=2576 interval_ms=0.379500 paused=false
PRESENT CADENCE frame=2577 interval_ms=18.656667 paused=false
PRESENT CADENCE frame=2578 interval_ms=0.396792 paused=false
PRESENT CADENCE frame=2579 interval_ms=19.399125 paused=false
PRESENT CADENCE frame=2580 interval_ms=0.353291 paused=false
PRESENT CADENCE frame=2581 interval_ms=18.728292 paused=false
PRESENT CADENCE frame=2582 interval_ms=0.268708 paused=false
PRESENT CADENCE frame=2583 interval_ms=19.102917 paused=false
PRESENT CADENCE frame=2584 interval_ms=0.441125 paused=false
PRESENT CADENCE frame=2585 interval_ms=15.720042 paused=false
PRESENT CADENCE frame=2586 interval_ms=0.278125 paused=false
PRESENT CADENCE frame=2587 interval_ms=21.110458 paused=false
PRESENT CADENCE frame=2588 interval_ms=0.431792 paused=false
PRESENT CADENCE frame=2589 interval_ms=21.518291 paused=false
PRESENT CADENCE frame=2590 interval_ms=0.236917 paused=false
PRESENT CADENCE frame=2591 interval_ms=19.894375 paused=false
PRESENT CADENCE frame=2592 interval_ms=0.184542 paused=false
PRESENT CADENCE frame=2593 interval_ms=18.013000 paused=false
PRESENT CADENCE frame=2594 interval_ms=0.354375 paused=false
PRESENT CADENCE frame=2595 interval_ms=18.461500 paused=false
PRESENT CADENCE frame=2596 interval_ms=0.434083 paused=false
PRESENT CADENCE frame=2597 interval_ms=19.454125 paused=false
PRESENT CADENCE frame=2598 interval_ms=0.366125 paused=false
PRESENT CADENCE frame=2599 interval_ms=13.489083 paused=false
PRESENT CADENCE frame=2600 interval_ms=18.094042 paused=false
PRESENT CADENCE frame=2601 interval_ms=0.681125 paused=false
PRESENT CADENCE frame=2602 interval_ms=17.522250 paused=false
PRESENT CADENCE frame=2603 interval_ms=0.390125 paused=false
PRESENT CADENCE frame=2604 interval_ms=12.693500 paused=false
PRESENT CADENCE frame=2605 interval_ms=0.395583 paused=false
PRESENT CADENCE frame=2606 interval_ms=18.287875 paused=false
PRESENT CADENCE frame=2607 interval_ms=0.441667 paused=false
PRESENT CADENCE frame=2608 interval_ms=19.933167 paused=false
PRESENT CADENCE frame=2609 interval_ms=0.366916 paused=false
PRESENT CADENCE frame=2610 interval_ms=12.564000 paused=false
PRESENT CADENCE frame=2611 interval_ms=0.315000 paused=false
PRESENT CADENCE frame=2612 interval_ms=24.295709 paused=false
PRESENT CADENCE frame=2613 interval_ms=0.456291 paused=false
PRESENT CADENCE frame=2614 interval_ms=19.548917 paused=false
PRESENT CADENCE frame=2615 interval_ms=0.461000 paused=false
PRESENT CADENCE frame=2616 interval_ms=18.730750 paused=false
PRESENT CADENCE frame=2617 interval_ms=0.552083 paused=false
PRESENT CADENCE frame=2618 interval_ms=17.019167 paused=false
PRESENT CADENCE frame=2619 interval_ms=0.380250 paused=false
PRESENT CADENCE frame=2620 interval_ms=18.667000 paused=false
PRESENT CADENCE frame=2621 interval_ms=0.358333 paused=false
PRESENT CADENCE frame=2622 interval_ms=14.693375 paused=false
PRESENT CADENCE frame=2623 interval_ms=0.550709 paused=false
PRESENT CADENCE frame=2624 interval_ms=18.597541 paused=false
PRESENT CADENCE frame=2625 interval_ms=0.539834 paused=false
PRESENT CADENCE frame=2626 interval_ms=18.899208 paused=false
PRESENT CADENCE frame=2627 interval_ms=0.369792 paused=false
PRESENT CADENCE frame=2628 interval_ms=14.612250 paused=false
PRESENT CADENCE frame=2629 interval_ms=0.554666 paused=false
PRESENT CADENCE frame=2630 interval_ms=12.010250 paused=false
PRESENT CADENCE frame=2631 interval_ms=15.534542 paused=false
PRESENT CADENCE frame=2632 interval_ms=4.447917 paused=false
PRESENT CADENCE frame=2633 interval_ms=0.388708 paused=false
PRESENT CADENCE frame=2634 interval_ms=21.489875 paused=false
PRESENT CADENCE frame=2635 interval_ms=0.801250 paused=false
PRESENT CADENCE frame=2636 interval_ms=18.497667 paused=false
PRESENT CADENCE frame=2637 interval_ms=0.478000 paused=false
PRESENT CADENCE frame=2638 interval_ms=19.235500 paused=false
PRESENT CADENCE frame=2639 interval_ms=0.466833 paused=false
PRESENT CADENCE frame=2640 interval_ms=19.145667 paused=false
PRESENT CADENCE frame=2641 interval_ms=0.458875 paused=false
PRESENT CADENCE frame=2642 interval_ms=18.264583 paused=false
PRESENT CADENCE frame=2643 interval_ms=0.655042 paused=false
PRESENT CADENCE frame=2644 interval_ms=13.499000 paused=false
PRESENT CADENCE frame=2645 interval_ms=0.620958 paused=false
PRESENT CADENCE frame=2646 interval_ms=21.467458 paused=false
PRESENT CADENCE frame=2647 interval_ms=0.480250 paused=false
PRESENT CADENCE frame=2648 interval_ms=20.627084 paused=false
PRESENT CADENCE frame=2649 interval_ms=0.478583 paused=false
PRESENT CADENCE frame=2650 interval_ms=19.440750 paused=false
PRESENT CADENCE frame=2651 interval_ms=0.452792 paused=false
PRESENT CADENCE frame=2652 interval_ms=20.110166 paused=false
PRESENT CADENCE frame=2653 interval_ms=0.408542 paused=false
PRESENT CADENCE frame=2654 interval_ms=19.207667 paused=false
PRESENT CADENCE frame=2655 interval_ms=0.649375 paused=false
PRESENT CADENCE frame=2656 interval_ms=19.547500 paused=false
PRESENT CADENCE frame=2657 interval_ms=0.667750 paused=false
PRESENT CADENCE frame=2658 interval_ms=13.780916 paused=false
PRESENT CADENCE frame=2659 interval_ms=0.578417 paused=false
PRESENT CADENCE frame=2660 interval_ms=21.402667 paused=false
PRESENT CADENCE frame=2661 interval_ms=0.593708 paused=false
PRESENT CADENCE frame=2662 interval_ms=19.276708 paused=false
PRESENT CADENCE frame=2663 interval_ms=0.424834 paused=false
PRESENT CADENCE frame=2664 interval_ms=21.231583 paused=false
PRESENT CADENCE frame=2665 interval_ms=0.494042 paused=false
PRESENT CADENCE frame=2666 interval_ms=20.757583 paused=false
PRESENT CADENCE frame=2667 interval_ms=0.528500 paused=false
PRESENT CADENCE frame=2668 interval_ms=16.499667 paused=false
PRESENT CADENCE frame=2669 interval_ms=0.438458 paused=false
PRESENT CADENCE frame=2670 interval_ms=16.225000 paused=false
PRESENT CADENCE frame=2671 interval_ms=0.337458 paused=false
PRESENT CADENCE frame=2672 interval_ms=20.779792 paused=false
PRESENT CADENCE frame=2673 interval_ms=2.499250 paused=false
PRESENT CADENCE frame=2674 interval_ms=19.696083 paused=false
PRESENT CADENCE frame=2675 interval_ms=0.682792 paused=false
PRESENT CADENCE frame=2676 interval_ms=21.281792 paused=false
PRESENT CADENCE frame=2677 interval_ms=0.585208 paused=false
PRESENT CADENCE frame=2678 interval_ms=20.425708 paused=false
PRESENT CADENCE frame=2679 interval_ms=0.569584 paused=false
PRESENT CADENCE frame=2680 interval_ms=21.478541 paused=false
PRESENT CADENCE frame=2681 interval_ms=0.522500 paused=false
PRESENT CADENCE frame=2682 interval_ms=20.342834 paused=false
PRESENT CADENCE frame=2683 interval_ms=0.460250 paused=false
PRESENT CADENCE frame=2684 interval_ms=22.521791 paused=false
PRESENT CADENCE frame=2685 interval_ms=0.528459 paused=false
PRESENT CADENCE frame=2686 interval_ms=16.221666 paused=false
FULL MODEL WORKER work_ms=2005.524 physics_ms=1034.554 mesh_ms=446.125 partition_ms=32.216 streams_ms=492.628
FULL MODEL CPU UPLOAD stage_ms=42.092
PRESENT CADENCE frame=2687 interval_ms=42.941459 paused=false
PRESENT CADENCE frame=2688 interval_ms=1.171500 paused=false
PRESENT CADENCE frame=2689 interval_ms=26.206041 paused=false
PRESENT CADENCE frame=2690 interval_ms=0.632792 paused=false
PRESENT CADENCE frame=2691 interval_ms=19.688333 paused=false
PRESENT CADENCE frame=2692 interval_ms=2.229500 paused=false
PRESENT CADENCE frame=2693 interval_ms=18.178292 paused=false
PRESENT CADENCE frame=2694 interval_ms=0.258125 paused=false
PRESENT CADENCE frame=2695 interval_ms=14.935958 paused=false
PRESENT CADENCE frame=2696 interval_ms=0.436209 paused=false
PRESENT CADENCE frame=2697 interval_ms=21.881791 paused=false
PRESENT CADENCE frame=2698 interval_ms=0.267834 paused=false
PRESENT CADENCE frame=2699 interval_ms=20.859666 paused=false
PRESENT CADENCE frame=2700 interval_ms=0.321084 paused=false
PRESENT CADENCE frame=2701 interval_ms=16.439541 paused=false
PRESENT CADENCE frame=2702 interval_ms=0.474209 paused=false
PRESENT CADENCE frame=2703 interval_ms=20.685458 paused=false
PRESENT CADENCE frame=2704 interval_ms=0.300625 paused=false
PRESENT CADENCE frame=2705 interval_ms=20.899333 paused=false
PRESENT CADENCE frame=2706 interval_ms=0.357959 paused=false
PRESENT CADENCE frame=2707 interval_ms=20.347750 paused=false
PRESENT CADENCE frame=2708 interval_ms=0.439083 paused=false
PRESENT CADENCE frame=2709 interval_ms=19.874792 paused=false
PRESENT CADENCE frame=2710 interval_ms=0.273000 paused=false
PRESENT CADENCE frame=2711 interval_ms=18.947250 paused=false
PRESENT CADENCE frame=2712 interval_ms=0.330458 paused=false
PRESENT CADENCE frame=2713 interval_ms=18.941792 paused=false
PRESENT CADENCE frame=2714 interval_ms=0.396125 paused=false
PRESENT CADENCE frame=2715 interval_ms=19.287625 paused=false
PRESENT CADENCE frame=2716 interval_ms=0.288708 paused=false
PRESENT CADENCE frame=2717 interval_ms=15.653583 paused=false
PRESENT CADENCE frame=2718 interval_ms=17.264042 paused=false
PRESENT CADENCE frame=2719 interval_ms=0.545000 paused=false
PRESENT CADENCE frame=2720 interval_ms=17.251625 paused=false
PRESENT CADENCE frame=2721 interval_ms=0.448208 paused=false
PRESENT CADENCE frame=2722 interval_ms=14.796542 paused=false
PRESENT CADENCE frame=2723 interval_ms=0.402417 paused=false
PRESENT CADENCE frame=2724 interval_ms=15.252750 paused=false
PRESENT CADENCE frame=2725 interval_ms=15.863166 paused=false
PRESENT CADENCE frame=2726 interval_ms=3.750334 paused=false
PRESENT CADENCE frame=2727 interval_ms=0.391166 paused=false
PRESENT CADENCE frame=2728 interval_ms=21.778459 paused=false
PRESENT CADENCE frame=2729 interval_ms=0.461125 paused=false
PRESENT CADENCE frame=2730 interval_ms=19.766166 paused=false
PRESENT CADENCE frame=2731 interval_ms=0.414417 paused=false
PRESENT CADENCE frame=2732 interval_ms=18.692000 paused=false
PRESENT CADENCE frame=2733 interval_ms=0.492708 paused=false
PRESENT CADENCE frame=2734 interval_ms=19.466125 paused=false
PRESENT CADENCE frame=2735 interval_ms=0.512667 paused=false
PRESENT CADENCE frame=2736 interval_ms=18.108625 paused=false
PRESENT CADENCE frame=2737 interval_ms=0.490417 paused=false
PRESENT CADENCE frame=2738 interval_ms=17.574750 paused=false
PRESENT CADENCE frame=2739 interval_ms=0.778833 paused=false
PRESENT CADENCE frame=2740 interval_ms=22.465625 paused=false
PRESENT CADENCE frame=2741 interval_ms=0.390792 paused=false
PRESENT CADENCE frame=2742 interval_ms=22.554041 paused=false
PRESENT CADENCE frame=2743 interval_ms=0.459292 paused=false
PRESENT CADENCE frame=2744 interval_ms=19.634000 paused=false
PRESENT CADENCE frame=2745 interval_ms=0.226292 paused=false
PRESENT CADENCE frame=2746 interval_ms=15.401625 paused=false
PRESENT CADENCE frame=2747 interval_ms=19.184291 paused=false
PRESENT CADENCE frame=2748 interval_ms=0.278584 paused=false
PRESENT CADENCE frame=2749 interval_ms=20.638125 paused=false
PRESENT CADENCE frame=2750 interval_ms=0.515416 paused=false
PRESENT CADENCE frame=2751 interval_ms=18.950959 paused=false
PRESENT CADENCE frame=2752 interval_ms=0.823666 paused=false
PRESENT CADENCE frame=2753 interval_ms=19.882542 paused=false
PRESENT CADENCE frame=2754 interval_ms=0.504542 paused=false
PRESENT CADENCE frame=2755 interval_ms=18.664250 paused=false
PRESENT CADENCE frame=2756 interval_ms=0.491708 paused=false
PRESENT CADENCE frame=2757 interval_ms=19.715250 paused=false
PRESENT CADENCE frame=2758 interval_ms=0.590083 paused=false
PRESENT CADENCE frame=2759 interval_ms=18.962917 paused=false
PRESENT CADENCE frame=2760 interval_ms=0.457958 paused=false
PRESENT CADENCE frame=2761 interval_ms=17.396917 paused=false
PRESENT CADENCE frame=2762 interval_ms=14.954208 paused=false
PRESENT CADENCE frame=2763 interval_ms=7.050792 paused=false
PRESENT CADENCE frame=2764 interval_ms=0.630833 paused=false
PRESENT CADENCE frame=2765 interval_ms=21.680125 paused=false
PRESENT CADENCE frame=2766 interval_ms=0.561584 paused=false
PRESENT CADENCE frame=2767 interval_ms=21.550500 paused=false
PRESENT CADENCE frame=2768 interval_ms=0.472583 paused=false
PRESENT CADENCE frame=2769 interval_ms=23.014292 paused=false
PRESENT CADENCE frame=2770 interval_ms=0.577791 paused=false
PRESENT CADENCE frame=2771 interval_ms=21.718709 paused=false
PRESENT CADENCE frame=2772 interval_ms=0.453958 paused=false
PRESENT CADENCE frame=2773 interval_ms=20.488917 paused=false
PRESENT CADENCE frame=2774 interval_ms=1.043541 paused=false
PRESENT CADENCE frame=2775 interval_ms=21.986709 paused=false
PRESENT CADENCE frame=2776 interval_ms=0.689458 paused=false
PRESENT CADENCE frame=2777 interval_ms=20.711667 paused=false
PRESENT CADENCE frame=2778 interval_ms=0.517500 paused=false
PRESENT CADENCE frame=2779 interval_ms=16.015291 paused=false
PRESENT CADENCE frame=2780 interval_ms=0.621084 paused=false
PRESENT CADENCE frame=2781 interval_ms=19.918083 paused=false
PRESENT CADENCE frame=2782 interval_ms=0.450125 paused=false
PRESENT CADENCE frame=2783 interval_ms=19.125000 paused=false
PRESENT CADENCE frame=2784 interval_ms=0.494417 paused=false
PRESENT CADENCE frame=2785 interval_ms=20.147125 paused=false
PRESENT CADENCE frame=2786 interval_ms=0.565750 paused=false
PRESENT CADENCE frame=2787 interval_ms=19.958333 paused=false
PRESENT CADENCE frame=2788 interval_ms=0.450333 paused=false
PRESENT CADENCE frame=2789 interval_ms=18.296042 paused=false
PRESENT CADENCE frame=2790 interval_ms=0.415583 paused=false
PRESENT CADENCE frame=2791 interval_ms=16.921375 paused=false
PRESENT CADENCE frame=2792 interval_ms=0.424334 paused=false
PRESENT CADENCE frame=2793 interval_ms=21.242708 paused=false
PRESENT CADENCE frame=2794 interval_ms=0.466833 paused=false
PRESENT CADENCE frame=2795 interval_ms=21.394167 paused=false
PRESENT CADENCE frame=2796 interval_ms=0.525042 paused=false
PRESENT CADENCE frame=2797 interval_ms=22.026208 paused=false
PRESENT CADENCE frame=2798 interval_ms=0.691583 paused=false
PRESENT CADENCE frame=2799 interval_ms=21.167625 paused=false
PRESENT CADENCE frame=2800 interval_ms=2.635542 paused=false
PRESENT CADENCE frame=2801 interval_ms=16.921542 paused=false
PRESENT CADENCE frame=2802 interval_ms=0.411708 paused=false
PRESENT CADENCE frame=2803 interval_ms=20.236708 paused=false
PRESENT CADENCE frame=2804 interval_ms=0.620125 paused=false
PRESENT CADENCE frame=2805 interval_ms=19.128792 paused=false
PRESENT CADENCE frame=2806 interval_ms=0.368917 paused=false
PRESENT CADENCE frame=2807 interval_ms=19.366791 paused=false
PRESENT CADENCE frame=2808 interval_ms=0.547667 paused=false
PRESENT CADENCE frame=2809 interval_ms=20.149833 paused=false
PRESENT CADENCE frame=2810 interval_ms=0.409750 paused=false
PRESENT CADENCE frame=2811 interval_ms=21.700625 paused=false
PRESENT CADENCE frame=2812 interval_ms=0.498750 paused=false
PRESENT CADENCE frame=2813 interval_ms=21.980792 paused=false
PRESENT CADENCE frame=2814 interval_ms=0.436417 paused=false
PRESENT CADENCE frame=2815 interval_ms=21.192333 paused=false
PRESENT CADENCE frame=2816 interval_ms=0.472625 paused=false
PRESENT CADENCE frame=2817 interval_ms=21.663292 paused=false
PRESENT CADENCE frame=2818 interval_ms=0.391125 paused=false
PRESENT CADENCE frame=2819 interval_ms=19.638750 paused=false
PRESENT CADENCE frame=2820 interval_ms=0.526541 paused=false
PRESENT CADENCE frame=2821 interval_ms=19.789667 paused=false
PRESENT CADENCE frame=2822 interval_ms=0.424333 paused=false
PRESENT CADENCE frame=2823 interval_ms=20.868250 paused=false
PRESENT CADENCE frame=2824 interval_ms=0.479500 paused=false
PRESENT CADENCE frame=2825 interval_ms=19.235000 paused=false
PRESENT CADENCE frame=2826 interval_ms=0.632834 paused=false
PRESENT CADENCE frame=2827 interval_ms=19.650125 paused=false
PRESENT CADENCE frame=2828 interval_ms=0.683166 paused=false
PRESENT CADENCE frame=2829 interval_ms=20.023500 paused=false
PRESENT CADENCE frame=2830 interval_ms=0.492625 paused=false
PRESENT CADENCE frame=2831 interval_ms=18.481834 paused=false
PRESENT CADENCE frame=2832 interval_ms=0.422375 paused=false
PRESENT CADENCE frame=2833 interval_ms=19.882458 paused=false
PRESENT CADENCE frame=2834 interval_ms=0.509667 paused=false
PRESENT CADENCE frame=2835 interval_ms=23.766166 paused=false
PRESENT CADENCE frame=2836 interval_ms=0.414709 paused=false
PRESENT CADENCE frame=2837 interval_ms=22.266875 paused=false
PRESENT CADENCE frame=2838 interval_ms=0.407500 paused=false
PRESENT CADENCE frame=2839 interval_ms=21.322416 paused=false
PRESENT CADENCE frame=2840 interval_ms=0.427125 paused=false
PRESENT CADENCE frame=2841 interval_ms=20.624959 paused=false
PRESENT CADENCE frame=2842 interval_ms=0.681916 paused=false
PRESENT CADENCE frame=2843 interval_ms=19.156375 paused=false
PRESENT CADENCE frame=2844 interval_ms=0.509375 paused=false
PRESENT CADENCE frame=2845 interval_ms=14.407417 paused=false
PRESENT CADENCE frame=2846 interval_ms=14.754917 paused=false
PRESENT CADENCE frame=2847 interval_ms=0.278291 paused=false
PRESENT CADENCE frame=2848 interval_ms=20.321750 paused=false
PRESENT CADENCE frame=2849 interval_ms=0.324459 paused=false
PRESENT CADENCE frame=2850 interval_ms=21.798541 paused=false
PRESENT CADENCE frame=2851 interval_ms=0.399417 paused=false
PRESENT CADENCE frame=2852 interval_ms=19.728750 paused=false
PRESENT CADENCE frame=2853 interval_ms=0.262250 paused=false
PRESENT CADENCE frame=2854 interval_ms=20.199708 paused=false
PRESENT CADENCE frame=2855 interval_ms=0.329209 paused=false
PRESENT CADENCE frame=2856 interval_ms=18.958500 paused=false
PRESENT CADENCE frame=2857 interval_ms=0.372708 paused=false
PRESENT CADENCE frame=2858 interval_ms=14.862625 paused=false
PRESENT CADENCE frame=2859 interval_ms=0.268125 paused=false
PRESENT CADENCE frame=2860 interval_ms=23.889292 paused=false
PRESENT CADENCE frame=2861 interval_ms=0.285875 paused=false
PRESENT CADENCE frame=2862 interval_ms=17.411833 paused=false
PRESENT CADENCE frame=2863 interval_ms=0.262167 paused=false
PRESENT CADENCE frame=2864 interval_ms=20.514958 paused=false
PRESENT CADENCE frame=2865 interval_ms=0.461500 paused=false
PRESENT CADENCE frame=2866 interval_ms=19.849667 paused=false
PRESENT CADENCE frame=2867 interval_ms=0.345916 paused=false
PRESENT CADENCE frame=2868 interval_ms=20.854375 paused=false
PRESENT CADENCE frame=2869 interval_ms=0.296084 paused=false
PRESENT CADENCE frame=2870 interval_ms=19.599791 paused=false
PRESENT CADENCE frame=2871 interval_ms=0.272834 paused=false
PRESENT CADENCE frame=2872 interval_ms=18.447958 paused=false
PRESENT CADENCE frame=2873 interval_ms=0.284625 paused=false
PRESENT CADENCE frame=2874 interval_ms=18.935583 paused=false
PRESENT CADENCE frame=2875 interval_ms=0.208209 paused=false
PRESENT CADENCE frame=2876 interval_ms=18.073666 paused=false
PRESENT CADENCE frame=2877 interval_ms=0.431917 paused=false
PRESENT CADENCE frame=2878 interval_ms=18.596250 paused=false
PRESENT CADENCE frame=2879 interval_ms=0.408250 paused=false
PRESENT CADENCE frame=2880 interval_ms=15.957250 paused=false
PRESENT CADENCE frame=2881 interval_ms=0.405375 paused=false
PRESENT CADENCE frame=2882 interval_ms=15.326958 paused=false
PRESENT CADENCE frame=2883 interval_ms=0.341042 paused=false
PRESENT CADENCE frame=2884 interval_ms=24.476542 paused=false
PRESENT CADENCE frame=2885 interval_ms=0.298208 paused=false
PRESENT CADENCE frame=2886 interval_ms=15.578958 paused=false
PRESENT CADENCE frame=2887 interval_ms=0.359792 paused=false
PRESENT CADENCE frame=2888 interval_ms=21.231500 paused=false
PRESENT CADENCE frame=2889 interval_ms=0.316583 paused=false
PRESENT CADENCE frame=2890 interval_ms=21.112209 paused=false
PRESENT CADENCE frame=2891 interval_ms=0.314458 paused=false
PRESENT CADENCE frame=2892 interval_ms=20.296250 paused=false
PRESENT CADENCE frame=2893 interval_ms=0.599583 paused=false
PRESENT CADENCE frame=2894 interval_ms=18.799167 paused=false
PRESENT CADENCE frame=2895 interval_ms=0.434542 paused=false
PRESENT CADENCE frame=2896 interval_ms=17.999375 paused=false
FULL MODEL WORKER work_ms=2172.573 physics_ms=1187.488 mesh_ms=435.731 partition_ms=28.450 streams_ms=520.905
FULL MODEL CPU UPLOAD stage_ms=44.473
PRESENT CADENCE frame=2897 interval_ms=45.025000 paused=false
PRESENT CADENCE frame=2898 interval_ms=2.007333 paused=false
PRESENT CADENCE frame=2899 interval_ms=10.785917 paused=false
PRESENT CADENCE frame=2900 interval_ms=0.535125 paused=false
PRESENT CADENCE frame=2901 interval_ms=17.297083 paused=false
PRESENT CADENCE frame=2902 interval_ms=25.307500 paused=false
PRESENT CADENCE frame=2903 interval_ms=0.662208 paused=false
PRESENT CADENCE frame=2904 interval_ms=18.889542 paused=false
PRESENT CADENCE frame=2905 interval_ms=0.374417 paused=false
PRESENT CADENCE frame=2906 interval_ms=19.156041 paused=false
PRESENT CADENCE frame=2907 interval_ms=0.385334 paused=false
PRESENT CADENCE frame=2908 interval_ms=18.706458 paused=false
PRESENT CADENCE frame=2909 interval_ms=0.510833 paused=false
PRESENT CADENCE frame=2910 interval_ms=19.075625 paused=false
PRESENT CADENCE frame=2911 interval_ms=0.588334 paused=false
PRESENT CADENCE frame=2912 interval_ms=18.847916 paused=false
PRESENT CADENCE frame=2913 interval_ms=0.386000 paused=false
PRESENT CADENCE frame=2914 interval_ms=17.399375 paused=false
PRESENT CADENCE frame=2915 interval_ms=0.421959 paused=false
PRESENT CADENCE frame=2916 interval_ms=15.459458 paused=false
PRESENT CADENCE frame=2917 interval_ms=0.565667 paused=false
PRESENT CADENCE frame=2918 interval_ms=16.945041 paused=false
PRESENT CADENCE frame=2919 interval_ms=0.595834 paused=false
PRESENT CADENCE frame=2920 interval_ms=17.210208 paused=false
PRESENT CADENCE frame=2921 interval_ms=0.574917 paused=false
PRESENT CADENCE frame=2922 interval_ms=16.910333 paused=false
PRESENT CADENCE frame=2923 interval_ms=0.561125 paused=false
PRESENT CADENCE frame=2924 interval_ms=18.730167 paused=false
PRESENT CADENCE frame=2925 interval_ms=0.554666 paused=false
PRESENT CADENCE frame=2926 interval_ms=18.981125 paused=false
PRESENT CADENCE frame=2927 interval_ms=0.571750 paused=false
PRESENT CADENCE frame=2928 interval_ms=16.655125 paused=false
PRESENT CADENCE frame=2929 interval_ms=0.368000 paused=false
PRESENT CADENCE frame=2930 interval_ms=22.248459 paused=false
PRESENT CADENCE frame=2931 interval_ms=0.550666 paused=false
PRESENT CADENCE frame=2932 interval_ms=20.137959 paused=false
PRESENT CADENCE frame=2933 interval_ms=0.623000 paused=false
PRESENT CADENCE frame=2934 interval_ms=20.890208 paused=false
PRESENT CADENCE frame=2935 interval_ms=4.105667 paused=false
PRESENT CADENCE frame=2936 interval_ms=17.309333 paused=false
PRESENT CADENCE frame=2937 interval_ms=0.540792 paused=false
PRESENT CADENCE frame=2938 interval_ms=21.073208 paused=false
PRESENT CADENCE frame=2939 interval_ms=0.608750 paused=false
PRESENT CADENCE frame=2940 interval_ms=19.711917 paused=false
PRESENT CADENCE frame=2941 interval_ms=0.423041 paused=false
PRESENT CADENCE frame=2942 interval_ms=20.849459 paused=false
PRESENT CADENCE frame=2943 interval_ms=0.552000 paused=false
PRESENT CADENCE frame=2944 interval_ms=18.399375 paused=false
PRESENT CADENCE frame=2945 interval_ms=0.580333 paused=false
PRESENT CADENCE frame=2946 interval_ms=18.778500 paused=false
PRESENT CADENCE frame=2947 interval_ms=0.497083 paused=false
PRESENT CADENCE frame=2948 interval_ms=21.825250 paused=false
PRESENT CADENCE frame=2949 interval_ms=0.628875 paused=false
PRESENT CADENCE frame=2950 interval_ms=20.831334 paused=false
PRESENT CADENCE frame=2951 interval_ms=0.530583 paused=false
PRESENT CADENCE frame=2952 interval_ms=25.786458 paused=false
PRESENT CADENCE frame=2953 interval_ms=0.412334 paused=false
PRESENT CADENCE frame=2954 interval_ms=22.606833 paused=false
PRESENT CADENCE frame=2955 interval_ms=0.293167 paused=false
PRESENT CADENCE frame=2956 interval_ms=20.778333 paused=false
PRESENT CADENCE frame=2957 interval_ms=0.276125 paused=false
PRESENT CADENCE frame=2958 interval_ms=20.962250 paused=false
PRESENT CADENCE frame=2959 interval_ms=0.263667 paused=false
PRESENT CADENCE frame=2960 interval_ms=21.836416 paused=false
PRESENT CADENCE frame=2961 interval_ms=0.460417 paused=false
PRESENT CADENCE frame=2962 interval_ms=19.625167 paused=false
PRESENT CADENCE frame=2963 interval_ms=0.436166 paused=false
PRESENT CADENCE frame=2964 interval_ms=20.796375 paused=false
PRESENT CADENCE frame=2965 interval_ms=0.204459 paused=false
PRESENT CADENCE frame=2966 interval_ms=20.199791 paused=false
PRESENT CADENCE frame=2967 interval_ms=0.370834 paused=false
PRESENT CADENCE frame=2968 interval_ms=17.135000 paused=false
PRESENT CADENCE frame=2969 interval_ms=0.268250 paused=false
PRESENT CADENCE frame=2970 interval_ms=20.435625 paused=false
PRESENT CADENCE frame=2971 interval_ms=0.219250 paused=false
PRESENT CADENCE frame=2972 interval_ms=19.191541 paused=false
PRESENT CADENCE frame=2973 interval_ms=0.726959 paused=false
PRESENT CADENCE frame=2974 interval_ms=18.291333 paused=false
PRESENT CADENCE frame=2975 interval_ms=0.242458 paused=false
PRESENT CADENCE frame=2976 interval_ms=16.012959 paused=false
PRESENT CADENCE frame=2977 interval_ms=0.318083 paused=false
PRESENT CADENCE frame=2978 interval_ms=22.256208 paused=false
PRESENT CADENCE frame=2979 interval_ms=0.253375 paused=false
PRESENT CADENCE frame=2980 interval_ms=22.143875 paused=false
PRESENT CADENCE frame=2981 interval_ms=0.229417 paused=false
PRESENT CADENCE frame=2982 interval_ms=21.692417 paused=false
PRESENT CADENCE frame=2983 interval_ms=0.269583 paused=false
PRESENT CADENCE frame=2984 interval_ms=19.517833 paused=false
PRESENT CADENCE frame=2985 interval_ms=0.305000 paused=false
PRESENT CADENCE frame=2986 interval_ms=18.751334 paused=false
PRESENT CADENCE frame=2987 interval_ms=0.232833 paused=false
PRESENT CADENCE frame=2988 interval_ms=18.506875 paused=false
PRESENT CADENCE frame=2989 interval_ms=0.436875 paused=false
PRESENT CADENCE frame=2990 interval_ms=21.482042 paused=false
PRESENT CADENCE frame=2991 interval_ms=0.275541 paused=false
PRESENT CADENCE frame=2992 interval_ms=18.746084 paused=false
PRESENT CADENCE frame=2993 interval_ms=0.379791 paused=false
PRESENT CADENCE frame=2994 interval_ms=19.312334 paused=false
PRESENT CADENCE frame=2995 interval_ms=0.283250 paused=false
PRESENT CADENCE frame=2996 interval_ms=18.212708 paused=false
PRESENT CADENCE frame=2997 interval_ms=0.245750 paused=false
PRESENT CADENCE frame=2998 interval_ms=20.471750 paused=false
PRESENT CADENCE frame=2999 interval_ms=0.385792 paused=false
PRESENT CADENCE frame=3000 interval_ms=16.450416 paused=false
PRESENT CADENCE frame=3001 interval_ms=0.285625 paused=false
PRESENT CADENCE frame=3002 interval_ms=14.981209 paused=false
PRESENT CADENCE frame=3003 interval_ms=0.266666 paused=false
PRESENT CADENCE frame=3004 interval_ms=20.161584 paused=false
PRESENT CADENCE frame=3005 interval_ms=0.360375 paused=false
PRESENT CADENCE frame=3006 interval_ms=20.815041 paused=false
PRESENT CADENCE frame=3007 interval_ms=0.190625 paused=false
PRESENT CADENCE frame=3008 interval_ms=22.075084 paused=false
PRESENT CADENCE frame=3009 interval_ms=0.276000 paused=false
PRESENT CADENCE frame=3010 interval_ms=21.332791 paused=false
PRESENT CADENCE frame=3011 interval_ms=0.230375 paused=false
PRESENT CADENCE frame=3012 interval_ms=22.813000 paused=false
PRESENT CADENCE frame=3013 interval_ms=0.249209 paused=false
PRESENT CADENCE frame=3014 interval_ms=19.789875 paused=false
PRESENT CADENCE frame=3015 interval_ms=0.416916 paused=false
PRESENT CADENCE frame=3016 interval_ms=21.763459 paused=false
PRESENT CADENCE frame=3017 interval_ms=0.303875 paused=false
PRESENT CADENCE frame=3018 interval_ms=20.649916 paused=false
PRESENT CADENCE frame=3019 interval_ms=0.278250 paused=false
PRESENT CADENCE frame=3020 interval_ms=16.580750 paused=false
PRESENT CADENCE frame=3021 interval_ms=0.227875 paused=false
PRESENT CADENCE frame=3022 interval_ms=20.838709 paused=false
PRESENT CADENCE frame=3023 interval_ms=0.436375 paused=false
PRESENT CADENCE frame=3024 interval_ms=22.358125 paused=false
PRESENT CADENCE frame=3025 interval_ms=0.335833 paused=false
PRESENT CADENCE frame=3026 interval_ms=20.954042 paused=false
PRESENT CADENCE frame=3027 interval_ms=0.306291 paused=false
PRESENT CADENCE frame=3028 interval_ms=20.669000 paused=false
PRESENT CADENCE frame=3029 interval_ms=0.265459 paused=false
PRESENT CADENCE frame=3030 interval_ms=20.177791 paused=false
PRESENT CADENCE frame=3031 interval_ms=0.374334 paused=false
PRESENT CADENCE frame=3032 interval_ms=19.246708 paused=false
PRESENT CADENCE frame=3033 interval_ms=0.347583 paused=false
PRESENT CADENCE frame=3034 interval_ms=20.166542 paused=false
PRESENT CADENCE frame=3035 interval_ms=0.231875 paused=false
PRESENT CADENCE frame=3036 interval_ms=20.138375 paused=false
PRESENT CADENCE frame=3037 interval_ms=0.338583 paused=false
PRESENT CADENCE frame=3038 interval_ms=20.379167 paused=false
PRESENT CADENCE frame=3039 interval_ms=0.295083 paused=false
PRESENT CADENCE frame=3040 interval_ms=20.620292 paused=false
PRESENT CADENCE frame=3041 interval_ms=0.539250 paused=false
PRESENT CADENCE frame=3042 interval_ms=19.527875 paused=false
PRESENT CADENCE frame=3043 interval_ms=0.337292 paused=false
PRESENT CADENCE frame=3044 interval_ms=13.966333 paused=false
PRESENT CADENCE frame=3045 interval_ms=0.281042 paused=false
PRESENT CADENCE frame=3046 interval_ms=15.102916 paused=false
PRESENT CADENCE frame=3047 interval_ms=0.278875 paused=false
PRESENT CADENCE frame=3048 interval_ms=20.251167 paused=false
PRESENT CADENCE frame=3049 interval_ms=0.274708 paused=false
PRESENT CADENCE frame=3050 interval_ms=20.612750 paused=false
PRESENT CADENCE frame=3051 interval_ms=0.259500 paused=false
PRESENT CADENCE frame=3052 interval_ms=20.749750 paused=false
PRESENT CADENCE frame=3053 interval_ms=0.264834 paused=false
PRESENT CADENCE frame=3054 interval_ms=20.027541 paused=false
PRESENT CADENCE frame=3055 interval_ms=0.240417 paused=false
PRESENT CADENCE frame=3056 interval_ms=13.893292 paused=false
PRESENT CADENCE frame=3057 interval_ms=13.712875 paused=false
PRESENT CADENCE frame=3058 interval_ms=5.627625 paused=false
PRESENT CADENCE frame=3059 interval_ms=0.406041 paused=false
PRESENT CADENCE frame=3060 interval_ms=20.451042 paused=false
PRESENT CADENCE frame=3061 interval_ms=0.300958 paused=false
PRESENT CADENCE frame=3062 interval_ms=16.635167 paused=false
PRESENT CADENCE frame=3063 interval_ms=0.258250 paused=false
PRESENT CADENCE frame=3064 interval_ms=21.241125 paused=false
PRESENT CADENCE frame=3065 interval_ms=0.263458 paused=false
PRESENT CADENCE frame=3066 interval_ms=25.933667 paused=false
PRESENT CADENCE frame=3067 interval_ms=0.238083 paused=false
PRESENT CADENCE frame=3068 interval_ms=18.736459 paused=false
PRESENT CADENCE frame=3069 interval_ms=0.368000 paused=false
PRESENT CADENCE frame=3070 interval_ms=20.527875 paused=false
PRESENT CADENCE frame=3071 interval_ms=0.308666 paused=false
PRESENT CADENCE frame=3072 interval_ms=19.286834 paused=false
PRESENT CADENCE frame=3073 interval_ms=0.517208 paused=false
PRESENT CADENCE frame=3074 interval_ms=24.144500 paused=false
PRESENT CADENCE frame=3075 interval_ms=0.337458 paused=false
PRESENT CADENCE frame=3076 interval_ms=19.235500 paused=false
PRESENT CADENCE frame=3077 interval_ms=0.414834 paused=false
PRESENT CADENCE frame=3078 interval_ms=19.310291 paused=false
PRESENT CADENCE frame=3079 interval_ms=0.283334 paused=false
PRESENT CADENCE frame=3080 interval_ms=20.929125 paused=false
PRESENT CADENCE frame=3081 interval_ms=0.298958 paused=false
PRESENT CADENCE frame=3082 interval_ms=20.303000 paused=false
PRESENT CADENCE frame=3083 interval_ms=0.243125 paused=false
PRESENT CADENCE frame=3084 interval_ms=20.312250 paused=false
PRESENT CADENCE frame=3085 interval_ms=0.216208 paused=false
PRESENT CADENCE frame=3086 interval_ms=20.861167 paused=false
PRESENT CADENCE frame=3087 interval_ms=0.340458 paused=false
PRESENT CADENCE frame=3088 interval_ms=23.885334 paused=false
PRESENT CADENCE frame=3089 interval_ms=0.277833 paused=false
PRESENT CADENCE frame=3090 interval_ms=22.293042 paused=false
PRESENT CADENCE frame=3091 interval_ms=0.305625 paused=false
PRESENT CADENCE frame=3092 interval_ms=22.250041 paused=false
PRESENT CADENCE frame=3093 interval_ms=0.290459 paused=false
PRESENT CADENCE frame=3094 interval_ms=21.983541 paused=false
PRESENT CADENCE frame=3095 interval_ms=0.366250 paused=false
PRESENT CADENCE frame=3096 interval_ms=21.063959 paused=false
PRESENT CADENCE frame=3097 interval_ms=0.231041 paused=false
PRESENT CADENCE frame=3098 interval_ms=20.069959 paused=false
PRESENT CADENCE frame=3099 interval_ms=1.087208 paused=false
PRESENT CADENCE frame=3100 interval_ms=21.003167 paused=false
PRESENT CADENCE frame=3101 interval_ms=0.278541 paused=false
PRESENT CADENCE frame=3102 interval_ms=20.142667 paused=false
FULL MODEL WORKER work_ms=2122.137 physics_ms=1157.633 mesh_ms=407.745 partition_ms=26.661 streams_ms=530.098
FULL MODEL CPU UPLOAD stage_ms=38.961
PRESENT CADENCE frame=3103 interval_ms=43.350333 paused=false
PRESENT CADENCE frame=3104 interval_ms=1.667209 paused=false
PRESENT CADENCE frame=3105 interval_ms=17.093375 paused=false
PRESENT CADENCE frame=3106 interval_ms=0.241875 paused=false
PRESENT CADENCE frame=3107 interval_ms=20.158166 paused=false
PRESENT CADENCE frame=3108 interval_ms=0.333334 paused=false
PRESENT CADENCE frame=3109 interval_ms=20.921083 paused=false
PRESENT CADENCE frame=3110 interval_ms=0.525875 paused=false
PRESENT CADENCE frame=3111 interval_ms=15.776625 paused=false
PRESENT CADENCE frame=3112 interval_ms=15.117458 paused=false
PRESENT CADENCE frame=3113 interval_ms=6.219042 paused=false
PRESENT CADENCE frame=3114 interval_ms=0.229917 paused=false
PRESENT CADENCE frame=3115 interval_ms=21.037333 paused=false
PRESENT CADENCE frame=3116 interval_ms=0.312750 paused=false
PRESENT CADENCE frame=3117 interval_ms=20.027042 paused=false
PRESENT CADENCE frame=3118 interval_ms=0.335000 paused=false
PRESENT CADENCE frame=3119 interval_ms=17.788000 paused=false
PRESENT CADENCE frame=3120 interval_ms=0.239083 paused=false
PRESENT CADENCE frame=3121 interval_ms=18.901708 paused=false
PRESENT CADENCE frame=3122 interval_ms=0.399375 paused=false
PRESENT CADENCE frame=3123 interval_ms=22.935667 paused=false
PRESENT CADENCE frame=3124 interval_ms=0.296708 paused=false
PRESENT CADENCE frame=3125 interval_ms=22.979792 paused=false
PRESENT CADENCE frame=3126 interval_ms=0.246542 paused=false
PRESENT CADENCE frame=3127 interval_ms=21.839625 paused=false
PRESENT CADENCE frame=3128 interval_ms=0.300208 paused=false
PRESENT CADENCE frame=3129 interval_ms=21.112042 paused=false
PRESENT CADENCE frame=3130 interval_ms=0.227500 paused=false
PRESENT CADENCE frame=3131 interval_ms=20.142916 paused=false
PRESENT CADENCE frame=3132 interval_ms=0.280667 paused=false
PRESENT CADENCE frame=3133 interval_ms=20.489750 paused=false
PRESENT CADENCE frame=3134 interval_ms=0.494750 paused=false
PRESENT CADENCE frame=3135 interval_ms=18.001208 paused=false
PRESENT CADENCE frame=3136 interval_ms=0.260709 paused=false
PRESENT CADENCE frame=3137 interval_ms=20.398125 paused=false
PRESENT CADENCE frame=3138 interval_ms=0.245833 paused=false
PRESENT CADENCE frame=3139 interval_ms=20.709042 paused=false
PRESENT CADENCE frame=3140 interval_ms=0.360916 paused=false
PRESENT CADENCE frame=3141 interval_ms=20.041917 paused=false
PRESENT CADENCE frame=3142 interval_ms=0.339125 paused=false
PRESENT CADENCE frame=3143 interval_ms=20.725292 paused=false
PRESENT CADENCE frame=3144 interval_ms=0.372833 paused=false
PRESENT CADENCE frame=3145 interval_ms=16.785792 paused=false
PRESENT CADENCE frame=3146 interval_ms=0.297333 paused=false
PRESENT CADENCE frame=3147 interval_ms=19.211708 paused=false
PRESENT CADENCE frame=3148 interval_ms=0.430084 paused=false
PRESENT CADENCE frame=3149 interval_ms=21.083208 paused=false
PRESENT CADENCE frame=3150 interval_ms=0.286583 paused=false
PRESENT CADENCE frame=3151 interval_ms=20.293459 paused=false
PRESENT CADENCE frame=3152 interval_ms=0.478541 paused=false
PRESENT CADENCE frame=3153 interval_ms=15.270500 paused=false
PRESENT CADENCE frame=3154 interval_ms=0.366792 paused=false
PRESENT CADENCE frame=3155 interval_ms=22.341042 paused=false
PRESENT CADENCE frame=3156 interval_ms=0.521291 paused=false
PRESENT CADENCE frame=3157 interval_ms=19.337917 paused=false
PRESENT CADENCE frame=3158 interval_ms=0.426375 paused=false
PRESENT CADENCE frame=3159 interval_ms=19.369667 paused=false
PRESENT CADENCE frame=3160 interval_ms=0.204083 paused=false
PRESENT CADENCE frame=3161 interval_ms=19.208167 paused=false
PRESENT CADENCE frame=3162 interval_ms=0.254666 paused=false
PRESENT CADENCE frame=3163 interval_ms=16.817209 paused=false
PRESENT CADENCE frame=3164 interval_ms=0.446125 paused=false
PRESENT CADENCE frame=3165 interval_ms=20.989791 paused=false
PRESENT CADENCE frame=3166 interval_ms=0.216459 paused=false
PRESENT CADENCE frame=3167 interval_ms=21.528875 paused=false
PRESENT CADENCE frame=3168 interval_ms=0.320291 paused=false
PRESENT CADENCE frame=3169 interval_ms=19.974500 paused=false
PRESENT CADENCE frame=3170 interval_ms=0.411334 paused=false
PRESENT CADENCE frame=3171 interval_ms=19.150083 paused=false
PRESENT CADENCE frame=3172 interval_ms=0.290958 paused=false
PRESENT CADENCE frame=3173 interval_ms=19.404667 paused=false
PRESENT CADENCE frame=3174 interval_ms=0.399917 paused=false
PRESENT CADENCE frame=3175 interval_ms=20.180625 paused=false
PRESENT CADENCE frame=3176 interval_ms=0.362583 paused=false
PRESENT CADENCE frame=3177 interval_ms=18.880375 paused=false
PRESENT CADENCE frame=3178 interval_ms=0.281042 paused=false
PRESENT CADENCE frame=3179 interval_ms=19.083041 paused=false
PRESENT CADENCE frame=3180 interval_ms=0.270250 paused=false
PRESENT CADENCE frame=3181 interval_ms=19.666917 paused=false
PRESENT CADENCE frame=3182 interval_ms=0.303417 paused=false
PRESENT CADENCE frame=3183 interval_ms=16.392750 paused=false
PRESENT CADENCE frame=3184 interval_ms=0.428166 paused=false
PRESENT CADENCE frame=3185 interval_ms=22.230209 paused=false
PRESENT CADENCE frame=3186 interval_ms=0.207291 paused=false
PRESENT CADENCE frame=3187 interval_ms=21.075250 paused=false
PRESENT CADENCE frame=3188 interval_ms=0.219084 paused=false
PRESENT CADENCE frame=3189 interval_ms=20.835208 paused=false
PRESENT CADENCE frame=3190 interval_ms=0.240042 paused=false
PRESENT CADENCE frame=3191 interval_ms=19.075166 paused=false
PRESENT CADENCE frame=3192 interval_ms=0.190667 paused=false
PRESENT CADENCE frame=3193 interval_ms=21.954208 paused=false
PRESENT CADENCE frame=3194 interval_ms=0.227542 paused=false
PRESENT CADENCE frame=3195 interval_ms=18.416917 paused=false
PRESENT CADENCE frame=3196 interval_ms=0.202500 paused=false
PRESENT CADENCE frame=3197 interval_ms=12.227666 paused=false
PRESENT CADENCE frame=3198 interval_ms=0.257959 paused=false
PRESENT CADENCE frame=3199 interval_ms=12.017458 paused=false
PRESENT CADENCE frame=3200 interval_ms=0.216500 paused=false
PRESENT CADENCE frame=3201 interval_ms=23.732208 paused=false
PRESENT CADENCE frame=3202 interval_ms=0.267042 paused=false
PRESENT CADENCE frame=3203 interval_ms=19.378875 paused=false
PRESENT CADENCE frame=3204 interval_ms=0.254917 paused=false
PRESENT CADENCE frame=3205 interval_ms=17.625416 paused=false
PRESENT CADENCE frame=3206 interval_ms=0.375959 paused=false
PRESENT CADENCE frame=3207 interval_ms=17.943375 paused=false
PRESENT CADENCE frame=3208 interval_ms=0.621833 paused=false
PRESENT CADENCE frame=3209 interval_ms=17.117125 paused=false
PRESENT CADENCE frame=3210 interval_ms=0.264500 paused=false
PRESENT CADENCE frame=3211 interval_ms=18.975583 paused=false
PRESENT CADENCE frame=3212 interval_ms=0.297000 paused=false
PRESENT CADENCE frame=3213 interval_ms=16.690709 paused=false
PRESENT CADENCE frame=3214 interval_ms=0.310458 paused=false
PRESENT CADENCE frame=3215 interval_ms=20.701500 paused=false
PRESENT CADENCE frame=3216 interval_ms=0.234583 paused=false
PRESENT CADENCE frame=3217 interval_ms=22.371125 paused=false
PRESENT CADENCE frame=3218 interval_ms=0.208667 paused=false
PRESENT CADENCE frame=3219 interval_ms=21.938583 paused=false
PRESENT CADENCE frame=3220 interval_ms=0.199625 paused=false
PRESENT CADENCE frame=3221 interval_ms=21.341000 paused=false
PRESENT CADENCE frame=3222 interval_ms=0.407792 paused=false
PRESENT CADENCE frame=3223 interval_ms=20.353708 paused=false
PRESENT CADENCE frame=3224 interval_ms=0.346375 paused=false
PRESENT CADENCE frame=3225 interval_ms=19.575084 paused=false
PRESENT CADENCE frame=3226 interval_ms=0.367583 paused=false
PRESENT CADENCE frame=3227 interval_ms=19.753458 paused=false
PRESENT CADENCE frame=3228 interval_ms=0.377250 paused=false
PRESENT CADENCE frame=3229 interval_ms=19.716459 paused=false
PRESENT CADENCE frame=3230 interval_ms=0.251916 paused=false
PRESENT CADENCE frame=3231 interval_ms=17.198667 paused=false
PRESENT CADENCE frame=3232 interval_ms=0.213125 paused=false
PRESENT CADENCE frame=3233 interval_ms=15.675792 paused=false
PRESENT CADENCE frame=3234 interval_ms=0.331750 paused=false
PRESENT CADENCE frame=3235 interval_ms=21.634375 paused=false
PRESENT CADENCE frame=3236 interval_ms=0.435791 paused=false
PRESENT CADENCE frame=3237 interval_ms=22.028334 paused=false
PRESENT CADENCE frame=3238 interval_ms=0.260500 paused=false
PRESENT CADENCE frame=3239 interval_ms=22.265708 paused=false
PRESENT CADENCE frame=3240 interval_ms=0.235000 paused=false
PRESENT CADENCE frame=3241 interval_ms=21.018292 paused=false
PRESENT CADENCE frame=3242 interval_ms=0.280250 paused=false
PRESENT CADENCE frame=3243 interval_ms=20.244083 paused=false
PRESENT CADENCE frame=3244 interval_ms=0.254083 paused=false
PRESENT CADENCE frame=3245 interval_ms=18.499542 paused=false
PRESENT CADENCE frame=3246 interval_ms=0.236292 paused=false
PRESENT CADENCE frame=3247 interval_ms=20.465083 paused=false
PRESENT CADENCE frame=3248 interval_ms=0.242708 paused=false
PRESENT CADENCE frame=3249 interval_ms=18.764667 paused=false
PRESENT CADENCE frame=3250 interval_ms=0.241292 paused=false
PRESENT CADENCE frame=3251 interval_ms=17.035333 paused=false
PRESENT CADENCE frame=3252 interval_ms=0.424792 paused=false
PRESENT CADENCE frame=3253 interval_ms=22.050250 paused=false
PRESENT CADENCE frame=3254 interval_ms=0.240375 paused=false
PRESENT CADENCE frame=3255 interval_ms=20.170375 paused=false
PRESENT CADENCE frame=3256 interval_ms=0.249708 paused=false
PRESENT CADENCE frame=3257 interval_ms=21.925750 paused=false
PRESENT CADENCE frame=3258 interval_ms=0.292625 paused=false
PRESENT CADENCE frame=3259 interval_ms=22.147625 paused=false
PRESENT CADENCE frame=3260 interval_ms=0.245542 paused=false
PRESENT CADENCE frame=3261 interval_ms=21.932041 paused=false
PRESENT CADENCE frame=3262 interval_ms=0.215334 paused=false
PRESENT CADENCE frame=3263 interval_ms=21.846000 paused=false
PRESENT CADENCE frame=3264 interval_ms=0.343041 paused=false
PRESENT CADENCE frame=3265 interval_ms=22.073542 paused=false
PRESENT CADENCE frame=3266 interval_ms=0.299375 paused=false
PRESENT CADENCE frame=3267 interval_ms=19.806917 paused=false
PRESENT CADENCE frame=3268 interval_ms=0.465250 paused=false
PRESENT CADENCE frame=3269 interval_ms=19.211166 paused=false
PRESENT CADENCE frame=3270 interval_ms=0.290000 paused=false
PRESENT CADENCE frame=3271 interval_ms=19.343750 paused=false
PRESENT CADENCE frame=3272 interval_ms=0.374875 paused=false
PRESENT CADENCE frame=3273 interval_ms=21.295042 paused=false
PRESENT CADENCE frame=3274 interval_ms=0.346083 paused=false
PRESENT CADENCE frame=3275 interval_ms=22.193209 paused=false
PRESENT CADENCE frame=3276 interval_ms=0.342250 paused=false
PRESENT CADENCE frame=3277 interval_ms=22.226791 paused=false
PRESENT CADENCE frame=3278 interval_ms=0.237542 paused=false
PRESENT CADENCE frame=3279 interval_ms=21.754708 paused=false
PRESENT CADENCE frame=3280 interval_ms=0.237000 paused=false
PRESENT CADENCE frame=3281 interval_ms=20.619000 paused=false
PRESENT CADENCE frame=3282 interval_ms=0.340000 paused=false
PRESENT CADENCE frame=3283 interval_ms=19.452959 paused=false
PRESENT CADENCE frame=3284 interval_ms=0.401166 paused=false
PRESENT CADENCE frame=3285 interval_ms=19.821209 paused=false
PRESENT CADENCE frame=3286 interval_ms=0.343500 paused=false
PRESENT CADENCE frame=3287 interval_ms=20.182083 paused=false
PRESENT CADENCE frame=3288 interval_ms=0.298542 paused=false
PRESENT CADENCE frame=3289 interval_ms=19.306166 paused=false
PRESENT CADENCE frame=3290 interval_ms=0.374959 paused=false
PRESENT CADENCE frame=3291 interval_ms=22.479250 paused=false
PRESENT CADENCE frame=3292 interval_ms=0.215500 paused=false
PRESENT CADENCE frame=3293 interval_ms=21.370125 paused=false
PRESENT CADENCE frame=3294 interval_ms=0.272208 paused=false
PRESENT CADENCE frame=3295 interval_ms=21.102583 paused=false
PRESENT CADENCE frame=3296 interval_ms=0.257042 paused=false
PRESENT CADENCE frame=3297 interval_ms=22.250333 paused=false
PRESENT CADENCE frame=3298 interval_ms=0.237834 paused=false
PRESENT CADENCE frame=3299 interval_ms=21.942000 paused=false
PRESENT CADENCE frame=3300 interval_ms=0.241083 paused=false
PRESENT CADENCE frame=3301 interval_ms=20.443875 paused=false
PRESENT CADENCE frame=3302 interval_ms=0.286625 paused=false
PRESENT CADENCE frame=3303 interval_ms=15.006417 paused=false
PRESENT CADENCE frame=3304 interval_ms=19.989625 paused=false
PRESENT CADENCE frame=3305 interval_ms=0.507166 paused=false
PRESENT CADENCE frame=3306 interval_ms=19.295834 paused=false
PRESENT CADENCE frame=3307 interval_ms=0.462416 paused=false
PRESENT CADENCE frame=3308 interval_ms=23.636625 paused=false
PRESENT CADENCE frame=3309 interval_ms=0.472709 paused=false
PRESENT CADENCE frame=3310 interval_ms=17.042583 paused=false
PRESENT CADENCE frame=3311 interval_ms=0.452833 paused=false
PRESENT CADENCE frame=3312 interval_ms=22.779417 paused=false
PRESENT CADENCE frame=3313 interval_ms=0.748875 paused=false
PRESENT CADENCE frame=3314 interval_ms=20.156708 paused=false
FULL MODEL WORKER work_ms=2183.083 physics_ms=1301.352 mesh_ms=395.337 partition_ms=31.060 streams_ms=455.334
FULL MODEL CPU UPLOAD stage_ms=41.060
PRESENT CADENCE frame=3315 interval_ms=41.886167 paused=false
PRESENT CADENCE frame=3316 interval_ms=1.276417 paused=false
PRESENT CADENCE frame=3317 interval_ms=19.253708 paused=false
PRESENT CADENCE frame=3318 interval_ms=0.412250 paused=false
PRESENT CADENCE frame=3319 interval_ms=14.350000 paused=false
PRESENT CADENCE frame=3320 interval_ms=19.899083 paused=false
PRESENT CADENCE frame=3321 interval_ms=3.632584 paused=false
PRESENT CADENCE frame=3322 interval_ms=16.835291 paused=false
PRESENT CADENCE frame=3323 interval_ms=0.350917 paused=false
PRESENT CADENCE frame=3324 interval_ms=20.741125 paused=false
PRESENT CADENCE frame=3325 interval_ms=0.227583 paused=false
PRESENT CADENCE frame=3326 interval_ms=20.469459 paused=false
PRESENT CADENCE frame=3327 interval_ms=0.350208 paused=false
PRESENT CADENCE frame=3328 interval_ms=19.455417 paused=false
PRESENT CADENCE frame=3329 interval_ms=0.283208 paused=false
PRESENT CADENCE frame=3330 interval_ms=19.159083 paused=false
PRESENT CADENCE frame=3331 interval_ms=0.277334 paused=false
PRESENT CADENCE frame=3332 interval_ms=19.768541 paused=false
PRESENT CADENCE frame=3333 interval_ms=0.286000 paused=false
PRESENT CADENCE frame=3334 interval_ms=19.641084 paused=false
PRESENT CADENCE frame=3335 interval_ms=0.290041 paused=false
PRESENT CADENCE frame=3336 interval_ms=20.780959 paused=false
PRESENT CADENCE frame=3337 interval_ms=0.314958 paused=false
PRESENT CADENCE frame=3338 interval_ms=21.193500 paused=false
PRESENT CADENCE frame=3339 interval_ms=14.782667 paused=false
PRESENT CADENCE frame=3340 interval_ms=7.364375 paused=false
PRESENT CADENCE frame=3341 interval_ms=0.256916 paused=false
PRESENT CADENCE frame=3342 interval_ms=20.712042 paused=false
PRESENT CADENCE frame=3343 interval_ms=0.257917 paused=false
PRESENT CADENCE frame=3344 interval_ms=20.600958 paused=false
PRESENT CADENCE frame=3345 interval_ms=0.286958 paused=false
PRESENT CADENCE frame=3346 interval_ms=14.511417 paused=false
PRESENT CADENCE frame=3347 interval_ms=0.349625 paused=false
PRESENT CADENCE frame=3348 interval_ms=14.659667 paused=false
PRESENT CADENCE frame=3349 interval_ms=17.485166 paused=false
PRESENT CADENCE frame=3350 interval_ms=5.109750 paused=false
PRESENT CADENCE frame=3351 interval_ms=0.426209 paused=false
PRESENT CADENCE frame=3352 interval_ms=22.228166 paused=false
PRESENT CADENCE frame=3353 interval_ms=0.351292 paused=false
PRESENT CADENCE frame=3354 interval_ms=21.396750 paused=false
PRESENT CADENCE frame=3355 interval_ms=0.250500 paused=false
PRESENT CADENCE frame=3356 interval_ms=21.582833 paused=false
PRESENT CADENCE frame=3357 interval_ms=0.385834 paused=false
PRESENT CADENCE frame=3358 interval_ms=21.432333 paused=false
PRESENT CADENCE frame=3359 interval_ms=0.277583 paused=false
PRESENT CADENCE frame=3360 interval_ms=25.036500 paused=false
PRESENT CADENCE frame=3361 interval_ms=0.343709 paused=false
PRESENT CADENCE frame=3362 interval_ms=14.481166 paused=false
PRESENT CADENCE frame=3363 interval_ms=0.302917 paused=false
PRESENT CADENCE frame=3364 interval_ms=24.783000 paused=false
PRESENT CADENCE frame=3365 interval_ms=0.420000 paused=false
PRESENT CADENCE frame=3366 interval_ms=19.187625 paused=false
PRESENT CADENCE frame=3367 interval_ms=0.555708 paused=false
PRESENT CADENCE frame=3368 interval_ms=19.611000 paused=false
PRESENT CADENCE frame=3369 interval_ms=0.283875 paused=false
PRESENT CADENCE frame=3370 interval_ms=20.045375 paused=false
PRESENT CADENCE frame=3371 interval_ms=0.355875 paused=false
PRESENT CADENCE frame=3372 interval_ms=21.505084 paused=false
PRESENT CADENCE frame=3373 interval_ms=0.357750 paused=false
PRESENT CADENCE frame=3374 interval_ms=16.009416 paused=false
PRESENT CADENCE frame=3375 interval_ms=0.442750 paused=false
PRESENT CADENCE frame=3376 interval_ms=21.463209 paused=false
PRESENT CADENCE frame=3377 interval_ms=0.208291 paused=false
PRESENT CADENCE frame=3378 interval_ms=21.083084 paused=false
PRESENT CADENCE frame=3379 interval_ms=0.317541 paused=false
PRESENT CADENCE frame=3380 interval_ms=20.286709 paused=false
PRESENT CADENCE frame=3381 interval_ms=0.474541 paused=false
PRESENT CADENCE frame=3382 interval_ms=20.794167 paused=false
PRESENT CADENCE frame=3383 interval_ms=0.288167 paused=false
PRESENT CADENCE frame=3384 interval_ms=21.430291 paused=false
PRESENT CADENCE frame=3385 interval_ms=0.322875 paused=false
PRESENT CADENCE frame=3386 interval_ms=21.025375 paused=false
PRESENT CADENCE frame=3387 interval_ms=0.270042 paused=false
PRESENT CADENCE frame=3388 interval_ms=20.141042 paused=false
PRESENT CADENCE frame=3389 interval_ms=0.240666 paused=false
PRESENT CADENCE frame=3390 interval_ms=19.324459 paused=false
PRESENT CADENCE frame=3391 interval_ms=0.246416 paused=false
PRESENT CADENCE frame=3392 interval_ms=20.354417 paused=false
PRESENT CADENCE frame=3393 interval_ms=0.235250 paused=false
PRESENT CADENCE frame=3394 interval_ms=21.023042 paused=false
PRESENT CADENCE frame=3395 interval_ms=0.275875 paused=false
PRESENT CADENCE frame=3396 interval_ms=18.093666 paused=false
PRESENT CADENCE frame=3397 interval_ms=0.396417 paused=false
PRESENT CADENCE frame=3398 interval_ms=14.788917 paused=false
PRESENT CADENCE frame=3399 interval_ms=0.498375 paused=false
PRESENT CADENCE frame=3400 interval_ms=22.514916 paused=false
PRESENT CADENCE frame=3401 interval_ms=0.263875 paused=false
PRESENT CADENCE frame=3402 interval_ms=22.803667 paused=false
PRESENT CADENCE frame=3403 interval_ms=0.410667 paused=false
PRESENT CADENCE frame=3404 interval_ms=21.291416 paused=false
PRESENT CADENCE frame=3405 interval_ms=0.422000 paused=false
PRESENT CADENCE frame=3406 interval_ms=20.351834 paused=false
PRESENT CADENCE frame=3407 interval_ms=0.271333 paused=false
PRESENT CADENCE frame=3408 interval_ms=20.948125 paused=false
PRESENT CADENCE frame=3409 interval_ms=0.304875 paused=false
PRESENT CADENCE frame=3410 interval_ms=19.793458 paused=false
PRESENT CADENCE frame=3411 interval_ms=0.346000 paused=false
PRESENT CADENCE frame=3412 interval_ms=19.719375 paused=false
PRESENT CADENCE frame=3413 interval_ms=0.394459 paused=false
PRESENT CADENCE frame=3414 interval_ms=14.867208 paused=false
PRESENT CADENCE frame=3415 interval_ms=0.476208 paused=false
PRESENT CADENCE frame=3416 interval_ms=24.107125 paused=false
PRESENT CADENCE frame=3417 interval_ms=0.413084 paused=false
PRESENT CADENCE frame=3418 interval_ms=19.448833 paused=false
PRESENT CADENCE frame=3419 interval_ms=0.434375 paused=false
PRESENT CADENCE frame=3420 interval_ms=18.978875 paused=false
PRESENT CADENCE frame=3421 interval_ms=0.265958 paused=false
PRESENT CADENCE frame=3422 interval_ms=16.391125 paused=false
PRESENT CADENCE frame=3423 interval_ms=0.305625 paused=false
PRESENT CADENCE frame=3424 interval_ms=21.829459 paused=false
PRESENT CADENCE frame=3425 interval_ms=0.414833 paused=false
PRESENT CADENCE frame=3426 interval_ms=21.254833 paused=false
PRESENT CADENCE frame=3427 interval_ms=0.245917 paused=false
PRESENT CADENCE frame=3428 interval_ms=21.693417 paused=false
PRESENT CADENCE frame=3429 interval_ms=0.266458 paused=false
PRESENT CADENCE frame=3430 interval_ms=21.135000 paused=false
PRESENT CADENCE frame=3431 interval_ms=0.310333 paused=false
PRESENT CADENCE frame=3432 interval_ms=20.611667 paused=false
PRESENT CADENCE frame=3433 interval_ms=0.218500 paused=false
PRESENT CADENCE frame=3434 interval_ms=21.078000 paused=false
PRESENT CADENCE frame=3435 interval_ms=0.289792 paused=false
PRESENT CADENCE frame=3436 interval_ms=20.818333 paused=false
PRESENT CADENCE frame=3437 interval_ms=0.382125 paused=false
PRESENT CADENCE frame=3438 interval_ms=20.006833 paused=false
PRESENT CADENCE frame=3439 interval_ms=0.459917 paused=false
PRESENT CADENCE frame=3440 interval_ms=18.282625 paused=false
PRESENT CADENCE frame=3441 interval_ms=0.273917 paused=false
PRESENT CADENCE frame=3442 interval_ms=14.148333 paused=false
PRESENT CADENCE frame=3443 interval_ms=13.630250 paused=false
PRESENT CADENCE frame=3444 interval_ms=0.576292 paused=false
PRESENT CADENCE frame=3445 interval_ms=20.300333 paused=false
PRESENT CADENCE frame=3446 interval_ms=0.688250 paused=false
PRESENT CADENCE frame=3447 interval_ms=19.894875 paused=false
PRESENT CADENCE frame=3448 interval_ms=0.391500 paused=false
PRESENT CADENCE frame=3449 interval_ms=18.516125 paused=false
PRESENT CADENCE frame=3450 interval_ms=0.408750 paused=false
PRESENT CADENCE frame=3451 interval_ms=18.119208 paused=false
PRESENT CADENCE frame=3452 interval_ms=0.468209 paused=false
PRESENT CADENCE frame=3453 interval_ms=18.612000 paused=false
PRESENT CADENCE frame=3454 interval_ms=0.436916 paused=false
PRESENT CADENCE frame=3455 interval_ms=18.869209 paused=false
PRESENT CADENCE frame=3456 interval_ms=0.557750 paused=false
PRESENT CADENCE frame=3457 interval_ms=15.550458 paused=false
PRESENT CADENCE frame=3458 interval_ms=0.552167 paused=false
PRESENT CADENCE frame=3459 interval_ms=21.935125 paused=false
PRESENT CADENCE frame=3460 interval_ms=0.620208 paused=false
PRESENT CADENCE frame=3461 interval_ms=20.356375 paused=false
PRESENT CADENCE frame=3462 interval_ms=0.444042 paused=false
PRESENT CADENCE frame=3463 interval_ms=21.252333 paused=false
PRESENT CADENCE frame=3464 interval_ms=0.631833 paused=false
PRESENT CADENCE frame=3465 interval_ms=20.603917 paused=false
PRESENT CADENCE frame=3466 interval_ms=0.641792 paused=false
PRESENT CADENCE frame=3467 interval_ms=20.395750 paused=false
PRESENT CADENCE frame=3468 interval_ms=1.098208 paused=false
PRESENT CADENCE frame=3469 interval_ms=14.005542 paused=false
PRESENT CADENCE frame=3470 interval_ms=20.796416 paused=false
PRESENT CADENCE frame=3471 interval_ms=0.870250 paused=false
PRESENT CADENCE frame=3472 interval_ms=0.396084 paused=false
PRESENT CADENCE frame=3473 interval_ms=19.569916 paused=false
PRESENT CADENCE frame=3474 interval_ms=0.424084 paused=false
PRESENT CADENCE frame=3475 interval_ms=19.799125 paused=false
PRESENT CADENCE frame=3476 interval_ms=0.431750 paused=false
PRESENT CADENCE frame=3477 interval_ms=20.223375 paused=false
PRESENT CADENCE frame=3478 interval_ms=0.478500 paused=false
PRESENT CADENCE frame=3479 interval_ms=17.251708 paused=false
PRESENT CADENCE frame=3480 interval_ms=0.395417 paused=false
PRESENT CADENCE frame=3481 interval_ms=17.593166 paused=false
PRESENT CADENCE frame=3482 interval_ms=0.416667 paused=false
PRESENT CADENCE frame=3483 interval_ms=17.985833 paused=false
PRESENT CADENCE frame=3484 interval_ms=0.491500 paused=false
PRESENT CADENCE frame=3485 interval_ms=17.509917 paused=false
PRESENT CADENCE frame=3486 interval_ms=0.372125 paused=false
PRESENT CADENCE frame=3487 interval_ms=16.980917 paused=false
PRESENT CADENCE frame=3488 interval_ms=0.452583 paused=false
PRESENT CADENCE frame=3489 interval_ms=16.651417 paused=false
PRESENT CADENCE frame=3490 interval_ms=0.395708 paused=false
PRESENT CADENCE frame=3491 interval_ms=16.244000 paused=false
PRESENT CADENCE frame=3492 interval_ms=0.378958 paused=false
PRESENT CADENCE frame=3493 interval_ms=14.025709 paused=false
PRESENT CADENCE frame=3494 interval_ms=17.218250 paused=false
PRESENT CADENCE frame=3495 interval_ms=3.283541 paused=false
PRESENT CADENCE frame=3496 interval_ms=0.421250 paused=false
PRESENT CADENCE frame=3497 interval_ms=19.920334 paused=false
PRESENT CADENCE frame=3498 interval_ms=0.529750 paused=false
PRESENT CADENCE frame=3499 interval_ms=18.921416 paused=false
PRESENT CADENCE frame=3500 interval_ms=0.390250 paused=false
PRESENT CADENCE frame=3501 interval_ms=13.509292 paused=false
PRESENT CADENCE frame=3502 interval_ms=18.038875 paused=false
PRESENT CADENCE frame=3503 interval_ms=1.438500 paused=false
PRESENT CADENCE frame=3504 interval_ms=0.430750 paused=false
PRESENT CADENCE frame=3505 interval_ms=13.240833 paused=false
PRESENT CADENCE frame=3506 interval_ms=18.695417 paused=false
PRESENT CADENCE frame=3507 interval_ms=1.633333 paused=false
PRESENT CADENCE frame=3508 interval_ms=0.538875 paused=false
PRESENT CADENCE frame=3509 interval_ms=14.079250 paused=false
PRESENT CADENCE frame=3510 interval_ms=15.096000 paused=false
PRESENT CADENCE frame=3511 interval_ms=6.088459 paused=false
PRESENT CADENCE frame=3512 interval_ms=0.414208 paused=false
PRESENT CADENCE frame=3513 interval_ms=18.441875 paused=false
PRESENT CADENCE frame=3514 interval_ms=0.475500 paused=false
PRESENT CADENCE frame=3515 interval_ms=18.183375 paused=false
PRESENT CADENCE frame=3516 interval_ms=0.466125 paused=false
PRESENT CADENCE frame=3517 interval_ms=16.726833 paused=false
PRESENT CADENCE frame=3518 interval_ms=0.435375 paused=false
PRESENT CADENCE frame=3519 interval_ms=21.037750 paused=false
FULL MODEL WORKER work_ms=2083.329 physics_ms=1223.176 mesh_ms=391.630 partition_ms=28.976 streams_ms=439.547
FULL MODEL CPU UPLOAD stage_ms=46.350
PRESENT CADENCE frame=3520 interval_ms=47.091917 paused=false
PRESENT CADENCE frame=3521 interval_ms=1.116292 paused=false
PRESENT CADENCE frame=3522 interval_ms=17.286750 paused=false
PRESENT CADENCE frame=3523 interval_ms=0.468375 paused=false
PRESENT CADENCE frame=3524 interval_ms=18.715125 paused=false
PRESENT CADENCE frame=3525 interval_ms=0.439000 paused=false
PRESENT CADENCE frame=3526 interval_ms=19.263125 paused=false
PRESENT CADENCE frame=3527 interval_ms=0.547291 paused=false
PRESENT CADENCE frame=3528 interval_ms=17.409959 paused=false
PRESENT CADENCE frame=3529 interval_ms=0.469458 paused=false
PRESENT CADENCE frame=3530 interval_ms=13.813958 paused=false
PRESENT CADENCE frame=3531 interval_ms=0.452167 paused=false
PRESENT CADENCE frame=3532 interval_ms=19.355333 paused=false
PRESENT CADENCE frame=3533 interval_ms=0.517042 paused=false
PRESENT CADENCE frame=3534 interval_ms=14.814417 paused=false
PRESENT CADENCE frame=3535 interval_ms=0.601583 paused=false
PRESENT CADENCE frame=3536 interval_ms=17.959375 paused=false
PRESENT CADENCE frame=3537 interval_ms=0.453208 paused=false
PRESENT CADENCE frame=3538 interval_ms=18.913000 paused=false
PRESENT CADENCE frame=3539 interval_ms=0.563209 paused=false
PRESENT CADENCE frame=3540 interval_ms=18.394750 paused=false
PRESENT CADENCE frame=3541 interval_ms=0.577041 paused=false
PRESENT CADENCE frame=3542 interval_ms=19.469709 paused=false
PRESENT CADENCE frame=3543 interval_ms=0.610375 paused=false
PRESENT CADENCE frame=3544 interval_ms=21.884416 paused=false
PRESENT CADENCE frame=3545 interval_ms=0.496209 paused=false
PRESENT CADENCE frame=3546 interval_ms=18.765875 paused=false
PRESENT CADENCE frame=3547 interval_ms=0.450500 paused=false
PRESENT CADENCE frame=3548 interval_ms=22.154625 paused=false
PRESENT CADENCE frame=3549 interval_ms=0.551541 paused=false
PRESENT CADENCE frame=3550 interval_ms=21.128959 paused=false
PRESENT CADENCE frame=3551 interval_ms=0.475916 paused=false
PRESENT CADENCE frame=3552 interval_ms=21.288250 paused=false
PRESENT CADENCE frame=3553 interval_ms=0.621584 paused=false
PRESENT CADENCE frame=3554 interval_ms=21.337750 paused=false
PRESENT CADENCE frame=3555 interval_ms=0.592875 paused=false
PRESENT CADENCE frame=3556 interval_ms=17.813291 paused=false
PRESENT CADENCE frame=3557 interval_ms=0.383667 paused=false
PRESENT CADENCE frame=3558 interval_ms=19.554833 paused=false
PRESENT CADENCE frame=3559 interval_ms=0.401667 paused=false
PRESENT CADENCE frame=3560 interval_ms=19.934833 paused=false
PRESENT CADENCE frame=3561 interval_ms=0.465584 paused=false
PRESENT CADENCE frame=3562 interval_ms=18.093875 paused=false
PRESENT CADENCE frame=3563 interval_ms=0.590875 paused=false
PRESENT CADENCE frame=3564 interval_ms=14.376083 paused=false
PRESENT CADENCE frame=3565 interval_ms=0.428083 paused=false
PRESENT CADENCE frame=3566 interval_ms=21.414542 paused=false
PRESENT CADENCE frame=3567 interval_ms=0.537792 paused=false
PRESENT CADENCE frame=3568 interval_ms=19.230625 paused=false
PRESENT CADENCE frame=3569 interval_ms=0.399458 paused=false
PRESENT CADENCE frame=3570 interval_ms=21.585833 paused=false
PRESENT CADENCE frame=3571 interval_ms=0.473667 paused=false
PRESENT CADENCE frame=3572 interval_ms=21.018000 paused=false
PRESENT CADENCE frame=3573 interval_ms=0.896333 paused=false
PRESENT CADENCE frame=3574 interval_ms=15.844875 paused=false
PRESENT CADENCE frame=3575 interval_ms=0.457500 paused=false
PRESENT CADENCE frame=3576 interval_ms=22.439292 paused=false
PRESENT CADENCE frame=3577 interval_ms=0.316750 paused=false
PRESENT CADENCE frame=3578 interval_ms=18.014875 paused=false
PRESENT CADENCE frame=3579 interval_ms=0.258458 paused=false
PRESENT CADENCE frame=3580 interval_ms=17.992584 paused=false
PRESENT CADENCE frame=3581 interval_ms=0.341541 paused=false
PRESENT CADENCE frame=3582 interval_ms=19.341209 paused=false
PRESENT CADENCE frame=3583 interval_ms=0.461125 paused=false
PRESENT CADENCE frame=3584 interval_ms=18.429208 paused=false
PRESENT CADENCE frame=3585 interval_ms=0.242167 paused=false
PRESENT CADENCE frame=3586 interval_ms=13.020583 paused=false
PRESENT CADENCE frame=3587 interval_ms=18.780667 paused=false
PRESENT CADENCE frame=3588 interval_ms=3.234375 paused=false
PRESENT CADENCE frame=3589 interval_ms=0.255875 paused=false
PRESENT CADENCE frame=3590 interval_ms=20.008875 paused=false
PRESENT CADENCE frame=3591 interval_ms=0.301833 paused=false
PRESENT CADENCE frame=3592 interval_ms=21.634667 paused=false
PRESENT CADENCE frame=3593 interval_ms=0.396250 paused=false
PRESENT CADENCE frame=3594 interval_ms=25.456250 paused=false
PRESENT CADENCE frame=3595 interval_ms=0.395791 paused=false
PRESENT CADENCE frame=3596 interval_ms=19.693042 paused=false
PRESENT CADENCE frame=3597 interval_ms=0.270333 paused=false
PRESENT CADENCE frame=3598 interval_ms=18.856084 paused=false
PRESENT CADENCE frame=3599 interval_ms=0.268083 paused=false
PRESENT CADENCE frame=3600 interval_ms=19.523417 paused=false
PRESENT CADENCE frame=3601 interval_ms=0.393166 paused=false
PRESENT CADENCE frame=3602 interval_ms=20.059417 paused=false
PRESENT CADENCE frame=3603 interval_ms=0.297167 paused=false
PRESENT CADENCE frame=3604 interval_ms=17.804750 paused=false
PRESENT CADENCE frame=3605 interval_ms=0.270541 paused=false
PRESENT CADENCE frame=3606 interval_ms=17.617209 paused=false
PRESENT CADENCE frame=3607 interval_ms=0.244625 paused=false
PRESENT CADENCE frame=3608 interval_ms=20.907375 paused=false
PRESENT CADENCE frame=3609 interval_ms=0.287166 paused=false
PRESENT CADENCE frame=3610 interval_ms=19.145417 paused=false
PRESENT CADENCE frame=3611 interval_ms=0.348708 paused=false
PRESENT CADENCE frame=3612 interval_ms=20.099250 paused=false
PRESENT CADENCE frame=3613 interval_ms=0.203334 paused=false
PRESENT CADENCE frame=3614 interval_ms=20.130125 paused=false
PRESENT CADENCE frame=3615 interval_ms=0.342833 paused=false
PRESENT CADENCE frame=3616 interval_ms=17.735417 paused=false
PRESENT CADENCE frame=3617 interval_ms=0.326958 paused=false
PRESENT CADENCE frame=3618 interval_ms=14.883250 paused=false
PRESENT CADENCE frame=3619 interval_ms=0.320500 paused=false
PRESENT CADENCE frame=3620 interval_ms=17.470542 paused=false
PRESENT CADENCE frame=3621 interval_ms=0.261291 paused=false
PRESENT CADENCE frame=3622 interval_ms=15.493625 paused=false
PRESENT CADENCE frame=3623 interval_ms=0.434709 paused=false
PRESENT CADENCE frame=3624 interval_ms=21.320625 paused=false
PRESENT CADENCE frame=3625 interval_ms=0.374583 paused=false
PRESENT CADENCE frame=3626 interval_ms=21.526417 paused=false
PRESENT CADENCE frame=3627 interval_ms=0.263250 paused=false
PRESENT CADENCE frame=3628 interval_ms=22.229625 paused=false
PRESENT CADENCE frame=3629 interval_ms=0.207000 paused=false
PRESENT CADENCE frame=3630 interval_ms=20.525041 paused=false
PRESENT CADENCE frame=3631 interval_ms=0.361334 paused=false
PRESENT CADENCE frame=3632 interval_ms=21.072500 paused=false
PRESENT CADENCE frame=3633 interval_ms=0.272625 paused=false
PRESENT CADENCE frame=3634 interval_ms=20.996583 paused=false
PRESENT CADENCE frame=3635 interval_ms=0.278083 paused=false
PRESENT CADENCE frame=3636 interval_ms=21.615417 paused=false
PRESENT CADENCE frame=3637 interval_ms=0.375458 paused=false
PRESENT CADENCE frame=3638 interval_ms=15.050292 paused=false
PRESENT CADENCE frame=3639 interval_ms=0.408125 paused=false
PRESENT CADENCE frame=3640 interval_ms=20.231708 paused=false
PRESENT CADENCE frame=3641 interval_ms=0.253209 paused=false
PRESENT CADENCE frame=3642 interval_ms=20.289916 paused=false
PRESENT CADENCE frame=3643 interval_ms=0.267917 paused=false
PRESENT CADENCE frame=3644 interval_ms=20.562333 paused=false
PRESENT CADENCE frame=3645 interval_ms=0.332667 paused=false
PRESENT CADENCE frame=3646 interval_ms=20.000417 paused=false
PRESENT CADENCE frame=3647 interval_ms=0.383500 paused=false
PRESENT CADENCE frame=3648 interval_ms=21.000208 paused=false
PRESENT CADENCE frame=3649 interval_ms=0.317958 paused=false
PRESENT CADENCE frame=3650 interval_ms=20.042084 paused=false
PRESENT CADENCE frame=3651 interval_ms=0.330875 paused=false
PRESENT CADENCE frame=3652 interval_ms=16.803041 paused=false
PRESENT CADENCE frame=3653 interval_ms=0.277667 paused=false
PRESENT CADENCE frame=3654 interval_ms=22.154083 paused=false
PRESENT CADENCE frame=3655 interval_ms=0.336084 paused=false
PRESENT CADENCE frame=3656 interval_ms=21.668833 paused=false
PRESENT CADENCE frame=3657 interval_ms=0.272167 paused=false
PRESENT CADENCE frame=3658 interval_ms=18.026750 paused=false
PRESENT CADENCE frame=3659 interval_ms=0.398958 paused=false
PRESENT CADENCE frame=3660 interval_ms=21.423458 paused=false
PRESENT CADENCE frame=3661 interval_ms=0.511542 paused=false
PRESENT CADENCE frame=3662 interval_ms=21.454708 paused=false
PRESENT CADENCE frame=3663 interval_ms=0.368375 paused=false
PRESENT CADENCE frame=3664 interval_ms=20.750625 paused=false
PRESENT CADENCE frame=3665 interval_ms=0.262292 paused=false
PRESENT CADENCE frame=3666 interval_ms=21.102000 paused=false
PRESENT CADENCE frame=3667 interval_ms=0.382625 paused=false
PRESENT CADENCE frame=3668 interval_ms=19.526000 paused=false
PRESENT CADENCE frame=3669 interval_ms=0.257833 paused=false
PRESENT CADENCE frame=3670 interval_ms=19.463459 paused=false
PRESENT CADENCE frame=3671 interval_ms=0.441166 paused=false
PRESENT CADENCE frame=3672 interval_ms=19.062209 paused=false
PRESENT CADENCE frame=3673 interval_ms=0.211208 paused=false
PRESENT CADENCE frame=3674 interval_ms=20.905000 paused=false
PRESENT CADENCE frame=3675 interval_ms=0.340875 paused=false
PRESENT CADENCE frame=3676 interval_ms=17.158000 paused=false
PRESENT CADENCE frame=3677 interval_ms=0.229625 paused=false
PRESENT CADENCE frame=3678 interval_ms=16.170208 paused=false
PRESENT CADENCE frame=3679 interval_ms=0.224334 paused=false
PRESENT CADENCE frame=3680 interval_ms=20.988625 paused=false
PRESENT CADENCE frame=3681 interval_ms=0.345458 paused=false
PRESENT CADENCE frame=3682 interval_ms=20.095542 paused=false
PRESENT CADENCE frame=3683 interval_ms=0.234500 paused=false
PRESENT CADENCE frame=3684 interval_ms=20.115208 paused=false
PRESENT CADENCE frame=3685 interval_ms=0.333583 paused=false
PRESENT CADENCE frame=3686 interval_ms=22.355417 paused=false
PRESENT CADENCE frame=3687 interval_ms=0.339375 paused=false
PRESENT CADENCE frame=3688 interval_ms=19.948125 paused=false
PRESENT CADENCE frame=3689 interval_ms=0.277583 paused=false
PRESENT CADENCE frame=3690 interval_ms=19.487750 paused=false
PRESENT CADENCE frame=3691 interval_ms=0.474625 paused=false
PRESENT CADENCE frame=3692 interval_ms=18.863875 paused=false
PRESENT CADENCE frame=3693 interval_ms=0.275709 paused=false
PRESENT CADENCE frame=3694 interval_ms=18.391166 paused=false
PRESENT CADENCE frame=3695 interval_ms=0.350417 paused=false
PRESENT CADENCE frame=3696 interval_ms=22.085458 paused=false
PRESENT CADENCE frame=3697 interval_ms=0.291250 paused=false
PRESENT CADENCE frame=3698 interval_ms=21.410042 paused=false
PRESENT CADENCE frame=3699 interval_ms=0.399042 paused=false
PRESENT CADENCE frame=3700 interval_ms=21.018416 paused=false
PRESENT CADENCE frame=3701 interval_ms=0.442542 paused=false
PRESENT CADENCE frame=3702 interval_ms=21.908875 paused=false
PRESENT CADENCE frame=3703 interval_ms=0.317542 paused=false
PRESENT CADENCE frame=3704 interval_ms=19.212958 paused=false
PRESENT CADENCE frame=3705 interval_ms=0.259875 paused=false
PRESENT CADENCE frame=3706 interval_ms=21.781625 paused=false
PRESENT CADENCE frame=3707 interval_ms=0.263833 paused=false
PRESENT CADENCE frame=3708 interval_ms=20.910459 paused=false
PRESENT CADENCE frame=3709 interval_ms=0.317375 paused=false
PRESENT CADENCE frame=3710 interval_ms=18.480375 paused=false
PRESENT CADENCE frame=3711 interval_ms=0.308125 paused=false
PRESENT CADENCE frame=3712 interval_ms=14.286958 paused=false
PRESENT CADENCE frame=3713 interval_ms=21.469958 paused=false
PRESENT CADENCE frame=3714 interval_ms=0.752875 paused=false
PRESENT CADENCE frame=3715 interval_ms=20.534334 paused=false
PRESENT CADENCE frame=3716 interval_ms=0.705000 paused=false
PRESENT CADENCE frame=3717 interval_ms=19.657333 paused=false
PRESENT CADENCE frame=3718 interval_ms=0.497792 paused=false
PRESENT CADENCE frame=3719 interval_ms=19.281666 paused=false
PRESENT CADENCE frame=3720 interval_ms=0.603459 paused=false
PRESENT CADENCE frame=3721 interval_ms=19.014500 paused=false
PRESENT CADENCE frame=3722 interval_ms=0.517833 paused=false
PRESENT CADENCE frame=3723 interval_ms=16.080708 paused=false
FULL MODEL WORKER work_ms=2063.142 physics_ms=1151.726 mesh_ms=415.182 partition_ms=29.698 streams_ms=466.536
FULL MODEL CPU UPLOAD stage_ms=41.654
PRESENT CADENCE frame=3724 interval_ms=42.449417 paused=false
PRESENT CADENCE frame=3725 interval_ms=1.536000 paused=false
PRESENT CADENCE frame=3726 interval_ms=20.963500 paused=false
PRESENT CADENCE frame=3727 interval_ms=0.406375 paused=false
PRESENT CADENCE frame=3728 interval_ms=21.738792 paused=false
PRESENT CADENCE frame=3729 interval_ms=0.464000 paused=false
PRESENT CADENCE frame=3730 interval_ms=19.580208 paused=false
PRESENT CADENCE frame=3731 interval_ms=0.534375 paused=false
PRESENT CADENCE frame=3732 interval_ms=18.221542 paused=false
PRESENT CADENCE frame=3733 interval_ms=0.404583 paused=false
PRESENT CADENCE frame=3734 interval_ms=19.554333 paused=false
PRESENT CADENCE frame=3735 interval_ms=0.491084 paused=false
PRESENT CADENCE frame=3736 interval_ms=13.499750 paused=false
PRESENT CADENCE frame=3737 interval_ms=0.478416 paused=false
PRESENT CADENCE frame=3738 interval_ms=18.988750 paused=false
PRESENT CADENCE frame=3739 interval_ms=0.438792 paused=false
PRESENT CADENCE frame=3740 interval_ms=19.855583 paused=false
PRESENT CADENCE frame=3741 interval_ms=0.655459 paused=false
PRESENT CADENCE frame=3742 interval_ms=19.293750 paused=false
PRESENT CADENCE frame=3743 interval_ms=0.521208 paused=false
PRESENT CADENCE frame=3744 interval_ms=17.890500 paused=false
PRESENT CADENCE frame=3745 interval_ms=0.449833 paused=false
PRESENT CADENCE frame=3746 interval_ms=18.022292 paused=false
PRESENT CADENCE frame=3747 interval_ms=0.413750 paused=false
PRESENT CADENCE frame=3748 interval_ms=17.870792 paused=false
PRESENT CADENCE frame=3749 interval_ms=0.343166 paused=false
PRESENT CADENCE frame=3750 interval_ms=15.615250 paused=false
PRESENT CADENCE frame=3751 interval_ms=0.573375 paused=false
PRESENT CADENCE frame=3752 interval_ms=20.709084 paused=false
PRESENT CADENCE frame=3753 interval_ms=0.574625 paused=false
PRESENT CADENCE frame=3754 interval_ms=20.901666 paused=false
PRESENT CADENCE frame=3755 interval_ms=0.524667 paused=false
PRESENT CADENCE frame=3756 interval_ms=19.776208 paused=false
PRESENT CADENCE frame=3757 interval_ms=0.480709 paused=false
PRESENT CADENCE frame=3758 interval_ms=20.053208 paused=false
PRESENT CADENCE frame=3759 interval_ms=0.484667 paused=false
PRESENT CADENCE frame=3760 interval_ms=23.011250 paused=false
PRESENT CADENCE frame=3761 interval_ms=0.504458 paused=false
PRESENT CADENCE frame=3762 interval_ms=18.164458 paused=false
PRESENT CADENCE frame=3763 interval_ms=0.391750 paused=false
PRESENT CADENCE frame=3764 interval_ms=20.694625 paused=false
PRESENT CADENCE frame=3765 interval_ms=0.635542 paused=false
PRESENT CADENCE frame=3766 interval_ms=19.266542 paused=false
PRESENT CADENCE frame=3767 interval_ms=0.424000 paused=false
PRESENT CADENCE frame=3768 interval_ms=17.823500 paused=false
PRESENT CADENCE frame=3769 interval_ms=0.562958 paused=false
PRESENT CADENCE frame=3770 interval_ms=18.517167 paused=false
PRESENT CADENCE frame=3771 interval_ms=0.431250 paused=false
PRESENT CADENCE frame=3772 interval_ms=19.202125 paused=false
PRESENT CADENCE frame=3773 interval_ms=0.492166 paused=false
PRESENT CADENCE frame=3774 interval_ms=19.307500 paused=false
PRESENT CADENCE frame=3775 interval_ms=0.519959 paused=false
PRESENT CADENCE frame=3776 interval_ms=19.403500 paused=false
PRESENT CADENCE frame=3777 interval_ms=0.529791 paused=false
PRESENT CADENCE frame=3778 interval_ms=17.391375 paused=false
PRESENT CADENCE frame=3779 interval_ms=0.294917 paused=false
PRESENT CADENCE frame=3780 interval_ms=17.297792 paused=false
PRESENT CADENCE frame=3781 interval_ms=0.478125 paused=false
PRESENT CADENCE frame=3782 interval_ms=17.873291 paused=false
PRESENT CADENCE frame=3783 interval_ms=0.749625 paused=false
PRESENT CADENCE frame=3784 interval_ms=17.098334 paused=false
PRESENT CADENCE frame=3785 interval_ms=0.323625 paused=false
PRESENT CADENCE frame=3786 interval_ms=20.137875 paused=false
PRESENT CADENCE frame=3787 interval_ms=0.271375 paused=false
PRESENT CADENCE frame=3788 interval_ms=12.563916 paused=false
PRESENT CADENCE frame=3789 interval_ms=0.250500 paused=false
PRESENT CADENCE frame=3790 interval_ms=21.029334 paused=false
PRESENT CADENCE frame=3791 interval_ms=0.269958 paused=false
PRESENT CADENCE frame=3792 interval_ms=13.950125 paused=false
PRESENT CADENCE frame=3793 interval_ms=0.369333 paused=false
PRESENT CADENCE frame=3794 interval_ms=19.254375 paused=false
PRESENT CADENCE frame=3795 interval_ms=0.369750 paused=false
PRESENT CADENCE frame=3796 interval_ms=13.123750 paused=false
PRESENT CADENCE frame=3797 interval_ms=0.263084 paused=false
PRESENT CADENCE frame=3798 interval_ms=17.460375 paused=false
PRESENT CADENCE frame=3799 interval_ms=0.195458 paused=false
PRESENT CADENCE frame=3800 interval_ms=13.337375 paused=false
PRESENT CADENCE frame=3801 interval_ms=0.406167 paused=false
PRESENT CADENCE frame=3802 interval_ms=19.189000 paused=false
PRESENT CADENCE frame=3803 interval_ms=0.259666 paused=false
PRESENT CADENCE frame=3804 interval_ms=21.123459 paused=false
PRESENT CADENCE frame=3805 interval_ms=0.375833 paused=false
PRESENT CADENCE frame=3806 interval_ms=18.452292 paused=false
PRESENT CADENCE frame=3807 interval_ms=0.247166 paused=false
PRESENT CADENCE frame=3808 interval_ms=19.079375 paused=false
PRESENT CADENCE frame=3809 interval_ms=0.233625 paused=false
PRESENT CADENCE frame=3810 interval_ms=19.609875 paused=false
PRESENT CADENCE frame=3811 interval_ms=0.304042 paused=false
PRESENT CADENCE frame=3812 interval_ms=21.949917 paused=false
PRESENT CADENCE frame=3813 interval_ms=0.297666 paused=false
PRESENT CADENCE frame=3814 interval_ms=17.135084 paused=false
PRESENT CADENCE frame=3815 interval_ms=0.349166 paused=false
PRESENT CADENCE frame=3816 interval_ms=20.951875 paused=false
PRESENT CADENCE frame=3817 interval_ms=0.327000 paused=false
PRESENT CADENCE frame=3818 interval_ms=21.807209 paused=false
PRESENT CADENCE frame=3819 interval_ms=0.255750 paused=false
PRESENT CADENCE frame=3820 interval_ms=22.287083 paused=false
PRESENT CADENCE frame=3821 interval_ms=0.364792 paused=false
PRESENT CADENCE frame=3822 interval_ms=20.443791 paused=false
PRESENT CADENCE frame=3823 interval_ms=0.424709 paused=false
PRESENT CADENCE frame=3824 interval_ms=19.482250 paused=false
PRESENT CADENCE frame=3825 interval_ms=0.269458 paused=false
PRESENT CADENCE frame=3826 interval_ms=21.773792 paused=false
PRESENT CADENCE frame=3827 interval_ms=0.322291 paused=false
PRESENT CADENCE frame=3828 interval_ms=21.604084 paused=false
PRESENT CADENCE frame=3829 interval_ms=0.397750 paused=false
PRESENT CADENCE frame=3830 interval_ms=20.667958 paused=false
PRESENT CADENCE frame=3831 interval_ms=0.333417 paused=false
PRESENT CADENCE frame=3832 interval_ms=20.398208 paused=false
PRESENT CADENCE frame=3833 interval_ms=0.276625 paused=false
PRESENT CADENCE frame=3834 interval_ms=19.000500 paused=false
PRESENT CADENCE frame=3835 interval_ms=0.240917 paused=false
PRESENT CADENCE frame=3836 interval_ms=19.695250 paused=false
PRESENT CADENCE frame=3837 interval_ms=0.304041 paused=false
PRESENT CADENCE frame=3838 interval_ms=17.680959 paused=false
PRESENT CADENCE frame=3839 interval_ms=0.228333 paused=false
PRESENT CADENCE frame=3840 interval_ms=21.500833 paused=false
PRESENT CADENCE frame=3841 interval_ms=0.363000 paused=false
PRESENT CADENCE frame=3842 interval_ms=21.706709 paused=false
PRESENT CADENCE frame=3843 interval_ms=0.221041 paused=false
PRESENT CADENCE frame=3844 interval_ms=20.581584 paused=false
PRESENT CADENCE frame=3845 interval_ms=0.293541 paused=false
PRESENT CADENCE frame=3846 interval_ms=21.304292 paused=false
PRESENT CADENCE frame=3847 interval_ms=0.250458 paused=false
PRESENT CADENCE frame=3848 interval_ms=20.493250 paused=false
PRESENT CADENCE frame=3849 interval_ms=0.263042 paused=false
PRESENT CADENCE frame=3850 interval_ms=20.370375 paused=false
PRESENT CADENCE frame=3851 interval_ms=0.223250 paused=false
PRESENT CADENCE frame=3852 interval_ms=20.907542 paused=false
PRESENT CADENCE frame=3853 interval_ms=0.347125 paused=false
PRESENT CADENCE frame=3854 interval_ms=20.020416 paused=false
PRESENT CADENCE frame=3855 interval_ms=0.266875 paused=false
PRESENT CADENCE frame=3856 interval_ms=20.931209 paused=false
PRESENT CADENCE frame=3857 interval_ms=0.334791 paused=false
PRESENT CADENCE frame=3858 interval_ms=20.568125 paused=false
PRESENT CADENCE frame=3859 interval_ms=0.268709 paused=false
PRESENT CADENCE frame=3860 interval_ms=18.133833 paused=false
PRESENT CADENCE frame=3861 interval_ms=0.337000 paused=false
PRESENT CADENCE frame=3862 interval_ms=23.018875 paused=false
PRESENT CADENCE frame=3863 interval_ms=0.287250 paused=false
PRESENT CADENCE frame=3864 interval_ms=21.389917 paused=false
PRESENT CADENCE frame=3865 interval_ms=0.232541 paused=false
PRESENT CADENCE frame=3866 interval_ms=22.624709 paused=false
PRESENT CADENCE frame=3867 interval_ms=0.403791 paused=false
PRESENT CADENCE frame=3868 interval_ms=21.393750 paused=false
PRESENT CADENCE frame=3869 interval_ms=0.277917 paused=false
PRESENT CADENCE frame=3870 interval_ms=19.368000 paused=false
PRESENT CADENCE frame=3871 interval_ms=0.255542 paused=false
PRESENT CADENCE frame=3872 interval_ms=20.215041 paused=false
PRESENT CADENCE frame=3873 interval_ms=0.421417 paused=false
PRESENT CADENCE frame=3874 interval_ms=24.331667 paused=false
PRESENT CADENCE frame=3875 interval_ms=0.395583 paused=false
PRESENT CADENCE frame=3876 interval_ms=14.646167 paused=false
PRESENT CADENCE frame=3877 interval_ms=0.257625 paused=false
PRESENT CADENCE frame=3878 interval_ms=22.457458 paused=false
PRESENT CADENCE frame=3879 interval_ms=0.257375 paused=false
PRESENT CADENCE frame=3880 interval_ms=18.017917 paused=false
PRESENT CADENCE frame=3881 interval_ms=0.200625 paused=false
PRESENT CADENCE frame=3882 interval_ms=19.640125 paused=false
PRESENT CADENCE frame=3883 interval_ms=0.341833 paused=false
PRESENT CADENCE frame=3884 interval_ms=22.067708 paused=false
PRESENT CADENCE frame=3885 interval_ms=0.227542 paused=false
PRESENT CADENCE frame=3886 interval_ms=18.018875 paused=false
PRESENT CADENCE frame=3887 interval_ms=0.292500 paused=false
PRESENT CADENCE frame=3888 interval_ms=22.263958 paused=false
PRESENT CADENCE frame=3889 interval_ms=0.289792 paused=false
PRESENT CADENCE frame=3890 interval_ms=22.023292 paused=false
PRESENT CADENCE frame=3891 interval_ms=0.261500 paused=false
PRESENT CADENCE frame=3892 interval_ms=22.206541 paused=false
PRESENT CADENCE frame=3893 interval_ms=0.273917 paused=false
PRESENT CADENCE frame=3894 interval_ms=21.306042 paused=false
PRESENT CADENCE frame=3895 interval_ms=0.257833 paused=false
PRESENT CADENCE frame=3896 interval_ms=20.075208 paused=false
PRESENT CADENCE frame=3897 interval_ms=0.562750 paused=false
PRESENT CADENCE frame=3898 interval_ms=23.915167 paused=false
PRESENT CADENCE frame=3899 interval_ms=0.292625 paused=false
PRESENT CADENCE frame=3900 interval_ms=22.008000 paused=false
PRESENT CADENCE frame=3901 interval_ms=0.728833 paused=false
PRESENT CADENCE frame=3902 interval_ms=18.739459 paused=false
PRESENT CADENCE frame=3903 interval_ms=0.244083 paused=false
PRESENT CADENCE frame=3904 interval_ms=17.349917 paused=false
PRESENT CADENCE frame=3905 interval_ms=0.242000 paused=false
PRESENT CADENCE frame=3906 interval_ms=21.722583 paused=false
FULL MODEL WORKER work_ms=1868.776 physics_ms=956.166 mesh_ms=380.440 partition_ms=29.104 streams_ms=503.066
FULL MODEL CPU UPLOAD stage_ms=50.762
PRESENT CADENCE frame=3907 interval_ms=51.347500 paused=false
PRESENT CADENCE frame=3908 interval_ms=2.032875 paused=false
PRESENT CADENCE frame=3909 interval_ms=12.768917 paused=false
PRESENT CADENCE frame=3910 interval_ms=0.376625 paused=false
PRESENT CADENCE frame=3911 interval_ms=21.313375 paused=false
PRESENT CADENCE frame=3912 interval_ms=0.335125 paused=false
PRESENT CADENCE frame=3913 interval_ms=19.651833 paused=false
PRESENT CADENCE frame=3914 interval_ms=0.250958 paused=false
PRESENT CADENCE frame=3915 interval_ms=20.782917 paused=false
PRESENT CADENCE frame=3916 interval_ms=0.253417 paused=false
PRESENT CADENCE frame=3917 interval_ms=20.255708 paused=false
PRESENT CADENCE frame=3918 interval_ms=0.327375 paused=false
PRESENT CADENCE frame=3919 interval_ms=16.197000 paused=false
PRESENT CADENCE frame=3920 interval_ms=0.309167 paused=false
PRESENT CADENCE frame=3921 interval_ms=18.957541 paused=false
PRESENT CADENCE frame=3922 interval_ms=0.466584 paused=false
PRESENT CADENCE frame=3923 interval_ms=18.801166 paused=false
PRESENT CADENCE frame=3924 interval_ms=0.219875 paused=false
PRESENT CADENCE frame=3925 interval_ms=17.001459 paused=false
PRESENT CADENCE frame=3926 interval_ms=0.257833 paused=false
PRESENT CADENCE frame=3927 interval_ms=21.348625 paused=false
PRESENT CADENCE frame=3928 interval_ms=0.318042 paused=false
PRESENT CADENCE frame=3929 interval_ms=21.138166 paused=false
PRESENT CADENCE frame=3930 interval_ms=0.267084 paused=false
PRESENT CADENCE frame=3931 interval_ms=21.356416 paused=false
PRESENT CADENCE frame=3932 interval_ms=0.299959 paused=false
PRESENT CADENCE frame=3933 interval_ms=17.439375 paused=false
PRESENT CADENCE frame=3934 interval_ms=0.232833 paused=false
PRESENT CADENCE frame=3935 interval_ms=21.059208 paused=false
PRESENT CADENCE frame=3936 interval_ms=0.228459 paused=false
PRESENT CADENCE frame=3937 interval_ms=20.899500 paused=false
PRESENT CADENCE frame=3938 interval_ms=0.296125 paused=false
PRESENT CADENCE frame=3939 interval_ms=21.258583 paused=false
PRESENT CADENCE frame=3940 interval_ms=0.294542 paused=false
PRESENT CADENCE frame=3941 interval_ms=18.817583 paused=false
PRESENT CADENCE frame=3942 interval_ms=0.251250 paused=false
PRESENT CADENCE frame=3943 interval_ms=20.475167 paused=false
PRESENT CADENCE frame=3944 interval_ms=0.372250 paused=false
PRESENT CADENCE frame=3945 interval_ms=20.393208 paused=false
PRESENT CADENCE frame=3946 interval_ms=0.278875 paused=false
PRESENT CADENCE frame=3947 interval_ms=20.460542 paused=false
PRESENT CADENCE frame=3948 interval_ms=2.069916 paused=false
PRESENT CADENCE frame=3949 interval_ms=13.487542 paused=false
PRESENT CADENCE frame=3950 interval_ms=0.349583 paused=false
PRESENT CADENCE frame=3951 interval_ms=19.818417 paused=false
PRESENT CADENCE frame=3952 interval_ms=0.207750 paused=false
PRESENT CADENCE frame=3953 interval_ms=15.073458 paused=false
PRESENT CADENCE frame=3954 interval_ms=0.261500 paused=false
PRESENT CADENCE frame=3955 interval_ms=18.607459 paused=false
PRESENT CADENCE frame=3956 interval_ms=0.269041 paused=false
PRESENT CADENCE frame=3957 interval_ms=18.797875 paused=false
PRESENT CADENCE frame=3958 interval_ms=0.359125 paused=false
PRESENT CADENCE frame=3959 interval_ms=18.451500 paused=false
PRESENT CADENCE frame=3960 interval_ms=0.290917 paused=false
PRESENT CADENCE frame=3961 interval_ms=22.367500 paused=false
PRESENT CADENCE frame=3962 interval_ms=0.490417 paused=false
PRESENT CADENCE frame=3963 interval_ms=18.036375 paused=false
PRESENT CADENCE frame=3964 interval_ms=0.261500 paused=false
PRESENT CADENCE frame=3965 interval_ms=15.708625 paused=false
PRESENT CADENCE frame=3966 interval_ms=0.649375 paused=false
PRESENT CADENCE frame=3967 interval_ms=19.561958 paused=false
PRESENT CADENCE frame=3968 interval_ms=0.229625 paused=false
PRESENT CADENCE frame=3969 interval_ms=21.152208 paused=false
PRESENT CADENCE frame=3970 interval_ms=0.262709 paused=false
PRESENT CADENCE frame=3971 interval_ms=19.598125 paused=false
PRESENT CADENCE frame=3972 interval_ms=0.229916 paused=false
PRESENT CADENCE frame=3973 interval_ms=19.864000 paused=false
PRESENT CADENCE frame=3974 interval_ms=0.239750 paused=false
PRESENT CADENCE frame=3975 interval_ms=19.006000 paused=false
PRESENT CADENCE frame=3976 interval_ms=0.279792 paused=false
PRESENT CADENCE frame=3977 interval_ms=14.905667 paused=false
PRESENT CADENCE frame=3978 interval_ms=0.401416 paused=false
PRESENT CADENCE frame=3979 interval_ms=21.090542 paused=false
PRESENT CADENCE frame=3980 interval_ms=0.334708 paused=false
PRESENT CADENCE frame=3981 interval_ms=19.302667 paused=false
PRESENT CADENCE frame=3982 interval_ms=0.396333 paused=false
PRESENT CADENCE frame=3983 interval_ms=18.607375 paused=false
PRESENT CADENCE frame=3984 interval_ms=0.243125 paused=false
PRESENT CADENCE frame=3985 interval_ms=19.307917 paused=false
PRESENT CADENCE frame=3986 interval_ms=0.286333 paused=false
PRESENT CADENCE frame=3987 interval_ms=16.665417 paused=false
PRESENT CADENCE frame=3988 interval_ms=0.285000 paused=false
PRESENT CADENCE frame=3989 interval_ms=22.860583 paused=false
PRESENT CADENCE frame=3990 interval_ms=0.355292 paused=false
PRESENT CADENCE frame=3991 interval_ms=21.327208 paused=false
PRESENT CADENCE frame=3992 interval_ms=1.330584 paused=false
PRESENT CADENCE frame=3993 interval_ms=20.819041 paused=false
PRESENT CADENCE frame=3994 interval_ms=0.213792 paused=false
PRESENT CADENCE frame=3995 interval_ms=21.980333 paused=false
PRESENT CADENCE frame=3996 interval_ms=0.372125 paused=false
PRESENT CADENCE frame=3997 interval_ms=19.716584 paused=false
PRESENT CADENCE frame=3998 interval_ms=0.517250 paused=false
PRESENT CADENCE frame=3999 interval_ms=19.380791 paused=false
PRESENT CADENCE frame=4000 interval_ms=0.356959 paused=false
PRESENT CADENCE frame=4001 interval_ms=20.125375 paused=false
PRESENT CADENCE frame=4002 interval_ms=0.245833 paused=false
PRESENT CADENCE frame=4003 interval_ms=19.463542 paused=false
PRESENT CADENCE frame=4004 interval_ms=0.357666 paused=false
PRESENT CADENCE frame=4005 interval_ms=19.704875 paused=false
PRESENT CADENCE frame=4006 interval_ms=0.355917 paused=false
PRESENT CADENCE frame=4007 interval_ms=17.277000 paused=false
PRESENT CADENCE frame=4008 interval_ms=0.339708 paused=false
PRESENT CADENCE frame=4009 interval_ms=23.489209 paused=false
PRESENT CADENCE frame=4010 interval_ms=0.260791 paused=false
PRESENT CADENCE frame=4011 interval_ms=23.043250 paused=false
PRESENT CADENCE frame=4012 interval_ms=0.433500 paused=false
PRESENT CADENCE frame=4013 interval_ms=21.813500 paused=false
PRESENT CADENCE frame=4014 interval_ms=0.231125 paused=false
PRESENT CADENCE frame=4015 interval_ms=20.879459 paused=false
PRESENT CADENCE frame=4016 interval_ms=0.294416 paused=false
PRESENT CADENCE frame=4017 interval_ms=20.745375 paused=false
PRESENT CADENCE frame=4018 interval_ms=0.297459 paused=false
PRESENT CADENCE frame=4019 interval_ms=20.470500 paused=false
PRESENT CADENCE frame=4020 interval_ms=0.346583 paused=false
PRESENT CADENCE frame=4021 interval_ms=20.010833 paused=false
PRESENT CADENCE frame=4022 interval_ms=0.391417 paused=false
PRESENT CADENCE frame=4023 interval_ms=21.093125 paused=false
PRESENT CADENCE frame=4024 interval_ms=0.314833 paused=false
PRESENT CADENCE frame=4025 interval_ms=20.669959 paused=false
PRESENT CADENCE frame=4026 interval_ms=0.355791 paused=false
PRESENT CADENCE frame=4027 interval_ms=21.330750 paused=false
PRESENT CADENCE frame=4028 interval_ms=0.371709 paused=false
PRESENT CADENCE frame=4029 interval_ms=19.314291 paused=false
PRESENT CADENCE frame=4030 interval_ms=0.308667 paused=false
PRESENT CADENCE frame=4031 interval_ms=20.548208 paused=false
PRESENT CADENCE frame=4032 interval_ms=0.284084 paused=false
PRESENT CADENCE frame=4033 interval_ms=19.471875 paused=false
PRESENT CADENCE frame=4034 interval_ms=0.430916 paused=false
PRESENT CADENCE frame=4035 interval_ms=19.582750 paused=false
PRESENT CADENCE frame=4036 interval_ms=0.383917 paused=false
PRESENT CADENCE frame=4037 interval_ms=22.226875 paused=false
PRESENT CADENCE frame=4038 interval_ms=0.260833 paused=false
PRESENT CADENCE frame=4039 interval_ms=17.215042 paused=false
PRESENT CADENCE frame=4040 interval_ms=0.231000 paused=false
PRESENT CADENCE frame=4041 interval_ms=16.715500 paused=false
PRESENT CADENCE frame=4042 interval_ms=0.483083 paused=false
PRESENT CADENCE frame=4043 interval_ms=20.847209 paused=false
PRESENT CADENCE frame=4044 interval_ms=0.278500 paused=false
PRESENT CADENCE frame=4045 interval_ms=20.174791 paused=false
PRESENT CADENCE frame=4046 interval_ms=0.283292 paused=false
PRESENT CADENCE frame=4047 interval_ms=20.905667 paused=false
PRESENT CADENCE frame=4048 interval_ms=0.256041 paused=false
PRESENT CADENCE frame=4049 interval_ms=19.932792 paused=false
PRESENT CADENCE frame=4050 interval_ms=0.321917 paused=false
PRESENT CADENCE frame=4051 interval_ms=19.617208 paused=false
PRESENT CADENCE frame=4052 interval_ms=0.286708 paused=false
PRESENT CADENCE frame=4053 interval_ms=18.805834 paused=false
PRESENT CADENCE frame=4054 interval_ms=0.380208 paused=false
PRESENT CADENCE frame=4055 interval_ms=19.173667 paused=false
PRESENT CADENCE frame=4056 interval_ms=0.254250 paused=false
PRESENT CADENCE frame=4057 interval_ms=16.486250 paused=false
PRESENT CADENCE frame=4058 interval_ms=0.279625 paused=false
PRESENT CADENCE frame=4059 interval_ms=23.682833 paused=false
PRESENT CADENCE frame=4060 interval_ms=0.247375 paused=false
PRESENT CADENCE frame=4061 interval_ms=21.843917 paused=false
PRESENT CADENCE frame=4062 interval_ms=0.248000 paused=false
PRESENT CADENCE frame=4063 interval_ms=20.160750 paused=false
PRESENT CADENCE frame=4064 interval_ms=0.316583 paused=false
PRESENT CADENCE frame=4065 interval_ms=20.348583 paused=false
PRESENT CADENCE frame=4066 interval_ms=0.696375 paused=false
PRESENT CADENCE frame=4067 interval_ms=18.763834 paused=false
PRESENT CADENCE frame=4068 interval_ms=0.276458 paused=false
PRESENT CADENCE frame=4069 interval_ms=20.784958 paused=false
PRESENT CADENCE frame=4070 interval_ms=0.293959 paused=false
PRESENT CADENCE frame=4071 interval_ms=19.237333 paused=false
PRESENT CADENCE frame=4072 interval_ms=0.271542 paused=false
PRESENT CADENCE frame=4073 interval_ms=17.235500 paused=false
PRESENT CADENCE frame=4074 interval_ms=0.505375 paused=false
PRESENT CADENCE frame=4075 interval_ms=17.712000 paused=false
PRESENT CADENCE frame=4076 interval_ms=0.247208 paused=false
PRESENT CADENCE frame=4077 interval_ms=21.392917 paused=false
PRESENT CADENCE frame=4078 interval_ms=0.262333 paused=false
PRESENT CADENCE frame=4079 interval_ms=13.779958 paused=false
PRESENT CADENCE frame=4080 interval_ms=0.356542 paused=false
PRESENT CADENCE frame=4081 interval_ms=18.111042 paused=false
PRESENT CADENCE frame=4082 interval_ms=0.234208 paused=false
PRESENT CADENCE frame=4083 interval_ms=18.067042 paused=false
PRESENT CADENCE frame=4084 interval_ms=0.255625 paused=false
PRESENT CADENCE frame=4085 interval_ms=12.403791 paused=false
PRESENT CADENCE frame=4086 interval_ms=14.363292 paused=false
PRESENT CADENCE frame=4087 interval_ms=4.944000 paused=false
PRESENT CADENCE frame=4088 interval_ms=0.306000 paused=false
PRESENT CADENCE frame=4089 interval_ms=13.945333 paused=false
PRESENT CADENCE frame=4090 interval_ms=16.168917 paused=false
PRESENT CADENCE frame=4091 interval_ms=2.962000 paused=false
PRESENT CADENCE frame=4092 interval_ms=0.324417 paused=false
PRESENT CADENCE frame=4093 interval_ms=17.802291 paused=false
PRESENT CADENCE frame=4094 interval_ms=0.295209 paused=false
PRESENT CADENCE frame=4095 interval_ms=12.523041 paused=false
PRESENT CADENCE frame=4096 interval_ms=0.432292 paused=false
PRESENT CADENCE frame=4097 interval_ms=12.802542 paused=false
PRESENT CADENCE frame=4098 interval_ms=0.447666 paused=false
PRESENT CADENCE frame=4099 interval_ms=25.975875 paused=false
PRESENT CADENCE frame=4100 interval_ms=0.306250 paused=false
PRESENT CADENCE frame=4101 interval_ms=17.359542 paused=false
PRESENT CADENCE frame=4102 interval_ms=0.378500 paused=false
PRESENT CADENCE frame=4103 interval_ms=20.148208 paused=false
PRESENT CADENCE frame=4104 interval_ms=0.443875 paused=false
PRESENT CADENCE frame=4105 interval_ms=19.963209 paused=false
PRESENT CADENCE frame=4106 interval_ms=0.278208 paused=false
PRESENT CADENCE frame=4107 interval_ms=18.924917 paused=false
FULL MODEL WORKER work_ms=2024.989 physics_ms=1122.762 mesh_ms=380.266 partition_ms=35.758 streams_ms=486.204
FULL MODEL CPU UPLOAD stage_ms=54.917
PRESENT CADENCE frame=4108 interval_ms=55.478708 paused=false
PRESENT CADENCE frame=4109 interval_ms=2.189875 paused=false
PRESENT CADENCE frame=4110 interval_ms=27.755250 paused=false
PRESENT CADENCE frame=4111 interval_ms=0.274917 paused=false
PRESENT CADENCE frame=4112 interval_ms=22.194708 paused=false
PRESENT CADENCE frame=4113 interval_ms=0.341667 paused=false
PRESENT CADENCE frame=4114 interval_ms=19.697375 paused=false
PRESENT CADENCE frame=4115 interval_ms=0.307500 paused=false
PRESENT CADENCE frame=4116 interval_ms=25.250416 paused=false
PRESENT CADENCE frame=4117 interval_ms=0.514834 paused=false
PRESENT CADENCE frame=4118 interval_ms=21.454583 paused=false
PRESENT CADENCE frame=4119 interval_ms=0.272417 paused=false
PRESENT CADENCE frame=4120 interval_ms=18.591458 paused=false
PRESENT CADENCE frame=4121 interval_ms=0.444583 paused=false
PRESENT CADENCE frame=4122 interval_ms=18.376042 paused=false
PRESENT CADENCE frame=4123 interval_ms=0.337833 paused=false
PRESENT CADENCE frame=4124 interval_ms=20.796917 paused=false
PRESENT CADENCE frame=4125 interval_ms=0.224208 paused=false
PRESENT CADENCE frame=4126 interval_ms=15.709959 paused=false
PRESENT CADENCE frame=4127 interval_ms=0.276833 paused=false
PRESENT CADENCE frame=4128 interval_ms=20.044542 paused=false
PRESENT CADENCE frame=4129 interval_ms=0.306333 paused=false
PRESENT CADENCE frame=4130 interval_ms=20.295875 paused=false
PRESENT CADENCE frame=4131 interval_ms=0.288167 paused=false
PRESENT CADENCE frame=4132 interval_ms=20.255291 paused=false
PRESENT CADENCE frame=4133 interval_ms=0.262667 paused=false
PRESENT CADENCE frame=4134 interval_ms=18.745083 paused=false
PRESENT CADENCE frame=4135 interval_ms=0.794459 paused=false
PRESENT CADENCE frame=4136 interval_ms=18.480000 paused=false
PRESENT CADENCE frame=4137 interval_ms=1.081166 paused=false
PRESENT CADENCE frame=4138 interval_ms=18.346334 paused=false
PRESENT CADENCE frame=4139 interval_ms=0.244958 paused=false
PRESENT CADENCE frame=4140 interval_ms=18.675542 paused=false
PRESENT CADENCE frame=4141 interval_ms=0.217625 paused=false
PRESENT CADENCE frame=4142 interval_ms=19.915958 paused=false
PRESENT CADENCE frame=4143 interval_ms=0.254417 paused=false
PRESENT CADENCE frame=4144 interval_ms=19.445791 paused=false
PRESENT CADENCE frame=4145 interval_ms=0.285584 paused=false
PRESENT CADENCE frame=4146 interval_ms=20.063416 paused=false
PRESENT CADENCE frame=4147 interval_ms=0.341834 paused=false
PRESENT CADENCE frame=4148 interval_ms=17.870875 paused=false
PRESENT CADENCE frame=4149 interval_ms=0.259750 paused=false
PRESENT CADENCE frame=4150 interval_ms=23.208083 paused=false
PRESENT CADENCE frame=4151 interval_ms=0.241292 paused=false
PRESENT CADENCE frame=4152 interval_ms=20.665875 paused=false
PRESENT CADENCE frame=4153 interval_ms=0.245000 paused=false
PRESENT CADENCE frame=4154 interval_ms=26.431458 paused=false
PRESENT CADENCE frame=4155 interval_ms=0.226208 paused=false
PRESENT CADENCE frame=4156 interval_ms=21.653750 paused=false
PRESENT CADENCE frame=4157 interval_ms=0.196334 paused=false
PRESENT CADENCE frame=4158 interval_ms=19.858583 paused=false
PRESENT CADENCE frame=4159 interval_ms=0.554708 paused=false
PRESENT CADENCE frame=4160 interval_ms=20.024709 paused=false
PRESENT CADENCE frame=4161 interval_ms=0.241666 paused=false
PRESENT CADENCE frame=4162 interval_ms=20.552750 paused=false
PRESENT CADENCE frame=4163 interval_ms=0.277084 paused=false
PRESENT CADENCE frame=4164 interval_ms=20.654375 paused=false
PRESENT CADENCE frame=4165 interval_ms=0.204833 paused=false
PRESENT CADENCE frame=4166 interval_ms=19.827042 paused=false
PRESENT CADENCE frame=4167 interval_ms=0.261125 paused=false
PRESENT CADENCE frame=4168 interval_ms=19.649083 paused=false
PRESENT CADENCE frame=4169 interval_ms=0.284250 paused=false
PRESENT CADENCE frame=4170 interval_ms=20.038667 paused=false
PRESENT CADENCE frame=4171 interval_ms=0.382666 paused=false
PRESENT CADENCE frame=4172 interval_ms=17.315750 paused=false
PRESENT CADENCE frame=4173 interval_ms=0.463125 paused=false
PRESENT CADENCE frame=4174 interval_ms=16.300875 paused=false
PRESENT CADENCE frame=4175 interval_ms=0.311417 paused=false
PRESENT CADENCE frame=4176 interval_ms=22.673667 paused=false
PRESENT CADENCE frame=4177 interval_ms=0.216958 paused=false
PRESENT CADENCE frame=4178 interval_ms=22.027833 paused=false
PRESENT CADENCE frame=4179 interval_ms=0.311750 paused=false
PRESENT CADENCE frame=4180 interval_ms=20.069792 paused=false
PRESENT CADENCE frame=4181 interval_ms=0.242125 paused=false
PRESENT CADENCE frame=4182 interval_ms=20.285375 paused=false
PRESENT CADENCE frame=4183 interval_ms=0.242958 paused=false
PRESENT CADENCE frame=4184 interval_ms=22.672459 paused=false
PRESENT CADENCE frame=4185 interval_ms=0.400791 paused=false
PRESENT CADENCE frame=4186 interval_ms=22.286334 paused=false
PRESENT CADENCE frame=4187 interval_ms=0.448166 paused=false
PRESENT CADENCE frame=4188 interval_ms=19.789792 paused=false
PRESENT CADENCE frame=4189 interval_ms=0.271917 paused=false
PRESENT CADENCE frame=4190 interval_ms=15.920625 paused=false
PRESENT CADENCE frame=4191 interval_ms=0.244250 paused=false
PRESENT CADENCE frame=4192 interval_ms=21.855125 paused=false
PRESENT CADENCE frame=4193 interval_ms=0.332291 paused=false
PRESENT CADENCE frame=4194 interval_ms=19.970250 paused=false
PRESENT CADENCE frame=4195 interval_ms=0.225834 paused=false
PRESENT CADENCE frame=4196 interval_ms=21.498083 paused=false
PRESENT CADENCE frame=4197 interval_ms=0.233875 paused=false
PRESENT CADENCE frame=4198 interval_ms=19.966750 paused=false
PRESENT CADENCE frame=4199 interval_ms=0.345083 paused=false
PRESENT CADENCE frame=4200 interval_ms=16.006084 paused=false
PRESENT CADENCE frame=4201 interval_ms=0.286583 paused=false
PRESENT CADENCE frame=4202 interval_ms=18.427667 paused=false
PRESENT CADENCE frame=4203 interval_ms=0.978458 paused=false
PRESENT CADENCE frame=4204 interval_ms=23.900375 paused=false
PRESENT CADENCE frame=4205 interval_ms=0.276833 paused=false
PRESENT CADENCE frame=4206 interval_ms=21.457959 paused=false
PRESENT CADENCE frame=4207 interval_ms=0.284291 paused=false
PRESENT CADENCE frame=4208 interval_ms=32.270042 paused=false
PRESENT CADENCE frame=4209 interval_ms=0.382375 paused=false
PRESENT CADENCE frame=4210 interval_ms=21.465583 paused=false
PRESENT CADENCE frame=4211 interval_ms=0.235000 paused=false
PRESENT CADENCE frame=4212 interval_ms=23.708209 paused=false
PRESENT CADENCE frame=4213 interval_ms=0.345416 paused=false
PRESENT CADENCE frame=4214 interval_ms=20.829084 paused=false
PRESENT CADENCE frame=4215 interval_ms=0.361041 paused=false
PRESENT CADENCE frame=4216 interval_ms=22.445084 paused=false
PRESENT CADENCE frame=4217 interval_ms=0.246416 paused=false
PRESENT CADENCE frame=4218 interval_ms=19.825375 paused=false
PRESENT CADENCE frame=4219 interval_ms=0.287709 paused=false
PRESENT CADENCE frame=4220 interval_ms=20.513083 paused=false
PRESENT CADENCE frame=4221 interval_ms=0.254417 paused=false
PRESENT CADENCE frame=4222 interval_ms=21.381041 paused=false
PRESENT CADENCE frame=4223 interval_ms=0.246709 paused=false
PRESENT CADENCE frame=4224 interval_ms=19.881958 paused=false
PRESENT CADENCE frame=4225 interval_ms=0.213500 paused=false
PRESENT CADENCE frame=4226 interval_ms=20.020625 paused=false
PRESENT CADENCE frame=4227 interval_ms=0.233125 paused=false
PRESENT CADENCE frame=4228 interval_ms=20.997042 paused=false
PRESENT CADENCE frame=4229 interval_ms=0.252500 paused=false
PRESENT CADENCE frame=4230 interval_ms=21.177708 paused=false
PRESENT CADENCE frame=4231 interval_ms=0.221458 paused=false
PRESENT CADENCE frame=4232 interval_ms=20.078959 paused=false
PRESENT CADENCE frame=4233 interval_ms=0.333166 paused=false
PRESENT CADENCE frame=4234 interval_ms=22.379292 paused=false
PRESENT CADENCE frame=4235 interval_ms=0.300417 paused=false
PRESENT CADENCE frame=4236 interval_ms=21.662708 paused=false
PRESENT CADENCE frame=4237 interval_ms=0.420458 paused=false
PRESENT CADENCE frame=4238 interval_ms=22.203167 paused=false
PRESENT CADENCE frame=4239 interval_ms=0.289958 paused=false
PRESENT CADENCE frame=4240 interval_ms=22.102625 paused=false
PRESENT CADENCE frame=4241 interval_ms=0.261500 paused=false
PRESENT CADENCE frame=4242 interval_ms=21.279459 paused=false
PRESENT CADENCE frame=4243 interval_ms=0.542958 paused=false
PRESENT CADENCE frame=4244 interval_ms=20.530583 paused=false
PRESENT CADENCE frame=4245 interval_ms=0.278125 paused=false
PRESENT CADENCE frame=4246 interval_ms=19.958167 paused=false
PRESENT CADENCE frame=4247 interval_ms=0.327833 paused=false
PRESENT CADENCE frame=4248 interval_ms=20.589792 paused=false
PRESENT CADENCE frame=4249 interval_ms=0.227750 paused=false
PRESENT CADENCE frame=4250 interval_ms=18.013833 paused=false
PRESENT CADENCE frame=4251 interval_ms=0.202250 paused=false
PRESENT CADENCE frame=4252 interval_ms=23.972000 paused=false
PRESENT CADENCE frame=4253 interval_ms=0.258084 paused=false
PRESENT CADENCE frame=4254 interval_ms=22.715875 paused=false
PRESENT CADENCE frame=4255 interval_ms=0.260041 paused=false
PRESENT CADENCE frame=4256 interval_ms=22.768125 paused=false
PRESENT CADENCE frame=4257 interval_ms=0.308167 paused=false
PRESENT CADENCE frame=4258 interval_ms=21.513208 paused=false
PRESENT CADENCE frame=4259 interval_ms=0.365917 paused=false
PRESENT CADENCE frame=4260 interval_ms=20.563000 paused=false
PRESENT CADENCE frame=4261 interval_ms=0.223833 paused=false
PRESENT CADENCE frame=4262 interval_ms=20.980584 paused=false
PRESENT CADENCE frame=4263 interval_ms=0.223500 paused=false
PRESENT CADENCE frame=4264 interval_ms=19.578083 paused=false
PRESENT CADENCE frame=4265 interval_ms=0.253958 paused=false
PRESENT CADENCE frame=4266 interval_ms=20.472417 paused=false
PRESENT CADENCE frame=4267 interval_ms=0.327333 paused=false
PRESENT CADENCE frame=4268 interval_ms=25.185917 paused=false
PRESENT CADENCE frame=4269 interval_ms=0.301333 paused=false
PRESENT CADENCE frame=4270 interval_ms=20.265459 paused=false
PRESENT CADENCE frame=4271 interval_ms=0.395750 paused=false
PRESENT CADENCE frame=4272 interval_ms=22.410708 paused=false
PRESENT CADENCE frame=4273 interval_ms=0.274208 paused=false
PRESENT CADENCE frame=4274 interval_ms=22.755417 paused=false
PRESENT CADENCE frame=4275 interval_ms=0.331167 paused=false
PRESENT CADENCE frame=4276 interval_ms=21.672625 paused=false
PRESENT CADENCE frame=4277 interval_ms=0.232708 paused=false
PRESENT CADENCE frame=4278 interval_ms=21.681000 paused=false
PRESENT CADENCE frame=4279 interval_ms=0.220792 paused=false
PRESENT CADENCE frame=4280 interval_ms=20.559916 paused=false
PRESENT CADENCE frame=4281 interval_ms=0.336125 paused=false
PRESENT CADENCE frame=4282 interval_ms=22.416334 paused=false
PRESENT CADENCE frame=4283 interval_ms=0.228375 paused=false
PRESENT CADENCE frame=4284 interval_ms=21.131250 paused=false
PRESENT CADENCE frame=4285 interval_ms=0.206625 paused=false
PRESENT CADENCE frame=4286 interval_ms=20.170750 paused=false
PRESENT CADENCE frame=4287 interval_ms=0.565666 paused=false
PRESENT CADENCE frame=4288 interval_ms=20.358209 paused=false
PRESENT CADENCE frame=4289 interval_ms=0.318583 paused=false
PRESENT CADENCE frame=4290 interval_ms=22.988125 paused=false
PRESENT CADENCE frame=4291 interval_ms=0.326042 paused=false
PRESENT CADENCE frame=4292 interval_ms=22.135041 paused=false
PRESENT CADENCE frame=4293 interval_ms=1.909417 paused=false
PRESENT CADENCE frame=4294 interval_ms=19.764167 paused=false
PRESENT CADENCE frame=4295 interval_ms=0.247083 paused=false
PRESENT CADENCE frame=4296 interval_ms=22.307833 paused=false
PRESENT CADENCE frame=4297 interval_ms=0.279375 paused=false
PRESENT CADENCE frame=4298 interval_ms=20.523334 paused=false
PRESENT CADENCE frame=4299 interval_ms=0.328875 paused=false
PRESENT CADENCE frame=4300 interval_ms=20.023083 paused=false
PRESENT CADENCE frame=4301 interval_ms=0.204458 paused=false
PRESENT CADENCE frame=4302 interval_ms=19.467250 paused=false
PRESENT CADENCE frame=4303 interval_ms=0.299334 paused=false
PRESENT CADENCE frame=4304 interval_ms=19.512875 paused=false
PRESENT CADENCE frame=4305 interval_ms=0.212250 paused=false
PRESENT CADENCE frame=4306 interval_ms=20.517250 paused=false
PRESENT CADENCE frame=4307 interval_ms=0.304000 paused=false
PRESENT CADENCE frame=4308 interval_ms=17.161541 paused=false
PRESENT CADENCE frame=4309 interval_ms=0.253917 paused=false
PRESENT CADENCE frame=4310 interval_ms=22.790708 paused=false
PRESENT CADENCE frame=4311 interval_ms=0.255292 paused=false
PRESENT CADENCE frame=4312 interval_ms=22.238625 paused=false
PRESENT CADENCE frame=4313 interval_ms=0.204083 paused=false
PRESENT CADENCE frame=4314 interval_ms=21.628459 paused=false
PRESENT CADENCE frame=4315 interval_ms=0.264041 paused=false
PRESENT CADENCE frame=4316 interval_ms=21.447000 paused=false
PRESENT CADENCE frame=4317 interval_ms=0.244042 paused=false
PRESENT CADENCE frame=4318 interval_ms=22.451542 paused=false
PRESENT CADENCE frame=4319 interval_ms=0.206333 paused=false
PRESENT CADENCE frame=4320 interval_ms=20.308375 paused=false
PRESENT CADENCE frame=4321 interval_ms=0.225250 paused=false
PRESENT CADENCE frame=4322 interval_ms=20.789875 paused=false
PRESENT CADENCE frame=4323 interval_ms=0.878958 paused=false
PRESENT CADENCE frame=4324 interval_ms=19.456500 paused=false
PRESENT CADENCE frame=4325 interval_ms=0.233250 paused=false
PRESENT CADENCE frame=4326 interval_ms=13.280000 paused=false
PRESENT CADENCE frame=4327 interval_ms=0.252459 paused=false
PRESENT CADENCE frame=4328 interval_ms=21.069166 paused=false
PRESENT CADENCE frame=4329 interval_ms=0.703084 paused=false
PRESENT CADENCE frame=4330 interval_ms=23.448166 paused=false
PRESENT CADENCE frame=4331 interval_ms=0.253875 paused=false
PRESENT CADENCE frame=4332 interval_ms=21.392459 paused=false
PRESENT CADENCE frame=4333 interval_ms=0.237583 paused=false
PRESENT CADENCE frame=4334 interval_ms=23.007708 paused=false
PRESENT CADENCE frame=4335 interval_ms=0.218334 paused=false
PRESENT CADENCE frame=4336 interval_ms=19.880833 paused=false
PRESENT CADENCE frame=4337 interval_ms=0.193000 paused=false
PRESENT CADENCE frame=4338 interval_ms=20.950333 paused=false
PRESENT CADENCE frame=4339 interval_ms=0.234000 paused=false
PRESENT CADENCE frame=4340 interval_ms=20.448125 paused=false
PRESENT CADENCE frame=4341 interval_ms=0.238125 paused=false
PRESENT CADENCE frame=4342 interval_ms=19.602834 paused=false
PRESENT CADENCE frame=4343 interval_ms=0.197625 paused=false
PRESENT CADENCE frame=4344 interval_ms=16.619041 paused=false
PRESENT CADENCE frame=4345 interval_ms=0.203625 paused=false
PRESENT CADENCE frame=4346 interval_ms=21.115667 paused=false
PRESENT CADENCE frame=4347 interval_ms=0.399500 paused=false
PRESENT CADENCE frame=4348 interval_ms=20.831625 paused=false
PRESENT CADENCE frame=4349 interval_ms=0.274875 paused=false
PRESENT CADENCE frame=4350 interval_ms=21.059083 paused=false
PRESENT CADENCE frame=4351 interval_ms=0.614417 paused=false
PRESENT CADENCE frame=4352 interval_ms=19.336375 paused=false
PRESENT CADENCE frame=4353 interval_ms=0.238375 paused=false
PRESENT CADENCE frame=4354 interval_ms=22.286417 paused=false
PRESENT CADENCE frame=4355 interval_ms=0.254625 paused=false
PRESENT CADENCE frame=4356 interval_ms=19.250375 paused=false
PRESENT CADENCE frame=4357 interval_ms=0.248750 paused=false
PRESENT CADENCE frame=4358 interval_ms=17.315166 paused=false
PRESENT CADENCE frame=4359 interval_ms=0.401959 paused=false
PRESENT CADENCE frame=4360 interval_ms=17.196500 paused=false
PRESENT CADENCE frame=4361 interval_ms=0.244791 paused=false
PRESENT CADENCE frame=4362 interval_ms=20.633750 paused=false
PRESENT CADENCE frame=4363 interval_ms=0.300917 paused=false
PRESENT CADENCE frame=4364 interval_ms=12.657500 paused=false
PRESENT CADENCE frame=4365 interval_ms=0.450417 paused=false
PRESENT CADENCE frame=4366 interval_ms=23.326708 paused=false
PRESENT CADENCE frame=4367 interval_ms=0.335042 paused=false
PRESENT CADENCE frame=4368 interval_ms=20.591083 paused=false
PRESENT CADENCE frame=4369 interval_ms=0.391250 paused=false
PRESENT CADENCE frame=4370 interval_ms=18.028458 paused=false
PRESENT CADENCE frame=4371 interval_ms=0.285125 paused=false
PRESENT CADENCE frame=4372 interval_ms=19.488625 paused=false
PRESENT CADENCE frame=4373 interval_ms=0.264459 paused=false
PRESENT CADENCE frame=4374 interval_ms=23.558208 paused=false
PRESENT CADENCE frame=4375 interval_ms=0.481625 paused=false
PRESENT CADENCE frame=4376 interval_ms=13.501000 paused=false
PRESENT CADENCE frame=4377 interval_ms=0.335667 paused=false
PRESENT CADENCE frame=4378 interval_ms=16.528291 paused=false
FULL MODEL WORKER work_ms=2872.455 physics_ms=1932.276 mesh_ms=433.405 partition_ms=30.036 streams_ms=476.738
FULL MODEL CPU UPLOAD stage_ms=53.759
PRESENT CADENCE frame=4379 interval_ms=54.255125 paused=false
PRESENT CADENCE frame=4380 interval_ms=2.037292 paused=false
PRESENT CADENCE frame=4381 interval_ms=34.403542 paused=false
PRESENT CADENCE frame=4382 interval_ms=0.284083 paused=false
PRESENT CADENCE frame=4383 interval_ms=19.171708 paused=false
PRESENT CADENCE frame=4384 interval_ms=2.815834 paused=false
PRESENT CADENCE frame=4385 interval_ms=16.378583 paused=false
PRESENT CADENCE frame=4386 interval_ms=0.616125 paused=false
PRESENT CADENCE frame=4387 interval_ms=17.833625 paused=false
PRESENT CADENCE frame=4388 interval_ms=0.379125 paused=false
PRESENT CADENCE frame=4389 interval_ms=19.615458 paused=false
PRESENT CADENCE frame=4390 interval_ms=0.413875 paused=false
PRESENT CADENCE frame=4391 interval_ms=18.688334 paused=false
PRESENT CADENCE frame=4392 interval_ms=0.448291 paused=false
PRESENT CADENCE frame=4393 interval_ms=19.942667 paused=false
PRESENT CADENCE frame=4394 interval_ms=0.409250 paused=false
PRESENT CADENCE frame=4395 interval_ms=19.515500 paused=false
PRESENT CADENCE frame=4396 interval_ms=0.346042 paused=false
PRESENT CADENCE frame=4397 interval_ms=18.306250 paused=false
PRESENT CADENCE frame=4398 interval_ms=0.375750 paused=false
PRESENT CADENCE frame=4399 interval_ms=20.123125 paused=false
PRESENT CADENCE frame=4400 interval_ms=0.394208 paused=false
PRESENT CADENCE frame=4401 interval_ms=18.597875 paused=false
PRESENT CADENCE frame=4402 interval_ms=0.385792 paused=false
PRESENT CADENCE frame=4403 interval_ms=13.319541 paused=false
PRESENT CADENCE frame=4404 interval_ms=0.439500 paused=false
PRESENT CADENCE frame=4405 interval_ms=13.803334 paused=false
PRESENT CADENCE frame=4406 interval_ms=0.621208 paused=false
PRESENT CADENCE frame=4407 interval_ms=18.233375 paused=false
PRESENT CADENCE frame=4408 interval_ms=0.400667 paused=false
PRESENT CADENCE frame=4409 interval_ms=13.385583 paused=false
PRESENT CADENCE frame=4410 interval_ms=0.376625 paused=false
PRESENT CADENCE frame=4411 interval_ms=22.230208 paused=false
PRESENT CADENCE frame=4412 interval_ms=0.427042 paused=false
PRESENT CADENCE frame=4413 interval_ms=16.938417 paused=false
PRESENT CADENCE frame=4414 interval_ms=0.443666 paused=false
PRESENT CADENCE frame=4415 interval_ms=18.023375 paused=false
PRESENT CADENCE frame=4416 interval_ms=0.442042 paused=false
PRESENT CADENCE frame=4417 interval_ms=17.729125 paused=false
PRESENT CADENCE frame=4418 interval_ms=0.518000 paused=false
PRESENT CADENCE frame=4419 interval_ms=20.757208 paused=false
PRESENT CADENCE frame=4420 interval_ms=0.431125 paused=false
PRESENT CADENCE frame=4421 interval_ms=17.637334 paused=false
PRESENT CADENCE frame=4422 interval_ms=0.357458 paused=false
PRESENT CADENCE frame=4423 interval_ms=15.075583 paused=false
PRESENT CADENCE frame=4424 interval_ms=0.444000 paused=false
PRESENT CADENCE frame=4425 interval_ms=24.501750 paused=false
PRESENT CADENCE frame=4426 interval_ms=0.465125 paused=false
PRESENT CADENCE frame=4427 interval_ms=19.434792 paused=false
PRESENT CADENCE frame=4428 interval_ms=0.480208 paused=false
PRESENT CADENCE frame=4429 interval_ms=19.894750 paused=false
PRESENT CADENCE frame=4430 interval_ms=0.519250 paused=false
PRESENT CADENCE frame=4431 interval_ms=21.143125 paused=false
PRESENT CADENCE frame=4432 interval_ms=0.702584 paused=false
PRESENT CADENCE frame=4433 interval_ms=19.972541 paused=false
PRESENT CADENCE frame=4434 interval_ms=0.404084 paused=false
PRESENT CADENCE frame=4435 interval_ms=19.016708 paused=false
PRESENT CADENCE frame=4436 interval_ms=0.500333 paused=false
PRESENT CADENCE frame=4437 interval_ms=19.234542 paused=false
PRESENT CADENCE frame=4438 interval_ms=0.382792 paused=false
PRESENT CADENCE frame=4439 interval_ms=19.565583 paused=false
PRESENT CADENCE frame=4440 interval_ms=0.218333 paused=false
PRESENT CADENCE frame=4441 interval_ms=19.416375 paused=false
PRESENT CADENCE frame=4442 interval_ms=0.211167 paused=false
PRESENT CADENCE frame=4443 interval_ms=19.278042 paused=false
PRESENT CADENCE frame=4444 interval_ms=2.631208 paused=false
PRESENT CADENCE frame=4445 interval_ms=16.068667 paused=false
PRESENT CADENCE frame=4446 interval_ms=0.483291 paused=false
PRESENT CADENCE frame=4447 interval_ms=16.356584 paused=false
PRESENT CADENCE frame=4448 interval_ms=0.368250 paused=false
PRESENT CADENCE frame=4449 interval_ms=15.470208 paused=false
PRESENT CADENCE frame=4450 interval_ms=0.364625 paused=false
PRESENT CADENCE frame=4451 interval_ms=21.821792 paused=false
PRESENT CADENCE frame=4452 interval_ms=0.320250 paused=false
PRESENT CADENCE frame=4453 interval_ms=20.090541 paused=false
PRESENT CADENCE frame=4454 interval_ms=0.778500 paused=false
PRESENT CADENCE frame=4455 interval_ms=19.269667 paused=false
PRESENT CADENCE frame=4456 interval_ms=0.233625 paused=false
PRESENT CADENCE frame=4457 interval_ms=20.403083 paused=false
PRESENT CADENCE frame=4458 interval_ms=0.433667 paused=false
PRESENT CADENCE frame=4459 interval_ms=19.249333 paused=false
PRESENT CADENCE frame=4460 interval_ms=0.275750 paused=false
PRESENT CADENCE frame=4461 interval_ms=21.575584 paused=false
PRESENT CADENCE frame=4462 interval_ms=0.390375 paused=false
PRESENT CADENCE frame=4463 interval_ms=18.771083 paused=false
PRESENT CADENCE frame=4464 interval_ms=0.302292 paused=false
PRESENT CADENCE frame=4465 interval_ms=18.811000 paused=false
PRESENT CADENCE frame=4466 interval_ms=0.353083 paused=false
PRESENT CADENCE frame=4467 interval_ms=19.383583 paused=false
PRESENT CADENCE frame=4468 interval_ms=0.193500 paused=false
PRESENT CADENCE frame=4469 interval_ms=19.456084 paused=false
PRESENT CADENCE frame=4470 interval_ms=0.217000 paused=false
PRESENT CADENCE frame=4471 interval_ms=20.217291 paused=false
PRESENT CADENCE frame=4472 interval_ms=0.280959 paused=false
PRESENT CADENCE frame=4473 interval_ms=21.150333 paused=false
PRESENT CADENCE frame=4474 interval_ms=0.248625 paused=false
PRESENT CADENCE frame=4475 interval_ms=19.971958 paused=false
PRESENT CADENCE frame=4476 interval_ms=0.330459 paused=false
PRESENT CADENCE frame=4477 interval_ms=18.438416 paused=false
PRESENT CADENCE frame=4478 interval_ms=0.330209 paused=false
PRESENT CADENCE frame=4479 interval_ms=15.068333 paused=false
PRESENT CADENCE frame=4480 interval_ms=0.290875 paused=false
PRESENT CADENCE frame=4481 interval_ms=14.751750 paused=false
PRESENT CADENCE frame=4482 interval_ms=0.226625 paused=false
PRESENT CADENCE frame=4483 interval_ms=20.863292 paused=false
PRESENT CADENCE frame=4484 interval_ms=0.209666 paused=false
PRESENT CADENCE frame=4485 interval_ms=19.381459 paused=false
PRESENT CADENCE frame=4486 interval_ms=0.230666 paused=false
PRESENT CADENCE frame=4487 interval_ms=19.622750 paused=false
PRESENT CADENCE frame=4488 interval_ms=0.217167 paused=false
PRESENT CADENCE frame=4489 interval_ms=25.243167 paused=false
PRESENT CADENCE frame=4490 interval_ms=0.404708 paused=false
PRESENT CADENCE frame=4491 interval_ms=18.136417 paused=false
PRESENT CADENCE frame=4492 interval_ms=0.266333 paused=false
PRESENT CADENCE frame=4493 interval_ms=19.396250 paused=false
PRESENT CADENCE frame=4494 interval_ms=0.234500 paused=false
PRESENT CADENCE frame=4495 interval_ms=19.198292 paused=false
PRESENT CADENCE frame=4496 interval_ms=0.330916 paused=false
PRESENT CADENCE frame=4497 interval_ms=19.167584 paused=false
PRESENT CADENCE frame=4498 interval_ms=0.189458 paused=false
PRESENT CADENCE frame=4499 interval_ms=22.097125 paused=false
PRESENT CADENCE frame=4500 interval_ms=0.331542 paused=false
PRESENT CADENCE frame=4501 interval_ms=16.890416 paused=false
PRESENT CADENCE frame=4502 interval_ms=0.345417 paused=false
PRESENT CADENCE frame=4503 interval_ms=16.106583 paused=false
PRESENT CADENCE frame=4504 interval_ms=0.230875 paused=false
PRESENT CADENCE frame=4505 interval_ms=21.285334 paused=false
PRESENT CADENCE frame=4506 interval_ms=0.313791 paused=false
PRESENT CADENCE frame=4507 interval_ms=20.638084 paused=false
PRESENT CADENCE frame=4508 interval_ms=0.212708 paused=false
PRESENT CADENCE frame=4509 interval_ms=21.211292 paused=false
PRESENT CADENCE frame=4510 interval_ms=0.213083 paused=false
PRESENT CADENCE frame=4511 interval_ms=20.985083 paused=false
PRESENT CADENCE frame=4512 interval_ms=0.226417 paused=false
PRESENT CADENCE frame=4513 interval_ms=20.051250 paused=false
PRESENT CADENCE frame=4514 interval_ms=0.299375 paused=false
PRESENT CADENCE frame=4515 interval_ms=19.819333 paused=false
PRESENT CADENCE frame=4516 interval_ms=0.207417 paused=false
PRESENT CADENCE frame=4517 interval_ms=19.734125 paused=false
PRESENT CADENCE frame=4518 interval_ms=0.464333 paused=false
PRESENT CADENCE frame=4519 interval_ms=16.110292 paused=false
PRESENT CADENCE frame=4520 interval_ms=0.258667 paused=false
PRESENT CADENCE frame=4521 interval_ms=21.666125 paused=false
PRESENT CADENCE frame=4522 interval_ms=0.434750 paused=false
PRESENT CADENCE frame=4523 interval_ms=21.848333 paused=false
PRESENT CADENCE frame=4524 interval_ms=0.302167 paused=false
PRESENT CADENCE frame=4525 interval_ms=21.143958 paused=false
PRESENT CADENCE frame=4526 interval_ms=0.257750 paused=false
PRESENT CADENCE frame=4527 interval_ms=20.599417 paused=false
PRESENT CADENCE frame=4528 interval_ms=0.301750 paused=false
PRESENT CADENCE frame=4529 interval_ms=19.828833 paused=false
PRESENT CADENCE frame=4530 interval_ms=0.233750 paused=false
PRESENT CADENCE frame=4531 interval_ms=18.319917 paused=false
PRESENT CADENCE frame=4532 interval_ms=0.333041 paused=false
PRESENT CADENCE frame=4533 interval_ms=19.854959 paused=false
PRESENT CADENCE frame=4534 interval_ms=0.493833 paused=false
PRESENT CADENCE frame=4535 interval_ms=19.219167 paused=false
PRESENT CADENCE frame=4536 interval_ms=0.209750 paused=false
PRESENT CADENCE frame=4537 interval_ms=21.350541 paused=false
PRESENT CADENCE frame=4538 interval_ms=0.237542 paused=false
PRESENT CADENCE frame=4539 interval_ms=22.382417 paused=false
PRESENT CADENCE frame=4540 interval_ms=0.380375 paused=false
PRESENT CADENCE frame=4541 interval_ms=21.214958 paused=false
PRESENT CADENCE frame=4542 interval_ms=0.323333 paused=false
PRESENT CADENCE frame=4543 interval_ms=20.137959 paused=false
PRESENT CADENCE frame=4544 interval_ms=0.271041 paused=false
PRESENT CADENCE frame=4545 interval_ms=20.285667 paused=false
PRESENT CADENCE frame=4546 interval_ms=0.238000 paused=false
PRESENT CADENCE frame=4547 interval_ms=14.646042 paused=false
PRESENT CADENCE frame=4548 interval_ms=0.246708 paused=false
PRESENT CADENCE frame=4549 interval_ms=21.268042 paused=false
PRESENT CADENCE frame=4550 interval_ms=0.313708 paused=false
PRESENT CADENCE frame=4551 interval_ms=19.385250 paused=false
PRESENT CADENCE frame=4552 interval_ms=0.274708 paused=false
PRESENT CADENCE frame=4553 interval_ms=20.674750 paused=false
PRESENT CADENCE frame=4554 interval_ms=0.266792 paused=false
PRESENT CADENCE frame=4555 interval_ms=20.452125 paused=false
PRESENT CADENCE frame=4556 interval_ms=0.398000 paused=false
PRESENT CADENCE frame=4557 interval_ms=14.862458 paused=false
PRESENT CADENCE frame=4558 interval_ms=0.254500 paused=false
PRESENT CADENCE frame=4559 interval_ms=19.255500 paused=false
PRESENT CADENCE frame=4560 interval_ms=0.326375 paused=false
PRESENT CADENCE frame=4561 interval_ms=21.774417 paused=false
PRESENT CADENCE frame=4562 interval_ms=0.538958 paused=false
PRESENT CADENCE frame=4563 interval_ms=19.085125 paused=false
PRESENT CADENCE frame=4564 interval_ms=0.363000 paused=false
PRESENT CADENCE frame=4565 interval_ms=20.383417 paused=false
PRESENT CADENCE frame=4566 interval_ms=0.231000 paused=false
PRESENT CADENCE frame=4567 interval_ms=20.575208 paused=false
PRESENT CADENCE frame=4568 interval_ms=0.424417 paused=false
PRESENT CADENCE frame=4569 interval_ms=16.176375 paused=false
PRESENT CADENCE frame=4570 interval_ms=0.197667 paused=false
PRESENT CADENCE frame=4571 interval_ms=21.780583 paused=false
PRESENT CADENCE frame=4572 interval_ms=0.176958 paused=false
PRESENT CADENCE frame=4573 interval_ms=21.595084 paused=false
PRESENT CADENCE frame=4574 interval_ms=0.355375 paused=false
PRESENT CADENCE frame=4575 interval_ms=22.041000 paused=false
PRESENT CADENCE frame=4576 interval_ms=0.236750 paused=false
PRESENT CADENCE frame=4577 interval_ms=20.671541 paused=false
PRESENT CADENCE frame=4578 interval_ms=0.426709 paused=false
PRESENT CADENCE frame=4579 interval_ms=19.465958 paused=false
PRESENT CADENCE frame=4580 interval_ms=0.378833 paused=false
PRESENT CADENCE frame=4581 interval_ms=21.656209 paused=false
PRESENT CADENCE frame=4582 interval_ms=0.210166 paused=false
PRESENT CADENCE frame=4583 interval_ms=21.263792 paused=false
PRESENT CADENCE frame=4584 interval_ms=0.246250 paused=false
PRESENT CADENCE frame=4585 interval_ms=19.805458 paused=false
PRESENT CADENCE frame=4586 interval_ms=0.237875 paused=false
PRESENT CADENCE frame=4587 interval_ms=19.442000 paused=false
PRESENT CADENCE frame=4588 interval_ms=0.250000 paused=false
PRESENT CADENCE frame=4589 interval_ms=22.029792 paused=false
PRESENT CADENCE frame=4590 interval_ms=0.320417 paused=false
PRESENT CADENCE frame=4591 interval_ms=20.234125 paused=false
PRESENT CADENCE frame=4592 interval_ms=0.237750 paused=false
PRESENT CADENCE frame=4593 interval_ms=19.438208 paused=false
PRESENT CADENCE frame=4594 interval_ms=0.282833 paused=false
PRESENT CADENCE frame=4595 interval_ms=20.745959 paused=false
PRESENT CADENCE frame=4596 interval_ms=0.256791 paused=false
PRESENT CADENCE frame=4597 interval_ms=20.271542 paused=false
FULL MODEL WORKER work_ms=2228.735 physics_ms=1175.716 mesh_ms=494.118 partition_ms=33.134 streams_ms=525.767
FULL MODEL CPU UPLOAD stage_ms=43.705
PRESENT CADENCE frame=4598 interval_ms=44.203958 paused=false
PRESENT CADENCE frame=4599 interval_ms=1.677167 paused=false
PRESENT CADENCE frame=4600 interval_ms=20.143333 paused=false
PRESENT CADENCE frame=4601 interval_ms=0.309500 paused=false
PRESENT CADENCE frame=4602 interval_ms=19.802625 paused=false
PRESENT CADENCE frame=4603 interval_ms=4.817959 paused=false
PRESENT CADENCE frame=4604 interval_ms=17.864250 paused=false
PRESENT CADENCE frame=4605 interval_ms=0.568958 paused=false
PRESENT CADENCE frame=4606 interval_ms=19.935833 paused=false
PRESENT CADENCE frame=4607 interval_ms=0.441667 paused=false
PRESENT CADENCE frame=4608 interval_ms=21.637125 paused=false
PRESENT CADENCE frame=4609 interval_ms=0.531208 paused=false
PRESENT CADENCE frame=4610 interval_ms=20.167667 paused=false
PRESENT CADENCE frame=4611 interval_ms=0.431875 paused=false
PRESENT CADENCE frame=4612 interval_ms=20.860250 paused=false
PRESENT CADENCE frame=4613 interval_ms=0.528958 paused=false
PRESENT CADENCE frame=4614 interval_ms=19.739084 paused=false
PRESENT CADENCE frame=4615 interval_ms=0.458083 paused=false
PRESENT CADENCE frame=4616 interval_ms=18.094083 paused=false
PRESENT CADENCE frame=4617 interval_ms=0.466375 paused=false
PRESENT CADENCE frame=4618 interval_ms=18.797459 paused=false
PRESENT CADENCE frame=4619 interval_ms=0.598250 paused=false
PRESENT CADENCE frame=4620 interval_ms=19.181416 paused=false
PRESENT CADENCE frame=4621 interval_ms=0.439584 paused=false
PRESENT CADENCE frame=4622 interval_ms=20.233333 paused=false
PRESENT CADENCE frame=4623 interval_ms=0.387708 paused=false
PRESENT CADENCE frame=4624 interval_ms=20.254500 paused=false
PRESENT CADENCE frame=4625 interval_ms=0.367375 paused=false
PRESENT CADENCE frame=4626 interval_ms=21.601500 paused=false
PRESENT CADENCE frame=4627 interval_ms=0.453167 paused=false
PRESENT CADENCE frame=4628 interval_ms=20.517250 paused=false
PRESENT CADENCE frame=4629 interval_ms=0.536708 paused=false
PRESENT CADENCE frame=4630 interval_ms=19.859667 paused=false
PRESENT CADENCE frame=4631 interval_ms=0.506417 paused=false
PRESENT CADENCE frame=4632 interval_ms=19.522083 paused=false
PRESENT CADENCE frame=4633 interval_ms=0.397000 paused=false
PRESENT CADENCE frame=4634 interval_ms=19.718458 paused=false
PRESENT CADENCE frame=4635 interval_ms=0.407334 paused=false
PRESENT CADENCE frame=4636 interval_ms=23.373750 paused=false
PRESENT CADENCE frame=4637 interval_ms=0.712416 paused=false
PRESENT CADENCE frame=4638 interval_ms=16.307042 paused=false
PRESENT CADENCE frame=4639 interval_ms=0.415500 paused=false
PRESENT CADENCE frame=4640 interval_ms=24.837750 paused=false
PRESENT CADENCE frame=4641 interval_ms=0.468083 paused=false
PRESENT CADENCE frame=4642 interval_ms=15.114375 paused=false
PRESENT CADENCE frame=4643 interval_ms=0.446375 paused=false
PRESENT CADENCE frame=4644 interval_ms=19.677042 paused=false
PRESENT CADENCE frame=4645 interval_ms=0.526667 paused=false
PRESENT CADENCE frame=4646 interval_ms=19.279083 paused=false
PRESENT CADENCE frame=4647 interval_ms=0.522083 paused=false
PRESENT CADENCE frame=4648 interval_ms=20.441709 paused=false
PRESENT CADENCE frame=4649 interval_ms=0.595833 paused=false
PRESENT CADENCE frame=4650 interval_ms=17.889250 paused=false
PRESENT CADENCE frame=4651 interval_ms=0.458083 paused=false
PRESENT CADENCE frame=4652 interval_ms=18.792417 paused=false
PRESENT CADENCE frame=4653 interval_ms=0.926458 paused=false
PRESENT CADENCE frame=4654 interval_ms=11.487334 paused=false
PRESENT CADENCE frame=4655 interval_ms=23.362333 paused=false
PRESENT CADENCE frame=4656 interval_ms=1.124250 paused=false
PRESENT CADENCE frame=4657 interval_ms=0.468792 paused=false
PRESENT CADENCE frame=4658 interval_ms=14.588333 paused=false
PRESENT CADENCE frame=4659 interval_ms=23.677667 paused=false
PRESENT CADENCE frame=4660 interval_ms=0.490041 paused=false
PRESENT CADENCE frame=4661 interval_ms=14.369667 paused=false
PRESENT CADENCE frame=4662 interval_ms=0.854333 paused=false
PRESENT CADENCE frame=4663 interval_ms=23.693375 paused=false
PRESENT CADENCE frame=4664 interval_ms=0.343334 paused=false
PRESENT CADENCE frame=4665 interval_ms=22.093541 paused=false
PRESENT CADENCE frame=4666 interval_ms=0.270417 paused=false
PRESENT CADENCE frame=4667 interval_ms=16.424667 paused=false
PRESENT CADENCE frame=4668 interval_ms=0.219166 paused=false
PRESENT CADENCE frame=4669 interval_ms=17.282167 paused=false
PRESENT CADENCE frame=4670 interval_ms=0.208500 paused=false
PRESENT CADENCE frame=4671 interval_ms=17.799542 paused=false
PRESENT CADENCE frame=4672 interval_ms=0.241041 paused=false
PRESENT CADENCE frame=4673 interval_ms=18.160459 paused=false
PRESENT CADENCE frame=4674 interval_ms=0.183125 paused=false
PRESENT CADENCE frame=4675 interval_ms=19.352500 paused=false
PRESENT CADENCE frame=4676 interval_ms=0.425166 paused=false
PRESENT CADENCE frame=4677 interval_ms=15.214292 paused=false
PRESENT CADENCE frame=4678 interval_ms=0.223042 paused=false
PRESENT CADENCE frame=4679 interval_ms=23.067541 paused=false
PRESENT CADENCE frame=4680 interval_ms=0.224334 paused=false
PRESENT CADENCE frame=4681 interval_ms=20.401041 paused=false
PRESENT CADENCE frame=4682 interval_ms=0.248667 paused=false
PRESENT CADENCE frame=4683 interval_ms=20.185042 paused=false
PRESENT CADENCE frame=4684 interval_ms=0.211708 paused=false
PRESENT CADENCE frame=4685 interval_ms=18.788750 paused=false
PRESENT CADENCE frame=4686 interval_ms=0.245292 paused=false
PRESENT CADENCE frame=4687 interval_ms=17.463166 paused=false
PRESENT CADENCE frame=4688 interval_ms=0.277500 paused=false
PRESENT CADENCE frame=4689 interval_ms=18.908709 paused=false
PRESENT CADENCE frame=4690 interval_ms=0.197958 paused=false
PRESENT CADENCE frame=4691 interval_ms=18.388792 paused=false
PRESENT CADENCE frame=4692 interval_ms=0.265625 paused=false
PRESENT CADENCE frame=4693 interval_ms=21.675708 paused=false
PRESENT CADENCE frame=4694 interval_ms=0.446125 paused=false
PRESENT CADENCE frame=4695 interval_ms=17.055000 paused=false
PRESENT CADENCE frame=4696 interval_ms=0.344083 paused=false
PRESENT CADENCE frame=4697 interval_ms=21.862000 paused=false
PRESENT CADENCE frame=4698 interval_ms=0.339334 paused=false
PRESENT CADENCE frame=4699 interval_ms=20.586333 paused=false
PRESENT CADENCE frame=4700 interval_ms=0.182375 paused=false
PRESENT CADENCE frame=4701 interval_ms=21.061958 paused=false
PRESENT CADENCE frame=4702 interval_ms=0.261042 paused=false
PRESENT CADENCE frame=4703 interval_ms=20.200750 paused=false
PRESENT CADENCE frame=4704 interval_ms=0.272625 paused=false
PRESENT CADENCE frame=4705 interval_ms=19.058833 paused=false
PRESENT CADENCE frame=4706 interval_ms=0.212084 paused=false
PRESENT CADENCE frame=4707 interval_ms=19.821458 paused=false
PRESENT CADENCE frame=4708 interval_ms=0.336708 paused=false
PRESENT CADENCE frame=4709 interval_ms=18.692125 paused=false
PRESENT CADENCE frame=4710 interval_ms=0.238250 paused=false
PRESENT CADENCE frame=4711 interval_ms=20.175709 paused=false
PRESENT CADENCE frame=4712 interval_ms=0.307583 paused=false
PRESENT CADENCE frame=4713 interval_ms=18.471417 paused=false
PRESENT CADENCE frame=4714 interval_ms=0.354000 paused=false
PRESENT CADENCE frame=4715 interval_ms=21.779583 paused=false
PRESENT CADENCE frame=4716 interval_ms=0.371083 paused=false
PRESENT CADENCE frame=4717 interval_ms=21.654625 paused=false
PRESENT CADENCE frame=4718 interval_ms=0.430750 paused=false
PRESENT CADENCE frame=4719 interval_ms=20.221125 paused=false
PRESENT CADENCE frame=4720 interval_ms=0.322542 paused=false
PRESENT CADENCE frame=4721 interval_ms=21.237042 paused=false
PRESENT CADENCE frame=4722 interval_ms=0.382041 paused=false
PRESENT CADENCE frame=4723 interval_ms=20.956625 paused=false
PRESENT CADENCE frame=4724 interval_ms=0.254875 paused=false
PRESENT CADENCE frame=4725 interval_ms=14.029500 paused=false
PRESENT CADENCE frame=4726 interval_ms=0.263417 paused=false
PRESENT CADENCE frame=4727 interval_ms=24.447625 paused=false
PRESENT CADENCE frame=4728 interval_ms=0.222583 paused=false
PRESENT CADENCE frame=4729 interval_ms=22.723000 paused=false
PRESENT CADENCE frame=4730 interval_ms=0.265917 paused=false
PRESENT CADENCE frame=4731 interval_ms=20.259667 paused=false
PRESENT CADENCE frame=4732 interval_ms=0.232125 paused=false
PRESENT CADENCE frame=4733 interval_ms=22.937041 paused=false
PRESENT CADENCE frame=4734 interval_ms=0.329542 paused=false
PRESENT CADENCE frame=4735 interval_ms=22.523667 paused=false
PRESENT CADENCE frame=4736 interval_ms=0.332458 paused=false
PRESENT CADENCE frame=4737 interval_ms=21.764833 paused=false
PRESENT CADENCE frame=4738 interval_ms=0.453542 paused=false
PRESENT CADENCE frame=4739 interval_ms=22.970750 paused=false
PRESENT CADENCE frame=4740 interval_ms=0.255542 paused=false
PRESENT CADENCE frame=4741 interval_ms=19.682000 paused=false
PRESENT CADENCE frame=4742 interval_ms=0.302541 paused=false
PRESENT CADENCE frame=4743 interval_ms=23.172459 paused=false
PRESENT CADENCE frame=4744 interval_ms=0.302041 paused=false
PRESENT CADENCE frame=4745 interval_ms=19.593584 paused=false
PRESENT CADENCE frame=4746 interval_ms=0.292208 paused=false
PRESENT CADENCE frame=4747 interval_ms=21.315000 paused=false
PRESENT CADENCE frame=4748 interval_ms=5.119083 paused=false
PRESENT CADENCE frame=4749 interval_ms=15.335500 paused=false
PRESENT CADENCE frame=4750 interval_ms=0.428750 paused=false
PRESENT CADENCE frame=4751 interval_ms=20.862542 paused=false
PRESENT CADENCE frame=4752 interval_ms=0.365333 paused=false
PRESENT CADENCE frame=4753 interval_ms=21.300459 paused=false
PRESENT CADENCE frame=4754 interval_ms=0.380333 paused=false
PRESENT CADENCE frame=4755 interval_ms=19.700583 paused=false
PRESENT CADENCE frame=4756 interval_ms=0.229459 paused=false
PRESENT CADENCE frame=4757 interval_ms=22.751250 paused=false
PRESENT CADENCE frame=4758 interval_ms=0.248916 paused=false
PRESENT CADENCE frame=4759 interval_ms=21.235500 paused=false
PRESENT CADENCE frame=4760 interval_ms=0.294584 paused=false
PRESENT CADENCE frame=4761 interval_ms=22.230500 paused=false
PRESENT CADENCE frame=4762 interval_ms=0.259708 paused=false
PRESENT CADENCE frame=4763 interval_ms=20.536083 paused=false
PRESENT CADENCE frame=4764 interval_ms=0.402792 paused=false
PRESENT CADENCE frame=4765 interval_ms=22.464708 paused=false
PRESENT CADENCE frame=4766 interval_ms=0.236917 paused=false
PRESENT CADENCE frame=4767 interval_ms=21.385875 paused=false
PRESENT CADENCE frame=4768 interval_ms=0.294583 paused=false
PRESENT CADENCE frame=4769 interval_ms=20.392375 paused=false
PRESENT CADENCE frame=4770 interval_ms=0.239042 paused=false
PRESENT CADENCE frame=4771 interval_ms=16.695542 paused=false
PRESENT CADENCE frame=4772 interval_ms=0.312375 paused=false
PRESENT CADENCE frame=4773 interval_ms=21.111250 paused=false
PRESENT CADENCE frame=4774 interval_ms=0.195250 paused=false
PRESENT CADENCE frame=4775 interval_ms=21.936666 paused=false
PRESENT CADENCE frame=4776 interval_ms=0.306584 paused=false
PRESENT CADENCE frame=4777 interval_ms=21.981958 paused=false
PRESENT CADENCE frame=4778 interval_ms=0.234500 paused=false
PRESENT CADENCE frame=4779 interval_ms=20.783333 paused=false
PRESENT CADENCE frame=4780 interval_ms=0.247250 paused=false
PRESENT CADENCE frame=4781 interval_ms=18.037792 paused=false
PRESENT CADENCE frame=4782 interval_ms=0.265167 paused=false
PRESENT CADENCE frame=4783 interval_ms=21.483500 paused=false
PRESENT CADENCE frame=4784 interval_ms=0.375666 paused=false
PRESENT CADENCE frame=4785 interval_ms=21.043959 paused=false
PRESENT CADENCE frame=4786 interval_ms=0.497333 paused=false
PRESENT CADENCE frame=4787 interval_ms=21.451625 paused=false
PRESENT CADENCE frame=4788 interval_ms=0.424375 paused=false
PRESENT CADENCE frame=4789 interval_ms=19.581625 paused=false
PRESENT CADENCE frame=4790 interval_ms=0.242458 paused=false
PRESENT CADENCE frame=4791 interval_ms=20.796209 paused=false
PRESENT CADENCE frame=4792 interval_ms=0.346583 paused=false
PRESENT CADENCE frame=4793 interval_ms=20.881875 paused=false
PRESENT CADENCE frame=4794 interval_ms=0.321500 paused=false
PRESENT CADENCE frame=4795 interval_ms=19.813958 paused=false
PRESENT CADENCE frame=4796 interval_ms=0.310375 paused=false
PRESENT CADENCE frame=4797 interval_ms=17.245000 paused=false
PRESENT CADENCE frame=4798 interval_ms=0.352209 paused=false
PRESENT CADENCE frame=4799 interval_ms=16.028333 paused=false
PRESENT CADENCE frame=4800 interval_ms=16.865583 paused=false
PRESENT CADENCE frame=4801 interval_ms=3.733709 paused=false
PRESENT CADENCE frame=4802 interval_ms=0.257916 paused=false
PRESENT CADENCE frame=4803 interval_ms=22.485209 paused=false
PRESENT CADENCE frame=4804 interval_ms=0.262250 paused=false
PRESENT CADENCE frame=4805 interval_ms=20.723000 paused=false
FULL MODEL WORKER work_ms=2166.693 physics_ms=1214.574 mesh_ms=473.362 partition_ms=24.590 streams_ms=454.167
FULL MODEL CPU UPLOAD stage_ms=42.577
PRESENT CADENCE frame=4806 interval_ms=43.033000 paused=false
PRESENT CADENCE frame=4807 interval_ms=1.590583 paused=false
PRESENT CADENCE frame=4808 interval_ms=18.128333 paused=false
PRESENT CADENCE frame=4809 interval_ms=0.241834 paused=false
PRESENT CADENCE frame=4810 interval_ms=27.493750 paused=false
PRESENT CADENCE frame=4811 interval_ms=0.235833 paused=false
PRESENT CADENCE frame=4812 interval_ms=16.868208 paused=false
PRESENT CADENCE frame=4813 interval_ms=0.235250 paused=false
PRESENT CADENCE frame=4814 interval_ms=22.126959 paused=false
PRESENT CADENCE frame=4815 interval_ms=0.341000 paused=false
PRESENT CADENCE frame=4816 interval_ms=21.463041 paused=false
PRESENT CADENCE frame=4817 interval_ms=0.278875 paused=false
PRESENT CADENCE frame=4818 interval_ms=20.903917 paused=false
PRESENT CADENCE frame=4819 interval_ms=0.262458 paused=false
PRESENT CADENCE frame=4820 interval_ms=19.229584 paused=false
PRESENT CADENCE frame=4821 interval_ms=0.262250 paused=false
PRESENT CADENCE frame=4822 interval_ms=19.699458 paused=false
PRESENT CADENCE frame=4823 interval_ms=0.287667 paused=false
PRESENT CADENCE frame=4824 interval_ms=20.008750 paused=false
PRESENT CADENCE frame=4825 interval_ms=0.369000 paused=false
PRESENT CADENCE frame=4826 interval_ms=20.962958 paused=false
PRESENT CADENCE frame=4827 interval_ms=0.306500 paused=false
PRESENT CADENCE frame=4828 interval_ms=19.760208 paused=false
PRESENT CADENCE frame=4829 interval_ms=0.374375 paused=false
PRESENT CADENCE frame=4830 interval_ms=17.137000 paused=false
PRESENT CADENCE frame=4831 interval_ms=0.288084 paused=false
PRESENT CADENCE frame=4832 interval_ms=21.593583 paused=false
PRESENT CADENCE frame=4833 interval_ms=0.292917 paused=false
PRESENT CADENCE frame=4834 interval_ms=21.554833 paused=false
PRESENT CADENCE frame=4835 interval_ms=0.879292 paused=false
PRESENT CADENCE frame=4836 interval_ms=20.211041 paused=false
PRESENT CADENCE frame=4837 interval_ms=0.392250 paused=false
PRESENT CADENCE frame=4838 interval_ms=19.182084 paused=false
PRESENT CADENCE frame=4839 interval_ms=0.493875 paused=false
PRESENT CADENCE frame=4840 interval_ms=19.109166 paused=false
PRESENT CADENCE frame=4841 interval_ms=0.302084 paused=false
PRESENT CADENCE frame=4842 interval_ms=20.004000 paused=false
PRESENT CADENCE frame=4843 interval_ms=0.402166 paused=false
PRESENT CADENCE frame=4844 interval_ms=15.866292 paused=false
PRESENT CADENCE frame=4845 interval_ms=0.278625 paused=false
PRESENT CADENCE frame=4846 interval_ms=18.305792 paused=false
PRESENT CADENCE frame=4847 interval_ms=0.418083 paused=false
PRESENT CADENCE frame=4848 interval_ms=19.487292 paused=false
PRESENT CADENCE frame=4849 interval_ms=0.358500 paused=false
PRESENT CADENCE frame=4850 interval_ms=19.495083 paused=false
PRESENT CADENCE frame=4851 interval_ms=0.271750 paused=false
PRESENT CADENCE frame=4852 interval_ms=17.672083 paused=false
PRESENT CADENCE frame=4853 interval_ms=0.384750 paused=false
PRESENT CADENCE frame=4854 interval_ms=20.275084 paused=false
PRESENT CADENCE frame=4855 interval_ms=0.358250 paused=false
PRESENT CADENCE frame=4856 interval_ms=18.509250 paused=false
PRESENT CADENCE frame=4857 interval_ms=0.233916 paused=false
PRESENT CADENCE frame=4858 interval_ms=18.045250 paused=false
PRESENT CADENCE frame=4859 interval_ms=17.553542 paused=false
PRESENT CADENCE frame=4860 interval_ms=0.432625 paused=false
PRESENT CADENCE frame=4861 interval_ms=19.768292 paused=false
PRESENT CADENCE frame=4862 interval_ms=0.441458 paused=false
PRESENT CADENCE frame=4863 interval_ms=21.294583 paused=false
PRESENT CADENCE frame=4864 interval_ms=0.426959 paused=false
PRESENT CADENCE frame=4865 interval_ms=20.632958 paused=false
PRESENT CADENCE frame=4866 interval_ms=1.155292 paused=false
PRESENT CADENCE frame=4867 interval_ms=19.576583 paused=false
PRESENT CADENCE frame=4868 interval_ms=0.443375 paused=false
PRESENT CADENCE frame=4869 interval_ms=20.450667 paused=false
PRESENT CADENCE frame=4870 interval_ms=0.572166 paused=false
PRESENT CADENCE frame=4871 interval_ms=15.162542 paused=false
PRESENT CADENCE frame=4872 interval_ms=0.621208 paused=false
PRESENT CADENCE frame=4873 interval_ms=19.690125 paused=false
PRESENT CADENCE frame=4874 interval_ms=0.408542 paused=false
PRESENT CADENCE frame=4875 interval_ms=20.718458 paused=false
PRESENT CADENCE frame=4876 interval_ms=0.593292 paused=false
PRESENT CADENCE frame=4877 interval_ms=20.044583 paused=false
PRESENT CADENCE frame=4878 interval_ms=0.455209 paused=false
PRESENT CADENCE frame=4879 interval_ms=20.637916 paused=false
PRESENT CADENCE frame=4880 interval_ms=0.406250 paused=false
PRESENT CADENCE frame=4881 interval_ms=20.443250 paused=false
PRESENT CADENCE frame=4882 interval_ms=0.586167 paused=false
PRESENT CADENCE frame=4883 interval_ms=18.994208 paused=false
PRESENT CADENCE frame=4884 interval_ms=0.584375 paused=false
PRESENT CADENCE frame=4885 interval_ms=17.102917 paused=false
PRESENT CADENCE frame=4886 interval_ms=0.554833 paused=false
PRESENT CADENCE frame=4887 interval_ms=21.382542 paused=false
PRESENT CADENCE frame=4888 interval_ms=0.469500 paused=false
PRESENT CADENCE frame=4889 interval_ms=20.570375 paused=false
PRESENT CADENCE frame=4890 interval_ms=0.522208 paused=false
PRESENT CADENCE frame=4891 interval_ms=15.036709 paused=false
PRESENT CADENCE frame=4892 interval_ms=15.248916 paused=false
PRESENT CADENCE frame=4893 interval_ms=7.646042 paused=false
PRESENT CADENCE frame=4894 interval_ms=0.455125 paused=false
PRESENT CADENCE frame=4895 interval_ms=21.402625 paused=false
PRESENT CADENCE frame=4896 interval_ms=0.428458 paused=false
PRESENT CADENCE frame=4897 interval_ms=20.646792 paused=false
PRESENT CADENCE frame=4898 interval_ms=0.438250 paused=false
PRESENT CADENCE frame=4899 interval_ms=14.436958 paused=false
PRESENT CADENCE frame=4900 interval_ms=0.371709 paused=false
PRESENT CADENCE frame=4901 interval_ms=27.524791 paused=false
PRESENT CADENCE frame=4902 interval_ms=0.449209 paused=false
PRESENT CADENCE frame=4903 interval_ms=20.106666 paused=false
PRESENT CADENCE frame=4904 interval_ms=0.454959 paused=false
PRESENT CADENCE frame=4905 interval_ms=21.012083 paused=false
PRESENT CADENCE frame=4906 interval_ms=0.543167 paused=false
PRESENT CADENCE frame=4907 interval_ms=21.617166 paused=false
PRESENT CADENCE frame=4908 interval_ms=0.466334 paused=false
PRESENT CADENCE frame=4909 interval_ms=19.463125 paused=false
PRESENT CADENCE frame=4910 interval_ms=0.443500 paused=false
PRESENT CADENCE frame=4911 interval_ms=19.466541 paused=false
PRESENT CADENCE frame=4912 interval_ms=0.462875 paused=false
PRESENT CADENCE frame=4913 interval_ms=19.118125 paused=false
PRESENT CADENCE frame=4914 interval_ms=0.423750 paused=false
PRESENT CADENCE frame=4915 interval_ms=22.111917 paused=false
PRESENT CADENCE frame=4916 interval_ms=0.406667 paused=false
PRESENT CADENCE frame=4917 interval_ms=22.740708 paused=false
PRESENT CADENCE frame=4918 interval_ms=0.461958 paused=false
PRESENT CADENCE frame=4919 interval_ms=22.399500 paused=false
PRESENT CADENCE frame=4920 interval_ms=0.435875 paused=false
PRESENT CADENCE frame=4921 interval_ms=19.870375 paused=false
PRESENT CADENCE frame=4922 interval_ms=0.409875 paused=false
PRESENT CADENCE frame=4923 interval_ms=21.079792 paused=false
PRESENT CADENCE frame=4924 interval_ms=0.554292 paused=false
PRESENT CADENCE frame=4925 interval_ms=20.686583 paused=false
PRESENT CADENCE frame=4926 interval_ms=0.512375 paused=false
PRESENT CADENCE frame=4927 interval_ms=14.302958 paused=false
PRESENT CADENCE frame=4928 interval_ms=0.423125 paused=false
PRESENT CADENCE frame=4929 interval_ms=18.786334 paused=false
PRESENT CADENCE frame=4930 interval_ms=0.436125 paused=false
PRESENT CADENCE frame=4931 interval_ms=13.771833 paused=false
PRESENT CADENCE frame=4932 interval_ms=13.734375 paused=false
PRESENT CADENCE frame=4933 interval_ms=5.619875 paused=false
PRESENT CADENCE frame=4934 interval_ms=0.585708 paused=false
PRESENT CADENCE frame=4935 interval_ms=20.247250 paused=false
PRESENT CADENCE frame=4936 interval_ms=0.470834 paused=false
PRESENT CADENCE frame=4937 interval_ms=19.236291 paused=false
PRESENT CADENCE frame=4938 interval_ms=0.589625 paused=false
PRESENT CADENCE frame=4939 interval_ms=17.994875 paused=false
PRESENT CADENCE frame=4940 interval_ms=0.669292 paused=false
PRESENT CADENCE frame=4941 interval_ms=17.465875 paused=false
PRESENT CADENCE frame=4942 interval_ms=0.407375 paused=false
PRESENT CADENCE frame=4943 interval_ms=22.010708 paused=false
PRESENT CADENCE frame=4944 interval_ms=0.563125 paused=false
PRESENT CADENCE frame=4945 interval_ms=14.483334 paused=false
PRESENT CADENCE frame=4946 interval_ms=0.454916 paused=false
PRESENT CADENCE frame=4947 interval_ms=23.118750 paused=false
PRESENT CADENCE frame=4948 interval_ms=0.501417 paused=false
PRESENT CADENCE frame=4949 interval_ms=19.652583 paused=false
PRESENT CADENCE frame=4950 interval_ms=0.451084 paused=false
PRESENT CADENCE frame=4951 interval_ms=18.550416 paused=false
PRESENT CADENCE frame=4952 interval_ms=0.489709 paused=false
PRESENT CADENCE frame=4953 interval_ms=18.107291 paused=false
PRESENT CADENCE frame=4954 interval_ms=0.516292 paused=false
PRESENT CADENCE frame=4955 interval_ms=17.571583 paused=false
PRESENT CADENCE frame=4956 interval_ms=0.701959 paused=false
PRESENT CADENCE frame=4957 interval_ms=18.211041 paused=false
PRESENT CADENCE frame=4958 interval_ms=0.421375 paused=false
PRESENT CADENCE frame=4959 interval_ms=12.932584 paused=false
PRESENT CADENCE frame=4960 interval_ms=0.390833 paused=false
PRESENT CADENCE frame=4961 interval_ms=22.031292 paused=false
PRESENT CADENCE frame=4962 interval_ms=0.578583 paused=false
PRESENT CADENCE frame=4963 interval_ms=18.626833 paused=false
PRESENT CADENCE frame=4964 interval_ms=0.405042 paused=false
PRESENT CADENCE frame=4965 interval_ms=18.293167 paused=false
PRESENT CADENCE frame=4966 interval_ms=0.433083 paused=false
PRESENT CADENCE frame=4967 interval_ms=17.179333 paused=false
PRESENT CADENCE frame=4968 interval_ms=0.420750 paused=false
PRESENT CADENCE frame=4969 interval_ms=17.341959 paused=false
PRESENT CADENCE frame=4970 interval_ms=0.419291 paused=false
PRESENT CADENCE frame=4971 interval_ms=19.723875 paused=false
PRESENT CADENCE frame=4972 interval_ms=0.550625 paused=false
PRESENT CADENCE frame=4973 interval_ms=20.179875 paused=false
PRESENT CADENCE frame=4974 interval_ms=0.427417 paused=false
PRESENT CADENCE frame=4975 interval_ms=22.158667 paused=false
PRESENT CADENCE frame=4976 interval_ms=0.585708 paused=false
PRESENT CADENCE frame=4977 interval_ms=20.216208 paused=false
PRESENT CADENCE frame=4978 interval_ms=0.392584 paused=false
PRESENT CADENCE frame=4979 interval_ms=23.976375 paused=false
PRESENT CADENCE frame=4980 interval_ms=0.609541 paused=false
PRESENT CADENCE frame=4981 interval_ms=18.232667 paused=false
PRESENT CADENCE frame=4982 interval_ms=0.468417 paused=false
PRESENT CADENCE frame=4983 interval_ms=19.283958 paused=false
PRESENT CADENCE frame=4984 interval_ms=0.601458 paused=false
PRESENT CADENCE frame=4985 interval_ms=18.819250 paused=false
PRESENT CADENCE frame=4986 interval_ms=0.391500 paused=false
PRESENT CADENCE frame=4987 interval_ms=24.136792 paused=false
PRESENT CADENCE frame=4988 interval_ms=0.418542 paused=false
PRESENT CADENCE frame=4989 interval_ms=18.678375 paused=false
FULL MODEL WORKER work_ms=1901.890 physics_ms=1037.480 mesh_ms=391.975 partition_ms=34.765 streams_ms=437.670
FULL MODEL CPU UPLOAD stage_ms=42.722
PRESENT CADENCE frame=4990 interval_ms=43.439625 paused=false
PRESENT CADENCE frame=4991 interval_ms=1.110375 paused=false
PRESENT CADENCE frame=4992 interval_ms=14.486583 paused=false
PRESENT CADENCE frame=4993 interval_ms=0.431625 paused=false
PRESENT CADENCE frame=4994 interval_ms=19.346917 paused=false
PRESENT CADENCE frame=4995 interval_ms=3.723375 paused=false
PRESENT CADENCE frame=4996 interval_ms=9.234500 paused=false
PRESENT CADENCE frame=4997 interval_ms=18.965500 paused=false
PRESENT CADENCE frame=4998 interval_ms=3.861791 paused=false
PRESENT CADENCE frame=4999 interval_ms=0.272209 paused=false
PRESENT CADENCE frame=5000 interval_ms=21.772166 paused=false
PRESENT CADENCE frame=5001 interval_ms=0.239250 paused=false
PRESENT CADENCE frame=5002 interval_ms=20.152084 paused=false
PRESENT CADENCE frame=5003 interval_ms=0.278875 paused=false
PRESENT CADENCE frame=5004 interval_ms=19.779875 paused=false
PRESENT CADENCE frame=5005 interval_ms=0.649291 paused=false
PRESENT CADENCE frame=5006 interval_ms=20.688792 paused=false
PRESENT CADENCE frame=5007 interval_ms=0.423375 paused=false
PRESENT CADENCE frame=5008 interval_ms=19.533417 paused=false
PRESENT CADENCE frame=5009 interval_ms=0.244166 paused=false
PRESENT CADENCE frame=5010 interval_ms=17.665834 paused=false
PRESENT CADENCE frame=5011 interval_ms=0.206291 paused=false
PRESENT CADENCE frame=5012 interval_ms=17.620292 paused=false
PRESENT CADENCE frame=5013 interval_ms=0.405250 paused=false
PRESENT CADENCE frame=5014 interval_ms=18.527167 paused=false
PRESENT CADENCE frame=5015 interval_ms=0.290750 paused=false
PRESENT CADENCE frame=5016 interval_ms=19.013708 paused=false
PRESENT CADENCE frame=5017 interval_ms=0.279625 paused=false
PRESENT CADENCE frame=5018 interval_ms=19.438417 paused=false
PRESENT CADENCE frame=5019 interval_ms=0.302708 paused=false
PRESENT CADENCE frame=5020 interval_ms=17.151667 paused=false
PRESENT CADENCE frame=5021 interval_ms=0.243541 paused=false
PRESENT CADENCE frame=5022 interval_ms=16.290250 paused=false
PRESENT CADENCE frame=5023 interval_ms=0.324750 paused=false
PRESENT CADENCE frame=5024 interval_ms=15.337750 paused=false
PRESENT CADENCE frame=5025 interval_ms=0.340167 paused=false
PRESENT CADENCE frame=5026 interval_ms=20.424417 paused=false
PRESENT CADENCE frame=5027 interval_ms=0.242041 paused=false
PRESENT CADENCE frame=5028 interval_ms=21.198000 paused=false
PRESENT CADENCE frame=5029 interval_ms=0.287834 paused=false
PRESENT CADENCE frame=5030 interval_ms=21.009916 paused=false
PRESENT CADENCE frame=5031 interval_ms=0.273459 paused=false
PRESENT CADENCE frame=5032 interval_ms=21.638916 paused=false
PRESENT CADENCE frame=5033 interval_ms=0.246625 paused=false
PRESENT CADENCE frame=5034 interval_ms=19.006959 paused=false
PRESENT CADENCE frame=5035 interval_ms=0.310750 paused=false
PRESENT CADENCE frame=5036 interval_ms=19.677500 paused=false
PRESENT CADENCE frame=5037 interval_ms=0.253708 paused=false
PRESENT CADENCE frame=5038 interval_ms=16.407042 paused=false
PRESENT CADENCE frame=5039 interval_ms=0.329625 paused=false
PRESENT CADENCE frame=5040 interval_ms=21.538250 paused=false
PRESENT CADENCE frame=5041 interval_ms=0.347541 paused=false
PRESENT CADENCE frame=5042 interval_ms=20.775084 paused=false
PRESENT CADENCE frame=5043 interval_ms=0.711583 paused=false
PRESENT CADENCE frame=5044 interval_ms=20.544292 paused=false
PRESENT CADENCE frame=5045 interval_ms=0.269041 paused=false
PRESENT CADENCE frame=5046 interval_ms=19.307667 paused=false
PRESENT CADENCE frame=5047 interval_ms=0.348583 paused=false
PRESENT CADENCE frame=5048 interval_ms=21.746084 paused=false
PRESENT CADENCE frame=5049 interval_ms=0.476958 paused=false
PRESENT CADENCE frame=5050 interval_ms=21.215083 paused=false
PRESENT CADENCE frame=5051 interval_ms=0.382375 paused=false
PRESENT CADENCE frame=5052 interval_ms=19.831625 paused=false
PRESENT CADENCE frame=5053 interval_ms=0.465375 paused=false
PRESENT CADENCE frame=5054 interval_ms=18.679500 paused=false
PRESENT CADENCE frame=5055 interval_ms=0.481000 paused=false
PRESENT CADENCE frame=5056 interval_ms=19.305667 paused=false
PRESENT CADENCE frame=5057 interval_ms=0.597042 paused=false
PRESENT CADENCE frame=5058 interval_ms=18.782708 paused=false
PRESENT CADENCE frame=5059 interval_ms=0.620833 paused=false
PRESENT CADENCE frame=5060 interval_ms=18.836750 paused=false
PRESENT CADENCE frame=5061 interval_ms=0.429709 paused=false
PRESENT CADENCE frame=5062 interval_ms=17.167875 paused=false
PRESENT CADENCE frame=5063 interval_ms=0.381958 paused=false
PRESENT CADENCE frame=5064 interval_ms=16.361583 paused=false
PRESENT CADENCE frame=5065 interval_ms=0.429209 paused=false
PRESENT CADENCE frame=5066 interval_ms=15.032958 paused=false
PRESENT CADENCE frame=5067 interval_ms=0.397625 paused=false
PRESENT CADENCE frame=5068 interval_ms=20.852875 paused=false
PRESENT CADENCE frame=5069 interval_ms=0.738875 paused=false
PRESENT CADENCE frame=5070 interval_ms=21.378083 paused=false
PRESENT CADENCE frame=5071 interval_ms=0.592584 paused=false
PRESENT CADENCE frame=5072 interval_ms=19.314333 paused=false
PRESENT CADENCE frame=5073 interval_ms=0.438250 paused=false
PRESENT CADENCE frame=5074 interval_ms=22.245583 paused=false
PRESENT CADENCE frame=5075 interval_ms=0.420042 paused=false
PRESENT CADENCE frame=5076 interval_ms=18.806292 paused=false
PRESENT CADENCE frame=5077 interval_ms=0.429083 paused=false
PRESENT CADENCE frame=5078 interval_ms=20.054875 paused=false
PRESENT CADENCE frame=5079 interval_ms=0.422083 paused=false
PRESENT CADENCE frame=5080 interval_ms=16.020000 paused=false
PRESENT CADENCE frame=5081 interval_ms=0.389834 paused=false
PRESENT CADENCE frame=5082 interval_ms=21.419791 paused=false
PRESENT CADENCE frame=5083 interval_ms=0.625625 paused=false
PRESENT CADENCE frame=5084 interval_ms=21.198292 paused=false
PRESENT CADENCE frame=5085 interval_ms=0.551917 paused=false
PRESENT CADENCE frame=5086 interval_ms=20.607416 paused=false
PRESENT CADENCE frame=5087 interval_ms=0.461084 paused=false
PRESENT CADENCE frame=5088 interval_ms=20.242875 paused=false
PRESENT CADENCE frame=5089 interval_ms=0.493291 paused=false
PRESENT CADENCE frame=5090 interval_ms=18.712167 paused=false
PRESENT CADENCE frame=5091 interval_ms=0.495792 paused=false
PRESENT CADENCE frame=5092 interval_ms=19.620625 paused=false
PRESENT CADENCE frame=5093 interval_ms=0.438375 paused=false
PRESENT CADENCE frame=5094 interval_ms=18.083541 paused=false
PRESENT CADENCE frame=5095 interval_ms=0.428250 paused=false
PRESENT CADENCE frame=5096 interval_ms=15.357292 paused=false
PRESENT CADENCE frame=5097 interval_ms=0.600042 paused=false
PRESENT CADENCE frame=5098 interval_ms=19.478000 paused=false
PRESENT CADENCE frame=5099 interval_ms=0.434958 paused=false
PRESENT CADENCE frame=5100 interval_ms=20.118750 paused=false
PRESENT CADENCE frame=5101 interval_ms=0.554333 paused=false
PRESENT CADENCE frame=5102 interval_ms=20.187792 paused=false
PRESENT CADENCE frame=5103 interval_ms=0.462875 paused=false
PRESENT CADENCE frame=5104 interval_ms=18.932000 paused=false
PRESENT CADENCE frame=5105 interval_ms=0.517458 paused=false
PRESENT CADENCE frame=5106 interval_ms=19.093167 paused=false
PRESENT CADENCE frame=5107 interval_ms=0.405542 paused=false
PRESENT CADENCE frame=5108 interval_ms=19.436708 paused=false
PRESENT CADENCE frame=5109 interval_ms=0.559333 paused=false
PRESENT CADENCE frame=5110 interval_ms=20.824500 paused=false
PRESENT CADENCE frame=5111 interval_ms=0.407875 paused=false
PRESENT CADENCE frame=5112 interval_ms=16.817875 paused=false
PRESENT CADENCE frame=5113 interval_ms=0.511917 paused=false
PRESENT CADENCE frame=5114 interval_ms=21.247917 paused=false
PRESENT CADENCE frame=5115 interval_ms=0.732958 paused=false
PRESENT CADENCE frame=5116 interval_ms=21.214417 paused=false
PRESENT CADENCE frame=5117 interval_ms=0.699416 paused=false
PRESENT CADENCE frame=5118 interval_ms=20.362792 paused=false
PRESENT CADENCE frame=5119 interval_ms=0.452000 paused=false
PRESENT CADENCE frame=5120 interval_ms=19.781250 paused=false
PRESENT CADENCE frame=5121 interval_ms=0.429917 paused=false
PRESENT CADENCE frame=5122 interval_ms=19.628750 paused=false
PRESENT CADENCE frame=5123 interval_ms=0.739541 paused=false
PRESENT CADENCE frame=5124 interval_ms=20.115709 paused=false
PRESENT CADENCE frame=5125 interval_ms=0.437250 paused=false
PRESENT CADENCE frame=5126 interval_ms=19.409833 paused=false
PRESENT CADENCE frame=5127 interval_ms=0.594042 paused=false
PRESENT CADENCE frame=5128 interval_ms=18.925333 paused=false
PRESENT CADENCE frame=5129 interval_ms=0.411875 paused=false
PRESENT CADENCE frame=5130 interval_ms=19.124208 paused=false
PRESENT CADENCE frame=5131 interval_ms=0.391292 paused=false
PRESENT CADENCE frame=5132 interval_ms=20.293250 paused=false
PRESENT CADENCE frame=5133 interval_ms=1.101542 paused=false
PRESENT CADENCE frame=5134 interval_ms=19.470041 paused=false
PRESENT CADENCE frame=5135 interval_ms=0.422417 paused=false
PRESENT CADENCE frame=5136 interval_ms=15.182417 paused=false
PRESENT CADENCE frame=5137 interval_ms=0.495416 paused=false
PRESENT CADENCE frame=5138 interval_ms=20.127209 paused=false
PRESENT CADENCE frame=5139 interval_ms=0.505375 paused=false
PRESENT CADENCE frame=5140 interval_ms=19.076875 paused=false
PRESENT CADENCE frame=5141 interval_ms=0.502625 paused=false
PRESENT CADENCE frame=5142 interval_ms=20.325125 paused=false
PRESENT CADENCE frame=5143 interval_ms=0.830625 paused=false
PRESENT CADENCE frame=5144 interval_ms=20.869750 paused=false
PRESENT CADENCE frame=5145 interval_ms=0.449416 paused=false
PRESENT CADENCE frame=5146 interval_ms=20.854375 paused=false
PRESENT CADENCE frame=5147 interval_ms=0.460500 paused=false
PRESENT CADENCE frame=5148 interval_ms=19.584375 paused=false
PRESENT CADENCE frame=5149 interval_ms=0.683625 paused=false
PRESENT CADENCE frame=5150 interval_ms=18.367709 paused=false
PRESENT CADENCE frame=5151 interval_ms=0.452291 paused=false
PRESENT CADENCE frame=5152 interval_ms=23.766625 paused=false
PRESENT CADENCE frame=5153 interval_ms=0.468042 paused=false
PRESENT CADENCE frame=5154 interval_ms=16.357083 paused=false
PRESENT CADENCE frame=5155 interval_ms=0.465834 paused=false
PRESENT CADENCE frame=5156 interval_ms=15.623041 paused=false
PRESENT CADENCE frame=5157 interval_ms=0.374167 paused=false
PRESENT CADENCE frame=5158 interval_ms=20.196542 paused=false
PRESENT CADENCE frame=5159 interval_ms=0.524750 paused=false
PRESENT CADENCE frame=5160 interval_ms=22.423458 paused=false
PRESENT CADENCE frame=5161 interval_ms=0.616292 paused=false
PRESENT CADENCE frame=5162 interval_ms=20.951916 paused=false
PRESENT CADENCE frame=5163 interval_ms=0.427917 paused=false
PRESENT CADENCE frame=5164 interval_ms=25.069458 paused=false
PRESENT CADENCE frame=5165 interval_ms=0.535042 paused=false
PRESENT CADENCE frame=5166 interval_ms=16.513542 paused=false
PRESENT CADENCE frame=5167 interval_ms=0.391083 paused=false
PRESENT CADENCE frame=5168 interval_ms=20.235292 paused=false
PRESENT CADENCE frame=5169 interval_ms=0.360208 paused=false
PRESENT CADENCE frame=5170 interval_ms=19.310792 paused=false
PRESENT CADENCE frame=5171 interval_ms=0.331416 paused=false
PRESENT CADENCE frame=5172 interval_ms=17.920125 paused=false
PRESENT CADENCE frame=5173 interval_ms=0.494167 paused=false
PRESENT CADENCE frame=5174 interval_ms=16.309667 paused=false
PRESENT CADENCE frame=5175 interval_ms=0.594458 paused=false
PRESENT CADENCE frame=5176 interval_ms=25.682958 paused=false
PRESENT CADENCE frame=5177 interval_ms=0.592792 paused=false
PRESENT CADENCE frame=5178 interval_ms=21.223292 paused=false
PRESENT CADENCE frame=5179 interval_ms=0.449041 paused=false
PRESENT CADENCE frame=5180 interval_ms=20.169334 paused=false
PRESENT CADENCE frame=5181 interval_ms=0.547958 paused=false
PRESENT CADENCE frame=5182 interval_ms=21.259375 paused=false
PRESENT CADENCE frame=5183 interval_ms=0.472708 paused=false
PRESENT CADENCE frame=5184 interval_ms=22.911042 paused=false
PRESENT CADENCE frame=5185 interval_ms=0.509583 paused=false
PRESENT CADENCE frame=5186 interval_ms=19.765459 paused=false
PRESENT CADENCE frame=5187 interval_ms=0.529125 paused=false
PRESENT CADENCE frame=5188 interval_ms=20.643000 paused=false
PRESENT CADENCE frame=5189 interval_ms=0.419666 paused=false
PRESENT CADENCE frame=5190 interval_ms=20.633667 paused=false
PRESENT CADENCE frame=5191 interval_ms=0.444042 paused=false
PRESENT CADENCE frame=5192 interval_ms=19.970000 paused=false
PRESENT CADENCE frame=5193 interval_ms=0.466166 paused=false
PRESENT CADENCE frame=5194 interval_ms=19.104875 paused=false
PRESENT CADENCE frame=5195 interval_ms=0.487084 paused=false
PRESENT CADENCE frame=5196 interval_ms=19.469833 paused=false
PRESENT CADENCE frame=5197 interval_ms=0.376917 paused=false
PRESENT CADENCE frame=5198 interval_ms=20.307250 paused=false
PRESENT CADENCE frame=5199 interval_ms=0.450875 paused=false
PRESENT CADENCE frame=5200 interval_ms=21.085541 paused=false
FULL MODEL WORKER work_ms=2139.755 physics_ms=1125.151 mesh_ms=420.788 partition_ms=34.513 streams_ms=559.304
FULL MODEL CPU UPLOAD stage_ms=42.529
PRESENT CADENCE frame=5201 interval_ms=43.246959 paused=false
PRESENT CADENCE frame=5202 interval_ms=1.114375 paused=false
PRESENT CADENCE frame=5203 interval_ms=21.839250 paused=false
PRESENT CADENCE frame=5204 interval_ms=0.531166 paused=false
PRESENT CADENCE frame=5205 interval_ms=29.664709 paused=false
PRESENT CADENCE frame=5206 interval_ms=2.309666 paused=false
PRESENT CADENCE frame=5207 interval_ms=17.512167 paused=false
PRESENT CADENCE frame=5208 interval_ms=0.497208 paused=false
PRESENT CADENCE frame=5209 interval_ms=19.980417 paused=false
PRESENT CADENCE frame=5210 interval_ms=0.268458 paused=false
PRESENT CADENCE frame=5211 interval_ms=14.231584 paused=false
PRESENT CADENCE frame=5212 interval_ms=21.545250 paused=false
PRESENT CADENCE frame=5213 interval_ms=0.833500 paused=false
PRESENT CADENCE frame=5214 interval_ms=0.323916 paused=false
PRESENT CADENCE frame=5215 interval_ms=16.068084 paused=false
PRESENT CADENCE frame=5216 interval_ms=0.326750 paused=false
PRESENT CADENCE frame=5217 interval_ms=19.979875 paused=false
PRESENT CADENCE frame=5218 interval_ms=15.732333 paused=false
PRESENT CADENCE frame=5219 interval_ms=3.351958 paused=false
PRESENT CADENCE frame=5220 interval_ms=0.177625 paused=false
PRESENT CADENCE frame=5221 interval_ms=18.759084 paused=false
PRESENT CADENCE frame=5222 interval_ms=0.260916 paused=false
PRESENT CADENCE frame=5223 interval_ms=20.324167 paused=false
PRESENT CADENCE frame=5224 interval_ms=0.329125 paused=false
PRESENT CADENCE frame=5225 interval_ms=18.119708 paused=false
PRESENT CADENCE frame=5226 interval_ms=0.267250 paused=false
PRESENT CADENCE frame=5227 interval_ms=14.566167 paused=false
PRESENT CADENCE frame=5228 interval_ms=0.478458 paused=false
PRESENT CADENCE frame=5229 interval_ms=18.482542 paused=false
PRESENT CADENCE frame=5230 interval_ms=0.278708 paused=false
PRESENT CADENCE frame=5231 interval_ms=14.930209 paused=false
PRESENT CADENCE frame=5232 interval_ms=0.270166 paused=false
PRESENT CADENCE frame=5233 interval_ms=20.116000 paused=false
PRESENT CADENCE frame=5234 interval_ms=0.265584 paused=false
PRESENT CADENCE frame=5235 interval_ms=12.823625 paused=false
PRESENT CADENCE frame=5236 interval_ms=0.322583 paused=false
PRESENT CADENCE frame=5237 interval_ms=23.177250 paused=false
PRESENT CADENCE frame=5238 interval_ms=0.317292 paused=false
PRESENT CADENCE frame=5239 interval_ms=18.015041 paused=false
PRESENT CADENCE frame=5240 interval_ms=0.269084 paused=false
PRESENT CADENCE frame=5241 interval_ms=18.870250 paused=false
PRESENT CADENCE frame=5242 interval_ms=0.332875 paused=false
PRESENT CADENCE frame=5243 interval_ms=14.459166 paused=false
PRESENT CADENCE frame=5244 interval_ms=16.128667 paused=false
PRESENT CADENCE frame=5245 interval_ms=5.369750 paused=false
PRESENT CADENCE frame=5246 interval_ms=0.338083 paused=false
PRESENT CADENCE frame=5247 interval_ms=17.399709 paused=false
PRESENT CADENCE frame=5248 interval_ms=0.326000 paused=false
PRESENT CADENCE frame=5249 interval_ms=21.086125 paused=false
PRESENT CADENCE frame=5250 interval_ms=0.260375 paused=false
PRESENT CADENCE frame=5251 interval_ms=17.290458 paused=false
PRESENT CADENCE frame=5252 interval_ms=0.233833 paused=false
PRESENT CADENCE frame=5253 interval_ms=12.460959 paused=false
PRESENT CADENCE frame=5254 interval_ms=21.482250 paused=false
PRESENT CADENCE frame=5255 interval_ms=0.804583 paused=false
PRESENT CADENCE frame=5256 interval_ms=16.296167 paused=false
PRESENT CADENCE frame=5257 interval_ms=1.010500 paused=false
PRESENT CADENCE frame=5258 interval_ms=18.769250 paused=false
PRESENT CADENCE frame=5259 interval_ms=0.396625 paused=false
PRESENT CADENCE frame=5260 interval_ms=19.736000 paused=false
PRESENT CADENCE frame=5261 interval_ms=1.067750 paused=false
PRESENT CADENCE frame=5262 interval_ms=17.424291 paused=false
PRESENT CADENCE frame=5263 interval_ms=0.490584 paused=false
PRESENT CADENCE frame=5264 interval_ms=18.907291 paused=false
PRESENT CADENCE frame=5265 interval_ms=0.515084 paused=false
PRESENT CADENCE frame=5266 interval_ms=17.937750 paused=false
PRESENT CADENCE frame=5267 interval_ms=0.374708 paused=false
PRESENT CADENCE frame=5268 interval_ms=15.473625 paused=false
PRESENT CADENCE frame=5269 interval_ms=0.535083 paused=false
PRESENT CADENCE frame=5270 interval_ms=22.463542 paused=false
PRESENT CADENCE frame=5271 interval_ms=0.235417 paused=false
PRESENT CADENCE frame=5272 interval_ms=20.318166 paused=false
PRESENT CADENCE frame=5273 interval_ms=0.442375 paused=false
PRESENT CADENCE frame=5274 interval_ms=18.680417 paused=false
PRESENT CADENCE frame=5275 interval_ms=0.687292 paused=false
PRESENT CADENCE frame=5276 interval_ms=19.205916 paused=false
PRESENT CADENCE frame=5277 interval_ms=0.303042 paused=false
PRESENT CADENCE frame=5278 interval_ms=14.452792 paused=false
PRESENT CADENCE frame=5279 interval_ms=0.255458 paused=false
PRESENT CADENCE frame=5280 interval_ms=19.504417 paused=false
PRESENT CADENCE frame=5281 interval_ms=0.337833 paused=false
PRESENT CADENCE frame=5282 interval_ms=14.317292 paused=false
PRESENT CADENCE frame=5283 interval_ms=0.268333 paused=false
PRESENT CADENCE frame=5284 interval_ms=23.200542 paused=false
PRESENT CADENCE frame=5285 interval_ms=0.314708 paused=false
PRESENT CADENCE frame=5286 interval_ms=14.970417 paused=false
PRESENT CADENCE frame=5287 interval_ms=0.266250 paused=false
PRESENT CADENCE frame=5288 interval_ms=25.723916 paused=false
PRESENT CADENCE frame=5289 interval_ms=0.372375 paused=false
PRESENT CADENCE frame=5290 interval_ms=20.257042 paused=false
PRESENT CADENCE frame=5291 interval_ms=0.231958 paused=false
PRESENT CADENCE frame=5292 interval_ms=14.272834 paused=false
PRESENT CADENCE frame=5293 interval_ms=0.238833 paused=false
PRESENT CADENCE frame=5294 interval_ms=19.794458 paused=false
PRESENT CADENCE frame=5295 interval_ms=0.265042 paused=false
PRESENT CADENCE frame=5296 interval_ms=18.090042 paused=false
PRESENT CADENCE frame=5297 interval_ms=0.314541 paused=false
PRESENT CADENCE frame=5298 interval_ms=19.957667 paused=false
PRESENT CADENCE frame=5299 interval_ms=0.297500 paused=false
PRESENT CADENCE frame=5300 interval_ms=18.536292 paused=false
PRESENT CADENCE frame=5301 interval_ms=0.196083 paused=false
PRESENT CADENCE frame=5302 interval_ms=17.920625 paused=false
PRESENT CADENCE frame=5303 interval_ms=0.245333 paused=false
PRESENT CADENCE frame=5304 interval_ms=18.389500 paused=false
PRESENT CADENCE frame=5305 interval_ms=0.173625 paused=false
PRESENT CADENCE frame=5306 interval_ms=20.658709 paused=false
PRESENT CADENCE frame=5307 interval_ms=0.236416 paused=false
PRESENT CADENCE frame=5308 interval_ms=14.631167 paused=false
PRESENT CADENCE frame=5309 interval_ms=0.276500 paused=false
PRESENT CADENCE frame=5310 interval_ms=20.690917 paused=false
PRESENT CADENCE frame=5311 interval_ms=0.230000 paused=false
PRESENT CADENCE frame=5312 interval_ms=17.422250 paused=false
PRESENT CADENCE frame=5313 interval_ms=0.214583 paused=false
PRESENT CADENCE frame=5314 interval_ms=20.712625 paused=false
PRESENT CADENCE frame=5315 interval_ms=0.222500 paused=false
PRESENT CADENCE frame=5316 interval_ms=20.671250 paused=false
PRESENT CADENCE frame=5317 interval_ms=0.226417 paused=false
PRESENT CADENCE frame=5318 interval_ms=20.991458 paused=false
PRESENT CADENCE frame=5319 interval_ms=0.253292 paused=false
PRESENT CADENCE frame=5320 interval_ms=15.310833 paused=false
PRESENT CADENCE frame=5321 interval_ms=0.326542 paused=false
PRESENT CADENCE frame=5322 interval_ms=20.197750 paused=false
PRESENT CADENCE frame=5323 interval_ms=0.328916 paused=false
PRESENT CADENCE frame=5324 interval_ms=18.419125 paused=false
PRESENT CADENCE frame=5325 interval_ms=0.427750 paused=false
PRESENT CADENCE frame=5326 interval_ms=17.482959 paused=false
PRESENT CADENCE frame=5327 interval_ms=0.209333 paused=false
PRESENT CADENCE frame=5328 interval_ms=19.156375 paused=false
PRESENT CADENCE frame=5329 interval_ms=0.349583 paused=false
PRESENT CADENCE frame=5330 interval_ms=20.600334 paused=false
PRESENT CADENCE frame=5331 interval_ms=0.199291 paused=false
PRESENT CADENCE frame=5332 interval_ms=18.091209 paused=false
PRESENT CADENCE frame=5333 interval_ms=0.224958 paused=false
PRESENT CADENCE frame=5334 interval_ms=19.812208 paused=false
PRESENT CADENCE frame=5335 interval_ms=0.233042 paused=false
PRESENT CADENCE frame=5336 interval_ms=18.745125 paused=false
PRESENT CADENCE frame=5337 interval_ms=0.193917 paused=false
PRESENT CADENCE frame=5338 interval_ms=12.709541 paused=false
PRESENT CADENCE frame=5339 interval_ms=19.098792 paused=false
PRESENT CADENCE frame=5340 interval_ms=2.727625 paused=false
PRESENT CADENCE frame=5341 interval_ms=1.072667 paused=false
PRESENT CADENCE frame=5342 interval_ms=20.855208 paused=false
PRESENT CADENCE frame=5343 interval_ms=0.292417 paused=false
PRESENT CADENCE frame=5344 interval_ms=20.987625 paused=false
PRESENT CADENCE frame=5345 interval_ms=0.230708 paused=false
PRESENT CADENCE frame=5346 interval_ms=20.415000 paused=false
PRESENT CADENCE frame=5347 interval_ms=0.202542 paused=false
PRESENT CADENCE frame=5348 interval_ms=18.429791 paused=false
PRESENT CADENCE frame=5349 interval_ms=0.265042 paused=false
PRESENT CADENCE frame=5350 interval_ms=14.942917 paused=false
PRESENT CADENCE frame=5351 interval_ms=14.859416 paused=false
PRESENT CADENCE frame=5352 interval_ms=4.982667 paused=false
PRESENT CADENCE frame=5353 interval_ms=0.222333 paused=false
PRESENT CADENCE frame=5354 interval_ms=20.025209 paused=false
PRESENT CADENCE frame=5355 interval_ms=0.478208 paused=false
PRESENT CADENCE frame=5356 interval_ms=19.117417 paused=false
PRESENT CADENCE frame=5357 interval_ms=0.326750 paused=false
PRESENT CADENCE frame=5358 interval_ms=17.997916 paused=false
PRESENT CADENCE frame=5359 interval_ms=0.256500 paused=false
PRESENT CADENCE frame=5360 interval_ms=20.985167 paused=false
PRESENT CADENCE frame=5361 interval_ms=0.223125 paused=false
PRESENT CADENCE frame=5362 interval_ms=19.445667 paused=false
PRESENT CADENCE frame=5363 interval_ms=0.275791 paused=false
PRESENT CADENCE frame=5364 interval_ms=19.437584 paused=false
PRESENT CADENCE frame=5365 interval_ms=0.521083 paused=false
PRESENT CADENCE frame=5366 interval_ms=20.010292 paused=false
PRESENT CADENCE frame=5367 interval_ms=0.481125 paused=false
PRESENT CADENCE frame=5368 interval_ms=24.431041 paused=false
PRESENT CADENCE frame=5369 interval_ms=0.243375 paused=false
PRESENT CADENCE frame=5370 interval_ms=17.094250 paused=false
PRESENT CADENCE frame=5371 interval_ms=0.237459 paused=false
PRESENT CADENCE frame=5372 interval_ms=16.348041 paused=false
PRESENT CADENCE frame=5373 interval_ms=0.219834 paused=false
PRESENT CADENCE frame=5374 interval_ms=22.586000 paused=false
PRESENT CADENCE frame=5375 interval_ms=0.292333 paused=false
PRESENT CADENCE frame=5376 interval_ms=26.706375 paused=false
PRESENT CADENCE frame=5377 interval_ms=0.261333 paused=false
PRESENT CADENCE frame=5378 interval_ms=17.485625 paused=false
PRESENT CADENCE frame=5379 interval_ms=0.273584 paused=false
PRESENT CADENCE frame=5380 interval_ms=21.529791 paused=false
PRESENT CADENCE frame=5381 interval_ms=0.218542 paused=false
PRESENT CADENCE frame=5382 interval_ms=21.426500 paused=false
PRESENT CADENCE frame=5383 interval_ms=0.244125 paused=false
PRESENT CADENCE frame=5384 interval_ms=20.629125 paused=false
PRESENT CADENCE frame=5385 interval_ms=0.255167 paused=false
PRESENT CADENCE frame=5386 interval_ms=18.224041 paused=false
PRESENT CADENCE frame=5387 interval_ms=0.281334 paused=false
PRESENT CADENCE frame=5388 interval_ms=22.875583 paused=false
PRESENT CADENCE frame=5389 interval_ms=0.356208 paused=false
PRESENT CADENCE frame=5390 interval_ms=22.362209 paused=false
PRESENT CADENCE frame=5391 interval_ms=0.233166 paused=false
PRESENT CADENCE frame=5392 interval_ms=21.166959 paused=false
PRESENT CADENCE frame=5393 interval_ms=0.229791 paused=false
PRESENT CADENCE frame=5394 interval_ms=15.324042 paused=false
PRESENT CADENCE frame=5395 interval_ms=15.161208 paused=false
PRESENT CADENCE frame=5396 interval_ms=5.951417 paused=false
PRESENT CADENCE frame=5397 interval_ms=0.322667 paused=false
PRESENT CADENCE frame=5398 interval_ms=21.865583 paused=false
PRESENT CADENCE frame=5399 interval_ms=2.817417 paused=false
PRESENT CADENCE frame=5400 interval_ms=17.438833 paused=false
PRESENT CADENCE frame=5401 interval_ms=0.358708 paused=false
PRESENT CADENCE frame=5402 interval_ms=19.200625 paused=false
PRESENT CADENCE frame=5403 interval_ms=0.283459 paused=false
PRESENT CADENCE frame=5404 interval_ms=16.714250 paused=false
PRESENT CADENCE frame=5405 interval_ms=0.283458 paused=false
PRESENT CADENCE frame=5406 interval_ms=18.900167 paused=false
PRESENT CADENCE frame=5407 interval_ms=0.281541 paused=false
PRESENT CADENCE frame=5408 interval_ms=19.854125 paused=false
FULL MODEL WORKER work_ms=2051.347 physics_ms=1089.941 mesh_ms=482.066 partition_ms=37.591 streams_ms=441.749
FULL MODEL CPU UPLOAD stage_ms=43.254
PRESENT CADENCE frame=5409 interval_ms=43.750042 paused=false
PRESENT CADENCE frame=5410 interval_ms=1.470333 paused=false
PRESENT CADENCE frame=5411 interval_ms=15.277667 paused=false
PRESENT CADENCE frame=5412 interval_ms=0.278292 paused=false
PRESENT CADENCE frame=5413 interval_ms=17.184666 paused=false
PRESENT CADENCE frame=5414 interval_ms=0.267250 paused=false
PRESENT CADENCE frame=5415 interval_ms=18.393792 paused=false
PRESENT CADENCE frame=5416 interval_ms=0.423708 paused=false
PRESENT CADENCE frame=5417 interval_ms=21.209042 paused=false
PRESENT CADENCE frame=5418 interval_ms=0.300417 paused=false
PRESENT CADENCE frame=5419 interval_ms=19.723250 paused=false
PRESENT CADENCE frame=5420 interval_ms=0.238166 paused=false
PRESENT CADENCE frame=5421 interval_ms=20.359792 paused=false
PRESENT CADENCE frame=5422 interval_ms=0.428917 paused=false
PRESENT CADENCE frame=5423 interval_ms=20.758500 paused=false
PRESENT CADENCE frame=5424 interval_ms=0.269458 paused=false
PRESENT CADENCE frame=5425 interval_ms=19.922292 paused=false
PRESENT CADENCE frame=5426 interval_ms=0.348166 paused=false
PRESENT CADENCE frame=5427 interval_ms=19.273584 paused=false
PRESENT CADENCE frame=5428 interval_ms=0.289291 paused=false
PRESENT CADENCE frame=5429 interval_ms=20.590000 paused=false
PRESENT CADENCE frame=5430 interval_ms=0.278167 paused=false
PRESENT CADENCE frame=5431 interval_ms=19.515583 paused=false
PRESENT CADENCE frame=5432 interval_ms=0.353459 paused=false
PRESENT CADENCE frame=5433 interval_ms=16.582500 paused=false
PRESENT CADENCE frame=5434 interval_ms=0.282875 paused=false
PRESENT CADENCE frame=5435 interval_ms=15.918333 paused=false
PRESENT CADENCE frame=5436 interval_ms=0.261042 paused=false
PRESENT CADENCE frame=5437 interval_ms=20.174625 paused=false
PRESENT CADENCE frame=5438 interval_ms=0.304583 paused=false
PRESENT CADENCE frame=5439 interval_ms=21.075958 paused=false
PRESENT CADENCE frame=5440 interval_ms=0.336875 paused=false
PRESENT CADENCE frame=5441 interval_ms=21.448542 paused=false
PRESENT CADENCE frame=5442 interval_ms=0.278708 paused=false
PRESENT CADENCE frame=5443 interval_ms=20.885584 paused=false
PRESENT CADENCE frame=5444 interval_ms=0.262291 paused=false
PRESENT CADENCE frame=5445 interval_ms=19.580667 paused=false
PRESENT CADENCE frame=5446 interval_ms=0.336708 paused=false
PRESENT CADENCE frame=5447 interval_ms=20.002917 paused=false
PRESENT CADENCE frame=5448 interval_ms=0.295625 paused=false
PRESENT CADENCE frame=5449 interval_ms=19.431875 paused=false
PRESENT CADENCE frame=5450 interval_ms=0.263500 paused=false
PRESENT CADENCE frame=5451 interval_ms=14.873667 paused=false
PRESENT CADENCE frame=5452 interval_ms=0.442791 paused=false
PRESENT CADENCE frame=5453 interval_ms=19.623042 paused=false
PRESENT CADENCE frame=5454 interval_ms=0.272458 paused=false
PRESENT CADENCE frame=5455 interval_ms=19.884334 paused=false
PRESENT CADENCE frame=5456 interval_ms=0.270916 paused=false
PRESENT CADENCE frame=5457 interval_ms=18.984959 paused=false
PRESENT CADENCE frame=5458 interval_ms=0.267833 paused=false
PRESENT CADENCE frame=5459 interval_ms=17.963458 paused=false
PRESENT CADENCE frame=5460 interval_ms=0.267125 paused=false
PRESENT CADENCE frame=5461 interval_ms=22.173792 paused=false
PRESENT CADENCE frame=5462 interval_ms=0.309125 paused=false
PRESENT CADENCE frame=5463 interval_ms=20.962708 paused=false
PRESENT CADENCE frame=5464 interval_ms=0.614334 paused=false
PRESENT CADENCE frame=5465 interval_ms=20.765875 paused=false
PRESENT CADENCE frame=5466 interval_ms=0.282125 paused=false
PRESENT CADENCE frame=5467 interval_ms=22.114250 paused=false
PRESENT CADENCE frame=5468 interval_ms=0.495833 paused=false
PRESENT CADENCE frame=5469 interval_ms=18.611208 paused=false
PRESENT CADENCE frame=5470 interval_ms=0.288500 paused=false
PRESENT CADENCE frame=5471 interval_ms=22.347542 paused=false
PRESENT CADENCE frame=5472 interval_ms=0.275542 paused=false
PRESENT CADENCE frame=5473 interval_ms=21.073083 paused=false
PRESENT CADENCE frame=5474 interval_ms=0.260375 paused=false
PRESENT CADENCE frame=5475 interval_ms=20.011250 paused=false
PRESENT CADENCE frame=5476 interval_ms=0.727250 paused=false
PRESENT CADENCE frame=5477 interval_ms=16.648167 paused=false
PRESENT CADENCE frame=5478 interval_ms=0.563916 paused=false
PRESENT CADENCE frame=5479 interval_ms=22.198750 paused=false
PRESENT CADENCE frame=5480 interval_ms=0.332459 paused=false
PRESENT CADENCE frame=5481 interval_ms=22.198041 paused=false
PRESENT CADENCE frame=5482 interval_ms=0.364334 paused=false
PRESENT CADENCE frame=5483 interval_ms=21.345708 paused=false
PRESENT CADENCE frame=5484 interval_ms=2.644292 paused=false
PRESENT CADENCE frame=5485 interval_ms=19.393416 paused=false
PRESENT CADENCE frame=5486 interval_ms=0.257792 paused=false
PRESENT CADENCE frame=5487 interval_ms=19.745500 paused=false
PRESENT CADENCE frame=5488 interval_ms=0.338250 paused=false
PRESENT CADENCE frame=5489 interval_ms=19.722167 paused=false
PRESENT CADENCE frame=5490 interval_ms=0.273166 paused=false
PRESENT CADENCE frame=5491 interval_ms=19.969250 paused=false
PRESENT CADENCE frame=5492 interval_ms=0.275584 paused=false
PRESENT CADENCE frame=5493 interval_ms=19.905916 paused=false
PRESENT CADENCE frame=5494 interval_ms=0.344834 paused=false
PRESENT CADENCE frame=5495 interval_ms=13.652333 paused=false
PRESENT CADENCE frame=5496 interval_ms=22.269875 paused=false
PRESENT CADENCE frame=5497 interval_ms=0.660417 paused=false
PRESENT CADENCE frame=5498 interval_ms=21.844666 paused=false
PRESENT CADENCE frame=5499 interval_ms=0.513042 paused=false
PRESENT CADENCE frame=5500 interval_ms=20.779917 paused=false
PRESENT CADENCE frame=5501 interval_ms=0.523416 paused=false
PRESENT CADENCE frame=5502 interval_ms=20.774459 paused=false
PRESENT CADENCE frame=5503 interval_ms=0.491375 paused=false
PRESENT CADENCE frame=5504 interval_ms=20.494833 paused=false
PRESENT CADENCE frame=5505 interval_ms=0.476292 paused=false
PRESENT CADENCE frame=5506 interval_ms=19.451291 paused=false
PRESENT CADENCE frame=5507 interval_ms=0.546542 paused=false
PRESENT CADENCE frame=5508 interval_ms=18.589167 paused=false
PRESENT CADENCE frame=5509 interval_ms=0.448875 paused=false
PRESENT CADENCE frame=5510 interval_ms=19.451958 paused=false
PRESENT CADENCE frame=5511 interval_ms=0.530083 paused=false
PRESENT CADENCE frame=5512 interval_ms=16.270084 paused=false
PRESENT CADENCE frame=5513 interval_ms=0.603958 paused=false
PRESENT CADENCE frame=5514 interval_ms=22.606333 paused=false
PRESENT CADENCE frame=5515 interval_ms=0.585167 paused=false
PRESENT CADENCE frame=5516 interval_ms=16.679958 paused=false
PRESENT CADENCE frame=5517 interval_ms=0.435167 paused=false
PRESENT CADENCE frame=5518 interval_ms=15.822708 paused=false
PRESENT CADENCE frame=5519 interval_ms=0.444792 paused=false
PRESENT CADENCE frame=5520 interval_ms=21.224000 paused=false
PRESENT CADENCE frame=5521 interval_ms=0.642208 paused=false
PRESENT CADENCE frame=5522 interval_ms=21.115250 paused=false
PRESENT CADENCE frame=5523 interval_ms=1.425000 paused=false
PRESENT CADENCE frame=5524 interval_ms=19.897209 paused=false
PRESENT CADENCE frame=5525 interval_ms=0.599791 paused=false
PRESENT CADENCE frame=5526 interval_ms=20.506709 paused=false
PRESENT CADENCE frame=5527 interval_ms=0.408166 paused=false
PRESENT CADENCE frame=5528 interval_ms=18.978625 paused=false
PRESENT CADENCE frame=5529 interval_ms=0.551500 paused=false
PRESENT CADENCE frame=5530 interval_ms=19.177792 paused=false
PRESENT CADENCE frame=5531 interval_ms=0.472750 paused=false
PRESENT CADENCE frame=5532 interval_ms=17.823958 paused=false
PRESENT CADENCE frame=5533 interval_ms=0.370834 paused=false
PRESENT CADENCE frame=5534 interval_ms=18.296250 paused=false
PRESENT CADENCE frame=5535 interval_ms=0.440250 paused=false
PRESENT CADENCE frame=5536 interval_ms=12.427458 paused=false
PRESENT CADENCE frame=5537 interval_ms=15.352333 paused=false
PRESENT CADENCE frame=5538 interval_ms=4.402834 paused=false
PRESENT CADENCE frame=5539 interval_ms=0.649208 paused=false
PRESENT CADENCE frame=5540 interval_ms=19.506750 paused=false
PRESENT CADENCE frame=5541 interval_ms=0.420708 paused=false
PRESENT CADENCE frame=5542 interval_ms=21.791750 paused=false
PRESENT CADENCE frame=5543 interval_ms=0.432792 paused=false
PRESENT CADENCE frame=5544 interval_ms=15.103667 paused=false
PRESENT CADENCE frame=5545 interval_ms=0.446041 paused=false
PRESENT CADENCE frame=5546 interval_ms=18.340709 paused=false
PRESENT CADENCE frame=5547 interval_ms=0.438916 paused=false
PRESENT CADENCE frame=5548 interval_ms=19.977417 paused=false
PRESENT CADENCE frame=5549 interval_ms=0.566042 paused=false
PRESENT CADENCE frame=5550 interval_ms=17.745166 paused=false
PRESENT CADENCE frame=5551 interval_ms=0.409459 paused=false
PRESENT CADENCE frame=5552 interval_ms=18.448083 paused=false
PRESENT CADENCE frame=5553 interval_ms=0.486792 paused=false
PRESENT CADENCE frame=5554 interval_ms=17.593625 paused=false
PRESENT CADENCE frame=5555 interval_ms=0.441458 paused=false
PRESENT CADENCE frame=5556 interval_ms=20.263792 paused=false
PRESENT CADENCE frame=5557 interval_ms=0.560875 paused=false
PRESENT CADENCE frame=5558 interval_ms=18.988291 paused=false
PRESENT CADENCE frame=5559 interval_ms=0.332667 paused=false
PRESENT CADENCE frame=5560 interval_ms=19.989833 paused=false
PRESENT CADENCE frame=5561 interval_ms=0.396875 paused=false
PRESENT CADENCE frame=5562 interval_ms=18.346167 paused=false
PRESENT CADENCE frame=5563 interval_ms=0.452125 paused=false
PRESENT CADENCE frame=5564 interval_ms=19.003000 paused=false
PRESENT CADENCE frame=5565 interval_ms=0.529000 paused=false
PRESENT CADENCE frame=5566 interval_ms=18.583917 paused=false
PRESENT CADENCE frame=5567 interval_ms=0.374291 paused=false
PRESENT CADENCE frame=5568 interval_ms=15.326375 paused=false
PRESENT CADENCE frame=5569 interval_ms=0.390334 paused=false
PRESENT CADENCE frame=5570 interval_ms=21.631000 paused=false
PRESENT CADENCE frame=5571 interval_ms=0.489500 paused=false
PRESENT CADENCE frame=5572 interval_ms=20.586750 paused=false
PRESENT CADENCE frame=5573 interval_ms=0.442458 paused=false
PRESENT CADENCE frame=5574 interval_ms=20.821375 paused=false
PRESENT CADENCE frame=5575 interval_ms=0.408542 paused=false
PRESENT CADENCE frame=5576 interval_ms=18.134208 paused=false
PRESENT CADENCE frame=5577 interval_ms=0.399500 paused=false
PRESENT CADENCE frame=5578 interval_ms=13.326167 paused=false
PRESENT CADENCE frame=5579 interval_ms=0.530625 paused=false
PRESENT CADENCE frame=5580 interval_ms=18.448625 paused=false
PRESENT CADENCE frame=5581 interval_ms=0.619208 paused=false
PRESENT CADENCE frame=5582 interval_ms=19.360292 paused=false
PRESENT CADENCE frame=5583 interval_ms=0.404541 paused=false
PRESENT CADENCE frame=5584 interval_ms=20.956750 paused=false
PRESENT CADENCE frame=5585 interval_ms=0.384417 paused=false
PRESENT CADENCE frame=5586 interval_ms=19.253333 paused=false
PRESENT CADENCE frame=5587 interval_ms=0.441459 paused=false
PRESENT CADENCE frame=5588 interval_ms=18.229375 paused=false
PRESENT CADENCE frame=5589 interval_ms=0.579416 paused=false
PRESENT CADENCE frame=5590 interval_ms=16.534042 paused=false
PRESENT CADENCE frame=5591 interval_ms=0.623875 paused=false
PRESENT CADENCE frame=5592 interval_ms=20.388000 paused=false
PRESENT CADENCE frame=5593 interval_ms=0.469292 paused=false
PRESENT CADENCE frame=5594 interval_ms=21.539875 paused=false
PRESENT CADENCE frame=5595 interval_ms=0.537416 paused=false
PRESENT CADENCE frame=5596 interval_ms=20.024542 paused=false
PRESENT CADENCE frame=5597 interval_ms=0.467958 paused=false
PRESENT CADENCE frame=5598 interval_ms=19.778084 paused=false
PRESENT CADENCE frame=5599 interval_ms=0.435500 paused=false
PRESENT CADENCE frame=5600 interval_ms=18.876208 paused=false
PRESENT CADENCE frame=5601 interval_ms=0.448250 paused=false
PRESENT CADENCE frame=5602 interval_ms=20.596625 paused=false
PRESENT CADENCE frame=5603 interval_ms=0.454333 paused=false
PRESENT CADENCE frame=5604 interval_ms=18.341500 paused=false
PRESENT CADENCE frame=5605 interval_ms=0.584125 paused=false
PRESENT CADENCE frame=5606 interval_ms=18.160500 paused=false
FULL MODEL WORKER work_ms=2004.298 physics_ms=1117.655 mesh_ms=399.575 partition_ms=24.281 streams_ms=462.786
FULL MODEL CPU UPLOAD stage_ms=40.458
PRESENT CADENCE frame=5607 interval_ms=41.083875 paused=false
PRESENT CADENCE frame=5608 interval_ms=1.032375 paused=false
PRESENT CADENCE frame=5609 interval_ms=15.666875 paused=false
PRESENT CADENCE frame=5610 interval_ms=0.497709 paused=false
PRESENT CADENCE frame=5611 interval_ms=20.330416 paused=false
PRESENT CADENCE frame=5612 interval_ms=1.352750 paused=false
PRESENT CADENCE frame=5613 interval_ms=18.962709 paused=false
PRESENT CADENCE frame=5614 interval_ms=0.421666 paused=false
PRESENT CADENCE frame=5615 interval_ms=20.978959 paused=false
PRESENT CADENCE frame=5616 interval_ms=0.406625 paused=false
PRESENT CADENCE frame=5617 interval_ms=19.737166 paused=false
PRESENT CADENCE frame=5618 interval_ms=0.469209 paused=false
PRESENT CADENCE frame=5619 interval_ms=17.900458 paused=false
PRESENT CADENCE frame=5620 interval_ms=0.438042 paused=false
PRESENT CADENCE frame=5621 interval_ms=21.935750 paused=false
PRESENT CADENCE frame=5622 interval_ms=0.430541 paused=false
PRESENT CADENCE frame=5623 interval_ms=17.755459 paused=false
PRESENT CADENCE frame=5624 interval_ms=0.425291 paused=false
PRESENT CADENCE frame=5625 interval_ms=20.426917 paused=false
PRESENT CADENCE frame=5626 interval_ms=0.576208 paused=false
PRESENT CADENCE frame=5627 interval_ms=24.422792 paused=false
PRESENT CADENCE frame=5628 interval_ms=0.640875 paused=false
PRESENT CADENCE frame=5629 interval_ms=16.041750 paused=false
PRESENT CADENCE frame=5630 interval_ms=0.377792 paused=false
PRESENT CADENCE frame=5631 interval_ms=20.259833 paused=false
PRESENT CADENCE frame=5632 interval_ms=0.419667 paused=false
PRESENT CADENCE frame=5633 interval_ms=21.190416 paused=false
PRESENT CADENCE frame=5634 interval_ms=0.469792 paused=false
PRESENT CADENCE frame=5635 interval_ms=20.640042 paused=false
PRESENT CADENCE frame=5636 interval_ms=0.401291 paused=false
PRESENT CADENCE frame=5637 interval_ms=19.427084 paused=false
PRESENT CADENCE frame=5638 interval_ms=0.532875 paused=false
PRESENT CADENCE frame=5639 interval_ms=16.499500 paused=false
PRESENT CADENCE frame=5640 interval_ms=0.534541 paused=false
PRESENT CADENCE frame=5641 interval_ms=21.230709 paused=false
PRESENT CADENCE frame=5642 interval_ms=0.576583 paused=false
PRESENT CADENCE frame=5643 interval_ms=20.340833 paused=false
PRESENT CADENCE frame=5644 interval_ms=0.427125 paused=false
PRESENT CADENCE frame=5645 interval_ms=19.180959 paused=false
PRESENT CADENCE frame=5646 interval_ms=0.619416 paused=false
PRESENT CADENCE frame=5647 interval_ms=20.339792 paused=false
PRESENT CADENCE frame=5648 interval_ms=0.462167 paused=false
PRESENT CADENCE frame=5649 interval_ms=19.639125 paused=false
PRESENT CADENCE frame=5650 interval_ms=0.502958 paused=false
PRESENT CADENCE frame=5651 interval_ms=18.920917 paused=false
PRESENT CADENCE frame=5652 interval_ms=0.512625 paused=false
PRESENT CADENCE frame=5653 interval_ms=18.267750 paused=false
PRESENT CADENCE frame=5654 interval_ms=0.518500 paused=false
PRESENT CADENCE frame=5655 interval_ms=21.403541 paused=false
PRESENT CADENCE frame=5656 interval_ms=0.487875 paused=false
PRESENT CADENCE frame=5657 interval_ms=20.607959 paused=false
PRESENT CADENCE frame=5658 interval_ms=0.766958 paused=false
PRESENT CADENCE frame=5659 interval_ms=19.601833 paused=false
PRESENT CADENCE frame=5660 interval_ms=0.481667 paused=false
PRESENT CADENCE frame=5661 interval_ms=20.168417 paused=false
PRESENT CADENCE frame=5662 interval_ms=0.397833 paused=false
PRESENT CADENCE frame=5663 interval_ms=20.502583 paused=false
PRESENT CADENCE frame=5664 interval_ms=0.391334 paused=false
PRESENT CADENCE frame=5665 interval_ms=20.697500 paused=false
PRESENT CADENCE frame=5666 interval_ms=0.341958 paused=false
PRESENT CADENCE frame=5667 interval_ms=21.869917 paused=false
PRESENT CADENCE frame=5668 interval_ms=0.351458 paused=false
PRESENT CADENCE frame=5669 interval_ms=24.057167 paused=false
PRESENT CADENCE frame=5670 interval_ms=0.249500 paused=false
PRESENT CADENCE frame=5671 interval_ms=13.795750 paused=false
PRESENT CADENCE frame=5672 interval_ms=0.302125 paused=false
PRESENT CADENCE frame=5673 interval_ms=22.126166 paused=false
PRESENT CADENCE frame=5674 interval_ms=0.270834 paused=false
PRESENT CADENCE frame=5675 interval_ms=22.346958 paused=false
PRESENT CADENCE frame=5676 interval_ms=0.336917 paused=false
PRESENT CADENCE frame=5677 interval_ms=20.483666 paused=false
PRESENT CADENCE frame=5678 interval_ms=0.274959 paused=false
PRESENT CADENCE frame=5679 interval_ms=20.613166 paused=false
PRESENT CADENCE frame=5680 interval_ms=0.335792 paused=false
PRESENT CADENCE frame=5681 interval_ms=20.456708 paused=false
PRESENT CADENCE frame=5682 interval_ms=0.243000 paused=false
PRESENT CADENCE frame=5683 interval_ms=19.607500 paused=false
PRESENT CADENCE frame=5684 interval_ms=0.247250 paused=false
PRESENT CADENCE frame=5685 interval_ms=19.641542 paused=false
PRESENT CADENCE frame=5686 interval_ms=0.591625 paused=false
PRESENT CADENCE frame=5687 interval_ms=18.857500 paused=false
PRESENT CADENCE frame=5688 interval_ms=0.569708 paused=false
PRESENT CADENCE frame=5689 interval_ms=21.393500 paused=false
PRESENT CADENCE frame=5690 interval_ms=0.262542 paused=false
PRESENT CADENCE frame=5691 interval_ms=17.572500 paused=false
PRESENT CADENCE frame=5692 interval_ms=0.468167 paused=false
PRESENT CADENCE frame=5693 interval_ms=22.360750 paused=false
PRESENT CADENCE frame=5694 interval_ms=0.771333 paused=false
PRESENT CADENCE frame=5695 interval_ms=21.723333 paused=false
PRESENT CADENCE frame=5696 interval_ms=0.529875 paused=false
PRESENT CADENCE frame=5697 interval_ms=21.699250 paused=false
PRESENT CADENCE frame=5698 interval_ms=0.388500 paused=false
PRESENT CADENCE frame=5699 interval_ms=172.268709 paused=false
PRESENT CADENCE frame=5700 interval_ms=0.294750 paused=false
PRESENT CADENCE frame=5701 interval_ms=20.243291 paused=false
PRESENT CADENCE frame=5702 interval_ms=0.518417 paused=false
PRESENT CADENCE frame=5703 interval_ms=23.486875 paused=false
PRESENT CADENCE frame=5704 interval_ms=0.432792 paused=false
PRESENT CADENCE frame=5705 interval_ms=21.734166 paused=false
PRESENT CADENCE frame=5706 interval_ms=1.372750 paused=false
PRESENT CADENCE frame=5707 interval_ms=19.665209 paused=false
PRESENT CADENCE frame=5708 interval_ms=2.679458 paused=false
PRESENT CADENCE frame=5709 interval_ms=16.844792 paused=false
PRESENT CADENCE frame=5710 interval_ms=0.309375 paused=false
PRESENT CADENCE frame=5711 interval_ms=20.080041 paused=false
PRESENT CADENCE frame=5712 interval_ms=20.626125 paused=false
PRESENT CADENCE frame=5713 interval_ms=1.052084 paused=false
PRESENT CADENCE frame=5714 interval_ms=0.951666 paused=false
PRESENT CADENCE frame=5715 interval_ms=20.404334 paused=false
PRESENT CADENCE frame=5716 interval_ms=0.413041 paused=false
PRESENT CADENCE frame=5717 interval_ms=20.553459 paused=false
PRESENT CADENCE frame=5718 interval_ms=0.252708 paused=false
PRESENT CADENCE frame=5719 interval_ms=19.188750 paused=false
PRESENT CADENCE frame=5720 interval_ms=1.473542 paused=false
PRESENT CADENCE frame=5721 interval_ms=22.973333 paused=false
PRESENT CADENCE frame=5722 interval_ms=0.459000 paused=false
PRESENT CADENCE frame=5723 interval_ms=30.082333 paused=false
PRESENT CADENCE frame=5724 interval_ms=32.452417 paused=false
PRESENT CADENCE frame=5725 interval_ms=1.929292 paused=false
PRESENT CADENCE frame=5726 interval_ms=10.229333 paused=false
PRESENT CADENCE frame=5727 interval_ms=0.455542 paused=false
PRESENT CADENCE frame=5728 interval_ms=20.212208 paused=false
PRESENT CADENCE frame=5729 interval_ms=0.709708 paused=false
PRESENT CADENCE frame=5730 interval_ms=25.379417 paused=false
PRESENT CADENCE frame=5731 interval_ms=0.928250 paused=false
PRESENT CADENCE frame=5732 interval_ms=16.672542 paused=false
PRESENT CADENCE frame=5733 interval_ms=0.659416 paused=false
PRESENT CADENCE frame=5734 interval_ms=20.347417 paused=false
PRESENT CADENCE frame=5735 interval_ms=0.650625 paused=false
PRESENT CADENCE frame=5736 interval_ms=21.112083 paused=false
PRESENT CADENCE frame=5737 interval_ms=0.775292 paused=false
PRESENT CADENCE frame=5738 interval_ms=20.640958 paused=false
PRESENT CADENCE frame=5739 interval_ms=0.605750 paused=false
PRESENT CADENCE frame=5740 interval_ms=35.841792 paused=false
PRESENT CADENCE frame=5741 interval_ms=0.958792 paused=false
PRESENT CADENCE frame=5742 interval_ms=22.498125 paused=false
PRESENT CADENCE frame=5743 interval_ms=0.620291 paused=false
PRESENT CADENCE frame=5744 interval_ms=21.742709 paused=false
PRESENT CADENCE frame=5745 interval_ms=0.968833 paused=false
PRESENT CADENCE frame=5746 interval_ms=20.153583 paused=false
PRESENT CADENCE frame=5747 interval_ms=1.196292 paused=false
PRESENT CADENCE frame=5748 interval_ms=19.562667 paused=false
PRESENT CADENCE frame=5749 interval_ms=0.382291 paused=false
PRESENT CADENCE frame=5750 interval_ms=23.234792 paused=false
PRESENT CADENCE frame=5751 interval_ms=0.596375 paused=false
PRESENT CADENCE frame=5752 interval_ms=21.550917 paused=false
PRESENT CADENCE frame=5753 interval_ms=0.578333 paused=false
PRESENT CADENCE frame=5754 interval_ms=19.890917 paused=false
PRESENT CADENCE frame=5755 interval_ms=0.749541 paused=false
PRESENT CADENCE frame=5756 interval_ms=23.645667 paused=false
PRESENT CADENCE frame=5757 interval_ms=0.954292 paused=false
PRESENT CADENCE frame=5758 interval_ms=20.990458 paused=false
PRESENT CADENCE frame=5759 interval_ms=1.352083 paused=false
PRESENT CADENCE frame=5760 interval_ms=18.820917 paused=false
PRESENT CADENCE frame=5761 interval_ms=0.637208 paused=false
PRESENT CADENCE frame=5762 interval_ms=22.398250 paused=false
PRESENT CADENCE frame=5763 interval_ms=0.991417 paused=false
PRESENT CADENCE frame=5764 interval_ms=20.609375 paused=false
PRESENT CADENCE frame=5765 interval_ms=0.973167 paused=false
PRESENT CADENCE frame=5766 interval_ms=15.474291 paused=false
PRESENT CADENCE frame=5767 interval_ms=0.460834 paused=false
PRESENT CADENCE frame=5768 interval_ms=21.442458 paused=false
PRESENT CADENCE frame=5769 interval_ms=0.810083 paused=false
PRESENT CADENCE frame=5770 interval_ms=19.155084 paused=false
FULL MODEL WORKER work_ms=1931.132 physics_ms=991.468 mesh_ms=413.423 partition_ms=26.836 streams_ms=499.405
FULL MODEL CPU UPLOAD stage_ms=56.649
PRESENT CADENCE frame=5771 interval_ms=57.553375 paused=false
PRESENT CADENCE frame=5772 interval_ms=1.244250 paused=false
PRESENT CADENCE frame=5773 interval_ms=18.459250 paused=false
PRESENT CADENCE frame=5774 interval_ms=0.570833 paused=false
PRESENT CADENCE frame=5775 interval_ms=22.645000 paused=false
PRESENT CADENCE frame=5776 interval_ms=0.585667 paused=false
PRESENT CADENCE frame=5777 interval_ms=21.752291 paused=false
PRESENT CADENCE frame=5778 interval_ms=0.751417 paused=false
PRESENT CADENCE frame=5779 interval_ms=20.283333 paused=false
PRESENT CADENCE frame=5780 interval_ms=0.591792 paused=false
PRESENT CADENCE frame=5781 interval_ms=20.013708 paused=false
PRESENT CADENCE frame=5782 interval_ms=0.750667 paused=false
PRESENT CADENCE frame=5783 interval_ms=19.498708 paused=false
PRESENT CADENCE frame=5784 interval_ms=0.661959 paused=false
PRESENT CADENCE frame=5785 interval_ms=15.079916 paused=false
PRESENT CADENCE frame=5786 interval_ms=0.555084 paused=false
PRESENT CADENCE frame=5787 interval_ms=20.676208 paused=false
PRESENT CADENCE frame=5788 interval_ms=0.766167 paused=false
PRESENT CADENCE frame=5789 interval_ms=19.914125 paused=false
PRESENT CADENCE frame=5790 interval_ms=0.587416 paused=false
PRESENT CADENCE frame=5791 interval_ms=14.951167 paused=false
PRESENT CADENCE frame=5792 interval_ms=0.471208 paused=false
PRESENT CADENCE frame=5793 interval_ms=21.578500 paused=false
PRESENT CADENCE frame=5794 interval_ms=0.655084 paused=false
PRESENT CADENCE frame=5795 interval_ms=20.117833 paused=false
PRESENT CADENCE frame=5796 interval_ms=0.571625 paused=false
PRESENT CADENCE frame=5797 interval_ms=18.582667 paused=false
PRESENT CADENCE frame=5798 interval_ms=0.490750 paused=false
PRESENT CADENCE frame=5799 interval_ms=14.100291 paused=false
PRESENT CADENCE frame=5800 interval_ms=0.436250 paused=false
PRESENT CADENCE frame=5801 interval_ms=23.209375 paused=false
PRESENT CADENCE frame=5802 interval_ms=0.824625 paused=false
PRESENT CADENCE frame=5803 interval_ms=16.822750 paused=false
PRESENT CADENCE frame=5804 interval_ms=0.484500 paused=false
PRESENT CADENCE frame=5805 interval_ms=17.546542 paused=false
PRESENT CADENCE frame=5806 interval_ms=0.489625 paused=false
PRESENT CADENCE frame=5807 interval_ms=17.882750 paused=false
PRESENT CADENCE frame=5808 interval_ms=0.530167 paused=false
PRESENT CADENCE frame=5809 interval_ms=20.543375 paused=false
PRESENT CADENCE frame=5810 interval_ms=0.515083 paused=false
PRESENT CADENCE frame=5811 interval_ms=17.401917 paused=false
PRESENT CADENCE frame=5812 interval_ms=0.983666 paused=false
PRESENT CADENCE frame=5813 interval_ms=18.305084 paused=false
PRESENT CADENCE frame=5814 interval_ms=0.543708 paused=false
PRESENT CADENCE frame=5815 interval_ms=15.800708 paused=false
PRESENT CADENCE frame=5816 interval_ms=0.671042 paused=false
PRESENT CADENCE frame=5817 interval_ms=13.238875 paused=false
PRESENT CADENCE frame=5818 interval_ms=0.543458 paused=false
PRESENT CADENCE frame=5819 interval_ms=19.110084 paused=false
PRESENT CADENCE frame=5820 interval_ms=0.613250 paused=false
PRESENT CADENCE frame=5821 interval_ms=19.613083 paused=false
PRESENT CADENCE frame=5822 interval_ms=0.554542 paused=false
PRESENT CADENCE frame=5823 interval_ms=19.145458 paused=false
PRESENT CADENCE frame=5824 interval_ms=0.375750 paused=false
PRESENT CADENCE frame=5825 interval_ms=17.691125 paused=false
PRESENT CADENCE frame=5826 interval_ms=1.499875 paused=false
PRESENT CADENCE frame=5827 interval_ms=16.269042 paused=false
PRESENT CADENCE frame=5828 interval_ms=0.765250 paused=false
PRESENT CADENCE frame=5829 interval_ms=20.558333 paused=false
PRESENT CADENCE frame=5830 interval_ms=0.515042 paused=false
PRESENT CADENCE frame=5831 interval_ms=18.865583 paused=false
PRESENT CADENCE frame=5832 interval_ms=0.751667 paused=false
PRESENT CADENCE frame=5833 interval_ms=14.830000 paused=false
PRESENT CADENCE frame=5834 interval_ms=0.468250 paused=false
PRESENT CADENCE frame=5835 interval_ms=20.595291 paused=false
PRESENT CADENCE frame=5836 interval_ms=0.698584 paused=false
PRESENT CADENCE frame=5837 interval_ms=21.422083 paused=false
PRESENT CADENCE frame=5838 interval_ms=0.742792 paused=false
PRESENT CADENCE frame=5839 interval_ms=22.701541 paused=false
PRESENT CADENCE frame=5840 interval_ms=0.342750 paused=false
PRESENT CADENCE frame=5841 interval_ms=17.409167 paused=false
PRESENT CADENCE frame=5842 interval_ms=0.880958 paused=false
PRESENT CADENCE frame=5843 interval_ms=22.405042 paused=false
PRESENT CADENCE frame=5844 interval_ms=0.538792 paused=false
PRESENT CADENCE frame=5845 interval_ms=15.318291 paused=false
PRESENT CADENCE frame=5846 interval_ms=0.427959 paused=false
PRESENT CADENCE frame=5847 interval_ms=19.074041 paused=false
PRESENT CADENCE frame=5848 interval_ms=0.836042 paused=false
PRESENT CADENCE frame=5849 interval_ms=19.246333 paused=false
PRESENT CADENCE frame=5850 interval_ms=0.624792 paused=false
PRESENT CADENCE frame=5851 interval_ms=20.541708 paused=false
PRESENT CADENCE frame=5852 interval_ms=0.527042 paused=false
PRESENT CADENCE frame=5853 interval_ms=19.063417 paused=false
PRESENT CADENCE frame=5854 interval_ms=0.718416 paused=false
PRESENT CADENCE frame=5855 interval_ms=13.502000 paused=false
PRESENT CADENCE frame=5856 interval_ms=0.553542 paused=false
PRESENT CADENCE frame=5857 interval_ms=18.855250 paused=false
PRESENT CADENCE frame=5858 interval_ms=0.416917 paused=false
PRESENT CADENCE frame=5859 interval_ms=17.878541 paused=false
PRESENT CADENCE frame=5860 interval_ms=0.776417 paused=false
PRESENT CADENCE frame=5861 interval_ms=17.902167 paused=false
PRESENT CADENCE frame=5862 interval_ms=0.942666 paused=false
PRESENT CADENCE frame=5863 interval_ms=20.192959 paused=false
PRESENT CADENCE frame=5864 interval_ms=1.690666 paused=false
PRESENT CADENCE frame=5865 interval_ms=15.197750 paused=false
PRESENT CADENCE frame=5866 interval_ms=0.781209 paused=false
PRESENT CADENCE frame=5867 interval_ms=21.811000 paused=false
PRESENT CADENCE frame=5868 interval_ms=0.455458 paused=false
PRESENT CADENCE frame=5869 interval_ms=19.803625 paused=false
PRESENT CADENCE frame=5870 interval_ms=0.657792 paused=false
PRESENT CADENCE frame=5871 interval_ms=17.423125 paused=false
PRESENT CADENCE frame=5872 interval_ms=0.793208 paused=false
PRESENT CADENCE frame=5873 interval_ms=21.087250 paused=false
PRESENT CADENCE frame=5874 interval_ms=0.574833 paused=false
PRESENT CADENCE frame=5875 interval_ms=20.129292 paused=false
PRESENT CADENCE frame=5876 interval_ms=0.657708 paused=false
PRESENT CADENCE frame=5877 interval_ms=21.549667 paused=false
PRESENT CADENCE frame=5878 interval_ms=0.732958 paused=false
PRESENT CADENCE frame=5879 interval_ms=19.281250 paused=false
PRESENT CADENCE frame=5880 interval_ms=0.367542 paused=false
PRESENT CADENCE frame=5881 interval_ms=19.892292 paused=false
PRESENT CADENCE frame=5882 interval_ms=0.619000 paused=false
PRESENT CADENCE frame=5883 interval_ms=19.103125 paused=false
PRESENT CADENCE frame=5884 interval_ms=0.381500 paused=false
PRESENT CADENCE frame=5885 interval_ms=19.119083 paused=false
PRESENT CADENCE frame=5886 interval_ms=0.245958 paused=false
PRESENT CADENCE frame=5887 interval_ms=18.698667 paused=false
PRESENT CADENCE frame=5888 interval_ms=0.609500 paused=false
PRESENT CADENCE frame=5889 interval_ms=19.399292 paused=false
PRESENT CADENCE frame=5890 interval_ms=0.555916 paused=false
PRESENT CADENCE frame=5891 interval_ms=16.036167 paused=false
PRESENT CADENCE frame=5892 interval_ms=0.261750 paused=false
PRESENT CADENCE frame=5893 interval_ms=20.163583 paused=false
PRESENT CADENCE frame=5894 interval_ms=0.500625 paused=false
PRESENT CADENCE frame=5895 interval_ms=20.791209 paused=false
PRESENT CADENCE frame=5896 interval_ms=0.587375 paused=false
PRESENT CADENCE frame=5897 interval_ms=20.065041 paused=false
PRESENT CADENCE frame=5898 interval_ms=0.471375 paused=false
PRESENT CADENCE frame=5899 interval_ms=20.600667 paused=false
PRESENT CADENCE frame=5900 interval_ms=0.508167 paused=false
PRESENT CADENCE frame=5901 interval_ms=19.786291 paused=false
PRESENT CADENCE frame=5902 interval_ms=0.575250 paused=false
PRESENT CADENCE frame=5903 interval_ms=20.824709 paused=false
PRESENT CADENCE frame=5904 interval_ms=0.401416 paused=false
PRESENT CADENCE frame=5905 interval_ms=19.695875 paused=false
PRESENT CADENCE frame=5906 interval_ms=0.704667 paused=false
PRESENT CADENCE frame=5907 interval_ms=15.764000 paused=false
PRESENT CADENCE frame=5908 interval_ms=0.386833 paused=false
PRESENT CADENCE frame=5909 interval_ms=21.435625 paused=false
PRESENT CADENCE frame=5910 interval_ms=0.322334 paused=false
PRESENT CADENCE frame=5911 interval_ms=23.171375 paused=false
PRESENT CADENCE frame=5912 interval_ms=0.577500 paused=false
PRESENT CADENCE frame=5913 interval_ms=17.616375 paused=false
PRESENT CADENCE frame=5914 interval_ms=0.339750 paused=false
PRESENT CADENCE frame=5915 interval_ms=23.253666 paused=false
PRESENT CADENCE frame=5916 interval_ms=0.268542 paused=false
PRESENT CADENCE frame=5917 interval_ms=21.526375 paused=false
PRESENT CADENCE frame=5918 interval_ms=0.638458 paused=false
PRESENT CADENCE frame=5919 interval_ms=21.796834 paused=false
PRESENT CADENCE frame=5920 interval_ms=0.437916 paused=false
PRESENT CADENCE frame=5921 interval_ms=19.314917 paused=false
PRESENT CADENCE frame=5922 interval_ms=0.353542 paused=false
PRESENT CADENCE frame=5923 interval_ms=19.250666 paused=false
PRESENT CADENCE frame=5924 interval_ms=0.533542 paused=false
PRESENT CADENCE frame=5925 interval_ms=14.094333 paused=false
PRESENT CADENCE frame=5926 interval_ms=0.505250 paused=false
PRESENT CADENCE frame=5927 interval_ms=19.693917 paused=false
PRESENT CADENCE frame=5928 interval_ms=0.558750 paused=false
PRESENT CADENCE frame=5929 interval_ms=19.984542 paused=false
PRESENT CADENCE frame=5930 interval_ms=0.652833 paused=false
PRESENT CADENCE frame=5931 interval_ms=19.540833 paused=false
PRESENT CADENCE frame=5932 interval_ms=0.654792 paused=false
PRESENT CADENCE frame=5933 interval_ms=22.608583 paused=false
PRESENT CADENCE frame=5934 interval_ms=0.248417 paused=false
PRESENT CADENCE frame=5935 interval_ms=15.969500 paused=false
PRESENT CADENCE frame=5936 interval_ms=0.502833 paused=false
PRESENT CADENCE frame=5937 interval_ms=16.954459 paused=false
PRESENT CADENCE frame=5938 interval_ms=0.374458 paused=false
PRESENT CADENCE frame=5939 interval_ms=21.090333 paused=false
PRESENT CADENCE frame=5940 interval_ms=0.600542 paused=false
PRESENT CADENCE frame=5941 interval_ms=22.593625 paused=false
PRESENT CADENCE frame=5942 interval_ms=0.436708 paused=false
PRESENT CADENCE frame=5943 interval_ms=21.381667 paused=false
PRESENT CADENCE frame=5944 interval_ms=0.251083 paused=false
PRESENT CADENCE frame=5945 interval_ms=21.577417 paused=false
PRESENT CADENCE frame=5946 interval_ms=0.672667 paused=false
PRESENT CADENCE frame=5947 interval_ms=18.371666 paused=false
PRESENT CADENCE frame=5948 interval_ms=0.412084 paused=false
PRESENT CADENCE frame=5949 interval_ms=25.727666 paused=false
FULL MODEL WORKER work_ms=1837.571 physics_ms=958.544 mesh_ms=370.347 partition_ms=24.800 streams_ms=483.880
FULL MODEL CPU UPLOAD stage_ms=52.818
PRESENT CADENCE frame=5950 interval_ms=53.510875 paused=false
PRESENT CADENCE frame=5951 interval_ms=1.252667 paused=false
PRESENT CADENCE frame=5952 interval_ms=8.514583 paused=false
PRESENT CADENCE frame=5953 interval_ms=0.534042 paused=false
PRESENT CADENCE frame=5954 interval_ms=21.409167 paused=false
PRESENT CADENCE frame=5955 interval_ms=0.312375 paused=false
PRESENT CADENCE frame=5956 interval_ms=19.962416 paused=false
PRESENT CADENCE frame=5957 interval_ms=0.568334 paused=false
PRESENT CADENCE frame=5958 interval_ms=20.590583 paused=false
PRESENT CADENCE frame=5959 interval_ms=0.394875 paused=false
PRESENT CADENCE frame=5960 interval_ms=16.720917 paused=false
PRESENT CADENCE frame=5961 interval_ms=0.255625 paused=false
PRESENT CADENCE frame=5962 interval_ms=21.229458 paused=false
PRESENT CADENCE frame=5963 interval_ms=0.653667 paused=false
PRESENT CADENCE frame=5964 interval_ms=23.992291 paused=false
PRESENT CADENCE frame=5965 interval_ms=0.309042 paused=false
PRESENT CADENCE frame=5966 interval_ms=21.842958 paused=false
PRESENT CADENCE frame=5967 interval_ms=0.272750 paused=false
PRESENT CADENCE frame=5968 interval_ms=20.726750 paused=false
PRESENT CADENCE frame=5969 interval_ms=0.588375 paused=false
PRESENT CADENCE frame=5970 interval_ms=17.988084 paused=false
PRESENT CADENCE frame=5971 interval_ms=0.638750 paused=false
PRESENT CADENCE frame=5972 interval_ms=19.836750 paused=false
PRESENT CADENCE frame=5973 interval_ms=0.229416 paused=false
PRESENT CADENCE frame=5974 interval_ms=21.475667 paused=false
PRESENT CADENCE frame=5975 interval_ms=0.587208 paused=false
PRESENT CADENCE frame=5976 interval_ms=18.132167 paused=false
PRESENT CADENCE frame=5977 interval_ms=0.455667 paused=false
PRESENT CADENCE frame=5978 interval_ms=18.869708 paused=false
PRESENT CADENCE frame=5979 interval_ms=0.245417 paused=false
PRESENT CADENCE frame=5980 interval_ms=19.428875 paused=false
PRESENT CADENCE frame=5981 interval_ms=0.592500 paused=false
PRESENT CADENCE frame=5982 interval_ms=18.679833 paused=false
PRESENT CADENCE frame=5983 interval_ms=0.397875 paused=false
PRESENT CADENCE frame=5984 interval_ms=16.335750 paused=false
PRESENT CADENCE frame=5985 interval_ms=0.270542 paused=false
PRESENT CADENCE frame=5986 interval_ms=22.141125 paused=false
PRESENT CADENCE frame=5987 interval_ms=0.649000 paused=false
PRESENT CADENCE frame=5988 interval_ms=21.224458 paused=false
PRESENT CADENCE frame=5989 interval_ms=0.475583 paused=false
PRESENT CADENCE frame=5990 interval_ms=20.592459 paused=false
PRESENT CADENCE frame=5991 interval_ms=0.269541 paused=false
PRESENT CADENCE frame=5992 interval_ms=15.538959 paused=false
PRESENT CADENCE frame=5993 interval_ms=0.624583 paused=false
PRESENT CADENCE frame=5994 interval_ms=22.031958 paused=false
PRESENT CADENCE frame=5995 interval_ms=0.484292 paused=false
PRESENT CADENCE frame=5996 interval_ms=19.899708 paused=false
PRESENT CADENCE frame=5997 interval_ms=0.284875 paused=false
PRESENT CADENCE frame=5998 interval_ms=19.654375 paused=false
PRESENT CADENCE frame=5999 interval_ms=1.105375 paused=false
PRESENT CADENCE frame=6000 interval_ms=18.393625 paused=false
PRESENT CADENCE frame=6001 interval_ms=0.388667 paused=false
PRESENT CADENCE frame=6002 interval_ms=20.032458 paused=false
PRESENT CADENCE frame=6003 interval_ms=0.895709 paused=false
PRESENT CADENCE frame=6004 interval_ms=27.232666 paused=false
PRESENT CADENCE frame=6005 interval_ms=0.680792 paused=false
PRESENT CADENCE frame=6006 interval_ms=20.463833 paused=false
PRESENT CADENCE frame=6007 interval_ms=0.481542 paused=false
PRESENT CADENCE frame=6008 interval_ms=21.429917 paused=false
PRESENT CADENCE frame=6009 interval_ms=0.528583 paused=false
PRESENT CADENCE frame=6010 interval_ms=20.279833 paused=false
PRESENT CADENCE frame=6011 interval_ms=0.450792 paused=false
PRESENT CADENCE frame=6012 interval_ms=19.013417 paused=false
PRESENT CADENCE frame=6013 interval_ms=0.749000 paused=false
PRESENT CADENCE frame=6014 interval_ms=18.766875 paused=false
PRESENT CADENCE frame=6015 interval_ms=1.475541 paused=false
PRESENT CADENCE frame=6016 interval_ms=18.015209 paused=false
PRESENT CADENCE frame=6017 interval_ms=0.390916 paused=false
PRESENT CADENCE frame=6018 interval_ms=20.966584 paused=false
PRESENT CADENCE frame=6019 interval_ms=1.346041 paused=false
PRESENT CADENCE frame=6020 interval_ms=23.502834 paused=false
PRESENT CADENCE frame=6021 interval_ms=0.374791 paused=false
PRESENT CADENCE frame=6022 interval_ms=16.111542 paused=false
PRESENT CADENCE frame=6023 interval_ms=1.424000 paused=false
PRESENT CADENCE frame=6024 interval_ms=19.439875 paused=false
PRESENT CADENCE frame=6025 interval_ms=0.569292 paused=false
PRESENT CADENCE frame=6026 interval_ms=21.744583 paused=false
PRESENT CADENCE frame=6027 interval_ms=0.448083 paused=false
PRESENT CADENCE frame=6028 interval_ms=21.112625 paused=false
PRESENT CADENCE frame=6029 interval_ms=0.276667 paused=false
PRESENT CADENCE frame=6030 interval_ms=18.694167 paused=false
PRESENT CADENCE frame=6031 interval_ms=0.762208 paused=false
PRESENT CADENCE frame=6032 interval_ms=22.036583 paused=false
PRESENT CADENCE frame=6033 interval_ms=0.732584 paused=false
PRESENT CADENCE frame=6034 interval_ms=23.015916 paused=false
PRESENT CADENCE frame=6035 interval_ms=0.319125 paused=false
PRESENT CADENCE frame=6036 interval_ms=20.647875 paused=false
PRESENT CADENCE frame=6037 interval_ms=0.569500 paused=false
PRESENT CADENCE frame=6038 interval_ms=17.919959 paused=false
PRESENT CADENCE frame=6039 interval_ms=0.407333 paused=false
PRESENT CADENCE frame=6040 interval_ms=18.504833 paused=false
PRESENT CADENCE frame=6041 interval_ms=0.426167 paused=false
PRESENT CADENCE frame=6042 interval_ms=19.531542 paused=false
PRESENT CADENCE frame=6043 interval_ms=0.827750 paused=false
PRESENT CADENCE frame=6044 interval_ms=18.398333 paused=false
PRESENT CADENCE frame=6045 interval_ms=1.252083 paused=false
PRESENT CADENCE frame=6046 interval_ms=15.745125 paused=false
PRESENT CADENCE frame=6047 interval_ms=0.255250 paused=false
PRESENT CADENCE frame=6048 interval_ms=16.380959 paused=false
PRESENT CADENCE frame=6049 interval_ms=0.481416 paused=false
PRESENT CADENCE frame=6050 interval_ms=21.416334 paused=false
PRESENT CADENCE frame=6051 interval_ms=0.627250 paused=false
PRESENT CADENCE frame=6052 interval_ms=23.086000 paused=false
PRESENT CADENCE frame=6053 interval_ms=0.226000 paused=false
PRESENT CADENCE frame=6054 interval_ms=21.017750 paused=false
PRESENT CADENCE frame=6055 interval_ms=0.746500 paused=false
PRESENT CADENCE frame=6056 interval_ms=19.980916 paused=false
PRESENT CADENCE frame=6057 interval_ms=0.385459 paused=false
PRESENT CADENCE frame=6058 interval_ms=21.813625 paused=false
PRESENT CADENCE frame=6059 interval_ms=0.270208 paused=false
PRESENT CADENCE frame=6060 interval_ms=18.659208 paused=false
PRESENT CADENCE frame=6061 interval_ms=0.660000 paused=false
PRESENT CADENCE frame=6062 interval_ms=18.885417 paused=false
PRESENT CADENCE frame=6063 interval_ms=0.360250 paused=false
PRESENT CADENCE frame=6064 interval_ms=17.434292 paused=false
PRESENT CADENCE frame=6065 interval_ms=0.215666 paused=false
PRESENT CADENCE frame=6066 interval_ms=17.222417 paused=false
PRESENT CADENCE frame=6067 interval_ms=0.523125 paused=false
PRESENT CADENCE frame=6068 interval_ms=20.281917 paused=false
PRESENT CADENCE frame=6069 interval_ms=0.360708 paused=false
PRESENT CADENCE frame=6070 interval_ms=17.636167 paused=false
PRESENT CADENCE frame=6071 interval_ms=0.311458 paused=false
PRESENT CADENCE frame=6072 interval_ms=21.638625 paused=false
PRESENT CADENCE frame=6073 interval_ms=0.705958 paused=false
PRESENT CADENCE frame=6074 interval_ms=20.648709 paused=false
PRESENT CADENCE frame=6075 interval_ms=0.518541 paused=false
PRESENT CADENCE frame=6076 interval_ms=21.650917 paused=false
PRESENT CADENCE frame=6077 interval_ms=0.416417 paused=false
PRESENT CADENCE frame=6078 interval_ms=15.998083 paused=false
PRESENT CADENCE frame=6079 interval_ms=0.378042 paused=false
PRESENT CADENCE frame=6080 interval_ms=19.001708 paused=false
PRESENT CADENCE frame=6081 interval_ms=0.446000 paused=false
PRESENT CADENCE frame=6082 interval_ms=20.087417 paused=false
PRESENT CADENCE frame=6083 interval_ms=0.449125 paused=false
PRESENT CADENCE frame=6084 interval_ms=20.340541 paused=false
PRESENT CADENCE frame=6085 interval_ms=0.425125 paused=false
PRESENT CADENCE frame=6086 interval_ms=20.537542 paused=false
PRESENT CADENCE frame=6087 interval_ms=0.439208 paused=false
PRESENT CADENCE frame=6088 interval_ms=19.862084 paused=false
PRESENT CADENCE frame=6089 interval_ms=0.643416 paused=false
PRESENT CADENCE frame=6090 interval_ms=12.741792 paused=false
PRESENT CADENCE frame=6091 interval_ms=0.524083 paused=false
PRESENT CADENCE frame=6092 interval_ms=21.207334 paused=false
PRESENT CADENCE frame=6093 interval_ms=0.445166 paused=false
PRESENT CADENCE frame=6094 interval_ms=21.538084 paused=false
PRESENT CADENCE frame=6095 interval_ms=0.406333 paused=false
PRESENT CADENCE frame=6096 interval_ms=21.260583 paused=false
PRESENT CADENCE frame=6097 interval_ms=0.460417 paused=false
PRESENT CADENCE frame=6098 interval_ms=21.503083 paused=false
PRESENT CADENCE frame=6099 interval_ms=0.533459 paused=false
PRESENT CADENCE frame=6100 interval_ms=19.841166 paused=false
PRESENT CADENCE frame=6101 interval_ms=0.419042 paused=false
PRESENT CADENCE frame=6102 interval_ms=19.441833 paused=false
PRESENT CADENCE frame=6103 interval_ms=0.381000 paused=false
PRESENT CADENCE frame=6104 interval_ms=18.723709 paused=false
PRESENT CADENCE frame=6105 interval_ms=0.427041 paused=false
PRESENT CADENCE frame=6106 interval_ms=17.500625 paused=false
PRESENT CADENCE frame=6107 interval_ms=0.349417 paused=false
PRESENT CADENCE frame=6108 interval_ms=20.864042 paused=false
PRESENT CADENCE frame=6109 interval_ms=0.379666 paused=false
PRESENT CADENCE frame=6110 interval_ms=16.031917 paused=false
PRESENT CADENCE frame=6111 interval_ms=0.491792 paused=false
PRESENT CADENCE frame=6112 interval_ms=20.102875 paused=false
PRESENT CADENCE frame=6113 interval_ms=13.746958 paused=false
PRESENT CADENCE frame=6114 interval_ms=7.300750 paused=false
PRESENT CADENCE frame=6115 interval_ms=1.729042 paused=false
PRESENT CADENCE frame=6116 interval_ms=16.889375 paused=false
PRESENT CADENCE frame=6117 interval_ms=1.461083 paused=false
PRESENT CADENCE frame=6118 interval_ms=16.990625 paused=false
PRESENT CADENCE frame=6119 interval_ms=1.296583 paused=false
PRESENT CADENCE frame=6120 interval_ms=17.112042 paused=false
PRESENT CADENCE frame=6121 interval_ms=0.411542 paused=false
PRESENT CADENCE frame=6122 interval_ms=19.322375 paused=false
PRESENT CADENCE frame=6123 interval_ms=0.408166 paused=false
PRESENT CADENCE frame=6124 interval_ms=18.849334 paused=false
PRESENT CADENCE frame=6125 interval_ms=0.386916 paused=false
PRESENT CADENCE frame=6126 interval_ms=18.454334 paused=false
PRESENT CADENCE frame=6127 interval_ms=0.449958 paused=false
PRESENT CADENCE frame=6128 interval_ms=21.122917 paused=false
PRESENT CADENCE frame=6129 interval_ms=38.302041 paused=false
PRESENT CADENCE frame=6130 interval_ms=0.618042 paused=false
PRESENT CADENCE frame=6131 interval_ms=3.400792 paused=false
PRESENT CADENCE frame=6132 interval_ms=0.639666 paused=false
PRESENT CADENCE frame=6133 interval_ms=15.084667 paused=false
PRESENT CADENCE frame=6134 interval_ms=0.597375 paused=false
PRESENT CADENCE frame=6135 interval_ms=15.813083 paused=false
PRESENT CADENCE frame=6136 interval_ms=0.295459 paused=false
PRESENT CADENCE frame=6137 interval_ms=21.198958 paused=false
PRESENT CADENCE frame=6138 interval_ms=1.247000 paused=false
PRESENT CADENCE frame=6139 interval_ms=23.840000 paused=false
PRESENT CADENCE frame=6140 interval_ms=2.373875 paused=false
PRESENT CADENCE frame=6141 interval_ms=21.225917 paused=false
PRESENT CADENCE frame=6142 interval_ms=0.357541 paused=false
PRESENT CADENCE frame=6143 interval_ms=20.553584 paused=false
PRESENT CADENCE frame=6144 interval_ms=0.321916 paused=false
PRESENT CADENCE frame=6145 interval_ms=21.562792 paused=false
PRESENT CADENCE frame=6146 interval_ms=14.564500 paused=false
PRESENT CADENCE frame=6147 interval_ms=5.317333 paused=false
PRESENT CADENCE frame=6148 interval_ms=0.558959 paused=false
PRESENT CADENCE frame=6149 interval_ms=20.205333 paused=false
PRESENT CADENCE frame=6150 interval_ms=0.487333 paused=false
PRESENT CADENCE frame=6151 interval_ms=20.325459 paused=false
PRESENT CADENCE frame=6152 interval_ms=0.239500 paused=false
PRESENT CADENCE frame=6153 interval_ms=21.522625 paused=false
PRESENT CADENCE frame=6154 interval_ms=0.302416 paused=false
PRESENT CADENCE frame=6155 interval_ms=19.756125 paused=false
PRESENT CADENCE frame=6156 interval_ms=0.217375 paused=false
PRESENT CADENCE frame=6157 interval_ms=22.276042 paused=false
PRESENT CADENCE frame=6158 interval_ms=0.294042 paused=false
PRESENT CADENCE frame=6159 interval_ms=20.468791 paused=false
PRESENT CADENCE frame=6160 interval_ms=0.442417 paused=false
PRESENT CADENCE frame=6161 interval_ms=19.639000 paused=false
PRESENT CADENCE frame=6162 interval_ms=0.297667 paused=false
PRESENT CADENCE frame=6163 interval_ms=19.494416 paused=false
PRESENT CADENCE frame=6164 interval_ms=0.253209 paused=false
PRESENT CADENCE frame=6165 interval_ms=19.256750 paused=false
PRESENT CADENCE frame=6166 interval_ms=0.254375 paused=false
PRESENT CADENCE frame=6167 interval_ms=18.695750 paused=false
PRESENT CADENCE frame=6168 interval_ms=0.225625 paused=false
PRESENT CADENCE frame=6169 interval_ms=19.298875 paused=false
PRESENT CADENCE frame=6170 interval_ms=0.298375 paused=false
PRESENT CADENCE frame=6171 interval_ms=23.168291 paused=false
PRESENT CADENCE frame=6172 interval_ms=0.328417 paused=false
PRESENT CADENCE frame=6173 interval_ms=16.630292 paused=false
PRESENT CADENCE frame=6174 interval_ms=0.263833 paused=false
PRESENT CADENCE frame=6175 interval_ms=18.090417 paused=false
PRESENT CADENCE frame=6176 interval_ms=0.349541 paused=false
PRESENT CADENCE frame=6177 interval_ms=21.524375 paused=false
PRESENT CADENCE frame=6178 interval_ms=0.209250 paused=false
PRESENT CADENCE frame=6179 interval_ms=21.433417 paused=false
PRESENT CADENCE frame=6180 interval_ms=0.262833 paused=false
PRESENT CADENCE frame=6181 interval_ms=21.195292 paused=false
PRESENT CADENCE frame=6182 interval_ms=0.310083 paused=false
PRESENT CADENCE frame=6183 interval_ms=22.157917 paused=false
FULL MODEL WORKER work_ms=2419.990 physics_ms=1334.329 mesh_ms=583.044 partition_ms=31.584 streams_ms=471.032
FULL MODEL CPU UPLOAD stage_ms=45.684
PRESENT CADENCE frame=6184 interval_ms=46.225542 paused=false
PRESENT CADENCE frame=6185 interval_ms=1.513583 paused=false
PRESENT CADENCE frame=6186 interval_ms=14.785042 paused=false
PRESENT CADENCE frame=6187 interval_ms=0.827791 paused=false
PRESENT CADENCE frame=6188 interval_ms=18.480709 paused=false
PRESENT CADENCE frame=6189 interval_ms=0.531875 paused=false
PRESENT CADENCE frame=6190 interval_ms=18.799375 paused=false
PRESENT CADENCE frame=6191 interval_ms=0.451583 paused=false
PRESENT CADENCE frame=6192 interval_ms=18.651167 paused=false
PRESENT CADENCE frame=6193 interval_ms=0.430000 paused=false
PRESENT CADENCE frame=6194 interval_ms=21.314333 paused=false
PRESENT CADENCE frame=6195 interval_ms=0.384833 paused=false
PRESENT CADENCE frame=6196 interval_ms=17.109667 paused=false
PRESENT CADENCE frame=6197 interval_ms=0.750750 paused=false
PRESENT CADENCE frame=6198 interval_ms=16.140333 paused=false
PRESENT CADENCE frame=6199 interval_ms=0.361792 paused=false
PRESENT CADENCE frame=6200 interval_ms=20.046833 paused=false
PRESENT CADENCE frame=6201 interval_ms=0.369625 paused=false
PRESENT CADENCE frame=6202 interval_ms=20.593875 paused=false
PRESENT CADENCE frame=6203 interval_ms=0.367000 paused=false
PRESENT CADENCE frame=6204 interval_ms=20.440334 paused=false
PRESENT CADENCE frame=6205 interval_ms=0.450250 paused=false
PRESENT CADENCE frame=6206 interval_ms=18.254500 paused=false
PRESENT CADENCE frame=6207 interval_ms=0.331333 paused=false
PRESENT CADENCE frame=6208 interval_ms=14.860833 paused=false
PRESENT CADENCE frame=6209 interval_ms=0.381417 paused=false
PRESENT CADENCE frame=6210 interval_ms=20.780167 paused=false
PRESENT CADENCE frame=6211 interval_ms=0.391541 paused=false
PRESENT CADENCE frame=6212 interval_ms=19.058042 paused=false
PRESENT CADENCE frame=6213 interval_ms=0.269333 paused=false
PRESENT CADENCE frame=6214 interval_ms=20.708834 paused=false
PRESENT CADENCE frame=6215 interval_ms=0.235291 paused=false
PRESENT CADENCE frame=6216 interval_ms=20.083500 paused=false
PRESENT CADENCE frame=6217 interval_ms=0.274209 paused=false
PRESENT CADENCE frame=6218 interval_ms=19.521500 paused=false
PRESENT CADENCE frame=6219 interval_ms=0.388875 paused=false
PRESENT CADENCE frame=6220 interval_ms=13.667291 paused=false
PRESENT CADENCE frame=6221 interval_ms=0.540334 paused=false
PRESENT CADENCE frame=6222 interval_ms=21.418208 paused=false
PRESENT CADENCE frame=6223 interval_ms=0.369542 paused=false
PRESENT CADENCE frame=6224 interval_ms=19.881083 paused=false
PRESENT CADENCE frame=6225 interval_ms=0.249792 paused=false
PRESENT CADENCE frame=6226 interval_ms=14.864125 paused=false
PRESENT CADENCE frame=6227 interval_ms=0.331000 paused=false
PRESENT CADENCE frame=6228 interval_ms=19.226083 paused=false
PRESENT CADENCE frame=6229 interval_ms=0.295833 paused=false
PRESENT CADENCE frame=6230 interval_ms=21.528000 paused=false
PRESENT CADENCE frame=6231 interval_ms=0.366125 paused=false
PRESENT CADENCE frame=6232 interval_ms=19.526334 paused=false
PRESENT CADENCE frame=6233 interval_ms=0.319875 paused=false
PRESENT CADENCE frame=6234 interval_ms=19.989291 paused=false
PRESENT CADENCE frame=6235 interval_ms=0.304292 paused=false
PRESENT CADENCE frame=6236 interval_ms=18.828500 paused=false
PRESENT CADENCE frame=6237 interval_ms=0.341125 paused=false
PRESENT CADENCE frame=6238 interval_ms=19.176000 paused=false
PRESENT CADENCE frame=6239 interval_ms=0.344333 paused=false
PRESENT CADENCE frame=6240 interval_ms=21.970375 paused=false
PRESENT CADENCE frame=6241 interval_ms=0.711959 paused=false
PRESENT CADENCE frame=6242 interval_ms=20.038375 paused=false
PRESENT CADENCE frame=6243 interval_ms=0.232208 paused=false
PRESENT CADENCE frame=6244 interval_ms=21.412083 paused=false
PRESENT CADENCE frame=6245 interval_ms=0.237709 paused=false
PRESENT CADENCE frame=6246 interval_ms=20.190208 paused=false
PRESENT CADENCE frame=6247 interval_ms=0.225917 paused=false
PRESENT CADENCE frame=6248 interval_ms=19.699041 paused=false
PRESENT CADENCE frame=6249 interval_ms=0.353542 paused=false
PRESENT CADENCE frame=6250 interval_ms=19.535625 paused=false
PRESENT CADENCE frame=6251 interval_ms=0.442708 paused=false
PRESENT CADENCE frame=6252 interval_ms=19.265792 paused=false
PRESENT CADENCE frame=6253 interval_ms=0.462292 paused=false
PRESENT CADENCE frame=6254 interval_ms=18.585000 paused=false
PRESENT CADENCE frame=6255 interval_ms=14.237250 paused=false
PRESENT CADENCE frame=6256 interval_ms=6.635666 paused=false
PRESENT CADENCE frame=6257 interval_ms=0.317000 paused=false
PRESENT CADENCE frame=6258 interval_ms=20.266042 paused=false
PRESENT CADENCE frame=6259 interval_ms=0.329375 paused=false
PRESENT CADENCE frame=6260 interval_ms=20.634333 paused=false
PRESENT CADENCE frame=6261 interval_ms=0.311334 paused=false
PRESENT CADENCE frame=6262 interval_ms=20.308333 paused=false
PRESENT CADENCE frame=6263 interval_ms=0.248000 paused=false
PRESENT CADENCE frame=6264 interval_ms=16.843042 paused=false
PRESENT CADENCE frame=6265 interval_ms=0.267208 paused=false
PRESENT CADENCE frame=6266 interval_ms=19.962583 paused=false
PRESENT CADENCE frame=6267 interval_ms=0.366750 paused=false
PRESENT CADENCE frame=6268 interval_ms=21.759250 paused=false
PRESENT CADENCE frame=6269 interval_ms=0.392125 paused=false
PRESENT CADENCE frame=6270 interval_ms=21.594334 paused=false
PRESENT CADENCE frame=6271 interval_ms=0.473708 paused=false
PRESENT CADENCE frame=6272 interval_ms=21.536083 paused=false
PRESENT CADENCE frame=6273 interval_ms=0.251334 paused=false
PRESENT CADENCE frame=6274 interval_ms=21.184333 paused=false
PRESENT CADENCE frame=6275 interval_ms=0.189000 paused=false
PRESENT CADENCE frame=6276 interval_ms=20.021750 paused=false
PRESENT CADENCE frame=6277 interval_ms=0.365250 paused=false
PRESENT CADENCE frame=6278 interval_ms=21.069917 paused=false
PRESENT CADENCE frame=6279 interval_ms=0.241875 paused=false
PRESENT CADENCE frame=6280 interval_ms=19.810583 paused=false
PRESENT CADENCE frame=6281 interval_ms=0.380125 paused=false
PRESENT CADENCE frame=6282 interval_ms=15.431292 paused=false
PRESENT CADENCE frame=6283 interval_ms=0.240541 paused=false
PRESENT CADENCE frame=6284 interval_ms=20.305042 paused=false
PRESENT CADENCE frame=6285 interval_ms=0.432375 paused=false
PRESENT CADENCE frame=6286 interval_ms=26.785000 paused=false
PRESENT CADENCE frame=6287 interval_ms=0.742250 paused=false
PRESENT CADENCE frame=6288 interval_ms=19.797000 paused=false
PRESENT CADENCE frame=6289 interval_ms=0.398625 paused=false
PRESENT CADENCE frame=6290 interval_ms=19.532208 paused=false
PRESENT CADENCE frame=6291 interval_ms=0.404709 paused=false
PRESENT CADENCE frame=6292 interval_ms=20.276541 paused=false
PRESENT CADENCE frame=6293 interval_ms=0.255959 paused=false
PRESENT CADENCE frame=6294 interval_ms=21.714583 paused=false
PRESENT CADENCE frame=6295 interval_ms=0.935292 paused=false
PRESENT CADENCE frame=6296 interval_ms=19.877666 paused=false
PRESENT CADENCE frame=6297 interval_ms=0.397042 paused=false
PRESENT CADENCE frame=6298 interval_ms=19.966125 paused=false
PRESENT CADENCE frame=6299 interval_ms=0.198750 paused=false
PRESENT CADENCE frame=6300 interval_ms=16.888917 paused=false
PRESENT CADENCE frame=6301 interval_ms=0.445416 paused=false
PRESENT CADENCE frame=6302 interval_ms=21.589000 paused=false
PRESENT CADENCE frame=6303 interval_ms=0.285750 paused=false
PRESENT CADENCE frame=6304 interval_ms=20.899084 paused=false
PRESENT CADENCE frame=6305 interval_ms=0.278000 paused=false
PRESENT CADENCE frame=6306 interval_ms=22.481208 paused=false
PRESENT CADENCE frame=6307 interval_ms=1.406250 paused=false
PRESENT CADENCE frame=6308 interval_ms=20.086292 paused=false
PRESENT CADENCE frame=6309 interval_ms=0.252458 paused=false
PRESENT CADENCE frame=6310 interval_ms=15.126833 paused=false
PRESENT CADENCE frame=6311 interval_ms=0.307709 paused=false
PRESENT CADENCE frame=6312 interval_ms=20.880916 paused=false
PRESENT CADENCE frame=6313 interval_ms=0.416584 paused=false
PRESENT CADENCE frame=6314 interval_ms=20.682916 paused=false
PRESENT CADENCE frame=6315 interval_ms=0.701667 paused=false
PRESENT CADENCE frame=6316 interval_ms=21.179958 paused=false
PRESENT CADENCE frame=6317 interval_ms=0.361167 paused=false
PRESENT CADENCE frame=6318 interval_ms=21.138750 paused=false
PRESENT CADENCE frame=6319 interval_ms=0.272125 paused=false
PRESENT CADENCE frame=6320 interval_ms=16.558458 paused=false
PRESENT CADENCE frame=6321 interval_ms=0.250834 paused=false
PRESENT CADENCE frame=6322 interval_ms=22.220041 paused=false
PRESENT CADENCE frame=6323 interval_ms=0.269209 paused=false
PRESENT CADENCE frame=6324 interval_ms=20.547000 paused=false
PRESENT CADENCE frame=6325 interval_ms=0.233083 paused=false
PRESENT CADENCE frame=6326 interval_ms=26.821667 paused=false
PRESENT CADENCE frame=6327 interval_ms=0.249458 paused=false
PRESENT CADENCE frame=6328 interval_ms=16.346667 paused=false
PRESENT CADENCE frame=6329 interval_ms=0.257958 paused=false
PRESENT CADENCE frame=6330 interval_ms=20.388208 paused=false
PRESENT CADENCE frame=6331 interval_ms=0.309042 paused=false
PRESENT CADENCE frame=6332 interval_ms=17.859708 paused=false
PRESENT CADENCE frame=6333 interval_ms=0.280000 paused=false
PRESENT CADENCE frame=6334 interval_ms=18.715000 paused=false
PRESENT CADENCE frame=6335 interval_ms=0.233875 paused=false
PRESENT CADENCE frame=6336 interval_ms=22.149584 paused=false
PRESENT CADENCE frame=6337 interval_ms=0.297875 paused=false
PRESENT CADENCE frame=6338 interval_ms=19.307708 paused=false
PRESENT CADENCE frame=6339 interval_ms=0.262500 paused=false
PRESENT CADENCE frame=6340 interval_ms=23.326542 paused=false
PRESENT CADENCE frame=6341 interval_ms=0.245333 paused=false
PRESENT CADENCE frame=6342 interval_ms=22.144792 paused=false
PRESENT CADENCE frame=6343 interval_ms=0.320125 paused=false
PRESENT CADENCE frame=6344 interval_ms=21.509291 paused=false
PRESENT CADENCE frame=6345 interval_ms=0.286584 paused=false
PRESENT CADENCE frame=6346 interval_ms=22.385833 paused=false
PRESENT CADENCE frame=6347 interval_ms=0.402583 paused=false
PRESENT CADENCE frame=6348 interval_ms=19.258250 paused=false
PRESENT CADENCE frame=6349 interval_ms=0.309375 paused=false
PRESENT CADENCE frame=6350 interval_ms=19.289417 paused=false
PRESENT CADENCE frame=6351 interval_ms=0.312000 paused=false
PRESENT CADENCE frame=6352 interval_ms=19.475500 paused=false
PRESENT CADENCE frame=6353 interval_ms=0.748875 paused=false
PRESENT CADENCE frame=6354 interval_ms=20.247917 paused=false
PRESENT CADENCE frame=6355 interval_ms=0.262708 paused=false
PRESENT CADENCE frame=6356 interval_ms=20.494875 paused=false
PRESENT CADENCE frame=6357 interval_ms=0.223750 paused=false
PRESENT CADENCE frame=6358 interval_ms=20.630458 paused=false
PRESENT CADENCE frame=6359 interval_ms=0.260000 paused=false
PRESENT CADENCE frame=6360 interval_ms=20.435000 paused=false
PRESENT CADENCE frame=6361 interval_ms=0.283875 paused=false
PRESENT CADENCE frame=6362 interval_ms=20.789584 paused=false
PRESENT CADENCE frame=6363 interval_ms=0.283333 paused=false
PRESENT CADENCE frame=6364 interval_ms=17.661125 paused=false
PRESENT CADENCE frame=6365 interval_ms=0.266000 paused=false
PRESENT CADENCE frame=6366 interval_ms=23.010500 paused=false
PRESENT CADENCE frame=6367 interval_ms=0.221333 paused=false
PRESENT CADENCE frame=6368 interval_ms=21.397959 paused=false
PRESENT CADENCE frame=6369 interval_ms=0.341416 paused=false
PRESENT CADENCE frame=6370 interval_ms=21.798084 paused=false
PRESENT CADENCE frame=6371 interval_ms=0.231416 paused=false
PRESENT CADENCE frame=6372 interval_ms=19.942667 paused=false
PRESENT CADENCE frame=6373 interval_ms=0.317750 paused=false
PRESENT CADENCE frame=6374 interval_ms=19.113750 paused=false
PRESENT CADENCE frame=6375 interval_ms=0.341583 paused=false
PRESENT CADENCE frame=6376 interval_ms=20.610750 paused=false
PRESENT CADENCE frame=6377 interval_ms=0.439417 paused=false
PRESENT CADENCE frame=6378 interval_ms=20.552542 paused=false
PRESENT CADENCE frame=6379 interval_ms=0.217583 paused=false
PRESENT CADENCE frame=6380 interval_ms=20.417000 paused=false
PRESENT CADENCE frame=6381 interval_ms=0.200792 paused=false
PRESENT CADENCE frame=6382 interval_ms=17.961416 paused=false
PRESENT CADENCE frame=6383 interval_ms=0.399834 paused=false
PRESENT CADENCE frame=6384 interval_ms=21.548791 paused=false
PRESENT CADENCE frame=6385 interval_ms=0.256500 paused=false
PRESENT CADENCE frame=6386 interval_ms=22.061542 paused=false
PRESENT CADENCE frame=6387 interval_ms=0.333833 paused=false
PRESENT CADENCE frame=6388 interval_ms=20.869292 paused=false
PRESENT CADENCE frame=6389 interval_ms=0.243333 paused=false
PRESENT CADENCE frame=6390 interval_ms=19.788500 paused=false
PRESENT CADENCE frame=6391 interval_ms=0.195209 paused=false
PRESENT CADENCE frame=6392 interval_ms=18.095333 paused=false
FULL MODEL WORKER work_ms=2148.117 physics_ms=1240.011 mesh_ms=410.420 partition_ms=27.961 streams_ms=469.724
FULL MODEL CPU UPLOAD stage_ms=37.800
PRESENT CADENCE frame=6393 interval_ms=38.284875 paused=false
PRESENT CADENCE frame=6394 interval_ms=1.674833 paused=false
PRESENT CADENCE frame=6395 interval_ms=13.282750 paused=false
PRESENT CADENCE frame=6396 interval_ms=0.332000 paused=false
PRESENT CADENCE frame=6397 interval_ms=18.897375 paused=false
PRESENT CADENCE frame=6398 interval_ms=0.356667 paused=false
PRESENT CADENCE frame=6399 interval_ms=16.472375 paused=false
PRESENT CADENCE frame=6400 interval_ms=0.436875 paused=false
PRESENT CADENCE frame=6401 interval_ms=19.712542 paused=false
PRESENT CADENCE frame=6402 interval_ms=0.315500 paused=false
PRESENT CADENCE frame=6403 interval_ms=16.921708 paused=false
PRESENT CADENCE frame=6404 interval_ms=0.224792 paused=false
PRESENT CADENCE frame=6405 interval_ms=21.725875 paused=false
PRESENT CADENCE frame=6406 interval_ms=0.210375 paused=false
PRESENT CADENCE frame=6407 interval_ms=21.917333 paused=false
PRESENT CADENCE frame=6408 interval_ms=0.254417 paused=false
PRESENT CADENCE frame=6409 interval_ms=18.775708 paused=false
PRESENT CADENCE frame=6410 interval_ms=0.475625 paused=false
PRESENT CADENCE frame=6411 interval_ms=19.836708 paused=false
PRESENT CADENCE frame=6412 interval_ms=0.216709 paused=false
PRESENT CADENCE frame=6413 interval_ms=19.770416 paused=false
PRESENT CADENCE frame=6414 interval_ms=0.216125 paused=false
PRESENT CADENCE frame=6415 interval_ms=21.897834 paused=false
PRESENT CADENCE frame=6416 interval_ms=0.341750 paused=false
PRESENT CADENCE frame=6417 interval_ms=18.893708 paused=false
PRESENT CADENCE frame=6418 interval_ms=0.293583 paused=false
PRESENT CADENCE frame=6419 interval_ms=17.939000 paused=false
PRESENT CADENCE frame=6420 interval_ms=0.437459 paused=false
PRESENT CADENCE frame=6421 interval_ms=21.769625 paused=false
PRESENT CADENCE frame=6422 interval_ms=0.483416 paused=false
PRESENT CADENCE frame=6423 interval_ms=18.709750 paused=false
PRESENT CADENCE frame=6424 interval_ms=0.417750 paused=false
PRESENT CADENCE frame=6425 interval_ms=17.343959 paused=false
PRESENT CADENCE frame=6426 interval_ms=0.237333 paused=false
PRESENT CADENCE frame=6427 interval_ms=24.005917 paused=false
PRESENT CADENCE frame=6428 interval_ms=0.282875 paused=false
PRESENT CADENCE frame=6429 interval_ms=14.185208 paused=false
PRESENT CADENCE frame=6430 interval_ms=0.350875 paused=false
PRESENT CADENCE frame=6431 interval_ms=21.814250 paused=false
PRESENT CADENCE frame=6432 interval_ms=0.249625 paused=false
PRESENT CADENCE frame=6433 interval_ms=20.119208 paused=false
PRESENT CADENCE frame=6434 interval_ms=0.281459 paused=false
PRESENT CADENCE frame=6435 interval_ms=24.405833 paused=false
PRESENT CADENCE frame=6436 interval_ms=0.251333 paused=false
PRESENT CADENCE frame=6437 interval_ms=21.280792 paused=false
PRESENT CADENCE frame=6438 interval_ms=0.416667 paused=false
PRESENT CADENCE frame=6439 interval_ms=22.805375 paused=false
PRESENT CADENCE frame=6440 interval_ms=0.244833 paused=false
PRESENT CADENCE frame=6441 interval_ms=20.155167 paused=false
PRESENT CADENCE frame=6442 interval_ms=0.251125 paused=false
PRESENT CADENCE frame=6443 interval_ms=18.166208 paused=false
PRESENT CADENCE frame=6444 interval_ms=0.255583 paused=false
PRESENT CADENCE frame=6445 interval_ms=23.173667 paused=false
PRESENT CADENCE frame=6446 interval_ms=0.229000 paused=false
PRESENT CADENCE frame=6447 interval_ms=19.254167 paused=false
PRESENT CADENCE frame=6448 interval_ms=0.672666 paused=false
PRESENT CADENCE frame=6449 interval_ms=19.599625 paused=false
PRESENT CADENCE frame=6450 interval_ms=0.255709 paused=false
PRESENT CADENCE frame=6451 interval_ms=20.486875 paused=false
PRESENT CADENCE frame=6452 interval_ms=0.251416 paused=false
PRESENT CADENCE frame=6453 interval_ms=18.199750 paused=false
PRESENT CADENCE frame=6454 interval_ms=0.428834 paused=false
PRESENT CADENCE frame=6455 interval_ms=18.088541 paused=false
PRESENT CADENCE frame=6456 interval_ms=0.698084 paused=false
PRESENT CADENCE frame=6457 interval_ms=17.803958 paused=false
PRESENT CADENCE frame=6458 interval_ms=0.262708 paused=false
PRESENT CADENCE frame=6459 interval_ms=22.722042 paused=false
PRESENT CADENCE frame=6460 interval_ms=0.247917 paused=false
PRESENT CADENCE frame=6461 interval_ms=19.859958 paused=false
PRESENT CADENCE frame=6462 interval_ms=0.408625 paused=false
PRESENT CADENCE frame=6463 interval_ms=19.076542 paused=false
PRESENT CADENCE frame=6464 interval_ms=0.427375 paused=false
PRESENT CADENCE frame=6465 interval_ms=22.745666 paused=false
PRESENT CADENCE frame=6466 interval_ms=0.237959 paused=false
PRESENT CADENCE frame=6467 interval_ms=21.321416 paused=false
PRESENT CADENCE frame=6468 interval_ms=0.247584 paused=false
PRESENT CADENCE frame=6469 interval_ms=20.584041 paused=false
PRESENT CADENCE frame=6470 interval_ms=0.261417 paused=false
PRESENT CADENCE frame=6471 interval_ms=21.536667 paused=false
PRESENT CADENCE frame=6472 interval_ms=0.420750 paused=false
PRESENT CADENCE frame=6473 interval_ms=25.215208 paused=false
PRESENT CADENCE frame=6474 interval_ms=0.338417 paused=false
PRESENT CADENCE frame=6475 interval_ms=16.458833 paused=false
PRESENT CADENCE frame=6476 interval_ms=0.292042 paused=false
PRESENT CADENCE frame=6477 interval_ms=20.482250 paused=false
PRESENT CADENCE frame=6478 interval_ms=0.259750 paused=false
PRESENT CADENCE frame=6479 interval_ms=20.491541 paused=false
PRESENT CADENCE frame=6480 interval_ms=0.385375 paused=false
PRESENT CADENCE frame=6481 interval_ms=19.714500 paused=false
PRESENT CADENCE frame=6482 interval_ms=0.400125 paused=false
PRESENT CADENCE frame=6483 interval_ms=14.639959 paused=false
PRESENT CADENCE frame=6484 interval_ms=0.230333 paused=false
PRESENT CADENCE frame=6485 interval_ms=19.779000 paused=false
PRESENT CADENCE frame=6486 interval_ms=0.485500 paused=false
PRESENT CADENCE frame=6487 interval_ms=19.200500 paused=false
PRESENT CADENCE frame=6488 interval_ms=0.254875 paused=false
PRESENT CADENCE frame=6489 interval_ms=19.969250 paused=false
PRESENT CADENCE frame=6490 interval_ms=0.262958 paused=false
PRESENT CADENCE frame=6491 interval_ms=21.160667 paused=false
PRESENT CADENCE frame=6492 interval_ms=0.299042 paused=false
PRESENT CADENCE frame=6493 interval_ms=18.487625 paused=false
PRESENT CADENCE frame=6494 interval_ms=0.266208 paused=false
PRESENT CADENCE frame=6495 interval_ms=23.554083 paused=false
PRESENT CADENCE frame=6496 interval_ms=0.376500 paused=false
PRESENT CADENCE frame=6497 interval_ms=17.407500 paused=false
PRESENT CADENCE frame=6498 interval_ms=0.357500 paused=false
PRESENT CADENCE frame=6499 interval_ms=22.136875 paused=false
PRESENT CADENCE frame=6500 interval_ms=0.255959 paused=false
PRESENT CADENCE frame=6501 interval_ms=22.010916 paused=false
PRESENT CADENCE frame=6502 interval_ms=0.231334 paused=false
PRESENT CADENCE frame=6503 interval_ms=21.342000 paused=false
PRESENT CADENCE frame=6504 interval_ms=0.471583 paused=false
PRESENT CADENCE frame=6505 interval_ms=22.637083 paused=false
PRESENT CADENCE frame=6506 interval_ms=0.220292 paused=false
PRESENT CADENCE frame=6507 interval_ms=20.891083 paused=false
PRESENT CADENCE frame=6508 interval_ms=0.380625 paused=false
PRESENT CADENCE frame=6509 interval_ms=20.238917 paused=false
PRESENT CADENCE frame=6510 interval_ms=0.233333 paused=false
PRESENT CADENCE frame=6511 interval_ms=20.018417 paused=false
PRESENT CADENCE frame=6512 interval_ms=0.265625 paused=false
PRESENT CADENCE frame=6513 interval_ms=21.142083 paused=false
PRESENT CADENCE frame=6514 interval_ms=0.302292 paused=false
PRESENT CADENCE frame=6515 interval_ms=17.589583 paused=false
PRESENT CADENCE frame=6516 interval_ms=0.303542 paused=false
PRESENT CADENCE frame=6517 interval_ms=21.979167 paused=false
PRESENT CADENCE frame=6518 interval_ms=0.309916 paused=false
PRESENT CADENCE frame=6519 interval_ms=22.193834 paused=false
PRESENT CADENCE frame=6520 interval_ms=0.248291 paused=false
PRESENT CADENCE frame=6521 interval_ms=21.902792 paused=false
PRESENT CADENCE frame=6522 interval_ms=0.332542 paused=false
PRESENT CADENCE frame=6523 interval_ms=21.557750 paused=false
PRESENT CADENCE frame=6524 interval_ms=0.239041 paused=false
PRESENT CADENCE frame=6525 interval_ms=20.319000 paused=false
PRESENT CADENCE frame=6526 interval_ms=0.229500 paused=false
PRESENT CADENCE frame=6527 interval_ms=22.558334 paused=false
PRESENT CADENCE frame=6528 interval_ms=0.239125 paused=false
PRESENT CADENCE frame=6529 interval_ms=20.332208 paused=false
PRESENT CADENCE frame=6530 interval_ms=0.404708 paused=false
PRESENT CADENCE frame=6531 interval_ms=20.837709 paused=false
PRESENT CADENCE frame=6532 interval_ms=1.203833 paused=false
PRESENT CADENCE frame=6533 interval_ms=17.114958 paused=false
PRESENT CADENCE frame=6534 interval_ms=0.341459 paused=false
PRESENT CADENCE frame=6535 interval_ms=22.122208 paused=false
PRESENT CADENCE frame=6536 interval_ms=0.212708 paused=false
PRESENT CADENCE frame=6537 interval_ms=22.503375 paused=false
PRESENT CADENCE frame=6538 interval_ms=0.290125 paused=false
PRESENT CADENCE frame=6539 interval_ms=22.226709 paused=false
PRESENT CADENCE frame=6540 interval_ms=0.241958 paused=false
PRESENT CADENCE frame=6541 interval_ms=20.408000 paused=false
PRESENT CADENCE frame=6542 interval_ms=0.419917 paused=false
PRESENT CADENCE frame=6543 interval_ms=20.327208 paused=false
PRESENT CADENCE frame=6544 interval_ms=0.329083 paused=false
PRESENT CADENCE frame=6545 interval_ms=22.500875 paused=false
PRESENT CADENCE frame=6546 interval_ms=0.318959 paused=false
PRESENT CADENCE frame=6547 interval_ms=20.393000 paused=false
PRESENT CADENCE frame=6548 interval_ms=0.281875 paused=false
PRESENT CADENCE frame=6549 interval_ms=19.836208 paused=false
PRESENT CADENCE frame=6550 interval_ms=0.214458 paused=false
PRESENT CADENCE frame=6551 interval_ms=22.634084 paused=false
PRESENT CADENCE frame=6552 interval_ms=0.420333 paused=false
PRESENT CADENCE frame=6553 interval_ms=19.202292 paused=false
PRESENT CADENCE frame=6554 interval_ms=0.372875 paused=false
PRESENT CADENCE frame=6555 interval_ms=23.371666 paused=false
PRESENT CADENCE frame=6556 interval_ms=0.242625 paused=false
PRESENT CADENCE frame=6557 interval_ms=22.633542 paused=false
PRESENT CADENCE frame=6558 interval_ms=0.207917 paused=false
PRESENT CADENCE frame=6559 interval_ms=21.045666 paused=false
PRESENT CADENCE frame=6560 interval_ms=0.467875 paused=false
PRESENT CADENCE frame=6561 interval_ms=20.792042 paused=false
PRESENT CADENCE frame=6562 interval_ms=0.243500 paused=false
PRESENT CADENCE frame=6563 interval_ms=19.881708 paused=false
FULL MODEL WORKER work_ms=1808.921 physics_ms=903.413 mesh_ms=404.977 partition_ms=26.998 streams_ms=473.532
FULL MODEL CPU UPLOAD stage_ms=70.455
PRESENT CADENCE frame=6564 interval_ms=71.084667 paused=false
PRESENT CADENCE frame=6565 interval_ms=1.943875 paused=false
PRESENT CADENCE frame=6566 interval_ms=21.775333 paused=false
PRESENT CADENCE frame=6567 interval_ms=0.503417 paused=false
PRESENT CADENCE frame=6568 interval_ms=23.995125 paused=false
PRESENT CADENCE frame=6569 interval_ms=0.306208 paused=false
PRESENT CADENCE frame=6570 interval_ms=21.428709 paused=false
PRESENT CADENCE frame=6571 interval_ms=0.241250 paused=false
PRESENT CADENCE frame=6572 interval_ms=20.198000 paused=false
PRESENT CADENCE frame=6573 interval_ms=0.284125 paused=false
PRESENT CADENCE frame=6574 interval_ms=21.544083 paused=false
PRESENT CADENCE frame=6575 interval_ms=0.322333 paused=false
PRESENT CADENCE frame=6576 interval_ms=21.524250 paused=false
PRESENT CADENCE frame=6577 interval_ms=0.438209 paused=false
PRESENT CADENCE frame=6578 interval_ms=22.098166 paused=false
PRESENT CADENCE frame=6579 interval_ms=0.260584 paused=false
PRESENT CADENCE frame=6580 interval_ms=20.921833 paused=false
PRESENT CADENCE frame=6581 interval_ms=0.372542 paused=false
PRESENT CADENCE frame=6582 interval_ms=20.595625 paused=false
PRESENT CADENCE frame=6583 interval_ms=0.295500 paused=false
PRESENT CADENCE frame=6584 interval_ms=15.278000 paused=false
PRESENT CADENCE frame=6585 interval_ms=0.279666 paused=false
PRESENT CADENCE frame=6586 interval_ms=19.551000 paused=false
PRESENT CADENCE frame=6587 interval_ms=0.212459 paused=false
PRESENT CADENCE frame=6588 interval_ms=19.391625 paused=false
PRESENT CADENCE frame=6589 interval_ms=0.246916 paused=false
PRESENT CADENCE frame=6590 interval_ms=22.888292 paused=false
PRESENT CADENCE frame=6591 interval_ms=0.311917 paused=false
PRESENT CADENCE frame=6592 interval_ms=21.244958 paused=false
PRESENT CADENCE frame=6593 interval_ms=0.243875 paused=false
PRESENT CADENCE frame=6594 interval_ms=20.817167 paused=false
PRESENT CADENCE frame=6595 interval_ms=0.306541 paused=false
PRESENT CADENCE frame=6596 interval_ms=15.819042 paused=false
PRESENT CADENCE frame=6597 interval_ms=0.435083 paused=false
PRESENT CADENCE frame=6598 interval_ms=19.864792 paused=false
PRESENT CADENCE frame=6599 interval_ms=0.301458 paused=false
PRESENT CADENCE frame=6600 interval_ms=20.322167 paused=false
PRESENT CADENCE frame=6601 interval_ms=0.374458 paused=false
PRESENT CADENCE frame=6602 interval_ms=19.424584 paused=false
PRESENT CADENCE frame=6603 interval_ms=0.336875 paused=false
PRESENT CADENCE frame=6604 interval_ms=20.043125 paused=false
PRESENT CADENCE frame=6605 interval_ms=0.303541 paused=false
PRESENT CADENCE frame=6606 interval_ms=19.493667 paused=false
PRESENT CADENCE frame=6607 interval_ms=0.242625 paused=false
PRESENT CADENCE frame=6608 interval_ms=14.911917 paused=false
PRESENT CADENCE frame=6609 interval_ms=0.266458 paused=false
PRESENT CADENCE frame=6610 interval_ms=22.553833 paused=false
PRESENT CADENCE frame=6611 interval_ms=0.245750 paused=false
PRESENT CADENCE frame=6612 interval_ms=21.545500 paused=false
PRESENT CADENCE frame=6613 interval_ms=0.343000 paused=false
PRESENT CADENCE frame=6614 interval_ms=20.866292 paused=false
PRESENT CADENCE frame=6615 interval_ms=0.406917 paused=false
PRESENT CADENCE frame=6616 interval_ms=21.188541 paused=false
PRESENT CADENCE frame=6617 interval_ms=0.611500 paused=false
PRESENT CADENCE frame=6618 interval_ms=19.243750 paused=false
PRESENT CADENCE frame=6619 interval_ms=0.247125 paused=false
PRESENT CADENCE frame=6620 interval_ms=20.079167 paused=false
PRESENT CADENCE frame=6621 interval_ms=0.650500 paused=false
PRESENT CADENCE frame=6622 interval_ms=20.385250 paused=false
PRESENT CADENCE frame=6623 interval_ms=0.669333 paused=false
PRESENT CADENCE frame=6624 interval_ms=19.299167 paused=false
PRESENT CADENCE frame=6625 interval_ms=0.436417 paused=false
PRESENT CADENCE frame=6626 interval_ms=19.363750 paused=false
PRESENT CADENCE frame=6627 interval_ms=0.351708 paused=false
PRESENT CADENCE frame=6628 interval_ms=21.416583 paused=false
PRESENT CADENCE frame=6629 interval_ms=0.459959 paused=false
PRESENT CADENCE frame=6630 interval_ms=21.709416 paused=false
PRESENT CADENCE frame=6631 interval_ms=0.437792 paused=false
PRESENT CADENCE frame=6632 interval_ms=21.658208 paused=false
PRESENT CADENCE frame=6633 interval_ms=0.450000 paused=false
PRESENT CADENCE frame=6634 interval_ms=21.515542 paused=false
PRESENT CADENCE frame=6635 interval_ms=0.582500 paused=false
PRESENT CADENCE frame=6636 interval_ms=19.850458 paused=false
PRESENT CADENCE frame=6637 interval_ms=0.420292 paused=false
PRESENT CADENCE frame=6638 interval_ms=20.050792 paused=false
PRESENT CADENCE frame=6639 interval_ms=0.432666 paused=false
PRESENT CADENCE frame=6640 interval_ms=20.850709 paused=false
PRESENT CADENCE frame=6641 interval_ms=0.419541 paused=false
PRESENT CADENCE frame=6642 interval_ms=19.250792 paused=false
PRESENT CADENCE frame=6643 interval_ms=0.573708 paused=false
PRESENT CADENCE frame=6644 interval_ms=19.473750 paused=false
PRESENT CADENCE frame=6645 interval_ms=0.490750 paused=false
PRESENT CADENCE frame=6646 interval_ms=19.932125 paused=false
PRESENT CADENCE frame=6647 interval_ms=0.396917 paused=false
PRESENT CADENCE frame=6648 interval_ms=19.101333 paused=false
PRESENT CADENCE frame=6649 interval_ms=0.458750 paused=false
PRESENT CADENCE frame=6650 interval_ms=19.935125 paused=false
PRESENT CADENCE frame=6651 interval_ms=0.495917 paused=false
PRESENT CADENCE frame=6652 interval_ms=22.280125 paused=false
PRESENT CADENCE frame=6653 interval_ms=2.058542 paused=false
PRESENT CADENCE frame=6654 interval_ms=20.051333 paused=false
PRESENT CADENCE frame=6655 interval_ms=0.622000 paused=false
PRESENT CADENCE frame=6656 interval_ms=20.850625 paused=false
PRESENT CADENCE frame=6657 interval_ms=0.437583 paused=false
PRESENT CADENCE frame=6658 interval_ms=21.521584 paused=false
PRESENT CADENCE frame=6659 interval_ms=0.644333 paused=false
PRESENT CADENCE frame=6660 interval_ms=19.318583 paused=false
PRESENT CADENCE frame=6661 interval_ms=0.367792 paused=false
PRESENT CADENCE frame=6662 interval_ms=19.926458 paused=false
PRESENT CADENCE frame=6663 interval_ms=0.461250 paused=false
PRESENT CADENCE frame=6664 interval_ms=20.955209 paused=false
PRESENT CADENCE frame=6665 interval_ms=0.485625 paused=false
PRESENT CADENCE frame=6666 interval_ms=20.484166 paused=false
PRESENT CADENCE frame=6667 interval_ms=0.428375 paused=false
PRESENT CADENCE frame=6668 interval_ms=16.665084 paused=false
PRESENT CADENCE frame=6669 interval_ms=4.036916 paused=false
PRESENT CADENCE frame=6670 interval_ms=17.233084 paused=false
PRESENT CADENCE frame=6671 interval_ms=0.372375 paused=false
PRESENT CADENCE frame=6672 interval_ms=20.964125 paused=false
PRESENT CADENCE frame=6673 interval_ms=0.398125 paused=false
PRESENT CADENCE frame=6674 interval_ms=21.082666 paused=false
PRESENT CADENCE frame=6675 interval_ms=0.427959 paused=false
PRESENT CADENCE frame=6676 interval_ms=19.912583 paused=false
PRESENT CADENCE frame=6677 interval_ms=0.451875 paused=false
PRESENT CADENCE frame=6678 interval_ms=17.926292 paused=false
PRESENT CADENCE frame=6679 interval_ms=0.413291 paused=false
PRESENT CADENCE frame=6680 interval_ms=21.272084 paused=false
PRESENT CADENCE frame=6681 interval_ms=0.396541 paused=false
PRESENT CADENCE frame=6682 interval_ms=16.015334 paused=false
PRESENT CADENCE frame=6683 interval_ms=0.448125 paused=false
PRESENT CADENCE frame=6684 interval_ms=19.808916 paused=false
PRESENT CADENCE frame=6685 interval_ms=0.394959 paused=false
PRESENT CADENCE frame=6686 interval_ms=17.843791 paused=false
PRESENT CADENCE frame=6687 interval_ms=0.558125 paused=false
PRESENT CADENCE frame=6688 interval_ms=18.616875 paused=false
PRESENT CADENCE frame=6689 interval_ms=0.364584 paused=false
PRESENT CADENCE frame=6690 interval_ms=17.514708 paused=false
PRESENT CADENCE frame=6691 interval_ms=0.630792 paused=false
PRESENT CADENCE frame=6692 interval_ms=19.739083 paused=false
PRESENT CADENCE frame=6693 interval_ms=0.446167 paused=false
PRESENT CADENCE frame=6694 interval_ms=20.427958 paused=false
PRESENT CADENCE frame=6695 interval_ms=0.533458 paused=false
PRESENT CADENCE frame=6696 interval_ms=17.521125 paused=false
PRESENT CADENCE frame=6697 interval_ms=0.429750 paused=false
PRESENT CADENCE frame=6698 interval_ms=23.309917 paused=false
PRESENT CADENCE frame=6699 interval_ms=0.579750 paused=false
PRESENT CADENCE frame=6700 interval_ms=19.560500 paused=false
PRESENT CADENCE frame=6701 interval_ms=0.505375 paused=false
PRESENT CADENCE frame=6702 interval_ms=21.153250 paused=false
PRESENT CADENCE frame=6703 interval_ms=0.609208 paused=false
PRESENT CADENCE frame=6704 interval_ms=20.454834 paused=false
PRESENT CADENCE frame=6705 interval_ms=0.629333 paused=false
PRESENT CADENCE frame=6706 interval_ms=21.093875 paused=false
PRESENT CADENCE frame=6707 interval_ms=0.413542 paused=false
PRESENT CADENCE frame=6708 interval_ms=22.729750 paused=false
PRESENT CADENCE frame=6709 interval_ms=0.550458 paused=false
PRESENT CADENCE frame=6710 interval_ms=23.100167 paused=false
PRESENT CADENCE frame=6711 interval_ms=0.456416 paused=false
PRESENT CADENCE frame=6712 interval_ms=21.970042 paused=false
PRESENT CADENCE frame=6713 interval_ms=0.418583 paused=false
PRESENT CADENCE frame=6714 interval_ms=21.933542 paused=false
PRESENT CADENCE frame=6715 interval_ms=0.591667 paused=false
PRESENT CADENCE frame=6716 interval_ms=21.465833 paused=false
PRESENT CADENCE frame=6717 interval_ms=0.454417 paused=false
PRESENT CADENCE frame=6718 interval_ms=20.895125 paused=false
PRESENT CADENCE frame=6719 interval_ms=0.406083 paused=false
PRESENT CADENCE frame=6720 interval_ms=17.738375 paused=false
PRESENT CADENCE frame=6721 interval_ms=0.425625 paused=false
PRESENT CADENCE frame=6722 interval_ms=22.972333 paused=false
PRESENT CADENCE frame=6723 interval_ms=0.458917 paused=false
PRESENT CADENCE frame=6724 interval_ms=20.794750 paused=false
PRESENT CADENCE frame=6725 interval_ms=0.541917 paused=false
PRESENT CADENCE frame=6726 interval_ms=23.135541 paused=false
PRESENT CADENCE frame=6727 interval_ms=0.431167 paused=false
PRESENT CADENCE frame=6728 interval_ms=21.646500 paused=false
PRESENT CADENCE frame=6729 interval_ms=0.473625 paused=false
PRESENT CADENCE frame=6730 interval_ms=21.614208 paused=false
PRESENT CADENCE frame=6731 interval_ms=0.484459 paused=false
PRESENT CADENCE frame=6732 interval_ms=19.490666 paused=false
PRESENT CADENCE frame=6733 interval_ms=0.439875 paused=false
PRESENT CADENCE frame=6734 interval_ms=21.066500 paused=false
PRESENT CADENCE frame=6735 interval_ms=0.378042 paused=false
PRESENT CADENCE frame=6736 interval_ms=20.358625 paused=false
PRESENT CADENCE frame=6737 interval_ms=0.363500 paused=false
PRESENT CADENCE frame=6738 interval_ms=20.648708 paused=false
PRESENT CADENCE frame=6739 interval_ms=0.364125 paused=false
PRESENT CADENCE frame=6740 interval_ms=22.012209 paused=false
PRESENT CADENCE frame=6741 interval_ms=0.456333 paused=false
PRESENT CADENCE frame=6742 interval_ms=20.226458 paused=false
PRESENT CADENCE frame=6743 interval_ms=0.474125 paused=false
PRESENT CADENCE frame=6744 interval_ms=18.685125 paused=false
PRESENT CADENCE frame=6745 interval_ms=0.444167 paused=false
PRESENT CADENCE frame=6746 interval_ms=20.380750 paused=false
FULL MODEL WORKER work_ms=1950.897 physics_ms=1005.003 mesh_ms=427.638 partition_ms=27.774 streams_ms=490.482
FULL MODEL CPU UPLOAD stage_ms=43.332
PRESENT CADENCE frame=6747 interval_ms=44.042167 paused=false
PRESENT CADENCE frame=6748 interval_ms=2.567041 paused=false
PRESENT CADENCE frame=6749 interval_ms=10.527042 paused=false
PRESENT CADENCE frame=6750 interval_ms=0.343167 paused=false
PRESENT CADENCE frame=6751 interval_ms=21.369958 paused=false
PRESENT CADENCE frame=6752 interval_ms=0.391625 paused=false
PRESENT CADENCE frame=6753 interval_ms=20.893917 paused=false
PRESENT CADENCE frame=6754 interval_ms=0.565208 paused=false
PRESENT CADENCE frame=6755 interval_ms=20.339667 paused=false
PRESENT CADENCE frame=6756 interval_ms=0.433458 paused=false
PRESENT CADENCE frame=6757 interval_ms=14.732125 paused=false
PRESENT CADENCE frame=6758 interval_ms=0.365542 paused=false
PRESENT CADENCE frame=6759 interval_ms=19.954791 paused=false
PRESENT CADENCE frame=6760 interval_ms=0.425709 paused=false
PRESENT CADENCE frame=6761 interval_ms=19.790875 paused=false
PRESENT CADENCE frame=6762 interval_ms=0.402708 paused=false
PRESENT CADENCE frame=6763 interval_ms=15.837042 paused=false
PRESENT CADENCE frame=6764 interval_ms=0.368958 paused=false
PRESENT CADENCE frame=6765 interval_ms=13.534417 paused=false
PRESENT CADENCE frame=6766 interval_ms=0.388083 paused=false
PRESENT CADENCE frame=6767 interval_ms=20.596375 paused=false
PRESENT CADENCE frame=6768 interval_ms=0.595833 paused=false
PRESENT CADENCE frame=6769 interval_ms=19.800792 paused=false
PRESENT CADENCE frame=6770 interval_ms=0.538792 paused=false
PRESENT CADENCE frame=6771 interval_ms=19.116166 paused=false
PRESENT CADENCE frame=6772 interval_ms=0.405459 paused=false
PRESENT CADENCE frame=6773 interval_ms=19.950458 paused=false
PRESENT CADENCE frame=6774 interval_ms=0.420917 paused=false
PRESENT CADENCE frame=6775 interval_ms=19.643291 paused=false
PRESENT CADENCE frame=6776 interval_ms=0.355542 paused=false
PRESENT CADENCE frame=6777 interval_ms=19.269750 paused=false
PRESENT CADENCE frame=6778 interval_ms=0.456583 paused=false
PRESENT CADENCE frame=6779 interval_ms=19.804250 paused=false
PRESENT CADENCE frame=6780 interval_ms=0.426834 paused=false
PRESENT CADENCE frame=6781 interval_ms=19.544333 paused=false
PRESENT CADENCE frame=6782 interval_ms=0.420417 paused=false
PRESENT CADENCE frame=6783 interval_ms=16.070333 paused=false
PRESENT CADENCE frame=6784 interval_ms=0.363500 paused=false
PRESENT CADENCE frame=6785 interval_ms=21.611417 paused=false
PRESENT CADENCE frame=6786 interval_ms=0.538916 paused=false
PRESENT CADENCE frame=6787 interval_ms=21.722292 paused=false
PRESENT CADENCE frame=6788 interval_ms=0.425292 paused=false
PRESENT CADENCE frame=6789 interval_ms=21.907541 paused=false
PRESENT CADENCE frame=6790 interval_ms=0.453667 paused=false
PRESENT CADENCE frame=6791 interval_ms=20.228083 paused=false
PRESENT CADENCE frame=6792 interval_ms=0.478375 paused=false
PRESENT CADENCE frame=6793 interval_ms=19.173250 paused=false
PRESENT CADENCE frame=6794 interval_ms=0.443917 paused=false
PRESENT CADENCE frame=6795 interval_ms=19.541292 paused=false
PRESENT CADENCE frame=6796 interval_ms=0.563958 paused=false
PRESENT CADENCE frame=6797 interval_ms=17.939750 paused=false
PRESENT CADENCE frame=6798 interval_ms=0.428917 paused=false
PRESENT CADENCE frame=6799 interval_ms=19.541916 paused=false
PRESENT CADENCE frame=6800 interval_ms=0.674875 paused=false
PRESENT CADENCE frame=6801 interval_ms=16.337875 paused=false
PRESENT CADENCE frame=6802 interval_ms=0.241584 paused=false
PRESENT CADENCE frame=6803 interval_ms=21.273416 paused=false
PRESENT CADENCE frame=6804 interval_ms=0.312792 paused=false
PRESENT CADENCE frame=6805 interval_ms=22.387333 paused=false
PRESENT CADENCE frame=6806 interval_ms=0.759375 paused=false
PRESENT CADENCE frame=6807 interval_ms=20.875542 paused=false
PRESENT CADENCE frame=6808 interval_ms=0.269792 paused=false
PRESENT CADENCE frame=6809 interval_ms=22.095125 paused=false
PRESENT CADENCE frame=6810 interval_ms=0.285458 paused=false
PRESENT CADENCE frame=6811 interval_ms=21.022167 paused=false
PRESENT CADENCE frame=6812 interval_ms=0.364000 paused=false
PRESENT CADENCE frame=6813 interval_ms=19.877541 paused=false
PRESENT CADENCE frame=6814 interval_ms=0.306042 paused=false
PRESENT CADENCE frame=6815 interval_ms=20.700625 paused=false
PRESENT CADENCE frame=6816 interval_ms=0.387208 paused=false
PRESENT CADENCE frame=6817 interval_ms=19.374792 paused=false
PRESENT CADENCE frame=6818 interval_ms=0.217333 paused=false
PRESENT CADENCE frame=6819 interval_ms=17.141334 paused=false
PRESENT CADENCE frame=6820 interval_ms=0.293125 paused=false
PRESENT CADENCE frame=6821 interval_ms=21.530500 paused=false
PRESENT CADENCE frame=6822 interval_ms=0.285541 paused=false
PRESENT CADENCE frame=6823 interval_ms=22.070709 paused=false
PRESENT CADENCE frame=6824 interval_ms=0.248916 paused=false
PRESENT CADENCE frame=6825 interval_ms=22.495500 paused=false
PRESENT CADENCE frame=6826 interval_ms=0.247917 paused=false
PRESENT CADENCE frame=6827 interval_ms=20.983833 paused=false
PRESENT CADENCE frame=6828 interval_ms=0.419709 paused=false
PRESENT CADENCE frame=6829 interval_ms=15.916541 paused=false
PRESENT CADENCE frame=6830 interval_ms=0.389250 paused=false
PRESENT CADENCE frame=6831 interval_ms=20.323875 paused=false
PRESENT CADENCE frame=6832 interval_ms=0.305292 paused=false
PRESENT CADENCE frame=6833 interval_ms=19.665167 paused=false
PRESENT CADENCE frame=6834 interval_ms=0.259416 paused=false
PRESENT CADENCE frame=6835 interval_ms=20.545000 paused=false
PRESENT CADENCE frame=6836 interval_ms=0.265084 paused=false
PRESENT CADENCE frame=6837 interval_ms=13.829041 paused=false
PRESENT CADENCE frame=6838 interval_ms=0.353250 paused=false
PRESENT CADENCE frame=6839 interval_ms=20.946709 paused=false
PRESENT CADENCE frame=6840 interval_ms=0.236958 paused=false
PRESENT CADENCE frame=6841 interval_ms=21.197083 paused=false
PRESENT CADENCE frame=6842 interval_ms=0.251417 paused=false
PRESENT CADENCE frame=6843 interval_ms=21.469583 paused=false
PRESENT CADENCE frame=6844 interval_ms=0.335209 paused=false
PRESENT CADENCE frame=6845 interval_ms=20.378625 paused=false
PRESENT CADENCE frame=6846 interval_ms=0.248958 paused=false
PRESENT CADENCE frame=6847 interval_ms=20.976333 paused=false
PRESENT CADENCE frame=6848 interval_ms=0.280875 paused=false
PRESENT CADENCE frame=6849 interval_ms=16.703500 paused=false
PRESENT CADENCE frame=6850 interval_ms=0.320834 paused=false
PRESENT CADENCE frame=6851 interval_ms=21.201958 paused=false
PRESENT CADENCE frame=6852 interval_ms=0.219333 paused=false
PRESENT CADENCE frame=6853 interval_ms=20.918959 paused=false
PRESENT CADENCE frame=6854 interval_ms=0.236125 paused=false
PRESENT CADENCE frame=6855 interval_ms=20.564666 paused=false
PRESENT CADENCE frame=6856 interval_ms=0.452209 paused=false
PRESENT CADENCE frame=6857 interval_ms=19.225375 paused=false
PRESENT CADENCE frame=6858 interval_ms=0.280708 paused=false
PRESENT CADENCE frame=6859 interval_ms=19.814375 paused=false
PRESENT CADENCE frame=6860 interval_ms=0.342083 paused=false
PRESENT CADENCE frame=6861 interval_ms=21.264709 paused=false
PRESENT CADENCE frame=6862 interval_ms=0.343708 paused=false
PRESENT CADENCE frame=6863 interval_ms=17.712583 paused=false
PRESENT CADENCE frame=6864 interval_ms=0.232209 paused=false
PRESENT CADENCE frame=6865 interval_ms=22.742916 paused=false
PRESENT CADENCE frame=6866 interval_ms=1.176750 paused=false
PRESENT CADENCE frame=6867 interval_ms=21.258917 paused=false
PRESENT CADENCE frame=6868 interval_ms=0.466917 paused=false
PRESENT CADENCE frame=6869 interval_ms=22.110833 paused=false
PRESENT CADENCE frame=6870 interval_ms=0.460083 paused=false
PRESENT CADENCE frame=6871 interval_ms=20.596375 paused=false
PRESENT CADENCE frame=6872 interval_ms=0.239250 paused=false
PRESENT CADENCE frame=6873 interval_ms=16.038625 paused=false
PRESENT CADENCE frame=6874 interval_ms=0.402375 paused=false
PRESENT CADENCE frame=6875 interval_ms=19.547042 paused=false
PRESENT CADENCE frame=6876 interval_ms=0.291333 paused=false
PRESENT CADENCE frame=6877 interval_ms=20.908167 paused=false
PRESENT CADENCE frame=6878 interval_ms=0.395375 paused=false
PRESENT CADENCE frame=6879 interval_ms=19.924292 paused=false
PRESENT CADENCE frame=6880 interval_ms=0.300833 paused=false
PRESENT CADENCE frame=6881 interval_ms=18.999583 paused=false
PRESENT CADENCE frame=6882 interval_ms=0.842459 paused=false
PRESENT CADENCE frame=6883 interval_ms=18.950208 paused=false
PRESENT CADENCE frame=6884 interval_ms=0.360833 paused=false
PRESENT CADENCE frame=6885 interval_ms=20.674084 paused=false
PRESENT CADENCE frame=6886 interval_ms=0.335000 paused=false
PRESENT CADENCE frame=6887 interval_ms=18.541166 paused=false
PRESENT CADENCE frame=6888 interval_ms=0.271084 paused=false
PRESENT CADENCE frame=6889 interval_ms=21.422000 paused=false
PRESENT CADENCE frame=6890 interval_ms=0.377875 paused=false
PRESENT CADENCE frame=6891 interval_ms=20.763083 paused=false
PRESENT CADENCE frame=6892 interval_ms=0.469375 paused=false
PRESENT CADENCE frame=6893 interval_ms=19.678958 paused=false
PRESENT CADENCE frame=6894 interval_ms=0.254125 paused=false
PRESENT CADENCE frame=6895 interval_ms=22.064167 paused=false
PRESENT CADENCE frame=6896 interval_ms=0.410750 paused=false
PRESENT CADENCE frame=6897 interval_ms=19.997417 paused=false
PRESENT CADENCE frame=6898 interval_ms=0.240958 paused=false
PRESENT CADENCE frame=6899 interval_ms=21.280000 paused=false
PRESENT CADENCE frame=6900 interval_ms=0.364333 paused=false
PRESENT CADENCE frame=6901 interval_ms=17.151792 paused=false
PRESENT CADENCE frame=6902 interval_ms=0.318750 paused=false
PRESENT CADENCE frame=6903 interval_ms=19.683208 paused=false
PRESENT CADENCE frame=6904 interval_ms=0.287250 paused=false
PRESENT CADENCE frame=6905 interval_ms=19.153084 paused=false
PRESENT CADENCE frame=6906 interval_ms=0.287375 paused=false
PRESENT CADENCE frame=6907 interval_ms=20.032041 paused=false
PRESENT CADENCE frame=6908 interval_ms=0.357334 paused=false
PRESENT CADENCE frame=6909 interval_ms=19.412833 paused=false
PRESENT CADENCE frame=6910 interval_ms=0.291750 paused=false
PRESENT CADENCE frame=6911 interval_ms=20.036458 paused=false
PRESENT CADENCE frame=6912 interval_ms=0.233375 paused=false
PRESENT CADENCE frame=6913 interval_ms=16.961834 paused=false
PRESENT CADENCE frame=6914 interval_ms=0.253375 paused=false
PRESENT CADENCE frame=6915 interval_ms=22.428916 paused=false
PRESENT CADENCE frame=6916 interval_ms=0.293667 paused=false
PRESENT CADENCE frame=6917 interval_ms=22.219208 paused=false
PRESENT CADENCE frame=6918 interval_ms=0.225667 paused=false
PRESENT CADENCE frame=6919 interval_ms=22.286000 paused=false
PRESENT CADENCE frame=6920 interval_ms=0.235542 paused=false
PRESENT CADENCE frame=6921 interval_ms=20.254333 paused=false
PRESENT CADENCE frame=6922 interval_ms=0.362542 paused=false
PRESENT CADENCE frame=6923 interval_ms=19.299875 paused=false
PRESENT CADENCE frame=6924 interval_ms=0.260500 paused=false
PRESENT CADENCE frame=6925 interval_ms=19.737083 paused=false
PRESENT CADENCE frame=6926 interval_ms=0.353917 paused=false
PRESENT CADENCE frame=6927 interval_ms=14.752875 paused=false
PRESENT CADENCE frame=6928 interval_ms=0.237708 paused=false
PRESENT CADENCE frame=6929 interval_ms=19.723375 paused=false
PRESENT CADENCE frame=6930 interval_ms=0.281083 paused=false
PRESENT CADENCE frame=6931 interval_ms=19.309375 paused=false
PRESENT CADENCE frame=6932 interval_ms=0.419209 paused=false
PRESENT CADENCE frame=6933 interval_ms=20.743750 paused=false
PRESENT CADENCE frame=6934 interval_ms=0.309458 paused=false
PRESENT CADENCE frame=6935 interval_ms=19.711000 paused=false
PRESENT CADENCE frame=6936 interval_ms=0.356500 paused=false
PRESENT CADENCE frame=6937 interval_ms=22.301292 paused=false
PRESENT CADENCE frame=6938 interval_ms=0.260583 paused=false
PRESENT CADENCE frame=6939 interval_ms=14.006750 paused=false
PRESENT CADENCE frame=6940 interval_ms=0.265583 paused=false
PRESENT CADENCE frame=6941 interval_ms=19.218209 paused=false
PRESENT CADENCE frame=6942 interval_ms=0.393125 paused=false
PRESENT CADENCE frame=6943 interval_ms=16.624125 paused=false
PRESENT CADENCE frame=6944 interval_ms=0.245833 paused=false
PRESENT CADENCE frame=6945 interval_ms=22.318042 paused=false
FULL MODEL WORKER work_ms=2028.470 physics_ms=1093.168 mesh_ms=412.990 partition_ms=30.885 streams_ms=491.426
FULL MODEL CPU UPLOAD stage_ms=42.563
PRESENT CADENCE frame=6946 interval_ms=43.089250 paused=false
PRESENT CADENCE frame=6947 interval_ms=1.690125 paused=false
PRESENT CADENCE frame=6948 interval_ms=18.146208 paused=false
PRESENT CADENCE frame=6949 interval_ms=0.559375 paused=false
PRESENT CADENCE frame=6950 interval_ms=19.122417 paused=false
PRESENT CADENCE frame=6951 interval_ms=2.117541 paused=false
PRESENT CADENCE frame=6952 interval_ms=19.166459 paused=false
PRESENT CADENCE frame=6953 interval_ms=0.550708 paused=false
PRESENT CADENCE frame=6954 interval_ms=19.564333 paused=false
PRESENT CADENCE frame=6955 interval_ms=0.404875 paused=false
PRESENT CADENCE frame=6956 interval_ms=18.832125 paused=false
PRESENT CADENCE frame=6957 interval_ms=0.453167 paused=false
PRESENT CADENCE frame=6958 interval_ms=18.542583 paused=false
PRESENT CADENCE frame=6959 interval_ms=0.438459 paused=false
PRESENT CADENCE frame=6960 interval_ms=21.243916 paused=false
PRESENT CADENCE frame=6961 interval_ms=0.519834 paused=false
PRESENT CADENCE frame=6962 interval_ms=15.220750 paused=false
PRESENT CADENCE frame=6963 interval_ms=0.477208 paused=false
PRESENT CADENCE frame=6964 interval_ms=19.973000 paused=false
PRESENT CADENCE frame=6965 interval_ms=0.446250 paused=false
PRESENT CADENCE frame=6966 interval_ms=20.146333 paused=false
PRESENT CADENCE frame=6967 interval_ms=0.413667 paused=false
PRESENT CADENCE frame=6968 interval_ms=18.795375 paused=false
PRESENT CADENCE frame=6969 interval_ms=0.394375 paused=false
PRESENT CADENCE frame=6970 interval_ms=12.953292 paused=false
PRESENT CADENCE frame=6971 interval_ms=0.349958 paused=false
PRESENT CADENCE frame=6972 interval_ms=16.401583 paused=false
PRESENT CADENCE frame=6973 interval_ms=0.444959 paused=false
PRESENT CADENCE frame=6974 interval_ms=18.491000 paused=false
PRESENT CADENCE frame=6975 interval_ms=0.547041 paused=false
PRESENT CADENCE frame=6976 interval_ms=12.573792 paused=false
PRESENT CADENCE frame=6977 interval_ms=0.437875 paused=false
PRESENT CADENCE frame=6978 interval_ms=17.630083 paused=false
PRESENT CADENCE frame=6979 interval_ms=0.425084 paused=false
PRESENT CADENCE frame=6980 interval_ms=20.405916 paused=false
PRESENT CADENCE frame=6981 interval_ms=0.439292 paused=false
PRESENT CADENCE frame=6982 interval_ms=14.001750 paused=false
PRESENT CADENCE frame=6983 interval_ms=0.361792 paused=false
PRESENT CADENCE frame=6984 interval_ms=18.964916 paused=false
PRESENT CADENCE frame=6985 interval_ms=0.386167 paused=false
PRESENT CADENCE frame=6986 interval_ms=18.347917 paused=false
PRESENT CADENCE frame=6987 interval_ms=0.519083 paused=false
PRESENT CADENCE frame=6988 interval_ms=19.273292 paused=false
PRESENT CADENCE frame=6989 interval_ms=0.525166 paused=false
PRESENT CADENCE frame=6990 interval_ms=20.820167 paused=false
PRESENT CADENCE frame=6991 interval_ms=0.559542 paused=false
PRESENT CADENCE frame=6992 interval_ms=20.969375 paused=false
PRESENT CADENCE frame=6993 interval_ms=0.509833 paused=false
PRESENT CADENCE frame=6994 interval_ms=21.127208 paused=false
PRESENT CADENCE frame=6995 interval_ms=0.469125 paused=false
PRESENT CADENCE frame=6996 interval_ms=17.828917 paused=false
PRESENT CADENCE frame=6997 interval_ms=0.520125 paused=false
PRESENT CADENCE frame=6998 interval_ms=20.024750 paused=false
PRESENT CADENCE frame=6999 interval_ms=0.459917 paused=false
PRESENT CADENCE frame=7000 interval_ms=26.359166 paused=false
PRESENT CADENCE frame=7001 interval_ms=0.663334 paused=false
PRESENT CADENCE frame=7002 interval_ms=19.861375 paused=false
PRESENT CADENCE frame=7003 interval_ms=0.373500 paused=false
PRESENT CADENCE frame=7004 interval_ms=19.849958 paused=false
PRESENT CADENCE frame=7005 interval_ms=0.576167 paused=false
PRESENT CADENCE frame=7006 interval_ms=23.033916 paused=false
PRESENT CADENCE frame=7007 interval_ms=1.636459 paused=false
PRESENT CADENCE frame=7008 interval_ms=21.245416 paused=false
PRESENT CADENCE frame=7009 interval_ms=0.380167 paused=false
PRESENT CADENCE frame=7010 interval_ms=16.319542 paused=false
PRESENT CADENCE frame=7011 interval_ms=0.281750 paused=false
PRESENT CADENCE frame=7012 interval_ms=21.506958 paused=false
PRESENT CADENCE frame=7013 interval_ms=0.402125 paused=false
PRESENT CADENCE frame=7014 interval_ms=21.192792 paused=false
PRESENT CADENCE frame=7015 interval_ms=0.266041 paused=false
PRESENT CADENCE frame=7016 interval_ms=19.741459 paused=false
PRESENT CADENCE frame=7017 interval_ms=0.219666 paused=false
PRESENT CADENCE frame=7018 interval_ms=15.504584 paused=false
PRESENT CADENCE frame=7019 interval_ms=0.282708 paused=false
PRESENT CADENCE frame=7020 interval_ms=20.550625 paused=false
PRESENT CADENCE frame=7021 interval_ms=0.278542 paused=false
PRESENT CADENCE frame=7022 interval_ms=20.163125 paused=false
PRESENT CADENCE frame=7023 interval_ms=0.243833 paused=false
PRESENT CADENCE frame=7024 interval_ms=18.541000 paused=false
PRESENT CADENCE frame=7025 interval_ms=0.223708 paused=false
PRESENT CADENCE frame=7026 interval_ms=18.757917 paused=false
PRESENT CADENCE frame=7027 interval_ms=0.534792 paused=false
PRESENT CADENCE frame=7028 interval_ms=18.981625 paused=false
PRESENT CADENCE frame=7029 interval_ms=0.250625 paused=false
PRESENT CADENCE frame=7030 interval_ms=19.266458 paused=false
PRESENT CADENCE frame=7031 interval_ms=0.408333 paused=false
PRESENT CADENCE frame=7032 interval_ms=21.098000 paused=false
PRESENT CADENCE frame=7033 interval_ms=0.237875 paused=false
PRESENT CADENCE frame=7034 interval_ms=22.148500 paused=false
PRESENT CADENCE frame=7035 interval_ms=0.246250 paused=false
PRESENT CADENCE frame=7036 interval_ms=19.997417 paused=false
PRESENT CADENCE frame=7037 interval_ms=0.228833 paused=false
PRESENT CADENCE frame=7038 interval_ms=21.007667 paused=false
PRESENT CADENCE frame=7039 interval_ms=0.398292 paused=false
PRESENT CADENCE frame=7040 interval_ms=19.700708 paused=false
PRESENT CADENCE frame=7041 interval_ms=0.262458 paused=false
PRESENT CADENCE frame=7042 interval_ms=18.836542 paused=false
PRESENT CADENCE frame=7043 interval_ms=0.251458 paused=false
PRESENT CADENCE frame=7044 interval_ms=19.718292 paused=false
PRESENT CADENCE frame=7045 interval_ms=0.314542 paused=false
PRESENT CADENCE frame=7046 interval_ms=18.849625 paused=false
PRESENT CADENCE frame=7047 interval_ms=0.223083 paused=false
PRESENT CADENCE frame=7048 interval_ms=22.221500 paused=false
PRESENT CADENCE frame=7049 interval_ms=0.279750 paused=false
PRESENT CADENCE frame=7050 interval_ms=19.551250 paused=false
PRESENT CADENCE frame=7051 interval_ms=0.431333 paused=false
PRESENT CADENCE frame=7052 interval_ms=19.470292 paused=false
PRESENT CADENCE frame=7053 interval_ms=0.409708 paused=false
PRESENT CADENCE frame=7054 interval_ms=16.907500 paused=false
PRESENT CADENCE frame=7055 interval_ms=0.387709 paused=false
PRESENT CADENCE frame=7056 interval_ms=18.794125 paused=false
PRESENT CADENCE frame=7057 interval_ms=0.312916 paused=false
PRESENT CADENCE frame=7058 interval_ms=19.939625 paused=false
PRESENT CADENCE frame=7059 interval_ms=0.311625 paused=false
PRESENT CADENCE frame=7060 interval_ms=19.826084 paused=false
PRESENT CADENCE frame=7061 interval_ms=0.265916 paused=false
PRESENT CADENCE frame=7062 interval_ms=21.025792 paused=false
PRESENT CADENCE frame=7063 interval_ms=0.312625 paused=false
PRESENT CADENCE frame=7064 interval_ms=21.560208 paused=false
PRESENT CADENCE frame=7065 interval_ms=0.395167 paused=false
PRESENT CADENCE frame=7066 interval_ms=20.619625 paused=false
PRESENT CADENCE frame=7067 interval_ms=0.265375 paused=false
PRESENT CADENCE frame=7068 interval_ms=20.373750 paused=false
PRESENT CADENCE frame=7069 interval_ms=0.248917 paused=false
PRESENT CADENCE frame=7070 interval_ms=20.185791 paused=false
PRESENT CADENCE frame=7071 interval_ms=0.309292 paused=false
PRESENT CADENCE frame=7072 interval_ms=19.589292 paused=false
PRESENT CADENCE frame=7073 interval_ms=0.241083 paused=false
PRESENT CADENCE frame=7074 interval_ms=21.328458 paused=false
PRESENT CADENCE frame=7075 interval_ms=0.273084 paused=false
PRESENT CADENCE frame=7076 interval_ms=20.710875 paused=false
PRESENT CADENCE frame=7077 interval_ms=0.264791 paused=false
PRESENT CADENCE frame=7078 interval_ms=19.559875 paused=false
PRESENT CADENCE frame=7079 interval_ms=0.242959 paused=false
PRESENT CADENCE frame=7080 interval_ms=25.743916 paused=false
PRESENT CADENCE frame=7081 interval_ms=0.374292 paused=false
PRESENT CADENCE frame=7082 interval_ms=19.325375 paused=false
PRESENT CADENCE frame=7083 interval_ms=0.269583 paused=false
PRESENT CADENCE frame=7084 interval_ms=21.807917 paused=false
PRESENT CADENCE frame=7085 interval_ms=0.334875 paused=false
PRESENT CADENCE frame=7086 interval_ms=20.536292 paused=false
PRESENT CADENCE frame=7087 interval_ms=0.225125 paused=false
PRESENT CADENCE frame=7088 interval_ms=21.067000 paused=false
PRESENT CADENCE frame=7089 interval_ms=0.202208 paused=false
PRESENT CADENCE frame=7090 interval_ms=20.004500 paused=false
PRESENT CADENCE frame=7091 interval_ms=0.259708 paused=false
PRESENT CADENCE frame=7092 interval_ms=20.738417 paused=false
PRESENT CADENCE frame=7093 interval_ms=0.341250 paused=false
PRESENT CADENCE frame=7094 interval_ms=19.332083 paused=false
PRESENT CADENCE frame=7095 interval_ms=0.278792 paused=false
PRESENT CADENCE frame=7096 interval_ms=20.608917 paused=false
PRESENT CADENCE frame=7097 interval_ms=0.395250 paused=false
PRESENT CADENCE frame=7098 interval_ms=20.584416 paused=false
PRESENT CADENCE frame=7099 interval_ms=0.348709 paused=false
PRESENT CADENCE frame=7100 interval_ms=17.202041 paused=false
PRESENT CADENCE frame=7101 interval_ms=0.237667 paused=false
PRESENT CADENCE frame=7102 interval_ms=23.615583 paused=false
PRESENT CADENCE frame=7103 interval_ms=0.335542 paused=false
PRESENT CADENCE frame=7104 interval_ms=21.766042 paused=false
PRESENT CADENCE frame=7105 interval_ms=0.346958 paused=false
PRESENT CADENCE frame=7106 interval_ms=19.359292 paused=false
PRESENT CADENCE frame=7107 interval_ms=0.470166 paused=false
PRESENT CADENCE frame=7108 interval_ms=21.582459 paused=false
PRESENT CADENCE frame=7109 interval_ms=0.246625 paused=false
PRESENT CADENCE frame=7110 interval_ms=21.746250 paused=false
PRESENT CADENCE frame=7111 interval_ms=0.217500 paused=false
PRESENT CADENCE frame=7112 interval_ms=20.950833 paused=false
PRESENT CADENCE frame=7113 interval_ms=0.385000 paused=false
PRESENT CADENCE frame=7114 interval_ms=22.017250 paused=false
PRESENT CADENCE frame=7115 interval_ms=0.315208 paused=false
PRESENT CADENCE frame=7116 interval_ms=19.971000 paused=false
PRESENT CADENCE frame=7117 interval_ms=0.261709 paused=false
PRESENT CADENCE frame=7118 interval_ms=21.057791 paused=false
PRESENT CADENCE frame=7119 interval_ms=0.396750 paused=false
PRESENT CADENCE frame=7120 interval_ms=20.326750 paused=false
PRESENT CADENCE frame=7121 interval_ms=0.317584 paused=false
PRESENT CADENCE frame=7122 interval_ms=20.536333 paused=false
PRESENT CADENCE frame=7123 interval_ms=0.244875 paused=false
