time_s,sample,offset_x_m,offset_y_m,offset_z_m,volume_m3,mechanical_change_j,support_work_j,viscous_heat_j,numerical_defect_j
0.000000,0,0.000000004,-0.000000012,0.000000000,0.095347012947,0.000000000000,0.000000000000,0.000000000000,0.000000000000
0.000000,1,-0.000000004,-0.000000012,0.000000000,0.095347012947,0.000000000000,0.000000000000,0.000000000000,0.000000000000
0.000000,2,0.000000004,0.000000000,0.000000004,0.088990545417,0.000000000000,0.000000000000,0.000000000000,0.000000000000
0.000000,3,-0.000000004,0.000000000,0.000000004,0.088990545417,0.000000000000,0.000000000000,0.000000000000,0.000000000000
0.050000,0,-0.000025548,-0.012063936,-0.000137515,0.095364165236,-0.050142516935,0.003345995951,0.053455884392,-0.000032628494
0.050000,1,-0.000025556,-0.012063764,-0.000094163,0.095364289217,-0.047855675611,0.005675502813,0.053498456670,-0.000032721755
0.050000,2,0.000025593,-0.011390936,-0.000163475,0.089008463305,-0.077287568999,-0.022618191621,0.054642565544,-0.000026811834
0.050000,3,0.000025584,-0.011560696,-0.000193364,0.089008903517,-0.022634238279,0.033626918480,0.056234842159,-0.000026314600
0.100000,0,-0.000169276,-0.044467480,-0.001120455,0.095400755586,-1.176253449557,0.094333512007,1.270519879194,-0.000067082369
0.100000,1,-0.000169154,-0.044463171,-0.000849632,0.095401124850,-1.149968869524,0.123674997011,1.273576306296,-0.000067560239
0.100000,2,0.000155406,-0.040092782,-0.001520172,0.089045796727,-1.491915563776,-0.230202134344,1.261661506331,-0.000051923102
0.100000,3,0.000155175,-0.041095092,-0.001706039,0.089047783895,-0.856175469819,0.472774585185,1.328901160184,-0.000048894820
0.150000,0,-0.000395540,-0.086422396,-0.004481299,0.095450229877,-6.210221932197,0.369194051090,6.579338571686,-0.000077411601
0.150000,1,-0.000394924,-0.086392415,-0.003919926,0.095450749946,-6.113741983252,0.484934791049,6.598599737169,-0.000077037132
0.150000,2,0.000283168,-0.074256964,-0.006275606,0.089077988228,-7.015522739985,-0.778175388934,6.237290772178,-0.000056578873
0.150000,3,0.000282015,-0.076044772,-0.006597139,0.089082128864,-4.923305683071,1.706812524663,6.630066621502,-0.000051586232
0.200000,0,-0.000484035,-0.124008331,-0.012505885,0.095490885934,-17.336720453381,0.369991207871,17.706653079570,-0.000058581681
0.200000,1,-0.000483077,-0.123912362,-0.012031340,0.095490923952,-17.180760665055,0.556243153079,17.736945400767,-0.000058417367
0.200000,2,0.000122596,-0.103584327,-0.016726765,0.089111294514,-17.613638019266,-1.434072095130,16.179523059972,-0.000042864164
0.200000,3,0.000120976,-0.104329608,-0.016834048,0.089114366007,-14.598468261151,2.436360179127,17.034791364364,-0.000037075915
0.250000,0,-0.000177964,-0.149030785,-0.026690230,0.095504495581,-32.781494389065,-0.277509486172,32.503951945364,-0.000032957528
0.250000,1,-0.000178263,-0.148868733,-0.027069089,0.095503280214,-32.650309553062,-0.164767449523,32.485511603881,-0.000030499659
0.250000,2,-0.000492892,-0.124575263,-0.033088707,0.089125876769,-30.131511243881,-0.944180662629,29.187309167761,-0.000021413491
0.250000,3,-0.000490314,-0.121653848,-0.032783885,0.089119470773,-29.031125092342,0.821813431302,29.852920846704,-0.000017676940
0.300000,0,0.000621635,-0.161691109,-0.045830984,0.095490160610,-47.096693806969,-0.246140709281,46.850538003606,-0.000015094082
0.300000,1,0.000621528,-0.161592689,-0.047688283,0.095487680476,-46.997483142298,-0.223532365251,46.773936703598,-0.000014073448
0.300000,2,-0.001275110,-0.137755206,-0.052006879,0.089114086050,-39.046576173015,2.973183661457,42.019751690213,-0.000008144259
0.300000,3,-0.001275165,-0.130314626,-0.051565027,0.089092029758,-43.556851453880,-2.290155993319,41.266679716189,-0.000015744372
0.350000,0,0.001738382,-0.165505681,-0.065494762,0.095459648442,-56.669061402319,1.601817792318,58.270873134740,-0.000006059897
0.350000,1,0.001749207,-0.165732620,-0.068623532,0.095457359204,-56.418775098161,1.906968632233,58.325742004422,-0.000001725972
0.350000,2,-0.001581846,-0.142464085,-0.067509192,0.089092121034,-41.897510931221,10.662441556546,52.559953182282,0.000000694515
0.350000,3,-0.001627061,-0.133714053,-0.066545470,0.089060849768,-54.683405845630,-4.705501036252,49.977898593919,-0.000006215461
0.400000,0,0.002708070,-0.164146591,-0.079738270,0.095431224984,-62.972338325569,3.691099815229,66.663444705488,0.000006564689
0.400000,1,0.002740340,-0.164947212,-0.082841248,0.095431140802,-62.440372660118,4.658410977237,67.098798038536,0.000014401181
0.400000,2,-0.000928591,-0.138596226,-0.074879178,0.089063869008,-42.296396989791,17.679177490127,59.975582733485,0.000008253566
0.400000,3,-0.001046213,-0.135257440,-0.071421597,0.089042141381,-62.497742710653,-6.005199174020,56.492547615181,0.000004078548
0.450000,0,0.002947236,-0.161244553,-0.085014983,0.095409603130,-68.496500207966,3.980549730512,72.477074045792,0.000024107313
0.450000,1,0.002982859,-0.162637311,-0.086285182,0.095412711492,-67.947969585376,5.320472041160,73.268470574240,0.000028947705
0.450000,2,0.000535457,-0.129881840,-0.074272884,0.089045082336,-44.714389670251,19.496025500210,64.210434005628,0.000018835167
0.450000,3,0.000441214,-0.138536412,-0.066423762,0.089054265345,-68.137688807637,-7.085486754772,61.052201401477,-0.000000651389
0.500000,0,0.001934528,-0.160460614,-0.082032309,0.095404411138,-73.441827972654,2.560583355452,76.002436734150,0.000025406043
0.500000,1,0.001932992,-0.162006089,-0.080075815,0.095410811052,-73.482705307293,3.386081463187,76.868805124460,0.000018353980
0.500000,2,0.002029525,-0.121955891,-0.068628303,0.089028845906,-48.745743081030,17.375037131010,66.120804488544,0.000024276504
0.500000,3,0.002120673,-0.145234314,-0.057232047,0.089076964446,-70.140762159434,-5.944479432029,64.196275851815,-0.000006875591
0.550000,0,-0.000517132,-0.165658417,-0.073445435,0.095424965513,-76.501786424854,1.395912047953,77.897703386138,0.000004913332
0.550000,1,-0.000536540,-0.166550776,-0.067739047,0.095433691769,-77.366435416812,1.318403035362,78.684839239915,0.000000787742
0.550000,2,0.002746887,-0.120752526,-0.059080287,0.089028935286,-52.657490172870,14.250110467617,66.907614745161,0.000014104674
0.550000,3,0.002841704,-0.153816219,-0.048170599,0.089110626994,-63.358009625387,4.402123518280,67.760150156446,0.000017012779
0.600000,0,-0.003940658,-0.178004534,-0.061535178,0.095461085707,-75.888210024958,3.877406302463,79.765615284519,-0.000001042903
0.600000,1,-0.003870730,-0.177443048,-0.052630776,0.095469134760,-76.904936660066,3.738364549268,80.643300017465,-0.000001191869
0.600000,2,0.002243172,-0.130225159,-0.045739215,0.089054233971,-58.536967654077,8.727668548698,67.264630825711,-0.000005377065
0.600000,3,0.001837566,-0.159245838,-0.040676043,0.089139025098,-44.317567039378,29.096373474540,73.413987358491,0.000046844572
0.650000,0,-0.007264594,-0.190830480,-0.048723639,0.095492564481,-72.440068449970,10.912972960125,83.353069469112,0.000028059017
0.650000,1,-0.007036344,-0.188356529,-0.038744693,0.095495066027,-72.851121215023,11.650978851853,84.502131190857,0.000031123981
0.650000,2,0.000179186,-0.147528978,-0.031340463,0.089091869912,-67.892603517140,0.684937592797,68.577534927611,-0.000006182326
0.650000,3,-0.000636103,-0.154506303,-0.036008434,0.089128416192,-22.785158894094,56.616703907049,79.401923503263,0.000060702118
0.700000,0,-0.009061647,-0.192578430,-0.038209795,0.095494936323,-72.236218376965,15.578501297604,87.814772985725,0.000053311156
0.700000,1,-0.008807423,-0.188363537,-0.031080321,0.095488385776,-71.976533566148,17.038827103022,89.015413667932,0.000052998763
0.700000,2,-0.003564085,-0.162946526,-0.020887890,0.089127424389,-79.195670162391,-6.436238322208,72.759447329402,0.000015489219
0.700000,3,-0.003422604,-0.135116667,-0.036520726,0.089072414160,-14.256875872699,67.879114348650,82.136052448284,0.000062226934
0.750000,0,-0.008116172,-0.179263832,-0.032304002,0.095454712192,-77.711145143498,12.575160297370,90.286346892094,0.000041451226
0.750000,1,-0.008091065,-0.174234934,-0.032626285,0.095438882704,-77.195987836168,13.977325869941,91.173355898197,0.000042192088
0.750000,2,-0.007573650,-0.169700094,-0.018482359,0.089133467198,-84.159545333202,-5.500494383049,78.659084884043,0.000033933890
0.750000,3,-0.005695544,-0.107120584,-0.043728261,0.089000240141,-15.757407104195,67.627191248125,83.384683088084,0.000084735762
0.800000,0,-0.004075673,-0.162194362,-0.030842265,0.095415352696,-83.075663564118,7.886591568053,90.962300992523,0.000045860352
0.800000,1,-0.004263963,-0.158194040,-0.041398906,0.095394544764,-82.486177956411,9.104875205221,91.591109282378,0.000056120748
0.800000,2,-0.009582958,-0.171495365,-0.026134156,0.089129275402,-70.691856861677,12.864107522970,83.555996642186,0.000032257539
0.800000,3,-0.007683181,-0.089510225,-0.053516533,0.088962819876,-12.686648703603,75.707801351594,88.394563122557,0.000113067360
0.850000,0,0.002144174,-0.158824200,-0.031695669,0.095409336044,-83.459451785287,8.051827481993,91.511339713788,0.000060446508
0.850000,1,0.002121512,-0.158479511,-0.051196289,0.095391033746,-83.097552645792,8.988440139853,92.086067214264,0.000074428619
0.850000,2,-0.008786718,-0.173498788,-0.043418915,0.089129962685,-34.388513193839,52.725717199494,87.114265405389,0.000035012056
0.850000,3,-0.009237025,-0.100212819,-0.056490285,0.088974408863,-8.780202140637,86.365525215958,95.145847368166,0.000120011571
0.900000,0,0.008472734,-0.174279653,-0.033594557,0.095436239267,-76.372544997301,15.545797367290,91.918389498354,0.000047133763
0.900000,1,0.008908042,-0.179784059,-0.056782144,0.095429275232,-76.537167180387,15.828539286000,92.365749916543,0.000043450157
0.900000,2,-0.006176029,-0.171738450,-0.065365346,0.089123599551,10.530859764469,100.604444902123,90.073617768403,0.000032630749
0.900000,3,-0.008813091,-0.139509575,-0.048758009,0.089024895555,-14.559695444353,83.190716946028,97.750505945081,0.000093554699
0.950000,0,0.012744599,-0.194007049,-0.038483425,0.095471115881,-66.576257346657,26.595705379859,93.172023479461,0.000060752944
0.950000,1,0.013336238,-0.205218931,-0.058060064,0.095485651315,-67.385671334155,26.805718185936,94.191442909911,0.000053389821
0.950000,2,-0.003907288,-0.157195398,-0.084683594,0.089076874147,36.273940651613,128.190783147938,91.916889411653,0.000046915329
0.950000,3,-0.003907705,-0.187591054,-0.036009775,0.089135339990,-34.055949086431,68.589945884980,102.646003283716,0.000108312305
1.000000,0,0.013555712,-0.199162887,-0.049438748,0.095459133265,-67.461927200140,27.654851645687,95.116838918865,0.000060073038
1.000000,1,0.013576437,-0.212897111,-0.058175850,0.095493172667,-70.114074030969,27.806835945188,97.920983595982,0.000073619827
1.000000,2,-0.002558271,-0.128014880,-0.098203298,0.088987829013,36.902787969152,130.783230771932,93.880515166460,0.000072363680
1.000000,3,0.004123061,-0.219147621,-0.024781338,0.089246692615,-58.061779027396,61.645859658308,119.707783329018,0.000144643312
1.050000,0,0.009824811,-0.190294379,-0.065874373,0.095413271307,-76.904989334717,19.263499604955,96.168561700431,0.000072760758
1.050000,1,0.009080640,-0.201562369,-0.059038284,0.095448561134,-82.753940553485,17.381559311433,100.135586188992,0.000086324075
1.050000,2,-0.001089163,-0.101253689,-0.105465517,0.088931529790,52.145824046904,155.830404527381,103.684682860511,0.000102380034
1.050000,3,0.007047726,-0.225912678,-0.021968035,0.089264392605,-54.090557895421,87.321135482190,141.411858252921,0.000164875309
1.100000,0,0.001368146,-0.188096451,-0.081712141,0.095395689582,-82.296833107352,15.255831371737,97.552763003918,0.000098524828
1.100000,1,0.000641953,-0.191783143,-0.059394429,0.095420646343,-90.435950023062,10.431063036817,100.867123578934,0.000110519057
1.100000,2,0.001231667,-0.105366958,-0.102076497,0.088948037690,93.205046188915,215.886438798217,122.681525598114,0.000132988812
1.100000,3,0.005405465,-0.214506524,-0.035422056,0.089206954340,0.823396842383,156.738117433455,155.914869802726,0.000149211653
1.150000,0,-0.009839482,-0.207408406,-0.090067038,0.095436577090,-76.325520437486,23.190032983755,99.515644634877,0.000091213635
1.150000,1,-0.009654167,-0.200079369,-0.057580110,0.095442931481,-85.425636409996,15.854404581466,101.280141135802,0.000100144341
1.150000,2,0.000490052,-0.149186057,-0.082829737,0.088996250177,115.076791390707,249.501557626998,134.424867553939,0.000101317647
1.150000,3,0.002479474,-0.191195481,-0.063609005,0.089143458914,80.487832814993,243.002582165152,162.514875145156,0.000125794997
1.200000,0,-0.019614246,-0.235581953,-0.088941681,0.095517920140,-58.314215665346,45.095055418548,103.409382638901,0.000111555007
1.200000,1,-0.018743953,-0.218564733,-0.055278554,0.095491834825,-68.071386971537,34.569286573124,102.640784664545,0.000111119886
1.200000,2,-0.008635393,-0.213689091,-0.054522745,0.089142559207,90.972185543891,231.039964604896,140.067854233776,0.000075172771
1.200000,3,0.003392396,-0.159690455,-0.093234721,0.089074611847,131.898436502492,296.104356867047,164.206053135930,0.000132771375
1.250000,0,-0.023756128,-0.244038273,-0.081243846,0.095534455557,-50.041300704401,59.941275207243,109.982715247329,0.000139335685
1.250000,1,-0.023860624,-0.223312382,-0.056710670,0.095487038192,-58.561291815657,47.003573414524,105.564996083867,0.000130853688
1.250000,2,-0.026733433,-0.263362810,-0.022911309,0.089366684660,30.888841880892,200.260694460004,169.371961199202,0.000108620089
1.250000,3,0.004445861,-0.119218826,-0.112000999,0.088956599711,131.669540086744,298.184390288914,166.515010752688,0.000160550518
1.300000,0,-0.020269248,-0.221376186,-0.070908856,0.095454364101,-61.222864490207,52.025730420745,113.248725791400,0.000130880448
1.300000,1,-0.022220545,-0.203823565,-0.064636533,0.095411440005,-65.870541858469,40.971265038225,106.841945552261,0.000138655569
1.300000,2,-0.036121151,-0.270919144,0.005019287,0.089421235490,3.840013182044,220.286224451021,216.446332343987,0.000121075007
1.300000,3,0.005743607,-0.077927442,-0.117191132,0.088882406530,142.086691027665,325.130534400613,183.044034979846,0.000191606898
1.350000,0,-0.009788785,-0.189168027,-0.059041789,0.095389927491,-72.067139939096,42.600133609085,114.667446404296,0.000172856116
1.350000,1,-0.012344009,-0.180532825,-0.075979741,0.095357224153,-73.087717683501,35.702454104635,108.790343518362,0.000171730227
1.350000,2,-0.033007875,-0.240951164,0.008030621,0.089276986686,62.497593074236,309.733759905906,247.236275724244,0.000108892570
1.350000,3,0.005488922,-0.070251241,-0.115149466,0.088912797805,232.398879814336,453.442086310191,221.043426355652,0.000219859797
1.400000,0,0.004894411,-0.180719933,-0.044576958,0.095397837051,-74.799519479800,42.750754183530,117.550448428996,0.000174765666
1.400000,1,0.003228023,-0.185391710,-0.082880637,0.095375585167,-73.176284462144,38.948726772410,112.125179100988,0.000167866435
1.400000,2,-0.022540372,-0.197009618,-0.023142387,0.089127099373,159.141826330043,418.711051909957,259.569334316500,0.000108736583
1.400000,3,0.005485432,-0.119801915,-0.101852955,0.088972570422,333.948021100696,587.480053085779,253.532234950340,0.000202965255
1.450000,0,0.018731336,-0.203951645,-0.029435354,0.095472271311,-60.711807176137,58.888263268014,119.600219715014,0.000149270863
1.450000,1,0.017779664,-0.222752808,-0.081006489,0.095474532478,-57.543784484776,55.763700750091,113.307624286289,0.000139051422
1.450000,2,-0.018697233,-0.155891129,-0.069935711,0.089056445706,222.906277021587,489.428078352661,266.521903319587,0.000101988510
1.450000,3,0.019629687,-0.207765792,-0.078462402,0.089082514433,333.674828690606,596.003910797417,262.329266789873,0.000184683061
1.500000,0,0.028317184,-0.230186760,-0.020583897,0.095540926803,-38.675717720494,86.044559870917,124.720461356785,0.000183765374
1.500000,1,0.026023220,-0.257711036,-0.072242399,0.095586312332,-34.322108973264,85.045733614896,119.368010030874,0.000167442716
1.500000,2,-0.015294867,-0.119694591,-0.107840957,0.088969796388,219.782777415780,493.282722158483,273.500074649147,0.000129906441
1.500000,3,0.046893991,-0.290106499,-0.042110091,0.089426265717,230.605891733966,531.823157347843,301.217465718941,0.000200105063
1.550000,0,0.031108217,-0.225189898,-0.026051091,0.095495788505,-40.499526635829,90.149754896698,130.649477670790,0.000196138262
1.550000,1,0.026107709,-0.252902975,-0.061449671,0.095550305802,-38.903155506128,89.494256887908,128.397589840415,0.000177446381
1.550000,2,-0.016582327,-0.081690647,-0.126951099,0.088885329855,201.390981622608,489.627341970678,288.236517875440,0.000157527366
1.550000,3,0.067995309,-0.320606703,0.008214439,0.089652504284,127.632575397658,515.016600783997,387.384232885973,0.000207499629
1.600000,0,0.024635677,-0.192342276,-0.047589825,0.095381694563,-54.433402145735,78.350828221240,132.784434239747,0.000203872771
1.600000,1,0.018261688,-0.213008784,-0.052279328,0.095424961872,-57.399363367448,73.981823874037,131.381356588064,0.000169346580
1.600000,2,-0.018467145,-0.062784748,-0.139381647,0.088862341042,277.988072328659,602.553813239138,324.565931865107,0.000190954623
1.600000,3,0.064735545,-0.285176476,0.032705630,0.089440479771,148.094331068712,602.042772940787,453.948651387353,0.000209515272
1.650000,0,0.010286438,-0.173002747,-0.073269559,0.095332872707,-59.561860708069,78.724119545031,138.286210968855,0.000230715755
1.650000,1,0.003647486,-0.179911512,-0.043185422,0.095366318287,-65.807236438159,69.642131019126,135.449563666934,0.000196209651
1.650000,2,-0.011623091,-0.103055125,-0.149095771,0.088931716676,469.098487331608,846.783473882370,377.685206267971,0.000219717205
1.650000,3,0.046079492,-0.214190295,0.002357331,0.089136425214,257.792244499665,735.478795065307,477.686754927393,0.000204361742
1.700000,0,-0.006776854,-0.198333770,-0.088126816,0.095389114693,-54.856512779432,88.402864532431,143.259583282501,0.000205970638
1.700000,1,-0.013625749,-0.185033335,-0.032389947,0.095404843212,-63.463028283808,76.458967870124,139.922167852792,0.000171698861
1.700000,2,-0.021504918,-0.194482907,-0.134928882,0.089023065275,575.086889183779,981.960004838883,406.873297444249,0.000181789141
1.700000,3,0.036524616,-0.153212274,-0.054727649,0.089047405358,330.620487966446,825.601050129093,494.980771632104,0.000209469448
1.750000,0,-0.019425336,-0.249151192,-0.089025047,0.095537719555,-29.845737324783,116.539868440685,146.385807525708,0.000201760239
1.750000,1,-0.027824992,-0.217387504,-0.023419324,0.095502765788,-41.915544345152,100.395887835833,142.311597191343,0.000165010360
1.750000,2,-0.053558873,-0.290541592,-0.088978740,0.089297615672,513.911875869831,950.702522466638,436.790826506464,0.000179909652
1.750000,3,0.029087861,-0.112205628,-0.098092250,0.089016529034,312.606001592697,828.329549839158,515.723759869922,0.000211623453
1.800000,0,-0.024543426,-0.275589512,-0.081972798,0.095618461936,-15.247365459803,142.703139821966,157.950739396305,0.000234114535
1.800000,1,-0.035978214,-0.237526587,-0.024056546,0.095537818730,-26.828076060031,121.432779485045,148.261049562645,0.000194017570
1.800000,2,-0.082920757,-0.359289648,-0.016797376,0.089719991227,361.580105970974,895.343494523256,533.763574689613,0.000186137327
1.800000,3,0.023380345,-0.078783965,-0.112975116,0.088921558341,258.653716789904,794.973875507699,536.320375602124,0.000216884323
1.850000,0,-0.019918533,-0.252254856,-0.073682494,0.095502229788,-37.149792763410,130.099412541714,167.249422988294,0.000217683168
1.850000,1,-0.033488003,-0.219984959,-0.041640049,0.095438321241,-40.384806549375,112.290972667948,152.675969002390,0.000189785068
1.850000,2,-0.085699864,-0.345522827,0.045687934,0.089701637709,297.400681423281,947.719624963107,650.319129532732,0.000185992910
1.850000,3,0.022167902,-0.058073992,-0.126893812,0.088843068922,277.495277802627,845.362269580546,567.867217705343,0.000225927415
1.900000,0,-0.005828698,-0.206366716,-0.064285824,0.095379444958,-54.722885477303,115.862595141245,170.585713146373,0.000232527824
1.900000,1,-0.020128051,-0.187524449,-0.070314462,0.095342287207,-51.067662066765,105.361513990427,156.429393533368,0.000217476177
1.900000,2,-0.064600763,-0.253723839,0.051390140,0.089313238112,410.885618902117,1121.197866778493,710.312435706179,0.000187829802
1.900000,3,0.013398013,-0.075660940,-0.158705863,0.088932091872,450.384360765822,1066.700555663645,616.316428800376,0.000233902542
1.950000,0,0.014264655,-0.186680054,-0.050361937,0.095372100194,-60.328726762078,116.009733133900,176.338701267492,0.000241371514
1.950000,1,-0.000992598,-0.188435334,-0.091396856,0.095353554581,-52.466141843962,111.186844931180,163.653216869167,0.000230094027
1.950000,2,-0.050371492,-0.166862905,0.010848494,0.089091573035,512.810046178799,1259.725786156401,746.915927331528,0.000187353923
1.950000,3,0.004645188,-0.150843295,-0.164192131,0.089011340832,651.846964067401,1315.393441195592,663.546697649439,0.000220521241
2.000000,0,0.032418888,-0.207052262,-0.033548986,0.095456318741,-49.024788065941,130.446338592445,179.471337900746,0.000211242359
2.000000,1,0.015578982,-0.233028293,-0.096751548,0.095469267384,-37.144489519211,129.948045367857,167.092736215031,0.000201327966
2.000000,2,-0.032171620,-0.100969913,-0.026274390,0.089058643936,485.268033083296,1284.231480938915,798.963636695546,0.000188839929
2.000000,3,0.025789219,-0.256179761,-0.124325447,0.089163797402,677.191865196604,1365.556534124046,688.364881704027,0.000212776579
2.050000,0,0.045400441,-0.237655982,-0.022334555,0.095546411866,-24.762919177416,159.223700861283,183.986853410480,0.000233371780
2.050000,1,0.025286342,-0.277610846,-0.091498385,0.095616047010,-8.999638679493,166.396419228419,175.396288933914,0.000231026003
2.050000,2,-0.021927981,-0.044801454,-0.037878494,0.088918278162,379.519681766809,1236.534144045366,857.014655877078,0.000193598520
2.050000,3,0.060258747,-0.353992958,-0.057149601,0.089627071395,530.602319508078,1291.748874147775,761.146772508768,0.000217869064
2.100000,0,0.049538887,-0.238979043,-0.026578886,0.095506632012,-26.252783525760,165.583118360200,191.836149921480,0.000248035518
2.100000,1,0.026505722,-0.276848694,-0.082771444,0.095585778799,-14.768864975449,174.640501757252,189.409618922208,0.000252189508
2.100000,2,-0.008676976,-0.018285601,-0.043819795,0.088801223043,307.748565886766,1223.548210690880,915.799834673420,0.000189869307
2.100000,3,0.065624104,-0.380762834,0.022235220,0.089854187981,385.253830591231,1279.271869289755,894.018262037733,0.000223339210
2.150000,0,0.039961853,-0.206282484,-0.049034690,0.095385651406,-43.441099119101,152.280301784494,195.721656401799,0.000255498202
2.150000,1,0.017659911,-0.232980669,-0.072966609,0.095421714743,-38.873486715214,155.790423024215,194.664151560293,0.000241820864
2.150000,2,0.003846740,-0.029042567,-0.074192054,0.089041092457,373.844755643917,1343.046204181038,969.201639829915,0.000191292795
2.150000,3,0.045530774,-0.309219611,0.059313501,0.089529642599,421.605677326375,1412.932298397153,991.326841393856,0.000220323069
2.200000,0,0.021570875,-0.180449648,-0.073531312,0.095332462195,-49.997339172092,152.383657602103,202.381282962803,0.000286188606
2.200000,1,-0.000822553,-0.191877850,-0.058150092,0.095355537872,-49.871091783701,150.230372074841,200.101736097508,0.000272238966
2.200000,2,0.025107536,-0.073611590,-0.108867777,0.088984295734,542.275619361450,1553.994758072123,1011.719329855078,0.000191144404
2.200000,3,0.032671857,-0.209677012,0.037308731,0.089163311343,545.577619481846,1583.056582712058,1037.479179902612,0.000216672395
2.250000,0,0.002535256,-0.201075372,-0.085092224,0.095387485787,-48.359206816195,160.175551814356,208.535034456690,0.000275826138
2.250000,1,-0.021843338,-0.190463493,-0.037397796,0.095399128425,-51.118917984041,155.462115461804,206.581301086612,0.000267640766
2.250000,2,0.038950324,-0.177849852,-0.119674352,0.089122006893,567.135944060772,1599.921123143234,1032.785369468178,0.000190385713
2.250000,3,0.017447325,-0.124937209,0.003915591,0.089029020872,565.878234213925,1659.369543469120,1093.491526278594,0.000217023394
2.300000,0,-0.009871052,-0.253253888,-0.085685296,0.095535919108,-27.328172975875,183.868967525943,211.197409969140,0.000269467321
2.300000,1,-0.037798927,-0.220846733,-0.018760420,0.095504021939,-34.176344339823,175.954568659489,210.131175310910,0.000262311598
2.300000,2,0.030746323,-0.299967505,-0.089381448,0.089372244648,454.935333486473,1530.366392661464,1075.431251041056,0.000191866061
2.300000,3,0.009397718,-0.056363176,-0.005811608,0.088941881979,465.842718703353,1631.881510121202,1166.039008946335,0.000217528482
2.350000,0,-0.016581299,-0.283797595,-0.081998187,0.095626079476,-12.975890897486,209.604015088218,222.580213984920,0.000307999214
2.350000,1,-0.047309277,-0.243924823,-0.013086128,0.095554904840,-20.964328328927,197.071995092843,218.036612230989,0.000288809219
2.350000,2,0.032532130,-0.355456738,-0.032791762,0.089852298322,290.751918896991,1472.932725955282,1182.180999964291,0.000192905994
2.350000,3,-0.006163101,-0.012884624,0.003872565,0.088816794116,344.921264196059,1584.212294532921,1239.291255250956,0.000224914088
2.400000,0,-0.014929751,-0.263994905,-0.077317174,0.095515342221,-34.235954723497,199.135544168846,233.371796748697,0.000297856353
2.400000,1,-0.043907759,-0.230183554,-0.027917406,0.095461867080,-36.110170432108,188.923162218234,225.033601396649,0.000268746308
2.400000,2,0.048586924,-0.328523458,0.002952819,0.089587909032,234.799304605160,1516.644742365207,1281.845631705394,0.000193945336
2.400000,3,-0.024811898,-0.004724908,-0.011885556,0.088870691118,326.606201876484,1632.953185143177,1306.347207051605,0.000223784904
2.450000,0,-0.004058948,-0.219388132,-0.068735071,0.095390274112,-53.217116949617,183.588682721602,236.806107188063,0.000307516842
2.450000,1,-0.030919852,-0.196052592,-0.054477012,0.095361403135,-49.796121926442,178.989908899698,228.786314662409,0.000283836269
2.450000,2,0.053725947,-0.256052386,-0.017710716,0.089426486293,303.154263652103,1627.174098553781,1324.020028796043,0.000193894344
2.450000,3,-0.045969225,-0.026012876,-0.053585987,0.088858226004,410.002172061018,1761.610168347087,1351.608228500548,0.000232214468
2.500000,0,0.012662780,-0.195328087,-0.053649822,0.095372806321,-59.976454062022,182.127804883736,242.104587288569,0.000328342809
2.500000,1,-0.014417650,-0.188638093,-0.074892480,0.095355265038,-54.409607897577,180.929636559758,235.339543294829,0.000298837494
2.500000,2,0.039286241,-0.172952800,-0.052284881,0.089142866196,371.095950444449,1721.944535554894,1350.848779234042,0.000194123570
2.500000,3,-0.077393894,-0.093772459,-0.084748459,0.088981511266,445.609681270753,1819.911848823190,1374.302397860125,0.000230307676
2.550000,0,0.027224219,-0.207468439,-0.037157212,0.095434904508,-55.397554384814,190.249868704090,245.647722582537,0.000299493632
2.550000,1,-0.001342247,-0.224763404,-0.084051237,0.095443380995,-47.414254616315,191.204683214594,238.619208767964,0.000270937056
2.550000,2,0.032128022,-0.116665770,-0.058734506,0.089025720026,355.941903896352,1743.096087025519,1387.154380638362,0.000197509173
2.550000,3,-0.100596718,-0.215504947,-0.089571431,0.089131099185,382.855197693162,1774.996342181573,1392.141373174226,0.000228685803
2.600000,0,0.037733143,-0.235641069,-0.027658614,0.095515010058,-40.015703689187,209.032300309642,249.048332184140,0.000328185309
2.600000,1,0.007532792,-0.269592428,-0.086440107,0.095569510832,-29.139861127612,214.516733101447,243.656890894950,0.000296665891
2.600000,2,0.029385141,-0.079401144,-0.050319673,0.088815492536,294.151928878053,1720.200444372922,1426.048712264505,0.000196769616
2.600000,3,-0.095627143,-0.299733569,-0.076753530,0.089605930242,249.575860017651,1703.177114179901,1453.601480821575,0.000226659313
2.650000,0,0.039920538,-0.244404408,-0.031876903,0.095505551352,-41.108922711431,214.695041432249,255.804305733468,0.000341589787
2.650000,1,0.010832075,-0.278413756,-0.085311256,0.095572444428,-33.231259398854,221.853871898829,255.085446228244,0.000314930562
2.650000,2,0.041982248,-0.050113726,-0.047458859,0.088678631692,239.041998896232,1707.009983080256,1467.968181646858,0.000197462812
2.650000,3,-0.091902763,-0.304270788,-0.060080227,0.089466360951,157.928074745706,1697.701921585805,1539.774075187874,0.000228347769
2.700000,0,0.029933134,-0.222623650,-0.048610665,0.095423251432,-56.936922354921,202.559603389924,259.496847372835,0.000321627988
2.700000,1,0.005008018,-0.248633100,-0.080624638,0.095456567250,-55.287156527605,205.557378003180,260.844812450819,0.000277920036
2.700000,2,0.056175716,-0.057012962,-0.069260759,0.088789457741,260.058688700845,1769.488819895327,1509.430330387429,0.000199192922
2.700000,3,-0.100660723,-0.271370794,-0.073598685,0.089213861320,166.952633951605,1755.573456643886,1588.621049226907,0.000226534617
2.750000,0,0.014420391,-0.200558327,-0.065637147,0.095367881532,-65.606717133034,196.927775129810,262.534850433555,0.000358170710
2.750000,1,-0.007669811,-0.215414641,-0.069580530,0.095382812135,-67.051713614394,196.247777282030,263.299797873365,0.000306976943
2.750000,2,0.081453583,-0.089705703,-0.084820694,0.088939911678,321.611176761664,1867.308619899729,1545.697642588849,0.000199450760
2.750000,3,-0.092808590,-0.210688643,-0.095956709,0.089026324467,208.027368148105,1826.167723815642,1618.140576690416,0.000221022873
2.800000,0,0.000191181,-0.211102259,-0.075291727,0.095397562224,-66.807105192111,199.002752203166,265.810199349932,0.000341954654
2.800000,1,-0.020843986,-0.207908955,-0.054587596,0.095396972126,-69.425047771062,197.078001763984,266.503343071987,0.000293536944
2.800000,2,0.115070330,-0.159515754,-0.082842343,0.089194407446,306.337456100963,1870.215042608404,1563.877786762683,0.000200255214
2.800000,3,-0.079661515,-0.152434091,-0.106002235,0.089324299495,234.275990928065,1877.030895244606,1642.755131044843,0.000226728299
2.850000,0,-0.009594153,-0.247348407,-0.079952351,0.095495123238,-56.537262987926,211.151943084330,267.689536674705,0.000330602447
2.850000,1,-0.030573089,-0.225397261,-0.042706467,0.095463694926,-61.680988051879,206.765738557913,268.447016934041,0.000290324250
2.850000,2,0.106732446,-0.239689460,-0.072433978,0.089469274597,245.444439634959,1832.905884690025,1587.461642744098,0.000197689004
2.850000,3,-0.063339736,-0.127612812,-0.102169100,0.089343233049,224.290624034994,1885.229595372359,1660.939198445358,0.000227107988
2.900000,0,-0.016555403,-0.271567109,-0.081591548,0.095557389887,-48.855534453340,225.003116726616,273.859005533035,0.000354353076
2.900000,1,-0.036078059,-0.243394204,-0.038930334,0.095507601152,-54.771344835054,217.704905432605,272.476578383692,0.000328116034
2.900000,2,0.067906382,-0.284965203,-0.056185144,0.089634708937,167.684938637209,1807.784303067306,1640.099566019547,0.000201589421
2.900000,3,-0.055563422,-0.113900431,-0.100867239,0.089139664210,204.330139923578,1881.230216132903,1676.900301678395,0.000225469067
2.950000,0,-0.016906910,-0.262005553,-0.079819862,0.095504750176,-60.445397144947,219.834744161538,280.280486070623,0.000344764135
2.950000,1,-0.031679138,-0.238709520,-0.044340108,0.095467672169,-63.243475410818,213.525927817771,276.769725056443,0.000321827856
2.950000,2,0.054282824,-0.267237874,-0.056060921,0.089641961754,133.991870349321,1830.367718184747,1696.376047496930,0.000199661468
2.950000,3,-0.054394824,-0.100666572,-0.094817415,0.088859235465,183.869268134321,1887.957110201612,1704.088066804833,0.000224737539
3.000000,0,-0.010228989,-0.234694968,-0.073386117,0.095421553410,-73.908989658729,208.061885129128,281.971199480222,0.000324692363
3.000000,1,-0.020374644,-0.218361819,-0.053828720,0.095406198369,-74.428548374741,203.899919299966,278.328779589288,0.000311914584
3.000000,2,0.056679797,-0.227436527,-0.081462018,0.089144635903,149.634857673338,1879.985331647819,1730.350672808721,0.000198834204
3.000000,3,-0.059886266,-0.106984600,-0.083250994,0.088719074447,191.386598228339,1931.767612903339,1740.381240245646,0.000225570645
3.050000,0,-0.001099166,-0.216815913,-0.062630559,0.095398047075,-79.870852709345,203.636936392392,283.508143595526,0.000354493788
3.050000,1,-0.008536911,-0.210790750,-0.061556842,0.095400474178,-79.799682149319,200.220029420308,280.020030857942,0.000319288317
3.050000,2,0.059782030,-0.186976385,-0.086197300,0.089025497105,169.505858132918,1925.007704776643,1755.502041668687,0.000195024930
3.050000,3,-0.074931699,-0.140686194,-0.059152566,0.089098462787,198.024802096556,1967.987680358449,1769.963103140478,0.000224878582
3.100000,0,0.006974574,-0.220281756,-0.052771901,0.095427038666,-79.091558743065,206.138242437158,285.230146152174,0.000344971949
3.100000,1,0.000228567,-0.228644240,-0.067640278,0.095445602343,-77.909724693099,203.383516681462,281.293544798930,0.000303424371
3.100000,2,0.048852772,-0.155471127,-0.080375975,0.089007719554,164.026354955268,1937.764870964939,1773.738716910278,0.000200900570
3.100000,3,-0.074299356,-0.196990625,-0.055584044,0.089262901983,170.189135412999,1953.962026787743,1783.773119900002,0.000228525253
3.150000,0,0.012755914,-0.235939461,-0.047761719,0.095465865893,-73.679074238314,213.443943052956,287.123391316413,0.000374025141
3.150000,1,0.007525186,-0.253752249,-0.072790817,0.095499250796,-71.224327827173,212.115951477523,283.340612166496,0.000332861802
3.150000,2,0.025066989,-0.136252895,-0.087134100,0.088836430614,144.154521227180,1932.878117563140,1788.723796337265,0.000200001268
3.150000,3,-0.037355912,-0.241768589,-0.064232459,0.089422916737,135.059492151087,1936.123391381114,1801.064133043446,0.000233813415
3.200000,0,0.012911165,-0.243356739,-0.047993677,0.095480013877,-74.193933099305,215.802754824950,289.997081867674,0.000393943417
3.200000,1,0.012221751,-0.260577153,-0.074969978,0.095507987447,-72.306164396027,214.954537186878,287.261057117248,0.000355534345
3.200000,2,0.016829798,-0.132117880,-0.093677505,0.088976757116,123.564319456679,1930.210634360327,1806.646512662779,0.000197759091
3.200000,3,0.009181837,-0.255010388,-0.055818887,0.089293600574,101.723772179493,1940.452681609844,1838.729145176481,0.000235746127
3.250000,0,0.007030859,-0.234760964,-0.051567428,0.095452488496,-81.746591618536,209.691122075891,291.438077031139,0.000363336709
3.250000,1,0.010865882,-0.248010749,-0.073458197,0.095466992744,-81.263383251064,208.013810307413,289.277519529663,0.000325971189
3.250000,2,0.009017741,-0.135353885,-0.093822925,0.089082430898,102.976004239688,1934.893194242586,1831.917391181642,0.000201178704
3.250000,3,0.020991595,-0.229888556,-0.045198883,0.089152888954,86.492652464960,1962.855392355653,1876.362977142847,0.000237252157
3.300000,0,0.000632019,-0.224358781,-0.056232875,0.095422803521,-87.979270435942,203.820821966127,291.800455496379,0.000363094307
3.300000,1,0.006861294,-0.232577676,-0.068714308,0.095421116056,-88.022766793576,201.596204252962,289.619296698782,0.000325652247
3.300000,2,0.007840442,-0.154706863,-0.075501792,0.089174416015,90.276095260883,1942.108749657041,1851.832850299179,0.000195902978
3.300000,3,0.003799204,-0.199636850,-0.061010059,0.088950724616,83.054170560172,1982.102269789985,1899.048337122154,0.000237892341
3.350000,0,-0.003442092,-0.227080072,-0.061598691,0.095427791503,-89.828857068163,202.653142313817,292.482376001735,0.000376619753
3.350000,1,0.003259696,-0.226926435,-0.063398975,0.095414746104,-90.118472628581,200.278436569778,290.397257528927,0.000348330572
3.350000,2,0.003833563,-0.190964098,-0.053223453,0.089208179488,68.234802789665,1930.385177608308,1862.150570412043,0.000195593357
3.350000,3,-0.000522886,-0.175751912,-0.070831693,0.088942664508,79.184289940530,1993.821938035377,1914.637879581479,0.000231486629
3.400000,0,-0.006333725,-0.240441371,-0.067536715,0.095455704773,-87.707514049227,205.771037809505,293.478945257327,0.000393398593
3.400000,1,0.000706022,-0.232521779,-0.060352006,0.095435238481,-88.474182055731,202.929891134271,291.404435123919,0.000361933920
3.400000,2,-0.014944157,-0.222697885,-0.060873813,0.089319040528,45.755960682350,1917.320659442131,1871.564892250530,0.000193490706
3.400000,3,0.018724313,-0.159073968,-0.079863275,0.088964053623,72.028334710929,1998.176655417061,1926.148556506904,0.000235800768
3.450000,0,-0.009033810,-0.250198161,-0.071542703,0.095475557906,-86.082732024611,208.866181993016,294.949333374642,0.000419357013
3.450000,1,0.000448429,-0.240509675,-0.059247716,0.095457148488,-86.930008761308,205.624625039727,292.555013265829,0.000379464797
3.450000,2,-0.047332901,-0.226199579,-0.067751632,0.089173725398,24.241883236570,1914.170419286971,1889.928731456146,0.000195405703
3.450000,3,0.034115826,-0.151958411,-0.095885488,0.088975439985,61.771072082160,1999.043661130005,1937.272821631845,0.000232583995
3.500000,0,-0.008613880,-0.248924819,-0.072219948,0.095469648144,-88.730771512443,207.373219087719,296.104394602247,0.000404002082
3.500000,1,0.003764281,-0.241168056,-0.058599089,0.095460654268,-89.110492165080,204.282423630657,293.393279271795,0.000363476060
3.500000,2,-0.072845803,-0.213405592,-0.056182230,0.089229160029,10.018156476102,1921.988958595301,1911.970995501120,0.000193381877
3.500000,3,0.038083197,-0.156581514,-0.099341832,0.089058221708,45.786512121882,1997.433160758395,1951.646883170999,0.000234534482
3.550000,0,-0.005216572,-0.242148425,-0.070533332,0.095447040940,-92.739013295909,203.628662931330,296.368063646547,0.000387419306
3.550000,1,0.008261400,-0.236525972,-0.058324739,0.095446724356,-92.849096488689,200.732224921088,293.581668752928,0.000347343154
3.550000,2,-0.062425402,-0.197667455,-0.055793467,0.089062828354,3.168907963909,1929.822008225484,1926.653295874007,0.000195612386
3.550000,3,0.047629233,-0.172794351,-0.096439403,0.089164937790,26.257395141807,1992.765553176379,1966.508395435938,0.000237401361
3.600000,0,-0.001978387,-0.237153024,-0.068098512,0.095434492179,-95.126062856133,201.507965138662,296.634430544733,0.000402549935
3.600000,1,0.010779455,-0.234780117,-0.059277956,0.095443481762,-95.139459564948,198.682043957783,293.821863291119,0.000359768390
3.600000,2,-0.035715541,-0.175230755,-0.062696733,0.089022413777,-1.428299227652,1933.359321572990,1934.787816129888,0.000195329196
3.600000,3,0.056812082,-0.193574033,-0.085307173,0.089237928670,9.460556862818,1983.999356669105,1974.539040633972,0.000240827679
3.650000,0,0.000541831,-0.236350857,-0.066252733,0.095432579459,-95.477903767489,201.736886318909,297.215218655381,0.000428568980
3.650000,1,0.011809377,-0.237849876,-0.061860982,0.095446507215,-95.420073004830,198.977002348096,294.397456562049,0.000381209125
3.650000,2,-0.030946103,-0.163299346,-0.070479392,0.089063778176,-6.932252761650,1935.640330718593,1942.572779304394,0.000195824101
3.650000,3,0.062618018,-0.211500042,-0.072089677,0.089222919119,-3.457413523274,1977.152383469211,1980.610036170703,0.000239178213
3.700000,0,0.001788609,-0.238852547,-0.064626747,0.095440942751,-95.083329444195,202.674980498534,297.758746070283,0.000436127551
3.700000,1,0.012647225,-0.241770497,-0.064603332,0.095451841703,-95.005532724450,199.986290960212,294.992209576593,0.000385891934
3.700000,2,-0.038005267,-0.167761859,-0.081432785,0.089066477268,-13.527215097120,1935.442652409748,1948.970064061393,0.000196554475
3.700000,3,0.072038164,-0.212619172,-0.071567675,0.089136992404,-12.748632172574,1975.649237321311,1988.398113567683,0.000244073791
3.750000,0,0.001190624,-0.240967973,-0.062210006,0.095454066350,-95.360565041015,202.662634322920,298.023611251125,0.000411887188
3.750000,1,0.012452465,-0.242952121,-0.065900001,0.095457789089,-95.327999635215,199.976133830319,295.304495581281,0.000362115749
3.750000,2,-0.036076848,-0.177313283,-0.080306317,0.089132821360,-20.204231471787,1934.891605854408,1955.096032162136,0.000194835892
3.750000,3,0.085914344,-0.195300652,-0.073835339,0.089062255454,-20.270899085791,1977.020429736429,1997.291570753070,0.000241930842
3.800000,0,-0.000162998,-0.240569569,-0.059750702,0.095455473139,-96.358516089306,201.768082537351,298.127004917852,0.000406291193
3.800000,1,0.010426597,-0.241977754,-0.066076565,0.095453555250,-96.318383843115,199.067992554888,295.386731225959,0.000354827957
3.800000,2,-0.037790846,-0.188083254,-0.071930576,0.089012778280,-30.299339291629,1932.423159917721,1962.722694680600,0.000195471204
3.800000,3,0.085646463,-0.182758076,-0.070086193,0.089013420780,-26.320950839036,1979.107715863578,2005.428905798185,0.000239095563
3.850000,0,-0.000358942,-0.239961851,-0.058721636,0.095451512982,-97.293978231011,201.081401837364,298.375797121306,0.000417052928
3.850000,1,0.008132517,-0.241233717,-0.066185405,0.095445216736,-97.213889332998,198.385018581652,295.599278466973,0.000370552326
3.850000,2,-0.038890652,-0.200875306,-0.069875354,0.089153026167,-39.449169336499,1929.276805397769,1968.726169034451,0.000194300136
3.850000,3,0.063244331,-0.179166865,-0.066571443,0.089110016717,-30.911288067525,1980.033867431053,2010.945393147235,0.000237648649
3.900000,0,0.000482285,-0.240291759,-0.059342409,0.095449444160,-97.836570034338,200.948459202799,298.785457543742,0.000428306603
3.900000,1,0.006217749,-0.240794159,-0.066402769,0.095441343916,-97.725813631133,198.254492634409,295.980693141297,0.000386875758
3.900000,2,-0.030479492,-0.205470891,-0.067230397,0.089174134943,-44.669082080256,1927.899151486158,1972.568425344269,0.000191777806
3.900000,3,0.036873691,-0.173315539,-0.062292049,0.089157689171,-34.678082913687,1980.367941565152,2015.046258694500,0.000234215651
3.950000,0,0.000893815,-0.240275645,-0.060575989,0.095449464878,-98.123764912848,200.969699173769,299.093888237593,0.000424150973
3.950000,1,0.004352709,-0.240591319,-0.065946147,0.095446475487,-97.997443913597,198.275045767512,296.272870137590,0.000380456484
3.950000,2,-0.017501129,-0.203057561,-0.066845094,0.089126588689,-47.677442311384,1927.907641682637,1975.585276831592,0.000192837521
3.950000,3,0.027681400,-0.174983549,-0.061925189,0.089051831952,-37.130729275945,1980.362049166901,2017.493014350806,0.000235907950
4.000000,0,0.001112944,-0.240019200,-0.061625019,0.095448585061,-98.233942562655,200.946268046696,299.180619250730,0.000408641377
4.000000,1,0.003053267,-0.241352921,-0.064445999,0.095448149784,-98.101663661170,198.251333581731,296.353357571578,0.000360328679
4.000000,2,-0.016436191,-0.193190266,-0.070026354,0.089104960193,-50.950132519729,1928.017733714835,1978.968055604048,0.000189369432
4.000000,3,0.026023638,-0.189494513,-0.063858276,0.089050695251,-40.789181381171,1980.236824214942,2021.026231257172,0.000225661050
4.050000,0,0.001903866,-0.251784810,-0.062709863,0.095477648111,-84.706737869791,214.614356640962,299.321518159784,0.000423649029
4.050000,1,0.002188639,-0.253374941,-0.062964049,0.095481117442,-84.347217512030,212.183247560656,296.530838024954,0.000372952271
4.050000,2,-0.018082113,-0.196024204,-0.068459763,0.089082381399,-40.144929125638,1942.397636645774,1982.542756201900,0.000190430440
4.050000,3,0.016634131,-0.213168678,-0.062054656,0.089124678045,-26.478076801400,2000.191667691178,2026.669971621728,0.000227129140
4.100000,0,0.002628713,-0.279139701,-0.064063241,0.095559984456,-35.817636826797,265.791421739144,301.609504527636,0.000445961693
4.100000,1,0.000689955,-0.279627167,-0.062483882,0.095562647427,-34.922665979150,264.059660835056,298.982725241596,0.000398427394
4.100000,2,-0.007594458,-0.222108023,-0.068980507,0.089076891761,9.897383164289,1996.500861880588,1986.603668048242,0.000189331893
4.100000,3,0.004731210,-0.240811199,-0.061242638,0.089221974697,39.638029969722,2077.204205662974,2037.566405099474,0.000229406213
4.150000,0,0.002708829,-0.303809401,-0.066003718,0.095634461131,59.029393857070,368.124058825276,309.095134417506,0.000469449299
4.150000,1,-0.001683841,-0.303568293,-0.063408131,0.095637223579,60.151949660832,366.755761512226,306.604233901172,0.000422049783
4.150000,2,0.011564615,-0.245949536,-0.073654687,0.089229312471,121.606599579041,2117.289118117867,1995.682708914917,0.000190376046
4.150000,3,-0.010442054,-0.253671879,-0.066651734,0.089256143577,169.579258298439,2222.055935526343,2052.476906144053,0.000228916137
4.200000,0,0.002564740,-0.311526380,-0.069446167,0.095627376748,188.815240115853,507.623956798161,318.809196184010,0.000479501701
4.200000,1,-0.003945653,-0.310928354,-0.066436450,0.095626970975,189.726135813383,505.899286121477,316.173579583485,0.000429275396
4.200000,2,0.023595706,-0.248189428,-0.078769733,0.089240473452,280.527182917726,2289.665867324025,2009.138870811061,0.000186404724
4.200000,3,-0.026641997,-0.244310581,-0.078881687,0.089102699624,328.120336184150,2393.423120176563,2065.303015332710,0.000231340283
4.250000,0,0.002138824,-0.298749996,-0.075022312,0.095537954759,314.623253940445,638.532435560120,323.909629023689,0.000447404011
4.250000,1,-0.005746505,-0.297250012,-0.071983356,0.095531787986,314.661219602581,635.617929609572,320.957104777898,0.000394770912
4.250000,2,0.027228210,-0.229337698,-0.085419938,0.089070879631,437.642520183249,2454.805594348212,2017.163259545594,0.000185380595
4.250000,3,-0.036100766,-0.219469976,-0.097160095,0.089149996680,451.938302587945,2522.794315544254,2070.856239810204,0.000226853877
4.300000,0,0.001088902,-0.269782274,-0.082167155,0.095419030765,396.049645262844,720.794831077893,324.745621769134,0.000435954083
4.300000,1,-0.007473597,-0.268032965,-0.079378788,0.095418044446,394.541792538173,716.193762593648,321.652354540155,0.000384484685
4.300000,2,0.034487081,-0.196502175,-0.097794024,0.089187666607,530.398223026234,2550.551646056101,2020.153608076078,0.000185046175
4.300000,3,-0.037339441,-0.186787101,-0.114632482,0.089081997607,510.167741234747,2584.240391686225,2074.072868979073,0.000218527572
4.350000,0,0.000218673,-0.236827808,-0.087449944,0.095329629884,421.619507842576,750.032685743611,328.413638431222,0.000460530184
4.350000,1,-0.008870395,-0.235981706,-0.085168605,0.095329788637,419.540488700696,744.879821323703,325.339742738563,0.000410115561
4.350000,2,0.042910152,-0.161137976,-0.110909592,0.088990200742,539.828552951991,2565.104073219573,2025.275703193410,0.000182925790
4.350000,3,-0.038374330,-0.156632476,-0.121935308,0.088806029899,514.805682261271,2596.147191844345,2081.341730221350,0.000220638251
4.400000,0,-0.000021746,-0.211948926,-0.085827470,0.095288506710,410.353933044200,748.239892977415,337.886442516347,0.000482583129
4.400000,1,-0.009962474,-0.211823609,-0.084461439,0.095291614298,408.680595132448,743.410647926850,334.730484356841,0.000431562443
4.400000,2,0.048593518,-0.133095386,-0.116362483,0.089022379887,508.793351012202,2545.374796755721,2036.581632653356,0.000186909796
4.400000,3,-0.048683414,-0.136396468,-0.121455001,0.088825033306,498.382028097352,2590.114974707750,2091.733166710908,0.000220100482
4.450000,0,0.000284546,-0.196986334,-0.075668428,0.095298303921,391.075044113610,740.552540597547,349.477998553522,0.000502069582
4.450000,1,-0.010907328,-0.196987559,-0.075570382,0.095300833170,389.827483915267,735.968825320061,346.141794944931,0.000453540140
4.450000,2,0.049448280,-0.115480924,-0.108996755,0.088950690832,477.224327399802,2527.881315511631,2050.657174480258,0.000186368387
4.450000,3,-0.065008974,-0.123760076,-0.113671943,0.088880176247,478.189575952244,2579.712529310194,2101.523177171240,0.000223813265
4.500000,0,0.000577846,-0.188852358,-0.060013576,0.095329514451,379.538657231996,738.494380675549,358.956230608782,0.000507165225
4.500000,1,-0.011886071,-0.189027296,-0.061087064,0.095331178466,378.519025655960,733.983064341992,355.464496878459,0.000458192430
4.500000,2,0.057213000,-0.111462942,-0.096296038,0.089072101318,461.866537034581,2524.051015944483,2062.184664551001,0.000185641057
4.500000,3,-0.080356742,-0.119320470,-0.101955314,0.089041711440,464.274535195633,2573.482142231626,2109.207827671158,0.000220635134
4.550000,0,0.000295678,-0.184851221,-0.043178561,0.095357182790,372.415819954253,737.838075656600,365.422753777651,0.000498075301
4.550000,1,-0.013328591,-0.185303654,-0.045134087,0.095357494008,371.547797024752,733.343503553913,361.796157089149,0.000450559991
4.550000,2,0.068355264,-0.115191905,-0.085301266,0.089167353442,455.003279955949,2524.464888671649,2069.461791968154,0.000183252411
4.550000,3,-0.092110384,-0.115720844,-0.090428880,0.089090227863,457.644925315256,2573.189605276725,2115.544900663663,0.000220702160
4.600000,0,-0.000304603,-0.181230259,-0.027817321,0.095377694845,360.365718087110,730.424225486325,370.058989761836,0.000482362617
4.600000,1,-0.015154830,-0.181695148,-0.030377304,0.095375350997,359.693657059378,725.968566343537,366.275348077278,0.000438793123
4.600000,2,0.074420181,-0.115928141,-0.073865616,0.089095368167,444.470950950841,2518.547042338754,2074.076278215673,0.000186827714
4.600000,3,-0.102118782,-0.107305775,-0.077559847,0.088960381023,451.219223748044,2572.386414611714,2121.167415193668,0.000224329965
4.650000,0,-0.000813207,-0.175635412,-0.015354601,0.095396690830,338.997362893547,712.973020893439,373.976129048400,0.000471048505
4.650000,1,-0.016819258,-0.176061293,-0.018136468,0.095395647914,338.669442947591,708.690139370481,370.021126834353,0.000430411467
4.650000,2,0.081098216,-0.113507343,-0.062281701,0.089021351329,426.131324876434,2503.404783462714,2077.273647032900,0.000188446574
4.650000,3,-0.107552156,-0.100671436,-0.061291880,0.088960829496,443.146686585298,2569.423222768983,2126.276765650387,0.000229466671
4.700000,0,-0.001073708,-0.170844973,-0.007540972,0.095406498676,308.638749135096,686.035672484785,377.397404083516,0.000480733825
4.700000,1,-0.017843803,-0.171457703,-0.010142279,0.095405160711,308.588219024981,681.867382440251,373.279605390694,0.000441975428
4.700000,2,0.091835737,-0.112481873,-0.051671574,0.088989055580,395.388303062006,2475.260849926701,2079.872736505601,0.000189640862
4.700000,3,-0.110387309,-0.100002649,-0.047650729,0.089124882282,416.085692821649,2546.839787726506,2130.754324354346,0.000229449460
4.750000,0,-0.001245868,-0.172646321,-0.006051413,0.095408367757,268.739766713018,648.648805814009,379.909518816173,0.000479715179
4.750000,1,-0.018238405,-0.173581250,-0.008196112,0.095407203660,268.366379111487,644.029931238533,375.663985330884,0.000433203842
4.750000,2,0.099188109,-0.117616079,-0.042861802,0.089066109614,356.445974919057,2438.440242968623,2081.994458687765,0.000190638154
4.750000,3,-0.112587980,-0.105785949,-0.041257329,0.089064708144,368.484941793338,2502.705939026994,2134.221234152195,0.000236918510
4.800000,0,-0.001615586,-0.185560613,-0.010844747,0.095433569008,216.580608649570,597.722759303567,381.142614501919,0.000463847918
4.800000,1,-0.018244453,-0.186476383,-0.012425290,0.095433491629,215.635926414438,592.484728777544,376.849223630322,0.000421267220
4.800000,2,0.098104552,-0.131691222,-0.038656022,0.089054100592,294.565100452539,2378.110309884287,2083.545404411719,0.000194979927
4.800000,3,-0.117212478,-0.120198733,-0.041486990,0.088973706603,310.251930272757,2446.715726196789,2136.464031869195,0.000235945134
4.850000,0,-0.001967745,-0.210047028,-0.020525124,0.095483734214,150.089329364091,532.004670159381,381.915810307175,0.000469511883
4.850000,1,-0.017752705,-0.210511327,-0.021536688,0.095484037756,148.473903266615,526.135692670271,377.662213494192,0.000424090540
4.850000,2,0.089003119,-0.154271504,-0.041745002,0.089068796928,208.272980683182,2293.158440907515,2084.885654418166,0.000194193788
4.850000,3,-0.119008458,-0.145246713,-0.046120465,0.089045757339,233.349806444884,2371.822534644846,2138.472967735619,0.000239535628
4.900000,0,-0.002105738,-0.242229185,-0.034184674,0.095549154420,73.504109199652,458.506501171090,385.002898929636,0.000506958195
4.900000,1,-0.016467060,-0.242135902,-0.034627989,0.095548254467,71.688431106411,452.464385486390,380.776411814833,0.000457434857
4.900000,2,0.078450474,-0.183780542,-0.050774706,0.089160550779,120.749343793544,2209.049150290130,2088.299999334879,0.000192838247
4.900000,3,-0.111015770,-0.178333349,-0.054518859,0.089051348962,144.154121069715,2287.067163691114,2142.913282565565,0.000239944139
4.950000,0,-0.002008562,-0.274983406,-0.051487350,0.095616414353,2.249704282826,396.105230414740,393.856061555112,0.000535423195
4.950000,1,-0.014110180,-0.274455981,-0.051371791,0.095612025966,0.745908369345,390.222504280918,389.477082819962,0.000486908393
4.950000,2,0.066972229,-0.216706553,-0.061421758,0.089292777940,43.543316622428,2140.542334165775,2096.999208016021,0.000190472630
4.950000,3,-0.095028325,-0.213479056,-0.065864287,0.089235137182,60.461562196877,2213.177699688366,2152.716372612634,0.000235121117
5.000000,0,-0.001660587,-0.300433610,-0.071408220,0.095660450368,-38.550626167674,370.444307795699,408.995494095059,0.000560131684
5.000000,1,-0.010513936,-0.299653939,-0.070861813,0.095657043888,-39.531411004255,364.709615044104,404.241538345859,0.000512297505
5.000000,2,0.051213624,-0.242999358,-0.073071089,0.089224287731,-1.411673818479,2110.941018698454,2112.352883020424,0.000190503444
5.000000,3,-0.070570409,-0.242841888,-0.079256046,0.089434023136,13.210229641911,2181.845567680338,2168.635577123131,0.000239084680
5.050000,0,-0.001311013,-0.301684849,-0.091231637,0.095607190845,-54.027316838202,370.443255580360,424.471121408668,0.000548990102
5.050000,1,-0.005907306,-0.300999437,-0.090452571,0.095606306215,-54.635507814120,364.708562828765,419.344579015020,0.000508372139
5.050000,2,0.028517310,-0.245906230,-0.083365314,0.089206001323,-17.770273340651,2110.939492211078,2128.709957046087,0.000191494317
5.050000,3,-0.039477708,-0.245706865,-0.091237773,0.089219746283,-3.716550329198,2181.844041192963,2185.560833140965,0.000241618784
5.100000,0,-0.001095541,-0.275421235,-0.107066321,0.095465494889,-61.124399796667,370.443255580360,431.568173955781,0.000518578752
5.100000,1,-0.001005191,-0.275191922,-0.106216633,0.095465889101,-61.552850108313,364.708562828765,426.261897143292,0.000484206219
5.100000,2,0.000264115,-0.223386343,-0.091369560,0.088976070463,-25.172816434699,2110.939492211078,2136.112497841623,0.000189195805
5.100000,3,-0.005930511,-0.224425142,-0.099677119,0.089062042939,-11.554734770660,2181.844041192963,2193.399020474352,0.000244510706
5.150000,0,-0.001037627,-0.243899166,-0.114159286,0.095358882622,-65.422706759729,370.443255580360,435.866501765365,0.000539425273
5.150000,1,0.003593479,-0.244049059,-0.113436828,0.095359256170,-65.710600181312,364.708562828765,430.419668685544,0.000505675471
5.150000,2,-0.028045876,-0.197112725,-0.097712919,0.088806679509,-28.586303174206,2110.939492211078,2139.525989028072,0.000193642745
5.150000,3,0.025895171,-0.199440952,-0.102906234,0.088866633487,-15.342137154791,2181.844041192963,2197.186426614001,0.000248266223
5.200000,0,-0.001008809,-0.224775128,-0.109672139,0.095328833359,-72.238965751250,370.443255580360,442.682785795434,0.000564463820
5.200000,1,0.007835104,-0.225019675,-0.109238694,0.095329215019,-72.340294673020,364.708562828765,437.049389372480,0.000531870698
5.200000,2,-0.052400365,-0.181559373,-0.096952786,0.088977722617,-33.401428218052,2110.939492211078,2144.341110098233,0.000189669058
5.200000,3,0.059137483,-0.184138469,-0.097247116,0.088973379693,-19.892211458058,2181.844041192963,2201.736505116151,0.000252465104
5.250000,0,-0.000875699,-0.223968158,-0.095886889,0.095364974443,-77.470602269475,370.443255580360,447.914400417063,0.000542567225
5.250000,1,0.011951966,-0.224106223,-0.095819674,0.095366511295,-77.464177460180,364.708562828765,442.173250270984,0.000509982042
5.250000,2,-0.071763638,-0.180345078,-0.085015690,0.089091000668,-36.828471463236,2110.939492211078,2147.768148731437,0.000185057076
5.250000,3,0.089792594,-0.179900203,-0.082574409,0.089018155967,-22.463094985998,2181.844041192963,2204.307388032640,0.000251853653
5.300000,0,-0.000509137,-0.239320430,-0.077429864,0.095440405193,-78.591936762103,370.443255580360,449.035698556641,0.000506214175
5.300000,1,0.016383575,-0.239138362,-0.077800633,0.095440206316,-78.581769508676,364.708562828765,443.290805123823,0.000472786385
5.300000,2,-0.089546311,-0.187346890,-0.065889706,0.089270840462,-38.185521154098,2110.939492211078,2149.125200383712,0.000187018491
5.300000,3,0.117677742,-0.182101128,-0.065193750,0.089151044786,-23.706683557445,2181.844041192963,2205.550969895864,0.000245145429
5.350000,0,0.000059036,-0.258715473,-0.057735362,0.095515755377,-79.588865941489,370.443255580360,450.032651175830,0.000529653978
5.350000,1,0.021089343,-0.258149916,-0.058612054,0.095515581004,-79.553142687970,364.708562828765,444.262204202618,0.000498685887
5.350000,2,-0.108445156,-0.193561659,-0.050447880,0.089205166174,-41.163795565011,2110.939492211078,2152.103471545255,0.000183769119
5.350000,3,0.142257329,-0.184351928,-0.052064017,0.089090631853,-27.161716198498,2181.844041192963,2209.006002836576,0.000245445090
5.400000,0,0.000405088,-0.266780112,-0.039961948,0.095549761434,-83.284341002056,370.443255580360,453.728160924373,0.000564341954
5.400000,1,0.024961108,-0.266053742,-0.041301003,0.095548599970,-83.141598328451,364.708562828765,447.850693580289,0.000532423078
5.400000,2,-0.127528239,-0.192085036,-0.046150044,0.089005938015,-45.215779282356,2110.939492211078,2156.155457913832,0.000186420350
5.400000,3,0.162029691,-0.178536421,-0.049049085,0.089173983665,-31.441459447736,2181.844041192963,2213.285744408806,0.000243768081
5.450000,0,0.000598619,-0.260237650,-0.028371148,0.095521086518,-87.099943065134,370.443255580360,457.543755552964,0.000556907466
5.450000,1,0.027024887,-0.259564625,-0.029961074,0.095520859071,-86.852916395004,364.708562828765,451.562016870955,0.000537647189
5.450000,2,-0.139094621,-0.181481483,-0.052453226,0.088857441348,-47.376404424144,2110.939492211078,2158.316082564872,0.000185929604
5.450000,3,0.170615189,-0.163312442,-0.057412323,0.089044391005,-33.768832558963,2181.844041192963,2215.613110899196,0.000237147244
5.500000,0,0.001003544,-0.244375138,-0.025957858,0.095459393610,-88.942906819395,370.443255580360,459.386690890619,0.000528490860
5.500000,1,0.027166111,-0.243876966,-0.027518412,0.095459859233,-88.644200287720,364.708562828765,453.353282375092,0.000519258611
5.500000,2,-0.137070628,-0.167612424,-0.065081428,0.089081496879,-48.207484576873,2110.939492211078,2159.147164569631,0.000187781633
5.500000,3,0.165305361,-0.149646837,-0.072818745,0.089028229254,-34.899619814928,2181.844041192963,2216.743898722225,0.000237714308
5.550000,0,0.001571946,-0.227175254,-0.032025105,0.095406370792,-90.254754646649,370.443255580360,460.698559336744,0.000549109731
5.550000,1,0.025828449,-0.226863661,-0.033360990,0.095407013898,-89.927612800181,364.708562828765,454.636713545546,0.000537916605
5.550000,2,-0.124953401,-0.161300011,-0.077304673,0.089029718594,-49.649281371727,2110.939492211078,2160.588959439199,0.000185856345
5.550000,3,0.152896711,-0.147018291,-0.088883373,0.088986000908,-36.776745065861,2181.844041192963,2218.621025845081,0.000239586231
5.600000,0,0.001908075,-0.218736687,-0.041489392,0.095391600887,-92.194116587873,370.443255580360,462.637945109699,0.000572941461
5.600000,1,0.023819093,-0.218521510,-0.042554549,0.095393359925,-91.834750785175,364.708562828765,456.543869971110,0.000556357175
5.600000,2,-0.111511978,-0.167921261,-0.084240828,0.089233226321,-51.760939585770,2110.939492211078,2162.700618442876,0.000186645980
5.600000,3,0.140742779,-0.157277045,-0.098674013,0.088931830476,-39.176990941474,2181.844041192963,2221.021271821102,0.000239686641
5.650000,0,0.001895419,-0.223303069,-0.049472171,0.095401435821,-93.733215303055,370.443255580360,464.177039565497,0.000568682078
5.650000,1,0.021704438,-0.223062388,-0.050300743,0.095401699613,-93.351951445381,364.708562828765,458.061070595804,0.000556321663
5.650000,2,-0.101270972,-0.181626047,-0.086408297,0.089143672815,-53.403164406708,2110.939492211078,2164.342843461317,0.000186843483
5.650000,3,0.131834083,-0.175100575,-0.101082863,0.089069862658,-40.968572225412,2181.844041192963,2222.812851222314,0.000237803914
5.700000,0,0.001803155,-0.236051425,-0.055321837,0.095431125056,-94.170961118259,370.443255580360,464.614769290773,0.000552592150
5.700000,1,0.019441889,-0.235702314,-0.055942728,0.095430652629,-93.781018004422,364.708562828765,458.490118058140,0.000537224958
5.700000,2,-0.094067680,-0.196118449,-0.087072533,0.089031111429,-54.368565364923,2110.939492211078,2165.308249021963,0.000191445914
5.700000,3,0.122625622,-0.192872984,-0.100135638,0.089169571073,-42.429271372027,2181.844041192963,2224.273550856500,0.000238291483
5.750000,0,0.001885133,-0.249616798,-0.060821312,0.095469853851,-94.406987402992,370.443255580360,464.850800594790,0.000557611434
5.750000,1,0.016713473,-0.249241172,-0.061212066,0.095469480024,-94.009070808544,364.708562828765,458.718171216717,0.000537579413
5.750000,2,-0.084672021,-0.207693204,-0.086754947,0.088917734854,-55.773948306121,2110.939492211078,2166.713631471940,0.000190954696
5.750000,3,0.108450063,-0.204653000,-0.098425034,0.089087679142,-44.534095400646,2181.844041192963,2226.378375050496,0.000238456859
5.800000,0,0.002152730,-0.259130406,-0.066751903,0.095489436699,-95.292226142017,370.443255580360,465.736054950172,0.000573227791
5.800000,1,0.013246288,-0.258806062,-0.066900735,0.095489192684,-94.877332175894,364.708562828765,459.586458533199,0.000563528546
5.800000,2,-0.067090660,-0.212284746,-0.084158878,0.089005404177,-57.568595514877,2110.939492211078,2168.508277510303,0.000189784303
5.800000,3,0.087266548,-0.209761270,-0.094338308,0.089104392918,-46.642054127299,2181.844041192963,2228.486334674124,0.000239353831
5.850000,0,0.002287585,-0.261397707,-0.072298577,0.095485109089,-96.413224388437,370.443255580360,466.857060957483,0.000580988681
5.850000,1,0.008932890,-0.261186602,-0.072221765,0.095483982224,-95.978564741802,364.708562828765,460.687695325601,0.000567755039
5.850000,2,-0.041715620,-0.209869027,-0.078112760,0.089007956608,-58.539143232456,2110.939492211078,2169.478827406029,0.000191962453
5.850000,3,0.059388973,-0.208867528,-0.085142740,0.089086755301,-47.593805872292,2181.844041192963,2229.438083390254,0.000236324969
5.900000,0,0.002226262,-0.256113606,-0.076430417,0.095455170789,-97.107940066371,370.443255580360,467.551769687562,0.000574040826
5.900000,1,0.004243740,-0.256050805,-0.076171174,0.095455442763,-96.655931540975,364.708562828765,461.365051143836,0.000556774102
5.900000,2,-0.013726281,-0.204570208,-0.069228658,0.089082104368,-58.767184241415,2110.939492211078,2169.706869776643,0.000193324104
5.900000,3,0.027583817,-0.204416871,-0.071197587,0.089000564914,-47.789004383564,2181.844041192963,2229.633282707790,0.000237131231
5.950000,0,0.001971588,-0.248037358,-0.078724669,0.095430114425,-97.499346124009,370.443255580360,467.943172346813,0.000570642439
5.950000,1,-0.000404047,-0.248070062,-0.078338790,0.095429987608,-97.030702168881,364.708562828765,461.739823251509,0.000558253869
5.950000,2,0.008643616,-0.198937619,-0.061199219,0.089147991240,-59.026345498436,2110.939492211078,2169.966025779501,0.000188069943
5.950000,3,-0.001658482,-0.200297792,-0.058113817,0.089162480556,-48.115431892701,2181.844041192963,2229.959709950145,0.000236864451
6.000000,0,0.001729440,-0.242850712,-0.078669451,0.095418218549,-97.933844252848,370.443255580360,468.377670346925,0.000570513712
6.000000,1,-0.004769252,-0.242914824,-0.078259518,0.095420014937,-97.448442625953,364.708562828765,462.157573411956,0.000567957243
6.000000,2,0.027297637,-0.195438790,-0.055923124,0.089138469871,-59.448962110516,2110.939492211078,2170.388643521194,0.000189199557
6.000000,3,-0.027488702,-0.196240272,-0.049406093,0.089025402676,-48.754079684790,2181.844041192963,2230.598358124737,0.000237246954
6.050000,0,0.001491136,-0.253564384,-0.075462973,0.095455915993,-86.039747455601,382.572635913830,468.612969694434,0.000586324998
6.050000,1,-0.008984980,-0.253562290,-0.075171846,0.095458740179,-85.523480647473,376.863813297687,462.387877765519,0.000583820366
6.050000,2,0.044599524,-0.207238184,-0.053887142,0.089074296467,-44.003936624526,2127.176282917958,2171.180407814579,0.000188272053
6.050000,3,-0.051070406,-0.207261545,-0.045740351,0.089237560586,-32.887129804323,2198.834513279823,2231.721882259994,0.000239175818
6.100000,0,0.001070185,-0.282151853,-0.068855296,0.095558141739,-38.784014611499,431.349976811619,470.134600662695,0.000609239571
6.100000,1,-0.013255361,-0.282019185,-0.068810568,0.095558515470,-38.225375339757,425.696644896379,463.922626393901,0.000606157771
6.100000,2,0.062909359,-0.233261805,-0.055149341,0.089125810545,17.713313207599,2193.014389244611,2175.301266405123,0.000190368073
6.100000,3,-0.073810414,-0.231900423,-0.047637752,0.089212391527,31.895096149021,2268.388397003738,2236.493535354612,0.000234499866
6.150000,0,0.000683562,-0.309107694,-0.061119185,0.095652037310,57.470830000071,535.068421890422,477.598228323213,0.000636432856
6.150000,1,-0.017035257,-0.308845536,-0.061335880,0.095651702674,58.025979180983,529.409829866647,471.384483862116,0.000633176459
6.150000,2,0.079825538,-0.249365102,-0.060168630,0.089224990956,142.261868478946,2328.323695124009,2186.062015075175,0.000188430071
6.150000,3,-0.093792439,-0.245825188,-0.055555655,0.089273719618,151.172852740454,2398.741112051825,2247.568497127440,0.000237816039
6.200000,0,0.000287927,-0.318221182,-0.056862027,0.095656765505,192.303056023695,680.909638005633,488.607228226737,0.000646244794
6.200000,1,-0.019621070,-0.317833828,-0.057275794,0.095655042643,192.705202829511,675.060879199072,482.356317901553,0.000641531997
6.200000,2,0.090288820,-0.244856798,-0.071971611,0.089176649116,301.035206357977,2498.318333861673,2197.283318136135,0.000190632400
6.200000,3,-0.106892316,-0.239707222,-0.071366805,0.089139628188,308.908780633947,2566.947906937200,2258.039361856857,0.000235553570
6.250000,0,-0.000218643,-0.303595071,-0.059320935,0.095551055738,323.259926836554,817.766738904149,494.507427247038,0.000615179437
6.250000,1,-0.020549779,-0.303173340,-0.059847264,0.095552144833,323.494162173634,811.718005085179,488.224458358620,0.000615447083
6.250000,2,0.090511456,-0.222221119,-0.093227899,0.089278115195,437.588272797256,2639.125779283016,2201.537695060261,0.000188574463
6.250000,3,-0.109518876,-0.217150872,-0.096644247,0.089088056621,444.091984288885,2705.926811818326,2261.835064547454,0.000237017979
6.300000,0,-0.000784996,-0.270943856,-0.067657743,0.095421366986,406.115450058114,901.226405379727,495.111555785524,0.000600463905
6.300000,1,-0.019841944,-0.270586585,-0.068243002,0.095421396483,406.141368486292,894.968562372068,488.827796203412,0.000602317644
6.300000,2,0.081870722,-0.190291655,-0.118963573,0.089071745981,512.260107536445,2714.655307476012,2202.395388807377,0.000188867773
6.300000,3,-0.100828330,-0.186818375,-0.124770732,0.089069816723,511.981010443531,2774.860455834256,2262.879682658964,0.000237268207
6.350000,0,-0.001164226,-0.235186978,-0.075879686,0.095322777198,429.069526380438,928.163844358157,499.094946435118,0.000628457394
6.350000,1,-0.018219564,-0.234920009,-0.076495080,0.095322005640,429.117123920555,921.932406417382,492.815913179647,0.000630682827
6.350000,2,0.071627994,-0.160735400,-0.136185431,0.088854655287,519.114246499802,2727.226061215905,2208.112004992000,0.000190275860
6.350000,3,-0.090107722,-0.159417236,-0.143982318,0.088964042910,518.369690498859,2786.721177279482,2268.351724060807,0.000237280153
6.400000,0,-0.001402131,-0.209001260,-0.076766340,0.095279569428,413.321587127015,923.428688025035,510.107754646462,0.000653748438
6.400000,1,-0.016830976,-0.208830480,-0.077389379,0.095279130576,413.383711152671,917.197054440549,503.813997445395,0.000654157524
6.400000,2,0.065420268,-0.141134096,-0.136280737,0.088884140426,490.364454660760,2709.462975487050,2219.098711406988,0.000190580659
6.400000,3,-0.083923842,-0.139164664,-0.145684112,0.089011201538,497.217143812486,2776.227528520429,2279.010622581451,0.000237873478
6.450000,0,-0.001807324,-0.194394076,-0.068688164,0.095288876384,390.263299944537,913.756158627330,523.493531385493,0.000672702695
6.450000,1,-0.016404276,-0.194279049,-0.069305506,0.095288176742,390.403185294203,907.573485323912,517.170975553372,0.000675523670
6.450000,2,0.064852414,-0.130806851,-0.125588986,0.088912397790,463.647195414380,2694.085680929044,2230.438675669894,0.000190155194
6.450000,3,-0.084918389,-0.127764646,-0.135740041,0.088909107804,473.404646375808,2763.680772011488,2290.276362366782,0.000236731073
6.500000,0,-0.002405816,-0.188168525,-0.055698469,0.095322311097,377.241208268634,911.284069539802,534.043537400732,0.000676129559
6.500000,1,-0.016772049,-0.188059239,-0.056305558,0.095322529783,377.425596685537,905.119195164815,527.694274448837,0.000675969565
6.500000,2,0.066874644,-0.128125932,-0.114445933,0.088956919273,451.921386462508,2690.762766774887,2238.841570468259,0.000190155843
6.500000,3,-0.088771208,-0.125239753,-0.124701690,0.088912452007,459.467810949608,2758.149409804530,2298.681836003177,0.000237148223
6.550000,0,-0.003018915,-0.186644990,-0.042090549,0.095355303408,370.096128774108,910.663767263606,540.568300890924,0.000662401421
6.550000,1,-0.017231112,-0.186503894,-0.042670583,0.095354877394,370.296944567166,904.499517778590,534.203235984939,0.000662773523
6.550000,2,0.067415233,-0.128923165,-0.104738697,0.089018982651,447.239709010086,2691.509451695526,2244.269931105781,0.000188420304
6.550000,3,-0.091563432,-0.124698675,-0.114451369,0.088906942448,453.899047009214,2758.066736650057,2304.167924495860,0.000234854988
6.600000,0,-0.003532040,-0.185319327,-0.029461368,0.095376011645,358.223196044587,902.802287738245,544.579739200265,0.000647506601
6.600000,1,-0.017243234,-0.185153375,-0.029979121,0.095376118930,358.411186947428,896.619061956885,538.208517876930,0.000642867480
6.600000,2,0.065242020,-0.127298879,-0.090523896,0.089003733485,437.135803733790,2685.474045661379,2248.338429894812,0.000187967189
6.600000,3,-0.091894178,-0.121628129,-0.099171934,0.088928222444,448.181237017338,2756.544996254288,2308.363999637805,0.000240400827
6.650000,0,-0.004007998,-0.181404439,-0.018868232,0.095395020657,336.539134887936,884.127023375298,547.588533950151,0.000645462784
6.650000,1,-0.016815233,-0.181241582,-0.019292264,0.095396486782,336.762407314658,877.980905746106,541.219144423718,0.000645992278
6.650000,2,0.061562907,-0.125056505,-0.069461464,0.089053352319,421.929230408744,2674.010291927986,2252.081250648910,0.000189129631
6.650000,3,-0.091054664,-0.119938922,-0.076547056,0.089095260154,434.763916312036,2747.095044869595,2312.331371367497,0.000242809907
6.700000,0,-0.004407923,-0.177488761,-0.012590879,0.095403044251,305.314588840844,855.443197555285,550.129260359662,0.000651645216
6.700000,1,-0.016068297,-0.177294973,-0.012925537,0.095403699940,305.541915052545,849.309506810622,543.768241025311,0.000649267244
6.700000,2,0.058306538,-0.128153984,-0.047717110,0.089177716495,396.180510687398,2651.749577944355,2255.569262102683,0.000194845690
6.700000,3,-0.089384011,-0.123864595,-0.052298313,0.089141285023,405.949833829417,2722.136276234535,2316.186688431702,0.000246026554
6.750000,0,-0.004615029,-0.179361582,-0.012335356,0.095407352368,263.872770341167,815.852831691468,551.980715470928,0.000654120622
6.750000,1,-0.015030844,-0.179169174,-0.012585851,0.095407842695,264.139107490046,809.769875428573,545.631415791488,0.000647852971
6.750000,2,0.055761988,-0.136663031,-0.032895557,0.089223585113,351.930027279414,2610.269950278520,2258.340117622237,0.000194623095
6.750000,3,-0.086044332,-0.132195768,-0.035530874,0.089126976727,356.354594737659,2675.819861318392,2319.465509595340,0.000243014577
6.800000,0,-0.004682934,-0.191656846,-0.017254615,0.095435763192,210.624368018070,763.449595605218,552.825870678403,0.000643091249
6.800000,1,-0.013690136,-0.191486686,-0.017429341,0.095435837804,210.917423863583,757.402662280474,546.485869081476,0.000630664594
6.800000,2,0.051645263,-0.149705075,-0.028660626,0.088993855394,285.771797074629,2545.802402377974,2260.030803161975,0.000197858594
6.800000,3,-0.081099540,-0.145016475,-0.030313020,0.089043857484,288.008706980099,2609.596345620271,2321.587885585793,0.000246945593
6.850000,0,-0.004639090,-0.214841195,-0.025436254,0.095484379824,143.481554181274,696.900244155984,553.419337764365,0.000647789649
6.850000,1,-0.011899932,-0.214716188,-0.025534508,0.095484648395,143.805781431864,690.886555664468,547.081418738333,0.000644505738
6.850000,2,0.045053004,-0.171113258,-0.031770703,0.089078180028,197.845258052819,2459.441949808009,2261.596889372508,0.000197617283
6.850000,3,-0.073389370,-0.166767580,-0.033261870,0.089119683552,204.377437102455,2527.691016787788,2323.313822599735,0.000242914373
6.900000,0,-0.004426802,-0.245469370,-0.036468237,0.095550547460,66.755153996405,623.127499117717,556.373015240168,0.000670118852
6.900000,1,-0.009485941,-0.245371915,-0.036487933,0.095550823023,67.137575671554,617.166751461951,550.029845351013,0.000669560625
6.900000,2,0.034966138,-0.199747980,-0.038202998,0.089094371108,101.671618430365,2366.964642271538,2265.293218717446,0.000194876234
6.900000,3,-0.061248274,-0.196672101,-0.039869696,0.089149108661,115.208308613207,2442.035411256847,2326.827345166304,0.000242522635
6.950000,0,-0.003965896,-0.276710636,-0.051269827,0.095615153098,-4.057088830540,560.794487306933,564.852271498006,0.000695360528
6.950000,1,-0.006412531,-0.276693258,-0.051212575,0.095616661308,-3.675845876375,554.827111263942,558.503652708328,0.000695568020
6.950000,2,0.021347414,-0.228336051,-0.048356379,0.089337626468,22.022503619509,2295.498294619528,2273.475989983728,0.000198983671
6.950000,3,-0.042789807,-0.226862424,-0.049972658,0.089229898800,34.303371920927,2368.947197105817,2334.644064389000,0.000239204079
7.000000,0,-0.003194305,-0.301106944,-0.069627006,0.095659580084,-43.789929533630,535.354387712036,579.145040115925,0.000722870254
7.000000,1,-0.002850161,-0.301153666,-0.069521880,0.095661033393,-43.416516392022,529.385739344816,572.802977455855,0.000721719025
7.000000,2,0.005820959,-0.249575257,-0.064107098,0.089293373586,-20.411802494756,2266.134411078308,2286.546411413047,0.000197839947
7.000000,3,-0.019096926,-0.250781183,-0.065231894,0.089268219971,-9.301307939077,2338.406456723392,2347.708006581635,0.000241919132
7.050000,0,-0.002115017,-0.301884411,-0.088572514,0.095608111199,-58.151634607739,535.353335496697,593.505683701076,0.000713596634
7.050000,1,0.001017152,-0.301956603,-0.088453203,0.095607037818,-57.796153326990,529.384687129478,587.181553209783,0.000712753324
7.050000,2,-0.009861150,-0.248729670,-0.082788147,0.089299776275,-33.672004686864,2266.132884590933,2299.805086302173,0.000197024338
7.050000,3,0.005419485,-0.251533991,-0.082671144,0.089331261080,-23.215671929676,2338.404930236017,2361.620843551443,0.000241385714
7.100000,0,-0.000844809,-0.275639106,-0.103765707,0.095465392621,-64.380686117936,535.353335496697,599.734708774046,0.000687159407
7.100000,1,0.004895922,-0.275706104,-0.103680131,0.095465903548,-64.030873221115,529.384687129478,593.416244872904,0.000684522319
7.100000,2,-0.023997886,-0.225162564,-0.098511257,0.089002421412,-39.619689086265,2266.132884590933,2305.752768196025,0.000194518790
7.100000,3,0.027731342,-0.228359944,-0.098062379,0.089145534440,-29.712138201017,2338.404930236017,2368.117308743942,0.000240306871
7.150000,0,0.000416135,-0.244408363,-0.110599651,0.095358940432,-68.173952092289,535.353335496697,603.527994960178,0.000707371186
7.150000,1,0.008565565,-0.244412500,-0.110587220,0.095359686675,-67.811507933878,529.384687129478,597.196903842888,0.000708779540
7.150000,2,-0.038150955,-0.200278540,-0.106624942,0.088888983131,-43.670516597687,2266.132884590933,2309.803597975793,0.000196787136
7.150000,3,0.049795661,-0.202873716,-0.107008346,0.088961906115,-33.518305015268,2338.404930236017,2371.923471607195,0.000236355873
7.200000,0,0.001631267,-0.225652038,-0.106502949,0.095327943140,-74.668295901007,535.353335496697,610.022373347452,0.000741949741
7.200000,1,0.012076457,-0.225561274,-0.106587280,0.095329330356,-74.290082504957,529.384687129478,603.675512484131,0.000742849705
7.200000,2,-0.052055155,-0.188276641,-0.102624768,0.088881294981,-49.407272265577,2266.132884590933,2315.540354974582,0.000198118034
7.200000,3,0.071723600,-0.187387628,-0.104793164,0.088900963570,-38.859642764560,2338.404930236017,2377.264809716841,0.000236716226
7.250000,0,0.002812589,-0.225082815,-0.093686978,0.095362457757,-79.745356766101,535.353335496697,615.099414131469,0.000721868664
7.250000,1,0.015546242,-0.224876832,-0.093880403,0.095362977266,-79.361269661727,529.384687129478,608.746683537746,0.000726746550
7.250000,2,-0.065323508,-0.188994817,-0.088517396,0.089029968694,-52.877603935671,2266.132884590933,2319.010685730061,0.000197203416
7.250000,3,0.092247788,-0.184652125,-0.092352606,0.088943429862,-42.283001830136,2338.404930236017,2380.688172026885,0.000239960693
7.300000,0,0.003957126,-0.240344723,-0.076411801,0.095434516260,-80.846367627357,535.353335496697,616.200390006560,0.000686882499
7.300000,1,0.019110896,-0.240001917,-0.076726401,0.095434228640,-80.465925617073,529.384687129478,609.851302679347,0.000689932805
7.300000,2,-0.076666049,-0.197027162,-0.070453453,0.089091374574,-53.490712050721,2266.132884590933,2319.623793143750,0.000196502052
7.300000,3,0.110355429,-0.190023480,-0.075831084,0.089141564245,-43.151825139215,2338.404930236017,2381.556995585333,0.000240210061
7.350000,0,0.005064450,-0.259482044,-0.057876654,0.095509824704,-81.714580084177,535.353335496697,617.068626633323,0.000711052443
7.350000,1,0.022592662,-0.259021744,-0.058330028,0.095509685655,-81.334510710555,529.384687129478,610.719909374879,0.000711534854
7.350000,2,-0.088294875,-0.205968571,-0.054847967,0.089210727315,-55.409885601075,2266.132884590933,2321.542963892723,0.000193700673
7.350000,3,0.127059339,-0.195903987,-0.062307139,0.089184813391,-45.177034953437,2338.404930236017,2383.582205161072,0.000239971579
7.400000,0,0.006059368,-0.267606127,-0.041274766,0.095545665901,-85.066488951295,535.353335496697,620.420570538906,0.000746090907
7.400000,1,0.025285049,-0.267044065,-0.041873773,0.095544960007,-84.674000052344,529.384687129478,614.059435095512,0.000747913699
7.400000,2,-0.096940276,-0.207434483,-0.044728256,0.089239736554,-58.802950849053,2266.132884590933,2324.936028637852,0.000193197824
7.400000,3,0.140459040,-0.195082154,-0.055608170,0.089332250444,-48.511844006738,2338.404930236017,2386.917010810972,0.000236568180
7.450000,0,0.006722899,-0.261442581,-0.030714425,0.095521135095,-88.502529040694,535.353335496697,623.856600574532,0.000736037134
7.450000,1,0.026297881,-0.260842091,-0.031419919,0.095520433557,-88.092284673655,529.384687129478,617.477710652579,0.000738849455
7.450000,2,-0.098071968,-0.196840096,-0.042264751,0.089036183579,-60.913568329289,2266.132884590933,2327.046650907754,0.000197987489
7.450000,3,0.144089931,-0.183651291,-0.056108896,0.089068957675,-50.487620211973,2338.404930236017,2388.892790566822,0.000240118797
7.500000,0,0.006836231,-0.246114979,-0.028821693,0.095458036871,-90.085968218586,535.353335496697,625.440022376794,0.000718661505
7.500000,1,0.025239998,-0.245578231,-0.029555706,0.095456722178,-89.662997348281,529.384687129478,619.048399568308,0.000715090558
7.500000,2,-0.091235145,-0.182637688,-0.047635507,0.089011172747,-61.912797339894,2266.132884590933,2328.045877727373,0.000195796505
7.500000,3,0.135802565,-0.170258711,-0.062707451,0.088938789171,-51.425405448620,2338.404930236017,2389.830574323147,0.000238638475
7.550000,0,0.006454665,-0.229467671,-0.034671820,0.095406985821,-91.225699463240,535.353335496697,626.579767337701,0.000732377757
7.550000,1,0.022610854,-0.229039292,-0.035358648,0.095406656226,-90.798091583942,529.384687129478,620.183510935564,0.000732222153
7.550000,2,-0.079865549,-0.176022046,-0.057974345,0.089012021157,-63.433219572140,2266.132884590933,2329.566303574553,0.000199411439
7.550000,3,0.121033673,-0.166245220,-0.072234555,0.088878051032,-53.045262208445,2338.404930236017,2391.450430732842,0.000238288346
7.600000,0,0.005926351,-0.221178606,-0.043416169,0.095396647780,-93.020848894849,535.353335496697,628.374942317236,0.000757925683
7.600000,1,0.019578060,-0.220888091,-0.044012959,0.095396931436,-92.592504863642,529.384687129478,621.977953804453,0.000761811342
7.600000,2,-0.068368292,-0.180974011,-0.067176144,0.089011850384,-65.197771861458,2266.132884590933,2331.330856189724,0.000199737290
7.600000,3,0.105335989,-0.174239034,-0.079533029,0.089037527585,-54.990087227382,2338.404930236017,2393.395254621184,0.000237157752
7.650000,0,0.005489403,-0.225518179,-0.050630004,0.095408060920,-94.462618556497,535.353335496697,629.816708286345,0.000754233144
7.650000,1,0.016833090,-0.225339910,-0.051125430,0.095407720848,-94.032624170457,529.384687129478,623.418069394728,0.000758094802
7.650000,2,-0.057456378,-0.193698141,-0.070734440,0.089059631978,-66.126302649020,2266.132884590933,2332.259388279631,0.000201039636
7.650000,3,0.092005597,-0.188857007,-0.081902350,0.089019628324,-56.136932560625,2338.404930236017,2394.542099303746,0.000236507072
7.700000,0,0.005078786,-0.237719861,-0.055911758,0.095437264821,-94.864675735878,535.353335496697,630.218751686942,0.000740454360
7.700000,1,0.014091079,-0.237650352,-0.056289996,0.095437467150,-94.432710160598,529.384687129478,623.818127249097,0.000729959030
7.700000,2,-0.047202295,-0.207394780,-0.071182076,0.089181373598,-66.577438400516,2266.132884590933,2332.710523722896,0.000200731406
7.700000,3,0.079482154,-0.204632863,-0.080709403,0.089308934111,-56.783316571986,2338.404930236017,2395.188483629566,0.000236821529
7.750000,0,0.004508086,-0.250619324,-0.060921548,0.095470018097,-95.064857207162,535.353335496697,630.418941337790,0.000748633925
7.750000,1,0.010826424,-0.250636472,-0.061160233,0.095470494845,-94.635713765497,529.384687129478,624.021138802128,0.000737907162
7.750000,2,-0.035622392,-0.216570801,-0.072067455,0.089090209744,-67.650233650578,2266.132884590933,2333.783315854981,0.000197613428
7.750000,3,0.063587348,-0.215374044,-0.078915249,0.089176098878,-58.013355408231,2338.404930236017,2396.418519651497,0.000234007215
7.800000,0,0.003644044,-0.259607766,-0.066338726,0.095489497330,-95.852319158162,535.353335496697,631.206414629956,0.000759975090
7.800000,1,0.006762270,-0.259673991,-0.066422242,0.095490083365,-95.430298247654,529.384687129478,624.815739314009,0.000753936886
7.800000,2,-0.020577666,-0.218934719,-0.074305689,0.089041506525,-69.019179973135,2266.132884590933,2335.152262500912,0.000197936802
7.800000,3,0.041756399,-0.219100878,-0.077607387,0.089038298226,-59.535068889807,2338.404930236017,2397.940230199877,0.000231074016
7.850000,0,0.002530655,-0.261545137,-0.071462392,0.095484229036,-96.839756032950,535.353335496697,632.193855519413,0.000763989760
7.850000,1,0.002138001,-0.261640326,-0.071397866,0.095485662779,-96.421671474134,529.384687129478,625.807115709860,0.000757106257
7.850000,2,-0.001253681,-0.214751279,-0.075811284,0.088948012338,-69.713873941290,2266.132884590933,2335.846955326709,0.000196794443
7.850000,3,0.014406259,-0.216004694,-0.075306057,0.089018133605,-60.268610806799,2338.404930236017,2398.673773952958,0.000232910103
7.900000,0,0.001325940,-0.256303418,-0.075350809,0.095455345659,-97.434639012897,535.353335496697,632.788738759828,0.000764250228
7.900000,1,-0.002454952,-0.256359531,-0.075183059,0.095455734860,-97.013238040613,529.384687129478,626.398678044489,0.000752874406
7.900000,2,0.018097530,-0.207252202,-0.074137462,0.088997760521,-69.899745688321,2266.132884590933,2336.032823654202,0.000193374908
7.900000,3,-0.013405635,-0.208627737,-0.070685689,0.089025706402,-60.403791956734,2338.404930236017,2398.808957488364,0.000235295573
7.950000,0,0.000170002,-0.248500027,-0.077578552,0.095429291391,-97.773022121634,535.353335496697,633.127123276503,0.000765658166
7.950000,1,-0.006645020,-0.248491014,-0.077364657,0.095428562071,-97.342572587107,529.384687129478,626.728018296571,0.000758579994
7.950000,2,0.033749568,-0.200567022,-0.069111713,0.089116904665,-70.134872203638,2266.132884590933,2336.267951329898,0.000194535284
7.950000,3,-0.037453748,-0.201612823,-0.064281445,0.089149957227,-60.602599286640,2338.404930236017,2399.007763436458,0.000233913760
8.000000,0,-0.000918651,-0.243520854,-0.077615811,0.095413897694,-98.171430385012,535.353335496697,633.525530369412,0.000764487697
8.000000,1,-0.010448507,-0.243438198,-0.077412157,0.095413593057,-97.731877894240,529.384687129478,627.117327370626,0.000762346916
8.000000,2,0.046478058,-0.197080747,-0.063437916,0.089213661215,-70.460675378733,2266.132884590933,2336.593756478033,0.000196508325
8.000000,3,-0.056852147,-0.196573820,-0.058872110,0.089165411237,-60.980838781529,2338.404930236017,2399.386000500694,0.000231483107
8.050000,0,-0.002005362,-0.243048921,-0.074569656,0.095423323887,-98.471194369646,535.353335496697,633.825284748347,0.000754881997
8.050000,1,-0.014116706,-0.242854145,-0.074439636,0.095422120408,-98.027962316571,529.384687129478,627.413407797493,0.000758351453
8.050000,2,0.057401064,-0.197641197,-0.059686268,0.089219460727,-70.764677402305,2266.132884590933,2336.897760630373,0.000198637092
8.050000,3,-0.074504802,-0.194662270,-0.056489803,0.089133834266,-61.508361601347,2338.404930236017,2399.913519096904,0.000227259500
8.100000,0,-0.003095527,-0.245462370,-0.068421976,0.095443556344,-98.550359317481,535.353335496697,633.904446059090,0.000751244906
8.100000,1,-0.017715586,-0.245153397,-0.068425750,0.095443569966,-98.108891866180,529.384687129478,627.494332449761,0.000753454111
8.100000,2,0.069114223,-0.199040712,-0.058567054,0.088992372465,-71.130009091337,2266.132884590933,2337.263094153828,0.000200471516
8.100000,3,-0.091733818,-0.194043034,-0.057375430,0.089004123193,-62.118320382397,2338.404930236017,2400.523478978476,0.000228360022
8.150000,0,-0.004144847,-0.248601880,-0.060877428,0.095461710334,-98.600732986578,535.353335496697,633.954824244902,0.000755761621
8.150000,1,-0.020956818,-0.248170523,-0.061063158,0.095462028320,-98.162133468757,529.384687129478,627.547586534556,0.000765936329
8.150000,2,0.079004842,-0.198065637,-0.059289163,0.088956164361,-71.499857917383,2266.132884590933,2337.632940194001,0.000197685643
8.150000,3,-0.107423641,-0.191010643,-0.061620767,0.089020769957,-62.607066547887,2338.404930236017,2401.012222964228,0.000226180282
8.200000,0,-0.005035176,-0.250414164,-0.054715181,0.095468835919,-98.795227199465,535.353335496697,634.149324966956,0.000762270788
8.200000,1,-0.023347646,-0.249885231,-0.055098018,0.095468258344,-98.356345114811,529.384687129478,627.741804895198,0.000772650917
8.200000,2,0.086189786,-0.195134412,-0.061834033,0.088996957572,-71.706893714499,2266.132884590933,2337.839973292868,0.000194987393
8.200000,3,-0.118956021,-0.186415599,-0.068500175,0.088935252147,-62.816433271450,2338.404930236017,2401.221589884594,0.000226377083
8.250000,0,-0.005669889,-0.249306466,-0.051941736,0.095460909306,-99.037623005714,535.353335496697,634.391727611058,0.000769108641
8.250000,1,-0.024589631,-0.248742857,-0.052505060,0.095462094123,-98.594810316965,529.384687129478,627.980279288844,0.000781842409
8.250000,2,0.088085672,-0.192949238,-0.066539794,0.089058639366,-71.773631390227,2266.132884590933,2337.906708938783,0.000192957580
8.250000,3,-0.124360415,-0.183905694,-0.077146245,0.089131161967,-62.878735150191,2338.404930236017,2401.283892537554,0.000227151302
8.300000,0,-0.006038942,-0.245903617,-0.052368444,0.095454188506,-99.196285324912,535.353335496697,634.550388103266,0.000767281652
8.300000,1,-0.024743030,-0.245337851,-0.053075885,0.095453892219,-98.748609956852,529.384687129478,628.134075384113,0.000778297790
8.300000,2,0.085315318,-0.192843528,-0.072161502,0.089195917158,-71.886738805862,2266.132884590933,2338.019816461808,0.000193064969
8.300000,3,-0.122592379,-0.183907417,-0.085225984,0.089093690041,-63.074166467556,2338.404930236017,2401.479327023378,0.000230319762
8.350000,0,-0.006198352,-0.242356150,-0.054351056,0.095441417962,-99.307941497181,535.353335496697,634.662048140632,0.000771146748
8.350000,1,-0.024039334,-0.241855921,-0.055146963,0.095442651662,-98.856957015469,529.384687129478,628.242425914487,0.000781769547
8.350000,2,0.080433052,-0.194607684,-0.077053332,0.089183464352,-72.122192083936,2266.132884590933,2338.255266369462,0.000189694550
8.350000,3,-0.116876362,-0.186531378,-0.090628542,0.089175524257,-63.496508801919,2338.404930236017,2401.901668287283,0.000229249304
8.400000,0,-0.006206779,-0.240525616,-0.056537600,0.095435605105,-99.429219117911,535.353335496697,634.783321858540,0.000767243925
8.400000,1,-0.022689650,-0.240118216,-0.057358331,0.095436715437,-98.976625089423,529.384687129478,628.362095262341,0.000783043447
8.400000,2,0.073923623,-0.198023200,-0.079211562,0.089067291405,-72.377583187721,2266.132884590933,2338.510656222424,0.000188443727
8.400000,3,-0.111018374,-0.190814234,-0.092797244,0.089083638148,-63.981183265748,2338.404930236017,2402.386342585712,0.000229083904
8.450000,0,-0.006035889,-0.241269731,-0.058618837,0.095436404107,-99.516012002127,535.353335496697,634.870112226332,0.000764727501
8.450000,1,-0.020719179,-0.240971876,-0.059397302,0.095436015018,-99.062824108211,529.384687129478,628.448289569003,0.000778331321
8.450000,2,0.067331014,-0.201790275,-0.078535843,0.088897300323,-72.575108426609,2266.132884590933,2338.708185855884,0.000192838298
8.450000,3,-0.104158402,-0.195524920,-0.091910199,0.089027383447,-64.395744978763,2338.404930236017,2402.800906606753,0.000231391931
8.500000,0,-0.005676451,-0.244125877,-0.060876604,0.095443128104,-99.542796412029,535.353335496697,634.896893775168,0.000761866434
8.500000,1,-0.018122399,-0.243961323,-0.061542495,0.095443088120,-99.090263718915,529.384687129478,628.475724962627,0.000774114241
8.500000,2,0.058386539,-0.205426076,-0.076340430,0.088982135650,-72.762513560535,2266.132884590933,2338.895590998745,0.000192847233
8.500000,3,-0.094311629,-0.199838811,-0.088307701,0.089037219299,-64.702656741834,2338.404930236017,2403.107819919729,0.000232941838
8.550000,0,-0.005130664,-0.247630979,-0.063311492,0.095453568694,-99.563509023632,535.353335496697,634.917611765442,0.000767245106
8.550000,1,-0.014926369,-0.247565907,-0.063809218,0.095453080871,-99.113215329712,529.384687129478,628.498679248136,0.000776788953
8.550000,2,0.046674953,-0.207913500,-0.073380269,0.089063289717,-72.923593491939,2266.132884590933,2339.056671506972,0.000193424055
8.550000,3,-0.079010374,-0.203967620,-0.082338230,0.089032763703,-64.913756812660,2338.404930236017,2403.318919345786,0.000232297070
8.600000,0,-0.004413940,-0.250060222,-0.065538797,0.095457375547,-99.630174021568,535.353335496697,634.984277313982,0.000767795710
8.600000,1,-0.011215917,-0.250080628,-0.065831350,0.095457287889,-99.182587533739,529.384687129478,628.568048589569,0.000773926359
8.600000,2,0.031583695,-0.207823816,-0.069941468,0.089177635419,-73.007923873045,2266.132884590933,2339.140998602394,0.000190138371
8.600000,3,-0.060128972,-0.205906891,-0.074903402,0.089102937098,-65.018777617020,2338.404930236017,2403.423940702237,0.000232849161
8.650000,0,-0.003551138,-0.250694911,-0.067307268,0.095455011082,-99.714886702679,535.353335496697,635.068990617814,0.000768418431
8.650000,1,-0.007141469,-0.250765499,-0.067391645,0.095455128291,-99.268550656998,529.384687129478,628.654015115001,0.000777328532
8.650000,2,0.015680149,-0.206260910,-0.065726276,0.089153676926,-73.052382063194,2266.132884590933,2339.185455017865,0.000188363692
8.650000,3,-0.039245693,-0.205719033,-0.066818247,0.089136702974,-65.085327866144,2338.404930236017,2403.490488677310,0.000230575113
8.700000,0,-0.002565515,-0.249834206,-0.068531327,0.095447158640,-99.775933782640,535.353335496697,635.130044434735,0.000775155391
8.700000,1,-0.002832920,-0.249906818,-0.068434085,0.095446495606,-99.328388132584,529.384687129478,628.713856561511,0.000781299455
8.700000,2,0.000124867,-0.204596027,-0.061655903,0.089195894528,-73.111449596564,2266.132884590933,2339.244523002887,0.000188815343
8.700000,3,-0.018139495,-0.204905250,-0.059722151,0.089195639307,-65.204058963403,2338.404930236017,2403.609225222374,0.000236022920
8.750000,0,-0.001503019,-0.248081298,-0.068979493,0.095441891534,-99.813356218738,535.353335496697,635.167468210989,0.000776495547
8.750000,1,0.001548585,-0.248137857,-0.068748953,0.095441877452,-99.362960617859,529.384687129478,628.748432221612,0.000784474282
8.750000,2,-0.014356139,-0.202818699,-0.058713621,0.088979833897,-73.210137518623,2266.132884590933,2339.343214166931,0.000192057328
8.750000,3,0.003034172,-0.203924161,-0.054627210,0.089062121032,-65.410432298356,2338.404930236017,2403.815603723473,0.000241189065
8.800000,0,-0.000393119,-0.246540281,-0.068330884,0.095441085528,-99.841137630101,535.353335496697,635.195246095430,0.000772968624
8.800000,1,0.005865268,-0.246533294,-0.068028963,0.095442340527,-99.387984464313,529.384687129478,628.773450286622,0.000778692839
8.800000,2,-0.028417755,-0.202038187,-0.057420400,0.089022438372,-73.350020591066,2266.132884590933,2339.483095214814,0.000190032768
8.800000,3,0.024472278,-0.202677697,-0.052613966,0.089057077834,-65.703603383640,2338.404930236017,2404.108774005142,0.000240385450
8.850000,0,0.000720731,-0.246040732,-0.066554722,0.095443289425,-99.858806062792,535.353335496697,635.212919619090,0.000778059593
8.850000,1,0.010010920,-0.245952240,-0.066254540,0.095444996392,-99.404471666303,529.384687129478,628.789938467925,0.000779672151
8.850000,2,-0.042215598,-0.201366907,-0.058186951,0.089059645099,-73.500569219135,2266.132884590933,2339.633645403550,0.000191593437
8.850000,3,0.045094513,-0.201022102,-0.053511659,0.088938156927,-66.007583120359,2338.404930236017,2404.412753538876,0.000240182466
8.900000,0,0.001812946,-0.246372742,-0.064174568,0.095441917134,-99.865012008684,535.353335496697,635.219127848789,0.000780343400
8.900000,1,0.013870364,-0.246183077,-0.063947667,0.095442753194,-99.411518711951,529.384687129478,628.796979955379,0.000774113959
8.900000,2,-0.054999011,-0.200201212,-0.060625833,0.089044896156,-73.613728069177,2266.132884590933,2339.746802299537,0.000189639381
8.900000,3,0.064714959,-0.198891141,-0.056966653,0.089080062535,-66.217538943925,2338.404930236017,2404.622714302899,0.000245122924
8.950000,0,0.002848486,-0.246836930,-0.061963847,0.095448077123,-99.872163089067,535.353335496697,635.226280650133,0.000782064362
8.950000,1,0.017282324,-0.246528919,-0.061877778,0.095448311916,-99.420746799669,529.384687129478,628.806210778043,0.000776848905
8.950000,2,-0.066309755,-0.199077307,-0.064040949,0.089140798421,-73.678183223742,2266.132884590933,2339.811255138890,0.000187324171
8.950000,3,0.082451584,-0.196256733,-0.062750028,0.089092034379,-66.319912747881,2338.404930236017,2404.725090686941,0.000247703012
9.000000,0,0.003789245,-0.247007162,-0.060427221,0.095455477418,-99.891237230975,535.353335496697,635.245357100374,0.000784372695
9.000000,1,0.020106112,-0.246603794,-0.060529378,0.095454727875,-99.441694762285,529.384687129478,628.827159327267,0.000777435511
9.000000,2,-0.073714101,-0.198336655,-0.067811542,0.089171705118,-73.716702652282,2266.132884590933,2339.849776975519,0.000189732260
9.000000,3,0.096601141,-0.194055233,-0.070179495,0.089250673394,-66.376309703572,2338.404930236017,2404.781487238043,0.000247298422
9.050000,0,0.004604137,-0.246790940,-0.059640575,0.095453157972,-99.916193820817,535.353335496697,635.270311492244,0.000782174723
9.050000,1,0.022240209,-0.246301373,-0.059957209,0.095453544495,-99.467352021882,529.384687129478,628.852819396089,0.000780244737
9.050000,2,-0.078460165,-0.197275280,-0.072283228,0.089038698914,-73.772262181570,2266.132884590933,2339.905334046493,0.000187273948
9.050000,3,0.105387719,-0.191928586,-0.077809651,0.089115121508,-66.456810967914,2338.404930236017,2404.861986791629,0.000245587667
9.100000,0,0.005252748,-0.246032100,-0.059466550,0.095449137696,-99.936060867294,535.353335496697,635.290180149556,0.000783785557
9.100000,1,0.023581310,-0.245501574,-0.059991170,0.095448745409,-99.486897890190,529.384687129478,628.872370595580,0.000785575919
9.100000,2,-0.080324127,-0.197259375,-0.076194020,0.088999833441,-73.870599270767,2266.132884590933,2340.003673330520,0.000189468777
9.100000,3,0.110364500,-0.190936771,-0.084210611,0.089039653772,-66.625426572103,2338.404930236017,2405.030599354846,0.000242546696
9.150000,0,0.005722775,-0.245094921,-0.059779147,0.095442318908,-99.948759947800,535.353335496697,635.302878317799,0.000782873294
9.150000,1,0.024104170,-0.244572179,-0.060478746,0.095441144913,-99.499097712422,529.384687129478,628.884569182487,0.000784340595
9.150000,2,-0.080337575,-0.197938802,-0.078573324,0.088988345794,-73.992639882283,2266.132884590933,2340.125710858752,0.000186385492
9.150000,3,0.112947137,-0.190742683,-0.088448792,0.088973765839,-66.860451023624,2338.404930236017,2405.265626548691,0.000245289022
9.200000,0,0.005998554,-0.244783839,-0.060549672,0.095446940027,-99.957923840449,535.353335496697,635.312042218405,0.000782881252
9.200000,1,0.023839712,-0.244300569,-0.061364641,0.095445115458,-99.508251641028,529.384687129478,628.893721383454,0.000782612956
9.200000,2,-0.078475801,-0.198986757,-0.078710357,0.089015554679,-74.107144059964,2266.132884590933,2340.240213417959,0.000184767019
9.200000,3,0.113603933,-0.190920753,-0.090428625,0.088945836065,-67.096595867024,2338.404930236017,2405.501767415193,0.000241312123
9.250000,0,0.006082207,-0.245182324,-0.061697310,0.095448655230,-99.963030300682,535.353335496697,635.317143208337,0.000777410951
9.250000,1,0.022825583,-0.244790370,-0.062554683,0.095448054730,-99.513969322642,529.384687129478,628.899433595562,0.000777143449
9.250000,2,-0.073826912,-0.200427201,-0.077012420,0.089067687099,-74.189503648167,2266.132884590933,2340.322574943052,0.000186703910
9.250000,3,0.110779882,-0.192504750,-0.089925254,0.089055870311,-67.287674782418,2338.404930236017,2405.692846622810,0.000241604345
9.300000,0,0.005978960,-0.245953851,-0.062915694,0.095447303282,-99.965103410721,535.353335496697,635.319218347369,0.000779439945
9.300000,1,0.021105251,-0.245657814,-0.063737356,0.095447797614,-99.517215061608,529.384687129478,628.902682107745,0.000779916667
9.300000,2,-0.067007401,-0.201642589,-0.074651486,0.089216059343,-74.246989687130,2266.132884590933,2340.380060035868,0.000185757762
9.300000,3,0.103641263,-0.194699823,-0.087146072,0.089205313325,-67.420900141057,2338.404930236017,2405.826071606371,0.000241229266
9.350000,0,0.005689328,-0.246838606,-0.063906604,0.095447738051,-99.968774019774,535.353335496697,635.322893858221,0.000784341743
9.350000,1,0.018722307,-0.246651507,-0.064619069,0.095449087239,-99.522396188938,529.384687129478,628.907862545659,0.000779227250
9.350000,2,-0.057164104,-0.202776653,-0.071673916,0.089205201634,-74.283354917558,2266.132884590933,2340.416423725366,0.000184216830
9.350000,3,0.092943908,-0.196717652,-0.082660500,0.089128529417,-67.507993226962,2338.404930236017,2405.913164996552,0.000241533543
9.400000,0,0.005213295,-0.247524289,-0.064629138,0.095445993397,-99.976451774067,535.353335496697,635.330572378284,0.000785107514
9.400000,1,0.015727617,-0.247441944,-0.065173069,0.095446677380,-99.531494937339,529.384687129478,628.916961563329,0.000779496520
9.400000,2,-0.045737676,-0.203601992,-0.068411663,0.089094364092,-74.311750331328,2266.132884590933,2340.444819506406,0.000184584098
9.400000,3,0.079633644,-0.199248242,-0.076625955,0.089038937063,-67.555654682482,2338.404930236017,2405.960827849849,0.000242931321
9.450000,0,0.004558272,-0.247759813,-0.065146049,0.095448814319,-99.986042360594,535.353335496697,635.340161266180,0.000783408883
9.450000,1,0.012205687,-0.247751587,-0.065485258,0.095448556282,-99.541998451500,529.384687129478,628.927466869019,0.000781288049
9.450000,2,-0.032438313,-0.204111390,-0.064648898,0.088982637640,-74.345627042259,2266.132884590933,2340.478694558929,0.000182925691
9.450000,3,0.064692583,-0.201247539,-0.070227965,0.089017571811,-67.598056777848,2338.404930236017,2406.003227079975,0.000240066080
9.500000,0,0.003755201,-0.247520131,-0.065435909,0.095448297523,-99.993751656368,535.353335496697,635.347871623539,0.000784470467
9.500000,1,0.008285527,-0.247572339,-0.065558044,0.095449646865,-99.549851241395,529.384687129478,628.935319492348,0.000781121482
9.500000,2,-0.018625451,-0.204224988,-0.061612036,0.088961872351,-74.393283362034,2266.132884590933,2340.526352075913,0.000184122899
9.500000,3,0.046740327,-0.202826446,-0.064412968,0.088943342008,-67.659755632088,2338.404930236017,2406.064924802079,0.000238933945
9.550000,0,0.002832085,-0.247106228,-0.065392820,0.095447750840,-99.998541688764,535.353335496697,635.352661204939,0.000784019472
9.550000,1,0.004107014,-0.247177279,-0.065317027,0.095448346943,-99.554137978777,529.384687129478,628.939601651856,0.000776543608
9.550000,2,-0.004378864,-0.204282550,-0.059850263,0.088997753464,-74.453928473967,2266.132884590933,2340.586994502672,0.000181437727
9.550000,3,0.026883345,-0.204478551,-0.059968250,0.089135301874,-67.760479354253,2338.404930236017,2406.165647463527,0.000237873228
9.600000,0,0.001824482,-0.246749791,-0.064975331,0.095443653595,-100.001129559618,535.353335496697,635.355243324846,0.000778268526
9.600000,1,-0.000187881,-0.246809827,-0.064742314,0.095444031552,-99.556089326141,529.384687129478,628.941553939862,0.000777484250
9.600000,2,0.010356770,-0.204172408,-0.059309899,0.089160921744,-74.518808957929,2266.132884590933,2340.651874750691,0.000181201784
9.600000,3,0.005752189,-0.204911931,-0.057327556,0.089146033383,-67.888132854485,2338.404930236017,2406.293301139682,0.000238049150
9.650000,0,0.000759558,-0.246486672,-0.064286023,0.095442800217,-100.002147191414,535.353335496697,635.356261471950,0.000778783833
9.650000,1,-0.004475291,-0.246507971,-0.063958873,0.095442601266,-99.557019027627,529.384687129478,628.942483406870,0.000777249772
9.650000,2,0.025425996,-0.203903876,-0.060069677,0.089265870039,-74.581942570777,2266.132884590933,2340.715010631103,0.000183469348
9.650000,3,-0.015705557,-0.204844022,-0.056424343,0.089226965125,-68.017407171026,2338.404930236017,2406.422575266065,0.000237858991
9.700000,0,-0.000329546,-0.246432284,-0.063499479,0.095446865657,-100.002840373364,535.353335496697,635.356952878164,0.000777008097
9.700000,1,-0.008623680,-0.246369284,-0.063154993,0.095445240745,-99.558435041461,529.384687129478,628.943897577002,0.000775406069
9.700000,2,0.039417754,-0.203097710,-0.061950808,0.089098598919,-74.630828018795,2266.132884590933,2340.763894473324,0.000181863551
9.700000,3,-0.036417351,-0.203830032,-0.057531867,0.089114504602,-68.122663984866,2338.404930236017,2406.527834048148,0.000239827236
9.750000,0,-0.001408040,-0.246471352,-0.062768426,0.095449557622,-100.004250422962,535.353335496697,635.358363431991,0.000777512327
9.750000,1,-0.012494812,-0.246317388,-0.062484007,0.095450055972,-99.561237193299,529.384687129478,628.946700413055,0.000776090284
9.750000,2,0.051259269,-0.201912028,-0.064528153,0.089015228005,-74.665965765789,2266.132884590933,2340.799031623910,0.000181267145
9.750000,3,-0.055938997,-0.201687578,-0.060925561,0.089057468730,-68.192079638041,2338.404930236017,2406.597249555366,0.000239681278
9.800000,0,-0.002439581,-0.246434593,-0.062188419,0.095450649281,-100.007011932953,535.353335496697,635.361130874801,0.000783445146
9.800000,1,-0.015948562,-0.246170788,-0.062037436,0.095450314002,-99.565596256193,529.384687129478,628.951066425686,0.000783040022
9.800000,2,0.061427049,-0.200611197,-0.067440982,0.088880912758,-74.701858692609,2266.132884590933,2340.834925293646,0.000182010059
9.800000,3,-0.072799655,-0.199234669,-0.065763748,0.088958309290,-68.247079068889,2338.404930236017,2406.652249041120,0.000239736183
9.850000,0,-0.003386590,-0.246300007,-0.061832117,0.095447497497,-100.010290340416,535.353335496697,635.364413239839,0.000787402720
9.850000,1,-0.018861323,-0.245934590,-0.061869178,0.095447035543,-99.570224269332,529.384687129478,628.955698654972,0.000787256168
9.850000,2,0.069105738,-0.199673298,-0.070508931,0.088988806386,-74.746994049687,2266.132884590933,2340.880061486222,0.000182845558
9.850000,3,-0.086729381,-0.196769045,-0.071251525,0.089055380583,-68.308040990048,2338.404930236017,2406.713211795253,0.000240569159
9.900000,0,-0.004220859,-0.246101814,-0.061768327,0.095447522831,-100.012870813174,535.353335496697,635.366994373494,0.000788063618
9.900000,1,-0.021138055,-0.245667764,-0.062020726,0.095447898103,-99.573734274687,529.384687129478,628.959208004711,0.000786600552
9.900000,2,0.075218367,-0.198711018,-0.073166056,0.089104769156,-74.803922053485,2266.132884590933,2340.936984625797,0.000177981330
9.900000,3,-0.097497441,-0.194180155,-0.076271960,0.089006478487,-68.381399837662,2338.404930236017,2406.786568496342,0.000238422634
9.950000,0,-0.004915845,-0.245983816,-0.062000413,0.095447423881,-100.014548980698,535.353335496697,635.368674837511,0.000790360111
9.950000,1,-0.022712576,-0.245495193,-0.062470059,0.095447845767,-99.576102040573,529.384687129478,628.961576731088,0.000787561043
9.950000,2,0.078289273,-0.198317117,-0.074969560,0.089289978292,-74.869086248977,2266.132884590933,2341.002151119962,0.000180280004
9.950000,3,-0.105407083,-0.192373577,-0.080506913,0.089179830947,-68.472946792523,2338.404930236017,2406.878116100829,0.000239072258
10.000000,0,-0.005452017,-0.245949612,-0.062424778,0.095447985391,-100.015492751483,535.353335496697,635.369617464924,0.000789216739
10.000000,1,-0.023547036,-0.245458190,-0.063080079,0.095449552777,-99.577689500755,529.384687129478,628.963163515659,0.000786885432
10.000000,2,0.079185283,-0.198380329,-0.075718161,0.089215802823,-74.931470850434,2266.132884590933,2341.064533765640,0.000178324223
10.000000,3,-0.109994671,-0.191165112,-0.083850277,0.089078106569,-68.589036833531,2338.404930236017,2406.994207809157,0.000240739578
10.050000,0,-0.005811706,-0.246060964,-0.062892416,0.095447473340,-100.015948086042,535.353335496697,635.370069955142,0.000786372397
10.050000,1,-0.023621760,-0.245598931,-0.063680349,0.095448104712,-99.578907582633,529.384687129478,628.964383574941,0.000788862837
10.050000,2,0.077095012,-0.198629608,-0.075401906,0.089024834728,-74.988729733086,2266.132884590933,2341.121796962559,0.000182638488
10.050000,3,-0.110953695,-0.191060150,-0.085743529,0.089110772211,-68.718227931265,2338.404930236017,2407.123397012852,0.000238845540
10.100000,0,-0.005984848,-0.246318608,-0.063313012,0.095447389692,-100.016368941815,535.353335496697,635.370488516401,0.000784077882
10.100000,1,-0.022942194,-0.245913427,-0.064163957,0.095446055543,-99.580318105435,529.384687129478,628.965794369922,0.000789135015
10.100000,2,0.072777832,-0.199439642,-0.074293511,0.088939562581,-75.035314191304,2266.132884590933,2341.168382557682,0.000183775394
10.100000,3,-0.108120597,-0.191976217,-0.085817856,0.089013469152,-68.836599803131,2338.404930236017,2407.241768749937,0.000238710760
10.150000,0,-0.005960538,-0.246540977,-0.063665265,0.095447117734,-100.017167275088,535.353335496697,635.371291012340,0.000788240548
10.150000,1,-0.021517448,-0.246229660,-0.064498398,0.095446630535,-99.582244948929,529.384687129478,628.967715286898,0.000783208498
10.150000,2,0.066463426,-0.200585629,-0.072654307,0.088954263902,-75.071562545983,2266.132884590933,2341.204630023694,0.000182886728
10.150000,3,-0.102443895,-0.193599727,-0.084281761,0.088973320516,-68.932737609837,2338.404930236017,2407.337905918660,0.000238072775
10.200000,0,-0.005740068,-0.246715395,-0.063948305,0.095447613623,-100.018394708174,535.353335496697,635.372524075646,0.000793870769
10.200000,1,-0.019396829,-0.246493823,-0.064690659,0.095448150455,-99.584508664021,529.384687129478,628.969984428789,0.000788635296
10.200000,2,0.057143353,-0.201505156,-0.070462345,0.089032769480,-75.097541929898,2266.132884590933,2341.230611100263,0.000184579379
10.200000,3,-0.094056265,-0.195526462,-0.080979447,0.089035733360,-68.999342625499,2338.404930236017,2407.404509441358,0.000236579811
10.250000,0,-0.005333178,-0.246799569,-0.064153077,0.095447955659,-100.019788074455,535.353335496697,635.373919096744,0.000795525586
10.250000,1,-0.016650411,-0.246678428,-0.064741567,0.095447950365,-99.586670559649,529.384687129478,628.972152769779,0.000795080659
10.250000,2,0.046675041,-0.202755499,-0.067625813,0.089195575406,-75.119603229889,2266.132884590933,2341.252672704715,0.000184883840
10.250000,3,-0.082484100,-0.197968651,-0.076633348,0.089111444594,-69.036775824540,2338.404930236017,2407.441943006378,0.000236945789
10.300000,0,-0.004751483,-0.246768127,-0.064228166,0.095444626397,-100.020920188772,535.353335496697,635.375048656362,0.000792970888
10.300000,1,-0.013362439,-0.246735131,-0.064619759,0.095444326953,-99.588191040246,529.384687129478,628.973671248146,0.000793078428
10.300000,2,0.034234522,-0.203948284,-0.065027898,0.089236993550,-75.141746053404,2266.132884590933,2341.274815151430,0.000184507040
10.300000,3,-0.068100569,-0.200786252,-0.071961562,0.089191870167,-69.061965198380,2338.404930236017,2407.467133791607,0.000238357178
10.350000,0,-0.004017963,-0.246663966,-0.064132547,0.095448244374,-100.021591014959,535.353335496697,635.375721193196,0.000794681534
10.350000,1,-0.009648085,-0.246692095,-0.064308898,0.095446140612,-99.588901918555,529.384687129478,628.974380862925,0.000791814898
10.350000,2,0.020949547,-0.204629290,-0.063087694,0.089035139114,-75.170559517221,2266.132884590933,2341.303627554445,0.000183446238
10.350000,3,-0.050768170,-0.203086086,-0.067375001,0.089170388225,-69.093722677448,2338.404930236017,2407.498888748522,0.000235835026
10.400000,0,-0.003154782,-0.246524588,-0.063908662,0.095447790273,-100.021887577794,535.353335496697,635.376017693059,0.000794618563
10.400000,1,-0.005623809,-0.246597709,-0.063877824,0.095447794065,-99.589119656768,529.384687129478,628.974599745531,0.000792959291
10.400000,2,0.006423071,-0.205210565,-0.061890858,0.089002429584,-75.203287594120,2266.132884590933,2341.336353683441,0.000181498333
10.400000,3,-0.032155287,-0.204947429,-0.063459995,0.089129659434,-69.140839241173,2338.404930236017,2407.546004260523,0.000234783303
10.450000,0,-0.002193792,-0.246447777,-0.063626623,0.095446998266,-100.022032302433,535.353335496697,635.376162006713,0.000794207577
10.450000,1,-0.001421760,-0.246517145,-0.063424672,0.095449333501,-99.589348758808,529.384687129478,628.974830043639,0.000794155358
10.450000,2,-0.008402133,-0.205179566,-0.061459561,0.088964510108,-75.237851094187,2266.132884590933,2341.370914745808,0.000179060631
10.450000,3,-0.011900899,-0.205929829,-0.060329644,0.088966283333,-69.204747610498,2338.404930236017,2407.609914238469,0.000236391922
10.500000,0,-0.001162438,-0.246395129,-0.063330787,0.095445327738,-100.022202545423,535.353335496697,635.376335410086,0.000797367960
10.500000,1,0.002826439,-0.246433051,-0.063019402,0.095447060883,-99.589938613327,529.384687129478,628.975423577419,0.000797834620
10.500000,2,-0.022864675,-0.204647239,-0.061811096,0.089033769702,-75.272171520841,2266.132884590933,2341.405236526279,0.000180414448
10.500000,3,0.008747804,-0.205586284,-0.058812862,0.088982603233,-69.281477266697,2338.404930236017,2407.686644113089,0.000236610342
10.550000,0,-0.000095440,-0.246344949,-0.063048920,0.095444299260,-100.022522678829,535.353335496697,635.376657083039,0.000798907508
10.550000,1,0.006978065,-0.246318399,-0.062700172,0.095444752820,-99.591059027703,529.384687129478,628.976545501156,0.000799343981
10.550000,2,-0.036242543,-0.203732036,-0.062927292,0.089142559537,-75.305204309523,2266.132884590933,2341.438270390739,0.000181490225
10.550000,3,0.029136406,-0.204599101,-0.059006534,0.088995513752,-69.355684442333,2338.404930236017,2407.760851773996,0.000237095612
10.600000,0,0.000975330,-0.246331797,-0.062829775,0.095450141140,-100.023024676522,535.353335496697,635.377162240778,0.000802067553
10.600000,1,0.010901161,-0.246212917,-0.062523122,0.095449397540,-99.592606872045,529.384687129478,628.978095898774,0.000801897257
10.600000,2,-0.048070202,-0.202475555,-0.064576959,0.089224867746,-75.338268260382,2266.132884590933,2341.471334589124,0.000181737752
10.600000,3,0.048545121,-0.202876681,-0.060960205,0.089224544866,-69.423280009032,2338.404930236017,2407.828444727828,0.000234482745
10.650000,0,0.002014805,-0.246282368,-0.062734948,0.095448580965,-100.023579923133,535.353335496697,635.377715728737,0.000800308901
10.650000,1,0.014462056,-0.246069008,-0.062540741,0.095448842892,-99.594231582141,529.384687129478,628.979717691552,0.000798979939
10.650000,2,-0.058435229,-0.200984078,-0.066822614,0.089153634809,-75.371914199348,2266.132884590933,2341.504979995484,0.000181205143
10.650000,3,0.065338554,-0.200081815,-0.064212406,0.089135390788,-69.481556365626,2338.404930236017,2407.886721545656,0.000234943981
10.700000,0,0.002987161,-0.246236510,-0.062756222,0.095447616010,-100.024036362262,535.353335496697,635.378162695360,0.000790836396
10.700000,1,0.017539023,-0.245923477,-0.062732271,0.095449180783,-99.595613829596,529.384687129478,628.981100880112,0.000799921045
10.700000,2,-0.066826224,-0.199942721,-0.069265947,0.089041938005,-75.409648171852,2266.132884590933,2341.542712197133,0.000179434286
10.700000,3,0.080086427,-0.197712025,-0.068293320,0.089180083073,-69.532391724510,2338.404930236017,2407.937548678914,0.000226718354
10.750000,0,0.003863677,-0.246222049,-0.062857545,0.095446807829,-100.024336433915,535.353335496697,635.378469800550,0.000797869932
10.750000,1,0.020040349,-0.245829337,-0.063038421,0.095446701757,-99.596720309082,529.384687129478,628.982211819584,0.000804381031
10.750000,2,-0.072965103,-0.198909372,-0.071611068,0.089005565469,-75.453815866529,2266.132884590933,2341.586875242795,0.000174785272
10.750000,3,0.091913629,-0.195204140,-0.072841387,0.089011740423,-69.588474548197,2338.404930236017,2407.993632486445,0.000227702199
10.800000,0,0.004610820,-0.246216607,-0.063013841,0.095446752057,-100.024529040794,535.353335496697,635.378658220818,0.000793683321
10.800000,1,0.021879159,-0.245771461,-0.063407124,0.095444716489,-99.597645283491,529.384687129478,628.983131542863,0.000799129901
10.800000,2,-0.075959216,-0.198322718,-0.073236967,0.088974395559,-75.500040623492,2266.132884590933,2341.633103403977,0.000178189492
10.800000,3,0.100348507,-0.193072860,-0.077318543,0.088913060235,-69.658368106140,2338.404930236017,2408.063527166099,0.000228823911
10.850000,0,0.005209139,-0.246269409,-0.063194887,0.095448774514,-100.024665008236,535.353335496697,635.378792294630,0.000791789692
10.850000,1,0.023008260,-0.245797359,-0.063779274,0.095446979341,-99.598534209063,529.384687129478,628.984023784209,0.000802445675
10.850000,2,-0.077164290,-0.198195118,-0.074211991,0.088988607916,-75.548561988398,2266.132884590933,2341.681623105506,0.000176526114
10.850000,3,0.105413155,-0.192075311,-0.080833982,0.088990893189,-69.745736094503,2338.404930236017,2408.150894416106,0.000228085555
10.900000,0,0.005634806,-0.246328176,-0.063373726,0.095448638830,-100.024816093633,535.353335496697,635.378948813518,0.000797223184
10.900000,1,0.023388656,-0.245872359,-0.064106321,0.095448994326,-99.599537043330,529.384687129478,628.985032525152,0.000808352350
10.900000,2,-0.075647197,-0.198558931,-0.074218583,0.089129215802,-75.596741494607,2266.132884590933,2341.729803702037,0.000177616436
10.900000,3,0.107238004,-0.191732807,-0.083237949,0.089156587525,-69.845936524972,2338.404930236017,2408.251093397827,0.000226636805
10.950000,0,0.005877301,-0.246402673,-0.063530676,0.095448494837,-100.025060700934,535.353335496697,635.379192642805,0.000796445169
10.950000,1,0.023015201,-0.245987430,-0.064348665,0.095449266693,-99.600701247471,529.384687129478,628.986190182674,0.000801805731
10.950000,2,-0.071850213,-0.199218444,-0.073655187,0.089151737131,-75.637079378883,2266.132884590933,2341.770139891878,0.000175921998
10.950000,3,0.105854569,-0.192144973,-0.084251875,0.089178951428,-69.948913227006,2338.404930236017,2408.354068496296,0.000225033241
11.000000,0,0.005927350,-0.246465315,-0.063653376,0.095446553527,-100.025330305887,535.353335496697,635.379467247158,0.000801444569
11.000000,1,0.021896754,-0.246123218,-0.064483107,0.095447306568,-99.601829108746,529.384687129478,628.987320544097,0.000804305879
11.000000,2,-0.065745639,-0.200411916,-0.072528859,0.089133341308,-75.670370617357,2266.132884590933,2341.803431182791,0.000175974437
11.000000,3,0.101476706,-0.193623645,-0.083582919,0.089169875622,-70.041065124348,2338.404930236017,2408.446219544475,0.000224184079
11.050000,0,0.005783255,-0.246464472,-0.063721689,0.095446615367,-100.025604748670,535.353335496697,635.379743070984,0.000802825613
11.050000,1,0.020067366,-0.246213493,-0.064487121,0.095445394552,-99.602806959362,529.384687129478,628.988299764217,0.000805675384
11.050000,2,-0.057239728,-0.201838223,-0.070611977,0.089076845606,-75.693323276327,2266.132884590933,2341.826383742766,0.000175875442
11.050000,3,0.093657024,-0.195587998,-0.081373275,0.089054682737,-70.110291420506,2338.404930236017,2408.515446795897,0.000225139340
11.100000,0,0.005453175,-0.246467278,-0.063717424,0.095446500052,-100.025836460240,535.353335496697,635.379976492530,0.000804535588
11.100000,1,0.017592549,-0.246307748,-0.064351064,0.095446872785,-99.603510118275,529.384687129478,628.989000252062,0.000803004316
11.100000,2,-0.047130774,-0.203013284,-0.068494096,0.088992934047,-75.712515878651,2266.132884590933,2341.845577050548,0.000176580903
11.100000,3,0.083004607,-0.198013166,-0.077975291,0.088937491999,-70.153712811154,2338.404930236017,2408.558870469911,0.000227422708
11.150000,0,0.004946244,-0.246437020,-0.063655705,0.095447599435,-100.026011286405,535.353335496697,635.380142887945,0.000796104839
11.150000,1,0.014547127,-0.246372666,-0.064106138,0.095449611525,-99.603885988312,529.384687129478,628.989376102681,0.000802984899
11.150000,2,-0.034877948,-0.204245455,-0.066092665,0.088954255589,-75.730578495817,2266.132884590933,2341.863639335333,0.000176248523
11.150000,3,0.069687050,-0.200695606,-0.073817588,0.089011172633,-70.177347199888,2338.404930236017,2408.582504793352,0.000227357415
11.200000,0,0.004282212,-0.246399366,-0.063561344,0.095445925551,-100.026105340006,535.353335496697,635.380232589791,0.000791753083
11.200000,1,0.011032609,-0.246405956,-0.063805859,0.095446623216,-99.604024863985,529.384687129478,628.989512472415,0.000800478959
11.200000,2,-0.022064231,-0.205030393,-0.063961694,0.089086924494,-75.750364602492,2266.132884590933,2341.883424515501,0.000175322015
11.200000,3,0.053828446,-0.202831995,-0.069277002,0.089019238150,-70.198525960138,2338.404930236017,2408.603684692562,0.000228496376
11.250000,0,0.003478665,-0.246371228,-0.063447207,0.095446080434,-100.026169332530,535.353335496697,635.380299102047,0.000794272815
11.250000,1,0.007160219,-0.246427398,-0.063483841,0.095445367161,-99.604124764652,529.384687129478,628.989613971487,0.000802077364
11.250000,2,-0.007817808,-0.205407402,-0.062409373,0.089216261044,-75.775331594565,2266.132884590933,2341.908390694021,0.000174508460
11.250000,3,0.036269234,-0.204746943,-0.064842282,0.089197476934,-70.229117146340,2338.404930236017,2408.634274643708,0.000227261318
11.300000,0,0.002564025,-0.246331609,-0.063324786,0.095447614714,-100.026237729633,535.353335496697,635.380366628457,0.000793402122
11.300000,1,0.003059216,-0.246408093,-0.063182099,0.095445995948,-99.604343322961,529.384687129478,628.989826601696,0.000796149264
11.300000,2,0.006510808,-0.205351479,-0.061779867,0.089216718661,-75.804506005745,2266.132884590933,2341.937565243369,0.000174646626
11.300000,3,0.016731577,-0.205728805,-0.061298965,0.089136180168,-70.279425765380,2338.404930236017,2408.684585865455,0.000229864025
11.350000,0,0.001564421,-0.246328259,-0.063215002,0.095447275244,-100.026336705901,535.353335496697,635.380467460357,0.000795257754
11.350000,1,-0.001140925,-0.246378685,-0.062941924,0.095447075010,-99.604791757803,529.384687129478,628.990276994674,0.000798107400
11.350000,2,0.020392646,-0.204731672,-0.061931580,0.089129909544,-75.837555050640,2266.132884590933,2341.970613867497,0.000174225857
11.350000,3,-0.003096437,-0.205739754,-0.059218767,0.089158608605,-70.346713841016,2338.404930236017,2408.751874858553,0.000230781488
11.400000,0,0.000512887,-0.246309207,-0.063138233,0.095447634317,-100.026463194315,535.353335496697,635.380590869304,0.000792178287
11.400000,1,-0.005300030,-0.246314079,-0.062802738,0.095449729709,-99.605470337225,529.384687129478,628.990956023966,0.000798557269
11.400000,2,0.033514283,-0.203745142,-0.062614988,0.088974477653,-75.869686223471,2266.132884590933,2342.002744982246,0.000174167776
11.400000,3,-0.022720969,-0.204807517,-0.058860398,0.089018903066,-70.420557787533,2338.404930236017,2408.825717848235,0.000229824649
11.450000,0,-0.000555107,-0.246296853,-0.063103970,0.095446599973,-100.026591140466,535.353335496697,635.380722896775,0.000796259607
11.450000,1,-0.009280464,-0.246220499,-0.062783937,0.095446694829,-99.606272962546,529.384687129478,628.991760493357,0.000800401339
11.450000,2,0.045489708,-0.202591106,-0.064077847,0.088928188661,-75.901793948431,2266.132884590933,2342.034854936493,0.000176397064
11.450000,3,-0.041552076,-0.203377461,-0.060195256,0.089028975614,-70.490394927763,2338.404930236017,2408.895556219252,0.000231055435
11.500000,0,-0.001606258,-0.246294001,-0.063108660,0.095448592044,-100.026703749146,535.353335496697,635.380833171894,0.000793926046
11.500000,1,-0.012955847,-0.246125696,-0.062876215,0.095447171162,-99.607090998135,529.384687129478,628.992574649975,0.000796522368
11.500000,2,0.055922007,-0.201119343,-0.066126352,0.088913583253,-75.934340269885,2266.132884590933,2342.067400154924,0.000175294042
11.500000,3,-0.058742306,-0.201140837,-0.062665814,0.089013565425,-70.549437620697,2338.404930236017,2408.954601881593,0.000234024843
11.550000,0,-0.002601667,-0.246274446,-0.063147708,0.095448617757,-100.026806341579,535.353335496697,635.380939468496,0.000797630216
11.550000,1,-0.016200736,-0.246015838,-0.063060731,0.095448355055,-99.607904147474,529.384687129478,628.993389189444,0.000797912498
11.550000,2,0.064148280,-0.200119619,-0.068433868,0.089179126229,-75.967232725609,2266.132884590933,2342.100297905860,0.000180589252
11.550000,3,-0.073973081,-0.198561963,-0.066399882,0.089131762261,-70.599884134654,2338.404930236017,2409.005047922533,0.000233551826
11.600000,0,-0.003511823,-0.246289407,-0.063211410,0.095448636363,-100.026890574329,535.353335496697,635.381024084585,0.000798013555
11.600000,1,-0.018913991,-0.245937509,-0.063312844,0.095450039992,-99.608695471443,529.384687129478,628.994178106988,0.000795506073
11.600000,2,0.070342072,-0.199268017,-0.070587158,0.089225013192,-76.003059396651,2266.132884590933,2342.136123044696,0.000179057042
11.600000,3,-0.085846660,-0.196291981,-0.070703427,0.089097694706,-70.648776236550,2338.404930236017,2409.053937367170,0.000230894566
11.650000,0,-0.004303359,-0.246303236,-0.063294691,0.095446464717,-100.026977248056,535.353335496697,635.381111590769,0.000798846012
11.650000,1,-0.021006443,-0.245889885,-0.063601876,0.095449261881,-99.609494732418,529.384687129478,628.994980867917,0.000799006028
11.650000,2,0.073776326,-0.198574361,-0.072340386,0.089164592823,-76.044397443178,2266.132884590933,2342.177462509103,0.000180474921
11.650000,3,-0.094835921,-0.194439254,-0.075095303,0.089198681099,-70.706871250938,2338.404930236017,2409.112032853644,0.000231366651
11.700000,0,-0.004953680,-0.246319056,-0.063378142,0.095445518978,-100.027069495178,535.353335496697,635.381210507296,0.000805515417
11.700000,1,-0.022413469,-0.245865728,-0.063885154,0.095445918578,-99.610353884772,529.384687129478,628.995843439479,0.000802425235
11.700000,2,0.075307123,-0.198580401,-0.073452236,0.089038468294,-76.090973221282,2266.132884590933,2342.224036015974,0.000178203687
11.700000,3,-0.100721099,-0.193077311,-0.078985734,0.089042574688,-70.783447270151,2338.404930236017,2409.188607552649,0.000230046444
11.750000,0,-0.005441081,-0.246341800,-0.063442589,0.095448607219,-100.027189253004,535.353335496697,635.381324886328,0.000800136623
11.750000,1,-0.023090767,-0.245882900,-0.064114576,0.095445715842,-99.611274364375,529.384687129478,628.996761039829,0.000799545982
11.750000,2,0.074028973,-0.198974762,-0.073937906,0.088947058955,-76.136125826602,2266.132884590933,2342.269192581826,0.000182164218
11.750000,3,-0.103524982,-0.192758038,-0.081804091,0.089027863079,-70.874750810770,2338.404930236017,2409.279911393331,0.000230346506
11.800000,0,-0.005751893,-0.246338336,-0.063488001,0.095447709290,-100.027307211281,535.353335496697,635.381439875031,0.000797167049
11.800000,1,-0.023019737,-0.245914616,-0.064264737,0.095446889595,-99.612177593771,529.384687129478,628.997661083909,0.000796360666
11.800000,2,0.070715083,-0.199513449,-0.073747665,0.088928345902,-76.174315040802,2266.132884590933,2342.307377763643,0.000178131835
11.800000,3,-0.103138659,-0.192832102,-0.083214725,0.088963306965,-70.970084612669,2338.404930236017,2409.375242856654,0.000228007930
11.850000,0,-0.005877277,-0.246347955,-0.063513572,0.095448270556,-100.027423557725,535.353335496697,635.381555302206,0.000796247781
11.850000,1,-0.022204779,-0.245978111,-0.064327087,0.095449059871,-99.613011088271,529.384687129478,628.998491361442,0.000793143700
11.850000,2,0.064823607,-0.200861945,-0.072531663,0.089139388649,-76.204646527886,2266.132884590933,2342.337707366475,0.000176247585
11.850000,3,-0.099355487,-0.193997517,-0.082995411,0.088991058869,-71.062503203204,2338.404930236017,2409.467660464068,0.000227024808
11.900000,0,-0.005811592,-0.246345589,-0.063519673,0.095445159845,-100.027527218161,535.353335496697,635.381657517426,0.000794802565
11.900000,1,-0.020668819,-0.246060448,-0.064296459,0.095446190241,-99.613685898940,529.384687129478,628.999164485198,0.000791456787
11.900000,2,0.056839774,-0.201933258,-0.070791200,0.089264891512,-76.226939990620,2266.132884590933,2342.360004344282,0.000179762657
11.900000,3,-0.092560301,-0.195916525,-0.081083211,0.089097577309,-71.131941471447,2338.404930236017,2409.537098417250,0.000226709746
11.950000,0,-0.005559825,-0.246331845,-0.063498722,0.095446109860,-100.027611993137,535.353335496697,635.381741374120,0.000793884283
11.950000,1,-0.018466044,-0.246140789,-0.064171633,0.095445465710,-99.614130703817,529.384687129478,628.999611923748,0.000794090459
11.950000,2,0.047067568,-0.202912711,-0.068608274,0.089181825132,-76.245018667754,2266.132884590933,2342.378085965394,0.000182706636
11.950000,3,-0.083086855,-0.197916401,-0.078100539,0.089140915731,-71.176897625297,2338.404930236017,2409.582054594308,0.000226732955
12.000000,0,-0.005125676,-0.246330760,-0.063458035,0.095448942471,-100.027683197347,535.353335496697,635.381805970258,0.000787276211
12.000000,1,-0.015662800,-0.246230680,-0.063972373,0.095445839681,-99.614374962186,529.384687129478,628.999852611095,0.000790519437
12.000000,2,0.035352465,-0.204143905,-0.066363733,0.089048786926,-76.259230970097,2266.132884590933,2342.392293692644,0.000178131542
12.000000,3,-0.071006295,-0.200484398,-0.074244257,0.089203959842,-71.202560891943,2338.404930236017,2409.607719901073,0.000228773075
