layout,frequency,resolution,seed,support,formulation,time,heavy_height,light_height,misplaced_mass_fraction,viscosity,penalty_scale,max_compression_heavy,max_compression_light,max_speed_heavy,max_speed_light,min_spacing_ratio,wall_pressure,light_viscosity,run
inverted,240,4,legacy,0.18,mass,0,.480000,.160000,1.000000,100,1,,,,,,legacy,100,
inverted,240,4,legacy,0.18,mass,1,.465403,.155345,.972222,100,1,,,,,,legacy,100,
inverted,240,4,legacy,0.18,mass,2,.458023,.158679,.937500,100,1,,,,,,legacy,100,
inverted,240,4,legacy,0.18,mass,3,.443178,.172809,.850694,100,1,,,,,,legacy,100,
inverted,240,4,legacy,0.18,mass,4,.413349,.198388,.803819,100,1,,,,,,legacy,100,
inverted,240,4,legacy,0.18,mass,5,.369434,.235611,.710069,100,1,,,,,,legacy,100,
inverted,240,4,legacy,0.18,mass,6,.330829,.274895,.633681,100,1,,,,,,legacy,100,
inverted,240,4,legacy,0.18,mass,7,.299122,.307216,.562500,100,1,,,,,,legacy,100,
inverted,240,4,legacy,0.18,mass,8,.271979,.334860,.508681,100,1,,,,,,legacy,100,
inverted,240,4,legacy,0.18,mass,9,.244850,.363050,.453125,100,1,,,,,,legacy,100,
inverted,240,4,legacy,0.18,mass,10,.225666,.387397,.376736,100,1,,,,,,legacy,100,
inverted,240,4,legacy,0.18,mass,11,.208023,.409776,.279514,100,1,,,,,,legacy,100,
inverted,240,4,legacy,0.18,mass,12,.195936,.423197,.260417,100,1,,,,,,legacy,100,
inverted,240,4,legacy,0.18,mass,13,.185561,.433135,.204861,100,1,,,,,,legacy,100,
inverted,240,4,legacy,0.18,mass,14,.178150,.442421,.163194,100,1,,,,,,legacy,100,
inverted,240,4,legacy,0.18,mass,15,.173102,.447456,.131944,100,1,,,,,,legacy,100,
inverted,240,4,legacy,0.18,mass,16,.168601,.451497,.133681,100,1,,,,,,legacy,100,
inverted,240,4,legacy,0.18,mass,17,.160866,.455461,.092014,100,1,,,,,,legacy,100,
inverted,240,4,legacy,0.18,mass,18,.156093,.462604,.034722,100,1,,,,,,legacy,100,
inverted,240,4,legacy,0.18,mass,19,.154619,.465187,0,100,1,,,,,,legacy,100,
inverted,240,4,legacy,0.18,mass,20,.154322,.469257,.006944,100,1,,,,,,legacy,100,
inverted,480,4,legacy,0.18,mass,0,.480000,.160000,1.000000,100,1,,,,,,legacy,100,
inverted,480,4,legacy,0.18,mass,1,.465403,.155345,.972222,100,1,,,,,,legacy,100,
inverted,480,4,legacy,0.18,mass,2,.458022,.158679,.937500,100,1,,,,,,legacy,100,
inverted,480,4,legacy,0.18,mass,3,.443176,.172806,.850694,100,1,,,,,,legacy,100,
inverted,480,4,legacy,0.18,mass,4,.413350,.198379,.803819,100,1,,,,,,legacy,100,
inverted,480,4,legacy,0.18,mass,5,.369428,.235609,.710069,100,1,,,,,,legacy,100,
inverted,480,4,legacy,0.18,mass,6,.330855,.274924,.633681,100,1,,,,,,legacy,100,
inverted,480,4,legacy,0.18,mass,7,.299047,.307565,.562500,100,1,,,,,,legacy,100,
inverted,480,4,legacy,0.18,mass,8,.270832,.335667,.508681,100,1,,,,,,legacy,100,
inverted,480,4,legacy,0.18,mass,9,.244424,.363497,.437500,100,1,,,,,,legacy,100,
inverted,480,4,legacy,0.18,mass,10,.226155,.385636,.375000,100,1,,,,,,legacy,100,
inverted,480,4,legacy,0.18,mass,11,.209593,.404473,.295139,100,1,,,,,,legacy,100,
inverted,480,4,legacy,0.18,mass,12,.195526,.422279,.250000,100,1,,,,,,legacy,100,
inverted,480,4,legacy,0.18,mass,13,.182831,.434721,.178819,100,1,,,,,,legacy,100,
inverted,480,4,legacy,0.18,mass,14,.174395,.446174,.147569,100,1,,,,,,legacy,100,
inverted,480,4,legacy,0.18,mass,15,.170794,.451882,.133681,100,1,,,,,,legacy,100,
inverted,480,4,legacy,0.18,mass,16,.164539,.453816,.085069,100,1,,,,,,legacy,100,
inverted,480,4,legacy,0.18,mass,17,.157022,.458640,.071181,100,1,,,,,,legacy,100,
inverted,480,4,legacy,0.18,mass,18,.156224,.464402,.020833,100,1,,,,,,legacy,100,
inverted,480,4,legacy,0.18,mass,19,.153693,.465717,.006944,100,1,,,,,,legacy,100,
inverted,480,4,legacy,0.18,mass,20,.153662,.466208,0,100,1,,,,,,legacy,100,
stable,240,4,legacy,0.18,mass,0,.160000,.480000,0,100,1,,,,,,legacy,100,
stable,240,4,legacy,0.18,mass,1,.154615,.469508,.013889,100,1,,,,,,legacy,100,
stable,240,4,legacy,0.18,mass,2,.153802,.467096,0,100,1,,,,,,legacy,100,
stable,240,4,legacy,0.18,mass,3,.154790,.466255,0,100,1,,,,,,legacy,100,
stable,240,4,legacy,0.18,mass,4,.153753,.467872,.006944,100,1,,,,,,legacy,100,
stable,240,4,legacy,0.18,mass,5,.153341,.468308,0,100,1,,,,,,legacy,100,
stable,240,4,legacy,0.18,mass,6,.153151,.466755,0,100,1,,,,,,legacy,100,
stable,240,4,legacy,0.18,mass,7,.153169,.467364,0,100,1,,,,,,legacy,100,
stable,240,4,legacy,0.18,mass,8,.153370,.465563,0,100,1,,,,,,legacy,100,
stable,240,4,legacy,0.18,mass,9,.154030,.466511,0,100,1,,,,,,legacy,100,
stable,240,4,legacy,0.18,mass,10,.155027,.467733,0,100,1,,,,,,legacy,100,
inverted,480,4,wave,0.18,mass,0.000000,0.480000,0.160000,1.000000,100,1,,,,,,legacy,100,
inverted,480,4,wave,0.18,mass,1.000000,0.468346,0.157398,0.972222,100,1,,,,,,legacy,100,
inverted,480,4,wave,0.18,mass,2.000000,0.466389,0.159249,0.937500,100,1,,,,,,legacy,100,
inverted,480,4,wave,0.18,mass,3.000000,0.460845,0.163894,0.937500,100,1,,,,,,legacy,100,
inverted,480,4,wave,0.18,mass,4.000000,0.445270,0.178268,0.847222,100,1,,,,,,legacy,100,
inverted,480,4,wave,0.18,mass,5.000000,0.410866,0.203015,0.750000,100,1,,,,,,legacy,100,
inverted,480,4,wave,0.18,mass,6.000000,0.381585,0.229449,0.687500,100,1,,,,,,legacy,100,
inverted,480,4,wave,0.18,mass,7.000000,0.358095,0.254811,0.638889,100,1,,,,,,legacy,100,
inverted,480,4,wave,0.18,mass,8.000000,0.320092,0.286984,0.576389,100,1,,,,,,legacy,100,
inverted,480,4,wave,0.18,mass,9.000000,0.293015,0.318795,0.515625,100,1,,,,,,legacy,100,
inverted,480,4,wave,0.18,mass,10.000000,0.263690,0.346358,0.453125,100,1,,,,,,legacy,100,
inverted,480,4,wave,0.18,mass,11.000000,0.243560,0.370838,0.390625,100,1,,,,,,legacy,100,
inverted,480,4,wave,0.18,mass,12.000000,0.227118,0.391441,0.342014,100,1,,,,,,legacy,100,
inverted,480,4,wave,0.18,mass,13.000000,0.210961,0.410515,0.296875,100,1,,,,,,legacy,100,
inverted,480,4,wave,0.18,mass,14.000000,0.197101,0.424367,0.250000,100,1,,,,,,legacy,100,
inverted,480,4,wave,0.18,mass,15.000000,0.183726,0.434853,0.211806,100,1,,,,,,legacy,100,
inverted,480,4,wave,0.18,mass,16.000000,0.172912,0.445117,0.156250,100,1,,,,,,legacy,100,
inverted,480,4,wave,0.18,mass,17.000000,0.164196,0.454342,0.085069,100,1,,,,,,legacy,100,
inverted,480,4,wave,0.18,mass,18.000000,0.160396,0.460116,0.046875,100,1,,,,,,legacy,100,
inverted,480,4,wave,0.18,mass,19.000000,0.156026,0.459254,0.015625,100,1,,,,,,legacy,100,
inverted,480,4,wave,0.18,mass,20.000000,0.154936,0.461095,0.006944,100,1,,,,,,legacy,100,
inverted,480,6,wave,0.12,mass,0.000000,0.480000,0.160000,1.000000,100,1,,,,,,legacy,100,
inverted,480,6,wave,0.12,mass,1.000000,0.466371,0.153299,0.991770,100,1,,,,,,legacy,100,
inverted,480,6,wave,0.12,mass,2.000000,0.463524,0.154084,0.963992,100,1,,,,,,legacy,100,
inverted,480,6,wave,0.12,mass,3.000000,0.460553,0.156766,0.935700,100,1,,,,,,legacy,100,
inverted,480,6,wave,0.12,mass,4.000000,0.455187,0.161929,0.896091,100,1,,,,,,legacy,100,
inverted,480,6,wave,0.12,mass,5.000000,0.446287,0.170331,0.843107,100,1,,,,,,legacy,100,
inverted,480,6,wave,0.12,mass,6.000000,0.434299,0.182402,0.786523,100,1,,,,,,legacy,100,
inverted,480,6,wave,0.12,mass,7.000000,0.416938,0.198909,0.750000,100,1,,,,,,legacy,100,
inverted,480,6,wave,0.12,mass,8.000000,0.395203,0.219111,0.685185,100,1,,,,,,legacy,100,
inverted,480,6,wave,0.12,mass,9.000000,0.371707,0.242767,0.627058,100,1,,,,,,legacy,100,
inverted,480,6,wave,0.12,mass,10.000000,0.344725,0.270070,0.572016,100,1,,,,,,legacy,100,
inverted,480,6,wave,0.12,mass,11.000000,0.315895,0.300140,0.519033,100,1,,,,,,legacy,100,
inverted,480,6,wave,0.12,mass,12.000000,0.286227,0.327925,0.465535,100,1,,,,,,legacy,100,
inverted,480,6,wave,0.12,mass,13.000000,0.262824,0.353469,0.409979,100,1,,,,,,legacy,100,
inverted,480,6,wave,0.12,mass,14.000000,0.241859,0.375893,0.365226,100,1,,,,,,legacy,100,
inverted,480,6,wave,0.12,mass,15.000000,0.226040,0.393734,0.321502,100,1,,,,,,legacy,100,
inverted,480,6,wave,0.12,mass,16.000000,0.213918,0.407992,0.293724,100,1,,,,,,legacy,100,
inverted,480,6,wave,0.12,mass,17.000000,0.205757,0.417054,0.273148,100,1,,,,,,legacy,100,
inverted,480,6,wave,0.12,mass,18.000000,0.193025,0.426000,0.242798,100,1,,,,,,legacy,100,
inverted,480,6,wave,0.12,mass,19.000000,0.183349,0.437380,0.203704,100,1,,,,,,legacy,100,
inverted,480,6,wave,0.12,mass,20.000000,0.174026,0.444761,0.173868,100,1,,,,,,legacy,100,
inverted,480,6,wave,0.18,mass,0.000000,0.480000,0.160000,1.000000,100,1,,,,,,legacy,100,
inverted,480,6,wave,0.18,mass,1.000000,0.458027,0.156438,0.936214,100,1,,,,,,legacy,100,
inverted,480,6,wave,0.18,mass,2.000000,0.429199,0.179051,0.835905,100,1,,,,,,legacy,100,
inverted,480,6,wave,0.18,mass,3.000000,0.380281,0.222254,0.744342,100,1,,,,,,legacy,100,
inverted,480,6,wave,0.18,mass,4.000000,0.327721,0.276126,0.615226,100,1,,,,,,legacy,100,
inverted,480,6,wave,0.18,mass,5.000000,0.274487,0.324738,0.486111,100,1,,,,,,legacy,100,
inverted,480,6,wave,0.18,mass,6.000000,0.233064,0.370121,0.371914,100,1,,,,,,legacy,100,
inverted,480,6,wave,0.18,mass,7.000000,0.204110,0.404684,0.289609,100,1,,,,,,legacy,100,
inverted,480,6,wave,0.18,mass,8.000000,0.183095,0.429737,0.220679,100,1,,,,,,legacy,100,
inverted,480,6,wave,0.18,mass,9.000000,0.173646,0.444215,0.175926,100,1,,,,,,legacy,100,
inverted,480,6,wave,0.18,mass,10.000000,0.169273,0.452245,0.140432,100,1,,,,,,legacy,100,
inverted,480,6,wave,0.18,mass,11.000000,0.168440,0.453735,0.100823,100,1,,,,,,legacy,100,
inverted,480,6,wave,0.18,mass,12.000000,0.167848,0.453921,0.095679,100,1,,,,,,legacy,100,
inverted,480,6,wave,0.18,mass,13.000000,0.166917,0.453912,0.096193,100,1,,,,,,legacy,100,
inverted,480,6,wave,0.18,mass,14.000000,0.166513,0.454853,0.086420,100,1,,,,,,legacy,100,
inverted,480,6,wave,0.18,mass,15.000000,0.165728,0.455477,0.081790,100,1,,,,,,legacy,100,
inverted,480,6,wave,0.18,mass,16.000000,0.160739,0.454281,0.079218,100,1,,,,,,legacy,100,
inverted,480,6,wave,0.18,mass,17.000000,0.154340,0.461453,0.025206,100,1,,,,,,legacy,100,
inverted,480,6,wave,0.18,mass,18.000000,0.150899,0.462259,-0.000000,100,1,,,,,,legacy,100,
inverted,480,6,wave,0.18,mass,19.000000,0.150303,0.463201,-0.000000,100,1,,,,,,legacy,100,
inverted,480,6,wave,0.18,mass,20.000000,0.150555,0.462990,-0.000000,100,1,,,,,,legacy,100,
inverted,480,4,wave,0.18,volume,0.000000,0.480000,0.160000,1.000000,100,1,,,,,,legacy,100,
inverted,480,4,wave,0.18,volume,1.000000,0.468665,0.158031,0.937500,100,1,,,,,,legacy,100,
inverted,480,4,wave,0.18,volume,2.000000,0.471765,0.159392,0.937500,100,1,,,,,,legacy,100,
inverted,480,4,wave,0.18,volume,3.000000,0.465574,0.156236,0.937500,100,1,,,,,,legacy,100,
inverted,480,4,wave,0.18,volume,4.000000,0.460621,0.159146,0.937500,100,1,,,,,,legacy,100,
inverted,480,4,wave,0.18,volume,5.000000,0.455266,0.165014,0.892361,100,1,,,,,,legacy,100,
inverted,480,4,wave,0.18,volume,6.000000,0.446950,0.172029,0.840278,100,1,,,,,,legacy,100,
inverted,480,4,wave,0.18,volume,7.000000,0.439706,0.181459,0.798611,100,1,,,,,,legacy,100,
inverted,480,4,wave,0.18,volume,8.000000,0.425687,0.194650,0.767361,100,1,,,,,,legacy,100,
inverted,480,4,wave,0.18,volume,9.000000,0.410060,0.210390,0.750000,100,1,,,,,,legacy,100,
inverted,480,4,wave,0.18,volume,10.000000,0.397099,0.222435,0.694444,100,1,,,,,,legacy,100,
inverted,480,4,wave,0.18,volume,11.000000,0.381939,0.236154,0.663194,100,1,,,,,,legacy,100,
inverted,480,4,wave,0.18,volume,12.000000,0.370831,0.248277,0.656250,100,1,,,,,,legacy,100,
inverted,480,4,wave,0.18,volume,13.000000,0.361579,0.258484,0.640625,100,1,,,,,,legacy,100,
inverted,480,4,wave,0.18,volume,14.000000,0.350585,0.270217,0.600694,100,1,,,,,,legacy,100,
inverted,480,4,wave,0.18,volume,15.000000,0.338670,0.279009,0.600694,100,1,,,,,,legacy,100,
inverted,480,4,wave,0.18,volume,16.000000,0.330272,0.288421,0.595486,100,1,,,,,,legacy,100,
inverted,480,4,wave,0.18,volume,17.000000,0.322680,0.298140,0.562500,100,1,,,,,,legacy,100,
inverted,480,4,wave,0.18,volume,18.000000,0.313585,0.305968,0.564236,100,1,,,,,,legacy,100,
inverted,480,4,wave,0.18,volume,19.000000,0.307921,0.312499,0.545139,100,1,,,,,,legacy,100,
inverted,480,4,wave,0.18,volume,20.000000,0.303480,0.315740,0.546875,100,1,,,,,,legacy,100,
inverted,480,6,wave,0.12,volume,0.000000,0.480000,0.160000,1.000000,100,1,,,,,,legacy,100,
inverted,480,6,wave,0.12,volume,1.000000,0.465331,0.153356,0.981481,100,1,,,,,,legacy,100,
inverted,480,6,wave,0.12,volume,2.000000,0.463451,0.154824,0.954733,100,1,,,,,,legacy,100,
inverted,480,6,wave,0.12,volume,3.000000,0.460781,0.157113,0.927469,100,1,,,,,,legacy,100,
inverted,480,6,wave,0.12,volume,4.000000,0.456410,0.160959,0.899691,100,1,,,,,,legacy,100,
inverted,480,6,wave,0.12,volume,5.000000,0.450858,0.166759,0.877058,100,1,,,,,,legacy,100,
inverted,480,6,wave,0.12,volume,6.000000,0.443274,0.173834,0.849280,100,1,,,,,,legacy,100,
inverted,480,6,wave,0.12,volume,7.000000,0.434958,0.182714,0.815844,100,1,,,,,,legacy,100,
inverted,480,6,wave,0.12,volume,8.000000,0.424672,0.193088,0.786523,100,1,,,,,,legacy,100,
inverted,480,6,wave,0.12,volume,9.000000,0.413337,0.204325,0.765947,100,1,,,,,,legacy,100,
inverted,480,6,wave,0.12,volume,10.000000,0.403014,0.215023,0.745370,100,1,,,,,,legacy,100,
inverted,480,6,wave,0.12,volume,11.000000,0.392187,0.226091,0.715021,100,1,,,,,,legacy,100,
inverted,480,6,wave,0.12,volume,12.000000,0.380083,0.238198,0.689815,100,1,,,,,,legacy,100,
inverted,480,6,wave,0.12,volume,13.000000,0.368212,0.249748,0.665638,100,1,,,,,,legacy,100,
inverted,480,6,wave,0.12,volume,14.000000,0.357915,0.260406,0.646091,100,1,,,,,,legacy,100,
inverted,480,6,wave,0.12,volume,15.000000,0.347989,0.270340,0.608539,100,1,,,,,,legacy,100,
inverted,480,6,wave,0.12,volume,16.000000,0.337340,0.280896,0.576132,100,1,,,,,,legacy,100,
inverted,480,6,wave,0.12,volume,17.000000,0.326868,0.291345,0.558128,100,1,,,,,,legacy,100,
inverted,480,6,wave,0.12,volume,18.000000,0.316579,0.301449,0.523148,100,1,,,,,,legacy,100,
inverted,480,6,wave,0.12,volume,19.000000,0.307386,0.310973,0.500514,100,1,,,,,,legacy,100,
inverted,480,6,wave,0.12,volume,20.000000,0.299153,0.319644,0.470165,100,1,,,,,,legacy,100,
inverted,480,4,wave,0.18,volume,21.000000,0.298768,0.321521,0.531250,100,1,,,,,,legacy,100,
inverted,480,4,wave,0.18,volume,22.000000,0.295075,0.324257,0.498264,100,1,,,,,,legacy,100,
inverted,480,4,wave,0.18,volume,23.000000,0.291368,0.326626,0.482639,100,1,,,,,,legacy,100,
inverted,480,4,wave,0.18,volume,24.000000,0.289406,0.328861,0.460069,100,1,,,,,,legacy,100,
inverted,480,4,wave,0.18,volume,25.000000,0.287554,0.330258,0.468750,100,1,,,,,,legacy,100,
inverted,480,4,wave,0.18,volume,26.000000,0.284518,0.331878,0.451389,100,1,,,,,,legacy,100,
inverted,480,4,wave,0.18,volume,27.000000,0.284778,0.332244,0.446181,100,1,,,,,,legacy,100,
inverted,480,4,wave,0.18,volume,28.000000,0.286181,0.330899,0.437500,100,1,,,,,,legacy,100,
inverted,480,4,wave,0.18,volume,29.000000,0.285103,0.330792,0.430556,100,1,,,,,,legacy,100,
inverted,480,4,wave,0.18,volume,30.000000,0.284229,0.331727,0.444444,100,1,,,,,,legacy,100,
inverted,480,4,wave,0.18,volume,31.000000,0.283444,0.333216,0.421875,100,1,,,,,,legacy,100,
inverted,480,4,wave,0.18,volume,32.000000,0.285586,0.332734,0.420139,100,1,,,,,,legacy,100,
inverted,480,4,wave,0.18,volume,33.000000,0.285565,0.332343,0.430556,100,1,,,,,,legacy,100,
inverted,480,4,wave,0.18,volume,34.000000,0.283303,0.334770,0.437500,100,1,,,,,,legacy,100,
inverted,480,4,wave,0.18,volume,35.000000,0.280976,0.335405,0.451389,100,1,,,,,,legacy,100,
inverted,480,4,wave,0.18,volume,36.000000,0.277517,0.338539,0.428819,100,1,,,,,,legacy,100,
inverted,480,4,wave,0.18,volume,37.000000,0.276256,0.340566,0.421875,100,1,,,,,,legacy,100,
inverted,480,4,wave,0.18,volume,38.000000,0.275659,0.342822,0.413194,100,1,,,,,,legacy,100,
inverted,480,4,wave,0.18,volume,39.000000,0.275863,0.343393,0.420139,100,1,,,,,,legacy,100,
inverted,480,4,wave,0.18,volume,40.000000,0.275286,0.342022,0.413194,100,1,,,,,,legacy,100,
inverted,480,6,wave,0.12,volume,21.000000,0.290560,0.327958,0.458848,100,1,,,,,,legacy,100,
inverted,480,6,wave,0.12,volume,22.000000,0.283432,0.334842,0.430556,100,1,,,,,,legacy,100,
inverted,480,6,wave,0.12,volume,23.000000,0.277415,0.340486,0.409979,100,1,,,,,,legacy,100,
inverted,480,6,wave,0.12,volume,24.000000,0.272672,0.345786,0.402778,100,1,,,,,,legacy,100,
inverted,480,6,wave,0.12,volume,25.000000,0.268071,0.350502,0.399691,100,1,,,,,,legacy,100,
inverted,480,6,wave,0.12,volume,26.000000,0.264827,0.353601,0.402778,100,1,,,,,,legacy,100,
inverted,480,6,wave,0.12,volume,27.000000,0.263106,0.354765,0.391461,100,1,,,,,,legacy,100,
inverted,480,6,wave,0.12,volume,28.000000,0.262362,0.356203,0.396091,100,1,,,,,,legacy,100,
inverted,480,6,wave,0.12,volume,29.000000,0.261205,0.357010,0.393519,100,1,,,,,,legacy,100,
inverted,480,6,wave,0.12,volume,30.000000,0.260075,0.358757,0.383745,100,1,,,,,,legacy,100,
inverted,480,6,wave,0.12,volume,31.000000,0.258913,0.359491,0.375000,100,1,,,,,,legacy,100,
inverted,480,6,wave,0.12,volume,32.000000,0.258436,0.359695,0.386831,100,1,,,,,,legacy,100,
inverted,480,6,wave,0.12,volume,33.000000,0.258891,0.358823,0.384774,100,1,,,,,,legacy,100,
inverted,480,6,wave,0.12,volume,34.000000,0.259081,0.358829,0.389403,100,1,,,,,,legacy,100,
inverted,480,6,wave,0.12,volume,35.000000,0.259254,0.358480,0.394033,100,1,,,,,,legacy,100,
inverted,480,6,wave,0.12,volume,36.000000,0.260112,0.357266,0.386317,100,1,,,,,,legacy,100,
inverted,480,6,wave,0.12,volume,37.000000,0.261372,0.356392,0.386831,100,1,,,,,,legacy,100,
inverted,480,6,wave,0.12,volume,38.000000,0.262043,0.356000,0.391461,100,1,,,,,,legacy,100,
inverted,480,6,wave,0.12,volume,39.000000,0.262690,0.355118,0.381687,100,1,,,,,,legacy,100,
inverted,480,6,wave,0.12,volume,40.000000,0.263296,0.354321,0.383745,100,1,,,,,,legacy,100,
inverted,480,4,wave,0.18,volume-v2,0,0.480000,0.160000,1.000000,100,1,,,,,,legacy,100,
inverted,480,4,wave,0.18,volume-v2,1.000000,0.461982,0.157994,1.000000,100,1,,,,,,legacy,100,
inverted,480,4,wave,0.18,volume-v2,2.000000,0.453242,0.157030,0.972222,100,1,,,,,,legacy,100,
inverted,480,4,wave,0.18,volume-v2,3.000000,0.447794,0.155976,0.972222,100,1,,,,,,legacy,100,
inverted,480,4,wave,0.18,volume-v2,4.000000,0.447562,0.155047,0.972222,100,1,,,,,,legacy,100,
inverted,480,4,wave,0.18,volume-v2,5.000000,0.449006,0.155447,0.972222,100,1,,,,,,legacy,100,
inverted,480,4,wave,0.18,volume-v2,6.000000,0.449402,0.155608,0.972222,100,1,,,,,,legacy,100,
inverted,480,4,wave,0.18,volume-v2,7.000000,0.448748,0.156637,0.972222,100,1,,,,,,legacy,100,
inverted,480,4,wave,0.18,volume-v2,8.000000,0.448014,0.155842,1.000000,100,1,,,,,,legacy,100,
inverted,480,4,wave,0.18,volume-v2,9.000000,0.445727,0.154102,1.000000,100,1,,,,,,legacy,100,
inverted,480,4,wave,0.18,volume-v2,10.000000,0.445379,0.154056,1.000000,100,1,,,,,,legacy,100,
inverted,480,4,wave,0.18,volume-v2,11.000000,0.444781,0.154019,1.000000,100,1,,,,,,legacy,100,
inverted,480,4,wave,0.18,volume-v2,12.000000,0.443927,0.153958,1.000000,100,1,,,,,,legacy,100,
inverted,480,4,wave,0.18,volume-v2,13.000000,0.443528,0.153937,0.965278,100,1,,,,,,legacy,100,
inverted,480,4,wave,0.18,volume-v2,14.000000,0.443278,0.153902,0.965278,100,1,,,,,,legacy,100,
inverted,480,4,wave,0.18,volume-v2,15.000000,0.442997,0.153807,0.965278,100,1,,,,,,legacy,100,
inverted,480,4,wave,0.18,volume-v2,16.000000,0.442755,0.153640,0.965278,100,1,,,,,,legacy,100,
inverted,480,4,wave,0.18,volume-v2,17.000000,0.442848,0.153346,0.965278,100,1,,,,,,legacy,100,
inverted,480,4,wave,0.18,volume-v2,18.000000,0.443969,0.153618,1.000000,100,1,,,,,,legacy,100,
inverted,480,4,wave,0.18,volume-v2,19.000000,0.444667,0.153929,1.000000,100,1,,,,,,legacy,100,
inverted,480,4,wave,0.18,volume-v2,20.000000,0.444712,0.153995,1.000000,100,1,,,,,,legacy,100,
inverted,480,4,wave,0.18,volume-v2,0,0.480000,0.160000,1.000000,100,0,,,,,,legacy,100,
inverted,480,4,wave,0.18,volume-v2,1.000000,0.462006,0.158002,1.000000,100,0,0.015071158501246185,0.0272748926903581,0.09654619746267383,0.06847142450122347,,legacy,100,
inverted,480,4,wave,0.18,volume-v2,2.000000,0.453287,0.157044,0.972222,100,0,0.016947818862175446,0.025947499045764655,0.10309114493056963,0.041468616724887886,,legacy,100,
inverted,480,4,wave,0.18,volume-v2,3.000000,0.447765,0.156000,0.972222,100,0,0.011138918575597678,0.030541327516372174,0.03308815689682646,0.011350931247420088,,legacy,100,
inverted,480,4,wave,0.18,volume-v2,4.000000,0.447548,0.154991,0.972222,100,0,0.011347382830165342,0.036237395256836,0.07484276732878353,0.07476044312260652,,legacy,100,
inverted,480,4,wave,0.18,volume-v2,5.000000,0.448792,0.155380,0.972222,100,0,0.012067166303588506,0.055747246782773985,0.07685139582977005,0.01851232010241454,,legacy,100,
inverted,480,4,wave,0.18,volume-v2,6.000000,0.449366,0.155588,0.972222,100,0,0.011620186508749963,0.0554077107063875,0.08312406081248959,0.00690486336052126,,legacy,100,
inverted,480,4,wave,0.18,volume-v2,7.000000,0.448743,0.156569,0.972222,100,0,0.013725391709586088,0.05826718702814215,0.18030282479627427,0.0965013821552732,,legacy,100,
inverted,480,4,wave,0.18,volume-v2,8.000000,0.447321,0.155668,1.000000,100,0,0.012948493723921262,0.05470853045464996,0.1655090389593857,0.07637313362108883,,legacy,100,
inverted,480,4,wave,0.18,volume-v2,9.000000,0.446151,0.154259,1.000000,100,0,0.0122387599235656,0.057973564931804056,0.12966836551735714,0.022309104673990464,,legacy,100,
inverted,480,4,wave,0.18,volume-v2,10.000000,0.445623,0.154103,1.000000,100,0,0.011870603997465645,0.057983817712676355,0.10105906244910796,0.02082098658796165,,legacy,100,
inverted,480,4,wave,0.18,volume-v2,11.000000,0.445346,0.154158,1.000000,100,0,0.01189968625467408,0.05739627868086128,0.09433199678171128,0.004461467244610579,,legacy,100,
inverted,480,4,wave,0.18,volume-v2,12.000000,0.444733,0.154179,1.000000,100,0,0.012855790566720593,0.05731068974423037,0.07537910299363025,0.01030876326727173,,legacy,100,
inverted,480,4,wave,0.18,volume-v2,13.000000,0.444199,0.154056,0.993056,100,0,0.013238174936018199,0.05945672402722546,0.0892974881866761,0.04614418431693519,,legacy,100,
inverted,480,4,wave,0.18,volume-v2,14.000000,0.443661,0.153860,0.993056,100,0,0.013170729155845828,0.06176775205539253,0.10485646339249384,0.01765169198325068,,legacy,100,
inverted,480,4,wave,0.18,volume-v2,15.000000,0.442724,0.153620,0.993056,100,0,0.013061126046507665,0.06334947412624237,0.12964272833535156,0.08746904672717727,,legacy,100,
inverted,480,4,wave,0.18,volume-v2,16.000000,0.440817,0.152526,0.951389,100,0,0.012873166320225504,0.06662220854472789,0.10829918123704751,0.045537225266150956,,legacy,100,
inverted,480,4,wave,0.18,volume-v2,17.000000,0.438547,0.151960,0.951389,100,0,0.011157622579168525,0.062323662259407886,0.13282521549549905,0.02966610414390696,,legacy,100,
inverted,480,4,wave,0.18,volume-v2,18.000000,0.438768,0.151721,0.951389,100,0,0.010505360386278362,0.06294451815726854,0.14505917926868106,0.00492853008580155,,legacy,100,
inverted,480,4,wave,0.18,volume-v2,19.000000,0.438824,0.151691,0.951389,100,0,0.011084279827920929,0.0633248798228856,0.1345247256414311,0.0020564314126283643,,legacy,100,
inverted,480,4,wave,0.18,volume-v2,20.000000,0.438796,0.151678,0.951389,100,0,0.016023757280018813,0.0635254128489171,0.13117843620807618,0.003436800718223884,,legacy,100,
inverted,480,4,wave,0.18,volume-v2,0,0.480000,0.160000,1.000000,1,0,,,,,,legacy,1,
inverted,480,4,wave,0.18,volume-v2,1.000000,0.566756,0.311888,0.743056,1,0,0.1433493435739619,0.15606548678163157,3.5052253126173585,4.923890626759892,,legacy,1,
inverted,480,4,wave,0.18,volume-v2,2.000000,0.373115,0.431561,0.475694,1,0,0.07203291617062679,0.11282541305406246,5.958365388899483,7.255970388176447,,legacy,1,
inverted,480,4,wave,0.18,volume-v2,3.000000,0.365279,0.416827,0.451389,1,0,0.07667424970022352,0.05578923829760574,3.817050556637847,4.6372520608889145,,legacy,1,
inverted,480,4,wave,0.18,volume-v2,4.000000,0.366998,0.450323,0.416667,1,0,0.08401362873343765,0.07761278342725952,4.0211100573841065,5.391456891576477,,legacy,1,
inverted,480,4,wave,0.18,volume-v2,5.000000,0.354813,0.472159,0.388889,1,0,0.08809900298362705,0.09773955595581607,4.559545293291427,5.161059144936866,,legacy,1,
inverted,480,4,wave,0.18,volume-v2,6.000000,0.346740,0.456656,0.409722,1,0,0.09826682585037227,0.1271818104716611,4.110443529095199,5.3709343538053265,,legacy,1,
inverted,480,4,wave,0.18,volume-v2,7.000000,0.393240,0.425073,0.456597,1,0,0.04889941116176466,0.041527810883381644,5.747667827634626,4.45700863803665,,legacy,1,
inverted,480,4,wave,0.18,volume-v2,8.000000,0.348018,0.455342,0.359375,1,0,0.08594522188801257,0.07923319704354359,5.086193975424445,5.565548140452166,,legacy,1,
inverted,480,4,wave,0.18,volume-v2,9.000000,0.356323,0.442122,0.416667,1,0,0.11499455771776557,0.08772898195015721,4.96430932772473,5.069282275374636,,legacy,1,
inverted,480,4,wave,0.18,volume-v2,10.000000,0.344034,0.551691,0.378472,1,0,0.0759933934849839,0.07715517466597377,4.539617264372308,4.33915128511451,,legacy,1,
inverted,480,4,wave,0.18,volume-v2,11.000000,0.372909,0.463443,0.395833,1,0,0.07573001904799659,0.10779719901122209,6.111517993913717,4.65728879794675,,legacy,1,
inverted,480,4,wave,0.18,volume-v2,12.000000,0.382756,0.406433,0.496528,1,0,0.10388636892390135,0.10039682494906121,4.082641593068847,5.640256523082564,,legacy,1,
inverted,480,4,wave,0.18,volume-v2,13.000000,0.352322,0.431908,0.420139,1,0,0.103807637283448,0.0825468776279521,5.448623206259866,4.052429081310249,,legacy,1,
inverted,480,4,wave,0.18,volume-v2,14.000000,0.349580,0.503087,0.399306,1,0,0.12111833185315746,0.09375292851642447,4.651647980524074,5.5214660844746755,,legacy,1,
inverted,480,4,wave,0.18,volume-v2,15.000000,0.357573,0.444927,0.449653,1,0,0.09390332342240093,0.05221175915292142,4.465545161616006,4.762177794346975,,legacy,1,
inverted,480,4,wave,0.18,volume-v2,16.000000,0.337963,0.398746,0.434028,1,0,0.1348500471730567,0.12998497149521993,4.467311029281248,4.119440208848694,,legacy,1,
inverted,480,4,wave,0.18,volume-v2,17.000000,0.380197,0.368871,0.467014,1,0,0.10322585135778217,0.1057660102404201,5.046783659348081,3.586306525451327,,legacy,1,
inverted,480,4,wave,0.18,volume-v2,18.000000,0.402991,0.409853,0.503472,1,0,0.10656751484241567,0.09732012679426294,4.686687922934315,3.595410270001767,,legacy,1,
inverted,480,4,wave,0.18,volume-v2,19.000000,0.357456,0.477206,0.394097,1,0,0.16465325669829056,0.15260589606369312,4.74112795949132,5.8346664917850095,,legacy,1,
inverted,480,4,wave,0.18,volume-v2,20.000000,0.348794,0.453519,0.411458,1,0,0.07762180257823448,0.13464701472453489,4.263059251067622,4.980189095937559,,legacy,1,
inverted,480,4,wave,0.18,mass,0,0.480000,0.160000,1.000000,100,0,,,,,,legacy,100,
inverted,480,4,wave,0.18,mass,1.000000,0.468339,0.157400,0.972222,100,0,0.009630591043094716,0.02377131143003619,0.04793500032870099,0.01668739872142093,,legacy,100,
inverted,480,4,wave,0.18,mass,2.000000,0.466384,0.159259,0.937500,100,0,0.012378441944157936,0.024238644111309826,0.08712009596346419,0.03637200082366594,,legacy,100,
inverted,480,4,wave,0.18,mass,3.000000,0.460791,0.163932,0.937500,100,0,0.011394518912742235,0.026945470673890526,0.06763899110938434,0.03773384933603261,,legacy,100,
inverted,480,4,wave,0.18,mass,4.000000,0.444881,0.178503,0.847222,100,0,0.010177783161941178,0.02721756593971625,0.11711782785145826,0.10131654577921335,,legacy,100,
inverted,480,4,wave,0.18,mass,5.000000,0.410976,0.202969,0.750000,100,0,0.01261737878021485,0.03257607806434959,0.23017008718283793,0.12957425930843494,,legacy,100,
inverted,480,4,wave,0.18,mass,6.000000,0.381831,0.229672,0.687500,100,0,0.013690345460112718,0.03153226200163961,0.0776906170185407,0.14474373028516804,,legacy,100,
inverted,480,4,wave,0.18,mass,7.000000,0.356792,0.256182,0.652778,100,0,0.013588000257263255,0.028575174680899762,0.1767501651716371,0.13483599423621573,,legacy,100,
inverted,480,4,wave,0.18,mass,8.000000,0.319394,0.290399,0.576389,100,0,0.015798265636511433,0.03520735294486177,0.07633087113271379,0.0820236118826617,,legacy,100,
inverted,480,4,wave,0.18,mass,9.000000,0.291049,0.320439,0.500000,100,0,0.01908651334297895,0.02646263877150834,0.09341561076013577,0.18938794955922567,,legacy,100,
inverted,480,4,wave,0.18,mass,10.000000,0.262904,0.347804,0.454861,100,0,0.02354181429643476,0.0271863117461022,0.08910492503134261,0.17002918283589039,,legacy,100,
inverted,480,4,wave,0.18,mass,11.000000,0.245041,0.368671,0.406250,100,0,0.02446884982219677,0.027103317627142465,0.08787399559984488,0.23474951461784466,,legacy,100,
inverted,480,4,wave,0.18,mass,12.000000,0.228562,0.388348,0.357639,100,0,0.02253069349032355,0.026442226373871947,0.08532785077602953,0.09203861741846753,,legacy,100,
inverted,480,4,wave,0.18,mass,13.000000,0.213516,0.405134,0.319444,100,0,0.02138299705129376,0.02678583193650108,0.07150015369537895,0.10317612589054942,,legacy,100,
inverted,480,4,wave,0.18,mass,14.000000,0.199273,0.421520,0.267361,100,0,0.022792584660573212,0.03128642266209081,0.06701726209007583,0.0972678378922164,,legacy,100,
inverted,480,4,wave,0.18,mass,15.000000,0.188572,0.434270,0.234375,100,0,0.026570844484573586,0.03463136759611496,0.23779198206021246,0.1116699857547626,,legacy,100,
inverted,480,4,wave,0.18,mass,16.000000,0.176396,0.439797,0.178819,100,0,0.035234774819151715,0.035964793665409944,0.14606218064586993,0.1986222785005508,,legacy,100,
inverted,480,4,wave,0.18,mass,17.000000,0.165919,0.448881,0.142361,100,0,0.024592821106555363,0.04215776803512705,0.11736894538541502,0.0978267909208789,,legacy,100,
inverted,480,4,wave,0.18,mass,18.000000,0.161240,0.453875,0.095486,100,0,0.026279095260894447,0.0489892068870843,0.13308426350156813,0.12237398149589207,,legacy,100,
inverted,480,4,wave,0.18,mass,19.000000,0.159789,0.455955,0.062500,100,0,0.021751439922641058,0.04400826923895673,0.10695550921341847,0.10042289519249589,,legacy,100,
inverted,480,4,wave,0.18,mass,20.000000,0.160281,0.458502,0.053819,100,0,0.02342043975142616,0.04518623562113455,0.12150039452945001,0.10254449487056715,,legacy,100,
inverted,480,4,wave,0.18,volume-v3,0,0.480000,0.160000,1.000000,100,1,,,,,,legacy,100,
inverted,480,4,wave,0.18,volume-v3,1.000000,0.428136,0.134257,1.000000,100,1,0.01355606900100148,0.0467373687671806,0.06686355253774229,0.1171117316165762,,legacy,100,
inverted,480,4,wave,0.18,volume-v3,2.000000,0.418890,0.133942,0.965278,100,1,0.015628719035248873,0.04069677579803388,0.0334477911562663,0.04177935980606051,,legacy,100,
inverted,480,4,wave,0.18,volume-v3,3.000000,0.418064,0.133777,0.937500,100,1,0.015531852648803746,0.04049728262054875,0.007638777099430894,0.004870406617567917,,legacy,100,
inverted,480,4,wave,0.18,volume-v3,4.000000,0.417802,0.133602,0.937500,100,1,0.014886145994345235,0.04028445452016194,0.01033062932975006,0.005736067119177509,,legacy,100,
inverted,480,4,wave,0.18,volume-v3,5.000000,0.417512,0.133540,0.937500,100,1,0.014514322886346687,0.04015969509600281,0.01467567990125189,0.00030678132582507976,,legacy,100,
inverted,480,4,wave,0.18,volume-v3,6.000000,0.417250,0.133582,0.937500,100,1,0.015040796331390105,0.04014712104038276,0.025250949062585033,0.019312089290814356,,legacy,100,
inverted,480,4,wave,0.18,volume-v3,7.000000,0.410139,0.134086,0.902778,100,1,0.015292338698301267,0.04359357895998728,0.030800928183881707,0.013386931670820336,,legacy,100,
inverted,480,4,wave,0.18,volume-v3,8.000000,0.409705,0.133998,0.930556,100,1,0.015260789829809163,0.04270621431431243,0.006130686129151046,0.006781350113214998,,legacy,100,
inverted,480,4,wave,0.18,volume-v3,9.000000,0.409463,0.133996,0.930556,100,1,0.015335849748534747,0.042831105177324025,0.011685564652823093,0.01186153181971905,,legacy,100,
inverted,480,4,wave,0.18,volume-v3,10.000000,0.408908,0.134162,0.902778,100,1,0.016916844721528435,0.0434209148712954,0.02167382885506951,0.03177341040235116,,legacy,100,
inverted,480,4,wave,0.18,volume-v3,11.000000,0.408152,0.134185,0.937500,100,1,0.016534734789814154,0.045311469274380345,0.03684332567048881,0.004493664172560722,,legacy,100,
inverted,480,4,wave,0.18,volume-v3,12.000000,0.406917,0.134050,0.937500,100,1,0.015762509741009678,0.04746788628134713,0.01904926756013115,0.022880121705124722,,legacy,100,
inverted,480,4,wave,0.18,volume-v3,13.000000,0.405709,0.133695,0.937500,100,1,0.015475978598946227,0.0516082086668499,0.014645867511384204,0.03734593905292628,,legacy,100,
inverted,480,4,wave,0.18,volume-v3,14.000000,0.405450,0.133477,0.937500,100,1,0.014564184823291138,0.053088208611216325,0.004261866428856809,0.011095204104268806,,legacy,100,
inverted,480,4,wave,0.18,volume-v3,15.000000,0.405218,0.133168,0.928819,100,1,0.014786420118865884,0.05473389527849215,0.006551607551930628,0.08130071350147354,,legacy,100,
inverted,480,4,wave,0.18,volume-v3,16.000000,0.405052,0.133293,0.920139,100,1,0.015716484711138623,0.05481418691264106,0.010134597268214106,0.013219711473715662,,legacy,100,
inverted,480,4,wave,0.18,volume-v3,17.000000,0.405020,0.133634,0.934028,100,1,0.01695062581037199,0.049918335854227,0.024503434434227117,0.02074725054392642,,legacy,100,
inverted,480,4,wave,0.18,volume-v3,18.000000,0.404999,0.133863,0.934028,100,1,0.01675631290087276,0.04562121109312112,0.00415231453825588,0.03787647771583344,,legacy,100,
inverted,480,4,wave,0.18,volume-v3,19.000000,0.404836,0.133674,0.934028,100,1,0.016354133106024626,0.04742325049754448,0.002364782738913634,0.008020917894062937,,legacy,100,
inverted,480,4,wave,0.18,volume-v3,20.000000,0.404790,0.133660,0.934028,100,1,0.016231183721496567,0.04783806850623673,0.001353630480452697,0.0010547376440225228,,legacy,100,
inverted,480,4,wave,0.18,volume-v3,0,0.480000,0.160000,1.000000,1,0,,,,,,legacy,1,
inverted,480,4,wave,0.18,volume-v3,1.000000,0.405408,0.137686,0.902778,1,0,0.03177993886665487,0.05387741754346553,0.4504240580523487,0.5056376790503414,,legacy,1,
inverted,480,4,wave,0.18,volume-v3,2.000000,0.404890,0.137044,0.902778,1,0,0.019815856816936428,0.04498761398590023,0.34763314326921085,0.2819683064354144,,legacy,1,
inverted,480,4,wave,0.18,volume-v3,3.000000,0.402499,0.137255,0.902778,1,0,0.014835968799406407,0.043480805000746914,0.6901873889555791,0.14624528024538294,,legacy,1,
inverted,480,4,wave,0.18,volume-v3,4.000000,0.399179,0.136756,0.885417,1,0,0.016662293491989555,0.05857266071922984,0.38872070671290526,0.3347372466890709,,legacy,1,
inverted,480,4,wave,0.18,volume-v3,5.000000,0.396923,0.136270,0.885417,1,0,0.01458649151989544,0.055928527072684364,0.24621795688324902,0.2422111212203111,,legacy,1,
inverted,480,4,wave,0.18,volume-v3,6.000000,0.396335,0.136340,0.885417,1,0,0.014100142313395958,0.056491074515072404,0.11778836761792183,0.13084574261488363,,legacy,1,
inverted,480,4,wave,0.18,volume-v3,7.000000,0.395813,0.135990,0.885417,1,0,0.013014427453266197,0.06026245665698293,0.1005218090534405,0.07879255683734132,,legacy,1,
inverted,480,4,wave,0.18,volume-v3,8.000000,0.395730,0.136037,0.885417,1,0,0.012808799185295872,0.060102755916764394,0.06877551487893031,0.053299509048565334,,legacy,1,
inverted,480,4,wave,0.18,volume-v3,9.000000,0.395607,0.135972,0.885417,1,0,0.012992009049490383,0.06023901837621426,0.03743833951958627,0.05013851253577019,,legacy,1,
inverted,480,4,wave,0.18,volume-v3,10.000000,0.395559,0.135974,0.885417,1,0,0.012679225399747862,0.06058443032132832,0.032445949710104775,0.03867080233417463,,legacy,1,
inverted,480,4,wave,0.18,volume-v3,11.000000,0.395610,0.135988,0.885417,1,0,0.012748557332062704,0.06075630514958963,0.022639035679015672,0.018468017628223067,,legacy,1,
inverted,480,4,wave,0.18,volume-v3,12.000000,0.395625,0.135995,0.885417,1,0,0.012847789553775968,0.0601343862850634,0.01731962166129363,0.012538968191450232,,legacy,1,
inverted,480,4,wave,0.18,volume-v3,13.000000,0.395639,0.135990,0.885417,1,0,0.01272275939476164,0.06075137150361809,0.015259587060197826,0.009641859858901711,,legacy,1,
inverted,480,4,wave,0.18,volume-v3,14.000000,0.395616,0.135989,0.885417,1,0,0.012797682089269236,0.060507494026257325,0.013318245313412885,0.007994873380874604,,legacy,1,
inverted,480,4,wave,0.18,volume-v3,15.000000,0.395597,0.135975,0.885417,1,0,0.012822930219587692,0.06067143978858569,0.012221748543216279,0.0064923959329323926,,legacy,1,
inverted,480,4,wave,0.18,volume-v3,16.000000,0.395594,0.135976,0.885417,1,0,0.01278514308828771,0.06066492500926213,0.007436995730068761,0.002643929076659607,,legacy,1,
inverted,480,4,wave,0.18,volume-v3,17.000000,0.395603,0.135980,0.885417,1,0,0.012771149575220742,0.0605420788193658,0.004746738684906012,0.0031001243171861225,,legacy,1,
inverted,480,4,wave,0.18,volume-v3,18.000000,0.395608,0.135982,0.885417,1,0,0.012803520799538504,0.06061288114438468,0.0038536971805826887,0.0015000113932247341,,legacy,1,
inverted,480,4,wave,0.18,volume-v3,19.000000,0.395610,0.135983,0.885417,1,0,0.012794121937259373,0.06059802658374158,0.006003548971124923,0.0013650404494987695,,legacy,1,
inverted,480,4,wave,0.18,volume-v3,20.000000,0.395608,0.135981,0.885417,1,0,0.01278484165847038,0.060551625798396236,0.0017589553114735852,0.002148941846905616,,legacy,1,
stable,480,4,wave,0.18,volume-v3,0,0.160000,0.480000,-0.000000,100,1,,,,,,legacy,100,
stable,480,4,wave,0.18,volume-v3,1.000000,0.135329,0.432011,-0.000000,100,1,0.040953867433856095,0.01233191922957566,0.10602082096904297,0.04267691058719243,,legacy,100,
stable,480,4,wave,0.18,volume-v3,2.000000,0.134152,0.427846,-0.000000,100,1,0.03852754207212805,0.012559538201165399,0.01188158606200344,0.029433368032476412,,legacy,100,
stable,480,4,wave,0.18,volume-v3,3.000000,0.134722,0.424154,-0.000000,100,1,0.03421759846323025,0.01285255900142257,0.032363905793691625,0.022530417784529206,,legacy,100,
stable,480,4,wave,0.18,volume-v3,4.000000,0.134821,0.421903,-0.000000,100,1,0.03429614131206771,0.014238556057140306,0.004219704247878111,0.0059027922729114725,,legacy,100,
stable,480,4,wave,0.18,volume-v3,5.000000,0.134844,0.421809,-0.000000,100,1,0.03457679587504536,0.014094754703271928,0.00040144027100245727,0.0028506007896058217,,legacy,100,
stable,480,4,wave,0.18,volume-v3,0,0.160000,0.480000,-0.000000,100,1,,,,,,legacy,100,
stable,480,4,wave,0.18,volume-v3,1.000000,0.135329,0.432011,-0.000000,100,1,0.040953867433856095,0.01233191922957566,0.10602082096904297,0.04267691058719243,0.13031046037901492,legacy,100,
stable,480,4,wave,0.18,volume-v3,2.000000,0.134152,0.427846,-0.000000,100,1,0.03852754207212805,0.012559538201165399,0.01188158606200344,0.029433368032476412,0,legacy,100,
stable,480,4,wave,0.18,volume-v3,3.000000,0.134722,0.424154,-0.000000,100,1,0.03421759846323025,0.01285255900142257,0.032363905793691625,0.022530417784529206,0,legacy,100,
inverted,480,4,wave,0.18,wendland-c2,0,0.480000,0.160000,1.000000,100,1,,,,,,legacy,100,
inverted,480,4,wave,0.18,wendland-c2,1.000000,0.452542,0.147373,0.937500,100,1,0.01108545566416197,0.06569082237574642,0.03846950904265681,0.012674231207486189,0.5575954344282208,legacy,100,
inverted,480,4,wave,0.18,wendland-c2,2.000000,0.450258,0.148219,0.937500,100,1,0.012355209277939316,0.06127082469673062,0.019378187074077385,0.00844062741754785,0.4507414454284442,legacy,100,
inverted,480,4,wave,0.18,wendland-c2,3.000000,0.450180,0.148648,0.937500,100,1,0.011506611285228008,0.05911646990517605,0.004905238867238664,0.0022169652174747344,0.481888427379963,legacy,100,
inverted,480,4,wave,0.18,wendland-c2,4.000000,0.450146,0.148749,0.937500,100,1,0.011244769058403659,0.05865538136808923,0.004192036266995813,0.0010462730986184473,0.465634571938283,legacy,100,
inverted,480,4,wave,0.18,wendland-c2,5.000000,0.449957,0.148800,0.937500,100,1,0.011266608964807023,0.05844506914458947,0.01838707306919293,0.0011454319455817654,0.43335693648433904,legacy,100,
inverted,480,4,wave,0.18,wendland-c2,6.000000,0.449134,0.149112,0.937500,100,1,0.011234871081400977,0.05732471995347388,0.01832840902806834,0.005356097542480509,0.3879825094558573,legacy,100,
inverted,480,4,wave,0.18,wendland-c2,7.000000,0.448967,0.149390,0.937500,100,1,0.010923964160243216,0.05619481028695272,0.005835686491474462,0.0011110882653987627,0.3118558150258767,legacy,100,
inverted,480,4,wave,0.18,wendland-c2,8.000000,0.448948,0.149446,0.937500,100,1,0.010904150993506834,0.055969976638348795,0.002598840636216599,0.00018830610721268392,0.2512241656899728,legacy,100,
inverted,480,4,wave,0.18,wendland-c2,9.000000,0.448952,0.149443,0.937500,100,1,0.010932885186182073,0.055970905706217655,0.0016518278573669648,0.000295105117707705,0.20828903324833198,legacy,100,
inverted,480,4,wave,0.18,wendland-c2,10.000000,0.448959,0.149429,0.937500,100,1,0.010959072807847248,0.05601994608799732,0.0011657123223714923,0.0002982708251683035,0.1770291766536958,legacy,100,
inverted,480,4,wave,0.18,wendland-c2,11.000000,0.448965,0.149415,0.937500,100,1,0.010977650749327772,0.05606987883902992,0.0010093862493966202,0.00023682812744429778,0.15400494167637935,legacy,100,
inverted,480,4,wave,0.18,wendland-c2,12.000000,0.448961,0.149406,0.937500,100,1,0.010989493184345056,0.05610540063675051,0.01281903000785054,0.0007611611993501986,0.13685321411442322,legacy,100,
inverted,480,4,wave,0.18,wendland-c2,13.000000,0.448591,0.149529,0.937500,100,1,0.010883976764867409,0.05566343819220454,0.01629680109752279,0.002569318847110434,0.16483689656314846,legacy,100,
inverted,480,4,wave,0.18,wendland-c2,14.000000,0.448343,0.149539,0.937500,100,1,0.011061792280026017,0.05569486271894597,0.013701587549692638,0.0040429275449953795,0.33136824630643386,legacy,100,
inverted,480,4,wave,0.18,wendland-c2,15.000000,0.447973,0.149531,0.937500,100,1,0.011172077703711203,0.056079245758883234,0.01230557549470277,0.0051075697008763875,0.642756146895476,legacy,100,
inverted,480,4,wave,0.18,wendland-c2,16.000000,0.447797,0.149678,0.937500,100,1,0.010943885729875813,0.056062059832883815,0.005601159739730132,0.0029753106618931506,0.6599194546341886,legacy,100,
inverted,480,4,wave,0.18,wendland-c2,17.000000,0.447703,0.149819,0.937500,100,1,0.010733340076479303,0.05588806243541522,0.0043061613117006525,0.0016193414765860179,0.6436050386108323,legacy,100,
inverted,480,4,wave,0.18,wendland-c2,18.000000,0.447653,0.149902,0.937500,100,1,0.010589623765491885,0.05574151822123574,0.006033047717903075,0.0007056699591010903,0.6379469514516088,legacy,100,
inverted,480,4,wave,0.18,wendland-c2,19.000000,0.447601,0.149950,0.937500,100,1,0.010509490439998048,0.05565097025214594,0.008390421129505578,0.0005154572825191699,0.654395219497003,legacy,100,
inverted,480,4,wave,0.18,wendland-c2,20.000000,0.447545,0.149999,0.937500,100,1,0.010535096153853285,0.05554020795609582,0.006414127771799191,0.0004840924867758206,0.676297714022915,legacy,100,
stable,480,4,wave,0.18,wendland-c2,0,0.160000,0.480000,-0.000000,100,1,,,,,,legacy,100,
stable,480,4,wave,0.18,wendland-c2,1.000000,0.148909,0.457617,0.062500,100,1,0.052891364701537436,0.012963320924724187,0.01641972076171157,0.05210616703381562,0.5755396774699301,legacy,100,
stable,480,4,wave,0.18,wendland-c2,2.000000,0.149470,0.455825,0.062500,100,1,0.05126848043950316,0.013567057153530682,0.007227737432205691,0.04044903576521052,0.451183965335631,legacy,100,
stable,480,4,wave,0.18,wendland-c2,3.000000,0.150157,0.453362,0.062500,100,1,0.04862561106577501,0.010743569568982814,0.007082297482403965,0.027283680559723487,0.3113890344167778,legacy,100,
stable,480,4,wave,0.18,wendland-c2,4.000000,0.150463,0.452913,0.062500,100,1,0.04741504104002958,0.010690553168228645,0.000759590081975397,0.0061880623275657595,0.2472917556585303,legacy,100,
stable,480,4,wave,0.18,wendland-c2,5.000000,0.150495,0.452880,0.062500,100,1,0.047289634915794077,0.010585448454093038,0.0002770625120253733,0.0028442889891960904,0.1840520255938425,legacy,100,
stable,480,4,wave,0.18,wendland-c2,6.000000,0.150500,0.452873,0.062500,100,1,0.04726607527637294,0.010563927843807663,0.00015414103703164265,0.0018373904537446089,0.13718911679789628,legacy,100,
stable,480,4,wave,0.18,wendland-c2,7.000000,0.150501,0.452872,0.062500,100,1,0.04726247764918279,0.010561802172672108,8.30059356852505e-5,0.0012178043745192735,0.10434001806077153,legacy,100,
stable,480,4,wave,0.18,wendland-c2,8.000000,0.150500,0.452873,0.062500,100,1,0.04726450427460671,0.010564890657844828,4.7467687120167653e-5,0.0008415198914017543,0.08101756614718954,legacy,100,
stable,480,4,wave,0.18,wendland-c2,9.000000,0.150500,0.452874,0.062500,100,1,0.04726753419661778,0.01056882129636727,3.280645120777013e-5,0.000606621720343836,0.06400635992988037,legacy,100,
stable,480,4,wave,0.18,wendland-c2,10.000000,0.150499,0.452874,0.062500,100,1,0.04727022942386916,0.010572300758950881,2.2553570313870246e-5,0.0004529861991588654,0.05126705665912583,legacy,100,
stable,480,4,wave,0.18,wendland-c2,11.000000,0.150498,0.452875,0.062500,100,1,0.047272328874458536,0.010575051595160145,1.552884603532429e-5,0.00034803890839378993,0.04150851069786081,legacy,100,
stable,480,4,wave,0.18,wendland-c2,12.000000,0.150498,0.452875,0.062500,100,1,0.0472738846116707,0.010577121557554303,1.0725864912669854e-5,0.0002773748590930304,0.03389079658863191,legacy,100,
stable,480,4,wave,0.18,wendland-c2,13.000000,0.150498,0.452875,0.062500,100,1,0.047275027521934465,0.010578657207244158,1.7010738435960126e-5,0.0002649098846182697,0.027840007068688156,legacy,100,
stable,480,4,wave,0.18,wendland-c2,14.000000,0.150497,0.452875,0.062500,100,1,0.047275922525116254,0.010580089152590455,0.00011278675378930677,0.0018190174563816174,0.022889130216212156,legacy,100,
stable,480,4,wave,0.18,wendland-c2,15.000000,0.150503,0.452865,0.062500,100,1,0.04726713417020134,0.010550837329299956,0.0006337987471941158,0.008175272022796104,0.018745388482146203,legacy,100,
stable,480,4,wave,0.18,wendland-c2,16.000000,0.150575,0.452675,0.062500,100,1,0.047063129755581024,0.01038081243361555,0.002182686685391818,0.03441558972112294,0.01880363851724123,legacy,100,
stable,480,4,wave,0.18,wendland-c2,17.000000,0.150665,0.452347,0.062500,100,1,0.046680400564060864,0.01052437854078736,0.0029911549392754,0.013011989046544426,0.05114203517021581,legacy,100,
stable,480,4,wave,0.18,wendland-c2,18.000000,0.150680,0.452180,0.062500,100,1,0.04674100762278122,0.010663543871106684,0.0027868578526344698,0.011750822361714174,0.19232786657183984,legacy,100,
stable,480,4,wave,0.18,wendland-c2,19.000000,0.150682,0.451919,0.062500,100,1,0.04687565877260025,0.010756322058414813,0.0022127494905902416,0.01801799495523852,0.47924233854696385,legacy,100,
stable,480,4,wave,0.18,wendland-c2,20.000000,0.150732,0.451739,0.062500,100,1,0.04685894127297474,0.010796575599271607,0.0015607250390689488,0.0064437966190084945,0.6329885313430078,legacy,100,
inverted,480,4,wave,0.18,wendland-c2,0,0.480000,0.160000,1.000000,1,0,,,,,,legacy,1,
inverted,480,4,wave,0.18,wendland-c2,1.000000,0.451603,0.148702,0.937500,1,0,0.011226222578826217,0.07124976154498563,0.4043722881687995,0.35677919056314894,0.3615409286603607,legacy,1,
inverted,480,4,wave,0.18,wendland-c2,2.000000,0.447510,0.148993,0.937500,1,0,0.00966580903047487,0.0616278668698127,0.21056144068921892,0.1450478668027877,0.4835054748890071,legacy,1,
inverted,480,4,wave,0.18,wendland-c2,3.000000,0.447381,0.149522,0.937500,1,0,0.01310103648472416,0.059686664910412635,0.14481759100859964,0.1253947453686112,0.41783797592989425,legacy,1,
inverted,480,4,wave,0.18,wendland-c2,4.000000,0.448225,0.150359,0.937500,1,0,0.012392345106250868,0.05822330502319839,0.1653902662555214,0.12026845366365582,0.524018960997461,legacy,1,
inverted,480,4,wave,0.18,wendland-c2,5.000000,0.445793,0.152048,0.914931,1,0,0.012635030457986751,0.0576931468341102,0.1422461438494457,0.09723206291890156,0.4553150849595039,legacy,1,
inverted,480,4,wave,0.18,wendland-c2,6.000000,0.437755,0.160493,0.899306,1,0,0.012845176590367657,0.06214163152630059,0.2734091988008631,0.3079859491789934,0.47989280552677827,legacy,1,
inverted,480,4,wave,0.18,wendland-c2,7.000000,0.413277,0.186048,0.828125,1,0,0.020047354687989127,0.0625350111773979,0.30024508714309484,0.46822169453074447,0.27144434870248196,legacy,1,
inverted,480,4,wave,0.18,wendland-c2,8.000000,0.401069,0.198445,0.796875,1,0,0.017111007469480466,0.0576768610869558,0.32785770207004133,0.27361371351135355,0.4665473747798046,legacy,1,
inverted,480,4,wave,0.18,wendland-c2,9.000000,0.385599,0.213959,0.734375,1,0,0.017893586412868645,0.05970733797922678,0.4138838710375538,0.38452854339789994,0.3042259609436405,legacy,1,
inverted,480,4,wave,0.18,wendland-c2,10.000000,0.375486,0.225014,0.734375,1,0,0.014764238815106578,0.05722825038523616,0.29474075488998974,0.3207481585881319,0.5847118806403099,legacy,1,
inverted,480,4,wave,0.18,wendland-c2,11.000000,0.366454,0.233831,0.694444,1,0,0.017853331661500826,0.05565253145929261,0.31506296964473307,0.24747486523173165,0.23588010971986095,legacy,1,
inverted,480,4,wave,0.18,wendland-c2,12.000000,0.358744,0.241065,0.694444,1,0,0.01813486513420748,0.05781167317482505,0.24290535832264748,0.21903627042686472,0.564562443739338,legacy,1,
inverted,480,4,wave,0.18,wendland-c2,13.000000,0.356554,0.243177,0.687500,1,0,0.016800337665862752,0.055143453739730175,0.20475404788949014,0.2419914262571084,0.2548775468223648,legacy,1,
inverted,480,4,wave,0.18,wendland-c2,14.000000,0.354503,0.244571,0.694444,1,0,0.016610418556154416,0.057630609386360776,0.16738742137636567,0.14280450497650196,0.5813550133808165,legacy,1,
inverted,480,4,wave,0.18,wendland-c2,15.000000,0.353174,0.245978,0.694444,1,0,0.015865041648977618,0.05848608797382848,0.13064497515273668,0.1449704540981135,0.45039187539729464,legacy,1,
inverted,480,4,wave,0.18,wendland-c2,16.000000,0.351292,0.247967,0.671875,1,0,0.016993758639525902,0.05793618069014972,0.11808374945334217,0.133725742073516,0.5343084563955472,legacy,1,
inverted,480,4,wave,0.18,wendland-c2,17.000000,0.349333,0.250302,0.661458,1,0,0.017403365954594463,0.05493489053069145,0.11859767489740279,0.10346151304675294,0.3841174846940473,legacy,1,
inverted,480,4,wave,0.18,wendland-c2,18.000000,0.349138,0.250195,0.661458,1,0,0.01849650026701477,0.0562961579701966,0.0896707530548721,0.10387484402204736,0.5399971454888023,legacy,1,
inverted,480,4,wave,0.18,wendland-c2,19.000000,0.346545,0.252287,0.647569,1,0,0.017587651742510424,0.059218408066539,0.15215667525539242,0.17004773680186286,0.5301454402924591,legacy,1,
inverted,480,4,wave,0.18,wendland-c2,20.000000,0.344523,0.254776,0.640625,1,0,0.021447395999148577,0.05573960958225266,0.11222731866957736,0.1521174464870239,0.48431642346653664,legacy,1,
inverted,480,4,wave,0.18,wendland-c2,0,0.480000,0.160000,1.000000,100,1,,,,,,extrapolate,100,
inverted,480,4,wave,0.18,wendland-c2,1.000000,0.487164,0.161537,1.000000,100,1,0.008134319794061984,0.017729126210069612,0.027551838967938808,0.013032212032562308,0.8948726214379652,extrapolate,100,
inverted,480,4,wave,0.18,wendland-c2,2.000000,0.484518,0.161466,1.000000,100,1,0.007978990577002465,0.01802337340976856,0.02714297214297242,0.007117621140623139,0.7214478826231564,extrapolate,100,
inverted,480,4,wave,0.18,wendland-c2,3.000000,0.483390,0.161803,1.000000,100,1,0.007899905653238726,0.0180088484030565,0.010672323975922436,0.007125042482324276,0.6908083305207143,extrapolate,100,
inverted,480,4,wave,0.18,wendland-c2,4.000000,0.483208,0.162127,1.000000,100,1,0.007933413832930558,0.01807382576681249,0.0046893152747077395,0.004772801053823287,0.6698227443485761,extrapolate,100,
inverted,480,4,wave,0.18,wendland-c2,5.000000,0.483112,0.162338,1.000000,100,1,0.00799025036517631,0.01810670744489795,0.00261646212677638,0.002522551522658781,0.6559891195123223,extrapolate,100,
inverted,480,4,wave,0.18,wendland-c2,6.000000,0.483021,0.162459,1.000000,100,1,0.008028660052011638,0.018119799907099887,0.00134039002028795,0.0012590267532705994,0.6475470039626205,extrapolate,100,
inverted,480,4,wave,0.18,wendland-c2,7.000000,0.482946,0.162528,1.000000,100,1,0.008052397190436933,0.018125262547853405,0.0006931009174187276,0.0006337526324327066,0.6421387339982176,extrapolate,100,
inverted,480,4,wave,0.18,wendland-c2,8.000000,0.482890,0.162568,1.000000,100,1,0.008067239975856566,0.018127692800352202,0.0004914837005221498,0.00043173347584134295,0.6386315484482418,extrapolate,100,
inverted,480,4,wave,0.18,wendland-c2,9.000000,0.482848,0.162593,1.000000,100,1,0.008076760529185822,0.01812883130483889,0.0003589221757743545,0.0003089578199438356,0.63636834892876,extrapolate,100,
inverted,480,4,wave,0.18,wendland-c2,10.000000,0.482818,0.162609,1.000000,100,1,0.008083007509390283,0.018129386302464967,0.00025790841787917023,0.00022007248784232925,0.6349188052937604,extrapolate,100,
inverted,480,4,wave,0.18,wendland-c2,11.000000,0.482797,0.162620,1.000000,100,1,0.008087177324727968,0.01812966603943922,0.00018391299168259715,0.0001566159655092878,0.6339968352725323,extrapolate,100,
inverted,480,4,wave,0.18,wendland-c2,12.000000,0.482781,0.162627,1.000000,100,1,0.008089994853190507,0.018129811362226578,0.0001307593744902356,0.00011155214433039081,0.6334144573132692,extrapolate,100,
inverted,480,4,wave,0.18,wendland-c2,13.000000,0.482770,0.162632,1.000000,100,1,0.008091915154988083,0.01812988893703449,9.293426113852906e-5,7.95849945406117e-5,0.633049529717899,extrapolate,100,
inverted,480,4,wave,0.18,wendland-c2,14.000000,0.482762,0.162635,1.000000,100,1,0.008093232140571782,0.01812993131442031,6.612183126053733e-5,5.689035160238443e-5,0.6328232245591839,extrapolate,100,
inverted,480,4,wave,0.18,wendland-c2,15.000000,0.482757,0.162637,1.000000,100,1,0.00809413964140493,0.018129954855210295,4.713280708801294e-5,4.075343042747343e-5,0.6326848475061108,extrapolate,100,
inverted,480,4,wave,0.18,wendland-c2,16.000000,0.482753,0.162639,1.000000,100,1,0.008094767371249034,0.01812996805476086,3.36733677084848e-5,2.9257365399537194e-5,0.6326018770915577,extrapolate,100,
inverted,480,4,wave,0.18,wendland-c2,17.000000,0.482750,0.162640,1.000000,100,1,0.00809520303932687,0.018129975480009497,2.4116429077290694e-5,2.1050479149810564e-5,0.6325535096127578,extrapolate,100,
inverted,480,4,wave,0.18,wendland-c2,18.000000,0.482748,0.162641,1.000000,100,1,0.008095506467543201,0.018129979716771993,1.7315149535108847e-5,1.5179204965968131e-5,0.6325264876062279,extrapolate,100,
inverted,480,4,wave,0.18,wendland-c2,19.000000,0.482746,0.162642,1.000000,100,1,0.008095719029626691,0.018129982487857133,1.2462911836033793e-5,1.0970120077934388e-5,0.6325124102934606,extrapolate,100,
inverted,480,4,wave,0.18,wendland-c2,20.000000,0.482745,0.162642,1.000000,100,1,0.008095870862349086,0.018129985755279243,8.992351543818884e-6,7.947762715916436e-6,0.6325059968958062,extrapolate,100,
inverted,480,6,wave,0.12,wendland-c2,0,0.480000,0.160000,1.000000,100,1,,,,,,extrapolate,100,
inverted,480,6,wave,0.12,wendland-c2,1.000000,0.487039,0.161235,1.000000,100,1,0.008850969569676348,0.020657338150981808,0.02609880178243647,0.022629265662579032,0.8165948028758364,extrapolate,100,
inverted,480,6,wave,0.12,wendland-c2,2.000000,0.484249,0.160140,0.995885,100,1,0.00833849937161113,0.019974328482485815,0.019858323049797927,0.010800475064507934,0.6751091191569079,extrapolate,100,
inverted,480,6,wave,0.12,wendland-c2,3.000000,0.482918,0.160060,0.991770,100,1,0.008441925372687509,0.019865387191235095,0.01259316154483665,0.008802093797932151,0.7116626864783896,extrapolate,100,
inverted,480,6,wave,0.12,wendland-c2,4.000000,0.482236,0.160114,0.981996,100,1,0.00851025449166376,0.01976871491357901,0.00970193841759186,0.009021263223024538,0.7082169355115601,extrapolate,100,
inverted,480,6,wave,0.12,wendland-c2,5.000000,0.481768,0.160176,0.974794,100,1,0.008753332955790949,0.019674036409345508,0.008150885546104877,0.008417533528624862,0.7021872961391621,extrapolate,100,
inverted,480,6,wave,0.12,wendland-c2,6.000000,0.481469,0.160238,0.974794,100,1,0.00885061898957562,0.01971292227756205,0.005767992956754133,0.006412506932894094,0.7060514109052825,extrapolate,100,
inverted,480,6,wave,0.12,wendland-c2,7.000000,0.481239,0.160274,0.974794,100,1,0.008816672753308774,0.019775851304099312,0.004454932801376987,0.009591626385656134,0.7148072824160839,extrapolate,100,
inverted,480,6,wave,0.12,wendland-c2,8.000000,0.481044,0.160310,0.972222,100,1,0.008763834732191444,0.019797520103310262,0.0040308061655271,0.008340153335628825,0.7274752144997929,extrapolate,100,
inverted,480,6,wave,0.12,wendland-c2,9.000000,0.480902,0.160379,0.969650,100,1,0.008776741210935413,0.01980407616920754,0.004343240836462833,0.005518767781339056,0.7430472497271103,extrapolate,100,
inverted,480,6,wave,0.12,wendland-c2,10.000000,0.480795,0.160462,0.967593,100,1,0.00882828186971496,0.019799503136062713,0.004292980264580637,0.005682520927625772,0.7472155173695718,extrapolate,100,
inverted,480,6,wave,0.12,wendland-c2,11.000000,0.480693,0.160548,0.967593,100,1,0.008928389883306354,0.019796347865471464,0.004466261491347097,0.008227058727418258,0.7453559232615372,extrapolate,100,
inverted,480,6,wave,0.12,wendland-c2,12.000000,0.480568,0.160645,0.965021,100,1,0.009069567761762043,0.019797794529301305,0.004996492576794775,0.009306077181777363,0.7459681802956798,extrapolate,100,
inverted,480,6,wave,0.12,wendland-c2,13.000000,0.480426,0.160762,0.965021,100,1,0.009264838389099639,0.019809705026921698,0.005590673976512131,0.0073736414275875194,0.7483148884702038,extrapolate,100,
inverted,480,6,wave,0.12,wendland-c2,14.000000,0.480284,0.160890,0.960391,100,1,0.009451917329381665,0.01984699284712832,0.00562250917420743,0.005963031369785782,0.7516198713281784,extrapolate,100,
inverted,480,6,wave,0.12,wendland-c2,15.000000,0.480152,0.161021,0.960391,100,1,0.009554944099899876,0.01991636041992728,0.005181960463524787,0.004849599656859467,0.7552811523342656,extrapolate,100,
inverted,480,6,wave,0.12,wendland-c2,16.000000,0.480025,0.161161,0.958333,100,1,0.009559517830853625,0.020012601832854582,0.005518772615334067,0.004385347026152878,0.7588448129043058,extrapolate,100,
inverted,480,6,wave,0.12,wendland-c2,17.000000,0.479884,0.161322,0.958333,100,1,0.009618952262386404,0.02011891365864993,0.005780073880036976,0.004460985043605799,0.760366291366472,extrapolate,100,
inverted,480,6,wave,0.12,wendland-c2,18.000000,0.479706,0.161518,0.955761,100,1,0.009795734968476522,0.02022664960148668,0.006200343406677351,0.004914686914855684,0.755783816684579,extrapolate,100,
inverted,480,6,wave,0.12,wendland-c2,19.000000,0.479459,0.161768,0.955761,100,1,0.01015448808248709,0.020331457522641427,0.0071767342013631975,0.0057628292173442595,0.7514605139920446,extrapolate,100,
inverted,480,6,wave,0.12,wendland-c2,20.000000,0.479135,0.162083,0.953704,100,1,0.010578176842365172,0.02042485901322788,0.0081267594112747,0.006376234893067548,0.7472565322350084,extrapolate,100,
inverted,480,4,wave,0.18,wendland-c2,0,0.480000,0.160000,1.000000,0,0,,,,,,extrapolate,0,voxy-extrapolate-inviscid4
inverted,480,4,wave,0.18,wendland-c2,1.000000,0.498917,0.173789,0.868056,0,0,0.030972957734182405,0.05490743594038516,1.7388863584871006,1.1015043108589968,0.49777238479617675,extrapolate,0,voxy-extrapolate-inviscid4
inverted,480,4,wave,0.18,wendland-c2,2.000000,0.574553,0.392116,0.581597,0,0,0.11475655547706176,0.10838891948485307,3.9430987119310004,3.519360347657725,0.2479022986015405,extrapolate,0,voxy-extrapolate-inviscid4
inverted,480,4,wave,0.18,wendland-c2,3.000000,0.360724,0.445084,0.404514,0,0,0.10080091250944734,0.1134689816097918,3.2404810052316826,3.551816792007179,0.18569702232633858,extrapolate,0,voxy-extrapolate-inviscid4
inverted,480,4,wave,0.18,wendland-c2,4.000000,0.332259,0.479725,0.380208,0,0,0.11658955783220071,0.1214535480044936,3.348534238138634,3.0145578478200314,0.3400748597820814,extrapolate,0,voxy-extrapolate-inviscid4
inverted,480,4,wave,0.18,wendland-c2,5.000000,0.326518,0.525644,0.371528,0,0,0.09322912484044976,0.07896768140217891,2.9609584506656845,2.7509375339300846,0.16738950895214133,extrapolate,0,voxy-extrapolate-inviscid4
inverted,480,4,wave,0.18,wendland-c2,6.000000,0.331024,0.471046,0.380208,0,0,0.06718824833243153,0.07461575235247331,2.7382471656181258,3.3741573140739334,0.46909820346841175,extrapolate,0,voxy-extrapolate-inviscid4
inverted,480,4,wave,0.18,wendland-c2,7.000000,0.312251,0.452642,0.355903,0,0,0.0770018062163691,0.09024162774930722,2.6135702192086923,2.789891585351067,0.31290692420862265,extrapolate,0,voxy-extrapolate-inviscid4
inverted,480,4,wave,0.18,wendland-c2,8.000000,0.320167,0.469378,0.331597,0,0,0.08768025384433376,0.07575540622130483,3.611410612832653,3.0750640706735046,0.38051231426493765,extrapolate,0,voxy-extrapolate-inviscid4
inverted,480,4,wave,0.18,wendland-c2,9.000000,0.293459,0.488711,0.333333,0,0,0.12455412590243076,0.07847962028584199,3.899437968103528,3.690795844791679,0.15707365639176646,extrapolate,0,voxy-extrapolate-inviscid4
inverted,480,4,wave,0.18,wendland-c2,10.000000,0.363523,0.451297,0.401042,0,0,0.08346116414604543,0.05026220811053461,2.5278167941562932,3.3996048490560047,0.27337455244826936,extrapolate,0,voxy-extrapolate-inviscid4
inverted,480,4,wave,0.18,wendland-c2,11.000000,0.340549,0.452747,0.359375,0,0,0.12860560384469477,0.07418918147285969,3.562548180516306,3.110134805062904,0.217778693946696,extrapolate,0,voxy-extrapolate-inviscid4
inverted,480,4,wave,0.18,wendland-c2,12.000000,0.335370,0.483698,0.355903,0,0,0.09568143997299705,0.07940683148773164,3.631622594423233,4.9469116238199495,0.17316926934404453,extrapolate,0,voxy-extrapolate-inviscid4
inverted,480,4,wave,0.18,wendland-c2,13.000000,0.373323,0.485969,0.427083,0,0,0.1017318041858204,0.06434181168330122,2.6092356898662405,3.356314134680821,0.246210133376789,extrapolate,0,voxy-extrapolate-inviscid4
inverted,480,4,wave,0.18,wendland-c2,14.000000,0.336012,0.444805,0.388889,0,0,0.0808198600356973,0.1155298572180723,3.1083208319398485,3.016526233070974,0.19243471776740312,extrapolate,0,voxy-extrapolate-inviscid4
inverted,480,4,wave,0.18,wendland-c2,15.000000,0.332774,0.455990,0.378472,0,0,0.08996196050032412,0.06485285254280337,3.507320497333317,2.885946909009497,0.29381078022159407,extrapolate,0,voxy-extrapolate-inviscid4
inverted,480,4,wave,0.18,wendland-c2,16.000000,0.305890,0.520779,0.331597,0,0,0.11181398102246165,0.14573740412877378,2.8832195522230406,3.370004926201905,0.23852552316123848,extrapolate,0,voxy-extrapolate-inviscid4
inverted,480,4,wave,0.18,wendland-c2,17.000000,0.300742,0.483901,0.343750,0,0,0.08267794399132833,0.10324737211078339,2.7104131775725384,2.64119992631279,0.23914817832631027,extrapolate,0,voxy-extrapolate-inviscid4
inverted,480,4,wave,0.18,wendland-c2,18.000000,0.328872,0.427266,0.420139,0,0,0.10143308914153248,0.0856434191924551,3.083319148175275,2.6837954367218635,0.09357595753360645,extrapolate,0,voxy-extrapolate-inviscid4
inverted,480,4,wave,0.18,wendland-c2,19.000000,0.328290,0.505043,0.388889,0,0,0.08878862376362529,0.0577102620517298,2.84357591012441,3.2378539712698413,0.19219859366406936,extrapolate,0,voxy-extrapolate-inviscid4
inverted,480,4,wave,0.18,wendland-c2,20.000000,0.352909,0.492934,0.387153,0,0,0.07026102459787142,0.07782248439064943,2.9118488322383818,3.2839326672218534,0.35929131173659956,extrapolate,0,voxy-extrapolate-inviscid4
inverted,480,4,wave,0.18,wendland-c2,0,0.480000,0.160000,1.000000,1,0,,,,,,extrapolate,1,voxy-extrapolate-mu1-4
inverted,480,4,wave,0.18,wendland-c2,1.000000,0.529774,0.173601,0.902778,1,0,0.03305193225928238,0.042204170672548225,1.1914008317543674,1.018686097945611,0.535117413940558,extrapolate,1,voxy-extrapolate-mu1-4
inverted,480,4,wave,0.18,wendland-c2,2.000000,0.501139,0.237263,0.840278,1,0,0.06831935017481783,0.09161134722327002,2.3015726562351695,1.9346459132458385,0.19806928875643792,extrapolate,1,voxy-extrapolate-mu1-4
inverted,480,4,wave,0.18,wendland-c2,3.000000,0.418999,0.337338,0.576389,1,0,0.055663436706502534,0.07862517767916288,2.365925613163035,2.367570407821907,0.3750451897849375,extrapolate,1,voxy-extrapolate-mu1-4
inverted,480,4,wave,0.18,wendland-c2,4.000000,0.363659,0.418091,0.520833,1,0,0.07692825055742714,0.07798062724694321,2.3332327270210245,2.8006243994753834,0.18442332231035405,extrapolate,1,voxy-extrapolate-mu1-4
inverted,480,4,wave,0.18,wendland-c2,5.000000,0.361825,0.412487,0.458333,1,0,0.07271963407105164,0.058930084675794525,2.292130911536378,2.486050531485704,0.3691547335556758,extrapolate,1,voxy-extrapolate-mu1-4
inverted,480,4,wave,0.18,wendland-c2,6.000000,0.332047,0.430937,0.402778,1,0,0.11092073955308646,0.06422825528667153,2.4893601350271495,2.964461165405609,0.30975466269001545,extrapolate,1,voxy-extrapolate-mu1-4
inverted,480,4,wave,0.18,wendland-c2,7.000000,0.293754,0.470046,0.355903,1,0,0.05254879091903075,0.053808374129765024,1.9853698008733631,2.6366197149332997,0.26817503533621656,extrapolate,1,voxy-extrapolate-mu1-4
inverted,480,4,wave,0.18,wendland-c2,8.000000,0.247537,0.473833,0.286458,1,0,0.05451505527111111,0.08451529814244951,1.8529550891581563,1.8153420362536083,0.3201347550455137,extrapolate,1,voxy-extrapolate-mu1-4
inverted,480,4,wave,0.18,wendland-c2,9.000000,0.248368,0.475944,0.274306,1,0,0.05016389929093812,0.05564802765853405,1.7778151808096885,1.9987379704219919,0.28889382463724467,extrapolate,1,voxy-extrapolate-mu1-4
inverted,480,4,wave,0.18,wendland-c2,10.000000,0.255343,0.460624,0.326389,1,0,0.06499176438608822,0.10765706625430616,2.280521677168982,1.8294478851067404,0.37349399398561844,extrapolate,1,voxy-extrapolate-mu1-4
inverted,480,4,wave,0.18,wendland-c2,11.000000,0.252956,0.477578,0.288194,1,0,0.07490886531813645,0.06600065202610672,1.9707461290199197,1.7958981418552877,0.26849819432848737,extrapolate,1,voxy-extrapolate-mu1-4
inverted,480,4,wave,0.18,wendland-c2,12.000000,0.272006,0.498574,0.248264,1,0,0.09594395247199494,0.06964732802319551,2.521620178019888,2.8250761925678467,0.21216510606992864,extrapolate,1,voxy-extrapolate-mu1-4
inverted,480,4,wave,0.18,wendland-c2,13.000000,0.239526,0.510579,0.263889,1,0,0.09528818024931573,0.07324395916804005,1.8999185399387597,2.75745379614273,0.31837195600460677,extrapolate,1,voxy-extrapolate-mu1-4
inverted,480,4,wave,0.18,wendland-c2,14.000000,0.232886,0.505065,0.227431,1,0,0.07477435746701344,0.07536228760312946,2.082317481666926,2.020087165736343,0.3517827883058548,extrapolate,1,voxy-extrapolate-mu1-4
inverted,480,4,wave,0.18,wendland-c2,15.000000,0.265762,0.484606,0.250000,1,0,0.05980146584670121,0.0617273978220616,1.5464020718557214,1.7238206755245495,0.25022705154902836,extrapolate,1,voxy-extrapolate-mu1-4
inverted,480,4,wave,0.18,wendland-c2,16.000000,0.256354,0.481312,0.265625,1,0,0.07046165273499527,0.05721448922755523,1.962451297761518,1.9931825339881528,0.3049271637051336,extrapolate,1,voxy-extrapolate-mu1-4
inverted,480,4,wave,0.18,wendland-c2,17.000000,0.234794,0.484027,0.250000,1,0,0.09758301983123152,0.08717327144993026,1.989547967880914,2.1410082173012697,0.3684296610553141,extrapolate,1,voxy-extrapolate-mu1-4
inverted,480,4,wave,0.18,wendland-c2,18.000000,0.224925,0.498024,0.208333,1,0,0.044317291700337824,0.06019247741698641,1.752808378307007,1.9911919713270338,0.3026142090079071,extrapolate,1,voxy-extrapolate-mu1-4
inverted,480,4,wave,0.18,wendland-c2,19.000000,0.220086,0.523134,0.177083,1,0,0.045675157500912444,0.02150082254914798,1.888757118030516,1.7314138498920177,0.2990952011427116,extrapolate,1,voxy-extrapolate-mu1-4
inverted,480,4,wave,0.18,wendland-c2,20.000000,0.228622,0.496793,0.201389,1,0,0.06262211576266741,0.05438806080756109,2.4287778615176117,2.0300803402105183,0.2818864930965072,extrapolate,1,voxy-extrapolate-mu1-4
inverted,480,4,wave,0.18,wendland-c2,0,0.480000,0.160000,1.000000,0.001,1,,,,,,extrapolate,0.001,voxy-extrapolate-mu001-4
inverted,480,4,wave,0.18,wendland-c2,1.000000,0.522956,0.172879,0.930556,0.001,1,0.03624639509526806,0.046788680381413705,1.0684199561368697,1.4692230356515192,0.43541780904519006,extrapolate,0.001,voxy-extrapolate-mu001-4
inverted,480,4,wave,0.18,wendland-c2,2.000000,0.569411,0.370924,0.585069,0.001,1,0.07053256685650999,0.08523275549801546,2.3266623804722952,3.259310741789124,0.14953728076164485,extrapolate,0.001,voxy-extrapolate-mu001-4
inverted,480,4,wave,0.18,wendland-c2,3.000000,0.350220,0.451348,0.444444,0.001,1,0.07446782091242232,0.16450073191390113,2.947189644451591,4.511614799487359,0.08753285019322432,extrapolate,0.001,voxy-extrapolate-mu001-4
inverted,480,4,wave,0.18,wendland-c2,4.000000,0.350855,0.541316,0.348958,0.001,1,0.07405634529071348,0.03299033510800631,3.125357786774011,4.6753236543813,0.268098193536747,extrapolate,0.001,voxy-extrapolate-mu001-4
inverted,480,4,wave,0.18,wendland-c2,5.000000,0.337155,0.500183,0.326389,0.001,1,0.07736652744084727,0.08933692152031192,2.6418714640664276,2.9988935212258125,0.29812075501182905,extrapolate,0.001,voxy-extrapolate-mu001-4
inverted,480,4,wave,0.18,wendland-c2,6.000000,0.322180,0.512370,0.340278,0.001,1,0.10895758920328324,0.09702017763811077,3.857250433768986,3.126900883763446,0.19036585396152114,extrapolate,0.001,voxy-extrapolate-mu001-4
inverted,480,4,wave,0.18,wendland-c2,7.000000,0.307395,0.484404,0.310764,0.001,1,0.11820245748861535,0.08690059711999631,3.94534414801321,3.079586431885693,0.2553842060296262,extrapolate,0.001,voxy-extrapolate-mu001-4
inverted,480,4,wave,0.18,wendland-c2,8.000000,0.320899,0.472865,0.355903,0.001,1,0.1147136350074851,0.08613243622281908,2.958112975747946,3.5848476568917187,0.20267044534190676,extrapolate,0.001,voxy-extrapolate-mu001-4
inverted,480,4,wave,0.18,wendland-c2,9.000000,0.304469,0.450201,0.413194,0.001,1,0.12494726010699386,0.08659400197114997,3.0663064306166166,2.865078971668576,0.3528669476688902,extrapolate,0.001,voxy-extrapolate-mu001-4
inverted,480,4,wave,0.18,wendland-c2,10.000000,0.359368,0.462257,0.437500,0.001,1,0.06758065833859384,0.10504637231758229,3.0794071484623204,4.36339593497171,0.21818378997997506,extrapolate,0.001,voxy-extrapolate-mu001-4
inverted,480,4,wave,0.18,wendland-c2,11.000000,0.331614,0.486175,0.366319,0.001,1,0.09383178051522068,0.07392296799435427,3.469579141977449,2.8594409273222783,0.19988195823041777,extrapolate,0.001,voxy-extrapolate-mu001-4
inverted,480,4,wave,0.18,wendland-c2,12.000000,0.346281,0.439972,0.402778,0.001,1,0.10110158061095564,0.13495080079471067,2.9442364905053733,2.82390757102981,0.28864252468257934,extrapolate,0.001,voxy-extrapolate-mu001-4
inverted,480,4,wave,0.18,wendland-c2,13.000000,0.357455,0.458131,0.413194,0.001,1,0.10306162904206206,0.0984589825126505,2.936448867744937,4.270483031585103,0.27199830125843966,extrapolate,0.001,voxy-extrapolate-mu001-4
inverted,480,4,wave,0.18,wendland-c2,14.000000,0.355713,0.470088,0.394097,0.001,1,0.06625755890237461,0.09178408972821828,2.9606864270921367,3.321498875489967,0.2591537862498097,extrapolate,0.001,voxy-extrapolate-mu001-4
inverted,480,4,wave,0.18,wendland-c2,15.000000,0.358081,0.451994,0.444444,0.001,1,0.06555334207641339,0.08426977964878923,3.9003284742895445,3.316162215130918,0.11985589254317368,extrapolate,0.001,voxy-extrapolate-mu001-4
inverted,480,4,wave,0.18,wendland-c2,16.000000,0.380467,0.475617,0.420139,0.001,1,0.046306237149906115,0.12918832164132033,4.253009290489616,3.8230771909566554,0.1562710786044596,extrapolate,0.001,voxy-extrapolate-mu001-4
inverted,480,4,wave,0.18,wendland-c2,17.000000,0.359189,0.460553,0.420139,0.001,1,0.11399253839887691,0.10265407876756849,3.0105020626418826,2.7126998713162718,0.15757109745722675,extrapolate,0.001,voxy-extrapolate-mu001-4
inverted,480,4,wave,0.18,wendland-c2,18.000000,0.358527,0.468627,0.427083,0.001,1,0.06096369436579252,0.06583040179183208,2.6179458476233113,3.9091361254265804,0.2726372712009798,extrapolate,0.001,voxy-extrapolate-mu001-4
inverted,480,4,wave,0.18,wendland-c2,19.000000,0.361620,0.466674,0.444444,0.001,1,0.09290668641654931,0.10279832953493528,2.8035926153305057,3.8486928630103114,0.3308812265672263,extrapolate,0.001,voxy-extrapolate-mu001-4
inverted,480,4,wave,0.18,wendland-c2,20.000000,0.313439,0.475620,0.342014,0.001,1,0.08096887968951627,0.1084953987158983,3.1161985310279428,3.3328271119898827,0.10448351089725742,extrapolate,0.001,voxy-extrapolate-mu001-4
inverted,480,4,wave,0.18,wendland-c2,0,0.480000,0.160000,1.000000,0.001,1,,,,,,extrapolate,0.1,voxy-extrapolate-water-oil4
inverted,480,4,wave,0.18,wendland-c2,1.000000,0.521995,0.166592,0.902778,0.001,1,0.018057997576134577,0.08775751738366444,1.0298924296103071,1.7115041607348866,0.4502588161988724,extrapolate,0.1,voxy-extrapolate-water-oil4
inverted,480,4,wave,0.18,wendland-c2,2.000000,0.516638,0.298896,0.689236,0.001,1,0.0791018973154527,0.09233495293501104,4.108856717490158,3.682438076859506,0.3351065299951583,extrapolate,0.1,voxy-extrapolate-water-oil4
inverted,480,4,wave,0.18,wendland-c2,3.000000,0.414434,0.412504,0.527778,0.001,1,0.057883358671820595,0.08171337601634376,2.766741626978964,3.344739675078234,0.1661620441481923,extrapolate,0.1,voxy-extrapolate-water-oil4
inverted,480,4,wave,0.18,wendland-c2,4.000000,0.405774,0.383630,0.487847,0.001,1,0.10157177675439111,0.12641170273243763,2.482892710429162,3.0515910481410846,0.24357996998103465,extrapolate,0.1,voxy-extrapolate-water-oil4
inverted,480,4,wave,0.18,wendland-c2,5.000000,0.347624,0.452587,0.380208,0.001,1,0.08401899299264604,0.08189871472790333,2.8891004702408063,3.250153599622629,0.28160738874646574,extrapolate,0.1,voxy-extrapolate-water-oil4
inverted,480,4,wave,0.18,wendland-c2,6.000000,0.331078,0.494595,0.371528,0.001,1,0.09929888948046783,0.07394161325632442,3.2222222007969132,4.751974075060083,0.29838025051601585,extrapolate,0.1,voxy-extrapolate-water-oil4
inverted,480,4,wave,0.18,wendland-c2,7.000000,0.343057,0.434166,0.428819,0.001,1,0.07371598500574827,0.08378328662908707,2.7084787005453412,3.331543366181406,0.3994912758381333,extrapolate,0.1,voxy-extrapolate-water-oil4
inverted,480,4,wave,0.18,wendland-c2,8.000000,0.351207,0.449824,0.340278,0.001,1,0.0569762577275188,0.12721072781660858,2.9547017876241406,3.225470693315446,0.37133814641029816,extrapolate,0.1,voxy-extrapolate-water-oil4
inverted,480,4,wave,0.18,wendland-c2,9.000000,0.333865,0.441107,0.373264,0.001,1,0.0993664033223105,0.12520314116695674,2.1228208637795154,2.9841164950027363,0.3657487329509776,extrapolate,0.1,voxy-extrapolate-water-oil4
inverted,480,4,wave,0.18,wendland-c2,10.000000,0.348147,0.457165,0.381944,0.001,1,0.06467491827615213,0.07301225800898759,2.649247785756066,2.9827072096883622,0.2684798719833035,extrapolate,0.1,voxy-extrapolate-water-oil4
inverted,480,4,wave,0.18,wendland-c2,11.000000,0.311449,0.483451,0.355903,0.001,1,0.08838886847950267,0.07378419983877693,3.2547464980241374,3.5239552486541514,0.18343327267412954,extrapolate,0.1,voxy-extrapolate-water-oil4
inverted,480,4,wave,0.18,wendland-c2,12.000000,0.322089,0.534290,0.333333,0.001,1,0.07178158217722808,0.10880074219517644,2.888704639355051,5.393979073136958,0.18509718933122124,extrapolate,0.1,voxy-extrapolate-water-oil4
inverted,480,4,wave,0.18,wendland-c2,13.000000,0.337492,0.475137,0.376736,0.001,1,0.08117356330934666,0.1122413544175811,2.6363559309091325,3.5196354463180812,0.1718013663364419,extrapolate,0.1,voxy-extrapolate-water-oil4
inverted,480,4,wave,0.18,wendland-c2,14.000000,0.322268,0.454867,0.350694,0.001,1,0.06459262644819308,0.08988439316841146,2.9364421577846915,3.333664717986913,0.20279146460504882,extrapolate,0.1,voxy-extrapolate-water-oil4
inverted,480,4,wave,0.18,wendland-c2,15.000000,0.333487,0.463871,0.364583,0.001,1,0.07107978880458532,0.08497925686324126,3.0079579565515746,3.282019851746167,0.16760024676116983,extrapolate,0.1,voxy-extrapolate-water-oil4
inverted,480,4,wave,0.18,wendland-c2,16.000000,0.326856,0.468356,0.342014,0.001,1,0.06099655991711361,0.04991538403031859,2.928375534420037,2.2830700777802746,0.2852608350941642,extrapolate,0.1,voxy-extrapolate-water-oil4
inverted,480,4,wave,0.18,wendland-c2,17.000000,0.342366,0.527134,0.371528,0.001,1,0.07040151651032134,0.04588742504125709,3.088052095455516,3.357980519035758,0.19493052642994418,extrapolate,0.1,voxy-extrapolate-water-oil4
inverted,480,4,wave,0.18,wendland-c2,18.000000,0.357258,0.465574,0.371528,0.001,1,0.06557410468494851,0.06927918686223955,2.8885781771428447,3.6197271807037152,0.20596195226144776,extrapolate,0.1,voxy-extrapolate-water-oil4
inverted,480,4,wave,0.18,wendland-c2,19.000000,0.329926,0.463923,0.413194,0.001,1,0.10340216984965322,0.10045654644368285,2.9563102347484516,4.928284630235712,0.390593570315804,extrapolate,0.1,voxy-extrapolate-water-oil4
inverted,480,4,wave,0.18,wendland-c2,20.000000,0.348465,0.432159,0.434028,0.001,1,0.09648418682104465,0.07011730703956731,3.668936475855598,3.0352197126161315,0.3236505665025206,extrapolate,0.1,voxy-extrapolate-water-oil4
inverted,480,6,wave,0.12,wendland-c2,0,0.480000,0.160000,1.000000,0.001,1,,,,,,extrapolate,0.1,voxy-extrapolate-water-oil6
inverted,480,6,wave,0.12,wendland-c2,1.000000,0.471822,0.183601,0.854424,0.001,1,0.03133295363034594,0.04117943815011649,0.7240850311690866,0.8638874388854889,0.3240465658429035,extrapolate,0.1,voxy-extrapolate-water-oil6
inverted,480,6,wave,0.12,wendland-c2,2.000000,0.412897,0.258923,0.689300,0.001,1,0.03622239103156888,0.048062486642300506,1.1608811812693605,1.4923478928942504,0.1765680436187047,extrapolate,0.1,voxy-extrapolate-water-oil6
inverted,480,6,wave,0.12,wendland-c2,3.000000,0.358183,0.343425,0.536523,0.001,1,0.06002949858984308,0.085522830609986,1.9368036835292937,2.0477690628034906,0.22301991424157228,extrapolate,0.1,voxy-extrapolate-water-oil6
inverted,480,6,wave,0.12,wendland-c2,4.000000,0.331651,0.419738,0.421811,0.001,1,0.11827342356162474,0.0862452199996917,2.692544854064957,3.282385009701238,0.15459119705697752,extrapolate,0.1,voxy-extrapolate-water-oil6
inverted,480,6,wave,0.12,wendland-c2,5.000000,0.309111,0.448860,0.391975,0.001,1,0.1083004317636127,0.11010462941914945,2.3938697689768866,3.1476491207695934,0.16622160224687976,extrapolate,0.1,voxy-extrapolate-water-oil6
inverted,480,6,wave,0.12,wendland-c2,6.000000,0.294563,0.453281,0.354424,0.001,1,0.07719624972190475,0.13121213779925367,2.9967475847349383,3.384384194805694,0.1920334321729446,extrapolate,0.1,voxy-extrapolate-water-oil6
inverted,480,6,wave,0.12,wendland-c2,7.000000,0.305999,0.443303,0.378601,0.001,1,0.12718778217066928,0.10882214143836455,3.0333400361496587,3.2213178286949558,0.15854020206840627,extrapolate,0.1,voxy-extrapolate-water-oil6
inverted,480,6,wave,0.12,wendland-c2,8.000000,0.302442,0.459480,0.362140,0.001,1,0.08905953845654735,0.1082062909319732,2.6742458620803875,2.6929667844544705,0.13337907125164267,extrapolate,0.1,voxy-extrapolate-water-oil6
inverted,480,6,wave,0.12,wendland-c2,9.000000,0.289268,0.478492,0.324074,0.001,1,0.09715264980488247,0.09938730076259694,2.755060541841478,3.5442587684136595,0.1474382334669313,extrapolate,0.1,voxy-extrapolate-water-oil6
inverted,480,6,wave,0.12,wendland-c2,10.000000,0.294407,0.457730,0.354938,0.001,1,0.08578062904916228,0.08526155996103224,2.972455448607168,3.635190420948503,0.22491492866927784,extrapolate,0.1,voxy-extrapolate-water-oil6
inverted,480,6,wave,0.12,wendland-c2,11.000000,0.308101,0.452010,0.398663,0.001,1,0.08921161982180803,0.08174592336352049,2.9004616838678925,3.1885956294994626,0.20703763264281339,extrapolate,0.1,voxy-extrapolate-water-oil6
inverted,480,6,wave,0.12,wendland-c2,12.000000,0.310386,0.467558,0.351852,0.001,1,0.105273432454559,0.16590638972882754,4.459427221681221,3.382732825323193,0.18977451699415848,extrapolate,0.1,voxy-extrapolate-water-oil6
inverted,480,6,wave,0.12,wendland-c2,13.000000,0.310381,0.456708,0.356996,0.001,1,0.10964362553456253,0.10139733381107141,3.4899994440926725,3.3662252010060407,0.07541092925653572,extrapolate,0.1,voxy-extrapolate-water-oil6
inverted,480,6,wave,0.12,wendland-c2,14.000000,0.305450,0.461446,0.357510,0.001,1,0.10447954465844678,0.10267256205103115,3.04250299320288,3.12765786697344,0.1718008148034802,extrapolate,0.1,voxy-extrapolate-water-oil6
inverted,480,6,wave,0.12,wendland-c2,15.000000,0.304463,0.460266,0.351852,0.001,1,0.08437785682860355,0.08915149148695067,2.836622843578538,2.780487650930871,0.13957467717448716,extrapolate,0.1,voxy-extrapolate-water-oil6
inverted,480,6,wave,0.12,wendland-c2,16.000000,0.313701,0.455248,0.366770,0.001,1,0.09138119709181636,0.07702278807570795,2.707068999698146,2.931350217740235,0.05335112051063999,extrapolate,0.1,voxy-extrapolate-water-oil6
inverted,480,6,wave,0.12,wendland-c2,17.000000,0.316584,0.453998,0.380658,0.001,1,0.06959834252919106,0.1129638729217648,2.5594561454019296,2.8894475305835,0.17197088752416795,extrapolate,0.1,voxy-extrapolate-water-oil6
inverted,480,6,wave,0.12,wendland-c2,18.000000,0.300751,0.464614,0.319959,0.001,1,0.10440573294777078,0.09154955408550602,3.0868700770237547,3.742274286450093,0.21375976131880461,extrapolate,0.1,voxy-extrapolate-water-oil6
inverted,480,6,wave,0.12,wendland-c2,19.000000,0.306408,0.458071,0.357510,0.001,1,0.09792018462637375,0.10952735225740962,2.7108239968073704,3.435760826436567,0.03566287757574794,extrapolate,0.1,voxy-extrapolate-water-oil6
inverted,480,6,wave,0.12,wendland-c2,20.000000,0.308262,0.467051,0.366255,0.001,1,0.09120871535732955,0.08931405901617984,3.28543758114069,2.811045536087336,0.1726023373278111,extrapolate,0.1,voxy-extrapolate-water-oil6
inverted,480,4,wave,0.18,wendland-c2,0,0.480000,0.160000,1.000000,0,0,0.02294521397572158,0.02643812563431358,0.0,0.0,0.9999999999999994,extrapolate,0,voxy-energy-ghost-inviscid4
inverted,480,4,wave,0.18,wendland-c2,1.000000,0.498917,0.173789,0.868056,0,0,0.030972957734182405,0.05490743594038516,1.7388863584871006,1.1015043108589968,0.49777238479617675,extrapolate,0,voxy-energy-ghost-inviscid4
inverted,480,4,wave,0.18,wendland-c2,2.000000,0.574553,0.392116,0.581597,0,0,0.11475655547706176,0.10838891948485307,3.9430987119310004,3.519360347657725,0.2479022986015405,extrapolate,0,voxy-energy-ghost-inviscid4
inverted,480,4,wave,0.18,wendland-c2,3.000000,0.360724,0.445084,0.404514,0,0,0.10080091250944734,0.1134689816097918,3.2404810052316826,3.551816792007179,0.18569702232633858,extrapolate,0,voxy-energy-ghost-inviscid4
inverted,480,4,wave,0.18,wendland-c2,4.000000,0.332259,0.479725,0.380208,0,0,0.11658955783220071,0.1214535480044936,3.348534238138634,3.0145578478200314,0.3400748597820814,extrapolate,0,voxy-energy-ghost-inviscid4
inverted,480,4,wave,0.18,wendland-c2,5.000000,0.326518,0.525644,0.371528,0,0,0.09322912484044976,0.07896768140217891,2.9609584506656845,2.7509375339300846,0.16738950895214133,extrapolate,0,voxy-energy-ghost-inviscid4
inverted,480,4,wave,0.18,wendland-c2,6.000000,0.331024,0.471046,0.380208,0,0,0.06718824833243153,0.07461575235247331,2.7382471656181258,3.3741573140739334,0.46909820346841175,extrapolate,0,voxy-energy-ghost-inviscid4
inverted,480,4,wave,0.18,wendland-c2,7.000000,0.312251,0.452642,0.355903,0,0,0.0770018062163691,0.09024162774930722,2.6135702192086923,2.789891585351067,0.31290692420862265,extrapolate,0,voxy-energy-ghost-inviscid4
inverted,480,4,wave,0.18,wendland-c2,8.000000,0.320167,0.469378,0.331597,0,0,0.08768025384433376,0.07575540622130483,3.611410612832653,3.0750640706735046,0.38051231426493765,extrapolate,0,voxy-energy-ghost-inviscid4
inverted,480,4,wave,0.18,wendland-c2,9.000000,0.293459,0.488711,0.333333,0,0,0.12455412590243076,0.07847962028584199,3.899437968103528,3.690795844791679,0.15707365639176646,extrapolate,0,voxy-energy-ghost-inviscid4
inverted,480,4,wave,0.18,wendland-c2,10.000000,0.363523,0.451297,0.401042,0,0,0.08346116414604543,0.05026220811053461,2.5278167941562932,3.3996048490560047,0.27337455244826936,extrapolate,0,voxy-energy-ghost-inviscid4
inverted,480,4,wave,0.18,wendland-c2,11.000000,0.340549,0.452747,0.359375,0,0,0.12860560384469477,0.07418918147285969,3.562548180516306,3.110134805062904,0.217778693946696,extrapolate,0,voxy-energy-ghost-inviscid4
inverted,480,4,wave,0.18,wendland-c2,12.000000,0.335370,0.483698,0.355903,0,0,0.09568143997299705,0.07940683148773164,3.631622594423233,4.9469116238199495,0.17316926934404453,extrapolate,0,voxy-energy-ghost-inviscid4
inverted,480,4,wave,0.18,wendland-c2,13.000000,0.373323,0.485969,0.427083,0,0,0.1017318041858204,0.06434181168330122,2.6092356898662405,3.356314134680821,0.246210133376789,extrapolate,0,voxy-energy-ghost-inviscid4
inverted,480,4,wave,0.18,wendland-c2,14.000000,0.336012,0.444805,0.388889,0,0,0.0808198600356973,0.1155298572180723,3.1083208319398485,3.016526233070974,0.19243471776740312,extrapolate,0,voxy-energy-ghost-inviscid4
inverted,480,4,wave,0.18,wendland-c2,15.000000,0.332774,0.455990,0.378472,0,0,0.08996196050032412,0.06485285254280337,3.507320497333317,2.885946909009497,0.29381078022159407,extrapolate,0,voxy-energy-ghost-inviscid4
inverted,480,4,wave,0.18,wendland-c2,16.000000,0.305890,0.520779,0.331597,0,0,0.11181398102246165,0.14573740412877378,2.8832195522230406,3.370004926201905,0.23852552316123848,extrapolate,0,voxy-energy-ghost-inviscid4
inverted,480,4,wave,0.18,wendland-c2,17.000000,0.300742,0.483901,0.343750,0,0,0.08267794399132833,0.10324737211078339,2.7104131775725384,2.64119992631279,0.23914817832631027,extrapolate,0,voxy-energy-ghost-inviscid4
inverted,480,4,wave,0.18,wendland-c2,18.000000,0.328872,0.427266,0.420139,0,0,0.10143308914153248,0.0856434191924551,3.083319148175275,2.6837954367218635,0.09357595753360645,extrapolate,0,voxy-energy-ghost-inviscid4
inverted,480,4,wave,0.18,wendland-c2,19.000000,0.328290,0.505043,0.388889,0,0,0.08878862376362529,0.0577102620517298,2.84357591012441,3.2378539712698413,0.19219859366406936,extrapolate,0,voxy-energy-ghost-inviscid4
inverted,480,4,wave,0.18,wendland-c2,20.000000,0.352909,0.492934,0.387153,0,0,0.07026102459787142,0.07782248439064943,2.9118488322383818,3.2839326672218534,0.35929131173659956,extrapolate,0,voxy-energy-ghost-inviscid4
inverted,480,4,wave,0.18,wendland-c2,0,0.480000,0.160000,1.000000,0,0,0.02294521397572158,0.02643812563431358,0.0,0.0,0.9999999999999994,legacy,0,voxy-energy-legacy-inviscid4
inverted,480,4,wave,0.18,wendland-c2,1.000000,0.452928,0.154235,0.937500,0,0,0.01275087730497404,0.06081769816668148,0.7089988097260332,0.3852439122456844,0.24619457026979458,legacy,0,voxy-energy-legacy-inviscid4
inverted,480,4,wave,0.18,wendland-c2,2.000000,0.446648,0.157164,0.902778,0,0,0.016294449642953124,0.04878579829148855,0.2991073639313065,0.4023608241601115,0.39769703736371004,legacy,0,voxy-energy-legacy-inviscid4
inverted,480,4,wave,0.18,wendland-c2,3.000000,0.444930,0.153576,0.928819,0,0,0.01834318943516955,0.065425151233242,0.28069310587002216,0.24993851771430234,0.4902567617865171,legacy,0,voxy-energy-legacy-inviscid4
inverted,480,4,wave,0.18,wendland-c2,4.000000,0.442963,0.156451,0.920139,0,0,0.020167768080344484,0.05716758124659904,0.2581079382819145,0.27012793579799677,0.6503791741409455,legacy,0,voxy-energy-legacy-inviscid4
inverted,480,4,wave,0.18,wendland-c2,5.000000,0.440004,0.158201,0.906250,0,0,0.015999307340837987,0.06374289145585643,0.25298998293121455,0.2916128905849825,0.6168539804260778,legacy,0,voxy-energy-legacy-inviscid4
inverted,480,4,wave,0.18,wendland-c2,6.000000,0.434671,0.164981,0.868056,0,0,0.014356011578290362,0.06078182020762335,0.22068433059074624,0.23619935895809624,0.26175094871160826,legacy,0,voxy-energy-legacy-inviscid4
inverted,480,4,wave,0.18,wendland-c2,7.000000,0.427001,0.172342,0.852431,0,0,0.01647209091101276,0.057316125586204025,0.3449625939485942,0.31002520265376804,0.5640242701463497,legacy,0,voxy-energy-legacy-inviscid4
inverted,480,4,wave,0.18,wendland-c2,8.000000,0.414491,0.184523,0.819444,0,0,0.016824166193276424,0.06054636388042134,0.300520589989796,0.34898183634435515,0.29228192191332014,legacy,0,voxy-energy-legacy-inviscid4
inverted,480,4,wave,0.18,wendland-c2,9.000000,0.389804,0.210462,0.710069,0,0,0.019668539612551772,0.06635678173182047,0.39579267040266397,0.453350984236179,0.6087239292621732,legacy,0,voxy-energy-legacy-inviscid4
inverted,480,4,wave,0.18,wendland-c2,10.000000,0.368140,0.236177,0.657986,0,0,0.01997526270001626,0.058945404178688765,0.34712177962050295,0.54753082891254,0.5372046224638714,legacy,0,voxy-energy-legacy-inviscid4
inverted,480,4,wave,0.18,wendland-c2,11.000000,0.350436,0.251286,0.618056,0,0,0.031752657476318946,0.06540334960108685,0.4269331744357264,0.39029930118982015,0.23158448127554038,legacy,0,voxy-energy-legacy-inviscid4
inverted,480,4,wave,0.18,wendland-c2,12.000000,0.331422,0.270609,0.579861,0,0,0.03712526716263964,0.05868814674965561,0.33436156379719906,0.41464164654252417,0.4601680353618651,legacy,0,voxy-energy-legacy-inviscid4
inverted,480,4,wave,0.18,wendland-c2,13.000000,0.303904,0.300620,0.500000,0,0,0.040235580183267006,0.058442738311815345,0.44580795584795696,0.547633127870543,0.376141118331814,legacy,0,voxy-energy-legacy-inviscid4
inverted,480,4,wave,0.18,wendland-c2,14.000000,0.279894,0.323280,0.437500,0,0,0.036458376913184765,0.058349459784680535,0.48799234590369694,0.39556270533753435,0.5096532379464276,legacy,0,voxy-energy-legacy-inviscid4
inverted,480,4,wave,0.18,wendland-c2,15.000000,0.266833,0.337590,0.399306,0,0,0.049933554096308175,0.0638975953508123,0.31784317664332323,0.39069395486234626,0.5065165034924471,legacy,0,voxy-energy-legacy-inviscid4
inverted,480,4,wave,0.18,wendland-c2,16.000000,0.262056,0.340963,0.381944,0,0,0.039541504037716724,0.05651577486909942,0.3465346309985247,0.31358148641426803,0.6194594877725256,legacy,0,voxy-energy-legacy-inviscid4
inverted,480,4,wave,0.18,wendland-c2,17.000000,0.258379,0.343730,0.373264,0,0,0.03591584192165298,0.058764611910759434,0.27759849978354245,0.25640346654674834,0.4630717066937266,legacy,0,voxy-energy-legacy-inviscid4
inverted,480,4,wave,0.18,wendland-c2,18.000000,0.258767,0.343606,0.381944,0,0,0.03644439202630312,0.05782271847260256,0.18471957271313383,0.2612847026339707,0.46462115762095546,legacy,0,voxy-energy-legacy-inviscid4
inverted,480,4,wave,0.18,wendland-c2,19.000000,0.257885,0.342569,0.381944,0,0,0.04211307551865717,0.05842509331388279,0.19203258644208168,0.21882563347439749,0.5664386060109394,legacy,0,voxy-energy-legacy-inviscid4
inverted,480,4,wave,0.18,wendland-c2,20.000000,0.258160,0.342579,0.381944,0,0,0.04478881295625303,0.05696336541781877,0.16117390459503858,0.14925137573765115,0.5582234003332045,legacy,0,voxy-energy-legacy-inviscid4
inverted,480,4,wave,0.18,wendland-c2,0,0.480000,0.160000,1.000000,0.001,1,0.02294521397572158,0.02643812563431358,0.0,0.0,0.9999999999999994,extrapolate,0.1,voxy-energy-water-oil4
inverted,480,4,wave,0.18,wendland-c2,1.000000,0.521995,0.166592,0.902778,0.001,1,0.018057997576134577,0.08775751738366444,1.0298924296103071,1.7115041607348866,0.4502588161988724,extrapolate,0.1,voxy-energy-water-oil4
inverted,480,4,wave,0.18,wendland-c2,2.000000,0.516638,0.298896,0.689236,0.001,1,0.0791018973154527,0.09233495293501104,4.108856717490158,3.682438076859506,0.3351065299951583,extrapolate,0.1,voxy-energy-water-oil4
inverted,480,4,wave,0.18,wendland-c2,3.000000,0.414434,0.412504,0.527778,0.001,1,0.057883358671820595,0.08171337601634376,2.766741626978964,3.344739675078234,0.1661620441481923,extrapolate,0.1,voxy-energy-water-oil4
inverted,480,4,wave,0.18,wendland-c2,4.000000,0.405774,0.383630,0.487847,0.001,1,0.10157177675439111,0.12641170273243763,2.482892710429162,3.0515910481410846,0.24357996998103465,extrapolate,0.1,voxy-energy-water-oil4
inverted,480,4,wave,0.18,wendland-c2,5.000000,0.347624,0.452587,0.380208,0.001,1,0.08401899299264604,0.08189871472790333,2.8891004702408063,3.250153599622629,0.28160738874646574,extrapolate,0.1,voxy-energy-water-oil4
inverted,480,4,wave,0.18,wendland-c2,6.000000,0.331078,0.494595,0.371528,0.001,1,0.09929888948046783,0.07394161325632442,3.2222222007969132,4.751974075060083,0.29838025051601585,extrapolate,0.1,voxy-energy-water-oil4
inverted,480,4,wave,0.18,wendland-c2,7.000000,0.343057,0.434166,0.428819,0.001,1,0.07371598500574827,0.08378328662908707,2.7084787005453412,3.331543366181406,0.3994912758381333,extrapolate,0.1,voxy-energy-water-oil4
inverted,480,4,wave,0.18,wendland-c2,8.000000,0.351207,0.449824,0.340278,0.001,1,0.0569762577275188,0.12721072781660858,2.9547017876241406,3.225470693315446,0.37133814641029816,extrapolate,0.1,voxy-energy-water-oil4
inverted,480,4,wave,0.18,wendland-c2,9.000000,0.333865,0.441107,0.373264,0.001,1,0.0993664033223105,0.12520314116695674,2.1228208637795154,2.9841164950027363,0.3657487329509776,extrapolate,0.1,voxy-energy-water-oil4
inverted,480,4,wave,0.18,wendland-c2,10.000000,0.348147,0.457165,0.381944,0.001,1,0.06467491827615213,0.07301225800898759,2.649247785756066,2.9827072096883622,0.2684798719833035,extrapolate,0.1,voxy-energy-water-oil4
inverted,480,4,wave,0.18,wendland-c2,11.000000,0.311449,0.483451,0.355903,0.001,1,0.08838886847950267,0.07378419983877693,3.2547464980241374,3.5239552486541514,0.18343327267412954,extrapolate,0.1,voxy-energy-water-oil4
inverted,480,4,wave,0.18,wendland-c2,12.000000,0.322089,0.534290,0.333333,0.001,1,0.07178158217722808,0.10880074219517644,2.888704639355051,5.393979073136958,0.18509718933122124,extrapolate,0.1,voxy-energy-water-oil4
inverted,480,4,wave,0.18,wendland-c2,13.000000,0.337492,0.475137,0.376736,0.001,1,0.08117356330934666,0.1122413544175811,2.6363559309091325,3.5196354463180812,0.1718013663364419,extrapolate,0.1,voxy-energy-water-oil4
inverted,480,4,wave,0.18,wendland-c2,14.000000,0.322268,0.454867,0.350694,0.001,1,0.06459262644819308,0.08988439316841146,2.9364421577846915,3.333664717986913,0.20279146460504882,extrapolate,0.1,voxy-energy-water-oil4
inverted,480,4,wave,0.18,wendland-c2,15.000000,0.333487,0.463871,0.364583,0.001,1,0.07107978880458532,0.08497925686324126,3.0079579565515746,3.282019851746167,0.16760024676116983,extrapolate,0.1,voxy-energy-water-oil4
inverted,480,4,wave,0.18,wendland-c2,16.000000,0.326856,0.468356,0.342014,0.001,1,0.06099655991711361,0.04991538403031859,2.928375534420037,2.2830700777802746,0.2852608350941642,extrapolate,0.1,voxy-energy-water-oil4
inverted,480,4,wave,0.18,wendland-c2,17.000000,0.342366,0.527134,0.371528,0.001,1,0.07040151651032134,0.04588742504125709,3.088052095455516,3.357980519035758,0.19493052642994418,extrapolate,0.1,voxy-energy-water-oil4
inverted,480,4,wave,0.18,wendland-c2,18.000000,0.357258,0.465574,0.371528,0.001,1,0.06557410468494851,0.06927918686223955,2.8885781771428447,3.6197271807037152,0.20596195226144776,extrapolate,0.1,voxy-energy-water-oil4
inverted,480,4,wave,0.18,wendland-c2,19.000000,0.329926,0.463923,0.413194,0.001,1,0.10340216984965322,0.10045654644368285,2.9563102347484516,4.928284630235712,0.390593570315804,extrapolate,0.1,voxy-energy-water-oil4
inverted,480,4,wave,0.18,wendland-c2,20.000000,0.348465,0.432159,0.434028,0.001,1,0.09648418682104465,0.07011730703956731,3.668936475855598,3.0352197126161315,0.3236505665025206,extrapolate,0.1,voxy-energy-water-oil4
inverted,960,4,wave,0.18,wendland-c2,0,0.480000,0.160000,1.000000,0,0,0.02294521397572158,0.02643812563431358,0.0,0.0,0.9999999999999994,extrapolate,0,voxy-energy-ghost-inviscid4-960
inverted,960,4,wave,0.18,wendland-c2,1.000000,0.522897,0.183759,0.875000,0,0,0.028114365062130053,0.07327958460074324,0.9182460541645282,2.0274677437285895,0.24813598151586652,extrapolate,0,voxy-energy-ghost-inviscid4-960
inverted,960,4,wave,0.18,wendland-c2,2.000000,0.528156,0.288438,0.723958,0,0,0.07976412589837878,0.11984498394112819,4.2059238263198235,3.6453798032944422,0.2264604391549939,extrapolate,0,voxy-energy-ghost-inviscid4-960
inverted,960,4,wave,0.18,wendland-c2,3.000000,0.383340,0.434731,0.439236,0,0,0.08455858136381633,0.08910797165813134,2.9861769121731547,3.7462050427862024,0.12752449881111538,extrapolate,0,voxy-energy-ghost-inviscid4-960
inverted,960,4,wave,0.18,wendland-c2,4.000000,0.347420,0.454424,0.442708,0,0,0.09743454201485657,0.11954874930816839,3.2780709679050473,4.367054019284539,0.3267604525638822,extrapolate,0,voxy-energy-ghost-inviscid4-960
inverted,960,4,wave,0.18,wendland-c2,5.000000,0.350905,0.510079,0.371528,0,0,0.07267344923757624,0.04552836575919783,4.153854776471165,3.218152688300879,0.35611672488751017,extrapolate,0,voxy-energy-ghost-inviscid4-960
inverted,960,4,wave,0.18,wendland-c2,6.000000,0.323199,0.476385,0.359375,0,0,0.09127380779803462,0.10078324056919574,2.68541668937374,3.052186525720871,0.42765259165287145,extrapolate,0,voxy-energy-ghost-inviscid4-960
inverted,960,4,wave,0.18,wendland-c2,7.000000,0.345929,0.447188,0.381944,0,0,0.09699747254720781,0.07649554925415813,2.8117141617357913,2.9270535821080554,0.28339425081686304,extrapolate,0,voxy-energy-ghost-inviscid4-960
inverted,960,4,wave,0.18,wendland-c2,8.000000,0.346754,0.458921,0.340278,0,0,0.09229098118541645,0.14841953583309064,3.5916705653652814,3.4023950699860994,0.10620653690113833,extrapolate,0,voxy-energy-ghost-inviscid4-960
inverted,960,4,wave,0.18,wendland-c2,9.000000,0.307143,0.472291,0.329861,0,0,0.07450958432719879,0.0887163140989422,2.8270346701184206,2.576335501461937,0.25092113422489964,extrapolate,0,voxy-energy-ghost-inviscid4-960
inverted,960,4,wave,0.18,wendland-c2,10.000000,0.324092,0.509263,0.340278,0,0,0.05409222741543673,0.07483461825956961,2.8447730038350363,2.608403706143173,0.34118285889859207,extrapolate,0,voxy-energy-ghost-inviscid4-960
inverted,960,4,wave,0.18,wendland-c2,11.000000,0.319102,0.519129,0.317708,0,0,0.08905434225936393,0.1003518435326809,2.3652989216758886,3.209098964174001,0.1541960507146418,extrapolate,0,voxy-energy-ghost-inviscid4-960
inverted,960,4,wave,0.18,wendland-c2,12.000000,0.284663,0.516443,0.263889,0,0,0.08127575264684883,0.10172872325805304,2.2509636094129957,4.13200466382416,0.4071044577552181,extrapolate,0,voxy-energy-ghost-inviscid4-960
inverted,960,4,wave,0.18,wendland-c2,13.000000,0.326939,0.452701,0.397569,0,0,0.08735471032388986,0.06505219107584703,2.700606506458173,2.9426257048898763,0.16231460215083726,extrapolate,0,voxy-energy-ghost-inviscid4-960
inverted,960,4,wave,0.18,wendland-c2,14.000000,0.344834,0.487629,0.355903,0,0,0.07003590935349902,0.060139839223346536,3.7107531565507057,2.605244329210966,0.2842424356209097,extrapolate,0,voxy-energy-ghost-inviscid4-960
inverted,960,4,wave,0.18,wendland-c2,15.000000,0.401777,0.420170,0.494792,0,0,0.0888748991102355,0.1380230848608155,2.636889052999088,3.4478525184201105,0.23404937677270807,extrapolate,0,voxy-energy-ghost-inviscid4-960
inverted,960,4,wave,0.18,wendland-c2,16.000000,0.366095,0.422066,0.444444,0,0,0.11535372439219183,0.11739237399126123,2.998931329021638,3.9515687450525236,0.27823168624540084,extrapolate,0,voxy-energy-ghost-inviscid4-960
inverted,960,4,wave,0.18,wendland-c2,17.000000,0.341057,0.446749,0.420139,0,0,0.07903748952839451,0.10502501221777583,2.8757783924360316,2.8231414443436793,0.358725972858325,extrapolate,0,voxy-energy-ghost-inviscid4-960
inverted,960,4,wave,0.18,wendland-c2,18.000000,0.315169,0.493924,0.314236,0,0,0.08541547237055469,0.09851123785937976,3.4706469083601292,3.2034354352033794,0.16935081890254192,extrapolate,0,voxy-energy-ghost-inviscid4-960
inverted,960,4,wave,0.18,wendland-c2,19.000000,0.314211,0.501241,0.364583,0,0,0.07876527897309304,0.09843946000579318,2.867188200775581,4.02140228864733,0.2983298735697446,extrapolate,0,voxy-energy-ghost-inviscid4-960
inverted,960,4,wave,0.18,wendland-c2,20.000000,0.315560,0.514219,0.302083,0,0,0.0963365640380609,0.1587019808470389,2.8746261316538537,3.3627234609779753,0.17534972366105653,extrapolate,0,voxy-energy-ghost-inviscid4-960
inverted,960,4,wave,0.18,wendland-c2,0,0.480000,0.160000,1.000000,0,0,0.02294521397572158,0.02643812563431358,0.0,0.0,0.9999999999999994,legacy,0,voxy-energy-legacy-inviscid4-960
inverted,960,4,wave,0.18,wendland-c2,1.000000,0.458301,0.151992,0.937500,0,0,0.017220678595962546,0.05642831176513785,0.4109858089354145,0.5674560751081976,0.5639873583984315,legacy,0,voxy-energy-legacy-inviscid4-960
inverted,960,4,wave,0.18,wendland-c2,2.000000,0.455098,0.154269,0.937500,0,0,0.02916014625843588,0.0391561012100905,0.3176364775970946,0.3363969350972181,0.41491033723660625,legacy,0,voxy-energy-legacy-inviscid4-960
inverted,960,4,wave,0.18,wendland-c2,3.000000,0.450347,0.152085,0.937500,0,0,0.015948169892085584,0.053139377206749216,0.2826484194963893,0.38346793101134724,0.5481173651721012,legacy,0,voxy-energy-legacy-inviscid4-960
inverted,960,4,wave,0.18,wendland-c2,4.000000,0.445771,0.153641,0.913194,0,0,0.016980788583626838,0.05855980532726757,0.2794939893118347,0.2614110130366799,0.4932203830064069,legacy,0,voxy-energy-legacy-inviscid4-960
inverted,960,4,wave,0.18,wendland-c2,5.000000,0.436413,0.162453,0.881944,0,0,0.01564543227549997,0.06370444722431445,0.40164399911334175,0.3118482698303847,0.5618404163089088,legacy,0,voxy-energy-legacy-inviscid4-960
inverted,960,4,wave,0.18,wendland-c2,6.000000,0.426286,0.173502,0.848958,0,0,0.013061036128080072,0.05863319523368116,0.2685860462004431,0.28874406469623043,0.3628379943054037,legacy,0,voxy-energy-legacy-inviscid4-960
inverted,960,4,wave,0.18,wendland-c2,7.000000,0.418781,0.181253,0.826389,0,0,0.019212175690415778,0.05824629307684637,0.28595631272080113,0.3119308583111833,0.5531119145171921,legacy,0,voxy-energy-legacy-inviscid4-960
inverted,960,4,wave,0.18,wendland-c2,8.000000,0.397090,0.204080,0.756944,0,0,0.02184941642636451,0.06174703852237129,0.40239795953362306,0.4762419304645213,0.48388098202084173,legacy,0,voxy-energy-legacy-inviscid4-960
inverted,960,4,wave,0.18,wendland-c2,9.000000,0.381835,0.220245,0.741319,0,0,0.019645774000668803,0.0599295796763033,0.3553527954027772,0.3094160405700173,0.24553758858880972,legacy,0,voxy-energy-legacy-inviscid4-960
inverted,960,4,wave,0.18,wendland-c2,10.000000,0.370561,0.230262,0.725694,0,0,0.02069324528837968,0.057594810797468865,0.3501837149019995,0.38409603339346593,0.5241791024970931,legacy,0,voxy-energy-legacy-inviscid4-960
inverted,960,4,wave,0.18,wendland-c2,11.000000,0.366642,0.233574,0.710069,0,0,0.021519586621526754,0.060758187967636657,0.3287447064156142,0.3115198304813038,0.38506927469925445,legacy,0,voxy-energy-legacy-inviscid4-960
inverted,960,4,wave,0.18,wendland-c2,12.000000,0.362345,0.238446,0.703125,0,0,0.01719649445288951,0.05670402488122184,0.2859022907959849,0.32446390339958836,0.5751593525106574,legacy,0,voxy-energy-legacy-inviscid4-960
inverted,960,4,wave,0.18,wendland-c2,13.000000,0.360128,0.240089,0.703125,0,0,0.019157441594763736,0.055980349954341424,0.22849260865522536,0.19363538090395474,0.46395273041753626,legacy,0,voxy-energy-legacy-inviscid4-960
inverted,960,4,wave,0.18,wendland-c2,14.000000,0.355920,0.243323,0.671875,0,0,0.01837298803832188,0.06043821290428397,0.3272315967194951,0.24736812055759558,0.3253659582210777,legacy,0,voxy-energy-legacy-inviscid4-960
inverted,960,4,wave,0.18,wendland-c2,15.000000,0.351205,0.248029,0.671875,0,0,0.02180010760988016,0.058969930421708394,0.25154543444625355,0.19459356528033284,0.39332300118550095,legacy,0,voxy-energy-legacy-inviscid4-960
inverted,960,4,wave,0.18,wendland-c2,16.000000,0.350043,0.250285,0.678819,0,0,0.01704558258797495,0.051514489299791855,0.2527758315061472,0.33178686934615575,0.47781862224300925,legacy,0,voxy-energy-legacy-inviscid4-960
inverted,960,4,wave,0.18,wendland-c2,17.000000,0.345971,0.253568,0.678819,0,0,0.017674967583947376,0.06128938971301645,0.2057287368956459,0.2963362397010993,0.4042752759771462,legacy,0,voxy-energy-legacy-inviscid4-960
inverted,960,4,wave,0.18,wendland-c2,18.000000,0.345502,0.254434,0.656250,0,0,0.019017916501231857,0.05963569964137605,0.1705191072823289,0.20401293665154,0.5913875810622962,legacy,0,voxy-energy-legacy-inviscid4-960
inverted,960,4,wave,0.18,wendland-c2,19.000000,0.343987,0.255238,0.647569,0,0,0.01715511727430674,0.06220581548642157,0.19252379167283598,0.2615157581491406,0.6477511341285084,legacy,0,voxy-energy-legacy-inviscid4-960
inverted,960,4,wave,0.18,wendland-c2,20.000000,0.343144,0.255584,0.647569,0,0,0.01710288248157621,0.0605448508092834,0.19405206573361383,0.16739719836478892,0.6063415740401737,legacy,0,voxy-energy-legacy-inviscid4-960
inverted,480,4,wave,0.18,wendland-c2,0,0.480000,0.160000,1.000000,0,0,0.02294238833029949,0.03343416504632746,0.0,0.0,0.9999999999999994,reflect,0,voxy-reflect-energy4
inverted,480,4,wave,0.18,wendland-c2,1.000000,0.480165,0.164712,0.875000,0,0,0.017661583164009453,0.029043433203211233,0.3669592527446813,0.46466432122518203,0.6066546456473716,reflect,0,voxy-reflect-energy4
inverted,480,4,wave,0.18,wendland-c2,2.000000,0.485408,0.161837,1.000000,0,0,0.02102058672231122,0.02823983438309363,0.39602339755063865,0.40618084654203557,0.444837402384247,reflect,0,voxy-reflect-energy4
inverted,480,4,wave,0.18,wendland-c2,3.000000,0.477505,0.169919,0.875000,0,0,0.018014452089426092,0.027320021144677797,0.5178698738679559,0.40658849714232737,0.4438099982978258,reflect,0,voxy-reflect-energy4
inverted,480,4,wave,0.18,wendland-c2,4.000000,0.432312,0.218353,0.765625,0,0,0.022181119761109702,0.037818433907296445,0.6491472719860151,0.661059869323562,0.4739202531745826,reflect,0,voxy-reflect-energy4
inverted,480,4,wave,0.18,wendland-c2,5.000000,0.367741,0.286113,0.585069,0,0,0.027525986443802664,0.02737032176263776,0.5847829797338616,0.7317618573552737,0.4728564185536494,reflect,0,voxy-reflect-energy4
inverted,480,4,wave,0.18,wendland-c2,6.000000,0.296277,0.357432,0.468750,0,0,0.027226981858758048,0.03757204798425229,0.8024187392814403,0.7853743461585426,0.4994695354792806,reflect,0,voxy-reflect-energy4
inverted,480,4,wave,0.18,wendland-c2,7.000000,0.228844,0.426084,0.263889,0,0,0.029386788488090065,0.03031406245679813,0.649059670300606,0.7271783033464607,0.436447433661421,reflect,0,voxy-reflect-energy4
inverted,480,4,wave,0.18,wendland-c2,8.000000,0.206007,0.448440,0.211806,0,0,0.03495291642919951,0.026161913278845983,0.542582571304426,0.5373858933034047,0.4801257369567921,reflect,0,voxy-reflect-energy4
inverted,480,4,wave,0.18,wendland-c2,9.000000,0.189617,0.462682,0.109375,0,0,0.027335247935012852,0.024467414975484436,0.5395923883410723,0.5364590282053285,0.44862963640516296,reflect,0,voxy-reflect-energy4
inverted,480,4,wave,0.18,wendland-c2,10.000000,0.178810,0.472295,0.069444,0,0,0.0235942123898214,0.02304486884281265,0.5204736908163023,0.5557729056524007,0.3422883899317975,reflect,0,voxy-reflect-energy4
inverted,480,4,wave,0.18,wendland-c2,11.000000,0.171857,0.478989,0.086806,0,0,0.023462556321821815,0.01872543032428009,0.3856238776832964,0.3955224926307302,0.272623361424377,reflect,0,voxy-reflect-energy4
inverted,480,4,wave,0.18,wendland-c2,12.000000,0.168340,0.481836,0.031250,0,0,0.023305258411705942,0.020435315037794055,0.4547808360546065,0.5321411588978718,0.5220176169791267,reflect,0,voxy-reflect-energy4
inverted,480,4,wave,0.18,wendland-c2,13.000000,0.165947,0.483325,0.022569,0,0,0.02379052578646612,0.02189602151279968,0.36579280135658904,0.40112025441249183,0.39566943173175706,reflect,0,voxy-reflect-energy4
inverted,480,4,wave,0.18,wendland-c2,14.000000,0.163451,0.485376,0.006944,0,0,0.024409928239067735,0.019531345479735673,0.39219954427876835,0.3574792463367279,0.17650220023802024,reflect,0,voxy-reflect-energy4
inverted,480,4,wave,0.18,wendland-c2,15.000000,0.162351,0.486605,0.006944,0,0,0.021373534299457653,0.013343863983265924,0.31556132219947464,0.40832796105050484,0.2722524689632863,reflect,0,voxy-reflect-energy4
inverted,480,4,wave,0.18,wendland-c2,16.000000,0.162434,0.485674,0.006944,0,0,0.0207737182436174,0.014881069150997073,0.25288199397078687,0.28289437576085064,0.5040699989241916,reflect,0,voxy-reflect-energy4
inverted,480,4,wave,0.18,wendland-c2,17.000000,0.162388,0.485705,-0.000000,0,0,0.018207201837704412,0.011971061192693977,0.26476297990666714,0.2680961887290792,0.513747979853286,reflect,0,voxy-reflect-energy4
inverted,480,4,wave,0.18,wendland-c2,18.000000,0.162184,0.485586,0.006944,0,0,0.021509483697497833,0.014364627321744372,0.2582188867093787,0.2999750751352117,0.6134727851196554,reflect,0,voxy-reflect-energy4
inverted,480,4,wave,0.18,wendland-c2,19.000000,0.161999,0.484889,-0.000000,0,0,0.02329661451335374,0.015618387295619485,0.2738085911274604,0.24142792489181292,0.4939077778201198,reflect,0,voxy-reflect-energy4
inverted,480,4,wave,0.18,wendland-c2,20.000000,0.162644,0.484910,-0.000000,0,0,0.018133982500913692,0.014251995892704317,0.1896237745420958,0.23871774210462174,0.49547324958353145,reflect,0,voxy-reflect-energy4
inverted,960,4,wave,0.18,wendland-c2,0,0.480000,0.160000,1.000000,0,0,0.02294238833029949,0.03343416504632746,0.0,0.0,0.9999999999999994,reflect,0,voxy-reflect-energy4-960
inverted,960,4,wave,0.18,wendland-c2,1.000000,0.479751,0.166524,0.875000,0,0,0.020297527063662946,0.0255455722361142,0.24159919115641515,0.39899271193729147,0.4299154977251085,reflect,0,voxy-reflect-energy4-960
inverted,960,4,wave,0.18,wendland-c2,2.000000,0.486283,0.161345,1.000000,0,0,0.019966534996776586,0.02354321595492248,0.2326433808071843,0.2870253466362618,0.7960173570343081,reflect,0,voxy-reflect-energy4-960
inverted,960,4,wave,0.18,wendland-c2,3.000000,0.482271,0.164324,0.913194,0,0,0.020392182636675527,0.03226397687705762,0.3478355748506317,0.42543213372456534,0.5547501999425883,reflect,0,voxy-reflect-energy4-960
inverted,960,4,wave,0.18,wendland-c2,4.000000,0.463918,0.184362,0.842014,0,0,0.019585103433802376,0.026927931876575606,0.5137459231469119,0.48091621222915903,0.5357901499033731,reflect,0,voxy-reflect-energy4-960
inverted,960,4,wave,0.18,wendland-c2,5.000000,0.407782,0.243702,0.685764,0,0,0.02278289504265074,0.029766754169653575,0.7432667642649029,0.8304165220378688,0.3315634584821567,reflect,0,voxy-reflect-energy4-960
inverted,960,4,wave,0.18,wendland-c2,6.000000,0.336885,0.316406,0.532986,0,0,0.025000461912767724,0.037693371588537694,0.7344233029683755,0.8602283205554596,0.32291073459526654,reflect,0,voxy-reflect-energy4-960
inverted,960,4,wave,0.18,wendland-c2,7.000000,0.274617,0.380197,0.397569,0,0,0.023428275373754914,0.03917338933289738,0.6793840274167582,0.7208755253814466,0.4586171815210054,reflect,0,voxy-reflect-energy4-960
inverted,960,4,wave,0.18,wendland-c2,8.000000,0.226337,0.427687,0.272569,0,0,0.031092342144228402,0.024877640577399385,0.518740095959003,0.6674717310202151,0.10898140326580572,reflect,0,voxy-reflect-energy4-960
inverted,960,4,wave,0.18,wendland-c2,9.000000,0.201000,0.451631,0.178819,0,0,0.03123062615570249,0.022332409899117556,0.6792642948337351,0.6820629000185435,0.3860254386607308,reflect,0,voxy-reflect-energy4-960
inverted,960,4,wave,0.18,wendland-c2,10.000000,0.183224,0.468986,0.078125,0,0,0.022983297147600945,0.02428610364164774,0.5206194386372585,0.5074212174330712,0.3330981889628733,reflect,0,voxy-reflect-energy4-960
inverted,960,4,wave,0.18,wendland-c2,11.000000,0.177597,0.473100,0.053819,0,0,0.023898019906516854,0.01766454949625884,0.40695924312246007,0.4461163346260349,0.53451319530542,reflect,0,voxy-reflect-energy4-960
inverted,960,4,wave,0.18,wendland-c2,12.000000,0.176781,0.472795,0.053819,0,0,0.022958147223780978,0.028493179693975357,0.32850405262949545,0.39136030137454625,0.2821029610112219,reflect,0,voxy-reflect-energy4-960
inverted,960,4,wave,0.18,wendland-c2,13.000000,0.174694,0.473366,0.029514,0,0,0.02399638834582185,0.022877729005752245,0.34455221148958254,0.326633015124233,0.3551417703742879,reflect,0,voxy-reflect-energy4-960
inverted,960,4,wave,0.18,wendland-c2,14.000000,0.175258,0.472518,0.038194,0,0,0.025053053758337995,0.023168789550508384,0.32387523299270055,0.2664277116148882,0.5551132117903407,reflect,0,voxy-reflect-energy4-960
inverted,960,4,wave,0.18,wendland-c2,15.000000,0.175187,0.472618,0.029514,0,0,0.020734633646055434,0.018539585386169177,0.2788022483681537,0.302189819379617,0.5195393466129113,reflect,0,voxy-reflect-energy4-960
inverted,960,4,wave,0.18,wendland-c2,16.000000,0.175058,0.472226,0.020833,0,0,0.024397240940364773,0.023098815921517968,0.2770659649117044,0.32134674725704726,0.46673693562017576,reflect,0,voxy-reflect-energy4-960
inverted,960,4,wave,0.18,wendland-c2,17.000000,0.175311,0.472413,0.029514,0,0,0.022978303662262167,0.017489609226049474,0.2614743880911232,0.30537508999196306,0.5153978225429797,reflect,0,voxy-reflect-energy4-960
inverted,960,4,wave,0.18,wendland-c2,18.000000,0.175140,0.472374,0.020833,0,0,0.01976759458516164,0.020896864993079856,0.2391711814299444,0.256714776237279,0.5665937476905832,reflect,0,voxy-reflect-energy4-960
inverted,960,4,wave,0.18,wendland-c2,19.000000,0.175411,0.472168,0.029514,0,0,0.018099413050505664,0.018577303854885763,0.2288940454599483,0.24519617974842883,0.5751732731746738,reflect,0,voxy-reflect-energy4-960
inverted,960,4,wave,0.18,wendland-c2,20.000000,0.174379,0.473112,0.038194,0,0,0.019080776382050635,0.015242328184332132,0.23781151931650715,0.2560004570001443,0.5429610499738684,reflect,0,voxy-reflect-energy4-960
inverted,480,6,wave,0.12,wendland-c2,0,0.480000,0.160000,1.000000,0,0,0.023014784538496702,0.06392106557849964,0.0,0.0,0.9999999999999996,reflect,0,voxy-reflect-energy6
inverted,480,6,wave,0.12,wendland-c2,1.000000,0.483570,0.163480,0.952675,0,0,0.02275575234863081,0.04331774950747724,0.49601315101696253,0.5505385900103658,0.11813842359195731,reflect,0,voxy-reflect-energy6
inverted,480,6,wave,0.12,wendland-c2,2.000000,0.467400,0.180922,0.865741,0,0,0.02418726617756084,0.035866368042913654,0.567300391056265,0.5734442657608183,0.24093118301118518,reflect,0,voxy-reflect-energy6
inverted,480,6,wave,0.12,wendland-c2,3.000000,0.414638,0.236928,0.717078,0,0,0.03078494969546952,0.03583992526862456,0.6692809485064601,0.7701622977468304,0.2851563217890776,reflect,0,voxy-reflect-energy6
inverted,480,6,wave,0.12,wendland-c2,4.000000,0.353351,0.300512,0.603909,0,0,0.030678211349251416,0.03431965032003781,0.7286552143551183,0.8220444151352362,0.1795736579424682,reflect,0,voxy-reflect-energy6
inverted,480,6,wave,0.12,wendland-c2,5.000000,0.293537,0.360686,0.449074,0,0,0.041149077145489654,0.045561199721388945,0.7839033376013248,0.868578571123854,0.3435873266218637,reflect,0,voxy-reflect-energy6
inverted,480,6,wave,0.12,wendland-c2,6.000000,0.245193,0.408693,0.331276,0,0,0.0348489391529887,0.033027791566119014,0.781448808157288,0.7842356045331529,0.4172150361497376,reflect,0,voxy-reflect-energy6
inverted,480,6,wave,0.12,wendland-c2,7.000000,0.211382,0.442357,0.230967,0,0,0.03137851770133415,0.03550427321716998,0.630815258783246,0.7649041869799779,0.09810752603153855,reflect,0,voxy-reflect-energy6
inverted,480,6,wave,0.12,wendland-c2,8.000000,0.189526,0.462941,0.150206,0,0,0.02855604274613177,0.029711115619033723,0.7945780662054014,0.5899018351642021,0.423027369427603,reflect,0,voxy-reflect-energy6
inverted,480,6,wave,0.12,wendland-c2,9.000000,0.176089,0.475887,0.099794,0,0,0.02825754045072615,0.019887888493112627,0.5258666564744024,0.5162525822969075,0.16026639767312162,reflect,0,voxy-reflect-energy6
inverted,480,6,wave,0.12,wendland-c2,10.000000,0.170716,0.480073,0.064300,0,0,0.028838910712059906,0.022221952610314677,0.4515411186098319,0.4656269061499709,0.21778848676633555,reflect,0,voxy-reflect-energy6
inverted,480,6,wave,0.12,wendland-c2,11.000000,0.167420,0.483085,0.036523,0,0,0.024559237165142633,0.03192281454542889,0.41970612966377585,0.4858341652728168,0.15106792955190954,reflect,0,voxy-reflect-energy6
inverted,480,6,wave,0.12,wendland-c2,12.000000,0.166471,0.482687,0.023148,0,0,0.027505305968640092,0.019402036925930233,0.38518235287938735,0.4041081754701469,0.4593799784381007,reflect,0,voxy-reflect-energy6
inverted,480,6,wave,0.12,wendland-c2,13.000000,0.166223,0.483104,0.010802,0,0,0.023150468984408867,0.020055657649658887,0.35185204696908967,0.4215835128184604,0.23956080852063277,reflect,0,voxy-reflect-energy6
inverted,480,6,wave,0.12,wendland-c2,14.000000,0.166084,0.482671,0.013889,0,0,0.025603716291208833,0.021232547319860018,0.282815238652207,0.3121765767116169,0.46932949899858195,reflect,0,voxy-reflect-energy6
inverted,480,6,wave,0.12,wendland-c2,15.000000,0.166110,0.482079,0.015432,0,0,0.022182813705105664,0.025619281614367884,0.2589945130821296,0.31807275937788654,0.3715500735596014,reflect,0,voxy-reflect-energy6
inverted,480,6,wave,0.12,wendland-c2,16.000000,0.166095,0.482350,0.011317,0,0,0.025025614666071228,0.01888512767793027,0.2566695872221744,0.34183397532679266,0.4863910853341917,reflect,0,voxy-reflect-energy6
inverted,480,6,wave,0.12,wendland-c2,17.000000,0.166016,0.481990,0.013889,0,0,0.022761665029098044,0.02145672624625261,0.27159588773022353,0.2906785231290383,0.3028277053294292,reflect,0,voxy-reflect-energy6
inverted,480,6,wave,0.12,wendland-c2,18.000000,0.166065,0.482005,0.006173,0,0,0.024887904554352858,0.018464716654668534,0.26759159887042555,0.27639425909228865,0.45053232761745543,reflect,0,voxy-reflect-energy6
inverted,480,6,wave,0.12,wendland-c2,19.000000,0.166062,0.481824,0.013889,0,0,0.02125837215978077,0.019375743451392147,0.24706633116727728,0.29331667496466607,0.5509917490317635,reflect,0,voxy-reflect-energy6
inverted,480,6,wave,0.12,wendland-c2,20.000000,0.165891,0.481888,0.011317,0,0,0.0221487567595664,0.023989298360347577,0.28187058931013254,0.3107539571278826,0.41119789249802424,reflect,0,voxy-reflect-energy6
inverted,480,8,wave,0.09,wendland-c2,0,0.480000,0.160000,1.000000,0,0,0.022981040217614268,0.09998934430904605,0.0,0.0,0.9999999999999981,reflect,0,voxy-reflect-energy8
inverted,480,8,wave,0.09,wendland-c2,1.000000,0.486830,0.162528,0.975694,0,0,0.02813018017338842,0.03602573455887015,0.5489632409873436,0.4615765919009759,0.13859605047977197,reflect,0,voxy-reflect-energy8
inverted,480,8,wave,0.09,wendland-c2,2.000000,0.474523,0.174535,0.883681,0,0,0.023969331056106213,0.032147076813334285,0.5648800877504071,0.5593401965730378,0.298216490419334,reflect,0,voxy-reflect-energy8
inverted,480,8,wave,0.09,wendland-c2,3.000000,0.440622,0.209354,0.783854,0,0,0.025643787812175134,0.035377869019528996,0.6224019639533053,0.6701323318090134,0.2868789798982328,reflect,0,voxy-reflect-energy8
inverted,480,8,wave,0.09,wendland-c2,4.000000,0.385930,0.266311,0.653863,0,0,0.027599988342125625,0.03972835555345289,0.7851838277742174,0.7551135046563838,0.1960931044634348,reflect,0,voxy-reflect-energy8
inverted,480,8,wave,0.09,wendland-c2,5.000000,0.315489,0.337950,0.522135,0,0,0.0343971281548352,0.04252711306842705,0.8452084285525917,0.9967690109420141,0.16175022047842194,reflect,0,voxy-reflect-energy8
inverted,480,8,wave,0.09,wendland-c2,6.000000,0.258315,0.395583,0.382812,0,0,0.03195427406133344,0.03980645611719824,0.7868810650840977,0.8288290387761228,0.28426401628340464,reflect,0,voxy-reflect-energy8
inverted,480,8,wave,0.09,wendland-c2,7.000000,0.223524,0.429690,0.272352,0,0,0.03498725039920414,0.03472522614895124,0.7214400102355171,0.7093896508621588,0.37394000447930315,reflect,0,voxy-reflect-energy8
inverted,480,8,wave,0.09,wendland-c2,8.000000,0.200935,0.451697,0.217665,0,0,0.03329450948997925,0.028687950041778043,0.5645409682319273,0.6238114703321003,0.14356586626684117,reflect,0,voxy-reflect-energy8
inverted,480,8,wave,0.09,wendland-c2,9.000000,0.181652,0.470438,0.142578,0,0,0.03575539140815809,0.02830787888816877,0.6343144862073201,0.6421907750863974,0.18383510141210038,reflect,0,voxy-reflect-energy8
inverted,480,8,wave,0.09,wendland-c2,10.000000,0.171171,0.479494,0.094401,0,0,0.029839550012316973,0.028801268006585223,0.5624932207842399,0.622010547662662,0.12714161951289515,reflect,0,voxy-reflect-energy8
inverted,480,8,wave,0.09,wendland-c2,11.000000,0.165523,0.485225,0.045790,0,0,0.028088139608783314,0.0297013151889145,0.48025082426245586,0.4850356874981383,0.3421560294666478,reflect,0,voxy-reflect-energy8
inverted,480,8,wave,0.09,wendland-c2,12.000000,0.163951,0.485888,0.024306,0,0,0.028481987493913508,0.02448990192526357,0.4324359648207526,0.39559365383802686,0.13247930693058602,reflect,0,voxy-reflect-energy8
inverted,480,8,wave,0.09,wendland-c2,13.000000,0.163667,0.485695,0.020182,0,0,0.024912555290423244,0.02267659598598426,0.35942664951594366,0.42875550976814464,0.25743413871692983,reflect,0,voxy-reflect-energy8
inverted,480,8,wave,0.09,wendland-c2,14.000000,0.163382,0.485848,0.014757,0,0,0.025425432442239604,0.019318529957753405,0.3595393961559018,0.4322891541048837,0.4620491035044611,reflect,0,voxy-reflect-energy8
inverted,480,8,wave,0.09,wendland-c2,15.000000,0.163117,0.485677,0.008681,0,0,0.024247745786304842,0.018510757309082804,0.39410933958894395,0.3955841384397883,0.41845222955503397,reflect,0,voxy-reflect-energy8
inverted,480,8,wave,0.09,wendland-c2,16.000000,0.163067,0.485475,0.007812,0,0,0.02603025425049399,0.021900692971621227,0.39727925968173283,0.32841709296491856,0.1432714970462934,reflect,0,voxy-reflect-energy8
inverted,480,8,wave,0.09,wendland-c2,17.000000,0.163009,0.485424,0.007812,0,0,0.022867814653267038,0.0188557465654986,0.3059919358433635,0.3366137706692213,0.4361622081369633,reflect,0,voxy-reflect-energy8
inverted,480,8,wave,0.09,wendland-c2,18.000000,0.163045,0.485304,0.007595,0,0,0.023944209119638238,0.022618543681446335,0.29416813559598143,0.3137311840792321,0.3653129760085968,reflect,0,voxy-reflect-energy8
inverted,480,8,wave,0.09,wendland-c2,19.000000,0.162988,0.485277,0.005642,0,0,0.022123339776286555,0.01878729016356795,0.2950844948090715,0.29670866827401404,0.3281912051123791,reflect,0,voxy-reflect-energy8
inverted,480,8,wave,0.09,wendland-c2,20.000000,0.162902,0.485271,0.003689,0,0,0.02337748789364147,0.022474655060281457,0.259088697300151,0.3079089778205751,0.1447473301443886,reflect,0,voxy-reflect-energy8
inverted,480,4,wave,0.18,wendland-c2,0,0.480000,0.160000,1.000000,0.001,1,0.02294238833029949,0.03343416504632746,0.0,0.0,0.9999999999999994,reflect,0.1,voxy-reflect-water-oil4
inverted,480,4,wave,0.18,wendland-c2,1.000000,0.480959,0.166585,0.875000,0.001,1,0.016037361582732723,0.029526306846802797,0.3024309966437039,0.42083901682674674,0.47895606025417714,reflect,0.1,voxy-reflect-water-oil4
inverted,480,4,wave,0.18,wendland-c2,2.000000,0.485179,0.162517,0.965278,0.001,1,0.012431932209350682,0.030180852529920976,0.2216801004404069,0.4150247907393763,0.6091439660668901,reflect,0.1,voxy-reflect-water-oil4
inverted,480,4,wave,0.18,wendland-c2,3.000000,0.482809,0.163007,0.951389,0.001,1,0.016821709417496722,0.03511939376899642,0.42141409245530487,0.4065561356155102,0.3124266243378488,reflect,0.1,voxy-reflect-water-oil4
inverted,480,4,wave,0.18,wendland-c2,4.000000,0.459558,0.189862,0.836806,0.001,1,0.017058631603049657,0.027010004526711873,0.4054973717038831,0.5621349244984687,0.19798709913667395,reflect,0.1,voxy-reflect-water-oil4
inverted,480,4,wave,0.18,wendland-c2,5.000000,0.415442,0.235067,0.703125,0.001,1,0.024163122972799878,0.03246204017394039,0.6628579548947767,0.7226004001923384,0.28106036098404863,reflect,0.1,voxy-reflect-water-oil4
inverted,480,4,wave,0.18,wendland-c2,6.000000,0.327988,0.326847,0.491319,0.001,1,0.030833728125934545,0.030597265843925747,0.7645971965117787,0.7713363580181066,0.4115402642568805,reflect,0.1,voxy-reflect-water-oil4
inverted,480,4,wave,0.18,wendland-c2,7.000000,0.261928,0.394282,0.373264,0.001,1,0.035609904152191785,0.03231360027419772,0.6434257299955749,0.7348101113828928,0.49732344051330896,reflect,0.1,voxy-reflect-water-oil4
inverted,480,4,wave,0.18,wendland-c2,8.000000,0.221805,0.432724,0.258681,0.001,1,0.029221638094580893,0.03493692612931376,0.6924341006347096,0.8126326647658866,0.614352594897997,reflect,0.1,voxy-reflect-water-oil4
inverted,480,4,wave,0.18,wendland-c2,9.000000,0.201982,0.449876,0.178819,0.001,1,0.02695299660149586,0.02549671409055576,0.6222834735885638,0.6668689624832863,0.4363914251033057,reflect,0.1,voxy-reflect-water-oil4
inverted,480,4,wave,0.18,wendland-c2,10.000000,0.189480,0.462546,0.116319,0.001,1,0.032303672128000116,0.03059790828366582,0.46336334788062755,0.4892687345904781,0.24057125465689752,reflect,0.1,voxy-reflect-water-oil4
inverted,480,4,wave,0.18,wendland-c2,11.000000,0.184216,0.465078,0.085069,0.001,1,0.02860220410576253,0.023689713805279622,0.35731177752352594,0.4220115398103582,0.4280919463266091,reflect,0.1,voxy-reflect-water-oil4
inverted,480,4,wave,0.18,wendland-c2,12.000000,0.180854,0.468571,0.053819,0.001,1,0.02320100640525502,0.023184668915919415,0.4123703947272177,0.4888417762953695,0.3449887170967661,reflect,0.1,voxy-reflect-water-oil4
inverted,480,4,wave,0.18,wendland-c2,13.000000,0.180393,0.468189,0.045139,0.001,1,0.022651725510455467,0.02165608512874928,0.35658802464169315,0.34284402524826546,0.48952772886568985,reflect,0.1,voxy-reflect-water-oil4
inverted,480,4,wave,0.18,wendland-c2,14.000000,0.180139,0.467894,0.045139,0.001,1,0.0264403883652069,0.015529714151345964,0.3368920430683668,0.28255109995143,0.3513478866295092,reflect,0.1,voxy-reflect-water-oil4
inverted,480,4,wave,0.18,wendland-c2,15.000000,0.179702,0.467689,0.027778,0.001,1,0.02452546596831251,0.02132306024709929,0.2855081364401223,0.34421647610775874,0.4694803208613257,reflect,0.1,voxy-reflect-water-oil4
inverted,480,4,wave,0.18,wendland-c2,16.000000,0.179979,0.467314,0.045139,0.001,1,0.02167224598208417,0.022475919979348724,0.25739930459894333,0.245877643204742,0.5970311905269952,reflect,0.1,voxy-reflect-water-oil4
inverted,480,4,wave,0.18,wendland-c2,17.000000,0.180134,0.466916,0.036458,0.001,1,0.018605397737056606,0.01971218695336452,0.29205667654222445,0.23570407222090695,0.6681741024799202,reflect,0.1,voxy-reflect-water-oil4
inverted,480,4,wave,0.18,wendland-c2,18.000000,0.179852,0.466972,0.053819,0.001,1,0.01945215449257831,0.021021840429596983,0.23629103964099535,0.250939318858732,0.5053351830884533,reflect,0.1,voxy-reflect-water-oil4
inverted,480,4,wave,0.18,wendland-c2,19.000000,0.179758,0.467214,0.045139,0.001,1,0.019677270915311906,0.020470180132106552,0.20991963026375374,0.2299917405233584,0.6843721761707121,reflect,0.1,voxy-reflect-water-oil4
inverted,480,4,wave,0.18,wendland-c2,20.000000,0.179573,0.467792,0.036458,0.001,1,0.01864767422659863,0.021853905649669825,0.23083347602236687,0.20719763282878167,0.5821274371467225,reflect,0.1,voxy-reflect-water-oil4
inverted,480,6,wave,0.12,wendland-c2,0,0.480000,0.160000,1.000000,0.001,1,0.023014784538496702,0.06392106557849964,0.0,0.0,0.9999999999999996,reflect,0.1,voxy-reflect-water-oil6
inverted,480,6,wave,0.12,wendland-c2,1.000000,0.485099,0.162536,0.962963,0.001,1,0.023240024631085543,0.0329322729511472,0.30446121326453796,0.4602244960444636,0.23003778363752692,reflect,0.1,voxy-reflect-water-oil6
inverted,480,6,wave,0.12,wendland-c2,2.000000,0.479851,0.168072,0.922840,0.001,1,0.023916369568643292,0.032425285751688904,0.4321118482635359,0.5438559497116912,0.5223960549909308,reflect,0.1,voxy-reflect-water-oil6
inverted,480,6,wave,0.12,wendland-c2,3.000000,0.446381,0.203565,0.789609,0.001,1,0.019491814969611942,0.03346032110314301,0.6231703440534813,0.5998640048556882,0.36077440302045055,reflect,0.1,voxy-reflect-water-oil6
inverted,480,6,wave,0.12,wendland-c2,4.000000,0.382871,0.269883,0.643004,0.001,1,0.026133725553461717,0.03629250419844543,0.6498124419892841,0.7497451216072865,0.5148207059208283,reflect,0.1,voxy-reflect-water-oil6
inverted,480,6,wave,0.12,wendland-c2,5.000000,0.321118,0.332313,0.531893,0.001,1,0.032499016845646045,0.032958467640651135,0.7762601970958405,0.7135121460211761,0.2621009828171769,reflect,0.1,voxy-reflect-water-oil6
inverted,480,6,wave,0.12,wendland-c2,6.000000,0.263453,0.390485,0.369856,0.001,1,0.029124502907999616,0.03663694969430109,0.7106677653318157,0.750604751519581,0.23859515165784093,reflect,0.1,voxy-reflect-water-oil6
inverted,480,6,wave,0.12,wendland-c2,7.000000,0.219869,0.432992,0.256687,0.001,1,0.032969391231365774,0.04277532144960827,0.6231097881261786,0.6967066266651029,0.43339936529473694,reflect,0.1,voxy-reflect-water-oil6
inverted,480,6,wave,0.12,wendland-c2,8.000000,0.194065,0.458615,0.168724,0.001,1,0.022951663765630625,0.028443459744858846,0.6360541332692291,0.6832089960510495,0.21061903802769089,reflect,0.1,voxy-reflect-water-oil6
inverted,480,6,wave,0.12,wendland-c2,9.000000,0.179384,0.472164,0.110597,0.001,1,0.03075920442404212,0.02414528767011337,0.5216266988564617,0.5861718012247158,0.39860046052908765,reflect,0.1,voxy-reflect-water-oil6
inverted,480,6,wave,0.12,wendland-c2,10.000000,0.172054,0.478589,0.060185,0.001,1,0.024933892498369303,0.022128478115825967,0.4461494059826472,0.49800935669601704,0.342428606343564,reflect,0.1,voxy-reflect-water-oil6
inverted,480,6,wave,0.12,wendland-c2,11.000000,0.169731,0.480260,0.041667,0.001,1,0.025768945123301856,0.026380632665259363,0.41739252919391273,0.40278691203581507,0.4215918439395451,reflect,0.1,voxy-reflect-water-oil6
inverted,480,6,wave,0.12,wendland-c2,12.000000,0.168559,0.480696,0.036523,0.001,1,0.02565642665978718,0.021538755361486084,0.4278355775775708,0.3791959526595183,0.17414621316923012,reflect,0.1,voxy-reflect-water-oil6
inverted,480,6,wave,0.12,wendland-c2,13.000000,0.167222,0.481923,0.023148,0.001,1,0.02162635194892193,0.020754396899018035,0.33443264195274486,0.33305018935944036,0.3479550581068668,reflect,0.1,voxy-reflect-water-oil6
inverted,480,6,wave,0.12,wendland-c2,14.000000,0.166665,0.481423,0.013374,0.001,1,0.026234258913396813,0.02123371140727337,0.2817380278134295,0.2890900148998001,0.4925079213086504,reflect,0.1,voxy-reflect-water-oil6
inverted,480,6,wave,0.12,wendland-c2,15.000000,0.166608,0.481658,0.015947,0.001,1,0.02658657439079737,0.023273845815410033,0.35000648146705515,0.26863766251049925,0.4161373202528154,reflect,0.1,voxy-reflect-water-oil6
inverted,480,6,wave,0.12,wendland-c2,16.000000,0.166293,0.481708,0.010802,0.001,1,0.019984596448823888,0.023469792894097674,0.2720078808245912,0.24653421017226385,0.3104942153982872,reflect,0.1,voxy-reflect-water-oil6
inverted,480,6,wave,0.12,wendland-c2,17.000000,0.166154,0.481782,0.008230,0.001,1,0.020259003700996203,0.022115340534234917,0.26178073308991934,0.24875334227619958,0.5438778384763558,reflect,0.1,voxy-reflect-water-oil6
inverted,480,6,wave,0.12,wendland-c2,18.000000,0.165996,0.481927,0.008745,0.001,1,0.022459867601009487,0.021076486996210342,0.28806179481160843,0.2308559165934454,0.5163497672715209,reflect,0.1,voxy-reflect-water-oil6
inverted,480,6,wave,0.12,wendland-c2,19.000000,0.165853,0.481760,0.006173,0.001,1,0.020050917648362976,0.024943948264618543,0.2502709940901108,0.23128289299674057,0.4768279804463238,reflect,0.1,voxy-reflect-water-oil6
inverted,480,6,wave,0.12,wendland-c2,20.000000,0.165836,0.481696,0.006173,0.001,1,0.022097069358868238,0.017605904865439115,0.24407895527840426,0.21408192749808105,0.4989090369949504,reflect,0.1,voxy-reflect-water-oil6
hydrostatic,480,4,wave,0.18,wendland-c2,0,0.160000,0.480000,-0.000000,100,1,0.03343416504632768,0.022942388330299712,0.0,0.0,0.9999999999999994,reflect,100,voxy-reflect-hydro4
hydrostatic,480,4,wave,0.18,wendland-c2,1.000000,0.161375,0.485796,-0.000000,100,1,0.01672571367508424,0.009115262722354966,0.056327704048933995,0.10446775650399032,0.8902833909745717,reflect,100,voxy-reflect-hydro4
hydrostatic,480,4,wave,0.18,wendland-c2,2.000000,0.161556,0.485320,-0.000000,100,1,0.015736524218133985,0.00814217856670063,0.026364969167244456,0.06814584510386656,0.7108099349858753,reflect,100,voxy-reflect-hydro4
hydrostatic,480,4,wave,0.18,wendland-c2,3.000000,0.161728,0.485081,-0.000000,100,1,0.01520291159635656,0.007959323906578053,0.013424202551103118,0.020504122741971456,0.7316789080146002,reflect,100,voxy-reflect-hydro4
hydrostatic,480,4,wave,0.18,wendland-c2,4.000000,0.161850,0.485030,-0.000000,100,1,0.014986282509362958,0.00782819763971343,0.00675970533709926,0.009170009999858718,0.7296507114074318,reflect,100,voxy-reflect-hydro4
hydrostatic,480,4,wave,0.18,wendland-c2,5.000000,0.161925,0.484966,-0.000000,100,1,0.014923001643264433,0.007798616545901194,0.003340986522151244,0.005031911216957075,0.711380828284868,reflect,100,voxy-reflect-hydro4
hydrostatic,480,6,wave,0.12,wendland-c2,0,0.160000,0.480000,-0.000000,100,1,0.06392106557850052,0.023014784538495592,0.0,0.0,0.9999999999999996,reflect,100,voxy-reflect-hydro6
hydrostatic,480,6,wave,0.12,wendland-c2,1.000000,0.161290,0.485645,-0.000000,100,1,0.01771706836987308,0.010014104344374442,0.04866129422321563,0.08285246966032718,0.936702708646874,reflect,100,voxy-reflect-hydro6
hydrostatic,480,6,wave,0.12,wendland-c2,2.000000,0.161475,0.485905,-0.000000,100,1,0.016480828262072755,0.008932026992047426,0.019245910269715887,0.04165192392457437,0.759155585478842,reflect,100,voxy-reflect-hydro6
hydrostatic,480,6,wave,0.12,wendland-c2,3.000000,0.161596,0.486036,-0.000000,100,1,0.01569378335971061,0.00827100728665875,0.008317259327825413,0.015389346316923696,0.7320954038385764,reflect,100,voxy-reflect-hydro6
hydrostatic,480,6,wave,0.12,wendland-c2,4.000000,0.161661,0.486051,-0.000000,100,1,0.015466530738533546,0.007885407842927128,0.007037426403728605,0.011220542927117537,0.5790518305701786,reflect,100,voxy-reflect-hydro6
hydrostatic,480,6,wave,0.12,wendland-c2,5.000000,0.161695,0.485941,-0.000000,100,1,0.01573516471455272,0.007768745023331691,0.009142497154091765,0.010454370917623287,0.45962426547059504,reflect,100,voxy-reflect-hydro6
hydrostatic,480,8,wave,0.09,wendland-c2,0,0.160000,0.480000,-0.000000,100,1,0.0999893443090456,0.022981040217614712,0.0,0.0,0.9999999999999981,reflect,100,voxy-reflect-hydro8
hydrostatic,480,8,wave,0.09,wendland-c2,1.000000,0.161281,0.485632,-0.000000,100,1,0.017917724656548506,0.010165213275772356,0.04659845707119759,0.07612254525359943,0.9276624850804781,reflect,100,voxy-reflect-hydro8
hydrostatic,480,8,wave,0.09,wendland-c2,2.000000,0.161464,0.486064,-0.000000,100,1,0.016608820673061242,0.009086206946161912,0.016057623106923817,0.029123860173744496,0.8635063686738206,reflect,100,voxy-reflect-hydro8
hydrostatic,480,8,wave,0.09,wendland-c2,3.000000,0.161582,0.486284,-0.000000,100,1,0.015784743564959403,0.008319121667192952,0.007745473795061712,0.01542154450096369,0.7544838060846362,reflect,100,voxy-reflect-hydro8
hydrostatic,480,8,wave,0.09,wendland-c2,4.000000,0.161641,0.486354,-0.000000,100,1,0.015374229654962157,0.00802907923631957,0.004696959208099628,0.009752547088480671,0.7969319978008745,reflect,100,voxy-reflect-hydro8
hydrostatic,480,8,wave,0.09,wendland-c2,5.000000,0.161656,0.486266,-0.000000,100,1,0.015489424963336829,0.007995052130608471,0.006202006999191149,0.008230513372883089,0.6801801052338938,reflect,100,voxy-reflect-hydro8
