warning: unused import: `separation_lower_bound`
 --> crates/physics/src/biomechanics/surface_contact.rs:3:23
  |
3 |     PreparedTriangle, separation_lower_bound, triangle_distance, triangle_pair_path_is_open,
  |                       ^^^^^^^^^^^^^^^^^^^^^^
  |
  = note: `#[warn(unused_imports)]` (part of `#[warn(unused)]`) on by default

warning: `physics` (lib) generated 1 warning (run `cargo fix --lib -p physics` to apply 1 suggestion)
warning: multiple methods are never used
   --> crates/voxy_editor/src/animation_runtime.rs:197:19
    |
194 | impl AnimationRuntime {
    | --------------------- methods in this implementation
...
197 |     pub(super) fn initialize_root_reference(
    |                   ^^^^^^^^^^^^^^^^^^^^^^^^^
...
227 |     pub(super) fn initialize_root_reference_at_phase(
    |                   ^^^^^^^^^^^^^^^^^^^^^^^^^^^^^^^^^^
...
243 |     fn initialize_root_reference_at_scaled_phase(
    |        ^^^^^^^^^^^^^^^^^^^^^^^^^^^^^^^^^^^^^^^^^
...
278 |     pub(super) fn capture_owner_reference_with_scale(
    |                   ^^^^^^^^^^^^^^^^^^^^^^^^^^^^^^^^^^
...
300 |     fn capture_owner_reference_with_similarity(
    |        ^^^^^^^^^^^^^^^^^^^^^^^^^^^^^^^^^^^^^^^
...
328 |     pub(super) fn capture_owner_reference_from_parent(
    |                   ^^^^^^^^^^^^^^^^^^^^^^^^^^^^^^^^^^^
...
636 |     pub(super) fn fixed_step_scene_fades(
    |                   ^^^^^^^^^^^^^^^^^^^^^^
...
759 |     pub(super) fn set_clip_events(
    |                   ^^^^^^^^^^^^^^^
...
989 |     pub(super) fn prepare(
    |                   ^^^^^^^
    |
    = note: `#[warn(dead_code)]` (part of `#[warn(unused)]`) on by default

warning: associated function `new` is never used
   --> crates/voxy_editor/src/foot_placement.rs:235:19
    |
228 | impl FootRuntime {
    | ---------------- associated function in this implementation
...
235 |     pub(super) fn new(model: &ModelAsset, settings: ModelFootPlacement) -> Result<Self, String> {
    |                   ^^^

warning: method `bind_motion` is never used
   --> crates/voxy_editor/src/model_playback.rs:179:19
    |
150 | impl PreparedModelFade {
    | ---------------------- method in this implementation
...
179 |     pub(crate) fn bind_motion(
    |                   ^^^^^^^^^^^

warning: methods `prepare_certified_fade`, `set_clip_events`, and `advance_with_motion` are never used
   --> crates/voxy_editor/src/model_playback.rs:370:19
    |
337 | impl ModelPlayback {
    | ------------------ methods in this implementation
...
370 |     pub(crate) fn prepare_certified_fade(
    |                   ^^^^^^^^^^^^^^^^^^^^^^
...
523 |     pub(crate) fn set_clip_events(
    |                   ^^^^^^^^^^^^^^^
...
648 |     pub(crate) fn advance_with_motion<T>(
    |                   ^^^^^^^^^^^^^^^^^^^

warning: `voxy_editor` (lib) generated 4 warnings
warning: field `initial_energy_j` is never read
  --> crates/voxy_app/src/tissue_demo.rs:82:9
   |
79 |     Continuum {
   |     --------- field in this variant
...
82 |         initial_energy_j: f64,
   |         ^^^^^^^^^^^^^^^^
   |
   = note: `DemoTissue` has derived impls for the traits `Debug` and `Clone`, but these are intentionally ignored during dead code analysis
   = note: `#[warn(dead_code)]` (part of `#[warn(unused)]`) on by default

warning: method `volumes` is never used
  --> crates/voxy_app/src/tissue_demo.rs:95:8
   |
88 | impl DemoTissue {
   | --------------- method in this implementation
...
95 |     fn volumes(&self) -> Vec<f64> {
   |        ^^^^^^^

warning: multiple associated items are never used
   --> crates/voxy_app/src/tissue_demo.rs:325:19
    |
146 | impl TissueDemo {
    | --------------- associated items in this implementation
...
325 |     pub(crate) fn body_volumes_m3(&self) -> Vec<f64> {
    |                   ^^^^^^^^^^^^^^^
...
333 |     pub(crate) fn body_energy_receipts(&self) -> Result<Vec<[f64; 4]>, &'static str> {
    |                   ^^^^^^^^^^^^^^^^^^^^
...
357 |     pub(crate) fn body_step_counts(&self) -> Vec<(u64, u64, usize)> {
    |                   ^^^^^^^^^^^^^^^^
...
374 |     pub(crate) fn body_thermal_diagnostics(&self) -> Result<Vec<(f64, f64, f64)>, &'static str> {
    |                   ^^^^^^^^^^^^^^^^^^^^^^^^
...
467 |     pub(crate) fn advance_with_palette(
    |                   ^^^^^^^^^^^^^^^^^^^^
...
477 |     pub(crate) fn bind_contact_surface(
    |                   ^^^^^^^^^^^^^^^^^^^^
...
483 |     pub(crate) fn bind_contact_surfaces(
    |                   ^^^^^^^^^^^^^^^^^^^^^
...
505 |     pub(crate) fn advance_with_palette_and_surface(
    |                   ^^^^^^^^^^^^^^^^^^^^^^^^^^^^^^^^
...
519 |     pub(crate) fn advance_with_palette_and_surfaces(
    |                   ^^^^^^^^^^^^^^^^^^^^^^^^^^^^^^^^^
...
533 |     pub(crate) fn advance_with_palette64_and_surfaces(
    |                   ^^^^^^^^^^^^^^^^^^^^^^^^^^^^^^^^^^^
...
549 |     pub(crate) fn tissue_mesh(&self) -> Result<SceneMesh, voxy_render::SceneError> {
    |                   ^^^^^^^^^^^
...
967 |     fn advance_continuum(
    |        ^^^^^^^^^^^^^^^^^

warning: associated items `female_from_assets` and `set_strain_fixture` are never used
    --> crates/voxy_app/src/female_demo.rs:199:19
     |
 195 | impl FemaleDemo {
     | --------------- associated items in this implementation
...
 199 |     pub(crate) fn female_from_assets(
     |                   ^^^^^^^^^^^^^^^^^^
...
1018 |     pub(crate) fn set_strain_fixture(&mut self, x_stretch: f64) -> Result<(), &'static str> {
     |                   ^^^^^^^^^^^^^^^^^^

warning: field `assembly_ms` is never read
 --> crates/voxy_app/src/skin_light_diffusion.rs:6:5
  |
5 | struct Timings {
  |        ------- field in this struct
6 |     assembly_ms: f64,
  |     ^^^^^^^^^^^
  |
  = note: `Timings` has a derived impl for the trait `Debug`, but this is intentionally ignored during dead code analysis

warning: function `diffuse` is never used
  --> crates/voxy_app/src/skin_light_diffusion.rs:11:15
   |
11 | pub(super) fn diffuse(
   |               ^^^^^^^

warning: function `diffuse_measured` is never used
  --> crates/voxy_app/src/skin_light_diffusion.rs:70:4
   |
70 | fn diffuse_measured(
   |    ^^^^^^^^^^^^^^^^

warning: function `diffuse_measured_with_parallel` is never used
  --> crates/voxy_app/src/skin_light_diffusion.rs:78:4
   |
78 | fn diffuse_measured_with_parallel(
   |    ^^^^^^^^^^^^^^^^^^^^^^^^^^^^^^

warning: function `status` is never used
  --> crates/voxy_app/src/model_presentation.rs:36:8
   |
36 | pub fn status(parameters: &Path, current: &Value) -> Value {
   |        ^^^^^^

warning: function `atomic_json` is never used
  --> crates/voxy_app/src/model_presentation.rs:82:4
   |
82 | fn atomic_json(path: &Path, value: &Value) -> Result<(), Box<dyn std::error::Error>> {
   |    ^^^^^^^^^^^

warning: function `request_film_state` is never used
  --> crates/voxy_app/src/model_presentation.rs:95:8
   |
95 | pub fn request_film_state(parameters: &Path) -> Result<Value, Box<dyn std::error::Error>> {
   |        ^^^^^^^^^^^^^^^^^^

warning: function `film_state_status` is never used
   --> crates/voxy_app/src/model_presentation.rs:150:8
    |
150 | pub fn film_state_status(parameters: &Path, id: &str) -> Result<Value, Box<dyn std::error::Error>> {
    |        ^^^^^^^^^^^^^^^^^

warning: method `to_json` is never used
  --> crates/voxy_app/src/view_settings.rs:15:12
   |
14 | impl ViewSettings {
   | ----------------- method in this implementation
15 |     pub fn to_json(&self) -> Value {
   |            ^^^^^^^

warning: function `deform` is never used
   --> crates/voxy_app/src/female_face.rs:107:15
    |
107 | pub(crate) fn deform(vertices: &mut [SceneVertex], body_vertices: usize, pose: FacePose) {
    |               ^^^^^^

warning: method `append` is never used
   --> crates/voxy_app/src/female_features.rs:236:12
    |
 31 | impl FaceFeatures {
    | ----------------- method in this implementation
...
236 |     pub fn append(
    |            ^^^^^^

warning: method `apply` is never used
    --> crates/voxy_app/src/face_parameters.rs:2570:19
     |
2530 | impl FaceParameters {
     | ------------------- method in this implementation
...
2570 |     pub(crate) fn apply(&self, vertices: &mut [SceneVertex], head: Mat4) {
     |                   ^^^^^

warning: method `restore_snapshot` is never used
   --> crates/voxy_app/src/surface_film_preview.rs:345:12
    |
 20 | impl FilmPreview {
    | ---------------- method in this implementation
...
345 |     pub fn restore_snapshot(&mut self, snapshot: &serde_json::Value) -> Result<(), &'static str> {
    |            ^^^^^^^^^^^^^^^^

warning: method `topology` is never used
   --> crates/voxy_app/src/fem_demo.rs:100:19
    |
 56 | impl FemDemo {
    | ------------ method in this implementation
...
100 |     pub(crate) fn topology(&self) -> Result<(usize, usize), Box<dyn std::error::Error>> {
    |                   ^^^^^^^^

warning: `voxy_app` (lib) generated 18 warnings
warning: methods `biomechanics_title`, `is_body`, and `body_motion_title` are never used
   --> crates/voxy_app/examples/../src/tissue_demo.rs:181:19
    |
146 | impl TissueDemo {
    | --------------- methods in this implementation
...
181 |     pub(crate) fn biomechanics_title(&self) -> Option<String> {
    |                   ^^^^^^^^^^^^^^^^^^
...
321 |     pub(crate) fn is_body(&self) -> bool {
    |                   ^^^^^^^
...
418 |     pub(crate) fn body_motion_title(&self) -> Option<String> {
    |                   ^^^^^^^^^^^^^^^^^
    |
    = note: `#[warn(dead_code)]` (part of `#[warn(unused)]`) on by default

warning: `voxy_app` (example "body_motion_snapshot" test) generated 1 warning
    Finished `release` profile [optimized] target(s) in 0.35s
     Running unittests examples/body_motion_snapshot.rs (/tmp/voxy-moving-supports-final-20261005/release/examples/body_motion_snapshot-80326302b011fb26)

running 1 test
IMPORTED support centers: [[-0.0990283414721489, 0.7890225052833557, 0.1306656002998352], [0.06097165495157242, 0.7890225052833557, 0.1306656002998352], [-0.08844652771949768, 0.4791085422039032, -0.05612833797931671], [0.047629572451114655, 0.4791243374347687, -0.056171491742134094]]
IMPORTED support centers: [[-0.0990283414721489, 0.7890225052833557, 0.1306656002998352], [0.06097165495157242, 0.7890225052833557, 0.1306656002998352], [-0.08844652771949768, 0.4791085422039032, -0.05612833797931671], [0.047629572451114655, 0.4791243374347687, -0.056171491742134094]]
WIDE_IMPORTED_CONTACT_COMMITTED step=12
WIDE_IMPORTED_CONTACT_COMMITTED step=24
WIDE_IMPORTED_CONTACT_COMMITTED step=36
WIDE_IMPORTED_CONTACT_COMMITTED step=48
WIDE_IMPORTED_CONTACT_COMMITTED step=60
IMPLICIT_TERMINAL_GEOMETRY dt=2.60416666666666663e-4 body_start=[[-0.08465889191675072, 0.6108551906237651, -0.1045329602655493], [0.004076874728683057, 0.6115582249523933, -0.10041076625996112], [-0.16932423333898491, 0.6234892484588996, -0.10461035023680415], [-0.08546517319279545, 0.6863993121960958, -0.03193639556738481], [-0.08095687998485465, 0.5756143792573187, -0.17373335869871953], [-0.08369693897225111, 0.5725669000578522, -0.0593591455665446], [-0.0815971232253851, 0.6822364346795526, -0.1428089299862747], [-0.01642794996605268, 0.6522153022009866, -0.0556597677243961], [-0.0828917515718672, 0.6356720073689257, -0.028242289599010623], [-0.01895019347273591, 0.5742124343907877, -0.07091859465805027], [-0.08830386506891472, 0.6812709632678048, -0.08657865727237471], [-0.015998219768325196, 0.6491442045471477, -0.13102821438481468], [-0.01607868706020546, 0.5759967336680026, -0.1530633093430102], [-0.08177858838882827, 0.5416687985988221, -0.12835833962675972], [-0.07876906273670761, 0.6334239871257907, -0.17279226766115593], [-0.15334708541763503, 0.6612245219212876, -0.05504500281804229], [-0.1487892093386932, 0.5824819507081116, -0.0739294807073764], [-0.14845712291159333, 0.6556474944681451, -0.1384229130704778], [-0.14856925901123672, 0.5822541999832795, -0.15683914320980202]] body_end=[[-0.08470984424831111, 0.6108539982299049, -0.10453710996324107], [0.003968338375534004, 0.611533508550014, -0.10038970763620793], [-0.16959298486521016, 0.623501465208287, -0.10468608872847514], [-0.08546512228677654, 0.6864094491205205, -0.031914140559699655], [-0.08095688660672887, 0.5756759404588337, -0.17375104359813584], [-0.08381919163847702, 0.5723313797571647, -0.059397277747587636], [-0.0815965894246228, 0.6822866920106327, -0.14278804830878672], [-0.016472298074691975, 0.6522879701388299, -0.055657935332496085], [-0.0828631823433487, 0.635685985210357, -0.028305883074801485], [-0.019096397529677372, 0.5741602058728895, -0.07103177876116214], [-0.08830962985560967, 0.6812876669172082, -0.08660263189726682], [-0.016030691341646284, 0.649058096456337, -0.1310730060556908], [-0.01609445520583849, 0.5760184268320601, -0.153059847408375], [-0.08191903482534416, 0.5417043152246306, -0.1284621578461269], [-0.0786907393158911, 0.6336685638706688, -0.17281219779080337], [-0.15341243812935232, 0.6613518593770996, -0.055080971029917075], [-0.14886708595006903, 0.5825349572329995, -0.0740117093502086], [-0.1484666686169352, 0.6556515558433582, -0.13838370427177193], [-0.14862059206232317, 0.5823152015211843, -0.15701238294168904]] nearest_end=Ok(Some(PrescribedContactFeature { distance_m: 0.00010000000245722452, gap_m: 2.457227039460351e-12, body_face: [10, 7, 11], obstacle_face_index: 1308, body_weights: [0.11472159068905413, 0.5476203258322758, 0.33765808347867005], obstacle_weights: [1.0, 0.0, 0.0] })) obstacle_triangle_end=Some([[-0.02452569856200795, 0.6546163677234275, -0.08467618572670127], [-0.02478139532707764, 0.6725412939390286, -0.09785135945920977], [0.0371764480284174, 0.6487277119134232, -0.09751224893061754]])
IMPLICIT_FRAME_GEOMETRY dt=2.60416666666666663e-4 world_body=[[-0.08470984424831111, 0.6108539982299049, -0.10453710996324107], [0.003968338375534004, 0.611533508550014, -0.10038970763620793], [-0.16959298486521016, 0.623501465208287, -0.10468608872847514], [-0.08546512228677654, 0.6864094491205205, -0.031914140559699655], [-0.08095688660672887, 0.5756759404588337, -0.17375104359813584], [-0.08381919163847702, 0.5723313797571647, -0.059397277747587636], [-0.0815965894246228, 0.6822866920106327, -0.14278804830878672], [-0.016472298074691975, 0.6522879701388299, -0.055657935332496085], [-0.0828631823433487, 0.635685985210357, -0.028305883074801485], [-0.019096397529677372, 0.5741602058728895, -0.07103177876116214], [-0.08830962985560967, 0.6812876669172082, -0.08660263189726682], [-0.016030691341646284, 0.649058096456337, -0.1310730060556908], [-0.01609445520583849, 0.5760184268320601, -0.153059847408375], [-0.08191903482534416, 0.5417043152246306, -0.1284621578461269], [-0.0786907393158911, 0.6336685638706688, -0.17281219779080337], [-0.15341243812935232, 0.6613518593770996, -0.055080971029917075], [-0.14886708595006903, 0.5825349572329995, -0.0740117093502086], [-0.1484666686169352, 0.6556515558433582, -0.13838370427177193], [-0.14862059206232317, 0.5823152015211843, -0.15701238294168904]] local_body=[[-5.0952331560398754e-5, -1.192393860177492e-6, -4.149697691776227e-6], [0.08862723029228471, 0.0006783179262488171, 0.004143252629341366], [-0.08493409294845945, 0.012646274584521777, -0.00015312846292583803], [-0.0008062303700258205, 0.07555425849675534, 0.07261881970584964], [0.0037020053100218497, -0.0351792501649314, -0.06921808333258654], [0.0008397002782736943, -0.038523810866600366, 0.04513568251796166], [0.0030623024921279107, 0.0714315013868676, -0.03825508804323742], [0.06818659384205875, 0.0414327795150648, 0.048875024933053214], [0.001795709573402019, 0.02483079458659183, 0.07622707719074781], [0.06556249438707334, -0.036694984750875674, 0.03350118150438716], [-0.0036507379388589457, 0.07043247629344312, 0.017930328368282483], [0.06862820057510444, 0.03820290583257191, -0.026540045790141506], [0.06856443671091222, -0.034836763791705035, -0.0485268871428257], [0.00273985709140656, -0.06915087539913461, -0.023929197580577627], [0.005968152600859621, 0.02281337324690366, -0.06827923752525407], [-0.06875354621260162, 0.0504966687533345, 0.049451989235632224], [-0.06420819403331833, -0.028320233390765618, 0.0305212509153407], [-0.06380777670018448, 0.0447963652195931, -0.03385074400622263], [-0.06396170014557245, -0.02853998910258079, -0.052479422676139725]] world_obstacle=Some([[-0.02452569856200795, 0.6546163677234275, -0.08467618572670127], [-0.02478139532707764, 0.6725412939390286, -0.09785135945920977], [0.0371764480284174, 0.6487277119134232, -0.09751224893061754]]) local_obstacle=Some([[0.060133193354742764, 0.04376117709966232, 0.01985677453884803], [0.05987749658967308, 0.061686103315263474, 0.006681600806339533], [0.12183533994516813, 0.03787252128965801, 0.007020711334931762]]) nearest_world=Ok(Some(PrescribedContactFeature { distance_m: 0.00010000000245722452, gap_m: 2.457227039460351e-12, body_face: [10, 7, 11], obstacle_face_index: 1308, body_weights: [0.11472159068905413, 0.5476203258322758, 0.33765808347867005], obstacle_weights: [1.0, 0.0, 0.0] })) nearest_local=Ok(Some(PrescribedContactFeature { distance_m: 0.00010000000245719065, gap_m: 2.4571904474958894e-12, body_face: [10, 7, 11], obstacle_face_index: 1308, body_weights: [0.11472159068905402, 0.5476203258322758, 0.33765808347867016], obstacle_weights: [1.0, 0.0, 0.0] }))
IMPLICIT_TERMINAL_GEOMETRY dt=1.30208333333333332e-4 body_start=[[-0.08465889191675072, 0.6108551906237651, -0.1045329602655493], [0.004076874728683057, 0.6115582249523933, -0.10041076625996112], [-0.16932423333898491, 0.6234892484588996, -0.10461035023680415], [-0.08546517319279545, 0.6863993121960958, -0.03193639556738481], [-0.08095687998485465, 0.5756143792573187, -0.17373335869871953], [-0.08369693897225111, 0.5725669000578522, -0.0593591455665446], [-0.0815971232253851, 0.6822364346795526, -0.1428089299862747], [-0.01642794996605268, 0.6522153022009866, -0.0556597677243961], [-0.0828917515718672, 0.6356720073689257, -0.028242289599010623], [-0.01895019347273591, 0.5742124343907877, -0.07091859465805027], [-0.08830386506891472, 0.6812709632678048, -0.08657865727237471], [-0.015998219768325196, 0.6491442045471477, -0.13102821438481468], [-0.01607868706020546, 0.5759967336680026, -0.1530633093430102], [-0.08177858838882827, 0.5416687985988221, -0.12835833962675972], [-0.07876906273670761, 0.6334239871257907, -0.17279226766115593], [-0.15334708541763503, 0.6612245219212876, -0.05504500281804229], [-0.1487892093386932, 0.5824819507081116, -0.0739294807073764], [-0.14845712291159333, 0.6556474944681451, -0.1384229130704778], [-0.14856925901123672, 0.5822541999832795, -0.15683914320980202]] body_end=[[-0.08468392028968036, 0.6108547813009478, -0.10453602127500748], [0.0040216208308059605, 0.6115486035801782, -0.10039701880451884], [-0.16945947911375275, 0.6234981153745719, -0.10464682742953207], [-0.085465147739786, 0.6864043806583082, -0.031925268063542234], [-0.08095688329579176, 0.5756451598580763, -0.1737422011484277], [-0.08375766973462899, 0.5724514756926523, -0.059379924947613946], [-0.08159685632500395, 0.6822615633450927, -0.1427984891475307], [-0.01644527705586212, 0.6522616447882843, -0.05566068566769397], [-0.08287668344172733, 0.6356756616950626, -0.02827063829583179], [-0.01902295826693142, 0.5741860506734415, -0.07097408639018808], [-0.08830466786932642, 0.6812874138976971, -0.08658483359168562], [-0.016012626792468846, 0.6491060057566258, -0.13105190512417234], [-0.016087634830075324, 0.576009179865638, -0.1530629224826225], [-0.08184847605336351, 0.5416870426156761, -0.12841052526271657], [-0.0787289165602229, 0.6335466972559023, -0.17279899176929775], [-0.15338022530671414, 0.6612891765529532, -0.05506326584556344], [-0.14882815555957246, 0.5825069086938693, -0.07396904621467941], [-0.14846246148622716, 0.6556490742251753, -0.13840459290624502], [-0.14859541908551907, 0.5822849837623326, -0.15692686198010278]] nearest_end=Ok(Some(PrescribedContactFeature { distance_m: 0.00010000000000001624, gap_m: 1.2538342758493381e-17, body_face: [10, 7, 11], obstacle_face_index: 1308, body_weights: [0.11501333509312117, 0.547311187917442, 0.3376754769894368], obstacle_weights: [1.0, 0.0, 0.0] })) obstacle_triangle_end=Some([[-0.024525201894313876, 0.6546265211807637, -0.08467877390938788], [-0.024780697158506462, 0.6725515600804887, -0.09785319424046507], [0.03717700328863437, 0.6487482215294353, -0.09751532462755635]])
IMPLICIT_FRAME_GEOMETRY dt=1.30208333333333332e-4 world_body=[[-0.08468392028968036, 0.6108547813009478, -0.10453602127500748], [0.0040216208308059605, 0.6115486035801782, -0.10039701880451884], [-0.16945947911375275, 0.6234981153745719, -0.10464682742953207], [-0.085465147739786, 0.6864043806583082, -0.031925268063542234], [-0.08095688329579176, 0.5756451598580763, -0.1737422011484277], [-0.08375766973462899, 0.5724514756926523, -0.059379924947613946], [-0.08159685632500395, 0.6822615633450927, -0.1427984891475307], [-0.01644527705586212, 0.6522616447882843, -0.05566068566769397], [-0.08287668344172733, 0.6356756616950626, -0.02827063829583179], [-0.01902295826693142, 0.5741860506734415, -0.07097408639018808], [-0.08830466786932642, 0.6812874138976971, -0.08658483359168562], [-0.016012626792468846, 0.6491060057566258, -0.13105190512417234], [-0.016087634830075324, 0.576009179865638, -0.1530629224826225], [-0.08184847605336351, 0.5416870426156761, -0.12841052526271657], [-0.0787289165602229, 0.6335466972559023, -0.17279899176929775], [-0.15338022530671414, 0.6612891765529532, -0.05506326584556344], [-0.14882815555957246, 0.5825069086938693, -0.07396904621467941], [-0.14846246148622716, 0.6556490742251753, -0.13840459290624502], [-0.14859541908551907, 0.5822849837623326, -0.15692686198010278]] local_body=[[-2.5028372929645625e-5, -4.093228173314139e-7, -3.0610094581800134e-6], [0.08868051274755667, 0.0006934129564130243, 0.004135941461030453], [-0.08480058719700204, 0.012642924750806717, -0.00011386716398277546], [-0.0008062558230352845, 0.07554919003454308, 0.07260769220200707], [0.0037020086209589576, -0.03521003076568885, -0.0692092408828784], [0.000901222182121732, -0.03840371493111286, 0.04515303531793535], [0.0030620355917467673, 0.07140637272132755, -0.03826552888198141], [0.06821361486088859, 0.04140645416451921, 0.04887227459785533], [0.0017822084750233958, 0.02482047107129752, 0.07626232196971751], [0.06563593364981929, -0.03666913995032357, 0.03355887387536122], [-0.0036457759525756962, 0.0704322232739319, 0.017948126673863685], [0.06864626512428187, 0.03825081513286071, -0.026518944858623033], [0.06857125708667539, -0.03484601075812714, -0.0485299622170732], [0.0028104158633872073, -0.06916814800808903, -0.023877564997167273], [0.005929975356527808, 0.02269150663213717, -0.06826603150374845], [-0.06872133338996342, 0.05043398592918803, 0.04946969441998586], [-0.06416926364282174, -0.028348281929895816, 0.030563914050869893], [-0.06380356956947644, 0.04479388360141015, -0.033871632640695704], [-0.06393652716876835, -0.028570206861432513, -0.05239390171455349]] world_obstacle=Some([[-0.024525201894313876, 0.6546265211807637, -0.08467877390938788], [-0.024780697158506462, 0.6725515600804887, -0.09785319424046507], [0.03717700328863437, 0.6487482215294353, -0.09751532462755635]]) local_obstacle=Some([[0.06013369002243684, 0.043771330556998556, 0.019854186356161416], [0.059878194758244255, 0.06169636945672352, 0.00667976602508423], [0.12183589520538508, 0.0378930309056702, 0.007017635637992944]]) nearest_world=Ok(Some(PrescribedContactFeature { distance_m: 0.00010000000000001624, gap_m: 1.2538342758493381e-17, body_face: [10, 7, 11], obstacle_face_index: 1308, body_weights: [0.11501333509312117, 0.547311187917442, 0.3376754769894368], obstacle_weights: [1.0, 0.0, 0.0] })) nearest_local=Ok(Some(PrescribedContactFeature { distance_m: 9.999999999997371e-5, gap_m: -2.3887177720203167e-17, body_face: [10, 7, 11], obstacle_face_index: 1308, body_weights: [0.115013335093121, 0.5473111879174422, 0.33767547698943684], obstacle_weights: [1.0, 0.0, 0.0] }))
IMPLICIT_TERMINAL_GEOMETRY dt=2.60416666666666663e-4 body_start=[[-0.08524372357114074, 0.6107942387272257, -0.10444303762529795], [0.0036314799052750775, 0.6108741217446787, -0.10085191688750263], [-0.1709435720678962, 0.623258598139187, -0.10548997981134131], [-0.08546476594464418, 0.686480407591493, -0.03175835550590356], [-0.0809569329598484, 0.5761068688694391, -0.1738748378940501], [-0.0847041100525058, 0.5707417854868104, -0.05958908066669371], [-0.08159285281928676, 0.6826384933281939, -0.14264187656637095], [-0.016912107210692015, 0.652487416125357, -0.05535216091360276], [-0.08293813923485265, 0.6360155492052055, -0.02916284729389841], [-0.020283502197252345, 0.5735878209750391, -0.07189148002875898], [-0.08839275472025455, 0.6811911910959814, -0.08766636348606581], [-0.016101080101448163, 0.6485608869934003, -0.13116660441255729], [-0.016074412479118068, 0.575727643371639, -0.15292069978243802], [-0.0829965056161555, 0.5417712381763548, -0.12907659929652618], [-0.07846390398097022, 0.634890036301251, -0.1734164840125866], [-0.1538635059284182, 0.6619344038492639, -0.05536270513451979], [-0.1493085192396117, 0.5832246610741423, -0.0749295487054754], [-0.14849683267024222, 0.6555391707093908, -0.13779270241607924], [-0.148690795063186, 0.5827940011086314, -0.15793907174841212]] body_end=[[-0.08533865632023366, 0.6107868198860451, -0.10443943509867032], [0.003629057730962611, 0.6107645449689026, -0.10095876370960087], [-0.17105652628137966, 0.6232427753886994, -0.10562879733046822], [-0.08546471503862527, 0.6864905445159176, -0.0317361004982184], [-0.08095693958172262, 0.5761684300709541, -0.1738925227934664], [-0.08482481408216155, 0.570609581558198, -0.05964987894650074], [-0.08159231901852447, 0.682688750659274, -0.14262099488888297], [-0.016939053295834325, 0.6525486936688926, -0.05530747844330414], [-0.08299406962024763, 0.6359945770065059, -0.0292519657456715], [-0.0204861264779706, 0.5734526602063972, -0.07200713512812965], [-0.08838600167609659, 0.6811790366117713, -0.08782517940500942], [-0.016075073859187727, 0.6485290063706847, -0.13113957714162772], [-0.016083927110983488, 0.5756300881029924, -0.15290889494279744], [-0.08316188838065755, 0.5417360188778408, -0.129143665633908], [-0.0784831056365188, 0.6349366307099112, -0.17348684950737364], [-0.1539465109039635, 0.6619831379326878, -0.05541373861458853], [-0.14935970006664304, 0.583320438026949, -0.07507579856048585], [-0.14851425253954076, 0.655483800654844, -0.13767911245738168], [-0.14864132689512194, 0.5828732704042662, -0.15805265236885635]] nearest_end=Ok(Some(PrescribedContactFeature { distance_m: 0.0001000000000008858, gap_m: 8.839856187140045e-16, body_face: [10, 7, 11], obstacle_face_index: 1308, body_weights: [0.11094199783556269, 0.549949848267829, 0.3391081538966083], obstacle_weights: [1.0, 0.0, 0.0] })) obstacle_triangle_end=Some([[-0.024533645245113107, 0.6544539124060478, -0.08463477480371545], [-0.024792566024216454, 0.6723770356756676, -0.09782200295912478], [0.03716756386494603, 0.6483995580572282, -0.09746303777959636]])
IMPLICIT_FRAME_GEOMETRY dt=2.60416666666666663e-4 world_body=[[-0.08533865632023366, 0.6107868198860451, -0.10443943509867032], [0.003629057730962611, 0.6107645449689026, -0.10095876370960087], [-0.17105652628137966, 0.6232427753886994, -0.10562879733046822], [-0.08546471503862527, 0.6864905445159176, -0.0317361004982184], [-0.08095693958172262, 0.5761684300709541, -0.1738925227934664], [-0.08482481408216155, 0.570609581558198, -0.05964987894650074], [-0.08159231901852447, 0.682688750659274, -0.14262099488888297], [-0.016939053295834325, 0.6525486936688926, -0.05530747844330414], [-0.08299406962024763, 0.6359945770065059, -0.0292519657456715], [-0.0204861264779706, 0.5734526602063972, -0.07200713512812965], [-0.08838600167609659, 0.6811790366117713, -0.08782517940500942], [-0.016075073859187727, 0.6485290063706847, -0.13113957714162772], [-0.016083927110983488, 0.5756300881029924, -0.15290889494279744], [-0.08316188838065755, 0.5417360188778408, -0.129143665633908], [-0.0784831056365188, 0.6349366307099112, -0.17348684950737364], [-0.1539465109039635, 0.6619831379326878, -0.05541373861458853], [-0.14935970006664304, 0.583320438026949, -0.07507579856048585], [-0.14851425253954076, 0.655483800654844, -0.13767911245738168], [-0.14864132689512194, 0.5828732704042662, -0.15805265236885635]] local_body=[[-9.493274909292263e-5, -7.418841180571656e-6, 3.6025266276381796e-6], [0.08887278130210335, -2.9693758323018937e-5, 0.003484273915697086], [-0.0858128027102389, 0.012448536661473674, -0.0011857597051702642], [-0.00022099146748452703, 0.07569630578869191, 0.07270693712707955], [0.004286783989418119, -0.03462580865627163, -0.06944948516816844], [0.0004189094889791896, -0.04018465716902769, 0.04479315867879721], [0.003651404552616269, 0.07189451193204832, -0.03817795726358501], [0.06830467027530641, 0.04175445494166691, 0.04913555918199382], [0.002249653950893111, 0.02520033827928016, 0.07519107187962645], [0.06475759709317014, -0.03734157852082859, 0.03243590249716831], [-0.003142278104955842, 0.07038479788454549, 0.016617858220288533], [0.06916864971195302, 0.03773476764345901, -0.026696539516329748], [0.06915979646015726, -0.03516415062423326, -0.0484658573174995], [0.0020818351904831854, -0.06905821984938486, -0.024700628008610045], [0.006760617934621945, 0.024142391982685578, -0.0690438118820757], [-0.06870278733282274, 0.05118889920546207, 0.049029299010709425], [-0.0641159764955023, -0.027473800700276767, 0.029367239064812097], [-0.0632705289684, 0.0446895619276183, -0.03323607483208374], [-0.06339760332398119, -0.027920968322959504, -0.05360961474355841]] world_obstacle=Some([[-0.024533645245113107, 0.6544539124060478, -0.08463477480371545], [-0.024792566024216454, 0.6723770356756676, -0.09782200295912478], [0.03716756386494603, 0.6483995580572282, -0.09746303777959636]]) local_obstacle=Some([[0.060710078326027636, 0.043659673678822064, 0.019808262821582504], [0.06045115754692429, 0.06158279694844193, 0.00662103466617317], [0.12241128743608677, 0.03760531933000244, 0.006979999845701593]]) nearest_world=Ok(Some(PrescribedContactFeature { distance_m: 0.0001000000000008858, gap_m: 8.839856187140045e-16, body_face: [10, 7, 11], obstacle_face_index: 1308, body_weights: [0.11094199783556269, 0.549949848267829, 0.3391081538966083], obstacle_weights: [1.0, 0.0, 0.0] })) nearest_local=Ok(Some(PrescribedContactFeature { distance_m: 0.00010000000000084427, gap_m: 8.441446550853838e-16, body_face: [10, 7, 11], obstacle_face_index: 1308, body_weights: [0.11094199783556274, 0.5499498482678289, 0.33910815389660837], obstacle_weights: [1.0, 0.0, 0.0] }))
WIDE_IMPORTED_CONTACT_COMMITTED step=72
IMPLICIT_TERMINAL_GEOMETRY dt=5.20833333333333326e-4 body_start=[[-0.09514880902284033, 0.612617010869684, -0.106339031434741], [-0.00599697346881391, 0.6086721992866397, -0.09352308592960532], [-0.17574986268885895, 0.6270963620427243, -0.11493137073028697], [-0.0854599546922365, 0.6878979125757695, -0.028384480509198992], [-0.08096494307061977, 0.5852898103937226, -0.17620588553423935], [-0.10020217202681907, 0.5707521966373406, -0.06422073203739774], [-0.08152084814904142, 0.6899964320738317, -0.13931245588218644], [-0.018931410332183807, 0.6471100936053881, -0.048836377748651905], [-0.09333302527795384, 0.6380994473790398, -0.0311343466268411], [-0.036829158266125026, 0.5704866314436015, -0.06784204047822097], [-0.0911177987675574, 0.6798503743411429, -0.08621182916698084], [-0.019636649713180073, 0.6510895189860872, -0.1219124413580165], [-0.020013292093309508, 0.5774839296430267, -0.145499971983858], [-0.09148407630435548, 0.5452270774508193, -0.1372011650762354], [-0.07992351761720852, 0.6436514230318721, -0.169304586563573], [-0.16207248949881198, 0.6634950359081462, -0.060275215347691175], [-0.16140300647423164, 0.5816445211402581, -0.08675817787156394], [-0.15293254163145148, 0.6628493446686963, -0.1422928907963322], [-0.15081209051710687, 0.5887699691874169, -0.16946124787723676]] body_end=[[-0.09523427464757596, 0.6125855982466644, -0.10635935539192423], [-0.005492975478516854, 0.6087095207226528, -0.09335639232508837], [-0.1757260968053222, 0.6273789526877617, -0.1149978607034181], [-0.08545992328235667, 0.6879159914149903, -0.02833787981522056], [-0.08096514270292764, 0.5854147628006716, -0.17623370585604076], [-0.10018816717924783, 0.5704324793709675, -0.0643112553655425], [-0.08151996362214975, 0.6900947863746232, -0.1392644226723988], [-0.01879245228647693, 0.6470475121481996, -0.04872046692850479], [-0.09335293007594683, 0.6382422310258732, -0.031089479152369932], [-0.036788564124838836, 0.570752976434272, -0.06763434441991517], [-0.09094591927845866, 0.6798575978320375, -0.08602455163384883], [-0.019697690159796805, 0.6511092885993137, -0.12162989707627478], [-0.020042376227926408, 0.5775657135149201, -0.14546060630175062], [-0.09150852127336706, 0.5455270126209852, -0.1371755321263741], [-0.08010512428665154, 0.6438803059746804, -0.16938135540110452], [-0.16192287544025658, 0.6637420418897653, -0.06028284300969189], [-0.16133500463081243, 0.5820528757324269, -0.08661974875189478], [-0.1529601737710962, 0.663079773411607, -0.142311286196931], [-0.15084758511887963, 0.5887039487260489, -0.1695196399988608]] nearest_end=Ok(Some(PrescribedContactFeature { distance_m: 0.00010000000048454015, gap_m: 4.845380757618997e-13, body_face: [10, 7, 11], obstacle_face_index: 1308, body_weights: [0.07646018373048152, 0.4825463798337047, 0.44099343643581385], obstacle_weights: [1.0, 0.0, 0.0] })) obstacle_triangle_end=Some([[-0.024669165760019436, 0.6514392067156571, -0.08372069804038951], [-0.024988775313928263, 0.6693125586725996, -0.09713991838008935], [0.037036797451145194, 0.6423400122373939, -0.09617604208451674]])
IMPLICIT_FRAME_GEOMETRY dt=5.20833333333333326e-4 world_body=[[-0.09523427464757596, 0.6125855982466644, -0.10635935539192423], [-0.005492975478516854, 0.6087095207226528, -0.09335639232508837], [-0.1757260968053222, 0.6273789526877617, -0.1149978607034181], [-0.08545992328235667, 0.6879159914149903, -0.02833787981522056], [-0.08096514270292764, 0.5854147628006716, -0.17623370585604076], [-0.10018816717924783, 0.5704324793709675, -0.0643112553655425], [-0.08151996362214975, 0.6900947863746232, -0.1392644226723988], [-0.01879245228647693, 0.6470475121481996, -0.04872046692850479], [-0.09335293007594683, 0.6382422310258732, -0.031089479152369932], [-0.036788564124838836, 0.570752976434272, -0.06763434441991517], [-0.09094591927845866, 0.6798575978320375, -0.08602455163384883], [-0.019697690159796805, 0.6511092885993137, -0.12162989707627478], [-0.020042376227926408, 0.5775657135149201, -0.14546060630175062], [-0.09150852127336706, 0.5455270126209852, -0.1371755321263741], [-0.08010512428665154, 0.6438803059746804, -0.16938135540110452], [-0.16192287544025658, 0.6637420418897653, -0.06028284300969189], [-0.16133500463081243, 0.5820528757324269, -0.08661974875189478], [-0.1529601737710962, 0.663079773411607, -0.142311286196931], [-0.15084758511887963, 0.5887039487260489, -0.1695196399988608]] local_body=[[-8.54656247356348e-5, -3.141262301964278e-5, -2.0323957183243367e-5], [0.08965583354432348, -0.003907490147031224, 0.012982639109652624], [-0.08057728778248188, 0.014761941818077648, -0.008658829268677105], [0.009688885740483655, 0.07529898054530626, 0.07800115161952043], [0.014183666319912691, -0.02720224806901239, -0.06989467442129976], [-0.0050393581564075005, -0.042184531498716496, 0.042027776069198504], [0.013628845400690578, 0.07747777550493917, -0.03292539123765781], [0.0763563567363634, 0.0344305012785156, 0.0576185645062362], [0.0017958789468935, 0.025625220156189187, 0.07524955228237105], [0.05836024489800149, -0.041864034435411965, 0.038704687014825816], [0.004202889744381676, 0.06724058696235351, 0.02031447980089216], [0.07545111886304352, 0.038492277729629765, -0.015290865641533787], [0.07510643279491393, -0.03505129735476382, -0.03912157486700963], [0.0036402877494732646, -0.06708999824869874, -0.030836500691633094], [0.015043684736188787, 0.03126329510499641, -0.06304232396636353], [-0.06677406641741626, 0.051125031020081285, 0.046056188425049105], [-0.0661861956079721, -0.030564135137257094, 0.019719282682846215], [-0.05781136474825585, 0.050462762541922945, -0.03597225476219003], [-0.055698776096039314, -0.023913062143635058, -0.06318060856411979]] world_obstacle=Some([[-0.024669165760019436, 0.6514392067156571, -0.08372069804038951], [-0.024988775313928263, 0.6693125586725996, -0.09713991838008935], [0.037036797451145194, 0.6423400122373939, -0.09617604208451674]]) local_obstacle=Some([[0.07047964326282088, 0.03882219584597313, 0.022618333394351486], [0.07016003370891206, 0.056695547802915636, 0.00919911305465164], [0.13218560647398553, 0.02972300136770989, 0.01016298935022425]]) nearest_world=Ok(Some(PrescribedContactFeature { distance_m: 0.00010000000048454015, gap_m: 4.845380757618997e-13, body_face: [10, 7, 11], obstacle_face_index: 1308, body_weights: [0.07646018373048152, 0.4825463798337047, 0.44099343643581385], obstacle_weights: [1.0, 0.0, 0.0] })) nearest_local=Ok(Some(PrescribedContactFeature { distance_m: 0.0001000000004844819, gap_m: 4.844845449425873e-13, body_face: [10, 7, 11], obstacle_face_index: 1308, body_weights: [0.07646018373048119, 0.48254637983370496, 0.44099343643581385], obstacle_weights: [1.0, 0.0, 0.0] }))
WIDE_IMPORTED_CONTACT_COMMITTED step=84
test collision_tests::wide_imported_contact_completes_full_clip has been running for over 60 seconds
IMPLICIT_TERMINAL_GEOMETRY dt=1.30208333333333332e-4 body_start=[[-0.09449541045115735, 0.6099483326267462, -0.10645857253420679], [-0.0030206806751977623, 0.601948852248925, -0.0983508983380818], [-0.17367316058467655, 0.6207893665130484, -0.10514411017296045], [-0.08598204970476826, 0.6861597685360608, -0.024359191130367802], [-0.08235366211063903, 0.5926046240923075, -0.1780934037629442], [-0.09516625429361378, 0.5681101703400475, -0.06379232384202423], [-0.0825071390562627, 0.6949078688256488, -0.13497733691649352], [-0.01740009762215145, 0.6366949651887925, -0.05073633639886991], [-0.09168142010142583, 0.6356240709942841, -0.030402350073909668], [-0.03328217182484315, 0.5629087544578689, -0.07569657257170659], [-0.09188070465665037, 0.674693902628973, -0.08420891585698631], [-0.018238104020905324, 0.6464469056882828, -0.12265103378576439], [-0.019871156720769147, 0.5795746256709073, -0.15437486787106816], [-0.08958515967085678, 0.5458253316323477, -0.14240591237435282], [-0.08276107091626654, 0.6506978324956559, -0.16415007797622333], [-0.16220143874342915, 0.6554015183567716, -0.051388989302316376], [-0.15696425507361655, 0.573705617489057, -0.07989799842435738], [-0.1566873072143543, 0.6610285964942719, -0.13392396810859536], [-0.15236116466653296, 0.589261512228498, -0.16380460910525824]] body_end=[[-0.09447937341687053, 0.6099455758771731, -0.1064582580359476], [-0.0029565605454666094, 0.6018859528646822, -0.0984755516017355], [-0.1736829061938377, 0.6207507481941014, -0.10517465609915926], [-0.08598349463840173, 0.686153025950287, -0.02435229610953794], [-0.08235736394440851, 0.5926132852056919, -0.17809592096971383], [-0.09517745411228626, 0.5680764025411733, -0.06381704166575079], [-0.08250985946529597, 0.6949122006348902, -0.13496959822052246], [-0.017436009033683086, 0.6367086280650518, -0.05071797027830085], [-0.09168796338773606, 0.6355914893610181, -0.030446351120355784], [-0.033288003224922466, 0.5629355539932838, -0.07569393800737438], [-0.09188834969394581, 0.6746186648757507, -0.08418753820373782], [-0.01818693078117472, 0.6464299605175365, -0.12258638584489738], [-0.019874967099518324, 0.5796550278401333, -0.15440739095333222], [-0.08964032355121371, 0.5457890221472873, -0.1423876764695595], [-0.08282072017065867, 0.6506501829942515, -0.16413866419155665], [-0.16216299620101118, 0.6553396677496466, -0.05142710634561195], [-0.1569879416505019, 0.5737233138815911, -0.07992088272317702], [-0.15673927570594107, 0.6610031167588707, -0.1339026380594854], [-0.15232277484907836, 0.5891967865775498, -0.16380194544685447]] nearest_end=Ok(Some(PrescribedContactFeature { distance_m: 0.00010000000065021769, gap_m: 6.502202115426845e-13, body_face: [10, 7, 11], obstacle_face_index: 1308, body_weights: [0.09937005207977084, 0.5097974169633427, 0.39083253095688647], obstacle_weights: [1.0, 0.0, 0.0] })) obstacle_triangle_end=Some([[-0.025087040718734365, 0.6443656994837459, -0.08212053745953846], [-0.025488996214679788, 0.6621333012643137, -0.09589450869001061], [0.03688572090991537, 0.6309174898878035, -0.09303627668129788]])
IMPLICIT_FRAME_GEOMETRY dt=1.30208333333333332e-4 world_body=[[-0.09447937341687053, 0.6099455758771731, -0.1064582580359476], [-0.0029565605454666094, 0.6018859528646822, -0.0984755516017355], [-0.1736829061938377, 0.6207507481941014, -0.10517465609915926], [-0.08598349463840173, 0.686153025950287, -0.02435229610953794], [-0.08235736394440851, 0.5926132852056919, -0.17809592096971383], [-0.09517745411228626, 0.5680764025411733, -0.06381704166575079], [-0.08250985946529597, 0.6949122006348902, -0.13496959822052246], [-0.017436009033683086, 0.6367086280650518, -0.05071797027830085], [-0.09168796338773606, 0.6355914893610181, -0.030446351120355784], [-0.033288003224922466, 0.5629355539932838, -0.07569393800737438], [-0.09188834969394581, 0.6746186648757507, -0.08418753820373782], [-0.01818693078117472, 0.6464299605175365, -0.12258638584489738], [-0.019874967099518324, 0.5796550278401333, -0.15440739095333222], [-0.08964032355121371, 0.5457890221472873, -0.1423876764695595], [-0.08282072017065867, 0.6506501829942515, -0.16413866419155665], [-0.16216299620101118, 0.6553396677496466, -0.05142710634561195], [-0.1569879416505019, 0.5737233138815911, -0.07992088272317702], [-0.15673927570594107, 0.6610031167588707, -0.1339026380594854], [-0.15232277484907836, 0.5891967865775498, -0.16380194544685447]] local_body=[[1.603703428682586e-5, -2.756749573113254e-6, 3.1449825918425884e-7], [0.09153884990569075, -0.008062379762063998, 0.007983020932471283], [-0.07918749574268034, 0.01080241556735517, 0.0012839164350475368], [0.008511915812755622, 0.07620469332354085, 0.08210627642466885], [0.012138046506748837, -0.017335047421054295, -0.07163734843550704], [-0.0006820436611289151, -0.041871930085572884, 0.042641530868456], [0.011985550985861376, 0.08496386800814404, -0.028511025686315666], [0.07705940141747426, 0.02676029543830566, 0.05574060225590594], [0.00280744706342129, 0.02564315673427182, 0.07601222141385101], [0.06120740722623488, -0.04701277863346238, 0.030764634526832414], [0.0026070607572115418, 0.06467033224900455, 0.02227103433046896], [0.07630847966998264, 0.036481627890790395, -0.016127813310690596], [0.07462044335163902, -0.03029330478661286, -0.04794881841912542], [0.004855086899943647, -0.06415931047945894, -0.0359291039353527], [0.011674690280498678, 0.0407018503675053, -0.057680091657349865], [-0.06766758574985383, 0.04539133512290043, 0.05503146618859484], [-0.062492531199344545, -0.036225018745155, 0.026537689811029774], [-0.062243865254783724, 0.05105478413212446, -0.027444065525278616], [-0.057827364397921015, -0.02075154604919637, -0.05734337291264767]] world_obstacle=Some([[-0.025087040718734365, 0.6443656994837459, -0.08212053745953846], [-0.025488996214679788, 0.6621333012643137, -0.09589450869001061], [0.03688572090991537, 0.6309174898878035, -0.09303627668129788]]) local_obstacle=Some([[0.06940836973242298, 0.0344173668569997, 0.024338035074668335], [0.06900641423647756, 0.0521849686375675, 0.010564063844196184], [0.1313811313610727, 0.020969157261057303, 0.013422295852908911]]) nearest_world=Ok(Some(PrescribedContactFeature { distance_m: 0.00010000000065021769, gap_m: 6.502202115426845e-13, body_face: [10, 7, 11], obstacle_face_index: 1308, body_weights: [0.09937005207977084, 0.5097974169633427, 0.39083253095688647], obstacle_weights: [1.0, 0.0, 0.0] })) nearest_local=Ok(Some(PrescribedContactFeature { distance_m: 0.00010000000065017404, gap_m: 6.501738775033681e-13, body_face: [10, 7, 11], obstacle_face_index: 1308, body_weights: [0.09937005207977051, 0.5097974169633429, 0.3908325309568866], obstacle_weights: [1.0, 0.0, 0.0] }))
IMPLICIT_TERMINAL_GEOMETRY dt=6.51041666666666658e-5 body_start=[[-0.09449541045115735, 0.6099483326267462, -0.10645857253420679], [-0.0030206806751977623, 0.601948852248925, -0.0983508983380818], [-0.17367316058467655, 0.6207893665130484, -0.10514411017296045], [-0.08598204970476826, 0.6861597685360608, -0.024359191130367802], [-0.08235366211063903, 0.5926046240923075, -0.1780934037629442], [-0.09516625429361378, 0.5681101703400475, -0.06379232384202423], [-0.0825071390562627, 0.6949078688256488, -0.13497733691649352], [-0.01740009762215145, 0.6366949651887925, -0.05073633639886991], [-0.09168142010142583, 0.6356240709942841, -0.030402350073909668], [-0.03328217182484315, 0.5629087544578689, -0.07569657257170659], [-0.09188070465665037, 0.674693902628973, -0.08420891585698631], [-0.018238104020905324, 0.6464469056882828, -0.12265103378576439], [-0.019871156720769147, 0.5795746256709073, -0.15437486787106816], [-0.08958515967085678, 0.5458253316323477, -0.14240591237435282], [-0.08276107091626654, 0.6506978324956559, -0.16415007797622333], [-0.16220143874342915, 0.6554015183567716, -0.051388989302316376], [-0.15696425507361655, 0.573705617489057, -0.07989799842435738], [-0.1566873072143543, 0.6610285964942719, -0.13392396810859536], [-0.15236116466653296, 0.589261512228498, -0.16380460910525824]] body_end=[[-0.09448747136825902, 0.6099471028081607, -0.10645862230872914], [-0.002988617740960165, 0.601917174518115, -0.09841322297562695], [-0.17367744586272477, 0.6207705123765684, -0.10515967275806151], [-0.085982772171585, 0.6861563972431739, -0.024355743619952873], [-0.08235551302752378, 0.5926089546489997, -0.178094662366329], [-0.09517152786120647, 0.5680933531112166, -0.06380463281538852], [-0.08250849926077933, 0.6949100347302695, -0.13497346756850798], [-0.017414860061025963, 0.6367085755929472, -0.05072625493052738], [-0.09168468770383797, 0.6356071864554264, -0.030423924388488902], [-0.03328502885787612, 0.5629223657603548, -0.07569504985472443], [-0.09188380340123296, 0.6746573741723357, -0.08419763235351542], [-0.01821048997150424, 0.6464437389882516, -0.12261807347544697], [-0.019872623891050725, 0.579615298169475, -0.15439115877853163], [-0.08961293715461942, 0.5458064225884355, -0.14239672148014124], [-0.08279096026193355, 0.6506740583676404, -0.16414312567793615], [-0.16218243360137138, 0.6553705020915328, -0.051408178876498914], [-0.15697609148161387, 0.5737144786779401, -0.07990951226498799], [-0.1567131067841019, 0.6610153299018905, -0.13391319676284955], [-0.15234207614193357, 0.589229325093438, -0.16380280972676795]] nearest_end=Ok(Some(PrescribedContactFeature { distance_m: 0.00010000000000001148, gap_m: 1.2472796164916146e-17, body_face: [10, 7, 11], obstacle_face_index: 1308, body_weights: [0.09939355918719017, 0.5100073491772373, 0.3905990916355725], obstacle_weights: [1.0, 0.0, 0.0] })) obstacle_triangle_end=Some([[-0.02508654313164086, 0.6443735091822946, -0.08212216719055916], [-0.02548842747612624, 0.6621412365666601, -0.09589582241397318], [0.03688583468699421, 0.630929048235455, -0.09303981736787102]])
IMPLICIT_FRAME_GEOMETRY dt=6.51041666666666658e-5 world_body=[[-0.09448747136825902, 0.6099471028081607, -0.10645862230872914], [-0.002988617740960165, 0.601917174518115, -0.09841322297562695], [-0.17367744586272477, 0.6207705123765684, -0.10515967275806151], [-0.085982772171585, 0.6861563972431739, -0.024355743619952873], [-0.08235551302752378, 0.5926089546489997, -0.178094662366329], [-0.09517152786120647, 0.5680933531112166, -0.06380463281538852], [-0.08250849926077933, 0.6949100347302695, -0.13497346756850798], [-0.017414860061025963, 0.6367085755929472, -0.05072625493052738], [-0.09168468770383797, 0.6356071864554264, -0.030423924388488902], [-0.03328502885787612, 0.5629223657603548, -0.07569504985472443], [-0.09188380340123296, 0.6746573741723357, -0.08419763235351542], [-0.01821048997150424, 0.6464437389882516, -0.12261807347544697], [-0.019872623891050725, 0.579615298169475, -0.15439115877853163], [-0.08961293715461942, 0.5458064225884355, -0.14239672148014124], [-0.08279096026193355, 0.6506740583676404, -0.16414312567793615], [-0.16218243360137138, 0.6553705020915328, -0.051408178876498914], [-0.15697609148161387, 0.5737144786779401, -0.07990951226498799], [-0.1567131067841019, 0.6610153299018905, -0.13391319676284955], [-0.15234207614193357, 0.589229325093438, -0.16380280972676795]] local_body=[[7.939082898330725e-6, -1.2298185854717618e-6, -4.977452235397166e-8], [0.0915067927101972, -0.008031158108631158, 0.008045349558579848], [-0.0791820354115674, 0.010822179749822202, 0.001298899776145274], [0.008512638279572354, 0.0762080646164277, 0.08210282891425391], [0.01213989742363357, -0.01733937797774654, -0.07163608983212222], [-0.0006761174100491277, -0.041854979515529585, 0.042653939718818264], [0.011986911190378022, 0.08496170210352327, -0.028514895034301185], [0.07708055039013138, 0.026760242966201105, 0.05573231760367941], [0.0028107227473193742, 0.02565885382868016, 0.07603464814571789], [0.06121038159328123, -0.047025966866391364, 0.03076352267948236], [0.002611607049924391, 0.06470904154558955, 0.022260940180691368], [0.07628492047965311, 0.036495406361505445, -0.016159500941240173], [0.07462278656010661, -0.030333034457271247, -0.04793258624432485], [0.004882473296537931, -0.06414191003831073, -0.03593814894593444], [0.011704450189223798, 0.04072572574089412, -0.057684553143729354], [-0.06768702315021403, 0.04542216946478662, 0.05505039365770788], [-0.06248068103045653, -0.03623385394880606, 0.026549060269218792], [-0.06221769633294456, 0.05106699727514432, -0.02745462422864275], [-0.05784666569077621, -0.020719007533308204, -0.05734423719256115]] world_obstacle=Some([[-0.02508654313164086, 0.6443735091822946, -0.08212216719055916], [-0.02548842747612624, 0.6621412365666601, -0.09589582241397318], [0.03688583468699421, 0.630929048235455, -0.09303981736787102]]) local_obstacle=Some([[0.06940886731951648, 0.03442517655554844, 0.02433640534364763], [0.0690069829750311, 0.05219290393991394, 0.01056275012023361], [0.13138124513815155, 0.020980715608708844, 0.013418755166335769]]) nearest_world=Ok(Some(PrescribedContactFeature { distance_m: 0.00010000000000001148, gap_m: 1.2472796164916146e-17, body_face: [10, 7, 11], obstacle_face_index: 1308, body_weights: [0.09939355918719017, 0.5100073491772373, 0.3905990916355725], obstacle_weights: [1.0, 0.0, 0.0] })) nearest_local=Ok(Some(PrescribedContactFeature { distance_m: 9.999999999996242e-5, gap_m: -3.5976287357254033e-17, body_face: [10, 7, 11], obstacle_face_index: 1308, body_weights: [0.09939355918719012, 0.5100073491772374, 0.39059909163557244], obstacle_weights: [1.0, 0.0, 0.0] }))
IMPLICIT_TERMINAL_GEOMETRY dt=2.60416666666666663e-4 body_start=[[-0.0941764714880306, 0.6097292864404569, -0.1063755543785959], [-0.0018699175899512437, 0.6012157199754549, -0.09934985104106606], [-0.17430462415614706, 0.6199054192159026, -0.10557911308156927], [-0.0860066135765372, 0.6860451445779073, -0.024241975776260177], [-0.08241659328472027, 0.5927518630198414, -0.1781361962780281], [-0.09570874685546893, 0.5674361104283233, -0.06420968889350022], [-0.0825533860098282, 0.6949815095827533, -0.1348457790849854], [-0.017830631075544053, 0.6363974292319164, -0.05068671444333313], [-0.09190030995692859, 0.635218870681072, -0.030744633762043744], [-0.03342243939148683, 0.5629021243272684, -0.0759398683346439], [-0.09182616798319199, 0.6741366113723474, -0.08445395969625945], [-0.017338880163010724, 0.6459391093762575, -0.12189199806711215], [-0.020348215015238, 0.5801834346921312, -0.15517060364739033], [-0.0901759654062139, 0.5459829217992705, -0.14217863281278806], [-0.08374329833144112, 0.6503018223864425, -0.16467499987973186], [-0.16175603115014398, 0.6546300835561002, -0.05185702407358895], [-0.15753854120739122, 0.5736636341901311, -0.08002189785842047], [-0.15753236336829465, 0.6609153927872617, -0.13370607663126804], [-0.1517567134230601, 0.5881619598720979, -0.16424309147259256]] body_end=[[-0.09413680066574721, 0.6097020916111707, -0.10637579334693478], [-0.0017576993923193395, 0.6011916477861179, -0.09923587776745423], [-0.17435678598068532, 0.6198177498152839, -0.10565119740143082], [-0.08600950344380415, 0.6860316594063599, -0.024228185734600456], [-0.08242399695225924, 0.59276918524661, -0.17814123069156737], [-0.09581064778475755, 0.5673523675927881, -0.06424478629904622], [-0.08255882682789473, 0.6949901732012361, -0.13483030169304328], [-0.017771540979982466, 0.6364127395525434, -0.050727332755802074], [-0.09194566614951684, 0.6351505988503334, -0.0306719963941059], [-0.0334400852597626, 0.562833058921712, -0.07601335144273516], [-0.09179925045868338, 0.6739876686838141, -0.08452208224377455], [-0.017239737921424966, 0.6459351641338975, -0.1218679142395632], [-0.020435681675665333, 0.580163925545097, -0.15529359700493353], [-0.0901920864704726, 0.5460579628019261, -0.14216777923841534], [-0.08385950815939061, 0.6503624419415857, -0.16468358099588692], [-0.16175158245646631, 0.654584164022183, -0.05191194097130275], [-0.1576453203800939, 0.5735993265011188, -0.07999273240120762], [-0.15757505723884882, 0.6608687621855103, -0.13368040693755764], [-0.15170947106814744, 0.5880797044611338, -0.16432989877476092]] nearest_end=Ok(Some(PrescribedContactFeature { distance_m: 0.00010000000000000449, gap_m: 5.327691823529694e-18, body_face: [10, 7, 11], obstacle_face_index: 1308, body_weights: [0.10242388285745752, 0.5055975821613939, 0.39197853498114854], obstacle_weights: [1.0, 0.0, 0.0] })) obstacle_triangle_end=Some([[-0.025104953854100644, 0.6440845503359915, -0.08206186714279314], [-0.02550947080260753, 0.6618476303798406, -0.09584721462735846], [0.03688162493507708, 0.6305013893723457, -0.09290881196466474]])
IMPLICIT_FRAME_GEOMETRY dt=2.60416666666666663e-4 world_body=[[-0.09413680066574721, 0.6097020916111707, -0.10637579334693478], [-0.0017576993923193395, 0.6011916477861179, -0.09923587776745423], [-0.17435678598068532, 0.6198177498152839, -0.10565119740143082], [-0.08600950344380415, 0.6860316594063599, -0.024228185734600456], [-0.08242399695225924, 0.59276918524661, -0.17814123069156737], [-0.09581064778475755, 0.5673523675927881, -0.06424478629904622], [-0.08255882682789473, 0.6949901732012361, -0.13483030169304328], [-0.017771540979982466, 0.6364127395525434, -0.050727332755802074], [-0.09194566614951684, 0.6351505988503334, -0.0306719963941059], [-0.0334400852597626, 0.562833058921712, -0.07601335144273516], [-0.09179925045868338, 0.6739876686838141, -0.08452208224377455], [-0.017239737921424966, 0.6459351641338975, -0.1218679142395632], [-0.020435681675665333, 0.580163925545097, -0.15529359700493353], [-0.0901920864704726, 0.5460579628019261, -0.14216777923841534], [-0.08385950815939061, 0.6503624419415857, -0.16468358099588692], [-0.16175158245646631, 0.654584164022183, -0.05191194097130275], [-0.1576453203800939, 0.5735993265011188, -0.07999273240120762], [-0.15757505723884882, 0.6608687621855103, -0.13368040693755764], [-0.15170947106814744, 0.5880797044611338, -0.16432989877476092]] local_body=[[3.9670822283385206e-5, -2.7194829286122266e-5, -2.389683388874334e-7], [0.09241877209571127, -0.008537638654338932, 0.0071396766111416704], [-0.08018031449265473, 0.010088463374826996, 0.0007243569771650813], [0.008166968044226453, 0.07630237296590303, 0.08214736864399544], [0.011752474535771357, -0.016960101193846833, -0.07176567631297147], [-0.0016341762967269505, -0.04237691884766886, 0.042130768079549685], [0.011617644660135873, 0.08526088676077925, -0.028454747314447373], [0.07640493050804813, 0.026683453112086516, 0.05564822162279383], [0.002230805338513757, 0.025421312409876537, 0.07570355798449001], [0.060736386228268, -0.046896227518744865, 0.030362202935860744], [0.002377221029347217, 0.0642583822433572, 0.021853472134821347], [0.07693673356660564, 0.036205877693440684, -0.015492359860967295], [0.07374078981236526, -0.029565360895359848, -0.04891804262633764], [0.00398438501755801, -0.06367132363853081, -0.03579222485981944], [0.010316963328639992, 0.04063315550112876, -0.05830802661729103], [-0.06757511096843571, 0.04485487758172612, 0.05446361340729315], [-0.0634688488920633, -0.03612995993933807, 0.02638282197738828], [-0.06339858575081822, 0.05113947574505344, -0.027304852558961736], [-0.05753299958011683, -0.02164958197932313, -0.05795434439616502]] world_obstacle=Some([[-0.025104953854100644, 0.6440845503359915, -0.08206186714279314], [-0.02550947080260753, 0.6618476303798406, -0.09584721462735846], [0.03688162493507708, 0.6305013893723457, -0.09290881196466474]]) local_obstacle=Some([[0.06907151763392996, 0.03435526389553467, 0.024313687235802767], [0.06866700068542307, 0.05211834393938375, 0.010528339751237445], [0.13105809642310767, 0.020772102931888803, 0.013466742413931157]]) nearest_world=Ok(Some(PrescribedContactFeature { distance_m: 0.00010000000000000449, gap_m: 5.327691823529694e-18, body_face: [10, 7, 11], obstacle_face_index: 1308, body_weights: [0.10242388285745752, 0.5055975821613939, 0.39197853498114854], obstacle_weights: [1.0, 0.0, 0.0] })) nearest_local=Ok(Some(PrescribedContactFeature { distance_m: 9.999999999999957e-5, gap_m: -3.9004647606910563e-19, body_face: [10, 7, 11], obstacle_face_index: 1308, body_weights: [0.1024238828574573, 0.505597582161394, 0.39197853498114865], obstacle_weights: [1.0, 0.0, 0.0] }))
WIDE_IMPORTED_CONTACT_COMMITTED step=96
WIDE_IMPORTED_CONTACT_COMMITTED step=108
IMPLICIT_TERMINAL_GEOMETRY dt=2.60416666666666663e-4 body_start=[[-0.10293162642636586, 0.6060325237206867, -0.10550290069334192], [-0.014680295217853976, 0.5947945414086276, -0.09592928084652437], [-0.1816776497219084, 0.6258502261964053, -0.10775772162469684], [-0.08685785663001311, 0.6813746710192298, -0.02087567677965141], [-0.08426966110694574, 0.5957178488753603, -0.17916725877836492], [-0.11285329023192045, 0.561785131189002, -0.06897721611574505], [-0.08396720651314384, 0.6957066657493335, -0.13092679583846029], [-0.019824811915126223, 0.6292248426117283, -0.04761232209222146], [-0.09729166892828181, 0.6313326149632176, -0.0315932375285843], [-0.04984007176061912, 0.5559968701299179, -0.0758642484488759], [-0.09357558134222453, 0.6672067521535093, -0.08253485862568981], [-0.02224555359215108, 0.6383413106529807, -0.12093613574057538], [-0.028768476861238405, 0.5718076785719922, -0.15361299727879624], [-0.10392974634422873, 0.5471464731526692, -0.15048754188923588], [-0.08479304466085039, 0.6522696317402013, -0.1597210779137841], [-0.16886951112125667, 0.6598482856616391, -0.05218972333319516], [-0.17224085929642952, 0.5782726506657418, -0.0835047265669418], [-0.16113933261611404, 0.6655295251909669, -0.132800948278532], [-0.15283051135171205, 0.5992726533412124, -0.17147987004948584]] body_end=[[-0.10297718917459786, 0.6060014444280565, -0.10546082202843395], [-0.01479104839064312, 0.5947410550408879, -0.0959523489875242], [-0.18176472537665445, 0.6258130891713118, -0.10774321026929626], [-0.08686123092104645, 0.6813531475339183, -0.020861977297948232], [-0.0842744359004668, 0.5957284464866566, -0.17917089650577414], [-0.11285711885132492, 0.5618041516673413, -0.06896221947160189], [-0.08397126180685849, 0.6957074455295968, -0.13091017286452802], [-0.01986013123490726, 0.6293133505258086, -0.04760601852244296], [-0.0973246667889718, 0.6312558835035749, -0.031579871566987994], [-0.04988368072768178, 0.5558839836949726, -0.0758258302069379], [-0.09365389470676036, 0.6672180811076327, -0.0824822033234811], [-0.022251189563403113, 0.6384195583673334, -0.12096188011111732], [-0.028838215376467354, 0.5717409052516756, -0.15358306489586365], [-0.10391433410818153, 0.5471624368435423, -0.150577344765057], [-0.08471315976291476, 0.6521787188823104, -0.15967218678639958], [-0.1689673735297302, 0.6597940365734218, -0.05234053994595774], [-0.1722645008098194, 0.5782110926394946, -0.08355543576805344], [-0.1609393174692714, 0.6655679033525161, -0.13276597878112706], [-0.15276670534343756, 0.599313946789934, -0.1715192447250494]] nearest_end=Ok(Some(PrescribedContactFeature { distance_m: 0.00010000000000000026, gap_m: -7.257109130937986e-19, body_face: [10, 7, 11], obstacle_face_index: 1308, body_weights: [0.06675196682674117, 0.5146009891873761, 0.41864704398588276], obstacle_weights: [1.0, 0.0, 0.0] })) obstacle_triangle_end=Some([[-0.025745275354998032, 0.6357461873996768, -0.08063443383353734], [-0.026208440555324085, 0.6533805380385507, -0.09464593166224855], [0.03662256962855743, 0.6194510755491152, -0.08981061351020989]])
IMPLICIT_FRAME_GEOMETRY dt=2.60416666666666663e-4 world_body=[[-0.10297718917459786, 0.6060014444280565, -0.10546082202843395], [-0.01479104839064312, 0.5947410550408879, -0.0959523489875242], [-0.18176472537665445, 0.6258130891713118, -0.10774321026929626], [-0.08686123092104645, 0.6813531475339183, -0.020861977297948232], [-0.0842744359004668, 0.5957284464866566, -0.17917089650577414], [-0.11285711885132492, 0.5618041516673413, -0.06896221947160189], [-0.08397126180685849, 0.6957074455295968, -0.13091017286452802], [-0.01986013123490726, 0.6293133505258086, -0.04760601852244296], [-0.0973246667889718, 0.6312558835035749, -0.031579871566987994], [-0.04988368072768178, 0.5558839836949726, -0.0758258302069379], [-0.09365389470676036, 0.6672180811076327, -0.0824822033234811], [-0.022251189563403113, 0.6384195583673334, -0.12096188011111732], [-0.028838215376467354, 0.5717409052516756, -0.15358306489586365], [-0.10391433410818153, 0.5471624368435423, -0.150577344765057], [-0.08471315976291476, 0.6521787188823104, -0.15967218678639958], [-0.1689673735297302, 0.6597940365734218, -0.05234053994595774], [-0.1722645008098194, 0.5782110926394946, -0.08355543576805344], [-0.1609393174692714, 0.6655679033525161, -0.13276597878112706], [-0.15276670534343756, 0.599313946789934, -0.1715192447250494]] local_body=[[-4.55627482319978e-5, -3.107929263020367e-5, 4.2078664907974084e-5], [0.08814057803572273, -0.011291468679798786, 0.009550551705817723], [-0.07883309895028859, 0.019780565450625096, -0.0022403095759543374], [0.016070395505319413, 0.07532062381323157, 0.0846409233953937], [0.018657190525899064, -0.010304077234030151, -0.07366799581243222], [-0.009925492424959066, -0.044228372053345406, 0.03654068122174003], [0.01896036461950737, 0.08967492180891012, -0.0254072721711861], [0.0830714951914586, 0.023280826805121946, 0.057896882170898965], [0.0056069596373940645, 0.025223359782888116, 0.07392302912635393], [0.053047945698684075, -0.050148540025714124, 0.02967707048640402], [0.009277731719605501, 0.06118555738694601, 0.023020697369860826], [0.08068043686296274, 0.032387034646646724, -0.0154589794177754], [0.07409341104989851, -0.03429161846901106, -0.04808016420252172], [-0.000982707681815677, -0.05887008687714442, -0.04507444407171508], [0.018218466663451102, 0.04614619516162366, -0.05416928609305764], [-0.06603574710336435, 0.053761512852735095, 0.05316236074738418], [-0.06933287438345355, -0.027821431081192158, 0.021947464925288485], [-0.05800769104290555, 0.059535379631829394, -0.027263078087785133], [-0.049835078917071694, -0.00671857693075274, -0.06601634403170746]] world_obstacle=Some([[-0.025745275354998032, 0.6357461873996768, -0.08063443383353734], [-0.026208440555324085, 0.6533805380385507, -0.09464593166224855], [0.03662256962855743, 0.6194510755491152, -0.08981061351020989]]) local_obstacle=Some([[0.07718635107136783, 0.029713663678990088, 0.02486846685980458], [0.07672318587104177, 0.04734801431786395, 0.010856969031093372], [0.13955419605492328, 0.013418551828428438, 0.015692287183132037]]) nearest_world=Ok(Some(PrescribedContactFeature { distance_m: 0.00010000000000000026, gap_m: -7.257109130937986e-19, body_face: [10, 7, 11], obstacle_face_index: 1308, body_weights: [0.06675196682674117, 0.5146009891873761, 0.41864704398588276], obstacle_weights: [1.0, 0.0, 0.0] })) nearest_local=Ok(Some(PrescribedContactFeature { distance_m: 9.999999999997215e-5, gap_m: -2.7699965355387664e-17, body_face: [10, 7, 11], obstacle_face_index: 1308, body_weights: [0.06675196682674106, 0.5146009891873762, 0.41864704398588276], obstacle_weights: [1.0, 0.0, 0.0] }))
IMPLICIT_TERMINAL_GEOMETRY dt=5.20833333333333326e-4 body_start=[[-0.10275690588456332, 0.6032858961748052, -0.10360133604690779], [-0.015479839871906233, 0.5900359312480206, -0.09490928183394712], [-0.17873277439457808, 0.6257492360233485, -0.10983259263450258], [-0.08714103685374122, 0.6795589052138702, -0.019719449211649476], [-0.08467125279651176, 0.5966102686498108, -0.17944851216802282], [-0.11276245337145208, 0.5588276718515371, -0.06893142365369079], [-0.08430773850276081, 0.6957625838115974, -0.12951197898273825], [-0.019321474215014244, 0.6257058533620175, -0.0463821728020302], [-0.0982909108142324, 0.628249545862827, -0.031741298215610454], [-0.04878514759435346, 0.5502006864602286, -0.07488585945312941], [-0.09537010977120652, 0.6651089104893396, -0.0803471976985648], [-0.024009472320633166, 0.6362508747283288, -0.11894673685294957], [-0.029495942583715483, 0.5709153168601427, -0.15370833581139454], [-0.10328180952275287, 0.5471952901274991, -0.1513956774824911], [-0.08255137275563859, 0.6518642244974836, -0.15838900318214172], [-0.17050764148616732, 0.6583389669767518, -0.05436097038886933], [-0.1736236542393533, 0.5761131336733852, -0.08785073387378742], [-0.15824746182274627, 0.6650548989710695, -0.13602723037531392], [-0.15125549378967632, 0.6007757624017597, -0.17252503457914992]] body_end=[[-0.10259334111182856, 0.6033229517940897, -0.10362989069428262], [-0.015235607856835738, 0.5901753420815298, -0.09476884569207161], [-0.1790498175822987, 0.6256380310732166, -0.11013913645259812], [-0.087147770861926, 0.6795154244254431, -0.019691747557328276], [-0.08468083046648789, 0.5966315833299629, -0.17945443640586656], [-0.11282840295223345, 0.5588298454343795, -0.06901688204693239], [-0.08431584258159286, 0.6957636080000758, -0.12947770753000104], [-0.019160769109673643, 0.6257707085211989, -0.04610865565277629], [-0.09813125790358326, 0.6281761161554608, -0.031873224127504554], [-0.04878175658464667, 0.5503234859593289, -0.07497302730302119], [-0.0952907410953667, 0.6651255352787436, -0.08061733664465953], [-0.02379627262347338, 0.6363306124565044, -0.11903095513548737], [-0.029512576960581894, 0.5710134665560196, -0.1538040471513324], [-0.103330234702505, 0.5470914088065165, -0.15140801230913462], [-0.08293166724229639, 0.6517393520227477, -0.1584075432531343], [-0.17030979727103984, 0.6585357251754392, -0.054242597585965634], [-0.17365663604641013, 0.5760215645753887, -0.08764394807749457], [-0.15818633812312338, 0.6649079470694758, -0.13599153127200345], [-0.15119820637477543, 0.600717847016089, -0.17262094217942725]] nearest_end=Ok(Some(PrescribedContactFeature { distance_m: 0.00010000000000000188, gap_m: 1.878981798625694e-18, body_face: [3, 10, 15], obstacle_face_index: 3062, body_weights: [0.010830002210787892, 0.9891699977892121, 0.0], obstacle_weights: [0.20938190352830519, 0.0, 0.7906180964716948] })) obstacle_triangle_end=Some([[-0.1277914496499231, 0.6736135710453107, -0.05426188485055275], [-0.12428543273192473, 0.6994038172510587, -0.049267192076657376], [-0.08656457612916564, 0.6631974012775993, -0.08679252209707465]])
IMPLICIT_FRAME_GEOMETRY dt=5.20833333333333326e-4 world_body=[[-0.10259334111182856, 0.6033229517940897, -0.10362989069428262], [-0.015235607856835738, 0.5901753420815298, -0.09476884569207161], [-0.1790498175822987, 0.6256380310732166, -0.11013913645259812], [-0.087147770861926, 0.6795154244254431, -0.019691747557328276], [-0.08468083046648789, 0.5966315833299629, -0.17945443640586656], [-0.11282840295223345, 0.5588298454343795, -0.06901688204693239], [-0.08431584258159286, 0.6957636080000758, -0.12947770753000104], [-0.019160769109673643, 0.6257707085211989, -0.04610865565277629], [-0.09813125790358326, 0.6281761161554608, -0.031873224127504554], [-0.04878175658464667, 0.5503234859593289, -0.07497302730302119], [-0.0952907410953667, 0.6651255352787436, -0.08061733664465953], [-0.02379627262347338, 0.6363306124565044, -0.11903095513548737], [-0.029512576960581894, 0.5710134665560196, -0.1538040471513324], [-0.103330234702505, 0.5470914088065165, -0.15140801230913462], [-0.08293166724229639, 0.6517393520227477, -0.1584075432531343], [-0.17030979727103984, 0.6585357251754392, -0.054242597585965634], [-0.17365663604641013, 0.5760215645753887, -0.08764394807749457], [-0.15818633812312338, 0.6649079470694758, -0.13599153127200345], [-0.15119820637477543, 0.600717847016089, -0.17262094217942725]] local_body=[[0.00016356477273475506, 3.7055619284491394e-5, -2.8554647374829367e-5], [0.08752129802772758, -0.013110554093275438, 0.008832490354836168], [-0.0762929116977354, 0.022352134898411393, -0.006537800405690342], [0.015609135022637319, 0.07622952825063789, 0.08390958848957951], [0.018076075418075432, -0.006654312844842303, -0.07585310035895877], [-0.010071497067670137, -0.04445605074042573, 0.034584453999975395], [0.018441063302970462, 0.09247771182527054, -0.025876371483093255], [0.08359613677488967, 0.02248481234639368, 0.057492680394131496], [0.004625647980980057, 0.02489021998065553, 0.07172811191940322], [0.053975149299916654, -0.05296241021547634, 0.0286283087438866], [0.007466164789196622, 0.061839639103938464, 0.022983999402248247], [0.07896063326108994, 0.033044716281699145, -0.015429619088579578], [0.07324432892398142, -0.03227242961878565, -0.05020271110442462], [-0.0005733288179416803, -0.056194487368288686, -0.04780667626222684], [0.019825238642266926, 0.048453455847942445, -0.054806207206226525], [-0.06755289138647652, 0.055249829000634, 0.04935873846094215], [-0.07089973016184682, -0.02726433159941659, 0.015957387969413213], [-0.05542943223856006, 0.06162205089467056, -0.03239019522509565], [-0.048441300490212114, -0.002568049158716235, -0.06901960613251948]] world_obstacle=Some([[-0.1277914496499231, 0.6736135710453107, -0.05426188485055275], [-0.12428543273192473, 0.6994038172510587, -0.049267192076657376], [-0.08656457612916564, 0.6631974012775993, -0.08679252209707465]]) local_obstacle=Some([[-0.025034543765359768, 0.07032767487050551, 0.049339451196355036], [-0.02152852684736141, 0.0961179210762535, 0.05433414397025041], [0.01619232975539768, 0.05991150510279408, 0.016808813949833135]]) nearest_world=Ok(Some(PrescribedContactFeature { distance_m: 0.00010000000000000188, gap_m: 1.878981798625694e-18, body_face: [3, 10, 15], obstacle_face_index: 3062, body_weights: [0.010830002210787892, 0.9891699977892121, 0.0], obstacle_weights: [0.20938190352830519, 0.0, 0.7906180964716948] })) nearest_local=Ok(Some(PrescribedContactFeature { distance_m: 9.999999999995367e-5, gap_m: -4.6342223195478114e-17, body_face: [10, 3, 7], obstacle_face_index: 3062, body_weights: [0.9891699977892124, 0.010830002210787552, 0.0], obstacle_weights: [0.209381903528305, 0.0, 0.790618096471695] }))
WIDE_IMPORTED_CONTACT_COMMITTED step=120
IMPLICIT_TERMINAL_GEOMETRY dt=2.60416666666666663e-4 body_start=[[-0.10036455917179635, 0.6026723056631716, -0.10593473205798559], [-0.013841845262208722, 0.5885292090035232, -0.09606962969793297], [-0.18093338138085563, 0.6240718323810757, -0.10820577908156523], [-0.08734845706377602, 0.6781899816018502, -0.0188437932296789], [-0.08492595314267143, 0.5973063836604559, -0.17962919466480864], [-0.10972694741581673, 0.5621729293577064, -0.06736504048935345], [-0.08453508619079064, 0.6958068445927706, -0.1284189972772197], [-0.019780842382204757, 0.622372965156003, -0.0459604759660914], [-0.09685514586118575, 0.6288409041365586, -0.029878289246131794], [-0.046937600820021554, 0.5498158277661758, -0.07696501159531131], [-0.09268690434521892, 0.6625287495708033, -0.08242479832463227], [-0.019191347624214473, 0.6334360244685556, -0.12080871455959714], [-0.02773700839894214, 0.5714683126209105, -0.15583459950127482], [-0.09876671619282731, 0.5439154220533576, -0.15148456369398988], [-0.08336326557312103, 0.6533851425889279, -0.15750970564216635], [-0.16804083060078642, 0.6574416015627085, -0.05273314034455338], [-0.16999922047391824, 0.5766882024862442, -0.08568339397382366], [-0.1623170329379889, 0.6609707533014545, -0.13561865475977838], [-0.1519055863876496, 0.5964086069520862, -0.17241685570613893]] body_end=[[-0.10033426159536783, 0.6026362394474368, -0.10598416566735427], [-0.01381593229207577, 0.5885964783157005, -0.09614529594308736], [-0.18100270643995436, 0.6241292320478123, -0.10810424475532286], [-0.08735175519271624, 0.6781671438188319, -0.01882905175193613], [-0.08492839271270715, 0.5973189871442247, -0.1796322106074153], [-0.10960483872501728, 0.5621540205716072, -0.06743354894535575], [-0.08453781662350959, 0.6958081390952058, -0.128400328716327], [-0.019825856927191673, 0.622307120127432, -0.04596282948331908], [-0.09679735657824827, 0.62880776271869, -0.02985967440269239], [-0.04687961661300965, 0.5498209924320284, -0.07693058704233388], [-0.09271572609857544, 0.6626568644509129, -0.08237360437049947], [-0.019144150830335716, 0.6335379547521561, -0.12081846787617545], [-0.027747967646472516, 0.5714649628315839, -0.15597313827473228], [-0.09870448120594587, 0.5439284807722353, -0.15144753077971698], [-0.08332608296863663, 0.6533581127172788, -0.15735098149348692], [-0.16808159867739259, 0.657375014463743, -0.05277491884591742], [-0.16991690358900516, 0.5765861172099183, -0.0856520759955372], [-0.1623148179637738, 0.6608929504397513, -0.1355997019439987], [-0.15193744983041255, 0.5963796095407768, -0.17234297505078852]] nearest_end=Ok(Some(PrescribedContactFeature { distance_m: 0.00010000117408387093, gap_m: 1.1740838725825197e-9, body_face: [3, 10, 15], obstacle_face_index: 3062, body_weights: [0.009458314811305213, 0.9905416851886948, 0.0], obstacle_weights: [0.14248424809258145, 0.0, 0.8575157519074186] })) obstacle_triangle_end=Some([[-0.12800088697723147, 0.6719012841658206, -0.05379085848155755], [-0.1244973612994513, 0.6975855654483074, -0.048775292659177544], [-0.08678711540459991, 0.6614048831970495, -0.08645013072044594]])
IMPLICIT_FRAME_GEOMETRY dt=2.60416666666666663e-4 world_body=[[-0.10033426159536783, 0.6026362394474368, -0.10598416566735427], [-0.01381593229207577, 0.5885964783157005, -0.09614529594308736], [-0.18100270643995436, 0.6241292320478123, -0.10810424475532286], [-0.08735175519271624, 0.6781671438188319, -0.01882905175193613], [-0.08492839271270715, 0.5973189871442247, -0.1796322106074153], [-0.10960483872501728, 0.5621540205716072, -0.06743354894535575], [-0.08453781662350959, 0.6958081390952058, -0.128400328716327], [-0.019825856927191673, 0.622307120127432, -0.04596282948331908], [-0.09679735657824827, 0.62880776271869, -0.02985967440269239], [-0.04687961661300965, 0.5498209924320284, -0.07693058704233388], [-0.09271572609857544, 0.6626568644509129, -0.08237360437049947], [-0.019144150830335716, 0.6335379547521561, -0.12081846787617545], [-0.027747967646472516, 0.5714649628315839, -0.15597313827473228], [-0.09870448120594587, 0.5439284807722353, -0.15144753077971698], [-0.08332608296863663, 0.6533581127172788, -0.15735098149348692], [-0.16808159867739259, 0.657375014463743, -0.05277491884591742], [-0.16991690358900516, 0.5765861172099183, -0.0856520759955372], [-0.1623148179637738, 0.6608929504397513, -0.1355997019439987], [-0.15193744983041255, 0.5963796095407768, -0.17234297505078852]] local_body=[[3.0297576428519583e-5, -3.606621573482254e-5, -4.9433609368678475e-5], [0.08654862687972058, -0.014075827347471166, 0.009789436114898223], [-0.08063814726815803, 0.021456926384640664, -0.0021695126973372684], [0.013012803979080112, 0.07549483815566027, 0.08710568030604945], [0.015436166459089198, -0.005353318518946937, -0.0736974785494297], [-0.009240279553220937, -0.04051828509156446, 0.03850118311262985], [0.015826742548286754, 0.09313583343203413, -0.022465596658341414], [0.08053870224460467, 0.01963481446426032, 0.05997190257466651], [0.003567202593548073, 0.026135457055518386, 0.0760750576552932], [0.0534849425587867, -0.05285131323114322, 0.029004145015651708], [0.007648833073220906, 0.05998455878774118, 0.02356112768748612], [0.08122040834146063, 0.030865649088984468, -0.014883735818189865], [0.07261659152532383, -0.031207342831587808, -0.05003840621674667], [0.0016600779658504836, -0.058743824890936276, -0.045512798721731404], [0.017038476203159725, 0.050685807054107156, -0.05141624943550132], [-0.06771703950559625, 0.05470270880057136, 0.05315981321206817], [-0.0695523444172088, -0.026086188453253428, 0.020282656062448393], [-0.06195025879197747, 0.0582206447765796, -0.029664969886013116], [-0.05157289065861619, -0.006292696122394789, -0.06640824299280294]] world_obstacle=Some([[-0.12800088697723147, 0.6719012841658206, -0.05379085848155755], [-0.1244973612994513, 0.6975855654483074, -0.048775292659177544], [-0.08678711540459991, 0.6614048831970495, -0.08645013072044594]]) local_obstacle=Some([[-0.027636327805435124, 0.06922897850264897, 0.052143873576428044], [-0.02413280212765495, 0.09491325978513576, 0.05715943939880805], [0.01357744376719644, 0.05873257753387784, 0.019484601337539653]]) nearest_world=Ok(Some(PrescribedContactFeature { distance_m: 0.00010000117408387093, gap_m: 1.1740838725825197e-9, body_face: [3, 10, 15], obstacle_face_index: 3062, body_weights: [0.009458314811305213, 0.9905416851886948, 0.0], obstacle_weights: [0.14248424809258145, 0.0, 0.8575157519074186] })) nearest_local=Ok(Some(PrescribedContactFeature { distance_m: 0.00010000117408391835, gap_m: 1.174083918544723e-9, body_face: [10, 3, 7], obstacle_face_index: 3062, body_weights: [0.9905416851886946, 0.009458314811305386, 0.0], obstacle_weights: [0.14248424809258173, 0.0, 0.8575157519074182] }))
IMPLICIT_TERMINAL_GEOMETRY dt=2.60416666666666663e-4 body_start=[[-0.10027486757539994, 0.6024898877600218, -0.10619921962917786], [-0.013417508197565311, 0.5888636423927884, -0.09660192923183347], [-0.18110485746938687, 0.6241902526960659, -0.10783706156532659], [-0.08736494770847711, 0.6780757926867588, -0.01877008584096506], [-0.08493815099285004, 0.5973694010793004, -0.17964427437784183], [-0.10922908578761634, 0.5617423352272567, -0.06754110556916537], [-0.08454873835438542, 0.6958133171049465, -0.1283256544727563], [-0.019956056225975072, 0.6221865127309233, -0.04587544661005314], [-0.0965865538427019, 0.6288785646104159, -0.029950171185958444], [-0.04656673483755917, 0.5496551002745168, -0.07667302397353401], [-0.09290489773210388, 0.662302984575576, -0.08209260678516936], [-0.019003607860075773, 0.6341531242557442, -0.12076716561188043], [-0.02787584972053735, 0.5713250480540393, -0.15670808057298183], [-0.09849767553300115, 0.5442101268847727, -0.15134562621233363], [-0.08328236985240706, 0.653465717026998, -0.1565189619429221], [-0.168187849077541, 0.6569965482051483, -0.052911390889442945], [-0.16954097757517775, 0.5763905647412461, -0.08563634399114069], [-0.16221987605945826, 0.6605270889427598, -0.13548369198610566], [-0.15202947099748032, 0.5963044613691201, -0.17184003419575697]] body_end=[[-0.10026480670608535, 0.6024462481754382, -0.1062405804266904], [-0.01330788360146819, 0.5889239554543862, -0.09675210729523213], [-0.18111975555163054, 0.6241447345474557, -0.10780722561676372], [-0.08736824583741733, 0.6780529549037405, -0.018755344363222293], [-0.08494059056288578, 0.5973820045630692, -0.17964729032044846], [-0.10916018158515087, 0.5615703871026152, -0.06752384043407912], [-0.08455146878710437, 0.6958146116073817, -0.1283069859118636], [-0.019967472057377977, 0.6221669779456298, -0.04585673500672178], [-0.09654467973836667, 0.6289266011686029, -0.030006480682807174], [-0.04646336488239788, 0.549603152506923, -0.07659644980595072], [-0.09292671691122985, 0.662371626179378, -0.08212679119546681], [-0.018983745371224933, 0.6343209070618385, -0.12072080014111772], [-0.027915359368292657, 0.5712728911881484, -0.15690632468736115], [-0.09845749183883451, 0.544298426915659, -0.15133850343821267], [-0.08327944718799925, 0.6535429692536029, -0.1563333601832358], [-0.16821170837905397, 0.6568815651129832, -0.0529214912777861], [-0.1694460051708709, 0.5763794279541778, -0.0856479268672438], [-0.16219618090681104, 0.6604560951445919, -0.13545485678699137], [-0.1520635071255082, 0.5962896640272919, -0.17169549305790704]] nearest_end=Ok(Some(PrescribedContactFeature { distance_m: 0.000100000000000015, gap_m: 1.7291450491437206e-17, body_face: [10, 7, 11], obstacle_face_index: 1308, body_weights: [0.09224130705337968, 0.4939509874295769, 0.41380770551704343], obstacle_weights: [1.0, 0.0, 0.0] })) obstacle_triangle_end=Some([[-0.026248403819887474, 0.6309944558439827, -0.08016656987598621], [-0.02673664737827245, 0.6485713283369774, -0.09420688772625133], [0.03621605199248947, 0.6142307324441956, -0.08909350020244794]])
IMPLICIT_FRAME_GEOMETRY dt=2.60416666666666663e-4 world_body=[[-0.10026480670608535, 0.6024462481754382, -0.1062405804266904], [-0.01330788360146819, 0.5889239554543862, -0.09675210729523213], [-0.18111975555163054, 0.6241447345474557, -0.10780722561676372], [-0.08736824583741733, 0.6780529549037405, -0.018755344363222293], [-0.08494059056288578, 0.5973820045630692, -0.17964729032044846], [-0.10916018158515087, 0.5615703871026152, -0.06752384043407912], [-0.08455146878710437, 0.6958146116073817, -0.1283069859118636], [-0.019967472057377977, 0.6221669779456298, -0.04585673500672178], [-0.09654467973836667, 0.6289266011686029, -0.030006480682807174], [-0.04646336488239788, 0.549603152506923, -0.07659644980595072], [-0.09292671691122985, 0.662371626179378, -0.08212679119546681], [-0.018983745371224933, 0.6343209070618385, -0.12072080014111772], [-0.027915359368292657, 0.5712728911881484, -0.15690632468736115], [-0.09845749183883451, 0.544298426915659, -0.15133850343821267], [-0.08327944718799925, 0.6535429692536029, -0.1563333601832358], [-0.16821170837905397, 0.6568815651129832, -0.0529214912777861], [-0.1694460051708709, 0.5763794279541778, -0.0856479268672438], [-0.16219618090681104, 0.6604560951445919, -0.13545485678699137], [-0.1520635071255082, 0.5962896640272919, -0.17169549305790704]] local_body=[[1.0060869314581151e-5, -4.3639584583536546e-5, -4.1360797512549866e-5], [0.08696698397393175, -0.013565932305635488, 0.009447112333945724], [-0.0808448879762306, 0.02165484678743385, -0.001608005987585852], [0.012906621737982613, 0.07556306714371874, 0.08744387526595557], [0.015334277012514164, -0.005107883196952545, -0.0734480706912706], [-0.008885314009750931, -0.040919500657406516, 0.03867537919509873], [0.015723398788295567, 0.0933247238473599, -0.022107766282685737], [0.08030739551802196, 0.019677090185608044, 0.06034248462245608], [0.003730187837033273, 0.02643671340858113, 0.07619273894637069], [0.05381150269300206, -0.05288673525309868, 0.02960276982322714], [0.007348150664170091, 0.05988173841935622, 0.024072428433711046], [0.08129112220417502, 0.03183101930181681, -0.014521580511939854], [0.07235950820710729, -0.03121699657187341, -0.050707105058183294], [0.001817375736565436, -0.0581914608443628, -0.045139283809034814], [0.016995420387400685, 0.051053081493581114, -0.050134140554057925], [-0.06793684080365404, 0.05439167735296152, 0.05327772835139176], [-0.06917113759547097, -0.026110459805843905, 0.020551292761934053], [-0.06192131333141111, 0.057966207384570145, -0.029255637157813517], [-0.05178863955010827, -0.006200223732729853, -0.06549627342872918]] world_obstacle=Some([[-0.026248403819887474, 0.6309944558439827, -0.08016656987598621], [-0.02673664737827245, 0.6485713283369774, -0.09420688772625133], [0.03621605199248947, 0.6142307324441956, -0.08909350020244794]]) local_obstacle=Some([[0.07402646375551247, 0.028504568083960957, 0.026032649753191653], [0.0735382201971275, 0.04608144057695562, 0.011992331902926534], [0.13649091956788942, 0.011740844684173801, 0.01710571942672992]]) nearest_world=Ok(Some(PrescribedContactFeature { distance_m: 0.000100000000000015, gap_m: 1.7291450491437206e-17, body_face: [10, 7, 11], obstacle_face_index: 1308, body_weights: [0.09224130705337968, 0.4939509874295769, 0.41380770551704343], obstacle_weights: [1.0, 0.0, 0.0] })) nearest_local=Ok(Some(PrescribedContactFeature { distance_m: 9.999999999999132e-5, gap_m: -8.871789133556398e-18, body_face: [10, 7, 11], obstacle_face_index: 1308, body_weights: [0.0922413070533794, 0.493950987429577, 0.4138077055170436], obstacle_weights: [1.0, 0.0, 0.0] }))
IMPLICIT_TERMINAL_GEOMETRY dt=2.60416666666666663e-4 body_start=[[-0.10006070909617447, 0.6020737269564239, -0.1062716378703952], [-0.013340079085117869, 0.5887073966922792, -0.09798765656560507], [-0.18150000554373136, 0.6235279902853025, -0.10800286880235645], [-0.08739133273999886, 0.6778930904226126, -0.01865215401902292], [-0.08495766755313584, 0.5974702289494516, -0.1796684019186949], [-0.10861886081911627, 0.56050620642168, -0.06731235929284851], [-0.08457058181613708, 0.6958236731244279, -0.12817630598561483], [-0.020160000020414272, 0.6208357031022933, -0.04632427668679608], [-0.0965928379841141, 0.6287152960648528, -0.030202387013620546], [-0.04563751479841804, 0.5496379575759179, -0.07621243043757457], [-0.09307219775242694, 0.6621627362211655, -0.08263599976376258], [-0.01934054366778781, 0.6343071552947914, -0.12019411536447278], [-0.02810213752954993, 0.5709845504723681, -0.15796239071698173], [-0.09828061036374595, 0.5444606473969588, -0.15149511600390392], [-0.0830985890584457, 0.6542845681279839, -0.15630548042840486], [-0.16841628548251258, 0.6561049469843472, -0.05271983817689942], [-0.16896218408246644, 0.5760106734916011, -0.08551327765660818], [-0.16241767288451642, 0.6604840567062139, -0.1352532266095449], [-0.15266554430158286, 0.596156517456275, -0.1711181796753383]] body_end=[[-0.10002085815824274, 0.602016270874904, -0.1062557453808372], [-0.013431187547981402, 0.588532964835461, -0.09816307398039567], [-0.18154812170979126, 0.6234660097298749, -0.10806736264291102], [-0.08739463086893907, 0.6778702526395943, -0.01863741254128015], [-0.08496010712317156, 0.5974828324332204, -0.17967141786130153], [-0.10850717961453593, 0.5604595142787345, -0.06731875639028805], [-0.08457331224885603, 0.6958249676268631, -0.12815763742472214], [-0.020080641765270378, 0.6207062312229168, -0.046420470002594104], [-0.09666427803696122, 0.6285658531032562, -0.030171381524247268], [-0.04553657849705304, 0.5496749726300086, -0.07617661770663013], [-0.0930465124591353, 0.6622179963305975, -0.08264258720664616], [-0.019357558462069456, 0.6343330723234204, -0.12010854596775442], [-0.02811752553908893, 0.5709660318525102, -0.15805727580476125], [-0.09826824363288716, 0.544407574182291, -0.15153671710755054], [-0.08305618195083911, 0.6543559213036769, -0.15645283256815135], [-0.1684469536126188, 0.6560009409239002, -0.052684563194878485], [-0.168913479040461, 0.5758840565925858, -0.08545013881958408], [-0.16250415332665444, 0.6605225762283404, -0.135211269492003], [-0.15277911786744808, 0.5961452147134065, -0.17109740830547013]] nearest_end=Ok(Some(PrescribedContactFeature { distance_m: 0.00010000000000009468, gap_m: 9.468620148265147e-17, body_face: [10, 3, 7], obstacle_face_index: 3062, body_weights: [0.9824445166916289, 0.017555483308371048, 0.0], obstacle_weights: [0.1480957400127106, 0.0, 0.8519042599872894] })) obstacle_triangle_end=Some([[-0.1280468155313104, 0.6715261949381853, -0.05368991773331144], [-0.12454442966755519, 0.6971864763473021, -0.04866894550309582], [-0.08683912714268709, 0.661036123172938, -0.08638514462586058]])
IMPLICIT_FRAME_GEOMETRY dt=2.60416666666666663e-4 world_body=[[-0.10002085815824274, 0.602016270874904, -0.1062557453808372], [-0.013431187547981402, 0.588532964835461, -0.09816307398039567], [-0.18154812170979126, 0.6234660097298749, -0.10806736264291102], [-0.08739463086893907, 0.6778702526395943, -0.01863741254128015], [-0.08496010712317156, 0.5974828324332204, -0.17967141786130153], [-0.10850717961453593, 0.5604595142787345, -0.06731875639028805], [-0.08457331224885603, 0.6958249676268631, -0.12815763742472214], [-0.020080641765270378, 0.6207062312229168, -0.046420470002594104], [-0.09666427803696122, 0.6285658531032562, -0.030171381524247268], [-0.04553657849705304, 0.5496749726300086, -0.07617661770663013], [-0.0930465124591353, 0.6622179963305975, -0.08264258720664616], [-0.019357558462069456, 0.6343330723234204, -0.12010854596775442], [-0.02811752553908893, 0.5709660318525102, -0.15805727580476125], [-0.09826824363288716, 0.544407574182291, -0.15153671710755054], [-0.08305618195083911, 0.6543559213036769, -0.15645283256815135], [-0.1684469536126188, 0.6560009409239002, -0.052684563194878485], [-0.168913479040461, 0.5758840565925858, -0.08545013881958408], [-0.16250415332665444, 0.6605225762283404, -0.135211269492003], [-0.15277911786744808, 0.5961452147134065, -0.17109740830547013]] local_body=[[3.9850937931726216e-5, -5.745608152001907e-5, 1.5892489558014556e-5], [0.08662952154819306, -0.01354076212096293, 0.008108563889999526], [-0.0814874126136168, 0.021392282773450923, -0.001795724772515814], [0.012666078227235394, 0.07579652568317041, 0.08763422532911505], [0.015100601973002906, -0.0045908945232034926, -0.07339977999090633], [-0.008446470518361464, -0.04161421267768936, 0.03895288148010716], [0.015487396847318438, 0.09375124067043916, -0.021885999554326935], [0.07998006733090408, 0.018632504266492864, 0.0598511678678011], [0.0033964310592132455, 0.026492126146832284, 0.07610025634614793], [0.05452413059912143, -0.05239875432641528, 0.030095020163765075], [0.007014196637039169, 0.060144269374173664, 0.023629050663749037], [0.080703150634105, 0.032259345366996504, -0.013836908097359216], [0.07194318355708554, -0.031107695103913702, -0.05178563793436605], [0.0017924654632873079, -0.057666152774132874, -0.04526507923715533], [0.01700452714533536, 0.052282194347253, -0.05018119469775614], [-0.06838624451644433, 0.053927213967476254, 0.05358707467551672], [-0.06885276994428653, -0.02618967036383813, 0.020821499050811133], [-0.06244344423047997, 0.058448849271916486, -0.028939631621607773], [-0.052718408771273616, -0.0059285122430174355, -0.06482577043507493]] world_obstacle=Some([[-0.1280468155313104, 0.6715261949381853, -0.05368991773331144], [-0.12454442966755519, 0.6971864763473021, -0.04866894550309582], [-0.08683912714268709, 0.661036123172938, -0.08638514462586058]]) local_obstacle=Some([[-0.027986106435135924, 0.06945246798176141, 0.05258172013708376], [-0.02448372057138072, 0.09511274939087822, 0.05760269236729938], [0.013221581953487382, 0.05896239621651411, 0.01988649324453462]]) nearest_world=Ok(Some(PrescribedContactFeature { distance_m: 0.00010000000000009468, gap_m: 9.468620148265147e-17, body_face: [10, 3, 7], obstacle_face_index: 3062, body_weights: [0.9824445166916289, 0.017555483308371048, 0.0], obstacle_weights: [0.1480957400127106, 0.0, 0.8519042599872894] })) nearest_local=Ok(Some(PrescribedContactFeature { distance_m: 0.00010000000000004101, gap_m: 4.116782216315036e-17, body_face: [10, 3, 7], obstacle_face_index: 3062, body_weights: [0.982444516691629, 0.017555483308370954, 0.0], obstacle_weights: [0.14809574001271072, 0.0, 0.8519042599872892] }))
WIDE_IMPORTED_CONTACT_COMMITTED step=132
IMPLICIT_TERMINAL_GEOMETRY dt=2.60416666666666663e-4 body_start=[[-0.10123726356211549, 0.597863717426883, -0.10569006686178574], [-0.015020586603822822, 0.5822131197688586, -0.09917193375042813], [-0.17990691128083627, 0.616826432804826, -0.10375497047702012], [-0.08811097450285812, 0.6728148211576397, -0.015553126334364897], [-0.08548560166802696, 0.5998800703776984, -0.18009358966893108], [-0.10700060201218164, 0.5537870997232274, -0.0680607969681417], [-0.08518007289570168, 0.6957622718927068, -0.12413398155903729], [-0.018046738503696837, 0.6140171197753369, -0.048062257287981344], [-0.09460280206621866, 0.6225043609518539, -0.03066205093088369], [-0.04462238168727474, 0.5422810030414937, -0.07810024498103686], [-0.09584716480167696, 0.6565334953524086, -0.07992476231550381], [-0.0210887316846075, 0.6297351125741152, -0.12059743722714611], [-0.029755406412913517, 0.5693699674926735, -0.15993628442357166], [-0.09764614613026634, 0.5439439295356194, -0.1541919461644195], [-0.08401455253473629, 0.653397010238839, -0.15341735340692753], [-0.17132199836500353, 0.6452030834882396, -0.04762856321557381], [-0.16835717036713893, 0.5660422279063214, -0.08375172479356861], [-0.1615822193602248, 0.657946481325108, -0.12970715623597004], [-0.1535903337143598, 0.5954258188661865, -0.16923241197358926]] body_end=[[-0.10123738558491288, 0.5978226721588954, -0.1056945786337628], [-0.01505523603717261, 0.5821422970381052, -0.09899567340585025], [-0.17998073114968105, 0.617064156095971, -0.1037839685931929], [-0.08811438908192913, 0.6727902507660577, -0.015539354435007702], [-0.08548806862316144, 0.5998891358376248, -0.18009469547028867], [-0.10695450719535038, 0.5539217174471913, -0.06815879185046302], [-0.08518305018931861, 0.695759895296393, -0.1241154976682987], [-0.018012778548392627, 0.6140990477471909, -0.04804241019847524], [-0.09461820412573455, 0.6224661192153311, -0.030645751561473984], [-0.04472901664134512, 0.5422119243499859, -0.0780455780788142], [-0.0958332160540884, 0.6566183829068424, -0.07992936524687046], [-0.021065569090109624, 0.6296908367902254, -0.1205423558272689], [-0.02984098755400143, 0.5693494071459084, -0.1599033622458899], [-0.09769350478522121, 0.54400692472812, -0.15420970046686278], [-0.08405911073230664, 0.6533782019656817, -0.15339532019391447], [-0.17144025538166757, 0.6451826962746949, -0.04750281918220748], [-0.1683923431991057, 0.5659886617477602, -0.08380722929726259], [-0.16153222286512753, 0.6580057130185386, -0.12981207317472593], [-0.15351950450127472, 0.5954927594936664, -0.16939282920868698]] nearest_end=Ok(Some(PrescribedContactFeature { distance_m: 0.00010000000000000499, gap_m: 5.18046322533894e-18, body_face: [11, 6, 10], obstacle_face_index: 2478, body_weights: [0.10329096698692519, 0.030699764727160968, 0.8660092682859138], obstacle_weights: [1.0, 0.0, 0.0] })) obstacle_triangle_end=Some([[-0.08772923183210414, 0.6550946378346005, -0.08541815987873015], [-0.0835647379825378, 0.6708577802716693, -0.09722686718826448], [-0.027736926825140673, 0.6423906757875492, -0.09415537804386749]])
IMPLICIT_FRAME_GEOMETRY dt=2.60416666666666663e-4 world_body=[[-0.10123738558491288, 0.5978226721588954, -0.1056945786337628], [-0.01505523603717261, 0.5821422970381052, -0.09899567340585025], [-0.17998073114968105, 0.617064156095971, -0.1037839685931929], [-0.08811438908192913, 0.6727902507660577, -0.015539354435007702], [-0.08548806862316144, 0.5998891358376248, -0.18009469547028867], [-0.10695450719535038, 0.5539217174471913, -0.06815879185046302], [-0.08518305018931861, 0.695759895296393, -0.1241154976682987], [-0.018012778548392627, 0.6140990477471909, -0.04804241019847524], [-0.09461820412573455, 0.6224661192153311, -0.030645751561473984], [-0.04472901664134512, 0.5422119243499859, -0.0780455780788142], [-0.0958332160540884, 0.6566183829068424, -0.07992936524687046], [-0.021065569090109624, 0.6296908367902254, -0.1205423558272689], [-0.02984098755400143, 0.5693494071459084, -0.1599033622458899], [-0.09769350478522121, 0.54400692472812, -0.15420970046686278], [-0.08405911073230664, 0.6533782019656817, -0.15339532019391447], [-0.17144025538166757, 0.6451826962746949, -0.04750281918220748], [-0.1683923431991057, 0.5659886617477602, -0.08380722929726259], [-0.16153222286512753, 0.6580057130185386, -0.12981207317472593], [-0.15351950450127472, 0.5954927594936664, -0.16939282920868698]] local_body=[[-1.2202279740036422e-7, -4.1045267987633574e-5, -4.511771977068339e-6], [0.08618202752494288, -0.015721420388777937, 0.006694393455935494], [-0.07874346758756558, 0.019200438669087893, 0.0019060982685928324], [0.013122874480186356, 0.07492653333917465, 0.09015071242677804], [0.015749194938954048, 0.002025418410741775, -0.07440462860850293], [-0.0057172436332348885, -0.043941999979691754, 0.03753127501132273], [0.016054213372796874, 0.09789617786950999, -0.01842543080651296], [0.08322448501372286, 0.016235330320307904, 0.0576476566633105], [0.006619059436380949, 0.02460240178844804, 0.07504431530031176], [0.05650824692077037, -0.05565179307689715, 0.027644488782971544], [0.005404047508027083, 0.05875466547995939, 0.02576070161491529], [0.08017169447200587, 0.03182711936334232, -0.014852288965483155], [0.07139627600811405, -0.028514310280974585, -0.05421329538410418], [0.0035437587768942817, -0.05385679269876308, -0.04851963360507704], [0.01717815282980885, 0.055514484538798696, -0.04770525333212874], [-0.07020299181955209, 0.04731897884781184, 0.05818724767957826], [-0.06715507963699022, -0.031875055679122875, 0.02188283756452316], [-0.060294959303012055, 0.06014199559165556, -0.024122006312940182], [-0.05228224093915922, -0.002370957933216664, -0.06370276234690123]] world_obstacle=Some([[-0.08772923183210414, 0.6550946378346005, -0.08541815987873015], [-0.0835647379825378, 0.6708577802716693, -0.09722686718826448], [-0.027736926825140673, 0.6423906757875492, -0.09415537804386749]]) local_obstacle=Some([[0.013508031730011347, 0.05723092040771749, 0.020271906983055588], [0.017672525579577686, 0.07299406284478627, 0.008463199673521257], [0.07350033673697481, 0.04452695836066611, 0.011534688817918248]]) nearest_world=Ok(Some(PrescribedContactFeature { distance_m: 0.00010000000000000499, gap_m: 5.18046322533894e-18, body_face: [11, 6, 10], obstacle_face_index: 2478, body_weights: [0.10329096698692519, 0.030699764727160968, 0.8660092682859138], obstacle_weights: [1.0, 0.0, 0.0] })) nearest_local=Ok(Some(PrescribedContactFeature { distance_m: 9.999999999997703e-5, gap_m: -2.0556716690921084e-17, body_face: [11, 6, 10], obstacle_face_index: 2478, body_weights: [0.10329096698692541, 0.03069976472716048, 0.8660092682859141], obstacle_weights: [1.0, 0.0, 0.0] }))
IMPLICIT_TERMINAL_GEOMETRY dt=5.20833333333333326e-4 body_start=[[-0.10232232759547832, 0.5964021261547706, -0.10466855950980326], [-0.014989517335665939, 0.5807797389665343, -0.09714085828664555], [-0.1789954955896424, 0.617972407643448, -0.10644443105996174], [-0.08827494383396586, 0.6716323907866436, -0.014890258011108853], [-0.08560423543703885, 0.6003153515707108, -0.1801375801760621], [-0.10988034240581104, 0.5500195048876374, -0.07196007151310164], [-0.08532317738388222, 0.695644112628878, -0.12324015083563197], [-0.01778138118284142, 0.6139988207402217, -0.045749458952312846], [-0.09613591430329314, 0.6217786840165983, -0.02996658230757153], [-0.04821668207234019, 0.5418502958072935, -0.07780818643263321], [-0.09688947220938446, 0.6553820152127071, -0.07908261006966498], [-0.02221937366861099, 0.626634367604185, -0.11893511968575826], [-0.03248939480540915, 0.5674937515322691, -0.1592251281026703], [-0.10435701357374294, 0.5449809356349341, -0.15846591192618475], [-0.08568828338811552, 0.6548174423188428, -0.1520188797665473], [-0.17185906113068808, 0.6475079727601211, -0.04859984222201922], [-0.17017270048710859, 0.5663038123034652, -0.08691840122917434], [-0.16202240222365402, 0.6599073933095352, -0.13126874215015963], [-0.15140778956017864, 0.5994229749539179, -0.17299022636852962]] body_end=[[-0.10238741956221459, 0.5964062269195816, -0.10464447801696414], [-0.015110624815023739, 0.5805629221996045, -0.09722143382125271], [-0.17891831311842182, 0.6178921703900626, -0.10630108275158573], [-0.08828177929661732, 0.6715829723252336, -0.014862549457421659], [-0.08560918933388005, 0.6003334938256424, -0.1801389655836256], [-0.11014926419295949, 0.5497925194759696, -0.07208496168126276], [-0.0853291496174647, 0.6956389873341968, -0.12320258328417122], [-0.018172564382456312, 0.61418409253764, -0.04573259851876578], [-0.09619742949774354, 0.621733235276731, -0.0299891837849628], [-0.04831645280404745, 0.541746025428631, -0.07785327880219772], [-0.09700485670901754, 0.6554241015613376, -0.07902450635624088], [-0.02219316146019317, 0.6266902581668311, -0.11884341264885659], [-0.032763467810052654, 0.56755827208928, -0.1593031200347194], [-0.10444410821133682, 0.5452239491471356, -0.1586330798013144], [-0.08566316036642918, 0.6546839434191901, -0.1520339497448871], [-0.17202120099996954, 0.6475031438906679, -0.048928064334880506], [-0.17016733248540472, 0.5665156581998604, -0.08710225795391022], [-0.16197706466300246, 0.6598644756650727, -0.13125395532459275], [-0.15136324805663137, 0.5995609465291516, -0.1729870881316562]] nearest_end=Ok(Some(PrescribedContactFeature { distance_m: 0.00010000000008041998, gap_m: 8.041737885475696e-14, body_face: [10, 7, 11], obstacle_face_index: 1308, body_weights: [0.09635049840543042, 0.47412970681041566, 0.4295197947841539], obstacle_weights: [1.0, 0.0, 0.0] })) obstacle_triangle_end=Some([[-0.027453471221111858, 0.6236192430430282, -0.0803297204761117], [-0.027974945766812413, 0.6411526509014818, -0.09419403680472396], [0.034665985192759936, 0.6086058672290242, -0.09095095458288519]])
IMPLICIT_FRAME_GEOMETRY dt=5.20833333333333326e-4 world_body=[[-0.10238741956221459, 0.5964062269195816, -0.10464447801696414], [-0.015110624815023739, 0.5805629221996045, -0.09722143382125271], [-0.17891831311842182, 0.6178921703900626, -0.10630108275158573], [-0.08828177929661732, 0.6715829723252336, -0.014862549457421659], [-0.08560918933388005, 0.6003334938256424, -0.1801389655836256], [-0.11014926419295949, 0.5497925194759696, -0.07208496168126276], [-0.0853291496174647, 0.6956389873341968, -0.12320258328417122], [-0.018172564382456312, 0.61418409253764, -0.04573259851876578], [-0.09619742949774354, 0.621733235276731, -0.0299891837849628], [-0.04831645280404745, 0.541746025428631, -0.07785327880219772], [-0.09700485670901754, 0.6554241015613376, -0.07902450635624088], [-0.02219316146019317, 0.6266902581668311, -0.11884341264885659], [-0.032763467810052654, 0.56755827208928, -0.1593031200347194], [-0.10444410821133682, 0.5452239491471356, -0.1586330798013144], [-0.08566316036642918, 0.6546839434191901, -0.1520339497448871], [-0.17202120099996954, 0.6475031438906679, -0.048928064334880506], [-0.17016733248540472, 0.5665156581998604, -0.08710225795391022], [-0.16197706466300246, 0.6598644756650727, -0.13125395532459275], [-0.15136324805663137, 0.5995609465291516, -0.1729870881316562]] local_body=[[-6.509196673626274e-5, 4.100764810921737e-6, 2.408149283912097e-5], [0.08721170278045459, -0.01583920395516613, 0.007447125688550549], [-0.0765959855229435, 0.021490044235292043, -0.0016325232417824598], [0.014040548298861005, 0.07518084617046294, 0.0898060100523816], [0.016713138261598273, 0.003931367670871766, -0.07547040607382234], [-0.007826936597481165, -0.046609606678801, 0.032583597828540506], [0.016993177978013627, 0.0992368611794262, -0.018534023774367955], [0.08414976321302202, 0.017781966382869375, 0.058935960991037484], [0.00612489809773478, 0.025331109121960314, 0.07467937572484046], [0.054005874791430875, -0.054656100726139537, 0.02681528070760554], [0.0053174708864607845, 0.059021975406567, 0.02564405315356239], [0.08012916613528516, 0.03028813201206053, -0.01417485313905332], [0.06955885978542567, -0.028843854065490632, -0.05463456052491612], [-0.002121780615858491, -0.051178177007635085, -0.053964520291511116], [0.016659167229049147, 0.05828181726441955, -0.04736539023508385], [-0.06969887340449121, 0.05110101773589722, 0.05574049517492276], [-0.06784500488992638, -0.02988646795491026, 0.017566301555893043], [-0.059654737067524145, 0.063462349510302, -0.02658539581478949], [-0.049040920461153055, 0.0031588203743809964, -0.06831852862185293]] world_obstacle=Some([[-0.027453471221111858, 0.6236192430430282, -0.0803297204761117], [-0.027974945766812413, 0.6411526509014818, -0.09419403680472396], [0.034665985192759936, 0.6086058672290242, -0.09095095458288519]]) local_obstacle=Some([[0.07486885637436647, 0.027217116888257564, 0.024338839033691564], [0.0743473818286659, 0.04475052474671115, 0.0104745227050793], [0.13698831278823825, 0.012203741074253593, 0.013717604926918078]]) nearest_world=Ok(Some(PrescribedContactFeature { distance_m: 0.00010000000008041998, gap_m: 8.041737885475696e-14, body_face: [10, 7, 11], obstacle_face_index: 1308, body_weights: [0.09635049840543042, 0.47412970681041566, 0.4295197947841539], obstacle_weights: [1.0, 0.0, 0.0] })) nearest_local=Ok(Some(PrescribedContactFeature { distance_m: 0.00010000000008037328, gap_m: 8.037488029137329e-14, body_face: [10, 7, 11], obstacle_face_index: 1308, body_weights: [0.09635049840543025, 0.4741297068104158, 0.429519794784154], obstacle_weights: [1.0, 0.0, 0.0] }))
IMPLICIT_TERMINAL_GEOMETRY dt=5.20833333333333326e-4 body_start=[[-0.10509121354080526, 0.5953870892213248, -0.10453632616475336], [-0.02053333114778352, 0.5793935639314857, -0.10042581828463173], [-0.18275955746681624, 0.6186380238524944, -0.1094619293050547], [-0.08844650830108013, 0.6703491581241517, -0.014211217174322222], [-0.08572829316897841, 0.600705997101928, -0.18017020102889406], [-0.11369196193786478, 0.5491641949583729, -0.07309375388421704], [-0.08547488204732073, 0.6954550081494102, -0.1223123031831933], [-0.0210677111589676, 0.6123052087588858, -0.0469659360457831], [-0.09832960802729722, 0.619713336847287, -0.03013389296855574], [-0.05174473160072312, 0.5390980758008345, -0.08122142091555427], [-0.09748703126009363, 0.6540728048294165, -0.07903610084331288], [-0.02373173714284231, 0.627493713498219, -0.11842620901464235], [-0.03330047002649979, 0.5676313773369139, -0.16161457387975475], [-0.10357688157314224, 0.545508527736808, -0.1601263761579888], [-0.08319276539873148, 0.6528494135946787, -0.15062180956704851], [-0.17250733477667143, 0.6459602917985223, -0.05289241843064414], [-0.174068677049923, 0.5655673467950252, -0.08843215004358186], [-0.1636541488058808, 0.6612804782485797, -0.13239435133027494], [-0.15350024933439566, 0.5990037351291557, -0.17222286719074148]] body_end=[[-0.10522679937134917, 0.5953856799291242, -0.104549329120475], [-0.020534378930917075, 0.5794342068943236, -0.10064504058321595], [-0.18277834297982232, 0.6187691512027206, -0.10954913794656429], [-0.08845286959207108, 0.670299876961251, -0.014186698356488558], [-0.08573288108528554, 0.6007179035373945, -0.18017135651036859], [-0.11380273213811405, 0.5491979202933593, -0.0730851250647983], [-0.08548057818445048, 0.695445600803197, -0.12227852106495363], [-0.02104428310201381, 0.6122070661128576, -0.04687339480794436], [-0.09846454795048233, 0.6197039154432822, -0.03032313041950087], [-0.05181721042861274, 0.5388954410050844, -0.08125214781184606], [-0.09758551730758872, 0.6541975722477225, -0.07905773845161128], [-0.023732105441095934, 0.6276089265736576, -0.11855427949574238], [-0.03319697906737127, 0.5677172212116383, -0.161679673206074], [-0.10369890607056223, 0.5453639816216023, -0.16013547368655884], [-0.08335556368784242, 0.6529595096764453, -0.15062690319439703], [-0.17244378579713288, 0.6458045909564161, -0.0529748331315258], [-0.17415760342564823, 0.5656268391610951, -0.08852335160458903], [-0.16358256194222986, 0.6612184502650882, -0.13226556100710157], [-0.1538027827468156, 0.5987882871259208, -0.1721856937881397]] nearest_end=Ok(Some(PrescribedContactFeature { distance_m: 0.00010000000000001903, gap_m: 1.903075195671882e-17, body_face: [10, 3, 7], obstacle_face_index: 3062, body_weights: [0.9756900766657665, 0.024309923334233582, 0.0], obstacle_weights: [0.22425086161883312, 0.0, 0.7757491383811669] })) obstacle_triangle_end=Some([[-0.12918763208017076, 0.6622757211410542, -0.051370046189234006], [-0.12572066524003087, 0.6873711902601127, -0.04622204790019668], [-0.08816001586106498, 0.6524918982610999, -0.08506026877656123]])
IMPLICIT_FRAME_GEOMETRY dt=5.20833333333333326e-4 world_body=[[-0.10522679937134917, 0.5953856799291242, -0.104549329120475], [-0.020534378930917075, 0.5794342068943236, -0.10064504058321595], [-0.18277834297982232, 0.6187691512027206, -0.10954913794656429], [-0.08845286959207108, 0.670299876961251, -0.014186698356488558], [-0.08573288108528554, 0.6007179035373945, -0.18017135651036859], [-0.11380273213811405, 0.5491979202933593, -0.0730851250647983], [-0.08548057818445048, 0.695445600803197, -0.12227852106495363], [-0.02104428310201381, 0.6122070661128576, -0.04687339480794436], [-0.09846454795048233, 0.6197039154432822, -0.03032313041950087], [-0.05181721042861274, 0.5388954410050844, -0.08125214781184606], [-0.09758551730758872, 0.6541975722477225, -0.07905773845161128], [-0.023732105441095934, 0.6276089265736576, -0.11855427949574238], [-0.03319697906737127, 0.5677172212116383, -0.161679673206074], [-0.10369890607056223, 0.5453639816216023, -0.16013547368655884], [-0.08335556368784242, 0.6529595096764453, -0.15062690319439703], [-0.17244378579713288, 0.6458045909564161, -0.0529748331315258], [-0.17415760342564823, 0.5656268391610951, -0.08852335160458903], [-0.16358256194222986, 0.6612184502650882, -0.13226556100710157], [-0.1538027827468156, 0.5987882871259208, -0.1721856937881397]] local_body=[[-0.00013558583054390562, -1.4092922006260741e-6, -1.3002955721639072e-5], [0.08455683460988819, -0.0159528823270012, 0.003891285581537413], [-0.07768712943901705, 0.023382061981395814, -0.0050128117818109335], [0.01663834394873419, 0.07491278773992627, 0.0903496278082648], [0.019358332455519725, 0.005330814316069743, -0.07563503034561522], [-0.008711518597308787, -0.0461891689279654, 0.031451201099955056], [0.01961063535635478, 0.10005851158187218, -0.017742194900200264], [0.08404693043879147, 0.016819976891532817, 0.057662931356809], [0.006626665590322935, 0.024316826221957417, 0.0742131957452525], [0.053274003112192526, -0.05649164821624041, 0.02328417835290731], [0.007505696233216543, 0.05881048302639774, 0.025478587713142084], [0.08135910809970934, 0.03222183735233281, -0.01401795333098901], [0.071894234473434, -0.027669868009686537, -0.057143347041320625], [0.0013923074702430383, -0.05002310759972254, -0.05559914752180549], [0.021735649852962845, 0.05757242045512057, -0.04609057702964368], [-0.06735257225632761, 0.05041750173509133, 0.05156149303322756], [-0.06906638988484297, -0.029760250060229587, 0.016012974560164324], [-0.058491348401424614, 0.06583136104376343, -0.027729234842348207], [-0.04871156920601035, 0.0034011979045959853, -0.06764936762338632]] world_obstacle=Some([[-0.12918763208017076, 0.6622757211410542, -0.051370046189234006], [-0.12572066524003087, 0.6873711902601127, -0.04622204790019668], [-0.08816001586106498, 0.6524918982610999, -0.08506026877656123]]) local_obstacle=Some([[-0.02409641853936549, 0.06688863191972938, 0.05316627997551936], [-0.0206294516992256, 0.09198410103878796, 0.05831427826455668], [0.016931197679740287, 0.057104809039775106, 0.019476057388192136]]) nearest_world=Ok(Some(PrescribedContactFeature { distance_m: 0.00010000000000001903, gap_m: 1.903075195671882e-17, body_face: [10, 3, 7], obstacle_face_index: 3062, body_weights: [0.9756900766657665, 0.024309923334233582, 0.0], obstacle_weights: [0.22425086161883312, 0.0, 0.7757491383811669] })) nearest_local=Ok(Some(PrescribedContactFeature { distance_m: 9.999999999996673e-5, gap_m: -3.3279573196260516e-17, body_face: [10, 3, 7], obstacle_face_index: 3062, body_weights: [0.9756900766657665, 0.024309923334233523, 0.0], obstacle_weights: [0.2242508616188334, 0.0, 0.7757491383811665] }))
IMPLICIT_TERMINAL_GEOMETRY dt=2.60416666666666663e-4 body_start=[[-0.10587837409994251, 0.595368595202597, -0.1059386317961033], [-0.019834436721770106, 0.5798587004884727, -0.09969434423738906], [-0.18205339370752624, 0.6158835502295114, -0.10894922525300073], [-0.08854831115388057, 0.6695592935317595, -0.013818135199705206], [-0.08580178748827716, 0.600896491591984, -0.18018465537570977], [-0.11596722782686085, 0.5504778156977369, -0.07357265484594096], [-0.0855660894880632, 0.6953026284917783, -0.1217688921219646], [-0.02072627889914474, 0.6109582196770574, -0.04830084109215186], [-0.1003637126316568, 0.6185587065979605, -0.032416145830716954], [-0.052390479314760124, 0.5388285476346711, -0.08270859416456884], [-0.09746077983993437, 0.653459193123582, -0.07863004705174613], [-0.025523791406129, 0.6279878264122184, -0.12025306912079514], [-0.03134525380411301, 0.5681127476951519, -0.16000280301575567], [-0.10308392070132288, 0.5458492745175377, -0.1604553576947211], [-0.08559965745620744, 0.6544576870441782, -0.1519061886549325], [-0.1746574167652645, 0.6446757760856564, -0.05173193868451414], [-0.17724159862895014, 0.5648668624287018, -0.08783188249464836], [-0.16310883854752461, 0.6603963616046276, -0.13179106720812278], [-0.15328626647322496, 0.5980849853957007, -0.172414610152303]] body_end=[[-0.10588143532849664, 0.5953984956537947, -0.10597492512228708], [-0.019770115338268057, 0.5796958875662148, -0.09964441892542555], [-0.18210373795459195, 0.6158141601871653, -0.10907201125742921], [-0.08855149303096592, 0.6695345770336514, -0.013805832457967793], [-0.08580408631436377, 0.6009024441915892, -0.18018500904160387], [-0.11599509759410911, 0.5504400092069818, -0.07359820846002113], [-0.08556894140062722, 0.6952978212619583, -0.12175184017701131], [-0.02073620099256598, 0.6108685069594227, -0.04839995150244276], [-0.10045870639987321, 0.6185512680255236, -0.03253119156483331], [-0.052370868009262814, 0.5388929571915786, -0.08270546963163396], [-0.09750591258132228, 0.6534900130816211, -0.07865512454422309], [-0.025532524331466286, 0.6280209803818355, -0.12017953136119298], [-0.031330545047509664, 0.5680885422593812, -0.16005387642613034], [-0.10307297496975841, 0.545784399776663, -0.16050398116578524], [-0.0857517887122235, 0.6545049221468622, -0.15205135723670257], [-0.17463251018779585, 0.6446010452443482, -0.05161004517971221], [-0.17733477863439434, 0.5648337044683941, -0.08778831172311725], [-0.16309230696595506, 0.6603347536901975, -0.1316920088253776], [-0.15324935278897966, 0.5980930090506063, -0.17248116096484645]] nearest_end=Ok(Some(PrescribedContactFeature { distance_m: 0.00010000000000002512, gap_m: 2.5120153307806783e-17, body_face: [10, 3, 7], obstacle_face_index: 3062, body_weights: [0.9819559447590273, 0.018044055240972714, 0.0], obstacle_weights: [0.22082063934777568, 0.0, 0.7791793606522244] })) obstacle_triangle_end=Some([[-0.12929653210345243, 0.6613813354930838, -0.05117335093774915], [-0.12583421257124489, 0.6864261650029022, -0.046011426843464126], [-0.08828557982985552, 0.6517495827344125, -0.08497299904198022]])
IMPLICIT_FRAME_GEOMETRY dt=2.60416666666666663e-4 world_body=[[-0.10588143532849664, 0.5953984956537947, -0.10597492512228708], [-0.019770115338268057, 0.5796958875662148, -0.09964441892542555], [-0.18210373795459195, 0.6158141601871653, -0.10907201125742921], [-0.08855149303096592, 0.6695345770336514, -0.013805832457967793], [-0.08580408631436377, 0.6009024441915892, -0.18018500904160387], [-0.11599509759410911, 0.5504400092069818, -0.07359820846002113], [-0.08556894140062722, 0.6952978212619583, -0.12175184017701131], [-0.02073620099256598, 0.6108685069594227, -0.04839995150244276], [-0.10045870639987321, 0.6185512680255236, -0.03253119156483331], [-0.052370868009262814, 0.5388929571915786, -0.08270546963163396], [-0.09750591258132228, 0.6534900130816211, -0.07865512454422309], [-0.025532524331466286, 0.6280209803818355, -0.12017953136119298], [-0.031330545047509664, 0.5680885422593812, -0.16005387642613034], [-0.10307297496975841, 0.545784399776663, -0.16050398116578524], [-0.0857517887122235, 0.6545049221468622, -0.15205135723670257], [-0.17463251018779585, 0.6446010452443482, -0.05161004517971221], [-0.17733477863439434, 0.5648337044683941, -0.08778831172311725], [-0.16309230696595506, 0.6603347536901975, -0.1316920088253776], [-0.15324935278897966, 0.5980930090506063, -0.17248116096484645]] local_body=[[-3.0612285541301467e-6, 2.9900451197668544e-5, -3.6293326183777016e-5], [0.08610825876167444, -0.01567270763638223, 0.00629421287067774], [-0.07622536385464942, 0.02044556498456834, -0.0031333794613259106], [0.01732688106897659, 0.07416598183105438, 0.09213279933813551], [0.020074287785578737, 0.005533848988992229, -0.07424637724550057], [-0.010116723494166605, -0.04492858599561522, 0.03234042333608217], [0.02030943269931529, 0.09992922605936128, -0.01581320838090801], [0.08514217310737654, 0.01549991175682579, 0.05753868029366054], [0.0054196677000692955, 0.023182672822926614, 0.07340744023127], [0.053507506090679696, -0.05647563801101844, 0.023233162164469336], [0.008372461518620226, 0.058121417879024195, 0.02728350725188021], [0.08034584976847622, 0.03265238517923846, -0.01424089956508969], [0.07454782905243285, -0.027280052943215834, -0.05411524463002703], [0.0028053991301841053, -0.04958419542593393, -0.054565349369681944], [0.020126585387719016, 0.05913632694426515, -0.04611272544059928], [-0.06875413608785334, 0.049232450041751225, 0.05432858661639109], [-0.07145640453445183, -0.03053489073420292, 0.018150320072986052], [-0.057213932866012555, 0.06496615848760044, -0.0257533770292743], [-0.047370978689037155, 0.002724413848009233, -0.06654252916874315]] world_obstacle=Some([[-0.12929653210345243, 0.6613813354930838, -0.05117335093774915], [-0.12583421257124489, 0.6864261650029022, -0.046011426843464126], [-0.08828557982985552, 0.6517495827344125, -0.08497299904198022]]) local_obstacle=Some([[-0.023418158003509923, 0.06601274029048676, 0.05476528085835415], [-0.019955838471302376, 0.09105756980030522, 0.059927204952639174], [0.01759279427008699, 0.05638098753181553, 0.02096563275412308]]) nearest_world=Ok(Some(PrescribedContactFeature { distance_m: 0.00010000000000002512, gap_m: 2.5120153307806783e-17, body_face: [10, 3, 7], obstacle_face_index: 3062, body_weights: [0.9819559447590273, 0.018044055240972714, 0.0], obstacle_weights: [0.22082063934777568, 0.0, 0.7791793606522244] })) nearest_local=Ok(Some(PrescribedContactFeature { distance_m: 9.999999999997228e-5, gap_m: -2.7681170361012468e-17, body_face: [10, 3, 7], obstacle_face_index: 3062, body_weights: [0.9819559447590275, 0.018044055240972513, 0.0], obstacle_weights: [0.2208206393477757, 0.0, 0.7791793606522243] }))
WIDE_IMPORTED_CONTACT_COMMITTED step=144
IMPLICIT_TERMINAL_GEOMETRY dt=2.60416666666666663e-4 body_start=[[-0.10620956907098891, 0.5952099242217107, -0.10773540163372307], [-0.01809331268698077, 0.5805073459602114, -0.10071912913304361], [-0.18376451112574965, 0.6135443560352578, -0.10685428240952756], [-0.08867880282393142, 0.6685437464234476, -0.01331250023451927], [-0.08589617759953763, 0.6011404939719426, -0.1801927697844009], [-0.11447940082015434, 0.5489609599436114, -0.07430787412573607], [-0.08568312670128919, 0.6951025544728158, -0.12106519412165168], [-0.019863782526781303, 0.6096445568337596, -0.04953110079091548], [-0.09774403872295982, 0.618006091041571, -0.03276260474482899], [-0.05209710743353645, 0.5403732110461035, -0.08159647486914422], [-0.097647043746601, 0.6523609892902079, -0.07891646234830048], [-0.025754149705625975, 0.6289488361831139, -0.12016865840510574], [-0.03203690163130645, 0.5684299672620243, -0.160219999346859], [-0.10300697413135612, 0.5437523652379807, -0.1612959099433051], [-0.08745667726825007, 0.6549977766572302, -0.15259220885796887], [-0.17494352532751548, 0.6415591706272147, -0.05024993378875939], [-0.17501411844268167, 0.561785420898725, -0.08982394112640896], [-0.16399335273283674, 0.6575843886127389, -0.12911738464926828], [-0.15388985596712718, 0.596788618966788, -0.17330772901286495]] body_end=[[-0.10624504628813283, 0.5952189618994921, -0.10773445274138725], [-0.017955307437253838, 0.5803817255852214, -0.10061125498031642], [-0.1837749488425928, 0.6136025943283359, -0.10672049950336265], [-0.08868198652189124, 0.6685189155719337, -0.013300133337790232], [-0.08589848369390433, 0.601146443161083, -0.18019278735679986], [-0.11440102005811185, 0.5490086479128216, -0.07423361777316202], [-0.08568598432853516, 0.6950975901287627, -0.1210479020028228], [-0.019868379844199095, 0.6096442195774996, -0.04953097027260767], [-0.09768854583618182, 0.6179111901877961, -0.032722518258327796], [-0.05210241198725816, 0.5403137384822045, -0.08157813950238044], [-0.09761049438079807, 0.6522578091901855, -0.07889665794120027], [-0.025678240668100327, 0.6290675725371463, -0.12020211478652824], [-0.03202686700098208, 0.568327255065722, -0.1603199247227326], [-0.10291306894417206, 0.5437684847895732, -0.1613604523817208], [-0.08740271159027055, 0.6550743781522551, -0.15266410206485564], [-0.17491655501123538, 0.6414408741681504, -0.05024903370487646], [-0.17485695496838322, 0.561648722663324, -0.08991076354532113], [-0.16400081817804085, 0.6574645921938086, -0.12912461420094032], [-0.15388670067596147, 0.5968060858136777, -0.1732765983568668]] nearest_end=Ok(Some(PrescribedContactFeature { distance_m: 0.00010000000000003508, gap_m: 3.521562185835989e-17, body_face: [10, 7, 11], obstacle_face_index: 1308, body_weights: [0.07472554050904157, 0.5153072234345077, 0.4099672360564507], obstacle_weights: [1.0, 0.0, 0.0] })) obstacle_triangle_end=Some([[-0.028018807089894904, 0.620880338983124, -0.0806771190010214], [-0.028546936972797313, 0.6384035957435695, -0.0943831458771599], [0.0338470782173447, 0.6076001285933781, -0.09249378269786263]])
IMPLICIT_FRAME_GEOMETRY dt=2.60416666666666663e-4 world_body=[[-0.10624504628813283, 0.5952189618994921, -0.10773445274138725], [-0.017955307437253838, 0.5803817255852214, -0.10061125498031642], [-0.1837749488425928, 0.6136025943283359, -0.10672049950336265], [-0.08868198652189124, 0.6685189155719337, -0.013300133337790232], [-0.08589848369390433, 0.601146443161083, -0.18019278735679986], [-0.11440102005811185, 0.5490086479128216, -0.07423361777316202], [-0.08568598432853516, 0.6950975901287627, -0.1210479020028228], [-0.019868379844199095, 0.6096442195774996, -0.04953097027260767], [-0.09768854583618182, 0.6179111901877961, -0.032722518258327796], [-0.05210241198725816, 0.5403137384822045, -0.08157813950238044], [-0.09761049438079807, 0.6522578091901855, -0.07889665794120027], [-0.025678240668100327, 0.6290675725371463, -0.12020211478652824], [-0.03202686700098208, 0.568327255065722, -0.1603199247227326], [-0.10291306894417206, 0.5437684847895732, -0.1613604523817208], [-0.08740271159027055, 0.6550743781522551, -0.15266410206485564], [-0.17491655501123538, 0.6414408741681504, -0.05024903370487646], [-0.17485695496838322, 0.561648722663324, -0.08991076354532113], [-0.16400081817804085, 0.6574645921938086, -0.12912461420094032], [-0.15388670067596147, 0.5968060858136777, -0.1732765983568668]] local_body=[[-3.5477217143923e-5, 9.0376777813935e-6, 9.48892335816282e-7], [0.08825426163373506, -0.014828198636489336, 0.007124146653406649], [-0.07756537977160387, 0.01839267010662516, 0.0010149021303604124], [0.01752758254909767, 0.07330899135022295, 0.09443526829593284], [0.02031108537708458, 0.005936518939372304, -0.07245738572307679], [-0.008191450987122942, -0.04620127630888912, 0.033501783860561046], [0.02052358474245375, 0.099887665907052, -0.013312500369099728], [0.08634118922678981, 0.01443429535578893, 0.058204431361115395], [0.008521023234807095, 0.022701265966085335, 0.07501288337539527], [0.054107157083730754, -0.05489618573950617, 0.026157262131342632], [0.00859907469019085, 0.05704788496847478, 0.02883874369252281], [0.08053132840288858, 0.03385764831543564, -0.012466713152805179], [0.07418270207000682, -0.026882669155988744, -0.05258452308900954], [0.0032965001268168634, -0.05144143943213754, -0.05362505074799775], [0.018806857480718357, 0.05986445393054443, -0.04492870043113259], [-0.06870698594024646, 0.04623094994643972, 0.05748636792884661], [-0.0686473858973943, -0.03356120155838668, 0.017824638088401946], [-0.05779124910705193, 0.06225466797209793, -0.021389212567217264], [-0.04767713160497254, 0.0015961615919669891, -0.06554119672314372]] world_obstacle=Some([[-0.028018807089894904, 0.620880338983124, -0.0806771190010214], [-0.028546936972797313, 0.6384035957435695, -0.0943831458771599], [0.0338470782173447, 0.6076001285933781, -0.09249378269786263]]) local_obstacle=Some([[0.07819076198109401, 0.025670414761413296, 0.027058282632701672], [0.0776626320981916, 0.04319367152185882, 0.013352255756563167], [0.1400566472883336, 0.01239020437166738, 0.015241618935860443]]) nearest_world=Ok(Some(PrescribedContactFeature { distance_m: 0.00010000000000003508, gap_m: 3.521562185835989e-17, body_face: [10, 7, 11], obstacle_face_index: 1308, body_weights: [0.07472554050904157, 0.5153072234345077, 0.4099672360564507], obstacle_weights: [1.0, 0.0, 0.0] })) nearest_local=Ok(Some(PrescribedContactFeature { distance_m: 0.00010000000000000011, gap_m: -1.8871457450504057e-18, body_face: [10, 7, 11], obstacle_face_index: 1308, body_weights: [0.07472554050904129, 0.515307223434508, 0.40996723605645075], obstacle_weights: [1.0, 0.0, 0.0] }))
IMPLICIT_TERMINAL_GEOMETRY dt=1.30208333333333332e-4 body_start=[[-0.10622700373176136, 0.5952165033673759, -0.10773503238438115], [-0.018024181603737293, 0.5804438895212178, -0.10066115950947771], [-0.18376965884315585, 0.6135730064035834, -0.10678102446158591], [-0.08868039467291133, 0.6685313309976906, -0.013306316786154751], [-0.08589733064672098, 0.6011434685665128, -0.1801927785706004], [-0.11444308872989702, 0.548980378944452, -0.0742675278937821], [-0.08568455551491218, 0.6951000723007892, -0.12105654806223723], [-0.019865873666912753, 0.6096484300556436, -0.0495318877738434], [-0.09771440129397932, 0.617958459080655, -0.03274131818730195], [-0.05209766692854027, 0.5403449937783106, -0.08158776244446847], [-0.09763104393505277, 0.6522984609396203, -0.0789061671261184], [-0.02571561312920678, 0.6290124138839233, -0.12018322949514888], [-0.032032483355214386, 0.5683782148692637, -0.1602714996907059], [-0.10296036028049481, 0.5437578883634817, -0.16132972623136432], [-0.08743078566839468, 0.6550355267477449, -0.1526285298195571], [-0.1749291253872965, 0.6415006234983479, -0.05025354192177494], [-0.17493742599366016, 0.5617163729853326, -0.08986783922024835], [-0.16399572087515876, 0.6575239883056051, -0.12911923818989482], [-0.15388928742134683, 0.5967969407900311, -0.17329426830792755]] body_end=[[-0.10624528081942716, 0.5952189233600444, -0.10773438772282945], [-0.017954429931423127, 0.5803810165242776, -0.10061061049162115], [-0.18377447796953314, 0.6136032283165003, -0.10672029117336253], [-0.08868198652189124, 0.6685189155719337, -0.013300133337790232], [-0.08589848369390433, 0.601146443161083, -0.18019278735679986], [-0.11440096339370316, 0.5490092986455716, -0.07423388167702745], [-0.08568598432853516, 0.6950975901287627, -0.1210479020028228], [-0.019868478517739895, 0.6096438937097318, -0.04953079125888605], [-0.09768864503528292, 0.6179107430984255, -0.03272237839005931], [-0.05210262706101735, 0.5403134105810777, -0.08157803348259017], [-0.0976104926649812, 0.6522567551935788, -0.07889617186291101], [-0.025677907514198052, 0.6290680402831795, -0.1202022684675221], [-0.0320267878107424, 0.5683268753931987, -0.16032064737935253], [-0.10291306513075839, 0.5437686509157283, -0.1613603609035001], [-0.08740275498821054, 0.6550745956528486, -0.15266460585009622], [-0.17491656775118872, 0.6414407779348946, -0.05024925913959605], [-0.17485669709009224, 0.5616486396565016, -0.089910823592353], [-0.1640009220870884, 0.6574642522562061, -0.12912451035950315], [-0.1538866808246846, 0.5968060638914521, -0.17327654415066848]] nearest_end=Ok(Some(PrescribedContactFeature { distance_m: 0.00010000000000001697, gap_m: 1.6662057626224205e-17, body_face: [10, 7, 11], obstacle_face_index: 1308, body_weights: [0.07472659308276136, 0.5153056622467395, 0.4099677446704992], obstacle_weights: [1.0, 0.0, 0.0] })) obstacle_triangle_end=Some([[-0.028018807089894904, 0.620880338983124, -0.0806771190010214], [-0.028546936972797313, 0.6384035957435695, -0.0943831458771599], [0.0338470782173447, 0.6076001285933781, -0.09249378269786263]])
IMPLICIT_FRAME_GEOMETRY dt=1.30208333333333332e-4 world_body=[[-0.10624528081942716, 0.5952189233600444, -0.10773438772282945], [-0.017954429931423127, 0.5803810165242776, -0.10061061049162115], [-0.18377447796953314, 0.6136032283165003, -0.10672029117336253], [-0.08868198652189124, 0.6685189155719337, -0.013300133337790232], [-0.08589848369390433, 0.601146443161083, -0.18019278735679986], [-0.11440096339370316, 0.5490092986455716, -0.07423388167702745], [-0.08568598432853516, 0.6950975901287627, -0.1210479020028228], [-0.019868478517739895, 0.6096438937097318, -0.04953079125888605], [-0.09768864503528292, 0.6179107430984255, -0.03272237839005931], [-0.05210262706101735, 0.5403134105810777, -0.08157803348259017], [-0.0976104926649812, 0.6522567551935788, -0.07889617186291101], [-0.025677907514198052, 0.6290680402831795, -0.1202022684675221], [-0.0320267878107424, 0.5683268753931987, -0.16032064737935253], [-0.10291306513075839, 0.5437686509157283, -0.1613603609035001], [-0.08740275498821054, 0.6550745956528486, -0.15266460585009622], [-0.17491656775118872, 0.6414407779348946, -0.05024925913959605], [-0.17485669709009224, 0.5616486396565016, -0.089910823592353], [-0.1640009220870884, 0.6574642522562061, -0.12912451035950315], [-0.1538866808246846, 0.5968060638914521, -0.17327654415066848]] local_body=[[-1.8277087665807605e-5, 2.4199926685481207e-6, 6.44661551689943e-7], [0.08827257380033823, -0.014835486843098265, 0.007124421892759995], [-0.07754747423777178, 0.018386724949124415, 0.0010147412110186162], [0.017545017209870117, 0.0733024122045578, 0.09443489904659091], [0.020328520037857026, 0.005929939793707151, -0.07245775497241871], [-0.008173959661941796, -0.04620720472180434, 0.0335011507073537], [0.020541019403226196, 0.09988108676138685, -0.01331286961844165], [0.08635852521402146, 0.014427390342355965, 0.0582042411254951], [0.00853835869647844, 0.022694239731049646, 0.07501265399432185], [0.05412437667074401, -0.05490309278629816, 0.026156998901790976], [0.008616511066780155, 0.05704025182620294, 0.028838860521470146], [0.0805490962175633, 0.033851536915803726, -0.012467236083140964], [0.07420021592101897, -0.026889627974177106, -0.052585614994971386], [0.0033139386010029724, -0.05144785245164748, -0.05362532851911895], [0.018824248743550816, 0.059858092285472786, -0.04492957346571508], [-0.06868956401942734, 0.046224274567518715, 0.0574857732447851], [-0.06862969335833088, -0.03356786371087433, 0.017824208792028142], [-0.05777391835532707, 0.062247748888830216, -0.021389477975121998], [-0.04765967709292323, 0.0015895605240762326, -0.06554151176628735]] world_obstacle=Some([[-0.028018807089894904, 0.620880338983124, -0.0806771190010214], [-0.028546936972797313, 0.6384035957435695, -0.0943831458771599], [0.0338470782173447, 0.6076001285933781, -0.09249378269786263]]) local_obstacle=Some([[0.07820819664186646, 0.025663835615748143, 0.02705791338335975], [0.07768006675896405, 0.04318709237619367, 0.013351886507221244], [0.14007408194910606, 0.012383625226002226, 0.015241249686518521]]) nearest_world=Ok(Some(PrescribedContactFeature { distance_m: 0.00010000000000001697, gap_m: 1.6662057626224205e-17, body_face: [10, 7, 11], obstacle_face_index: 1308, body_weights: [0.07472659308276136, 0.5153056622467395, 0.4099677446704992], obstacle_weights: [1.0, 0.0, 0.0] })) nearest_local=Ok(Some(PrescribedContactFeature { distance_m: 0.00010000000000000232, gap_m: 6.778608286788943e-19, body_face: [10, 7, 11], obstacle_face_index: 1308, body_weights: [0.07472659308276114, 0.5153056622467397, 0.4099677446704992], obstacle_weights: [1.0, 0.0, 0.0] }))
IMPLICIT_TERMINAL_GEOMETRY dt=6.51041666666666658e-5 body_start=[[-0.1062360808948044, 0.5952182387039442, -0.10773473333144436], [-0.017989211319675222, 0.580412236180799, -0.1006348187791277], [-0.18377201691150877, 0.6135880460837329, -0.10674903411163658], [-0.08868119059740129, 0.6685251232848122, -0.013303225061972491], [-0.08589790717031265, 0.6011449558637979, -0.18019278296370012], [-0.11442274868572276, 0.548993751030858, -0.07424989885850651], [-0.08568526992172368, 0.6950988312147759, -0.12105222503253002], [-0.01986567459341365, 0.6096503484868419, -0.04953079006185355], [-0.09770105371892668, 0.6179345238228028, -0.03273151728349248], [-0.05209962752859067, 0.5403295570023254, -0.08158300366180085], [-0.09762114591476723, 0.6522750687773091, -0.07890088660246933], [-0.025695428719529942, 0.6290438570020238, -0.1201916135050351], [-0.032029778268771535, 0.5683524159706612, -0.1602965145508574], [-0.10293679453841152, 0.5437626346500325, -0.1613454347592841], [-0.08741704538826453, 0.6550549402421937, -0.15264669675745765], [-0.17492260847493488, 0.6414708424591498, -0.05025244237932383], [-0.17489752095283076, 0.5616823192875376, -0.08988946002939419], [-0.16399798265749924, 0.657493964041544, -0.12912141984064643], [-0.15388823850072678, 0.5968013997232726, -0.1732859339587285]] body_end=[[-0.10624529922893917, 0.5952189185618453, -0.10773437965435877], [-0.017954361700160102, 0.580380969004795, -0.1006105528874108], [-0.1837744163973619, 0.6136032918627371, -0.10672029430403074], [-0.08868198652189124, 0.6685189155719337, -0.013300133337790232], [-0.08589848369390433, 0.601146443161083, -0.18019278735679986], [-0.11440097853516273, 0.5490093644878363, -0.07423393133232938], [-0.08568598432853516, 0.6950975901287627, -0.1210479020028228], [-0.019868487298182105, 0.6096438669614177, -0.04953076979294978], [-0.09768866800401804, 0.6179107128522218, -0.032722373561000405], [-0.0521026505155089, 0.5403133903889834, -0.08157802697207589], [-0.09761050462275547, 0.6522566834292597, -0.07889612763773254], [-0.025677884385811714, 0.6290680752778702, -0.12020227331119797], [-0.03202678127544144, 0.5683268558925115, -0.160320709891852], [-0.10291308895485356, 0.5437686655778399, -0.161360334052947], [-0.08740277433207808, 0.6550746015809912, -0.15266464838341898], [-0.17491657462034685, 0.6414407967615253, -0.050249291282670465], [-0.17485670645832516, 0.5616486637863196, -0.08991080927471648], [-0.16400093185779108, 0.6574642397641979, -0.12912449361309639], [-0.15388667992320096, 0.5968060564006805, -0.17327654698978281]] nearest_end=Ok(Some(PrescribedContactFeature { distance_m: 0.00010000000000002444, gap_m: 2.371684070863624e-17, body_face: [10, 7, 11], obstacle_face_index: 1308, body_weights: [0.07472663238706223, 0.5153054627043614, 0.4099679049085764], obstacle_weights: [1.0, 0.0, 0.0] })) obstacle_triangle_end=Some([[-0.028018807089894904, 0.620880338983124, -0.0806771190010214], [-0.028546936972797313, 0.6384035957435695, -0.0943831458771599], [0.0338470782173447, 0.6076001285933781, -0.09249378269786263]])
IMPLICIT_FRAME_GEOMETRY dt=6.51041666666666658e-5 world_body=[[-0.10624529922893917, 0.5952189185618453, -0.10773437965435877], [-0.017954361700160102, 0.580380969004795, -0.1006105528874108], [-0.1837744163973619, 0.6136032918627371, -0.10672029430403074], [-0.08868198652189124, 0.6685189155719337, -0.013300133337790232], [-0.08589848369390433, 0.601146443161083, -0.18019278735679986], [-0.11440097853516273, 0.5490093644878363, -0.07423393133232938], [-0.08568598432853516, 0.6950975901287627, -0.1210479020028228], [-0.019868487298182105, 0.6096438669614177, -0.04953076979294978], [-0.09768866800401804, 0.6179107128522218, -0.032722373561000405], [-0.0521026505155089, 0.5403133903889834, -0.08157802697207589], [-0.09761050462275547, 0.6522566834292597, -0.07889612763773254], [-0.025677884385811714, 0.6290680752778702, -0.12020227331119797], [-0.03202678127544144, 0.5683268558925115, -0.160320709891852], [-0.10291308895485356, 0.5437686655778399, -0.161360334052947], [-0.08740277433207808, 0.6550746015809912, -0.15266464838341898], [-0.17491657462034685, 0.6414407967615253, -0.050249291282670465], [-0.17485670645832516, 0.5616486637863196, -0.08991080927471648], [-0.16400093185779108, 0.6574642397641979, -0.12912449361309639], [-0.15388667992320096, 0.5968060564006805, -0.17327654698978281]] local_body=[[-9.218334134774283e-6, 6.798579010461866e-7, 3.5367708559362154e-7], [0.0882817191946443, -0.014837269699149218, 0.007124180444033559], [-0.0775383355025575, 0.018385053158792887, 0.001014439027413625], [0.01755409437291315, 0.07330067686798947, 0.09443459999365413], [0.02033759720090006, 0.005928204457138819, -0.0724580540253555], [-0.008164897640358342, -0.046208874216107816, 0.033500801999114975], [0.02055009656626923, 0.09987935142481852, -0.01331316867137844], [0.08636759359662229, 0.01442562825747354, 0.05820396353849458], [0.008547412890786359, 0.022692474148277585, 0.07501235977044395], [0.054133430379295494, -0.0549048483149608, 0.026156706359368467], [0.008625576272048926, 0.05703844472531549, 0.02883860569371181], [0.08055819650899268, 0.033849836573926095, -0.012467539979753618], [0.07420929961936297, -0.026891382811432718, -0.05258597656040763], [0.0033229919399508337, -0.051449573126104285, -0.05362560072150265], [0.018833306562726325, 0.059856362877046945, -0.04492991505197463], [-0.06868049372554245, 0.046222558057581145, 0.05748544204877389], [-0.06862062556352076, -0.0335695749176246, 0.017823924056727874], [-0.05776485096298668, 0.0622460010602537, -0.021389760281652022], [-0.04765059902839656, 0.0015878176967363663, -0.06554181365833846]] world_obstacle=Some([[-0.028018807089894904, 0.620880338983124, -0.0806771190010214], [-0.028546936972797313, 0.6384035957435695, -0.0943831458771599], [0.0338470782173447, 0.6076001285933781, -0.09249378269786263]]) local_obstacle=Some([[0.07821727380490949, 0.02566210027917981, 0.02705761433042296], [0.07768914392200708, 0.04318535703962534, 0.013351587454284455], [0.14008315911214908, 0.012381889889433895, 0.015240950633581732]]) nearest_world=Ok(Some(PrescribedContactFeature { distance_m: 0.00010000000000002444, gap_m: 2.371684070863624e-17, body_face: [10, 7, 11], obstacle_face_index: 1308, body_weights: [0.07472663238706223, 0.5153054627043614, 0.4099679049085764], obstacle_weights: [1.0, 0.0, 0.0] })) nearest_local=Ok(Some(PrescribedContactFeature { distance_m: 9.999999999999233e-5, gap_m: -8.323639327341186e-18, body_face: [10, 7, 11], obstacle_face_index: 1308, body_weights: [0.07472663238706212, 0.5153054627043616, 0.40996790490857626], obstacle_weights: [1.0, 0.0, 0.0] }))
WIDE_IMPORTED_CONTACT_COMMITTED step=156
IMPLICIT_TERMINAL_GEOMETRY dt=5.20833333333333326e-4 body_start=[[-0.10656141675713122, 0.5894876352216253, -0.10707813224526168], [-0.018392295426201105, 0.5744736139154956, -0.10279267072631364], [-0.18140072175893088, 0.6080859033178162, -0.1060398059366194], [-0.08939408311747227, 0.6618927797112256, -0.010317205763196169], [-0.0864385047894679, 0.6021256604841227, -0.18007921877942934], [-0.11157432527442361, 0.5404354944323008, -0.08100982525327252], [-0.08632895867938388, 0.6933107949412123, -0.11675269935518107], [-0.0202909526924786, 0.6055617178378317, -0.049339259881003086], [-0.09911142642341059, 0.6110109975758642, -0.032464081100503674], [-0.049325092508826544, 0.5334095159171447, -0.08673430153795181], [-0.10096713106920835, 0.6461310334111088, -0.07721195438714114], [-0.02581466233217671, 0.6220234029356532, -0.12090678600085915], [-0.03294132136736499, 0.5659074800446525, -0.164256786083946], [-0.10324750555303512, 0.5436061870132, -0.16809739491530692], [-0.0879027313013119, 0.6530687917312344, -0.14857128287029933], [-0.17567511462214164, 0.632513415774564, -0.045797003066145744], [-0.17337847131922507, 0.5531617379069936, -0.09037132034914497], [-0.16480673604843818, 0.6543582639249654, -0.1263720211940842], [-0.15310522546187752, 0.5962643364148493, -0.17284985789474358]] body_end=[[-0.10656395997110395, 0.5894631627955379, -0.10711319396842783], [-0.01886689332378612, 0.5745446644063956, -0.10250850181416514], [-0.18150705425244062, 0.6078169717346559, -0.10604183259531609], [-0.08939738834258239, 0.6618504866404863, -0.0103001521610782], [-0.08644130420282493, 0.602128270589314, -0.1800779124581], [-0.11161226735986626, 0.5404899122311352, -0.08083423119453756], [-0.08633190853976545, 0.6932966346439852, -0.11672729906088589], [-0.020283508058739387, 0.6056027585293683, -0.04956359890579065], [-0.09902786587575438, 0.6107702119595441, -0.03262986778902243], [-0.049518031032681195, 0.5332672898684506, -0.08667481480321924], [-0.10096303050828206, 0.6462056051709667, -0.0772970103731799], [-0.02594971741362007, 0.6220624935510423, -0.12098667284978468], [-0.0330001698062621, 0.5659819319477095, -0.16424618928155332], [-0.10336391167700305, 0.543595012657363, -0.16830020950012933], [-0.08781303731780421, 0.652955037545605, -0.14846739762214553], [-0.17573541485816346, 0.632804944595652, -0.04581921666456434], [-0.17345756074240556, 0.5532390931834339, -0.09042544846256018], [-0.16472568484326777, 0.6543648438191991, -0.12646295084125442], [-0.15310468782580033, 0.596257153620233, -0.1728335405088755]] nearest_end=Ok(Some(PrescribedContactFeature { distance_m: 0.00010000000000000183, gap_m: 1.8400815335362298e-18, body_face: [3, 10, 15], obstacle_face_index: 3062, body_weights: [0.04018307738665239, 0.9598169226133476, 0.0], obstacle_weights: [0.27270273771532133, 0.0, 0.7272972622846787] })) obstacle_triangle_end=Some([[-0.13025530693443793, 0.6526494728606275, -0.04937749740817535], [-0.12683231525424052, 0.6772222251133073, -0.04406987654167747], [-0.08934148603317232, 0.6447877495270222, -0.08409511632642819]])
IMPLICIT_FRAME_GEOMETRY dt=5.20833333333333326e-4 world_body=[[-0.10656395997110395, 0.5894631627955379, -0.10711319396842783], [-0.01886689332378612, 0.5745446644063956, -0.10250850181416514], [-0.18150705425244062, 0.6078169717346559, -0.10604183259531609], [-0.08939738834258239, 0.6618504866404863, -0.0103001521610782], [-0.08644130420282493, 0.602128270589314, -0.1800779124581], [-0.11161226735986626, 0.5404899122311352, -0.08083423119453756], [-0.08633190853976545, 0.6932966346439852, -0.11672729906088589], [-0.020283508058739387, 0.6056027585293683, -0.04956359890579065], [-0.09902786587575438, 0.6107702119595441, -0.03262986778902243], [-0.049518031032681195, 0.5332672898684506, -0.08667481480321924], [-0.10096303050828206, 0.6462056051709667, -0.0772970103731799], [-0.02594971741362007, 0.6220624935510423, -0.12098667284978468], [-0.0330001698062621, 0.5659819319477095, -0.16424618928155332], [-0.10336391167700305, 0.543595012657363, -0.16830020950012933], [-0.08781303731780421, 0.652955037545605, -0.14846739762214553], [-0.17573541485816346, 0.632804944595652, -0.04581921666456434], [-0.17345756074240556, 0.5532390931834339, -0.09042544846256018], [-0.16472568484326777, 0.6543648438191991, -0.12646295084125442], [-0.15310468782580033, 0.596257153620233, -0.1728335405088755]] local_body=[[-2.543213972728748e-6, -2.4472426087419527e-5, -3.506172316615934e-5], [0.0876945234333451, -0.014942970815229677, 0.004569630431096539], [-0.07494563749530941, 0.0183293365130306, 0.001036299649945591], [0.017164028414548838, 0.07236285141886101, 0.09677798008418348], [0.02012011255430629, 0.012640635367688668, -0.07299978021283833], [-0.005050850602735038, -0.04899772299049013, 0.026243901050724116], [0.02022950821736577, 0.10380899942235988, -0.009649166815624208], [0.08627790869839183, 0.01611512330774296, 0.05751453333947103], [0.007533550881376851, 0.02128257673791875, 0.07444826445623924], [0.05704338572445003, -0.05622034535317465, 0.020403317442042438], [0.0055983862488491595, 0.056717969949341474, 0.029781121872081772], [0.08061169934351116, 0.03257485832941696, -0.013908540604523002], [0.07356124695086913, -0.023505703273915775, -0.05716805703629165], [0.0031975050801281665, -0.04589262256426227, -0.061222077254867655], [0.018748379439327015, 0.06346740232397974, -0.04138926537688384], [-0.06917399810103222, 0.043317309374026634, 0.06125891558069734], [-0.06689614398527435, -0.03624854203819141, 0.0166526837827015], [-0.058164268086136534, 0.06487720859757388, -0.01938481859599273], [-0.046543271068669116, 0.006769518398607761, -0.06575540826361383]] world_obstacle=Some([[-0.13025530693443793, 0.6526494728606275, -0.04937749740817535], [-0.12683231525424052, 0.6772222251133073, -0.04406987654167747], [-0.08934148603317232, 0.6447877495270222, -0.08409511632642819]]) local_obstacle=Some([[-0.023693890177306706, 0.06316183763900218, 0.05770063483708633], [-0.020270898497109294, 0.08773458989168204, 0.0630082557035842], [0.0172199307239589, 0.05530011430539694, 0.02298301591883349]]) nearest_world=Ok(Some(PrescribedContactFeature { distance_m: 0.00010000000000000183, gap_m: 1.8400815335362298e-18, body_face: [3, 10, 15], obstacle_face_index: 3062, body_weights: [0.04018307738665239, 0.9598169226133476, 0.0], obstacle_weights: [0.27270273771532133, 0.0, 0.7272972622846787] })) nearest_local=Ok(Some(PrescribedContactFeature { distance_m: 9.999999999994917e-5, gap_m: -5.0812987676956463e-17, body_face: [10, 3, 7], obstacle_face_index: 3062, body_weights: [0.9598169226133478, 0.040183077386652215, 0.0], obstacle_weights: [0.2727027377153211, 0.0, 0.727297262284679] }))
IMPLICIT_TERMINAL_GEOMETRY dt=2.60416666666666663e-4 body_start=[[-0.10665032636228372, 0.589299189854473, -0.10719540985214217], [-0.019780435711891652, 0.5746764985937551, -0.1021918919157185], [-0.18153983077100785, 0.6071821541170462, -0.10566297961191617], [-0.08940399879280264, 0.6617659004990076, -0.01026604495684226], [-0.08644690302953902, 0.6021334907996964, -0.18007529981544135], [-0.11183389142601458, 0.5407401568986773, -0.08051127163182188], [-0.0863378082605286, 0.6932683140495308, -0.11667649847229553], [-0.020179971553637627, 0.6055889535683283, -0.04988099400778579], [-0.09871964005207276, 0.610190967221295, -0.03282594093612827], [-0.04992888164016661, 0.5330973131293426, -0.08659643558268577], [-0.10064916124628455, 0.6459897546454205, -0.07730883717219593], [-0.026018449642154537, 0.6222027532311659, -0.12110277515065013], [-0.033214878621079046, 0.5660584552137556, -0.16423640864785166], [-0.10343343320105847, 0.5438978521454311, -0.16847391177052345], [-0.08758479933853225, 0.6530124709431752, -0.1482535102342089], [-0.17595064117856127, 0.6334309532431169, -0.04606618090102647], [-0.17347221080606137, 0.5534436298655877, -0.09056120230938688], [-0.16450933315635655, 0.6543730421716519, -0.1266534075543684], [-0.15318651887449763, 0.5962034370655606, -0.1728324565762476]] body_end=[[-0.1066903693542128, 0.5892398838584805, -0.10721139257864269], [-0.01995963538428292, 0.5746911767566666, -0.1022101701433702], [-0.18150428769745747, 0.6070897529143534, -0.10552012520862372], [-0.0894056514053577, 0.6617447539636381, -0.010257518155783275], [-0.08644830273621754, 0.602134795852292, -0.18007464665477668], [-0.11192792994998223, 0.5407818820649627, -0.08041877562520716], [-0.0863392831907194, 0.6932612339009172, -0.11666379832514794], [-0.02016748939571293, 0.6055238328048962, -0.04990897615938473], [-0.09861474095482131, 0.6100782737129856, -0.032874414987583436], [-0.05002622005516044, 0.5330561837680017, -0.08657274842445653], [-0.10052541369909972, 0.6460666369687484, -0.07732527079507684], [-0.025996270726801284, 0.6222264987117105, -0.1211355045784773], [-0.03327956450446278, 0.5660581765241401, -0.1642455623087955], [-0.10341942443612358, 0.5440130696928807, -0.168483132496602], [-0.0875199984502251, 0.6530867378777907, -0.1482301093047573], [-0.1759743413617042, 0.6335073952738938, -0.04617614610270233], [-0.17347059110114246, 0.553478496556627, -0.09059097791147112], [-0.16445973488368373, 0.6543519328688616, -0.1266950096310184], [-0.15323301902703926, 0.5961889623003614, -0.172850046184188]] nearest_end=Ok(Some(PrescribedContactFeature { distance_m: 0.00010000000000001044, gap_m: 1.0438608090222897e-17, body_face: [8, 3, 15], obstacle_face_index: 138, body_weights: [0.0, 0.4769051162515925, 0.5230948837484075], obstacle_weights: [0.6987186353377208, 0.3012813646622791, 0.0] })) obstacle_triangle_end=Some([[-0.1302653214709691, 0.6525334790973149, -0.049355913774527], [-0.14507106529423802, 0.6343842730916214, 0.01810961650979634], [-0.12684263674159085, 0.677100362691829, -0.044046051809433676]])
IMPLICIT_FRAME_GEOMETRY dt=2.60416666666666663e-4 world_body=[[-0.1066903693542128, 0.5892398838584805, -0.10721139257864269], [-0.01995963538428292, 0.5746911767566666, -0.1022101701433702], [-0.18150428769745747, 0.6070897529143534, -0.10552012520862372], [-0.0894056514053577, 0.6617447539636381, -0.010257518155783275], [-0.08644830273621754, 0.602134795852292, -0.18007464665477668], [-0.11192792994998223, 0.5407818820649627, -0.08041877562520716], [-0.0863392831907194, 0.6932612339009172, -0.11666379832514794], [-0.02016748939571293, 0.6055238328048962, -0.04990897615938473], [-0.09861474095482131, 0.6100782737129856, -0.032874414987583436], [-0.05002622005516044, 0.5330561837680017, -0.08657274842445653], [-0.10052541369909972, 0.6460666369687484, -0.07732527079507684], [-0.025996270726801284, 0.6222264987117105, -0.1211355045784773], [-0.03327956450446278, 0.5660581765241401, -0.1642455623087955], [-0.10341942443612358, 0.5440130696928807, -0.168483132496602], [-0.0875199984502251, 0.6530867378777907, -0.1482301093047573], [-0.1759743413617042, 0.6335073952738938, -0.04617614610270233], [-0.17347059110114246, 0.553478496556627, -0.09059097791147112], [-0.16445973488368373, 0.6543519328688616, -0.1266950096310184], [-0.15323301902703926, 0.5961889623003614, -0.172850046184188]] local_body=[[-4.00429919290886e-5, -5.930599599259723e-5, -1.598272650052235e-5], [0.08669069097800079, -0.014608013097806414, 0.004985239708771972], [-0.07485396133517375, 0.017790563059880356, 0.0016752846435184464], [0.017244674956926026, 0.07244556410916503, 0.09693789169635889], [0.020202023626066185, 0.012835605997818966, -0.07287923680263451], [-0.005277603587698512, -0.048517307789510314, 0.026776634226935013], [0.02031104317156432, 0.10396204404644416, -0.009468388473005768], [0.08648283696657079, 0.01622464295042309, 0.05728643369275744], [0.008035585407462405, 0.020779083858512598, 0.07432099486455873], [0.05662410630712328, -0.056243006086471335, 0.020622661427685637], [0.006124912663183997, 0.05676744711427539, 0.02987013905706533], [0.08065405563548243, 0.03292730885723749, -0.013940094726335126], [0.07337076185782093, -0.023241013330332898, -0.057050152456653326], [0.0032309019261601464, -0.04528612016159243, -0.061287722644459836], [0.019130327912058626, 0.06378754802331765, -0.041034699452615134], [-0.06932401499942047, 0.044208205419420776, 0.06101926374943984], [-0.06682026473885873, -0.035820693297846054, 0.016604431940671044], [-0.05780940852140002, 0.06505274301438856, -0.019499599778876223], [-0.04658269266475554, 0.006889772445888358, -0.06565463633204584]] world_obstacle=Some([[-0.1302653214709691, 0.6525334790973149, -0.049355913774527], [-0.14507106529423802, 0.6343842730916214, 0.01810961650979634], [-0.12684263674159085, 0.677100362691829, -0.044046051809433676]]) local_obstacle=Some([[-0.023614995108685366, 0.0632342892428418, 0.05783949607761517], [-0.0384207389319543, 0.04508508323714833, 0.12530502636193852], [-0.020192310379307132, 0.087801172837356, 0.06314935804270849]]) nearest_world=Ok(Some(PrescribedContactFeature { distance_m: 0.00010000000000001044, gap_m: 1.0438608090222897e-17, body_face: [8, 3, 15], obstacle_face_index: 138, body_weights: [0.0, 0.4769051162515925, 0.5230948837484075], obstacle_weights: [0.6987186353377208, 0.3012813646622791, 0.0] })) nearest_local=Ok(Some(PrescribedContactFeature { distance_m: 9.999999999998777e-5, gap_m: -1.223155872479879e-17, body_face: [3, 10, 15], obstacle_face_index: 138, body_weights: [0.47690511625159243, 0.0, 0.5230948837484075], obstacle_weights: [0.6987186353377212, 0.30128136466227884, 0.0] }))
WIDE_IMPORTED_CONTACT_COMMITTED step=168
IMPLICIT_TERMINAL_GEOMETRY dt=5.20833333333333326e-4 body_start=[[-0.10534713568903421, 0.5877929717404419, -0.1072937940234688], [-0.016187471323696332, 0.5737123372709039, -0.10538011434770643], [-0.18160961206719398, 0.6054536634047952, -0.10580827605110232], [-0.0895696712353811, 0.6590292232429704, -0.009201534655770338], [-0.08660377584126688, 0.6022408772199181, -0.17998294525199077], [-0.1064632461723396, 0.5414472941173541, -0.07726821902823515], [-0.08648048095981317, 0.692303975489508, -0.11507057837065393], [-0.018316336748086123, 0.6035621400415454, -0.051562698812267445], [-0.09586447242854922, 0.6094427095613035, -0.030853298501311372], [-0.04359852323548838, 0.5331874618833485, -0.08750258247005535], [-0.10166711183788972, 0.6434758389483108, -0.07754685926332193], [-0.02296924300952823, 0.6186290878403506, -0.12452831740313783], [-0.03185953482206116, 0.5658082702670248, -0.16800770238997875], [-0.09921597530445056, 0.5415553271246532, -0.16704055307575041], [-0.08600121759845034, 0.6533898232484513, -0.14632773463068732], [-0.17508634902199235, 0.6296547652899188, -0.04759135421937955], [-0.16983216198704326, 0.5513258963588775, -0.09037861456130293], [-0.16504712730319743, 0.6515086116774822, -0.1292038402480571], [-0.1524072897650627, 0.5950326927635795, -0.17323022858209794]] body_end=[[-0.10531282921207619, 0.5877721587169564, -0.10729172760526925], [-0.016484545804380392, 0.5736375552972254, -0.10583285074402678], [-0.18141951570450326, 0.6052740109974987, -0.1058704220911456], [-0.08957037815474436, 0.6589946485928551, -0.009189232349000695], [-0.08660506363857051, 0.602240483839229, -0.17998198951393304], [-0.10637124279589676, 0.5413495421542269, -0.07742945193445733], [-0.08648089672177844, 0.6922905676023414, -0.11505159685173239], [-0.01819004885577977, 0.6036037955956459, -0.05153223031369601], [-0.09592906851498588, 0.6091451869934871, -0.030751815885727465], [-0.043400844804969925, 0.5331822979586303, -0.08744022863133787], [-0.10157065180056812, 0.6434250053190266, -0.07759574369302627], [-0.022896962447516905, 0.6188055236448831, -0.12453901284471493], [-0.03187975177535563, 0.5658909277214802, -0.1681164660704282], [-0.09923522730319695, 0.5414803224790222, -0.1671165691543857], [-0.08609529005665663, 0.6531609192889825, -0.14644755705734733], [-0.17496055375299155, 0.6294080481725781, -0.04751537348137166], [-0.16972840902717742, 0.5513482827362897, -0.09022318887291866], [-0.16499926293490028, 0.6515474934925892, -0.12914361747458958], [-0.1522692874811292, 0.5950478595200429, -0.17331393331221667]] nearest_end=Ok(Some(PrescribedContactFeature { distance_m: 0.00010000000000000574, gap_m: 6.425432624523008e-18, body_face: [10, 7, 11], obstacle_face_index: 1308, body_weights: [0.111864039547664, 0.5167317866993846, 0.3714041737529514], obstacle_weights: [1.0, 0.0, 0.0] })) obstacle_triangle_end=Some([[-0.02922723658934466, 0.6137952507499778, -0.08154636205519676], [-0.029752465681761056, 0.6312330320765769, -0.09464422842097438], [0.03229507248425009, 0.6071780208123819, -0.09584250894525875]])
IMPLICIT_FRAME_GEOMETRY dt=5.20833333333333326e-4 world_body=[[-0.10531282921207619, 0.5877721587169564, -0.10729172760526925], [-0.016484545804380392, 0.5736375552972254, -0.10583285074402678], [-0.18141951570450326, 0.6052740109974987, -0.1058704220911456], [-0.08957037815474436, 0.6589946485928551, -0.009189232349000695], [-0.08660506363857051, 0.602240483839229, -0.17998198951393304], [-0.10637124279589676, 0.5413495421542269, -0.07742945193445733], [-0.08648089672177844, 0.6922905676023414, -0.11505159685173239], [-0.01819004885577977, 0.6036037955956459, -0.05153223031369601], [-0.09592906851498588, 0.6091451869934871, -0.030751815885727465], [-0.043400844804969925, 0.5331822979586303, -0.08744022863133787], [-0.10157065180056812, 0.6434250053190266, -0.07759574369302627], [-0.022896962447516905, 0.6188055236448831, -0.12453901284471493], [-0.03187975177535563, 0.5658909277214802, -0.1681164660704282], [-0.09923522730319695, 0.5414803224790222, -0.1671165691543857], [-0.08609529005665663, 0.6531609192889825, -0.14644755705734733], [-0.17496055375299155, 0.6294080481725781, -0.04751537348137166], [-0.16972840902717742, 0.5513482827362897, -0.09022318887291866], [-0.16499926293490028, 0.6515474934925892, -0.12914361747458958], [-0.1522692874811292, 0.5950478595200429, -0.17331393331221667]] local_body=[[3.430647695802284e-5, -2.0813023485450356e-5, 2.0664181995333625e-6], [0.08886258988465383, -0.01415541644321654, 0.0014609432794420187], [-0.07607238001546905, 0.01748103925705677, 0.0014233719323231988], [0.01577675753428985, 0.07120167685241319, 0.0981045616744681], [0.0187420720504637, 0.01444751209878714, -0.07268819549046425], [-0.0010241071068625464, -0.046443429586214995, 0.02986434208901147], [0.01886623896725577, 0.10449759586189955, -0.007757802828263591], [0.08715708683325445, 0.015810823855204097, 0.05576156370977278], [0.009418067174048339, 0.021352215253045162, 0.07654197813774133], [0.06194629088406429, -0.0546106737818116, 0.01985356539213093], [0.0037764838884660865, 0.05563203357858468, 0.029698050330442528], [0.08245017324151731, 0.031012551904441223, -0.01724521882124613], [0.07346738391367859, -0.021902044018961623, -0.060822672046959424], [0.00611190838583726, -0.046312649261419606, -0.059822775130916904], [0.019251845632377588, 0.06536794754854061, -0.03915376303387853], [-0.06961341806395734, 0.041615076432136286, 0.05977842054209714], [-0.0643812733381432, -0.036444689004152264, 0.017070605150550134], [-0.05965212724586606, 0.06375452175214731, -0.021849823451120777], [-0.046922151792094996, 0.007254887779601074, -0.06602013928874786]] world_obstacle=Some([[-0.02922723658934466, 0.6137952507499778, -0.08154636205519676], [-0.029752465681761056, 0.6312330320765769, -0.09464422842097438], [0.03229507248425009, 0.6071780208123819, -0.09584250894525875]]) local_obstacle=Some([[0.07611989909968955, 0.02600227900953589, 0.025747431968272033], [0.07559467000727316, 0.04344006033613501, 0.012649565602494417], [0.13764220817328432, 0.019385049071940053, 0.011451285078210041]]) nearest_world=Ok(Some(PrescribedContactFeature { distance_m: 0.00010000000000000574, gap_m: 6.425432624523008e-18, body_face: [10, 7, 11], obstacle_face_index: 1308, body_weights: [0.111864039547664, 0.5167317866993846, 0.3714041737529514], obstacle_weights: [1.0, 0.0, 0.0] })) nearest_local=Ok(Some(PrescribedContactFeature { distance_m: 9.999999999997377e-5, gap_m: -2.6115297882532303e-17, body_face: [10, 7, 11], obstacle_face_index: 1308, body_weights: [0.11186403954766388, 0.5167317866993847, 0.3714041737529514], obstacle_weights: [1.0, 0.0, 0.0] }))
IMPLICIT_TERMINAL_GEOMETRY dt=2.60416666666666663e-4 body_start=[[-0.10532955248031356, 0.5877880426951495, -0.10729251899530688], [-0.01634258803533713, 0.5736897231754551, -0.10561390459409489], [-0.18150856383520741, 0.6053566461725856, -0.10582866661742064], [-0.08957002469506273, 0.6590119359179127, -0.009195383502385517], [-0.0866044197399187, 0.6022406805295736, -0.17998246738296192], [-0.10641535150475646, 0.5413916692462782, -0.07734287239989454], [-0.08648068884079581, 0.6922972715459247, -0.11506108761119316], [-0.018238812349283394, 0.6036083229830627, -0.051539821207228734], [-0.09589587566025749, 0.6092978476490244, -0.030797525023047688], [-0.04349431333894573, 0.5331785057275269, -0.08746879345467432], [-0.10160804943088629, 0.6434650702060295, -0.07754940259416934], [-0.02292964319876341, 0.618731482673656, -0.12453437474007596], [-0.031858079268223594, 0.5658570178461962, -0.16805113347857706], [-0.099225056957858, 0.5414996714521949, -0.1670867431943099], [-0.08604264118393384, 0.6532727266212905, -0.14637232312543863], [-0.17501881174301695, 0.6295335310665794, -0.04756323548004355], [-0.16978713661907394, 0.5513379434608255, -0.09030157806667437], [-0.1650185737343855, 0.6515227126352883, -0.12917169501451817], [-0.15234367508836885, 0.5950480374957224, -0.17327212922171062]] body_end=[[-0.10531306662546737, 0.5877718883441441, -0.10729211597486897], [-0.016486209708596596, 0.5736331171081649, -0.10583714933771188], [-0.18141971252993042, 0.6052716876634454, -0.10587145146710288], [-0.08957037815474436, 0.6589946485928551, -0.009189232349000695], [-0.08660506363857051, 0.602240483839229, -0.17998198951393304], [-0.10637200829490623, 0.5413509423023798, -0.07743036309419814], [-0.08648089672177844, 0.6922905676023414, -0.11505159685173239], [-0.018184987527898124, 0.603610983105182, -0.05153015261757683], [-0.09593069424041012, 0.6091392906534412, -0.03074771584739361], [-0.043400534606194294, 0.5331830239940383, -0.08743974108150944], [-0.10158197193433319, 0.6433801393645189, -0.07760710885830166], [-0.022897160883275505, 0.6188082820001802, -0.12454228193325555], [-0.03188084035507995, 0.5658918075775652, -0.16811570239850923], [-0.09923554509799414, 0.5414811051779239, -0.16711616947351282], [-0.08609625598809133, 0.6531588340513824, -0.14645257461424177], [-0.17496153100340914, 0.6294076129379077, -0.04751459900073957], [-0.16972714410188425, 0.551349818279764, -0.09022333993724575], [-0.16499943195644273, 0.6515482736415829, -0.1291439547763905], [-0.15226774404444604, 0.5950475935288939, -0.17331302117385716]] nearest_end=Ok(Some(PrescribedContactFeature { distance_m: 0.00010000000020535254, gap_m: 2.0535137595147804e-13, body_face: [10, 7, 11], obstacle_face_index: 1308, body_weights: [0.11188008484254758, 0.5167408238259875, 0.3713790913314649], obstacle_weights: [1.0, 0.0, 0.0] })) obstacle_triangle_end=Some([[-0.02922723658934466, 0.6137952507499778, -0.08154636205519676], [-0.029752465681761056, 0.6312330320765769, -0.09464422842097438], [0.03229507248425009, 0.6071780208123819, -0.09584250894525875]])
IMPLICIT_FRAME_GEOMETRY dt=2.60416666666666663e-4 world_body=[[-0.10531306662546737, 0.5877718883441441, -0.10729211597486897], [-0.016486209708596596, 0.5736331171081649, -0.10583714933771188], [-0.18141971252993042, 0.6052716876634454, -0.10587145146710288], [-0.08957037815474436, 0.6589946485928551, -0.009189232349000695], [-0.08660506363857051, 0.602240483839229, -0.17998198951393304], [-0.10637200829490623, 0.5413509423023798, -0.07743036309419814], [-0.08648089672177844, 0.6922905676023414, -0.11505159685173239], [-0.018184987527898124, 0.603610983105182, -0.05153015261757683], [-0.09593069424041012, 0.6091392906534412, -0.03074771584739361], [-0.043400534606194294, 0.5331830239940383, -0.08743974108150944], [-0.10158197193433319, 0.6433801393645189, -0.07760710885830166], [-0.022897160883275505, 0.6188082820001802, -0.12454228193325555], [-0.03188084035507995, 0.5658918075775652, -0.16811570239850923], [-0.09923554509799414, 0.5414811051779239, -0.16711616947351282], [-0.08609625598809133, 0.6531588340513824, -0.14645257461424177], [-0.17496153100340914, 0.6294076129379077, -0.04751459900073957], [-0.16972714410188425, 0.551349818279764, -0.09022333993724575], [-0.16499943195644273, 0.6515482736415829, -0.1291439547763905], [-0.15226774404444604, 0.5950475935288939, -0.17331302117385716]] local_body=[[1.6485854846189413e-5, -1.6154351005389022e-5, 4.0302043790871284e-7], [0.08884334277171697, -0.01415492558698464, 0.0014553696575950073], [-0.07609016004961687, 0.017483644968295884, 0.0014210675282040064], [0.015759174325569197, 0.07120660589770555, 0.09810328664630619], [0.018724488841743048, 0.014452441144079509, -0.07268947051862616], [-0.0010424558145926738, -0.04643710039276975, 0.029862155901108748], [0.018848655758535116, 0.10450252490719192, -0.007759077856425503], [0.08714456495241543, 0.01582294041003257, 0.05576236637773005], [0.009398858239903446, 0.021351247958291734, 0.07654480314791329], [0.061929017874119266, -0.054605018701111195, 0.019852777913797446], [0.0037475805459803724, 0.05559209666936937, 0.02968541013700522], [0.08243239159703807, 0.031020239305030717, -0.01724976293794867], [0.0734487121252336, -0.021896235117584338, -0.06082318340320235], [0.0060940073823194255, -0.046306937517225616, -0.059823650478205946], [0.01923329649222223, 0.06537079135623296, -0.03916005561893489], [-0.06963197852309559, 0.04161957024275815, 0.05977791999456731], [-0.06439759162157069, -0.036438224415385474, 0.01706917905806113], [-0.05966987947612917, 0.06376023094643332, -0.021851435781083634], [-0.046938191564132495, 0.007259550833744451, -0.06602050217855027]] world_obstacle=Some([[-0.02922723658934466, 0.6137952507499778, -0.08154636205519676], [-0.029752465681761056, 0.6312330320765769, -0.09464422842097438], [0.03229507248425009, 0.6071780208123819, -0.09584250894525875]]) local_obstacle=Some([[0.0761023158909689, 0.026007208054828257, 0.02574615694011012], [0.0755770867985525, 0.04344498938142738, 0.012648290574332505], [0.13762462496456365, 0.01938997811723242, 0.011450010050048129]]) nearest_world=Ok(Some(PrescribedContactFeature { distance_m: 0.00010000000020535254, gap_m: 2.0535137595147804e-13, body_face: [10, 7, 11], obstacle_face_index: 1308, body_weights: [0.11188008484254758, 0.5167408238259875, 0.3713790913314649], obstacle_weights: [1.0, 0.0, 0.0] })) nearest_local=Ok(Some(PrescribedContactFeature { distance_m: 0.00010000000020532829, gap_m: 2.053282910633014e-13, body_face: [10, 7, 11], obstacle_face_index: 1308, body_weights: [0.11188008484254736, 0.5167408238259877, 0.3713790913314649], obstacle_weights: [1.0, 0.0, 0.0] }))
IMPLICIT_TERMINAL_GEOMETRY dt=2.60416666666666663e-4 body_start=[[-0.10505323693706338, 0.5867920442638058, -0.10769192354334131], [-0.016789568404064877, 0.5722797161467474, -0.10759362363385908], [-0.17854558279684313, 0.6039762049366544, -0.10604164631456184], [-0.0895792071534168, 0.6585623406642179, -0.009035394083194329], [-0.0866211381238177, 0.6022355411104852, -0.1799696818488805], [-0.10561781414388047, 0.5391944885397584, -0.07900494428853035], [-0.08648607243653307, 0.6921227846096598, -0.11481408198314358], [-0.0188907354314741, 0.6038420854574859, -0.05373013333465246], [-0.095681557596177, 0.6075584346090208, -0.031898754190753296], [-0.04362779639156695, 0.5328234462444635, -0.08760061233321866], [-0.10213081025889585, 0.6430629084605918, -0.07735270762215107], [-0.02271659805389263, 0.6186190688856581, -0.12528013402120095], [-0.03218638953872794, 0.5648784245756299, -0.16951635193562375], [-0.10052535469246364, 0.5418172920294578, -0.1677273746443322], [-0.08745585899338791, 0.6531626775282754, -0.14655767955626098], [-0.17470263242257908, 0.6279327526503068, -0.0463290498692519], [-0.16809883495601524, 0.5500166068866689, -0.08806791915669081], [-0.16507444593637466, 0.6523955711880722, -0.12885661387989833], [-0.15242892703984653, 0.5939056692412593, -0.1743086024375102]] body_end=[[-0.10506136222127571, 0.586771307971843, -0.10771307994564244], [-0.01673842462653721, 0.5722591831541537, -0.10757157634372182], [-0.17849530803155286, 0.6039005030267682, -0.1060366281596581], [-0.08957955993188313, 0.6585450419935062, -0.009029237526974432], [-0.08662177993328332, 0.6022353421046742, -0.1799691711671852], [-0.10568087100721361, 0.5390484088006969, -0.07898437592820669], [-0.08648627838026014, 0.6921160639021583, -0.1148045688707674], [-0.018863058465513872, 0.6039509340133937, -0.053851158710333205], [-0.095627029434961, 0.6075352814304519, -0.03196758501802332], [-0.04369725169350673, 0.5328180837984228, -0.087671860092078], [-0.10213347768705731, 0.6430697432430534, -0.07733594355684666], [-0.022653407103195536, 0.6185753072737209, -0.12538062625741722], [-0.03217234592475564, 0.5648118665728041, -0.1694364314217386], [-0.10058417924336772, 0.5417971970233884, -0.16778560361726003], [-0.08751564222054771, 0.6530869999427116, -0.14674675646228513], [-0.1746633273021624, 0.6280139885523005, -0.0463225147384918], [-0.1680512551508773, 0.5498459610892791, -0.08797823023326565], [-0.16499116744205694, 0.6523559832012886, -0.1288701826796362], [-0.1524654469788309, 0.5938871552837576, -0.17424909822561718]] nearest_end=Ok(Some(PrescribedContactFeature { distance_m: 0.0001000000000000037, gap_m: 2.276018904441355e-18, body_face: [10, 7, 11], obstacle_face_index: 1308, body_weights: [0.10913385895549838, 0.5389692273586908, 0.35189691368581083], obstacle_weights: [1.0, 0.0, 0.0] })) obstacle_triangle_end=Some([[-0.02924643155258068, 0.6134573669099326, -0.08156855968116228], [-0.029771446707047514, 0.6308920790756363, -0.09463945354585843], [0.0322846279328878, 0.6070864031857133, -0.09590793725088537]])
IMPLICIT_FRAME_GEOMETRY dt=2.60416666666666663e-4 world_body=[[-0.10506136222127571, 0.586771307971843, -0.10771307994564244], [-0.01673842462653721, 0.5722591831541537, -0.10757157634372182], [-0.17849530803155286, 0.6039005030267682, -0.1060366281596581], [-0.08957955993188313, 0.6585450419935062, -0.009029237526974432], [-0.08662177993328332, 0.6022353421046742, -0.1799691711671852], [-0.10568087100721361, 0.5390484088006969, -0.07898437592820669], [-0.08648627838026014, 0.6921160639021583, -0.1148045688707674], [-0.018863058465513872, 0.6039509340133937, -0.053851158710333205], [-0.095627029434961, 0.6075352814304519, -0.03196758501802332], [-0.04369725169350673, 0.5328180837984228, -0.087671860092078], [-0.10213347768705731, 0.6430697432430534, -0.07733594355684666], [-0.022653407103195536, 0.6185753072737209, -0.12538062625741722], [-0.03217234592475564, 0.5648118665728041, -0.1694364314217386], [-0.10058417924336772, 0.5417971970233884, -0.16778560361726003], [-0.08751564222054771, 0.6530869999427116, -0.14674675646228513], [-0.1746633273021624, 0.6280139885523005, -0.0463225147384918], [-0.1680512551508773, 0.5498459610892791, -0.08797823023326565], [-0.16499116744205694, 0.6523559832012886, -0.1288701826796362], [-0.1524654469788309, 0.5938871552837576, -0.17424909822561718]] local_body=[[-8.125284212337637e-6, -2.0736291962816563e-5, -2.115640230113635e-5], [0.08831481231052617, -0.01453286110965216, 0.0001203471996195], [-0.07344207109448948, 0.01710845876296242, 0.0016552953836832117], [0.01547367700518025, 0.07175299772970034, 0.09866268601636688], [0.018431457003780058, 0.015443297840868397, -0.07227724762384388], [-0.0006276340701502288, -0.047743635463108856, 0.028707547615134624], [0.018566958556803237, 0.10532401963835247, -0.007112645327426087], [0.0861901784715495, 0.017158889749587923, 0.053840764833008106], [0.009426207502102381, 0.020743237166646077, 0.07572433852531799], [0.06135598524355665, -0.05397396046538305, 0.02002006345126331], [0.0029197592500060676, 0.0562776989792476, 0.03035597998649465], [0.08239982983386784, 0.03178326300991513, -0.01768870271407591], [0.07288089101230773, -0.021980177691001638, -0.06174450787839727], [0.004469057693695653, -0.044994847240417454, -0.06009368007391871], [0.017537594716515673, 0.06629495567890574, -0.03905483291894382], [-0.06961009036509902, 0.04122194428849466, 0.061369408804849514], [-0.0629980182138139, -0.0369460831745267, 0.01971369331007566], [-0.05993793050499355, 0.06556393893748282, -0.021178259136294897], [-0.04741221004176752, 0.0070951110199517445, -0.06655717468227586]] world_obstacle=Some([[-0.02924643155258068, 0.6134573669099326, -0.08156855968116228], [-0.029771446707047514, 0.6308920790756363, -0.09463945354585843], [0.0322846279328878, 0.6070864031857133, -0.09590793725088537]]) local_obstacle=Some([[0.0758068053844827, 0.026665322646126755, 0.026123363862179033], [0.07528179023001587, 0.044100034811830446, 0.013052469997482885], [0.13733786486995117, 0.02029435892190745, 0.011783986292455945]]) nearest_world=Ok(Some(PrescribedContactFeature { distance_m: 0.0001000000000000037, gap_m: 2.276018904441355e-18, body_face: [10, 7, 11], obstacle_face_index: 1308, body_weights: [0.10913385895549838, 0.5389692273586908, 0.35189691368581083], obstacle_weights: [1.0, 0.0, 0.0] })) nearest_local=Ok(Some(PrescribedContactFeature { distance_m: 9.999999999997737e-5, gap_m: -2.292805792596301e-17, body_face: [10, 7, 11], obstacle_face_index: 1308, body_weights: [0.10913385895549826, 0.538969227358691, 0.3518969136858107], obstacle_weights: [1.0, 0.0, 0.0] }))
WIDE_IMPORTED_CONTACT_COMMITTED step=180
IMPLICIT_TERMINAL_GEOMETRY dt=2.60416666666666663e-4 body_start=[[-0.106312641908139, 0.5863410935523958, -0.10970650957252902], [-0.01669338797444795, 0.5710456322657148, -0.10859846752979964], [-0.18117587827427145, 0.6034161419789213, -0.1040817873307884], [-0.08958177014985011, 0.6566652474488714, -0.008244387182327562], [-0.0865974727970866, 0.6025056101425937, -0.17987726558682937], [-0.1089627479973902, 0.5372227707704568, -0.08290612667479502], [-0.08642784405820012, 0.6915604940134132, -0.11358852598058344], [-0.018382775346110675, 0.6018762836269931, -0.05415577368438008], [-0.09624658536329328, 0.6058575637511876, -0.03394216711472719], [-0.04695790666437978, 0.5310997111660671, -0.09130716742122436], [-0.10273217082378633, 0.6407421606369207, -0.07834814626558421], [-0.022892739853378682, 0.6177450900015178, -0.12495798569634713], [-0.03180230672071008, 0.5641738035904283, -0.17059732729831392], [-0.102386427465234, 0.5429422811713474, -0.17105014364785648], [-0.08683244600563815, 0.6533394089690302, -0.14556474031800468], [-0.17532804128424956, 0.6240943452144423, -0.04485218408934393], [-0.17145712921989184, 0.5475663772838584, -0.09006728651485449], [-0.16725041909576688, 0.6518258790561304, -0.1267610775571474], [-0.1540366237645133, 0.5951231082836904, -0.17261123217528865]] body_end=[[-0.10634150408123651, 0.5863654980145967, -0.10971464337297106], [-0.01671804021983553, 0.5711640515668657, -0.1083816905321749], [-0.18122465794977494, 0.6035187456910894, -0.10405881795768951], [-0.08958091885806573, 0.656651968804937, -0.00823604822425169], [-0.08659503862542882, 0.6025145886125888, -0.1798758967316375], [-0.10898469819198596, 0.5372495820664969, -0.08297034903283786], [-0.08642549009338983, 0.6915608566734258, -0.11357560728832047], [-0.018410748214989316, 0.6018833243320928, -0.05414977250239301], [-0.09632030653974445, 0.6058106594202729, -0.0339568958465509], [-0.04691304033575107, 0.5310791862148247, -0.09123102772140787], [-0.10278728704339891, 0.6407761075695201, -0.0784017796517174], [-0.022816306389767952, 0.6178516122689027, -0.12494851416008516], [-0.03186486534009229, 0.5641365182974724, -0.17061874367173743], [-0.10229482409061075, 0.5430604592904248, -0.1710224515190073], [-0.08687621059652582, 0.6532701278584478, -0.14565547581960922], [-0.1754159602072988, 0.6241358684460693, -0.044870743854465864], [-0.1714259678497863, 0.5475747871184885, -0.09009109263620228], [-0.16719721885656036, 0.6517736701116987, -0.1268617700428643], [-0.1540332569374833, 0.5952680339271633, -0.1725238249009281]] nearest_end=Ok(Some(PrescribedContactFeature { distance_m: 0.0001000000000000015, gap_m: 5.617190008268484e-19, body_face: [10, 7, 11], obstacle_face_index: 1308, body_weights: [0.11129903370245614, 0.5385194471804139, 0.35018151911712997], obstacle_weights: [1.0, 0.0, 0.0] })) obstacle_triangle_end=Some([[-0.029307745437519697, 0.6118950315964305, -0.08162313186119527], [-0.0298332140858398, 0.629320680609985, -0.09459112227636761], [0.03226543671858388, 0.6063569875881294, -0.09610478759235569]])
IMPLICIT_FRAME_GEOMETRY dt=2.60416666666666663e-4 world_body=[[-0.10634150408123651, 0.5863654980145967, -0.10971464337297106], [-0.01671804021983553, 0.5711640515668657, -0.1083816905321749], [-0.18122465794977494, 0.6035187456910894, -0.10405881795768951], [-0.08958091885806573, 0.656651968804937, -0.00823604822425169], [-0.08659503862542882, 0.6025145886125888, -0.1798758967316375], [-0.10898469819198596, 0.5372495820664969, -0.08297034903283786], [-0.08642549009338983, 0.6915608566734258, -0.11357560728832047], [-0.018410748214989316, 0.6018833243320928, -0.05414977250239301], [-0.09632030653974445, 0.6058106594202729, -0.0339568958465509], [-0.04691304033575107, 0.5310791862148247, -0.09123102772140787], [-0.10278728704339891, 0.6407761075695201, -0.0784017796517174], [-0.022816306389767952, 0.6178516122689027, -0.12494851416008516], [-0.03186486534009229, 0.5641365182974724, -0.17061874367173743], [-0.10229482409061075, 0.5430604592904248, -0.1710224515190073], [-0.08687621059652582, 0.6532701278584478, -0.14565547581960922], [-0.1754159602072988, 0.6241358684460693, -0.044870743854465864], [-0.1714259678497863, 0.5475747871184885, -0.09009109263620228], [-0.16719721885656036, 0.6517736701116987, -0.1268617700428643], [-0.1540332569374833, 0.5952680339271633, -0.1725238249009281]] local_body=[[-2.8862173097512177e-5, 2.4404462200862008e-5, -8.133800442041689e-6], [0.08959460168830347, -0.015177041985530151, 0.001324819040354116], [-0.07491201604163594, 0.017177652138693596, 0.005647691614839511], [0.01673172305007327, 0.0703108752525412, 0.10147046134827734], [0.019717603282710175, 0.016173495060192944, -0.07016938715910849], [-0.0026720562838469667, -0.04909151148589893, 0.026736160539691165], [0.019887151814749163, 0.10521976312102999, -0.0038690977157914558], [0.08790189369314969, 0.01554223077969702, 0.05555673707013601], [0.009992335368394539, 0.019469565867877025, 0.07574961372597813], [0.059399601572387925, -0.055261907337571026, 0.018475481851121155], [0.0035253548647400865, 0.054435014017124285, 0.031304729920811625], [0.08349633551837105, 0.031510518716506924, -0.015242004587556148], [0.0744477765680467, -0.022204575254923437, -0.0609122340992084], [0.004017817817528242, -0.04328063426197099, -0.06131594194647829], [0.019436431311613163, 0.06692903430605206, -0.035948966247080195], [-0.0691033182991598, 0.037794774893673465, 0.06483576571806317], [-0.06511332594164732, -0.038766306433907306, 0.019615416936326728], [-0.06088457694842137, 0.06543257655930287, -0.0171552604703353], [-0.0477206150293443, 0.008926940374767503, -0.06281731532839907]] world_obstacle=Some([[-0.029307745437519697, 0.6118950315964305, -0.08162313186119527], [-0.0298332140858398, 0.629320680609985, -0.09459112227636761], [0.03226543671858388, 0.6063569875881294, -0.09610478759235569]]) local_obstacle=Some([[0.0770048964706193, 0.02555393804403472, 0.02808337771133375], [0.07647942782229919, 0.0429795870575892, 0.015115387296161409], [0.1385780786267229, 0.02001589403573356, 0.013601721980173329]]) nearest_world=Ok(Some(PrescribedContactFeature { distance_m: 0.0001000000000000015, gap_m: 5.617190008268484e-19, body_face: [10, 7, 11], obstacle_face_index: 1308, body_weights: [0.11129903370245614, 0.5385194471804139, 0.35018151911712997], obstacle_weights: [1.0, 0.0, 0.0] })) nearest_local=Ok(Some(PrescribedContactFeature { distance_m: 9.999999999996364e-5, gap_m: -4.107200973777053e-17, body_face: [10, 7, 11], obstacle_face_index: 1308, body_weights: [0.11129903370245597, 0.5385194471804141, 0.3501815191171299], obstacle_weights: [1.0, 0.0, 0.0] }))
IMPLICIT_TERMINAL_GEOMETRY dt=2.60416666666666663e-4 body_start=[[-0.10767203336272264, 0.5862727511913247, -0.10987770156932163], [-0.018772057722805723, 0.570875430585144, -0.10782052985908377], [-0.18288338705105323, 0.6045444132946208, -0.10560792306512377], [-0.08955283418179237, 0.6562133820545962, -0.007960683280673606], [-0.08651463711950068, 0.6028107669144964, -0.17982961336549927], [-0.10843236517580716, 0.537096314017718, -0.0816284398379965], [-0.08634778514267312, 0.6915722355342809, -0.11314853972894606], [-0.019246917322883188, 0.6011923060795442, -0.053903645049963436], [-0.09691624963173975, 0.6053549633744417, -0.034137245619330805], [-0.04720368932326666, 0.5311496957219551, -0.08863381030235458], [-0.1035649076639643, 0.640363252184667, -0.07849582711957014], [-0.022650802741684364, 0.6178617796399645, -0.12465743834973703], [-0.03280474009129348, 0.5637296842877549, -0.16933351665442783], [-0.10166007774322831, 0.5421480092864465, -0.17172464574274962], [-0.0862905339739702, 0.6525006905417725, -0.1452002459389831], [-0.17685067451433378, 0.6248933144507798, -0.046309078024055005], [-0.16968437558000124, 0.548174907367557, -0.0911135156830906], [-0.1669733984830057, 0.6531488278195995, -0.12717938071161136], [-0.1549639252158004, 0.596033935399768, -0.17304298532845963]] body_end=[[-0.10771434732162734, 0.586230845917355, -0.1098911810185743], [-0.018717794128984135, 0.5708481375062079, -0.1079927697479109], [-0.18279888557684096, 0.6045405155107314, -0.10557164065079495], [-0.08955198368828854, 0.6562000642455683, -0.007952326423117446], [-0.08651219556597087, 0.6028197341701059, -0.17982813340562304], [-0.10841351484450322, 0.5372367342888499, -0.08162409762508016], [-0.08634542877179696, 0.6915725392393153, -0.11313554601487691], [-0.019293493362003183, 0.6012514663980085, -0.05379711587007898], [-0.09680221426286952, 0.60529632117587, -0.034158993840000006], [-0.047336332921444485, 0.5312241045802755, -0.08859003164077998], [-0.10360751971326951, 0.6404457561970172, -0.07851295194187978], [-0.02265611813966597, 0.6178694645330126, -0.12458489447003343], [-0.03279768703835909, 0.5636570163265993, -0.1693593215835241], [-0.10167779965217179, 0.5419893785589481, -0.1717512145812617], [-0.086375867954534, 0.6524591612779445, -0.14517081753471217], [-0.17689705730023614, 0.6247602729192091, -0.046397949214973595], [-0.16965492186189196, 0.548114003223858, -0.09110281934790436], [-0.1670275500772183, 0.6532165739858915, -0.1272803448929764], [-0.15494358366157054, 0.5960739452580485, -0.1730628929257192]] nearest_end=Ok(Some(PrescribedContactFeature { distance_m: 0.00010000000000004367, gap_m: 4.378323099326727e-17, body_face: [10, 3, 7], obstacle_face_index: 3062, body_weights: [0.9131168689245956, 0.08688313107540432, 0.0], obstacle_weights: [0.3119359730922748, 0.0, 0.6880640269077252] })) obstacle_triangle_end=Some([[-0.13051257666020663, 0.6465806801727156, -0.04822819665605975], [-0.12707579787827827, 0.6708399013463628, -0.04278660655693012], [-0.08963835200786417, 0.639795736726863, -0.08336388388332727]])
IMPLICIT_FRAME_GEOMETRY dt=2.60416666666666663e-4 world_body=[[-0.10771434732162734, 0.586230845917355, -0.1098911810185743], [-0.018717794128984135, 0.5708481375062079, -0.1079927697479109], [-0.18279888557684096, 0.6045405155107314, -0.10557164065079495], [-0.08955198368828854, 0.6562000642455683, -0.007952326423117446], [-0.08651219556597087, 0.6028197341701059, -0.17982813340562304], [-0.10841351484450322, 0.5372367342888499, -0.08162409762508016], [-0.08634542877179696, 0.6915725392393153, -0.11313554601487691], [-0.019293493362003183, 0.6012514663980085, -0.05379711587007898], [-0.09680221426286952, 0.60529632117587, -0.034158993840000006], [-0.047336332921444485, 0.5312241045802755, -0.08859003164077998], [-0.10360751971326951, 0.6404457561970172, -0.07851295194187978], [-0.02265611813966597, 0.6178694645330126, -0.12458489447003343], [-0.03279768703835909, 0.5636570163265993, -0.1693593215835241], [-0.10167779965217179, 0.5419893785589481, -0.1717512145812617], [-0.086375867954534, 0.6524591612779445, -0.14517081753471217], [-0.17689705730023614, 0.6247602729192091, -0.046397949214973595], [-0.16965492186189196, 0.548114003223858, -0.09110281934790436], [-0.1670275500772183, 0.6532165739858915, -0.1272803448929764], [-0.15494358366157054, 0.5960739452580485, -0.1730628929257192]] local_body=[[-4.231395890469147e-5, -4.190527396974138e-5, -1.3479449252674815e-5], [0.0889542392337385, -0.01542461368511687, 0.0018849318214107223], [-0.07512685221411833, 0.018267764319406722, 0.004306060918526673], [0.018120049674434105, 0.0699273130542436, 0.10192537514620417], [0.021159837796751776, 0.01654698297878121, -0.06995043183630141], [-0.0007414814817805724, -0.04903601690247486, 0.028253603944241465], [0.021326604590925682, 0.10529978804799056, -0.003257844445555283], [0.08837854000071947, 0.014978715206683764, 0.056080585699242645], [0.010869819099853132, 0.01902356998454529, 0.07571870772932163], [0.06033570044127816, -0.05504864661104925, 0.02128766992854164], [0.004064513649453139, 0.0541730050056925, 0.03136474962744185], [0.08501591522305668, 0.031596713341687906, -0.014707192900711805], [0.07487434632436354, -0.02261573486472545, -0.059481620014202465], [0.005994233710550853, -0.0442833726323766, -0.06187351301194008], [0.021296165408188638, 0.06618641008661973, -0.03529311596539055], [-0.0692250239375135, 0.03848752172788443, 0.06347975235434804], [-0.06198288849916932, -0.03815874796746676, 0.018774882221417273], [-0.059355516714495675, 0.0669438227945668, -0.01740264332365479], [-0.04727155029884791, 0.009801194066723784, -0.06318519135639757]] world_obstacle=Some([[-0.13051257666020663, 0.6465806801727156, -0.04822819665605975], [-0.12707579787827827, 0.6708399013463628, -0.04278660655693012], [-0.08963835200786417, 0.639795736726863, -0.08336388388332727]]) local_obstacle=Some([[-0.022840543297483987, 0.060307928981390924, 0.06164950491326188], [-0.01940376451555563, 0.08456715015503813, 0.06709109501239151], [0.018033681354858472, 0.05352298553553825, 0.026513817685994354]]) nearest_world=Ok(Some(PrescribedContactFeature { distance_m: 0.00010000000000004367, gap_m: 4.378323099326727e-17, body_face: [10, 3, 7], obstacle_face_index: 3062, body_weights: [0.9131168689245956, 0.08688313107540432, 0.0], obstacle_weights: [0.3119359730922748, 0.0, 0.6880640269077252] })) nearest_local=Ok(Some(PrescribedContactFeature { distance_m: 9.999999999999422e-5, gap_m: -4.427319206510843e-18, body_face: [3, 10, 15], obstacle_face_index: 3062, body_weights: [0.08688313107540424, 0.9131168689245958, 0.0], obstacle_weights: [0.3119359730922746, 0.0, 0.6880640269077254] }))
IMPLICIT_TERMINAL_GEOMETRY dt=2.60416666666666663e-4 body_start=[[-0.10794222043827344, 0.5859509706411229, -0.11005621017820569], [-0.018560032110835737, 0.5715006695190047, -0.10804071559250464], [-0.18238350384586502, 0.6046762973512271, -0.10554665557423182], [-0.0895468807272655, 0.6561201573914013, -0.007902185277780492], [-0.08649754624479204, 0.602873537703763, -0.17981925364636575], [-0.10851374005123794, 0.5370612032838326, -0.08129465075093871], [-0.08633129054653997, 0.6915743614695209, -0.11305758373046199], [-0.01958819582077914, 0.6011026391252129, -0.053653899187011404], [-0.09604124949392653, 0.6053808674725282, -0.03403676928967253], [-0.04792324136955472, 0.5318058676894519, -0.08861518938527665], [-0.10340879373355302, 0.6402717609492964, -0.07855489484894751], [-0.022794768559000478, 0.617482391962416, -0.12404632630114522], [-0.03285463658151022, 0.5630725725063599, -0.16962828666343746], [-0.10172428567513175, 0.5417149180678378, -0.17166194800970067], [-0.08679211897162856, 0.6524657265104409, -0.14512908310649417], [-0.1770901922144097, 0.6241381421595429, -0.04683233252939268], [-0.16977250728468823, 0.5475743448932971, -0.09097245872879907], [-0.167255338550658, 0.6535551209496097, -0.12783576839174982], [-0.15449247409838796, 0.5961222374612175, -0.17313756459023108]] body_end=[[-0.10797640878007772, 0.5859110993063429, -0.11009757757695726], [-0.018554599091900072, 0.5716437604331043, -0.10789485052201796], [-0.18237729694373553, 0.6046862348555605, -0.10560230548315781], [-0.08954603023376166, 0.6561068395823734, -0.007893828420224333], [-0.08649510469126223, 0.6028825049593725, -0.17981777368648952], [-0.10858578458444057, 0.5368597710938657, -0.08118534658526905], [-0.08632893417566381, 0.6915746651745552, -0.11304459001639283], [-0.01958796936933978, 0.6010624967161354, -0.05368341351185633], [-0.09593467461979784, 0.6054417656211221, -0.033945503424691076], [-0.047969331103896375, 0.5318966443266265, -0.0886503250326253], [-0.10335535345601628, 0.6403146217298322, -0.0786667773840171], [-0.02285022762712475, 0.6174113124292617, -0.12399549365130313], [-0.03286530429061689, 0.5629769905978492, -0.16967765403045965], [-0.10173352539487596, 0.5417568563537317, -0.17162048047871498], [-0.08682826414009333, 0.6525072747275084, -0.14510999918866796], [-0.17708519992429816, 0.6240677135925143, -0.04687665877546522], [-0.16983268165651133, 0.5474673211357767, -0.09094179229939695], [-0.16726026731992208, 0.6536151015367306, -0.12790506034294505], [-0.15437671840450676, 0.5960964645089273, -0.17315496840831504]] nearest_end=Ok(Some(PrescribedContactFeature { distance_m: 0.00010000000000000402, gap_m: 4.0152170612807676e-18, body_face: [10, 3, 7], obstacle_face_index: 3062, body_weights: [0.9135993612980696, 0.08640063870193035, 0.0], obstacle_weights: [0.3064929108104441, 0.0, 0.6935070891895558] })) obstacle_triangle_end=Some([[-0.13050876896348534, 0.6464791007637212, -0.04820154327974625], [-0.12707084659012952, 0.6707312404493809, -0.0427573891555284], [-0.08963769671510205, 0.6396985566733522, -0.08334433544260834]])
IMPLICIT_FRAME_GEOMETRY dt=2.60416666666666663e-4 world_body=[[-0.10797640878007772, 0.5859110993063429, -0.11009757757695726], [-0.018554599091900072, 0.5716437604331043, -0.10789485052201796], [-0.18237729694373553, 0.6046862348555605, -0.10560230548315781], [-0.08954603023376166, 0.6561068395823734, -0.007893828420224333], [-0.08649510469126223, 0.6028825049593725, -0.17981777368648952], [-0.10858578458444057, 0.5368597710938657, -0.08118534658526905], [-0.08632893417566381, 0.6915746651745552, -0.11304459001639283], [-0.01958796936933978, 0.6010624967161354, -0.05368341351185633], [-0.09593467461979784, 0.6054417656211221, -0.033945503424691076], [-0.047969331103896375, 0.5318966443266265, -0.0886503250326253], [-0.10335535345601628, 0.6403146217298322, -0.0786667773840171], [-0.02285022762712475, 0.6174113124292617, -0.12399549365130313], [-0.03286530429061689, 0.5629769905978492, -0.16967765403045965], [-0.10173352539487596, 0.5417568563537317, -0.17162048047871498], [-0.08682826414009333, 0.6525072747275084, -0.14510999918866796], [-0.17708519992429816, 0.6240677135925143, -0.04687665877546522], [-0.16983268165651133, 0.5474673211357767, -0.09094179229939695], [-0.16726026731992208, 0.6536151015367306, -0.12790506034294505], [-0.15437671840450676, 0.5960964645089273, -0.17315496840831504]] local_body=[[-3.4188341804280855e-5, -3.987133478005525e-5, -4.1367398751572294e-5], [0.08938762134637337, -0.014307210208018614, 0.002161359656187725], [-0.0744350765054621, 0.018735264214437573, 0.004453904695047873], [0.018396190204511775, 0.07015586894125048, 0.10216238175798135], [0.021447115747011206, 0.016931534318249564, -0.06976156350828383], [-0.0006435641461671308, -0.04909119954725716, 0.028870863592936634], [0.021613286262609624, 0.10562369453343234, -0.002988379838187144], [0.08835425106893365, 0.015111526075012536, 0.05637279666634936], [0.012007545818475605, 0.019490794979999115, 0.07611070675351461], [0.05997288933437706, -0.054054326314496345, 0.021405885145580394], [0.004586866982257159, 0.054363651088709386, 0.03138943279418858], [0.0850919928111487, 0.031460341788138856, -0.013939283473097445], [0.07507691614765655, -0.022973980043273615, -0.05962144385225395], [0.006208695043397484, -0.04419411428739122, -0.061564270300509275], [0.021113956298180102, 0.06655630408638548, -0.03505378901046228], [-0.06914297948602473, 0.038116742951391454, 0.06317955140274048], [-0.06189046121823789, -0.03848364950534626, 0.019114417878808743], [-0.05931804688164864, 0.06766413089560779, -0.017848850164739364], [-0.046434497966233314, 0.010145493867804441, -0.06309875823010937]] world_obstacle=Some([[-0.13050876896348534, 0.6464791007637212, -0.04820154327974625], [-0.12707084659012952, 0.6707312404493809, -0.0427573891555284], [-0.08963769671510205, 0.6396985566733522, -0.08334433544260834]]) local_obstacle=Some([[-0.022566548525211907, 0.06052813012259828, 0.061854666898459434], [-0.01912862615185608, 0.08478026980825804, 0.06729882102267729], [0.018304523723171387, 0.05374758603222929, 0.026711874735597343]]) nearest_world=Ok(Some(PrescribedContactFeature { distance_m: 0.00010000000000000402, gap_m: 4.0152170612807676e-18, body_face: [10, 3, 7], obstacle_face_index: 3062, body_weights: [0.9135993612980696, 0.08640063870193035, 0.0], obstacle_weights: [0.3064929108104441, 0.0, 0.6935070891895558] })) nearest_local=Ok(Some(PrescribedContactFeature { distance_m: 9.9999999999953e-5, gap_m: -4.688790443527303e-17, body_face: [10, 3, 7], obstacle_face_index: 3062, body_weights: [0.9135993612980697, 0.08640063870193032, 0.0], obstacle_weights: [0.30649291081044416, 0.0, 0.6935070891895558] }))
WIDE_IMPORTED_CONTACT_COMMITTED step=192
IMPLICIT_TERMINAL_GEOMETRY dt=5.20833333333333326e-4 body_start=[[-0.10943192454790565, 0.5842801589733465, -0.11161270319017], [-0.018355333510419965, 0.5691193018588315, -0.11029996323492255], [-0.1823740475581593, 0.6030730435379004, -0.10716068816094276], [-0.08937269849451293, 0.6542108951441993, -0.006331603691276333], [-0.0858818921977263, 0.605062324607289, -0.1794563282605897], [-0.10980193500160214, 0.5350891669171818, -0.08397000393879459], [-0.08579944424601607, 0.6921505704674498, -0.1106042920446692], [-0.019291238671803067, 0.6006585055024972, -0.057088916647072274], [-0.09710779731838912, 0.6031733795424677, -0.03561358582507526], [-0.04870690815776601, 0.5303123554705877, -0.09260295461919162], [-0.10525685048844124, 0.6379826778810401, -0.07847964265141773], [-0.02360887856850157, 0.6143252479459282, -0.12800632870636397], [-0.03270475754948832, 0.5653249086213304, -0.1736027813811178], [-0.10130265727665486, 0.5429844794699092, -0.1751226448457994], [-0.08618100806620778, 0.6560373342512502, -0.1433146741081357], [-0.17730942978857833, 0.6218130095773662, -0.04719758031964596], [-0.17135200559083152, 0.5457025163159869, -0.09275653289901414], [-0.16673201178350178, 0.6527639757444292, -0.1305569256764386], [-0.1522356097544892, 0.5972154681937769, -0.17634546557323058]] body_end=[[-0.10944898848435937, 0.5842656056952962, -0.11174425077272168], [-0.01816370393704581, 0.5690617936724544, -0.11000119269671513], [-0.1822633651510431, 0.6033293209713039, -0.10716641927099482], [-0.0893699274705425, 0.6541900169169785, -0.006308161566454015], [-0.0858706946928173, 0.6051014354130375, -0.17944974617495302], [-0.10958619984625587, 0.535142593836088, -0.08406811982039003], [-0.0857903833880961, 0.6921657970399491, -0.11056749715173855], [-0.01935660153542757, 0.6008243648845316, -0.05707313097067462], [-0.09687398507731941, 0.6034504808495889, -0.03572551919366091], [-0.048869989971524204, 0.5304484299669864, -0.09282096440459027], [-0.10517793986480116, 0.6378926585430326, -0.07858531610704923], [-0.023588407720086225, 0.6144094761379346, -0.12807796488131099], [-0.03275901285719114, 0.5652412728368688, -0.17376434304171964], [-0.1013115359712342, 0.5430084724641754, -0.17507059306902942], [-0.0860978969041774, 0.6561130799057355, -0.14327488452313647], [-0.17744376605781106, 0.6216798286045123, -0.047071956987572466], [-0.17123211703209418, 0.545433779652684, -0.09285115079832716], [-0.1667827916840689, 0.65281453580339, -0.13054500309606457], [-0.15222022908008287, 0.5973579833701652, -0.1763502001583779]] nearest_end=Ok(Some(PrescribedContactFeature { distance_m: 0.0001000000000000128, gap_m: 1.3050828460025907e-17, body_face: [10, 7, 11], obstacle_face_index: 1308, body_weights: [0.10078907462739628, 0.585014289019244, 0.3141966363533597], obstacle_weights: [1.0, 0.0, 0.0] })) obstacle_triangle_end=Some([[-0.029300194027040212, 0.6089208901580812, -0.0815353309827932], [-0.02983492992188895, 0.6263692680552546, -0.09443192083030225], [0.032349672115262684, 0.6031664986484824, -0.09615100223135069]])
IMPLICIT_FRAME_GEOMETRY dt=5.20833333333333326e-4 world_body=[[-0.10944898848435937, 0.5842656056952962, -0.11174425077272168], [-0.01816370393704581, 0.5690617936724544, -0.11000119269671513], [-0.1822633651510431, 0.6033293209713039, -0.10716641927099482], [-0.0893699274705425, 0.6541900169169785, -0.006308161566454015], [-0.0858706946928173, 0.6051014354130375, -0.17944974617495302], [-0.10958619984625587, 0.535142593836088, -0.08406811982039003], [-0.0857903833880961, 0.6921657970399491, -0.11056749715173855], [-0.01935660153542757, 0.6008243648845316, -0.05707313097067462], [-0.09687398507731941, 0.6034504808495889, -0.03572551919366091], [-0.048869989971524204, 0.5304484299669864, -0.09282096440459027], [-0.10517793986480116, 0.6378926585430326, -0.07858531610704923], [-0.023588407720086225, 0.6144094761379346, -0.12807796488131099], [-0.03275901285719114, 0.5652412728368688, -0.17376434304171964], [-0.1013115359712342, 0.5430084724641754, -0.17507059306902942], [-0.0860978969041774, 0.6561130799057355, -0.14327488452313647], [-0.17744376605781106, 0.6216798286045123, -0.047071956987572466], [-0.17123211703209418, 0.545433779652684, -0.09285115079832716], [-0.1667827916840689, 0.65281453580339, -0.13054500309606457], [-0.15222022908008287, 0.5973579833701652, -0.1763502001583779]] local_body=[[-1.706393645371616e-5, -1.4553278050280557e-5, -0.00013154758255168184], [0.09126822061085985, -0.015218365300892114, 0.0016115104934548688], [-0.07283144060313744, 0.01904916199795732, 0.004446283919175173], [0.020061997077363156, 0.06990985794363203, 0.10530454162371598], [0.02356122985508835, 0.020821276439691005, -0.06783704298478302], [-0.00015427529835020836, -0.049137565137258574, 0.02754458336977996], [0.023641541159809557, 0.10788563806660256, 0.0010452060384314454], [0.09007532301247807, 0.01654420591118516, 0.05453957221949538], [0.012557939470586237, 0.019170321876242388, 0.0758871839965091], [0.06056193457638145, -0.05383172900636009, 0.018791738785579732], [0.004253984683104494, 0.05361249956968602, 0.033027387083120766], [0.08584351682781943, 0.030129317164588144, -0.01646526169114098], [0.07667291169071451, -0.019038886136477747, -0.06215163985154963], [0.008120388576671448, -0.04127168650917116, -0.0634578898788594], [0.023334027643728245, 0.07183292093238904, -0.03166218133296648], [-0.06801184150990543, 0.0373996696311658, 0.06454074620259753], [-0.061800192484188526, -0.03884637932066249, 0.01876155239184284], [-0.05735086713616324, 0.06853437683004351, -0.01893229990589456], [-0.042788304532177204, 0.013077824396818667, -0.0647374969682079]] world_obstacle=Some([[-0.029300194027040212, 0.6089208901580812, -0.0815353309827932], [-0.02983492992188895, 0.6263692680552546, -0.09443192083030225], [0.032349672115262684, 0.6031664986484824, -0.09615100223135069]]) local_obstacle=Some([[0.08013173052086545, 0.024640731184734643, 0.0300773722073768], [0.0795969946260167, 0.042089109081908105, 0.017180782359867752], [0.14178159666316834, 0.018886339675135866, 0.01546170095881931]]) nearest_world=Ok(Some(PrescribedContactFeature { distance_m: 0.0001000000000000128, gap_m: 1.3050828460025907e-17, body_face: [10, 7, 11], obstacle_face_index: 1308, body_weights: [0.10078907462739628, 0.585014289019244, 0.3141966363533597], obstacle_weights: [1.0, 0.0, 0.0] })) nearest_local=Ok(Some(PrescribedContactFeature { distance_m: 9.999999999997917e-5, gap_m: -2.0893827140161024e-17, body_face: [10, 7, 11], obstacle_face_index: 1308, body_weights: [0.10078907462739595, 0.5850142890192442, 0.3141966363533598], obstacle_weights: [1.0, 0.0, 0.0] }))
WIDE_IMPORTED_CONTACT_COMMITTED step=204
IMPLICIT_TERMINAL_GEOMETRY dt=5.20833333333333326e-4 body_start=[[-0.1118962809025028, 0.5833966863996818, -0.1162695681666934], [-0.022189152728987846, 0.5670746669489446, -0.11499995713880053], [-0.18370443882496426, 0.6031311094902965, -0.10848564030336916], [-0.08893950433489162, 0.6517324597402335, -0.003646938529788049], [-0.08448992962156408, 0.6096485355009595, -0.17860167134987526], [-0.11317392938451537, 0.5308408763429424, -0.09304507843866171], [-0.08454722607115972, 0.6938652477621765, -0.10626538059490137], [-0.019117216929367218, 0.5959941844420249, -0.0600439470312004], [-0.09678842100994069, 0.5999423292310457, -0.040009282234591784], [-0.053198704330572416, 0.5274922659340693, -0.09881067276302423], [-0.10711137643562993, 0.6339987045485536, -0.08076030514441261], [-0.022580977648970782, 0.6127280256245272, -0.13039255915129208], [-0.031536151286094924, 0.5656827401007384, -0.17862494979006127], [-0.10232202859425588, 0.5473122023931358, -0.18245316668502062], [-0.08492757058623988, 0.6574353979379322, -0.14069735355806962], [-0.17960081448180104, 0.617577175467883, -0.04829470124579021], [-0.1737932345791715, 0.5433858425220601, -0.09779311603403798], [-0.1674727084399646, 0.6550355308231728, -0.13002331780614482], [-0.15258159632943166, 0.601218365632033, -0.17807772982688205]] body_end=[[-0.11190787396513396, 0.5833911124882529, -0.11632437929204774], [-0.022021837802816753, 0.567143337933605, -0.1152576736765291], [-0.1835980751488746, 0.6029724444910617, -0.10864643290808285], [-0.08893732143421318, 0.6517235940724788, -0.003643631580698886], [-0.08448820511084715, 0.6096522293388953, -0.178601397636479], [-0.11304223544433023, 0.5306620298614815, -0.09323255946058316], [-0.08454331610496732, 0.6938636960984086, -0.10625899710750686], [-0.01915347409811652, 0.5959463781999979, -0.06002719834496732], [-0.09676528523300756, 0.5999944346978885, -0.04011533901368572], [-0.053165487328652186, 0.5273143823804841, -0.09873130974782443], [-0.10711680093143729, 0.6341388247729765, -0.08074227576497883], [-0.02259413897920883, 0.6126519719802173, -0.13042616257746578], [-0.031444179106972746, 0.5656962791731279, -0.178770580501962], [-0.10226789065840823, 0.5472206605489683, -0.18232746971222583], [-0.08483359277650104, 0.6573979067728731, -0.14069825881286668], [-0.17979139167549504, 0.6174561277557239, -0.04806083806426606], [-0.17376686142450679, 0.5434097603524444, -0.09779224206330119], [-0.16753682562817396, 0.65508216779694, -0.12997244868600977], [-0.15265872118663884, 0.6014072342511143, -0.17813897306904639]] nearest_end=Ok(Some(PrescribedContactFeature { distance_m: 0.00010000000000002234, gap_m: 2.233945856558969e-17, body_face: [3, 10, 15], obstacle_face_index: 3062, body_weights: [0.15379147182157282, 0.8462085281784272, 0.0], obstacle_weights: [0.36599377367495217, 0.0, 0.6340062263250479] })) obstacle_triangle_end=Some([[-0.12996971951089978, 0.6416866992323143, -0.046390282796538534], [-0.1263795111809615, 0.6654917719710535, -0.04082496081571589], [-0.08951658469180496, 0.6342010698321873, -0.08190545301262213]])
IMPLICIT_FRAME_GEOMETRY dt=5.20833333333333326e-4 world_body=[[-0.11190787396513396, 0.5833911124882529, -0.11632437929204774], [-0.022021837802816753, 0.567143337933605, -0.1152576736765291], [-0.1835980751488746, 0.6029724444910617, -0.10864643290808285], [-0.08893732143421318, 0.6517235940724788, -0.003643631580698886], [-0.08448820511084715, 0.6096522293388953, -0.178601397636479], [-0.11304223544433023, 0.5306620298614815, -0.09323255946058316], [-0.08454331610496732, 0.6938636960984086, -0.10625899710750686], [-0.01915347409811652, 0.5959463781999979, -0.06002719834496732], [-0.09676528523300756, 0.5999944346978885, -0.04011533901368572], [-0.053165487328652186, 0.5273143823804841, -0.09873130974782443], [-0.10711680093143729, 0.6341388247729765, -0.08074227576497883], [-0.02259413897920883, 0.6126519719802173, -0.13042616257746578], [-0.031444179106972746, 0.5656962791731279, -0.178770580501962], [-0.10226789065840823, 0.5472206605489683, -0.18232746971222583], [-0.08483359277650104, 0.6573979067728731, -0.14069825881286668], [-0.17979139167549504, 0.6174561277557239, -0.04806083806426606], [-0.17376686142450679, 0.5434097603524444, -0.09779224206330119], [-0.16753682562817396, 0.65508216779694, -0.12997244868600977], [-0.15265872118663884, 0.6014072342511143, -0.17813897306904639]] local_body=[[-1.159306263116754e-5, -5.573911428879741e-6, -5.481112535434622e-5], [0.08987444309968604, -0.01625334846607674, 0.0010118944901642928], [-0.07170179424637181, 0.019575758091379923, 0.007623135258610559], [0.022958959468289616, 0.06832690767279703, 0.11262593658599451], [0.027408075791655648, 0.026255542939213505, -0.062331829469785605], [-0.001145954541827434, -0.05273465653820032, 0.02303700870611024], [0.027352964797535476, 0.1104670096987268, 0.01001057105918654], [0.09274280680438628, 0.012549691800316102, 0.056242369821726076], [0.015130995669495233, 0.01659774829820675, 0.07615422915300768], [0.05873079357385061, -0.05608230401919766, 0.01753825841886897], [0.004779479971065516, 0.05074213837329472, 0.03552729240171456], [0.08930214192329397, 0.029255285580535424, -0.01415659441077237], [0.08045210179553004, -0.017700407226553822, -0.06250101233526861], [0.009628390244094572, -0.03617602585071349, -0.06605790154553243], [0.02706268812600175, 0.07400122037319133, -0.02442869064617328], [-0.06789511077299225, 0.03405944135604207, 0.06820873010242734], [-0.061870580522004, -0.03998692604723742, 0.01847732610339221], [-0.05564054472567115, 0.07168548139725817, -0.01370288051931638], [-0.04076244028413604, 0.01801054785143249, -0.06186940490235299]] world_obstacle=Some([[-0.12996971951089978, 0.6416866992323143, -0.046390282796538534], [-0.1263795111809615, 0.6654917719710535, -0.04082496081571589], [-0.08951658469180496, 0.6342010698321873, -0.08190545301262213]]) local_obstacle=Some([[-0.018073438608396983, 0.058290012832632465, 0.06987928537015486], [-0.0144832302784587, 0.08209508557137168, 0.07544460735097751], [0.02237969621069784, 0.050804383432505484, 0.03436411515407127]]) nearest_world=Ok(Some(PrescribedContactFeature { distance_m: 0.00010000000000002234, gap_m: 2.233945856558969e-17, body_face: [3, 10, 15], obstacle_face_index: 3062, body_weights: [0.15379147182157282, 0.8462085281784272, 0.0], obstacle_weights: [0.36599377367495217, 0.0, 0.6340062263250479] })) nearest_local=Ok(Some(PrescribedContactFeature { distance_m: 9.999999999997507e-5, gap_m: -2.4701605200762216e-17, body_face: [10, 3, 7], obstacle_face_index: 3062, body_weights: [0.8462085281784271, 0.15379147182157288, 0.0], obstacle_weights: [0.3659937736749522, 0.0, 0.6340062263250478] }))
IMPLICIT_TERMINAL_GEOMETRY dt=2.60416666666666663e-4 body_start=[[-0.1118962809025028, 0.5833966863996818, -0.1162695681666934], [-0.022189152728987846, 0.5670746669489446, -0.11499995713880053], [-0.18370443882496426, 0.6031311094902965, -0.10848564030336916], [-0.08893950433489162, 0.6517324597402335, -0.003646938529788049], [-0.08448992962156408, 0.6096485355009595, -0.17860167134987526], [-0.11317392938451537, 0.5308408763429424, -0.09304507843866171], [-0.08454722607115972, 0.6938652477621765, -0.10626538059490137], [-0.019117216929367218, 0.5959941844420249, -0.0600439470312004], [-0.09678842100994069, 0.5999423292310457, -0.040009282234591784], [-0.053198704330572416, 0.5274922659340693, -0.09881067276302423], [-0.10711137643562993, 0.6339987045485536, -0.08076030514441261], [-0.022580977648970782, 0.6127280256245272, -0.13039255915129208], [-0.031536151286094924, 0.5656827401007384, -0.17862494979006127], [-0.10232202859425588, 0.5473122023931358, -0.18245316668502062], [-0.08492757058623988, 0.6574353979379322, -0.14069735355806962], [-0.17960081448180104, 0.617577175467883, -0.04829470124579021], [-0.1737932345791715, 0.5433858425220601, -0.09779311603403798], [-0.1674727084399646, 0.6550355308231728, -0.13002331780614482], [-0.15258159632943166, 0.601218365632033, -0.17807772982688205]] body_end=[[-0.1119046307780989, 0.5833937571534352, -0.1163075647192808], [-0.02210222544378922, 0.5671100562645148, -0.11514713186583257], [-0.18364399897933673, 0.6030467088197627, -0.10856801682996962], [-0.0889384128845524, 0.6517280269063561, -0.0036452850552434676], [-0.08448906736620562, 0.6096503824199274, -0.17860153449317712], [-0.11309628682797719, 0.5307438008189497, -0.09314072749856156], [-0.08454527108806352, 0.6938644719302925, -0.10626218885120411], [-0.01912730449180833, 0.595975616629474, -0.06003185656826751], [-0.0967801085808984, 0.5999419933735708, -0.04003601297859807], [-0.05318617759801152, 0.5273902288420411, -0.09876590799984826], [-0.10711528789313485, 0.6341408703194277, -0.08075382283111623], [-0.0225832471415134, 0.6126870996389773, -0.13041004264707323], [-0.031492496712025884, 0.5656929691029803, -0.17869950184274613], [-0.10229777914158411, 0.547274234304343, -0.18238427576661342], [-0.08488032555680211, 0.6574091811712242, -0.14071014240290217], [-0.17970805392891617, 0.6175135008228725, -0.04817365622282835], [-0.17378112431386483, 0.5434045987996641, -0.0977913934644262], [-0.16751646044123128, 0.6550633009212242, -0.13000556510343847], [-0.15260829274081056, 0.6013084081931013, -0.1780985995219126]] nearest_end=Ok(Some(PrescribedContactFeature { distance_m: 0.0001000000000000195, gap_m: 1.972994106661835e-17, body_face: [10, 3, 7], obstacle_face_index: 3062, body_weights: [0.8461227786889239, 0.1538772213110761, 0.0], obstacle_weights: [0.36591223824058733, 0.0, 0.6340877617594127] })) obstacle_triangle_end=Some([[-0.12997102512370035, 0.6416897685165189, -0.046390702472261416], [-0.12638135628450692, 0.665494849092802, -0.0408255704294517], [-0.0895168280401753, 0.6342064447498182, -0.08190602600186067]])
IMPLICIT_FRAME_GEOMETRY dt=2.60416666666666663e-4 world_body=[[-0.1119046307780989, 0.5833937571534352, -0.1163075647192808], [-0.02210222544378922, 0.5671100562645148, -0.11514713186583257], [-0.18364399897933673, 0.6030467088197627, -0.10856801682996962], [-0.0889384128845524, 0.6517280269063561, -0.0036452850552434676], [-0.08448906736620562, 0.6096503824199274, -0.17860153449317712], [-0.11309628682797719, 0.5307438008189497, -0.09314072749856156], [-0.08454527108806352, 0.6938644719302925, -0.10626218885120411], [-0.01912730449180833, 0.595975616629474, -0.06003185656826751], [-0.0967801085808984, 0.5999419933735708, -0.04003601297859807], [-0.05318617759801152, 0.5273902288420411, -0.09876590799984826], [-0.10711528789313485, 0.6341408703194277, -0.08075382283111623], [-0.0225832471415134, 0.6126870996389773, -0.13041004264707323], [-0.031492496712025884, 0.5656929691029803, -0.17869950184274613], [-0.10229777914158411, 0.547274234304343, -0.18238427576661342], [-0.08488032555680211, 0.6574091811712242, -0.14071014240290217], [-0.17970805392891617, 0.6175135008228725, -0.04817365622282835], [-0.17378112431386483, 0.5434045987996641, -0.0977913934644262], [-0.16751646044123128, 0.6550633009212242, -0.13000556510343847], [-0.15260829274081056, 0.6013084081931013, -0.1780985995219126]] local_body=[[-8.349875596099929e-6, -2.929246246555447e-6, -3.7996552587400134e-5], [0.08979405545871358, -0.016286630135166926, 0.001122436300860825], [-0.07174771807683393, 0.01965002242008093, 0.0077015513367237705], [0.022957868017950397, 0.06833134050667433, 0.11262428311144992], [0.027407213536297173, 0.02625369602024563, -0.06233196632648372], [-0.001200005925474395, -0.052652885580732105, 0.023128840668131843], [0.027351009814439275, 0.11046778553061076, 0.010007379315489284], [0.09276897641069447, 0.012578930229792212, 0.05623771159842589], [0.015116172321604398, 0.016545306973888976, 0.07623355518809533], [0.05871010330449127, -0.05600645755764072, 0.017503660166845136], [0.004780993009367953, 0.050744183919745944, 0.035515745335577165], [0.0893130337609894, 0.029290413239295456, -0.014140474480379821], [0.08040378419047692, -0.0177037172967015, -0.06242993367605273], [0.009598501760918681, -0.03612245209533877, -0.06611470759992003], [0.02701595534570068, 0.07401249477154231, -0.024440574236208757], [-0.06781177302641339, 0.03411681442319067, 0.06809591194386505], [-0.06188484341136204, -0.03999208760001767, 0.018478174702267196], [-0.0556201795387285, 0.07166661452154241, -0.013735996936745064], [-0.04071201183830776, 0.01791172179341947, -0.06182903135521919]] world_obstacle=Some([[-0.12997102512370035, 0.6416897685165189, -0.046390702472261416], [-0.12638135628450692, 0.665494849092802, -0.0408255704294517], [-0.0895168280401753, 0.6342064447498182, -0.08190602600186067]]) local_obstacle=Some([[-0.01807474422119755, 0.05829308211683715, 0.06987886569443198], [-0.014485075382004123, 0.0820981626931202, 0.0754439977372417], [0.022379452862327495, 0.05080975835013646, 0.03436354216483273]]) nearest_world=Ok(Some(PrescribedContactFeature { distance_m: 0.0001000000000000195, gap_m: 1.972994106661835e-17, body_face: [10, 3, 7], obstacle_face_index: 3062, body_weights: [0.8461227786889239, 0.1538772213110761, 0.0], obstacle_weights: [0.36591223824058733, 0.0, 0.6340877617594127] })) nearest_local=Ok(Some(PrescribedContactFeature { distance_m: 9.999999999997374e-5, gap_m: -2.626939050879134e-17, body_face: [10, 3, 7], obstacle_face_index: 3062, body_weights: [0.846122778688924, 0.15387722131107592, 0.0], obstacle_weights: [0.3659122382405873, 0.0, 0.6340877617594127] }))
IMPLICIT_TERMINAL_GEOMETRY dt=1.30208333333333332e-4 body_start=[[-0.11190111091115512, 0.5833952218470364, -0.11629137149480437], [-0.0221454873726272, 0.567091888743714, -0.11507753240008944], [-0.18367207143614164, 0.6030881078392554, -0.10852681120193615], [-0.08893895860972201, 0.6517302433232948, -0.0036461117925157584], [-0.08448949849388485, 0.6096494589604435, -0.1786016029215262], [-0.11313234294281582, 0.5307905266491536, -0.09309334739735642], [-0.08454624857961163, 0.6938648598462345, -0.10626378472305274], [-0.01911985599650227, 0.5959862244383969, -0.0600373170032365], [-0.0967851979432842, 0.5999344285537949, -0.04001522438964798], [-0.053193345910902814, 0.5274385826577811, -0.09878727843211056], [-0.10711393413173573, 0.6341098034476383, -0.0807628734942588], [-0.02258093882545934, 0.6127069726490512, -0.1304014768009091], [-0.03151508109912243, 0.5656886586016674, -0.17866253058707154], [-0.10231058038394877, 0.5472955795353772, -0.18241701443294692], [-0.0849040150486864, 0.6574202867512831, -0.14070701114420162], [-0.17965757076963798, 0.6175446557797911, -0.04823346481586242], [-0.17378732782567785, 0.5433967888767562, -0.09779198229190227], [-0.16749739562586535, 0.6550502398649071, -0.13001629159355588], [-0.15259169301562903, 0.6012621081203572, -0.1780855986435258]] body_end=[[-0.11190464722605661, 0.5833937692048212, -0.11630757651982006], [-0.022101746513921862, 0.5671106142497215, -0.1151476528767035], [-0.18364415373566215, 0.6030463643424181, -0.1085683574522753], [-0.0889384128845524, 0.6517280269063561, -0.0036452850552434676], [-0.08448906736620562, 0.6096503824199274, -0.17860153449317712], [-0.11309610679230821, 0.5307436825187463, -0.09314071072653544], [-0.08454527108806352, 0.6938644719302925, -0.10626218885120411], [-0.019127410475878986, 0.5959757105515676, -0.06003158647578084], [-0.09678009315168269, 0.5999422815325974, -0.04003612564082962], [-0.053186285596776676, 0.527389660929697, -0.09876568850612369], [-0.10711501645338602, 0.6341410342965169, -0.08075310962058585], [-0.0225831606536282, 0.6126870241039256, -0.1304099181571569], [-0.03149242750221143, 0.5656930239808071, -0.17869957004303147], [-0.10229781635981375, 0.5472740568281623, -0.18238437721482756], [-0.0848802684996209, 0.6574092309896626, -0.14071014477845753], [-0.17970805112008248, 0.6175134766690308, -0.04817346408049868], [-0.1737812293273255, 0.5434047148085104, -0.09779134843313875], [-0.1675165967485027, 0.6550634965039028, -0.1300056718008856], [-0.1526083742949774, 0.6013084675412703, -0.17809856837883334]] nearest_end=Ok(Some(PrescribedContactFeature { distance_m: 0.00010000000000002482, gap_m: 2.505127401581919e-17, body_face: [10, 3, 7], obstacle_face_index: 3062, body_weights: [0.8461314295527547, 0.15386857044724536, 0.0], obstacle_weights: [0.3659104478693188, 0.0, 0.6340895521306812] })) obstacle_triangle_end=Some([[-0.12997102512370035, 0.6416897685165189, -0.046390702472261416], [-0.12638135628450692, 0.665494849092802, -0.0408255704294517], [-0.0895168280401753, 0.6342064447498182, -0.08190602600186067]])
IMPLICIT_FRAME_GEOMETRY dt=1.30208333333333332e-4 world_body=[[-0.11190464722605661, 0.5833937692048212, -0.11630757651982006], [-0.022101746513921862, 0.5671106142497215, -0.1151476528767035], [-0.18364415373566215, 0.6030463643424181, -0.1085683574522753], [-0.0889384128845524, 0.6517280269063561, -0.0036452850552434676], [-0.08448906736620562, 0.6096503824199274, -0.17860153449317712], [-0.11309610679230821, 0.5307436825187463, -0.09314071072653544], [-0.08454527108806352, 0.6938644719302925, -0.10626218885120411], [-0.019127410475878986, 0.5959757105515676, -0.06003158647578084], [-0.09678009315168269, 0.5999422815325974, -0.04003612564082962], [-0.053186285596776676, 0.527389660929697, -0.09876568850612369], [-0.10711501645338602, 0.6341410342965169, -0.08075310962058585], [-0.0225831606536282, 0.6126870241039256, -0.1304099181571569], [-0.03149242750221143, 0.5656930239808071, -0.17869957004303147], [-0.10229781635981375, 0.5472740568281623, -0.18238437721482756], [-0.0848802684996209, 0.6574092309896626, -0.14071014477845753], [-0.17970805112008248, 0.6175134766690308, -0.04817346408049868], [-0.1737812293273255, 0.5434047148085104, -0.09779134843313875], [-0.1675165967485027, 0.6550634965039028, -0.1300056718008856], [-0.1526083742949774, 0.6013084675412703, -0.17809856837883334]] local_body=[[-3.5363149014903453e-6, -1.4526422151332798e-6, -1.6205025015693813e-5], [0.08979936439723325, -0.01628460759731483, 0.0011437186181008651], [-0.07174304282450704, 0.019651142495381652, 0.00772301404252907], [0.022962698026602724, 0.06833280505931971, 0.1126460864395609], [0.0274120435449495, 0.026255160572891012, -0.06231016299837275], [-0.0011949958811530788, -0.05265153932829013, 0.02315066076826892], [0.0273558398230916, 0.11046925008325614, 0.010029182643600254], [0.09277370043527614, 0.012580488704531215, 0.056259785019023525], [0.015121017759472428, 0.016547059685560986, 0.07625524585397475], [0.058714825314378445, -0.056005560917339416, 0.017525682988680683], [0.004786094457769106, 0.050745812449480565, 0.03553826187421852], [0.08931795025752692, 0.029291802256889182, -0.014118546662352542], [0.08040868340894369, -0.017702197866229244, -0.0624081985482271], [0.009603294551341368, -0.0361211650188741, -0.06609300572002319], [0.027020842411534227, 0.07401400914262629, -0.02441877328365315], [-0.06780694020892736, 0.03411825482199437, 0.06811790741430568], [-0.061880118416170395, -0.039990507038526045, 0.01850002306166562], [-0.05561548583734757, 0.07166827465686641, -0.013714300306081222], [-0.04070726338382228, 0.01791324569423388, -0.06180719688402898]] world_obstacle=Some([[-0.12997102512370035, 0.6416897685165189, -0.046390702472261416], [-0.12638135628450692, 0.665494849092802, -0.0408255704294517], [-0.0895168280401753, 0.6342064447498182, -0.08190602600186067]]) local_obstacle=Some([[-0.018069914212545224, 0.05829454666948253, 0.06990066902254295], [-0.014480245373351797, 0.08209962724576558, 0.07546580106535267], [0.02238428287097982, 0.05081122290278184, 0.0343853454929437]]) nearest_world=Ok(Some(PrescribedContactFeature { distance_m: 0.00010000000000002482, gap_m: 2.505127401581919e-17, body_face: [10, 3, 7], obstacle_face_index: 3062, body_weights: [0.8461314295527547, 0.15386857044724536, 0.0], obstacle_weights: [0.3659104478693188, 0.0, 0.6340895521306812] })) nearest_local=Ok(Some(PrescribedContactFeature { distance_m: 9.9999999999979e-5, gap_m: -2.0993756115800938e-17, body_face: [10, 3, 7], obstacle_face_index: 3062, body_weights: [0.8461314295527548, 0.15386857044724525, 0.0], obstacle_weights: [0.36591044786931887, 0.0, 0.6340895521306811] }))
IMPLICIT_TERMINAL_GEOMETRY dt=6.51041666666666658e-5 body_start=[[-0.11190111091115512, 0.5833952218470364, -0.11629137149480437], [-0.0221454873726272, 0.567091888743714, -0.11507753240008944], [-0.18367207143614164, 0.6030881078392554, -0.10852681120193615], [-0.08893895860972201, 0.6517302433232948, -0.0036461117925157584], [-0.08448949849388485, 0.6096494589604435, -0.1786016029215262], [-0.11313234294281582, 0.5307905266491536, -0.09309334739735642], [-0.08454624857961163, 0.6938648598462345, -0.10626378472305274], [-0.01911985599650227, 0.5959862244383969, -0.0600373170032365], [-0.0967851979432842, 0.5999344285537949, -0.04001522438964798], [-0.053193345910902814, 0.5274385826577811, -0.09878727843211056], [-0.10711393413173573, 0.6341098034476383, -0.0807628734942588], [-0.02258093882545934, 0.6127069726490512, -0.1304014768009091], [-0.03151508109912243, 0.5656886586016674, -0.17866253058707154], [-0.10231058038394877, 0.5472955795353772, -0.18241701443294692], [-0.0849040150486864, 0.6574202867512831, -0.14070701114420162], [-0.17965757076963798, 0.6175446557797911, -0.04823346481586242], [-0.17378732782567785, 0.5433967888767562, -0.09779198229190227], [-0.16749739562586535, 0.6550502398649071, -0.13001629159355588], [-0.15259169301562903, 0.6012621081203572, -0.1780855986435258]] body_end=[[-0.1119030132179268, 0.5833944889604908, -0.11630001797267615], [-0.0221239361407879, 0.567101001941452, -0.11511296579926897], [-0.1836578468480888, 0.6030674015473793, -0.10854721755679198], [-0.0889386857471372, 0.6517291351148254, -0.003645698423879613], [-0.08448928293004523, 0.6096499206901855, -0.17860156870735167], [-0.1131138657419625, 0.5307670806561744, -0.09311669512264434], [-0.08454575983383758, 0.6938646658882635, -0.10626298678712842], [-0.019122931315869594, 0.5959813971194771, -0.060034333573367016], [-0.09678292727153852, 0.5999363513371694, -0.04002361868900026], [-0.053190112013283636, 0.5274138703426564, -0.09877641711263827], [-0.10711462273192685, 0.634140480441818, -0.08076072982124449], [-0.022581724917827853, 0.6126970475039114, -0.13040566254220254], [-0.03150415028689452, 0.5656910025730967, -0.17868078533101536], [-0.10230448596616816, 0.5472855951932716, -0.18240058190468744], [-0.0848923774031099, 0.6574143692407144, -0.14070936108021817], [-0.17968315814253202, 0.6175291845474211, -0.048203819590955856], [-0.17378438047448713, 0.5434010720950538, -0.09779160009245545], [-0.1675075218691241, 0.655056964065841, -0.13001155252661378], [-0.15259907634175754, 0.6012845436652046, -0.17809132066869957]] nearest_end=Ok(Some(PrescribedContactFeature { distance_m: 0.0001000000000000369, gap_m: 3.695034438214694e-17, body_face: [3, 10, 15], obstacle_face_index: 3062, body_weights: [0.1539329141699416, 0.8460670858300584, 0.0], obstacle_weights: [0.3658704654786963, 0.0, 0.6341295345213037] })) obstacle_triangle_end=Some([[-0.12997135152690048, 0.6416905358375702, -0.04639080739119214], [-0.1263818175603933, 0.6654956183732391, -0.04082572283288566], [-0.08951688887726789, 0.634207788479226, -0.08190616924917031]])
IMPLICIT_FRAME_GEOMETRY dt=6.51041666666666658e-5 world_body=[[-0.1119030132179268, 0.5833944889604908, -0.11630001797267615], [-0.0221239361407879, 0.567101001941452, -0.11511296579926897], [-0.1836578468480888, 0.6030674015473793, -0.10854721755679198], [-0.0889386857471372, 0.6517291351148254, -0.003645698423879613], [-0.08448928293004523, 0.6096499206901855, -0.17860156870735167], [-0.1131138657419625, 0.5307670806561744, -0.09311669512264434], [-0.08454575983383758, 0.6938646658882635, -0.10626298678712842], [-0.019122931315869594, 0.5959813971194771, -0.060034333573367016], [-0.09678292727153852, 0.5999363513371694, -0.04002361868900026], [-0.053190112013283636, 0.5274138703426564, -0.09877641711263827], [-0.10711462273192685, 0.634140480441818, -0.08076072982124449], [-0.022581724917827853, 0.6126970475039114, -0.13040566254220254], [-0.03150415028689452, 0.5656910025730967, -0.17868078533101536], [-0.10230448596616816, 0.5472855951932716, -0.18240058190468744], [-0.0848923774031099, 0.6574143692407144, -0.14070936108021817], [-0.17968315814253202, 0.6175291845474211, -0.048203819590955856], [-0.17378438047448713, 0.5434010720950538, -0.09779160009245545], [-0.1675075218691241, 0.655056964065841, -0.13001155252661378], [-0.15259907634175754, 0.6012845436652046, -0.17809132066869957]] local_body=[[-1.9023067716731145e-6, -7.328865456161829e-7, -8.646477871786922e-6], [0.08977717477036722, -0.016294219905584394, 0.0011784056955354027], [-0.07175673593693367, 0.01967217970034287, 0.007744153938012397], [0.02296242516401792, 0.06833391326778904, 0.11264567307092475], [0.027411827981109887, 0.026254698843149127, -0.0623101972125473], [-0.001212754830807377, -0.05262814119086198, 0.023174676372160027], [0.02735535107731754, 0.11046944404122705, 0.010028384707675947], [0.09277817959528553, 0.012586175272440697, 0.05625703792143735], [0.015118183639616608, 0.01654112949013303, 0.07626775280580411], [0.058710998897871486, -0.05598135150438005, 0.017514954382166107], [0.004786488179228272, 0.050745258594781684, 0.03553064167355988], [0.08931938599332727, 0.02930182565687497, -0.014114291047398163], [0.0803969606242606, -0.017704219273939698, -0.062389413836211], [0.009596624944986957, -0.03610962665376484, -0.06610921040988306], [0.027008733508045227, 0.07401914739367793, -0.024417989585413788], [-0.06778204723137692, 0.03413396270038467, 0.06808755190384852], [-0.061883269563332004, -0.03999414975198259, 0.018499771402348913], [-0.05560641095796899, 0.07166174221880463, -0.013720181031809428], [-0.04069796543060242, 0.01788932181816814, -0.0617999491738952]] world_obstacle=Some([[-0.12997135152690048, 0.6416905358375702, -0.04639080739119214], [-0.1263818175603933, 0.6654956183732391, -0.04082572283288566], [-0.08951688887726789, 0.634207788479226, -0.08190616924917031]]) local_obstacle=Some([[-0.01807024061574536, 0.05829531399053378, 0.06990056410361223], [-0.014480706649238173, 0.08210039652620271, 0.07546564866191871], [0.022384222033887236, 0.05081256663218958, 0.03438520224563406]]) nearest_world=Ok(Some(PrescribedContactFeature { distance_m: 0.0001000000000000369, gap_m: 3.695034438214694e-17, body_face: [3, 10, 15], obstacle_face_index: 3062, body_weights: [0.1539329141699416, 0.8460670858300584, 0.0], obstacle_weights: [0.3658704654786963, 0.0, 0.6341295345213037] })) nearest_local=Ok(Some(PrescribedContactFeature { distance_m: 9.999999999999209e-5, gap_m: -7.680574379830743e-18, body_face: [10, 3, 7], obstacle_face_index: 3062, body_weights: [0.8460670858300584, 0.15393291416994156, 0.0], obstacle_weights: [0.3658704654786965, 0.0, 0.6341295345213035] }))
WIDE_IMPORTED_CONTACT_COMMITTED step=216
IMPLICIT_TERMINAL_GEOMETRY dt=1.30208333333333332e-4 body_start=[[-0.11164304824568222, 0.583579705732172, -0.11601915424128587], [-0.021223672759991218, 0.5674507636834144, -0.11525060445328679], [-0.18367111119981397, 0.6021805671118814, -0.10828429115505803], [-0.0889116687448993, 0.6516193864472015, -0.003604764320566778], [-0.08446791742651101, 0.6096956142350651, -0.17859808687132242], [-0.1120562997301435, 0.5300226651377259, -0.09317697101546052], [-0.08449735678712754, 0.6938454007850492, -0.10618393200882761], [-0.01770876740738756, 0.5955093098286116, -0.060450405282438245], [-0.09720759120124456, 0.600280424819188, -0.04126693317428402], [-0.05197978866381392, 0.5274754157819299, -0.09867992970076145], [-0.10727653220062558, 0.6340782590666844, -0.08022105731284727], [-0.02318984318175603, 0.6128346128009486, -0.1314697627711436], [-0.030380531511912657, 0.5652488287956694, -0.17841734065471387], [-0.10194655853118624, 0.5475774584348533, -0.1818619670400126], [-0.08489378968584987, 0.6575914510082481, -0.14130354176979926], [-0.17986475854159856, 0.6180668164088032, -0.04738664654934546], [-0.17324981408992826, 0.5425363181548805, -0.09898167139012606], [-0.165896745147468, 0.6543297871537753, -0.12822181313603437], [-0.15258494278405435, 0.6024095601519761, -0.17845924026061688]] body_end=[[-0.11162590695454927, 0.5835856643265218, -0.11601618208870197], [-0.021214030544476396, 0.5674301321911478, -0.11519300471057412], [-0.18364504219992825, 0.6022137024806352, -0.1082626972648708], [-0.08891112286300722, 0.6516171684636527, -0.0036039371224566574], [-0.08446748522562045, 0.6096965369240606, -0.17859801432877193], [-0.11203468776735259, 0.5300313551052217, -0.0931360618761444], [-0.08449637854719345, 0.6938450101178886, -0.10618233356715208], [-0.01766210105144456, 0.5955264526412408, -0.06048958319053648], [-0.09721055261954385, 0.6001993797575571, -0.041215897037225516], [-0.051939598831092254, 0.5274926300113216, -0.09867917355822223], [-0.1073086548000209, 0.6341326535993462, -0.08026731357842067], [-0.023252881873987195, 0.6128586406356499, -0.13149125388311514], [-0.030349727739722634, 0.5652371705974649, -0.1784241172479399], [-0.1019625616071819, 0.5475786498727555, -0.18188964582798747], [-0.0849041607601302, 0.657628771855115, -0.14127106255632962], [-0.17991245780394124, 0.6180958225541244, -0.04736995342768426], [-0.17324393016753792, 0.5424875620373973, -0.09901635790308835], [-0.16589538117219688, 0.6543146008380837, -0.12821428237402682], [-0.15257584510572786, 0.6024120570391678, -0.17844599102684816]] nearest_end=Ok(Some(PrescribedContactFeature { distance_m: 0.00010000000000001777, gap_m: 1.7765882003975447e-17, body_face: [10, 3, 7], obstacle_face_index: 3062, body_weights: [0.8488277910236356, 0.15117220897636438, 0.0], obstacle_weights: [0.3714741441688098, 0.0, 0.6285258558311901] })) obstacle_triangle_end=Some([[-0.12993841896163127, 0.6416131215730719, -0.04638016522212318], [-0.12633528297284882, 0.6654180614452773, -0.04081027327661459], [-0.08951073001474066, 0.6340720678242178, -0.0818914444909245]])
IMPLICIT_FRAME_GEOMETRY dt=1.30208333333333332e-4 world_body=[[-0.11162590695454927, 0.5835856643265218, -0.11601618208870197], [-0.021214030544476396, 0.5674301321911478, -0.11519300471057412], [-0.18364504219992825, 0.6022137024806352, -0.1082626972648708], [-0.08891112286300722, 0.6516171684636527, -0.0036039371224566574], [-0.08446748522562045, 0.6096965369240606, -0.17859801432877193], [-0.11203468776735259, 0.5300313551052217, -0.0931360618761444], [-0.08449637854719345, 0.6938450101178886, -0.10618233356715208], [-0.01766210105144456, 0.5955264526412408, -0.06048958319053648], [-0.09721055261954385, 0.6001993797575571, -0.041215897037225516], [-0.051939598831092254, 0.5274926300113216, -0.09867917355822223], [-0.1073086548000209, 0.6341326535993462, -0.08026731357842067], [-0.023252881873987195, 0.6128586406356499, -0.13149125388311514], [-0.030349727739722634, 0.5652371705974649, -0.1784241172479399], [-0.1019625616071819, 0.5475786498727555, -0.18188964582798747], [-0.0849041607601302, 0.657628771855115, -0.14127106255632962], [-0.17991245780394124, 0.6180958225541244, -0.04736995342768426], [-0.17324393016753792, 0.5424875620373973, -0.09901635790308835], [-0.16589538117219688, 0.6543146008380837, -0.12821428237402682], [-0.15257584510572786, 0.6024120570391678, -0.17844599102684816]] local_body=[[1.7141291132949648e-5, 5.958594349792837e-6, 2.972152583890463e-6], [0.09042901770120582, -0.01614957354102416, 0.0008261495307117547], [-0.07200199395424604, 0.01863399674846321, 0.007756456976415067], [0.022731925382675003, 0.0680374627314807, 0.11241521711882921], [0.02717556302006177, 0.026116831191888568, -0.06257886008748606], [-0.0003916395216703699, -0.05354835062695034, 0.022883092365141463], [0.027146669698488765, 0.11026530438571658, 0.009836820674133787], [0.09398094719423766, 0.011946746909068866, 0.055529571050749384], [0.01443249562613837, 0.016619674025385136, 0.07480325720406035], [0.059703449414589965, -0.0560870757208504, 0.017339980683063635], [0.004334393445661312, 0.05055294786717428, 0.0357518406628652], [0.08839016637169503, 0.02927893490347787, -0.015472099641829266], [0.08129332050595958, -0.018342535134707037, -0.06240496300665406], [0.009680486638500328, -0.036001055859416535, -0.06587049158670161], [0.026738887485552018, 0.07404906612294303, -0.02525190831504375], [-0.06826940955825903, 0.03451611682195249, 0.06864920081360161], [-0.061600881921855706, -0.04109214369477464, 0.01700279633819751], [-0.054252332926514664, 0.0707348951059117, -0.01219512813274096], [-0.04093279686004563, 0.01883235130699574, -0.062426836785562295]] world_obstacle=Some([[-0.12993841896163127, 0.6416131215730719, -0.04638016522212318], [-0.12633528297284882, 0.6654180614452773, -0.04081027327661459], [-0.08951073001474066, 0.6340720678242178, -0.0818914444909245]]) local_obstacle=Some([[-0.018295370715949055, 0.05803341584089994, 0.06963898901916268], [-0.014692234727166603, 0.08183835571310527, 0.07520888096467127], [0.022132318230941556, 0.05049236209204577, 0.03412770975036136]]) nearest_world=Ok(Some(PrescribedContactFeature { distance_m: 0.00010000000000001777, gap_m: 1.7765882003975447e-17, body_face: [10, 3, 7], obstacle_face_index: 3062, body_weights: [0.8488277910236356, 0.15117220897636438, 0.0], obstacle_weights: [0.3714741441688098, 0.0, 0.6285258558311901] })) nearest_local=Ok(Some(PrescribedContactFeature { distance_m: 9.999999999998323e-5, gap_m: -1.6772630674120585e-17, body_face: [10, 3, 7], obstacle_face_index: 3062, body_weights: [0.8488277910236357, 0.15117220897636433, 0.0], obstacle_weights: [0.3714741441688099, 0.0, 0.6285258558311901] }))
IMPLICIT_TERMINAL_GEOMETRY dt=1.30208333333333332e-4 body_start=[[-0.111147997041346, 0.5833291706047373, -0.11599659486774107], [-0.020099431134697386, 0.5673885895053266, -0.11642880019569485], [-0.18262453428169315, 0.6018718682270807, -0.10836693741701503], [-0.08889147017649965, 0.6515373116530103, -0.0035741552356637896], [-0.08445191955379044, 0.6097297490806004, -0.17859537811863777], [-0.11132853778898108, 0.5308251232140517, -0.09214532824945335], [-0.0844611574217291, 0.6938309295771106, -0.10612477426562428], [-0.017504810089343684, 0.5955420401278637, -0.06070666579457703], [-0.09668318124935435, 0.6002268098245814, -0.04036003524960268], [-0.05060446055695213, 0.5279806008660652, -0.09830075182965917], [-0.10728992147128713, 0.6339965070095459, -0.08010385405099406], [-0.024577440673092345, 0.613068055166084, -0.13126957032687722], [-0.031247285561120188, 0.5655044919859923, -0.17944493107488105], [-0.10177656930196978, 0.5475333029645322, -0.18230715236335213], [-0.08606409650222084, 0.6587186532156686, -0.14102046789853065], [-0.18069483524718377, 0.6170320586637866, -0.0468545135393678], [-0.17292773010880683, 0.5419787894630812, -0.09984118418075519], [-0.16616493719559303, 0.6547853744568167, -0.12844060630281132], [-0.1525606236796067, 0.602384933543773, -0.17787682999557933]] body_end=[[-0.11114596701799173, 0.5833141397601488, -0.11599700921066526], [-0.02009599463149703, 0.5673420589089219, -0.11641332066518142], [-0.1825902696801453, 0.6018884854802723, -0.10835400588359168], [-0.08889092421640817, 0.6515350928858876, -0.003573327807984625], [-0.08445148681625238, 0.6097306713823212, -0.1785953035195609], [-0.11125111726132224, 0.5309162176683776, -0.09216480212044911], [-0.08446017880780858, 0.6938305375330338, -0.10612317454051472], [-0.017506988665356448, 0.5955083519292413, -0.060710950228248], [-0.0966685538358079, 0.6002654631370661, -0.04033893833329415], [-0.05059585391898116, 0.5280268252832357, -0.0983031555764425], [-0.10730867648864263, 0.6340774621608161, -0.08013380205516533], [-0.024584815713192883, 0.613086610709835, -0.13130939646564047], [-0.031277892801089884, 0.5655332776325602, -0.17946618511942755], [-0.1017699400943134, 0.5475205134351865, -0.1822982854715071], [-0.08608188831369015, 0.6587099480479879, -0.14103158854415057], [-0.18066729147082639, 0.6169847378820134, -0.0468783502524625], [-0.17291973801437302, 0.5419705101979928, -0.09984984516090945], [-0.16615765422631157, 0.6547880118187649, -0.12841707704519828], [-0.15254325004653022, 0.6023645119047635, -0.17788168955036512]] nearest_end=Ok(Some(PrescribedContactFeature { distance_m: 0.00010000000000006111, gap_m: 6.111015692780671e-17, body_face: [10, 3, 7], obstacle_face_index: 3062, body_weights: [0.8499108807782397, 0.15008911922176027, 0.0], obstacle_weights: [0.37218237468809107, 0.0, 0.627817625311909] })) obstacle_triangle_end=Some([[-0.12991432746990558, 0.6415564940070366, -0.046372318867624475], [-0.12630124761254938, 0.6653613889187189, -0.04079889222309969], [-0.08950620217252497, 0.6339726258747127, -0.08188037883247602]])
IMPLICIT_FRAME_GEOMETRY dt=1.30208333333333332e-4 world_body=[[-0.11114596701799173, 0.5833141397601488, -0.11599700921066526], [-0.02009599463149703, 0.5673420589089219, -0.11641332066518142], [-0.1825902696801453, 0.6018884854802723, -0.10835400588359168], [-0.08889092421640817, 0.6515350928858876, -0.003573327807984625], [-0.08445148681625238, 0.6097306713823212, -0.1785953035195609], [-0.11125111726132224, 0.5309162176683776, -0.09216480212044911], [-0.08446017880780858, 0.6938305375330338, -0.10612317454051472], [-0.017506988665356448, 0.5955083519292413, -0.060710950228248], [-0.0966685538358079, 0.6002654631370661, -0.04033893833329415], [-0.05059585391898116, 0.5280268252832357, -0.0983031555764425], [-0.10730867648864263, 0.6340774621608161, -0.08013380205516533], [-0.024584815713192883, 0.613086610709835, -0.13130939646564047], [-0.031277892801089884, 0.5655332776325602, -0.17946618511942755], [-0.1017699400943134, 0.5475205134351865, -0.1822982854715071], [-0.08608188831369015, 0.6587099480479879, -0.14103158854415057], [-0.18066729147082639, 0.6169847378820134, -0.0468783502524625], [-0.17291973801437302, 0.5419705101979928, -0.09984984516090945], [-0.16615765422631157, 0.6547880118187649, -0.12841707704519828], [-0.15254325004653022, 0.6023645119047635, -0.17788168955036512]] local_body=[[2.0300233542658526e-6, -1.5030844588481943e-5, -4.1434292419516524e-7], [0.09105200240984897, -0.015987111695815417, -0.00041672579744036277], [-0.0714422726387993, 0.018559314875534957, 0.007642588984149391], [0.02225707282493783, 0.0682059222811503, 0.11242326705975644], [0.026696510225093617, 0.026401500777583853, -0.06259870865181984], [-0.00010312021997624196, -0.05241295293635975, 0.023831792747291962], [0.026687818233537414, 0.11050136692829648, 0.009873420327226351], [0.09364100837598954, 0.012179181324503977, 0.055285644639493065], [0.014479443205538099, 0.016936292532328766, 0.07565765653444692], [0.060552143122364836, -0.0553023453215016, 0.01769343929129857], [0.0038393205527033638, 0.050748291556078795, 0.03586279281257574], [0.0865631813281531, 0.02975744010509762, -0.015312801597899404], [0.0798701042402561, -0.017795892972177076, -0.06346959025168647], [0.009378056947032599, -0.0358086571695508, -0.066301690603766], [0.025066108727655845, 0.07538077744325057, -0.0250349936764095], [-0.06951929442948039, 0.03365556727727599, 0.06911824461527856], [-0.06177174097302702, -0.04135866040674455, 0.016146749706831623], [-0.05500965718496557, 0.07145884121402755, -0.012420482177457214], [-0.041395253005184235, 0.0190353413000262, -0.06188509468262405]] world_obstacle=Some([[-0.12991432746990558, 0.6415564940070366, -0.046372318867624475], [-0.12630124761254938, 0.6653613889187189, -0.04079889222309969], [-0.08950620217252497, 0.6339726258747127, -0.08188037883247602]]) local_obstacle=Some([[-0.01876633042855959, 0.0582273234022993, 0.06962427600011659], [-0.015153250571203383, 0.08203221831398155, 0.07519770264464137], [0.02164179486882102, 0.05064345526997538, 0.034116216035265046]]) nearest_world=Ok(Some(PrescribedContactFeature { distance_m: 0.00010000000000006111, gap_m: 6.111015692780671e-17, body_face: [10, 3, 7], obstacle_face_index: 3062, body_weights: [0.8499108807782397, 0.15008911922176027, 0.0], obstacle_weights: [0.37218237468809107, 0.0, 0.627817625311909] })) nearest_local=Ok(Some(PrescribedContactFeature { distance_m: 0.00010000000000001567, gap_m: 1.696534733104779e-17, body_face: [3, 10, 15], obstacle_face_index: 3062, body_weights: [0.15008911922176038, 0.8499108807782396, 0.0], obstacle_weights: [0.37218237468809123, 0.0, 0.6278176253119088] }))
IMPLICIT_TERMINAL_GEOMETRY dt=6.51041666666666658e-5 body_start=[[-0.1111468225571365, 0.5833217824890322, -0.1159971378072927], [-0.02009691926042604, 0.5673652220482395, -0.11642318399007001], [-0.18260812242483448, 0.6018795220904501, -0.1083609816476736], [-0.08889119719645391, 0.651536202269449, -0.003573741521824207], [-0.0844517031850214, 0.6097302102314608, -0.17859534081909934], [-0.1112894194442134, 0.5308689899058839, -0.09215436424423214], [-0.08446066811476885, 0.6938307335550722, -0.1061239744030695], [-0.01750538726188038, 0.595525632544051, -0.0607079546659949], [-0.09667591062362829, 0.6002450274632916, -0.040348282664587884], [-0.05060003580801715, 0.5280027797294075, -0.09830149136837275], [-0.10729999518382587, 0.634044897643006, -0.08012170117425932], [-0.024581725960984683, 0.6130774928624242, -0.13129011919729427], [-0.03126294307729831, 0.565518985839983, -0.17945542967527975], [-0.10177312943337968, 0.5475269243464324, -0.1823030040921493], [-0.08607331372572845, 0.658714183422285, -0.14102576334882017], [-0.18068196746759196, 0.6170085315466162, -0.046865678903372066], [-0.17292451909467726, 0.541974340207755, -0.09984546692218654], [-0.16616145418833356, 0.6547872253325522, -0.12842937381321934], [-0.15255211495437065, 0.6023749478594173, -0.17787910152677194]] body_end=[[-0.11114596868992396, 0.5833140347887598, -0.1159969838446906], [-0.020096023918033168, 0.5673417754409401, -0.11641318671821874], [-0.18259008100862925, 0.6018885872405639, -0.10835390966671928], [-0.08889092421640817, 0.6515350928858876, -0.003573327807984625], [-0.08445148681625238, 0.6097306713823212, -0.1785953035195609], [-0.11125076778255723, 0.5309167037760454, -0.0921649364773888], [-0.08446017880780858, 0.6938305375330338, -0.10612317454051472], [-0.01750701025399059, 0.5955081812202578, -0.060710965045646235], [-0.09666849497855284, 0.600265693662909, -0.040338985324715464], [-0.05059587839097862, 0.5280270856736099, -0.09830319394277855], [-0.1073087863275968, 0.6340774242015402, -0.0801339652832446], [-0.024584847156515977, 0.6130867215721002, -0.13130959545504658], [-0.031278021161738924, 0.5655333777813222, -0.1794662625141626], [-0.1017699068073243, 0.5475205030240684, -0.18229820400477295], [-0.08608195078119198, 0.6587099086877635, -0.14103165221647626], [-0.1806671803448277, 0.6169845422961557, -0.04687847004207591], [-0.17291967052677476, 0.5419705090860313, -0.09984988556269957], [-0.1661576324392477, 0.6547879926310951, -0.12841697790378492], [-0.15254317787078014, 0.602364430192303, -0.17788170843267287]] nearest_end=Ok(Some(PrescribedContactFeature { distance_m: 0.00010000000000002543, gap_m: 2.5431261240424593e-17, body_face: [10, 3, 7], obstacle_face_index: 3062, body_weights: [0.8499085004661244, 0.15009149953387552, 0.0], obstacle_weights: [0.3721836000124928, 0.0, 0.6278163999875073] })) obstacle_triangle_end=Some([[-0.12991432746990558, 0.6415564940070366, -0.046372318867624475], [-0.12630124761254938, 0.6653613889187189, -0.04079889222309969], [-0.08950620217252497, 0.6339726258747127, -0.08188037883247602]])
IMPLICIT_FRAME_GEOMETRY dt=6.51041666666666658e-5 world_body=[[-0.11114596868992396, 0.5833140347887598, -0.1159969838446906], [-0.020096023918033168, 0.5673417754409401, -0.11641318671821874], [-0.18259008100862925, 0.6018885872405639, -0.10835390966671928], [-0.08889092421640817, 0.6515350928858876, -0.003573327807984625], [-0.08445148681625238, 0.6097306713823212, -0.1785953035195609], [-0.11125076778255723, 0.5309167037760454, -0.0921649364773888], [-0.08446017880780858, 0.6938305375330338, -0.10612317454051472], [-0.01750701025399059, 0.5955081812202578, -0.060710965045646235], [-0.09666849497855284, 0.600265693662909, -0.040338985324715464], [-0.05059587839097862, 0.5280270856736099, -0.09830319394277855], [-0.1073087863275968, 0.6340774242015402, -0.0801339652832446], [-0.024584847156515977, 0.6130867215721002, -0.13130959545504658], [-0.031278021161738924, 0.5655333777813222, -0.1794662625141626], [-0.1017699068073243, 0.5475205030240684, -0.18229820400477295], [-0.08608195078119198, 0.6587099086877635, -0.14103165221647626], [-0.1806671803448277, 0.6169845422961557, -0.04687847004207591], [-0.17291967052677476, 0.5419705090860313, -0.09984988556269957], [-0.1661576324392477, 0.6547879926310951, -0.12841697790378492], [-0.15254317787078014, 0.602364430192303, -0.17788170843267287]] local_body=[[8.53867212533882e-7, -7.747700272405671e-6, 1.539626021150238e-7], [0.09105079863910331, -0.015980007048092094, -0.0004160489109260349], [-0.07144325845149276, 0.01856680475153177, 0.0076432281405734255], [0.02225589834072833, 0.06821331039685541, 0.11242380999930808], [0.02669533574088412, 0.026408888893288962, -0.0625981657122682], [-0.00010394522542073515, -0.05240507871298685, 0.023832201329903904], [0.026686643749327915, 0.1105087550440016, 0.009873963266777988], [0.09363981230314591, 0.012186398731225635, 0.05528617276164647], [0.014478327578583652, 0.01694391117387684, 0.07565815248257723], [0.060550944166157875, -0.05529469681542226, 0.017693943864514165], [0.0038380362295396993, 0.05075564171250807, 0.03586317252404811], [0.08656197540062052, 0.029764939083067952, -0.015312457647753882], [0.07986880139539758, -0.017788404707710044, -0.06346912470686988], [0.009376915749812195, -0.035801279464963795, -0.06630106619748025], [0.025064871775944516, 0.0753881261987312, -0.02503451440918355], [-0.06952035778769121, 0.033662759807123493, 0.06911866776521679], [-0.061772847969638264, -0.04135127340300093, 0.01614725224459314], [-0.05501080988211121, 0.07146621014206292, -0.012419840096492206], [-0.04139635531364366, 0.01904264770327082, -0.06188457062538018]] world_obstacle=Some([[-0.12991432746990558, 0.6415564940070366, -0.046372318867624475], [-0.12630124761254938, 0.6653613889187189, -0.04079889222309969], [-0.08950620217252497, 0.6339726258747127, -0.08188037883247602]]) local_obstacle=Some([[-0.018767504912769087, 0.05823471151800441, 0.06962481893966824], [-0.015154425055412882, 0.08203960642968666, 0.07519824558419302], [0.021640620384611522, 0.05065084338568049, 0.03411675897481668]]) nearest_world=Ok(Some(PrescribedContactFeature { distance_m: 0.00010000000000002543, gap_m: 2.5431261240424593e-17, body_face: [10, 3, 7], obstacle_face_index: 3062, body_weights: [0.8499085004661244, 0.15009149953387552, 0.0], obstacle_weights: [0.3721836000124928, 0.0, 0.6278163999875073] })) nearest_local=Ok(Some(PrescribedContactFeature { distance_m: 9.999999999997888e-5, gap_m: -2.112799091682573e-17, body_face: [10, 3, 7], obstacle_face_index: 3062, body_weights: [0.8499085004661245, 0.1500914995338755, 0.0], obstacle_weights: [0.3721836000124928, 0.0, 0.6278163999875073] }))
IMPLICIT_TERMINAL_GEOMETRY dt=3.25520833333333329e-5 body_start=[[-0.11114636053260371, 0.5833179760795218, -0.11599714420854125], [-0.020096278735309305, 0.567353585520306, -0.11641876681379615], [-0.18259937200537235, 0.6018838458945913, -0.10835760747114304], [-0.08889106070643105, 0.6515356475776684, -0.003573534664904416], [-0.0844515950006369, 0.609730440806891, -0.1785953221693301], [-0.11127018434760096, 0.5308921884512625, -0.09215942360908716], [-0.08446042346128871, 0.693830635544053, -0.1061235744717921], [-0.017506059911927784, 0.5955171035285082, -0.06070922882227299], [-0.09667225139192782, 0.6002549798410868, -0.040343384849877886], [-0.05059795131018259, 0.5280145785964314, -0.09830221925909129], [-0.10730457680851559, 0.6340679972856734, -0.08012963923708892], [-0.02458342214424838, 0.613082103979587, -0.13129992318837375], [-0.03127049496572951, 0.5655261333509537, -0.17946075800283603], [-0.1017715025189253, 0.5475237527889992, -0.18230069744626343], [-0.08607766859793424, 0.6587120376767392, -0.14102861207523482], [-0.1806748786914818, 0.6169966918349892, -0.046871820565584116], [-0.17292231526582674, 0.5419723678009865, -0.09984764197854247], [-0.1661596026889908, 0.6547877374901191, -0.12842337265073317], [-0.15254773641364808, 0.6023697990762851, -0.17788035194693866]] body_end=[[-0.11114598590963588, 0.5833141827509312, -0.1159969852944084], [-0.02009604267655, 0.5673422246609651, -0.11641338724937265], [-0.18259043474622585, 0.6018884090070339, -0.10835404639271937], [-0.08889092421640817, 0.6515350928858876, -0.003573327807984625], [-0.08445148681625238, 0.6097306713823212, -0.1785953035195609], [-0.11125152345193275, 0.5309157676525778, -0.09216473110943606], [-0.08446017880780858, 0.6938305375330338, -0.10612317454051472], [-0.01750697725371964, 0.5955085235482277, -0.06071090018565011], [-0.0966686416957779, 0.6002652890134348, -0.04033917964992096], [-0.05059596784798424, 0.5280266101760973, -0.09830316144094009], [-0.107308626949937, 0.6340774423498521, -0.08013389220865515], [-0.024584788816158335, 0.6130865452014077, -0.13130921892874745], [-0.03127772623269745, 0.5655330920173567, -0.17946604666711644], [-0.10176996878430018, 0.5475206355644907, -0.18229829426213845], [-0.08608178088972249, 0.6587099918017794, -0.14103153686361192], [-0.18066747749291148, 0.6169850162891565, -0.046878216262447134], [-0.17291976620604924, 0.5419705872769356, -0.09984979876431357], [-0.16615770988377485, 0.6547879765750017, -0.12841722525033683], [-0.15254335513314457, 0.6023646393301433, -0.1778816558971113]] nearest_end=Ok(Some(PrescribedContactFeature { distance_m: 0.00010000000000007541, gap_m: 7.54016550828327e-17, body_face: [10, 3, 7], obstacle_face_index: 3062, body_weights: [0.8499104535351492, 0.15008954646485084, 0.0], obstacle_weights: [0.3721811379981726, 0.0, 0.6278188620018275] })) obstacle_triangle_end=Some([[-0.12991432746990558, 0.6415564940070366, -0.046372318867624475], [-0.12630124761254938, 0.6653613889187189, -0.04079889222309969], [-0.08950620217252497, 0.6339726258747127, -0.08188037883247602]])
IMPLICIT_FRAME_GEOMETRY dt=3.25520833333333329e-5 world_body=[[-0.11114598590963588, 0.5833141827509312, -0.1159969852944084], [-0.02009604267655, 0.5673422246609651, -0.11641338724937265], [-0.18259043474622585, 0.6018884090070339, -0.10835404639271937], [-0.08889092421640817, 0.6515350928858876, -0.003573327807984625], [-0.08445148681625238, 0.6097306713823212, -0.1785953035195609], [-0.11125152345193275, 0.5309157676525778, -0.09216473110943606], [-0.08446017880780858, 0.6938305375330338, -0.10612317454051472], [-0.01750697725371964, 0.5955085235482277, -0.06071090018565011], [-0.0966686416957779, 0.6002652890134348, -0.04033917964992096], [-0.05059596784798424, 0.5280266101760973, -0.09830316144094009], [-0.107308626949937, 0.6340774423498521, -0.08013389220865515], [-0.024584788816158335, 0.6130865452014077, -0.13130921892874745], [-0.03127772623269745, 0.5655330920173567, -0.17946604666711644], [-0.10176996878430018, 0.5475206355644907, -0.18229829426213845], [-0.08608178088972249, 0.6587099918017794, -0.14103153686361192], [-0.18066747749291148, 0.6169850162891565, -0.046878216262447134], [-0.17291976620604924, 0.5419705872769356, -0.09984979876431357], [-0.16615770988377485, 0.6547879765750017, -0.12841722525033683], [-0.15254335513314457, 0.6023646393301433, -0.1778816558971113]] local_body=[[3.7462296782808055e-7, -3.793328590636086e-6, 1.5891413285308134e-7], [0.0910503178560537, -0.015975751418556748, -0.00041624304083140624], [-0.07144407421362213, 0.018570432927512082, 0.0076430978158218785], [0.022255436316195545, 0.06821711680636577, 0.11242381640055663], [0.026694873716351333, 0.026412695302799327, -0.06259815931101965], [-0.00010516291932903863, -0.052402208426944104, 0.023832413099105193], [0.02668618172479513, 0.11051256145351196, 0.009873969668026533], [0.09363938327888406, 0.01219054746870585, 0.05528624402289114], [0.014477718836825824, 0.016947312933912984, 0.0756579645586203], [0.060550392684619474, -0.05529136590342453, 0.01769398276760116], [0.0038377335826667233, 0.05075946627033029, 0.0358632519998861], [0.08656157171644538, 0.02976856912188588, -0.015312074720206207], [0.07986863429990627, -0.017784884062165208, -0.06346890245857519], [0.009376391748303525, -0.03579734051503114, -0.0663011500535972], [0.02506457964288123, 0.07539201572225752, -0.025034392655070677], [-0.06952111696030779, 0.033667040209634576, 0.06911892794609412], [-0.061773405673445525, -0.041347388802586205, 0.01614734544422767], [-0.05501134935117113, 0.07147000049547984, -0.012420081041795575], [-0.04139699460054085, 0.019046663250621397, -0.06188451168857005]] world_obstacle=Some([[-0.12991432746990558, 0.6415564940070366, -0.046372318867624475], [-0.12630124761254938, 0.6653613889187189, -0.04079889222309969], [-0.08950620217252497, 0.6339726258747127, -0.08188037883247602]]) local_obstacle=Some([[-0.018767966937301872, 0.05823851792751478, 0.06962482534091677], [-0.015154887079945667, 0.08204341283919703, 0.07519825198544156], [0.021640158360078737, 0.050654649795190854, 0.03411676537606523]]) nearest_world=Ok(Some(PrescribedContactFeature { distance_m: 0.00010000000000007541, gap_m: 7.54016550828327e-17, body_face: [10, 3, 7], obstacle_face_index: 3062, body_weights: [0.8499104535351492, 0.15008954646485084, 0.0], obstacle_weights: [0.3721811379981726, 0.0, 0.6278188620018275] })) nearest_local=Ok(Some(PrescribedContactFeature { distance_m: 0.00010000000000003002, gap_m: 3.0008583135849e-17, body_face: [10, 3, 7], obstacle_face_index: 3062, body_weights: [0.8499104535351494, 0.1500895464648506, 0.0], obstacle_weights: [0.3721811379981724, 0.0, 0.6278188620018277] }))
IMPLICIT_TERMINAL_GEOMETRY dt=1.30208333333333332e-4 body_start=[[-0.11123428633556241, 0.5831715534506452, -0.11588521146160793], [-0.02027976081443103, 0.5677340049451014, -0.11508591494018229], [-0.18223368565776943, 0.6023019010190368, -0.10833213544297451], [-0.08888109693476155, 0.6514951550776799, -0.003558434109759659], [-0.08444369754056733, 0.6097472728132958, -0.1785939607361777], [-0.11110525455230331, 0.5322158701559605, -0.09247536981667742], [-0.08444256375723914, 0.6938234807396526, -0.10609437948854247], [-0.01733371840850229, 0.595011645562986, -0.061399736634512], [-0.09646121961586726, 0.6007738962356808, -0.03952855400125957], [-0.04997560797547045, 0.5286432013826838, -0.0984630464659643], [-0.1069143533336593, 0.6339517288698363, -0.08025671480233626], [-0.024322696781400744, 0.612991437140695, -0.13156044075730658], [-0.03114740403277453, 0.5659696369346304, -0.17977262440014885], [-0.1018738127375194, 0.5468855556435729, -0.18240364575200027], [-0.08592750950675718, 0.6586714665837106, -0.14110105463215364], [-0.1799129139425118, 0.6163435947668966, -0.04742798932154925], [-0.17249731629781676, 0.5417562234376717, -0.09986041692123775], [-0.1656682805230267, 0.6546769111657252, -0.12765480530345436], [-0.152105961846986, 0.6018344447026704, -0.1781191175840647]] body_end=[[-0.11124128239538741, 0.5831834742315082, -0.1158907847614954], [-0.02025563079041363, 0.5678071387298538, -0.11507893929912626], [-0.18227485134863722, 0.6022903220496408, -0.10838119020541195], [-0.08888055097467007, 0.6514929363105572, -0.003557606682080494], [-0.08444326480302927, 0.6097481951150165, -0.17859388613710087], [-0.11114778544683916, 0.53218671582731, -0.09245883660671907], [-0.08444158514331862, 0.6938230886955759, -0.1060927797634329], [-0.017306402278846736, 0.595017692414408, -0.06141662411392609], [-0.09645084124699217, 0.6007589246722159, -0.03941239611384679], [-0.04991022806329052, 0.5286266660272253, -0.0984575363516619], [-0.10686192979531271, 0.6340116894141963, -0.08025107703688567], [-0.024294262287319505, 0.6129739389773149, -0.13156939163782383], [-0.031114302367195187, 0.5659915423779138, -0.1797678036743341], [-0.10188162318229653, 0.5468327665660229, -0.1824341092143503], [-0.08589612577021905, 0.6586692579463942, -0.14108277405729897], [-0.1798777484929611, 0.6163307549804972, -0.04743223134181464], [-0.17249377293447146, 0.5417302797190909, -0.09984651688165753], [-0.16562494143236897, 0.6546882969947153, -0.12761478810349125], [-0.1520754356260892, 0.6018014491647254, -0.1781300063455942]] nearest_end=Ok(Some(PrescribedContactFeature { distance_m: 0.00010000000000001139, gap_m: 1.1388002725622695e-17, body_face: [3, 10, 15], obstacle_face_index: 3062, body_weights: [0.1476310679250734, 0.8523689320749266, 0.0], obstacle_weights: [0.36398803065593965, 0.0, 0.6360119693440603] })) obstacle_triangle_end=Some([[-0.12990196513567095, 0.6415274367759118, -0.046368277945817785], [-0.12628378424697964, 0.6653323227448605, -0.040793033203977466], [-0.08950387341223959, 0.6339215606486147, -0.08187463056433063]])
IMPLICIT_FRAME_GEOMETRY dt=1.30208333333333332e-4 world_body=[[-0.11124128239538741, 0.5831834742315082, -0.1158907847614954], [-0.02025563079041363, 0.5678071387298538, -0.11507893929912626], [-0.18227485134863722, 0.6022903220496408, -0.10838119020541195], [-0.08888055097467007, 0.6514929363105572, -0.003557606682080494], [-0.08444326480302927, 0.6097481951150165, -0.17859388613710087], [-0.11114778544683916, 0.53218671582731, -0.09245883660671907], [-0.08444158514331862, 0.6938230886955759, -0.1060927797634329], [-0.017306402278846736, 0.595017692414408, -0.06141662411392609], [-0.09645084124699217, 0.6007589246722159, -0.03941239611384679], [-0.04991022806329052, 0.5286266660272253, -0.0984575363516619], [-0.10686192979531271, 0.6340116894141963, -0.08025107703688567], [-0.024294262287319505, 0.6129739389773149, -0.13156939163782383], [-0.031114302367195187, 0.5659915423779138, -0.1797678036743341], [-0.10188162318229653, 0.5468327665660229, -0.1824341092143503], [-0.08589612577021905, 0.6586692579463942, -0.14108277405729897], [-0.1798777484929611, 0.6163307549804972, -0.04743223134181464], [-0.17249377293447146, 0.5417302797190909, -0.09984651688165753], [-0.16562494143236897, 0.6546882969947153, -0.12761478810349125], [-0.1520754356260892, 0.6018014491647254, -0.1781300063455942]] local_body=[[-6.996059824994661e-6, 1.1920780862956477e-5, -5.573299887473042e-6], [0.09097865554514878, -0.015364414720791383, 0.0008062721624816834], [-0.07104056501307479, 0.01911876859899564, 0.007504021256195976], [0.022353735360892343, 0.06832138285991196, 0.11232760477952744], [0.02679102153253314, 0.026576641664371348, -0.06270867467549293], [8.650088872324559e-5, -0.050984837623335194, 0.02342637485488887], [0.026792701192243792, 0.11065153524493065, 0.009792431698175036], [0.09392788405671568, 0.011846138963762864, 0.05446858734768185], [0.014783445088570237, 0.017587371221570714, 0.07647281534776115], [0.06132405827227189, -0.054544887423419904, 0.017427675109946025], [0.004372356540249703, 0.050840135963551136, 0.03563413442472227], [0.08694002404824291, 0.029802385526669705, -0.015684180176215905], [0.08011998396836721, -0.017180011072731413, -0.06388259221272617], [0.009352663153265887, -0.0363387868846223, -0.06654889775274238], [0.025338160565343364, 0.07549770449574904, -0.02519756259569104], [-0.06864346215739868, 0.03315920152985201, 0.0684529801197933], [-0.06125948659890905, -0.041441273731554235, 0.016038694579950403], [-0.054390655096806545, 0.07151674354407013, -0.011729576641883325], [-0.04084114929052677, 0.018629895714080257, -0.062244794883986265]] world_obstacle=Some([[-0.12990196513567095, 0.6415274367759118, -0.046368277945817785], [-0.12628378424697964, 0.6653323227448605, -0.040793033203977466], [-0.08950387341223959, 0.6339215606486147, -0.08187463056433063]]) local_obstacle=Some([[-0.018667678800108542, 0.058355883325266644, 0.06951693351579015], [-0.015049497911417228, 0.08216076929421534, 0.07509217825763047], [0.021730412923322825, 0.050750007197969516, 0.03401058089727731]]) nearest_world=Ok(Some(PrescribedContactFeature { distance_m: 0.00010000000000001139, gap_m: 1.1388002725622695e-17, body_face: [3, 10, 15], obstacle_face_index: 3062, body_weights: [0.1476310679250734, 0.8523689320749266, 0.0], obstacle_weights: [0.36398803065593965, 0.0, 0.6360119693440603] })) nearest_local=Ok(Some(PrescribedContactFeature { distance_m: 9.999999999996527e-5, gap_m: -3.474423957387913e-17, body_face: [10, 3, 7], obstacle_face_index: 3062, body_weights: [0.8523689320749268, 0.14763106792507324, 0.0], obstacle_weights: [0.36398803065593954, 0.0, 0.6360119693440605] }))
IMPLICIT_TERMINAL_GEOMETRY dt=6.51041666666666658e-5 body_start=[[-0.11129382953870212, 0.5830770609402377, -0.11574922458010543], [-0.01816599522602494, 0.5679549751994285, -0.11574763163385135], [-0.18287365724324525, 0.6020230572880577, -0.10839308631647095], [-0.08885570518457159, 0.6513919361626657, -0.003519945219194829], [-0.084423543580842, 0.609790136896006, -0.17859037057190566], [-0.11079997988592986, 0.5329784109682866, -0.09240360497360992], [-0.08439703615473669, 0.6938051693889569, -0.10601991661990491], [-0.018855540197846184, 0.5962043473605709, -0.061731130139365174], [-0.09599361369326098, 0.6012578884091925, -0.03868838172382826], [-0.049000222721009276, 0.5296625369197617, -0.09857449493212349], [-0.1071772769070756, 0.6333915598158163, -0.0801775087905212], [-0.023355495660514806, 0.6125769169150685, -0.13214223975713876], [-0.03140144878195644, 0.5657508998207896, -0.18005302303084028], [-0.10034259082233392, 0.5458206617067173, -0.18321704388969506], [-0.084869648421471, 0.6588092168912357, -0.14054733002894698], [-0.17948877310854658, 0.6152421990771129, -0.047472303145053955], [-0.17213924616069307, 0.5419107741620453, -0.09932813459466959], [-0.16553792945524093, 0.6548940013342607, -0.12867495287344952], [-0.1515778911939928, 0.6011894119253883, -0.1777337275608004]] body_end=[[-0.11129411538629057, 0.5830699962888944, -0.11574622847110502], [-0.01815247819447717, 0.5679095519176176, -0.115770752189154], [-0.18289987819212825, 0.6020190983780102, -0.10838589554001223], [-0.08885543212648843, 0.6513908259952625, -0.003519531276636359], [-0.08442332667538407, 0.609790597657562, -0.17859033121641743], [-0.11081349854230123, 0.5330072968759704, -0.09241056593779537], [-0.08439654647399696, 0.6938049719886975, -0.10601911547539689], [-0.018863732544987542, 0.5962270284751047, -0.06173728983075621], [-0.09601034906551369, 0.6012723378836606, -0.03870652541327762], [-0.048991311484393944, 0.5296562645785381, -0.09856343020661687], [-0.10719004044369845, 0.6333919780591978, -0.08019209531299765], [-0.023352893142844635, 0.6125786482513907, -0.1321604714234921], [-0.031405567351512696, 0.5657606807147982, -0.1800516864755349], [-0.10033545045045399, 0.5458239978010068, -0.1832197686265555], [-0.08486638914949332, 0.658802152377064, -0.14054400259836447], [-0.17948311886848856, 0.6152308232232832, -0.04746278781111301], [-0.17211121475138844, 0.5419282455102713, -0.09932722222199111], [-0.1655453550760961, 0.6548989632843791, -0.12871016624665044], [-0.15156479515241658, 0.6011764006974272, -0.17771786152930544]] nearest_end=Ok(Some(PrescribedContactFeature { distance_m: 0.00010000000000000063, gap_m: -2.4629902574429536e-20, body_face: [10, 7, 11], obstacle_face_index: 1308, body_weights: [0.10531877058076022, 0.6444735264761694, 0.2502077029430704], obstacle_weights: [1.0, 0.0, 0.0] })) obstacle_triangle_end=Some([[-0.029254724865792083, 0.6043243338581149, -0.08128223463843408], [-0.029814344465727123, 0.6218900783737339, -0.09419386542697016], [0.03254215880855514, 0.5959696968837719, -0.09579589503836884]])
IMPLICIT_FRAME_GEOMETRY dt=6.51041666666666658e-5 world_body=[[-0.11129411538629057, 0.5830699962888944, -0.11574622847110502], [-0.01815247819447717, 0.5679095519176176, -0.115770752189154], [-0.18289987819212825, 0.6020190983780102, -0.10838589554001223], [-0.08885543212648843, 0.6513908259952625, -0.003519531276636359], [-0.08442332667538407, 0.609790597657562, -0.17859033121641743], [-0.11081349854230123, 0.5330072968759704, -0.09241056593779537], [-0.08439654647399696, 0.6938049719886975, -0.10601911547539689], [-0.018863732544987542, 0.5962270284751047, -0.06173728983075621], [-0.09601034906551369, 0.6012723378836606, -0.03870652541327762], [-0.048991311484393944, 0.5296562645785381, -0.09856343020661687], [-0.10719004044369845, 0.6333919780591978, -0.08019209531299765], [-0.023352893142844635, 0.6125786482513907, -0.1321604714234921], [-0.031405567351512696, 0.5657606807147982, -0.1800516864755349], [-0.10033545045045399, 0.5458239978010068, -0.1832197686265555], [-0.08486638914949332, 0.658802152377064, -0.14054400259836447], [-0.17948311886848856, 0.6152308232232832, -0.04746278781111301], [-0.17211121475138844, 0.5419282455102713, -0.09932722222199111], [-0.1655453550760961, 0.6548989632843791, -0.12871016624665044], [-0.15156479515241658, 0.6011764006974272, -0.17771786152930544]] local_body=[[-2.8584758845185933e-7, -7.064651343303175e-6, 2.9961090004079883e-6], [0.09314135134422495, -0.01516750902262014, -2.1527609048575586e-5], [-0.07160604865342612, 0.01894203743777243, 0.007363329040093213], [0.022438397412213693, 0.06831376505502484, 0.11222969330346907], [0.026870502863318046, 0.02671353671732435, -0.062841106636312], [0.0004803309964008875, -0.050069764064267316, 0.023338658642310068], [0.026897283064705166, 0.1107279110484598, 0.009730109104708548], [0.09243009699371457, 0.013149967534867017, 0.054011934749349226], [0.015283480473188442, 0.018195276943422954, 0.07704269916682782], [0.06230251805430818, -0.05342079636169957, 0.01718579437348856], [0.004103789095003664, 0.05031491711896006, 0.03555712926710779], [0.08794093639585748, 0.029501587311153054, -0.016411246843386657], [0.07988826218718942, -0.017316380225439517, -0.06430246189542947], [0.010958379088248139, -0.0372530631392309, -0.06747054404645009], [0.026427440389208794, 0.07572509143682621, -0.024794778018259044], [-0.06818928932978642, 0.03215376228304545, 0.06828643676899243], [-0.0608173852126863, -0.04114881542996635, 0.016422002358114317], [-0.05425152553739398, 0.07182190234414146, -0.01296094166654499], [-0.040270965613714446, 0.01809933975718949, -0.0619686369492]] world_obstacle=Some([[-0.029254724865792083, 0.6043243338581149, -0.08128223463843408], [-0.029814344465727123, 0.6218900783737339, -0.09419386542697016], [0.03254215880855514, 0.5959696968837719, -0.09579589503836884]]) local_obstacle=Some([[0.08203910467291003, 0.021247272917877202, 0.034466989941671355], [0.081479485072975, 0.03881301743349619, 0.02155535915313528], [0.14383598834725725, 0.01289263594353418, 0.019953329541736592]]) nearest_world=Ok(Some(PrescribedContactFeature { distance_m: 0.00010000000000000063, gap_m: -2.4629902574429536e-20, body_face: [10, 7, 11], obstacle_face_index: 1308, body_weights: [0.10531877058076022, 0.6444735264761694, 0.2502077029430704], obstacle_weights: [1.0, 0.0, 0.0] })) nearest_local=Ok(Some(PrescribedContactFeature { distance_m: 9.999999999997084e-5, gap_m: -2.9008572403798296e-17, body_face: [10, 7, 11], obstacle_face_index: 1308, body_weights: [0.10531877058076028, 0.6444735264761693, 0.25020770294307043], obstacle_weights: [1.0, 0.0, 0.0] }))
IMPLICIT_TERMINAL_GEOMETRY dt=1.30208333333333332e-4 body_start=[[-0.11075599902482397, 0.5830184583669892, -0.11498406846644153], [-0.018626831279524893, 0.5671088209908, -0.11597838548879279], [-0.18313788521790839, 0.6018908325482434, -0.10860970471077226], [-0.08883750869200585, 0.6513272931008107, -0.0038328904324647327], [-0.08461854394365655, 0.6090879073581356, -0.17875574362945348], [-0.10975721501675297, 0.5311182614328106, -0.09275689624056237], [-0.08445896879534563, 0.6933654920529421, -0.10649062928454746], [-0.018862526142999995, 0.5962178993064843, -0.06229777957209274], [-0.09734196205405345, 0.5999738922154771, -0.038790160133576945], [-0.04937003702910216, 0.5283053665675288, -0.09820987557071506], [-0.10669502371763431, 0.6339439317565637, -0.08001998676221493], [-0.02219321223189292, 0.6121080754167013, -0.13297331707402082], [-0.03220336314620201, 0.5654946121787466, -0.17969036548717293], [-0.10053171046587832, 0.5466082642543407, -0.18304367626267343], [-0.08516428737344696, 0.6575917471602897, -0.14047037561369807], [-0.17945698796278012, 0.6184234780289147, -0.048269465075321566], [-0.17152726429587078, 0.5422941543772566, -0.09712935773965069], [-0.16649384185614305, 0.6531073555598772, -0.13012318275560186], [-0.15152381727415376, 0.5996650323676836, -0.1781978325301931]] body_end=[[-0.11074401775446159, 0.583009478507236, -0.11497451698687401], [-0.01864303131552881, 0.5671033181046327, -0.11592900294016799], [-0.1831404023571498, 0.6018689290408361, -0.1085946653597106], [-0.08883736434687375, 0.6513268573066979, -0.0038388561468188642], [-0.0846222396218577, 0.6090748269041355, -0.17875875585699885], [-0.10979682982543845, 0.5311002982126026, -0.09278021371267342], [-0.0844604300208778, 0.693357619510396, -0.10649971344113679], [-0.018878812613642906, 0.5962419695619758, -0.06229617297651007], [-0.0973736320279355, 0.5999290841799945, -0.03879600024042998], [-0.049385626508116356, 0.52829086269388, -0.09822959084311998], [-0.1066772219023365, 0.6339931810724777, -0.07998840681866025], [-0.02218136196397371, 0.6121233113431961, -0.1329311480894464], [-0.032169277514490315, 0.5654461522713701, -0.17971720424503032], [-0.10057704105793636, 0.5466161357300859, -0.18300223363282767], [-0.08519757125324783, 0.6575810414280701, -0.1404182339765014], [-0.17946619987258605, 0.6184068778081904, -0.04825984279571902], [-0.17148907624328322, 0.5423718302291951, -0.09711064717420298], [-0.16649843627827732, 0.6531128464166465, -0.13015930951282167], [-0.1515274148517618, 0.599637187062002, -0.17822671816915966]] nearest_end=Ok(Some(PrescribedContactFeature { distance_m: 0.00010000000000000219, gap_m: -1.6824797428464363e-18, body_face: [10, 7, 11], obstacle_face_index: 1308, body_weights: [0.10952541190817813, 0.6480589354442454, 0.24241565264757645], obstacle_weights: [1.0, 0.0, 0.0] })) obstacle_triangle_end=Some([[-0.02926001371508378, 0.6043181071335681, -0.08133802732283166], [-0.029819428751161288, 0.6219012601367931, -0.09424648521425213], [0.03253838819661033, 0.5958170326534522, -0.09581272558414794]])
IMPLICIT_FRAME_GEOMETRY dt=1.30208333333333332e-4 world_body=[[-0.11074401775446159, 0.583009478507236, -0.11497451698687401], [-0.01864303131552881, 0.5671033181046327, -0.11592900294016799], [-0.1831404023571498, 0.6018689290408361, -0.1085946653597106], [-0.08883736434687375, 0.6513268573066979, -0.0038388561468188642], [-0.0846222396218577, 0.6090748269041355, -0.17875875585699885], [-0.10979682982543845, 0.5311002982126026, -0.09278021371267342], [-0.0844604300208778, 0.693357619510396, -0.10649971344113679], [-0.018878812613642906, 0.5962419695619758, -0.06229617297651007], [-0.0973736320279355, 0.5999290841799945, -0.03879600024042998], [-0.049385626508116356, 0.52829086269388, -0.09822959084311998], [-0.1066772219023365, 0.6339931810724777, -0.07998840681866025], [-0.02218136196397371, 0.6121233113431961, -0.1329311480894464], [-0.032169277514490315, 0.5654461522713701, -0.17971720424503032], [-0.10057704105793636, 0.5466161357300859, -0.18300223363282767], [-0.08519757125324783, 0.6575810414280701, -0.1404182339765014], [-0.17946619987258605, 0.6184068778081904, -0.04825984279571902], [-0.17148907624328322, 0.5423718302291951, -0.09711064717420298], [-0.16649843627827732, 0.6531128464166465, -0.13015930951282167], [-0.1515274148517618, 0.599637187062002, -0.17822671816915966]] local_body=[[1.1981270362377743e-5, -8.979859753231312e-6, 9.551479567526175e-6], [0.09211296770929517, -0.015915140262356554, -0.000944934473726462], [-0.07238440333232583, 0.018850470673846945, 0.0063894031067309315], [0.021918634677950216, 0.06830839893970875, 0.11114521231962267], [0.026133759402966264, 0.026056368537146324, -0.06377468739055732], [0.0009591691993855116, -0.05191816015438652, 0.02220385475376811], [0.026295569003946168, 0.1103391611434068, 0.008484355025304743], [0.09187718641118106, 0.013223511194986689, 0.05268789548993146], [0.013382366996888466, 0.016910625813005245, 0.07618806822601155], [0.061370372516707614, -0.054727595673109156, 0.01675447762332155], [0.004078777122487463, 0.050974722705488584, 0.03499566164778129], [0.08857463706085027, 0.029104852976206956, -0.01794707962300485], [0.07858672151033365, -0.01757230609561913, -0.06473313577858877], [0.010178957966887617, -0.03640232263690325, -0.06801816516638613], [0.025558427771576152, 0.07456258306108092, -0.02543416551005988], [-0.06871020084776207, 0.03538841944120118, 0.06672422567072252], [-0.060733077218459254, -0.04064662813779404, 0.017873421292238553], [-0.055742437253453354, 0.07009438804965726, -0.015175241046380147], [-0.04077141582693783, 0.016618728695012797, -0.06324264970271813]] world_obstacle=Some([[-0.02926001371508378, 0.6043181071335681, -0.08133802732283166], [-0.029819428751161288, 0.6219012601367931, -0.09424648521425213], [0.03253838819661033, 0.5958170326534522, -0.09581272558414794]]) local_obstacle=Some([[0.0814959853097402, 0.02129964876657897, 0.033646041143609876], [0.08093657027366269, 0.038882801769803965, 0.020737583252189398], [0.14329438722143428, 0.012798574286463027, 0.019171342882293593]]) nearest_world=Ok(Some(PrescribedContactFeature { distance_m: 0.00010000000000000219, gap_m: -1.6824797428464363e-18, body_face: [10, 7, 11], obstacle_face_index: 1308, body_weights: [0.10952541190817813, 0.6480589354442454, 0.24241565264757645], obstacle_weights: [1.0, 0.0, 0.0] })) nearest_local=Ok(Some(PrescribedContactFeature { distance_m: 9.999999999996653e-5, gap_m: -3.3202437664008774e-17, body_face: [10, 7, 11], obstacle_face_index: 1308, body_weights: [0.1095254119081778, 0.6480589354442458, 0.24241565264757645], obstacle_weights: [1.0, 0.0, 0.0] }))
IMPLICIT_TERMINAL_GEOMETRY dt=6.51041666666666658e-5 body_start=[[-0.11075599902482397, 0.5830184583669892, -0.11498406846644153], [-0.018626831279524893, 0.5671088209908, -0.11597838548879279], [-0.18313788521790839, 0.6018908325482434, -0.10860970471077226], [-0.08883750869200585, 0.6513272931008107, -0.0038328904324647327], [-0.08461854394365655, 0.6090879073581356, -0.17875574362945348], [-0.10975721501675297, 0.5311182614328106, -0.09275689624056237], [-0.08445896879534563, 0.6933654920529421, -0.10649062928454746], [-0.018862526142999995, 0.5962178993064843, -0.06229777957209274], [-0.09734196205405345, 0.5999738922154771, -0.038790160133576945], [-0.04937003702910216, 0.5283053665675288, -0.09820987557071506], [-0.10669502371763431, 0.6339439317565637, -0.08001998676221493], [-0.02219321223189292, 0.6121080754167013, -0.13297331707402082], [-0.03220336314620201, 0.5654946121787466, -0.17969036548717293], [-0.10053171046587832, 0.5466082642543407, -0.18304367626267343], [-0.08516428737344696, 0.6575917471602897, -0.14047037561369807], [-0.17945698796278012, 0.6184234780289147, -0.048269465075321566], [-0.17152726429587078, 0.5422941543772566, -0.09712935773965069], [-0.16649384185614305, 0.6531073555598772, -0.13012318275560186], [-0.15152381727415376, 0.5996650323676836, -0.1781978325301931]] body_end=[[-0.11074992299116258, 0.5830143285979893, -0.11497975734865817], [-0.018634406097014406, 0.5671057504151658, -0.11595319149447826], [-0.1831395827459653, 0.6018799804496657, -0.10860230558458245], [-0.0888374365194398, 0.6513270752037543, -0.0038358732896417985], [-0.08462039178275713, 0.6090813671311355, -0.17875724974322615], [-0.1097760177907235, 0.5311087675386298, -0.09276841042051903], [-0.08445969940811171, 0.693361555781669, -0.10649517136284212], [-0.018865830835837902, 0.5962411721874478, -0.06229502741828633], [-0.0973580492998181, 0.5999493901477952, -0.038791199431217345], [-0.04937802806159028, 0.5282975512903706, -0.09821960072862748], [-0.10667385500847092, 0.6339733783699771, -0.0799863963307897], [-0.02218216756756963, 0.6121212016250815, -0.1329460265765253], [-0.032186811965169385, 0.5654703637580295, -0.17970399581900307], [-0.10055417469184082, 0.5466124551578768, -0.18302306784176403], [-0.08518090907116305, 0.6575858358099147, -0.14044370149069532], [-0.17946218392797814, 0.6184156486019797, -0.04826446422420063], [-0.17150872718140225, 0.542332379659682, -0.09711986380268872], [-0.16649620722649452, 0.6531101804553733, -0.13014128958808693], [-0.1515253852336704, 0.5996510115719612, -0.17821225337614358]] nearest_end=Ok(Some(PrescribedContactFeature { distance_m: 0.00010000000000295259, gap_m: 2.9543134182084987e-15, body_face: [10, 7, 11], obstacle_face_index: 1308, body_weights: [0.10962501607552005, 0.6480290623173529, 0.24234592160712704], obstacle_weights: [1.0, 0.0, 0.0] })) obstacle_triangle_end=Some([[-0.02925995972713349, 0.6043175699490944, -0.08133751716974916], [-0.02981938021552101, 0.6219005969361416, -0.09424600954401777], [0.03253845470113052, 0.5958172632306749, -0.09581248464928174]])
IMPLICIT_FRAME_GEOMETRY dt=6.51041666666666658e-5 world_body=[[-0.11074992299116258, 0.5830143285979893, -0.11497975734865817], [-0.018634406097014406, 0.5671057504151658, -0.11595319149447826], [-0.1831395827459653, 0.6018799804496657, -0.10860230558458245], [-0.0888374365194398, 0.6513270752037543, -0.0038358732896417985], [-0.08462039178275713, 0.6090813671311355, -0.17875724974322615], [-0.1097760177907235, 0.5311087675386298, -0.09276841042051903], [-0.08445969940811171, 0.693361555781669, -0.10649517136284212], [-0.018865830835837902, 0.5962411721874478, -0.06229502741828633], [-0.0973580492998181, 0.5999493901477952, -0.038791199431217345], [-0.04937802806159028, 0.5282975512903706, -0.09821960072862748], [-0.10667385500847092, 0.6339733783699771, -0.0799863963307897], [-0.02218216756756963, 0.6121212016250815, -0.1329460265765253], [-0.032186811965169385, 0.5654703637580295, -0.17970399581900307], [-0.10055417469184082, 0.5466124551578768, -0.18302306784176403], [-0.08518090907116305, 0.6575858358099147, -0.14044370149069532], [-0.17946218392797814, 0.6184156486019797, -0.04826446422420063], [-0.17150872718140225, 0.542332379659682, -0.09711986380268872], [-0.16649620722649452, 0.6531101804553733, -0.13014128958808693], [-0.1515253852336704, 0.5996510115719612, -0.17821225337614358]] local_body=[[6.0760336613903085e-6, -4.1297689998976564e-6, 4.311117783353884e-6], [0.09212159292780957, -0.015912707951823424, -0.0009691230280367302], [-0.07238358372114133, 0.018861522082676566, 0.006381762881859085], [0.021918562505384168, 0.06830861683676515, 0.11114819517679973], [0.026135607242066844, 0.026062908764146298, -0.06377318127678462], [0.000979981234100461, -0.05190969082835939, 0.022215658045922498], [0.02629629961671226, 0.11034309741467985, 0.008488897103599416], [0.09189016818898607, 0.013222713820458537, 0.0526890410481552], [0.013397949725005864, 0.016930931780806038, 0.0761928690352242], [0.06137797096323369, -0.05472090707661856, 0.016764467737814058], [0.004082144016353056, 0.050954920002987965, 0.03499767213565183], [0.08857383145725435, 0.029102743258092367, -0.017961958110083765], [0.07856918705965459, -0.01754809460895968, -0.06471992735256155], [0.010201824332983151, -0.03640600320911236, -0.0680389993753225], [0.02557508995366093, 0.07456737744292555, -0.02545963302425379], [-0.06870618490315417, 0.03539719023499051, 0.0667196042422409], [-0.0607527281565783, -0.04068607870730724, 0.017864204663752804], [-0.05574020820167055, 0.0700917220883841, -0.015157221121645408], [-0.04076938620884643, 0.016632553204972065, -0.06322818490970206]] world_obstacle=Some([[-0.02925995972713349, 0.6043175699490944, -0.08133751716974916], [-0.02981938021552101, 0.6219005969361416, -0.09424600954401777], [0.03253845470113052, 0.5958172632306749, -0.09581248464928174]]) local_obstacle=Some([[0.08149603929769048, 0.02129911158210518, 0.033646551296692376], [0.08093661880930296, 0.03888213856915246, 0.020738058922423766], [0.1432944537259545, 0.012798804863685675, 0.01917158381715979]]) nearest_world=Ok(Some(PrescribedContactFeature { distance_m: 0.00010000000000295259, gap_m: 2.9543134182084987e-15, body_face: [10, 7, 11], obstacle_face_index: 1308, body_weights: [0.10962501607552005, 0.6480290623173529, 0.24234592160712704], obstacle_weights: [1.0, 0.0, 0.0] })) nearest_local=Ok(Some(PrescribedContactFeature { distance_m: 0.00010000000000297951, gap_m: 2.9805907440775795e-15, body_face: [10, 7, 11], obstacle_face_index: 1308, body_weights: [0.10962501607552017, 0.6480290623173528, 0.24234592160712704], obstacle_weights: [1.0, 0.0, 0.0] }))
IMPLICIT_TERMINAL_GEOMETRY dt=3.25520833333333329e-5 body_start=[[-0.11075293466910678, 0.5830164878274776, -0.11498202671739476], [-0.018630491576387104, 0.5671072015147273, -0.11596566110436454], [-0.18313884417660864, 0.6018854368212523, -0.10860603570226963], [-0.08883747260572283, 0.6513271841522825, -0.0038343818610532656], [-0.08461946786320684, 0.6090846372446355, -0.1787564966863398], [-0.10976637181578343, 0.5311133675202281, -0.09276262022695492], [-0.08445933410172868, 0.6933635239173055, -0.1064929003236948], [-0.0188626729057343, 0.5962330906610456, -0.062295758582443815], [-0.0973500671837428, 0.5999611053596591, -0.038790207192455184], [-0.049374082103666964, 0.5283013153928691, -0.09821471046195386], [-0.10668152227289128, 0.6339598767764214, -0.0799990197405601], [-0.02218637179468325, 0.6121162677552235, -0.13295816973329067], [-0.03219521139305061, 0.5654824708603479, -0.17969723672645893], [-0.10054290559116515, 0.5466104224429085, -0.18303338957026224], [-0.08517259435190737, 0.6575886453721069, -0.1404568860221214], [-0.17945973458555636, 0.6184196859827346, -0.04826691409528269], [-0.171518131590785, 0.5423131306289517, -0.09712456537192983], [-0.16649504721103275, 0.6531087857268607, -0.13013226142707215], [-0.1515245462861159, 0.5996579923753264, -0.17820504724825784]] body_end=[[-0.11074992106073424, 0.5830143263955206, -0.11497975454362912], [-0.01863440774946745, 0.5671057486681563, -0.11595316981111076], [-0.18313958427825727, 0.6018799649986705, -0.10860229987620826], [-0.0888374365194398, 0.6513270752037543, -0.0038358732896417985], [-0.08462039178275713, 0.6090813671311355, -0.17875724974322615], [-0.10977603706688174, 0.5311087676698271, -0.09276842007907657], [-0.08445969940811171, 0.693361555781669, -0.10649517136284212], [-0.018865834620213465, 0.5962411084447995, -0.062295041404231546], [-0.09735804809403255, 0.5999493710753284, -0.03879119916937873], [-0.04937802649344246, 0.5282975529733744, -0.09821960877721718], [-0.10667357085981335, 0.6339734681650766, -0.07998602100187986], [-0.022182088554242765, 0.612121202408768, -0.13294590516089896], [-0.0321868150456946, 0.5654703483784577, -0.17970400637107073], [-0.10055418920867684, 0.5466124622439299, -0.1830230509167658], [-0.08518090584358273, 0.6575858347266559, -0.14044368236070903], [-0.17946219023186447, 0.6184156465990241, -0.048264459287076955], [-0.1715087056265119, 0.5423324162575235, -0.09711985862732482], [-0.16649620890995392, 0.6531101862657175, -0.1301413059618572], [-0.15152538469568733, 0.5996510035804256, -0.17821225827465295]] nearest_end=Ok(Some(PrescribedContactFeature { distance_m: 0.0001000000000000021, gap_m: 4.125981451320839e-18, body_face: [10, 7, 11], obstacle_face_index: 1308, body_weights: [0.10962553612802017, 0.6480278002360903, 0.24234666363588953], obstacle_weights: [1.0, 0.0, 0.0] })) obstacle_triangle_end=Some([[-0.02925995972713349, 0.6043175699490944, -0.08133751716974916], [-0.02981938021552101, 0.6219005969361416, -0.09424600954401777], [0.03253845470113052, 0.5958172632306749, -0.09581248464928174]])
IMPLICIT_FRAME_GEOMETRY dt=3.25520833333333329e-5 world_body=[[-0.11074992106073424, 0.5830143263955206, -0.11497975454362912], [-0.01863440774946745, 0.5671057486681563, -0.11595316981111076], [-0.18313958427825727, 0.6018799649986705, -0.10860229987620826], [-0.0888374365194398, 0.6513270752037543, -0.0038358732896417985], [-0.08462039178275713, 0.6090813671311355, -0.17875724974322615], [-0.10977603706688174, 0.5311087676698271, -0.09276842007907657], [-0.08445969940811171, 0.693361555781669, -0.10649517136284212], [-0.018865834620213465, 0.5962411084447995, -0.062295041404231546], [-0.09735804809403255, 0.5999493710753284, -0.03879119916937873], [-0.04937802649344246, 0.5282975529733744, -0.09821960877721718], [-0.10667357085981335, 0.6339734681650766, -0.07998602100187986], [-0.022182088554242765, 0.612121202408768, -0.13294590516089896], [-0.0321868150456946, 0.5654703483784577, -0.17970400637107073], [-0.10055418920867684, 0.5466124622439299, -0.1830230509167658], [-0.08518090584358273, 0.6575858347266559, -0.14044368236070903], [-0.17946219023186447, 0.6184156465990241, -0.048264459287076955], [-0.1715087056265119, 0.5423324162575235, -0.09711985862732482], [-0.16649620890995392, 0.6531101862657175, -0.1301413059618572], [-0.15152538469568733, 0.5996510035804256, -0.17821225827465295]] local_body=[[3.013608372548568e-6, -2.161431956929849e-6, 2.2721737656387556e-6], [0.09211852691963933, -0.01591073915932124, -0.0009711430937160039], [-0.07238664960915049, 0.018863477171192907, 0.006379726841186503], [0.02191549814966698, 0.06831058737627671, 0.11114615342775296], [0.026132542886349655, 0.026064879303657862, -0.0637752230258314], [0.0009768976022250355, -0.051907720157650515, 0.02221360663831818], [0.02629323526099507, 0.11034506795419141, 0.008486855354552639], [0.09188710004889332, 0.013224620617321912, 0.05268698531316321], [0.013394886575074238, 0.01693288324785086, 0.07619082754801602], [0.06137490817566432, -0.05471893485410318, 0.016762417940177573], [0.0040793638092934325, 0.05095698033759899, 0.034996005715514894], [0.08857084611486402, 0.029104714581290436, -0.017963878443504208], [0.07856611962341217, -0.01754613944901996, -0.06472197965367597], [0.01019874546042994, -0.03640402558354774, -0.06804102419937103], [0.02557202882552405, 0.07456934689917827, -0.025461655643314266], [-0.06870925556275768, 0.03539915877154651, 0.0667175674303178], [-0.06075577095740514, -0.040684071569954114, 0.017862168090069935], [-0.05574327424084714, 0.07009369843823984, -0.015159279244462427], [-0.04077245002658056, 0.016634515752947932, -0.0632302315572582]] world_obstacle=Some([[-0.02925995972713349, 0.6043175699490944, -0.08133751716974916], [-0.02981938021552101, 0.6219005969361416, -0.09424600954401777], [0.03253845470113052, 0.5958172632306749, -0.09581248464928174]]) local_obstacle=Some([[0.08149297494197329, 0.021301082121616743, 0.0336445095476456], [0.08093355445358577, 0.03888410910866402, 0.02073601717337699], [0.1432913893702373, 0.01280077540319724, 0.019169542068113013]]) nearest_world=Ok(Some(PrescribedContactFeature { distance_m: 0.0001000000000000021, gap_m: 4.125981451320839e-18, body_face: [10, 7, 11], obstacle_face_index: 1308, body_weights: [0.10962553612802017, 0.6480278002360903, 0.24234666363588953], obstacle_weights: [1.0, 0.0, 0.0] })) nearest_local=Ok(Some(PrescribedContactFeature { distance_m: 9.999999999997332e-5, gap_m: -2.8980747842889374e-17, body_face: [10, 7, 11], obstacle_face_index: 1308, body_weights: [0.10962553612802023, 0.6480278002360903, 0.24234666363588947], obstacle_weights: [1.0, 0.0, 0.0] }))
IMPLICIT_TERMINAL_GEOMETRY dt=1.04166666666666665e-3 body_start=[[-0.10197075531608778, 0.7848909450719871, 0.1314966165404335], [-0.02277874474003618, 0.7871018029758297, 0.1293659610368947], [-0.18371337367946833, 0.7785756268842002, 0.1287294962533482], [-0.10536969791348491, 0.8554379774505805, 0.12974054488324174], [-0.10208311034779419, 0.7255875531740102, 0.13503848704093563], [-0.10229806042324563, 0.7884179618675117, 0.18187413422267978], [-0.10509749563222116, 0.7884405649281319, 0.08245129627586646], [-0.048364290725873005, 0.832738982941428, 0.12807162130457778], [-0.10390090556325292, 0.8320913946041377, 0.16330763526337774], [-0.04480684746350053, 0.7860684876777184, 0.1655052326928511], [-0.1046283045037116, 0.8344364217279968, 0.09694663018077097], [-0.047765435981706204, 0.7850925523403098, 0.0945944973625677], [-0.04413338743835708, 0.7402452607389262, 0.13267294033420318], [-0.10096484295749085, 0.7427958153673928, 0.1717927394668628], [-0.10203903901226573, 0.7402498281892311, 0.09640040524394525], [-0.15957973220061622, 0.825131880756557, 0.1255992178488936], [-0.15928061566292373, 0.7815254254787284, 0.16507031999224797], [-0.16020452795228496, 0.7766848115302715, 0.09424760545004149], [-0.1597258578518718, 0.7357870756443367, 0.13331129717547016]] body_end=[[-0.10188961801698782, 0.7848525049354957, 0.13142023857312973], [-0.02285382902839621, 0.7871107614762242, 0.12934035542366726], [-0.18371419323095411, 0.7783421572343032, 0.12833607926869942], [-0.10536457056892953, 0.8554493756426929, 0.129754070645164], [-0.10207854451142112, 0.7255988160644182, 0.1350490326989103], [-0.10227657034067257, 0.7884126170310021, 0.18190673830215764], [-0.10509419389191821, 0.7884530104435594, 0.08246332806623674], [-0.04840534798677723, 0.832674193970249, 0.12804971956176225], [-0.10388684535918344, 0.8318598263825456, 0.16333904512990302], [-0.04472721347371282, 0.7859410870352785, 0.16544622254573416], [-0.10456903519525257, 0.8345679599219078, 0.09708279623406349], [-0.04770423996678644, 0.785054779572454, 0.09444446472141126], [-0.04409463809340144, 0.7401886501297609, 0.13262772144818377], [-0.10103875431733861, 0.7427285393085665, 0.17177697921904178], [-0.10198901270455177, 0.7401939777385648, 0.09629984363674857], [-0.15951641549396967, 0.8247857812582816, 0.12538461420936298], [-0.15935559977765745, 0.7812851783851632, 0.16481630519167204], [-0.160237462648206, 0.7764608844878856, 0.09387780661253467], [-0.15970087332977118, 0.7357244648519571, 0.13303524658146682]] nearest_end=Ok(Some(PrescribedContactFeature { distance_m: 0.0007790901079514047, gap_m: 0.0006790901079514047, body_face: [8, 15, 16], obstacle_face_index: 167, body_weights: [0.3251986927912819, 0.5286272333736042, 0.14617407383511394], obstacle_weights: [1.0, 0.0, 0.0] })) obstacle_triangle_end=Some([[-0.14179888097853144, 0.8211771430929583, 0.14398879475866572], [-0.1751598149704776, 0.8254728078777273, 0.13804038988102868], [-0.13713915321646264, 0.8455490891725279, 0.12573105549787988]])
IMPLICIT_FRAME_GEOMETRY dt=1.04166666666666665e-3 world_body=[[-0.10188961801698782, 0.7848525049354957, 0.13142023857312973], [-0.02285382902839621, 0.7871107614762242, 0.12934035542366726], [-0.18371419323095411, 0.7783421572343032, 0.12833607926869942], [-0.10536457056892953, 0.8554493756426929, 0.129754070645164], [-0.10207854451142112, 0.7255988160644182, 0.1350490326989103], [-0.10227657034067257, 0.7884126170310021, 0.18190673830215764], [-0.10509419389191821, 0.7884530104435594, 0.08246332806623674], [-0.04840534798677723, 0.832674193970249, 0.12804971956176225], [-0.10388684535918344, 0.8318598263825456, 0.16333904512990302], [-0.04472721347371282, 0.7859410870352785, 0.16544622254573416], [-0.10456903519525257, 0.8345679599219078, 0.09708279623406349], [-0.04770423996678644, 0.785054779572454, 0.09444446472141126], [-0.04409463809340144, 0.7401886501297609, 0.13262772144818377], [-0.10103875431733861, 0.7427285393085665, 0.17177697921904178], [-0.10198901270455177, 0.7401939777385648, 0.09629984363674857], [-0.15951641549396967, 0.8247857812582816, 0.12538461420936298], [-0.15935559977765745, 0.7812851783851632, 0.16481630519167204], [-0.160237462648206, 0.7764608844878856, 0.09387780661253467], [-0.15970087332977118, 0.7357244648519571, 0.13303524658146682]] local_body=[[8.113729909996233e-5, -3.844013649136691e-5, -7.637796730375906e-5], [0.07911692628769157, 0.00221981640423709, -0.002156261116766237], [-0.08174343791486634, -0.00654878783768382, -0.0031605372717340703], [-0.003393815252841756, 0.07055843057070577, -0.0017425458952694817], [-0.00010778919533334375, -0.05929212900756886, 0.0035524161584768177], [-0.0003058150245847959, 0.0035216719590150216, 0.050410121761724165], [-0.003123438575830431, 0.0035620653715723316, -0.049033288474196746], [0.053565407329310546, 0.047783248898261924, -0.0034468969786712396], [-0.0019160900430956562, 0.046968881310558507, 0.03184242858946952], [0.057243541842374956, 0.0010501419632914515, 0.03394960600530068], [-0.002598279879164787, 0.04967701484992072, -0.03441382030637], [0.05426651534930134, 0.0001638345004669013, -0.03705215181902223], [0.05787611722268634, -0.044702294942226266, 0.0011311049077502747], [0.0009320009987491664, -0.04216240576342058, 0.0402803626786083], [-1.8257388463994877e-5, -0.04469696733342234, -0.03519677290368493], [-0.0575456601778819, 0.03989483618629453, -0.006112002331070507], [-0.057384844461569676, -0.003605766686823843, 0.03331968865123854], [-0.05826670733211824, -0.008430060584101442, -0.03761880992789882], [-0.0577301180136834, -0.049166480220029986, 0.0015386300410333196]] world_obstacle=Some([[-0.14179888097853144, 0.8211771430929583, 0.14398879475866572], [-0.1751598149704776, 0.8254728078777273, 0.13804038988102868], [-0.13713915321646264, 0.8455490891725279, 0.12573105549787988]]) local_obstacle=Some([[-0.03982812566244366, 0.036286198020971216, 0.01249217821823223], [-0.07318905965438983, 0.040581862805740165, 0.006543773340595194], [-0.03516839790037486, 0.06065814410054082, -0.005765561042553602]]) nearest_world=Ok(Some(PrescribedContactFeature { distance_m: 0.0007790901079514047, gap_m: 0.0006790901079514047, body_face: [8, 15, 16], obstacle_face_index: 167, body_weights: [0.3251986927912819, 0.5286272333736042, 0.14617407383511394], obstacle_weights: [1.0, 0.0, 0.0] })) nearest_local=Ok(Some(PrescribedContactFeature { distance_m: 0.000779090107951403, gap_m: 0.0006790901079514069, body_face: [8, 15, 16], obstacle_face_index: 1918, body_weights: [0.325198692791282, 0.5286272333736041, 0.1461740738351139], obstacle_weights: [0.0, 1.0, 0.0] }))
WIDE_IMPORTED_CONTACT_COMMITTED step=228
IMPLICIT_TERMINAL_GEOMETRY dt=1.04166666666666665e-3 body_start=[[-0.10126987714959428, 0.7824575104006526, 0.12930324315991218], [-0.023133571755757535, 0.7877497635097347, 0.1290977081000782], [-0.1851107460005328, 0.7719286965136548, 0.11646093006370964], [-0.10521643737295998, 0.8566467588949978, 0.130159063029515], [-0.10194126226606787, 0.7267927963759946, 0.1353762394345665], [-0.10442175204773611, 0.7859637552782177, 0.18061341237422698], [-0.10499975132059837, 0.789677565240992, 0.08282959397903619], [-0.04887767202445573, 0.8322503286494489, 0.12753850640680905], [-0.10333318257281982, 0.8277412015230845, 0.16165069168569224], [-0.044650343080694065, 0.7835756623099646, 0.16537578588422194], [-0.1044238684607794, 0.8372224902144599, 0.09798532852415359], [-0.047421806241406135, 0.7845778784438263, 0.09328929256306377], [-0.042559283331023025, 0.7402154277418105, 0.13387104689808244], [-0.10320874062819632, 0.7424452078522619, 0.17281111333077948], [-0.09960770029081377, 0.7386315686857827, 0.09479186592476094], [-0.15826647291889634, 0.8180002567376153, 0.11703593163222831], [-0.1616730149626662, 0.7752465556335856, 0.1562192639074145], [-0.15989756000984595, 0.769797272217677, 0.08462375213556812], [-0.1604427227409365, 0.7323585191477698, 0.1254015865583725]] body_end=[[-0.10120197547702445, 0.7824101947777713, 0.1292808330038756], [-0.02335654539831393, 0.7879248111041104, 0.1292008410048678], [-0.18515787243187315, 0.7716530323655322, 0.11609300726207367], [-0.10521276580874342, 0.8567031516868825, 0.13016954038118128], [-0.10193769462420033, 0.7268491199409255, 0.13538504436231386], [-0.10441578951284694, 0.7859078274089015, 0.1805077667896021], [-0.10499743989997312, 0.7897345362894354, 0.08283924757372862], [-0.04891410533565503, 0.8323000757276856, 0.12759739948629342], [-0.10324668990325435, 0.8276791636193919, 0.16152430207872323], [-0.044578787822137825, 0.7834876878234969, 0.16555239726156], [-0.10438079502338282, 0.837260610606052, 0.09799594291989425], [-0.047487652459851634, 0.7845736323363831, 0.09323254185345471], [-0.04244668104540882, 0.7402294470298207, 0.13395871159588543], [-0.10323777065424479, 0.7423782160065431, 0.17287277844122823], [-0.09951916127331711, 0.7386614539778429, 0.09465546676323046], [-0.15819344824981144, 0.8177543111871058, 0.11681605572195926], [-0.16173774022358256, 0.7750190410894552, 0.15607029187687835], [-0.15987836661443255, 0.7695069367221264, 0.08433307942791685], [-0.16045200288007896, 0.7322255175648326, 0.12516695697526878]] nearest_end=Ok(Some(PrescribedContactFeature { distance_m: 0.00044685117276361576, gap_m: 0.00034685117276361566, body_face: [8, 15, 16], obstacle_face_index: 1328, body_weights: [0.35125021943628243, 0.32721647164479734, 0.3215333089189202], obstacle_weights: [0.0, 0.0, 1.0] })) obstacle_triangle_end=Some([[-0.1389019572022971, 0.8172987133891614, 0.13724171006484537], [-0.12007035060287669, 0.8313519025474276, 0.16608278252894765], [-0.14028994431465322, 0.8077582453541798, 0.14539975779138575]])
IMPLICIT_FRAME_GEOMETRY dt=1.04166666666666665e-3 world_body=[[-0.10120197547702445, 0.7824101947777713, 0.1292808330038756], [-0.02335654539831393, 0.7879248111041104, 0.1292008410048678], [-0.18515787243187315, 0.7716530323655322, 0.11609300726207367], [-0.10521276580874342, 0.8567031516868825, 0.13016954038118128], [-0.10193769462420033, 0.7268491199409255, 0.13538504436231386], [-0.10441578951284694, 0.7859078274089015, 0.1805077667896021], [-0.10499743989997312, 0.7897345362894354, 0.08283924757372862], [-0.04891410533565503, 0.8323000757276856, 0.12759739948629342], [-0.10324668990325435, 0.8276791636193919, 0.16152430207872323], [-0.044578787822137825, 0.7834876878234969, 0.16555239726156], [-0.10438079502338282, 0.837260610606052, 0.09799594291989425], [-0.047487652459851634, 0.7845736323363831, 0.09323254185345471], [-0.04244668104540882, 0.7402294470298207, 0.13395871159588543], [-0.10323777065424479, 0.7423782160065431, 0.17287277844122823], [-0.09951916127331711, 0.7386614539778429, 0.09465546676323046], [-0.15819344824981144, 0.8177543111871058, 0.11681605572195926], [-0.16173774022358256, 0.7750190410894552, 0.15607029187687835], [-0.15987836661443255, 0.7695069367221264, 0.08433307942791685], [-0.16045200288007896, 0.7322255175648326, 0.12516695697526878]] local_body=[[6.790167256983065e-5, -4.731562288132137e-5, -2.2410156036578942e-5], [0.07791333175128035, 0.0054673007034578515, -0.00010240215504436073], [-0.08388799528227887, -0.010804478035120395, -0.01321023589783851], [-0.0039428886591491435, 0.0742456412862299, 0.0008662972212691022], [-0.00066781747460605, -0.0556083904597271, 0.0060818012024016765], [-0.0031459123632526626, 0.0034503170082489302, 0.05120452362968991], [-0.003727562750378846, 0.007277025888782762, -0.046463995586183554], [0.052355771813939245, 0.04984256532703306, -0.001705843673618765], [-0.0019768127536600676, 0.04522165321873922, 0.03222105891881105], [0.05669108932745645, 0.001030177422844273, 0.03624915410164784], [-0.003110917873788551, 0.054803100205399365, -0.031307300240017925], [0.05378222468974264, 0.0021161219357305225, -0.03607070130645747], [0.05882319610418545, -0.0422280633708318, 0.0046554684359732465], [-0.0019678935046505103, -0.04007929439410951, 0.043569535281316046], [0.0017507158762771597, -0.0437960564228097, -0.03464777639668173], [-0.05692357110021716, 0.03529680078645329, -0.012487187437952924], [-0.06046786307398827, -0.007438469311197359, 0.02676704871696618], [-0.05860848946483828, -0.01295057367852619, -0.04497016373199533], [-0.05918212573048469, -0.05023199283582002, -0.004136286184643394]] world_obstacle=Some([[-0.1389019572022971, 0.8172987133891614, 0.13724171006484537], [-0.12007035060287669, 0.8313519025474276, 0.16608278252894765], [-0.14028994431465322, 0.8077582453541798, 0.14539975779138575]]) local_obstacle=Some([[-0.03763208005270281, 0.03484120298850879, 0.007938466904933189], [-0.01880047345328241, 0.048894392146775045, 0.03677953936903547], [-0.039020067165058944, 0.02530073495352725, 0.016096514631473574]]) nearest_world=Ok(Some(PrescribedContactFeature { distance_m: 0.00044685117276361576, gap_m: 0.00034685117276361566, body_face: [8, 15, 16], obstacle_face_index: 1328, body_weights: [0.35125021943628243, 0.32721647164479734, 0.3215333089189202], obstacle_weights: [0.0, 0.0, 1.0] })) nearest_local=Ok(Some(PrescribedContactFeature { distance_m: 0.0004468511727636107, gap_m: 0.0003468511727636169, body_face: [8, 15, 16], obstacle_face_index: 2502, body_weights: [0.35125021943628243, 0.3272164716447973, 0.3215333089189203], obstacle_weights: [0.0, 1.0, 0.0] }))
IMPLICIT_TERMINAL_GEOMETRY dt=1.04166666666666665e-3 body_start=[[-0.1006293385910981, 0.7823497524206916, 0.12935310492648686], [-0.022396072712859625, 0.7882950643186792, 0.13051298869526795], [-0.18509959665876555, 0.7689709650455118, 0.11398494208473367], [-0.10517604764379576, 0.8572670467804068, 0.13027430647881388], [-0.10190200826309095, 0.727412324238977, 0.13547308592223078], [-0.10468783534942186, 0.7853010633776564, 0.1811400965599633], [-0.10497431941591659, 0.7903042148656547, 0.08293577845160324], [-0.048566297555286846, 0.8325257556252885, 0.12760818261717757], [-0.10235505582994933, 0.8269474603804787, 0.16136264831635963], [-0.04484506942577231, 0.7831357771796713, 0.16644497512714354], [-0.10465846242700508, 0.8382228438342769, 0.09811572975819742], [-0.04736552908369035, 0.7856208901440122, 0.0941768879827554], [-0.04182118336643365, 0.7405647581183464, 0.13470910451634235], [-0.10361330266126889, 0.7421343975590589, 0.17321205511412693], [-0.0987890007844759, 0.7387915910615357, 0.09459139167206831], [-0.15770978252055615, 0.8157544238187243, 0.11529893840967574], [-0.1612671553918235, 0.7723579310143193, 0.15450625307339916], [-0.15915465240531654, 0.7684872757763047, 0.08287470487971307], [-0.16035266899416367, 0.730345168668453, 0.12278057399315444]] body_end=[[-0.10053533664387145, 0.782354431196549, 0.12934240824573068], [-0.02248572692512042, 0.7884075220570121, 0.13057919068630217], [-0.18486355627967996, 0.7686500059279918, 0.11383631190034499], [-0.10517237557523722, 0.8573234330074688, 0.1302847823459544], [-0.10189843863295286, 0.7274686415338906, 0.13548188930564908], [-0.10464962570396494, 0.7852344670533032, 0.1811688378372956], [-0.10497200673987173, 0.7903611795326051, 0.08294543103172064], [-0.04861937685328494, 0.8326198204109387, 0.12769423083835924], [-0.10234540423854452, 0.8268770616147614, 0.16138368439782402], [-0.04474967431998536, 0.7830628068274944, 0.1665601881394266], [-0.10469661261200083, 0.8383004202666252, 0.09813892669348663], [-0.04737451267582963, 0.7856627824541796, 0.0942330579386361], [-0.041827814253754626, 0.7405672625232468, 0.13477463410187093], [-0.10370620064801525, 0.7421157547481289, 0.17321110524026365], [-0.09872998921054746, 0.7387005509622786, 0.09471940150202672], [-0.15769113556888936, 0.8154281457655872, 0.11517552720416822], [-0.16121282946275978, 0.7720887403216957, 0.15441653081852072], [-0.15911690432183184, 0.7682663862936598, 0.08263288686693158], [-0.16025148768328515, 0.7302939554373333, 0.12251312371383805]] nearest_end=Ok(Some(PrescribedContactFeature { distance_m: 0.00031241122813162905, gap_m: 0.0002124112281316291, body_face: [8, 15, 16], obstacle_face_index: 1328, body_weights: [0.3461195892990948, 0.35922617283159763, 0.29465423786930756], obstacle_weights: [0.0, 0.0, 1.0] })) obstacle_triangle_end=Some([[-0.13836546789282206, 0.8164349680822761, 0.13482206545179265], [-0.11978977435956717, 0.8303345975540701, 0.16391320358053177], [-0.13975822915276065, 0.8067974683183536, 0.1429101720517263]])
IMPLICIT_FRAME_GEOMETRY dt=1.04166666666666665e-3 world_body=[[-0.10053533664387145, 0.782354431196549, 0.12934240824573068], [-0.02248572692512042, 0.7884075220570121, 0.13057919068630217], [-0.18486355627967996, 0.7686500059279918, 0.11383631190034499], [-0.10517237557523722, 0.8573234330074688, 0.1302847823459544], [-0.10189843863295286, 0.7274686415338906, 0.13548188930564908], [-0.10464962570396494, 0.7852344670533032, 0.1811688378372956], [-0.10497200673987173, 0.7903611795326051, 0.08294543103172064], [-0.04861937685328494, 0.8326198204109387, 0.12769423083835924], [-0.10234540423854452, 0.8268770616147614, 0.16138368439782402], [-0.04474967431998536, 0.7830628068274944, 0.1665601881394266], [-0.10469661261200083, 0.8383004202666252, 0.09813892669348663], [-0.04737451267582963, 0.7856627824541796, 0.0942330579386361], [-0.041827814253754626, 0.7405672625232468, 0.13477463410187093], [-0.10370620064801525, 0.7421157547481289, 0.17321110524026365], [-0.09872998921054746, 0.7387005509622786, 0.09471940150202672], [-0.15769113556888936, 0.8154281457655872, 0.11517552720416822], [-0.16121282946275978, 0.7720887403216957, 0.15441653081852072], [-0.15911690432183184, 0.7682663862936598, 0.08263288686693158], [-0.16025148768328515, 0.7302939554373333, 0.12251312371383805]] local_body=[[9.400194722665235e-5, 4.678775857428365e-6, -1.0696680756182654e-5], [0.07814361166597769, 0.006057769636320513, 0.0012260857598153162], [-0.08423421768858186, -0.013699746492699755, -0.015516793026141866], [-0.004543036984139118, 0.07497368058677722, 0.0009316774194675359], [-0.0012691000418547649, -0.05488111088680103, 0.006128784379162228], [-0.004020287112866844, 0.0028847146326116623, 0.05181573291080872], [-0.004342668148773626, 0.008011427111913494, -0.046407673894766216], [0.05200996173781316, 0.05027006799024718, -0.0016588740881276274], [-0.0017160656474464217, 0.04452730919406982, 0.032030579471337174], [0.05587966427111274, 0.0007130544068028507, 0.037207083212939765], [-0.004067274020902735, 0.05595066784593357, -0.031214178233000232], [0.05325482591526847, 0.003313030033488049, -0.03512004698785077], [0.05880152433734347, -0.04178248989744483, 0.005421529175384067], [-0.0030768620569171495, -0.040233997672562756, 0.04385800031377679], [0.0018993493805506438, -0.04364920145841296, -0.034633703424460136], [-0.057061796977791256, 0.03307839334489556, -0.014177577722318636], [-0.060583490871661684, -0.010261012098995837, 0.025063425892033864], [-0.05848756573073375, -0.014083366127031753, -0.04672021805955527], [-0.059622149092187056, -0.052055796983358264, -0.006839981212648815]] world_obstacle=Some([[-0.13836546789282206, 0.8164349680822761, 0.13482206545179265], [-0.11978977435956717, 0.8303345975540701, 0.16391320358053177], [-0.13975822915276065, 0.8067974683183536, 0.1429101720517263]]) local_obstacle=Some([[-0.03773612930172396, 0.03408521566158451, 0.005468960525305794], [-0.01916043576846907, 0.04798484513337853, 0.03456009865404491], [-0.03912889056166255, 0.024447715897662037, 0.013557067125239436]]) nearest_world=Ok(Some(PrescribedContactFeature { distance_m: 0.00031241122813162905, gap_m: 0.0002124112281316291, body_face: [8, 15, 16], obstacle_face_index: 1328, body_weights: [0.3461195892990948, 0.35922617283159763, 0.29465423786930756], obstacle_weights: [0.0, 0.0, 1.0] })) nearest_local=Ok(Some(PrescribedContactFeature { distance_m: 0.0003124112281316193, gap_m: 0.00021241122813161993, body_face: [8, 15, 16], obstacle_face_index: 1329, body_weights: [0.3461195892990946, 0.35922617283159747, 0.2946542378693079], obstacle_weights: [0.0, 1.0, 0.0] }))
WIDE_IMPORTED_CONTACT_COMMITTED step=240
IMPLICIT_TERMINAL_GEOMETRY dt=1.04166666666666665e-3 body_start=[[-0.09686407290752314, 0.7838774928031025, 0.1294234042178581], [-0.02131183094144017, 0.7930834678821906, 0.12785566936389633], [-0.18389923464029007, 0.7598897059559446, 0.10742691636189461], [-0.10536177429054529, 0.8620530562813852, 0.13049733240041558], [-0.10215323664118917, 0.7322000741826544, 0.13578022447303684], [-0.10246402117181792, 0.7871377479514465, 0.18170973965804474], [-0.10523301928242337, 0.7950585531149787, 0.0832033561413982], [-0.051017186780008585, 0.8371073077710334, 0.1256407584426886], [-0.10064903569913307, 0.8280268692374113, 0.16227333202130304], [-0.041622652719783916, 0.7858483932636816, 0.16475313654876633], [-0.10619961101133651, 0.8443607996407734, 0.0974764352947638], [-0.0488379617870087, 0.7902493856793019, 0.09221705691156666], [-0.04049574638758043, 0.7429870111295781, 0.13498634094336717], [-0.10246426898727101, 0.744543333562947, 0.17612523391324073], [-0.09556668722483273, 0.741205530492679, 0.09320952057600915], [-0.15168242347353927, 0.8062814954674812, 0.1109450673686989], [-0.15824112589457012, 0.7663942044372983, 0.15345349442031478], [-0.15581029954290013, 0.7608131659340693, 0.07562258952317062], [-0.160477881148594, 0.7288256318592308, 0.11855863799571911]] body_end=[[-0.09676208962403651, 0.7839853602190411, 0.12946525550944318], [-0.021299419952413374, 0.7932397255033329, 0.12757822470938338], [-0.18379392067096487, 0.7596610137479282, 0.10749537538475464], [-0.10536862517810344, 0.862179289137774, 0.1305005967271307], [-0.10216203665504324, 0.7323263846002459, 0.13578659578145152], [-0.1022422056455164, 0.7872539603274592, 0.18163558744694844], [-0.10524162810980799, 0.795183634516005, 0.08320824592097167], [-0.051109341506264276, 0.8373343256489141, 0.12560971203441537], [-0.10072835317752989, 0.8282187969163266, 0.16226880223352233], [-0.04153160691496775, 0.7859691537179656, 0.1646774125347415], [-0.10635062774063403, 0.8444160487496939, 0.09741137085494758], [-0.048909489855414295, 0.7904212364005617, 0.09210849525460824], [-0.040456775826864626, 0.7431197726943158, 0.13492698701521194], [-0.10231339036450728, 0.7445764857625466, 0.17620139097182452], [-0.09556005320518925, 0.7413880009668735, 0.09316248979719263], [-0.151467652426438, 0.8061837572793775, 0.1109823820586207], [-0.15805923477142006, 0.7660289577136227, 0.15356033656340617], [-0.1558253775531123, 0.7606136130012888, 0.07568119568567747], [-0.16046324703899129, 0.7286306505789297, 0.11837644348940259]] nearest_end=Ok(Some(PrescribedContactFeature { distance_m: 0.0002807570560852437, gap_m: 0.0001807570560852437, body_face: [8, 15, 16], obstacle_face_index: 1328, body_weights: [0.23945919934445142, 0.619250458841238, 0.1412903418143106], obstacle_weights: [0.0, 0.0, 1.0] })) obstacle_triangle_end=Some([[-0.1388745693245691, 0.815962218651338, 0.1218223047787483], [-0.12151971510527365, 0.8286356305287828, 0.15220622495412017], [-0.14044304548766334, 0.8059485079240358, 0.12940173646306521]])
IMPLICIT_FRAME_GEOMETRY dt=1.04166666666666665e-3 world_body=[[-0.09676208962403651, 0.7839853602190411, 0.12946525550944318], [-0.021299419952413374, 0.7932397255033329, 0.12757822470938338], [-0.18379392067096487, 0.7596610137479282, 0.10749537538475464], [-0.10536862517810344, 0.862179289137774, 0.1305005967271307], [-0.10216203665504324, 0.7323263846002459, 0.13578659578145152], [-0.1022422056455164, 0.7872539603274592, 0.18163558744694844], [-0.10524162810980799, 0.795183634516005, 0.08320824592097167], [-0.051109341506264276, 0.8373343256489141, 0.12560971203441537], [-0.10072835317752989, 0.8282187969163266, 0.16226880223352233], [-0.04153160691496775, 0.7859691537179656, 0.1646774125347415], [-0.10635062774063403, 0.8444160487496939, 0.09741137085494758], [-0.048909489855414295, 0.7904212364005617, 0.09210849525460824], [-0.040456775826864626, 0.7431197726943158, 0.13492698701521194], [-0.10231339036450728, 0.7445764857625466, 0.17620139097182452], [-0.09556005320518925, 0.7413880009668735, 0.09316248979719263], [-0.151467652426438, 0.8061837572793775, 0.1109823820586207], [-0.15805923477142006, 0.7660289577136227, 0.15356033656340617], [-0.1558253775531123, 0.7606136130012888, 0.07568119568567747], [-0.16046324703899129, 0.7286306505789297, 0.11837644348940259]] local_body=[[0.00010198328348661796, 0.00010786741593855618, 4.1851291585075166e-5], [0.07556465295510977, 0.009362232700230396, -0.0018451795084747475], [-0.08692984776344174, -0.024216479055174357, -0.021928028833103474], [-0.008504552270580307, 0.07830179633467149, 0.001077192509272601], [-0.005297963747520104, -0.05155110820285658, 0.006363191563593412], [-0.0053781327379932705, 0.0033764675243566794, 0.05221218322909031], [-0.00837755520228485, 0.011306141712902562, -0.04621515829688644], [0.04575473140125886, 0.05345683284581164, -0.003813692183442742], [-0.003864280270006748, 0.04434130411322407, 0.03284539801566421], [0.05533246599255538, 0.0020916609148630885, 0.03525400831688338], [-0.009486554833110892, 0.06053855594659143, -0.03201203336291053], [0.04795458305210884, 0.006543743597459192, -0.03731490896324987], [0.05640729708065851, -0.0407577201087866, 0.005503582797353824], [-0.005449317456984134, -0.039301007040555794, 0.046777986753966404], [0.0013040197023338866, -0.04248949183622891, -0.03626091442066548], [-0.05460357951891486, 0.022306264476274994, -0.018441022159237423], [-0.06119516186389693, -0.01784853508947976, 0.02413693234554806], [-0.058961304645589165, -0.023263879801813644, -0.05374220853218064], [-0.06359917413146814, -0.055246842224172726, -0.011046960728455521]] world_obstacle=Some([[-0.1388745693245691, 0.815962218651338, 0.1218223047787483], [-0.12151971510527365, 0.8286356305287828, 0.15220622495412017], [-0.14044304548766334, 0.8059485079240358, 0.12940173646306521]]) local_obstacle=Some([[-0.04201049641704596, 0.03208472584823552, -0.007601099439109818], [-0.024655642197750516, 0.04475813772568027, 0.02278282073626206], [-0.04357897258014021, 0.022071015120933346, -2.1667754792897842e-5]]) nearest_world=Ok(Some(PrescribedContactFeature { distance_m: 0.0002807570560852437, gap_m: 0.0001807570560852437, body_face: [8, 15, 16], obstacle_face_index: 1328, body_weights: [0.23945919934445142, 0.619250458841238, 0.1412903418143106], obstacle_weights: [0.0, 0.0, 1.0] })) nearest_local=Ok(Some(PrescribedContactFeature { distance_m: 0.000280757056085268, gap_m: 0.0001807570560852691, body_face: [8, 15, 16], obstacle_face_index: 1328, body_weights: [0.2394591993444515, 0.6192504588412382, 0.1412903418143103], obstacle_weights: [0.0, 0.0, 1.0] }))
IMPLICIT_TERMINAL_GEOMETRY dt=1.04166666666666665e-3 body_start=[[-0.09676238043010718, 0.7839846980058282, 0.12946401663179452], [-0.0212956647295076, 0.7932364444585773, 0.12756659285039781], [-0.18379698350959178, 0.7596703220284499, 0.10749189956227487], [-0.10536862517810344, 0.862179289137774, 0.1305005967271307], [-0.10216203665504324, 0.7323263846002459, 0.13578659578145152], [-0.10223884007547174, 0.7872527894360098, 0.18163783170927747], [-0.10524162810980799, 0.795183634516005, 0.08320824592097167], [-0.051110329173334655, 0.837339397175032, 0.12561216871729666], [-0.10072919814110501, 0.8282230518919759, 0.1622638178336025], [-0.04153194019929114, 0.7859684586250726, 0.16468452654280785], [-0.10635634480148715, 0.8444153384654415, 0.0974158837983263], [-0.04890984862490964, 0.7904200275786051, 0.09210800108317554], [-0.040457943314190996, 0.7431198812061302, 0.13492734257438424], [-0.10231117874872693, 0.7445747669767149, 0.17619895378256198], [-0.0955633922715287, 0.741391952037071, 0.09316564296827669], [-0.1514635670032166, 0.8061838988855661, 0.11097863967556573], [-0.1580636926174911, 0.7660283180606859, 0.15356472228235957], [-0.15582609089182675, 0.7606121881854923, 0.07568774091046498], [-0.16045825347014478, 0.7286255745355009, 0.11837222114089789]] body_end=[[-0.0966450603950109, 0.7840821401797742, 0.12949977090964152], [-0.021386463571403103, 0.7934656438280486, 0.12732130717632806], [-0.18366931783791138, 0.7594905190285454, 0.10754817307754369], [-0.10537547606566158, 0.8623055219941627, 0.13050386105384582], [-0.10217083666889731, 0.7324526950178373, 0.13579296708986618], [-0.1020164223171231, 0.7873914747985944, 0.18160821698019355], [-0.1052502369371926, 0.7953087159170313, 0.08321313570054514], [-0.05123537582786949, 0.8375604339711755, 0.1256181596785107], [-0.10080694176909322, 0.8284499526199459, 0.1622473324894207], [-0.04139919042028547, 0.7860905158438203, 0.1646293081706666], [-0.10649122717335244, 0.8444875431280103, 0.09739293221378943], [-0.04893379568092727, 0.7905818157717605, 0.0919355250698942], [-0.04050327015837615, 0.7432253927335808, 0.13486794411776856], [-0.10214570188124898, 0.7445649319255448, 0.17618507217260512], [-0.09559138637636858, 0.7415601163801535, 0.09315805039429739], [-0.1512135876215189, 0.8060736302276679, 0.11104396249672392], [-0.15790873769762775, 0.7656889591032139, 0.15368252224786694], [-0.1558278744179548, 0.7603976750120467, 0.07570529517931919], [-0.16043094979887523, 0.7283268698527608, 0.11820340068252619]] nearest_end=Ok(Some(PrescribedContactFeature { distance_m: 0.0002815537558878461, gap_m: 0.00018155375588784612, body_face: [8, 15, 16], obstacle_face_index: 2503, body_weights: [0.2496858266194233, 0.40327803989755506, 0.34703613348302165], obstacle_weights: [1.0, 0.0, 0.0] })) obstacle_triangle_end=Some([[-0.14114693776799642, 0.7978071412694261, 0.1387479765343376], [-0.17135164819152462, 0.8010169475808819, 0.13234797300600365], [-0.14047017829059774, 0.8059532375310821, 0.1290688394347212]])
IMPLICIT_FRAME_GEOMETRY dt=1.04166666666666665e-3 world_body=[[-0.0966450603950109, 0.7840821401797742, 0.12949977090964152], [-0.021386463571403103, 0.7934656438280486, 0.12732130717632806], [-0.18366931783791138, 0.7594905190285454, 0.10754817307754369], [-0.10537547606566158, 0.8623055219941627, 0.13050386105384582], [-0.10217083666889731, 0.7324526950178373, 0.13579296708986618], [-0.1020164223171231, 0.7873914747985944, 0.18160821698019355], [-0.1052502369371926, 0.7953087159170313, 0.08321313570054514], [-0.05123537582786949, 0.8375604339711755, 0.1256181596785107], [-0.10080694176909322, 0.8284499526199459, 0.1622473324894207], [-0.04139919042028547, 0.7860905158438203, 0.1646293081706666], [-0.10649122717335244, 0.8444875431280103, 0.09739293221378943], [-0.04893379568092727, 0.7905818157717605, 0.0919355250698942], [-0.04050327015837615, 0.7432253927335808, 0.13486794411776856], [-0.10214570188124898, 0.7445649319255448, 0.17618507217260512], [-0.09559138637636858, 0.7415601163801535, 0.09315805039429739], [-0.1512135876215189, 0.8060736302276679, 0.11104396249672392], [-0.15790873769762775, 0.7656889591032139, 0.15368252224786694], [-0.1558278744179548, 0.7603976750120467, 0.07570529517931919], [-0.16043094979887523, 0.7283268698527608, 0.11820340068252619]] local_body=[[0.00011732003509627462, 9.7442173946007e-5, 3.575427784700715e-5], [0.07537591685870408, 0.009480945822220492, -0.002142709455466469], [-0.08690693740780421, -0.024494178977282805, -0.02191584355425083], [-0.008613095635554402, 0.07832082398833451, 0.0010398444220512948], [-0.0054084562387901325, -0.05153200298799088, 0.006328950458071664], [-0.005254041887015925, 0.0034067767927662505, 0.05214420034839905], [-0.008487856507085417, 0.011324017911203188, -0.04625088093124938], [0.04552700460223769, 0.053575735965347385, -0.0038458569532838134], [-0.004044561338986031, 0.04446525461411773, 0.03278331585762617], [0.05536319000982171, 0.0021058178379921555, 0.03516529153887206], [-0.009728846743245255, 0.060502845122182146, -0.03207108441800509], [0.04782858474917991, 0.006597117765932318, -0.037528491561900315], [0.05625911027173103, -0.04075930527224733, 0.0054039274859740555], [-0.005383321451141799, -0.03941976608028328, 0.04672105554081061], [0.001170994053738607, -0.04242458162567461, -0.036305966237497135], [-0.05445120719141173, 0.02208893222183969, -0.018420054135070606], [-0.06114635726752058, -0.01829573890261431, 0.02421850561607241], [-0.05906549398784761, -0.023587022993781494, -0.05375872145247533], [-0.06366856936876805, -0.055657828153067315, -0.011260615949268327]] world_obstacle=Some([[-0.14114693776799642, 0.7978071412694261, 0.1387479765343376], [-0.17135164819152462, 0.8010169475808819, 0.13234797300600365], [-0.14047017829059774, 0.8059532375310821, 0.1290688394347212]]) local_obstacle=Some([[-0.044384557337889236, 0.013822443263597939, 0.009283959902543076], [-0.07458926776141744, 0.01703224957505378, 0.002883956374209129], [-0.04370779786049056, 0.021968539525253905, -0.00039517719707332644]]) nearest_world=Ok(Some(PrescribedContactFeature { distance_m: 0.0002815537558878461, gap_m: 0.00018155375588784612, body_face: [8, 15, 16], obstacle_face_index: 2503, body_weights: [0.2496858266194233, 0.40327803989755506, 0.34703613348302165], obstacle_weights: [1.0, 0.0, 0.0] })) nearest_local=Ok(Some(PrescribedContactFeature { distance_m: 0.00028155375588785945, gap_m: 0.0001815537558878679, body_face: [8, 15, 16], obstacle_face_index: 4254, body_weights: [0.24968582661942357, 0.4032780398975553, 0.34703613348302115], obstacle_weights: [0.0, 1.0, 0.0] }))
IMPLICIT_TERMINAL_GEOMETRY dt=1.04166666666666665e-3 body_start=[[-0.09637752292992514, 0.7842836721917092, 0.12955643007526654], [-0.021852222745044426, 0.7940089861021159, 0.12707426432511856], [-0.1831211532662748, 0.758764906067029, 0.10765063203218005], [-0.10538917754869175, 0.8625579869915666, 0.13051038918929175], [-0.10218843598982075, 0.7327053155681151, 0.13580570932887404], [-0.10167982384976565, 0.7876729285699391, 0.18145124363670465], [-0.10526745422396135, 0.795558878259225, 0.08322291497708309], [-0.05153006919338995, 0.8379051367559305, 0.12560796802015337], [-0.10090048660686148, 0.8288003695336007, 0.1624347507604719], [-0.041049242534300555, 0.7864117031837181, 0.1644962939002882], [-0.10646853221800084, 0.8446486548773001, 0.0972754341152667], [-0.04892551061273227, 0.7909405611726915, 0.09156873400581844], [-0.04067898421647814, 0.7433792647452835, 0.13470425032785782], [-0.10191625448644644, 0.7446044081552117, 0.17619319774749323], [-0.09561811429660746, 0.7417679392523484, 0.09310256978345953], [-0.150687026047911, 0.8057799875750569, 0.11132361730708283], [-0.15744257348233406, 0.7651007435089325, 0.15377822522466386], [-0.1557760405747468, 0.7599974274943366, 0.07552388669355234], [-0.16060352074285383, 0.7277680161191274, 0.11805415211429053]] body_end=[[-0.09623381338236715, 0.7843871383256333, 0.12955183093824718], [-0.02204072677738784, 0.7941440304969789, 0.126919404014115], [-0.18282398418042928, 0.7583426371611762, 0.10762134624435926], [-0.10539602814416377, 0.8626842191325819, 0.13051365299802262], [-0.10219723529689013, 0.7328316257008016, 0.13581208025946723], [-0.10155266345305773, 0.7877732179810784, 0.18138846548911006], [-0.10527606268334547, 0.7956839592003924, 0.0832278044740476], [-0.05170817610683163, 0.8381211819342643, 0.12559681684878246], [-0.10091172568071224, 0.8289614945575132, 0.16261953239173135], [-0.04088716159706279, 0.7866286836072441, 0.1645046681783534], [-0.10633726286771146, 0.8447364082457608, 0.09719604805070063], [-0.04895136375095106, 0.7911380421791674, 0.09141885553291566], [-0.04074325937695824, 0.7434630330758295, 0.1345992858372311], [-0.10184716957239781, 0.7446897372542405, 0.1763058428116005], [-0.09564311385812724, 0.7418904425247117, 0.09307776483176514], [-0.15035604125844038, 0.805603973123001, 0.11147993395829515], [-0.15724282813369667, 0.764915885663164, 0.1538729667084548], [-0.1557183749200162, 0.7598029381242905, 0.07540365574312453], [-0.1607432358450475, 0.727464280552742, 0.11805501733984466]] nearest_end=Ok(Some(PrescribedContactFeature { distance_m: 0.0002917956825075146, gap_m: 0.00019179568250751465, body_face: [3, 10, 15], obstacle_face_index: 167, body_weights: [0.2820764718895396, 0.0, 0.7179235281104603], obstacle_weights: [0.7773388270008338, 0.0, 0.2226611729991662] })) obstacle_triangle_end=Some([[-0.13896074053697344, 0.8160162941629632, 0.12054300453863842], [-0.17202835301067343, 0.8197451128437032, 0.11287749062678587], [-0.13417492186918284, 0.8421354298702165, 0.10458831370369406]])
IMPLICIT_FRAME_GEOMETRY dt=1.04166666666666665e-3 world_body=[[-0.09623381338236715, 0.7843871383256333, 0.12955183093824718], [-0.02204072677738784, 0.7941440304969789, 0.126919404014115], [-0.18282398418042928, 0.7583426371611762, 0.10762134624435926], [-0.10539602814416377, 0.8626842191325819, 0.13051365299802262], [-0.10219723529689013, 0.7328316257008016, 0.13581208025946723], [-0.10155266345305773, 0.7877732179810784, 0.18138846548911006], [-0.10527606268334547, 0.7956839592003924, 0.0832278044740476], [-0.05170817610683163, 0.8381211819342643, 0.12559681684878246], [-0.10091172568071224, 0.8289614945575132, 0.16261953239173135], [-0.04088716159706279, 0.7866286836072441, 0.1645046681783534], [-0.10633726286771146, 0.8447364082457608, 0.09719604805070063], [-0.04895136375095106, 0.7911380421791674, 0.09141885553291566], [-0.04074325937695824, 0.7434630330758295, 0.1345992858372311], [-0.10184716957239781, 0.7446897372542405, 0.1763058428116005], [-0.09564311385812724, 0.7418904425247117, 0.09307776483176514], [-0.15035604125844038, 0.805603973123001, 0.11147993395829515], [-0.15724282813369667, 0.764915885663164, 0.1538729667084548], [-0.1557183749200162, 0.7598029381242905, 0.07540365574312453], [-0.1607432358450475, 0.727464280552742, 0.11805501733984466]] local_body=[[0.00014370954755799686, 0.00010346613392406327, -4.599137019369608e-6], [0.0743367961525373, 0.009860358305269636, -0.0026370260611515537], [-0.08644646125050415, -0.02594103503053303, -0.021935083830907278], [-0.009018505214238623, 0.07840054694087262, 0.0009572229227560736], [-0.005819712366964991, -0.05145204649090762, 0.006255650184200684], [-0.005175140523132583, 0.0034895457893690585, 0.0518320354138435], [-0.008898539753420323, 0.011400287008683119, -0.04632862560121895], [0.044669346823093516, 0.05383750974255506, -0.00395961322648409], [-0.0045342027507870985, 0.044677822365803956, 0.0330631023164648], [0.05549036133286235, 0.0023450114155348866, 0.03494823810308687], [-0.009959739937786318, 0.060452736054051576, -0.032360382024565905], [0.04742615917897408, 0.006854369987458122, -0.03813757454235089], [0.055634263552966905, -0.040820639115879735, 0.0050428557619645676], [-0.00546964664247267, -0.03959393493746876, 0.04674941273633396], [0.0007344090717979118, -0.04239322966699754, -0.03647866524350141], [-0.053978518328515225, 0.021320300931291742, -0.018076496116971385], [-0.060865305203771515, -0.01936778652854519, 0.024316536633188245], [-0.059340851990091044, -0.024480734067418772, -0.05415277433214201], [-0.06436571291512234, -0.05681939163896719, -0.011501412735421875]] world_obstacle=Some([[-0.13896074053697344, 0.8160162941629632, 0.12054300453863842], [-0.17202835301067343, 0.8197451128437032, 0.11287749062678587], [-0.13417492186918284, 0.8421354298702165, 0.10458831370369406]]) local_obstacle=Some([[-0.04258321760704829, 0.03173262197125393, -0.009013425536628122], [-0.07565083008074829, 0.03546144065199397, -0.016678939448480673], [-0.037797398939257695, 0.057851757678507254, -0.02496811637157248]]) nearest_world=Ok(Some(PrescribedContactFeature { distance_m: 0.0002917956825075146, gap_m: 0.00019179568250751465, body_face: [3, 10, 15], obstacle_face_index: 167, body_weights: [0.2820764718895396, 0.0, 0.7179235281104603], obstacle_weights: [0.7773388270008338, 0.0, 0.2226611729991662] })) nearest_local=Ok(Some(PrescribedContactFeature { distance_m: 0.00029179568250752757, gap_m: 0.0001917956825075299, body_face: [8, 3, 15], obstacle_face_index: 167, body_weights: [0.0, 0.28207647188953966, 0.7179235281104603], obstacle_weights: [0.7773388270008345, 0.0, 0.22266117299916555] }))
WIDE_IMPORTED_CONTACT_COMMITTED step=252
IMPLICIT_TERMINAL_GEOMETRY dt=1.04166666666666665e-3 body_start=[[-0.09034496304716172, 0.7897153726907975, 0.12899383379088344], [-0.02159905627563807, 0.8006105182910175, 0.12795084582739483], [-0.1817958636316351, 0.7582238248734413, 0.11568836415793399], [-0.10606469762631243, 0.8687425990134929, 0.13038413558154083], [-0.1030076906628376, 0.7388972357631584, 0.1359369382498734], [-0.09728028055242616, 0.7944821036352623, 0.1818147930364656], [-0.10602071467542512, 0.8016496914606058, 0.08322971624458601], [-0.053615877994613655, 0.8457706616541656, 0.12775106425359456], [-0.10256766973239227, 0.8373345399804218, 0.1646101644587502], [-0.041084173678556005, 0.7948091276199795, 0.16591365035982558], [-0.10595773827959216, 0.8507820783633537, 0.09533579358097453], [-0.04843435061450684, 0.7981344059231835, 0.09056499606838808], [-0.0412218745892392, 0.7471292519027902, 0.13608112442814405], [-0.09501243226071507, 0.7482339548098417, 0.1785549850740082], [-0.09646070155824146, 0.7476292139806306, 0.0919910977089223], [-0.14060360928969234, 0.8067054653839993, 0.11834423422984168], [-0.14648743163108915, 0.7644425554509617, 0.16233542617010105], [-0.15719972568234697, 0.7617218230122658, 0.07837766907359094], [-0.16302342339867715, 0.7302570752905747, 0.12090158153982145]] body_end=[[-0.09006797801790876, 0.7899268780750283, 0.12896021156076937], [-0.02140331021775491, 0.8009145105352864, 0.12803366276814798], [-0.1817787287559604, 0.7581077757059336, 0.11631596901552334], [-0.10608652523745246, 0.86893612473338, 0.1303795901985152], [-0.10303411508184795, 0.7390910075632423, 0.13594066444998038], [-0.09730250899736749, 0.7948004830757609, 0.1815038490968688], [-0.10604495934939728, 0.8018402111319095, 0.0832294461890711], [-0.05356580466404312, 0.8459752082555546, 0.12787907977330093], [-0.10257540077252415, 0.8376510937834888, 0.1644377996073841], [-0.04118862175947664, 0.7953442633202972, 0.16606083841027455], [-0.10592591263973246, 0.8509356800181337, 0.09509643128756115], [-0.04832574320343543, 0.7983890116773811, 0.09068036215095178], [-0.04128556038520839, 0.7472961039409423, 0.13598953076773865], [-0.09452536537393835, 0.7483443102016595, 0.17872133377063365], [-0.09652823331103594, 0.7478211000739156, 0.09190226936916965], [-0.14071660751519693, 0.806590259458466, 0.11843601759855023], [-0.14625264034250296, 0.7640812029031109, 0.16250901245808758], [-0.15730945732174426, 0.7618233378377591, 0.0787627045767409], [-0.16312041369067298, 0.7302874873503234, 0.12113568312560709]] nearest_end=Ok(Some(PrescribedContactFeature { distance_m: 0.00013992011689593635, gap_m: 3.9920116895936355e-5, body_face: [15, 2, 16], obstacle_face_index: 2503, body_weights: [0.9424614788347835, 0.057538521165216544, 0.0], obstacle_weights: [0.5161190274079428, 0.0, 0.4838809725920572] })) obstacle_triangle_end=Some([[-0.14368514665338203, 0.7997169213611257, 0.12277595269939996], [-0.173594055900323, 0.8032526972783747, 0.11530159631803939], [-0.14263240860992607, 0.8083195898076497, 0.11368614563631839]])
IMPLICIT_FRAME_GEOMETRY dt=1.04166666666666665e-3 world_body=[[-0.09006797801790876, 0.7899268780750283, 0.12896021156076937], [-0.02140331021775491, 0.8009145105352864, 0.12803366276814798], [-0.1817787287559604, 0.7581077757059336, 0.11631596901552334], [-0.10608652523745246, 0.86893612473338, 0.1303795901985152], [-0.10303411508184795, 0.7390910075632423, 0.13594066444998038], [-0.09730250899736749, 0.7948004830757609, 0.1815038490968688], [-0.10604495934939728, 0.8018402111319095, 0.0832294461890711], [-0.05356580466404312, 0.8459752082555546, 0.12787907977330093], [-0.10257540077252415, 0.8376510937834888, 0.1644377996073841], [-0.04118862175947664, 0.7953442633202972, 0.16606083841027455], [-0.10592591263973246, 0.8509356800181337, 0.09509643128756115], [-0.04832574320343543, 0.7983890116773811, 0.09068036215095178], [-0.04128556038520839, 0.7472961039409423, 0.13598953076773865], [-0.09452536537393835, 0.7483443102016595, 0.17872133377063365], [-0.09652823331103594, 0.7478211000739156, 0.09190226936916965], [-0.14071660751519693, 0.806590259458466, 0.11843601759855023], [-0.14625264034250296, 0.7640812029031109, 0.16250901245808758], [-0.15730945732174426, 0.7618233378377591, 0.0787627045767409], [-0.16312041369067298, 0.7302874873503234, 0.12113568312560709]] local_body=[[0.00027698502925295183, 0.00021150538423072437, -3.362223011408805e-5], [0.06894165282940681, 0.011199137844488921, -0.0009601710227354575], [-0.09143376570879867, -0.03160759698486394, -0.012677864775360112], [-0.015741562190290742, 0.0792207520425825, 0.0013857564076317497], [-0.012689152034686235, -0.05062436512755519, 0.006946830659096931], [-0.006957545950205769, 0.005085110384963401, 0.052510015305985376], [-0.015699996302235564, 0.012124838441112007, -0.04576438760181234], [0.0367791583831186, 0.056259835564757055, -0.001114754017582519], [-0.01223043772536243, 0.047935721092691265, 0.03544396581650066], [0.049156341287685076, 0.00562889062949972, 0.0370670046193911], [-0.015580949592570746, 0.06122030732733614, -0.03389740250332229], [0.04201921984372629, 0.008673638986583606, -0.03831347163993166], [0.04905940266195333, -0.042419268749855236, 0.006995696976855212], [-0.004180402326776627, -0.04137106248913807, 0.04972749997975021], [-0.0061832702638742205, -0.04189427261688193, -0.037091564421713796], [-0.05037164446803522, 0.016874886767668476, -0.010557816192333222], [-0.055907677295341233, -0.02563416978768662, 0.033515178667204125], [-0.06696449427458255, -0.027892034853038428, -0.05023112921414256], [-0.07277545064351126, -0.059427885340474, -0.007858150665276356]] world_obstacle=Some([[-0.14368514665338203, 0.7997169213611257, 0.12277595269939996], [-0.173594055900323, 0.8032526972783747, 0.11530159631803939], [-0.14263240860992607, 0.8083195898076497, 0.11368614563631839]]) local_obstacle=Some([[-0.05334018360622031, 0.010001548670328209, -0.006217881091483482], [-0.08324909285316129, 0.01353732458757717, -0.013692237472844052], [-0.05228744556276435, 0.01860421711685223, -0.015307688154565055]]) nearest_world=Ok(Some(PrescribedContactFeature { distance_m: 0.00013992011689593635, gap_m: 3.9920116895936355e-5, body_face: [15, 2, 16], obstacle_face_index: 2503, body_weights: [0.9424614788347835, 0.057538521165216544, 0.0], obstacle_weights: [0.5161190274079428, 0.0, 0.4838809725920572] })) nearest_local=Ok(Some(PrescribedContactFeature { distance_m: 0.00013992011689592784, gap_m: 3.9920116895927824e-5, body_face: [15, 2, 16], obstacle_face_index: 2503, body_weights: [0.9424614788347835, 0.057538521165216544, 0.0], obstacle_weights: [0.5161190274079419, 0.0, 0.4838809725920581] }))
WIDE_IMPORTED_CONTACT_COMMITTED step=264
WIDE_IMPORTED_CONTACT_COMMITTED step=276
IMPLICIT_TERMINAL_GEOMETRY dt=1.04166666666666665e-3 body_start=[[-0.08996915759280383, 0.8093027285364034, 0.1254187304479753], [-0.029621682368786217, 0.8172620932357064, 0.16094194859748226], [-0.17027586411541518, 0.7449706951945184, 0.09493830167668352], [-0.10842705547491763, 0.8866243027767529, 0.12984795818474817], [-0.10568627301825108, 0.7567998911868155, 0.13602148140742856], [-0.11820756050418245, 0.8110436519272233, 0.17998842055303357], [-0.10850727078372213, 0.819307586946828, 0.08301361978800621], [-0.055031960113937135, 0.8651802257253011, 0.13963258959979763], [-0.1123726858464384, 0.8564684466720466, 0.16031412104985165], [-0.06674274165868106, 0.8128692390742491, 0.1806874876348588], [-0.1172720633294895, 0.8742721392666565, 0.0912885087087556], [-0.04156513123950355, 0.8185094877893506, 0.11108699039588246], [-0.056294966120317945, 0.7625404667035264, 0.15888738155013518], [-0.11527663426632331, 0.7651288707779221, 0.18195144998426127], [-0.08479516376582129, 0.7628422589982614, 0.09264457968593882], [-0.1377362788508322, 0.8104821459565407, 0.11039519494887345], [-0.14730051591364157, 0.7614024765806833, 0.14464497851019714], [-0.1548380483132558, 0.769788498561427, 0.06259255470860385], [-0.14991206519929307, 0.7230521546673824, 0.08706813924265755]] body_end=[[-0.08991547806080369, 0.8099349477692107, 0.12526581798764047], [-0.029972567362980682, 0.8173501854059931, 0.16084535042339587], [-0.16981979570159433, 0.7451296223907862, 0.09502783362477613], [-0.10845924497115023, 0.8868578893259067, 0.1298416918480047], [-0.10572111656296893, 0.7570336990928472, 0.13602108664899581], [-0.11845549339828136, 0.8108604488336408, 0.17948109501444617], [-0.10854009009735618, 0.8195390707471066, 0.08301037473483669], [-0.055145028041936744, 0.8655015633749081, 0.1398371705918353], [-0.11260901074126833, 0.8566581170194668, 0.16060575346443037], [-0.06699097595132185, 0.813537355941374, 0.1808339243376664], [-0.11731160664300468, 0.8752320418469753, 0.09117166849599746], [-0.041463588321631384, 0.8187049623640567, 0.11106320989711092], [-0.0566743205039265, 0.7629715584702059, 0.1592997162070001], [-0.11521491702088028, 0.7647033467647145, 0.18166856151941754], [-0.08442966460787193, 0.7630122483795815, 0.09319800974278844], [-0.13758127719744032, 0.8106662829330423, 0.11084930330302137], [-0.14748337291793376, 0.7610175515044733, 0.14459753579624804], [-0.15587438355569722, 0.7710576361051513, 0.062428281481682765], [-0.14941931862501212, 0.723966219118105, 0.08695906107995206]] nearest_end=Ok(Some(PrescribedContactFeature { distance_m: 0.0001355777514848357, gap_m: 3.557775148483571e-5, body_face: [16, 5, 8], obstacle_face_index: 2542, body_weights: [0.9331915335324166, 0.0, 0.06680846646758343], obstacle_weights: [0.48006158356373146, 0.0, 0.5199384164362686] })) obstacle_triangle_end=Some([[-0.14106259045569525, 0.790417348076647, 0.12975327155801974], [-0.1483331054328032, 0.794936364960038, 0.16179571355476566], [-0.14917346967825623, 0.7462417447165364, 0.1604113027615165]])
IMPLICIT_FRAME_GEOMETRY dt=1.04166666666666665e-3 world_body=[[-0.08991547806080369, 0.8099349477692107, 0.12526581798764047], [-0.029972567362980682, 0.8173501854059931, 0.16084535042339587], [-0.16981979570159433, 0.7451296223907862, 0.09502783362477613], [-0.10845924497115023, 0.8868578893259067, 0.1298416918480047], [-0.10572111656296893, 0.7570336990928472, 0.13602108664899581], [-0.11845549339828136, 0.8108604488336408, 0.17948109501444617], [-0.10854009009735618, 0.8195390707471066, 0.08301037473483669], [-0.055145028041936744, 0.8655015633749081, 0.1398371705918353], [-0.11260901074126833, 0.8566581170194668, 0.16060575346443037], [-0.06699097595132185, 0.813537355941374, 0.1808339243376664], [-0.11731160664300468, 0.8752320418469753, 0.09117166849599746], [-0.041463588321631384, 0.8187049623640567, 0.11106320989711092], [-0.0566743205039265, 0.7629715584702059, 0.1592997162070001], [-0.11521491702088028, 0.7647033467647145, 0.18166856151941754], [-0.08442966460787193, 0.7630122483795815, 0.09319800974278844], [-0.13758127719744032, 0.8106662829330423, 0.11084930330302137], [-0.14748337291793376, 0.7610175515044733, 0.14459753579624804], [-0.15587438355569722, 0.7710576361051513, 0.062428281481682765], [-0.14941931862501212, 0.723966219118105, 0.08695906107995206]] local_body=[[5.367953200014178e-5, 0.0006322192328073044, -0.0001529124603348359], [0.05999659022982314, 0.008047456869589785, 0.035426619975420556], [-0.0798506381087905, -0.06417310614561718, -0.03039089682319918], [-0.018490087378346398, 0.07755516078950331, 0.0044229614000294015], [-0.015751958970165097, -0.05226902944355616, 0.010602356201020513], [-0.028486335805477533, 0.0015577202972374712, 0.05406236456647087], [-0.018570932504552357, 0.010236342210703242, -0.04240835571313861], [0.03482412955086708, 0.05619883483850469, 0.014418440143860007], [-0.02263985314846451, 0.04735538848306347, 0.03518702301645508], [0.022978181641481986, 0.004234627404970651, 0.05541519388969111], [-0.027342449050200855, 0.06592931331057197, -0.034247061951977846], [0.048505569271172444, 0.009402233827653301, -0.014355520550864384], [0.03329483708887733, -0.04633117006619746, 0.033880985759024804], [-0.02524575942807646, -0.044599381771688845, 0.05624983107144224], [0.005539492984931894, -0.04629048015682194, -0.03222072070518687], [-0.04761211960463649, 0.001363554396638973, -0.014569427144953935], [-0.05751421532512994, -0.048285177031930145, 0.019178805348272737], [-0.06590522596289339, -0.03824509243125204, -0.06299044896629254], [-0.0594501610322083, -0.0853365094182984, -0.038459669368023246]] world_obstacle=Some([[-0.14106259045569525, 0.790417348076647, 0.12975327155801974], [-0.1483331054328032, 0.794936364960038, 0.16179571355476566], [-0.14917346967825623, 0.7462417447165364, 0.1604113027615165]]) local_obstacle=Some([[-0.05109343286289142, -0.018885380459756407, 0.004334541110044443], [-0.058363947839999375, -0.014366363576365337, 0.036376983106790356], [-0.059204312085452404, -0.06306098381986702, 0.03499257231354119]]) nearest_world=Ok(Some(PrescribedContactFeature { distance_m: 0.0001355777514848357, gap_m: 3.557775148483571e-5, body_face: [16, 5, 8], obstacle_face_index: 2542, body_weights: [0.9331915335324166, 0.0, 0.06680846646758343], obstacle_weights: [0.48006158356373146, 0.0, 0.5199384164362686] })) nearest_local=Ok(Some(PrescribedContactFeature { distance_m: 0.00013557775148483015, gap_m: 3.55777514848304e-5, body_face: [16, 5, 8], obstacle_face_index: 2542, body_weights: [0.9331915335324164, 0.0, 0.06680846646758365], obstacle_weights: [0.4800615835637321, 0.0, 0.5199384164362679] }))
IMPLICIT_TERMINAL_GEOMETRY dt=5.20833333333333326e-4 body_start=[[-0.0891796292837207, 0.8143567869219113, 0.12446596797037654], [-0.028253295616545084, 0.8236331481945258, 0.1601446619048877], [-0.16597739878493384, 0.751488866002849, 0.093970296332708], [-0.10878113273881665, 0.8891937427551914, 0.12977901080667276], [-0.10606955081762871, 0.7593717811132287, 0.13601711676534378], [-0.11842201580927006, 0.8141329314989434, 0.17784383080641325], [-0.10886827942227126, 0.8218539046425848, 0.08297790939101653], [-0.05895592275285065, 0.8691036626636135, 0.13885423135597527], [-0.1180298143874627, 0.8594543865531986, 0.16283621778257337], [-0.06713713136281511, 0.8208036520448013, 0.17984115971085043], [-0.11535911583210999, 0.8806007792906648, 0.08831028595435611], [-0.042076683621265626, 0.8199644571366675, 0.10948740190034123], [-0.05782655049164024, 0.7700370945861458, 0.16027025185322386], [-0.1160146732581206, 0.7669804730503339, 0.1815292760016215], [-0.08583448606882872, 0.7628299045219574, 0.09410503779276967], [-0.13409600374743363, 0.8186827349263658, 0.1115908691306533], [-0.14551237738476505, 0.7656355097743149, 0.1432091459891262], [-0.16070163588747788, 0.7782970304814919, 0.06005717626727534], [-0.14695898055271558, 0.7283757611015371, 0.08605078537032726]] body_end=[[-0.08921907792778565, 0.814421617915018, 0.12443449422055698], [-0.028156344810570475, 0.8239280049357496, 0.15992689086336595], [-0.16588138023009416, 0.7517204994047554, 0.0937870937441884], [-0.1087949460985608, 0.8892969189429972, 0.12977894711873073], [-0.10608238713655274, 0.7594749385269789, 0.1360162183587615], [-0.11833281877522, 0.8145712985904412, 0.1780009210936215], [-0.10888117401312623, 0.8219573895786173, 0.08297740086041194], [-0.05897541842694932, 0.8694450905331937, 0.13884992814519756], [-0.11818467257536715, 0.8596745916460035, 0.16267737534003474], [-0.06724655962837975, 0.8213971938969529, 0.17960765913957868], [-0.11528548136714484, 0.8806465659359659, 0.08824838693256112], [-0.04222904506203934, 0.8200820006510672, 0.1093872472192224], [-0.05767934235422802, 0.7703886377178703, 0.1601596752187643], [-0.11582807937118057, 0.7675242140105466, 0.1812744644929265], [-0.08592044349974229, 0.7628839824545768, 0.09387867654276565], [-0.13404141714375922, 0.8191164772321743, 0.11152206144168819], [-0.14556681240501537, 0.766026610714879, 0.14308991511135957], [-0.1604191755676786, 0.7785982820165642, 0.06021935814627324], [-0.14684272365330872, 0.7282085169937506, 0.08579737472765216]] nearest_end=Ok(Some(PrescribedContactFeature { distance_m: 0.00010317651405943006, gap_m: 3.176514059430059e-6, body_face: [15, 2, 16], obstacle_face_index: 4248, body_weights: [0.8884291665810723, 0.11157083341892772, 0.0], obstacle_weights: [0.9219166549336592, 0.0, 0.07808334506634085] })) obstacle_triangle_end=Some([[-0.13732781536494904, 0.8133766725533185, 0.1083844259535809], [-0.14538616401445498, 0.817009165608727, 0.14269363782718783], [-0.14192201609082922, 0.7910580336849261, 0.12356225985415231]])
IMPLICIT_FRAME_GEOMETRY dt=5.20833333333333326e-4 world_body=[[-0.08921907792778565, 0.814421617915018, 0.12443449422055698], [-0.028156344810570475, 0.8239280049357496, 0.15992689086336595], [-0.16588138023009416, 0.7517204994047554, 0.0937870937441884], [-0.1087949460985608, 0.8892969189429972, 0.12977894711873073], [-0.10608238713655274, 0.7594749385269789, 0.1360162183587615], [-0.11833281877522, 0.8145712985904412, 0.1780009210936215], [-0.10888117401312623, 0.8219573895786173, 0.08297740086041194], [-0.05897541842694932, 0.8694450905331937, 0.13884992814519756], [-0.11818467257536715, 0.8596745916460035, 0.16267737534003474], [-0.06724655962837975, 0.8213971938969529, 0.17960765913957868], [-0.11528548136714484, 0.8806465659359659, 0.08824838693256112], [-0.04222904506203934, 0.8200820006510672, 0.1093872472192224], [-0.05767934235422802, 0.7703886377178703, 0.1601596752187643], [-0.11582807937118057, 0.7675242140105466, 0.1812744644929265], [-0.08592044349974229, 0.7628839824545768, 0.09387867654276565], [-0.13404141714375922, 0.8191164772321743, 0.11152206144168819], [-0.14556681240501537, 0.766026610714879, 0.14308991511135957], [-0.1604191755676786, 0.7785982820165642, 0.06021935814627324], [-0.14684272365330872, 0.7282085169937506, 0.08579737472765216]] local_body=[[-3.9448644064950514e-5, 6.48309931067359e-5, -3.147374981956346e-5], [0.061023284473150224, 0.009571218013838345, 0.035460922892989404], [-0.07670175094637348, -0.0626362875171559, -0.03067887422618815], [-0.019615316814840106, 0.07494013202108596, 0.0053129791483541855], [-0.016902757852832045, -0.054881848394932375, 0.011550250388384947], [-0.029153189491499316, 0.00021451166852998047, 0.053534953123244966], [-0.019701544729405537, 0.007600602656706035, -0.0414885671099646], [0.03020421085677138, 0.05508830361128251, 0.01438396017482102], [-0.029005043291646444, 0.045317804724092144, 0.03821140736965821], [0.021933069655340955, 0.007040406975041655, 0.055141691169202145], [-0.026105852083424138, 0.06628977901405464, -0.03621758103781541], [0.04695058422168136, 0.005725213729155892, -0.015078720751154143], [0.03150028692949267, -0.043968149204041, 0.035693707248387774], [-0.026648450087459877, -0.04683257291136471, 0.056808496522549955], [0.003259185783978409, -0.05147280446733445, -0.030587291427610894], [-0.04486178786003851, 0.004759690310262979, -0.012943906528688355], [-0.05638718312129467, -0.04833017620703233, 0.018623947140983022], [-0.07123954628395791, -0.03575850490534704, -0.06424660982410331], [-0.05766309436958802, -0.08614826992816067, -0.03866859324272439]] world_obstacle=Some([[-0.13732781536494904, 0.8133766725533185, 0.1083844259535809], [-0.14538616401445498, 0.817009165608727, 0.14269363782718783], [-0.14192201609082922, 0.7910580336849261, 0.12356225985415231]]) local_obstacle=Some([[-0.04814818608122834, -0.0009801143685927993, -0.01608154201679564], [-0.05620653473073428, 0.0026523786868157817, 0.01822766985681129], [-0.05274238680710852, -0.02329875323698516, -0.0009037081162242278]]) nearest_world=Ok(Some(PrescribedContactFeature { distance_m: 0.00010317651405943006, gap_m: 3.176514059430059e-6, body_face: [15, 2, 16], obstacle_face_index: 4248, body_weights: [0.8884291665810723, 0.11157083341892772, 0.0], obstacle_weights: [0.9219166549336592, 0.0, 0.07808334506634085] })) nearest_local=Ok(Some(PrescribedContactFeature { distance_m: 0.00010317651405945519, gap_m: 3.176514059455196e-6, body_face: [15, 2, 16], obstacle_face_index: 4248, body_weights: [0.8884291665810726, 0.11157083341892737, 0.0], obstacle_weights: [0.921916654933659, 0.0, 0.07808334506634096] }))
IMPLICIT_TERMINAL_GEOMETRY dt=5.20833333333333326e-4 body_start=[[-0.09207735500231244, 0.8175230027867955, 0.12247526307579962], [-0.029900295181695846, 0.8343510350605792, 0.1583816285798054], [-0.15996256115454316, 0.7408476588985122, 0.09020690858771663], [-0.10952702965934388, 0.8947651891069417, 0.12977555303818936], [-0.1067626665939953, 0.7649422298395921, 0.13596858087352065], [-0.12499453819003245, 0.8220883870802298, 0.17379037361882943], [-0.10956455628205239, 0.8274420408790844, 0.08295043529781877], [-0.058249405241240185, 0.8746059176532193, 0.13631045309462766], [-0.12283664547370639, 0.8664880762209933, 0.15889552109206087], [-0.07220341605229742, 0.8319971212531179, 0.17556319261102965], [-0.12324878150439059, 0.8813921765025297, 0.08929886819457511], [-0.04032786658778133, 0.8303562696429962, 0.10876921935050986], [-0.06048031186569636, 0.7794142352666973, 0.15946620493860114], [-0.12293886425303745, 0.7772258208731222, 0.1815775369730891], [-0.0809646401189711, 0.7716464179044344, 0.09188816042983394], [-0.1370799870138529, 0.8146547091064099, 0.10922263663017062], [-0.14797640024963835, 0.7615569270418645, 0.13767721874501046], [-0.15194767602784737, 0.7671776401543248, 0.05958715116597622], [-0.14062557402427472, 0.7157631830219368, 0.08237082050982654]] body_end=[[-0.09236495008376204, 0.817568982431279, 0.12259286573235464], [-0.030055519454388235, 0.834062376035755, 0.15878125866020806], [-0.15983707840565384, 0.7407690598261158, 0.09036003570432395], [-0.10954084221029356, 0.8948683634866538, 0.12977548845386735], [-0.10677550143408086, 0.7650453860750299, 0.13596768166431722], [-0.12534893395796123, 0.8220379471543096, 0.1736801543871964], [-0.10957744988504026, 0.8275455245995672, 0.08294992618483896], [-0.05846305669618777, 0.8744868256528129, 0.13630520639378757], [-0.12340504426720934, 0.8665102032262262, 0.15878763184697686], [-0.07270874806776315, 0.831939364214561, 0.17551460568060975], [-0.123384915573116, 0.8815998928025891, 0.08910060506125207], [-0.04070429685204254, 0.8303675516511991, 0.10906432362317539], [-0.060666759463385234, 0.7792900519119536, 0.15977205211881973], [-0.12277378940106787, 0.7771320784248219, 0.18141402717897093], [-0.08116950650736189, 0.7718214511964312, 0.09163993813414044], [-0.13722435045989367, 0.8149399742268402, 0.10925343947287806], [-0.14794209402806996, 0.7617072403486067, 0.13785499145249558], [-0.1518243424819586, 0.767445718013896, 0.059683626614159234], [-0.1401290455043296, 0.7157637429925052, 0.08221678601977611]] nearest_end=Ok(Some(PrescribedContactFeature { distance_m: 0.00013425419044094464, gap_m: 3.425419044094465e-5, body_face: [15, 2, 16], obstacle_face_index: 4248, body_weights: [0.774585050392722, 0.22541494960727806, 0.0], obstacle_weights: [0.2422652869514808, 0.0, 0.7577347130485192] })) obstacle_triangle_end=Some([[-0.13873981044381106, 0.815763707050089, 0.09456321999389472], [-0.1479860476713562, 0.8175196132224578, 0.12867355924978796], [-0.14363658615805744, 0.7926588983642213, 0.1083482683310267]])
IMPLICIT_FRAME_GEOMETRY dt=5.20833333333333326e-4 world_body=[[-0.09236495008376204, 0.817568982431279, 0.12259286573235464], [-0.030055519454388235, 0.834062376035755, 0.15878125866020806], [-0.15983707840565384, 0.7407690598261158, 0.09036003570432395], [-0.10954084221029356, 0.8948683634866538, 0.12977548845386735], [-0.10677550143408086, 0.7650453860750299, 0.13596768166431722], [-0.12534893395796123, 0.8220379471543096, 0.1736801543871964], [-0.10957744988504026, 0.8275455245995672, 0.08294992618483896], [-0.05846305669618777, 0.8744868256528129, 0.13630520639378757], [-0.12340504426720934, 0.8665102032262262, 0.15878763184697686], [-0.07270874806776315, 0.831939364214561, 0.17551460568060975], [-0.123384915573116, 0.8815998928025891, 0.08910060506125207], [-0.04070429685204254, 0.8303675516511991, 0.10906432362317539], [-0.060666759463385234, 0.7792900519119536, 0.15977205211881973], [-0.12277378940106787, 0.7771320784248219, 0.18141402717897093], [-0.08116950650736189, 0.7718214511964312, 0.09163993813414044], [-0.13722435045989367, 0.8149399742268402, 0.10925343947287806], [-0.14794209402806996, 0.7617072403486067, 0.13785499145249558], [-0.1518243424819586, 0.767445718013896, 0.059683626614159234], [-0.1401290455043296, 0.7157637429925052, 0.08221678601977611]] local_body=[[-0.000287595081449605, 4.597964448352175e-5, 0.00011760265655502468], [0.06202183554792421, 0.01653937324895952, 0.03630599558440845], [-0.06775972340334141, -0.07675394296067964, -0.032115227371475666], [-0.017463487207981118, 0.07734536069985831, 0.007300225378067737], [-0.014698146431768422, -0.05247761671176554, 0.013492418588517602], [-0.0332715789556488, 0.004514944367514135, 0.051204891311396765], [-0.017500094882727815, 0.010022521812771745, -0.03952533689096066], [0.03361429830612467, 0.05696382286601747, 0.013829943317987946], [-0.0313276892648969, 0.04898720043943076, 0.03631236877117724], [0.0193686069345493, 0.014416361427765567, 0.05303934260481013], [-0.03130756057080356, 0.06407689001579363, -0.03337465801454754], [0.0513730581502699, 0.012844548864403655, -0.013410939452624225], [0.03141059553892721, -0.03823295087484192, 0.03729678904302011], [-0.030696434398755433, -0.04039092436197354, 0.058938764103171316], [0.010907848494950554, -0.04570155159036429, -0.030835324941659182], [-0.045146995457581225, -0.002583028559955335, -0.013221823602921555], [-0.055864739025757525, -0.05581576243818873, 0.015379728376695958], [-0.05974698747964618, -0.0500772847728994, -0.06279163646164039], [-0.04805169050201717, -0.1017592597942902, -0.04025847705602351]] world_obstacle=Some([[-0.13873981044381106, 0.815763707050089, 0.09456321999389472], [-0.1479860476713562, 0.8175196132224578, 0.12867355924978796], [-0.14363658615805744, 0.7926588983642213, 0.1083482683310267]]) local_obstacle=Some([[-0.04666245544149862, -0.0017592957367064121, -0.027912043081904897], [-0.05590869266904376, -3.389564337652473e-6, 0.0061982961739883435], [-0.051559231155745, -0.02486410442257414, -0.014126994744772914]]) nearest_world=Ok(Some(PrescribedContactFeature { distance_m: 0.00013425419044094464, gap_m: 3.425419044094465e-5, body_face: [15, 2, 16], obstacle_face_index: 4248, body_weights: [0.774585050392722, 0.22541494960727806, 0.0], obstacle_weights: [0.2422652869514808, 0.0, 0.7577347130485192] })) nearest_local=Ok(Some(PrescribedContactFeature { distance_m: 0.00013425419044095702, gap_m: 3.4254190440957594e-5, body_face: [2, 15, 17], obstacle_face_index: 4248, body_weights: [0.22541494960727781, 0.7745850503927222, 0.0], obstacle_weights: [0.24226528695148009, 0.0, 0.7577347130485199] }))
IMPLICIT_TERMINAL_GEOMETRY dt=5.20833333333333326e-4 body_start=[[-0.09382148720436856, 0.8182439122057856, 0.1227862662148424], [-0.031289101085295104, 0.8328545911265538, 0.16116717970638636], [-0.15811037873288314, 0.7413442834076922, 0.09077550481460947], [-0.10960990454153482, 0.8953842348725775, 0.1297751647785083], [-0.10683967488171961, 0.7655611671661731, 0.13596318511896732], [-0.12762086893915098, 0.8219197853347153, 0.17469073808591853], [-0.10964191742003407, 0.8280629430152198, 0.08294738017506192], [-0.059519271909157276, 0.874285193703578, 0.13684595975564876], [-0.126633038753994, 0.8664505352348818, 0.15915867711409404], [-0.07469916151428693, 0.831252996021221, 0.1755405629267574], [-0.12336814635735584, 0.8829538883786197, 0.0881481614520213], [-0.042512406624283954, 0.8302376386562639, 0.11042636673017732], [-0.06160467296378106, 0.778602516347358, 0.1611074813835382], [-0.12382530228362415, 0.7762413075499096, 0.18066144888198998], [-0.0814747516973482, 0.7725026297095288, 0.09111545708556651], [-0.13747176665928143, 0.8151188583065174, 0.10962068624511673], [-0.1481311323007813, 0.7619336301862099, 0.1393528379992372], [-0.15095723020794324, 0.7691538217913384, 0.059653015410642815], [-0.1385777023442293, 0.7170670271527326, 0.08139713129202468]] body_end=[[-0.0940901912206004, 0.8184686874129858, 0.12284956990722669], [-0.03161083360605955, 0.8326123206770333, 0.1615053037487859], [-0.15784221078635358, 0.7417451419550704, 0.09085127374327134], [-0.10962371698660774, 0.8954874091241304, 0.12977510000574907], [-0.10685250953360792, 0.7656643233800993, 0.1359622857849307], [-0.12807431629473753, 0.8219666684639972, 0.1750342689326145], [-0.10965481090303557, 0.8281664266890123, 0.08294687095086262], [-0.059856189267303024, 0.8742635188971286, 0.13720305089965745], [-0.12717179446195004, 0.86631559063041, 0.15930963005807383], [-0.07517750352534135, 0.8310998909215005, 0.17548205242193782], [-0.12335902868433861, 0.8833423542555967, 0.08804813055642874], [-0.04282227402629376, 0.8301865177945691, 0.11067903232005932], [-0.06185367001170665, 0.7785316389291491, 0.16121824644858132], [-0.12424351640277617, 0.7759431765589214, 0.18067294317141733], [-0.08140319355582916, 0.7726526005703425, 0.09124924578375411], [-0.13777339644346437, 0.8150701412039811, 0.10976566211325785], [-0.14820214856253375, 0.7618647932154349, 0.13973368459354046], [-0.1507964173665138, 0.7696007721852796, 0.05941798060991961], [-0.13823321158912033, 0.7173408235039297, 0.0812798979737306]] nearest_end=Ok(Some(PrescribedContactFeature { distance_m: 0.0001107330779755688, gap_m: 1.0733077975568795e-5, body_face: [15, 2, 16], obstacle_face_index: 3664, body_weights: [0.7389333575532694, 0.2610666424467306, 0.0], obstacle_weights: [0.8670977739203892, 0.0, 0.13290222607961077] })) obstacle_triangle_end=Some([[-0.14377424626525487, 0.7928729989450027, 0.10664660052787354], [-0.15302956163508857, 0.7930039032414677, 0.07522131890452122], [-0.1388494523011597, 0.8160609059077977, 0.09301933440118891]])
IMPLICIT_FRAME_GEOMETRY dt=5.20833333333333326e-4 world_body=[[-0.0940901912206004, 0.8184686874129858, 0.12284956990722669], [-0.03161083360605955, 0.8326123206770333, 0.1615053037487859], [-0.15784221078635358, 0.7417451419550704, 0.09085127374327134], [-0.10962371698660774, 0.8954874091241304, 0.12977510000574907], [-0.10685250953360792, 0.7656643233800993, 0.1359622857849307], [-0.12807431629473753, 0.8219666684639972, 0.1750342689326145], [-0.10965481090303557, 0.8281664266890123, 0.08294687095086262], [-0.059856189267303024, 0.8742635188971286, 0.13720305089965745], [-0.12717179446195004, 0.86631559063041, 0.15930963005807383], [-0.07517750352534135, 0.8310998909215005, 0.17548205242193782], [-0.12335902868433861, 0.8833423542555967, 0.08804813055642874], [-0.04282227402629376, 0.8301865177945691, 0.11067903232005932], [-0.06185367001170665, 0.7785316389291491, 0.16121824644858132], [-0.12424351640277617, 0.7759431765589214, 0.18067294317141733], [-0.08140319355582916, 0.7726526005703425, 0.09124924578375411], [-0.13777339644346437, 0.8150701412039811, 0.10976566211325785], [-0.14820214856253375, 0.7618647932154349, 0.13973368459354046], [-0.1507964173665138, 0.7696007721852796, 0.05941798060991961], [-0.13823321158912033, 0.7173408235039297, 0.0812798979737306]] local_body=[[-0.0002687040162318373, 0.00022477520720021524, 6.330369238428863e-5], [0.06221065359830901, 0.014368408471247632, 0.03871903753394352], [-0.06402072358198503, -0.07649877025071528, -0.03193499247157105], [-0.015802229782239177, 0.07724349691834476, 0.006988833790906673], [-0.013031022329239361, -0.05257958882568636, 0.013176019570088293], [-0.034252829090368975, 0.0037227562582115834, 0.0522480027177721], [-0.01583332369866701, 0.009922514483226674, -0.03983939526397978], [0.033965297937065535, 0.05601960669134297, 0.014416784684815062], [-0.03335030725758147, 0.04807167842462429, 0.03652336384323144], [0.01864398367902722, 0.012855978715714913, 0.052695786207095426], [-0.029537541479970047, 0.06509844204981109, -0.03473813565841366], [0.0509992131780748, 0.01194260558878343, -0.01210723389478308], [0.03196781719266191, -0.039712273276636456, 0.038431980233738915], [-0.03042202919840761, -0.04230073564686424, 0.05788667695657492], [0.012418293648539398, -0.045591311635443145, -0.031537020431088296], [-0.0439519092390958, -0.003173771001804494, -0.013020604101584558], [-0.054380661358165196, -0.0563791189903507, 0.016947418378698054], [-0.056974930162145256, -0.04864314002050602, -0.06336828560492279], [-0.04441172438475178, -0.10090308870185599, -0.0415063682411118]] world_obstacle=Some([[-0.14377424626525487, 0.7928729989450027, 0.10664660052787354], [-0.15302956163508857, 0.7930039032414677, 0.07522131890452122], [-0.1388494523011597, 0.8160609059077977, 0.09301933440118891]]) local_obstacle=Some([[-0.04995275906088631, -0.02537091326078289, -0.016139665686968854], [-0.059208074430720015, -0.025240008964317884, -0.04756494731032118], [-0.045027965096791134, -0.002183006297987955, -0.02976693181365349]]) nearest_world=Ok(Some(PrescribedContactFeature { distance_m: 0.0001107330779755688, gap_m: 1.0733077975568795e-5, body_face: [15, 2, 16], obstacle_face_index: 3664, body_weights: [0.7389333575532694, 0.2610666424467306, 0.0], obstacle_weights: [0.8670977739203892, 0.0, 0.13290222607961077] })) nearest_local=Ok(Some(PrescribedContactFeature { distance_m: 0.00011073307797557048, gap_m: 1.073307797557073e-5, body_face: [15, 2, 16], obstacle_face_index: 3664, body_weights: [0.7389333575532696, 0.2610666424467304, 0.0], obstacle_weights: [0.8670977739203888, 0.0, 0.13290222607961122] }))
WIDE_IMPORTED_CONTACT_COMMITTED step=288
IMPLICIT_TERMINAL_GEOMETRY dt=5.20833333333333326e-4 body_start=[[-0.09493965300076798, 0.8191903418998439, 0.12323822436878265], [-0.032360281510236885, 0.8318177879035445, 0.16188729990315742], [-0.15623826148049022, 0.7428253043655637, 0.09124477730311766], [-0.10966515432182643, 0.8957969318787892, 0.12977490568747133], [-0.10689101348927281, 0.7659737920218782, 0.13595958778282086], [-0.129322922113233, 0.8217746326110522, 0.1760389389073632], [-0.10969349135204003, 0.8284768777103896, 0.08294534327826471], [-0.06087130102681291, 0.8744584302338836, 0.13836700049336656], [-0.1284662249718463, 0.8659376325652391, 0.15947221109172707], [-0.07702795792005275, 0.8305595706382236, 0.1755567299424655], [-0.12333037113017889, 0.8844863289394566, 0.08794837938200403], [-0.0435895741710353, 0.8301056579974841, 0.11151560449269948], [-0.06283413847786569, 0.7784425810966018, 0.16121346369739095], [-0.12497911903980638, 0.7747158603369313, 0.18104111943655107], [-0.0812483603610861, 0.7730610871233551, 0.09224892928237076], [-0.1382204249398778, 0.8149253237611827, 0.10990356481706862], [-0.14866843075722103, 0.7617176081158538, 0.14068859018185587], [-0.15043916016864267, 0.7710783836574254, 0.05871766574495192], [-0.13668923907954358, 0.7181292091347065, 0.08105625223085144]] body_end=[[-0.09530147393456541, 0.8194477461736032, 0.1234203717559747], [-0.03262319336581601, 0.8316232189424737, 0.16191208900460768], [-0.1556931302353428, 0.7431672567455139, 0.09135140169913551], [-0.10967896666099995, 0.8959001060021954, 0.12977484072627987], [-0.10690384795295445, 0.7660769482143103, 0.1359586883239661], [-0.12969583263038562, 0.8214040699387888, 0.1763080970325516], [-0.10970638471504489, 0.8285803613375029, 0.0829448339428544], [-0.061065439331220744, 0.8746342622644652, 0.13866201369034026], [-0.1288288007231131, 0.8659220141327375, 0.15942416241239957], [-0.07766765442420849, 0.8303469200566596, 0.17575142035603344], [-0.12305598642912807, 0.8847297644606807, 0.08787419721774326], [-0.043774705501436854, 0.8301121171458596, 0.11180825561148332], [-0.06311418060519416, 0.7783619343853602, 0.16116716807353726], [-0.1253035994521436, 0.7743895937098461, 0.18113908849183596], [-0.08116829751400313, 0.7731111097883216, 0.09268504670138644], [-0.13850363980885466, 0.8149944294096518, 0.10983898853259845], [-0.14876710302240304, 0.7616315591278179, 0.14102268456273698], [-0.15019854587998618, 0.7715448361963779, 0.0586094059790523], [-0.1362303896085118, 0.7185470516281095, 0.08103703713459548]] nearest_end=Ok(Some(PrescribedContactFeature { distance_m: 0.00013235648935527977, gap_m: 3.235648935527979e-5, body_face: [2, 15, 17], obstacle_face_index: 4248, body_weights: [0.0, 0.7760485260994388, 0.22395147390056125], obstacle_weights: [0.5281273764184665, 0.0, 0.4718726235815335] })) obstacle_triangle_end=Some([[-0.13891912322899563, 0.8162613767717259, 0.0919895816044461], [-0.14838205238963342, 0.8176690247922815, 0.12604796479571032], [-0.14386218627608752, 0.7930183845981436, 0.10551145410142655]])
IMPLICIT_FRAME_GEOMETRY dt=5.20833333333333326e-4 world_body=[[-0.09530147393456541, 0.8194477461736032, 0.1234203717559747], [-0.03262319336581601, 0.8316232189424737, 0.16191208900460768], [-0.1556931302353428, 0.7431672567455139, 0.09135140169913551], [-0.10967896666099995, 0.8959001060021954, 0.12977484072627987], [-0.10690384795295445, 0.7660769482143103, 0.1359586883239661], [-0.12969583263038562, 0.8214040699387888, 0.1763080970325516], [-0.10970638471504489, 0.8285803613375029, 0.0829448339428544], [-0.061065439331220744, 0.8746342622644652, 0.13866201369034026], [-0.1288288007231131, 0.8659220141327375, 0.15942416241239957], [-0.07766765442420849, 0.8303469200566596, 0.17575142035603344], [-0.12305598642912807, 0.8847297644606807, 0.08787419721774326], [-0.043774705501436854, 0.8301121171458596, 0.11180825561148332], [-0.06311418060519416, 0.7783619343853602, 0.16116716807353726], [-0.1253035994521436, 0.7743895937098461, 0.18113908849183596], [-0.08116829751400313, 0.7731111097883216, 0.09268504670138644], [-0.13850363980885466, 0.8149944294096518, 0.10983898853259845], [-0.14876710302240304, 0.7616315591278179, 0.14102268456273698], [-0.15019854587998618, 0.7715448361963779, 0.0586094059790523], [-0.1362303896085118, 0.7185470516281095, 0.08103703713459548]] local_body=[[-0.0003618209337974279, 0.00025740427375929337, 0.0001821473871920491], [0.06231645963495197, 0.01243287704262986, 0.03867386463582504], [-0.060753477234574825, -0.07602308515433003, -0.03188682266964714], [-0.01473931366023197, 0.07670976410235153, 0.006536616357497221], [-0.011964194952186466, -0.05311339368553358, 0.012720463955183448], [-0.03475617962961765, 0.0022137280389449517, 0.05306987266376895], [-0.014766731714276907, 0.009390019437659047, -0.04029339042592825], [0.03387421366954724, 0.0554439203646213, 0.015423789321557616], [-0.033889147722345095, 0.04673167223289365, 0.0361859380436169], [0.017271998576559495, 0.011156578156815722, 0.05251319598725078], [-0.02811633342836009, 0.0655394225608369, -0.035364027151039396], [0.05116494749933113, 0.010921775246015817, -0.011429968757299337], [0.03182547239557382, -0.04082840751448368, 0.037928943704754615], [-0.030363946451375596, -0.044800748189997776, 0.0579008641230533], [0.01377135548676485, -0.046079232111522254, -0.030553177667396215], [-0.04356398680808669, -0.0041959124901920185, -0.013399235836184199], [-0.05382745002163505, -0.05755878277202601, 0.01778446019395433], [-0.055258892879218195, -0.047645505703465985, -0.06462881838973035], [-0.04129073660774381, -0.10064329027173434, -0.04220118723418718]] world_obstacle=Some([[-0.13891912322899563, 0.8162613767717259, 0.0919895816044461], [-0.14838205238963342, 0.8176690247922815, 0.12604796479571032], [-0.14386218627608752, 0.7930183845981436, 0.10551145410142655]]) local_obstacle=Some([[-0.04397947022822765, -0.0029289651281179108, -0.031248642764336546], [-0.05344239938886544, -0.0015213171075623144, 0.002809740426927665], [-0.048922533275319535, -0.0261719573017003, -0.0177267702673561]]) nearest_world=Ok(Some(PrescribedContactFeature { distance_m: 0.00013235648935527977, gap_m: 3.235648935527979e-5, body_face: [2, 15, 17], obstacle_face_index: 4248, body_weights: [0.0, 0.7760485260994388, 0.22395147390056125], obstacle_weights: [0.5281273764184665, 0.0, 0.4718726235815335] })) nearest_local=Ok(Some(PrescribedContactFeature { distance_m: 0.00013235648935527804, gap_m: 3.235648935527823e-5, body_face: [15, 10, 17], obstacle_face_index: 3664, body_weights: [0.7760485260994389, 0.0, 0.22395147390056114], obstacle_weights: [0.4718726235815339, 0.0, 0.5281273764184661] }))
IMPLICIT_TERMINAL_GEOMETRY dt=2.60416666666666663e-4 body_start=[[-0.09493965300076798, 0.8191903418998439, 0.12323822436878265], [-0.032360281510236885, 0.8318177879035445, 0.16188729990315742], [-0.15623826148049022, 0.7428253043655637, 0.09124477730311766], [-0.10966515432182643, 0.8957969318787892, 0.12977490568747133], [-0.10689101348927281, 0.7659737920218782, 0.13595958778282086], [-0.129322922113233, 0.8217746326110522, 0.1760389389073632], [-0.10969349135204003, 0.8284768777103896, 0.08294534327826471], [-0.06087130102681291, 0.8744584302338836, 0.13836700049336656], [-0.1284662249718463, 0.8659376325652391, 0.15947221109172707], [-0.07702795792005275, 0.8305595706382236, 0.1755567299424655], [-0.12333037113017889, 0.8844863289394566, 0.08794837938200403], [-0.0435895741710353, 0.8301056579974841, 0.11151560449269948], [-0.06283413847786569, 0.7784425810966018, 0.16121346369739095], [-0.12497911903980638, 0.7747158603369313, 0.18104111943655107], [-0.0812483603610861, 0.7730610871233551, 0.09224892928237076], [-0.1382204249398778, 0.8149253237611827, 0.10990356481706862], [-0.14866843075722103, 0.7617176081158538, 0.14068859018185587], [-0.15043916016864267, 0.7710783836574254, 0.05871766574495192], [-0.13668923907954358, 0.7181292091347065, 0.08105625223085144]] body_end=[[-0.09511349470822845, 0.8193168498583746, 0.1233263799509912], [-0.032479070207897025, 0.8317113073288833, 0.16189910665746363], [-0.15596305001177926, 0.7429953489542679, 0.09129996035888564], [-0.10967206049141319, 0.8958485189404923, 0.12977487320687559], [-0.10689743072111363, 0.7660253701180942, 0.1359591380533935], [-0.12950157477986168, 0.8216031291163571, 0.176182369906921], [-0.10969993803354246, 0.8285286195239463, 0.08294508861055955], [-0.06098175292858662, 0.8745433696546427, 0.1385240790014378], [-0.12865289173659122, 0.8659225926419413, 0.1594532563456447], [-0.07735574076023446, 0.8304563507171101, 0.17564655615496344], [-0.12320590882877543, 0.8846197109558032, 0.08791424817727542], [-0.043683594716955695, 0.8301070060596946, 0.11165958201096689], [-0.06298193828368673, 0.7784062369488133, 0.16119031802674877], [-0.12513217012259462, 0.7745455807044453, 0.18109482120990833], [-0.0812135478067398, 0.7730928803061885, 0.09246631393279298], [-0.1384073328694779, 0.8149655007509086, 0.10987921883660409], [-0.14870730606177915, 0.7616739090185987, 0.14085389597665696], [-0.1503304885480534, 0.7713145158020831, 0.05865358154204322], [-0.1364517007057794, 0.7183267241232442, 0.08104161549820803]] nearest_end=Ok(Some(PrescribedContactFeature { distance_m: 0.00013656590325550084, gap_m: 3.656590325550086e-5, body_face: [15, 2, 16], obstacle_face_index: 4248, body_weights: [0.7182908477630174, 0.28170915223698256, 0.0], obstacle_weights: [0.0741246002327403, 0.0, 0.9258753997672597] })) obstacle_triangle_end=Some([[-0.13891118462563803, 0.8162357910946468, 0.09211840892044257], [-0.14836332565945393, 0.8176608579392981, 0.1261795782249453], [-0.14385205635275078, 0.7929996138242652, 0.10565350138068977]])
IMPLICIT_FRAME_GEOMETRY dt=2.60416666666666663e-4 world_body=[[-0.09511349470822845, 0.8193168498583746, 0.1233263799509912], [-0.032479070207897025, 0.8317113073288833, 0.16189910665746363], [-0.15596305001177926, 0.7429953489542679, 0.09129996035888564], [-0.10967206049141319, 0.8958485189404923, 0.12977487320687559], [-0.10689743072111363, 0.7660253701180942, 0.1359591380533935], [-0.12950157477986168, 0.8216031291163571, 0.176182369906921], [-0.10969993803354246, 0.8285286195239463, 0.08294508861055955], [-0.06098175292858662, 0.8745433696546427, 0.1385240790014378], [-0.12865289173659122, 0.8659225926419413, 0.1594532563456447], [-0.07735574076023446, 0.8304563507171101, 0.17564655615496344], [-0.12320590882877543, 0.8846197109558032, 0.08791424817727542], [-0.043683594716955695, 0.8301070060596946, 0.11165958201096689], [-0.06298193828368673, 0.7784062369488133, 0.16119031802674877], [-0.12513217012259462, 0.7745455807044453, 0.18109482120990833], [-0.0812135478067398, 0.7730928803061885, 0.09246631393279298], [-0.1384073328694779, 0.8149655007509086, 0.10987921883660409], [-0.14870730606177915, 0.7616739090185987, 0.14085389597665696], [-0.1503304885480534, 0.7713145158020831, 0.05865358154204322], [-0.1364517007057794, 0.7183267241232442, 0.08104161549820803]] local_body=[[-0.0001738417074604788, 0.00012650795853072472, 8.81555822085552e-5], [0.06246058279287096, 0.012520965429039518, 0.03866088228868097], [-0.06102339701101129, -0.07619499294557597, -0.031938264009897], [-0.014732407490645208, 0.07665817704064848, 0.006536648838092934], [-0.011957777720345647, -0.053164971781749615, 0.01272091368461084], [-0.03456192177909371, 0.0024127872165132964, 0.05294414553813834], [-0.014760285032774476, 0.009338277624102442, -0.0402931357582231], [0.033957900072181364, 0.055353027754798854, 0.015285854632655135], [-0.033713238735823256, 0.04673225074209736, 0.03621503197686205], [0.017583912240533517, 0.011266008817266294, 0.052408331786180797], [-0.028266255828007437, 0.06542936905595928, -0.035323976191507234], [0.051256058283812286, 0.010916664159850676, -0.01157864235781577], [0.031957714717081254, -0.04078410495103056, 0.037952093657966125], [-0.030192517121826648, -0.04464476119539854, 0.05785659684112568], [0.01372610519402818, -0.046097461593655305, -0.030771910435989678], [-0.04346767986870992, -0.004224841148935307, -0.013359005532178555], [-0.05376765306101116, -0.05751643288124518, 0.017615671607874292], [-0.055390835547285425, -0.0478758260977607, -0.06458464282673944], [-0.04151204770501141, -0.1008636177765997, -0.04219660887057463]] world_obstacle=Some([[-0.13891118462563803, 0.8162357910946468, 0.09211840892044257], [-0.14836332565945393, 0.8176608579392981, 0.1261795782249453], [-0.14385205635275078, 0.7929996138242652, 0.10565350138068977]]) local_obstacle=Some([[-0.04397153162487005, -0.0029545508051970204, -0.031119815448340082], [-0.053423672658685945, -0.0015294839605457522, 0.0029413538561626484], [-0.0489124033519828, -0.02619072807557865, -0.017584722988092882]]) nearest_world=Ok(Some(PrescribedContactFeature { distance_m: 0.00013656590325550084, gap_m: 3.656590325550086e-5, body_face: [15, 2, 16], obstacle_face_index: 4248, body_weights: [0.7182908477630174, 0.28170915223698256, 0.0], obstacle_weights: [0.0741246002327403, 0.0, 0.9258753997672597] })) nearest_local=Ok(Some(PrescribedContactFeature { distance_m: 0.00013656590325550105, gap_m: 3.656590325550205e-5, body_face: [2, 15, 17], obstacle_face_index: 3664, body_weights: [0.2817091522369828, 0.7182908477630172, 0.0], obstacle_weights: [0.9258753997672603, 0.0, 0.0741246002327397] }))
IMPLICIT_TERMINAL_GEOMETRY dt=2.60416666666666663e-4 body_start=[[-0.09511356878990927, 0.8193167920972201, 0.12332638236395194], [-0.03247837458440627, 0.8317111495541695, 0.1618988331953967], [-0.15595988037151068, 0.7429945834280292, 0.09129953131940109], [-0.10967206049141319, 0.8958485189404923, 0.12977487320687559], [-0.10689743072111363, 0.7660253701180942, 0.1359591380533935], [-0.12950071547259714, 0.8216022798986358, 0.17618249428789787], [-0.10969993803354246, 0.8285286195239463, 0.08294508861055955], [-0.06098181210318649, 0.8745436960116298, 0.1385241499185115], [-0.1286529789753109, 0.865922705407886, 0.1594531252953113], [-0.07735621588181836, 0.8304564362506442, 0.17564692469247148], [-0.123202119970327, 0.8846189530380015, 0.08791401652594938], [-0.04368331810332954, 0.8301070335654929, 0.11165941862794393], [-0.06298202251378748, 0.7784060921123757, 0.16119025117845942], [-0.12513271296030984, 0.7745460155487586, 0.1810946473253241], [-0.08121367105601432, 0.7730928307240095, 0.09246653798747947], [-0.13840966935068233, 0.814966118232575, 0.10987908224694519], [-0.14870211128061608, 0.7616726724164772, 0.14085377376959843], [-0.15032889677684713, 0.7713141163520073, 0.05865374221813705], [-0.1364520609474575, 0.7183270906821189, 0.08104154607894067]] body_end=[[-0.09530388958511303, 0.819447868914985, 0.12342046437949977], [-0.032618098770949545, 0.8316227252005064, 0.16191023579447653], [-0.15566827138173284, 0.7431632377047827, 0.09134745505552662], [-0.10967896666099995, 0.8959001060021954, 0.12977484072627987], [-0.10690384795295445, 0.7660769482143103, 0.1359586883239661], [-0.1296890859025409, 0.8213956575575837, 0.176308814450313], [-0.10970638471504489, 0.8285803613375029, 0.0829448339428544], [-0.061065172896468296, 0.8746370027408044, 0.13866211721237917], [-0.12882926839000064, 0.8659234578074495, 0.15942177601324614], [-0.07767073376716795, 0.8303477078682509, 0.17575508239846863], [-0.12302249858607132, 0.8847217852570313, 0.0878736720136395], [-0.043771679425222275, 0.8301124974708206, 0.11180662076850856], [-0.06311402860890317, 0.7783600189269513, 0.16116694810387422], [-0.12530920163330658, 0.7743934832601892, 0.18113802492352735], [-0.08116824136325315, 0.77310977340043, 0.0926861239278831], [-0.13845503910250212, 0.8149838499355988, 0.10983321370159255], [-0.1487515291693026, 0.7616284106606163, 0.14102262616615763], [-0.15017438965477198, 0.7715389285107793, 0.058613281292866734], [-0.13623426628491883, 0.71855023764084, 0.08103631113488563]] nearest_end=Ok(Some(PrescribedContactFeature { distance_m: 0.0001762646026758981, gap_m: 7.626460267589809e-5, body_face: [15, 10, 17], obstacle_face_index: 2496, body_weights: [0.545638451363021, 0.18534161327633675, 0.2690199353606422], obstacle_weights: [0.0, 1.0, 0.0] })) obstacle_triangle_end=Some([[-0.14838205238963342, 0.8176690247922815, 0.12604796479571032], [-0.13891912322899563, 0.8162613767717259, 0.0919895816044461], [-0.1457173768510824, 0.8312662584826459, 0.12108500782344812]])
IMPLICIT_FRAME_GEOMETRY dt=2.60416666666666663e-4 world_body=[[-0.09530388958511303, 0.819447868914985, 0.12342046437949977], [-0.032618098770949545, 0.8316227252005064, 0.16191023579447653], [-0.15566827138173284, 0.7431632377047827, 0.09134745505552662], [-0.10967896666099995, 0.8959001060021954, 0.12977484072627987], [-0.10690384795295445, 0.7660769482143103, 0.1359586883239661], [-0.1296890859025409, 0.8213956575575837, 0.176308814450313], [-0.10970638471504489, 0.8285803613375029, 0.0829448339428544], [-0.061065172896468296, 0.8746370027408044, 0.13866211721237917], [-0.12882926839000064, 0.8659234578074495, 0.15942177601324614], [-0.07767073376716795, 0.8303477078682509, 0.17575508239846863], [-0.12302249858607132, 0.8847217852570313, 0.0878736720136395], [-0.043771679425222275, 0.8301124974708206, 0.11180662076850856], [-0.06311402860890317, 0.7783600189269513, 0.16116694810387422], [-0.12530920163330658, 0.7743934832601892, 0.18113802492352735], [-0.08116824136325315, 0.77310977340043, 0.0926861239278831], [-0.13845503910250212, 0.8149838499355988, 0.10983321370159255], [-0.1487515291693026, 0.7616284106606163, 0.14102262616615763], [-0.15017438965477198, 0.7715389285107793, 0.058613281292866734], [-0.13623426628491883, 0.71855023764084, 0.08103631113488563]] local_body=[[-0.00019032079520375162, 0.00013107681776489865, 9.408201554783944e-5], [0.062495470018959734, 0.01230593310328636, 0.03858385343052459], [-0.06055470259182355, -0.07615355439243741, -0.031978927308425324], [-0.01456539787109068, 0.0765833139049753, 0.006448458362327936], [-0.011790279163045175, -0.05323984388290981, 0.012632305960014162], [-0.034575517112631626, 0.0020788654603636288, 0.05298243208636106], [-0.014592815925135616, 0.00926356924028282, -0.040381548421097535], [0.034048395893440976, 0.055320210643584236, 0.015335734848427226], [-0.03371569960009136, 0.04660666571022941, 0.03609539364929419], [0.017442835022741326, 0.011030915771030781, 0.05242870003451668], [-0.02790892979616205, 0.06540499315981121, -0.03545271035031242], [0.051341889364687, 0.010795705373600493, -0.011519761595443384], [0.0319995401810061, -0.04095677317026881, 0.03784056573992228], [-0.03019563284339732, -0.04492330883703092, 0.05781164255957542], [0.013945327426656124, -0.04620701869679009, -0.030640258436068834], [-0.04334147031259284, -0.004332942161621254, -0.013493168662359388], [-0.05363796037939332, -0.05768838143660387, 0.017696243802205688], [-0.0550608208648627, -0.047777863586440726, -0.0647131010710852], [-0.04112069749500956, -0.10076655445638011, -0.0422900712290663]] world_obstacle=Some([[-0.14838205238963342, 0.8176690247922815, 0.12604796479571032], [-0.13891912322899563, 0.8162613767717259, 0.0919895816044461], [-0.1457173768510824, 0.8312662584826459, 0.12108500782344812]]) local_obstacle=Some([[-0.05326848359972415, -0.001647767304938541, 0.0027215824317583792], [-0.04380555443908636, -0.0030554153254941374, -0.03133680075950583], [-0.050603808061173136, 0.011949466385425822, -0.0022413745405038127]]) nearest_world=Ok(Some(PrescribedContactFeature { distance_m: 0.0001762646026758981, gap_m: 7.626460267589809e-5, body_face: [15, 10, 17], obstacle_face_index: 2496, body_weights: [0.545638451363021, 0.18534161327633675, 0.2690199353606422], obstacle_weights: [0.0, 1.0, 0.0] })) nearest_local=Ok(Some(PrescribedContactFeature { distance_m: 0.00017626460267589783, gap_m: 7.626460267589793e-5, body_face: [15, 10, 17], obstacle_face_index: 3664, body_weights: [0.5456384513630211, 0.18534161327633647, 0.2690199353606424], obstacle_weights: [0.0, 0.0, 1.0] }))
IMPLICIT_TERMINAL_GEOMETRY dt=5.20833333333333326e-4 body_start=[[-0.09683297248658941, 0.8205715749469776, 0.1243640775060446], [-0.034982484620568695, 0.8314531077550606, 0.16229920517323093], [-0.15457928218428257, 0.744361324087827, 0.09188765115044253], [-0.10973421601769406, 0.8963128024958203, 0.12977458088151403], [-0.10695518580768103, 0.7664895729840384, 0.13595509048854704], [-0.13216718583209902, 0.8199348833674109, 0.1769426511520499], [-0.10975795816706432, 0.8289942958459563, 0.08294279660121316], [-0.06102822463178213, 0.8753273632578948, 0.13919559885318672], [-0.12993501983371342, 0.866204465506035, 0.15918565901454224], [-0.07953196347144832, 0.8291882434225456, 0.1766244818398934], [-0.12244693399987455, 0.8852573533750047, 0.08728215637058609], [-0.04483607822571814, 0.8301995351579816, 0.11329256861149867], [-0.06371737037491679, 0.7779806271207047, 0.16100969771963816], [-0.12638280306310376, 0.7731339333259982, 0.18129501010332147], [-0.08060056441043996, 0.7730946649958976, 0.09441892690338469], [-0.1387900510873849, 0.815379155782318, 0.1095653255488605], [-0.1492980014460855, 0.7611134476247116, 0.14219849366649703], [-0.14869353657198894, 0.7732360705639763, 0.058287986465107244], [-0.1346072403929838, 0.720798436032869, 0.08147137064594344]] body_end=[[-0.09709766771726824, 0.8208480357574489, 0.12462950524348625], [-0.03568521351157414, 0.831430342064941, 0.16254785386845713], [-0.15438714701355874, 0.7444886768324264, 0.09195971164664474], [-0.10974802835686759, 0.8964159766192266, 0.12977451592032258], [-0.10696802027136267, 0.7665927291764705, 0.13595419102969225], [-0.13273188521460824, 0.8197300316260494, 0.17720884984378796], [-0.10977085153006919, 0.8290977794730696, 0.08294228726580286], [-0.0609893422791399, 0.8755434219360618, 0.13926285164689214], [-0.13021612763052487, 0.8662867637480391, 0.15919960456748553], [-0.08002882688049578, 0.82886333280297, 0.17679869633172815], [-0.12274842959914439, 0.8853914690730813, 0.08705868594252306], [-0.045245910843047486, 0.8302006734951124, 0.11368074166091696], [-0.06376002701677434, 0.7778692975829256, 0.16100895752074187], [-0.12640827595278112, 0.7727818340475004, 0.18129353282913113], [-0.08049870265566296, 0.7731534410016934, 0.09484078577717135], [-0.13898910554209581, 0.8155567784136109, 0.10959079492863498], [-0.149570156207344, 0.7609412352420237, 0.1423561717464658], [-0.14826219561779252, 0.7735946886048805, 0.05811585160981446], [-0.13418952894938396, 0.7214382416198463, 0.08171493904172086]] nearest_end=Ok(Some(PrescribedContactFeature { distance_m: 0.0001289840729546129, gap_m: 2.898407295461292e-5, body_face: [15, 2, 16], obstacle_face_index: 3664, body_weights: [0.6859981891439861, 0.3140018108560139, 0.0], obstacle_weights: [0.9973252145108709, 0.0, 0.002674785489129139] })) obstacle_triangle_end=Some([[-0.14396348550945476, 0.7932060923369274, 0.10409098130879432], [-0.15304225390968576, 0.7935968323461867, 0.07262566346164787], [-0.13899850926257154, 0.816517233542517, 0.09070130844448138]])
IMPLICIT_FRAME_GEOMETRY dt=5.20833333333333326e-4 world_body=[[-0.09709766771726824, 0.8208480357574489, 0.12462950524348625], [-0.03568521351157414, 0.831430342064941, 0.16254785386845713], [-0.15438714701355874, 0.7444886768324264, 0.09195971164664474], [-0.10974802835686759, 0.8964159766192266, 0.12977451592032258], [-0.10696802027136267, 0.7665927291764705, 0.13595419102969225], [-0.13273188521460824, 0.8197300316260494, 0.17720884984378796], [-0.10977085153006919, 0.8290977794730696, 0.08294228726580286], [-0.0609893422791399, 0.8755434219360618, 0.13926285164689214], [-0.13021612763052487, 0.8662867637480391, 0.15919960456748553], [-0.08002882688049578, 0.82886333280297, 0.17679869633172815], [-0.12274842959914439, 0.8853914690730813, 0.08705868594252306], [-0.045245910843047486, 0.8302006734951124, 0.11368074166091696], [-0.06376002701677434, 0.7778692975829256, 0.16100895752074187], [-0.12640827595278112, 0.7727818340475004, 0.18129353282913113], [-0.08049870265566296, 0.7731534410016934, 0.09484078577717135], [-0.13898910554209581, 0.8155567784136109, 0.10959079492863498], [-0.149570156207344, 0.7609412352420237, 0.1423561717464658], [-0.14826219561779252, 0.7735946886048805, 0.05811585160981446], [-0.13418952894938396, 0.7214382416198463, 0.08171493904172086]] local_body=[[-0.00026469523067883434, 0.0002764608104713196, 0.00026542773744164794], [0.06114775897501527, 0.010858767117963389, 0.03818377636241254], [-0.05755417452696933, -0.07608289811455123, -0.03240436585939987], [-0.012915055870278178, 0.07584440167224893, 0.0054104384142779766], [-0.010135047784773255, -0.053978845770507156, 0.011590113523647652], [-0.035898912728018824, -0.0008415433209282436, 0.05284477233774336], [-0.012937879043479775, 0.008526204526091985, -0.04142179024024174], [0.03584363020744951, 0.05497184698908423, 0.014898774140847537], [-0.03338315514393546, 0.04571518880106154, 0.034835527061440934], [0.016804145606093623, 0.008291757855992374, 0.05243461882568354], [-0.025915457112554982, 0.06481989412610373, -0.03730539156352154], [0.051587061643541925, 0.009629098548134776, -0.010683335845127631], [0.033072945469815075, -0.04270227736405207, 0.03664488001469728], [-0.029575303466191704, -0.047789740899477136, 0.05692945532308654], [0.01633426983092645, -0.047418133945284296, -0.02952329172887325], [-0.0421561330555064, -0.0050147965333668335, -0.014773282577409622], [-0.052737183720754616, -0.05963033970495391, 0.017992094240421207], [-0.051429223131203114, -0.04697688634209723, -0.06624822589623014], [-0.03735655646279455, -0.09913333332713135, -0.042649138464323735]] world_obstacle=Some([[-0.14396348550945476, 0.7932060923369274, 0.10409098130879432], [-0.15304225390968576, 0.7935968323461867, 0.07262566346164787], [-0.13899850926257154, 0.816517233542517, 0.09070130844448138]]) local_obstacle=Some([[-0.04713051302286535, -0.02736548261005023, -0.020273096197250276], [-0.05620928142309635, -0.026974742600790913, -0.05173841404439673], [-0.04216553677598213, -0.004054341404460593, -0.03366276906156322]]) nearest_world=Ok(Some(PrescribedContactFeature { distance_m: 0.0001289840729546129, gap_m: 2.898407295461292e-5, body_face: [15, 2, 16], obstacle_face_index: 3664, body_weights: [0.6859981891439861, 0.3140018108560139, 0.0], obstacle_weights: [0.9973252145108709, 0.0, 0.002674785489129139] })) nearest_local=Ok(Some(PrescribedContactFeature { distance_m: 0.00012898407295461675, gap_m: 2.8984072954617542e-5, body_face: [15, 2, 16], obstacle_face_index: 3664, body_weights: [0.6859981891439864, 0.31400181085601364, 0.0], obstacle_weights: [0.9973252145108709, 0.0, 0.002674785489129139] }))
IMPLICIT_TERMINAL_GEOMETRY dt=2.60416666666666663e-4 body_start=[[-0.09683297248658941, 0.8205715749469776, 0.1243640775060446], [-0.034982484620568695, 0.8314531077550606, 0.16229920517323093], [-0.15457928218428257, 0.744361324087827, 0.09188765115044253], [-0.10973421601769406, 0.8963128024958203, 0.12977458088151403], [-0.10695518580768103, 0.7664895729840384, 0.13595509048854704], [-0.13216718583209902, 0.8199348833674109, 0.1769426511520499], [-0.10975795816706432, 0.8289942958459563, 0.08294279660121316], [-0.06102822463178213, 0.8753273632578948, 0.13919559885318672], [-0.12993501983371342, 0.866204465506035, 0.15918565901454224], [-0.07953196347144832, 0.8291882434225456, 0.1766244818398934], [-0.12244693399987455, 0.8852573533750047, 0.08728215637058609], [-0.04483607822571814, 0.8301995351579816, 0.11329256861149867], [-0.06371737037491679, 0.7779806271207047, 0.16100969771963816], [-0.12638280306310376, 0.7731339333259982, 0.18129501010332147], [-0.08060056441043996, 0.7730946649958976, 0.09441892690338469], [-0.1387900510873849, 0.815379155782318, 0.1095653255488605], [-0.1492980014460855, 0.7611134476247116, 0.14219849366649703], [-0.14869353657198894, 0.7732360705639763, 0.058287986465107244], [-0.1346072403929838, 0.720798436032869, 0.08147137064594344]] body_end=[[-0.09697088284344542, 0.8207097497234994, 0.1244964493220718], [-0.035348746999980335, 0.831447873364838, 0.16241302509844638], [-0.1545103684974673, 0.7444344150061067, 0.09194219652777462], [-0.10974112218728083, 0.8963643895575235, 0.1297745484009183], [-0.10696160303952185, 0.7665411510802544, 0.13595464075911964], [-0.13247627109660273, 0.8198321560042616, 0.1770664078451259], [-0.10976440484856675, 0.829046037659513, 0.082942541933508], [-0.06100113971924684, 0.8754262339171575, 0.13922718555950023], [-0.13007331858188567, 0.8662480554868052, 0.1591869989559848], [-0.07976449331962758, 0.8290220773804761, 0.17670921180597168], [-0.12257389961338325, 0.8853244151562809, 0.08717258138759004], [-0.045038325483158385, 0.8302016448708266, 0.11349338301100778], [-0.06374627797335335, 0.7779318659862288, 0.16100408580748513], [-0.1263966727767066, 0.7729508670113063, 0.1813000082444443], [-0.0805463737717116, 0.7731199401793306, 0.09463350128125782], [-0.13890552112754656, 0.8154688550712619, 0.10958180830740755], [-0.1494323058681263, 0.7610306076197999, 0.14228227068210733], [-0.14847764795682458, 0.7734201444916045, 0.05820342179888685], [-0.1343949371345258, 0.7211153154362042, 0.0815884123521375]] nearest_end=Ok(Some(PrescribedContactFeature { distance_m: 0.0001508585365276497, gap_m: 5.085853652764971e-5, body_face: [2, 15, 17], obstacle_face_index: 3664, body_weights: [0.0, 0.759360748084793, 0.2406392519152069], obstacle_weights: [0.47670461643353784, 0.0, 0.5232953835664622] })) obstacle_triangle_end=Some([[-0.14395335558611805, 0.7931873215630489, 0.10423302858805755], [-0.1530419253569853, 0.7935636233714964, 0.07276988027610776], [-0.13899057065921394, 0.8164916478654379, 0.09083013576047785]])
IMPLICIT_FRAME_GEOMETRY dt=2.60416666666666663e-4 world_body=[[-0.09697088284344542, 0.8207097497234994, 0.1244964493220718], [-0.035348746999980335, 0.831447873364838, 0.16241302509844638], [-0.1545103684974673, 0.7444344150061067, 0.09194219652777462], [-0.10974112218728083, 0.8963643895575235, 0.1297745484009183], [-0.10696160303952185, 0.7665411510802544, 0.13595464075911964], [-0.13247627109660273, 0.8198321560042616, 0.1770664078451259], [-0.10976440484856675, 0.829046037659513, 0.082942541933508], [-0.06100113971924684, 0.8754262339171575, 0.13922718555950023], [-0.13007331858188567, 0.8662480554868052, 0.1591869989559848], [-0.07976449331962758, 0.8290220773804761, 0.17670921180597168], [-0.12257389961338325, 0.8853244151562809, 0.08717258138759004], [-0.045038325483158385, 0.8302016448708266, 0.11349338301100778], [-0.06374627797335335, 0.7779318659862288, 0.16100408580748513], [-0.1263966727767066, 0.7729508670113063, 0.1813000082444443], [-0.0805463737717116, 0.7731199401793306, 0.09463350128125782], [-0.13890552112754656, 0.8154688550712619, 0.10958180830740755], [-0.1494323058681263, 0.7610306076197999, 0.14228227068210733], [-0.14847764795682458, 0.7734201444916045, 0.05820342179888685], [-0.1343949371345258, 0.7211153154362042, 0.0815884123521375]] local_body=[[-0.00013791035685600285, 0.0001381747765217947, 0.0001323718160271969], [0.061484225486609076, 0.01087629841786045, 0.038048947592401794], [-0.057677396010877874, -0.0761371599408709, -0.03242188097826997], [-0.012908149700691415, 0.07579281461054588, 0.00541047089487369], [-0.010128630552932436, -0.05403042386672319, 0.011590563253075045], [-0.035643298610013315, -0.0007394189427160087, 0.0527023303390813], [-0.012931432361977344, 0.00847446271253538, -0.0414215355725366], [0.03583183276734257, 0.05485465897017981, 0.01486310805345562], [-0.033240346095296254, 0.045676480539827514, 0.0348229214499402], [0.017068479166961834, 0.008450502433498428, 0.05234513429992708], [-0.02574092712679384, 0.06475284020930329, -0.037191496118454556], [0.051794647003431026, 0.009630069923848935, -0.010870694495036816], [0.033086694513236065, -0.042639708960748895, 0.03664000830144052], [-0.029563700290117206, -0.047620707935671344, 0.056935930738399726], [0.01628659871487781, -0.04745163476764704, -0.02973057622478678], [-0.042072548640957136, -0.005102719875715719, -0.014782269198637048], [-0.05259933338153689, -0.05954096732717773, 0.01791819317606274], [-0.05164467547023518, -0.04715143045537322, -0.06616065570715775], [-0.0375619646479364, -0.0994562595107734, -0.04277566515390711]] world_obstacle=Some([[-0.14395335558611805, 0.7931873215630489, 0.10423302858805755], [-0.1530419253569853, 0.7935636233714964, 0.07276988027610776], [-0.13899057065921394, 0.8164916478654379, 0.09083013576047785]]) local_obstacle=Some([[-0.04712038309952864, -0.02738425338392869, -0.020131048917987046], [-0.05620895287039589, -0.027007951575481193, -0.05159419722993684], [-0.04215759817262453, -0.004079927081539703, -0.033533941745566745]]) nearest_world=Ok(Some(PrescribedContactFeature { distance_m: 0.0001508585365276497, gap_m: 5.085853652764971e-5, body_face: [2, 15, 17], obstacle_face_index: 3664, body_weights: [0.0, 0.759360748084793, 0.2406392519152069], obstacle_weights: [0.47670461643353784, 0.0, 0.5232953835664622] })) nearest_local=Ok(Some(PrescribedContactFeature { distance_m: 0.00015085853652765374, gap_m: 5.085853652765477e-5, body_face: [2, 15, 17], obstacle_face_index: 4248, body_weights: [0.0, 0.7593607480847928, 0.24063925191520713], obstacle_weights: [0.5232953835664625, 0.0, 0.47670461643353745] }))
IMPLICIT_TERMINAL_GEOMETRY dt=1.30208333333333332e-4 body_start=[[-0.09690368946368234, 0.8206407623206649, 0.12443012510187518], [-0.035168568067741705, 0.8314517541410406, 0.16235352995087152], [-0.15454471588601018, 0.7443996690978822, 0.09191850724569964], [-0.10973766910248745, 0.8963385960266719, 0.12977456464121617], [-0.10695839442360144, 0.7665153620321464, 0.13595486562383335], [-0.13232810119694705, 0.8198830222841572, 0.1770014335389326], [-0.10976118150781554, 0.8290201667527346, 0.08294266926736057], [-0.061013172790997695, 0.8753746993701137, 0.13921109352818506], [-0.13000321748910526, 0.8662265897168814, 0.15918503803821166], [-0.07964457544599297, 0.8291045809326398, 0.17666658591525022], [-0.12250420316047884, 0.8852906602263407, 0.08722808546752446], [-0.04493620110019645, 0.8302010600824401, 0.1133943795864127], [-0.06373356094361346, 0.7779576573140604, 0.16100579054670097], [-0.1263914435323634, 0.7730413975846975, 0.18129846208401162], [-0.08057249125163334, 0.7731061165181827, 0.09452681366798478], [-0.13884537081433546, 0.8154228227197257, 0.10957346166709693], [-0.14935636349936715, 0.7610712020183407, 0.14224178624939718], [-0.14858446666149033, 0.7733290668929909, 0.05824634430586009], [-0.13450052028363366, 0.7209560254702022, 0.0815284762609898]] body_end=[[-0.09697051212542346, 0.8207096863083524, 0.12449646210876748], [-0.03534950140369227, 0.8314480937215292, 0.16241293874664903], [-0.15451493645337117, 0.744434756300533, 0.0919431431465583], [-0.10974112218728083, 0.8963643895575235, 0.1297745484009183], [-0.10696160303952185, 0.7665411510802544, 0.13595464075911964], [-0.13247692516060622, 0.8198326513606203, 0.17706690567402653], [-0.10976440484856675, 0.829046037659513, 0.082942541933508], [-0.061000824161295514, 0.8754259840431787, 0.13922700239713834], [-0.13007355939504905, 0.8662482806984168, 0.15918696665627233], [-0.07976405878777819, 0.8290218131510294, 0.17670893236901028], [-0.1225739972211275, 0.8853246126595835, 0.08717232661964819], [-0.04503862630971965, 0.8302016138499229, 0.11349369005537017], [-0.06374643968488106, 0.7779321758483468, 0.1610039200445683], [-0.1263953825835788, 0.7729500786106694, 0.18130051071845385], [-0.08054646649176683, 0.7731200389218649, 0.09463371759544083], [-0.13891521113430386, 0.8154709560551598, 0.10958282812331632], [-0.14943355500000519, 0.761030800190254, 0.142282062020606], [-0.1484784745899569, 0.7734204173506949, 0.05820288561004721], [-0.13439424817737433, 0.7211150170118834, 0.08158848189823381]] nearest_end=Ok(Some(PrescribedContactFeature { distance_m: 0.00014274094734241676, gap_m: 4.274094734241676e-5, body_face: [15, 2, 16], obstacle_face_index: 3664, body_weights: [0.6891281649363918, 0.3108718350636082, 0.0], obstacle_weights: [0.990094984573805, 0.0, 0.00990501542619504] })) obstacle_triangle_end=Some([[-0.14395335558611805, 0.7931873215630489, 0.10423302858805755], [-0.1530419253569853, 0.7935636233714964, 0.07276988027610776], [-0.13899057065921394, 0.8164916478654379, 0.09083013576047785]])
IMPLICIT_FRAME_GEOMETRY dt=1.30208333333333332e-4 world_body=[[-0.09697051212542346, 0.8207096863083524, 0.12449646210876748], [-0.03534950140369227, 0.8314480937215292, 0.16241293874664903], [-0.15451493645337117, 0.744434756300533, 0.0919431431465583], [-0.10974112218728083, 0.8963643895575235, 0.1297745484009183], [-0.10696160303952185, 0.7665411510802544, 0.13595464075911964], [-0.13247692516060622, 0.8198326513606203, 0.17706690567402653], [-0.10976440484856675, 0.829046037659513, 0.082942541933508], [-0.061000824161295514, 0.8754259840431787, 0.13922700239713834], [-0.13007355939504905, 0.8662482806984168, 0.15918696665627233], [-0.07976405878777819, 0.8290218131510294, 0.17670893236901028], [-0.1225739972211275, 0.8853246126595835, 0.08717232661964819], [-0.04503862630971965, 0.8302016138499229, 0.11349369005537017], [-0.06374643968488106, 0.7779321758483468, 0.1610039200445683], [-0.1263953825835788, 0.7729500786106694, 0.18130051071845385], [-0.08054646649176683, 0.7731200389218649, 0.09463371759544083], [-0.13891521113430386, 0.8154709560551598, 0.10958282812331632], [-0.14943355500000519, 0.761030800190254, 0.142282062020606], [-0.1484784745899569, 0.7734204173506949, 0.05820288561004721], [-0.13439424817737433, 0.7211150170118834, 0.08158848189823381]] local_body=[[-6.682266174111715e-5, 6.892398768758725e-5, 6.633700689231061e-5], [0.06155418805999007, 0.010807331400864283, 0.03798281364477385], [-0.05761124698968882, -0.07620600602013189, -0.032486981955316886], [-0.012837432723598483, 0.07572362723685866, 0.005344423299043111], [-0.010057913575839503, -0.054099611240410406, 0.011524515657244466], [-0.03557323569692387, -0.0008081109600445074, 0.052636780572151355], [-0.01286071538488441, 0.008405275338848162, -0.041487583168367176], [0.03590286530238683, 0.054785221722513905, 0.014796877295263152], [-0.03316986993136672, 0.04560751837775185, 0.03475684155439716], [0.017139630675904155, 0.008381050830364603, 0.05227880726713511], [-0.025670307757445145, 0.06468385033891863, -0.03725779848222699], [0.05186506315396269, 0.009560851529257987, -0.010936435046505006], [0.03315724977880128, -0.04270858647231805, 0.03657379494269311], [-0.029491693119896446, -0.047690683709995366, 0.05687038561657867], [0.016357222971915508, -0.04752072339880003, -0.029796407506434346], [-0.042011521670621506, -0.005169806265504957, -0.014847296978558862], [-0.05252986553632283, -0.05960996213041077, 0.017851936918730837], [-0.051574785126274544, -0.047220344969969914, -0.06622723949182796], [-0.03749055871369198, -0.0995257453087814, -0.042841643203641366]] world_obstacle=Some([[-0.14395335558611805, 0.7931873215630489, 0.10423302858805755], [-0.1530419253569853, 0.7935636233714964, 0.07276988027610776], [-0.13899057065921394, 0.8164916478654379, 0.09083013576047785]]) local_obstacle=Some([[-0.047049666122435704, -0.02745344075761591, -0.020197096513817625], [-0.056138235893302954, -0.02707713894916841, -0.05166024482576742], [-0.0420868811955316, -0.004149114455226921, -0.033599989341397324]]) nearest_world=Ok(Some(PrescribedContactFeature { distance_m: 0.00014274094734241676, gap_m: 4.274094734241676e-5, body_face: [15, 2, 16], obstacle_face_index: 3664, body_weights: [0.6891281649363918, 0.3108718350636082, 0.0], obstacle_weights: [0.990094984573805, 0.0, 0.00990501542619504] })) nearest_local=Ok(Some(PrescribedContactFeature { distance_m: 0.000142740947342417, gap_m: 4.2740947342418224e-5, body_face: [2, 15, 17], obstacle_face_index: 4248, body_weights: [0.3108718350636085, 0.6891281649363915, 0.0], obstacle_weights: [0.009905015426195046, 0.0, 0.990094984573805] }))
IMPLICIT_TERMINAL_GEOMETRY dt=2.60416666666666663e-4 body_start=[[-0.09697045415847073, 0.8207096764746239, 0.12449646356181009], [-0.035349609551634, 0.8314481246511473, 0.16241292578966976], [-0.15451624021515167, 0.744434926568206, 0.09194334148664018], [-0.10974112218728083, 0.8963643895575235, 0.1297745484009183], [-0.10696160303952185, 0.7665411510802544, 0.13595464075911964], [-0.13247702051610236, 0.8198327242110903, 0.17706697945036143], [-0.10976440484856675, 0.829046037659513, 0.082942541933508], [-0.061000779337086315, 0.8754259478903197, 0.13922697621499885], [-0.1300735957412426, 0.866248313876256, 0.15918696499911186], [-0.07976399595517826, 0.8290217754459285, 0.17670889225304798], [-0.1225740115775091, 0.8853246442217293, 0.08717228504270176], [-0.04503867030119431, 0.830201609523607, 0.11349373465918661], [-0.06374646356369264, 0.7779322208261811, 0.16100389619597374], [-0.12639519367814145, 0.7729499631106792, 0.18130058453308012], [-0.08054648024895066, 0.7731200535445971, 0.09463374884795242], [-0.1389175242032018, 0.8154714407314567, 0.10958304877581075], [-0.14943402300817896, 0.7610308870818374, 0.14228204482709936], [-0.14847871964593518, 0.7734204844168734, 0.05820280004929091], [-0.13439414302759628, 0.7211149696705055, 0.0815884910193844]] body_end=[[-0.09709550721273758, 0.8208473483689922, 0.12462985531269205], [-0.0356892031416085, 0.8314319036198407, 0.1625477981882579], [-0.15438269191813433, 0.7444829936531845, 0.09196205328825699], [-0.10974802835686759, 0.8964159766192266, 0.12977451592032258], [-0.10696802027136267, 0.7665927291764705, 0.13595419102969225], [-0.13273236998690952, 0.8197320340681402, 0.17721393361839777], [-0.10977085153006919, 0.8290977794730696, 0.08294228726580286], [-0.06098703939667736, 0.8755426318432096, 0.1392616966114293], [-0.1302187705392224, 0.8662884954077402, 0.15919876825677812], [-0.08002752950501066, 0.8288612912784517, 0.17679682640110495], [-0.1227502715024648, 0.8853928298357249, 0.08705781616521091], [-0.045247697064449074, 0.8302000714177615, 0.11368206800585207], [-0.06376082503740299, 0.7778709289462281, 0.16100775823607033], [-0.1263998522515209, 0.7727775922464419, 0.18129641094934462], [-0.08049972478176533, 0.7731544181840458, 0.09484264177774313], [-0.1389879417682561, 0.8155576013430468, 0.1095933101747537], [-0.14959559368132871, 0.7609458510316746, 0.1423544147853356], [-0.14826544271274034, 0.7735952748039403, 0.05811469673022645], [-0.13418802521989714, 0.7214389887389744, 0.08171643554281224]] nearest_end=Ok(Some(PrescribedContactFeature { distance_m: 0.00011741458596883535, gap_m: 1.7414585968835353e-5, body_face: [2, 18, 16], obstacle_face_index: 2542, body_weights: [0.3436973209152076, 0.0, 0.6563026790847923], obstacle_weights: [0.19170862075916376, 0.0, 0.8082913792408363] })) obstacle_triangle_end=Some([[-0.14396348550945476, 0.7932060923369274, 0.10409098130879432], [-0.15312845742139788, 0.7946525155316149, 0.13584287595023478], [-0.1531090701105913, 0.7463240013948675, 0.1300058391526527]])
IMPLICIT_FRAME_GEOMETRY dt=2.60416666666666663e-4 world_body=[[-0.09709550721273758, 0.8208473483689922, 0.12462985531269205], [-0.0356892031416085, 0.8314319036198407, 0.1625477981882579], [-0.15438269191813433, 0.7444829936531845, 0.09196205328825699], [-0.10974802835686759, 0.8964159766192266, 0.12977451592032258], [-0.10696802027136267, 0.7665927291764705, 0.13595419102969225], [-0.13273236998690952, 0.8197320340681402, 0.17721393361839777], [-0.10977085153006919, 0.8290977794730696, 0.08294228726580286], [-0.06098703939667736, 0.8755426318432096, 0.1392616966114293], [-0.1302187705392224, 0.8662884954077402, 0.15919876825677812], [-0.08002752950501066, 0.8288612912784517, 0.17679682640110495], [-0.1227502715024648, 0.8853928298357249, 0.08705781616521091], [-0.045247697064449074, 0.8302000714177615, 0.11368206800585207], [-0.06376082503740299, 0.7778709289462281, 0.16100775823607033], [-0.1263998522515209, 0.7727775922464419, 0.18129641094934462], [-0.08049972478176533, 0.7731544181840458, 0.09484264177774313], [-0.1389879417682561, 0.8155576013430468, 0.1095933101747537], [-0.14959559368132871, 0.7609458510316746, 0.1423544147853356], [-0.14826544271274034, 0.7735952748039403, 0.05811469673022645], [-0.13418802521989714, 0.7214389887389744, 0.08171643554281224]] local_body=[[-0.00012505305426684189, 0.00013767189436830206, 0.00013339175088196274], [0.061281251016862236, 0.01072222714521673, 0.03805133462644782], [-0.0574122377596636, -0.07622668282143945, -0.0325344102735531], [-0.012777574198396854, 0.07570630014460267, 0.005278052358512489], [-0.009997566112891931, -0.05411694729815342, 0.011457727467882164], [-0.035761915828438774, -0.0009776424064837192, 0.05271747005658769], [-0.012800397371598451, 0.008388102998445723, -0.04155417629600723], [0.03598341476179338, 0.05483295536858566, 0.01476523304961921], [-0.03324831638075165, 0.04557881893311634, 0.03470230469496802], [0.016942924653460083, 0.008151614803827766, 0.05230036283929486], [-0.02577981734399407, 0.06468315336110093, -0.037438647396599176], [0.05172275709402166, 0.009490394943137609, -0.010814395555958022], [0.03320962912106774, -0.04283874752839582, 0.036511294674260245], [-0.029429398093050157, -0.04793208422818197, 0.05679994738753452], [0.016470729376705403, -0.047555258290578, -0.029653821784066958], [-0.04201748760978535, -0.00515207513157715, -0.014903153387056394], [-0.05262513952285798, -0.05976382544294934, 0.017857951223525497], [-0.0512949885542696, -0.047114401670683564, -0.06638176683158363], [-0.03721757106142642, -0.09927068773564954, -0.04278002801899784]] world_obstacle=Some([[-0.14396348550945476, 0.7932060923369274, 0.10409098130879432], [-0.15312845742139788, 0.7946525155316149, 0.13584287595023478], [-0.1531090701105913, 0.7463240013948675, 0.1300058391526527]]) local_obstacle=Some([[-0.046993031350984024, -0.02750358413769649, -0.020405482253015764], [-0.05615800326292715, -0.026057160943009028, 0.011346412388424695], [-0.056138615952120566, -0.07438567507975635, 0.005509375590842622]]) nearest_world=Ok(Some(PrescribedContactFeature { distance_m: 0.00011741458596883535, gap_m: 1.7414585968835353e-5, body_face: [2, 18, 16], obstacle_face_index: 2542, body_weights: [0.3436973209152076, 0.0, 0.6563026790847923], obstacle_weights: [0.19170862075916376, 0.0, 0.8082913792408363] })) nearest_local=Ok(Some(PrescribedContactFeature { distance_m: 0.00011741458596883842, gap_m: 1.741458596883935e-5, body_face: [15, 2, 16], obstacle_face_index: 3126, body_weights: [0.0, 0.34369732091520755, 0.6563026790847925], obstacle_weights: [0.8082913792408366, 0.0, 0.1917086207591634] }))
IMPLICIT_TERMINAL_GEOMETRY dt=6.51041666666666658e-5 body_start=[[-0.09803672601586357, 0.8222686263669265, 0.12573749747158539], [-0.03770484966530477, 0.8305121996189337, 0.1645247522706624], [-0.1535494960756609, 0.7452220258757127, 0.09177847670083644], [-0.10981190903686379, 0.8968931507246878, 0.1297742160633441], [-0.10702737735738466, 0.7670698205898051, 0.13595003060823183], [-0.13417056786341433, 0.8190753287225977, 0.17851141907315698], [-0.10983048155743122, 0.8295763856721085, 0.08293993176933206], [-0.06186163043526477, 0.8771063552297345, 0.13985705812287186], [-0.13121374168845926, 0.8663582512379516, 0.16016664795382643], [-0.08321581683144831, 0.8279713014308735, 0.1778996060156652], [-0.12474885495245963, 0.8853051058662974, 0.08597989431724452], [-0.047343487886478124, 0.830303505326567, 0.11501852461288307], [-0.06341317314784464, 0.7768344835465439, 0.16166015554754304], [-0.12702262490888686, 0.7718355982592936, 0.1805457004815312], [-0.08017316404294123, 0.77366009680059, 0.09612741211703553], [-0.13940955327143323, 0.8158348722187535, 0.11052016927861562], [-0.1502813966797686, 0.759919753520072, 0.14292709958194044], [-0.14593174089536803, 0.7748127368183008, 0.057571912036199956], [-0.132520394819947, 0.724209537848972, 0.08281189570435994]] body_end=[[-0.09805949051323722, 0.8223102195577794, 0.1257635715118509], [-0.0377721050550215, 0.8304714093074603, 0.1645840826562726], [-0.15351672482518916, 0.7452437471375031, 0.09177649381102897], [-0.10981363551313279, 0.8969060471941472, 0.12977420797122052], [-0.10702898155541603, 0.767082714829256, 0.13594991815567226], [-0.13424428562388752, 0.8190755958823538, 0.17854830083086848], [-0.1098320931432099, 0.8295893208599567, 0.08293986811096776], [-0.06190574523408307, 0.8771396373836765, 0.13987815813731252], [-0.13123045530265703, 0.8663661891695227, 0.16021634666240983], [-0.08327855815275219, 0.8279575808760689, 0.1779245577788055], [-0.12474266732864808, 0.8852661829850762, 0.08595351987678138], [-0.04740518119123135, 0.8303176229614305, 0.11505929200873914], [-0.06341192498155686, 0.7768146456972399, 0.16168955240743732], [-0.1270301917381487, 0.7718027621676643, 0.18051746107653396], [-0.08016193967580629, 0.7736748964881082, 0.09614364081560062], [-0.1394098513938681, 0.8158291605605591, 0.11054765657761538], [-0.15033060647797786, 0.7599072152196871, 0.14293041705158993], [-0.1458570834078115, 0.7748348944617878, 0.057581973331321444], [-0.13248944776161092, 0.7242729093708948, 0.08282457960740917]] nearest_end=Ok(Some(PrescribedContactFeature { distance_m: 0.0001409494877278709, gap_m: 4.094948772787091e-5, body_face: [15, 2, 16], obstacle_face_index: 3126, body_weights: [0.0, 0.37065825893911575, 0.6293417410608843], obstacle_weights: [0.8272459157412396, 0.0, 0.17275408425876038] })) obstacle_triangle_end=Some([[-0.15323618789880775, 0.7463782262538561, 0.12840402756197306], [-0.16177122840558802, 0.7430094117869048, 0.1020250056578246], [-0.14405339447471374, 0.7933888083102105, 0.10274048090691393]])
IMPLICIT_FRAME_GEOMETRY dt=6.51041666666666658e-5 world_body=[[-0.09805949051323722, 0.8223102195577794, 0.1257635715118509], [-0.0377721050550215, 0.8304714093074603, 0.1645840826562726], [-0.15351672482518916, 0.7452437471375031, 0.09177649381102897], [-0.10981363551313279, 0.8969060471941472, 0.12977420797122052], [-0.10702898155541603, 0.767082714829256, 0.13594991815567226], [-0.13424428562388752, 0.8190755958823538, 0.17854830083086848], [-0.1098320931432099, 0.8295893208599567, 0.08293986811096776], [-0.06190574523408307, 0.8771396373836765, 0.13987815813731252], [-0.13123045530265703, 0.8663661891695227, 0.16021634666240983], [-0.08327855815275219, 0.8279575808760689, 0.1779245577788055], [-0.12474266732864808, 0.8852661829850762, 0.08595351987678138], [-0.04740518119123135, 0.8303176229614305, 0.11505929200873914], [-0.06341192498155686, 0.7768146456972399, 0.16168955240743732], [-0.1270301917381487, 0.7718027621676643, 0.18051746107653396], [-0.08016193967580629, 0.7736748964881082, 0.09614364081560062], [-0.1394098513938681, 0.8158291605605591, 0.11054765657761538], [-0.15033060647797786, 0.7599072152196871, 0.14293041705158993], [-0.1458570834078115, 0.7748348944617878, 0.057581973331321444], [-0.13248944776161092, 0.7242729093708948, 0.08282457960740917]] local_body=[[-2.2764497373653515e-5, 4.159319085283968e-5, 2.6074040265517098e-5], [0.060264620960842064, 0.008202782940533731, 0.038846585184687234], [-0.05547999880932558, -0.07702487922942343, -0.03396100366055641], [-0.011776909497269228, 0.07463742082722069, 0.004036710499635138], [-0.008992255539552463, -0.055185911537670496, 0.01021242068408687], [-0.03620755960802396, -0.0031930304845727456, 0.05281080335928309], [-0.011795367127346329, 0.007320694493030189, -0.04279762936061762], [0.036130980781780495, 0.05487101101674997, 0.01414066066572715], [-0.033193729286793476, 0.044097562802596094, 0.03447884919082444], [0.014758167863111377, 0.0056889545091423485, 0.05218706030722011], [-0.02670594131278452, 0.06299755661814964, -0.03978397759480401], [0.05063154482463222, 0.008048996594503924, -0.010678205462846242], [0.034624801034306714, -0.045453980669686596, 0.035952054935851935], [-0.028993465722285127, -0.050465864199262245, 0.05477996360494859], [0.017874786340057274, -0.04859372987881843, -0.02959385665598476], [-0.04137312537800455, -0.006439465806367459, -0.015189840893970012], [-0.05229388046211429, -0.06236141114723947, 0.01719291958000456], [-0.04782035739194795, -0.047433731905138735, -0.06815552414026393], [-0.034452721745747344, -0.09799571699603171, -0.04291291786417621]] world_obstacle=Some([[-0.15323618789880775, 0.7463782262538561, 0.12840402756197306], [-0.16177122840558802, 0.7430094117869048, 0.1020250056578246], [-0.14405339447471374, 0.7933888083102105, 0.10274048090691393]]) local_obstacle=Some([[-0.05519946188294418, -0.07589040011307047, 0.00266653009038767], [-0.06373450238972446, -0.07925921458002172, -0.023712491813760783], [-0.04601666845885018, -0.028879818056716022, -0.022997016564671457]]) nearest_world=Ok(Some(PrescribedContactFeature { distance_m: 0.0001409494877278709, gap_m: 4.094948772787091e-5, body_face: [15, 2, 16], obstacle_face_index: 3126, body_weights: [0.0, 0.37065825893911575, 0.6293417410608843], obstacle_weights: [0.8272459157412396, 0.0, 0.17275408425876038] })) nearest_local=Ok(Some(PrescribedContactFeature { distance_m: 0.00014094948772787154, gap_m: 4.0949487727872125e-5, body_face: [15, 2, 16], obstacle_face_index: 2542, body_weights: [0.0, 0.37065825893911586, 0.6293417410608841], obstacle_weights: [0.1727540842587605, 0.0, 0.8272459157412395] }))
IMPLICIT_TERMINAL_GEOMETRY dt=1.30208333333333332e-4 body_start=[[-0.1022097503297273, 0.8254633470154333, 0.13046919382584204], [-0.0458195084216058, 0.829245295792061, 0.17108875674095791], [-0.1498174936320237, 0.7491052269787523, 0.09484940249845125], [-0.10999359106109927, 0.8984073193667269, 0.12984328095406972], [-0.10714539715381141, 0.76858102508321, 0.13592718045279797], [-0.13919794796317114, 0.8227209720479151, 0.1829607015809937], [-0.10997250356245221, 0.8311238621923006, 0.08296115574399297], [-0.0659291980514432, 0.8791592683452765, 0.14223520843822568], [-0.1320972960476871, 0.8734781630792661, 0.16475167293717233], [-0.08987775691664657, 0.8295116606463134, 0.1832110083495842], [-0.1270001286981518, 0.8818880788371926, 0.08252658525337749], [-0.050985696112295774, 0.8356645153386073, 0.12067711758785113], [-0.0671149981337965, 0.7765299782768822, 0.16502824806445707], [-0.1301598991202152, 0.7742206211780747, 0.17761485506764607], [-0.07970885740512701, 0.7840405668395753, 0.0954584709973064], [-0.14276990651034757, 0.8204982884895232, 0.11536713788268836], [-0.15412234339110054, 0.759764723530339, 0.1434776516862751], [-0.1417356891954024, 0.7788167583358356, 0.06391902705795104], [-0.12800243814802245, 0.7240237172849758, 0.08122661104762356]] body_end=[[-0.10224588369890893, 0.8254494213892198, 0.13050631009222347], [-0.04588517371441186, 0.8292894585291742, 0.171182084513614], [-0.1497544699921867, 0.7492190089654546, 0.09498642092249275], [-0.10999565699748312, 0.8984257732347429, 0.1298446151681807], [-0.10714633986212428, 0.7685994244162841, 0.13592683340596287], [-0.13926668514379797, 0.8228283897571484, 0.18302756715063498], [-0.10997390185975135, 0.8311429249130023, 0.08296161607428763], [-0.06597868181597472, 0.8791563194660282, 0.14227519920512477], [-0.13210054409911567, 0.8736167825080127, 0.16478367151984302], [-0.08991440652950933, 0.8296213111671987, 0.1832872731549349], [-0.12703393335842736, 0.8817491504391464, 0.08252574659743743], [-0.051011036331867654, 0.8357340000171128, 0.12075509935831803], [-0.06713924444964932, 0.7765941870011773, 0.1650152356114433], [-0.13019576023839952, 0.7743239528757423, 0.17758177005569215], [-0.07965965824475114, 0.7841304869706559, 0.09543494748862764], [-0.1427849104270594, 0.8206165456056066, 0.11541950399894566], [-0.15422519584374544, 0.7597490747573896, 0.1434910232212046], [-0.14170361689094227, 0.7788309212118952, 0.0640631744317891], [-0.12794810791760092, 0.7241001914430245, 0.0812613126611897]] nearest_end=Ok(Some(PrescribedContactFeature { distance_m: 0.0001702386065620541, gap_m: 7.023860656205408e-5, body_face: [15, 2, 16], obstacle_face_index: 2542, body_weights: [0.0, 0.5111304734604964, 0.4888695265395036], obstacle_weights: [0.16767596427078438, 0.0, 0.8323240357292156] })) obstacle_triangle_end=Some([[-0.14439831207616508, 0.7938576395062759, 0.09798728564201238], [-0.1539695760595948, 0.7946388264932533, 0.1296332575768137], [-0.1536607340955638, 0.7464377852869112, 0.12284696641664607]])
IMPLICIT_FRAME_GEOMETRY dt=1.30208333333333332e-4 world_body=[[-0.10224588369890893, 0.8254494213892198, 0.13050631009222347], [-0.04588517371441186, 0.8292894585291742, 0.171182084513614], [-0.1497544699921867, 0.7492190089654546, 0.09498642092249275], [-0.10999565699748312, 0.8984257732347429, 0.1298446151681807], [-0.10714633986212428, 0.7685994244162841, 0.13592683340596287], [-0.13926668514379797, 0.8228283897571484, 0.18302756715063498], [-0.10997390185975135, 0.8311429249130023, 0.08296161607428763], [-0.06597868181597472, 0.8791563194660282, 0.14227519920512477], [-0.13210054409911567, 0.8736167825080127, 0.16478367151984302], [-0.08991440652950933, 0.8296213111671987, 0.1832872731549349], [-0.12703393335842736, 0.8817491504391464, 0.08252574659743743], [-0.051011036331867654, 0.8357340000171128, 0.12075509935831803], [-0.06713924444964932, 0.7765941870011773, 0.1650152356114433], [-0.13019576023839952, 0.7743239528757423, 0.17758177005569215], [-0.07965965824475114, 0.7841304869706559, 0.09543494748862764], [-0.1427849104270594, 0.8206165456056066, 0.11541950399894566], [-0.15422519584374544, 0.7597490747573896, 0.1434910232212046], [-0.14170361689094227, 0.7788309212118952, 0.0640631744317891], [-0.12794810791760092, 0.7241001914430245, 0.0812613126611897]] local_body=[[-3.61333691816229e-5, -1.3925626213455823e-5, 3.711626638143302e-5], [0.056324576615315446, 0.003826111513740858, 0.04071289068777196], [-0.04754471966245939, -0.07624433804997878, -0.0354827729033493], [-0.007785906667755818, 0.0729624262193096, -0.0006245786576613566], [-0.004936589532396979, -0.056863922599149186, 0.005457639580120827], [-0.03705693481407068, -0.002634957258284907, 0.052558373324792934], [-0.007764151530024049, 0.00567957789756901, -0.04750757775155441], [0.03623106851375259, 0.05369297245059487, 0.011806005379282721], [-0.029890793769388378, 0.04815343549257933, 0.03431447769400099], [0.012295343800217979, 0.004157964151765377, 0.05281807932909284], [-0.024824183028700063, 0.05628580342371299, -0.04794344722840461], [0.05119871399785965, 0.01027065300167956, -0.009714094467524007], [0.035070505880077985, -0.04886916001425597, 0.03454604178560124], [-0.02798600990867221, -0.051139394139691076, 0.04711257622985011], [0.022550092084976155, -0.04133286004477748, -0.0350342463372144], [-0.0405751600973321, -0.004846801409826705, -0.015049689826896391], [-0.05201544551401813, -0.06571427225804366, 0.013021829395362549], [-0.03949386656121497, -0.046632425803538116, -0.06640601939405294], [-0.025738357587873607, -0.10136315557240881, -0.04920788116465234]] world_obstacle=Some([[-0.14439831207616508, 0.7938576395062759, 0.09798728564201238], [-0.1539695760595948, 0.7946388264932533, 0.1296332575768137], [-0.1536607340955638, 0.7464377852869112, 0.12284696641664607]]) local_obstacle=Some([[-0.04218856174643777, -0.03160570750915748, -0.032481908183829664], [-0.051759825729867495, -0.030824520522179988, -0.0008359362490283351], [-0.0514509837658365, -0.07902556172852215, -0.007622227409195978]]) nearest_world=Ok(Some(PrescribedContactFeature { distance_m: 0.0001702386065620541, gap_m: 7.023860656205408e-5, body_face: [15, 2, 16], obstacle_face_index: 2542, body_weights: [0.0, 0.5111304734604964, 0.4888695265395036], obstacle_weights: [0.16767596427078438, 0.0, 0.8323240357292156] })) nearest_local=Ok(Some(PrescribedContactFeature { distance_m: 0.00017023860656205695, gap_m: 7.023860656205707e-5, body_face: [2, 18, 16], obstacle_face_index: 2542, body_weights: [0.5111304734604963, 0.0, 0.48886952653950366], obstacle_weights: [0.16767596427078488, 0.0, 0.8323240357292151] }))
IMPLICIT_TERMINAL_GEOMETRY dt=1.30208333333333332e-4 body_start=[[-0.10231593572447091, 0.825413135307921, 0.1305743722195333], [-0.0459993731629996, 0.8293875623104427, 0.17134529639007257], [-0.14970673608462454, 0.7494492124177387, 0.09528926202784752], [-0.10999978887025084, 0.8984626809707748, 0.12984728359640263], [-0.10714822527875002, 0.7686362230824326, 0.13592613931229267], [-0.13942561231449493, 0.8230766345759278, 0.18314099154034402], [-0.10997669845434961, 0.8311810503544057, 0.08296253673487694], [-0.06606458803491767, 0.8791581232930281, 0.1423699909323817], [-0.13210472044870195, 0.8738783650719455, 0.1648658769347664], [-0.08998442117308038, 0.8298452792370378, 0.18345219550524075], [-0.12712168962383108, 0.8814707315906102, 0.0825266934920578], [-0.051058714786643734, 0.835865546129709, 0.12091122665360733], [-0.06720419622841421, 0.7767324238734229, 0.16497020188253242], [-0.13030075651772896, 0.7745344524272328, 0.17750155222759395], [-0.07957242933505551, 0.7843062881681707, 0.09540984261564159], [-0.1428774904173038, 0.8208708559480661, 0.11550599683887498], [-0.15437234957897455, 0.7597040151154439, 0.14354182258128362], [-0.14163671992678037, 0.7788705252439219, 0.06433253267641537], [-0.12785255317915278, 0.7242690518969878, 0.08133060677195571]] body_end=[[-0.10235035788513043, 0.8253914742457096, 0.1306061343935298], [-0.046048118954264236, 0.8294421303468561, 0.17141600805303406], [-0.14972388103265125, 0.7495670989409313, 0.09545369679552124], [-0.1100018548066347, 0.8984811348387908, 0.1298486178105136], [-0.10714916798706288, 0.7686546224155067, 0.1359257922654576], [-0.13951312499739577, 0.8232178593589593, 0.1831857349098912], [-0.10997809675164874, 0.8312001130751074, 0.0829629970651716], [-0.0661011849411107, 0.8791630582064085, 0.142424854912369], [-0.13210419887692645, 0.8739992021725275, 0.16491477341866775], [-0.09001965171953734, 0.8299590223985109, 0.18353844083804685], [-0.12717582101923133, 0.8813329145397824, 0.08252748286787195], [-0.05107912936112464, 0.8359277391950726, 0.12098822804439831], [-0.06724446724721232, 0.7768061456221332, 0.1649390880212826], [-0.130368451442845, 0.7746413907964325, 0.17745623273439065], [-0.07953371687720152, 0.784392095459346, 0.09540714051383622], [-0.14295784342202394, 0.821006837637345, 0.11554229552170632], [-0.15441549567839477, 0.7596754626258451, 0.14357976385693239], [-0.1416016643347183, 0.7788963562646121, 0.06445593202283185], [-0.12780941500661533, 0.7243589283785068, 0.08136550247535276]] nearest_end=Ok(Some(PrescribedContactFeature { distance_m: 0.000145719471223797, gap_m: 4.571947122379702e-5, body_face: [15, 2, 16], obstacle_face_index: 3126, body_weights: [0.4444580422978791, 0.5555419577021209, 0.0], obstacle_weights: [0.2642671361386942, 0.0, 0.7357328638613059] })) obstacle_triangle_end=Some([[-0.1536762949454202, 0.7464382506037806, 0.12263246071374573], [-0.16193585081147907, 0.7434512822415079, 0.0961186075802997], [-0.14441175600991382, 0.793873182903984, 0.09780258688521655]])
IMPLICIT_FRAME_GEOMETRY dt=1.30208333333333332e-4 world_body=[[-0.10235035788513043, 0.8253914742457096, 0.1306061343935298], [-0.046048118954264236, 0.8294421303468561, 0.17141600805303406], [-0.14972388103265125, 0.7495670989409313, 0.09545369679552124], [-0.1100018548066347, 0.8984811348387908, 0.1298486178105136], [-0.10714916798706288, 0.7686546224155067, 0.1359257922654576], [-0.13951312499739577, 0.8232178593589593, 0.1831857349098912], [-0.10997809675164874, 0.8312001130751074, 0.0829629970651716], [-0.0661011849411107, 0.8791630582064085, 0.142424854912369], [-0.13210419887692645, 0.8739992021725275, 0.16491477341866775], [-0.09001965171953734, 0.8299590223985109, 0.18353844083804685], [-0.12717582101923133, 0.8813329145397824, 0.08252748286787195], [-0.05107912936112464, 0.8359277391950726, 0.12098822804439831], [-0.06724446724721232, 0.7768061456221332, 0.1649390880212826], [-0.130368451442845, 0.7746413907964325, 0.17745623273439065], [-0.07953371687720152, 0.784392095459346, 0.09540714051383622], [-0.14295784342202394, 0.821006837637345, 0.11554229552170632], [-0.15441549567839477, 0.7596754626258451, 0.14357976385693239], [-0.1416016643347183, 0.7788963562646121, 0.06445593202283185], [-0.12780941500661533, 0.7243589283785068, 0.08136550247535276]] local_body=[[-3.442216065951303e-5, -2.1661062211491192e-5, 3.176217399650411e-5], [0.056267816770206674, 0.004028995038935072, 0.040841635833500756], [-0.04740794530818034, -0.07584603636698972, -0.03512067542401207], [-0.007685919082163789, 0.07306799953086973, -0.0007257544090197021], [-0.004833232262591969, -0.05675851289241429, 0.005351420045924288], [-0.03719718927292485, -0.002195275948961793, 0.0526113626903579], [-0.00766216102717783, 0.0057869777671863964, -0.0476113751543617], [0.03621475078336021, 0.05374992289848751, 0.011850482692835706], [-0.02978826315245554, 0.04858606686460638, 0.034340401199134465], [0.012296284004933565, 0.004545887090589841, 0.05296406861851355], [-0.024859885294760416, 0.055919779231861276, -0.04804688935166134], [0.05123680636334627, 0.010514603887151513, -0.00958614417513499], [0.03507146847725859, -0.04860698968578782, 0.03436471580174928], [-0.02805251571837409, -0.050771744511488553, 0.04688186051485734], [0.022782218847269383, -0.04102103984857506, -0.03516723170569708], [-0.04064190769755303, -0.004406297670575995, -0.015032076697826979], [-0.052099559953923874, -0.06573767268207599, 0.013005391637399088], [-0.039285728610247386, -0.04651677904330893, -0.06611844019670145], [-0.025493479282144415, -0.10105420692941422, -0.04920886974418054]] world_obstacle=Some([[-0.1536762949454202, 0.7464382506037806, 0.12263246071374573], [-0.16193585081147907, 0.7434512822415079, 0.0961186075802997], [-0.14441175600991382, 0.793873182903984, 0.09780258688521655]]) local_obstacle=Some([[-0.051360359220949295, -0.07897488470414049, -0.007941911505787574], [-0.05961991508700816, -0.08196185306641313, -0.034455764639233596], [-0.04209582028544291, -0.03153995240393703, -0.03277178533431675]]) nearest_world=Ok(Some(PrescribedContactFeature { distance_m: 0.000145719471223797, gap_m: 4.571947122379702e-5, body_face: [15, 2, 16], obstacle_face_index: 3126, body_weights: [0.4444580422978791, 0.5555419577021209, 0.0], obstacle_weights: [0.2642671361386942, 0.0, 0.7357328638613059] })) nearest_local=Ok(Some(PrescribedContactFeature { distance_m: 0.00014571947122379587, gap_m: 4.5719471223796515e-5, body_face: [15, 2, 16], obstacle_face_index: 2542, body_weights: [0.4444580422978788, 0.5555419577021212, 0.0], obstacle_weights: [0.7357328638613053, 0.0, 0.2642671361386947] }))
IMPLICIT_TERMINAL_GEOMETRY dt=2.60416666666666663e-4 body_start=[[-0.10578657473055288, 0.8250849296971722, 0.13124994024580142], [-0.04498734285739052, 0.8378457791653012, 0.17131473799531757], [-0.14932790570818197, 0.7652967801068933, 0.10582162041619571], [-0.11012990756930571, 0.8996252288311962, 0.12993125898262728], [-0.10720757208927766, 0.7697954122889524, 0.13590420000479492], [-0.14126935682946032, 0.8286230486746102, 0.1866318489874019], [-0.11006476183126335, 0.832381997130693, 0.08299148028710876], [-0.06399462563588958, 0.8810359606662354, 0.14234234000117493], [-0.1318756958157524, 0.8748982252171121, 0.16253427766560913], [-0.09102196480759826, 0.836885247176657, 0.18385229497169925], [-0.1318019886307252, 0.8772070837321888, 0.08608387393178882], [-0.04985463122576457, 0.8370291894038373, 0.12355442372348183], [-0.06930200273732452, 0.7844258710989996, 0.1649298970661346], [-0.13254318934908513, 0.7793153305049287, 0.17950355552638872], [-0.07731116231620219, 0.7886129638675875, 0.09469071370166532], [-0.14928135416460392, 0.8300302290067201, 0.11873518750100102], [-0.15811640296369256, 0.7651213630743725, 0.14890806488731764], [-0.13775576045865112, 0.7825867648916003, 0.07000607281788312], [-0.12693954987137845, 0.7290614329799558, 0.08690747928056583]] body_end=[[-0.10579382239982053, 0.8250483751834509, 0.1312859382521629], [-0.04491867299648781, 0.8382024449381432, 0.17111088921496564], [-0.14940718730136204, 0.7655837506580543, 0.10626549829505418], [-0.1101340375843862, 0.8996621341558957, 0.12993392319472635], [-0.10720945519997, 0.7698322125988905, 0.13590350194519413], [-0.141365238983307, 0.8288288706574293, 0.18687517149474628], [-0.11006755688092673, 0.8324201223288816, 0.082992397934229], [-0.06384074468188489, 0.8811071068648453, 0.14227918821201943], [-0.13193270614263905, 0.8747691354256262, 0.16257302333007315], [-0.0909475528816374, 0.8372771831350533, 0.18379212951615986], [-0.1318594160609657, 0.8772856504189599, 0.0861258112167336], [-0.04991603601939734, 0.836919560113948, 0.12351278420517119], [-0.0692330683675297, 0.78457752554447, 0.16501992087821313], [-0.13262010639306684, 0.7793041060232415, 0.17949884526935367], [-0.0773124157201793, 0.7887319518750903, 0.09464532946632834], [-0.1493816166383635, 0.8304321038058938, 0.11894787378521758], [-0.15824328703574697, 0.7654393644384742, 0.149186045290472], [-0.13788627096202125, 0.7826345037276368, 0.0701175303797317], [-0.12714210063984757, 0.729369187465762, 0.08723709189467535]] nearest_end=Ok(Some(PrescribedContactFeature { distance_m: 0.0002486630398319998, gap_m: 0.00014866303983199978, body_face: [15, 2, 16], obstacle_face_index: 2542, body_weights: [0.04749143027014857, 0.9525085697298514, 0.0], obstacle_weights: [0.46481065953156325, 0.0, 0.5351893404684367] })) obstacle_triangle_end=Some([[-0.14466578331864274, 0.79423304365232, 0.09385449119975842], [-0.15449510499246583, 0.7945944033803419, 0.12542856545584724], [-0.15396997292950135, 0.7464807904855492, 0.11804600384476771]])
IMPLICIT_FRAME_GEOMETRY dt=2.60416666666666663e-4 world_body=[[-0.10579382239982053, 0.8250483751834509, 0.1312859382521629], [-0.04491867299648781, 0.8382024449381432, 0.17111088921496564], [-0.14940718730136204, 0.7655837506580543, 0.10626549829505418], [-0.1101340375843862, 0.8996621341558957, 0.12993392319472635], [-0.10720945519997, 0.7698322125988905, 0.13590350194519413], [-0.141365238983307, 0.8288288706574293, 0.18687517149474628], [-0.11006755688092673, 0.8324201223288816, 0.082992397934229], [-0.06384074468188489, 0.8811071068648453, 0.14227918821201943], [-0.13193270614263905, 0.8747691354256262, 0.16257302333007315], [-0.0909475528816374, 0.8372771831350533, 0.18379212951615986], [-0.1318594160609657, 0.8772856504189599, 0.0861258112167336], [-0.04991603601939734, 0.836919560113948, 0.12351278420517119], [-0.0692330683675297, 0.78457752554447, 0.16501992087821313], [-0.13262010639306684, 0.7793041060232415, 0.17949884526935367], [-0.0773124157201793, 0.7887319518750903, 0.09464532946632834], [-0.1493816166383635, 0.8304321038058938, 0.11894787378521758], [-0.15824328703574697, 0.7654393644384742, 0.149186045290472], [-0.13788627096202125, 0.7826345037276368, 0.0701175303797317], [-0.12714210063984757, 0.729369187465762, 0.08723709189467535]] local_body=[[-7.247669267656216e-6, -3.655451372136285e-5, 3.5998006361468715e-5], [0.06086790173406507, 0.01311751524097109, 0.03986094896916422], [-0.04362061257080918, -0.05950117903911787, -0.024984441950747237], [-0.00434746285383332, 0.07457720445872351, -0.0013160170510750635], [-0.0014228804694171177, -0.05525271709828172, 0.004653561699392711], [-0.03557866425275411, 0.0037439409602570673, 0.05562523124894486], [-0.004280982150373855, 0.007335192631709453, -0.04825754231157242], [0.04194583004866799, 0.05602217716767308, 0.011029247966218018], [-0.026146131412086167, 0.04968420572845395, 0.03132308308427174], [0.014839021848915479, 0.012192253437881106, 0.05254218927035843], [-0.026072841330412825, 0.052200720721787705, -0.04512412902906782], [0.055870538711155535, 0.011834630416775795, -0.007737156040630233], [0.03655350636302318, -0.04050740415270217, 0.03376998063241172], [-0.026833531662513958, -0.04578082367393066, 0.048248905023552245], [0.02847415901037357, -0.0363529778220819, -0.03660461077947307], [-0.04359504190781063, 0.005347174108721688, -0.012302066460583832], [-0.052456712305194095, -0.05964556525869805, 0.017936105044670587], [-0.03209969623146838, -0.04245042596953542, -0.06113240986606971], [-0.021355525909294706, -0.09571574223141026, -0.04401284835112606]] world_obstacle=Some([[-0.14466578331864274, 0.79423304365232, 0.09385449119975842], [-0.15449510499246583, 0.7945944033803419, 0.12542856545584724], [-0.15396997292950135, 0.7464807904855492, 0.11804600384476771]]) local_obstacle=Some([[-0.03887920858808987, -0.030851886044852228, -0.037395449046043], [-0.04870853026191295, -0.030490526316830247, -0.005821374789954176], [-0.04818339819894847, -0.07860413921162301, -0.013203936401033706]]) nearest_world=Ok(Some(PrescribedContactFeature { distance_m: 0.0002486630398319998, gap_m: 0.00014866303983199978, body_face: [15, 2, 16], obstacle_face_index: 2542, body_weights: [0.04749143027014857, 0.9525085697298514, 0.0], obstacle_weights: [0.46481065953156325, 0.0, 0.5351893404684367] })) nearest_local=Ok(Some(PrescribedContactFeature { distance_m: 0.0002486630398319862, gap_m: 0.00014866303983198623, body_face: [15, 2, 16], obstacle_face_index: 2542, body_weights: [0.04749143027014724, 0.9525085697298528, 0.0], obstacle_weights: [0.4648106595315618, 0.0, 0.5351893404684382] }))
IMPLICIT_TERMINAL_GEOMETRY dt=2.60416666666666663e-4 body_start=[[-0.10568847111839999, 0.8249057161995166, 0.13141770490997512], [-0.044885145640100856, 0.8391909708655136, 0.1706456673753949], [-0.14989511082277826, 0.766190923820083, 0.10748586459551586], [-0.11014642762962763, 0.8997728501299939, 0.12994191583102363], [-0.10721510453204704, 0.7699426135287045, 0.13590140776639184], [-0.1413753789510103, 0.8293658427156623, 0.18756589928273087], [-0.11007594202991684, 0.8325344979234474, 0.08299515087558973], [-0.06340118657232398, 0.8814377113511233, 0.14213752604915333], [-0.13224232151034704, 0.8744300743005294, 0.16300382406364178], [-0.09070848658389097, 0.8384051369058972, 0.18345725699311802], [-0.13194875896871444, 0.877541720853479, 0.08620439865362069], [-0.05002570014539351, 0.8365580816665297, 0.12320041521391871], [-0.06911974296604137, 0.7850302182625811, 0.16525956652936608], [-0.13281236961257145, 0.779288514545589, 0.17946242670717164], [-0.0775220110126699, 0.789011340152846, 0.0945832571982431], [-0.15008322320940548, 0.8317941802939393, 0.11940488917014878], [-0.15878050023924273, 0.7663791360824713, 0.1502242379055751], [-0.1383764169189733, 0.7828042219479834, 0.07037793447505952], [-0.12781895665952708, 0.7302865460130382, 0.08816428057384543]] body_end=[[-0.1056447916481693, 0.8248637252331098, 0.13146310222032118], [-0.04490933050523637, 0.8394754963688589, 0.170540458142967], [-0.14997106311346678, 0.7663965150694904, 0.10784734063000692], [-0.11015055764470812, 0.8998097554546933, 0.12994458004312273], [-0.10721698764273938, 0.7699794138386425, 0.13590070970679108], [-0.14128705708999786, 0.8295006373357336, 0.1877583743133214], [-0.11007873707958021, 0.8325726231216359, 0.08299606852270996], [-0.06329495120285901, 0.8815888931973496, 0.14208375606032253], [-0.1323650561850189, 0.8743279661196262, 0.16319014723482886], [-0.09063464227226693, 0.8387592333357649, 0.18330431348997517], [-0.13193054251614506, 0.8775973925519294, 0.08629001280017574], [-0.05003327700091141, 0.8364477857188283, 0.1230476258342279], [-0.06911650412543187, 0.7851783083994321, 0.16533986757219957], [-0.13284803383027866, 0.7792971227646138, 0.1794474944558558], [-0.07764876883072984, 0.789060914237511, 0.09456948446274492], [-0.15006936497958284, 0.8322290116375192, 0.1195716125736459], [-0.15900332381845872, 0.7667000443538231, 0.15062155716467937], [-0.1384551194989808, 0.7828729952156939, 0.07053493731679557], [-0.1280616757985845, 0.7305705866701361, 0.08844697890515336]] nearest_end=Ok(Some(PrescribedContactFeature { distance_m: 0.0001566567507551966, gap_m: 5.6656750755196604e-5, body_face: [2, 15, 17], obstacle_face_index: 4248, body_weights: [0.0, 0.384983538336923, 0.615016461663077], obstacle_weights: [0.31981112682012675, 0.0, 0.6801888731798733] })) obstacle_triangle_end=Some([[-0.13963381216917758, 0.8180529021870955, 0.08087980731173244], [-0.14995328165805355, 0.8180809123293173, 0.11470323757367307], [-0.14469507925047032, 0.7942801507442799, 0.09336040372126544]])
IMPLICIT_FRAME_GEOMETRY dt=2.60416666666666663e-4 world_body=[[-0.1056447916481693, 0.8248637252331098, 0.13146310222032118], [-0.04490933050523637, 0.8394754963688589, 0.170540458142967], [-0.14997106311346678, 0.7663965150694904, 0.10784734063000692], [-0.11015055764470812, 0.8998097554546933, 0.12994458004312273], [-0.10721698764273938, 0.7699794138386425, 0.13590070970679108], [-0.14128705708999786, 0.8295006373357336, 0.1877583743133214], [-0.11007873707958021, 0.8325726231216359, 0.08299606852270996], [-0.06329495120285901, 0.8815888931973496, 0.14208375606032253], [-0.1323650561850189, 0.8743279661196262, 0.16319014723482886], [-0.09063464227226693, 0.8387592333357649, 0.18330431348997517], [-0.13193054251614506, 0.8775973925519294, 0.08629001280017574], [-0.05003327700091141, 0.8364477857188283, 0.1230476258342279], [-0.06911650412543187, 0.7851783083994321, 0.16533986757219957], [-0.13284803383027866, 0.7792971227646138, 0.1794474944558558], [-0.07764876883072984, 0.789060914237511, 0.09456948446274492], [-0.15006936497958284, 0.8322290116375192, 0.1195716125736459], [-0.15900332381845872, 0.7667000443538231, 0.15062155716467937], [-0.1384551194989808, 0.7828729952156939, 0.07053493731679557], [-0.1280616757985845, 0.7305705866701361, 0.08844697890515336]] local_body=[[4.367947023069497e-5, -4.199096640682226e-5, 4.539731034607009e-5], [0.06077914061316362, 0.01456978016934225, 0.03912275323299189], [-0.044282591995066775, -0.05850920113002621, -0.023570364279968194], [-0.004462086526308126, 0.07490403925517675, -0.0014731248668523877], [-0.001528516524339385, -0.054926302360874035, 0.004483004796815959], [-0.03559858597159787, 0.004594921136217078, 0.05634066940334628], [-0.004390265961180223, 0.007666906922119354, -0.048421636387265155], [0.042393519915540974, 0.05668317699783303, 0.010666051150347399], [-0.026676585066618904, 0.04942224992010957, 0.03177244232485373], [0.01505382884613305, 0.013853517136248222, 0.05188660858000004], [-0.026242071397745072, 0.052691676352412786, -0.04512769210979937], [0.05565519411748858, 0.011542069519311728, -0.008370079075747213], [0.03657196699296812, -0.03972740780008448, 0.033922162662224434], [-0.027159562711878672, -0.045608593434902714, 0.04802978954588069], [0.028039702287670155, -0.03584480196200552, -0.03684822044723019], [-0.044380893861182845, 0.007323295438002578, -0.011846092336329212], [-0.05331485270005874, -0.05820567184569349, 0.01920385225470424], [-0.032766648380580785, -0.04203272098382273, -0.06088276759317955], [-0.0223732046801845, -0.09433512952938046, -0.042970726004821755]] world_obstacle=Some([[-0.13963381216917758, 0.8180529021870955, 0.08087980731173244], [-0.14995328165805355, 0.8180809123293173, 0.11470323757367307], [-0.14469507925047032, 0.7942801507442799, 0.09336040372126544]]) local_obstacle=Some([[-0.033945341050777594, -0.0068528140124211046, -0.050537897598242676], [-0.04426481053965356, -0.006824803870199236, -0.016714467336302052], [-0.039006608132070325, -0.030625565455236647, -0.038057301188709675]]) nearest_world=Ok(Some(PrescribedContactFeature { distance_m: 0.0001566567507551966, gap_m: 5.6656750755196604e-5, body_face: [2, 15, 17], obstacle_face_index: 4248, body_weights: [0.0, 0.384983538336923, 0.615016461663077], obstacle_weights: [0.31981112682012675, 0.0, 0.6801888731798733] })) nearest_local=Ok(Some(PrescribedContactFeature { distance_m: 0.0001566567507552087, gap_m: 5.66567507552085e-5, body_face: [15, 10, 17], obstacle_face_index: 3664, body_weights: [0.38498353833692284, 0.0, 0.6150164616630771], obstacle_weights: [0.6801888731798739, 0.0, 0.31981112682012613] }))
IMPLICIT_TERMINAL_GEOMETRY dt=1.30208333333333332e-4 body_start=[[-0.10568847111839999, 0.8249057161995166, 0.13141770490997512], [-0.044885145640100856, 0.8391909708655136, 0.1706456673753949], [-0.14989511082277826, 0.766190923820083, 0.10748586459551586], [-0.11014642762962763, 0.8997728501299939, 0.12994191583102363], [-0.10721510453204704, 0.7699426135287045, 0.13590140776639184], [-0.1413753789510103, 0.8293658427156623, 0.18756589928273087], [-0.11007594202991684, 0.8325344979234474, 0.08299515087558973], [-0.06340118657232398, 0.8814377113511233, 0.14213752604915333], [-0.13224232151034704, 0.8744300743005294, 0.16300382406364178], [-0.09070848658389097, 0.8384051369058972, 0.18345725699311802], [-0.13194875896871444, 0.877541720853479, 0.08620439865362069], [-0.05002570014539351, 0.8365580816665297, 0.12320041521391871], [-0.06911974296604137, 0.7850302182625811, 0.16525956652936608], [-0.13281236961257145, 0.779288514545589, 0.17946242670717164], [-0.0775220110126699, 0.789011340152846, 0.0945832571982431], [-0.15008322320940548, 0.8317941802939393, 0.11940488917014878], [-0.15878050023924273, 0.7663791360824713, 0.1502242379055751], [-0.1383764169189733, 0.7828042219479834, 0.07037793447505952], [-0.12781895665952708, 0.7302865460130382, 0.08816428057384543]] body_end=[[-0.10566575047475701, 0.8248834978430956, 0.13144066491507214], [-0.044896612823650345, 0.8393368332162996, 0.17059090048600886], [-0.1499130652704491, 0.7662857010544656, 0.10767478320334402], [-0.11014849263716787, 0.8997913027923437, 0.12994324793707318], [-0.10721604608739321, 0.7699610136836735, 0.13590105873659147], [-0.1413354579636727, 0.8294362660826792, 0.1876659066946535], [-0.11007733955474852, 0.8325535605225416, 0.08299560969914985], [-0.06334402545227151, 0.8815110005720329, 0.14211254270019305], [-0.13230397986406525, 0.8743785826606937, 0.16309751465145886], [-0.0906709790492549, 0.8385835409722907, 0.18338189278687778], [-0.1319428205725176, 0.8775727424289301, 0.08624090304248214], [-0.05003092147934257, 0.8365010713356809, 0.12312565998121588], [-0.06911620541985714, 0.7851047551110168, 0.16529901434262584], [-0.13283248380245055, 0.7792919840015927, 0.1794547927201434], [-0.07758316977883079, 0.789039739616235, 0.09457720394692788], [-0.150096966318535, 0.8320152893895835, 0.11948686920020901], [-0.1588900869570506, 0.7665386370880548, 0.1504203991378545], [-0.13842060892514105, 0.7828372327025064, 0.07045057580751687], [-0.12793980968298618, 0.7304314964902338, 0.08830727096144801]] nearest_end=Ok(Some(PrescribedContactFeature { distance_m: 0.0001278172225380937, gap_m: 2.7817222538093704e-5, body_face: [2, 15, 17], obstacle_face_index: 3664, body_weights: [0.0, 0.3875039719421145, 0.6124960280578855], obstacle_weights: [0.679149076831551, 0.0, 0.320850923168449] })) obstacle_triangle_end=Some([[-0.14469141725899187, 0.794274262357785, 0.09342216465607706], [-0.1530946069373898, 0.7956475675175803, 0.06179455594782008], [-0.13963052333432763, 0.8180445013894233, 0.08093651510533065]])
IMPLICIT_FRAME_GEOMETRY dt=1.30208333333333332e-4 world_body=[[-0.10566575047475701, 0.8248834978430956, 0.13144066491507214], [-0.044896612823650345, 0.8393368332162996, 0.17059090048600886], [-0.1499130652704491, 0.7662857010544656, 0.10767478320334402], [-0.11014849263716787, 0.8997913027923437, 0.12994324793707318], [-0.10721604608739321, 0.7699610136836735, 0.13590105873659147], [-0.1413354579636727, 0.8294362660826792, 0.1876659066946535], [-0.11007733955474852, 0.8325535605225416, 0.08299560969914985], [-0.06334402545227151, 0.8815110005720329, 0.14211254270019305], [-0.13230397986406525, 0.8743785826606937, 0.16309751465145886], [-0.0906709790492549, 0.8385835409722907, 0.18338189278687778], [-0.1319428205725176, 0.8775727424289301, 0.08624090304248214], [-0.05003092147934257, 0.8365010713356809, 0.12312565998121588], [-0.06911620541985714, 0.7851047551110168, 0.16529901434262584], [-0.13283248380245055, 0.7792919840015927, 0.1794547927201434], [-0.07758316977883079, 0.789039739616235, 0.09457720394692788], [-0.150096966318535, 0.8320152893895835, 0.11948686920020901], [-0.1588900869570506, 0.7665386370880548, 0.1504203991378545], [-0.13842060892514105, 0.7828372327025064, 0.07045057580751687], [-0.12793980968298618, 0.7304314964902338, 0.08830727096144801]] local_body=[[2.2720643642971345e-5, -2.221835642107455e-5, 2.296000509702814e-5], [0.060791858294749646, 0.014431117016783053, 0.03917319557603374], [-0.04422459415204911, -0.05862001514505098, -0.023742921706631098], [-0.004460021518767884, 0.07488558659282707, -0.0014744569729019386], [-0.0015275749689932228, -0.05494470251584305, 0.004483353826616354], [-0.03564698684527271, 0.004530549883162634, 0.056248201784678376], [-0.004388868436348531, 0.00764784432302501, -0.04842209521082527], [0.04234444566612848, 0.05660528437251632, 0.01069483779021793], [-0.026615508745665258, 0.04947286646117708, 0.03167980974148373], [0.015017492069145082, 0.013677824772774176, 0.051964187876902664], [-0.026254349454117608, 0.05266702622941359, -0.04517680186749299], [0.05565754963905742, 0.011595355136164293, -0.008292044928759242], [0.03657226569854285, -0.03980096108849974, 0.033881309432650726], [-0.027144012684050565, -0.04561373219792387, 0.04803708781016827], [0.02810530133956921, -0.0358659765832816, -0.03684050096304724], [-0.04440849520013501, 0.007109573190066932, -0.011930835709766106], [-0.053201615838650594, -0.05836707911146178, 0.019002694227879372], [-0.03273213780674105, -0.042068483497010235, -0.060967129102458245], [-0.02225133856458619, -0.09447421970928287, -0.04311043394852711]] world_obstacle=Some([[-0.14469141725899187, 0.794274262357785, 0.09342216465607706], [-0.1530946069373898, 0.7956475675175803, 0.06179455594782008], [-0.13963052333432763, 0.8180445013894233, 0.08093651510533065]]) local_obstacle=Some([[-0.03900294614059188, -0.030631453841731604, -0.037995540253898064], [-0.04740613581898981, -0.029258148681936325, -0.06962314896215505], [-0.03394205221592764, -0.006861214810093275, -0.05048118980464447]]) nearest_world=Ok(Some(PrescribedContactFeature { distance_m: 0.0001278172225380937, gap_m: 2.7817222538093704e-5, body_face: [2, 15, 17], obstacle_face_index: 3664, body_weights: [0.0, 0.3875039719421145, 0.6124960280578855], obstacle_weights: [0.679149076831551, 0.0, 0.320850923168449] })) nearest_local=Ok(Some(PrescribedContactFeature { distance_m: 0.0001278172225380981, gap_m: 2.781722253809818e-5, body_face: [15, 10, 17], obstacle_face_index: 4248, body_weights: [0.3875039719421146, 0.0, 0.6124960280578854], obstacle_weights: [0.3208509231684492, 0.0, 0.6791490768315508] }))
IMPLICIT_TERMINAL_GEOMETRY dt=2.60416666666666663e-4 body_start=[[-0.10496650385024157, 0.8255645077353342, 0.13222559157998173], [-0.04625096948703116, 0.8437169467995255, 0.1643784577133075], [-0.15383947144805737, 0.7786278129737041, 0.11703069557926281], [-0.11025790457500567, 0.9007692505670343, 0.13001377363897876], [-0.1072659070175411, 0.7709362515584801, 0.1358824888040967], [-0.1372468289720281, 0.8321794679317966, 0.18878312838105113], [-0.11015138055535784, 0.8335638739513733, 0.08301987310876952], [-0.06369303529118744, 0.8867287267895072, 0.13714830480842619], [-0.13260176994339914, 0.8746254000409244, 0.16458933500287687], [-0.08734223526854498, 0.8456344126414675, 0.18240179605288837], [-0.13354682637357015, 0.8782450188652817, 0.09000681269003852], [-0.05292422541510288, 0.8358500953890224, 0.1183372347639514], [-0.06896558989092871, 0.7866858449023645, 0.1680121906831111], [-0.12908710695498815, 0.7810361191055201, 0.17954279041850407], [-0.08170746976879742, 0.7862675826543041, 0.09325668818804189], [-0.15201833720894833, 0.8399313854625255, 0.12409537549882318], [-0.16080479731548666, 0.7761439246712147, 0.15941343073152986], [-0.14075409242907364, 0.7890940311271868, 0.0770481504522223], [-0.13966431974381308, 0.7332879575725597, 0.09667129576336411]] body_end=[[-0.10492603989704431, 0.8255723211093977, 0.13229873490301977], [-0.04629079220652457, 0.8437192839519544, 0.1640671020842167], [-0.15391744374859784, 0.7788374713788497, 0.11717146338831864], [-0.11026203273093495, 0.9008061534850351, 0.13001643363317347], [-0.10726778782252529, 0.7709730535167849, 0.1358817867806704], [-0.1370318366678003, 0.8324106933633018, 0.1890614693951053], [-0.11015417405967128, 0.8336019989097659, 0.08302078774263194], [-0.06346694312798493, 0.886916762782546, 0.13706308152464744], [-0.13242502362607828, 0.8746932456255616, 0.16452335811747887], [-0.08718197158865276, 0.8459600617473914, 0.18241376274324356], [-0.13346432711795417, 0.8783750500110764, 0.09026338076503249], [-0.053123108079817606, 0.8358145390675876, 0.1181005401072125], [-0.06868207242975861, 0.786731397108644, 0.16804361435208193], [-0.12882330764895597, 0.7811392232568019, 0.1796342162476646], [-0.08191039724540425, 0.7861433546608299, 0.09335228948059418], [-0.15192043850537923, 0.8403078598019029, 0.12443220977958759], [-0.1606521452997047, 0.7764648585451821, 0.1597159449619826], [-0.14072910354616172, 0.7893835521536192, 0.07736082232126323], [-0.14006499394829075, 0.7334334527973907, 0.09724246014244407]] nearest_end=Ok(Some(PrescribedContactFeature { distance_m: 0.0002024215675396885, gap_m: 0.00010242156753968848, body_face: [15, 2, 16], obstacle_face_index: 2542, body_weights: [0.0, 1.0, 0.0], obstacle_weights: [0.057386710280395825, 0.6145683246917718, 0.32804496502783237] })) obstacle_triangle_end=Some([[-0.14486172916752763, 0.7946251830691503, 0.09001849592333798], [-0.1549279635233101, 0.7945975990593854, 0.12151957927684413], [-0.15419587885484914, 0.7465722333082915, 0.11358791634330215]])
IMPLICIT_FRAME_GEOMETRY dt=2.60416666666666663e-4 world_body=[[-0.10492603989704431, 0.8255723211093977, 0.13229873490301977], [-0.04629079220652457, 0.8437192839519544, 0.1640671020842167], [-0.15391744374859784, 0.7788374713788497, 0.11717146338831864], [-0.11026203273093495, 0.9008061534850351, 0.13001643363317347], [-0.10726778782252529, 0.7709730535167849, 0.1358817867806704], [-0.1370318366678003, 0.8324106933633018, 0.1890614693951053], [-0.11015417405967128, 0.8336019989097659, 0.08302078774263194], [-0.06346694312798493, 0.886916762782546, 0.13706308152464744], [-0.13242502362607828, 0.8746932456255616, 0.16452335811747887], [-0.08718197158865276, 0.8459600617473914, 0.18241376274324356], [-0.13346432711795417, 0.8783750500110764, 0.09026338076503249], [-0.053123108079817606, 0.8358145390675876, 0.1181005401072125], [-0.06868207242975861, 0.786731397108644, 0.16804361435208193], [-0.12882330764895597, 0.7811392232568019, 0.1796342162476646], [-0.08191039724540425, 0.7861433546608299, 0.09335228948059418], [-0.15192043850537923, 0.8403078598019029, 0.12443220977958759], [-0.1606521452997047, 0.7764648585451821, 0.1597159449619826], [-0.14072910354616172, 0.7893835521536192, 0.07736082232126323], [-0.14006499394829075, 0.7334334527973907, 0.09724246014244407]] local_body=[[4.0463953197260186e-5, 7.8133740635642e-6, 7.314332303805207e-5], [0.058675711643717, 0.018154776216620254, 0.03184151050423497], [-0.048950939898356256, -0.046727036356484404, -0.015054128191663086], [-0.005295528880693373, 0.07524164574970094, -0.00220915794680826], [-0.002301283972283713, -0.054591454218549273, 0.003656195200688661], [-0.032065332817558724, 0.006846185627967519, 0.056835877815123566], [-0.005187670209429701, 0.008037491174431755, -0.04920480383734979], [0.04149956072225665, 0.06135225504721185, 0.004837489944665695], [-0.027458519775836687, 0.049128737890227404, 0.032297766537497136], [0.01778453226158881, 0.020395554012057168, 0.05018817116326182], [-0.0284978232677126, 0.05281054227574223, -0.04196221081494924], [0.05184339577042397, 0.01025003133225343, -0.014125051472769226], [0.03628443142048296, -0.0388331106266902, 0.035818022772100194], [-0.023856803798714396, -0.044425284478532334, 0.04740862466768287], [0.02305610660483733, -0.03942115307450434, -0.03887330209938756], [-0.04695393465513767, 0.014743352066568741, -0.007793381800394142], [-0.05568564144946314, -0.04909964919015203, 0.027490353382000867], [-0.03576259969592013, -0.03618095558171491, -0.0548647692587185], [-0.035098490098049176, -0.09213105493794346, -0.034983131437537666]] world_obstacle=Some([[-0.14486172916752763, 0.7946251830691503, 0.09001849592333798], [-0.1549279635233101, 0.7945975990593854, 0.12151957927684413], [-0.15419587885484914, 0.7465722333082915, 0.11358791634330215]]) local_obstacle=Some([[-0.03989522531728605, -0.030939324666183876, -0.04220709565664375], [-0.04996145967306852, -0.030966908675948757, -0.0107060123031376], [-0.04922937500460757, -0.07899227442704271, -0.018637675236679585]]) nearest_world=Ok(Some(PrescribedContactFeature { distance_m: 0.0002024215675396885, gap_m: 0.00010242156753968848, body_face: [15, 2, 16], obstacle_face_index: 2542, body_weights: [0.0, 1.0, 0.0], obstacle_weights: [0.057386710280395825, 0.6145683246917718, 0.32804496502783237] })) nearest_local=Ok(Some(PrescribedContactFeature { distance_m: 0.00020242156753969337, gap_m: 0.00010242156753969407, body_face: [2, 15, 17], obstacle_face_index: 2542, body_weights: [1.0, 0.0, 0.0], obstacle_weights: [0.057386710280395825, 0.6145683246917727, 0.3280449650278315] }))
WIDE_IMPORTED_CONTACT_COMMITTED step=300
WIDE_IMPORTED_CONTACT_COMMITTED step=312
WIDE_IMPORTED_CONTACT_COMMITTED step=324
WIDE_IMPORTED_CONTACT_COMMITTED step=336
WIDE_IMPORTED_CONTACT_COMMITTED step=348
WIDE_IMPORTED_CONTACT_COMMITTED step=360
WIDE_IMPORTED_CONTACT_COMMITTED step=372
WIDE_IMPORTED_CONTACT_COMMITTED step=384
WIDE_IMPORTED_CONTACT_COMMITTED step=396
WIDE_IMPORTED_CONTACT_COMMITTED step=408
WIDE_IMPORTED_CONTACT_COMMITTED step=420
WIDE_IMPORTED_CONTACT_COMMITTED step=432
WIDE_IMPORTED_CONTACT_COMMITTED step=444
WIDE_IMPORTED_CONTACT_COMMITTED step=456
WIDE_IMPORTED_CONTACT_COMMITTED step=468
WIDE_IMPORTED_CONTACT_COMMITTED step=480
test collision_tests::wide_imported_contact_completes_full_clip ... ok

test result: ok. 1 passed; 0 failed; 0 ignored; 0 measured; 32 filtered out; finished in 750.55s

