3227  3  0  0
   0    0.048714611009817291  0.97357500050343315  0.093429235439222186
   1    0.089254059544747341  0.97753501252383856  0.073292941080145182
   2    0.046605909501143634  1.0469099748307693  0.084822655892260776
   3    0.081489706687951052  1.0501100142106734  0.076304368780058127
   4    0.51752885023858419  0.84468219261364608  0.1562570464330619
   5    0.50410987683023456  0.83433518460970113  0.16423204362616464
   6    0.54535383917519453  0.81083718739081956  0.17022503655247678
   7    0.54680187394638824  0.79490719130284504  0.18095403827852757
   8    0.52840186630774844  0.80229434501021391  0.10521504117512916
   9    0.54153289141016092  0.81280818637343077  0.097752011623373797
  10    0.55187786701086117  0.78460035170383435  0.13724105053135308
  11    0.56831384756739389  0.78253332274641119  0.14273804517600441
  12    -0.51752902343482843  0.84468211863290843  0.15625700039021478
  13    -0.53428400581991298  0.84106619901494772  0.1317799894219604
  14    -0.54535401426127572  0.81083709801742843  0.17022499252952494
  15    -0.56459898282916987  0.79791909937844485  0.16282990240487294
  16    -0.52840197583979787  0.80229419842421557  0.1052149850704104
  17    -0.51135898425373205  0.80607611741672724  0.13020400028602513
  18    -0.55187797960874507  0.78460007931987297  0.1372409987770094
  19    -0.55051708739169636  0.77952110855755929  0.1608609985861304
  20    -0.56913698286565995  0.77710306762689552  0.17212989911105714
  21    -0.54680199036578392  0.7949070985250255  0.18095399577710153
  22    0.11323999805741564  0.074154015364189668  0.036504574741738655
  23    0.10916790683967217  0.08993072623599023  0.030901440356503728
  24    0.079405958871854185  0.079055542260631051  0.04584170538081949
  25    0.078937884199812444  0.089637759409882611  0.042617389988882669
  26    0.078422481295673113  0.073118888114278496  -0.053827490320114649
  27    0.050658344293197009  0.072793025584949753  -0.041023879257170791
  28    0.077833774889762231  0.089993084848407012  -0.047518638044567491
  29    0.048916514962862971  0.089623242071876191  -0.035366315451855014
  30    -0.045301990950035849  0.073659277907571832  0.037362250824697872
  31    -0.048431886780580018  0.089433523609174254  0.03179934479382613
  32    -0.07940604406544445  0.07905552020160457  0.045841790124662295
  33    -0.078937898275268106  0.089637723661144586  0.042617477111336267
  34    -0.10702702362078703  0.090273932788018943  -0.037136836998929459
  35    -0.077833793373296517  0.089993014451511089  -0.04751853955841201
  36    -0.10635602890507831  0.073438845694179189  -0.042537078551995122
  37    -0.07842250539633519  0.073118818589709464  -0.053827390787119213
  38    -0.12571319019925009  1.2654202645204866  -0.038208290029233156
  39    -0.13410619503517132  1.282450270406678  -0.038208289627528348
  40    -0.12222619086411092  1.2674302546485352  -0.065499958007682338
  41    -0.1303861936432289  1.2839903374049824  -0.06549995760581602
  42    -0.072580556775113006  1.2122902138294094  -0.038208289959117632
  43    -0.088365178774340553  1.2228402396628193  -0.038208290426219656
  44    -0.070567290293957155  1.2157702938018455  -0.065499957854361801
  45    -0.085914056397806471  1.226030283231861  -0.065499958324707577
  46    -1.7407244163652158e-07  1.1896602314100062  -0.04922465431216861
  47    -0.018986623740167154  1.1908102402662841  -0.048992556544307148
  48    -1.7790018499449657e-07  1.1968702510327285  -0.065499951415855101
  49    -0.018421153603387593  1.1980802248948108  -0.06549995356889099
  50    0.072580163924962762  1.212290213495645  -0.038208282882365309
  51    0.055548324226040259  1.2038902485881318  -0.038208283804785054
  52    0.070566905436932559  1.215770293562342  -0.065499951027168879
  53    0.054007484341292072  1.2076102951488066  -0.06549995163796582
  54    0.12571280639209656  1.2654202646528527  -0.038208278825918388
  55    0.11515981208142238  1.2496302714548506  -0.038208280434335599
  56    0.12222580895840064  1.2674302547818099  -0.065499947100934375
  57    0.11196481021991289  1.2520902797391251  -0.065499947958615329
  58    0.14516071307610026  1.3380003862660941  -0.038208274621548417
  59    0.14391381393432051  1.3190502755650868  -0.038208275608556053
  60    0.14113370517938015  1.3380003880203786  -0.065499942982477743
  61    0.13992170452703154  1.3195802819811093  -0.065499943945922401
  62    0.12571280469178323  1.41058027028787  -0.038208271637195208
  63    0.13410580934875141  1.3935502640873483  -0.038208272175995456
  64    0.12222580749513527  1.4085702835574769  -0.065499940072574606
  65    0.13038581013160952  1.3920103197431843  -0.065499940598662487
  66    0.072580158511240556  1.463710318250897  -0.038208271232467492
  67    0.088364727595884873  1.4531602926770129  -0.038208271211004771
  68    0.070566841463554617  1.4602303612621244  -0.065499939727960685
  69    0.085913659135807272  1.4499703719845254  -0.065499939707254526
  70    -2.3438565523373153e-07  1.4831603930826416  -0.038208273172603641
  71    0.018946297267515719  1.4819103640637969  -0.038208272423632159
  72    -2.3253669714627523e-07  1.4791302850427561  -0.065499941614952178
  73    0.018420758719552264  1.4779203103582936  -0.065499940886414768
  74    -0.072580620845715954  1.4637103182508975  -0.038208277577650107
  75    -0.055548712810437634  1.4721102843756226  -0.038208276300896932
  76    -0.070567293961536201  1.4602303612621246  -0.065499945897133011
  77    -0.054007812340747627  1.4683903590085421  -0.065499944656235889
  78    -0.12571319174913911  1.4105802702861974  -0.038208282656785914
  79    -0.11516019721881625  1.4263702610697302  -0.038208281804918726
  80    -0.12222619218836349  1.4085702835542417  -0.065499950791408579
  81    -0.11196519335080318  1.4239103783050899  -0.06549995000811179
  82    -0.14516118842105902  1.3380003862412924  -0.038208287393457267
  83    -0.14391419980488052  1.3569502585928781  -0.038208286329563648
  84    -0.14113419319779172  1.3380003879920608  -0.065499955408885965
  85    -0.13992219248786691  1.3564202556758538  -0.065499954372407077
  86    -0.14158319868334898  1.2562602123473012  0.085233322278816095
  87    -0.15103619800152365  1.2754402774124798  0.085233322780507895
  88    -0.13896419970491744  1.2577702382170488  0.065500006527916821
  89    -0.14824219976424596  1.2766003046968235  0.065500006955250822
  90    -0.081743339591601891  1.1964202309885879  0.085233322286847393
  91    -0.099520665605439373  1.2083002735365258  0.085233321674538259
  92    -0.080231057328575356  1.1990402140864003  0.065500007011199318
  93    -0.097679477510937751  1.2107001964629402  0.065500006237974751
  94    -1.7111978650077051e-07  1.174510274204315  0.085233325172395472
  95    -0.021338620726352425  1.1759202817775436  0.085233324181620482
  96    -1.6668461451454974e-07  1.1775402200586205  0.065500012261867385
  97    -0.020943857402334416  1.1789201845018242  0.065500010663330888
  98    0.081743014442589468  1.1964202310579259  0.085233329456376891
  99    0.062560983283335939  1.1869602563215826  0.085233328266638902
 100    0.08023072595290727  1.1990402140918734  0.06550001398949816
 101    0.061403586288035474  1.1897602484691319  0.065500013309221658
 102    0.14158270326474706  1.2562602123729794  0.085233334688212328
 103    0.12969770219869672  1.2384802612819454  0.085233333601837449
 104    0.13896380999124508  1.2577702382550391  0.065500018726754747
 105    0.12729781123939024  1.2403202585797215  0.065500017761246199
 106    0.16348579869187491  1.3380003782322105  0.085233339703620653
 107    0.16208181170019159  1.316660239756591  0.085233338540602138
 108    0.16046171309765378  1.3380003795402182  0.065500023428404469
 109    0.15908280475092304  1.3170603075746832  0.06550002232977431
 110    0.14158270016445032  1.4197403070606143  0.08523334329597769
 111    0.15103569898103775  1.4005603606005139  0.085233342641432328
 112    0.13896359837117064  1.4182302837960004  0.065500026883948612
 113    0.14824180655917368  1.3994003359284799  0.065500026254991697
 114    0.081742944188758965  1.4795802907066884  0.085233343757218111
 115    0.099520260820479947  1.467700365690304  0.085233344202178735
 116    0.080230648553507741  1.4769603093349126  0.06550002732879398
 117    0.09767901424183173  1.4653003257031929  0.065500027352651036
 118    -2.4276846708938426e-07  1.5014903692417401  0.085233341572441584
 119    0.021338222541257966  1.5000803613040237  0.08523334241583079
 120    -2.4141189877859172e-07  1.4984603077798606  0.065500025184137348
 121    0.020943402236836359  1.4970803405929307  0.065500026012171877
 122    -0.08174340986426154  1.4795802907066888  0.085233336610998744
 123    -0.062561450533225926  1.4890403853899288  0.085233338048908799
 124    -0.080231127405030342  1.4769603093349131  0.065500020314783206
 125    -0.061403927469117256  1.4862402787227613  0.065500021725772586
 126    -0.14158320174941122  1.4197403070643015  0.085233330903105545
 127    -0.12969819961482962  1.4375202591880356  0.085233332445669358
 128    -0.13896420265686468  1.4182302837989842  0.065500014718133659
 129    -0.12729820288575552  1.4356802644997202  0.065500016219386795
 130    -0.16348619418592011  1.3380003782284613  0.085233325387772507
 131    -0.16208210273672155  1.3593402783781503  0.085233326641049573
 132    -0.1604621964794507  1.3380003795342779  0.065500009369916248
 133    -0.15908319857117884  1.3589403323881122  0.065500010579477297
 134    0.039029126980128843  1.4836603545853755  4.3165245252041369e-08
 135    0.0577055234394699  1.4773103120738535  4.3579246040043974e-08
 136    0.037570055374939508  1.4782103449252406  -0.038208271844013361
 137    0.055548317531187608  1.4721102843756222  -0.038208271444688885
 138    -0.15110519050970081  1.378490306315739  0.038208343805543506
 139    -0.14452220037968994  1.3978602724043323  0.038208345167375903
 140    -0.14566020036139701  1.3770303521565421  2.9328827933852989e-08
 141    -0.1393141982761901  1.3957103346512341  3.0633021636018032e-08
 142    0.075398748733821477  1.4686002824856519  4.3800730288734059e-08
 143    0.091796336688819494  1.4576302824473972  4.3822377220726461e-08
 144    -0.13059520117202414  1.4134002836989996  3.1964658433118286e-08
 145    -0.11963219345817803  1.4298002686239109  3.3362210446588479e-08
 146    0.10662970504981575  1.4446302667538016  4.364701782747075e-08
 147    0.11963170617965603  1.4298002686226539  4.3840791953860271e-08
 148    0.10264370570524463  1.4406403329493611  -0.038208271380178557
 149    0.11515980939014682  1.4263702610697295  -0.038208271737306052
 150    -0.11061619576115746  1.4486203197675713  0.038208349003863065
 151    -0.095228422247363512  1.462100272217782  0.038208350530642463
 152    -0.10663019307630964  1.444630266753802  3.4325126582598306e-08
 153    -0.091796802363571586  1.4576302824473977  3.579726190092561e-08
 154    0.13059470663432352  1.4134002836987443  4.3406358952671091e-08
 155    0.13931380832412471  1.3957103346528219  4.2844217750256524e-08
 156    -0.075399206957992973  1.4686002824856523  3.7209138736548177e-08
 157    -0.057705925784286918  1.477310312073854  3.8534448647143114e-08
 158    -0.039029525599655564  1.4836603545853755  3.9753191338184168e-08
 159    -0.019682634628590993  1.4875003254756123  4.0842191271338767e-08
 160    -0.037570521434705205  1.4782103449252408  -0.03820827512851406
 161    -0.018946752151410527  1.4819103640637969  -0.038208274079990848
 162    -0.15079819485158882  1.3380003838072787  2.705890857523167e-08
 163    -0.14950219635670273  1.3576802940687707  2.815849372867544e-08
 164    -0.037893575501920483  1.1945602052828015  -0.039958094361049447
 165    -0.044254871963453471  1.188680208215559  1.9116754158909053e-05
 166    -0.055548707450232965  1.2038902443252333  -0.038208288813315811
 167    -0.057705915382007422  1.1986902154306549  2.8172479861130963e-08
 168    0.034948421713641986  1.1759102535673953  -0.031405136120785965
 169    0.040583634089298916  1.1738502012614203  7.6360785039253338e-05
 170    0.036175566588318823  1.1594202551890196  -0.030441088529117699
 171    0.041552684797190355  1.1588902535459276  0.000123127495214144
 172    -0.020741732708619925  1.168730276106869  0.043279207489966907
 173    -0.020922862177406722  1.1568301885882677  0.043077847455023507
 174    -1.6135463226319452e-07  1.1678502753463742  0.044202358281548823
 175    -1.6027130010385973e-07  1.1563502552710021  0.044735100434620374
 176    -0.019842358372129758  1.1753802388958805  -0.043136940193023901
 177    -0.020630214011958501  1.158820136243905  -0.042852924798474842
 178    -0.0349488010883377  1.175910233892554  -0.031405138369758473
 179    -0.036175879051608524  1.1594202245167471  -0.030441090494748784
 180    0.039600032391481257  1.1416201244580511  -0.032720865493882353
 181    0.036745623402650078  1.1485101999245804  -0.030238147566431537
 182    0.045247331462251315  1.141560170749149  -2.7769082548643246e-05
 183    0.042021894584062351  1.1484901788486146  0.00011077517022074574
 184    -0.022617134086747516  1.1412201742538468  0.04613257600675448
 185    -1.6051061238023306e-07  1.1411101489927262  0.048144827198605689
 186    -0.021029853763003311  1.1478801747880043  0.043248909108504041
 187    -1.6027928092414342e-07  1.1476801456762604  0.045261703970508327
 188    -0.039600345023071214  1.1416200853709921  -0.032720870114957466
 189    -0.036746056118205687  1.1485101705164225  -0.030238150910917826
 190    -0.022630726108289367  1.1415701379977852  -0.046528340847516669
 191    -0.020992364346714362  1.1481401453091988  -0.04306048553221075
 192    0.033408878382333446  0.36911200866426425  0.057146327398792635
 193    0.031404489473619568  0.40540501148792318  0.049332818401458076
 194    0.043829969352092359  0.36889200513377784  0.01589455577788872
 195    0.042147568868024732  0.40498902727736946  0.0032312015712404087
 196    0.077278014455458122  0.30228602324387566  -0.0025921633766792284
 197    0.045401091549085525  0.3022230178486443  0.010212481159068006
 198    0.077199454116602784  0.33875801901568703  0.0048092774997824965
 199    0.044781141967556157  0.33871802019374148  0.017826120707222871
 200    0.078446735023851424  0.36941903285867916  0.10759906892948734
 201    0.077159817911580317  0.40597602615626449  0.10604408886651173
 202    0.045084346867314669  0.36933803027258422  0.097260119305478357
 203    0.043186776527172489  0.40582603085834185  0.09424438566820309
 204    0.12167090258193745  0.33858903817509683  0.052388387398629908
 205    0.12108390246131336  0.30220802570159405  0.044126608988388397
 206    0.11006490432179958  0.33872401649274486  0.016662180374868808
 207    0.10957590900196032  0.30230512677036026  0.0089486526260195969
 208    -0.078446866579697405  0.36941900977171993  0.10759903273323555
 209    -0.0450844773903568  0.36933800686911861  0.097260086055854233
 210    -0.077159949060841462  0.40597600432600262  0.10604403768244992
 211    -0.043186966082158884  0.40582600900971649  0.094244337501266623
 212    -0.12179600376445973  0.36912998472748326  0.052594208697086579
 213    -0.12182611310827945  0.353902007446315  0.054182845530698347
 214    -0.11138700786243259  0.36935100046135516  0.091573322712323157
 215    -0.11154210784655619  0.3538329873281405  0.091661723118809366
 216    0.12026990546701506  0.56128802503750819  0.0098115990291109435
 217    0.10796590909312058  0.56139900349604044  -0.053190284281812487
 218    0.12000980759574426  0.59400602577519768  0.0025367850686516574
 219    0.10760191339753822  0.59413303698326381  -0.064739938044743608
 220    0.030787404138541558  0.60635902486226723  0.07862323159338952
 221    0.033406430842781269  0.5938850285808579  0.078538839341938574
 222    0.069091492828444581  0.60634704831107589  0.098783142127536125
 223    0.070545606465548888  0.59384104392880943  0.098056031998834114
 224    -0.022801865916141612  0.56129200173403848  0.015443222638369551
 225    -0.034863279653897843  0.56140101400655451  -0.051783068184303567
 226    -0.020995783270850558  0.59401101575379556  0.0083529540506055329
 227    -0.033338164934336674  0.59413600040038406  -0.063286951187842305
 228    -0.069091669523850902  0.60634703772731602  0.098783096427868936
 229    -0.10739009690222223  0.60635603869019805  0.071393333392654912
 230    -0.070545793135691648  0.59384103167513869  0.098055980790296163
 231    -0.10766299807497691  0.5938810272148588  0.071267502660267656
 232    0.10882990484868443  0.48376503458596698  -0.025771362485694088
 233    0.12088289967094071  0.48395603959470312  0.027067559450649221
 234    0.10970590347891707  0.40500703556082807  0.0020364003586580272
 235    0.12150590000418725  0.40543001913355786  0.044572426349720792
 236    -0.031404615133699125  0.40540499234187705  0.049332764089900637
 237    -0.0421476901336909  0.40498901250174846  0.0032311379606679942
 238    -0.027070280085565616  0.48394400742499366  0.032267478641914552
 239    -0.038479197434978046  0.48375601254491868  -0.024469109154828771
 240    -0.073547351973728678  0.48369700365845336  -0.043382981802252599
 241    -0.075750762534921148  0.40485901223033244  -0.012139174511366415
 242    -0.1094831047860327  0.48414401409284469  0.081206529865430241
 243    -0.11078100629862879  0.40584591683903248  0.08829852488749268
 244    -0.074405786804233223  0.48420302243790653  0.10271803614641112
 245    0.10692080499465575  0.62271001019433514  0.073647329711141837
 246    0.10623990610514308  0.6404000055646355  0.076084307552983399
 247    0.065473672123385562  0.62271602495357692  0.10186406233902438
 248    0.061802505304220046  0.6404010118021165  0.1050119484745074
 249    0.010210102227342234  0.62271601085809036  0.0056906638439516068
 250    0.01801162978566705  0.60639000868376447  0.0065756874264428127
 251    0.024026096247432235  0.62272102639468385  0.080602922803598764
 252    0.024026108109878892  0.62270998419564239  -0.070612645391204251
 253    0.065473684995229903  0.62270802474831477  -0.096047075559607342
 254    0.0307704965123302  0.60641997982087725  -0.066917743501164403
 255    0.069069877390015716  0.60642898632357711  -0.091415421853307463
 256    -0.1069210855723913  0.62270802457127949  -0.072003778682822275
 257    -0.10624008624976305  0.64039897943493729  -0.074684074561537778
 258    -0.065473889949674624  0.62270802040298845  -0.096047100649054487
 259    -0.061802782344924014  0.64039897489766762  -0.099588571093402703
 260    -0.10533008652910886  0.65688902064727783  -0.075427345525592646
 261    -0.12037708920664172  0.65688902113263792  -7.8841613069261999e-06
 262    -0.10334608563599651  0.68760400897489105  -0.073696673169681093
 263    -0.11811007862222503  0.68762300575149615  0.00072660395827523752
 264    0.10532991736403327  0.65688903090634876  -0.075427312853286063
 265    0.060188488473909431  0.65688901801299682  -0.10056698059447795
 266    0.1033459184191987  0.68760402188941649  -0.0736966443829528
 267    0.059054809853942493  0.6875979904447489  -0.09850434228145355
 268    -0.081364586218452717  1.1097400947046279  0.056158884363030299
 269    -0.081490007806666348  1.0501100146543683  0.076304361888207897
 270    -0.043774044748074489  1.1029600963530315  0.075704074038524805
 271    -0.046606210691506646  1.046909975055897  0.084822651938068983
 272    -0.060188701497595143  0.65685498366490114  0.10594001996434084
 273    -0.10533008545865864  0.65687993841758763  0.076758802638128384
 274    -0.061802794464315247  0.64040100728548044  0.10501192605682243
 275    -0.10624009499384485  0.64039999636740175  0.076084263856353418
 276    -0.10199823263938161  1.1123100131558881  -0.028499973423526049
 277    -0.1328011378971847  1.0969301183559774  -0.028499968026451435
 278    -0.10201013275005782  1.1012301061996643  0.012451038119803512
 279    -0.13214113765839533  1.086200091444125  0.011605194366653405
 280    -0.12752024956445729  1.0111100379389943  -0.028499957665444726
 281    -0.12818024679760912  1.0218300502167503  -0.069446081055609191
 282    -0.10209507812656259  1.0236599678753793  -0.028499976369704531
 283    -0.10208317084429773  1.0347399944994264  -0.070297910572005351
 284    0.13015971119799596  1.0540203150177001  0.025534158292688236
 285    0.13214080593992159  1.0862003581789867  0.011605200754161445
 286    0.10204581975098762  1.0679799531344247  0.026665950425146343
 287    0.10200980887741122  1.1012303321420076  0.01245104053899003
 288    -0.13016023555854184  1.0540200123960444  -0.082534194227609492
 289    -0.13214113444764342  1.0862000855476268  -0.068605070639335936
 290    -0.10204608132908459  1.0679799459957411  -0.083666003363652541
 291    -0.10201012968564935  1.1012301039504533  -0.069451103716031443
 292    -0.3368852012049845  0.94932929741175154  0.036997026787253813
 293    -0.32480408383541154  0.92443428071242639  0.026492417326159489
 294    -0.31758709956134462  0.96019628558592196  0.025292693079266515
 295    -0.30472820115847399  0.93448319529850676  0.014117595482048512
 296    0.30020984371673121  0.92595324422305847  -0.020996893325365466
 297    0.32175296538547443  0.91545135610831829  -0.0065831763909922703
 298    0.30472797047407579  0.93448336270518895  0.014117685689967631
 299    0.32480386295348862  0.92443435537210805  0.026492512144681627
 300    0.27754183984765057  1.0246703849940455  -0.028499916563453281
 301    0.27370282644305194  1.0156103457868564  0.007630875283053274
 302    0.3105518275521309  1.0081902581867694  -0.028499898370016104
 303    0.30619384060804195  0.99941529346195612  0.0067153105923614459
 304    -0.25067013576125058  0.96127509300925762  0.0084480057823509477
 305    -0.28004522417300204  0.94675222324892983  0.0074901599445718241
 306    -0.24683113728519021  0.9522180955006766  -0.02849996038573966
 307    -0.27568723669810752  0.93797511908476583  -0.02849996097054508
 308    0.27370282134905771  1.0156103718806713  -0.06463082460127223
 309    0.3061938273202785  0.999415348564337  -0.063715224431111481
 310    0.26218583526081529  0.98844548998589665  -0.077219263577417957
 311    0.29311883593462434  0.9730843338722357  -0.075970242099212937
 312    -0.33437809346844055  0.99473417262026931  -0.021151186013885388
 313    -0.3550321974890055  0.98141619025464732  -0.0067881982994587257
 314    -0.33029910130491597  0.98598227020150364  0.013284199250803309
 315    -0.3497190944810239  0.97377519080576702  0.025660091878773213
 316    -0.26218614498218157  0.98844507179606289  -0.07721930722844543
 317    -0.25067014092819173  0.96127507095803799  -0.065447983420279451
 318    -0.29311912974828153  0.97308408027956084  -0.075970300863711995
 319    -0.28004523645031415  0.94675319508539824  -0.064490198001816601
 320    0.2621858381534492  0.98844546930671939  0.020219252409407862
 321    0.25066983454011077  0.96127546883579873  0.0084480582701521555
 322    0.29311884466692001  0.97308428805591218  0.018970321435748588
 323    0.28004495345206787  0.94675340451928791  0.0074902294796215761
 324    -0.20480414236955702  1.0609800893887396  -0.028499966873739919
 325    -0.20252913845787149  1.0511001334245127  -0.066629591449204509
 326    -0.12818025678064437  1.0218300558361706  0.012445984678302657
 327    -0.1888781435015007  0.99182506217139343  0.010464602969203292
 328    -0.18660314880779677  0.98194501160206327  -0.028499959972924274
 329    0.19570381998069328  1.0214603161259859  0.022896201972850194
 330    0.20252882026232266  1.0511003783406254  0.0096296319954557764
 331    -0.19570413836318062  1.0214600576880224  -0.079896219579652025
 332    -0.42352114416820125  0.86578716162720448  0.061902464348157979
 333    -0.40470006404765596  0.87496527278300773  0.049287794985347744
 334    -0.41559507764630615  0.87897327425216321  0.082636360374718318
 335    -0.39828017510995323  0.88764128796311903  0.071953600038518792
 336    -0.43986813682311504  0.89115226073400378  0.11204700168775868
 337    -0.43360711373733912  0.86929916485536818  0.10356190040970711
 338    -0.43514504959470868  0.89388526609883268  0.10262390588365518
 339    -0.42829805455893027  0.87230116735458829  0.095151063677798658
 340    0.43773281913375534  0.85836633708858179  0.071840166162989577
 341    0.44481389150588385  0.85436734338020803  0.077112720843975802
 342    0.42829783449871883  0.87230130667696792  0.095151134673083407
 343    0.43360689085427889  0.86929932051445125  0.10356196318507559
 344    0.39827995892744278  0.88764133836786974  0.071953687257803586
 345    0.41559486056853295  0.87897333208831008  0.082636443002356313
 346    0.40652885541015482  0.91006132620529745  0.079245661773928125
 347    0.42311485116809144  0.90071817612426075  0.089305667524421872
 348    -0.43354316469522292  0.8945542765253599  0.019448986670498738
 349    -0.4187870465994295  0.87596125608657682  0.026651788693494983
 350    -0.45387006490875414  0.88305515907862364  0.034604365309113226
 351    -0.43893203343671128  0.86565125130807397  0.041194725643093399
 352    0.47916189838505285  0.86854931288788095  0.042226539736422
 353    0.46337088993039688  0.85217728852903007  0.050675134552582921
 354    0.46977880389440718  0.87396230847198553  0.04108804350572523
 355    0.45453288148243753  0.85721018513011027  0.048536946138867595
 356    -0.46719115160201058  0.9094801604148236  0.071871981317312386
 357    -0.47421602201885577  0.90533416784601728  0.077160578108226893
 358    -0.45065203260137138  0.9104871890405879  0.094712972776768864
 359    -0.45595203440875842  0.90735525089776492  0.10307599283879464
 360    0.45346395213861085  0.9179861813682213  0.062007512451388413
 361    0.43537186932801647  0.92964932064328742  0.049406801879655196
 362    0.43832294696108215  0.91804733228387292  0.082299567417727607
 363    0.42153095879822194  0.92860433038232748  0.071588672745675722
 364    0.44536079238535881  0.88797429260194727  0.12300804982629482
 365    0.46210490121901571  0.90371933560756745  0.11278504938868193
 366    0.43986791303750783  0.89115229073569902  0.11204706487473004
 367    0.45595181124689338  0.90735533598747364  0.10307606053627941
 368    0.49008289204519812  0.86224934049281399  0.043551363850966189
 369    0.4736787626001781  0.84630831742791501  0.053168811222755887
 370    -0.49008311274609972  0.86224921787192177  0.043551294831153067
 371    -0.49530600515326823  0.88462010257262647  0.053797987307233411
 372    -0.47916211854357466  0.86854913840098502  0.042226468745957223
 373    -0.48512902840087685  0.89057115911653706  0.051233031330546769
 374    -0.44536101906259479  0.88797424785255485  0.12300799490802389
 375    -0.43979701259768689  0.8657981541255626  0.11336599686573406
 376    0.38714986123394685  0.92080431920948691  -0.015140197193035733
 377    0.43354295149593702  0.89455434651569021  0.019449083846744448
 378    0.37334485552398977  0.89923536464237963  -0.0062129191951158843
 379    0.4187868318802731  0.87596133357996842  0.026651878812196245
 380    0.3956288671254764  0.9552573430049065  0.021603021181021292
 381    0.39720796915698769  0.94453221331897474  -0.0056835634095798448
 382    0.35503196881255938  0.98141635124691406  -0.0067880924362824198
 383    0.35202496968379321  0.97256639309798665  -0.03918548655821498
 384    -0.38606319851084636  0.95091520053919099  0.048901793402940659
 385    -0.42153117306136373  0.92860428984145194  0.07158857607820765
 386    -0.37215907398134046  0.92944119433548888  0.058395327507251515
 387    -0.40652907128585264  0.91006128209556569  0.079245571344332272
 388    -0.39720819449318961  0.94453217259116129  -0.0056836663955910811
 389    -0.44154506391131182  0.91702428316692597  0.027195266672580633
 390    -0.39562908849354783  0.95525720802198755  0.021602917414517007
 391    -0.43537208335319305  0.92964921100574571  0.049406701495159348
 392    -0.058205415484576258  1.1323801395827402  0.045380347966447868
 393    -0.066517352295992913  1.1331300659756511  -0.0024445786270088231
 394    -0.068342683656207839  1.1266701051447381  0.04868208082619066
 395    -0.078124590113738471  1.1281000103241361  -0.0078429753087832198
 396    0.066517003236499408  1.1331301551889716  -0.0024445768194021615
 397    0.078124229835446243  1.1281001299144247  -0.0078429740126384883
 398    0.058199595340093599  1.1336701607678015  -0.050755815165773481
 399    0.068375123138585306  1.1293301267990921  -0.064789493501402257
 400    0.033260602083904738  1.1315001530945861  0.063137476301107318
 401    0.039048926064166219  1.1257901846394809  0.06941228950459595
 402    0.05820501700492095  1.13238022068505  0.045380349837590629
 403    0.068342272890715136  1.1266702174643881  0.048682082061044976
 404    -1.6052998776309715e-07  1.1310301214881049  0.064498969198582029
 405    -0.033260919561777548  1.1315001531555029  0.063137473432837807
 406    -1.6271037601807181e-07  1.1254800920896038  0.070828670940181651
 407    -0.039049181771199211  1.1257901331563709  0.069412284273622712
 408    0.039075030076204026  1.1296100138485952  -0.086784212187192539
 409    -1.6154542752999463e-07  1.1295200183237739  -0.089043523842945171
 410    0.033256190728329728  1.1338801159805076  -0.069971284301360279
 411    -1.6184440518212592e-07  1.133900033190508  -0.0723051093502982
 412    -0.039075409991040685  1.1296100132742142  -0.086784215776112575
 413    -0.068375469497649  1.1293299982693958  -0.064789492323863204
 414    -0.033256569136114147  1.1338801151452136  -0.069971287469344251
 415    -0.058199920423392414  1.1336700628298417  -0.050755827422424071
 416    -0.078858743124309738  0.35381901016681028  0.10710503573067423
 417    -0.078987840406200618  0.33846100545872415  0.10428802972936953
 418    -0.045728629547306616  0.35384699438228839  0.097199705450257023
 419    -0.046040839788154077  0.33853297800571752  0.094511244432693403
 420    -0.11148811430041813  0.33846398501609098  0.089194677844184181
 421    -0.1216710083375034  0.33858900393974667  0.052388394071421374
 422    0.11981990473456398  0.22377599651909821  0.026313746614503839
 423    0.10852190510879274  0.22385600547011514  -0.0076671740549453631
 424    0.078960120168964781  0.30210800395591803  0.094790114485376595
 425    0.078901821137826969  0.22351899105293185  0.074256456974371485
 426    0.11110990516451247  0.30210600880337751  0.080290856045092243
 427    0.11029490257209347  0.22362099106021788  0.061068751753093516
 428    0.047145003347536428  0.22347099620773683  0.064246628597190186
 429    0.036529771086016016  0.22347590173694695  0.029409144449884597
 430    0.047889053747499598  0.14594387092888664  0.043853046267989151
 431    0.037884653261832768  0.14594387457893937  0.011024825926431716
 432    0.046737253663931208  0.2235559992376637  -0.0062021929249661874
 433    0.077447657204104278  0.22373299769626073  -0.018533443214482651
 434    0.04805278509131803  0.14609298041333157  -0.022366232977108307
 435    0.077614781747938316  0.14639298778455331  -0.03422845560837328
 436    -0.048611414909604897  0.11320996479795715  -0.029227831354514618
 437    -0.048052854548846897  0.14609296386466036  -0.022366143543900267
 438    -0.038459725309005918  0.11303196517441617  0.0032207615948910808
 439    -0.037884722014984905  0.14594386451507155  0.011024914276460813
 440    -0.048312495151025391  0.1018329692585726  0.032952335423326568
 441    -0.04820484097468905  0.11303397043045524  0.035195852929426785
 442    -0.078845924887638169  0.10203397261028697  0.043349833560797135
 443    -0.078820532603913418  0.11322487053728311  0.045438263151392287
 444    -0.10915200971654383  0.11350096638249051  0.034098231258203889
 445    -0.11804601500931423  0.11375596797308173  0.0013265234244729987
 446    -0.10910091440001266  0.10232286835625785  0.032004441045680336
 447    -0.11795001541119979  0.10258596800251631  -0.0010394220329859533
 448    -0.077685721804817989  0.11356186172462754  -0.040890853532352195
 449    -0.10704401234112962  0.11382996416682799  -0.03097168522430466
 450    -0.077614790862076205  0.1463929678537059  -0.034228366226205953
 451    -0.10748401261955814  0.14661796104080693  -0.024026856548737895
 452    -0.053420796073436687  0.061518476613420824  0.079298317176481933
 453    -0.083246189119351902  0.067326824145196626  0.079070446754947371
 454    -0.05945999778586683  0.05166303501606917  0.12341809036630408
 455    -0.088313119887914293  0.056047483133031692  0.12329208439915783
 456    0.088313107646033673  0.056047459105820603  0.1232920022964567
 457    0.093049463911902455  0.043123250185188977  0.16424802305228856
 458    0.11727400458012271  0.051994524994001999  0.12314400439182757
 459    0.11292490767951169  0.043230661347955841  0.15356402388352583
 460    -0.08716242671541119  1.3907303563749152  0.13100008753101758
 461    -0.069312929223516478  1.3899903048682862  0.1310000882585278
 462    -0.085548631138626652  1.4070702598000968  0.13100008853329917
 463    -0.068871020572329231  1.4068703457599858  0.13100008924130391
 464    -0.090099087222289528  1.3380003751601934  0.13100008439503177
 465    -0.08971667084924706  1.3200802330485752  0.13100008344809133
 466    -0.07069086865294337  1.3380003751603573  0.13100008524766865
 467    -0.070485470614966544  1.3205003267196105  0.13100008432709762
 468    -0.069068956109451948  1.252450279455531  0.13100008084357748
 469    -0.068871077089126168  1.2691302863963991  0.13100008166638716
 470    -0.084286268051714644  1.253710202707494  0.13100008016125028
 471    -0.085548568547281406  1.2689302531145732  0.13100008088033616
 472    -0.051870818312127344  1.3898702610783005  0.13100008900198309
 473    -0.034613008687155306  1.3900702943337264  0.131000089758851
 474    -0.051985848013215576  1.4073103473948643  0.1310000899948249
 475    -0.034869610598049508  1.4079903174071913  0.13100009077409194
 476    -0.052362377058725318  1.3380003751602563  0.13100008604620134
 477    -0.052265757483977257  1.3206803328047743  0.13100008514141179
 478    -0.034699077024972214  1.3380003751601679  0.13100008681598657
 479    -0.034661406430939394  1.3207202679304024  0.13100008591919618
 480    -0.035585155953017145  1.2493002925050982  0.13100008232408461
 481    -0.034869543901722283  1.2680103148639437  0.13100008318443543
 482    -0.052734843071369886  1.2508402384361923  0.1310000815644064
 483    -0.051985796357581056  1.2686902848165831  0.13100008242920486
 484    -2.23363627091182e-07  1.4086903145890159  0.13100009232476476
 485    -0.017498609887929038  1.4084902813327884  0.1310000915564502
 486    -2.2521816185403897e-07  1.3903603306331913  0.13100009127549067
 487    -0.017316279087640454  1.3902703275882449  0.13100009052056916
 488    -2.0983386147311337e-07  1.3207102543463034  0.13100008743022007
 489    -2.1638236586848055e-07  1.3380003751597132  0.13100008832088084
 490    -0.017276037267319778  1.32072026793007  0.13100008667729324
 491    -0.017286828035428498  1.3380003751599405  0.13100008757117956
 492    -2.0325427820121498e-07  1.2479002983227612  0.13100008389493067
 493    -2.074773418673428e-07  1.2673103177413811  0.13100008470876684
 494    -0.017921194528255645  1.2482802183748607  0.13100008307933589
 495    -0.017498606453586599  1.2675102317609972  0.13100008393279772
 496    0.017498130631034017  1.4084902813331117  0.13100009308537017
 497    0.017315859820268946  1.3902703275882446  0.13100009203438884
 498    0.034869131363977478  1.4079903174078339  0.13100009382079947
 499    0.034612470230723717  1.3900702943336101  0.13100009278518951
 500    0.017275631656782749  1.3207202679313446  0.13100008819465631
 501    0.034660870452877864  1.3207202679328964  0.13100008896318546
 502    0.017286412170735774  1.338000375159953  0.13100008908275362
 503    0.034698663042116697  1.338000375160193  0.1310000898501176
 504    0.01792085532724761  1.2482802183696946  0.13100008464131283
 505    0.035584686058219489  1.249300292494645  0.13100008542528616
 506    0.017498193672614754  1.2675102317615581  0.13100008546327549
 507    0.03486919434020145  1.2680103148650592  0.13100008623425438
 508    0.05187027988889284  1.3898702610770262  0.13100009354099598
 509    0.069312454163932835  1.3899903048659632  0.13100009432593848
 510    0.051985439597524642  1.4073103473940685  0.13100009454164149
 511    0.068870656898506022  1.4068703457576164  0.13100009526843329
 512    0.07069045469394826  1.3380003751605845  0.13100009143356686
 513    0.052361963087281305  1.3380003751603824  0.13100009062713952
 514    0.070485050072664743  1.3205003267209534  0.13100009049647918
 515    0.052265281086181385  1.3206803328066614  0.1310000897210471
 516    0.052734495519828957  1.2508402384341357  0.13100008617265585
 517    0.069068615417687204  1.252450279461367  0.13100008688749296
 518    0.051985442826460102  1.2686902848182411  0.1310000869761026
 519    0.068870540774470787  1.2691302863982308  0.13100008768968233
 520    0.10497180463015163  1.3924202678037434  0.13100009605357321
 521    0.10151270105350353  1.4086003115172872  0.13100009683109343
 522    0.087161951666720347  1.3907303563724376  0.1310000951592965
 523    0.085548163180535486  1.4070702597964524  0.13100009602176499
 524    0.11027680500119427  1.3380003751602305  0.13100009315473171
 525    0.090098673249289399  1.3380003751604077  0.13100009227732229
 526    0.10963380540377639  1.3193603279198369  0.13100009210547808
 527    0.089716250270635942  1.3200802330494865  0.13100009129625648
 528    0.084285852347369628  1.2537102027205536  0.13100008754286657
 529    0.097883407561605518  1.2531602899954011  0.13100008799195098
 530    0.085548166165679826  1.268930253118246  0.13100008836404012
 531    0.10151270393801921  1.2674003205928575  0.13100008891054563
 532    -0.067986647534080333  1.2968703131011226  -0.13100002678785339
 533    -0.054064079142118707  1.2974502664659227  -0.13100002617464748
 534    -0.066727976133649905  1.2841302931133183  -0.13100002736246485
 535    -0.053719448692015663  1.2842802584330615  -0.1310000268121764
 536    -0.070277254332091088  1.3380003920948902  -0.13100002475890291
 537    -0.069979119417455465  1.3519803083904947  -0.1310000239711086
 538    -0.055138989605290588  1.3380003920824559  -0.13100002413238729
 539    -0.054978589846266482  1.3516503369602786  -0.13100002336757238
 540    -0.05387381823619368  1.4047303167528564  -0.13100002087831894
 541    -0.05371950926145079  1.3917202874756651  -0.13100002169595523
 542    -0.065743367987475418  1.4037402832795105  -0.13100002145988726
 543    -0.066727977114520096  1.3918703720202699  -0.13100002225506363
 544    -0.040459259368009717  1.2975402695081453  -0.13100002557499857
 545    -0.026998148255618058  1.2973903041725821  -0.13100002499825963
 546    -0.040548967957641784  1.2839402734354437  -0.13100002624791332
 547    -0.027198296794695171  1.283410268768594  -0.13100002568918795
 548    -0.040842696355960273  1.3380003920762387  -0.13100002352507584
 549    -0.040767356150320941  1.3515102659939759  -0.1310000227733284
 550    -0.027065378886044142  1.3380003920700214  -0.13100002294044952
 551    -0.027035997586816938  1.3514703308633951  -0.13100002219359552
 552    -0.027756498995027561  1.4071803068725679  -0.13100001958145024
 553    -0.02719829777141573  1.3925902771551928  -0.13100002048154871
 554    -0.041133209931454674  1.4059903593552965  -0.13100002024156626
 555    -0.040548968928656594  1.3920602724805997  -0.13100002109870917
 556    -1.9223399150575519e-07  1.2828602369394957  -0.13100002451742651
 557    -0.013648788262068145  1.2830203350621254  -0.13100002511257336
 558    -1.9871196920138902e-07  1.2971602301743803  -0.13100002382301046
 559    -0.013506757979530859  1.297230325257033  -0.13100002441344372
 560    -2.056256202479358e-07  1.3514803444438481  -0.13100002102112579
 561    -2.0615827045929426e-07  1.3380003920665677  -0.13100002176717016
 562    -0.013475338337303312  1.3514803444454084  -0.13100002160516847
 563    -0.013483807719440098  1.3380003920682944  -0.13100002235166863
 564    -2.2255459955718486e-07  1.4082803705561362  -0.1310000182984786
 565    -2.1973260802784005e-07  1.3931403089969772  -0.1310000192578295
 566    -0.013978589194617285  1.4079803206762553  -0.13100001892850544
 567    -0.013648848849139228  1.3929803300781054  -0.13100001986456744
 568    0.013648462675837959  1.2830203350727198  -0.13100002389939761
 569    0.013506362271787718  1.2972303252655137  -0.13100002321506854
 570    0.027197842685949686  1.2834102687897397  -0.1310000232714853
 571    0.026997751620701976  1.2973903041899746  -0.13100002260190163
 572    0.013474952095014345  1.3514803444488406  -0.13100002041618955
 573    0.027035542437550242  1.35147033087026  -0.13100001980816506
 574    0.013483292153508089  1.3380003920717483  -0.13100002116312104
 575    0.027064922003808417  1.3380003920769292  -0.13100002055478241
 576    0.01397813124696254  1.4079803206762551  -0.13100001770647771
 577    0.027756041047372813  1.4071803068725677  -0.13100001715491874
 578    0.013648461682000153  1.3929803300781052  -0.13100001867136346
 579    0.027197780219116206  1.3925902771551926  -0.13100001810381934
 580    0.040458803142453884  1.2975402695357725  -0.13100002198052096
 581    0.054063622930567892  1.297450266504709  -0.13100002136764879
 582    0.040548571593489457  1.2839402734694723  -0.1310000226384796
 583    0.053719052330456853  1.2842802584809041  -0.13100002202493508
 584    0.055138473169761844  1.3380003920986898  -0.13100001926604907
 585    0.04084224322495008  1.3380003920879822  -0.131000019921268
 586    0.054978263266198493  1.3516503369727422  -0.13100001852139925
 587    0.040766962491685883  1.351510266003646  -0.13100001917850571
 588    0.041132692379155157  1.4059903593552963  -0.13100001664560754
 589    0.053873371464409833  1.4047303167528562  -0.13100001616853715
 590    0.040548570585646627  1.3920602724805995  -0.13100001755382121
 591    0.053719051313796048  1.3917202874756649  -0.13100001699966407
 592    0.0818781900767062  1.2955503082844178  -0.13100002017474663
 593    0.079179768726036021  1.2829303321057546  -0.13100002089832719
 594    0.067986254699666709  1.2968703131485317  -0.13100002074618097
 595    0.06672758354302738  1.284130293173648  -0.13100002141435754
 596    0.086015944187636459  1.3380003921304666  -0.13100001782639739
 597    0.070276860873675961  1.338000392114578  -0.13100001855935184
 598    0.085514192211148962  1.3525403538411531  -0.13100001705243211
 599    0.069978658762727353  1.351980308405101  -0.13100001780656728
 600    0.06574297336975575  1.4037402832795103  -0.13100001571243364
 601    0.076348971707024579  1.4041702713274764  -0.13100001522158422
 602    0.066727582841738908  1.3918703721612491  -0.1310000157258224
 603    0.079179768009705123  1.3930703332657839  -0.13100001507618261
 604    0.095076753453275709  1.0686199821959272  -0.086068546107426563
 605    0.095831644743243738  1.0322403588580589  -0.071276301593475949
 606    0.092968302255411805  1.0612099311889811  -0.092518409403246404
 607    0.094672808393504074  1.0160502662196393  -0.073637295738201672
 608    0.094319285698978975  1.1049202841074577  -0.0708654180114031
 609    0.091253998254971838  1.1060101991094244  -0.074545589471916959
 610    0.09406019004816385  1.116770284034905  -0.026799631622688211
 611    0.09065640060747765  1.1199501753907974  -0.021698912296424257
 612    -0.091254365255490369  1.1060100252180409  -0.074545588303519303
 613    -0.081454583648805146  1.1136000793647787  -0.084401218358115995
 614    -0.092968618118764321  1.0612099305639766  -0.092518417614872867
 615    -0.08154889437370734  1.052559984090415  -0.099405728125323431
 616    -0.094673115099391802  1.0160500055266217  -0.07363730375098794
 617    -0.089263691376926718  0.97779502833975773  -0.083990986068944534
 618    -0.095241323888571164  1.0010299719716658  -0.015922415348806607
 619    -0.097936881075342125  0.96202099138421493  -0.0053326941274142118
 620    0.099443876892595359  0.74797400656304824  -0.068954395419504072
 621    0.09458269318094828  0.82323604587507737  -0.066023162884032469
 622    0.11364992724275652  0.74804701861546796  0.0029458520445587934
 623    0.10809482726356723  0.82335507168180389  0.004010573576513978
 624    -0.11365008195322786  0.74804698416882565  0.0029458397448422547
 625    -0.09944407625308159  0.74811099691261385  0.075989662997606081
 626    -0.10809507522067137  0.82335500852183574  0.0040105625206345698
 627    -0.094582881346227318  0.82347201166597972  0.074922269661245322
 628    0.056825064668185883  0.74794901287480975  -0.092921187788224294
 629    -9.3846378044603048e-08  0.74794899554754735  -0.092921190120324737
 630    0.05404712752827312  0.82319602205052289  -0.089367674654450474
 631    -1.0446179783416647e-07  0.82319599439886149  -0.089367676242072661
 632    -0.099444073388848905  0.74797397142412714  -0.068954406152642048
 633    -0.094582893408022853  0.8232359909585546  -0.066023173051357353
 634    -0.056825252587273369  0.7479489931505956  -0.09292119352247788
 635    -0.054047373035742731  0.82319599035621571  -0.089367679989825227
 636    0.099443873953514422  0.74811103058164119  0.07598967434970165
 637    0.094582692275897121  0.82347207127079214  0.074922279312523515
 638    0.056825059472159475  0.74810397974421117  0.10338691966329214
 639    0.054047124402872466  0.82350399442583588  0.10090102429962026
 640    -0.056825257726309253  0.74810396110477817  0.10338691379585885
 641    -9.9121312954414171e-08  0.74808298330717582  0.10567401482944556
 642    -0.054047375995966561  0.82350396544589866  0.10090101893082633
 643    -1.0631986538258819e-07  0.82349900661758513  0.10265701993610392
 644    -0.14597019454457033  1.4222802977544737  0.12260006856550992
 645    -0.13371619495275194  1.4406002681375643  0.12260007018686363
 646    -0.14544319967844727  1.4219703541391158  0.11294207151272258
 647    -0.13323320321615303  1.4402303622293819  0.11294207312137107
 648    0.033162299675145147  1.4585203075949436  -0.13100001366544095
 649    0.048905849588313108  1.4530903226809273  -0.13100001332133954
 650    0.032038461548485754  1.4499203082169645  -0.13100001425950503
 651    0.047161050272383695  1.4449802736431592  -0.13100001391150096
 652    -0.14597019159729141  1.2537202165125934  0.12260005894790596
 653    -0.15571619240029991  1.2735002621919946  0.12260005962859258
 654    -0.14544319668189143  1.2540302806827672  0.11294206210845259
 655    -0.1551541946748915  1.2737302176714562  0.11294206274670114
 656    0.098361373317775683  1.464740275828275  0.13100010002759652
 657    0.093814552228903308  1.4569103687162783  0.13100009934922913
 658    0.11341070428627875  1.4514102887056184  0.13100009989537728
 659    0.10730060237137277  1.4453003337876538  0.13100009925319567
 660    -1.8395033343654558e-07  1.2130702072776982  -0.1310000274708413
 661    -0.016749066702914494  1.2141902981139407  -0.13100002828473156
 662    -1.8504510387260093e-07  1.2220402323162258  -0.13100002717300624
 663    -0.016198856450257752  1.2230703229401807  -0.13100002747598027
 664    -0.033162755478110519  1.2174802371220868  -0.13100002893641469
 665    -0.048906305599125281  1.2229102246918677  -0.13100002907710701
 666    -0.03203878716583821  1.2260802391364789  -0.13100002811053177
 667    -0.047161387220699687  1.2310202734819207  -0.13100002868672916
 668    0.11918380722455954  1.2188202570309392  0.12260006884143256
 669    0.10260380853066894  1.2042802938766253  0.1226000663325216
 670    0.11875380496471701  1.2192502458984715  0.11294207211218917
 671    0.10223381336582159  1.2047702450036382  0.11294206970319919
 672    0.12381481079856364  1.3547502564015546  -0.13100001512340526
 673    0.11493081299022355  1.3542003437645673  -0.13100001556735669
 674    0.12051581282876203  1.3711602548443687  -0.13100001438217249
 675    0.11191481042530972  1.3700402832014016  -0.1310000148467923
 676    -2.4522582114327415e-07  1.506550326032289  0.1226000796120726
 677    0.021999290435174523  1.5051003829695189  0.12260008048182762
 678    -2.4470463548054905e-07  1.5059403325102396  0.11294208250367371
 679    0.021919901195788426  1.5045002838217365  0.11294208337058546
 680    -0.15873719624001437  1.3594703327000126  0.13100008260997417
 681    -0.1473471956421932  1.3587703355265059  0.13100008307206709
 682    -0.15450820225736833  1.3805203158345802  0.13100008400442612
 683    -0.14348110454237437  1.379080267151795  0.13100008440064018
 684    -0.11918420269568461  1.4571802591869487  0.12260007178417405
 685    -0.10260420225373777  1.4717203402051962  0.12260007337110483
 686    -0.11875419948880972  1.4567502717764254  0.1129420747056424
 687    -0.10223419857292862  1.4712302712931724  0.11294207628118268
 688    0.16855180452708832  1.3380003757243542  0.1226000774253672
 689    0.16710379949227075  1.3160004135914074  0.1226000761281352
 690    0.16794280937167322  1.3380003763743986  0.11294208039104318
 691    0.16649970682563159  1.3160802844992963  0.11294207912368467
 692    -1.8231457078757471e-07  1.2038702261881291  -0.11294201187693742
 693    -1.8247236104978921e-07  1.2052902483788213  -0.12260000910188153
 694    0.017507263122872666  1.2050202384980118  -0.11294201127337176
 695    0.017321233414278978  1.2064302471202777  -0.12260000846572117
 696    0.13818180628106946  1.4194903220736634  0.13100009909425206
 697    0.12674370463999163  1.4363603493920327  0.13100009959980177
 698    0.12880669602596295  1.416270358908875  0.1310000984851277
 699    0.11891070066086225  1.4318103677485323  0.13100009897738354
 700    0.084275672684405362  1.192030225359461  0.12260006487595425
 701    0.064499382270326033  1.1822802144454059  0.12260006325679702
 702    0.083971391761614556  1.1925602309053298  0.11294206835803568
 703    0.064266515242457287  1.1828502742588174  0.11294206677978326
 704    -0.084276131690979472  1.4839702908281494  0.12260007488170314
 705    -0.064499847368737664  1.4937203028411608  0.12260007597972863
 706    -0.083971789977489719  1.4834402867908671  0.11294207778156247
 707    -0.064266919445371606  1.4931503636534937  0.11294207888404939
 708    -1.7939345891937493e-07  1.1778302500626479  0.13100007813497686
 709    0.021472702895997047  1.1792602847338827  0.13100007912858849
 710    -1.8257324855404224e-07  1.1893402678846405  0.13100007938094402
 711    0.020767402310496227  1.1906502586434375  0.13100008024138129
 712    0.063564133030571943  1.4457802874468466  -0.13100001314380613
 713    0.076721850914158826  1.436860330231124  -0.13100001313387738
 714    0.061046552044548993  1.4384703714220943  -0.13100001371704648
 715    0.073175382000603681  1.4307503753072386  -0.13100001367605624
 716    -0.13413519036699503  1.3380003910024132  -0.11294201202830581
 717    -0.1327101919164615  1.3380003916199597  -0.12260000903464838
 718    -0.13298209368895469  1.3204903289261236  -0.11294201290381393
 719    -0.13157019336637238  1.3206803492088048  -0.12260000990510056
 720    -0.16280920536396082  1.2943802524525976  0.1226000604411685
 721    -0.16710419725762579  1.3160004135878303  0.1226000615046291
 722    -0.16222120512990512  1.2945302184535896  0.11294206351504896
 723    -0.16650019318319106  1.3160802844948949  0.11294206455084387
 724    -0.04890630753596785  1.4530903226809275  -0.13100001759684701
 725    -0.047161437439522766  1.4449802736431594  -0.13100001803447006
 726    -0.063564579802355789  1.4457802874468468  -0.13100001870078165
 727    -0.061046939211688064  1.4384703714220946  -0.13100001905392536
 728    0.14596980910345259  1.4222802977492817  0.12260008133940976
 729    0.15571580945259464  1.4025002515228882  0.1226000806227905
 730    0.14544269582672287  1.4219703541342885  0.1129420842412045
 731    0.15515379765686763  1.4022702973691792  0.11294208353796427
 732    -1.7593242728579374e-07  1.1694501928825747  0.12260005933984203
 733    -0.021999756843094468  1.1709002548646832  0.12260005850592441
 734    -1.7493320407589722e-07  1.1700601877697048  0.11294206295507124
 735    -0.021920364295979645  1.1715002361637676  0.11294206209995451
 736    0.04890591496349999  1.2229102248236234  -0.1310000246277967
 737    0.047161115487809595  1.2310202735942204  -0.13100002440885347
 738    0.063564194538862195  1.2302202598191654  -0.13100002371680805
 739    0.061046613416419968  1.2375302948305331  -0.13100002355316848
 740    0.098859969658055324  1.4147202969013604  -0.13100001356909366
 741    0.092750553173222547  1.4111803758910044  -0.13100001406045222
 742    0.088460032028355604  1.426460269992516  -0.13100001327978544
 743    0.083694283050694471  1.4216903471305067  -0.13100001379034953
 744    0.12493071414766059  1.3380003921784778  -0.13100001598946936
 745    0.12381481100397063  1.321250289569059  -0.13100001691655228
 746    0.11595771170143483  1.3380003921701877  -0.13100001640515818
 747    0.11493081318992478  1.3218003213967782  -0.13100001729861996
 748    -0.076722305136523269  1.4368603302311245  -0.1310000198411381
 749    -0.073175769167742752  1.430750375307239  -0.13100002007327169
 750    -0.088460486250720047  1.4264602699925164  -0.13100002101323108
 751    -0.083694677668414139  1.4216903471305071  -0.13100002110715733
 752    -0.12956418485430346  1.3727203461516595  -0.11294200992660493
 753    -0.12818819631256237  1.3723503210176042  -0.12260000694910272
 754    -0.13298209390473575  1.3555103339041816  -0.11294201101273221
 755    -0.13157019356970454  1.3553203148546664  -0.12260000802723156
 756    0.1628087027546557  1.3816202608619237  0.12260007970015636
 757    0.16710379882262325  1.3600003379337633  0.12260007865191898
 758    0.16222070333484401  1.3814702961692731  0.11294208262960605
 759    0.16649970614872223  1.3599203491207923  0.11294208159865735
 760    -2.2703459992786172e-07  1.4629303374941558  -0.13100001483557996
 761    0.016748611015477172  1.4618103658527246  -0.13100001417443169
 762    -2.2617060838288687e-07  1.4539603123604554  -0.13100001540396619
 763    0.016198462006845465  1.4529303437620555  -0.13100001476116269
 764    0.076721912237271581  1.2391402167431114  -0.13100002283910572
 765    0.073175383613255943  1.245250290708878  -0.13100002275668404
 766    0.088460093166809556  1.2495402766954442  -0.13100002193133339
 767    0.083694284509291506  1.2543103186517179  -0.13100002194584628
 768    -0.043624507032185796  1.1751902404984684  0.1226000579505218
 769    -0.064499776442169476  1.1822802144631892  0.12260005762443861
 770    -0.043467026888309543  1.1757802082015318  0.11294206152592
 771    -0.064266848068591967  1.1828502742762019  0.11294206116872979
 772    -0.11508608870779227  1.2890902356212934  -0.13100002915098191
 773    -0.10697619135498976  1.2908402285358795  -0.13100002872086547
 774    -0.10778218756296008  1.2744402438044338  -0.13100002957361762
 775    -0.10047018779263037  1.2769503153861161  -0.13100002913584743
 776    -0.10778218831819382  1.4015603024169241  -0.13100002271476746
 777    -0.098860431331000365  1.414720296901361  -0.13100002221173154
 778    -0.10047018852244759  1.3990503500084233  -0.13100002256058516
 779    -0.09275100739558699  1.4111803758910051  -0.13100002216898732
 780    -2.2932194961499494e-07  1.472130316278321  -0.11294199890406977
 781    -2.2866877353367501e-07  1.4707102953689886  -0.12259999606379608
 782    -0.017507719533819098  1.4709803038861033  -0.1129419997422175
 783    -0.01732168929002038  1.4695702965603665  -0.12259999689317769
 784    0.10778181016034234  1.2744402438984574  -0.13100001998326652
 785    0.098859971027435184  1.2612802495309117  -0.13100002096780278
 786    0.10046981032932421  1.2769503154735147  -0.1310000201940382
 787    0.092750554488657141  1.2648202896726832  -0.13100002109068914
 788    -0.084276070306607595  1.1920302253808437  0.12260005751743723
 789    -0.10260419498516646  1.2042802938841519  0.1226000573660873
 790    -0.083971780345286962  1.1925602309354368  0.11294206103184712
 791    -0.102234191028841  1.2047702450153068  0.11294206077156578
 792    -0.098860370469534609  1.2612802494147322  -0.13100002980146622
 793    -0.092750946579767221  1.2648202895668319  -0.13100002937706856
 794    -0.088460484845549581  1.2495402765554573  -0.13100002987940151
 795    -0.083694676327044318  1.2543103185268187  -0.13100002945960434
 796    0.16280880840259776  1.2943802524594255  0.12260007468969715
 797    0.15571581160573697  1.2735002622029752  0.12260007325779425
 798    0.16222080899730981  1.2945302184616088  0.11294207771470041
 799    0.15515379984320707  1.2737302176839178  0.11294207632939139
 800    0.11508571041248411  1.3869103104699134  -0.13100001373812648
 801    0.10697571617412378  1.3851603175284313  -0.13100001421681776
 802    0.10778171246975517  1.4015603024238794  -0.13100001325300098
 803    0.10046971266985931  1.3990503500156088  -0.13100001373817227
 804    -0.12051619155718846  1.371160254829362  -0.13100002497615468
 805    -0.11508608927214277  1.3869103104591485  -0.13100002384917506
 806    -0.11191518916929727  1.3700402831867691  -0.13100002468673252
 807    -0.10697619190170429  1.3851603175179157  -0.13100002361669
 808    -0.16280920669236301  1.3816202608644661  0.12260006545478344
 809    -0.15571619453736241  1.4025002515268454  0.1226000669971396
 810    -0.16222120647179364  1.3814702961715803  0.11294206843406819
 811    -0.15515419684359499  1.4022702973728876  0.11294206996030499
 812    0.12051581324009469  1.3048402911911718  -0.13100001792521249
 813    0.11508581534253916  1.2890902356954701  -0.13100001894425686
 814    0.11191481082574958  1.3059602628119671  -0.13100001826235522
 815    0.10697571677530229  1.2908402286056697  -0.13100001923012874
 816    -0.11918419736547725  1.2188202570127893  0.12260005841072372
 817    -0.13371619081660233  1.2354002470124046  0.12260005860906487
 818    -0.11875419400714066  1.2192502458803423  0.11294206171812365
 819    -0.13323319897989344  1.2357702735275014  0.1129420618448348
 820    0.043624099566200794  1.5008102776547962  0.12260008115523575
 821    0.064499311371306003  1.4937203028411603  0.122600081618464
 822    0.043466561186933567  1.5002203112999379  0.11294208404121964
 823    0.064266443896913578  1.4931503636534935  0.11294208450242418
 824    -2.4376198578860928e-07  1.4981703865424871  0.1310000973598836
 825    -0.021473050262483445  1.4967403514375799  0.13100009633066265
 826    -2.4082301207640489e-07  1.4866603680089172  0.13100009697589643
 827    -0.020767738828168288  1.4853503766908323  0.13100009599742077
 828    -0.063564578055877771  1.230220259633636  -0.13100002952856796
 829    -0.076722243956054245  1.2391402165808012  -0.13100002978071965
 830    -0.061046877971568027  1.237530294679605  -0.1310000291059851
 831    -0.073175767679579562  1.2452502905708573  -0.13100002936028846
 832    0.14596981207199838  1.253720216528601  0.12260007172576155
 833    0.13371581342940922  1.2354002470298786  0.12260007031271909
 834    0.1454426988461017  1.2540302807002985  0.11294207484271017
 835    0.13323280768992327  1.2357702735459788  0.11294207350804412
 836    -0.16045720516930689  1.2950102752479304  0.10076705856076695
 837    -0.15346720390081939  1.2744302156940386  0.10076705785384799
 838    -0.11746319407957076  1.2205402082339378  0.10076705596273697
 839    -0.10112219113905582  1.2062201888937996  0.10076705623901132
 840    0.04346663435092625  1.1757802081944715  0.11294206532335314
 841    0.042994217149547778  1.177540215593829  0.10076706112430156
 842    0.063567823469905929  1.1845302922011121  0.10076706245906447
 843    0.11746280619489267  1.2205402082460033  0.10076706624489494
 844    0.13178471341515691  1.2368802325172317  0.10076706864905144
 845    0.16045681003780229  1.2950102752580088  0.10076707261072081
 846    0.16468981228653479  1.3163202537014942  0.10076707397311314
 847    0.16045670436548112  1.3809902410148152  0.10076707736691833
 848    0.15346680788907324  1.4015703010025922  0.10076707825247916
 849    0.11875370261512609  1.456750271767377  0.11294208510580522
 850    0.11746280060939444  1.455460308433405  0.10076707976717011
 851    0.1022337015374092  1.471230271285813  0.1129420852323353
 852    0.1011217028760831  1.4697803290315565  0.10076707988855664
 853    -0.043467100065326655  1.5002203112999382  0.11294208024122657
 854    -0.042994550184070723  1.4984603055451617  0.1007670749665249
 855    -0.063568225816547544  1.491470347358153  0.10076707362430133
 856    -0.11746319964415036  1.4554603084408413  0.10076706948107998
 857    -0.13178519728605601  1.4391202857709324  0.10076706792405352
 858    -0.1604572065184573  1.3809902410167563  0.10076706332327376
 859    -0.16650019385387596  1.359920349121486  0.11294206702790609
 860    -0.16469010460792963  1.35968026234771  0.10076706195316959
 861    -0.12229619619951078  1.2806503178267017  0.13100007978525199
 862    -0.12700420377094368  1.2990302501152491  0.13100008056609935
 863    -0.13714919686060939  1.2775402656953934  0.13100007890513024
 864    -0.14348110319166787  1.2969202450184301  0.13100007968015126
 865    -0.1270042051340991  1.3769702620451001  0.13100008499778146
 866    -0.12991210686359511  1.3577103261828674  0.13100008378026665
 867    -0.11891119870708197  1.4318103677542451  0.13100008857020218
 868    -0.10935819834710954  1.4266602863494491  0.13100008867722052
 869    -0.10730119748832781  1.4453003337944876  0.13100008986008688
 870    -0.10051820377929634  1.4385203032386782  0.1310000897475507
 871    -0.060463361169004047  1.475150349686031  0.13100009366382051
 872    -0.078265420774816602  1.4668103458438506  0.13100009239102367
 873    -0.057350989080770798  1.4603003244095527  0.13100009291584908
 874    -0.074148408677753491  1.4542603453543204  0.13100009182873551
 875    0.088659041079308332  1.4473602709894897  0.13100009855186837
 876    0.10051780244486841  1.4385203032332425  0.1310000985456205
 877    0.1222957008962004  1.3953503138803987  0.13100009698634535
 878    0.12700370059793947  1.3769702620434214  0.13100009610839433
 879    0.13714870896534584  1.3984602468334268  0.13100009782303085
 880    0.14348070427129064  1.3790802671495668  0.13100009695367393
 881    0.12700370196109489  1.2990302501174309  0.13100009167473231
 882    0.14348080993686865  1.2969202450227748  0.13100009223417858
 883    0.12991179727030458  1.3183003185788025  0.13100009290474449
 884    0.14734670718569137  1.3172302956540272  0.13100009357917552
 885    0.1189108088483815  1.2441902651434358  0.13100008832566101
 886    0.10935780841890266  1.2493402271874861  0.1310000882513499
 887    0.10730080835736973  1.2307002998539045  0.13100008712133362
 888    0.10051780703799669  1.2374802109299898  0.13100008726923751
 889    0.060462957221242383  1.2008502840660968  0.13100008248515524
 890    0.078265019099095001  1.209190287041539  0.13100008371868699
 891    0.057350516580685622  1.215700189007801  0.13100008333738203
 892    0.074147998607485943  1.2217402893935063  0.13100008550213726
 893    -0.093814955061777797  1.2190902659772225  0.13100007787165016
 894    -0.088659451959792288  1.22864024383487  0.13100007862134952
 895    -0.10730119268979256  1.2307002998346994  0.13100007772748409
 896    -0.10051819923181407  1.2374802109009577  0.13100007845932923
 897    -0.1335131869414235  1.3022303192582656  -0.085233273191568676
 898    -0.13129909728816039  1.3028202871996397  -0.10076700854522803
 899    -0.12769718902299498  1.2851103102081241  -0.085233273761015846
 900    -0.12557919697901918  1.2859803008451141  -0.10076700911618008
 901    -0.097738493069599863  1.2402603048133796  -0.085233274317650598
 902    -0.09611783484205208  1.2418802412212306  -0.10076700974196851
 903    -0.084141779100029804  1.2283402037741418  -0.085233274637104034
 904    -0.082746664923919966  1.230160292891896  -0.1007670100165312
 905    0.035774412107551855  1.204490231381711  -0.085233269309970827
 906    0.035181293777602152  1.2067002544071477  -0.10076700495224587
 907    0.05289341326587052  1.2103002557567673  -0.085233268569235202
 908    0.052016323596116437  1.2124202756779703  -0.1007670041926011
 909    0.09773809133709857  1.2402603021291401  -0.085233266027190641
 910    0.096117501083987061  1.2418802414506898  -0.10076700101037181
 911    0.10965481035470993  1.2538603008401363  -0.085233264453017862
 912    0.10783680958965083  1.2552502824845095  -0.10076700002629882
 913    0.13351271601562961  1.3022303193232878  -0.08523326137780432
 914    0.1312988064051456  1.3028202872634871  -0.10076699692767351
 915    0.13703481391510419  1.319960322551422  -0.085233260318307566
 916    0.134762819593329  1.3202602542066737  -0.10076699587960967
 917    0.13351271543208706  1.37377034014877  -0.085233257667803999
 918    0.13129871646754376  1.3731802549736503  -0.10076699325315584
 919    0.12769680702540401  1.3908903493711724  -0.085233256982328545
 920    0.12557881625021322  1.3900203606933204  -0.10076699257443127
 921    0.097738029428919862  1.4357403556896793  -0.085233256288384782
 922    0.096117439421122858  1.4341203018994095  -0.10076699192730328
 923    0.084141375490626391  1.4476603348668977  -0.085233256127403442
 924    0.08274626985401469  1.4458403670327025  -0.10076699176913326
 925    -0.035774810246029826  1.4715103068049302  -0.085233259857854168
 926    -0.035181691197449419  1.4693002860478226  -0.10076699543739159
 927    -0.052893741062680223  1.4657002825515972  -0.085233260974299382
 928    -0.052016780970389108  1.4635803840468495  -0.10076699653571911
 929    -0.097738495102921472  1.4357403556896799  -0.085233264832939665
 930    -0.096117896286541687  1.4341203018994102  -0.10076700033018123
 931    -0.10965519212822054  1.4221403594456508  -0.085233266215599984
 932    -0.10783719017892526  1.4207503796594216  -0.10076700168963412
 933    -0.13351318746842727  1.3737703401360544  -0.085233269398113931
 934    -0.13129909776796203  1.3731802549595791  -0.10076700479232172
 935    -0.13703519601021161  1.3560403368042557  -0.085233270500555208
 936    -0.13476318550656  1.3557402879214298  -0.10076700588287328
 937    -0.095391321393787101  1.3827303545659435  -0.13100002328534346
 938    -0.099063079215158736  1.3684003204504724  -0.13100002425921889
 939    -0.099063078870220242  1.3076003446667395  -0.13100002755539222
 940    -0.11191518880568542  1.3059602627584497  -0.13100002816435052
 941    -0.10133119216311413  1.32263025667706  -0.13100002685182141
 942    -0.11493119138304816  1.321800321356299  -0.13100002744671688
 943    -0.085299598625949768  1.2688502800507262  -0.13100002887481982
 944    -0.078404287329352146  1.2596002323801236  -0.13100002898292126
 945    -0.044733746146582473  1.2426102808828348  -0.13100002817231482
 946    -0.030396087166924917  1.2389403026334844  -0.1310000276320146
 947    0.069154089059764751  1.2527002774886584  -0.13100002266310704
 948    0.078403902822129709  1.2596002324880338  -0.13100002195297777
 949    0.09539086111460103  1.2932703107162642  -0.13100001965557131
 950    0.099062693366047783  1.3076003447138558  -0.13100001878985057
 951    0.0990626929884309  1.3684003204637079  -0.13100001554905949
 952    0.10133081371738166  1.3533702891982906  -0.13100001626150093
 953    0.085299138111271863  1.407150266121781  -0.13100001464153224
 954    0.078403841835656171  1.4164003139681713  -0.1310000143568055
 955    0.044733289760746954  1.4333903850966085  -0.13100001475201586
 956    0.030395571273961062  1.4370603634843779  -0.13100001514618936
 957    -0.069154489653906845  1.423300269112149  -0.13100002036957237
 958    -0.078404288607440017  1.4164003139681718  -0.13100002121111026
 959    -1.7303634106978173e-07  1.1718802767367631  0.10076705887614071
 960    0.021919975104545179  1.171500236161799  0.11294206401579593
 961    0.021681677711679309  1.1733101923070548  0.1007670598743938
 962    -2.4387547070122434e-07  1.5041203644632182  0.10076707720451675
 963    -0.021920440074181521  1.5045002838217367  0.11294208145426225
 964    -0.02168213830953802  1.5026903293583109  0.10076707616615627
 965    0.038968861418157981  1.4650003906144617  0.13100009739630986
 966    0.041075051063985873  1.4814803650441135  0.13100009847042898
 967    0.019704750107773106  1.4679102903261692  0.13100009672758825
 968    0.020767329477771875  1.4853503766890708  0.13100009781555771
 969    -0.038969202559540554  1.2110003617295257  0.13100007892618698
 970    -0.041075390198939257  1.1945202696073918  0.13100007771681352
 971    -0.01970528074303729  1.2080902239867781  0.13100007965132646
 972    -0.020767667844027247  1.1906502586478258  0.13100007842722416
 973    -1.8083988355570054e-07  1.1997802714085573  -0.085233269918484067
 974    -1.8154569563426985e-07  1.2020702837080386  -0.10076700589203011
 975    0.018040784735597549  1.2009602050704045  -0.085233269690779337
 976    0.017741694069202757  1.2032402038745762  -0.10076700549600658
 977    -2.3120013771892168e-07  1.4762203865840233  -0.085233257995642284
 978    -2.3014813011482948e-07  1.4739303763674798  -0.10076699360617428
 979    -0.018041180453101123  1.4750403334410191  -0.085233258859011785
 980    -0.017742020336682051  1.4727603368080711  -0.10076699445583261
 981    0.030395632590330658  1.2389403026931467  -0.13100002488867679
 982    0.03203846355275991  1.226080239207451  -0.13100002521436568
 983    0.015369783171497661  1.2366703187185999  -0.13100002564109425
 984    0.016198464090171956  1.223070320109422  -0.13100002648194334
 985    -0.030396088826260586  1.4370603634843782  -0.13100001780347867
 986    -0.032038848715624825  1.4499203082169647  -0.13100001706041473
 987    -0.01537017883618833  1.4393303475180268  -0.13100001700283723
 988    -0.016198918091855065  1.4529303437620558  -0.1310000161772979
 989    -0.070331585429127277  -4.2541336604393899e-08  -0.012458149408227598
 990    -0.074210602737273715  -4.7745626561655797e-08  -0.042882228254193737
 991    -0.060889498864212445  -4.3221877336022283e-08  -0.016085451081168177
 992    -0.070781138403818541  -5.090330572123721e-08  -0.058136551431627367
 993    -0.11309001431036972  0.025682292047409357  -0.015803289984458676
 994    -0.10151402470919786  0.025081522173847019  -0.059118130263878826
 995    -0.11167292089184067  0.01068795873991945  -0.018682017729931878
 996    -0.099909325744454797  0.010280849194547588  -0.064193936022400519
 997    -0.097144973935150675  -3.1090441350220146e-08  0.0547880746094375
 998    -0.099571591326534786  -2.6649003296480094e-08  0.078133853836489908
 999    -0.11010101236190827  -3.1202633252579511e-08  0.054817871394370797
1000    -0.11244801286902285  -2.6528486561057853e-08  0.078273081579711648
1001    -0.09375036649873876  -9.7809308961985223e-09  0.16565611729609214
1002    -0.091408081929107765  -1.3541596271950843e-08  0.14635010821186006
1003    -0.071677216298443494  -1.2094676141599185e-08  0.15377811638936054
1004    -0.077587791090027641  -1.4760801504137581e-08  0.14009111280893505
1005    0.05298722113023064  -8.0164165806675088e-08  0.055413279766205283
1006    0.066294501708851331  -8.0495386501932962e-08  0.055122949396995781
1007    0.055282479906649272  -8.8153594331967518e-08  0.078733361890993517
1008    0.067963781217981967  -8.8433847791421446e-08  0.07837835950127417
1009    -0.055282483584510676  -2.663209073850945e-08  0.078733469126372052
1010    -0.060183417107971607  -1.8792297929551363e-08  0.11816310105612268
1011    -0.06796378487967622  -2.6536194651072407e-08  0.078378464785574087
1012    -0.071847505570601045  -1.961615557415568e-08  0.11426210262776976
1013    0.043859901243717254  0.025103535892108581  0.079249487249505701
1014    0.044017861371486777  0.011149014055962619  0.079201086024704256
1015    0.050185737063246298  0.02369578158751379  0.12339100080045382
1016    0.050358598164303686  0.011148709227611303  0.12336399691205754
1017    0.082541400925253208  0.0099822557631858589  -0.079702011104140422
1018    0.08157795109979056  0.024598379426252322  -0.073664108223169378
1019    0.099909298664342505  0.010280863643686898  -0.064194063933317044
1020    0.10151399680671608  0.025081533875615167  -0.059118250784317483
1021    0.12158790848586488  0.02592472456507398  0.055023055991273252
1022    0.12356000195010078  0.02517548601553975  0.078587158963619869
1023    0.12173900654349686  0.011149142173064536  0.054963981248905613
1024    0.12371800665597681  0.011149014009694811  0.078538876287435722
1025    0.099571586096674367  -8.8380306382598111e-08  0.078133751235363896
1026    0.11244800632674438  -8.8341222877756971e-08  0.078272979604117832
1027    0.10355500755080566  -1.0051190980498155e-07  0.1141429951452988
1028    0.11638400478814943  -1.0173219600322717e-07  0.11792099887213063
1029    0.092575071764881903  -5.6182949107222355e-08  -0.012387451504460445
1030    0.089822175174794266  -4.487799737402851e-08  -0.042630467480320205
1031    0.10204900561876921  -5.482819560060929e-08  -0.015933814974298129
1032    0.093953663196208431  -3.9862532619229293e-08  -0.057602565285551889
1033    0.048045216228709817  0.025219859566690147  -0.015511343790607542
1034    0.061137082616856679  0.02454175416974597  -0.059206523660663486
1035    0.050574066990768378  0.01044344847004763  -0.018734764306699576
1036    0.064464564250851064  0.0099753368865678361  -0.064713110561439718
1037    -0.1235600109536697  0.025175549202197819  0.078587248705517171
1038    -0.12371801506833462  0.011149076161966077  0.078538972724554665
1039    -0.12727300884172249  0.023762268137306908  0.1230250960542031
1040    -0.12744501277083417  0.011148734645050973  0.12299800134401244
1041    -0.082541425750405184  0.0099822330050510551  -0.07970188160269423
1042    -0.081578036321085873  0.024598359944659212  -0.07366398583119442
1043    -0.064464589648335915  0.0099752634994053208  -0.064712979451710825
1044    -0.061137108452543561  0.024541742419374804  -0.059206399490986363
1045    -0.040502088028770318  0.025849904516008233  0.055842460248513491
1046    -0.043859906657431745  0.025103598904420633  0.079249584838784012
1047    -0.040653296392248912  0.011149192136700488  0.055783345742604358
1048    -0.044017865955363389  0.011149076231551525  0.07920119001093677
1049    0.065275496878424322  0.022399486682518524  0.1642730052486428
1050    0.065462476638245337  0.011148274670865719  0.16426601283618492
1051    0.094925407826500885  0.021987131524792609  0.17790001616455622
1052    0.095116671669604302  0.011148149955852591  0.17790001253629908
1053    0.043879506511388958  0.048661773101549552  -0.010193652244375788
1054    0.040239877283636843  0.048736630437571461  0.032884662861612235
1055    0.040110294285457412  0.072741933779131254  -0.0048531999367091155
1056    0.045301974710543473  0.073659245054342432  0.037362159628810308
1057    0.095178486868573886  -7.1777492554524829e-08  0.029487046125885923
1058    0.08117109816235607  -7.1819607385761867e-08  0.02960333611061735
1059    0.081447958061963407  -5.6556806270705714e-08  -0.011227251240339653
1060    -0.11538802054410156  0.049288947096110279  -0.011149248315597169
1061    -0.11931701953046124  0.049121115883831522  0.031987652483085258
1062    -0.11741102585242107  0.073472641376780265  -0.0064261912850518601
1063    -0.11324001658106145  0.074154049374544451  0.036504657826354696
1064    -0.067022813656138824  -3.5747645971718367e-08  0.029757156325070411
1065    -0.081171100513374353  -3.5774125216902503e-08  0.029603437028078099
1066    -0.081447970585467031  -4.2349504875019789e-08  -0.011227137993179729
1067    -0.11891201006105616  0.02607277065264017  0.030752896941191283
1068    -0.12158801320309963  0.025924715555252126  0.055023144574006311
1069    -0.12136301554996733  0.047952627515029975  0.055111172352463773
1070    0.11891200344553243  0.026072783273105204  0.030752808978010394
1071    0.11931690264740159  0.049121139478840344  0.031987567346634369
1072    0.12136300344195081  0.04795263784676098  0.05511108938631596
1073    -0.095178489415843004  -3.5943322699291247e-08  0.029487147139659661
1074    -0.08177817418497671  -3.0970710297228242e-08  0.054902094471392424
1075    0.097144969976248913  -8.0393066836563777e-08  0.054787972736714215
1076    0.081778170745025996  -8.0426347197645817e-08  0.054901991969343471
1077    -0.041450809251682881  0.025900209959161664  0.031484180073153178
1078    -0.040239890002080024  0.048736665520326135  0.032884759763380116
1079    -0.040277849168860153  0.047653288933015577  0.05593037107440639
1080    0.041450799475236375  0.025900234264286868  0.031484077695070313
1081    0.040502080515848332  0.025849854180676608  0.055842360565571139
1082    0.040277838956253795  0.047653240379035219  0.05593027826542369
1083    -0.094744997421404617  0.032207721214808777  0.17790011462202668
1084    -0.093049475708414361  0.043123242986569492  0.16424811193351144
1085    -0.12129101292813613  0.03404157880826738  0.16419110140845067
1086    -0.11292501654941936  0.043230767705991185  0.15356410980809879
1087    -1.1597909339417957e-07  0.9735770283068691  0.094175308408436145
1088    -1.3945532233428899e-07  1.0469199993848406  0.085859483571575218
1089    0.50004686642664586  0.81860533921183887  0.15558704634678014
1090    0.53387285214682711  0.79495833093262336  0.16922704723495
1091    0.5453078939049838  0.82870331544558962  0.10690904369063343
1092    0.5631028520700293  0.80062732575080842  0.13869404678523536
1093    -0.54530800159262161  0.828703117170285  0.10690898507655286
1094    -0.56310296479493827  0.8006271160556212  0.13869399477912431
1095    -0.50004709848933127  0.81860519868726156  0.1555870013537764
1096    -0.53387308675030598  0.79495811928200744  0.16922700357897902
1097    0.048431874359341723  0.089433564447163896  0.031799253254041607
1098    0.10702690650790896  0.090273939340734285  -0.037136932444319627
1099    0.10635600248540211  0.073438850010420886  -0.042537175282180172
1100    -0.10916801751075328  0.089930746560163602  0.030901524252361295
1101    -0.048916533616450819  0.089623236675291346  -0.035366215145999767
1102    -0.05065842776999667  0.072793022119130385  -0.04102377729638311
1103    -0.11970419105775267  1.2688903316154507  -0.085233274190176164
1104    -0.069111565987190482  1.2183002748530702  -0.085233274247273227
1105    -0.018041175742125923  1.2009602051249475  -0.08523327131308879
1106    0.069111173569309306  1.2183002746912026  -0.085233267724102946
1107    0.11970381039426967  1.2688903317465572  -0.085233263503194476
1108    0.13822280882685437  1.3380003892700387  -0.0852332593540302
1109    0.11970371230894837  1.4071103281803266  -0.085233256456792764
1110    0.069111170240840014  1.4577003829333799  -0.085233256148206621
1111    0.01804065889974503  1.4750403334410189  -0.085233257281823641
1112    -0.069111628464261027  1.4577003829333801  -0.085233262190120312
1113    -0.11970419215636878  1.4071103281760307  -0.085233266956881701
1114    -0.13822319097020133  1.3380003892393013  -0.085233271530368304
1115    -0.13547719285591572  1.2597802285295232  0.038208338947835083
1116    -0.14452219833703164  1.2781402526227206  0.038208339275688841
1117    -0.07821779024628242  1.2025202930680632  0.03820834025400998
1118    -0.095228354757044123  1.2139002529511904  0.038208339193810975
1119    -0.020683023294889361  1.1779702070803597  0.049028078376509777
1120    -1.6207836220602379e-07  1.1767301976691309  0.049258869032971449
1121    0.078217393697549237  1.202520292994798  0.038208346962586431
1122    0.059862808950491189  1.1934802973487204  0.03820834790961733
1123    0.13547680519826055  1.2597802285823652  0.038208350866495919
1124    0.12410380791920508  1.2427702475899156  0.038208349066556666
1125    0.15643470518018551  1.3380003813430261  0.038208355149909709
1126    0.1550908145518862  1.3175803004776103  0.038208354135493457
1127    0.13547680229144057  1.4162202970918072  0.038208358419949504
1128    0.14452170299085096  1.3978602724036568  0.038208357826013908
1129    0.078217324055241205  1.4734803523461399  0.038208358833300454
1130    0.095227953232334725  1.4621002722177816  0.038208358855759531
1131    -2.3956393545096547e-07  1.4944403325328992  0.038208356742430866
1132    0.020417744479583354  1.4930902868874276  0.03820835754938405
1133    -0.078217800520850589  1.4734803523461404  0.038208351995300288
1134    -0.0598631462087168  1.4825203533556812  0.038208353370428411
1135    -0.135477195693748  1.4162202970937043  0.038208346556425292
1136    -0.12410419745259996  1.4332302761591811  0.038208348002551969
1137    -0.15643520128263735  1.3380003813336323  0.038208341433695787
1138    -0.15509119128684362  1.3584203430950044  0.038208342584935114
1139    -0.14021519531193202  1.3755702787618405  -0.0382082851944626
1140    -0.13410619617269026  1.39355026408294  -0.03820828394002862
1141    -0.10264419039146182  1.4406403329493616  -0.038208280353602339
1142    -0.088365182479779675  1.4531602926770133  -0.038208278936118653
1143    0.14565981068683853  1.3770303521610714  4.2101497688590985e-08
1144    0.14021480872141018  1.3755702787703132  -0.038208272886342855
1145    -2.3697480955320321e-07  1.4888003032031061  4.1784909837991996e-08
1146    -0.075399147437065606  1.2074102604361412  2.5726362653006503e-08
1147    0.03607269795710949  1.1709002507863115  0.031555326534405827
1148    0.036541607485508706  1.157830246868603  0.03068192772397918
1149    -0.03607299784361321  1.1709002337503598  0.031555324217126257
1150    -0.036541845645012498  1.1578302229113118  0.030681925652862766
1151    -1.6271576234301494e-07  1.1582301685139387  -0.044520846038071112
1152    -1.6835742645847579e-07  1.1744701951849748  -0.044065278162493782
1153    0.039582864761046783  1.1414202267674727  0.032580203733208322
1154    0.036792534191254313  1.1482301888195121  0.030451429280181543
1155    -0.039583180842830232  1.1414201921543283  0.032580201726642791
1156    -0.036792910239309605  1.1482301590732888  0.030451427382846299
1157    -1.6219528429753893e-07  1.1415101583044547  -0.048710772816059671
1158    -1.6307378663542894e-07  1.1478601222961413  -0.045089964977830875
1159    0.11078089888592491  0.40584602911498813  0.088298577158087588
1160    0.11138689993028274  0.36935102486116328  0.091573359637182578
1161    0.11148790161317026  0.33846401436885504  0.089194681468404174
1162    -0.11010800849282969  0.36890390284745961  0.014753123596589842
1163    -0.11017900672256739  0.353970997790511  0.017815901796345998
1164    0.10766290181262578  0.59388104176280898  0.071267563914995183
1165    0.10820589875793526  0.56117901399267278  0.074221464907946885
1166    0.10738990625567377  0.6063560522618735  0.071393390512173596
1167    -0.03340667024629386  0.59388501871503485  0.078538798024832629
1168    -0.03510737095188933  0.56118203644308118  0.081261718226567789
1169    -0.030787577566084457  0.60635901728319641  0.078623197389082203
1170    0.10948289722594044  0.48414403485121144  0.081206590319651842
1171    -0.039114292831751135  0.48413501274776982  0.087704214916590362
1172    -0.07137457827265295  0.56143701769737187  -0.07419149993571586
1173    -0.108205997823656  0.5611789989538376  0.074221399634736313
1174    -0.071696871919788269  0.56114401005684766  0.099446320496374918
1175    0.10737491121995162  0.60641802495706043  -0.068363431388269114
1176    0.10692081460483711  0.62270803166432853  -0.072003738502326706
1177    -0.10737508828437849  0.60641801729858114  -0.068363475361813808
1178    -0.069070085740511142  0.60642898075397766  -0.091415453590915588
1179    -0.10334608546224099  0.6876259836824834  0.076463284786304167
1180    2.2320530237920816e-08  0.65688901040200054  -0.10056699487291687
1181    2.3455863980417063e-08  0.68759797839757353  -0.098504354332051319
1182    -1.5924963066483852e-07  1.102900133407845  0.077145742709243792
1183    -0.059054955355436846  0.68758599100650741  0.10521100929056659
1184    -0.10208324566297736  1.0347400601867998  0.013297795712248005
1185    0.10208280888636868  1.0347403683067933  0.013297799131846196
1186    0.12817980715023666  1.0218303799184933  0.012445991300624282
1187    0.30423395662592922  0.93461840957226994  -0.056150231467864978
1188    0.32702186295252922  0.9229592328977696  -0.039710308236466686
1189    0.28004494553493992  0.94675343971808057  -0.064490137281514759
1190    0.25066983170719592  0.96127548666519202  -0.065447937258364258
1191    -0.32991511418287162  0.98629114725373956  -0.055548260563059275
1192    -0.3520252073424856  0.9725662517724184  -0.0391855883514306
1193    -0.2737032532358552  1.0156101268553228  -0.064630865746074864
1194    -0.30619412536789264  0.99941508651123334  -0.063715280522897516
1195    -0.20252913631181915  1.0511001509847784  0.0096296013438461042
1196    -0.18887815041705996  0.99182501755396579  -0.067464705162474783
1197    -0.46111906799907426  0.90487428292984351  0.041689205218673239
1198    0.48512880891655658  0.89057132220094004  0.05123310521121309
1199    0.47636682314929124  0.89569517532791676  0.049023155277911776
1200    -0.47636704060593166  0.89569514533591854  0.049023074937995459
1201    0.46111885277021963  0.90487429310608825  0.041689298549219288
1202    0.441544850925006  0.9170243432652232  0.02719536829931327
1203    0.46298777649623735  0.87286433939671781  0.1391790487509123
1204    0.4792508755749626  0.88701531565797453  0.12884403578759537
1205    0.50878986108031121  0.84651729172917212  0.057810643146435643
1206    0.49288075044551322  0.83216133508151446  0.067516120841657964
1207    -0.50879002384721295  0.84651721892821574  0.057810577659263881
1208    -0.51324809674604999  0.86745913945214681  0.068447024245166493
1209    -0.46298800651602851  0.87286421740799724  0.13917900183920151
1210    -0.458174988712447  0.85212513219480812  0.12917199199561169
1211    -0.086955197767955905  1.1232600925203282  -0.014834422925739934
1212    0.081454220686537737  1.113600239447871  -0.084401220330465904
1213    0.086954781589759916  1.1232602431388854  -0.014834422436884598
1214    0.081364215023830677  1.109740233131598  0.056158887089435811
1215    0.043773783099987709  1.1029601669654134  0.075704082383856952
1216    0.043829400803276679  1.1072500146273747  -0.099991544032800625
1217    -1.5832958198128802e-07  1.1070599984729186  -0.10188704277646865
1218    -0.043829649951205155  1.1072500464665538  -0.099991545486434935
1219    -0.078960243938756725  0.30210797724197186  0.094790132499889476
1220    -0.046389940927123917  0.30215399199345583  0.084943803485375557
1221    -0.12108400767478106  0.30220799095415357  0.044126641106101844
1222    -0.11111000531522458  0.30210597971418363  0.08029087505115523
1223    0.11857490597307253  0.14654197750722828  0.0087726682411502829
1224    0.10748390521018883  0.14661797831944298  -0.024026945428025241
1225    0.078844662040540303  0.14609296974139591  0.05402595065545087
1226    0.10949300558203788  0.14631698060337209  0.042135359468072307
1227    -0.038630013420075028  0.10183096322810535  0.00076831793325894823
1228    -0.048777598236913418  0.10201696411144241  -0.031867662239770798
1229    -0.10696891932635948  0.10265996364972388  -0.03363154475120389
1230    -0.077734189493958467  0.10238195903947875  -0.043620985374353057
1231    -0.070817427054618895  0.043030607835692493  0.15368610741111757
1232    0.059459987062517226  0.051663007934519931  0.12341800334968217
1233    0.070817357867386896  0.043030501440079513  0.15368601764410295
1234    -0.088695696417104175  1.3735903199695194  0.13100008646473163
1235    -0.069986990515523262  1.372870295629516  0.13100008723437706
1236    -0.088695695015045928  1.3024203249702988  0.13100008251040324
1237    -0.069986989087011092  1.3031302165177081  0.1310000833919501
1238    -0.08483629893149558  1.2401202207313196  0.13100007943093692
1239    -0.070597754690435791  1.2364902969917191  0.13100007994211363
1240    -0.052070430354418801  1.3726103000872045  0.13100008799171109
1241    -0.034611577985834856  1.3726103000888852  0.13100008874628546
1242    -0.052070428891672141  1.3033903312734825  0.13100008420552764
1243    -0.034611576488853692  1.3033903312777106  0.13100008498093291
1244    -0.036903724858826412  1.2301803095171562  0.13100008128667656
1245    -0.054421772590802747  1.2330302465846068  0.13100008056478543
1246    -2.2669167518027195e-07  1.3727003031337512  0.13100009025322526
1247    -0.01727526903798788  1.3726602487984221  0.13100008950142308
1248    -0.017275267529076516  1.3033402633610642  0.13100008573721997
1249    -2.0558932030356925e-07  1.3033003282373119  0.13100008649182263
1250    -1.9698741637437174e-07  1.2277203061607103  0.13100008287928172
1251    -0.018638663536135622  1.2283702352644732  0.13100008202877278
1252    0.017274790550331622  1.372660248798202  0.13100009101277385
1253    0.034611103241104842  1.3726103000885197  0.13100009177397107
1254    0.017274792081028577  1.3033402633654949  0.13100008726027318
1255    0.034611104781138477  1.3033903312863639  0.13100008803183255
1256    0.01863825636962119  1.2283702352505512  0.13100008364890434
1257    0.036903387963459829  1.2301803094900314  0.13100008449426589
1258    0.052070082299125096  1.372610300086035  0.13100009254980635
1259    0.069986582885150944  1.3728702956275247  0.13100009336289681
1260    0.06998658431470052  1.303130216520578  0.13100008951864747
1261    0.052070083784176054  1.3033903312792838  0.13100008877447039
1262    0.054421308094117368  1.2330302465769745  0.13100008531699278
1263    0.070597296703401063  1.2364902970028069  0.13100008612234898
1264    0.10782480347523997  1.3749003112719116  0.13100009514708424
1265    0.088695281333557724  1.3735903199680088  0.13100009422622463
1266    0.10782480484513854  1.301100320087109  0.13100009099495324
1267    0.088695282733022449  1.3024203249718094  0.13100009026866949
1268    0.084835884811792786  1.2401202207563109  0.13100008686760037
1269    0.094516155556922346  1.2434802546105412  0.13100008738598931
1270    -0.069182674452851839  1.310240235192768  -0.13100002617671863
1271    -0.054589788503049387  1.3108002805992256  -0.13100002554100229
1272    -0.069182674771336397  1.3657603106516525  -0.13100002317906206
1273    -0.054589848418398153  1.3652002652201907  -0.13100002260358459
1274    -0.066172409671149277  1.4143502711456395  -0.13100002080633866
1275    -0.055066209154925369  1.4171803006046677  -0.13100002014154596
1276    -0.040615066035497777  1.3110004330553424  -0.13100002493031737
1277    -0.026997008449056375  1.3110004330495713  -0.13100002434826136
1278    -0.040615066348276586  1.3650003511716482  -0.13100002202381505
1279    -0.026997008763910001  1.3650003511666342  -0.13100002144676745
1280    -0.028784979003272076  1.422100308011282  -0.1310000186809997
1281    -0.042449038344225899  1.4198802726862825  -0.13100001941894768
1282    -2.0484441706175583e-07  1.3109303379650528  -0.13100002317181333
1283    -0.013474688022055847  1.3109602595059966  -0.13100002375979725
1284    -0.013474688339502995  1.36504028629022  -0.13100002085817894
1285    -2.0729649807158348e-07  1.3650703270392797  -0.13100002027333069
1286    -2.2361259769073165e-07  1.4240202934564004  -0.13100001730111738
1287    -0.014538208822510256  1.4235103159489984  -0.13100001796890801
1288    0.013474231506544202  1.3109602595130065  -0.13100002256578391
1289    0.026996682327004445  1.3110004330631755  -0.13100002195698657
1290    0.013474171581340051  1.3650402862932829  -0.13100001966907307
1291    0.026996682006963774  1.3650003511730404  -0.13100001906334979
1292    0.014537761119403832  1.4235103159489981  -0.1310000166979563
1293    0.028784580660262103  1.4221003080112817  -0.13100001616455295
1294    0.040614672883118298  1.3110004330771925  -0.13100002132964714
1295    0.054589462431311797  1.3108002806297696  -0.13100002069882544
1296    0.05458946209882222  1.3652002652290878  -0.13100001779880899
1297    0.040614672557371875  1.3650003511794471  -0.13100001844481099
1298    0.042448591572442053  1.4198802726862823  -0.13100001570795242
1299    0.055065881592431073  1.4171803006046675  -0.13100001532751679
1300    0.084103350547859779  1.3092202802399375  -0.13100001941109776
1301    0.069182281374647103  1.3102402352283842  -0.13100002004753611
1302    0.084103350192547208  1.3667802656832826  -0.13100001634302502
1303    0.069182281031264725  1.3657603106621652  -0.13100001709243983
1304    0.066171947998204236  1.4143502711456393  -0.13100001502137992
1305    0.073722552639641767  1.4117202749398647  -0.13100001485798224
1306    0.094307003702744377  1.1044502406602972  0.017626862404172664
1307    0.091205007662333776  1.1041601862615558  0.032591744290192293
1308    -0.094319663644133203  1.104920096499695  -0.070865416606728446
1309    -0.095077009223504191  1.0686199812924817  -0.086068554389228225
1310    -0.095831902277812714  1.0322400554702016  -0.071276319394491486
1311    -0.096083611936057176  1.0201200348169137  -0.025355524816610537
1312    0.11810981433856312  0.68762303564795946  0.00072664339253388497
1313    -0.059054946885496132  0.68759797545279933  -0.098504360574130284
1314    0.10334591190571579  0.68762601595349993  0.076463325414056413
1315    0.059054800979442837  0.68758600916971524  0.10521103055960274
1316    1.3547761523117695e-08  0.68755500417130488  0.10783801928937144
1317    0.081492662722086703  1.4761803182701807  0.13100009995390174
1318    0.078264952030888124  1.4668103458395614  0.13100009924008293
1319    -0.16016819918529163  1.3380003751582612  0.13100008128188387
1320    -0.14866420470070657  1.3380003751587413  0.13100008179723949
1321    0.034716314112790005  1.2084402348037913  -0.11294201052602973
1322    0.034347603657322194  1.2098103083241156  -0.1226000076880896
1323    0.043624172203136899  1.175190240493821  0.12260006176347983
1324    -0.043624568508407069  1.5008102776547965  0.12260007734147328
1325    0.042516000966532207  1.1834901887461655  0.1310000803533522
1326    0.041075121222776491  1.1945202695998038  0.13100008130501392
1327    -0.12956418442222262  1.3032803167486746  -0.11294201367103553
1328    -0.12818819590537936  1.303650343111562  -0.12260001066821397
1329    -0.1685522030953979  1.3380003757234233  0.12260006267608545
1330    -0.16794320713818769  1.3380003763729058  0.11294206569329751
1331    -0.033162817227444664  1.4585203075949438  -0.13100001656460544
1332    0.033162301879811729  1.2174802370922313  -0.13100002595977639
1333    -0.12051619118423992  1.3048402911351675  -0.13100002858363069
1334    -0.034716770710724737  1.467560307460237  -0.11294200071115773
1335    -0.034348000076625265  1.4661903544688826  -0.12259999785159202
1336    0.084275663500894687  1.4839702908234143  0.1226000822568321
1337    0.083971322581938165  1.4834402867863219  0.11294208513041043
1338    -0.042516410149814443  1.492510327377641  0.13100009549309369
1339    -0.041075460384816145  1.4814803650475405  0.13100009487440237
1340    -0.14386219785234869  1.2549402063519861  0.10076705727464959
1341    -0.0830588747296091  1.1941402322408032  0.10076705664258659
1342    0.083058480463520545  1.1941402322578887  0.10076706390701164
1343    0.14386180538646645  1.2549402063732928  0.10076706987623184
1344    0.16611670236556658  1.3380003771914561  0.10076707519496755
1345    0.14386169801850032  1.4210603109292983  0.1007670789347019
1346    0.083058410569370147  1.4818602873396365  0.10076707942461653
1347    -0.083058885053455503  1.4818602873396369  0.10076707216339499
1348    -0.14386220088365775  1.4210603109336295  0.10076706634362347
1349    -0.16611720345104891  1.3380003771890587  0.10076706065357544
1350    -0.10782520228461444  1.3011003200869014  0.1310000815680229
1351    -0.10497219558228117  1.283580244664742  0.13100008076088165
1352    -0.10963419690417658  1.3566403032559566  0.13100008461192963
1353    -0.10782520366021875  1.3749003112729359  0.13100008571583246
1354    -0.097883819911579295  1.4228403426290135  0.1310000889538403
1355    -0.094516626963270248  1.4325202593191109  0.13100008965041152
1356    -0.038969147639979079  1.4650003906171789  0.13100009398511719
1357    0.084835820400832193  1.4358802934536661  0.13100009768548351
1358    0.09451615119046794  1.4325202593149033  0.13100009792183204
1359    0.038968810183257402  1.2110003617189582  0.13100008232661819
1360    -0.094516563061677467  1.2434802545727968  0.13100007909114245
1361    -0.11772019027598012  1.2700303313611356  -0.10076700954733338
1362    -0.067965666358383817  1.2202802237111752  -0.10076700966497468
1363    0.067965274491208774  1.2202802235941053  -0.10076700333048683
1364    0.11771981075004989  1.2700303314842438  -0.10076699904442979
1365    0.13593071285315242  1.3380003902629194  -0.10076699492512443
1366    0.11771971278247452  1.4059703303723776  -0.10076699205353419
1367    0.067965271624034221  1.4557203169709845  -0.10076699178918787
1368    -0.067965728489453051  1.4557203169709847  -0.1007669977309238
1369    -0.11772019127137404  1.4059703303671083  -0.10076700238253515
1370    -0.13593119802028153  1.3380003902312989  -0.10076700690159006
1371    -0.084103810957759387  1.3667802656717694  -0.13100002373819869
1372    -0.081878590804155355  1.3804503569489901  -0.13100002285893797
1373    -0.085514585611469185  1.3234603112069985  -0.13100002616110454
1374    -0.084103810631494261  1.309220280199104  -0.13100002685590825
1375    -0.076349357768285678  1.2718302747771162  -0.13100002837657779
1376    -0.073722998196619691  1.2642802713154615  -0.13100002857496104
1377    -0.028784977628186468  1.2539002384753297  -0.13100002703014449
1378    -0.042448977404954465  1.2561202737429975  -0.13100002754742268
1379    0.066171949334387012  1.2616502752500074  -0.13100002242832509
1380    0.073722613549865743  1.2642802714078547  -0.13100002197518337
1381    -0.073722999411425613  1.4117202749398652  -0.13100002130303548
1382    0.01863824986973521  1.447630280150952  0.13100009544873509
1383    0.036903318414776606  1.4458303384973201  0.13100009614332556
1384    0.014537882689046832  1.2524902306048142  -0.13100002514014242
1385    0.028784582080993704  1.2539002385240525  -0.13100002443705494
1386    -0.054466674860816529  -3.5682321563563155e-08  0.029905924875589036
1387    -0.11867000723755933  0.011033917126259465  0.029986331324163708
1388    -0.10731201353523834  -3.6058139864865723e-08  0.029450546256194057
1389    -0.1130900093960505  -1.210480669178579e-08  0.1537261095127388
1390    -0.10384101450707547  -1.4770345592355286e-08  0.1400421166303219
1391    0.054466672226931974  -7.1499996548360352e-08  0.029905820624738372
1392    0.067022811533231905  -7.1874224084236345e-08  0.02975705594934237
1393    0.11867000151399465  0.011033940387206002  0.02998623655884701
1394    0.10384100466019333  -1.0932452898037588e-07  0.14004200875428635
1395    0.11308999780159272  -1.1391568412024505e-07  0.15372600096621059
1396    0.10731200978669878  -7.1529856502241462e-08  0.029450445882982557
1397    0.042195270353181963  0.010972720419952705  0.030631261729374668
1398    -0.12147701667234491  0.022445786376617722  0.16418210335533637
1399    -0.12166301296606104  0.011148322722455896  0.16417511690140688
1400    -0.042195276803459428  0.010972756770494509  0.030631367593845771
1401    0.12166299994713103  0.011148274701397044  0.16417501388698971
1402    0.12147700366389018  0.022445736199417796  0.1641820063150079
1403    0.082112195930200707  -4.2287818146341376e-08  -0.050674298611718877
1404    -0.082112218731233297  -4.9449736767019659e-08  -0.050674169934678603
1405    -0.11103202058133783  0.067118321018467861  0.055290511936414398
1406    0.12334290580464202  0.044956239824759825  0.078657788822322605
1407    -0.083735114160962618  -2.6608785951274699e-08  0.078173781946936652
1408    -0.043643125888287025  0.04466883306086436  0.079319961975120992
1409    0.050217984417457451  0.066744196002076747  0.05590458484660546
1410    -0.065090426916437738  0.033856387198239975  0.16428310302484764
1411    0.45817476037036531  0.85212531967666938  0.12917204048242786
1412    0.5132478754832992  0.86745932496291478  0.068447090069835945
1413    -0.49970300483280222  0.88308623345058057  0.098695851571397042
1414    -0.47207410165685015  0.8362941298917963  0.098293649780135398
1415    -0.56831402025048505  0.78253310941105581  0.14273799299889589
1416    0.048312486161508232  0.10183296320151204  0.032952241865159153
1417    0.078845854961035022  0.10203396228620311  0.043349744819913605
1418    0.07773417683007898  0.10238197341608102  -0.043621086583530616
1419    0.1069689054531094  0.10265997486272707  -0.033631642819923452
1420    -0.1363251857959471  1.3014702393752065  -0.065499957064596492
1421    -0.099797170842995178  1.2382002445727718  -0.065499958622058971
1422    -0.036528264465545468  1.2016702110962247  -0.06549995544906613
1423    -0.035774806145750959  1.2044902314897907  -0.085233272528559806
1424    0.03652800584360346  1.2016702150689043  -0.065499952379298329
1425    0.099796783237291922  1.2382002444239339  -0.065499949611997635
1426    0.13632481772960992  1.3014702394379816  -0.065499945009770091
1427    0.13632481704388258  1.3745302983509096  -0.065499941290145872
1428    0.099796780447471867  1.4378002916360753  -0.065499939871561649
1429    0.036527936409223784  1.4743303214299599  -0.06549994032240436
1430    0.035774359473189396  1.47151030680493  -0.085233256730338935
1431    -0.036528333027850891  1.4743303214299601  -0.065499943515797049
1432    -0.099797173340808676  1.4378002916360759  -0.065499948596095176
1433    -0.13632518642254213  1.3745302983399181  -0.065499953263227384
1434    -0.1549941996794022  1.2964702342572838  0.065500007505649646
1435    -0.15110518925962299  1.2975102182496796  0.038208339725685408
1436    -0.11346419048661863  1.224540279259571  0.065500005582383156
1437    -0.11061619025077644  1.2273802045997335  0.038208338248536221
1438    -0.041530699893040729  1.1830102550868653  0.065500009634703732
1439    -0.040748205962073562  1.1837702163623385  0.039982184028111316
1440    0.040747907421690509  1.1837702247870798  0.039982187200242582
1441    0.041530392671693804  1.1830102611765831  0.065500013005154858
1442    0.11346381272542005  1.2245402792550473  0.065500015532286418
1443    0.11061581432647047  1.2273802045748432  0.038208347972290675
1444    0.15499380731774343  1.2964702342755601  0.06550002109599555
1445    0.15110481393502306  1.2975102182750617  0.038208352991514608
1446    0.15499370168069415  1.379530286705094  0.065500025431513662
1447    0.15110481265226686  1.3784903063171583  0.038208357044246848
1448    0.11346360605842823  1.4514603609451415  0.065500027631289801
1449    0.11061570439438688  1.4486203197675707  0.038208358674221773
1450    0.041530313825743605  1.4929903877407908  0.065500026652894713
1451    0.04048812407951221  1.4891003506619147  0.0382083581738661
1452    -0.041530777776105011  1.4929903877407911  0.065500023022177126
1453    -0.040488596819831295  1.4891003506619149  0.038208354634259298
1454    -0.1134641959196505  1.4514603609492152  0.065500017697979557
1455    -0.15499420098238789  1.37953028670539  0.06550001185866125
1456    0.05986273307304249  1.4825203533556808  0.038208358603815634
1457    0.12410370695829033  1.4332302761566527  0.038208358868382357
1458    -0.020418336429191983  1.4930902868874276  0.038208355764381294
1459    -0.059863130759047582  1.1934802914914915  0.038208343036733032
1460    0.044254621930773112  1.1886802153834441  1.9120291875907551e-05
1461    0.034105467158150167  0.35390802505890762  0.058630763446288751
1462    0.04572849871979142  0.35384702018445641  0.097199723360908347
1463    0.11017890467741759  0.3539710336696692  0.017815904733148227
1464    0.077072502447079555  0.35399001417776527  0.0057082052383324068
1465    0.078858603888806847  0.35381903537619341  0.10710505661644547
1466    0.11154190239455411  0.35383301444747883  0.091661744499992315
1467    0.12182590365462316  0.35390212759244449  0.054182858801849108
1468    -0.12150600332924977  0.40542999423958681  0.04457237750416182
1469    -0.10970610712804879  0.40500700851364485  0.0020363569433992615
1470    0.12014990997508398  0.60638602545477505  0.00079201798013301284
1471    0.071696690000818894  0.56114402347424708  0.099446377396704422
1472    -0.018011791999068074  0.6063900026512189  0.0065756615119819933
1473    -0.10796609531697569  0.56139899218126088  -0.053190338932263298
1474    -0.10882999546962385  0.48376501278877482  -0.025771412879947071
1475    2.0388370836028417e-08  0.63870196549497904  -0.088216896004984169
1476    1.4225695901533899e-08  0.63186698510949146  0.0054711261472210216
1477    0.10623991482380837  0.64039898595474298  -0.074684038094063279
1478    0.06180251735815509  0.64039897797556433  -0.099588552568218761
1479    -0.024026251256927769  0.6227099821759885  -0.070612656344047328
1480    -0.03077057463780793  0.60641997586900753  -0.066917764012110581
1481    -0.12105299220476189  0.64039898109687943  2.9589545255117818e-05
1482    -0.048714828308387408  0.97357500050950196  0.093429231432935453
1483    1.0834118173984317e-08  0.65683799320093028  0.10863502674500275
1484    -0.094060563370164621  1.1167700971671224  -0.026799630906343925
1485    -0.095829510146528477  1.0321599407567896  0.020203871222856138
1486    0.095829210100187912  1.0321599402073227  0.020203879193009415
1487    0.095066912948657878  1.0682599762995169  0.033913162485434037
1488    -0.31879409861634334  0.99277927119770015  0.0081705429203410146
1489    -0.30581518734101582  0.96659626312495228  0.020283463650308954
1490    0.2884029615278893  0.93171942412027464  -0.026624183008220986
1491    0.29267595229197124  0.94046529897209108  -0.062190824277048487
1492    0.31869784522917266  0.99285732227355561  -0.061486543265638231
1493    0.32308085348588961  1.0015502614547183  -0.026662623191819626
1494    -0.29267622529231019  0.94046510513035275  -0.062190897128871554
1495    -0.28840321860973356  0.93171922482474545  -0.026624261688698764
1496    0.30566883919238047  0.96667031239546264  -0.073570420049325957
1497    -0.32308111427801067  1.0015501794083168  -0.026662707287931763
1498    -0.31869812771688827  0.99285710511888436  -0.061486611760192982
1499    -0.30566911595552299  0.96667010614873761  -0.073570491826852283
1500    0.31879385952638994  0.99277939546239113  0.0081706379165658073
1501    0.30581494642199109  0.96659639470573488  0.020283551945297539
1502    -0.27754223504879211  1.0246701682984318  -0.028499964082678166
1503    -0.27370324452122108  1.0156101586209743  0.0076308228330482508
1504    0.1888778231124697  0.99182549191100966  0.010464635657797783
1505    -0.44658102397747196  0.86162715377371213  0.045721280928522116
1506    -0.43093514575802272  0.8620541744283261  0.066938871244082099
1507    -0.4299690565963657  0.89684828590078858  0.094967663519828618
1508    -0.44513205995406385  0.91381826638730124  0.087764505357343731
1509    0.4465808068635998  0.86162730616523564  0.045721358833642901
1510    0.43093492852732113  0.86205431396187981  0.066938948765709702
1511    0.4451318421869534  0.91381832404724472  0.087764589567722748
1512    0.42996883842691247  0.89684828580578457  0.094967743736018406
1513    -0.46852704734692058  0.90034527450205171  0.046173381789933014
1514    -0.46149512427493655  0.87872016373041761  0.038944350618361115
1515    0.46149490865348125  0.87872030858199857  0.03894443458394542
1516    0.46852683199412409  0.90034529076363268  0.046173469080591473
1517    -0.46052915435917929  0.91351427504836691  0.066973199008943857
1518    0.460528937796921  0.91351434077947036  0.066973285582127548
1519    0.4397967872433744  0.8657983244466837  0.11336605242722435
1520    0.49530578530669417  0.8846201564817977  0.053798057871310853
1521    -0.47367898589221352  0.84630812735412386  0.053168748198701467
1522    -0.49288100550652575  0.83216119722033077  0.067516060513450035
1523    -0.4621051274859323  0.90371923592172543  0.11278499031327614
1524    -0.4792511054941066  0.88701513873360338  0.12884398538472883
1525    0.33990096751520693  0.94753923614701685  -0.050368507761585697
1526    0.3860629513127381  0.95091519308188588  0.048901894941279042
1527    -0.36200318673654525  0.90580818642078531  0.049505061390959719
1528    -0.11006511111724906  0.33872397601679327  0.016662199658167259
1529    -0.1095761084439677  0.30230499474810979  0.0089487006522134729
1530    0.035154340147371364  0.30218603007798189  0.048071207685173478
1531    -0.078844731668285747  0.1460929669738994  0.054026031245099866
1532    -0.1094930149334358  0.14631697585422421  0.042135438489486032
1533    -0.11857501285624193  0.14654196735623365  0.0087727508330597819
1534    -0.11727401836262163  0.051994552723729902  0.12314408591316106
1535    0.053420785108898104  0.061518463879962355  0.0792982329439091
1536    0.083246176738263747  0.067326829219284928  0.079070368428834581
1537    -0.10497219771208181  1.3924202678065529  0.13100008686746906
1538    -0.10963419621689313  1.3193603279193085  0.13100008251821679
1539    -0.097883756716462031  1.2531602899749108  0.13100007941434302
1540    -0.081878590314498317  1.2955503082281028  -0.13100002744826691
1541    -0.0855145857743424  1.352540353824137  -0.13100002458313395
1542    -0.076349418478808426  1.4041702713274768  -0.13100002189624646
1543    0.081548658623830594  1.0525599845062596  -0.099405720887838278
1544    -0.094663285253512128  1.0157399262315445  0.040348181837821226
1545    -0.13197320637994356  1.439540258371852  0.1288999777338877
1546    -0.11774120429899335  1.4557403292910793  0.12889997929929448
1547    0.065347138832003632  1.4506102916773556  -0.12889990201930504
1548    0.050077151546866455  1.4581502817061487  -0.1288999022090058
1549    -0.16073320565479735  1.294650261143764  0.12889996802029366
1550    -0.15367319878081673  1.2739502769510438  0.12889996719141666
1551    0.1015427042412255  1.4699703468380489  0.12889998974221653
1552    0.083579950386015872  1.4820203834189365  0.12889998965274843
1553    -0.017097576808739912  1.2089802543136894  -0.1288999176706222
1554    -0.033891247081225512  1.2123302748108411  -0.12889991836410969
1555    -0.06534759883106539  1.2253902553012943  -0.1288999190326974
1556    -0.050077477192400875  1.2178502627585663  -0.12889991899267519
1557    0.083580018782707169  1.1939802508626922  0.12889997222483465
1558    0.10154280807995487  1.2060302862275474  0.12889997370407905
1559    0.1301447123269433  1.338000392050422  -0.12889990500365653
1560    0.12901681354049177  1.3551002548589333  -0.12889990411894345
1561    0.02186762908742345  1.5030102854134106  0.12889998788192991
1562    0.043347120231842166  1.4987303128916118  0.12889998854962803
1563    -0.16645620601546335  1.3380003752994343  0.12889997027043915
1564    -0.16501219435283296  1.3598702801361109  0.12889997162460123
1565    -0.083580426528159682  1.4820203834240571  0.12889998233817634
1566    -0.1015432025748314  1.4699703468455261  0.12889998085300253
1567    0.16501181030921394  1.3161302321195163  0.12889998352949639
1568    0.16073280815927748  1.29465026114965  0.12889998208542278
1569    0.017097183246055629  1.2089802543005796  -0.12889991613769106
1570    0.033890912874032057  1.2123302747790894  -0.12889991532504522
1571    0.13197270098997249  1.4395402583647665  0.12889998928522925
1572    0.11774080298321489  1.4557403292819617  0.12889998960850715
1573    0.043347132737652443  1.1772702042774912  0.12889996917669858
1574    0.064049612350567567  1.1843302566323308  0.12889997064276262
1575    -0.043347530120159038  1.4987303128916121  0.12889998476008246
1576    -0.064050011032089377  1.4916703785767391  0.12889998377302808
1577    0.021867703656797192  1.172990232215775  0.12889996785125341
1578    0.079392258117587128  1.4411803569542307  -0.12889990200290152
1579    0.092056643257529297  1.4300602723713713  -0.12889990215394825
1580    -0.1290171920686744  1.3209002908126992  -0.12889991733754497
1581    -0.12567119582038755  1.3041102530864876  -0.12889991809503609
1582    -0.16501219369511566  1.3161302321166002  0.12889996909081403
1583    -0.033891309012978536  1.4636703888725249  -0.12889990552960379
1584    -0.050077538897603024  1.4581502817061489  -0.12889990658690872
1585    0.1607328068339875  1.3813502513137019  0.12889998711201653
1586    0.15367280039468126  1.4020503550991246  0.12889998803085667
1587    -0.021868037041171302  1.1729902322187125  0.1288999659398008
1588    -0.043347457992011215  1.1772702042876813  0.128899965389877
1589    0.050077153769225807  1.2178502627177279  -0.12889991445539262
1590    0.11260581430544618  1.4033503495636452  -0.12889990218502023
1591    0.10318481553593355  1.4173903473084433  -0.1288999024703508
1592    0.12901681375212321  1.3209002908569831  -0.12889990594916784
1593    0.12567071342082575  1.3041102531449393  -0.12889990698118314
1594    -0.06534760068854617  1.450610291677356  -0.12889990773215665
1595    -0.079392719974129666  1.4411803569542312  -0.12889990894361711
1596    -0.13014519517622189  1.3380003920188908  -0.12889991647077118
1597    -0.12901719225955766  1.3551002548364046  -0.12889991547254495
1598    0.16645580693841353  1.3380003752999994  0.12889998483485646
1599    0.16501180964682829  1.3598702801348279  0.12889998606235969
1600    0.017097121144325281  1.4670202902132221  -0.12889990308856081
1601    0.033890850881726296  1.4636703888725247  -0.12889990256674988
1602    0.065347200476713177  1.2253902555200984  -0.12889991302784914
1603    0.079392259941352114  1.2348203091112351  -0.12889991212018465
1604    -0.06404994091358189  1.1843302566458556  0.12889996504775958
1605    -0.083580358095102253  1.193980250879217  0.12889996492462147
1606    -0.12015218556048976  1.2879203151581773  -0.12889991868051234
1607    -0.10318518798550892  1.4173903473084437  -0.12889991149107502
1608    -0.092057090212910642  1.4300602723713718  -0.12889991020181948
1609    -0.017097579275577528  1.4670202902132221  -0.12889990458325942
1610    0.10318481695977738  1.258610318134054  -0.12889991013857993
1611    0.092056704471195405  1.245940274151669  -0.128899911166558
1612    -0.10154319558183321  1.2060302862351717  0.12889996483018845
1613    -0.11774119912024771  1.2202603050962688  0.12889996590257682
1614    -0.11260618524403537  1.2726503156341695  -0.12889991912621632
1615    -0.10318518668356065  1.2586103180073103  -0.1288999193641589
1616    0.15367280251566393  1.273950276960782  0.12889998064010044
1617    0.14402281114586135  1.254420213224118  0.12889997910468723
1618    0.12567071299808161  1.3718902926388927  -0.12889990335801843
1619    0.12015181455913733  1.3880803498937055  -0.12889990269482621
1620    -0.11260618602468564  1.4033503495567718  -0.12889991206946608
1621    -0.1201521861419575  1.3880803498829892  -0.12889991324962552
1622    -0.15367320088675698  1.4020503551029952  0.12889997458511071
1623    -0.14402319417385698  1.4215803001603478  0.12889997614004775
1624    0.11260581516960787  1.2726503157345781  -0.12889990910486041
1625    0.1201518152023309  1.2879203152365912  -0.12889990802378165
1626    -0.14402319127585497  1.2544202132096709  0.12889996649897095
1627    -0.13197320234338519  1.236460255825196  0.12889996612911406
1628    0.064049542261683079  1.4916703785719905  0.12889998937932159
1629    -0.02186805015161121  1.5030102854134106  0.12889998597018162
1630    -0.079392658706518293  1.2348203089257779  -0.12889991932176445
1631    -0.092057088744458226  1.2459402739970065  -0.12889991944630749
1632    0.13197270504261069  1.2364602558414666  0.12889997767907771
1633    0.11774080817492814  1.2202603051140661  0.12889997620653421
1634    -0.11625820038532607  1.263850266845518  0.13100007912441469
1635    -0.10151319590502229  1.2674003205872342  0.13100008002881891
1636    -0.13091620643612409  1.3380003751593978  0.13100008259013454
1637    -0.11027719663593892  1.3380003751600416  0.13100008350907083
1638    -0.11625820328903382  1.4121502461095048  0.13100008751202372
1639    -0.10151319879057538  1.4086003115224783  0.1310000879431491
1640    -0.036903731132557231  1.4458303384996103  0.13100009291292214
1641    -0.054421778340123329  1.4429702682800678  0.13100009199408802
1642    0.074147932626406857  1.4542603453521177  0.13100009831479079
1643    0.07059735106238732  1.439510336721664  0.13100009726726486
1644    0.11625770550320375  1.4121502461047166  0.13100009768746981
1645    0.13091580730204061  1.3380003751596878  0.13100009404274712
1646    0.11625780527431463  1.2638502668547411  0.13100008929905121
1647    -0.074148342696155695  1.2217402893914029  0.13100007901862606
1648    -0.11616418824341261  1.2709302432908063  -0.1129420146934277
1649    -0.123920190648951  1.2866702851696112  -0.11294201425173656
1650    -0.067067543384204481  1.2218403170776568  -0.11294201495103355
1651    -0.081653157864351497  1.2315902121833846  -0.11294201478444202
1652    0.067067211380306968  1.2218403170003282  -0.11294200881038884
1653    0.051329022420649156  1.2140802665569062  -0.11294200971899683
1654    0.11616371270385789  1.2709302434041514  -0.11294200434134544
1655    0.10641181190362221  1.2563502275984626  -0.11294200537205065
1656    0.13413470619110124  1.3380003910340141  -0.11294200021041194
1657    0.13298181838607631  1.3204903289718515  -0.11294200116430587
1658    0.1161637117115762  1.405070300726446  -0.11294199734048192
1659    0.1239197140372341  1.3893302586744944  -0.11294199786252548
1660    0.067067149368744972  1.4541603444694617  -0.11294199711112844
1661    0.081652771023732307  1.444410332699265  -0.11294199709138047
1662    -0.067067612620371725  1.4541603444694622  -0.11294200297434827
1663    -0.051329479279297742  1.4619202757093714  -0.11294200179470368
1664    -0.11616418913506563  1.4050703007205043  -0.11294200753455512
1665    -0.10641219160177127  1.4196503167473233  -0.11294200688088557
1666    -0.090681600837197493  1.3958402812138426  -0.13100002234728841
1667    -0.079180169376198206  1.3930703332593042  -0.13100002203079789
1668    -0.1021141886762038  1.3380003921239045  -0.13100002606840846
1669    -0.086016397208681303  1.3380003921069796  -0.13100002541266148
1670    -0.090681600145245705  1.2801602649189869  -0.13100002856932702
1671    -0.079180168722111838  1.2829303320330061  -0.13100002795754331
1672    -0.057835677904947633  1.247320241310897  -0.13100002858986226
1673    -0.055066207860757665  1.2588202457651727  -0.13100002798745289
1674    0.057835412978407164  1.2473202414226092  -0.13100002336464925
1675    0.05506588295921741  1.2588202458409803  -0.13100002305061717
1676    0.090681200239943166  1.2801602649991228  -0.13100002049339871
1677    0.10211371335839983  1.3380003921501546  -0.13100001706700889
1678    0.090681139875915015  1.395840281220716  -0.13100001438392542
1679    0.057835351807274823  1.4286803053175154  -0.13100001447776075
1680    -0.057835738974413894  1.4286803053175157  -0.13100001953390744
1681    0.042313109337189389  1.1800802099407153  0.085233327180349136
1682    0.021338299346334303  1.1759202817867576  0.085233326050829283
1683    -0.042313566438510794  1.4959203133667149  0.085233339369919489
1684    -0.021338697529986281  1.5000803613040239  0.085233340550362358
1685    -2.3670398028267878e-07  1.4689203509735957  0.13100009591699718
1686    -2.3146947456180449e-07  1.4482803286250177  0.13100009466291929
1687    -1.8924373962392453e-07  1.207080282859712  0.13100008055344944
1688    -1.8686533105036636e-07  1.2358902129199638  -0.13100002630803748
1689    -1.8825327521894621e-07  1.2519802531098267  -0.13100002579582529
1690    -2.2471359787064664e-07  1.4401103341545232  -0.13100001628157093
1691    -0.045518703241940135  0.002743089094902017  0.030160373652255414
1692    -0.054008139713428063  0.0026108188185161104  -0.019160453648882247
1693    -0.11575001244379653  0.002758407547097233  0.029586083593626831
1694    -0.10877901820356552  0.0026719137220014939  -0.018990525130753149
1695    -0.11888601461342305  0.0027872615205389931  0.0549053095696889
1696    -0.11961301540282976  0.0027869829793249444  0.16156000883756727
1697    -0.094873497221643413  0.0027869855659966429  0.17483912364709381
1698    0.043794281352770241  0.0027872124769052721  0.055668325829799907
1699    0.045518699931778726  0.0027430531754888891  0.030160267923932619
1700    -0.052894305839682756  0.0027870954086503118  0.12205310101280989
1701    -0.067110077791500924  0.0027869829953189123  0.1616421165525791
1702    0.052894299059699751  0.0027870107001083631  0.12205299103477422
1703    0.067110068245621504  0.0027868766853035697  0.16164200460869366
1704    0.067163402909893685  0.002493820933536017  -0.064932270701356015
1705    0.082885260192493579  0.0024954948229117153  -0.079792313497471401
1706    0.11575000773683605  0.0027583718704416818  0.029585985222969232
1707    0.11888600832839256  0.0027872124513470581  0.054905210197380233
1708    0.12475800212758553  0.0027870104383653487  0.12171900069592723
1709    0.11961300273470926  0.0027869968534813484  0.16155990149255128
1710    0.10877900253942908  0.0026719037496685709  -0.018990637839142201
1711    0.054008125864412775  0.002610808938256362  -0.019160572054260843
1712    -0.12475801280727311  0.0027870955928943472  0.12171910427051828
1713    -0.097861198427507179  0.0025701001030024612  -0.064293779186497202
1714    -0.082885284925529615  0.0024954718904714834  -0.079792180705482857
1715    -0.043794284911782236  0.0027872618327485148  0.055668432461370258
1716    0.094873484867216223  0.0027868722575378584  0.1748390127039357
1717    0.055633420902677089  0.04829003540128457  -0.050140354624394971
1718    0.070331573298988218  -5.6148183995140903e-08  -0.012458263028484172
1719    0.074210579621516309  -4.4773997577497293e-08  -0.042882357937653076
1720    -0.10409002495856416  0.048920935796325817  -0.050881665959677816
1721    -0.092575084474032357  -4.2653919458362426e-08  -0.012387338773425599
1722    -0.089822199033863057  -4.7707763067725214e-08  -0.04263033947046984
1723    -0.12334301434642561  0.044956302872140759  0.078657871369042343
1724    -0.1131950196575346  0.061877885768133162  0.078801875890083542
1725    0.11103200472306046  0.067118333939957545  0.055290431531016683
1726    0.11319500582260099  0.061877823627845295  0.078801797852004266
1727    -0.066294504633612292  -3.0829444778973632e-08  0.055123052545801618
1728    0.083735109724500795  -8.8379490043393793e-08  0.078173678009536646
1729    -0.050218120765480656  0.066744241597974444  0.055904672081315568
1730    0.043643117963763703  0.044668830162086885  0.079319871519439492
1731    -0.065275506544963599  0.022399535040332017  0.1642731072366283
1732    -0.094925420451623818  0.021987188927158164  0.17790011725204091
1733    0.10910090454414607  0.10232296445358499  0.032004353182673161
1734    0.048777584925860089  0.10201697394537297  -0.031867764534962255
1735    -0.14021519458626444  1.3004302554747997  -0.038208289086963235
1736    -0.1026441874433159  1.2353603189215723  -0.038208290720902989
1737    0.037893124406146991  1.1945602112271907  -0.039958091220791962
1738    0.1026438132900547  1.2353603187390625  -0.038208281483474604
1739    0.1402148095093223  1.3004302555334655  -0.038208276700826029
1740    -0.15791619891312061  1.2956902463142441  0.085233323406352965
1741    -0.11560219476524705  1.2224002324182293  0.085233321186097069
1742    -0.042313490812046044  1.1800802099261962  0.085233323475192399
1743    0.1156018083762531  1.2224002324332783  0.085233331312112207
1744    0.15791580507581757  1.2956902463270572  0.085233337240179008
1745    0.15791569939312231  1.3803102720362734  0.08523334178713321
1746    0.11560170581687626  1.4536002863052264  0.085233344087034799
1747    0.042313093312427635  1.4959203133667147  0.08523334306907028
1748    -0.11560220043468918  1.4536002863108299  0.085233333965468894
1749    -0.15791620026901415  1.3803102720375329  0.085233327963322336
1750    0.044412489468729111  0.35396703175123484  0.018949875786040144
1751    0.035107128667598041  0.56118204811605188  0.08126176678172807
1752    8.6687249248705083e-09  0.63871699414159211  0.097751996888578663
1753    -0.089254274099134875  0.97753501252061137  0.073292933817936917
1754    -0.09430738734526517  1.1044500552878078  0.017626861128124973
1755    -0.29280009495156245  0.94043119112800666  0.008932832107328318
1756    0.29279985377290324  0.94043139165883693  0.0089329161712192375
1757    -0.42268805164226669  0.87534626406013361  0.088165113580845625
1758    0.42268783429488865  0.87534632773122878  0.088165192698941602
1759    -0.46337200635763415  0.85217722316457256  0.050675070092744648
1760    0.34971887479215169  0.97377519371464305  0.025660197893989305
1761    0.046389870172303539  0.30215401979565959  0.08494378302627148
1762    -0.047889122165298531  0.14594386484627633  0.043853131596394819
1763    0.089263453493129891  0.97779524632544235  -0.083990982404816728
1764    -1.8296137365210501e-07  1.2078502691172113  -0.12889991681153301
1765    -2.4504417773873776e-07  1.5044603476855092  0.12889998701793753
1766    -0.16073320697023191  1.3813502513163727  0.12889997304899636
1767    0.14402270391950153  1.4215803001553635  0.12889998874238839
1768    -1.7722277124969469e-07  1.1715402894356717  0.12889996676531396
1769    -0.12567119620267278  1.3718902926236236  -0.12889991440444876
1770    -2.2797639252980767e-07  1.4681503946475771  -0.12889990376430094
1771    -0.12880719838875074  1.2597302733141498  0.13100007827476046
1772    -0.12880720131061313  1.4162703589134058  0.1310000872137517
1773    -0.070597700311220063  1.4395103367223805  0.13100009109405619
1774    0.14866380551682748  1.3380003751591321  0.13100009480406374
1775    0.12880680327566446  1.2597302733271558  0.13100008954989231
1776    -0.078265353684824138  1.2091902870508247  0.13100007688115312
1777    -0.094847778731949786  1.2431502980150952  -0.11294201497942076
1778    0.094847393461449103  1.2431502982101685  -0.11294200640317822
1779    0.1295638199691358  1.3032803168107581  -0.11294200220906563
1780    0.12956381949089024  1.3727203461665574  -0.11294199853819424
1781    0.094847391633015768  1.4328503656941722  -0.11294199724712305
1782    -0.094847780378836552  1.4328503656941729  -0.11294200553896684
1783    -0.11595818696425611  1.3380003921404837  -0.13100002662661678
1784    -0.067163428071778594  0.0024936870374882652  -0.064932136355763018
1785    -0.12096401190915111  0.0027872059493831108  0.078453979313359498
1786    0.046898311922631226  0.0027872044292333964  0.079065365900990947
1787    -0.046898315828371541  0.0027872060587503336  0.079065473171610098
1788    0.097861171513538125  0.0025702338857475464  -0.064293910693813211
1789    0.12096400426215188  0.0027872044570583614  0.078453878861056384
1790    0.046645134910254182  1.0495000045906053  -0.10312101181434509
1791    0.53428389516307229  0.84106633432239586  0.13178004187514439
1792    0.56459886799423276  0.79791931027366381  0.1628299499117041
1793    0.51135887307732164  0.80607632151890718  0.13020405068271382
1794    0.55051685351959689  0.77952132298477617  0.16086104575803684
1795    0.56913686721769141  0.77710334244396451  0.17212994578114338
1796    -0.54153299929272258  0.81280810298707717  0.097751952222666
1797    -0.50410999077932916  0.83433510755667128  0.16423200019303336
1798    0.11741100328351191  0.073472627540186367  -0.0064262803099112073
1799    0.11800090430900451  0.090198054014337031  -0.0033400121026910183
1800    0.038770315169276294  0.089432729929131496  -0.0015610574536040606
1801    -0.038770330380957632  0.089432737616818136  -0.0015609605370206286
1802    -0.040110313685258171  0.072741947889332553  -0.0048531025767111899
1803    -0.11800101855841544  0.090198009267363766  -0.0033399234599111932
1804    -0.14391419944178738  1.3190502755252891  -0.038208288294890397
1805    -0.13992219217456939  1.3195802819370912  -0.065499956291572875
1806    -0.115160194788167  1.2496302742813568  -0.038208290025038685
1807    -0.11196519126457372  1.2520902795325197  -0.06549995805421209
1808    -0.054007807513779128  1.2076102952925325  -0.065499956783382413
1809    0.018986296824913051  1.190810244904152  -0.04899255508572279
1810    0.018420766153423293  1.1980802248614522  -0.065499951859986527
1811    0.088364784092472268  1.2228402393880609  -0.038208282197806503
1812    0.085913662713758721  1.226030283028263  -0.065499950338497065
1813    0.13410581059208607  1.2824502704990501  -0.038208277732217327
1814    0.13038581120584652  1.2839903375008039  -0.065499946026340558
1815    0.1439138135401051  1.3569502586082296  -0.038208273682571584
1816    0.13992170418416788  1.35642025569448  -0.06549994206788555
1817    0.11196480790804697  1.4239103783050893  -0.06549994021981527
1818    0.054007419447410818  1.4683903590085419  -0.0654999399347376
1819    -0.018421220530759595  1.4779203103582939  -0.065499942496829708
1820    -0.085914119084369453  1.4499703719845261  -0.065499947218089313
1821    -0.13038619461787465  1.3920103197367624  -0.065499952041582696
1822    -0.16208210205877477  1.3166602397489284  0.085233324345199118
1823    -0.1590831979202047  1.3170603075633127  0.065500008386518913
1824    -0.12969819523748241  1.2384802612527632  0.085233322234216216
1825    -0.12729819868476785  1.2403202585317663  0.065500006580370029
1826    -0.062561377593344999  1.1869602562809189  0.085233322782808332
1827    -0.061403913366367406  1.1897602440945705  0.065500008158283593
1828    0.020943482557512712  1.1789201892939081  0.065500012281473188
1829    0.099520268852046873  1.2083002735838015  0.085233330396584678
1830    0.097679081954629876  1.2107001964688142  0.065500014771344831
1831    0.1510357012171728  1.2754402774312106  0.08523333601461093
1832    0.14824180872372753  1.2766003047238408  0.065500019960019723
1833    0.16208170670529848  1.3593402783789557  0.085233340831829527
1834    0.15908269977885292  1.3589403323903975  0.06550002451388047
1835    0.12969769778815243  1.4375202591831158  0.085233343800153336
1836    0.12729759836145743  1.4356802644960676  0.065500027363509003
1837    0.062560910351917381  1.4890403853899286  0.085233343518183846
1838    0.061403511947529729  1.4862402787227611  0.065500027093859145
1839    -0.020943877363068662  1.4970803405929309  0.065500024181219738
1840    -0.099520740690149503  1.4677003656960645  0.085233335487854223
1841    -0.097679485642773733  1.4653003257031936  0.065500018813255179
1842    -0.15103620021172348  1.4005603606032921  0.085233329420225809
1843    -0.14824220189093437  1.3994003359305052  0.065500013274768357
1844    0.14565981172217268  1.2989702965412655  3.8214809214995038e-08
1845    0.13931380999227835  1.2802903144368589  3.7220879667919325e-08
1846    -0.091796736965185408  1.218370246452001  2.479668743688441e-08
1847    0.13059470893737143  1.2626002466724122  3.6149974547094572e-08
1848    0.11963181372560402  1.2462002595941173  3.4492611635036424e-08
1849    -0.10663018884785264  1.2313702618558156  2.401426036649539e-08
1850    -0.11963219038329781  1.2462002624555981  2.4745148809248285e-08
1851    0.10662981380823418  1.2313702617472158  3.3468764719386642e-08
1852    0.091796402376327274  1.2183702462792989  3.2970682262334385e-08
1853    -0.13059519897842287  1.2626002465831736  2.4596944914578273e-08
1854    -0.13931419668636083  1.2802903143740836  2.4928546245116491e-08
1855    0.075398816063352525  1.2074102602039598  3.2481524903697645e-08
1856    0.057705598251417793  1.198690220465443  3.3016302134453556e-08
1857    -0.15509119066180471  1.3175803004613165  0.038208340529048604
1858    -0.14566019937378366  1.2989702965007428  2.5392045069065847e-08
1859    -0.14950219586341476  1.3183202352073133  2.6172319346432502e-08
1860    0.14950180708621505  1.3576802940781501  4.1277221778384739e-08
1861    0.15079770167756229  1.3380003838233894  4.0300892511960163e-08
1862    0.14950180760388213  1.3183202352344146  3.9316980558866728e-08
1863    0.019682046019259051  1.4875003254756123  4.2562877040734436e-08
1864    0.020629904816224825  1.1588201460199665  -0.042852923230930366
1865    0.019841922097897941  1.1753802444888959  -0.043136938694215754
1866    0.020741426860339789  1.1687302805572253  0.043279208613908916
1867    0.020922626341778619  1.1568301954967506  0.04307784852858508
1868    -0.040583880584863348  1.1738501828961134  7.6358065775803034e-05
1869    -0.041553058823971652  1.1588902262135545  0.00012312500681232127
1870    0.022630411911673479  1.1415701578139623  -0.046528338178360405
1871    0.02099212394043231  1.1481401602002483  -0.043060483538398503
1872    0.022616824185656883  1.1412201860164559  0.046132577484545363
1873    0.021029615266561504  1.1478801842023305  0.043248910281012097
1874    -0.045247705168247422  1.1415601397231925  -2.7773482534439685e-05
1875    -0.042022194952954534  1.1484901548703159  0.000110772111221925
1876    0.034516688247910002  0.33863102657154115  0.056708726227351423
1877    0.076757603200748231  0.36882403022896015  0.0021417177954915689
1878    0.078987708355950231  0.33846103278161949  0.10428803363934377
1879    0.046040708592617656  0.33853300618280902  0.094511245589291609
1880    0.11010780302489892  0.36890402317241433  0.014753147187027709
1881    0.12179589945654942  0.36913001256727251  0.052594239786733332
1882    -0.076757725379849331  0.36882400574615831  0.0021416793763682435
1883    -0.077072625597809571  0.35398998569349438  0.00570818210206454
1884    -0.033408993925298731  0.36911198734565348  0.057146284934653867
1885    -0.043830092503899985  0.3688919883519981  0.015894500700014292
1886    0.070459370916667319  0.59417600573473484  -0.08716625554378804
1887    0.020995497640070901  0.59401102400001982  0.0083529883270921645
1888    0.033338023319364932  0.59413600628674679  -0.063286921063135063
1889    -0.070459591727205659  0.59417599870234605  -0.08716629494709284
1890    -0.12001009532097483  0.59400601342273629  0.0025367291966746407
1891    -0.12015009745363504  0.60638601437857376  0.00079196672255139834
1892    -0.10760209471704749  0.59413201346580824  -0.064739986809212377
1893    0.038479034781500422  0.4837560249413011  -0.024469057727396805
1894    0.027070100983303893  0.48394402342464155  0.032267527714023095
1895    -0.12088310085637115  0.48395601836195301  0.027067503065922656
1896    0.073547182283925719  0.4836970210034664  -0.043382930858648285
1897    0.07575058274244352  0.40485903341316409  -0.012139121772542656
1898    0.074405607912744656  0.48420304173661138  0.10271809171198122
1899    -0.024026263697495037  0.62272102230799586  0.080602904874974374
1900    -0.065473903259227098  0.62271601713038427  0.10186402824834262
1901    -0.10692109539896463  0.62270999854620923  0.073647279332146764
1902    -0.12073708938232117  0.62270802781510415  0.00012622804456386571
1903    0.12073680893398689  0.62270803649360662  0.00012627477227036065
1904    -0.010210378498999459  0.62271600831516383  0.005690531879234623
1905    0.1203769124633549  0.6568890323398251  -7.8476280361283209e-06
1906    0.10532990978197293  0.65687997420618627  0.076758853071043395
1907    -0.046645425073048467  1.0495000044160423  -0.10312101596535035
1908    -1.33274782557266e-07  1.0493699494723188  -0.10418501016715241
1909    -0.060188690717548683  0.65688901529298283  -0.10056699702400348
1910    0.060188477767551977  0.65685498742865378  0.10594003905916041
1911    0.10199780764743249  1.1123102359676558  -0.028499973305075345
1912    0.13280080977388262  1.0969303775683359  -0.028499964536978357
1913    0.1020098121871119  1.1012303228474216  -0.069451104523663085
1914    0.1321408091423695  1.0862003385270673  -0.068605187501473194
1915    0.1275198073018568  1.0111103497912102  -0.028499951878813011
1916    0.10209480693751702  1.0236603208078514  -0.028499954298968486
1917    0.10204582512372935  1.0679799469302553  -0.083665994659759518
1918    0.10208281412328704  1.034740329062023  -0.070297890448916128
1919    -0.1020460868586681  1.0679799550448872  0.026665941500449621
1920    -0.095067247264006158  1.0682599780983946  0.033913154345443987
1921    -0.29311911674743485  0.97308412745154005  0.018970250634198254
1922    0.27568692609240536  0.93797544595847937  -0.028499895589983875
1923    0.33029896193754954  0.98598236348704049  0.013284301062731469
1924    0.33437784929881903  0.99473438369912115  -0.021151089661532233
1925    -0.30021011605389869  0.92595314804236106  -0.020996980567209469
1926    0.31700085400429434  0.96049142071496085  -0.067441021237965831
1927    0.32991485463394032  0.98629141630826989  -0.055548174074750913
1928    -0.31055223033823293  1.0081901080002658  -0.028499965654682293
1929    -0.306194109660609  0.99941513741155519  0.0067152352440554928
1930    -0.3170011099548446  0.96049121566210449  -0.067441108069754785
1931    -0.3042342110101065  0.93461815034558593  -0.056150316223264461
1932    0.31758686881745468  0.96019638482444492  0.025292787264603628
1933    0.20480382480202144  1.0609803278225152  -0.028499940398331342
1934    0.1281798119144423  1.0218303513253817  -0.069446077817584578
1935    0.18887781307712559  0.99182551515073425  -0.067464694394437683
1936    0.18660280607944338  0.981945397156189  -0.02849994647441291
1937    0.19570382151530105  1.0214603113009983  -0.07989619488219464
1938    0.13015971438255844  1.0540202904523202  -0.082534193867159059
1939    0.20252881937241543  1.051100381994895  -0.06662956924402709
1940    -0.19570414032859026  1.0214600743764179  0.022896170257421848
1941    -0.13016024408691962  1.05402001783542  0.025534149530162833
1942    -0.43773303905397454  0.8583662410626165  0.071840096027377745
1943    -0.42311506800511933  0.90071818552548499  0.089305582231827052
1944    0.42352092674705261  0.86578717672866756  0.061902546198831072
1945    0.43514491809353273  0.89388534053489432  0.10262397767695038
1946    -0.4697790218392448  0.87396214887689505  0.041087966333623709
1947    -0.45453313106020715  0.85721013593854012  0.048536875226346192
1948    0.43893181638977624  0.86565133830991869  0.041194808735073141
1949    0.4538698493686214  0.88305517889655083  0.034604454779489195
1950    -0.45346416825924307  0.91798618151223077  0.062007419894966324
1951    -0.43832307346714322  0.91804728451297279  0.082299477196250317
1952    0.45065181219041645  0.91048731991967735  0.094713048774991218
1953    0.4671909028632707  0.9094801802612833  0.071872060124538659
1954    0.4742158006928453  0.90533432080407694  0.07716064935224369
1955    0.48236690129288812  0.90052231985566511  0.083295753642564488
1956    0.45307678313221361  0.84970131391432102  0.083263615551210923
1957    -0.48236712434943235  0.90052215468325447  0.083295688476735671
1958    -0.44481411413057592  0.8543672310003505  0.077112657884862282
1959    -0.45307700745448548  0.84970113201399278  0.083263556748508216
1960    0.36367984909553996  0.8949883466347871  0.021652195986658372
1961    0.40469984816997401  0.87496533925424402  0.049287882548598567
1962    0.36200296775458912  0.9058081899969167  0.04950515264010745
1963    0.33688497996338457  0.9493293645082429  0.036997125290605344
1964    0.37215885498820589  0.92944119098854616  0.058395422174289044
1965    -0.32175319423786225  0.9154511841963836  -0.0065832705161803064
1966    -0.3636800714831499  0.89498825760292178  0.021652104642094803
1967    -0.33990120379742889  0.94753915106782927  -0.050368607535921553
1968    -0.32702209976747393  0.92295914650003397  -0.039710403079111931
1969    -0.38715008599149214  0.92080427194207692  -0.015140296838452631
1970    -0.37334508131277999  0.8992352534243595  -0.0062130126474588456
1971    -0.047669810120420722  1.1367100865554047  0.038784866673124876
1972    -0.054485466561826616  1.1370301571458912  -0.00035959487590576353
1973    0.05448522070546695  1.1370302119293503  -0.00035958673334164951
1974    0.047679617296606691  1.1372202211437459  -0.03981317556107386
1975    0.047669490132323064  1.1367101443336458  0.038784868453300515
1976    0.027238443399083531  1.1362001226317502  0.054069821048476623
1977    -0.027238816115650107  1.1362001226094474  0.054069818673957035
1978    -1.6003018112449881e-07  1.1359001977857635  0.055747391792233376
1979    0.027246492481014295  1.1373400772602134  -0.056025698829863586
1980    -1.6203074370858414e-07  1.1373801318574301  -0.0583216704252408
1981    -0.02724680639325008  1.1373400761572652  -0.056025701565404699
1982    -0.047679939779597405  1.1372201556401575  -0.039813182959632647
1983    -0.077278138318122441  0.30228598293288356  -0.0025921264155720648
1984    -0.077199518174845327  0.33875798339146024  0.0048092813583956225
1985    -0.034516819839483237  0.33863099864932472  0.056708719719917013
1986    -0.035154412044068488  0.30218599971574323  0.048071230033501493
1987    -0.04478126662812236  0.33871799244184125  0.017826106317988231
1988    -0.045401156861476506  0.30222298390701391  0.010212503581913923
1989    0.10704390345469633  0.11382997749906476  -0.030971781989263772
1990    0.11804590734429762  0.11375597252913432  0.0013264336025358863
1991    0.10915200038954688  0.11350096362395069  0.03409814587201989
1992    0.078820463110994415  0.1132249625638985  0.04543817571279081
1993    0.048204772749093149  0.1130339693415283  0.035195760755737
1994    0.038459715510718029  0.11303196957455477  0.0032206652147175976
1995    0.038630002445547346  0.10183096392981919  0.00076821776734885337
1996    0.048611344020539606  0.11320997685336179  -0.029227929465268258
1997    0.077685651510709441  0.11356198219659057  -0.040890951583149995
1998    -0.036529843244118329  0.22347588269983729  0.029409195175554223
1999    -0.046737321024313723  0.22355588593789907  -0.0062021425433164195
2000    -0.078901951464512482  0.2235189777453932  0.074256502412544598
2001    -0.04714507300987561  0.22347087611282959  0.064246677663481869
2002    -0.11029491274636666  0.22362097573645148  0.061068796839213922
2003    -0.11981991391625499  0.22377588640766558  0.026313800208659213
2004    -0.10852191328552928  0.22385597745012187  -0.0076671095676751387
2005    -0.077447723760938378  0.22373296907588966  -0.018533384237823618
2006    -0.080559630362506823  0.073307370253199541  0.055623340078677148
2007    0.080559556144380901  0.073307323922905634  0.055623140111258421
2008    -0.08428633152848844  1.4222903107968918  0.13100008949531558
2009    -0.069069019868919695  1.4235503534028073  0.13100009022512898
2010    -0.084836303692165396  1.4358802934559642  0.13100009026434281
2011    -0.089716731154661611  1.3559202789166336  0.13100008543641042
2012    -0.070485530933348695  1.3555003044550709  0.13100008625099399
2013    -0.087162364917165114  1.2852702753059106  0.13100008168943897
2014    -0.069312867361469757  1.2860103268219261  0.13100008255211615
2015    -0.035585220374351828  1.4267003407095682  0.13100009184935166
2016    -0.052734910887061406  1.4251602753892318  0.13100009102156954
2017    -0.052265817819995362  1.3553202983707771  0.13100008702972304
2018    -0.034661407179429976  1.3552802440371319  0.13100008779128941
2019    -0.034613006256506061  1.2859302181939178  0.1310000841364983
2020    -0.05187075636345697  1.2861302514241446  0.13100008335966479
2021    -0.01863872966867642  1.4476302801522463  0.13100009381696473
2022    -2.2657405319927515e-07  1.4281003350688681  0.13100009347544705
2023    -0.017921259109870018  1.427720295725911  0.13100009267759402
2024    -0.017276038021516109  1.3552802440376444  0.13100008854526332
2025    -2.227472773122025e-07  1.355290257621683  0.1310000892951188
2026    -2.0611162754523173e-07  1.285640301128073  0.13100008565884688
2027    -0.017316276617569668  1.2857303041613648  0.13100008489318124
2028    0.01792085036220822  1.4277202957257014  0.13100009424474615
2029    0.035584681266427394  1.4267003407089471  0.13100009496161333
2030    0.034660869683120397  1.3552802440370109  0.13100009082286757
2031    0.017275630891693622  1.3552802440375842  0.13100009005626734
2032    0.017315862302788639  1.2857303041647745  0.13100008641330216
2033    0.034612532289878144  1.2859302182005716  0.13100008717479614
2034    0.069068551648882773  1.4235503534012133  0.13100009626681808
2035    0.05273443143720831  1.4251602753880126  0.13100009563442125
2036    0.054421302362432741  1.4429702682785834  0.13100009675454635
2037    0.070485049357889948  1.3555003044543947  0.13100009242074273
2038    0.052265280343915262  1.3553202983703836  0.13100009160348716
2039    0.051870282244848638  1.2861302514289406  0.13100008790327602
2040    0.069312456420816085  1.2860103268246119  0.13100008861661988
2041    0.08428584845293631  1.4222903107937535  0.13100009687081959
2042    0.097883336881673152  1.4228403426238785  0.13100009752245328
2043    0.10963380471908646  1.3566403032554863  0.13100009420138012
2044    0.089716249570903586  1.3559202789160616  0.13100009328600998
2045    0.10497180675684005  1.2835802446672469  0.13100008994224727
2046    0.087161953858765517  1.2852702753084879  0.13100008931411636
2047    -0.065743366869667239  1.2722602628345006  -0.13100002786399642
2048    -0.053873697897684453  1.2712702293776725  -0.13100002739095373
2049    -0.066172348811758333  1.2616502751660952  -0.1310000283515643
2050    -0.069979059653568418  1.324020237406802  -0.13100002548209844
2051    -0.054978589690655132  1.3243503280220257  -0.13100002484145612
2052    -0.067986707622676404  1.3791303520506948  -0.13100002236236719
2053    -0.054064079619845544  1.3785502794532967  -0.13100002181578813
2054    -0.027756497819643185  1.2688202393171575  -0.13100002633215196
2055    -0.041133089569603744  1.2700103060144732  -0.13100002687724957
2056    -0.040767355993672184  1.3244902797672191  -0.1310000242265465
2057    -0.027035997429130772  1.3245303340954211  -0.13100002363910018
2058    -0.026998208355625622  1.3786103609457054  -0.13100002066692507
2059    -0.040459259854554529  1.3784602764060097  -0.13100002124541099
2060    -0.014538087275690255  1.2524902305802996  -0.1310000264493367
2061    -1.8936138442592765e-07  1.2677202948859705  -0.13100002512866529
2062    -0.013978588000559546  1.2680202255366326  -0.13100002575089603
2063    -0.013475338178579738  1.3245203205107188  -0.13100002304987621
2064    -2.0666134030379018e-07  1.3245203205099609  -0.13100002246278047
2065    -2.1299225205366101e-07  1.3788403157371036  -0.13100001948439274
2066    -0.013506758481118103  1.3787703398628444  -0.13100002007309833
2067    0.013978192062782302  1.2680202255537496  -0.13100002449953285
2068    0.027756101861636462  1.2688202393512611  -0.13100002384688506
2069    0.027035542597311224  1.3245303341052685  -0.13100002125057988
2070    0.013474952254775328  1.3245203205156428  -0.13100002185935269
2071    0.013506361765013429  1.3787703398650444  -0.13100001888305085
2072    0.026997751114446394  1.3786103609501126  -0.1310000182881573
2073    0.053873372655874052  1.2712702294389508  -0.13100002257401686
2074    0.041132693579956053  1.2700103060622541  -0.13100002319839565
2075    0.042448641394974902  1.2561202738054889  -0.13100002373681924
2076    0.054978263432183927  1.3243503280447775  -0.13100001997746152
2077    0.040766962654559091  1.3244902797835099  -0.13100002062126051
2078    0.040458802635160891  1.3784602764114042  -0.13100001768572705
2079    0.054063622421718791  1.3785502794599109  -0.13100001706158351
2080    0.065742974560701259  1.2722602629061566  -0.1310000219904521
2081    0.076348972897451392  1.2718302748601262  -0.13100002155624282
2082    0.085514192388545893  1.3234603112386549  -0.13100001860557403
2083    0.069978658934937238  1.324020237434163  -0.13100001929522878
2084    0.081878189540884466  1.3804503569576401  -0.13100001566375757
2085    0.067986254177331285  1.3791303520584877  -0.13100001638583705
2086    0.09608337224230229  1.0201200350760378  -0.025355516243967539
2087    0.095241046714504105  1.0010299720820746  -0.015922406941801113
2088    0.094663052900779615  1.0157399261832978  0.040348189338415462
2089    0.092929138787664622  1.0597700165646933  0.054896939960171989
2090    -0.092929460974732675  1.0597700175269216  0.05489693211122413
2091    -0.091205370580485723  1.1041600234955766  0.032591741943139137
2092    -0.09065676922445233  1.1199500065843746  -0.021698971773989561
2093    0.10253882418191501  0.89873816022529707  0.0012812799370005568
2094    0.089721582964402427  0.89863011402249371  -0.069725375975765835
2095    0.097936670014494118  0.96202099142004649  -0.0053326855416238415
2096    -0.089721819119803009  0.89884697550285864  0.072845119462383853
2097    -0.1025390686755796  0.89873802862917518  0.0012812705282265547
2098    0.051269379531986528  0.89859309406029231  -0.093394260742697119
2099    -1.0826056796950041e-07  0.89859302917018291  -0.093394258904696936
2100    0.048724443681002004  0.97405716427588507  -0.099734166371425889
2101    -1.1134969513557012e-07  0.97402404193317815  -0.099999982072992891
2102    -0.089721819801194022  0.89862996704920761  -0.069725384350877287
2103    -0.051269614677374092  0.89859302245485484  -0.093394264479826766
2104    -0.048724666487339231  0.97405705560660405  -0.09973416643378577
2105    0.089721592319950083  0.89884697556272664  0.072845126993182296
2106    0.051269381788082657  0.89888297746074464  0.098185091757731449
2107    -0.051269617335215824  0.89888297743782752  0.098185087424943793
2108    -1.1156789982706826e-07  0.89888297822460383  0.099299222421850825
2109    -0.1267441952740149  1.4363603493984998  0.13100008850677933
2110    -0.13818220728456393  1.4194903220783934  0.13100008700317975
2111    0.034347541394617653  1.4661903544688824  -0.12259999484881291
2112    0.050783760610010727  1.4606003906359943  -0.122599994484571
2113    -0.13818220437515044  1.2565103101882762  0.1310000776201897
2114    -0.14754619898956395  1.2753003224369133  0.13100007827811053
2115    0.102603704422129  1.4717203401978072  0.12260008235350221
2116    0.11918370502539292  1.4571802591774334  0.12260008222111091
2117    -0.017321626913158736  1.2064302471413253  -0.12260001002037085
2118    -0.034347937881962588  1.2098103083634695  -0.12260001077272781
2119    -0.050784157379044959  1.2154002721996682  -0.12260001146335422
2120    0.098361379875553406  1.2112602374261301  0.1310000845883712
2121    0.11341080614932485  1.224590225970859  0.13100008697758614
2122    0.13156981432426246  1.3553203148774291  -0.12259999644865177
2123    0.12818771257070219  1.3723503210328334  -0.12259999568151406
2124    0.021472629014698187  1.4967403514375797  0.13100009820787895
2125    -0.16710419792156753  1.3600003379348558  0.12260006402999664
2126    -0.098361841975599218  1.4647402758349028  0.13100009141776883
2127    -0.11341120259444425  1.451410288713934  0.1310000899660089
2128    0.16016779996354708  1.33800037515869  0.1310000952954066
2129    0.15873679715157687  1.3165302984811982  0.13100009401576845
2130    0.016748613305942555  1.2141902980999637  -0.13100002678155112
2131    0.13371580927666107  1.4406002681304089  0.12260008189157591
2132    0.081492670849660068  1.1998201959910137  0.13100008318039938
2133    0.062700102787129605  1.1904502244705273  0.13100008172176095
2134    -0.081493131531371943  1.4761803182747948  0.13100009282250027
2135    -0.062700509782024239  1.4855502907150129  0.13100009420572292
2136    0.021999304137494364  1.1709002548619689  0.12260006042878924
2137    0.066354643317844977  1.4529303432297878  -0.1225999942899588
2138    0.080785337599899879  1.4432803480862182  -0.12259999427064537
2139    -0.12493118938662147  1.338000392148083  -0.13100002699732871
2140    -0.12381518916700915  1.3212502895268896  -0.1310000278450659
2141    -0.1587371955734791  1.3165302984786991  0.13100008012706862
2142    -0.15450820092377909  1.2954803155497352  0.13100007908207079
2143    -0.050784219292018339  1.4606003906359948  -0.1225999989242508
2144    -0.06635509082398168  1.4529303432297882  -0.12260000009088864
2145    0.14754580046080862  1.4007003093182901  0.13100009841515214
2146    -0.02147303783856231  1.1792602847377223  0.13100007725207943
2147    0.050783763054544045  1.2154002721465174  -0.1226000068528315
2148    0.066354705153958513  1.2230703195341279  -0.12260000591719319
2149    0.10528171411433471  1.4187903412633702  -0.12259999475168509
2150    0.093839768084671621  1.431840305665615  -0.12259999442491684
2151    0.13270981285879044  1.3380003916520931  -0.12259999734089738
2152    0.13156981454938022  1.3206803492541193  -0.12259999829068433
2153    -0.080785800007197775  1.4432803480862186  -0.12260000133314791
2154    -0.093840170887324742  1.4318403056656155  -0.12260000262867196
2155    -0.12381518935374276  1.3547502563793687  -0.1310000260205916
2156    0.15873679648089198  1.3594703326987956  0.1310000964978969
2157    0.1545078019619055  1.3805203158319848  0.13100009752267444
2158    0.017321171003367993  1.4695702965603665  -0.12259999537888935
2159    0.080785399170953384  1.2327203173347592  -0.12260000449189931
2160    0.0938397698031396  1.244160240167552  -0.12260000354175185
2161    -0.062700440404956051  1.1904502244817321  0.13100007624426796
2162    -0.042516339152794007  1.1834901887534117  0.13100007663808455
2163    -0.12260318839062381  1.287220317608033  -0.12260001125149279
2164    -0.11493019291596465  1.2716502682188324  -0.12260001169731706
2165    -0.11493019375159759  1.4043502769980132  -0.12260000457921144
2166    -0.1052821914227938  1.4187903412633707  -0.1226000039557307
2167    -0.016749128567776696  1.4618103658527248  -0.13100001563866517
2168    0.11492971065085615  1.2716502683266253  -0.1226000014613165
2169    0.10528181248234994  1.2572103234576029  -0.12260000250236221
2170    -0.098361783258165206  1.211260237430545  0.13100007599095548
2171    -0.081493063770106344  1.1998201960059165  0.13100007606250735
2172    -0.1052821900487456  1.2572103233169505  -0.12260001193110426
2173    -0.093840169329655151  1.2441602399917455  -0.12260001200521499
2174    0.14754580259527761  1.2753003224458108  0.13100009119021153
2175    0.15450780330275662  1.295480315554687  0.13100009260114381
2176    0.12260280943461882  1.3887803466646622  -0.12259999501053995
2177    0.11492970972289382  1.4043502770044887  -0.12259999449214377
2178    -0.12260318901203179  1.3887803466542139  -0.12260000577991305
2179    -0.14754620111054662  1.4007003093221422  0.13100008550523257
2180    0.12818781732906606  1.3036503431720121  -0.12259999933013724
2181    0.12260281012345839  1.2872203176909196  -0.12260000037254967
2182    -0.12674419132667369  1.2396402836096867  0.13100007726181551
2183    -0.11341119760554444  1.2245902259523702  0.13100007705122788
2184    0.062700033437090866  1.4855502907107792  0.13100009969335391
2185    0.042515929994523236  1.4925103273739406  0.1310000992152292
2186    -0.021999830157896468  1.5051003829695189  0.12260007855856393
2187    -0.066355088812964369  1.2230703223350479  -0.1226000115118113
2188    -0.080785798223373034  1.2327203171251613  -0.12260001184418404
2189    0.12674370860600617  1.2396402836260831  0.13100008835518606
2190    0.13818180921071244  1.2565103102019988  0.13100008971487878
2191    -0.16469010393361377  1.3163202536956313  0.10076705955438076
2192    -0.13178519297925262  1.2368802324937198  0.10076705710655968
2193    -0.063568272868860395  1.1845302921935428  0.10076705689996479
2194    0.10112180750900923  1.2062201889109718  0.1007670650865264
2195    0.15346681010031049  1.2744302157094629  0.10076707129427401
2196    0.16468970729631002  1.3596802623475996  0.10076707636851137
2197    0.13323269912841806  1.4402303622226353  0.11294208478458051
2198    0.13178470908293699  1.4391202857651495  0.1007670794605014
2199    0.063567810937106964  1.4914703473581528  0.100767079181597
2200    -0.10112219892555424  1.4697803290381648  0.10076707103448163
2201    -0.15346720609027104  1.4015703010059977  0.10076706482045439
2202    -0.11891119484843926  1.2441902651272707  0.13100007791627943
2203    -0.10935819462281129  1.2493402271691438  0.13100007867387459
2204    -0.14734719496683996  1.3172302956518505  0.13100008068740204
2205    -0.12991210618201743  1.3183003185775135  0.13100008154109263
2206    -0.13714919899611577  1.3984602468368552  0.13100008582293871
2207    -0.12229619833190494  1.3953503138833754  0.1310000862856471
2208    -0.093815020829150636  1.4569103687221978  0.13100009113759614
2209    -0.088659517025357945  1.4473602709933631  0.13100009079400624
2210    0.060462948213656768  1.4751503496824336  0.13100009895521475
2211    0.057350449619089902  1.4603003244069399  0.13100009793396936
2212    0.10935770035846601  1.4266602863442752  0.13100009824864001
2213    0.14734670650722592  1.3587703355254184  0.13100009596350262
2214    0.12991170718175971  1.3577103261821069  0.13100009514496586
2215    0.13714871111381985  1.27754026570351  0.13100009090768641
2216    0.12229570303430032  1.2806503178319586  0.1310000904854165
2217    0.093814558391631372  1.2190902659836709  0.13100008607693697
2218    0.088659106167696983  1.2286402438515929  0.13100008638340627
2219    -0.060463292532856427  1.2008502840744673  0.13100007720298473
2220    -0.05735098170307168  1.2157001890175818  0.13100007832899954
2221    -0.13703519574670975  1.3199603225049501  -0.085233272416105857
2222    -0.13476318526691852  1.3202602541600004  -0.1007670077780594
2223    -0.10965519038589215  1.2538603006473341  -0.085233274334055795
2224    -0.10783718858442766  1.2552502823109675  -0.10076700972416332
2225    -0.052893677972230248  1.2103002558823686  -0.085233273476643459
2226    -0.052016777969667534  1.2124202757687483  -0.10076700897975518
2227    0.084141378306080886  1.228340203627817  -0.085233266898279578
2228    0.082746272324270675  1.2301602927779207  -0.10076700245506796
2229    0.12769680793106206  1.2851103103043211  -0.08523326241401738
2230    0.12557881707028504  1.2859803009370725  -0.10076699796114021
2231    0.13703470931546391  1.3560403368251182  -0.085233258444261897
2232    0.1347628193277523  1.3557402879432641  -0.10076699402470109
2233    0.10965471155305774  1.4221403594456501  -0.085233256629254461
2234    0.10783671096176464  1.420750379659421  -0.1007669922622234
2235    0.052893349894484569  1.465700282551597  -0.085233256350196268
2236    0.05201626077503519  1.4635803840468493  -0.10076699198828797
2237    -0.084141841164628001  1.4476603348668982  -0.085233263483300431
2238    -0.082746726719433519  1.4458403670327029  -0.10076699900306579
2239    -0.12769718983528622  1.3908903493633584  -0.085233268192540693
2240    -0.12557919771609824  1.3900203606842341  -0.1007670036023197
2241    -0.085299599784216903  1.4071502661217814  -0.13100002209864395
2242    -0.11493119156459473  1.3542003437431978  -0.1310000256848329
2243    -0.10133119233584273  1.3533702891789288  -0.13100002518297202
2244    -0.095391253819857233  1.2932703106537689  -0.13100002812109648
2245    -0.069154488282452173  1.2527002773784441  -0.13100002888091472
2246    0.044733291399853145  1.2426102809694972  -0.13100002413395079
2247    0.08529919896858798  1.2688502801447556  -0.1310000212557384
2248    0.1013308139061901  1.3226302567131054  -0.13100001790310475
2249    0.095390860546619605  1.3827303545757974  -0.13100001490253294
2250    0.069154027980961805  1.4233002691121486  -0.13100001432391178
2251    -0.044733807313046471  1.4333903850966088  -0.13100001866274899
2252    -0.042994472059661427  1.1775402155900834  0.10076705736425122
2253    -0.021682062953371124  1.1733101923054763  0.10076705797829894
2254    0.042994142755210754  1.4984603055451615  0.10076707872521208
2255    0.021681602358162754  1.5026903293583107  0.1007670780616466
2256    -0.019705289677344532  1.4679102903277148  0.13100009500245005
2257    0.019704818625863312  1.2080902239830549  0.1310000813717325
2258    -0.035181687721912026  1.2067002544845751  -0.10076700811915465
2259    -0.017742016443433799  1.2032402039128853  -0.10076700709163788
2260    0.035181230606740277  1.4693002860478224  -0.10076699236172894
2261    0.01774163052648858  1.4727603368080708  -0.10076699290479213
2262    -0.015370177115126829  1.2366703186887833  -0.13100002702723412
2263    0.015369720888533585  1.4393303475180266  -0.13100001565915281
2264    -0.050574082498473172  0.010443458738534689  -0.018734647164554162
2265    -0.10204901982963303  -4.3323860285619066e-08  -0.015933701614028462
2266    -0.093953688225105109  -5.0799171887494039e-08  -0.057602434973554398
2267    -0.12173901370352107  0.01114913122494148  0.054964076745012198
2268    -0.09511668430612745  0.011148265791322512  0.1779001193550212
2269    -0.065462486315318522  0.011148383276166234  0.16426612077363459
2270    0.04065329094146132  0.011149142434974269  0.055783240832143886
2271    -0.050358605329127087  0.011148734667012467  0.12336410316200609
2272    0.060183410627243097  -1.0178353370448258e-07  0.11816299093261817
2273    0.082666690503732987  -3.5311311319345855e-08  -0.071822869120480373
2274    0.1101010071001975  -8.0120502117430967e-08  0.054817770146138339
2275    0.12744500149072599  0.011148709172889291  0.12299790203690357
2276    0.11167290448154689  0.010687948319337176  -0.01868212683343384
2277    0.060889486017566517  -5.470283982785433e-08  -0.016085567941263593
2278    0.070781114630206948  -3.967565603820509e-08  -0.058136683980515899
2279    -0.11638401437927444  -1.8891302390509245e-08  0.11792110405640642
2280    -0.082666713702995387  -5.391034550548072e-08  -0.071822737914474327
2281    -0.052987224270519065  -3.0921193549916277e-08  0.055413385629159193
2282    0.071677207167834101  -1.1393313188495995e-07  0.15377800421678833
2283    0.093750355014059261  -1.1791835396094306e-07  0.16565600576935574
2284    0.10408999778526845  0.048921006780390873  -0.050881774401997405
2285    0.11538800060096802  0.04928899288477593  -0.01114934359874083
2286    0.07993775053987906  0.048482197560998634  -0.063790947923007033
2287    -0.055633445725318011  0.048290028140443253  -0.050140241668713642
2288    -0.043879524916359727  0.048661786865524546  -0.01019354770678429
2289    -0.079937834991848172  0.048482123625968418  -0.063790837086644528
2290    0.09474498442867664  0.032207603122696084  0.17790001870341773
2291    0.065090357254197123  0.033856276153366158  0.16428300683262073
2292    -0.12707100950268635  0.03930514211875441  0.12306408647737312
2293    0.12707099655558604  0.039305114278632751  0.12306400048863016
2294    0.12727299727084312  0.02376218105464218  0.12302500312951534
2295    -0.10355501579071448  -1.9681547483652135e-08  0.11414310084739754
2296    -0.08750737416585512  -1.989881908373552e-08  0.11292309830152429
2297    0.087507366906010006  -1.0009409184977316e-07  0.11292299136591848
2298    -0.049985186880402682  0.039039890037504361  0.12343009140793114
2299    -0.050185744640047728  0.023695868517306585  0.12339110081450005
2300    0.049985178001155317  0.03903980297811243  0.12342999825458592
2301    -0.1241041934356641  1.242770247622361  0.038208338167921706
2302    0.020682718526350178  1.177970213404711  0.049028079896660706
2303    0.095227961057093635  1.2139002529163709  0.038208347477418171
2304    0.14452180939247064  1.2781402526606263  0.038208351975857729
2305    0.15509081391128615  1.3584203430997985  0.038208356178508478
2306    -0.044412613589853392  0.3539670126032442  0.018949830289137784
2307    -0.034105598455289085  0.35390800187964255  0.058630733388085179
2308    0.022801635230324802  0.56129201179244192  0.015443265463939983
2309    0.03486306081636318  0.56140102157193017  -0.051783028108583838
2310    -0.12027010019509576  0.5612880118750142  0.0098115381843511713
2311    0.039114108570326475  0.48413503124848456  0.087704264544998495
2312    0.49970277923733963  0.88308629438074182  0.09869590990957712
2313    0.47207387486075464  0.83629432372654111  0.098293703907564908
2314    0.11795000332066267  0.10258596892253674  -0.001039514182463566
2315    0.11308999701652084  0.025682279581005118  -0.01580339207903942
2316    -0.048045233695773612  0.025219871793358162  -0.015511231531652372
2317    0.12129099992998126  0.034041467768282561  0.1641910105001784
2318    0.071847499044214891  -1.0053403526114093e-07  0.11426199422289875
2319    0.071374418522129071  0.56143702724438904  -0.074191453433169546
2320    0.12105290903828152  0.64039898876163937  2.9630908875671981e-05
2321    -0.26218613918844269  0.98844509903419686  0.020219200479773821
2322    0.24683083206355153  0.95221849191229124  -0.028499910741944141
2323    0.051328960148316498  1.4619202757093712  -0.11294199730735835
2324    -0.034716767858372702  1.2084402348510854  -0.11294201364713614
2325    -0.017507656851521385  1.2050202385190412  -0.11294201284668712
2326    -0.051329476762622381  1.2140802666152251  -0.11294201438671056
2327    0.13298171383882518  1.3555103339265087  -0.11294199931065627
2328    0.10641181030653109  1.4196503167473227  -0.11294199757804797
2329    -0.081653219374197866  1.4444103326992654  -0.11294200422971588
2330    0.034716251579743493  1.4675603074602368  -0.1129419976761423
2331    0.017507260007482636  1.4709803038861031  -0.1129419982116633
2332    0.081652773133303477  1.231590212414261  -0.11294200733174248
2333    -0.10641219015562316  1.2563502274457856  -0.11294201491622434
2334    -0.12392019131029923  1.3893302586647276  -0.11294200874586946
2335    0.12391971477223837  1.2866702852559297  -0.11294200325167834
2336    0.077587782803676286  -1.0934096705972213e-07  0.14009100263247309
2337    0.091408072271824112  -1.1144094058286226e-07  0.14634999856708886
2338    0.10332441258415748  1.4217757524980983  0.090200299466093439
2339    0.080575900658352378  1.2995455711823447  0.06592050518917178
2340    0.0018554705438745239  1.386348277167039  0.034069758266331615
2341    -0.080250736780066431  1.2899950465805494  -0.092519415795253704
2342    0.054359641446115964  1.3374903311885802  -0.056262822618522425
2343    0.026134911185438977  1.440487560943974  0.085343344745391569
2344    -0.1188673328911589  1.3619346980567406  -0.11914081781606867
2345    0.08681373119835871  0.094996055999397866  0.0031857362692968008
2346    -0.10335031833701787  1.3599929149944956  0.07075440071184709
2347    0.026748242534633784  1.2171247949894495  0.056423943412931908
2348    -0.091092173533757911  1.294234311756272  0.075730887836399058
2349    0.030143979512171109  1.2750390909349212  -0.058183191486145709
2350    -0.47494439974838931  0.86679980141253277  0.068137025697894885
2351    0.0036840492133112263  1.2903607537699684  0.052295550339362326
2352    -0.021050058654885229  1.4443134217658087  -0.10593156030898118
2353    -0.068780358333141736  1.2484224941321098  0.067646547457205247
2354    -0.021239116980203754  1.2900571771455394  -0.081951545308349277
2355    -0.12926764765412771  1.2963610777280969  0.054982500503819094
2356    -0.44536279980267407  0.88912502655648251  0.070773050330280446
2357    -0.077312813580837747  0.3475393758247402  0.077164977836825493
2358    -0.028283530612462918  1.4350799969574883  0.079505393112189279
2359    -0.039629901904487168  1.3977643126979715  0.084128242826198837
2360    -0.052138201067981567  1.3069606603006791  -0.09635748508852493
2361    0.073874372331749677  1.253194724309133  -0.10432617371112236
2362    0.0084119194538068258  1.3354487926061818  -0.084163272827955479
2363    -0.068766352907806888  1.2786322881398138  0.094174037565011623
2364    0.073711625392376356  0.6319190142967549  -0.032113735138128069
2365    -0.049666824210938251  1.2616599519264198  0.11135982553640056
2366    -0.0049343407602544156  1.4571400625726803  0.058736712009885679
2367    -0.023929777963626192  1.2257972834694129  0.057532673445664512
2368    0.07926696498110912  1.259817784956575  0.082113271374082461
2369    0.028677464171237864  1.4740969008605618  0.055081187737068028
2370    -0.043597547516624729  1.4420325322744512  0.028549935286677205
2371    0.078395489883993891  1.3795301844451846  -0.0040580516281371786
2372    0.0051453131530219383  1.3320226467452358  -0.11473187622421273
2373    -0.11922531324128244  1.3264752842332772  0.085990405247480944
2374    -0.10778204390570423  1.3017882745120717  -0.08826964176107005
2375    -0.049157101685604783  1.3304295624359204  -0.11362991851710469
2376    -0.13764829804705028  1.3382837363321438  0.056547299035896233
2377    0.0086930547675331173  1.2016218150903772  0.11024491126540255
2378    -0.00378400056775248  1.15133764288361  0.0067925639249445495
2379    0.027952310914223292  1.4077871475197143  -0.080374551234637326
2380    0.0070442061168900756  1.2430679142074494  -0.091028010985035074
2381    0.080305116680777999  1.291358806678685  -0.052262735909083063
2382    -0.045986760230203171  1.4690036567680098  0.056027922981711054
2383    -0.080547769717481746  1.2715436474556048  0.11463830192863603
2384    0.052359537212552022  1.3145768448600665  -0.093646874168127128
2385    -0.025964511144263912  1.3804360560940769  -0.067917983484727593
2386    -0.092893282826877269  1.2454779353197671  0.09942563066454374
2387    -0.45313216852024751  0.87270086210122211  0.057418933883563554
2388    -0.045804842241883442  1.2263923090488695  0.097016033242922559
2389    0.15569099375085463  1.3491297186060853  0.11971526215244536
2390    0.06019085690233688  0.11179207232890905  -0.010051997707902473
2391    -0.0086888708179858574  1.2194942497119527  -0.10180007621314301
2392    -0.03020178401452428  1.232554436872924  -0.092507857245588229
2393    -0.051302669679051623  1.4116950885649391  -0.093010080698810949
2394    0.066422779724679346  1.2069478274645287  0.11103496420279547
2395    -0.078521321357978319  0.093542819629533883  -0.0041568373665841719
2396    0.074623611637303383  1.2346969234874097  0.1103530857053376
2397    0.021626055000395633  1.4384121326542996  -0.051311185546884186
2398    0.044116004010615308  0.62365837037522032  0.041208496700677721
2399    -0.019041321966281232  0.67503669240972897  0.064921902134810403
2400    0.080922474708352801  0.043756004745209832  0.045070882662169812
2401    -0.2845205307107902  0.97618284213322182  -0.03410750644266744
2402    -0.035243700529588584  1.3826086692688819  -0.100799242431867
2403    0.093865358301984544  1.3633579722459399  0.084457450921065297
2404    -0.060727457184267621  0.59843099819902901  0.055317067479870266
2405    0.10049599543089179  1.3241933861206689  0.092427110536786025
2406    0.075101712708936008  0.57401247118317567  0.046920293362955827
2407    0.066619007372124658  1.240932453188982  -0.049066384431414589
2408    -0.021153832801284845  1.3745514120351365  -0.11494653825044975
2409    -0.052927502506355736  1.0750538546188866  0.04208997146725732
2410    -0.10780903412457425  1.3121106472010586  -0.11568320831222739
2411    -0.081042705939105175  1.3314648367372661  0.095025207093250574
2412    0.45439691320700115  0.87675546424955197  0.06370663192519542
2413    -0.11563374530105072  1.393509982964753  0.05246499541236712
2414    -0.086505831824245177  1.3396239028493495  -0.037896822423987439
2415    -0.078056980031271248  1.393744733766493  -0.049685777305391809
2416    -0.13280597701174388  1.3803260508695077  0.08455727824561686
2417    0.014681205874808629  1.4742836982429068  0.10016897607336038
2418    -0.069242863238467831  1.2679477075331425  -0.10497369943825953
2419    0.010657916588432102  1.215697819889227  -0.078506114574070654
2420    0.082379882923533682  1.2628136838238522  -0.078202082227080957
2421    0.073464567059723818  0.34443884803235025  0.053946662276895388
2422    -0.048842177139296228  1.4494993624371624  -0.086369077126122143
2423    0.099720433311152754  1.2701399809303917  -0.12262429797194978
2424    0.41572281455149024  0.90185560250439434  0.053416765880273637
2425    0.041068456287525014  1.2576654124486473  -0.093602820730418965
2426    0.022583422403729819  1.2160581764569536  -0.047452686757241368
2427    -0.024520572215646644  1.105457842571234  0.039628089441556581
2428    0.1296448184161289  1.4018478077314145  0.11051715342270231
2429    -0.025518117285242423  1.3140424426949959  -0.019218457068835806
2430    -0.10866482516649892  1.2648272404452452  0.048019241731039365
2431    0.0089516921532771573  1.3691081076898797  -0.11110295296779912
2432    -0.061813690821729647  1.30500265385381  -0.11952864826017313
2433    -0.036997601141511446  1.3158214413838925  -0.11946329088067111
2434    -0.079694594457735607  1.2491458839870158  -0.11717684254659291
2435    0.091223209790388823  1.3281224526191273  -0.085803530123359673
2436    -0.023291794384441119  1.3469313694275782  -0.11302510625517632
2437    0.059286259681074822  1.2697861945272819  0.017776387133163686
2438    -0.32373336014990167  0.95479173311928445  -0.0036931007351061213
2439    -0.45415535396096307  0.88065964560551946  0.098235312441593642
2440    -0.13343009365263933  1.2944289417710759  0.092519958882952336
2441    -0.11290139077384936  1.2612046535607075  0.084047838771446684
2442    0.12713949764008342  1.4231783531723812  0.10863438161461204
2443    -0.1188036476193834  1.3285300665446722  -0.084597082096020085
2444    0.12243698998836265  1.3422109907498136  -0.086112303852136599
2445    0.026959208869660901  1.0023310108707468  0.028439422048050698
2446    -0.071514174532051875  1.0642357075102484  -0.032169520871822489
2447    0.35809226285344165  0.93773910026731899  0.0073884476008850546
2448    0.013697575753089239  1.4354093252051348  -0.093761246769831053
2449    -0.071730460500007115  1.4467277261277811  0.075589059595467425
2450    -0.092658861018413738  1.2616861875784497  -0.10329573154873908
2451    -0.0074947549295489623  1.3988987010008285  -0.10227656652711259
2452    0.08151275966973251  1.3929638473055801  -0.088146788832339035
2453    0.12513297842857538  1.3876553409162353  0.081884675464399329
2454    -0.043728426002335195  1.1931110745198026  0.10226099796036089
2455    0.035930499398467583  1.07138427211528  -0.010655530671145825
2456    0.041375129637105358  1.1107064187550373  -0.050542910622116168
2457    0.052403249344028159  1.0886966276971095  0.032710619509428378
2458    -0.10929211501020819  1.3632935696467539  -0.070978549562367696
2459    0.058677890462891256  1.2887994542060157  0.098751352028850437
2460    0.09478424309268417  1.2819316791395601  0.10111076473465427
2461    0.0088762719461988188  1.1304771020580819  -0.011676876953093647
2462    -0.078236739949041775  1.2683541815200203  -0.12169163428454437
2463    -0.081473147227418802  1.3408109259555379  -0.097703359810799681
2464    0.050382246743925781  1.2648549621707106  -0.11937555418625059
2465    0.012321170190239594  1.2623886103827024  -0.116498459152908
2466    0.016137058456632335  1.4017278703717739  0.086060696328390501
2467    0.09174065049231063  1.3622868717809544  -0.054771203649392072
2468    -0.29323390577319164  0.97346803538352322  -0.0065269671300577916
2469    0.072859336237123123  1.4276303095900325  -0.091046937045755325
2470    -0.12434649072468469  1.2540267052606999  0.10836408880667292
2471    -0.10572776892892051  1.3853758189717895  0.1051507469153829
2472    0.079763185681487894  1.0726461928538917  0.0058389488301634814
2473    -0.063392533421138347  1.4360340715698401  -0.059967935088397054
2474    0.0077234409198669229  1.461521980917377  0.024342227675824672
2475    0.09980099771654484  1.3437336644921236  -0.11491243341300557
2476    -0.024004969880666013  1.4768507476992438  0.096323581112814985
2477    -0.045167717949775761  1.4268208496079371  0.11004012241479581
2478    -0.022640890923998628  1.1333448761988274  -0.0119438204278992
2479    0.06486616366322813  1.2174812977009331  0.076696926987341832
2480    0.018148351914060078  1.2965571478121438  -0.10604315889454402
2481    0.010848324775379978  1.2583467577044074  0.088777310812115942
2482    -0.072972959797702699  0.096199987269947856  0.021246585092938006
2483    -0.082114651364328314  1.2212643372588929  0.085078303484680859
2484    0.06037100706169423  1.3231996933919832  0.10096498961348827
2485    -0.029092537313306594  1.1091646774144013  -0.03142332506937049
2486    -0.14312438840675176  1.3503328625099678  0.083587707947208531
2487    0.026551836722764684  1.4589120381373919  -0.096026877749547462
2488    -0.14613385498059231  1.3275203379999154  0.1080969637410332
2489    0.099874794737935535  0.039556488609923862  0.068724984767310232
2490    0.093587183902607007  1.2553140186777187  -0.1225946691839294
2491    0.12179270153539527  1.3303715674546941  -0.11872849288702478
2492    -0.0077040070448257149  1.4389113095201076  0.10775187058173863
2493    -0.015171091760089031  1.2312183960724246  -0.011300266437812631
2494    -0.038114565418497656  1.4571918643897328  -0.05464064499502929
2495    0.044638756048929688  1.1209714010404173  -0.018624684011316197
2496    -0.042778197819328095  1.4592801177580241  -0.016462420110978527
2497    0.083664230843255638  1.3028748407138051  0.11400334362105757
2498    -0.078665063633496624  1.4574285372492488  0.10728050386648663
2499    -0.060798339835958615  1.2362489056871655  -0.074940317142460605
2500    0.040529201443535508  1.4672355978776865  0.021628750933029552
2501    -0.065496231789614334  1.2064497023684697  0.10975103180936401
2502    0.025467824370320538  1.3746607564367168  0.11045330635749499
2503    -0.082362001413180036  0.60614683463364616  -0.037997065768177615
2504    -0.027539195816806184  1.1560890264106345  -0.0094523300386992817
2505    0.098262514877556176  1.4131011908093887  -0.094479249990004316
2506    0.10602984895722095  0.017546405466172945  0.13317709921992912
2507    -0.10148336386569885  0.017771662164610357  0.04384286599536593
2508    -0.023012992418183907  1.2996999496168431  -0.12067098196766651
2509    -0.096937764714459487  1.2351532696703287  0.057594802703288796
2510    0.073337898453724515  1.4208382125291816  -0.051454837927494376
2511    0.051562075669855351  1.3999349201821323  -0.10988878219151746
2512    0.13168034318326782  1.3495733547478852  0.082307051166002412
2513    -0.096486135450655514  1.2860318813599174  -0.047252693863617398
2514    0.098312948053332766  1.4032701587410317  -0.11279033585963162
2515    0.030746032510345155  1.0148404832427218  -0.048643582682365238
2516    0.053689271371845163  1.2386584901012427  -0.11463609083756682
2517    -0.01636076528561432  1.1348388775790068  0.024621220291328752
2518    0.041867933915658691  0.71371893214340465  0.047393276235365857
2519    0.29858220097567173  0.96939940004927294  -0.045721228681945975
2520    0.088850929364822612  1.296467924687762  -0.10114858088900368
2521    -0.14057736599152887  1.3568017586911305  0.1082891193811866
2522    0.039030109070997868  0.66102162290419031  -0.056351482318400703
2523    0.10050323964879544  1.3851951524117765  0.045749287663163295
2524    -0.0067318361932904563  1.2265146049435418  0.094237632548291095
2525    0.084266477368129075  1.4543978377165681  0.089989151249266625
2526    0.022766837084928736  1.2739653312943766  0.11334285937935083
2527    -0.11853853220275531  1.3491339254662622  -0.10309911174818497
2528    -0.14000766203958337  1.3886848507064369  0.11068238604582914
2529    -0.095193551873042959  1.3654037393379301  -0.11667281171914827
2530    -0.055448464679099113  1.2533319566960426  0.021783240411340259
2531    0.105279303257094  1.265861848712748  -0.050858029830417317
2532    -0.057690793871811592  1.0961050534943027  -0.019712373800874632
2533    -0.034662801514739834  1.2477112490896063  -0.11606535814559819
2534    0.097889619989153173  1.3471130082245786  0.11042998342622061
2535    -0.0085376138874022293  1.1957601984326651  0.080638495460463588
2536    -0.043987254400445736  1.293320402274363  -0.12002136610373185
2537    0.037128313446791177  1.3464674774795184  -0.10312730956443686
2538    -0.0069123038176857237  1.4598788285982263  -0.044965796532787421
2539    -0.045679690208225397  0.63334313919531937  0.027465766064617463
2540    -0.067105183864026086  1.359628622133138  0.087125420947172086
2541    0.014877223754540354  1.2417099746015523  0.11690281863205954
2542    -0.081949062211747511  0.042661895315059706  -0.028313913780245031
2543    0.084983467397016163  0.068953872942504851  -0.023378858762725673
2544    -0.034185097914343203  0.7758452517372334  0.036352304340373037
2545    -0.016230302752488403  1.3662199669137947  0.094178525328172627
2546    0.038754442994407702  1.4819050803716527  0.086557170306427747
2547    -0.085275944316306945  1.4188695828844797  -0.087381006500247022
2548    0.022065205123509405  1.1575748304127815  0.013893667043633276
2549    -0.10657489927299593  1.4283926459309493  0.065372493821457323
2550    0.068054861600765446  1.3563990198388773  -0.099104893832905008
2551    0.01382037865671438  1.339228573140373  0.087235853032104974
2552    0.079829150764408566  0.36303496960044057  0.086637903605757377
2553    0.066713181760361076  1.3847367402958  -0.1129598232512318
2554    0.079852593713393705  1.3177998838112521  -0.11786610634616304
2555    -0.30531502542697364  0.95024018789053599  -0.033104220533458593
2556    -0.071681942204839366  0.62139681367016752  -0.065637091896288982
2557    0.047897612929649655  1.2552076242361261  0.10913362176245241
2558    -0.11232812921224088  1.3735640716044637  -0.097243507171026464
2559    -0.10559163152769559  1.2605684153094956  0.11869686759358566
2560    0.1042548519870686  1.0525192257963836  -0.018030660616956115
2561    0.0428511035501358  1.4595398927506524  -0.049164929661631281
2562    -0.13099432735378005  1.2748675451899025  0.11179784757928701
2563    -0.094132949355523937  1.2643102300208846  -0.013250942916969707
2564    0.0026463874001381926  1.4080687174058335  0.11013258991496859
2565    0.092123132693567908  1.4192649908744699  -0.11837000364015145
2566    0.078674587161510379  0.022796319654729787  0.017567378989331174
2567    0.091954869597110717  0.016349494925952734  0.064042561414926744
2568    -0.11103667971166635  1.3993814073927653  -0.048479980000513748
2569    -0.048843323832103318  1.3586139007530067  -0.11571881324610424
2570    0.067554315123522377  1.2705111200835588  -0.1226988464212283
2571    0.32521312735117175  0.9669141653828911  -0.016452597062031459
2572    -0.021100227111822696  1.2679858969432989  -0.11204428765458023
2573    0.13445131658181214  1.3149213879707147  0.080720482589243678
2574    -0.032095791344629025  1.3844326356283689  0.11734522711468026
2575    -0.10049195481913703  1.2930556144741854  0.11240537603951876
2576    0.14011374607489546  1.3279385728653004  0.053646456082762979
2577    -0.12008083824706237  1.3176839889861949  -0.051172885209066557
2578    0.05802196681867644  1.2848587104690228  -0.10562316755122195
2579    -0.11033886502592172  1.4256798583327546  0.099553618089188028
2580    0.022809767405821399  1.4579180865996306  -0.014409254717450078
2581    0.10850752825562655  1.2841667175681455  -0.07234998961970858
2582    -0.050371176682053931  1.4811429301796759  0.10996955599402064
2583    -0.084577219386910235  1.4327497777641891  0.046355808669715823
2584    0.069227571422052339  1.2370827432103841  -0.11475170942000358
2585    0.14406385793498563  1.309158767704889  0.10936971947325157
2586    -0.060524827557862232  0.019050348064636451  0.04184745578537679
2587    -0.012438487779404988  1.4570531927800086  -0.076433130722409204
2588    0.11178529064209088  1.4386268406590119  0.1075194903790478
2589    0.050137915314900167  1.448123090485737  -0.077613906591914014
2590    -0.098386857678161591  1.3335800427261608  -0.11477865016218572
2591    -0.11532966229214069  1.2978272197092622  -0.12369113061677153
2592    0.081567246183418374  1.2431243911485925  -0.12312679598236982
2593    0.11255687672726582  1.343216857725829  0.011015906227827596
2594    -0.1275594855170237  1.359803296190242  0.027264380273016774
2595    -0.010345377530050152  1.1846098503340365  0.11381754587988852
2596    -0.040499378736346375  1.2248683907842404  -0.11775015771022292
2597    -0.0099553145695856441  1.1561428079006255  -0.026488357682010171
2598    0.091878095860140702  1.4217277491675222  -0.012262073234432763
2599    0.11940142644606186  1.3055045395704521  0.022735812696037833
2600    -0.068814989077929198  0.063021776070839947  0.011045496475588581
2601    -0.042770936029783185  1.1198161584401332  -0.060171935092964278
2602    0.10049406836107561  1.2683526246899983  -0.093847324261383119
2603    0.054556971585911357  1.2282987658591191  -0.012473313937789266
2604    0.030114832096172828  0.92745679933602754  0.034430887215578333
2605    -0.044638776324687025  1.2263156150571657  -0.052940467306886417
2606    0.045955085041009154  1.4593217566008267  0.10881848825315309
2607    -0.11398939008105702  1.3788293869428936  -0.12059774182115386
2608    -0.031928651684948281  1.490638840182503  0.11832594846251739
2609    0.013507587083581603  1.1920542505674037  -0.020647147827440107
2610    0.096791483277909623  1.261648830064114  -0.10954142899221546
2611    -0.082363143747322912  1.4281099976798084  -0.11634294105793257
2612    0.081189696277760584  1.3657787122953002  0.11219857449550545
2613    0.05728647400341888  0.084035922662074547  -0.0024205703046165554
2614    0.079814679463961022  0.068432376527176264  0.016023882769889315
2615    0.12693601854928208  1.346277368905493  -0.05320133009603073
2616    0.049237127326373996  1.4311644233490488  -0.1099233934962915
2617    0.035973202606715993  0.855005440582989  -0.0085744764299768347
2618    -0.06669422485086797  1.3865755042704593  0.017389816953881473
2619    -0.0051739896276213988  1.3809822046323457  0.11576146955653444
2620    -0.048451668736712306  1.2683341345414783  -0.11805616995660966
2621    -0.02438410170795496  1.0335762686828591  -0.016273430146710569
2622    -0.1180252462870386  1.4410910133357488  0.1202222419872464
2623    0.1477125916188452  1.3896287957911364  0.12010521228888238
2624    -0.04329557130447214  1.3648116162406305  0.11404990952127581
2625    -0.092777423755847077  1.2511729721481799  0.022831949175059898
2626    -0.075005045571560125  1.3213675970605068  -0.11653304186961881
2627    -0.039037525613343747  0.70222511489959938  -0.024649447515277492
2628    0.035523715778228139  1.2225228335631251  0.10689085880883059
2629    0.10780361179308233  1.3926079956311281  -0.10287862241009661
2630    0.084453183118557429  1.0863223988185116  -0.038977881634569715
2631    0.049768419473395185  1.3729348924011668  -0.11583930603800954
2632    0.015650558322975433  1.1499242405905581  -0.014566788761025844
2633    -0.052610574313384562  1.2434688952345505  -0.11912896582463847
2634    0.02328509499406339  1.3218221132929413  0.1155037272813572
2635    0.1218659388489941  1.4299772738689756  0.12203107617184962
2636    0.095744231378563804  1.0618875295516734  -0.062567186532544117
2637    -0.035420688674513791  0.86540826722777597  -0.033185440549526664
2638    -0.10774278143189574  1.2824209408488587  -0.12196752891924355
2639    0.11971807362232581  1.2593907811668719  0.085846251266853774
2640    -0.070423454965562696  1.3805384210652274  -0.094527463007083104
2641    -0.094425717827604477  1.2977694340337715  0.015272825078251161
2642    0.11541855082211355  1.2377978604740827  0.10431239590595878
2643    0.017360961464213804  1.3973787481612452  -0.11330867672241619
2644    0.092286187729812841  1.3712436545979922  -0.11546216847080655
2645    0.14260064025471045  1.2873740926494956  0.11379151090256968
2646    -0.077688146294324328  1.4328368973247587  -0.015152482581638456
2647    0.03031794850875439  1.2790068766586429  -0.11935356946812235
2648    0.040280499563341322  1.4519522961725468  -0.1223123441385551
2649    -0.0061739266029251219  1.246736301399356  -0.11374984547370458
2650    0.071547098687305966  1.2272216954436461  0.048164650895592166
2651    0.14242387858817254  1.3706391139201326  0.10135822808168191
2652    -0.1043619601652586  1.2181982216457703  0.11951049465560473
2653    -0.12194576238666084  1.3130736036735939  -0.12350727786033548
2654    -0.091440235455461635  1.4185109167589971  -0.10780242338906289
2655    0.091017504771864627  1.2641400969885672  0.11739039686024894
2656    -0.097062451722686877  1.2722858051262951  -0.11997239501715085
2657    -0.11600710299249178  1.3772802486784244  -0.012447523853887664
2658    0.045480663055234613  1.3472617206007467  0.10977374798971348
2659    -0.012640477479452484  1.1281864320576351  0.037436643717573284
2660    0.10436847305044415  1.2840115526264249  -0.11448823579576574
2661    0.093942173293505363  1.0962121813089245  -0.0072283496364786946
2662    0.033774497514559999  1.3870487480263645  -0.12077589339848573
2663    0.033605380852177805  1.3628896585809542  -0.11947901081905798
2664    -0.045434693171448444  1.4276308666403144  -0.11339707161154629
2665    0.028962356060274627  1.3232772460695832  -0.11791871862758962
2666    0.041392519794810193  1.1943553061650576  0.091910601631665742
2667    0.066939284295325696  0.63147778809334587  -0.073325687654069147
2668    0.058139943690446221  1.3272906715004587  -0.11664052509517663
2669    0.063876307581324385  1.1097251962797468  0.0096793921544311382
2670    0.0059869451832123598  1.1382410455776149  0.027994345139472472
2671    0.046537471982881211  1.4819450482390293  0.11340797524412206
2672    -0.10796545066439586  1.3535536017458041  0.11137986766592076
2673    0.13347442388135453  1.4231952997171897  0.12151838154960817
2674    0.03336062116324242  1.2330838623193388  -0.075134640872376104
2675    0.086809192066753277  1.4244103935536916  0.11683346010287853
2676    -0.060174802058105555  1.3294537080590776  0.11297132893558273
2677    -0.056330137570230962  0.09375198234892658  -0.0024708953728077932
2678    -0.04953638478342301  1.345535691529689  -0.077662481339414391
2679    -0.0042675642929693516  1.28770663637057  -0.11577513442724253
2680    -0.022631081272781885  1.2361453343844704  -0.11817088299926284
2681    -0.091470353013063638  1.2570343770220522  -0.12311843002252609
2682    -0.070809677177383595  1.43299965219439  -0.10178243380854635
2683    -0.1529475632018609  1.370033105857138  0.12061730332537832
2684    0.099309223082347436  1.247172086356594  0.05211173738874867
2685    0.11555138832060001  1.3165117958976962  -0.10433478692022918
2686    -0.06914250542083733  1.2393599111953231  -0.12348044436437376
2687    0.086396566892286142  1.2478898247204298  0.12185487925931558
2688    -0.0046699687370493539  1.2623525889927014  0.11558049168196473
2689    -0.087621944796092449  1.3944626589856741  -0.11090864552559433
2690    -0.0083687463571073834  1.2963631474098012  0.10025842177018934
2691    -0.1296121725908066  1.4101321978781585  0.10036522615912642
2692    0.1096345960203194  1.3698910965107338  -0.091278131458691014
2693    0.12184789244694902  1.3737518212719499  -0.063714925719488863
2694    -0.097484018897302668  0.36187916192245401  0.045855263858009192
2695    -0.072505333159214577  1.1959030972915718  0.11970674198574734
2696    0.031387301077133917  1.4154822621656142  -0.11696269433618459
2697    -0.10622787122894911  1.2428399861457089  0.12069722022120022
2698    0.11581584105856928  1.2331616771621694  0.12253726997860445
2699    -0.10568140707286272  1.269391596054686  -0.12433232739860782
2700    -0.011469057693241087  1.327241573931319  0.11178730812170831
2701    0.12587047362853826  1.3281512066073347  -0.020696223253986044
2702    0.076097700767402202  0.59196376378332394  -0.018461205514876396
2703    -0.063528846874794515  1.2807729222185957  -0.1221413139261965
2704    0.0036250715486814333  1.4172710775568154  -0.11431083108340889
2705    0.44593034565348016  0.89330794195765684  0.083605210183821319
2706    0.069215334501991743  1.1082324400693164  -0.024224855449198002
2707    0.030806992440913214  1.4906008281422787  0.11838236671587098
2708    0.11519089763039694  1.2936129382848318  -0.010461252980260998
2709    0.05953165820467906  1.4602007634934462  0.065017585421327906
2710    -0.025306303491519241  1.416703231714237  -0.11638943123276005
2711    -0.053042709558250328  1.190516731162423  0.12048792771884877
2712    -0.026996663295875481  1.2454659724430766  0.11552735041127532
2713    -0.084820069791082559  0.01654715940502333  -0.028349453655612478
2714    -0.075534746229174568  0.68181447170441078  0.045634778382565439
2715    -0.030663706866931092  1.4432959002634513  0.11634660572560161
2716    0.019714907731240749  1.0976058371881203  0.050237753931980066
2717    0.031151874064175803  1.2222673993920259  -0.094998258612355335
2718    0.062065638491292235  0.36531319854434646  0.037533403033491064
2719    0.070516974912661345  0.025393485063601239  0.094556944675186938
2720    0.10640276755784329  1.4135733342068635  0.11906590696149988
2721    0.11416561800612307  1.2848197296562589  -0.12184946074978872
2722    0.12217676621581414  1.3349985651485858  0.11250865261283714
2723    -0.068615530568945843  0.12248024300940355  0.0065609684125202961
2724    -0.12842064775516729  1.4252580813229145  0.11944580813143649
2725    -0.096614259569521979  0.036156038701614067  0.068045050909780663
2726    -0.076014699318082135  0.33209986996076635  0.038221532917073586
2727    0.024628526300859925  1.2198062153565044  -0.12323302363127289
2728    -0.11937569709364088  1.4065383855529145  0.11898505093389541
2729    -0.087204853494306525  1.2100000091285346  0.10786733118952756
2730    -0.12201033216219363  1.2978601926088733  -0.016042590410118136
2731    0.071124996337076918  0.65808076035058649  0.05899067041096015
2732    0.1149154772577501  1.2973481121835069  -0.11858873257618023
2733    -0.012586211393049281  1.3201286414983711  -0.12192117289789967
2734    -0.32158039758762319  0.97994470119587118  -0.022368397699840632
2735    0.0088893185856724188  1.1278637430262686  0.045385782715444307
2736    0.059254896858638155  1.4360061784240512  0.1115958542203587
2737    -0.0079044387859993764  1.4582206193726892  -0.0020852517475040857
2738    0.054037390001324584  1.44861679822335  -0.12191026702033478
2739    0.11079489959220201  1.2642519599093784  0.0223011360730123
2740    -0.0031728249068550107  1.3545009698497779  -0.12076229603081602
2741    0.12394791885582543  1.2518730381069538  0.11099128976970329
2742    0.44112645785536353  0.87804674761659951  0.04935769964827165
2743    0.0048699402935175997  1.197648686166864  0.026169883112814263
2744    -0.086230503459365837  0.024114120223083593  0.13065320771492303
2745    0.10545119910854743  0.023245939069373639  0.099606863606120796
2746    -0.1024960014117446  1.451575732431311  0.11333489861006356
2747    -0.011025231719415555  1.1746997941538948  0.024114165902116111
2748    -0.07857535573474643  1.4100723804009851  -0.1187113614234937
2749    -0.07592868742782867  0.40642304527696288  0.059791904155472912
2750    -0.023860229987045626  1.2075383210080288  0.11157707420090919
2751    -0.01181654544548149  1.4938858405513566  0.11972521601429588
2752    -0.055222434371755502  1.2904721288921674  0.11590922217048671
2753    -0.078338967301369092  1.4458781279310091  0.013921915830546054
2754    0.44752929841875178  0.89848423263376942  0.056296672372377531
2755    -0.019239761824533443  1.4242091553156575  -0.083265553392080277
2756    0.083696908610080473  1.2647661687661207  -0.12270265931957287
2757    -0.03257442486521761  0.94849705998830425  -0.03062399949741848
2758    -0.019946988056443779  1.1051891309465938  -0.074578529793902892
2759    0.0011919836377132062  1.4940457527348621  0.10873241575283461
2760    0.027432127281863884  0.66035054224437795  0.069569949415725169
2761    0.12148425947693592  1.3639453261084724  -0.022940059250306389
2762    -0.078294684687057303  0.017762172253760825  0.15300945478097802
2763    0.040532643898521202  0.74459566429107138  -0.038534244027371961
2764    -0.066209571463753322  0.037657571545180395  0.063163002398057055
2765    -0.0081892083104622895  1.4581810991533903  -0.097300783901570154
2766    0.065151876716126211  0.038429354250607964  0.065818671591539424
2767    -0.070156883688231364  1.3050759559142879  -0.067201742189355457
2768    0.12162657234954199  1.2807351219532757  0.058543374290735972
2769    0.0066053983174174814  1.4543454009939896  -0.109820595622395
2770    -0.03128878185455744  1.195773608279076  0.053126340792095238
2771    -0.10868160849763681  1.3929484739989684  -0.10560981505340945
2772    0.074923210361886705  1.4290516367355104  -0.1151729471172659
2773    0.10527289879406219  1.4339747531858071  0.12292087760345312
2774    0.023993047612095263  1.1402940464781157  0.030781247334271292
2775    0.056109141980704831  1.4505936747577695  -0.016727306238774657
2776    0.04179181202019043  1.3748834584790262  -0.085839615727690124
2777    0.095709073493859487  1.2586804229232604  -0.016734903970465405
2778    -0.12211025884804412  1.363091758373592  -0.045407188878476862
2779    0.11597108249358302  1.4113687675901103  0.062515997860189229
2780    -0.094757624694525658  1.081844120312871  -0.057564778918869776
2781    0.021167650054758385  1.4381913106880784  -0.11866170920421443
2782    0.085544107075815737  1.2129192445468424  0.094832993510809066
2783    0.076360290934846767  1.4519292565937674  0.022945583713410315
2784    0.10188828236769029  1.4207682512740358  0.02474164028027424
2785    -0.099622856743540961  1.443001615979804  0.079509989973186146
2786    0.018038652660978267  1.3454159441165732  -0.12068557723939641
2787    0.063550470568930748  1.4399314974569626  -0.11589256405732448
2788    -0.068565184215621314  1.3834638970394009  0.11412911545804121
2789    -0.1096956816735027  1.2906769965954554  -0.11139480957589552
2790    0.062437267411989364  1.0245115512278655  -0.0044261357704930985
2791    -0.010583442765873705  1.1527859215465657  0.032531327673329849
2792    0.073812895060506561  0.59864783798219157  -0.060559001498659892
2793    0.044523932629074156  1.4532872999317552  -0.10373562585294342
2794    0.14530719035334  1.2714778617379749  0.12163558204724535
2795    -0.061019838697944861  1.4020126445127308  -0.11247857836723812
2796    -0.031689188147777547  1.1285774932559574  0.041414772094845384
2797    0.010290346949873515  1.1526135566809326  -0.032808045976363859
2798    0.1149920826378724  1.3169344352284222  -0.060428409349754082
2799    0.023464903218881381  1.1408245590895285  -0.027690542210464679
2800    -0.0085654356863463024  1.4579569165581898  -0.11926254300858809
2801    -0.074946110261817619  1.3728103344728293  -0.12028258512330983
2802    0.014148443651474392  1.2229720443830756  -0.10962459022368766
2803    0.054370840868254874  1.2302711179647392  -0.098805006146523072
2804    -0.026421338080484226  1.4722471743406293  0.022564079411189038
2805    0.059571205050013981  0.012435163996768243  0.068573023019591145
2806    0.15648775876621449  1.3061780637064695  0.11955884665716107
2807    0.081629943370108302  1.4288013241558257  -0.12406723280804859
2808    0.092821958069152138  1.4458504458952084  0.11487297045653862
2809    -0.11712381075341601  1.232093431662592  0.12118350284124074
2810    -0.12945098916935821  1.3181250044843758  0.022673827030855999
2811    -0.028323044916818495  1.2187049726731412  -0.074766988482946314
2812    0.474868242756597  0.8669571632552282  0.066182956283265065
2813    0.0037785611335665907  1.2961931086567644  0.11792173145157578
2814    -0.14536083738496777  1.3041016958376166  0.10928112214519203
2815    0.13154329879631141  1.3698068088203235  0.056595548173527604
2816    0.036647166610576071  1.3868235583504642  -0.026586247110925439
2817    0.087257290321773456  1.2179946406092181  0.11865533234207806
2818    -0.087441124919444821  1.4309452005711236  0.11449444416563656
2819    -0.026115356925207042  1.1606423153991925  0.015432482784994244
2820    -0.028502774948168545  1.0793184440871346  -0.0035927898458088395
2821    -0.049625974468478072  1.026922378927142  0.039978097620395295
2822    -0.016357057562012518  1.2484192054491432  -0.068396005934880932
2823    0.024935340550285033  1.4582405161286709  -0.11984109811021386
2824    -0.025425278428354955  0.86576746598905319  0.047945320376440219
2825    0.071763825772165876  1.1943957898840332  0.12002917438780514
2826    -0.31494246210274329  0.9768550512026789  -0.048898371089110791
2827    -0.084410217796608358  1.2895763950188133  -0.11612271953420931
2828    -0.12502948487808449  1.3346550764870142  -0.011507030450123329
2829    -0.069094122965139476  0.028005764044048479  0.096888170466490939
2830    -0.06463373627048466  1.4197375056371513  -0.11676480669096062
2831    -0.097748340195757427  1.2669193554308673  -0.073561186514135721
2832    0.085317610427378454  1.3907683811049092  -0.117211198540493
2833    -0.080387316009509949  0.018636139877281178  -0.051412214974727914
2834    -0.034822507573193474  1.3134262520292856  0.11040344926188665
2835    -0.030701832173525231  1.3979308301780509  -0.11606861877277698
2836    -0.12051322391093036  1.3306293414283197  -0.11869227952669655
2837    -0.039813678554593356  1.3333775779234587  0.069256852736120991
2838    -0.056524932288477388  1.4494342359967771  -0.12276917114901163
2839    0.034041304526403617  1.1152814969470246  0.010275712430334658
2840    -0.10182111798040855  1.2277654847211701  0.10623015292664377
2841    0.10097648881369559  1.3857411000350432  -0.12203584927594098
2842    0.0020291298250476875  1.3088992220387956  -0.12151466405041872
2843    0.15431110795577985  1.3268329546730429  0.11974177195329193
2844    0.048349492157414749  1.0700524033984398  -0.066623698251706526
2845    0.053768876327316313  1.1242211022848292  -0.0016775110108718867
2846    0.033284421901000602  1.2471986184683235  -0.11707542486318868
2847    -0.027657789641393871  1.2780371240063513  0.11608860209267061
2848    0.026949873382601165  1.1266710248847536  0.035066557185351212
2849    0.13500661174947959  1.3483381271108494  0.027433158326271221
2850    -0.073582081917494699  0.55151079249002255  0.017908225108496753
2851    0.08009537173883112  0.023586141144857527  -0.028537665456728516
2852    -0.043616200734497727  0.95859341359655914  0.040708633163528157
2853    0.098094587771617392  1.2308507787511191  0.11538028343243713
2854    -0.066623850356047079  1.4759172117593449  0.10789214645162711
2855    0.11576648853556611  1.3781643738317304  -0.11786296481445811
2856    -0.054896991840158872  1.4060630978066417  0.11764103873950471
2857    -0.090421992628985495  1.2401689611913629  0.12138187485164642
2858    0.010713183874618551  1.3509599119958149  0.11793588202545879
2859    0.084849965605145655  1.2338859139611957  0.017564374519441726
2860    0.076650247544286371  1.4572021492814611  0.11820326132057431
2861    0.07547015659534824  0.012557693446808819  0.054850465831537701
2862    0.0076411505944083439  1.2163812850522977  -0.12219601964216932
2863    -0.07233124342088626  1.2502617528863225  -0.044827256879642695
2864    0.042722845030719547  1.4252350223386188  0.029539402162734367
2865    -0.082038081254299025  1.0527212387536067  -0.069974696287317187
2866    -0.14723752127879194  1.2857938092157879  0.11998684787261986
2867    -0.064214741042377815  1.4076158109459984  -0.12545974513550198
2868    0.4462154057035842  0.88666493349827225  0.099156093623311597
2869    0.04602598368584479  0.60933470914394916  0.018865293601785987
2870    -0.0086951916653830921  1.2190793264734074  -0.12139893868296321
2871    0.12138464776703184  1.3604593052820282  -0.10432871659776145
2872    -0.080424978269866859  1.339220376892182  0.11655948015676555
2873    0.073610982535845207  1.3229630033250703  -0.0060710984360759267
2874    -0.14141439532156666  1.409384516070662  0.1188260696170175
2875    -0.1058338655496175  1.2760131669626287  -0.09890071884659328
2876    -0.055772366814517214  1.0249182890376951  -0.057509644391205178
2877    -0.096061908821300848  1.4074740635841729  0.11644247438682902
2878    0.044517270902427991  1.342941524156354  -0.12136830103795676
2879    0.11066377625368816  1.3943724142917771  -0.12186493762436039
2880    0.052555744813069391  1.3508885370448627  0.056115339723930194
2881    0.30483083805139238  0.94562707164401283  -0.017220471289436039
2882    0.058301580635458483  0.098858807219330588  0.012982148080584555
2883    -0.020985205278490873  1.3537594581886045  0.11935822808697776
2884    0.04397933040651452  1.3090126000789362  0.11540854374620567
2885    0.012608019322584103  1.4933435283253294  0.12110811988483704
2886    0.091481305455062306  0.6280183878984763  0.027207343489431532
2887    0.010522980699644279  1.179576789140764  0.11926468374414949
2888    -0.067944237381214037  1.2462336842203217  0.11319413914885863
2889    0.11920235031579246  1.4439051836786991  0.12103722407138928
2890    0.12226391930812884  1.3841748292642555  0.01204372897170156
2891    -0.092575746267054504  0.079907716679848473  -0.019303963297383465
2892    0.0596408398203329  1.4154375053729382  -0.11933384924125286
2893    0.073875660997669484  1.4148022001295537  -0.12320345682777654
2894    -0.032083797328910521  1.1837522321849208  0.11900016177817815
2895    0.030604303507202994  1.1885966643995549  0.11534130485743328
2896    0.0021735121701152997  1.05870949689993  0.036869582597585861
2897    -0.065786181349616141  1.2154625814551092  0.051933696904782514
2898    -0.076876370923902551  1.2231531059300376  0.025835068646708734
2899    -0.10541677603249672  1.4061865358560932  0.015060832166197946
2900    -0.06232842656019047  1.1148165086004458  -0.0414055519497517
2901    -0.055645063452154329  1.0829756670376116  -0.060446651720436326
2902    -0.075871957532625822  0.37640883805691172  0.024261967908902643
2903    -0.056898019531456637  1.2282358839196388  -0.12233074585972957
2904    -0.022100735929073363  1.313952741293775  -0.095344646918951878
2905    -0.011557112842814079  1.1333643487921325  -0.033505750186058378
2906    -0.084529769968739149  0.020335485239695163  0.0080811481069295032
2907    -0.071840864512743741  0.092386165447238822  -0.027519748562587973
2908    0.044241005939386999  1.3042326068693246  -0.12125595758382272
2909    -0.035571402588209997  1.2879754255931966  -0.10404125256029799
2910    0.040067652451125937  1.223390551044738  -0.11815091111755086
2911    -0.12106754820755725  1.4157164871198087  0.048739961542714191
2912    -0.076521130477769345  1.2454831426501596  -0.092393620172975269
2913    -0.14134730160433603  1.3705328391674285  0.061308808986731314
2914    0.1115193630196715  1.3966424338564793  -0.039354283107687453
2915    -0.12702768435720688  1.2488949851289297  0.12194032584657659
2916    0.14896236380974204  1.3385815641744336  0.10417238848307829
2917    -0.081007251833590796  1.0386479400038162  -0.034062503670584048
2918    -0.0090794728391028496  1.4359902435099672  -0.11550625454061807
2919    0.31836097154695558  0.983324128998601  -0.03169709808565576
2920    -0.0256946575303173  1.2175086172566756  -0.101126464530382
2921    -0.023883990648763252  1.1525124002614522  0.026717284210193679
2922    0.11541860233243331  1.2946995533989465  -0.040034791519752672
2923    0.01378882541892465  1.1753410086506473  0.034203137814721549
2924    0.087180954279730591  0.023228683665606729  -0.010182304527303402
2925    0.022733234199344383  1.136370549361603  0.01139967377607257
2926    -0.065842786431172293  0.01601787002494779  0.1131477239360997
2927    0.10531401068793196  1.4545454283422292  0.12080725823529453
2928    -0.025410207851388627  1.4109499957237763  0.1145574053143035
2929    -0.15820036933191475  1.3479331051217722  0.11942412871164265
2930    0.014812516341663305  1.1573634908529253  0.031725363497431054
2931    -0.017918204961413099  1.4170180396281189  -0.02474221617148294
2932    0.067176678380236485  1.4753952438917437  0.10797222713228848
2933    0.069140156529889446  1.3992784011502293  -0.12178162468614954
2934    -0.077037563377362589  1.3096334516263997  0.11149040431746204
2935    0.022596589824370981  1.4354859621903351  0.11454343375694563
2936    0.0029739671290896614  1.1907605054379862  0.055891772808715351
2937    0.071342330729210562  0.61630648590349557  0.072158556464163373
2938    0.069001170711901622  1.2334285186279228  -0.079937464791040233
2939    0.45585776613262047  0.90211228544825039  0.073208672943222516
2940    -0.040327965835287513  1.4555885354325984  -0.1041050461274058
2941    -0.15087019774051738  1.3913365176856554  0.11996447529492933
2942    -0.092987297821949297  1.4204444131915304  -0.12244569418348741
2943    -0.010397033479283111  1.4063798835754671  0.12108367681900402
2944    -0.023957275309450871  1.2181925590178146  -0.12106888369473993
2945    -0.064258916893814313  1.2542377024372118  -0.11713122000485408
2946    -0.092387185527516763  0.61771967073231804  0.019932625852891149
2947    -0.082862674608319989  1.417330483153235  -0.12515765379940275
2948    0.0034877747618502677  1.1083720982673784  0.02008775624818427
2949    0.058634302087863389  1.0588234907326599  0.040204282030316014
2950    0.088646993422943493  1.436282356699186  0.054481913820091758
2951    -0.010409402929365378  1.2167015901900742  -0.078136212399491256
2952    -0.051337349744701589  1.4538417125226999  0.1085784116502434
2953    0.070948319802926568  1.4387461300031767  -0.12414989757681946
2954    0.08794288030306302  1.3290039162027263  0.11641723058967249
2955    0.0518749964175233  1.1919252028402223  0.11891009600781301
2956    -0.013176667839113854  1.1229545196432538  -0.050840752873338377
2957    -0.072519551628803164  1.0148346610526544  -0.0019607956919229742
2958    0.016273374732522741  1.116096665796976  -0.066859322558033146
2959    -0.44390579217469611  0.87245810827791759  0.078158432972689151
2960    0.09900639651384055  0.022346157696163643  0.15445846967595356
2961    -0.010125287012148376  1.209661494305724  -0.047925820556236336
2962    0.048957665210025154  1.1161590098265683  0.042082723030486067
2963    0.057070602955874648  1.3796175603759806  0.10613605095532506
2964    -0.10453221052408372  0.024173361697678055  0.10119547529318218
2965    -0.30160560349337812  0.95702487567114147  -0.054046991602682379
2966    -0.12238162767566975  1.4106560553000527  0.077668523947495377
2967    -0.10099431452591383  1.4109000094757658  -0.12436237479214787
2968    0.056702387859495842  0.017071081873366426  0.044661736874709465
2969    -0.10686499644250728  0.010350846634851998  0.066362552967956637
2970    -0.11344944160141869  0.018147576126890712  0.13383950224377023
2971    0.074391626899381155  1.256987603268156  -0.12320965142724268
2972    -0.057796845698203932  1.4348110565144667  -0.12140284726189404
2973    0.071066261495466299  1.3442448373120228  0.11866330620763241
2974    0.060902967427155001  1.486205620961371  0.12182665439297916
2975    -0.048457691927979211  1.4065987465688246  -0.12032565934456393
2976    -0.095495935918132088  0.081762285227169065  0.01703010982868888
2977    -0.075112301460991932  1.4734123934865453  0.12149335450620939
2978    0.096899413965300718  0.36802277441384806  0.060185174152939176
2979    0.073297787019159885  0.095041785036990248  -0.02794184428810597
2980    -0.087222773561464351  0.05157379266635144  0.037391064587672253
2981    -0.041722937632733166  1.4507765741016878  -0.1212183477097457
2982    -0.074902575813787869  1.2940705157885344  0.11754935068939881
2983    0.13422344853872334  1.2580863507928377  0.11853297571556828
2984    -0.10957309827409666  1.0607413041375799  -0.021272600096567122
2985    -0.067424549763833275  1.2640241141472193  -0.1241286169215549
2986    -0.069506507449670532  0.071876644952682575  -0.027134189429032812
2987    -0.097230967726911824  0.11361157005941777  0.011720883533188474
2988    0.11418274138081617  1.2708682179222091  0.11424859939587846
2989    0.069820743045118136  1.2778163189459661  0.11557371232937863
2990    -0.094734409315366225  1.326092445635243  0.057572601372378664
2991    0.076586771383907487  0.015984294368729782  -0.051232668022510842
2992    0.11992678025985876  1.3134936469866629  -0.1233350019303889
2993    -0.14069034048715801  1.2657540090489081  0.12021527751770505
2994    0.12273725099479948  1.3468518408205004  -0.11850242357676449
2995    -0.06690281097180209  1.3492471445252938  -0.12153947700529545
2996    0.10258476366338465  1.3857928950660015  0.11153120101910581
2997    0.070104628742044914  1.3756892090803756  -0.1220501840451567
2998    0.072129547009274222  1.3483872178605127  -0.11982600055630598
2999    0.0083182972375428852  1.4638802797141888  -0.086070331703532593
3000    0.1047037299338162  1.2172932768010201  0.12032646499830159
3001    0.056821483720679813  1.2282805685387248  -0.12310363108258386
3002    0.10519581353276679  1.2491995917100183  0.12066840122214001
3003    0.12435939747346864  1.2902399860315019  0.091009378190446494
3004    0.10541326869588896  1.3346433734861352  0.053466844769826077
3005    -0.12345827398667644  1.3463418817371868  -0.12206166019162849
3006    -0.089156885895428944  1.3452856954761789  0.026019867713753489
3007    0.12286645050385291  1.2413620206502913  0.11908275088378813
3008    -0.067503083829255031  1.4830167439513926  0.12100169784037011
3009    0.039545627119743194  0.66204044012929852  0.0078367624861999524
3010    -0.054013620642416792  0.36504541204960672  0.054715948503661169
3011    0.073934780370454603  1.2488995877125422  -0.12274573484945342
3012    0.00820932793483534  1.1404244642342942  -0.034251860573641719
3013    0.074519406476282607  1.4752718244128769  0.12230506279039914
3014    0.022254942341584514  1.1583450993731854  -0.027681674256217089
3015    -0.047623283783337661  1.2570068925462652  -0.097046888265712616
3016    0.089734875588758672  1.468472757055995  0.11945020600070823
3017    -0.0094370328872271734  1.1203009603571656  0.054372909685683764
3018    0.074607813359951591  0.02267589187220604  0.12550432981718429
3019    0.10463887134357798  1.439201702653174  0.053775645615982033
3020    -0.062644452356570027  0.10996361610604206  -0.019175420454286971
3021    0.069628348896800835  1.1000346797659624  -0.063017273802518259
3022    -0.054833481891547922  1.2717113904769619  -0.071098733308799095
3023    -0.15987116431969811  1.3274824405725678  0.11986462842236963
3024    0.033198087548646282  1.1362826235716434  -0.010852148649844096
3025    -0.096283556555481389  1.3876703315039771  -0.12238139043069085
3026    -0.066324651020783637  1.0630212760259494  0.0013481169965690435
3027    0.072527405275097559  1.0226890537115787  -0.055475664849729808
3028    -0.024597437911675835  1.4559755513396777  -0.12099907574466241
3029    -0.11723792234538673  1.2397217103497271  0.10635304395964407
3030    0.10286363959652556  0.016559125468776002  0.04438520379312081
3031    -0.038384188330463524  1.3343704629032067  0.1200023133018803
3032    0.11734153820099162  1.3622260478736348  -0.12219005219567206
3033    -0.090735931476549458  1.2236214314007758  0.12064236895585892
3034    0.08394343885969037  0.33854744287220645  0.025714869229317611
3035    -0.051887668744355749  1.3812716496769455  -0.12084755354819192
3036    -0.030926049167311172  1.2631361295020922  0.082791128140376286
3037    0.0075495073286188704  1.1682800875544557  -0.026268289479408038
3038    -0.070999513144390403  1.2286229227135277  -0.011970782100773646
3039    -0.45038336336531515  0.89647096598433706  0.052002301662314065
3040    0.11667809599374644  1.2953011273661339  -0.089516699790692336
3041    0.097801984509526749  1.26122083798811  -0.12227282716020031
3042    -0.061832903190146046  0.013180818463457427  0.06891681516699695
3043    -0.091332685221527599  0.012749410340734612  0.083357840586818749
3044    -0.041620010170385448  1.2065211536444089  0.021328593570485298
3045    0.10072220527551719  1.407691692159841  -0.12399874583357226
3046    -0.10449554152914445  1.4034922545545925  -0.11940311136326368
3047    -0.090043231513132774  1.0953797884037895  -0.0059508149858595021
3048    -0.10341713697807398  1.4081236153717627  -0.10087037565145232
3049    0.065680706274765341  1.4065253056991573  -0.12627316754440956
3050    -0.043897780630127552  1.339032668822032  0.10119224448307776
3051    -0.12283918558103307  1.2775470404027007  0.019045653774556696
3052    -0.06284972324643838  0.65636116738052086  -0.06186421500887114
3053    -0.15355240730450229  1.3002530292199608  0.12265949786787227
3054    -0.44427853808319079  0.90749771912654997  0.06941961203364122
3055    -0.0033556246381615355  1.0831005912878915  -0.051265100635791372
3056    0.0092008726915621484  1.4583935702824777  -0.12324281028793065
3057    -0.067480896100441223  1.4332183350654668  0.11512598668898408
3058    -0.10623167926533746  1.3466289224497234  -0.12229382774410219
3059    -0.047858779138952728  1.2322670241640461  0.1191220505276321
3060    -0.031895714603823684  1.1287848090544701  -0.037059988267306991
3061    0.075982246482726903  1.3446675999316184  0.094471290026797411
3062    -0.014602672426058713  0.66649396660450388  -0.053555831510868332
3063    0.054457188140515221  1.3278732969655331  0.1201370722861438
3064    -0.029352056311538866  1.1420793099554034  -0.023366881338398472
3065    0.09674075300837269  1.4216131499270357  -0.067730475595706746
3066    0.10718811388996137  1.3988384496860402  -0.073692455675540669
3067    0.022223338714457402  1.1843919899611659  0.010562808148265707
3068    0.022293882970974326  1.1252792691787739  -0.037177452138575082
3069    -0.065016143487857045  0.63495041969651167  0.074180521738132957
3070    -0.11151557780437032  1.3936164057949261  -0.12249467843385389
3071    0.11084697574295756  1.2800211076114107  -0.12461116738105781
3072    0.024985635176380871  1.120770203816472  0.055883488262504791
3073    -0.10238248462552928  0.017673566443953501  0.15727786623320703
3074    0.056887190167200438  0.36899583326026836  0.072605147273549248
3075    -0.41913620575272453  0.90037054058348709  0.055010393915018371
3076    0.14308038706116138  1.4095570470128094  0.11959152291964696
3077    0.019285757484190123  1.4605318384738115  -0.068951288927169119
3078    0.15361726505580409  1.3696880185996567  0.12066598240948322
3079    -0.12713560866124748  1.3990573399738959  0.022346388168717597
3080    0.078476574805354332  0.30341018456604962  0.044025405925020529
3081    -0.0083327438968374724  1.2303256823701225  0.11985545202457212
3082    -0.069670036383189304  0.01609329677500107  -0.024478484170533162
3083    0.073376835670313931  1.2565694488787054  0.11756693703678045
3084    -0.075713879065949313  1.2266595520919639  0.11690991667375009
3085    -0.086501192782169389  1.0973674592375298  -0.038293490704912753
3086    0.07657268748205924  0.41404636183889382  0.067925743596624011
3087    0.097599735984330374  1.2516321498928904  0.10415522772321623
3088    0.029754639019702534  1.2044252363511989  -0.016799551591218615
3089    0.075412452492622073  0.097175262189722625  0.027861251822382957
3090    -0.094710291070943045  1.4063347734450615  -0.11822870319405368
3091    -0.0067805827817577942  1.1842659497083803  -0.035629605302958917
3092    -0.094324284038040537  0.01620827327401167  -0.023650306380839644
3093    0.099485156390491228  1.2309973041018878  0.0842244778510534
3094    -0.060601249373193618  1.351435646983514  0.11674984635731459
3095    0.044285638632567827  0.94683146918600247  -0.039504828277967738
3096    0.079789058771850885  0.019793312195343363  0.15196408499578209
3097    0.046280208585857546  1.211928814582198  0.017638747811514404
3098    0.083354740619983464  1.3999481011655861  0.11443786194511363
3099    -0.093299555970013659  1.424561862290824  -0.050493064587992506
3100    0.060192560402950041  1.3033994717070199  0.11899276493853329
3101    -0.039768485013721051  1.1238615276467145  -0.015834944944257009
3102    0.059523285832348477  1.2519732116820175  -0.1222796763549089
3103    -0.029751161920096646  1.1409962354886563  0.0086395783797219364
3104    -0.051458088486302116  1.4899297491108396  0.12076024718690311
3105    -0.3561694023483894  0.93862282801002039  0.0068938880709359081
3106    -0.10018366096991935  1.2304674303250585  0.12283449792239433
3107    0.088103895449119035  1.2050921405947856  0.11865544063124721
3108    0.46607010014248962  0.89006208977466639  0.082728787918194366
3109    -0.0065243576862437543  1.3834019982964265  -0.12234484269506359
3110    0.044471399302119387  1.2607017507775797  0.074961777949473507
3111    -0.10134534219058881  1.0494227575523123  -0.056484035613387454
3112    -0.10665084696409612  1.4252052849083319  0.12169093608034774
3113    -0.073748948304993803  0.65107955614827362  -0.020703990140937444
3114    -0.053594307074079403  1.3107342289350392  0.11934815840684207
3115    0.044400133032040399  1.2875820559849132  0.11714645464046289
3116    0.039174610822525949  0.78772029392285059  0.042395448028566485
3117    -0.014253964312733056  1.1834556112440306  -0.0077978109663494359
3118    -0.10142315587924557  0.095530708435221295  9.9736892769986934e-05
3119    -0.062910943528381391  1.1092145275496408  0.013343144879203813
3120    -0.032905631732112584  1.2956875718358682  0.11855324132900594
3121    0.0086075066504609932  1.2668371148649995  -0.092978301851147208
3122    -0.083285573327051901  1.4291518161990366  -0.12548209661409351
3123    0.0034653923283152681  1.1553049505696475  0.034274574010649962
3124    -0.085091705071844617  1.0424573024218906  0.0012296202244358441
3125    0.4378059508482563  0.87489639823604104  0.069204813469650128
3126    0.061609797123287034  1.2405437819433929  -0.12544291156009391
3127    -0.084638453208477585  1.0756570512624137  0.017537069907775638
3128    0.07407288664331528  0.12561404587818675  0.012645752567104871
3129    0.057044142586183934  1.363568496158712  0.11840393397648777
3130    0.44763094959054034  0.87205228200914031  0.085214862163598915
3131    0.11267137094119957  1.3045315020227302  0.11580410113391622
3132    -0.1486269038762387  1.3206401318233318  0.082299737788672209
3133    -0.037836232658350226  1.2921992684846995  0.091264032254414762
3134    0.47501939783780384  0.86873770393620886  0.10377107549740899
3135    0.46391511608329511  0.89151500119421956  0.056871046036895578
3136    -0.088615920811433116  1.4144059792173453  -0.12069801386964184
3137    -0.45237430122785405  0.90104695787488309  0.083579930427456026
3138    -0.43323961824335383  0.89482408029302452  0.081331119784096031
3139    -0.0074181199569276143  1.1407236423040599  0.037703247390364521
3140    -0.061852576930404878  1.291547887810401  0.051908612248810007
3141    -0.0387316731550943  0.78642557676760427  -0.037486500495710923
3142    0.094746644046886513  0.11046046485459018  -0.014635329550302853
3143    0.054286464524999682  1.3586193926826062  -0.12082930524167218
3144    -0.46149819590017604  0.89318931624334386  0.069372911504481383
3145    0.017020319222972473  1.1917446663186142  0.084137598752483125
3146    -0.1037538213309615  1.3996443979305155  -0.07787487104709058
3147    0.30313803410363926  0.97017522761788144  -0.004325951300181056
3148    0.09788126421849716  0.11203271337788072  0.020736834882967396
3149    0.29008089813330556  0.99376208048521075  -0.020585370484379136
3150    0.096990406248562866  0.36258515996325236  0.032729879908197076
3151    0.078251540233389497  0.40005942987898352  0.026349304973414003
3152    -0.4716262105862018  0.88732907513722192  0.057508826434797995
3153    -0.04550093736485232  0.61066869245419653  -0.017554847877417085
3154    0.083773745840614686  1.2769589203741296  -0.11175589616523084
3155    -0.055414695395415117  1.2062407827104555  0.076192646266057457
3156    -0.03421104990589293  1.3727160661617079  -0.12223197854663638
3157    -0.089034681544951061  1.4678535137804956  0.12070132837095927
3158    -0.10643957633764935  1.4100856214604527  -0.019648399680199415
3159    -0.068631151573864943  1.2313759575176584  -0.12318637044515965
3160    -0.076861169094817536  1.4088631022402047  0.11962285955615946
3161    0.082948334879365593  1.4571875335560742  0.05354791812708061
3162    -0.018767747254819705  1.1392813081724482  0.034419799510953128
3163    -0.087838069871061686  1.2085298567601612  0.12236344718091352
3164    0.23733886796912312  1.0009202572257032  -0.028970140889848658
3165    0.07789919919238586  1.0446817360095384  -0.037225824032804805
3166    -0.016714598186641554  1.1206595362826164  0.0065083705602213115
3167    -0.082277164437094166  0.11239198163494184  0.030638882120956779
3168    -0.0057510642012166607  1.4044058612442138  -0.1227993427648721
3169    -0.065046769545223856  1.1176179717759214  -0.01601567353159291
3170    -0.089648018525932988  0.63340960213345476  0.05056351262824782
3171    0.43719815204050577  0.90772484328096525  0.073895712331001562
3172    -0.082393459271100949  1.4079463967345014  0.08643112572917333
3173    0.13467593622446911  1.2687622911323608  0.10951261800324762
3174    0.00048883741797720482  1.1091311746573971  -0.019275742752226405
3175    0.084791113269769652  1.2516841097821994  -0.12395182633528229
3176    0.10673465928277817  0.016346498925467089  0.079143489815051968
3177    -0.029083159976685414  1.1395343318673337  0.026213414126594795
3178    0.27436173333639408  0.96952275090298001  -0.02635853021669763
3179    0.082337658132763655  1.4078459508877317  -0.12426550460749304
3180    -0.079713574104362722  0.16823894296773348  0.019107398425521165
3181    -0.060253012219110079  1.3109204580473166  0.092116677689287288
3182    -0.082016468270228821  1.2420346482657867  -0.12434563429886489
3183    0.044027639364896863  1.1306230673180702  0.020516282750035471
3184    0.083812906624912101  1.2483669441645047  -0.11454110438207629
3185    -0.091545592682387877  0.10811338417253895  -0.018715261076930136
3186    0.026829315547306238  1.1532727163806979  -0.0060909771313973279
3187    -0.071284678954721875  1.4341071000498329  -0.12295650182404413
3188    0.31673557116379814  0.95377512619984783  0.0083637655135678467
3189    -0.1015012276580982  1.4322994866438545  0.0022420708272967607
3190    0.073051842288695795  1.382708015244039  0.11862018160906822
3191    -0.057817345211133117  1.2833624495590494  -0.10317644683232403
3192    -0.074393500893209799  1.420089223755701  -0.12536942589152389
3193    0.33275391155190559  0.95300552782591841  -0.00099323912285655342
3194    0.078353972152151202  1.4087135733545151  -0.10886326868457008
3195    -0.083804366700992228  1.3611129449498391  0.11196212747045602
3196    0.016911821277130184  1.1688250233574304  -0.0080908369588760902
3197    -0.11212653969844644  1.3232777309544919  0.11521258900643637
3198    0.11102638334931343  1.3662522399812951  0.11204168240850468
3199    -0.056583659818832101  1.1079997396116528  0.038559421983192448
3200    0.42937469034605036  0.88839888400005707  0.079223828907314553
3201    -0.1578706263800809  1.3095579543078149  0.11824669155205676
3202    -0.034981425764317377  1.1235449069384105  0.023370371778116811
3203    -0.077762990187131398  1.0510305638791573  0.03669975512165586
3204    0.041959430009445714  1.409251704158472  0.11276504597314317
3205    0.024805438113404139  1.4073386338486342  0.11853540120742978
3206    -0.064022996929075121  1.2338124944314148  -0.1113413564534098
3207    0.086539425406904999  1.3865672607820905  0.088979083506358914
3208    0.067654024835198126  1.4107872803676493  0.082796496358339106
3209    -0.06810081938743448  1.4444872558531259  -0.11765630036967407
3210    -0.024602386216997559  1.4615213100103157  -0.10090662972138931
3211    0.066382705848310117  1.4074080696889901  0.11905241163061667
3212    0.0622521096657732  0.013381027162130932  -0.00092963313643841744
3213    -0.05558858802218581  1.4473788366734233  -0.10890692363159155
3214    0.070859979220873157  1.2351256337955503  -0.1239567558435019
3215    -0.042457572762327825  1.1275599952493207  0.0069508225101488378
3216    0.0057795901108185907  1.126032080267537  -0.044406978822070495
3217    -0.050662225154057841  1.2271236073983878  -0.10025161210594248
3218    0.075044111426330662  1.293939418499322  -0.12090379125914469
3219    -0.43554094368792201  0.87672341978632684  0.061514969383188678
3220    -0.038926375150375635  1.1030897092654679  0.0051819487915102311
3221    0.089831093488956404  1.2910772892193596  -0.12236702527145833
3222    0.062523826618292325  1.3015386029788261  -0.1199621498696804
3223    -0.034407737915832903  1.1987139720641322  0.080102579823273901
3224    0.027374197968905532  1.2963974670499741  0.11786674562435244
3225    -0.056007256130506611  1.4724836356779329  0.084896985646458492
3226    0.032409167597713  1.2989314101723473  0.089982741830115592
# Generated by /tmp/voxy-tetgen-review-20261007/tetgen -pYq1.4/10S10000JC artifacts/tissue-quality-remesh-2026-10-07/candidate.smesh 
