12284  4  0
    0    2330  2111  2648  2823
    1    1654  2660  2721  3071
    2     509   511   523  3098
    3    2418  2434  2450  2462
    4    2174  2645  2215   882
    5    1321  2717  2802   906
    6    1416  1417    25  3089
    7    2616  2511  2696  2892
    8     268   393  3119  2091
    9    2360  2536  2909  3191
   10     498   499   497  3205
   11     589  2933   600  3049
   12    1294  2077  2069  2665
   13    1361   899  2875   900
   14    2003  1533  2004  3180
   15    1605  1612  2171  3163
   16    2464  2068  2074  2846
   17    2370  2474  2737  2804
   18     995  1387  1388  2906
   19    2223  1421  2831  1807
   20    2367  2347  2535  2936
   21    1401  2506  1402  2275
   22    1369  3146  3048  1113
   23    1908  2515  2844  3055
   24    1859   162  2810  2828
   25    2802   692  2391  2862
   26     270  1182  2427  3017
   27    1339  2135  1338  3104
   28    1639  1354  2877  3112
   29     339   337  2439  2959
   30     756  2157  1585  2623
   31    2434   831  2686  3182
   32    2893   601  2933  3049
   33     457  2291  1233  3096
   34    1021  1022  2489  3176
   35    2630  3021   610   608
   36     242   210   243  2749
   37    1407   998  2296  3043
   38     459  2293  2294  2506
   39    2649  2822  2392  2380
   40     218   216  2406  2702
   41     233  1897  1893   232
   42    1131  1145  2474  2804
   43    1774  2389  2843  2916
   44    1131  1458  1145  2804
   45    2397  2510  2561  2775
   46    3091  2493  2961  3117
   47     276   277  2984  3047
   48    2545  2502  2619  2858
   49    2899  3158   145  3189
   50    2402  2408  2436  2569
   51    2539  2404  2946  3153
   52    2099  2103  2637  2757
   53      64  3065  1817  3066
   54    1301   592  1300  3218
   55     420   421   213  2357
   56     267   265   266  2522
   57    2310  2503  1890  2850
   58    2570  2361  2756  3154
   59    1152  1809  3091  1865
   60    1130  2783  2950  3161
   61    1786  2272  1014  1702
   62    2120  2217  2817  3107
   63    2816  2467  2776  2510
   64    1053  2924  2614  2566
   65     233  1894  1897  3151
   66     774   775  2638  2699
   67    2502   499  2963  3204
   68     528  2655   529  2687
   69    1798  2345    23  1799
   70    1614  2638   774   772
   71    1359  2257  2628  2895
   72    2735  2670  2774  2848
   73    1139   140   163  2657
   74    1054  2400  2566  2614
   75    2019  2752  2020  3120
   76     607  1763  2100  1543
   77    2000  2002  1222  1221
   78      62   154  2598  2914
   79    1379  2464  3102  2570
   80    2379  2448  2451  2755
   81    1596  2139  1597  3005
   82      30    32  2600  2980
   83    1461  1876  2421  3074
   84    1814  3040  2581  1426
   85    1206     9  1205  1091
   86     618   619  2757  2957
   87     835   833   834  2983
   88    2245  1672  1673  2945
   89     533   534   535  2703
   90    1437  1849  2625  2898
   91      44    42  2605  2863
   92     467   476   477  2676
   93    1696  2970  1040  1399
   94    1596   717   719  2836
   95    2658  2973  3061  3129
   96     292   386   384  3105
   97     212  1162  1468  2694
   98    1218   412   613   413
   99    2971   947  3011  3102
  100    2227  2420   909  2361
  101    1826  2193  2454  2501
  102    1894   216  1893  2308
  103    1247   473   487  2574
  104    1546  2126   684  1566
  105    2347  2351  2481  3110
  106    1886   255   254  2792
  107    1792     6  1092  1090
  108    2011   464  2672  2872
  109    2471  2416  2521  2528
  110    1819    72  2538  2587
  111     813   784  1624  3071
  112    2709  1450  1838  2369
  113    2471  2346  2540  3195
  114    1816    60  1815  2615
  115     948  1379   947  2971
  116    1920  1754  2091  3127
  117     173   172  2791  2921
  118    1525  1187  1188  2881
  119    1337  1336  3013  3016
  120    1669  2463  2590  2626
  121    1228  2907  2677  3020
  122    3023   721  1330   723
  123    2562   862  2814  2866
  124    2241  2689  1666  2748
  125    2218  2396  1268  2853
  126    1352  2672   865  1353
  127     589  1304  1299  3049
  128    2668   597  2554  2083
  129     164  2961  1422  2605
  130     396  1214  2669  1307
  131     737   982   736  2910
  132     280   324   326  2984
  133      14  1095    12  1797
  134    1673  1672  2633  2945
  135      85    84   935  2443
  136     850  2197  2588  2198
  137    1358  1357   876  2808
  138    2365  2388  2712  3059
  139    1281  1280  2664  2710
  140      76    74  2473  2494
  141    2598  2783   146   143
  142    1974  2706   398   397
  143    2551  2545  2700  2858
  144    1427    63    65  2693
  145     966  2184  2210  2974
  146    2640  2529  2689  2801
  147    3011  3175  3184  2592
  148    1368   928  2422  3213
  149     184  2659  2796  3162
  150    1065  1073  1074  2507
  151    2822  2951  2380  2419
  152    1793  1090  1092     6
  153    2429  2351  2837  3140
  154     894  1238  1239  3084
  155    2194  2782  2817  2853
  156    2988  2645  3003  3131
  157    1045  1079  2586  2764
  158    2141  1582  1319  3023
  159    1061  1068  2507  1069
  160    2403  2963  2880  3061
  161    1471  2406  2311  1751
  162     592  1301   594  3218
  163     999  1693  1695  1387
  164    2046  2460  2655  2989
  165    1100  1803   447  3118
  166    2510  2598  2775  2816
  167    2325  2324  2920  2944
  168    1107   911  2581  2602
  169    2194  1829  2782  3093
  170     917   919  2692  2693
  171     901   902  2450  2912
  172    2380  2465  2649  3121
  173    2456  2630  2844  3021
  174     717   716  2836  3005
  175    1662  1368  2238  3209
  176    2503   257  3113  2556
  177    2263  1690  2769  3056
  178     193  1894  3086  3151
  179    1711  2851  2277  1719
  180    2963  3098  3208  3211
  181    2586  2600  2906  2980
  182    2659  2427  2948  3017
  183    2212   521  2042  2720
  184      90  1827    92  3155
  185    2005  1983  2003  1998
  186    2844  1216  1543  1790
  187      79   145  3158  3189
  188    1119  1120  2743  2936
  189    2911  2899  2413  3079
  190    1349  3132  2488  2191
  191    2280  2833  2266  1404
  192    1188   376  1525  2447
  193    2670  2774  2848  2925
  194    3093  2684   105  1442
  195     489   488   490  2700
  196     505   504  2526  2541
  197    2425  3102  2361  2516
  198    2644  2550  2997  2998
  199    1567   689   796  2806
  200    2640  2995  2463  2801
  201      16  1414  1093    17
  202    1726  1536  1725  2489
  203    1667  1372  2689  3025
  204    1864  2797  3014  3037
  205    1728  1025  1075  2567
  206     500   488  2634  2813
  207    2716  2457  2839  2962
  208    1710  1032  1030  1019
  209    2649  2870  2680  2262
  210    2233  1428  3065  1817
  211     910  2602   912  2610
  212     679   677   678  2885
  213     102  1343  2195  3173
  214    2475  2644  2692  2871
  215     117  1746   115  2525
  216    1688   983  2802  2862
  217     624   626  2544  3141
  218     299  1963  1962  2447
  219    1167  1168   230  2404
  220    2755  2710  2704  2451
  221    2302  2743  1440  2923
  222     757  1599   756  3078
  223    1129   116  2709  3161
  224    2566  1071  2285  2614
  225    3012  2632  2597  2461
  226    2270  1397  1080  2968
  227    2760  2937  2398  2731
  228    1245  1239  2888  3084
  229    2409  2091  3127  1920
  230    3004  2880  3061  2403
  231    2448  2487  2769  2999
  232    3119  3047  3026  3127
  233    2682  2972  3187  3209
  234     578  3168  2643   576
  235     951   952   675  3032
  236    3082  1044   990  2833
  237    2356  2439  2959  3138
  238    2779  1457  2784  3019
  239    2796  2427  3199  3202
  240      36  1060  2542  2891
  241    2340  2429  2873  2880
  242    2421  3150   204  3034
  243    2445  2515  2621  2790
  244     635   631  2103  2637
  245    2398  2731  2886  3009
  246     456  2719  2745  3018
  247    1575  2608   825  1338
  248    1468   212  2694  2749
  249    1519  2313  1956  3134
  250    2251  1680  2664  2972
  251    2900   613  2901   612
  252    1955   365   367  3108
  253    2364  1175  2702  2792
  254     325   328   280   324
  255    2989  2655  2368  2460
  256      90    92  2483  3155
  257    2009  2016  2856  3057
  258    2247  3154  1676   593
  259    1408   452  2764  2829
  260     464  1352  2011  2672
  261     236   211  1171  2749
  262     738  1602  1603  3214
  263    1670  1540  2244  2827
  264    3222  2384  2668  2908
  265    1241  2883  1247  2024
  266    1310   616   614   615
  267    1155  3103  3215  1874
  268    2392  2920  2951  2811
  269      44    43  2863    45
  270    2851  2286  1020  2991
  271    1681   841   842  2666
  272     528  2655   530   529
  273    2695   790  3163  2729
  274    1776  2171  2170  3163
  275    2713  2542  2906  3082
  276     125   124  2382  3225
  277     613  1218  2601  2901
  278     334   333   332  3075
  279    2398  2406  2886  2937
  280    2396  2394  2479  2782
  281     113  1446  2453  2815
  282    1895  1474  2310  2850
  283     671   670   843  3000
  284    2933  2511  3194  2892
  285      55  1738  1848  2777
  286    1197   348  3039   350
  287    1249  2027  1248  2813
  288     971  3081  1687  2750
  289     947   765  3011  3126
  290     486   485   484  2943
  291     181  1871  2799  3014
  292    1987  2306  1883  2726
  293    2114   653  1550  2866
  294    1029  2276  2851  2924
  295    2466  2340  2864  2880
  296     471  1635  2013  2383
  297    2432   533  2536  2703
  298    2189  1775  2983  3007
  299    2586  1078  2600  2980
  300    1981  1982   415  2601
  301    1821    80  2568  3146
  302      31  1802  2600  2677
  303    1005  1007  1006  2805
  304    2384  2480  2665  2908
  305    1054  2766  2400  1082
  306    1737    51  1424  2426
  307     741   953  3045  3179
  308    1908  2101  2515  2876
  309     837  1740  2440    87
  310    2434  2462  2945  2985
  311    1318  2210  1317  3013
  312    2301  1115  2430  3051
  313     927   925  2422  2940
  314     764  3011   765  3214
  315    2833  1722   996  2266
  316     694   693  2862   695
  317    1649  1327   900  2789
  318      27  1053  2543  2613
  319    2051  2050  2432  2626
  320    1760  1963  1932  3193
  321    1566  3157  1565  2134
  322    1131  1145  1132  2474
  323    2424  1944  3125  3200
  324     468  2365   469   483
  325    1754   278  3047  3127
  326    1056    24  1409  2400
  327     607  1790  2100  3027
  328    2940  2352  2981  3028
  329    1181   629  2627  3062
  330    1690  1292  2781  1286
  331    1830  1829  1442  3093
  332    1351  1635  2559  2575
  333    2756  3041  2610  2490
  334    1929  2734  1488  1497
  335    2173  1630  1631  3182
  336     254   250  1888  2364
  337    2860  2736  2808  1643
  338     586   599  1303  3143
  339    2828    83  2657  2778
  340    3106  2183  2652   895
  341    3196  3117  2597  2378
  342    1362  2225  3217  1104
  343     369   368   352  2812
  344     567   565   566  3168
  345      52    53  2407  2938
  346      79    78  2568  3158
  347     596  2082  2475  2554
  348    2098  2099  2617  3095
  349    2549  2413  2583  3172
  350    2129  1568  2175  2806
  351    1420    41  2374  2577
  352    1836  1835  2338  2779
  353     991  2316  1386  2264
  354    1149  3044   165  1439
  355    2789  2341  2875  2827
  356     807  2607  3025  3070
  357    1255  2884  3115  3224
  358    2786  1291  1290  2663
  359    1233  2300  1232  3018
  360    2119  1556   665  2596
  361    1664  2771  3046  3048
  362     861   862  1350  2575
  363    2347  2479  2628  2666
  364    1549   653   720  2866
  365    1229   448   449  3185
  366    1580  2139  1596  2836
  367    2567  2489  2719  3176
  368    2579  2471  2966  3172
  369     324   289   277  2984
  370    2711  1604  1588  2162
  371    1214  1307  2457  2962
  372    2529  2344  2243  3058
  373    2045  3131  1266  2216
  374    3021   399  1213  1212
  375      95  1742  2454  3223
  376    2458  2463  2558  2640
  377    2410  2222  2443  2836
  378     807   778   776  3070
  379     608   604  1913  2636
  380    2462  2047  2703  2985
  381    2338  2588  2675  2720
  382     439   437  2723  3180
  383     842  1342  2394  2825
  384     403   402   396  2669
  385     975   974  2419   976
  386    1919   279   278  3047
  387    2851  1035  3212  1033
  388    2568  1140  2657  3158
  389    2747  2378  2819  3117
  390     225  1473   240  2850
  391    2171  2219  2161  2695
  392     324   288   280   281
  393    1000  1785  1038  2969
  394    2352  2664  2981   985
  395    2437  2859  3097  2603
  396     833  2189  2698  1632
  397    2440  1740  2814  3132
  398    2490  2610  2756  3184
  399    1383  1382  2606  2935
  400     173   175   186  2791
  401    1230  1229    34  3185
  402    2385  2429  2816  2931
  403     559  2508  2679  2842
  404     904  1777  2434  1651
  405    1057  2276  2924  1396
  406     536  2375  2995  2626
  407     397  1214   396  1307
  408     201  2552  3086  1159
  409    1033  1717  1053  2851
  410    2834  2676  3181  3114
  411    2338  2779  3207  3208
  412    1067   993  1060  2906
  413    1484  2900  1308   612
  414    1486  2472  2790  2949
  415    1173   231  2404  2850
  416     581  1295  1294  2908
  417    2412  2812  3108  3130
  418    1403  2851  1030  2991
  419    2410  1327  2591  2789
  420    1067  2507  2906  2980
  421     387  1943  1951  3138
  422     451   450  2723  3185
  423    1473  1172   225   240
  424    2028  1382  1383  2935
  425    2772  2469  2892  3194
  426     687  1347  3157  2200
  427    2407    53  2426  2674
  428    1542  2795   543  2867
  429    1302   598  2644  2998
  430    1044  2542  3082  2287
  431     282  2917  2984  3124
  432     224   225  2850  3153
  433    1423  2392  2811  2920
  434    2500  2474  2580  2864
  435    2102  2103   617  2104
  436     202   192   203  3074
  437    2358  2477  2492  2715
  438    1218  1908  1217  2758
  439    2339  2368  2437  2684
  440    2354  2360  2767  2904
  441    2878  2076  2077   585
  442    2612  2963  3190  3207
  443     917  2231  2692  2871
  444    2580  2397  2775  2816
  445     116   117  2525  3161
  446    2689  2771  3048  3090
  447    2905  1157  3012  3216
  448    2513  2414  2577  2730
  449    1724  1405   453  2725
  450    1443   105  2684  1442
  451    2133  1574   701  2825
  452    2839  2455  2948  3174
  453     934   936  2527  2558
  454    1356  2021  1640  2715
  455    2331  2487  2261  2769
  456    1964  1963  1526  2447
  457    2690  2027  3120  2847
  458     237   236   238  2749
  459    3207  2880  2963  3208
  460    1828  2347  2302  2936
  461     837  2993  1340  2562
  462    2283  1401  1052  1716
  463    2957  1184  1311  1485
  464    1135  2899  2911  3079
  465    3048  1665  3046  1664
  466      71    70  2538  2580
  467    1044  3082   990  2264
  468    1724  1723  2725  2964
  469    1076  1728  1075  2567
  470    1762   439  2723  3180
  471    2655   528  3083  2687
  472    2288  1077  2600  2906
  473    2638  1614  2164  1606
  474    2732  3221  2520   950
  475     891  2396  2394  1262
  476     571   570   582  2647
  477    2870  2802  2391  2862
  478    1749  1455  1842  2416
  479     162  1857  2810  1137
  480     184  3017  1978  1977
  481     857  1348  2691  2724
  482    1046  2829  2764  3042
  483    1506   334   332  3219
  484    2846  3121  2465  2380
  485    2602  1364  2660  3040
  486    2168  2660  2423  1654
  487    3036  2712  2847  2365
  488    2526   507  2032   506
  489    2875   900  2374  2789
  490    2484  2634  3226  2884
  491     573   587  1297  2663
  492    1398  1083  1732  3073
  493     797  2174  1616  2175
  494    2180  2335  2732  2181
  495    1350  1351   861  2575
  496    2754  2742   377  1949
  497     356  1517  1508  3137
  498    1584   724  1331  2981
  499    2419  2717   976  2802
  500     643  2107  2108  2824
  501    3154  2081  2247  2756
  502     505  1257  2541  2628
  503    2321  1502   306  2401
  504    1007  2719  1014  2272
  505    1282   559   558  2842
  506    2127   867  2109  2622
  507    2700   491  2883  3031
  508     861  1351  2559  2562
  509     600  2933   601  3049
  510    2905   190  2956  3060
  511    3132  2191   130  1822
  512     998   999  1000  2969
  513    2484   514  2954  3063
  514      97  2535  2770  3223
  515    2382  2358  2476  3225
  516    1811  2407  2603  2777
  517     668   669  1558  3000
  518    1014  1016  2272  2719
  519    1684  1683  1452  2476
  520    2015   475  2016  2477
  521    2068  1385  2075  2846
  522    1877   195   194  3151
  523    2373  2486  2521  2672
  524       8     9  1092    10
  525    1537   460  1234  2471
  526    1888   254  2364  2792
  527    2354  2572  2822  3015
  528    1835   110  2338  2779
  529    2511   588  2662  2696
  530    2850  2503  2946  3153
  531    2253  2595  2750  2894
  532    1460  1122  1856  3097
  533    3162  1156   186  2921
  534     848  1345  2428  3076
  535    2802  2727  2846  2910
  536    2475  2444  2491  2994
  537    1052  1051  1402  2960
  538    2493  3022  2822  2863
  539    2809  2652  2840  3106
  540    1998   439  1762  3180
  541    2669  1214  2962  1307
  542     963   962  2759   964
  543     458  2960   456  2506
  544     529   531   886  3002
  545    2597  3196  2378  2632
  546     697  2673   698  2635
  547    1618   672  1560  3032
  548    2687  3087  3083  2655
  549    2340  2370  2737  2931
  550     566  1287  2710  3168
  551    2477  2856  3057  3172
  552    1070  1071  2400  3030
  553     473   487  2574  2928
  554    2512  2403  2815  3004
  555    2158  1770  1600  3056
  556    2649  2533  2060  2680
  557      13  1414  1093  1413
  558    1016  1702  1014  2272
  559    2973   514  3063  2954
  560    2475  2435  2554  2685
  561    2035  2029  2736  3204
  562    2584  2803  1652  1363
  563     178   179   177  2597
  564     631  2617  2637  3141
  565    2813  2634  3224  3226
  566    1079  1078  2586  2764
  567    2871  1365  2232  2444
  568    2755  2451  2835  2710
  569     797   832  1616  2794
  570    2270  1005  1698  2968
  571     837   836   655  2866
  572    2913  1138  2594  2376
  573     969  1244  2750  3059
  574    1992  1993   430  3128
  575     937   807  2607  3025
  576     184  3017  2659  1978
  577    2524  2481  2541  2628
  578    2388   969  2750  3059
  579    2303  2859  2684  1443
  580    2483  2388  2888  3084
  581    2355  2348  2430  2641
  582    1680  2830  3187   957
  583    1814    56  2531  2581
  584    1549  3053  2141  2142
  585    2664  1275  2830  2972
  586    1255  2634  1254   500
  587     889  2394   890  2825
  588    2041  3211  2034  2675
  589    2531  2381  2777  2922
  590      53    51  2407  2426
  591    2379  2696  2704  2448
  592    2005   451   450  3180
  593     986  1331   724  2981
  594     405   406   407  3017
  595     816  1612   789  2652
  596     186   187   185  3139
  597    1085  1083  1398  3073
  598    2182  1613  1627  2809
  599    2255  2417  2707  2885
  600     154  1457   147  2784
  601    1960  1964  1962  2424
  602    2235    68  2589  1110
  603    2492  2022  2564  2935
  604    2727   981  2846  2910
  605    2126  1566  2134  3157
  606    2351  2347  2367  2493
  607     685   686  2746   684
  608    2403  2523  2815  3004
  609    2963  2403  2880  3207
  610    1216  2456  3021   408
  611    1098  1099  1798  2543
  612     126   857  1348  2691
  613    1662  1663   928  3213
  614    2302  2347  2743  2936
  615    2226  2258  2324  2596
  616      38  1853  1850  2563
  617    2349  2342  2362  2429
  618    1367  2589  2469  1110
  619    2488  1320  2929  3023
  620     199  2718  3034  1750
  621    2600  2395  2677  2986
  622     243  2694   212  2749
  623    2539   226  1169  2404
  624     626  2544  2637  2824
  625     380  1760   382  2447
  626    2976  2891  1060  1062
  627    2285  1798  1099  2543
  628    1193  1196   328   316
  629    1908  1217  2758  3055
  630     721  1582   720  3201
  631    2202  2182  1771  2915
  632    2499    44  2605  2863
  633     378   297  1960  2447
  634    2798  2685   915  3040
  635    2857  2383   470  2888
  636    1137  1823  1857  2376
  637    2414  2429  2513  2767
  638    3014  2632  3186  3196
  639     153  1142    74  2646
  640    3143  2998  2997  2550
  641     441   442   443  3167
  642       1  2445     2  2088
  643    2854   706  2977  3008
  644     723  1349  1330  3023
  645    3072  1976   404   400
  646    2208  2209  2746  3157
  647    1503  1502  2401  2468
  648    1166   245  2886  2937
  649     827   825   826  2751
  650     440   438  1227  2677
  651    1713  2266  2280   996
  652    2377  2524  2541  2628
  653     166  1422  1808  2605
  654    1768  2595   733   708
  655     446  2976  3167  1100
  656    2757  2876  2515  2101
  657     846  1744   845  2585
  658    3018  2297  2719  2745
  659    1198   352  1520  2812
  660    1213  2669   397  2706
  661    1279  2436  2408  3156
  662     835  2642  2698  3007
  663     881  1266   526  3131
  664     165  2493  3044  3117
  665     969  2219  2220  2711
  666     461   463  2856  3160
  667    2681  2656   792  2172
  668    2652   818  2809  2840
  669    1841   150  2583  1454
  670    1981  1982  2601  3060
  671     489  2634   500   488
  672    1656  2151  2491  2994
  673    1034  1035  2851  1033
  674    1459  1146  1117  2898
  675     948  3175  2971   767
  676    2832   603  2933  3179
  677    2575   465  2934  3197
  678    1174  2850  2404  1168
  679    2356  2387  2959  3144
  680    1508  3054  1950  1951
  681    3047  1211  2092  2091
  682     659   658  2889  2927
  683    2357   421  2694  2726
  684    1905  3009  2886  1312
  685     915  1108  1365  2444
  686    3131  2497  2045  1266
  687    2548  1154  2774  2925
  688    1306  2472   611  2661
  689    1068  1069  1723  2725
  690     108   106  2512  2573
  691    1167   228  1169  2404
  692    2537  2631  2663  2776
  693     483   481  2365  2847
  694    2679  2904  2909  2354
  695    3092  2542   994  1720
  696     848  1345   110  2428
  697     189  1869  1875  2504
  698    1615  2172   792  2699
  699    1489  1755   295  2438
  700    2091  2409   268  1920
  701    1847  1124  1123  2739
  702    1523   359   336  2439
  703    1375  2047  2462  2985
  704      74  1142  2473  2646
  705    1673  1672  1378  2633
  706    1290   560   572  2740
  707     300   308  3149  3164
  708    1814  3040  2229  2581
  709      86    87  2440  2441
  710    2421  2552  2978  3074
  711    2717  2727  2910  1321
  712    1170   235  1159  3086
  713    1156  2819  1875  1150
  714    2433  2508  2733  2904
  715    2413  2549  2583  2911
  716    1967  2965  1930  2826
  717     336   359   338  2439
  718     934  2239   933  2558
  719     121  1131  2369   120
  720    1030  1020  1032  2991
  721    1750   194   192  2718
  722    1048  1047  1715  3042
  723    2546  2199  1747  2254
  724    3212  1080  1053  1033
  725     806   804  2344  2607
  726    1949   379  2742   377
  727     699   658   697  2889
  728     704   706  2977  3157
  729    3200  3130  3125  2705
  730    1405    32  2006  2980
  731    2385  2451  2408  2402
  732    2136  1768  1577  2887
  733     396  1975  1973  3183
  734    2406  1898  1471  2311
  735     367  1954  1955  3108
  736    2689  2771  3146  3048
  737    2446  2865  2917  3111
  738    2873  2593  2880  3004
  739    2351  2530  3036  3140
  740    1739  1845  2708  1813
  741    2475  2644  2871  3032
  742    1565   685   704  3157
  743     577   588  1298  2696
  744    1846  1849  2625  3038
  745    1076  1008  1728  2861
  746     695  2802  2862   694
  747    1518   360  2754  2939
  748    1347  2200  2498  3157
  749    1165   223  1164  2406
  750    1351  1634   861  2559
  751    2856  2009  3057  3160
  752    2942  2611  2947  3122
  753    1337   821  3013  1336
  754     948   947   767  3011
  755    2196  1833   106  2916
  756    1997   435  2390  3142
  757    1874   188   189  3064
  758     467  1237  2934  3114
  759    1009  2829  1011  2926
  760    1630  2686  2188  3159
  761    2379  2385  2776  2816
  762    1777  2224   902  2450
  763    3103  2378  2819  2921
  764    2353  2363  3036  3140
  765    3003  2195  3173  1831
  766    1967  1969  1968  3105
  767     589  2933  2511   591
  768     273   263  1179  2714
  769    1388  1694  1693   995
  770    2418  2985  2620  2945
  771    2511  2379  2643  2776
  772    2373  2346  2411  2990
  773     112  1836  1127  2779
  774    2706  2669  2455  2472
  775    2656  2450  2827  2875
  776     831   794   829  3182
  777     504   506   505  2526
  778     218  2886  1166  1470
  779    2351  2481  2690  3036
  780     666   664   663  2944
  781     857   647  1348  2724
  782    1510  1944   345  3125
  783     618  1311  1485  2957
  784     306  2468   305   304
  785      23    24    25  2614
  786    1229   447  3118  3185
  787    2449  2549  2583  3172
  788    2330  2648  2793  2823
  789     453   452   454  2829
  790      74  2473  2496  2646
  791    1721   995  2906  3092
  792     639  2106  2105  2617
  793    2298   454  2829  2926
  794    2790  2896  2455  2445
  795     645   647  2622  2724
  796    1063  1061  1062  2976
  797    1864  1158  2797  1151
  798     864  2204  2814  3053
  799    2692  2467  3066  2452
  800     394   393   392  3119
  801    1378   945  1377  2533
  802    1174   242  1173   244
  803    2749   241   238   237
  804    1967  1192  1969  3105
  805    1130  1129  2783  3161
  806    1967  2965  2826  2555
  807     179  3064   189  2597
  808    3097  3088  2493  2603
  809      64  3065  2914  1817
  810    2173  1777  2434  2681
  811    1135  2899  1136  2911
  812    1552  3016  1336  2115
  813     679   678  2759  2885
  814    2358  2449  2477  2952
  815     714   712  2787  2953
  816     575   573  2786  2878
  817    2300  2291  1015  1233
  818    2390  2345  2979  3142
  819    1915  1186   330  1933
  820     538  2569  2375   548
  821     910  2361  2610  3184
  822     533  1271  2432  2536
  823    1411     4  1204  1203
  824     983  2465  2802  2846
  825    2848  2839  2925  3183
  826    2037  2612  2973  3129
  827    2350  1957  3144  3152
  828    1843   139  2413  2913
  829    1902  3113  2946  2503
  830    2489  1021  2567  3030
  831    1836  1457  2779  3019
  832    2697  2470  2559  3029
  833    1683  1452  2476  3225
  834    2584  2332  2592  3184
  835    2493  2426  2822  2349
  836     215   213   214  2694
  837    1607   776   777  2967
  838    1570  2130  1569  2727
  839    1107  1364  2602  3040
  840    2830  2393  2547  2795
  841     226  2539  3153  2404
  842    2408  2451  2835  2402
  843     654   653   652  2993
  844      67   148   143  2598
  845    3010  1987  1985  2726
  846     998  1407  2969  3043
  847    2487  2448  2589  3077
  848    2097   626  2637  2824
  849     758  2651  3078  2623
  850     995  2265  1721  2906
  851    2604  2757  2824  2852
  852     379  1949  2742  1948
  853    3067  2743  3117  2747
  854     207  3034   206   198
  855    1845  2304  1844  2599
  856     178   165  1868  3117
  857     949  1676   786  3221
  858    1902  3170  1481  1901
  859     540   555   554  2975
  860    1316  2518   641  1315
  861    2500  2580  2775  2864
  862     397   396  1974  2495
  863    2540  2411  2837  3050
  864    1273  2053  2052  3035
  865    1875  2478  3103  1874
  866    2380  2717  2802  2846
  867    2479  2394  2628  2666
  868     110   112  2453  2779
  869    2302    96  1828  2936
  870     448  1230  2907  3185
  871    1938  1917  1918  2636
  872     931  1369   932  3048
  873      96    97  2535  2936
  874    2202  2183  2182  2809
  875     507   518   516  2557
  876    3183  2669  2839  2845
  877    2259   974   692  2391
  878    2831  2418  2912  2450
  879    2411  2575  2934  3197
  880    3222  2384  2520  2554
  881     563   562  2436  2740
  882    2718   193  3074  3086
  883    1848  1738  1851  2777
  884    1476  2398   249  3009
  885     832  2190  2794  2983
  886     603   602  2085  2997
  887    2525   117  2950  3161
  888    2669  1214   403  2962
  889    1660  1367  2236  2793
  890    1373  2050   536  2626
  891    3104   871  2582  1339
  892    2848  2670  2925  2948
  893    2023   485  2928  2943
  894     286   285  2560  2661
  895    1392  2861  1058  2968
  896     456  1233  3018  3096
  897    2289  1044  2287  2833
  898     349  3219   351   332
  899     329  1504  1936  3164
  900    1757  1506  1942  2959
  901     110   111  2428  2453
  902    2534  2043  2722  3198
  903     532  1540  1671  2827
  904     862  2440  2562  2814
  905    2552  2978  3074  3086
  906    1443  2684  2739  2859
  907    2720  2338  2996  3098
  908    1439  1119  2747  2770
  909    1890  1891   229  2946
  910    3183  2845   182  1973
  911     157  2370  2496  2804
  912    1516  1518  2754  3135
  913    1126  1862  2599  2849
  914     113  2453  2779  2815
  915    2865  2446  2876  2901
  916    2378  2517  3103  3166
  917    1510  2742  1948  1944
  918    2466  2343  2564  2935
  919    1761  1879   424  2421
  920     163    83  1139  2657
  921    1658  1366  2514  2629
  922    2917   616  1311  1310
  923    3098  2338  3207  3208
  924     632   624  2627  3141
  925    1002  1004  2744  2762
  926    2830  2654  2748  2682
  927    2987  2395  3118  3185
  928     155    62    63  2914
  929    2124  1562  2185  2707
  930     168  2609  3037  3196
  931     303  1493  2919  3149
  932    2320  1905  2364  2886
  933     236  3010   211  2749
  934     945   946  2533  2596
  935      93  1436  2483  2509
  936     669  1557  1558  3107
  937    1364  2229  3040  1107
  938    2755  2473  2422  2393
  939     410   411   409  2958
  940    3103  1155  3215  3177
  941    1862  2593  2599  2849
  942    2095  1763  2094  3095
  943    2543    27  2613  2979
  944     117  3019  1449  1448
  945    3161  3019  2950  1130
  946     125  1453  1452  2382
  947      77  2473  2494    76
  948     798   689  2806   796
  949     770  2454  2711  2894
  950     804   806   805  2607
  951    1573  2895  1325  1323
  952    1133  1841  2449   124
  953      52    51  2407    53
  954     249   250  2364  2869
  955    1750  1464  2718  3034
  956    2529  2640  2463  2801
  957    2752  2934  2982  3114
  958     346  3200  3171   347
  959    1449  1130  2950  3019
  960     440  2723   438  2677
  961    2377   711  2887  2895
  962    1206  1412  2812  3134
  963     878  2428  2651  3198
  964     351  1506   332  3219
  965     475  2574  2856  2928
  966     953   743   954  3179
  967    1265  1264  2044  3198
  968    1092  1793  1791  1091
  969    2757   619  2852  2957
  970     380   377   381  1202
  971    2498  2854  2952  3225
  972    1581  1333  2140  2653
  973    2378  2670  2930  3123
  974    2453  2403  2996  3207
  975    2794   834  2983  3173
  976     752  2558  2344  2607
  977    2631  2537  2663  3143
  978    2662  2431  2663  2776
  979     226  2539  1169  1472
  980    1946  1200   373  3152
  981     614   612  1218   613
  982    2526  2690  2813  3226
  983    1972  3119   393  3215
  984     674  1618  2123  3032
  985    2829  2764  3042  3043
  986    3137  1517  3144   356
  987    1265  1259   522  3190
  988     962   679  2759  2255
  989     988  2918  2800  3028
  990     985   725  2251  2981
  991     669   700  1557  3107
  992    1248  2700   490   488
  993    1628  3013  2184  2974
  994     149    64  2914  1817
  995     797  2174  2645  2794
  996    2371  2816  2873  2880
  997     812   745   747  2992
  998    1842  1749  2416  2528
  999    2690  2351  3036  3133
 1000    1080  1081  2270  2968
 1001    3076   698  2428   879
 1002     540   554  1275  2975
 1003    2042  1357  2675  2041
 1004     313  1192  2438  3105
 1005    2538  2580  2737  2931
 1006    1775  2794  2190  2983
 1007    2472   611  2661  2706
 1008    3042  1715  1787  2281
 1009    2624  2545  2883  3050
 1010    2487  2330  2331  2261
 1011    2718   193  3086  3151
 1012    2197  2588  2635  2889
 1013    2680  2262   666   946
 1014     783  2167  2800  3028
 1015    1071  2566  2400  2614
 1016     670  2642  2698   835
 1017    2249  1302   951  2644
 1018    2436  2433  2733  2904
 1019    2419   976   974  2802
 1020     546  2909   547  2536
 1021    1699  3212  1035  1397
 1022    2359  2540  2545  2624
 1023    2017   476  2012  3094
 1024    1564  1319  1563  2929
 1025    3180  2002  1532  1531
 1026    2542  2713  2906  3092
 1027    1340  2470  2562  2993
 1028    1829  1830  2782  3093
 1029    1158  2597  2905  3012
 1030     271  1088  2821  2896
 1031    1094    18    16    17
 1032    1994  1416  1995  2882
 1033    1228  1230  2907  3020
 1034    2772  2892  2893  3194
 1035     499   498  3204  3205
 1036    2790  2087  3095  2515
 1037    2529   938  2607  3025
 1038     149   148  2510  2598
 1039    2296  1012  2829  2926
 1040    1555   665   828  2903
 1041    2386  1741  2483  2840
 1042     868   867  2622  3112
 1043    2445     1     2     0
 1044    2352  2664  2710  2755
 1045    1065  2507  2586  2906
 1046     162   163  2594  2828
 1047     433  3080   422   196
 1048    1321   694   976  2802
 1049    2429  2513  2563  2641
 1050    2983  2741  2988  3173
 1051     158  1134  2804  1453
 1052    2227   910  2361   909
 1053    2640  2569  2801  3035
 1054    2747   165  3044  3117
 1055    1373   939  1374  2410
 1056     797  2645   796   798
 1057    1422  2961  2811  2605
 1058       0  1087  2445  2604
 1059    1681  2666   961   841
 1060    2895  2136  2887   960
 1061     779   751  2942  2947
 1062    1536  2400  2489  2766
 1063    2392  2499  2822  3015
 1064    2709  2500  2783  2864
 1065      66   143   142  2775
 1066    2728  1639  2877  3112
 1067    1182   406  2716  3017
 1068    2574  2788  2359  2624
 1069     585   575  2665  2878
 1070    1915   329   330  1186
 1071    1707  3176  1023  2274
 1072    1583  2167  1609  3028
 1073    2744  2271  1004  2926
 1074    2460  2046  2497  2989
 1075    2036  2029  1383  2736
 1076    2405  2403  2512  3004
 1077    1746  1835  2198  2588
 1078    2609  1460  3067  3196
 1079      10     9  1092    11
 1080    2392  2499  3015  3217
 1081     413  2900  2601   415
 1082    2421   426   204  1161
 1083    1454  1840  1748  2785
 1084     949   786  2660  3221
 1085    1374  2432  2626  2827
 1086    1513  1197  1517  3039
 1087     411  1980  1981  2956
 1088    2758  1217  2958  3055
 1089     261   263  2714  3113
 1090    2315  2285  2851  2924
 1091    2611  2942  2154  3122
 1092    1695   999  1387  2507
 1093    2579  2622  2746   856
 1094    2684  3093   105  2639
 1095    2367  2535  2770  2936
 1096    2747  2921  2791   172
 1097     676  1765  2186  2751
 1098    1737    51  2426  3088
 1099    1742    97  3223    95
 1100     844   103  1743  2642
 1101    2903  2686  3159  3206
 1102    2372  2436  2733  2904
 1103    2469  2787  1367   924
 1104    3210  2587  2352  2765
 1105    2370   157  2496  2753
 1106    1800  1097  2613  2882
 1107     160   161  2496  2538
 1108    1081  2766  2805  2968
 1109    1659  2123  2855  2176
 1110    2942  1665  2967  3090
 1111    1847  1845  2708  2739
 1112     214   243   208  2749
 1113    2830  2611  3187  3192
 1114    1268  2396  2687  2853
 1115    1098  2345  1799  3142
 1116    1232  2300  2719  3018
 1117    2455  2457  2839  2948
 1118    2222  1370  2443  2836
 1119     663   661  2870  2944
 1120    2425  2380  2674  3121
 1121    2367  2351  2493  2530
 1122    2863  2530  3038  2493
 1123    1665  2166  2942  2967
 1124    2172  2333  2656  2699
 1125    1118  1437  2509  2898
 1126      90    91   839  2729
 1127    2346  2594  2913  2413
 1128     744   746   745  2491
 1129     218  2886  1470  2702
 1130    2781  2769  2823  3056
 1131    1908  2515  2621  2876
 1132    2533  2392  3015  3217
 1133    1793  1091  1092     8
 1134    1745  2512  2453  1446
 1135     344  3200  2424   346
 1136    1135  2899  3079  1136
 1137       3  2088     2  2949
 1138     337   339  1958  2959
 1139    1422  1105  2811    49
 1140    2174  2645  2794  2215
 1141    2968  2805  1006  2861
 1142    2380  2349  2674  3121
 1143     377   379  1960   378
 1144      36  1060  1720  2542
 1145    1140    78   141  3158
 1146    2448  2352  2765  2918
 1147    2864  2343  3208  2709
 1148    3017  2796  1977  2659
 1149    1903  1166   245  2886
 1150    2137  1660  2738  2787
 1151    2348  2355  2373  2990
 1152    2089  1487  1486  2949
 1153    2343  2546  2606  2709
 1154     396  2706  2495   397
 1155    1965   293  2438  3105
 1156    2148  1652  2584  3001
 1157    1627  2113  2182  2915
 1158    2256  2492  2715  2476
 1159     577  1298  1293  2696
 1160    1449  1130   146  2783
 1161    2448  2616  2781  2793
 1162    2449  1840  1841  2785
 1163     475   473   474  2856
 1164    2697  2470  2915  2559
 1165    1079  1078  1077  2586
 1166    2379  2452  2469  2510
 1167    2449  1840  2785  2498
 1168    2527  2458   935  2443
 1169     970   972  2750   971
 1170    2947  1542  1381  2748
 1171    1772  2109   867  2724
 1172    2416  2471  2521  2672
 1173     527   525   526  2954
 1174    1689  1384  2465  2649
 1175     183   181   182  3024
 1176    2723   450  3020  3185
 1177    2456  2706  2630  3021
 1178     269  2090  2409  3203
 1179    2343  2864  3208  2466
 1180    1301   594  3218  3222
 1181    1676  3154  2423  3221
 1182    2326  2226  2596  3217
 1183    1149  2747  2921  2819
 1184    1046  1045  1047  3042
 1185     214   213   212  2694
 1186    2341  2374  2463  2626
 1187    2493  2530  3038  3044
 1188    2191  3132  2488  2814
 1189    1312  1314   622  2518
 1190    3069   229  2404   228
 1191    2231  2232  2444  2871
 1192    1541  2463  2529  2590
 1193    1046  2926  2299  2829
 1194    3162  1155  2796   184
 1195     614   615   613  1218
 1196    2829  2296  2926  2964
 1197     227  1172   225  2503
 1198    1539  1635   471  2559
 1199     124   122  2449  3225
 1200    2435  2475  2554  2998
 1201     113  1447  1446  2815
 1202    1491  1187  1926  2519
 1203    1246   487   486  2619
 1204    3047   279   277  2984
 1205    2282  1703  2283  3096
 1206    2353  2388  2483  3155
 1207    1583  1609  1335  3028
 1208     284   285  1933  1912
 1209     435  1224  1223  3128
 1210    1541   537  1371  2801
 1211     462  2008   463  3160
 1212     169  2548  3067  3196
 1213    1155  3215  1971  1972
 1214      90  2193  1826  2501
 1215    2703  2432  2827  3191
 1216    1838  2709  1129   116
 1217    2597  2461  2905  3012
 1218    2634  1255   501   500
 1219     989  2906  2316  3082
 1220    2551  2502  2658  2880
 1221    1677   747   746  2491
 1222    2093  2094  2617  3095
 1223     954   601  3179  1305
 1224      70  1145   159  2737
 1225     762   760  2800  3056
 1226     463  2008  2009  3160
 1227    2484  2658  2973  3061
 1228    2593  1862  2599  2701
 1229    1052  1050  1051  3096
 1230    2148  2332  3214  1652
 1231    1979  1870  1980  3216
 1232     130  2486  2488  3132
 1233    2466  2502  2551  2880
 1234    2517  3103  3166  3202
 1235    2415  2458  2640  2678
 1236    2628  2377  1256  2541
 1237     566  2835   567  3168
 1238    2835  2402  3035  3156
 1239     988  1690   762  2800
 1240     633  2097   626  2637
 1241    1033  1034  1717  2851
 1242    1688   662  2862  2870
 1243    1431   161  2494  1819
 1244    1073  2265  2906  1721
 1245    2565  2893   743  3179
 1246    1877   194  2718  3151
 1247    1016  2282  2336  3096
 1248    2895  1323  2955  1325
 1249    1868   165  2747  3117
 1250    1281  2251  1680  2664
 1251    2520  2660  3154  3221
 1252    2223   901   902  2450
 1253    2788  2877  3160  3172
 1254    2529  2640  2558  2463
 1255    2766  2567  2805  2861
 1256    2620  2572  2909  3015
 1257    2449  2498  2818  3057
 1258    2429  2349  2493  2822
 1259    2277  1392  3212  1391
 1260    1972  1982  3101  3169
 1261    1379  2464  1675  3102
 1262     357   373  1200  3152
 1263    1111  1429  3077  1430
 1264    1780  2232  2871  2327
 1265    1652  2148  2584  3214
 1266     994  2542  2713  2833
 1267    2381  2420  2520  2581
 1268    1368  2237  2682  1112
 1269    1133  2382  2449  2583
 1270     924  1781  2772  1661
 1271    3122  3192   751   749
 1272      71  1429  2561    73
 1273    2499  2912  3015  3217
 1274    2430  2353  2625  3140
 1275     871  2135  1339  3104
 1276     751   779  2241  2947
 1277    2674  2938   907  2803
 1278      40  2223  2831  1807
 1279     886  1646  2741  3002
 1280    1902  1891  2503  2946
 1281    1157  1980  1870  3216
 1282    2373  2355  2376  2990
 1283    2435  2520  2554  2685
 1284     501  1261  1255  2884
 1285    2405  2460  2497  2339
 1286     546  2909  2536  2620
 1287    1526  2424   363  1964
 1288     395   415  1982  3169
 1289    2617  2637  2757  3095
 1290      27  1055  1053  2613
 1291     684   685  2126  2746
 1292    2214   878   880  3078
 1293     668  2121  1633  2698
 1294    2428  2338  2453  2996
 1295    1279  2436  3156   551
 1296    1754  1484  2092  3047
 1297    2076  2878  2077  2668
 1298    3174  2456  2495  2455
 1299    2583  2358  2449  2359
 1300      42  1146   167  3038
 1301     514  1260   515  3100
 1302    3103  2478  3166  3215
 1303    2342  2349  2362  2384
 1304    1731  2269  1732  2762
 1305    1382   965  1383  2606
 1306    1346  1337   823  2932
 1307    1862  2599  2701  2708
 1308    1743   105  3093   103
 1309     126   127  2691  2966
 1310    2668   584  2878  2998
 1311     424   425  1761  3080
 1312    2044  2037  2612  2973
 1313    2384  2435  2520  2554
 1314    1011  2829  3042  3043
 1315     276  1484  3047  3085
 1316    2046  2040  1260  2497
 1317    2002  1983  2003  1529
 1318    2524  2347  2628  3145
 1319    2714  2539  3069  3170
 1320     983  2465  2649  2802
 1321    1759  1521  1959  2350
 1322     440    33   442  2482
 1323    2388  2524  2712  2750
 1324     746  2475  1677  2491
 1325     639   643  2106  2824
 1326    1974  1979  2456  3068
 1327    2611  2329  2682  3187
 1328       0  2105  2106  2604
 1329    2639  1831  3003  3173
 1330     330   300   301  3164
 1331    1867   175   174  2930
 1332    1842   126  2691  2966
 1333    2160  2332  1778  2592
 1334    1573  2895   709  1325
 1335     617  2102  2104  2757
 1336    2752  2365   469  2383
 1337    2222  1327  2410   898
 1338     578  2071   579  2662
 1339    3002  2741   885  3007
 1340     609   606  1216  1212
 1341    2637  2604  2757  2824
 1342     151  2753   152   153
 1343    2584  2803  2361  2516
 1344    1062  1803  2976  3118
 1345    2472  2455  2630  3165
 1346    2461  2839  2948  3174
 1347    1879  1878   424  2421
 1348    2512  2405  2573  2722
 1349    1181  1180  2522  3062
 1350    2808  2525  3016   852
 1351    2472  3165  2790  2455
 1352    1109  2233  1366  2505
 1353    2583  1454  2549  2785
 1354     544   545  2508  2536
 1355    2450  2831  2875  2223
 1356    2184  3013  2210  2974
 1357     550   549   548  2436
 1358     361  1202   360  2754
 1359     597  2668  2554  2998
 1360    1269   888  2853  3002
 1361    2420  2520  2581  2602
 1362    1075  2861  3030  1076
 1363     371  1957  2350  3152
 1364    2285  2315  1070  2924
 1365     890   892  2217  2817
 1366     572  2431  2740  2786
 1367    2533   945  2596  2633
 1368    1923  1924   382  2571
 1369    1938  2560  1915  1912
 1370    2876   615  1310  2865
 1371    2026  2688  2526   493
 1372    3017  2796   405  1977
 1373    1511   360  3171   362
 1374    1345   731  3076   848
 1375    1711  2851  1035  2277
 1376    1740   836  2440  2814
 1377    3115  2526  3224  3226
 1378      49    48  2951  2961
 1379    2455  2457  2472  2669
 1380    1971   392  3119  3199
 1381    2659  2670  2735  2948
 1382    2458  2463  2640  2678
 1383    2112  1601  1548  2648
 1384    2597   191  2905  3064
 1385    1791  1793  2313  1091
 1386    1391  1711  3212  2277
 1387     987  1690   988  2800
 1388    2400  2567  2861  3030
 1389    2831  2418  2450  2341
 1390    1179   263   624  2714
 1391    3026  2917  2621  2957
 1392    3153  3062  3113  1904
 1393    1183   640  1316  2399
 1394    1954  1952  2939  3108
 1395    1799  2314  1419  3142
 1396     134   135  1456  2500
 1397     998  1000  2964  3043
 1398     986   985   987  3028
 1399    2419    48  2426  2961
 1400     287   286  2472  2661
 1401    2528  2201  2874  2691
 1402    1020  1018  1019  2991
 1403    2747  1439  2770  3044
 1404    1792  1794    10    11
 1405    1952  2868   367  1945
 1406     849  2131  2889  2197
 1407    1159  2978  2552  3086
 1408    2656  2681   792   793
 1409    1478   252   265  1475
 1410    2593  2523  2849  2890
 1411     560   572  2740  2786
 1412    1600   761  1601  2823
 1413    2700  2545  2837  3050
 1414    2347  1828  2302  1441
 1415    2705  2754  3125  3200
 1416     503  2030  2038  2658
 1417     763  2781  3056  2263
 1418    2388  2524  2750  3223
 1419    1625   813  1624  3071
 1420    2364   249  2869  3009
 1421    2150  2138  1578  2807
 1422    2701  2593  2761  2873
 1423    1711  1036  1719  2278
 1424    1713  2280  1041   996
 1425    1382   967  2606  2935
 1426    1036  2278  1711  1704
 1427    2097  2096  2824  2852
 1428    1792     6  1791  1092
 1429     923    69  2469  3065
 1430     576  2643  2704  3168
 1431     958  1542  2947  2241
 1432    2103  2102  2637  2757
 1433    1159  2978   235  1881
 1434    1789  1026  1023  1707
 1435    2354  2360  2909  3022
 1436    2747  2921  2819  2791
 1437    2050  1270  2432  2626
 1438    2717  2802  2846  2910
 1439    2093  2105  2095  2604
 1440     587   585   586  2878
 1441    1188  1525  2571  3193
 1442    1943  1507  1508  3138
 1443    1905  1906  2731  2886
 1444    2517  2659  2796  3202
 1445    1432  1820  1142  3099
 1446    1410  2299  1731  1231
 1447      41    39  2513  2577
 1448     630   628   621  2763
 1449    2990  3181  3140  2837
 1450    2837  2834  3050  3181
 1451    1042   996  1041  2280
 1452    1318   657  2860  3016
 1453     450   437  2723  3020
 1454    2285  2543  2851  2924
 1455    1341  2193  2501  2695
 1456    2513  2863  2429  2563
 1457    2669  2706  2455  2495
 1458     203   193  2311  3086
 1459     490   479   491  3031
 1460     142   143  1130  2783
 1461    2717  2727  1321  2802
 1462    2816  2340  2864  2931
 1463    2731  2398  2760  3009
 1464    1863  1132  2474  2500
 1465    1479  1909  3052  3062
 1466    2057   550  2056  2433
 1467     956  2696  1293   955
 1468     390  1966  1969  3105
 1469    2847  2752  3120  3133
 1470    2265  1722  2266  1694
 1471    3047  3119  2532  3169
 1472    1944   345  3125  3200
 1473     788   789  1605  3163
 1474    2984  3026  3047  3127
 1475    1544  1485  2821  2957
 1476     406  1182  2716  3072
 1477    1603  2160  1611  2592
 1478    2365   481  2712  2847
 1479    2727   983  2802  2846
 1480    1967  2438  2555  2734
 1481    2371  2598  2816  2864
 1482    3011  2584  3126  3214
 1483    2142   864  2114  2866
 1484    1261   515  1260  3100
 1485      13    17    12    14
 1486    2011  1234  2012  3195
 1487    2748  2241  3090  3136
 1488     950  2685  2732  2992
 1489    2310  2946   231  2850
 1490    2286  2851  1020  2284
 1491    1986  1219  1220  2726
 1492    2857  2840  3033  3106
 1493    1645  2214  2389  2916
 1494     683  2179  2206  2941
 1495    1380  2081  2570  2756
 1496    2295  3043  2964  2296
 1497     930  2547  2654  2682
 1498    1851  1443  2739  2859
 1499     927    76  2422    77
 1500    1909   259  1475  1479
 1501     444   446  2987  3167
 1502    1788  1017  2273  1019
 1503    2107  2108  2824  2852
 1504      56  2922  1814  2531
 1505     141    78   144  3158
 1506    2482  2600    32  2976
 1507     309  2919  1492   302
 1508    1928  2401  2468  2734
 1509    1282   558   569  2842
 1510     290   291   289  2780
 1511    2763  2522  3009  3062
 1512    3075  1966   390   386
 1513     828  1555  2903  3159
 1514     429   196   197  3080
 1515    1882  1162  1883  2902
 1516     767  2490  2756  3175
 1517    2572  2392  2822  3015
 1518     190  1981  2956  3060
 1519    1712  2970  1389  1390
 1520     690  2916  2843  2389
 1521     527  2497  2954  3131
 1522    1060  2600  2976  2980
 1523    2700   489  2634  2858
 1524    2840  3029   818  2809
 1525      10    11  1092  1792
 1526    2366  2417  2476  2492
 1527    1517  3144  1513  3039
 1528    2787  2892  2772  2616
 1529     747   745  2491  2992
 1530    2553  2452  2644  2832
 1531     244  2850  1171   242
 1532     201  1160  2552  1159
 1533    1487  2089  2457  2949
 1534    2923  2747  2930  3123
 1535    2228  2803  2584  1363
 1536    2725  2829  2964  3043
 1537    2744  2271  2926  2299
 1538    2461  2905  3012  3216
 1539    2670   187  3139   185
 1540    2343  2369  2709  2864
 1541    1648  2224  2875  1361
 1542    2982  3181  2934  2752
 1543    2298  2744   454  2926
 1544    2319  1888  2309  2792
 1545     557   558   559  2679
 1546     142   135  2775  2783
 1547    2257  2377  2628  2895
 1548     710   708  2595  2887
 1549      32  1063  1100  2976
 1550    2068  2067  2465  2647
 1551     870  1354  3112  1355
 1552    1231  1410  1084  2762
 1553    1608  1607   777  2942
 1554    2668  1301  3222  1295
 1555    2280  1043  1041  1042
 1556    2522  1476  3009  3062
 1557     540  1275  2867  2975
 1558     793  2699   792  2656
 1559    1999  3180   437   439
 1560     320   329   301  3164
 1561    2697  2809  2915  3029
 1562    1444  2573  2576  2768
 1563    1437  1849  2301  2625
 1564     475   474  2016  2477
 1565     183  3183  2925   182
 1566    3153  3062  1479  3052
 1567    2719  1016  3018  1015
 1568     904  1650  1651  3206
 1569    1745  2196   847  2651
 1570     686   685  2746   687
 1571     202  1462  1461  3074
 1572    2407  2381  2437  2777
 1573     409   411  2758  2958
 1574    2003  1529  1221  2002
 1575    1420  2221  2443   897
 1576    2301  2430  2625  3051
 1577     712  2137  2787  2953
 1578    2312     4  1204  3134
 1579     901  2831  2450  2223
 1580     684  2127  2622  2746
 1581    2806  2645   796  2175
 1582    2455  2820  2896  2948
 1583    1074  1407  3042  3043
 1584     116  2525  2709  3161
 1585     869  2209   870  2746
 1586    2222  2374  2443   898
 1587    2475  2871  2994  3032
 1588     790  2501  2729  2695
 1589    1303   599  2998  3143
 1590      13  1094  1093    17
 1591    2512  2453  1446  2815
 1592     505  2541  2557  2628
 1593     855  3225  2854   123
 1594     433   429   432  1225
 1595    1882   241  1469  2902
 1596    1218   615  1907  2901
 1597     169   171  2548  3186
 1598    2442  2197  2635  2673
 1599    2677  2986  1101  1802
 1600    1485  1919  3124  1184
 1601    2997  1302  2998  1303
 1602    1187  1525  2519  2881
 1603    2924  1033  2851  3212
 1604    1979  2958  3068  3216
 1605     609  1216  3021  1212
 1606    3118  2482  2395  2987
 1607    1508  3054  3138  3137
 1608     290  1310  2865   283
 1609    3088  3097  2493  2743
 1610    2569  1273  2801  3035
 1611     837    87  2440  2562
 1612    3027  2636  1543  2844
 1613    1020  1019  1030  1032
 1614    1741    91  2483  2840
 1615    2497  2045  2046  2460
 1616    2392  2951  2391  2380
 1617    1634  2470  2559  2915
 1618    1753  1482  2096  2852
 1619    1087  2821  2445  2852
 1620     619  2097  2757  2852
 1621    1459  1827  2770  2897
 1622    2214  1645  2722  2916
 1623    1173  2310   231  2850
 1624     224   225   239  2850
 1625     956  2616   955  2648
 1626    1285  1284  2740  3109
 1627    2675  3098  3208  2338
 1628    2420   910   909  2361
 1629     225   240   239  2850
 1630    2280  1784  1714  1041
 1631    1236  3197   465  2575
 1632    1291  2786  1290   572
 1633     951  1302   598  2644
 1634    2276  1029  2851  1031
 1635     864   863  2114  2866
 1636    3167  1532  2987   444
 1637    1475  1909  1479  3062
 1638      30  1802    31  1801
 1639      22  1071  2400  2614
 1640    1388  1694   995  2265
 1641    1073  1387  2906  1388
 1642     160    75  2494  2496
 1643    2334  1664  2771  3070
 1644     737   981   982  2910
 1645     874  2208   872  3157
 1646    2372  2362  2480  2665
 1647    2834   479  3031  3114
 1648    1313  2627   262  3052
 1649    2217  2120  2817  3000
 1650    1713  2280  1714  1041
 1651    1694  1713   996  2266
 1652    1180  1909  1475  3062
 1653    2301  1849  1850  2625
 1654    2518  1314  1315  2731
 1655    1067  1073  2507  1387
 1656     728   729  1586  3076
 1657    3076  2442   730  2428
 1658    1208  1413  1093  1414
 1659    2094  2098  2617  3095
 1660    1186  1185   284  2560
 1661    1660  2738  2787  2793
 1662    2884  2459  3115  3226
 1663    2537  2550  2878  3143
 1664     778  3090  1666   779
 1665    2435  2384  2550  2668
 1666    2899  2911  2413  2583
 1667     756  2157  2623  3078
 1668    2285  1099  2284  2543
 1669    1283  1277   545  2508
 1670    1405  2006  2725  2980
 1671     773  2789  2591  2638
 1672    2830  1275  2975  2867
 1673    2467  2444  2692  2693
 1674    2314  1799  2345  3142
 1675     625   626   627  2544
 1676     406  2735  3017   404
 1677    2748  2611  2830  3192
 1678    1243   479  2834  3114
 1679     272  1183  2399  2714
 1680    2282  1050  1016  1703
 1681    2875  1648  2789  2638
 1682    2961   164  1422    47
 1683    2831  2513  2863  3022
 1684    2507  2586  2906  2980
 1685      16  1522  1093  1414
 1686    2857  2386  2888  3084
 1687    1592  2152   745  2992
 1688    1636  2488  2521  3197
 1689    2509  2353  2897  2898
 1690    2480  2465  2647  3121
 1691     744   746  2491  2994
 1692    1841  2583   151  2449
 1693     625   627   640  2544
 1694    1784  2833  2280   992
 1695     482   483   481  2365
 1696     157   156  2496  2753
 1697      37    35  2891  2986
 1698    2394  1262  2396  2628
 1699    1679   955  2616  2787
 1700    2414  2463  2678  2767
 1701    2284  1099    26  2543
 1702    2725  2006  2764  2980
 1703     807   805  2607  3070
 1704    2744  2299  2298  1231
 1705     280  3111  2984   282
 1706    2744  1086  2970  3073
 1707     490  2700  2834  3031
 1708    2891  1062  2976  3118
 1709    2264   990  1043  1692
 1710    1044   990  1043  2264
 1711     452  2006  1729  2764
 1712     603  2553  2997  2832
 1713    1610   785  2490  3041
 1714     874  2952  3057  2498
 1715    1692   990   992   991
 1716    2459  2526  2557  3115
 1717    2493  3097  2347  2743
 1718    1043   990   992  1692
 1719    1043  1692   992  1784
 1720    2312  1955  3108  3134
 1721     633   635  2102  2637
 1722     254   255  2667  2792
 1723    2747   172  2791   174
 1724    2685  1779  2732  2992
 1725      85    83    84  2778
 1726    1317  1551   656  3016
 1727     595  2578  3218  3222
 1728     440   441  2482  3167
 1729    2180   812  2732  2992
 1730    2363  2348  2934  3181
 1731    2703  1375  1671   534
 1732     300  1939   308  3164
 1733    1354  1355  2818  3112
 1734     908  1653  1321  2910
 1735     401  1182   406  3072
 1736    2280  1784  1041  1043
 1737     996  1722   994   995
 1738     172  1150  1149  2921
 1739    1883  1163  2694  2902
 1740    1745  2512  1833  2651
 1741    2319  1896   217  2309
 1742    2465  2380  2802  2846
 1743    2692  2644  2855  2871
 1744    1269   529   888  3002
 1745    1957  1413  2350  2439
 1746     387   386   335  3075
 1747     682   808  1766  2941
 1748    1694  1722   996   995
 1749    2266  1722   996  1694
 1750    1710  1019  1030  2276
 1751    1722  2833   996   994
 1752    2431  2537  2663  2776
 1753    2399   640  2544  2714
 1754    1046  2299  2298  2829
 1755    2282  1702  1016  2336
 1756    2857  2383  2888  2386
 1757    1524  1413  1523  2439
 1758    2169  1655  2168  2423
 1759    2201   811   858  2941
 1760    1779  2180  2732  2992
 1761    2871  2327  2994  3032
 1762     823   822  2671  2974
 1763    2459  2557  2989  3115
 1764    2941  2683   808   810
 1765    1780  2327  2871  3032
 1766     791   790  2729  3163
 1767     855  3225  2582  2854
 1768     364  1519  2868  3134
 1769    3137  1957   359   357
 1770     785  1610  2423  3041
 1771     178  1868   179  2504
 1772     821   820   822  2974
 1773    1904  3062  3113  1476
 1774    1419  1418  1098  2979
 1775    1016  2719  3018  2272
 1776    1007  1008  1006  2805
 1777     393  3119  3169  3215
 1778    1381  1542  1274  2867
 1779     470  1539   471  2559
 1780    1762  3167   443  1531
 1781     705  2135  3104  1576
 1782    2617   631  2763  3141
 1783     123  1683  2582  3225
 1784     270   407  1182  3017
 1785     348   389  3039  3075
 1786     306  2468   304  2401
 1787    1935  1936  1190  3164
 1788    2409  2820  3026  3220
 1789    2582  2854   707   855
 1790    1506  1757   334  3219
 1791    1149  3044  1439  2747
 1792    2415  2473  2547  3099
 1793    2218  2396  2853  2817
 1794    2131   730   728  2673
 1795    1543   607  1790  2100
 1796    1272   539  1273  2995
 1797    1396  2566  1057  1393
 1798    1759  1958  1947  2387
 1799    1472   227   226  3153
 1800    1895  1469   241  2749
 1801    1366  2233  2234  2505
 1802    1635  2383  2559  2575
 1803    1223  1990  1991  3148
 1804    1216  2844   604  3021
 1805    2297  2506  2745  3018
 1806     387   335   334  3075
 1807    2479  2396  2557  2628
 1808    3002  3087  2741  2642
 1809     240   241   239  1474
 1810    1474  2850  1473  2310
 1811     150   129  2549  1454
 1812    1042  1044  2289  2833
 1813    2359  2340  2466  2545
 1814    1379  2464  2570  1675
 1815    1084  1083  1085  3073
 1816     190   189  3064   191
 1817    3215  3177  1155  3202
 1818    1870  2799  3012  3068
 1819      81  2547  3099  3146
 1820    2351  3036  3133  3140
 1821    2539  2399  2714  3069
 1822    2347  1441  2666  3145
 1823    2599  2576  2849  3004
 1824     209   418   208  2357
 1825    2109  1545  1546  2622
 1826    2905  3174  3216  2461
 1827    2314    23  1733  3148
 1828    2203  2559  2697  2915
 1829     148    67  2510  2598
 1830     970   969  2454  2711
 1831    2942   779  2947  3136
 1832    1071  1072  1725  2400
 1833     540  2795  2867   541
 1834    2912  2499  3015  3022
 1835    2642  2853  3087  3093
 1836    2086  2087  2790  3027
 1837     149  2510  2914  2598
 1838    1298  1299  2616  2892
 1839    1351  2383  2013  1635
 1840    2348  2440  2441  2575
 1841    1718  1058  3212  1392
 1842     626   633  2637  3141
 1843    3206  3159  1651  2686
 1844    2485  2601  2758  2901
 1845    1999   439  1998  3180
 1846    1674  2075  2246  3102
 1847     891  2396  1262   892
 1848    2200   687  2746  3157
 1849    2045  2216  1646  2988
 1850    1232   456  1233  3018
 1851     927   926  2940   928
 1852     278  1919  3047  3127
 1853     625   624  2544  2714
 1854    2234  2233   922  2505
 1855     978   977  2765  2999
 1856    1342  2194  2782  3107
 1857    1233  2291  1049  3096
 1858    1620  2165  1621  3070
 1859    2942  2654  3090  3136
 1860    2593  2371  2761  2873
 1861    1952  1512  1511  2705
 1862    2115  1551   656  2927
 1863    1350  1236  1351  2575
 1864    2572  2060  1377  2062
 1865    2686  2633  2945  3206
 1866    1978  2659  2735  3017
 1867    2140  2139  1580  2836
 1868    2614  1055  1056  2613
 1869    2393  2402  2640  2795
 1870     281   288  2984  3111
 1871    1779   914  2685  2732
 1872     714  1679   715  2953
 1873    2075  1675  2464  3102
 1874     915    61  2444  2798
 1875    1609   783  1335  3028
 1876    1423  2225  2392  3217
 1877    1120   174  2747  2923
 1878    2891  1803  1229    34
 1879    2432  3191  2341  2827
 1880    2002  3180  2003  2000
 1881    2627   262  3052  3113
 1882     812  1593   745  2992
 1883    2344  2527  3005  3058
 1884    1253  2031  1252  2502
 1885    1141    79  3158  3189
 1886    1481   275  1901  3170
 1887    1174  2850  1168  1171
 1888    2144  1594  2838  3209
 1889     780  2765   978   980
 1890    1756   296  1490  2881
 1891    2795  2835  3035  2975
 1892    1030  2276  1020  2851
 1893     762  2769  1690  3056
 1894    2697   895  2809  3106
 1895    2328  2505  2514  2234
 1896     742   743  2565  2807
 1897    2410   942   940  2653
 1898    2471   460  2788  2877
 1899    2638  1648  2656  2875
 1900    2570  1379  2971  3102
 1901    2353  2483  2509  2897
 1902    1539  1238  2857   470
 1903    2121  2217   887  3000
 1904     721  2141  1582  3201
 1905     503   515   501  3063
 1906    2459  2989  3100  3115
 1907    2467  2452  2550  2776
 1908    2526  2688  2690  2481
 1909    1294  2077  2665  2908
 1910     189   179  1869  2504
 1911     743  2250   954  2807
 1912    2405  3131  2573  2722
 1913     991   989  2264  3082
 1914    3021   610   609   611
 1915     263  2627   262   632
 1916     922  2233   921  2505
 1917      98  2194  1829  2782
 1918    2304  1445  2599  2768
 1919    1437  2430  2509  2625
 1920    1046  2926  2829  1048
 1921    1276  2508  1277  2433
 1922    2383  2348  2363  2441
 1923     612  1308  1309  2780
 1924    1869  3103  2504  2819
 1925     998  1000  2295  2964
 1926     743   715  2250  2807
 1927     400  2962   401  3072
 1928     439   437   438  2723
 1929    2040  2497  2989  3100
 1930    2961  3117  2493   164
 1931     167  1146  2898  3044
 1932    1790  1908  2101  2515
 1933     369   352   353  2812
 1934    2675  2525  2736  2808
 1935    3041  2756   787  2490
 1936    2441  2562  2575  2440
 1937    3020   437   438   436
 1938    2100  1790  2515  3027
 1939     881  2585  2645  3131
 1940    1731  1410  1231  2762
 1941    3025  2771  3046  3070
 1942      16  1094  1093  1796
 1943      59  1739  2701  2922
 1944    2861  1392  1006  2968
 1945    1307   611  2472  1213
 1946    1567  2128  1598  2843
 1947     994   996  1042  2833
 1948    2595   972  2750  2894
 1949     770   733   735  2894
 1950    2368  2639  2684  2768
 1951    2396  1263  2687  3083
 1952     757   688  1598  2389
 1953     350  1514  2387  3039
 1954    1262  1257  2557  2628
 1955     733  2595  2894  2146
 1956    1862  1844  1126  2599
 1957    1281  1680  1275  2664
 1958    2982  2363  2752  2383
 1959    2962  1975   400   402
 1960     595   594   581  3222
 1961    2243  1541  2529  3058
 1962    2431  1290  2663  2786
 1963     356  3152   357  1200
 1964    2136   709  1323  2895
 1965    1876  2718  1750  1461
 1966    2125   859  2683  2929
 1967     335   333   334  3075
 1968     268   270  2409  3199
 1969    2402  2408  2569  3156
 1970    3155  1438  1826  1827
 1971    2251  1280   985  2664
 1972    2476  1356  2582  2952
 1973    1078  2586  2764  2980
 1974    1466  1878  1465  2552
 1975    2390  2345  2613  2979
 1976     331   288   325   281
 1977    1551  1572   656  2927
 1978      48  1810  2419  2426
 1979    2831  3022  2418  2341
 1980    1558  2120   669  3107
 1981    2045  2655  2988   531
 1982    1840  2498  2746  2785
 1983     738  1603   764  3214
 1984    2482  2395  2600  2976
 1985    2360  2909  3022  3191
 1986    2049  2048  2047  2985
 1987    1503   327  1502  1940
 1988    1398  2268  1399  3073
 1989    2512  2651  2722  2916
 1990    2373  2411  2575  2348
 1991    2571  1500  2919  3147
 1992      72  2538  2587  3077
 1993    2074   570  2068  2647
 1994    1272  1372  1371  2801
 1995     710  1687  2377  2595
 1996    1144  2693  2761  2914
 1997     133   132  2376  2486
 1998    1577   709  2136  2887
 1999    1558  2120  1633  3000
 2000    1853  2563  2730  3051
 2001     778  3025  3046  3070
 2002     887   886   885  2698
 2003    2367  2388  2524  3036
 2004    2168  2660  1654  3071
 2005    1940   327   280   326
 2006    2105  2106  2604  2617
 2007    1926  1927  1492  2519
 2008    1931  2965  1967  2555
 2009    2708    54  2777  2922
 2010    2496  2370  2737  2804
 2011     522   509   523  3098
 2012    2471  2540  2788  3195
 2013     171   181   183  3186
 2014     555  2835  3035  3156
 2015    1587  2595   708   733
 2016     396   397  2669  2845
 2017    1681  1441  1682  3145
 2018     406  2735   404  3072
 2019     325   331   280   328
 2020    1676  2247   787  2423
 2021    1476  2539  2627  3113
 2022     629  1181  2763  3062
 2023    1935  1936  1937  1915
 2024     679   962  2759   678
 2025      45    44  2499  2863
 2026    2118  2326  2596  2119
 2027     698  2442  2673  2428
 2028    1578   713  2807  2953
 2029    1879  1462  1878  2552
 2030    2391  2392  2680  2920
 2031     912  1654  2610  1364
 2032     186   185   184  3139
 2033     906   975  2717   976
 2034    3066  2510  2914  3065
 2035    2627  1313   632   634
 2036    1029  2851  1030  1059
 2037     557   547  2054  2572
 2038     772  1606  2163  2591
 2039     657  1642  1318  2860
 2040    2520  3222  3218  2578
 2041     916   915  2444  2685
 2042    2357  1985  2726  3010
 2043     861  1351  2562  2575
 2044    1060   993  2542  2906
 2045    1461  2421  2718  3074
 2046     531  2045  1646  2988
 2047     617   615   616  2104
 2048    2413  2899  2594  3079
 2049     909  1425  2420  2938
 2050     570  2480   571   569
 2051    1772  2724  2728  2874
 2052    2159  1602  2148  3214
 2053     328   327   280  1940
 2054    2436  3156  2569  2408
 2055    1949  1201  1202  2754
 2056    1940   326   280  1195
 2057     331   281   280  1196
 2058    2811  2499  2225  1808
 2059    2366  2343  2417  2492
 2060    2677  2395  2907  2986
 2061    3084  3059  2220  2501
 2062    2546  1837  2606  2709
 2063    2860  1643  2036  2736
 2064     334  1757  1943  3138
 2065    2415  2778  2414  2657
 2066    2334  2165  1664  3070
 2067    1508  1517  3054  3137
 2068    3021   610   608   609
 2069    2210  2211   965  2671
 2070    1766   808   809  2941
 2071    2368  2339  2459  2460
 2072    2391   973  2419  2951
 2073    1310   290  2865  1309
 2074     189  1875  1874  3064
 2075    2564  2492  2928  2943
 2076    1513  3152   356  1200
 2077    1321   976   906  2802
 2078     593   594   595  3218
 2079     592   594   593  3218
 2080    1452   125  2382  3225
 2081     619  2102   617  2757
 2082    1375   944  2462   943
 2083     863   861  2562  2866
 2084    2866  1549  1550  2142
 2085    2104   615   616  1907
 2086     325   281   280   331
 2087     331  1196   280   328
 2088    1940  1195   280   328
 2089     324  1195  1941   279
 2090      35  1102  2907  2986
 2091    1653  1322  2910  2147
 2092    2704  1292  2696   576
 2093     181   180   182  3024
 2094     614  1218  1309   615
 2095    2696   956  2616   955
 2096     991  2316  2264   989
 2097    2719  1007  1014  2805
 2098    2333  2224  1777  2450
 2099    2685   747  2248  2491
 2100    1233   456  2960  3096
 2101    1620   805   776  3070
 2102    2334  2178  2165  3070
 2103    2225  1362  3217  2226
 2104    2409  3119  3127  3199
 2105    2395  2600  2891  2986
 2106     491   489  2700  2883
 2107     360  1202  1201  2754
 2108    2519  2571  2919  3147
 2109    2041  3211   511  2034
 2110     894   893   895  3106
 2111     800  2176  1619  2879
 2112    1192   313  2438  2734
 2113     328  1940  1502   327
 2114    1559  1560   744  2994
 2115    2767  2831  2513  2341
 2116    1252  2031  2025  2858
 2117    1421    45  2499  2863
 2118     998   997   999  2969
 2119    1518  1201  1516  2754
 2120    2377  2666  2895  3145
 2121     935  1433  2458   933
 2122    2270  1013  1014  2805
 2123     722   836   723  3201
 2124    2355  2348  2373  2440
 2125    1626  2993  1550  2114
 2126    1193   316   331  1196
 2127    2814   722  3053  3201
 2128     226  2946  2850  2404
 2129    1960  1964   380  2447
 2130    1303  1296   586  3143
 2131    1422  2225  2811  1423
 2132     805   807   776  3070
 2133     885  3002  3007  2698
 2134    2285  2284  2315  2851
 2135    1552  3016  1551  1317
 2136    2260  1430  2487  2793
 2137    2329  2154  2153  2611
 2138    2451  2448  2704  2755
 2139    2490  1778  2610  3184
 2140    3072   404   406   400
 2141     378  1188   297  2447
 2142    2431  1285  2740  3109
 2143    1551  2116  1572  2927
 2144    2178  1621  2165  3070
 2145     878   877  2428  2996
 2146    1296  2997  3143  1303
 2147    1621   805  1620  3070
 2148    2423  1655  2610  3041
 2149    3125   341   340  2412
 2150     742   743   741  2565
 2151    3161  2864  2709  2783
 2152    1729  1078  2764  2980
 2153    1940  2321  1503   327
 2154     640   625  2544  2714
 2155    1526   380  1964  2447
 2156     833   835  2698  3007
 2157     289   288   324   325
 2158    1681   842    99  2666
 2159    2802   692   694   976
 2160    2410   940   941   939
 2161    2946  3153  3113  2539
 2162      86  1824  2441  2470
 2163      48  1105  2951   973
 2164    2077  1295  2076  2908
 2165    2780  2446  2901  3085
 2166    2288  1077  1078  2600
 2167    1257   891  1359  2628
 2168     699   697  2635  2889
 2169    3061  2963  2658  3129
 2170    1873   185   187  2670
 2171    2755  2422  2664  2393
 2172    3187  3122   748   749
 2173    2682  2664  2972  3213
 2174    2371  2523  2784  2864
 2175      94  1828  3145  1682
 2176    1876  2718  1461  2421
 2177     541   540   542  2867
 2178    2545  2700  2858  2883
 2179    2120  2217  2121  3000
 2180     830   828   667  2903
 2181    2380  2951  2391  2419
 2182     824   826  2759  2885
 2183     899    40  2831    41
 2184      60    59    58  2615
 2185    2420  1812  2407  2938
 2186    2308   221  1751  2406
 2187    2017  3031   476  3094
 2188      39    40  2513    38
 2189     961  3145   959  2377
 2190    1942  1505  1947  2387
 2191    1179   625  1183  2714
 2192    2917  1311  2957  3124
 2193     222   221   220  2937
 2194     177  1158  2597   191
 2195     396  1307  2669   397
 2196    1080  3212  1397  1033
 2197     737  3126  2516  3001
 2198    1421  1806  2863  1807
 2199    1541   938  2243  2529
 2200     351   350  1505  2387
 2201    1913   604  1917  2636
 2202    1810  1424  2419  2426
 2203     940  1333   772  2591
 2204    1840  2746  1748  2785
 2205    1918  2560  2636  1916
 2206     249   252  1476  2522
 2207    1421   903  2912    45
 2208    2209  2818   870  2746
 2209      55    56  2531    54
 2210    2565  2772  2807  2893
 2211    2526  2459  3110  3226
 2212     398  1213  2706   399
 2213    1734  1997  1996  2979
 2214    1917  1914  1913  2636
 2215    2160  1611  2592  3175
 2216     584  2076  2083  2668
 2217    1067  1073  2906  2507
 2218    2109  1772  2110  2724
 2219    2409  2427  2820  3220
 2220    2676   476  3031  3094
 2221    1633   668  1558  3000
 2222    2379  2397  2755  2931
 2223    1619  1590   800  2879
 2224    2195  1744  2645   845
 2225     118   964  2759   962
 2226    2225  2258  3217  1423
 2227     249   251   250  2398
 2228      44  2225  2499  1808
 2229    2872  2540  2411  3195
 2230    2396  2394  2782  2817
 2231    1234  2011  2672  3195
 2232     116   117   115  2525
 2233    2385  2379  2755  2931
 2234    2381  2349  2384  2578
 2235    2448  2696  2704  2781
 2236    2901  1308  3085   612
 2237    2831  2499  1421  2912
 2238    1105  1422  2811  1423
 2239    1105  2258  2920  2259
 2240    2542  2287    37  2986
 2241    2468  2734  2555  2438
 2242    2385  2429  2414  2678
 2243    3182   794  2173  2434
 2244    2355  2348  2440  2441
 2245    2374  1103   899  2875
 2246    2562   863  2866  2993
 2247     581  2578  2908   583
 2248    2385  2408  2431  2436
 2249    1785  2964  1000  1038
 2250    1305  1304   601  3049
 2251      44   903  2499  1104
 2252    2384  2342  2435  2550
 2253     324  1195   280   326
 2254     496   484  2028  2564
 2255     176    47   164   178
 2256    2427  2659  2948  3166
 2257    2367  2353  2388  3036
 2258    2418  2462  2703  2985
 2259    1338  2608  1339  3104
 2260    1636  2205  2204  2488
 2261    2136   732  1768  2887
 2262      98    99  2394  2479
 2263    1964  1962  1963  2447
 2264    1070  2400  2566  3030
 2265    1418  1997  1734  2979
 2266    1254  1249   488  2813
 2267    2346  2471  2672  3195
 2268    2630   608  2636  3021
 2269    1464  1877  2718  3150
 2270     299  1963  2447  3193
 2271    2393  2422  2664  2682
 2272    1322  1653  2910  1321
 2273    2411  2672  2872  3195
 2274    1357  2860   875  2808
 2275    2460  2639  2768  3003
 2276     598  1677   952  2475
 2277    2403  2405  2534  3061
 2278    1917  1938  1914  2636
 2279    2070   574   561  2372
 2280    2089  1215     3  1214
 2281     966  2210   965  2671
 2282     151   156  1133  2753
 2283     179   178  2504  2597
 2284    1600  2158   761  2823
 2285    2884  2459  3100  3115
 2286    1772  2110  2724  2874
 2287    2761  2371  2890  2914
 2288    2520   950  2685  2732
 2289    1242  1243  2020  3120
 2290     132  1823  2376  3132
 2291     919  2629  2692  3066
 2292    2460  3131  2045  2988
 2293    1739  1844  2701  2708
 2294     749   750   751  3122
 2295    2414  2429  2618  3006
 2296    2187  2903  2326  2119
 2297     225  2503  2850  3153
 2298     624   625  1179  2714
 2299    1684   964  2476  2759
 2300    1105   974  2391   973
 2301    1055  2614  1056  1054
 2302    1869  3103  1875  2504
 2303    2476   118  2759  2417
 2304    1643  2675  2808  1357
 2305    2056   550   548  2433
 2306     619   617   618  2757
 2307     811  2528  2941  2201
 2308     457  1233  2960  3096
 2309    1319  1563  1329  3023
 2310    1785  2267  1038  2969
 2311    3017  3072   406  2716
 2312    2422  2352  2587  2755
 2313    1393  1070  2315  2924
 2314    2697  2470  3029  2915
 2315    2741  1646  2988  3002
 2316    2649  2822  2572  2392
 2317     999  1695  1000  2969
 2318     119   118  2417  2759
 2319    2231  2444  2692  2871
 2320     540  2795  2975  2867
 2321    2338  2525  2950  3208
 2322     407   270  2427  3017
 2323    2837  2990  3006  3140
 2324    1633  2120  2121  3000
 2325    2614  1097    24  3089
 2326    2329  2238  2682  3209
 2327    2948  2427  3166  3220
 2328    1673  2049  2245  2945
 2329    1235  1234  2788  3195
 2330    2325   693  2870   692
 2331    2409  3119  3199  3220
 2332    1180  1475  2522  3062
 2333     968  2417   967  2885
 2334     692  2325  2391  2870
 2335    1428   148  2510  3065
 2336     675  2644   951  3032
 2337    2931  2429  2618  2385
 2338     871  2582  2854  3008
 2339    2600  2542  2891  2986
 2340    2524  2535  2750  3223
 2341    1682  1441  1828  3145
 2342    2620  1673  2633  2945
 2343    2888  1238   470  2857
 2344     517   518   519  3083
 2345     921  2469  2505  3065
 2346    1121  2303  1855  2859
 2347    1029  2851  1031  1030
 2348     746   744   672  2994
 2349     227  1889  2503  2556
 2350    2868  1519  3130  3134
 2351    2809  2697  2840  3029
 2352    1784  2833   992  1043
 2353    2428  3198  2453  2651
 2354     893   894  3033  3106
 2355    1398  2970  1040  1039
 2356    1896  2702   216   217
 2357     865  2672  2521  2471
 2358     464   466   465  2872
 2359    2299  2298  2829  2926
 2360     524   525  2534  2954
 2361    2642  2853  3002  3087
 2362    2434  2418  2912  2945
 2363    2378  2517  2791  2921
 2364    1554  2596  2119  2118
 2365     152   153  2753  3189
 2366    2135   871  3008  3104
 2367    1733    23  3089  3148
 2368     875  2860  1643  1642
 2369    1507  1943  1757  3138
 2370    2332  2148  3214  2159
 2371     999  2267  1695  2969
 2372    2058  1284  2066  2408
 2373     699  2635  2773  2889
 2374    1320  1319  2929  3023
 2375    2357  2694  2749  3010
 2376    3166  3202  3215  3220
 2377    1475  1476  3062  1479
 2378    2378  2478  2504  2597
 2379     721   722  3201   720
 2380    2820  2427  2948  3220
 2381    1554  2596  1556  2119
 2382      97  1742  3223  1438
 2383     257  2503   256  2556
 2384    2438  1489  1488   314
 2385    2040   530   519  2989
 2386    1493   302  1492  2919
 2387    1493  1500   303  2919
 2388     877  1264   520  2996
 2389    1362   903  2912   904
 2390    1859  2730  2810  1858
 2391       2  2896  2949  2445
 2392    1776  2170   893  3163
 2393     718  1328   719  2653
 2394    1568  2129  1567  2806
 2395    1827  2770  2897  3155
 2396     549   548  2436  2569
 2397    2885  1685   967   968
 2398     742   715   743  2807
 2399    1047  1045  2586  3042
 2400    1827  1438  2770  3155
 2401     903   902  2912   904
 2402    1838   116   114  2709
 2403    2545  2359  2574  2619
 2404    2346  2413  2618  3006
 2405     848   110   111  2428
 2406      63  1144  2761  2914
 2407    1980  1157  2956  3216
 2408    2739  2777  1851  2859
 2409    1935   310  1937  3164
 2410    2359  2837  2545  2540
 2411    2545  2574  2624  2883
 2412     738  3001  3214  3126
 2413    2492  2023  2928  2943
 2414    1895  1468  1469  2749
 2415    2837  2359  2340  2618
 2416    2939  1518  3135  2754
 2417    3068  2495  1974   180
 2418    1263  1268  2396  2687
 2419    2219  2171  1776  2695
 2420    1114  2221  1370  2443
 2421    2723  2395  2987  3185
 2422      95    94    96  2535
 2423    1649  1328  2591  2163
 2424    1250   492  2541  3081
 2425    1971  3119  3202  3199
 2426    2304  2599  2739  2768
 2427    2102  2103  2104  2757
 2428     545   546   547  2536
 2429    2127   869  2622  2746
 2430    1263   516   517  3083
 2431    1375  2703  1671  2462
 2432    2765   780   782   980
 2433    2081  3154   593  2570
 2434     615  2876  1310   616
 2435    2534  2403  2612  3198
 2436    3034  3150   204   206
 2437     672   744  1560  2994
 2438     305   307  1495  2468
 2439    3221   949  2732  2660
 2440    1799  1419  1098  3142
 2441    2076  1295  2668  2908
 2442    2962   401  1215   403
 2443     447  1803  1229  3118
 2444    2690  2688  3036  2481
 2445     321  1936  1504  3164
 2446     339  3138  2959  2439
 2447    1022  2745  2489  3176
 2448    2719  2489  2745  3176
 2449    2012   466  2872  3094
 2450    1277  2733  2433  2508
 2451    1272  1371   537  2801
 2452    1460   168  2609  3088
 2453    2341  2360  2432  2626
 2454    1612   789  2170  3163
 2455    2086  1185  2560  2790
 2456    2957  2821  3026  3124
 2457    1863  1132  1145  2474
 2458    1163  2726  1883  2694
 2459    1450   121  2369  2546
 2460    2588   850  2525  2808
 2461    2448  2587  2397  3077
 2462    1488   314   312  2734
 2463    1765   677  1561  2885
 2464    3210  2587  2422  2352
 2465    1540   532  1270  2432
 2466      44  1808  2499  2605
 2467    2555  1967  2734  2826
 2468     633   632   634  3141
 2469    2228  2227  2361  2938
 2470     242  2850  1895  1173
 2471      78  1140  2568  3158
 2472    1890  1892  1891  2503
 2473    2573  2512  3004  2405
 2474    2526  2481  2541  2688
 2475    2052  1372  1272  2801
 2476    2249  2084  1302  2644
 2477    2464   582  2074  2647
 2478    2237  1368  2682  2238
 2479    1739    59  2798  2922
 2480    2354  2362  2480  2904
 2481    1362  2499  3217  2912
 2482    1022  1406  1021  2489
 2483     644   646  2724  2874
 2484      40    39  2513    41
 2485    2395  2891  2907  2986
 2486    2606  2343  2736  2935
 2487    1218  1309   615  2901
 2488    2955  2628  1359  2394
 2489    2070   561  2064  2372
 2490    3022  2831  2418  2912
 2491    2451  2385  2408  2431
 2492      28    29    27  2979
 2493     549  1278  1273  2569
 2494     895   893  2183  2652
 2495     789   791  2652  3163
 2496      95    96    97  2535
 2497    1375  2049  2985  1376
 2498    1312  2518  2763  3009
 2499     399   410   408  2456
 2500    1114    84  2221  2443
 2501    2485  2820  3174  3220
 2502     874  1773  2498  3057
 2503    2259  2325  2324  2920
 2504    2324  2258  2259  2920
 2505    1265   522   520  2996
 2506     128   126  1843  2966
 2507    2258  1423  2392  3217
 2508    2250  1679  2772  2953
 2509    2485  3220  3166  3101
 2510     857   127  2579  2691
 2511    2224  1648  2875  2333
 2512     401  2962   402   403
 2513    1976  3072   404  2735
 2514    2085  2553   602  2079
 2515     520  1264  1265  2996
 2516    2393  2451  2402  2835
 2517    1215  1182   401  3072
 2518    1620   776  3046  3070
 2519     931  1113  3048  3146
 2520     204  3150  1467  1463
 2521    1418  1419  1997  3142
 2522    2027  2688   495  2847
 2523     191   190  2905  3064
 2524     138  1843  1455  2913
 2525    1126  1861  2849  1125
 2526    2551  2351  2690  2837
 2527    1296  1297   587  3143
 2528    1974   180  1870  3068
 2529    1974  1870  1979  3068
 2530    2369   121  2417  2546
 2531    2115   851  2927  3016
 2532    1158   177  2597  1151
 2533     796  1568  1567  2806
 2534     462  1639  1354  2877
 2535    2452  2550  2553  2644
 2536    2385  2393  2415  2473
 2537    2329  2238  2611  2682
 2538    2682  2473  1112  2237
 2539    2441    86  2470  2562
 2540      55    54  2531  2777
 2541    2342  2381  2384  2435
 2542    1010  1004  2271  2926
 2543     247   246   245  2937
 2544    1500  1924  1923  2571
 2545    2600  2395  2891  2976
 2546    2321  1503  2401  2468
 2547    2059   555  3035  3156
 2548     583  2073  2080  2570
 2549     559  1283  2508  2842
 2550     858   811   810  2941
 2551     718   717   716  2836
 2552    1424   975  2419   905
 2553    1134  1133  2370  2382
 2554    1630  2686  3159   829
 2555    1651  2187  3159  1650
 2556    2901  1308   612  2780
 2557    1293   956  1292  2781
 2558    1559  2151  2122  2994
 2559    3015  2912  3206  3217
 2560     657  2808  2860  3016
 2561    1296   587   586  3143
 2562    2258  2225  3217  2226
 2563     506  2526  2541  2688
 2564     136   134  2580  2775
 2565    2338  2442  2588  2720
 2566    1278  1273  2569  3035
 2567     612  1218   613  2901
 2568    1413  2439  1414  2350
 2569    2877  2818  3160  3172
 2570    2459  2526  3115  3226
 2571    2641  2414  2828  3006
 2572     355   354  2412  2812
 2573    1643  2860  2036  1642
 2574    1646  1775  2741  2983
 2575    1669  1668  2590  3058
 2576    2477  1641  2952  3057
 2577    1733  1417  1991  3148
 2578    2467  2342  2798  2873
 2579    2183  2170  1613  2652
 2580    2375  2360  2433  2904
 2581    2393  2710  2975  2664
 2582    2549  2449  2583  2785
 2583    1738    55  2531  2777
 2584     361  3171  2754   360
 2585    2470   819   654  1340
 2586     588   590  2511  2662
 2587     402  3183  2669  2962
 2588    1323  2895  2955   840
 2589    1564  2125   680  2929
 2590     270   407  2427  3199
 2591    2853  2396  3087  3093
 2592     701   702  2825   700
 2593     990  1044  1043  2833
 2594    1227    31   440  2677
 2595    2032  2526  2033   507
 2596    1134  1453  2382  2804
 2597     299  1962  1960  2447
 2598    1326  1325  2895  2955
 2599    1953  1954  2939  3135
 2600    2781   763   650  2263
 2601    2209   874  2498  3157
 2602    2830  2654  2611  2748
 2603     384  3075   390   386
 2604     859  2521   860  2683
 2605    2347  2302  2743  1440
 2606    2016  1641  2015  2477
 2607    1654  2335  2168  2721
 2608    2339  2405  2484  2497
 2609    2403  2405  2512  2534
 2610    1016  1049  1050  3096
 2611    2431  2408  2451  3109
 2612    1777   902  2434  2450
 2613     543   541  2795  3035
 2614    2547   930   932   931
 2615     171  1148  1147  2548
 2616     411   414  2758  2956
 2617    2359  2583  2618  3172
 2618    1911   610  2630  2661
 2619    2196  1344   759  2389
 2620    2130   695  2727  2862
 2621    2458  2239   933  1433
 2622    2184  3013  1317  2210
 2623     818   817  2809   819
 2624    2238   930  2611  2682
 2625     419  2307  1985  2357
 2626    2093   621   623  2617
 2627     419  1219   417  2357
 2628    3039   391  3054  3075
 2629     963  2186  2608  2751
 2630     614  1309  1310  2865
 2631    1674   947  3102  3126
 2632    2443  2414  2458  2577
 2633    1144    63  2693  2914
 2634    2413  2346  2594  3006
 2635    2585   883  2722  3131
 2636    2192   838  1741  3029
 2637    2130  1569   695  2862
 2638    2820  2455  3055  3174
 2639    1665  2166  2154  2942
 2640    1749  2416  2486  2913
 2641    1855  2303  1852  2859
 2642     854  2476   964  2608
 2643    2820  2532  3026  3220
 2644    2774  2848  2925  3183
 2645    2818  2579  2877  3112
 2646      36  1062  1060  2891
 2647    1905  1906  1312  2731
 2648     667   665  2596  2903
 2649    3119  2091  3127  3199
 2650    1140  2568  2657  2778
 2651    2691  2579  2724  2728
 2652    1379   947  2971  3102
 2653    1425    57  2420  2531
 2654     810   859   858  2683
 2655    2746  2579  2818  3112
 2656    2941  1622  1766   682
 2657     581  1295  2908  3222
 2658    1778   910   912  2610
 2659    2853   670  2698  3000
 2660    1194  1928  1498  2826
 2661    1429  2235  2589  1430
 2662    2490  3184  2160  1778
 2663    1889  1892  2503  2556
 2664    2508  1283  2733  2842
 2665    2041  2042   523  2675
 2666    2546  2417  2606  2671
 2667    1857  1823  1435  2355
 2668    1128  2815  2890  1447
 2669     887   888  2698  2853
 2670    1888  1887  2309  2702
 2671    1369  3146  1113  2771
 2672    2434  2450  2462  2681
 2673      82   162  1859  2828
 2674     383   382  2571  3193
 2675    2883  2574  1241  1247
 2676    1423  2258  2392  2920
 2677    1698  2805  1005  2270
 2678    2529  1372  1371   937
 2679      44   166  2605    42
 2680     254   252  2364  2667
 2681     344  1964   346  2424
 2682    1664  1369  2240  2771
 2683     166  1422   164  1808
 2684    1690  2704  2918  1286
 2685    1911   287   610  2661
 2686    1347  2498  2854  2977
 2687    1496  1491  1926  2519
 2688    2856  2788  3160  3172
 2689    2171  2161  1605  2695
 2690    2425  2674  2717  2803
 2691     852  1346   114  2525
 2692    2436  2362  2678  2904
 2693      46  1810  2426  1809
 2694    2791   186  2921  3162
 2695    2346  2540  2618  3172
 2696    2314  1733  1990  3148
 2697     866  2672  1352  1636
 2698    2687  3087  2853  2396
 2699     268  1211   395  2091
 2700    1432  2237  2547   929
 2701     318  2826  2401  1194
 2702    2385  2393  2473  2755
 2703    2415  2646  3099  3158
 2704    2606  2211  2860  2932
 2705     550  2375  2433  2436
 2706    3098  2996  3190  3207
 2707     646   645   644  2724
 2708    1105   973  2391  2951
 2709     205   427   426  3080
 2710    2354  2360  2904  2909
 2711    1668  1541  2243  3058
 2712    2579  2818  2877  3172
 2713    1519  1956  3130  3134
 2714     360  2754  2939  3171
 2715    2464  2516  2846  3102
 2716    1428   149  3065  1817
 2717    2378  2791  2819  2921
 2718     757   758  3078   756
 2719     884  2129  2175  2806
 2720     639   637   638  3116
 2721    2181  3071  1625  2168
 2722    1372  1667  2689  2801
 2723    2340  2358  2359  2466
 2724    2110  2206  2179  2874
 2725    1447  1143  2849  2890
 2726    2393  2385  2415  2640
 2727    1654   912  2610  1655
 2728    1860  1861  2593  2701
 2729    2132   700  2825  3107
 2730    1903  2320  1176  2364
 2731    2388  2454  3155  3223
 2732     769   790  2695   771
 2733     728  1767  2131  2673
 2734    2110   644  1623  2724
 2735    2472   286  2560  2661
 2736    2602   910  2361  2610
 2737    2347  2351  2437  2493
 2738     697  2673  2635  1571
 2739    2829  1046  2764  1408
 2740    2548  1147  2923  2930
 2741    1537  2471  2728  2877
 2742    2842  2508  2904  2733
 2743     888   529   886  3002
 2744    2019  2027  2847  3120
 2745    2576  2512  2815  3004
 2746    2359  2540  2624  2788
 2747    1697  3073  1001  1399
 2748    2618  2415  2646  2931
 2749     207   422   205  3080
 2750    1055  1097  1056  2613
 2751    1054  1080  2400  2968
 2752    3085  3169  3047  2532
 2753    2106  2604  2617  2824
 2754      40   899  2831  1103
 2755    2422  2664  2682  3213
 2756    2523  2815  2849  2890
 2757    1671   534   532  2827
 2758     388  1192   313  3105
 2759    2501  3163  2729  2695
 2760     480  1244  1245  3059
 2761    1257  1256  2541  2628
 2762     399  3021  1213  2706
 2763     964   118  2759  1684
 2764    1690  1287  2918   987
 2765    2801  2995  1541   537
 2766    1327  2410  2591  2653
 2767     297   299  2447  3193
 2768    2743  3067  3088  3097
 2769     923  1367  2469  1110
 2770     319   307  2401  2965
 2771    1353  3195  1234  2672
 2772     822   820  2671  2974
 2773    2946   261  3170  2714
 2774    1431    75  2494   160
 2775     445  2987  3118  3185
 2776     983  1384  2465  2846
 2777     106  1833  1834  2512
 2778    1429  2561   137   136
 2779    2351  2429  2493  2530
 2780    1294  1295  2077  2908
 2781    2436  3156   551  2569
 2782     757  1598  1599  2389
 2783    2349  2429  2437  2873
 2784     781   760  1770  3056
 2785    2528  2874  2728  2691
 2786    1269  1268   529  2687
 2787    1459  1117  2897  2898
 2788    2403  3198  2512  2453
 2789     419  3010  2307  2357
 2790     425   422   429  3080
 2791     790   769  2695   788
 2792     226   224  2404  2850
 2793    2091  2409  3127  3199
 2794    2050  1374  1270  2626
 2795     442   440  2482  3167
 2796     343  1519  1956  3130
 2797    2967   776   778  3046
 2798    2466  2343  3204  3208
 2799    1287   566   564  3168
 2800      48  2419  2951  2961
 2801    2139  2155  1597  3005
 2802    1602  2159  1603  3214
 2803    2396   516  1263  3083
 2804    2564  2466  2935  3205
 2805    2633  2686  2903  3206
 2806    2413  2346  2618  3172
 2807    1373  2626  2410  1374
 2808     977  2587  2999    72
 2809     256  3113  2503   257
 2810    1717  2286  2851  2991
 2811    1024  2275  2294  2745
 2812     502   489  2031  2858
 2813     509   510  3211   508
 2814      25  1733    23  3089
 2815    2513  2767  2863  3022
 2816     512   513  2973  3063
 2817     671  2194  2817  3000
 2818    1687  1256  2377  1250
 2819    1639  1537  2728  2877
 2820     533  1271   532  2432
 2821    1515  1509  2412  2742
 2822    2368  2339  2437  3110
 2823    1147  2548  2923  3067
 2824    1479  1904  1476  3062
 2825     279  1919  2984  3047
 2826     834   833   832  2983
 2827    2881  2571  3147  3188
 2828    2652   791  2729  3163
 2829    1993  1417  1416  3089
 2830    2329  2682  3187  3209
 2831    1776  3033  3163   893
 2832    2848  2716  2962  3072
 2833    2187  1650  2903  3206
 2834    3199  3119  3202  3220
 2835    2234  1366  2505  2514
 2836    2585  2573  2722  2916
 2837    1506  2387  1942  3219
 2838    1781   924  2772   922
 2839    3113  3062  2627  1476
 2840     250  2702  2869  1887
 2841    2349  2342  2429  2873
 2842    2670  2461  2925  3166
 2843    2652  2729  3033  3163
 2844     960   959  2887   961
 2845     295  1965   293  2438
 2846     357   356   358  3137
 2847    2815  1447  2849  2890
 2848    2696  2379  2704  2643
 2849    1873  1154  2774  2930
 2850    3091  2493  2609  2961
 2851    2478  3060  3101  3064
 2852     898  2221  2443  2222
 2853    1085  1086  1084  3073
 2854    3138   339   338  2439
 2855      24  1097    25  3089
 2856     146   148   147  2598
 2857    1420  2443  2577  2374
 2858     934   935  2558   933
 2859     333  3219   332  3075
 2860     387   385  3075  3138
 2861     162  2594  2810  2828
 2862     513   503  2038  2658
 2863    1318  1317   656  3016
 2864    1741   838   839  2840
 2865    1074  2725  2969  3043
 2866    2738  2137  2323  1660
 2867    1502   325   324   328
 2868    2182  2113  1771  2915
 2869     666  2680   663  2262
 2870    2535    96  2936  3145
 2871      64   919  3066  1109
 2872    2459  2368  2460  2989
 2873    2689  2547  3048  3146
 2874    2366  2343  2466  2864
 2875     342   341   340  3130
 2876    2346  2373  2376  2990
 2877    2550  2553  2644  2997
 2878     382  1923  2571  3193
 2879      74   157   156  2496
 2880    2379  2431  2643  2776
 2881    1245  1244  2220  3059
 2882    1098  1798  1799  2543
 2883    1029  2851  1059  2924
 2884     860   859  1349  2929
 2885    1869   179  1868  2504
 2886    2642  2639   844   103
 2887    2374  2443  2463  2590
 2888    2601  2485  2900  2901
 2889    2626  1373  2410  2590
 2890    2660   815   786   949
 2891    2641  2414  2730  2828
 2892    2353  2509  2625  2898
 2893    1486  1487   286  2472
 2894    1810  1809  1424  2426
 2895     850  2525  2808   852
 2896      60   915    61  2444
 2897    2410  2341  2827  2626
 2898     802   803  2879  3045
 2899    2239  3146  2458  2558
 2900    1553  2117   661  2944
 2901    2346  2486  2672  2416
 2902    1839  1131  2366  1458
 2903     788  2171  2695  3163
 2904    2295  1390  2744  2970
 2905    1453   158  1458  2804
 2906      90  2483  2501  3155
 2907    3122  3192  3187  2611
 2908    1683  2476  2582  3225
 2909    2190   832  2794  1617
 2910    1409  1082  1054  2400
 2911    2502  2658  2963  3129
 2912     589  1299  2892  3049
 2913    1756  1490   323  2881
 2914      23  2314  1799  2345
 2915    1455  1843  1842  2416
 2916    1519  1411  2313  3134
 2917     221  2398   220  2937
 2918    3113  2556  3153  2503
 2919     794  3182  2173  1631
 2920     217  2319  2702  2792
 2921     216  2308  2406  2702
 2922    1823   132   130  3132
 2923    2548  2747  2923  3067
 2924    1241   473  1247  2574
 2925    1356  2256  2476  2608
 2926    1519  1203  1411  3134
 2927    1236  3197  2575  1350
 2928    2770  2367  2897  3155
 2929     691  2585  2843   846
 2930    2616  1367  2787  2793
 2931    2689  1666  3025  3090
 2932      80  2239  3146  1821
 2933    3015  2945  3206  2912
 2934    1518  1953  1511  2939
 2935    1306   286  1487  2472
 2936    2089  1215  1214  2949
 2937     587  1297  2663  3143
 2938     635   629   631  3141
 2939    1208  1413  1414  2350
 2940    2545  2340  2551  2837
 2941    2967  1665  3046  3090
 2942    1742  1826  2454  3223
 2943    1327   898   900  2789
 2944    1972  1874  1155  3215
 2945    2343  2736  3204  3208
 2946     866   865  2521  2683
 2947    1740    89  1434  2440
 2948    2140   719  2653  2836
 2949    2799  3186  3014  2632
 2950    2493  3022  2863  2429
 2951    1542   958  2947  1381
 2952    1165  1471   223  2406
 2953    2900  2532  3101  3169
 2954    2358  2477  2715  2952
 2955     471  2014   469  2383
 2956     426  2421   204  3080
 2957    1267  3131  2497   527
 2958    1300   592   949  3221
 2959    2429  2340  2618  2837
 2960    2423   786  2660  3071
 2961     784   786  2423  3071
 2962     703  2394  2955  2825
 2963    2304  1845  1847  2739
 2964    2641  2810  2990  3006
 2965    2594  2810  2828  3006
 2966    2121   668  1633  3000
 2967    2134   704  1565  2977
 2968    1053  2543  2613  2614
 2969    2987  1532  3180  1533
 2970    2383  2441  2559  2575
 2971    2731  1312  2886  3009
 2972     270   271   269  2409
 2973    2359  2477  2856  2928
 2974     417   420   215  2357
 2975    2476   854  1683  2582
 2976    2412  2705  2754  3125
 2977     651  2616   955  2738
 2978     951   675  2841  2855
 2979     551  1279  1278  3156
 2980    2218   888   887  2853
 2981    1796    18    16  1094
 2982    1762  3167  1531  2723
 2983    1322  1332  2727  2910
 2984     860  1749   858  2521
 2985    1242  2752  3114  3120
 2986    2612  2534  2973  3061
 2987     223  1471  1751  2406
 2988    1053  1054  2566  2614
 2989    1875  2478  1874  3064
 2990    1382  1686  2417  2935
 2991    2060  1689  2061  2649
 2992    2211  2036  2606  2736
 2993    1356  2476  2582  2608
 2994    1238  1539  2857  1360
 2995      98  1830  2782  1829
 2996     191   179   189  2597
 2997    2343  2709  2736  3208
 2998    1303  1302  2084  2997
 2999    2740  2372   563   561
 3000    2697  2809  2840  3106
 3001     548   539  2569   549
 3002    2334   753  2607   752
 3003    1928  1193  2401  1194
 3004    2370  2474  2804  2366
 3005    1470  1175   219  2702
 3006    2948  2820  3166  3174
 3007    2549   129  2911  2966
 3008    2853   670  3000   843
 3009    3154   593  3218  3221
 3010     885  2741   886  1646
 3011     651  2616  2738  2648
 3012    2476   854  2582  2608
 3013     765   739   764  3214
 3014    1508  1951  1943  3138
 3015    2454  1826  3155  3223
 3016     865  2672  2471  1353
 3017    1951   385   387  3138
 3018     956  2616  2648  2781
 3019     698  2442  1644  2673
 3020    2397  2561  2589  3077
 3021     504   506  2526  2541
 3022    2306  1883  2726  2902
 3023    1060  1061  2906  2980
 3024    2125  1564   680  2683
 3025    2198   110  1345  2442
 3026    1067  1061  2507  2980
 3027    2308  2309  1887  2702
 3028    2255   118   119  2759
 3029    1755  1925  2438  2555
 3030    2197  2131  2635  2673
 3031    2418  2703  2827  3191
 3032     530  2046  2655  2989
 3033    1327  2222  2410   718
 3034    1604   788  1605  2695
 3035    1141  1142  2646  3099
 3036    2365   482   468  2888
 3037    2123  1780  2855  3032
 3038    1391  1397  2566  3212
 3039    1379  2073  1675  2570
 3040    2413  2583  2618  2899
 3041    2920  2951  2811  1105
 3042    1176   253   255  2667
 3043     752   936  2527   934
 3044    3090  3025   778  1666
 3045     441   440   442  3167
 3046    3003  2195  1831  2645
 3047     848  2453  2428   111
 3048     388   390   348  1969
 3049    1082  1080  1054  2968
 3050    3047  3119  2091  3127
 3051    1766   682   680  2683
 3052    1028  2294  2506  2275
 3053     168  1737  2609  3088
 3054     208   418   416  2357
 3055    1124  1443  2684  2739
 3056    1664   932  3048  1665
 3057    2166  1607  2942  2967
 3058     859  2521  2683  2929
 3059    2704  2379  2451  2643
 3060    2540  2990  2837  2411
 3061    2420   910  2602   909
 3062    2133   889  2825  2955
 3063    2574   487  2619  2943
 3064    2816  2467  2510  2371
 3065    1746  1448  2338  2525
 3066     146  1449  2783  2784
 3067     704   685   706  3157
 3068      98   842  1342  2394
 3069    2546  2255  1747   119
 3070    2553  2511  2631  2776
 3071    2932  2546  1837  2606
 3072    2505  2452  2514  2629
 3073    2467  3066  2914  2693
 3074    2553   602   603  2997
 3075    2012  1235  3094  3195
 3076     841  2666  2895  2955
 3077     907  1424  2674   905
 3078     487  2574  2928  2943
 3079    1700  2926  1010  2271
 3080    1057  1031  2276  1396
 3081    1630  2188  1555  3159
 3082     965  2211  1383  2606
 3083    2116  1572   658  2889
 3084    2379  2452  2510  2776
 3085    1065  1073  2507  2906
 3086    2341  2418  2827  3191
 3087    2968  2566  1391  1397
 3088    2384  3222  2578  2908
 3089      91    92    93  2483
 3090    1740  1822  2814  3132
 3091     361   363  2424  3171
 3092    2898  3038  3044  1146
 3093     685  1566   684  2126
 3094    2023   485  2015  2928
 3095     961  3145  2377  2895
 3096     298   297  2881  3188
 3097    1054  2766  2968  2400
 3098    1782  2238  2611  2329
 3099    2533  2060  1377  2572
 3100    2968  2566  1058  1392
 3101    2022  2023  2492  2943
 3102     661  2117  2870  2944
 3103    2084  1302  2644  2997
 3104    2419   905  2674  1424
 3105    1264   878  2043  3198
 3106    2049   944  2245  2985
 3107      76   927  2422  1112
 3108    1296  2997  1303  2085
 3109     357   356  3137  3144
 3110    2292  1039  1037  2964
 3111    2744  2271  2299  2762
 3112    1650  3217  1362  2226
 3113      40  1806  2513    38
 3114    2189  1775  2190  2983
 3115    2644  2629  2855  2841
 3116    2758   411  2956  2958
 3117     510   499   498  3204
 3118    2467  2510  3066  2452
 3119    1248  2700   488  1249
 3120     705   706  3008   704
 3121    1047  1045  1077  2586
 3122     135  2500  2775  2783
 3123     226  2539  1472  3153
 3124    1316  1483  1183  2399
 3125    2058  2835  3156  2408
 3126     931    80  3146    81
 3127     923  1110  2469  2589
 3128    1756  2881  3147  3188
 3129    2144  2329  3209  1662
 3130    3003  2195  2645  3173
 3131     818   819  2809  3029
 3132    2533  2620  2633  3015
 3133    2345  1798    23  2614
 3134     263  2627   624  2714
 3135     890   891   892  2394
 3136    1035  1718  3212  2277
 3137    1590   802   800  2879
 3138     242  2850   238  1895
 3139     892  2396  1262  1263
 3140    2670  1873  2774  2930
 3141    2700  2690  2834  2837
 3142     310  3178  3164  1190
 3143     958  1274  3192  1381
 3144      98    99   842  2394
 3145    1653  2803  2910   908
 3146    1328  1327  2591  2653
 3147    1643  2675  1357  2034
 3148    2333  1777  2173  2681
 3149    2400  2489  2567  3030
 3150     926   979  3210   980
 3151     966   967   968  2707
 3152     885  3002  2698   886
 3153    2495  2669  2706  2845
 3154     635   631  2637  3141
 3155    2013  1236  1237  2982
 3156     499  1253  2502  2963
 3157      68  2235  2589  1818
 3158    2144  2838  1663  1662
 3159    3186  2378  2632  2925
 3160    2575   862  2562   861
 3161     738   739  3126  3214
 3162    1861  1860  2593  2849
 3163    2425  2516  2803  2846
 3164    2893  2933  3179  3194
 3165    2627  2763  3009  3062
 3166    3119  2532  3169  3220
 3167    2134  3008  2977  1565
 3168    1313  2627  3052  3062
 3169    2955  2628  2394  2666
 3170    2493  2367  2530  3044
 3171    2725  1074  3042  3043
 3172    2305  1125  2576  2849
 3173    2299  1048  2271  2926
 3174    2455  2457  2669  2839
 3175     905   975  2419  2717
 3176    1651  2912  2434   904
 3177    2646  2618  2899  3158
 3178    1384  1385  2465  2846
 3179    3106  2183   895  2809
 3180     206  1463  3034  3150
 3181    2709  2932   114  1837
 3182    3029  2697  2386  2559
 3183    2364  1312  2522  3009
 3184    1080  3212  2566  1397
 3185    3096  2291  2290   457
 3186    2036  1383  2211  2606
 3187      56  2229  2581  1814
 3188    2352  2765  2800  3210
 3189    1894   233  3086  3151
 3190    1696  2970  1389  1040
 3191    2192  1824  2470  3029
 3192    2613  1734  2390  2979
 3193     295  1755  1925  2438
 3194    2134  3008  1565  2135
 3195     571  2480  2647  2908
 3196    2481  2367  2524  3036
 3197    1486  2086  2087  2790
 3198     175   187  2791  3123
 3199    2097  2637  2757  2824
 3200    2782  2194  2817  3107
 3201     124  1133  2382  2449
 3202    1237  1236  2934  2982
 3203     833  2190   832  2983
 3204    2013  2014  2383  2982
 3205    1236  2013  2575  2982
 3206     819  2470  3029  2192
 3207     204  3150  1463   206
 3208    1431   927  2422    77
 3209    2783  2709  1456  2500
 3210     746  2475  2491  2994
 3211    2729  2483  2840  3084
 3212    2470   819  3029  2915
 3213    2809  2697  2915  2202
 3214     307  1494  2555  2965
 3215    2559  2383  2857  2386
 3216     926   927  2940   925
 3217    1022  1024  2745  3176
 3218    1189  1922  1491  2519
 3219    2302  2743  2923  2936
 3220    2235  2260  2793  1430
 3221     663  2680  2944  2870
 3222    1271  2375  2051  2432
 3223     898  1327  2410  2789
 3224     667  2633   830  2903
 3225     226   224  2850  3153
 3226    1663  2838  2981  3213
 3227    1598  2128  1599  2389
 3228     781   782  2800   780
 3229    2461  3012  3068  3216
 3230     683  2206  2528  2941
 3231    1663  1335  2981  2143
 3232    2874  2206  2528  2728
 3233     257   259  3052  2556
 3234    1905  3009  2364  2886
 3235    1891  1890  2503  2946
 3236     264  1905   266  2364
 3237    2537  2665  2786  2878
 3238    1035  1718  2851  3212
 3239      70    72    71  2538
 3240     700   669   702  3107
 3241    1351  2559  2562  2575
 3242    2284  2285  2543  2851
 3243    2566  1397  2968  1080
 3244    2051  2056  2375  2433
 3245     978  2765  2769  2999
 3246    1285  1290  2071  2431
 3247     189   191  2597  3064
 3248      81    79  2568  3099
 3249    1621   804   805  2607
 3250     979  1431  2587  1819
 3251    2202  2203  2697  2915
 3252    2752  3133  2365  2363
 3253     723   836  2191  3201
 3254     902  2224  2223  2450
 3255    2444  2435  2467  2692
 3256     229  3069  1901   228
 3257    2309  1888  2702  2792
 3258    2808   657  2927  3016
 3259    2112  2323  2648  2738
 3260     122   855  1347  2854
 3261    2465  2061  2572  2679
 3262    1175   219  2702  2792
 3263    3165  2515  3027  2790
 3264     718  2222  2410  2836
 3265     351   350  2387  3219
 3266     979   978  2765   980
 3267     965  2211  2606  2671
 3268    2393  2385  2402  2755
 3269    2779  2338  2950  3208
 3270    2520  2602  2660  3040
 3271     675  2644  2855   951
 3272    1349  2486  2521  2488
 3273     928  1663  2940  3213
 3274    1962  1961  1960  2424
 3275    2368  2437  2650  3110
 3276     228  3069  1901  1900
 3277    1271  1276  2056  2433
 3278     128  2413  2911  2966
 3279    2118  2117  1553  2944
 3280    3024   180  1973  2495
 3281    2898  2625  3038  1846
 3282    2809  2915   819   817
 3283    2730  1859  2810  2828
 3284     132  2376  2486  3132
 3285    1176  2320  1477  2364
 3286     243  2694   214   212
 3287    2342  2349  2381  2873
 3288    1368   927  2422   928
 3289     684  1546  1545  2622
 3290    2297  2336  2506  3018
 3291    2564  2928  2619  2943
 3292    1389  1390  2970  3073
 3293    2127   869   867  2622
 3294      87    89  2440  2441
 3295     697  1571  2131  2889
 3296    3222  2668  1295  2908
 3297    1067  1073  1387  2906
 3298    2643  2511  2662  2696
 3299    2181  3071  2721  1625
 3300    1190  1936  2322  3164
 3301    2540  2471  2788  3172
 3302    2465  2380  2649  2802
 3303     979    72  2587   977
 3304     287   286  1306  2472
 3305    3138   338  3137  2439
 3306     110  1835  2338  2442
 3307     303   302  1493  3149
 3308    3060  2478  2905  3064
 3309    1330  2488  1349  2929
 3310    2390   435  3128  3142
 3311    3055  1907  2876  2901
 3312    1004  1010  2271  1700
 3313    1661  2137  2953  1660
 3314    1689  2060  1688  2649
 3315    1424  2419  2426  2674
 3316    1798  2345  2543  2614
 3317    1404  1066  2713  1722
 3318    2659   185  2735  3139
 3319     435  1224  3128  3142
 3320    1563  1319  1329  2929
 3321    2669  2495  2839  2845
 3322    1064  1400  1077  2586
 3323    1347   687  3157   706
 3324    1337  2115  1336  3016
 3325     840   841  2895  2955
 3326     383  1525   376  2447
 3327     930  2237  2547  2238
 3328    1487  2457  2472  2949
 3329     679  2255  2254  2707
 3330     349  1966   348  3075
 3331     176   178  2597  3091
 3332    2081  3154  2570  2756
 3333    1162  1468  2694  2902
 3334    2631  2511  2662  2776
 3335     977  2587  2765  2999
 3336    1749  1455  2416  2913
 3337    2370  2340  2618  2931
 3338     731   847   758  2623
 3339    1421  2223  2831   901
 3340    1646   531  2988  3002
 3341    1266   881  2216  3131
 3342      88  1825  2430  2441
 3343    2403  2612  2996  3207
 3344     771   769   770  2711
 3345    1140    80  2568  1821
 3346    2237  1432  2547  1820
 3347     845  3003  1744  2645
 3348    2634  2884  3224  3226
 3349    2239  1369  2771  2240
 3350      76  2237  2473  1820
 3351    1763  2098  2094  3095
 3352    1655  1654  2423  2610
 3353    2848  1976  2962  1975
 3354    2125   808  1564  2683
 3355    1758  3130  3200   342
 3356     498  2029  2035  3204
 3357      13  1414    12    17
 3358    2670  2659  2735  3139
 3359     136  1863    71  2580
 3360    1972   393  3169  3215
 3361     851  2808  3016   852
 3362    1147   169  2548  3067
 3363     615  2876   616  1907
 3364    1961   345  1944  2424
 3365    2028   496  2564  3205
 3366     390   384   386  3105
 3367    2132   889   890  2825
 3368     891  1262  2394  2628
 3369    2302  1120    96  2936
 3370    1256  1250   492  2541
 3371    1137   133   132  2376
 3372    1274   540  1275  2867
 3373    1884   236  1885  3010
 3374    2228  2332  1652  2584
 3375    1530   429   197  3080
 3376     270  1182  1088  2409
 3377    2558  2458  2640  3146
 3378    2265  1722  1694  3092
 3379    3046  2689  3025  3090
 3380     764  3011  3214  2592
 3381    2413  2549  2911  2966
 3382    2373  2355  2440  3132
 3383    2629   920  2692  2855
 3384    1569   660  1764  2862
 3385     727  1680  2972  3187
 3386    2408  2431  2740  3109
 3387    2670  2548  2774  2925
 3388    1775  2988  2983  1646
 3389     740   803   802  3045
 3390     227  2556  3153  1480
 3391    2391  2680  2870  2944
 3392     889  2394  2825  2955
 3393    1077  1400  1047  2586
 3394     497   486  2564  2619
 3395    1599  2128  2156  2389
 3396     264  2364  2522  2667
 3397    2050  1270  2051  2432
 3398    3178   308  3149  2519
 3399    1522  1208  1414  2350
 3400    2771  1664  3046  3070
 3401     280  3111   282   281
 3402    2611  2748  2947  3192
 3403    2221  1420  2443  1805
 3404    1739  1813  2708  2922
 3405     328  1195   324  1502
 3406    2213  1774  1645  2389
 3407    1216   399  3021  1212
 3408    2831   901  2450  2912
 3409    2185  1562   820  2707
 3410    2632  3014  3037  3196
 3411     302  2519  2919  3149
 3412    3026  2984  3124  3127
 3413    1734  2613    29  2979
 3414    1883  1162  1163  2902
 3415    2436  2402  2569  2678
 3416    1088   271  2409  2896
 3417    3047  3119  3026  2532
 3418    2312   365  1955  3134
 3419    1428  2233  3065   921
 3420     187   186  2791  3139
 3421    2812  1956  3134  3130
 3422     902   904  2434  2912
 3423    2353  2348  2430  2441
 3424    1478   252   253  2667
 3425    1692   990   991  3082
 3426     931  1432  2547   929
 3427     969  2220  1244  3059
 3428    2597  3196  2632  3037
 3429    3040  1426  2229   913
 3430    1045  1046  2764  3042
 3431    2602  2520  2660  3154
 3432    1327  1328   718  2653
 3433     986   725   985  2981
 3434     315  2438   292  3105
 3435    1498  1191  1930  2826
 3436    1959  2350  2439  2959
 3437     655   836   722  2866
 3438      56    57  2531  2581
 3439    2015  1640  2023  2715
 3440    1163  2726  2694  1528
 3441     218  2886  2702  2406
 3442    2207  2471  2528  2728
 3443    2513  2563  2641  2730
 3444     801  2841  2855  2879
 3445     872  2134  2977  3157
 3446     235  2978  3086  3151
 3447    2382  2366  2370  2804
 3448     464  2672  2872  3197
 3449    2052  2801  1273  3035
 3450    1728  1008  2805  2861
 3451     131   132  2486   130
 3452    2107   643   642  2824
 3453    3124  3203  1919  1485
 3454    1595   748   726  3187
 3455      40    41  2513  2831
 3456     264   266   265  2522
 3457      79    80  2568    78
 3458     883   881   526  3131
 3459     985   987  2352  2918
 3460     983  1688   984  2862
 3461     227   225   226  3153
 3462    2281  1047  2586  3042
 3463     487   485   486  2943
 3464    1540  1374  2244  2827
 3465     525  2534  2954  2973
 3466    2035   510   498  3204
 3467    2446  2532  2901  3085
 3468    2402  2569  2640  3035
 3469    2675  3208  3211  2736
 3470     187  2791  3123  3139
 3471    2524  2367  2535  3223
 3472    2621  2820  2821  2896
 3473     882   881  2585  2645
 3474     600  1304   589  3049
 3475    1237   477  1242  3114
 3476     898   897  2374  2443
 3477    2347  2524  2535  3145
 3478     657   659   875  2927
 3479    1652  2803  1653   908
 3480     150  2899  1136  3189
 3481     250  2702  1887  1888
 3482    1119   172  1149  2747
 3483     810   858  2528  2683
 3484    1320   681  2521  2929
 3485    2596  2680  2920  2944
 3486    1012  1010  1011  2926
 3487    1770   760  1600  3056
 3488     328  1195   280   324
 3489      56  1813  2922    54
 3490    2374  2410  2443  2590
 3491    1244   480  2712  3059
 3492    1170  2311  1894  3086
 3493    1988  2001  1998  1986
 3494     333  3219   349   332
 3495     480   482  2365  3059
 3496     974  1105  2391  2259
 3497     302   301  3149   303
 3498    2854  2582   707  3008
 3499    2411  2676  2872  2934
 3500      79  3099  1432  1141
 3501    2464  2425  2578  2647
 3502     816  2183  2652  2809
 3503    1067  1060  1061  2906
 3504    1556  2119   665  2903
 3505    1952  2705  2939  3108
 3506    2520  3154  3218  3221
 3507    1181  1313  1180  3062
 3508    2319  2309  2702  2792
 3509    2124   677  2707  2885
 3510    1873  1872  2670  2774
 3511    2748  2830  2867  3192
 3512      32    33    31  2482
 3513    2580  2816  2864  2931
 3514     883   884  2585  2843
 3515    2365  2847  3036  3133
 3516    2620  2985  1673  2945
 3517    2478  2485  3166  3101
 3518    3039  2356  3054  3144
 3519     865  2471  2521  2528
 3520    2096   627   626  2824
 3521      76  1142  2473    74
 3522    2481  2526  3110  3226
 3523      76    75  2494    77
 3524    1921  1755  1489  2468
 3525    1526  1963  1760  2447
 3526     797  2645   798   799
 3527    2096   626  2097  2824
 3528    1648  2164  2638  2699
 3529     244  2850  1174  1171
 3530    2214   878  2651  3198
 3531    2628  2377  2666  2895
 3532    2830  2682  2972  3187
 3533     756  1599  1585  3078
 3534    2592  2584  3011  3214
 3535    1134   158  2804   157
 3536    2671  2932   823  2974
 3537      97  1119  2770  2936
 3538    2942  2611  2154  1782
 3539     775  1670  2638  2656
 3540     965   967   966  2707
 3541    2359  2358  2449  2477
 3542     510   508   499  3204
 3543    2216   881  2645  3131
 3544    2744  2829  2926  2964
 3545    2330  2236  2260  2793
 3546    2486  2373  2488  3132
 3547     701  2133  2825  2955
 3548    1077  2288  2316  2906
 3549    1198   354  2812  3135
 3550     120  2476  1839  2366
 3551    2356  3075  3138  3219
 3552    2331  2158  2823  3056
 3553    2485  2905  2956  3060
 3554    2375  2051  2432  2626
 3555     783  1609  2167  3028
 3556    2397    71  2538  2580
 3557    1121  1830  2650   100
 3558     528  3083   517   519
 3559    1274  1381  2867  3192
 3560     523  2675  2720  3098
 3561      89    88  2355  2441
 3562    1782  2611  2654  2942
 3563     351  1505  1506  3219
 3564     771  2454  2252  2193
 3565    1753  1544  2821  2852
 3566    3011  2584  3102  3126
 3567    2472  2455  2790  2949
 3568    3027   607  1543   605
 3569    1013  2766  2719  2805
 3570     206  1463  1464  3034
 3571     919  1427    65  2693
 3572    1838  1837  1450  2546
 3573    1493   302  2919  3149
 3574    1139   141  2657  1140
 3575    2630  2455  2844  3165
 3576    1527  1966   386  3105
 3577     216   233  1165  2406
 3578     610   608  1911  2630
 3579    2432   532  2703  2827
 3580    2086  1185  1916  2560
 3581    2377  2524  2535  2750
 3582    3167  1762   441  2723
 3583    1445  2576  2599  2768
 3584    1891  1177  1902  2503
 3585     101  2650  1122  2479
 3586     119   120   121  2417
 3587     865   683  2528  2683
 3588    1102  1101  2907  2986
 3589     754   755  2344  3005
 3590    2194   671  2817  3107
 3591    2597  3037  3091  3117
 3592    2657  2618  2899  3006
 3593    2116  1571  1572  2889
 3594    1777   904  2434   902
 3595    2366  2382  2370  2358
 3596    2545  2564  2466  2359
 3597    1513  1200  1514  3152
 3598     866  2672  1636  2521
 3599    1820  2237  2473  2547
 3600    1844  2304  1445  2599
 3601    2325  2259  2391  2920
 3602    2285  2566  2614  2924
 3603    2413  1843  2416  2966
 3604    1503  1940  1502  1195
 3605    2732  3221  2660  2520
 3606    2690  1248  2834  3120
 3607     324   281   280   325
 3608    2881  3193  2571  3188
 3609     973    48  2419  2951
 3610    2131  1571  2635  2673
 3611    1484  2900   612  2092
 3612     158   157   160  2496
 3613    2196   106  1344  2916
 3614     874  1641  1773  3057
 3615    2693  2467  2761  2914
 3616     200  1465  1462  2552
 3617     453  1724  2725  2964
 3618     189   190  3064   188
 3619    1117  1118  2897  2898
 3620    2407  1425  2420  2531
 3621     496   486   484  2564
 3622    1949  1202   377  2754
 3623    2402  2640  2795  3035
 3624    1371   938  1541  2529
 3625    3087  2687  3083  2396
 3626    1021  1406  1072  2489
 3627     166   165   164   167
 3628    1677  2082  2248  2475
 3629     785   787  2490  3041
 3630    3124  2821  1485  2957
 3631    2427  2716  2896  2948
 3632    1373  1669  2590  2626
 3633    1668   941  2590  2836
 3634    3085  2900  3169  2532
 3635    2124  1561   677  2885
 3636    2739  2339  2599  2437
 3637    1183  1483   272  2399
 3638    2905  2485  2956  3174
 3639     845   798  2585  2645
 3640    2634  2690  2813  2700
 3641    1620  2967   776  1607
 3642    2664  2352  2981  2940
 3643     900   898  2374  2789
 3644    1432  2473  1820  3099
 3645    2601  2485  2956  3060
 3646      60    61  2615  2798
 3647    2354  2480  2679  2904
 3648     779  2942  2967  3136
 3649    1964  1960  1962  2447
 3650    2375  2360  2432  2433
 3651    1265  2044  2612  3198
 3652     332   334  3075  3219
 3653     371   370   372  2350
 3654    2172  1615   792  2681
 3655    2425  2674  2803  2938
 3656    2670  1873  2930  3123
 3657     502  2030   503  2858
 3658    1280   552   566  2710
 3659    2484  2459  2497  3100
 3660    1741  1824  2192  3029
 3661    2815  1128  2890  2523
 3662     839  2483  2840  2729
 3663    2142  1549   720  2866
 3664    1902   256  1481  2503
 3665    1551  2115   656  3016
 3666    1934  2560  1916  1915
 3667    1674  2516  3102  2246
 3668     421   213  2357  2694
 3669    2027  2688  2847  2026
 3670    2337  1394  2506  2960
 3671    1120  1119  2743  2747
 3672    2978   235  3150  3151
 3673    1924   383  2571  2919
 3674     298  1932   299  3188
 3675    2634   489   502  2858
 3676    1896  2702   217  2309
 3677    1436  1825  2441  2509
 3678    2798  2701  2873  2922
 3679    2900  3085  2092  1484
 3680    2526  2033  3115  3224
 3681    2343  2369  2546  2709
 3682     308  3178   310  2519
 3683    1725  1536  2007  2489
 3684    2449  1840  2498   122
 3685     940   939  2410  2591
 3686     945   667   946  2596
 3687     557   559  2508  2679
 3688    1182  2427  2716  2896
 3689    3068  3024  2495  2799
 3690    2347  2367  2743  2936
 3691    1275  1680  2830  2972
 3692      22  1798  1071  2614
 3693    1100    33  2976  3167
 3694    1072  1726  1725  2489
 3695    2640  2995  2801  2569
 3696    2907  2395  3020  3185
 3697     261  2946  3170  1481
 3698    1401  1402  1395  2960
 3699    2444  1365  2491  2994
 3700    1854  1853    38  2730
 3701     709   708   710  2887
 3702    1608  2154  2942  3122
 3703     525  2044  2534  2973
 3704    1286   564  2704  3168
 3705    1300  2083  1301  2554
 3706     659  2212   876  2773
 3707    2508  2433  2536  2909
 3708    1446  2512  2815  1834
 3709    1074  1073   997  2507
 3710    2353  2367  2530  3036
 3711     987   985  2352  3028
 3712      47  1152  3091   176
 3713    2689  2654  2748  3090
 3714    3097  2493  2437  2603
 3715     919  2692  2693  3066
 3716     691  2585   846  2806
 3717    3198  2403  2512  2534
 3718     200  3074  2552   202
 3719    2603    51  2426  2407
 3720     974  2419  2391   973
 3721    2561    68  2510  2589
 3722     633   634   635  3141
 3723    1782  2154  2329  2611
 3724    2029  2935  3204  3205
 3725    2385  2362  2776  2816
 3726    2932  2671   823  2199
 3727    2345  2390  3128  3142
 3728    2466  2340  2366  2864
 3729    1992  1417  3089  3148
 3730    1460   169  3067  3196
 3731    2554  2520  3218  3221
 3732    1651  2912  3206  2434
 3733     602  2553   603  2933
 3734    2088  2095  2445  2790
 3735    2285  1071  1798  2614
 3736    1438    97  2770  3223
 3737    1727  1064  1074  2586
 3738     581  1294   580  2908
 3739     496  2029   498  3205
 3740    2429  2837  3006  3140
 3741    1773  2818  2209  2498
 3742     666   665   664  2596
 3743    2425  3102  2464  2361
 3744    1971  1155  1977  2796
 3745     229  1902  1901  2946
 3746    2373  2346  2376  2486
 3747    1547   712  2137  2738
 3748    2418  2341  3022  3191
 3749    2310  2946  2850  1890
 3750    3075   334  3138  3219
 3751    2085  2553  2079  2997
 3752    2148  1602  1589  3001
 3753    2485  2820  2901  3055
 3754    1270   532  1271  2432
 3755      43    44  2863    42
 3756    1224  1223  3128  3142
 3757    1835  1746  2338  2588
 3758     873  2498  2854  2952
 3759    1672   945  1378  2633
 3760    2557   518  2989  3115
 3761     532   533  2432  2703
 3762    1865  3091  2609  1809
 3763    2132   890  2120  3107
 3764    2494   160  2496  2538
 3765     153  2646  2753  3189
 3766     322   320  3149  3178
 3767    2786  2740   561  2372
 3768     125  1683  3225  1452
 3769    1478   264   265  2667
 3770     706  2498  3157  1347
 3771    2545  2551  2700  2837
 3772     913  1426  2798  3040
 3773     598  2475  2644  2998
 3774     651   649  2648  2738
 3775    2405  2484  2954  3061
 3776    2618  2370  2646  2753
 3777    2380  2425  2717  2846
 3778    2437  2368  2650  2684
 3779     391  1950  3039  3054
 3780     966  2210  2671  2974
 3781     891  1359  2394  2955
 3782     593   595  2081  2570
 3783    2928  2564  2619  2359
 3784    1958  1959   337  2959
 3785    2646  2618  2753  2899
 3786    3107  3000  2120   669
 3787    2395  2891  2976  3118
 3788    1145  1863  2474  2737
 3789     903    45  2499  2912
 3790    1687   711  2377  2257
 3791    2533  2649  2060  2572
 3792    2688  2526  2690  2813
 3793    1844  1845  2599  2708
 3794    1674  2516  3126  3102
 3795    1960   380   376  2447
 3796    2529  1541  2590  3058
 3797     815   813  2721  3071
 3798    2010   870  2818  1355
 3799     902  2434  2450  2912
 3800    2335  2181  2721  2732
 3801    2362  2385  2429  2816
 3802    2354  2349  2822  3121
 3803    1497  1498  1928  2826
 3804    1674  2516  2246  3126
 3805     657   656  2927  3016
 3806    1431   979  2587   925
 3807    1806    40  2513  1807
 3808     382   383   381  2447
 3809    1425   911  2420    57
 3810    2383  2363  2386  2441
 3811     959  2377  2595  2887
 3812    1562  1561   820  2707
 3813    1735  1854  2730  1858
 3814    2022  2492  2564  2943
 3815     331   325  1502   328
 3816     219  2319   217  2792
 3817     366   367   365  2868
 3818    1802    30    31  2600
 3819    2700  2834  3031  3050
 3820    2378  3103  2819  2504
 3821    2821  1753   269  1544
 3822    3190   508  3211  2963
 3823    2530  2863  2429  2493
 3824    2434  2462   944  2681
 3825    1028  2294  2275  2745
 3826     508  3190  3211   509
 3827     328  1195  1502  1940
 3828    1445  1444  2576  2768
 3829    1361  1648   900  2789
 3830    1210  1414    12  1524
 3831    3067  2378  3196  2548
 3832    1523  1413  1957  2439
 3833    2310  2503  2850  1473
 3834     624  2544  2627  3141
 3835    2769  2331  2823  3056
 3836    1966  3075   390   348
 3837     328   327  1502  1503
 3838    1281  1280  2251  2664
 3839    2031  2030   502  2858
 3840    1284  2436  1279   562
 3841     946  2533  2596  2680
 3842    2458  2415  2640  3146
 3843    1418  1997  2979  3142
 3844    2463  2529  2801  2995
 3845    1867   175  2930  3123
 3846    1500   322   303  3147
 3847    2445  2515  2790  3095
 3848    1857  1137  2376  2810
 3849    1271  2056  2051  2433
 3850    2463  2374  2590  2626
 3851     317   316   328  1196
 3852    1009  2829  3042  1011
 3853     758  2651  2623   847
 3854     304   327   328  2321
 3855    2487  2448  2781  2793
 3856    1252  2025  1246  2858
 3857    1190  2519   310  3178
 3858     144  1135   139  3079
 3859     779  2967  3090  3136
 3860    1037  1039  1038  2964
 3861     331  1193  1502   325
 3862    1105  1423  2811  2920
 3863    1240  2574   472  1241
 3864    1003  1701  2269  2762
 3865    2654  2611  2748  3136
 3866    2425  2480  2578  2647
 3867    2496  2538  2737  2931
 3868     597   584  2668  2998
 3869     325   288   324   281
 3870    1500  1924  2571  2919
 3871    1503  2321   328   327
 3872    2411  2346  2672  3195
 3873    2443  2527  2590  2836
 3874    1512   347  1511  3171
 3875    2527  2344  2529  3058
 3876    2685   747  2491  2992
 3877     875   659   876  2927
 3878    1401  2506  2275  1395
 3879     793  2699   775   792
 3880    2295  3043  2296   998
 3881    2627  2544  2763  3141
 3882    1806  2513  2563  2863
 3883    2518  2399  2544  2627
 3884     328  2321   306   304
 3885    1982   415  2900  3169
 3886    1726  1406   458  2745
 3887    2257  1256  1359  2628
 3888    2772  2138  1661  2807
 3889     344   345  1961  2424
 3890     328   317   306   316
 3891    3031  2624  2017  2018
 3892     969   970  2219  2711
 3893    3055  2876  1908  2621
 3894     229  3069  3170  1901
 3895    2209   869  2208  2746
 3896    1655  2490  2610  3041
 3897     328  1193  1502  1196
 3898     331  1196  1502  1193
 3899     328  1196  1502   331
 3900     328  2321  1502   306
 3901     328  1503  1502  2321
 3902     328   316  1502  1193
 3903     306   316  1502   328
 3904    1193  1928  2401  1502
 3905     955  2696  1293  1298
 3906     942  2140  2653  2836
 3907     398  3021  2456   399
 3908    2795  2835  2393  2402
 3909     738   739  3001  3126
 3910     603  2084  2832  2997
 3911    1490  1922   323  2881
 3912    3103  2921  1156  3177
 3913    2743  1120  2747  2923
 3914     856  2200   687  2746
 3915    2233  1817  3065  3066
 3916    2165  2967  2166  3046
 3917    2917  2957  3026  3124
 3918    1717  2543  2286    26
 3919    1739    59  1426  2798
 3920    1426    59    61  2798
 3921      69   923  2469  2589
 3922    1025  1728  2745  3176
 3923     551   549  2436  2569
 3924    2627  1313   262   632
 3925     488  1249  2700  2813
 3926     139  1843  2413  2911
 3927     609  1216   604  3021
 3928    2341  2450  2831  2875
 3929    1838  1837  2546  2709
 3930    2985  2418  2620  2703
 3931    1204  1411  1203  3134
 3932     867   869   868  2622
 3933    2049  2245  2945  2985
 3934     595   581   583  3222
 3935    1272  1273  2569  2995
 3936     489  2634   502   500
 3937    1285  1284   560  2740
 3938     380  1526  1760  2447
 3939    2820  2621  2901  3055
 3940     502   503  2634  2858
 3941     376  1188   378  2447
 3942    2753  2646  2899  3189
 3943    1058  2566  3030  1057
 3944    1359  1326  2895  2955
 3945    1635  1634  1351  2559
 3946    2724  2691  2728  2874
 3947      69  1428    67  2510
 3948      71    72    73  2538
 3949    2372  2842  2904  2733
 3950    1062  1100  1063  2976
 3951    1556   664   665  2596
 3952    1240  1235  2788  3094
 3953    1221   421  1222  2726
 3954     246   248  2731  2937
 3955    2752  2834  3133  3181
 3956    2288  2542  2600  2986
 3957    2462  2418  2945  2985
 3958     415   393   395  1982
 3959     376   380   381  2447
 3960    3199  2796   407  2427
 3961    3000  3107  2817   671
 3962    2900  2092  3169  1211
 3963    2789  2341  2827  2374
 3964    3119  3047   395  3169
 3965    2360  2375  2678  2904
 3966    2455  2445  2896  2621
 3967    2292  1723  1534  2964
 3968    1873  2735   185  2670
 3969    1081  1013  2270  2805
 3970    2448  2616  2696  2781
 3971     376   378  1960  2447
 3972    2310  2503  1473  1890
 3973     137   136  2561  2775
 3974     114   116  2525  2709
 3975    2547  2238  2237  2682
 3976     226  2946  3153  2850
 3977      54  1847  2708  2777
 3978     577   578   579  2643
 3979     591  2662  2079  2631
 3980    2339  2599  2873  3004
 3981     470   471  2383  2559
 3982     602   591  2553  2933
 3983      36    37  2891  2986
 3984    1826  2193  1742  2454
 3985    2372  2362  2436  2904
 3986     764  1603  2592  3214
 3987     680   682   681  2683
 3988    1730  1535  2719  2766
 3989    2510  2397  2561  2589
 3990    2756  2971  3175  3184
 3991    2388  2454  2501  3155
 3992    1346   114  2525  2932
 3993    1679   714  2787  2953
 3994    1499   318  2826  2965
 3995    2225  1422  2811  1808
 3996     448  2907  3020  3185
 3997    2880  3004  3061  2339
 3998     326  1940  1941  1195
 3999    1400  1691  1715  2586
 4000    1879  1462  2552  3074
 4001     446  2976  2987  3167
 4002     158  2496  2737  2804
 4003    1105    48  2951    49
 4004    2525  2606  2736  2860
 4005    2407  2437  2603  2777
 4006    1613  2183   816  2809
 4007     693  1764   660  2862
 4008     799  3173   834  2794
 4009    2081  3154  2247   593
 4010    1117    93  2897  1118
 4011    1428   148    67  2510
 4012    2061  2067   556  2465
 4013    2017  1240  2018  2624
 4014    2677  1227  1228  3020
 4015    1489  1488  1921  2468
 4016    2328  1781  2150  2565
 4017    2449  2498  2952  3225
 4018       2  2896  2445  1088
 4019    1033  1397  1035  3212
 4020     665  2119  2596  2903
 4021    2753  2618  2583  2899
 4022    2668  1301  2083  2554
 4023     127   857   126  2691
 4024     925  2494  2587  1431
 4025     932  2547   931  3048
 4026    2803  2228  2584  2361
 4027    1264   877   878  2996
 4028    2548  2670  2774  2930
 4029     718  2410  2653  2836
 4030    2371  2467  2510  2914
 4031    1879  1878  2421  2552
 4032     385  3075   384   386
 4033    2565   741  3045  3179
 4034    2362  2372  2436  2740
 4035    2173   794  2681  2434
 4036    1742  3155  1826  3223
 4037    2225  1423  2392  2811
 4038    2532  2900  2901  3085
 4039    2542  2316  2906  3082
 4040     390  1966   348  1969
 4041    2358  2466  2492  2564
 4042     389   390   391  3075
 4043     333  1966   349  3075
 4044    2732  2520  3040  2685
 4045    2774  3183  1154  1153
 4046    1823  1434  2355  3132
 4047    2405  2339  2573  3003
 4048    2429  2354  3022  2767
 4049     862  3197  2575  2440
 4050    1026  2745  1025  1027
 4051    2362  2431  2537  2786
 4052    2315  2284  1020  2851
 4053    2557  2368  2989  3083
 4054     850  2588  2525  1746
 4055     375   337  1959  2439
 4056    1523   336   374  2439
 4057    2475   673   746  1677
 4058     619  2097  2102  2757
 4059    2116  1551  2115  2927
 4060       2  1087  1088  2445
 4061    1783  2155  2139  3005
 4062    1512  3171  2705  3200
 4063    2264   989  2316  3082
 4064    3162  1156   184   186
 4065     895   893  2652  3106
 4066    2470  1634  2559  2562
 4067    1666  1667  2689  3025
 4068    2548  2378  2670  2930
 4069    2150  1661  2138  2807
 4070    1941   279  1919  2984
 4071    1842   126  2201  2691
 4072    2408  2431  2436  2740
 4073     696  1767  2145  3076
 4074    2071  2643  3109  2431
 4075     706  2498  1347  2977
 4076    3106  2183  2809  2652
 4077    2130   662   660  2862
 4078     475   485   487  2928
 4079    1142    76  2473  1820
 4080      72    73  2538  3077
 4081    2932  2709  2525  2606
 4082    1396  1393  2315  2924
 4083    2488  2373  2521  3197
 4084    1335  1663  2981  1334
 4085     928  1368  1662  3213
 4086     692  2802   694  2862
 4087     598  1302   599  2998
 4088    1393  2566  1057  1070
 4089     597   596   598  2998
 4090    2460  2639  2988  3087
 4091    2045  2460  2655  2046
 4092     154   155  2890  2914
 4093    2443  1370  2527  2836
 4094    1519   364  1203  3134
 4095    3098  2963  3190  3211
 4096     987  2352  2918  3028
 4097    2796  3017   405  2427
 4098    2516  2246  2846  3102
 4099    2478  1874  3064  3101
 4100    2027  2690  1248  2813
 4101    1659  2176  2855  2879
 4102    2488  2191  2814  3201
 4103    2618  2415  2657  3158
 4104    1048  1787  1009  3042
 4105     686   856   687  2746
 4106    1036  1034  1719  2991
 4107    2988  2216  1775  3173
 4108    2194   671   843  3000
 4109    1198  1199   354  3135
 4110    1881  1467  2978  3150
 4111     896  2697  2857  3106
 4112    1597   755  1596  3005
 4113     601  2893  1305  3049
 4114    1933   330  1936  3164
 4115    2072  2071  2431  2662
 4116    2484  2954  2973  3063
 4117    2355  1434  2440  3132
 4118      85    84  2443  2458
 4119    2501  2219  2695  2711
 4120    2805  1698  1786  1014
 4121    1969  1966   348  1970
 4122    2388  2367  2524  3223
 4123    2263  1292   956  2781
 4124    1569  1764   695  2862
 4125    2756   787   767  2247
 4126     168  1864   170  3014
 4127     926   925  2940  3210
 4128     778   807  3025  3070
 4129     811  2528  2201  2874
 4130    1426  2581  2798  3040
 4131    2015  2477  2715  2928
 4132     876  1357   875  2808
 4133    2130   660  1569  2862
 4134    2739  2339  2437  2684
 4135    2457  2669  2839  2962
 4136     118  2255   962  2759
 4137    1650  3217  2903  3206
 4138    1537  1234  1353  2471
 4139    2277  1035  1711  3212
 4140     213   215  2357  2694
 4141    2449  2359  2477  3172
 4142    2188  1651  2686  3182
 4143    1702  3018  2272  1016
 4144    2313  1206  2812  3134
 4145    2072  2071  1290  2431
 4146    1104   903  2499  2912
 4147    3146  2239  2458  1821
 4148    1880  1881   235  3150
 4149    3217  1650  2903  2326
 4150    2334  2558  2607  2771
 4151     594  1295   581  3222
 4152    2079  2662  2078  2631
 4153    1736    43  1421  2863
 4154    2406  1166  2886  2937
 4155    2704  1287  2710  2918
 4156      18    17  1096    19
 4157     510  2035  2034  3211
 4158    2912  2434  2945  3206
 4159    2629  1659  2855  2879
 4160    2439  1209  1210   375
 4161     382   383  2447  3193
 4162      84  1805  2443  2577
 4163    1919  1184  1941  2984
 4164     790   771  1341  2695
 4165    1979  2456  2958   410
 4166    2473  2494  2496  2931
 4167    2469  2452  2511  3194
 4168    2697  2840  2857  3106
 4169    2433  2508  2904  2909
 4170    2373  3132  2814  2488
 4171    2339  2351  3110  3226
 4172    1508   358   356  3137
 4173    2678  2354  2904  2429
 4174    1405  1063    32  2980
 4175     737  3126  3001   739
 4176     388   390   389   348
 4177    2514  1678  2832  3179
 4178    1451  1450   121  2369
 4179     593  1676   592  3221
 4180    3221   950  2554  2520
 4181    1010  1012  1004  2926
 4182    2190  2174  1617  2794
 4183     634   632  2627  3141
 4184    2241   779  3090  3136
 4185    2808   657  2860   875
 4186    1585  2157  1586  2623
 4187     949   592  1676  3221
 4188    2547    81  3099  1432
 4189    2496  2494  2538  2931
 4190     538  2569   548   539
 4191    1180  1313  1909  3062
 4192    1905  1312   266  2364
 4193      28  1098  1418  2979
 4194    1309  2780  2865  2901
 4195    2141  3053  2204  2142
 4196     416   214   208  2357
 4197     862  1538  1350  3197
 4198    1251  1244  2712  2750
 4199    1614  2638   772  1606
 4200     145   152  1136  3189
 4201    2526  2459  2557  3110
 4202     349  3039   351  3075
 4203    1862  1861    58  2701
 4204    2312  1791     4  3134
 4205    1722  1721  2713  3092
 4206    1976  2962  1975   400
 4207     728   730   729  3076
 4208    2678  2360  2463  2375
 4209    2454   969  2501  2711
 4210     401   406   400  3072
 4211    1815  1860  1144  2761
 4212    1950   391  1951  3054
 4213    1903  2364  2702  2886
 4214    1866  1120  2302  2923
 4215    1921  1488  1929  2468
 4216    2231   918  2871   917
 4217    1639   868  1354  3112
 4218    1147  1866  2302  2923
 4219    2529  1372  2801  1371
 4220     514   515   513  3063
 4221     788  1605  2171  3163
 4222    2301  1115  1825  2430
 4223    1804  1735  2577  2730
 4224    2925   183  3024  3186
 4225    1976  2962   400  3072
 4226     698  3076  2428  2673
 4227    2165  1620  3046  3070
 4228    2670  2378  2791  3123
 4229      94    96  2535  3145
 4230    1636  2205  2488  3197
 4231    1414  1959  2350  2439
 4232     522   509  3098  3190
 4233    1743   843   844  2642
 4234    2735  2716  2848  3072
 4235    3124  2446  2984  3026
 4236     237   241   238   239
 4237     593  2570  3154  3218
 4238    2103  2099  2104  2757
 4239    1220  1219   419  2357
 4240    2801  3035  2795  2640
 4241     895   896   894  3106
 4242    1920  2409   268  2090
 4243    1426  1813  1739  2922
 4244    1813  1426  1814  2922
 4245    1688   662   984  2862
 4246     521  3098   523  2720
 4247     510  2034   511  3211
 4248    1562  2124  1561  2707
 4249     509  3098  3190  3211
 4250      13    17  1093  1414
 4251    1561   677   820  2707
 4252    1685   827   826  2751
 4253    2081   948  2756  1380
 4254     413   613  2601  2901
 4255    1002  1389  1001  3073
 4256    1303   599  1302  2998
 4257     202   200  1462  2552
 4258    1954  1953  1199  3135
 4259    1954  1199  1198  3135
 4260    2535  3145   959    94
 4261    2851  1718  1719  1059
 4262     739   765  3126  3214
 4263    1516  1953  1518  3135
 4264    2359  2449  2583  3172
 4265    2302  1440  1147  2923
 4266    1821  2458  2568  2778
 4267    2246  2075  2846  3102
 4268    1732  2268  1398  3073
 4269     323   322  3147  3178
 4270    2458  1821  2568  3146
 4271    1711  2851  1719  1035
 4272     950  1300   949  3221
 4273    1402  2317   459  2960
 4274     681   682   683  2683
 4275     561   563  2063  2733
 4276     334  1943   387  3075
 4277     702  2394  2825  3107
 4278    1221  1528   421  2726
 4279     983   981  1384  2846
 4280      42  1846  1146  3038
 4281    2625  2898  3038  2530
 4282    2362  2384  2480  2665
 4283     425   429   428  3080
 4284    1699  3212  1397  1391
 4285    3036  2363  3133  3140
 4286    2489  2400  2567  2766
 4287    2782  2396  2853  3093
 4288    1643  2675  2736  2808
 4289     657   658   659  2927
 4290    1604  2161  2162  2711
 4291    2465  2068  2647  2846
 4292    1302  2997  2998  2644
 4293    2560  1934  2636  1938
 4294     385  1951   391  3054
 4295     480  2365  2712  3059
 4296     185  2670  2735  3139
 4297    1527   335   386  3075
 4298    1097  2613  2614  1056
 4299    2160  2169  1610  2490
 4300    1909  1313  3052  3062
 4301    2917   616  2876  1311
 4302     658   657   656  2927
 4303    2421  2718  2978  3150
 4304    2600  2482    32    31
 4305     183  3183  1154  2925
 4306    2501  1776  2219  2220
 4307    2583  1136  2899  2911
 4308    1963  1760  2447  3193
 4309    1332  1570  1322  2727
 4310    2395  2891  3118  3185
 4311    3031  2624  3050  3094
 4312    1475  1476   252  2522
 4313      88  1825  1115  2430
 4314    1078    30  1802  2600
 4315     535  2620  2048   546
 4316    1239  2857  3084  1238
 4317    2937  2760  2398   251
 4318    2963  3098  3207  3208
 4319    2312  1204   365  3134
 4320    2854  2582  2952  3225
 4321     320   301   303  3149
 4322     122   123  2854  3225
 4323     303   322   320  3149
 4324    1527  1966   333  3075
 4325     302   300   309  3149
 4326     130  1822  1823  3132
 4327    2405  2460  2339  3003
 4328     385   386   387  3075
 4329    2518  2627  2763  3009
 4330    1746  2198   850  2588
 4331    2405  2722  2954  3131
 4332     223  1166  1164  2937
 4333     829  3159  1630   828
 4334     529  1268   528  2687
 4335    1633  2121  2189  2698
 4336    2455  2472  2630  2706
 4337    1486  1487  2472  2949
 4338      67   143    66  2775
 4339     417   418   419  2357
 4340    2578   582  2647  2908
 4341     850   851  2927   849
 4342    1240  1241  2018  2624
 4343    2343  2366  2369  2864
 4344    3085  3169  2092  3047
 4345    2486  1749  2521  2416
 4346    2435  2554  2668  2998
 4347     797  2174  2794  1616
 4348     579   588   577  2662
 4349     229   230   231  2404
 4350    1752   251  1476  2399
 4351     304  2321  2401  2468
 4352     932  2547  3048  2654
 4353     918  2692  2855  2871
 4354    3000  3107   671   669
 4355    1802  2288  1078  2600
 4356     894  2857  3033  3106
 4357     420   213   215  2357
 4358     419  1985  1220  2357
 4359    2660  2423  3154  3221
 4360     183  1154  2548  2925
 4361    1342  2194    98  2782
 4362    1470  2364  1903  1175
 4363    2332  1652  2584  3214
 4364     309   300   308  3149
 4365     713   715   742  2807
 4366    2800   782  3028  3210
 4367    1576  1575  1338  3104
 4368     268  3119   394  3199
 4369    1778  1655  2490  2610
 4370    2054  2062   557  2572
 4371      90  1341  2501  2729
 4372     902   903  2912   901
 4373     347   346   362  3171
 4374     215   416   417  2357
 4375    2498  2200  2746  3157
 4376    2594  2346  2990  3006
 4377    2520  2435  2581  3040
 4378    1128  1127  2523  2779
 4379     879   698   696  3076
 4380     886   531  1646  3002
 4381    1095    17    12  1414
 4382    2182   817  1627  2915
 4383     483  2019   481  2847
 4384    2758  2485  2901  3055
 4385     880  2651  3078   878
 4386    1505   350  1514  2387
 4387    2652   893  3033  3106
 4388     357   358   359  3137
 4389     375  1959  1414  2439
 4390    2031  1252  2502  2858
 4391    1580  1581  2140  2653
 4392    1425    55  2531  1738
 4393     894   896  2857  3106
 4394    2394  1342  2782  3107
 4395    1965   295  1925  2438
 4396    2449   122  2498  3225
 4397     730  2428  1345  3076
 4398    3087  2687  2853  3002
 4399    2841  2629  2855  2879
 4400    1850  1849  1736  2563
 4401    1720  1060   993  2542
 4402    2324  2326  2226  2596
 4403    1143  2305  1447  2849
 4404     604  1543   606  2636
 4405     922  1781  2234  2565
 4406    1107  1364   911  2602
 4407    1154  1872  1873  2774
 4408    2026  2526   506   493
 4409    1966  1970   349   348
 4410    1742  3155  1438  1826
 4411     729   730   731  3076
 4412    2145  1767  1586  3076
 4413     728   696  2673  3076
 4414    2378  2461  2670  3166
 4415    1527   333   335  3075
 4416    1742  3155  3223  1438
 4417     107  1744   846  2585
 4418     514   527  2497  2954
 4419    1572   658   656  2927
 4420     368   369  1205  2812
 4421    1205  1412   368  2812
 4422     366   364  1519  2868
 4423    2982  3181  2752  2363
 4424    2384  3222  2520  2578
 4425    2347  2535  2936  3145
 4426    2458    84  2577  2778
 4427    1728  1025  2567  3176
 4428    2161  1604  1605  2695
 4429    3163  3084  2501  2729
 4430    1322  2147  1570  2910
 4431     271  2409  2821  3203
 4432     453  2725  2764  2829
 4433    1569  2130   695  2727
 4434     190  1980  1157  2956
 4435    2705  2412  2939  3108
 4436     540  2795   541  2975
 4437    1880  1463  1881  3150
 4438     350   349  3039   351
 4439    2532  3101  3169  3220
 4440     298  3193   297  3188
 4441    1437  2301  2430  2625
 4442    2342  2550  2537  2776
 4443    1299  1298   588  2892
 4444    2744   455  2829  2964
 4445    1470  1903  2702  2886
 4446     547  2679  2508  2572
 4447    1808  2499  2605  2811
 4448     939  2789  2410  2591
 4449    2579  2724  2728  3112
 4450    1659   920  1658  2629
 4451     780  2331  2769  3056
 4452     615  2876  1907  2865
 4453    2636  2630  2844  3165
 4454     506   493  2526  2688
 4455    1655  2169  2490  3041
 4456    2978  1159  2552  1160
 4457    1554  2596  2118   664
 4458    2967  2942  3090  3136
 4459    2397  2538  2755  2931
 4460    2453  2512  2651  3198
 4461    2485  2532  2820  3220
 4462    2434  3206  1651  2686
 4463     596  1677   598  2475
 4464    2783  2598  2784  2864
 4465      77  2473    76  2422
 4466     836   837  2814  2866
 4467    2579  2724  2622   857
 4468    2471  2416  2528  2691
 4469    2338  2428  2720  2996
 4470    1346   823  2199  2932
 4471    2924  1718  1059  3212
 4472    2660  2335  2721  2732
 4473    1833  2196  2651  2916
 4474    1435  3051  2355  1116
 4475     451  1533   445  2987
 4476    1102  2288  1802  2986
 4477     324   326  1941  1195
 4478    2245   944  2434  2985
 4479    1916  1185  1186  2560
 4480    2207  2471  2728  1537
 4481     733  1768   708  1587
 4482     565  3168   576   564
 4483    1802  2288  2600  2986
 4484     445   446   447  2987
 4485    2835  2451  3109  3168
 4486    2091   395   393  3119
 4487    2245  2434  2945  2985
 4488    1673  2049  2945  2985
 4489    1102  1802  1101  2986
 4490    1102    35    37  2986
 4491    2451  2643  3109  3168
 4492    2349  2380  2822  3121
 4493    1422   166   164  2605
 4494    2409   271  2821  2896
 4495    2191   836  2814  3201
 4496    2630  2472  2661  2706
 4497      36  2542    37  2986
 4498    1021  2489  2567  3176
 4499     547  2679  2572   557
 4500    3059   969  2501  2388
 4501    1254  2032  1249  2813
 4502     215   214  2357  2694
 4503    2267  1067  1068  2507
 4504     943  2462  2656  2681
 4505     944  1376  2462  2985
 4506     169  2609   168  3196
 4507    2342  2362  2429  2816
 4508    2456  1979  2958  3068
 4509    1753  2821   269   271
 4510    2496  2646   156    74
 4511     226  2946  2404  3153
 4512     848  2453  2651  2428
 4513    1746   117  1448  2525
 4514    2042   521   523  2675
 4515     392   394  3119  3199
 4516    2513  1807    40  2831
 4517    2019  2027   481  2847
 4518     856  2785  1748  2746
 4519      37  2287  1102  2986
 4520    2462  2434   944  2985
 4521    2090  1920  2091   268
 4522    2328  2514  2565  3045
 4523    2101  2104  2757  2876
 4524    2378  2461  2597  2632
 4525    2366   118  2476  2417
 4526    2933  2511   591  2553
 4527    2146  2162   972  2894
 4528    2244  1374   939  2827
 4529    2035   510  3204  3211
 4530     556  2061  2465  2679
 4531    2479  2396  2782  3093
 4532    2155  2242  2344  3005
 4533     268  3119  3199  2091
 4534    2110  1772  2206  2874
 4535     857  1748   856  2579
 4536    1517  3039  3054  3144
 4537    1353  3195  2672  2471
 4538    1675  2073  2074  2464
 4539    1755  2438  2468  2555
 4540    1273   539   549  2569
 4541    1124  1851  1443  2739
 4542    2525  3016  1346  2860
 4543    2061  1689  1384  2465
 4544     395   393  3119  3169
 4545     134   135  2580  2775
 4546      60  1816  2444  2615
 4547     734   959  2595  2887
 4548    2962   401  3072  1215
 4549    1393  2566  1070  2924
 4550    3067  2743  3088  2609
 4551     611   610  2661  2706
 4552    2391  2392  2649  2680
 4553    1262   891  1257  2628
 4554    2495  2461  3068  3174
 4555    1667  1666  2689  2748
 4556    2679  2480  2842  2904
 4557     670  2642   835   843
 4558    2588  2675  2720  2773
 4559      58  1860  1815  2701
 4560     870   868  2622  3112
 4561    2369  2343  2417  2366
 4562    2798  2685  3040  2435
 4563    2584  2516  3102  3126
 4564     512   525  2954  2973
 4565    1509  1515  2412   355
 4566    2281  1386  1727  2586
 4567     456  1232  2719  3018
 4568    2429  2349  2437  2493
 4569    2498  1773  2818  3057
 4570      33  2482  2976  3167
 4571    1129  1456   142  2783
 4572    2140  1783  2139  2836
 4573     393   395  1982  3169
 4574    1218  1217   412  2758
 4575      63    65  2693  2914
 4576     546  2909  2620  2572
 4577    2431  2071  2643  2662
 4578    1212   611  3021   609
 4579    3122  1595  3187   748
 4580    2425  2464  2516  2846
 4581    2583  1136  2549   150
 4582    2353  2483  2897  3155
 4583    2032  2026  1249  2813
 4584    2717  2425  2803  2846
 4585    2907  1228  2677  1101
 4586    1333  1328  2591  2653
 4587    2269  1701  1001  2762
 4588    2103   631  2099  2637
 4589    2376  2373  2486  3132
 4590     440    31    33  2482
 4591    2622  2579  2746  3112
 4592    2530  2429  2641  3140
 4593    2863  2530  2429  2563
 4594    1322   695   694  2727
 4595    3035  2801  2795   543
 4596    1265  2612  2996  3198
 4597     951   801  2249  2841
 4598     681   866  2521  2683
 4599    1056    24  2400  2614
 4600    2736  2035  3204  3211
 4601    1134   157  2370  2753
 4602    2634  1254  2813  3224
 4603     530  3083  2989  2655
 4604     643   641  2544  3116
 4605    1184  2957  1311  3124
 4606    2642  2741   835   844
 4607    1844  1445  1126  2599
 4608    1136  2549   129  2911
 4609    2364   252  2522  2667
 4610    2444  2231  2692  2693
 4611    2323  2236  2330  2793
 4612    2443  2767  2577  2374
 4613    2675  1643  2736  2034
 4614    1169  3069  2539  2404
 4615     914  2685  2732  3040
 4616     779  2241  2947  3136
 4617    2658  2484  2880  3061
 4618     852   114   115  2525
 4619     765  3175  3011  2592
 4620     234   233  1897  3151
 4621    2203  1634  1635  2559
 4622    2832  2629  2452  2644
 4623    1098    28  2543  2979
 4624     991  2906  1386  2316
 4625    2250   715  1679  2953
 4626     555   553  2835  3156
 4627    1966  1527   386  3075
 4628    1217  1908  2844  3055
 4629    1740   837  2440   836
 4630    3189  2753   150  2583
 4631    1825    86  1824  2441
 4632    3054  1508  1950  1517
 4633    1164  2886  1166   218
 4634     683   866   681  2683
 4635    2955  2895  2628  2666
 4636    1533  2723  2987   451
 4637    1862  1739  1844  2701
 4638    2664  1281  2710  2975
 4639    2395  2482  2600  2677
 4640    2422   928  2940  3213
 4641     451  2723  2987  3185
 4642    2529  2689  3025  2771
 4643     963  2759  2751   964
 4644     760   781  1770  2800
 4645      24    22  2400  2614
 4646     613  1218   413  2601
 4647     273   261   263  2714
 4648    1460  1856    51  3088
 4649    2104  2099  2101  2757
 4650    1783  1668  2242  3058
 4651     134   135  2500  2580
 4652    2924  1033  3212  1053
 4653    3000  3107  2120  2817
 4654    2958  1980  2956  3216
 4655     737  3126   739  2246
 4656    2305  2576  2815  2849
 4657    2359  2540  2788  3172
 4658    2157   880  2623  3078
 4659    1246  2883  1247  2619
 4660     583   581   582  2908
 4661    1536  2400  2766  2007
 4662      88    87  2441    89
 4663    2437  2339  2599  2873
 4664    1676  2423  2660  3221
 4665     588  1298  2696  2892
 4666    1080  3212  1053  2566
 4667    1366  1658   920  2629
 4668     503  2658  2858  2030
 4669    1363  2938  2228  2803
 4670    1111  2261  2487  2999
 4671    1432   931  2547    81
 4672    2373  2814  2440  3197
 4673    2253  1742  2454    95
 4674     805  2178  2607  3070
 4675    1892  1177  1891  2503
 4676      58  2615  2701  2761
 4677    2704  2379  2448  2451
 4678    1431  1819  2494  2587
 4679     456  2506  2960  3018
 4680    2375  2436  2569  2678
 4681    2414  2513  2641  2730
 4682     721  1329  1563  3023
 4683     129   150  2549  1136
 4684     709   711  1325  2895
 4685    2937  2760   251   248
 4686    2467  2435  2615  2798
 4687    2989  2039  3100  3115
 4688    2573  2512  2722  2916
 4689    2132   700  1557  2825
 4690      93  2509  1437  1436
 4691    1210  1797    12  1095
 4692    1497  1928  2734  2826
 4693    2156   757  1599  2389
 4694     664   666  2596  2944
 4695    2177  1590   802  3045
 4696    1342   842   703  2825
 4697    2476   827  2608  2256
 4698    1142  1820  2473  3099
 4699    3029  1741  2441  2386
 4700    1535  1536  2719  2766
 4701    2734   313   314   312
 4702    1373   536  1669  2626
 4703    2388  2365  2888  3059
 4704    2811  2822  2499  2605
 4705    2157  2145  1586  2623
 4706    2325  2944  2391  2870
 4707      99  2394  2479  2666
 4708    1690  2704  1286  2781
 4709     797   799   834  2794
 4710     825   827  2608  2751
 4711    2106   643  2108  2824
 4712     670  2642  2853  2698
 4713    2098  2099   631  2617
 4714     458   457  2960   459
 4715      66   137  2561  2775
 4716    2381  2798  2873  2922
 4717    2007  1409  2400  2766
 4718    2384  2537  2550  2668
 4719    1327   718  2410  2653
 4720    2230   914  2732  3040
 4721    3124  2446  3026  2917
 4722    1034  1717  2851  2991
 4723    1333   940   942  2653
 4724    1114   935  2443  2527
 4725    1649   900  1648  2789
 4726     997  1388   999  2507
 4727    1333   942  2140  2653
 4728    1909   259  1479  3052
 4729    2529  2640  2689  2558
 4730    1131  1839  2366   120
 4731     969  3059  2501  2220
 4732    1594   726  2838  3209
 4733    2136  2895  2887   709
 4734     221  2398  2406  2869
 4735     997  1073  1388  2507
 4736    1942  1947  1958  2387
 4737    2167   988  2800  3028
 4738    1036  1719  2278  2991
 4739    2542  1060  2600  2891
 4740    1280   985  2664  2710
 4741    2601  1218  2758  2901
 4742    2535  3223  2253  2750
 4743    1347  2200   122  2498
 4744    2999  1111   978   977
 4745    2061  2465  2572  2649
 4746    1773  2209   874  2498
 4747    2381  2581  2798  2922
 4748    1783   942  1668  2836
 4749    2087  2088  1486  2790
 4750    2299  2744  2298  2926
 4751     698  2442  2428  1644
 4752     572  2431  2786  1290
 4753     959   735  2595  2253
 4754    2306  1885  2902  3010
 4755    1915   284  1912  2560
 4756    2474  1863  2580  2737
 4757     985  2251  2664  2981
 4758    2287  2542    37  2289
 4759    1435  1823  1434  2355
 4760    1064  1386  1400  2586
 4761    1157  2905  2956  3216
 4762     578   577   576  2643
 4763    2397  2561  2580  2775
 4764    3038  2898  1846  1146
 4765    1233  1015  3018  3096
 4766     608  1913  2630  2636
 4767     288   324   280  2984
 4768    2359  2837  2540  2618
 4769    2562  2559  2441  2575
 4770    2381  2407  2420  2531
 4771    1834   108   106  2512
 4772    1756  1501   298  3188
 4773    2530  2353  2625  2898
 4774    1793    10  1092  1090
 4775    3096  2960  2290  1051
 4776    2183   893  2170  2652
 4777    2891  2395  2907  3185
 4778    2023  2015  2715  2928
 4779    1954  1952  1953  2939
 4780    2374  2410  2590  2626
 4781    1256  1687  2377  2257
 4782    1155  1875  3103  1874
 4783    2412  2939  3108  3135
 4784    1085  1398  1086  3073
 4785    2878  2998  2550  2668
 4786     477   467  2676  3114
 4787    1422  1808  2605  2811
 4788    2634  1255  3224  2884
 4789    1606   772  2163  2638
 4790    2199   114  1346  2932
 4791     161  1819    72  2538
 4792    1555  2187  2903  3159
 4793    1971  2796  3199  3202
 4794    2375  2436  2678  2904
 4795    1690  2769  2800  2918
 4796     513  2658  2973  3063
 4797    2244  2410  2827   939
 4798     629  2627  2763  3141
 4799    2221   898  2443   897
 4800    2414  2657  2778  2828
 4801    2339  2405  2573  3004
 4802     999  1693  1387  2507
 4803    1860  1143  2761  2890
 4804    1148  2548   183  1154
 4805    1008  2272  2719  1007
 4806     296  1187  1490  2881
 4807     144  2657  2899   141
 4808    1360   896  1539  2697
 4809    2281  1727  1009  3042
 4810    2725  1037  2969  3043
 4811     178  2504  2597  3117
 4812    2361  2420  2425  2938
 4813     922  2234  2505  2565
 4814    2022  2021  1686  2492
 4815    1681   101  2666    99
 4816     582   581   580  2908
 4817    2423  2610  2660  3154
 4818     547  2620  2055  2572
 4819    2510  2371  2598  2816
 4820    2871  1365  2994  2232
 4821    2225    44  2499  1104
 4822    2431  2362  2537  2776
 4823    1686  2022  2492  2935
 4824      73    71  2538  3077
 4825    2487  2261  2769  2999
 4826     795   831  2434  3182
 4827    2207   865  2206  2528
 4828     386  1966   390  3105
 4829     670   668  2698  3000
 4830    2829  1009  1048  2926
 4831     370  1521   372  2350
 4832    1484  2900  3085  1308
 4833    2537  2384  2665  2668
 4834    1685  2885  2417  2759
 4835     481  2027   495  2847
 4836    1807  1421  2831  2863
 4837     147   146  2598  2784
 4838     910  2602   909   911
 4839     815  2660  2721  2732
 4840    2022   484  2023  2943
 4841     706   685   687  3157
 4842    2370  2358  2382  2449
 4843    2377   711   710  2887
 4844    2642   670  2853   843
 4845    1929  1503  2321  2468
 4846    1827  2770  1439  1459
 4847    2159  2584  3214  2332
 4848    2355  2348  2641  2990
 4849     716  2527  2836  3005
 4850    1475   265  1180  2522
 4851    2417  2343  2606  2935
 4852    1128   113  2779  2815
 4853     867   868  1638  2724
 4854    1368  2682  3209  3213
 4855    1131  1132  2369  2474
 4856     876  2773  2808  2927
 4857    1444  3003  1744  2573
 4858    3001  3214  3126  2584
 4859    2141   721  1582  3023
 4860    2638  1614   774  2699
 4861     907  1363  2803  1106
 4862     839  2483    91  2840
 4863     513  2038  2037  2973
 4864    2207  1772  1638  2728
 4865    2377  3081  2541  2524
 4866      39    38  2513  2730
 4867     535   546   533  2536
 4868    2093  2105  2604  2617
 4869     771  2501  2695  2711
 4870    2518  2731  2760  3009
 4871    2360  2432  2433  2536
 4872    1511  1518  2939  3171
 4873     653  2114  1550  2993
 4874    1172  1889  1892  2503
 4875     396  1214   403  2669
 4876      50  1811  2407  2603
 4877    1255  2033  1254  3224
 4878    1662  2238  2329  3209
 4879    1949  1201  2754  3135
 4880    1956  2412  2812   341
 4881    1524  1414    12  1413
 4882    1890   229   231  2946
 4883    1734  1996  2390  2979
 4884    1678  2514  2832  2841
 4885     789  1612  2170  2652
 4886      87   837    86  2562
 4887     246  2886  2731  1906
 4888    2459  2484  2884  3100
 4889    2664  2422  2940  3213
 4890    2048  2620  2703  2985
 4891    2186   963   678  2751
 4892    1756   298   296  2881
 4893    2744  1002  2295  2296
 4894     402  3183  1975   396
 4895    2502  2658  2880  2963
 4896    1270  1271  2051  2432
 4897    2518   641  1315   638
 4898     535  2620  2703  2048
 4899    1880  1464  1463  3150
 4900     597   598   599  2998
 4901    1609   783  2167  2800
 4902    2323  2330  2648  2793
 4903     700   701  1574  2825
 4904    2545  2564  2359  2619
 4905    2736  2029  2935  3204
 4906     741   740  2565  3045
 4907    2510   149  2914  3065
 4908    1858  2730  2810  3051
 4909     613  1211  2900   413
 4910    2523  2784  2864  2950
 4911     122  2200  1840  2498
 4912      31  1227  1801  2677
 4913    1321  2717   906  2910
 4914    2583  2358  2370  2449
 4915    1370   716  2527  2836
 4916    3027  3095  1763  2087
 4917    2008   462  2877  3160
 4918    1720  3092  2542   993
 4919     757   759  2389  3078
 4920    2610  2423  2756  3154
 4921      93  1117  2897    92
 4922    1459   167  1146  2898
 4923    2249  1678  2832  2841
 4924     392  1971  2796  3199
 4925    2301  1437  2430  2509
 4926    2682  2664  2830  2972
 4927    2521   865  2528  2683
 4928       7  1090  1792  1794
 4929    1437  1825  2509  2301
 4930     792   774  1615  2699
 4931    1390  1389  1002  3073
 4932     176   178   177  2597
 4933    2088  1486  2790  2949
 4934    3066    65  2914  2693
 4935    2588  2442  2635  2720
 4936    2685  2554   950  2520
 4937    1379  2081  2570  1380
 4938    2455  2457  2896  2949
 4939      89  1115  2355    88
 4940    1151  2597  2797  3037
 4941    2060  2572  2649  2062
 4942    1981   414   411  2956
 4943     268   395   394   393
 4944    2535  2367  2770  3223
 4945    2925  2378  2632  2461
 4946    2465  2572  2649  3121
 4947    2162   970   972  2894
 4948    1536  2489  2719  2766
 4949     248   246   247  2937
 4950    1368  2422  2682  3213
 4951    1119  2743  2747  2770
 4952     587  2663  2878  3143
 4953     526  1266   527  3131
 4954    2346  2373  2411  2672
 4955    2597  1158  2797  3012
 4956     431  1993  1994  3128
 4957    2880  3061  2963  2658
 4958     696   698  2673  3076
 4959    2382  2370  2449  2583
 4960    2543  2345  2613  2614
 4961    1306   287  2472  2661
 4962    2000  3180  2003  1998
 4963    2478  2378  3103  3166
 4964     429  1530   428  3080
 4965    2411  2373  2575  3197
 4966    2276  1030  1031  2851
 4967     695  2802   694  2727
 4968     194   193  2718  3151
 4969    2840  2386  2857  3084
 4970    2839  2848  2962  3183
 4971    1623  2874  1622   644
 4972    2830  1680  3187  2972
 4973    2339  2573  2768  3004
 4974     123   124  3225   122
 4975     486  2564  2619  2943
 4976    1332   736   982  2910
 4977    1910  1315  1314  2731
 4978     763   762  1690  3056
 4979    2290  2317  1402  2960
 4980     781  1770  2158  3056
 4981    1841   122  2449   124
 4982     297   299  1960  2447
 4983    1785  2964  2295  1000
 4984    2399   641  2518  2544
 4985     564  1286  1287  3168
 4986     499   508  2963  3204
 4987     143    67  2598  2775
 4988    2669   397  2706  2845
 4989     430  1993   431  3128
 4990     515  1261   501  2884
 4991    1301  1295   594  3222
 4992    2187  2903  3159  3206
 4993     266   267  2522  2763
 4994    1778  2228  3184  2332
 4995    3125   341  2412  3130
 4996    1362  1650   904  3206
 4997    1880  1877  3150  3151
 4998    2788   461  2856  3160
 4999       6  1090     5  1089
 5000     125  1133  2382   124
 5001     495   480   481  2712
 5002    1252   497  2502  2619
 5003     235  1880  3150  3151
 5004    1669  1541  1668  3058
 5005    2904  2480  2372  2362
 5006     890  2132  2825  3107
 5007    2770  1827  1439  1438
 5008     430  1225  1992  3128
 5009    1873  2735  2670  1872
 5010    3152  1513   356  3144
 5011      41  2374  2513  2831
 5012    1575  1324  1338  3104
 5013    1004  2296  1002  2744
 5014     760   762   761  3056
 5015    1582  3053  1549  3201
 5016    2458  2527  2463  2443
 5017    1575  2608  1338  1324
 5018    2388  2483  2501  3084
 5019    3012  1870  3068  3216
 5020    1343  2639  2741  3173
 5021    1683   125  3225   123
 5022    3047  2091  1754  3127
 5023    2385  2402  2436  2678
 5024     118  1839  2476  1684
 5025     191  1158  2597  2905
 5026    1005  1006  1391  2968
 5027    1956   341   343  3130
 5028    1662  2144  2838  3209
 5029     716   936  1370  2527
 5030    2084  2249  1678  2832
 5031    2518  2399  3009  2760
 5032     916  1365  2491  2685
 5033      68   923  2589  1110
 5034    2238  1368  2682  3209
 5035    1591   740   802  3045
 5036     964   963  2608  2751
 5037     713   712   714  2953
 5038    2511  2933  3194  2553
 5039    2379  2431  2385  2451
 5040    1013  1081  2766  2805
 5041    2966  1842  2416  2691
 5042    1954  1198  3108  3135
 5043    1158  1871  2797  3012
 5044    2836  1783  3005  3058
 5045    2742  3200  2754  2424
 5046    2420  2361  2578  3154
 5047    3084  3059  2388  2888
 5048    1668  1783  2836  3058
 5049     342   343   341  3130
 5050    1632  2189  2190  2983
 5051    3130   340  1758  3125
 5052     763  1690  2263  3056
 5053     150  1841  2583   151
 5054    2514  2629  2832  2841
 5055    1761   428  1530  3080
 5056    2525  2709  2950  3208
 5057     482   480  1245  3059
 5058     839   838  2652  2840
 5059     426   427   425  3080
 5060     209  2307   418  3010
 5061    2709  2525  2736  3208
 5062    1204  1203   364  3134
 5063     422   427   205  3080
 5064    1749   131   133  2913
 5065    1884  2307   209  3010
 5066    2485  2820  3055  3174
 5067    1674   947  1675  3102
 5068    2460  2045  2655  2988
 5069    1204   364   365  3134
 5070     512   514   513  3063
 5071     543  3035  2801  2052
 5072    1292  1286   564  2704
 5073    1008  1006  2805  2861
 5074     950   814  2248  2992
 5075    2215  3173  1775  2216
 5076    3055  2876  2621  2901
 5077    1332  1589   736  2910
 5078     582  2464  2073   583
 5079    1387   995   993  2906
 5080     723  2488  2191  3023
 5081     844   835  1343  2741
 5082    1133   125  2382  1134
 5083    2180  1657  2152  2992
 5084    2767  3191  3022  2341
 5085    2199  1837   114  2932
 5086     279  3047   277   278
 5087    2316  1400  1077  2906
 5088    1748   129  2785   127
 5089    2365   469  2383  2888
 5090    1839  1458  2366  2382
 5091     252   265  1475  2522
 5092    1257  1359  1256  2628
 5093    2957  1184  1485  3124
 5094    1976  1978  1872  2735
 5095    2030  2031  1253  2502
 5096     930  1782  2611  2654
 5097    2363  2982  2575  2383
 5098    2456  2958  3055  3068
 5099     650  2781   956  2648
 5100    1015  1233  1049  3096
 5101    2822  2354  3015  3022
 5102    2395  2677  2907  3020
 5103    2077   585  2665  2878
 5104     458   456  1726  2745
 5105     786  1676  2660  3221
 5106    1764   693   695  2862
 5107    1066   989   990  2713
 5108    2910  1570  1589  2147
 5109    2181  3071  2168  2721
 5110    3217  2903  2633  2596
 5111     101  1122  2347  2479
 5112     860  2486  1349   130
 5113    1533  2723   451  3180
 5114    1081  1082  2766  2968
 5115    1630  2686   829  3182
 5116     811  1348  2874  2201
 5117    1547  1548   649  2738
 5118     597   599   584  2998
 5119    1814  1426  2581  2798
 5120     447   445  2987  3118
 5121    2360  2433  2904  2909
 5122    1066  1721  1065  2906
 5123    2216  2645  2988  3131
 5124    1668  2243  2242  3058
 5125    2141  3053  3201  2204
 5126    2387   350  3039  3219
 5127    1660  2236  2323  2793
 5128    2294  1022  1024  2745
 5129     641   638  2518  3116
 5130    2928  2574  2856  2359
 5131      24  2007  1409  2400
 5132    2550  2553  2631  2776
 5133    1982  1981   190  3060
 5134     190   188  1982  3060
 5135    2903  3217  2633  3206
 5136    1747   121  2546   119
 5137    1276  2508   544  1277
 5138    1891  1902   229  2946
 5139    2415  2568  3099  3146
 5140    1822  1740  1434  3132
 5141    2669  3183  2839  2962
 5142    1749  2201  2528  1842
 5143     932  1664  3048  1369
 5144     148   149  2510  3065
 5145    1267  3131   527  1266
 5146    2434  2686  2945  3206
 5147    1823  1822  1434  3132
 5148    2367  2388  3155  3223
 5149    1721  1066  1722  2713
 5150     823   822  2254  2671
 5151    2199  2546  1747  1837
 5152     605   604   606  2636
 5153    2360  2354  2767  3022
 5154    1622  2874   809   644
 5155    1136  1135   144  3079
 5156     823  2254  2199  2671
 5157    2527  2463  2529  2558
 5158    2223  1103  2831  2875
 5159    2493  3097  2437  2347
 5160    2497  3131  2045  2460
 5161    1094    17  1096    18
 5162    3093  2368  2639  2684
 5163    1138   162  2594  1137
 5164     242   244   210  2749
 5165    2356  3054  3137  3138
 5166    1830  1442  2684  3093
 5167     855  1683   854  2582
 5168     424  1878  1161  2421
 5169    2582  1339  2608  3104
 5170     235  1881  2978  3150
 5171    1843  1135  2911   139
 5172    1009  1727  1011  3042
 5173    1831  1832  2639  3003
 5174    2705  2412  3108  3130
 5175     269   268   270  2409
 5176    2650  2437  2684  2859
 5177    2543  2285  2614  2924
 5178     584   599   586  2998
 5179    1396  2566  2924  1057
 5180     537   539  1272  2995
 5181    1866   174  1120  2923
 5182    2904  2679  2909  2508
 5183    1464  2718  3034  3150
 5184     471  1635  2383  2559
 5185    2125   810  2683   859
 5186     769   768   770  2711
 5187    3030  2566  2861  2400
 5188    2376   133  2486  2913
 5189    1546  2127   684  2126
 5190     598   596  2475  2998
 5191    2372  2537  2665  2786
 5192    2698   887  2853  3000
 5193    2797  2632  2799  3014
 5194    2396  2368  2557  3083
 5195     765  3175   767  3011
 5196     124   123  3225   125
 5197    1579  2150  1578  2807
 5198    1263   517  2687  3083
 5199     534  1375  2047  2703
 5200     547  2679   557  2508
 5201    1570  1332  1322  2910
 5202    2850  1474  1473   240
 5203     580  1289   571  2908
 5204     717  1596  2139  2836
 5205    2480  2384  2578  2908
 5206      42   166  2605  3038
 5207    2351  2367  2481  3036
 5208    2407  2425  2349  2420
 5209    2343  2417  2492  2935
 5210    1774  1645  2389  2916
 5211    1184   326  1941  2984
 5212     955   714  2738  2787
 5213    2514  2565  3045  3179
 5214    1955   365  3108  3134
 5215    1669  2463  1541  2590
 5216    2217  2853   887  3000
 5217    1477   253  1176  2667
 5218     777   779  2942  2967
 5219    2624  2540  3050  3094
 5220    2217   890  2817  3107
 5221    2712  2388  2750  3059
 5222     853   854   963  2608
 5223      70  2538  2580  2737
 5224    1074   997  1407  2969
 5225    1862    59  1739  2701
 5226    1654  2602  2660  2610
 5227     415  3169  1211  2900
 5228    2400  1080  2566  2968
 5229    1622  2941  1766   809
 5230    1722   994   995  3092
 5231    1209  2439   374   375
 5232    2390  1994  2882  3128
 5233    1848    54    55  2777
 5234    1312   266  2364  2522
 5235     646  2691  1348  2724
 5236    2481  2526  2557  3110
 5237    2749  2694  2902  3010
 5238    2374   898  2410  2789
 5239      38  1806  2513  2563
 5240    1861  1860    58  2701
 5241    1373  1374  2050  2626
 5242    1235  1234   460  2788
 5243    1729    30  1078  2980
 5244    1542  2795  1667   543
 5245    1866   174  2923  2930
 5246     735   959  2595   734
 5247    1261  2884  3100  3115
 5248    2822  2811  2499  2392
 5249     298  3193   299   297
 5250    1312  1905  2731  2886
 5251     435   434  2390  3128
 5252     984  2802  2862  2727
 5253    2078  2663  2631  2662
 5254     911   909  2420  2602
 5255    1154  2548  2774  2930
 5256    2659  2427  2796  3202
 5257    2125  1330  2929  1329
 5258    2378  2548  2747  2930
 5259     434   431  2390  3128
 5260     278  1754  1919  3127
 5261    3054  2356  3075  3138
 5262     239   240  1474  2850
 5263    2633  2620  2945  3015
 5264    1111    73  2999  3077
 5265     876   659  2773  2927
 5266    1800  1734  1995  2390
 5267     981  2246  2846  2910
 5268     776   778  3046  3070
 5269    1407   997   998  2969
 5270    1978   184   185  2659
 5271    1476  2627  3009  3062
 5272      32    31    30  2600
 5273    2372  2740   563  2436
 5274     515  2884  3063  3100
 5275    2146  1588  2162  2894
 5276    1066  1404  2713   990
 5277    1183   625   640  2714
 5278    1274  1275  2830  2867
 5279    1862  1861  2593  2849
 5280    1028  1027  2506  2745
 5281     791  2840  2652  2729
 5282     709  1577   708  2887
 5283    1575  2608  1629   825
 5284    1662  1368  3209  3213
 5285    2480  2354  2679  3121
 5286    2365  2752   469   483
 5287    2478  2461  3166  3174
 5288      25  1417  1733  3089
 5289    2538  2397  2587  3077
 5290    1873  1867  2930  3123
 5291    2716  2735  2948  3017
 5292     900  2875  2374   899
 5293     140   138  2594  3079
 5294    3186  2378  2925  2548
 5295    2607  2771  3025  3070
 5296    1929  2321  1921  2468
 5297    2429  2414  2641  3006
 5298    2550  2452  2553  2776
 5299    2017  1240  2624  3094
 5300     971  3081  2750  1251
 5301    2986  2677  1101  2907
 5302    2014   483  2752  2020
 5303      86   837  1340  2562
 5304    1119  1149  1439  2747
 5305    2587   979  3210   925
 5306     724  1594   726  2838
 5307    3184  2490  2160  3175
 5308    1427  2231  2693   917
 5309    1251   969  1244  2750
 5310    2230  2732  2660  3040
 5311    2940  1663  2981  3213
 5312    3010  1987  2726  2306
 5313    1951  3075  3054   385
 5314    1117  1827  1459  2897
 5315    2366   118  2417   120
 5316     989  1065  1064  2906
 5317    2189  1632   833  2983
 5318    2307  1985  2357  3010
 5319    1086  1534  2744  2970
 5320    1238   896  2857   894
 5321      72   979  2587  1819
 5322     595   583  2578  3222
 5323     574  2665  2070  2069
 5324    1584  2144  1594  2838
 5325    1441  1122  1440  2347
 5326    2366  1131  2369  2474
 5327    1145    70  1863  2580
 5328    2645  2215  3173  2794
 5329    1244  2712  2750  3059
 5330    3180  1999   437  2005
 5331    2882  1993  3089  3128
 5332    1100   447   446  3118
 5333     686   645  2622   684
 5334    2333  2875  2224  2450
 5335    1506  2387  1505  1942
 5336    1720  2289  2542  2833
 5337    1775  2794  2215  2190
 5338    1067  1387   993  2906
 5339    2385  2362  2431  2776
 5340    1920  1919  1754  3127
 5341     457  1233   456  2960
 5342    2213  2651  2214  3078
 5343     878   877   879  2623
 5344     880   879  2145  2623
 5345    1069  1068  2507  2725
 5346    1977   184  2659  2796
 5347     880  2651  2623  3078
 5348     127  1748  2579  2785
 5349    1066  1065   989  2906
 5350    2342  2371  2816  2873
 5351    1430  1111  2487  3077
 5352     740   742   741  2565
 5353    2604  2093  2617  3095
 5354    2799  2461  3012  3068
 5355    2364   254  2667  2792
 5356    2149   740  1591  3045
 5357     789   818  2652   791
 5358    2645  2174  2175   882
 5359    1929  1928  1502  2468
 5360     287  1306   610  2661
 5361    1535  1730  1082  2766
 5362     516  2396  1263  1262
 5363    2210  2932  2974  3013
 5364      30  1729    32  2980
 5365     871  3104  2582  3008
 5366    2644  2249  2832  2841
 5367     205  3034   204   206
 5368    1356  1339  2256  2608
 5369     875   876  2808  2927
 5370     723  2488  3023  3201
 5371    2177  2514  2879  1658
 5372    1993  1992  3089  3128
 5373    2606  2211  2736  2860
 5374    2348  2373  2411  2990
 5375    2043   878  2214  3198
 5376     630   621  2094  2617
 5377    2340  2371  2816  2864
 5378     668  1632   833  2698
 5379    2399  2518  1316  2760
 5380     362  1511   347  3171
 5381    2143  1584  1583  2981
 5382    1628  2974  1562   821
 5383    1881  1160  1159  2978
 5384     496   498   497  3205
 5385     133   131  2486  2913
 5386    1319  1320  2141  3023
 5387     838   818  2652  2840
 5388    1838  1451  1456  2369
 5389    1131  2804  2366  1458
 5390    2142   864  2866  3053
 5391    1835   110  2198  2442
 5392    3086  1898  1159  1170
 5393    2556   227  3153  2503
 5394    2767  2429  2863  3022
 5395    1315  1483  1316  2760
 5396     649  1548  2648  2738
 5397    1921   304   305  2468
 5398    2058  2835   553  3156
 5399    1678   803  2514  2841
 5400    1365   916  2444  2685
 5401      34  2891  2907  3185
 5402    2337  2283  1395  2960
 5403      71  1863    70  2580
 5404     396  1973  2495  2845
 5405     782  2765   980  3210
 5406    1489  2438  1488  2468
 5407     715  2772  2953  2250
 5408    2383  2559  2857   470
 5409     726   725   724  2838
 5410    2442  2428  1644  2720
 5411    2515  2455  2621  2790
 5412    1356   873   871  2582
 5413    2372  2362  2537  2786
 5414    2740  2786   561   560
 5415    2168  1624  2423  3071
 5416     966   968  2185  2707
 5417     729   731  2623  3076
 5418     707   705  3008  3104
 5419    1847  1123  2304  2739
 5420    1745   111  2453  2651
 5421    1348  2201  2691  2874
 5422    1645   526  2722   883
 5423     915  1365   916  2444
 5424    2844  2456  1216  2958
 5425    2130   984   662  2862
 5426     512  2044   525  2973
 5427    1972  3119  1971   393
 5428    2463  2360  2341  2626
 5429     497   486   496  2564
 5430    1466  1161  2552  2978
 5431     136   134  1863  2580
 5432     138   140   139  3079
 5433    2308  2869   221  2406
 5434     790  2501  1341  2729
 5435    2177  2149  1590  3045
 5436    2597  2632  2797  3037
 5437    1776  1647  2220  2501
 5438    2934  2676  3114  3181
 5439     878   879   880  2623
 5440    2554  2685   950  2248
 5441    1687   710   972  2595
 5442     817  2809  2915  2182
 5443    1951  3075  3138  3054
 5444     644   645  1623  2724
 5445    2069  2070  1289  2665
 5446    2379  2448  2589  2616
 5447    2550  2342  2537  2384
 5448    2372  2431  2786  2740
 5449    2474  1863  2500  2580
 5450    2747  1149  2921   172
 5451    1863   134  2500  2580
 5452    2437  2347  2650  3110
 5453    1467  1160  1881  2978
 5454    1161  2421  2552  2978
 5455     144  2657   141  3158
 5456    2419  2380  2717  2802
 5457    1053  2924  2566  3212
 5458    2011  1352  1353  2672
 5459    2651  2512  2722  3198
 5460     528  3083  2687   517
 5461     390   389   348  3075
 5462     237  1885   236  2902
 5463    3075   385   384   391
 5464    2842  2064  2372  2070
 5465    2870  2802  2862  1688
 5466     143   142  2775  2783
 5467    2145  2157   880  2623
 5468    2488  2205  2814  3197
 5469    2834  2700  2837  3050
 5470    1396  2315  2276  2924
 5471    1057  2276  1029  2924
 5472     172  1119  1120  2747
 5473     848   847   731  2623
 5474     729   731   758  2623
 5475    2965  1931  1967  1930
 5476    2498  2746  2785  2818
 5477    1932  1963  3188  3193
 5478    1938  2560  1912  1914
 5479    2145   729  2623  3076
 5480    2349  2437  2493  2603
 5481     121  2366  2369  2417
 5482    2242  2243   806  2344
 5483    1849  1736  2563  3038
 5484     315   313  2438  3105
 5485    1576  3008  1565   704
 5486     791   838   818  2652
 5487     833  1632  2190  2983
 5488    2295  3043   998  2964
 5489    2427  1182  2716  3017
 5490     771  2501  2711  2193
 5491     639   643  2824  3116
 5492      23  2345  3089  3148
 5493     951   675   801  2841
 5494    1325  1573  1323  2955
 5495    1222   421   420  2357
 5496    1373   941  2410  2590
 5497    2338  2996  3098  3207
 5498     823  3013   821  2974
 5499    2533  2060  2680  1377
 5500    1253  2502  2963  3129
 5501     516  2396  2557  3083
 5502    1687  1251  3081   971
 5503     415   414  1981  2601
 5504    2213  2651  2389  2214
 5505     186   175   187  2791
 5506    1287  1280   566  2710
 5507     396  2706  2845  2495
 5508     698   877  1644  2428
 5509    1757  1506  2959  3219
 5510    2476   827  2751  2608
 5511       6  1090  1792     7
 5512     174   172  1120  2747
 5513     457  2317  2290  2960
 5514    2723  1531  1762  3180
 5515    2173  3182  1651  2188
 5516    1470  1166  1903  2886
 5517     518  2557  2989  3083
 5518    2394  2396  2479  2628
 5519    1144  1427  2615  2693
 5520    2525  2606  2709  2736
 5521    1741   838  2840  3029
 5522    1330  2125  2929   859
 5523     259   257  3052   260
 5524    2774  1153  2848  3183
 5525    1235  1240  2017  3094
 5526    2361  2332  2584  3184
 5527     719  1328  1580  2653
 5528    2103  2102   635  2637
 5529    2163  2789  2638  2591
 5530    1832   104  2639  2768
 5531     861   862  2562  2866
 5532    2279  2295  2964  2970
 5533     727   725   726  2838
 5534    2499  2605  2822  3022
 5535     850   852  2808  2927
 5536     826   824  2124  2885
 5537    3033  2729  3084  3163
 5538    3161  3019   117  2950
 5539    1236  2575  2934  2982
 5540    3144  1517  1513   356
 5541    2519  3147  3149  3178
 5542    1287  2704  3168  1286
 5543    2498  2209  2746  2818
 5544    2689  1372  2801  3025
 5545    2018  3031  2624  2883
 5546    2394  2782  2817  3107
 5547    2320  1903   245  2886
 5548     146  1130   143  2783
 5549    2845  3183   182  2839
 5550    2559  2857  1539  2697
 5551    1382   967   965  2606
 5552    1449  2783  2950  1130
 5553     292  2438   293  3105
 5554       4  1791  2313  3134
 5555    2769  1690  2781  2918
 5556      37    35    36  2891
 5557    2095     1  2088  2445
 5558     149   147   148  2598
 5559    2365   482  2888  3059
 5560    2402  2569  3035  3156
 5561     810   811   809  2941
 5562    2036  1383  2606  2736
 5563     396  1973  2845  3183
 5564      56   911  2581  1107
 5565     221   223  2406  2937
 5566     822  2254  2671  2707
 5567    2245   944   795  2434
 5568    2437  2603  2777  2859
 5569    2371  2598  2890  2914
 5570    2508  2842  2904  2679
 5571    1685  2476  2751  2759
 5572     242  1895   238  2749
 5573    1192  1967  2438  3105
 5574    2767  2443  2577  2414
 5575    2345  2543  2979  3142
 5576    2429  2385  2414  2618
 5577    1715  1691  2281  2586
 5578      77  2473  2422  2494
 5579     760   781  2800  3056
 5580    2847  2690  3036  3133
 5581    2355  2641  2810  2990
 5582    2566  2968  1391  1392
 5583    3145  2535   959  2377
 5584    1489  1755  2438  2468
 5585    2657  2594  2899  3079
 5586    2682  2972  3209  3213
 5587    2369  1132  2500  2474
 5588    1054  1056  2400  2614
 5589    2429  2873  2816  2340
 5590    2700   489  2858  2883
 5591    2176   800  2855  2879
 5592    1282   569  1288  2842
 5593    2229   914  2230  3040
 5594     247   245   222  2937
 5595     455   454  2744  2829
 5596    2420  2581   911  2602
 5597       8  1091  1206  2313
 5598     558   559  2679  2842
 5599     380   377  1202  2424
 5600      87    88  2441    86
 5601    1967  1930  1191  2826
 5602    2629  2644  2832  2841
 5603    1297  2079  2078  2631
 5604    2375  2433  2436  2904
 5605    1665  3048  3046  3090
 5606     644  2110  1623  2874
 5607    1211   415  2900   413
 5608    2433   544  2508  2536
 5609    1979  1980  2958  3216
 5610    3026  2532  3119  3220
 5611    1121  1122  2650  3097
 5612     765   767   947  3011
 5613    1922  1490  2519  2881
 5614    2585   882  2645  2806
 5615    1043  1044  1042  2833
 5616    1650  3217  3206  1362
 5617     754   753   752  2344
 5618    1370   936   935  2527
 5619    2477  2359  2856  3172
 5620    1138  2913  2594   138
 5621     412   409   414  2758
 5622    1985  1220  2357  2726
 5623    2582   853  3104  2608
 5624     680  2125  2683  2929
 5625    2090   268   269  2409
 5626    1147  1866  2923  2930
 5627    1123  2684  2768  2739
 5628    2245   795   831  2434
 5629    2474  1145  2737  2804
 5630    1902  3113  1481  2946
 5631    2417  2255  2759  2885
 5632     673  2475   746  2994
 5633    1138   138   133  2913
 5634    2243   938   806  2344
 5635    2058  2835  2408   553
 5636     678   676  2751  2759
 5637     465   464  2872  3197
 5638    2834  2837  3133  3181
 5639     818   816  2652  2809
 5640    2381  2349  2407  2437
 5641    3130  2868  3200   342
 5642    2576  2599  2768  3004
 5643    1082  1081  1080  2968
 5644    2654  2748  3090  3136
 5645     248  1910  1906  2731
 5646    2346  2376  2486  2913
 5647    1850  1849  2563  2625
 5648      82   163   162  2828
 5649     692  2325  2259  2391
 5650     610  2630  2661  2706
 5651    2567  1728  2719  2805
 5652     267   620   628  2763
 5653     198   206  1464  3034
 5654    2579  2728  2877  3112
 5655    1955  2812  1198  1520
 5656     639  2105   637  2617
 5657     755   754   717  3005
 5658     752  2527   754  2344
 5659    1226  1992  1225  3128
 5660    2599  2593  2708  2873
 5661    2168  2660  3071  2423
 5662     487  1247  2574  2619
 5663    1290  1285   560  2740
 5664    1487  1214  2089  1307
 5665    2897  2367  2530  2353
 5666     211  3010  1884   209
 5667    2361  2971  2756  3184
 5668    1393  1057  1396  3030
 5669     308  3178  3164   310
 5670    2775  2598  2783  2864
 5671    2744  1012  2296  2926
 5672    2385  2379  2451  2755
 5673    2748  2611  2947  3136
 5674    2475  2550  2644  2998
 5675    1304   954  2250  2893
 5676    3116  3141  2763  2544
 5677     627  2096   642  2824
 5678    1328  1649  2591  1327
 5679    2483  2388  2501  3155
 5680    2851  1719  1035  2991
 5681    2995   536  1541   537
 5682    2048   535  2047  2703
 5683    2338  2428  2442  2720
 5684      22    24    23  2614
 5685    2334  2558  2771  2240
 5686     968  2417  2707   967
 5687    1246  1247   487  2619
 5688    1320   680   681  2929
 5689    1816  2231  2444  2693
 5690    2666   961  3145  1682
 5691    2694  2357  2726  3010
 5692    2777  2739  1851  1848
 5693    2185   966  2671  2974
 5694    2604  2617  2637  2757
 5695    2604  2617  2757  3095
 5696    2019  2752  3120  2847
 5697     720  1582  1549  3201
 5698     139  1843   138  2913
 5699     967  2417  2606  2935
 5700    1164  2886   218  2406
 5701    2714  2946  3113  2539
 5702     991  1064  2906   989
 5703    2371  2598  2784  2890
 5704    2435  2381  2581  2798
 5705    1629  2608  1324  2186
 5706     301   300  3149  3164
 5707    1776  2501  2219  2695
 5708    2644   951  2841  2855
 5709    2484  2339  3226  2880
 5710    2629  2644  2855  2692
 5711    2342  2467  2550  2776
 5712    2618  2753  2583  2370
 5713    2265  1721  1722  3092
 5714     554   553   552  2835
 5715    2434  1777  2450  2681
 5716     955   714   651  2738
 5717     936   752  2527   754
 5718    2590  2529  2527  2463
 5719    3165  2472  2790  2560
 5720     151  1133  2449  2583
 5721     561   560   562  2740
 5722     496  2028  2029  3205
 5723     903  1362  2912  1104
 5724     248  2760   251  1910
 5725    2347  1828  1441  3145
 5726    1469   241  2749  2902
 5727    1910  1483  1315  2760
 5728     972   710  2146  2595
 5729    1223  1991  1226  3148
 5730     165   164   167  2493
 5731    2353  2386  2441  2509
 5732    2351  2429  2437  2493
 5733     513   515   503  3063
 5734    3025  2529  1372  2801
 5735    2820  2409  2821  2896
 5736      38  1853  2563  2730
 5737    2409   270  2427  3199
 5738     663  2680  2870  2262
 5739    2015  1641  1640  2477
 5740     903    44  2499    45
 5741     712   713  1578  2953
 5742     554  2710   552  1281
 5743    1734  2613  2390  1800
 5744    2663  2078  2631  1297
 5745    2659  2517  2670  2948
 5746     267   628  1181  2763
 5747     995   993  2906  3092
 5748    1654  2423  2610  2660
 5749    2605  2493  2863  3038
 5750      24    25  2614  3089
 5751    1544   618  1485  2957
 5752    1587  2595  2146   708
 5753     403   402  2669  2962
 5754      86  1340  2470  2562
 5755    2521   681  2683  2929
 5756     974  2419  2802  2391
 5757     884   882   883  2585
 5758    1160   201  2552   200
 5759     575   573   574  2786
 5760     408   410   409  2958
 5761     651   712   649  2738
 5762    2461  3068  3174  3216
 5763    1354  2010  2818  1355
 5764    2264  1691  1400  1386
 5765    1778   910  2610  3184
 5766    2517  2659  2670  3139
 5767    2598   154  2784  2890
 5768    2579  2471  2691  2966
 5769    2198  1345  2197  2442
 5770    2326  2118  2596  2324
 5771    2601  2485  2758  2956
 5772    1947  1514  1946  2387
 5773     979  2587  3210  2765
 5774    2465  2480   568  2679
 5775    2981  2972   725  2251
 5776    1515  1516  1949  3135
 5777    2095  2088  2087  2790
 5778    2399  2518  3009  2627
 5779    2919  2519  3147  3149
 5780    2439  3137  1957   359
 5781    2542    36  2891  2986
 5782    2484   514  2497  2954
 5783    2452  2469  2505  3194
 5784     872  2208  2126  3157
 5785     895  2202  2203  2697
 5786     560  1284   562  2740
 5787    2403  2453  2996  3198
 5788    1671  2462   943  1375
 5789    1234  2471  2788  3195
 5790    2136   960   734  2887
 5791     828  1630  1555  3159
 5792    2249   801   803  2841
 5793    1326  1325   711  2895
 5794    1539   896  2203  2697
 5795     793  1670   775  2656
 5796    1621   805  2178  2607
 5797    2255  2546  1747  2254
 5798    2494  1819  2538  2587
 5799     893  2652  3033  3163
 5800     943  1670   793  2656
 5801    3091  2493  3117  2609
 5802    3067  2378  2548  2747
 5803     756  1585   729  2623
 5804     885  1646  1775  2741
 5805    2162   768  2711  2894
 5806     461  1240  1235  2788
 5807    2540  3006  2990  2346
 5808    1115  1116  2430  3051
 5809    1486  1185  2086  2790
 5810    2150   742  2565  2807
 5811    1685  2417  2476  2759
 5812     966  2185  2671  2707
 5813    1181   634  1313  2627
 5814    1830  2303  2650  2684
 5815     939  2789  2244  2410
 5816     570  2480  2647   571
 5817    1604  2711  1588   769
 5818    1865  1864  3014  3037
 5819     494   495  2688  2712
 5820     883   882   881  2585
 5821    1434  1740  2440  3132
 5822    2361  2332  3184  2228
 5823    2161   970  2162  2711
 5824     549  1278  2569  3156
 5825    3045  3179  1678  2514
 5826    1919  2984  3047  3127
 5827    1560   672  2122  3032
 5828     690   757  2389   688
 5829    2587  2448  2397  2755
 5830    3122  3192  2611  2947
 5831    1887  2398   250   220
 5832    2124   968   826  2885
 5833    1756   298  2881  3188
 5834     857   856   647  2622
 5835     465  1236  2575  2934
 5836    2507  1074  2586  2764
 5837    1242  2020  2752  3120
 5838    2641  2355  2810  3051
 5839    2128  1774  2156  2389
 5840    2523  2779  2784  2950
 5841    1644  2212  2635  2720
 5842    3054  1508  3138  1951
 5843    1880  1877  1464  3150
 5844    2469   922  2505  3194
 5845    2772  1679  2787  2953
 5846    2768  2368  2460  2339
 5847     142  1130  1129  2783
 5848    2345  2390  2882  3128
 5849     688  2843  2389   690
 5850    2139   717  2836  3005
 5851     614  1310   615  2865
 5852    1115    89  2355  1116
 5853    1251  1244   494  2712
 5854    1898  2406  1170  2311
 5855    2507  1069  2725  2980
 5856    2229  1107  2581  3040
 5857    2684  2437  2739  2859
 5858    1156   173   186  2921
 5859    1117    92  1827  2897
 5860    2377  3081  1687  1250
 5861    1235  2788  3094  3195
 5862    2706  2456  2455  2495
 5863    3169  3101  3215  3220
 5864     914   913  2685  3040
 5865    2581  1814  2798  2922
 5866    1727  1074  1011  3042
 5867    2429  2414  2513  2641
 5868    2408  2402  2835  3156
 5869      29  1418  1734  2979
 5870     577  2643  2662  2696
 5871    1078  1077  2586  2600
 5872    1741  3029  2441  1824
 5873    2463  2375  2626  2995
 5874     833  2189  2983  3007
 5875    1481   261  2946  3113
 5876    2303  1851  1852  2859
 5877    2101  2100  2515  3095
 5878    1436  1824  1741  2441
 5879    3054  2356  3137  3144
 5880     345  1758  3125  3200
 5881    1961  2742   379  2424
 5882     844  2639  1343   102
 5883     365   364  2868  3134
 5884    2013  2014   471  2383
 5885    2100  1763  2515  3095
 5886    2393  2451  2755  2402
 5887     923    68  2589    69
 5888    1462  1879  1461  3074
 5889    2545  2700  2883  3050
 5890    2834  2676  3050  3181
 5891     913   915  2685  3040
 5892     726  3209  1595  3187
 5893     981  1385  1384  2846
 5894    2829  2296  3043  1012
 5895    1734  2613  1800    29
 5896    2348  2363  3140  3181
 5897    2958  3055  3068  3216
 5898     850  2525   852  1746
 5899    2891    35    34  2907
 5900    2892  1304  2893  3049
 5901    2581  2435  2798  3040
 5902    1875   189  2504  3064
 5903     662   660  2862  2870
 5904     184   185  2659  3139
 5905     856   686  2622  2746
 5906    1109  2233  2505  3066
 5907    2489  2567  2719  2766
 5908    1862    58    59  2701
 5909    2531  1814  2581  2922
 5910     273  1179   272  2714
 5911     867  2109  2622  2724
 5912     578   579  2643  2662
 5913     536   538   537  2995
 5914     759  2196  2389  3078
 5915     218   219   217  2702
 5916    2588  2525  2338  2808
 5917     455   453  2829  2964
 5918     860  2486   131  2521
 5919     730   728  2673  3076
 5920    2372  2431  2362  2786
 5921      54  2531  2777  2922
 5922    1436  1825  1824  2441
 5923    2126  2134   872  3157
 5924    2636  3027  1543   605
 5925    1191  1497  2734  2826
 5926    1814  3040  1426  2229
 5927    1460    51  1737  3088
 5928    1274  1275   957  2830
 5929    2287  2316  2542  3082
 5930     731  1345  3076   730
 5931    2961  1422    49    47
 5932    1772   867  1638  2724
 5933    2554  1301  3218  3222
 5934     487   486  2619  2943
 5935     445   447   449  3185
 5936    2198  1835  2442  2588
 5937    1850  1736  1806  2563
 5938    1254   500  2634  2813
 5939    2897  2530  2898  2353
 5940    2743  2747  2770  3044
 5941    2515  2844  3165  3027
 5942    1971  1155  2796  3202
 5943    1839  1452  1453  2382
 5944    3211  2041   523  2675
 5945    1757  1942   339  2959
 5946     655  2562  2866  2993
 5947    1669  1668  1373  2590
 5948    2036  2860  2211  1642
 5949    1839  1453  1458  2382
 5950    3016  1337  2932  3013
 5951    1152  3091  2597  3037
 5952    2227    52  2938  1106
 5953    1965  1925  1968  2438
 5954      71  2397  2561  2580
 5955     633   635  2637  3141
 5956    1234  2011  1353  2672
 5957    1429    71  2561   136
 5958    2662   591  2079   590
 5959    1947  1946  1759  2387
 5960     576  2643  2696  2704
 5961    1728  1008  2719  2805
 5962    1985  1986  1220  2726
 5963    2581  1107  2602  3040
 5964    2242  2155  1783  3005
 5965    2128  1774  2389  2843
 5966    3043  1012  1011  2829
 5967    2179  1623  2110  2874
 5968    2893  2892  2933  3194
 5969     190  1981  1980  2956
 5970     478   477   476  3031
 5971    2094  2098   630  2617
 5972    2739  2437  2777  2859
 5973    2758  3055  1907  1908
 5974     108   107  2573   109
 5975    1097  2614  2882  3089
 5976     702  2394  1342  2825
 5977    2469  2379  2510  2589
 5978    2439  2356  2959  3144
 5979    2638  1606  2164  2163
 5980    1004  1003  2271  2762
 5981     524  2534  2722  2954
 5982     481   480  2365  2712
 5983     910  2228  2361  3184
 5984    2622   867  2724  3112
 5985    1936  1935  1937  3164
 5986    3146  2558  2689  2640
 5987     932  1665  2654  3048
 5988      82  2577  2778  2828
 5989    2072  2078   590  2662
 5990    1055  2614  1054  1053
 5991     793   943  2656  2681
 5992     173  1150   172  2921
 5993    2630  2636  2844  3021
 5994    1590  2177   802  2879
 5995    2895   960   841   840
 5996     961  2377  2887  2895
 5997     582  2464  2074  2073
 5998    2415  2458  2568  3146
 5999    1780   918  2855  2871
 6000     676   678   677  2885
 6001    2895  2955  2628  1359
 6002    2405  2339  2484  3061
 6003    1611  2160  2490  3175
 6004    2257   711  2377  2895
 6005     187  2670  3139  3123
 6006    2427  2409  3199  3220
 6007    2006  1729  2764  2980
 6008    2080   595   583  2570
 6009    1838   114  1837  2709
 6010    1825    88    86  2441
 6011     672  1560  2122  2994
 6012    1874   188  3064  3101
 6013    2487  1111  2999  3077
 6014    2348  2355  2430  2441
 6015    2346  2411  2540  3195
 6016     762  2769  3056  2800
 6017     461   474  2856   463
 6018    2972   727  3187  3209
 6019    1328  1581  1580  2653
 6020     817   818  2809   816
 6021    2355  1857  2376  2810
 6022    1284  2436   562  2740
 6023    1525   383  2571  3193
 6024    1078    30  2600  2980
 6025      27    29  2613  2979
 6026    2873  2429  2816  2342
 6027     720  1549  3053  3201
 6028    1852  1811  2603  2777
 6029    2050  2375  2626  2051
 6030    2223    40  2831  1103
 6031     474   473   472  2856
 6032    1134   156   157  2753
 6033    1364  2230  2660  3040
 6034    3011  2361  3184  2971
 6035    2400    24  1725    22
 6036      66   142   135  2775
 6037    1071  1072  2400  3030
 6038      73  1429  2561  3077
 6039    1209  1797    12  1210
 6040     334  1943  3075  3138
 6041    2351  2339  2437  2880
 6042     562  2436  1279   551
 6043    2168  2335  2181  2721
 6044     266   264  2364  2522
 6045     107   106  2573  2916
 6046    2342  2537  2362  2776
 6047     154   147  2598  2784
 6048     177   179   191  2597
 6049    2435  2342  2467  2550
 6050    1038  1037  2964  3043
 6051    1037  2964  2725  1723
 6052     633   624   632  3141
 6053    1958  1759  2350  2387
 6054     270  1182  2409  2427
 6055    2428  2442   730  1345
 6056    1480  2556  3153  1479
 6057    1288  2480  2665  2842
 6058    1070  1057  1393  3030
 6059     939   940   773  2591
 6060    1728  2719  2745  3176
 6061    2274  1075  2567  3030
 6062    2512  1833  2651  2916
 6063    1549  2866  1550   653
 6064    2327  2232  2871  2994
 6065    2379  2448  2616  2696
 6066    2403  2453  2512  2815
 6067    1310  1311  2917   282
 6068    2328  2150  2149  2565
 6069    2389  2214  2651  2916
 6070    1164  2886  2406  1166
 6071    2523  2880  3207  3208
 6072    2316  2288  2287  2542
 6073    1919  3124  2984  3127
 6074    1378   945  2533  2633
 6075     605   606  1543  2636
 6076     646  2691  2724  2874
 6077    1505  1514  1947  2387
 6078    2574  2883  1241  2624
 6079    2339  2873  2880  3004
 6080    1518  2939  3135  1953
 6081    2056  1276  2057  2433
 6082    1153   182  1973  3183
 6083    2676  2834  3050  3031
 6084    1209  1210    12  1524
 6085    2934  1237  2982  3114
 6086    2615  2467  2701  2761
 6087     567  2408   553  2066
 6088    1256   504  1257  2541
 6089    2639  2460  2988  3003
 6090    2518  1312  2731  3009
 6091     681  1320  2521  1636
 6092    1899  2539  1476  1904
 6093    2241  2689  3090  1666
 6094    2468  2555   307  1495
 6095    2837  2411  2990  3181
 6096     971   969  1251  2750
 6097    1061  1063  1405  2980
 6098    2839   182  2925  3183
 6099     192   194   193  2718
 6100    1291  2786   573  2663
 6101    2397  2510  2775  2816
 6102     920   919  2629  2692
 6103     726  2972  3209   727
 6104    2543    28    27  2979
 6105     469   468   470  2383
 6106     577   576  2643  2696
 6107      72  2587  2999  3077
 6108    2349  2354  2362  2480
 6109     294  1489   295  2438
 6110     563   562   551  2436
 6111    1429  1818  2561  2589
 6112    2440    86  2441  2562
 6113    1395  1716  1401  2283
 6114    1072  1725  2400  2489
 6115     241  2749   238  1895
 6116    2972  2664  2981  3213
 6117    1857   162  2810  1859
 6118    2426  2349  2493  2603
 6119    1967  1192  2438  2734
 6120    1433   935  2458    85
 6121     955  1298  2616  2696
 6122    3084  3163  2501  1776
 6123     146   143   148  2598
 6124    2815  2523  2849  3004
 6125    2346  2413  2416  2471
 6126    2347  2367  2493  2743
 6127    2121   887   885  2698
 6128    2379  2511  2643  2696
 6129     878  2214  2651  3078
 6130    1072  1406  1726  2489
 6131    2121   885  2189  2698
 6132     562   563   561  2740
 6133    2964  2279  1785  2295
 6134    2566  2861  2400  2968
 6135    2349  2380  2674  2822
 6136    2752  2834  3114  3120
 6137     338   358  1507  3137
 6138    2511  2379  2616  2696
 6139     472  1240   461  2788
 6140     692  2802  2391   974
 6141     885  2189  2698  3007
 6142    1990  1733  1991  3148
 6143     729  1585  1586  2623
 6144      38  1850  1806  2563
 6145    2686   830  2903  3159
 6146    2140   719  1580  2653
 6147    2410   940  2591  2653
 6148    2676  2411  3050  3181
 6149     942  2410   940   941
 6150     940  1333  2591  2653
 6151     818   789  2652   816
 6152    2812  2312  3108  3134
 6153    2670  1872  2735  2774
 6154    1854    38    39  2730
 6155    2351  2339  2880  3226
 6156    1237  2752  2982  3114
 6157    1735    39  2577  2730
 6158    2585  2722  2843  2916
 6159    2399  2544  2627  2714
 6160    2348  2353  2363  2441
 6161    2443  2767  2463  2414
 6162    1729  2006    32  2980
 6163    2894  2454  2253  2252
 6164    1402  1051  2290  2960
 6165     721  3023  1330  1329
 6166    2234  1781  2328  2565
 6167    2285  1070  2566  2924
 6168       7  1794  1792  1795
 6169    2400  1072  2489  3030
 6170    1695  1387  2267  2507
 6171    2502   497  2564  2619
 6172    1400  1064  1077  2906
 6173     740  2149  1591  2565
 6174    1309   291   290  2780
 6175     893  2170  2652  3163
 6176    2196  1344  2389  2916
 6177    2375  2360  2463  2626
 6178    1470  2364  1175  2702
 6179    1003  1004  1002  2762
 6180     707   706  2854  3008
 6181    2651  2722  2214  3198
 6182    2611  2682  2830  3187
 6183     377  1202  2424  2754
 6184    2704  2448  2781  2918
 6185    1830  2479  2782  3093
 6186    2850  1171   242   238
 6187    2820  2427  2896  2948
 6188      15    18  1096    19
 6189    2795  2748  2830  2867
 6190    2453  2403  2523  2815
 6191    2230  1654  1364  2660
 6192    2654  2547  2689  2748
 6193    2392  2596  2680  2920
 6194    1333  1606   772  2591
 6195    2327  2151  1656  2994
 6196    2741  1646  2983  2988
 6197    2151   744  2491  2994
 6198    2394   890  2825  3107
 6199     817  2182  1627  2809
 6200    2563  2625  2641  3051
 6201    2425  2361  2578  2420
 6202     685  2126  2746  3157
 6203    3055  1907  1908  2876
 6204    2358  2343  2492  2466
 6205    2523  1128  2779  2815
 6206     450   451  2723  3180
 6207    2399  1476  2539  2627
 6208    2576  1126  2599  2849
 6209    2972  2981   725  2838
 6210    2126  2208  2746  3157
 6211    2480  2904  2372  2842
 6212    2738  2616  2787  2793
 6213      14  1095  1096    17
 6214    3068  3024  2799  2461
 6215    2799  3186  3024   181
 6216    2463  2569  2375  2995
 6217     183   182  2925  3024
 6218    1834  2305  2576  2815
 6219    2571  1923  3188  3193
 6220    1664  2165  3046  3070
 6221    1226  1991  1992  3148
 6222    2787  2469  1367  2616
 6223     752  2558  2240   934
 6224    2260  2235  2793  2236
 6225    2461  2948  3166  3174
 6226    2453  3207  2338  2779
 6227    2632  2548  3196  2378
 6228    1656  2232  2327  2994
 6229    1327  1649  2591  2789
 6230    2414  2618  2657  3006
 6231    2461  2839  3024  2925
 6232     182  2839  2925  3024
 6233     722   721  3201   723
 6234    2632  3186  2925  3024
 6235    2356  2387  3039  3219
 6236    2580  2474  2737  2864
 6237    2594   163  2657  2828
 6238     655  1340  2993   654
 6239    1160  1467  1466  2978
 6240    1387  1067  2267  2507
 6241    1100  1062  1803  2976
 6242     541   543  2795  2867
 6243    1943   387  3075  3138
 6244    2246   737  2516  2910
 6245    1386  2906  1064  1400
 6246    2356  3039  3075  3219
 6247    2505   922  2565  3194
 6248     237   236  2749  2902
 6249    1236  3197  1350   465
 6250     184  3017  1977  2659
 6251    2975  2710   554  1281
 6252    1184   282   326  2984
 6253    1143  1860  2305  2849
 6254    2378  2517  2921  3103
 6255    2074  2068  2075  2846
 6256    2380  2572  2822  3121
 6257    2522  1312  2763  3009
 6258     567  2408  2066  3109
 6259     797   834   832  2794
 6260      21    14  1096    15
 6261    2246  2516  2846  2910
 6262     580   571  2647  2908
 6263     941  2410  2590  2836
 6264    1941   324   279  2984
 6265    2846  3121  2425  2465
 6266    2215  2174  2190  2794
 6267    1321  1322  2727  2910
 6268    1430  2235  2487  2793
 6269    1745  2512  1446  1833
 6270    2358  2382  2449  3225
 6271    2741   835  2983  3007
 6272     769  1588   768  2711
 6273    2001  3180  1531  2000
 6274    1871  1864  2797  3014
 6275     713  1579  1578  2807
 6276     742  1579   713  2807
 6277    1752  1910   251  2760
 6278    2269  1001  2268  2762
 6279    2399  1476  2627  3009
 6280    2467  2615  2701  2798
 6281    2538  2494  2755  2931
 6282    1642   657   875  2860
 6283     741   803   740  3045
 6284     660   693  2862  2870
 6285    2276  2315  2851  2924
 6286     279   324   277  2984
 6287    1517  3137  3144  3054
 6288    2370  2496  2737  2931
 6289    3068  3024  2461  2495
 6290     948   767  2247  2756
 6291    2368  2479  2557  3110
 6292    1235   460   461  2788
 6293    1259  1265  2612  3190
 6294     276  2780   291  3085
 6295    1537   460  2471  2877
 6296     887   888   886  2698
 6297     237   241  1882  2902
 6298     845  3003  2645  2585
 6299    1240  2574  2624   472
 6300     871  2854  2977  3008
 6301      14  1797  1096  1095
 6302    1188  3193  2881   297
 6303     839    91  1741  2840
 6304    2548   169  3186  3196
 6305    1653  2147  2910  3001
 6306    1977  3017  1978   404
 6307    1894   233  1170  3086
 6308     668  1633  1632  2698
 6309    2924  1718  2851  1059
 6310     159   158  2737  2804
 6311    2347  2479  2650  3110
 6312    1633  2189  1632  2698
 6313      15  1094  1096    18
 6314     230   228  1167  2404
 6315    2814   722  3201   836
 6316    1522  1208  1093  1414
 6317    1094    13    15    14
 6318    1522  1207  1093  1208
 6319    1522  1796  1093  1207
 6320      16    17  1093  1094
 6321    1529  1983  2003  2004
 6322     239   241  1895  1474
 6323    1230   448  1229  3185
 6324    2209  2208   874  3157
 6325      20    19    15    21
 6326    2351  2690  2837  3133
 6327    1285  2065  2066  3109
 6328    2704  2451  2710  3168
 6329    1094    18    15  1415
 6330    1907  2758  1218  2901
 6331      16  1796  1093  1522
 6332     582   580  2647  2908
 6333    1028  2294  2745  2506
 6334    2925  2632  3024  2461
 6335     720   653   722  2866
 6336    1919  3203  1920  1485
 6337      13  1413    12  1414
 6338    1415    19    15    20
 6339    1415    18    15    19
 6340     755   753   754  2344
 6341    2452  2550  2644  2692
 6342    2821  3124  1485  3203
 6343    3198  2428  2453  2996
 6344    2568  2415  3099  3158
 6345    1007  2272  1014  1786
 6346    1276  2508  2433   544
 6347    2363  2752  3133  3181
 6348    2752  2934  3114  3181
 6349    1153  1973  1975  3183
 6350    3041  2756  2423   787
 6351    2114  1550  2142  2866
 6352      15    14  1096  1094
 6353    1994  1993  2882  3128
 6354    2789  2656  2827  2875
 6355    2175   882   884  2806
 6356     508  1258  2963  3190
 6357     312  1191  1497  2734
 6358    1287  2704  1286  2918
 6359    3015  2418  3022  3191
 6360    2884  2484  3063  3100
 6361    2456  2844  1216  3021
 6362    1738  1425  2407  2531
 6363      21  1797  1096    14
 6364      13    17    14  1094
 6365      14    17    12  1095
 6366     136    71  2561  2580
 6367    1598   689  1567  2843
 6368      15    19  1096    21
 6369    1382  2022  1686  2935
 6370    1983  1986  1988  2726
 6371     824   826  2751  2759
 6372    2520  2581  2602  3040
 6373     257  3052   260  3113
 6374     858  2416  2521  1749
 6375    1112  1368  2422  2682
 6376    2559  2857  2697  2386
 6377    1454  2583  1841  2785
 6378    1815    58  2701  2761
 6379    2369  2474  2500  2864
 6380     132  1823  1137  2376
 6381    1025  2274  1075  2567
 6382      14    17  1096  1094
 6383    2547   931  3048  3146
 6384    1488  2438   314  2734
 6385    2638  2656  2789  2875
 6386    1667   543  2689  2801
 6387     704  2134  1565  3157
 6388    2328  1658  2514  3045
 6389    1533  2723  3180  2987
 6390    2297  1027  1025  2745
 6391    2120  1558   669  3000
 6392     404  1978  2735  3017
 6393    2658  2484  2973  3063
 6394    1540   532  2432  2827
 6395     982   981  2727  2910
 6396    1515   354  1199  3135
 6397    1038  1000  2969  3043
 6398    1534  2292  2964  2970
 6399    1245  1239   482  2888
 6400    1565  3008  2977   704
 6401     529   530   531  2655
 6402    2085  2084   603  2997
 6403    2310  1173  1895  2850
 6404    2289  1720   994  2833
 6405    2526  2813  3224  3226
 6406    2817  2194  2853  3000
 6407    2995  2801  1541  2529
 6408    3183   402  2669   396
 6409    2205   862  2814  3197
 6410    3039   351  3075  3219
 6411     494   480   495  2712
 6412    2411  2348  2990  3181
 6413    2410  2341  2374  2827
 6414    1069  1405  2725  2980
 6415    1404  2713   990  2833
 6416      28    26  1099  2543
 6417    2834  2676  3114  3031
 6418    1386  2316  1400  2264
 6419    1242   477   479  3114
 6420    2353  2367  2388  3155
 6421     392   407   394  3199
 6422    2755  2765  2448  2352
 6423    1182   407   406  3017
 6424    1386  2906  1400  2316
 6425    2157   756  1585  3078
 6426    1722  1404  2266  2833
 6427    2398  2406  2869  2886
 6428    2295  2744  2296  2964
 6429     516  2396  1262  2557
 6430     936   935  2527  2558
 6431    1459   167  2898  3044
 6432    1534  1723  1724  2964
 6433     830  2633   945  1672
 6434    2586  2507  2764  2980
 6435     790  2695  3163   788
 6436    1697  1389  1399  1001
 6437    2004  2005  2003  3180
 6438    1893  2702  1896  2309
 6439    1692  1386  1691  2264
 6440    1667  2795  2748  2689
 6441     101  1121  2650   100
 6442     782   783  2800  3028
 6443    1230    35  1101  2907
 6444    2609  2493  2743  3088
 6445     446   447  2987  3118
 6446     765  3175  2592   767
 6447    1430  2487  2589  3077
 6448    3027  3095  2515  1763
 6449    2210  2606  2211  2671
 6450    2228  2361  2803  2938
 6451    1665  1664  2165  3046
 6452    2363  2365  3036  3133
 6453    1717    26    27  2543
 6454    2000  1986  1220  2001
 6455    2087  2515  2790  3027
 6456    1357  2042  2675  1358
 6457     915   914  2685   916
 6458    1244   480   494  2712
 6459    1694   995  2265  3092
 6460    2639  3093  2642  3087
 6461    2784  1449  2950  3019
 6462    1567  2129   689  2806
 6463    2394    98  2479  2782
 6464    2409  1920  3127  3203
 6465    1881  1463  1467  3150
 6466    3083   528   530   519
 6467    2407  2425  2420  2938
 6468    2945  3015  3206  2633
 6469     956  2696  2781  1293
 6470    1865  2609  3037   168
 6471    2527  2836  3005  3058
 6472     396  2706   397  2845
 6473     423  1226  1223   422
 6474    1536  2745  1726   456
 6475     985  2352  2664  2710
 6476    2236  2589  2235  2793
 6477     727   749  1680  3187
 6478    1624   784  2423  3071
 6479     776  2967   778   777
 6480    2339  2460  2768  3003
 6481    1170  2406   233  1894
 6482    2768  3003  1444  2573
 6483    2324  2118  2596  2944
 6484    2499  2811  2225  2392
 6485    1026  2745  1027  1789
 6486    1100  1062  1063  1803
 6487    2569  2463  2375  2678
 6488    1073  1387  1388  2507
 6489    2425  2516  2361  2803
 6490    2717   907  2674   905
 6491    3171  1512  2705  1511
 6492     596   597  2554  2998
 6493     490   491   489  2700
 6494     748  1595  1608  3122
 6495     564   576  2704  3168
 6496    2165  2166  1665  3046
 6497    1040  1038  1039  2964
 6498     603  2084  1678  2832
 6499    3133  2837  3140  3181
 6500    1687  2377  2595  2750
 6501     257  3052  3113  2556
 6502    2850  1174  2404  1173
 6503    1895   239   238   241
 6504    2316  2288  2542  2906
 6505     344  3200   346   345
 6506    2536  1271  2433  1276
 6507     244   242   210   243
 6508     156   153  2646  2753
 6509     499   508  1253  2963
 6510    2570  1380  2756  2971
 6511    1926  1927  2519  2919
 6512     650  2781  2648  2823
 6513      32  1100    33  2976
 6514    2901   612  1309  2780
 6515    2039  1261  3100  3115
 6516    1221  1986  2000  1983
 6517    2277  2851  1718  1719
 6518    2143  1663  2838  2981
 6519    1832   104   102  2639
 6520     668  2121  2698  3000
 6521    1825  2430  2441  2509
 6522    2565  2893  3179  3194
 6523    2005  1983  1998  1999
 6524    1118  1117  1146  2898
 6525    1758   340  1510  3125
 6526    1331  1335  2981  3028
 6527    2177   802  2879  3045
 6528    2524  2388  2712  3036
 6529       4  1089  1793     6
 6530    1123  2684  2739  1124
 6531    2921  2517  3162  3177
 6532      45  1421    43  2863
 6533    1542   543   542  2867
 6534     520   521  1644  2720
 6535    2415  2568  2657  3158
 6536    2517  2796  3162  3177
 6537    2917   282  2984  3111
 6538    2587  3210  2422   925
 6539    1810    46  2426    48
 6540    1331  1583  1335  3028
 6541      74   156   153  2646
 6542    2615  1144  2693  2761
 6543     174  2923  2930  3123
 6544    2411  2676  2934  3181
 6545    2418  2912  2945  3015
 6546    1240   472  2624  2788
 6547    1534  1724   455  2964
 6548    2766  2400  2861  2968
 6549    2253    94  2535   959
 6550    1983  1988  1998  1999
 6551     259  1909   260  3052
 6552    2386  2383  2441  2559
 6553    1349  2488  2521  2929
 6554     970  2162  2711  2894
 6555    1724   453   455  2964
 6556    1075  2861  1076  2567
 6557    2415  2618  2646  3158
 6558    1265   522  2996  3190
 6559     928   927  2422  2940
 6560    1147  1440  1460  3067
 6561    2767  2831  2341  3022
 6562    2297  1728  2318  2719
 6563    2476  1683   964  1684
 6564    2393  2415  2547  2640
 6565      96  1119    97  2936
 6566    2085  2553  2997   602
 6567    1582  3053  2141  1549
 6568     234   233   232  1897
 6569     992  1404   990  2833
 6570    3085  2901   612  2900
 6571      82    83   163  2828
 6572    1909   262   260  3052
 6573    2384  3222  2668  2554
 6574     717   754   716  3005
 6575    1367  2589  2793  2616
 6576     715  2772  2250  2807
 6577      75    76  2494    74
 6578     995  1388  2265  2906
 6579    1309  1308   291  2780
 6580    1248  2700  2690  2834
 6581     981   737  2246  2910
 6582    2526  2690  3226  2481
 6583    2379  2385  2816  2931
 6584    2476   964  2751  2759
 6585      83  1433  1139  2778
 6586    2047  2048  2703  2985
 6587    2466  2502  2963  3204
 6588    1661  2772  2787  2953
 6589    2021  1356  2256  2715
 6590     971  1687  2595  2750
 6591    3125   341  3130   340
 6592    1066   989  2713  3082
 6593    1510   340  1509  3125
 6594    1120  1119    96  2936
 6595      46  2609  2961  3091
 6596    2655  2988  3002  3087
 6597    2655  2460  2988  3087
 6598    1351  1236  2013  2575
 6599    1152  1864  1865  3037
 6600    2029  2028  2935  3205
 6601    1015  1016  3018  3096
 6602     334  1757  3138  3219
 6603    1121  2859  3097  2650
 6604    2908  2480  1289   571
 6605    1716  2283  1703  1050
 6606    2553  2832  2933  3194
 6607     923  1428  3065   921
 6608    2005  2004  2003  1983
 6609    2271  2744  1004  2762
 6610    1629   824   825  2751
 6611     353  2412   355   341
 6612    1510  2742  1944  3125
 6613    1095  1414    12  1210
 6614    1063  1061  2976  2980
 6615     538   539   537  2995
 6616    2868  2705  1512  1945
 6617    3081  2377  2541  1250
 6618    1512   347  3171  3200
 6619    2063  1283  2064  2733
 6620    1391  1006  1392  2968
 6621    1456  1451   134  2500
 6622     230  1173   231  2404
 6623    1011  1010  1009  2926
 6624     735  2252   770  2894
 6625    1983  1986  2000  1988
 6626    1693   995  1387  1388
 6627    1742  2253  2454  2252
 6628     503  2634  2658  3063
 6629    2666  1681   961  1682
 6630     846   845   691  2806
 6631    1469  1474  1895   241
 6632    1512  1758   347  3200
 6633    2843  1645  2916  2722
 6634     311  1496   309  2519
 6635    1188  1187   296  2881
 6636     340  2412   341   355
 6637     507   518  2557  3115
 6638    2641  2429  3006  3140
 6639    2023  2021  2492  2715
 6640    1094    18  1415  1796
 6641     688   689  1598  2843
 6642    2333  2172  2656  2681
 6643     238  1168   224  2850
 6644    2553  2452  2832  3194
 6645    2964  1037  2725  3043
 6646    2664  2251  2972  2981
 6647     256  3113   257  1481
 6648     224   239   238  2850
 6649     407   405  2427  2796
 6650    3074   193   203  3086
 6651    1281   552  1280  2710
 6652     345   347  1758  3200
 6653     145  1136  2899  3189
 6654    1907   615  2865  2901
 6655    1245  2220  1647  3084
 6656    2516  2803  2846  2910
 6657    2634  2551  2700  2858
 6658    2598  2371  2784  2864
 6659     497  2502  2564  3205
 6660    2009  2008  2818  3160
 6661    1103  2223  1361  2875
 6662    1596   755   717  3005
 6663     908  1321   906  2910
 6664     678   676  2186  2751
 6665    1404   992  2280  2833
 6666    2750  3081  2377  2524
 6667    3103  3166  3202  3215
 6668    1061  1405  1069  2980
 6669    2688  2026   495   493
 6670     288   280   281  2984
 6671    2589  2236  1367  2793
 6672     349  3039  3075   348
 6673    1581  1328  2163  2591
 6674    1476  2398  3009  2760
 6675     115   114   116  2525
 6676    1915  1916  1186  2560
 6677    2773  2588  2808  2927
 6678     267  1181  2522  2763
 6679    2176  1659  2177  2879
 6680    1059  2566  2924  3212
 6681     696   728  1767  3076
 6682     483  2020  2019  2847
 6683    1538  1636  3197  2205
 6684    1065  1721  1073  2906
 6685     714   715   713  2953
 6686    1145    70  2580  2737
 6687    2174   797  2645  2175
 6688    2664  2940  2981  3213
 6689     651  2616  2648   955
 6690    1669  2995  2463  2626
 6691    2780   277  2984  3085
 6692    2736  3204  3208  3211
 6693    2187  1651  3159  2188
 6694    2448  2589  2616  2793
 6695    2461  2839  2925  2948
 6696    2523  2371  2784  2890
 6697    1787  2926  1010  1048
 6698    2772  2250  2807  2893
 6699    3207  2523  3208  2779
 6700    1606  1333  1581  2591
 6701    1122  1440  2347  3097
 6702    2444  2435  2475  2685
 6703     988  2918   987  2800
 6704     568   558   556  2679
 6705    2016  2477  2856  3057
 6706    2194   843  2853  3000
 6707     724  2143  2838  2981
 6708    1332   982   984  2727
 6709     531   530  2046  2655
 6710    1078  1045  1079  1077
 6711    1156  2819  1150  2921
 6712     556   557  2062  2679
 6713     490   491  2700  3031
 6714     561  2064  2372  2733
 6715    2478  2504  1875  3103
 6716     313  1192   312  2734
 6717    2629  2452  2644  2692
 6718     750  1608  2942  3122
 6719     983   984   982  2727
 6720     430   431  1225  3128
 6721    2095     1  2445  2604
 6722    2689  2529  2558  2771
 6723    2177  2514  1658  3045
 6724    1084  1086  2744  3073
 6725     985   986  2981  3028
 6726     318   319  2401  2965
 6727       1     0  2445  2604
 6728    1390  2295  2744  1002
 6729    1086  1039  2292  2970
 6730     978   979  2765   977
 6731     811  2528  2874  2941
 6732    2818  2209   870  2010
 6733    1277  2508   544   545
 6734     557   556   558  2679
 6735     826  1685  2751  2759
 6736    1799  1798  2345  2543
 6737    2739  2437  2708  2777
 6738    2129   689  2806  2843
 6739    2279  1039  1040  2970
 6740     233   235  1170  3086
 6741     312  1497  1488  2734
 6742    1811  1738  2407  2777
 6743     947   948  2971  3011
 6744     212  1163  1162  2694
 6745     405   407  2427  3017
 6746    1898   201   203  3086
 6747    1394  1395  1708  2275
 6748     600  2933   602   601
 6749     545   547   559  2508
 6750    2347  2302  1440  1441
 6751     193  3074   203   192
 6752    2573  2585  2722  3131
 6753     559   547   557  2508
 6754    2342  2381  2435  2798
 6755     559  1283   545  2508
 6756     203  3074   201   202
 6757    2344   934  2527  2558
 6758    2393  2451  2835  2755
 6759     765  3011  3126  3214
 6760    1365  1656  2491  2994
 6761    2525  2675  3208  2338
 6762    1066  2906  2713  3092
 6763    2734  1928  1929  2468
 6764    1312  1314  2518  2731
 6765    2271  1700  1701  1003
 6766    2589  1367  2469  2616
 6767    1351  2383  1635  2575
 6768    2279  2964  1785  1038
 6769    2609    46  2961  2426
 6770    2710  2451  2835  3168
 6771    2163  2789  1649  2638
 6772    1157  1158   191  2905
 6773    1490  1187  2519  2881
 6774    2745  1536  2489  2719
 6775    2971  2361  2756  2570
 6776    2864  2466  2880  3208
 6777    2279  1712  1389  1390
 6778    1901   229  2946  3170
 6779    1219  1222  2357  2726
 6780    3006  2540  2990  2837
 6781    2279  1785  2295  1000
 6782    1499  1930  1494  2965
 6783     452  1408   454  2829
 6784    2883  1241  2018  2024
 6785     185  1872  1978  2735
 6786    1225   431  1223  3128
 6787    2558  2529  2607  2771
 6788     667  2633  2596   945
 6789    1219  1986  2000  1221
 6790    1439  1438    97  2770
 6791    2744  1534  2964  2970
 6792    2493   164  2605  2961
 6793    2363  3133  3140  3181
 6794    2726  2306  2902  3010
 6795    1155  3162  1156   184
 6796     462   460  2877  3160
 6797    2523  2864  2880  3208
 6798     873   872   871  2977
 6799    1595  3209  2153  3187
 6800    2787  2469  2772   924
 6801    2476  2358  2715  2952
 6802    1394  1028  1708  1395
 6803    1817  2914   149  3065
 6804    2734  2468  2555  2401
 6805    2292  1039  2964  2970
 6806    1712  1038  1040  2279
 6807    2230  2335  1654  2660
 6808    1000   998  2969  3043
 6809     154  1127  2784  2890
 6810    1836  1449  3019  1448
 6811     749   957  3187  3192
 6812    2709  2864  2950  3208
 6813    1715  3042  1787  1048
 6814    1988  1986  1987  2726
 6815     631   630  2617  2763
 6816    2211  2210  1318  3013
 6817      56  2922  2531    54
 6818    1219  1986  1220  2000
 6819    1855  1852  2603  2859
 6820    1518   360  1201  2754
 6821    2585   884  2806  2843
 6822     946  1377  2533  2680
 6823    1377  2572  2054  2533
 6824    1149  3044  2747   165
 6825    1529  1528  1221  2726
 6826    1776  3033  1647  3163
 6827    2241  2748  2947  3136
 6828    1231  2298  1410  2299
 6829     491   479   478  3031
 6830    2655  2989  2368  3083
 6831    2201   858  2528  2941
 6832    2306  3010  1985  2307
 6833     430  1225   432   429
 6834      96  1828  2936  3145
 6835    3067  2743  1440  3097
 6836    3126   737  2516  2246
 6837    1029  1058  2566  1059
 6838     829  3159   828  2686
 6839    1700  2926  1048  1010
 6840    2361  3011  3102  2971
 6841     798   691   845  2806
 6842    1312   266  2522  2763
 6843    2713   990  2833  3082
 6844    2480  2908  1289  2665
 6845    1201  1516  2754  3135
 6846    2535   959  2377  2595
 6847    1217   409  2758  2958
 6848    1233  2291  1015  1049
 6849    3001  2803  1653  1652
 6850    1971   392   393  3119
 6851    1680   749   957  3187
 6852     170   168  3014  3196
 6853     289   290  2780  3111
 6854    1870  1979  3068  3216
 6855    1988  1986  2000  2001
 6856     709   710   711  2887
 6857    1221  1219  1222  2000
 6858     994  1722  2713  3092
 6859    2012  1234  1235  3195
 6860    2963  1258  3129  3190
 6861     482  2365   468   483
 6862    2255   119  2417  2759
 6863    2231   917  2692  2693
 6864    2001  3180  2000  1998
 6865    3131  2405  2573  3003
 6866      34    35  1230  2907
 6867     578  2065  2071  3109
 6868     528  1268   517  2687
 6869    3183  2774  1154  2925
 6870    2752  2834  3120  3133
 6871    1701  1003  2269  2271
 6872     269   271  2821  3203
 6873    1529  2002  2000  1221
 6874    1529  1983  2000  2002
 6875    1221  1983  2000  1529
 6876    1998  1988  2000  2001
 6877    1983  1988  2000  1998
 6878    2003  2002  2000  1983
 6879    2003  1983  2000  1998
 6880    2002  3180  2000  1531
 6881    2002  3180  1532  2003
 6882    1456  2369  2500  2709
 6883    2347  2481  2628  3110
 6884    2293  2294  2506  2745
 6885    1974  2706   397  2495
 6886    1313  1181  2627  3062
 6887    1914  2560  1912  2636
 6888    2363  2365  2383  2888
 6889    2705   367  2868  3108
 6890    1098  2345  2543  1799
 6891    2204  2141  3023  3201
 6892    1638  1639  2728  3112
 6893     541   543  2053  3035
 6894    1285  2066  1284  3109
 6895    2951  2822  2961  2419
 6896    1389  1399  1001  3073
 6897    2154  1595  2153  3122
 6898    2984  3026  2446  3047
 6899    3101  3166  3215  3220
 6900     946   667   666  2596
 6901    2872  2540  3195  3094
 6902    2951  2822  2392  2811
 6903     859  2521  2929   860
 6904    2461  2495  2839  3174
 6905    2881  3193  3188   297
 6906     749   748   750  3122
 6907    1688  2060  2262  2649
 6908    2294  2293  1022  2745
 6909     170  3186   169  3196
 6910     458  2293  2506  2745
 6911    2830  2975  2393  2795
 6912    1297  1296  2631  3143
 6913    2991  2273  1032  1403
 6914    1494  1931  2555  2965
 6915     319  1494   307  2965
 6916    2329  2144  3209  2153
 6917    2540  2990  2411  2346
 6918    2507  2725  2764  2980
 6919    1712  1038  2279  1785
 6920    2726  1528  1883  1984
 6921     630   631   629  2763
 6922     849  2115  2927  2116
 6923    3186   170   169   171
 6924    2621  2446  2901  2876
 6925    2705  2868  1512  3200
 6926    2388  2365  2712  3036
 6927    2401   307  2555  2965
 6928    1229   449   447  3185
 6929    1793     6  1791     4
 6930     457   458  2960   456
 6931     813   814   815  2732
 6932    2939  2705  1511  3171
 6933    2664  2393  2682  2830
 6934    2748  2547  2795  2830
 6935    1787  2926  1009  1010
 6936    1700  1787  1010  1048
 6937    2724  1638  2728  3112
 6938    1152  1151  1864  3037
 6939    2663  2537  2878  3143
 6940    2620  2418  3015  3191
 6941     257   260   261  3113
 6942    1501  3147  1923  3188
 6943    2347  2437  2650  3097
 6944    1709  1401  2275  1395
 6945    2313  1411     4  3134
 6946    1221  1986  1983  2726
 6947    1221  1983  1529  2726
 6948    1220  1219  2357  2726
 6949    1701  2269  1001  1697
 6950    1433  1821  1140  2778
 6951    2795  1542  1667  2748
 6952     979   980  2765  3210
 6953    2830  2654  2682  2611
 6954    1875  1155  3103  1156
 6955    2116   849  2889  2927
 6956    2405  3131  2460  3003
 6957     464   465  1538  3197
 6958    2235  1367  2589  2236
 6959     981   983  2727  2846
 6960    1448  1836  2338  3019
 6961    1028  2275  1024  2745
 6962    1869  3103  2819  1875
 6963    1984  1528  1529  2726
 6964    2353  2530  2625  3140
 6965    1987  1986  1985  2726
 6966    1122  2347  2650  3097
 6967     503   501  2634  3063
 6968    2297  3018  2719  2318
 6969    1988  1987  1984  2726
 6970    1219  1221  1222  2726
 6971    2818  2008  2877  3160
 6972    2645  3173   799  2794
 6973    2866  2440  2562   837
 6974    2903  2187  2326  1650
 6975    1322   694  1321  2727
 6976    2143  1583  1335  2981
 6977      79  2568  3099  3158
 6978    2360  2432  2536  3191
 6979    2338  2779  2950  3019
 6980    2530  2353  3036  3140
 6981     979   926  3210   925
 6982     282   283   281  3111
 6983    2493  2605  2822  2961
 6984    1010  1004  1003  1700
 6985    1700  1004  1003  2271
 6986     277   289  2780  2984
 6987    2779  2784  2950  3019
 6988    1721  1066  2713  3092
 6989     630   621  2617  2763
 6990    2659  2517  3166  3202
 6991    2443  1420  2577  1805
 6992    2338  1836  2779  3019
 6993    1697  3073  1399  2268
 6994    3032  2644   952  2475
 6995    3162  1156  2921  3177
 6996    1367  1660  2787  2793
 6997    1402  2317  2294   459
 6998     873   874   872  2977
 6999    3103  1156  2819  1875
 7000    1647  2220  2501  3084
 7001     438  2677  2723  3020
 7002    1027  2297  2506  2745
 7003    2617   639  2824  3116
 7004    3067  2378  2747  3196
 7005    2821  2409  3026  3203
 7006    2343  2736  2935  3204
 7007    2455  2445  2621  2790
 7008     278   276  1484  3047
 7009     468  1239  1238  2888
 7010    1169   226  1167  2404
 7011    2875  2656  2333  1648
 7012    2385  2393  2402  2640
 7013    1433  1140  1139  2778
 7014     365   364   366  2868
 7015    2422  3210  2352  2940
 7016    1389  1712  1696  1040
 7017     871   872  2134  2977
 7018    2857  2559  1539   470
 7019    2396  2368  2479  2557
 7020     456   458  2506  2745
 7021    2640  2689  3146  2547
 7022    1696  2970  1399  1389
 7023    2286  2543  2851  2284
 7024    3180  2001  1762  1998
 7025     623   621   622  2763
 7026    2297  1728  2719  2745
 7027     620   622   621  2763
 7028     190  1157   191  2905
 7029     578   565  2065  3109
 7030     449   448   450  3185
 7031    1441  1681  2666  3145
 7032    2931  2755  2473  2494
 7033    1697  2269  1001  2268
 7034     271   269  2409  3203
 7035    2544  2518  2627  2763
 7036     630   629   628  2763
 7037     164   178  3091  3117
 7038    2493  2743  3044  3117
 7039      67  2510  2598  2775
 7040    2558  3146  2689  2771
 7041    2624  1240  2788  3094
 7042    1736  1849  1846  3038
 7043     192  1461  2718  3074
 7044    1876  1879  2421  3074
 7045    2718  2421  2978  3074
 7046    1181   628   629  2763
 7047     620   621   628  2763
 7048    1951  3075   385  3138
 7049    2421  1879  2552  3074
 7050    3012  2632  2461  2799
 7051     948  3175   767  2756
 7052    1544  1485  2090  3203
 7053     622  1312  2518  2763
 7054    2517  2921  3103  3177
 7055    2694  2726  2902  3010
 7056    1873   175  1867  3123
 7057    2747  2378  3117  3196
 7058    2660  3071   815  2721
 7059     273   261  2714  3170
 7060     464  1538  1637  3197
 7061    1086  1039  1085  2292
 7062    1085  2970  1039  1086
 7063    1873   187   175  3123
 7064     277   276   278  3047
 7065    3197   862  2575  1350
 7066    2747   174  2791  3123
 7067     174  2747  2923  3123
 7068    2717   907  2803  2674
 7069    1636  1538  3197  1637
 7070     640   641  1316  2399
 7071    1520   368  1412  2812
 7072    1573  2895  1323   709
 7073    2570   595  2578  3218
 7074    1564  1563  2125  2929
 7075    2066  2408   553  2058
 7076     870  2622  2746  3112
 7077    2473  2682  1112  2422
 7078     309  2919  2519  1492
 7079     102  1831  2639  3173
 7080    1115  1853  1116  3051
 7081    1670  2462  2656   943
 7082     834   832  2794  2983
 7083    2789  2341  2374  2875
 7084    1009  1787  2281  3042
 7085     298  1501  1932  3188
 7086    1923  1932  1501  3188
 7087    2145  1586   729  3076
 7088    1225  1223  1226  3128
 7089    1513  1514   350  3039
 7090     860   858   859  2683
 7091     288   283   290  3111
 7092    1243  1248  2019  3120
 7093     354  2412  2812  3135
 7094    2642  3093   103  1743
 7095    1610   785  1611  2490
 7096    1655  2169  2160  2490
 7097     787  2756   767  2490
 7098     140  1138   163  2594
 7099    1084  1410  1083  2762
 7100    2688  2690  3036  2847
 7101    1766   680  1564  2683
 7102    2386  2697  2840  2857
 7103    2780  2446  2865  2901
 7104    2226  2258  2596  3217
 7105    1912  1911  2630  2661
 7106    2063  1277  1283  2733
 7107     858   810  2528  2941
 7108     950   949   815  2732
 7109    3037  2609  3117  3196
 7110    1050  2283  1052  1716
 7111    2360  2678  2767  2904
 7112    2071  2065  1285  2431
 7113    1981  2601  2956  3060
 7114     603   601   602  2933
 7115    1932  1963   299  3188
 7116    1141    79  3099  3158
 7117    1764   693   660  2870
 7118    1910  1315  2731  2760
 7119     927  1368  2422  1112
 7120    2132  1557  2133  2825
 7121     528  2655  3083   530
 7122    1501  1756  3147  3188
 7123    2168  1654  2721  3071
 7124    2712  1251  2750  3081
 7125    1258  1253  2963  3129
 7126     590   588   579  2662
 7127     987  1690  2800  2918
 7128    1157  1870  3012  3216
 7129     263  2627   632   624
 7130    1136   152   150  3189
 7131    2053  1278  2059  3035
 7132    3014   168  3037  3196
 7133     167  2493  3038  3044
 7134    1136   144   145  3079
 7135     465  2872  2934  3197
 7136     707  1347   855  2854
 7137    2291  3096  2290  1049
 7138    1068  1061  2507  1067
 7139     993  2542  2906  3092
 7140    2275  1028  1024  1708
 7141    1416  1097  2882  3089
 7142    1856  1855  2603  3097
 7143      79  1141   145  3189
 7144    2341  2374  2513  2767
 7145    1153  1975  2848  3183
 7146    2298   454  1408  2829
 7147     176    47   178  3091
 7148     169  2609  3196  1460
 7149     229  2404  2946  3170
 7150    2541   492  2688  3081
 7151    1355   870  2818  3112
 7152    1061  1060  1062  2976
 7153    2603  1855  2859  3097
 7154    1954   367  1952  3108
 7155    2264   990  1692  3082
 7156     906   976  2717  2802
 7157    1408  1046  2298  2829
 7158     728   696  1767  2673
 7159    1922   323  2881  3178
 7160    1628  3013  1336  1552
 7161     767   766   787  2490
 7162    2241  1666  1667  2748
 7163     750   779   751  2942
 7164    2539  2714  2946  3170
 7165     427  1225   422  1226
 7166    1703  1702  1016  2282
 7167     631   629  2763  3141
 7168    2222  2374   898  2410
 7169    1239   468   482  2888
 7170    2605  2811  2822  2961
 7171    1803  1100  2976  3118
 7172    2200  1840  2498  2746
 7173    1398  2970  1086  3073
 7174    2542  3092   994  2713
 7175    3062  3153  3113  3052
 7176     601  1304   600  3049
 7177      98   100  2479  2782
 7178    1087  1482  2821  2852
 7179    2412   340  1509   355
 7180    1001  2268  2762  3073
 7181    2485  2601  2900  3060
 7182     432   429   431   430
 7183    1634  1771  2470  2915
 7184     201  3074   200   202
 7185     476   477  2676  3031
 7186    1856  1122  1855  3097
 7187    1901  3069  3170   275
 7188    1506  2387  3219  1505
 7189     984  2802   983  2862
 7190    2414  2385  2415  2618
 7191    2457  1307  2472  2669
 7192    2361  2570  2578  3154
 7193     228   230   229  2404
 7194      24  2400  1725  2007
 7195     316  1502  1193  2401
 7196     169   168   170  3196
 7197     890  2217  2120  3107
 7198    2212  1644   521  2720
 7199    2490  2756  3175  3184
 7200    1775  2988  3173  2983
 7201    2680   666  2944  2596
 7202    2972  2838  3209  3213
 7203    3067  3117  3196  2747
 7204    2421   199  3034  3080
 7205    2426  2493  2822  2961
 7206     807   806   938  2607
 7207    2293   459  2294  2317
 7208    2079  2553  2631  2997
 7209      69  1428  2510  3065
 7210    1258   509  1259  3190
 7211    1181  2522  2763  3062
 7212    2539  2399  2627  2714
 7213    1251   494   492  3081
 7214    1216  1908  1790  2844
 7215      32    33  2482  2976
 7216    2367  2493  2743  3044
 7217     550  2733  2057   563
 7218    1214  1215  2457  2949
 7219    2642   843  2853  3093
 7220    2420  1812  2938  1425
 7221    1717    27  1053  2543
 7222     798   845  2585  2806
 7223    2493  2426  2609  2961
 7224     306   319   307  2401
 7225     941   942  2410  2836
 7226     520  3098  2996   522
 7227    2279  1712  1390  2970
 7228    1608  1595  2154  3122
 7229    3132  2373  2814  2440
 7230     464  1637  2672  3197
 7231    1258   508   509  3190
 7232     601  2893  3179  1305
 7233    2395  2482  2723  2987
 7234    2127  2208   869  2746
 7235    2413  2346  2416  2913
 7236    2678  2354  2429  2767
 7237    1279  2058  2059  3156
 7238    2565   922  2772  3194
 7239    3108  2868  3130  3134
 7240    1402  1401  1052  2960
 7241    1214  1215   403  2962
 7242     319   318  1499  2965
 7243    1127  1836  1457  2779
 7244     112   113  2453  2779
 7245    2744  1012  1004  2296
 7246     129   128  2911  2966
 7247    1311   282  1184  3124
 7248    2126  2208  2127  2746
 7249    1190   310  1935  3164
 7250    2171  1776  2695  3163
 7251    2165  2967  1620  2166
 7252    2511  2452  2553  3194
 7253    2336  1702  2272  2282
 7254     342  1512  2868  3200
 7255    1901  3069   275  1900
 7256     667  2633  2903  2596
 7257     766  1611  2490  3175
 7258     434   435   431  3128
 7259    1090  1794  1793    10
 7260    1702  3018  1016  2336
 7261    2722   526  2954  3131
 7262    2134   704  2977  3157
 7263    2191  3132  2814  1822
 7264     994  2542  2833  1720
 7265    1395  1709  1708  2275
 7266    2043   524  2534  2722
 7267    1448  2338  2950  3019
 7268    2868  3130  3200  2705
 7269    2588  2773  2889  2927
 7270     426  2421   424  1161
 7271     543  2052  2053  3035
 7272    1654  2168  1655  2423
 7273    2387  2356  3039  3144
 7274    2827  2462  1670  1671
 7275    1140   141  2657  3158
 7276    1303  2084  2085  2997
 7277    2396  2368  3083  3087
 7278    2028  2022  1382  2935
 7279     831   795   794  3182
 7280    1175  2364  1903  1176
 7281    2206  2179  2874  2941
 7282     741  1678   803  3045
 7283    2446  2865  2876  2917
 7284    1238  2888   470   468
 7285    2454  2388  2750  3223
 7286    1845  2304  2599  2739
 7287    2826   318  2401  2965
 7288     492   494  2688  3081
 7289    1887  2308  2702  2869
 7290     216   233  1893   232
 7291    1835  1836   110  2779
 7292    1930  1499  2826  2965
 7293      41   899  2374  2831
 7294    1161  1467   204  2978
 7295    2588  2197   849  2889
 7296    1602   738   736  3001
 7297    2367  2743  2770  3044
 7298     112   110  1836  2779
 7299    1937   308  1939  3164
 7300     835   834  2741  2983
 7301    1481   257   261  3113
 7302    1704  2991  2273  1036
 7303    2367  2897  2530  3044
 7304    1259   509   522  3190
 7305    1338  1324  2608  3104
 7306    1792  1090    10  1794
 7307     581  2578   583  3222
 7308    2978  2718  3074  3086
 7309     555  2053  2059  3035
 7310    2584  2592  3011  3184
 7311     567  2065   565  3109
 7312    3011  2361  3102  2584
 7313    2451  2408  2835  3109
 7314     541  2053   555  3035
 7315    1261  2040  2039  3100
 7316    2361  2332  2228  2584
 7317    2053  1273  1278  3035
 7318    2351  2339  3110  2437
 7319    3011  2361  2584  3184
 7320      85  1433    83  2778
 7321     914  1779  2230  2732
 7322     821  3013  1336  1628
 7323     323  1756  2881  3147
 7324     455   453   454  2829
 7325     167   165  2493  3044
 7326    2363  2383  2386  2888
 7327    1957   373   357  3152
 7328    1317  1552  1336  3013
 7329    1946  1514  1200  3152
 7330    2360  2678  2463  2767
 7331    2818  2877  1354  3112
 7332     584   586  2878  2998
 7333     250   249  2398  2869
 7334    2128  1567  2129  2843
 7335    2587  2448  2765  2999
 7336    2885  1685   826  2759
 7337      48    49    47  2961
 7338    1155  3103  1156  3177
 7339     894  1647   893  3033
 7340     922  2469  2772  3194
 7341     303  2919  3147  3149
 7342    2345  2882  3089  3128
 7343    3091  1152  2597   176
 7344    1909  1313   262  3052
 7345    2401  2555  2826  2965
 7346    2773   659  2889  2927
 7347    2996   522  3098  3190
 7348    1847    54  1848  2777
 7349     688  1598  2128  2843
 7350    1698  2805  2270  1014
 7351     400  2962   402   401
 7352     210   208   243  2749
 7353    1084  1534  2744  1086
 7354     369  1206  1205  2812
 7355    2514  2629  2841  2879
 7356    2272  1008  2719  2318
 7357    1517  1197  1950  3039
 7358    1231   455   454  2744
 7359    1822  2191  1740  2814
 7360    1000  1038  2964  3043
 7361    2977  2498   873   874
 7362    1349  3132   130  2488
 7363     515  1261  2884  3100
 7364     376  2424   380  1960
 7365      80  1140  2568    78
 7366    1789  1024  1023  1026
 7367    1707  3176  1026  1023
 7368    1026  1028  1789  1027
 7369    1024  1028  1789  1708
 7370    2518   622  2763  3116
 7371     450   448  3020  3185
 7372    2076  2878   584   585
 7373    2960   456  3018  3096
 7374    2160  1778  1655  2490
 7375    1611  2160  1610  2490
 7376     787   766   785  2490
 7377     452   453  2006  2764
 7378     336   375   374  2439
 7379     809   811  2874  2941
 7380    1583  1331  1335  2981
 7381    1482  1753  2821  2852
 7382    2537  2431  2663  2786
 7383    2618  2657  2899  3158
 7384    1942  2387  2959  3219
 7385    2059  2058   555  3156
 7386    1149  1868  2747  2819
 7387    1385   981  2246  2846
 7388     317   306   316  2401
 7389    2638   775  2656  2699
 7390    2321   306   304  2401
 7391    1729  1079   452  2764
 7392    2289   994  1042  2833
 7393       2  1088  1215  2716
 7394     152   145  1141  3189
 7395     197  3034   198   199
 7396    1730  1013  1081  2766
 7397     771  2454   770  2252
 7398    2993  1626  1550   652
 7399    1645   884   883  2843
 7400     186   173  2791  2921
 7401    1127  2523  2784  2890
 7402    2529   937  1371   938
 7403    2135  1576  1338  3104
 7404    2580  2397  2816  2931
 7405    1194   318   316  2401
 7406    2791  2670  2517  2378
 7407     957  1274  2830  3192
 7408     179  3064  2597  2504
 7409     170  3014  3186  3196
 7410    1665  1782  2654  2942
 7411    2869  2308   221  1887
 7412    2264  2316  1044  3082
 7413    1392  2277  3212  1718
 7414    1595  3122  3187  2153
 7415    2169  1610  2490  3041
 7416    2162   768  1588  2711
 7417     848  1745  2651   111
 7418    1305   954  2893  3179
 7419    2736  2860  2808  2525
 7420      67    68  2510    66
 7421    2730  2641  2810  3051
 7422    1410  1731  1083  2762
 7423    2527  2458  2463  2558
 7424     814   950  2732  2992
 7425    2368  2655  3083  3087
 7426     662   663   661  2870
 7427     306   317   319  2401
 7428    1495  1494  1931  2555
 7429    1154  1148  2548  2930
 7430     270   268   394  3199
 7431     828   665   667  2903
 7432    1468   242   243  2749
 7433    3138   339  2959  1757
 7434     270   394   407  3199
 7435    3173  2645   799  2195
 7436    2429  2414  2678  2767
 7437    2561   136  2580  2775
 7438    2439  1413  1414  1524
 7439     720  2142  2866  3053
 7440    1503  1502  2321  2401
 7441     835   834  1343  2741
 7442    1622   809  2179  2941
 7443     642  2096  2107  2824
 7444    2439  2356  3137  3138
 7445    1751   221   223  2406
 7446    2072  1290  1291  2431
 7447     337   338   339  2439
 7448    1524  1523   374  2439
 7449     316   306  1502  2401
 7450     164   165   178  3117
 7451     339  3138   338  1507
 7452    1116  1853  1854  3051
 7453     823  3013  2932  1337
 7454    2084  2644  2832  2997
 7455    2996  2720   877  2428
 7456    1614  2164  2172  2699
 7457    3179  3045  1678   953
 7458    2820  3166  3174  3220
 7459     459  2506  1402  2960
 7460    2342  2381  2798  2873
 7461    2368  3093  2639  3087
 7462     104   103   102  2639
 7463    2181  1625  2721  2732
 7464    1906   246   248  2731
 7465     815   814   950  2732
 7466    2300  1013  1730  2719
 7467    1669  2995   536  1541
 7468     567  2835  2408  3109
 7469     812   747   814  2992
 7470    2204  2205   864  2814
 7471    1018  2273  1019  2991
 7472    2368  2396  2479  3093
 7473    2743  2747  3044  3117
 7474    2387  2350  2959  3144
 7475     518   516  2557  3083
 7476    1698  2805  1786  1005
 7477    1802  2600  2677  2986
 7478     317   318   319  2401
 7479    1025  1728  2297  2745
 7480     288   289   324  2984
 7481    1017  1018  2273  1019
 7482     871  3008  2134  2135
 7483    1779  2335  2230  2732
 7484     858   860  2521  2683
 7485     708   732  2595  2887
 7486    2746  1840  1748  2200
 7487     523  3211  3098   511
 7488     430  1225   429   428
 7489     290   283  2865  3111
 7490    1777  3182  1651  2173
 7491    1711  1035  1719  1036
 7492    1657  2180  1779  2992
 7493    2373  2814  3197  2488
 7494     155  2761  2890  2914
 7495    1362  2499  2912  1104
 7496    1269   888  1268  2853
 7497     524  2043  1645  2722
 7498     507   505   506  2526
 7499    2216  2988  1775  1646
 7500     276  2780  3085   277
 7501    1744  1831  2645  3003
 7502    1108  2231  1365  2444
 7503      61    60  2444  2798
 7504    1034  1036  1719  1035
 7505    3200   346  3171  2424
 7506    2901  1308  2780  3085
 7507    1193  1194   316  2401
 7508    2101  2515  2757  3095
 7509    2742  3200  3125  2754
 7510    1949  1509  1515  2742
 7511    2233   921  2505  3065
 7512    1275   554  1281  2975
 7513      65   919  2693  3066
 7514    2046   530  2040  2989
 7515    3212  1699  1711  1391
 7516     771  2501  2193  2695
 7517    1741  2509  2386  2483
 7518    2036  2860  2736  2211
 7519    2764  2725  3042  3043
 7520    2273  2991  1032  1019
 7521    2497  2405  2954  3131
 7522    1710  2276  1030  1031
 7523    1803  1062  2891  3118
 7524    1833  2196  1745  2651
 7525    2598   143  2775  2783
 7526    2428   879  2623  3076
 7527    1032  1019  1710  1788
 7528    2371  2523  2593  2890
 7529    1945   367   366  2868
 7530    2645  2585  3003  3131
 7531     398  1213   397  2706
 7532     693  2325  2870  2117
 7533     637   636   638  3116
 7534    2330  2487  2793  2260
 7535     504  2688   506  2541
 7536    2529  2689  2801  3025
 7537    2578  2464   582   583
 7538     636   622  1314  2518
 7539    2604  2445  2757  2852
 7540    1223   431   435  3128
 7541    2438   315   292   294
 7542    2205  1538   862  3197
 7543     391   385  3054  3075
 7544     375  1414  1210  2439
 7545    2566  2861  2968  1058
 7546     590   591   589  2511
 7547     839  2483  2729    91
 7548     226   224  1167  2404
 7549    3202  3119  3215  3220
 7550     436  1227   438  3020
 7551    2267   999  2507  2969
 7552    1695  1785  1000  2969
 7553    1081  1082  1080  1054
 7554    3119  3169  3215  3220
 7555    1015  1013  2300  2719
 7556     794   792  1631  2681
 7557    1695  2267  1785  2969
 7558    2267  1068  1037  2969
 7559     451   449   450  3185
 7560    2186   825  2608  2751
 7561    2360  2463  2341  2767
 7562    1058  1029  2566  1057
 7563      50  1852  1811  2603
 7564    2599  2339  2768  3004
 7565    1349  2191  2488  3023
 7566      82  1804  2577  2828
 7567    2199  2546  2932  2671
 7568     161  2496  2538  2737
 7569     798  2585  2645  2806
 7570    2532  2446  2820  3026
 7571    1790  1543  2844  3027
 7572    2838  2144  1663  2143
 7573    2535  2253  2595  2750
 7574    2788  2540  3094  3195
 7575    2182  2202  2809  2915
 7576    1133  1134  2370  2753
 7577     872  2498   874  3157
 7578    2611  2942  2947  3136
 7579     336   337   375  2439
 7580    2532  2485  3101  3220
 7581    2593  2701  2708  2873
 7582    2374  1103  2831   899
 7583    2526   507  2557  3115
 7584    1156  1150   173  2921
 7585    2515  2445  2757  3095
 7586     479   490  2834  3031
 7587    1071  1021  3030  1070
 7588    1209  2439  1524   374
 7589    1523  1957   359  2439
 7590    1508  1507  3137  3138
 7591    1586  1767   728  3076
 7592     660   662   661  2870
 7593    1998  2005  1999  3180
 7594      11  1795  1792  1794
 7595       8  1091  1092     9
 7596    2529  2590  2527  3058
 7597    2351  2347  2437  3110
 7598      59    58  2615  2701
 7599    3051  1435  2355  2810
 7600     491   478  2883  3031
 7601    2563  2641  2730  3051
 7602    1788  1019  2273  1032
 7603    1946  2350   372  1759
 7604    1169   228  1900  3069
 7605    2754  2705  2939  3171
 7606    2367  2351  2530  3036
 7607    2117   693  1764  2870
 7608     813  1625   812  2732
 7609    2454  2894  2253  2750
 7610     196  3034   207   198
 7611     232   216  1896  1893
 7612     812   814   813  2732
 7613     848  2453   111  2651
 7614    2524  2541  2688  3081
 7615    1225   425   429   428
 7616       6  1090     7     5
 7617    1009  2829  1048  3042
 7618    2524  2688  2712  3081
 7619    2064  2842  1282  1288
 7620    1832  1444  1445  2768
 7621     786   785   784  2423
 7622     784  1610  1624  2423
 7623    3081  2750  2377  1687
 7624    1319  1329  2929  3023
 7625    1672  2245  2686  2945
 7626     492  1250  1251  3081
 7627     579   577  2643  2662
 7628     790  2501  2695  1341
 7629    1216  1217  1908  2844
 7630     288   281   283  3111
 7631    1225   427   422   425
 7632    2358  2449  2952  3225
 7633     214  2357  2694  2749
 7634     786   787   785  2423
 7635    1906  1910  1314  2731
 7636     895  2202  2697  2809
 7637     830  2633  2686  2903
 7638    2077   585   575  2665
 7639      83  2828  2657   163
 7640     139   138  2413  2913
 7641     808   682  1766  2683
 7642    2688   494  2712  3081
 7643    1318  2860  2211  3013
 7644     423   422   207   196
 7645     730  2197  2442  2673
 7646    2679  2909  2508  2572
 7647     422   425   429  1225
 7648     486   484  2564  2943
 7649    2362  2429  2678  2904
 7650    2362  2354  2429  2904
 7651    2074  2075  2464  2846
 7652     785  1610   784  2423
 7653     831  1672  2245  2686
 7654    2932  3016  2860  1346
 7655     538  2569   539  2995
 7656    1676   787   786  2423
 7657     131  1749   860  2521
 7658    2701  2708  2873  2922
 7659    2191  1349   723  3023
 7660    1037  1723  2292  2964
 7661     207  3034   205   206
 7662     770   768   733  2894
 7663     510   508  3204  3211
 7664     927  1431  2422   925
 7665     683   682  2179  2941
 7666     970  2750  2894  2454
 7667    2181  1593  1625  2732
 7668    2118   664  2596  2944
 7669    1083  1731  1732  2762
 7670    2377  2628  1256  2257
 7671    2909  3015  3022  3191
 7672     487   473   475  2928
 7673     679  2255  2707  2885
 7674    1997   435  1996  2390
 7675     171   183  2548  3186
 7676    2498   122  2854  3225
 7677    2446  2984  3047  3085
 7678    2280  1043  1042  2833
 7679    1607  1608  2154  2942
 7680     533   535  2536  2703
 7681    1876  2718   199  1750
 7682    1365  2232  1656  2994
 7683    2381  2349  2437  2873
 7684    1439  1459  2770  3044
 7685    3029  2840   818   838
 7686    2363  2353  2365  2888
 7687     731  2428  2623  3076
 7688    1490  1187  1491  2519
 7689    1898  3086  1159   201
 7690    2639  2741  2988  3087
 7691    2976  2482  2987  3167
 7692     817   654   652  2915
 7693     565  2643  3168  3109
 7694    1626  1627   817  2915
 7695     873   871  2854  2977
 7696     121  2366   120  2369
 7697     984  2130  2727  2862
 7698     605  2086  1916  3027
 7699    1034  2286  1717  2991
 7700    2648  2781  2793  2823
 7701    1792  1090  1092    10
 7702     762  2167   988  2800
 7703    1071  2566  2285  1070
 7704     843  2194  2853  3093
 7705     750   777   779  2942
 7706     813  1625  2721  3071
 7707     727   726  3187  3209
 7708       6  1089  1793  1090
 7709     819  2470  2192  1340
 7710    2855  1780  2871  3032
 7711     378  2424   376  1960
 7712    2250  2892  1679  1299
 7713    1699  1397  1698  2968
 7714    1397  2270  1698  2968
 7715     651   714   712  2738
 7716    2797  2632  3014  3037
 7717      81   931  2547  3146
 7718    1584   724  2143  2838
 7719    1596   719  1580  2836
 7720     711  2257  1326  2895
 7721    2028  2564  2935  3205
 7722    2619  2928  2574  2943
 7723    2633  3015  3206  3217
 7724    3186  2799  3014   181
 7725    2678  2354  2767  2904
 7726    1640  2015  2477  2715
 7727    1641  2715  1640  2477
 7728    2628  2347  2666  3145
 7729     682   683  2683  2941
 7730    1539  2203  2559  2697
 7731    2742  1961   379  1948
 7732    1893  1897  1896   232
 7733     479   490  1243  2834
 7734    2223  2224  1361  2875
 7735    1002  1001  2762  3073
 7736     961  2666  3145  2895
 7737    1842  1843   126  2966
 7738    2466  2502  2564  2619
 7739     274  1483  1752   272
 7740     272  1899  1752   274
 7741    3223  2535  2253    95
 7742    2700  1248   490  2834
 7743    1910   248  1752   251
 7744    1910  1483  1752   248
 7745    2110   644  2724  2874
 7746     583   582  2578  2908
 7747    2378  3117  2597  2504
 7748    1253   508  1258  2963
 7749     703  2394  2825   842
 7750     127   126   128  2966
 7751    2348  2411  2575  2934
 7752     468  2365  2888   469
 7753    1143  1447  1128  2890
 7754     154  1128  1127  2890
 7755    1412  1206  2313  3134
 7756    1432  1142  1141  3099
 7757     514   515  3063  3100
 7758     181   170  3014  3186
 7759    2418  2620  2703  3191
 7760    2066  2065   567  3109
 7761     365  2868  3108  3134
 7762    2347  1828  3145  2936
 7763     290   289   288  3111
 7764    1681  1682  2666  3145
 7765    2724  2579  2622  3112
 7766     445   449   451  3185
 7767    1037  1068  2725  2969
 7768     196   429   197   432
 7769    1705  1017  2273  1788
 7770    2311  2406  1894  1751
 7771    2311  2406  1170  1894
 7772    2846  3121  2380  2425
 7773    1170  1471  1165  1898
 7774    1898  2406  1471  1165
 7775    2668  2908  2077  2076
 7776     368  1520   352  2812
 7777      52  1811  2407    50
 7778     354   352  1198  2812
 7779    1842  2201  2528  2691
 7780     745  1593  1592  2992
 7781    1292  2696   576  1293
 7782    1085  2970  1398  1039
 7783     201  2552  3074  3086
 7784    1337  3016  2932  1346
 7785     292  2438   294   293
 7786    2071  2065  2431  3109
 7787    1282  1283   559  2842
 7788       4  1203  1411     5
 7789       8     9  1206  1091
 7790    1548  2112  2648  2738
 7791    2261   978  2769  2999
 7792    2514  2505  2565  3194
 7793    2612  1265  2996  3190
 7794     532   534  2703  2827
 7795    1536  2745   456  2719
 7796    1061  1069  2507  2980
 7797    2842  2665  2070  2372
 7798    1343  2741  2983  3173
 7799     233  1894  1893  1897
 7800    1897  1894  1893   195
 7801     174   175   173  2791
 7802    1092     6  1791  1793
 7803    2932  2709   114  2525
 7804     603  2553  2832  2933
 7805    2157  2213   880  3078
 7806     760   761  1600  3056
 7807     494   493   492  2688
 7808    2637  2099  2757  3095
 7809    2144  1584  2143  2838
 7810    1793     8  1092    10
 7811    2630  2456  2455  2706
 7812    1826    90  2501  3155
 7813     262   263   261  3113
 7814     255   253   254  2667
 7815    2473  2393  2547  2682
 7816     343  1945   366  2868
 7817    2466  2343  2935  3204
 7818     549   551  1278  3156
 7819     209   418  2357  3010
 7820     870  2746  2818  3112
 7821    2151  1657  1656  2491
 7822    1865  2609   168  1809
 7823    2495  2839  2845  3024
 7824    2283  1050  1052  3096
 7825    2034  2035  2736  3211
 7826    1012  1407  2296  3043
 7827    1484   276  1308  3085
 7828     106  1833  2512  2916
 7829    1659   920  2629  2855
 7830       5  1089  1411     4
 7831     777   778   779  2967
 7832    2547  2654  2689  3048
 7833     733  1587  2146  2894
 7834    1217  2844  2958  3055
 7835    1680  2251   727  2972
 7836     770  2252  2454  2894
 7837     282  1311  2917  3124
 7838    2702   250  2364  1888
 7839     719  2140  1580  2836
 7840    2206  1772  2207  2728
 7841     142  1456   135  2783
 7842     260   262   261  3113
 7843    2129  1567   689  2843
 7844    2545  2540  2837  3050
 7845    2253   735  2595  2894
 7846    2146   972  2595  2894
 7847    1902  3170  2946  1481
 7848       6  1089     5     4
 7849    2381  2531  2581  2922
 7850    2106  2108  2604  2824
 7851    1153  1872  2774  2848
 7852    3215  1155  1971  3202
 7853     851   850  2927   852
 7854     268   395   393  2091
 7855    2835  2795  3035  2402
 7856    1757   339  1507  3138
 7857     313   314   315  2438
 7858     759  1344   690  2389
 7859    2947  1542  2748  2241
 7860    1699  1005  1391  2968
 7861    1329  1330  2929  3023
 7862    2582   707   853   854
 7863    2940  3028  1334  3210
 7864    2228  1652  1363  2584
 7865     970  2750  2454   969
 7866     518  2039  2989  3115
 7867     727   748   749  3187
 7868    3153  2946  3113  2503
 7869     350  1197  1513  3039
 7870     868  1638  2724  3112
 7871     741   743   953  3179
 7872    1653  2148  3001  1652
 7873    1152    47  3091    46
 7874    2117  2118  2325  2944
 7875    1440  1460  3067  3097
 7876    1665  2654  3048  3090
 7877    2222  2374  2410  2443
 7878    1685  1382  2417   967
 7879     277   276  2984  3085
 7880    2350  1958  2387  2959
 7881    2361  2464  2570  3102
 7882     712  1547   649  2738
 7883     702   701  2825   703
 7884    1595  3209  1594  2153
 7885    1528  1163   421  2694
 7886     489  2700  2634   488
 7887    1918  2560  1916  1934
 7888    2349  2407  2426  2674
 7889     129   127   128  2966
 7890    3147  1501  1923  1500
 7891     391  1197   389  3039
 7892    3047  2091  2092  1754
 7893    1950  1197   391  3039
 7894    1897  1894   195  3151
 7895    2313  1091  2312  1791
 7896    2643  2431  2662  2776
 7897     451  2005  2004  3180
 7898     646  2691  2874  1348
 7899    2839   182  2845  3024
 7900    2337  1395  1394  2960
 7901     271   270  1088  2409
 7902    2876  2757  2515  2621
 7903    1928  1194  2401  2826
 7904    1149  1150  1869  2819
 7905    1547  2137  1548  2738
 7906    1025  2274  2567  3176
 7907    2413  2549  2966  3172
 7908    2975  2830  2393  2664
 7909     982   981   983  2727
 7910    1047  1048  1046  3042
 7911    2244  2410  2789  2827
 7912     702   669   671  3107
 7913    1848  1851  1124  2739
 7914     349   350  3039   348
 7915    1011  1074  1407  3042
 7916    2526  2032  2033  3224
 7917    2094   621  2093  2617
 7918    1973  3024  2845   182
 7919    3082  2542  2833  2713
 7920    1465   200  1160  2552
 7921    2504  2478  1875  3064
 7922    1409  1054  1056  2400
 7923    2402  2385  2451  2755
 7924    2716  2896     2  1088
 7925    2844  2515  3165  2455
 7926    2150   742  2807  1579
 7927     459  2317   457  2960
 7928     734   732  2136  2887
 7929    1118  1849  1437  2898
 7930    2970  1712  1389  1040
 7931     711  2377   710  1687
 7932    1928  2401  2734  2826
 7933     367   365  2868  3108
 7934    2036  1643  2035  2736
 7935    2425  2465  2647  2846
 7936    1952  2868  1945  2705
 7937    2064  2842  2372  2733
 7938     649   648   650  2648
 7939    2567  1728  2805  2861
 7940    2034  2035  1643  2736
 7941    2407  2425  2674  2349
 7942    1807  2863  2513  1806
 7943    1616   797  2175  1568
 7944    1661  1781  2772  2807
 7945    2147   736  2910  3001
 7946     495   493   494  2688
 7947    2147  1589   736  3001
 7948    2646  1141  3158  3189
 7949    1318  2860  3013  3016
 7950    1979   411   410  2958
 7951    2526  2026  2032  2813
 7952    1364   912   911  2602
 7953    1872  2735  2774  2848
 7954     920   918  2692  2855
 7955    1617  2794  1616   832
 7956    2892  2250  2772  2893
 7957    2987  1532  1533   444
 7958    1358   876  2773  2808
 7959    2410  2374  2789  2827
 7960    2644  2553  2832  2997
 7961     670   669  3000   671
 7962     453  1405  2006  2725
 7963    1068  2267  2507  2969
 7964    1569  1322  1570  2727
 7965     943   944  2462  2681
 7966    1356   871  1339  2582
 7967    2377  1256  2541  1250
 7968    2320   246  1905  2886
 7969    2388  2454   969  2501
 7970    2547  2640  2689  2795
 7971    2296  2829  3043  2964
 7972    1137   162  2594  2810
 7973     968  2417  2885  2707
 7974     689   798  2806   691
 7975    2219  2161  2695  2711
 7976     320   301  3149  3164
 7977    2605  2499  2863  3022
 7978     772  2638   774   773
 7979    1240  2574  1241  2624
 7980     170  1871   181  3014
 7981    1396  2566  1393  2924
 7982     768   770  2711  2894
 7983    2656  2638  2789  2827
 7984     190   188  3060  3064
 7985     797   796  2175  1568
 7986    1781  2150  2565  2807
 7987    2830  2795  2867  2975
 7988    2150   742  1579  2565
 7989     972   970  2750  2894
 7990    2958  2956  3055  3216
 7991    1202   361  2424  2754
 7992     514  2484  2497  3100
 7993    2839  2716  2848  2948
 7994    1781  2565  2772  2807
 7995     437   450  2723  3180
 7996    2450  2418  2462  2827
 7997     236  2749  2902  3010
 7998     534  1671  2703  2827
 7999    2450  2462  2656  2827
 8000    2341  2418  2450  2827
 8001     560   561   572  2786
 8002    2238  2547   930  2682
 8003    1145   159  2737  2804
 8004    2202  1771  1634  2915
 8005     383  1525  2571  2919
 8006     574  2665   575  2786
 8007    2013  2383  2575  2982
 8008     179  3064  2504   189
 8009    1030  1032  1403  2991
 8010     289  2780  2984  3111
 8011    2742  1949  2754  3135
 8012    2452  2379  2469  2511
 8013    2502  2466  2564  3205
 8014    2213  2651  3078  2389
 8015    2906  1066  2713  3082
 8016     605  2636  3027  3165
 8017    2349  2425  2674  3121
 8018    3149   320  3164  3178
 8019    1443  1851  2303  2859
 8020    2212  2635  2720  2773
 8021    1539  2857  1360  2697
 8022    1614  2638  2164  2699
 8023    1312   622   620  2763
 8024    1556   665  1555  2903
 8025    2635  2588  2720  2773
 8026     744  1559  2151  2491
 8027     984  2130  1332  2727
 8028    2629  2832  2452  2514
 8029     129  2785   127  2549
 8030    1775   885  2741  3007
 8031    1380  1379   948  2971
 8032    1142  2473  2646  3099
 8033    2036  2035  2029  2736
 8034    1958  1942  2387  2959
 8035    2784  2783  2864  2950
 8036    1342    98  2394  2782
 8037     414  2601  2758  2956
 8038     834  1343  2741  2983
 8039     512   513  2037  2973
 8040    2517  2670  2948  3166
 8041     251   220   250  2398
 8042    2818  1773  2209  2010
 8043    2045  3131  2216  2988
 8044    1217   409   412  2758
 8045    2510    66  2561  2775
 8046    2136   840   960  2895
 8047    2778  2415  2414  2458
 8048     271  1482  1753  2821
 8049      59  2701  2798  2922
 8050     651   650   956  2648
 8051     550  2733  2436  2057
 8052     616   617  2104  2876
 8053    2770  2367  3155  3223
 8054    2521  2373  2672  3197
 8055    1064  1065  2586  2906
 8056     977  2587   979  2765
 8057    1904  1472  1899  2539
 8058    2186   853   963  2608
 8059    1819   161  2494  2538
 8060    2478  2378  2504  3103
 8061    2424  2754  3171  3200
 8062    1320  2204  2488  1636
 8063    2352  2448  2755  2918
 8064    1530  2421  1761  3080
 8065     889  2132  2133  2825
 8066     692  2802   974   976
 8067    1186   284  1933  1915
 8068    1335   783   782  3028
 8069    1762   439   441  2723
 8070    3061  3004  2405  2339
 8071    2305  1861  2849  1860
 8072     683   865   866  2683
 8073    2386  2483  2888  3084
 8074    1160  1466  2552  2978
 8075    1830   100  2479  2650
 8076    1949  1516  1201  3135
 8077     918   919   920  2692
 8078     499  1253  1252  2502
 8079    2172  2164  2333  2699
 8080     949  3221  2732   950
 8081    1515  1949  2742  3135
 8082    1478  2522   252  2667
 8083    2627   629  2763  3062
 8084    2355  2373  2376  3132
 8085    1444  3003  1832  1831
 8086     128  1843  2413  2966
 8087    2519   308  3149   309
 8088    1135  2413  2911   139
 8089    2679  2909  2572  2354
 8090    2381  2407  2531  2777
 8091    2502  2545  2551  2858
 8092    2478  1874  3215  3103
 8093     736   737  2910  3001
 8094    2657  2594  2828  3006
 8095    2014   469  2383  2752
 8096    3091  1865  2609  3037
 8097    1284  2436  2408  1279
 8098     658  2116  2889  2927
 8099      43    42  2863  3038
 8100    2547  2689  2748  2795
 8101    2533  2392  2572  3015
 8102     237  1882  1885  2902
 8103     967   965  2606  2671
 8104    2540  2624  2788  3094
 8105     918   917   919  2692
 8106    1741  2509  2483  1436
 8107    1732  1084  2762  3073
 8108    2483    90  2501  2729
 8109     227  1889  1172  2503
 8110    2407  1738  2531  2777
 8111     302   309  2519  3149
 8112     141  1139  2657   140
 8113    2576  2512  1834  2815
 8114    1572  2116   658  2927
 8115    2123  2176  1618  2855
 8116    1771  2562  2470  2993
 8117    1915  1186  1504   329
 8118    2725  2764  2829  3043
 8119    2176  2177  1619  2879
 8120    2586  1045  2764  3042
 8121     924   922  2469  2772
 8122    1665  1782   932  2654
 8123    2677  2395  2723  3020
 8124    2368  2768  2460  2639
 8125    1619  2177  1590  2879
 8126    3113  3153  1904  2539
 8127     743  2893  2807   954
 8128      87    86  2440  2562
 8129    1506  1942  2959  3219
 8130    2379  2431  2451  2643
 8131    2267   999  1695  2507
 8132     507   505  2526  2557
 8133    1961  2742  1944  1948
 8134     138  1138   140  2594
 8135    1648  2638  2656  2699
 8136    1874  2478  3215  3101
 8137     955  1679   714  2787
 8138     792   775   774  2699
 8139     165   164  2493  3117
 8140    2571  2519  2881  3147
 8141    2746  2579  2785  2818
 8142    2058  1279  2408  3156
 8143    1390  1002  2744  3073
 8144    2072  2663  2431  1291
 8145    2117  2325  2870  2944
 8146    1163  2726  1528  1883
 8147    1357  1358  2675  2808
 8148    1762  3167   441   443
 8149    2608  1338  1339   827
 8150    2337  2297  2336  2506
 8151    2467  2615  2693  2761
 8152    2424  1944  2742  3125
 8153    2233    64  3066  1109
 8154     125  1134  1453  2382
 8155    1075  2861  2567  3030
 8156     765  1674   739  3126
 8157     379   377  2424  2742
 8158     526   524  2722  2954
 8159     833   670  2698   835
 8160    3107  1342   671   702
 8161    2742  2754   377  2424
 8162     691  2585  2806  2843
 8163     452   453  2764  2829
 8164    2385  2414  2415  2678
 8165    3016  1552  1551  2115
 8166    2502  2551  2658  2858
 8167    1076  1728  2567  2861
 8168    1241  2883  2018  2624
 8169    2414  2577  2730  2828
 8170    2094  2093  2095  3095
 8171    2190  1617   833   832
 8172    1632  1617   833  2190
 8173    2538  2494  2587  2755
 8174    2366  1839  2382  2476
 8175    1849  1846  2625  2898
 8176     545   544   546  2536
 8177     842  2394  2666  2955
 8178    2164  1649  1648  2638
 8179     547  2909  2508  2536
 8180     792  2172  2656  2699
 8181     372   371  2350  3152
 8182    2349  2407  2437  2603
 8183     702  2394  3107  1342
 8184    2344  2529  2243   938
 8185    2449  2498  2785  2818
 8186    1360   896  2697  2857
 8187    1536  2745  2489  1726
 8188    1392  3212  1391  2566
 8189    1323  1577  1573   709
 8190    2022  2028  2564  2935
 8191    1622  2874  2179   809
 8192    1841  1840  1454  2785
 8193    1387  1693  1388  2507
 8194    1933  1939  1936  1915
 8195     212   213  1163  2694
 8196    3049  2511  2933  2892
 8197    1871  2797  2799  3014
 8198      53  1424  2426  2674
 8199     959   961  2377  2887
 8200    2617  2544  2637  3141
 8201     267   266   620  2763
 8202    1349  3132  2191   130
 8203    1638   868  1639  3112
 8204    3006  2899  2413  2618
 8205    1899  1472  1169  2539
 8206    2511  2643  2662  2776
 8207     622   623  2763  3116
 8208    1477  1905   264  2364
 8209    2469  2616  2772  2892
 8210    1660  2953  1661  2787
 8211     724  1584  1594  2838
 8212    1274   542   540  2867
 8213    1816  1815  1427  2615
 8214      34  1803  1062  2891
 8215    2996  2612  3190  3207
 8216     572  2431  1290  2740
 8217    2747  2548  2923  2930
 8218    1615  1614  2172  2699
 8219     626   627  2544  2824
 8220    2042   521  2675  2720
 8221     922   921  2469  2505
 8222    1843  2413  2416  2913
 8223    1420  1735    39  2577
 8224     312  1192  1191  2734
 8225    1855  1852    50  2603
 8226     839  1341    90  2729
 8227    2868  2705  3108  3130
 8228     396   398   397  1974
 8229     576   577  1293  2696
 8230    2303  1121  2650  2859
 8231    1229  2891    34  3185
 8232    2177  1659  1658  2879
 8233     518  2040  2989  2039
 8234    1670  1671  1540  2827
 8235     210   211   209  2749
 8236     466   476   467  2676
 8237    1254   488   500  2813
 8238    2131   849  2889  2116
 8239    1761   425   428  3080
 8240    2039   518  2033  3115
 8241    1185   286   284  2560
 8242    2452  2511  2553  2776
 8243    2431  2379  2385  2776
 8244    2419  2426  2822  2961
 8245    2481  2557  2628  3110
 8246    1927  1525   383  2919
 8247    2323  2111  2648  2330
 8248     318  1194  1499  2826
 8249    2131  1571  2116  2889
 8250    2488  1320  2521  2929
 8251     259   258  1479  2556
 8252    2863  2513  2429  2767
 8253    1777  3182  2434  1651
 8254    2462  2827  1670  2656
 8255    1601   648  1548  2648
 8256    2533  2054  1378  2620
 8257    1184   282  2984  3124
 8258    2478  3101  3166  3215
 8259    1353  3195  2471  1234
 8260    2119  2326  2596  2903
 8261     944  1375  2462  1376
 8262    2371  2342  2467  2873
 8263    1399  2970  1398  3073
 8264     321  2322  1936  3164
 8265     939  1374  2410  2827
 8266     645  2109  1545  2724
 8267    1074  2586  2764  3042
 8268     224  1168  2404  2850
 8269    1392  2861  1006  1076
 8270    1587  2595   733  2146
 8271    1912   287  1911  2661
 8272    1450  1837  1747  2546
 8273    2137  2112  1548  2738
 8274    2710  2393  2975  2835
 8275    1660  1661   924  2787
 8276    2299  1731  1231  2762
 8277      80    81  2568  3146
 8278    2109  1546  2127  2622
 8279    1354  2877  2008   462
 8280    2523  3207  2453  2779
 8281    2676  3031  3050  3094
 8282    1658  1659  2629  2879
 8283    2621  2455  2820  2896
 8284     895  2203   896  2697
 8285    1340   655  2993   837
 8286    2484  2339  2880  3061
 8287    2427  2409  2820  2896
 8288     769   771  2695  2711
 8289    2920  2951  1105  2391
 8290    1972  3119  3215  1971
 8291     588   589  1299  2892
 8292     285   284   286  2560
 8293    2365  2353  2388  2888
 8294    1283  1277  2508  2733
 8295    2510  2379  2776  2816
 8296    2109   645  2622  2724
 8297    2435  2444  2467  2615
 8298     414  1981  2601  2956
 8299    2422  2393  2473  2682
 8300    1088  1182  2716  2896
 8301     709  1577  2136  1323
 8302    1572  1571   697  2889
 8303    2368  2459  2557  2989
 8304     504  2688   492   493
 8305     599   586  2998  3143
 8306    1109  2505  2629  3066
 8307    2340  2351  2551  2837
 8308    2452  2467  2550  2692
 8309    1636  2672  1637  3197
 8310    2963  2403  2612  3061
 8311     572   574   573  2786
 8312     956  2696  2616  2781
 8313     725  2972  2838   727
 8314     574   572   561  2786
 8315    2401  2555  2734  2826
 8316    2257  1359  1326  2895
 8317    1192  1191  2734  2826
 8318    1967  1192  2734  2826
 8319    1497  1191  1498  2826
 8320    2179   809  2874  2941
 8321    2808   657   875  2927
 8322    2821  2445  2621  2896
 8323    1394  1395  2506  2960
 8324    2783  2598   146  2784
 8325     337  1959  2439  2959
 8326    2547   930   931   929
 8327    1765  1629  2186  2751
 8328    2353  2386  2483  2888
 8329    2446  2780  2984  3085
 8330    2601  1982  2900  3060
 8331    2089  2088     3  2949
 8332    1484  2092  3047  3085
 8333    2388  2353  2483  2888
 8334    2702  2364  2869  2886
 8335    1276   544  2433  2536
 8336      84    83    82  2778
 8337    1111    72  2999    73
 8338    1045  1079  1077  2586
 8339    2399   272  2714  3069
 8340    2378  2504  2819  3117
 8341    2827  2638  1670  2656
 8342     950  3221  2554  1300
 8343    1541  1371  2529  2801
 8344    2569  2402  2640  2678
 8345     825  2186  1629  2751
 8346    1663  1334  2940  2981
 8347    2044  1264  2043  3198
 8348    2218  2396   892  1263
 8349    2123  1618  1560  3032
 8350    1139  1140  2657  2778
 8351    2344  2527  2529  2558
 8352     701  1573  1574  2955
 8353    1878  1161  2421  2552
 8354     161   160  2494  2538
 8355     521  3098   522   523
 8356     698  1644   699  2635
 8357    2551  2351  2880  3226
 8358    2072  2663  2662  2431
 8359    3122  3187  2153  2611
 8360     107  2573  2585  2916
 8361     786  1676  2423  2660
 8362    3016  1346   851   852
 8363    2374  1103  2875  2831
 8364     199  2718  2421  3034
 8365     804   753  1769  2344
 8366    1562  2974  2185   820
 8367    1678   603  2832  3179
 8368    2464  2425  2647  2846
 8369    2132  2120  1558  3107
 8370    1341   839   791  2729
 8371    1542  1381  2748  2867
 8372    2004  1533   451  3180
 8373     939   773  2244  2591
 8374    1455  1843  2416  2913
 8375     755  1597   753  2344
 8376    2582   871  2854   873
 8377    2795  2801  2640  2689
 8378    1231  1084  2744  2762
 8379     975    48  2419   973
 8380    2617  2763   623  3116
 8381     758   756  2623  3078
 8382     612   614  1218  1309
 8383    1442  1829  1743  3093
 8384     134  2500  1132  1863
 8385    2525  2808  3016  2860
 8386    1746  1448  1835  2338
 8387    1369  3146  2771  3048
 8388    1401  2506  1395  1402
 8389     971  2750   970   969
 8390     719   718  2653  2836
 8391    2367  2770  2897  3044
 8392    3153  3062  1904  1479
 8393    1401  2283  1052  2960
 8394    2619  2858  1252  1246
 8395    2339  2484  3226  2459
 8396    2347  2351  2367  2481
 8397    2410  2341  2626  2374
 8398    2688  2026  2526  2813
 8399    2239  2458   933  2558
 8400    2631  2662  2663  2776
 8401    1952   367  2705  3108
 8402    2098  1763  2100  3095
 8403    1403  1059  2851  1719
 8404     724  1584  2143  2981
 8405    2754  2705  3171  3200
 8406     149  1428  3065   148
 8407     813   815  2721  2732
 8408    1839  1452  2382  2476
 8409     700  2132  1557  3107
 8410    2892  2250  1304  1299
 8411    2160  3184  2592  1778
 8412    2228  1778  3184   910
 8413    1310   282  2917  3111
 8414    2872  2012  3094  3195
 8415    2177  1658  2328  3045
 8416     605  1917  2636  1918
 8417     509   511  3098  3211
 8418    1955  1954  1198  3108
 8419    1660  2323  2738  2793
 8420    2569  1278  3035  3156
 8421    2268  1732  2762  3073
 8422    2812  1955  1198  3108
 8423    3017  3072  2735   406
 8424     708  1577  1768  2887
 8425     159   158   160  2496
 8426    2624  3031  2017  3094
 8427    1756   322  1501  3147
 8428    1927  1492  2519  2919
 8429    1483  1910  1752  2760
 8430     483  2014  2752   469
 8431     497   499  2502  3205
 8432     879   877   698  2428
 8433    2549   127  2579  2785
 8434    3167  1532   444   443
 8435    2371  2593  2761  2890
 8436     178  1868  2504  3117
 8437    2211  2860  2932  3013
 8438    2615    59  2701  2798
 8439    2572  2354  2909  3015
 8440     442   444   443  3167
 8441    2676  2540  3094  3050
 8442     469   468  2383  2888
 8443    3059  3084  1245  2888
 8444     251   248   247  2937
 8445    1464   199   198  3034
 8446    2446  2780  2865  3111
 8447    1006  1008  1076  2861
 8448    2158  1600   761  3056
 8449    3083   530  2989   519
 8450    2519  1190   310   311
 8451    1260  1267  2046  2497
 8452     353  1956   369  2812
 8453    1669  2995  2626   536
 8454    1628  2184  2185  2974
 8455     127  2549  2579  2966
 8456    1558  1557  2132  3107
 8457    2316  2287  1044  3082
 8458    1738  1852  1851  2777
 8459    1811  1852  1738  2777
 8460    1255  2039  2033  3115
 8461     753  1769  2178  2607
 8462     468   470  2383  2888
 8463    2743  3067  3117  2609
 8464    1931  1494  1930  2965
 8465    2466  2502  2545  2551
 8466    2449  2477  2952  3057
 8467     521  2996  3098  2720
 8468    1750   199  1464  3034
 8469    3116  3141  2617  2763
 8470    1120  2302  2923  2936
 8471    1439   165  1459  3044
 8472    1188   297  2447  3193
 8473    3171   361  2754  2424
 8474     683  2206   865  2528
 8475    2379  2397  2510  2589
 8476    2881   323  3147  3178
 8477    1315  2518  2731  2760
 8478     643  2544  2824  3116
 8479     361   360   362  3171
 8480    2993   837   655  2562
 8481     837   655  2562  2866
 8482    1858  1854  2730  3051
 8483    1576   704   705  3008
 8484    1192   388  1969  3105
 8485    2481  2524  2541  2688
 8486    1055    27    29  2613
 8487     119   118   120  2417
 8488    1862  1844  2599  2708
 8489    2431  2362  2436  2740
 8490    1582  1563  1319  3023
 8491    2274  1706  1396  3030
 8492    1311   618  2876  2957
 8493    2599  2593  2701  2708
 8494     639   641   643  3116
 8495    1955  2812  1520  2312
 8496    1870   180  2799  3068
 8497    1476  2398   251   249
 8498    1884  1885  2306  3010
 8499     248  2760  1910  2731
 8500      58  1815  2615  2761
 8501    1776  1647  3084  3163
 8502      48    46  2426  2961
 8503    2044  2043  2534  3198
 8504     118  2476  2759  1684
 8505    2578  2520  3154  3218
 8506    2536  2620   535   546
 8507    1301  1300  2554  3218
 8508     646  1348   647  2724
 8509    2437  2708  2777  2873
 8510    1396  1057  1075  3030
 8511     872  2498  3157  2977
 8512    2976   446  3118  1100
 8513    2345  2314  3142  3148
 8514    2090  1920  2409  3203
 8515    2368  2655  3087  2460
 8516    2379  2469  2616  2589
 8517    2511  2631   591  2553
 8518    2412  2705  3125  3130
 8519    1143   155  2761  2890
 8520    1746  2525   852   115
 8521    2897  1459  2898  3044
 8522    2427  2716  2948  3017
 8523    1690  2704  2781  2918
 8524    2455  2621  2820  3055
 8525    1069  1405  1724  2725
 8526    2430  2353  2441  2509
 8527    1965  1966   293  3105
 8528     999   997  2507  2969
 8529     362   363   361  3171
 8530     173   172   174  2791
 8531    1531  3167  1532  3180
 8532     292   384   315  3105
 8533    1907  2758  1908  1218
 8534    1812  1811  1425  2407
 8535    1990  3128  1223  3142
 8536     674   672  1618  3032
 8537    2935  2466  3204  3205
 8538    2010  3057  2818  1773
 8539    2822  2605  2863  3022
 8540    1996  1994  1995  2390
 8541     554   555  2835  2975
 8542    1260   514  2497  3100
 8543    1934  2560  1915  1938
 8544    2320   245   246  2886
 8545    2840  2652  3033  3106
 8546    2448  2487  2999  3077
 8547    2659  2517  2948  3166
 8548    1061  1060  2976  2980
 8549    1905   246  1906  2886
 8550    2921  3103  1156  2819
 8551    2046  2040  2497  2989
 8552    1237  2014  2013  2982
 8553     823  3013  2974  2932
 8554    2188  2187  1555  3159
 8555    2680  2391  2920  2944
 8556    2028   484  2022  2564
 8557    2452  2505  2514  3194
 8558    2122  2123  1560  3032
 8559     705  1324  1575  3104
 8560    2265   995  1721  3092
 8561    2240  2334  1664  2771
 8562    2410  1374  2626  2827
 8563    2847  2752   483  2020
 8564    2062   557  2572  2679
 8565    2397  2448  2589  2379
 8566    2420   910  2361  2602
 8567     603   953   601  3179
 8568     641  2518  2544  3116
 8569    1802  1801  1101  2677
 8570     707  2582   853  3104
 8571    2361  2420  2602  3154
 8572     768  2162  1588  2894
 8573     249   250   254  2364
 8574    2641  2730  2810  2828
 8575    2250  2892  2772  1679
 8576    2534  2954  2973  3061
 8577     554   555   553  2835
 8578    1243  2019  2020  3120
 8579    1652  2803   908  1363
 8580     700   702  2825  3107
 8581    1219  1986  1221  2726
 8582    1979  1980   411  2958
 8583     573   587  2663  2878
 8584     408  1217  1216  2958
 8585    1745   848  2651   847
 8586    1118  1146  1846  2898
 8587    2471  2207  1353  1537
 8588    1707  1393  1706  3030
 8589    2425  3102  2516  2464
 8590     752  2558   934  2344
 8591    1969  1970  1968  3105
 8592    2028  1383  2029  2935
 8593     450   436   437  3020
 8594    2353  2363  2365  3036
 8595     216  1165  1164  2406
 8596    2060   946  2262  2680
 8597    1552  3016  1317  1336
 8598    1790  1908  2515  2844
 8599    1531  3167   443  1532
 8600    3089  2345  3128  3148
 8601    2523  2371  2593  2880
 8602    2742  3200  2424  3125
 8603    2334  2558   752  2607
 8604    2607  2334  2771  3070
 8605    2540  2545  2624  3050
 8606    1855  1122  1121  3097
 8607     963  2759   678  2751
 8608     673  2475  3032   952
 8609     883  2585  2722  2843
 8610    1767  2673  1571  2131
 8611    1416  1097  1995  2882
 8612    2044  2534  2612  3198
 8613     972   971  2595  2750
 8614    1697  3073  2268  1001
 8615     159  1145  1458  2804
 8616    2932  2671  2210  2974
 8617    1230   448  2907  3020
 8618    1903  2320  2364  2886
 8619    2093   623  2105  2617
 8620    2675  2338  2720  3098
 8621    2337  3018  3096  2506
 8622    1143  1860  2849  2890
 8623    2346  2471  2540  3172
 8624    2635  1644  2673   698
 8625    2938  2674   907    53
 8626    1440  2743  2347  3097
 8627    1168  1174   230  2404
 8628    2011  2012  2872  3195
 8629    1672   831   830  2686
 8630    2833  2280  2266   996
 8631    2016   474  2009  2856
 8632    1532  1533  2003  3180
 8633    2213  2156  2389  3078
 8634     128  1135   129  2911
 8635    2175   797  2645   796
 8636    1765   676   677  2885
 8637    2477   475  2856  2928
 8638    2723  1531  3180  3167
 8639    2015   485   475  2928
 8640     475  2574   473  2856
 8641     716   754  2527  3005
 8642    2358  2359  2564  2928
 8643    1167   224  1168  2404
 8644    1393  1023  1070  3030
 8645     220   251   247  2937
 8646     382  1760  1923  3193
 8647    1465  1160  1466  2552
 8648    2115   849  2927   851
 8649    2796  3199   407   392
 8650     625   624   626  2544
 8651     294   314  1489  2438
 8652    2346  2413  2471  3172
 8653    2982  3181  2363  2934
 8654    1894  2311   193  3086
 8655    2870  2649  2680  2391
 8656    1337   851  2115  3016
 8657     794  1631   829  3182
 8658    1370   935  1114  2527
 8659    1628  3013  1552  2184
 8660    2861  1058  3030  1076
 8661     676   824  2751  2759
 8662    2507  1074  2725  2969
 8663      99   100  2479    98
 8664     656   657  1318  3016
 8665    2359  2358  2477  2928
 8666     344  3200   345  2424
 8667    2755  2765  2587  2448
 8668    2477  2358  2492  2928
 8669    2492  2358  2564  2928
 8670    2324  2596  2920  2944
 8671    2400  2567  2766  2861
 8672    2735  2659  2948  3017
 8673    2267  1037  1038  2969
 8674    2477  2492  2715  2928
 8675     997  1074  2507  2969
 8676    1453  1458  2382  2804
 8677     139   140   141  3079
 8678    1514  2387  3039  3152
 8679    2038   513  2658  2973
 8680    2003  2005  1998  3180
 8681     952   673   675  3032
 8682     675   673   674  3032
 8683    1968  1970  1965  3105
 8684    2456  3174  3068  3055
 8685    2358  2343  2366  2492
 8686    1640  2021  2023  2715
 8687    2359  2545  2574  2624
 8688    2745  1026  1025  3176
 8689    2123  2327  1780  3032
 8690    1895   242  1468  2749
 8691      71    73  2561  3077
 8692    2397    71  2561  3077
 8693    1349  2486  2488   130
 8694    1553   660   661  2870
 8695    1198  2812  3108  3135
 8696    2274  1707  1706  3030
 8697     735   733   734  2595
 8698    1135  2413  3079  2911
 8699    1576   705  1575  3104
 8700    1258  2030  1253  3129
 8701     674   673   672  3032
 8702    2903  3217  2326  2596
 8703    3069  1169  2539  1899
 8704     467  1236   465  2934
 8705    1135  1136   129  2911
 8706     881   883  2585  3131
 8707    1652  2516  2584  3001
 8708    2030  2038  2658  3129
 8709    2371  2523  2864  2880
 8710     758   757  3078   759
 8711     603  1678   953  3179
 8712     390   388   313  3105
 8713    2122  2327  2123  3032
 8714     408   409  1217  2958
 8715    1899   272  2399  3069
 8716     874  2952  2498   873
 8717     158   157  2496  2804
 8718    1774   884  1645  2843
 8719    2632  2461  2799  3024
 8720     384   390   315  3105
 8721    1392  2861  1076  1058
 8722     804  2242   806  2344
 8723    1667  2795  2689   543
 8724    2718  3151  2978  3150
 8725     751  2942  2947  3122
 8726    1254  2032  2813  3224
 8727    2041  2034  1357  2675
 8728     806  2529   938  2607
 8729    1289  1294  2665  2908
 8730     405   404   406  3017
 8731    2369  2366  2474  2864
 8732     780  2769  2800  3056
 8733    2932  2546  2606  2671
 8734     433  3080   429   422
 8735     138  2413  2594  3079
 8736    1055    29  1800  2613
 8737     138   139  2413  3079
 8738    2611   930  2654  2682
 8739    2657   140  3079   141
 8740    1740  2191   836  2814
 8741    2772  2138  2807  2953
 8742     141  2657  2899  3079
 8743     690   689  2843   691
 8744    2717  2419   976   975
 8745    2149  2328  2565  3045
 8746      78    79   145  3158
 8747    1915  1933   330  1936
 8748    1255  2634   501  2884
 8749    1135  2413   139  3079
 8750    2656  2875  2333  2450
 8751     712  2137  2738  2787
 8752    2908  2668  2077  2665
 8753     105  1443  2684  1124
 8754     293  1966  1527  3105
 8755     412   414  2601  2758
 8756     434   431  1994  2390
 8757    1061  1067  2906  2980
 8758     343   342  2868  3130
 8759    2619  2545  2858  2883
 8760    1253  2030  2502  3129
 8761     757   690  2389   759
 8762      62   147   149  2598
 8763    2997  1296  2631  2079
 8764    1480  1889   227  2556
 8765     395  3047  2091  1211
 8766    2038  2037  2973  3129
 8767     533   544  1276  2536
 8768    1838  1450  1451  2369
 8769     930  2547   932  2654
 8770     426  2421  3080   424
 8771     989  1066  2906  3082
 8772    2970  1399  1389  3073
 8773    1812    52  2407  2938
 8774    1246  2025  2619  2858
 8775    1777  3182  2173  2434
 8776    1271   533  1276  2536
 8777    2708  1847  2739  2777
 8778    3001  2803  2516  1653
 8779    2790  2896  2949  2455
 8780    1199  1953  1516  3135
 8781     691   690  1344  2843
 8782     101  1681  2666  1441
 8783    1574  1573  1325  2955
 8784      50  2603  1856  1855
 8785    2892  2893  2933  3049
 8786      75  1431  2494    77
 8787    2723   440  2482  2677
 8788    1301  2668  3222  2554
 8789    2392  2596  2920  3217
 8790     615  1309  2865  2901
 8791    2745  1022  2489  1406
 8792     541   555   540  2975
 8793    2710   566  2835   552
 8794     434  1996   435  2390
 8795    1299  1304  2892  3049
 8796    2010  3057  1773  2009
 8797    1648  2875  2789  1361
 8798    1811  1738  1425  2407
 8799    2581  2420   911    57
 8800    1586  2145   729  2623
 8801     131  1749  2486  2913
 8802     524   525  2043  2534
 8803    2519  2881  3147  3178
 8804    1952  1511  1953  2939
 8805    1066  1721  2906  3092
 8806    2293   459   458  2506
 8807    1534   455  2744  2964
 8808     773   940   772  2591
 8809    1790  2101  2100  2515
 8810    1743  1829  2194  3093
 8811     768  1587   733  2894
 8812    2442  1644  2635  2720
 8813    1170  2406  1165   233
 8814     285  1912  2560  2661
 8815     275   261   273  3170
 8816     517  1268  1263  2687
 8817    1213  2669  1307   397
 8818     638   636  2518  3116
 8819    1259  2038  1258  3129
 8820    2047   535   534  2703
 8821    2493  2609  2743  3117
 8822    1850  3051  2563  1853
 8823    1775  2794  2983  2215
 8824     896   895  2697  3106
 8825    2859  2303  2684  2650
 8826    3021  1213   611  1212
 8827    1657   916  2491  2685
 8828    2796  1155  3177  3202
 8829    1645   883  2722  2843
 8830     178  2597  3091  3117
 8831    2594  2657  2899  3006
 8832    2701  2467  2798  2873
 8833    2670  2791  2517  3139
 8834    2638  2244  2789  2827
 8835     527  1267   514  2497
 8836     313  2734   314  2438
 8837     964  2476  2751  2608
 8838    2509    93  1437  1118
 8839    2220  2219  2501  2711
 8840    2033  2032  1254  3224
 8841     600  2933   591   602
 8842     935   934  2558   936
 8843     623   636   637  3116
 8844    2467  2816  2776  2342
 8845    2655   529  2687  3002
 8846    1098  2345  3142  2543
 8847     851  2808   852  2927
 8848    2247   787  2423  2756
 8849    1218   412   413  2601
 8850     525  2044  2043  2534
 8851     414   409   411  2758
 8852    2237   930  2547   929
 8853    2087  2790  3095  2095
 8854    2543  1717  2286  2851
 8855    1571   697  2131  2635
 8856    1541  1669  2590  3058
 8857    2462  2418  2703  2827
 8858    2527  2458  2558   935
 8859     521   523  2675  2720
 8860    1381  2748  2867  3192
 8861     111   112  2453   110
 8862    2255   679  2759  2885
 8863    1487  1307  1306  2472
 8864    2029  1383  2736  2935
 8865    2015   475  2477  2928
 8866    2844  2456  2958  3055
 8867    2476  2358  2492  2715
 8868    1694  1722   995  3092
 8869    2183  1613   816  2652
 8870     924  1661  2772  2787
 8871     384  3075   391   390
 8872    1780   920  1659  2855
 8873    1215     3     2  2949
 8874    1667  1372  2052  2801
 8875    2525  1448  2950   117
 8876    2484  2658  2551  2634
 8877    1241  2574   472   473
 8878    3017  3072  2716  2735
 8879     803  2514  2879  3045
 8880    1968  1931  1967  2555
 8881    2747  2378  3123  2791
 8882    1075  2274  1396  3030
 8883    2448  2765  2769  2918
 8884     968  2124  2707  2885
 8885    3191  2432  2341  2360
 8886    1274  1542   542  2867
 8887    2113  1626   652  2915
 8888     803  1678  2514  3045
 8889    2598   154  2890  2914
 8890     608  1913  1911  2630
 8891    2577  2414  2778  2828
 8892    2973  2612  3061  3129
 8893    1154  1153  1872  2774
 8894    2536  2432  2703  3191
 8895    2342  2537  2384  2362
 8896    1271  2375  2432  2433
 8897     594   595  3218  3222
 8898     158   159  1458  2804
 8899    2476  2358  2952  3225
 8900       2     0  1087  2445
 8901    1865  1864   168  3014
 8902    2045  2655   531  2046
 8903    2383  2014  2752  2982
 8904     858  2416  2528  2521
 8905     286  1185  2472  2560
 8906    2177  2514  3045  2879
 8907    2962  2848  1975  3183
 8908    3076  2442  2673   730
 8909    2822  2951  2392  2380
 8910     840  1323   701  2955
 8911    2407    53  2674  2938
 8912     278  1484  1754  3047
 8913    1111  2999   978  2261
 8914    1247  2574  2619  2883
 8915    1690  2263  2769  2781
 8916    2158   761  2823  3056
 8917     184   186  3139  3162
 8918    2891  2976  1060  2600
 8919    2474  2370  2737  2340
 8920    1921   305  1755  2468
 8921    2194   843  1743  3093
 8922    1449  1836  3019  1457
 8923     884  1774  2129  2843
 8924    1835  1448  1836  2338
 8925    1148  1147  2548  2930
 8926    2634  2484  2658  3063
 8927    2708  2381  2777  2873
 8928    2185  2184   966  2974
 8929    2153  2329  2611  3187
 8930    2770  1459  2897  3044
 8931     140  2657  3079  2594
 8932     824   676  1765  2885
 8933    2467  2701  2761  2873
 8934    2885  1685  2417   967
 8935    1996  1997  2390  2979
 8936    2871  1365  2444  2994
 8937     589   588  2511  2892
 8938    3019   117  1449  1130
 8939     994   993   995  3092
 8940     701  1323  1573  2955
 8941    2235  1430  2487  2589
 8942    2866   722  2814   836
 8943     870   868   869  2622
 8944    2528   810  2683  2941
 8945    1441   101  2347  2479
 8946    1905  3009  1312  2364
 8947     153   156   151  2753
 8948    1554   661   664  2944
 8949    2371  2467  2761  2873
 8950    2056   548  2375  2433
 8951    2448  2769  2781  2918
 8952    1346  3016   851  1337
 8953    2349  2354  2480  3121
 8954    2124   824  1561  2885
 8955     348  1197  3039   389
 8956    2256  1339   827  2608
 8957    1562  2974   820   821
 8958     251  1476  2399  2760
 8959    2458  2414  2463  2678
 8960    1339  1356  2582  2608
 8961     806  2529  2344   938
 8962    2804  1131  2366  2474
 8963     613  2900  2092   612
 8964    1769  2155   804  2344
 8965    1012  1011  2829  2926
 8966     773  2789  2638  2244
 8967    2529  2344  2558  2607
 8968    2709  1838  1129  1456
 8969    1297  2631  2663  3143
 8970    1336  1317  3013  3016
 8971    1607   777  2942  2967
 8972    3010   236   211  1884
 8973    2486  2416  2521  2672
 8974    1332   982  2727  2910
 8975    2014  1237  2752  2982
 8976    2064  1283  1282  2733
 8977    2312  2313  1791  3134
 8978     856  2785  2579  1748
 8979    2680   666   663  2944
 8980    1127   113  2779  1128
 8981     959  2535  2253  2595
 8982    2830  1274  2867  3192
 8983    1883  2694  2726  2902
 8984     969  2220  2501  2711
 8985    2420  2520  2602  3154
 8986     907   906  2717   908
 8987     960   961  2887  2895
 8988    1131   121  2369  1132
 8989    3031  2017   476   478
 8990    1963   299  3188  3193
 8991     957  2830  3187  3192
 8992    2360  2375  2432  2626
 8993    1553   661  1554  2944
 8994    2118  1553  1554  2944
 8995     121  1747  2546  1450
 8996     916  1779  2685  1657
 8997    2506   456  2745  3018
 8998    1849  2563  2625  3038
 8999    2006   453  2725  2764
 9000    1956  2412   341  3130
 9001     699   659   658  2889
 9002    1409  1082  2400  2766
 9003    2485  2758  2956  3055
 9004    1158  1151  2597  2797
 9005    2152  1592   745  2491
 9006    1128  1447   113  2815
 9007    3093  2650  1830  2479
 9008    2076  2878  2668   584
 9009     743  2893   954  3179
 9010    2574  2788  2856  2359
 9011    1670  2462   943  1671
 9012    2665   574   575  2069
 9013    1804  1859  1735  2730
 9014     467   465  2872  2934
 9015    1356  2476  2715  2952
 9016    2337  3018  2336  3096
 9017    1804  1420  1805  2577
 9018    2690  2027  2847  2813
 9019     553   555  2058  3156
 9020    2956  2758  2958  3055
 9021     705   853  1324  3104
 9022    1243  1242  3114  3120
 9023    2803  2717  2846  2910
 9024     550   563   551  2436
 9025    1292   564   576  2704
 9026    1382  1685  2417  1686
 9027    1412  1091  2312  2313
 9028    1992  1417  1993  3089
 9029     989   990  2713  3082
 9030     749   751   957  3192
 9031     187  1873  2670  3123
 9032     460   462   461  3160
 9033    3192  3122   751  2947
 9034    1763  2095  2087  3095
 9035    1364   912  2602  2610
 9036    1993  1416  2882  3089
 9037     471   469   470  2383
 9038    2924  1033  1053  2851
 9039    2068  2067  1385  2465
 9040    1333  1328  1581  2591
 9041    2055  2054  2572  2620
 9042     541   555  2975  3035
 9043    2834  2690  3120  3133
 9044    1850  2301  2625  3051
 9045    2232  1780  2871   918
 9046    1919  3124  1184  2984
 9047    1656  1657   916  2491
 9048    1515  1199  1516  3135
 9049     714   712  2738  2787
 9050    3021  1213  2706   611
 9051    1649  1648  2638  2789
 9052    2886  2731  2937   246
 9053    1319   680  1320  2929
 9054     578  3168   576   565
 9055    2471  2416  2691  2966
 9056    2121   887  2698  3000
 9057    2639  1832  2768  3003
 9058    2810  2641  2828  3006
 9059    2210  2606  2932  2211
 9060    2239    80  3146  1113
 9061    2532  2820  2901  2485
 9062     548   550  2375  2433
 9063    2386  2441  2470  2559
 9064    2478  2485  2905  3174
 9065    1644  2635  2673  2442
 9066    2384  2362  2537  2665
 9067      47   164   178  3091
 9068    1671  2462  2703  2827
 9069    2900   613   413  2901
 9070     865  2672   866  2521
 9071    1845  2599  2708  2739
 9072    2479  2347  2628  3110
 9073    2398   221  2406  2937
 9074    2791  2670  3123  3139
 9075     856  2785  2746  2579
 9076    2097   633  2102  2637
 9077     629   634  2627  3141
 9078     463  2009  2856  3160
 9079    2698  2642  2853  3002
 9080    1722   994  2713  2833
 9081    1478   253  1477  2667
 9082    2354  2572  2679  3121
 9083    1918  1916  2636  3165
 9084    2609  1737  2426  3088
 9085    1867   174  1866  2930
 9086    2753  3189   150   152
 9087     686   647   856  2622
 9088    1279  1284  2058  2408
 9089    2444  2475  2692  2871
 9090    1925  1968  2438  2555
 9091     851  2808  2927  3016
 9092    2501  3163  2695  1776
 9093     512  2037  2044  2973
 9094    2909  2620  3015  3191
 9095    1848  1124  1847  2739
 9096     475   474  2477  2856
 9097    2218  2217  2817  2853
 9098     501   515  2884  3063
 9099     935    85  2443  2458
 9100    1663  1662  2838  3213
 9101      64   149  2914    62
 9102    2629  2452  2692  3066
 9103    2340  2358  2366  2370
 9104    2995  2529  1541  2463
 9105    2870  2649  2802  1688
 9106    2386  3029  2470  2441
 9107    1271  2536  2433  2432
 9108    2658  2484  2551  2880
 9109    3003  1444  1744  1831
 9110    2512  2576  1834   108
 9111     862  2575  2562  2440
 9112    1074  2507  2725  2764
 9113    2874  1623  1622  2179
 9114     523  3211  2675  3098
 9115    1753   619  1544  2852
 9116    2145   879   696  3076
 9117    2550  2475  2644  2692
 9118     623   637  2105  2617
 9119    1645  2214  2213  2389
 9120    2766  1013  2719  1730
 9121    2998  2878  2550  3143
 9122    2390  1995  2613  2882
 9123    1769   804  1621  2607
 9124    2915  2809   819  3029
 9125     679   822   677  2707
 9126     252   249   254  2364
 9127    1777  2333  2450  2681
 9128    1131   120  2366  2369
 9129    1127  2523  2779  2784
 9130    3128  2345  3142  3148
 9131     679  2254   822  2707
 9132    3041  2756  2610  2423
 9133    3204  2963  3208  3211
 9134    2320  1905  1477  2364
 9135    1342  3107   671  2194
 9136    1309   614   615  2865
 9137    1298  2616  2696  2892
 9138    1441  1122   101  1440
 9139      78   145   144  3158
 9140     573  1297  1291  2663
 9141    3007  3002  2642  2698
 9142    2616   955  2738  2787
 9143    3214  1602  3001   738
 9144    2664  2393  2710  2755
 9145    2349  2420  2425  2578
 9146    2608  1575  1629  1324
 9147     122  1841  2449  1840
 9148    2377  2535  2595  2750
 9149    1828    94  3145    96
 9150    2380  2419  2674  2822
 9151    2393  2415  2473  2547
 9152     380   382   381  2447
 9153    2480   569  2679  2842
 9154    3119  1971  3202  3215
 9155    2756  2610  2361  3184
 9156     254   253   252  2667
 9157    1737  2609  2426  1809
 9158     960  2895   841   961
 9159      94  3145   961  1682
 9160    2610  2602  2660  3154
 9161     264  1477  2364  2667
 9162    1892  1177  2503  2556
 9163     961  2666  2895   841
 9164    2780  2446  2984  3111
 9165    1129  1130   117  3161
 9166     772   773  2591  2638
 9167     216  1894   233  2406
 9168    2500   134  1132  1451
 9169    2512   108  2573  2576
 9170     222   220   247  2937
 9171    2583  2358  2359  2370
 9172     282  1310   283  3111
 9173    1328  1333  1581  2653
 9174     879  2145  2623  3076
 9175    2694  1468  2749  2902
 9176    1053  2924  2851  2543
 9177     163   140  2594  2657
 9178     690  2916  1344  2843
 9179     959   960  2887   734
 9180    2428   848  2623  2651
 9181    2537  2550  2631  2776
 9182    2532  2446  3026  3047
 9183    2184  3013  1552  1317
 9184    1370  1114  2443  2527
 9185    2643  2071  3109   578
 9186    2850   244  1174  1173
 9187    1299  1679  2616  2892
 9188    1691  1400  1386  2586
 9189     107   108  2573   106
 9190    2515  1908  2621  3055
 9191    2155  2242   804  2344
 9192     647   645   646  2724
 9193    2618  2429  2837  3006
 9194     307  1494  1495  2555
 9195    2984  2446  2917  3111
 9196    1102  2287  2288  2986
 9197     773  2789  2244  2591
 9198      82  1859  1804  2828
 9199    1887  2398  2869   250
 9200     161    72    70  2538
 9201     697  2131  2635  2889
 9202    2579   857  2691  2724
 9203    1035  1718  2277  2851
 9204      39  2513  2577  2730
 9205       1     3  2088     2
 9206     100    99  2479   101
 9207      28  1099  1098  2543
 9208    2362  2385  2436  2678
 9209      23  1798    22  2614
 9210    1128   155  1143  2890
 9211      34  1062    36  2891
 9212    1348   811  2874   646
 9213    2050  2375   536  2626
 9214    2549  2579  2966  3172
 9215    1921  2321   304  2468
 9216    1768  2595   708   732
 9217    1451   121  1132  2369
 9218    1927  1924  1493  2919
 9219     934  2240  2239  2558
 9220    1505   351  2387  3219
 9221    2790  2472  1185  2560
 9222     732   734  2595  2887
 9223    1830    98  2782   100
 9224     192   202  1461  3074
 9225    1162  1882  1469  2902
 9226     672   673  2994  3032
 9227    2525  2606  2860  2932
 9228     501   500   502  2634
 9229     135  2500  2580  2775
 9230    2546  2199  2932  1837
 9231    2621  2757  2852  2957
 9232    1990  3128  3142  3148
 9233    1365  2444  2491  2685
 9234    2821  2621  2957  3026
 9235    1492  1496  1926  2519
 9236    2620  2536   535  2703
 9237     108  1125   109  2576
 9238    1178   258   256  2556
 9239     170  1864  1871  3014
 9240    2459  2368  2557  3110
 9241    1346  2525  2860  2932
 9242    2649  2870  2802  2391
 9243    1727  2281  2586  3042
 9244    1434    89  2355  2440
 9245     105  1743  3093  1442
 9246     725   724  2838  2981
 9247     216  1164   218  2406
 9248    1258  2038  2030  3129
 9249    3060  2478  3101  2485
 9250    2613  1097  2614  2882
 9251    2019  2752  2847  2020
 9252     442   446   444  3167
 9253    1728  2567  2719  3176
 9254    1443  1830  2684  2303
 9255    1668   942   941  2836
 9256    3099    79  1432    81
 9257    1730  1081  1082  2766
 9258    2560  2472  2630  3165
 9259    1133  2370  2382  2583
 9260    2501  2483  2729  3084
 9261    1830  1121  2650  2303
 9262      90    92    91  2483
 9263    1121   101  2650  1122
 9264    1902  3170  1901  2946
 9265     129  2785  2549  1454
 9266     186  2791  3139  3162
 9267    3118  2482  2987  2976
 9268    1288  2480   571  1289
 9269     214   208  2357  2749
 9270     414   413   412  2601
 9271     699  2212   659  2773
 9272    1129  2783  2709  1456
 9273    2517  2378  2670  3166
 9274    1178  1889  1480  2556
 9275    1715  1047  2281  3042
 9276    2482  2723  2987  3167
 9277    1513  3039  3144  3152
 9278    3038  2898  3044  2530
 9279     104  2684  1123   105
 9280     504   505  1257  2541
 9281    1259  2612  3129  3190
 9282    2361  2425  2803  2938
 9283     168  1865  3014  3037
 9284    1083  1732  1084  2762
 9285    3060  2478  2485  2905
 9286    1074  1064  1065  2586
 9287    2264  1692   991  3082
 9288    1832  1123  2768  2304
 9289    1085  2970  1086  1398
 9290     415   413   414  2601
 9291     153  1141  1142  2646
 9292    2395  2723  3020  3185
 9293    1332  2130  1570  2727
 9294    2008  3057  2010  2009
 9295    2658   503  2858  2634
 9296     799  1343  3173  2195
 9297    2037  2038  1259  3129
 9298    2045  2497  1267  1266
 9299    2513  2374  2577  2767
 9300    2560  2086  2790  3165
 9301    2359  2837  2340  2545
 9302    1331   988  2167  3028
 9303    1683  2476   964   854
 9304     231   229  2404  2946
 9305     405   407   392  2796
 9306    1834  1125   108  2576
 9307    1923  1932  3188  3193
 9308     175   174  2930  3123
 9309     669   670  3000   668
 9310    1982  2900  3101  3169
 9311    1744  2195  2645  1831
 9312     951  2249  2644  2841
 9313    3002  2741  3007  2642
 9314    2516  1653  2910  3001
 9315    2523  2593  2849  3004
 9316    2602   910   912   911
 9317     144  2657  3158  2899
 9318    2588  2442  2197  2635
 9319    1559   744  2151  2994
 9320     244  2850   242  1173
 9321    2559  2562  2441  2470
 9322    2416  1842  2528  2691
 9323    1861  1126  2849  1862
 9324    1879  1761  1876  2421
 9325    2812  3108  3130  3134
 9326    2355    88  2430  2441
 9327    1462  1465  1878  2552
 9328    2718  2421  3034  3150
 9329    2512  2573  3004  2576
 9330    1164  1166  2406  2937
 9331     769  1604  2161  2695
 9332    2201  1749  2528   858
 9333    2912  1362  3206  3217
 9334    2450  2333  2656  2681
 9335    2222  1370  2221  2443
 9336     824  1629  1765  2751
 9337    2744  1002  2762  3073
 9338    3113  3062  3052  2627
 9339    2166  1607  2154  2942
 9340    1429  1111  3077    73
 9341    2380  2425  2674  2717
 9342    2333  1648  2656  2699
 9343     102  2195  1831  3173
 9344     596  2082  1677  2475
 9345    2337  3018  2506  2336
 9346    1889  1178  1177  2556
 9347    1936   329   330  1915
 9348     284   285   330  1933
 9349    2638  2827  1670  2244
 9350    2419  2380  2674  2717
 9351    2074  2075  1675  2464
 9352     865  2207  2471  2528
 9353     591  2079  2553  2631
 9354    2464  2361  2570  2578
 9355    2723   440   441  2482
 9356    1574  1557   700  2825
 9357    1957   371   373  3152
 9358     747  1677  2248  2491
 9359    2146  1587  1588  2894
 9360    2429  2351  2437  2873
 9361    2587  2448  2999  3077
 9362    3006  2540  2618  2346
 9363    2099   631  2617  2637
 9364    1180   265   267  2522
 9365    1959  1958  2350  2959
 9366    1946  2350  2387  3152
 9367    1466  1161  1878  2552
 9368    1861  1862  2593  2701
 9369     109  1444  2573  2576
 9370    1214  1213   397   403
 9371    2598  2775  2816  2864
 9372    2466  2502  2880  2963
 9373    1793     8  2313  1091
 9374     355   353   354  2812
 9375    1700  2926  2271  1048
 9376    1835  2338  2442  2588
 9377    1177   256  1902  2503
 9378    2417  2343  2546  2606
 9379    3220  2485  3166  3174
 9380    2481  2526  2541  2557
 9381    1053  1717  2543  2851
 9382    1394  1395  2275  2506
 9383     574  2372  2665  2786
 9384    2880  2466  2963  3208
 9385    2381  2384  2435  2520
 9386    2544   624  2627  2714
 9387    1860  2593  2849  2890
 9388     953  1678   741  3045
 9389     941   939  1373  2410
 9390    1804  1859  2730  2828
 9391    2747  2743  2923  3067
 9392    2374    41  2513  2577
 9393     180   181  2799  3024
 9394    1979   398  1974  2456
 9395    1775  2741  2983  3007
 9396     550   548  2375  2436
 9397     249  2364  2522  3009
 9398    1745   111   113  2453
 9399    2519  1525  2571  2881
 9400    2356  3039  3054  3075
 9401     950  2248  2082  2554
 9402    1027  1394  1028  2506
 9403    1357  2860  1643   875
 9404    1229  2891  3185  3118
 9405     447   445  3118  3185
 9406    3061  3004  2403  2405
 9407    1118  2509  2897  2898
 9408    2539  1899  1476  2399
 9409     713   715  2807  2953
 9410    1554   664  2118  2944
 9411    1725  2007  2400  2489
 9412     399   398   410  2456
 9413    1656   916  1365  2491
 9414     586  2878  2998  3143
 9415     410   398  1979  2456
 9416    1296  2079  1297  2631
 9417     919  1366  2629  1109
 9418    1916  2560  2636  3165
 9419     794   795  2434  3182
 9420      57  2420  2531  2581
 9421    2229    56  2581  1107
 9422    1258  1259  3129  3190
 9423    2842  2064  2070  1288
 9424    1014  1013  2719  2805
 9425    2639  2642  2741  3087
 9426     168  1737  1809  2609
 9427    3067  1460  3088  3097
 9428     780  2765  2769   978
 9429    3166  2427  3202  3220
 9430    2397  2379  2510  2816
 9431    1046  1048  2829  3042
 9432    1476  1475  3062  2522
 9433    1074  1727  2586  3042
 9434     258   259   257  2556
 9435    2246   739  1674  3126
 9436    1518   360  2939  3171
 9437    1699  1698  1005  2968
 9438    1587   768  1588  2894
 9439    1782   930   932  2654
 9440    1242  2020  2014  2752
 9441    2203  2202  1634  2915
 9442     354   353   352  2812
 9443    2787  2469  2616  2772
 9444    2932  3016  3013  2860
 9445    2016  2009  1773  3057
 9446    1876  1461  1879  3074
 9447    1907  2865  2876  2901
 9448     139   141   144  3079
 9449     256  3113  1481  2503
 9450     787   785  2423  3041
 9451     633   626   624  3141
 9452    1813    54  1845  2708
 9453    2572  2354  2822  3121
 9454     130   132  2486  3132
 9455    1403  2278  1719  2991
 9456    2323  2648  2738  2793
 9457    3140  2430  2641  2625
 9458    2352  2800  3028  3210
 9459    2263  2769  2781  3056
 9460    1435  3051  1858  2810
 9461    1334   926  2940  3210
 9462    2725  1074  2764  3042
 9463     605  1916  1918  3165
 9464    1040  1712  2279  2970
 9465    2813  1248  2700  2690
 9466       0     1  2105  2604
 9467     288   289  2984  3111
 9468    1024  1023  1026  3176
 9469     921   923  2469  3065
 9470    1877  2718  3150  3151
 9471    2787  2892  1679  2772
 9472     810  2125  2683   808
 9473    1968  1967  2438  2555
 9474    1892  1889  1177  2556
 9475    1845    54  1847  2708
 9476    2560  2630  2636  3165
 9477    1175  2364  1176  2792
 9478     100  1830  2479  2782
 9479     467   465   466  2872
 9480    2918  2765  2800  2352
 9481    1344   106   846  2916
 9482     694  1321  2727  2802
 9483    2111  1601  2112  2648
 9484    2099  2101  2757  3095
 9485      92  1827  2897  3155
 9486    1842  2966  2416  1843
 9487     127  2579  2691  2966
 9488    2137  1547  2138  2953
 9489    2456  2630  2455  2844
 9490     955   651   956  2648
 9491    2435  2444  2475  2692
 9492    2583  2753  2899  3189
 9493    1548   648   649  2648
 9494    2782  2396  2817  2853
 9495     366  1519   343  2868
 9496     803  2514  2841  2879
 9497    2008  3057  2818  2010
 9498    1736    43  2863  3038
 9499    2374  2341  2831  2875
 9500    1937   310   308  3164
 9501    1143  1144  1860  2761
 9502     108   109  2573  2576
 9503     159   161    70  2737
 9504     841   842  2666  2955
 9505    2542  2288  2600  2906
 9506     649   650   651  2648
 9507    1216   399   408  3021
 9508     250  2702  2364  2869
 9509     236  1171   238  2749
 9510    2716  2735  2848  2948
 9511    2176   800  1619  2855
 9512     781   783  1770  2800
 9513     211  3010   209  2749
 9514      94  2253  2535    95
 9515    2709  2525  2950  3161
 9516    1287  1690  2918  1286
 9517    2340  2371  2864  2880
 9518    1432  2473  2547  1820
 9519     121  2366  2417   120
 9520    2377  2524  2628  3145
 9521     900  1361  2789  2875
 9522    2575  2363  2348  2934
 9523     937  1372  1666  3025
 9524    2735  2670  2848  2948
 9525    2816  2340  2873  2880
 9526    2383  2348  2575  2363
 9527     575   587   573  2878
 9528    1639  1537  1638  2728
 9529    2445  2604  2757  3095
 9530     208  3010  2749   209
 9531    2398   221  1887  2869
 9532    1305   954  1304  2893
 9533    2384  2665  2668  2908
 9534    1432  2473  3099  2547
 9535    2153  2329  3187  3209
 9536    2289  2287  2542  2833
 9537    1460  2609  3067  3088
 9538    2333  2164  1648  2699
 9539    1913  1912  1911  2630
 9540    2484  2551  2880  3226
 9541    1913  1914  1912  2630
 9542    2925  2461  2948  3166
 9543      62   155   154  2914
 9544    1243   490  1248  2834
 9545    1161   204  2421  2978
 9546     819   654   817  2915
 9547    2086  1916  3027  3165
 9548     242   238  1171  2749
 9549     690  2916  2389  1344
 9550    1791     4  2313  1793
 9551       4  1089  2313  1793
 9552    1411  1089  2313     4
 9553    2373  2411  2672  3197
 9554    2939  1954  3108  3135
 9555    2767  2831  3022  2513
 9556    2743  2367  2770  2936
 9557     360  1511  3171  1518
 9558    2351  2437  2873  2880
 9559    1363  2227  2938  1106
 9560    2812  2412  3108  3135
 9561    2080  2073  1379  2570
 9562    3157  1566  1565   685
 9563    2258  2392  2920  3217
 9564    2616  2648  2793  2738
 9565    2227  1425  2938  1812
 9566     604  2844  2636  3021
 9567    2687  2655  3002  3087
 9568    2392  2225  2499  3217
 9569     785   766  1611  2490
 9570    1042   996  2280  2833
 9571    2909   546   547  2572
 9572     484  2022  2564  2943
 9573    2241  1667  1542  2748
 9574    1419  1418  2979  3142
 9575    2330  2487  2331  2823
 9576     825   824   826  2751
 9577    2248  2475  2554  2685
 9578    1749   133  1455  2913
 9579     761   762   763  3056
 9580    2557  2479  2628  3110
 9581    1448  2525  2950  2338
 9582    2645  2216  2988  3173
 9583     781   780  2800  3056
 9584    2128  2129  1774  2843
 9585    3173  2215  1775  2983
 9586    3119  3047  2091   395
 9587    1301  2668  2083  2076
 9588    2617  2099  2637  3095
 9589     221  2398  1887   220
 9590     815   949  2660  2732
 9591     252   249  2364  2522
 9592    1830  1443  2684  1442
 9593     890  2394  2817  3107
 9594    1770   783  1609  2800
 9595    1287  2704  2710  3168
 9596    2331   781  3056   780
 9597    2152  1592  2180  2992
 9598    1596   717  2139  3005
 9599     174   175  2791  3123
 9600    2366   118   120  2476
 9601    2095  2105     1  2604
 9602    2206  1772  2728  2874
 9603    2716  2457  2896  2948
 9604    2542    36    37  1720
 9605    1466  1467  1161  2978
 9606    3159  3206  1651  1650
 9607    3059  3084  2220  1245
 9608    2117  1764  1553  2870
 9609    2389  2196  2651  3078
 9610    1068  2507  2725  2969
 9611    2434  2418  2450  2912
 9612    1816  2231    60  2444
 9613    2464  2578   582  2647
 9614    1841  2583  2449  2785
 9615     185  1978  2659  2735
 9616    2596  2533  2633  3217
 9617    2798  2444  2685  2435
 9618    1003  2269  2271  2762
 9619     296   298   297  2881
 9620       4  1411  1204  3134
 9621    2765   780  2769  2800
 9622    2149  1591  1590  3045
 9623     164   166   167  2493
 9624    1641  2952   874   873
 9625     685  1566  2126  3157
 9626    2620  2418  2945  3015
 9627    1898  2311  1170  3086
 9628    1764   660  1553  2870
 9629    2159  2584  2592  3214
 9630    1157  1870  1871  3012
 9631    1871  1158  1157  3012
 9632    2552   201  3074   200
 9633    3223  2253  2750  2454
 9634     967  1382  2417  2935
 9635    2204  2488  2814  3201
 9636    2018  3031  2883   478
 9637     232   216   217  1896
 9638     133   138  1455  2913
 9639     726  2972   727  2838
 9640     732   708  1768  2887
 9641    1149  1150  2819  2921
 9642    2486  2346  2672  2373
 9643    1301  2668  2076  1295
 9644     244   211   210  2749
 9645     209   208   210  2749
 9646     753   804  1769  2607
 9647    2445  2095  2604  3095
 9648    2167   760  1609  2800
 9649     760  2167   762  2800
 9650    1288  2480   569   571
 9651     149    62  2598  2914
 9652    2599  2593  2873  3004
 9653    1206  1091  1205  1412
 9654    2634   488  2700  2813
 9655    2256   827  1685  2751
 9656    1206  1091  1412  2313
 9657    2550  2435  2668  2998
 9658    2108  2604  2824  2852
 9659    1513  1514  3039  3152
 9660     105   103   104  2639
 9661    2649  2822  2380  2572
 9662    1035  1034  2851  2991
 9663    2578  2349  2480  2425
 9664    1650  2187  3159  3206
 9665    1507   358  1508  3137
 9666     359   338  2439  3137
 9667     107   846   106  2916
 9668    1626   817   652  2915
 9669    3021  2630   610  2706
 9670     863  1771  2113  2993
 9671    2033   518   507  3115
 9672     431  1994  2390  3128
 9673    1078  1079  1729  2764
 9674     166  2493  2605  3038
 9675    2354  2349  2429  2822
 9676    2556  3113  3153  3052
 9677    2467  2435  2550  2692
 9678     807   938   937  2607
 9679    1495  1931  1925  2555
 9680    2380  2391  2649  2802
 9681     104  2684  2768  1123
 9682     507   516   505  2557
 9683    2593  1860  2761  2890
 9684    2385  2415  2640  2678
 9685    1378  2055  1673  2620
 9686      61    59  2615  2798
 9687    2146   710   708  2595
 9688    1833  2512  1446  1834
 9689    2801  2052  1273  1272
 9690    2457  1215  2716  2949
 9691    2052   543  1667  2801
 9692     703  2394   842  2955
 9693     519   518  2989  3083
 9694    2437  2339  2873  2880
 9695    2008  3057  2009  2818
 9696    1787  2926  1048  1009
 9697    1925  1931  1968  2555
 9698    2741  3002   885   886
 9699    2820  2532  2901  2446
 9700     466   476  2676  3094
 9701    2600  1060  2906  2980
 9702    2563  2530  2625  3038
 9703    2364  1176  2667  1477
 9704    2917  3026  2621  2446
 9705    1886   254  1888  2792
 9706     864  2205   862  2814
 9707    1408  1045  1046  2764
 9708     691  1344   846  2843
 9709    2708  2381  2873  2922
 9710    2961  3117   164  3091
 9711    2839  2848  2925  2948
 9712    2371  2340  2816  2880
 9713    2891    35  2907  2986
 9714    1989  2314  1990  3142
 9715    1756   323   322  3147
 9716    2504  1868  2819  3117
 9717    1525  1188  2447  3193
 9718    2457  2455  2896  2948
 9719    2639   105  2684  2768
 9720    1023  1021  2567  3176
 9721    1591   802  1590  3045
 9722    1704  2991  2278  2273
 9723    1868  2747  2819  3117
 9724    2685   747  2992  2248
 9725    1666   778   937  3025
 9726     937   778   807  3025
 9727    2523  2779  2950  3208
 9728    2710  2975   554  2835
 9729    2709  1450  2369  2546
 9730    2437  2739  2708  2599
 9731    2371  2510  2598  2914
 9732    1899  2399  2539  3069
 9733      60  2231  1108  2444
 9734    2232  1365  2231  2444
 9735    1592  1593  2180  2992
 9736    2273  2278  1403  2991
 9737    1486   286  1185  2472
 9738    2690  2027  1248  3120
 9739    1626  2113   652  2993
 9740    1277  2063  2057  2733
 9741    2113  1627  1626  2915
 9742     444   446   445  2987
 9743    2395  2482  2677  2723
 9744    1407  1074  2969  3043
 9745     496   497  2564  3205
 9746     272  1179  1183  2714
 9747     150  2899  3189  2583
 9748    1097  1055  1800  2613
 9749    1863  1145  2580  2737
 9750     382  1924   383  2571
 9751    1005  2270  2805  2968
 9752    2905   190  3060  3064
 9753    1730  1535  1232  2719
 9754      99   842  2394  2666
 9755    1574  2133  1557  2825
 9756    2555  2468   307  2401
 9757    2765  2918  2800  2769
 9758    3207  2453  2338  2996
 9759     381  2424   380   376
 9760    3026  2409  3127  3203
 9761    1014  1013  1015  2719
 9762    3161  2864  2783  2950
 9763    2160  3184  3175  2592
 9764    2880  2523  3207  2403
 9765     967   965  2671  2707
 9766    2370  2474  2366  2340
 9767     258  1480  1479  2556
 9768    2062  1377  2572  2054
 9769     419  3010  2357   418
 9770    2710  2352  2755  2918
 9771    1938  2560  1914  2636
 9772     721   723  3023  3201
 9773     601  2893  2933  3179
 9774    1021  1071  3030  1072
 9775    2225  1104  2499  3217
 9776    2499  2831  2863  3022
 9777     879   877  2428  2623
 9778    1383  2606  2736  2935
 9779    1026  1024  2745  1789
 9780     760  1770  1609  2800
 9781     268   393   394  3119
 9782     734   733   732  2595
 9783    1357  2860  2808  1643
 9784    2537  2550  2668  2878
 9785    2077   575  2069  2665
 9786    2340  2351  2429  2880
 9787    2551  2634  2658  2858
 9788      67    66  2510  2775
 9789    2535    97  2770  2936
 9790     547  2620   546  2055
 9791    1275  1281  2664  2975
 9792    3147   322  3149  3178
 9793    2723   440   438   441
 9794    1447  1834  1446  2815
 9795    1015  2300  1233  3018
 9796    2688  2524  2712  3036
 9797    1262   505   516  2557
 9798    1536  1535  2007  2766
 9799    2859  1121  3097  1855
 9800     737  2516  2910  3001
 9801     222  1166   223  2937
 9802     827  1338   825  2608
 9803    1384  2067  2061  2465
 9804     461   462   463  3160
 9805    1025  1026  2274  3176
 9806    3066  2510  3065  2452
 9807     504  2688   493   506
 9808    1997  2390  2979  3142
 9809    1844  1862  2701  2708
 9810     266  1312   620  2763
 9811    2455  2515  2621  3055
 9812     692  2391  2862  2870
 9813    1593  2180   812  2732
 9814    1262  1257   505  2557
 9815     109  1445  1444  2576
 9816    2064  2842  2733  1282
 9817     845   799   798  2645
 9818    3012  2632  2799  2797
 9819     652  2113  2915  2993
 9820    1044  2542  2287  2833
 9821    1275  2830  2975  2664
 9822     152  1141  2646  3189
 9823    1239  2857  1238  2888
 9824    1149  1868   165  2747
 9825    1151  1152   177  2597
 9826     821  3013  1628  2974
 9827    1645  2043  2214  2722
 9828    1526  2424  1964   380
 9829    1751  1894  2308  2406
 9830    1619   674  1618  2855
 9831    1530  2421   199  1876
 9832     321   323  2322  3178
 9833    2783  1449  2950  2784
 9834     793  2699  2656   775
 9835    2461  2478  2905  3174
 9836     763  2781  2823  3056
 9837    2959  2356  3138  3219
 9838     678   676  2759  2885
 9839     354  2412  3135  1515
 9840    2632  3012  2597  2797
 9841    1015  1016  1014  2719
 9842     686   684  2622  2746
 9843     267  1181  1180  2522
 9844     731  2428  3076   848
 9845    2469  2452  2505  3065
 9846     219   217  2702  2792
 9847    1343  2639  3173   102
 9848    1296  2997  2631  3143
 9849    2205  2204  2488  2814
 9850    1899   272  1752  2399
 9851    1351  2383  2575  2013
 9852    3029  1741  2386  2840
 9853    2468   307   306   305
 9854     800   802   801  2879
 9855    1171   211   244  2749
 9856     541   542   543  2867
 9857    2104   617  2757  2876
 9858    1814  1426  2798  2922
 9859     309  2919   302  2519
 9860     889   891  2394  2955
 9861    2988  2639  3003  3173
 9862    2506  2337  2960  3096
 9863     263  2627  2714  3113
 9864     862   861   863  2866
 9865     584  2083   597  2668
 9866     166    44  2605  1808
 9867     379  2424  1960  1961
 9868    2427  3199  3202  3220
 9869    1618  2176  1619  2855
 9870    1237  1242  2752  3114
 9871    2869  2398  2886  3009
 9872    2078  2663  1291  1297
 9873    1539  2203  1635  2559
 9874    1937  1915  1934  1935
 9875    1324   853  2608  3104
 9876    2422  3210  2940   925
 9877    2213  2214   880  3078
 9878    1783  2139  2836  3005
 9879     378  2424   377   376
 9880     802   803   801  2879
 9881    2369  2500  2709  2864
 9882     101  2650  2479   100
 9883     765   947  1674  3126
 9884    2495   180  2799  3024
 9885     381  2424   377   380
 9886     378  2424  1960   377
 9887    2682  2547  2748  2830
 9888    2512  1745  2453  2651
 9889    2541  2481  2557  2628
 9890    1271  2375  2433  2051
 9891    1492   309  1496  2519
 9892    1356  1640   873  2952
 9893    1916  2086  2560  3165
 9894     467   477  1237  3114
 9895    3165  2515  2790  2455
 9896    1502  1503  1929  2468
 9897    1544  2821  2852  2957
 9898     674  1619   800  2855
 9899    1456  1838  2369  2709
 9900    1514  1946  2387  3152
 9901    1205  1206  1412  2812
 9902    2387  2350  3144  3152
 9903    2114   653  2866  2993
 9904    1957   357  3144  3152
 9905    1926  1187  1525  2519
 9906     132   131  2486   133
 9907     611   610  1306  2661
 9908    2863  1807  2513  2831
 9909    1237  1242  2014  2752
 9910    1629  2608  2186   825
 9911    2572  2465  2679  3121
 9912    2455  2820  2948  3174
 9913      83  1139  2657  2778
 9914    2654  1665  2942  3090
 9915    1496  1189  1491  2519
 9916     881  2215  2216  2645
 9917     311  1189  1496  2519
 9918    2418  2434  2462  2945
 9919    1852  1851  2777  2859
 9920    2516  2361  2584  3102
 9921    2612  2963  3129  3190
 9922    2227  2420  2938   909
 9923    1385  2067  1384  2465
 9924    2561  1429   137  1818
 9925    2484   514  3063  3100
 9926    1016  2336  3018  3096
 9927    1290  1291  2431  2663
 9928    1012  3043  1011  1407
 9929    2215   881   882  2645
 9930    1029  2566  2924  1059
 9931    1292  1286  2704  2781
 9932    1400  1715  1047  2586
 9933    1427  1144    63  2693
 9934    1476  2399  2760  3009
 9935     754  2344  2527  3005
 9936    2301  1850  1853  3051
 9937     477  2676  3031  3114
 9938    2127  1546   684  2622
 9939     718   716  2222  2836
 9940    3055  2956  3174  3216
 9941     397  1214   403   396
 9942    2377   710  2595  2887
 9943     636   622  2518  3116
 9944    2033   507  2526  3115
 9945    2378  2461  2478  2597
 9946    2417  1686  2492  2935
 9947    1990  3128  3148  1223
 9948    2144  2153  1594  3209
 9949    1898  2406  1165  1170
 9950    1727  1386  1064  2586
 9951    1126   109  1125  2576
 9952    2499  2822  3015  3022
 9953    2488  2204  3023  3201
 9954     597  2082   596  2554
 9955    2392  2533  2649  2680
 9956    1298  1679   955  2616
 9957    2024   491  2018  2883
 9958    2322   323  1922  3178
 9959    2973   514  2954   512
 9960    2192   819   838  3029
 9961    2533  2572  2620  3015
 9962    1592  1559   744  2491
 9963     745  1592   744  2491
 9964     697   698   699  2635
 9965    2483    92  2897  3155
 9966    2305  1125  1834  2576
 9967     272   273  2714  3069
 9968     605  1918  2636  3165
 9969    1559  1592  2152  2491
 9970    1272  2569  2801  2995
 9971    2152  2151  1559  2491
 9972    1366  2505  2514  2629
 9973    1324   853  2186  2608
 9974    2378  2747  3123  2930
 9975    2956  2485  3055  3174
 9976    2436  1284  2408  2740
 9977    1292  2696  1293  2781
 9978      42    43  1846  3038
 9979    2195   799   845  2645
 9980    1569   695  1322  2727
 9981    2328  2505  2234  2565
 9982    1864  1151  2797  3037
 9983    1845  1739  2708  1844
 9984    3039  2387  3144  3152
 9985    1007  2719  1008  2805
 9986      42  2605  2863  3038
 9987    1116  1858  3051  1854
 9988     722   720  2866  3053
 9989     150  2753   151  2583
 9990    1915   329  1504  1936
 9991    2292  1534  1086  2970
 9992    1984  1987  1883  2726
 9993    2381  2708  2777  2922
 9994    2275  1402  2294  2506
 9995    2234  1658  2514  2328
 9996    2811    49  2951  2961
 9997    1223  1226  3128  3148
 9998    1226  1992  3128  3148
 9999    2442  2588  2197  2198
10000    1126  1445   109  2576
10001    2706  2456  1974   398
10002    1460  1440  1122  3097
10003      33   442  2482  3167
10004    2469  2379  2616  2511
10005      65  3066  2914    64
10006    1385  2068  2465  2846
10007     226   225   224  3153
10008     399  2706   398  3021
10009    2840  2857  3033  3084
10010     894  1647  3033  3084
10011      93  1436  1741  2483
10012     753   752  2344  2607
10013    2340  2737  2864  2931
10014    1417  1733  3089  3148
10015    1549  2142   720  3053
10016    1601  2111   648  2648
10017    2670  2925  2948  3166
10018    2585  2573  3003  3131
10019    2973   514   512  3063
10020     526   527  2954  3131
10021    3046  2689  2771  3025
10022    2688  2026  2813  2847
10023    2339  2459  2460  2497
10024    1915   284  1933  1912
10025    1138   133  2376  2913
10026    1037  1068  1723  2725
10027     188  3060  3064  3101
10028    2755  2765  2352  2587
10029    2196   847  2651  3078
10030    1664  1369  2771  3048
10031     422   207   196  3080
10032    2054   547  2055  2572
10033    1209  2439  1210  1524
10034     986   724   725  2981
10035     249  2398  2869  3009
10036    1843   128  2413  2911
10037    2255  2546  2707  2417
10038    1257   505  2557  2628
10039    1892  1473  1172  2503
10040    1542  2795  2867  2748
10041    2480   570   568   569
10042    2237    76  2473  1112
10043    1651  2434  2686  3182
10044     301   302  3149   300
10045    1916   605  3027  3165
10046    2775  2580  2816  2864
10047    1182  1088  2409  2896
10048    2239  2558  2771  3146
10049    2089  1215  2949     3
10050    3049  2511   589  2933
10051      41  1420    39  2577
10052     922   923  2469   921
10053    2866  2440  2814  2562
10054    2428   878  2996  3198
10055    1634   861  2559  2562
10056    1299  1679  1298  2616
10057    1689  1688  1384  2649
10058    1660  2953  2787  2137
10059     484   485  2023  2943
10060    2492  2023  2715  2928
10061    2790  2086  3027  3165
10062    2042  2212  2720  2773
10063    1230    34  2907  3185
10064    3103  2517  3177  3202
10065    1821  1433  2458  2778
10066    1473  1892  1890  2503
10067    2286  2543  2284    26
10068    1478  2522  2667   265
10069    2239  2458  1821  1433
10070    2821  1088  2445  2896
10071    1213  1214   397  1307
10072    2633  1672  2686  2945
10073    2337  1027  2297  2506
10074    2673   697   698   696
10075    2178  2334  2607  3070
10076    1186   284   330  1933
10077    1186   329   330   284
10078    1315   638   636  2518
10079    1366  1109  2505  2629
10080    3117  3196  2597  3037
10081    1020  1019  1032  2991
10082    1215  1214  2457  2962
10083    2526   505  2541  2557
10084    2896  2716     2  2949
10085     441   439   438  2723
10086     706  1347   707  2854
10087    2877  2818  1354  2008
10088    1394  1027  2337  2506
10089    1261  1255  2884  3115
10090    2683  2941   808   682
10091    1314  2518  1315   636
10092    2982  2363  2575  2934
10093     795   794  2434  2681
10094     872  2498  2977   874
10095    2446  2621  2901  2820
10096    2479  2368  2650  3110
10097     169  2609  1460   168
10098    1149  1869  1868  2819
10099    1384  1688   983  2649
10100      93  1118  2509  2897
10101    1969  1966  1970  3105
10102     758  2651   847  3078
10103    2393  2830  2547  2682
10104     460   461  2788  3160
10105    2838  1662  3209  3213
10106     980   926  1334  3210
10107    1502  1928  2401  2468
10108    2673  1767  1571   696
10109     381  2424   376   377
10110    1238   894  2857  3084
10111    3093  2650  2684  1830
10112    2634   501  2884  3063
10113     551   549  2569  3156
10114    1438  2770  3155  3223
10115     819  2470   654  2915
10116    1119  2743  2770  2936
10117     262   260  3052  3113
10118     937   938  2529  3025
10119    1771  2562   861  1634
10120    2241  2689  2748  3090
10121    2538  2397  2580  2931
10122    1028  1394  1708  2506
10123     666   667   665  2596
10124    1440  1147  2923  3067
10125    2138  1547  1578  2953
10126    1097  1416    25  3089
10127     474   463  2009  2856
10128    1380   948  2756  2971
10129     290  2865  2780  3111
10130    1977   404   405  3017
10131    1292  2704  2696  2781
10132    2883  2025  1247  2024
10133      71  2397  2538  3077
10134    2900   613  2092  1211
10135     216   218   217  2702
10136     162  1138  2594   163
10137    3055  2758  1907  2901
10138     836   837  2440  2814
10139    2518  2399  1316   641
10140    2985  2620  1673  2048
10141    2596  1554  1556   664
10142    1158  1864  2797  1871
10143    2009  2818  3057  3160
10144    2478  2597  2905  3064
10145      28  2543    27    26
10146    1776  1647  2501  3084
10147    1934  2636  1938  1918
10148    2429  2931  2618  2340
10149    2497  2459  2989  3100
10150    3021   610   611  2706
10151    2227  1363  2938  2228
10152     164    47  2961  3091
10153    2821  2621  2852  2957
10154    1866  1148  1867  2930
10155    1407  1011  3042  3043
10156     342  1945   343  2868
10157    2152  1657  2151  2491
10158    1084  2744  2762  3073
10159     689   690  2843   688
10160    2158  1600  2111  2823
10161     715  2772  2807  2953
10162     830   828  2903  3159
10163    1521  1207  1522  2350
10164    3147  1923  3188  2571
10165    1374  1540  1270  2432
10166    2466  2343  2492  2564
10167     947  3011  3102  3126
10168     762  2769  2800  1690
10169    2542    37  2289  1720
10170    2054  2533  2572  2620
10171    2627   263   262  3113
10172      91    93  1741  2483
10173    1684  1452  1839  2476
10174    1157  1158  2905  3012
10175     791  2840   839  2652
10176    1460  1856  3088  3097
10177    2040   518  2989   519
10178    2453  2523  2779  2815
10179    1745   113  1446  2453
10180    2106  2108     0  2604
10181    2485  2532  2900  2901
10182    2472  2560  2630  2661
10183    2461  2378  2478  3166
10184    1424  1809  1737  2426
10185    1498  1930  1499  2826
10186    2349  2381  2420  2578
10187    2131  2197  2635  2889
10188    1675  2073  2464  2570
10189    1274   958  3192   957
10190    2300  1015  2719  3018
10191     675  2644  3032  2855
10192    1873  1867  1154  2930
10193    3150   204  1467  2978
10194     370  1207  1521  2350
10195    1604   769   788  2695
10196    2335  2180  2732  1779
10197    1857  1823  2355  2376
10198    2510  2467  3066  2914
10199    2417   967  2671  2707
10200    2258  2324  2596  2920
10201    2351  2340  2551  2880
10202    1060  2542  2600  2906
10203    2506  2960  3018  3096
10204    1651  2912   904  3206
10205     910  2227  2361  2228
10206     497  1246   486  2619
10207     180  3024  1973   182
10208     640   641  2399  2544
10209    1858  1859  1857  2810
10210     529  1269  2687  3002
10211    2717   908  2910  2803
10212     745   746   747  2491
10213    2669  1213  1307  2472
10214     695  2802  2727  2862
10215    2350  1946  2387  1759
10216     159   158  2496  2737
10217     583  2464  2570  2578
10218    1755  1495  1925  2555
10219    2011   466   464  2872
10220    2414  2513  2577  2767
10221    2054  2533  1378  1377
10222    2484  2459  2884  3226
10223     590   591  2511  2662
10224    2588  2338  2675  2808
10225    1133  2370  2583  2753
10226    3076  2442  2428  2673
10227    1401  1395  2283  2960
10228     820  2185  2671  2974
10229    2381  2384  2520  2578
10230     396  1973  1974  2495
10231    1982   415  2601  2900
10232    2275  1028  1708  2506
10233    2414  2458  2577  2778
10234    1860  1815  2701  2761
10235    3175  3011  3184  2971
10236     990  1043   992  2833
10237    1326  1359   889  2955
10238    2707  2671   820  2185
10239     950  2082  1300  2554
10240     965   966  2671  2707
10241    1421   901  2831  2912
10242    1307  1487  2457  2472
10243     420  1219  1222  2357
10244     570  2480   568  2647
10245    2203  1634  2559  2915
10246    1927   383  1924  2919
10247     918   917  2692  2871
10248    2900   413  2601  2901
10249    1804    84    82  2577
10250    2457  2716  2839  2948
10251      23  2345  2614  3089
10252    2227  2420  2361  2938
10253    1363  2938  2803  1106
10254     925  2494  1431  2422
10255    1037  1038  2969  3043
10256     952  2644   951   598
10257    2534  2044  2612  2973
10258    2471  2579  2877  3172
10259     329  1936   330  3164
10260     830   831   829  2686
10261     574   561  2372  2786
10262    1856  2603  3088  3097
10263     855  3225   123  2582
10264    1278  2059  3035  3156
10265    2493  3022  2429  2822
10266     831  2245  2434  2686
10267      63    64  2914    62
10268      92    93  2483  2897
10269    1362   904  2912  3206
10270     888  2698  2853  3002
10271    2429  2340  2816  2931
10272    2606  2343  2709  2736
10273    2550  2537  2631  3143
10274    2359  2788  2856  3172
10275    1734  1996  1995  2390
10276    2473  2496  2646  2931
10277    2951  2822  2811  2961
10278     129  1748  2785  1454
10279    2229   913   914  3040
10280    1177  1178   256  2556
10281     258  1178  1480  2556
10282    2142  2204   864  3053
10283    1377   945   946  2533
10284    1783  2242  3005  3058
10285     531  2655  2988  3002
10286    1570  2910  1589  1332
10287    1894   216  2308  2406
10288    3090  2967   778  3046
10289    1574  2133   701  2955
10290     275  3069   273   274
10291    1638  1537  2207  2728
10292     571   582   580  2647
10293     908  2717  2910   906
10294     251   220  2398  2937
10295     644   809   646  2874
10296    3179  3194  2832  2514
10297    1856  2603    51  3088
10298     228  1169  2404  3069
10299     721  1563  1582  3023
10300    2723  2987  3167  3180
10301    1805    84  1804  2577
10302    3034   207   205  3080
10303     320   321  3164  3178
10304    1447  2305  2815  2849
10305     165   167  1459  3044
10306    1146  3038  3044   167
10307    3161  2864  2950  2709
10308     147  1457   146  2784
10309    1273  1272  2569  2801
10310    2791  2517  3139  3162
10311    2747  2378  2791  2819
10312    2946  2714  3113   261
10313     743   741  2565  3179
10314     333  3219  3075   349
10315    2594  2376  2810  2990
10316     751   958   957  3192
10317    2027  2688  2026   495
10318    2394   889   890   891
10319    1071  1725    22  2400
10320    2519  1922  2881  3178
10321     229  3069  2404  3170
10322    1311  2876  2917  2957
10323     502   503   501  2634
10324    2258  1105  2920  1423
10325    2217  2817  2853  3000
10326     639   638   641  3116
10327    2515  1790  2844  3027
10328    2253  2252   735  2894
10329    2339  2368  2459  3110
10330     919   917  1427  2693
10331     569   558  2679  2842
10332    1900  3069   275   274
10333    2055  1378  2054  2620
10334     712  1547  2137  2953
10335    2448  2704  2755  2918
10336     460  1234  2471  2788
10337     623   622   636  3116
10338    1270  1374  2432  2626
10339    2418  2912  3015  3022
10340    3192  3122  3187   749
10341    1755   305  1495  2468
10342     958   751  2947  3192
10343    2805  2766  2861  2968
10344    1707  1023  1393  3030
10345    1235  2017  2012  3094
10346      68    67  2510    69
10347     105  2684  1123  1124
10348    1956  2812  3134  2313
10349      51  2603  2426  3088
10350    2261   780  2331  2769
10351     739   737   738  3001
10352     476   466  2012  3094
10353     160   157    75  2496
10354    2364  2702  1888  2792
10355     548   538  2051  2375
10356      89  2355  2440  2441
10357    2857   894  3033  3084
10358     755  2155  1597  2344
10359    3133  2752  2365  2847
10360    2498  2977   873  2854
10361     707   853   705  3104
10362     659   699  2773  2889
10363    2346  2376  2594  2990
10364    1111  2260  2487  2261
10365     891  2396   892  2394
10366    2118  2324  2325  2944
10367    2444  2475  2491  2685
10368    2822  2493  2863  2605
10369     243  2694  2749   214
10370    2978  1159   235  3086
10371      88  1115  2355  2430
10372    2640  2995  2569  2463
10373     975   906  2717   905
10374     196  3034  3080   207
10375    2425  2480  2647  3121
10376    2222   716  1370  2836
10377     639  2106  2617  2824
10378    1261  2039  1255  3115
10379    2353  2348  2363  3140
10380    2030  2502  2658  2858
10381    2282  2283  2337  3096
10382    1283  1282  2733  2842
10383    1431    77  2422  2494
10384    1463  1464  3034  3150
10385    2486   860  1349  2521
10386    2457  1307  2669  2962
10387     533   546   544  2536
10388    1861  2305  2849  1125
10389    2383  2348  2441  2575
10390    1151  1152  2597  3037
10391    2676  2411  2872  3094
10392    1182  2409  2427  2896
10393    2370  1134  2382  2804
10394    2283  1052  2960  3096
10395     863  1771  2562   861
10396    1248  1243  2834  3120
10397    1316  2518  1315  2760
10398    2386  3029  2559  2470
10399     948   767  2971  3011
10400    1451  1456  2369  2500
10401    2676  2540  2411  3094
10402      72  1111  2999   977
10403     948  3175  2756  2971
10404    2506   459  1402  2294
10405    1058  3212  2566  1059
10406    2835   552   567   553
10407     697  2673  1571   696
10408    2502  2466  2545  2619
10409     821   822   823  2974
10410    2463  2569  2640  2678
10411      64    63  2914    65
10412    1483  1752  2399  2760
10413    1343   799  3173   834
10414    1069  1724  1723  2725
10415    2067   568  2465  2647
10416     568   556  2067  2465
10417    2995  1669  2463  1541
10418    2150  1781  1661  2807
10419    1144   155  2761  1143
10420    1359   891  2394  2628
10421    2459  2339  2484  2497
10422      45  1421  2499  2912
10423    1215     2  2716  2949
10424    2593  2371  2873  2880
10425    1486  2088  2089  2949
10426    2350  2439  2959  3144
10427    2433  2057  2436  2733
10428    2429  2351  2873  2880
10429    2469  2511  2616  2892
10430     764  3011  2592   765
10431    2471  2413  2966  3172
10432     440    31  2482  2677
10433    1137  1138  2376  2594
10434    2744  2299  1231  2762
10435    2385  2362  2429  2678
10436     918  2231  2871  2232
10437    1188   296   297  2881
10438    1536  1232  1535  2719
10439    1556  2187  2119  2903
10440     938   937  2607  3025
10441    1680  1275  2664  2972
10442    2305  1834  1447  2815
10443    2494  2422  2587  2755
10444     293   294   295  2438
10445    2358  2359  2466  2564
10446    2521   681  1636   866
10447    2967  3090   778   779
10448    2633  2533  3015  3217
10449    3118  2482  2976  2395
10450    1018  1036  2273  2991
10451     801   803  2841  2879
10452     155    63  2761  2914
10453    2061  2062  2060  2649
10454    2549  2449  2785  3172
10455    2729  2840  3033  3084
10456    2154  1782  1665  2942
10457    1493  1924  1500  2919
10458    1476  1904  2539  3113
10459    1939   300  1933  3164
10460    2652  2729  2840  3033
10461    2348  2353  2430  3140
10462     204  2421  3034  3080
10463     761   763   648  2823
10464    2456  3174  2495  3068
10465    2283  1703  1050  3096
10466    2864  2523  2950  3208
10467     848   847  2623  2651
10468    2215  2794  2983  3173
10469    2563  1736  2863  3038
10470    1667  1666  1372  3025
10471    2705  2412  2754  2939
10472    3098   520   521   522
10473     566  2835   552   567
10474    3093  2639  2642   103
10475     383  1525  2447  3193
10476     105  3093   103  2639
10477     578  3168   565  2643
10478    2075  2464  2846  3102
10479    2510    69  2469  2589
10480    2517  2796  3177  3202
10481    1949  1948  1509  2742
10482    3124  2446  2917  2984
10483    2043  2214  2722  3198
10484    1811    52  2407  1812
10485      69  2510  2469  3065
10486    2235  1429  2589  1818
10487    2148  1653  3001  2147
10488    1993  1416  1994  2882
10489    2412  2742  2754  3135
10490    1136  2583  2549  2911
10491    2665   575  2786  2878
10492    1992  3089  3128  3148
10493    1020  1030  2851  2991
10494    2797  1871  2799  3012
10495     349  3219  3075   351
10496    2231  1427  2693  1816
10497    1478  2522   265   252
10498    1034  1018  2286  2991
10499    2286  1018  1020  2991
10500     566   565   564  3168
10501     919    64  3066    65
10502    2282  2337  2336  3096
10503    2595   733  2894   735
10504     771  2454  2193  2711
10505    2100  2099  2098  3095
10506    2650  3093  2368  2479
10507    1428   923  3065    69
10508    2732  2230  2660  2335
10509      64  2233  3066  1817
10510    1163  1162  2694  2902
10511     829  1631  1630  3182
10512    2242  2344  3005  3058
10513    1397  1699  1391  2968
10514    2147  2148  1589  3001
10515    2611  2654  2942  3136
10516    1720  3092   993   994
10517    2794  1617  1616  2174
10518    2512  2534  2722  3198
10519     137  2561    68    66
10520    1582  3053  3201  2141
10521    1885   236  2902  3010
10522    2426  2493  2609  3088
10523     647   857  2622  2724
10524    2111   648  2648  2823
10525     883   526  2722  3131
10526     275  3069  3170   273
10527    2577  1804  2730  2828
10528    2392  2533  2572  2649
10529    2384  2435  2554  2668
10530    2137  2738  2323  2112
10531     161   159  2496  2737
10532    2199  2546  2671  2254
10533    2568  2415  2657  2778
10534    1367  2235  2589  1110
10535    1472  1480   227  3153
10536    1971  1977   405  2796
10537    2573  2339  2768  3003
10538    2548  1148   183   171
10539    3026  2409  3119  3127
10540    2480  2372  2665  2842
10541    2338   110  2453  2779
10542      89  1435  1434  2355
10543    2206  2874  2528  2941
10544    2574  2788  2624   472
10545     630  2098   631  2617
10546    2021  2022  2023  2492
10547    2242  2243  2344  3058
10548    2372  2431  2740  2362
10549     753  2334  2607  2178
10550    2111  2323  2648  2112
10551    1815    60    58  2615
10552    1345   110  2428  2442
10553     846  2585  2843  2916
10554    1433    85  2458  2778
10555    1589  1602   736  3001
10556    2498  2449  2952  3057
10557    2716  1215  2962  3072
10558    2282  1050  1703  3096
10559      90  1341  2193  2501
10560    2805  2968  1006  1005
10561    2060  2262  2649  2680
10562    2835   567  2408   553
10563    1841  1133  2449   151
10564    2617  2604  2637  2824
10565     950  2248  2685  2992
10566    2534  2405  2954  3061
10567    2593  2523  2880  3004
10568    2646  1141  3099  3158
10569    3223  2253  2454    95
10570    2733  1277  2433  2057
10571    1057  1070  2566  3030
10572     816  1627  1613  2809
10573     344  1962  1964  2424
10574    1468  1162  1469  2902
10575    1300  2082  2083  2554
10576    2444  2467  2615  2693
10577    2061  1689  2465  2649
10578    2509  1437  2625  2898
10579     834  1343  2983  3173
10580    2720  2996   877   520
10581     781  2331  3056  2158
10582    1452  2382  2476  3225
10583    1118  1846  1849  2898
10584    2480  1288   569  2842
10585    2544  2617  2637  2824
10586    2870  2649  1688  2262
10587    2173   794  1631  2681
10588    2062  2061  2572  2649
10589     642   643  2544  2824
10590     627   642  2544  2824
10591     390   313   315  3105
10592    2588  2525  1746  2338
10593    2947  1381  3192  2748
10594     545   547  2508  2536
10595     738   737   736  3001
10596    1140  1821  2568  2778
10597     862   864  2814  2866
10598    2380  2391  2392  2649
10599    1264  1265  2996  3198
10600    1464  1877   194  2718
10601    2358  2366  2382  2476
10602      84    82  2577  2778
10603    2335  1654  2660  2721
10604     751   750  2942  3122
10605    2462  2450  2656  2681
10606    2769  2487  2781  2823
10607    1122  2347  2479  2650
10608     464  1637  1352  2672
10609    2963  3098  3190  3207
10610    2718  1876   199  2421
10611    2209  2498  2746  3157
10612     725  2972   727  2251
10613    2339  2368  2684  2768
10614    2540  2359  2618  3172
10615    1412  2312  1520  2812
10616     460  1639   462  2877
10617    1645  2843  2916  1774
10618    1171  2850  1168   238
10619    1308   291  2780  3085
10620    1129   117   116  3161
10621    1625  1624  2168  3071
10622    2461  2378  2670  2925
10623     526   525   524  2954
10624    3034   196   197   198
10625     944   795  2434  2681
10626    2163  2789  2591  1649
10627    1384   983  2465  2649
10628    2933   589   600   591
10629    2612  2403  2996  3198
10630    2133  1325  1326  2955
10631    3068  3055  3174  3216
10632    1968  1965  2438  3105
10633    2405  2484  2497  2954
10634    2349  2381  2407  2420
10635    2505  2233  3065  3066
10636     806  2529  2607  2344
10637     283  1310  2865  3111
10638    1468  1469  2749  2902
10639    1218   412  2601  2758
10640     573  2663  2786  2878
10641    2403  2534  2612  3061
10642    2173  2188  1630  3182
10643    1191  1192  1967  2826
10644    2077  2665  2668  2878
10645    1358  2042  2675  2773
10646    2137  1661  2953  2138
10647    2107  2096  1482  2852
10648     478   479   477  3031
10649    2967  1620  2166  1607
10650    1457  1127  2779  2784
10651    1367   923  2469   924
10652    2588  2675  2773  2808
10653    2350  1957  2439  3144
10654    2410  2443  2590  2836
10655    2420  2381  2520  2578
10656    2688   504   492  2541
10657    1708  1394  2275  2506
10658     362   346   363  3171
10659    2680   666  2596   946
10660      85    84  2458  2778
10661    1052  1051  2960  3096
10662     618  2757  2876  2957
10663    1991  1417  1992  3148
10664     192  1461  1750  2718
10665    2596  2258  2920  3217
10666    2328  2505  2565  2514
10667    2551  2690  2700  2837
10668    1967  1968  2438  3105
10669    2642   835   843   844
10670    1488  2438  2734  2468
10671    2192    86  1340  2470
10672    2480  1288  2665  1289
10673     670   833  2698   668
10674     821  1337  3013   823
10675    2415  2547  2640  3146
10676     923   922  2469   924
10677    2073   583  2464  2570
10678    1363   907  2803   908
10679    2960  3096  2290   457
10680    2215  2645  3173  2216
10681     521  2996  2720   520
10682    1763   607  2100  3027
10683    2582   873  2854  2952
10684    3226  2634  2690  2813
10685     607  2086   605  3027
10686    2405  2512  2534  2722
10687    2568    81  3099  3146
10688    2517  2791  2921  3162
10689    2249  2084  2644  2832
10690    2312  1412  2313  3134
10691     135   137    66  2775
10692    1487  1214  1307  2457
10693    2763  2617   623   621
10694    2482    31  2600  2677
10695    1658  2234  2514  1366
10696     135   134   136  2775
10697    1294  1289   580  2908
10698    1366   919  2629   920
10699    2765  2448  2769  2999
10700     579  2071  2072  2662
10701    1216  2456   408  2958
10702     188  1982  3060  3101
10703     880  2651   878  2623
10704     550   551   549  2436
10705    2645  2988  3003  3173
10706    3150  2421   204  2978
10707    1075  1057  1076  3030
10708    3174  2905  3216  2956
10709    2475  2248  2491  2685
10710    2001  3180  1762  1531
10711    2781  2263   650   956
10712    1885  1883  2306  2902
10713     110  2338  2428  2442
10714    2594  2346  2913  2376
10715     322   323   321  3178
10716     426   425   424  3080
10717    1982  1972   393  3169
10718     677   679  2707  2885
10719    3025  3090   778  3046
10720    1939  1933  1936  3164
10721    2358  2343  2466  2366
10722     567  2835  3109  3168
10723    2788  2574  2856   472
10724    2079  2662   590  2078
10725    2254  2546  2671  2707
10726    1620  2967  3046   776
10727     581  2578  3222  2908
10728    2464  2068  2846  2647
10729    2354  2909  3015  3022
10730     813   815   784  3071
10731    1665  2166  2967  3046
10732    2963  2466  3204  3208
10733     482  1245  2888  3059
10734    1246  2883  2025  1247
10735    2757  2621  2876  2957
10736    2354  2429  3022  2822
10737     856   857  2579  2622
10738     474  2016  2477  2856
10739    2349  2578  2480  2384
10740    1937  1939  1936  3164
10741      62   154   147  2598
10742     862   863   864  2866
10743    2348  2411  2934  3181
10744    3162  1155  3177  2796
10745    2452  2467  2510  2776
10746    2767  3191  2341  2360
10747     127   129  2549  2966
10748    2245  2434  2686  2945
10749     746   672   673  2994
10750    2783  1129  2709  3161
10751    2590  1668  2836  3058
10752    1640  1356  2715  2952
10753     918   920  1780  2855
10754     811   646   809  2874
10755    1525  2519  2571  2919
10756     536  2375   538  2995
10757    1435  3051  1116  1858
10758    1202   361   380  2424
10759     106  2512  2573  2916
10760    2358  2366  2476  2492
10761    3177  3215  3103  3202
10762     563  2733  2057  2063
10763    1719  1034  1035  2991
10764    2675  1358  2773  2808
10765    2984   276  3047  3085
10766     884  2129  2806  2843
10767     773   775  2244  2638
10768    2544  2518  2763  3116
10769     135   136   137  2775
10770    2071   578  2643  2662
10771     707   854  2582   855
10772    1054  2766  1082  2968
10773    1561  2124   677  2707
10774     345  1944  2424  3200
10775    1127  1128  2523  2890
10776     427   422   425  3080
10777     276  2780   277   291
10778    2417  1685  2476  2492
10779    2593  2599  2849  3004
10780    3087  3002  2741  2988
10781    1176  2364  2667  2792
10782    2513    38  2563  2730
10783    2569   538  2375  2995
10784     398  1213   399   397
10785    2547  2415  3099  3146
10786    2743  1120  2923  2936
10787    2525  3016   852  1346
10788    2583  2413  2618  3172
10789    2547  2393  2640  2795
10790    2478  2504  2597  3064
10791    2454   970  2711  2894
10792      84  2443  2458  2577
10793    1369  2239  2771  1113
10794    1823  2355  2376  3132
10795     903  1421  2912   901
10796    2858  2619  1252  2502
10797    1825  2301  2430  2509
10798    2196  2389  2651  2916
10799    2787  2892  2616  1679
10800    2274  1023  2567  3176
10801    2795   541  2975  3035
10802    2893  2565   743  2807
10803    1284  2408  2740  3109
10804     766   767  2592  3175
10805    2455  2456  2844  3055
10806     931  1113  1369  3048
10807     144   141  2899  3079
10808     703   840   701  2955
10809     656  2115  2927  3016
10810     858  2416  1749  2528
10811      60  1108   915  2444
10812    1114   935    84  2443
10813    2221    84  1805  2443
10814     645   686  2622   647
10815    1740    87    89  2440
10816     804   753  2344  2607
10817    2259  1105  2391  2920
10818     595   583  2570  2578
10819    2161   769  2695  2711
10820     601   954  3179   953
10821    2343  2369  2417  2546
10822    2516  2584  3001  3126
10823    2470   654  2915  2993
10824    1239  2857  2888  3084
10825    2057   550  2433  2436
10826     722   653   655  2866
10827    2818  2449  3057  3172
10828    2863  2530  2563  3038
10829    2340  2466  2366  2358
10830    1839   118  2476   120
10831    1113  2239  2771  3146
10832     356  3152  3144   357
10833    2407  2349  2426  2603
10834    2319  1886  1888  2792
10835     991  2906  2316   989
10836    2457  2716  2896  2949
10837    1412  2312  2812  3134
10838    2045  2497  2046  1267
10839     606  1543  1216  1212
10840    2475   596  2554  2998
10841    1029  2566  1057  2924
10842    1058  3212  1392  2566
10843    2579  2785  2818  3172
10844    1933  1912  1914  1938
10845    2574  2545  2619  2883
10846    2352   985  2981  3028
10847     985  2352  2710  2918
10848       2  2088  2445  2949
10849    1482  1087  2108  2852
10850    2566  3030  2861  1058
10851    2872  2411  2934  3197
10852    1335  1334  2981  3028
10853    2444  2475  2871  2994
10854    2579  2549  2785  3172
10855    2785  2449  2818  3172
10856    2579  2728  2471  2877
10857    2788  2471  2877  3172
10858    1190  2519  1189   311
10859    2361  2425  2578  2464
10860    1686  1685  2417  2492
10861    2430  2353  2509  2625
10862    3181  2990  3140  2348
10863    2367  2347  2524  2535
10864     593   592  3218  3221
10865    2240  2239  2558  2771
10866    2838  2972  2981  3213
10867    2414  2657  2828  3006
10868    2197   730  2131  2673
10869    2365  2363  2383  2752
10870    1055  2614  1053  2613
10871    2610  2756  2361  3154
10872    2876  2621  2917  2957
10873    1132  2369  2500  1451
10874    1424    51    53  2426
10875    1476   249  2522  3009
10876    2049  1375  2985  2047
10877    2561   137    68  1818
10878    1515  2412   355   354
10879    3001  2803  1652  2516
10880    3010  1987  2306  1985
10881     645   684  1545  2622
10882    2109   645  1545  2622
10883    1976  2735  2848  3072
10884    2728  2579  2471  2691
10885    1427  1816  2615  2693
10886    2515  2455  2844  3055
10887    1880   234  1877  3151
10888     935   933  2458  2558
10889    1530  2421  3080   199
10890     963   854   964  2608
10891     687   685  2746  3157
10892    3209   726  1595  1594
10893    1470   219   218  2702
10894     445   451  2987  3185
10895     395  3047  1211  3169
10896    2483  2386  2840  3084
10897     824  1765  1561  2885
10898    2567  2719  2766  2805
10899     208  3010   209  2357
10900    2717  2727  2802  2910
10901    2224  2223  2450  2875
10902    2159  2584  2332  2592
10903     161  1431  2494   160
10904    2422  2755  2664  2352
10905      64  3065  3066  2914
10906     190  1157  2905  2956
10907    2990  2641  3140  2348
10908    1961  2742  2424  1944
10909     699  1644  2212  2635
10910    2487  2330  2261  2260
10911    1966  1965  1970  3105
10912    2772  2138  2953  1661
10913    1177   256  2503  2556
10914     640   627   642  2544
10915    3138   338  1507  3137
10916     925  2494  2422  2587
10917    2743  3067  1440  2923
10918    3006  2540  2837  2618
10919    2396  2368  3087  3093
10920     437  2005   450  3180
10921      47    46  2961  3091
10922    2100  2101  2099  3095
10923     104   105  2639  2768
10924     481   495  2712  2847
10925    2624  3031  3050  2883
10926    2367  2353  2897  3155
10927    2463  2443  2527  2590
10928     167   166    42  3038
10929     915   913  2798  3040
10930    2122  2151  2327  2994
10931      46    48    47  2961
10932    1379  1380  2570  2971
10933    2376  2355  2810  2990
10934    2454  1826  2501  3155
10935    2314  1990  3142  3148
10936     565  2643  3109   578
10937    1112  2473  2422    76
10938    1326   889  2133  2955
10939    2799  3186  2632  3024
10940    2467  2692  3066  2693
10941     388   390  1969  3105
10942    2932  2709  2606  1837
10943     816  1613  1612  2652
10944      51  1737  1424    53
10945     330  1933   300  3164
10946    1732  1083  1084  3073
10947     719   717   718  2836
10948    2532  2446  3047  3085
10949    1477   264  1478  2667
10950    2415  2414  2458  2678
10951    2818  3057  3160  3172
10952     495  2688  2712  2847
10953    1973  3024  2495  2845
10954    2452  2379  2511  2776
10955     790  1341   791  2729
10956    2472  2790  1185  1486
10957     782   781  2800   783
10958     753  1597  1769  2344
10959    1529  1983  1984  2726
10960    2529  3025  1372   937
10961    2487  2235  2589  2793
10962     962   963  2759   678
10963    1914  1912  2630  2636
10964     322   303  3147  3149
10965    2352  2800  2918  3028
10966     748  1608   750  3122
10967    2742  2412  2754  3125
10968    3193  1188  2881  2571
10969    1768  2595   732   733
10970    1597  2155  1769  2344
10971    3059  3084  2388  2501
10972    1174  1173   230  2404
10973    2600    32  2976  2980
10974    2530  2563  2625  2641
10975    1404  2713  2833  1722
10976    1435  1857  2355  2810
10977    2337  2283  2960  3096
10978    2410   942  2653  2836
10979     849   850  2588  2927
10980     616  2104  1907  2876
10981    2464  2068  2647  2074
10982     273  2714  3069  3170
10983    2484  2551  3226  2634
10984    2625  2430  2641  3051
10985     835   833  2983  3007
10986    1644   877   520  2720
10987    1071  2566  1070  2400
10988    2420  1812  1425  2407
10989     292   293  1527  3105
10990    2452  2469  2510  3065
10991     846   107  2585  2916
10992    3049  2511  2892   589
10993    1824    86  2192  2470
10994    2473  2415  2646  3099
10995    1122  1441   101  2347
10996    1426  1739  2798  2922
10997    2078  2663  2072  1291
10998    2381  2437  2777  2873
10999    2379  2397  2448  2755
11000    2672  2011  2872  3195
11001    2527  2590  2836  3058
11002    2201   126  1348  2691
11003    2742  1509  1510  1948
11004    1123  1832  2768   104
11005     153   152  1141  2646
11006    1344   846  2843  2916
11007    2458  2415  2568  2778
11008     460  2788  2877  3160
11009    1049  1051  1050  3096
11010    3057  2856  3160  3172
11011    1016  1015  1049  3096
11012    2632  2548  3186  3196
11013    2414  2443  2458  2463
11014    1288  1289  2070  2665
11015    2425  2407  2674  2938
11016     757  2156  1599  3078
11017     751  2241   958  2947
11018    2997  2550  2631  3143
11019    1049  2290  1051  3096
11020    2547  2654  2682  2748
11021     231  2404  2850  2946
11022      51    52  2407    50
11023    2834  1243  3114  3120
11024    3116  3141  2544  2617
11025    1909   259  1180  1475
11026    1255  2634  3224  1254
11027    1760   382  2447  3193
11028    2467  2371  2761  2914
11029    2386  2353  2483  2509
11030     676   824  1765  2751
11031    2358  2340  2359  2370
11032     892  2396  2817  2394
11033    1976  2848  2962  3072
11034    2449  2477  3057  3172
11035      61    59    60  2615
11036    2402  2385  2640  2678
11037    2839  2461  3024  2495
11038    1647  3033  3084  3163
11039    3101  1972  3169  3215
11040     855   123  1683  2582
11041    2256  1685  2476  2751
11042    2448  2397  2589  3077
11043    1976  1872  1153  2848
11044    1654  2602  2610  1364
11045    1252  1246   497  2619
11046     756   729   758  2623
11047    2397  2379  2816  2931
11048     225   227  2503  3153
11049     219  1886  2319  2792
11050    2659  2517  2796  3162
11051     244   242  1171  2749
11052     504  1256   492  2541
11053     135  1456  2500  2783
11054    2256  1356  2476  2715
11055    2330  2487  2823  2793
11056    2697  3029  2386  2840
11057    1424   907  2674    53
11058     782  1334  3028  3210
11059    1464   194  1750  2718
11060    1237  1236   467  2934
11061    1425  2227  2938   909
11062    1673  1378  2620  2633
11063    2944  2325  2391  2920
11064     563   561  2372  2733
11065    2349  2362  2384  2480
11066    2108  1087     0  2604
11067    2413   138  2594  2913
11068     554  2710  2835   552
11069    2420  2381  2531  2581
11070    2882  2345  2614  2613
11071    2712  3036  2847  2688
11072    1957  1413   371  2350
11073    1547   712  1578  2953
11074    2500  2775  2783  2864
11075    1701  1003  1001  2762
11076    2767  3191  2360  3022
11077    1284  2066  2408  3109
11078    1937  1939  1934  1915
11079    2454  2388   969  2750
11080    1097  2614    24  1056
11081    2495  2455  2839  3174
11082     763   650   648  2823
11083    2716  2839  2848  2962
11084    2675  2525  3208  2736
11085     444   445  1533  2987
11086    1522  1207  1208  2350
11087    2274  1023  1707  3030
11088     898   897   899  2374
11089    2616  2648  2781  2793
11090    2517  2659  3139  3162
11091     899   897  1420  2374
11092     593   595  2570  3218
11093    1653  2803  2516  2910
11094    1359   891   889  2955
11095    1886  1175   255  2792
11096     818   838   819  3029
11097     761   763  2823  3056
11098    2376  1137  2594  2810
11099     550  2733   563  2436
11100    2572  2380  2649  3121
11101     246  2937  2886   245
11102    1136   145  2899  3079
11103     199  1530   197  3080
11104    1310  2865  2917  2876
11105    1070  1023  1021  3030
11106    1273   539  2569  2995
11107    1610  2169  2423  3041
11108    2899  2413  2594  3006
11109     676   824  2759  2885
11110    2603  1856    51    50
11111     899   900   898  2374
11112    2492  2021  2256  2715
11113    1854  1735  2730    39
11114    1044  2542  2833  3082
11115    2741  2642   835  3007
11116    2370  2618  2646  2931
11117    1613  2170  1612  2652
11118    1868  1869  2504  2819
11119    1050  2282  1016  3096
11120    2288  2287  2542  2986
11121    2061  2062  2572  2679
11122     342  1512  1945  2868
11123    1674  1675  2075  3102
11124    2250   954  2807  2893
11125    2487  2448  2769  2781
11126      74  2473  2494  2496
11127     196  3034   197  3080
11128    2493  2426  2603  3088
11129    2709  1450  2546  1838
11130    1771  2470  2915  2993
11131     467   466  2676  2872
11132    1625   813  2721  2732
11133    2843   688  2389  2128
11134     369  2313  1206  2812
11135    2123  1659  2855  1780
11136     648   650  2648  2823
11137     112   111  2453   113
11138    2032  2526  2813  3224
11139    1736  1806  2563  2863
11140    2454   771   770  2711
11141    2963  3061  2612  3129
11142    1749  2486  2521   131
11143    2310  2946  1890   231
11144     417   416   418  2357
11145    2204  2814  3053  3201
11146    1771  2562  1634  2470
11147    1249  2026  2027  2813
11148     841   840   703  2955
11149    2345  2882  2614  3089
11150    2007  1535  1409  2766
11151    2141   721  3023  3201
11152     217  2319  2309  2702
11153     641   642   643  2544
11154    1995  1800  2390  2613
11155    2364  2869  2886  3009
11156    1813    56  2922  1814
11157    1320  1636  2488  2521
11158    2483    93  2509  2897
11159    3131  2405  2460  2497
11160    1874  1972  3101  3215
11161      56    55  2531    57
11162     255  1176  2667  2792
11163    1526  2424   380   361
11164    2248  1677  2475  2491
11165    3008  1576  1565  2135
11166    2050  2375  2051   538
11167    2351  2551  2690  3226
11168    2424  1526   363   361
11169    3098  2675  3208  3211
11170     986  1331  2981  3028
11171    2363  2353  2386  2441
11172    2385  2402  2408  2436
11173    1846    43  1736  3038
11174     314   294   315  2438
11175    2573  2576  2768  3004
11176     568  2067  2068  2647
11177    2634  3226  2690  2551
11178     421  1163   213  2694
11179    2373  2486  2488  2521
11180    1641  2715  2952  1640
11181    2398  1476   251  2760
11182    2426  2349  2674  2822
11183    1276  1277  2057  2433
11184    2272  2719  3018  2318
11185    1604   769  2161  2711
11186    2456  3174  3055  2455
11187    1153   183  3183  1154
11188      46  2609  1809  2426
11189    2816  2467  2371  2342
11190    1125  1126  2576  2849
11191    1473   225  2503  2850
11192    2362  2342  2776  2816
11193    1115  1116  2355  2430
11194    2108  2107  1482  2852
11195    2924  1718  3212  2851
11196     491  2024   489  2883
11197    1779   916  2685   914
11198     755  2155  2344  3005
11199    2026  2526  2032   506
11200    1189  1922  2519  3178
11201    2182  2183  1613  2809
11202    2353  2363  2386  2888
11203    2476   827  2256  2751
11204     159   160   161  2496
11205    1479   259  2556  3052
11206     634   629   635  3141
11207    2185   968  2124  2707
11208     346  1964   363  2424
11209    2450  2341  2827  2875
11210     286   287   285  2661
11211    2473  2755  2422  2494
11212    2385  2415  2618  2931
11213    3197  1350   465  1538
11214     722  2866  2814  3053
11215    2343  2492  2564  2935
11216    2416  2346  2471  2672
11217    1706  1393  1396  3030
11218    2362  2372  2537  2665
11219    2627  2539  2714  3113
11220    2690  2688  2813  2847
11221     767   766  2490  3175
11222    2466  2551  2340  2880
11223    1912  1915  1938  1933
11224    1995  1800  2613  2882
11225     654   652  2915  2993
11226    1213  2669  2706  2472
11227     298  3193  3188   299
11228    2417   967  2606  2671
11229    2362  2385  2431  2436
11230    1183   640  2399  2714
11231    1636  2672  3197  2521
11232     948  2081  2756  2247
11233    2081  1379  2570  2080
11234    1072  1021  2489  3030
11235    1317  1318  3013  3016
11236    1555  2187  1556  2903
11237      80   931  3146  1113
11238    2206  2207  2528  2728
11239     899  1361  2875  1103
11240    2659   184  3139  3162
11241    1786  1007  1005  2805
11242    1214  1487  2089  2457
11243    2113  1771  2915  2993
11244    1769  1621  2178  2607
11245    2672   865   866  1352
11246    2025  2619  2858  2883
11247    1825  1437  2509  1436
11248    2837  2351  3133  3140
11249    3203  3124  1919  3127
11250     716   754   936  2527
11251     389   391  3039  3075
11252     526  1645  2722   524
11253    2427  2659  3166  3202
11254    2924  1053  2614  2543
11255     805  1621  2178  3070
11256    2636  2844  3027  3165
11257      25    23  2614  3089
11258    2424   379  1960   377
11259    1904  1479  1480  3153
11260     689   691  2806  2843
11261     987   985  1287  2918
11262    1815  1144  2615  2761
11263    1472  1904  1480  3153
11264    1707  3176  2274  1026
11265    2480  2465   568  2647
11266     892   890  2394  2817
11267    2706   398  3021  2456
11268    2017  3031  2018   478
11269    2247  3154  2756  1676
11270    3071  2660   815   786
11271    2558  2334   752  2240
11272     219  1175  1886  2792
11273    2435  2444  2615  2798
11274    2415  2385  2473  2931
11275    1076  1057  1058  3030
11276    2570  2578  3154  3218
11277    2415  2473  2646  2931
11278    1961  1962   344  2424
11279    2424   380  1960  1964
11280    1611   766  2592  3175
11281    2560  1912  2630  2661
11282    1216  1217  2844  2958
11283    2250  2892  1304  2893
11284    1246  2883  2619  2025
11285     353  2412  2812   355
11286    1672   830  2633  2686
11287    2437  2599  2708  2873
11288    1636  2672  1352  1637
11289    1047  1715  2281  2586
11290    3137  1957   357  3144
11291     607  3027  1543  1790
11292    2117  1553   661  2870
11293     548  2375  2436  2569
11294     485   487  2928  2943
11295     677   822   820  2707
11296    2042   876  2773  1358
11297    2492  2256  1685  2476
11298     705  2135  1576  3008
11299    1460  1737   168  3088
11300    2285  1798  2543  2614
11301    1816  2444  2615  2693
11302     402  3183  2962  1975
11303    1420  2443  2374   897
11304    2499  2831  3022  2912
11305    2502   499  3204  3205
11306    2457  2455  2472  2949
11307    2081   595  2080  2570
11308    1150  2819  1875  1869
11309     617   618  2757  2876
11310    1884  2306  2307  3010
11311    2096   619  1753  2852
11312    2872  2540  3094  2411
11313    1813    54  2708  2922
11314    2074   582   570  2647
11315     419  3010   418  2307
11316    2260  1111  2487  1430
11317    1300  2554  3218  3221
11318    2509  2441  1741  2386
11319    2279  1039  2964  1040
11320    1994  1995  2390  2882
11321     705  2135  3008  3104
11322     693   694  2862   692
11323    2810  2594  2990  3006
11324    2731  2886  2937  2398
11325    2511   588  2696  2892
11326    2790  2896  2445  2949
11327    3207  2523  2453  2403
11328     593  3154  1676  3221
11329    2481  2524  2688  3036
11330    3001  3214  2584  2148
11331     867   868  2724  3112
11332    1269  2687  2853  1268
11333     122   123   855  2854
11334    2752  2847   483  2365
11335     514  1267  1260  2497
11336    1101  1228  1230  2907
11337    2603  1852  2777  2859
11338    2041  3211   523   511
11339    2049  1673  2048  2985
11340    1743   843  2642  3093
11341     547  2620  2572   546
11342    2952  1641   874  3057
11343    2496  2370  2646  2931
11344    2082  2248  2475  2554
11345     205   426   204  3080
11346    1818    68  2561  2589
11347    2646  2496   156  2753
11348    1330  2488  3023  1349
11349    1946  2350  3152   372
11350    2295  2279  1390  2970
11351    2372   574  2665  2070
11352      51  2603    50  2407
11353     205  3034  3080   204
11354    2072   590   579  2662
11355     531   529  2655  3002
11356     888   886  2698  3002
11357    1866  1147  1148  2930
11358    3069   273   274   272
11359    2528  2471  2691  2728
11360    2207   865  2471  1353
11361    1248  2027  2019  3120
11362    2484  2634  2884  3063
11363    2639   844  1343  2741
11364    1928  2734  1929  1497
11365    2204  1320  2488  3023
11366    1806  1421  2863  1736
11367     693   692  2862  2870
11368     373   372  1946  3152
11369     975  1424  2419  1810
11370    2345  2543  2613  2979
11371    1759   372  1521  2350
11372    1638  1772  2724  2728
11373    2663  2537  2786  2878
11374    1847  1848  2739  2777
11375    2576  2815  2849  3004
11376     121   119  2417  2546
11377    2435  2381  2520  2581
11378    2409  3026  3119  3220
11379    1525  1188  2571  2881
11380    2425  2349  2480  3121
11381    2356  2439  3137  3144
11382    1135  1843  2911   128
11383     907  1106  2803  2938
11384     556  2062  2061  2679
11385     907    52  2938    53
11386    2197  2588   849   850
11387     706  2498  2977  3157
11388    2639  2642   844  2741
11389    2899  2646  3158  3189
11390    2514  1658  2629  2879
11391    2210  2606  2671  2932
11392     119  2255  2417  2546
11393    2644  2855  2871  3032
11394    1688   983  2649  2802
11395    1902  3113  2503  1481
11396     805   806   807  2607
11397     906   907  2717   905
11398     797  2645   799  2794
11399      52   907  2938  1106
11400     839   838   791  2652
11401     417  1219   420  2357
11402    1208  1207   370  2350
11403     706   705  3008   707
11404    1208   371  1413  2350
11405    2348  2575  2373  2440
11406    1362  2499  1104  3217
11407    3003  2768  1444  1832
11408     974   975  2419   973
11409    1376   944  2049  2985
11410    2701  1739  2708  2922
11411    1605   788  2171  2695
11412    2687  1269  2853  3002
11413      48   975  2419  1810
11414    2472  1306   611  1307
11415    2665  2537  2668  2878
11416    2193  1341   771  2695
11417    2469  2511  2892  3194
11418    3091  1152  1865  3037
11419      75    74  2494  2496
11420     914   915  2685   913
11421     466  2676  2872  3094
11422    2853  2217   887  2218
11423    2596  2392  2680  2533
11424    2111  1600  1601  2823
11425    2523  2403  2880  3004
11426     919  1109  2629  3066
11427    2544   626  2637  3141
11428     107   109  1744  2573
11429      97  1119  1439  2770
11430    1248  2813  2700  1249
11431     113  1127  2779   112
11432     860  2486   130   131
11433    1292  1690  2781  2263
11434    2546  2255  2707  2254
11435    1744   109  1444  2573
11436    2530  2429  2563  2641
11437     653   655  2866  2993
11438    1251  1687  3081  1250
11439     637   639  2617  3116
11440     151  1133  2583  2753
11441    1532  3167  2987  3180
11442    2366  2340  2474  2864
11443    2459  2460  2497  2989
11444    2575  2373  2440  3197
11445    2406  2702  2869  2886
11446    2382   124  2449  3225
11447     223   221   222  2937
11448    1080  1054  2400  2566
11449    2111  2331  2158  2823
11450     514   512   527  2954
11451    1458  2366  2382  2804
11452    2353  2365  2388  3036
11453    1832   102  1831  2639
11454    1691  1386  2281  2586
11455    1038  1040  2279  2964
11456    1882  1883  1885  2902
11457    2675  2034  2736  3211
11458    1929  2734  2468  1488
11459     863  2114  2866  2993
11460    2632  2548  2378  3186
11461    1312  1906  1314  2731
11462    2051  2056   548  2375
11463    1519   343  2868  3130
11464     117  1448  2950  3019
11465     154  1127  1457  2784
11466    2444  2798  2685   915
11467    1024  1022  1023  3176
11468    2574  2856   472   473
11469     416   215   214  2357
11470      68  2561  2510    66
11471    1340   654  2470  2993
11472    1574  1325  2133  2955
11473    2024  2025   489  2883
11474    2795  2801  2689   543
11475      55  1425  2531    57
11476    2573  1744  2585  3003
11477    2328  2149  2177  3045
11478    2327  2122  2994  3032
11479    2229  1364  3040  2230
11480    1291  2786   572   573
11481      83    82  2778  2828
11482    2663  2078  2072  2662
11483    1138   133  1137  2376
11484     597  2083  2082  2554
11485     915  1426  2798   913
11486     497   499  1252  2502
11487     510   509  3211   511
11488    1495  1755  2468  2555
11489    2460  2368  2639  3087
11490    1304  1305  2893  3049
11491    1545  2109  2110  2724
11492    3137  2439  1957  3144
11493     674  2123  2855  3032
11494    1499  1194  1498  2826
11495     911    56  2581    57
11496      52  2227  2938  1812
11497    1927  1493  1492  2919
11498     911  1425  2420   909
11499    2421  1530  1761  1876
11500    1001  1003  1002  2762
11501    1345   730  2197  2442
11502    1913  1914  2630  2636
11503    1481   261   275  3170
11504     326   324  1941  2984
11505    2016  1641  2477  3057
11506    2821  2445  2852  2621
11507    1316  1483  2399  2760
11508      41   899  1420  2374
11509    2048  1673  2055  2620
11510    2351  2340  2429  2837
11511     370   371  1208  2350
11512      73    72  2999  3077
11513    1441   101  2479  2666
11514    1858  1735  1859  2730
11515    1959  1958  1759  2350
11516    1521  1414  1959  2350
11517    1522  1414  1521  2350
11518    1373  1668   941  2590
11519     235   234  1880  3151
11520    3047  1211  3169  2092
11521      74    75   157  2496
11522    2520  3222  2554  3218
11523    1278  1279  2059  3156
11524    2619  2928  2359  2574
11525     481   480   482  2365
11526    2821  3026  3124  3203
11527     408   399  2456  3021
11528    2466  2502  3204  3205
11529     164   166  2493  2605
11530    2299  2271  1731  2762
11531    1904  1472  2539  3153
11532     442    33   446  3167
11533    2338  2525  2675  2808
11534     606   609  1216   604
11535    1330  2488  2929  3023
11536    2963  2403  3207  2612
11537     763  2781   650  2823
11538    2419  2426  2674  2822
11539    1702  3018  2336  2272
11540    2741  2639  2988  3173
11541    1485  1544  2821  3203
11542    1938  1939  1914  1933
11543      33  1100   446  3167
11544    2411  2837  3050  3181
11545    1222   421  2357  2726
11546    2737  2580  2864  2931
11547    2633   667   830   945
11548    1809  1152  3091    46
11549    2430  2355  2641  3051
11550    1938  1939  1934  1937
11551    1535  1082  1409  2766
11552    1285  1290  2431  2740
11553    1216   399  1212   408
11554    1074  1065  2507  2586
11555    2686  1630  2188  3182
11556    1134  1133   156  2753
11557    1939  1915  1937  1936
11558    1956  2313   369  2812
11559    2039  2040  2989  3100
11560    2167  1583  1331  3028
11561    1874  1972   188  3101
11562     180  1974  1973  2495
11563     706   704  2977  3008
11564    3085  2900  2092  3169
11565    3131  2988  2460  3003
11566    2781  2487  2793  2823
11567    2755  2931  2473  2385
11568    2415  2414  2618  2657
11569    2565  2772  2893  3194
11570    2482   441  2723  3167
11571    2412  2754  2939  3135
11572    1918  2560  1934  2636
11573    1154  1867  1148  2930
11574    1933  1915  1934  1939
11575    1933  1939  1934  1938
11576     606   607   605  1543
11577    1938  1915  1934  1933
11578    2340  2359  2370  2618
11579     203  2311  1898  3086
11580    2446  2621  2820  3026
11581     873  1640  1641  2952
11582     521  2996   520  3098
11583    2551  2466  2340  2545
11584    2194  2782  2853  3093
11585    2739  2339  2768  2599
11586    2111  1601   648  2823
11587    2820  2621  2821  3026
11588    2979  3142  1098  1419
11589     181  1870  2799  1871
11590     767  2971  3011  3175
11591    2331  2487  2769  2823
11592    2122   672  2994  3032
11593    2409  2820  2821  3026
11594    2796  3017  2427  2659
11595    2582  2476  2952  3225
11596     157  1134  2370  2804
11597     110  2338  2453  2428
11598    1515  2412  3135  2742
11599    2156   757  2389  3078
11600     619  1544  2852  2957
11601     547  2909  2572  2508
11602    2110  1623  1545  2724
11603     726  2972  2838  3209
11604     988  2918  3028   987
11605    1261  1260  2040  3100
11606    2154  2153  2611  3122
11607    1335   782  1334  3028
11608     986   987   988  3028
11609     673  2475  2994  3032
11610    2654  2689  3048  3090
11611    2396  2218   892  2817
11612     645  1545  1623  2724
11613     322  1500  1501  3147
11614     271  1087  1482  2821
11615    1731  2271  2269  2762
11616     986   988  1331  3028
11617    2351  2481  3110  3226
11618    2459  2339  3110  3226
11619     489  2025  2858  2883
11620    2163  1649  2164  2638
11621     706  1347  2854  2977
11622      35  2891    34    36
11623     980  1334   782  3210
11624     773   774   775  2638
11625    1399  2970  1040  1398
11626    1732  2269  2268  2762
11627    1021  1023  1022  3176
11628    1116  2355  2430  3051
11629    2550  2997  2631  2553
11630    2658  2038  2973  3129
11631    2465  2425  2647  3121
11632     353  2412   341  2812
11633     856  1748  2200  2746
11634     957  1275  1680  2830
11635     193   192  2718  3074
11636    2060  1377   946  2680
11637     568   569   558  2679
11638      49  1105  2811  2951
11639     498  2029  3204  3205
11640    1435  1858  1857  2810
11641    2672  2411  2872  3197
11642     675   674  2855  3032
11643     150  2753   152   151
11644    1088  1182  1215  2716
11645      97    95  2535  3223
11646     371   372   373  3152
11647    1376  1375  2462  2985
11648    1917   605  2636   604
11649     703   702  1342  2825
11650     604  1543  1216   606
11651    2669  3183   396  2845
11652    3051  1850  2563  2625
11653    3093  2650  2368  2684
11654    1525  1926  2519  2919
11655    2900  2485  3060  3101
11656    1182  1215  2716  3072
11657    1982  2900  3060  3101
11658    2012   466  2011  2872
11659    3162  1155  1156  3177
11660     703   701  2825  2955
11661     241   237  2749  2902
11662    1676  2247  2423  2756
11663    1919  3203  3127  1920
11664      70   161  2538  2737
11665    2342  2435  2467  2798
11666    2111  2330  2331  2823
11667     655   653   654  2993
11668     703   842   841  2955
11669    1611   766   764  2592
11670    2349  2342  2381  2384
11671    2318  1728  1008  2719
11672    1771   863  2562  2993
11673     321  2322  3164  3178
11674    1544   269  2821  3203
11675     858  2521  2528  2683
11676    2391  2380  2419  2802
11677    2820  2948  3166  3220
11678    2322  1189  1190  3178
11679    2193  2252  1742  2454
11680     320   322   321  3178
11681    2481  2351  2690  3226
11682    2322  1190  3164  3178
11683     828   830   829  2686
11684    1982   188  1972  3101
11685     145   144  2899  3079
11686    2322  1922  1189  3178
11687      91    90  2483  2729
11688    1017  1018  1036  2273
11689    1021  1023  2567  3030
11690     269  1544  2090  3203
11691    2795  2835  2975  2393
11692    2018   491   478  2883
11693    2091  2409  3199   268
11694    1190  2519  3178  1189
11695    1023  2274  2567  3030
11696     608   604  2636  3021
11697     446  2976  3118  2987
11698     183   181  3024  3186
11699    2165  2967  3046  1620
11700    1618   674  2123  2855
11701    2387  2356  2959  3219
11702     458  2960  2506   459
11703    2114   863  2113  2993
11704     256   258   257  2556
11705    1976  1153  1975  2848
11706    1651  3159  2188  2686
11707    2125  1563  1329  2929
11708     800   675   674  2855
11709    1824  2441  2470  3029
11710     800   801   675  2855
11711    3028  2940  1334  2981
11712    1378  2533  2620  2633
11713     908  2717   907  2803
11714     862  2440  2814  3197
11715    1950  1517  3039  3054
11716    1625  1593   812  2732
11717    3142  2979  1098  2543
11718     640   642   641  2544
11719    1223  1224  1990  3142
11720    1468   243   212  2749
11721    2625  2530  2641  3140
11722     726   748   727  3187
11723    1483  1752   272  2399
11724    2374  2341  2463  2767
11725     475  2574  2928   473
11726    1956  2412  3130  2812
11727    2370  2496  2646  2753
11728    2210  2211  2932  3013
11729     675   801  2841  2855
11730    2461  2478  2597  2905
11731     169  1147  1460  3067
11732     170   181   171  3186
11733     308  2519   310   309
11734    1036  1018  1034  2991
11735    3147  1923  2571  1500
11736     277   289   291  2780
11737    2997  1296  2079  2085
11738    2710   985  1287  1280
11739    2430  3140  2641  2348
11740    2170   789  2652  3163
11741    2431  2451  2643  3109
11742    2347  2481  2524  2628
11743    1564   808  1766  2683
11744    2095  2093  2604  3095
11745    1036  2273  1704  1017
11746    1491  1922  1490  2519
11747    2499  2831  1421  2863
11748    1077  2586  2600  2906
11749    1976   404  1978  2735
11750    1476  1899  1752  2399
11751    1744   107  2573  2585
11752    2480  2578  2647  2908
11753    2583  1454   150  2549
11754    1802    31  1801  2677
11755    2090  1485  1920  3203
11756      80    79  2568    81
11757    1147   169   171  2548
11758    2561  1429  2589  3077
11759     146  1457  1449  2784
11760     216  1894  1893   233
11761     895  2183  2202  2809
11762    1763  2100  2515  3027
11763     592  1300  3218  3221
11764     796  2175  1568  2806
11765    1784  2833  1043  2280
11766     424  1761  2421  3080
11767    2037  1259  2612  3129
11768    1899  1900   274  3069
11769    2529  2607  2771  3025
11770    3067  3117  2609  3196
11771     782  2765  3210  2800
11772    2435  2475  2550  2692
11773    2485  2478  3166  3174
11774    1893  2702  2309  2308
11775    2745  1789  1028  1027
11776     847   759   758  3078
11777     454  2744  2829  2926
11778    2141  1320  2204  3023
11779     816   817  1627  2809
11780    2063  2064   561  2733
11781     612  1218  2901  1309
11782    2520  2732  3040  2660
11783     479   477  3031  3114
11784    1877   234  1897  3151
11785    2503  1890  2850  2946
11786    1631  1615  2173  2681
11787     122  1347  2498  2854
11788    1457  1449  2784  3019
11789    1854  1853  2730  3051
11790    1626  2114  2113  2993
11791     280  3111   281  2984
11792     508  2963  3204  3211
11793    2532  2485  2900  3101
11794    2101  1908  1907  2876
11795    1641  2715  2477  2952
11796    1504   329   320  3164
11797     978   780  2261  2769
11798    1893  2702  2308  1896
11799    1470  2364  2702  1903
11800    1893   216  1896  2308
11801    1088  1087   271  2821
11802    2218  2396  1263  1268
11803     604  2844  1543  2636
11804     680  1319  1564  2929
11805     180  2495  2799  3068
11806     652   653  1550  2993
11807     985  2710  1287  2918
11808    1677  2475   673   952
11809    1500   303  2919  3147
11810    2635  2588  2773  2889
11811    2392  2533  2596  3217
11812     952  2644   598  2475
11813    2047  1375  2462  2703
11814    2937  2760   248  2731
11815    1896  2702  2308   216
11816    2096  2097   619  2852
11817    1897   195  1877  3151
11818    1224   435  1989  3142
11819     435  1997  1989  3142
11820    2189   885  1775  3007
11821    2443  2767  2374  2463
11822    2189   833  2698  3007
11823    2156  2213  2157  3078
11824    2196   759   847  3078
11825     234   235   233  3151
11826    1585  2156  2157  3078
11827    3169   415  1211   395
11828    2884  3115  3224  3226
11829    2495  3068  1974  2456
11830    1230  1228   448  3020
11831    1997  1419  1989  3142
11832    2539  2404  3069  3170
11833    3074   203   201  3086
11834    2314  1989  1419  3142
11835    1224  1989  1990  3142
11836    2193  2454  2501  2711
11837    1390  2744  2970  3073
11838     586   587  2878  3143
11839    1598   688  2128  2389
11840    1872  1976  2735  2848
11841     607  2087  2086  3027
11842    1102  1101    35  2907
11843     460  1537  1639  2877
11844    2582   707  3008  3104
11845     602   591  2079  2553
11846     740  2149  2565  3045
11847    1995  1097  1800  2882
11848    2954  2484  2973  3061
11849     764  1603  1611  2592
11850    2582   853  2608   854
11851    2491  1657  2685  2992
11852     265  1475  1180  1478
11853    2710  2755  2704  2918
11854    2156  1774  2213  2389
11855     658  1572   697  2889
11856    2771  3046  3048  3090
11857    2375  2050   536   538
11858     308  3178  3149  3164
11859    2087   607  1763  3027
11860    1356   873  2582  2952
11861    2044  2037  1265  2612
11862     546  2620  2048  2055
11863     566  2710  2835  3168
11864    2152  1657  2491  2992
11865     432   433   196   429
11866    2347  1441  2479  2666
11867    1426   915  2798    61
11868    2351  2429  2530  3140
11869    1923  1760  1932  3193
11870    2620  2536  2703  3191
11871    1403  2851  2991  1719
11872    2588   850  2808  2927
11873    1710  1396  2276  1031
11874    2445  2621  2757  2852
11875    2276  1019  1030  1020
11876    2298  2744  1231   454
11877    2621  2446  2876  2917
11878    1603  2159  2592  3214
11879     810   809   808  2941
11880    1077  1064  2586  2906
11881    2452  2514  2832  3194
11882     608   609   604  3021
11883    2378  2548  2670  2925
11884    2150  1579  1591  2565
11885    2149  2150  1591  2565
11886    1046  2926  1048  2299
11887    1393  1396  2315  2276
11888     745  2152  2491  2992
11889    1711  2278  1719  2277
11890    2249   803  1678  2841
11891    2452  2505  3065  3066
11892    3027  3095  2087  2515
11893     433  1225   423   422
11894    1395  1402  2506  2960
11895    2722  2651  2214  2916
11896     618   617   616  2876
11897     788   790   789  3163
11898    1789  2745  1028  1024
11899     330   301   329  3164
11900     723  2488  3201  2191
11901     450   448   436  3020
11902    2690  2834  2837  3133
11903    1267  3131  1266  2497
11904     603   601  2933  3179
11905     319  1499  1494  2965
11906    1608   777   750  2942
11907    2433  2360  2536  2909
11908     340  2412  1509  3125
11909    2279  1039  2970  2964
11910    1704  2991  1036  2278
11911    1705  1017  1704  2273
11912    1429  1430  2589  3077
11913    1631   792  1615  2681
11914    1055  1097  1800  1056
11915    2675  2042  2720  2773
11916    1622  2179   682  2941
11917     779  1666  2241  3090
11918     436  1228  1227  3020
11919    3008   871  2134  2977
11920    2248   814   747  2992
11921    2865   290  2780  1309
11922    2138  1578  2807  2953
11923     193   194   195  3151
11924     789  1612  1605  3163
11925    1504   320   321  3164
11926      46  2609  3091  1809
11927     812   814  2732  2992
11928    1599  2156  1585  3078
11929    2548   183  2925  3186
11930     905  2419  2674  2717
11931    1615   774  1614  2699
11932     623   637  2617  3116
11933    2514  2565  3179  3194
11934    1699  3212  1711  1035
11935    1462   202  2552  3074
11936    1581  2163  1606  2591
11937    2413  2416  2471  2966
11938    1031  1032  1030  1710
11939    2940  2352  3028  3210
11940     307  2468   306  2401
11941    1894   193   195  3151
11942     527   512   525  2954
11943     877  1644  2428  2720
11944     828   830  2686  3159
11945    1509  2412  2742  3125
11946    1579   742   740  2565
11947    1706  1393  2276  1396
11948    1657  1779  2685  2992
11949    2296  2744  2926  2964
11950    2180  1593   812  2992
11951    2644  3032   952   951
11952    1952  1945  1512  2705
11953    1895   239  1474  2850
11954     363   346  2424  3171
11955    1294  2069  1289  2665
11956    1873  2735  1872   185
11957    2096  2107  2824  2852
11958    1776  3033   893  1647
11959    2212   699  2635  2773
11960    2536  2620  2909  3191
11961     869   870  2622  2746
11962    3039   351  3219   350
11963    1826  1827    90  3155
11964    2757  2097  2824  2852
11965    2318  2336  2297  3018
11966    2448  2487  2589  2793
11967    2377  2628  2666  3145
11968    2495  2669  2839  2455
11969    2108  1087  2604  2852
11970      23  2314  2345  3148
11971    2304  1832  1445  2768
11972    2293  1406  1022  2745
11973    2374  2341  2513  2831
11974    2308  2406  2702  2869
11975    1031  1057  2276  1029
11976     565   567  3109  3168
11977    1510   345  1758  3125
11978     791  2840  2729   839
11979     664   661   663  2944
11980    2293   458  1406  2745
11981    2519   310   309   311
11982    2270  1081  2805  2968
11983    2883  2700  3031  3050
11984    3046  2689  3090  2771
11985    2246  2075  1385  2846
11986    1952  2868  2705   367
11987     569   568  2480  2679
11988    1181   629   634  2627
11989    2676  2540  3050  2411
11990    2031   489  2025  2858
11991    2396  1262  2557  2628
11992    3158  2899   145   144
11993    1726  2745  2489  1406
11994    2095  2445  2790  3095
11995     990   989   991  3082
11996     563  2372  2436  2733
11997    2295  2744  2964  2970
11998    2520  2420  2578  3154
11999     780  2765   782  2800
12000    2444    60  2615  2798
12001    2127   684  2126  2746
12002      32  1063  2976  2980
12003    1589  2147   736  2910
12004     939  2789  2591  2244
12005    3145    94   961   959
12006     752  2527  2344   934
12007    2361  2602  2610  3154
12008     383   376   381  2447
12009    2441  2509  1741  1436
12010     208  3010  2357  2749
12011     166   167  2493  3038
12012     433  1226   423  1225
12013    2546  2417  2671  2707
12014    1758  1512   342  3200
12015    2744  1012  2926  1004
12016     422   433   196   423
12017    1408   452  1079  2764
12018    1591  1579   740  2565
12019    2068   570   568  2647
12020    2101  1907  2104  2876
12021    1227  2677  1228  1801
12022     555  2835  2975  3035
12023    1210  1414  1524  2439
12024     864  2814  2866  3053
12025    2556  3153  1479  3052
12026    1374  1540  2432  2827
12027     590   589   588  2511
12028    2866  2440   837  2814
12029     347   345   346  3200
12030    1059  1403  2851  1030
12031     766   767   765  2592
12032     928  1663  1334  2940
12033     282   280   326  2984
12034     586   585   584  2878
12035    1758  3130  3125  3200
12036    1084   455  1231  2744
12037    2643  2451  2704  3168
12038    2422  2352  2664  2940
12039    1685  2021  2492  1686
12040     928  1334   926  2940
12041     436   448  1228  3020
12042     683  2528  2683  2941
12043     894  1239  1647  3084
12044     681   680  2683  2929
12045     223  1164  2406  2937
12046    1242   479  1243  3114
12047     429  1225   433   422
12048     922  1781  2565  2772
12049    2159  2160  1603  2592
12050     239  1895   238  2850
12051     585   587   575  2878
12052    3161  3019  1130   117
12053    1984  1983  1988  2726
12054    1697  1389  1696  1399
12055    2180  1593  2181  2732
12056     127  1748   857  2579
12057     845   846  2585  2806
12058     422  1225   423  1226
12059    2859  2437  3097  2650
12060     104  2684   105  2768
12061    2920  2392  2951  2391
12062     790   791   789  3163
12063    2171  1612  2170  3163
12064    2524  2377  2535  3145
12065    1228  2677  1101  1801
12066     438  1227  2677  3020
12067    1773  1641  2016  3057
12068     943   795   944  2681
12069    2173  1615  2172  2681
12070    2037  1259  1265  2612
12071    1730  1232  2300  2719
12072     884   882  2585  2806
12073     517   516   518  3083
12074     410   408  2456  2958
12075     433  3080   196   429
12076     494  1251  2712  3081
12077    2524  2712  2750  3081
12078    1735  1420  1804  2577
12079    2456  2706  1974  2495
12080     860  1349  2521  2929
12081    1079  1045  1408  2764
12082    2102  2097  2637  2757
12083     255  1175  1176  2792
12084    2333  2173  2172  2681
12085    1544   619   618  2957
12086    1155   184  1977  2796
12087     794   795   793  2681
12088    2665  2842  2070  1288
12089    1815  1144  1427  2615
12090    2370  2359  2583  2618
12091     794   793   792  2681
12092     456  1232  1536  2719
12093    1422  2961    49  2811
12094     793   795   943  2681
12095    2361  2570  2971  3102
12096     844  2639   102   103
12097    1971   405   392  2796
12098    2393  2710  2755  2835
12099    2475  2435  2550  2998
12100    1688  2262   663  2870
12101    1688   663   662  2870
12102     786   784   815  3071
12103    2917   616  1310  2876
12104     618   616  1311  2876
12105    2806  2645  2175   882
12106     233   235  3086  3151
12107     513   503  2658  3063
12108    2272  2336  2318  3018
12109    2998  3143  2997  1303
12110    2474  2340  2737  2864
12111     537  1272  2801  2995
12112    2397  2538  2587  2755
12113      29    28  1418  2979
12114    1752   251  2399  2760
12115    1624  2169  2168  2423
12116    1624  1610  2169  2423
12117    2155   755  1597  3005
12118    1980  2958  2956   411
12119     532   534   533  2703
12120    2534  2405  2722  2954
12121     432   433   431   434
12122     924  1367  1660  2787
12123    2040  1260  2497  3100
12124    2445  2088  2790  2949
12125    1900  1899  1169  3069
12126    2404  2539  2946  3170
12127    2593  1860  2701  2761
12128     435   434   431   433
12129     432   430   431  1225
12130     432  1225   431   433
12131     764   766   765  2592
12132    2159  2332  2160  2592
12133    1676  3154  2756  2423
12134    2332  1778  2592  3184
12135     155  1144  2761    63
12136    2244   775  1670  2638
12137     153   152  2646  3189
12138    1870   181  2799   180
12139    1215  2716  2962  2457
12140    1014  1007  1786  2805
12141     972   971  1687  2595
12142    1602  3214  3001  2148
12143    2218  2217   892  2817
12144    2645  2806   796   798
12145     317   316   318  2401
12146     222   245  1166  2937
12147    1058  1718  3212  1059
12148     845  3003  2585  1744
12149    2033  1255  3115  3224
12150     337   336   338  2439
12151    2089  1214  2457  2949
12152    1123  2304  2739  2768
12153    2169  1655  2423  3041
12154    3037  2609  3091  3117
12155     731  2428   848  2623
12156    1268   888  2218  2853
12157     340  3130  1758   342
12158     433  1226  1223   423
12159     568   556  2465  2679
12160     276   291  1308  3085
12161     284   285  1912  2560
12162     831   829  2686  3182
12163     272  1899   274  3069
12164    1308  2900  3085   612
12165    3124  3026  3127  3203
12166     711   709  2887  2895
12167    1245  1647  1239  3084
12168    1654  2602  1364  2660
12169     722   720  3053  3201
12170    2690  2847  3120  3133
12171     984  2802  2727   983
12172    3194  3179  2832  2933
12173    1509  2742  1510  3125
12174    1803  2891  1229  3118
12175     896  1238  2857  1360
12176    2065  1285  2431  3109
12177    2671  2707   820   822
12178    2238  1782  2611   930
12179    1757  2959  3138  3219
12180    2030  2031  2502  2858
12181     285   287  1912  2661
12182    1942  1958   339  2959
12183    1871  1870  2799  3012
12184      23  1798  1799    22
12185     150  2899  2583  1136
12186     338   359   358  3137
12187     197  3034   199  3080
12188    3151  2718  2978  3086
12189    2219   970  2161  2711
12190    2237  2473  2547  2682
12191    2676   467  2872  2934
12192    2631  2511   591  2662
12193     423  1224  1223   433
12194     265   264  2522  2667
12195    2367  2347  2481  2524
12196    2472   611  2706  1213
12197    2502  2030  2658  3129
12198    1955  2812  2312  3108
12199     431   433  1223   435
12200    1224   435  1223   433
12201     433  1225  1223  1226
12202     431  1225  1223   433
12203    1116  1435    89  2355
12204    2676   467  2934  3114
12205    2834  2752  3114  3181
12206     999  1388  1693  2507
12207     878  2428  2623  2651
12208    1349   859  1330  2929
12209     461   472  2788  2856
12210    2416  2346  2486  2913
12211    1926  1525  1927  2919
12212    2515  2445  2621  2757
12213    2026  2027  2813  2847
12214    2544  2617  2824  3116
12215     761   648  1601  2823
12216    1996   434  1994  2390
12217    2265  1073  2906  1388
12218     849  2588  2889  2927
12219    1692  1386  2264   991
12220    1710  1396  1706  2276
12221    2010  1354  2818  2008
12222    1354   870  3112   868
12223     474   461  2856   472
12224    1583  1584  1331  2981
12225    2465  2480  2679  3121
12226    2354  2349  2362  2429
12227    1527   386   292  3105
12228    2339  2739  2768  2684
12229    2634  2690  2700  2551
12230    1172  1473   225  2503
12231    2545  2564  2619  2466
12232    1087  2445  2604  2852
12233     877   878  2428  2623
12234      68    69  2510  2589
12235    1381  2947  3192   958
12236    2435  2520  2685  3040
12237    2345  2390  2613  2882
12238    2897  2530  3044  2898
12239    2803  2584  1652  2516
12240    1379  1675   947  3102
12241    2860  1318  2211  1642
12242    2140   942  1783  2836
12243    1054  1080  1053  2566
12244     764   739   738  3214
12245    1536  2400  2007  2489
12246     155  1128   154  2890
12247     183  1153  3183   182
12248    1395  1716  1709  1401
12249    2505  2452  2629  3066
12250    2641  2990  3140  3006
12251    2122  1560  1559  2994
12252    1064   991  2906  1386
12253     588   577  2662  2696
12254    1186   284  1915  2560
12255    2844  1216   604  1543
12256    1088  2821  2445  1087
12257    1211   268   395   394
12258    2865  1310  2917  3111
12259     876  2042  2773  2212
12260     878  1264  2996  3198
12261     437  3020   438  2723
12262    1323   840  2136  2895
12263    2315  1020  2276  2851
12264    2163   772  2591  2638
12265    1912  2560  2630  2636
12266    2021  1685  2492  2256
12267     101    99  2479  2666
12268    2705  2939  1511  1952
12269    1534  1084  2744   455
12270     176   177  1152  2597
12271    3217  1650  2326  2226
12272    2432  2341  2626  2827
12273    1024  1026  2745  3176
12274     912  1655  1778  2610
12275    1126  1445  2576  2599
12276    2301  1853  1115  3051
12277     421  1528  2694  2726
12278     413   395  1211   415
12279    2885  1685   968   826
12280    2974  1628  1562  2185
12281     800   801  2855  2879
12282     353   341  1956  2812
12283     453  2725  2829  2964
# Generated by /tmp/voxy-tetgen-review-20261007/tetgen -pYq1.4/10S10000JC artifacts/tissue-quality-remesh-2026-10-07/candidate.smesh 
