time_s,sample,offset_x_m,offset_y_m,offset_z_m,volume_m3,mechanical_change_j,support_work_j,viscous_heat_j,numerical_defect_j
0.000000,0,0.000000000,0.000000000,0.000000000,0.000765130351,0.000000000000,0.000000000000,0.000000000000,0.000000000000
0.000000,1,0.000000000,0.000000000,0.000000000,0.000765130351,0.000000000000,0.000000000000,0.000000000000,0.000000000000
0.000000,2,0.000000000,0.000000000,0.000000000,0.001549388960,0.000000000000,0.000000000000,0.000000000000,0.000000000000
0.000000,3,0.000000000,0.000000000,0.000000000,0.001549388960,0.000000000000,0.000000000000,0.000000000000,0.000000000000
0.050000,0,-0.000013652,-0.001938045,0.000000543,0.000765137924,-0.002349909257,0.000234771724,0.002582109823,-0.000002571157
0.050000,1,-0.000013652,-0.001937651,0.000014832,0.000765138635,-0.002349854109,0.000234756745,0.002582041473,-0.000002569381
0.050000,2,0.000015187,-0.004665534,0.000024736,0.001549421056,-0.007929268297,-0.001380081029,0.006547322887,-0.000001864382
0.050000,3,0.000015170,-0.004760011,0.000014099,0.001549420942,-0.004392984800,0.002339950781,0.006732017768,-0.000000917813
0.100000,0,-0.000033622,-0.001378880,0.000011093,0.000765132633,-0.002088906075,0.001273045740,0.003355719313,-0.000006232502
0.100000,1,-0.000033577,-0.001378907,0.000023172,0.000765133673,-0.002087188208,0.001274507962,0.003355466044,-0.000006230126
0.100000,2,0.000027601,-0.001192185,-0.000013845,0.001549391386,-0.018124823924,-0.005369290817,0.012754539254,-0.000000993854
0.100000,3,0.000027473,-0.001309855,-0.000030875,0.001549383963,-0.001273771899,0.012135193696,0.013406865250,-0.000002100345
0.150000,0,-0.000009897,-0.001176158,-0.000030552,0.000765129131,-0.000657084816,0.005036738315,0.005690827154,-0.000002995977
0.150000,1,-0.000009781,-0.001176456,-0.000031142,0.000765130472,-0.000664757378,0.005028994515,0.005690752681,-0.000002999212
0.150000,2,0.000019743,-0.005095267,0.000015899,0.001549419873,-0.029582842841,-0.012269213333,0.017311788690,-0.000001840818
0.150000,3,0.000019435,-0.005073893,0.000004087,0.001549422492,0.012322023283,0.030206987925,0.017882348316,-0.000002616326
0.200000,0,0.000058703,-0.002546386,0.000022219,0.000765141797,-0.001805013347,0.004752494682,0.006556363268,-0.000001144761
0.200000,1,0.000058675,-0.002547921,-0.000011242,0.000765141025,-0.001802541596,0.004754220232,0.006555610579,-0.000001151249
0.200000,2,-0.000045022,-0.002057260,-0.000019866,0.001549386776,-0.042353471359,-0.020400715089,0.021951103314,-0.000001652956
0.200000,3,-0.000045041,-0.001818572,-0.000004871,0.001549401404,0.019350506183,0.041556696726,0.022205050489,-0.000001140054
0.250000,0,0.000104185,-0.001541457,0.000024596,0.000765136646,-0.005923128109,0.001582792234,0.007503827200,-0.000002093143
0.250000,1,0.000104249,-0.001542058,-0.000032180,0.000765132158,-0.005892023316,0.001615628381,0.007505553274,-0.000002098423
0.250000,2,-0.000119584,-0.005480568,0.000001578,0.001549413987,-0.039640543628,-0.014041662197,0.025600681576,0.000001800145
0.250000,3,-0.000118982,-0.005043147,0.000037169,0.001549432627,-0.002406069656,0.022500816197,0.024901363294,-0.000005522560
0.300000,0,0.000096968,-0.002443206,-0.000029753,0.000765135531,-0.006752974996,0.002261290311,0.009011620658,-0.000002644648
0.300000,1,0.000097961,-0.002444596,-0.000085252,0.000765127586,-0.006808735730,0.002206354792,0.009012511465,-0.000002579058
0.300000,2,-0.000128746,-0.003124224,-0.000075895,0.001549374044,-0.001239811096,0.028689605092,0.029929268036,-0.000000148153
0.300000,3,-0.000131057,-0.002691734,0.000006197,0.001549392204,-0.045283519743,-0.017138968014,0.028141167513,-0.000003384216
0.350000,0,0.000043960,-0.002751211,0.000045108,0.000765143142,0.003860181407,0.013212351204,0.009350463492,-0.000001706304
0.350000,1,0.000046199,-0.002751545,0.000023440,0.000765134403,0.003791055730,0.013145209366,0.009352566604,-0.000001587032
0.350000,2,-0.000052976,-0.005736054,-0.000060029,0.001549415955,0.093404289351,0.126059023469,0.032657854986,0.000003120868
0.350000,3,-0.000062008,-0.005574638,0.000077941,0.001549396136,-0.084560107522,-0.053958278173,0.030599399491,-0.000002429858
0.400000,0,-0.000061038,-0.001892389,-0.000069086,0.000765130215,0.022566131208,0.032825281410,0.010259657643,0.000000507441
0.400000,1,-0.000059501,-0.001891054,-0.000020771,0.000765126502,0.022675285390,0.032933033422,0.010258373687,0.000000625655
0.400000,2,0.000083851,-0.003053630,-0.000072641,0.001549409105,0.191536630786,0.226577557322,0.035045601847,0.000004675311
0.400000,3,0.000074146,-0.003404057,0.000052566,0.001549368577,-0.118709361940,-0.085283180638,0.033423465694,-0.000002715609
0.450000,0,-0.000198762,-0.002788727,-0.000068624,0.000765129067,0.023736452199,0.034430590239,0.010692948513,-0.000001189527
0.450000,1,-0.000199774,-0.002784178,0.000049652,0.000765137369,0.023725724740,0.034425041328,0.010698171285,-0.000001145303
0.450000,2,0.000211822,-0.004886358,-0.000012973,0.001549417518,0.207017378407,0.242677065884,0.035665886564,0.000006199087
0.450000,3,0.000216371,-0.005770403,0.000128776,0.001549384841,-0.139550152026,-0.104541012249,0.035005260023,-0.000003879754
0.500000,0,-0.000283718,-0.002502321,-0.000035343,0.000765124798,0.011034201399,0.021904067492,0.010868429675,-0.000001436418
0.500000,1,-0.000283848,-0.002497470,0.000124932,0.000765148994,0.010949646750,0.021815636982,0.010864326361,-0.000001663870
0.500000,2,0.000293424,-0.003242936,-0.000013756,0.001549449684,0.158536086763,0.194868289150,0.036342742335,0.000010539949
0.500000,3,0.000308547,-0.004463192,-0.000018032,0.001549368633,-0.138271935743,-0.100870118977,0.037397242097,-0.000004574669
0.550000,0,-0.000251422,-0.002767465,-0.000120844,0.000765118711,-0.009206295753,0.002519211189,0.011726190725,0.000000683783
0.550000,1,-0.000243196,-0.002762567,0.000020198,0.000765133490,-0.009208510113,0.002518112980,0.011724740682,-0.000001882412
0.550000,2,0.000291060,-0.005811851,0.000043627,0.001549371484,0.029868000209,0.067384610639,0.037524898004,0.000008287573
0.550000,3,0.000279926,-0.006865502,-0.000115549,0.001549393698,-0.022255027612,0.017801356687,0.040056472350,0.000000088051
0.600000,0,-0.000104748,-0.003406474,0.000056435,0.000765144814,0.011502475469,0.023712222679,0.012212684258,0.000002937048
0.600000,1,-0.000088094,-0.003405336,0.000103771,0.000765141730,0.011976554073,0.024181107364,0.012208274419,0.000003721128
0.600000,2,0.000158039,-0.004756932,0.000052222,0.001549366704,-0.142473680486,-0.102733586956,0.039747144694,0.000007051164
0.600000,3,0.000093323,-0.005145850,-0.000319774,0.001549417503,0.252078228288,0.295369316654,0.043291285045,0.000000196679
0.650000,0,0.000123436,-0.002459746,0.000060535,0.000765141400,0.058025469135,0.070671353866,0.012647582539,0.000001697808
0.650000,1,0.000135709,-0.002462315,-0.000028750,0.000765107666,0.057491581648,0.070143303104,0.012653115027,0.000001393571
0.650000,2,-0.000102143,-0.006192561,0.000300252,0.001549432131,-0.238340024036,-0.197174880577,0.041173455532,0.000008312073
0.650000,3,-0.000176010,-0.005519437,-0.000268205,0.001549443471,0.492871772675,0.536569617121,0.043698117644,0.000000273198
0.700000,0,0.000377707,-0.002526659,0.000097912,0.000765135107,0.080582962771,0.093362535818,0.012782700886,0.000003127839
0.700000,1,0.000375662,-0.002535692,-0.000128398,0.000765132143,0.080767123046,0.093539166433,0.012772587235,0.000000543847
0.700000,2,-0.000426362,-0.004756232,0.000361787,0.001549368179,-0.291549446951,-0.248974833856,0.042579275684,0.000004662589
0.700000,3,-0.000416271,-0.003056141,-0.000165837,0.001549403216,0.584139822012,0.628665832841,0.044532997313,0.000006986485
0.750000,0,0.000542006,-0.002718013,0.000235772,0.000765118813,0.067191924369,0.080125776011,0.012934146214,0.000000294572
0.750000,1,0.000537815,-0.002729272,-0.000073702,0.000765141879,0.067201009808,0.080135341575,0.012933979861,-0.000000351906
0.750000,2,-0.000623905,-0.006618623,0.000352079,0.001549314133,-0.298324397047,-0.254718701457,0.043613978835,0.000008283245
0.750000,3,-0.000536420,-0.004287669,-0.000053740,0.001549440922,0.553187006970,0.599389425189,0.046210546212,0.000008127993
0.800000,0,0.000486867,-0.002969573,0.000096710,0.000765110928,0.016066215770,0.029320089339,0.013254021548,0.000000147979
0.800000,1,0.000509461,-0.002979922,-0.000184303,0.000765145061,0.016629719264,0.029883223150,0.013255014527,0.000001510641
0.800000,2,-0.000568801,-0.006649389,-0.000122322,0.001549345397,-0.156241837654,-0.109788134768,0.046467455990,0.000013753103
0.800000,3,-0.000558445,-0.004464863,-0.000134977,0.001549394603,0.376161770111,0.422449152656,0.046296099436,0.000008716890
0.850000,0,0.000223963,-0.003844831,0.000124826,0.000765137128,0.009947912384,0.024009357890,0.014062238283,0.000000792778
0.850000,1,0.000280380,-0.003849050,-0.000019697,0.000765179735,0.008946631662,0.023006105813,0.014062864908,0.000003390757
0.850000,2,-0.000211580,-0.007854848,-0.000548869,0.001549413501,0.324498572116,0.374153934778,0.049670751727,0.000015389065
0.850000,3,-0.000409257,-0.006781893,-0.000027672,0.001549374478,0.014628377988,0.062438768972,0.047819277017,0.000008886033
0.900000,0,-0.000142641,-0.003255358,-0.000014125,0.000765122793,0.083610373841,0.098126885466,0.014518885640,0.000002374014
0.900000,1,-0.000089129,-0.003248818,0.000071572,0.000765156431,0.084985143819,0.099490660147,0.014507904582,0.000002388254
0.900000,2,0.000283670,-0.005472284,-0.000733240,0.001549460534,0.908073154285,0.959435514049,0.051376630086,0.000014270322
0.900000,3,0.000002409,-0.006127243,0.000223430,0.001549242462,-0.324077045928,-0.272997772208,0.051086187255,0.000006913534
0.950000,0,-0.000511953,-0.002539458,-0.000236408,0.000765096636,0.149900781894,0.164590016022,0.014692039684,0.000002805555
0.950000,1,-0.000498414,-0.002527122,0.000079281,0.000765129994,0.149603879303,0.164292005423,0.014693305564,0.000005179444
0.950000,2,0.000609383,-0.004046531,-0.000433618,0.001549430175,1.044512680330,1.097593020575,0.053098579302,0.000018239057
0.950000,3,0.000535389,-0.006405040,0.000822704,0.001549228758,-0.460274956258,-0.408082768331,0.052199626110,0.000007438183
1.000000,0,-0.000802901,-0.002594645,-0.000229795,0.000765116509,0.147618379041,0.162826737298,0.015209034083,0.000000675825
1.000000,1,-0.000815922,-0.002576592,0.000239321,0.000765129556,0.147975474739,0.163187385916,0.015218315470,0.000006404293
1.000000,2,0.000765001,-0.002360608,-0.000155286,0.001549461809,1.043041595799,1.101412676703,0.058392614417,0.000021533514
1.000000,3,0.000979115,-0.005857900,0.000900009,0.001549308103,-0.505632928080,-0.452529083972,0.053115465233,0.000011621125
1.050000,0,-0.000852507,-0.002992686,-0.000326150,0.000765135726,0.104069146704,0.119508456343,0.015438424202,-0.000000885436
1.050000,1,-0.000825556,-0.002975297,0.000148086,0.000765155650,0.103298086454,0.118731908551,0.015441438524,0.000007616427
1.050000,2,0.000824699,-0.004262317,-0.000194839,0.001549521051,1.044308384957,1.106657639350,0.062368348328,0.000019093935
1.050000,3,0.000981372,-0.007938177,0.000395285,0.001549293722,-0.395307469356,-0.340316706032,0.055002559821,0.000011796498
1.100000,0,-0.000590685,-0.004115050,-0.000171637,0.000765143035,0.021690900139,0.037946844810,0.016253450789,-0.000002493882
1.100000,1,-0.000477588,-0.004103360,0.000141124,0.000765161540,0.023191040868,0.039445372565,0.016262736703,0.000008405006
1.100000,2,0.000809181,-0.005961929,-0.000463756,0.001549431041,0.570924987526,0.633822633137,0.062916887756,0.000019242145
1.100000,3,0.000500103,-0.008420070,-0.000692743,0.001549304145,0.187800657033,0.248178265328,0.060389274742,0.000011666447
1.150000,0,-0.000100994,-0.004146263,0.000025264,0.000765162859,0.080948157346,0.098141720485,0.017190563626,-0.000002999513
1.150000,1,0.000045279,-0.004148892,0.000033610,0.000765150841,0.079703207572,0.096900676266,0.017203454499,0.000005985806
1.150000,2,0.000414803,-0.007760474,-0.000116585,0.001549327022,-0.147528967996,-0.080644911783,0.066903041553,0.000018985340
1.150000,3,-0.000244999,-0.007699485,-0.001286183,0.001549397005,1.181847888663,1.245003314139,0.063164206402,0.000008780926
1.200000,0,0.000462790,-0.003005635,0.000075378,0.000765148524,0.208420061371,0.226052230471,0.017627527006,-0.000004642093
1.200000,1,0.000541676,-0.003021066,-0.000256022,0.000765097467,0.208390196564,0.226033840643,0.017651605839,0.000007961760
1.200000,2,-0.000486023,-0.006761533,0.000782759,0.001549291184,-0.570412524404,-0.499128391298,0.071302320754,0.000018187648
1.200000,3,-0.000862042,-0.004171613,-0.000986389,0.001549383356,1.662431324814,1.727136306864,0.064712490758,0.000007508708
1.250000,0,0.000989475,-0.002366856,0.000241263,0.000765154144,0.225549133421,0.243969919054,0.018417718928,-0.000003066705
1.250000,1,0.000984643,-0.002391695,-0.000348034,0.000765104856,0.225336823275,0.243740219218,0.018410613604,0.000007217662
1.250000,2,-0.001232738,-0.006487778,0.001634244,0.001549289043,-0.699625848794,-0.627243982713,0.072399536582,0.000017670500
1.250000,3,-0.000983003,-0.002174051,-0.000319425,0.001549458035,1.490903499237,1.566481565925,0.075586768308,0.000008701620
1.300000,0,0.001190726,-0.002575765,0.000229638,0.000765118453,0.218347810253,0.237873254380,0.019520301055,-0.000005143071
1.300000,1,0.001201477,-0.002602580,-0.000443154,0.000765086847,0.218921648800,0.238425854592,0.019511063492,0.000006857700
1.300000,2,-0.001418401,-0.007183667,0.001243254,0.001549244547,-0.663473395291,-0.589723801585,0.073770577599,0.000020983893
1.300000,3,-0.000978507,-0.002120339,-0.000197198,0.001549546717,1.631898560265,1.718920510600,0.087031195512,0.000009245178
1.350000,0,0.000851310,-0.003853919,0.000227526,0.000765141864,0.111447209553,0.131455931836,0.020001422411,-0.000007299872
1.350000,1,0.000997773,-0.003880649,-0.000312685,0.000765140187,0.110077569355,0.130044469224,0.019974858613,0.000007958743
1.350000,2,-0.000939049,-0.009441149,-0.000252487,0.001549315173,-0.192902292501,-0.114585979891,0.078337133182,0.000020820572
1.350000,3,-0.001132143,-0.005122332,-0.000679238,0.001549475730,1.544434435609,1.634417352645,0.089992613511,0.000009696474
1.400000,0,0.000169923,-0.004712450,0.000170357,0.000765161117,0.055380257136,0.076829137878,0.021443534536,-0.000005346205
1.400000,1,0.000432826,-0.004716024,-0.000021504,0.000765183913,0.055578105390,0.077001780823,0.021431185344,0.000007509911
1.400000,2,-0.000008472,-0.008971855,-0.001723327,0.001549471650,1.094252235636,1.179858348922,0.085625142231,0.000019028945
1.400000,3,-0.001006799,-0.007562385,-0.000952157,0.001549211398,0.509927842034,0.603574780124,0.093659534387,0.000012596297
1.450000,0,-0.000465300,-0.003848818,-0.000138422,0.000765109201,0.216338260908,0.238924930849,0.022578054682,-0.000008615259
1.450000,1,-0.000252948,-0.003831268,0.000109821,0.000765148400,0.216643390369,0.239163359819,0.022526446098,0.000006476648
1.450000,2,0.000882162,-0.006056415,-0.001796711,0.001549533213,2.170062412530,2.256864301220,0.086820098427,0.000018209736
1.450000,3,-0.000065979,-0.008287713,0.000166085,0.001549195463,-0.446258831916,-0.344837346662,0.101433691592,0.000012206338
1.500000,0,-0.001010579,-0.002543414,-0.000354150,0.000765096329,0.297947952832,0.321121821842,0.023165894268,-0.000007974741
1.500000,1,-0.000949411,-0.002516857,0.000269771,0.000765123045,0.297769516166,0.320900803870,0.023138923791,0.000007636087
1.500000,2,0.001316965,-0.002103117,-0.000761714,0.001549378487,2.044108813326,2.139980112021,0.095891608018,0.000020309324
1.500000,3,0.001313480,-0.006771357,0.001752056,0.001549382090,-0.813355596636,-0.708012867657,0.105354341540,0.000011612561
1.550000,0,-0.001429466,-0.002122439,-0.000516316,0.000765088604,0.291205117632,0.316537545998,0.025323417400,-0.000009010966
1.550000,1,-0.001431273,-0.002094708,0.000299276,0.000765151970,0.291135480925,0.316450332939,0.025321595369,0.000006743355
1.550000,2,0.001165588,-0.001007102,-0.000172210,0.001549436589,1.914183009017,2.032415785449,0.118254697160,0.000021920728
1.550000,3,0.001822203,-0.006868407,0.002243731,0.001549462977,-0.870112490137,-0.763020286264,0.107104618847,0.000012414974
1.600000,0,-0.001405865,-0.003191054,-0.000455605,0.000765109658,0.254123854744,0.280361379018,0.026225280262,-0.000012244011
1.600000,1,-0.001278803,-0.003159901,0.000302976,0.000765165971,0.254975906266,0.281240427105,0.026269763501,0.000005242661
1.600000,2,0.001142775,-0.002845247,-0.000606359,0.001549524735,2.286682240296,2.415941128590,0.129281956082,0.000023067787
1.600000,3,0.001333472,-0.008831704,0.000750056,0.001549366049,-0.600571320016,-0.490447567175,0.110135861289,0.000012108448
1.650000,0,-0.000847644,-0.004729159,-0.000137953,0.000765165797,0.089419419058,0.116795876007,0.027366528655,-0.000009928295
1.650000,1,-0.000514209,-0.004710956,0.000297033,0.000765216856,0.090151289427,0.117527524343,0.027382998479,0.000006763563
1.650000,2,0.001442217,-0.006688858,-0.001479732,0.001549441486,1.638173652376,1.768991996153,0.130842146308,0.000023802531
1.650000,3,0.000447029,-0.010282457,-0.001527677,0.001549379931,0.508284227717,0.626611675306,0.118343560401,0.000016112812
1.700000,0,-0.000083674,-0.004683771,0.000089413,0.000765160390,0.149167992674,0.178557032460,0.029378258282,-0.000010781504
1.700000,1,0.000289082,-0.004693805,0.000023383,0.000765157051,0.148166076622,0.177596152610,0.029436652581,0.000006576594
1.700000,2,0.000882692,-0.008799984,-0.001036071,0.001549289952,0.100990938033,0.241869372151,0.140903301801,0.000024867682
1.700000,3,-0.000603575,-0.007899888,-0.002542795,0.001549311851,2.207510061839,2.330894645098,0.123400965355,0.000016382096
1.750000,0,0.000682329,-0.003235104,0.000262087,0.000765198536,0.333460330155,0.363551066346,0.030078943618,-0.000011792573
1.750000,1,0.000881496,-0.003262939,-0.000283826,0.000765093535,0.333738850577,0.363887997714,0.030154817491,0.000005670353
1.750000,2,-0.000760882,-0.008116811,0.001039819,0.001549210884,-0.748771187223,-0.599374014820,0.149421343273,0.000024170870
1.750000,3,-0.001375998,-0.003627220,-0.001600932,0.001549372956,2.603531367986,2.731087277612,0.127572124008,0.000016214383
1.800000,0,0.001399018,-0.002031708,0.000316440,0.000765177099,0.327666474012,0.359729540002,0.032054889373,-0.000008176617
1.800000,1,0.001436324,-0.002063243,-0.000533351,0.000765105869,0.327309536158,0.359397496333,0.032094183781,0.000006223606
1.800000,2,-0.002079489,-0.006632464,0.002610085,0.001549288551,-0.976188971399,-0.823682301007,0.152531555964,0.000024885572
1.800000,3,-0.001518299,-0.000550019,-0.000410948,0.001549626767,2.100530637544,2.250338910728,0.149824561822,0.000016288638
1.850000,0,0.001589590,-0.002388740,0.000310852,0.000765140363,0.341492382025,0.375996289947,0.034494596446,-0.000009311477
1.850000,1,0.001672588,-0.002422531,-0.000589988,0.000765143696,0.341413425121,0.375861783320,0.034453910815,0.000005552616
1.850000,2,-0.001827362,-0.007872893,0.001913136,0.001549318772,-0.869071637394,-0.714051754148,0.155046571886,0.000026688640
1.850000,3,-0.001218927,-0.001114099,-0.000376950,0.001549381595,2.431440637332,2.605746810111,0.174317769502,0.000011596724
1.900000,0,0.000941320,-0.004113490,0.000352714,0.000765141340,0.214117016929,0.249294834275,0.035167404392,-0.000010412953
1.900000,1,0.001253825,-0.004144550,-0.000315207,0.000765143519,0.213390429706,0.248518720089,0.035135071921,0.000006781538
1.900000,2,-0.000744343,-0.010155081,-0.000550421,0.001549372540,-0.199794926557,-0.038824489952,0.160999953539,0.000029516934
1.900000,3,-0.001339628,-0.004519080,-0.001443697,0.001549354496,2.551697276847,2.730983711298,0.179296242408,0.000009807957
1.950000,0,-0.000008322,-0.005084259,0.000180709,0.000765100597,0.084118144884,0.121311625320,0.037183323439,-0.000010156996
1.950000,1,0.000461529,-0.005084413,-0.000005508,0.000765142155,0.084540815066,0.121672302931,0.037140196078,0.000008708214
1.950000,2,0.000154248,-0.009718482,-0.002643165,0.001549369338,1.469647418972,1.639060162140,0.169442673387,0.000029930219
1.950000,3,-0.001450265,-0.008354020,-0.001947936,0.001549397439,1.099694516579,1.284120433889,0.184436003960,0.000010086650
2.000000,0,-0.000664886,-0.004206610,-0.000139983,0.000765125712,0.264444365282,0.303309368899,0.038851654721,-0.000013348896
2.000000,1,-0.000304891,-0.004180431,0.000218185,0.000765102097,0.264926632590,0.303673036504,0.038754296395,0.000007892481
2.000000,2,0.001027365,-0.005750251,-0.002497223,0.001549441808,2.757284788615,2.928497660566,0.171243404284,0.000030532332
2.000000,3,-0.000223957,-0.009112406,-0.000323394,0.001549351046,-0.401463397280,-0.203511145082,0.197963926268,0.000011674070
2.050000,0,-0.001231842,-0.002587544,-0.000440437,0.000765107219,0.350718468592,0.390487560606,0.039759873217,-0.000009218797
2.050000,1,-0.001090242,-0.002554985,0.000324432,0.000765104951,0.351076439712,0.390744739291,0.039677563091,0.000009263512
2.050000,2,0.001592483,-0.001616579,-0.001075370,0.001549428649,2.386295631262,2.571665426114,0.185403747945,0.000033953094
2.050000,3,0.001687446,-0.007455345,0.001972477,0.001549439792,-0.928547336030,-0.724926736758,0.203628593196,0.000007993924
2.100000,0,-0.001691244,-0.002000194,-0.000611427,0.000765131333,0.338403951535,0.381115247963,0.042702209033,-0.000009087395
2.100000,1,-0.001620301,-0.001967440,0.000315108,0.000765179962,0.338714564233,0.381412451747,0.042708783623,0.000010896108
2.100000,2,0.001514537,-0.000256943,-0.000386007,0.001549481635,2.181976490370,2.395876867393,0.213933578014,0.000033200990
2.100000,3,0.002247637,-0.006937254,0.002538800,0.001549457897,-0.979661341402,-0.772956155794,0.206715237992,0.000010052383
2.150000,0,-0.001532125,-0.003231536,-0.000455943,0.000765120329,0.317928255841,0.361987505607,0.044048873337,-0.000010376428
2.150000,1,-0.001301821,-0.003196030,0.000349336,0.000765192258,0.318433844325,0.362522314855,0.044097942103,0.000009471573
2.150000,2,0.001252066,-0.002521564,-0.001050149,0.001549552904,2.715209615296,2.944680742436,0.229501140844,0.000030013704
2.150000,3,0.001215817,-0.009077908,0.000655125,0.001549253502,-0.659702929631,-0.450236636498,0.209479737940,0.000013444807
2.200000,0,-0.000802330,-0.004797117,-0.000131078,0.000765169193,0.119485015014,0.164530487867,0.045036813052,-0.000008659801
2.200000,1,-0.000355856,-0.004781130,0.000286586,0.000765159136,0.119625832949,0.164687823751,0.045070978611,0.000008987810
2.200000,2,0.001343362,-0.006671115,-0.002079792,0.001549348047,2.006664875334,2.237806451316,0.231171738452,0.000030162471
2.200000,3,0.000074075,-0.010287799,-0.001802319,0.001549199540,0.434462154590,0.651677622306,0.217228351193,0.000012883477
2.250000,0,-0.000053081,-0.004821229,0.000138559,0.000765126749,0.128904829008,0.176125516958,0.047211784829,-0.000008903121
2.250000,1,0.000400863,-0.004836655,0.000026870,0.000765112219,0.128637034408,0.175921572579,0.047292858220,0.000008320049
2.250000,2,0.000919346,-0.009261369,-0.001487924,0.001549209261,0.251319250383,0.492988792186,0.241702348001,0.000032806198
2.250000,3,-0.000562757,-0.008000459,-0.002842069,0.001549287316,2.059923078122,2.281210393754,0.221298562471,0.000011246838
2.300000,0,0.000653899,-0.003428930,0.000297411,0.000765147455,0.303986728169,0.351932919639,0.047935784847,-0.000010406623
2.300000,1,0.000918142,-0.003461822,-0.000273119,0.000765089008,0.303444091385,0.351477409133,0.048039303839,0.000005986091
2.300000,2,-0.000704659,-0.008490377,0.000681302,0.001549365639,-0.715012715169,-0.463418099258,0.251626841250,0.000032225339
2.300000,3,-0.001172183,-0.003681943,-0.001843217,0.001549383678,2.475689945409,2.701073395550,0.225395225121,0.000011774980
2.350000,0,0.001338944,-0.002164814,0.000322431,0.000765152208,0.308663369056,0.358477544748,0.049805119110,-0.000009056582
2.350000,1,0.001454307,-0.002195514,-0.000499368,0.000765100052,0.308452646449,0.358290377509,0.049844639398,0.000006908338
2.350000,2,-0.002067596,-0.006950645,0.002153322,0.001549404658,-0.928023269869,-0.673219544027,0.254836849353,0.000033123511
2.350000,3,-0.001565216,-0.000849916,-0.000808389,0.001549528834,1.991989728820,2.239312486283,0.247335681054,0.000012923591
2.400000,0,0.001417031,-0.002492440,0.000324582,0.000765187045,0.316486172493,0.368601261063,0.052106449331,-0.000008639239
2.400000,1,0.001576857,-0.002523963,-0.000491878,0.000765133957,0.315900087273,0.367965112359,0.052070950681,0.000005925595
2.400000,2,-0.001721566,-0.007695796,0.001469605,0.001549324367,-0.819772745612,-0.562813242305,0.256993331204,0.000033827897
2.400000,3,-0.001397619,-0.001379469,-0.000779394,0.001549521635,2.243888210880,2.513191415133,0.269314515277,0.000011311024
2.450000,0,0.000694834,-0.004020920,0.000314463,0.000765149981,0.201716178293,0.254323808704,0.052598180838,-0.000009449572
2.450000,1,0.001030984,-0.004045968,-0.000243406,0.000765129870,0.201028383087,0.253584919160,0.052560658380,0.000004122308
2.450000,2,-0.000452026,-0.009574772,-0.000651859,0.001549269028,-0.304164076002,-0.043878443445,0.260320936378,0.000035303821
2.450000,3,-0.001166410,-0.004817229,-0.001691624,0.001549465305,2.276960838121,2.551109984426,0.274156910303,0.000007763998
2.500000,0,-0.000109980,-0.004874565,0.000147022,0.000765146024,0.055899479709,0.109953676574,0.054045916387,-0.000008280477
2.500000,1,0.000320083,-0.004874939,0.000028554,0.000765156877,0.055864949950,0.109853796165,0.053995382452,0.000006536236
2.500000,2,0.000351757,-0.009218320,-0.002211759,0.001549311627,0.917692514267,1.183348629084,0.265690808114,0.000034693297
2.500000,3,-0.000901294,-0.008287054,-0.001836184,0.001549271567,0.935037316963,1.213459289364,0.278430619722,0.000008647321
2.550000,0,-0.000593454,-0.004215623,-0.000111151,0.000765101839,0.167995407440,0.223297989645,0.055294780332,-0.000007801873
2.550000,1,-0.000264767,-0.004192735,0.000217850,0.000765184538,0.168381425262,0.223587809848,0.055211188129,0.000004803543
2.550000,2,0.000701062,-0.006069120,-0.002219724,0.001549545224,1.920866082026,2.187687274339,0.266855480473,0.000034288159
2.550000,3,-0.000053502,-0.009009083,-0.000500163,0.001549177955,-0.345925173805,-0.057424775049,0.288510314913,0.000009916157
2.600000,0,-0.001066510,-0.002871212,-0.000331262,0.000765116025,0.254550073627,0.310462439091,0.055903050963,-0.000009314501
2.600000,1,-0.000892297,-0.002843623,0.000299971,0.000765156847,0.254994959421,0.310833607953,0.055843717223,0.000005068691
2.600000,2,0.001113837,-0.002625077,-0.001295596,0.001549481633,1.814744881171,2.090823253788,0.276114510236,0.000036137618
2.600000,3,0.001243001,-0.007564437,0.001148438,0.001549319961,-0.751712430681,-0.458812935290,0.292909136528,0.000009641137
2.650000,0,-0.001369312,-0.002386736,-0.000414677,0.000765116113,0.253944155495,0.311677312914,0.057724127408,-0.000009030011
2.650000,1,-0.001232284,-0.002358214,0.000296631,0.000765146479,0.254016705435,0.311741581716,0.057730000375,0.000005124095
2.650000,2,0.001364209,-0.001566722,-0.000888084,0.001549327347,1.685727632790,1.981031149812,0.295340127328,0.000036610305
2.650000,3,0.001706837,-0.006972693,0.001409518,0.001549416338,-0.762481559294,-0.467962032998,0.294528899749,0.000009373454
2.700000,0,-0.001078547,-0.003307946,-0.000283142,0.000765106106,0.219892103829,0.278450532485,0.058549090555,-0.000009338101
2.700000,1,-0.000853585,-0.003282269,0.000282501,0.000765143061,0.220151873712,0.278729289049,0.058583882619,0.000006467282
2.700000,2,0.001162745,-0.003595689,-0.001232820,0.001549504358,1.876884003404,2.181603270447,0.304755382491,0.000036115448
2.700000,3,0.000920382,-0.008232185,0.000243546,0.001549450996,-0.565616014229,-0.269933076811,0.295694243266,0.000011305848
2.750000,0,-0.000469197,-0.004424659,-0.000063864,0.000765157787,0.071605864197,0.130594111905,0.058978713557,-0.000009534150
2.750000,1,-0.000150916,-0.004415440,0.000186595,0.000765130813,0.071866106958,0.130871196097,0.059011516782,0.000006427644
2.750000,2,0.000757850,-0.006889901,-0.001612091,0.001549514680,1.235471366982,1.541358649430,0.305921880608,0.000034598160
2.750000,3,-0.000058944,-0.009067397,-0.001227061,0.001549450659,0.030571838427,0.329090299641,0.298527710116,0.000009248902
2.800000,0,0.000010311,-0.004481679,0.000114777,0.000765141255,0.046668322555,0.106750030389,0.060071629736,-0.000010078098
2.800000,1,0.000313737,-0.004494441,-0.000001566,0.000765137936,0.046591512851,0.106704344966,0.060121480551,0.000008648436
2.800000,2,0.000193481,-0.008654884,-0.000984476,0.001549409045,0.073977416725,0.385925362764,0.311983976843,0.000036030803
2.800000,3,-0.000493219,-0.007657528,-0.001790658,0.001549368866,0.939345064151,1.239636237785,0.300300901042,0.000009727409
2.850000,0,0.000470611,-0.003554096,0.000227640,0.000765148476,0.149154447075,0.209609682513,0.060446136956,-0.000009098483
2.850000,1,0.000672444,-0.003577351,-0.000171931,0.000765108248,0.149176751116,0.209663226323,0.060496809794,0.000010334587
2.850000,2,-0.000550840,-0.008064261,0.000169832,0.001549353898,-0.501557202591,-0.184470554527,0.317122109167,0.000035461103
2.850000,3,-0.000670146,-0.004806314,-0.001483288,0.001549255962,1.327727439285,1.630118958423,0.302401192785,0.000009673648
2.900000,0,0.000865706,-0.002729059,0.000250658,0.000765171598,0.181169609794,0.242404630951,0.061226632678,-0.000008388480
2.900000,1,0.001001697,-0.002751608,-0.000271593,0.000765116071,0.181070250774,0.242303592664,0.061243389788,0.000010047897
2.900000,2,-0.001099313,-0.006982278,0.000828683,0.001549235838,-0.588306982638,-0.269951845208,0.318390372194,0.000035234765
2.900000,3,-0.000916573,-0.002912216,-0.001041852,0.001549426960,1.230465047990,1.542461445493,0.312008210147,0.000011812643
2.950000,0,0.000774911,-0.002944668,0.000231884,0.000765139587,0.172142649083,0.234275943969,0.062123543225,-0.000009751661
2.950000,1,0.000930965,-0.002964367,-0.000236173,0.000765119816,0.172225270144,0.234323939371,0.062107562433,0.000008893205
2.950000,2,-0.000978835,-0.007202935,0.000441996,0.001549314149,-0.522075884197,-0.203214031570,0.318898524437,0.000036671810
2.950000,3,-0.001014819,-0.003461422,-0.001030039,0.001549627442,1.271690858045,1.593025442729,0.321346583934,0.000011999250
3.000000,0,0.000282990,-0.003828508,0.000173867,0.000765198269,0.091268834914,0.153541523372,0.062264370761,-0.000008317696
3.000000,1,0.000489242,-0.003840777,-0.000098666,0.000765124066,0.091257119158,0.153493331669,0.062245205687,0.000008993176
3.000000,2,-0.000312182,-0.008121958,-0.000419192,0.001549442105,-0.303627879304,0.016009560372,0.319672657606,0.000035217930
3.000000,3,-0.000717303,-0.005830538,-0.001188579,0.001549420294,1.047823038520,1.370856537355,0.323041508116,0.000008009281
3.050000,0,-0.000111339,-0.004302591,0.000053619,0.000765160034,0.007759419314,0.070482251274,0.062713459020,-0.000009372939
3.050000,1,0.000104571,-0.004300515,0.000033426,0.000765126245,0.007764970067,0.070446312269,0.062691698534,0.000010356332
3.050000,2,0.000257928,-0.007976973,-0.001060680,0.001549390188,0.168196890739,0.489051999392,0.320890768443,0.000035659790
3.050000,3,-0.000186035,-0.007797201,-0.000971800,0.001549259241,0.317836237746,0.642820870128,0.324993107734,0.000008475351
3.100000,0,-0.000361739,-0.003946076,-0.000070448,0.000765150173,0.043237273552,0.106340144821,0.063090147658,-0.000012723612
3.100000,1,-0.000188386,-0.003932457,0.000136551,0.000765146592,0.043329259477,0.106385111054,0.063064781934,0.000008930357
3.100000,2,0.000464021,-0.006390468,-0.001140671,0.001549360928,0.627227041260,0.948544523292,0.321353972486,0.000036490455
3.100000,3,0.000296930,-0.008044892,-0.000315783,0.001549324725,-0.239764268057,0.088915898574,0.328689529189,0.000009362558
3.150000,0,-0.000617731,-0.003263097,-0.000143826,0.000765115615,0.096720488925,0.160001519409,0.063267708319,-0.000013322164
3.150000,1,-0.000491832,-0.003246121,0.000183466,0.000765129675,0.096732875189,0.159977050603,0.063252577860,0.000008402446
3.150000,2,0.000539228,-0.004645551,-0.000984414,0.001549478311,0.753966271333,1.078049570990,0.324120677656,0.000037377999
3.150000,3,0.000576408,-0.007203327,0.000205171,0.001549429013,-0.382262814559,-0.052203018121,0.330068132437,0.000008335999
3.200000,0,-0.000657266,-0.003061076,-0.000149405,0.000765130699,0.105771816224,0.169472339837,0.063684866703,-0.000015656911
3.200000,1,-0.000541841,-0.003046204,0.000169542,0.000765151059,0.105818188066,0.169499890315,0.063688177889,0.000006475640
3.200000,2,0.000607712,-0.004305557,-0.000865528,0.001549481392,0.749285725117,1.078144789194,0.328894805413,0.000035741336
3.200000,3,0.000591940,-0.006821567,0.000239676,0.001549471998,-0.363192729553,-0.032908901256,0.330291636410,0.000007808113
3.250000,0,-0.000388982,-0.003489308,-0.000078842,0.000765100324,0.072255881660,0.136107321015,0.063834200978,-0.000017238377
3.250000,1,-0.000259969,-0.003479736,0.000132358,0.000765117607,0.072343810839,0.136184164495,0.063843950444,0.000003596789
3.250000,2,0.000534836,-0.005517620,-0.000868637,0.001549469482,0.652832147205,0.983609531117,0.330812872511,0.000035488599
3.250000,3,0.000361615,-0.007222189,-0.000114130,0.001549442857,-0.290558773377,0.039849757694,0.330414140070,0.000005608999
3.300000,0,-0.000113805,-0.003939111,0.000000575,0.000765154075,0.010267214412,0.074191947037,0.063907105567,-0.000017627059
3.300000,1,0.000020779,-0.003938111,0.000055467,0.000765190892,0.010231785604,0.074145032185,0.063916220969,0.000002974388
3.300000,2,0.000220066,-0.007032585,-0.000733843,0.001549296184,0.300495485566,0.631693850703,0.331233888658,0.000035523521
3.300000,3,0.000009901,-0.007513582,-0.000479937,0.001549325816,-0.124705944333,0.206041980545,0.330753820424,0.000005895545
3.350000,0,0.000051834,-0.003932386,0.000065218,0.000765187349,-0.005250004862,0.058851957126,0.064084545882,-0.000017416107
3.350000,1,0.000170506,-0.003939852,-0.000019798,0.000765147755,-0.005257531183,0.058834716325,0.064094221910,0.000001974402
3.350000,2,-0.000155493,-0.007601183,-0.000430631,0.001549280927,-0.060672609634,0.271970548868,0.332676856661,0.000033698158
3.350000,3,-0.000262467,-0.006946370,-0.000657844,0.001549229738,0.118112836952,0.449095984930,0.330988110709,0.000004962731
3.400000,0,0.000221890,-0.003580122,0.000105323,0.000765114017,0.024002631650,0.088165040627,0.064146180519,-0.000016228459
3.400000,1,0.000319546,-0.003587959,-0.000062742,0.000765081111,0.023929053388,0.088082157537,0.064153776186,0.000000672038
3.400000,2,-0.000326985,-0.007244977,-0.000133914,0.001549524352,-0.200039719736,0.133570779188,0.333643961782,0.000033462858
3.400000,3,-0.000349524,-0.005958490,-0.000661303,0.001549293977,0.287496220449,0.618930061438,0.331438838246,0.000004997257
3.450000,0,0.000287640,-0.003334757,0.000099082,0.000765158489,0.042369857023,0.106628996757,0.064245960239,-0.000013179495
3.450000,1,0.000375227,-0.003341751,-0.000070381,0.000765109471,0.042354333336,0.106601638687,0.064247272089,-0.000000033262
3.450000,2,-0.000278143,-0.006795674,-0.000038436,0.001549409729,-0.203104746036,0.130665841607,0.333806730021,0.000036142378
3.450000,3,-0.000316540,-0.005470337,-0.000626969,0.001549504983,0.334572199018,0.667297938670,0.332730495540,0.000004755889
3.500000,0,0.000142430,-0.003447821,0.000074834,0.000765141175,0.033846430800,0.098180593973,0.064319016190,-0.000015146983
3.500000,1,0.000227640,-0.003453300,-0.000039205,0.000765127557,0.033854004801,0.098170092658,0.064316769135,0.000000681279
3.500000,2,-0.000153506,-0.006805437,-0.000109605,0.001549331061,-0.174054090948,0.159738141491,0.333828062477,0.000035830037
3.500000,3,-0.000237603,-0.005907774,-0.000577879,0.001549549481,0.290888853405,0.624433843400,0.333549340282,0.000004350287
3.550000,0,-0.000023275,-0.003692364,0.000032479,0.000765128763,0.006163273599,0.070501840245,0.064325854979,-0.000012711668
3.550000,1,0.000058058,-0.003693433,0.000000177,0.000765194613,0.006142396155,0.070465300232,0.064324067669,0.000001163592
3.550000,2,-0.000034719,-0.006970102,-0.000242676,0.001549421000,-0.126683476349,0.207143605396,0.333862749193,0.000035667447
3.550000,3,-0.000115178,-0.006692449,-0.000490579,0.001549418848,0.148314189672,0.481993458420,0.333682763094,0.000003494346
3.600000,0,-0.000084675,-0.003768154,-0.000008743,0.000765173430,-0.012193920923,0.052175265789,0.064358224176,-0.000010962536
3.600000,1,-0.000010724,-0.003765540,0.000030805,0.000765186171,-0.012199365282,0.052154579103,0.064356954949,0.000003010564
3.600000,2,0.000079438,-0.006863374,-0.000319327,0.001549402067,-0.052252628739,0.281633007588,0.333920817653,0.000035181325
3.600000,3,0.000035715,-0.007123745,-0.000357743,0.001549338492,-0.009523492633,0.324478803157,0.334004936221,0.000002640431
3.650000,0,-0.000137069,-0.003657756,-0.000021188,0.000765137457,-0.008601512161,0.055787932583,0.064376132601,-0.000013312143
3.650000,1,-0.000071340,-0.003653183,0.000047295,0.000765170906,-0.008622088484,0.055751990250,0.064375188257,0.000001109523
3.650000,2,0.000167277,-0.006506213,-0.000354611,0.001549431928,0.020049874874,0.354005324500,0.333991705150,0.000036255524
3.650000,3,0.000138117,-0.007024946,-0.000241836,0.001549348150,-0.084306564313,0.249996290616,0.334304264031,0.000001409101
3.700000,0,-0.000165268,-0.003541645,-0.000021955,0.000765117332,-0.000449487674,0.063947515220,0.064386585097,-0.000010417798
3.700000,1,-0.000105584,-0.003538437,0.000041530,0.000765117789,-0.000463161546,0.063923822709,0.064386949806,-0.000000034450
3.700000,2,0.000163783,-0.006317090,-0.000345798,0.001549340612,0.053996522942,0.388115815962,0.334156431520,0.000037138500
3.700000,3,0.000121981,-0.006798426,-0.000181936,0.001549380310,-0.091495699791,0.242883805490,0.334381575163,0.000002069881
3.750000,0,-0.000084091,-0.003555947,-0.000007736,0.000765170770,-0.000671892398,0.063732911501,0.064395144415,-0.000009659485
3.750000,1,-0.000028985,-0.003552719,0.000024291,0.000765096873,-0.000675783741,0.063721309803,0.064396462599,-0.000000630944
3.750000,2,0.000073277,-0.006463463,-0.000319673,0.001549317875,0.042437418780,0.376673838900,0.334273072725,0.000036652606
3.750000,3,0.000026026,-0.006712776,-0.000175448,0.001549313732,-0.079267304081,0.255124692234,0.334394134190,0.000002137875
3.800000,0,0.000004585,-0.003628122,0.000009496,0.000765172077,-0.007556208551,0.056849773048,0.064396624931,-0.000009356668
3.800000,1,0.000055448,-0.003628067,0.000007547,0.000765054437,-0.007566024053,0.056833390561,0.064397571415,-0.000001843199
3.800000,2,-0.000010833,-0.006739945,-0.000281743,0.001549583586,0.001821886447,0.336088150084,0.334305550463,0.000039286826
3.800000,3,-0.000042861,-0.006739290,-0.000187694,0.001549366039,-0.065797172486,0.268604826708,0.334405219645,0.000003220451
3.850000,0,0.000005080,-0.003644204,0.000016561,0.000765138168,-0.012805653770,0.051602665673,0.064399621865,-0.000008697578
3.850000,1,0.000051649,-0.003645112,-0.000004168,0.000765078138,-0.012812838297,0.051590074697,0.064400143920,-0.000002769074
3.850000,2,-0.000030177,-0.006845573,-0.000235469,0.001549421804,-0.033750139140,0.300568168613,0.334356033023,0.000037725270
3.850000,3,-0.000051222,-0.006704218,-0.000196969,0.001549510425,-0.052827000584,0.281590795805,0.334420186028,0.000002389640
3.900000,0,-0.000005793,-0.003617292,0.000012768,0.000765155144,-0.013665846793,0.050745443569,0.064400694877,-0.000010595486
3.900000,1,0.000036744,-0.003619879,-0.000003216,0.000765160133,-0.013677373289,0.050727493161,0.064401206199,-0.000003660251
3.900000,2,-0.000008498,-0.006788433,-0.000201510,0.001549324064,-0.046667310650,0.287685970875,0.334391958866,0.000038677341
3.900000,3,-0.000035345,-0.006661031,-0.000192704,0.001549515840,-0.044236126088,0.290199681633,0.334435537810,-0.000000269911
3.950000,0,0.000001289,-0.003607610,0.000004522,0.000765144474,-0.013487954249,0.050922002203,0.064401151200,-0.000008805252
3.950000,1,0.000039939,-0.003608956,0.000002273,0.000765097053,-0.013502035859,0.050904914649,0.064401524130,-0.000005426377
3.950000,2,0.000010407,-0.006717337,-0.000184167,0.001549401041,-0.046657349470,0.287710861104,0.334405062692,0.000036852117
3.950000,3,-0.000021787,-0.006692686,-0.000182568,0.001549448368,-0.043593738433,0.290858014756,0.334448739187,-0.000003014001
4.000000,0,-0.000028790,-0.003620557,0.000000661,0.000765122392,-0.013698597984,0.050710328709,0.064401463608,-0.000007463084
4.000000,1,0.000006551,-0.003620193,0.000005943,0.000765138510,-0.013709800245,0.050693158185,0.064401687081,-0.000001271349
4.000000,2,0.000018617,-0.006712684,-0.000161674,0.001549393877,-0.045559473490,0.288817878860,0.334414628317,0.000037275967
4.000000,3,-0.000004467,-0.006776797,-0.000171326,0.001549374380,-0.045586634212,0.288876289903,0.334459893730,-0.000003030384
4.050000,0,-0.000034452,-0.005334239,-0.000016499,0.000765108343,0.189422061125,0.256136695647,0.066708203729,-0.000006430792
4.050000,1,-0.000001739,-0.005333746,-0.000023181,0.000765126180,0.189264761230,0.255975449382,0.066709028325,-0.000001659828
4.050000,2,0.000007868,-0.011572110,-0.000429993,0.001549451018,0.440452771470,0.782792759697,0.342377788148,0.000037799921
4.050000,3,-0.000003190,-0.011516100,-0.000425162,0.001549376331,0.439440051164,0.781757145485,0.342317545237,0.000000450916
4.100000,0,0.000005586,-0.004682569,0.000046846,0.000765079157,0.587815290021,0.655110231694,0.067287098793,-0.000007842880
4.100000,1,0.000034910,-0.004681548,0.000048279,0.000765097725,0.587318599618,0.654608969546,0.067288247498,-0.000002122430
4.100000,2,0.000007566,-0.007494887,-0.000387767,0.001549317879,1.555110095426,1.904009925525,0.348936471602,0.000036641503
4.100000,3,-0.000005029,-0.007549042,-0.000394141,0.001549322278,1.554961234024,1.903676974578,0.348711809410,-0.000003931144
4.150000,0,-0.000007364,-0.004158640,-0.000111586,0.000765126727,1.353078653546,1.421767616998,0.068681995448,-0.000006968003
4.150000,1,0.000020455,-0.004159292,-0.000110884,0.000765162873,1.353096803370,1.421782359376,0.068683046950,-0.000002509056
4.150000,2,0.000006338,-0.010968752,-0.000739710,0.001549447522,3.233602818787,3.586020058296,0.352454752390,0.000037512881
4.150000,3,-0.000012361,-0.010922529,-0.000736976,0.001549399437,3.234899998250,3.587049237525,0.352147866705,-0.000001372570
4.200000,0,-0.000032232,-0.005067290,-0.000012356,0.000765148452,2.028933840545,2.097944377982,0.069002632550,-0.000007904887
4.200000,1,-0.000006904,-0.005066408,-0.000014944,0.000765211514,2.029203344349,2.098209961976,0.069003462584,-0.000003155042
4.200000,2,0.000004098,-0.006785049,-0.000661844,0.001549626880,4.924462029513,5.279496364967,0.355070448764,0.000036113310
4.200000,3,-0.000012904,-0.006831630,-0.000665125,0.001549481249,4.923843204459,5.278502269505,0.354654329535,-0.000004735511
4.250000,0,-0.000008453,-0.003627516,0.000001845,0.000765149789,2.627005955648,2.696524466445,0.069510779834,-0.000007730963
4.250000,1,0.000013894,-0.003625845,0.000005008,0.000765151151,2.626912964991,2.696429453111,0.069511782468,-0.000004705652
4.250000,2,0.000012666,-0.009067638,-0.001073330,0.001549394021,6.451058852691,6.807372424352,0.356349004054,0.000035432393
4.250000,3,0.000003013,-0.009028850,-0.001072879,0.001549574126,6.451850427941,6.807717924936,0.355862920035,-0.000004576960
4.300000,0,0.000003503,-0.003741931,-0.000164220,0.000765112022,3.203259404508,3.272918453178,0.069649948538,-0.000009100132
4.300000,1,0.000024527,-0.003741270,-0.000168416,0.000765154859,3.203572813911,3.273231914853,0.069651526084,-0.000007574858
4.300000,2,0.000004085,-0.005208282,-0.000899530,0.001549293931,7.482591010753,7.841393318264,0.358837874306,0.000035566795
4.300000,3,-0.000006643,-0.005246374,-0.000903767,0.001549453477,7.482887023191,7.841177417411,0.358285667389,-0.000004726831
4.350000,0,-0.000018246,-0.003591111,0.000094016,0.000765129298,3.392026055256,3.462805215711,0.070769987944,-0.000009172511
4.350000,1,0.000001570,-0.003593071,0.000095669,0.000765109486,3.392842372610,3.463622032643,0.070771623877,-0.000008036156
4.350000,2,0.000001098,-0.006913501,-0.001213549,0.001549473288,8.056210956816,8.418223660680,0.362049117596,0.000036413733
4.350000,3,-0.000014110,-0.006880781,-0.001208381,0.001549391981,8.059435706732,8.420874956675,0.361432023000,-0.000007226942
4.400000,0,-0.000015633,-0.002391590,-0.000090328,0.000765133327,3.560876541369,3.632589284878,0.071705033105,-0.000007710403
4.400000,1,0.000002532,-0.002397057,-0.000088138,0.000765069695,3.561414664596,3.633129048600,0.071705954163,-0.000008429841
4.400000,2,0.000008344,-0.003670657,-0.000858269,0.001549450150,8.266970135049,8.633947497939,0.367015301500,0.000037938610
4.400000,3,-0.000005437,-0.003701054,-0.000864498,0.001549300200,8.267545615617,8.633916031965,0.366366511985,-0.000003904362
4.450000,0,0.000001975,-0.002843703,-0.000013545,0.000765170640,3.597795271995,3.670690820374,0.072886882354,-0.000008666025
4.450000,1,0.000017777,-0.002845908,-0.000015027,0.000765139631,3.597540230751,3.670436557569,0.072888913920,-0.000007412897
4.450000,2,0.000004921,-0.005128973,-0.001058438,0.001549481839,8.256247961114,8.629109977177,0.372899850307,0.000037834244
4.450000,3,-0.000001778,-0.005103134,-0.001054833,0.001549475852,8.257534548432,8.629727379341,0.372189586755,-0.000003244154
4.500000,0,-0.000007806,-0.002196507,0.000114235,0.000765165888,3.594604137201,3.669304145697,0.074691006753,-0.000009001742
4.500000,1,0.000008222,-0.002193111,0.000116612,0.000765210044,3.594634834882,3.669332419140,0.074691769950,-0.000005814308
4.500000,2,0.000005448,-0.002686850,-0.000704437,0.001549332195,8.261064621344,8.639627441004,0.378600945382,0.000038125722
4.500000,3,0.000001442,-0.002712349,-0.000710232,0.001549482462,8.260466673263,8.638347314963,0.377880380951,-0.000000260749
4.550000,0,-0.000016089,-0.001922534,-0.000086368,0.000765122544,3.580831015390,3.656253219244,0.075414985083,-0.000007218771
4.550000,1,-0.000002045,-0.001921032,-0.000088994,0.000765160286,3.580751998642,3.656175607432,0.075416767859,-0.000006840931
4.550000,2,0.000002445,-0.004256063,-0.000822013,0.001549579616,8.242272878537,8.626133750471,0.383896838907,0.000035966974
4.550000,3,-0.000004598,-0.004234186,-0.000820127,0.001549500017,8.241625068015,8.624748090786,0.383122952919,-0.000000069853
4.600000,0,-0.000000994,-0.002467158,0.000147926,0.000765128634,3.552777136202,3.629205957616,0.076420935100,-0.000007886314
4.600000,1,0.000011538,-0.002466615,0.000149260,0.000765099932,3.551957361442,3.628387354235,0.076422747436,-0.000007245357
4.600000,2,0.000000601,-0.002717372,-0.000497712,0.001549444741,8.246923308225,8.633888000246,0.387002581401,0.000037889379
4.600000,3,-0.000008965,-0.002736373,-0.000500200,0.001549440689,8.246151919012,8.632372878654,0.386224429020,0.000003469378
4.650000,0,-0.000000635,-0.002050475,0.000020903,0.000765144226,3.440367607103,3.517201029567,0.076826655152,-0.000006767312
4.650000,1,0.000012269,-0.002052155,0.000021769,0.000765055936,3.439433730615,3.516270253248,0.076828058056,-0.000008464577
4.650000,2,0.000006334,-0.004528669,-0.000531937,0.001549271215,8.029887111570,8.419003905870,0.389155240196,0.000038445896
4.650000,3,-0.000000721,-0.004508916,-0.000532889,0.001549408606,8.026963993412,8.415300100638,0.388339857086,0.000003749860
4.700000,0,-0.000013173,-0.002641460,0.000014977,0.000765150379,3.113096389608,3.190024103384,0.076917614242,-0.000010099535
4.700000,1,-0.000002929,-0.002642660,0.000009613,0.000765082770,3.113354423071,3.190282210721,0.076919135382,-0.000008652268
4.700000,2,0.000003287,-0.003831075,-0.000328282,0.001549520402,7.476007896145,7.865438958847,0.389468616733,0.000037554031
4.700000,3,-0.000001861,-0.003847991,-0.000325720,0.001549363959,7.472216826223,7.860861489610,0.388646829565,0.000002166178
4.750000,0,-0.000006442,-0.003099048,0.000146217,0.000765184371,2.692134065638,2.769124010905,0.076976450148,-0.000013495120
4.750000,1,0.000001845,-0.003097715,0.000145063,0.000765130209,2.692478386505,2.769465270893,0.076978042540,-0.000008841849
4.750000,2,0.000001226,-0.005874396,-0.000348184,0.001549486850,6.437198787623,6.827327348048,0.390163667252,0.000035106826
4.750000,3,-0.000004441,-0.005861430,-0.000351963,0.001549463915,6.432580007578,6.821898226920,0.389320434282,0.000002214940
4.800000,0,0.000003254,-0.003191060,-0.000061194,0.000765184528,2.025021120787,2.102356026745,0.077318608537,-0.000016297420
4.800000,1,0.000012596,-0.003191292,-0.000062277,0.000765095970,2.024941422426,2.102272268110,0.077320265639,-0.000010580046
4.800000,2,0.000002587,-0.005799436,-0.000210545,0.001549418606,4.946870496494,5.338123730755,0.391286886821,0.000033652560
4.800000,3,-0.000003890,-0.005815996,-0.000210163,0.001549531531,4.944565928049,5.334990394799,0.390430056400,0.000005589651
4.850000,0,-0.000005559,-0.004042458,0.000085454,0.000765161516,1.300728528242,1.378801828799,0.078058403883,-0.000014896674
4.850000,1,0.000004226,-0.004040398,0.000084770,0.000765119446,1.300175183864,1.378246509870,0.078059309994,-0.000012016013
4.850000,2,0.000001388,-0.007742644,-0.000144326,0.001549419575,3.231294558933,3.625548783999,0.394287989257,0.000033764191
4.850000,3,-0.000002855,-0.007734363,-0.000142617,0.001549425080,3.228246190396,3.621662609826,0.393424231589,0.000007812159
4.900000,0,-0.000010157,-0.004261039,0.000015521,0.000765160233,0.652142498029,0.731073584961,0.078915007049,-0.000016079883
4.900000,1,-0.000003334,-0.004258636,0.000016625,0.000765162109,0.651867306815,0.730797556277,0.078916914788,-0.000013334674
4.900000,2,0.000003688,-0.007796849,0.000005968,0.001549470194,1.583039195448,1.981936955145,0.398931733832,0.000033974135
4.900000,3,0.000002446,-0.007808485,0.000004518,0.001549361119,1.582003271368,1.980045656100,0.398050418151,0.000008033419
4.950000,0,0.000000307,-0.004563630,-0.000074510,0.000765127171,0.158524055190,0.239000117314,0.080459209748,-0.000016852377
4.950000,1,0.000006926,-0.004564136,-0.000073886,0.000765185701,0.158541121414,0.239014458142,0.080460400123,-0.000012936605
4.950000,2,0.000001667,-0.009256947,0.000029137,0.001549505938,0.413927099784,0.818669653773,0.404776083852,0.000033529863
4.950000,3,-0.000000565,-0.009247742,0.000030092,0.001549420961,0.412909652537,0.816797037880,0.403896423263,0.000009037919
5.000000,0,-0.000000162,-0.005058806,0.000056485,0.000765128727,-0.007822305704,0.073900606677,0.081706026833,-0.000016885549
5.000000,1,0.000007651,-0.005059813,0.000057894,0.000765161263,-0.007805245212,0.073914872876,0.081707577058,-0.000012541031
5.000000,2,-0.000000423,-0.009131016,0.000060772,0.001549254233,-0.030745406391,0.380102247411,0.410882518859,0.000034865057
5.000000,3,-0.000005492,-0.009139145,0.000062190,0.001549424214,-0.030679211850,0.379296400580,0.409984988903,0.000009376473
5.050000,0,-0.000007265,-0.003149262,-0.000051170,0.000765130314,-0.008846416911,0.073887944942,0.082715543850,-0.000018818003
5.050000,1,-0.000002308,-0.003149741,-0.000052178,0.000765104834,-0.008827551333,0.073902211141,0.082716600210,-0.000013162264
5.050000,2,0.000002708,-0.005041800,0.000224639,0.001549308745,-0.032950962464,0.380067762512,0.413053117343,0.000034392368
5.050000,3,-0.000001886,-0.005038045,0.000222773,0.001549451375,-0.032898983776,0.379261915680,0.412171625171,0.000010725715
5.100000,0,-0.000003022,-0.003971909,-0.000053233,0.000765108508,-0.009451913974,0.073887944942,0.083319900083,-0.000019958834
5.100000,1,0.000002320,-0.003970149,-0.000054015,0.000765122496,-0.009433760292,0.073902211141,0.083320315003,-0.000015656430
5.100000,2,0.000001536,-0.008669881,0.000086491,0.001549646102,-0.034879449226,0.380067762512,0.414981246687,0.000034034949
5.100000,3,0.000000313,-0.008680879,0.000086927,0.001549363034,-0.034835767258,0.379261915680,0.414109025631,0.000011342693
5.150000,0,0.000001812,-0.004354922,0.000088188,0.000765125733,-0.010062964466,0.073887944942,0.083930120745,-0.000020788663
5.150000,1,0.000006424,-0.004351818,0.000089211,0.000765143242,-0.010044609905,0.073902211141,0.083930030954,-0.000016790092
5.150000,2,0.000000669,-0.005190969,0.000206221,0.001549353956,-0.036466618213,0.380067762512,0.416566597875,0.000032217150
5.150000,3,0.000000501,-0.005190834,0.000203566,0.001549272768,-0.036431213274,0.379261915680,0.415704518167,0.000011389213
5.200000,0,-0.000003913,-0.002973597,-0.000074366,0.000765107759,-0.010646265068,0.073887944942,0.084513826410,-0.000020383600
5.200000,1,0.000000128,-0.002973739,-0.000075529,0.000765150543,-0.010627495560,0.073902211141,0.084513250842,-0.000016455859
5.200000,2,0.000000809,-0.008418211,0.000085319,0.001549367446,-0.037844050253,0.380067762512,0.417944662723,0.000032849958
5.200000,3,-0.000001480,-0.008424607,0.000086966,0.001549456644,-0.037817245455,0.379261915680,0.417090659569,0.000011498433
5.250000,0,-0.000004961,-0.004270303,0.000029249,0.000765105965,-0.011154778570,0.073887944942,0.085021907661,-0.000020815851
5.250000,1,0.000000692,-0.004269310,0.000029601,0.000765145159,-0.011135322037,0.073902211141,0.085020836880,-0.000016696298
5.250000,2,0.000000211,-0.005536923,0.000154925,0.001549392867,-0.038998457013,0.380067762512,0.419098526802,0.000032307277
5.250000,3,-0.000003666,-0.005530756,0.000155826,0.001549490728,-0.038978667082,0.379261915680,0.418251935808,0.000011353046
5.300000,0,0.000001201,-0.003559850,0.000102721,0.000765114700,-0.011528766998,0.073887944942,0.085393735177,-0.000022976763
5.300000,1,0.000004312,-0.003558146,0.000102935,0.000765127043,-0.011507961772,0.073902211141,0.085392379930,-0.000017792983
5.300000,2,0.000002090,-0.008221574,0.000088360,0.001549485414,-0.039991729432,0.380067762512,0.420089950337,0.000030458393
5.300000,3,-0.000000371,-0.008219585,0.000087455,0.001549418636,-0.039975634989,0.379261915680,0.419249242491,0.000011691822
5.350000,0,-0.000000867,-0.003258784,-0.000108943,0.000765101035,-0.011794792597,0.073887944942,0.085658991806,-0.000023745733
5.350000,1,0.000001590,-0.003257954,-0.000108046,0.000765149497,-0.011774805371,0.073902211141,0.085657318087,-0.000019698426
5.350000,2,0.000001086,-0.005717195,0.000126620,0.001549410765,-0.040833571223,0.380067762512,0.420931600991,0.000030267257
5.350000,3,0.000001036,-0.005710173,0.000128720,0.001549362614,-0.040822524367,0.379261915680,0.420095716746,0.000011276699
5.400000,0,-0.000004045,-0.004149624,0.000127131,0.000765115704,-0.012119197264,0.073887944942,0.085983377189,-0.000023765017
5.400000,1,-0.000000588,-0.004147818,0.000126237,0.000765154607,-0.012097939568,0.073902211141,0.085981533503,-0.000018617206
5.400000,2,-0.000000427,-0.007941354,0.000070834,0.001549234068,-0.041543468729,0.380067762512,0.421639924768,0.000028693528
5.400000,3,-0.000000840,-0.007942092,0.000070169,0.001549412507,-0.041535072719,0.379261915680,0.420808003926,0.000011015527
5.450000,0,-0.000000369,-0.003187320,-0.000017172,0.000765120956,-0.012391802243,0.073887944942,0.086254276071,-0.000025471114
5.450000,1,0.000001566,-0.003189896,-0.000017499,0.000765077112,-0.012369996030,0.073902211141,0.086252296916,-0.000019910255
5.450000,2,0.000000825,-0.005869834,0.000093949,0.001549429048,-0.042155415785,0.380067762512,0.422253370000,0.000030191704
5.450000,3,-0.000001274,-0.005868992,0.000092810,0.001549437165,-0.042151014510,0.379261915680,0.421425468924,0.000012538733
5.500000,0,0.000000750,-0.003683549,-0.000081015,0.000765105458,-0.012560913176,0.073887944942,0.086421368687,-0.000027489431
5.500000,1,0.000004678,-0.003688153,-0.000082511,0.000765123878,-0.012536700489,0.073902211141,0.086419254981,-0.000019656650
5.500000,2,0.000000976,-0.007733910,0.000071911,0.001549621292,-0.042663100242,0.380067762512,0.422761071909,0.000030209155
5.500000,3,-0.000001362,-0.007735943,0.000071438,0.001549357117,-0.042662768105,0.379261915680,0.421936364430,0.000011680645
5.550000,0,-0.000003869,-0.003865626,0.000109318,0.000765177542,-0.012727648187,0.073887944942,0.086586453309,-0.000029139820
5.550000,1,0.000000223,-0.003866878,0.000108293,0.000765126127,-0.012703678985,0.073902211141,0.086584223881,-0.000021666245
5.550000,2,0.000001078,-0.006017057,0.000103912,0.001549293415,-0.043107554466,0.380067762512,0.423208118237,0.000032801260
5.550000,3,-0.000000345,-0.006015482,0.000100879,0.001549290202,-0.043112138692,0.379261915680,0.422385376564,0.000011322192
5.600000,0,-0.000003035,-0.003258708,-0.000149143,0.000765177495,-0.012882686439,0.073887944942,0.086742975291,-0.000027656090
5.600000,1,-0.000000637,-0.003258986,-0.000151271,0.000765126598,-0.012861066629,0.073902211141,0.086740607758,-0.000022670012
5.600000,2,0.000000398,-0.007562416,0.000063600,0.001549363118,-0.043471955966,0.380067762512,0.423573407602,0.000033689125
5.600000,3,0.000000220,-0.007559554,0.000065380,0.001549514630,-0.043479568061,0.379261915680,0.422752965352,0.000011481611
5.650000,0,0.000000851,-0.003943690,0.000002884,0.000765181807,-0.013021222332,0.073887944942,0.086879856776,-0.000029310498
5.650000,1,0.000003314,-0.003943177,0.000003149,0.000765201095,-0.012999228726,0.073902211141,0.086877561783,-0.000023878085
5.650000,2,-0.000000413,-0.006180103,0.000057922,0.001549429054,-0.043794196024,0.380067762512,0.423898233612,0.000036275076
5.650000,3,-0.000000859,-0.006175041,0.000058109,0.001549499631,-0.043805117292,0.379261915680,0.423079502743,0.000012469770
5.700000,0,-0.000000663,-0.003607194,-0.000006429,0.000765153050,-0.013122057597,0.073887944942,0.086980212446,-0.000029790094
5.700000,1,0.000001563,-0.003607750,-0.000006208,0.000765172765,-0.013099528189,0.073902211141,0.086977934102,-0.000023805228
5.700000,2,0.000000841,-0.007449415,0.000038966,0.001549460534,-0.044054538406,0.380067762512,0.424159052319,0.000036751402
5.700000,3,-0.000000545,-0.007446145,0.000037589,0.001549376224,-0.044066452948,0.379261915680,0.423341967401,0.000013598772
5.750000,0,-0.000002281,-0.003499413,-0.000151245,0.000765122356,-0.013192273716,0.073887944942,0.087052630671,-0.000027587987
5.750000,1,-0.000001523,-0.003501856,-0.000149773,0.000765159529,-0.013173661642,0.073902211141,0.087050309870,-0.000025562914
5.750000,2,0.000000675,-0.006298221,0.000060608,0.001549358536,-0.044292497564,0.380067762512,0.424396746269,0.000036486193
5.750000,3,-0.000000488,-0.006299461,0.000062809,0.001549317140,-0.044305318778,0.379261915680,0.423580930701,0.000013696243
5.800000,0,0.000000664,-0.003934442,0.000066398,0.000765109245,-0.013281700905,0.073887944942,0.087140207718,-0.000029438130
5.800000,1,0.000000652,-0.003934085,0.000066266,0.000765195999,-0.013262137169,0.073902211141,0.087137912735,-0.000026435575
5.800000,2,0.000000197,-0.007290333,0.000065177,0.001549258351,-0.044480192951,0.380067762512,0.424584661282,0.000036705819
5.800000,3,-0.000001094,-0.007295314,0.000062701,0.001549370387,-0.044494760405,0.379261915680,0.423769746132,0.000013070047
5.850000,0,0.000001479,-0.003461615,-0.000097527,0.000765136071,-0.013355210625,0.073887944942,0.087213635687,-0.000029519880
5.850000,1,0.000002188,-0.003461287,-0.000096871,0.000765163246,-0.013339188960,0.073902211141,0.087211360224,-0.000030039877
5.850000,2,0.000000240,-0.006365786,0.000058525,0.001549550551,-0.044653084626,0.380067762512,0.424756829845,0.000035982708
5.850000,3,-0.000000167,-0.006371966,0.000059270,0.001549443792,-0.044668980312,0.379261915680,0.423942903447,0.000012007455
5.900000,0,-0.000000934,-0.003691604,-0.000030978,0.000765130823,-0.013400874247,0.073887944942,0.087258860461,-0.000029958729
5.900000,1,0.000000688,-0.003691261,-0.000031413,0.000765151048,-0.013385088486,0.073902211141,0.087256618482,-0.000030681145
5.900000,2,0.000000186,-0.007190930,0.000027869,0.001549492059,-0.044788188656,0.380067762512,0.424891389783,0.000035438615
5.900000,3,0.000000268,-0.007193709,0.000027471,0.001549377180,-0.044805064346,0.379261915680,0.424078491435,0.000011511408
5.950000,0,0.000000222,-0.003761467,0.000057622,0.000765172400,-0.013443933578,0.073887944942,0.087302754004,-0.000029124517
5.950000,1,0.000000399,-0.003762556,0.000056782,0.000765138643,-0.013430566198,0.073902211141,0.087300494758,-0.000032282581
5.950000,2,0.000000580,-0.006481712,0.000034766,0.001549204742,-0.044914527620,0.380067762512,0.425017246898,0.000034956766
5.950000,3,0.000000282,-0.006481688,0.000034773,0.001549328579,-0.044929961519,0.379261915680,0.424204915867,0.000013038668
6.000000,0,0.000001349,-0.003439515,-0.000087353,0.000765096749,-0.013485536905,0.073887944942,0.087345330182,-0.000028151665
6.000000,1,0.000000692,-0.003441212,-0.000086830,0.000765132906,-0.013476106605,0.073902211141,0.087343029319,-0.000035288427
6.000000,2,0.000000436,-0.007125867,0.000030246,0.001549451788,-0.045010890696,0.380067762512,0.425114201557,0.000035548350
6.000000,3,-0.000000252,-0.007121113,0.000033211,0.001549486058,-0.045026013693,0.379261915680,0.424302367929,0.000014438555
6.050000,0,-0.000001872,-0.005469613,0.000054420,0.000765167544,0.195807139794,0.285837503049,0.090002186023,-0.000028177232
6.050000,1,0.000000706,-0.005470771,0.000054247,0.000765096213,0.195775353619,0.285808838392,0.089999840755,-0.000033644018
6.050000,2,-0.000000205,-0.011391355,-0.000220536,0.001549449273,0.436086463132,0.868533967589,0.432483423941,0.000035919483
6.050000,3,-0.000001477,-0.011388506,-0.000223355,0.001549573592,0.436481619096,0.868139409755,0.431675356532,0.000017565873
6.100000,0,-0.000000773,-0.004656218,0.000057993,0.000765118282,0.578208493096,0.668877729581,0.090640152297,-0.000029084188
6.100000,1,-0.000000672,-0.004655873,0.000060237,0.000765052229,0.578264221996,0.668937554276,0.090637845012,-0.000035487268
6.100000,2,0.000000156,-0.007803534,-0.000224248,0.001549424825,1.550807514986,1.988936379443,0.438165836839,0.000036972381
6.100000,3,-0.000000782,-0.007801803,-0.000223072,0.001549380328,1.552248914652,1.989592193626,0.437357408085,0.000014129111
6.150000,0,0.000000262,-0.004053073,-0.000132674,0.000765138227,1.363852797148,1.456200462197,0.092317535427,-0.000030129622
6.150000,1,0.000001455,-0.004053349,-0.000131289,0.000765177318,1.363808180467,1.456159111328,0.092315176600,-0.000035754261
6.150000,2,0.000000387,-0.010831089,-0.000579062,0.001549373005,3.233441986823,3.674588443862,0.441184971510,0.000038514471
6.150000,3,0.000000627,-0.010832056,-0.000578992,0.001549342796,3.236115323889,3.676477247621,0.440377226562,0.000015302829
6.200000,0,-0.000000120,-0.005194308,0.000070034,0.000765161486,2.030259258184,2.123082849857,0.092794373477,-0.000029218196
6.200000,1,0.000001077,-0.005196079,0.000068912,0.000765212827,2.029370665622,2.122197513196,0.092792045999,-0.000034801574
6.200000,2,0.000000163,-0.007038070,-0.000535084,0.001549400604,4.918251045124,5.361524653831,0.443312405333,0.000038796626
6.200000,3,0.000000861,-0.007036283,-0.000540778,0.001549305821,4.920762873812,5.363257877859,0.442507152751,0.000012148704
6.250000,0,-0.000001177,-0.003525168,-0.000025652,0.000765127302,2.617954872767,2.711487131685,0.093502472228,-0.000029786690
6.250000,1,-0.000001295,-0.003525447,-0.000026420,0.000765174548,2.618132697663,2.711669852737,0.093500142981,-0.000037012093
6.250000,2,-0.000000094,-0.009000216,-0.000933399,0.001549644174,6.454771548743,6.898883207996,0.444150789917,0.000039130665
6.250000,3,0.000000862,-0.008997417,-0.000931215,0.001549403550,6.457637993606,6.900966936489,0.443345255374,0.000016312491
6.300000,0,-0.000000995,-0.003750791,-0.000142886,0.000765114787,3.217335006923,3.311057487543,0.093691677721,-0.000030802898
6.300000,1,0.000001112,-0.003749899,-0.000142008,0.000765085776,3.217029579576,3.310756332685,0.093689358363,-0.000037394747
6.300000,2,-0.000000073,-0.005428208,-0.000791647,0.001549282221,7.475864861896,7.922304178727,0.446478689878,0.000039373048
6.300000,3,0.000001031,-0.005422478,-0.000794449,0.001549311807,7.479639359101,7.925299201680,0.445677478130,0.000017635551
6.350000,0,0.000001060,-0.003673097,0.000119262,0.000765158506,3.385325122864,3.480362919069,0.095005108559,-0.000032687645
6.350000,1,0.000000846,-0.003670727,0.000119794,0.000765082516,3.385098369148,3.480138080641,0.095002955084,-0.000036756409
6.350000,2,0.000000187,-0.006886664,-0.001105885,0.001549357734,8.057827813592,8.507105738058,0.449316369500,0.000038445034
6.350000,3,0.000001349,-0.006885804,-0.001104966,0.001549461125,8.061944685615,8.510437311569,0.448511944412,0.000019318458
6.400000,0,-0.000001241,-0.002298801,-0.000122845,0.000765125688,3.563092197052,3.659143114575,0.096017279438,-0.000033638085
6.400000,1,-0.000000269,-0.002298555,-0.000123211,0.000765135687,3.562986116918,3.659037459292,0.096014966795,-0.000036375578
6.400000,2,0.000000429,-0.003836433,-0.000786976,0.001549552313,8.262606901699,8.716915513562,0.454347909721,0.000039297858
6.400000,3,0.000000632,-0.003837235,-0.000787316,0.001549496883,8.264886810269,8.718412619542,0.453547925500,0.000022116227
6.450000,0,-0.000000784,-0.002930756,0.000018830,0.000765134791,3.599925740171,3.697212995980,0.097253299510,-0.000033956298
6.450000,1,0.000000490,-0.002932753,0.000016336,0.000765186950,3.599984483518,3.697273504966,0.097251250389,-0.000037771059
6.450000,2,-0.000000035,-0.005115701,-0.000969646,0.001549430439,8.257553407659,8.717442220569,0.459927675048,0.000038862138
6.450000,3,-0.000001397,-0.005119855,-0.000975153,0.001549455759,8.258574579173,8.717678699838,0.459123916756,0.000019796091
6.500000,0,0.000000958,-0.002206786,0.000090928,0.000765104955,3.594973693450,3.694241143602,0.099233306426,-0.000034143725
6.500000,1,0.000000122,-0.002208358,0.000089964,0.000765159724,3.594961450220,3.694231740136,0.099231309877,-0.000038980040
6.500000,2,0.000000002,-0.002810246,-0.000632709,0.001549375389,8.258796482375,8.724522464408,0.465765589736,0.000039607703
6.500000,3,-0.000001791,-0.002814166,-0.000630583,0.001549302304,8.258792142911,8.723734218929,0.464967020470,0.000024944452
6.550000,0,-0.000000855,-0.001890767,-0.000099342,0.000765117594,3.579482026712,3.679432920591,0.099916923991,-0.000033969887
6.550000,1,0.000000901,-0.001888650,-0.000098722,0.000765109236,3.579468362051,3.679421346024,0.099915010389,-0.000037973584
6.550000,2,-0.000000003,-0.004256978,-0.000746194,0.001549387959,8.241183091616,8.711969833132,0.470826249281,0.000039507766
6.550000,3,-0.000001100,-0.004256700,-0.000749650,0.001549400144,8.240584441014,8.710582908313,0.470023614748,0.000025147450
6.600000,0,-0.000000057,-0.002559135,0.000159360,0.000765162728,3.552857106069,3.653920089096,0.101029015169,-0.000033967858
6.600000,1,-0.000000523,-0.002556923,0.000159732,0.000765106420,3.552803157486,3.653869248557,0.101027014854,-0.000039076217
6.600000,2,0.000000031,-0.002818128,-0.000433834,0.001549547363,8.245800559021,8.719785486471,0.474024405693,0.000039478243
6.600000,3,0.000001048,-0.002813501,-0.000431093,0.001549508702,8.244786536607,8.717983933260,0.473223838452,0.000026441799
6.650000,0,-0.000000657,-0.002006795,-0.000011455,0.000765127455,3.444606390883,3.546127395878,0.101487575482,-0.000033429513
6.650000,1,0.000000245,-0.002007136,-0.000011580,0.000765105529,3.444356691078,3.545881604976,0.101485628301,-0.000039285598
6.650000,2,0.000000322,-0.004538763,-0.000484201,0.001549332612,8.027143547212,8.503106642945,0.476000730772,0.000037635039
6.650000,3,0.000001400,-0.004534369,-0.000481438,0.001549497594,8.023743744540,8.498917665143,0.475199369785,0.000025449181
6.700000,0,0.000000529,-0.002660343,0.000018407,0.000765111017,3.106792242008,3.208427704289,0.101600836291,-0.000034625990
6.700000,1,0.000000952,-0.002662681,0.000018204,0.000765155592,3.106200883521,3.207839820270,0.101598863243,-0.000040073506
6.700000,2,-0.000000013,-0.003908033,-0.000262117,0.001549304592,7.476987014436,7.953259564732,0.476310673280,0.000038122984
6.700000,3,0.000000278,-0.003903641,-0.000263966,0.001549355419,7.471736593116,7.947221201939,0.475510117226,0.000025508403
6.750000,0,0.000000013,-0.003139322,0.000132880,0.000765120851,2.697879365022,2.799594974566,0.101678150920,-0.000037458624
6.750000,1,-0.000000696,-0.003143375,0.000133232,0.000765154074,2.697495470112,2.799211066325,0.101676161731,-0.000039434482
6.750000,2,0.000000064,-0.005884797,-0.000302540,0.001549679778,6.432570851311,6.909416676524,0.476883641403,0.000037816190
6.750000,3,-0.000001599,-0.005886573,-0.000300932,0.001549386543,6.427538599281,6.903593984798,0.476082624530,0.000027239013
6.800000,0,-0.000000986,-0.003140021,-0.000079491,0.000765111248,2.024145034450,2.126235329810,0.102051730580,-0.000038564780
6.800000,1,0.000000402,-0.003141895,-0.000077620,0.000765097847,2.024761502578,2.126851310229,0.102049808269,-0.000039999381
6.800000,2,0.000000155,-0.005848129,-0.000143818,0.001549402755,4.945980574972,5.423871320645,0.477928929744,0.000038184070
6.800000,3,-0.000001468,-0.005851686,-0.000147192,0.001549461699,4.941885262349,5.418986155370,0.477126970392,0.000026077371
6.850000,0,0.000000557,-0.004085095,0.000088116,0.000765169177,1.298018802093,1.400887314260,0.102830226026,-0.000038286141
6.850000,1,0.000000484,-0.004084164,0.000089818,0.000765112176,1.298505087876,1.401373560556,0.102828330296,-0.000040142383
6.850000,2,-0.000000032,-0.007753360,-0.000102304,0.001549365870,3.229208598984,3.710026925810,0.480856549499,0.000038222673
6.850000,3,-0.000000199,-0.007757311,-0.000101464,0.001549487952,3.225982968781,3.706010537643,0.480054842288,0.000027273426
6.900000,0,0.000000066,-0.004249713,0.000000942,0.000765164651,0.655287712665,0.758974725863,0.103647594815,-0.000039418383
6.900000,1,-0.000000116,-0.004249874,0.000001579,0.000765119901,0.655037613583,0.758723727551,0.103645683981,-0.000040429987
6.900000,2,0.000000070,-0.007829878,0.000052047,0.001549475392,1.583352842173,2.068711582608,0.485395634835,0.000036894400
6.900000,3,0.000001260,-0.007829278,0.000052639,0.001549373223,1.581546401118,2.066111383438,0.484593171776,0.000028189456
6.950000,0,-0.000000786,-0.004536205,-0.000074543,0.000765138435,0.156993272538,0.262288998075,0.105256700846,-0.000039024691
6.950000,1,0.000000173,-0.004537408,-0.000074863,0.000765160379,0.156997623682,0.262292019517,0.105254945020,-0.000039450815
6.950000,2,0.000000055,-0.009277064,0.000070645,0.001549394193,0.412952568174,0.904109503664,0.491194809913,0.000037874423
6.950000,3,0.000001792,-0.009274371,0.000068448,0.001549330623,0.411867491157,0.902234616923,0.490394320684,0.000027194918
7.000000,0,0.000000503,-0.005100658,0.000055878,0.000765136659,-0.007355990182,0.099166873672,0.106483194760,-0.000039669094
7.000000,1,0.000000022,-0.005099001,0.000056083,0.000765215115,-0.007365869970,0.099154030233,0.106481453697,-0.000038446506
7.000000,2,0.000000076,-0.009153640,0.000098870,0.001549375678,-0.030846354648,0.466324117541,0.497208449135,0.000037976946
7.000000,3,0.000000289,-0.009150251,0.000103390,0.001549413793,-0.030865810025,0.465513656786,0.496405503352,0.000026036541
7.050000,0,-0.000000369,-0.003120181,-0.000058971,0.000765145697,-0.008453217306,0.099154211937,0.107567997260,-0.000039431983
7.050000,1,0.000000442,-0.003116271,-0.000058937,0.000765143123,-0.008463887643,0.099141368498,0.107566473928,-0.000038782213
7.050000,2,0.000000056,-0.005062574,0.000261958,0.001549245241,-0.033034527997,0.466289632642,0.499361429654,0.000037269015
7.050000,3,-0.000001397,-0.005062621,0.000259756,0.001549512708,-0.033053294495,0.465479171887,0.498560376746,0.000027910363
7.100000,0,0.000000240,-0.003976314,-0.000053228,0.000765157294,-0.009101611010,0.099154211937,0.108216999253,-0.000038823694
7.100000,1,-0.000000204,-0.003975208,-0.000053434,0.000765108590,-0.009112584017,0.099141368498,0.108215575041,-0.000038377475
7.100000,2,0.000000019,-0.008675962,0.000123137,0.001549636103,-0.034944967301,0.466289632642,0.501272173955,0.000037574012
7.100000,3,-0.000002070,-0.008678243,0.000123735,0.001549524584,-0.034960981756,0.465479171887,0.500468682033,0.000028528390
7.150000,0,-0.000000616,-0.004369844,0.000085556,0.000765184270,-0.009755134862,0.099154211937,0.108870769703,-0.000038577097
7.150000,1,-0.000000052,-0.004371402,0.000085094,0.000765128257,-0.009768828562,0.099141368498,0.108869350628,-0.000040846432
7.150000,2,-0.000000004,-0.005211606,0.000232837,0.001549480283,-0.036521903447,0.466289632642,0.502849398962,0.000037862874
7.150000,3,-0.000000811,-0.005215165,0.000233301,0.001549330812,-0.036539040554,0.465479171887,0.502045661322,0.000027448881
7.200000,0,0.000000362,-0.002945300,-0.000080214,0.000765100732,-0.010378272872,0.099154211937,0.109496437312,-0.000036047497
7.200000,1,0.000000476,-0.002947405,-0.000079472,0.000765149712,-0.010394571065,0.099141368498,0.109495200647,-0.000040738916
7.200000,2,-0.000000067,-0.008419727,0.000117810,0.001549201872,-0.037885214065,0.466289632642,0.504211245080,0.000036398373
7.200000,3,0.000001356,-0.008421392,0.000115098,0.001549273016,-0.037899312124,0.465479171887,0.503406277491,0.000027793480
7.250000,0,-0.000000053,-0.004297674,0.000027065,0.000765146577,-0.010924983050,0.099154211937,0.110042594618,-0.000036600369
7.250000,1,-0.000000271,-0.004299238,0.000027453,0.000765192433,-0.010940190824,0.099141368498,0.110041451288,-0.000040108034
7.250000,2,0.000000059,-0.005564602,0.000179471,0.001549399175,-0.039033687849,0.466289632642,0.505360186050,0.000036865559
7.250000,3,0.000002259,-0.005564739,0.000182402,0.001549359960,-0.039048607681,0.465479171887,0.504555694649,0.000027915081
7.300000,0,-0.000000308,-0.003559642,0.000101112,0.000765148785,-0.011322082885,0.099154211937,0.110441787781,-0.000034507041
7.300000,1,0.000000268,-0.003558263,0.000099850,0.000765106526,-0.011339077041,0.099141368498,0.110440621934,-0.000039823605
7.300000,2,0.000000083,-0.008221498,0.000112057,0.001549487959,-0.040012239790,0.466289632642,0.506338882134,0.000037009702
7.300000,3,0.000001582,-0.008220665,0.000110897,0.001549502816,-0.040028959138,0.465479171887,0.505534003253,0.000025872229
7.350000,0,0.000000107,-0.003259234,-0.000111726,0.000765144033,-0.011606155697,0.099154211937,0.110725802499,-0.000034565135
7.350000,1,-0.000000021,-0.003255382,-0.000111692,0.000765092451,-0.011623326804,0.099141368498,0.110724709057,-0.000039986245
7.350000,2,0.000000032,-0.005742844,0.000152931,0.001549362625,-0.040854648926,0.466289632642,0.507179686961,0.000035405394
7.350000,3,-0.000000237,-0.005743039,0.000152566,0.001549483701,-0.040872485177,0.465479171887,0.506374169455,0.000022512391
7.400000,0,-0.000000127,-0.004182664,0.000125890,0.000765160674,-0.011954252235,0.099154211937,0.111073846041,-0.000034618131
7.400000,1,-0.000000164,-0.004179824,0.000128706,0.000765132356,-0.011972827623,0.099141368498,0.111072779402,-0.000041416719
7.400000,2,-0.000000033,-0.007931292,0.000085569,0.001549356245,-0.041551589203,0.466289632642,0.507877519531,0.000036297686
7.400000,3,-0.000001829,-0.007932846,0.000087863,0.001549366071,-0.041568589112,0.465479171887,0.507071397999,0.000023637000
7.450000,0,0.000000128,-0.003175970,-0.000018836,0.000765133623,-0.012245427748,0.099154211937,0.111364718541,-0.000034921144
7.450000,1,0.000000164,-0.003178652,-0.000016034,0.000765116738,-0.012265065094,0.099141368498,0.111363885365,-0.000042548227
7.450000,2,-0.000000134,-0.005889655,0.000117906,0.001549386913,-0.042165280502,0.466289632642,0.508490766353,0.000035853209
7.450000,3,-0.000001952,-0.005891336,0.000114181,0.001549293821,-0.042180635014,0.465479171887,0.507684480781,0.000024673880
7.500000,0,-0.000000487,-0.003688440,-0.000084575,0.000765149073,-0.012425010920,0.099154211937,0.111544612889,-0.000034609968
7.500000,1,0.000000013,-0.003698232,-0.000084449,0.000765166502,-0.012444403968,0.099141368498,0.111543774567,-0.000041997900
7.500000,2,-0.000000048,-0.007721931,0.000087528,0.001549650279,-0.042664162901,0.466289632642,0.508989555834,0.000035760291
7.500000,3,0.000000091,-0.007721730,0.000090275,0.001549452780,-0.042680196737,0.465479171887,0.508183822366,0.000024453742
7.550000,0,0.000000611,-0.003872510,0.000112759,0.000765156423,-0.012600180535,0.099154211937,0.111721390864,-0.000033001608
7.550000,1,0.000000133,-0.003876808,0.000113840,0.000765180525,-0.012622521999,0.099141368498,0.111720614781,-0.000043275716
7.550000,2,0.000000087,-0.006042328,0.000119074,0.001549291448,-0.043114329417,0.466289632642,0.509438121424,0.000034159365
7.550000,3,0.000001788,-0.006040863,0.000119720,0.001549518515,-0.043128396559,0.465479171887,0.508631576121,0.000024007675
7.600000,0,-0.000000537,-0.003246357,-0.000153587,0.000765118079,-0.012768046550,0.099154211937,0.111889125283,-0.000033133204
7.600000,1,0.000000035,-0.003242438,-0.000152108,0.000765071384,-0.012790337667,0.099141368498,0.111888191098,-0.000043515067
7.600000,2,0.000000221,-0.007555899,0.000080043,0.001549237246,-0.043473421467,0.466289632642,0.509796891868,0.000033837760
7.600000,3,0.000001756,-0.007552480,0.000081138,0.001549559967,-0.043484166341,0.465479171887,0.508990324137,0.000026985909
7.650000,0,0.000000175,-0.003958993,0.000003898,0.000765159062,-0.012914409659,0.099154211937,0.112036496208,-0.000032125388
7.650000,1,-0.000000384,-0.003953981,0.000003343,0.000765100801,-0.012939754896,0.099141368498,0.112035705123,-0.000045418271
7.650000,2,-0.000000054,-0.006206905,0.000069677,0.001549540700,-0.043797176945,0.466289632642,0.510122803242,0.000035993655
7.650000,3,0.000001322,-0.006203598,0.000073158,0.001549378212,-0.043811420904,0.465479171887,0.509315903401,0.000025310611
7.700000,0,-0.000000274,-0.003604979,-0.000004028,0.000765149025,-0.013022530350,0.099154211937,0.112144454857,-0.000032287430
7.700000,1,0.000000206,-0.003600161,-0.000003060,0.000765120295,-0.013048365788,0.099141368498,0.112143580365,-0.000046153921
7.700000,2,-0.000000230,-0.007439405,0.000052354,0.001549405121,-0.044051542818,0.466289632642,0.510378297433,0.000037121973
7.700000,3,0.000000172,-0.007439477,0.000048224,0.001549275287,-0.044068863013,0.465479171887,0.509571876803,0.000023841904
7.750000,0,0.000000328,-0.003498210,-0.000151946,0.000765136987,-0.013100735858,0.099154211937,0.112222110665,-0.000032837130
7.750000,1,0.000000316,-0.003494429,-0.000151032,0.000765063187,-0.013126856286,0.099141368498,0.112221214848,-0.000047009936
7.750000,2,0.000000073,-0.006318665,0.000075546,0.001549336810,-0.044289873681,0.466289632642,0.510617453050,0.000037946728
7.750000,3,-0.000001619,-0.006322588,0.000077450,0.001549283216,-0.044307234768,0.465479171887,0.509810794987,0.000024388332
7.800000,0,-0.000000246,-0.003943944,0.000068581,0.000765147374,-0.013194349946,0.099154211937,0.112316220810,-0.000032341073
7.800000,1,-0.000000470,-0.003944379,0.000070925,0.000765102175,-0.013221630180,0.099141368498,0.112315303505,-0.000047695173
7.800000,2,0.000000097,-0.007279747,0.000073710,0.001549403515,-0.044474463954,0.466289632642,0.510801674501,0.000037577906
7.800000,3,-0.000001756,-0.007285683,0.000072266,0.001549460422,-0.044491932907,0.465479171887,0.509994923169,0.000023818376
7.850000,0,-0.000000445,-0.003451405,-0.000100365,0.000765106278,-0.013274964379,0.099154211937,0.112395188787,-0.000033987530
7.850000,1,0.000000273,-0.003451019,-0.000097759,0.000765139609,-0.013302118338,0.099141368498,0.112394232173,-0.000049254663
7.850000,2,0.000000158,-0.006388012,0.000074235,0.001549498023,-0.044648335083,0.466289632642,0.510975228992,0.000037261267
7.850000,3,-0.000000794,-0.006392535,0.000071376,0.001549538303,-0.044667112284,0.465479171887,0.510167952720,0.000021668550
7.900000,0,0.000000297,-0.003687718,-0.000032342,0.000765161764,-0.013322343539,0.099154211937,0.112444018616,-0.000032536861
7.900000,1,0.000000266,-0.003692006,-0.000033488,0.000765177075,-0.013353815616,0.099141368498,0.112443055018,-0.000052129096
7.900000,2,-0.000000045,-0.007185147,0.000032383,0.001549470163,-0.044779794176,0.466289632642,0.511106723529,0.000037296711
7.900000,3,0.000001086,-0.007187014,0.000035388,0.001549504199,-0.044800286714,0.465479171887,0.510299904641,0.000020446040
7.950000,0,-0.000000384,-0.003760561,0.000060143,0.000765162182,-0.013369165094,0.099154211937,0.112491094632,-0.000032282399
7.950000,1,-0.000000303,-0.003762723,0.000059650,0.000765184533,-0.013400271803,0.099141368498,0.112490150666,-0.000051489635
7.950000,2,-0.000000135,-0.006503895,0.000044768,0.001549140323,-0.044907313167,0.466289632642,0.511233791248,0.000036845439
7.950000,3,0.000001985,-0.006503847,0.000042720,0.001549441397,-0.044928040958,0.465479171887,0.510426787761,0.000019574916
8.000000,0,0.000000471,-0.003437101,-0.000091944,0.000765129278,-0.013416107573,0.099154211937,0.112536857159,-0.000033462351
8.000000,1,-0.000000290,-0.003432012,-0.000089789,0.000765181057,-0.013449121548,0.099141368498,0.112535807093,-0.000054682953
8.000000,2,0.000000040,-0.007117007,0.000038576,0.001549459952,-0.045003593227,0.466289632642,0.511328875007,0.000035649138
8.000000,3,0.000002053,-0.007117096,0.000039741,0.001549331387,-0.045023915751,0.465479171887,0.510521791322,0.000018703684
8.050000,0,-0.000000424,-0.003771528,0.000072902,0.000765145958,-0.013456979078,0.099154211937,0.112577226374,-0.000033964642
8.050000,1,0.000000476,-0.003764158,0.000073603,0.000765213266,-0.013490989384,0.099141368498,0.112576230204,-0.000056127677
8.050000,2,0.000000117,-0.006556974,0.000057230,0.001549552550,-0.045095512489,0.466289632642,0.511421583628,0.000036438497
8.050000,3,0.000001008,-0.006558848,0.000057500,0.001549303241,-0.045116985529,0.465479171887,0.510614162864,0.000018005449
8.100000,0,-0.000000184,-0.003589115,0.000004286,0.000765131975,-0.013486740104,0.099154211937,0.112606478862,-0.000034473179
8.100000,1,-0.000000105,-0.003583441,0.000004037,0.000765191744,-0.013519797393,0.099141368498,0.112605345723,-0.000055820167
8.100000,2,0.000000043,-0.007013974,0.000036177,0.001549318613,-0.045162706798,0.466289632642,0.511489594311,0.000037254871
8.100000,3,-0.000001511,-0.007017428,0.000033098,0.001549409467,-0.045185611795,0.465479171887,0.510682208755,0.000017425073
8.150000,0,0.000000322,-0.003517557,-0.000019668,0.000765151547,-0.013508051012,0.099154211937,0.112627286331,-0.000034976618
8.150000,1,-0.000000434,-0.003514115,-0.000021129,0.000765153253,-0.013539743819,0.099141368498,0.112626058688,-0.000055053629
8.150000,2,-0.000000064,-0.006595506,0.000029355,0.001549388285,-0.045229402438,0.466289632642,0.511557147042,0.000038111963
8.150000,3,-0.000002333,-0.006598084,0.000033305,0.001549466633,-0.045253964299,0.465479171887,0.510749774747,0.000016638561
8.200000,0,-0.000000482,-0.003748811,0.000080423,0.000765143276,-0.013533750813,0.099154211937,0.112652555959,-0.000035406791
8.200000,1,0.000000502,-0.003747601,0.000080313,0.000765063644,-0.013562493946,0.099141368498,0.112651232707,-0.000052629737
8.200000,2,0.000000005,-0.006960937,0.000021305,0.001549420676,-0.045279171575,0.466289632642,0.511606492333,0.000037688116
8.200000,3,-0.000000380,-0.006961679,0.000017656,0.001549439270,-0.045304277906,0.465479171887,0.510799013863,0.000015564070
8.250000,0,0.000000403,-0.003503696,-0.000038635,0.000765111111,-0.013552887034,0.099154211937,0.112674379034,-0.000032719938
8.250000,1,0.000000159,-0.003504778,-0.000037608,0.000765024709,-0.013584469080,0.099141368498,0.112672963803,-0.000052873776
8.250000,2,0.000000084,-0.006659879,0.000038685,0.001549493167,-0.045327751779,0.466289632642,0.511655967343,0.000038582922
8.250000,3,0.000001863,-0.006658342,0.000039373,0.001549367228,-0.045354230435,0.465479171887,0.510848301563,0.000014899242
8.300000,0,-0.000000420,-0.003626955,0.000031042,0.000765127033,-0.013567630817,0.099154211937,0.112687932950,-0.000033909804
8.300000,1,-0.000000603,-0.003629743,0.000030854,0.000765058724,-0.013598923891,0.099141368498,0.112686431111,-0.000053861278
8.300000,2,-0.000000079,-0.006928038,0.000025523,0.001549290922,-0.045364618126,0.466289632642,0.511691468560,0.000037217793
8.300000,3,0.000002143,-0.006927204,0.000026680,0.001549359281,-0.045390132774,0.465479171887,0.510883690822,0.000014386161
8.350000,0,0.000000152,-0.003682363,0.000021348,0.000765137573,-0.013580994648,0.099154211937,0.112700588584,-0.000034618001
8.350000,1,0.000000242,-0.003686591,0.000019376,0.000765089033,-0.013611940107,0.099141368498,0.112699066109,-0.000054242496
8.350000,2,-0.000000069,-0.006699312,0.000034345,0.001549229889,-0.045398601712,0.466289632642,0.511727409168,0.000039174814
8.350000,3,0.000000764,-0.006700721,0.000031640,0.001549415791,-0.045427115193,0.465479171887,0.510919694640,0.000013407560
8.400000,0,-0.000000245,-0.003518897,-0.000035733,0.000765128000,-0.013594876755,0.099154211937,0.112712873106,-0.000036215586
8.400000,1,0.000000694,-0.003519443,-0.000037323,0.000765055845,-0.013625831900,0.099141368498,0.112711322678,-0.000055877720
8.400000,2,-0.000000028,-0.006881090,0.000006007,0.001549637074,-0.045425566190,0.466289632642,0.511753368809,0.000038169978
8.400000,3,-0.000000217,-0.006885041,0.000008146,0.001549468496,-0.045455425237,0.465479171887,0.510945489743,0.000010892620
8.450000,0,0.000000106,-0.003710012,0.000032777,0.000765124114,-0.013605500842,0.099154211937,0.112723856021,-0.000035856759
8.450000,1,0.000000243,-0.003703786,0.000032715,0.000765072056,-0.013638363362,0.099141368498,0.112722336140,-0.000057395720
8.450000,2,0.000000071,-0.006715417,0.000026925,0.001549410085,-0.045452181670,0.466289632642,0.511779828473,0.000038014162
8.450000,3,-0.000000715,-0.006720562,0.000024095,0.001549436566,-0.045483203926,0.465479171887,0.510971874416,0.000009498603
8.500000,0,0.000000136,-0.003625382,-0.000030822,0.000765125998,-0.013611345778,0.099154211937,0.112732021277,-0.000033536438
8.500000,1,-0.000000550,-0.003619180,-0.000031319,0.000765107190,-0.013649104224,0.099141368498,0.112730454826,-0.000060017896
8.500000,2,0.000000122,-0.006841481,0.000015589,0.001549290516,-0.045472331188,0.466289632642,0.511798630493,0.000036666663
8.500000,3,-0.000001013,-0.006844889,0.000016188,0.001549375278,-0.045501718732,0.465479171887,0.510990529756,0.000009639137
8.550000,0,-0.000000654,-0.003583537,-0.000013760,0.000765150640,-0.013618421242,0.099154211937,0.112737777828,-0.000034855350
8.550000,1,-0.000000287,-0.003580022,-0.000015652,0.000765073645,-0.013656045956,0.099141368498,0.112736140713,-0.000061273741
8.550000,2,-0.000000115,-0.006740969,0.000027810,0.001549418522,-0.045491107941,0.466289632642,0.511817919803,0.000037179221
8.550000,3,-0.000001261,-0.006741259,0.000030477,0.001549331640,-0.045521190633,0.465479171887,0.511009786810,0.000009424291
8.600000,0,0.000000694,-0.003708295,0.000006038,0.000765137592,-0.013626386278,0.099154211937,0.112744667568,-0.000035930647
8.600000,1,0.000000458,-0.003708057,0.000004813,0.000765063200,-0.013665167227,0.099141368498,0.112742912432,-0.000063623293
8.600000,2,-0.000000153,-0.006826823,0.000010683,0.001549432899,-0.045504756634,0.466289632642,0.511831724886,0.000037335611
8.600000,3,-0.000000444,-0.006825452,0.000007816,0.001549370496,-0.045536905133,0.465479171887,0.511023498699,0.000007421679
8.650000,0,-0.000000759,-0.003571918,-0.000037762,0.000765090255,-0.013631849597,0.099154211937,0.112750699732,-0.000035361802
8.650000,1,0.000000525,-0.003572224,-0.000038138,0.000765089721,-0.013670983947,0.099141368498,0.112748837705,-0.000063514740
8.650000,2,-0.000000040,-0.006764261,0.000009982,0.001549409107,-0.045518349314,0.466289632642,0.511845978976,0.000037997020
8.650000,3,0.000000666,-0.006762694,0.000015047,0.001549432891,-0.045553075061,0.465479171887,0.511037663929,0.000005416982
8.700000,0,0.000000653,-0.003633006,0.000000092,0.000765116635,-0.013634458206,0.099154211937,0.112754568985,-0.000034101159
8.700000,1,0.000000470,-0.003635414,0.000000669,0.000765107864,-0.013676595526,0.099141368498,0.112752578956,-0.000065385068
8.700000,2,0.000000170,-0.006803483,0.000004057,0.001549231323,-0.045529214635,0.466289632642,0.511856070508,0.000037223231
8.700000,3,0.000001296,-0.006803314,0.000003180,0.001549465307,-0.045562616816,0.465479171887,0.511047650676,0.000005861973
8.750000,0,-0.000000469,-0.003656624,-0.000015100,0.000765132679,-0.013639289202,0.099154211937,0.112758200215,-0.000035300925
8.750000,1,-0.000000236,-0.003661588,-0.000015475,0.000765125682,-0.013680101515,0.099141368498,0.112756093016,-0.000065376996
8.750000,2,0.000000132,-0.006767464,0.000021822,0.001549484416,-0.045539670579,0.466289632642,0.511866522722,0.000037219502
8.750000,3,0.000001196,-0.006767195,0.000021320,0.001549470353,-0.045571560463,0.465479171887,0.511058022399,0.000007290049
8.800000,0,-0.000000759,-0.003557903,-0.000020221,0.000765154901,-0.013643307858,0.099154211937,0.112761643226,-0.000035876569
8.800000,1,-0.000000636,-0.003562882,-0.000018280,0.000765145880,-0.013685393452,0.099141368498,0.112759462663,-0.000067299287
8.800000,2,-0.000000149,-0.006782519,0.000005999,0.001549628261,-0.045545710243,0.466289632642,0.511873995621,0.000038652736
8.800000,3,0.000000877,-0.006782282,0.000007904,0.001549404691,-0.045578367349,0.465479171887,0.511065408535,0.000007869300
8.850000,0,0.000000762,-0.003656760,0.000001889,0.000765171588,-0.013647222461,0.099154211937,0.112764750343,-0.000036684055
8.850000,1,-0.000000668,-0.003659617,0.000001481,0.000765201465,-0.013689717808,0.099141368498,0.112762481491,-0.000068604815
8.850000,2,-0.000000072,-0.006778473,0.000017689,0.001549237083,-0.045552232328,0.466289632642,0.511881709392,0.000039844422
8.850000,3,0.000000091,-0.006776698,0.000014962,0.001549339193,-0.045587296773,0.465479171887,0.511073032507,0.000006563847
8.900000,0,-0.000000764,-0.003610527,-0.000016994,0.000765117739,-0.013649771176,0.099154211937,0.112767065085,-0.000036918028
8.900000,1,-0.000000513,-0.003606668,-0.000016143,0.000765167229,-0.013692258820,0.099141368498,0.112764750439,-0.000068876880
8.900000,2,-0.000000025,-0.006779725,-0.000002545,0.001549353944,-0.045557780944,0.466289632642,0.511887251213,0.000039837627
8.900000,3,-0.000000383,-0.006775179,-0.000000133,0.001549337949,-0.045595241906,0.465479171887,0.511078497762,0.000004083970
8.950000,0,0.000000487,-0.003593831,-0.000006688,0.000765125189,-0.013650153282,0.099154211937,0.112768694593,-0.000035670627
8.950000,1,-0.000000558,-0.003587523,-0.000006940,0.000765134088,-0.013694588452,0.099141368498,0.112766331379,-0.000069625572
8.950000,2,0.000000120,-0.006793454,0.000012159,0.001549470638,-0.045563427959,0.466289632642,0.511892973046,0.000039912445
8.950000,3,-0.000000328,-0.006788158,0.000012762,0.001549370133,-0.045599397610,0.465479171887,0.511084136469,0.000005566972
9.000000,0,-0.000000309,-0.003658238,-0.000005601,0.000765165911,-0.013652640961,0.099154211937,0.112770689986,-0.000036162912
9.000000,1,-0.000000181,-0.003658102,-0.000005625,0.000765100995,-0.013697080315,0.099141368498,0.112768232782,-0.000070216030
9.000000,2,0.000000186,-0.006774277,0.000005088,0.001549398626,-0.045567172669,0.466289632642,0.511897161803,0.000040356492
9.000000,3,-0.000000881,-0.006770980,0.000002986,0.001549440102,-0.045599065272,0.465479171887,0.511088246372,0.000010009213
9.050000,0,-0.000000497,-0.003583118,-0.000011204,0.000765162270,-0.013655708802,0.099154211937,0.112772454275,-0.000037466465
9.050000,1,-0.000000033,-0.003584312,-0.000012868,0.000765114886,-0.013699624563,0.099141368498,0.112769907491,-0.000071085570
9.050000,2,-0.000000112,-0.006794443,0.000008873,0.001549356320,-0.045571412373,0.466289632642,0.511901423683,0.000040378669
9.050000,3,-0.000001023,-0.006794171,0.000011243,0.001549434761,-0.045602203087,0.465479171887,0.511092467472,0.000011092498
9.100000,0,0.000000684,-0.003622122,-0.000005274,0.000765140203,-0.013657255482,0.099154211937,0.112773647033,-0.000037820386
9.100000,1,0.000000241,-0.003624477,-0.000004757,0.000765052004,-0.013699901919,0.099141368498,0.112770958144,-0.000070312274
9.100000,2,-0.000000072,-0.006761577,0.000004256,0.001549330947,-0.045573271748,0.466289632642,0.511904604969,0.000041700579
9.100000,3,-0.000000615,-0.006764125,-0.000000108,0.001549367352,-0.045606528358,0.465479171887,0.511095564281,0.000009864037
9.150000,0,-0.000000957,-0.003635405,-0.000009830,0.000765093541,-0.013657522484,0.099154211937,0.112774783103,-0.000036951318
9.150000,1,-0.000000974,-0.003636370,-0.000009451,0.000765088700,-0.013700697094,0.099141368498,0.112771954103,-0.000070111489
9.150000,2,0.000000005,-0.006791046,0.000007607,0.001549599343,-0.045576292305,0.466289632642,0.511907845399,0.000041920452
9.150000,3,-0.000000506,-0.006794420,0.000008390,0.001549335460,-0.045608604892,0.465479171887,0.511098718921,0.000010942142
9.200000,0,0.000000910,-0.003587145,-0.000012008,0.000765131292,-0.013657102962,0.099154211937,0.112775880805,-0.000035434094
9.200000,1,-0.000001153,-0.003589817,-0.000009974,0.000765064106,-0.013701304090,0.099141368498,0.112772906343,-0.000069766245
9.200000,2,0.000000072,-0.006756902,-0.000000619,0.001549436396,-0.045578389272,0.466289632642,0.511910349241,0.000042327327
9.200000,3,0.000000481,-0.006758013,-0.000001041,0.001549359664,-0.045608297701,0.465479171887,0.511101033636,0.000013564048
9.250000,0,-0.000000767,-0.003644261,-0.000007755,0.000765169336,-0.013656760743,0.099154211937,0.112776913372,-0.000034059309
9.250000,1,-0.000000299,-0.003646050,-0.000010007,0.000765099832,-0.013700088232,0.099141368498,0.112773781747,-0.000067674984
9.250000,2,0.000000037,-0.006796800,0.000009989,0.001549158484,-0.045580408173,0.466289632642,0.511912817152,0.000042776337
9.250000,3,0.000001128,-0.006794532,0.000008522,0.001549390167,-0.045609332408,0.465479171887,0.511103376027,0.000014871732
9.300000,0,0.000000312,-0.003615985,-0.000007853,0.000765150777,-0.013659087074,0.099154211937,0.112777699554,-0.000035599457
9.300000,1,0.000001136,-0.003615775,-0.000007801,0.000765077453,-0.013701039072,0.099141368498,0.112774446611,-0.000067960960
9.300000,2,-0.000000051,-0.006760653,-0.000003166,0.001549477356,-0.045580822545,0.466289632642,0.511914733256,0.000044278069
9.300000,3,0.000000552,-0.006756062,0.000002272,0.001549431541,-0.045612495848,0.465479171887,0.511105146351,0.000013478616
9.350000,0,-0.000000096,-0.003615371,-0.000011561,0.000765119290,-0.013660520099,0.099154211937,0.112778259743,-0.000036472293
9.350000,1,0.000000799,-0.003610013,-0.000012714,0.000765153384,-0.013704041306,0.099141368498,0.112774916517,-0.000070493287
9.350000,2,-0.000000005,-0.006798115,0.000008232,0.001549449431,-0.045582450489,0.466289632642,0.511916627282,0.000044544151
9.350000,3,-0.000000444,-0.006795387,0.000006041,0.001549469141,-0.045612990409,0.465479171887,0.511106978880,0.000014816585
9.400000,0,-0.000000034,-0.003646632,-0.000007331,0.000765132915,-0.013660636414,0.099154211937,0.112778898972,-0.000035949379
9.400000,1,0.000000810,-0.003643485,-0.000005639,0.000765127418,-0.013705193636,0.099141368498,0.112775471393,-0.000071090741
9.400000,2,0.000000016,-0.006753000,-0.000001660,0.001549376918,-0.045583586543,0.466289632642,0.511918163678,0.000044944494
9.400000,3,-0.000000101,-0.006754795,-0.000000997,0.001549481441,-0.045613959235,0.465479171887,0.511108416500,0.000015285378
9.450000,0,0.000000096,-0.003599560,-0.000008804,0.000765150068,-0.013658728247,0.099154211937,0.112779475610,-0.000033464574
9.450000,1,0.000000464,-0.003601162,-0.000009260,0.000765173784,-0.013705402034,0.099141368498,0.112775974192,-0.000070796341
9.450000,2,-0.000000020,-0.006789943,0.000003455,0.001549349009,-0.045585449159,0.466289632642,0.511919637226,0.000044555425
9.450000,3,-0.000000735,-0.006792634,0.000004865,0.001549444268,-0.045618227034,0.465479171887,0.511109843478,0.000012444557
9.500000,0,-0.000000388,-0.003620016,-0.000010135,0.000765141344,-0.013657803591,0.099154211937,0.112779929958,-0.000032085570
9.500000,1,0.000000161,-0.003623406,-0.000010383,0.000765111416,-0.013704596126,0.099141368498,0.112776331418,-0.000069633206
9.500000,2,-0.000000049,-0.006751333,0.000004760,0.001549442318,-0.045586113951,0.466289632642,0.511920835187,0.000045088594
9.500000,3,-0.000000775,-0.006753340,0.000000924,0.001549368753,-0.045619305024,0.465479171887,0.511110985045,0.000012508134
9.550000,0,0.000000680,-0.003624455,-0.000005040,0.000765101900,-0.013658773769,0.099154211937,0.112780388704,-0.000032597002
9.550000,1,-0.000000005,-0.003626490,-0.000004009,0.000765114573,-0.013707038863,0.099141368498,0.112776665263,-0.000071742099
9.550000,2,-0.000000090,-0.006795063,0.000000637,0.001549562353,-0.045588233231,0.466289632642,0.511922006361,0.000044140488
9.550000,3,-0.000000255,-0.006795433,0.000003799,0.001549396765,-0.045620602955,0.465479171887,0.511112136369,0.000012361528
9.600000,0,-0.000000628,-0.003602272,-0.000011322,0.000765133917,-0.013659011075,0.099154211937,0.112780852827,-0.000032370185
9.600000,1,0.000000085,-0.003603681,-0.000009984,0.000765129429,-0.013708059913,0.099141368498,0.112776981141,-0.000072447270
9.600000,2,0.000000121,-0.006758478,0.000000640,0.001549189142,-0.045590082642,0.466289632642,0.511923025526,0.000043310242
9.600000,3,0.000000697,-0.006759191,-0.000001132,0.001549451116,-0.045622101665,0.465479171887,0.511113072985,0.000011799433
9.650000,0,0.000000490,-0.003630268,-0.000005445,0.000765159148,-0.013660005819,0.099154211937,0.112781314856,-0.000032902900
9.650000,1,-0.000000040,-0.003630548,-0.000005920,0.000765145729,-0.013708864988,0.099141368498,0.112777281197,-0.000072952289
9.650000,2,0.000000081,-0.006795925,0.000001914,0.001549302763,-0.045591393586,0.466289632642,0.511924025153,0.000042998925
9.650000,3,0.000000714,-0.006796416,0.000002650,0.001549444016,-0.045626396087,0.465479171887,0.511113940046,0.000008372073
9.700000,0,-0.000000587,-0.003614831,-0.000004543,0.000765132747,-0.013658011437,0.099154211937,0.112781709394,-0.000030513980
9.700000,1,-0.000000014,-0.003611605,-0.000005513,0.000765140314,-0.013708714485,0.099141368498,0.112777526736,-0.000072556247
9.700000,2,-0.000000095,-0.006756350,-0.000001381,0.001549588450,-0.045592835399,0.466289632642,0.511924869161,0.000042401120
9.700000,3,0.000000737,-0.006759744,0.000000263,0.001549374797,-0.045627398111,0.465479171887,0.511114653353,0.000008083355
9.750000,0,0.000000464,-0.003614303,-0.000010113,0.000765120837,-0.013659442173,0.099154211937,0.112782031386,-0.000031622725
9.750000,1,-0.000000229,-0.003608198,-0.000010059,0.000765124413,-0.013708718963,0.099141368498,0.112777715698,-0.000072371763
9.750000,2,-0.000000115,-0.006788766,0.000005639,0.001549364763,-0.045592770841,0.466289632642,0.511925702201,0.000043298718
9.750000,3,0.000000119,-0.006794656,0.000001669,0.001549344619,-0.045627302176,0.465479171887,0.511115357698,0.000008883636
9.800000,0,0.000000600,-0.003630196,-0.000003678,0.000765113050,-0.013661583113,0.099154211937,0.112782371226,-0.000033423824
9.800000,1,-0.000000191,-0.003624772,-0.000004105,0.000765144508,-0.013709058729,0.099141368498,0.112777923111,-0.000072504117
9.800000,2,-0.000000055,-0.006754239,-0.000003652,0.001549382855,-0.045592793561,0.466289632642,0.511926436188,0.000044009986
9.800000,3,-0.000000717,-0.006759844,-0.000001349,0.001549353919,-0.045625205048,0.465479171887,0.511115981007,0.000011604073
9.850000,0,-0.000000493,-0.003610548,-0.000010254,0.000765101232,-0.013663843793,0.099154211937,0.112782668395,-0.000035387335
9.850000,1,0.000000200,-0.003607221,-0.000007623,0.000765152341,-0.013709350864,0.099141368498,0.112778114929,-0.000072604434
9.850000,2,0.000000195,-0.006788891,0.000003456,0.001549385085,-0.045593402719,0.466289632642,0.511927174027,0.000044138667
9.850000,3,-0.000000853,-0.006791990,0.000001253,0.001549404108,-0.045622549352,0.465479171887,0.511116578660,0.000014857422
9.900000,0,0.000000284,-0.003616685,-0.000009113,0.000765150345,-0.013662490160,0.099154211937,0.112782898293,-0.000033803805
9.900000,1,0.000000300,-0.003619775,-0.000008671,0.000765153106,-0.013710683942,0.099141368498,0.112778265606,-0.000073786834
9.900000,2,0.000000067,-0.006759905,0.000000293,0.001549502810,-0.045594219552,0.466289632642,0.511927809754,0.000043957560
9.900000,3,-0.000000735,-0.006759417,-0.000000586,0.001549466399,-0.045623768897,0.465479171887,0.511117144532,0.000014203749
9.950000,0,-0.000000195,-0.003613496,-0.000005011,0.000765145462,-0.013661673861,0.099154211937,0.112783114470,-0.000032771328
9.950000,1,-0.000000125,-0.003619782,-0.000005480,0.000765112612,-0.013710625915,0.099141368498,0.112778402612,-0.000073591802
9.950000,2,-0.000000038,-0.006790940,-0.000002912,0.001549369910,-0.045596749414,0.466289632642,0.511928425153,0.000042043098
9.950000,3,-0.000000123,-0.006788303,-0.000000177,0.001549484272,-0.045624539840,0.465479171887,0.511117712768,0.000014001041
10.000000,0,0.000000149,-0.003606288,-0.000012247,0.000765110571,-0.013661033621,0.099154211937,0.112783340568,-0.000031904991
10.000000,1,-0.000000624,-0.003608940,-0.000012253,0.000765106703,-0.013710456056,0.099141368498,0.112778540467,-0.000073284088
10.000000,2,-0.000000152,-0.006761048,0.000002029,0.001549183019,-0.045598543546,0.466289632642,0.511928966993,0.000040790806
10.000000,3,0.000000572,-0.006759634,-0.000000973,0.001549389374,-0.045624131796,0.465479171887,0.511118260773,0.000014957091
10.050000,0,0.000000130,-0.003623511,-0.000008254,0.000765104658,-0.013661252542,0.099154211937,0.112783591853,-0.000031872627
10.050000,1,-0.000000857,-0.003622528,-0.000007607,0.000765123961,-0.013712171829,0.099141368498,0.112778668846,-0.000074871481
10.050000,2,-0.000000056,-0.006785656,-0.000002790,0.001549560084,-0.045598745895,0.466289632642,0.511929527979,0.000041149442
10.050000,3,0.000000484,-0.006786925,-0.000000045,0.001549359919,-0.045625222037,0.465479171887,0.511118759085,0.000014365161
10.100000,0,-0.000000154,-0.003616065,-0.000009992,0.000765147349,-0.013660934190,0.099154211937,0.112783868091,-0.000031278036
10.100000,1,-0.000000207,-0.003615502,-0.000007995,0.000765149575,-0.013711402671,0.099141368498,0.112778781486,-0.000073989683
10.100000,2,0.000000216,-0.006757624,0.000001457,0.001549511169,-0.045600890946,0.466289632642,0.511930022729,0.000039499141
10.100000,3,0.000000237,-0.006761852,-0.000000451,0.001549411210,-0.045624950810,0.465479171887,0.511119229580,0.000015106883
10.150000,0,0.000000224,-0.003615037,-0.000009596,0.000765164537,-0.013660221644,0.099154211937,0.112784144864,-0.000030288717
10.150000,1,0.000000194,-0.003612907,-0.000010728,0.000765135201,-0.013710824733,0.099141368498,0.112778887346,-0.000073305885
10.150000,2,0.000000079,-0.006781100,0.000000586,0.001549291343,-0.045599782615,0.466289632642,0.511930502335,0.000041087078
10.150000,3,-0.000000008,-0.006786199,-0.000000655,0.001549419265,-0.045625528353,0.465479171887,0.511119649900,0.000014949660
10.200000,0,-0.000000517,-0.003624064,-0.000006117,0.000765122252,-0.013660150257,0.099154211937,0.112784421747,-0.000029940447
10.200000,1,-0.000000011,-0.003621230,-0.000006084,0.000765117098,-0.013709941044,0.099141368498,0.112779000960,-0.000072308583
10.200000,2,-0.000000094,-0.006760796,-0.000004025,0.001549393210,-0.045600802732,0.466289632642,0.511930962757,0.000040527383
10.200000,3,-0.000000449,-0.006764945,-0.000000492,0.001549420486,-0.045625349634,0.465479171887,0.511120050987,0.000015529467
10.250000,0,0.000000740,-0.003614734,-0.000011788,0.000765104640,-0.013659544261,0.099154211937,0.112784681058,-0.000029075139
10.250000,1,0.000000058,-0.003612400,-0.000011162,0.000765148184,-0.013711570877,0.099141368498,0.112779109681,-0.000073829693
10.250000,2,-0.000000048,-0.006784750,0.000001512,0.001549409784,-0.045601572154,0.466289632642,0.511931426893,0.000040222097
10.250000,3,-0.000000533,-0.006786607,-0.000001638,0.001549373841,-0.045626729942,0.465479171887,0.511120412441,0.000014510612
10.300000,0,-0.000000235,-0.003617949,-0.000009835,0.000765132080,-0.013660397376,0.099154211937,0.112784907374,-0.000029701939
10.300000,1,-0.000000147,-0.003617854,-0.000009341,0.000765109420,-0.013712081422,0.099141368498,0.112779203604,-0.000074246316
10.300000,2,-0.000000047,-0.006766009,-0.000003271,0.001549483192,-0.045601923071,0.466289632642,0.511931882104,0.000040326391
10.300000,3,-0.000000201,-0.006766059,-0.000001272,0.001549347009,-0.045627735671,0.465479171887,0.511120759487,0.000013851929
10.350000,0,-0.000000003,-0.003612703,-0.000008143,0.000765159966,-0.013660371590,0.099154211937,0.112785105102,-0.000029478425
10.350000,1,-0.000000001,-0.003617507,-0.000008022,0.000765097850,-0.013711921738,0.099141368498,0.112779295122,-0.000073995114
10.350000,2,0.000000097,-0.006782597,-0.000002644,0.001549249484,-0.045602554676,0.466289632642,0.511932321525,0.000040134207
10.350000,3,0.000000266,-0.006783249,-0.000000939,0.001549363359,-0.045630089743,0.465479171887,0.511121107890,0.000011846260
10.400000,0,-0.000000119,-0.003607633,-0.000009777,0.000765144976,-0.013661120906,0.099154211937,0.112785285670,-0.000030047174
10.400000,1,0.000000258,-0.003611715,-0.000010519,0.000765113094,-0.013712013476,0.099141368498,0.112779384176,-0.000073997798
10.400000,2,0.000000013,-0.006762680,0.000002071,0.001549337913,-0.045602553791,0.466289632642,0.511932763198,0.000040576765
10.400000,3,0.000000231,-0.006765181,0.000000042,0.001549364708,-0.045629640836,0.465479171887,0.511121499389,0.000012686667
10.450000,0,0.000000099,-0.003621316,-0.000007231,0.000765107945,-0.013661006683,0.099154211937,0.112785467831,-0.000029750790
10.450000,1,-0.000000049,-0.003618407,-0.000006053,0.000765133882,-0.013710800302,0.099141368498,0.112779474174,-0.000072694626
10.450000,2,-0.000000064,-0.006777915,-0.000003558,0.001549653736,-0.045602046181,0.466289632642,0.511933187727,0.000041508904
10.450000,3,0.000000597,-0.006780162,-0.000000574,0.001549445339,-0.045631677952,0.465479171887,0.511121878867,0.000011029028
10.500000,0,0.000000163,-0.003618871,-0.000010013,0.000765124690,-0.013661116541,0.099154211937,0.112785665495,-0.000029662983
10.500000,1,0.000000290,-0.003614572,-0.000009719,0.000765132087,-0.013709381025,0.099141368498,0.112779563184,-0.000071186340
10.500000,2,-0.000000002,-0.006763448,0.000001940,0.001549355705,-0.045602902025,0.466289632642,0.511933617718,0.000041083051
10.500000,3,0.000000297,-0.006764757,0.000000370,0.001549467166,-0.045631478396,0.465479171887,0.511122242767,0.000011592485
10.550000,0,-0.000000583,-0.003615947,-0.000008240,0.000765157638,-0.013661574400,0.099154211937,0.112785884819,-0.000029901518
10.550000,1,0.000000440,-0.003613456,-0.000008076,0.000765132100,-0.013709951461,0.099141368498,0.112779664628,-0.000071655331
10.550000,2,0.000000018,-0.006779902,-0.000003516,0.001549271910,-0.045603323121,0.466289632642,0.511934001043,0.000041045281
10.550000,3,-0.000000179,-0.006778817,-0.000000278,0.001549392416,-0.045631298262,0.465479171887,0.511122606355,0.000012136207
10.600000,0,0.000000657,-0.003617139,-0.000006440,0.000765160165,-0.013660636504,0.099154211937,0.112786126182,-0.000028722259
10.600000,1,0.000000671,-0.003617750,-0.000006555,0.000765131352,-0.013709335650,0.099141368498,0.112779757195,-0.000070946952
10.600000,2,0.000000036,-0.006769224,-0.000002431,0.001549455028,-0.045603913173,0.466289632642,0.511934375497,0.000040829682
10.600000,3,-0.000000045,-0.006764368,0.000000796,0.001549381580,-0.045632896827,0.465479171887,0.511122955235,0.000010886522
10.650000,0,-0.000000714,-0.003613354,-0.000009782,0.000765120764,-0.013661409352,0.099154211937,0.112786384283,-0.000029237006
10.650000,1,0.000001193,-0.003613139,-0.000009905,0.000765138668,-0.013708405614,0.099141368498,0.112779841528,-0.000069932584
10.650000,2,-0.000000103,-0.006780681,0.000000846,0.001549413331,-0.045604843105,0.466289632642,0.511934722661,0.000040246915
10.650000,3,-0.000000140,-0.006774787,-0.000000770,0.001549395306,-0.045633515225,0.465479171887,0.511123273651,0.000010586539
10.700000,0,0.000000614,-0.003615429,-0.000008996,0.000765127274,-0.013661495479,0.099154211937,0.112786630981,-0.000029076435
10.700000,1,0.000000950,-0.003616199,-0.000007664,0.000765131894,-0.013710882311,0.099141368498,0.112779926909,-0.000072323901
10.700000,2,-0.000000043,-0.006767320,-0.000004634,0.001549398878,-0.045605332613,0.466289632642,0.511935085711,0.000040120457
10.700000,3,-0.000000443,-0.006763579,-0.000000687,0.001549371397,-0.045632767884,0.465479171887,0.511123566885,0.000011627114
10.750000,0,-0.000000471,-0.003613212,-0.000008574,0.000765141583,-0.013661529840,0.099154211937,0.112786860795,-0.000028880982
10.750000,1,0.000001153,-0.003616661,-0.000009382,0.000765136628,-0.013709214231,0.099141368498,0.112780007095,-0.000070575634
10.750000,2,0.000000106,-0.006774432,-0.000001341,0.001549268595,-0.045607109339,0.466289632642,0.511935426465,0.000038684485
10.750000,3,-0.000000591,-0.006774642,-0.000002380,0.001549400468,-0.045634332482,0.465479171887,0.511123856189,0.000010351820
10.800000,0,0.000000323,-0.003611248,-0.000008056,0.000765152558,-0.013663712465,0.099154211937,0.112787059667,-0.000030864735
10.800000,1,0.000000324,-0.003613751,-0.000009009,0.000765111457,-0.013708062093,0.099141368498,0.112780098255,-0.000069332335
10.800000,2,0.000000027,-0.006763932,0.000000735,0.001549501299,-0.045606699205,0.466289632642,0.511935774956,0.000039443109
10.800000,3,-0.000000177,-0.006766183,-0.000000197,0.001549437660,-0.045633271270,0.465479171887,0.511124144771,0.000011701614
10.850000,0,-0.000000152,-0.003621636,-0.000007684,0.000765125695,-0.013663671032,0.099154211937,0.112787226814,-0.000030656155
10.850000,1,0.000000582,-0.003618172,-0.000007876,0.000765132724,-0.013710477078,0.099141368498,0.112780188659,-0.000071656917
10.850000,2,-0.000000005,-0.006773453,-0.000004363,0.001549579623,-0.045606082169,0.466289632642,0.511936123928,0.000040409118
10.850000,3,0.000000216,-0.006775246,-0.000001138,0.001549431734,-0.045636526044,0.465479171887,0.511124436832,0.000008738901
10.900000,0,-0.000000082,-0.003620683,-0.000010036,0.000765129733,-0.013663086364,0.099154211937,0.112787383285,-0.000029915016
10.900000,1,0.000000516,-0.003615567,-0.000008778,0.000765094685,-0.013710282880,0.099141368498,0.112780278147,-0.000071373232
10.900000,2,-0.000000149,-0.006767600,0.000001197,0.001549221890,-0.045607220029,0.466289632642,0.511936487615,0.000039634944
10.900000,3,-0.000000417,-0.006766674,0.000000216,0.001549439188,-0.045635338380,0.465479171887,0.511124737253,0.000010226986
10.950000,0,0.000000074,-0.003614198,-0.000008397,0.000765149257,-0.013663636280,0.099154211937,0.112787545317,-0.000030302900
10.950000,1,0.000000543,-0.003614917,-0.000008987,0.000765094402,-0.013711327010,0.099141368498,0.112780360305,-0.000072335202
10.950000,2,-0.000000039,-0.006776864,-0.000004753,0.001549312769,-0.045608991093,0.466289632642,0.511936849339,0.000038225604
10.950000,3,0.000000141,-0.006774532,-0.000002715,0.001549417760,-0.045633749631,0.465479171887,0.511125046498,0.000012124981
11.000000,0,-0.000000289,-0.003613471,-0.000008332,0.000765139267,-0.013664009265,0.099154211937,0.112787729850,-0.000030491352
11.000000,1,0.000000752,-0.003617067,-0.000008547,0.000765138116,-0.013709232313,0.099141368498,0.112780436547,-0.000070164264
11.000000,2,0.000000148,-0.006770707,-0.000001719,0.001549490233,-0.045607081794,0.466289632642,0.511937200126,0.000040485691
11.000000,3,0.000000594,-0.006768849,-0.000002576,0.001549361946,-0.045633788597,0.465479171887,0.511125366489,0.000012406005
11.050000,0,0.000000432,-0.003611075,-0.000007897,0.000765146581,-0.013664985202,0.099154211937,0.112787933951,-0.000031263188
11.050000,1,-0.000000083,-0.003614584,-0.000009024,0.000765164833,-0.013711232839,0.099141368498,0.112780514039,-0.000072087298
11.050000,2,0.000000114,-0.006774543,-0.000000253,0.001549390873,-0.045609077828,0.466289632642,0.511937548369,0.000038837900
11.050000,3,0.000000769,-0.006775227,-0.000003089,0.001549324211,-0.045635000248,0.465479171887,0.511125681487,0.000011509352
11.100000,0,-0.000000286,-0.003614277,-0.000008664,0.000765129012,-0.013665962402,0.099154211937,0.112788145423,-0.000032028917
11.100000,1,-0.000000280,-0.003616235,-0.000007773,0.000765115124,-0.013710898277,0.099141368498,0.112780595893,-0.000071670882
11.100000,2,-0.000000000,-0.006766573,-0.000003814,0.001549365875,-0.045609025283,0.466289632642,0.511937877932,0.000039220007
11.100000,3,0.000000165,-0.006769955,-0.000002112,0.001549376004,-0.045633177511,0.465479171887,0.511125982367,0.000013632969
11.150000,0,0.000000038,-0.003616246,-0.000010186,0.000765115275,-0.013665277482,0.099154211937,0.112788369158,-0.000031120261
11.150000,1,-0.000000292,-0.003616282,-0.000009045,0.000765097513,-0.013710562164,0.099141368498,0.112780673347,-0.000071257315
11.150000,2,-0.000000210,-0.006770292,-0.000000299,0.001549357573,-0.045608977979,0.466289632642,0.511938212266,0.000039601646
11.150000,3,-0.000000138,-0.006774659,-0.000003527,0.001549417317,-0.045636586500,0.465479171887,0.511126273055,0.000010514668
11.200000,0,0.000000148,-0.003613189,-0.000008607,0.000765154973,-0.013666415229,0.099154211937,0.112788601563,-0.000032025603
11.200000,1,0.000000023,-0.003614212,-0.000008723,0.000765106640,-0.013711460984,0.099141368498,0.112780750264,-0.000072079219
11.200000,2,-0.000000003,-0.006767703,-0.000000077,0.001549564314,-0.045609495862,0.466289632642,0.511938522426,0.000039393922
11.200000,3,-0.000000244,-0.006770786,-0.000002062,0.001549431130,-0.045635967679,0.465479171887,0.511126555392,0.000011415826
11.250000,0,-0.000000300,-0.003617250,-0.000007221,0.000765152101,-0.013666543020,0.099154211937,0.112788818557,-0.000031936400
11.250000,1,0.000000409,-0.003615405,-0.000008264,0.000765109054,-0.013711915770,0.099141368498,0.112780841343,-0.000072442924
11.250000,2,0.000000127,-0.006774303,-0.000004690,0.001549452876,-0.045611114362,0.466289632642,0.511938832979,0.000038085975
11.250000,3,-0.000000581,-0.006774184,-0.000002324,0.001549400419,-0.045637649098,0.465479171887,0.511126821601,0.000010000617
11.300000,0,0.000000784,-0.003618626,-0.000007762,0.000765131343,-0.013669581774,0.099154211937,0.112789008706,-0.000034785005
11.300000,1,-0.000000525,-0.003616055,-0.000008088,0.000765138064,-0.013713625372,0.099141368498,0.112780915264,-0.000074078606
11.300000,2,0.000000087,-0.006772840,-0.000000161,0.001549181057,-0.045610302468,0.466289632642,0.511939130933,0.000039195823
11.300000,3,-0.000000559,-0.006769805,-0.000001477,0.001549366263,-0.045634808615,0.465479171887,0.511127085442,0.000013104940
11.350000,0,-0.000000105,-0.003619294,-0.000007879,0.000765120515,-0.013673535574,0.099154211937,0.112789170882,-0.000038576629
11.350000,1,-0.000000965,-0.003615271,-0.000008815,0.000765108522,-0.013713056696,0.099141368498,0.112780979660,-0.000073445534
11.350000,2,0.000000019,-0.006776655,-0.000004836,0.001549402192,-0.045611128640,0.466289632642,0.511939439480,0.000038678198
11.350000,3,-0.000000266,-0.006771810,-0.000003268,0.001549394757,-0.045634368001,0.465479171887,0.511127350906,0.000013811019
11.400000,0,-0.000000504,-0.003620152,-0.000009505,0.000765117469,-0.013675917980,0.099154211937,0.112789313391,-0.000040816526
11.400000,1,0.000000042,-0.003616354,-0.000008806,0.000765150841,-0.013711965735,0.099141368498,0.112781042660,-0.000072291573
11.400000,2,-0.000000150,-0.006772033,-0.000001187,0.001549520589,-0.045612895514,0.466289632642,0.511939737562,0.000037209406
11.400000,3,0.000000145,-0.006769153,-0.000002160,0.001549425146,-0.045638825331,0.465479171887,0.511127625677,0.000009628459
11.450000,0,0.000000495,-0.003613417,-0.000008837,0.000765136343,-0.013675270420,0.099154211937,0.112789436803,-0.000040045554
11.450000,1,-0.000000197,-0.003614898,-0.000008246,0.000765140198,-0.013712264864,0.099141368498,0.112781117432,-0.000072515930
11.450000,2,-0.000000081,-0.006771609,-0.000000772,0.001549365893,-0.045610481032,0.466289632642,0.511940045703,0.000039932029
11.450000,3,-0.000000315,-0.006773285,-0.000003315,0.001549419000,-0.045638602829,0.465479171887,0.511127902345,0.000010127629
11.500000,0,-0.000000431,-0.003610283,-0.000007668,0.000765142767,-0.013672059729,0.099154211937,0.112789560205,-0.000036711461
11.500000,1,-0.000000603,-0.003615158,-0.000008884,0.000765128202,-0.013710605298,0.099141368498,0.112781191113,-0.000070782683
11.500000,2,0.000000124,-0.006768146,-0.000004041,0.001549397817,-0.045610910311,0.466289632642,0.511940352527,0.000039809575
11.500000,3,-0.000000283,-0.006772051,-0.000002418,0.001549402813,-0.045639324896,0.465479171887,0.511128176917,0.000009680135
11.550000,0,0.000000664,-0.003613573,-0.000008192,0.000765110702,-0.013671880629,0.099154211937,0.112789697982,-0.000036394584
11.550000,1,-0.000001028,-0.003615526,-0.000008362,0.000765084986,-0.013710405143,0.099141368498,0.112781261059,-0.000070512582
11.550000,2,0.000000020,-0.006771164,0.000000528,0.001549386843,-0.045611397465,0.466289632642,0.511940662926,0.000039632819
11.550000,3,0.000000231,-0.006773306,-0.000002075,0.001549423149,-0.045640334613,0.465479171887,0.511128435256,0.000008928757
11.600000,0,-0.000000540,-0.003615005,-0.000009419,0.000765112555,-0.013672936536,0.099154211937,0.112789864963,-0.000037283510
11.600000,1,-0.000000725,-0.003614951,-0.000009268,0.000765141020,-0.013710677829,0.099141368498,0.112781323719,-0.000070722607
11.600000,2,0.000000017,-0.006771884,-0.000001752,0.001549525764,-0.045611848658,0.466289632642,0.511940981716,0.000039500417
11.600000,3,0.000000563,-0.006770754,-0.000000804,0.001549431808,-0.045640961201,0.465479171887,0.511128703961,0.000008570874
11.650000,0,0.000000265,-0.003617527,-0.000008799,0.000765140161,-0.013673549230,0.099154211937,0.112790052588,-0.000037708579
11.650000,1,0.000000130,-0.003615925,-0.000007559,0.000765151361,-0.013711792730,0.099141368498,0.112781381469,-0.000071779760
11.650000,2,-0.000000102,-0.006775174,-0.000004925,0.001549359727,-0.045609544169,0.466289632642,0.511941296482,0.000042119671
11.650000,3,0.000000705,-0.006771496,-0.000002342,0.001549427756,-0.045638527415,0.465479171887,0.511128967649,0.000011268348
11.700000,0,-0.000000119,-0.003616610,-0.000007588,0.000765155780,-0.013676452244,0.099154211937,0.112790240453,-0.000040423728
11.700000,1,0.000000349,-0.003616608,-0.000008860,0.000765214398,-0.013711574952,0.099141368498,0.112781437330,-0.000071506120
11.700000,2,-0.000000021,-0.006773277,0.000000678,0.001549201444,-0.045610542071,0.466289632642,0.511941603860,0.000041429146
11.700000,3,0.000000411,-0.006769777,-0.000002241,0.001549392266,-0.045642662959,0.465479171887,0.511129226696,0.000007391850
11.750000,0,0.000000101,-0.003617877,-0.000007578,0.000765133005,-0.013676930027,0.099154211937,0.112790416890,-0.000040725075
11.750000,1,-0.000000067,-0.003615465,-0.000007649,0.000765153674,-0.013713245032,0.099141368498,0.112781495372,-0.000073118158
11.750000,2,0.000000056,-0.006772607,-0.000004920,0.001549496730,-0.045609233542,0.466289632642,0.511941901080,0.000043034896
11.750000,3,-0.000000314,-0.006772270,-0.000003037,0.001549413837,-0.045642710733,0.465479171887,0.511129474998,0.000007592378
11.800000,0,0.000000332,-0.003619446,-0.000009183,0.000765109997,-0.013678389671,0.099154211937,0.112790581494,-0.000042020114
11.800000,1,-0.000000011,-0.003615491,-0.000009962,0.000765137542,-0.013710477948,0.099141368498,0.112781556756,-0.000070289691
11.800000,2,-0.000000018,-0.006768741,-0.000000489,0.001549514989,-0.045610923770,0.466289632642,0.511942203018,0.000041646607
11.800000,3,-0.000000539,-0.006773019,-0.000001584,0.001549392112,-0.045640825979,0.465479171887,0.511129736469,0.000009738603
11.850000,0,-0.000000226,-0.003619446,-0.000009895,0.000765099705,-0.013677757009,0.099154211937,0.112790728542,-0.000041240404
11.850000,1,0.000000313,-0.003615324,-0.000006931,0.000765094845,-0.013710914924,0.099141368498,0.112781624384,-0.000070659038
11.850000,2,0.000000022,-0.006768170,-0.000001214,0.001549335525,-0.045610934123,0.466289632642,0.511942476321,0.000041909556
11.850000,3,-0.000000487,-0.006774221,-0.000001498,0.001549391457,-0.045640475739,0.465479171887,0.511129996290,0.000010348664
11.900000,0,0.000000121,-0.003615423,-0.000009534,0.000765145338,-0.013679223361,0.099154211937,0.112790853419,-0.000042581879
11.900000,1,0.000000120,-0.003616035,-0.000009494,0.000765124037,-0.013712988878,0.099141368498,0.112781687440,-0.000072669935
11.900000,2,-0.000000058,-0.006768272,-0.000004255,0.001549416582,-0.045611572709,0.466289632642,0.511942748214,0.000041542864
11.900000,3,-0.000000572,-0.006772787,-0.000001792,0.001549404497,-0.045639922960,0.465479171887,0.511130248703,0.000011153857
11.950000,0,-0.000000046,-0.003611030,-0.000008095,0.000765162230,-0.013678333192,0.099154211937,0.112790971232,-0.000041573897
11.950000,1,-0.000000179,-0.003614690,-0.000008237,0.000765128042,-0.013712337784,0.099141368498,0.112781761345,-0.000071944937
11.950000,2,0.000000039,-0.006771672,0.000000159,0.001549399610,-0.045614218192,0.466289632642,0.511943008149,0.000039157316
11.950000,3,-0.000001388,-0.006772223,-0.000002298,0.001549467316,-0.045639474777,0.465479171887,0.511130485398,0.000011838735
12.000000,0,-0.000000066,-0.003612711,-0.000008544,0.000765135477,-0.013677253262,0.099154211937,0.112791098904,-0.000040366295
12.000000,1,-0.000000442,-0.003615135,-0.000008916,0.000765086171,-0.013711548136,0.099141368498,0.112781829656,-0.000071086978
12.000000,2,0.000000075,-0.006773518,-0.000003598,0.001549489887,-0.045614258199,0.466289632642,0.511943278563,0.000039387722
12.000000,3,-0.000001239,-0.006772005,-0.000003384,0.001549469354,-0.045638880878,0.465479171887,0.511130707808,0.000012655044
